#{"t_start": 1780048649.8903503, "env_id": "None"}
r,l,t,is_success,episode_cost,episode_base_reward,episode_shaped_reward,episode_collision,episode_crash_vehicle,episode_crash_object,episode_out_of_road,episode_route_completion,episode_length,episode_mean_speed,episode_mean_lane_deviation,episode_max_lane_deviation,episode_steering_variation,episode_accel_variation,episode_jerk,episode_ttc_risk,episode_min_ttc,curriculum_stage
-261.05026,1200,9.573123,0.0,0.0,8.493676466004153,-261.0502599115076,0.0,0.0,0.0,0.0,0.04835514277115774,1200,0.7234420953897658,0.28876906768322125,0.6255344090003009,0.8620451524419089,0.8065433322514097,0.6206287614256144,0.0,77.37801248794618,3.0
-770.834482,1200,16.089128,0.0,0.0,9.028595288938055,-770.8344817027191,0.0,0.0,0.0,0.0,0.05110425033673155,1200,0.8537729737748789,0.8061671755330799,2.0,0.7975570301090678,0.77435761179775,0.612123085881273,0.007362812305417332,2.416952335246797,3.0
-307.691119,1200,23.984775,0.0,0.0,16.772014192252296,-307.691119418185,0.0,0.0,0.0,0.0,0.056404684827456704,1200,0.9650514472663885,0.35703968416391135,0.9999641856151852,0.7988240949312846,0.7933933570422232,0.6357554985707005,0.0,nan,3.0
-1287.689333,1200,32.664737,0.0,0.0,7.5228214633742825,-1287.6893327932598,0.0,0.0,0.0,0.0,0.037083258756624306,1200,1.0679124597678697,1.1314625027794327,2.0,0.8043387994046013,0.7830149947479367,0.6103857782234748,0.0,nan,3.0
-1340.882783,1177,41.680506,0.0,1.0,1.5819566237229914,-1340.8827834076105,0.0,0.0,0.0,1.0,0.050802852167191055,1177,1.1908708993339037,1.0703171207007236,2.0,0.8097300886974916,0.7949774677508346,0.6104808316052517,0.0,nan,3.0
-960.54102,643,46.729321,0.0,1.0,-2.8342227117879526,-960.5410199388633,0.0,0.0,0.0,1.0,0.05707061704161677,643,1.7136425818178591,1.3025747936426033,2.0,0.7761997215299177,0.6667141290975396,0.5428645576511164,0.0,nan,3.0
-1300.088009,1200,55.55614,0.0,0.0,14.777145030137538,-1300.0880091730876,0.0,0.0,0.0,0.0,0.08500562664343732,1200,1.4243856403720732,1.1504000935404686,2.0,0.8006653826621671,0.7475681086505452,0.5755066950867573,0.0,28.556684323698374,3.0
-1787.234975,1135,64.525921,0.0,1.0,-1.9767788344429977,-1787.2349748547172,0.0,0.0,0.0,1.0,0.08181786787578392,1135,1.4329928797545755,1.4701122274693785,2.0,0.7994644347397767,0.7308308457881869,0.5869280731625494,0.0,33.02600935169831,3.0
-257.272538,605,70.559327,0.0,1.0,4.633093708877585,-257.272537695891,0.0,0.0,0.0,1.0,0.05081744387822725,605,1.4957305676138746,0.3304666688992185,1.0264472328434089,0.8122444794136138,0.7557828191390707,0.6005229914483945,0.0,nan,3.0
-314.571516,684,78.971563,0.0,1.0,0.5859859563950156,-314.5715159233452,0.0,0.0,0.0,1.0,0.03246740316808253,684,1.5390373857146855,0.45557540265747704,1.0453533411313092,0.8246907772910264,0.7456267390247674,0.5758668116310186,0.0,nan,3.0
-226.012273,400,82.220097,0.0,1.0,-4.262929083180302,-226.01227333455333,0.0,0.0,0.0,1.0,0.03135997015228402,400,1.0983632908902288,0.27974245481687965,1.0332440488481307,0.7931148756481707,0.8162637985497713,0.622851086705923,0.0,nan,3.0
-235.732919,382,84.70502,0.0,1.0,-3.5844832175775068,-235.73291896727778,0.0,0.0,0.0,1.0,0.03776501130057594,382,1.5568633967899181,0.4786353252708278,1.0305527107908838,0.7946487011007614,0.7087118074063855,0.5503278708582773,0.0,nan,3.0
-206.195004,277,87.242899,0.0,1.0,-5.762686083966655,-206.19500425596618,0.0,0.0,0.0,1.0,0.02366308614755746,277,1.277643883408859,0.41188135723101277,1.0341417942342441,0.7817703812830284,0.73675300740378,0.5246593930661033,0.0,51.55052592605177,3.0
-321.306386,676,92.726375,0.0,1.0,-2.5421295540741085,-321.3063861537388,0.0,0.0,0.0,1.0,0.051953321741774014,676,1.1029759692218317,0.4490714008953168,1.029310646735845,0.8016570943611614,0.7692673096995382,0.6165846690271027,0.0,nan,3.0
-330.38054,634,98.407327,0.0,1.0,-4.212947038094773,-330.3805401604377,0.0,0.0,0.0,1.0,0.03371671074112827,634,1.0284746671311136,0.4789447078000781,1.0284286361738417,0.8071835905501519,0.7828773741231356,0.5893402714928618,0.0,nan,3.0
-339.918484,702,103.77936,0.0,1.0,-3.4094436938002026,-339.918484372287,0.0,0.0,0.0,1.0,0.028240101362366713,702,0.890762870377595,0.4455221503479267,1.0280302213482815,0.8332658857743964,0.8182676174489522,0.6377585817266394,0.0,nan,3.0
-290.176469,1200,113.471879,0.0,0.0,15.21329960993971,-290.1764694019931,0.0,0.0,0.0,0.0,0.07188849746417783,1200,0.9070974907425449,0.3343767124735303,0.8070408818964068,0.8036515836805727,0.808192215487361,0.6073025813202063,0.0,nan,3.0
-260.147347,1200,122.103995,0.0,0.0,19.88373445448794,-260.14734704556207,0.0,0.0,0.0,0.0,0.043511758182782835,1200,0.9718146412252128,0.21223162816242636,0.9981795912114494,0.8122887803272655,0.7661260536809762,0.6025939435015122,0.0,45.491600005345916,3.0
-379.41713,1200,129.878349,0.0,0.0,15.382670708985609,-379.41712964630096,0.0,0.0,0.0,0.0,0.06527856726558161,1200,1.0622050901364617,0.5161002164158426,0.9987324801533773,0.7547268605232239,0.8017286227022609,0.6642928397407134,0.0,41.396283523022014,3.0
-308.434532,1200,138.084936,0.0,0.0,23.244264256709666,-308.4345318546293,0.0,0.0,0.0,0.0,0.0779558765126297,1200,1.2919824380801719,0.38343703093459086,0.9941856192756628,0.807339917862167,0.7539239100491008,0.585532841111223,0.0,nan,3.0
-236.207928,1200,146.694936,0.0,0.0,25.211789893920578,-236.2079281681975,0.0,0.0,0.0,0.0,0.07145580676440846,1200,1.3304923548993282,0.2812658254700032,0.9826846241407516,0.8385574071233471,0.7450059521694978,0.5844547483573357,0.0,nan,3.0
-1831.434625,1200,155.529574,0.0,0.0,6.211516224778484,-1831.4346247494423,0.0,0.0,0.0,0.0,0.08052992338603203,1200,1.3424060350613685,1.5451769617029008,2.0,0.79282669714652,0.7467071401203672,0.6021937928100427,0.0,nan,3.0
-194.849156,1200,163.729117,0.0,0.0,24.60011552742726,-194.8491557455217,0.0,0.0,0.0,0.0,0.051016984472921675,1200,1.177395073107155,0.19313048542112046,0.6255472141105863,0.8276814936908583,0.7899718867863218,0.6063722184548775,0.0,22.79542193459945,3.0
-308.058973,691,168.394899,0.0,1.0,0.6208175085408669,-308.0589728333845,0.0,0.0,0.0,1.0,0.05918441772442572,691,1.2435029780196467,0.37166864065316657,1.0239493518677194,0.8244606425767352,0.768058658832234,0.5725006490902687,0.0,nan,3.0
-366.4401,1200,177.476439,0.0,0.0,14.518677540545154,-366.4401001382915,0.0,0.0,0.0,0.0,0.06176271064679128,1200,1.0852467078784658,0.49634544942948217,0.9972500249147472,0.8298508205916733,0.8021627982954184,0.628835669606924,0.0,6.926653723648061,3.0
-282.64328,1200,185.285353,0.0,0.0,18.1548457046979,-282.64327984617535,0.0,0.0,0.0,0.0,0.04974920476747454,1200,1.0459038128158427,0.35516894337941535,0.9990788692171868,0.8026046866628652,0.7995638507356246,0.6223618354896704,0.0,nan,3.0
-320.367623,659,191.317029,0.0,1.0,-2.1311316941708798,-320.3676226198477,0.0,0.0,0.0,1.0,0.03450725060034144,659,1.0123914978184185,0.4161732905035346,1.0354989590690458,0.8067798697374117,0.8019058635636418,0.6138952166429963,0.0,71.43399395639136,3.0
-343.373493,1200,199.287943,0.0,0.0,19.776734123900958,-343.373493298044,0.0,0.0,0.0,0.0,0.08179709696666314,1200,1.2928192361702515,0.4863135790688459,0.9995738978671466,0.8459491588703046,0.7853299713631471,0.5835122836381197,0.0,36.97471710028552,3.0
-337.294243,1200,207.59654,0.0,0.0,17.684791072248284,-337.2942430978944,0.0,0.0,0.0,0.0,0.05059010290575692,1200,1.16631772740419,0.44048850054176625,0.9609873673799938,0.8427485566648344,0.7574910336111983,0.6026836538563172,0.0,nan,3.0
-174.058158,1200,217.333646,0.0,0.0,39.524441332094376,-174.0581579834593,0.0,0.0,0.0,0.0,0.0853175064092523,1200,1.6236681775012958,0.21026247785149538,0.8791864629768033,0.8255617818888277,0.6870921848590176,0.537246123974522,0.0,38.27108021410208,3.0
-335.071082,750,223.068583,0.0,1.0,10.386467726756806,-335.0710818270873,0.0,0.0,0.0,1.0,0.06287034852193578,750,2.0727394159946018,0.5037074383123529,1.0279290545487612,0.8208513550460339,0.6530905536413193,0.5352353282769521,0.0,14.27791778614007,3.0
-325.454823,1200,231.773198,0.0,0.0,34.13996125610863,-325.4548228084949,0.0,0.0,0.0,0.0,0.10400669685882902,1200,2.060890318085504,0.499802806021001,1.3178774881577007,0.7725482010298098,0.6663953389227391,0.5488180386771758,0.0,nan,3.0
-198.63374,1200,240.726824,0.0,0.0,42.66255559797347,-198.63373990134568,0.0,0.0,0.0,0.0,0.1335897148762278,1200,2.0646313432350905,0.33543696170227333,0.9899857174901538,0.7699766667575265,0.6614806924760341,0.5169610437254111,0.0,29.782415621562254,3.0
-197.354593,1200,249.616965,0.0,0.0,50.060523188604165,-197.35459312690352,0.0,0.0,0.0,0.0,0.13394165438943365,1200,2.3660196824342568,0.3301124187464343,0.9973019501375946,0.7974965129823735,0.6244851421068112,0.5178384539484978,0.0,nan,3.0
-158.861538,1200,259.178379,0.0,0.0,46.08884243627502,-158.8615380544742,0.0,0.0,0.0,0.0,0.0969162709339917,1200,2.222952367419022,0.2861140322242439,0.7041739482435512,0.7855792045344909,0.6476650606840849,0.510601051102082,0.0,nan,3.0
-284.608783,763,265.774896,0.0,1.0,27.486110098068174,-284.6087830240289,0.0,0.0,0.0,1.0,0.08247093788867922,763,2.4592663903895873,0.23132773385452812,1.0360491954441673,0.7549447275375945,0.6120517094122785,0.5163088215131747,0.02134557791898971,1.2519460455599287,3.0
-240.604056,800,273.138618,0.0,1.0,40.10699775769242,-240.6040564727312,0.0,0.0,0.0,1.0,0.10225961024341701,800,2.9690756753386993,0.18887423503199943,1.37234255287884,0.7720350679382681,0.5762405190244317,0.4995764934271574,0.010903337937982947,1.356466453192127,3.0
-235.532532,1200,283.083658,0.0,0.0,58.75023054032032,-235.53253155825183,0.0,0.0,0.0,0.0,0.19590311403793517,1200,2.9956543641727444,0.39263143969092035,1.7250358897787128,0.7682327285067488,0.5773553067197402,0.4745825055241585,0.0,nan,3.0
-126.664843,1200,291.154809,0.0,0.0,71.94955705250999,-126.66484311543576,0.0,0.0,0.0,0.0,0.19371476214446004,1200,3.1139192465335,0.30719014397302546,0.9922573088285848,0.7914365610045692,0.564290031294028,0.46249377717574436,0.0,nan,3.0
-190.723661,458,295.729623,0.0,1.0,14.924132826088652,-190.72366075327014,0.0,0.0,0.0,1.0,0.06111055623843154,458,3.431868063698225,0.31632093529617106,1.119125176064122,0.8064126291324478,0.5547894610327925,0.44233679185788183,0.0,nan,3.0
-149.695213,87,297.318145,0.0,1.0,-4.4537689223440164,-149.69521306486996,0.0,0.0,0.0,1.0,0.02576380153033748,87,4.642366719582787,0.397726905039488,1.0347069750724336,0.7249396522154753,0.4526937713568238,0.3428388833999634,0.0,nan,3.0
-152.303707,120,298.13152,0.0,1.0,-4.56981553378251,-152.30370708989474,0.0,0.0,0.0,1.0,0.032587148728237675,120,4.062877698224491,0.40146822650449143,1.0604112086339557,0.7745946707824866,0.4700581173102061,0.3627582222223282,0.0,nan,3.0
-143.682987,63,299.079215,0.0,1.0,-8.363146948382257,-143.68298689802492,0.0,0.0,0.0,1.0,0.02009745941892834,63,4.968485212034703,0.3740158266103853,1.0771609599689096,0.6717602461576462,0.39919621036166236,0.3550217378707159,0.0,nan,3.0
-150.700371,107,301.922368,0.0,1.0,-3.1107041868693264,-150.7003711081553,0.0,0.0,0.0,1.0,0.03997688926717728,107,6.4878958470720525,0.48409963644744836,1.083950591104147,0.7453313701063673,0.35506672363414943,0.3021267513248408,0.0,nan,3.0
-156.750904,118,304.016011,0.0,1.0,-4.823035076771109,-156.75090425351607,0.0,0.0,0.0,1.0,0.03570074353168958,118,4.580219001219873,0.5012070131553514,1.0294768166784973,0.7335931359458778,0.4846204600091708,0.43553621890181204,0.0,nan,3.0
-157.75576,76,305.621311,0.0,1.0,-9.012201497158784,-157.75576030961616,0.0,0.0,0.0,1.0,0.011721775384689244,76,2.548544663051494,0.5902734992965609,1.0317752154865705,0.9070512758273828,0.4515991422690843,0.4402021381415819,0.0,nan,3.0
-139.975493,59,306.690633,0.0,1.0,-4.914886880488074,-139.97549267711832,0.0,0.0,0.0,1.0,0.028140889004531974,59,7.018834961859612,0.32446326100582396,1.0234060941027316,0.6725081372058997,0.4524264012352895,0.3476225683244608,0.0,nan,3.0
-153.851329,86,307.584585,0.0,1.0,-7.337865151868523,-153.85132911100496,0.0,0.0,0.0,1.0,0.02230735488208178,86,4.837068429642103,0.5266410299920011,1.0367057730454652,0.7709312253566676,0.4990277990352276,0.3417149595049925,0.0,nan,3.0
-176.636196,162,309.310317,0.0,1.0,-4.152773320646506,-176.63619647226562,0.0,0.0,0.0,1.0,0.05076078102532116,162,5.1427325674274,0.6192974163507248,1.0434523653000982,0.7113145214539988,0.43367057229265754,0.4323807642047788,0.0,nan,3.0
-277.96255,679,316.616627,0.0,1.0,25.493681760844886,-277.9625496618001,0.0,0.0,0.0,1.0,0.16298322082349523,679,4.553232745676251,0.5494600016483109,1.0227696358114822,0.7596789176228822,0.49104361220733406,0.4045852507863726,0.0,nan,3.0
-174.666064,225,321.185936,0.0,1.0,4.783295642791707,-174.6660636241691,0.0,0.0,0.0,1.0,0.06792466556521519,225,5.186494092085634,0.4724358394432507,1.0211042231037415,0.797278656065464,0.47220291985405816,0.38431690798865425,0.0,nan,3.0
-154.087938,117,322.729495,0.0,1.0,-3.3819124998336063,-154.08793778828522,0.0,0.0,0.0,1.0,0.03265409371487685,117,4.420343550198137,0.4546367395132711,1.059194338097349,0.7891234158196001,0.4770289858182271,0.38567568501855576,0.0,nan,3.0
-278.182941,821,328.860383,0.0,1.0,39.52386428555866,-278.1829411771695,0.0,0.0,0.0,1.0,0.16528837295831905,821,4.468389318135618,0.5039227651917446,1.029146923787692,0.8000579343498406,0.5110534465124198,0.4242880443852944,0.0,nan,3.0
-218.740937,475,333.853891,0.0,1.0,25.212259828659164,-218.74093660547163,0.0,0.0,0.0,1.0,0.1056613276506419,475,5.392695389663381,0.5217970197823949,1.0369752607425058,0.7513126112755977,0.509040153904965,0.45532818467993486,0.0,nan,3.0
-169.629867,378,337.033508,0.0,1.0,23.181966650038078,-169.62986726560942,0.0,0.0,0.0,1.0,0.10716850657669322,378,5.3432142146041794,0.3719355735858789,1.0559891791040792,0.8004283150115972,0.47839084630290035,0.3990302659847118,0.0,nan,3.0
-697.351627,1200,345.12943,0.0,0.0,38.1866088829294,-697.3516270874312,0.0,0.0,0.0,0.0,0.19040551166522615,1200,2.6909710322295766,0.8646502820686511,2.0,0.7116166280768812,0.4715636060635249,0.4056798185904821,0.0,nan,3.0
-103.456606,1200,353.932638,0.0,0.0,121.59110311549031,-103.45660584311578,0.0,0.0,0.0,0.0,0.27966213037998205,1200,5.6719252908273345,0.3788448447251094,1.374633337697403,0.7838320893359682,0.4547068539758523,0.366927942832311,0.0,19.561075273448264,3.0
-121.589906,1200,363.419793,0.0,0.0,117.12667735661601,-121.58990641388309,0.0,0.0,0.0,0.0,0.44239914461500934,1200,6.2240209971955895,0.41429190196737614,1.3850623219870082,0.7320672299806028,0.45299448442955814,0.3890511592229207,0.0,nan,3.0
-107.144205,1200,372.007865,0.0,0.0,112.81969390795152,-107.14420476469485,0.0,0.0,0.0,0.0,0.27770761404055094,1200,5.088183240019034,0.35999435431433097,0.9961267593368679,0.759105207612738,0.5079097487777472,0.40300620198249815,0.0,70.59904319037535,3.0
-87.819191,1200,381.638061,0.0,0.0,138.96699914648218,-87.81919140250646,0.0,0.0,0.0,0.0,0.2961194163436619,1200,6.791718858182332,0.3804172614797292,1.37345301027494,0.745817111263362,0.4390684945633014,0.38099833101034164,0.0,19.42579431795911,3.0
-36.572911,1200,390.173192,0.0,0.0,166.7403512961772,-36.572910937937934,0.0,0.0,0.0,0.0,0.539108513898337,1200,7.655865548565768,0.3352091311333516,1.0705417696113082,0.6935694594494999,0.4452733048796654,0.3813694204390049,0.0008343680057160633,1.96580285139315,3.0
1.066565,1200,398.789624,0.0,0.0,231.44581304815338,1.0665654554407777,0.0,0.0,0.0,0.0,0.5504937207472814,1200,9.889249351080563,0.3218156822690957,1.7793688245466257,0.7024517217123261,0.36970388690630596,0.31902673314015073,0.0,nan,3.0
-4.922108,1200,407.206095,0.0,0.0,235.31373092830353,-4.922108147663468,0.0,0.0,0.0,0.0,0.7439067624825997,1200,10.971964102196225,0.3662119746886949,1.0567825986537245,0.6999665632564575,0.3560371000568072,0.3103377569715182,0.0,7.120041701270924,3.0
-149.010517,101,408.849165,0.0,1.0,-0.31362787476054876,-149.01051658801336,0.0,0.0,0.0,1.0,0.05265797739747478,101,8.443063838422052,0.48399074114852475,1.0308077513950609,0.6927330561793676,0.398682697574691,0.3159758702363118,0.0,16.783721500060153,3.0
-140.47267,43,410.116686,0.0,1.0,-6.8161292934475,-140.47267022405887,0.0,0.0,0.0,1.0,0.022116723059722225,43,8.619870451912872,0.46260192110419496,1.1095615483083234,0.7634311346120612,0.2669993528099947,0.22049497726351716,0.0,34.18059521865946,3.0
-131.382319,267,412.502245,0.0,1.0,45.753900510658084,-131.38231868273925,0.0,0.0,0.0,1.0,0.16513857131030477,267,11.417777101015997,0.2938530006000453,1.578065646603769,0.6492968174290568,0.35479789994629135,0.30316853612549743,0.0,nan,3.0
-138.314074,82,413.200731,0.0,1.0,-0.04813027161548078,-138.3140737185255,0.0,0.0,0.0,1.0,0.04188201527731087,82,10.340492974526567,0.342454719429733,1.044252769206418,0.6896858542430692,0.21688232625403056,0.21584268023328082,0.0,nan,3.0
-210.215655,428,416.778562,0.0,1.0,52.211934260794095,-210.2156550924549,0.0,0.0,0.0,1.0,0.13999159237757217,428,9.158596931123961,0.3881223280938801,1.097277791550242,0.7101557372207535,0.38069847281848157,0.3276096090813663,0.0315632823042596,1.6262674736249243,3.0
-162.78722,211,419.551025,0.0,1.0,10.508656440489496,-162.78721988260602,0.0,0.0,0.0,1.0,0.0783019178152758,211,8.554553742135674,0.5222390943141246,1.0495315476596077,0.758843773066715,0.35859336559241417,0.30472566392184436,0.0,nan,3.0
-78.664098,866,426.547428,0.0,1.0,212.36237143473076,-78.66409810387506,0.0,0.0,0.0,1.0,0.4483776642119236,866,13.009772108855124,0.27790665032716416,1.0455471360845738,0.65725816120813,0.33147452802636057,0.28549394183566335,1.3635973786990563e-05,5.929147480202797,3.0
-96.940434,620,432.764649,0.0,1.0,138.84811119886504,-96.9404335523742,0.0,0.0,0.0,1.0,0.49299023685306764,620,12.507281710598274,0.2986090576446965,1.0637624266838666,0.6740852147460945,0.33290797808477957,0.29285059013674336,0.0,nan,3.0
76.693232,1200,440.669889,0.0,0.0,250.79873156896602,76.69323197014086,0.0,0.0,0.0,0.0,0.5618228334347948,1200,9.501666699063161,0.21008085001135438,0.9844546484776258,0.6789675323261569,0.38308497409025827,0.3334879848857721,0.0,nan,3.0
-125.778203,427,444.44549,0.0,1.0,76.55923418770158,-125.77820297650936,1.0,1.0,0.0,0.0,0.2296682055057752,427,10.823822104119783,0.30593368011387734,0.9708534712952764,0.6935639240074493,0.36834833326049377,0.32349943500491996,0.0006385020970146325,5.483492222367692,3.0
34.286957,1200,453.427568,0.0,0.0,248.92731011283635,34.28695737556004,0.0,0.0,0.0,0.0,0.5968236173085776,1200,11.24912640821734,0.2988017308766673,0.889787203965342,0.6378290923653791,0.39105541596810023,0.3238102359573046,0.0008772386024211319,4.223313422995315,3.0
157.028041,1151,460.929466,1.0,0.0,342.52920308311866,157.0280410312525,0.0,0.0,0.0,0.0,0.989587955725954,1151,14.534611498858249,0.30184130004755144,0.9997476153390504,0.6273901279041499,0.3167891817233751,0.2860595717003406,0.0,12.951064282596779,3.0
-83.957186,632,466.564024,0.0,1.0,170.79016271031097,-83.95718628366396,1.0,1.0,0.0,0.0,0.5300486419015176,632,14.254722730280138,0.31074999382193097,0.9932336392296802,0.6622952690312662,0.32197041432314283,0.28773828680756725,0.0,24.934583814540844,3.0
-105.666618,1117,475.637869,0.0,1.0,226.94119625764293,-105.66661787153863,0.0,0.0,0.0,1.0,0.5742284060660672,1117,12.066947983606898,0.3118483756939294,1.4168965462232477,0.6186256171433436,0.332306530450003,0.30138092704831004,0.0,13.358633151826433,3.0
-7.155384,1200,487.53476,0.0,0.0,236.05311088854057,-7.15538375421104,0.0,0.0,0.0,0.0,0.7823617560650321,1200,11.64579226651153,0.3885682055719188,0.984568548823482,0.6573482581041753,0.340310374101003,0.2878800159692764,0.0,15.557288281198419,3.0
50.373758,1200,497.801894,0.0,0.0,280.116499711801,50.373757520392026,0.0,0.0,0.0,0.0,0.5540178361899751,1200,11.724387217662796,0.30202178496655674,0.9923605488983374,0.6442489105525117,0.34110170329610506,0.28794814681013425,0.0,10.322709124874809,3.0
108.80013,1200,507.692561,0.0,0.0,335.5017315348959,108.80012965452362,0.0,0.0,0.0,0.0,0.5781505394020655,1200,13.27834378448641,0.23633400814689812,1.0953198916589462,0.6477523995128771,0.31384523540735243,0.29014510810375216,0.0008154594997624384,3.550183690219523,3.0
-135.105976,494,512.851365,0.0,1.0,110.16238280565011,-135.1059763176883,0.0,0.0,0.0,1.0,0.34200687856243417,494,14.71589288556922,0.406191304678518,1.4000727701335884,0.6372599044309454,0.24827956948203114,0.2192421332303329,0.0,nan,3.0
-133.241929,854,519.74022,0.0,1.0,177.13678082392136,-133.24192861551646,0.0,0.0,0.0,1.0,0.5242838334071246,854,14.177712743859592,0.3715064695314537,1.5161424588600434,0.6445467389631466,0.2816614391373806,0.25814836114575207,0.0,nan,3.0
43.887404,1200,530.093104,0.0,0.0,309.30940418883387,43.88740445315132,0.0,0.0,0.0,0.0,0.8498654109792022,1200,14.888449947378527,0.3616249922358664,1.2106446774463522,0.6260991347891589,0.2949705339471499,0.25602476328611373,0.0,6.3879163965102705,3.0
81.642311,1200,543.611458,0.0,0.0,333.535910230132,81.64231115326174,0.0,0.0,0.0,0.0,0.6185972730373274,1200,13.834543013020411,0.2775818116461263,0.9952879238677466,0.6243771280503522,0.31889545142650605,0.2705655384063721,0.001943174453961372,3.257795772542532,3.0
75.132937,1200,554.153825,0.0,0.0,309.27819018236744,75.13293682817626,0.0,0.0,0.0,0.0,0.6824023573887842,1200,12.899706315617486,0.2980603169289397,0.9792828238313274,0.6312993955627705,0.35557425876458487,0.31589862088362375,0.0002613620423687846,5.224609979575212,3.0
177.415491,1200,565.772867,0.0,0.0,421.93071561982566,177.4154911829844,0.0,0.0,0.0,0.0,0.8891151614327991,1200,15.882317121700737,0.21404898181798496,0.8299883430478306,0.6250855209864676,0.30496564239263535,0.27140337467193604,0.0,10.852983153745182,3.0
129.885283,1200,576.938409,0.0,0.0,353.53454987083006,129.88528295902952,0.0,0.0,0.0,0.0,0.8909418362134026,1200,14.105984500498007,0.25219385276497236,0.7079740533387537,0.6212568142109861,0.33546943654616673,0.2970617401103179,7.567849223866057e-05,5.587230479305317,3.0
165.139318,1200,588.278732,0.0,0.0,405.0908703587402,165.13931752770745,0.0,0.0,0.0,0.0,0.884089485263739,1200,15.75964287247065,0.22783003447430422,0.8459614108540744,0.5903787440123658,0.33433047448595365,0.2948294236262639,0.0,8.007219043033905,3.0
89.115299,1200,599.472245,0.0,0.0,324.24275954176795,89.11529855505529,0.0,0.0,0.0,0.0,0.8042433625134708,1200,13.46083964237425,0.2937852222582921,0.9993383875820515,0.5981746559776365,0.37735365718603137,0.30561727901299796,0.0,8.161324279746266,3.0
115.041487,1200,609.431233,0.0,0.0,332.63726322946474,115.04148659213749,0.0,0.0,0.0,0.0,0.8605544320203008,1200,12.893871511696164,0.251854163134445,0.8694853651030771,0.610102859735489,0.36683079741895197,0.3113387071589629,0.00013346937361398965,5.479781429621442,3.0
53.812847,1200,619.079517,0.0,0.0,333.7756682067681,53.81284701790201,0.0,0.0,0.0,0.0,0.929708912705574,1200,15.170478253042686,0.3451232353160519,0.9966073807382176,0.5915915784053505,0.36709204566975434,0.33533203129967054,0.0031898397459297475,2.1838597314743837,3.0
-86.847853,722,625.541019,0.0,1.0,203.87362427776733,-86.84785284797269,0.0,0.0,0.0,1.0,0.5406123343198596,722,17.07396666187325,0.3426895706407107,1.073601635330883,0.5764720012276456,0.345607805450207,0.2888665613705432,0.0,7.849120988340618,3.0
161.000263,995,635.157249,1.0,0.0,325.3341285270214,161.00026274600157,0.0,0.0,0.0,0.0,0.9874064685599051,995,15.002198627801354,0.2747868978661928,1.020082675407924,0.6100597805563529,0.33503425360924033,0.2970779482443728,0.002222580137728299,3.270315500565502,3.0
107.715377,1200,646.001745,0.0,0.0,370.7195646355976,107.71537691270687,0.0,0.0,0.0,0.0,0.7852445817273401,1200,16.81205143926417,0.31551595535383503,0.9804364203534178,0.6022829634944598,0.3142943118015925,0.27303528373440106,0.0,6.4441366366701835,3.0
166.085181,961,654.570007,1.0,0.0,347.99944815897254,166.08518124140107,0.0,0.0,0.0,0.0,0.9890503393524713,961,16.408175337694342,0.2754806984908432,0.9648627549477702,0.6171228406751194,0.3118658127819462,0.2997948756203071,0.004561580248416154,2.877997207044097,3.0
119.474992,1200,665.491141,0.0,0.0,400.01469235452856,119.47499187249541,0.0,0.0,0.0,0.0,0.8087539382927428,1200,17.31627634644022,0.2992906158561379,1.320162562848632,0.5964596179034561,0.32500337650378547,0.2973722791671753,0.0,9.89277268496764,3.0
-83.826807,709,672.468049,0.0,1.0,192.48361759422465,-83.8268073238091,0.0,0.0,0.0,1.0,0.6585503934296674,709,15.693883903692203,0.3283396720586245,1.0564439027933947,0.5681091467777664,0.35525784917879843,0.3090214915941397,0.00010371588025736302,5.558792645385178,3.0
-100.658974,881,680.844252,0.0,1.0,243.08846318712486,-100.65897362296805,1.0,1.0,0.0,0.0,0.7247704668588265,881,15.040085808684708,0.328118819567359,0.9977671186245423,0.5825144534636707,0.31078708953267464,0.28327178302200917,0.00818137917136445,3.428266007163193,3.0
-140.538912,806,690.153796,0.0,1.0,184.88029421171973,-140.53891219132075,0.0,0.0,0.0,1.0,0.6892286773197308,806,16.330788670280423,0.37598408472591666,2.0,0.5446096431769005,0.30627499605822506,0.2726045360340374,0.002786333841317054,2.574368520567391,3.0
190.533059,1200,702.183566,0.0,0.0,450.6430968377443,190.53305942981,0.0,0.0,0.0,0.0,0.735861708080232,1200,16.908401713045823,0.2130522481606549,0.7168508404589341,0.571185789120694,0.3169746628900369,0.2824424291650454,0.0,42.78199249115596,3.0
-79.589384,538,707.699415,0.0,1.0,158.99337113319902,-79.58938361405694,1.0,1.0,0.0,0.0,0.29595294572697484,538,14.6950692835109,0.2329891613869546,0.999336407900153,0.5451462110123669,0.3454936753861523,0.314462839670784,0.003231327660719701,1.3042963078159875,3.0
-122.427995,937,715.98999,0.0,1.0,285.6284429102265,-122.42799467010565,0.0,0.0,0.0,1.0,0.6426540061223225,937,16.158331447757458,0.2953367273702921,1.0778034568785086,0.5602869488927064,0.3447673813128802,0.3421754235264586,0.019343594861836535,1.1100330070317448,3.0
157.102965,852,722.837246,1.0,0.0,301.6611647464682,157.10296522106998,0.0,0.0,0.0,0.0,0.9866654496679323,852,17.14486127764413,0.31526230934342075,0.9981635033243167,0.5509191622756456,0.32023513981713936,0.30809028411695094,0.0,16.658204666795914,3.0
-29.968141,1083,732.274878,0.0,1.0,311.2175429412237,-29.968141452808027,0.0,0.0,0.0,1.0,0.9655022015250415,1083,16.058204977209634,0.29586044638935616,1.0557833146750084,0.5417869247509888,0.3445041747359578,0.3108328772383714,6.384939835257044e-05,5.637720257934662,3.0
184.18619,1170,741.556604,1.0,0.0,388.812095046231,184.18619042432897,0.0,0.0,0.0,0.0,0.990252113057813,1170,16.820274331905658,0.2614115627180346,1.0171778326826162,0.5613654295730794,0.35318239336339835,0.33847067356109617,0.0022067034817723603,2.9191798391563566,3.0
238.362099,1166,751.263031,1.0,0.0,445.88759126454175,238.3620985567373,0.0,0.0,0.0,0.0,0.9907578431763066,1166,16.567661804828436,0.22294530580159708,0.8061786755806718,0.5860271440278962,0.3359125051551577,0.307009684538555,0.0008327252203205049,4.5140959287725675,3.0
178.15312,1200,764.488049,0.0,0.0,444.3292367184666,178.15312024901877,0.0,0.0,0.0,0.0,0.8539072847045251,1200,17.11333607305132,0.22943480198779828,1.0345778082215529,0.5808859747337798,0.3152398619800806,0.29365923499067625,0.0,10.930789543631008,3.0
204.099758,992,771.84633,1.0,0.0,396.2051364343068,204.09975844770312,0.0,0.0,0.0,0.0,0.9907528018188146,992,18.376391979005092,0.28736374170334456,0.9879947279251816,0.5782270978895887,0.3542034914717078,0.3130810583430913,0.0,7.644530474573289,3.0
234.126324,961,780.104372,1.0,0.0,420.5423146710398,234.12632396312787,0.0,0.0,0.0,0.0,0.9894287965460002,961,18.469477370651685,0.21710496870638646,0.8335801420752001,0.5897657474605648,0.36612656728037934,0.32872769462950646,0.0020734964486030395,2.633940490979972,3.0
116.694986,1200,789.518744,0.0,0.0,386.3340635554339,116.69498572670643,0.0,0.0,0.0,0.0,0.7998324602847013,1200,16.74624622206174,0.2980926022731039,1.0010010370837517,0.6120254481428613,0.35131961199144524,0.3170408723254999,0.0002388381942843842,4.517615263839853,3.0
162.568649,1200,802.198822,0.0,0.0,434.90486835559267,162.5686493053022,0.0,0.0,0.0,0.0,0.8528374050043095,1200,17.038669678479376,0.25968069541360894,0.9996536213343019,0.6349408568814396,0.34241969036559267,0.3295027788976828,0.0,7.146822749902208,3.0
-65.793138,747,808.832827,0.0,1.0,224.04136929471073,-65.79313790831407,0.0,0.0,0.0,1.0,0.44778346998841084,747,15.169501872626343,0.26601089219342816,1.3253910217286862,0.5760728160949197,0.3769468053916053,0.3032226883263952,0.0,nan,3.0
232.454612,1013,817.536179,1.0,0.0,414.7202290307364,232.45461205544987,0.0,0.0,0.0,0.0,0.9917990691227251,1013,17.43039835981492,0.22183336594381964,0.9766343094632566,0.63438162629043,0.31776916327622423,0.2919286041127965,0.0,9.309413188980436,3.0
177.812137,1200,826.330913,0.0,0.0,460.6185323464252,177.81213668324077,0.0,0.0,0.0,0.0,0.7992543028150693,1200,17.43619784563755,0.23515464200350877,0.9703417064698825,0.615741546281303,0.34759298066298167,0.3163904999693235,0.0008161103661425774,4.4504170501218985,3.0
-121.591236,108,828.541725,0.0,1.0,23.982519768973134,-121.59123613644788,0.0,0.0,0.0,1.0,0.10374865889154433,108,15.870031396692426,0.2360374469920565,1.039040864245984,0.49230388179421425,0.21369698478115928,0.18851802084181044,0.0,nan,3.0
-136.409705,16,830.694302,0.0,1.0,-9.317031168386585,-136.40970516407643,0.0,0.0,0.0,1.0,0.01079606387138557,16,6.589038956087359,0.3427353958343935,1.0424501721166253,0.06915189698338509,0.0625,0.125,0.0,nan,3.0
-136.548879,17,831.294536,0.0,1.0,-9.17183851623479,-136.54887940517705,0.0,0.0,0.0,1.0,0.013430828417792175,17,7.062725853796368,0.35857043858304494,1.1019140946737431,0.06218609038521262,0.058823529411764705,0.11764705882352941,0.0,nan,3.0
-137.341977,25,834.032786,0.0,1.0,-8.525883171795591,-137.34197724497437,0.0,0.0,0.0,1.0,0.016248213142696415,25,10.3528628132491,0.40257830949112106,1.0338149135461416,0.046989121437072755,0.04,0.08,0.0,nan,3.0
-137.987075,29,836.010237,0.0,1.0,-8.381840036746025,-137.98707466212244,0.0,0.0,0.0,1.0,0.013093323715465973,29,10.298062433589664,0.40684991907417795,1.0201964868542137,0.10114157610926135,0.034482758620689655,0.06896551724137931,0.0,nan,3.0
-137.547179,27,837.896177,0.0,1.0,-8.472303321202268,-137.54717942080387,0.0,0.0,0.0,1.0,0.01835876517232753,27,9.81194084527248,0.40235353168091403,1.0394717738082755,0.09091467327541775,0.037037037037037035,0.07407407407407407,0.0,nan,3.0
-138.177655,25,839.404647,0.0,1.0,-8.635576337307912,-138.17765515028262,0.0,0.0,0.0,1.0,0.009986904347060135,25,10.211142627368952,0.42826792401493896,1.2344277640192303,0.0716404938697815,0.04,0.08,0.0,nan,3.0
-138.295091,28,840.391534,0.0,1.0,-8.442311558549399,-138.2950912072841,0.0,0.0,0.0,1.0,0.01264802950327665,28,10.742588136210063,0.42357317398094424,1.1842850043618154,0.07514050602912903,0.03571428571428571,0.07142857142857142,0.0,nan,3.0
-138.222722,28,842.216981,0.0,1.0,-8.469747261144535,-138.22272156642387,0.0,0.0,0.0,1.0,0.017065328711741625,28,10.452785748882379,0.4271605988418651,1.2042854536585381,0.05212645445551191,0.03571428571428571,0.07142857142857142,0.0,nan,3.0
-155.033395,36,844.427888,0.0,1.0,-8.39234799230934,-155.03339538389878,0.0,0.0,0.0,1.0,0.018746052800093317,36,12.920052641659021,0.8088439935149783,2.0,0.18021184537145826,0.08333333333333333,0.1111111111111111,0.0,nan,3.0
-137.808179,26,845.706003,0.0,1.0,-8.499115479052001,-137.8081790950304,0.0,0.0,0.0,1.0,0.01204458466329621,26,9.925051973070223,0.40967858451820616,1.1034962032209292,0.1003795312001155,0.038461538461538464,0.07692307692307693,0.0,29.666838286175366,3.0
-137.829226,28,847.868733,0.0,1.0,-8.440437859476441,-137.82922646206808,0.0,0.0,0.0,1.0,0.015494872116154176,28,10.554557247376794,0.4082502102726262,1.062720391913148,0.051077106169291904,0.03571428571428571,0.07142857142857142,0.0,nan,3.0
-136.333297,16,848.552065,0.0,1.0,-9.236300316210569,-136.33329688822656,0.0,0.0,0.0,1.0,0.012358819902398455,16,7.319323613050569,0.3440436386982566,1.0497654465193071,0.0625,0.0625,0.125,0.0,nan,3.0
-138.176773,24,849.727131,0.0,1.0,-8.711233816406471,-138.17677259400634,0.0,0.0,0.0,1.0,0.010488960566116711,24,9.881629874485673,0.43396079047956776,1.2987933707101815,0.12142967184384663,0.041666666666666664,0.08333333333333333,0.0,37.84358244953,3.0
-162.734825,42,853.724457,0.0,1.0,-8.156365798004899,-162.73482501650477,0.0,0.0,0.0,1.0,0.014561612819332971,42,13.378918161866904,0.9116641453943104,2.0,0.07455012911841982,0.16666666666666666,0.14285714285714285,0.0,nan,3.0
-136.365138,16,854.864147,0.0,1.0,-9.313701050088532,-136.36513757162615,0.0,0.0,0.0,1.0,0.012232331832688355,16,6.611747513819254,0.3436096150424889,1.0453079658658742,0.0625,0.0625,0.125,0.0,nan,3.0
-136.424883,17,855.238035,0.0,1.0,-9.121599547663058,-136.4248831384891,0.0,0.0,0.0,1.0,0.019327808950270864,17,7.447634191722995,0.36754703543368245,1.1274125962601884,0.058823529411764705,0.058823529411764705,0.11764705882352941,0.0,nan,3.0
-136.449631,17,856.774362,0.0,1.0,-9.144216919925945,-136.4496309860439,0.0,0.0,0.0,1.0,0.013282406675747,17,7.244006920347913,0.34970005809363464,1.0586238550931824,0.12957257383009968,0.058823529411764705,0.11764705882352941,0.0,nan,3.0
-136.738297,18,858.368531,0.0,1.0,-9.14137598496322,-136.73829668136156,0.0,0.0,0.0,1.0,0.015415195710787503,18,7.576801787154447,0.3684101244080315,1.1420110517883826,0.10061240196228027,0.05555555555555555,0.1111111111111111,0.0,nan,3.0
-136.944192,18,859.204288,0.0,1.0,-9.129845910054913,-136.9441917668784,0.0,0.0,0.0,1.0,0.012956642646392912,18,7.7076197535408415,0.377273751019881,1.1542163146214681,0.17600083351135254,0.05555555555555555,0.1111111111111111,0.0,nan,3.0
-136.356366,17,860.801281,0.0,1.0,-9.098703601273975,-136.35636612659448,0.0,0.0,0.0,1.0,0.013442870285758234,17,7.707623366045986,0.34353835487762885,1.0597338931757838,0.09365538288565244,0.058823529411764705,0.11764705882352941,0.0,48.90053003016624,3.0
-136.562059,17,861.195446,0.0,1.0,-9.103725765409528,-136.5620594523916,0.0,0.0,0.0,1.0,0.016049403518017594,17,7.709935057167831,0.36934145158911447,1.1373148521401317,0.0796585153130924,0.058823529411764705,0.11764705882352941,0.0,nan,3.0
-138.040514,24,862.59649,0.0,1.0,-8.750891202307747,-138.04051359411355,0.0,0.0,0.0,1.0,0.012259732464304571,24,9.69948067649012,0.43199865533952386,1.2706150068366497,0.0616294393936793,0.041666666666666664,0.08333333333333333,0.0,nan,3.0
-136.652459,16,863.369812,0.0,1.0,-9.265483995048031,-136.65245939191476,0.0,0.0,0.0,1.0,0.011849573159723788,16,7.209413634218172,0.3697698686470116,1.1251110799893922,0.09355518221855164,0.0625,0.125,0.0,nan,3.0
-137.74536,25,864.439264,0.0,1.0,-8.563128562893297,-137.74535993182252,0.0,0.0,0.0,1.0,0.012910658375173509,25,9.59728486833761,0.4129745323906549,1.1551336300591128,0.10066643238067627,0.04,0.08,0.0,39.97740579569324,3.0
-138.179498,24,865.143099,0.0,1.0,-8.772895780960278,-138.1794984914524,0.0,0.0,0.0,1.0,0.01302280795202578,24,9.491605877045453,0.4370120881197926,1.3089786381488149,0.14490099747975668,0.041666666666666664,0.08333333333333333,0.0,nan,3.0
-136.859115,17,866.3808,0.0,1.0,-9.244678913449055,-136.85911505914822,0.0,0.0,0.0,1.0,0.014235372361848802,17,7.635366865227732,0.3823506188880663,1.1709762446135825,0.110914805356194,0.058823529411764705,0.11764705882352941,0.0,nan,3.0
-137.592223,24,867.429205,0.0,1.0,-8.686012089680078,-137.5922225359068,0.0,0.0,0.0,1.0,0.011373253581972746,24,9.40389753997725,0.4091220082639773,1.0920216481746454,0.041666666666666664,0.041666666666666664,0.08333333333333333,0.0,nan,3.0
-138.10882,24,869.116351,0.0,1.0,-8.772895775026335,-138.10881950523932,0.0,0.0,0.0,1.0,0.012915268139822323,24,9.477683256031144,0.4361428779609496,1.2956293536979877,0.041666666666666664,0.041666666666666664,0.08333333333333333,0.0,nan,3.0
-138.261079,28,871.107356,0.0,1.0,-8.464241781484976,-138.26107885927195,0.0,0.0,0.0,1.0,0.013886082503519906,28,10.378259150666823,0.42340139554576695,1.1969144600811767,0.07718528594289507,0.03571428571428571,0.07142857142857142,0.0,nan,3.0
-141.098967,44,873.791515,0.0,1.0,-8.352597058832616,-141.09896696821463,0.0,0.0,0.0,1.0,0.010955974688510024,44,13.752454248424478,0.4633953523012054,0.9758302964754065,0.08287789875810797,0.1590909090909091,0.18181818181818182,0.0,nan,3.0
-137.84525,28,876.024031,0.0,1.0,-8.371860750191576,-137.84525002176377,0.0,0.0,0.0,1.0,0.017587809498246572,28,10.626345419543208,0.4137734995167258,1.1009747861302268,0.093438093151365,0.03571428571428571,0.07142857142857142,0.0,nan,3.0
-137.2935,23,877.729575,0.0,1.0,-8.764877041668639,-137.29349999481892,0.0,0.0,0.0,1.0,0.013166404983230394,23,9.259854358822544,0.40064965328843305,1.0313115494623994,0.043478260869565216,0.043478260869565216,0.08695652173913043,0.0,nan,3.0
-138.287413,28,879.532879,0.0,1.0,-8.431721122295311,-138.28741271557078,0.0,0.0,0.0,1.0,0.012290452514521764,28,10.974002119963034,0.4243387728831089,1.1653271633048783,0.03571428571428571,0.03571428571428571,0.07142857142857142,0.0,nan,3.0
-137.697154,27,880.643577,0.0,1.0,-8.431720347185129,-137.69715448616174,0.0,0.0,0.0,1.0,0.012290454881509892,27,10.762276662521016,0.3994457824766894,1.034955970563108,0.08327891650023284,0.037037037037037035,0.07407407407407407,0.0,nan,3.0
-136.545011,17,882.156063,0.0,1.0,-9.131190401067064,-136.5450112323088,0.0,0.0,0.0,1.0,0.01648629688813542,17,7.369996480525206,0.36899060830043406,1.1310815021800638,0.058823529411764705,0.058823529411764705,0.11764705882352941,0.0,nan,3.0
-153.132317,33,884.320544,0.0,1.0,-8.324731136489827,-153.13231748784727,0.0,0.0,0.0,1.0,0.01536292022076381,33,12.552685651004913,0.8025128922458991,2.0,0.15406959707086737,0.09090909090909091,0.12121212121212122,0.0,nan,3.0
-136.776518,16,885.771854,0.0,1.0,-9.407400852588703,-136.77651814092437,0.0,0.0,0.0,1.0,0.010628900056746172,16,6.94065171648313,0.3717461736246543,1.1314541756753276,0.0625,0.0625,0.125,0.0,77.76813175537043,3.0
-136.795952,16,886.493363,0.0,1.0,-9.404462271707944,-136.7959517376335,0.0,0.0,0.0,1.0,0.011261458888103931,16,7.00985725884448,0.3748301266222846,1.1378724455127838,0.09870227798819542,0.0625,0.125,0.0,nan,3.0
-138.400174,29,888.747328,0.0,1.0,-8.289120533511639,-138.40017369719885,0.0,0.0,0.0,1.0,0.014309433992389192,29,10.43779697907506,0.42741996599056087,1.1958713420388312,0.13157615579407791,0.034482758620689655,0.06896551724137931,0.0,nan,3.0
-137.847804,24,889.812153,0.0,1.0,-8.620033966514132,-137.84780422864478,0.0,0.0,0.0,1.0,0.010851687024830027,24,9.875774524611126,0.42465472077982086,1.1830412467731086,0.0816510667403539,0.041666666666666664,0.08333333333333333,0.0,48.14771823902925,3.0
-138.200993,29,891.920045,0.0,1.0,-8.305485502865036,-138.20099266227894,0.0,0.0,0.0,1.0,0.014165861973830877,29,10.327614575090125,0.4100665834840783,1.189658310271741,0.16177112069623223,0.034482758620689655,0.06896551724137931,0.0,nan,3.0
-137.711473,25,893.227341,0.0,1.0,-8.516068385262972,-137.71147278144434,0.0,0.0,0.0,1.0,0.014555435736460991,25,9.999423334716422,0.4173571358658762,1.1678755544936226,0.06675110816955566,0.04,0.08,0.0,nan,3.0
-170.845202,43,898.214326,0.0,1.0,-8.392869571766376,-170.84520190784727,0.0,0.0,0.0,1.0,0.010804802848266253,43,13.428368085432059,1.0334046855082943,2.0,0.05765183304631433,0.06976744186046512,0.09302325581395349,0.0,nan,3.0
-164.313394,41,900.652468,0.0,1.0,-8.25991826459914,-164.31339358345397,0.0,0.0,0.0,1.0,0.018746052800093317,41,13.90227210227992,0.9443159336802303,2.0,0.08959800731845019,0.21951219512195122,0.14634146341463414,0.0,nan,3.0
-136.723825,17,901.508976,0.0,1.0,-9.132657202809131,-136.72382506370636,0.0,0.0,0.0,1.0,0.011776841086509643,17,7.398659564113661,0.3692941929086056,1.1294832116385272,0.0909837940159966,0.058823529411764705,0.11764705882352941,0.0,nan,3.0
-136.334943,16,902.444469,0.0,1.0,-9.236300313962241,-136.33494345223852,0.0,0.0,0.0,1.0,0.012362178997633356,16,7.3296096148191054,0.34404542300221963,1.0497941695997126,0.06791917234659195,0.0625,0.125,0.0,nan,3.0
-137.677143,25,903.869823,0.0,1.0,-8.54018236170483,-137.6771427422765,0.0,0.0,0.0,1.0,0.010538801100122482,25,10.245016307870896,0.4095994726755312,1.086878699369632,0.04175059795379639,0.04,0.08,0.0,nan,3.0
-136.743426,17,904.833389,0.0,1.0,-9.296874146436416,-136.74342560726734,0.0,0.0,0.0,1.0,0.013710697995731037,17,7.003422584585624,0.37033250259750916,1.1393139639086074,0.06710710245020249,0.058823529411764705,0.11764705882352941,0.0,nan,3.0
-137.637048,27,906.279113,0.0,1.0,-8.4471958183012,-137.63704781304799,0.0,0.0,0.0,1.0,0.018474296977854087,27,9.870975591551561,0.4051369844779987,1.074080260309394,0.16138676360801416,0.037037037037037035,0.07407407407407407,0.0,nan,3.0
-138.084715,25,907.388922,0.0,1.0,-8.695986608688319,-138.0847151452855,0.0,0.0,0.0,1.0,0.00972092413514491,25,9.601375713006497,0.42342921960457786,1.2030996626931372,0.05217840194702148,0.04,0.08,0.0,nan,3.0
-136.382358,16,909.070581,0.0,1.0,-9.309797313727623,-136.38235772823825,0.0,0.0,0.0,1.0,0.014248494709148084,16,6.672351350662694,0.35210438675794126,1.0708637761425805,0.0625,0.0625,0.125,0.0,39.58403702405254,3.0
-167.672047,41,912.802534,0.0,1.0,-8.32395732519631,-167.6720474918328,0.0,0.0,0.0,1.0,0.00885155257263925,41,13.775457042468597,1.00429929156482,2.0,0.04264383490492658,0.12195121951219512,0.14634146341463414,0.0,9.366948280020997,3.0
-138.328242,27,914.25969,0.0,1.0,-8.530330865182238,-138.32824237966867,0.0,0.0,0.0,1.0,0.01315502820976611,27,9.91814813497396,0.430866321533711,1.2409406187946432,0.05274954990104393,0.037037037037037035,0.07407407407407407,0.0,nan,3.0
-137.908077,26,915.584064,0.0,1.0,-8.487007461501417,-137.90807746209347,0.0,0.0,0.0,1.0,0.01024774140907275,26,10.365533762565953,0.41386137593369104,1.1254929356723111,0.038461538461538464,0.038461538461538464,0.07692307692307693,0.0,27.995154869651106,3.0
-136.350237,17,916.381969,0.0,1.0,-9.098704022316985,-136.35023727560647,0.0,0.0,0.0,1.0,0.013346469094978218,17,7.635754577072629,0.3437370036656342,1.0594398546193846,0.058823529411764705,0.058823529411764705,0.11764705882352941,0.0,nan,3.0
-138.126186,24,917.644264,0.0,1.0,-8.746829048661654,-138.1261863008371,0.0,0.0,0.0,1.0,0.011765291231941933,24,9.719063752081707,0.4357070086317609,1.2902652169751019,0.041666666666666664,0.041666666666666664,0.08333333333333333,0.0,nan,3.0
-137.954345,26,918.906425,0.0,1.0,-8.462609446792559,-137.95434508986193,0.0,0.0,0.0,1.0,0.015385063311112761,26,10.756963060275872,0.42471523765961605,1.2149993656755282,0.09077526972844051,0.038461538461538464,0.07692307692307693,0.0,nan,3.0
-138.134409,25,920.85648,0.0,1.0,-8.660532870771085,-138.1344085921372,0.0,0.0,0.0,1.0,0.011660989064533233,25,9.783604329224909,0.42921377091641183,1.2326898829470072,0.0779190731048584,0.04,0.08,0.0,nan,3.0
-136.949869,17,921.969889,0.0,1.0,-9.269617025220029,-136.94986894301073,0.0,0.0,0.0,1.0,0.009187252612414142,17,7.105271465375879,0.37715310356624343,1.1436183482740092,0.058823529411764705,0.058823529411764705,0.11764705882352941,0.0,nan,3.0
-136.465319,15,923.192029,0.0,1.0,-9.424656249686493,-136.46531872811573,0.0,0.0,0.0,1.0,0.008615898544708267,15,6.482225035272338,0.3478663409618754,1.0464561428566093,0.06666666666666667,0.06666666666666667,0.13333333333333333,0.0,38.73241186749478,3.0
-136.34152,16,924.256179,0.0,1.0,-9.313701050024465,-136.34152037054986,0.0,0.0,0.0,1.0,0.012310658113411165,16,6.656707597839764,0.3414009222311286,1.0359687819409626,0.08863317966461182,0.0625,0.125,0.0,nan,3.0
-154.747733,35,926.824536,0.0,1.0,-8.374282841920802,-154.74773269065201,0.0,0.0,0.0,1.0,0.010800353051421092,35,12.032596129581751,0.8113465100739145,2.0,0.08890197617667062,0.02857142857142857,0.05714285714285714,0.0,nan,3.0
-137.974117,26,928.44576,0.0,1.0,-8.464432670677663,-137.97411671911482,0.0,0.0,0.0,1.0,0.01033410239231602,26,10.482281274502729,0.4160882603857256,1.1607294179797318,0.08541677548335148,0.038461538461538464,0.07692307692307693,0.0,28.584456424422935,3.0
-136.762545,17,929.569723,0.0,1.0,-9.2949032410839,-136.76254478468962,0.0,0.0,0.0,1.0,0.011727887124112081,17,6.943468159407879,0.36374835688447854,1.1226305468711992,0.11921169477350571,0.058823529411764705,0.11764705882352941,0.0,nan,3.0
-138.002538,26,930.829999,0.0,1.0,-8.581979341977817,-138.0025382730802,0.0,0.0,0.0,1.0,0.012975008277082421,26,9.956192363436791,0.41867901187383,1.1858785350255339,0.0792097861950214,0.038461538461538464,0.07692307692307693,0.0,nan,3.0
-139.319415,33,932.485215,0.0,1.0,-8.472222196300145,-139.31941472345926,0.0,0.0,0.0,1.0,0.01167020263077123,33,11.59609800935439,0.4501762718957961,1.1270560867577963,0.04659305558060155,0.030303030303030304,0.06060606060606061,0.0,44.6909777748301,3.0
-161.028414,42,934.533597,0.0,1.0,-8.16562477469317,-161.0284136830272,0.0,0.0,0.0,1.0,0.013259843156519163,42,13.52197312047029,0.8855517676439164,2.0,0.028982477528708323,0.14285714285714285,0.16666666666666666,0.0,nan,3.0
-136.370247,16,935.883316,0.0,1.0,-9.296947676502837,-136.37024725095085,0.0,0.0,0.0,1.0,0.014013099662687776,16,6.833683494169708,0.3499964870590707,1.0652591108684784,0.08335037901997566,0.0625,0.125,0.0,nan,3.0
-136.302008,17,937.287739,0.0,1.0,-9.129845910601283,-136.3020080941636,0.0,0.0,0.0,1.0,0.012581829543448286,17,7.3522104120639336,0.3340196427775403,1.0209740757116292,0.1272124683155733,0.058823529411764705,0.11764705882352941,0.0,nan,3.0
-138.052103,24,938.145723,0.0,1.0,-8.723666954978448,-138.05210294517448,0.0,0.0,0.0,1.0,0.010645561325503004,24,9.954188490071116,0.4305840309137665,1.2521373905936082,0.0702615554134051,0.041666666666666664,0.08333333333333333,0.0,nan,3.0
-136.77731,16,939.446879,0.0,1.0,-9.39742821531475,-136.7773100065447,0.0,0.0,0.0,1.0,0.01226049939537416,16,7.068036946501606,0.3772372655354752,1.1485256932184427,0.0625,0.0625,0.125,0.0,nan,3.0
-137.555896,24,940.743469,0.0,1.0,-8.654738104320478,-137.55589591110137,0.0,0.0,0.0,1.0,0.012261520313878841,24,9.685476932089676,0.4100447442709831,1.096072492045446,0.041666666666666664,0.041666666666666664,0.08333333333333333,0.0,nan,3.0
-137.867558,24,942.272442,0.0,1.0,-8.745140503561881,-137.86755761219973,0.0,0.0,0.0,1.0,0.012527236823877835,24,9.605987224556904,0.42528961541899374,1.1903316701587987,0.08215994636217754,0.041666666666666664,0.08333333333333333,0.0,nan,3.0
-136.424882,17,943.450821,0.0,1.0,-9.121599549795178,-136.4248824673123,0.0,0.0,0.0,1.0,0.019327810233204457,17,7.447633985864694,0.367546997900988,1.127412364157473,0.058823529411764705,0.058823529411764705,0.11764705882352941,0.0,nan,3.0
-137.826431,25,945.010662,0.0,1.0,-8.700917933734662,-137.82643092005094,0.0,0.0,0.0,1.0,0.01270838428832626,25,9.50039122577221,0.4166478352206691,1.149915877283532,0.04,0.04,0.08,0.0,nan,3.0
-136.970161,16,946.421373,0.0,1.0,-9.390886806748926,-136.97016076908153,0.0,0.0,0.0,1.0,0.009892393870382116,16,7.212183744908752,0.386432739369674,1.178920918163998,0.07613495737314224,0.0625,0.125,0.0,nan,3.0
-165.134059,41,948.200857,0.0,1.0,-8.236571240656682,-165.13405909473897,0.0,0.0,0.0,1.0,0.013670672628102315,41,13.71016394198844,0.9621255872613138,2.0,0.03589346059938756,0.17073170731707318,0.17073170731707318,0.0,25.674639629675095,3.0
-138.220164,24,948.908613,0.0,1.0,-8.762835729038452,-138.22016406542838,0.0,0.0,0.0,1.0,0.00926512183252389,24,9.606017233724108,0.4347534565126037,1.2957820359805665,0.0714473823706309,0.041666666666666664,0.08333333333333333,0.0,nan,3.0
-136.370058,15,950.030039,0.0,1.0,-9.418315949009378,-136.37005829578308,0.0,0.0,0.0,1.0,0.010505333461923767,15,6.572467675567514,0.34437649524007635,1.03683278805842,0.08762992223103841,0.06666666666666667,0.13333333333333333,0.0,nan,3.0
-137.825921,26,950.709136,0.0,1.0,-8.485611999980081,-137.82592069779128,0.0,0.0,0.0,1.0,0.017098006140068782,26,10.383080778931136,0.4227433079712441,1.1820272227429973,0.038461538461538464,0.038461538461538464,0.07692307692307693,0.0,28.62862153724296,3.0
-136.29921,17,952.451715,0.0,1.0,-9.182211518271469,-136.2992099552941,0.0,0.0,0.0,1.0,0.015469576527127368,17,6.823795871241315,0.3401564566891334,1.0297255933660776,0.16483492009779988,0.058823529411764705,0.11764705882352941,0.0,nan,3.0
-138.012415,28,954.154609,0.0,1.0,-8.464221985055357,-138.0124153162574,0.0,0.0,0.0,1.0,0.020594018153207858,28,10.504592741572191,0.4243039941789625,1.175647060885649,0.04515392439705985,0.03571428571428571,0.07142857142857142,0.0,nan,3.0
-136.40277,15,954.805128,0.0,1.0,-9.40094958297012,-136.40276953207183,0.0,0.0,0.0,1.0,0.00956659065880952,15,6.743048200169914,0.3457417567553916,1.0421455137236173,0.06666666666666667,0.06666666666666667,0.13333333333333333,0.0,38.46066115268765,3.0
-136.40773,16,956.496821,0.0,1.0,-9.31703117844922,-136.40773040049424,0.0,0.0,0.0,1.0,0.010792544476594397,16,6.576895591293637,0.3427372341883993,1.0424797237608208,0.0625,0.0625,0.125,0.0,nan,3.0
-137.772206,25,958.897546,0.0,1.0,-8.506984713146721,-137.77220609873936,0.0,0.0,0.0,1.0,0.014125032608040976,25,10.391930478856809,0.42041016681889537,1.1617011254617668,0.0783460283279419,0.04,0.08,0.0,54.86664933089571,3.0
-137.597324,25,960.50126,0.0,1.0,-8.556179682973125,-137.59732442495772,0.0,0.0,0.0,1.0,0.010795043907662743,25,10.067365407105452,0.40490316601451104,1.0557785176381067,0.054778122901916505,0.04,0.08,0.0,56.76206770676648,3.0
-136.424052,17,961.145821,0.0,1.0,-9.181139845578768,-136.42405181112653,0.0,0.0,0.0,1.0,0.014843577764027054,17,6.913390105589104,0.351854737848194,1.0790094230168934,0.058823529411764705,0.058823529411764705,0.11764705882352941,0.0,42.20908720303059,3.0
-136.874558,17,962.173017,0.0,1.0,-9.289163806421984,-136.8745581654322,0.0,0.0,0.0,1.0,0.014906333371009108,17,7.162963118568955,0.384685067052577,1.182322235384181,0.07032481361837949,0.058823529411764705,0.11764705882352941,0.0,nan,3.0
-136.432017,17,962.806755,0.0,1.0,-9.121599540541697,-136.43201728126684,0.0,0.0,0.0,1.0,0.01944882037839792,17,7.55679797535044,0.36765691765639114,1.1307406010445464,0.08526850447935216,0.058823529411764705,0.11764705882352941,0.0,nan,3.0
-170.489456,44,966.491335,0.0,1.0,-8.317464250968616,-170.48945614984024,0.0,0.0,0.0,1.0,0.014531501668461896,44,13.350012591715315,1.0158222291625336,2.0,0.13753980127247897,0.022727272727272728,0.045454545454545456,0.0,26.586468006031996,3.0
-168.870042,42,968.694694,0.0,1.0,-8.357467663829441,-168.8700416000796,0.0,0.0,0.0,1.0,0.013238844004490045,42,13.576919205961625,1.0134569070785775,2.0,0.050799386841910224,0.07142857142857142,0.07142857142857142,0.0,59.354205903594526,3.0
-137.96721,26,970.047331,0.0,1.0,-8.453108480123635,-137.9672096368932,0.0,0.0,0.0,1.0,0.013387537378611794,26,10.402347899984523,0.4205454538585878,1.1699118087855287,0.16425757224743182,0.038461538461538464,0.07692307692307693,0.0,nan,3.0
-136.55859,17,971.660628,0.0,1.0,-9.10372577801709,-136.5585902701144,0.0,0.0,0.0,1.0,0.015994707704648902,17,7.684017620326353,0.3694384123458221,1.1380680574736315,0.058823529411764705,0.058823529411764705,0.11764705882352941,0.0,nan,3.0
-139.447332,34,973.160696,0.0,1.0,-8.53686205233193,-139.4473319988792,0.0,0.0,0.0,1.0,0.011657078077652767,34,11.665025202669327,0.449919638488259,1.043534742104067,0.029705738320070153,0.029411764705882353,0.058823529411764705,0.0,nan,3.0
-136.845253,16,974.3423,0.0,1.0,-9.425818245580336,-136.8452531189844,0.0,0.0,0.0,1.0,0.01376516520489778,16,6.800920955913585,0.3862843268972483,1.172292466093543,0.08580631390213966,0.0625,0.125,0.0,nan,3.0
-138.270472,27,976.013104,0.0,1.0,-8.513501201479945,-138.27047182146066,0.0,0.0,0.0,1.0,0.011730584185980912,27,10.343872837181316,0.42715200204829845,1.2005259622710787,0.05133691098954943,0.037037037037037035,0.07407407407407407,0.0,nan,3.0
-137.346205,25,977.812753,0.0,1.0,-8.529144389633018,-137.34620521146604,0.0,0.0,0.0,1.0,0.01649722975377652,25,10.271590153490367,0.40149645924339133,1.0239116182253925,0.11365859270095825,0.04,0.08,0.0,nan,3.0
-138.100173,28,979.243356,0.0,1.0,-8.438320119225418,-138.10017332814058,0.0,0.0,0.0,1.0,0.012642216294975445,28,10.705856347530034,0.41673812341650646,1.119549162144644,0.044358406748090475,0.03571428571428571,0.07142857142857142,0.0,nan,3.0
-137.579037,25,980.727445,0.0,1.0,-8.567908844934149,-137.57903665410538,0.0,0.0,0.0,1.0,0.015546414804987642,25,10.0336767005034,0.4117190500492704,1.1263947592129562,0.06071729421615601,0.04,0.08,0.0,nan,3.0
-136.681078,16,982.604895,0.0,1.0,-9.425818254114914,-136.68107759464883,0.0,0.0,0.0,1.0,0.014012885134030543,16,6.890142317719681,0.3739456095195961,1.1324631509253442,0.10820221900939941,0.0625,0.125,0.0,nan,3.0
-136.553523,17,984.089548,0.0,1.0,-9.13119041526947,-136.55352278150386,0.0,0.0,0.0,1.0,0.016561431093692732,17,7.475940941234684,0.3692347051495719,1.135879661642451,0.0773871891638812,0.058823529411764705,0.11764705882352941,0.0,nan,3.0
-136.803385,17,985.250945,0.0,1.0,-9.117233084256524,-136.80338544194296,0.0,0.0,0.0,1.0,0.009840412249308603,17,7.573222636315457,0.3714337097826369,1.1435231304818154,0.058823529411764705,0.058823529411764705,0.11764705882352941,0.0,nan,3.0
-136.701302,17,986.542964,0.0,1.0,-9.235871668058381,-136.70130197223824,0.0,0.0,0.0,1.0,0.014299391844223071,17,7.63394048999618,0.38039779121488415,1.1590377053471368,0.16619498940075145,0.058823529411764705,0.11764705882352941,0.0,nan,3.0
-137.856089,26,988.261623,0.0,1.0,-8.473395950034808,-137.85608875702542,0.0,0.0,0.0,1.0,0.013922313738499786,26,10.616299990643265,0.41742290850912556,1.1679542128971012,0.057631465104910046,0.038461538461538464,0.07692307692307693,0.0,nan,3.0
-138.1661,28,989.654877,0.0,1.0,-8.454325365652862,-138.16609963314716,0.0,0.0,0.0,1.0,0.013376806012448252,28,10.592228841497123,0.42041317237172765,1.1457237903666992,0.039656758308410645,0.03571428571428571,0.07142857142857142,0.0,nan,3.0
-136.318271,16,990.852934,0.0,1.0,-9.249771864553994,-136.3182709244718,0.0,0.0,0.0,1.0,0.010670770159730562,16,7.206062712547028,0.33540945696264773,1.024506158055315,0.08966448903083801,0.0625,0.125,0.0,nan,3.0
-137.742757,25,992.763553,0.0,1.0,-8.597429702249228,-137.74275706736424,0.0,0.0,0.0,1.0,0.012437946362156548,25,9.505855690363617,0.4151167525545481,1.1058903214267732,0.0831346321105957,0.04,0.08,0.0,nan,3.0
-136.42405,17,994.138927,0.0,1.0,-9.181139831170277,-136.42405049145398,0.0,0.0,0.0,1.0,0.014843578763070636,17,6.913390175150615,0.351854638727432,1.079009055264501,0.058823529411764705,0.058823529411764705,0.11764705882352941,0.0,nan,3.0
-138.178384,25,995.152164,0.0,1.0,-8.681684649395793,-138.17838364292083,0.0,0.0,0.0,1.0,0.011432974167130622,25,9.750719946903294,0.43025390219563087,1.2498550665585064,0.04,0.04,0.08,0.0,112.56257989640146,3.0
-138.205716,27,996.675887,0.0,1.0,-8.516654962298714,-138.20571564589287,0.0,0.0,0.0,1.0,0.011716137882286638,27,10.29219173548695,0.4247667137795099,1.1793333165329016,0.037037037037037035,0.037037037037037035,0.07407407407407407,0.0,nan,3.0
-138.319316,28,998.271009,0.0,1.0,-8.429667619710225,-138.31931623107658,0.0,0.0,0.0,1.0,0.012293958023939393,28,11.010683791187883,0.4249526353453022,1.182510654105919,0.05412179231643677,0.03571428571428571,0.07142857142857142,0.0,nan,3.0
-136.840726,16,999.068084,0.0,1.0,-9.425818242966875,-136.84072575575502,0.0,0.0,0.0,1.0,0.013738136902044099,16,6.758019036821605,0.386390059417412,1.1739842459040999,0.0625,0.0625,0.125,0.0,nan,3.0
-138.022291,27,1000.883149,0.0,1.0,-8.552542110472407,-138.02229096768963,0.0,0.0,0.0,1.0,0.012670571916078347,27,9.865836561854838,0.4160770214513523,1.1367779259566377,0.04078971677356296,0.037037037037037035,0.07407407407407407,0.0,31.188854284581826,3.0
-137.945234,26,1002.383573,0.0,1.0,-8.462609401251328,-137.9452344806437,0.0,0.0,0.0,1.0,0.015385063311112761,26,10.720150954506012,0.4250329147234123,1.2025804268783336,0.07007679572472206,0.038461538461538464,0.07692307692307693,0.0,nan,3.0
-137.542817,27,1003.735489,0.0,1.0,-8.46260221231526,-137.54281699937772,0.0,0.0,0.0,1.0,0.018320150036157435,27,9.817993662259024,0.40258662065338413,1.0468182429078785,0.06567773995576082,0.037037037037037035,0.07407407407407407,0.0,nan,3.0
-136.799437,16,1004.444725,0.0,1.0,-9.390098181636533,-136.7994365838745,0.0,0.0,0.0,1.0,0.01137631357934773,16,7.200220540585682,0.375918829249545,1.1436691923821898,0.09043010324239731,0.0625,0.125,0.0,nan,3.0
-167.176971,43,1007.606791,0.0,1.0,-8.182268114911073,-167.17697143027775,0.0,0.0,0.0,1.0,0.019379608048674606,43,13.753992729283366,0.9729235407785893,2.0,0.18597967125648676,0.16279069767441862,0.16279069767441862,0.0,nan,3.0
-138.198329,29,1008.815199,0.0,1.0,-8.45177035365331,-138.19832865323082,0.0,0.0,0.0,1.0,0.011476196257334247,29,10.390225695934422,0.40961668138091517,1.0946576560724728,0.1137274853114424,0.034482758620689655,0.06896551724137931,0.0,nan,3.0
-168.106071,42,1011.038638,0.0,1.0,-8.39029949406005,-168.10607122906492,0.0,0.0,0.0,1.0,0.01010455178454846,42,13.810598529057895,0.9951820935043296,2.0,0.07789735283170428,0.16666666666666666,0.14285714285714285,0.0,nan,3.0
-138.095086,28,1012.910687,0.0,1.0,-8.338932890593288,-138.09508629945356,0.0,0.0,0.0,1.0,0.012606989836884689,28,10.769143150462195,0.41828404175786016,1.119587406000103,0.08963756476129804,0.03571428571428571,0.07142857142857142,0.0,nan,3.0
-136.840726,16,1013.651779,0.0,1.0,-9.425818244711076,-136.8407258698295,0.0,0.0,0.0,1.0,0.013738136902044099,16,6.758019461740748,0.38639006778290313,1.1739843220486588,0.0625,0.0625,0.125,0.0,nan,3.0
-137.865079,28,1015.061332,0.0,1.0,-8.421251489650931,-137.86507911969832,0.0,0.0,0.0,1.0,0.015584532695326224,28,10.62363391261293,0.4101689731161157,1.0763125287999997,0.059287735394069126,0.03571428571428571,0.07142857142857142,0.0,nan,3.0
-137.587169,24,1016.370317,0.0,1.0,-8.646682339007853,-137.58716935842753,0.0,0.0,0.0,1.0,0.012396823088936696,24,9.739596193308493,0.41150872656373516,1.10794662426734,0.07014798372983932,0.041666666666666664,0.08333333333333333,0.0,nan,3.0
-136.761921,17,1017.665789,0.0,1.0,-9.302004837708097,-136.76192130455698,0.0,0.0,0.0,1.0,0.013683341067383517,17,6.988960564548861,0.3719218252002341,1.1426274333309316,0.058823529411764705,0.058823529411764705,0.11764705882352941,0.0,nan,3.0
-138.170293,26,1019.013134,0.0,1.0,-8.551427507420902,-138.17029316336857,0.0,0.0,0.0,1.0,0.011771092965890862,26,10.386256487024125,0.42911402836417634,1.2229213226165043,0.038461538461538464,0.038461538461538464,0.07692307692307693,0.0,28.944383879125322,3.0
-136.943983,16,1021.17401,0.0,1.0,-9.39088679521548,-136.9439825414245,0.0,0.0,0.0,1.0,0.00996255364030208,16,7.197609615361938,0.3839400735520168,1.1522833500728293,0.14448099955916405,0.0625,0.125,0.0,nan,3.0
-137.658083,27,1023.723099,0.0,1.0,-8.440354742218641,-137.65808288853484,0.0,0.0,0.0,1.0,0.014522404938985718,27,10.618271351832474,0.4041849997238884,1.0377042204673803,0.037037037037037035,0.037037037037037035,0.07407407407407407,0.0,nan,3.0
-138.190572,27,1024.967956,0.0,1.0,-8.470434889000074,-138.19057223673093,0.0,0.0,0.0,1.0,0.012996357176189622,27,10.072533567803374,0.4229722451134266,1.2126163669701913,0.09188485145568848,0.037037037037037035,0.07407407407407407,0.0,38.44115296299147,3.0
-139.243406,33,1026.585119,0.0,1.0,-8.472222102488498,-139.24340624023458,0.0,0.0,0.0,1.0,0.011670203383743345,33,11.55214481091954,0.4482840312251597,1.0898309751458566,0.030303030303030304,0.030303030303030304,0.06060606060606061,0.0,27.284994677699583,3.0
-137.790836,25,1028.272213,0.0,1.0,-8.567828551978202,-137.79083564940686,0.0,0.0,0.0,1.0,0.016372718752331216,25,10.037993646789344,0.4226959443304947,1.2060099060288663,0.07111570358276367,0.04,0.08,0.0,nan,3.0
-138.043743,27,1029.985947,0.0,1.0,-8.52680275013842,-138.0437433996186,0.0,0.0,0.0,1.0,0.012726825323768102,27,9.939820681596196,0.41517331402678465,1.1576058480039082,0.07833950607864945,0.037037037037037035,0.07407407407407407,0.0,nan,3.0
-136.312427,16,1030.984123,0.0,1.0,-9.249772269776585,-136.31242703794132,0.0,0.0,0.0,1.0,0.01068668581533877,16,7.20026405821919,0.3352072768291705,1.0237754696394277,0.08154075965285301,0.0625,0.125,0.0,nan,3.0
-138.036114,28,1032.445891,0.0,1.0,-8.4618740256992,-138.03611403106802,0.0,0.0,0.0,1.0,0.02061080093618299,28,10.5300551326792,0.4244343048236371,1.1942770201003687,0.05696813975061689,0.03571428571428571,0.07142857142857142,0.0,nan,3.0
-138.908574,32,1034.681655,0.0,1.0,-8.445617049185838,-138.90857414006052,0.0,0.0,0.0,1.0,0.011709171196683006,32,11.419603170003798,0.4358889072906674,1.0943399101331133,0.09150763601064682,0.03125,0.0625,0.0,nan,3.0
-136.48279,17,1035.810902,0.0,1.0,-9.12671720672142,-136.48278950633707,0.0,0.0,0.0,1.0,0.017975206825975455,17,7.429683576414085,0.3680075074752559,1.1289693127609042,0.06783652656218585,0.058823529411764705,0.11764705882352941,0.0,nan,3.0
-136.465318,15,1037.161956,0.0,1.0,-9.424656244774255,-136.46531812493325,0.0,0.0,0.0,1.0,0.008615898544708267,15,6.482224859739158,0.3478662943124936,1.0464559067402304,0.06666666666666667,0.06666666666666667,0.13333333333333333,0.0,47.40968834143963,3.0
-136.291811,17,1037.589548,0.0,1.0,-9.182211523968867,-136.29181100398088,0.0,0.0,0.0,1.0,0.015360691884520673,17,6.90648463548529,0.34159394780414987,1.04987704675325,0.058823529411764705,0.058823529411764705,0.11764705882352941,0.0,nan,3.0
-136.878282,18,1039.045664,0.0,1.0,-9.129685655444835,-136.87828154577474,0.0,0.0,0.0,1.0,0.012106443102270627,18,7.629259614485217,0.3719508054399825,1.1529034994878997,0.05555555555555555,0.05555555555555555,0.1111111111111111,0.0,49.07161118200506,3.0
-136.307221,16,1040.5668,0.0,1.0,-9.22384522085257,-136.30722083140583,0.0,0.0,0.0,1.0,0.012399521936425515,16,7.3839235696814,0.34101094391096054,1.0457773013425078,0.08033621311187744,0.0625,0.125,0.0,nan,3.0
-137.64857,26,1042.258058,0.0,1.0,-8.466067352153413,-137.64857000022616,0.0,0.0,0.0,1.0,0.012406375330304755,26,10.62872389525767,0.4050020870837562,1.0507313218703163,0.06295325205876277,0.038461538461538464,0.07692307692307693,0.0,nan,3.0
-138.287652,29,1044.209482,0.0,1.0,-8.447244738955352,-138.2876524176266,0.0,0.0,0.0,1.0,0.014901388566618014,29,10.57476993641745,0.4221272765968828,1.136985452213707,0.03500892787144102,0.034482758620689655,0.06896551724137931,0.0,9.03598650021838,3.0
-138.026901,28,1046.032063,0.0,1.0,-8.426713959469783,-138.02690073620636,0.0,0.0,0.0,1.0,0.010348463812530078,28,10.844484639715134,0.4103029177631782,1.0617524924356092,0.04323194708142962,0.03571428571428571,0.07142857142857142,0.0,nan,3.0
-137.461186,26,1047.30085,0.0,1.0,-8.432259918920563,-137.46118627552104,0.0,0.0,0.0,1.0,0.015320364307526948,26,10.75449418721386,0.4002781540852926,1.0222311491751197,0.0943991679411668,0.038461538461538464,0.07692307692307693,0.0,nan,3.0
-137.988772,28,1048.500051,0.0,1.0,-8.429194392049215,-137.98877156752525,0.0,0.0,0.0,1.0,0.010348463812530078,28,10.818451401641775,0.40857632856533826,1.0490138638014275,0.03571428571428571,0.03571428571428571,0.07142857142857142,0.0,nan,3.0
-137.761168,27,1049.944143,0.0,1.0,-8.431940841339916,-137.76116756326874,0.0,0.0,0.0,1.0,0.012868860595689051,27,9.768235896636995,0.40367035359379183,1.0755845100356762,0.09162966410319011,0.037037037037037035,0.07407407407407407,0.0,nan,3.0
-137.374581,25,1051.412065,0.0,1.0,-8.523226704638603,-137.37458098329154,0.0,0.0,0.0,1.0,0.01629215480164401,25,10.382284358578382,0.40441867798110825,1.0467603251341837,0.053308935165405275,0.04,0.08,0.0,nan,3.0
-137.571145,25,1053.215376,0.0,1.0,-8.559607012862406,-137.57114484584767,0.0,0.0,0.0,1.0,0.010776537510120492,25,10.048493915782592,0.403190032119762,1.0447680581085963,0.0591443395614624,0.04,0.08,0.0,38.86907978889477,3.0
-137.951573,26,1054.262114,0.0,1.0,-8.481412753365998,-137.95157266497523,0.0,0.0,0.0,1.0,0.013170093350568445,26,10.43549636550652,0.42231366763883077,1.1780487125186827,0.038461538461538464,0.038461538461538464,0.07692307692307693,0.0,nan,3.0
-137.761054,24,1055.588854,0.0,1.0,-8.606293048018726,-137.7610537785463,0.0,0.0,0.0,1.0,0.012677145913943005,24,10.132300924707135,0.4226433025985667,1.1888308987046603,0.0802898903687795,0.041666666666666664,0.08333333333333333,0.0,nan,3.0
-155.72845,35,1057.740261,0.0,1.0,-8.382726881196819,-155.7284503057952,0.0,0.0,0.0,1.0,0.009692114639318409,35,12.162036842752368,0.8333265237032463,2.0,0.0851196152823312,0.05714285714285714,0.08571428571428572,0.0,nan,3.0
-136.424052,17,1059.400766,0.0,1.0,-9.181139381808023,-136.42405182453538,0.0,0.0,0.0,1.0,0.01484357976211422,17,6.91339153905843,0.3518547592835165,1.0790095456010242,0.058823529411764705,0.058823529411764705,0.11764705882352941,0.0,nan,3.0
-136.640127,18,1060.827388,0.0,1.0,-9.158749195567063,-136.6401272757417,0.0,0.0,0.0,1.0,0.016193156864223963,18,7.221941794060888,0.3628016820813985,1.12720916335044,0.07525916232003106,0.05555555555555555,0.1111111111111111,0.0,nan,3.0
-138.010944,24,1062.485639,0.0,1.0,-8.75089142266069,-138.01094429252862,0.0,0.0,0.0,1.0,0.012259730888752271,24,9.668555652585107,0.4313114312393649,1.257164969629089,0.041666666666666664,0.041666666666666664,0.08333333333333333,0.0,nan,3.0
-137.863552,28,1063.779204,0.0,1.0,-8.449784933695792,-137.86355168378074,0.0,0.0,0.0,1.0,0.014844817383154511,28,10.343290660307106,0.4090756159054653,1.0636776569191144,0.03571428571428571,0.03571428571428571,0.07142857142857142,0.0,nan,3.0
-136.77731,16,1064.617535,0.0,1.0,-9.397428216334061,-136.77731000706316,0.0,0.0,0.0,1.0,0.01226049939537416,16,7.06803681285508,0.37723726560397125,1.1485256932184427,0.0625,0.0625,0.125,0.0,nan,3.0
-136.320134,16,1066.241916,0.0,1.0,-9.232212411011906,-136.32013431357038,0.0,0.0,0.0,1.0,0.012375392767909525,16,7.366143488312126,0.34246924940925283,1.048402251547154,0.0625,0.0625,0.125,0.0,nan,3.0
-137.598271,24,1066.68167,0.0,1.0,-8.686011902706603,-137.59827126182327,0.0,0.0,0.0,1.0,0.011374328266968091,24,9.40997362187221,0.40935807697949445,1.0944188550166467,0.044172232349713646,0.041666666666666664,0.08333333333333333,0.0,nan,3.0
-138.062158,29,1068.795902,0.0,1.0,-8.430750108823489,-138.06215845949572,0.0,0.0,0.0,1.0,0.01150537582370254,29,10.49247717643303,0.40606485838275136,1.0424713228381224,0.060547191521217084,0.034482758620689655,0.06896551724137931,0.0,nan,3.0
-137.736169,25,1070.339139,0.0,1.0,-8.524687325945699,-137.7361690725496,0.0,0.0,0.0,1.0,0.01061652187322954,25,10.325053450989444,0.41174792816843026,1.1079588885423357,0.09012516498565674,0.04,0.08,0.0,nan,3.0
-136.183786,16,1071.30797,0.0,1.0,-9.244678925138812,-136.18378638208017,0.0,0.0,0.0,1.0,0.013858683003248334,16,7.280759059027553,0.33384773997424116,1.0211554582879099,0.0713430643081665,0.0625,0.125,0.0,nan,3.0
-136.463617,17,1072.525752,0.0,1.0,-9.172832941106972,-136.4636167344197,0.0,0.0,0.0,1.0,0.009818937407482764,17,6.964040078416869,0.33989234237308186,1.0451896955931836,0.06319525662590475,0.058823529411764705,0.11764705882352941,0.0,nan,3.0
-137.810331,27,1074.806061,0.0,1.0,-8.326628639376699,-137.81033057521933,0.0,0.0,0.0,1.0,0.020525441711180578,27,10.567893749047142,0.4242175485440177,1.1670935273247578,0.11088961142080801,0.037037037037037035,0.07407407407407407,0.0,nan,3.0
-138.337015,29,1076.540352,0.0,1.0,-8.43897863184881,-138.33701478210452,0.0,0.0,0.0,1.0,0.015955032895977904,29,10.76019802240231,0.42709106770028404,1.162102881488349,0.034482758620689655,0.034482758620689655,0.06896551724137931,0.0,nan,3.0
-136.42561,17,1077.935057,0.0,1.0,-9.121599543040034,-136.42561003794629,0.0,0.0,0.0,1.0,0.01932977183866655,17,7.451759221309186,0.367557028330231,1.1275831917559866,0.06059942525975844,0.058823529411764705,0.11764705882352941,0.0,nan,3.0
-137.601681,24,1079.584951,0.0,1.0,-8.68531249156814,-137.60168060905244,0.0,0.0,0.0,1.0,0.011384645828982036,24,9.415675891502575,0.4096131439253908,1.0957224583406926,0.045088360706965126,0.041666666666666664,0.08333333333333333,0.0,nan,3.0
-138.235244,28,1081.423651,0.0,1.0,-8.400294135310498,-138.23524449561987,0.0,0.0,0.0,1.0,0.009653439327683842,28,10.354494416642213,0.4193332972214465,1.0976550883321514,0.12274825998714992,0.03571428571428571,0.07142857142857142,0.0,nan,3.0
-136.724744,16,1082.169649,0.0,1.0,-9.37282431082479,-136.724743528869,0.0,0.0,0.0,1.0,0.016255444031577256,16,7.374999775200169,0.38541308411574543,1.175706784528163,0.0625,0.0625,0.125,0.0,nan,3.0
-165.14726,42,1083.786734,0.0,1.0,-8.165588702108076,-165.147259639524,0.0,0.0,0.0,1.0,0.01464514251223158,42,13.54364383266771,0.9515959697096827,2.0,0.048917935008094424,0.14285714285714285,0.16666666666666666,0.0,42.48059548899517,3.0
-138.219784,28,1085.854017,0.0,1.0,-8.346322766690104,-138.21978375828772,0.0,0.0,0.0,1.0,0.012975899949275945,28,10.704711262589532,0.4214490855511306,1.1826681380226647,0.14411777257919312,0.03571428571428571,0.07142857142857142,0.0,nan,3.0
-136.736772,16,1087.768836,0.0,1.0,-9.243801894067452,-136.73677200507564,0.0,0.0,0.0,1.0,0.010690223448875543,16,7.370008205254644,0.37438416269782937,1.141580708233311,0.09461825340986252,0.0625,0.125,0.0,nan,3.0
-136.317596,16,1088.552734,0.0,1.0,-9.24977187197688,-136.31759649464084,0.0,0.0,0.0,1.0,0.01066510683654796,16,7.196430429675542,0.3353026555951287,1.0226459703705943,0.09255614876747131,0.0625,0.125,0.0,nan,3.0
-137.642079,25,1089.956355,0.0,1.0,-8.625879080213526,-137.64207861691713,0.0,0.0,0.0,1.0,0.013430466422422318,25,9.425788260932237,0.40917887158485117,1.107293938705683,0.07398650169372559,0.04,0.08,0.0,nan,3.0
-138.006255,28,1091.830481,0.0,1.0,-8.429194054997536,-138.00625484859034,0.0,0.0,0.0,1.0,0.010348465807628889,28,10.84132242940115,0.4088173504574547,1.055761455281809,0.05425328654902322,0.03571428571428571,0.07142857142857142,0.0,nan,3.0
-137.880044,24,1095.36006,0.0,1.0,-8.70819286740698,-137.88004427963108,0.0,0.0,0.0,1.0,0.010672518349845022,24,9.972548945236966,0.42913670898207507,1.2491106010390456,0.07208722829818726,0.041666666666666664,0.08333333333333333,0.0,102.91481403180681,3.0
-136.761922,17,1097.063437,0.0,1.0,-9.302004834785926,-136.76192199548285,0.0,0.0,0.0,1.0,0.013683341067383517,17,6.9889612855873455,0.3719218718900711,1.1426276910280402,0.058823529411764705,0.058823529411764705,0.11764705882352941,0.0,40.78484000774562,3.0
-137.965896,26,1097.976924,0.0,1.0,-8.56576936760877,-137.96589618109917,0.0,0.0,0.0,1.0,0.014078366890309774,26,9.80257892581115,0.4189274646263919,1.1867276608655482,0.0974613932462839,0.038461538461538464,0.07692307692307693,0.0,nan,3.0
-136.243076,16,1099.237759,0.0,1.0,-9.214395523220269,-136.24307576650227,0.0,0.0,0.0,1.0,0.012462245813397119,16,7.401826684545185,0.3342454474484041,1.0305648550320865,0.10883510112762451,0.0625,0.125,0.0,nan,3.0
-137.933507,28,1100.668666,0.0,1.0,-8.380531201930728,-137.93350707585935,0.0,0.0,0.0,1.0,0.015026512520724178,28,10.364734557033882,0.41184136750166944,1.094119573906951,0.11441160525594439,0.03571428571428571,0.07142857142857142,0.0,nan,3.0
-136.401788,15,1102.016852,0.0,1.0,-9.400455262439491,-136.4017876383551,0.0,0.0,0.0,1.0,0.009567449827750605,15,6.744204949753918,0.3456137752988761,1.0420126740067912,0.06666666666666667,0.06666666666666667,0.13333333333333333,0.0,176.08041150706387,3.0
-138.115886,27,1103.236555,0.0,1.0,-8.528466706986988,-138.11588582914615,0.0,0.0,0.0,1.0,0.013668400451626723,27,10.11877444630785,0.42270307292358505,1.1757796124926585,0.05772803447864674,0.037037037037037035,0.07407407407407407,0.0,nan,3.0
-137.868786,26,1105.532708,0.0,1.0,-8.462609376746743,-137.86878563272424,0.0,0.0,0.0,1.0,0.015385063311112761,26,10.693083745295262,0.42215404521446,1.1745213524715499,0.06293191359593318,0.038461538461538464,0.07692307692307693,0.0,nan,3.0
-136.497413,17,1106.683366,0.0,1.0,-9.157087578063138,-136.49741295357867,0.0,0.0,0.0,1.0,0.011683605715707195,17,7.223710505498138,0.3486197551855956,1.0697316391265,0.09490675084731158,0.058823529411764705,0.11764705882352941,0.0,nan,3.0
-136.508521,17,1107.988358,0.0,1.0,-9.15708758344373,-136.50852111350298,0.0,0.0,0.0,1.0,0.01166041718928205,17,7.161230399474242,0.3485559089329158,1.062042399328096,0.13383729317609003,0.058823529411764705,0.11764705882352941,0.0,nan,3.0
-137.912749,28,1109.383051,0.0,1.0,-8.451252265416977,-137.91274922553347,0.0,0.0,0.0,1.0,0.014429629628545064,28,10.425353420592078,0.40770170782873827,1.0793984637501848,0.08969228608267647,0.03571428571428571,0.07142857142857142,0.0,nan,3.0
-136.726507,18,1110.536788,0.0,1.0,-9.141375979024332,-136.72650722501143,0.0,0.0,0.0,1.0,0.01530422648030987,18,7.514573503074756,0.36844042367766505,1.1420434244110074,0.05555555555555555,0.05555555555555555,0.1111111111111111,0.0,52.07259321009337,3.0
-164.189506,42,1114.450229,0.0,1.0,-8.17693874639326,-164.18950550008424,0.0,0.0,0.0,1.0,0.014803865418406737,42,13.446917400254135,0.9304675898434166,2.0,0.06981735002426874,0.11904761904761904,0.09523809523809523,0.0,nan,3.0
-136.402886,18,1115.462523,0.0,1.0,-9.002016370275648,-136.402885624383,0.0,0.0,0.0,1.0,0.013706993211171472,18,7.28387244073944,0.3372415507028331,1.0718830364035177,0.1327444248729282,0.05555555555555555,0.1111111111111111,0.0,nan,3.0
-137.786752,28,1116.638141,0.0,1.0,-8.379544556455327,-137.7867520565429,0.0,0.0,0.0,1.0,0.01721414580082161,28,10.45137404043683,0.40431651713727756,1.0728414236235455,0.16383435470717295,0.03571428571428571,0.07142857142857142,0.0,nan,3.0
-136.646701,16,1118.222378,0.0,1.0,-9.265483995348777,-136.64670117978622,0.0,0.0,0.0,1.0,0.01181939934390357,16,7.161299441424128,0.36994316585036013,1.127883422430578,0.0625,0.0625,0.125,0.0,nan,3.0
-137.705712,24,1119.84697,0.0,1.0,-8.60910525567861,-137.7057120855363,0.0,0.0,0.0,1.0,0.012560677700352461,24,10.079524752844693,0.42023547482278517,1.1710160410457537,0.05111680428187052,0.041666666666666664,0.08333333333333333,0.0,30.76717669928502,3.0
-138.439239,30,1121.409303,0.0,1.0,-8.142270052831531,-138.43923940307067,0.0,0.0,0.0,1.0,0.013094437115024901,30,10.542864272041179,0.41841168593744854,1.1796212161732202,0.22109321355819703,0.03333333333333333,0.06666666666666667,0.0,nan,3.0
-137.9308,27,1122.907246,0.0,1.0,-8.348702940625984,-137.93079994443994,0.0,0.0,0.0,1.0,0.014263692204724756,27,10.758985822163336,0.41755725987139297,1.1609165720818397,0.10863907690401431,0.037037037037037035,0.07407407407407407,0.0,nan,3.0
-136.926889,18,1124.141986,0.0,1.0,-9.131636471153133,-136.9268888869545,0.0,0.0,0.0,1.0,0.010506609046847023,18,7.609951480483533,0.3713099488374979,1.150922410550905,0.055569350719451904,0.05555555555555555,0.1111111111111111,0.0,nan,3.0
-136.848289,17,1124.686292,0.0,1.0,-9.284683049344808,-136.84828908816425,0.0,0.0,0.0,1.0,0.014309929442689077,17,7.137807942645452,0.3813841249541511,1.171735970450848,0.09562837376314051,0.058823529411764705,0.11764705882352941,0.0,nan,3.0
-138.224702,26,1126.319234,0.0,1.0,-8.59818534976058,-138.2247016991818,0.0,0.0,0.0,1.0,0.01253814299582196,26,9.481211841999343,0.42943021334379267,1.2394155733018257,0.1124719656430758,0.038461538461538464,0.07692307692307693,0.0,31.23240573387572,3.0
-136.411716,17,1128.215911,0.0,1.0,-9.12527697748233,-136.41171629065536,0.0,0.0,0.0,1.0,0.011883869484528586,17,7.237219653562879,0.3453225879835913,1.0465392755202287,0.13167041890761433,0.058823529411764705,0.11764705882352941,0.0,nan,3.0
-138.326665,28,1129.513044,0.0,1.0,-8.412061484402178,-138.32666505297198,0.0,0.0,0.0,1.0,0.012846357868002747,28,10.855067804785552,0.4263658571904775,1.1938082203699283,0.05736323765345982,0.03571428571428571,0.07142857142857142,0.0,nan,3.0
-136.308365,17,1130.748377,0.0,1.0,-9.171759929523793,-136.30836525734637,0.0,0.0,0.0,1.0,0.014179543930855385,17,6.960310224652335,0.33844443170246563,1.037076736892999,0.10554876748253317,0.058823529411764705,0.11764705882352941,0.0,nan,3.0
-136.298386,16,1131.765127,0.0,1.0,-9.290875964733774,-136.29838555578422,0.0,0.0,0.0,1.0,0.013900689466663497,16,6.787770465874997,0.343625714640955,1.046964804797738,0.0625,0.0625,0.125,0.0,nan,3.0
-137.653303,26,1133.124968,0.0,1.0,-8.448561686302234,-137.6533030076917,0.0,0.0,0.0,1.0,0.013511068504125437,26,10.068357748807987,0.40714021701958614,1.0495075207364586,0.14539131751427284,0.038461538461538464,0.07692307692307693,0.0,56.66723936942358,3.0
-136.333298,16,1134.267143,0.0,1.0,-9.236300305569886,-136.33329752059157,0.0,0.0,0.0,1.0,0.01235881907176165,16,7.319322546871697,0.34404366932233793,1.0497658101026035,0.0625,0.0625,0.125,0.0,nan,3.0
-137.536864,27,1136.869509,0.0,1.0,-8.441422237605444,-137.53686440904738,0.0,0.0,0.0,1.0,0.017182056452200428,27,10.250799092969393,0.399055966932699,1.0324454520497406,0.09521241541262027,0.037037037037037035,0.07407407407407407,0.0,nan,3.0
-138.181582,27,1138.782511,0.0,1.0,-8.44299298328003,-138.18158226175697,0.0,0.0,0.0,1.0,0.013965072212317527,27,10.696128153275295,0.42657398083002956,1.2137007643312927,0.09691447681850857,0.037037037037037035,0.07407407407407407,0.0,nan,3.0
-136.78223,16,1139.841665,0.0,1.0,-9.407400858643156,-136.78222995092602,0.0,0.0,0.0,1.0,0.010647165024518408,16,6.9864344054250695,0.3716732939968169,1.130288830059234,0.08646732568740845,0.0625,0.125,0.0,nan,3.0
-158.956105,37,1141.750618,0.0,1.0,-8.392065288322659,-158.95610510823428,0.0,0.0,0.0,1.0,0.01314388348306855,37,12.521282079090458,0.8813831860985578,2.0,0.08832296326353743,0.02702702702702703,0.05405405405405406,0.0,nan,3.0
-138.27393,28,1143.852499,0.0,1.0,-8.443666145899712,-138.27393037891161,0.0,0.0,0.0,1.0,0.012644822674061078,28,10.760596300476905,0.42282184793439065,1.186307517198067,0.05834132007190159,0.03571428571428571,0.07142857142857142,0.0,nan,3.0
-166.226829,42,1146.568951,0.0,1.0,-8.316857923979516,-166.22682915957714,0.0,0.0,0.0,1.0,0.01898952972682303,42,13.862318945758018,0.964615340122098,2.0,0.1609993917601449,0.16666666666666666,0.16666666666666666,0.0,nan,3.0
-136.667634,18,1147.601607,0.0,1.0,-9.141375976593395,-136.66763356327132,0.0,0.0,0.0,1.0,0.015395970910787772,18,7.469385419670944,0.3642398892896326,1.1211751284450577,0.08971130185657078,0.05555555555555555,0.1111111111111111,0.0,nan,3.0
-136.519337,17,1148.210502,0.0,1.0,-9.148832016829004,-136.51933658244465,0.0,0.0,0.0,1.0,0.0136539027692537,17,6.937107632970758,0.3521959862548449,1.102084675087772,0.16239711116341984,0.058823529411764705,0.11764705882352941,0.0,nan,3.0
-136.847193,18,1149.324815,0.0,1.0,-9.14491231567731,-136.84719273448997,0.0,0.0,0.0,1.0,0.013629911535965065,18,7.498115018609288,0.3731221778958832,1.1565526058531066,0.05555555555555555,0.05555555555555555,0.1111111111111111,0.0,nan,3.0
-138.02521,27,1150.916112,0.0,1.0,-8.428807570505441,-138.02521007336827,0.0,0.0,0.0,1.0,0.014674583112499499,27,10.88041660968821,0.42359387428496287,1.1562681532464043,0.03965474058080603,0.037037037037037035,0.07407407407407407,0.0,nan,3.0
-136.753361,16,1151.331379,0.0,1.0,-9.250262384716546,-136.75336078649624,0.0,0.0,0.0,1.0,0.010633652744770078,16,7.328096563663759,0.37631879330763685,1.1471601899963795,0.0625,0.0625,0.125,0.0,nan,3.0
-136.730717,18,1152.782157,0.0,1.0,-9.165047675923804,-136.73071709539525,0.0,0.0,0.0,1.0,0.01566066736189079,18,7.237579267499687,0.3691249325075379,1.1384656906382087,0.05555555555555555,0.05555555555555555,0.1111111111111111,0.0,nan,3.0
-138.099549,27,1154.024265,0.0,1.0,-8.43742741858692,-138.09954862012188,0.0,0.0,0.0,1.0,0.014649645713759669,27,10.92308157745284,0.4259070587182143,1.1850484605243055,0.05481395456526014,0.037037037037037035,0.07407407407407407,0.0,nan,3.0
-136.531065,17,1156.236861,0.0,1.0,-9.096529143294102,-136.5310654514034,0.0,0.0,0.0,1.0,0.016190754704776662,17,7.763185965044625,0.36661338854793957,1.1274979813601684,0.11939215660095215,0.058823529411764705,0.11764705882352941,0.0,nan,3.0
-137.668634,25,1158.265804,0.0,1.0,-8.53756368907452,-137.66863377327184,0.0,0.0,0.0,1.0,0.01054532278269599,25,10.243237534488825,0.4092623032254307,1.0841844085359191,0.04152803897857666,0.04,0.08,0.0,nan,3.0
-137.873983,28,1160.734591,0.0,1.0,-8.360208781778745,-137.87398316119052,0.0,0.0,0.0,1.0,0.014770788904398759,28,10.073061181046645,0.41049210440802636,1.073442735254316,0.08439060619899205,0.03571428571428571,0.07142857142857142,0.0,nan,3.0
-137.784929,25,1162.272101,0.0,1.0,-8.539064395188161,-137.784928961471,0.0,0.0,0.0,1.0,0.01055207091258108,25,10.242342004889435,0.41196690835250765,1.1132628671854463,0.1553674554824829,0.04,0.08,0.0,nan,3.0
-136.84144,17,1163.792102,0.0,1.0,-9.30069429427256,-136.84144046701397,0.0,0.0,0.0,1.0,0.010331155364941513,17,6.889543869853129,0.3679064556601904,1.1295139383934236,0.07596781674553366,0.058823529411764705,0.11764705882352941,0.0,nan,3.0
-136.469677,17,1164.214792,0.0,1.0,-9.167984013090944,-136.46967701454142,0.0,0.0,0.0,1.0,0.009820228720020283,17,6.9757204392038075,0.3398025045950413,1.047092147782829,0.07325783897848691,0.058823529411764705,0.11764705882352941,0.0,nan,3.0
-138.258957,28,1165.777679,0.0,1.0,-8.441983246056608,-138.25895678239522,0.0,0.0,0.0,1.0,0.012671205652266553,28,10.730679412342578,0.42320466852994837,1.1659056404585995,0.05148575135639736,0.03571428571428571,0.07142857142857142,0.0,nan,3.0
-138.125332,26,1167.793606,0.0,1.0,-8.57222890842993,-138.12533241845307,0.0,0.0,0.0,1.0,0.01373325174871968,26,9.60292552518509,0.42446201391975164,1.2441397902510607,0.10105567024304317,0.038461538461538464,0.07692307692307693,0.0,nan,3.0
-138.001024,29,1170.655828,0.0,1.0,-8.407512361134193,-138.00102429031165,0.0,0.0,0.0,1.0,0.015224111560720118,29,10.162439988643618,0.40947008184052125,1.0346785794485938,0.12910298643441037,0.034482758620689655,0.06896551724137931,0.0,10.348287636707612,3.0
-136.848701,19,1172.309766,0.0,1.0,-9.022015123913974,-136.84870126629758,0.0,0.0,0.0,1.0,0.013315901144765455,19,7.159669325272003,0.3650718132109821,1.143261406119502,0.15799832971472488,0.05263157894736842,0.10526315789473684,0.0,nan,3.0
-138.339028,29,1173.681366,0.0,1.0,-8.384121009795924,-138.33902761836333,0.0,0.0,0.0,1.0,0.017204449279563907,29,10.691698612303153,0.42666714583979704,1.1912185099356953,0.10256655873923466,0.034482758620689655,0.06896551724137931,0.0,nan,3.0
-136.481836,17,1174.484823,0.0,1.0,-9.14237802219223,-136.4818357556472,0.0,0.0,0.0,1.0,0.014971583222595373,17,7.029785436219129,0.3546673151575079,1.1071276236014687,0.1363833090838264,0.058823529411764705,0.11764705882352941,0.0,nan,3.0
-138.183856,25,1175.795313,0.0,1.0,-8.672844236400087,-138.18385593956165,0.0,0.0,0.0,1.0,0.011447633282371517,25,9.780062269192932,0.4299215866896322,1.2535262891509933,0.05666779518127441,0.04,0.08,0.0,nan,3.0
-138.244555,26,1177.156599,0.0,1.0,-8.548810635000908,-138.2445550479423,0.0,0.0,0.0,1.0,0.01064597364501493,26,9.862647616158771,0.4282960858008851,1.2320873411646875,0.11132072026912983,0.038461538461538464,0.07692307692307693,0.0,nan,3.0
-167.620623,42,1179.342805,0.0,1.0,-8.372937717179568,-167.62062268251634,0.0,0.0,0.0,1.0,0.01111346310326259,42,13.380898693322706,0.987153219801769,2.0,0.06930184931982131,0.023809523809523808,0.047619047619047616,0.0,nan,3.0
-138.207533,27,1180.798049,0.0,1.0,-8.469581105752853,-138.20753332787086,0.0,0.0,0.0,1.0,0.011898291520961385,27,10.313523524997239,0.42522412071552795,1.1878422051032436,0.06833674731077971,0.037037037037037035,0.07407407407407407,0.0,nan,3.0
-136.572367,18,1182.174194,0.0,1.0,-9.009236126659223,-136.57236674478148,0.0,0.0,0.0,1.0,0.014467745187061247,18,7.633385133575239,0.3594879875539267,1.0830205422069927,0.14480335844887626,0.05555555555555555,0.1111111111111111,0.0,nan,3.0
-137.661214,26,1183.648334,0.0,1.0,-8.557151514042179,-137.66121367723946,0.0,0.0,0.0,1.0,0.013137657365471381,26,9.679949282692478,0.40449510293983526,1.0475194718995757,0.06731959948172936,0.038461538461538464,0.07692307692307693,0.0,nan,3.0
-137.891098,28,1185.736636,0.0,1.0,-8.414792913642852,-137.8910982072448,0.0,0.0,0.0,1.0,0.014439334762596187,28,9.805845213649166,0.40932015544120315,1.0673258051628407,0.09980446951729911,0.03571428571428571,0.07142857142857142,0.0,nan,3.0
-165.173378,41,1188.001151,0.0,1.0,-8.201880264449494,-165.17337786475153,0.0,0.0,0.0,1.0,0.010148832806384308,41,13.757851407701533,0.960683038339663,2.0,0.06249774083858583,0.17073170731707318,0.1951219512195122,0.0,nan,3.0
-138.107642,24,1189.416911,0.0,1.0,-8.77914771239614,-138.10764225501202,0.0,0.0,0.0,1.0,0.011034175594624992,24,9.381968933417628,0.431029515752746,1.2719206060571042,0.11894631882508595,0.041666666666666664,0.08333333333333333,0.0,nan,3.0
-138.046768,27,1191.012398,0.0,1.0,-8.432262241468845,-138.04676781675073,0.0,0.0,0.0,1.0,0.015320354489023118,27,10.975280220043517,0.4257911016790675,1.1686696322852894,0.037037037037037035,0.037037037037037035,0.07407407407407407,0.0,nan,3.0
-136.468004,15,1192.507673,0.0,1.0,-9.424656245197772,-136.46800357377347,0.0,0.0,0.0,1.0,0.008626428322433821,15,6.497840480209701,0.34780635223443807,1.0458166609971007,0.07984440326690674,0.06666666666666667,0.13333333333333333,0.0,nan,3.0
-136.932645,18,1193.451896,0.0,1.0,-9.131636539071547,-136.93264509905117,0.0,0.0,0.0,1.0,0.010523237811108904,18,7.63167352046147,0.3713875338789975,1.1522410075186857,0.06874442100524902,0.05555555555555555,0.1111111111111111,0.0,48.94032883903476,3.0
-138.184819,26,1195.185563,0.0,1.0,-8.5511222770894,-138.18481935460258,0.0,0.0,0.0,1.0,0.01102659954783182,26,10.187928592470998,0.4271086260406499,1.198341361197445,0.11106956005096436,0.038461538461538464,0.07692307692307693,0.0,nan,3.0
-138.299358,28,1196.621809,0.0,1.0,-8.431721217982416,-138.29935790997547,0.0,0.0,0.0,1.0,0.012290452514521764,28,10.986506683151408,0.4246700235440732,1.1694931451551498,0.04022019250052316,0.03571428571428571,0.07142857142857142,0.0,nan,3.0
-136.849476,16,1197.713534,0.0,1.0,-9.41248069288204,-136.849475599229,0.0,0.0,0.0,1.0,0.011497377187436195,16,6.975167656433718,0.3795343512482715,1.1477117630319342,0.1331329345703125,0.0625,0.125,0.0,nan,3.0
-136.466666,17,1198.463731,0.0,1.0,-9.165059983630151,-136.4666659994132,0.0,0.0,0.0,1.0,0.009876519526463028,17,7.03535693064698,0.3383622443726464,1.040079914009759,0.12418688746059642,0.058823529411764705,0.11764705882352941,0.0,nan,3.0
-136.800893,17,1199.398748,0.0,1.0,-9.241657171481926,-136.80089308350952,0.0,0.0,0.0,1.0,0.0142892161670153,17,7.625128533779478,0.37699531538027314,1.154288716795962,0.15281123974744013,0.058823529411764705,0.11764705882352941,0.0,nan,3.0
-136.70258,18,1200.821545,0.0,1.0,-9.01333371974361,-136.70258020225376,0.0,0.0,0.0,1.0,0.014148155377996048,18,7.5624791867666215,0.3664209499582692,1.1219176806364715,0.14864101012547812,0.05555555555555555,0.1111111111111111,0.0,nan,3.0
-138.264033,26,1202.372776,0.0,1.0,-8.594782513988036,-138.26403323174182,0.0,0.0,0.0,1.0,0.013973508474438366,26,9.881954511142816,0.43243378860145054,1.269260071283699,0.13521707974947417,0.038461538461538464,0.07692307692307693,0.0,nan,3.0
-136.238387,17,1204.147266,0.0,1.0,-9.096682820279442,-136.23838747292515,0.0,0.0,0.0,1.0,0.016659313247183054,17,7.443147184995069,0.3531695995317534,1.1001918522126055,0.14065178001628204,0.058823529411764705,0.11764705882352941,0.0,nan,3.0
-136.298097,17,1205.281878,0.0,1.0,-9.171759918721722,-136.29809655983937,0.0,0.0,0.0,1.0,0.014160176617201158,17,6.987206325118496,0.338723980363129,1.0418295246394913,0.058823529411764705,0.058823529411764705,0.11764705882352941,0.0,nan,3.0
-136.553316,17,1206.255548,0.0,1.0,-9.103725778818635,-136.55331575122702,0.0,0.0,0.0,1.0,0.016106498066821826,17,7.726798432952529,0.3686926136197748,1.1332789883848065,0.09155856861787684,0.058823529411764705,0.11764705882352941,0.0,nan,3.0
-136.706346,18,1207.188462,0.0,1.0,-8.976931150315796,-136.7063459496164,0.0,0.0,0.0,1.0,0.012809439550576283,18,7.585307230519037,0.362477660410267,1.1345988916564111,0.1320927639802297,0.05555555555555555,0.1111111111111111,0.0,nan,3.0
-167.376815,43,1210.371668,0.0,1.0,-8.424743557254029,-167.37681529659005,0.0,0.0,0.0,1.0,0.014561612819332971,43,13.355557920000253,0.968701519937186,2.0,0.16720779829247054,0.06976744186046512,0.06976744186046512,0.0,nan,3.0
-138.107394,25,1212.777058,0.0,1.0,-8.671067499648016,-138.10739352527025,0.0,0.0,0.0,1.0,0.011018226131581387,25,9.851499560765818,0.42670581125594526,1.2269553723744968,0.04985356330871582,0.04,0.08,0.0,28.709283242932454,3.0
-168.282411,42,1214.727549,0.0,1.0,-8.301078551282608,-168.2824114462977,0.0,0.0,0.0,1.0,0.010231080859417345,42,13.797233574415534,0.9993368562802234,2.0,0.1180942626226516,0.07142857142857142,0.14285714285714285,0.0,38.91554521127232,3.0
-137.658504,27,1216.271954,0.0,1.0,-8.437729324506972,-137.65850419505554,0.0,0.0,0.0,1.0,0.012691915509788765,27,10.519950359857956,0.39786592455874875,1.0246774068756461,0.10072622034284803,0.037037037037037035,0.07407407407407407,0.0,nan,3.0
-136.472445,17,1217.374992,0.0,1.0,-9.175413257475205,-136.47244498836935,0.0,0.0,0.0,1.0,0.009891434252221967,17,7.020351528505903,0.339948386810314,1.0424866848863634,0.09993992833530202,0.058823529411764705,0.11764705882352941,0.0,nan,3.0
-136.294729,17,1218.48365,0.0,1.0,-9.129845906256255,-136.29472854152343,0.0,0.0,0.0,1.0,0.012485381834224402,17,7.334399405813534,0.3347617963156951,1.0310325838608347,0.058823529411764705,0.058823529411764705,0.11764705882352941,0.0,nan,3.0
-138.186442,25,1219.775558,0.0,1.0,-8.610170658695825,-138.18644217674708,0.0,0.0,0.0,1.0,0.010080243105765736,25,10.186814842149678,0.42821610650548264,1.2422039608847626,0.136291766166687,0.04,0.08,0.0,nan,3.0
-138.032033,24,1221.534307,0.0,1.0,-8.707854776608782,-138.0320329268648,0.0,0.0,0.0,1.0,0.010687718299648622,24,9.97713350034229,0.42962253871780454,1.251192134163466,0.07066888610521953,0.041666666666666664,0.08333333333333333,0.0,39.467670140202266,3.0
-138.110272,26,1223.395879,0.0,1.0,-8.625463247602847,-138.11027246347751,0.0,0.0,0.0,1.0,0.013022724854019927,26,9.329653898335714,0.42676877162739413,1.1730913525590128,0.12670124494112456,0.038461538461538464,0.07692307692307693,0.0,nan,3.0
-137.629176,27,1224.438644,0.0,1.0,-8.377437114843696,-137.62917556035694,0.0,0.0,0.0,1.0,0.018805562496166356,27,10.34787636058774,0.40941219932833595,1.0985171573675405,0.08874276390782108,0.037037037037037035,0.07407407407407407,0.0,nan,3.0
-137.85873,26,1225.532226,0.0,1.0,-8.50101332779043,-137.85873020129017,0.0,0.0,0.0,1.0,0.01270504422852096,26,10.210339685791174,0.4150295866673707,1.1385081408788957,0.04364288770235502,0.038461538461538464,0.07692307692307693,0.0,nan,3.0
-138.114533,25,1227.655741,0.0,1.0,-8.563399804012331,-138.11453312132818,0.0,0.0,0.0,1.0,0.011040817748959568,25,9.618241288983867,0.42908220557198823,1.2309111586904644,0.17939969539642334,0.04,0.08,0.0,nan,3.0
-138.367449,29,1231.682716,0.0,1.0,-8.370597373315867,-138.36744899468619,0.0,0.0,0.0,1.0,0.010178590717031028,29,10.672891658644211,0.4155526630477268,1.132506536491906,0.14141111127261458,0.034482758620689655,0.06896551724137931,0.0,46.39165279779457,3.0
-138.066672,25,1233.403013,0.0,1.0,-8.692724761502129,-138.0666721693521,0.0,0.0,0.0,1.0,0.009723792882771915,25,9.593375140029531,0.42285941673501265,1.1970052114037715,0.04428815841674805,0.04,0.08,0.0,nan,3.0
-136.4153,17,1234.460489,0.0,1.0,-9.11562041781529,-136.41529953084213,0.0,0.0,0.0,1.0,0.015256532940144257,17,7.486214634545524,0.35108213375416236,1.0574282615363504,0.24889742626863368,0.058823529411764705,0.11764705882352941,0.0,nan,3.0
-170.049777,43,1236.376764,0.0,1.0,-8.072778674166065,-170.04977702294633,0.0,0.0,0.0,1.0,0.01605759843343617,43,14.069480734336409,1.0231346855689205,2.0,0.12404704371164012,0.16279069767441862,0.18604651162790697,0.0,nan,3.0
-168.913246,43,1238.434915,0.0,1.0,-8.340448081220236,-168.9132461887526,0.0,0.0,0.0,1.0,0.0148166964018216,43,13.454939326850253,0.9975342358424681,2.0,0.1514533508655637,0.06976744186046512,0.13953488372093023,0.0,33.7177741677902,3.0
-136.86569,18,1239.813697,0.0,1.0,-9.162871358919821,-136.8656900617274,0.0,0.0,0.0,1.0,0.013105005722891461,18,7.401173650608884,0.37106596914409634,1.1531486413587586,0.09866479370329115,0.05555555555555555,0.1111111111111111,0.0,nan,3.0
-137.469774,24,1240.733723,0.0,1.0,-8.62359626230242,-137.46977390070057,0.0,0.0,0.0,1.0,0.014232464225757213,24,9.980337737928213,0.40920731157375295,1.087584934557246,0.06622303525606792,0.041666666666666664,0.08333333333333333,0.0,nan,3.0
-136.342271,16,1242.339859,0.0,1.0,-9.313701048117478,-136.34227133478873,0.0,0.0,0.0,1.0,0.012295211981113203,16,6.649564474687584,0.34142254084394175,1.0378279896089282,0.08261768519878387,0.0625,0.125,0.0,121.45784882247413,3.0
-138.04305,28,1244.375615,0.0,1.0,-8.429194059695902,-138.04305041462896,0.0,0.0,0.0,1.0,0.010348465807628889,28,10.850182762104213,0.4103912970972217,1.0704449102526705,0.05056777170726231,0.03571428571428571,0.07142857142857142,0.0,37.017228143860436,3.0
-136.867506,17,1245.403837,0.0,1.0,-9.265483989969477,-136.8675056019147,0.0,0.0,0.0,1.0,0.012476121927646449,17,7.236999068660172,0.38327068580902685,1.1037291296106637,0.2538578089545755,0.058823529411764705,0.11764705882352941,0.0,nan,3.0
-136.424052,17,1246.29178,0.0,1.0,-9.18113982027684,-136.4240518479392,0.0,0.0,0.0,1.0,0.014843578763070636,17,6.913390534760242,0.3518547347779573,1.0790095456010242,0.058823529411764705,0.058823529411764705,0.11764705882352941,0.0,48.8078969871313,3.0
-136.728946,16,1247.243481,0.0,1.0,-9.265839462661562,-136.72894569280663,0.0,0.0,0.0,1.0,0.009719852226080244,16,7.2749813708569215,0.3695008785924177,1.1143652644617024,0.13574984669685364,0.0625,0.125,0.0,nan,3.0
-136.871406,16,1247.884827,0.0,1.0,-9.371583467538905,-136.87140568556063,0.0,0.0,0.0,1.0,0.011613520731116558,16,7.3015697338700765,0.3827755752934313,1.1640907707536714,0.10685105621814728,0.0625,0.125,0.0,nan,3.0
-137.915672,29,1248.965268,0.0,1.0,-8.239343435951335,-137.91567213290833,0.0,0.0,0.0,1.0,0.016687830790592238,29,10.277267833842286,0.39874106356425915,1.1256437888187665,0.23349365694769497,0.034482758620689655,0.06896551724137931,0.0,nan,3.0
-137.83372,27,1250.688346,0.0,1.0,-8.414888112104185,-137.8337198918793,0.0,0.0,0.0,1.0,0.01881881198620321,27,10.635735666024093,0.41789854414412664,1.1742095382087145,0.10582034676163285,0.037037037037037035,0.07407407407407407,0.0,nan,3.0
-139.061369,34,1253.599416,0.0,1.0,-8.36282028664335,-139.06136903701818,0.0,0.0,0.0,1.0,0.016189657886291817,34,12.270428780926249,0.44478985139411314,1.0498377004423096,0.0981472695575041,0.08823529411764706,0.08823529411764706,0.0,nan,3.0
-137.901293,26,1254.840489,0.0,1.0,-8.462609097355491,-137.90129276472234,0.0,0.0,0.0,1.0,0.01538506429713036,26,10.473350451247255,0.4213037631366244,1.1591966034348617,0.17171663962877715,0.038461538461538464,0.07692307692307693,0.0,nan,3.0
-136.499955,15,1256.101519,0.0,1.0,-9.383617130340735,-136.4999550976737,0.0,0.0,0.0,1.0,0.012871026036295962,15,6.972444818996801,0.367362076491333,1.1079755431414593,0.08802913029988607,0.06666666666666667,0.13333333333333333,0.0,nan,3.0
-136.240739,17,1258.198448,0.0,1.0,-9.163624118067068,-136.24073929894593,0.0,0.0,0.0,1.0,0.014243953767033996,17,7.009345683138097,0.3332329458279934,1.0284296532231796,0.0747371841879452,0.058823529411764705,0.11764705882352941,0.0,nan,3.0
-138.890576,32,1259.511298,0.0,1.0,-8.465649125279059,-138.89057558600769,0.0,0.0,0.0,1.0,0.010438619613536464,32,12.152574283430221,0.43162057291365596,1.0465471315039823,0.1138604935258627,0.03125,0.0625,0.0,nan,3.0
-137.671365,27,1261.458221,0.0,1.0,-8.440354834132203,-137.67136505703846,0.0,0.0,0.0,1.0,0.01452240307350519,27,10.635559585885069,0.4046189520701778,1.0452724383708563,0.04074455190587927,0.037037037037037035,0.07407407407407407,0.0,nan,3.0
-136.455293,17,1262.417835,0.0,1.0,-9.159043582638324,-136.45529333019323,0.0,0.0,0.0,1.0,0.01152671019259025,17,6.721342925569798,0.33542107028819995,1.0625226734432855,0.2887838938656975,0.058823529411764705,0.11764705882352941,0.0,nan,3.0
-138.31421,26,1264.081519,0.0,1.0,-8.595190132803815,-138.3142100016867,0.0,0.0,0.0,1.0,0.015045774856674025,26,9.157250885046643,0.43840329852775295,1.2760350903516757,0.1857108840575585,0.038461538461538464,0.07692307692307693,0.0,41.848412561311804,3.0
-138.158266,27,1265.784313,0.0,1.0,-8.510490150123541,-138.15826625839702,0.0,0.0,0.0,1.0,0.013241891720461306,27,9.845640177639748,0.42412604079482596,1.1999254092845888,0.05795612158598723,0.037037037037037035,0.07407407407407407,0.0,nan,3.0
-138.197053,29,1267.285071,0.0,1.0,-8.393662321322516,-138.1970530471648,0.0,0.0,0.0,1.0,0.016346734522510484,29,10.608247777229012,0.4207811110390708,1.1176916979443627,0.07560237111716435,0.034482758620689655,0.06896551724137931,0.0,nan,3.0
-137.530839,25,1268.290941,0.0,1.0,-8.568795810651125,-137.5308392560987,0.0,0.0,0.0,1.0,0.015544418636646646,25,9.94659016326854,0.41034050475218714,1.0958852733813471,0.04,0.04,0.08,0.0,59.65459394123294,3.0
-136.650158,16,1269.595609,0.0,1.0,-9.265484002730311,-136.65015834200554,0.0,0.0,0.0,1.0,0.011932085921699101,16,7.272986013650445,0.36920307513871536,1.1200081022541124,0.12483135610818863,0.0625,0.125,0.0,nan,3.0
-138.316231,29,1274.266452,0.0,1.0,-8.416370781983641,-138.3162308670793,0.0,0.0,0.0,1.0,0.010067296577736867,29,10.851753053777331,0.41416171871497615,1.1114908072936556,0.07107529763517709,0.034482758620689655,0.06896551724137931,0.0,29.468528281259363,3.0
-136.914916,18,1275.433292,0.0,1.0,-9.131636537241121,-136.9149158919666,0.0,0.0,0.0,1.0,0.010586319543783218,18,7.662644714942559,0.3701396213822346,1.1468118106662333,0.08072960376739502,0.05555555555555555,0.1111111111111111,0.0,nan,3.0
-136.453157,17,1276.656541,0.0,1.0,-9.123041932657037,-136.45315688439075,0.0,0.0,0.0,1.0,0.018083263215947935,17,7.521786654669216,0.3657425951084658,1.1267840720495452,0.07648701527539421,0.058823529411764705,0.11764705882352941,0.0,nan,3.0
-137.791927,27,1278.618068,0.0,1.0,-8.456511679543288,-137.79192657762965,0.0,0.0,0.0,1.0,0.012765443487813001,27,9.772615586082974,0.40168565700959485,1.0847063088998405,0.08406008614434136,0.037037037037037035,0.07407407407407407,0.0,nan,3.0
-137.885186,29,1280.275739,0.0,1.0,-8.29381968521822,-137.88518586795135,0.0,0.0,0.0,1.0,0.017782103430748996,29,10.309335392671926,0.4116149204064683,1.0546022030615936,0.13471440816747732,0.034482758620689655,0.06896551724137931,0.0,nan,3.0
-138.042828,26,1281.981972,0.0,1.0,-8.476860539053858,-138.04282829317336,0.0,0.0,0.0,1.0,0.010281689619416551,26,10.526418805730668,0.41862770948759953,1.1925636048311181,0.08236199158888596,0.038461538461538464,0.07692307692307693,0.0,nan,3.0
-136.476868,17,1283.15204,0.0,1.0,-9.144216919740986,-136.47686834048417,0.0,0.0,0.0,1.0,0.013199780956187868,17,7.299783806313321,0.35203837277050704,1.0821269952649963,0.08395866085501279,0.058823529411764705,0.11764705882352941,0.0,nan,3.0
-137.534319,25,1284.76143,0.0,1.0,-8.536303399587265,-137.53431935282944,0.0,0.0,0.0,1.0,0.013100408296523147,25,9.50085955925906,0.40335212029990997,1.0779283144710228,0.11253871917724609,0.04,0.08,0.0,78.97998277255441,3.0
-137.951668,27,1286.375825,0.0,1.0,-8.43522631289452,-137.9516676125827,0.0,0.0,0.0,1.0,0.012014190121287271,27,10.048719241530579,0.41260379489870624,1.0933268198843986,0.11569090684254964,0.037037037037037035,0.07407407407407407,0.0,nan,3.0
-138.228283,26,1287.073715,0.0,1.0,-8.526723681314497,-138.22828328484147,0.0,0.0,0.0,1.0,0.013987839269775064,26,10.283418082567277,0.43296931251905324,1.2841246174593342,0.10651697791539706,0.038461538461538464,0.07692307692307693,0.0,nan,3.0
-136.953707,17,1288.219562,0.0,1.0,-9.269617025346216,-136.95370673372216,0.0,0.0,0.0,1.0,0.009314816880447083,17,7.276308157749959,0.3767200651764776,1.1425727455376364,0.10455031955943388,0.058823529411764705,0.11764705882352941,0.0,57.03542728750326,3.0
-138.143019,25,1290.786675,0.0,1.0,-8.65216219798951,-138.14301890352414,0.0,0.0,0.0,1.0,0.011128924456263138,25,9.918358497127498,0.4281275482038433,1.2414843172062306,0.074407320022583,0.04,0.08,0.0,nan,3.0
-163.474437,42,1293.45598,0.0,1.0,-7.878107478985338,-163.47443715131612,0.0,0.0,0.0,1.0,0.01951074264963054,42,13.895962753760566,0.9219674778384653,2.0,0.15058669305983044,0.23809523809523808,0.11904761904761904,0.0,nan,3.0
-136.497721,16,1294.555554,0.0,1.0,-9.253398131438,-136.49772135257444,0.0,0.0,0.0,1.0,0.009636613357528823,16,7.1692519649390185,0.35853522236289925,1.104822940570182,0.1586320847272873,0.0625,0.125,0.0,nan,3.0
-136.392235,17,1296.014588,0.0,1.0,-9.126717210264228,-136.39223494746557,0.0,0.0,0.0,1.0,0.01848213837680061,17,7.501890302008228,0.3619470321430071,1.0772993213096644,0.15900137845207662,0.058823529411764705,0.11764705882352941,0.0,nan,3.0
-136.412129,17,1296.928777,0.0,1.0,-9.147860693686669,-136.41212876543952,0.0,0.0,0.0,1.0,0.011436655815901777,17,7.253856183632541,0.34086827467039205,1.0485087028220157,0.08159082076128792,0.058823529411764705,0.11764705882352941,0.0,nan,3.0
-167.611543,43,1299.123052,0.0,1.0,-8.272192465856719,-167.61154322243513,0.0,0.0,0.0,1.0,0.014986738023578416,43,13.398198990081728,0.9759776436190474,2.0,0.13391403819239417,0.06976744186046512,0.06976744186046512,0.0,32.98590963935388,3.0
-138.051807,24,1300.594999,0.0,1.0,-8.788055411863134,-138.05180669770894,0.0,0.0,0.0,1.0,0.011025212916455807,24,9.357593837768228,0.4295574916279811,1.2412278513040518,0.0941136082013448,0.041666666666666664,0.08333333333333333,0.0,nan,3.0
-137.890913,28,1302.763525,0.0,1.0,-8.325140456503775,-137.89091322594567,0.0,0.0,0.0,1.0,0.01594217395940786,28,10.48761897806544,0.41133287246604994,1.1069105837295565,0.14292618206569127,0.03571428571428571,0.07142857142857142,0.0,nan,3.0
-136.696988,16,1303.735596,0.0,1.0,-9.401341278879798,-136.69698751647687,0.0,0.0,0.0,1.0,0.010871614728511381,16,6.767735264175252,0.3612747532678967,1.1128379970509497,0.17401933670043945,0.0625,0.125,0.0,nan,3.0
-136.769316,16,1304.780028,0.0,1.0,-9.408319984718533,-136.76931555209,0.0,0.0,0.0,1.0,0.013785993762521077,16,6.776331157588079,0.37740540871768746,1.1604007418900097,0.09581784904003143,0.0625,0.125,0.0,nan,3.0
-168.346738,42,1307.070279,0.0,1.0,-8.26770353256903,-168.34673821592756,0.0,0.0,0.0,1.0,0.014345053083198115,42,13.958815244824764,1.004529316206923,2.0,0.13349373000008719,0.16666666666666666,0.23809523809523808,0.0,nan,3.0
-136.666432,18,1308.322398,0.0,1.0,-9.003369935475314,-136.6664323198855,0.0,0.0,0.0,1.0,0.011324571631672069,18,7.4247413797547885,0.35723684949696033,1.1113928909652242,0.08087718486785889,0.05555555555555555,0.1111111111111111,0.0,39.55899367813399,3.0
-138.175971,26,1309.738982,0.0,1.0,-8.581450936263359,-138.1759706236407,0.0,0.0,0.0,1.0,0.010556488669854175,26,9.651368190632422,0.42218856800309834,1.1966737409360793,0.17637212459857649,0.038461538461538464,0.07692307692307693,0.0,nan,3.0
-138.207294,25,1311.269871,0.0,1.0,-8.635576159180383,-138.20729400120533,0.0,0.0,0.0,1.0,0.009986906269496243,25,10.111251640068538,0.42846345218907955,1.2360691543887197,0.12060333251953125,0.04,0.08,0.0,nan,3.0
-169.041945,43,1313.693359,0.0,1.0,-8.258542216675098,-169.04194507836905,0.0,0.0,0.0,1.0,0.019010010600683958,43,14.084297338700592,1.0051919207448337,2.0,0.127049631850664,0.11627906976744186,0.23255813953488372,0.0,nan,3.0
-137.543954,27,1314.693618,0.0,1.0,-8.436542630171363,-137.5439544588364,0.0,0.0,0.0,1.0,0.018452811279537757,27,10.168187984559923,0.40344614819751307,1.0477289804388918,0.07203136991571497,0.037037037037037035,0.07407407407407407,0.0,nan,3.0
-136.969914,18,1315.999504,0.0,1.0,-9.142974566779456,-136.96991420985725,0.0,0.0,0.0,1.0,0.011746161250260822,18,7.368872493229462,0.3773567470093442,1.1342118779281847,0.18859593073527017,0.05555555555555555,0.1111111111111111,0.0,nan,3.0
-138.341786,27,1317.789977,0.0,1.0,-8.541242098360524,-138.3417862086478,0.0,0.0,0.0,1.0,0.012773797093471687,27,10.057200365366471,0.43159207179288056,1.2315929940524415,0.038758043889646175,0.037037037037037035,0.07407407407407407,0.0,63.71283968681349,3.0
-136.69203,16,1318.76962,0.0,1.0,-9.40446176052244,-136.69203045685865,0.0,0.0,0.0,1.0,0.011368856791269004,16,7.033774614319276,0.3664358933195878,1.1083406958268938,0.13106504827737808,0.0625,0.125,0.0,nan,3.0
-137.928099,24,1320.593121,0.0,1.0,-8.783455907943402,-137.92809886358657,0.0,0.0,0.0,1.0,0.011201741614036044,24,9.22442003846331,0.42193787873828853,1.1969973339338629,0.14529192447662354,0.041666666666666664,0.08333333333333333,0.0,nan,3.0
-137.971203,28,1322.292869,0.0,1.0,-8.2651517840299,-137.97120320663487,0.0,0.0,0.0,1.0,0.015984987668424953,28,10.626102728050464,0.41395430991546184,1.1330844474857464,0.17189752629825047,0.03571428571428571,0.07142857142857142,0.0,nan,3.0
-139.269707,34,1325.171639,0.0,1.0,-8.458230208546995,-139.26970735548565,0.0,0.0,0.0,1.0,0.015119343273410028,34,11.933900013861185,0.4440373238548667,1.1005157205733709,0.11845906341777128,0.029411764705882353,0.058823529411764705,0.0,nan,3.0
-136.557966,18,1326.188549,0.0,1.0,-9.026477785977395,-136.55796581284642,0.0,0.0,0.0,1.0,0.01577763806776788,18,7.2912205703883775,0.3564059971651614,1.118810065984098,0.13059793578253853,0.05555555555555555,0.1111111111111111,0.0,nan,3.0
-136.841338,16,1327.309409,0.0,1.0,-9.425818259747695,-136.84133762878704,0.0,0.0,0.0,1.0,0.013739378537840692,16,6.761773766726393,0.3863954550476282,1.1740698323883498,0.06423268094658852,0.0625,0.125,0.0,nan,3.0
-138.442321,28,1329.005952,0.0,1.0,-8.364626228011755,-138.44232142727608,0.0,0.0,0.0,1.0,0.012169144061106026,28,10.01594354775194,0.4263550802000179,1.2239061497379968,0.22039626325879777,0.03571428571428571,0.07142857142857142,0.0,nan,3.0
-137.717179,26,1331.39042,0.0,1.0,-8.46606638863572,-137.71717870546107,0.0,0.0,0.0,1.0,0.01240637851188776,26,10.65288526870492,0.40836599103654003,1.0754825990174155,0.06542836244289692,0.038461538461538464,0.07692307692307693,0.0,nan,3.0
-138.03142,28,1333.417089,0.0,1.0,-8.392914435772308,-138.03141966614555,0.0,0.0,0.0,1.0,0.012904108095267992,28,10.646689190347775,0.4149478692671157,1.0932767535197734,0.07561170629092626,0.03571428571428571,0.07142857142857142,0.0,nan,3.0
-136.190277,17,1334.131441,0.0,1.0,-9.050531745803298,-136.19027721567997,0.0,0.0,0.0,1.0,0.01617016696666352,17,7.531156222391466,0.3362401982219932,1.0523747458051644,0.14800423734328327,0.058823529411764705,0.11764705882352941,0.0,nan,3.0
-136.476202,17,1335.520552,0.0,1.0,-9.126717211199278,-136.47620212747034,0.0,0.0,0.0,1.0,0.01818415154182298,17,7.5743751946648255,0.36747402917506133,1.1284158323900193,0.0942776974509744,0.058823529411764705,0.11764705882352941,0.0,nan,3.0
-136.504911,16,1336.914148,0.0,1.0,-9.247742941762088,-136.5049106162016,0.0,0.0,0.0,1.0,0.012907096271130921,16,7.31161321516281,0.36117072864774313,1.101839276339124,0.06727783381938934,0.0625,0.125,0.0,nan,3.0
-136.771417,17,1338.035872,0.0,1.0,-9.117233093664192,-136.7714170168158,0.0,0.0,0.0,1.0,0.00996741617733512,17,7.662471553890488,0.36867871857784007,1.1295918806811538,0.1062480982612161,0.058823529411764705,0.11764705882352941,0.0,nan,3.0
-136.493652,18,1339.747859,0.0,1.0,-8.944544752318388,-136.49365222068775,0.0,0.0,0.0,1.0,0.013956097947132678,18,7.577331496766149,0.3569172370645718,1.0489577630572684,0.2103557586669922,0.05555555555555555,0.1111111111111111,0.0,nan,3.0
-138.248013,27,1341.025809,0.0,1.0,-8.498631391572777,-138.24801316723938,0.0,0.0,0.0,1.0,0.01303570935622741,27,9.90443939605631,0.4276193641371809,1.2272543997393124,0.08115850554572211,0.037037037037037035,0.07407407407407407,0.0,30.165146992621914,3.0
-137.67432,24,1342.167974,0.0,1.0,-8.616845621908489,-137.67431981575095,0.0,0.0,0.0,1.0,0.012514845171491639,24,10.027626784952973,0.41866810065823956,1.1574492726910997,0.041671241323153176,0.041666666666666664,0.08333333333333333,0.0,nan,3.0
-136.655666,18,1342.853431,0.0,1.0,-9.165047676680244,-136.65566577699713,0.0,0.0,0.0,1.0,0.016104629379941247,18,7.4001635868953475,0.36366973855626633,1.107862054049874,0.14813368850284153,0.05555555555555555,0.1111111111111111,0.0,nan,3.0
-136.474807,17,1344.723143,0.0,1.0,-9.142450955415214,-136.47480694034184,0.0,0.0,0.0,1.0,0.01323610081141275,17,7.338706452848976,0.35141991670462763,1.0824043290508194,0.10211685124565573,0.058823529411764705,0.11764705882352941,0.0,nan,3.0
-138.040085,25,1345.791229,0.0,1.0,-8.69027372890457,-138.04008489699123,0.0,0.0,0.0,1.0,0.012168744823082448,25,9.673102399739522,0.4248792255297931,1.2163226078848557,0.06678265571594239,0.04,0.08,0.0,29.988253047967785,3.0
-136.426517,17,1346.436929,0.0,1.0,-9.101458099705939,-136.4265165004461,0.0,0.0,0.0,1.0,0.015036428960000984,17,7.559090522817477,0.3536841826081371,1.0950782400714036,0.08615338101106532,0.058823529411764705,0.11764705882352941,0.0,nan,3.0
-137.872112,25,1347.662345,0.0,1.0,-8.564323761551934,-137.8721115489331,0.0,0.0,0.0,1.0,0.010603676821950254,25,9.923036631911948,0.4163236042608873,1.1552121395837083,0.1263953161239624,0.04,0.08,0.0,nan,3.0
-157.151161,37,1349.595186,0.0,1.0,-8.35417215784179,-157.15116082987976,0.0,0.0,0.0,1.0,0.014503843863853774,37,12.739545697652243,0.8417271329435528,2.0,0.1637679692861196,0.02702702702702703,0.05405405405405406,0.0,29.93171318433324,3.0
-139.565453,35,1351.986397,0.0,1.0,-8.456224921255778,-139.5654534833737,0.0,0.0,0.0,1.0,0.016196327992770477,35,12.187512294236862,0.45586513775826476,1.0981696724771106,0.13077612945011685,0.08571428571428572,0.11428571428571428,0.0,nan,3.0
-138.038411,24,1354.178376,0.0,1.0,-8.723666711437822,-138.03841141688136,0.0,0.0,0.0,1.0,0.010634313144356268,24,9.91007723035202,0.4296483698845526,1.2430452668367424,0.08503565688927968,0.041666666666666664,0.08333333333333333,0.0,nan,3.0
-136.348593,18,1355.987979,0.0,1.0,-9.020156706364443,-136.34859346357257,0.0,0.0,0.0,1.0,0.016330517136395786,18,7.112889254439407,0.3437731176087078,1.0693630920864199,0.13864361577563816,0.05555555555555555,0.1111111111111111,0.0,nan,3.0
-138.336431,27,1357.613472,0.0,1.0,-8.51445993216258,-138.33643078892962,0.0,0.0,0.0,1.0,0.011723508522377142,27,10.38828946093648,0.4290316612905198,1.2327002958879836,0.06721478479879874,0.037037037037037035,0.07407407407407407,0.0,nan,3.0
-169.222202,44,1360.088472,0.0,1.0,-8.22244697899331,-169.22220201144424,0.0,0.0,0.0,1.0,0.015043367984694567,44,13.455234697158831,0.9891755541524251,2.0,0.1244678334756331,0.06818181818181818,0.09090909090909091,0.0,42.30245011141597,3.0
-138.026138,24,1361.553032,0.0,1.0,-8.780964603596686,-138.0261375843224,0.0,0.0,0.0,1.0,0.010832861339472952,24,9.238625229040126,0.4256081465664762,1.2292126536925336,0.13990197579065958,0.041666666666666664,0.08333333333333333,0.0,nan,3.0
-137.422717,26,1362.72726,0.0,1.0,-8.41499644598536,-137.42271655673792,0.0,0.0,0.0,1.0,0.015968063068859863,26,10.51087446594447,0.39895750871634506,1.0226835358058677,0.08033426449849056,0.038461538461538464,0.07692307692307693,0.0,nan,3.0
-137.787427,28,1364.804502,0.0,1.0,-8.340850995163022,-137.7874266026208,0.0,0.0,0.0,1.0,0.015755219650181503,28,10.477644765228936,0.4072933350281495,1.0698995623417105,0.09862930008343287,0.03571428571428571,0.07142857142857142,0.0,nan,3.0
-137.645993,24,1366.3096,0.0,1.0,-8.633446625656557,-137.645992546985,0.0,0.0,0.0,1.0,0.011900483838591186,24,9.494392920425417,0.413339370773983,1.1372560367576932,0.06714170177777608,0.041666666666666664,0.08333333333333333,0.0,nan,3.0
-137.686843,26,1368.247161,0.0,1.0,-8.489642102019596,-137.68684349987564,0.0,0.0,0.0,1.0,0.013643784823886706,26,9.746335854431424,0.4059030456830742,1.0700691906025206,0.14443610723202044,0.038461538461538464,0.07692307692307693,0.0,nan,3.0
-136.475324,17,1368.961333,0.0,1.0,-9.175979762056022,-136.47532446428684,0.0,0.0,0.0,1.0,0.009806129143544479,17,6.957818334052158,0.3408655585574336,1.0478097591475435,0.058823529411764705,0.058823529411764705,0.11764705882352941,0.0,nan,3.0
-138.334481,28,1370.816396,0.0,1.0,-8.445112658712894,-138.3344809629735,0.0,0.0,0.0,1.0,0.013752197291791403,28,10.60360065420305,0.4270209004979009,1.2010160109859391,0.07448525088174003,0.03571428571428571,0.07142857142857142,0.0,nan,3.0
-137.611914,26,1371.861221,0.0,1.0,-8.43093805590311,-137.6119138659589,0.0,0.0,0.0,1.0,0.01606971097399826,26,10.566639987098641,0.40820399474953273,1.0797321073443948,0.16138668243701643,0.038461538461538464,0.07692307692307693,0.0,nan,3.0
-136.34179,18,1372.901198,0.0,1.0,-8.950394833973448,-136.34178971522724,0.0,0.0,0.0,1.0,0.010853577539484103,18,7.514737112686766,0.32378485868986145,1.021635572893959,0.24170791771676806,0.05555555555555555,0.1111111111111111,0.0,nan,3.0
-138.334471,28,1374.653334,0.0,1.0,-8.460517588861505,-138.3344708584805,0.0,0.0,0.0,1.0,0.015247621371434837,28,10.584259871716531,0.42845169140059064,1.2272245520615916,0.07402601838111877,0.03571428571428571,0.07142857142857142,0.0,nan,3.0
-137.70343,25,1375.739248,0.0,1.0,-8.586567703842606,-137.70343006570417,0.0,0.0,0.0,1.0,0.010338656870868034,25,9.721790902444233,0.40886986370956196,1.090795457459439,0.048013677597045896,0.04,0.08,0.0,nan,3.0
-136.943007,16,1376.920995,0.0,1.0,-9.384390820433968,-136.94300679148014,0.0,0.0,0.0,1.0,0.013533167528050316,16,7.226241679194277,0.39695860341459455,1.158216241716149,0.25231023877859116,0.0625,0.125,0.0,nan,3.0
-137.914727,29,1378.160124,0.0,1.0,-8.172099786248785,-137.91472656008438,0.0,0.0,0.0,1.0,0.01681472722400032,29,10.440356524989303,0.4108247686756772,1.1170300094223264,0.16501991913236422,0.034482758620689655,0.06896551724137931,0.0,nan,3.0
-138.210049,28,1380.230701,0.0,1.0,-8.392129138538039,-138.21004877001405,0.0,0.0,0.0,1.0,0.017595144111295872,28,10.419788072387293,0.4263792932584171,1.2294767418589991,0.15230586699077062,0.03571428571428571,0.07142857142857142,0.0,nan,3.0
-160.487192,42,1382.241572,0.0,1.0,-8.267793661047456,-160.48719171336782,0.0,0.0,0.0,1.0,0.009904307694770445,42,13.671305801869588,0.8659944468750025,2.0,0.06151442868368966,0.14285714285714285,0.16666666666666666,0.0,nan,3.0
-136.704868,18,1383.831608,0.0,1.0,-9.01333371575558,-136.70486765659743,0.0,0.0,0.0,1.0,0.014060820035809735,18,7.6011345203802625,0.3675253485343797,1.1390645291264387,0.08506871594323052,0.05555555555555555,0.1111111111111111,0.0,nan,3.0
-138.016198,29,1385.541154,0.0,1.0,-8.434229498684513,-138.01619767386427,0.0,0.0,0.0,1.0,0.011512601864599738,29,10.428111233013226,0.40388994599963285,1.0250783172141449,0.05206859522852404,0.034482758620689655,0.06896551724137931,0.0,nan,3.0
-138.17318,27,1386.616752,0.0,1.0,-8.341554725392786,-138.17317997711493,0.0,0.0,0.0,1.0,0.016195254454060577,27,10.82758533250762,0.4310193347024793,1.2561669960939736,0.16134613090091282,0.037037037037037035,0.07407407407407407,0.0,nan,3.0
-137.960459,25,1387.388648,0.0,1.0,-8.691805868604165,-137.96045892938488,0.0,0.0,0.0,1.0,0.013004112017295785,25,9.664913895218179,0.4226538086688567,1.1992416181681083,0.08120444774627686,0.04,0.08,0.0,29.721383057252613,3.0
-138.029644,28,1390.518273,0.0,1.0,-8.401638863264468,-138.02964421959942,0.0,0.0,0.0,1.0,0.013794267236220062,28,10.466576599910326,0.41193067087773844,1.1192144315902,0.09188484294073922,0.03571428571428571,0.07142857142857142,0.0,nan,3.0
-138.001927,29,1393.464775,0.0,1.0,-8.393913218814923,-138.00192739411415,0.0,0.0,0.0,1.0,0.015272675859392267,29,10.268344784085592,0.4115819664778576,1.0419274678209085,0.08925429089316006,0.034482758620689655,0.06896551724137931,0.0,9.109749720173095,3.0
-138.163479,26,1394.612373,0.0,1.0,-8.519769758419569,-138.16347881218846,0.0,0.0,0.0,1.0,0.010864688990476039,26,10.263848830952439,0.42378369046694647,1.2262749612455472,0.07836504853688754,0.038461538461538464,0.07692307692307693,0.0,50.08665893259344,3.0
-138.236535,27,1396.478033,0.0,1.0,-8.426721119115513,-138.23653468873007,0.0,0.0,0.0,1.0,0.015331371832170626,27,10.93001787411566,0.4313798720087896,1.2254773775518284,0.13874650443041767,0.037037037037037035,0.07407407407407407,0.0,nan,3.0
-136.785724,16,1397.555737,0.0,1.0,-9.39742821186838,-136.78572438006248,0.0,0.0,0.0,1.0,0.012296269899180088,16,7.079509063559655,0.37673620947721886,1.1405089804036432,0.12138018757104874,0.0625,0.125,0.0,76.2552997141946,3.0
-138.009135,28,1399.701699,0.0,1.0,-8.331451828644541,-138.0091345970933,0.0,0.0,0.0,1.0,0.010761497813831646,28,10.933635310643666,0.4112901491456164,1.0721565122666732,0.08033401625497001,0.03571428571428571,0.07142857142857142,0.0,nan,3.0
-136.648736,17,1400.810488,0.0,1.0,-9.100075947052497,-136.6487362873056,0.0,0.0,0.0,1.0,0.01093989693997242,17,7.221411798610114,0.35141383382750174,1.07813427406449,0.3202681892058429,0.058823529411764705,0.11764705882352941,0.0,nan,3.0
-137.424728,24,1401.743762,0.0,1.0,-8.630566819171227,-137.4247279123705,0.0,0.0,0.0,1.0,0.014102837523342779,24,9.914418780994746,0.4068205943424669,1.0693010429182817,0.041666666666666664,0.041666666666666664,0.08333333333333333,0.0,47.794933271605885,3.0
-136.474336,17,1403.053691,0.0,1.0,-9.123442170324324,-136.47433635448405,0.0,0.0,0.0,1.0,0.018012188360460486,17,7.499467643409217,0.36740721792364717,1.1312667011447053,0.06726821731118594,0.058823529411764705,0.11764705882352941,0.0,nan,3.0
-136.358352,16,1403.895663,0.0,1.0,-9.278618288020489,-136.35835172156288,0.0,0.0,0.0,1.0,0.01032885935924853,16,6.840210590040346,0.32392265621788147,1.0342177200613587,0.24410057067871094,0.0625,0.125,0.0,nan,3.0
-136.971736,16,1404.830966,0.0,1.0,-9.390886792014424,-136.9717355328643,0.0,0.0,0.0,1.0,0.00985645232753778,16,7.16792014962074,0.38684406325586723,1.1788594194477546,0.0625,0.0625,0.125,0.0,nan,3.0
-136.515471,18,1406.015015,0.0,1.0,-9.305049168956867,-136.5154707595586,0.0,0.0,0.0,1.0,0.014489946349258256,18,7.015388697591474,0.353437796615844,1.0264203707780313,0.16629964775509304,0.05555555555555555,0.1111111111111111,0.0,nan,3.0
-138.087492,24,1407.303544,0.0,1.0,-8.750891320576624,-138.08749234644455,0.0,0.0,0.0,1.0,0.012259906562833782,24,9.732233206762336,0.43311141616155857,1.2885000705043825,0.09461240967114766,0.041666666666666664,0.08333333333333333,0.0,nan,3.0
-138.143438,24,1409.111718,0.0,1.0,-8.750891246363476,-138.1434382103624,0.0,0.0,0.0,1.0,0.012522000475806946,24,9.792824589179872,0.4352991695956054,1.3015910524869474,0.1343028967579206,0.041666666666666664,0.08333333333333333,0.0,39.37089616861831,3.0
-138.461867,29,1410.955732,0.0,1.0,-8.454186688831182,-138.46186717054732,0.0,0.0,0.0,1.0,0.012793176062046841,29,10.458145495415454,0.4225482345224824,1.179222167029116,0.09325633788930959,0.034482758620689655,0.06896551724137931,0.0,nan,3.0
-136.648994,16,1411.753308,0.0,1.0,-9.362470783072306,-136.64899429806468,0.0,0.0,0.0,1.0,0.016294649274288055,16,7.332403267645459,0.3789867402975924,1.1554028001828254,0.0808386504650116,0.0625,0.125,0.0,nan,3.0
-138.174151,27,1413.835356,0.0,1.0,-8.380335558965385,-138.17415069357014,0.0,0.0,0.0,1.0,0.014219661942914368,27,10.851923819602167,0.42795314732013073,1.215112852351438,0.12680885526869032,0.037037037037037035,0.07407407407407407,0.0,nan,3.0
-136.709144,17,1415.543517,0.0,1.0,-9.269617027973087,-136.70914392489215,0.0,0.0,0.0,1.0,0.009373410908522168,17,7.175465736156371,0.3571029807820991,1.0822647889953707,0.147095848532284,0.058823529411764705,0.11764705882352941,0.0,57.72400415438849,3.0
-138.460372,27,1417.132356,0.0,1.0,-8.560871253689099,-138.46037247874617,0.0,0.0,0.0,1.0,0.012387746553276874,27,9.22497842270986,0.4362072250742109,1.259544090371243,0.15965738119902434,0.037037037037037035,0.07407407407407407,0.0,nan,3.0
-137.873486,24,1418.462355,0.0,1.0,-8.664391410776025,-137.87348554804535,0.0,0.0,0.0,1.0,0.01206867006294448,24,9.645987877565094,0.42427032010713855,1.2016867085724314,0.14142539352178574,0.041666666666666664,0.08333333333333333,0.0,nan,3.0
-136.750054,18,1420.851545,0.0,1.0,-9.049803913922991,-136.75005374027384,0.0,0.0,0.0,1.0,0.009172778458586717,18,7.171525214996565,0.35716073250939906,1.1024739207701162,0.05555555555555555,0.05555555555555555,0.1111111111111111,0.0,38.69683018083578,3.0
-136.601379,17,1421.60884,0.0,1.0,-9.152140184182844,-136.60137928466008,0.0,0.0,0.0,1.0,0.011731366401346421,17,6.872434561144015,0.35208666589405896,1.1047994540771526,0.13217711448669434,0.058823529411764705,0.11764705882352941,0.0,nan,3.0
-137.700969,25,1423.466443,0.0,1.0,-8.521870265300867,-137.70096897588138,0.0,0.0,0.0,1.0,0.01269903453028082,25,9.589006984658754,0.4134973891358832,1.129935387397725,0.16047195434570313,0.04,0.08,0.0,nan,3.0
-136.971244,16,1424.360978,0.0,1.0,-9.388399595905021,-136.97124378594052,0.0,0.0,0.0,1.0,0.009926217683621058,16,7.219594481230959,0.3859489246517642,1.1732819100135838,0.10917419195175171,0.0625,0.125,0.0,nan,3.0
-137.942947,26,1426.230512,0.0,1.0,-8.494088292879685,-137.94294740457394,0.0,0.0,0.0,1.0,0.012741270695377971,26,10.185214030527252,0.4178908765496889,1.1600872333358123,0.09905749100905198,0.038461538461538464,0.07692307692307693,0.0,56.75214142560295,3.0
-138.234951,25,1428.704959,0.0,1.0,-8.611547244343907,-138.23495110396917,0.0,0.0,0.0,1.0,0.010098193532513927,25,10.30833044571875,0.4320651550768501,1.2574244214870858,0.05924867153167725,0.04,0.08,0.0,nan,3.0
-136.617224,16,1429.990552,0.0,1.0,-9.386672545056092,-136.61722414353744,0.0,0.0,0.0,1.0,0.009941466134919206,16,6.825151114136151,0.35822512978985943,1.038897389365466,0.22202005982398987,0.0625,0.125,0.0,38.00318425171174,3.0
-136.684505,16,1431.012935,0.0,1.0,-9.241451159037346,-136.6845045219631,0.0,0.0,0.0,1.0,0.011408648839703746,16,7.211876088952127,0.3704921021109347,1.13950959068461,0.08581177890300751,0.0625,0.125,0.0,nan,3.0
-136.333001,17,1432.308804,0.0,1.0,-9.108090433256422,-136.33300132371335,0.0,0.0,0.0,1.0,0.018360366133535193,17,7.604153445136653,0.3568400264916196,1.09936289250421,0.07308527301339542,0.058823529411764705,0.11764705882352941,0.0,nan,3.0
-161.786174,38,1435.572125,0.0,1.0,-8.325766103245396,-161.7861744694016,0.0,0.0,0.0,1.0,0.008941364953399063,38,13.122262927183165,0.9250597318186644,2.0,0.17603608495310732,0.05263157894736842,0.07894736842105263,0.0,9.161629621743412,3.0
-136.740456,18,1436.712603,0.0,1.0,-8.991367849710743,-136.7404559517969,0.0,0.0,0.0,1.0,0.012292499273119456,18,7.584151141518865,0.3653545355221609,1.1158544757480104,0.155757466952006,0.05555555555555555,0.1111111111111111,0.0,nan,3.0
-137.622765,25,1438.882488,0.0,1.0,-8.598803824404072,-137.6227651797582,0.0,0.0,0.0,1.0,0.013583267139387503,25,9.498903551189024,0.4098427809207423,1.1040371638154567,0.06421012401580811,0.04,0.08,0.0,120.72669049193293,3.0
-136.665818,16,1439.441419,0.0,1.0,-9.37282430225564,-136.6658176948468,0.0,0.0,0.0,1.0,0.0167233040249375,16,7.633931307708263,0.38040323196090126,1.1527274340780458,0.15791673958301544,0.0625,0.125,0.0,nan,3.0
-136.341454,18,1441.114571,0.0,1.0,-8.969818961064616,-136.34145380090905,0.0,0.0,0.0,1.0,0.012220535454100859,18,7.294257467478281,0.3354804218451323,1.0337099401398837,0.13537556595272487,0.05555555555555555,0.1111111111111111,0.0,40.50606464210468,3.0
-137.648382,26,1442.771538,0.0,1.0,-8.413511210920351,-137.64838201494177,0.0,0.0,0.0,1.0,0.012601176499148539,26,10.720101651278926,0.403771039648983,1.059924250727252,0.10558332388217632,0.038461538461538464,0.07692307692307693,0.0,nan,3.0
-136.78964,18,1443.749919,0.0,1.0,-9.119440772099303,-136.78963996277415,0.0,0.0,0.0,1.0,0.012971183985645314,18,7.668874365679396,0.36564680346805395,1.124988689033234,0.15854599409633213,0.05555555555555555,0.1111111111111111,0.0,nan,3.0
-136.257496,17,1444.826088,0.0,1.0,-9.121696367815204,-136.257495686883,0.0,0.0,0.0,1.0,0.016063910588847784,17,7.22344785076562,0.3378866375299558,1.0576654022293899,0.12892980435315302,0.058823529411764705,0.11764705882352941,0.0,nan,3.0
-138.268453,29,1446.700131,0.0,1.0,-8.294429512432208,-138.268452755127,0.0,0.0,0.0,1.0,0.01442727708057537,29,10.199919826877016,0.4184755221564073,1.1768903575135174,0.15104836019976386,0.034482758620689655,0.06896551724137931,0.0,nan,3.0
-138.016631,27,1448.544325,0.0,1.0,-8.267684347627686,-138.01663115058662,0.0,0.0,0.0,1.0,0.016092729127279395,27,10.69322979443829,0.4251317065819331,1.2186453316872627,0.13711317601027312,0.037037037037037035,0.07407407407407407,0.0,nan,3.0
-138.231572,28,1449.692261,0.0,1.0,-8.412744555983126,-138.231572487635,0.0,0.0,0.0,1.0,0.012871077162738519,28,10.284020209696882,0.420172530674306,1.1827181666566042,0.11667841672897339,0.03571428571428571,0.07142857142857142,0.0,nan,3.0
-136.571719,17,1451.138008,0.0,1.0,-9.241643586529976,-136.57171862680102,0.0,0.0,0.0,1.0,0.014347345842090789,17,7.401272021449106,0.36193256596807977,1.0784420626587428,0.1766722833409029,0.058823529411764705,0.11764705882352941,0.0,nan,3.0
-136.810776,18,1452.433631,0.0,1.0,-9.144216905319732,-136.81077581343806,0.0,0.0,0.0,1.0,0.01362480893435007,18,7.369064026215278,0.37231043555108456,1.124160737616761,0.18960107366243997,0.05555555555555555,0.1111111111111111,0.0,nan,3.0
-136.706109,18,1453.895558,0.0,1.0,-8.994669850068655,-136.70610907267678,0.0,0.0,0.0,1.0,0.012283776698827895,18,7.639454731472331,0.36205267302296296,1.1189753557293662,0.14081503285302055,0.05555555555555555,0.1111111111111111,0.0,nan,3.0
-138.056312,24,1455.148381,0.0,1.0,-8.778899271511829,-138.05631182525812,0.0,0.0,0.0,1.0,0.010897746423211212,24,9.344904726684966,0.42938687632773087,1.2520084725816831,0.06977144877115886,0.041666666666666664,0.08333333333333333,0.0,77.83768411807381,3.0
-138.104773,25,1456.756227,0.0,1.0,-8.713878263908505,-138.1047731697529,0.0,0.0,0.0,1.0,0.01223968372472628,25,9.382979476507874,0.42713476428903163,1.239745257348644,0.07663484573364258,0.04,0.08,0.0,nan,3.0
-137.464489,27,1457.774553,0.0,1.0,-8.35434641308859,-137.46448862496845,0.0,0.0,0.0,1.0,0.018955236663741923,27,10.443758105263122,0.3991151230387998,1.0507673493121268,0.10043130097565828,0.037037037037037035,0.07407407407407407,0.0,nan,3.0
-168.542301,42,1460.261938,0.0,1.0,-8.257611960241944,-168.54230067154822,0.0,0.0,0.0,1.0,0.013976282783204013,42,13.914343407915426,1.0090491588923205,2.0,0.07512364784876506,0.16666666666666666,0.14285714285714285,0.0,25.273145908722043,3.0
-137.299613,24,1461.481453,0.0,1.0,-8.66308850404388,-137.29961255851651,0.0,0.0,0.0,1.0,0.02134050100262727,24,9.346597526374062,0.4105370948658911,1.1254328046214188,0.07240341107050578,0.041666666666666664,0.08333333333333333,0.0,nan,3.0
-136.548477,17,1462.26904,0.0,1.0,-9.171838505774904,-136.5484770153674,0.0,0.0,0.0,1.0,0.01343815564660547,17,7.061309990833325,0.3585360670420113,1.1015480451834279,0.063529231969048,0.058823529411764705,0.11764705882352941,0.0,nan,3.0
-137.838014,28,1464.425235,0.0,1.0,-8.431401367581907,-137.83801421178407,0.0,0.0,0.0,1.0,0.013812965290475127,28,10.63505941631938,0.40404891434325924,1.0429715942026923,0.09060055017471313,0.03571428571428571,0.07142857142857142,0.0,nan,3.0
-136.953308,17,1465.486331,0.0,1.0,-9.237586727213603,-136.95330845599253,0.0,0.0,0.0,1.0,0.00957182079475958,17,6.922446441816311,0.38041032709312567,1.1330921394005362,0.24161682409398696,0.058823529411764705,0.11764705882352941,0.0,nan,3.0
-137.819045,29,1467.054739,0.0,1.0,-8.090982334683687,-137.8190448310492,0.0,0.0,0.0,1.0,0.02288544665444247,29,10.354322155595302,0.41773504153715,1.1503784568731281,0.1366394799331139,0.034482758620689655,0.06896551724137931,0.0,nan,3.0
-137.86274,26,1468.738675,0.0,1.0,-8.452552243214289,-137.8627396579002,0.0,0.0,0.0,1.0,0.017318372806680166,26,10.446532759764427,0.4241403524006528,1.1962018448839271,0.09208610883125892,0.038461538461538464,0.07692307692307693,0.0,40.84532994624008,3.0
-172.111143,44,1472.992477,0.0,1.0,-8.233220646269075,-172.1111425914573,0.0,0.0,0.0,1.0,0.010760434009523402,44,13.3901841664528,1.0427678398129563,2.0,0.12129110368815335,0.06818181818181818,0.09090909090909091,0.0,57.098887437813765,3.0
-137.932974,28,1475.659847,0.0,1.0,-8.360788417333723,-137.93297435638547,0.0,0.0,0.0,1.0,0.015045840805149552,28,10.035120912531156,0.4113945086489673,1.0661767005065053,0.15806107435907638,0.03571428571428571,0.07142857142857142,0.0,nan,3.0
-136.954309,16,1476.386943,0.0,1.0,-9.383280219844515,-136.95430851857213,0.0,0.0,0.0,1.0,0.0093764285521857,16,7.262881423582134,0.38396381745774855,1.1710523224975895,0.07116035372018814,0.0625,0.125,0.0,110.50747238996317,3.0
-136.530655,18,1477.529782,0.0,1.0,-8.985070016405835,-136.5306554427141,0.0,0.0,0.0,1.0,0.012414177715237677,18,7.572881934588693,0.35153179444591226,1.0722326831663878,0.151901728577084,0.05555555555555555,0.1111111111111111,0.0,nan,3.0
-138.349522,28,1478.796524,0.0,1.0,-8.385839662280887,-138.34952181796984,0.0,0.0,0.0,1.0,0.012746336498971049,28,10.742134548430014,0.4259548948341364,1.209360956041754,0.12567489274910518,0.03571428571428571,0.07142857142857142,0.0,nan,3.0
-137.895959,27,1480.293446,0.0,1.0,-8.458534855905024,-137.89595938603307,0.0,0.0,0.0,1.0,0.01280388408015028,27,9.862049873323606,0.4117410419174246,1.1145616840416896,0.054764906565348305,0.037037037037037035,0.07407407407407407,0.0,65.08367637958564,3.0
-137.75754,25,1482.270864,0.0,1.0,-8.516644852319082,-137.75754003222008,0.0,0.0,0.0,1.0,0.010301175871365262,25,9.909228844437937,0.4123943431855884,1.081405982493695,0.12413943767547607,0.04,0.08,0.0,nan,3.0
-138.168611,28,1483.338891,0.0,1.0,-8.386611269468066,-138.16861114866182,0.0,0.0,0.0,1.0,0.012903624765698014,28,10.471166666737458,0.41706364737313095,1.130928190869878,0.2145385444164276,0.03571428571428571,0.07142857142857142,0.0,nan,3.0
-136.201768,17,1484.254894,0.0,1.0,-9.13791459925744,-136.20176783750682,0.0,0.0,0.0,1.0,0.01779447763025453,17,7.354553325415457,0.3418855225843327,1.0374699978023494,0.16317713260650635,0.058823529411764705,0.11764705882352941,0.0,nan,3.0
-169.898727,43,1486.322985,0.0,1.0,-8.269581537705415,-169.89872701267598,0.0,0.0,0.0,1.0,0.013814490012281832,43,13.43010062787447,1.018143263115542,2.0,0.15408653436705125,0.16279069767441862,0.11627906976744186,0.0,nan,3.0
-137.423157,24,1488.505924,0.0,1.0,-8.670064450969145,-137.42315731919896,0.0,0.0,0.0,1.0,0.012587692235251113,24,9.190245411325368,0.39836032797308724,1.035119285241636,0.10590030252933502,0.041666666666666664,0.08333333333333333,0.0,nan,3.0
-137.707364,26,1490.419543,0.0,1.0,-8.463290342732877,-137.70736421723254,0.0,0.0,0.0,1.0,0.012174115264502083,26,9.941135637100711,0.4078470915275344,1.0657259596268478,0.09153312903184158,0.038461538461538464,0.07692307692307693,0.0,40.24226879260189,3.0
-136.833162,17,1491.780814,0.0,1.0,-9.278052480035704,-136.8331623738177,0.0,0.0,0.0,1.0,0.014925010016645838,17,7.166442468829636,0.3813407229943266,1.1758204446692093,0.07411569707533892,0.058823529411764705,0.11764705882352941,0.0,38.74823182133205,3.0
-141.983283,45,1493.958528,0.0,1.0,-8.522981332961256,-141.98328334635636,0.0,0.0,0.0,1.0,0.01470981684494221,45,13.567333987973926,0.49222434017674516,0.9987038414850223,0.12956715159946017,0.1111111111111111,0.1111111111111111,0.0,nan,3.0
-136.489939,18,1494.82512,0.0,1.0,-8.933181574688358,-136.48993897716306,0.0,0.0,0.0,1.0,0.014067844413908685,18,7.834904438226506,0.35595210531505095,1.0794840502487757,0.1720710727903578,0.05555555555555555,0.1111111111111111,0.0,nan,3.0
-138.242139,29,1496.096648,0.0,1.0,-8.416419082640148,-138.24213898392227,0.0,0.0,0.0,1.0,0.01288317336854734,29,10.640930978428214,0.4155954909910065,1.113258274902358,0.07131177186965942,0.034482758620689655,0.06896551724137931,0.0,nan,3.0
-137.738102,27,1497.194805,0.0,1.0,-8.309578049908609,-137.7381017423599,0.0,0.0,0.0,1.0,0.015800500927012663,27,11.042030938709672,0.4194725941000773,1.1513299190222421,0.10977230690143726,0.037037037037037035,0.07407407407407407,0.0,nan,3.0
-137.921379,25,1499.065321,0.0,1.0,-8.719124644582061,-137.92137877585142,0.0,0.0,0.0,1.0,0.015157984859401844,25,9.013283418309195,0.42772483565903263,1.1769348653324638,0.14093400478363038,0.04,0.08,0.0,47.95711919691638,3.0
-136.704912,18,1499.872969,0.0,1.0,-9.08796088965389,-136.70491246226638,0.0,0.0,0.0,1.0,0.020372716024105276,18,7.64349664701801,0.38465530456633285,1.1439471294978427,0.2125426928202311,0.05555555555555555,0.1111111111111111,0.0,nan,3.0
-140.922601,39,1502.856465,0.0,1.0,-8.52559410058735,-140.9226009061488,0.0,0.0,0.0,1.0,0.009818902047329532,39,11.839611857240085,0.4748163875024615,1.0426759544017545,0.21251230362134102,0.02564102564102564,0.05128205128205128,0.0,38.89509128052632,3.0
-137.919086,26,1504.013848,0.0,1.0,-8.600608603211942,-137.91908561372216,0.0,0.0,0.0,1.0,0.012853684869296361,26,9.849016576966262,0.4152255471003089,1.147706606765485,0.04114540265156673,0.038461538461538464,0.07692307692307693,0.0,29.546908427259854,3.0
-138.028274,28,1505.885251,0.0,1.0,-8.311924575302132,-138.02827350250027,0.0,0.0,0.0,1.0,0.016497015612787613,28,10.632906249760723,0.4174201154888096,1.157182783756484,0.16974785923957825,0.03571428571428571,0.07142857142857142,0.0,nan,3.0
-168.145929,42,1508.662786,0.0,1.0,-8.388341625543891,-168.14592852587276,0.0,0.0,0.0,1.0,0.01010455178454846,42,13.85843273642258,0.9966447270740182,2.0,0.0519004762172699,0.07142857142857142,0.09523809523809523,0.0,25.85959570376234,3.0
-167.155131,45,1512.606169,0.0,1.0,-8.029322067084886,-167.1551310220182,0.0,0.0,0.0,1.0,0.01269162513509805,45,13.729207224826665,0.939835907883781,2.0,0.17603157758712767,0.06666666666666667,0.13333333333333333,0.0,nan,3.0
-138.428071,29,1514.003622,0.0,1.0,-8.417445823486805,-138.42807118983714,0.0,0.0,0.0,1.0,0.014702139160148387,29,10.526563461536984,0.42772500025551174,1.1763991635965545,0.07156892480521367,0.034482758620689655,0.06896551724137931,0.0,nan,3.0
-137.68932,26,1515.493759,0.0,1.0,-8.386118410104746,-137.68932040098488,0.0,0.0,0.0,1.0,0.016757424323575174,26,10.362009412804392,0.41207595706300687,1.1442561787281667,0.16027814149856567,0.038461538461538464,0.07692307692307693,0.0,nan,3.0
-137.780337,25,1516.892085,0.0,1.0,-8.531682334607115,-137.78033707708104,0.0,0.0,0.0,1.0,0.011764729759421643,25,9.655444123927802,0.41711677066894204,1.145740825363075,0.1034683084487915,0.04,0.08,0.0,42.39571707934441,3.0
-137.865975,24,1518.616129,0.0,1.0,-8.600788679155569,-137.86597476999182,0.0,0.0,0.0,1.0,0.010693049401332274,24,9.90008353404528,0.42255758422328776,1.2143168476813841,0.07593894004821777,0.041666666666666664,0.08333333333333333,0.0,48.041662959581004,3.0
-169.459821,43,1521.568167,0.0,1.0,-8.258356214152142,-169.45982102502902,0.0,0.0,0.0,1.0,0.010270661603036422,43,13.778006908881126,1.004859649313371,2.0,0.11304645344268444,0.11627906976744186,0.18604651162790697,0.0,23.218193404496414,3.0
-138.290561,28,1524.09928,0.0,1.0,-8.336956187711491,-138.29056135897,0.0,0.0,0.0,1.0,0.013801407881525318,28,9.799810850707201,0.41658435276073924,1.240497076171765,0.2098231507199151,0.03571428571428571,0.07142857142857142,0.0,nan,3.0
-136.803658,16,1524.803638,0.0,1.0,-9.404462183818756,-136.80365835987376,0.0,0.0,0.0,1.0,0.011220648399554218,16,6.992291833322723,0.37595765119097346,1.1442850329309713,0.06879100203514099,0.0625,0.125,0.0,nan,3.0
-139.243407,33,1527.238634,0.0,1.0,-8.472222174163914,-139.2434071044937,0.0,0.0,0.0,1.0,0.01167020263077123,33,11.552145077676082,0.44828406443401403,1.0898311296328622,0.030303030303030304,0.030303030303030304,0.06060606060606061,0.0,30.448513046023383,3.0
-138.577406,30,1528.88358,0.0,1.0,-8.348166979582402,-138.57740599805362,0.0,0.0,0.0,1.0,0.01180879205733165,30,10.491127424539373,0.42295189934578403,1.1572197381651768,0.11403703689575195,0.03333333333333333,0.06666666666666667,0.0,nan,3.0
-137.978615,27,1530.03666,0.0,1.0,-8.343088952049849,-137.9786150583862,0.0,0.0,0.0,1.0,0.01643550882092619,27,10.475901401289686,0.42446121657306196,1.147787673949147,0.17647173228087248,0.037037037037037035,0.07407407407407407,0.0,nan,3.0
-136.494171,16,1531.108779,0.0,1.0,-9.407819011333116,-136.49417139069635,0.0,0.0,0.0,1.0,0.017952032620145796,16,6.927367173430533,0.3705478992178275,1.1018400560602046,0.14669565856456757,0.0625,0.125,0.0,nan,3.0
-136.935359,16,1532.206799,0.0,1.0,-9.400949581796477,-136.93535865887014,0.0,0.0,0.0,1.0,0.009944454218166372,16,7.094501430029793,0.3840679236138171,1.1572774358268305,0.1572931557893753,0.0625,0.125,0.0,nan,3.0
-138.387862,29,1534.261843,0.0,1.0,-8.271065711334016,-138.38786168687145,0.0,0.0,0.0,1.0,0.014667283261956751,29,10.198365354972399,0.4276325247607853,1.1443891391222119,0.25567610921530887,0.034482758620689655,0.06896551724137931,0.0,nan,3.0
-136.505336,18,1535.547009,0.0,1.0,-9.149617758773147,-136.505336165484,0.0,0.0,0.0,1.0,0.016711426967075144,18,7.341958025697404,0.34617868474904134,1.0848090448673369,0.23768925666809082,0.05555555555555555,0.1111111111111111,0.0,nan,3.0
-136.931442,17,1536.669142,0.0,1.0,-9.24935434884845,-136.93144187506024,0.0,0.0,0.0,1.0,0.010037933121092283,17,7.421710661602247,0.36716619993109595,1.1667179112418797,0.21033378208384795,0.058823529411764705,0.11764705882352941,0.0,nan,3.0
-167.352594,42,1538.68207,0.0,1.0,-8.28149345670291,-167.35259432217762,0.0,0.0,0.0,1.0,0.011091999703112396,42,13.379313609511449,0.9829466051280248,2.0,0.07236187230973017,0.07142857142857142,0.09523809523809523,0.0,30.259676786952515,3.0
-139.058384,33,1540.727947,0.0,1.0,-8.390291770559333,-139.05838386271435,0.0,0.0,0.0,1.0,0.011970421465734673,33,11.15949320589605,0.4354629552163279,1.0436609403789718,0.13124929774891247,0.030303030303030304,0.06060606060606061,0.0,nan,3.0
-136.572786,18,1541.804816,0.0,1.0,-9.019381044997226,-136.57278551481372,0.0,0.0,0.0,1.0,0.009476881975003359,18,7.357440355816905,0.3426690471935251,1.058734106872875,0.14362968338860405,0.05555555555555555,0.1111111111111111,0.0,nan,3.0
-137.594346,27,1544.157168,0.0,1.0,-8.318946739432823,-137.59434569477116,0.0,0.0,0.0,1.0,0.019387793402253446,27,10.388664903825376,0.4068825866218282,1.086959600842371,0.18809565349861426,0.037037037037037035,0.07407407407407407,0.0,nan,3.0
-157.44368,44,1546.393582,0.0,1.0,-7.991533694454636,-157.4436804713264,0.0,0.0,0.0,1.0,0.012441806953004727,44,13.490804877767927,0.8103772624937846,1.8438460024726364,0.12681398879397998,0.11363636363636363,0.1590909090909091,0.0,nan,3.0
-136.105317,18,1548.217815,0.0,1.0,-8.999878155461788,-136.10531676161958,0.0,0.0,0.0,1.0,0.018013114355722348,18,7.138278515086766,0.3178797270427649,1.0361349426815896,0.24003234174516466,0.05555555555555555,0.1111111111111111,0.0,nan,3.0
-136.196618,17,1550.129364,0.0,1.0,-9.106420459482056,-136.19661778283182,0.0,0.0,0.0,1.0,0.016799049389091842,17,7.284680412080918,0.3509220198720131,1.0504702501217935,0.23299637962790096,0.058823529411764705,0.11764705882352941,0.0,nan,3.0
-136.562634,17,1551.294178,0.0,1.0,-9.078110608637607,-136.5626336170639,0.0,0.0,0.0,1.0,0.010177947563383772,17,7.796160308753484,0.35041571516750736,1.0901586053390795,0.16272645136889288,0.058823529411764705,0.11764705882352941,0.0,nan,3.0
-136.62386,17,1552.827724,0.0,1.0,-9.116386296998806,-136.62385978672182,0.0,0.0,0.0,1.0,0.010073893257783151,17,7.4145685319762,0.3574278326571378,1.0501315782842553,0.21518334220437443,0.058823529411764705,0.11764705882352941,0.0,nan,3.0
-136.877801,19,1554.235194,0.0,1.0,-8.974428950036486,-136.87780118030713,0.0,0.0,0.0,1.0,0.011792534597873492,19,7.552995077983875,0.3641782236981092,1.137934408021047,0.20114184053320633,0.05263157894736842,0.10526315789473684,0.0,nan,3.0
-138.058318,24,1555.912478,0.0,1.0,-8.715721676584124,-138.05831763812998,0.0,0.0,0.0,1.0,0.010808172546864772,24,9.999633981176244,0.4307957676163639,1.2548939599437514,0.09039828677972157,0.041666666666666664,0.08333333333333333,0.0,31.126721759536082,3.0
-168.963836,44,1559.059668,0.0,1.0,-8.285948218784538,-168.96383648190118,0.0,0.0,0.0,1.0,0.013397207401836659,44,13.4303400091489,0.9843635671311438,2.0,0.1644811196760698,0.022727272727272728,0.045454545454545456,0.0,nan,3.0
-136.458385,16,1559.71138,0.0,1.0,-9.230628225506987,-136.45838478304432,0.0,0.0,0.0,1.0,0.016189225593362958,16,7.116534669088342,0.36504624304919003,1.1157175916825424,0.12440454959869385,0.0625,0.125,0.0,nan,3.0
-139.219817,36,1561.508727,0.0,1.0,-7.7232822159517855,-139.21981698008605,0.0,0.0,0.0,1.0,0.017169690188329652,36,12.501612293590874,0.44200771498091157,1.1215514925179693,0.1806203375260035,0.027777777777777776,0.05555555555555555,0.0,nan,3.0
-136.882642,17,1562.573029,0.0,1.0,-9.290418826507368,-136.88264220088377,0.0,0.0,0.0,1.0,0.012549315045893612,17,6.8785133927121125,0.3764735168973024,1.1680907438845642,0.10458841043360093,0.058823529411764705,0.11764705882352941,0.0,nan,3.0
-138.469752,27,1564.537834,0.0,1.0,-8.412124459323104,-138.46975172485347,0.0,0.0,0.0,1.0,0.011345048164045248,27,10.271334533037113,0.44193775823500697,1.228928464912317,0.12608852209868254,0.037037037037037035,0.07407407407407407,0.0,28.043658290676433,3.0
-136.801016,17,1565.597851,0.0,1.0,-9.289110719513529,-136.8010161565661,0.0,0.0,0.0,1.0,0.013719370124206444,17,7.064315352001195,0.3696489652279222,1.1473614697210888,0.18840058410868926,0.058823529411764705,0.11764705882352941,0.0,52.84612121825714,3.0
-138.275406,27,1567.5922,0.0,1.0,-8.476935847290493,-138.27540615283982,0.0,0.0,0.0,1.0,0.013171206092095707,27,10.123857584778023,0.42917246643610013,1.2207305431743376,0.11207622951931423,0.037037037037037035,0.07407407407407407,0.0,40.5723299522377,3.0
-136.943997,17,1568.254157,0.0,1.0,-9.227653307179652,-136.94399747483422,0.0,0.0,0.0,1.0,0.012983111572734303,17,7.725413593272193,0.3849057629248659,1.148557451421107,0.2548033069161808,0.058823529411764705,0.11764705882352941,0.0,nan,3.0
-138.175539,30,1570.954273,0.0,1.0,-8.020227818733742,-138.17553919067592,0.0,0.0,0.0,1.0,0.019387099730030815,30,10.085848378796678,0.4246892373105154,1.1583979507171311,0.25705318053563436,0.03333333333333333,0.06666666666666667,0.0,nan,3.0
-136.872357,16,1571.980793,0.0,1.0,-9.427496979805909,-136.8723573752881,0.0,0.0,0.0,1.0,0.011142062578454738,16,6.802140886610341,0.38235321821414264,1.136139762144104,0.13048027455806732,0.0625,0.125,0.0,nan,3.0
-137.306757,27,1573.827354,0.0,1.0,-8.24813480754855,-137.30675668744942,0.0,0.0,0.0,1.0,0.020625857252601004,27,10.30575948662964,0.40261378209080334,1.0720936404903803,0.19177735734868934,0.037037037037037035,0.07407407407407407,0.0,nan,3.0
-136.684694,18,1574.975732,0.0,1.0,-8.93344153099646,-136.6846939287298,0.0,0.0,0.0,1.0,0.012952727254617087,18,7.78264992893229,0.3586188590954612,1.142020705609054,0.17064436939027575,0.05555555555555555,0.1111111111111111,0.0,36.48055474465143,3.0
-136.810893,17,1576.503784,0.0,1.0,-9.281520347419525,-136.81089289875632,0.0,0.0,0.0,1.0,0.014670445590060671,17,6.896880447895442,0.37734946688134874,1.1673975671138883,0.1322954262004179,0.058823529411764705,0.11764705882352941,0.0,41.87105569587616,3.0
-138.445788,31,1578.620223,0.0,1.0,-8.03272587518844,-138.445787981896,0.0,0.0,0.0,1.0,0.013959572460044856,31,9.92327391601653,0.41701231383648923,1.1839264840481354,0.20607581446247716,0.03225806451612903,0.06451612903225806,0.0,nan,3.0
-138.155953,25,1580.201529,0.0,1.0,-8.684524042815358,-138.15595302017852,0.0,0.0,0.0,1.0,0.015211382355946185,25,9.259647824335609,0.43684729914675846,1.272751481991221,0.11442004680633545,0.04,0.08,0.0,29.15185053926917,3.0
-138.075875,27,1581.487725,0.0,1.0,-8.405918359433942,-138.07587527945304,0.0,0.0,0.0,1.0,0.015991808064774956,27,10.755677690453249,0.42407559581000875,1.209605089377113,0.10595701579694394,0.037037037037037035,0.07407407407407407,0.0,nan,3.0
-136.536558,17,1582.56703,0.0,1.0,-9.167240466972583,-136.53655762251242,0.0,0.0,0.0,1.0,0.01351275745770616,17,7.123754847962188,0.3563954262936633,1.1001530335199343,0.09002962533165426,0.058823529411764705,0.11764705882352941,0.0,nan,3.0
-169.427547,43,1584.782458,0.0,1.0,-7.983715300910032,-169.4275474602789,0.0,0.0,0.0,1.0,0.015817549861832612,43,14.02504140114362,1.0175581268553493,2.0,0.0926976203918457,0.13953488372093023,0.20930232558139536,0.0,24.319258680547186,3.0
-157.286687,36,1587.429944,0.0,1.0,-8.175424593374046,-157.2866874082988,0.0,0.0,0.0,1.0,0.010834816843586764,36,12.82115212127802,0.8570368038214198,2.0,0.1568858027458191,0.05555555555555555,0.1111111111111111,0.0,nan,3.0
-138.394209,29,1589.408584,0.0,1.0,-8.233824000348664,-138.39420891097132,0.0,0.0,0.0,1.0,0.014426061430433967,29,10.563268056392022,0.42772748248064807,1.1924333283187654,0.19940380803469954,0.034482758620689655,0.06896551724137931,0.0,nan,3.0
-138.733424,32,1590.997848,0.0,1.0,-8.454229585741068,-138.73342368967639,0.0,0.0,0.0,1.0,0.011714243216855397,32,11.393481300914397,0.43068249998301233,1.039859526924146,0.05542483180761337,0.03125,0.0625,0.0,27.278037973623224,3.0
-138.267792,26,1592.656029,0.0,1.0,-8.494695597807457,-138.26779152974123,0.0,0.0,0.0,1.0,0.010760780828318267,26,9.98170893938475,0.4246938700936052,1.2459662596583243,0.21429742299593413,0.038461538461538464,0.07692307692307693,0.0,nan,3.0
-137.803374,25,1594.378083,0.0,1.0,-8.602253463673597,-137.8033744519222,0.0,0.0,0.0,1.0,0.011838502811018012,25,9.36482895636562,0.40832391273047736,1.1490470323773676,0.22248051643371583,0.04,0.08,0.0,nan,3.0
-137.943932,27,1596.299487,0.0,1.0,-8.426666046060284,-137.9439317507468,0.0,0.0,0.0,1.0,0.01421820663861179,27,9.039523413186181,0.41967644718600233,1.0900951280802305,0.20845199514318397,0.037037037037037035,0.07407407407407407,0.0,119.30821346526078,3.0
-136.797016,18,1596.992821,0.0,1.0,-9.09870359854061,-136.7970156325823,0.0,0.0,0.0,1.0,0.01378639818210203,18,7.769768569807951,0.3732045153293917,1.127852435342661,0.15425964858796862,0.05555555555555555,0.1111111111111111,0.0,nan,3.0
-152.18817,33,1598.84069,0.0,1.0,-8.14427669059102,-152.18817035607458,0.0,0.0,0.0,1.0,0.01082371497252763,33,12.356136137039027,0.7743095278700958,2.0,0.12852879004044968,0.09090909090909091,0.12121212121212122,0.0,nan,3.0
-140.888729,43,1601.832315,0.0,1.0,-8.296988327181602,-140.88872939851979,0.0,0.0,0.0,1.0,0.015828000166774304,43,13.741084136177728,0.47138445494490705,0.9777234986074923,0.11480796337127686,0.11627906976744186,0.16279069767441862,0.0,37.19291554916769,3.0
-136.422016,16,1602.72351,0.0,1.0,-9.241262213102875,-136.4220162278851,0.0,0.0,0.0,1.0,0.010735645974410875,16,7.113687895910248,0.3485917575157177,1.04073574898341,0.15948700904846191,0.0625,0.125,0.0,nan,3.0
-137.529308,25,1604.531219,0.0,1.0,-8.492636651282254,-137.5293081756461,0.0,0.0,0.0,1.0,0.010687790117214444,25,9.811924443717535,0.3994870040285903,1.0470751999674366,0.09486373901367187,0.04,0.08,0.0,nan,3.0
-170.652137,45,1606.871624,0.0,1.0,-8.007744554425066,-170.6521367259321,0.0,0.0,0.0,1.0,0.014990547801279737,45,13.715789987261767,1.0075916694167555,2.0,0.09757889111836751,0.1111111111111111,0.08888888888888889,0.0,25.819940845038737,3.0
-138.205742,29,1608.943023,0.0,1.0,-8.23380031245732,-138.2057418736566,0.0,0.0,0.0,1.0,0.014609963223611109,29,10.551902778569174,0.4198890335755422,1.107982196140429,0.2430783962381297,0.034482758620689655,0.06896551724137931,0.0,nan,3.0
-137.871785,28,1610.663123,0.0,1.0,-8.310066433870647,-137.871784771957,0.0,0.0,0.0,1.0,0.021422987567191683,28,10.60468130450909,0.42158628537633563,1.1681167057428523,0.102776152747018,0.03571428571428571,0.07142857142857142,0.0,nan,3.0
-138.115433,24,1611.88965,0.0,1.0,-8.73620606045135,-138.11543292855455,0.0,0.0,0.0,1.0,0.011787463089542725,24,9.735305842193496,0.4349610755717019,1.2897264845535679,0.048614164193471275,0.041666666666666664,0.08333333333333333,0.0,nan,3.0
-138.436695,30,1613.735961,0.0,1.0,-8.341044841692414,-138.43669520190394,0.0,0.0,0.0,1.0,0.013060571191995562,30,10.138179724167939,0.4193164140713909,1.1219290752967226,0.1798793315887451,0.03333333333333333,0.06666666666666667,0.0,nan,3.0
-158.416559,42,1617.656367,0.0,1.0,-7.870802361464143,-158.41655880994105,0.0,0.0,0.0,1.0,0.010949141003514061,42,12.248178868253376,0.8083962740644585,2.0,0.3108384637605576,0.09523809523809523,0.07142857142857142,0.0,nan,3.0
-154.610644,36,1620.358514,0.0,1.0,-8.225596820524897,-154.61064362377223,0.0,0.0,0.0,1.0,0.015098197278743791,36,11.659398461493272,0.7953206319266429,2.0,0.22384052806430393,0.027777777777777776,0.05555555555555555,0.0,nan,3.0
-138.134827,28,1621.844104,0.0,1.0,-8.309809035924856,-138.1348274366672,0.0,0.0,0.0,1.0,0.014912941531944657,28,10.170881458486386,0.4216519960029031,1.1625626291872895,0.15908456700188772,0.03571428571428571,0.07142857142857142,0.0,nan,3.0
-138.21456,31,1623.865738,0.0,1.0,-7.951921117944842,-138.21455997066403,0.0,0.0,0.0,1.0,0.01702324488244539,31,10.380453070688928,0.4021455408074507,1.1530165844698501,0.29700034664523217,0.03225806451612903,0.06451612903225806,0.0,nan,3.0
-141.209714,47,1627.085153,0.0,1.0,-8.28423872406301,-141.20971350974128,0.0,0.0,0.0,1.0,0.015324841065329154,47,14.004168106357563,0.4574677120285878,0.9880723936040501,0.11284484000916177,0.10638297872340426,0.1276595744680851,0.0,31.36908781917244,3.0
-136.340168,16,1628.522867,0.0,1.0,-9.22491753188205,-136.3401681636994,0.0,0.0,0.0,1.0,0.010472394813922425,16,7.121155491522001,0.34663228663336976,1.0772790723559442,0.21627701818943024,0.0625,0.125,0.0,56.605926552006075,3.0
-136.479405,16,1629.972116,0.0,1.0,-9.247480645171033,-136.47940489130957,0.0,0.0,0.0,1.0,0.00852399631203904,16,6.847572889730607,0.34018509082463233,1.0568908320993762,0.19015460461378098,0.0625,0.125,0.0,nan,3.0
-137.987379,29,1636.735029,0.0,1.0,-8.340638880323825,-137.9873786613284,0.0,0.0,0.0,1.0,0.010150363551971459,29,10.615155511217898,0.3994187481849417,1.021819443210154,0.09579537654745168,0.034482758620689655,0.06896551724137931,0.0,47.700861321409654,3.0
-137.636076,26,1638.587811,0.0,1.0,-8.458102255965375,-137.63607632490078,0.0,0.0,0.0,1.0,0.014773827484853015,26,8.889839350469172,0.39589844583086903,1.0708456883040816,0.40333868448550886,0.038461538461538464,0.07692307692307693,0.0,nan,3.0
-137.650228,25,1640.332633,0.0,1.0,-8.494555861771616,-137.65022791216933,0.0,0.0,0.0,1.0,0.01167316605444955,25,9.652632801912956,0.4079607330005542,1.091506256148931,0.17120461225509642,0.04,0.08,0.0,nan,3.0
-136.456095,19,1641.579458,0.0,1.0,-8.940126224458696,-136.4560952343313,0.0,0.0,0.0,1.0,0.015542892761903621,19,7.367631387935917,0.335636595023576,1.066765592123286,0.32843808123939916,0.05263157894736842,0.10526315789473684,0.0,nan,3.0
-137.676176,26,1643.068005,0.0,1.0,-8.426993294587906,-137.67617641254188,0.0,0.0,0.0,1.0,0.013154827466762501,26,10.159214765008496,0.40818775767193516,1.078905920098543,0.13061384742076582,0.038461538461538464,0.07692307692307693,0.0,nan,3.0
-137.915416,25,1644.670819,0.0,1.0,-8.517861978087613,-137.91541588688023,0.0,0.0,0.0,1.0,0.011211772045949043,25,9.88564424411316,0.42034366776257515,1.196865568750142,0.10384451389312745,0.04,0.08,0.0,26.967852016195817,3.0
-136.478205,17,1646.007115,0.0,1.0,-9.081830975389263,-136.4782054059793,0.0,0.0,0.0,1.0,0.01614875360746297,17,7.674813700334634,0.36066917192271947,1.1112114911135158,0.15706061615663416,0.058823529411764705,0.11764705882352941,0.0,nan,3.0
-136.787331,16,1647.062381,0.0,1.0,-9.365612737508691,-136.7873306621216,0.0,0.0,0.0,1.0,0.011776979868860636,16,7.453155298514392,0.37541963940351725,1.1410913090044545,0.1589161530137062,0.0625,0.125,0.0,nan,3.0
-137.994244,25,1648.634571,0.0,1.0,-8.652490642778346,-137.99424443256962,0.0,0.0,0.0,1.0,0.01437939149548028,25,10.010226462499018,0.42670151670782275,1.2237377361624298,0.0792811393737793,0.04,0.08,0.0,39.24119584940145,3.0
-136.839879,17,1650.117684,0.0,1.0,-9.289765524629248,-136.8398787967471,0.0,0.0,0.0,1.0,0.01366370449426222,17,7.08321704517204,0.3767453405315254,1.1618807255828851,0.11857334305258359,0.058823529411764705,0.11764705882352941,0.0,nan,3.0
-136.579051,16,1651.534485,0.0,1.0,-9.402863844759127,-136.57905142880733,0.0,0.0,0.0,1.0,0.010740905852953349,16,6.897178985886044,0.35495464399895116,1.0707812592998318,0.12944316118955612,0.0625,0.125,0.0,nan,3.0
-138.319864,27,1652.772383,0.0,1.0,-8.322493396765253,-138.3198639910204,0.0,0.0,0.0,1.0,0.01277338891437304,27,9.671225964835303,0.42330203621476065,1.2686129181647536,0.28752986148551657,0.037037037037037035,0.07407407407407407,0.0,nan,3.0
-165.323402,46,1657.098531,0.0,1.0,-7.8849741093368975,-165.32340237927352,0.0,0.0,0.0,1.0,0.012831948602495695,46,13.586035279654519,0.9121553394763149,2.0,0.17966714890106864,0.10869565217391304,0.17391304347826086,0.0,nan,3.0
-138.062206,25,1659.031005,0.0,1.0,-8.63584070287552,-138.06220621284248,0.0,0.0,0.0,1.0,0.014819110861164829,25,9.501592274743098,0.4290047140555867,1.2761280790074718,0.09492771625518799,0.04,0.08,0.0,188.9518325699766,3.0
-136.998749,17,1659.889768,0.0,1.0,-9.2654839934452,-136.99874914898095,0.0,0.0,0.0,1.0,0.012253623950792302,17,7.069365072761483,0.39177366267939767,1.1352360186526451,0.24803484187406652,0.058823529411764705,0.11764705882352941,0.0,nan,3.0
-138.001049,28,1661.574044,0.0,1.0,-8.16525514618526,-138.00104905608382,0.0,0.0,0.0,1.0,0.01514032284729941,28,10.624571482327365,0.4201066649246252,1.137051854062215,0.1905482155936105,0.03571428571428571,0.07142857142857142,0.0,nan,3.0
-136.442465,19,1662.726792,0.0,1.0,-8.997443306698996,-136.44246452533957,0.0,0.0,0.0,1.0,0.020361081099359885,19,7.378350409588314,0.35514691239291785,1.1562275681168055,0.31041895088396576,0.05263157894736842,0.10526315789473684,0.0,nan,3.0
-137.63977,26,1663.581343,0.0,1.0,-8.376051512831113,-137.6397695860801,0.0,0.0,0.0,1.0,0.014327690364473204,26,10.535667604499094,0.4071005029255806,1.1011114482913824,0.14336872559327346,0.038461538461538464,0.07692307692307693,0.0,nan,3.0
-137.434368,26,1665.95874,0.0,1.0,-8.377551133412327,-137.4343684028206,0.0,0.0,0.0,1.0,0.012757447107008412,26,10.728206862700574,0.40113001729184966,1.050450637889478,0.14700703437511736,0.038461538461538464,0.07692307692307693,0.0,nan,3.0
-136.743937,18,1667.468723,0.0,1.0,-9.111496601692538,-136.74393672254854,0.0,0.0,0.0,1.0,0.018436583569433396,18,7.786636096606243,0.37909172334024244,1.1698605840651606,0.13664106527964273,0.05555555555555555,0.1111111111111111,0.0,nan,3.0
-136.507148,18,1668.188577,0.0,1.0,-8.977851139703882,-136.50714843630715,0.0,0.0,0.0,1.0,0.012160566713925602,18,6.9456646157591635,0.33289139940676415,1.099699135187696,0.2074933581882053,0.05555555555555555,0.1111111111111111,0.0,nan,3.0
-137.982121,26,1669.948468,0.0,1.0,-8.555756899933005,-137.98212058962298,0.0,0.0,0.0,1.0,0.016928164801560987,26,9.830222096935772,0.4280496931559028,1.1910929651458908,0.1522112901394184,0.038461538461538464,0.07692307692307693,0.0,39.307381916743644,3.0
-136.024961,17,1671.58653,0.0,1.0,-9.05351125689161,-136.02496062344932,0.0,0.0,0.0,1.0,0.016951271914253708,17,7.530352927526474,0.3278960098373765,1.0495887313725072,0.2638959569089553,0.058823529411764705,0.11764705882352941,0.0,nan,3.0
-138.206966,25,1672.634267,0.0,1.0,-8.615423595666876,-138.20696594398657,0.0,0.0,0.0,1.0,0.012570281256015215,25,9.860841725563171,0.4344385778455109,1.2838544256386375,0.10716919898986817,0.04,0.08,0.0,76.07516298943781,3.0
-137.615785,27,1674.185962,0.0,1.0,-8.219643763138023,-137.61578518180275,0.0,0.0,0.0,1.0,0.020828455992401348,27,10.708297529008426,0.4155196758055868,1.1586120150712766,0.13608748824508102,0.037037037037037035,0.07407407407407407,0.0,nan,3.0
-155.545568,35,1676.125777,0.0,1.0,-8.172599471780359,-155.54556831523843,0.0,0.0,0.0,1.0,0.010736703882724569,35,12.515928320456833,0.8281954813178573,2.0,0.17130116735185896,0.02857142857142857,0.05714285714285714,0.0,nan,3.0
-137.69443,25,1677.631898,0.0,1.0,-8.548127505939341,-137.69443042352756,0.0,0.0,0.0,1.0,0.010394880104555228,25,9.41872051222861,0.40409641550904846,1.0500537641599996,0.2092757987976074,0.04,0.08,0.0,nan,3.0
-138.165616,26,1678.784069,0.0,1.0,-8.560149167452536,-138.16561628860703,0.0,0.0,0.0,1.0,0.014867082259235569,26,9.835270689433232,0.43314550506363986,1.2182341681465607,0.15533088262264544,0.038461538461538464,0.07692307692307693,0.0,nan,3.0
-136.878014,17,1679.37833,0.0,1.0,-9.29721066706838,-136.8780136767262,0.0,0.0,0.0,1.0,0.013755184538307022,17,7.004197783000542,0.3786475021690004,1.1394543573301465,0.21112204299253576,0.058823529411764705,0.11764705882352941,0.0,nan,3.0
-169.318788,42,1682.456624,0.0,1.0,-8.214666311604145,-169.31878839107858,0.0,0.0,0.0,1.0,0.009254271849247472,42,13.875440458224586,1.0208008860141065,2.0,0.10743816125960577,0.16666666666666666,0.19047619047619047,0.0,10.306850720491857,3.0
-138.101466,29,1684.343605,0.0,1.0,-8.249723207443527,-138.10146639235757,0.0,0.0,0.0,1.0,0.014339738126984459,29,10.205090731825832,0.41334505898969315,1.1372279438892734,0.14484031447048845,0.034482758620689655,0.06896551724137931,0.0,nan,3.0
-138.285564,27,1685.631976,0.0,1.0,-8.503380891993373,-138.28556393273504,0.0,0.0,0.0,1.0,0.013266400064803632,27,9.955362839204357,0.42849714099893665,1.246454036518297,0.09401977062225342,0.037037037037037035,0.07407407407407407,0.0,30.793894187512635,3.0
-168.642276,43,1687.511406,0.0,1.0,-8.352898687815662,-168.64227634395633,0.0,0.0,0.0,1.0,0.014552657564214594,43,13.4557198323683,0.9942472846181636,2.0,0.14735092118728993,0.023255813953488372,0.046511627906976744,0.0,24.239557439373943,3.0
-156.062972,36,1690.271389,0.0,1.0,-8.21651457662886,-156.06297181336842,0.0,0.0,0.0,1.0,0.01080474088408765,36,12.561978068259512,0.8236158590675566,2.0,0.14273928271399605,0.08333333333333333,0.16666666666666666,0.0,25.86469068029303,3.0
-136.781431,17,1691.282465,0.0,1.0,-9.205986622864847,-136.7814306814723,0.0,0.0,0.0,1.0,0.012033144726215042,17,7.257641674796086,0.362595494173926,1.1365025322907327,0.299672477385577,0.058823529411764705,0.11764705882352941,0.0,nan,3.0
-136.421828,17,1692.974592,0.0,1.0,-9.171464224701104,-136.42182817866845,0.0,0.0,0.0,1.0,0.009867055616905622,17,6.977544425586726,0.3361810717258474,1.0333767176275699,0.08121301847345688,0.058823529411764705,0.11764705882352941,0.0,nan,3.0
-136.27606,17,1694.162553,0.0,1.0,-9.117606467934353,-136.27606030423146,0.0,0.0,0.0,1.0,0.011790812781624967,17,7.157191226345501,0.3187508826277103,1.0308319666559762,0.1778689412509694,0.058823529411764705,0.11764705882352941,0.0,nan,3.0
-136.446566,17,1695.319924,0.0,1.0,-9.132682739751285,-136.4465657443401,0.0,0.0,0.0,1.0,0.013322132366885195,17,7.311100595491496,0.346707810409852,1.061797605918409,0.17831610230838552,0.058823529411764705,0.11764705882352941,0.0,nan,3.0
-170.136567,45,1698.352168,0.0,1.0,-8.132056677833779,-170.13656664194437,0.0,0.0,0.0,1.0,0.013802767446918981,45,13.659627009080635,0.9900587412317186,2.0,0.15447904666264853,0.06666666666666667,0.06666666666666667,0.0,nan,3.0
-138.980763,34,1702.595071,0.0,1.0,-8.270719116849811,-138.9807630847614,0.0,0.0,0.0,1.0,0.010925808397891843,34,11.716163177439043,0.42777091353426305,1.0347645796981457,0.20990088056115544,0.029411764705882353,0.058823529411764705,0.0,nan,3.0
-136.435295,17,1703.942927,0.0,1.0,-9.098378900528632,-136.43529478821964,0.0,0.0,0.0,1.0,0.016038082373618246,17,7.656016046355655,0.35604175208605143,1.1125242366261896,0.07234122472650864,0.058823529411764705,0.11764705882352941,0.0,nan,3.0
-136.371234,17,1705.153465,0.0,1.0,-9.080033445398191,-136.37123409655163,0.0,0.0,0.0,1.0,0.00991794234664288,17,7.295094098377982,0.3351699680012809,1.0331357697609822,0.13557840796077952,0.058823529411764705,0.11764705882352941,0.0,nan,3.0
-137.690752,26,1706.874964,0.0,1.0,-8.441769560979122,-137.69075176163275,0.0,0.0,0.0,1.0,0.017227347520383088,26,10.475458040948723,0.42155100867415485,1.1980683229442857,0.07268607157927293,0.038461538461538464,0.07692307692307693,0.0,51.88530869780159,3.0
-138.388414,30,1708.568141,0.0,1.0,-8.154736895635866,-138.3884138282426,0.0,0.0,0.0,1.0,0.013777381384160587,30,10.126390947672233,0.41801375556096804,1.1246272657206198,0.3212346116701762,0.03333333333333333,0.06666666666666667,0.0,nan,3.0
-137.410045,28,1710.373604,0.0,1.0,-8.151919684414871,-137.41004489128807,0.0,0.0,0.0,1.0,0.01945439080745496,28,10.072620919075467,0.3912762385020647,1.0266033839272022,0.23854425975254603,0.03571428571428571,0.07142857142857142,0.0,nan,3.0
-137.468844,25,1711.458216,0.0,1.0,-8.325996788593578,-137.46884373492074,0.0,0.0,0.0,1.0,0.011203215763276039,25,10.403853950285573,0.398710899906057,1.0412386514305436,0.16808822393417358,0.04,0.08,0.0,nan,3.0
-137.628998,25,1713.02569,0.0,1.0,-8.513800132709513,-137.62899830775174,0.0,0.0,0.0,1.0,0.010484550068028608,25,9.463442708412025,0.4040630289302151,1.0317673344899112,0.19625484943389893,0.04,0.08,0.0,nan,3.0
-137.700897,27,1714.646176,0.0,1.0,-8.34701900650685,-137.70089716164452,0.0,0.0,0.0,1.0,0.014283452483576826,27,9.75563341920755,0.3976855754490116,1.0547153944081926,0.2743889733597084,0.037037037037037035,0.07407407407407407,0.0,33.10496977865838,3.0
-136.577109,16,1715.228838,0.0,1.0,-9.421902562005666,-136.57710942115338,0.0,0.0,0.0,1.0,0.013985131528454927,16,6.684566672694431,0.36440644023818486,1.073167022396459,0.2104177623987198,0.0625,0.125,0.0,38.934627169596745,3.0
-138.810041,32,1716.980063,0.0,1.0,-8.43911766834434,-138.81004118167817,0.0,0.0,0.0,1.0,0.011900892338103186,32,11.397218942646072,0.4289026915528149,1.060223011888012,0.13643306866288185,0.03125,0.0625,0.0,44.82696402017455,3.0
-137.895705,24,1719.10866,0.0,1.0,-8.610585816624097,-137.8957052212411,0.0,0.0,0.0,1.0,0.011025473767683418,24,9.966855693925266,0.425059331383514,1.220559704854055,0.11155465245246887,0.041666666666666664,0.08333333333333333,0.0,nan,3.0
-136.822323,16,1720.021796,0.0,1.0,-9.399725845045698,-136.82232314535523,0.0,0.0,0.0,1.0,0.0107888903079787,16,6.870493615018231,0.38530465666820274,1.1889999157494717,0.0964726135134697,0.0625,0.125,0.0,nan,3.0
-136.399612,16,1721.039565,0.0,1.0,-9.357280475178227,-136.3996116161781,0.0,0.0,0.0,1.0,0.01354544061906821,16,6.999734796895038,0.34515716034138866,1.037495701195626,0.2969646118581295,0.0625,0.125,0.0,nan,3.0
-137.483177,28,1722.845511,0.0,1.0,-8.307300289557796,-137.48317704561126,0.0,0.0,0.0,1.0,0.021183033318878525,28,10.19897333577316,0.4008432489978749,1.0378566032223586,0.11730638146400452,0.03571428571428571,0.07142857142857142,0.0,nan,3.0
-137.6245,25,1724.076686,0.0,1.0,-8.472753107005937,-137.62450014271835,0.0,0.0,0.0,1.0,0.01123173438770932,25,10.323284723932284,0.4065072805964014,1.083533205016779,0.1427512836456299,0.04,0.08,0.0,nan,3.0
-163.236452,44,1727.794618,0.0,1.0,-7.870631347593005,-163.2364522000467,0.0,0.0,0.0,1.0,0.011765062198697383,44,13.89425247411221,0.8899874765465895,2.0,0.15267212824387985,0.11363636363636363,0.13636363636363635,0.0,nan,3.0
-136.394619,17,1728.469097,0.0,1.0,-9.234373220192145,-136.39461919338555,0.0,0.0,0.0,1.0,0.01682907352538342,17,7.13924767016965,0.3489915427104267,1.0879721637938722,0.23523406421436982,0.058823529411764705,0.11764705882352941,0.0,nan,3.0
-138.130635,29,1730.25886,0.0,1.0,-8.310973301700477,-138.13063464519962,0.0,0.0,0.0,1.0,0.015406921841012321,29,10.433186737827233,0.41273466512356505,1.116606015152751,0.20473368414517107,0.034482758620689655,0.06896551724137931,0.0,7.970618265535878,3.0
-136.907634,18,1732.10387,0.0,1.0,-9.238589859617347,-136.90763350311818,0.0,0.0,0.0,1.0,0.011538291241539144,18,7.675197298204241,0.38249566417712044,1.147969461707832,0.25165742966863847,0.05555555555555555,0.1111111111111111,0.0,nan,3.0
-136.617059,17,1733.6402,0.0,1.0,-9.063533900290095,-136.6170590699178,0.0,0.0,0.0,1.0,0.01428430457501994,17,7.604740486193196,0.3635371387282338,1.143533295424278,0.14591866381028118,0.058823529411764705,0.11764705882352941,0.0,nan,3.0
-138.437095,27,1735.08046,0.0,1.0,-8.48546034005635,-138.43709536162692,0.0,0.0,0.0,1.0,0.013383915227669962,27,9.35691823706134,0.4275864738094949,1.2554344117260865,0.31427851871207907,0.037037037037037035,0.07407407407407407,0.0,43.418540636360284,3.0
-136.369754,17,1736.063552,0.0,1.0,-9.17183851233771,-136.3697540335296,0.0,0.0,0.0,1.0,0.013913609982700125,17,7.192296898947864,0.3459356646593191,1.0324059088827258,0.14150863535263958,0.058823529411764705,0.11764705882352941,0.0,nan,3.0
-136.553445,18,1736.86992,0.0,1.0,-8.932812181641564,-136.55344502852992,0.0,0.0,0.0,1.0,0.01249174645515513,18,7.792989117642987,0.351793817194961,1.0754938403818506,0.22405344247817993,0.05555555555555555,0.1111111111111111,0.0,nan,3.0
-136.760614,16,1737.573126,0.0,1.0,-9.412480695427817,-136.7606141680029,0.0,0.0,0.0,1.0,0.011458602427089008,16,6.910018837101034,0.3728307856883583,1.1334729573271067,0.09182276576757431,0.0625,0.125,0.0,nan,3.0
-137.654893,27,1740.690067,0.0,1.0,-8.24515640108049,-137.65489343024143,0.0,0.0,0.0,1.0,0.013186656176131384,27,10.581512893409448,0.4083498834335657,1.0887171423164297,0.17986206213633218,0.037037037037037035,0.07407407407407407,0.0,nan,3.0
-171.734931,48,1743.319873,0.0,1.0,-7.707441599504994,-171.73493075388382,0.0,0.0,0.0,1.0,0.020380356536728834,48,13.229357647597785,0.9837660444276889,2.0,0.2622426226735115,0.08333333333333333,0.10416666666666667,0.0,nan,3.0
-137.736674,25,1745.009244,0.0,1.0,-8.555898535596807,-137.73667431503364,0.0,0.0,0.0,1.0,0.011501086096383763,25,9.585041628830261,0.41125427614936344,1.0777601836870625,0.1693894910812378,0.04,0.08,0.0,nan,3.0
-136.791269,16,1745.761315,0.0,1.0,-9.37103989408291,-136.79126909523518,0.0,0.0,0.0,1.0,0.00993807862861281,16,6.993334774403974,0.3688061024509849,1.1310239914214315,0.18459109961986542,0.0625,0.125,0.0,nan,3.0
-137.676302,27,1747.323095,0.0,1.0,-8.365881260529177,-137.67630248512626,0.0,0.0,0.0,1.0,0.013575851458039473,27,9.575762655447589,0.4022040984222841,1.024657415111943,0.18556255764431423,0.037037037037037035,0.07407407407407407,0.0,nan,3.0
-137.760671,26,1748.111512,0.0,1.0,-8.430759872756752,-137.76067052604978,0.0,0.0,0.0,1.0,0.01250603444096243,26,10.745474914323559,0.4078516010260356,1.1161943424255527,0.13962707152733436,0.038461538461538464,0.07692307692307693,0.0,nan,3.0
-138.519476,33,1750.936378,0.0,1.0,-7.845583399067474,-138.51947570805018,0.0,0.0,0.0,1.0,0.015523807180195222,33,11.990982596472824,0.42429004695017325,1.0644060256762768,0.2475712588339141,0.030303030303030304,0.06060606060606061,0.0,nan,3.0
-137.760125,27,1752.778262,0.0,1.0,-8.282240245544413,-137.7601248171856,0.0,0.0,0.0,1.0,0.012359873895947494,27,10.165408971800836,0.40000191539335633,1.1077890632994316,0.22922863562901816,0.037037037037037035,0.07407407407407407,0.0,nan,3.0
-136.709182,18,1754.009345,0.0,1.0,-9.162193509208606,-136.70918165977153,0.0,0.0,0.0,1.0,0.009979137983830487,18,6.67710972825679,0.3519442666989989,1.0362564057691308,0.29192183415095013,0.05555555555555555,0.1111111111111111,0.0,nan,3.0
-138.215984,28,1755.279771,0.0,1.0,-8.269153648338879,-138.21598447799306,0.0,0.0,0.0,1.0,0.01074485735968122,28,11.026229017747657,0.4189033461981186,1.152697612766897,0.1623565001147134,0.03571428571428571,0.07142857142857142,0.0,26.087017215546023,3.0
-136.321702,15,1755.885159,0.0,1.0,-9.368349098055411,-136.3217017032184,0.0,0.0,0.0,1.0,0.012990050315755957,15,6.933681458017742,0.34622428595992666,1.0607509778566961,0.13004857699076336,0.06666666666666667,0.13333333333333333,0.0,62.937742636838244,3.0
-137.910522,28,1757.257971,0.0,1.0,-8.2672038356043,-137.91052237465115,0.0,0.0,0.0,1.0,0.017906002551303698,28,10.687330322965737,0.4175168233614949,1.1451868344389406,0.13734592284475053,0.03571428571428571,0.07142857142857142,0.0,nan,3.0
-138.181637,26,1758.955359,0.0,1.0,-8.52411909844983,-138.18163653319925,0.0,0.0,0.0,1.0,0.015645040869072813,26,9.162850551317712,0.43071124224694324,1.2904028451831784,0.2008137840491075,0.038461538461538464,0.07692307692307693,0.0,nan,3.0
-136.160356,17,1759.859114,0.0,1.0,-9.133647051078222,-136.16035621192194,0.0,0.0,0.0,1.0,0.016103916694912755,17,7.109051841088514,0.33293448802131,1.0220876739306992,0.13187676317551555,0.058823529411764705,0.11764705882352941,0.0,nan,3.0
-136.875118,17,1761.200122,0.0,1.0,-9.249362190951187,-136.87511844201165,0.0,0.0,0.0,1.0,0.011724191393969581,17,7.031985151754202,0.3718159322524149,1.1164100398129673,0.3655552022597369,0.058823529411764705,0.11764705882352941,0.0,73.89669535441581,3.0
-138.456729,30,1763.469654,0.0,1.0,-8.228747628823756,-138.45672928534833,0.0,0.0,0.0,1.0,0.016319571685770477,30,9.839855848400653,0.42846414859528065,1.1427828904708461,0.2958615839481354,0.03333333333333333,0.06666666666666667,0.0,nan,3.0
-137.626503,24,1765.263448,0.0,1.0,-8.600965492939464,-137.6265025546458,0.0,0.0,0.0,1.0,0.010869754398378383,24,9.701938459167172,0.4150342750137404,1.1392539210202675,0.21074715753396353,0.041666666666666664,0.08333333333333333,0.0,nan,3.0
-136.675668,17,1766.587006,0.0,1.0,-9.296947682323665,-136.6756682889513,0.0,0.0,0.0,1.0,0.014387271123723538,17,6.713560375761623,0.3722719414590594,1.0819778651108407,0.17310695087208466,0.058823529411764705,0.11764705882352941,0.0,nan,3.0
-137.988761,29,1770.750907,0.0,1.0,-8.195054734188883,-137.9887608254392,0.0,0.0,0.0,1.0,0.010510717439642006,29,10.368143631740283,0.3998123748546643,1.0209660852002835,0.22434510444772654,0.034482758620689655,0.06896551724137931,0.0,37.52394087989089,3.0
-136.370057,17,1772.134612,0.0,1.0,-9.211457111820367,-136.37005652696718,0.0,0.0,0.0,1.0,0.01702711792856998,17,7.074819306368726,0.35370650240598694,1.035697113016862,0.3355604690663955,0.058823529411764705,0.11764705882352941,0.0,nan,3.0
-136.765635,17,1772.952894,0.0,1.0,-9.298743299616342,-136.76563528938257,0.0,0.0,0.0,1.0,0.012755859000856929,17,6.952785469750959,0.3691841464775075,1.1326384390744872,0.15215729965883143,0.058823529411764705,0.11764705882352941,0.0,nan,3.0
-138.752408,34,1776.396272,0.0,1.0,-8.127882655736709,-138.7524080075753,0.0,0.0,0.0,1.0,0.012377287650777556,34,10.963544897451635,0.4121300492018487,1.0378215734591139,0.23488863776711857,0.029411764705882353,0.058823529411764705,0.0,35.714295964036,3.0
-137.654656,24,1777.906032,0.0,1.0,-8.63297273037953,-137.65465605791124,0.0,0.0,0.0,1.0,0.009595096670790417,24,9.294614767535618,0.4079595172450768,1.0640969111581622,0.1290421187877655,0.041666666666666664,0.08333333333333333,0.0,39.833711492353366,3.0
-137.788377,25,1779.21792,0.0,1.0,-8.574172122447553,-137.78837679208794,0.0,0.0,0.0,1.0,0.012887142460892856,25,9.626280588811106,0.4160982434005636,1.1615403451218453,0.09337607860565185,0.04,0.08,0.0,nan,3.0
-136.682712,16,1780.629296,0.0,1.0,-9.363089528457827,-136.68271245327168,0.0,0.0,0.0,1.0,0.01648034235692334,16,7.482297784273234,0.3803544389188063,1.1534382840819204,0.16282210126519203,0.0625,0.125,0.0,nan,3.0
-169.201061,47,1783.010816,0.0,1.0,-7.966819926915864,-169.2010609078595,0.0,0.0,0.0,1.0,0.010469064478461004,47,13.46900120356197,0.9446359556403973,2.0,0.20796762121484635,0.10638297872340426,0.1276595744680851,0.0,nan,3.0
-137.760646,30,1784.259557,0.0,1.0,-7.990458536846692,-137.76064558983882,0.0,0.0,0.0,1.0,0.01876741576299106,30,10.140515978131893,0.39495997565660945,1.067789507888598,0.29642476042111715,0.03333333333333333,0.06666666666666667,0.0,nan,3.0
-138.004761,28,1785.889593,0.0,1.0,-8.29281550787153,-138.00476110115954,0.0,0.0,0.0,1.0,0.012599302118066358,28,11.0943060187403,0.4124435200204476,1.1198845016237062,0.12673809698649816,0.03571428571428571,0.07142857142857142,0.0,nan,3.0
-138.076528,27,1787.686069,0.0,1.0,-8.34402849584988,-138.0765280536803,0.0,0.0,0.0,1.0,0.01401803351606017,27,10.099954398845746,0.4213103627684336,1.1724355820948305,0.23395764827728271,0.037037037037037035,0.07407407407407407,0.0,nan,3.0
-137.663352,25,1789.067484,0.0,1.0,-8.496591980616795,-137.66335226961303,0.0,0.0,0.0,1.0,0.011295477366535328,25,9.76817782407769,0.4063567761826474,1.123085893439817,0.11206114292144775,0.04,0.08,0.0,29.35607989618981,3.0
-136.563977,17,1790.240736,0.0,1.0,-9.267624751985732,-136.5639767975122,0.0,0.0,0.0,1.0,0.011265565905201677,17,6.530351724978299,0.33857239021268687,1.0412138299724751,0.4329152037115658,0.058823529411764705,0.11764705882352941,0.0,nan,3.0
-136.444132,16,1791.815192,0.0,1.0,-9.234734793931398,-136.44413192893657,0.0,0.0,0.0,1.0,0.01069877370921084,16,7.256474926749368,0.34123886247113117,1.0376273003843102,0.2572907730937004,0.0625,0.125,0.0,nan,3.0
-137.652825,27,1792.411191,0.0,1.0,-8.226887595464008,-137.65282494659456,0.0,0.0,0.0,1.0,0.016026811549189092,27,10.894533645251848,0.4059073391575949,1.1040149080735389,0.1386552475116871,0.037037037037037035,0.07407407407407407,0.0,nan,3.0
-136.764305,19,1793.901978,0.0,1.0,-9.035036266290469,-136.76430519918594,0.0,0.0,0.0,1.0,0.0177746564593839,19,7.201291934541836,0.37281226041734067,1.1509797183987314,0.32681112540395635,0.05263157894736842,0.10526315789473684,0.0,nan,3.0
-136.463299,18,1795.188827,0.0,1.0,-8.856470300070004,-136.46329938073603,0.0,0.0,0.0,1.0,0.009169522132991803,18,7.188872874103625,0.31837650926388866,1.1028366791803303,0.304653094874488,0.05555555555555555,0.1111111111111111,0.0,nan,3.0
-137.909812,28,1796.517568,0.0,1.0,-8.22845262833012,-137.90981165329097,0.0,0.0,0.0,1.0,0.013219455579881889,28,10.519276019123277,0.40838359614803377,1.092712971203382,0.18179551192692348,0.03571428571428571,0.07142857142857142,0.0,nan,3.0
-136.750054,18,1797.802888,0.0,1.0,-9.049803935628866,-136.7500543506979,0.0,0.0,0.0,1.0,0.009172777242036396,18,7.171525253621232,0.3571607787689288,1.1024740300849436,0.05555555555555555,0.05555555555555555,0.1111111111111111,0.0,38.33809613936065,3.0
-138.13179,32,1799.210721,0.0,1.0,-7.771401313917716,-138.13178995569555,0.0,0.0,0.0,1.0,0.016874650463155578,32,10.00220095366957,0.40134736928828796,1.1385694452694566,0.3161069229245186,0.03125,0.0625,0.0,nan,3.0
-137.630624,27,1801.484346,0.0,1.0,-8.243879381439694,-137.63062415803296,0.0,0.0,0.0,1.0,0.012484369061660412,27,10.177185483146172,0.3944968550616555,1.0445485027027344,0.20060473901254158,0.037037037037037035,0.07407407407407407,0.0,nan,3.0
-138.176887,29,1803.537819,0.0,1.0,-8.307784324714936,-138.17688679255238,0.0,0.0,0.0,1.0,0.01560601123725948,29,10.411231414802755,0.41776389901483657,1.1294100599875998,0.19054672635834793,0.034482758620689655,0.06896551724137931,0.0,nan,3.0
-136.565667,18,1804.916954,0.0,1.0,-9.012806936121775,-136.56566719987003,0.0,0.0,0.0,1.0,0.009274619535466473,18,7.211848402569185,0.33876713209027426,1.066072957802683,0.13286438915464613,0.05555555555555555,0.1111111111111111,0.0,nan,3.0
-137.454743,27,1806.268251,0.0,1.0,-8.064052856046288,-137.45474345611225,0.0,0.0,0.0,1.0,0.015396848030029595,27,9.955737225075518,0.39059996754294635,1.123479211467866,0.17150391031194617,0.037037037037037035,0.07407407407407407,0.0,nan,3.0
-138.017987,29,1807.643281,0.0,1.0,-8.306998041303647,-138.01798726772242,0.0,0.0,0.0,1.0,0.011790217223431678,29,10.499046050281345,0.4023435787637389,1.0631871514437161,0.1378808144865365,0.034482758620689655,0.06896551724137931,0.0,28.63808554529239,3.0
-138.925214,34,1810.182943,0.0,1.0,-8.078174747407386,-138.9252137148956,0.0,0.0,0.0,1.0,0.01646574558693168,34,11.737017458732769,0.42968315419205394,1.1029184823486018,0.26683325627270865,0.029411764705882353,0.058823529411764705,0.0,nan,3.0
-138.248481,29,1813.949172,0.0,1.0,-8.43933724990484,-138.24848074766882,0.0,0.0,0.0,1.0,0.009971441134545464,29,10.710693301440404,0.4118891033518499,1.0749374558980562,0.04598030756259787,0.034482758620689655,0.06896551724137931,0.0,28.47587080673738,3.0
-137.448552,24,1816.665901,0.0,1.0,-8.512170573559143,-137.44855173297813,0.0,0.0,0.0,1.0,0.012280821302576768,24,9.618545514953999,0.3990981543083297,1.098380637567605,0.1431529919306437,0.041666666666666664,0.08333333333333333,0.0,nan,3.0
-138.505767,31,1818.60691,0.0,1.0,-8.20266098221725,-138.50576704923913,0.0,0.0,0.0,1.0,0.01780860674691679,31,10.006701400055533,0.4227367824927767,1.2065749055964081,0.2548532485961914,0.03225806451612903,0.06451612903225806,0.0,nan,3.0
-136.650421,19,1819.324116,0.0,1.0,-9.00119308740128,-136.65042080797974,0.0,0.0,0.0,1.0,0.010569151080933889,19,6.928219982329964,0.33122907831432213,1.028906932573343,0.4140863763658624,0.05263157894736842,0.10526315789473684,0.0,nan,3.0
-141.812933,46,1822.929914,0.0,1.0,-8.206088077681219,-141.81293333721152,0.0,0.0,0.0,1.0,0.01145451896600904,46,13.46561508061,0.4756170590408514,0.9841862799115626,0.19106613553088644,0.15217391304347827,0.17391304347826086,0.0,37.14776936305245,3.0
-137.690479,24,1824.845592,0.0,1.0,-8.649960572824808,-137.69047892720104,0.0,0.0,0.0,1.0,0.010489917957078789,24,9.637713861472225,0.4114835587839029,1.1202889011919295,0.09255326787630717,0.041666666666666664,0.08333333333333333,0.0,nan,3.0
-137.992846,28,1826.351768,0.0,1.0,-8.22552472500014,-137.99284598276276,0.0,0.0,0.0,1.0,0.016707964862538078,28,10.193527868370767,0.4187235583134412,1.1338125310894231,0.2746982829911368,0.03571428571428571,0.07142857142857142,0.0,nan,3.0
-137.82814,29,1829.123369,0.0,1.0,-8.22193906667358,-137.82813999240147,0.0,0.0,0.0,1.0,0.01565314971919638,29,10.284699189682001,0.40181722349091176,1.0554246365047357,0.1581867398886845,0.034482758620689655,0.06896551724137931,0.0,nan,3.0
-139.237482,35,1833.201684,0.0,1.0,-8.085931184575825,-139.23748189744907,0.0,0.0,0.0,1.0,0.011379718129577318,35,11.216975091667985,0.42972771253155634,1.0444636178125484,0.4359952449798584,0.02857142857142857,0.05714285714285714,0.0,nan,3.0
-138.367564,28,1834.538996,0.0,1.0,-8.378420532635547,-138.36756385144605,0.0,0.0,0.0,1.0,0.010712290547307067,28,8.76959916085934,0.42334515466683814,1.199640275265124,0.3535243975264685,0.03571428571428571,0.07142857142857142,0.0,nan,3.0
-137.932601,27,1836.255793,0.0,1.0,-8.181412189159634,-137.9326011442395,0.0,0.0,0.0,1.0,0.015797705949196297,27,10.671335869872236,0.42013514335633273,1.16331173850063,0.3233985282756664,0.037037037037037035,0.07407407407407407,0.0,nan,3.0
-136.544745,17,1837.412194,0.0,1.0,-9.207829812415833,-136.54474490794837,0.0,0.0,0.0,1.0,0.014117806561980282,17,7.269900340423601,0.35169901709533313,1.085485847895917,0.3405989969477934,0.058823529411764705,0.11764705882352941,0.0,nan,3.0
-137.001313,17,1838.353866,0.0,1.0,-9.403416007377833,-137.00131267886357,0.0,0.0,0.0,1.0,0.010979264538550255,17,6.5342595258060046,0.38065814313854845,1.0989019617648303,0.3992372786297518,0.058823529411764705,0.11764705882352941,0.0,37.33701706657738,3.0
-137.65176,28,1840.21581,0.0,1.0,-8.176778737765101,-137.651760246339,0.0,0.0,0.0,1.0,0.0130776942615502,28,9.043685933950872,0.3814466676642888,1.1231975151450024,0.2778064225401197,0.03571428571428571,0.07142857142857142,0.0,nan,3.0
-137.981644,27,1841.764468,0.0,1.0,-8.503230865716368,-137.98164440716363,0.0,0.0,0.0,1.0,0.013865237234423617,27,8.626485634185428,0.42098372206203066,1.0411454466974328,0.25877007952442876,0.037037037037037035,0.07407407407407407,0.0,nan,3.0
-138.380721,30,1843.438765,0.0,1.0,-8.173802169951045,-138.3807206910724,0.0,0.0,0.0,1.0,0.015446929589274752,30,9.949207288291948,0.411672032534988,1.2212188286043835,0.278972057501475,0.03333333333333333,0.06666666666666667,0.0,nan,3.0
-138.364364,31,1845.09152,0.0,1.0,-8.074754113207264,-138.36436386188302,0.0,0.0,0.0,1.0,0.017191509066621154,31,9.596505018532161,0.41258164873076375,1.1109373359878993,0.44316215668955156,0.03225806451612903,0.06451612903225806,0.0,nan,3.0
-137.991673,27,1847.426929,0.0,1.0,-8.464101561160764,-137.99167336876803,0.0,0.0,0.0,1.0,0.012793861488216495,27,9.170358887985778,0.4103398468069303,1.143715684569406,0.22146769364674887,0.037037037037037035,0.07407407407407407,0.0,nan,3.0
-137.509202,24,1848.339977,0.0,1.0,-8.659087983424824,-137.5092023930343,0.0,0.0,0.0,1.0,0.011781211327430988,24,9.641762326640967,0.40123231250718017,1.0483834224176987,0.12004576623439789,0.041666666666666664,0.08333333333333333,0.0,nan,3.0
-136.687645,18,1849.213565,0.0,1.0,-9.044538007002705,-136.68764510310288,0.0,0.0,0.0,1.0,0.012520983308423035,18,7.438505038769841,0.3538276457047777,1.072352509501738,0.3630112608273824,0.05555555555555555,0.1111111111111111,0.0,nan,3.0
-137.307559,30,1851.334058,0.0,1.0,-7.384878392999103,-137.30755949503492,0.0,0.0,0.0,1.0,0.023413045618531296,30,10.89452945523411,0.39418369531515435,1.1463939519176118,0.3176544964313507,0.03333333333333333,0.06666666666666667,0.0,nan,3.0
-136.947343,17,1852.041657,0.0,1.0,-9.259114187083227,-136.94734284035354,0.0,0.0,0.0,1.0,0.01138646881650691,17,6.7951450511361395,0.38017078822386635,1.165768688864073,0.2126996026319616,0.058823529411764705,0.11764705882352941,0.0,39.23931875225917,3.0
-164.51978,44,1855.102141,0.0,1.0,-7.966307091201284,-164.51978009450286,0.0,0.0,0.0,1.0,0.011590823309063285,44,13.969213412642954,0.8975349268990804,2.0,0.22898005897348578,0.20454545454545456,0.22727272727272727,0.0,29.517244334092318,3.0
-136.567732,17,1856.074893,0.0,1.0,-9.264575944965982,-136.56773227573612,0.0,0.0,0.0,1.0,0.012825439637479952,17,6.942242796035065,0.35209656572229814,1.0947487203526898,0.15961174403919892,0.058823529411764705,0.11764705882352941,0.0,nan,3.0
-137.997721,28,1858.810906,0.0,1.0,-8.223696512100899,-137.99772077767645,0.0,0.0,0.0,1.0,0.016451268264733813,28,10.513032672711887,0.4195925001883752,1.1344088331269138,0.21422575627054488,0.03571428571428571,0.07142857142857142,0.0,nan,3.0
-136.893389,18,1859.96819,0.0,1.0,-9.031286323163117,-136.89338893327087,0.0,0.0,0.0,1.0,0.013687407688109733,18,7.925680436630939,0.3809711201073658,1.1394166037695515,0.30558498038185966,0.05555555555555555,0.1111111111111111,0.0,nan,3.0
-138.557299,30,1862.823364,0.0,1.0,-8.135293535838866,-138.55729881032937,0.0,0.0,0.0,1.0,0.016573298672005986,30,10.261181760640198,0.43682167259651705,1.206908819930128,0.24809712171554565,0.03333333333333333,0.06666666666666667,0.0,nan,3.0
-137.55563,27,1864.175617,0.0,1.0,-8.015598731650208,-137.55562971515812,0.0,0.0,0.0,1.0,0.014896208796680913,27,10.477600443458421,0.40119642013306694,1.1047326945997724,0.22581034677999992,0.037037037037037035,0.07407407407407407,0.0,nan,3.0
-137.519007,25,1865.418995,0.0,1.0,-8.491792648664777,-137.519007352153,0.0,0.0,0.0,1.0,0.013085428611258838,25,9.231675753039466,0.399395899377848,1.081026196566539,0.16597419261932372,0.04,0.08,0.0,12.479185856717201,3.0
-138.327166,28,1867.20024,0.0,1.0,-8.207926391622111,-138.32716622439906,0.0,0.0,0.0,1.0,0.01366554451880413,28,9.537423170417766,0.4226922075058343,1.2808889954600995,0.3130260982683727,0.03571428571428571,0.07142857142857142,0.0,60.56770518269571,3.0
-137.680912,28,1868.456493,0.0,1.0,-8.173181212981532,-137.68091158944043,0.0,0.0,0.0,1.0,0.020572894462258205,28,10.310555876406125,0.39416553139874394,1.1927667514628417,0.25953786075115204,0.03571428571428571,0.07142857142857142,0.0,nan,3.0
-138.35384,29,1869.96325,0.0,1.0,-8.359143707542314,-138.3538401939054,0.0,0.0,0.0,1.0,0.01321917111459307,29,9.533611686862887,0.42106405045882517,1.1808510211331187,0.20827478786994671,0.034482758620689655,0.06896551724137931,0.0,45.44888763575835,3.0
-136.329676,20,1870.753392,0.0,1.0,-8.60368705276626,-136.32967629958702,0.0,0.0,0.0,1.0,0.016414380114463795,20,7.307817712784489,0.3066447810667334,1.056279279738723,0.5177863359451294,0.05,0.1,0.0,nan,3.0
-137.85731,25,1872.070214,0.0,1.0,-8.447927377686902,-137.85731001921192,0.0,0.0,0.0,1.0,0.011059779367096711,25,9.789864565471218,0.4195169716953881,1.1720069759489784,0.17556343078613282,0.04,0.08,0.0,39.89623782650388,3.0
-171.946277,46,1874.740801,0.0,1.0,-8.014581701122001,-171.94627671856165,0.0,0.0,0.0,1.0,0.015475982664492302,46,13.41288984372473,1.0133696542516577,2.0,0.2392221300498299,0.043478260869565216,0.08695652173913043,0.0,40.56085977385436,3.0
-136.513737,19,1876.519586,0.0,1.0,-8.896054045340561,-136.5137365349163,0.0,0.0,0.0,1.0,0.011439805002761773,19,6.990032477024486,0.33650576148743494,1.0610082545276844,0.21400036937312075,0.05263157894736842,0.10526315789473684,0.0,44.93560751300541,3.0
-136.614878,17,1877.361784,0.0,1.0,-9.21432015269767,-136.61487778337354,0.0,0.0,0.0,1.0,0.009964357884928847,17,7.241592609987096,0.36014032348500763,1.1250634361400789,0.2260652219547945,0.058823529411764705,0.11764705882352941,0.0,nan,3.0
-138.256234,29,1878.691969,0.0,1.0,-8.233586658385754,-138.25623391294852,0.0,0.0,0.0,1.0,0.014716625288435968,29,9.978379871508734,0.41701103186104915,1.1753783179964734,0.24419642727950525,0.034482758620689655,0.06896551724137931,0.0,nan,3.0
-136.686026,19,1879.938393,0.0,1.0,-9.003413641801597,-136.6860262320796,0.0,0.0,0.0,1.0,0.010521782070204913,19,7.058536887132526,0.33574993730479735,1.0690356984702956,0.340208837860509,0.05263157894736842,0.10526315789473684,0.0,nan,3.0
-138.067996,25,1881.212242,0.0,1.0,-8.644527411335133,-138.06799578577605,0.0,0.0,0.0,1.0,0.012390487983324351,25,9.468191219370329,0.42468013684507944,1.2033840922141874,0.21520063877105713,0.04,0.08,0.0,50.20202498430458,3.0
-138.233746,32,1882.798272,0.0,1.0,-8.003906608346005,-138.2337458991836,0.0,0.0,0.0,1.0,0.015034025982679427,32,9.34343361962824,0.39589415673052,1.1055792035304848,0.3597104698419571,0.03125,0.0625,0.0,nan,3.0
-137.948615,29,1885.075164,0.0,1.0,-8.126187017424835,-137.9486153145867,0.0,0.0,0.0,1.0,0.015041856316758414,29,10.19532476815323,0.4100268909356245,1.0601023014895783,0.25787052614935513,0.034482758620689655,0.06896551724137931,0.0,nan,3.0
-136.744298,17,1885.863007,0.0,1.0,-9.263848376861612,-136.74429828187965,0.0,0.0,0.0,1.0,0.013640079075481221,17,6.8380519911563775,0.3559365131396162,1.1152227472750218,0.425453641835381,0.058823529411764705,0.11764705882352941,0.0,nan,3.0
-136.763715,17,1887.019646,0.0,1.0,-9.294727637679634,-136.7637151358754,0.0,0.0,0.0,1.0,0.011697946036734831,17,6.906699439443658,0.36460480820010416,1.1273552649392269,0.08628902014564066,0.058823529411764705,0.11764705882352941,0.0,61.46005546724167,3.0
-137.965238,27,1888.491522,0.0,1.0,-8.376705191764982,-137.96523796260436,0.0,0.0,0.0,1.0,0.013995582069782197,27,8.85271722659672,0.40426745713276563,1.122873635842835,0.45554092195298934,0.037037037037037035,0.07407407407407407,0.0,nan,3.0
-137.488089,28,1891.591762,0.0,1.0,-8.036976964387257,-137.48808873560623,0.0,0.0,0.0,1.0,0.012934593277913022,28,9.66079740159022,0.38193409027536734,1.0285179974069758,0.2989794399057116,0.03571428571428571,0.07142857142857142,0.0,nan,3.0
-136.285291,16,1892.575195,0.0,1.0,-9.18645385662721,-136.28529112665848,0.0,0.0,0.0,1.0,0.016467253578971195,16,7.455323329576376,0.3630542992474154,1.135076538099931,0.1082276925444603,0.0625,0.125,0.0,nan,3.0
-136.487386,18,1893.934032,0.0,1.0,-8.931490691315542,-136.48738570131292,0.0,0.0,0.0,1.0,0.01656851224883535,18,7.440913521157174,0.3583926783778624,1.0898387363653628,0.27325793107350665,0.05555555555555555,0.1111111111111111,0.0,nan,3.0
-137.666906,26,1895.479907,0.0,1.0,-8.46142417115602,-137.66690606332776,0.0,0.0,0.0,1.0,0.013429247243124076,26,9.02791215104658,0.402462322786452,1.0357792639419088,0.3069073259830475,0.038461538461538464,0.07692307692307693,0.0,nan,3.0
-136.880294,19,1897.128332,0.0,1.0,-9.090600187341193,-136.88029448997946,0.0,0.0,0.0,1.0,0.011678896747919812,19,7.501409945833712,0.36174992769787834,1.1567201972093502,0.39447476048218577,0.05263157894736842,0.10526315789473684,0.0,nan,3.0
-138.183212,32,1899.694058,0.0,1.0,-7.854148921177524,-138.1832116701316,0.0,0.0,0.0,1.0,0.012978704225800797,32,9.965818187340274,0.40047879781982937,1.0221771260625443,0.31413963064551353,0.03125,0.0625,0.0,26.587504739769912,3.0
-138.265148,32,1901.138067,0.0,1.0,-7.909558143129143,-138.26514760320455,0.0,0.0,0.0,1.0,0.01597949556067397,32,8.695613921438365,0.407100406395657,1.1479741006042532,0.3615095838904381,0.03125,0.0625,0.0,nan,3.0
-138.132726,28,1902.939761,0.0,1.0,-8.137659607435424,-138.1327262190422,0.0,0.0,0.0,1.0,0.010791112379974691,28,10.050074276121661,0.4178495616724085,1.0994019050427888,0.2597284423453467,0.03571428571428571,0.07142857142857142,0.0,nan,3.0
-137.414589,24,1904.310524,0.0,1.0,-8.596670620442401,-137.41458878629035,0.0,0.0,0.0,1.0,0.011225481285876507,24,9.722698397336313,0.4073228801646757,1.075478309826902,0.13187360763549805,0.041666666666666664,0.08333333333333333,0.0,31.273848885782453,3.0
-138.69594,35,1905.901561,0.0,1.0,-7.840458919470313,-138.69593961996975,0.0,0.0,0.0,1.0,0.017326219068939712,35,11.764420671220726,0.4121430504082268,1.0562639031339194,0.22578566755567278,0.02857142857142857,0.05714285714285714,0.0,nan,3.0
-136.345531,20,1907.317274,0.0,1.0,-8.661081692146837,-136.34553053422187,0.0,0.0,0.0,1.0,0.01520071768636184,20,7.421197590854272,0.32280465978656625,1.0539275157730155,0.3939607262611389,0.05,0.1,0.0,29.820804915310713,3.0
-138.060599,28,1909.039377,0.0,1.0,-8.186737652275184,-138.06059925713117,0.0,0.0,0.0,1.0,0.01970541728352418,28,10.500957803964459,0.42252122521591345,1.2077750502496676,0.2760653155190604,0.03571428571428571,0.07142857142857142,0.0,nan,3.0
-151.615506,34,1910.584003,0.0,1.0,-7.8962323241056795,-151.61550610802703,0.0,0.0,0.0,1.0,0.01474467728390205,34,12.603627784081716,0.7478136006353155,2.0,0.24227413359810324,0.08823529411764706,0.11764705882352941,0.0,nan,3.0
-136.822948,20,1911.699536,0.0,1.0,-8.917837878786704,-136.82294827903212,0.0,0.0,0.0,1.0,0.01878022306897963,20,7.172420482021771,0.37102154974504314,1.1423128919776813,0.3244040161371231,0.05,0.1,0.0,nan,3.0
-136.201451,19,1912.665062,0.0,1.0,-8.795622629038348,-136.20145086784316,0.0,0.0,0.0,1.0,0.015311576471483486,19,7.357732938118742,0.3093590894359036,1.0424145682858768,0.4517556303425839,0.05263157894736842,0.10526315789473684,0.0,nan,3.0
-141.823163,48,1916.023392,0.0,1.0,-7.903126113230776,-141.8231626627948,0.0,0.0,0.0,1.0,0.015701341227420382,48,13.5399634027141,0.4752020249783561,0.9633417784874468,0.2866760566830635,0.22916666666666666,0.08333333333333333,0.0,nan,3.0
-137.532047,27,1917.384491,0.0,1.0,-8.401649163115621,-137.53204705915326,0.0,0.0,0.0,1.0,0.023727418223342636,27,8.710025829385794,0.4085100567160556,1.0701009027586972,0.3996592980844003,0.037037037037037035,0.07407407407407407,0.0,nan,3.0
-136.184206,18,1918.008333,0.0,1.0,-8.84950345268683,-136.1842059572759,0.0,0.0,0.0,1.0,0.012238998379301364,18,7.3740357268447525,0.3070222718580928,1.0274852361192681,0.4595711694823371,0.05555555555555555,0.1111111111111111,0.0,nan,3.0
-136.711388,18,1918.488662,0.0,1.0,-9.098511524381646,-136.71138812911576,0.0,0.0,0.0,1.0,0.013728591348832081,18,7.298964466358986,0.3581175190458197,1.0874754926388948,0.328715721766154,0.05555555555555555,0.1111111111111111,0.0,nan,3.0
-137.679344,25,1920.464849,0.0,1.0,-8.64206369609945,-137.6793444927237,0.0,0.0,0.0,1.0,0.015236583351271246,25,9.034865625229253,0.4113632689714813,1.0996614656885468,0.20862068653106688,0.04,0.08,0.0,nan,3.0
-138.237945,27,1922.096964,0.0,1.0,-8.31254399036972,-138.23794469589063,0.0,0.0,0.0,1.0,0.011259114246852456,27,9.885676707057845,0.4086880797010043,1.2641588260122918,0.2935262300350048,0.037037037037037035,0.07407407407407407,0.0,nan,3.0
-137.983554,28,1923.522076,0.0,1.0,-8.120460033976672,-137.98355421547723,0.0,0.0,0.0,1.0,0.01141462659844022,28,9.301317099653305,0.3854402330735432,1.1803227051766174,0.4032565781048366,0.03571428571428571,0.07142857142857142,0.0,nan,3.0
-155.761123,37,1926.066323,0.0,1.0,-8.065220060457413,-155.76112259331538,0.0,0.0,0.0,1.0,0.010766360174974196,37,12.628167944886245,0.8046329295093035,2.0,0.2920761897757247,0.02702702702702703,0.05405405405405406,0.0,31.7326966886529,3.0
-139.287988,36,1928.03577,0.0,1.0,-7.9858212742750965,-139.28798760262958,0.0,0.0,0.0,1.0,0.013034415661370372,36,10.96761792428812,0.4384265279712161,1.0631741506262644,0.19482160607973734,0.027777777777777776,0.05555555555555555,0.0,52.16913913750039,3.0
-137.952648,26,1929.681007,0.0,1.0,-8.522174400158676,-137.95264802084097,0.0,0.0,0.0,1.0,0.013120418281796851,26,9.034094301868192,0.40619839539783753,1.1810511376198822,0.28652533888816833,0.038461538461538464,0.07692307692307693,0.0,nan,3.0
-137.581403,26,1930.87536,0.0,1.0,-8.405042714892843,-137.58140336122656,0.0,0.0,0.0,1.0,0.013426601007646075,26,9.758937672359764,0.4029887361575852,1.0479546870459153,0.12278571037145761,0.038461538461538464,0.07692307692307693,0.0,nan,3.0
-138.29003,28,1932.334402,0.0,1.0,-8.241588166755237,-138.29003041943284,0.0,0.0,0.0,1.0,0.01466045737544489,28,9.962526283726595,0.4186696040474633,1.245023668495517,0.3191036752292088,0.03571428571428571,0.07142857142857142,0.0,nan,3.0
-137.499713,31,1934.134174,0.0,1.0,-7.58386046340639,-137.4997129300511,0.0,0.0,0.0,1.0,0.02035001253539057,31,10.053379409417214,0.3907070994836534,1.053955874901521,0.31797459817701773,0.03225806451612903,0.06451612903225806,0.0,nan,3.0
-136.649886,21,1935.960923,0.0,1.0,-8.560786064220514,-136.64988632087872,0.0,0.0,0.0,1.0,0.012915937830796708,21,7.260931883377621,0.33972918126973956,1.0826733035469547,0.3978625337282817,0.047619047619047616,0.09523809523809523,0.0,nan,3.0
-138.098796,29,1938.350404,0.0,1.0,-8.142666556776675,-138.09879614320596,0.0,0.0,0.0,1.0,0.01600260202607757,29,10.733109458793479,0.4058732960591003,1.1854883160430956,0.27772317467064694,0.034482758620689655,0.06896551724137931,0.0,nan,3.0
-136.569607,18,1939.605393,0.0,1.0,-9.09709788704288,-136.56960710002028,0.0,0.0,0.0,1.0,0.013916291140005128,18,7.549974816067559,0.35087922214935985,1.093916056984716,0.18758216169145372,0.05555555555555555,0.1111111111111111,0.0,nan,3.0
-168.830231,45,1941.734581,0.0,1.0,-7.988164422177791,-168.83023068774247,0.0,0.0,0.0,1.0,0.015334913754612546,45,13.112671373017102,0.9660955402765865,2.0,0.19820099936591254,0.06666666666666667,0.13333333333333333,0.0,28.793808923244192,3.0
-136.69473,18,1942.287284,0.0,1.0,-9.156646309380045,-136.69473035414876,0.0,0.0,0.0,1.0,0.01383114625311598,18,6.7107465183564114,0.36179684430647374,1.0394066053850053,0.3791643977165222,0.05555555555555555,0.1111111111111111,0.0,nan,3.0
-137.547051,26,1944.183367,0.0,1.0,-8.291266240196968,-137.5470513813581,0.0,0.0,0.0,1.0,0.01308322958378388,26,10.29007477730991,0.3949816807116128,1.073774632269583,0.24845163409526533,0.038461538461538464,0.07692307692307693,0.0,nan,3.0
-136.863141,16,1944.587777,0.0,1.0,-9.372765530994782,-136.86314056492574,0.0,0.0,0.0,1.0,0.00990345674617563,16,7.169197830270999,0.3757662223494782,1.155856072045655,0.10066600143909454,0.0625,0.125,0.0,nan,3.0
-137.855855,28,1946.674253,0.0,1.0,-8.120908241102388,-137.85585538292617,0.0,0.0,0.0,1.0,0.017673900907423015,28,10.04626075219134,0.4088567035007103,1.0855550143483523,0.4066019867147718,0.03571428571428571,0.07142857142857142,0.0,nan,3.0
-137.346114,30,1947.838926,0.0,1.0,-7.670193472216354,-137.3461138688807,0.0,0.0,0.0,1.0,0.015273187306225079,30,9.384974108042734,0.3704531541920622,1.0328662767288759,0.3658659299214681,0.03333333333333333,0.06666666666666667,0.0,nan,3.0
-155.69576,37,1949.99088,0.0,1.0,-8.140126582092869,-155.69576007430578,0.0,0.0,0.0,1.0,0.013608851513710421,37,12.021924576982908,0.7949708134195127,2.0,0.19433348565488248,0.02702702702702703,0.05405405405405406,0.0,28.217913616413743,3.0
-137.116814,30,1952.077217,0.0,1.0,-7.389076944162001,-137.1168140756027,0.0,0.0,0.0,1.0,0.021255564433629318,30,10.577108319615947,0.37396917923578704,1.0620096013273723,0.36964521010716755,0.03333333333333333,0.06666666666666667,0.0,nan,3.0
-137.317544,29,1953.511609,0.0,1.0,-7.741826966970128,-137.3175443291831,0.0,0.0,0.0,1.0,0.013075601246237691,29,9.929772941697426,0.37327184292892035,1.0878333366452015,0.3826886908761386,0.034482758620689655,0.06896551724137931,0.0,54.16883111388869,3.0
-137.942561,27,1955.423996,0.0,1.0,-8.340850959771782,-137.94256140048455,0.0,0.0,0.0,1.0,0.014248956673873922,27,9.474958461958986,0.41131733887211447,1.1843644632848684,0.2563433956216883,0.037037037037037035,0.07407407407407407,0.0,nan,3.0
-137.278908,25,1957.758316,0.0,1.0,-8.248026516204764,-137.27890769306464,0.0,0.0,0.0,1.0,0.011645052617833268,25,9.743890255144715,0.3909335817955445,1.103615190871719,0.25450399875640867,0.04,0.08,0.0,175.71227830084456,3.0
-138.37986,33,1959.252072,0.0,1.0,-7.482644358260198,-138.3798604340614,0.0,0.0,0.0,1.0,0.0188123248564377,33,9.202465725852797,0.424750174126642,1.152048314338224,0.5168436512802587,0.030303030303030304,0.06060606060606061,0.0,nan,3.0
-138.009799,28,1960.679221,0.0,1.0,-8.201879718836391,-138.00979926485442,0.0,0.0,0.0,1.0,0.011226834624456903,28,9.171807987066305,0.40036558857341287,1.025719732858093,0.47914950975349974,0.03571428571428571,0.07142857142857142,0.0,nan,3.0
-137.161283,20,1962.081491,0.0,1.0,-9.202959493185578,-137.16128322633972,0.0,0.0,0.0,1.0,0.011974605858605556,20,5.980989770209762,0.37557004797640003,1.0977511148995514,0.44225598573684693,0.05,0.1,0.0,nan,3.0
-136.686485,19,1962.845808,0.0,1.0,-8.853897677993654,-136.68648493456007,0.0,0.0,0.0,1.0,0.010318887167319768,19,7.376492334474613,0.3333355823398511,1.1349036739555067,0.2509024143218994,0.05263157894736842,0.10526315789473684,0.0,nan,3.0
-138.121239,32,1965.80121,0.0,1.0,-7.542617207501993,-138.1212392162997,0.0,0.0,0.0,1.0,0.015450527185475469,32,9.718023696691036,0.4034792858761345,1.169662860078988,0.31445418670773506,0.03125,0.0625,0.0,nan,3.0
-136.306229,18,1966.842368,0.0,1.0,-8.906424574844362,-136.30622914374422,0.0,0.0,0.0,1.0,0.012519915202135991,18,7.642652376843874,0.3286256674411836,1.040794616823169,0.2191641198264228,0.05555555555555555,0.1111111111111111,0.0,28.085549295020797,3.0
-175.899173,50,1969.105968,0.0,1.0,-7.562770458160672,-175.89917298626312,0.0,0.0,0.0,1.0,0.016873739325937054,50,13.315453076232277,1.0229059782865972,2.0,0.2948192846775055,0.06,0.08,0.0,nan,3.0
-137.844332,27,1970.382949,0.0,1.0,-8.327810407147282,-137.84433178498665,0.0,0.0,0.0,1.0,0.013668416585769595,27,9.151637970219454,0.42040160110905805,1.0486316832191023,0.3489073029270879,0.037037037037037035,0.07407407407407407,0.0,nan,3.0
-139.660758,39,1971.700923,0.0,1.0,-7.78064317232225,-139.6607578960141,0.0,0.0,0.0,1.0,0.016160545089000035,39,12.317536859852261,0.42989911641163586,1.08716597862806,0.2784374616084955,0.07692307692307693,0.10256410256410256,0.0,35.69651884147741,3.0
-138.151921,30,1973.179792,0.0,1.0,-7.831617805018683,-138.15192079223036,0.0,0.0,0.0,1.0,0.010661355416617084,30,9.965084184365196,0.407439750916865,1.1031666715578075,0.5241079827149709,0.03333333333333333,0.06666666666666667,0.0,nan,3.0
-138.699026,32,1975.517163,0.0,1.0,-8.206964058527133,-138.69902630452935,0.0,0.0,0.0,1.0,0.016708699262429016,32,12.014826988227117,0.43437358237996637,1.1261392065954383,0.19156021438539028,0.09375,0.125,0.0,nan,3.0
-137.414306,25,1976.753613,0.0,1.0,-8.682424962056174,-137.41430633262178,0.0,0.0,0.0,1.0,0.017204592392534617,25,7.443295256548882,0.3781374657834276,1.0312163697853065,0.6122232365608216,0.04,0.08,0.0,nan,3.0
-136.764028,19,1978.091029,0.0,1.0,-9.086650304338248,-136.76402841796295,0.0,0.0,0.0,1.0,0.02228870712754444,19,7.00765668949609,0.37162203725726745,1.1741826155729462,0.4075173641505994,0.05263157894736842,0.10526315789473684,0.0,nan,3.0
-137.666951,29,1979.564798,0.0,1.0,-7.742431320972258,-137.66695057536947,0.0,0.0,0.0,1.0,0.016869178252166044,29,10.328063429380041,0.40395779221728517,1.0623058577443063,0.3191038781198962,0.034482758620689655,0.06896551724137931,0.0,nan,3.0
-137.631033,25,1981.029013,0.0,1.0,-8.57719621083867,-137.63103346806565,0.0,0.0,0.0,1.0,0.01055463746808047,25,9.214340469576154,0.4046315576478984,1.0532913842793783,0.13093185901641846,0.04,0.08,0.0,41.18444393714846,3.0
-139.230563,36,1982.795702,0.0,1.0,-7.873462754253454,-139.23056263052288,0.0,0.0,0.0,1.0,0.014948228310888774,36,11.718865089078385,0.42998790911266416,1.1476702274710289,0.2685331503550212,0.027777777777777776,0.05555555555555555,0.0,nan,3.0
-137.622795,28,1984.392629,0.0,1.0,-7.701171013723473,-137.62279479777294,0.0,0.0,0.0,1.0,0.0158231537680355,28,11.023976709021115,0.3976695725891301,1.2445421805824775,0.2687404751777649,0.03571428571428571,0.07142857142857142,0.0,nan,3.0
-136.459391,18,1986.941905,0.0,1.0,-9.126084584386192,-136.45939082899935,0.0,0.0,0.0,1.0,0.01159086794388894,18,6.6604224193290085,0.325639142913364,1.0259068835628762,0.3724428680207994,0.05555555555555555,0.1111111111111111,0.0,nan,3.0
-136.709068,20,1987.767987,0.0,1.0,-8.711205384903826,-136.70906801250732,0.0,0.0,0.0,1.0,0.013535501884210599,20,7.300792661226652,0.33679485870538667,1.0903260803468406,0.5122216254472732,0.05,0.1,0.0,35.48451230603868,3.0
-136.544089,19,1988.93428,0.0,1.0,-8.945079077047554,-136.5440885765944,0.0,0.0,0.0,1.0,0.01680969867888675,19,7.297776266126315,0.35291301427857197,1.06794320242574,0.31440036234102753,0.05263157894736842,0.10526315789473684,0.0,nan,3.0
-138.128689,29,1990.640603,0.0,1.0,-7.980041735099203,-138.12868924027498,0.0,0.0,0.0,1.0,0.012599371785499778,29,9.512898939676045,0.42047576102341017,1.0977382085489595,0.336394844384029,0.034482758620689655,0.06896551724137931,0.0,nan,3.0
-138.453384,33,1992.290777,0.0,1.0,-7.505896312445457,-138.45338416539386,0.0,0.0,0.0,1.0,0.019223619443076725,33,9.967004157101094,0.43022840699262566,1.0754539423046332,0.42395080400235724,0.030303030303030304,0.06060606060606061,0.0,nan,3.0
-137.08975,20,1993.107342,0.0,1.0,-9.0164171289211,-137.0897500157655,0.0,0.0,0.0,1.0,0.01076166794004422,20,7.2249928279714455,0.3762326861854147,1.127046838330762,0.5082449495792389,0.05,0.1,0.0,nan,3.0
-136.563567,17,1994.071139,0.0,1.0,-9.214630884437597,-136.5635670906296,0.0,0.0,0.0,1.0,0.013610007586508476,17,6.860507904945319,0.36100644253245046,1.1166602153492238,0.39475592444924745,0.058823529411764705,0.11764705882352941,0.0,nan,3.0
-136.875493,24,1995.931672,0.0,1.0,-8.402585726137865,-136.87549325717683,0.0,0.0,0.0,1.0,0.010957305708213325,24,6.959089799842658,0.3387267129180586,1.0485288025419883,0.5061774576703707,0.041666666666666664,0.08333333333333333,0.0,nan,3.0
-137.972612,30,1997.373879,0.0,1.0,-7.522254559074655,-137.97261223471332,0.0,0.0,0.0,1.0,0.013166820165518301,30,10.247437293318846,0.4022392507388112,1.2498882525207364,0.3227957288424174,0.03333333333333333,0.06666666666666667,0.0,nan,3.0
-137.571005,31,1999.234099,0.0,1.0,-7.524234360608527,-137.57100482961897,0.0,0.0,0.0,1.0,0.015370729018271799,31,8.879071784562845,0.37720921471838426,1.105079619355975,0.44010471528576267,0.03225806451612903,0.06451612903225806,0.0,nan,3.0
-138.270946,31,2001.45643,0.0,1.0,-7.841934671462718,-138.27094579744917,0.0,0.0,0.0,1.0,0.01275172870798462,31,10.851083526098774,0.4015663727654617,1.1643682894009304,0.21561108866045553,0.03225806451612903,0.06451612903225806,0.0,nan,3.0
-136.328324,18,2002.989217,0.0,1.0,-8.996885005157564,-136.32832426833738,0.0,0.0,0.0,1.0,0.01661389397204546,18,7.031246841574098,0.332415885743727,1.0246260846165494,0.48077062103483414,0.05555555555555555,0.1111111111111111,0.0,nan,3.0
-136.955211,19,2004.217007,0.0,1.0,-9.137473510380259,-136.95521133824087,0.0,0.0,0.0,1.0,0.01678951092603209,19,7.244694480614529,0.37576060639386777,1.1196432789377901,0.3911439305857608,0.05263157894736842,0.10526315789473684,0.0,nan,3.0
-136.482548,17,2005.773003,0.0,1.0,-9.255013836310702,-136.48254753782913,0.0,0.0,0.0,1.0,0.014611928957331015,17,6.7758716861283945,0.3368531906625498,1.0311369771857397,0.5009336085880504,0.058823529411764705,0.11764705882352941,0.0,186.2473002834223,3.0
-138.061316,26,2006.768672,0.0,1.0,-8.470347644311998,-138.06131610246322,0.0,0.0,0.0,1.0,0.016128103055153414,26,10.167481120947198,0.4282984622966072,1.2544925380547194,0.14005187841562125,0.038461538461538464,0.07692307692307693,0.0,39.634512207893316,3.0
-136.713606,19,2008.095731,0.0,1.0,-9.08845177253845,-136.71360638025178,0.0,0.0,0.0,1.0,0.01582552970974334,19,6.937064022142096,0.3531657106222477,1.0956274181217351,0.2926542884425113,0.05263157894736842,0.10526315789473684,0.0,47.646925885857016,3.0
-138.111305,31,2010.153988,0.0,1.0,-7.770274124547893,-138.11130483101655,0.0,0.0,0.0,1.0,0.012685263982538332,31,9.407612621949529,0.3907902198968062,1.1817486706926592,0.4461328291123913,0.03225806451612903,0.06451612903225806,0.0,nan,3.0
-137.905632,27,2011.221288,0.0,1.0,-8.390549711759823,-137.9056317410675,0.0,0.0,0.0,1.0,0.016025574436561205,27,8.986511368697133,0.41287665187962425,1.098981036270452,0.5821570511217471,0.037037037037037035,0.07407407407407407,0.0,nan,3.0
-165.837918,52,2015.93394,0.0,1.0,-6.838788815127833,-165.83791767838133,0.0,0.0,0.0,1.0,0.013204648554896212,52,11.8993520690166,0.8299779134123052,2.0,0.5182274832175329,0.019230769230769232,0.038461538461538464,0.0,nan,3.0
-138.262673,31,2018.001442,0.0,1.0,-7.836005038950727,-138.26267264028053,0.0,0.0,0.0,1.0,0.017684246026889568,31,10.212508253684545,0.4103644846584763,1.1563544152725738,0.39215268242743706,0.03225806451612903,0.06451612903225806,0.0,nan,3.0
-137.082747,18,2019.60598,0.0,1.0,-9.099686801077391,-137.0827473929917,0.0,0.0,0.0,1.0,0.010255437188201004,18,7.272355017174037,0.37567149570778596,1.1707441143660942,0.37026933828989667,0.05555555555555555,0.1111111111111111,0.0,19.954958417862024,3.0
-138.380988,30,2020.807307,0.0,1.0,-7.7335607712968795,-138.38098785399686,0.0,0.0,0.0,1.0,0.01666023436017535,30,10.462319589099684,0.4392777093202154,1.1972855611275979,0.3041205028692881,0.03333333333333333,0.06666666666666667,0.0,nan,3.0
-138.249474,28,2021.73577,0.0,1.0,-8.38861544639743,-138.24947385975355,0.0,0.0,0.0,1.0,0.016532186273466268,28,9.479406246170809,0.40309265159878327,1.2081345232348626,0.31672907727105276,0.03571428571428571,0.07142857142857142,0.0,31.31839425759682,3.0
-138.540987,33,2024.467005,0.0,1.0,-7.914954342894701,-138.54098676508028,0.0,0.0,0.0,1.0,0.012715237336662053,33,9.746354973775224,0.4098921891172852,1.0905091672254617,0.3579110051646377,0.030303030303030304,0.06060606060606061,0.0,nan,3.0
-137.779959,28,2025.650136,0.0,1.0,-8.126983141375488,-137.77995918505275,0.0,0.0,0.0,1.0,0.012083774225226456,28,9.370305088836764,0.39330419507543024,1.0489458978971262,0.40300791604178293,0.03571428571428571,0.07142857142857142,0.0,nan,3.0
-138.407536,32,2027.726335,0.0,1.0,-7.409694396463235,-138.4075356840615,0.0,0.0,0.0,1.0,0.016504620540751788,32,10.953962674365332,0.4230937762097922,1.2391721723914342,0.4252903927117586,0.03125,0.0625,0.0,nan,3.0
-136.595711,19,2028.627664,0.0,1.0,-9.042397185730856,-136.59571090548582,0.0,0.0,0.0,1.0,0.013420074592758013,19,6.589498827991629,0.3398207829992906,1.0467009518985593,0.4424385397057784,0.05263157894736842,0.10526315789473684,0.0,nan,3.0
-137.831768,28,2030.38313,0.0,1.0,-8.15457397060942,-137.83176761347923,0.0,0.0,0.0,1.0,0.013977014430606172,28,9.747835723217092,0.40406713211026507,1.107430268512572,0.20530362214360917,0.03571428571428571,0.07142857142857142,0.0,31.85970366485574,3.0
-136.51304,20,2031.652096,0.0,1.0,-8.661346458377706,-136.5130401887481,0.0,0.0,0.0,1.0,0.017174770038438765,20,7.781841677502666,0.3280123231047903,1.1484040542822787,0.3222270250320435,0.05,0.1,0.0,nan,3.0
-174.489924,47,2035.251782,0.0,1.0,-7.703634263620932,-174.48992449126013,0.0,0.0,0.0,1.0,0.011733596513980898,47,13.80055365112812,1.0270741009527382,2.0,0.177961547323998,0.10638297872340426,0.1276595744680851,0.0,29.178794962003163,3.0
-136.546946,38,2037.125859,0.0,1.0,-6.094402731337123,-136.54694574779782,0.0,0.0,0.0,1.0,0.029305527665873733,38,9.459588894375358,0.30605136200846755,1.1209283751393635,0.6643240930218446,0.02631578947368421,0.05263157894736842,0.0,nan,3.0
-137.6862,27,2038.977508,0.0,1.0,-8.19761403508106,-137.6861996036562,0.0,0.0,0.0,1.0,0.014688908959226789,27,9.569961219348873,0.4040417316185004,1.0963485559372659,0.42079357747678403,0.037037037037037035,0.07407407407407407,0.0,nan,3.0
-138.058521,32,2040.583813,0.0,1.0,-7.60623278544035,-138.05852107592858,0.0,0.0,0.0,1.0,0.01590938457453154,32,9.981643155252545,0.3911670146896337,1.165020971253807,0.3636783994734287,0.03125,0.0625,0.0,nan,3.0
-138.088233,32,2042.924918,0.0,1.0,-8.031887782834428,-138.08823254113275,0.0,0.0,0.0,1.0,0.01624170277806883,32,9.403971319402629,0.39175592422903743,1.0988693311013529,0.3233446888625622,0.03125,0.0625,0.0,nan,3.0
-137.76334,28,2044.188039,0.0,1.0,-8.161876686441172,-137.7633397643212,0.0,0.0,0.0,1.0,0.01584997107440953,28,9.3333388172416,0.39802628456309913,1.0770712031764182,0.4107669081006731,0.03571428571428571,0.07142857142857142,0.0,nan,3.0
-138.302107,29,2045.430705,0.0,1.0,-8.109159715536945,-138.3021074887942,0.0,0.0,0.0,1.0,0.013946566141371764,29,10.134297316561176,0.4197463613024275,1.1868302865389408,0.4667825534425933,0.034482758620689655,0.06896551724137931,0.0,nan,3.0
-137.756717,27,2046.574861,0.0,1.0,-8.229312274451631,-137.7567169480657,0.0,0.0,0.0,1.0,0.014519419422124279,27,10.18721871768378,0.40802600467610356,1.0622065847962097,0.31327458664223,0.037037037037037035,0.07407407407407407,0.0,nan,3.0
-137.82858,28,2048.435279,0.0,1.0,-7.981333332910629,-137.82857964233986,0.0,0.0,0.0,1.0,0.0173655230416504,28,10.604185362450869,0.41499367318615493,1.2371145881615853,0.288282967039517,0.03571428571428571,0.07142857142857142,0.0,nan,3.0
-137.843708,30,2050.537659,0.0,1.0,-7.668273303342727,-137.84370785671416,0.0,0.0,0.0,1.0,0.018319010750250303,30,10.568118261897505,0.4096014331914103,1.116365767483212,0.3482075830300649,0.03333333333333333,0.06666666666666667,0.0,nan,3.0
-136.832573,23,2051.610733,0.0,1.0,-8.377823711011258,-136.83257268975373,0.0,0.0,0.0,1.0,0.011839571328070404,23,7.445134954177763,0.337979559186988,1.1323672949922499,0.5552677745404451,0.043478260869565216,0.08695652173913043,0.0,nan,3.0
-136.967979,20,2052.625927,0.0,1.0,-8.949936095221311,-136.96797930582468,0.0,0.0,0.0,1.0,0.012740242094357163,20,7.004700973312628,0.3474899327484981,1.1056727991636015,0.464915519952774,0.05,0.1,0.0,nan,3.0
-136.807254,22,2054.207089,0.0,1.0,-8.454326832092775,-136.80725398813127,0.0,0.0,0.0,1.0,0.012441717296196673,22,7.366165525210921,0.32421797000423197,1.139923839969134,0.532574940811504,0.045454545454545456,0.09090909090909091,0.0,nan,3.0
-137.856832,31,2055.901345,0.0,1.0,-7.687513225727097,-137.85683201580537,0.0,0.0,0.0,1.0,0.016495587655319062,31,9.444158308618817,0.39526490186551416,1.1961716814881742,0.42220752566091474,0.03225806451612903,0.06451612903225806,0.0,nan,3.0
-136.733394,21,2056.948081,0.0,1.0,-8.622557175387982,-136.7333942921038,0.0,0.0,0.0,1.0,0.015298335878619463,21,7.581756862042838,0.33856380506818146,1.1336571962267739,0.3947755609239851,0.047619047619047616,0.09523809523809523,0.0,30.560242512392936,3.0
-137.72849,29,2058.352501,0.0,1.0,-8.000955186617505,-137.72848993050724,0.0,0.0,0.0,1.0,0.015021278396915303,29,10.325835324350129,0.38616663364158343,1.1339375117928525,0.28471057784968407,0.034482758620689655,0.06896551724137931,0.0,nan,3.0
-138.112983,28,2060.070841,0.0,1.0,-7.933515760042682,-138.11298268747504,0.0,0.0,0.0,1.0,0.015701307908724867,28,9.878271628872765,0.4316061736764798,1.154073702183193,0.3615306339093617,0.03571428571428571,0.07142857142857142,0.0,nan,3.0
-137.343524,26,2061.376296,0.0,1.0,-8.17373319463651,-137.3435242190453,0.0,0.0,0.0,1.0,0.013194865237577492,26,9.455349445598575,0.36492725364297257,1.0651706733864172,0.34366949246479916,0.038461538461538464,0.07692307692307693,0.0,nan,3.0
-137.603049,29,2063.126798,0.0,1.0,-7.757289481334546,-137.60304932135296,0.0,0.0,0.0,1.0,0.015717222904657144,29,9.474953014332467,0.37984457978883707,1.2173820149914831,0.4885229201152407,0.034482758620689655,0.06896551724137931,0.0,nan,3.0
-175.321766,50,2065.522133,0.0,1.0,-7.555527901744325,-175.32176560587797,0.0,0.0,0.0,1.0,0.021782980685979395,50,13.731086430337422,1.0142184925367863,2.0,0.33308947563171387,0.06,0.12,0.0,nan,3.0
-136.738047,18,2066.572462,0.0,1.0,-9.184460584227597,-136.73804684747748,0.0,0.0,0.0,1.0,0.01127676603730001,18,6.4712042820583235,0.3543646230912247,1.0932516735536224,0.28512127531899345,0.05555555555555555,0.1111111111111111,0.0,40.32280140959572,3.0
-136.577089,19,2067.796885,0.0,1.0,-9.127658081627459,-136.57708871360362,0.0,0.0,0.0,1.0,0.012373457888461543,19,6.5896230004947745,0.31618071299943074,1.063628929674559,0.5246252386193526,0.05263157894736842,0.10526315789473684,0.0,nan,3.0
-158.870636,43,2070.052748,0.0,1.0,-7.483525104724347,-158.87063571818476,0.0,0.0,0.0,1.0,0.015387854603527661,43,11.53681600654244,0.7940890950836418,2.0,0.4522220298301342,0.023255813953488372,0.046511627906976744,0.0,nan,3.0
-139.638937,42,2072.080619,0.0,1.0,-7.244125770922924,-139.63893703250554,0.0,0.0,0.0,1.0,0.017728689159723834,42,10.902786493644516,0.4055992726264573,1.1835400302801788,0.5856940121877761,0.023809523809523808,0.047619047619047616,0.0,nan,3.0
-137.326526,31,2073.51294,0.0,1.0,-7.0015419879167595,-137.32652637374994,0.0,0.0,0.0,1.0,0.01941569654329219,31,10.71971467758353,0.39519644740556653,1.1222510562123313,0.5229813533444558,0.03225806451612903,0.06451612903225806,0.0,nan,3.0
-136.954511,18,2075.664396,0.0,1.0,-9.12692566927225,-136.95451137023704,0.0,0.0,0.0,1.0,0.013142859419268476,18,7.076803956889999,0.36902797256550757,1.1816387346188806,0.2839653491973877,0.05555555555555555,0.1111111111111111,0.0,nan,3.0
-138.39844,34,2077.925904,0.0,1.0,-7.90133195940099,-138.3984403525463,0.0,0.0,0.0,1.0,0.01709930610195372,34,12.332481572086223,0.4162617342535528,1.042749960853407,0.31309280325384703,0.08823529411764706,0.11764705882352941,0.0,52.229780179042166,3.0
-136.937092,19,2078.919971,0.0,1.0,-8.87643781920108,-136.93709176629363,0.0,0.0,0.0,1.0,0.009946455612201732,19,7.295635278799831,0.3594380985950951,1.141272151131801,0.3275813240753977,0.05263157894736842,0.10526315789473684,0.0,35.083646577662805,3.0
-138.51003,32,2080.74794,0.0,1.0,-7.769954357148305,-138.51003018364813,0.0,0.0,0.0,1.0,0.014346702033451664,32,8.853870922038091,0.40903591338416323,1.126855207504221,0.5814686305820942,0.03125,0.0625,0.0,nan,3.0
-138.227025,28,2081.712392,0.0,1.0,-8.270247022349764,-138.2270248658631,0.0,0.0,0.0,1.0,0.012886975786132397,28,9.23709694364554,0.42019058685280253,1.0762922191385726,0.45501217458929333,0.03571428571428571,0.07142857142857142,0.0,nan,3.0
-139.49597,36,2083.7207,0.0,1.0,-8.062508012800642,-139.49597037352243,0.0,0.0,0.0,1.0,0.01648778875229444,36,12.27065225655219,0.44792299437462824,1.125913428556543,0.18121327956517538,0.08333333333333333,0.08333333333333333,0.0,22.85192382957718,3.0
-138.386018,31,2085.169837,0.0,1.0,-7.707774397052994,-138.38601764019725,0.0,0.0,0.0,1.0,0.017613214136263548,31,10.12981699938595,0.4121119412213503,1.2533375175419321,0.4422986488188467,0.03225806451612903,0.06451612903225806,0.0,nan,3.0
-138.183295,26,2086.435903,0.0,1.0,-8.381613854218578,-138.1832945527088,0.0,0.0,0.0,1.0,0.01500236897900055,26,9.557853644463291,0.4227035032269446,1.2816179746323562,0.3570804481322949,0.038461538461538464,0.07692307692307693,0.0,nan,3.0
-166.664549,49,2088.949757,0.0,1.0,-7.23165151775886,-166.6645493552738,0.0,0.0,0.0,1.0,0.014064208351577557,49,13.375760166433672,0.8682129210262027,2.0,0.3265098436754577,0.10204081632653061,0.12244897959183673,0.0,nan,3.0
-136.660632,16,2090.38963,0.0,1.0,-9.414666046776905,-136.66063193354677,0.0,0.0,0.0,1.0,0.013814144691551603,16,6.534195548993994,0.3683496537138811,1.0826448879369952,0.264240987598896,0.0625,0.125,0.0,51.65513943394556,3.0
-137.511701,27,2091.336537,0.0,1.0,-8.072704474402215,-137.51170104057732,0.0,0.0,0.0,1.0,0.015773254491565844,27,9.787498095242839,0.390475310735823,1.1161654851700562,0.36968587504492867,0.037037037037037035,0.07407407407407407,0.0,38.9655756082451,3.0
-136.136401,22,2092.524707,0.0,1.0,-8.05217645332753,-136.1364011216112,0.0,0.0,0.0,1.0,0.01590680635317987,22,8.510300913308924,0.29460154924561016,1.0729000950090164,0.4456761113621972,0.045454545454545456,0.09090909090909091,0.0,nan,3.0
-137.705132,23,2093.653603,0.0,1.0,-9.125122546657026,-137.70513176347768,0.0,0.0,0.0,1.0,0.01479855565462013,23,7.425034006572835,0.39764576640665084,1.0816281551791265,0.520050180994946,0.043478260869565216,0.08695652173913043,0.0,nan,3.0
-137.537006,24,2094.92445,0.0,1.0,-8.70820630571514,-137.53700615146738,0.0,0.0,0.0,1.0,0.01413285367993959,24,7.3336343931195636,0.37871257151708426,1.1192089222187451,0.6184599002202352,0.041666666666666664,0.08333333333333333,0.0,nan,3.0
-136.818032,18,2096.689492,0.0,1.0,-9.110187991779881,-136.81803185874767,0.0,0.0,0.0,1.0,0.01096796566040358,18,7.159999202851258,0.34253520217427863,1.1646679841287841,0.3194528702232573,0.05555555555555555,0.1111111111111111,0.0,nan,3.0
-137.485584,27,2097.789849,0.0,1.0,-8.132877967783022,-137.48558394193284,0.0,0.0,0.0,1.0,0.014458882420065117,27,9.908025704126693,0.3838935166301478,1.0413328326801234,0.3415706643351802,0.037037037037037035,0.07407407407407407,0.0,31.336946580330945,3.0
-140.876348,46,2100.625256,0.0,1.0,-7.2734316136969435,-140.8763478036963,0.0,0.0,0.0,1.0,0.020816789647794962,46,10.943301588408882,0.45294756904253985,1.1038476080009254,0.45380293675090955,0.021739130434782608,0.043478260869565216,0.0,nan,3.0
-136.443321,23,2101.779362,0.0,1.0,-8.419887155612772,-136.44332106028887,0.0,0.0,0.0,1.0,0.01678536248111321,23,6.925292876581908,0.30983809334734447,1.0597373854384282,0.6242198503535726,0.043478260869565216,0.08695652173913043,0.0,nan,3.0
-137.121349,30,2103.567552,0.0,1.0,-7.439426804746989,-137.12134926434481,0.0,0.0,0.0,1.0,0.024924165146810385,30,10.586315405811705,0.3909997858747712,1.079095177490773,0.30249115228652956,0.03333333333333333,0.06666666666666667,0.0,nan,3.0
-136.072111,22,2105.550419,0.0,1.0,-8.062567378507694,-136.0721111846377,0.0,0.0,0.0,1.0,0.012317277629459812,22,7.884381182502381,0.29104617521554166,1.0218051158756156,0.46943340518257837,0.045454545454545456,0.09090909090909091,0.0,nan,3.0
-136.799885,22,2106.987006,0.0,1.0,-8.886540965926624,-136.7998848670095,0.0,0.0,0.0,1.0,0.015833130283963937,22,6.5324960827460385,0.3091536449279194,1.0446728809658756,0.5638857592235912,0.045454545454545456,0.09090909090909091,0.0,nan,3.0
-137.739897,30,2107.883136,0.0,1.0,-7.476800703855011,-137.7398971855947,0.0,0.0,0.0,1.0,0.01581449331495565,30,10.950899975681178,0.4036695410733042,1.1226414284505237,0.26918209393819176,0.03333333333333333,0.06666666666666667,0.0,nan,3.0
-137.178361,24,2109.230516,0.0,1.0,-8.517295107009124,-137.17836079693916,0.0,0.0,0.0,1.0,0.014168522599477075,24,7.032070321514702,0.36165147537937115,1.12084057234921,0.5785843754808108,0.041666666666666664,0.08333333333333333,0.0,nan,3.0
-137.726091,28,2110.669538,0.0,1.0,-7.915341491306707,-137.7260913567641,0.0,0.0,0.0,1.0,0.015379014847820408,28,9.372986648359026,0.395843300371464,1.0792091249836127,0.4961407780647278,0.03571428571428571,0.07142857142857142,0.0,nan,3.0
-138.956847,42,2113.269931,0.0,1.0,-6.053770234134502,-138.95684687039278,0.0,0.0,0.0,1.0,0.016475044651850086,42,12.771168429378184,0.41358816991995456,1.1092280512144412,0.5306088605097362,0.047619047619047616,0.09523809523809523,0.0,nan,3.0
-138.490999,34,2114.913752,0.0,1.0,-7.451614171542183,-138.4909994726173,0.0,0.0,0.0,1.0,0.020114287342851707,34,11.089295327496124,0.42690865787483884,1.0595588347439109,0.46572250829023476,0.029411764705882353,0.058823529411764705,0.0,nan,3.0
-136.300474,21,2115.618168,0.0,1.0,-8.247567165808688,-136.3004741747773,0.0,0.0,0.0,1.0,0.013277008349294848,21,8.209400825392708,0.30823935935052216,1.0726566573204988,0.5290490757851374,0.047619047619047616,0.09523809523809523,0.0,nan,3.0
-139.504081,36,2118.410685,0.0,1.0,-7.794948268609158,-139.5040808910193,0.0,0.0,0.0,1.0,0.013560312775777851,36,10.70722680918918,0.44279394590520466,1.1740218725474676,0.34265567859013873,0.027777777777777776,0.05555555555555555,0.0,nan,3.0
-136.389078,18,2119.370463,0.0,1.0,-9.002955203045055,-136.38907779317532,0.0,0.0,0.0,1.0,0.009465425024201867,18,6.76891143205994,0.3166524880356675,1.0301473664802103,0.3067135413487752,0.05555555555555555,0.1111111111111111,0.0,nan,3.0
-136.274851,19,2121.129879,0.0,1.0,-8.732269443400018,-136.27485130858878,0.0,0.0,0.0,1.0,0.014287942899824576,19,7.447099110400646,0.32215564781977707,1.0649525819532872,0.32197861138143036,0.05263157894736842,0.10526315789473684,0.0,nan,3.0
-136.321134,19,2122.648323,0.0,1.0,-8.782593086957467,-136.32113396648705,0.0,0.0,0.0,1.0,0.018666390821247703,19,7.718331621108639,0.3391750070937758,1.089787731484831,0.4159996901687823,0.05263157894736842,0.10526315789473684,0.0,nan,3.0
-138.243098,29,2124.266888,0.0,1.0,-8.092149294075426,-138.24309773536214,0.0,0.0,0.0,1.0,0.011747507219824616,29,9.17559613758194,0.41376773683316803,1.0611404632282682,0.4887946556354391,0.034482758620689655,0.06896551724137931,0.0,nan,3.0
-137.535153,31,2125.09588,0.0,1.0,-7.282930808215077,-137.5351532535324,0.0,0.0,0.0,1.0,0.01986219504509773,31,10.49093425026396,0.38097147389876396,1.0967763661208245,0.5471878378621994,0.03225806451612903,0.06451612903225806,0.0,nan,3.0
-148.057123,54,2128.592105,0.0,1.0,-9.151425941647767,-148.0571232146438,0.0,0.0,0.0,1.0,0.016410045598906957,54,12.587374523728977,0.4744702146807832,1.3199389200835911,0.19937835578565244,0.09259259259259259,0.13333333421636512,0.02205435521601758,2.860234358663602,3.0
-135.34405,26,2130.029553,0.0,1.0,-6.657135218428513,-135.34405017346475,0.0,0.0,0.0,1.0,0.020359319716164313,26,9.373600563854204,0.27688075868276896,1.1427237676539155,0.3980127607400601,0.038461538461538464,0.07692307692307693,0.0,nan,3.0
-137.039505,19,2131.338255,0.0,1.0,-8.985950980799366,-137.03950496252216,0.0,0.0,0.0,1.0,0.012511878012676773,19,7.456883700020147,0.37713353070390704,1.1374132001634936,0.26241835794950785,0.05263157894736842,0.10526315789473684,0.0,nan,3.0
-137.696735,27,2132.917276,0.0,1.0,-8.409366094950096,-137.69673522351576,0.0,0.0,0.0,1.0,0.011979427199477283,27,8.763849515821214,0.3822062073682345,1.0898510806705928,0.3410169106942636,0.037037037037037035,0.07407407407407407,0.0,43.06269752354592,3.0
-136.840506,22,2135.336357,0.0,1.0,-8.74629368024493,-136.84050576577943,0.0,0.0,0.0,1.0,0.012377289455953528,22,7.022914554264987,0.34099884444551437,1.0272450530080448,0.4696421406485818,0.045454545454545456,0.09090909090909091,0.0,nan,3.0
-136.789857,24,2136.923196,0.0,1.0,-8.336852426224056,-136.78985674509286,0.0,0.0,0.0,1.0,0.019671663259424956,24,7.327836646397252,0.33408329289236877,1.1350704119153614,0.5203928103049597,0.041666666666666664,0.08333333333333333,0.0,nan,3.0
-136.330952,50,2139.4213,0.0,1.0,-1.669456047458418,-136.33095216971304,0.0,0.0,0.0,1.0,0.0381441965136857,50,13.55447453021834,0.3742749576855429,1.0252968240855918,0.6037624150514602,0.06,0.06,0.0,nan,3.0
-136.883345,21,2140.216235,0.0,1.0,-8.85440694939147,-136.88334502997077,0.0,0.0,0.0,1.0,0.014825126549302634,21,7.159949877880032,0.3607472348977794,1.0580201930654236,0.42597061679476783,0.047619047619047616,0.09523809523809523,0.0,nan,3.0
-136.890673,42,2142.257562,0.0,1.0,-4.884228565251245,-136.89067253444486,0.0,0.0,0.0,1.0,0.024749072285609533,42,10.153212386463844,0.31607101499168133,1.1820209831271247,0.6424346672637122,0.023809523809523808,0.047619047619047616,0.0,nan,3.0
-136.593954,48,2145.022042,0.0,1.0,-3.7494079280172627,-136.5939538253715,0.0,0.0,0.0,1.0,0.03564881301472218,48,10.65741919565908,0.35417761106531387,1.090800366479579,0.7018022332340479,0.020833333333333332,0.041666666666666664,0.0,nan,3.0
-173.850768,65,2147.53074,0.0,1.0,-5.032528323071597,-173.8507683120318,0.0,0.0,0.0,1.0,0.016529036408867746,65,13.550154413755013,0.836257833019839,2.0,0.5238083050801203,0.16923076923076924,0.13846153846153847,0.0,17.40327469677554,3.0
-137.719034,36,2148.845284,0.0,1.0,-6.72166210117952,-137.719033563049,0.0,0.0,0.0,1.0,0.021880506643898685,36,9.749719179748741,0.37312666077744167,1.0846685040274462,0.5397940079371134,0.027777777777777776,0.05555555555555555,0.0,nan,3.0
-137.495829,35,2151.209209,0.0,1.0,-6.188021032017389,-137.49582879644677,0.0,0.0,0.0,1.0,0.019533882455582446,35,10.804981517312795,0.3835004591817766,1.1922517152449812,0.5245893776416779,0.02857142857142857,0.05714285714285714,0.0,nan,3.0
-136.899608,36,2152.888183,0.0,1.0,-6.115845004200988,-136.8996080592453,0.0,0.0,0.0,1.0,0.030315572099929133,36,10.497431192257368,0.35185391478803196,1.0928945870318394,0.6689881508549055,0.027777777777777776,0.05555555555555555,0.0,nan,3.0
-138.811793,39,2154.073157,0.0,1.0,-6.907286547694765,-138.81179275646207,0.0,0.0,0.0,1.0,0.017971595159860066,39,11.729506004364763,0.41084697992872776,1.165467455894918,0.5165639084119064,0.07692307692307693,0.1282051282051282,0.0,nan,3.0
-136.859254,19,2155.340158,0.0,1.0,-8.849555326577756,-136.85925416500896,0.0,0.0,0.0,1.0,0.009651423055774643,19,7.563609559534646,0.3457346470848267,1.1762980781213515,0.5352832141675448,0.05263157894736842,0.10526315789473684,0.0,nan,3.0
-138.804556,46,2157.734962,0.0,1.0,-5.387582023942357,-138.80455553916357,0.0,0.0,0.0,1.0,0.017155465595763777,46,11.965875645823203,0.39518275693823723,1.0806992063255485,0.5359752826068712,0.021739130434782608,0.043478260869565216,0.0,nan,3.0
-140.14792,39,2159.610276,0.0,1.0,-6.652997552557982,-140.14792036360575,0.0,0.0,0.0,1.0,0.022468870420780072,39,9.929073666944609,0.48084467861624364,1.1739858392683504,0.7044825072471912,0.02564102564102564,0.05128205128205128,0.0,nan,3.0
-137.465273,36,2162.177616,0.0,1.0,-6.875231840993457,-137.4652731399851,0.0,0.0,0.0,1.0,0.02002059062241217,36,9.38218061211659,0.3621789007121823,1.0248354521246332,0.6175198074844148,0.027777777777777776,0.05555555555555555,0.0,nan,3.0
-136.858496,29,2163.803507,0.0,1.0,-7.872108335633978,-136.8584955499161,0.0,0.0,0.0,1.0,0.016178809958123548,29,6.3079662584852825,0.31286841380705427,1.0846686525079523,0.6884940204949215,0.034482758620689655,0.06896551724137931,0.0,nan,3.0
-138.1907,32,2165.730613,0.0,1.0,-7.536904255322725,-138.19070044688416,0.0,0.0,0.0,1.0,0.016509568969984192,32,9.412691340333557,0.4130268219701645,1.1022298164021507,0.38485768903046846,0.03125,0.0625,0.0,nan,3.0
-136.674744,32,2166.743165,0.0,1.0,-6.469573819692715,-136.674743572605,0.0,0.0,0.0,1.0,0.026913233085695334,32,11.302688628284129,0.3640692188110923,1.1157725090744388,0.4066922664642334,0.03125,0.0625,0.0,nan,3.0
-138.106867,36,2171.009029,0.0,1.0,-6.191279351838428,-138.1068670754555,0.0,0.0,0.0,1.0,0.01580538871772991,36,11.114851056335972,0.39995161708151516,1.154610448156735,0.47992203798558974,0.027777777777777776,0.05555555555555555,0.0,nan,3.0
-137.081086,22,2172.420202,0.0,1.0,-8.499381589453149,-137.0810863990804,0.0,0.0,0.0,1.0,0.017172559883705436,22,7.456511898540501,0.35972608185706456,1.1080184070097825,0.7247965159741315,0.045454545454545456,0.09090909090909091,0.0,nan,3.0
-139.4285,42,2175.186676,0.0,1.0,-7.389722671333135,-139.42849978935163,0.0,0.0,0.0,1.0,0.019010259379318765,42,11.493762177063333,0.4236351833864386,1.0760065499879015,0.5184951233012336,0.023809523809523808,0.047619047619047616,0.0,nan,3.0
-137.68143,31,2176.583399,0.0,1.0,-7.604959517276314,-137.68142957879834,0.0,0.0,0.0,1.0,0.015114694658918433,31,8.849689254825586,0.3772267735801093,1.0285745130296957,0.49038650335804107,0.03225806451612903,0.06451612903225806,0.0,30.246685740326676,3.0
-137.937974,30,2178.362611,0.0,1.0,-7.981350904130684,-137.93797414354154,0.0,0.0,0.0,1.0,0.014187671400703473,30,9.350138132864135,0.3951240028176214,1.1152012964386055,0.4480197449525197,0.03333333333333333,0.06666666666666667,0.0,35.77142054967616,3.0
-137.96376,36,2180.453817,0.0,1.0,-6.164588099629498,-137.96375986821053,0.0,0.0,0.0,1.0,0.014691296439749103,36,10.511531201331415,0.38419116748206905,1.2075093810270443,0.5072674701611201,0.027777777777777776,0.05555555555555555,0.0,nan,3.0
-137.335948,28,2182.367872,0.0,1.0,-7.798913639017735,-137.33594822010738,0.0,0.0,0.0,1.0,0.016749178011516867,28,9.869680421060982,0.3784448709299693,1.1112335796144057,0.38165306193487986,0.03571428571428571,0.07142857142857142,0.0,32.056264665488555,3.0
-138.530308,30,2183.907393,0.0,1.0,-8.071363670740732,-138.5303076967936,0.0,0.0,0.0,1.0,0.015463284838167793,30,8.732754874612192,0.42988599225355967,1.1862105419042028,0.4822452882925669,0.03333333333333333,0.06666666666666667,0.0,177.94046058580668,3.0
-138.990598,39,2186.336295,0.0,1.0,-7.049853943222995,-138.99059829449544,0.0,0.0,0.0,1.0,0.020347085512074887,39,8.987307884115056,0.4297474775483522,1.0803812487828688,0.51976100450907,0.02564102564102564,0.05128205128205128,0.0,nan,3.0
-136.000203,20,2187.091593,0.0,1.0,-8.411577158386628,-136.00020295139637,0.0,0.0,0.0,1.0,0.017645502453459534,20,7.895644160456063,0.3020017605769608,1.0272376461294168,0.4897976040840149,0.05,0.1,0.0,nan,3.0
-137.96379,31,2188.533512,0.0,1.0,-7.205100951180848,-137.96379000415757,0.0,0.0,0.0,1.0,0.0201885094143311,31,10.481874058501303,0.41103799508524597,1.1732931202350916,0.5974158885017518,0.03225806451612903,0.06451612903225806,0.0,nan,3.0
-138.797777,43,2190.48296,0.0,1.0,-6.354079901226374,-138.79777726390105,0.0,0.0,0.0,1.0,0.018780502716458813,43,11.148139158395153,0.3960589390197599,1.0746985210417397,0.5715511309546094,0.06976744186046512,0.06976744186046512,0.0,nan,3.0
-135.302461,28,2191.858505,0.0,1.0,-6.000732123949717,-135.3024614074935,0.0,0.0,0.0,1.0,0.020126270718050003,28,10.311141361910302,0.27256886590996005,1.112259907187395,0.5261355478848729,0.03571428571428571,0.07142857142857142,0.0,nan,3.0
-133.490361,46,2194.84657,0.0,1.0,-0.8250607109963397,-133.49036055655512,0.0,0.0,0.0,1.0,0.023235661197675297,46,12.308202555605439,0.23153473973418875,1.051401680734885,0.5792730813441069,0.043478260869565216,0.06521739130434782,0.0,nan,3.0
-135.896711,31,2195.907323,0.0,1.0,-6.91237580935198,-135.8967108719937,0.0,0.0,0.0,1.0,0.014448285085305206,31,6.526618323341326,0.2030873554419495,1.0773282500870898,0.9152189070178617,0.03225806451612903,0.06451612903225806,0.0,nan,3.0
-138.108806,34,2196.830685,0.0,1.0,-7.140205988476868,-138.10880636729658,0.0,0.0,0.0,1.0,0.019477192920078736,34,9.224898385940714,0.4080746335023944,1.04423013404068,0.5642841493382174,0.029411764705882353,0.058823529411764705,0.0,42.833704900152114,3.0
-137.445373,43,2198.840446,0.0,1.0,-5.044248556691816,-137.44537348080217,0.0,0.0,0.0,1.0,0.02662079740788419,43,9.395927345963566,0.3488388874628556,1.1943213468709941,0.7161077503548112,0.023255813953488372,0.046511627906976744,0.0,nan,3.0
-138.476132,35,2200.497933,0.0,1.0,-6.918813072135587,-138.47613172100293,0.0,0.0,0.0,1.0,0.013419264886407451,35,10.453076842100828,0.39855935546763716,1.2227680389734927,0.5310153543949128,0.02857142857142857,0.05714285714285714,0.0,nan,3.0
-136.475794,24,2202.107019,0.0,1.0,-8.174950210236023,-136.4757942776147,0.0,0.0,0.0,1.0,0.02007307672122466,24,7.396029523429246,0.33819913784699285,1.0723886809840257,0.5655407359202703,0.041666666666666664,0.08333333333333333,0.0,nan,3.0
-139.294018,34,2205.121613,0.0,1.0,-7.911848369758426,-139.29401822198824,0.0,0.0,0.0,1.0,0.011626763674535917,34,11.872783996787351,0.4339322035166655,1.194003022534539,0.32572755042244406,0.029411764705882353,0.058823529411764705,0.0,33.70704214762485,3.0
-137.049593,22,2206.589747,0.0,1.0,-8.653160239128773,-137.04959277929294,0.0,0.0,0.0,1.0,0.015288364126667354,22,6.965417040113646,0.36149999117836784,1.0814223189970054,0.7104289680719376,0.045454545454545456,0.09090909090909091,0.0,nan,3.0
-138.809901,54,2208.612122,0.0,1.0,-4.391129385722122,-138.80990118596492,0.0,0.0,0.0,1.0,0.023123387854782476,54,8.50744800159034,0.3709571523004665,1.125833184576759,0.8216370807753669,0.018518518518518517,0.037037037037037035,0.0,nan,3.0
-139.874958,38,2210.28436,0.0,1.0,-7.898783476718067,-139.87495810755445,0.0,0.0,0.0,1.0,0.021885822241603483,38,8.185008921283409,0.44994047542502646,1.0286135081667267,0.8085498778443587,0.02631578947368421,0.05263157894736842,0.0,nan,3.0
-136.902634,27,2211.096948,0.0,1.0,-8.028560572469257,-136.9026336977749,0.0,0.0,0.0,1.0,0.018854866371284466,27,6.9335037563312705,0.3245326560965893,1.1013172657827575,0.8758446695627989,0.037037037037037035,0.07407407407407407,0.0,nan,3.0
-137.117269,25,2212.837395,0.0,1.0,-8.37655729410905,-137.11726850662902,0.0,0.0,0.0,1.0,0.01993535535272142,25,7.101807568310619,0.35785330503267965,1.0422122532173295,0.8097803652286529,0.04,0.08,0.0,nan,3.0
-138.822016,34,2214.878791,0.0,1.0,-7.614746333310768,-138.82201630545796,0.0,0.0,0.0,1.0,0.016465558821677623,34,9.283656775845213,0.42147008869675956,1.0869412050446583,0.7309416015358532,0.029411764705882353,0.058823529411764705,0.0,nan,3.0
-136.865834,20,2215.993484,0.0,1.0,-9.01162188936658,-136.86583428403122,0.0,0.0,0.0,1.0,0.01190999007418034,20,6.635217938879018,0.34490491501226533,1.0494883083190953,0.5852835834026336,0.05,0.1,0.0,nan,3.0
-139.564241,56,2219.339085,0.0,1.0,-4.169507471866901,-139.56424135263288,0.0,0.0,0.0,1.0,0.027948411165363778,56,10.188267906899634,0.4065580826367362,1.1248687779654012,0.718208554067782,0.017857142857142856,0.03571428571428571,0.0,nan,3.0
-137.792471,44,2221.875672,0.0,1.0,-5.2877788668111245,-137.7924706949498,0.0,0.0,0.0,1.0,0.02824176238876279,44,12.221735090738186,0.3505318268962177,1.1786625851841517,0.6104899746450511,0.022727272727272728,0.045454545454545456,0.0,nan,3.0
-136.541358,52,2224.365619,0.0,1.0,-2.299007373032749,-136.54135809918975,0.0,0.0,0.0,1.0,0.0370946975747159,52,11.799939011211332,0.34844738501404193,1.1336111735393066,0.680747926235199,0.019230769230769232,0.038461538461538464,0.0,nan,3.0
-138.009978,44,2226.341766,0.0,1.0,-5.532175779633077,-138.0099782769654,0.0,0.0,0.0,1.0,0.024433419074164745,44,9.757420999049987,0.3788240438135249,1.1889767635917587,0.6029066436670043,0.022727272727272728,0.045454545454545456,0.0,nan,3.0
-138.154569,36,2227.690669,0.0,1.0,-6.649883173249488,-138.15456927153932,0.0,0.0,0.0,1.0,0.02097462907271781,36,9.757934120354026,0.4074814231460697,1.0772628669112647,0.7501642124520408,0.027777777777777776,0.05555555555555555,0.0,nan,3.0
-138.398523,35,2229.648113,0.0,1.0,-6.718491084552079,-138.39852348477285,0.0,0.0,0.0,1.0,0.019059049428622476,35,10.475142354579619,0.4203008386563297,1.183539772426267,0.6283958980015346,0.02857142857142857,0.05714285714285714,0.0,nan,3.0
-137.79756,38,2231.440666,0.0,1.0,-6.682143059960804,-137.7975599724312,0.0,0.0,0.0,1.0,0.017001688906052786,38,8.629799881163757,0.3544156545540614,1.052051103066219,0.6394373178482056,0.02631578947368421,0.05263157894736842,0.0,nan,3.0
-136.835528,49,2233.382557,0.0,1.0,-2.7781127361545757,-136.8355279526924,0.0,0.0,0.0,1.0,0.042977607408380455,49,13.467353538453231,0.3924655465530632,1.2004349650926551,0.5708960544089882,0.02040816326530612,0.04081632653061224,0.0,nan,3.0
-137.357447,31,2234.699204,0.0,1.0,-6.900051180927807,-137.35744650618648,0.0,0.0,0.0,1.0,0.023134973177253097,31,11.456899199980052,0.38918108326244166,1.174330483376579,0.4242021431846003,0.03225806451612903,0.06451612903225806,0.0,nan,3.0
-138.076808,34,2235.834108,0.0,1.0,-7.06218822246474,-138.07680811108267,0.0,0.0,0.0,1.0,0.014693759333894812,34,9.771550443032393,0.40230459121014817,1.122886948387101,0.5401129722595215,0.029411764705882353,0.058823529411764705,0.0,nan,3.0
-138.98131,46,2237.422205,0.0,1.0,-5.998674232348491,-138.98130988241394,0.0,0.0,0.0,1.0,0.021740165420578245,46,9.893717374797522,0.3832237732930035,1.059796873615073,0.68825278269208,0.021739130434782608,0.043478260869565216,0.0,nan,3.0
-137.852894,38,2238.873556,0.0,1.0,-6.400835154337477,-137.8528942829483,0.0,0.0,0.0,1.0,0.0208306371561764,38,9.480114903742304,0.3577332760649927,1.0514004571131672,0.582010786000051,0.02631578947368421,0.05263157894736842,0.0,nan,3.0
-136.146571,23,2240.192621,0.0,1.0,-8.102735807173657,-136.1465707958716,0.0,0.0,0.0,1.0,0.017261634532670243,23,9.10387349740657,0.3204451435213665,1.0880479801447318,0.42355677226315375,0.043478260869565216,0.08695652173913043,0.0,nan,3.0
-136.161273,23,2241.087629,0.0,1.0,-8.41125280760276,-136.16127282225318,0.0,0.0,0.0,1.0,0.022265348410425812,23,6.853694549897241,0.29416758709535196,1.0636162636563147,0.62142413854599,0.043478260869565216,0.08695652173913043,0.0,nan,3.0
-137.248335,35,2242.621453,0.0,1.0,-6.626939398661418,-137.24833476761867,0.0,0.0,0.0,1.0,0.02376731893234071,35,9.634456412498935,0.34012041518184905,1.1213229084544154,0.6440462776592799,0.02857142857142857,0.05714285714285714,0.0,nan,3.0
-135.791314,27,2243.982223,0.0,1.0,-7.185757377803204,-135.7913138521019,0.0,0.0,0.0,1.0,0.021888497747098574,27,7.735114276513388,0.27045173831654445,1.067870260285542,0.6601610625231707,0.037037037037037035,0.07407407407407407,0.0,nan,3.0
-139.002167,47,2246.059891,0.0,1.0,-5.278196093797273,-139.00216681413633,0.0,0.0,0.0,1.0,0.026081883598309808,47,9.560346262288713,0.40739826809303903,1.0409970852410004,0.7838482190953925,0.02127659574468085,0.0425531914893617,0.0,nan,3.0
-134.692686,47,2248.003558,0.0,1.0,-1.866015719533065,-134.69268629546067,0.0,0.0,0.0,1.0,0.03832876014088693,47,11.958728345553864,0.274303531566246,1.0761327960815095,0.6564270543291214,0.02127659574468085,0.0425531914893617,0.0,nan,3.0
-140.108207,49,2249.717721,0.0,1.0,-5.670518216558275,-140.10820720779913,0.0,0.0,0.0,1.0,0.02169423152842746,49,10.24849968913911,0.42278115701373026,1.1107178277094816,0.8535229548507807,0.02040816326530612,0.04081632653061224,0.0,nan,3.0
-133.091011,59,2252.280771,0.0,1.0,1.7138491800987357,-133.09101110017946,0.0,0.0,0.0,1.0,0.04240601066459309,59,12.516536644453616,0.2462332784145603,1.103915139129548,0.6534861497959848,0.01694915254237288,0.03389830508474576,0.0,nan,3.0
-138.442338,34,2254.614638,0.0,1.0,-7.665645202778993,-138.44233848473863,0.0,0.0,0.0,1.0,0.013289884866356945,34,9.781665361328479,0.39103449620050545,1.1603909430273367,0.41730116220081553,0.029411764705882353,0.058823529411764705,0.0,29.00418338021524,3.0
-138.336134,46,2257.411563,0.0,1.0,-5.041187465523723,-138.33613409759698,0.0,0.0,0.0,1.0,0.021153138145665225,46,9.602820054861969,0.37422723324049384,1.171098951569315,0.7160021669190862,0.021739130434782608,0.043478260869565216,0.0,nan,3.0
-137.318526,34,2258.88221,0.0,1.0,-6.907077427324543,-137.31852551324337,0.0,0.0,0.0,1.0,0.017825304223458904,34,9.305233236514795,0.34162418631876523,1.073208184267662,0.4618773828534519,0.029411764705882353,0.058823529411764705,0.0,25.719368460352538,3.0
-135.923318,24,2260.057404,0.0,1.0,-7.713907253300873,-135.92331755774896,0.0,0.0,0.0,1.0,0.01733155389856492,24,7.715528366580107,0.27325686729784276,1.1431368909716855,0.623326450586319,0.041666666666666664,0.08333333333333333,0.0,nan,3.0
-136.05731,26,2260.854237,0.0,1.0,-7.356466671603927,-136.0573095801753,0.0,0.0,0.0,1.0,0.018723047501476613,26,8.266519651340214,0.2727379370862675,1.071998587045993,0.5924913418980745,0.038461538461538464,0.07692307692307693,0.0,nan,3.0
-134.540748,37,2262.151842,0.0,1.0,-4.268990865999394,-134.54074767834217,0.0,0.0,0.0,1.0,0.033149556623383675,37,10.483841028863358,0.2619628845875798,1.0404384562495508,0.7603932965446163,0.02702702702702703,0.05405405405405406,0.0,nan,3.0
-136.574674,42,2264.3103,0.0,1.0,-4.782409616329712,-136.57467366600775,0.0,0.0,0.0,1.0,0.020727055741358216,42,8.037410067083806,0.28472991514446844,1.03990784760214,0.8612226251335371,0.023809523809523808,0.047619047619047616,0.0,nan,3.0
-135.758182,29,2266.033016,0.0,1.0,-6.835099309696778,-135.75818192511656,0.0,0.0,0.0,1.0,0.01400447176907156,29,7.574715154392806,0.22491071478142974,1.0511775320333678,0.7190197958000775,0.034482758620689655,0.06896551724137931,0.0,nan,3.0
-137.032097,32,2266.919029,0.0,1.0,-7.3865089786451685,-137.03209681702964,0.0,0.0,0.0,1.0,0.024123659666105,32,7.37021055326139,0.3131238726240965,1.03581964659717,0.8276330176740885,0.03125,0.0625,0.0,nan,3.0
-136.0085,25,2267.849039,0.0,1.0,-7.836638548747369,-136.00850004224984,0.0,0.0,0.0,1.0,0.017606484899519825,25,6.87610443813374,0.25924048859354126,1.0785161447325213,0.7411710739135742,0.04,0.08,0.0,nan,3.0
-137.492443,30,2269.353786,0.0,1.0,-7.896415622658871,-137.4924431558201,0.0,0.0,0.0,1.0,0.011501402293741653,30,9.564730522381778,0.3614177263630112,1.0423401239357148,0.3917094091574351,0.03333333333333333,0.06666666666666667,0.0,nan,3.0
-136.612391,53,2270.801325,0.0,1.0,-1.9337027973265126,-136.6123911704197,0.0,0.0,0.0,1.0,0.03967095573843456,53,11.328119449497235,0.33624887868351144,1.139304370394308,0.7966514181978298,0.018867924528301886,0.03773584905660377,0.0,nan,3.0
-135.367865,41,2272.167028,0.0,1.0,-4.882144281998277,-135.36786477990802,0.0,0.0,0.0,1.0,0.02992264393549466,41,8.152995864675054,0.24289342866752964,1.1079992911694256,0.8146382003295712,0.024390243902439025,0.04878048780487805,0.0,nan,3.0
-137.511688,28,2273.625118,0.0,1.0,-7.6671931776737425,-137.51168819843153,0.0,0.0,0.0,1.0,0.014672067706045698,28,9.693044074925806,0.3875573505960924,1.1988653656489892,0.4461778274604252,0.03571428571428571,0.07142857142857142,0.0,39.724788975224044,3.0
-136.664828,22,2275.129045,0.0,1.0,-8.601838018083768,-136.6648283357706,0.0,0.0,0.0,1.0,0.012860148627788523,22,7.583134587501328,0.34725802524495,1.029174941364476,0.4240335659547286,0.045454545454545456,0.09090909090909091,0.0,nan,3.0
-135.906114,38,2276.588832,0.0,1.0,-4.705691665556904,-135.90611390688258,0.0,0.0,0.0,1.0,0.02075619745030961,38,11.052034579113775,0.2856442041814861,1.1384543460496752,0.5670886925960842,0.02631578947368421,0.05263157894736842,0.0,nan,3.0
-137.790666,30,2277.562679,0.0,1.0,-7.7628963025668405,-137.7906664500557,0.0,0.0,0.0,1.0,0.015275625306818265,30,9.4896071384636,0.38530419497635854,1.034303012861953,0.5163527101278305,0.03333333333333333,0.06666666666666667,0.0,26.651444328599194,3.0
-136.785403,19,2278.265571,0.0,1.0,-9.158662456663112,-136.78540335629262,0.0,0.0,0.0,1.0,0.012578000729227172,19,6.740027599271807,0.3538926800159506,1.0471864759536285,0.33394798479582133,0.05263157894736842,0.10526315789473684,0.0,nan,3.0
-138.490177,41,2280.371778,0.0,1.0,-5.609797076380433,-138.4901771835331,0.0,0.0,0.0,1.0,0.02361166652304851,41,10.178592867435281,0.39009715086172203,1.2522854834532333,0.7564052081689602,0.024390243902439025,0.04878048780487805,0.0,nan,3.0
-135.87506,41,2282.225276,0.0,1.0,-5.104799662191607,-135.8750596403985,0.0,0.0,0.0,1.0,0.027795165648658412,41,8.418224709159087,0.266480184060178,1.0507200585848673,0.8553340631287273,0.024390243902439025,0.04878048780487805,0.0,nan,3.0
-137.808983,44,2284.285475,0.0,1.0,-6.2732574487165085,-137.8089826794043,0.0,0.0,0.0,1.0,0.025293037535461752,44,8.971046476661478,0.331918016281681,1.1117855717576035,0.8041323734955355,0.022727272727272728,0.045454545454545456,0.0,nan,3.0
-137.939154,32,2285.60122,0.0,1.0,-7.567997884582855,-137.9391538966117,0.0,0.0,0.0,1.0,0.015948635942006094,32,8.970070439615727,0.3786353792864716,1.1286067788779621,0.6585386618971825,0.03125,0.0625,0.0,61.30494513288859,3.0
-136.353161,28,2287.320199,0.0,1.0,-7.224370436428785,-136.3531611381397,0.0,0.0,0.0,1.0,0.018165225939979723,28,9.020859608145411,0.3017600938659774,1.1052212760920077,0.560795824442591,0.03571428571428571,0.07142857142857142,0.0,nan,3.0
-139.230088,38,2288.568057,0.0,1.0,-7.347556980933,-139.23008783053317,0.0,0.0,0.0,1.0,0.013984394549428273,38,9.348935530770678,0.41113823557209583,1.191409229475454,0.5357509616174196,0.02631578947368421,0.05263157894736842,0.0,nan,3.0
-133.064963,54,2290.882527,0.0,1.0,0.22278849863615768,-133.0649630297408,0.0,0.0,0.0,1.0,0.05757683337875431,54,12.240643509859995,0.28616057460535527,1.062471334278835,0.7081694396005737,0.09259259259259259,0.1111111111111111,0.0,nan,3.0
-135.650131,44,2292.542338,0.0,1.0,-3.9211942105061084,-135.65013102565135,0.0,0.0,0.0,1.0,0.024768422660630507,44,10.102872817754289,0.287573185632569,1.1196142448189794,0.5721883032132279,0.022727272727272728,0.045454545454545456,0.0,26.97097433518148,3.0
-137.940923,31,2293.976716,0.0,1.0,-7.857563826438586,-137.94092341588163,0.0,0.0,0.0,1.0,0.022080393853557444,31,9.095661243914702,0.379835658260656,1.1025819239211199,0.6638022978459636,0.03225806451612903,0.06451612903225806,0.0,nan,3.0
-136.721961,27,2295.096921,0.0,1.0,-7.963425442244919,-136.72196050538062,0.0,0.0,0.0,1.0,0.019363351348584256,27,6.941645813932219,0.3071724397390901,1.0659835163752542,0.920615412570812,0.037037037037037035,0.07407407407407407,0.0,nan,3.0
-137.063645,60,2297.052896,0.0,1.0,-1.1874230557229133,-137.06364524145422,0.0,0.0,0.0,1.0,0.04889055079095763,60,11.74097050883053,0.3417922720282931,1.189235421508947,0.8392891595760982,0.016666666666666666,0.03333333333333333,0.0,nan,3.0
-135.417391,31,2298.071311,0.0,1.0,-5.956739700698941,-135.41739106782768,0.0,0.0,0.0,1.0,0.018474221065440898,31,8.678083742776947,0.22104191088354128,1.1290877512381832,0.6779130264636009,0.03225806451612903,0.06451612903225806,0.0,nan,3.0
-136.144903,23,2298.741926,0.0,1.0,-8.036645597972349,-136.14490292676504,0.0,0.0,0.0,1.0,0.011062616386603732,23,7.496147406668231,0.26633177579542283,1.0247895573893733,0.5449032368867294,0.043478260869565216,0.08695652173913043,0.0,26.17950867888239,3.0
-180.716513,93,2301.401091,0.0,1.0,6.399638545850095,-180.7165134277065,0.0,0.0,0.0,1.0,0.07220320039999785,93,14.35867314018134,0.7329249027148653,2.0,0.7552903880996089,0.053763440860215055,0.043010752688172046,0.0,nan,3.0
-132.427154,68,2303.843702,0.0,1.0,5.25517110433573,-132.42715386458227,0.0,0.0,0.0,1.0,0.053220271106646976,68,13.633811108466544,0.25786391413184184,1.063357175028322,0.8230998581823181,0.07352941176470588,0.08823529411764706,0.0,nan,3.0
-136.766157,95,2306.897425,0.0,1.0,10.609572050422774,-136.76615741988698,0.0,0.0,0.0,1.0,0.08038286943052665,95,15.518429586555255,0.44094260403848645,1.0508444491678395,0.7216233598558526,0.18947368421052632,0.22105263157894736,0.0,nan,3.0
-138.357586,28,2308.660539,0.0,1.0,-8.307840895769688,-138.3575864609954,0.0,0.0,0.0,1.0,0.011606807473053449,28,9.213699782001683,0.42691098993206206,1.2554256023950254,0.3017530675445284,0.03571428571428571,0.07142857142857142,0.0,36.41665142851157,3.0
-136.15276,45,2310.6345,0.0,1.0,-3.8944908267516025,-136.1527597746952,0.0,0.0,0.0,1.0,0.025067457520450902,45,10.14232800149179,0.29303628081705296,1.1768869878116501,0.6577499243948195,0.022222222222222223,0.044444444444444446,0.0,22.162289047697662,3.0
-133.908689,68,2313.347367,0.0,1.0,1.4111441990837026,-133.908689371092,0.0,0.0,0.0,1.0,0.02935812971075286,68,10.114334015001944,0.240052464965934,1.2459585144587355,0.8117957794490982,0.014705882352941176,0.029411764705882353,0.0,25.405471642090234,3.0
-136.947403,45,2314.972102,0.0,1.0,-4.600570891171529,-136.94740288307926,0.0,0.0,0.0,1.0,0.02308575101667511,45,9.778447355244332,0.3165423671259514,1.0749583682068549,0.6507189479139116,0.022222222222222223,0.044444444444444446,0.0,nan,3.0
-137.495263,27,2315.655248,0.0,1.0,-8.313788064828188,-137.4952628934182,0.0,0.0,0.0,1.0,0.017611817718998373,27,7.8449188843091555,0.3725309632549803,1.041638269097756,0.6770833388522819,0.037037037037037035,0.07407407407407407,0.0,nan,3.0
-135.5814,95,2319.693881,0.0,1.0,9.396105908004039,-135.58139994631028,0.0,0.0,0.0,1.0,0.05994338847628973,95,13.583289260282845,0.38432530198946063,1.0448894313489672,0.6886376771487688,0.11578947368421053,0.12631578947368421,0.0,nan,3.0
-135.145377,24,2320.298311,0.0,1.0,-7.061830969292015,-135.14537745393494,0.0,0.0,0.0,1.0,0.01818796333691983,24,8.511039993710416,0.24703061085957956,1.1098129101972825,0.5051335853834947,0.041666666666666664,0.08333333333333333,0.0,nan,3.0
-138.074588,44,2321.510507,0.0,1.0,-5.16300330734571,-138.07458818580068,0.0,0.0,0.0,1.0,0.030514025639261835,44,9.84200333198247,0.39700452182776597,1.0575389015749426,0.7703528167171911,0.022727272727272728,0.045454545454545456,0.0,nan,3.0
-136.642278,23,2323.321868,0.0,1.0,-8.507789124221084,-136.64227757460114,0.0,0.0,0.0,1.0,0.013558578599134858,23,6.6843981042575535,0.28919765994270075,1.1063773701412545,0.5464847347010737,0.043478260869565216,0.08695652173913043,0.0,28.163874742968076,3.0
-135.323981,20,2323.6813,0.0,1.0,-7.81102446050763,-135.32398100048857,0.0,0.0,0.0,1.0,0.014166294346627929,20,8.918929801723705,0.23464274817387545,1.0344448805716742,0.3861917078495026,0.05,0.1,0.0,nan,3.0
-139.797615,50,2326.033382,0.0,1.0,-5.4754559337187345,-139.79761473198135,0.0,0.0,0.0,1.0,0.03173937804250599,50,9.69182616515933,0.43756480192851166,1.0936096035691574,0.8459639927744865,0.02,0.04,0.0,nan,3.0
-142.79849,93,2329.404653,0.0,1.0,6.549550118278791,-142.798489895028,0.0,0.0,0.0,1.0,0.09002070450588724,93,16.16128400257625,0.5244112481291856,1.0903897301740277,0.7958236517765189,0.16129032258064516,0.10752688172043011,0.0,nan,3.0
-134.573542,41,2330.824963,0.0,1.0,-3.4036266706802865,-134.57354212382646,0.0,0.0,0.0,1.0,0.033579950114169595,41,10.02794305098466,0.23613959776690122,1.1245103075799652,0.7094289725873528,0.024390243902439025,0.04878048780487805,0.0,11.56269310450193,3.0
-138.768937,37,2332.257643,0.0,1.0,-6.983782103238255,-138.76893655274236,0.0,0.0,0.0,1.0,0.01835516772366901,37,12.42785636448896,0.41710833550249654,1.158858649925075,0.48268233924298676,0.05405405405405406,0.08108108108108109,0.0,23.178310059717276,3.0
-138.106422,26,2333.487333,0.0,1.0,-8.318175177211842,-138.10642157436786,0.0,0.0,0.0,1.0,0.016293236483612483,26,7.91878805711964,0.40915585581592023,1.02383422130476,0.6812352056686695,0.038461538461538464,0.07692307692307693,0.0,nan,3.0
-134.5908,42,2335.097371,0.0,1.0,-1.3759916767668976,-134.59080010576048,0.0,0.0,0.0,1.0,0.036583982328491554,42,14.13228276283571,0.30270678677728496,1.276881159119387,0.45061386554014116,0.11904761904761904,0.23809523809523808,0.0,9.430829259246252,3.0
-136.340318,53,2336.995482,0.0,1.0,-0.6198867602934381,-136.34031783389787,0.0,0.0,0.0,1.0,0.04739895214575468,53,13.444662179074598,0.3923083440311856,1.0535373460959343,0.6928610048204098,0.018867924528301886,0.03773584905660377,0.0,nan,3.0
-168.123957,117,2341.51857,0.0,1.0,6.748886877000185,-168.12395736929392,0.0,0.0,0.0,1.0,0.149141427464704,117,15.819364049073135,0.7215801580158603,1.8499129606624094,0.7322599592371883,0.09401709401709402,0.13675213675213677,0.0,nan,3.0
-132.459941,66,2343.944344,0.0,1.0,2.952418701269284,-132.45994096356296,0.0,0.0,0.0,1.0,0.056975696004092025,66,11.99562309616884,0.25083004494705446,1.0764641915478248,0.7241219663710305,0.07575757575757576,0.12121212121212122,0.0,nan,3.0
-371.781172,208,2350.610231,0.0,1.0,-0.1712589783763665,-371.78117176260434,0.0,0.0,0.0,1.0,0.17178752771541367,208,16.998537517267245,1.3497257658755637,2.0,0.7077751924427083,0.1971153846153846,0.22115384615384615,0.0,nan,3.0
-257.573955,181,2354.522246,0.0,1.0,13.71472920123431,-257.5739545676362,0.0,0.0,0.0,1.0,0.1800357454606321,181,17.06372845084297,0.9770090832259136,2.0,0.6786592147462276,0.3370165745856354,0.2983425414364641,0.0,nan,3.0
-137.981477,34,2356.556424,0.0,1.0,-7.08770894235041,-137.98147733837965,0.0,0.0,0.0,1.0,0.022583097658946852,34,8.525193241108283,0.3538450708390563,1.0980550528940345,0.8095762554336997,0.029411764705882353,0.058823529411764705,0.0,nan,3.0
-134.027905,72,2358.788622,0.0,1.0,2.742403070238616,-134.02790492200575,0.0,0.0,0.0,1.0,0.05922442418498477,72,11.577579407894484,0.3278771406611493,1.1831772197207882,0.7926337276067998,0.027777777777777776,0.041666666666666664,0.0,nan,3.0
-179.898822,138,2365.002509,0.0,1.0,7.854961880189304,-179.89882174215123,0.0,0.0,0.0,1.0,0.09726928562794421,138,16.13283185846966,0.7369968443940655,1.845127631423162,0.7299743053381857,0.2028985507246377,0.18115942028985507,0.0,nan,3.0
-213.605836,79,2367.979963,0.0,1.0,-2.5414279280402496,-213.6058361385295,0.0,0.0,0.0,1.0,0.0645226713113052,79,14.650696194409825,1.1610173152486838,2.0,0.7751771602072294,0.06329113924050633,0.0759493670886076,0.0,nan,3.0
-135.896426,23,2368.619336,0.0,1.0,-7.808886555007198,-135.89642622516897,0.0,0.0,0.0,1.0,0.01360254519765102,23,7.667322666370691,0.25794028283010795,1.0783819290582353,0.4664555567762126,0.043478260869565216,0.08695652173913043,0.0,nan,3.0
-147.702902,107,2371.696868,0.0,1.0,7.237089689716065,-147.7029019859877,0.0,0.0,0.0,1.0,0.06280875940253508,107,14.530194777192632,0.4993371990430322,1.242086209036936,0.8014856703649057,0.102803738317757,0.11214953271028037,0.0,nan,3.0
-138.376821,62,2373.289538,0.0,1.0,-0.4837095832774949,-138.37682126035125,0.0,0.0,0.0,1.0,0.038535724718678645,62,13.229968767888964,0.4220532905104105,1.2198637569884416,0.618458594526014,0.016129032258064516,0.03225806451612903,0.0,13.334109728110715,3.0
-138.285848,47,2375.215505,0.0,1.0,-5.063372855451104,-138.28584841026628,0.0,0.0,0.0,1.0,0.02238842095027685,47,10.720199667414837,0.3740639895819139,1.0654807853317336,0.6523770842146366,0.02127659574468085,0.0425531914893617,0.0,16.791687242444926,3.0
-133.696036,106,2378.058954,0.0,1.0,10.848854650020211,-133.69603614107888,0.0,0.0,0.0,1.0,0.0843048601749331,106,11.578173563691555,0.3189096247651599,1.042943773975552,0.8767501252158633,0.06981132165440973,0.049056604223431284,0.0014649191670744219,5.325394629198086,3.0
-139.424379,50,2379.461057,0.0,1.0,-5.407924667483978,-139.424379056704,0.0,0.0,0.0,1.0,0.0241620779570121,50,11.525205563498453,0.40407855088819616,1.2089690225011998,0.6074273735284805,0.02,0.04,0.0,13.734635011377936,3.0
-139.092319,57,2381.466982,0.0,1.0,-2.722024561736484,-139.09231856927377,0.0,0.0,0.0,1.0,0.053102008515879005,57,11.648774404282289,0.4143827022044793,1.0923753484488299,0.7645725555587233,0.017543859649122806,0.03508771929824561,0.0,nan,3.0
-136.632441,69,2383.757371,0.0,1.0,0.3973099817071972,-136.63244083210307,0.0,0.0,0.0,1.0,0.04071495259690509,69,10.651370970607985,0.3433734985014332,1.123400440619994,0.7015312560226606,0.014492753623188406,0.028985507246376812,0.0,11.973858565783265,3.0
-138.777345,39,2384.981694,0.0,1.0,-6.680683637840277,-138.77734512836665,0.0,0.0,0.0,1.0,0.017196835380714478,39,8.546557072683832,0.41498468161922686,1.0660508831227264,0.711431690515616,0.02564102564102564,0.05128205128205128,0.0,29.81321493967036,3.0
-134.300731,32,2385.611424,0.0,1.0,-5.741117240222748,-134.30073090877366,0.0,0.0,0.0,1.0,0.03472989777302955,32,8.786760141885887,0.22367251868073965,1.0682854914891546,0.6115456386469305,0.03125,0.0625,0.0,nan,3.0
-133.621043,63,2387.345414,0.0,1.0,3.11964464252752,-133.62104316670994,0.0,0.0,0.0,1.0,0.041931155226881685,63,13.543559985586768,0.31360519028277745,1.1679173842513753,0.6655798841800008,0.06349206349206349,0.12698412698412698,0.0,nan,3.0
-131.287671,84,2389.567292,0.0,1.0,11.988377790658369,-131.28767084821433,0.0,0.0,0.0,1.0,0.07491165011014024,84,15.822007765622754,0.3152293063474854,1.0240207728026893,0.7267478241008662,0.20238095238095238,0.21428571428571427,0.0,nan,3.0
-193.42287,78,2390.952896,0.0,1.0,-1.836256359146196,-193.42286953800317,0.0,0.0,0.0,1.0,0.07621385371585022,78,15.241160665051394,1.0080431011362634,2.0,0.6453081325460703,0.1794871794871795,0.19230769230769232,0.0,nan,3.0
-137.259769,30,2392.478015,0.0,1.0,-7.612347467144549,-137.25976929765315,0.0,0.0,0.0,1.0,0.016366295308154512,30,9.065837566160386,0.3492401356322633,1.039737867621225,0.5678103278080623,0.03333333333333333,0.06666666666666667,0.0,32.42814581484886,3.0
-348.887058,216,2396.560834,0.0,1.0,4.300218563507233,-348.88705799394586,0.0,0.0,0.0,1.0,0.1763020267694257,216,14.147242108214279,1.0501102749249542,2.0,0.7320391518512258,0.16203703703703703,0.1712962962962963,0.0478156312120766,1.4523892585769285,3.0
-204.38253,108,2398.944457,0.0,1.0,0.7174490316573827,-204.382530378694,0.0,0.0,0.0,1.0,0.08399517125244206,108,15.999111221972463,0.9674018358315394,2.0,0.7646895964388494,0.19444444444444445,0.14814814814814814,0.0,nan,3.0
-136.166623,47,2399.976407,0.0,1.0,-3.3101156590541123,-136.1666233622159,0.0,0.0,0.0,1.0,0.03519201970883273,47,10.058067837395843,0.29453380178829025,1.0393222213846067,0.8066610018623636,0.02127659574468085,0.0425531914893617,0.0,nan,3.0
-172.660573,161,2402.788965,0.0,1.0,17.58621940202032,-172.66057260487204,0.0,0.0,0.0,1.0,0.14865815113702674,161,17.325093300952652,0.6598192879696646,1.6422587522482366,0.6712024670487605,0.21739130434782608,0.2608695652173913,0.0,nan,3.0
-294.345439,230,2407.947121,0.0,1.0,6.227749572583562,-294.3454393434146,0.0,0.0,0.0,1.0,0.14743849259290617,230,15.79310801551119,0.968244518946203,2.0,0.734708834633879,0.1826086956521739,0.17478260890297267,0.009903551241090547,2.83444444076212,3.0
-221.334269,119,2410.633199,0.0,1.0,0.09216357471643022,-221.33426911841275,0.0,0.0,0.0,1.0,0.07689798102125428,119,13.923989165246,0.9891691202838705,2.0,0.7788723346565952,0.05210084073683795,0.08739495878460027,0.0008264469154588512,5.600031340542389,3.0
-213.921091,107,2412.828223,0.0,1.0,4.383059511710686,-213.92109091244959,1.0,1.0,0.0,0.0,0.06753911487294101,107,13.994291771207406,0.8486144701961611,2.0,0.8465221567410175,0.0766355144643338,0.13457944014362086,0.046820147257974475,0.6316557579503447,3.0
-134.986472,32,2413.99835,0.0,1.0,-4.840919685259022,-134.986472343807,0.0,0.0,0.0,1.0,0.016354458206778968,32,10.024084191002812,0.24600154095626717,1.131965640078973,0.5800023027695715,0.03125,0.0625,0.0,16.112601134331715,3.0
-163.416589,189,2417.876699,0.0,1.0,28.53466566948704,-163.41658864751741,0.0,0.0,0.0,1.0,0.1286616908457211,189,17.497821216802762,0.4784937282304076,2.0,0.7286915274031421,0.21693121693121692,0.21164021164021163,0.0,nan,3.0
-136.288712,41,2418.872435,0.0,1.0,-4.666417673864303,-136.28871224790066,0.0,0.0,0.0,1.0,0.026844311913975034,41,11.344916856518823,0.3377738447995304,1.0430058472170682,0.6502917803278784,0.024390243902439025,0.04878048780487805,0.0,nan,3.0
-202.105042,191,2423.326411,0.0,1.0,27.11011681939945,-202.10504173148573,0.0,0.0,0.0,1.0,0.18839062631362932,191,16.75688604518401,0.7194521331918993,2.0,0.8248276061802634,0.17801047120418848,0.17277486910994763,0.0,nan,3.0
-137.282758,85,2424.824178,0.0,1.0,5.111309400455928,-137.28275798214543,0.0,0.0,0.0,1.0,0.06161638192188174,85,12.56729516795251,0.3615976364564861,1.2187608074178393,0.8126786831547232,0.08235294117647059,0.09411764705882353,0.0,nan,3.0
-133.516202,52,2425.74901,0.0,1.0,-1.3669826642546514,-133.51620171156094,0.0,0.0,0.0,1.0,0.028518791435708946,52,9.672976121769562,0.22006163029172965,1.0502499540680938,0.6294387389834111,0.019230769230769232,0.038461538461538464,0.0,21.472971771313272,3.0
-133.811886,48,2426.703848,0.0,1.0,-1.4562627649362128,-133.81188634834214,0.0,0.0,0.0,1.0,0.03647637087171174,48,11.695117012327792,0.28620349149763036,1.0876397592710774,0.6950514319663247,0.020833333333333332,0.041666666666666664,0.0,24.10699604448435,3.0
-138.865751,51,2427.641098,0.0,1.0,-3.50401046067124,-138.86575091572251,0.0,0.0,0.0,1.0,0.02896207333546942,51,11.543205418276505,0.420373444067486,1.0807987706946232,0.7784064768576154,0.0196078431372549,0.0392156862745098,0.0,nan,3.0
-137.1257,50,2428.631567,0.0,1.0,-3.937734656321613,-137.1257004949682,0.0,0.0,0.0,1.0,0.022480466560734474,50,8.64095722882641,0.3271915873143289,1.1166810168272774,0.7733144295215607,0.02,0.04,0.0,9.568281503309121,3.0
-138.89947,37,2429.501362,0.0,1.0,-7.64383478584736,-138.89947025674687,0.0,0.0,0.0,1.0,0.021768394982675125,37,8.703495430659855,0.4049639850236223,1.0474882293332837,0.7473005475224676,0.02702702702702703,0.05405405405405406,0.0,nan,3.0
-133.562573,73,2430.685313,0.0,1.0,5.209329005046941,-133.56257310091317,0.0,0.0,0.0,1.0,0.06781040315052403,73,13.43454210514877,0.3067353075618787,1.1319973718461822,0.8346767917479554,0.0958904109589041,0.1095890410958904,0.0,19.602157788251706,3.0
-178.663753,218,2435.978996,0.0,1.0,29.944130286184688,-178.663752588409,0.0,0.0,0.0,1.0,0.22583814321459733,218,17.992971223292525,0.5885841888782894,2.0,0.681050335800429,0.24311926605504589,0.3073394495412844,0.0,nan,3.0
-269.51112,443,2443.26669,0.0,1.0,73.07966258443545,-269.51112020915,0.0,0.0,0.0,1.0,0.4628509794666811,443,17.750689873006845,0.7476823527695624,1.859838370078352,0.7531521114569082,0.2234762979683973,0.2076749435665914,0.0,6.932341481354953,3.0
-159.872622,115,2445.859006,0.0,1.0,6.41004374641097,-159.87262191655572,0.0,0.0,0.0,1.0,0.06454998366107494,115,12.76521521540467,0.5428436777682732,1.640145387485225,0.8041989855144335,0.008695652173913044,0.017391304347826087,0.0,nan,3.0
-137.922822,116,2447.902607,0.0,1.0,14.552714421973672,-137.9228215794652,0.0,0.0,0.0,1.0,0.07101934672656621,116,14.217844604708947,0.3860182311098553,1.2184261195309942,0.7283485700087301,0.10517241420416996,0.11379310385934238,6.722470052364338e-05,5.953211608435544,3.0
-135.808449,89,2449.606221,0.0,1.0,7.684946644432745,-135.80844865382275,0.0,0.0,0.0,1.0,0.09931585677368188,89,14.258242315017824,0.4177086414434572,1.0228534726987033,0.8157083063982846,0.0696629218840867,0.08089887694026647,0.002096221664077745,4.880617631382484,3.0
-136.084787,94,2450.871383,0.0,1.0,9.510912246334147,-136.08478737027698,0.0,0.0,0.0,1.0,0.09089601976417838,94,15.402256517845412,0.42558867686242347,1.1517741941120727,0.7509181054031595,0.07446808510638298,0.0851063829787234,0.0,nan,3.0
-139.020403,65,2452.517351,0.0,1.0,1.3303688720669644,-139.02040260455402,0.0,0.0,0.0,1.0,0.03892092330250597,65,13.935493262393145,0.46251475816795123,1.2663885798881456,0.7042575870568936,0.07692307692307693,0.09230769230769231,0.0,16.798527818531497,3.0
-235.764571,284,2456.721307,0.0,1.0,26.453342706187236,-235.76457084291482,0.0,0.0,0.0,1.0,0.10407579595035993,284,15.006902819363201,0.6560864735226172,2.0,0.7785486186998831,0.11619718309859155,0.14084507042253522,0.020133484277141164,1.5807180167102886,3.0
-142.948926,106,2459.204332,0.0,1.0,9.46683296171862,-142.94892559248237,0.0,0.0,0.0,1.0,0.08956366480280863,106,16.523651310305393,0.502944173999194,1.0462359803363521,0.6742288231287362,0.19811320754716982,0.2169811320754717,0.0,nan,3.0
-179.54339,149,2461.147918,0.0,1.0,14.15688560338312,-179.54338964209367,0.0,0.0,0.0,1.0,0.10452495340095884,149,15.675622746319107,0.6025665325521427,2.0,0.8442037703106867,0.03355704697986577,0.026845637583892617,0.0,nan,3.0
-148.372961,114,2463.486592,0.0,1.0,12.860481838143077,-148.37296087748834,0.0,0.0,0.0,1.0,0.11297188954462554,114,14.691697265433097,0.45662284627831035,1.3155748568749386,0.7311284493720323,0.16666666666666666,0.24561403508771928,0.012435795084587246,3.1182774410417937,3.0
-206.321153,390,2468.89801,0.0,1.0,81.62191564115169,-206.3211534298608,0.0,0.0,0.0,1.0,0.31980074380090806,390,17.908101464605647,0.5542333110855371,2.0,0.7776547228869719,0.2312820514043172,0.19282051294277877,2.313404623372014e-05,5.945866331813095,3.0
-134.597728,71,2471.2985,0.0,1.0,2.3167625043860127,-134.59772801245083,0.0,0.0,0.0,1.0,0.04778985893956952,71,10.365543381806896,0.2479300193876757,1.0354969471027324,0.8660684177573298,0.014084507042253521,0.028169014084507043,0.0,20.43799594988901,3.0
-341.8401,128,2474.592396,0.0,1.0,-1.769941374144766,-341.8401003445364,1.0,1.0,0.0,0.0,0.1001596575208212,128,11.868331771309538,1.2777705642676316,2.0,0.7643502516439185,0.1328125,0.140625,0.12842539509139939,0.6726592836928443,3.0
-251.856772,478,2479.957391,0.0,1.0,90.99580489614348,-251.85677188835245,0.0,0.0,0.0,1.0,0.41035533597856694,478,18.38756731453546,0.6847988216993354,2.0,0.7212222517004322,0.303347280334728,0.2594142259414226,0.0,nan,3.0
-137.690356,74,2481.242558,0.0,1.0,2.1369259775491436,-137.69035628467913,0.0,0.0,0.0,1.0,0.04238570577248118,74,11.985468898979587,0.4003434237008391,1.0931899089368788,0.7904482812092111,0.013513513513513514,0.02702702702702703,0.0,19.440960547996404,3.0
-144.750224,97,2482.440661,0.0,1.0,2.580965517899571,-144.75022409002264,0.0,0.0,0.0,1.0,0.09559951516242261,97,12.682759116917476,0.5284245393838274,1.0333004262490884,0.9149679881088513,0.010309278350515464,0.020618556701030927,0.0,13.038672148909594,3.0
-140.014398,237,2486.386281,0.0,1.0,45.34616330446946,-140.0143980429746,0.0,0.0,0.0,1.0,0.18944920584538896,237,16.585779961428013,0.44068022061429996,1.1818062511635903,0.8185244156794331,0.1527426162349524,0.1907172997792562,0.0002682188512900257,5.6185927934655835,3.0
-297.336061,362,2489.570091,0.0,1.0,31.73320416002109,-297.33606126116786,0.0,0.0,0.0,1.0,0.30013023363455354,362,16.2633836511224,0.7244752046017592,2.0,0.7503290780670735,0.2259668506970063,0.23425414351468588,0.014149577816225226,0.021273578300216475,3.0
-433.134323,838,2498.608909,0.0,1.0,129.25418197823078,-433.13432287575176,0.0,0.0,0.0,1.0,0.6725750133202251,838,17.910354349157586,0.7617382315638148,2.0,0.7318359977412338,0.1873508353221957,0.19713603824305934,0.0018341651882529213,3.3321970587854275,3.0
-385.556872,972,2506.848882,1.0,0.0,179.3049848571309,-385.55687179217324,0.0,0.0,0.0,0.0,0.9902722626046078,972,18.585465638720812,0.8411631088077558,2.0,0.7317603193070172,0.19444444444444445,0.20781893004115226,0.0,12.565864252949021,3.0
-345.341026,985,2515.564628,0.0,1.0,196.38542616390245,-345.3410256322357,0.0,0.0,0.0,1.0,0.9633804856760146,985,18.643027904653973,0.6688871833803989,2.0,0.7132280816432788,0.2629441624365482,0.233502538071066,0.0,18.66472334251797,3.0
-297.034671,799,2524.49323,0.0,1.0,188.0220120192801,-297.03467117217593,0.0,0.0,0.0,1.0,0.6724439817333622,799,18.780640423002204,0.6382158863842501,2.0,0.7448653687020118,0.28660826032540676,0.26533166458072593,0.0,16.935430128861448,3.0
-85.136285,1200,2540.227524,0.0,0.0,323.5431403929123,-85.1362854916068,0.0,0.0,0.0,0.0,0.85538181348906,1200,19.06449585292951,0.5248101841459228,2.0,0.6819984943978489,0.3238333333532015,0.31133333335320157,2.57289062421864e-05,5.814751875056258,3.0
-129.867535,86,2540.946903,0.0,1.0,10.89862809808977,-129.8675348239871,0.0,0.0,0.0,1.0,0.10322202461783095,86,14.543908156925772,0.3117830165203518,1.0230953074012799,0.7186150921638622,0.12790697674418605,0.11627906976744186,0.0,nan,3.0
-137.86543,176,2542.190295,0.0,1.0,37.346111103285295,-137.86543042194384,0.0,0.0,0.0,1.0,0.11511707358668588,176,17.20376482687928,0.43420334756646456,1.3949624944667811,0.7441812535239891,0.1875,0.19318181818181818,0.0,nan,3.0
87.25699,966,2550.299882,1.0,0.0,314.58737673744434,87.25699013193284,0.0,0.0,0.0,0.0,0.9891667576023628,966,17.814918908949632,0.37741653914979495,1.167160118845555,0.7885196452293214,0.22339544508521356,0.2128364388246714,0.008675974198342769,1.9304770223821077,3.0
83.264244,968,2560.904831,1.0,0.0,308.37814215527436,83.26424404072881,0.0,0.0,0.0,0.0,0.9903822179496586,968,17.836347348377895,0.4127816772215403,1.3633389994724951,0.7010624214240989,0.19731404958677687,0.2066115702479339,0.0035843331082402717,1.8139508343574389,3.0
13.240949,933,2569.997753,1.0,0.0,264.63380419544967,13.24094871288488,0.0,0.0,0.0,0.0,0.9886617262221736,933,17.617240984076076,0.45940169947353854,1.2208150620649116,0.6994227501788324,0.18842443724792743,0.20450160766593387,0.012565014897373918,2.258628107408563,3.0
-24.370408,1109,2578.950879,1.0,0.0,298.4543043626194,-24.37040824045171,0.0,0.0,0.0,0.0,0.9902373864016009,1109,16.601816391967397,0.45594678417380025,1.6172402623581594,0.7336084816614931,0.15924256099463585,0.16122633019903956,0.013591777452862254,1.0175423798344345,3.0
-122.601366,211,2580.762434,0.0,1.0,51.644651270417135,-122.60136586710212,0.0,0.0,0.0,1.0,0.22763065127869728,211,17.450516471486676,0.38987361151998773,1.036980182356599,0.726126406288825,0.22274881516587677,0.2559241706161137,0.0,8.608534436893036,3.0
-223.217614,1200,2593.109211,0.0,0.0,301.5593758533814,-223.2176143169073,0.0,0.0,0.0,0.0,0.8735176969634775,1200,18.119645364185594,0.5731472761366982,2.0,0.7155760454572737,0.18166666666666667,0.1975,0.012111759603035004,0.44675455944838266,3.0
-114.072063,936,2602.404701,0.0,1.0,272.8060132976689,-114.07206318128297,0.0,0.0,0.0,1.0,0.5818728113668553,936,17.795523809303223,0.41613926213336316,1.3694725084159634,0.712028153718282,0.18611111116205525,0.18846153856342673,0.0009355784258898688,4.095294468026818,3.0
66.866647,1001,2612.999316,1.0,0.0,316.60172121015,66.86664692411425,0.0,0.0,0.0,0.0,0.991109273690423,1001,18.49037380023598,0.46439794907395837,1.3906229810444661,0.6965458286808921,0.1848151848151848,0.2087912087912088,0.0,9.137783456289727,3.0
79.337437,1035,2623.087678,1.0,0.0,356.36407039132274,79.3374373022546,0.0,0.0,0.0,0.0,0.9900856524799484,1035,18.824464820193413,0.4295198691425902,2.0,0.7249020072429077,0.26763285024154587,0.25507246376811593,0.0,nan,3.0
35.862416,1200,2634.433068,0.0,0.0,373.5313368807872,35.862416432397126,0.0,0.0,0.0,0.0,0.8514358824710437,1200,18.45963645092457,0.4074352684472792,0.9994889796708702,0.6765865173997978,0.2866666666666667,0.2825,0.0030478911132475767,0.9336559728294529,3.0
-185.145088,427,2641.414926,0.0,1.0,114.83985916725085,-185.1450881984979,0.0,0.0,0.0,1.0,0.2595036365053764,427,17.247637786111436,0.4820036415108732,2.0,0.7097088743952175,0.18969555035128804,0.1873536299765808,0.0,21.877077840046304,3.0
193.504568,964,2650.77881,1.0,0.0,385.50435275756655,193.50456765666914,0.0,0.0,0.0,0.0,0.9906083682941694,964,18.632232605466506,0.2963976750350207,0.9936296063388494,0.6861711738329705,0.2479253112033195,0.26348547717842324,0.0,11.283520507848904,3.0
-169.066536,526,2656.542256,0.0,1.0,135.80433683037398,-169.06653600898937,0.0,0.0,0.0,1.0,0.327873592035341,526,18.880998584996615,0.5139683038887926,2.0,0.6555886453888715,0.37832699619771865,0.3688212927756654,0.0,6.492471766244272,3.0
73.86965,831,2663.078389,1.0,0.0,265.3867721874795,73.86964951645453,0.0,0.0,0.0,0.0,0.9877002196440907,831,17.5923753420053,0.4254305133551063,1.168695651576036,0.6917758923467746,0.2563176895306859,0.23489771365545573,0.00569563268992072,0.03151987819091142,3.0
83.182745,1200,2673.995478,0.0,0.0,398.2306265176127,83.18274502095183,0.0,0.0,0.0,0.0,0.8356416087720859,1200,18.52075950715317,0.37024019638187355,1.1137572661390032,0.6516442662104964,0.22683333337306977,0.2203333334128062,0.0003670239569690914,4.57283352811779,3.0
-110.375201,473,2678.673041,0.0,1.0,136.28970870360504,-110.37520090771888,0.0,0.0,0.0,1.0,0.4455968222482404,473,18.584270008257715,0.3627821275736241,1.4963605690295887,0.6943267382775881,0.28118393234672306,0.2832980972515856,0.0,28.427040744818893,3.0
