#{"t_start": 1780046716.7213297, "env_id": "None"}
r,l,t,is_success,episode_cost,episode_base_reward,episode_shaped_reward,episode_collision,episode_crash_vehicle,episode_crash_object,episode_out_of_road,episode_route_completion,episode_length,episode_mean_speed,episode_mean_lane_deviation,episode_max_lane_deviation,episode_steering_variation,episode_accel_variation,episode_jerk,episode_ttc_risk,episode_min_ttc,curriculum_stage
11.271993,1200,9.026714,0.0,0.0,11.271992612993488,11.271992612993488,0.0,0.0,0.0,0.0,0.030154599851744627,1200,0.741799264915487,0.2562927345232009,0.5395230902403454,0.8639176340587437,0.8038585174611459,0.6188348098533849,0.0,nan,3.0
5.080916,1200,16.043889,0.0,0.0,5.08091556384965,5.08091556384965,0.0,0.0,0.0,0.0,0.04585300308548046,1200,0.9973471001452274,1.4013378673919041,2.0,0.8132206603209489,0.7732052340296408,0.6154130880410472,0.0,35.48729104183203,3.0
19.582867,1200,23.722771,0.0,0.0,19.582867483089213,19.582867483089213,0.0,0.0,0.0,0.0,0.06766354850189446,1200,1.1398674412604357,0.4032233308630854,0.6293941236086473,0.8191086837276816,0.7548946021248897,0.609528146982193,0.0,35.19766816587848,3.0
12.157062,1200,32.190435,0.0,0.0,12.157061629120916,12.157061629120916,0.0,0.0,0.0,0.0,0.061611646022058965,1200,1.3603397956448153,1.0433362554317485,2.0,0.8189509221787254,0.7344446751102806,0.5738079452266296,0.0,nan,3.0
29.477564,1200,39.791271,0.0,0.0,29.477563506598344,29.477563506598344,0.0,0.0,0.0,0.0,0.07899323661626892,1200,1.404864995564281,0.24812761469697714,0.999058551746931,0.8309650595587057,0.7402543279156089,0.5738391304264466,0.009363389850451426,1.8134705072784265,3.0
8.724034,631,44.424667,0.0,1.0,8.724033778039939,8.724033778039939,0.0,0.0,0.0,1.0,0.0613564247803244,631,1.956795956638238,0.389427547585637,1.0447864797070658,0.7753749855464876,0.6078597037047856,0.5101297516641451,0.0,nan,3.0
7.987179,1023,52.556935,0.0,1.0,7.987178705950168,7.987178705950168,0.0,0.0,0.0,1.0,0.09050381375557416,1023,2.123622836954004,0.9756026161473826,2.0,0.8105101280100098,0.6557003318797342,0.5141581610384108,0.0,nan,3.0
3.609821,508,55.529417,0.0,1.0,3.6098213727960893,3.6098213727960893,0.0,0.0,0.0,1.0,0.09529887307719989,508,2.626716450798132,0.851583136653653,2.0,0.8225324171939938,0.5922856814279331,0.4667905302732948,0.013213728964717718,2.870718026541943,3.0
-1.819252,460,59.519381,0.0,1.0,-1.8192524047911984,-1.8192524047911984,0.0,0.0,0.0,1.0,0.05617363476862168,460,2.2807919620158494,1.2778425973906273,2.0,0.7915872247160777,0.6295472756676052,0.5301551250012024,0.0,nan,3.0
0.989032,567,63.734029,0.0,1.0,0.9890319291723877,0.9890319291723877,0.0,0.0,0.0,1.0,0.042435957818489724,567,2.277049849999359,1.1413959246134922,2.0,0.8173182190673481,0.6331582849408374,0.5100526165289433,0.0,24.315633788935145,3.0
-4.081589,706,70.145712,0.0,1.0,-4.081589237786449,-4.081589237786449,0.0,0.0,0.0,1.0,0.09712444523571001,706,2.472325298699403,1.6908393902318641,2.0,0.8437801765504876,0.605116453032318,0.5135236324230604,0.0,nan,3.0
-0.374817,627,74.998399,0.0,1.0,-0.37481655112005363,-0.37481655112005363,0.0,0.0,0.0,1.0,0.06326161196942125,627,2.0054330364852944,1.3387075447061219,2.0,0.8184410965803898,0.6531556383179326,0.5234514861776117,0.0,nan,3.0
29.236259,1003,83.152416,0.0,1.0,29.236259190365857,29.236259190365857,0.0,0.0,0.0,1.0,0.17225454368637347,1003,3.3865441438322494,0.5667868420631607,2.0,0.8289010603341125,0.5398598526969388,0.4404770431228554,0.0,14.09931843580497,3.0
-0.538709,472,86.97967,0.0,1.0,-0.5387087704953064,-0.5387087704953064,0.0,0.0,0.0,1.0,0.06585979188444228,472,2.5688798198202214,1.2940149467453745,2.0,0.7978077461722038,0.5773685265143039,0.4768279492855072,0.0,23.21097678580638,3.0
24.592455,1200,96.000586,0.0,0.0,24.592454859972914,24.592454859972914,0.0,0.0,0.0,0.0,0.14579230943692092,1200,2.533502202364275,1.3391160031567935,2.0,0.8099023839257037,0.592696524237593,0.4843693281710148,0.0,21.16568247316572,3.0
24.32149,723,102.439381,0.0,1.0,24.321489955151236,24.321489955151236,0.0,0.0,0.0,1.0,0.09307873354451925,723,3.470571168236063,0.4714419903406628,1.4829910740904209,0.7981944600813204,0.5512133089421036,0.45794361038326725,0.0,13.710860931811366,3.0
24.568543,874,111.413507,0.0,1.0,24.56854260574695,24.56854260574695,0.0,0.0,0.0,1.0,0.12921784640917705,874,3.4113221486216454,0.8773153828448736,2.0,0.8319845764153985,0.5240987693417809,0.41898905630788214,0.018682126051063237,0.5925046808116079,3.0
40.843669,575,116.94529,0.0,1.0,40.84366881895872,40.84366881895872,0.0,0.0,0.0,1.0,0.1502962490802443,575,6.248831607939088,0.5567286700050517,1.1239286565124156,0.8023841124708238,0.39345068231872893,0.3574725722229999,0.0,nan,3.0
26.748978,456,120.993737,0.0,1.0,26.74897811092964,26.74897811092964,0.0,0.0,0.0,1.0,0.1255358113105322,456,5.011393970599835,0.5222652148720217,2.0,0.7701291442570979,0.4728608635956781,0.3740377525488536,0.016969860885376137,0.819359227079553,3.0
18.748954,244,123.802027,0.0,1.0,18.74895355458771,18.74895355458771,1.0,1.0,0.0,0.0,0.0830591417540911,244,5.1686551170572175,0.1669525114242517,0.44940347254948376,0.7464279937481538,0.48626735757608885,0.4201006987055794,0.08270479777022927,0.8501018648801166,3.0
49.385399,924,131.652894,0.0,1.0,49.38539855349442,49.38539855349442,0.0,0.0,0.0,1.0,0.2430781855726022,924,4.674344354073175,0.4766789799218607,1.0228498226791607,0.7646292399421528,0.4734926995260891,0.4359425431464142,0.0,6.191686558008631,3.0
128.851845,1200,141.954401,0.0,0.0,128.8518447436502,128.8518447436502,0.0,0.0,0.0,0.0,0.33502168586965175,1200,6.42182230931968,0.4857672828288252,1.6964586016897287,0.7775785577793916,0.4166741166512171,0.3619847426811854,0.0,7.187082953318071,3.0
3.557718,187,144.41047,0.0,1.0,3.557718020384515,3.557718020384515,0.0,0.0,0.0,1.0,0.05722932518401147,187,5.151233151707687,0.3901680432014227,1.0557667084158917,0.832122527541005,0.408669045902191,0.35885678064376914,0.0,10.927656755781141,3.0
141.315054,1200,154.765729,0.0,0.0,141.31505391698224,141.31505391698224,0.0,0.0,0.0,0.0,0.4272455507703613,1200,6.820105243100431,0.35953021996634615,0.9967824186174237,0.8145931893090407,0.3814542861779531,0.3308026654521624,0.0,20.78172216208983,3.0
167.470568,1200,164.846174,0.0,0.0,167.47056791933593,167.47056791933593,0.0,0.0,0.0,0.0,0.35653302985671936,1200,7.629034405626697,0.37326773647605593,0.9995214786674529,0.7419403944257646,0.3782645749052366,0.33746226807435353,0.0,20.73293421226522,3.0
22.823902,395,168.026917,0.0,1.0,22.823901757374664,22.823901757374664,0.0,0.0,0.0,1.0,0.1647851033411817,395,8.596090861598297,0.8131129777639424,2.0,0.7752127777832218,0.34466457940355133,0.30911517173429076,0.0,nan,3.0
199.586862,1200,179.278089,0.0,0.0,199.58686242923056,199.58686242923056,0.0,0.0,0.0,0.0,0.4207399270169987,1200,9.852326318204646,0.40027858920600873,1.1289133654813786,0.7462240769093236,0.32049229274193447,0.275897670785586,0.003935304666727716,2.8104184750835217,3.0
10.989803,144,180.399075,0.0,1.0,10.98980304591586,10.98980304591586,0.0,0.0,0.0,1.0,0.0829193615564214,144,9.987217082247968,0.4107001954671669,1.07647362544434,0.784966708574858,0.2525343286494414,0.27078967293103534,0.0,13.980223319620388,3.0
204.572345,1200,191.366371,0.0,0.0,204.57234497468906,204.57234497468906,0.0,0.0,0.0,0.0,0.9613173787844154,1200,11.278668843401395,0.45189333164733086,1.187344822001463,0.7320273361168802,0.3267596629758676,0.2811086243391037,0.00999361188076825,1.4569165304720275,3.0
163.842643,842,198.144927,0.0,1.0,163.84264313304524,163.84264313304524,0.0,0.0,0.0,1.0,0.619227968420024,842,14.499275446409689,0.46360126221377274,1.1545800178582355,0.7050653991074857,0.2835164541586561,0.2549713598011225,0.003624927422647723,3.834771374157504,3.0
331.130318,1200,209.979688,0.0,0.0,331.13031756711626,331.13031756711626,0.0,0.0,0.0,0.0,0.9684567013589621,1200,17.450538540825722,0.436971086686183,1.1784738617309938,0.6945626630851378,0.2527513273557027,0.23022404665748278,0.005913203401842318,2.0188666585197237,3.0
277.768783,1200,221.759869,0.0,0.0,277.76878256046115,277.76878256046115,0.0,0.0,0.0,0.0,0.6720216220404593,1200,14.892560466555945,0.4984576240979042,2.0,0.7040266197671493,0.2369743248820305,0.20345443983872732,0.0,11.012982300716299,3.0
229.320317,1088,233.043373,0.0,1.0,229.32031685465208,229.32031685465208,0.0,0.0,0.0,1.0,0.9402900794217002,1088,15.47279658642502,0.4712072698829295,1.957764749122006,0.7128143457572579,0.19151031658710801,0.17712299854439847,0.006602729305168507,1.2466676703126987,3.0
149.05896,638,240.833574,0.0,1.0,149.05895974522514,149.05895974522514,0.0,0.0,0.0,1.0,0.646360649453245,638,18.199913216208326,0.5035640888751122,1.0518674999117177,0.6747981802703444,0.16438299109195842,0.14998978806139907,0.0,7.931276246745487,3.0
80.453703,238,243.985937,0.0,1.0,80.45370300997845,80.45370300997845,0.0,0.0,0.0,1.0,0.23470504172172935,238,22.105202071056144,0.3578453588280501,1.0780189781582408,0.6329391519812977,0.17718494764897003,0.1537609769015753,0.01384235948821986,2.4088768164988124,3.0
144.59254,725,250.598629,0.0,1.0,144.59253976104864,144.59253976104864,0.0,0.0,0.0,1.0,0.4138804805112206,725,17.301517121165155,0.49089882088748427,2.0,0.6915473651577686,0.2158790400932575,0.19754450140328242,0.00012105828439694235,5.53079540079342,3.0
234.776873,943,260.538651,0.0,1.0,234.77687309359032,234.77687309359032,0.0,0.0,0.0,1.0,0.6804266725744434,943,17.963836152090487,0.44129416761858753,2.0,0.6499599736432761,0.20716857720533838,0.18508408500685544,0.007755560420152148,1.4405812354932122,3.0
108.710893,417,267.09759,0.0,1.0,108.71089296142615,108.71089296142615,0.0,0.0,0.0,1.0,0.2851796993627023,417,17.505007464577073,0.38769284429661893,1.2924609804467346,0.6551313854092888,0.18265674368654797,0.16430493653249398,0.0009883794230821712,3.527074683448408,3.0
61.125144,230,269.820559,0.0,1.0,61.1251443491402,61.1251443491402,1.0,1.0,0.0,0.0,0.24493102708949535,230,18.948746027125882,0.40427879121862265,0.9298795776240601,0.6321887178265531,0.1690044581890106,0.16971658520076585,0.07523929378544662,0.6242305433533284,3.0
-2.073607,45,270.426829,0.0,1.0,-2.073606996759323,-2.073606996759323,0.0,0.0,0.0,1.0,0.025868444648985325,45,10.59638994621806,0.17215678489677344,1.0923024815011375,0.6193738606241014,0.13683613936106365,0.1319716665479872,0.0,14.34846932993301,3.0
36.188284,151,271.577414,0.0,1.0,36.188284495597486,36.188284495597486,0.0,0.0,0.0,1.0,0.13277371383140268,151,15.78565581284408,0.2576191050647662,1.1029360227251332,0.6453595116043722,0.14372095524870007,0.14273355654533335,0.0,nan,3.0
168.856052,502,277.159612,0.0,1.0,168.8560517253522,168.8560517253522,0.0,0.0,0.0,1.0,0.6524806057833682,502,22.86768499308568,0.4451774754347286,1.1117937128906799,0.6053048875108659,0.16361430097386181,0.14495991425685198,0.0001271503493624388,5.617023147720334,3.0
288.414415,859,285.560905,1.0,0.0,288.414415320867,288.414415320867,0.0,0.0,0.0,0.0,0.9912803927059848,859,21.833362904819168,0.4911342790702211,1.0117470400278235,0.6375451043543078,0.16437928869505006,0.15685945478668034,0.0,326.11319279802547,3.0
354.676294,1009,293.611794,1.0,0.0,354.67629426789017,354.67629426789017,0.0,0.0,0.0,0.0,0.9911221632732383,1009,18.148773693271714,0.36784416669510417,0.9878481532230409,0.6871695395400313,0.1739189156928313,0.16505650238192116,0.0,nan,3.0
146.812681,439,297.97096,0.0,1.0,146.8126809319445,146.8126809319445,1.0,1.0,0.0,0.0,0.580143599630204,439,25.499596524716694,0.5713913336258013,2.0,0.6559817806429363,0.15029704000520816,0.13147845151484147,0.05396772236647813,0.07808621404508237,3.0
123.007382,481,301.574828,0.0,1.0,123.00738236287981,123.00738236287981,0.0,0.0,0.0,1.0,0.4103996987627817,481,18.253254838141782,0.4619082911587176,1.9849967413803737,0.6362357342193627,0.17985019317040077,0.1585381650627279,0.0,130.30722167352965,3.0
172.17597,618,307.141951,0.0,1.0,172.17597041259788,172.17597041259788,0.0,0.0,0.0,1.0,0.7026318091938234,618,20.85349810944415,0.5577019122096564,2.0,0.6222588827164428,0.1642073646525349,0.1514024740283929,0.0,13.254963364546198,3.0
339.821822,798,316.668885,0.0,1.0,339.8218223285686,339.8218223285686,1.0,1.0,0.0,0.0,0.8212246025776564,798,27.26310075364396,0.5010397188360419,2.0,0.6655412109750778,0.16056067042780997,0.1546893650875952,0.03809318406252138,1.0863097303231468,3.0
210.502394,595,323.833732,0.0,1.0,210.50239407185282,210.50239407185282,0.0,0.0,0.0,1.0,1.0011098672742083,595,27.189738451893252,0.5454164097775827,2.0,0.6107011780142784,0.168695242665395,0.1577776604339856,0.009468244510658554,2.2969568155288207,3.0
157.691493,564,330.217114,0.0,1.0,157.69149276228129,157.69149276228129,0.0,0.0,0.0,1.0,0.570047996100558,564,20.955833157296507,0.4650954909891667,2.0,0.6866040953322716,0.10866899164855903,0.09403829350539133,0.01916225379898265,0.9433075447733017,3.0
252.481471,649,338.209632,0.0,1.0,252.48147057231756,252.48147057231756,1.0,1.0,0.0,0.0,0.6963880797552979,649,28.657647285950635,0.555199115772089,2.0,0.6091585811600663,0.12842147100504447,0.12000584051311475,0.0489106552812492,0.40266202511721083,3.0
158.246087,584,343.886709,0.0,1.0,158.2460867530035,158.2460867530035,0.0,0.0,0.0,1.0,0.8200453339406018,584,26.551101066411835,0.6661566677744776,2.0,0.6693685991970235,0.09301250152391931,0.08764305037178405,0.0,6.663130021640678,3.0
121.177201,391,349.26238,0.0,1.0,121.1772006664595,121.1772006664595,0.0,0.0,0.0,1.0,0.40277429702614836,391,26.92873151061576,0.6872124016561402,2.0,0.676764848811166,0.10435377941716967,0.09944156978441321,0.0,nan,3.0
291.423126,751,356.029249,1.0,0.0,291.42312631830737,291.42312631830737,0.0,0.0,0.0,0.0,0.9911187960740977,751,25.99012939237689,0.5774275747250408,2.0,0.6143863391721455,0.10110639970248612,0.09794632683739998,0.024876118425412132,0.769701185186402,3.0
297.492628,835,363.879853,1.0,0.0,297.4926277378999,297.4926277378999,0.0,0.0,0.0,0.0,0.9909351904176538,835,23.31487883061326,0.5449335693295376,2.0,0.5952232735644201,0.0885275362494463,0.08080067977219998,0.0,8.274451522305426,3.0
303.331681,822,372.562873,1.0,0.0,303.3316812042737,303.3316812042737,0.0,0.0,0.0,0.0,0.9907222106580464,822,22.89900784956519,0.49206720579899776,2.0,0.6505725507662969,0.10747607672301522,0.10259940183365722,0.0,7.733319239041859,3.0
195.266232,658,378.306931,0.0,1.0,195.26623187439955,195.26623187439955,0.0,0.0,0.0,1.0,1.0006329011496924,658,27.079331926649868,0.6939675427720338,2.0,0.6166573243504418,0.09552928270902315,0.0981763800589147,0.003032852173090972,1.9296857725298993,3.0
323.613189,836,386.889775,0.0,1.0,323.613188546785,323.613188546785,0.0,0.0,0.0,1.0,0.9183955161008452,836,23.42550139320065,0.39866020273694647,2.0,0.640180001449749,0.11426772840285415,0.11100827278703024,0.019187916186918466,0.0006755071703343021,3.0
132.049503,381,391.657531,0.0,1.0,132.0495032209315,132.0495032209315,0.0,0.0,0.0,1.0,0.35791210973923215,381,20.504977939849702,0.38379649547492545,2.0,0.6365418067480636,0.09268256247512938,0.0906366457150677,0.010121378579148606,3.1587194940598193,3.0
293.707495,697,398.717243,1.0,0.0,293.70749476727394,293.70749476727394,0.0,0.0,0.0,0.0,0.9897915762852643,697,25.106182227464405,0.4234397606089981,1.1952172337738203,0.5583397902473487,0.08818901628469634,0.08320035944710161,0.0,9.763532259810816,3.0
81.836399,306,401.595111,0.0,1.0,81.83639892235162,81.83639892235162,0.0,0.0,0.0,1.0,0.35837563603078576,306,19.914723033978927,0.4532926250060394,1.4716830394338738,0.612235228488453,0.10768830620385463,0.09953502736060447,0.0,nan,3.0
85.777882,234,403.854315,0.0,1.0,85.77788221844439,85.77788221844439,0.0,0.0,0.0,1.0,0.29770568770482836,234,27.13778263612006,0.438026266779164,1.0675387393469633,0.6995414221324981,0.08058212608353704,0.09108789303363898,0.0,6.000368602468038,3.0
75.807222,323,407.135468,0.0,1.0,75.80722151197223,75.80722151197223,0.0,0.0,0.0,1.0,0.22441404797333916,323,20.98033795503307,0.5880504842225365,2.0,0.6059442650607496,0.08056531491294365,0.07765405650478399,0.0034514310684921035,4.46623001175635,3.0
247.190012,629,413.799867,0.0,1.0,247.19001224057956,247.19001224057956,1.0,1.0,0.0,0.0,0.8834376577855897,629,22.730284299280612,0.3507341821628815,0.9983424665897692,0.5840512332291785,0.11449966123638547,0.10813076412734622,0.014654716350403527,0.35205325177722685,3.0
164.503686,416,417.780266,0.0,1.0,164.50368606954785,164.50368606954785,1.0,1.0,0.0,0.0,0.5043226844972606,416,23.041171024304372,0.3653668657041985,0.9958728853559073,0.6522998104695804,0.09688887716485904,0.09754562205993213,0.0444690676875501,0.5219839928015081,3.0
124.513854,327,420.707621,0.0,1.0,124.5138541202424,124.5138541202424,0.0,0.0,0.0,1.0,0.36383109806714226,327,21.9370968691694,0.31952450311858394,1.185573552268791,0.5905291423862316,0.116374480250414,0.11353109334951511,0.0,18.411144588796102,3.0
52.067668,231,423.690998,0.0,1.0,52.067668305864736,52.067668305864736,0.0,0.0,0.0,1.0,0.24671365119107566,231,21.545971569448877,0.5829757450821732,2.0,0.611717932603576,0.09157977011296656,0.09406125029444179,0.0055029357865558175,3.894245453361402,3.0
188.2267,416,427.930037,0.0,1.0,188.22670022326093,188.22670022326093,1.0,1.0,0.0,0.0,0.6911377255587898,416,30.741909100375235,0.4511686740177536,1.3532058915714904,0.6598240899978779,0.09468366520909163,0.09179863419670325,0.05091295708536203,0.49945802050871374,3.0
291.832314,615,435.004055,1.0,0.0,291.8323136949648,291.8323136949648,0.0,0.0,0.0,0.0,0.9873525123678075,615,26.657917863944064,0.4455221342597954,2.0,0.5922068550698156,0.13610065031826982,0.11932151685885298,0.06481853076229434,0.45964697950755173,3.0
87.974215,227,437.589205,0.0,1.0,87.97421505937714,87.97421505937714,0.0,0.0,0.0,1.0,0.27003408113246746,227,27.049249741751364,0.4359231376616276,1.9370290628592401,0.6227896144605418,0.08139637808442642,0.08796641690090365,0.008956228047545515,2.8968569357016434,3.0
189.294448,642,444.015795,0.0,1.0,189.2944478556758,189.2944478556758,0.0,0.0,0.0,1.0,0.6636402276732549,642,22.919171212843388,0.5154786871615905,2.0,0.6059218856253635,0.09397895796648068,0.09449290969290094,0.011521184785502299,0.08181377822152916,3.0
136.384064,326,447.566098,0.0,1.0,136.38406412222923,136.38406412222923,1.0,1.0,0.0,0.0,0.5123966605404112,326,30.57010767966867,0.4896357184967405,1.1648965279082517,0.6190121714140009,0.06558857410231982,0.06332725688723699,0.09773476344280521,0.637435383538654,3.0
193.267562,517,452.989963,0.0,1.0,193.2675617112239,193.2675617112239,0.0,0.0,0.0,1.0,0.6009208710303996,517,25.922014204204444,0.43253265228821486,1.004593814689484,0.6122535921316198,0.10521378554043502,0.10490415751127026,0.0,6.56460659437528,3.0
262.649572,623,459.129187,0.0,1.0,262.6495716479766,262.6495716479766,1.0,1.0,0.0,0.0,0.8818880622206648,623,27.97898068831516,0.446827383226912,2.0,0.5765908876520672,0.08385285730346631,0.08135187836366901,0.013692068848948195,0.32218771926065737,3.0
90.011165,218,461.480497,0.0,1.0,90.0111648403431,90.0111648403431,1.0,1.0,0.0,0.0,0.21970271180788759,218,28.05511988095088,0.40772357956909644,1.4965580962742935,0.532382366033869,0.09595546700538846,0.0934359496886577,0.06756935286302178,0.966609185848328,3.0
191.453483,516,467.422035,0.0,1.0,191.45348270666855,191.45348270666855,1.0,1.0,0.0,0.0,0.4862013267433215,516,26.405932757164056,0.4587627308286726,1.2541680128159207,0.6242164566448724,0.10598164704418922,0.10350308884945951,0.03729971527495398,2.2561567495131825,3.0
293.886313,663,476.25999,0.0,1.0,293.8863130329526,293.8863130329526,0.0,0.0,0.0,1.0,0.8528227149742953,663,27.844509539606946,0.43978721194669657,1.4443723855146575,0.6066838119117203,0.09005568056264794,0.0868679783103333,0.006345970500712882,1.829278420340279,3.0
301.036141,542,481.648164,1.0,0.0,301.0361405051065,301.0361405051065,0.0,0.0,0.0,0.0,0.9894542948398664,542,31.385002421447744,0.41633689541249347,0.9925857367690264,0.6325466789277717,0.0722014774255647,0.07102398832785688,0.012041109044103203,0.9984875852866251,3.0
179.613379,493,487.393235,0.0,1.0,179.61337881787148,179.61337881787148,0.0,0.0,0.0,1.0,0.633503097093749,493,26.090898571331408,0.461137560380726,1.58598156114302,0.6019615631920813,0.07865124711158551,0.07938382809350747,0.004917802120624689,2.7308832264021023,3.0
179.31699,431,491.925935,0.0,1.0,179.31699013891262,179.31699013891262,1.0,1.0,0.0,0.0,0.6829695404161118,431,28.092646643884677,0.43313091438261936,1.0558957189250842,0.5510464132247004,0.07283853876065212,0.07082341137728945,0.03321163107407557,2.492161059668228,3.0
207.859387,587,497.663985,0.0,1.0,207.8593869558333,207.8593869558333,0.0,0.0,0.0,1.0,0.519626291578599,587,24.526279153454837,0.4592874830547128,1.1042391861934402,0.6003641028725106,0.08573793755682405,0.08408093127521989,0.005550141615287907,1.875868867365179,3.0
130.901471,341,502.523237,0.0,1.0,130.9014713871518,130.9014713871518,0.0,0.0,0.0,1.0,0.49790686814030044,341,24.97839235991671,0.36904754307581267,1.0754279905636681,0.6340423241650953,0.04764484660017176,0.05443847074536634,0.002949754168818154,2.8560268888207077,3.0
22.52458,110,504.376034,0.0,1.0,22.524579772218495,22.524579772218495,1.0,1.0,0.0,0.0,0.10822357590827976,110,19.970048460822866,0.42020202424923203,0.9691597776361752,0.5789201691746712,0.0403896071694114,0.04594433957880194,0.0,nan,3.0
195.204676,481,509.324867,0.0,1.0,195.20467577313553,195.20467577313553,0.0,0.0,0.0,1.0,0.6616134142197071,481,31.257862708098877,0.528407174514619,2.0,0.5650504523125359,0.04169616828093658,0.04286886550284721,0.0,13.457126864375802,3.0
96.123216,213,512.554773,0.0,1.0,96.12321557890093,96.12321557890093,1.0,1.0,0.0,0.0,0.2594353734680438,213,31.815068547614608,0.3949497606366419,1.1652065007712216,0.6510161268109447,0.04840759492256272,0.05310243060331389,0.06948342502396966,2.417231696961303,3.0
70.709161,221,515.783643,0.0,1.0,70.70916130774161,70.70916130774161,0.0,0.0,0.0,1.0,0.2444840334896045,221,20.1817689225151,0.34604055297314285,2.0,0.6065569775541444,0.06858524154214297,0.0723111133230218,0.0,21.6596105078072,3.0
136.224332,254,519.5083,0.0,1.0,136.22433165375486,136.22433165375486,1.0,1.0,0.0,0.0,0.3631637927658888,254,32.048042252074374,0.3267860080353474,0.9858756903039922,0.6051131737983133,0.06251891016021488,0.06153010618029617,0.12335665239372783,0.9234026037320452,3.0
146.680506,414,525.191742,0.0,1.0,146.68050582517964,146.68050582517964,0.0,0.0,0.0,1.0,0.5449474540356805,414,25.489743254514988,0.5097738458389621,2.0,0.5113983918071369,0.07197719582037074,0.0734679108656547,0.007870285807049435,2.2846799152253148,3.0
221.17706,476,531.111461,0.0,1.0,221.17706018817023,221.17706018817023,1.0,1.0,0.0,0.0,0.8809628994323734,476,27.505177562854122,0.36993601325447073,1.374135024500505,0.615413842769731,0.056200904004714065,0.0579587576769981,0.04168488504929924,1.511621119242003,3.0
83.111217,280,533.254013,0.0,1.0,83.11121672453822,83.11121672453822,0.0,0.0,0.0,1.0,0.43629269882927046,280,27.75117090502597,0.6248546505467831,2.0,0.5466072027704545,0.0516277049268995,0.05255255017961775,0.0024321879960590115,4.432999175408377,3.0
118.80657,281,536.623039,0.0,1.0,118.80656968482731,118.80656968482731,0.0,0.0,0.0,1.0,0.3437181442471118,281,27.301808175650695,0.3809458572981893,2.0,0.6363720106908859,0.03186126663167282,0.03509484661007267,0.028982285612990957,1.6573401909954018,3.0
115.27672,365,541.706133,0.0,1.0,115.27671992490184,115.27671992490184,0.0,0.0,0.0,1.0,0.32517087090549557,365,23.553433334384682,0.5594502755916481,2.0,0.549545073570454,0.04496787672173487,0.045391816309053604,0.0,6.327207714949691,3.0
142.889159,323,545.6045,0.0,1.0,142.88915946945875,142.88915946945875,1.0,1.0,0.0,0.0,0.5204528512719159,323,32.679351090104355,0.4745599233247471,1.4643389272256313,0.6153338967646608,0.05229610702939816,0.051830003505151705,0.0869851618379589,1.2438925049545473,3.0
60.356521,180,548.217074,0.0,1.0,60.35652131250532,60.35652131250532,1.0,1.0,0.0,0.0,0.2251343388087856,180,26.526800539956923,0.47872902265098966,1.5837952207847483,0.6538967351946566,0.07625292672051323,0.0799555218882031,0.09238484347934703,2.806776255958696,3.0
237.427545,493,554.199806,0.0,1.0,237.42754519444276,237.42754519444276,1.0,1.0,0.0,0.0,0.713432665166909,493,30.760143780014985,0.4101512987270637,1.1875767618808912,0.5882401115300689,0.06176929323958577,0.06257624195748845,0.03950170085056912,1.0088629881222668,3.0
266.742039,565,560.190335,0.0,1.0,266.742039023279,266.742039023279,0.0,0.0,0.0,1.0,0.9984503090449351,565,29.922351164925082,0.4572168073818061,1.8598026672580068,0.5686284547424422,0.06848191666392099,0.0652095353708858,0.025939311535730925,2.58470454908171,3.0
103.724852,246,564.000064,0.0,1.0,103.72485167996219,103.72485167996219,1.0,1.0,0.0,0.0,0.39189378906089845,246,29.8171528411798,0.46992726769189186,0.9941081363220916,0.627154145510943,0.025571276501911443,0.029636317152317945,0.08386606174581608,0.8168140274026322,3.0
200.300791,432,569.065649,0.0,1.0,200.30079105013715,200.30079105013715,1.0,1.0,0.0,0.0,0.5760257243274028,432,29.5542696690199,0.4358543063515814,1.398634068218847,0.5924264402128756,0.027449001592618448,0.029666477331408748,0.036616710011445654,1.4313021097517251,3.0
207.710819,457,574.336204,0.0,1.0,207.7108188760761,207.7108188760761,1.0,1.0,0.0,0.0,0.5895376457794693,457,27.683800100691524,0.3867474702096767,1.185452546000638,0.6167979795216731,0.029731851177090367,0.03137655748580165,0.05294042634290052,1.172851865279524,3.0
160.051315,354,579.702524,0.0,1.0,160.05131474279162,160.05131474279162,1.0,1.0,0.0,0.0,0.5202385496512959,354,28.241080792325974,0.4079197810505662,0.9865645403015117,0.5779106719735063,0.0657033075047078,0.061960300314897875,0.04977980472653041,1.6741784874860495,3.0
419.281447,710,588.071378,1.0,0.0,419.2814466207474,419.2814466207474,0.0,0.0,0.0,0.0,0.9921358924352132,710,29.44143999533418,0.330572049954672,1.047413089108107,0.5591697854265361,0.06304994317847239,0.06375859455323556,0.0,8.130429978072778,3.0
34.029373,117,590.621745,0.0,1.0,34.029373080100406,34.029373080100406,1.0,1.0,0.0,0.0,0.07866701784987877,117,17.878953555300203,0.2031090113235973,0.7640497868378272,0.5159820653975774,0.07238024626022731,0.08057868378794092,0.008116590460282309,0.30215349688181986,3.0
147.072231,355,595.948869,0.0,1.0,147.07223050642062,147.07223050642062,0.0,0.0,0.0,1.0,0.4922978771492248,355,31.238294803690014,0.5272356917815294,2.0,0.5536275824610616,0.03443113884455721,0.037649023700767836,0.0,nan,3.0
175.582832,431,601.10296,0.0,1.0,175.58283201610266,175.58283201610266,1.0,1.0,0.0,0.0,0.7006770053423842,431,32.29956666102565,0.6198818878117417,2.0,0.5272835232058146,0.06069004950556567,0.0603774113887424,0.08465507736674473,0.06456600179388255,3.0
33.615989,118,602.527853,0.0,1.0,33.615988651457094,33.615988651457094,1.0,1.0,0.0,0.0,0.12140166273825527,118,18.338877797363782,0.26033997970783657,0.9469125866252694,0.5662211386834161,0.023156414597721425,0.030125343193442136,0.015650373533205465,0.3733305917964716,3.0
56.587844,217,605.871208,0.0,1.0,56.58784406678875,56.58784406678875,0.0,0.0,0.0,1.0,0.2359114169624981,217,20.932464452281636,0.4924409067385474,1.0817262097640596,0.6017531230702379,0.04263518510326263,0.04589494389872397,0.0,9.828952943791704,3.0
219.110095,493,612.911746,0.0,1.0,219.11009547278934,219.11009547278934,1.0,1.0,0.0,0.0,0.7384689184621733,493,28.40474514589844,0.40398967608494174,1.261050547255435,0.573804041238513,0.05131919026133013,0.0501319015243716,0.018719727961900832,1.7872548514980906,3.0
45.987864,187,615.167615,0.0,1.0,45.987864109235765,45.987864109235765,1.0,1.0,0.0,0.0,0.2556813605770466,187,21.54922348618754,0.4791559294019485,1.571255298513129,0.6374466233154669,0.04387842142645688,0.05351270201371953,0.0,20.425458845172958,3.0
93.139428,280,619.499695,0.0,1.0,93.13942818943453,93.13942818943453,0.0,0.0,0.0,1.0,0.24202007854933014,280,25.222775298302427,0.3989649705765324,2.0,0.5796780264803342,0.058578331555639,0.06139364498002189,0.0,11.87824972547513,3.0
202.348229,441,624.892987,0.0,1.0,202.34822947317457,202.34822947317457,1.0,1.0,0.0,0.0,0.5888676952378354,441,29.594356073938236,0.44718250113321445,1.7052838709747313,0.5701090438109812,0.06447219605348548,0.06815262297654098,0.04170643224496412,0.6254455019427668,3.0
119.139126,280,627.755238,0.0,1.0,119.1391262995042,119.1391262995042,0.0,0.0,0.0,1.0,0.6682916733743653,280,30.948448092429146,0.4436603531362817,2.0,0.6154006840395075,0.03048819154500961,0.034059620116438184,0.0,nan,3.0
194.417245,391,631.697067,0.0,1.0,194.41724523032337,194.41724523032337,0.0,0.0,0.0,1.0,0.5471135683602626,391,30.016787071582794,0.375619789583852,1.959699128694867,0.5611149068073849,0.05714915384112112,0.060596767288949485,0.012428233247872534,2.1343506943488784,3.0
120.033628,289,635.020752,0.0,1.0,120.03362798304178,120.03362798304178,0.0,0.0,0.0,1.0,0.3756462337700905,289,27.39923082765415,0.4244473990969023,2.0,0.5556601239013836,0.05201022146482369,0.054371727379135606,0.0834864916458083,0.035193703622483946,3.0
156.035573,417,640.698404,0.0,1.0,156.03557296589204,156.03557296589204,0.0,0.0,0.0,1.0,0.5196195346523242,417,29.289318923031786,0.49009170383820083,1.3498593567285142,0.5678341713168924,0.03970926356830185,0.040173562882329636,0.010365475091436442,1.4351268091883431,3.0
144.214013,323,644.597163,0.0,1.0,144.2140132738604,144.2140132738604,1.0,1.0,0.0,0.0,0.573397476557978,323,28.47544071440744,0.3867700718522305,0.9995838757702911,0.6041410360312314,0.029064777096727685,0.032160752328925825,0.06200749617705201,0.888213999622999,3.0
151.113098,354,649.512378,0.0,1.0,151.11309827401354,151.11309827401354,1.0,1.0,0.0,0.0,0.4396087922066329,354,24.38236661044592,0.39384829188760984,0.9984046666023566,0.595593703121452,0.07036952379733155,0.06973443058250987,0.06741718882025002,0.09493579232984597,3.0
38.363634,123,651.309881,0.0,1.0,38.36363446670881,38.36363446670881,1.0,1.0,0.0,0.0,0.1257013390467243,123,19.606203298647074,0.2548070740610407,1.1352578357218788,0.6315716277293073,0.04848956286422605,0.048093921769925246,0.028542332302642675,1.6287150937922057,3.0
39.271279,135,653.417947,0.0,1.0,39.27127943193674,39.27127943193674,0.0,0.0,0.0,1.0,0.22828855546633547,135,25.538904799540667,0.5317333574851744,2.0,0.5486163331126725,0.047669410705566406,0.05678707935191967,0.0,nan,3.0
50.66916,149,655.063155,0.0,1.0,50.66916028870067,50.66916028870067,0.0,0.0,0.0,1.0,0.13593569170511197,149,20.362832620793238,0.27442002013656597,1.263155838050744,0.5294955010782152,0.08749945451749251,0.08823966579949295,0.0,nan,3.0
141.712503,317,659.49587,0.0,1.0,141.71250257802433,141.71250257802433,0.0,0.0,0.0,1.0,0.3274455165357178,317,30.598870704643176,0.44148412025832157,2.0,0.6120249005710289,0.043483104991611995,0.048585417894910936,0.005588289748427465,3.0884954434055922,3.0
197.750149,429,663.311763,0.0,1.0,197.75014934211876,197.75014934211876,1.0,1.0,0.0,0.0,0.6805920119342995,429,30.495412997668964,0.4147047541654268,1.0505960472439435,0.5894662041069466,0.05597045621671877,0.0568240858736016,0.053490400292000195,0.6013764827193594,3.0
40.17827,152,664.844383,0.0,1.0,40.17827043144341,40.17827043144341,0.0,0.0,0.0,1.0,0.15456942754642547,152,24.98733766877632,0.4967257566589206,1.6024767089573146,0.576335190844379,0.02613503054568642,0.032713977914107475,0.0,nan,3.0
54.51001,227,667.762437,0.0,1.0,54.51000960940307,54.51000960940307,1.0,1.0,0.0,0.0,0.18695240449571165,227,21.515868833478482,0.6503745997013132,2.0,0.5953028170876041,0.05526113982767786,0.05723838606594943,0.05878076474899963,0.7069959274420142,3.0
209.918441,448,672.793405,0.0,1.0,209.91844099839471,209.91844099839471,0.0,0.0,0.0,1.0,0.5514473066416457,448,32.07202415404515,0.5096854719294381,2.0,0.5965362480575485,0.07117478815572602,0.07113531311707837,0.04523870665099383,0.07607562481888923,3.0
250.042784,476,677.931641,0.0,1.0,250.04278404706997,250.04278404706997,1.0,1.0,0.0,0.0,0.6960151790219241,476,31.062982623158298,0.3984598963435119,2.0,0.5726208653019256,0.07020937069123533,0.06940123864582606,0.018201784554954758,2.9169432307855114,3.0
237.545663,482,685.175344,0.0,1.0,237.54566279257435,237.54566279257435,1.0,1.0,0.0,0.0,0.7472486898059576,482,32.50553155159455,0.43562516204449936,0.9983677030047036,0.5700131848268983,0.054228109937485815,0.05511137855498128,0.004515916135409567,4.553243636006607,3.0
80.104863,194,688.378914,0.0,1.0,80.10486341249891,80.10486341249891,0.0,0.0,0.0,1.0,0.2548085774831038,194,23.32961232983511,0.2873792385500006,1.070596853568426,0.5926845992348858,0.05415695475548813,0.05641932340012383,0.0035501596329094096,4.547087042930701,3.0
143.511534,355,692.524517,0.0,1.0,143.51153370105806,143.51153370105806,1.0,1.0,0.0,0.0,0.5157287203933085,355,32.51357419809936,0.46224757181315923,1.0790818089242753,0.5523855534237875,0.0777727743269692,0.07614529451853792,0.07245947865255323,0.9799540600471788,3.0
208.904058,335,697.138977,0.0,1.0,208.90405750741465,208.90405750741465,1.0,1.0,0.0,0.0,0.44876081100374227,335,34.47603997286715,0.32822035236077485,0.985725710686752,0.6241798436018958,0.0756759230770282,0.0764544686274742,0.09118867749813461,0.9001157550573691,3.0
61.136748,203,700.034512,0.0,1.0,61.13674835120783,61.13674835120783,0.0,0.0,0.0,1.0,0.24797703337463906,203,23.81365016355975,0.463916404468279,2.0,0.50448545945689,0.06352598209099229,0.06651511333258868,0.0,nan,3.0
167.700629,355,704.054521,0.0,1.0,167.7006286821235,167.7006286821235,1.0,1.0,0.0,0.0,0.6006937957585571,355,38.345866433388196,0.5383584807387359,2.0,0.5462670469997635,0.08455507486638889,0.0838287716180506,0.11741359421790333,0.03977114849178478,3.0
124.969765,324,708.146507,0.0,1.0,124.96976492526179,124.96976492526179,0.0,0.0,0.0,1.0,0.43572737163850467,324,27.972183724746326,0.5109989277244481,2.0,0.5590664086932385,0.05972527501023846,0.05881528280399464,0.0,17.770917140876,3.0
172.738695,339,711.797958,0.0,1.0,172.7386953553242,172.7386953553242,0.0,0.0,0.0,1.0,0.5050861728436926,339,34.95880422769806,0.4588724534150145,2.0,0.5684426851614562,0.03314176632591405,0.03511605150228405,0.013141331221874877,2.6496955299418623,3.0
75.222451,187,714.60247,0.0,1.0,75.22245136196274,75.22245136196274,1.0,1.0,0.0,0.0,0.29877224702904415,187,24.915777867067455,0.3284883208697602,0.9815512283084236,0.593822443588851,0.027870350343020843,0.03189656058734751,0.005165055300643636,0.20480795267784063,3.0
192.919522,351,719.208591,0.0,1.0,192.91952164190872,192.91952164190872,0.0,0.0,0.0,1.0,0.5165936610154456,351,39.65627882816779,0.5527071132905311,2.0,0.5593044421611688,0.05312091434783066,0.05283235246978934,0.029353120929785072,1.3812494460194205,3.0
157.130623,291,721.979235,0.0,1.0,157.13062292428077,157.13062292428077,1.0,1.0,0.0,0.0,0.4180044142119129,291,29.494080723540986,0.3148305910906752,0.9890011575088601,0.6419121467882825,0.07671405318676401,0.07621591648285332,0.09251490897731197,1.3126595700139079,3.0
106.951194,261,725.344614,0.0,1.0,106.9511943296024,106.9511943296024,0.0,0.0,0.0,1.0,0.4340566643674201,261,28.766100716056588,0.4263714031274228,1.0384618594630304,0.6094340178330511,0.0726248788650922,0.07640896012499872,0.02267586299221285,2.173634244860212,3.0
114.439142,208,727.54662,0.0,1.0,114.43914186896691,114.43914186896691,1.0,1.0,0.0,0.0,0.3559244758901991,208,32.458899075738685,0.33835246530797725,0.9924920616564081,0.5963578790856096,0.0939876543214688,0.09763566146676357,0.05655587300410773,0.45037000349066403,3.0
270.234792,461,732.20729,0.0,1.0,270.2347923925705,270.2347923925705,1.0,1.0,0.0,0.0,0.9065340402617542,461,35.35857423586891,0.3751187704270316,0.9981145539511533,0.5434427485678046,0.05610280000723882,0.05389271253101738,0.0877893492076235,0.22724930723554013,3.0
288.550382,492,737.486952,1.0,0.0,288.5503822860569,288.5503822860569,0.0,0.0,0.0,0.0,0.9900241969089162,492,35.08345862511193,0.48838013243669104,2.0,0.5416622883678088,0.08461398540473566,0.08395318602158772,0.05445164142805463,0.5692657580184566,3.0
45.909952,170,739.213988,0.0,1.0,45.90995212925612,45.90995212925612,0.0,0.0,0.0,1.0,0.23803095205610653,170,25.301264278239035,0.5630603592385167,2.0,0.4813157066702843,0.09943727605483112,0.10477978061227237,0.0,12.67785646587829,3.0
222.700454,401,744.042672,0.0,1.0,222.70045403512455,222.70045403512455,0.0,0.0,0.0,1.0,0.8170284618669946,401,32.553474956331925,0.3775786507565017,1.1570799758086288,0.5656560085286524,0.06988013087959956,0.07379803693205342,0.01064996028734666,2.7485453656419763,3.0
28.3655,110,746.297454,0.0,1.0,28.365500130283777,28.365500130283777,1.0,1.0,0.0,0.0,0.15467272413200997,110,19.451170780037586,0.3379345779967874,1.0596203167521316,0.5493079929189248,0.10773842226375233,0.09612856236371127,0.04697341857737641,1.2841094175097163,3.0
98.756453,206,748.471742,0.0,1.0,98.75645332803973,98.75645332803973,0.0,0.0,0.0,1.0,0.27039111187823783,206,29.800745798674868,0.37218437390092496,2.0,0.5429949181027782,0.06752493861809518,0.0675054525287406,0.005960673837129416,3.822839058419782,3.0
58.485636,184,751.017435,0.0,1.0,58.48563641900692,58.48563641900692,1.0,1.0,0.0,0.0,0.33701909961366144,184,25.053147819369048,0.4752353112479491,0.9801141332484687,0.5872573091689012,0.08240809453570325,0.08879377660544022,0.05677136035592211,0.24815088129128596,3.0
55.408241,191,753.737227,0.0,1.0,55.40824076253108,55.40824076253108,0.0,0.0,0.0,1.0,0.19053890277668864,191,24.47262250554592,0.4861590680348347,2.0,0.5592056832700499,0.0650099622017426,0.07007564300017831,0.01934696686833611,3.051415322600828,3.0
71.130451,208,756.242761,0.0,1.0,71.13045109686172,71.13045109686172,0.0,0.0,0.0,1.0,0.27280226401366325,208,29.945632454732706,0.5320288913020548,2.0,0.5271282521649622,0.09115110624295014,0.08831685666854565,0.0020332139438622265,4.811345464859087,3.0
207.421222,412,761.164219,0.0,1.0,207.4212219283819,207.4212219283819,1.0,1.0,0.0,0.0,0.6761341405344563,412,28.784422134483034,0.34319491907467303,1.0528796338287163,0.5238340238687916,0.11221206954960684,0.1013775551782071,0.05851705735031197,2.5378021293814883,3.0
213.527085,399,765.662792,0.0,1.0,213.52708477869544,213.52708477869544,0.0,0.0,0.0,1.0,0.6156654625731509,399,31.962453627644276,0.36883271802937767,2.0,0.5139147494371075,0.0749983947378651,0.06849299994925209,0.015501689564470986,2.6480222230825,3.0
163.737558,367,770.805863,0.0,1.0,163.7375580839264,163.7375580839264,0.0,0.0,0.0,1.0,0.6582571503256358,367,31.725548381241175,0.4632875999854064,2.0,0.49796120356514606,0.07990635350874399,0.08219962646266095,0.06534612589177019,2.494159071097492,3.0
72.002726,174,773.044151,0.0,1.0,72.00272578381497,72.00272578381497,0.0,0.0,0.0,1.0,0.22693048152433876,174,28.57383743473181,0.39452469196703016,1.9671038692105083,0.495621449902825,0.10566343795294049,0.10576110941240158,0.0,nan,3.0
139.470846,307,777.034276,0.0,1.0,139.4708463246676,139.4708463246676,1.0,1.0,0.0,0.0,0.4468152161019752,307,32.324002990014485,0.46432557293855076,0.9931974712765017,0.5708959171918588,0.08791882867533532,0.08498033114287286,0.056149445519902905,1.026334221203717,3.0
189.1499,469,782.830342,0.0,1.0,189.1498996264402,189.1498996264402,0.0,0.0,0.0,1.0,0.7003500353206166,469,27.21150867453468,0.43194628943153995,1.5403672715588246,0.5587766131104183,0.09583785284810992,0.09609924806460643,0.0,6.803046670193703,3.0
171.804658,375,786.429246,0.0,1.0,171.80465798956732,171.80465798956732,0.0,0.0,0.0,1.0,0.5193185400472197,375,32.78951457815179,0.48211673857967235,2.0,0.48818655784924825,0.08848606554667154,0.08353741073608398,0.003144372100151836,4.587441313032277,3.0
65.965866,259,789.855656,0.0,1.0,65.96586604877473,65.96586604877473,0.0,0.0,0.0,1.0,0.29340211252072895,259,24.46829448849606,0.5061137256597317,2.0,0.46780904419864006,0.1123339793857,0.11208024632516515,0.02058208343019052,1.9502608437444877,3.0
194.717046,363,794.445276,0.0,1.0,194.7170459297547,194.7170459297547,0.0,0.0,0.0,1.0,0.70164398886957,363,34.21846872392202,0.39487803094096086,1.6887669464316821,0.4931271678611595,0.09796873629914171,0.09816776556745377,0.015103392443061218,1.6668951741539648,3.0
274.966331,529,800.686439,0.0,1.0,274.96633055049233,274.96633055049233,1.0,1.0,0.0,0.0,0.8663297600797124,529,31.686718184258474,0.3959079226295613,1.0729916753062319,0.5375155535419182,0.08898558102843893,0.0776052634972931,0.030495918332086668,1.8667620098414153,3.0
101.75267,270,803.909373,0.0,1.0,101.75267040886375,101.75267040886375,0.0,0.0,0.0,1.0,0.3074603560259261,270,29.09317897139822,0.4541784222284896,2.0,0.5440037380214091,0.1384692112604777,0.12755817042456732,0.04160513456707586,1.2639322231548074,3.0
91.302672,293,807.791118,0.0,1.0,91.30267165908415,91.30267165908415,1.0,1.0,0.0,0.0,0.3698786431591089,293,31.37317408814104,0.6872426674164835,2.0,0.5439636904377579,0.0936244217608976,0.08581081470124957,0.10236930462259988,0.017593398033143946,3.0
75.583442,176,809.555691,0.0,1.0,75.58344164857762,75.58344164857762,1.0,1.0,0.0,0.0,0.2497192671430321,176,25.151796641150874,0.30589865881916034,0.9792114798024089,0.4765056765595959,0.07443359020081433,0.07162913680076599,0.03380728673903594,1.2381213737680206,3.0
252.604795,535,815.055051,0.0,1.0,252.60479547145218,252.60479547145218,0.0,0.0,0.0,1.0,0.7543729916360276,535,30.362367651104446,0.4032783951165351,1.6604152927238751,0.5281482799518331,0.09607612529647684,0.08541233806966621,0.04383362858614679,1.6309912164050175,3.0
188.213972,377,819.819164,0.0,1.0,188.21397208160897,188.21397208160897,0.0,0.0,0.0,1.0,0.7037489565066918,377,33.822794581858545,0.4611828276623991,2.0,0.4965017533982148,0.11293399444625611,0.11332715443021739,0.004563686142634989,3.103658881148773,3.0
181.53007,368,823.883685,0.0,1.0,181.53007013519388,181.53007013519388,0.0,0.0,0.0,1.0,0.49060749516131485,368,29.51532329407545,0.33006339422551284,1.0602422871102197,0.6177109888471339,0.07780948232697404,0.07996383714287178,0.0010116914148219852,5.324139380687041,3.0
52.391778,184,825.963816,0.0,1.0,52.39177835091115,52.39177835091115,1.0,1.0,0.0,0.0,0.17251438272253172,184,21.747982797125577,0.4386933615339914,0.9936282930455772,0.48509559788457723,0.10333690889503645,0.10707854447157486,0.04843007346244892,0.8264155889665099,3.0
198.823526,566,833.758738,0.0,1.0,198.82352601366867,198.82352601366867,1.0,1.0,0.0,0.0,0.7711273177951633,566,30.237367783608594,0.5800317315600748,2.0,0.5766068229076614,0.1094545216526665,0.09634659273464351,0.06422968232787783,0.013386623199354674,3.0
148.861252,409,839.233642,0.0,1.0,148.86125164521042,148.86125164521042,1.0,1.0,0.0,0.0,0.5492344470516175,409,29.144916533555374,0.4907516024214498,1.6043842326015003,0.583038558951217,0.1001483088309141,0.09855052777782337,0.04270346225605403,0.7992207604659929,3.0
70.581847,178,840.771105,0.0,1.0,70.58184726730823,70.58184726730823,0.0,0.0,0.0,1.0,0.24754059703959636,178,28.410961866859232,0.3883853314920359,1.1354523310847286,0.5049688740518321,0.14244293128506522,0.12845323025510552,0.0,6.574575542441274,3.0
23.607966,99,842.920729,0.0,1.0,23.607965832003345,23.607965832003345,1.0,1.0,0.0,0.0,0.12627356058248296,99,19.447655885407563,0.2538192477627393,0.7654867988436134,0.5132229901624449,0.07744242446591156,0.08728635431540133,0.015468380349045865,1.1467289366509457,3.0
68.036724,238,846.337723,0.0,1.0,68.03672372815149,68.03672372815149,0.0,0.0,0.0,1.0,0.28064501517646534,238,25.426131259142597,0.5113745840988184,1.0712019002802218,0.5871591710743784,0.09491976319240923,0.09294364181887202,0.0,6.812939938499046,3.0
105.359827,213,848.91169,0.0,1.0,105.35982688279269,105.35982688279269,0.0,0.0,0.0,1.0,0.41746798432608856,213,29.875539215904,0.33951310405020235,1.6311654835140497,0.5136662985027676,0.06642766625668521,0.06909561660927786,0.0,nan,3.0
139.764752,258,851.68067,0.0,1.0,139.76475209693152,139.76475209693152,1.0,1.0,0.0,0.0,0.4403077042268912,258,32.34744908306032,0.32444750318734683,0.9685859040036298,0.5236433497810549,0.08881603377734044,0.09177342080330664,0.06283257771035856,0.7292684037936737,3.0
394.960979,578,858.953744,1.0,0.0,394.9609788375226,394.9609788375226,0.0,0.0,0.0,0.0,0.9918180513286485,578,38.4992472597552,0.40115412283058893,1.2531640839459448,0.5347012285413832,0.12734349283380078,0.11963646944006422,0.06293035884192262,0.018002262371673808,3.0
264.211941,418,863.45395,1.0,0.0,264.2119411512218,264.2119411512218,0.0,0.0,0.0,0.0,0.9877479660473858,418,33.47877132226393,0.40335210322614706,0.9935292105507405,0.4806840639365347,0.09662601080807773,0.09564331416308024,0.0,nan,3.0
140.522356,306,866.578072,0.0,1.0,140.5223562529237,140.5223562529237,0.0,0.0,0.0,1.0,0.49105873028071667,306,29.927222843414924,0.40134413353836224,1.0804734410001624,0.49450306682025685,0.0740476375311808,0.07468912453433267,0.0,nan,3.0
66.447946,181,868.555658,0.0,1.0,66.4479459633579,66.4479459633579,0.0,0.0,0.0,1.0,0.21371859123687686,181,27.571241760212285,0.42537748444532114,1.0850974269424762,0.47388265166658067,0.05945043537498179,0.05805448339788953,0.003048326868292705,4.225178875920673,3.0
27.019694,112,870.354395,0.0,1.0,27.019693800098658,27.019693800098658,1.0,1.0,0.0,0.0,0.1221391974744796,112,19.452142988362414,0.36663088401875216,0.9898459578963602,0.5144230597652495,0.07727746133293424,0.08409664407372475,0.0483616259270527,0.31968705524708113,3.0
137.712269,291,874.363898,0.0,1.0,137.71226873818375,137.71226873818375,0.0,0.0,0.0,1.0,0.49381534173783276,291,32.40937374682128,0.43350242394940824,1.0496174911966671,0.5338255203364232,0.10137865879281689,0.09474894230308402,0.035449371779554664,1.709086460038038,3.0
108.513956,231,876.56312,0.0,1.0,108.51395551555744,108.51395551555744,0.0,0.0,0.0,1.0,0.37064399731651926,231,29.64450520858109,0.3534862506606072,1.523105934298834,0.5065053588190636,0.06447166230255391,0.061290102603631616,0.0022509028018297796,4.384983431041865,3.0
102.609362,260,880.30616,0.0,1.0,102.60936160285326,102.60936160285326,0.0,0.0,0.0,1.0,0.3643261144226985,260,32.46862066811237,0.5255238998672378,2.0,0.47278117422874155,0.06650518637437086,0.068209020449565,0.009411966673232568,1.7801101976339426,3.0
155.428627,249,883.464026,0.0,1.0,155.42862711521462,155.42862711521462,0.0,0.0,0.0,1.0,0.5065304410035152,249,34.99941818657012,0.3034953442761373,1.1309382563465264,0.49408045838994674,0.06001507086926196,0.06320539487892365,0.055407210840653934,1.9629992081799328,3.0
99.102244,207,885.990952,0.0,1.0,99.10224437124975,99.10224437124975,1.0,1.0,0.0,0.0,0.27051941684837766,207,28.999491150175295,0.34900585821542535,0.8792763248864258,0.5055830565051757,0.15873587592212474,0.1307401734849681,0.0881658300925502,0.5416680920325917,3.0
102.752738,195,888.900333,0.0,1.0,102.75273816247439,102.75273816247439,0.0,0.0,0.0,1.0,0.26945566226719814,195,31.346732009166583,0.34712772718187623,2.0,0.5287221295329241,0.07604925510210869,0.08188054745013897,0.0,nan,3.0
211.129243,344,893.664923,0.0,1.0,211.12924252707606,211.12924252707606,1.0,1.0,0.0,0.0,0.6411888444463076,344,34.465304523394735,0.3644799074388098,0.9761614674498152,0.5668508334648471,0.08672421546869499,0.08777305882337481,0.14664561986846686,0.028606206096551536,3.0
101.141558,231,896.554233,0.0,1.0,101.14155814090306,101.14155814090306,0.0,0.0,0.0,1.0,0.3888751720873056,231,32.6817220964114,0.40205370978002375,1.285888284226314,0.4597722842192753,0.03629070133357853,0.04172153854782963,0.027670836319796093,1.5889398789360922,3.0
109.545674,303,900.332817,0.0,1.0,109.54567376219414,109.54567376219414,0.0,0.0,0.0,1.0,0.3963305796577614,303,32.0764011531755,0.5644926598607397,2.0,0.5066711592300497,0.065582540169014,0.06834126777774824,0.0022816329697525743,3.8557098532887277,3.0
87.876294,179,903.333883,0.0,1.0,87.87629413881037,87.87629413881037,0.0,0.0,0.0,1.0,0.23136536249534742,179,33.89388168197264,0.4259245901382103,2.0,0.41801603633764733,0.07003407638166204,0.07476399331119474,0.0,nan,3.0
95.909576,228,905.748777,0.0,1.0,95.90957634680441,95.90957634680441,1.0,1.0,0.0,0.0,0.3544427049502672,228,32.4841488631642,0.48641745138825904,1.0030853422819832,0.526254308115887,0.0675696657415022,0.06698087537497804,0.08078673294094417,1.0431779697707624,3.0
28.958951,95,907.620027,0.0,1.0,28.958950562617957,28.958950562617957,0.0,0.0,0.0,1.0,0.10146114417203146,95,22.626527292538768,0.3207160506218629,2.0,0.5681802182605392,0.047340487179003264,0.04850016769609953,0.052843432466756046,0.7334104555577955,3.0
185.866678,354,910.833784,0.0,1.0,185.86667839848488,185.86667839848488,1.0,1.0,0.0,0.0,0.7099223577575624,354,35.386616887110534,0.4142024850554861,1.7148401000885376,0.5122346608231296,0.06161356342714385,0.0628683375099958,0.08436830642729519,0.10401564513773796,3.0
181.20486,303,913.836403,0.0,1.0,181.20485990512708,181.20485990512708,1.0,1.0,0.0,0.0,0.45816992696346515,303,40.26277588371528,0.5186507520144478,2.0,0.4675792469935055,0.045662373992869563,0.04896270402587286,0.05759973550589238,0.2802933174654435,3.0
108.129885,227,916.755668,0.0,1.0,108.12988491094569,108.12988491094569,0.0,0.0,0.0,1.0,0.4624295398025749,227,32.469442162370065,0.36946113564617966,1.1744541560386201,0.45852856818045024,0.0458329448615927,0.04688665467737005,0.10200282035974868,1.7135581480220805,3.0
159.974938,348,921.680734,0.0,1.0,159.97493792107915,159.97493792107915,1.0,1.0,0.0,0.0,0.5531567267679235,348,33.940883663616376,0.46494574193654037,1.590173911514497,0.4760085404475873,0.0655587440592119,0.06689223681373158,0.0494572700544796,0.7414175761232582,3.0
260.909521,399,927.077528,0.0,1.0,260.90952115284375,260.90952115284375,1.0,1.0,0.0,0.0,0.8003441267676382,399,38.81778868168426,0.3754678671092166,1.626684074722122,0.5152531459105941,0.04145629184885431,0.04056469240881745,0.07710949140826646,0.1194114519523973,3.0
267.697748,440,932.96189,1.0,0.0,267.69774786301576,267.69774786301576,0.0,0.0,0.0,0.0,0.9904389134576416,440,39.007005446527465,0.46264801313849024,1.3151959522433743,0.4864097898656672,0.05479877320202914,0.051271121610294686,0.06336010113867417,1.2907943945750115,3.0
173.630089,392,937.833082,0.0,1.0,173.63008911887886,173.63008911887886,0.0,0.0,0.0,1.0,0.6749818276384927,392,33.19122197809819,0.4970642539763292,1.8451412509775176,0.44592131038519495,0.04805089746202741,0.04995641112327576,0.007919615480709536,2.6823000257884164,3.0
120.557204,252,941.540268,0.0,1.0,120.55720427015319,120.55720427015319,0.0,0.0,0.0,1.0,0.3663597965067891,252,33.31707760703206,0.41372779472362053,2.0,0.5007622771792941,0.05476920046503582,0.05643882779848008,0.00598222359282409,3.499580768944392,3.0
28.050457,97,943.776574,0.0,1.0,28.05045698137897,28.05045698137897,1.0,1.0,0.0,0.0,0.15762711172313976,97,22.126252728225516,0.3414129782762042,0.6483433713671977,0.5374488346662718,0.05674880435786296,0.06961484913973465,0.010017809353137794,0.16963495647380414,3.0
14.142205,95,945.140505,0.0,1.0,14.14220547914623,14.14220547914623,1.0,1.0,0.0,0.0,0.0999603471858911,95,21.001005111548974,0.5200741023581638,0.9807444033976175,0.5282376388185903,0.04152799405549702,0.052054309844970705,0.05893631766004935,1.105962218194021,3.0
83.28366,199,948.084784,0.0,1.0,83.2836601374079,83.2836601374079,1.0,1.0,0.0,0.0,0.33983746743091314,199,32.61697328297098,0.3968456987310144,0.9932607084624475,0.480476980139712,0.04139746972663918,0.04642259535477988,0.09678308638444694,0.7186944457632943,3.0
82.569529,322,952.446602,0.0,1.0,82.56952869794438,82.56952869794438,0.0,0.0,0.0,1.0,0.548840763895011,322,28.702565906781363,0.6522480640704243,2.0,0.4761657286551058,0.07426673729227197,0.07556199435121524,0.0061089225437098525,1.8994725213030308,3.0
75.342629,173,954.76968,0.0,1.0,75.34262948567032,75.34262948567032,1.0,1.0,0.0,0.0,0.27458719284282146,173,32.26244489415722,0.3624257051555343,1.0168368639799406,0.5306323656026338,0.05761690153551929,0.06339724835632854,0.12090277876623834,0.9488102462564921,3.0
178.880445,309,958.290194,0.0,1.0,178.88044489589234,178.88044489589234,0.0,0.0,0.0,1.0,0.49848043657814983,309,36.275442093876414,0.42911368455266835,1.1904463144565303,0.5230841638586667,0.06552351871354681,0.06749601310125061,0.009679400697601533,2.5669565526805673,3.0
90.77902,169,960.876641,0.0,1.0,90.77901978407915,90.77901978407915,1.0,1.0,0.0,0.0,0.3018359268556964,169,30.24484518411488,0.30108973959825147,0.9898016327245938,0.5863683478543039,0.07696404189047729,0.07838374411566018,0.10303083138636099,0.8321624536165037,3.0
93.019249,269,965.309821,0.0,1.0,93.01924857713429,93.01924857713429,0.0,0.0,0.0,1.0,0.5502724339190523,269,32.72832251754731,0.601275966502307,2.0,0.4645922519405092,0.02541377198740452,0.02882010697432167,0.0,6.238042445722501,3.0
149.714473,245,968.310039,0.0,1.0,149.7144725914037,149.7144725914037,1.0,1.0,0.0,0.0,0.47490153359397275,245,42.828431207766585,0.49410852897665436,1.8986011657928852,0.4532979724358539,0.0622931889125279,0.07072122121343807,0.09327491632214588,0.001326009965426687,3.0
75.580014,163,970.361273,0.0,1.0,75.5800135138538,75.5800135138538,1.0,1.0,0.0,0.0,0.261028878092825,163,31.307487790642597,0.4152275936347108,0.9831554213012166,0.4876187777523797,0.06562667682858332,0.0716859599563973,0.1373463950957579,0.00857464405345106,3.0
92.739268,155,972.027192,0.0,1.0,92.73926849031083,92.73926849031083,0.0,0.0,0.0,1.0,0.17966058981215668,155,32.51991445479896,0.24472552326352945,1.985353354771658,0.5562597836457914,0.019094731730799522,0.025546344634025327,0.0,nan,3.0
101.999441,207,975.125435,0.0,1.0,101.99944096404249,101.99944096404249,0.0,0.0,0.0,1.0,0.4257081071776843,207,32.732646144771735,0.37410205468786983,1.108128216669842,0.5416891669521585,0.03734741809863399,0.039988399127831205,0.008245406549905592,3.7872282008518217,3.0
89.358344,280,978.513232,0.0,1.0,89.35834434372626,89.35834434372626,1.0,1.0,0.0,0.0,0.3981236827029931,280,29.876999902253218,0.5250053958566278,1.7760428129617551,0.5139992360557829,0.07717946086611066,0.08420973803315844,0.05213422384575178,0.9781609071356888,3.0
50.556499,126,979.943594,0.0,1.0,50.55649918538315,50.55649918538315,0.0,0.0,0.0,1.0,0.14127347759980535,126,27.546608299642852,0.3231385406228305,1.7530767117047859,0.42479118208090466,0.022091754845210483,0.029418792043413435,0.0065720553647842465,3.495471532396274,3.0
173.462212,381,984.717054,0.0,1.0,173.462211937014,173.462211937014,0.0,0.0,0.0,1.0,0.6505330726436496,381,33.085667439035035,0.4999933178403123,1.9490632813010398,0.49696924475820986,0.04154962223032954,0.043792233692379445,0.012628592891674239,3.2478360742186565,3.0
58.487441,182,986.571675,0.0,1.0,58.48744135862141,58.48744135862141,0.0,0.0,0.0,1.0,0.23537950605740166,182,30.349477266126062,0.46486150403932003,1.3615561924499544,0.49447472041452323,0.0608829174722944,0.06411299011209509,0.0,9.815876129260728,3.0
137.759845,320,991.820921,0.0,1.0,137.75984515557536,137.75984515557536,1.0,1.0,0.0,0.0,0.37138905664398386,320,31.790835367608764,0.5157668891872322,1.9862076756396407,0.48197126168524845,0.08083877116441726,0.07747501581907272,0.06143110226876697,1.7473983415892647,3.0
134.642262,226,994.965909,0.0,1.0,134.64226229668577,134.64226229668577,1.0,1.0,0.0,0.0,0.3833381370635901,226,36.22139229483002,0.3650226034882708,0.9914339763157997,0.5099776963151135,0.03641044566061644,0.038800630949239814,0.10040607431526849,0.4821014088158147,3.0
179.35709,314,998.110369,0.0,1.0,179.357090023417,179.357090023417,1.0,1.0,0.0,0.0,0.5508406923548698,314,33.811328871021175,0.3778914113826391,1.5063449694214492,0.5366123693811286,0.06254862676000898,0.060187469811955836,0.036082235861947996,0.6190796200793118,3.0
58.402558,151,1000.247235,0.0,1.0,58.40255804208721,58.40255804208721,1.0,1.0,0.0,0.0,0.17407280397361002,151,31.678120259814246,0.4701620706147211,1.1919649034953494,0.543327158353976,0.05712805520619778,0.057655208158177255,0.07970813315687458,0.9761953860807489,3.0
124.25392,208,1003.293904,0.0,1.0,124.25392024152808,124.25392024152808,1.0,1.0,0.0,0.0,0.27185125659267817,208,33.620045676364214,0.3054928668149777,0.9985996679514957,0.5084131546676732,0.09860532386944844,0.09647319351251309,0.053348395416143696,0.36545557089806047,3.0
78.127381,237,1006.60738,0.0,1.0,78.12738147018543,78.12738147018543,0.0,0.0,0.0,1.0,0.2847784710160593,237,28.268780741588184,0.5155947965444238,2.0,0.41760770907381917,0.04200678736851688,0.044429772010835415,0.0,12.068573311437934,3.0
127.037169,252,1010.458099,0.0,1.0,127.03716893325193,127.03716893325193,0.0,0.0,0.0,1.0,0.4683220503212488,252,36.20765602644975,0.45886419662395295,1.1025738337927298,0.5630023496314174,0.099563253304315,0.09817354735873994,0.029785232303180368,1.5161603291590273,3.0
128.618537,263,1013.366759,0.0,1.0,128.61853728889707,128.61853728889707,0.0,0.0,0.0,1.0,0.4371073993105213,263,32.66963351278079,0.3913031986393218,1.4557926649721122,0.4363998493654193,0.02930004424468646,0.03249339096446454,0.0033887345325884794,3.626772553476371,3.0
125.068537,287,1018.023488,0.0,1.0,125.06853722378332,125.06853722378332,0.0,0.0,0.0,1.0,0.39313401096053513,287,33.87876160423921,0.5202635221269238,2.0,0.5765530600598673,0.051032529060018185,0.054262001755345575,0.05550728847520673,1.3782328953266454,3.0
154.883364,206,1020.19362,0.0,1.0,154.88336432777697,154.88336432777697,0.0,0.0,0.0,1.0,0.3431716133087689,206,36.163062324999316,0.21046367977025812,2.0,0.4495909795599076,0.07722479625813013,0.06944012005352279,0.011548583974733224,2.9451762049347776,3.0
200.793207,376,1027.437246,0.0,1.0,200.79320661036834,200.79320661036834,1.0,1.0,0.0,0.0,0.486476711609965,376,34.718417451074394,0.4160549941350445,0.9949023653384845,0.5186267853714526,0.08350474403259601,0.07777253300585646,0.06343191047467883,1.1790368664096176,3.0
122.496814,245,1030.951501,0.0,1.0,122.49681364114534,122.49681364114534,0.0,0.0,0.0,1.0,0.3472595881112481,245,31.01947432880744,0.3795572062100531,2.0,0.43488528576432445,0.04612820343095429,0.05120304798593327,0.0,6.414348449053575,3.0
60.719049,230,1033.697792,0.0,1.0,60.71904888191402,60.71904888191402,0.0,0.0,0.0,1.0,0.2701379021253986,230,28.98945250906215,0.6578906844514815,2.0,0.46609990817049274,0.04773117303848266,0.05050550491913505,0.0024150959248459376,4.285393678728448,3.0
205.32902,428,1039.184273,0.0,1.0,205.32902012822876,205.32902012822876,1.0,1.0,0.0,0.0,0.6714645345664801,428,33.23744350614011,0.4498237869315929,0.9909594165011472,0.47966723965707225,0.11512550502736991,0.10819787706170127,0.0541484868219478,0.9994658750497473,3.0
30.7027,106,1040.177717,0.0,1.0,30.702699747109733,30.702699747109733,0.0,0.0,0.0,1.0,0.11985033794114955,106,21.254072502881343,0.3284752387002086,1.7219696487420268,0.516634684829217,0.05636315019625538,0.06504656739954678,0.0,nan,3.0
114.099872,295,1043.786022,0.0,1.0,114.09987211222855,114.09987211222855,0.0,0.0,0.0,1.0,0.4121670988225577,295,29.322087685254285,0.48153440572163936,2.0,0.4841161985139726,0.09832515029583948,0.10035144919056004,0.0,10.775895522524603,3.0
113.971039,195,1046.463799,0.0,1.0,113.97103863704305,113.97103863704305,1.0,1.0,0.0,0.0,0.2681797006768908,195,30.855144526463533,0.25817526190760653,0.9441014722028304,0.5068029106236421,0.08228120620434101,0.08468209474514692,0.12524755995442816,0.9628506707297984,3.0
123.034444,216,1049.246299,0.0,1.0,123.03444404348639,123.03444404348639,0.0,0.0,0.0,1.0,0.37240533995082803,216,34.27950926655252,0.34826289957849144,2.0,0.48912963095224565,0.04112131783255824,0.045691119851889436,0.0,nan,3.0
221.279639,356,1053.905784,0.0,1.0,221.27963925877384,221.27963925877384,1.0,1.0,0.0,0.0,0.7711121836533814,356,38.73949553379751,0.37005914849760563,0.9921166160339069,0.4880084474100156,0.1218532169802805,0.11789783299638984,0.10038884102210491,0.3440101227852563,3.0
114.080422,219,1056.393569,0.0,1.0,114.08042228382442,114.08042228382442,1.0,1.0,0.0,0.0,0.4799153126048525,219,31.43647101438951,0.3690138261000312,0.9930047165216582,0.5148132406005032,0.06966925102826123,0.07024061189938897,0.08989708876270323,1.0743211383784408,3.0
212.884094,314,1059.973185,0.0,1.0,212.8840943370082,212.8840943370082,1.0,1.0,0.0,0.0,0.6215434915449187,314,36.28833274371375,0.2973749714698257,0.9968495585709549,0.49699164478547253,0.07223214389412266,0.07237634613255786,0.07115879290342246,0.790364067308961,3.0
67.946373,256,1063.026012,0.0,1.0,67.94637345237213,67.94637345237213,0.0,0.0,0.0,1.0,0.4484110988008503,256,25.981916702570548,0.5993814377390467,2.0,0.43264868047845084,0.06677097966894507,0.06822726037353277,0.013163198392096452,1.5192595898594177,3.0
161.852433,265,1065.784958,0.0,1.0,161.8524334911142,161.8524334911142,1.0,1.0,0.0,0.0,0.41294629724185217,265,34.16546553905071,0.30271953491880843,0.9750017646626583,0.5477831486401693,0.07751493768871955,0.07176996222082174,0.07810584048414548,0.7054680173016741,3.0
76.408532,164,1067.820351,0.0,1.0,76.40853176629201,76.40853176629201,1.0,1.0,0.0,0.0,0.3175197029198167,164,30.863961246707138,0.36396291895081007,1.8240925173627016,0.47641784443361,0.08057097836238582,0.08085646789248396,0.05532516169505113,0.32606822456528234,3.0
337.470895,515,1075.265465,1.0,0.0,337.4708951813458,337.4708951813458,0.0,0.0,0.0,0.0,0.9892499889361175,515,35.75792861913296,0.38165023981065993,0.9993946335306254,0.48689004490965776,0.09674981057065205,0.09046562551294715,0.025309697475052136,1.3512047111696437,3.0
155.425998,257,1078.178762,0.0,1.0,155.4259977269042,155.4259977269042,1.0,1.0,0.0,0.0,0.4082719540914721,257,32.849499714393964,0.2968979801205041,0.9465570447870721,0.49537568548078204,0.09553270581167496,0.08360274199845726,0.05297495615469348,1.1895686011731428,3.0
145.400154,248,1081.370524,0.0,1.0,145.40015374988502,145.40015374988502,1.0,1.0,0.0,0.0,0.41442594991890597,248,32.44017315634314,0.34073649957445323,0.9998582879807802,0.46199466615554785,0.10552926794175178,0.10124034795068926,0.11356458285606039,0.6156123803973863,3.0
235.526391,368,1086.911239,0.0,1.0,235.52639135273643,235.52639135273643,1.0,1.0,0.0,0.0,0.7066544870599971,368,36.13830446729785,0.33890834518938023,1.1124878448392665,0.5110035083438877,0.09110753238201141,0.09143727872034778,0.06679283711408979,1.1774545148324216,3.0
134.837328,263,1089.793169,0.0,1.0,134.8373277484151,134.8373277484151,1.0,1.0,0.0,0.0,0.4985343055462965,263,38.184363210133704,0.48730465078303026,1.6211508123022964,0.4719856868395334,0.07100245798495333,0.07174945104258142,0.06500922624479442,0.8862604076829872,3.0
192.644503,318,1094.116884,0.0,1.0,192.64450310749916,192.64450310749916,1.0,1.0,0.0,0.0,0.5087039979581033,318,33.1709234846232,0.3104496266595988,0.9979498517957692,0.4916110407771929,0.1272382138285247,0.1159694069211588,0.0756113355727074,1.4546832342607603,3.0
162.029135,267,1097.935706,0.0,1.0,162.02913459548645,162.02913459548645,1.0,1.0,0.0,0.0,0.5159799095419033,267,34.49487922244199,0.35165751678124096,0.9953978980221699,0.49066150793980123,0.15998735700207256,0.1684450799606266,0.1352762852892093,0.27403194557561256,3.0
141.338397,218,1100.618304,0.0,1.0,141.33839689626527,141.33839689626527,1.0,1.0,0.0,0.0,0.4656805956992183,218,36.545811836228594,0.3033996006473654,0.9879699348029831,0.45803827939367076,0.07479398759133225,0.08605381354279475,0.06498077858793136,1.0049772765996938,3.0
240.728761,297,1103.335841,0.0,1.0,240.72876134253278,240.72876134253278,0.0,0.0,0.0,1.0,0.6728409755829547,297,41.941623183905264,0.2865085827552289,2.0,0.5036325100244898,0.10335667968197704,0.11436709490689365,0.03058689446468554,1.1899847092276903,3.0
22.232022,86,1104.328034,0.0,1.0,22.232022278202443,22.232022278202443,1.0,1.0,0.0,0.0,0.07737605775053108,86,21.615207282416677,0.3660513341476192,0.9525774855585145,0.46101508345888104,0.10618967926779459,0.11259093395499296,0.1886781011815957,0.353773962842601,3.0
178.650696,309,1109.976999,0.0,1.0,178.65069591109358,178.65069591109358,0.0,0.0,0.0,1.0,0.5564924294727428,309,35.35537595777223,0.3733776123305165,1.7259724698621393,0.5202395427477784,0.13773266879486035,0.13158790424803699,0.00024335817850792206,5.771732346966555,3.0
124.702872,241,1112.929326,0.0,1.0,124.70287214734046,124.70287214734046,0.0,0.0,0.0,1.0,0.4200323810000847,241,31.513381018351158,0.353473986710463,1.0278447935034984,0.47489561995344537,0.16439588658542553,0.16544591490163843,0.03891103388322298,1.4861738443690038,3.0
15.49962,86,1114.836057,0.0,1.0,15.499619728325339,15.499619728325339,1.0,1.0,0.0,0.0,0.12783868546028887,86,21.712835998825042,0.47936819286604043,1.5610338012164606,0.5203955253196317,0.0351787154064622,0.04680662238320639,0.14014013406011963,0.34957760666551113,3.0
82.832911,188,1117.435853,0.0,1.0,82.83291080035029,82.83291080035029,0.0,0.0,0.0,1.0,0.3178452727621745,188,30.71480333329689,0.42364796886880435,2.0,0.478738241293963,0.0826894926263931,0.08848219539256806,7.056550927260712e-05,5.920402105540499,3.0
125.292537,182,1120.079072,0.0,1.0,125.29253706745243,125.29253706745243,0.0,0.0,0.0,1.0,0.2678976146579793,182,33.43500073114446,0.21013699007692857,2.0,0.48016677072251235,0.07998927674450718,0.094375206218971,0.0003092859123054201,5.662259783762481,3.0
28.113363,102,1121.501226,0.0,1.0,28.113363022068015,28.113363022068015,1.0,1.0,0.0,0.0,0.14930375257710582,102,23.142981349848114,0.40366019865380065,0.8487599306406207,0.4746390858701631,0.059989246667600145,0.06219806390650132,0.0,nan,3.0
36.734825,83,1122.343605,0.0,1.0,36.73482493399488,36.73482493399488,1.0,1.0,0.0,0.0,0.12218518413851835,83,23.03450672556331,0.11825748058842953,0.347809530342479,0.4346734160579831,0.03000286401036274,0.04205105678144708,0.0333320657994929,0.35632800500534517,3.0
143.246068,240,1126.124977,0.0,1.0,143.2460684649651,143.2460684649651,1.0,1.0,0.0,0.0,0.33553964912290607,240,36.976164564600005,0.3792547394767948,1.0982106504300306,0.4975240795562665,0.1321315374225378,0.11504989626506965,0.055688814932293905,0.5729913607508502,3.0
52.578559,155,1127.99848,0.0,1.0,52.57855871911981,52.57855871911981,1.0,1.0,0.0,0.0,0.24718185625490718,155,26.126405748168906,0.43490680927015407,0.9868297123292745,0.48685031706287013,0.09344705535519508,0.09993095397949218,0.11892259715808838,1.263683088470129,3.0
99.42178,185,1129.755048,0.0,1.0,99.42177985472195,99.42177985472195,0.0,0.0,0.0,1.0,0.30985467876061634,185,33.86770313040343,0.351875402056318,1.8261405658516439,0.41462114445261056,0.08631129780331173,0.08142084527660061,0.008855868842692361,4.102539036520746,3.0
28.603051,130,1132.382633,0.0,1.0,28.603051223349077,28.603051223349077,0.0,0.0,0.0,1.0,0.17263507053549423,130,25.528196420060763,0.5636655659536571,2.0,0.41622512105565806,0.12600017877725456,0.13707689597056463,0.009572567252029868,1.7502033461765838,3.0
96.780749,200,1134.252773,0.0,1.0,96.78074879579269,96.78074879579269,1.0,1.0,0.0,0.0,0.300648598020336,200,33.523761010454635,0.3808863083478526,0.9510787167504838,0.47796168124303223,0.052076080441474916,0.055251723527908324,0.0,nan,3.0
98.398756,225,1137.227109,0.0,1.0,98.39875557060577,98.39875557060577,1.0,1.0,0.0,0.0,0.42208256866994254,225,32.50601689098043,0.5535056753168023,2.0,0.39891946697400676,0.12269783629311455,0.1183767901526557,0.024385667442804147,2.306397929067355,3.0
199.676169,322,1140.498804,0.0,1.0,199.67616926859253,199.67616926859253,1.0,1.0,0.0,0.0,0.6143898852209287,322,41.16261554937169,0.47307556302222326,1.954202922955114,0.4865605186277665,0.06802138926819985,0.07437506854904365,0.10841179299683794,0.033589398814910965,3.0
131.071057,312,1144.329635,0.0,1.0,131.07105701411575,131.07105701411575,0.0,0.0,0.0,1.0,0.3642359594184827,312,28.449619639294905,0.4485061179322867,2.0,0.4410095448151995,0.053020379482171476,0.061443009437658846,0.007688882113891564,3.2089650586421055,3.0
127.194232,291,1147.054713,0.0,1.0,127.19423198997819,127.19423198997819,0.0,0.0,0.0,1.0,0.4062159093202089,291,27.62970610407222,0.3760089758020044,1.811178955061957,0.4285571361632691,0.04939309960788058,0.0542160616707556,0.0,nan,3.0
198.444559,352,1151.941142,0.0,1.0,198.44455949710854,198.44455949710854,0.0,0.0,0.0,1.0,0.8972662278036242,352,36.15807894954603,0.413785736132612,2.0,0.4488128482110121,0.1264570697464726,0.12050793540071357,0.025738054409112643,1.1546306100247812,3.0
135.978271,228,1154.619227,0.0,1.0,135.97827141409292,135.97827141409292,1.0,1.0,0.0,0.0,0.3747057154235247,228,30.788641464400726,0.2743494007262895,0.9666481022780343,0.45386246052619655,0.09157360488908332,0.09417331480143364,0.072876497404304,1.1202518029204969,3.0
37.265318,102,1155.722143,0.0,1.0,37.265317651084686,37.265317651084686,1.0,1.0,0.0,0.0,0.1460799539522688,102,22.629280127852393,0.23874303979284855,0.7200470858634337,0.4224190315341248,0.07387155645033892,0.09743343615064434,0.009320707176627514,0.2957272079039616,3.0
124.547834,240,1160.019827,0.0,1.0,124.54783362875509,124.54783362875509,0.0,0.0,0.0,1.0,0.34413427537644203,240,31.617583322456312,0.3625662975876077,1.694206904672484,0.4830703514938553,0.09808431913455327,0.10101427634557088,0.10570170214494712,0.006001555348250552,3.0
125.732311,271,1164.311132,0.0,1.0,125.73231136952,125.73231136952,0.0,0.0,0.0,1.0,0.4319701121977461,271,32.63307392955885,0.45233606365773743,1.3761460704222892,0.4698016962442011,0.10529007770918392,0.11215366428628619,0.008295456196174153,3.4823234900558457,3.0
104.695679,271,1167.630803,0.0,1.0,104.69567924352566,104.69567924352566,1.0,1.0,0.0,0.0,0.36710826873592267,271,30.66012587212224,0.5404229709339815,1.84532332745122,0.5295294467703443,0.09501679489093513,0.08990792066848587,0.05632890314995812,0.12067604054640811,3.0
193.254196,370,1171.863535,0.0,1.0,193.25419647484455,193.25419647484455,0.0,0.0,0.0,1.0,0.5782320108710226,370,37.97543310449507,0.4825872264373533,2.0,0.49503215593663424,0.10239687078707926,0.10213879830128438,0.01928318737883701,1.411244828905056,3.0
119.246239,280,1176.092828,0.0,1.0,119.24623942455364,119.24623942455364,0.0,0.0,0.0,1.0,0.4103500076379291,280,33.85233397124737,0.5591712014706847,2.0,0.4642456989735365,0.04180396795272827,0.04090930393763951,0.011891764489046643,2.63683240651778,3.0
79.183583,182,1178.647207,0.0,1.0,79.18358329492118,79.18358329492118,0.0,0.0,0.0,1.0,0.3185337566206115,182,31.388799081952854,0.41666429750574624,2.0,0.502219763778887,0.05483172293547746,0.05236139533283946,0.004128204434642979,5.070150215708916,3.0
60.391999,172,1181.346147,0.0,1.0,60.39199888396277,60.39199888396277,0.0,0.0,0.0,1.0,0.2466893188128596,172,30.184224029109792,0.46929867549885956,1.0620956579161913,0.4701632222723822,0.14399475344391757,0.1510332503984141,0.07656202327462969,1.9838814882133666,3.0
92.971832,180,1186.177072,0.0,1.0,92.97183187724411,92.97183187724411,0.0,0.0,0.0,1.0,0.21090844985975288,180,35.01975053996291,0.4440403678073669,1.2007909276515685,0.4982323611362113,0.10920926001336839,0.10845534072981941,0.07596910611225019,1.4350077338646867,3.0
56.24719,126,1188.635748,0.0,1.0,56.24719005520804,56.24719005520804,0.0,0.0,0.0,1.0,0.1638428802123722,126,28.425534356311452,0.31779548096813653,1.0964144074151327,0.4346442658986364,0.04092908946294633,0.04699178820564633,0.008877955377457008,2.5453043139436904,3.0
218.058824,312,1192.399883,0.0,1.0,218.05882380223025,218.05882380223025,0.0,0.0,0.0,1.0,0.7676354974630106,312,43.7107955029774,0.40466423292244463,2.0,0.4711467647829499,0.06370192269484203,0.06173463509632991,0.10579904818449826,0.9148508390662428,3.0
205.161107,295,1196.433317,0.0,1.0,205.1611068189323,205.1611068189323,0.0,0.0,0.0,1.0,0.597192720437726,295,41.374095675971525,0.37706042213465196,1.3349920471107717,0.4626531585419582,0.03981731624926551,0.03812390868946657,0.05543351640679101,0.049824710277697935,3.0
122.851741,284,1200.193394,0.0,1.0,122.85174143173569,122.85174143173569,0.0,0.0,0.0,1.0,0.38143038709286187,284,36.03235356332978,0.5512610961388751,2.0,0.4443404294130668,0.09703101490584898,0.09148740495594454,0.08486118173159325,0.3512382280828048,3.0
103.432278,207,1202.325248,0.0,1.0,103.4322784068971,103.4322784068971,1.0,1.0,0.0,0.0,0.3406346597253711,207,33.012387070419585,0.3930722822844435,0.9219294963177238,0.4987799721243589,0.08796168352670716,0.09200314162434012,0.09964213401891173,0.8639056708091984,3.0
79.301501,193,1205.002866,0.0,1.0,79.30150094869909,79.30150094869909,0.0,0.0,0.0,1.0,0.27282498728403726,193,31.801109088132304,0.4621244389954983,2.0,0.4866638119511036,0.05320626095786613,0.04950279398903328,0.01032959654404786,3.2771372052281524,3.0
102.588553,237,1208.916957,0.0,1.0,102.58855291305716,102.58855291305716,1.0,1.0,0.0,0.0,0.3458512456567734,237,32.80121169012394,0.4692390145747034,2.0,0.4772181595805325,0.13765904445688432,0.12828671102282369,0.16654242542335215,0.004729283271510923,3.0
124.791864,285,1212.797699,0.0,1.0,124.79186435368916,124.79186435368916,1.0,1.0,0.0,0.0,0.42405847484512516,285,31.740182398692667,0.5727980463701938,2.0,0.41719216254719516,0.11706977810776024,0.10635612596545303,0.030695320430764807,0.6358220897701045,3.0
104.058168,263,1217.043459,0.0,1.0,104.05816764913713,104.05816764913713,1.0,1.0,0.0,0.0,0.32073469671147575,263,35.213492072568705,0.523849586584398,1.9718120062645814,0.4884826878347778,0.025766131542481398,0.02956841291130269,0.0,nan,3.0
174.680758,269,1220.367567,0.0,1.0,174.68075805170452,174.68075805170452,1.0,1.0,0.0,0.0,0.46323391669167047,269,38.61822264542222,0.3510632777345956,1.0150431924262786,0.4807702937963173,0.09441153356133783,0.09383037719584753,0.10646699543981702,0.7905299486224188,3.0
173.174289,290,1225.283245,0.0,1.0,173.17428878701955,173.17428878701955,0.0,0.0,0.0,1.0,0.5953843997478856,290,37.91188315992384,0.37739329784965964,1.8143679543407956,0.43035034316367116,0.045123150430876634,0.0416771909286236,0.07930503339811631,0.6215931479903335,3.0
102.341832,284,1230.309488,0.0,1.0,102.34183214963909,102.34183214963909,0.0,0.0,0.0,1.0,0.4073685290564839,284,38.672312459642896,0.6002556336995296,2.0,0.4159921404551452,0.07443655103864805,0.07676863544423815,0.0026369242236180482,4.883925767273451,3.0
303.689735,465,1235.868151,1.0,0.0,303.6897346163842,303.6897346163842,0.0,0.0,0.0,0.0,0.9906518786085158,465,41.20940089273554,0.47672670255518546,1.6527825936834293,0.46612053236333273,0.11855395276059387,0.10458939460016066,0.14233476535364353,0.060841070618831025,3.0
132.202479,308,1241.222052,0.0,1.0,132.20247909515285,132.20247909515285,1.0,1.0,0.0,0.0,0.5412650819548483,308,34.70282346939354,0.49435790485330733,1.460243272330662,0.4519525535840106,0.06884237117581553,0.07372415878555992,0.03915245743103664,1.1818552125022923,3.0
95.690982,176,1244.680406,0.0,1.0,95.69098182532608,95.69098182532608,1.0,1.0,0.0,0.0,0.24401136095934922,176,31.54460480919781,0.3004754382240092,0.9135725906495717,0.439985381629826,0.11417927660725334,0.1151197999715805,0.15095017285934317,0.011873150412850869,3.0
160.012557,323,1248.960245,0.0,1.0,160.01255695692467,160.01255695692467,0.0,0.0,0.0,1.0,0.6344389514990197,323,34.20489710352422,0.46051800584650415,1.839960856811353,0.4762515289818539,0.03263917796013894,0.031132089095219,0.03827361337348296,1.4225130706401163,3.0
232.461264,333,1253.884937,0.0,1.0,232.46126391802358,232.46126391802358,1.0,1.0,0.0,0.0,0.6274117441245463,333,41.39447368510529,0.3637582884076982,1.4248226319651256,0.45086813765066164,0.11199093115580333,0.10496603404437457,0.09600771818422613,0.6404396637388119,3.0
209.036918,276,1257.266262,0.0,1.0,209.03691807595183,209.03691807595183,0.0,0.0,0.0,1.0,0.572967858362787,276,38.89273727180088,0.27580819585254873,1.0228373577112706,0.4365939173469509,0.10012627295825792,0.10010497423185818,0.10329648244437326,0.850391815386369,3.0
92.514076,207,1260.366935,0.0,1.0,92.51407640670865,92.51407640670865,0.0,0.0,0.0,1.0,0.4187733506804807,207,37.350526598234,0.5501251841167947,2.0,0.40278344198269544,0.177858871538282,0.14026010151646565,0.022185048228855704,3.1301906645044166,3.0
168.355927,312,1263.943187,0.0,1.0,168.3559267950295,168.3559267950295,1.0,1.0,0.0,0.0,0.524562628715923,312,34.39083693222886,0.3977013508053622,1.008254105607128,0.37939527082758456,0.06477191203679794,0.06212858760204071,0.054648969629912184,0.9805715676803834,3.0
326.832865,447,1271.441217,1.0,0.0,326.83286515580363,326.83286515580363,0.0,0.0,0.0,0.0,0.9903341153555745,447,40.60429400518413,0.4264558992806842,1.0651474641035197,0.44624943049495386,0.07698186878656647,0.07925544595825058,0.05996692939776272,1.370682987821652,3.0
95.323402,184,1273.726853,0.0,1.0,95.32340209297587,95.32340209297587,0.0,0.0,0.0,1.0,0.4218916559678525,184,37.59062091032624,0.42858985902199526,2.0,0.397941285967017,0.047222274153128914,0.049075637174689254,0.07231810490277184,1.080340928893002,3.0
59.772829,122,1275.538026,0.0,1.0,59.77282880011886,59.77282880011886,0.0,0.0,0.0,1.0,0.23385526475439786,122,29.255528305082795,0.24846197885681692,1.1023975422214414,0.4512933957405755,0.032106622320706726,0.04030334363218214,0.0,nan,3.0
125.874671,195,1278.73251,0.0,1.0,125.87467103406439,125.87467103406439,1.0,1.0,0.0,0.0,0.35342289435080854,195,36.24019122719154,0.33157039793187637,0.9822902208436629,0.4751587726175785,0.11237630859399453,0.10105355244416457,0.1837260156695845,0.16498230892980725,3.0
18.253321,96,1280.401773,0.0,1.0,18.253321425674944,18.253321425674944,0.0,0.0,0.0,1.0,0.11680386102337428,96,25.864627710899097,0.5455012766779229,1.4487483632951381,0.36920162787040073,0.11336945494016011,0.09710367644826572,0.0,10.166519325767721,3.0
115.90847,180,1283.101658,0.0,1.0,115.90846961197596,115.90846961197596,0.0,0.0,0.0,1.0,0.27036761775388185,180,33.87849835696288,0.2772503121745249,1.5642088450645375,0.4529169840117296,0.05777149597803752,0.06190208792686462,0.015700248358854935,2.7595112018514962,3.0
97.800896,215,1285.230165,0.0,1.0,97.80089561597087,97.80089561597087,0.0,0.0,0.0,1.0,0.22411885699011425,215,30.703912131473963,0.4747892796211235,2.0,0.42793843657817954,0.11285703792128451,0.11940179453339687,0.03558923321747977,3.229728648534692,3.0
144.859855,248,1287.366185,0.0,1.0,144.85985468828017,144.85985468828017,0.0,0.0,0.0,1.0,0.49555559585189507,248,34.54968501778437,0.3453841089450664,1.0684000655610335,0.47952551092772233,0.07544676046217641,0.07868763083411802,0.034760043846319394,2.0582394327559257,3.0
248.079516,417,1292.67127,0.0,1.0,248.0795157009179,248.0795157009179,1.0,1.0,0.0,0.0,0.932795385498053,417,39.68758635826541,0.4881284033971416,2.0,0.4029526850230974,0.07821624156096571,0.07888384016869451,0.08060357860451685,0.008017653346658018,3.0
115.943444,229,1295.866529,0.0,1.0,115.94344356907949,115.94344356907949,1.0,1.0,0.0,0.0,0.41837304244713,229,27.35182239367242,0.29744460116301064,0.9923002805476039,0.4801778663519168,0.13823901565834945,0.13531313348545257,0.04128373154629219,2.6430709092022386,3.0
156.844682,252,1299.277821,0.0,1.0,156.8446818461606,156.8446818461606,1.0,1.0,0.0,0.0,0.5895490824872003,252,38.26734852099802,0.3807089636078313,0.9972480747554223,0.44344845034241204,0.07794151041242811,0.0791541664373307,0.05439643440594765,0.4229695231344467,3.0
117.623706,198,1301.223598,0.0,1.0,117.62370632359931,117.62370632359931,1.0,1.0,0.0,0.0,0.2807267176703144,198,34.72378650392494,0.33037742772593764,0.9781133666065395,0.4248924960542207,0.09765456421206696,0.09590839195733118,0.10494691401940982,0.4926559291803414,3.0
164.25985,283,1304.281265,0.0,1.0,164.2598503894065,164.2598503894065,0.0,0.0,0.0,1.0,0.5185636999757861,283,39.96643393040261,0.4760455608143333,2.0,0.4481232725215464,0.10531439250433824,0.1013189090856815,0.04106001605563188,0.19279162820453472,3.0
127.082574,279,1308.142593,0.0,1.0,127.08257362848406,127.08257362848406,1.0,1.0,0.0,0.0,0.3719372889548162,279,32.14331386996395,0.4670733869115461,1.7425909324369224,0.4707801063214579,0.10666630003187391,0.105307799513622,0.064193824029919,0.8131548220510576,3.0
148.882009,290,1311.703326,0.0,1.0,148.88200937201808,148.88200937201808,1.0,1.0,0.0,0.0,0.41197066012762174,290,36.78078618958253,0.4836401985137666,1.5726681412728294,0.4079372735886738,0.10475100114427764,0.10190526616984401,0.09076093897904068,0.009005575005318907,3.0
108.854249,206,1313.616047,0.0,1.0,108.85424889144225,108.85424889144225,1.0,1.0,0.0,0.0,0.30652500465702925,206,27.55201701612232,0.2655524778314879,0.683709847389901,0.45334103142896903,0.12054387429385509,0.11321395201590455,0.13345887057528405,0.31296951634902903,3.0
133.931391,244,1316.993881,0.0,1.0,133.93139146665268,133.93139146665268,0.0,0.0,0.0,1.0,0.46858874753785634,244,36.66954606436713,0.414171695726765,1.358018544737572,0.42584811161714986,0.08205574555475204,0.08392477524085123,0.014474021727219616,1.8219469002472264,3.0
196.532433,258,1320.778742,0.0,1.0,196.53243270879457,196.53243270879457,1.0,1.0,0.0,0.0,0.4853626194010666,258,37.436671662435955,0.23631864018109788,0.6771549083356961,0.45450612974836846,0.0729867048965868,0.07636294069216233,0.10350046891888384,0.66475769675654,3.0
130.1014,237,1323.801724,0.0,1.0,130.10139984186677,130.10139984186677,1.0,1.0,0.0,0.0,0.37968984313548315,237,38.44717753108151,0.4709405985143647,2.0,0.4284129913833448,0.07114408338120215,0.07365778327491213,0.057432287039852925,1.5837850391237234,3.0
156.870526,238,1326.83118,0.0,1.0,156.87052609390895,156.87052609390895,1.0,1.0,0.0,0.0,0.47418817916231903,238,35.45274854335575,0.3138266683834263,0.996468830345864,0.4620476640416544,0.09785384791237968,0.0966919355031823,0.1009243844053379,0.06461330974197979,3.0
131.97845,254,1329.029822,0.0,1.0,131.9784496986606,131.9784496986606,0.0,0.0,0.0,1.0,0.6904709571438254,254,34.74407743286323,0.38232695673656275,1.150521549908984,0.4191950176233851,0.06343818133271585,0.06964265220747219,0.0,nan,3.0
337.957147,719,1338.268567,1.0,0.0,337.9571472654363,337.9571472654363,0.0,0.0,0.0,0.0,0.992231464267206,719,29.987815273343045,0.4469243976264832,1.2590088612122294,0.4606391139152319,0.27666987857997666,0.23139894555772295,0.0526274304964697,0.018060663484178934,3.0
139.44576,265,1341.931288,0.0,1.0,139.44576030617586,139.44576030617586,0.0,0.0,0.0,1.0,0.4122869569742886,265,31.389444489063315,0.34097112061566953,1.6857681337861057,0.4160694348502834,0.131995434806032,0.1343957190243703,0.036741379958419196,1.0619663517300266,3.0
245.203569,339,1346.38109,0.0,1.0,245.2035688722164,245.2035688722164,0.0,0.0,0.0,1.0,0.6708444089883853,339,44.16744075742044,0.4525702504962191,2.0,0.4397125347657541,0.14648187687966677,0.130937490139739,0.1406084613935752,0.19619896249800384,3.0
285.940329,461,1351.675914,0.0,1.0,285.9403291494063,285.9403291494063,1.0,1.0,0.0,0.0,0.78833811257471,461,35.728859893348904,0.3611660790883319,1.1966262509461292,0.40386509840374657,0.18392883645221106,0.16326980593406198,0.10541945815450902,0.11422551045988778,3.0
238.008304,496,1357.643775,0.0,1.0,238.008304061058,238.008304061058,1.0,1.0,0.0,0.0,0.5619010878308611,496,30.543645918193228,0.46392621933534506,1.4347191667123858,0.4210279968401958,0.1999946820639795,0.182670762702342,0.04770483088804529,1.1772967981767282,3.0
86.629493,143,1359.81854,0.0,1.0,86.62949315346376,86.62949315346376,1.0,1.0,0.0,0.0,0.23335989326571296,143,31.78892281356018,0.2355846474914472,0.9909756312342615,0.44751613066121415,0.11646786061200229,0.13498382468323608,0.14619828692813172,0.8014199268655214,3.0
87.380282,207,1361.893384,0.0,1.0,87.3802817817594,87.3802817817594,0.0,0.0,0.0,1.0,0.39596850006108647,207,33.58076581370368,0.5184447089031655,2.0,0.422129795315185,0.216054011658194,0.18079036157488246,0.09309419884143416,0.3176593296260796,3.0
118.148347,245,1365.420358,0.0,1.0,118.14834652823274,118.14834652823274,0.0,0.0,0.0,1.0,0.40525348058959204,245,34.259629348836036,0.4609927129196501,1.0375783264333878,0.4615048931569469,0.16517297151137372,0.15073608865543286,0.055364744297320335,1.8929688707823042,3.0
176.186766,234,1368.170959,0.0,1.0,176.1867658226798,176.1867658226798,1.0,1.0,0.0,0.0,0.5660046398809978,234,43.937717616399695,0.3398438993575606,0.9966424365066803,0.47515475325700307,0.1037700869079329,0.09414825683985001,0.09861599197188636,0.5901167533612909,3.0
133.423837,228,1371.641254,0.0,1.0,133.42383720691242,133.42383720691242,1.0,1.0,0.0,0.0,0.3352926769214604,228,30.37399196335606,0.24449240549518128,0.9982527152737869,0.4329190994041008,0.2232149410666081,0.18404697535330788,0.08564619002188574,1.3893302931224178,3.0
34.625208,128,1373.371626,0.0,1.0,34.6252083469407,34.6252083469407,0.0,0.0,0.0,1.0,0.11922116040413357,128,25.47054976009317,0.4922517041808752,2.0,0.43206596572417766,0.1276781358756125,0.11336929211392999,0.0,nan,3.0
89.462901,159,1374.86944,0.0,1.0,89.46290050330674,89.46290050330674,0.0,0.0,0.0,1.0,0.3107899754159663,159,33.443320691597265,0.3175247720373927,1.0876605439077933,0.4861580083767573,0.09513905588186013,0.09523845168779481,0.0,nan,3.0
267.581685,415,1378.489259,1.0,0.0,267.58168525971575,267.58168525971575,0.0,0.0,0.0,0.0,0.9888477470301489,415,34.50752580938249,0.3965947090613068,1.4962793130530265,0.43741234375769833,0.1464359608759363,0.13295747946543865,0.048995413489590876,1.6894089213934909,3.0
95.658798,233,1380.632769,0.0,1.0,95.65879775744139,95.65879775744139,0.0,0.0,0.0,1.0,0.44399171645358804,233,34.00811750381636,0.5962504879201115,2.0,0.3749851591949043,0.10484766755492902,0.10735487784438891,0.0,6.461992423782833,3.0
104.375385,268,1384.028712,0.0,1.0,104.37538525859915,104.37538525859915,0.0,0.0,0.0,1.0,0.4151914443146336,268,32.14966999964822,0.5575009101342905,2.0,0.39789564365437674,0.11867785787404474,0.11175809533738379,0.009734925635507359,2.890197730739405,3.0
51.135456,117,1385.532417,0.0,1.0,51.13545625024801,51.13545625024801,0.0,0.0,0.0,1.0,0.14523798969777538,117,28.041483925860387,0.27459639573078376,1.1165421138488913,0.3967570121216978,0.13877351925923273,0.13718386898692855,0.01135133611379449,3.2013019450838556,3.0
118.243215,218,1388.897715,0.0,1.0,118.24321460960095,118.24321460960095,0.0,0.0,0.0,1.0,0.38324938116792784,218,36.22066592197062,0.44886695405668275,1.8562050927918146,0.4397824870747164,0.07623047320120925,0.07538525828527748,0.005711340460220951,3.7263126587254116,3.0
107.260946,241,1392.262491,0.0,1.0,107.26094582305339,107.26094582305339,0.0,0.0,0.0,1.0,0.45635050239672176,241,31.443274606273114,0.39985530773323513,2.0,0.4324219915783999,0.13260209906645334,0.13123460528266875,0.011588053206542517,2.4313377874079203,3.0
120.018001,340,1396.959935,0.0,1.0,120.01800067295832,120.01800067295832,0.0,0.0,0.0,1.0,0.4784324820404907,340,30.027411218545527,0.6352482041459191,2.0,0.4460850557860206,0.13199654484496398,0.12332793929997612,0.007927816466756577,2.509201704763875,3.0
151.200403,259,1400.274299,0.0,1.0,151.20040282880217,151.20040282880217,0.0,0.0,0.0,1.0,0.5684876323828206,259,34.678168803057275,0.3358985105013559,1.0801285229195072,0.4395241227331769,0.1138990813700849,0.10212874872804148,0.03187632436046429,2.322575822998863,3.0
151.241381,256,1403.163584,0.0,1.0,151.2413810535435,151.2413810535435,1.0,1.0,0.0,0.0,0.6162387373820097,256,42.12231858532422,0.43877790228465785,0.9890638533599074,0.4147153457306558,0.09146999381482601,0.0856370790861547,0.08375345379602814,0.4411140260444343,3.0
72.981986,132,1404.801054,0.0,1.0,72.98198643233857,72.98198643233857,0.0,0.0,0.0,1.0,0.2520544741303672,132,29.21705283760508,0.19530740275032793,1.117510609956218,0.5021195002887963,0.04141766555381544,0.04899342312957301,0.0,nan,3.0
54.241369,213,1407.899866,0.0,1.0,54.241369151845575,54.241369151845575,0.0,0.0,0.0,1.0,0.309041156349052,213,27.689103540895267,0.6641506312918709,2.0,0.42478323468999685,0.17630778987642745,0.15190679814334207,0.0,13.846045352699303,3.0
200.424123,365,1413.056891,0.0,1.0,200.42412265393753,200.42412265393753,0.0,0.0,0.0,1.0,0.6779698305031421,365,35.59911058932641,0.41871609158712264,1.1050729998605184,0.39925412473409144,0.13571877479553224,0.13925821781158448,0.03324896446231875,1.128318733564404,3.0
109.389352,223,1416.116593,0.0,1.0,109.38935152809623,109.38935152809623,0.0,0.0,0.0,1.0,0.5549850573696051,223,31.40223477715778,0.4186146990319468,1.5682298681650229,0.405071831705057,0.0987497140473849,0.1020001568601805,0.000990009407803999,5.127732189951363,3.0
170.108668,259,1419.362317,0.0,1.0,170.10866779093564,170.10866779093564,0.0,0.0,0.0,1.0,0.5873721214764632,259,36.11730345058314,0.28907597736926194,1.0413633345801843,0.3919272308586647,0.12571275648463187,0.13461297727459645,0.05462253067661995,1.843843935064563,3.0
125.835179,239,1426.115738,0.0,1.0,125.83517938342081,125.83517938342081,1.0,1.0,0.0,0.0,0.26243868641874435,239,31.82157165012286,0.4432227564959062,2.0,0.39906556629984946,0.1252359805246776,0.11936363964400032,0.04977032503331175,1.2377190368735564,3.0
158.577392,279,1429.678952,0.0,1.0,158.57739162533312,158.57739162533312,1.0,1.0,0.0,0.0,0.5374956628833254,279,37.590930342679094,0.4358332488823545,0.9863205880207501,0.40239295376778506,0.2517035887660091,0.2505312587625237,0.12037008427791389,0.07948245904316273,3.0
395.958505,638,1436.928757,0.0,1.0,395.9585053208372,395.9585053208372,0.0,0.0,0.0,1.0,0.9489702983172416,638,38.54973263197522,0.4464534233138129,2.0,0.4201132008764998,0.24232683094878182,0.20884110168977219,0.1012770667339044,0.07634630009780125,3.0
21.331452,91,1438.165608,0.0,1.0,21.331452379934436,21.331452379934436,1.0,1.0,0.0,0.0,0.12449319396192113,91,26.832742343043815,0.48610275534674946,0.9934904561370209,0.40605845228656307,0.09524940396403218,0.09095087418189415,0.05377843189199581,1.9950451822723287,3.0
343.709225,416,1442.954477,1.0,0.0,343.70922533633734,343.70922533633734,0.0,0.0,0.0,0.0,0.989929970506302,416,38.78991346123661,0.298496049650798,0.9868339763570937,0.4365695742711138,0.1672342037065671,0.16059008383980164,0.03916424168150508,2.393153459577292,3.0
96.801878,180,1445.146341,0.0,1.0,96.80187812866887,96.80187812866887,1.0,1.0,0.0,0.0,0.28175777461628576,180,29.479126049648812,0.31021800327326593,0.9734449581929286,0.4021730567018191,0.25331182877222697,0.23919085694683923,0.09919907772786402,0.9812451040462975,3.0
26.214945,85,1446.710271,0.0,1.0,26.21494509356158,26.21494509356158,1.0,1.0,0.0,0.0,0.0832528426533815,85,22.069044482177848,0.2835198867202884,0.9695025454103641,0.42114867936162387,0.157909034280216,0.15543289745555205,0.00796609850138029,1.9372897642960516,3.0
173.352053,302,1450.454848,0.0,1.0,173.3520528372942,173.3520528372942,1.0,1.0,0.0,0.0,0.548150887322548,302,34.855697409426455,0.3739937626843503,1.121073551912396,0.46151374608574325,0.22887635487594352,0.21913886879453595,0.11978077216621186,0.011327415961922547,3.0
313.635007,558,1458.009645,0.0,1.0,313.635006775308,313.635006775308,1.0,1.0,0.0,0.0,0.778103328029361,558,31.239127613678054,0.37013393664643496,2.0,0.4470534093918339,0.28137926810744845,0.25262771787181976,0.05383959914854897,0.5317952379556603,3.0
29.821572,84,1459.227568,0.0,1.0,29.821572112720567,29.821572112720567,1.0,1.0,0.0,0.0,0.08890791117074649,84,20.749856132824743,0.15128381267834928,0.4325950192529055,0.3655691738018677,0.11097300478390285,0.12926088202567326,0.0,nan,3.0
211.975315,295,1462.637028,0.0,1.0,211.9753149641859,211.9753149641859,1.0,1.0,0.0,0.0,0.588955536764352,295,41.208824479054314,0.3563988675402239,0.9894573625231444,0.4358760971386554,0.09032260644233833,0.09719534344592337,0.09026111185164282,0.43018637293722223,3.0
21.992528,87,1463.669651,0.0,1.0,21.992527646406987,21.992527646406987,0.0,0.0,0.0,1.0,0.08540101747541524,87,23.00471724809422,0.3483318493075495,1.056398024082498,0.38895208576972456,0.11640786987611618,0.1250527809406149,0.0,nan,3.0
108.450648,207,1467.660071,0.0,1.0,108.45064783022,108.45064783022,1.0,1.0,0.0,0.0,0.43226898606620506,207,37.92037141909157,0.4365950401863564,2.0,0.4379422560622151,0.17657827697514336,0.1689129941129454,0.10949686314766822,0.7254737389078273,3.0
-3.203375,69,1468.725986,0.0,1.0,-3.203375427263495,-3.203375427263495,0.0,0.0,0.0,1.0,0.08622296633103604,69,19.907624002791525,0.47094667960458414,1.045776978707097,0.43632228445747623,0.08004473948824233,0.09328797243643498,0.0,nan,3.0
79.54895,181,1471.336478,0.0,1.0,79.54895018759338,79.54895018759338,0.0,0.0,0.0,1.0,0.2247759305048043,181,26.994526490474342,0.30697004817630635,1.140026275392354,0.4336504235822522,0.2530639685319932,0.20695127308039377,0.0,9.076242295893739,3.0
31.748464,119,1473.222156,0.0,1.0,31.748463874188218,31.748463874188218,0.0,0.0,0.0,1.0,0.11400542838697593,119,26.385805429280726,0.45912054327467605,1.0348834229522528,0.4641336628368923,0.07866314228843241,0.06965318697841227,0.0,nan,3.0
-4.858652,46,1473.985552,0.0,1.0,-4.8586523328672095,-4.8586523328672095,0.0,0.0,0.0,1.0,0.02984980898376016,46,14.723387180190121,0.5176337685179588,1.049333417732475,0.42395647453225177,0.09628278276194698,0.11802191319672958,0.0,nan,3.0
117.884813,195,1477.271105,0.0,1.0,117.88481310662725,117.88481310662725,0.0,0.0,0.0,1.0,0.49061528352700823,195,36.622465834695426,0.30877358214763945,1.1291440634595895,0.4588997262219588,0.08233638115418263,0.08228904834160437,0.015194798568859542,3.9279154562567835,3.0
143.390599,349,1482.310695,0.0,1.0,143.39059873587584,143.39059873587584,0.0,0.0,0.0,1.0,0.7056518077864457,349,29.883432831014147,0.46852484524735094,1.3698888080628553,0.4445972586301473,0.2591758458354753,0.23678245465871597,0.04237095570704582,0.1310670593567598,3.0
141.414757,222,1485.671826,0.0,1.0,141.41475702809078,141.41475702809078,0.0,0.0,0.0,1.0,0.45376454821560624,222,43.694151462171895,0.3956736340633471,1.0583903268715291,0.4019737620292617,0.14442041059872052,0.13035576569067464,0.035576344765993945,0.051977146384021775,3.0
141.02355,230,1488.799314,0.0,1.0,141.02354953681314,141.02354953681314,1.0,1.0,0.0,0.0,0.4099715355710275,230,37.07012530662039,0.3892893609511432,1.1002381899921423,0.4887383511532908,0.17890347242355348,0.1594131112098694,0.14603485969210503,0.7974315535446815,3.0
66.609149,162,1491.956417,0.0,1.0,66.60914866780114,66.60914866780114,0.0,0.0,0.0,1.0,0.2913731446149711,162,31.480818876452854,0.42095286848594204,1.5668326953002982,0.407671588714476,0.16537084402861418,0.16097755123067786,0.0,13.214513344560423,3.0
150.88495,228,1494.51584,0.0,1.0,150.88495035695462,150.88495035695462,1.0,1.0,0.0,0.0,0.4814638399465314,228,40.15356774971634,0.42160702061580263,0.9548287984482086,0.4799947161881024,0.23063870558613225,0.19340931950953968,0.14834902448869114,1.058547707927186,3.0
105.484811,301,1499.387083,0.0,1.0,105.48481057086774,105.48481057086774,0.0,0.0,0.0,1.0,0.4045035106244904,301,32.37333268140328,0.7183532571400775,2.0,0.48483033291376704,0.14311508482872845,0.12612633491275319,0.08537901511591779,0.05756614609572616,3.0
131.313552,265,1503.019677,0.0,1.0,131.31355217767253,131.31355217767253,1.0,1.0,0.0,0.0,0.3906927806983974,265,35.24574260989244,0.4377943941314762,1.6365858058007983,0.4308885042397481,0.20664481824299075,0.18775991448816262,0.16572731743755453,0.6721837181728884,3.0
37.253894,93,1504.111678,0.0,1.0,37.25389381477612,37.25389381477612,1.0,1.0,0.0,0.0,0.1410774159696446,93,23.713326710758828,0.20173447454162982,0.8815347311390711,0.40928619314906417,0.09255435389857139,0.09442901162691014,0.08685431462713307,0.1612455340469327,3.0
85.154853,175,1506.558257,0.0,1.0,85.15485269245417,85.15485269245417,1.0,1.0,0.0,0.0,0.2780003228521414,175,32.756231528427,0.43414019440146806,0.9730431300734541,0.48317578796829497,0.09761754172188895,0.10709296498979841,0.12987889455901436,0.8905461086499976,3.0
99.456247,247,1509.774498,0.0,1.0,99.45624675824678,99.45624675824678,0.0,0.0,0.0,1.0,0.27211877044746385,247,25.599376632377766,0.40277234165545084,2.0,0.41867330308385226,0.19456334924890928,0.20226273797301628,0.02140726546544368,1.8910716359415765,3.0
160.980157,252,1513.456554,0.0,1.0,160.98015679854632,160.98015679854632,0.0,0.0,0.0,1.0,0.40847921864092307,252,40.75160268360131,0.33081828629577636,1.429654769575595,0.4137422724493912,0.11788330108873428,0.10917141229387313,0.07494296678635305,0.3414470426961871,3.0
81.8157,187,1516.487576,0.0,1.0,81.81569990837549,81.81569990837549,0.0,0.0,0.0,1.0,0.47293222676342045,187,32.41915452778486,0.4694086327034759,1.5168324900641665,0.3912698171913305,0.07649245268520824,0.07707499724658415,0.002179308609596754,5.315922918531717,3.0
137.669528,223,1519.73521,0.0,1.0,137.6695284288691,137.6695284288691,1.0,1.0,0.0,0.0,0.35325311043506324,223,37.93864974516928,0.3978835065004019,0.9973353542255032,0.4397101158718892,0.19199322344476333,0.15739827011732777,0.17892295699967956,0.5924887144370194,3.0
29.213304,77,1521.504271,0.0,1.0,29.213303801417496,29.213303801417496,0.0,0.0,0.0,1.0,0.0811381870387692,77,22.625521307773564,0.13484764380319322,1.0353841685527359,0.44171824006291177,0.022083265440804616,0.02749732407656583,0.0,nan,3.0
101.328808,208,1525.191446,0.0,1.0,101.32880765655123,101.32880765655123,0.0,0.0,0.0,1.0,0.29953856244664856,208,35.28877367476571,0.4738181502868455,2.0,0.387789239641279,0.14091752068354532,0.1448770658327983,0.015178806730776654,2.576739885694532,3.0
141.467698,340,1529.943053,0.0,1.0,141.46769780748932,141.46769780748932,0.0,0.0,0.0,1.0,0.5827247486218845,340,41.60243239325058,0.6431643718189555,2.0,0.4028549651231836,0.18420525175683639,0.1919898650225471,0.13475543890925187,0.07494196644588501,3.0
146.256045,293,1534.095432,0.0,1.0,146.25604451781797,146.25604451781797,1.0,1.0,0.0,0.0,0.46207801849281166,293,32.826724382366436,0.40602115586180465,1.2356084782377086,0.4269748663993826,0.1958743506731027,0.18743538185191236,0.05387377728971272,1.0620575919555133,3.0
94.496305,231,1536.933024,0.0,1.0,94.49630465656833,94.49630465656833,0.0,0.0,0.0,1.0,0.43094259011457275,231,34.56112319406206,0.5856923858306347,2.0,0.39871581013262014,0.12822146849198776,0.09929305082791812,0.03306899549911114,2.421760959946136,3.0
116.385407,186,1538.588919,0.0,1.0,116.38540697201626,116.38540697201626,1.0,1.0,0.0,0.0,0.2312112869149392,186,37.08647187857711,0.3669374907217469,0.9966918695594991,0.468453861092047,0.20121553764548353,0.18900857305014004,0.1057868260265658,0.2017517547551735,3.0
357.70483,582,1547.746602,0.0,1.0,357.70483005694024,357.70483005694024,1.0,1.0,0.0,0.0,0.8199145105369421,582,35.181325306631074,0.3662711794978222,1.089284044865391,0.40147173005281034,0.2825059893307407,0.23483424958904175,0.05773311501745922,1.330964012514913,3.0
57.477989,130,1549.243084,0.0,1.0,57.47798936440216,57.47798936440216,1.0,1.0,0.0,0.0,0.1730166959515763,130,31.28614076040982,0.4085375483300953,0.9594457355054784,0.39537454837789904,0.128079347885572,0.10694067065532391,0.11070905489582455,0.9131984123040244,3.0
35.539728,93,1550.206962,0.0,1.0,35.53972823377282,35.53972823377282,0.0,0.0,0.0,1.0,0.1309681581106078,93,23.454168062071407,0.23112855201071403,1.8816733271872084,0.41658453499117204,0.12726838998897103,0.1274012250284995,0.002811808872143305,4.974835848590525,3.0
175.876668,434,1557.779969,0.0,1.0,175.8766680269676,175.8766680269676,1.0,1.0,0.0,0.0,0.6597999966771482,434,33.82274579157029,0.6329030739708242,2.0,0.4289429510862047,0.2782192373056016,0.24391478780777223,0.06904700384700845,0.025584795215135226,3.0
40.762232,128,1559.814452,0.0,1.0,40.76223165613342,40.76223165613342,0.0,0.0,0.0,1.0,0.22415611179534647,128,25.447418199109926,0.45720658513974766,2.0,0.4384866914479062,0.050622434355318546,0.05986004043370485,0.0,nan,3.0
94.253015,170,1561.751391,0.0,1.0,94.25301455845569,94.25301455845569,0.0,0.0,0.0,1.0,0.3219523770314389,170,33.909739345521764,0.32305643804925616,1.4628898899836913,0.4233201352550703,0.10466368128271664,0.10244063629823573,0.008035484453025618,3.164630319454935,3.0
114.18708,237,1567.683579,0.0,1.0,114.18708000920341,114.18708000920341,1.0,1.0,0.0,0.0,0.26822604369553443,237,32.578675499969634,0.39131980253183335,1.6987439717220076,0.3790246341927645,0.13104175012322922,0.1286616584419701,0.04956616471840336,1.801790068178415,3.0
327.695468,419,1573.339388,0.0,1.0,327.69546821736645,327.69546821736645,1.0,1.0,0.0,0.0,0.8202536121314836,419,50.83887171320373,0.5319380348688408,2.0,0.3973484889988683,0.11352521593644682,0.10350855068261412,0.1206185645246909,0.027635752372525305,3.0
157.502705,207,1576.999048,0.0,1.0,157.50270518974486,157.50270518974486,1.0,1.0,0.0,0.0,0.3059718519872111,207,38.099393831508095,0.22022395273812276,0.9141080762140826,0.4500041415437984,0.1827185244663902,0.17670930842846488,0.1940618620967667,0.07791491027904196,3.0
100.355999,221,1579.99961,0.0,1.0,100.35599942203702,100.35599942203702,0.0,0.0,0.0,1.0,0.32178146447462413,221,33.81591884635809,0.44489449230200856,2.0,0.36457497317225956,0.07574057956626512,0.07282240682058205,0.00219165491203191,4.565242219067082,3.0
116.080342,224,1583.644123,0.0,1.0,116.08034224036389,116.08034224036389,1.0,1.0,0.0,0.0,0.3351628703983301,224,40.381311722178516,0.49487265470269576,1.8343401640120534,0.4296117156502857,0.08654310501047544,0.0853337858404432,0.0936495906266771,0.42061073871208254,3.0
99.652462,223,1586.933679,0.0,1.0,99.65246192203622,99.65246192203622,1.0,1.0,0.0,0.0,0.37800051680658014,223,40.58471089848867,0.4907265727387157,1.1995957308746847,0.40505749695504195,0.12404045930357792,0.11906776139554422,0.04630095571753516,0.43743855358864886,3.0
38.170174,113,1589.558678,0.0,1.0,38.17017429048995,38.17017429048995,0.0,0.0,0.0,1.0,0.15268059191752748,113,28.68216054483246,0.4604188768876207,2.0,0.33099152114802755,0.11133171815787797,0.1021394181040536,0.03362720161427932,1.1268864281949575,3.0
369.953254,489,1594.496744,1.0,0.0,369.9532542015561,369.9532542015561,0.0,0.0,0.0,0.0,0.9929205914735324,489,42.17554460435447,0.38218503086806,1.016104469474404,0.42413509813859174,0.15834887255676441,0.13701642924778787,0.07811323384452505,0.023512391412550123,3.0
54.368572,133,1596.356493,0.0,1.0,54.368572434154274,54.368572434154274,0.0,0.0,0.0,1.0,0.20063459330959735,133,28.768914877710387,0.3409820739634693,1.0925024920592639,0.43198759108781815,0.11307202604480256,0.1307544591731595,0.0,7.253464079655582,3.0
164.447531,300,1600.143646,0.0,1.0,164.4475310788417,164.4475310788417,1.0,1.0,0.0,0.0,0.48330894422829895,300,33.37807920701881,0.39555217745458304,0.9922050410702485,0.49742939030130706,0.14505161046981813,0.13652987798055014,0.0798478355463443,0.3842950329837235,3.0
98.756726,169,1603.481425,0.0,1.0,98.75672584052045,98.75672584052045,1.0,1.0,0.0,0.0,0.363637454089913,169,31.868474382639878,0.26412599251017327,1.006743846948866,0.44525636580480626,0.12839788022125967,0.11423627335644333,0.08872952339970602,1.3909713572480626,3.0
103.776574,274,1606.545967,0.0,1.0,103.77657375376175,103.77657375376175,1.0,1.0,0.0,0.0,0.5611459844910263,274,34.15262558817305,0.6318298116692004,1.7758657354696457,0.41729783129463666,0.16146605119217922,0.1437101620827278,0.06290238748716448,1.0234212271318124,3.0
365.142908,723,1616.662812,0.0,1.0,365.14290831820114,365.14290831820114,1.0,1.0,0.0,0.0,0.9264259663795176,723,32.43479444838734,0.48346917525777194,1.9139622339441786,0.4039548916141934,0.2604731336998577,0.23889236685975787,0.014281720498980756,0.9836838429871911,3.0
124.711927,161,1618.374047,0.0,1.0,124.71192690131437,124.71192690131437,1.0,1.0,0.0,0.0,0.24346419803828892,161,39.41782928628479,0.19530827317610563,0.6311926716757457,0.43014731602916806,0.17596139060044141,0.16392478624486034,0.16869846791729565,0.7217956151353748,3.0
43.530865,110,1620.560081,0.0,1.0,43.53086457306685,43.53086457306685,0.0,0.0,0.0,1.0,0.22260649614367992,110,25.092967869718596,0.2446011595252975,1.094632946009033,0.4621964702890678,0.11027228290384467,0.10837098901922053,0.0,nan,3.0
54.488853,162,1622.348579,0.0,1.0,54.48885330332138,54.48885330332138,0.0,0.0,0.0,1.0,0.23723359981973843,162,30.246523774380634,0.5212086124234918,1.0578848327617572,0.46465417908297646,0.1520233150617576,0.12400164501166638,0.0,13.412360186909769,3.0
6.604196,63,1623.583206,0.0,1.0,6.60419631513297,6.60419631513297,0.0,0.0,0.0,1.0,0.06653826318393712,63,18.352159647206218,0.2718949022368719,1.069363113399469,0.44272559739294504,0.11336004355597118,0.1310731399626959,0.0,7.887665567487049,3.0
165.135303,302,1627.947407,0.0,1.0,165.13530328903255,165.13530328903255,1.0,1.0,0.0,0.0,0.5609267972664648,302,31.879421735613175,0.3520561214400024,1.1159077392949444,0.3368233944850647,0.13891551530124335,0.13616414358284298,0.09342686527469318,0.7296650791083186,3.0
115.6369,181,1631.360343,0.0,1.0,115.63690008110287,115.63690008110287,0.0,0.0,0.0,1.0,0.3027084499302776,181,42.19997444236755,0.4333412315636963,1.1399032907370101,0.4466952376726253,0.05623948903373592,0.06147106181192134,0.05392845050605388,2.0656058358269176,3.0
84.034058,213,1634.641676,0.0,1.0,84.03405834499925,84.03405834499925,1.0,1.0,0.0,0.0,0.3499269084025556,213,35.49605984286609,0.47074330354464744,1.534954960688837,0.4352305505617124,0.11281878231836596,0.09101846744197076,0.14453738646113892,1.0397449326370127,3.0
48.626083,168,1637.506702,0.0,1.0,48.62608291454145,48.62608291454145,1.0,1.0,0.0,0.0,0.20895413241640728,168,31.106295275027925,0.491798078607435,1.2662729157087773,0.42082312472519423,0.1882029509260541,0.17250334365027292,0.06503115353066213,1.1628157189101138,3.0
58.395861,218,1640.856056,0.0,1.0,58.395861118378406,58.395861118378406,1.0,1.0,0.0,0.0,0.29073465778781327,218,31.17581801457073,0.7187583323640601,2.0,0.44558998279341866,0.16797262266141558,0.15923250541774506,0.06573917014955717,2.0251394379195435,3.0
53.184406,151,1642.905787,0.0,1.0,53.18440639311445,53.18440639311445,0.0,0.0,0.0,1.0,0.23522663597690788,151,27.87326034958853,0.4878919093832551,2.0,0.3895054218538155,0.08458289957993867,0.09572309689805997,0.016643518968350354,2.0562993052385634,3.0
97.533814,185,1645.097211,0.0,1.0,97.53381397167001,97.53381397167001,0.0,0.0,0.0,1.0,0.37824318387406686,185,42.4680762916275,0.48556893869449913,2.0,0.43411196792447887,0.07689196161321692,0.0727178963454994,0.0837607740311781,0.4116587483941665,3.0
29.853482,124,1646.895935,0.0,1.0,29.853482012767394,29.853482012767394,0.0,0.0,0.0,1.0,0.18130900236036593,124,26.20920207755767,0.5572998410386494,2.0,0.332899700835227,0.08708483845956864,0.079041370461064,0.0010785028057083504,5.572261074139765,3.0
160.149838,238,1650.969047,0.0,1.0,160.14983810911022,160.14983810911022,1.0,1.0,0.0,0.0,0.45623565534880955,238,38.32988003394013,0.3381224384968505,0.9455698061581431,0.45217134913100915,0.09656626386802737,0.10419088376670324,0.10410510366670934,0.3591895676297428,3.0
11.495397,76,1652.657404,0.0,1.0,11.495397497721058,11.495397497721058,0.0,0.0,0.0,1.0,0.09047039678566142,76,20.44009556397287,0.3732189419168212,1.0310252711186252,0.44618197260914666,0.15429734556298508,0.16745524029982717,0.0,12.175665447074309,3.0
294.618644,584,1659.175233,1.0,0.0,294.6186438711861,294.6186438711861,0.0,0.0,0.0,0.0,0.9903061771537344,584,31.144835576312925,0.4967339339117887,2.0,0.43754057920927003,0.2585514421791655,0.23121953515769683,0.07289441777693685,0.6639115740443702,3.0
307.035888,549,1666.952475,0.0,1.0,307.03588760048734,307.03588760048734,0.0,0.0,0.0,1.0,0.7543544498686333,549,34.31545074938832,0.45042025307455785,2.0,0.4217458445924879,0.2922803906143689,0.2604357655582532,0.051676619265854706,1.5188049931437542,3.0
94.069076,147,1668.474797,0.0,1.0,94.06907572073403,94.06907572073403,1.0,1.0,0.0,0.0,0.3491137470834561,147,35.80712689949904,0.23820318811598132,2.0,0.4281117754931353,0.06375309155911815,0.06253627125097781,0.05144379561878314,0.23045016957679992,3.0
117.571618,281,1672.605728,0.0,1.0,117.57161815820508,117.57161815820508,1.0,1.0,0.0,0.0,0.2916734960309273,281,28.998381275847017,0.45613924855660204,0.9996265646036917,0.3898714757342143,0.34125831892906133,0.28782430195723563,0.12161485338528634,0.06874589890847828,3.0
123.8689,155,1675.589401,0.0,1.0,123.86890033813637,123.86890033813637,1.0,1.0,0.0,0.0,0.29357352710402995,155,39.633245965501786,0.24152417832814616,0.7262552422900665,0.41326257749911277,0.08593163028840095,0.07938946523974019,0.1399798771487607,0.6018728764229179,3.0
36.15164,102,1676.875264,0.0,1.0,36.15164027794408,36.15164027794408,1.0,1.0,0.0,0.0,0.12731684996366904,102,26.872258797935,0.33481562060698083,0.9744572240298803,0.4497871475988159,0.09133218433342728,0.09604805123572256,0.13076293515520457,0.2995749593120558,3.0
134.104334,228,1681.107263,0.0,1.0,134.10433368018644,134.10433368018644,1.0,1.0,0.0,0.0,0.3603568173598842,228,38.27200289132245,0.3986427272414714,0.9927980998800904,0.3939830972404595,0.15679318131062023,0.12961378536726298,0.13528296232388132,0.7962839475490261,3.0
157.761119,231,1684.282174,0.0,1.0,157.76111851569198,157.76111851569198,0.0,0.0,0.0,1.0,0.4062217972349395,231,39.54037962087539,0.34244962664743284,1.564299961988201,0.4124627780507911,0.12027743213620537,0.11030771154345888,0.0686679649368456,1.2500498595030238,3.0
105.243897,218,1687.309015,0.0,1.0,105.24389661486964,105.24389661486964,0.0,0.0,0.0,1.0,0.369744352302568,218,31.19199177027604,0.4186924619861345,2.0,0.4082740103364538,0.10568107951671706,0.11851991425960436,0.0,7.444489754026757,3.0
132.610355,223,1690.448698,0.0,1.0,132.6103551766917,132.6103551766917,0.0,0.0,0.0,1.0,0.6129171662230988,223,39.87770533421325,0.4305213943532979,2.0,0.3754945733738988,0.09403087526158901,0.0873482387696681,0.002780520325278505,4.019536634789653,3.0
158.080972,273,1694.235277,0.0,1.0,158.08097199292598,158.08097199292598,0.0,0.0,0.0,1.0,0.5606994768808479,273,44.438912291145996,0.47819384550644417,1.4683047382336443,0.41967323773127774,0.12190726541337513,0.09855074956740215,0.044217825013959426,0.5503212930012861,3.0
77.005692,178,1696.6539,0.0,1.0,77.0056917398004,77.0056917398004,1.0,1.0,0.0,0.0,0.2541913170199109,178,32.29285111235958,0.5037442841900913,2.0,0.41080095070633993,0.12423611223027947,0.12947124376725616,0.10180197992075331,0.5842334681389015,3.0
103.391352,200,1699.630284,0.0,1.0,103.3913520851517,103.3913520851517,1.0,1.0,0.0,0.0,0.40955635653936834,200,32.15639011774606,0.3579883487551275,0.957281473613208,0.3944186582043767,0.13869129329919816,0.14917078644037246,0.1041787785408687,0.7881591270447909,3.0
104.036539,227,1702.868044,0.0,1.0,104.03653875160254,104.03653875160254,0.0,0.0,0.0,1.0,0.2439756478822619,227,31.487906963904557,0.4665935181655796,2.0,0.3836281990328812,0.20512224753522662,0.19284670363438813,0.01844559341382754,2.4688710363493622,3.0
131.273699,176,1706.155591,0.0,1.0,131.27369922237435,131.27369922237435,1.0,1.0,0.0,0.0,0.3415731344513368,176,42.287761223921684,0.2805821973822188,0.939923608040051,0.41985888419334183,0.05932630361481146,0.052070444280450996,0.10486554773163323,0.5423960676684714,3.0
22.259314,94,1707.737052,0.0,1.0,22.259314352900738,22.259314352900738,1.0,1.0,0.0,0.0,0.11259052397651345,94,24.812833023451038,0.4149854434807142,0.9882983814932254,0.42112392995585785,0.11118217605225583,0.12921470023216086,0.09534498781104192,0.28610781857753176,3.0
93.533346,171,1709.735372,0.0,1.0,93.53334594125985,93.53334594125985,0.0,0.0,0.0,1.0,0.27038755702245987,171,38.73959847811608,0.4913604676345175,1.4535566234765538,0.428916238095851,0.11085368597019486,0.12005876658255593,0.03357874409406623,2.1989165551288816,3.0
72.92356,216,1712.894154,0.0,1.0,72.92356017433632,72.92356017433632,0.0,0.0,0.0,1.0,0.2882992568080441,216,28.712150252055856,0.5255979580028087,2.0,0.3496345691037951,0.13430675919409152,0.1345494662721952,0.01200452724601743,1.8575367611694062,3.0
139.966574,307,1716.795522,0.0,1.0,139.9665743543306,139.9665743543306,1.0,1.0,0.0,0.0,0.6228833760925852,307,35.416368006019496,0.5506990477960165,1.9350966362168396,0.4226649672229826,0.21141697869238713,0.19983177212239864,0.09095874365629047,1.6732565334673437,3.0
114.674192,171,1718.732915,0.0,1.0,114.67419198955722,114.67419198955722,1.0,1.0,0.0,0.0,0.341009137351533,171,40.762939964958555,0.37344536923857646,2.0,0.3600197380397752,0.10176607774712189,0.10209048805181047,0.11200456053119417,1.0800124405936666,3.0
100.829015,193,1721.999851,0.0,1.0,100.82901492038718,100.82901492038718,0.0,0.0,0.0,1.0,0.3611284683324098,193,35.72133703814898,0.6148861668329999,2.0,0.3135698609382223,0.11052228039410447,0.11138687109082474,0.000690226721119764,5.591698714117744,3.0
88.314638,179,1724.574615,0.0,1.0,88.3146375996858,88.3146375996858,1.0,1.0,0.0,0.0,0.24847670939940122,179,31.43102267465061,0.32661371704724473,0.9683620878189141,0.3803496851101934,0.08100740403436416,0.0790376483395113,0.12978987428550293,0.024649121462805613,3.0
79.266384,206,1727.183781,0.0,1.0,79.26638403137086,79.26638403137086,1.0,1.0,0.0,0.0,0.31207212675543405,206,36.02872315086296,0.6563682990838556,2.0,0.37265304240931585,0.07321745562321931,0.07054917094776932,0.07572943964858196,0.9373012456424011,3.0
28.004396,106,1728.889846,0.0,1.0,28.004396457873206,28.004396457873206,0.0,0.0,0.0,1.0,0.11899231005349109,106,28.34322438822729,0.434010019112136,1.5476492494165375,0.38276875873078714,0.09008565713774483,0.08768205597715557,0.001803786078152913,4.852792054294747,3.0
378.917289,644,1737.757998,1.0,0.0,378.91728920260624,378.91728920260624,0.0,0.0,0.0,0.0,0.9918480290696308,644,33.34820864825199,0.38814853980428143,0.9973564795655921,0.41062118512757634,0.23279181631825727,0.1956806134733354,0.010160080363317824,3.034455644581764,3.0
116.43343,252,1741.293358,0.0,1.0,116.43342984209782,116.43342984209782,0.0,0.0,0.0,1.0,0.41338636642780147,252,39.622498093961276,0.6262667998522253,2.0,0.36530328908609966,0.13933557674052224,0.12843403740534706,0.08459152871477552,0.7660388923424369,3.0
119.059056,214,1745.239142,0.0,1.0,119.05905643629634,119.05905643629634,0.0,0.0,0.0,1.0,0.33794620366340206,214,38.185660239885664,0.41697722707334406,1.6514159721807387,0.39802247007316516,0.14425445661366543,0.1465474300295393,0.14827632723524958,0.00801536819790457,3.0
76.351907,154,1747.294492,0.0,1.0,76.35190691670392,76.35190691670392,0.0,0.0,0.0,1.0,0.32263693916249514,154,34.288597991602614,0.46865856505061837,2.0,0.3133484548465772,0.05253456552307327,0.059893628993591706,0.0,nan,3.0
151.362187,286,1751.83679,0.0,1.0,151.36218682541966,151.36218682541966,1.0,1.0,0.0,0.0,0.5315947849946968,286,38.84457139232238,0.4146946651980888,1.0637548355181188,0.3773732837159317,0.13338408447228944,0.12747977142567402,0.09308521127278069,0.8938495051999248,3.0
178.021632,231,1755.586602,0.0,1.0,178.02163225286643,178.02163225286643,1.0,1.0,0.0,0.0,0.5132496408639594,231,44.55053064109648,0.31845771959211,0.975776385671952,0.4000917532162749,0.133114609496418,0.12327788067070437,0.06110923006904486,0.2704250335231005,3.0
151.681607,228,1759.114851,0.0,1.0,151.6816074311602,151.6816074311602,0.0,0.0,0.0,1.0,0.47689191434043454,228,39.61278825207794,0.3282573755561364,2.0,0.4188379436208491,0.06292185030485455,0.06730781521713525,0.0,nan,3.0
31.904416,81,1759.996091,0.0,1.0,31.90441610072284,31.90441610072284,1.0,1.0,0.0,0.0,0.09829081469919164,81,25.00026952644134,0.21395321167138506,0.8136653461393492,0.356696590229317,0.10099533089885006,0.1115559552922661,0.04397975551083274,0.33675001584450315,3.0
90.348229,207,1763.302398,0.0,1.0,90.3482289253906,90.3482289253906,0.0,0.0,0.0,1.0,0.2232608999090452,207,31.244033162526634,0.49615698518982926,2.0,0.38492429220446067,0.14283734732779904,0.13940623532170834,0.0,nan,3.0
170.982465,327,1768.626545,0.0,1.0,170.98246487749427,170.98246487749427,1.0,1.0,0.0,0.0,0.49238448446029065,327,33.107632642484006,0.3568763617614651,1.3164609088364523,0.40548394050802294,0.26203667379300527,0.22929778284982805,0.03839651081047885,0.030829229891091384,3.0
119.119628,187,1771.543689,0.0,1.0,119.11962807639048,119.11962807639048,0.0,0.0,0.0,1.0,0.3735193738692706,187,39.423005543595266,0.39105564556559796,2.0,0.36952891577294167,0.0871270343581623,0.10440582164468612,0.02407426144916068,1.3284861673346642,3.0
98.54298,230,1774.877254,0.0,1.0,98.54297986099942,98.54297986099942,0.0,0.0,0.0,1.0,0.4396981209866931,230,34.11550549745205,0.5859615862952189,2.0,0.35792669751074,0.1448363651400027,0.13818867828534998,0.009108722486938477,2.3286358473836875,3.0
108.954649,196,1777.538595,0.0,1.0,108.95464850808787,108.95464850808787,1.0,1.0,0.0,0.0,0.3711216996786707,196,39.474457004193546,0.3826642379467994,1.3224461636323912,0.33652531049613443,0.09213188047311743,0.10429182831121951,0.09859365662579317,0.5771868841538393,3.0
78.838799,154,1780.35228,0.0,1.0,78.83879913523573,78.83879913523573,0.0,0.0,0.0,1.0,0.27104274391546745,154,28.944467699549726,0.24184605684249627,1.0504527040248672,0.3746470616428883,0.0842609808042452,0.09440501634176675,0.035830801811035304,3.1295001176676727,3.0
43.590586,115,1782.571793,0.0,1.0,43.59058556016977,43.59058556016977,0.0,0.0,0.0,1.0,0.15464848188309566,115,27.833316932941717,0.331758892073371,2.0,0.3694887428180031,0.14252777099609376,0.14233858585357667,0.07441008109415785,1.4738767532331292,3.0
34.243758,92,1783.707959,0.0,1.0,34.24375795281662,34.24375795281662,1.0,1.0,0.0,0.0,0.11184742393426045,92,24.628698113406433,0.2710591580327787,0.5197154441055545,0.4148666474401303,0.15912658947965372,0.15800601632698721,0.0,nan,3.0
292.528205,625,1794.952147,1.0,0.0,292.5282046166115,292.5282046166115,0.0,0.0,0.0,0.0,0.9896851753073388,625,29.717371895333024,0.5214955833483794,2.0,0.3722265960097313,0.2999043886899948,0.2520666875362396,0.040078133533107886,1.322909321070673,3.0
149.762101,214,1797.404377,0.0,1.0,149.7621006753715,149.7621006753715,1.0,1.0,0.0,0.0,0.4286633189915605,214,42.42686064505095,0.3668783945877159,0.9895666869162278,0.4093338398384714,0.09735789282299648,0.08618542997636527,0.14845583678742827,0.5803946689609363,3.0
