#{"t_start": 1780046716.7267165, "env_id": "None"}
r,l,t,is_success,episode_cost,episode_base_reward,episode_shaped_reward,episode_collision,episode_crash_vehicle,episode_crash_object,episode_out_of_road,episode_route_completion,episode_length,episode_mean_speed,episode_mean_lane_deviation,episode_max_lane_deviation,episode_steering_variation,episode_accel_variation,episode_jerk,episode_ttc_risk,episode_min_ttc,curriculum_stage
12.79862,1200,9.02036,0.0,0.0,12.798620140873997,12.798620140873997,0.0,0.0,0.0,0.0,0.03610392422242133,1200,0.7297718092651232,0.12552541155852026,0.5908735145970055,0.8401374929832915,0.7975019105741133,0.6616676321687798,0.0,35.427898335986065,3.0
13.180626,1200,16.038301,0.0,0.0,13.180625760994909,13.180625760994909,0.0,0.0,0.0,0.0,0.059201940069765924,1200,0.9093235957991325,0.3945478979477971,0.9838465662815794,0.8329920452631389,0.7810314215098818,0.6125300544748704,0.0,nan,3.0
18.554136,1200,23.718493,0.0,0.0,18.55413623789349,18.55413623789349,0.0,0.0,0.0,0.0,0.06361508842081297,1200,1.1933459434919653,0.4150926645521246,0.9987561164859214,0.796148881088011,0.7655458501974741,0.5897885436067979,0.0,nan,3.0
7.681355,921,30.076958,0.0,1.0,7.6813552404565115,7.6813552404565115,0.0,0.0,0.0,1.0,0.061502451209361785,921,1.231434630565613,0.27946403245736506,1.0292746445745862,0.7917808234837234,0.7153017800321537,0.5885731113202927,0.0,nan,3.0
20.968223,1200,38.348222,0.0,0.0,20.968222959558133,20.968222959558133,0.0,0.0,0.0,0.0,0.10830894722576188,1200,1.7887530314562958,0.5801724416674862,0.9997052076037756,0.7898451207019389,0.6853524758170049,0.5603851273655891,0.0,50.91575280613427,3.0
-7.080765,309,40.146506,0.0,1.0,-7.080765274197585,-7.080765274197585,0.0,0.0,0.0,1.0,0.025526611006964104,309,1.1979795893418121,0.44139726841913396,1.025408699046059,0.8647942743158649,0.7119357894539448,0.5666274712888169,0.0,nan,3.0
-3.131111,328,42.333654,0.0,1.0,-3.131111003395704,-3.131111003395704,0.0,0.0,0.0,1.0,0.02914667235961436,328,1.8425799639429254,0.4521203391761835,1.0457059451178856,0.8427462571686725,0.6862494293146018,0.5410085064245433,0.0,nan,3.0
12.057915,892,49.611635,0.0,1.0,12.057914887362926,12.057914887362926,0.0,0.0,0.0,1.0,0.06863637685369267,892,1.4996530171498155,0.3032472564691204,1.0236896937527216,0.8143810276067377,0.7021980105226885,0.5256645153923954,0.0,nan,3.0
-1.703042,390,52.057673,0.0,1.0,-1.7030419468099556,-1.7030419468099556,0.0,0.0,0.0,1.0,0.03344732740260147,390,2.537944777874459,0.7028675741734738,2.0,0.7913501350829999,0.6265209451699868,0.5070013400071707,0.0,nan,3.0
2.658798,713,57.226608,0.0,1.0,2.658798223000952,2.658798223000952,0.0,0.0,0.0,1.0,0.05021657963014081,713,1.7552924646734522,0.810210192683195,2.0,0.8379177031189537,0.6989891384042496,0.5627245949829444,0.011875635710584979,2.8017856287895593,3.0
-2.15072,515,61.314113,0.0,1.0,-2.1507203713425342,-2.1507203713425342,0.0,0.0,0.0,1.0,0.0542940248710401,515,2.459428083621649,1.35505909904002,2.0,0.8302387505914401,0.6136116516242907,0.481906334057595,0.0,32.64530425656674,3.0
2.482765,525,65.936735,0.0,1.0,2.482765119204746,2.482765119204746,0.0,0.0,0.0,1.0,0.038828128806318994,525,1.8647626666561212,0.4689470835106052,1.031552413343303,0.8177581858067285,0.645067910069511,0.5078582524117969,0.0,nan,3.0
-0.122251,402,68.911302,0.0,1.0,-0.12225060530768594,-0.12225060530768594,0.0,0.0,0.0,1.0,0.03572941054606323,402,2.502612226961154,1.2100394892649855,2.0,0.8153118836271822,0.5984698399827255,0.5286271422360074,0.0,nan,3.0
-0.524023,464,73.0588,0.0,1.0,-0.5240230951919163,-0.5240230951919163,0.0,0.0,0.0,1.0,0.05088968270081356,464,2.2750161813185166,1.0031322809171865,2.0,0.8244390865659406,0.6379820087860371,0.5212952238346996,0.024435937271253073,0.09694098784207539,3.0
39.357645,1200,82.585313,0.0,0.0,39.35764521316363,39.35764521316363,0.0,0.0,0.0,0.0,0.14325003199588593,1200,2.7623202016793775,0.6649431401854804,1.85521301246926,0.8150030178483576,0.5866386164228121,0.49076542442043625,0.0,33.29223092421757,3.0
2.658642,391,85.55962,0.0,1.0,2.6586416158117174,2.6586416158117174,0.0,0.0,0.0,1.0,0.061166533409938086,391,3.193023800118998,1.3072134366055885,2.0,0.8508170328538893,0.5749352001930441,0.46602319314351776,0.0,33.3546575579551,3.0
8.152048,509,89.802927,0.0,1.0,8.152047692215099,8.152047692215099,0.0,0.0,0.0,1.0,0.07184979740776075,509,2.816131797764127,0.95267113019341,2.0,0.8361141210191376,0.554742496702198,0.4772698727010041,0.018208737794825056,1.8059722621571264,3.0
-2.12776,360,92.232798,0.0,1.0,-2.127759784009889,-2.127759784009889,0.0,0.0,0.0,1.0,0.04905921326288223,360,3.1505893651119354,1.2833912264524914,2.0,0.8288173403797878,0.5408311817381117,0.4564163088798523,0.0,nan,3.0
-3.809957,385,94.430484,0.0,1.0,-3.8099569212083155,-3.8099569212083155,0.0,0.0,0.0,1.0,0.049030052495924764,385,2.480178344189522,1.2462852281923456,2.0,0.7891542208852707,0.6216214995105546,0.510899007320404,0.0,nan,3.0
0.667836,871,102.923515,0.0,1.0,0.667836442932245,0.667836442932245,0.0,0.0,0.0,1.0,0.1616961225663031,871,3.067477582381386,1.539259714537021,2.0,0.8014772791761892,0.5540290311680321,0.48604839184801557,0.0,nan,3.0
-1.995532,225,104.96787,0.0,1.0,-1.995531754866116,-1.995531754866116,0.0,0.0,0.0,1.0,0.04236825691023345,225,3.020777320391524,0.46383854969697086,1.0366516694044927,0.8288467456565963,0.5253831402460734,0.4150546458032396,0.0,nan,3.0
20.014124,322,107.704116,0.0,1.0,20.014123898138568,20.014123898138568,0.0,0.0,0.0,1.0,0.10202343557675005,322,5.340262855885445,0.4121014005920608,1.047467888190565,0.8006144440183358,0.47159200110790894,0.37771684560716523,0.0,23.322732969101327,3.0
-4.54003,111,109.336205,0.0,1.0,-4.5400304221568994,-4.5400304221568994,0.0,0.0,0.0,1.0,0.03316782256736384,111,5.349374265503203,0.4886591658411192,1.0434828942796364,0.7997047799127596,0.4281411804594435,0.3090258127934224,0.0,nan,3.0
66.697911,1200,121.41827,0.0,0.0,66.69791135946558,66.69791135946558,0.0,0.0,0.0,0.0,0.20933995956137416,1200,3.924988249308658,0.5848012855967918,2.0,0.8276571157093471,0.4950460089246432,0.426992892374595,0.0,nan,3.0
68.818141,1200,132.20382,0.0,0.0,68.81814112258566,68.81814112258566,0.0,0.0,0.0,0.0,0.20929710512124505,1200,4.294817857228543,0.6098839840821836,1.7777063634822987,0.7997654144465923,0.488722488284111,0.41784944812456765,0.0,23.356751947022445,3.0
99.900937,1200,143.243469,0.0,0.0,99.9009370072409,99.9009370072409,0.0,0.0,0.0,0.0,0.29572406518099564,1200,6.572170138555531,0.5019246001543612,1.5304932967858427,0.7843157895002514,0.4032049074272315,0.3432255429029465,0.0,7.8703637083588776,3.0
148.045242,1200,152.934458,0.0,0.0,148.045241651343,148.045241651343,0.0,0.0,0.0,0.0,0.4309398996390014,1200,7.449858820976266,0.4204867720016159,0.9977848709206149,0.7962189231688778,0.3831740386287371,0.33719176217913627,0.0,nan,3.0
161.079758,1200,163.651388,0.0,0.0,161.07975806979692,161.07975806979692,0.0,0.0,0.0,0.0,0.5378173525699244,1200,8.844881961366504,0.477636449496066,2.0,0.7483924690913409,0.36390214090545975,0.325703184902668,0.0,13.010382803697947,3.0
108.747574,632,169.008367,0.0,1.0,108.74757411419172,108.74757411419172,1.0,1.0,0.0,0.0,0.3424662542533644,632,10.59572235672641,0.45641155304649444,1.678568203386994,0.7516600258436196,0.3081003884914555,0.2715599992418591,0.0028907917692935848,0.46681742811856236,3.0
65.191774,588,173.947229,0.0,1.0,65.19177388978467,65.19177388978467,0.0,0.0,0.0,1.0,0.36674394382873354,588,10.469876695944587,0.5864643884197109,2.0,0.7261594210681664,0.3380762921506856,0.3004778918563103,0.0,16.22402135229209,3.0
188.577599,1200,185.352584,0.0,0.0,188.5775994941547,188.5775994941547,0.0,0.0,0.0,0.0,0.5943641782511931,1200,10.339039104908126,0.4934627185001808,1.4218562171559426,0.7026458280409376,0.31608963350454966,0.269546275138855,0.0,14.708576138034525,3.0
176.294055,904,193.934582,0.0,1.0,176.29405470404583,176.29405470404583,0.0,0.0,0.0,1.0,0.5927813802265804,904,14.595930028611852,0.49773494517499645,2.0,0.7519748138399811,0.2665791033511668,0.22853960222111339,0.0011174574811515141,4.5543119006055575,3.0
226.608123,1200,205.347502,0.0,0.0,226.60812285068948,226.60812285068948,0.0,0.0,0.0,0.0,0.9376983228223541,1200,13.684072539066468,0.49753753322815913,1.6979865585265317,0.6891950329517325,0.2593834485113621,0.23080948243538538,0.0,11.314815582039381,3.0
280.240906,1200,215.375635,0.0,0.0,280.24090551142723,280.24090551142723,0.0,0.0,0.0,0.0,0.7441905278796619,1200,15.550525307577372,0.4594197351529822,0.9995808995474674,0.68197503860419,0.23186778649687767,0.21838255614042282,0.0,10.218230177474148,3.0
284.845121,847,224.04441,1.0,0.0,284.8451210119973,284.8451210119973,0.0,0.0,0.0,0.0,0.9900075674499084,847,21.023681973371765,0.4770851049994086,0.9978267813171241,0.6816630189206975,0.20140897045450762,0.18330982879877372,0.003537069530891072,1.2283028108991727,3.0
166.380478,691,230.804464,0.0,1.0,166.3804783497736,166.3804783497736,0.0,0.0,0.0,1.0,0.47347537989641314,691,18.03493278604171,0.4849309297246988,1.6836531716890546,0.6902172154761775,0.20471501850702312,0.18413612173193616,4.9871745733260704e-05,5.793231742189901,3.0
343.311702,1200,246.287832,0.0,0.0,343.31170221864096,343.31170221864096,0.0,0.0,0.0,0.0,0.7525720475385376,1200,18.019702382325757,0.4291372048796695,0.9994003989738165,0.7027964920736849,0.1969332963724931,0.18125538220008214,0.005736003345308815,2.9828996717916896,3.0
338.755004,1085,256.506324,1.0,0.0,338.7550036107589,338.7550036107589,0.0,0.0,0.0,0.0,0.9886189968107596,1085,15.359457119046386,0.3222071285772316,0.9958118088471635,0.6673057281888575,0.22797109031457505,0.2014341718040853,0.0027990810153928334,3.4857948944349104,3.0
250.735588,737,265.743361,0.0,1.0,250.7355875627249,250.7355875627249,0.0,0.0,0.0,1.0,0.6028975888560285,737,23.895165526207553,0.47861691187601557,2.0,0.6495803977101232,0.1487605867748183,0.14318365141688727,0.01103564027556855,2.0236025838076426,3.0
11.952762,77,266.491823,0.0,1.0,11.952761782084767,11.952761782084767,0.0,0.0,0.0,1.0,0.05013404417196881,77,15.411944787296735,0.22212833490973463,1.1157916705412558,0.7015146695367702,0.13145714146750315,0.1768054776377492,0.0,17.310157149327246,3.0
74.137344,291,270.420959,0.0,1.0,74.13734368861635,74.13734368861635,0.0,0.0,0.0,1.0,0.2163234798407812,291,18.742001763760957,0.37603029616501704,1.2342827452026932,0.6636545581301463,0.17639981614765024,0.17478315240329073,0.0,nan,3.0
73.613496,443,274.209976,0.0,1.0,73.61349587517125,73.61349587517125,0.0,0.0,0.0,1.0,0.3838421272387613,443,15.960782457379898,0.5166287147548729,1.8763379007708183,0.6507994032740324,0.16977612953422838,0.14929434435093106,0.0,14.52032028651683,3.0
256.302042,897,283.338822,0.0,1.0,256.30204205730706,256.30204205730706,1.0,1.0,0.0,0.0,0.7487568205355877,897,18.83648381894941,0.4511186267454241,1.542228455026397,0.6453299957100165,0.1780869668409843,0.16832972795535356,0.0,nan,3.0
350.093252,1200,294.075962,0.0,0.0,350.0932519182195,350.0932519182195,0.0,0.0,0.0,0.0,0.9427691697862915,1200,22.073521314984376,0.5665752819083637,2.0,0.6426896834683915,0.16668308357397715,0.1539235841234525,0.0028312285344012427,2.977938709321651,3.0
393.829992,985,302.15061,1.0,0.0,393.82999171493833,393.82999171493833,0.0,0.0,0.0,0.0,0.9931529693226601,985,22.493079111547164,0.40830819851249023,1.4236406843728802,0.5833627597783423,0.19526055512694537,0.17929248628277464,0.0,7.8384143243830025,3.0
47.674365,250,304.632904,0.0,1.0,47.67436544910832,47.67436544910832,0.0,0.0,0.0,1.0,0.2067880194770991,250,18.102984644302897,0.60528532357335,1.813584750767018,0.6662044912278652,0.1692257318496704,0.1683675580024719,0.0,6.056965783743118,3.0
356.577384,813,312.988387,1.0,0.0,356.57738391194624,356.57738391194624,0.0,0.0,0.0,0.0,0.9909659796076985,813,24.207503593476662,0.4006283278063236,1.9066266530878238,0.6469071959529122,0.14914221876515088,0.14698140412972274,0.0013840100413679542,4.516685557372987,3.0
111.672611,420,318.87026,0.0,1.0,111.67261076627018,111.67261076627018,0.0,0.0,0.0,1.0,0.33752328961541106,420,21.42830193965346,0.5863573328930555,2.0,0.6372470850923232,0.1439803979226521,0.14333240673655556,0.0,nan,3.0
193.7937,472,324.607481,0.0,1.0,193.79370041277016,193.79370041277016,0.0,0.0,0.0,1.0,0.6786153987406538,472,26.462328474361797,0.443450533413997,2.0,0.6724072175566107,0.1417794024287644,0.12602735449702052,0.0019236636258618248,4.104858438686947,3.0
225.274723,943,334.641015,0.0,1.0,225.27472327825475,225.27472327825475,0.0,0.0,0.0,1.0,0.8561650001063499,943,21.177465906110996,0.6033009762710168,2.0,0.6579360996895447,0.1158480045019253,0.10700432556431468,0.0,8.057268977511677,3.0
253.190043,667,342.269966,0.0,1.0,253.19004262966706,253.19004262966706,0.0,0.0,0.0,1.0,0.8892705630993393,667,26.237485055275364,0.45162998585157454,1.704648847529141,0.6152034698967366,0.11510763675912745,0.10806073554452213,0.006445838191925545,2.210066969310446,3.0
36.34966,283,345.141128,0.0,1.0,36.34965951122047,36.34965951122047,0.0,0.0,0.0,1.0,0.3166558116550717,283,20.48911832737107,1.0929914577364552,2.0,0.655598253762027,0.07986386588942457,0.07500697656570812,0.009627879504033212,3.174395410456789,3.0
21.288188,250,348.127952,0.0,1.0,21.288188196136428,21.288188196136428,0.0,0.0,0.0,1.0,0.2155724199296571,250,18.3153570674716,1.0622478841616803,2.0,0.695946359604597,0.06274145030975342,0.06735173845291138,0.0,nan,3.0
111.061625,418,352.914202,0.0,1.0,111.06162463377184,111.06162463377184,0.0,0.0,0.0,1.0,0.6061102332170669,418,20.31019732976399,0.49953214702882087,2.0,0.6178232460643687,0.11801689392641972,0.11160559945129321,0.0,33.53280482335029,3.0
162.292815,562,357.581968,0.0,1.0,162.29281548093311,162.29281548093311,1.0,1.0,0.0,0.0,0.8314762651992844,562,25.69597270804656,0.6546845963501295,2.0,0.5993150814678321,0.103891790549526,0.10293908846760136,0.052506942271384034,0.5014860301566201,3.0
363.743124,899,366.018881,1.0,0.0,363.74312366402205,363.74312366402205,0.0,0.0,0.0,0.0,0.9937683212640297,899,28.29621060634028,0.577801629915078,2.0,0.6161811731515392,0.1191906268657646,0.11182035527319478,0.0,6.561306843639966,3.0
96.394458,306,370.383883,0.0,1.0,96.39445788609102,96.39445788609102,0.0,0.0,0.0,1.0,0.41051060863115085,306,23.10910701835886,0.478043228429861,1.9284507784330254,0.5880321487784386,0.0936712957675161,0.08684908681445652,0.06338425156012663,1.2951509543227337,3.0
141.185549,415,373.787934,0.0,1.0,141.18554888584842,141.18554888584842,0.0,0.0,0.0,1.0,0.33789323664330767,415,17.93128502204456,0.2834418318790457,2.0,0.6914298288434385,0.12245426493954946,0.12474990063403026,0.0,33.40680009554354,3.0
83.128432,325,376.6155,0.0,1.0,83.12843225968079,83.12843225968079,1.0,1.0,0.0,0.0,0.31828410573236005,325,19.661625035834096,0.501364971694422,1.3081672665604454,0.6527939353539394,0.06755573419424203,0.07378497453836294,0.035707500663391005,0.3557005002478269,3.0
91.951164,339,380.163896,0.0,1.0,91.95116424596766,91.95116424596766,0.0,0.0,0.0,1.0,0.3409095820816054,339,22.625741903756825,0.5304813192037843,2.0,0.6004447066458629,0.06004844900429425,0.06211556797533964,0.0,6.632893980815334,3.0
115.71427,310,383.01027,0.0,1.0,115.71427043145408,115.71427043145408,1.0,1.0,0.0,0.0,0.4022962364332056,310,28.1934960446905,0.509010847524315,1.5315457681387616,0.6425561792427493,0.12361147672899307,0.1290381669998169,0.09490447327591565,1.8010303891524762,3.0
292.493438,686,390.756624,1.0,0.0,292.49343760090363,292.49343760090363,0.0,0.0,0.0,0.0,0.9885195585815884,686,25.095889580712814,0.4472740969063683,1.3988621285013467,0.5908391051993599,0.09299530701456543,0.0874521330911286,0.0,6.4496611581043,3.0
108.45667,312,394.3229,0.0,1.0,108.45667026015445,108.45667026015445,1.0,1.0,0.0,0.0,0.4410260828978518,312,24.473204005222236,0.4469305856092096,1.0365289912583164,0.6264775146801884,0.06821795228200081,0.06348155018610832,0.0867177401193099,1.7412454640655426,3.0
254.814351,735,401.850087,0.0,1.0,254.81435094411955,254.81435094411955,0.0,0.0,0.0,1.0,0.9511919881487705,735,25.183253359538234,0.5081848511690176,2.0,0.6221912975112597,0.0692792778923398,0.06897628696597352,0.0,9.005535206769405,3.0
328.932109,895,410.51814,1.0,0.0,328.93210856158294,328.93210856158294,0.0,0.0,0.0,0.0,0.9905598653109366,895,21.296498814858534,0.4337399062669546,1.0820362797272691,0.6310698125865206,0.10641402705421661,0.10267553915524616,0.016891340956665845,3.2335817612550546,3.0
105.606933,313,414.266303,0.0,1.0,105.60693276178948,105.60693276178948,0.0,0.0,0.0,1.0,0.5086141723729474,313,25.218137616558543,0.4878118641403502,2.0,0.5903624599567427,0.11069730447884947,0.10416183342187169,0.003919008579153769,4.6646907519449075,3.0
271.884438,763,421.99909,1.0,0.0,271.88443780373825,271.88443780373825,0.0,0.0,0.0,0.0,0.9913372611069049,763,24.28168567491918,0.5167336323378249,1.587139639002097,0.6117424144755028,0.06969081933657745,0.064942230872058,0.0,13.909755744198245,3.0
42.144189,215,424.165344,0.0,1.0,42.14418924026718,42.14418924026718,0.0,0.0,0.0,1.0,0.3392994757387599,215,19.724944133987382,0.4977535747858696,1.0417643923469093,0.577390952096429,0.08488709871159043,0.0837494317875352,0.0,nan,3.0
342.425293,697,431.645751,0.0,1.0,342.4252928822908,342.4252928822908,1.0,1.0,0.0,0.0,0.8426842797035136,697,28.48441670364257,0.3835970810345789,0.9972107027252138,0.6710073182965967,0.10026718998913102,0.0959337121958028,0.04710753519847566,1.15631042481733,3.0
163.550875,440,436.601662,0.0,1.0,163.55087535486766,163.55087535486766,1.0,1.0,0.0,0.0,0.5534143825114046,440,24.45566740306261,0.42201629263631035,1.3115837604197151,0.6003013202327896,0.09161822159181941,0.08051279214295474,0.027137092126329882,1.1522954494343607,3.0
209.854419,670,442.945741,0.0,1.0,209.85441850515969,209.85441850515969,0.0,0.0,0.0,1.0,0.9526820604157654,670,23.127412108680694,0.5021066784824515,2.0,0.6473090650207961,0.07193235087750563,0.07118474974561094,0.0007883191044644769,4.349631669969631,3.0
212.107745,523,449.183532,0.0,1.0,212.10774529946164,212.10774529946164,1.0,1.0,0.0,0.0,0.5360680025015766,523,26.291387102987468,0.4137801106887918,0.9997589742297204,0.6365590472322805,0.08658705876844563,0.08700087147962522,0.030185783813778348,0.6023761815437128,3.0
152.861798,376,452.652708,0.0,1.0,152.86179793533498,152.86179793533498,0.0,0.0,0.0,1.0,0.7499852096724494,376,31.752938356550167,0.5536193129080046,2.0,0.5657717272678905,0.0718126081405802,0.07447118359677335,0.03543535058243534,1.5592475823087733,3.0
207.588271,469,457.59985,0.0,1.0,207.58827138421154,207.58827138421154,1.0,1.0,0.0,0.0,0.7418509766313135,469,30.554563337808236,0.5500601770210668,2.0,0.6352614224878456,0.12493790721079942,0.11676238404154014,0.05355238154256648,0.11934480379640387,3.0
357.066916,648,464.947117,1.0,0.0,357.06691576740434,357.06691576740434,0.0,0.0,0.0,0.0,0.9918839822539924,648,29.83580080197006,0.38649339809320016,0.9985900514406709,0.6013359338624322,0.09181540560575178,0.08868472278118134,0.008441511754497807,3.42959925118713,3.0
136.812141,464,470.84909,0.0,1.0,136.81214071956467,136.81214071956467,0.0,0.0,0.0,1.0,0.6942498976787562,464,22.522156818662527,0.5155573382612297,1.7295732854766628,0.6226760476570705,0.08427436881024263,0.08229274623866739,0.0,nan,3.0
188.120258,513,477.641953,0.0,1.0,188.12025792366526,188.12025792366526,0.0,0.0,0.0,1.0,0.6179873270234955,513,28.92495064675852,0.5957199507308928,2.0,0.5959554319115642,0.10222732068037661,0.09137989647439582,0.021518378324096803,1.6197033593804302,3.0
338.625481,844,485.790995,1.0,0.0,338.6254812883893,338.6254812883893,0.0,0.0,0.0,0.0,0.9905959589130092,844,23.55446823563703,0.4231732829874688,1.2643037046405812,0.5976836356506529,0.07328578194170766,0.07093754594359918,0.012165941784098475,1.1468936055584,3.0
424.072138,800,494.360518,0.0,1.0,424.0721375801195,424.0721375801195,1.0,1.0,0.0,0.0,0.9690132197093444,800,29.35368536151645,0.3543197907422286,1.0258530437238547,0.5917058781534433,0.10955315612256528,0.10428423762321472,0.024286778995733935,1.7386388452635475,3.0
216.014215,517,499.702257,0.0,1.0,216.01421522049986,216.01421522049986,1.0,1.0,0.0,0.0,0.7000672402597894,517,29.406330400718712,0.47015730156087393,1.6740100554505166,0.5790775415687542,0.0674127026729473,0.067579159423046,0.042498678216627866,1.1820371373851122,3.0
108.407874,339,505.695732,0.0,1.0,108.40787374461529,108.40787374461529,0.0,0.0,0.0,1.0,0.449947758825125,339,26.29859327557388,0.4632907706123275,2.0,0.5870718137528692,0.044355275356664066,0.04585238262615372,0.0,9.654761887122989,3.0
245.269775,593,511.819501,0.0,1.0,245.2697749937478,245.2697749937478,1.0,1.0,0.0,0.0,0.8771437730893166,593,24.371158347644496,0.36730715683456244,1.0041773361823103,0.6262813824186538,0.08108534338502417,0.07878370449876705,0.026949397868727902,0.28118124068569395,3.0
127.145582,294,516.471387,0.0,1.0,127.14558189575882,127.14558189575882,1.0,1.0,0.0,0.0,0.42872000612014854,294,24.70776132893795,0.32788091436853356,0.9956036029056569,0.5651303233236683,0.048719750375163795,0.04816832956002683,0.11944086561037963,0.24914733705532982,3.0
52.994781,197,518.964191,0.0,1.0,52.99478123223157,52.99478123223157,0.0,0.0,0.0,1.0,0.20553557389771648,197,22.07699003578748,0.43930083230006367,1.0735666920367792,0.5961341866987006,0.03675851725079687,0.03943512100858737,0.0,nan,3.0
213.250049,547,527.037574,0.0,1.0,213.2500488354908,213.2500488354908,1.0,1.0,0.0,0.0,0.892000848395781,547,27.790617400251858,0.4900192874244954,1.6042223570095189,0.5982413741962566,0.05503877272771525,0.05328280202213546,0.020826364792708715,0.3067429268196488,3.0
184.36258,432,531.776387,0.0,1.0,184.36257979891963,184.36257979891963,1.0,1.0,0.0,0.0,0.6358013512334065,432,28.180553833218916,0.4828005422339832,1.8681422212260983,0.6354514779523015,0.03676008074371903,0.038247040300457565,0.012163247148358527,3.6603182490843893,3.0
130.193246,340,535.27106,0.0,1.0,130.19324643793865,130.19324643793865,0.0,0.0,0.0,1.0,0.480852701799845,340,29.941916239840356,0.5064719798067647,1.5821188443980259,0.6130624464329552,0.05326747122932883,0.05470308486153098,0.001926388993577875,4.59511904944168,3.0
120.107015,251,538.989005,0.0,1.0,120.10701488516025,120.10701488516025,1.0,1.0,0.0,0.0,0.3535412553421714,251,27.696521893849006,0.345394264103399,0.9894624855070697,0.6030563675015571,0.04136726580767992,0.04660952613648191,0.0037043520086398295,0.42124587498841637,3.0
140.758133,293,542.177542,0.0,1.0,140.75813347371437,140.75813347371437,1.0,1.0,0.0,0.0,0.4122374905337668,293,29.630509714462043,0.34790640925716115,0.9782656417334493,0.5900683033283253,0.050138460491297596,0.047866490920655966,0.06816734307751125,0.09288352610706509,3.0
22.956959,112,543.316244,0.0,1.0,22.95695917449175,22.95695917449175,0.0,0.0,0.0,1.0,0.12288131432519674,112,20.826707938639863,0.4440051220324663,1.6016391182991756,0.5389509029420358,0.04733969271183014,0.0519674505506243,0.0,nan,3.0
122.66318,299,547.403086,0.0,1.0,122.66317976811337,122.66317976811337,0.0,0.0,0.0,1.0,0.33424938281907784,299,24.978805145590158,0.385798687652415,2.0,0.5395967988266195,0.024049107446319683,0.026252604647224963,0.0018728789867278458,4.268223903953152,3.0
54.267055,186,549.675896,0.0,1.0,54.267054601806365,54.267054601806365,0.0,0.0,0.0,1.0,0.2351439574414092,186,22.43195095423878,0.4608107217593236,2.0,0.5833987227931459,0.02801843484242757,0.033169674616987985,0.005642945221865782,3.734779633460384,3.0
180.078371,332,553.495551,0.0,1.0,180.0783710518809,180.0783710518809,1.0,1.0,0.0,0.0,0.7127299186864158,332,33.58641405437445,0.3953383835119872,0.9992555282383775,0.5751022117504154,0.05460588975125048,0.05572974735713867,0.035164804885638216,0.45646742867052326,3.0
133.709339,363,557.666155,0.0,1.0,133.70933906679534,133.70933906679534,0.0,0.0,0.0,1.0,0.551686476581467,363,28.206961043827373,0.5430825397221344,2.0,0.5663725847670854,0.05419115291154089,0.05636169004046227,0.0034891602362781445,3.365786272591796,3.0
52.712165,186,559.562902,0.0,1.0,52.71216517384734,52.71216517384734,0.0,0.0,0.0,1.0,0.2046367128315175,186,22.463636366522238,0.4818802458022434,2.0,0.5677132871482642,0.05539007532981134,0.07166229460829047,0.007491951129295358,4.893125641493577,3.0
21.440789,112,560.867527,0.0,1.0,21.4407888836714,21.4407888836714,1.0,1.0,0.0,0.0,0.09460091332583813,112,17.44103407720286,0.42039413052338837,0.9799482190090903,0.5743627636028188,0.02104627021721431,0.02997484164578574,0.01643157328790832,0.4230837710253194,3.0
271.920786,721,570.368752,0.0,1.0,271.9207863248802,271.9207863248802,0.0,0.0,0.0,1.0,0.8235119330946196,721,27.92847534400326,0.4859352020556967,2.0,0.601391491701054,0.03082340550654143,0.03129832804120364,0.02057976741504941,0.35686715886184633,3.0
185.681306,380,574.721585,0.0,1.0,185.6813061076204,185.6813061076204,0.0,0.0,0.0,1.0,0.6212358059000418,380,31.017377015473162,0.416599932944826,1.43393194373604,0.5681972382884276,0.06302689596226341,0.0644623881892154,0.03939738014331839,2.4716654788711634,3.0
243.427848,430,580.555111,1.0,0.0,243.4278479029326,243.4278479029326,0.0,0.0,0.0,0.0,0.9868106666320802,430,32.99712535829855,0.45016339967431684,0.9994104507181135,0.5120713102782881,0.07140709854835688,0.06916881245236065,0.00273852292175341,2.4241649952648734,3.0
209.454047,344,584.230973,0.0,1.0,209.45404697459074,209.45404697459074,1.0,1.0,0.0,0.0,0.5694980122846366,344,33.22835951446632,0.350957165768389,1.0134697305297131,0.5197554747898911,0.05312178959680158,0.04962571346482565,0.06545966948400893,0.5077453573578695,3.0
116.471307,269,587.739329,0.0,1.0,116.47130704458827,116.47130704458827,1.0,1.0,0.0,0.0,0.3559428927727402,269,28.928148042725933,0.4016852374574838,1.6987996163252967,0.614437790871442,0.04844701777603547,0.048112793039655155,0.0765591228240191,1.6503679895716086,3.0
78.706067,226,591.597825,0.0,1.0,78.7060672035998,78.7060672035998,0.0,0.0,0.0,1.0,0.31853921136614755,226,29.358013438365138,0.4484563175479894,1.0244106092443201,0.4781367306028847,0.028434033414958853,0.03313404743650318,0.0,17.562985319449375,3.0
90.880685,267,597.238364,0.0,1.0,90.88068457727447,90.88068457727447,0.0,0.0,0.0,1.0,0.37171744391005135,267,27.79324226302678,0.5190901314556526,2.0,0.6228895266906599,0.03537710775596819,0.04024111286977704,0.0,nan,3.0
134.738425,290,599.755821,0.0,1.0,134.73842478835917,134.73842478835917,1.0,1.0,0.0,0.0,0.34006930406060926,290,28.659116261052585,0.4044576871055964,0.9687869309380424,0.5931378681019976,0.06629781723022461,0.07096484324027752,0.05459732103883795,1.9553213417911326,3.0
249.685717,530,607.00684,0.0,1.0,249.68571705125237,249.68571705125237,1.0,1.0,0.0,0.0,0.8112355073738526,530,28.96724668779407,0.4236245465735059,1.479115195711412,0.5876636732299373,0.05583867734333254,0.05723389657038563,0.03528604542893871,0.735085888130814,3.0
268.047006,612,615.684352,0.0,1.0,268.0470058458476,268.0470058458476,1.0,1.0,0.0,0.0,0.8334263613114798,612,27.318415046861404,0.4321852692266897,1.247961062124558,0.593508303658489,0.09032431011106454,0.09318560030725268,0.01893315908242233,1.7409659740152201,3.0
69.634753,191,618.260155,0.0,1.0,69.634753210962,69.634753210962,1.0,1.0,0.0,0.0,0.2917847472778981,191,30.318113976023948,0.509551294447664,0.9750405564154861,0.5939853510853508,0.04610505528474978,0.04945755691428459,0.13178627487644468,1.5395946453663634,3.0
327.23412,590,625.482695,1.0,0.0,327.23412007993284,327.23412007993284,0.0,0.0,0.0,0.0,0.9907394837720085,590,33.09128487141013,0.44374441131828957,1.2541130518807402,0.6019477975286417,0.08858184955887875,0.08377645642070447,0.04642691741773182,0.05681403711084221,3.0
24.483084,111,626.76834,0.0,1.0,24.483083817227012,24.483083817227012,1.0,1.0,0.0,0.0,0.11877814891187152,111,19.3852686059315,0.38545346469553543,0.96110021132608,0.6792378211477855,0.05321952029391452,0.06302926776645419,0.09842547611813782,0.4132813789342014,3.0
177.895219,433,631.05567,0.0,1.0,177.89521883870594,177.89521883870594,0.0,0.0,0.0,1.0,0.6706828286354084,433,27.040192846911822,0.43664794255839995,2.0,0.5762311408842546,0.07348842764010881,0.07198228268920687,0.0005385341043857425,5.033842842356658,3.0
232.966032,575,638.176959,0.0,1.0,232.96603223754084,232.96603223754084,0.0,0.0,0.0,1.0,0.7625648459521805,575,29.481786672551213,0.4814376397753689,1.4985317431381047,0.602861233211082,0.062086477901624595,0.05739270148069962,0.020473254884773914,2.09126656624389,3.0
34.352866,131,639.792491,0.0,1.0,34.352865911410085,34.352865911410085,0.0,0.0,0.0,1.0,0.13597074247603488,131,18.298271816408697,0.2807792420327977,1.4478901602863166,0.6277042200774637,0.05655990302107716,0.06028184271950758,0.0,nan,3.0
177.687805,366,644.092721,0.0,1.0,177.68780549309722,177.68780549309722,0.0,0.0,0.0,1.0,0.5467328433694797,366,34.748611064041164,0.44921728899788677,2.0,0.5107517003850207,0.050952846235264845,0.050824857148967804,0.0016122022823376375,4.134829122263476,3.0
184.318307,357,648.788813,0.0,1.0,184.31830742653094,184.31830742653094,0.0,0.0,0.0,1.0,0.6071620908857893,357,34.09839184378057,0.4021534469312224,1.657991302350855,0.5714269288572944,0.07814250439822841,0.08067340376664277,0.04605937682490405,1.2145650625539504,3.0
27.57585,116,650.823609,0.0,1.0,27.57585017634691,27.57585017634691,1.0,1.0,0.0,0.0,0.10418365500888813,116,21.55905197382179,0.4652722585472542,0.7794570087721576,0.5222785138878329,0.09362645601404124,0.08952522072298773,0.0,nan,3.0
23.069975,106,652.170023,0.0,1.0,23.069975094487667,23.069975094487667,1.0,1.0,0.0,0.0,0.12541256284845942,106,18.89408354458469,0.4010340083955809,0.992695687358573,0.5571038218320541,0.07249862180565889,0.08193258406980983,0.033783197696767533,0.37392258482355395,3.0
49.36963,152,654.410742,0.0,1.0,49.369629633530245,49.369629633530245,1.0,1.0,0.0,0.0,0.16679825297668177,152,23.36487246852703,0.38661965812946286,1.092009644896663,0.5692320622650808,0.12310296767636349,0.12503316527918765,0.08616150622745562,1.0691031705532257,3.0
46.881562,200,657.181671,0.0,1.0,46.881562218911874,46.881562218911874,1.0,1.0,0.0,0.0,0.23311705150754802,200,23.059148836139343,0.6287808390279672,1.991541960663908,0.5813061757385731,0.10808031469583511,0.1026403957605362,0.09337167178898655,1.0058381683914985,3.0
131.044781,346,660.873892,0.0,1.0,131.04478073267947,131.04478073267947,0.0,0.0,0.0,1.0,0.5022434893042849,346,29.429625758103075,0.5253741477820341,2.0,0.4745377264701562,0.058794013337592856,0.05706187273036538,0.034847368201169904,1.7391622576551224,3.0
332.103097,562,666.501264,1.0,0.0,332.1030973330409,332.1030973330409,0.0,0.0,0.0,0.0,0.9908999300660688,562,34.35381634215991,0.45788416304928475,2.0,0.5917793727642277,0.054219802715600174,0.05595498831670904,0.05008232598081488,0.34688000971687943,3.0
125.581103,274,669.923096,0.0,1.0,125.58110334871833,125.58110334871833,0.0,0.0,0.0,1.0,0.469139171013854,274,29.840228337401523,0.37866486669993427,1.155811718820354,0.5588290739233477,0.04107856837502361,0.044728203411519965,0.0,nan,3.0
272.028371,524,676.078338,0.0,1.0,272.02837084620137,272.02837084620137,1.0,1.0,0.0,0.0,0.8178625271061979,524,31.390309609449933,0.4003665049662975,1.599530189615321,0.5921287213288645,0.08284914652809842,0.08080163529811014,0.07328807570455594,0.0082467813666487,3.0
154.559126,305,679.621495,0.0,1.0,154.5591262185715,154.5591262185715,0.0,0.0,0.0,1.0,0.4811031685280266,305,32.80763261996447,0.42286976932998754,2.0,0.5884298231513774,0.04884581487686908,0.05179159797605921,0.04257583178867883,0.7154101052156412,3.0
108.562101,311,684.011968,0.0,1.0,108.56210082289228,108.56210082289228,0.0,0.0,0.0,1.0,0.6028830682740893,311,27.54717637783545,0.46913778828828145,1.5534601662819896,0.5320516135004556,0.038924185026113625,0.04158591840811481,0.0,6.453393735329164,3.0
25.719654,106,686.508576,0.0,1.0,25.71965369686049,25.71965369686049,1.0,1.0,0.0,0.0,0.10992596717992456,106,17.984304737288163,0.320007932693213,0.9048644975307676,0.601110670082974,0.05903906304881258,0.06035189021308467,0.0426215525607793,0.3607722409416837,3.0
326.639969,527,693.11994,1.0,0.0,326.63996882655124,326.63996882655124,0.0,0.0,0.0,0.0,0.9903025780555192,527,30.986259106155142,0.35153509549016937,0.9993194605655433,0.6554986044934171,0.04483999212959912,0.046820268006659546,0.029147863107469144,1.3136813564183782,3.0
138.712347,285,696.503012,0.0,1.0,138.71234737933742,138.71234737933742,0.0,0.0,0.0,1.0,0.3579391235231397,285,30.924139600943306,0.3672092504836292,1.8845947950302289,0.5827799851957121,0.055099779262877346,0.053085334259167054,0.02896462124948256,0.953329347852418,3.0
91.347046,203,699.605058,0.0,1.0,91.34704610145897,91.34704610145897,1.0,1.0,0.0,0.0,0.27030518748286253,203,30.3437299519029,0.3997505307381081,0.9795538428732986,0.5775052355648261,0.06354441724974534,0.06464153029061304,0.05394730126397554,1.139251121042946,3.0
117.297237,250,702.588558,0.0,1.0,117.29723676524625,117.29723676524625,0.0,0.0,0.0,1.0,0.4007683916263217,250,30.771027692059025,0.36614473578627266,1.1060545715002579,0.5743473204374313,0.053096020221710206,0.0568745493888855,0.012923410166287702,3.3303854741353476,3.0
176.490811,432,707.664841,0.0,1.0,176.49081100873764,176.49081100873764,0.0,0.0,0.0,1.0,0.8527041117148153,432,40.11470639352078,0.684134899889973,2.0,0.5202905405485244,0.08931460010784643,0.08638674600256814,0.13078345763630178,0.02249170176290105,3.0
206.666114,490,713.805305,0.0,1.0,206.66611363298904,206.66611363298904,1.0,1.0,0.0,0.0,0.6120658248569825,490,33.97184865447084,0.5359229427254893,2.0,0.6253748595258412,0.06888027775044343,0.06638224635805402,0.0480535314779956,0.10306401856675802,3.0
151.58786,275,717.10601,0.0,1.0,151.58785980131248,151.58785980131248,1.0,1.0,0.0,0.0,0.281664724117809,275,31.897183640636364,0.35189120040525534,0.9562425340822749,0.5250911101427945,0.06594495686617764,0.060325787284157495,0.04975486499956054,1.9751613324881778,3.0
117.960968,314,720.83748,0.0,1.0,117.96096762749222,117.96096762749222,0.0,0.0,0.0,1.0,0.3346303097919493,314,27.825050055003377,0.45285740564103183,2.0,0.5966836118916418,0.06310503953581403,0.06650914659925328,0.0,nan,3.0
135.904084,254,723.815356,0.0,1.0,135.90408357927333,135.90408357927333,0.0,0.0,0.0,1.0,0.2779784989909958,254,31.365380213227837,0.3195590468584554,2.0,0.5649312826709485,0.04811291150220736,0.04710439058739369,0.000509594372460147,5.435320973035325,3.0
74.904463,160,725.912745,0.0,1.0,74.9044625593707,74.9044625593707,1.0,1.0,0.0,0.0,0.3147403197354002,160,28.50480204082165,0.3279273607532542,0.9947058588455413,0.5549887382891029,0.07231563553214074,0.07603779733181,0.1710302232137158,0.6607537556082009,3.0
162.953855,380,729.626022,0.0,1.0,162.95385465607697,162.95385465607697,0.0,0.0,0.0,1.0,0.4895792055950545,380,34.06529809108393,0.5279598834467878,1.2732106158709366,0.5732531458139419,0.04916625681676363,0.05259317943924352,0.05792972615446483,0.8770388680259353,3.0
102.513517,277,732.531454,0.0,1.0,102.51351690179735,102.51351690179735,0.0,0.0,0.0,1.0,0.4367044456261802,277,28.84672446183898,0.4862210210521521,1.2765879981359582,0.5639477920338565,0.07976512573255959,0.07753131751119015,0.0,nan,3.0
94.641521,226,734.773872,0.0,1.0,94.64152085491855,94.64152085491855,0.0,0.0,0.0,1.0,0.4009592999265268,226,29.38276763459302,0.4222867722967587,2.0,0.5252957347022221,0.05295644819209006,0.054686627556792405,0.0,nan,3.0
112.287882,294,738.207104,0.0,1.0,112.28788170027978,112.28788170027978,0.0,0.0,0.0,1.0,0.3118838957295339,294,30.624911904039926,0.4622646417021,1.6714871837929373,0.5625829459959958,0.07473323620906493,0.07049342726363617,2.2862029573428903e-05,5.959671379832471,3.0
101.800053,294,741.887746,0.0,1.0,101.8000525579312,101.8000525579312,0.0,0.0,0.0,1.0,0.5742230481544471,294,26.777895478752306,0.5499547439737397,2.0,0.47158954677735865,0.08555105146096677,0.0924333447501773,0.01654775482242548,3.0056243908327267,3.0
136.356931,364,746.845929,0.0,1.0,136.35693074576804,136.35693074576804,0.0,0.0,0.0,1.0,0.6893739326445205,364,34.56990006503749,0.6084819718281117,2.0,0.5541328421312866,0.13163774255867844,0.1316389412015349,0.06324901158833535,0.6982309549108882,3.0
50.648564,167,748.24455,0.0,1.0,50.64856367624617,50.64856367624617,1.0,1.0,0.0,0.0,0.17870840817982475,167,24.24634058261822,0.4647647143559877,0.965862352902493,0.48320517929906615,0.07970265214314717,0.07986225874838002,0.08488202794270774,0.9847399427974128,3.0
194.260987,411,754.226237,0.0,1.0,194.2609866031581,194.2609866031581,1.0,1.0,0.0,0.0,0.664133621417547,411,30.00467262213386,0.41675167647295347,1.1254106923944636,0.5892199374318413,0.09476141468451842,0.08291280791707283,0.02815026728813863,1.4374918644287649,3.0
128.576863,327,758.368503,0.0,1.0,128.576862760886,128.576862760886,0.0,0.0,0.0,1.0,0.4769857443776667,327,28.46710425780879,0.4826903504461324,1.6727117115039722,0.5657092284080815,0.116281562806634,0.11352071375657294,0.01931199667552857,0.9240632694618277,3.0
103.273033,251,760.86971,0.0,1.0,103.27303301678546,103.27303301678546,1.0,1.0,0.0,0.0,0.33615164486955945,251,31.01215408656689,0.562176681226575,2.0,0.5315323307575932,0.08712923859220102,0.08512635345003045,0.06801824492765719,0.9398405488368309,3.0
197.350615,421,766.089757,0.0,1.0,197.35061463339252,197.35061463339252,0.0,0.0,0.0,1.0,0.6283871987610085,421,32.609537165375585,0.448437096747243,1.6247991075892168,0.5427672254218059,0.06324522767100935,0.06108769073622244,0.01780553888405236,2.4380420833672827,3.0
225.7329,339,770.352026,0.0,1.0,225.73289964856897,225.73289964856897,1.0,1.0,0.0,0.0,0.6131324971103629,339,39.87936464621592,0.411816475899571,1.5142909655469525,0.5801937239447877,0.08097748840804649,0.07918761507951405,0.09336362514720435,0.6112296832995955,3.0
124.582001,270,774.338167,0.0,1.0,124.58200131019788,124.58200131019788,0.0,0.0,0.0,1.0,0.44892961386314184,270,30.653418162488318,0.4343342236934896,1.1271317894823398,0.5776127627326383,0.06625366387543855,0.06838510787045514,0.024488318060419973,3.545267365157689,3.0
47.00267,137,775.924119,0.0,1.0,47.00267022765332,47.00267022765332,0.0,0.0,0.0,1.0,0.2116355867978921,137,24.527481634904245,0.3697267455974513,1.5271004666557588,0.48129049280699154,0.07163158298408898,0.07747050967529742,0.0,12.925320476332983,3.0
149.136429,388,780.98234,0.0,1.0,149.13642900928602,149.13642900928602,1.0,1.0,0.0,0.0,0.4717765851632073,388,36.53648995509962,0.5644023014353942,1.7328440480616614,0.5058977520573384,0.04490071565834517,0.04155203915133919,0.04303844629690836,0.9895272220574901,3.0
120.025931,300,784.10246,0.0,1.0,120.02593091481347,120.02593091481347,1.0,1.0,0.0,0.0,0.549055012407109,300,32.13115147678158,0.5389637456761721,2.0,0.5358954018106064,0.07228506962458292,0.0686407083272934,0.016603409914115227,1.5248499601899852,3.0
203.35238,394,788.271948,0.0,1.0,203.35237954935704,203.35237954935704,1.0,1.0,0.0,0.0,0.6089176139360624,394,28.242692790085005,0.35077536836633677,0.9768457721058852,0.6002548522301737,0.09431471800441064,0.09153907613705863,0.034643541003866796,1.9074867467002397,3.0
214.859549,419,793.631032,0.0,1.0,214.85954888156215,214.85954888156215,1.0,1.0,0.0,0.0,0.5784449823647186,419,33.66158730543139,0.4248047986430696,1.2845406611200023,0.5820272761377059,0.09215259751158283,0.09225746128610324,0.061541128063843126,0.06874854215404326,3.0
234.640581,366,798.030792,0.0,1.0,234.64058063183595,234.64058063183595,0.0,0.0,0.0,1.0,0.7725152711820377,366,34.33338263863295,0.31042501005089185,1.0372615389587774,0.5309961837935236,0.07550599079965893,0.08376287436876141,0.05966931574107347,1.0123525105236688,3.0
163.659068,329,802.255825,0.0,1.0,163.6590682877225,163.6590682877225,1.0,1.0,0.0,0.0,0.4238741217381174,329,31.632652519866628,0.4152694994861659,0.9973169195993821,0.547294422621785,0.10328523692389027,0.09144015297701294,0.05613662879199667,0.8515738543033654,3.0
126.967839,277,805.780234,0.0,1.0,126.96783944408836,126.96783944408836,1.0,1.0,0.0,0.0,0.3476791566731888,277,32.78154347010783,0.4828777320893619,0.9961920201618609,0.5394107757492617,0.13276073067627228,0.125347652805411,0.05806718061329452,1.0846713234918017,3.0
192.164693,335,809.181744,0.0,1.0,192.1646927694409,192.1646927694409,1.0,1.0,0.0,0.0,0.6089804210840523,335,32.93297828670725,0.3608326365919662,1.0437704523382423,0.5472868180764255,0.0510482460705202,0.05343614478609455,0.058313284714128916,0.47272875470892706,3.0
130.721204,216,811.971377,0.0,1.0,130.72120396892333,130.72120396892333,1.0,1.0,0.0,0.0,0.36710711471180635,216,33.09279178523578,0.29287773894954156,1.1746790744680118,0.5884498317415515,0.06587283892763986,0.06854049337131006,0.038735415500787296,0.370283379671552,3.0
97.347437,211,813.894938,0.0,1.0,97.34743719620346,97.34743719620346,1.0,1.0,0.0,0.0,0.33555680819714334,211,29.231215287519795,0.345766515519949,0.9997224322271224,0.5704503642368656,0.09948579281992256,0.094796425923352,0.08679153621542747,0.8334792038988053,3.0
152.090954,308,817.83874,0.0,1.0,152.090953511196,152.090953511196,0.0,0.0,0.0,1.0,0.5114148203181503,308,35.03235190363353,0.4020505961708042,1.1032623360003326,0.5084191868807395,0.08571134449599625,0.07786482224216709,0.0004479247669552037,5.500379469223384,3.0
178.927471,406,822.278437,0.0,1.0,178.92747106464202,178.92747106464202,0.0,0.0,0.0,1.0,0.6652585251922852,406,28.248245519248336,0.4192340326277801,2.0,0.5195364437336698,0.09834660685121133,0.10192068912125574,0.0020793644839766927,4.111511890292949,3.0
161.564206,379,826.692556,0.0,1.0,161.5642064007419,161.5642064007419,1.0,1.0,0.0,0.0,0.5595519776708818,379,28.1505690559646,0.41624237632251126,1.108824288467667,0.5494230644172917,0.12944241752725164,0.12431942237084019,0.028521465564858545,0.201286414506788,3.0
148.462186,308,830.618354,0.0,1.0,148.46218638974048,148.46218638974048,0.0,0.0,0.0,1.0,0.4437949186850168,308,28.736180610974824,0.3718569758099335,1.2010176208317727,0.5472162770494432,0.1472311368236294,0.14257294287929287,0.04156211489636425,0.09674733887308062,3.0
172.56089,345,835.550394,0.0,1.0,172.5608901786677,172.5608901786677,0.0,0.0,0.0,1.0,0.5095794051925207,345,30.196566018945806,0.3899945670795975,2.0,0.4939557719705761,0.08632079103718633,0.08448827301246532,0.02026091916403218,3.1982334906281817,3.0
151.48606,259,838.590294,0.0,1.0,151.48605981175209,151.48605981175209,1.0,1.0,0.0,0.0,0.38892652657171356,259,33.83115054670562,0.34292449171611133,0.9549447931945286,0.576139868715325,0.08973232659593973,0.09100207859024578,0.0781207358309496,0.9358616087732685,3.0
88.563329,237,841.274772,0.0,1.0,88.56332881481569,88.56332881481569,0.0,0.0,0.0,1.0,0.31174586320000636,237,25.33264760291854,0.40892578152451603,1.0277714065667896,0.47435622291348656,0.10649771428812405,0.11303058052867777,0.026909639333388927,3.84242685067947,3.0
114.800542,201,844.947892,0.0,1.0,114.80054194062716,114.80054194062716,0.0,0.0,0.0,1.0,0.3293843788796777,201,32.74100624516418,0.2966632510111793,1.2503508266012584,0.5540876674711408,0.06134232063198564,0.06256383983650017,0.0,7.276407449710127,3.0
102.861445,191,847.593101,0.0,1.0,102.86144482249239,102.86144482249239,1.0,1.0,0.0,0.0,0.24752658423482432,191,29.43655169924968,0.2622711241276365,0.9034794571121162,0.5400437641284228,0.09202921702599651,0.09250808947997567,0.07579735004197026,1.3585679506163448,3.0
43.559345,123,849.178554,0.0,1.0,43.55934525657564,43.55934525657564,0.0,0.0,0.0,1.0,0.14937462978492672,123,26.483435364360634,0.30876472594570314,1.1221182671986485,0.5382119309369141,0.07582893701103645,0.08395901831184946,0.0,nan,3.0
207.070906,418,853.416365,0.0,1.0,207.0709061745193,207.0709061745193,0.0,0.0,0.0,1.0,0.7330442101273728,418,37.39282797440306,0.557194770454758,2.0,0.5167661753781675,0.07579475299022985,0.06961868995684756,0.03141704159234005,0.01810674049999315,3.0
110.427632,236,856.551197,0.0,1.0,110.42763170735033,110.42763170735033,1.0,1.0,0.0,0.0,0.3429737559642249,236,31.278892758515852,0.4004213559593964,0.9995458366854815,0.5814759337927325,0.07983807638540107,0.07903958377191576,0.08876533369811629,1.0051791012414353,3.0
119.811414,242,860.004066,0.0,1.0,119.81141398747229,119.81141398747229,1.0,1.0,0.0,0.0,0.27547902472954483,242,29.513766044028326,0.35706068637761107,0.987207180981029,0.4868717369400273,0.10201187961357684,0.09554173089255971,0.10416316553713076,0.07477910139267292,3.0
139.730435,254,861.96967,0.0,1.0,139.73043539683184,139.73043539683184,0.0,0.0,0.0,1.0,0.47886217708341566,254,34.0037354139581,0.37167163981341705,1.0984231981988049,0.5538757480387613,0.11196071331895242,0.10420799255371094,0.0893123338897712,1.740064822702984,3.0
19.8283,98,863.156403,0.0,1.0,19.828299735703837,19.828299735703837,1.0,1.0,0.0,0.0,0.08293604701883694,98,20.001239863440404,0.4485229160848137,0.9512778452521997,0.5655677545131469,0.09545314676907597,0.10565722840172904,0.11262268800666551,0.33845710599905954,3.0
159.358872,348,867.482078,0.0,1.0,159.35887185794326,159.35887185794326,1.0,1.0,0.0,0.0,0.5732066324825796,348,34.531420967504566,0.4779956850478587,1.579730119595004,0.5391656843752697,0.07928117732892091,0.08335570836889333,0.0671049719855295,0.0237571276670411,3.0
150.172804,241,869.93715,0.0,1.0,150.17280411077496,150.17280411077496,1.0,1.0,0.0,0.0,0.4599950589311558,241,37.14899521587233,0.41199322761008017,0.9911019874621224,0.5565494818929815,0.06039949571443297,0.059100449085235596,0.14955074039208704,0.5638835002671849,3.0
101.320385,236,872.682781,0.0,1.0,101.32038463050093,101.32038463050093,1.0,1.0,0.0,0.0,0.4195162781010677,236,32.17441749747369,0.46546870893579767,0.9999355520443697,0.5410293814236835,0.1133923785666288,0.12457384648969617,0.07969901839233742,1.5160155411350518,3.0
265.668122,652,881.193258,0.0,1.0,265.6681221940307,265.6681221940307,1.0,1.0,0.0,0.0,0.9285028633767299,652,31.955891187979834,0.5462752443780654,1.9915653233309407,0.5413820933082079,0.11201699279203005,0.1087668603914647,0.06929976621983326,1.4088673083086232,3.0
97.463764,190,884.055539,0.0,1.0,97.4637639906699,97.4637639906699,1.0,1.0,0.0,0.0,0.41864361918979276,190,32.14850441945407,0.3827379970398165,0.9908806729057019,0.5285206334371316,0.10124134954653288,0.09492486087899459,0.13177433003252043,0.5451386158085857,3.0
172.678217,345,888.445231,0.0,1.0,172.67821730478005,172.67821730478005,0.0,0.0,0.0,1.0,0.5665434307202001,345,32.02702283768161,0.39459209395955774,1.1077947427307093,0.5072711346374041,0.07030763660652051,0.06587911032248234,0.0,nan,3.0
88.383032,203,890.431496,0.0,1.0,88.38303223864618,88.38303223864618,0.0,0.0,0.0,1.0,0.37300814182384984,203,31.621296318397004,0.40793000050608924,1.4415545511591368,0.42921546435561675,0.07848069233260131,0.07732189347591306,0.0015659312814146587,5.009327088368281,3.0
47.649916,150,893.079604,0.0,1.0,47.649915901184904,47.649915901184904,0.0,0.0,0.0,1.0,0.18789379662989175,150,24.087171340758132,0.4282870332812635,1.0357905669363678,0.6014591056853533,0.050233733654022214,0.05690040032068888,0.0,12.379118331574446,3.0
235.822372,354,898.150399,0.0,1.0,235.82237207368848,235.82237207368848,1.0,1.0,0.0,0.0,0.5212366240694348,354,36.64080997160352,0.32025200165835627,0.963113058984329,0.5097809940323992,0.07089869198152575,0.0773685069407447,0.06752052546580858,0.08552404210834744,3.0
77.8633,212,900.797414,0.0,1.0,77.86330028276765,77.86330028276765,1.0,1.0,0.0,0.0,0.38522669976539453,212,32.03215577601419,0.5347097781701903,1.4745649396077882,0.5464541981313026,0.05902385542977531,0.061078963414678035,0.10275729126222173,0.8737478241539304,3.0
66.334602,157,902.730394,0.0,1.0,66.33460199582032,66.33460199582032,0.0,0.0,0.0,1.0,0.20643746688165132,157,29.985573351514287,0.3035307598478102,1.0951572072198523,0.5435135782144631,0.037477643626510716,0.04384707037810307,0.0,6.147614943940131,3.0
125.020841,253,906.29541,0.0,1.0,125.02084081099585,125.02084081099585,0.0,0.0,0.0,1.0,0.39326536379274896,253,34.633363213712165,0.44588337332729827,2.0,0.4823233542058308,0.06123681360553847,0.06142239749667201,0.07727615833249488,0.8347286309381579,3.0
151.764293,260,909.589809,0.0,1.0,151.76429331807105,151.76429331807105,1.0,1.0,0.0,0.0,0.4742447656074135,260,31.47254504410572,0.3224019993225122,0.9968576945919442,0.5604461666483146,0.07559930957280672,0.07553331026664147,0.13361420754887338,0.4223565821156385,3.0
278.036927,495,914.319766,0.0,1.0,278.0369273811444,278.0369273811444,1.0,1.0,0.0,0.0,0.7010211495059996,495,33.62781362361985,0.4046507428233687,0.9976097610263369,0.49764534315150794,0.07029630559863466,0.07107727696197201,0.05064583049253775,1.5360298072151355,3.0
159.360244,381,919.669025,0.0,1.0,159.36024373711874,159.36024373711874,0.0,0.0,0.0,1.0,0.6350405266499993,381,33.699266998015396,0.553839576863688,2.0,0.49896689028212715,0.09942752075946237,0.08947090667689567,0.07457875480997093,0.8811829210966035,3.0
116.325308,239,922.264975,0.0,1.0,116.3253081948504,116.3253081948504,1.0,1.0,0.0,0.0,0.44091911048280696,239,35.5450121613482,0.39332216828248256,1.0217935242361926,0.5074911075780582,0.07463516949609733,0.07516816171143344,0.06447001426972021,0.35932740215266584,3.0
103.842214,259,924.655067,0.0,1.0,103.84221370154913,103.84221370154913,0.0,0.0,0.0,1.0,0.5743680377104629,259,30.388923707861068,0.5496565362210358,2.0,0.42120557186341195,0.048748802494358374,0.05502677516127185,0.0,nan,3.0
215.06497,488,932.296485,0.0,1.0,215.06497042377765,215.06497042377765,0.0,0.0,0.0,1.0,0.8890359017627015,488,37.38923206049896,0.5366866064633715,2.0,0.5166909953380828,0.08165921869336581,0.08074996705915106,0.03386914462463005,1.7646855082478625,3.0
261.543244,422,938.400144,0.0,1.0,261.5432443199823,261.5432443199823,0.0,0.0,0.0,1.0,0.6087706726741174,422,41.02317290768294,0.47140485863435766,1.6898724012352688,0.5339281797603267,0.06357326157285138,0.06334722804797205,0.09712704349148656,0.31178459705960926,3.0
113.497005,196,940.490667,0.0,1.0,113.49700533762778,113.49700533762778,1.0,1.0,0.0,0.0,0.28778517124399455,196,33.1973576759607,0.281220078559824,0.9767241671658928,0.4948336560355157,0.10662116870588186,0.10552814846136133,0.10408738888236244,0.8733649905292346,3.0
105.085676,216,944.573863,0.0,1.0,105.08567613625814,105.08567613625814,0.0,0.0,0.0,1.0,0.3516550346366469,216,35.787008415147525,0.46054196216222615,1.3419409012930277,0.5616768776197676,0.05039887295828925,0.060289356443617076,0.035047737853458744,2.549310911998611,3.0
24.340539,110,946.429302,0.0,1.0,24.34053920067639,24.34053920067639,1.0,1.0,0.0,0.0,0.08223169612926289,110,16.669052487823922,0.2829479179858445,0.9850067569052562,0.5780776293778961,0.10005802024494517,0.1083222898569974,0.0,16.46943963202303,3.0
97.178764,220,949.24272,0.0,1.0,97.17876417110861,97.17876417110861,1.0,1.0,0.0,0.0,0.35569500329381704,220,33.59766585497956,0.5388113512713805,2.0,0.5084439523518085,0.057120175795121624,0.0605022517117587,0.05456394675078495,1.2555297548329256,3.0
109.548687,213,952.197905,0.0,1.0,109.54868707199414,109.54868707199414,1.0,1.0,0.0,0.0,0.448602490496935,213,35.02107385962007,0.39959254414938916,0.9805381583690871,0.5041248211418519,0.07359988924483178,0.07560402770557315,0.043769848379887503,0.7945972500810561,3.0
122.140529,244,955.760165,0.0,1.0,122.14052866710466,122.14052866710466,1.0,1.0,0.0,0.0,0.5345111539934481,244,33.43449247126457,0.42765050174475805,0.9899897489935795,0.5562662845324786,0.05588580692400698,0.05073723441264669,0.08423831891865557,0.8131661436134432,3.0
136.159983,256,958.790321,0.0,1.0,136.15998310520203,136.15998310520203,1.0,1.0,0.0,0.0,0.5574234226272902,256,41.06313028985447,0.5483759080681258,2.0,0.45901516333105974,0.053872783202677965,0.05862946156412363,0.09649235690476855,0.04426685967128237,3.0
33.938073,131,960.424393,0.0,1.0,33.9380731861474,33.9380731861474,0.0,0.0,0.0,1.0,0.15502109145770807,131,24.651555459972442,0.44444725016887565,1.2805493199152171,0.5257592146064489,0.09544714989552971,0.09853077253312555,0.0,11.002676458305023,3.0
87.263673,186,963.367551,0.0,1.0,87.26367295404637,87.26367295404637,0.0,0.0,0.0,1.0,0.345781301629351,186,34.335586404250705,0.5085906376183593,1.9443037181229332,0.5042312647145922,0.04129790009990815,0.04155643043979522,0.0,6.265238365625725,3.0
21.238197,104,964.797812,0.0,1.0,21.23819715877787,21.23819715877787,1.0,1.0,0.0,0.0,0.09914138774651066,104,20.53405068138312,0.44550990316901284,0.9969552313924422,0.5016700537660375,0.05711456388235092,0.06499285824023761,0.06929430214204958,0.39004492692954373,3.0
79.206337,178,967.480923,0.0,1.0,79.20633721897761,79.20633721897761,0.0,0.0,0.0,1.0,0.2807951136992658,178,29.776767859827018,0.35160689640576226,1.0951422892225042,0.48097146461518964,0.03064633152458105,0.0327641742952754,0.0,nan,3.0
159.708018,327,971.372625,0.0,1.0,159.70801818650114,159.70801818650114,0.0,0.0,0.0,1.0,0.5779888232594165,327,33.883811946015,0.44814060609128137,1.658464794083698,0.4886641148990447,0.04402892195850337,0.04591533277377441,0.0,7.032290148395224,3.0
138.590265,265,974.881281,0.0,1.0,138.59026462586877,138.59026462586877,1.0,1.0,0.0,0.0,0.3720576305489353,265,30.74990364405419,0.377203042967458,1.2276921113731227,0.5010642100898725,0.09276215580274474,0.08285078687487908,0.10099208321560611,0.9589278981067727,3.0
69.962463,202,977.300598,0.0,1.0,69.96246253036092,69.96246253036092,1.0,1.0,0.0,0.0,0.2888549522807181,202,28.025839826799558,0.4467532046579527,1.0607916359060894,0.49919361215416747,0.08119736213495235,0.08639355284152644,0.08750955396477902,1.1939809202332674,3.0
66.285123,146,979.242494,0.0,1.0,66.28512290365022,66.28512290365022,1.0,1.0,0.0,0.0,0.23884923017418794,146,28.13520373318636,0.36340211525549,0.9898490085099585,0.539365494725843,0.08607483155106845,0.08162976985108363,0.11091419054058405,1.0281802250422754,3.0
160.265736,249,982.156993,0.0,1.0,160.265735500727,160.265735500727,1.0,1.0,0.0,0.0,0.49680813921353334,249,39.35036569498626,0.37656930790144044,0.9875023110772186,0.5295750300987179,0.06140375041578668,0.06710055554248243,0.09776354052332764,0.06927348245899702,3.0
90.852552,220,985.270854,0.0,1.0,90.85255168214489,90.85255168214489,1.0,1.0,0.0,0.0,0.39535334924312154,220,33.8471092914155,0.48911037819184694,1.3601079105363438,0.4607548811557618,0.057804135300896384,0.062128596956079654,0.054481691456824,0.5418832797612605,3.0
135.201973,274,989.378308,0.0,1.0,135.2019728962186,135.2019728962186,0.0,0.0,0.0,1.0,0.49286763388367727,274,33.241133533840454,0.4167018482984102,1.0552500091664883,0.4776434477717772,0.050604507000776976,0.05297021448177143,0.03165809176258487,2.2499256822783837,3.0
138.858194,252,992.529166,0.0,1.0,138.85819405375608,138.85819405375608,1.0,1.0,0.0,0.0,0.42008003148323836,252,32.671088330299625,0.38358669356486663,1.0862953904553585,0.5177820419508313,0.07365654006836907,0.07428384915230767,0.08774801444110185,1.0144383820158387,3.0
34.635246,96,994.269041,0.0,1.0,34.635245874229156,34.635245874229156,1.0,1.0,0.0,0.0,0.12005478297706808,96,24.616573299469277,0.26701221158259303,1.0045495387037917,0.44740486548592645,0.052656435718139015,0.06307310238480568,0.16267030708228827,0.8705562949689339,3.0
134.867754,226,996.502261,0.0,1.0,134.86775448658184,134.86775448658184,0.0,0.0,0.0,1.0,0.396069764866057,226,35.012500469002845,0.3773919454130317,2.0,0.5378845971143615,0.08799515994249192,0.0867710751769817,0.0850881991142509,0.08200007817725757,3.0
147.385315,226,998.919895,0.0,1.0,147.38531505741227,147.38531505741227,1.0,1.0,0.0,0.0,0.4081505881412297,226,35.63163130449904,0.2896962614702599,0.9814051197097075,0.4682516864772919,0.07482828133929093,0.06998988221176958,0.046748174873053695,0.5098747473182018,3.0
106.861688,188,1002.124446,0.0,1.0,106.86168843499803,106.86168843499803,1.0,1.0,0.0,0.0,0.33945996314229715,188,34.66908956787078,0.3236557761659586,1.2065676752435806,0.5449892976816665,0.04086244486747904,0.04492308865202234,0.12333405016723523,0.7395870448404152,3.0
172.860385,253,1005.397004,0.0,1.0,172.86038485782805,172.86038485782805,1.0,1.0,0.0,0.0,0.40950073512500607,253,38.89460710749766,0.3168561821596528,0.9743040682455644,0.5621427179207443,0.053117883770833374,0.05190213843296639,0.09598892217691217,0.5044483780899494,3.0
95.982871,229,1008.472265,0.0,1.0,95.98287098955188,95.98287098955188,1.0,1.0,0.0,0.0,0.3069275638047651,229,31.575700212535587,0.5497019552096095,2.0,0.4516667646872425,0.060367553775487505,0.06766978595975184,0.06822800118669006,0.5359778055868146,3.0
43.791667,107,1009.941428,0.0,1.0,43.7916666358705,43.7916666358705,1.0,1.0,0.0,0.0,0.10361821058562719,107,22.793263549627643,0.22233704317434885,0.5210685931154434,0.506104377524875,0.03291146777500616,0.04225726216752952,0.04313151074746753,0.013124503864014514,3.0
70.817468,212,1012.750015,0.0,1.0,70.81746813738481,70.81746813738481,0.0,0.0,0.0,1.0,0.32072633584592164,212,29.285946123935894,0.4438202161231716,1.3816505975814513,0.47089748144290355,0.04183206524489061,0.04654904637696608,0.0,8.919766054584157,3.0
137.386175,274,1016.548134,0.0,1.0,137.3861747349232,137.3861747349232,0.0,0.0,0.0,1.0,0.4737523055825421,274,37.083860828323495,0.5280606476524609,2.0,0.5161831787495065,0.06528163086758913,0.06559058088455758,0.07444375778175205,0.642132067494205,3.0
238.612033,384,1024.446777,0.0,1.0,238.6120325611881,238.6120325611881,1.0,1.0,0.0,0.0,0.6426683198432234,384,36.55918932114766,0.4051143273931568,0.982355528798715,0.499809205357451,0.05829986681540807,0.06118749361485243,0.09388061859308534,0.0036639912960969813,3.0
124.300198,281,1028.287467,0.0,1.0,124.30019770730104,124.30019770730104,0.0,0.0,0.0,1.0,0.4998656494829233,281,37.7931627041954,0.5272038249190081,2.0,0.49670916994589503,0.06697310501994612,0.07068096106586931,0.055352780240389636,0.4350588116723868,3.0
108.300212,197,1029.676056,0.0,1.0,108.30021188833706,108.30021188833706,0.0,0.0,0.0,1.0,0.3472174789777129,197,33.687666572529594,0.33223580938353,1.1226549315239518,0.5080745327026408,0.038196370383809665,0.04327251251578936,0.0035390376752850073,4.473438587542566,3.0
56.094426,218,1032.570261,0.0,1.0,56.09442638461988,56.09442638461988,0.0,0.0,0.0,1.0,0.3115847408912452,218,26.42788885161259,0.6222379088388096,2.0,0.4482993225849003,0.07405384472750742,0.06889451862475195,0.0,11.044557152890965,3.0
172.441587,340,1036.714973,0.0,1.0,172.44158730668659,172.44158730668659,1.0,1.0,0.0,0.0,0.5159577470376225,340,34.06292140453613,0.46461698907901167,0.9954983823787926,0.5662960642181775,0.10925606173627517,0.10090555794098797,0.14110636354864617,0.006913699954699937,3.0
129.619035,269,1040.676509,0.0,1.0,129.61903482946644,129.61903482946644,1.0,1.0,0.0,0.0,0.3667299981943788,269,33.52243427957613,0.4164656527900956,1.1965889576910171,0.48162398013705215,0.04995136766185548,0.05221663398813581,0.0706378648959919,1.6301429512563692,3.0
186.137567,289,1044.141628,0.0,1.0,186.13756722949657,186.13756722949657,0.0,0.0,0.0,1.0,0.48739959287299917,289,39.846538972795074,0.40283835290201436,1.538352339697763,0.5327408451419389,0.06804569534776946,0.06419142637285807,0.06434100985723197,1.2386300577922271,3.0
43.276256,200,1046.896642,0.0,1.0,43.276255958178766,43.276255958178766,0.0,0.0,0.0,1.0,0.2296404243819226,200,23.41912080959058,0.5077316301578706,2.0,0.42787463624030353,0.05480959892272949,0.05208931863307953,0.007540857348464698,4.197885691487395,3.0
249.101062,492,1052.788793,0.0,1.0,249.10106195544637,249.10106195544637,1.0,1.0,0.0,0.0,0.7612395358662953,492,34.822501581184724,0.44550501048903923,1.5094393494042646,0.5111254191601543,0.14670220598941897,0.14008013625455096,0.08796466337344833,0.06113456148887158,3.0
193.692847,318,1056.939491,0.0,1.0,193.69284661582822,193.69284661582822,1.0,1.0,0.0,0.0,0.5786967432453942,318,35.30348899212703,0.3449948235575213,0.9864218605019879,0.467968909292476,0.10807212137576169,0.09652344142116091,0.0782944071007251,1.2927238757229154,3.0
109.224806,236,1059.477813,0.0,1.0,109.22480608698167,109.22480608698167,1.0,1.0,0.0,0.0,0.405248905408196,236,32.6427616213998,0.45473678604175827,0.9880237429718386,0.48650854139320426,0.0890004687895209,0.09030181220022299,0.14707266536828656,0.12145935423171503,3.0
77.474347,161,1061.542546,0.0,1.0,77.4743468205045,77.4743468205045,0.0,0.0,0.0,1.0,0.23262670616788964,161,25.394688881541487,0.2428274633642476,1.6236041182869314,0.504931024755843,0.0381769445371924,0.046898967731073035,0.011352548254322031,1.9490498322864438,3.0
183.635515,263,1064.524382,0.0,1.0,183.63551512074812,183.63551512074812,1.0,1.0,0.0,0.0,0.5442455553263431,263,39.947298649032156,0.3434419693840783,0.9957089361390437,0.4710976992213227,0.058583654378303554,0.05327238737403667,0.07643650370377432,0.45303934976442556,3.0
140.14619,299,1068.167279,0.0,1.0,140.14618950200503,140.14618950200503,1.0,1.0,0.0,0.0,0.474429812201363,299,34.82817050518725,0.5292969621939797,1.9516169862932806,0.5457242329832304,0.12155171341720632,0.11545911959581152,0.07608540423674201,0.6554293946115145,3.0
64.632257,178,1071.398456,0.0,1.0,64.6322572965151,64.6322572965151,1.0,1.0,0.0,0.0,0.290705138337661,178,29.45200042202659,0.47699548497190386,2.0,0.490212717292349,0.1442278784312559,0.1494919356335415,0.12326409832210347,0.9994588506644481,3.0
179.749188,271,1074.630622,0.0,1.0,179.74918750267804,179.74918750267804,1.0,1.0,0.0,0.0,0.536762306552075,271,38.79718267176002,0.3703441882648134,0.9880247543981266,0.47570472733011104,0.05353691393158973,0.056303719752829016,0.08359939662748717,0.6657837069106416,3.0
185.138814,345,1078.586216,0.0,1.0,185.1388143514747,185.1388143514747,0.0,0.0,0.0,1.0,0.6880004078015647,345,37.66678709016301,0.44489395125319886,2.0,0.43343900498272714,0.036902731052343395,0.036827232526696244,0.0,nan,3.0
133.852871,287,1082.559482,0.0,1.0,133.8528714617695,133.8528714617695,0.0,0.0,0.0,1.0,0.3518426074539896,287,32.42458182293728,0.45079656222354253,2.0,0.42572762605568676,0.06933171429285188,0.07168395157890453,0.011850451267962758,2.3383241651024216,3.0
162.338888,220,1085.260801,0.0,1.0,162.33888802284906,162.33888802284906,1.0,1.0,0.0,0.0,0.3647588123520819,220,35.45223360005594,0.22227432564801922,0.8953741963634576,0.5204376725310629,0.08792576681483875,0.08216004967689514,0.07414245750018625,0.8644701899726368,3.0
98.01668,282,1088.978806,0.0,1.0,98.01667992629518,98.01667992629518,0.0,0.0,0.0,1.0,0.6066521499994941,282,30.38824496380413,0.5701541493626376,2.0,0.4252029426977144,0.050021590915977535,0.05039252837498983,0.0,6.570068143667295,3.0
78.122105,133,1090.720106,0.0,1.0,78.12210516138428,78.12210516138428,0.0,0.0,0.0,1.0,0.23137589058943483,133,30.84959087318116,0.2208634171914106,2.0,0.4770440779122195,0.0443341516910639,0.04201914762195788,0.02038636687262261,3.0351839771627773,3.0
61.784708,181,1093.146128,0.0,1.0,61.78470751758354,61.78470751758354,0.0,0.0,0.0,1.0,0.3176320887659138,181,29.460960049270437,0.5578200767170987,2.0,0.432779342471236,0.0766966672233455,0.0854572301411497,0.0,7.337360160480463,3.0
105.186673,223,1096.870869,0.0,1.0,105.18667348960636,105.18667348960636,0.0,0.0,0.0,1.0,0.264971138768941,223,33.3398319853739,0.42013457591305725,1.4102002112208278,0.5483189803535629,0.1298756658229058,0.12132730986505345,0.0505845033686246,0.5351491673223652,3.0
126.558524,273,1099.528531,0.0,1.0,126.55852395724219,126.55852395724219,1.0,1.0,0.0,0.0,0.5327463443314011,273,37.7600922654506,0.5469163914880081,1.8584086645386766,0.46783659893732804,0.10030124213669327,0.09537733911157964,0.14213214931439064,0.02416705545352122,3.0
72.876,146,1101.306325,0.0,1.0,72.87599990907675,72.87599990907675,0.0,0.0,0.0,1.0,0.23624674945588583,146,28.40067388719683,0.25972316115214483,1.6278091569033322,0.5629942199495965,0.07217214940345451,0.07210284226561246,0.0029487229078227722,3.7283281777494373,3.0
238.688372,407,1106.143343,0.0,1.0,238.68837214066556,238.68837214066556,1.0,1.0,0.0,0.0,0.6076497155166833,407,36.52109315762804,0.431358567824248,2.0,0.48949436482765163,0.12372942785080293,0.11724202228705478,0.06634486137144198,0.916107177947858,3.0
92.868577,186,1109.180749,0.0,1.0,92.8685765749363,92.8685765749363,0.0,0.0,0.0,1.0,0.33664648063144514,186,34.82380668174547,0.3999847179530503,1.8585254006699663,0.42212961562057977,0.08852999761540403,0.08536336819330852,0.0,nan,3.0
137.905561,252,1112.42795,0.0,1.0,137.90556105459416,137.90556105459416,1.0,1.0,0.0,0.0,0.3041107340715687,252,30.581767963143754,0.29069053522519994,0.9934106412064458,0.47198227441145313,0.08842376205656263,0.08612062155254303,0.06723220955579805,1.290523564516128,3.0
207.324458,374,1118.314369,0.0,1.0,207.32445817502654,207.32445817502654,0.0,0.0,0.0,1.0,0.7215239559093163,374,31.613538826984687,0.35098285752014735,2.0,0.4602637151704434,0.07743554048359713,0.07177241058910594,0.0,8.632560948387036,3.0
60.74922,162,1120.98646,0.0,1.0,60.7492198125214,60.7492198125214,0.0,0.0,0.0,1.0,0.2689184500287552,162,31.546856807952903,0.502322300881223,2.0,0.40418150142571074,0.07691528068648444,0.08548254032193879,0.0,8.03728205451232,3.0
314.597784,489,1127.650365,0.0,1.0,314.59778354975737,314.59778354975737,1.0,1.0,0.0,0.0,0.9549278460400824,489,37.36512686224866,0.4085751724005806,2.0,0.45583984057718013,0.10713483548603175,0.1036421338473361,0.07172893981482587,1.0614360108344687,3.0
153.087028,255,1131.272033,0.0,1.0,153.08702843922487,153.08702843922487,1.0,1.0,0.0,0.0,0.6244186297067379,255,39.38120995119807,0.45688535791099105,1.9132288327288913,0.47285249618922964,0.05703753022586598,0.05698367474125881,0.07392882169103983,0.6956651862854034,3.0
184.9853,311,1134.746221,0.0,1.0,184.98530015063622,184.98530015063622,1.0,1.0,0.0,0.0,0.6038555084025733,311,37.169797520651436,0.413511318354888,0.9814073642211943,0.5080260102101077,0.08702990364798395,0.08441601784666251,0.07919550066570862,0.6013235138794982,3.0
131.611214,265,1138.266989,0.0,1.0,131.61121385389222,131.61121385389222,1.0,1.0,0.0,0.0,0.5538686575151015,265,35.420284818842774,0.4738948729745029,1.2234236394156897,0.47797416549808575,0.0833047461959551,0.0764740102695969,0.027812995746642723,2.0374852611449907,3.0
254.575077,428,1142.16563,0.0,1.0,254.57507679127804,254.57507679127804,1.0,1.0,0.0,0.0,0.9497447381424653,428,36.40867928804317,0.37789674340406115,1.851629630335584,0.5023245641778911,0.148390553682764,0.12456057046618417,0.10446294946978704,1.3412958454538273,3.0
123.318175,280,1145.790902,0.0,1.0,123.31817453378244,123.31817453378244,0.0,0.0,0.0,1.0,0.5797002781259472,280,28.178952504895058,0.4399760092949896,2.0,0.43409050442278385,0.06614631116390228,0.0684006439788001,0.0,nan,3.0
130.48821,225,1149.136256,0.0,1.0,130.48821036015738,130.48821036015738,1.0,1.0,0.0,0.0,0.35411194602756535,225,31.64011849025669,0.3041735719026738,0.96996550414474,0.514039453930325,0.1416171571943495,0.1358594822883606,0.0761383232883893,0.9058914322507696,3.0
165.464826,259,1151.613811,0.0,1.0,165.46482589267367,165.46482589267367,0.0,0.0,0.0,1.0,0.4262175121834939,259,38.75539965198653,0.3814309402617363,1.3097274693345695,0.5114137299617745,0.04926542425707961,0.05156634166894272,0.008821028711116929,4.275471682366301,3.0
162.718443,339,1156.141976,0.0,1.0,162.7184429862742,162.7184429862742,0.0,0.0,0.0,1.0,0.7876500553062918,339,35.262994554675544,0.48467464483142236,1.7213864647275867,0.4009772193862625,0.08700713822975271,0.0886531558360322,0.05859647865689264,1.7960434108524967,3.0
79.175781,171,1158.772112,0.0,1.0,79.17578054946999,79.17578054946999,1.0,1.0,0.0,0.0,0.28171126220050313,171,31.77629217487018,0.43390506638045334,1.7282496287241074,0.4959694525738906,0.12294470985033358,0.10984829434177332,0.12293607808134334,0.20110997987895252,3.0
117.307401,245,1162.851032,0.0,1.0,117.30740144601027,117.30740144601027,0.0,0.0,0.0,1.0,0.5770357057046572,245,31.35903529157085,0.40144461668765064,1.7460262923243886,0.4102193388099573,0.0630444495045409,0.06446179467804578,0.0,nan,3.0
136.33256,251,1166.034416,0.0,1.0,136.33255986535684,136.33255986535684,0.0,0.0,0.0,1.0,0.5196563292369306,251,38.76725564855362,0.4481087946994225,1.3228219348330832,0.42761001786387776,0.09386977826456624,0.09721425425008949,0.0633587293610954,1.9964153122112647,3.0
105.188205,171,1168.557274,0.0,1.0,105.18820504857936,105.18820504857936,0.0,0.0,0.0,1.0,0.26616271879390685,171,33.239652558457564,0.26432045566035,1.0500559021743987,0.4864360987268693,0.11698810120075069,0.11917909753252888,0.038633305947755596,2.434592607257566,3.0
162.005034,316,1172.168821,0.0,1.0,162.0050343690829,162.0050343690829,0.0,0.0,0.0,1.0,0.5156387789640904,316,34.078536282678876,0.4701473169082797,2.0,0.46170307285612144,0.11249998381620721,0.11216308780108826,0.11728972052601781,0.06276486378146143,3.0
109.861427,263,1175.522981,0.0,1.0,109.86142681868579,109.86142681868579,1.0,1.0,0.0,0.0,0.540423958006574,263,38.804375928702854,0.6095120987264306,1.5882439665077683,0.432914699721699,0.1226427618541645,0.12169775423441549,0.09587780103292061,0.7078189021862794,3.0
126.413398,213,1179.660984,0.0,1.0,126.41339824796549,126.41339824796549,1.0,1.0,0.0,0.0,0.41680791499540903,213,36.50487447149893,0.39309964441293005,0.9973911700095899,0.4536909141835752,0.09101865157275132,0.08775259911174506,0.09181696502511248,0.39591152316527817,3.0
92.921024,172,1182.39091,0.0,1.0,92.92102390733771,92.92102390733771,0.0,0.0,0.0,1.0,0.2961442163832564,172,33.59111018963442,0.3383540934596764,1.0419599998790672,0.4963675844374784,0.02530983852785687,0.031123792016228963,0.0,nan,3.0
3.503143,47,1184.104151,0.0,1.0,3.503143158825676,3.503143158825676,0.0,0.0,0.0,1.0,0.043752603652071946,47,15.772759260208195,0.21312362426190098,1.0422927023954858,0.37773545371725203,0.027335222731245324,0.048611818475926175,0.0,nan,3.0
21.644727,93,1185.577042,0.0,1.0,21.644727478535476,21.644727478535476,1.0,1.0,0.0,0.0,0.08845717799108214,93,22.591131451914105,0.40651354686521146,0.8650045587368146,0.3877723076010263,0.05833014108801401,0.07496216476604503,0.15626481077857568,0.38071047653680723,3.0
159.951599,260,1190.642852,0.0,1.0,159.95159894108545,159.95159894108545,0.0,0.0,0.0,1.0,0.46812274219614936,260,35.76833054704405,0.3862492060691862,2.0,0.4854486796145256,0.08489189056249766,0.08431448225791638,0.06652552855198178,1.6456924014509793,3.0
207.172714,382,1195.539444,0.0,1.0,207.1727143317691,207.1727143317691,0.0,0.0,0.0,1.0,0.763774677451874,382,38.58933914553706,0.4045973048324475,2.0,0.468114030825374,0.09028286287921886,0.08448614531162521,0.1163441807654027,0.36058839615730964,3.0
81.721076,165,1197.778875,0.0,1.0,81.7210762066587,81.7210762066587,1.0,1.0,0.0,0.0,0.2949685108224459,165,28.272537265687728,0.29397991200127027,0.9772139868532034,0.47752466933293775,0.03734820467053038,0.043408810731136435,0.01694531708371698,0.30207494267612783,3.0
119.450835,213,1199.793963,0.0,1.0,119.45083497402865,119.45083497402865,1.0,1.0,0.0,0.0,0.37830049020949236,213,32.07432527281193,0.30771623214788535,0.9888613983540053,0.5015239230064159,0.06262108081942992,0.061079291670535094,0.06667645844104701,1.6090059070190579,3.0
125.469602,237,1202.700747,0.0,1.0,125.46960150960822,125.46960150960822,0.0,0.0,0.0,1.0,0.5075001125538724,237,35.90751804428248,0.4383573155617985,2.0,0.45606209628504035,0.03754528615042127,0.03987218458441239,0.05825741732888276,0.7475900376716689,3.0
70.652632,145,1204.546439,0.0,1.0,70.65263153264287,70.65263153264287,1.0,1.0,0.0,0.0,0.2292042288823216,145,31.292524986204054,0.2532020813211003,0.9234001351967401,0.41470935036396156,0.012316157077920848,0.01921270880205878,0.07212090379395979,0.2936706844067237,3.0
128.701556,235,1208.349705,0.0,1.0,128.70155556788674,128.70155556788674,0.0,0.0,0.0,1.0,0.5091229144233288,235,37.87326719369419,0.47656098803368924,2.0,0.4027723885438544,0.052534430077735415,0.05447643462647783,0.04560872424284633,1.2581234942387316,3.0
38.557799,145,1210.087246,0.0,1.0,38.557798659360266,38.557798659360266,0.0,0.0,0.0,1.0,0.24989886742026396,145,29.804389477271993,0.44061376668315816,1.048681757881433,0.5168291938715968,0.023911415297409585,0.030807967021547516,0.0,nan,3.0
80.14019,177,1212.341152,0.0,1.0,80.14019012348227,80.14019012348227,1.0,1.0,0.0,0.0,0.22433214585945102,177,36.58193075955493,0.5090349398672634,0.9855381940508152,0.4456475235648074,0.08363443916126834,0.07786752813953464,0.10945785019819067,0.8332531107685185,3.0
120.47776,269,1217.493596,0.0,1.0,120.47776023356423,120.47776023356423,1.0,1.0,0.0,0.0,0.4953679136560406,269,35.48757364329464,0.5565398516832034,2.0,0.4568445687788127,0.11171032770858821,0.10498511569650643,0.07974651819971193,0.00674842706771885,3.0
138.298797,266,1220.892298,0.0,1.0,138.29879723782173,138.29879723782173,1.0,1.0,0.0,0.0,0.4631104286887369,266,33.90334089009575,0.4447376775515011,1.6198023898753071,0.4829041008886538,0.16683291447790047,0.16472228980602177,0.1320401197356587,0.042418026649613534,3.0
56.63814,116,1223.501296,0.0,1.0,56.63814023380115,56.63814023380115,0.0,0.0,0.0,1.0,0.17597038531826176,116,29.028017741465383,0.2440751672794443,1.0413827118246286,0.4879896514246176,0.028389322346654432,0.037010012001826846,0.0,nan,3.0
124.144486,325,1227.851566,0.0,1.0,124.14448581362572,124.14448581362572,0.0,0.0,0.0,1.0,0.3480509185942288,325,31.602305149802785,0.5276999221948047,2.0,0.4069767965261753,0.07940803161034217,0.08123184717618502,0.0,nan,3.0
67.830975,142,1230.717368,0.0,1.0,67.83097520935135,67.83097520935135,1.0,1.0,0.0,0.0,0.2342919153459753,142,31.143155445198772,0.3838229927762863,0.999860807387867,0.4776663153209317,0.0733691008997635,0.06624251268279384,0.11372098173715625,0.6389504970975779,3.0
113.457671,188,1232.568078,0.0,1.0,113.4576711460221,113.4576711460221,1.0,1.0,0.0,0.0,0.2696096917038844,188,34.93002274921232,0.31417478041461955,0.933826191040139,0.5074375165190469,0.1332995904252884,0.1021909682040519,0.12260512251537906,1.1047514186541552,3.0
139.17506,301,1237.014808,0.0,1.0,139.17506000483965,139.17506000483965,0.0,0.0,0.0,1.0,0.4805031182562966,301,36.88612284800291,0.5445619427406165,2.0,0.48559828431800356,0.08370495476199939,0.08426979609898158,0.09257544631464573,0.0026207973733637434,3.0
166.441929,322,1241.886631,0.0,1.0,166.44192876489907,166.44192876489907,0.0,0.0,0.0,1.0,0.6041333977014345,322,39.72220086106694,0.48177840815430795,2.0,0.4271435777060919,0.03007760699491323,0.032665748588787104,0.02960163199670401,1.7645291992287992,3.0
88.734792,223,1245.497238,0.0,1.0,88.73479231058212,88.73479231058212,0.0,0.0,0.0,1.0,0.5124094596457007,223,36.99433482683808,0.5480293352671033,2.0,0.4277453050518517,0.09264705908138121,0.08974132195716482,0.009642077809356057,4.003582295486493,3.0
63.776477,146,1247.713422,0.0,1.0,63.776477300248786,63.776477300248786,0.0,0.0,0.0,1.0,0.21905609913843527,146,29.49949816617576,0.36190467105477675,1.0527210323817047,0.47120957872638963,0.08210679684599785,0.08844000264389874,0.08237256699461155,0.7821399419042241,3.0
65.612241,187,1250.850581,0.0,1.0,65.61224083947822,65.61224083947822,0.0,0.0,0.0,1.0,0.3048268228778777,187,28.71574911628327,0.47136864458650013,2.0,0.39986151420974475,0.05934457217945772,0.06111212847704556,0.0,nan,3.0
110.676317,202,1253.451491,0.0,1.0,110.67631658391947,110.67631658391947,1.0,1.0,0.0,0.0,0.37594779207320894,202,29.85396158973695,0.2937054406371407,1.6454554775471182,0.4859553525722263,0.12850656072692115,0.11543890627303927,0.08777758299014328,0.08883854270256017,3.0
105.205271,199,1256.030473,0.0,1.0,105.20527114760122,105.20527114760122,0.0,0.0,0.0,1.0,0.2817924537409861,199,31.239041939079122,0.3398367368660942,1.0622857451058505,0.40677986133038696,0.0711466307616114,0.07846572291311907,0.008405857179007197,2.508563504893305,3.0
67.632702,167,1258.274574,0.0,1.0,67.63270230509342,67.63270230509342,0.0,0.0,0.0,1.0,0.2304749521420564,167,27.382136641220814,0.3444048212310548,1.1381275370026855,0.49599764455935197,0.13794637797121517,0.13622782116164706,0.03264927665079725,1.5798784030446182,3.0
176.237669,269,1262.037077,0.0,1.0,176.2376694142194,176.2376694142194,1.0,1.0,0.0,0.0,0.4246245620128843,269,37.63025480753101,0.33693195443768564,0.9987535634621645,0.43794832856404736,0.10511996223137725,0.10169137809356349,0.08838382515097296,1.2105909071808656,3.0
445.616861,538,1270.481752,1.0,0.0,445.6168612247611,445.6168612247611,0.0,0.0,0.0,0.0,0.9921599536577901,538,44.13704037584006,0.35080229494137277,0.9990589872551013,0.44046465419648306,0.08347951014245752,0.08384478956350164,0.07060389443633955,0.1490323051886849,3.0
171.636116,414,1275.92993,0.0,1.0,171.6361158250722,171.6361158250722,1.0,1.0,0.0,0.0,0.5448888235985649,414,29.513042350916532,0.5200866295632731,2.0,0.4276726017503635,0.1839626405550086,0.17218862553149605,0.0900111737606002,0.044015408329498816,3.0
147.56231,265,1279.901639,0.0,1.0,147.56231029348615,147.56231029348615,1.0,1.0,0.0,0.0,0.5060704838332504,265,34.76840014121688,0.3581733363794006,0.9973846837482251,0.5080914312797897,0.16553035873287128,0.15965429049617838,0.1238096953484197,0.9061532405840309,3.0
61.280325,171,1282.66805,0.0,1.0,61.280324628825,61.280324628825,1.0,1.0,0.0,0.0,0.23815235555653255,171,27.73661930902278,0.42181889146167795,1.9026874168750536,0.36827711412432595,0.06131091801046628,0.06078277205863194,0.015600055555503763,0.3716842181779091,3.0
324.940646,549,1288.34179,1.0,0.0,324.94064556578996,324.94064556578996,0.0,0.0,0.0,0.0,0.9909519649132302,549,35.68135857703971,0.44859751758837113,1.3697698287655102,0.4195465843900631,0.08465279972618395,0.08726984381892859,0.05211911522081709,1.1804817344574994,3.0
112.945459,243,1291.559373,0.0,1.0,112.94545896218182,112.94545896218182,1.0,1.0,0.0,0.0,0.3303815529941217,243,30.751162070918387,0.4246339153005417,0.9738760984879282,0.4934961372994101,0.14492021102473568,0.1356346867212052,0.10073979573761624,0.9453105328375384,3.0
124.960368,249,1295.12665,0.0,1.0,124.96036780798406,124.96036780798406,1.0,1.0,0.0,0.0,0.35715541964167646,249,37.70829442237578,0.4121282273577347,1.3694312442925742,0.4466050418624916,0.11942298058046394,0.10024008454089184,0.1615068661372415,0.04137846808587449,3.0
148.599369,282,1298.227222,0.0,1.0,148.59936932228305,148.59936932228305,1.0,1.0,0.0,0.0,0.3865302938013491,282,34.03171107789484,0.40611894472154264,0.9912001600786003,0.39031744307131633,0.107107235184798,0.09322392137338084,0.07878914715883055,0.03306000569459279,3.0
141.996124,249,1300.586632,0.0,1.0,141.99612416158558,141.99612416158558,1.0,1.0,0.0,0.0,0.4389663552290482,249,33.43146445522362,0.35158074667492023,0.9821939192912322,0.4777659532056755,0.08925770037624252,0.07789276211137273,0.0939999896577668,0.4566811969520598,3.0
147.211607,223,1303.393476,0.0,1.0,147.21160665394464,147.21160665394464,1.0,1.0,0.0,0.0,0.41897328025073605,223,34.79837925337336,0.30116421689427836,0.9724690056175954,0.4530790568133106,0.12063158841411095,0.13113396477806194,0.14782509105440597,0.6121255827070442,3.0
69.862944,128,1305.059068,0.0,1.0,69.86294423016383,69.86294423016383,1.0,1.0,0.0,0.0,0.2516752098596035,128,34.396103372741315,0.2931392999708681,0.9117121505450163,0.43245307193137705,0.0922412434592843,0.09580888506025076,0.10980819875158644,0.7262947153270162,3.0
424.056198,561,1312.196908,1.0,0.0,424.05619753140627,424.05619753140627,0.0,0.0,0.0,0.0,0.9932182739964568,561,42.24798150435487,0.4185267830600508,2.0,0.41664298252599336,0.10711242829627107,0.10531309092958556,0.0391566622992937,0.8319236095420147,3.0
130.476308,224,1314.758178,0.0,1.0,130.47630807841384,130.47630807841384,1.0,1.0,0.0,0.0,0.42188929173336914,224,37.4522716693606,0.3982878662512404,0.9847299799720177,0.45541472267359495,0.0675479391855853,0.06559677395437445,0.0810039445410714,0.6644298931809686,3.0
251.045108,381,1319.432914,0.0,1.0,251.04510803207694,251.04510803207694,1.0,1.0,0.0,0.0,0.8541742968843378,381,37.67961830454441,0.35350705360005824,1.5632195643068472,0.41745187835938974,0.10524890249169717,0.09912112832382282,0.10459701060506431,0.8389613664562687,3.0
102.85163,206,1322.618754,0.0,1.0,102.85163039397385,102.85163039397385,1.0,1.0,0.0,0.0,0.46962723138678936,206,34.604053516054,0.41510534618230205,0.9980902138551934,0.464111405885914,0.10621049334701982,0.09334109940575165,0.029156372952932077,0.06054294458775952,3.0
271.9325,417,1327.698375,0.0,1.0,271.9325003631684,271.9325003631684,1.0,1.0,0.0,0.0,0.7841725751767654,417,41.354793344555674,0.44535640919167374,1.1882672122388596,0.41761239553741414,0.11317201083798488,0.1120016440499029,0.12851436889444395,0.04427797460378415,3.0
212.658347,324,1331.013119,0.0,1.0,212.6583473975555,212.6583473975555,1.0,1.0,0.0,0.0,0.6636503843909903,324,38.65706196434651,0.3980321458707671,1.8960228025172947,0.4565383122751006,0.051352641096821534,0.04514659628456021,0.05354127246304715,0.028982273992263774,3.0
333.980545,477,1337.286929,0.0,1.0,333.9805450087884,333.9805450087884,1.0,1.0,0.0,0.0,0.6589142932122758,477,38.282627993416575,0.35749566423003815,1.0053670830731298,0.4053226748297862,0.15527831208530962,0.1470190721487849,0.10297822691989002,0.9620766824590131,3.0
77.448018,215,1339.947158,0.0,1.0,77.44801845673148,77.44801845673148,0.0,0.0,0.0,1.0,0.36345595546243675,215,32.018483053838935,0.5695672060930574,1.717338464603477,0.4101760413411052,0.13794427278429963,0.11647034523098967,0.0,7.276086795809825,3.0
142.318984,260,1343.28777,0.0,1.0,142.31898447475285,142.31898447475285,0.0,0.0,0.0,1.0,0.40896566790244887,260,34.645772950405295,0.39338756646347806,2.0,0.43355760826514317,0.12118738431196946,0.11625303396811852,0.05067954813629661,0.11689319054530836,3.0
43.022498,146,1345.633291,0.0,1.0,43.02249834189061,43.02249834189061,0.0,0.0,0.0,1.0,0.2166954602657684,146,27.359487160808158,0.46952114769864917,1.5177401537684052,0.47181566980705686,0.10972923652766502,0.10314413578542944,0.00969960635231374,3.2724863467190213,3.0
94.858084,235,1348.431489,0.0,1.0,94.85808439741156,94.85808439741156,1.0,1.0,0.0,0.0,0.3368811033020782,235,30.979658500354287,0.4156405047076111,1.8025781917834829,0.4200056177108212,0.15450230101321605,0.15705818115396702,0.07892358202164014,1.9084166121112232,3.0
167.006969,225,1350.464851,0.0,1.0,167.00696936291916,167.00696936291916,1.0,1.0,0.0,0.0,0.3769631187671479,225,39.11639421636745,0.26148275481935374,0.9170863332953899,0.4349976689947976,0.10424293571048313,0.08928328447871738,0.10469761061465063,0.6730644507091005,3.0
59.27949,163,1352.855051,0.0,1.0,59.279489951783944,59.279489951783944,1.0,1.0,0.0,0.0,0.1813953891193766,163,24.752652752440458,0.3933019050577748,0.989649132784857,0.477629637402808,0.13263678111913013,0.12605138497849916,0.13045969659793322,0.7283641784370096,3.0
183.86769,400,1358.068055,0.0,1.0,183.86768973690516,183.86768973690516,1.0,1.0,0.0,0.0,0.5043257133366833,400,30.063232028849047,0.4210513905651492,0.9875995520103088,0.41306565606966616,0.12417478494346142,0.11173619449138641,0.028049379161189006,0.845996231677509,3.0
35.543868,92,1358.930473,0.0,1.0,35.54386755185973,35.54386755185973,1.0,1.0,0.0,0.0,0.10951185100713112,92,22.31433640465483,0.20254632181875146,0.5382874440786377,0.5128404008953468,0.059256136417388916,0.06528765351875969,0.14590830176085987,0.3692418027901279,3.0
190.722378,303,1362.619429,0.0,1.0,190.7223779694582,190.7223779694582,1.0,1.0,0.0,0.0,0.49180502496992207,303,38.2290093645401,0.4307829648683818,1.693746542848718,0.46963837405931047,0.16700669719834532,0.15270123977472286,0.08411100006542843,0.48257383653284736,3.0
244.686543,397,1367.697705,1.0,0.0,244.68654338790148,244.68654338790148,0.0,0.0,0.0,0.0,0.9879160054434094,397,34.21664029150711,0.41642226413736694,0.9906167130541707,0.38906093878244574,0.1507011422282202,0.13520150580994728,0.009813262598187412,4.423611287896069,3.0
65.951293,189,1370.221869,0.0,1.0,65.95129313946217,65.95129313946217,1.0,1.0,0.0,0.0,0.339108791317623,189,30.85960056825767,0.5659418414811893,2.0,0.4281882855587851,0.14556606673689745,0.12085300084775087,0.03577446689155952,1.186529537850672,3.0
223.486758,318,1374.234278,0.0,1.0,223.48675831495737,223.48675831495737,0.0,0.0,0.0,1.0,0.596283425465815,318,37.818198345089584,0.3165518115694309,2.0,0.4386783129061168,0.15509190236997306,0.1379948232158925,0.03289252934077094,0.4763098796064406,3.0
117.965107,193,1376.045713,0.0,1.0,117.96510682538158,117.96510682538158,1.0,1.0,0.0,0.0,0.28818008853814364,193,37.9239503646695,0.38770569068321226,0.9874683655913931,0.4556258147958801,0.11930104240852317,0.11183693618972067,0.17060048984251386,0.8028960096028731,3.0
204.292825,332,1379.161514,0.0,1.0,204.29282547540222,204.29282547540222,0.0,0.0,0.0,1.0,0.6673951793195352,332,33.82012238547413,0.3135300399717052,1.2571964771803712,0.43313611434009597,0.18512049685400653,0.16023294268602348,0.09017102589747389,0.09187602356394639,3.0
109.930142,212,1381.804357,0.0,1.0,109.93014186966826,109.93014186966826,1.0,1.0,0.0,0.0,0.3462459653534341,212,32.46105193772347,0.3606588366255809,0.9518574280037868,0.44008986757330176,0.1371360921634818,0.13935452249814878,0.08047237453101871,0.6415890122139419,3.0
211.351956,372,1386.047206,0.0,1.0,211.35195577723212,211.35195577723212,0.0,0.0,0.0,1.0,0.7524962646566028,372,37.615691999281374,0.4223889520063856,1.339536139265334,0.4074480537305115,0.11249820743837664,0.10696375786617238,0.019824006888090696,3.8704989604778626,3.0
78.125607,165,1388.160114,0.0,1.0,78.12560708516402,78.12560708516402,1.0,1.0,0.0,0.0,0.2632169486541967,165,30.81580927183527,0.34399019445087836,0.9958818772952375,0.4084762551567771,0.1929037068829392,0.1628217375639713,0.07703325853587538,1.8428282081841738,3.0
124.837163,217,1391.42216,0.0,1.0,124.83716289980418,124.83716289980418,1.0,1.0,0.0,0.0,0.25628910442946296,217,34.20499554960596,0.37855480742031156,0.9988490187153246,0.4889848362911956,0.13440302549968666,0.1323627343375562,0.01767983738230551,3.56574606297464,3.0
109.998622,149,1393.278899,0.0,1.0,109.99862187231936,109.99862187231936,1.0,1.0,0.0,0.0,0.2359612678382244,149,34.15650060378144,0.163163284093177,0.46160758064170226,0.41741578790965495,0.1683114883083625,0.146493960146936,0.2150842335259963,0.6954911067461853,3.0
81.118957,188,1396.36984,0.0,1.0,81.11895687956795,81.11895687956795,0.0,0.0,0.0,1.0,0.3765340617565477,188,39.37718007495944,0.5755398537843759,2.0,0.457676399717147,0.08376116638487958,0.08039229727805929,0.120845368463461,0.023229413922291883,3.0
84.058851,224,1398.610021,0.0,1.0,84.05885094323092,84.05885094323092,0.0,0.0,0.0,1.0,0.3807345509004901,224,31.964096550249707,0.4945275986869451,1.2534146046905366,0.3990814464632422,0.10697677837950843,0.10455402678677014,0.0042741163595270085,3.9870209385705095,3.0
34.495865,96,1400.632094,0.0,1.0,34.495865061685286,34.495865061685286,0.0,0.0,0.0,1.0,0.12493697153121804,96,24.607335221650228,0.285120617909254,1.2518993523126318,0.3593778882641345,0.1242960828046004,0.13053935393691063,0.0,nan,3.0
83.840531,180,1402.374685,0.0,1.0,83.8405310059615,83.8405310059615,1.0,1.0,0.0,0.0,0.2620651434567546,180,32.97327062056905,0.42543303967244367,1.1432006351680108,0.3903704624209139,0.06935167560974757,0.06817511883046892,0.05650840504450741,0.41962229959788455,3.0
233.05929,485,1409.78758,0.0,1.0,233.0592898030642,233.0592898030642,1.0,1.0,0.0,0.0,0.6703179757222748,485,34.512789348189806,0.44817357502536087,1.3856910124300845,0.42075308042856835,0.20664612988835757,0.17745357801004782,0.1391202968235045,0.05362564344785771,3.0
244.684314,358,1414.282027,0.0,1.0,244.68431401309158,244.68431401309158,0.0,0.0,0.0,1.0,0.707306017730824,358,37.674319250386745,0.32169112362578833,2.0,0.40731207448885093,0.0936069325361838,0.09043135589727476,0.04539891625655262,0.6636160757682241,3.0
221.789857,318,1418.61151,0.0,1.0,221.78985727544207,221.78985727544207,1.0,1.0,0.0,0.0,0.6681975707034784,318,40.14415179880137,0.3280224841320967,1.1783727296113553,0.414463138032072,0.12073497783462957,0.11544539493584782,0.08944251699515794,0.7032810171981738,3.0
67.322908,151,1423.522704,0.0,1.0,67.32290769818904,67.32290769818904,0.0,0.0,0.0,1.0,0.3167147326075413,151,32.69996041908704,0.40200494325050223,1.0274113165045327,0.40382264093156683,0.15477227533100457,0.15787899257331495,0.0,10.587167201390338,3.0
250.947798,443,1429.17217,0.0,1.0,250.9477979110352,250.9477979110352,1.0,1.0,0.0,0.0,0.807392566282686,443,33.5364076693236,0.39583104453445345,1.426679610510102,0.4013955229493888,0.16770948520094223,0.14246967132150723,0.05043304727901713,0.023984709940009574,3.0
105.977887,258,1432.504313,0.0,1.0,105.97788675463535,105.97788675463535,0.0,0.0,0.0,1.0,0.6113182135226941,258,36.45360172303497,0.6496200368821019,2.0,0.34667921547106534,0.11331100473108217,0.10750949290371681,0.0006318886246166801,5.021836409093379,3.0
124.161764,259,1435.822111,0.0,1.0,124.16176412949304,124.16176412949304,1.0,1.0,0.0,0.0,0.34793356717894586,259,30.030414349092077,0.3632862484482857,1.18014495315238,0.4325358109929847,0.17241161486356876,0.1636257097988055,0.028155761495949803,1.2981603826035573,3.0
97.213112,266,1439.419284,0.0,1.0,97.21311206057973,97.21311206057973,1.0,1.0,0.0,0.0,0.5351717221746617,266,35.06206020344119,0.64767355269161,1.9647108151262178,0.4375775218766211,0.20892382922925448,0.21058489639956252,0.08034628354577027,1.058022129481915,3.0
111.608659,200,1441.132535,0.0,1.0,111.608658539498,111.608658539498,1.0,1.0,0.0,0.0,0.26126296888633294,200,29.88771825715047,0.29633903087534597,1.6838072154115178,0.4453863407857716,0.24346669584512712,0.23122887670993805,0.09130189479146952,0.6412621230846488,3.0
147.767203,247,1444.071114,0.0,1.0,147.76720339765066,147.76720339765066,1.0,1.0,0.0,0.0,0.3347235804032057,247,32.823612931567666,0.29900108960036115,1.01793485745458,0.46351415055392964,0.24386960195626325,0.2088068578889978,0.06487882480463707,0.4102025405075311,3.0
85.113531,161,1445.962337,0.0,1.0,85.11353093881284,85.11353093881284,1.0,1.0,0.0,0.0,0.2298788955521317,161,30.31747309155273,0.2888357224532501,0.9176684590175542,0.3506780974798321,0.1739145128623299,0.15540008774455288,0.053974370991435504,0.9905846832387047,3.0
162.320923,315,1449.697913,0.0,1.0,162.32092291114532,162.32092291114532,1.0,1.0,0.0,0.0,0.5317058845013065,315,30.009173344533504,0.36460096194733144,1.0855173543922398,0.4376971436516633,0.271584350249124,0.25972563955518935,0.02411602079335387,1.231011723602028,3.0
129.506369,197,1452.442253,0.0,1.0,129.50636902294664,129.50636902294664,1.0,1.0,0.0,0.0,0.32234492474297927,197,34.207840939072824,0.29056721883133885,0.8129355635870613,0.43498330657857326,0.2380071215823217,0.21555211459319604,0.12257541319845394,0.5761009409753094,3.0
107.486074,236,1455.537952,0.0,1.0,107.4860736652937,107.4860736652937,1.0,1.0,0.0,0.0,0.5199244636280913,236,32.48998988968325,0.472387207261854,0.9964305332434034,0.43867239267644237,0.26309413273455734,0.23162618885606023,0.08606079705928248,0.18139731867801,3.0
199.1055,327,1460.198162,0.0,1.0,199.10549953814206,199.10549953814206,0.0,0.0,0.0,1.0,0.7259265898187272,327,35.57172021223661,0.3605017993210592,1.8409232006497411,0.43625056085145436,0.15277800410530254,0.1539018121334391,0.002063545801660458,3.922281826366948,3.0
210.957724,403,1465.734219,0.0,1.0,210.95772419445612,210.95772419445612,1.0,1.0,0.0,0.0,0.5419103035184281,403,33.013558325896284,0.3951752990420256,1.1879647299966651,0.42874689051701176,0.2032479679318279,0.18813367398737676,0.06839362216350911,0.1365428714049519,3.0
34.332112,120,1468.068032,0.0,1.0,34.33211236609065,34.33211236609065,0.0,0.0,0.0,1.0,0.19534335117140864,120,25.43312779677003,0.43428227384905577,1.454668679462296,0.3765721219902237,0.11653457780679068,0.11224322219689688,0.0,nan,3.0
138.361808,285,1472.330806,0.0,1.0,138.36180783857813,138.36180783857813,0.0,0.0,0.0,1.0,0.5082162843284552,285,33.82217388195337,0.41894755463501143,1.5512969310835343,0.4483325102350168,0.20256038904190063,0.18372713620202583,0.048017204500955854,0.41133502065927274,3.0
61.215507,233,1475.722293,0.0,1.0,61.21550714686748,61.21550714686748,0.0,0.0,0.0,1.0,0.3455085015658912,233,31.44005684910289,0.5225262238374064,1.7023287368048412,0.40863896452306164,0.15843562916113071,0.16423525574892886,0.005266376611785076,3.870248799931142,3.0
43.109597,131,1477.854057,0.0,1.0,43.10959713257258,43.10959713257258,0.0,0.0,0.0,1.0,0.21484366639680605,131,26.460872462134297,0.36296199386687245,1.0893400443350272,0.3891444846646476,0.1811224863729404,0.1355086692416941,0.012470043096852181,2.582537828475825,3.0
28.047455,103,1478.867959,0.0,1.0,28.04745517637319,28.04745517637319,0.0,0.0,0.0,1.0,0.15746303103922812,103,27.57112031929604,0.3769106193900231,1.0582917396848515,0.41658351150820555,0.078247498540045,0.08985894050412965,0.0,nan,3.0
46.286858,147,1481.121708,0.0,1.0,46.28685760283073,46.28685760283073,0.0,0.0,0.0,1.0,0.21450134817764646,147,28.61704854054969,0.5038951306268193,1.0459549285236662,0.43177905450670084,0.14112140005137644,0.13958583518761356,0.0,19.113003329467556,3.0
65.38555,163,1484.11328,0.0,1.0,65.38555046906674,65.38555046906674,1.0,1.0,0.0,0.0,0.32364513297932074,163,34.171494683099475,0.4883829014212313,1.1764968164723293,0.43987106943240195,0.09301392871178,0.09664373895141976,0.12889015000288115,0.9695561560793338,3.0
192.574075,324,1489.285726,0.0,1.0,192.57407473126366,192.57407473126366,1.0,1.0,0.0,0.0,0.5327332477505206,324,39.61280764508962,0.40743730979553067,0.9980937437594131,0.4281062044341255,0.17422259019480812,0.15488957475732873,0.06858113279756807,0.050857082742484655,3.0
79.729069,189,1492.522429,0.0,1.0,79.72906929561232,79.72906929561232,1.0,1.0,0.0,0.0,0.2990632370715378,189,31.494558029181032,0.40861511888077495,1.0378887675689001,0.3867922858113334,0.17489638908830268,0.181976317728638,0.09846974248301414,1.0840955215409043,3.0
96.146105,149,1493.956637,0.0,1.0,96.14610494857519,96.14610494857519,1.0,1.0,0.0,0.0,0.18571810910666228,149,31.757483142122844,0.18314265410581287,0.5900601065096022,0.46177211753874015,0.13267781870477152,0.11848239530652961,0.1262789529294082,0.5777023054947458,3.0
19.146476,85,1495.208326,0.0,1.0,19.14647583810231,19.14647583810231,0.0,0.0,0.0,1.0,0.10524904622924511,85,23.00336688547993,0.31458843829126343,1.056550592162307,0.4466808699509677,0.0916630744934082,0.08378772174610812,0.0,nan,3.0
17.829115,65,1497.057159,0.0,1.0,17.829114660793618,17.829114660793618,0.0,0.0,0.0,1.0,0.06070364952007929,65,21.23401097134763,0.2056041223614218,1.1136181658703894,0.3933911822163142,0.0626328706741333,0.07715644102830153,0.0,nan,3.0
153.959215,264,1500.746349,0.0,1.0,153.9592147428973,153.9592147428973,0.0,0.0,0.0,1.0,0.5197097872361115,264,36.73443023541905,0.373661098122288,1.1166210396749476,0.4233250642957335,0.0785042480988936,0.08292873474684628,0.014013995063369792,4.584875300913239,3.0
61.905031,154,1502.045981,0.0,1.0,61.90503141088139,61.90503141088139,0.0,0.0,0.0,1.0,0.23302073559485828,154,32.390114543503756,0.48377744937178113,1.1117671360848194,0.4204582848235384,0.06943461260238251,0.06056702136993408,0.0,12.533803619199972,3.0
114.514343,198,1505.056596,0.0,1.0,114.51434308296156,114.51434308296156,1.0,1.0,0.0,0.0,0.34845508761045013,198,35.33525217897314,0.34185288011081283,0.9477037138524451,0.4650934605360633,0.11142192826126561,0.11142094327945902,0.08786595552660637,0.5123584931755432,3.0
32.669125,110,1506.265653,0.0,1.0,32.669125362939695,32.669125362939695,0.0,0.0,0.0,1.0,0.17888946903453445,110,28.59744327588519,0.4279977011321472,1.0436605796896479,0.4454669326205145,0.16200702623887495,0.15693785060535778,0.0,6.892664378896152,3.0
30.932402,125,1508.501993,0.0,1.0,30.932402473598295,30.932402473598295,0.0,0.0,0.0,1.0,0.19626115674050884,125,26.510041382167827,0.5411531194956448,2.0,0.3240154766440392,0.031791990280151367,0.03979199028015137,0.0,nan,3.0
80.469002,187,1511.401344,0.0,1.0,80.46900203808444,80.46900203808444,0.0,0.0,0.0,1.0,0.22743041371110986,187,29.923312053816147,0.40437582850963927,1.471374812148133,0.4364972172733297,0.1501300876790827,0.13756618907744872,0.033943016573386116,1.7578649757584583,3.0
62.745323,202,1513.74011,0.0,1.0,62.745322741041065,62.745322741041065,0.0,0.0,0.0,1.0,0.3175823872454222,202,29.927862429831862,0.3729915804935073,1.0384835203776355,0.4204790509573304,0.09733048878093757,0.09700056113819085,0.0,9.391067073825148,3.0
-3.669885,45,1514.459373,0.0,1.0,-3.669885061939386,-3.669885061939386,0.0,0.0,0.0,1.0,0.027533178007813422,45,15.806022037763588,0.48280337851128696,1.1031995149655482,0.39980282369587156,0.09121399455600315,0.09270056618584527,0.0,nan,3.0
65.322641,153,1517.046146,0.0,1.0,65.32264053527952,65.32264053527952,0.0,0.0,0.0,1.0,0.2546604475598369,153,33.16861853577638,0.43313833940965213,1.0632128567521923,0.46859988355948257,0.08507583421819351,0.08959362475700627,0.0,nan,3.0
5.449183,73,1518.595639,0.0,1.0,5.449183209900356,5.449183209900356,0.0,0.0,0.0,1.0,0.07900584715908152,73,22.005951958345918,0.5337873795920082,1.0308255322039286,0.4186160490937429,0.1258945203807256,0.1342225140088225,0.0,nan,3.0
72.573684,130,1520.176006,0.0,1.0,72.57368374303095,72.57368374303095,1.0,1.0,0.0,0.0,0.17318220436295426,130,31.472058478956253,0.26859771215391076,0.8620597690183567,0.41907946387162576,0.20333293492977436,0.18261457223158617,0.12842663926530049,0.7200616365570451,3.0
82.23795,161,1522.530921,0.0,1.0,82.23794988020505,82.23794988020505,0.0,0.0,0.0,1.0,0.27681011274527173,161,32.65301178028951,0.30967208503782984,1.7514137434976726,0.43330240228809186,0.1456895585385909,0.1256012116900142,0.036819755586561385,1.3994690604294937,3.0
135.392597,324,1527.876992,0.0,1.0,135.39259724550084,135.39259724550084,1.0,1.0,0.0,0.0,0.5635507192845061,324,35.25920186755562,0.5425818858356105,1.6483876267028763,0.4694349836949029,0.20199429565741692,0.18841012981202868,0.04906515239477141,0.786085606539742,3.0
109.405951,241,1531.480106,0.0,1.0,109.40595092052196,109.40595092052196,1.0,1.0,0.0,0.0,0.42717944090089727,241,34.38078831047647,0.4727683656023135,1.7121318254994549,0.4388983149189672,0.24538334796042857,0.22752894900151802,0.057941550070918904,1.6469609886899805,3.0
75.478849,142,1533.357139,0.0,1.0,75.47884876041907,75.47884876041907,0.0,0.0,0.0,1.0,0.2588560040832177,142,30.31711683308377,0.2853739392800221,1.067723581250059,0.48086839741174603,0.09491358844327255,0.08830333763444928,0.0,9.710730021321638,3.0
149.439651,270,1536.681591,0.0,1.0,149.43965090308149,149.43965090308149,1.0,1.0,0.0,0.0,0.6735241306698274,270,36.95521332888965,0.43705706884481643,1.0344304141897214,0.42502759099006654,0.16658650780165637,0.16807905733585357,0.12476977201831316,0.2863138523862991,3.0
110.11826,204,1539.223041,0.0,1.0,110.11826042978785,110.11826042978785,1.0,1.0,0.0,0.0,0.3542610988731654,204,32.462154835627544,0.29552393650312886,1.0076913793585884,0.48549479808585316,0.09782165551886839,0.09390738752542757,0.10345564055396746,1.210310285875049,3.0
92.380971,185,1541.781958,0.0,1.0,92.38097082488316,92.38097082488316,0.0,0.0,0.0,1.0,0.4192869520718655,185,33.435015793657556,0.40175389547025736,1.1370908482647963,0.39917976381005466,0.1633321001723006,0.1821056978122608,0.0,8.800170747915788,3.0
90.296229,189,1544.637832,0.0,1.0,90.29622909714239,90.29622909714239,1.0,1.0,0.0,0.0,0.3216158208020565,189,34.08728791983019,0.6141515234528564,2.0,0.3631026110557652,0.07438823659584005,0.07799522586600491,0.006790870145488045,0.019472039973659844,3.0
73.011098,151,1546.918166,0.0,1.0,73.01109824845753,73.01109824845753,1.0,1.0,0.0,0.0,0.34868939294305273,151,32.917952559581295,0.3859008408954169,0.9878914642171559,0.4168198412617311,0.08226616414177497,0.09208860381549558,0.09466620619918993,0.03849221585283203,3.0
338.904223,379,1552.127328,0.0,1.0,338.9042232862662,338.9042232862662,0.0,0.0,0.0,1.0,0.8152660018449489,379,52.54425546039114,0.3628642548535979,2.0,0.4350976713276947,0.19626058909383487,0.1766254452098957,0.10224427831593756,1.1366612034593087,3.0
129.813896,301,1556.081894,0.0,1.0,129.81389604031196,129.81389604031196,0.0,0.0,0.0,1.0,0.607178430988702,301,39.71572132333078,0.5494723378206303,2.0,0.39232534911495903,0.14820418920231815,0.1403616163817751,0.06128916736501843,0.04682500615071159,3.0
161.707571,338,1565.006848,0.0,1.0,161.70757073894535,161.70757073894535,0.0,0.0,0.0,1.0,0.7719558438035852,338,36.61083186030751,0.45917276682896024,1.4073880535996577,0.3814769850040858,0.07598363894682664,0.0763066192350444,0.0,nan,3.0
97.793747,215,1567.229077,0.0,1.0,97.79374653462851,97.79374653462851,1.0,1.0,0.0,0.0,0.2517983111156816,215,33.88207512473214,0.4901439696742718,0.9955319485490401,0.44702915507693625,0.1249148122099943,0.12812005669571633,0.024428589791260037,0.24587550065595987,3.0
67.810027,151,1569.47928,0.0,1.0,67.81002663655653,67.81002663655653,0.0,0.0,0.0,1.0,0.24189641102747714,151,29.650078864626295,0.3640707290136533,1.754027002976669,0.4009937597130308,0.08215812184163276,0.08169261864479015,0.04005701963457365,1.4515340204750438,3.0
279.809058,327,1574.664468,0.0,1.0,279.8090579483183,279.8090579483183,1.0,1.0,0.0,0.0,0.726173154853448,327,51.32088356144049,0.3839352554757416,1.5128863770374026,0.38083964905243034,0.1039638939436058,0.10730547551350492,0.18646233988813202,0.033819420280945436,3.0
59.240951,171,1577.563637,0.0,1.0,59.24095090995638,59.24095090995638,1.0,1.0,0.0,0.0,0.2475403083027063,171,33.37841218218526,0.525298217344999,1.564307278046842,0.3509038746008399,0.1196992149827076,0.12696105764623275,0.06314261884047143,0.7245309285444522,3.0
95.90397,183,1579.473765,0.0,1.0,95.90397014033653,95.90397014033653,1.0,1.0,0.0,0.0,0.3441743397124507,183,35.79013520136369,0.44421960337048033,1.7680363922946072,0.3878265843813211,0.10204021836239133,0.10310335237471784,0.11367598040278129,0.5244896714943811,3.0
101.19493,195,1582.915517,0.0,1.0,101.19492982892817,101.19492982892817,0.0,0.0,0.0,1.0,0.32783402896786185,195,36.09441464322467,0.3924963219920896,1.6490325586151264,0.4076821281741827,0.07611681620279948,0.07403353544381949,0.015234268557427615,2.2619528484031557,3.0
218.891213,326,1587.99118,0.0,1.0,218.89121273087105,218.89121273087105,1.0,1.0,0.0,0.0,0.7061033496646509,326,35.6388982424952,0.30204433847109163,0.9893497765449465,0.40654555485338156,0.2217828796410853,0.21216189833872157,0.07521003276839236,0.4715558616255264,3.0
152.639713,222,1590.75306,0.0,1.0,152.63971321282816,152.63971321282816,1.0,1.0,0.0,0.0,0.5141226715400384,222,39.342507589962935,0.35503062054217205,0.9987485901367363,0.44475939950427495,0.13899071581728822,0.13101924808175713,0.10052433446889833,0.6544257957961312,3.0
136.865049,202,1593.244877,0.0,1.0,136.86504872249222,136.86504872249222,1.0,1.0,0.0,0.0,0.4839025312809001,202,43.334035987038654,0.3680125022517409,1.0145525185172233,0.4520566438389297,0.13473122721851463,0.12639687261959115,0.13085301265742275,0.6107705543209878,3.0
134.019889,277,1596.867066,0.0,1.0,134.0198886234137,134.0198886234137,1.0,1.0,0.0,0.0,0.5170906871270066,277,35.45175669855892,0.5032927605964622,2.0,0.38305985525465613,0.14498575951648532,0.1443174221025047,0.08210023635583681,0.8254057350380664,3.0
106.783437,300,1600.935153,0.0,1.0,106.7834373764146,106.7834373764146,0.0,0.0,0.0,1.0,0.3932467145827086,300,33.15561601608932,0.5817174658880098,2.0,0.42889909995098907,0.23464032669862112,0.2011230758825938,0.07528510082983365,0.010047693747150194,3.0
88.602796,217,1604.254844,0.0,1.0,88.60279615538674,88.60279615538674,0.0,0.0,0.0,1.0,0.27440305728113396,217,29.976535024864738,0.36577399599320215,1.172584910918621,0.43085146540870317,0.2521555037817098,0.21200709463813888,0.040949141744641565,0.7074939754720082,3.0
359.480327,479,1609.822925,1.0,0.0,359.4803266557696,359.4803266557696,0.0,0.0,0.0,0.0,0.99061417099611,479,40.190237418387945,0.3738886185191045,1.3058948306226195,0.40610934459528497,0.18853677333272326,0.17167704102888487,0.07498260635281882,0.09611309561998525,3.0
63.788755,143,1612.012854,0.0,1.0,63.78875485356265,63.78875485356265,0.0,0.0,0.0,1.0,0.19526408648419794,143,27.411745107553788,0.2222877989510734,1.081976157115539,0.4276243356297483,0.18712688576091419,0.17598977789178594,0.0,6.903935122524534,3.0
299.681653,543,1619.809441,0.0,1.0,299.6816532716377,299.6816532716377,1.0,1.0,0.0,0.0,0.69762930314011,543,31.727920467303633,0.3653744834946936,0.9975254375677409,0.4043981025293881,0.2667837434381411,0.21996290721067846,0.071238945261047,1.6061952158878592,3.0
164.290748,259,1623.576959,0.0,1.0,164.2907476134371,164.2907476134371,0.0,0.0,0.0,1.0,0.6919538683461769,259,43.959356995759116,0.4332019014664043,2.0,0.4220141548390094,0.10362941532981902,0.09683985024345428,0.04831436644331939,1.0739671993740523,3.0
99.01268,205,1626.66492,0.0,1.0,99.01268049253045,99.01268049253045,0.0,0.0,0.0,1.0,0.3742979521866114,205,34.945062842709646,0.5119065210343813,2.0,0.4229794704786888,0.15747675430483934,0.16190905919889123,0.017660937145058078,3.4592728128176855,3.0
122.324071,168,1628.951761,0.0,1.0,122.3240713503271,122.3240713503271,0.0,0.0,0.0,1.0,0.23754087287713332,168,34.376278155706835,0.17282656789076695,1.0424495772004434,0.4731472956814936,0.191335019611177,0.1656774076677504,0.009444510616527312,4.515291497248695,3.0
26.979327,85,1630.154757,0.0,1.0,26.97932741320033,26.97932741320033,1.0,1.0,0.0,0.0,0.09162696843395535,85,21.35216929109393,0.300567020692086,0.6460532312216644,0.4861834756591741,0.15267457506235907,0.14549522505087012,0.057738762784018786,0.39223972610331354,3.0
0.03543,71,1631.988139,0.0,1.0,0.03543004113326553,0.03543004113326553,0.0,0.0,0.0,1.0,0.05143337172777012,71,20.349901666695278,0.5215041566529284,1.0587992479090775,0.4417836195461347,0.0585244810077506,0.07260898805000413,0.0,nan,3.0
30.394268,89,1633.821849,0.0,1.0,30.39426833617106,30.39426833617106,1.0,1.0,0.0,0.0,0.12234367661082067,89,25.02095115157374,0.3392241701815269,0.8914556118473709,0.388693396378769,0.08743057224187958,0.09866652729805936,0.0818177460389166,0.29301408772919313,3.0
109.600689,239,1636.838209,0.0,1.0,109.6006888429448,109.6006888429448,0.0,0.0,0.0,1.0,0.4215224832127226,239,32.03324271778438,0.39653702670736357,1.504815391087246,0.41310237902976477,0.11350168343867219,0.11775362042702392,0.003911316592821635,5.035918777479242,3.0
119.313089,190,1639.620287,0.0,1.0,119.31308923161453,119.31308923161453,1.0,1.0,0.0,0.0,0.39520111634867583,190,37.320635313078924,0.3659507680602107,0.7670844150757663,0.4485628278239777,0.09629855971587331,0.09027520418167115,0.11296400922163481,0.6096212401817435,3.0
75.134467,147,1642.202665,0.0,1.0,75.13446716079756,75.13446716079756,0.0,0.0,0.0,1.0,0.22669022872053157,147,29.9445965231941,0.29858058896923906,1.4472641768241468,0.33031618293552173,0.14042437319852868,0.0944630953730369,0.01149296257995763,3.9224216655419943,3.0
93.800664,174,1644.477668,0.0,1.0,93.80066387575195,93.80066387575195,0.0,0.0,0.0,1.0,0.37507557470146446,174,40.74839209519643,0.5535935423300461,2.0,0.3941794267331047,0.09954936579726208,0.08840138131174548,0.0487267546267345,1.7272007548966917,3.0
126.704942,206,1647.554865,0.0,1.0,126.704942160504,126.704942160504,0.0,0.0,0.0,1.0,0.34916226160956837,206,39.67217328110229,0.33622850353360895,1.1347930322353688,0.44565475368601026,0.030679859582660268,0.03408165521992063,0.051528739469557786,1.506868121907289,3.0
149.829793,281,1652.311265,0.0,1.0,149.82979334207425,149.82979334207425,1.0,1.0,0.0,0.0,0.5268085835966114,281,33.796099456741125,0.3988060771712148,0.9910456710687353,0.4038087369549317,0.25419602858638424,0.22923455777117366,0.10891429164362754,0.37858432438091655,3.0
177.130304,352,1656.345037,0.0,1.0,177.1303041129009,177.1303041129009,1.0,1.0,0.0,0.0,0.6548889257860097,352,36.96100736052985,0.4196024795093765,1.0653344550343538,0.4114641640811566,0.1773837875066833,0.15955212847753006,0.10524621656894949,1.7526504662120188,3.0
94.375759,187,1658.130611,0.0,1.0,94.37575939028527,94.37575939028527,0.0,0.0,0.0,1.0,0.2775525156353986,187,33.246414252329465,0.4072974770655995,2.0,0.3091433750475473,0.0953093550421975,0.09113202758013883,0.013572862753181399,2.462500145680125,3.0
220.805171,372,1663.519795,0.0,1.0,220.8051712674658,220.8051712674658,0.0,0.0,0.0,1.0,0.7715137427359273,372,36.851561440749144,0.41763866661565624,2.0,0.3801529361235519,0.19309522403824714,0.1787619448156767,0.02378851569473027,0.9656481879255518,3.0
90.474489,165,1665.488131,0.0,1.0,90.4744890289132,90.4744890289132,1.0,1.0,0.0,0.0,0.318997542396279,165,33.716010462255184,0.2853515606406567,0.8419683714219731,0.38673223373339033,0.21777223709857826,0.20528895602081762,0.15933906582142776,1.0968299067036358,3.0
228.720891,354,1671.118674,0.0,1.0,228.72089125947312,228.72089125947312,1.0,1.0,0.0,0.0,0.5816429838759258,354,36.71458660349345,0.3531271739628382,0.9993564113660512,0.39006593102578724,0.1214733101048712,0.11252399597127559,0.07996391367973386,0.23979698121940715,3.0
140.411169,285,1675.182694,0.0,1.0,140.41116906519972,140.41116906519972,1.0,1.0,0.0,0.0,0.49123813433194274,285,32.79415249511971,0.4438875336796945,1.8958023433773514,0.38770820646170984,0.21144773301325345,0.20123318308278135,0.05601228595916178,1.370896081699717,3.0
352.555942,378,1681.848723,1.0,1.0,352.55594180435753,352.55594180435753,1.0,1.0,0.0,0.0,0.9927564833014686,378,50.058172024211075,0.3712254167488948,1.033381874427968,0.4207369527094579,0.09946756482755066,0.09509678145565054,0.12148945896923984,0.5674196134581007,3.0
170.910625,294,1685.824882,0.0,1.0,170.91062476065898,170.91062476065898,0.0,0.0,0.0,1.0,0.5588317501914754,294,37.438878779030794,0.42331725038947426,2.0,0.3676199912454705,0.08996924534946883,0.08954826747479082,0.012815072927674245,2.5449866417973626,3.0
96.432955,293,1689.281147,0.0,1.0,96.43295468016404,96.43295468016404,1.0,1.0,0.0,0.0,0.4159512323735313,293,41.88663095371787,0.7851438411801815,2.0,0.4052534823531584,0.1033190968907327,0.10319569411945018,0.0345442343505357,1.0226160394867303,3.0
101.549154,188,1692.369371,0.0,1.0,101.54915422942796,101.54915422942796,1.0,1.0,0.0,0.0,0.3669498491158698,188,37.970902755311705,0.42775066497212316,0.9996265583123125,0.44612980528952595,0.13112037945935068,0.1155063234111096,0.10573533259142659,0.3980802194433946,3.0
121.445122,166,1694.728243,0.0,1.0,121.44512245525382,121.44512245525382,1.0,1.0,0.0,0.0,0.39324518374598677,166,42.186580975765324,0.2997656968396853,0.711663886593701,0.42937832087816963,0.12555822837783628,0.10692745231720338,0.19078310418412914,0.0236850860061093,3.0
161.74615,223,1698.234097,0.0,1.0,161.74614986626742,161.74614986626742,1.0,1.0,0.0,0.0,0.4791170318711934,223,38.88941707793243,0.26225637911693206,0.9949425526400772,0.4288899126408346,0.21333764894393528,0.17080817588776218,0.18163684565298055,0.5322832081582435,3.0
239.005876,358,1703.352425,0.0,1.0,239.00587553172628,239.00587553172628,1.0,1.0,0.0,0.0,0.7786006100964239,358,40.50406179613163,0.38943330599390547,1.261342456684976,0.418128645266068,0.12489062864021216,0.12399985387338607,0.06146043311752863,1.6049066167580608,3.0
105.522499,163,1706.515397,0.0,1.0,105.52249934120749,105.52249934120749,1.0,1.0,0.0,0.0,0.32057534055023135,163,38.35584864416959,0.3914924644324359,0.9797255649196697,0.3975322949214399,0.0930255461324212,0.09503534527644059,0.09945404437726306,0.5761241960369333,3.0
128.630906,190,1708.740695,0.0,1.0,128.63090595361288,128.63090595361288,1.0,1.0,0.0,0.0,0.5781227203250524,190,38.83987659877219,0.32571875811318013,0.9937610362255773,0.39906530841008614,0.0640393288511979,0.06566769386592665,0.05331343219305058,0.0659518115729165,3.0
124.372149,166,1711.304632,0.0,1.0,124.37214927302134,124.37214927302134,0.0,0.0,0.0,1.0,0.28861063594793207,166,40.416084513794154,0.2775200555929141,1.113159905584573,0.40639372625534076,0.11188134586954691,0.10289862931492817,0.08413032351190626,0.9073292921445486,3.0
403.07839,386,1716.14836,1.0,0.0,403.07839023999657,403.07839023999657,0.0,0.0,0.0,0.0,0.9920698214008422,386,49.631752679195465,0.29227053996844676,0.9892710158178752,0.4068139553494713,0.1258157287854605,0.11225934149070108,0.09699273281221221,0.7321505961240123,3.0
196.608537,271,1720.16348,0.0,1.0,196.60853662201117,196.60853662201117,1.0,1.0,0.0,0.0,0.3989768904683168,271,38.19120689521572,0.2951061177559549,0.9160821305536418,0.40621477632175074,0.22047005522295118,0.1903443043962176,0.2010395280662149,0.37469824548394365,3.0
393.142716,535,1728.118992,1.0,0.0,393.14271644600905,393.14271644600905,0.0,0.0,0.0,0.0,0.9924243207864752,535,43.53306709119001,0.5374584177261955,2.0,0.4059553160010097,0.22566142494433394,0.18944033607144223,0.15610935310220583,0.013905345199579797,3.0
415.489673,675,1736.949973,1.0,0.0,415.48967270626196,415.48967270626196,0.0,0.0,0.0,0.0,0.9927761864683545,675,35.41193962336107,0.42954797542640116,2.0,0.41760775436957676,0.2569129024611579,0.22835933800096864,0.0591752135160265,0.9553154647176043,3.0
50.943614,129,1739.28208,0.0,1.0,50.943614084317176,50.943614084317176,0.0,0.0,0.0,1.0,0.21561830208342903,129,30.662265137440542,0.39636806309284617,1.4863445459466813,0.44642820850361226,0.13280355653097464,0.13108147761618444,0.03442988718703364,2.816426395388081,3.0
50.082771,136,1740.604428,0.0,1.0,50.0827714673175,50.0827714673175,0.0,0.0,0.0,1.0,0.20159306698125803,136,27.76051451814276,0.39339385773666996,1.6181163739244973,0.341005053371191,0.12408938740982729,0.1132631135337493,0.009797679746996107,4.300402225342976,3.0
75.18383,158,1743.641364,0.0,1.0,75.18383032453221,75.18383032453221,1.0,1.0,0.0,0.0,0.2137052787151097,158,28.95529291919636,0.30520054072733477,0.9832751531897889,0.419480545186921,0.11203958792022511,0.11720077221906638,0.1262194033580365,0.8508585449545656,3.0
119.645287,204,1746.653107,0.0,1.0,119.64528658064646,119.64528658064646,1.0,1.0,0.0,0.0,0.503647208202741,204,38.972490923003804,0.4121015749160681,1.0144428009521245,0.37572733521023216,0.1073952251497437,0.11654306948184967,0.05673357986779726,1.2029389011838902,3.0
40.69399,118,1748.011724,0.0,1.0,40.69398991710261,40.69398991710261,0.0,0.0,0.0,1.0,0.19618090503940447,118,26.962701507318787,0.44720866323828984,2.0,0.298962630173665,0.1064607915231737,0.10253290604736845,0.0,nan,3.0
173.424108,202,1751.289926,0.0,1.0,173.42410797704332,173.42410797704332,0.0,0.0,0.0,1.0,0.394765136562495,202,42.09412251527624,0.2278149758951997,1.3266169092876272,0.42758293660117846,0.09731052889682279,0.10040627021600704,0.1310032170075081,0.652507685128557,3.0
112.757352,202,1754.350374,0.0,1.0,112.75735190688503,112.75735190688503,0.0,0.0,0.0,1.0,0.35018620410687074,202,42.99701442325392,0.5307070920968359,2.0,0.38482576450056366,0.09647695675934895,0.09330604454078296,0.06879270464898875,1.9837506073453433,3.0
124.030634,186,1757.187547,0.0,1.0,124.03063442827525,124.03063442827525,1.0,1.0,0.0,0.0,0.33496140743131575,186,38.58529621167059,0.3054966313048762,0.8225233193150737,0.41291327970803426,0.07730926813617829,0.07879049034528834,0.0555786349451127,0.0796953534062091,3.0
139.561011,282,1761.553589,0.0,1.0,139.5610106711414,139.5610106711414,1.0,1.0,0.0,0.0,0.5456588659897675,282,38.15905883752248,0.5489513803574393,1.967428023246372,0.40443241773899774,0.1732079486052195,0.15729416262173485,0.09798508214720768,0.017660872343483073,3.0
64.228161,146,1763.921966,0.0,1.0,64.22816116843588,64.22816116843588,1.0,1.0,0.0,0.0,0.2938517145818695,146,34.03359370137729,0.4683443070014811,0.9764029995681551,0.4102553734173105,0.0965275625659995,0.10187278463415904,0.03212588243077046,0.17240723446230197,3.0
210.058355,446,1770.813777,0.0,1.0,210.05835548418065,210.05835548418065,0.0,0.0,0.0,1.0,0.6076928463341621,446,32.04828641741456,0.5671669341481094,2.0,0.37551498351276186,0.20036106974287418,0.17735260831935523,0.044432518923326725,0.12095028485124687,3.0
123.341469,249,1775.227388,0.0,1.0,123.34146894875246,123.34146894875246,0.0,0.0,0.0,1.0,0.3933149057764142,249,35.93848395937291,0.4945037245489093,2.0,0.3680452031483612,0.1749474450526946,0.17431185355626913,0.07460662810377515,0.8358843217046473,3.0
185.279932,304,1779.496874,0.0,1.0,185.27993163294326,185.27993163294326,0.0,0.0,0.0,1.0,0.9083535988134823,304,46.97242806691716,0.44122137941516426,1.4096622516258808,0.37073847310813635,0.10547044990878356,0.10680228883498594,0.12289476904657119,0.024823304086117912,3.0
80.793802,189,1783.085639,0.0,1.0,80.79380227240985,80.79380227240985,0.0,0.0,0.0,1.0,0.3499002607473628,189,31.595254877140924,0.40862453863773446,1.9781639198457046,0.3540088983755263,0.14825520061311268,0.14428976603916713,0.015559352712983133,2.5771761649440377,3.0
132.596573,218,1787.833974,0.0,1.0,132.59657345076906,132.59657345076906,1.0,1.0,0.0,0.0,0.3700391652192226,218,37.74080100605517,0.3872975610659813,1.512887993793219,0.3817365636040858,0.18468762975220288,0.15079625648096068,0.1468743487289454,0.6148556816323106,3.0
27.886478,81,1789.296661,0.0,1.0,27.886478397286204,27.886478397286204,1.0,1.0,0.0,0.0,0.0901787766758486,81,22.309136105596416,0.2389030640862469,0.5666933105948376,0.3897002049618297,0.1467720240722468,0.15576606547390973,0.07777327950373181,0.28470527251436334,3.0
262.245227,483,1795.966651,0.0,1.0,262.24522674448167,262.24522674448167,1.0,1.0,0.0,0.0,0.8913958389207505,483,31.947432936439554,0.40225985730073716,1.292945189735784,0.3777789289428704,0.28625575858737123,0.2580507293374395,0.13485795411374008,0.016403541739494515,3.0
