#{"t_start": 1780046716.707402, "env_id": "None"}
r,l,t,is_success,episode_cost,episode_base_reward,episode_shaped_reward,episode_collision,episode_crash_vehicle,episode_crash_object,episode_out_of_road,episode_route_completion,episode_length,episode_mean_speed,episode_mean_lane_deviation,episode_max_lane_deviation,episode_steering_variation,episode_accel_variation,episode_jerk,episode_ttc_risk,episode_min_ttc,curriculum_stage
12.257221,1200,9.039661,0.0,0.0,12.25722123964325,12.25722123964325,0.0,0.0,0.0,0.0,0.02628894414918237,1200,0.6443979240692328,0.08329929945994409,0.20166118092136825,0.8430278430576437,0.8259288479651635,0.6371195266613116,0.0,nan,3.0
15.82039,1200,16.057636,0.0,0.0,15.820390247171044,15.820390247171044,0.0,0.0,0.0,0.0,0.06227523323045304,1200,0.9673814627615394,0.33974554956603203,0.8702154303939377,0.8471177972604831,0.7953569594149789,0.6055263852948943,0.0,10.086125099092852,3.0
8.277843,1200,23.737544,0.0,0.0,8.277842659612554,8.277842659612554,0.0,0.0,0.0,0.0,0.05972000617164127,1200,1.0644092920555397,0.744064846012448,0.9998448603136111,0.8330982771950464,0.7765377980098128,0.5709146856764953,0.0,nan,3.0
26.392794,1200,32.202677,0.0,0.0,26.392793644071897,26.392793644071897,0.0,0.0,0.0,0.0,0.07001681970521843,1200,1.4015876957430633,0.398103762271095,0.9981116339816726,0.800729939614733,0.7222805113593738,0.5511288642386596,0.0,36.186622562756895,3.0
10.39712,1200,39.804476,0.0,0.0,10.397120198803682,10.397120198803682,0.0,0.0,0.0,0.0,0.12694596856311555,1200,1.8619773301433042,1.4367200215013194,2.0,0.8249446329971154,0.6714535179237525,0.5340852339565754,0.0,nan,3.0
-3.613336,473,43.065703,0.0,1.0,-3.6133358981524175,-3.6133358981524175,0.0,0.0,0.0,1.0,0.06220059609708714,473,2.324562873122978,1.1682873500101678,2.0,0.858779433705149,0.5985614254787155,0.5005014470717367,0.0,40.59065274987522,3.0
8.88449,686,48.261622,0.0,1.0,8.884490098088527,8.884490098088527,0.0,0.0,0.0,1.0,0.09493238201079977,686,2.6745911479767277,0.848031652543786,2.0,0.8148759821180048,0.6218156789377897,0.4954874697127773,0.0,nan,3.0
10.974748,879,54.666347,0.0,1.0,10.974747728444637,10.974747728444637,0.0,0.0,0.0,1.0,0.0992083554050916,879,1.9559134944437955,0.9292309940263307,2.0,0.8450317993480394,0.6578614382545831,0.5461862945719383,0.0,nan,3.0
4.877624,558,59.097143,0.0,1.0,4.877623919886634,4.877623919886634,0.0,0.0,0.0,1.0,0.06610694571814688,558,2.0893855762486706,0.44045027451573093,1.049180843878063,0.7876449171453714,0.6228105050368121,0.5117165093780845,0.0,nan,3.0
22.112304,1200,69.320764,0.0,0.0,22.11230411677494,22.11230411677494,0.0,0.0,0.0,0.0,0.14959590819148058,1200,2.1849011041794957,1.0282428436546072,2.0,0.8009672500037899,0.6278467857340971,0.5202932848532995,0.02220190562183877,0.12062673151631198,3.0
7.538544,1200,78.494408,0.0,0.0,7.5385442466734345,7.5385442466734345,0.0,0.0,0.0,0.0,0.12975738316042845,1200,2.02573257450558,1.8404836302071805,2.0,0.8147845738256971,0.6625842062632242,0.5231698921819528,0.0,nan,3.0
24.470884,966,86.490343,0.0,1.0,24.470884278588713,24.470884278588713,0.0,0.0,0.0,1.0,0.14617955904032712,966,2.9861556648252607,0.6333153271877692,1.8201846812448932,0.7698311328745252,0.5721666774024134,0.4980061906033174,0.02805335587430388,0.11917676643408548,3.0
17.123681,801,92.677351,0.0,1.0,17.123680615848166,17.123680615848166,0.0,0.0,0.0,1.0,0.10622128457168525,801,3.0410542110300995,0.9706886254313243,2.0,0.7930119155177128,0.5462287505542146,0.4545574260412828,0.0,11.027653640124454,3.0
15.455716,443,96.471045,0.0,1.0,15.45571579938477,15.45571579938477,0.0,0.0,0.0,1.0,0.09715043366664822,443,3.7768910898738013,0.8623798395624583,2.0,0.8226212121495813,0.5110773406502356,0.3913114282132271,0.0,nan,3.0
3.440087,178,98.387547,0.0,1.0,3.440087261224793,3.440087261224793,1.0,1.0,0.0,0.0,0.057212301889192844,178,4.3055119708399205,0.6482711109980916,2.0,0.8110854830383585,0.4531341985370336,0.4023439247956437,0.005357880294707394,0.2777838452525037,3.0
-1.086571,1167,108.161431,0.0,1.0,-1.086570802351039,-1.086570802351039,0.0,0.0,0.0,1.0,0.14630730408774256,1167,2.9112287169352107,1.6011757252373002,2.0,0.8154547693049846,0.603670187505168,0.49799854870831345,0.002686675710105847,3.2507076988681205,3.0
-1.28608,101,109.826519,0.0,1.0,-1.2860796728685173,-1.2860796728685173,0.0,0.0,0.0,1.0,0.03623778830743079,101,7.421278807994618,0.4704365176692115,1.0566175576084256,0.7809947181013551,0.29919424505517034,0.28069246641480095,0.0,nan,3.0
-3.916454,90,110.680007,0.0,1.0,-3.91645430488005,-3.91645430488005,0.0,0.0,0.0,1.0,0.028062824999349117,90,5.602296029238363,0.352583424820742,1.0264094589755441,0.8838843713204066,0.3554719547430674,0.3132270084487067,0.0,nan,3.0
4.00738,253,113.628736,0.0,1.0,4.007380082497344,4.007380082497344,0.0,0.0,0.0,1.0,0.060775213783170544,253,4.6101192239582405,0.48443103163557694,1.0392642462479316,0.8042852151770836,0.38474941866199963,0.34812660085353925,0.0,nan,3.0
70.932445,1128,125.062246,0.0,1.0,70.93244502964104,70.93244502964104,0.0,0.0,0.0,1.0,0.21338927965036536,1128,4.989722639107882,0.4791830327057951,1.0279116994795263,0.8518515470576413,0.4471315733348647,0.38852118795856516,0.0,24.226683461472447,3.0
109.228378,1200,135.354521,0.0,0.0,109.2283781826995,109.2283781826995,0.0,0.0,0.0,0.0,0.23920301322955873,1200,5.367496322224187,0.40954193904278424,0.9995333100683623,0.7793410883564502,0.44664455398917197,0.3941246583064397,0.0,nan,3.0
113.804298,1200,146.795174,0.0,0.0,113.80429835368072,113.80429835368072,0.0,0.0,0.0,0.0,0.377455884160842,1200,6.190302104425384,0.43809056442612376,0.9954293307530795,0.7889991886758556,0.43006982214748857,0.35442970171570776,0.0,nan,3.0
53.178335,515,149.970975,0.0,1.0,53.17833457864689,53.17833457864689,0.0,0.0,0.0,1.0,0.21994476724116405,515,9.353501268080704,0.5822687100040382,1.7869383995645929,0.7813718293694037,0.3434476276045864,0.282501704021565,0.0,68.64955945670616,3.0
177.275295,1200,160.39355,0.0,0.0,177.2752953423861,177.2752953423861,0.0,0.0,0.0,0.0,0.4999318102351077,1200,9.244468851911538,0.45086414507768313,1.126530943193268,0.7734771772039434,0.3641080030798912,0.3055806102355321,0.014875059242367716,1.0853468366776557,3.0
148.918817,888,167.366682,0.0,1.0,148.91881749192825,148.91881749192825,1.0,1.0,0.0,0.0,0.550351376201976,888,10.863645581535456,0.39252991139675264,1.3834301069218702,0.7084409097914357,0.3375017773863432,0.3142549792925517,0.0030311041756637194,0.5232556066320405,3.0
198.959278,1200,178.260655,0.0,0.0,198.9592782735757,198.9592782735757,0.0,0.0,0.0,0.0,0.5157276372923064,1200,10.272230467921236,0.3956620763110289,0.9997753792030024,0.7628735597214351,0.33277679964900014,0.2910121421019236,0.002433008482460395,2.1676195481307308,3.0
40.960809,290,182.20997,0.0,1.0,40.960809446639985,40.960809446639985,0.0,0.0,0.0,1.0,0.16573676782495161,290,10.271348721754434,0.33123452232825157,1.0584794503574781,0.6951129750444971,0.33488822599937174,0.3042541133946386,0.02554051989333595,1.8425847470264842,3.0
248.348249,1200,192.586773,0.0,0.0,248.34824902964417,248.34824902964417,0.0,0.0,0.0,0.0,0.771425719460391,1200,12.335963339037084,0.41229255244432556,1.4403687824965292,0.7279120522427062,0.29302420129378637,0.26120702385902406,0.017343898202814078,0.008946374630472409,3.0
309.070358,1200,204.205215,0.0,0.0,309.07035827337666,309.07035827337666,0.0,0.0,0.0,0.0,0.7944400308669793,1200,16.01811901671013,0.42870645056980067,0.9999610540867011,0.6713125602869938,0.2583197865883509,0.23365625873208046,0.0,8.268699825063825,3.0
126.995073,629,208.978111,0.0,1.0,126.99507293608735,126.99507293608735,1.0,1.0,0.0,0.0,0.5477361857596608,629,16.18843748457993,0.48307033228136925,2.0,0.705753513521534,0.2405568798130381,0.21916344472827518,0.010277115880535856,0.4178812185029674,3.0
125.198381,577,213.856273,0.0,1.0,125.1983811240375,125.1983811240375,0.0,0.0,0.0,1.0,0.445908896490396,577,16.099213446369003,0.4708737491586255,1.5899022360699058,0.6810869648406989,0.2588800154690933,0.24441101646092778,0.0,nan,3.0
364.317991,1200,225.830955,0.0,0.0,364.31799149770666,364.31799149770666,0.0,0.0,0.0,0.0,0.8460376382714426,1200,16.900580500849927,0.3690306660520377,0.9950923673327852,0.7208004321965078,0.23093814328312873,0.21049314151207607,0.0,13.710651891308236,3.0
166.534552,590,232.242265,0.0,1.0,166.53455168080907,166.53455168080907,1.0,1.0,0.0,0.0,0.48732068765931935,590,18.64326326430197,0.43531998553691337,0.9998706551821698,0.6753429560211756,0.17648293052689504,0.16446949061700852,0.03314552535520453,0.6119467685935177,3.0
252.021359,753,241.892158,0.0,1.0,252.0213594298752,252.0213594298752,0.0,0.0,0.0,1.0,0.6360632467566109,753,21.099112569714222,0.41843822909664335,1.0591857579605253,0.674904575563997,0.19493922159807933,0.18334341943659788,0.0034342337412283544,2.612160147118261,3.0
318.663294,1107,253.704112,1.0,0.0,318.6632942418812,318.6632942418812,0.0,0.0,0.0,0.0,0.987421429665201,1107,16.192148998403074,0.4215925557350002,0.9994489066685249,0.6617610568101597,0.2195433103079826,0.19152322812670508,0.005845183402417513,1.1880015579373242,3.0
281.054983,1200,268.50417,0.0,0.0,281.05498280406755,281.05498280406755,0.0,0.0,0.0,0.0,0.927579270447116,1200,16.887554155594735,0.4632831176108358,1.317794524704222,0.6498645285020271,0.2012889791528384,0.17072153488794964,0.0,16.4843977215678,3.0
157.314578,607,273.615145,0.0,1.0,157.31457823035305,157.31457823035305,0.0,0.0,0.0,1.0,0.5577479984671321,607,18.263286136172287,0.4393650017906648,1.428230507837632,0.7258078419838155,0.2010557604385954,0.18330808860269762,0.005180583198624432,2.5318388461656234,3.0
315.083739,1111,285.240362,0.0,1.0,315.0837385588014,315.0837385588014,1.0,1.0,0.0,0.0,0.880126061046349,1111,18.582217975331115,0.45024310823740854,0.9989994129413435,0.6647087369083983,0.16209834642393112,0.14649570964672456,0.009289878009786593,0.39404245055093645,3.0
428.515566,1185,295.504074,1.0,0.0,428.51556559660133,428.51556559660133,0.0,0.0,0.0,0.0,0.9928126571604035,1185,21.65913138479539,0.44621923465437197,1.8819824164644212,0.6387079631917587,0.1743177277126393,0.15908966823972226,0.0,22.57734394093249,3.0
210.916639,670,300.714436,0.0,1.0,210.91663926093395,210.91663926093395,1.0,1.0,0.0,0.0,0.7895292512362324,670,20.442262453022664,0.4596058730790911,1.7816153798078067,0.6614575579317648,0.17414004589194682,0.16280299585257005,0.014587198009289416,0.5182502708983423,3.0
299.141292,1200,312.350107,0.0,0.0,299.1412921194926,299.1412921194926,0.0,0.0,0.0,0.0,0.9031901999079595,1200,19.90446541526521,0.6206783137003588,2.0,0.6496038357789318,0.1510529508193334,0.14762202223141987,0.0028465035794940988,2.009108666365942,3.0
126.558597,635,320.671351,0.0,1.0,126.55859729519125,126.55859729519125,0.0,0.0,0.0,1.0,0.5672743770536836,635,21.65605827697856,0.8072113209106575,2.0,0.6654021736322425,0.16517393757977825,0.15664228078887218,0.015191949220063831,2.70860671038939,3.0
98.483128,380,325.784117,0.0,1.0,98.4831282553755,98.4831282553755,0.0,0.0,0.0,1.0,0.3796773938997514,380,22.931339661697784,0.5495030779877161,1.6815588310786989,0.6188464390702153,0.1879105856544093,0.16550163501187376,0.0,18.212227727151856,3.0
54.582736,253,328.364851,0.0,1.0,54.58273599855909,54.58273599855909,1.0,1.0,0.0,0.0,0.29495228973823295,253,22.886549675262643,0.7219236492017577,2.0,0.6509492134771092,0.10225513659918262,0.08613104782556828,0.028074604780773782,0.3599577610580331,3.0
56.031487,240,331.015988,0.0,1.0,56.03148670586798,56.03148670586798,0.0,0.0,0.0,1.0,0.33956361560831283,240,26.343694252616288,0.6402175551677407,2.0,0.6391358979046344,0.10903994838396708,0.11421800702810288,0.0,nan,3.0
102.1939,282,333.60094,0.0,1.0,102.1939003775049,102.1939003775049,1.0,1.0,0.0,0.0,0.3209380583181111,282,25.237320800684877,0.4756461158906226,1.766069369898196,0.6317676379484065,0.1461922251586373,0.14474362980389427,0.053374067347703405,1.3414302308845374,3.0
434.075315,1080,346.287182,1.0,0.0,434.0753148624897,434.0753148624897,0.0,0.0,0.0,0.0,0.9904714676853527,1080,21.7527028515583,0.413624508321051,1.3024789027949282,0.6492693845182658,0.10357284413443671,0.09338773433808926,0.0044257395987372175,1.609655471536221,3.0
150.7422,591,352.358412,0.0,1.0,150.7422002113841,150.7422002113841,1.0,1.0,0.0,0.0,0.7223063982592863,591,26.417525913381876,0.7792809524322235,2.0,0.6193227622084407,0.10440894411703455,0.09901915730155261,0.02357770492404174,2.1901400060641727,3.0
280.032767,803,359.567365,1.0,0.0,280.0327667831505,280.0327667831505,0.0,0.0,0.0,0.0,0.988641975296424,803,20.191630899126743,0.44551795934885147,1.7415950436739782,0.6226343069861122,0.11717152647479237,0.11059231627477359,0.0028758987412875734,3.7633673276004536,3.0
88.199075,323,362.881639,0.0,1.0,88.19907505249463,88.19907505249463,1.0,1.0,0.0,0.0,0.3792857855578438,323,22.351700849931582,0.5575456625569748,1.627299445098601,0.6397301792498713,0.1096307260702269,0.1065748092190769,0.034836709953447814,0.7476013264244137,3.0
96.508759,400,367.123089,0.0,1.0,96.50875917743285,96.50875917743285,0.0,0.0,0.0,1.0,0.41580033821324763,400,19.011070735886687,0.4996146690139044,2.0,0.6646620250493288,0.12460530191659927,0.11671321704983711,0.0009346339649225913,4.85297278263277,3.0
56.842589,278,370.933304,0.0,1.0,56.84258949541591,56.84258949541591,0.0,0.0,0.0,1.0,0.250625537023264,278,20.330270760227503,0.614668316351523,2.0,0.6234836999809356,0.07831833902880442,0.07645844598468259,0.07777825201723744,0.07240022947710396,3.0
215.011417,585,375.452177,0.0,1.0,215.01141656449727,215.01141656449727,0.0,0.0,0.0,1.0,0.7573442761294068,585,27.737268199202838,0.5850331718431591,2.0,0.6263461934577705,0.08322437787667299,0.07923512356912987,0.0,7.571747541913161,3.0
125.716934,375,379.359707,0.0,1.0,125.71693413773949,125.71693413773949,0.0,0.0,0.0,1.0,0.3198894018557351,375,21.037521472511433,0.4246610851384004,1.9304018088208164,0.656367234369119,0.07173492781321207,0.06945315647125244,0.00046552674298637936,5.4140931060332385,3.0
135.626717,347,382.171118,0.0,1.0,135.62671713307532,135.62671713307532,0.0,0.0,0.0,1.0,0.45722933944882815,347,25.628687876984372,0.39854337015216784,1.3665361368042024,0.6629873906028717,0.08292983863126992,0.08402344301042364,0.024917903065372598,0.8920441641159322,3.0
119.272228,532,388.24508,0.0,1.0,119.27222802541448,119.27222802541448,1.0,1.0,0.0,0.0,0.7815217274510161,532,26.53779467347385,0.8375218470066906,2.0,0.6524308428616452,0.12322651622886945,0.11346437563573507,0.04025982430888389,1.6397475265976718,3.0
244.34862,680,395.844723,0.0,1.0,244.34861966037022,244.34861966037022,1.0,1.0,0.0,0.0,0.6995084184395592,680,24.696320957362005,0.47281155195478375,1.4234964787179354,0.668759721177904,0.09192380659720477,0.09354206604116103,0.041970168608226985,0.00791362682835032,3.0
84.76677,258,398.192767,0.0,1.0,84.76677007474926,84.76677007474926,0.0,0.0,0.0,1.0,0.2874496685882346,258,24.774575921239613,0.4527018777436515,1.877916930029449,0.5839535247447879,0.0863579086555067,0.08605071648146755,0.0,6.177563844184577,3.0
68.485997,248,400.888698,0.0,1.0,68.48599650964489,68.48599650964489,1.0,1.0,0.0,0.0,0.24522249354869094,248,18.47620758214677,0.38770013324924274,1.1421732224792087,0.6792003562553756,0.1152967096817109,0.11232361582017714,0.07351690521604086,0.2713877374265213,3.0
48.802248,138,402.395363,0.0,1.0,48.80224765858359,48.80224765858359,0.0,0.0,0.0,1.0,0.11248770909596825,138,20.976700638565386,0.27474188448757536,1.056453563774472,0.5894306695115739,0.10063176353772481,0.09737275951150534,0.0,53.819818981067385,3.0
137.257689,312,405.138689,0.0,1.0,137.25768855330043,137.25768855330043,1.0,1.0,0.0,0.0,0.3592616434745698,312,27.118313014896167,0.3860235424949917,1.1066284285721035,0.6145443966946541,0.14919930199782053,0.13074640394785467,0.08878593681684387,0.7891134078537254,3.0
75.11282,258,407.886182,0.0,1.0,75.11281954510453,75.11281954510453,0.0,0.0,0.0,1.0,0.33068502103212033,258,22.603480260357994,0.4973144076331734,2.0,0.6732437540452147,0.08390078341314035,0.08771196816318719,0.0,nan,3.0
266.471502,663,415.245029,0.0,1.0,266.4715019856583,266.4715019856583,1.0,1.0,0.0,0.0,0.8087135683220701,663,28.069771541654735,0.5145661611353438,2.0,0.5868428873844995,0.11078666067411097,0.10684476772584527,0.01629951156336754,1.5097210238287926,3.0
294.170046,700,422.31986,1.0,0.0,294.17004626243613,294.17004626243613,0.0,0.0,0.0,0.0,0.9877848391602164,700,24.182306642582272,0.4247979465965153,0.9963246279760057,0.6251421689348562,0.09769038353647505,0.09082734482628958,0.009545282036452076,0.9983249270736374,3.0
402.635544,982,432.953835,1.0,0.0,402.635544146091,402.635544146091,0.0,0.0,0.0,0.0,0.9918216436791938,982,24.46732234302015,0.45711258454262216,1.6839094269035217,0.614745544599722,0.09631998123802138,0.09226882482012032,0.0,6.637546879200705,3.0
121.261093,357,436.928163,0.0,1.0,121.26109307641465,121.26109307641465,0.0,0.0,0.0,1.0,0.32333480235719136,357,22.382429738529982,0.43215795838036136,1.6962178344866774,0.6345489136561626,0.11698587334790483,0.10333027125072747,0.0060382066709371495,3.5182973902942276,3.0
162.978241,460,440.739418,0.0,1.0,162.97824137257027,162.97824137257027,0.0,0.0,0.0,1.0,0.5487301728765631,460,24.823548485289418,0.4786201609307423,1.4879419297030623,0.6524297076398912,0.10975203630716904,0.10292925497759943,0.0,9.07297262541285,3.0
173.114188,413,445.478463,0.0,1.0,173.11418750839897,173.11418750839897,0.0,0.0,0.0,1.0,0.6941104006882212,413,27.84432604469795,0.4488406260840227,2.0,0.6019190317132571,0.10293677326553381,0.10088236684083361,0.006531654905183144,2.966031988197113,3.0
221.20996,543,451.290907,0.0,1.0,221.2099603961335,221.2099603961335,0.0,0.0,0.0,1.0,0.7687553274218826,543,26.819515913609642,0.451559242948156,2.0,0.6268595427164935,0.08703850865583614,0.08765474450302826,0.019251223843168165,0.9525229665362861,3.0
419.844364,933,460.705389,1.0,0.0,419.8443644606531,419.8443644606531,0.0,0.0,0.0,0.0,0.9925153510600353,933,24.02098126899395,0.3880827834847334,1.305551436360942,0.5987739715832989,0.10638271605981252,0.09566897799092218,0.005851856445052013,1.5007124398437113,3.0
82.654535,276,463.807955,0.0,1.0,82.65453516427843,82.65453516427843,0.0,0.0,0.0,1.0,0.2335087005278707,276,22.87469710731733,0.49051702667858627,1.888566642266817,0.607623058438733,0.10610814068628394,0.09783624004626619,0.006484501122802362,4.101053737743806,3.0
191.680979,479,469.93286,0.0,1.0,191.68097903512646,191.68097903512646,1.0,1.0,0.0,0.0,0.6321459162493102,479,31.895069075613144,0.5702695287564266,2.0,0.6047089551896292,0.09760121413212977,0.09829474839387707,0.03231193965590347,0.522776375191864,3.0
270.951207,559,478.177145,0.0,1.0,270.9512074700009,270.9512074700009,1.0,1.0,0.0,0.0,0.7308497704162794,559,32.60481893432281,0.4838911795405555,2.0,0.6277129871367555,0.07939103570948347,0.08218893893929415,0.026216806537276694,0.8331094719852506,3.0
180.753895,499,482.419262,0.0,1.0,180.75389461620313,180.75389461620313,1.0,1.0,0.0,0.0,0.5821849755184898,499,27.578427124307172,0.5378718085675905,2.0,0.6477649854888061,0.057438701570392374,0.056324443262899086,0.0250391201863201,2.492010694575178,3.0
108.27545,300,485.21597,0.0,1.0,108.27544958940902,108.27544958940902,1.0,1.0,0.0,0.0,0.4154208645256558,300,27.873780000310354,0.5024527037078004,0.9928095358075542,0.6059471617639065,0.08126017689704895,0.0739299190044403,0.018651562605170303,0.41042242755396535,3.0
249.736569,489,490.440075,0.0,1.0,249.73656908648292,249.73656908648292,1.0,1.0,0.0,0.0,0.5926827385325842,489,33.04739671821058,0.44883165330763225,2.0,0.5580641731071326,0.06730319629661388,0.06600373215470577,0.038858704465631104,1.1914656810200193,3.0
231.988422,516,496.384151,0.0,1.0,231.988422209602,231.988422209602,1.0,1.0,0.0,0.0,0.8580758132241294,516,30.38625417621752,0.4929743839281998,2.0,0.5688624530958459,0.11414713891901711,0.10844529356605323,0.0331700549112451,2.1835187778180627,3.0
276.99589,573,503.325543,0.0,1.0,276.99588988523124,276.99588988523124,1.0,1.0,0.0,0.0,0.8256357062887066,573,28.756376695368566,0.3975392235039037,1.0020394151731933,0.6205827309953189,0.057522171246859835,0.058313999812640446,0.026335834396317363,0.008590473140894835,3.0
32.304518,144,506.188788,0.0,1.0,32.304517712482166,32.304517712482166,0.0,0.0,0.0,1.0,0.09387154652303457,144,18.602802876138277,0.3664710500707189,1.1352506549026185,0.5264420073686374,0.07631876940528552,0.07301993916432063,0.0014784602011257706,4.722610386227334,3.0
115.947527,336,508.547246,0.0,1.0,115.94752741861832,115.94752741861832,0.0,0.0,0.0,1.0,0.44941687816663234,336,26.221786704838543,0.5177171688248607,1.1525868901525107,0.6080955487143781,0.04937481596356347,0.052242698413985114,0.004418480117270865,4.938245960586149,3.0
151.36802,317,514.005953,0.0,1.0,151.36802035928497,151.36802035928497,1.0,1.0,0.0,0.0,0.40190465871118064,317,30.1058692721073,0.36093431892521377,1.6206066399036476,0.6573128617994417,0.07498930982234726,0.07822561076010816,0.05861775851916081,1.445121397215775,3.0
140.635054,261,517.337802,0.0,1.0,140.63505397237537,140.63505397237537,1.0,1.0,0.0,0.0,0.30704095413489035,261,29.969885823022114,0.31795653589908823,1.2964416082259689,0.651683516143839,0.050640110768577606,0.05652621970779594,0.05302557076796729,1.383881261068124,3.0
96.540879,297,522.100623,0.0,1.0,96.54087888168554,96.54087888168554,0.0,0.0,0.0,1.0,0.3267211004246435,297,22.550368171966767,0.42048615659626043,1.8993394051751817,0.6251755793538157,0.04371492549626514,0.046580250014359705,0.012510487722760573,3.316660206337041,3.0
78.514954,195,524.056032,0.0,1.0,78.51495396051763,78.51495396051763,0.0,0.0,0.0,1.0,0.1780204942770482,195,25.828064026934076,0.3760971693886088,1.1463392920009305,0.6530829723446797,0.024346171892606294,0.02947437702081142,0.0,nan,3.0
24.766212,147,525.888757,0.0,1.0,24.76621228288922,24.76621228288922,0.0,0.0,0.0,1.0,0.18436137250105777,147,22.637766823977156,0.5135439826190101,1.6147003609141528,0.5274250586422122,0.04085468597152606,0.04076103937058222,0.018761349721498007,2.0242995353264184,3.0
339.42858,754,534.153752,1.0,0.0,339.4285801469679,339.4285801469679,0.0,0.0,0.0,0.0,0.9927333271568507,754,27.4881719991553,0.44934972274109025,1.4229602927364522,0.6066506282483235,0.04578425286619353,0.047315369866571,0.002461204294675294,3.024029890129296,3.0
181.338653,418,540.451962,0.0,1.0,181.3386529232225,181.3386529232225,1.0,1.0,0.0,0.0,0.46909942334390636,418,27.61618334915795,0.4226322345313687,0.9983485260648043,0.6347616527710805,0.06947382785486833,0.06763801306628725,0.041083130469715706,1.1009910590491094,3.0
186.251662,428,544.678692,0.0,1.0,186.25166155380956,186.25166155380956,1.0,1.0,0.0,0.0,0.7944650537840383,428,30.746420245874155,0.5650681906667411,2.0,0.6693340472824801,0.06975120445278203,0.0714913887955318,0.006592316152493624,4.326751294316467,3.0
128.584588,329,549.190708,0.0,1.0,128.58458824806837,128.58458824806837,0.0,0.0,0.0,1.0,0.30309418542994465,329,26.169266667525626,0.4031538953811941,1.1953457073629417,0.5708688952957243,0.048095574132577264,0.047785989419305216,0.0,nan,3.0
104.437507,295,552.581081,0.0,1.0,104.43750738348697,104.43750738348697,0.0,0.0,0.0,1.0,0.5810403210184437,295,27.369360745260302,0.5189566452654372,2.0,0.6074014382847285,0.05866147097894701,0.05616418103040275,0.003173351825480427,3.131731486518088,3.0
176.86991,502,558.578515,0.0,1.0,176.86991004903038,176.86991004903038,0.0,0.0,0.0,1.0,0.631292178555516,502,27.130326385855927,0.5488547573858632,1.6487196560315636,0.6319900659836858,0.05456848448491192,0.05627225523450935,0.021742786077503636,2.4747355218984324,3.0
304.198829,678,566.686011,0.0,1.0,304.1988285853028,304.1988285853028,1.0,1.0,0.0,0.0,0.8955741179066826,678,29.360458262178575,0.48237680414122586,1.70605168978659,0.5856141657032797,0.08201994094173465,0.07716928690584009,0.03637866535065393,0.582516295328103,3.0
181.378365,350,571.496044,0.0,1.0,181.37836462117178,181.37836462117178,0.0,0.0,0.0,1.0,0.5168492146300763,350,33.89081468765341,0.40245567257517434,1.1992119076081618,0.5843661703169346,0.04686861480985369,0.04535287005560739,0.0,6.090641170310818,3.0
171.210693,408,576.391934,0.0,1.0,171.21069332316554,171.21069332316554,0.0,0.0,0.0,1.0,0.7420460977409501,408,34.26469577385273,0.5328359926423708,1.080471859311273,0.6094671730499934,0.052676921381669885,0.053734611646801815,0.026431531923244506,1.9520453959753825,3.0
94.605131,226,579.114967,0.0,1.0,94.60513141695101,94.60513141695101,1.0,1.0,0.0,0.0,0.19991938786424088,226,24.62336583239992,0.32965806963998345,0.9994432642526574,0.537702633842694,0.04607699877392929,0.04931062248955786,0.07766078314649028,1.57626293488164,3.0
254.964979,511,585.178842,0.0,1.0,254.9649792589522,254.9649792589522,1.0,1.0,0.0,0.0,0.713523676485525,511,31.881784527135824,0.42635141845344754,1.0455055696891389,0.5798376013621426,0.07424703689470682,0.07095891482209506,0.030476863245487994,1.1328847431224118,3.0
61.1731,264,589.948736,0.0,1.0,61.173099703848905,61.173099703848905,0.0,0.0,0.0,1.0,0.2930602915055486,264,27.794401721452886,0.7247388392714018,2.0,0.5424526742744175,0.04361524410320051,0.04710040805917798,0.011456589452641937,2.8131979990897404,3.0
169.125075,426,596.910955,0.0,1.0,169.1250748610478,169.1250748610478,0.0,0.0,0.0,1.0,0.5862327816400923,426,26.136079022186962,0.37250403865141357,1.5322722760334144,0.567828165961893,0.06310859952174441,0.06632045121260093,0.006483626076797063,2.4627211273973613,3.0
209.334417,522,602.131587,0.0,1.0,209.3344167766942,209.3344167766942,0.0,0.0,0.0,1.0,0.8334640684871653,522,27.149206193530162,0.455492441105788,2.0,0.592867613149186,0.04234070522118345,0.046392483729512296,0.031123477831383434,0.23913392276875658,3.0
28.161629,106,604.168055,0.0,1.0,28.161629051169946,28.161629051169946,1.0,1.0,0.0,0.0,0.10871140683641127,106,20.840128517207194,0.33259299346440707,0.99751128670046,0.5764990361091101,0.06783306148816955,0.07726702375232049,0.11434752995087907,0.18470670556056945,3.0
22.104546,125,606.179848,0.0,1.0,22.10454569050941,22.10454569050941,0.0,0.0,0.0,1.0,0.11058971536491925,125,23.518362474769706,0.690414294416347,1.8490270220460452,0.5898131908178329,0.023932538032531737,0.030019064903259278,0.0,13.732648832425985,3.0
174.638225,329,609.498494,0.0,1.0,174.63822453719115,174.63822453719115,1.0,1.0,0.0,0.0,0.6054969656291531,329,35.99620371771448,0.4437085879441527,1.8800271833019127,0.5966668780949703,0.059818048426445496,0.060045196111441386,0.11660538131041626,0.07724437154764674,3.0
25.347891,119,612.301762,0.0,1.0,25.34789091961884,25.34789091961884,0.0,0.0,0.0,1.0,0.14885445769964753,119,21.5843822543369,0.4607394086527844,1.7344195934383164,0.5581064009178085,0.0831699381355478,0.07802702098333535,0.029999918213898785,2.3030844904067553,3.0
114.161367,243,616.138112,0.0,1.0,114.16136727234377,114.16136727234377,1.0,1.0,0.0,0.0,0.4080836052279655,243,35.24594143694007,0.4943523949884067,1.6709752412496524,0.5288772757161301,0.04362720668070601,0.0437569211049335,0.08622107115694763,0.24151448744668205,3.0
184.019812,268,619.818544,0.0,1.0,184.01981178489797,184.01981178489797,1.0,1.0,0.0,0.0,0.4450275883624791,268,37.343531595046684,0.3205203634525724,0.9862130554509503,0.6164778636685059,0.07972757318126622,0.08260866910664004,0.06861561985963907,0.8453390168463093,3.0
111.332731,322,623.183632,0.0,1.0,111.33273053757024,111.33273053757024,1.0,1.0,0.0,0.0,0.4127072306338329,322,25.29278531723755,0.4659011050574005,1.0886432293184132,0.5825882591538548,0.10894673692513697,0.10875411766656437,0.043936475067470324,0.901951567198012,3.0
77.599008,222,626.203739,0.0,1.0,77.59900750115739,77.59900750115739,0.0,0.0,0.0,1.0,0.24986770067709335,222,26.99195947101913,0.47476149842046494,1.429466739678848,0.5890585928819738,0.07767647128921372,0.0788629387950038,0.0,24.68464556892369,3.0
267.485477,463,630.580714,0.0,1.0,267.4854768572895,267.4854768572895,1.0,1.0,0.0,0.0,0.9225586005957377,463,32.90650943681261,0.3602637869332867,1.1866496654241026,0.5644892098032115,0.04315807572193846,0.04423019669740813,0.039114487787441254,1.1083264928948169,3.0
185.102009,351,634.334129,0.0,1.0,185.10200855745117,185.10200855745117,0.0,0.0,0.0,1.0,0.7550895644746858,351,35.46824970757657,0.42061324397206445,1.0442448643421627,0.5584617863884169,0.0717214111588959,0.06756146697916536,0.0,10.102440422409325,3.0
171.976978,367,639.260805,0.0,1.0,171.9769777489481,171.9769777489481,0.0,0.0,0.0,1.0,0.45338109918700614,367,29.84718668686993,0.4188395553457059,2.0,0.5922389443791205,0.041360818397771434,0.04272009273965612,0.0,7.179847032043673,3.0
204.143025,442,645.247635,0.0,1.0,204.1430252782152,204.1430252782152,1.0,1.0,0.0,0.0,0.6653643091888225,442,31.538024161661546,0.46330738038793445,0.9807713370637916,0.5502384395688368,0.05211960257987631,0.05193254284189837,0.08808864568327682,0.09291999969135986,3.0
143.209892,296,648.27319,0.0,1.0,143.20989173748185,143.20989173748185,0.0,0.0,0.0,1.0,0.40714297943695704,296,31.864534533724587,0.4229027996021808,1.7742431614889167,0.5564118310104351,0.04486615230908265,0.04351553965259243,0.0,6.533653487545404,3.0
104.011282,254,652.593685,0.0,1.0,104.01128200281018,104.01128200281018,1.0,1.0,0.0,0.0,0.3181796511566171,254,27.58191132685125,0.45640344842849706,0.9946169842066955,0.5466805228919495,0.07909842316559919,0.08780988792734822,0.07118604044268385,0.6855825564455423,3.0
213.745672,473,658.498645,0.0,1.0,213.74567211209535,213.74567211209535,1.0,1.0,0.0,0.0,0.6819323749425543,473,26.473945666522855,0.36879973644099023,1.3916857910763272,0.6116560603281282,0.049468330802675535,0.053750362759160696,0.03045431120604483,1.4424790477260683,3.0
117.56089,245,661.539127,0.0,1.0,117.56089031201842,117.56089031201842,0.0,0.0,0.0,1.0,0.34373501461199746,245,31.83407470860137,0.45588410371675586,1.8274316815797838,0.6155117858277291,0.08530644056748371,0.08068457768887889,0.051576780961651525,1.0962421686591646,3.0
110.134459,303,664.151123,0.0,1.0,110.1344590183538,110.1344590183538,0.0,0.0,0.0,1.0,0.48406054512631325,303,29.766934883184785,0.5546586433597352,2.0,0.5663112677609173,0.08183268037172828,0.0832400679981748,0.007839790721689473,3.203908789045663,3.0
250.258275,529,670.360215,0.0,1.0,250.25827525028222,250.25827525028222,0.0,0.0,0.0,1.0,0.8369036990276104,529,33.584068279396604,0.5281933773626327,2.0,0.5780197013106148,0.06852780533197471,0.06682194676426273,0.036050637181481604,1.4767354773238006,3.0
305.247106,548,676.895929,0.0,1.0,305.24710556272754,305.24710556272754,0.0,0.0,0.0,1.0,0.7848183286812124,548,35.04129320349015,0.44099491833383203,1.1324105974545058,0.5734508500645196,0.09153218230191809,0.090097579642804,0.04479673215213966,0.11569867160356143,3.0
79.063456,258,680.750041,0.0,1.0,79.06345578817469,79.06345578817469,0.0,0.0,0.0,1.0,0.26754232839272724,258,27.736388206686602,0.5671613561848815,2.0,0.5669072414784468,0.06358684957489487,0.05929684084515239,0.0,9.012615145512825,3.0
98.078215,257,682.864274,0.0,1.0,98.07821480802892,98.07821480802892,1.0,1.0,0.0,0.0,0.3719060245531182,257,29.656228124613474,0.43347347045734896,1.210353839455701,0.6083542593838176,0.07355445229125858,0.07784811624757047,0.05645815840648948,1.1641575025450261,3.0
81.855001,209,687.115695,0.0,1.0,81.85500134459993,81.85500134459993,0.0,0.0,0.0,1.0,0.27648084343882007,209,30.380595445614667,0.4356230578585148,1.1388941120947311,0.5369680253298659,0.03414105969752992,0.039833760717839145,0.02745131127128175,2.107263549660716,3.0
31.410336,124,689.008912,0.0,1.0,31.41033552861129,31.41033552861129,0.0,0.0,0.0,1.0,0.15858482390065246,124,22.009262691978257,0.2999662395142466,1.211802259104793,0.5943786120643059,0.04385692073452857,0.0476194812405494,0.0,11.358649716118961,3.0
140.371426,278,691.852125,0.0,1.0,140.37142588831776,140.37142588831776,0.0,0.0,0.0,1.0,0.45750145580323043,278,37.162609171392035,0.5103177510140243,2.0,0.5391721135782573,0.05945494020585534,0.05800079956329126,0.006877941939277443,3.0591018503972314,3.0
131.365543,286,695.643505,0.0,1.0,131.36554281679244,131.36554281679244,1.0,1.0,0.0,0.0,0.4547728708483038,286,31.461467969702802,0.4554500873600207,0.9768306362376402,0.5725192750667358,0.07920393827078226,0.06656209322122428,0.0799242033665507,0.8442676405516537,3.0
49.404978,134,698.521781,0.0,1.0,49.40497803444912,49.40497803444912,0.0,0.0,0.0,1.0,0.11476393727837723,134,21.304554416851637,0.23370026174144481,1.0823679812589744,0.5410010293682119,0.03730509530252485,0.04180472911293827,0.0,nan,3.0
147.832131,333,701.760077,0.0,1.0,147.832131129851,147.832131129851,1.0,1.0,0.0,0.0,0.4023906382135482,333,26.00561004410414,0.349320353865458,1.1886887482580886,0.5704555160872213,0.06004356299792682,0.06590293441806827,0.09631200450700877,0.6737460851733252,3.0
311.520085,479,707.36617,1.0,0.0,311.5200848621073,311.5200848621073,0.0,0.0,0.0,0.0,0.9903962258212505,479,35.760267353853926,0.39081521452758133,1.3311532218045543,0.5901728066030524,0.0788672405891976,0.07225103567437986,0.019778578826362515,1.7986304379521874,3.0
100.19267,192,709.943514,0.0,1.0,100.1926701242429,100.1926701242429,1.0,1.0,0.0,0.0,0.2838206864104554,192,30.919437242289913,0.3166941162563273,0.989650444396993,0.5635878144627592,0.057416354616483055,0.062078642969330154,0.0795275184246305,0.8484780423577537,3.0
223.228113,450,715.577567,0.0,1.0,223.22811294979707,223.22811294979707,0.0,0.0,0.0,1.0,0.6630537177136675,450,33.50321266693819,0.4234943075116844,1.1360641033710333,0.6087366651826435,0.05542865302827623,0.055676231384277346,0.02223712967310308,0.05984027877897132,3.0
98.878414,293,719.698386,0.0,1.0,98.87841384654938,98.87841384654938,0.0,0.0,0.0,1.0,0.328390983339941,293,30.502338353676503,0.5897210406833909,2.0,0.4869697832410246,0.08378048032623917,0.08738337441922861,0.05212452749764603,2.498812904230027,3.0
127.707686,287,722.764066,0.0,1.0,127.70768575493128,127.70768575493128,0.0,0.0,0.0,1.0,0.5233970453190194,287,32.80440979955692,0.5059159716415605,2.0,0.5507306238370282,0.05779318734743869,0.059856217912680594,0.014982718130258397,3.199848748244719,3.0
124.011047,224,724.956374,0.0,1.0,124.01104745245351,124.01104745245351,1.0,1.0,0.0,0.0,0.2950682580744162,224,29.094331597514962,0.2797035776217661,0.8110927109009162,0.6034053675830364,0.0795249832527978,0.08105974005801338,0.08895653605937721,0.7301498152264609,3.0
85.203715,266,728.133432,0.0,1.0,85.20371503822788,85.20371503822788,0.0,0.0,0.0,1.0,0.34968673982530923,266,35.90601406359171,0.6798811276097529,2.0,0.5221315175995118,0.06943001290013019,0.07088177679176617,0.08893671786741267,0.8787447489723845,3.0
282.488747,524,733.250584,1.0,0.0,282.488747135224,282.488747135224,0.0,0.0,0.0,0.0,0.9910570502947608,524,30.51196832641055,0.43524831801357977,0.9989406900278597,0.5214067997325581,0.0858272086573011,0.08431193846782656,0.010147520433586958,1.7482670251698083,3.0
154.813646,365,737.169135,0.0,1.0,154.8136461412449,154.8136461412449,1.0,1.0,0.0,0.0,0.6494902445376114,365,31.062493698512736,0.5125542482443926,2.0,0.532890632309734,0.06862108740088058,0.06734894334453426,0.03253454659347511,0.31743882112056904,3.0
127.403134,283,740.497296,0.0,1.0,127.40313401300853,127.40313401300853,0.0,0.0,0.0,1.0,0.4154111670674281,283,30.79310282737398,0.3943412746932584,1.518241650509323,0.5393214888291519,0.06593899423579024,0.06254182308385735,0.0,nan,3.0
95.542387,320,744.763108,0.0,1.0,95.5423865095395,95.5423865095395,0.0,0.0,0.0,1.0,0.5257640227482476,320,27.927064895769952,0.5744973511109304,2.0,0.521474483970087,0.050069691985845564,0.051183080300688744,0.0,9.144852313425815,3.0
309.360807,568,752.622011,0.0,1.0,309.3608066103492,309.3608066103492,1.0,1.0,0.0,0.0,0.758223768148228,568,31.88603339894726,0.36797163751112,0.9875488339418463,0.5726537276452905,0.09677050063307856,0.09309454912870703,0.038396199200115756,1.4959730638382187,3.0
169.206383,315,756.69743,0.0,1.0,169.20638308062516,169.20638308062516,1.0,1.0,0.0,0.0,0.4708821385594083,315,32.00574689261173,0.3766001775464536,1.1819193995727508,0.6044132663853585,0.09995641973283556,0.09327010332591949,0.06651841542993062,1.4636058303626753,3.0
157.893642,350,760.29191,0.0,1.0,157.89364207363022,157.89364207363022,1.0,1.0,0.0,0.0,0.5203893263297964,350,28.617446625954816,0.41299600176077805,1.1061058184888117,0.5739215884677001,0.09808470794132777,0.10098072358540126,0.04207998248004997,1.4181933839307033,3.0
118.700679,324,763.265428,0.0,1.0,118.70067945856349,118.70067945856349,1.0,1.0,0.0,0.0,0.5149013619903432,324,32.5227473341111,0.6756058106218547,2.0,0.5689647929099055,0.08840567830168171,0.09419050481584337,0.14029261055358822,0.17098513809376914,3.0
148.527607,322,768.38713,0.0,1.0,148.5276072118913,148.5276072118913,1.0,1.0,0.0,0.0,0.3844532198824451,322,31.60583962888953,0.4355725943807612,0.9947046998056895,0.5562047431280154,0.15742475664393502,0.1406549354147467,0.1221030562139414,1.7233865991100528,3.0
168.438669,312,772.330755,0.0,1.0,168.43866934669722,168.43866934669722,1.0,1.0,0.0,0.0,0.523201843301624,312,32.38621939840266,0.38127967278776265,0.9951000740488305,0.5578265540683881,0.06902028887699811,0.07230816055566837,0.06583699756053171,1.0573312270764346,3.0
228.869599,512,779.033924,0.0,1.0,228.86959917569794,228.86959917569794,0.0,0.0,0.0,1.0,0.808817104824618,512,32.18350131388001,0.49955142562617005,1.9617255088491112,0.5112422924357816,0.10229985334444791,0.10072056297212839,0.019594557653354612,0.11651661449074195,3.0
90.01168,198,781.673779,0.0,1.0,90.01168003917074,90.01168003917074,1.0,1.0,0.0,0.0,0.3505213865932481,198,31.153484013927503,0.43757323466031495,0.9963284129202412,0.5566480089769219,0.09516266740933814,0.09663585520753956,0.09450722640573427,0.5909559692766593,3.0
112.867852,279,784.872487,0.0,1.0,112.8678520876405,112.8678520876405,0.0,0.0,0.0,1.0,0.5803106507312032,279,28.103691810912043,0.4410987499403806,2.0,0.5102718710151625,0.08886818603802753,0.09858789751606603,0.03730691424839785,1.877488094191512,3.0
114.272683,271,787.215639,0.0,1.0,114.27268285750289,114.27268285750289,0.0,0.0,0.0,1.0,0.45083730100092895,271,27.113712632719242,0.3677953942514512,1.7351988024454297,0.6000032865638223,0.10600790282457077,0.09908091054191448,0.01787960208297687,2.7356348127653427,3.0
341.868751,631,796.018415,0.0,1.0,341.86875074904134,341.86875074904134,1.0,1.0,0.0,0.0,0.8502942948747347,631,34.71054242028054,0.43600842216805613,1.8218589192179455,0.5269399745339637,0.11335901337455834,0.1131421304920396,0.03548728847248015,1.5444908609428316,3.0
125.17603,297,799.3179,0.0,1.0,125.17602980686613,125.17602980686613,1.0,1.0,0.0,0.0,0.48541860167775774,297,29.203666019014367,0.4409350287558143,1.5230739095094707,0.6551572695525005,0.10707074744934185,0.10685368599715056,0.05792131543219853,0.5306091873752066,3.0
207.536834,359,803.128516,0.0,1.0,207.53683437574932,207.53683437574932,1.0,1.0,0.0,0.0,0.7029936134857429,359,32.008945124110575,0.33822318771439935,1.4787555066173619,0.5600169959029281,0.08474832756605653,0.08374363416416732,0.05443689301182203,0.9904514085384386,3.0
126.531786,275,806.695144,0.0,1.0,126.53178644707168,126.53178644707168,1.0,1.0,0.0,0.0,0.373032913903945,275,29.055626793254284,0.4014347180908226,0.9726252573936895,0.5388986828652296,0.097994028004733,0.09507165431976318,0.0678424139104201,0.8622776140024065,3.0
171.45937,431,811.386497,0.0,1.0,171.4593696705362,171.4593696705362,0.0,0.0,0.0,1.0,0.7105908196040113,431,36.01283274011802,0.5387318893985164,2.0,0.5420852235740963,0.08487282911198875,0.0850447103761465,0.05015620994555856,0.00034275404819178614,3.0
195.483758,371,815.520538,0.0,1.0,195.48375785006286,195.48375785006286,1.0,1.0,0.0,0.0,0.4801807312053407,371,36.69130909183174,0.48001162309685835,0.9991581296863952,0.5182261748033553,0.08683965983737832,0.09333348852604868,0.061988379067747054,1.6302306291089053,3.0
92.080004,232,818.578947,0.0,1.0,92.08000416332808,92.08000416332808,0.0,0.0,0.0,1.0,0.2734369271851517,232,25.992184112421864,0.3820734282870026,2.0,0.48934268209569415,0.08165188698933043,0.07937182280524023,0.0,14.154932543645776,3.0
231.441302,363,822.761712,0.0,1.0,231.4413017423121,231.4413017423121,1.0,1.0,0.0,0.0,0.645466679109714,363,36.782918380149596,0.36200853215713374,0.994933295819328,0.5326959103058521,0.13263853588051705,0.12136044843794558,0.07788719700074564,1.1747031111486514,3.0
280.607332,563,829.346065,1.0,0.0,280.6073321245646,280.6073321245646,0.0,0.0,0.0,0.0,0.9892113785775284,563,33.850857464113915,0.5312251297082585,1.7158674656217634,0.534862850298096,0.17968756225138743,0.16800918799310552,0.06354472637801509,0.06006426066146518,3.0
96.307957,149,831.263358,0.0,1.0,96.30795725027043,96.30795725027043,1.0,1.0,0.0,0.0,0.18552742735373687,149,29.794586133522166,0.14132856798353172,0.39791757401934863,0.5128253969870158,0.09970274467596271,0.10504936131854985,0.09596195021184882,0.428639260848535,3.0
171.835397,278,834.726351,0.0,1.0,171.8353970584049,171.8353970584049,1.0,1.0,0.0,0.0,0.45722398157942024,278,35.35773226212569,0.32185209875885734,0.9962690249663751,0.5250466942867572,0.11809888417772252,0.11233484487739398,0.10752226274285648,0.9041651026186464,3.0
43.024333,126,836.693766,0.0,1.0,43.02433302641647,43.02433302641647,1.0,1.0,0.0,0.0,0.14525191073887833,126,20.033559851032784,0.24177226119099304,0.9744844582920839,0.5151633068564392,0.10192326515439958,0.11201458507113987,0.015695232891374155,0.056816771306400074,3.0
64.053064,216,839.698347,0.0,1.0,64.05306364953972,64.05306364953972,1.0,1.0,0.0,0.0,0.30463092060241453,216,30.565475340118468,0.6426791990674277,2.0,0.49726768817614625,0.07624936048631314,0.07325163593998661,0.0587308414127905,1.7399869108109696,3.0
238.728727,415,845.544165,0.0,1.0,238.72872705137922,238.72872705137922,0.0,0.0,0.0,1.0,0.6787246133381679,415,34.84321828328163,0.3422256942799844,1.0471832419675406,0.5232406784073416,0.10329903953046683,0.10011193508125213,0.035491683109395426,0.12692319232745583,3.0
143.40848,312,849.678342,0.0,1.0,143.4084795517014,143.4084795517014,1.0,1.0,0.0,0.0,0.5489522541075755,312,31.075589605021943,0.43165437337774837,0.995639267262218,0.5661307806507326,0.12271286489871833,0.11469304275054198,0.035958924546646474,1.2018484400423362,3.0
134.075605,288,852.372747,0.0,1.0,134.07560463332078,134.07560463332078,0.0,0.0,0.0,1.0,0.4161540089937234,288,29.61786452432024,0.37607000225735215,2.0,0.5181228763734301,0.10358986920780605,0.10727719258930948,0.0001870953404764169,5.676699251656752,3.0
95.087489,218,855.01625,0.0,1.0,95.08748884812894,95.08748884812894,1.0,1.0,0.0,0.0,0.23900688165436418,218,27.263644794468938,0.36357398694220705,0.9804747317687856,0.579990838679972,0.08854737139623099,0.10529762069019702,0.11782122091304836,0.935932177854414,3.0
42.00974,111,856.186503,0.0,1.0,42.009740219389215,42.009740219389215,0.0,0.0,0.0,1.0,0.1084032144495544,111,25.08095309251121,0.2617971032171415,1.0867361832643792,0.4844018704182393,0.05309280081912204,0.06551767362130655,0.0,10.569588352933838,3.0
125.772619,297,860.439501,0.0,1.0,125.77261857849959,125.77261857849959,1.0,1.0,0.0,0.0,0.461862682699505,297,29.10917519536763,0.4356682287719835,0.9980857049142982,0.5127328170921265,0.14138371775848696,0.1244421362475514,0.03214990390159411,2.0112084249865148,3.0
272.385359,432,864.659669,0.0,1.0,272.3853585797864,272.3853585797864,1.0,1.0,0.0,0.0,0.6128396911272144,432,35.387968565928816,0.3374000914089527,1.750337531263719,0.5280128046525298,0.12873830108178985,0.12046512878603405,0.11629882639156935,0.9240812924015196,3.0
163.782537,367,868.849787,0.0,1.0,163.78253702173245,163.78253702173245,0.0,0.0,0.0,1.0,0.8151550500566653,367,35.28640297623022,0.5556247220678016,2.0,0.491794370094502,0.08726404343378966,0.08405342901110324,0.053538307566931224,2.148913212591578,3.0
119.450133,216,871.649105,0.0,1.0,119.4501327794109,119.4501327794109,0.0,0.0,0.0,1.0,0.2686563000202797,216,31.73704879090851,0.30569770460980095,2.0,0.4933551243264918,0.05425497889518738,0.05683562380296213,0.021310566175807864,2.090072787686449,3.0
68.527634,157,873.563805,0.0,1.0,68.52763395109196,68.52763395109196,0.0,0.0,0.0,1.0,0.14628507249526013,157,23.296578694932617,0.21272990734436975,1.0770434940726796,0.5646172172039937,0.06613088641197058,0.0697335733729563,0.0,nan,3.0
127.252078,208,875.859109,0.0,1.0,127.25207820184454,127.25207820184454,0.0,0.0,0.0,1.0,0.34967399970750723,208,35.288700156986245,0.2744094114813475,2.0,0.41567737833023644,0.09127791340534504,0.09197612336048713,0.0,nan,3.0
309.066979,523,882.53909,1.0,0.0,309.0669785632688,309.0669785632688,0.0,0.0,0.0,0.0,0.9895427746360231,523,33.27111244453551,0.43320818579998566,2.0,0.47302398911853594,0.06913180640733037,0.06907201428714263,0.02441224164602924,1.4048598519350872,3.0
164.280956,288,886.656708,0.0,1.0,164.28095563466303,164.28095563466303,1.0,1.0,0.0,0.0,0.521557344505977,288,32.59773283484196,0.373544878512488,0.9953334829517959,0.5689833758450631,0.06196259086330732,0.06381634043322669,0.06772435307129283,1.5634183069616,3.0
256.622518,445,891.917367,0.0,1.0,256.62251814475144,256.62251814475144,1.0,1.0,0.0,0.0,0.6321122977751172,445,37.85265544947511,0.471137023363468,1.645714083263943,0.5294737615779544,0.08442735323745214,0.07720728965287797,0.13974192628634985,0.014982187833348214,3.0
90.878692,173,895.56026,0.0,1.0,90.87869185397183,90.87869185397183,0.0,0.0,0.0,1.0,0.2113628851810628,173,32.15552723979446,0.3034204498914802,1.033091356228578,0.5344288531324767,0.06228399827990229,0.06507495235156462,0.033940164290657805,2.3526130624470034,3.0
238.239028,480,901.896878,0.0,1.0,238.23902770164503,238.23902770164503,1.0,1.0,0.0,0.0,0.8848802552260963,480,33.39258412722944,0.4573114315994001,1.0411480318993869,0.527459381474182,0.06593953569730122,0.06357355291644733,0.07953328020813052,0.6506339821189018,3.0
123.96957,249,904.940073,0.0,1.0,123.96956970024831,123.96956970024831,0.0,0.0,0.0,1.0,0.38360329106371394,249,33.76197661461826,0.4833154729406282,2.0,0.47118414992309476,0.0483204432759419,0.051031619669443154,0.0,nan,3.0
148.675502,310,908.679396,0.0,1.0,148.67550202821212,148.67550202821212,0.0,0.0,0.0,1.0,0.5144633251426225,310,34.28151517405284,0.4557828636537984,2.0,0.45086892045313315,0.04194202615368751,0.041753227095450124,0.058177037742141,0.5343213762694664,3.0
129.24792,246,911.278542,0.0,1.0,129.24792040743262,129.24792040743262,1.0,1.0,0.0,0.0,0.4227956735944753,246,34.045555690849824,0.3813473702844527,0.9923970574296741,0.5467549590621053,0.09841026329412693,0.09408974405226668,0.10532716461573416,0.7076275236900653,3.0
169.897093,320,914.8063,0.0,1.0,169.8970932458018,169.8970932458018,0.0,0.0,0.0,1.0,0.7726715032233772,320,38.717171180357504,0.5314464638971661,2.0,0.46698801934253426,0.07770157307386398,0.08146614320576191,0.01579480843302603,3.4365235730881185,3.0
107.849905,238,917.397316,0.0,1.0,107.84990530628401,107.84990530628401,1.0,1.0,0.0,0.0,0.45948082829408976,238,32.68249617322138,0.41298455910562903,0.9983422912712591,0.4991721713117191,0.03920477829059633,0.04284323814536343,0.08072849543870847,0.9323432232150618,3.0
29.191199,95,918.993852,0.0,1.0,29.19119917339284,29.19119917339284,1.0,1.0,0.0,0.0,0.09406664598562409,95,22.722173774602474,0.30713289611316497,0.9742448771147302,0.4938630223274231,0.07206085606625205,0.07694064943413985,0.0,nan,3.0
69.09772,194,921.241747,0.0,1.0,69.09771983745196,69.09771983745196,1.0,1.0,0.0,0.0,0.22091955381010198,194,30.8968807117888,0.5179856644227233,0.9984026524894131,0.5481668933073884,0.09460900616400021,0.07990075816813204,0.14849237529825796,1.3188417692780592,3.0
59.242648,139,923.031069,0.0,1.0,59.24264842477015,59.24264842477015,0.0,0.0,0.0,1.0,0.19125646434383722,139,26.913979000749062,0.34041658142475256,2.0,0.5053931394015714,0.037311104561785144,0.04284710849789407,0.0,nan,3.0
193.48498,399,928.391117,0.0,1.0,193.48498028853822,193.48498028853822,1.0,1.0,0.0,0.0,0.6618042107859277,399,36.39814306120911,0.5419037870775018,1.629237516352444,0.508643228607369,0.06977105768103349,0.07536418306498897,0.18223208795858406,0.07910107112220194,3.0
137.001195,219,930.483701,0.0,1.0,137.0011946666222,137.0011946666222,1.0,1.0,0.0,0.0,0.332653278067455,219,37.85246711086222,0.47284479396537793,2.0,0.46649357548927606,0.06723215754173661,0.06654243599878598,0.05628825165266126,0.8455583366921003,3.0
53.437632,186,934.221626,0.0,1.0,53.43763185387629,53.43763185387629,0.0,0.0,0.0,1.0,0.28280168378545884,186,31.452816123333964,0.6121086079334078,2.0,0.4440433576663015,0.0532099969925419,0.04585117422124391,0.0,nan,3.0
49.484984,134,935.314085,0.0,1.0,49.48498414375509,49.48498414375509,0.0,0.0,0.0,1.0,0.17614978982656535,134,25.97815904319481,0.3408295317925922,1.0928833104733906,0.5031907223721048,0.05961052517392742,0.0670732117410916,0.0,nan,3.0
61.893304,153,937.368931,0.0,1.0,61.893303722326124,61.893303722326124,0.0,0.0,0.0,1.0,0.2633069596679531,153,31.70919739453746,0.38380399019199635,1.0642889691682642,0.5330819157895699,0.03553972914327983,0.035316381579131084,0.005395843731006974,4.752287011843656,3.0
132.418323,257,941.106316,0.0,1.0,132.41832258907692,132.41832258907692,1.0,1.0,0.0,0.0,0.4508832107643873,257,39.19823350790857,0.5207613171193101,2.0,0.5292739119337226,0.07286879571031504,0.06921200297685913,0.05125644417020318,0.6873716944963065,3.0
19.111363,92,942.708111,0.0,1.0,19.11136339384081,19.11136339384081,1.0,1.0,0.0,0.0,0.12288441848048039,92,20.538010414841285,0.4137752093683981,0.9967584596783005,0.5255301263507294,0.014952510595321655,0.02582207581271296,0.009008334317934357,1.0273994565002342,3.0
61.903894,152,945.64894,0.0,1.0,61.903893672802525,61.903893672802525,0.0,0.0,0.0,1.0,0.21430170610960528,152,30.34965738903051,0.3823876661233861,1.0991284295540455,0.464013726205418,0.06109916144295743,0.06201212931620447,0.0,9.388385834021166,3.0
181.463653,440,951.45989,0.0,1.0,181.46365341446617,181.46365341446617,1.0,1.0,0.0,0.0,0.9040842389181434,440,33.70501168241097,0.5357300479328747,2.0,0.5366915518248623,0.061962923949415036,0.060717126727104186,0.11662224573121092,0.060601074779175264,3.0
76.214641,199,954.413623,0.0,1.0,76.21464130079029,76.21464130079029,1.0,1.0,0.0,0.0,0.2369837055043599,199,28.450263417450405,0.4467319357594924,1.1137988585779521,0.45301991562597715,0.061498773157896106,0.06460157590894842,0.09277817728980639,1.0433370990810236,3.0
125.8819,298,957.764581,0.0,1.0,125.88189969609257,125.88189969609257,0.0,0.0,0.0,1.0,0.5562992930313873,298,33.84459986525436,0.5516816977076292,2.0,0.49181151012546265,0.0818269588803285,0.0834718762628184,0.06884346927125588,0.0729712571401317,3.0
180.386346,293,962.717529,0.0,1.0,180.38634573502145,180.38634573502145,0.0,0.0,0.0,1.0,0.45616516224026066,293,34.88206685094922,0.3406428415165922,1.8166622717540293,0.5468301134845146,0.08528379938301373,0.09527259231020566,0.03801680611209649,2.7526341985440435,3.0
120.684752,274,966.818162,0.0,1.0,120.6847519494163,120.6847519494163,1.0,1.0,0.0,0.0,0.3752967188145403,274,28.530323138859433,0.3999841841474717,2.0,0.5350197467164401,0.06697704974752273,0.07123105586880316,0.0899365323653292,0.8965457250108483,3.0
131.828084,265,969.759012,0.0,1.0,131.82808367091639,131.82808367091639,0.0,0.0,0.0,1.0,0.4092157884742307,265,30.512056078321862,0.35588352277330054,1.0389321827631066,0.4977278234823695,0.05232877461415417,0.05610235951981454,0.00013763006305181618,5.8612844989424255,3.0
112.593089,215,972.806803,0.0,1.0,112.59308856804778,112.59308856804778,0.0,0.0,0.0,1.0,0.266388283512537,215,32.58892370703262,0.3721489698035302,2.0,0.5227454996039701,0.0705606923546902,0.06731582436450692,0.05118003845737243,1.2421135395640972,3.0
176.028768,323,976.677108,0.0,1.0,176.02876800332177,176.02876800332177,1.0,1.0,0.0,0.0,0.6251191485647832,323,41.85397195859529,0.48677717769715273,2.0,0.4342952258884907,0.050879660774679744,0.05454435510901106,0.08030541190854801,0.03833685182444873,3.0
210.858263,390,981.389274,0.0,1.0,210.858262646054,210.858262646054,1.0,1.0,0.0,0.0,0.7001478289508642,390,36.7741773609564,0.4469097404303805,1.1612416863268227,0.5176849878942356,0.06720656339938824,0.06338968246411054,0.07366279086940758,0.13363022946734046,3.0
158.80296,204,983.941699,0.0,1.0,158.80295954815605,158.80295954815605,0.0,0.0,0.0,1.0,0.2839526308492154,204,36.05602930625408,0.19220848849701055,1.200222173949525,0.5581875965547036,0.036657841766581815,0.041559802550895544,0.06632378014775892,1.5684576928967027,3.0
176.101751,271,988.437598,0.0,1.0,176.1017511947952,176.1017511947952,1.0,1.0,0.0,0.0,0.4417057312294406,271,37.2106066413894,0.3200568156833358,0.9933795113617514,0.49226397091722135,0.0746032091964215,0.08205989278110631,0.03457935960378419,2.007187594731599,3.0
30.451246,146,990.104109,0.0,1.0,30.45124607756601,30.45124607756601,0.0,0.0,0.0,1.0,0.23220268609397623,146,28.176045002634385,0.6970606893812341,2.0,0.45497489087793924,0.020960687774501434,0.026567533408125787,0.0,10.14300688390411,3.0
224.827398,373,995.198714,0.0,1.0,224.82739814474235,224.82739814474235,1.0,1.0,0.0,0.0,0.7274039822710485,373,36.230426430402396,0.3700014092349951,1.0818959110640112,0.4836904329544897,0.054088604034751096,0.055826682507512396,0.04115131313713355,1.2127906519717409,3.0
276.41845,502,1001.485986,1.0,0.0,276.418450239129,276.418450239129,0.0,0.0,0.0,0.0,0.988862154195757,502,32.05477590453385,0.43962732452713144,1.921463981480055,0.4891454128259088,0.08355202831595067,0.07908393377326874,0.03344045757341374,1.431635545941139,3.0
147.144712,228,1004.484515,0.0,1.0,147.14471219547963,147.14471219547963,0.0,0.0,0.0,1.0,0.4465472374463228,228,35.61929001530177,0.30610936695603547,1.8252311547833195,0.5627412371370092,0.03449116359677231,0.04135833602202566,0.04126583624391356,2.105734117714114,3.0
92.259259,191,1007.100898,0.0,1.0,92.25925883632297,92.25925883632297,0.0,0.0,0.0,1.0,0.23230469177729385,191,32.58686656790909,0.40655680550732554,1.9674299533624822,0.5321556552464425,0.041046941467604715,0.04536231525281337,0.0,8.422037159922702,3.0
85.194527,174,1009.320679,0.0,1.0,85.19452670407247,85.19452670407247,1.0,1.0,0.0,0.0,0.2605293243296446,174,32.41172873573676,0.4206688316783186,1.0909014158949595,0.4542913232640973,0.03655404537573628,0.04230117181251789,0.11968057411244215,0.9160087221210752,3.0
124.445934,225,1012.133917,0.0,1.0,124.44593405776195,124.44593405776195,1.0,1.0,0.0,0.0,0.34636631396700457,225,32.294660017954705,0.3409926343751737,0.9971516473263079,0.5205355899863773,0.022835966216193306,0.02634753015306261,0.05612152692358904,0.6128589093886259,3.0
114.673668,204,1015.114848,0.0,1.0,114.67366793780238,114.67366793780238,0.0,0.0,0.0,1.0,0.2768021230820455,204,34.73582698997817,0.4003197157195427,1.936780471939376,0.5417628694398731,0.0261229393528957,0.026812890581056185,0.06843806053006415,1.3295280586421172,3.0
55.110208,172,1017.501784,0.0,1.0,55.11020773985621,55.11020773985621,0.0,0.0,0.0,1.0,0.24707207922763644,172,25.74657161046714,0.39985373824782433,2.0,0.45624410503998747,0.08192114497340003,0.08381851745206256,0.011235288267934098,3.9706236286776213,3.0
108.82527,256,1023.523985,0.0,1.0,108.82527044924275,108.82527044924275,0.0,0.0,0.0,1.0,0.46830076977978263,256,32.41688729215423,0.4846540018642024,2.0,0.4697989081614651,0.025911789387464523,0.02961812261492014,0.004956503223624195,2.130988087676436,3.0
173.579813,340,1028.005229,0.0,1.0,173.57981268778607,173.57981268778607,1.0,1.0,0.0,0.0,0.49701244713836534,340,39.61194828653171,0.5764150037172613,2.0,0.5119798004188958,0.05234068982741412,0.05200315012651331,0.028909810108805105,1.0953023267632611,3.0
142.513093,264,1031.4025,0.0,1.0,142.51309313474422,142.51309313474422,0.0,0.0,0.0,1.0,0.4195910794084301,264,33.08954165778267,0.37234834114710136,1.0960658442289124,0.47813063179791876,0.05643692680380561,0.060763321816921234,0.06640113077556152,1.0060135425048171,3.0
116.564552,271,1034.36217,0.0,1.0,116.56455221555814,116.56455221555814,1.0,1.0,0.0,0.0,0.5310561600412854,271,34.547398217175136,0.46677206499119867,2.0,0.5011994997898591,0.11078266552013664,0.1015570757573821,0.11737338537009537,0.043319038200621565,3.0
202.691718,286,1037.733524,0.0,1.0,202.6917181156913,202.6917181156913,1.0,1.0,0.0,0.0,0.48282413645493893,286,37.95412781146975,0.3154526714054387,0.7868979724399299,0.5012097934690806,0.06792424233643325,0.07077381160709408,0.07897505750801714,0.6563435398712129,3.0
101.943514,219,1041.125531,0.0,1.0,101.94351413929616,101.94351413929616,1.0,1.0,0.0,0.0,0.3987219858946687,219,30.76108789332745,0.4245800565939368,2.0,0.496673517983798,0.06071304676195258,0.06495616044083687,0.0986613970616011,0.5675082791338422,3.0
132.196364,296,1044.743378,0.0,1.0,132.19636373059737,132.19636373059737,1.0,1.0,0.0,0.0,0.4997206441977828,296,29.50285133811804,0.4464069589892701,1.131418734555867,0.5087851928798733,0.07507981380095353,0.0728684295270894,0.07065800726497518,1.8237907077008328,3.0
131.548471,277,1048.251716,0.0,1.0,131.5484708461564,131.5484708461564,1.0,1.0,0.0,0.0,0.442682273290071,277,36.95916395647989,0.4843567977386087,1.3404259190973284,0.5421786398932822,0.1194629471224568,0.11301791065436408,0.07255428781453035,0.5649689776616771,3.0
152.84452,247,1051.174711,0.0,1.0,152.84451978173527,152.84451978173527,0.0,0.0,0.0,1.0,0.5801575529993725,247,35.59456241854721,0.3327556173911558,2.0,0.49375180444616057,0.04957317292448963,0.05543196056535852,0.0,nan,3.0
214.002836,396,1055.441227,0.0,1.0,214.0028361250676,214.0028361250676,1.0,1.0,0.0,0.0,0.8231618894372891,396,38.46355181481243,0.5085506415912282,2.0,0.4528277258322847,0.09329002147371118,0.09362922924937624,0.09537668352280389,0.11475064201190066,3.0
148.175508,274,1058.981065,0.0,1.0,148.17550835686095,148.17550835686095,1.0,1.0,0.0,0.0,0.48554373208767093,274,32.0415623158335,0.34699641550397836,0.9859928996880449,0.500270034995501,0.03653586084825279,0.040185495884749144,0.08127957336197617,0.7982183809204857,3.0
111.609145,187,1061.134406,0.0,1.0,111.60914502787396,111.60914502787396,1.0,1.0,0.0,0.0,0.3046938815361753,187,35.63586941350717,0.3366570747787136,0.9785645390932928,0.4814596456639907,0.11312276379947356,0.12000236409233216,0.07027101252986082,0.3643436902617859,3.0
110.579024,247,1064.048797,0.0,1.0,110.57902436889917,110.57902436889917,0.0,0.0,0.0,1.0,0.2932007469440686,247,33.666457849304486,0.4847810592526838,1.698973121078531,0.4846458805777766,0.04380131974394022,0.04858553409576416,0.0003418276975816265,5.626211892195186,3.0
83.544954,180,1066.71898,0.0,1.0,83.54495365641962,83.54495365641962,1.0,1.0,0.0,0.0,0.2904168411577448,180,29.677513649870647,0.36148523915348424,0.9882439948077122,0.45757454853090973,0.10623508426878188,0.1017013861073388,0.08158042262601871,1.026633137794886,3.0
112.057272,247,1070.664964,0.0,1.0,112.05727217349492,112.05727217349492,0.0,0.0,0.0,1.0,0.40460568710336936,247,36.759872140424235,0.586414614335523,2.0,0.4204166631406618,0.06644364600239495,0.06453288228888261,0.000847789364702794,5.182704984693008,3.0
138.543957,269,1073.04119,0.0,1.0,138.54395680427095,138.54395680427095,1.0,1.0,0.0,0.0,0.44297955115578147,269,38.75482049209524,0.5130216306329966,1.4304285522091922,0.4788903184650556,0.14173357681714027,0.13022151533998966,0.1321812174422972,0.7303656289826828,3.0
130.886507,316,1076.879823,0.0,1.0,130.88650672877813,130.88650672877813,0.0,0.0,0.0,1.0,0.34191494796318406,316,33.68204847249858,0.5098901116237488,2.0,0.40183115079763193,0.05969332818743549,0.06137574020820328,0.0019233946616237355,5.201827252348338,3.0
128.960991,217,1080.309752,0.0,1.0,128.96099061342457,128.96099061342457,0.0,0.0,0.0,1.0,0.43184142475989423,217,35.4693066332055,0.3330189940079759,1.2966191808719332,0.465788942362581,0.10693280433180145,0.10169307976823798,0.09222428902612743,0.6230585603914524,3.0
102.632688,186,1083.029493,0.0,1.0,102.63268778921238,102.63268778921238,1.0,1.0,0.0,0.0,0.2371644581787637,186,33.63197533654953,0.3490520683109228,0.9966900414013841,0.48526438020209794,0.055071102675571235,0.05481038747295257,0.10687383912895301,0.3968527907401816,3.0
100.250702,223,1085.816239,0.0,1.0,100.25070205477738,100.25070205477738,0.0,0.0,0.0,1.0,0.2695220052734829,223,31.804779255350134,0.43682442296351015,2.0,0.5050291033302989,0.10073840992333108,0.10673854383117949,0.000872950238039468,5.26129536251181,3.0
125.444423,248,1088.57481,0.0,1.0,125.44442298434163,125.44442298434163,0.0,0.0,0.0,1.0,0.311501733753511,248,33.643151641473715,0.3903233009679349,1.5674955588091235,0.4926516990808229,0.0463571923394357,0.04940091025444769,0.0,8.189430284296485,3.0
293.384226,498,1095.323391,0.0,1.0,293.38422601493676,293.38422601493676,1.0,1.0,0.0,0.0,0.9104981541908594,498,40.33022794509004,0.5266007550026153,2.0,0.4917840471708152,0.12281134263818044,0.11759335113816471,0.13216954985436444,0.07227033753816617,3.0
259.673181,388,1100.261577,0.0,1.0,259.67318133551885,259.67318133551885,0.0,0.0,0.0,1.0,0.6807790593088314,388,38.94592410219838,0.3815331869458199,2.0,0.4524976660871936,0.07355767826444094,0.06893772470582392,0.020083614486095934,1.6745332921891616,3.0
161.353551,392,1104.635698,0.0,1.0,161.35355054163279,161.35355054163279,0.0,0.0,0.0,1.0,0.723643563542605,392,38.28482852306929,0.6748476619612147,2.0,0.47573321307914296,0.0690921031090678,0.06595580097363919,0.0430672259962309,0.02322923292847738,3.0
215.371202,277,1108.658355,0.0,1.0,215.3712022733631,215.3712022733631,1.0,1.0,0.0,0.0,0.48581054633044274,277,38.03495847853927,0.23584260037023747,0.996197133077885,0.5200005599738028,0.08452869580540846,0.08165661479591893,0.06697302155792359,0.4043233696845408,3.0
40.271904,86,1110.660345,0.0,1.0,40.27190396315576,40.27190396315576,1.0,1.0,0.0,0.0,0.14649889009094788,86,24.130462732500987,0.1128281759623738,0.49113647075854305,0.4692264855081259,0.029022238975347475,0.04065014595209166,0.022053483701340224,0.28051394901491056,3.0
194.99956,334,1116.162359,0.0,1.0,194.99955977091244,194.99955977091244,0.0,0.0,0.0,1.0,0.6549050459497637,334,35.092584131350904,0.3860774993919588,2.0,0.43391933396994,0.08173797623126093,0.07855890075603646,0.0034538670955256514,2.6516458736375053,3.0
118.915311,229,1118.869962,0.0,1.0,118.91531086541175,118.91531086541175,1.0,1.0,0.0,0.0,0.2748057023874107,229,31.219218419272625,0.35722837070598223,1.1760767346839185,0.49835229242082246,0.13762235797648867,0.13457419518300018,0.06699501212952114,1.1948053257019788,3.0
189.341088,416,1124.642557,0.0,1.0,189.34108790321366,189.34108790321366,0.0,0.0,0.0,1.0,0.8271397014558775,416,30.656730835605977,0.4725589496971257,2.0,0.39760932872573346,0.1258688150690152,0.11592711938115266,0.0008884798297790347,4.712098252092992,3.0
82.804385,172,1127.029779,0.0,1.0,82.8043845103052,82.8043845103052,0.0,0.0,0.0,1.0,0.21731191236942568,172,28.223522520647908,0.28431352307701513,1.2859654427973157,0.508664769402077,0.061881034873252694,0.06627628276514452,0.001439528482082388,5.245179058848277,3.0
145.363201,273,1130.590291,0.0,1.0,145.36320056251574,145.36320056251574,1.0,1.0,0.0,0.0,0.5691950903570173,273,35.64054862761357,0.5504474859061801,2.0,0.456013312733872,0.12289581587026407,0.1127282739122272,0.049793719933990364,0.28897584828352274,3.0
125.089812,239,1133.481851,0.0,1.0,125.08981222768068,125.08981222768068,1.0,1.0,0.0,0.0,0.4704627470791482,239,34.2355093370376,0.4351358812600272,1.614270306568501,0.42280846257464155,0.1380223793963508,0.1254157341673783,0.09433391092350318,0.9137487890378787,3.0
114.471221,220,1135.996946,0.0,1.0,114.4712208814055,114.4712208814055,0.0,0.0,0.0,1.0,0.39128607853526315,220,33.34317758522865,0.4058374785242146,2.0,0.4230634366246787,0.04949043691158295,0.055022199858318674,0.0,nan,3.0
195.713358,308,1139.441986,0.0,1.0,195.71335829708363,195.71335829708363,1.0,1.0,0.0,0.0,0.7005958174851769,308,37.52498058331712,0.41049097424972514,1.7218313543871577,0.4606529138619443,0.06856023955654789,0.06814136985060457,0.06402956823912284,0.532717504166639,3.0
133.476236,306,1143.36065,0.0,1.0,133.47623648794038,133.47623648794038,0.0,0.0,0.0,1.0,0.48738411719975866,306,30.754039682948775,0.43936245108959177,1.09373993421238,0.4976162815990012,0.08294213071368099,0.08496813719568688,0.01694789668349616,2.004360025152165,3.0
29.767846,136,1144.840561,0.0,1.0,29.767846053193175,29.767846053193175,0.0,0.0,0.0,1.0,0.16338336503855092,136,23.05731671701575,0.5385656140740719,1.923527537013044,0.3837495836264947,0.08911442406037275,0.09216518437161166,0.0,nan,3.0
219.72664,381,1149.916487,0.0,1.0,219.7266404672,219.7266404672,1.0,1.0,0.0,0.0,0.5100454152022358,381,37.73115720849255,0.42681143531560556,0.995234660153738,0.46065797871883146,0.12475156432061683,0.11505489430715406,0.0689610034520334,1.7377874376574867,3.0
184.020852,315,1153.098157,0.0,1.0,184.02085164953098,184.02085164953098,1.0,1.0,0.0,0.0,0.5945363743356058,315,33.87512259908943,0.36669758044050743,0.989508632755719,0.48465766754178774,0.14014255130101763,0.13234366310967338,0.10847703791615666,0.853791871515705,3.0
180.242862,365,1158.019599,0.0,1.0,180.2428618096028,180.2428618096028,1.0,1.0,0.0,0.0,0.4855737697135859,365,34.80929747943533,0.47772347755015526,1.512007893806985,0.4928878492076103,0.13463394837836698,0.11889314618829179,0.07068412444765279,0.3308421401210714,3.0
92.690967,209,1160.908779,0.0,1.0,92.6909673733678,92.6909673733678,1.0,1.0,0.0,0.0,0.3303436729572138,209,31.39043721213381,0.36220786567995844,0.9870015580584429,0.4460320199737281,0.17239931953010376,0.16545020963586687,0.07892327792928709,0.8327196325460967,3.0
275.688835,513,1169.027895,0.0,1.0,275.68883536966956,275.68883536966956,1.0,1.0,0.0,0.0,0.9033330603660894,513,36.623351357429215,0.4731103665772548,1.5609681378862936,0.45797627153452375,0.12401537983505814,0.11245097240276969,0.07626985663742415,0.026534444012765234,3.0
406.414057,522,1174.511794,1.0,0.0,406.41405681085206,406.41405681085206,0.0,0.0,0.0,0.0,0.9940899528455265,522,39.75221502740278,0.3609079464901595,0.9930885882582985,0.480495640815332,0.12787325354828233,0.11730174920111323,0.10112062371386978,0.5388461470916153,3.0
87.66234,167,1177.890951,0.0,1.0,87.6623399353595,87.6623399353595,1.0,1.0,0.0,0.0,0.23014354110210825,167,32.381198310459936,0.34639343438908216,0.9887922350054159,0.5248849001116381,0.045873845408776565,0.050052644249921785,0.06399338214207491,0.8462987428049825,3.0
126.922621,245,1181.970536,0.0,1.0,126.92262058314105,126.92262058314105,1.0,1.0,0.0,0.0,0.4464889363428883,245,30.691519651901324,0.32802086192196683,1.0293983325229221,0.48268673476211876,0.05166340798747783,0.05692517854729477,0.10994651194800355,0.5124215627098598,3.0
80.774093,182,1186.622551,0.0,1.0,80.7740934211681,80.7740934211681,0.0,0.0,0.0,1.0,0.37576375096181924,182,32.52314359472601,0.5607608589244923,2.0,0.4600085059774446,0.043113262443752076,0.046779129531357315,0.0,nan,3.0
85.73198,169,1189.535366,0.0,1.0,85.73198035180576,85.73198035180576,1.0,1.0,0.0,0.0,0.21624501399129797,169,30.886989861092815,0.3105608215966863,0.9762544607719954,0.44657496543678304,0.15799105449541082,0.1377939599505543,0.09513658846763869,1.2353320754697716,3.0
142.186973,296,1192.875139,0.0,1.0,142.1869729937113,142.1869729937113,1.0,1.0,0.0,0.0,0.6559575482474598,296,38.40300340466296,0.478517478847124,1.4213690466742435,0.4665285017643426,0.04277014611540614,0.04264739820280591,0.06062496207566878,0.6404510328962878,3.0
37.788001,106,1194.97317,0.0,1.0,37.788000929558116,37.788000929558116,1.0,1.0,0.0,0.0,0.14163854324890335,106,21.886991532378183,0.22080491206477135,0.6880527884108454,0.4272216007394611,0.030538851360105118,0.03997281362425606,0.10437526918193012,0.3526080587894526,3.0
120.457886,189,1197.352091,0.0,1.0,120.45788584765643,120.45788584765643,1.0,1.0,0.0,0.0,0.32843892257121093,189,35.539208918799254,0.3015537752947331,0.9836676602006128,0.48671115343532867,0.053217990057809014,0.04993210204694637,0.12275336241325735,0.558307002067436,3.0
141.180638,304,1200.817182,0.0,1.0,141.1806384991466,141.1806384991466,1.0,1.0,0.0,0.0,0.5560014944289734,304,32.534165113305484,0.4380625791600387,0.9999779909335379,0.4724048739299178,0.09666618587155092,0.0862272499423278,0.09003029372005096,0.06977251279037279,3.0
120.919349,190,1203.106495,0.0,1.0,120.91934924634938,120.91934924634938,0.0,0.0,0.0,1.0,0.3280631373399085,190,36.13201270512756,0.30238575643677923,1.0590767822891678,0.471751217151943,0.06947740755583111,0.07228167245262547,0.004431372987066805,3.809630737300348,3.0
198.373241,342,1207.582288,0.0,1.0,198.37324055537113,198.37324055537113,1.0,1.0,0.0,0.0,0.5365492968623965,342,36.181670016132685,0.39060648212515836,1.7669630967226522,0.4809086665140781,0.0776849429161228,0.07939736048380534,0.14047372726975518,0.0007158757289594151,3.0
236.500258,364,1213.493623,0.0,1.0,236.50025752393037,236.50025752393037,1.0,1.0,0.0,0.0,0.7837929891622044,364,39.16859356810052,0.4152962522263692,1.0481820318133104,0.4913505813014786,0.15485051814671402,0.12739631304374108,0.13382392190836548,0.050696699393369,3.0
88.724517,161,1215.54622,0.0,1.0,88.72451687146474,88.72451687146474,0.0,0.0,0.0,1.0,0.20950057189116125,161,32.26938923750189,0.28625545332898894,1.0729432468121964,0.48257760310210057,0.04183765227750221,0.04804883240172582,0.0,nan,3.0
122.554205,209,1218.805561,0.0,1.0,122.55420457147264,122.55420457147264,0.0,0.0,0.0,1.0,0.3363013542517268,209,36.304520614443376,0.4228403824833043,2.0,0.4962887645979817,0.08700420924921355,0.07845944194702441,0.00011861346829727585,5.851258710755216,3.0
152.93612,252,1222.900939,0.0,1.0,152.93611982468377,152.93611982468377,0.0,0.0,0.0,1.0,0.45577251111109723,252,37.17515907676275,0.3003005348919453,1.1901885786399484,0.4550382938413393,0.12030402582789225,0.1183583414743817,0.07986359504582691,1.9075606264214944,3.0
82.44738,190,1226.23364,0.0,1.0,82.44737980367763,82.44737980367763,1.0,1.0,0.0,0.0,0.23702215043438327,190,32.02849558055155,0.44147482071805383,0.9901912433188726,0.42685673511342,0.10630090675855938,0.10468293616646214,0.14558382708333364,0.7460142661636884,3.0
120.246556,216,1228.950211,0.0,1.0,120.24655648566159,120.24655648566159,0.0,0.0,0.0,1.0,0.3846150949349077,216,36.60433624961469,0.3864589362449415,1.4385608261978509,0.4308881931075895,0.015327309568723043,0.021683225477183307,0.04413595610030074,1.5779032628068788,3.0
312.597576,551,1236.585414,1.0,0.0,312.59757644547,312.59757644547,0.0,0.0,0.0,0.0,0.9910412972396678,551,37.50883033659969,0.458180014866981,1.4262790898395448,0.4512922124440246,0.11611376548635549,0.11514899702556769,0.09699349579459517,0.022774108518514947,3.0
55.555022,157,1239.521796,0.0,1.0,55.555022140464516,55.555022140464516,0.0,0.0,0.0,1.0,0.26443167448077315,157,30.755201347530967,0.5093676970445973,1.0916836651037178,0.4403706820812195,0.04347767495805291,0.048503251592065116,0.0,6.863596591542568,3.0
133.98827,241,1243.298461,0.0,1.0,133.98826970752532,133.98826970752532,0.0,0.0,0.0,1.0,0.4035846193765598,241,33.84624290355233,0.3431067429447664,1.1257283231796869,0.4184645917653048,0.04325805214925426,0.04694704890745804,0.0,nan,3.0
140.014419,274,1247.114142,0.0,1.0,140.0144186303479,140.0144186303479,0.0,0.0,0.0,1.0,0.4120844417776853,274,33.98462614106935,0.40813221772732233,1.5286407312184305,0.4574156687153082,0.0505860352168118,0.05031105027581653,0.0226288926266121,3.3348656450188914,3.0
124.2956,203,1250.340819,0.0,1.0,124.29560024259223,124.29560024259223,1.0,1.0,0.0,0.0,0.3863805082400824,203,34.206730619893136,0.3329691541647671,0.9919426536417989,0.45441338353849986,0.11772761145248789,0.11723713452005621,0.039074699154760445,0.006535884550465106,3.0
138.724867,274,1254.420185,0.0,1.0,138.72486663119548,138.72486663119548,0.0,0.0,0.0,1.0,0.4378748716268797,274,33.840650884981,0.4153724084376871,2.0,0.4354958275917673,0.03701946944215872,0.038416322130356395,0.0,nan,3.0
261.081574,416,1259.670561,0.0,1.0,261.08157376666094,261.08157376666094,1.0,1.0,0.0,0.0,0.5600405779633207,416,35.679710882199146,0.3753891760773015,0.9943050420439934,0.42773540006377375,0.07024923138893567,0.07230981940833422,0.014683881136469974,2.9093266527664134,3.0
253.336888,434,1266.858489,0.0,1.0,253.3368883672485,253.3368883672485,0.0,0.0,0.0,1.0,0.72745763432559,434,35.68433261921887,0.41570478801085464,2.0,0.4550295425707706,0.13149633001072616,0.12579355289309804,0.06775798769023884,0.009573881201770213,3.0
109.295472,165,1269.24648,0.0,1.0,109.2954724307325,109.2954724307325,1.0,1.0,0.0,0.0,0.3066412439567098,165,34.74619598120862,0.24225484360453775,0.9538365906396968,0.4283636315753966,0.2047043867183454,0.18939556244647865,0.25924186964110046,0.5623754258480745,3.0
105.169625,248,1272.515487,0.0,1.0,105.1696245057886,105.1696245057886,0.0,0.0,0.0,1.0,0.3622065585951273,248,35.43280894687381,0.5335736537486985,1.9219527116067285,0.43364372744315094,0.056566625352828734,0.060412825595948,0.02183175367514816,2.5036391263784266,3.0
90.849219,173,1274.360661,0.0,1.0,90.8492190850077,90.8492190850077,0.0,0.0,0.0,1.0,0.2860249377498842,173,31.07894634317484,0.32233547068534624,1.4166235927221704,0.4175097861386448,0.04645090709531927,0.04825347282982975,0.0,nan,3.0
146.744039,201,1277.799001,0.0,1.0,146.744038917652,146.744038917652,0.0,0.0,0.0,1.0,0.37915132801819484,201,37.018673224089255,0.237334751133078,2.0,0.46659493839266286,0.0769395727423293,0.0813387015565711,0.03371284220936531,2.160612070826443,3.0
77.311623,191,1281.179993,0.0,1.0,77.31162274584388,77.31162274584388,0.0,0.0,0.0,1.0,0.32853235332551467,191,31.175851686176678,0.4958869360606341,2.0,0.38681538902340135,0.04560309804546896,0.05030038344298358,0.0013346791807984945,4.987850397792206,3.0
149.698413,224,1283.928785,0.0,1.0,149.6984131852726,149.6984131852726,1.0,1.0,0.0,0.0,0.41681470694153633,224,35.59223641880543,0.2896155350577527,0.8328101243561338,0.4719192333286628,0.10864338651299477,0.11922843115670341,0.16248791593195883,0.011914671531125928,3.0
118.229069,183,1285.64888,0.0,1.0,118.2290693390103,118.2290693390103,1.0,1.0,0.0,0.0,0.28877372960929915,183,32.1217988591387,0.21078210333366604,0.9728498935718233,0.45748307476522493,0.14697030561217844,0.14114110977923283,0.10708353621319507,0.451545364627349,3.0
116.019388,244,1287.835185,0.0,1.0,116.01938774198781,116.01938774198781,1.0,1.0,0.0,0.0,0.5288646599838734,244,35.19382980617413,0.4549730893051998,1.417841271776878,0.4112365164137522,0.061640695958841044,0.06534434928268683,0.08213294580014788,0.6469015580632227,3.0
140.920123,195,1290.48384,0.0,1.0,140.92012263834633,140.92012263834633,0.0,0.0,0.0,1.0,0.3772508553535842,195,38.34624462563351,0.26706468168555675,2.0,0.47506052821110456,0.08748993445665408,0.08601062053289169,0.08586382192406655,0.8337303163951488,3.0
218.487795,319,1294.838288,0.0,1.0,218.4877954593652,218.4877954593652,1.0,1.0,0.0,0.0,0.7095039698596797,319,39.844713987168525,0.4028285735866596,0.9729578848456716,0.4759337780617621,0.13344835954773762,0.12310686417881597,0.11647179752801222,0.006267232252996298,3.0
151.766238,214,1296.818856,0.0,1.0,151.7662378643648,151.7662378643648,0.0,0.0,0.0,1.0,0.32089914887638515,214,39.13071572553954,0.3206772058701036,1.0751721638858731,0.4571825666962383,0.08837738828124286,0.09116158195745165,0.10756564925875237,0.4933380421504618,3.0
43.107837,102,1298.740599,0.0,1.0,43.1078370589101,43.1078370589101,1.0,1.0,0.0,0.0,0.1427809181695067,102,24.26133396281079,0.20978258192248575,0.8469294307442249,0.45256221031441407,0.06203734173494227,0.07178484341677498,0.0,nan,3.0
103.731374,225,1300.918214,0.0,1.0,103.7313737398563,103.7313737398563,0.0,0.0,0.0,1.0,0.3927814363466919,225,33.27949452669178,0.39653778614979684,2.0,0.3904125030504333,0.0654771852493286,0.06996365706125895,0.04070002528940559,0.3376213548904912,3.0
122.246852,199,1303.027961,0.0,1.0,122.24685233722258,122.24685233722258,1.0,1.0,0.0,0.0,0.3632337109653253,199,35.217870629058716,0.3554848592931202,0.7691625648206849,0.46783369880675074,0.06433493168509785,0.06627304709736426,0.0535746880595396,0.10796653306826653,3.0
168.93487,267,1306.721609,0.0,1.0,168.93486978554378,168.93486978554378,1.0,1.0,0.0,0.0,0.4382455876397208,267,34.49381189383702,0.32948666595689996,0.969533869011591,0.466359368438243,0.09187994690870079,0.076761513613583,0.049027938371053785,0.3632642738195667,3.0
142.229789,259,1309.565408,0.0,1.0,142.22978944553617,142.22978944553617,0.0,0.0,0.0,1.0,0.5536148091358417,259,34.904917793782616,0.3731133286713162,2.0,0.37301236720446457,0.07891176059899643,0.08155985366423618,0.006964965499094875,2.3232561919028565,3.0
115.925992,240,1312.799961,0.0,1.0,115.92599150078982,115.92599150078982,0.0,0.0,0.0,1.0,0.3964127748437626,240,30.617989945846315,0.33877451467973446,1.5015898322095227,0.4153443847472469,0.09658322433630626,0.09019795755545298,0.03858728090430379,1.4885279497280075,3.0
165.002743,258,1315.559456,0.0,1.0,165.00274267876415,165.00274267876415,1.0,1.0,0.0,0.0,0.6575212811404811,258,39.016213066577656,0.40745042893199457,0.9944167769200492,0.4094598804448926,0.11429740292157313,0.1051231017408445,0.10010379740681515,0.8119713359261788,3.0
104.870308,213,1318.214182,0.0,1.0,104.87030815800819,104.87030815800819,1.0,1.0,0.0,0.0,0.27504205025076317,213,33.574578121261126,0.4311844936063992,1.534777379364972,0.4764586629022455,0.15408432427706292,0.14506817815449316,0.17905742665234112,0.04358164380809339,3.0
98.675373,146,1321.597322,0.0,1.0,98.6753732474585,98.6753732474585,1.0,1.0,0.0,0.0,0.27139734872666654,146,36.27205651343771,0.2521751711270775,0.5915964708152076,0.4519650241972445,0.09469235474116182,0.08429840247925013,0.18976530073750575,0.7930534327017394,3.0
286.266658,440,1325.959059,0.0,1.0,286.26665842745047,286.26665842745047,1.0,1.0,0.0,0.0,0.8296245528891134,440,39.00047517558201,0.38278899248920994,1.366391599251457,0.410575963861563,0.07108633707870136,0.07311299795454199,0.022533527330267828,0.08601247226347995,3.0
109.631036,250,1328.676611,0.0,1.0,109.63103626808531,109.63103626808531,1.0,1.0,0.0,0.0,0.5558573364779281,250,36.0222990750811,0.6691478170081517,2.0,0.4000688013136387,0.0704511685371399,0.07258102035522461,0.08476142183891426,0.41397363892864264,3.0
133.8519,183,1330.632578,0.0,1.0,133.85189996651394,133.85189996651394,1.0,1.0,0.0,0.0,0.38611045280222506,183,37.87303190315982,0.2609933049658088,0.7458254271982873,0.4324427607769523,0.0946671285264479,0.0857730335225173,0.1414846307853677,0.6704875565820421,3.0
116.393981,215,1334.036798,0.0,1.0,116.3939809306983,116.3939809306983,1.0,1.0,0.0,0.0,0.38863011431728683,215,34.15976102063134,0.3887760520983702,1.0733662342731816,0.4717922723570535,0.14009701484857603,0.13762823176938435,0.13136874335013193,0.09111117759212473,3.0
33.023068,95,1335.212219,0.0,1.0,33.02306810787933,33.02306810787933,1.0,1.0,0.0,0.0,0.10336856982281081,95,24.480997549067556,0.30185565202864323,0.743039670457764,0.42414892794270265,0.05455859460328755,0.06294206820036236,0.0,nan,3.0
220.180713,298,1339.113652,0.0,1.0,220.18071253782333,220.18071253782333,0.0,0.0,0.0,1.0,0.5100852660955247,298,42.47717047993734,0.3623073559426632,2.0,0.4118472793133267,0.19576350474517618,0.18258315284780208,0.09736840166285834,0.5036361781255051,3.0
107.917778,177,1341.425879,0.0,1.0,107.91777820560077,107.91777820560077,1.0,1.0,0.0,0.0,0.23435238715332293,177,34.24052032935484,0.28183285851242657,1.0332869897041452,0.4444536027724797,0.1612691145158757,0.16365541239916268,0.08566525069740055,0.6611988146563217,3.0
58.934746,130,1342.774752,0.0,1.0,58.934745967748796,58.934745967748796,1.0,1.0,0.0,0.0,0.17984276712023686,130,30.67653688159753,0.3861113778626512,0.9577348634024989,0.41321047372542896,0.1658901870250702,0.17215172785979052,0.1308439380998424,1.7571685355487445,3.0
160.797757,285,1346.989333,0.0,1.0,160.79775717615658,160.79775717615658,1.0,1.0,0.0,0.0,0.45128489962864177,285,34.612066915037815,0.40623875029631085,1.584853756315068,0.435014306766945,0.16270037450288471,0.1482240183311596,0.15025624183769726,0.07766051683364925,3.0
146.795539,270,1349.442633,0.0,1.0,146.79553934435265,146.79553934435265,0.0,0.0,0.0,1.0,0.4673919902979156,270,38.03241626056991,0.4680613816533315,2.0,0.4274179442613213,0.12430941219683046,0.11715403066741095,0.033798860811025636,1.0740357116643569,3.0
298.420672,525,1355.254654,0.0,1.0,298.42067191775163,298.42067191775163,0.0,0.0,0.0,1.0,0.7534309305115701,525,33.997445777637886,0.3838583766519829,2.0,0.39520521785531726,0.14821550732567196,0.13610759144737608,0.03221254336279099,1.833395461510059,3.0
32.92379,93,1356.237701,0.0,1.0,32.92379038803144,32.92379038803144,1.0,1.0,0.0,0.0,0.14195395499048802,93,22.286916850740788,0.25085308566706993,0.5501924270299487,0.40736201645866515,0.12040746340187647,0.11981887073927028,0.030249443287157618,0.3213223907988016,3.0
129.34207,235,1360.437289,0.0,1.0,129.3420696275,129.3420696275,0.0,0.0,0.0,1.0,0.2775650959725113,235,33.007659766064776,0.35980368953065145,2.0,0.4728418183770586,0.13407178229474007,0.13490288054689448,0.056473532819605224,1.3202404332944722,3.0
158.042435,287,1363.907074,0.0,1.0,158.0424353103404,158.0424353103404,1.0,1.0,0.0,0.0,0.5258144813618699,287,37.72541858730924,0.3987873525000852,1.060053600516007,0.4222216853281347,0.2021882546488001,0.16652528500307728,0.07266362426429775,0.07240241853146198,3.0
118.565095,205,1366.361684,0.0,1.0,118.56509502427843,118.56509502427843,0.0,0.0,0.0,1.0,0.42951529064647703,205,35.887539773388134,0.3046009034551145,2.0,0.40168660234023884,0.08219511160036412,0.08053243858058279,0.0,16.24007963935928,3.0
213.045841,275,1369.815542,0.0,1.0,213.04584090155083,213.04584090155083,1.0,1.0,0.0,0.0,0.5926821947906883,275,42.36851993417014,0.317440746685253,0.9947193588592155,0.42960510690103876,0.16363707455721768,0.14960858258334073,0.15553081365620358,0.04989401491724393,3.0
70.965766,201,1372.906892,0.0,1.0,70.96576631166974,70.96576631166974,1.0,1.0,0.0,0.0,0.3712775219227207,201,28.551285910605724,0.5386706075109302,1.8565728095027008,0.40513132597824825,0.13231968672121341,0.1269519346863476,0.08635444805991184,0.7902227730380316,3.0
204.737435,412,1377.165192,0.0,1.0,204.737434918331,204.737434918331,0.0,0.0,0.0,1.0,0.7668763224850561,412,34.369725015785164,0.45282296528495586,1.4593194191671384,0.38074159901589155,0.11931527948495253,0.10773573960494069,0.0,8.690097997214266,3.0
150.164096,318,1379.956179,0.0,1.0,150.16409636696451,150.16409636696451,1.0,1.0,0.0,0.0,0.5137844222235156,318,30.53053015558613,0.41153390089609243,1.240955461901846,0.4293229895052295,0.15762577285556673,0.1520627478383622,0.062362692096279496,0.08299603690290441,3.0
77.031667,163,1382.233889,0.0,1.0,77.03166677712406,77.03166677712406,1.0,1.0,0.0,0.0,0.2564985525176142,163,31.970497417795166,0.4210331004614837,0.9988003096597221,0.44192710953073266,0.13943856954574585,0.14005508890912577,0.09966067893971414,1.0645793831011447,3.0
71.818203,180,1383.609154,0.0,1.0,71.81820324917433,71.81820324917433,0.0,0.0,0.0,1.0,0.41165533293342266,180,35.651561502114966,0.4460286192779845,1.1271442798554483,0.4450056644777457,0.07536322275797526,0.07928540839089288,0.034346523431998136,1.9767966114515971,3.0
110.527622,266,1387.4753,0.0,1.0,110.52762237378263,110.52762237378263,1.0,1.0,0.0,0.0,0.3786615155402648,266,31.963187597714093,0.5693613243760335,2.0,0.4360739401912779,0.18782670090073034,0.17257876145212273,0.05382414849913803,0.06655365320904004,3.0
156.413145,323,1392.280403,0.0,1.0,156.4131450992369,156.4131450992369,0.0,0.0,0.0,1.0,0.48431209934216807,323,32.052027880552416,0.4138166730848597,1.5489369576378307,0.48636474986286726,0.1822272504077238,0.16729132180612521,0.0021046566461869792,4.847211490056161,3.0
152.86999,265,1395.412905,0.0,1.0,152.86999047605343,152.86999047605343,1.0,1.0,0.0,0.0,0.599088897405557,265,38.63448071850317,0.3951528851886721,0.9846542212429695,0.47175523402555936,0.139631575908301,0.12975534628022392,0.11730391240526777,0.042161383200567476,3.0
197.479162,309,1399.85153,0.0,1.0,197.47916179164332,197.47916179164332,1.0,1.0,0.0,0.0,0.5283468657917171,309,35.783682932884936,0.3452253280872935,0.9681483610077706,0.43153031161929023,0.1554126315132314,0.15367419723553952,0.1250352688819879,0.6938830428011069,3.0
81.984699,192,1401.902901,0.0,1.0,81.98469894191015,81.98469894191015,1.0,1.0,0.0,0.0,0.27903720690019107,192,33.69117072920773,0.5488639665030582,1.2257461405832164,0.4328939140153428,0.1990323185455054,0.18739407059426108,0.08400211883345633,0.0901020647216164,3.0
76.079133,150,1403.894374,0.0,1.0,76.07913293614266,76.07913293614266,1.0,1.0,0.0,0.0,0.1946833478471087,150,33.49650753817293,0.40525723621173476,0.9400402919481557,0.4143515417476495,0.05986817280451457,0.0695841399828593,0.09891583728201662,0.240322368765489,3.0
63.446125,155,1405.958151,0.0,1.0,63.44612483929079,63.44612483929079,1.0,1.0,0.0,0.0,0.2057063374188355,155,29.069614476082567,0.3310940555563627,1.0759325390012262,0.3845554582774639,0.18715447456605971,0.16392377653429585,0.13327614803078244,0.3387808959962308,3.0
94.957585,246,1410.688511,0.0,1.0,94.95758461563399,94.95758461563399,0.0,0.0,0.0,1.0,0.4595131965985468,246,34.51886794919248,0.5219343467470844,2.0,0.3923184306368353,0.09295963078010373,0.08749875644358193,0.012967553513977974,1.3423645839147953,3.0
109.113584,258,1413.410446,0.0,1.0,109.11358411371798,109.11358411371798,0.0,0.0,0.0,1.0,0.5043879364729292,258,31.163032335067303,0.5294654919155903,2.0,0.3557997968538787,0.06968322789022165,0.07624563736508982,0.0,6.840308951937238,3.0
85.551551,258,1416.823645,0.0,1.0,85.55155129677816,85.55155129677816,1.0,1.0,0.0,0.0,0.38965618086582315,258,34.502547234755625,0.6765654871756148,2.0,0.4511734583638897,0.1254323586937069,0.11906810740167781,0.09602403738528724,0.16496990906395048,3.0
46.823022,95,1418.091666,0.0,1.0,46.82302154454119,46.82302154454119,1.0,1.0,0.0,0.0,0.1391928029624206,95,25.377042662149226,0.14193546090884016,0.6886479739099397,0.4282858466239352,0.14098287569849113,0.14324900476556074,0.12020422055721784,0.2615830180930077,3.0
78.101986,186,1423.91631,0.0,1.0,78.10198632864623,78.10198632864623,0.0,0.0,0.0,1.0,0.3352789847884161,186,30.224659893638297,0.4206816093263447,1.093497759063841,0.4324914863112793,0.13744718797745242,0.13965230218825803,0.0,7.437385352976851,3.0
137.179621,180,1426.509223,0.0,1.0,137.17962073567486,137.17962073567486,1.0,1.0,0.0,0.0,0.376669598081765,180,40.43848061722038,0.2604396019856604,0.9455398625923186,0.470380141855114,0.1580404539903005,0.13120942446920608,0.054786943079781526,1.490595101050254,3.0
113.491873,222,1428.568746,0.0,1.0,113.49187284233932,113.49187284233932,0.0,0.0,0.0,1.0,0.39613013294392846,222,36.01883901994595,0.4292629831874902,2.0,0.37894215656293406,0.13397991281371932,0.12171510640565339,0.02449713087136941,1.7621041405868858,3.0
83.663539,149,1431.288526,0.0,1.0,83.66353887621489,83.66353887621489,1.0,1.0,0.0,0.0,0.22649824657247558,149,30.72730066275899,0.25115380161832207,0.740653026653543,0.40683375627752516,0.20943551495571264,0.1896867976092652,0.029597454871432623,1.4248752616448837,3.0
141.774122,256,1433.955415,0.0,1.0,141.77412240286117,141.77412240286117,1.0,1.0,0.0,0.0,0.4176162440238601,256,34.022311985993944,0.3433629818346593,0.977481186632935,0.4055906603753101,0.24752348707988858,0.21287509892135859,0.044192094686848836,1.006991562096628,3.0
153.966009,296,1437.35478,0.0,1.0,153.9660091547845,153.9660091547845,0.0,0.0,0.0,1.0,0.6655268754182851,296,39.819929697719694,0.5136442623225419,2.0,0.4061324573499528,0.222672738134861,0.20227279735578074,0.06457436296676491,0.6756900252132508,3.0
25.554514,95,1439.010375,0.0,1.0,25.554514085120502,25.554514085120502,1.0,1.0,0.0,0.0,0.13311549030236972,95,25.229599487724226,0.41934883941402396,0.9890485558512481,0.43091186928121666,0.07697275124098125,0.08155600710919028,0.1491159132945272,0.26188659406821224,3.0
273.585524,443,1443.619857,0.0,1.0,273.58552426042786,273.58552426042786,1.0,1.0,0.0,0.0,0.9052185589138606,443,42.26517181744132,0.5100322506067424,1.93644899403874,0.4394574241573937,0.20192478196884656,0.19697673339606947,0.1262643917349918,0.018474284838451583,3.0
135.024456,210,1446.38216,0.0,1.0,135.02445601281056,135.02445601281056,0.0,0.0,0.0,1.0,0.3532684788871894,210,34.69188276934904,0.3159207613512192,2.0,0.44427409988074074,0.12161701349985032,0.1085639788990929,0.0,nan,3.0
136.922493,237,1449.028716,0.0,1.0,136.92249332768887,136.92249332768887,1.0,1.0,0.0,0.0,0.3334539722381958,237,37.222820555363576,0.38624679662256045,1.3402631069530568,0.4198793171893192,0.2161133560953261,0.19693522312470127,0.07696858155116768,1.178564923611876,3.0
153.159291,278,1452.907668,0.0,1.0,153.15929079758237,153.15929079758237,1.0,1.0,0.0,0.0,0.3634871751839998,278,28.253027718759373,0.27070776108850886,1.5189026465238025,0.44422899861987547,0.299626640921874,0.2543056386409046,0.09030721423639736,1.4019539379473263,3.0
224.08956,339,1457.230892,0.0,1.0,224.08955983337745,224.08955983337745,1.0,1.0,0.0,0.0,0.7266379172417058,339,39.167559590899664,0.345369706080865,1.1353691513081705,0.43607289031983126,0.15962828577092264,0.14204964683470825,0.10747086610332242,0.07612837815930919,3.0
131.148077,210,1461.183452,0.0,1.0,131.14807724538494,131.14807724538494,1.0,1.0,0.0,0.0,0.36100694430543406,210,36.483590112718964,0.36841913199088655,0.9789697361946569,0.4380709596687839,0.1690598387093771,0.1616027207601638,0.08962572891584533,1.1689057084916772,3.0
210.404284,434,1466.387526,0.0,1.0,210.40428387553524,210.40428387553524,0.0,0.0,0.0,1.0,0.8295191182326608,434,35.77186824501704,0.47796927579436266,2.0,0.40666453482814924,0.20546123811176845,0.19128027833002503,0.020189829915912186,2.599701007647779,3.0
44.254768,122,1469.069461,0.0,1.0,44.25476780245908,44.25476780245908,0.0,0.0,0.0,1.0,0.12147875667796092,122,25.409568362769885,0.3345981355765443,1.064004941023107,0.47993077032390186,0.16307875367461658,0.13091860149727494,0.011741503093439555,3.6059134039327354,3.0
103.322686,166,1470.682835,0.0,1.0,103.32268597290945,103.32268597290945,1.0,1.0,0.0,0.0,0.2237983514534438,166,35.30776097967085,0.2642117736202041,0.9565045562311534,0.4229459188295057,0.16192754636327905,0.15631709256804133,0.10903061927366435,0.4123121352870807,3.0
146.322451,281,1475.172284,0.0,1.0,146.32245140976772,146.32245140976772,0.0,0.0,0.0,1.0,0.5524203442863399,281,39.06842856888436,0.47129099139710195,2.0,0.41458677080231204,0.1471998924886629,0.13524601171025177,0.05625666713793177,1.4111242568536624,3.0
-0.771437,59,1476.8616,0.0,1.0,-0.7714374852557526,-0.7714374852557526,0.0,0.0,0.0,1.0,0.07304364594694472,59,18.418839972231556,0.5597185141346073,1.0532758785323648,0.41295598851422133,0.10121568986925028,0.11640465259552002,0.0,nan,3.0
309.744095,567,1484.740909,1.0,0.0,309.7440945195018,309.7440945195018,0.0,0.0,0.0,0.0,0.9910706542525554,567,34.695818835153595,0.5047140781057243,2.0,0.46157490540249846,0.2416656753688893,0.21274492444184723,0.07999313730958083,1.2094456809935787,3.0
80.669512,153,1487.642341,0.0,1.0,80.66951201815162,80.66951201815162,1.0,1.0,0.0,0.0,0.20363813558805766,153,31.734674061986393,0.3430329998223333,0.8553478082137127,0.43083768561969393,0.2267659053303837,0.19979269637001884,0.12060679307600274,0.7263957429953819,3.0
59.617348,196,1490.129038,0.0,1.0,59.61734828905492,59.61734828905492,0.0,0.0,0.0,1.0,0.33422901883266715,196,31.806824855663596,0.5070057585155339,1.0879965533988394,0.46503691512102985,0.13460190381322587,0.12693694537999678,0.0038330227571730727,3.6955192821467806,3.0
234.422462,380,1495.812134,0.0,1.0,234.42246206522805,234.42246206522805,1.0,1.0,0.0,0.0,0.7968204036199245,380,38.232329803735745,0.42954329110308764,0.9957539835984826,0.4582008026148144,0.2107429433025812,0.17515637168758794,0.11019826428192982,0.44775662594583615,3.0
184.357266,285,1500.247901,0.0,1.0,184.35726632231757,184.35726632231757,0.0,0.0,0.0,1.0,0.4804401451095956,285,38.556586222222926,0.37732606789397233,2.0,0.43335791346535346,0.13044437630134717,0.12789420872403864,0.09253274061247299,0.4248219441132319,3.0
96.869751,242,1503.638559,0.0,1.0,96.86975083894256,96.86975083894256,1.0,1.0,0.0,0.0,0.46649473470367814,242,34.92670266469419,0.5302581816604972,1.024085083518833,0.4383094120493605,0.1103194548078805,0.0976250565741673,0.00045626346426686556,5.463429051364264,3.0
120.244277,210,1505.712167,0.0,1.0,120.24427698536269,120.24427698536269,1.0,1.0,0.0,0.0,0.46819652230991166,210,36.27270005576129,0.4074594193080395,0.9972968060960544,0.4635366461106709,0.12496047757920764,0.12708708870978583,0.0890775092494641,0.6826768561446509,3.0
27.733145,87,1507.334721,0.0,1.0,27.73314452375076,27.73314452375076,0.0,0.0,0.0,1.0,0.10876567607996908,87,24.467291987829825,0.3609549676880174,1.7403189595563289,0.34892309054561044,0.06469330294378872,0.07618755581735194,0.006497349764591478,4.476015529332926,3.0
100.270317,218,1510.925139,0.0,1.0,100.27031705221083,100.27031705221083,1.0,1.0,0.0,0.0,0.3112191290427777,218,34.922227016114725,0.40314074870207783,1.0277686521146863,0.40064128802730403,0.20059592543392007,0.19520380901634146,0.045922286954134535,0.5566749394446431,3.0
44.471264,159,1512.843516,0.0,1.0,44.471263738875756,44.471263738875756,0.0,0.0,0.0,1.0,0.30927083606321665,159,29.793647452265255,0.5607705063387487,2.0,0.3707481946023005,0.1478859306131519,0.1561502791800589,0.010428003937173953,4.144023925974934,3.0
120.030548,202,1515.95127,0.0,1.0,120.03054801030373,120.03054801030373,0.0,0.0,0.0,1.0,0.5762677737039151,202,43.30171988344133,0.4368010776295858,2.0,0.42910876774256773,0.049712487966707436,0.05554139968192223,0.0,nan,3.0
50.452721,135,1518.262903,0.0,1.0,50.45272079591491,50.45272079591491,0.0,0.0,0.0,1.0,0.2138991244524435,135,35.89917314890503,0.5424046044109807,2.0,0.4230970584683948,0.026335429262231896,0.03198748782829002,0.0,nan,3.0
86.566847,159,1521.091947,0.0,1.0,86.56684729917258,86.56684729917258,1.0,1.0,0.0,0.0,0.2789254621664746,159,34.14856181333935,0.35864937666255065,0.9566172974862173,0.4923050250366049,0.11186318127614148,0.11010874517308841,0.11921385073290088,0.6928902172674608,3.0
100.67836,176,1523.673296,0.0,1.0,100.67836035557507,100.67836035557507,0.0,0.0,0.0,1.0,0.31873714470371267,176,32.695883289050634,0.2861319926030445,1.2682711130259685,0.44587015927853907,0.16059490699659695,0.15576481751420282,0.0,9.976122618974406,3.0
279.518505,451,1530.515389,1.0,0.0,279.51850506489916,279.51850506489916,0.0,0.0,0.0,0.0,0.989841636667707,451,36.9827467056617,0.4614318908880309,0.9984537079247632,0.41202730396370135,0.13248769056770596,0.12883240486724415,0.044923732969112055,1.2822078352873973,3.0
65.372416,201,1532.821486,0.0,1.0,65.37241636694213,65.37241636694213,0.0,0.0,0.0,1.0,0.2355878545959995,201,25.324190634201937,0.46086790284505347,1.8939318968726206,0.3586008919226886,0.12515212172892556,0.11972852844503981,0.0,nan,3.0
152.982877,273,1536.202749,0.0,1.0,152.98287684145237,152.98287684145237,1.0,1.0,0.0,0.0,0.38854361159034906,273,36.44208602645088,0.4256021205664112,0.9959444590947655,0.4143906200488845,0.15170508448457543,0.14252885226364975,0.10944715746575827,0.8831176244837295,3.0
156.145519,246,1539.941419,0.0,1.0,156.14551862153132,156.14551862153132,1.0,1.0,0.0,0.0,0.497477466935265,246,34.974170655588345,0.29342707879862884,0.9509301521737994,0.47437455293124287,0.15838853348561419,0.14677280866033662,0.08556832922093925,1.0217289634960958,3.0
112.048795,175,1542.32507,0.0,1.0,112.0487953231445,112.0487953231445,0.0,0.0,0.0,1.0,0.4321181905267437,175,40.86055744171524,0.4059270565432916,2.0,0.38079593182674476,0.07792508942740305,0.08168734209878104,0.006697819611780694,3.7052127993518087,3.0
71.917162,156,1544.210305,0.0,1.0,71.91716246650468,71.91716246650468,1.0,1.0,0.0,0.0,0.2861817318291601,156,31.012274700328614,0.3637522022489628,0.9951543626280683,0.365849651897756,0.11316035229426163,0.11431494393409827,0.11891454737233594,0.6861431778887561,3.0
88.264372,162,1546.938947,0.0,1.0,88.26437239179923,88.26437239179923,0.0,0.0,0.0,1.0,0.25285120068001016,162,35.4099993875659,0.3894622301045426,1.0970614306823547,0.42131100521411424,0.06793069471547633,0.06604162925555382,0.0,7.1180328343153025,3.0
36.700563,119,1548.572312,0.0,1.0,36.70056321148961,36.70056321148961,0.0,0.0,0.0,1.0,0.14616090301543763,119,26.954193133897878,0.362853167465938,1.1010232789520364,0.5017323895913213,0.07348921719719381,0.08047102479373708,0.0,nan,3.0
167.302607,238,1551.598996,0.0,1.0,167.3026073925685,167.3026073925685,1.0,1.0,0.0,0.0,0.4273544084432015,238,40.311158491440054,0.34722018042393654,0.9839418656185877,0.4275394493260053,0.17047923953593278,0.16233658389884884,0.1448892849957821,0.02951779172260997,3.0
149.381589,293,1555.482197,0.0,1.0,149.3815892295829,149.3815892295829,1.0,1.0,0.0,0.0,0.4672008635354229,293,34.09355300539876,0.41282033713894606,1.4163412210992148,0.42897104351136056,0.19161316610033602,0.15799902994884973,0.05360040738032293,0.07330377491353948,3.0
80.330431,144,1559.11464,0.0,1.0,80.33043111442358,80.33043111442358,1.0,1.0,0.0,0.0,0.2338858145011876,144,33.85233630003981,0.29566354798749167,0.9084247320235448,0.4295482393871579,0.07893960260682636,0.08061715298228794,0.006880442824888078,0.05529739929670139,3.0
53.04251,148,1560.831959,0.0,1.0,53.04251038258303,53.04251038258303,1.0,1.0,0.0,0.0,0.24214272805244594,148,29.46326214866046,0.4890554345857591,0.973003524895848,0.42495487595128045,0.10943280442340954,0.10857021486436999,0.10889591120833901,0.05383368865049309,3.0
116.646307,165,1566.110747,0.0,1.0,116.64630676972747,116.64630676972747,1.0,1.0,0.0,0.0,0.3100700916672777,165,35.85055363176504,0.24013691009950747,0.6370787442399954,0.43285808662573494,0.14228222406271732,0.11630921363830567,0.07486405290380005,0.6319378479495309,3.0
160.78934,244,1568.859655,0.0,1.0,160.78934027513048,160.78934027513048,1.0,1.0,0.0,0.0,0.5883956168753062,244,42.90325853098804,0.45003410147286915,1.7666526140974592,0.40987769688372727,0.11266149214056671,0.11793319905390505,0.16477489157198666,0.05236145020364481,3.0
107.047423,218,1571.661724,0.0,1.0,107.04742312426254,107.04742312426254,1.0,1.0,0.0,0.0,0.34150553974402553,218,36.951917798959435,0.5592834990607347,1.9879362540168564,0.4368631161253797,0.058550100260918295,0.05904333033692946,0.061199226902577133,0.22834236645389305,3.0
65.392679,165,1575.324659,0.0,1.0,65.39267916634242,65.39267916634242,1.0,1.0,0.0,0.0,0.2971656760631064,165,30.875962344856696,0.44643775952357223,1.5445575549358392,0.35254127166487953,0.10090606357112075,0.10332050612478545,0.09615814507667818,0.8892288751770832,3.0
89.489662,227,1578.311951,0.0,1.0,89.48966221129307,89.48966221129307,0.0,0.0,0.0,1.0,0.3647784659296153,227,29.994622437334964,0.4718458938698809,2.0,0.44080981041103734,0.08761727809906006,0.08646672570232777,0.0,nan,3.0
349.982616,509,1586.095142,0.0,1.0,349.98261635790385,349.98261635790385,0.0,0.0,0.0,1.0,0.9322977171386201,509,39.623796206969125,0.3757515919240493,1.4941663510122127,0.42758021601759383,0.19632736392948621,0.1624532785771638,0.044053299511739336,0.6888466828714633,3.0
114.508514,154,1589.185656,0.0,1.0,114.5085143322383,114.5085143322383,1.0,1.0,0.0,0.0,0.22659022086290115,154,41.212241383800794,0.28045224970737964,0.9998813851795764,0.3857176932808641,0.08345085305052918,0.08557883872614279,0.16217219467971197,0.3369981685447404,3.0
178.620548,273,1591.754883,0.0,1.0,178.62054767564183,178.62054767564183,1.0,1.0,0.0,0.0,0.4879241983778675,273,47.45958031208101,0.4428453030044764,1.3952214763389865,0.4476209962706426,0.1496944444956797,0.13387870701241406,0.10911713656776166,0.091184487546702,3.0
166.700748,262,1594.977506,0.0,1.0,166.70074789532637,166.70074789532637,1.0,1.0,0.0,0.0,0.6267630063292866,262,42.43982631120806,0.45755173611446365,0.9814990893957876,0.421924919458746,0.18007080109064816,0.16525394588936376,0.14988494592731957,0.5075257198522717,3.0
215.917566,429,1601.402342,0.0,1.0,215.9175661733741,215.9175661733741,1.0,1.0,0.0,0.0,0.6737642302240121,429,37.95585452100338,0.5296569823868497,2.0,0.3775080950205629,0.23552102045023635,0.20596163923090155,0.07132370074956425,0.0023735486680816482,3.0
156.970311,297,1605.205638,0.0,1.0,156.9703111285712,156.9703111285712,1.0,1.0,0.0,0.0,0.4555287109974572,297,34.283836658628076,0.3642618285965474,0.9840649623663055,0.42732093581045516,0.1869463713883551,0.17886814766058617,0.09175157887961014,0.3225290698686416,3.0
100.243957,151,1607.312668,0.0,1.0,100.24395650587624,100.24395650587624,0.0,0.0,0.0,1.0,0.21643306444614013,151,37.682289008387436,0.2801142595965202,1.1851665512824794,0.435814212403254,0.18689314695383538,0.18511915759535025,0.11779209983588985,0.9810640622573873,3.0
142.85811,266,1610.399652,0.0,1.0,142.8581099170697,142.8581099170697,0.0,0.0,0.0,1.0,0.5618087536069113,266,34.4616194425918,0.35723397529814904,1.4406378764814731,0.37374932660644217,0.10382321454528579,0.10345938331202457,0.008076875780932692,2.9931798984521634,3.0
71.444068,177,1612.912881,0.0,1.0,71.44406782757432,71.44406782757432,1.0,1.0,0.0,0.0,0.2818473059254546,177,30.637809074255838,0.4071206135778072,0.9965430190365933,0.42925234362062087,0.1812052443876105,0.18242913130986488,0.03591375532053042,0.26104961873640753,3.0
94.690063,248,1616.335816,0.0,1.0,94.6900625426584,94.6900625426584,0.0,0.0,0.0,1.0,0.2996047955125292,248,34.00763531649497,0.6280149265395717,2.0,0.4208318253137892,0.10996792777892082,0.1077330328764454,0.0,6.8725455656525325,3.0
143.910816,199,1619.031347,0.0,1.0,143.91081604080077,143.91081604080077,1.0,1.0,0.0,0.0,0.25810611981013637,199,35.70081868055943,0.22535767972619358,0.9225868060245257,0.4220519348155314,0.14282907852575408,0.1266936165603561,0.10343162644420036,0.34431465242094944,3.0
38.236546,135,1621.146436,0.0,1.0,38.23654610079351,38.23654610079351,0.0,0.0,0.0,1.0,0.1886590349134497,135,29.331522144963305,0.5417050464349263,1.1151869518463973,0.49247151575982573,0.08905632319273772,0.09204753504859077,0.0,7.587454414736204,3.0
6.844873,75,1621.908815,0.0,1.0,6.844872806090461,6.844872806090461,0.0,0.0,0.0,1.0,0.08073869330858709,75,21.266177413650723,0.5105725607025935,1.0463171977589647,0.47601780017217,0.043047637939453126,0.057211170196533205,0.0,nan,3.0
10.902888,85,1623.241795,0.0,1.0,10.902887599306485,10.902887599306485,0.0,0.0,0.0,1.0,0.1169084625514848,85,24.606290449933685,0.552679266775907,1.0568245925758928,0.4019810773870524,0.13039490615620333,0.11781886886147892,0.0,nan,3.0
97.717881,198,1626.202949,0.0,1.0,97.71788135365068,97.71788135365068,0.0,0.0,0.0,1.0,0.35062089989255313,198,36.99093931351201,0.45798217284070464,2.0,0.34975613638608144,0.051151242521074086,0.04950663056036438,0.0,nan,3.0
36.756557,103,1627.61579,0.0,1.0,36.75655671891749,36.75655671891749,0.0,0.0,0.0,1.0,0.20103833454261685,103,29.144026739316057,0.39583961215382996,1.0265911629923858,0.4166678406515168,0.11626995304255809,0.11191239519026673,0.0,nan,3.0
31.800115,120,1629.496122,0.0,1.0,31.800114636728225,31.800114636728225,1.0,1.0,0.0,0.0,0.14038889850244576,120,31.01709168662204,0.4988006693270404,1.0166389184120668,0.42551616821438076,0.09157738387584687,0.0996207575003306,0.1125020202125563,0.4510619267787885,3.0
126.780639,172,1632.851053,0.0,1.0,126.78063867792085,126.78063867792085,0.0,0.0,0.0,1.0,0.3042923308798675,172,38.60656955333296,0.26365846268178417,1.0902813205366755,0.3892163974991025,0.11540825561035511,0.11328327725099963,0.05348116111881381,1.7483641208331098,3.0
179.975398,277,1637.328549,0.0,1.0,179.9753977807917,179.9753977807917,1.0,1.0,0.0,0.0,0.617067845880838,277,39.601168205940915,0.3965057429146529,0.9851058203383446,0.4333320718715875,0.15789191215046908,0.14257406693503313,0.15725321997874084,0.024569459292446413,3.0
93.576003,195,1640.061683,0.0,1.0,93.57600250355252,93.57600250355252,0.0,0.0,0.0,1.0,0.3912099259122775,195,39.694360042637015,0.25021089458805923,1.0469465270971179,0.4291137283429121,0.1340413007980738,0.10941378520085261,0.1071153943287734,1.0431167932478196,3.0
87.264298,175,1642.918311,0.0,1.0,87.26429787580535,87.26429787580535,1.0,1.0,0.0,0.0,0.23065484847047532,175,33.836899693843655,0.4176436822138336,1.7535967862903523,0.38440252193382807,0.09674587454114641,0.07790010520390102,0.07075351877538984,1.1532958395700343,3.0
33.945513,95,1643.947971,0.0,1.0,33.94551252336058,33.94551252336058,0.0,0.0,0.0,1.0,0.15017107838897625,95,28.741979402772554,0.34052285915378616,1.0623760111156868,0.3741193366678138,0.033948308543155066,0.044474624332628755,0.0,nan,3.0
118.040933,258,1648.0469,0.0,1.0,118.04093283458644,118.04093283458644,1.0,1.0,0.0,0.0,0.3951687250231454,258,32.78117921529656,0.40213997636264853,0.9707567199717261,0.40884737092857215,0.15117769440015158,0.139354501121728,0.05819967636482381,0.5045854780700879,3.0
188.559285,228,1651.616278,0.0,1.0,188.55928466590402,188.55928466590402,1.0,1.0,0.0,0.0,0.3771576976253182,228,46.80689966664535,0.30521268917601857,0.9947761967622185,0.4381332744337749,0.16891390438142576,0.13463685387059263,0.17231939488041179,0.10217739860739684,3.0
167.896916,269,1654.753543,0.0,1.0,167.89691613076835,167.89691613076835,0.0,0.0,0.0,1.0,0.40554148507658644,269,39.37741632779227,0.3594212106807524,1.1140809343650278,0.38023818367365125,0.13232966792184625,0.11078069311978649,0.056163623779253234,1.2393990784632634,3.0
81.729496,196,1657.123419,0.0,1.0,81.72949570572564,81.72949570572564,0.0,0.0,0.0,1.0,0.4232869198552476,196,36.30578361179716,0.5035142080237616,2.0,0.3788606845298592,0.05003928043404404,0.054798580554066875,0.0,nan,3.0
369.018096,561,1664.448622,1.0,0.0,369.01809648852316,369.01809648852316,0.0,0.0,0.0,0.0,0.9913160542829607,561,34.41654012340473,0.3911189824768222,2.0,0.4188651235080233,0.24541624626161368,0.20109941689513372,0.0702973287003296,0.05962297760911009,3.0
142.202837,189,1667.564572,0.0,1.0,142.2028371329935,142.2028371329935,0.0,0.0,0.0,1.0,0.5822132464001822,189,46.094167564035246,0.3900182103054741,2.0,0.32781765889869163,0.04590926410029174,0.056246000622946116,0.0,nan,3.0
80.58139,236,1669.962468,0.0,1.0,80.58139030281161,80.58139030281161,1.0,1.0,0.0,0.0,0.44047731869873036,236,31.711531230499588,0.5567782246745793,2.0,0.4151863034309472,0.162135464912754,0.16046202889943528,0.0766672602475399,0.6907516758074249,3.0
331.507172,532,1679.881237,0.0,1.0,331.50717184508454,331.50717184508454,1.0,1.0,0.0,0.0,0.9165613422189895,532,37.460830408081044,0.376947374429488,0.9930939873107366,0.39840558797289105,0.20987065052403545,0.18993139860773445,0.10661190839114643,0.12410942337948129,3.0
121.19874,273,1683.478637,0.0,1.0,121.19874040696942,121.19874040696942,0.0,0.0,0.0,1.0,0.45908160370220713,273,39.708113389614304,0.5235110682642405,1.0732606491944034,0.4338324568933729,0.16662875560177115,0.14242508843704893,0.0936273512185669,0.07573996382963195,3.0
56.867139,128,1685.097634,0.0,1.0,56.867138731716,56.867138731716,0.0,0.0,0.0,1.0,0.176654034956919,128,31.015698177468888,0.3721216022663436,1.0208361949733311,0.40651827678084373,0.08156634401530027,0.08937884401530027,0.048124882888529445,2.040818847770901,3.0
310.678956,418,1691.200181,0.0,1.0,310.6789563321446,310.6789563321446,0.0,0.0,0.0,1.0,0.6847200109393006,418,38.54234856556353,0.311116978482845,1.992978553709105,0.39762289822101593,0.20531426248938273,0.1769355360115544,0.08010899159143856,0.9527579142171486,3.0
92.890017,219,1693.771336,0.0,1.0,92.89001653211811,92.89001653211811,0.0,0.0,0.0,1.0,0.27049182555771023,219,31.20258972964979,0.42108837463498633,1.391019643377407,0.3770938696909577,0.11893695837830844,0.11651545028163962,0.011605662439670535,3.373668535883686,3.0
119.648618,153,1695.921936,0.0,1.0,119.64861775432445,119.64861775432445,1.0,1.0,0.0,0.0,0.2546298884559399,153,36.58868207378371,0.181989587703597,0.5035831210031124,0.3896019672305366,0.1452749067661809,0.14153751828312094,0.1512422239589254,0.24488639739225035,3.0
33.844688,92,1697.451125,0.0,1.0,33.84468845017547,33.84468845017547,1.0,1.0,0.0,0.0,0.13700295259106207,92,23.01500178368805,0.23804909998986448,0.7669195712171465,0.39888517307522503,0.07847299264824908,0.08495463366093843,0.010722178015202833,0.08135773560803655,3.0
45.861558,202,1700.761045,0.0,1.0,45.86155849711785,45.86155849711785,1.0,1.0,0.0,0.0,0.29117716361613044,202,32.99190017183688,0.6218253631525638,2.0,0.4093435286811673,0.16275955220260244,0.16703412290846947,0.10166207284106964,1.2964569350511468,3.0
70.359913,162,1702.575893,0.0,1.0,70.35991310134418,70.35991310134418,0.0,0.0,0.0,1.0,0.3106378814310256,162,35.0436780513518,0.40413741788434737,2.0,0.38476110339440683,0.043218140248899105,0.04893469295383972,0.0,nan,3.0
147.396556,170,1705.69954,0.0,1.0,147.39655586334416,147.39655586334416,1.0,1.0,0.0,0.0,0.47800631565075147,170,43.60307992388651,0.26010420209971163,0.7696003464308123,0.4026918484226746,0.04830865439246682,0.051440870761871337,0.12586919457183215,0.5227387016542057,3.0
258.989405,432,1712.184364,0.0,1.0,258.98940507408815,258.98940507408815,1.0,1.0,0.0,0.0,0.8653306730911847,432,35.40231441535172,0.38391554643620474,0.9956943239166283,0.3814467692109584,0.20828160546995975,0.18535026452607578,0.027177016661706396,2.2744887642464677,3.0
92.403592,155,1714.094579,0.0,1.0,92.40359190850802,92.40359190850802,0.0,0.0,0.0,1.0,0.3098961486955397,155,36.305181356937105,0.31854883671174156,1.5227448677010573,0.3769010338812105,0.09438042102321502,0.08969963827440816,0.0,9.348076877998722,3.0
127.302286,172,1715.98176,0.0,1.0,127.3022858616113,127.3022858616113,0.0,0.0,0.0,1.0,0.5036919875170515,172,42.07751592249028,0.31808477672604785,1.5566104755130148,0.3551384574885285,0.03464590394219687,0.035354810398678445,0.0,nan,3.0
151.762302,200,1718.41966,0.0,1.0,151.7623023283927,151.7623023283927,1.0,1.0,0.0,0.0,0.42231825253445515,200,41.817542964689345,0.2676124218462657,0.9494220053311073,0.4197674398776144,0.1103065013885498,0.10039969325065613,0.17208455355797037,0.05145199906484505,3.0
75.542028,157,1721.298117,0.0,1.0,75.54202767123867,75.54202767123867,1.0,1.0,0.0,0.0,0.29819037490993694,157,32.91779937581708,0.3990983429062262,1.1626256991316954,0.4255878096268435,0.15657070829610156,0.16719929465822353,0.0833054785919544,0.08890788005330198,3.0
328.821561,380,1726.505301,1.0,0.0,328.8215614412194,328.8215614412194,0.0,0.0,0.0,0.0,0.9928329292959226,380,43.09329457057697,0.32327396026738076,0.9887212928971991,0.3699381116091421,0.1020002101597033,0.08999026292248775,0.0003427839133122063,5.7014283034098305,3.0
54.026277,174,1729.281163,0.0,1.0,54.02627724937622,54.02627724937622,0.0,0.0,0.0,1.0,0.295782408006496,174,31.91495365645248,0.6340609584526492,2.0,0.2972762500760199,0.11404318508060499,0.11610024687887609,0.011977944712261341,3.3989527833513207,3.0
235.917963,337,1732.972081,0.0,1.0,235.9179625700183,235.9179625700183,1.0,1.0,0.0,0.0,0.679517952354405,337,40.766840137791235,0.3834020571932817,1.1687630210796616,0.40874165017986863,0.13729120609668313,0.12413973712779648,0.09644459220146342,0.6434208415717819,3.0
124.145416,164,1735.724662,0.0,1.0,124.14541626033665,124.14541626033665,1.0,1.0,0.0,0.0,0.29037164147482414,164,39.10554288897282,0.2471981146151832,0.8945280406499606,0.39538172859607673,0.1066494213371742,0.11671253929777843,0.09009494361696053,0.498998123485469,3.0
67.691118,154,1738.205884,0.0,1.0,67.69111777815469,67.69111777815469,0.0,0.0,0.0,1.0,0.298714552726884,154,35.25086364926492,0.4798386057358229,2.0,0.341889995138173,0.15145453423648686,0.14439130835718922,0.1734305773856019,0.06737594664133233,3.0
124.141299,255,1742.221105,0.0,1.0,124.141298644691,124.141298644691,1.0,1.0,0.0,0.0,0.47912772232747836,255,37.58446138438488,0.4787142762131877,1.2814643091157034,0.3999757107274205,0.1308464433632645,0.13057332506366803,0.05836799494492076,0.8348007959543542,3.0
22.767842,85,1743.657073,0.0,1.0,22.767842135305195,22.767842135305195,0.0,0.0,0.0,1.0,0.11672351434916359,85,23.160748946056664,0.30816090981187816,1.0318094327481409,0.3932040700141121,0.085516778160544,0.09728148404289694,0.0,nan,3.0
126.584776,162,1745.842364,0.0,1.0,126.58477588192326,126.58477588192326,1.0,1.0,0.0,0.0,0.34930655701983676,162,38.61528666074795,0.21613839306238672,0.6796107695608179,0.40022125005446096,0.0692440484776909,0.05482433092446975,0.12025968211500587,0.5396698828750038,3.0
162.531627,216,1749.3473,0.0,1.0,162.53162670868028,162.53162670868028,1.0,1.0,0.0,0.0,0.43432516813035205,216,43.139171500281854,0.30199838268545764,0.9996843854946332,0.4121124085073394,0.1486572297634902,0.14686526965211938,0.13860832511729293,0.7172951071533525,3.0
75.165638,137,1750.752195,0.0,1.0,75.16563784863355,75.16563784863355,0.0,0.0,0.0,1.0,0.17672499900482722,137,32.2342054155299,0.30501457329109094,1.8444201182174533,0.37285615074155976,0.07137022488308649,0.07808906144469324,0.0,nan,3.0
90.006183,173,1753.655085,0.0,1.0,90.00618316863672,90.00618316863672,0.0,0.0,0.0,1.0,0.2863905152155746,173,36.70033951918042,0.4565680097728712,1.77491225889973,0.39285473090548045,0.09778083611085925,0.08553365889312214,0.043658822352481634,1.6288028165354023,3.0
124.894394,179,1756.547092,0.0,1.0,124.89439448412972,124.89439448412972,1.0,1.0,0.0,0.0,0.27596871191240696,179,43.62649041087588,0.43451648372325125,2.0,0.35505059977483483,0.08033595354863385,0.08863596426708072,0.1444348017067522,0.5346822135123064,3.0
184.668234,284,1760.927364,0.0,1.0,184.66823358203655,184.66823358203655,1.0,1.0,0.0,0.0,0.5460665108628387,284,40.203241754603724,0.4132488067346292,1.0937977634698768,0.3887548176702899,0.12264503895396918,0.11057957251306991,0.09969967838502163,0.18098404856152708,3.0
106.672642,189,1763.939325,0.0,1.0,106.6726424432348,106.6726424432348,0.0,0.0,0.0,1.0,0.3889566174091065,189,41.241084183861595,0.4144342803240086,2.0,0.3396882576049951,0.08889069443657285,0.08724230685562052,0.0,nan,3.0
29.435249,80,1766.231654,0.0,1.0,29.43524947956466,29.43524947956466,1.0,1.0,0.0,0.0,0.09568685577593533,80,23.341146972162303,0.2352393864115203,0.47003137464820044,0.4180105412378907,0.0909849725663662,0.09603713899850845,0.09954491645133814,0.30407500749686583,3.0
295.262681,451,1772.315475,1.0,0.0,295.2626814139049,295.2626814139049,0.0,0.0,0.0,0.0,0.9873108248773693,451,34.44323914383722,0.4145535728485032,2.0,0.35860073289724514,0.21652061929988226,0.1877190716515095,0.05786204817239455,0.7548145603446492,3.0
253.196654,443,1779.150888,0.0,1.0,253.19665395051294,253.19665395051294,1.0,1.0,0.0,0.0,0.6535144869105045,443,37.26867746747133,0.40001009413464794,1.0818517947924167,0.3927362294527061,0.2374848581463704,0.211683417146954,0.09431124173267418,0.5834139708023869,3.0
109.270773,162,1782.053935,0.0,1.0,109.27077293931606,109.27077293931606,1.0,1.0,0.0,0.0,0.3262860123371142,162,41.26274128276131,0.35013156292783193,0.9893090808533035,0.36394921593644003,0.11193874478340149,0.09376893882398252,0.09836257553856988,0.448636644721035,3.0
126.340482,255,1785.67187,0.0,1.0,126.34048170956348,126.34048170956348,0.0,0.0,0.0,1.0,0.5770842516620054,255,31.829996928041478,0.4506509954330319,2.0,0.333252052159286,0.14067641613530177,0.12164396772197648,0.0,nan,3.0
55.008916,155,1790.143937,0.0,1.0,55.00891649987261,55.00891649987261,0.0,0.0,0.0,1.0,0.2273102158751713,155,27.51557727306769,0.4133225777734497,2.0,0.3688132271170616,0.17515760160261584,0.17069466652408724,0.0,8.124612494854508,3.0
85.087381,156,1792.382108,0.0,1.0,85.08738096458738,85.08738096458738,1.0,1.0,0.0,0.0,0.2636367011932991,156,35.74894595368095,0.38623862846497975,1.428483016251113,0.4233428369491146,0.17206227865356666,0.13035380305388036,0.1162904622086311,0.9252520261130646,3.0
82.55196,142,1793.827623,0.0,1.0,82.55195989252061,82.55195989252061,1.0,1.0,0.0,0.0,0.3338550025734018,142,39.145557724348514,0.44358001334894875,1.8105489330586377,0.37158327764818366,0.08813218961299306,0.09914582254181445,0.18541231160310317,0.04252653189664658,3.0
96.041052,210,1796.828977,0.0,1.0,96.04105205159647,96.04105205159647,0.0,0.0,0.0,1.0,0.2827325958890268,210,32.4335136308194,0.5063812898971002,2.0,0.37210004338551134,0.14483646211170015,0.1360611086799985,0.0004952009669779016,5.6703186128690355,3.0
