/home/aaa/data/qj/stable-baselines3-master/stable_baselines3/common/on_policy_algorithm.py:150: UserWarning: You are trying to run PPO on the GPU, but it is primarily intended to run on the CPU when not using a CNN policy (you are using ActorCriticPolicy which should be a MlpPolicy). See https://github.com/DLR-RM/stable-baselines3/issues/1245 for more info. You can pass `device='cpu'` or `export CUDA_VISIBLE_DEVICES=` to force using the CPU.Note: The model will train, but the GPU utilization will be poor and the training might take longer than on CPU.
  warnings.warn(
Using cuda device
Logging to outputs/defensive_ttc12_v18_nenv10_final/runs/defensive_proposed_ppo_s28/tensorboard/proposed_ppo_s28_1
------------------------------------
| paper/                |          |
|    accel_variation    | 0.821    |
|    base_reward        | 6.77     |
|    collision          | 0        |
|    crash_object       | 0        |
|    crash_vehicle      | 0        |
|    episode_cost       | 0        |
|    episode_length     | 600      |
|    jerk               | 0.637    |
|    lane_deviation     | 0.041    |
|    max_lane_deviation | 0.196    |
|    mean_speed_kmh     | 0.703    |
|    min_ttc            | nan      |
|    out_of_road        | 0        |
|    route_completion   | 0.106    |
|    shaped_reward      | -91.5    |
|    steering_variation | 0.832    |
|    success            | 0        |
|    ttc_risk           | 0        |
| rollout/              |          |
|    ep_len_mean        | 600      |
|    ep_rew_mean        | -102     |
|    success_rate       | 0        |
| time/                 |          |
|    fps                | 3617     |
|    iterations         | 1        |
|    time_elapsed       | 2        |
|    total_timesteps    | 10240    |
------------------------------------
---------------------------------------------
| curriculum/                |              |
|    stage                   | 0            |
|    window_cost             | 0            |
|    window_route_completion | 0.107        |
|    window_success          | 0            |
| paper/                     |              |
|    accel_variation         | 0.76         |
|    base_reward             | 9.42         |
|    collision               | 0            |
|    crash_object            | 0            |
|    crash_vehicle           | 0            |
|    episode_cost            | 0            |
|    episode_length          | 600          |
|    jerk                    | 0.589        |
|    lane_deviation          | 0.0468       |
|    max_lane_deviation      | 0.143        |
|    mean_speed_kmh          | 0.835        |
|    min_ttc                 | nan          |
|    out_of_road             | 0            |
|    route_completion        | 0.112        |
|    shaped_reward           | -88.1        |
|    steering_variation      | 0.788        |
|    success                 | 0            |
|    ttc_risk                | 0            |
| rollout/                   |              |
|    ep_len_mean             | 600          |
|    ep_rew_mean             | -101         |
|    success_rate            | 0            |
| time/                      |              |
|    fps                     | 3197         |
|    iterations              | 2            |
|    time_elapsed            | 6            |
|    total_timesteps         | 20480        |
| train/                     |              |
|    approx_kl               | 0.0074373186 |
|    clip_fraction           | 0.105        |
|    clip_range              | 0.2          |
|    entropy_loss            | -2.82        |
|    explained_variance      | -0.00533     |
|    learning_rate           | 0.0003       |
|    loss                    | 0.182        |
|    n_updates               | 10           |
|    policy_gradient_loss    | -0.0059      |
|    std                     | 0.984        |
|    value_loss              | 0.412        |
---------------------------------------------
---------------------------------------------
| curriculum/                |              |
|    stage                   | 0            |
|    window_cost             | 0            |
|    window_route_completion | 0.134        |
|    window_success          | 0            |
| paper/                     |              |
|    accel_variation         | 0.824        |
|    base_reward             | 8.01         |
|    collision               | 0            |
|    crash_object            | 0            |
|    crash_vehicle           | 0            |
|    episode_cost            | 0            |
|    episode_length          | 600          |
|    jerk                    | 0.596        |
|    lane_deviation          | 0.334        |
|    max_lane_deviation      | 0.62         |
|    mean_speed_kmh          | 0.905        |
|    min_ttc                 | nan          |
|    out_of_road             | 0            |
|    route_completion        | 0.129        |
|    shaped_reward           | -125         |
|    steering_variation      | 0.804        |
|    success                 | 0            |
|    ttc_risk                | 0            |
| rollout/                   |              |
|    ep_len_mean             | 600          |
|    ep_rew_mean             | -107         |
|    success_rate            | 0            |
| time/                      |              |
|    fps                     | 3133         |
|    iterations              | 3            |
|    time_elapsed            | 9            |
|    total_timesteps         | 30720        |
| train/                     |              |
|    approx_kl               | 0.0107007995 |
|    clip_fraction           | 0.14         |
|    clip_range              | 0.2          |
|    entropy_loss            | -2.79        |
|    explained_variance      | 0.127        |
|    learning_rate           | 0.0003       |
|    loss                    | 0.222        |
|    n_updates               | 20           |
|    policy_gradient_loss    | -0.00998     |
|    std                     | 0.972        |
|    value_loss              | 0.608        |
---------------------------------------------
---------------------------------------------
| curriculum/                |              |
|    stage                   | 0            |
|    window_cost             | 0.0333       |
|    window_route_completion | 0.15         |
|    window_success          | 0            |
| paper/                     |              |
|    accel_variation         | 0.765        |
|    base_reward             | 6.59         |
|    collision               | 0            |
|    crash_object            | 0            |
|    crash_vehicle           | 0            |
|    episode_cost            | 0            |
|    episode_length          | 600          |
|    jerk                    | 0.612        |
|    lane_deviation          | 0.48         |
|    max_lane_deviation      | 1            |
|    mean_speed_kmh          | 1.04         |
|    min_ttc                 | nan          |
|    out_of_road             | 0            |
|    route_completion        | 0.143        |
|    shaped_reward           | -191         |
|    steering_variation      | 0.777        |
|    success                 | 0            |
|    ttc_risk                | 0            |
| rollout/                   |              |
|    ep_len_mean             | 595          |
|    ep_rew_mean             | -109         |
|    success_rate            | 0            |
| time/                      |              |
|    fps                     | 3084         |
|    iterations              | 4            |
|    time_elapsed            | 13           |
|    total_timesteps         | 40960        |
| train/                     |              |
|    approx_kl               | 0.0044636615 |
|    clip_fraction           | 0.0527       |
|    clip_range              | 0.2          |
|    entropy_loss            | -2.77        |
|    explained_variance      | 0.0558       |
|    learning_rate           | 0.0003       |
|    loss                    | 1.21         |
|    n_updates               | 30           |
|    policy_gradient_loss    | -0.0015      |
|    std                     | 0.966        |
|    value_loss              | 2.5          |
---------------------------------------------
--------------------------------------------
| curriculum/                |             |
|    stage                   | 0           |
|    window_cost             | 0.133       |
|    window_route_completion | 0.18        |
|    window_success          | 0           |
| paper/                     |             |
|    accel_variation         | 0.71        |
|    base_reward             | 9.2         |
|    collision               | 0           |
|    crash_object            | 0           |
|    crash_vehicle           | 0           |
|    episode_cost            | 0           |
|    episode_length          | 600         |
|    jerk                    | 0.567       |
|    lane_deviation          | 0.441       |
|    max_lane_deviation      | 0.998       |
|    mean_speed_kmh          | 1.37        |
|    min_ttc                 | nan         |
|    out_of_road             | 0           |
|    route_completion        | 0.226       |
|    shaped_reward           | -151        |
|    steering_variation      | 0.791       |
|    success                 | 0           |
|    ttc_risk                | 0           |
| rollout/                   |             |
|    ep_len_mean             | 584         |
|    ep_rew_mean             | -119        |
|    success_rate            | 0           |
| time/                      |             |
|    fps                     | 3039        |
|    iterations              | 5           |
|    time_elapsed            | 16          |
|    total_timesteps         | 51200       |
| train/                     |             |
|    approx_kl               | 0.004817332 |
|    clip_fraction           | 0.0467      |
|    clip_range              | 0.2         |
|    entropy_loss            | -2.77       |
|    explained_variance      | 0.0417      |
|    learning_rate           | 0.0003      |
|    loss                    | 1.76        |
|    n_updates               | 40          |
|    policy_gradient_loss    | -0.0013     |
|    std                     | 0.965       |
|    value_loss              | 25.2        |
--------------------------------------------
---------------------------------------------
| curriculum/                |              |
|    stage                   | 0            |
|    window_cost             | 0.267        |
|    window_route_completion | 0.213        |
|    window_success          | 0            |
| paper/                     |              |
|    accel_variation         | 0.685        |
|    base_reward             | -5.02        |
|    collision               | 0            |
|    crash_object            | 0            |
|    crash_vehicle           | 0            |
|    episode_cost            | 1            |
|    episode_length          | 384          |
|    jerk                    | 0.562        |
|    lane_deviation          | 0.503        |
|    max_lane_deviation      | 1.03         |
|    mean_speed_kmh          | 1.57         |
|    min_ttc                 | nan          |
|    out_of_road             | 1            |
|    route_completion        | 0.144        |
|    shaped_reward           | -273         |
|    steering_variation      | 0.824        |
|    success                 | 0            |
|    ttc_risk                | 0            |
| rollout/                   |              |
|    ep_len_mean             | 573          |
|    ep_rew_mean             | -128         |
|    success_rate            | 0            |
| time/                      |              |
|    fps                     | 2982         |
|    iterations              | 6            |
|    time_elapsed            | 20           |
|    total_timesteps         | 61440        |
| train/                     |              |
|    approx_kl               | 0.0027358832 |
|    clip_fraction           | 0.0319       |
|    clip_range              | 0.2          |
|    entropy_loss            | -2.77        |
|    explained_variance      | 0.0836       |
|    learning_rate           | 0.0003       |
|    loss                    | 33.1         |
|    n_updates               | 50           |
|    policy_gradient_loss    | -0.000239    |
|    std                     | 0.964        |
|    value_loss              | 76.6         |
---------------------------------------------
---------------------------------------------
| curriculum/                |              |
|    stage                   | 0            |
|    window_cost             | 0.367        |
|    window_route_completion | 0.21         |
|    window_success          | 0            |
| paper/                     |              |
|    accel_variation         | 0.722        |
|    base_reward             | 13.3         |
|    collision               | 0            |
|    crash_object            | 0            |
|    crash_vehicle           | 0            |
|    episode_cost            | 0            |
|    episode_length          | 600          |
|    jerk                    | 0.541        |
|    lane_deviation          | 0.428        |
|    max_lane_deviation      | 0.997        |
|    mean_speed_kmh          | 1.6          |
|    min_ttc                 | nan          |
|    out_of_road             | 0            |
|    route_completion        | 0.244        |
|    shaped_reward           | -145         |
|    steering_variation      | 0.816        |
|    success                 | 0            |
|    ttc_risk                | 0            |
| rollout/                   |              |
|    ep_len_mean             | 555          |
|    ep_rew_mean             | -138         |
|    success_rate            | 0            |
| time/                      |              |
|    fps                     | 2923         |
|    iterations              | 7            |
|    time_elapsed            | 24           |
|    total_timesteps         | 71680        |
| train/                     |              |
|    approx_kl               | 0.0034579937 |
|    clip_fraction           | 0.0237       |
|    clip_range              | 0.2          |
|    entropy_loss            | -2.77        |
|    explained_variance      | 0.373        |
|    learning_rate           | 0.0003       |
|    loss                    | 19.9         |
|    n_updates               | 60           |
|    policy_gradient_loss    | -0.000845    |
|    std                     | 0.964        |
|    value_loss              | 85.5         |
---------------------------------------------
---------------------------------------------
| curriculum/                |              |
|    stage                   | 0            |
|    window_cost             | 0.167        |
|    window_route_completion | 0.247        |
|    window_success          | 0            |
| paper/                     |              |
|    accel_variation         | 0.696        |
|    base_reward             | 17.5         |
|    collision               | 0            |
|    crash_object            | 0            |
|    crash_vehicle           | 0            |
|    episode_cost            | 0            |
|    episode_length          | 600          |
|    jerk                    | 0.559        |
|    lane_deviation          | 0.331        |
|    max_lane_deviation      | 1            |
|    mean_speed_kmh          | 1.81         |
|    min_ttc                 | nan          |
|    out_of_road             | 0            |
|    route_completion        | 0.276        |
|    shaped_reward           | -114         |
|    steering_variation      | 0.815        |
|    success                 | 0            |
|    ttc_risk                | 0            |
| rollout/                   |              |
|    ep_len_mean             | 550          |
|    ep_rew_mean             | -151         |
|    success_rate            | 0            |
| time/                      |              |
|    fps                     | 2897         |
|    iterations              | 8            |
|    time_elapsed            | 28           |
|    total_timesteps         | 81920        |
| train/                     |              |
|    approx_kl               | 0.0058840895 |
|    clip_fraction           | 0.0585       |
|    clip_range              | 0.2          |
|    entropy_loss            | -2.76        |
|    explained_variance      | 0.471        |
|    learning_rate           | 0.0003       |
|    loss                    | 78.9         |
|    n_updates               | 70           |
|    policy_gradient_loss    | -0.00214     |
|    std                     | 0.964        |
|    value_loss              | 76.6         |
---------------------------------------------
---------------------------------------------
| curriculum/                |              |
|    stage                   | 0            |
|    window_cost             | 0.133        |
|    window_route_completion | 0.269        |
|    window_success          | 0            |
| paper/                     |              |
|    accel_variation         | 0.626        |
|    base_reward             | 4.48         |
|    collision               | 0            |
|    crash_object            | 0            |
|    crash_vehicle           | 0            |
|    episode_cost            | 1            |
|    episode_length          | 587          |
|    jerk                    | 0.515        |
|    lane_deviation          | 0.92         |
|    max_lane_deviation      | 2            |
|    mean_speed_kmh          | 2.35         |
|    min_ttc                 | nan          |
|    out_of_road             | 1            |
|    route_completion        | 0.292        |
|    shaped_reward           | -622         |
|    steering_variation      | 0.765        |
|    success                 | 0            |
|    ttc_risk                | 0            |
| rollout/                   |              |
|    ep_len_mean             | 546          |
|    ep_rew_mean             | -176         |
|    success_rate            | 0            |
| time/                      |              |
|    fps                     | 2863         |
|    iterations              | 9            |
|    time_elapsed            | 32           |
|    total_timesteps         | 92160        |
| train/                     |              |
|    approx_kl               | 0.0018694425 |
|    clip_fraction           | 0.0128       |
|    clip_range              | 0.2          |
|    entropy_loss            | -2.76        |
|    explained_variance      | 0.317        |
|    learning_rate           | 0.0003       |
|    loss                    | 24           |
|    n_updates               | 80           |
|    policy_gradient_loss    | -0.000146    |
|    std                     | 0.963        |
|    value_loss              | 65.4         |
---------------------------------------------
---------------------------------------------
| curriculum/                |              |
|    stage                   | 0            |
|    window_cost             | 0.367        |
|    window_route_completion | 0.264        |
|    window_success          | 0            |
| paper/                     |              |
|    accel_variation         | 0.699        |
|    base_reward             | 20.5         |
|    collision               | 0            |
|    crash_object            | 0            |
|    crash_vehicle           | 0            |
|    episode_cost            | 0            |
|    episode_length          | 600          |
|    jerk                    | 0.553        |
|    lane_deviation          | 0.257        |
|    max_lane_deviation      | 0.486        |
|    mean_speed_kmh          | 1.75         |
|    min_ttc                 | nan          |
|    out_of_road             | 0            |
|    route_completion        | 0.297        |
|    shaped_reward           | -74.9        |
|    steering_variation      | 0.816        |
|    success                 | 0            |
|    ttc_risk                | 0            |
| rollout/                   |              |
|    ep_len_mean             | 536          |
|    ep_rew_mean             | -189         |
|    success_rate            | 0            |
| time/                      |              |
|    fps                     | 2838         |
|    iterations              | 10           |
|    time_elapsed            | 36           |
|    total_timesteps         | 102400       |
| train/                     |              |
|    approx_kl               | 0.0037351348 |
|    clip_fraction           | 0.0172       |
|    clip_range              | 0.2          |
|    entropy_loss            | -2.76        |
|    explained_variance      | 0.458        |
|    learning_rate           | 0.0003       |
|    loss                    | 42.5         |
|    n_updates               | 90           |
|    policy_gradient_loss    | -0.00142     |
|    std                     | 0.962        |
|    value_loss              | 113          |
---------------------------------------------
--------------------------------------------
| curriculum/                |             |
|    stage                   | 0           |
|    window_cost             | 0.267       |
|    window_route_completion | 0.255       |
|    window_success          | 0           |
| paper/                     |             |
|    accel_variation         | 0.719       |
|    base_reward             | 16.2        |
|    collision               | 0           |
|    crash_object            | 0           |
|    crash_vehicle           | 0           |
|    episode_cost            | 0           |
|    episode_length          | 600         |
|    jerk                    | 0.542       |
|    lane_deviation          | 0.352       |
|    max_lane_deviation      | 0.799       |
|    mean_speed_kmh          | 1.85        |
|    min_ttc                 | nan         |
|    out_of_road             | 0           |
|    route_completion        | 0.262       |
|    shaped_reward           | -103        |
|    steering_variation      | 0.776       |
|    success                 | 0           |
|    ttc_risk                | 0           |
| rollout/                   |             |
|    ep_len_mean             | 534         |
|    ep_rew_mean             | -196        |
|    success_rate            | 0           |
| time/                      |             |
|    fps                     | 2825        |
|    iterations              | 11          |
|    time_elapsed            | 39          |
|    total_timesteps         | 112640      |
| train/                     |             |
|    approx_kl               | 0.005000507 |
|    clip_fraction           | 0.0212      |
|    clip_range              | 0.2         |
|    entropy_loss            | -2.76       |
|    explained_variance      | 0.754       |
|    learning_rate           | 0.0003      |
|    loss                    | 51.1        |
|    n_updates               | 100         |
|    policy_gradient_loss    | -0.000516   |
|    std                     | 0.962       |
|    value_loss              | 80.2        |
--------------------------------------------
--------------------------------------------
| curriculum/                |             |
|    stage                   | 0           |
|    window_cost             | 0.1         |
|    window_route_completion | 0.271       |
|    window_success          | 0           |
| paper/                     |             |
|    accel_variation         | 0.721       |
|    base_reward             | 20.5        |
|    collision               | 0           |
|    crash_object            | 0           |
|    crash_vehicle           | 0           |
|    episode_cost            | 0           |
|    episode_length          | 600         |
|    jerk                    | 0.577       |
|    lane_deviation          | 0.178       |
|    max_lane_deviation      | 0.329       |
|    mean_speed_kmh          | 1.57        |
|    min_ttc                 | nan         |
|    out_of_road             | 0           |
|    route_completion        | 0.228       |
|    shaped_reward           | -66.1       |
|    steering_variation      | 0.803       |
|    success                 | 0           |
|    ttc_risk                | 0           |
| rollout/                   |             |
|    ep_len_mean             | 546         |
|    ep_rew_mean             | -197        |
|    success_rate            | 0           |
| time/                      |             |
|    fps                     | 2812        |
|    iterations              | 12          |
|    time_elapsed            | 43          |
|    total_timesteps         | 122880      |
| train/                     |             |
|    approx_kl               | 0.005943112 |
|    clip_fraction           | 0.049       |
|    clip_range              | 0.2         |
|    entropy_loss            | -2.76       |
|    explained_variance      | 0.733       |
|    learning_rate           | 0.0003      |
|    loss                    | 11.6        |
|    n_updates               | 110         |
|    policy_gradient_loss    | -0.00314    |
|    std                     | 0.96        |
|    value_loss              | 51.5        |
--------------------------------------------
---------------------------------------------
| curriculum/                |              |
|    stage                   | 0            |
|    window_cost             | 0.133        |
|    window_route_completion | 0.28         |
|    window_success          | 0            |
| paper/                     |              |
|    accel_variation         | 0.634        |
|    base_reward             | 26.2         |
|    collision               | 0            |
|    crash_object            | 0            |
|    crash_vehicle           | 0            |
|    episode_cost            | 0            |
|    episode_length          | 600          |
|    jerk                    | 0.506        |
|    lane_deviation          | 0.325        |
|    max_lane_deviation      | 0.661        |
|    mean_speed_kmh          | 2.4          |
|    min_ttc                 | nan          |
|    out_of_road             | 0            |
|    route_completion        | 0.342        |
|    shaped_reward           | -71.5        |
|    steering_variation      | 0.784        |
|    success                 | 0            |
|    ttc_risk                | 0            |
| rollout/                   |              |
|    ep_len_mean             | 554          |
|    ep_rew_mean             | -197         |
|    success_rate            | 0            |
| time/                      |              |
|    fps                     | 2796         |
|    iterations              | 13           |
|    time_elapsed            | 47           |
|    total_timesteps         | 133120       |
| train/                     |              |
|    approx_kl               | 0.0028863915 |
|    clip_fraction           | 0.0353       |
|    clip_range              | 0.2          |
|    entropy_loss            | -2.75        |
|    explained_variance      | 0.797        |
|    learning_rate           | 0.0003       |
|    loss                    | 9.22         |
|    n_updates               | 120          |
|    policy_gradient_loss    | -7.38e-05    |
|    std                     | 0.957        |
|    value_loss              | 25.5         |
---------------------------------------------
--------------------------------------------
| curriculum/                |             |
|    stage                   | 0           |
|    window_cost             | 0.167       |
|    window_route_completion | 0.327       |
|    window_success          | 0           |
| paper/                     |             |
|    accel_variation         | 0.595       |
|    base_reward             | 20.4        |
|    collision               | 0           |
|    crash_object            | 0           |
|    crash_vehicle           | 0           |
|    episode_cost            | 0           |
|    episode_length          | 600         |
|    jerk                    | 0.448       |
|    lane_deviation          | 0.534       |
|    max_lane_deviation      | 0.999       |
|    mean_speed_kmh          | 2.9         |
|    min_ttc                 | nan         |
|    out_of_road             | 0           |
|    route_completion        | 0.395       |
|    shaped_reward           | -135        |
|    steering_variation      | 0.767       |
|    success                 | 0           |
|    ttc_risk                | 0           |
| rollout/                   |             |
|    ep_len_mean             | 552         |
|    ep_rew_mean             | -195        |
|    success_rate            | 0           |
| time/                      |             |
|    fps                     | 2790        |
|    iterations              | 14          |
|    time_elapsed            | 51          |
|    total_timesteps         | 143360      |
| train/                     |             |
|    approx_kl               | 0.005837503 |
|    clip_fraction           | 0.0591      |
|    clip_range              | 0.2         |
|    entropy_loss            | -2.75       |
|    explained_variance      | 0.86        |
|    learning_rate           | 0.0003      |
|    loss                    | 7.2         |
|    n_updates               | 130         |
|    policy_gradient_loss    | -0.00334    |
|    std                     | 0.954       |
|    value_loss              | 22.6        |
--------------------------------------------
---------------------------------------------
| curriculum/                |              |
|    stage                   | 0            |
|    window_cost             | 0.167        |
|    window_route_completion | 0.364        |
|    window_success          | 0            |
| paper/                     |              |
|    accel_variation         | 0.625        |
|    base_reward             | 0.857        |
|    collision               | 0            |
|    crash_object            | 0            |
|    crash_vehicle           | 0            |
|    episode_cost            | 1            |
|    episode_length          | 480          |
|    jerk                    | 0.504        |
|    lane_deviation          | 1.02         |
|    max_lane_deviation      | 2            |
|    mean_speed_kmh          | 2.77         |
|    min_ttc                 | nan          |
|    out_of_road             | 1            |
|    route_completion        | 0.307        |
|    shaped_reward           | -562         |
|    steering_variation      | 0.803        |
|    success                 | 0            |
|    ttc_risk                | 0            |
| rollout/                   |              |
|    ep_len_mean             | 554          |
|    ep_rew_mean             | -222         |
|    success_rate            | 0            |
| time/                      |              |
|    fps                     | 2787         |
|    iterations              | 15           |
|    time_elapsed            | 55           |
|    total_timesteps         | 153600       |
| train/                     |              |
|    approx_kl               | 0.0038507439 |
|    clip_fraction           | 0.0387       |
|    clip_range              | 0.2          |
|    entropy_loss            | -2.74        |
|    explained_variance      | 0.735        |
|    learning_rate           | 0.0003       |
|    loss                    | 21           |
|    n_updates               | 140          |
|    policy_gradient_loss    | -5.69e-05    |
|    std                     | 0.951        |
|    value_loss              | 73.4         |
---------------------------------------------
--------------------------------------------
| curriculum/                |             |
|    stage                   | 0           |
|    window_cost             | 0.133       |
|    window_route_completion | 0.402       |
|    window_success          | 0           |
| paper/                     |             |
|    accel_variation         | 0.657       |
|    base_reward             | 15.7        |
|    collision               | 0           |
|    crash_object            | 0           |
|    crash_vehicle           | 0           |
|    episode_cost            | 0           |
|    episode_length          | 600         |
|    jerk                    | 0.528       |
|    lane_deviation          | 0.67        |
|    max_lane_deviation      | 1.92        |
|    mean_speed_kmh          | 2.24        |
|    min_ttc                 | nan         |
|    out_of_road             | 0           |
|    route_completion        | 0.373       |
|    shaped_reward           | -308        |
|    steering_variation      | 0.796       |
|    success                 | 0           |
|    ttc_risk                | 0           |
| rollout/                   |             |
|    ep_len_mean             | 577         |
|    ep_rew_mean             | -232        |
|    success_rate            | 0           |
| time/                      |             |
|    fps                     | 2779        |
|    iterations              | 16          |
|    time_elapsed            | 58          |
|    total_timesteps         | 163840      |
| train/                     |             |
|    approx_kl               | 0.007378562 |
|    clip_fraction           | 0.0624      |
|    clip_range              | 0.2         |
|    entropy_loss            | -2.73       |
|    explained_variance      | 0.755       |
|    learning_rate           | 0.0003      |
|    loss                    | 33.4        |
|    n_updates               | 150         |
|    policy_gradient_loss    | 0.000106    |
|    std                     | 0.949       |
|    value_loss              | 66.6        |
--------------------------------------------
--------------------------------------------
| curriculum/                |             |
|    stage                   | 0           |
|    window_cost             | 0.0667      |
|    window_route_completion | 0.38        |
|    window_success          | 0           |
| paper/                     |             |
|    accel_variation         | 0.632       |
|    base_reward             | 25.2        |
|    collision               | 0           |
|    crash_object            | 0           |
|    crash_vehicle           | 0           |
|    episode_cost            | 0           |
|    episode_length          | 600         |
|    jerk                    | 0.52        |
|    lane_deviation          | 0.303       |
|    max_lane_deviation      | 0.614       |
|    mean_speed_kmh          | 2.23        |
|    min_ttc                 | nan         |
|    out_of_road             | 0           |
|    route_completion        | 0.334       |
|    shaped_reward           | -70.2       |
|    steering_variation      | 0.829       |
|    success                 | 0           |
|    ttc_risk                | 0           |
| rollout/                   |             |
|    ep_len_mean             | 571         |
|    ep_rew_mean             | -241        |
|    success_rate            | 0           |
| time/                      |             |
|    fps                     | 2773        |
|    iterations              | 17          |
|    time_elapsed            | 62          |
|    total_timesteps         | 174080      |
| train/                     |             |
|    approx_kl               | 0.006573312 |
|    clip_fraction           | 0.0724      |
|    clip_range              | 0.2         |
|    entropy_loss            | -2.73       |
|    explained_variance      | 0.904       |
|    learning_rate           | 0.0003      |
|    loss                    | 9.78        |
|    n_updates               | 160         |
|    policy_gradient_loss    | -0.00315    |
|    std                     | 0.946       |
|    value_loss              | 32.6        |
--------------------------------------------
---------------------------------------------
| curriculum/                |              |
|    stage                   | 0            |
|    window_cost             | 0.367        |
|    window_route_completion | 0.343        |
|    window_success          | 0            |
| paper/                     |              |
|    accel_variation         | 0.623        |
|    base_reward             | 7.38         |
|    collision               | 0            |
|    crash_object            | 0            |
|    crash_vehicle           | 0            |
|    episode_cost            | 0            |
|    episode_length          | 600          |
|    jerk                    | 0.553        |
|    lane_deviation          | 0.581        |
|    max_lane_deviation      | 0.991        |
|    mean_speed_kmh          | 1.92         |
|    min_ttc                 | nan          |
|    out_of_road             | 0            |
|    route_completion        | 0.363        |
|    shaped_reward           | -165         |
|    steering_variation      | 0.788        |
|    success                 | 0            |
|    ttc_risk                | 0            |
| rollout/                   |              |
|    ep_len_mean             | 557          |
|    ep_rew_mean             | -248         |
|    success_rate            | 0            |
| time/                      |              |
|    fps                     | 2763         |
|    iterations              | 18           |
|    time_elapsed            | 66           |
|    total_timesteps         | 184320       |
| train/                     |              |
|    approx_kl               | 0.0062096524 |
|    clip_fraction           | 0.0614       |
|    clip_range              | 0.2          |
|    entropy_loss            | -2.73        |
|    explained_variance      | 0.938        |
|    learning_rate           | 0.0003       |
|    loss                    | 9.82         |
|    n_updates               | 170          |
|    policy_gradient_loss    | -0.00383     |
|    std                     | 0.945        |
|    value_loss              | 36.8         |
---------------------------------------------
--------------------------------------------
| curriculum/                |             |
|    stage                   | 0           |
|    window_cost             | 0.533       |
|    window_route_completion | 0.346       |
|    window_success          | 0           |
| paper/                     |             |
|    accel_variation         | 0.628       |
|    base_reward             | 20.9        |
|    collision               | 0           |
|    crash_object            | 0           |
|    crash_vehicle           | 0           |
|    episode_cost            | 0           |
|    episode_length          | 600         |
|    jerk                    | 0.491       |
|    lane_deviation          | 0.51        |
|    max_lane_deviation      | 0.998       |
|    mean_speed_kmh          | 2.39        |
|    min_ttc                 | nan         |
|    out_of_road             | 0           |
|    route_completion        | 0.419       |
|    shaped_reward           | -126        |
|    steering_variation      | 0.82        |
|    success                 | 0           |
|    ttc_risk                | 0           |
| rollout/                   |             |
|    ep_len_mean             | 535         |
|    ep_rew_mean             | -241        |
|    success_rate            | 0           |
| time/                      |             |
|    fps                     | 2754        |
|    iterations              | 19          |
|    time_elapsed            | 70          |
|    total_timesteps         | 194560      |
| train/                     |             |
|    approx_kl               | 0.006013324 |
|    clip_fraction           | 0.0806      |
|    clip_range              | 0.2         |
|    entropy_loss            | -2.72       |
|    explained_variance      | 0.722       |
|    learning_rate           | 0.0003      |
|    loss                    | 16.7        |
|    n_updates               | 180         |
|    policy_gradient_loss    | -0.00376    |
|    std                     | 0.944       |
|    value_loss              | 88.3        |
--------------------------------------------
--------------------------------------------
| curriculum/                |             |
|    stage                   | 0           |
|    window_cost             | 0.267       |
|    window_route_completion | 0.391       |
|    window_success          | 0           |
| paper/                     |             |
|    accel_variation         | 0.599       |
|    base_reward             | 17.6        |
|    collision               | 0           |
|    crash_object            | 0           |
|    crash_vehicle           | 0           |
|    episode_cost            | 0           |
|    episode_length          | 600         |
|    jerk                    | 0.487       |
|    lane_deviation          | 0.945       |
|    max_lane_deviation      | 2           |
|    mean_speed_kmh          | 3.33        |
|    min_ttc                 | nan         |
|    out_of_road             | 0           |
|    route_completion        | 0.497       |
|    shaped_reward           | -460        |
|    steering_variation      | 0.785       |
|    success                 | 0           |
|    ttc_risk                | 0           |
| rollout/                   |             |
|    ep_len_mean             | 540         |
|    ep_rew_mean             | -209        |
|    success_rate            | 0           |
| time/                      |             |
|    fps                     | 2751        |
|    iterations              | 20          |
|    time_elapsed            | 74          |
|    total_timesteps         | 204800      |
| train/                     |             |
|    approx_kl               | 0.007847805 |
|    clip_fraction           | 0.126       |
|    clip_range              | 0.2         |
|    entropy_loss            | -2.72       |
|    explained_variance      | 0.778       |
|    learning_rate           | 0.0003      |
|    loss                    | 32.4        |
|    n_updates               | 190         |
|    policy_gradient_loss    | -0.00443    |
|    std                     | 0.942       |
|    value_loss              | 80.6        |
--------------------------------------------
---------------------------------------------
| curriculum/                |              |
|    stage                   | 0            |
|    window_cost             | 0.0667       |
|    window_route_completion | 0.44         |
|    window_success          | 0            |
| paper/                     |              |
|    accel_variation         | 0.581        |
|    base_reward             | 26.3         |
|    collision               | 0            |
|    crash_object            | 0            |
|    crash_vehicle           | 0            |
|    episode_cost            | 0            |
|    episode_length          | 600          |
|    jerk                    | 0.484        |
|    lane_deviation          | 0.369        |
|    max_lane_deviation      | 0.997        |
|    mean_speed_kmh          | 2.8          |
|    min_ttc                 | nan          |
|    out_of_road             | 0            |
|    route_completion        | 0.387        |
|    shaped_reward           | -90.5        |
|    steering_variation      | 0.818        |
|    success                 | 0            |
|    ttc_risk                | 0            |
| rollout/                   |              |
|    ep_len_mean             | 544          |
|    ep_rew_mean             | -175         |
|    success_rate            | 0            |
| time/                      |              |
|    fps                     | 2749         |
|    iterations              | 21           |
|    time_elapsed            | 78           |
|    total_timesteps         | 215040       |
| train/                     |              |
|    approx_kl               | 0.0040584183 |
|    clip_fraction           | 0.0771       |
|    clip_range              | 0.2          |
|    entropy_loss            | -2.71        |
|    explained_variance      | 0.856        |
|    learning_rate           | 0.0003       |
|    loss                    | 10.8         |
|    n_updates               | 200          |
|    policy_gradient_loss    | -0.000711    |
|    std                     | 0.933        |
|    value_loss              | 28.5         |
---------------------------------------------
--------------------------------------------
| curriculum/                |             |
|    stage                   | 0           |
|    window_cost             | 0.1         |
|    window_route_completion | 0.482       |
|    window_success          | 0           |
| paper/                     |             |
|    accel_variation         | 0.553       |
|    base_reward             | 38.4        |
|    collision               | 0           |
|    crash_object            | 0           |
|    crash_vehicle           | 0           |
|    episode_cost            | 0           |
|    episode_length          | 600         |
|    jerk                    | 0.47        |
|    lane_deviation          | 0.254       |
|    max_lane_deviation      | 0.707       |
|    mean_speed_kmh          | 3.19        |
|    min_ttc                 | nan         |
|    out_of_road             | 0           |
|    route_completion        | 0.499       |
|    shaped_reward           | -35.5       |
|    steering_variation      | 0.767       |
|    success                 | 0           |
|    ttc_risk                | 0           |
| rollout/                   |             |
|    ep_len_mean             | 550         |
|    ep_rew_mean             | -145        |
|    success_rate            | 0           |
| time/                      |             |
|    fps                     | 2747        |
|    iterations              | 22          |
|    time_elapsed            | 82          |
|    total_timesteps         | 225280      |
| train/                     |             |
|    approx_kl               | 0.012147091 |
|    clip_fraction           | 0.14        |
|    clip_range              | 0.2         |
|    entropy_loss            | -2.69       |
|    explained_variance      | 0.876       |
|    learning_rate           | 0.0003      |
|    loss                    | 4.34        |
|    n_updates               | 210         |
|    policy_gradient_loss    | -0.00288    |
|    std                     | 0.923       |
|    value_loss              | 20.7        |
--------------------------------------------
--------------------------------------------
| curriculum/                |             |
|    stage                   | 0           |
|    window_cost             | 0.433       |
|    window_route_completion | 0.504       |
|    window_success          | 0           |
| paper/                     |             |
|    accel_variation         | 0.525       |
|    base_reward             | -2.09       |
|    collision               | 0           |
|    crash_object            | 0           |
|    crash_vehicle           | 0           |
|    episode_cost            | 1           |
|    episode_length          | 156         |
|    jerk                    | 0.388       |
|    lane_deviation          | 0.432       |
|    max_lane_deviation      | 1.05        |
|    mean_speed_kmh          | 4.01        |
|    min_ttc                 | nan         |
|    out_of_road             | 1           |
|    route_completion        | 0.21        |
|    shaped_reward           | -182        |
|    steering_variation      | 0.762       |
|    success                 | 0           |
|    ttc_risk                | 0           |
| rollout/                   |             |
|    ep_len_mean             | 532         |
|    ep_rew_mean             | -134        |
|    success_rate            | 0           |
| time/                      |             |
|    fps                     | 2734        |
|    iterations              | 23          |
|    time_elapsed            | 86          |
|    total_timesteps         | 235520      |
| train/                     |             |
|    approx_kl               | 0.042520825 |
|    clip_fraction           | 0.21        |
|    clip_range              | 0.2         |
|    entropy_loss            | -2.64       |
|    explained_variance      | 0.895       |
|    learning_rate           | 0.0003      |
|    loss                    | 1.71        |
|    n_updates               | 220         |
|    policy_gradient_loss    | 0.00297     |
|    std                     | 0.893       |
|    value_loss              | 7.3         |
--------------------------------------------
--------------------------------------------
| curriculum/                |             |
|    stage                   | 0           |
|    window_cost             | 0.367       |
|    window_route_completion | 0.534       |
|    window_success          | 0           |
| paper/                     |             |
|    accel_variation         | 0.505       |
|    base_reward             | 42.6        |
|    collision               | 0           |
|    crash_object            | 0           |
|    crash_vehicle           | 0           |
|    episode_cost            | 0           |
|    episode_length          | 600         |
|    jerk                    | 0.39        |
|    lane_deviation          | 0.412       |
|    max_lane_deviation      | 0.864       |
|    mean_speed_kmh          | 4.28        |
|    min_ttc                 | nan         |
|    out_of_road             | 0           |
|    route_completion        | 0.588       |
|    shaped_reward           | -53.5       |
|    steering_variation      | 0.766       |
|    success                 | 0           |
|    ttc_risk                | 0           |
| rollout/                   |             |
|    ep_len_mean             | 534         |
|    ep_rew_mean             | -117        |
|    success_rate            | 0           |
| time/                      |             |
|    fps                     | 2732        |
|    iterations              | 24          |
|    time_elapsed            | 89          |
|    total_timesteps         | 245760      |
| train/                     |             |
|    approx_kl               | 0.008605291 |
|    clip_fraction           | 0.162       |
|    clip_range              | 0.2         |
|    entropy_loss            | -2.61       |
|    explained_variance      | 0.706       |
|    learning_rate           | 0.0003      |
|    loss                    | 53.3        |
|    n_updates               | 230         |
|    policy_gradient_loss    | -0.00634    |
|    std                     | 0.892       |
|    value_loss              | 117         |
--------------------------------------------
--------------------------------------------
| curriculum/                |             |
|    stage                   | 1           |
|    window_cost             | 0.2         |
|    window_route_completion | 0.608       |
|    window_success          | 0           |
| paper/                     |             |
|    accel_variation         | 0.469       |
|    base_reward             | 92          |
|    collision               | 0           |
|    crash_object            | 0           |
|    crash_vehicle           | 0           |
|    episode_cost            | 0           |
|    episode_length          | 723         |
|    jerk                    | 0.388       |
|    lane_deviation          | 0.31        |
|    max_lane_deviation      | 0.775       |
|    mean_speed_kmh          | 5.06        |
|    min_ttc                 | nan         |
|    out_of_road             | 0           |
|    route_completion        | 0.954       |
|    shaped_reward           | 65.1        |
|    steering_variation      | 0.764       |
|    success                 | 1           |
|    ttc_risk                | 0           |
| rollout/                   |             |
|    ep_len_mean             | 540         |
|    ep_rew_mean             | -96.7       |
|    success_rate            | 0.03        |
| time/                      |             |
|    fps                     | 2721        |
|    iterations              | 25          |
|    time_elapsed            | 94          |
|    total_timesteps         | 256000      |
| train/                     |             |
|    approx_kl               | 0.008896113 |
|    clip_fraction           | 0.103       |
|    clip_range              | 0.2         |
|    entropy_loss            | -2.58       |
|    explained_variance      | 0.374       |
|    learning_rate           | 0.0003      |
|    loss                    | 49.8        |
|    n_updates               | 240         |
|    policy_gradient_loss    | -0.00407    |
|    std                     | 0.873       |
|    value_loss              | 40.8        |
--------------------------------------------
-----------------------------------------
| paper/                  |             |
|    accel_variation      | 0.442       |
|    base_reward          | 90.7        |
|    collision            | 0           |
|    crash_object         | 0           |
|    crash_vehicle        | 0           |
|    episode_cost         | 0           |
|    episode_length       | 800         |
|    jerk                 | 0.342       |
|    lane_deviation       | 0.362       |
|    max_lane_deviation   | 0.996       |
|    mean_speed_kmh       | 6.21        |
|    min_ttc              | nan         |
|    out_of_road          | 0           |
|    route_completion     | 0.5         |
|    shaped_reward        | -47.5       |
|    steering_variation   | 0.756       |
|    success              | 0           |
|    ttc_risk             | 0           |
| rollout/                |             |
|    ep_len_mean          | 563         |
|    ep_rew_mean          | -79.8       |
|    success_rate         | 0.06        |
| time/                   |             |
|    fps                  | 2659        |
|    iterations           | 26          |
|    time_elapsed         | 100         |
|    total_timesteps      | 266240      |
| train/                  |             |
|    approx_kl            | 0.009656621 |
|    clip_fraction        | 0.161       |
|    clip_range           | 0.2         |
|    entropy_loss         | -2.56       |
|    explained_variance   | 0.617       |
|    learning_rate        | 0.0003      |
|    loss                 | 28.8        |
|    n_updates            | 250         |
|    policy_gradient_loss | -0.0077     |
|    std                  | 0.867       |
|    value_loss           | 76.1        |
-----------------------------------------
--------------------------------------------
| curriculum/                |             |
|    stage                   | 1           |
|    window_cost             | 0.0667      |
|    window_route_completion | 0.563       |
|    window_success          | 0.167       |
| paper/                     |             |
|    accel_variation         | 0.383       |
|    base_reward             | 94.4        |
|    collision               | 0           |
|    crash_object            | 0           |
|    crash_vehicle           | 0           |
|    episode_cost            | 0           |
|    episode_length          | 800         |
|    jerk                    | 0.337       |
|    lane_deviation          | 0.43        |
|    max_lane_deviation      | 0.995       |
|    mean_speed_kmh          | 7.39        |
|    min_ttc                 | nan         |
|    out_of_road             | 0           |
|    route_completion        | 0.506       |
|    shaped_reward           | -62.9       |
|    steering_variation      | 0.759       |
|    success                 | 0           |
|    ttc_risk                | 0           |
| rollout/                   |             |
|    ep_len_mean             | 588         |
|    ep_rew_mean             | -75.8       |
|    success_rate            | 0.06        |
| time/                      |             |
|    fps                     | 2604        |
|    iterations              | 27          |
|    time_elapsed            | 106         |
|    total_timesteps         | 276480      |
| train/                     |             |
|    approx_kl               | 0.017807875 |
|    clip_fraction           | 0.224       |
|    clip_range              | 0.2         |
|    entropy_loss            | -2.5        |
|    explained_variance      | 0.111       |
|    learning_rate           | 0.0003      |
|    loss                    | 15.7        |
|    n_updates               | 260         |
|    policy_gradient_loss    | 0.00413     |
|    std                     | 0.836       |
|    value_loss              | 19.2        |
--------------------------------------------
-------------------------------------------
| curriculum/                |            |
|    stage                   | 0          |
|    window_cost             | 0.133      |
|    window_route_completion | 0.446      |
|    window_success          | 0.0333     |
| paper/                     |            |
|    accel_variation         | 0.38       |
|    base_reward             | 77.7       |
|    collision               | 0          |
|    crash_object            | 0          |
|    crash_vehicle           | 0          |
|    episode_cost            | 0          |
|    episode_length          | 600        |
|    jerk                    | 0.333      |
|    lane_deviation          | 0.331      |
|    max_lane_deviation      | 1.01       |
|    mean_speed_kmh          | 6.81       |
|    min_ttc                 | nan        |
|    out_of_road             | 0          |
|    route_completion        | 0.336      |
|    shaped_reward           | -10.2      |
|    steering_variation      | 0.823      |
|    success                 | 0          |
|    ttc_risk                | 0          |
| rollout/                   |            |
|    ep_len_mean             | 596        |
|    ep_rew_mean             | -76        |
|    success_rate            | 0.06       |
| time/                      |            |
|    fps                     | 2568       |
|    iterations              | 28         |
|    time_elapsed            | 111        |
|    total_timesteps         | 286720     |
| train/                     |            |
|    approx_kl               | 0.01222428 |
|    clip_fraction           | 0.106      |
|    clip_range              | 0.2        |
|    entropy_loss            | -2.47      |
|    explained_variance      | 0.436      |
|    learning_rate           | 0.0003     |
|    loss                    | 7.61       |
|    n_updates               | 270        |
|    policy_gradient_loss    | -0.000803  |
|    std                     | 0.828      |
|    value_loss              | 25.6       |
-------------------------------------------
--------------------------------------------
| curriculum/                |             |
|    stage                   | 0           |
|    window_cost             | 1           |
|    window_route_completion | 0.165       |
|    window_success          | 0           |
| paper/                     |             |
|    accel_variation         | 0.465       |
|    base_reward             | -7.11       |
|    collision               | 0           |
|    crash_object            | 0           |
|    crash_vehicle           | 0           |
|    episode_cost            | 1           |
|    episode_length          | 50          |
|    jerk                    | 0.359       |
|    lane_deviation          | 0.286       |
|    max_lane_deviation      | 1.05        |
|    mean_speed_kmh          | 5.14        |
|    min_ttc                 | nan         |
|    out_of_road             | 1           |
|    route_completion        | 0.106       |
|    shaped_reward           | -165        |
|    steering_variation      | 0.669       |
|    success                 | 0           |
|    ttc_risk                | 0           |
| rollout/                   |             |
|    ep_len_mean             | 203         |
|    ep_rew_mean             | -151        |
|    success_rate            | 0.03        |
| time/                      |             |
|    fps                     | 2534        |
|    iterations              | 29          |
|    time_elapsed            | 117         |
|    total_timesteps         | 296960      |
| train/                     |             |
|    approx_kl               | 0.016739268 |
|    clip_fraction           | 0.12        |
|    clip_range              | 0.2         |
|    entropy_loss            | -2.45       |
|    explained_variance      | 0.276       |
|    learning_rate           | 0.0003      |
|    loss                    | 12.3        |
|    n_updates               | 280         |
|    policy_gradient_loss    | -0.000728   |
|    std                     | 0.82        |
|    value_loss              | 35.2        |
--------------------------------------------
--------------------------------------------
| curriculum/                |             |
|    stage                   | 0           |
|    window_cost             | 0.833       |
|    window_route_completion | 0.399       |
|    window_success          | 0.1         |
| paper/                     |             |
|    accel_variation         | 0.432       |
|    base_reward             | -3.13       |
|    collision               | 0           |
|    crash_object            | 0           |
|    crash_vehicle           | 0           |
|    episode_cost            | 1           |
|    episode_length          | 133         |
|    jerk                    | 0.369       |
|    lane_deviation          | 0.55        |
|    max_lane_deviation      | 1.09        |
|    mean_speed_kmh          | 5.77        |
|    min_ttc                 | nan         |
|    out_of_road             | 1           |
|    route_completion        | 0.201       |
|    shaped_reward           | -185        |
|    steering_variation      | 0.622       |
|    success                 | 0           |
|    ttc_risk                | 0           |
| rollout/                   |             |
|    ep_len_mean             | 159         |
|    ep_rew_mean             | -167        |
|    success_rate            | 0.04        |
| time/                      |             |
|    fps                     | 2525        |
|    iterations              | 30          |
|    time_elapsed            | 121         |
|    total_timesteps         | 307200      |
| train/                     |             |
|    approx_kl               | 0.007911315 |
|    clip_fraction           | 0.118       |
|    clip_range              | 0.2         |
|    entropy_loss            | -2.44       |
|    explained_variance      | 0.269       |
|    learning_rate           | 0.0003      |
|    loss                    | 272         |
|    n_updates               | 290         |
|    policy_gradient_loss    | -0.00613    |
|    std                     | 0.82        |
|    value_loss              | 648         |
--------------------------------------------
--------------------------------------------
| curriculum/                |             |
|    stage                   | 0           |
|    window_cost             | 0.567       |
|    window_route_completion | 0.6         |
|    window_success          | 0.333       |
| paper/                     |             |
|    accel_variation         | 0.466       |
|    base_reward             | 73.6        |
|    collision               | 0           |
|    crash_object            | 0           |
|    crash_vehicle           | 0           |
|    episode_cost            | 0           |
|    episode_length          | 560         |
|    jerk                    | 0.397       |
|    lane_deviation          | 0.372       |
|    max_lane_deviation      | 0.99        |
|    mean_speed_kmh          | 6.33        |
|    min_ttc                 | nan         |
|    out_of_road             | 0           |
|    route_completion        | 0.954       |
|    shaped_reward           | 56.3        |
|    steering_variation      | 0.695       |
|    success                 | 1           |
|    ttc_risk                | 0           |
| rollout/                   |             |
|    ep_len_mean             | 223         |
|    ep_rew_mean             | -138        |
|    success_rate            | 0.14        |
| time/                      |             |
|    fps                     | 2521        |
|    iterations              | 31          |
|    time_elapsed            | 125         |
|    total_timesteps         | 317440      |
| train/                     |             |
|    approx_kl               | 0.010610726 |
|    clip_fraction           | 0.172       |
|    clip_range              | 0.2         |
|    entropy_loss            | -2.44       |
|    explained_variance      | 0.671       |
|    learning_rate           | 0.0003      |
|    loss                    | 143         |
|    n_updates               | 300         |
|    policy_gradient_loss    | -0.0149     |
|    std                     | 0.819       |
|    value_loss              | 330         |
--------------------------------------------
--------------------------------------------
| curriculum/                |             |
|    stage                   | 0           |
|    window_cost             | 0.333       |
|    window_route_completion | 0.703       |
|    window_success          | 0.333       |
| paper/                     |             |
|    accel_variation         | 0.469       |
|    base_reward             | 75.6        |
|    collision               | 0           |
|    crash_object            | 0           |
|    crash_vehicle           | 0           |
|    episode_cost            | 0           |
|    episode_length          | 600         |
|    jerk                    | 0.4         |
|    lane_deviation          | 0.325       |
|    max_lane_deviation      | 0.726       |
|    mean_speed_kmh          | 6.32        |
|    min_ttc                 | nan         |
|    out_of_road             | 0           |
|    route_completion        | 0.875       |
|    shaped_reward           | 7.36        |
|    steering_variation      | 0.721       |
|    success                 | 0           |
|    ttc_risk                | 0           |
| rollout/                   |             |
|    ep_len_mean             | 294         |
|    ep_rew_mean             | -107        |
|    success_rate            | 0.21        |
| time/                      |             |
|    fps                     | 2525        |
|    iterations              | 32          |
|    time_elapsed            | 129         |
|    total_timesteps         | 327680      |
| train/                     |             |
|    approx_kl               | 0.012232939 |
|    clip_fraction           | 0.167       |
|    clip_range              | 0.2         |
|    entropy_loss            | -2.44       |
|    explained_variance      | 0.607       |
|    learning_rate           | 0.0003      |
|    loss                    | 119         |
|    n_updates               | 310         |
|    policy_gradient_loss    | -0.0123     |
|    std                     | 0.819       |
|    value_loss              | 266         |
--------------------------------------------
--------------------------------------------
| curriculum/                |             |
|    stage                   | 1           |
|    window_cost             | 0.233       |
|    window_route_completion | 0.757       |
|    window_success          | 0.367       |
| paper/                     |             |
|    accel_variation         | 0.445       |
|    base_reward             | 95.4        |
|    collision               | 0           |
|    crash_object            | 0           |
|    crash_vehicle           | 0           |
|    episode_cost            | 0           |
|    episode_length          | 698         |
|    jerk                    | 0.378       |
|    lane_deviation          | 0.269       |
|    max_lane_deviation      | 0.825       |
|    mean_speed_kmh          | 5.7         |
|    min_ttc                 | nan         |
|    out_of_road             | 0           |
|    route_completion        | 0.957       |
|    shaped_reward           | 83.5        |
|    steering_variation      | 0.759       |
|    success                 | 1           |
|    ttc_risk                | 0           |
| rollout/                   |             |
|    ep_len_mean             | 372         |
|    ep_rew_mean             | -75.9       |
|    success_rate            | 0.3         |
| time/                      |             |
|    fps                     | 2508        |
|    iterations              | 33          |
|    time_elapsed            | 134         |
|    total_timesteps         | 337920      |
| train/                     |             |
|    approx_kl               | 0.009936668 |
|    clip_fraction           | 0.116       |
|    clip_range              | 0.2         |
|    entropy_loss            | -2.43       |
|    explained_variance      | 0.559       |
|    learning_rate           | 0.0003      |
|    loss                    | 40.7        |
|    n_updates               | 320         |
|    policy_gradient_loss    | -0.00491    |
|    std                     | 0.813       |
|    value_loss              | 89.5        |
--------------------------------------------
-----------------------------------------
| paper/                  |             |
|    accel_variation      | 0.476       |
|    base_reward          | 23          |
|    collision            | 0           |
|    crash_object         | 0           |
|    crash_vehicle        | 0           |
|    episode_cost         | 0           |
|    episode_length       | 800         |
|    jerk                 | 0.407       |
|    lane_deviation       | 0.808       |
|    max_lane_deviation   | 1.22        |
|    mean_speed_kmh       | 2.94        |
|    min_ttc              | nan         |
|    out_of_road          | 0           |
|    route_completion     | 0.214       |
|    shaped_reward        | -386        |
|    steering_variation   | 0.65        |
|    success              | 0           |
|    ttc_risk             | 0           |
| rollout/                |             |
|    ep_len_mean          | 427         |
|    ep_rew_mean          | -72.5       |
|    success_rate         | 0.27        |
| time/                   |             |
|    fps                  | 2472        |
|    iterations           | 34          |
|    time_elapsed         | 140         |
|    total_timesteps      | 348160      |
| train/                  |             |
|    approx_kl            | 0.008266385 |
|    clip_fraction        | 0.115       |
|    clip_range           | 0.2         |
|    entropy_loss         | -2.41       |
|    explained_variance   | 0.635       |
|    learning_rate        | 0.0003      |
|    loss                 | 22.3        |
|    n_updates            | 330         |
|    policy_gradient_loss | 0.000934    |
|    std                  | 0.805       |
|    value_loss           | 61.8        |
-----------------------------------------
---------------------------------------------
| curriculum/                |              |
|    stage                   | 1            |
|    window_cost             | 0.1          |
|    window_route_completion | 0.452        |
|    window_success          | 0.1          |
| paper/                     |              |
|    accel_variation         | 0.422        |
|    base_reward             | 145          |
|    collision               | 0            |
|    crash_object            | 0            |
|    crash_vehicle           | 0            |
|    episode_cost            | 0            |
|    episode_length          | 800          |
|    jerk                    | 0.352        |
|    lane_deviation          | 0.265        |
|    max_lane_deviation      | 0.851        |
|    mean_speed_kmh          | 8.84         |
|    min_ttc                 | nan          |
|    out_of_road             | 0            |
|    route_completion        | 0.467        |
|    shaped_reward           | 26.8         |
|    steering_variation      | 0.719        |
|    success                 | 0            |
|    ttc_risk                | 0            |
| rollout/                   |              |
|    ep_len_mean             | 508          |
|    ep_rew_mean             | -48.7        |
|    success_rate            | 0.27         |
| time/                      |              |
|    fps                     | 2442         |
|    iterations              | 35           |
|    time_elapsed            | 146          |
|    total_timesteps         | 358400       |
| train/                     |              |
|    approx_kl               | 0.0077026016 |
|    clip_fraction           | 0.128        |
|    clip_range              | 0.2          |
|    entropy_loss            | -2.4         |
|    explained_variance      | 0.864        |
|    learning_rate           | 0.0003       |
|    loss                    | 11.9         |
|    n_updates               | 340          |
|    policy_gradient_loss    | 0.00473      |
|    std                     | 0.802        |
|    value_loss              | 28.6         |
---------------------------------------------
-------------------------------------------
| curriculum/                |            |
|    stage                   | 0          |
|    window_cost             | 0.1        |
|    window_route_completion | 0.415      |
|    window_success          | 0.0333     |
| paper/                     |            |
|    accel_variation         | 0.343      |
|    base_reward             | 42.1       |
|    collision               | 0          |
|    crash_object            | 0          |
|    crash_vehicle           | 0          |
|    episode_cost            | 1          |
|    episode_length          | 343        |
|    jerk                    | 0.305      |
|    lane_deviation          | 0.325      |
|    max_lane_deviation      | 1.07       |
|    mean_speed_kmh          | 8.92       |
|    min_ttc                 | nan        |
|    out_of_road             | 1          |
|    route_completion        | 0.701      |
|    shaped_reward           | -142       |
|    steering_variation      | 0.683      |
|    success                 | 0          |
|    ttc_risk                | 0          |
| rollout/                   |            |
|    ep_len_mean             | 552        |
|    ep_rew_mean             | -21.7      |
|    success_rate            | 0.3        |
| time/                      |            |
|    fps                     | 2430       |
|    iterations              | 36         |
|    time_elapsed            | 151        |
|    total_timesteps         | 368640     |
| train/                     |            |
|    approx_kl               | 0.01869039 |
|    clip_fraction           | 0.239      |
|    clip_range              | 0.2        |
|    entropy_loss            | -2.36      |
|    explained_variance      | 0.742      |
|    learning_rate           | 0.0003     |
|    loss                    | 2.49       |
|    n_updates               | 350        |
|    policy_gradient_loss    | 0.0103     |
|    std                     | 0.777      |
|    value_loss              | 5.99       |
-------------------------------------------
---------------------------------------------
| curriculum/                |              |
|    stage                   | 1            |
|    window_cost             | 0.233        |
|    window_route_completion | 0.857        |
|    window_success          | 0.667        |
| paper/                     |              |
|    accel_variation         | 0.379        |
|    base_reward             | 98.5         |
|    collision               | 0            |
|    crash_object            | 0            |
|    crash_vehicle           | 0            |
|    episode_cost            | 1            |
|    episode_length          | 542          |
|    jerk                    | 0.343        |
|    lane_deviation          | 0.271        |
|    max_lane_deviation      | 1.02         |
|    mean_speed_kmh          | 10.2         |
|    min_ttc                 | nan          |
|    out_of_road             | 1            |
|    route_completion        | 0.53         |
|    shaped_reward           | -132         |
|    steering_variation      | 0.652        |
|    success                 | 0            |
|    ttc_risk                | 0            |
| rollout/                   |              |
|    ep_len_mean             | 549          |
|    ep_rew_mean             | 4.13         |
|    success_rate            | 0.41         |
| time/                      |              |
|    fps                     | 2411         |
|    iterations              | 37           |
|    time_elapsed            | 157          |
|    total_timesteps         | 378880       |
| train/                     |              |
|    approx_kl               | 0.0056061866 |
|    clip_fraction           | 0.101        |
|    clip_range              | 0.2          |
|    entropy_loss            | -2.33        |
|    explained_variance      | 0.222        |
|    learning_rate           | 0.0003       |
|    loss                    | 82           |
|    n_updates               | 360          |
|    policy_gradient_loss    | -0.00293     |
|    std                     | 0.774        |
|    value_loss              | 207          |
---------------------------------------------
-----------------------------------------
| paper/                  |             |
|    accel_variation      | 0.379       |
|    base_reward          | 180         |
|    collision            | 0           |
|    crash_object         | 0           |
|    crash_vehicle        | 0           |
|    episode_cost         | 0           |
|    episode_length       | 800         |
|    jerk                 | 0.321       |
|    lane_deviation       | 0.215       |
|    max_lane_deviation   | 0.886       |
|    mean_speed_kmh       | 9.91        |
|    min_ttc              | 6.23        |
|    out_of_road          | 0           |
|    route_completion     | 0.443       |
|    shaped_reward        | 54.2        |
|    steering_variation   | 0.674       |
|    success              | 0           |
|    ttc_risk             | 0.000601    |
| rollout/                |             |
|    ep_len_mean          | 580         |
|    ep_rew_mean          | 5.62        |
|    success_rate         | 0.4         |
| time/                   |             |
|    fps                  | 2383        |
|    iterations           | 38          |
|    time_elapsed         | 163         |
|    total_timesteps      | 389120      |
| train/                  |             |
|    approx_kl            | 0.018990625 |
|    clip_fraction        | 0.0789      |
|    clip_range           | 0.2         |
|    entropy_loss         | -2.32       |
|    explained_variance   | 0.493       |
|    learning_rate        | 0.0003      |
|    loss                 | 26.3        |
|    n_updates            | 370         |
|    policy_gradient_loss | -0.00259    |
|    std                  | 0.767       |
|    value_loss           | 82.4        |
-----------------------------------------
--------------------------------------------
| curriculum/                |             |
|    stage                   | 1           |
|    window_cost             | 0.1         |
|    window_route_completion | 0.684       |
|    window_success          | 0.167       |
| paper/                     |             |
|    accel_variation         | 0.341       |
|    base_reward             | 199         |
|    collision               | 0           |
|    crash_object            | 0           |
|    crash_vehicle           | 0           |
|    episode_cost            | 0           |
|    episode_length          | 800         |
|    jerk                    | 0.288       |
|    lane_deviation          | 0.365       |
|    max_lane_deviation      | 1.36        |
|    mean_speed_kmh          | 13.8        |
|    min_ttc                 | nan         |
|    out_of_road             | 0           |
|    route_completion        | 0.962       |
|    shaped_reward           | 38.3        |
|    steering_variation      | 0.686       |
|    success                 | 0           |
|    ttc_risk                | 0           |
| rollout/                   |             |
|    ep_len_mean             | 578         |
|    ep_rew_mean             | 4.16        |
|    success_rate            | 0.35        |
| time/                      |             |
|    fps                     | 2352        |
|    iterations              | 39          |
|    time_elapsed            | 169         |
|    total_timesteps         | 399360      |
| train/                     |             |
|    approx_kl               | 0.011770454 |
|    clip_fraction           | 0.158       |
|    clip_range              | 0.2         |
|    entropy_loss            | -2.29       |
|    explained_variance      | 0.8         |
|    learning_rate           | 0.0003      |
|    loss                    | 10.2        |
|    n_updates               | 380         |
|    policy_gradient_loss    | 0.00547     |
|    std                     | 0.754       |
|    value_loss              | 15          |
--------------------------------------------
--------------------------------------------
| curriculum/                |             |
|    stage                   | 1           |
|    window_cost             | 0.233       |
|    window_route_completion | 0.699       |
|    window_success          | 0.2         |
| paper/                     |             |
|    accel_variation         | 0.36        |
|    base_reward             | 43.8        |
|    collision               | 0           |
|    crash_object            | 0           |
|    crash_vehicle           | 0           |
|    episode_cost            | 1           |
|    episode_length          | 270         |
|    jerk                    | 0.307       |
|    lane_deviation          | 0.462       |
|    max_lane_deviation      | 1.03        |
|    mean_speed_kmh          | 14.1        |
|    min_ttc                 | nan         |
|    out_of_road             | 1           |
|    route_completion        | 0.229       |
|    shaped_reward           | -173        |
|    steering_variation      | 0.602       |
|    success                 | 0           |
|    ttc_risk                | 0           |
| rollout/                   |             |
|    ep_len_mean             | 562         |
|    ep_rew_mean             | 11.9        |
|    success_rate            | 0.37        |
| time/                      |             |
|    fps                     | 2318        |
|    iterations              | 40          |
|    time_elapsed            | 176         |
|    total_timesteps         | 409600      |
| train/                     |             |
|    approx_kl               | 0.005302223 |
|    clip_fraction           | 0.0661      |
|    clip_range              | 0.2         |
|    entropy_loss            | -2.26       |
|    explained_variance      | 0.58        |
|    learning_rate           | 0.0003      |
|    loss                    | 29.1        |
|    n_updates               | 390         |
|    policy_gradient_loss    | -0.00243    |
|    std                     | 0.744       |
|    value_loss              | 66.6        |
--------------------------------------------
--------------------------------------------
| curriculum/                |             |
|    stage                   | 1           |
|    window_cost             | 0.233       |
|    window_route_completion | 0.718       |
|    window_success          | 0.233       |
| paper/                     |             |
|    accel_variation         | 0.344       |
|    base_reward             | 204         |
|    collision               | 0           |
|    crash_object            | 0           |
|    crash_vehicle           | 0           |
|    episode_cost            | 0           |
|    episode_length          | 800         |
|    jerk                    | 0.305       |
|    lane_deviation          | 0.345       |
|    max_lane_deviation      | 0.994       |
|    mean_speed_kmh          | 14.2        |
|    min_ttc                 | 14.6        |
|    out_of_road             | 0           |
|    route_completion        | 0.822       |
|    shaped_reward           | 49          |
|    steering_variation      | 0.621       |
|    success                 | 0           |
|    ttc_risk                | 0           |
| rollout/                   |             |
|    ep_len_mean             | 570         |
|    ep_rew_mean             | 17.8        |
|    success_rate            | 0.42        |
| time/                      |             |
|    fps                     | 2290        |
|    iterations              | 41          |
|    time_elapsed            | 183         |
|    total_timesteps         | 419840      |
| train/                     |             |
|    approx_kl               | 0.011761887 |
|    clip_fraction           | 0.0901      |
|    clip_range              | 0.2         |
|    entropy_loss            | -2.24       |
|    explained_variance      | 0.594       |
|    learning_rate           | 0.0003      |
|    loss                    | 14.6        |
|    n_updates               | 400         |
|    policy_gradient_loss    | -0.00185    |
|    std                     | 0.738       |
|    value_loss              | 75.7        |
--------------------------------------------
--------------------------------------------
| curriculum/                |             |
|    stage                   | 2           |
|    window_cost             | 0.167       |
|    window_route_completion | 0.774       |
|    window_success          | 0.333       |
| paper/                     |             |
|    accel_variation         | 0.355       |
|    base_reward             | 268         |
|    collision               | 0           |
|    crash_object            | 0           |
|    crash_vehicle           | 0           |
|    episode_cost            | 0           |
|    episode_length          | 1000        |
|    jerk                    | 0.321       |
|    lane_deviation          | 0.337       |
|    max_lane_deviation      | 1.46        |
|    mean_speed_kmh          | 14.3        |
|    min_ttc                 | nan         |
|    out_of_road             | 0           |
|    route_completion        | 0.923       |
|    shaped_reward           | 61.9        |
|    steering_variation      | 0.646       |
|    success                 | 0           |
|    ttc_risk                | 0           |
| rollout/                   |             |
|    ep_len_mean             | 623         |
|    ep_rew_mean             | 27.6        |
|    success_rate            | 0.41        |
| time/                      |             |
|    fps                     | 2254        |
|    iterations              | 42          |
|    time_elapsed            | 190         |
|    total_timesteps         | 430080      |
| train/                     |             |
|    approx_kl               | 0.008819469 |
|    clip_fraction           | 0.142       |
|    clip_range              | 0.2         |
|    entropy_loss            | -2.21       |
|    explained_variance      | 0.644       |
|    learning_rate           | 0.0003      |
|    loss                    | 13.2        |
|    n_updates               | 410         |
|    policy_gradient_loss    | 0.00272     |
|    std                     | 0.727       |
|    value_loss              | 54.5        |
--------------------------------------------
-----------------------------------------
| paper/                  |             |
|    accel_variation      | 0.325       |
|    base_reward          | 293         |
|    collision            | 0           |
|    crash_object         | 0           |
|    crash_vehicle        | 0           |
|    episode_cost         | 0           |
|    episode_length       | 1000        |
|    jerk                 | 0.289       |
|    lane_deviation       | 0.286       |
|    max_lane_deviation   | 0.943       |
|    mean_speed_kmh       | 15          |
|    min_ttc              | 8.78        |
|    out_of_road          | 0           |
|    route_completion     | 0.728       |
|    shaped_reward        | 91.5        |
|    steering_variation   | 0.588       |
|    success              | 0           |
|    ttc_risk             | 0.000349    |
| rollout/                |             |
|    ep_len_mean          | 688         |
|    ep_rew_mean          | 37.2        |
|    success_rate         | 0.39        |
| time/                   |             |
|    fps                  | 2192        |
|    iterations           | 43          |
|    time_elapsed         | 200         |
|    total_timesteps      | 440320      |
| train/                  |             |
|    approx_kl            | 0.010760987 |
|    clip_fraction        | 0.181       |
|    clip_range           | 0.2         |
|    entropy_loss         | -2.17       |
|    explained_variance   | 0.821       |
|    learning_rate        | 0.0003      |
|    loss                 | 5.06        |
|    n_updates            | 420         |
|    policy_gradient_loss | 0.00619     |
|    std                  | 0.707       |
|    value_loss           | 11.8        |
-----------------------------------------
-----------------------------------------
| paper/                  |             |
|    accel_variation      | 0.328       |
|    base_reward          | 254         |
|    collision            | 0           |
|    crash_object         | 0           |
|    crash_vehicle        | 0           |
|    episode_cost         | 0           |
|    episode_length       | 1000        |
|    jerk                 | 0.295       |
|    lane_deviation       | 0.351       |
|    max_lane_deviation   | 0.999       |
|    mean_speed_kmh       | 14          |
|    min_ttc              | 10.7        |
|    out_of_road          | 0           |
|    route_completion     | 0.676       |
|    shaped_reward        | 40          |
|    steering_variation   | 0.616       |
|    success              | 0           |
|    ttc_risk             | 0.000313    |
| rollout/                |             |
|    ep_len_mean          | 752         |
|    ep_rew_mean          | 19.1        |
|    success_rate         | 0.26        |
| time/                   |             |
|    fps                  | 2139        |
|    iterations           | 44          |
|    time_elapsed         | 210         |
|    total_timesteps      | 450560      |
| train/                  |             |
|    approx_kl            | 0.028171888 |
|    clip_fraction        | 0.255       |
|    clip_range           | 0.2         |
|    entropy_loss         | -2.14       |
|    explained_variance   | 0.628       |
|    learning_rate        | 0.0003      |
|    loss                 | 10.4        |
|    n_updates            | 430         |
|    policy_gradient_loss | 0.00852     |
|    std                  | 0.703       |
|    value_loss           | 26.3        |
-----------------------------------------
--------------------------------------------
| curriculum/                |             |
|    stage                   | 1           |
|    window_cost             | 0.233       |
|    window_route_completion | 0.642       |
|    window_success          | 0           |
| paper/                     |             |
|    accel_variation         | 0.359       |
|    base_reward             | 221         |
|    collision               | 0           |
|    crash_object            | 0           |
|    crash_vehicle           | 0           |
|    episode_cost            | 0           |
|    episode_length          | 800         |
|    jerk                    | 0.344       |
|    lane_deviation          | 0.322       |
|    max_lane_deviation      | 0.996       |
|    mean_speed_kmh          | 14.8        |
|    min_ttc                 | 3.41        |
|    out_of_road             | 0           |
|    route_completion        | 0.521       |
|    shaped_reward           | -37.6       |
|    steering_variation      | 0.614       |
|    success                 | 0           |
|    ttc_risk                | 0.017       |
| rollout/                   |             |
|    ep_len_mean             | 792         |
|    ep_rew_mean             | 14.2        |
|    success_rate            | 0.2         |
| time/                      |             |
|    fps                     | 2071        |
|    iterations              | 45          |
|    time_elapsed            | 222         |
|    total_timesteps         | 460800      |
| train/                     |             |
|    approx_kl               | 0.012742485 |
|    clip_fraction           | 0.144       |
|    clip_range              | 0.2         |
|    entropy_loss            | -2.13       |
|    explained_variance      | 0.222       |
|    learning_rate           | 0.0003      |
|    loss                    | 28.6        |
|    n_updates               | 440         |
|    policy_gradient_loss    | 9.22e-05    |
|    std                     | 0.701       |
|    value_loss              | 118         |
--------------------------------------------
-----------------------------------------
| paper/                  |             |
|    accel_variation      | 0.361       |
|    base_reward          | 285         |
|    collision            | 0           |
|    crash_object         | 0           |
|    crash_vehicle        | 0           |
|    episode_cost         | 0           |
|    episode_length       | 800         |
|    jerk                 | 0.335       |
|    lane_deviation       | 0.214       |
|    max_lane_deviation   | 0.792       |
|    mean_speed_kmh       | 16          |
|    min_ttc              | nan         |
|    out_of_road          | 0           |
|    route_completion     | 0.74        |
|    shaped_reward        | 131         |
|    steering_variation   | 0.549       |
|    success              | 0           |
|    ttc_risk             | 0           |
| rollout/                |             |
|    ep_len_mean          | 791         |
|    ep_rew_mean          | 26.1        |
|    success_rate         | 0.21        |
| time/                   |             |
|    fps                  | 2044        |
|    iterations           | 46          |
|    time_elapsed         | 230         |
|    total_timesteps      | 471040      |
| train/                  |             |
|    approx_kl            | 0.009252032 |
|    clip_fraction        | 0.163       |
|    clip_range           | 0.2         |
|    entropy_loss         | -2.11       |
|    explained_variance   | 0.344       |
|    learning_rate        | 0.0003      |
|    loss                 | 15          |
|    n_updates            | 450         |
|    policy_gradient_loss | 0.000528    |
|    std                  | 0.693       |
|    value_loss           | 55.8        |
-----------------------------------------
-----------------------------------------
| paper/                  |             |
|    accel_variation      | 0.401       |
|    base_reward          | 261         |
|    collision            | 0           |
|    crash_object         | 0           |
|    crash_vehicle        | 0           |
|    episode_cost         | 0           |
|    episode_length       | 715         |
|    jerk                 | 0.352       |
|    lane_deviation       | 0.252       |
|    max_lane_deviation   | 0.841       |
|    mean_speed_kmh       | 15.6        |
|    min_ttc              | nan         |
|    out_of_road          | 0           |
|    route_completion     | 0.984       |
|    shaped_reward        | 180         |
|    steering_variation   | 0.589       |
|    success              | 1           |
|    ttc_risk             | 0           |
| rollout/                |             |
|    ep_len_mean          | 797         |
|    ep_rew_mean          | 36.8        |
|    success_rate         | 0.24        |
| time/                   |             |
|    fps                  | 2037        |
|    iterations           | 47          |
|    time_elapsed         | 236         |
|    total_timesteps      | 481280      |
| train/                  |             |
|    approx_kl            | 0.013860231 |
|    clip_fraction        | 0.319       |
|    clip_range           | 0.2         |
|    entropy_loss         | -2.09       |
|    explained_variance   | 0.419       |
|    learning_rate        | 0.0003      |
|    loss                 | 1.9         |
|    n_updates            | 460         |
|    policy_gradient_loss | 0.0248      |
|    std                  | 0.681       |
|    value_loss           | 6.52        |
-----------------------------------------
--------------------------------------------
| curriculum/                |             |
|    stage                   | 2           |
|    window_cost             | 0.0333      |
|    window_route_completion | 0.813       |
|    window_success          | 0.333       |
| paper/                     |             |
|    accel_variation         | 0.343       |
|    base_reward             | 270         |
|    collision               | 0           |
|    crash_object            | 0           |
|    crash_vehicle           | 0           |
|    episode_cost            | 0           |
|    episode_length          | 905         |
|    jerk                    | 0.292       |
|    lane_deviation          | 0.342       |
|    max_lane_deviation      | 0.992       |
|    mean_speed_kmh          | 15.4        |
|    min_ttc                 | nan         |
|    out_of_road             | 0           |
|    route_completion        | 0.988       |
|    shaped_reward           | 136         |
|    steering_variation      | 0.551       |
|    success                 | 1           |
|    ttc_risk                | 0           |
| rollout/                   |             |
|    ep_len_mean             | 823         |
|    ep_rew_mean             | 59.7        |
|    success_rate            | 0.32        |
| time/                      |             |
|    fps                     | 2008        |
|    iterations              | 48          |
|    time_elapsed            | 244         |
|    total_timesteps         | 491520      |
| train/                     |             |
|    approx_kl               | 0.008884011 |
|    clip_fraction           | 0.205       |
|    clip_range              | 0.2         |
|    entropy_loss            | -2.04       |
|    explained_variance      | 0.661       |
|    learning_rate           | 0.0003      |
|    loss                    | 1.98        |
|    n_updates               | 470         |
|    policy_gradient_loss    | 0.00772     |
|    std                     | 0.664       |
|    value_loss              | 6.69        |
--------------------------------------------
-----------------------------------------
| paper/                  |             |
|    accel_variation      | 0.36        |
|    base_reward          | 271         |
|    collision            | 0           |
|    crash_object         | 0           |
|    crash_vehicle        | 0           |
|    episode_cost         | 0           |
|    episode_length       | 1000        |
|    jerk                 | 0.337       |
|    lane_deviation       | 0.331       |
|    max_lane_deviation   | 0.894       |
|    mean_speed_kmh       | 14.1        |
|    min_ttc              | 1.23        |
|    out_of_road          | 0           |
|    route_completion     | 0.64        |
|    shaped_reward        | -147        |
|    steering_variation   | 0.548       |
|    success              | 0           |
|    ttc_risk             | 0.0347      |
| rollout/                |             |
|    ep_len_mean          | 846         |
|    ep_rew_mean          | 71.7        |
|    success_rate         | 0.29        |
| time/                   |             |
|    fps                  | 1963        |
|    iterations           | 49          |
|    time_elapsed         | 255         |
|    total_timesteps      | 501760      |
| train/                  |             |
|    approx_kl            | 0.026152074 |
|    clip_fraction        | 0.125       |
|    clip_range           | 0.2         |
|    entropy_loss         | -2.01       |
|    explained_variance   | 0.494       |
|    learning_rate        | 0.0003      |
|    loss                 | 1.98        |
|    n_updates            | 480         |
|    policy_gradient_loss | -0.000791   |
|    std                  | 0.659       |
|    value_loss           | 38.3        |
-----------------------------------------
--------------------------------------------
| curriculum/                |             |
|    stage                   | 2           |
|    window_cost             | 0.1         |
|    window_route_completion | 0.785       |
|    window_success          | 0.267       |
| paper/                     |             |
|    accel_variation         | 0.399       |
|    base_reward             | 349         |
|    collision               | 0           |
|    crash_object            | 0           |
|    crash_vehicle           | 0           |
|    episode_cost            | 0           |
|    episode_length          | 1000        |
|    jerk                    | 0.363       |
|    lane_deviation          | 0.186       |
|    max_lane_deviation      | 0.758       |
|    mean_speed_kmh          | 14.9        |
|    min_ttc                 | 6.26        |
|    out_of_road             | 0           |
|    route_completion        | 0.682       |
|    shaped_reward           | 151         |
|    steering_variation      | 0.569       |
|    success                 | 0           |
|    ttc_risk                | 0.00142     |
| rollout/                   |             |
|    ep_len_mean             | 863         |
|    ep_rew_mean             | 62.7        |
|    success_rate            | 0.24        |
| time/                      |             |
|    fps                     | 1927        |
|    iterations              | 50          |
|    time_elapsed            | 265         |
|    total_timesteps         | 512000      |
| train/                     |             |
|    approx_kl               | 0.025708592 |
|    clip_fraction           | 0.28        |
|    clip_range              | 0.2         |
|    entropy_loss            | -2          |
|    explained_variance      | 0.198       |
|    learning_rate           | 0.0003      |
|    loss                    | 5.91        |
|    n_updates               | 490         |
|    policy_gradient_loss    | 0.00606     |
|    std                     | 0.66        |
|    value_loss              | 30.9        |
--------------------------------------------
-------------------------------------------
| curriculum/                |            |
|    stage                   | 2          |
|    window_cost             | 0.1        |
|    window_route_completion | 0.732      |
|    window_success          | 0.0667     |
| paper/                     |            |
|    accel_variation         | 0.357      |
|    base_reward             | 300        |
|    collision               | 0          |
|    crash_object            | 0          |
|    crash_vehicle           | 0          |
|    episode_cost            | 0          |
|    episode_length          | 1000       |
|    jerk                    | 0.341      |
|    lane_deviation          | 0.323      |
|    max_lane_deviation      | 1.06       |
|    mean_speed_kmh          | 15.9       |
|    min_ttc                 | 10.9       |
|    out_of_road             | 0          |
|    route_completion        | 0.75       |
|    shaped_reward           | 81.4       |
|    steering_variation      | 0.571      |
|    success                 | 0          |
|    ttc_risk                | 0.000271   |
| rollout/                   |            |
|    ep_len_mean             | 868        |
|    ep_rew_mean             | 61.8       |
|    success_rate            | 0.2        |
| time/                      |            |
|    fps                     | 1891       |
|    iterations              | 51         |
|    time_elapsed            | 276        |
|    total_timesteps         | 522240     |
| train/                     |            |
|    approx_kl               | 0.01058585 |
|    clip_fraction           | 0.197      |
|    clip_range              | 0.2        |
|    entropy_loss            | -2         |
|    explained_variance      | 0.429      |
|    learning_rate           | 0.0003     |
|    loss                    | 8.53       |
|    n_updates               | 500        |
|    policy_gradient_loss    | 0.00347    |
|    std                     | 0.657      |
|    value_loss              | 49.5       |
-------------------------------------------
--------------------------------------------
| curriculum/                |             |
|    stage                   | 2           |
|    window_cost             | 0.0667      |
|    window_route_completion | 0.742       |
|    window_success          | 0.0667      |
| paper/                     |             |
|    accel_variation         | 0.416       |
|    base_reward             | 306         |
|    collision               | 0           |
|    crash_object            | 0           |
|    crash_vehicle           | 0           |
|    episode_cost            | 0           |
|    episode_length          | 1000        |
|    jerk                    | 0.337       |
|    lane_deviation          | 0.271       |
|    max_lane_deviation      | 0.993       |
|    mean_speed_kmh          | 14.7        |
|    min_ttc                 | 7.19        |
|    out_of_road             | 0           |
|    route_completion        | 0.792       |
|    shaped_reward           | 106         |
|    steering_variation      | 0.551       |
|    success                 | 0           |
|    ttc_risk                | 0.000591    |
| rollout/                   |             |
|    ep_len_mean             | 877         |
|    ep_rew_mean             | 73.1        |
|    success_rate            | 0.2         |
| time/                      |             |
|    fps                     | 1858        |
|    iterations              | 52          |
|    time_elapsed            | 286         |
|    total_timesteps         | 532480      |
| train/                     |             |
|    approx_kl               | 0.048134346 |
|    clip_fraction           | 0.202       |
|    clip_range              | 0.2         |
|    entropy_loss            | -1.98       |
|    explained_variance      | 0.584       |
|    learning_rate           | 0.0003      |
|    loss                    | 8.36        |
|    n_updates               | 510         |
|    policy_gradient_loss    | 0.00362     |
|    std                     | 0.653       |
|    value_loss              | 27.5        |
--------------------------------------------
-------------------------------------------
| curriculum/                |            |
|    stage                   | 2          |
|    window_cost             | 0.0667     |
|    window_route_completion | 0.743      |
|    window_success          | 0.0333     |
| paper/                     |            |
|    accel_variation         | 0.404      |
|    base_reward             | 350        |
|    collision               | 0          |
|    crash_object            | 0          |
|    crash_vehicle           | 0          |
|    episode_cost            | 0          |
|    episode_length          | 1000       |
|    jerk                    | 0.358      |
|    lane_deviation          | 0.228      |
|    max_lane_deviation      | 0.866      |
|    mean_speed_kmh          | 15.7       |
|    min_ttc                 | 4.67       |
|    out_of_road             | 0          |
|    route_completion        | 0.781      |
|    shaped_reward           | 143        |
|    steering_variation      | 0.546      |
|    success                 | 0          |
|    ttc_risk                | 0.000611   |
| rollout/                   |            |
|    ep_len_mean             | 882        |
|    ep_rew_mean             | 82.8       |
|    success_rate            | 0.2        |
| time/                      |            |
|    fps                     | 1826       |
|    iterations              | 53         |
|    time_elapsed            | 297        |
|    total_timesteps         | 542720     |
| train/                     |            |
|    approx_kl               | 0.12621674 |
|    clip_fraction           | 0.304      |
|    clip_range              | 0.2        |
|    entropy_loss            | -1.95      |
|    explained_variance      | 0.654      |
|    learning_rate           | 0.0003     |
|    loss                    | 2.26       |
|    n_updates               | 520        |
|    policy_gradient_loss    | 0.0185     |
|    std                     | 0.64       |
|    value_loss              | 11.9       |
-------------------------------------------
--------------------------------------------
| curriculum/                |             |
|    stage                   | 2           |
|    window_cost             | 0.1         |
|    window_route_completion | 0.719       |
|    window_success          | 0           |
| paper/                     |             |
|    accel_variation         | 0.405       |
|    base_reward             | 311         |
|    collision               | 0           |
|    crash_object            | 0           |
|    crash_vehicle           | 0           |
|    episode_cost            | 0           |
|    episode_length          | 1000        |
|    jerk                    | 0.372       |
|    lane_deviation          | 0.302       |
|    max_lane_deviation      | 1.19        |
|    mean_speed_kmh          | 15.9        |
|    min_ttc                 | 20          |
|    out_of_road             | 0           |
|    route_completion        | 0.751       |
|    shaped_reward           | 96.8        |
|    steering_variation      | 0.557       |
|    success                 | 0           |
|    ttc_risk                | 0           |
| rollout/                   |             |
|    ep_len_mean             | 885         |
|    ep_rew_mean             | 80.7        |
|    success_rate            | 0.2         |
| time/                      |             |
|    fps                     | 1795        |
|    iterations              | 54          |
|    time_elapsed            | 307         |
|    total_timesteps         | 552960      |
| train/                     |             |
|    approx_kl               | 0.021678578 |
|    clip_fraction           | 0.247       |
|    clip_range              | 0.2         |
|    entropy_loss            | -1.92       |
|    explained_variance      | 0.169       |
|    learning_rate           | 0.0003      |
|    loss                    | 31.2        |
|    n_updates               | 530         |
|    policy_gradient_loss    | 0.00255     |
|    std                     | 0.633       |
|    value_loss              | 42.9        |
--------------------------------------------
--------------------------------------------
| curriculum/                |             |
|    stage                   | 2           |
|    window_cost             | 0.1         |
|    window_route_completion | 0.706       |
|    window_success          | 0.0667      |
| paper/                     |             |
|    accel_variation         | 0.383       |
|    base_reward             | 317         |
|    collision               | 0           |
|    crash_object            | 0           |
|    crash_vehicle           | 0           |
|    episode_cost            | 0           |
|    episode_length          | 1000        |
|    jerk                    | 0.359       |
|    lane_deviation          | 0.329       |
|    max_lane_deviation      | 1.08        |
|    mean_speed_kmh          | 16.4        |
|    min_ttc                 | 17.8        |
|    out_of_road             | 0           |
|    route_completion        | 0.774       |
|    shaped_reward           | 92          |
|    steering_variation      | 0.56        |
|    success                 | 0           |
|    ttc_risk                | 0           |
| rollout/                   |             |
|    ep_len_mean             | 903         |
|    ep_rew_mean             | 77.5        |
|    success_rate            | 0.21        |
| time/                      |             |
|    fps                     | 1768        |
|    iterations              | 55          |
|    time_elapsed            | 318         |
|    total_timesteps         | 563200      |
| train/                     |             |
|    approx_kl               | 0.007392035 |
|    clip_fraction           | 0.115       |
|    clip_range              | 0.2         |
|    entropy_loss            | -1.92       |
|    explained_variance      | 0.432       |
|    learning_rate           | 0.0003      |
|    loss                    | 37.9        |
|    n_updates               | 540         |
|    policy_gradient_loss    | -0.00145    |
|    std                     | 0.632       |
|    value_loss              | 53.1        |
--------------------------------------------
--------------------------------------------
| curriculum/                |             |
|    stage                   | 2           |
|    window_cost             | 0.0333      |
|    window_route_completion | 0.721       |
|    window_success          | 0.0667      |
| paper/                     |             |
|    accel_variation         | 0.382       |
|    base_reward             | 138         |
|    collision               | 0           |
|    crash_object            | 0           |
|    crash_vehicle           | 0           |
|    episode_cost            | 1           |
|    episode_length          | 541         |
|    jerk                    | 0.325       |
|    lane_deviation          | 0.355       |
|    max_lane_deviation      | 1.72        |
|    mean_speed_kmh          | 14.8        |
|    min_ttc                 | 7.37        |
|    out_of_road             | 1           |
|    route_completion        | 0.365       |
|    shaped_reward           | -149        |
|    steering_variation      | 0.563       |
|    success                 | 0           |
|    ttc_risk                | 0.00117     |
| rollout/                   |             |
|    ep_len_mean             | 926         |
|    ep_rew_mean             | 71.4        |
|    success_rate            | 0.15        |
| time/                      |             |
|    fps                     | 1744        |
|    iterations              | 56          |
|    time_elapsed            | 328         |
|    total_timesteps         | 573440      |
| train/                     |             |
|    approx_kl               | 0.009895041 |
|    clip_fraction           | 0.156       |
|    clip_range              | 0.2         |
|    entropy_loss            | -1.91       |
|    explained_variance      | 0.611       |
|    learning_rate           | 0.0003      |
|    loss                    | 9.37        |
|    n_updates               | 550         |
|    policy_gradient_loss    | 0.00152     |
|    std                     | 0.626       |
|    value_loss              | 24.8        |
--------------------------------------------
--------------------------------------------
| curriculum/                |             |
|    stage                   | 2           |
|    window_cost             | 0.0333      |
|    window_route_completion | 0.723       |
|    window_success          | 0.0667      |
| paper/                     |             |
|    accel_variation         | 0.41        |
|    base_reward             | 368         |
|    collision               | 0           |
|    crash_object            | 0           |
|    crash_vehicle           | 0           |
|    episode_cost            | 0           |
|    episode_length          | 1000        |
|    jerk                    | 0.351       |
|    lane_deviation          | 0.194       |
|    max_lane_deviation      | 0.856       |
|    mean_speed_kmh          | 15.8        |
|    min_ttc                 | 9.71        |
|    out_of_road             | 0           |
|    route_completion        | 0.554       |
|    shaped_reward           | 154         |
|    steering_variation      | 0.536       |
|    success                 | 0           |
|    ttc_risk                | 0.000461    |
| rollout/                   |             |
|    ep_len_mean             | 949         |
|    ep_rew_mean             | 65.7        |
|    success_rate            | 0.1         |
| time/                      |             |
|    fps                     | 1713        |
|    iterations              | 57          |
|    time_elapsed            | 340         |
|    total_timesteps         | 583680      |
| train/                     |             |
|    approx_kl               | 0.013984087 |
|    clip_fraction           | 0.22        |
|    clip_range              | 0.2         |
|    entropy_loss            | -1.88       |
|    explained_variance      | 0.317       |
|    learning_rate           | 0.0003      |
|    loss                    | 56.7        |
|    n_updates               | 560         |
|    policy_gradient_loss    | 0.00626     |
|    std                     | 0.619       |
|    value_loss              | 36.6        |
--------------------------------------------
-------------------------------------------
| curriculum/                |            |
|    stage                   | 2          |
|    window_cost             | 0.0333     |
|    window_route_completion | 0.723      |
|    window_success          | 0.0333     |
| paper/                     |            |
|    accel_variation         | 0.436      |
|    base_reward             | 332        |
|    collision               | 0          |
|    crash_object            | 0          |
|    crash_vehicle           | 0          |
|    episode_cost            | 0          |
|    episode_length          | 875        |
|    jerk                    | 0.39       |
|    lane_deviation          | 0.226      |
|    max_lane_deviation      | 0.9        |
|    mean_speed_kmh          | 16.4       |
|    min_ttc                 | 11.1       |
|    out_of_road             | 0          |
|    route_completion        | 0.988      |
|    shaped_reward           | 210        |
|    steering_variation      | 0.528      |
|    success                 | 1          |
|    ttc_risk                | 8.93e-05   |
| rollout/                   |            |
|    ep_len_mean             | 962        |
|    ep_rew_mean             | 64.1       |
|    success_rate            | 0.05       |
| time/                      |            |
|    fps                     | 1693       |
|    iterations              | 58         |
|    time_elapsed            | 350        |
|    total_timesteps         | 593920     |
| train/                     |            |
|    approx_kl               | 0.08494108 |
|    clip_fraction           | 0.21       |
|    clip_range              | 0.2        |
|    entropy_loss            | -1.86      |
|    explained_variance      | 0.634      |
|    learning_rate           | 0.0003     |
|    loss                    | 6.25       |
|    n_updates               | 570        |
|    policy_gradient_loss    | 0.00453    |
|    std                     | 0.616      |
|    value_loss              | 17.2       |
-------------------------------------------
--------------------------------------------
| curriculum/                |             |
|    stage                   | 2           |
|    window_cost             | 0.0333      |
|    window_route_completion | 0.753       |
|    window_success          | 0.0667      |
| paper/                     |             |
|    accel_variation         | 0.382       |
|    base_reward             | 122         |
|    collision               | 1           |
|    crash_object            | 0           |
|    crash_vehicle           | 1           |
|    episode_cost            | 1           |
|    episode_length          | 443         |
|    jerk                    | 0.339       |
|    lane_deviation          | 0.276       |
|    max_lane_deviation      | 0.793       |
|    mean_speed_kmh          | 14.5        |
|    min_ttc                 | 0.654       |
|    out_of_road             | 0           |
|    route_completion        | 0.311       |
|    shaped_reward           | -128        |
|    steering_variation      | 0.548       |
|    success                 | 0           |
|    ttc_risk                | 0.00366     |
| rollout/                   |             |
|    ep_len_mean             | 964         |
|    ep_rew_mean             | 61.8        |
|    success_rate            | 0.05        |
| time/                      |             |
|    fps                     | 1676        |
|    iterations              | 59          |
|    time_elapsed            | 360         |
|    total_timesteps         | 604160      |
| train/                     |             |
|    approx_kl               | 0.008420633 |
|    clip_fraction           | 0.164       |
|    clip_range              | 0.2         |
|    entropy_loss            | -1.86       |
|    explained_variance      | 0.569       |
|    learning_rate           | 0.0003      |
|    loss                    | 19.1        |
|    n_updates               | 580         |
|    policy_gradient_loss    | 0.00266     |
|    std                     | 0.614       |
|    value_loss              | 36.7        |
--------------------------------------------
-------------------------------------------
| curriculum/                |            |
|    stage                   | 2          |
|    window_cost             | 0.1        |
|    window_route_completion | 0.752      |
|    window_success          | 0.1        |
| paper/                     |            |
|    accel_variation         | 0.449      |
|    base_reward             | 326        |
|    collision               | 0          |
|    crash_object            | 0          |
|    crash_vehicle           | 0          |
|    episode_cost            | 0          |
|    episode_length          | 1000       |
|    jerk                    | 0.41       |
|    lane_deviation          | 0.315      |
|    max_lane_deviation      | 0.885      |
|    mean_speed_kmh          | 16.5       |
|    min_ttc                 | 14.4       |
|    out_of_road             | 0          |
|    route_completion        | 0.728      |
|    shaped_reward           | 109        |
|    steering_variation      | 0.494      |
|    success                 | 0          |
|    ttc_risk                | 0          |
| rollout/                   |            |
|    ep_len_mean             | 957        |
|    ep_rew_mean             | 66.6       |
|    success_rate            | 0.06       |
| time/                      |            |
|    fps                     | 1654       |
|    iterations              | 60         |
|    time_elapsed            | 371        |
|    total_timesteps         | 614400     |
| train/                     |            |
|    approx_kl               | 0.07998277 |
|    clip_fraction           | 0.219      |
|    clip_range              | 0.2        |
|    entropy_loss            | -1.83      |
|    explained_variance      | 0.401      |
|    learning_rate           | 0.0003     |
|    loss                    | 2.16       |
|    n_updates               | 590        |
|    policy_gradient_loss    | 0.00855    |
|    std                     | 0.605      |
|    value_loss              | 21.1       |
-------------------------------------------
-------------------------------------------
| curriculum/                |            |
|    stage                   | 2          |
|    window_cost             | 0.133      |
|    window_route_completion | 0.731      |
|    window_success          | 0.0333     |
| paper/                     |            |
|    accel_variation         | 0.435      |
|    base_reward             | 326        |
|    collision               | 0          |
|    crash_object            | 0          |
|    crash_vehicle           | 0          |
|    episode_cost            | 0          |
|    episode_length          | 1000       |
|    jerk                    | 0.362      |
|    lane_deviation          | 0.257      |
|    max_lane_deviation      | 0.997      |
|    mean_speed_kmh          | 15.2       |
|    min_ttc                 | 7.75       |
|    out_of_road             | 0          |
|    route_completion        | 0.648      |
|    shaped_reward           | 113        |
|    steering_variation      | 0.534      |
|    success                 | 0          |
|    ttc_risk                | 0.00163    |
| rollout/                   |            |
|    ep_len_mean             | 953        |
|    ep_rew_mean             | 63.6       |
|    success_rate            | 0.05       |
| time/                      |            |
|    fps                     | 1634       |
|    iterations              | 61         |
|    time_elapsed            | 382        |
|    total_timesteps         | 624640     |
| train/                     |            |
|    approx_kl               | 0.01636143 |
|    clip_fraction           | 0.151      |
|    clip_range              | 0.2        |
|    entropy_loss            | -1.8       |
|    explained_variance      | 0.263      |
|    learning_rate           | 0.0003     |
|    loss                    | 47.5       |
|    n_updates               | 600        |
|    policy_gradient_loss    | -0.00131   |
|    std                     | 0.596      |
|    value_loss              | 44.2       |
-------------------------------------------
-------------------------------------------
| curriculum/                |            |
|    stage                   | 2          |
|    window_cost             | 0.1        |
|    window_route_completion | 0.766      |
|    window_success          | 0.0667     |
| paper/                     |            |
|    accel_variation         | 0.417      |
|    base_reward             | 349        |
|    collision               | 0          |
|    crash_object            | 0          |
|    crash_vehicle           | 0          |
|    episode_cost            | 0          |
|    episode_length          | 1000       |
|    jerk                    | 0.406      |
|    lane_deviation          | 0.212      |
|    max_lane_deviation      | 0.973      |
|    mean_speed_kmh          | 15.4       |
|    min_ttc                 | 6.45       |
|    out_of_road             | 0          |
|    route_completion        | 0.658      |
|    shaped_reward           | 137        |
|    steering_variation      | 0.538      |
|    success                 | 0          |
|    ttc_risk                | 0.00204    |
| rollout/                   |            |
|    ep_len_mean             | 956        |
|    ep_rew_mean             | 69.8       |
|    success_rate            | 0.06       |
| time/                      |            |
|    fps                     | 1615       |
|    iterations              | 62         |
|    time_elapsed            | 393        |
|    total_timesteps         | 634880     |
| train/                     |            |
|    approx_kl               | 0.07190648 |
|    clip_fraction           | 0.209      |
|    clip_range              | 0.2        |
|    entropy_loss            | -1.79      |
|    explained_variance      | 0.304      |
|    learning_rate           | 0.0003     |
|    loss                    | 41.4       |
|    n_updates               | 610        |
|    policy_gradient_loss    | 0.000695   |
|    std                     | 0.595      |
|    value_loss              | 43.5       |
-------------------------------------------
------------------------------------------
| curriculum/                |           |
|    stage                   | 2         |
|    window_cost             | 0.133     |
|    window_route_completion | 0.749     |
|    window_success          | 0.0333    |
| paper/                     |           |
|    accel_variation         | 0.433     |
|    base_reward             | 326       |
|    collision               | 0         |
|    crash_object            | 0         |
|    crash_vehicle           | 0         |
|    episode_cost            | 0         |
|    episode_length          | 1000      |
|    jerk                    | 0.402     |
|    lane_deviation          | 0.276     |
|    max_lane_deviation      | 0.99      |
|    mean_speed_kmh          | 16.5      |
|    min_ttc                 | 2.43      |
|    out_of_road             | 0         |
|    route_completion        | 0.983     |
|    shaped_reward           | 53.6      |
|    steering_variation      | 0.504     |
|    success                 | 0         |
|    ttc_risk                | 0.0114    |
| rollout/                   |           |
|    ep_len_mean             | 953       |
|    ep_rew_mean             | 73        |
|    success_rate            | 0.06      |
| time/                      |           |
|    fps                     | 1595      |
|    iterations              | 63        |
|    time_elapsed            | 404       |
|    total_timesteps         | 645120    |
| train/                     |           |
|    approx_kl               | 0.0252563 |
|    clip_fraction           | 0.256     |
|    clip_range              | 0.2       |
|    entropy_loss            | -1.77     |
|    explained_variance      | 0.602     |
|    learning_rate           | 0.0003    |
|    loss                    | 16.8      |
|    n_updates               | 620       |
|    policy_gradient_loss    | 0.013     |
|    std                     | 0.586     |
|    value_loss              | 14.9      |
------------------------------------------
---------------------------------------------
| curriculum/                |              |
|    stage                   | 2            |
|    window_cost             | 0.233        |
|    window_route_completion | 0.719        |
|    window_success          | 0.0667       |
| paper/                     |              |
|    accel_variation         | 0.433        |
|    base_reward             | 348          |
|    collision               | 0            |
|    crash_object            | 0            |
|    crash_vehicle           | 0            |
|    episode_cost            | 0            |
|    episode_length          | 1000         |
|    jerk                    | 0.396        |
|    lane_deviation          | 0.283        |
|    max_lane_deviation      | 0.999        |
|    mean_speed_kmh          | 17.1         |
|    min_ttc                 | 16           |
|    out_of_road             | 0            |
|    route_completion        | 0.914        |
|    shaped_reward           | 133          |
|    steering_variation      | 0.504        |
|    success                 | 0            |
|    ttc_risk                | 0            |
| rollout/                   |              |
|    ep_len_mean             | 939          |
|    ep_rew_mean             | 71.8         |
|    success_rate            | 0.06         |
| time/                      |              |
|    fps                     | 1578         |
|    iterations              | 64           |
|    time_elapsed            | 415          |
|    total_timesteps         | 655360       |
| train/                     |              |
|    approx_kl               | 0.0065093758 |
|    clip_fraction           | 0.165        |
|    clip_range              | 0.2          |
|    entropy_loss            | -1.75        |
|    explained_variance      | 0.173        |
|    learning_rate           | 0.0003       |
|    loss                    | 60.6         |
|    n_updates               | 630          |
|    policy_gradient_loss    | 0.0018       |
|    std                     | 0.586        |
|    value_loss              | 87.6         |
---------------------------------------------
--------------------------------------------
| curriculum/                |             |
|    stage                   | 2           |
|    window_cost             | 0.233       |
|    window_route_completion | 0.73        |
|    window_success          | 0.1         |
| paper/                     |             |
|    accel_variation         | 0.472       |
|    base_reward             | 339         |
|    collision               | 0           |
|    crash_object            | 0           |
|    crash_vehicle           | 0           |
|    episode_cost            | 0           |
|    episode_length          | 1000        |
|    jerk                    | 0.431       |
|    lane_deviation          | 0.284       |
|    max_lane_deviation      | 0.993       |
|    mean_speed_kmh          | 16.6        |
|    min_ttc                 | 9.41        |
|    out_of_road             | 0           |
|    route_completion        | 0.855       |
|    shaped_reward           | 122         |
|    steering_variation      | 0.508       |
|    success                 | 0           |
|    ttc_risk                | 0.00058     |
| rollout/                   |             |
|    ep_len_mean             | 944         |
|    ep_rew_mean             | 78.5        |
|    success_rate            | 0.07        |
| time/                      |             |
|    fps                     | 1560        |
|    iterations              | 65          |
|    time_elapsed            | 426         |
|    total_timesteps         | 665600      |
| train/                     |             |
|    approx_kl               | 0.012565586 |
|    clip_fraction           | 0.188       |
|    clip_range              | 0.2         |
|    entropy_loss            | -1.74       |
|    explained_variance      | 0.418       |
|    learning_rate           | 0.0003      |
|    loss                    | 36.2        |
|    n_updates               | 640         |
|    policy_gradient_loss    | 0.00276     |
|    std                     | 0.583       |
|    value_loss              | 49.7        |
--------------------------------------------
------------------------------------------
| curriculum/                |           |
|    stage                   | 2         |
|    window_cost             | 0.1       |
|    window_route_completion | 0.78      |
|    window_success          | 0.133     |
| paper/                     |           |
|    accel_variation         | 0.456     |
|    base_reward             | 381       |
|    collision               | 0         |
|    crash_object            | 0         |
|    crash_vehicle           | 0         |
|    episode_cost            | 0         |
|    episode_length          | 1000      |
|    jerk                    | 0.42      |
|    lane_deviation          | 0.192     |
|    max_lane_deviation      | 0.661     |
|    mean_speed_kmh          | 16.6      |
|    min_ttc                 | 3.62      |
|    out_of_road             | 0         |
|    route_completion        | 0.876     |
|    shaped_reward           | 158       |
|    steering_variation      | 0.499     |
|    success                 | 0         |
|    ttc_risk                | 0.00373   |
| rollout/                   |           |
|    ep_len_mean             | 936       |
|    ep_rew_mean             | 79.6      |
|    success_rate            | 0.08      |
| time/                      |           |
|    fps                     | 1542      |
|    iterations              | 66        |
|    time_elapsed            | 438       |
|    total_timesteps         | 675840    |
| train/                     |           |
|    approx_kl               | 0.0247415 |
|    clip_fraction           | 0.209     |
|    clip_range              | 0.2       |
|    entropy_loss            | -1.74     |
|    explained_variance      | 0.661     |
|    learning_rate           | 0.0003    |
|    loss                    | 3.73      |
|    n_updates               | 650       |
|    policy_gradient_loss    | 0.00737   |
|    std                     | 0.585     |
|    value_loss              | 16.1      |
------------------------------------------
---------------------------------------------
| curriculum/                |              |
|    stage                   | 2            |
|    window_cost             | 0.1          |
|    window_route_completion | 0.756        |
|    window_success          | 0.1          |
| paper/                     |              |
|    accel_variation         | 0.447        |
|    base_reward             | 332          |
|    collision               | 0            |
|    crash_object            | 0            |
|    crash_vehicle           | 0            |
|    episode_cost            | 0            |
|    episode_length          | 1000         |
|    jerk                    | 0.433        |
|    lane_deviation          | 0.317        |
|    max_lane_deviation      | 0.924        |
|    mean_speed_kmh          | 16.8         |
|    min_ttc                 | 5.23         |
|    out_of_road             | 0            |
|    route_completion        | 0.81         |
|    shaped_reward           | 101          |
|    steering_variation      | 0.5          |
|    success                 | 0            |
|    ttc_risk                | 0.00187      |
| rollout/                   |              |
|    ep_len_mean             | 926          |
|    ep_rew_mean             | 71.2         |
|    success_rate            | 0.08         |
| time/                      |              |
|    fps                     | 1528         |
|    iterations              | 67           |
|    time_elapsed            | 448          |
|    total_timesteps         | 686080       |
| train/                     |              |
|    approx_kl               | 0.0053241714 |
|    clip_fraction           | 0.0979       |
|    clip_range              | 0.2          |
|    entropy_loss            | -1.73        |
|    explained_variance      | 0.664        |
|    learning_rate           | 0.0003       |
|    loss                    | 21           |
|    n_updates               | 660          |
|    policy_gradient_loss    | -0.00119     |
|    std                     | 0.58         |
|    value_loss              | 43.8         |
---------------------------------------------
--------------------------------------------
| curriculum/                |             |
|    stage                   | 2           |
|    window_cost             | 0.2         |
|    window_route_completion | 0.706       |
|    window_success          | 0.0667      |
| paper/                     |             |
|    accel_variation         | 0.462       |
|    base_reward             | 370         |
|    collision               | 0           |
|    crash_object            | 0           |
|    crash_vehicle           | 0           |
|    episode_cost            | 0           |
|    episode_length          | 1000        |
|    jerk                    | 0.416       |
|    lane_deviation          | 0.217       |
|    max_lane_deviation      | 0.85        |
|    mean_speed_kmh          | 17.1        |
|    min_ttc                 | nan         |
|    out_of_road             | 0           |
|    route_completion        | 0.873       |
|    shaped_reward           | 164         |
|    steering_variation      | 0.505       |
|    success                 | 0           |
|    ttc_risk                | 0           |
| rollout/                   |             |
|    ep_len_mean             | 913         |
|    ep_rew_mean             | 73.4        |
|    success_rate            | 0.08        |
| time/                      |             |
|    fps                     | 1511        |
|    iterations              | 68          |
|    time_elapsed            | 460         |
|    total_timesteps         | 696320      |
| train/                     |             |
|    approx_kl               | 0.008506712 |
|    clip_fraction           | 0.145       |
|    clip_range              | 0.2         |
|    entropy_loss            | -1.72       |
|    explained_variance      | 0.56        |
|    learning_rate           | 0.0003      |
|    loss                    | 33.6        |
|    n_updates               | 670         |
|    policy_gradient_loss    | -0.000842   |
|    std                     | 0.575       |
|    value_loss              | 59.8        |
--------------------------------------------
--------------------------------------------
| curriculum/                |             |
|    stage                   | 2           |
|    window_cost             | 0.2         |
|    window_route_completion | 0.74        |
|    window_success          | 0.133       |
| paper/                     |             |
|    accel_variation         | 0.45        |
|    base_reward             | 367         |
|    collision               | 0           |
|    crash_object            | 0           |
|    crash_vehicle           | 0           |
|    episode_cost            | 0           |
|    episode_length          | 1000        |
|    jerk                    | 0.421       |
|    lane_deviation          | 0.231       |
|    max_lane_deviation      | 0.823       |
|    mean_speed_kmh          | 16.6        |
|    min_ttc                 | 3.52        |
|    out_of_road             | 0           |
|    route_completion        | 0.958       |
|    shaped_reward           | 144         |
|    steering_variation      | 0.501       |
|    success                 | 0           |
|    ttc_risk                | 0.00293     |
| rollout/                   |             |
|    ep_len_mean             | 915         |
|    ep_rew_mean             | 74.1        |
|    success_rate            | 0.09        |
| time/                      |             |
|    fps                     | 1496        |
|    iterations              | 69          |
|    time_elapsed            | 472         |
|    total_timesteps         | 706560      |
| train/                     |             |
|    approx_kl               | 0.023838755 |
|    clip_fraction           | 0.166       |
|    clip_range              | 0.2         |
|    entropy_loss            | -1.69       |
|    explained_variance      | 0.357       |
|    learning_rate           | 0.0003      |
|    loss                    | 46.6        |
|    n_updates               | 680         |
|    policy_gradient_loss    | -9.85e-05   |
|    std                     | 0.569       |
|    value_loss              | 76.1        |
--------------------------------------------
---------------------------------------------
| curriculum/                |              |
|    stage                   | 2            |
|    window_cost             | 0.133        |
|    window_route_completion | 0.765        |
|    window_success          | 0.167        |
| paper/                     |              |
|    accel_variation         | 0.496        |
|    base_reward             | 356          |
|    collision               | 0            |
|    crash_object            | 0            |
|    crash_vehicle           | 0            |
|    episode_cost            | 0            |
|    episode_length          | 881          |
|    jerk                    | 0.42         |
|    lane_deviation          | 0.206        |
|    max_lane_deviation      | 0.811        |
|    mean_speed_kmh          | 17           |
|    min_ttc                 | 7.42         |
|    out_of_road             | 0            |
|    route_completion        | 0.987        |
|    shaped_reward           | 223          |
|    steering_variation      | 0.505        |
|    success                 | 1            |
|    ttc_risk                | 0.000716     |
| rollout/                   |              |
|    ep_len_mean             | 918          |
|    ep_rew_mean             | 73.8         |
|    success_rate            | 0.11         |
| time/                      |              |
|    fps                     | 1480         |
|    iterations              | 70           |
|    time_elapsed            | 484          |
|    total_timesteps         | 716800       |
| train/                     |              |
|    approx_kl               | 0.0119955065 |
|    clip_fraction           | 0.175        |
|    clip_range              | 0.2          |
|    entropy_loss            | -1.67        |
|    explained_variance      | 0.56         |
|    learning_rate           | 0.0003       |
|    loss                    | 13.5         |
|    n_updates               | 690          |
|    policy_gradient_loss    | 0.00136      |
|    std                     | 0.563        |
|    value_loss              | 67.8         |
---------------------------------------------
------------------------------------------
| curriculum/                |           |
|    stage                   | 2         |
|    window_cost             | 0.2       |
|    window_route_completion | 0.744     |
|    window_success          | 0.2       |
| paper/                     |           |
|    accel_variation         | 0.494     |
|    base_reward             | 311       |
|    collision               | 1         |
|    crash_object            | 0         |
|    crash_vehicle           | 1         |
|    episode_cost            | 1         |
|    episode_length          | 822       |
|    jerk                    | 0.462     |
|    lane_deviation          | 0.213     |
|    max_lane_deviation      | 0.769     |
|    mean_speed_kmh          | 17.2      |
|    min_ttc                 | 17        |
|    out_of_road             | 0         |
|    route_completion        | 0.591     |
|    shaped_reward           | -23       |
|    steering_variation      | 0.497     |
|    success                 | 0         |
|    ttc_risk                | 0         |
| rollout/                   |           |
|    ep_len_mean             | 900       |
|    ep_rew_mean             | 70.6      |
|    success_rate            | 0.13      |
| time/                      |           |
|    fps                     | 1468      |
|    iterations              | 71        |
|    time_elapsed            | 495       |
|    total_timesteps         | 727040    |
| train/                     |           |
|    approx_kl               | 0.1187528 |
|    clip_fraction           | 0.279     |
|    clip_range              | 0.2       |
|    entropy_loss            | -1.67     |
|    explained_variance      | 0.734     |
|    learning_rate           | 0.0003    |
|    loss                    | 22.2      |
|    n_updates               | 700       |
|    policy_gradient_loss    | 0.0127    |
|    std                     | 0.568     |
|    value_loss              | 27.4      |
------------------------------------------
--------------------------------------------
| curriculum/                |             |
|    stage                   | 2           |
|    window_cost             | 0.2         |
|    window_route_completion | 0.767       |
|    window_success          | 0.167       |
| paper/                     |             |
|    accel_variation         | 0.493       |
|    base_reward             | 340         |
|    collision               | 0           |
|    crash_object            | 0           |
|    crash_vehicle           | 0           |
|    episode_cost            | 0           |
|    episode_length          | 1000        |
|    jerk                    | 0.456       |
|    lane_deviation          | 0.269       |
|    max_lane_deviation      | 0.992       |
|    mean_speed_kmh          | 17.4        |
|    min_ttc                 | nan         |
|    out_of_road             | 0           |
|    route_completion        | 0.895       |
|    shaped_reward           | 131         |
|    steering_variation      | 0.474       |
|    success                 | 0           |
|    ttc_risk                | 0           |
| rollout/                   |             |
|    ep_len_mean             | 912         |
|    ep_rew_mean             | 80.8        |
|    success_rate            | 0.14        |
| time/                      |             |
|    fps                     | 1460        |
|    iterations              | 72          |
|    time_elapsed            | 504         |
|    total_timesteps         | 737280      |
| train/                     |             |
|    approx_kl               | 0.004329072 |
|    clip_fraction           | 0.102       |
|    clip_range              | 0.2         |
|    entropy_loss            | -1.67       |
|    explained_variance      | 0.417       |
|    learning_rate           | 0.0003      |
|    loss                    | 26.5        |
|    n_updates               | 710         |
|    policy_gradient_loss    | -0.00293    |
|    std                     | 0.567       |
|    value_loss              | 54.3        |
--------------------------------------------
---------------------------------------------
| curriculum/                |              |
|    stage                   | 2            |
|    window_cost             | 0.167        |
|    window_route_completion | 0.807        |
|    window_success          | 0.133        |
| paper/                     |              |
|    accel_variation         | 0.486        |
|    base_reward             | 368          |
|    collision               | 0            |
|    crash_object            | 0            |
|    crash_vehicle           | 0            |
|    episode_cost            | 0            |
|    episode_length          | 1000         |
|    jerk                    | 0.413        |
|    lane_deviation          | 0.236        |
|    max_lane_deviation      | 0.857        |
|    mean_speed_kmh          | 17           |
|    min_ttc                 | nan          |
|    out_of_road             | 0            |
|    route_completion        | 0.964        |
|    shaped_reward           | 162          |
|    steering_variation      | 0.507        |
|    success                 | 0            |
|    ttc_risk                | 0            |
| rollout/                   |              |
|    ep_len_mean             | 925          |
|    ep_rew_mean             | 91.2         |
|    success_rate            | 0.13         |
| time/                      |              |
|    fps                     | 1451         |
|    iterations              | 73           |
|    time_elapsed            | 514          |
|    total_timesteps         | 747520       |
| train/                     |              |
|    approx_kl               | 0.0056943633 |
|    clip_fraction           | 0.222        |
|    clip_range              | 0.2          |
|    entropy_loss            | -1.66        |
|    explained_variance      | 0.468        |
|    learning_rate           | 0.0003       |
|    loss                    | 23.2         |
|    n_updates               | 720          |
|    policy_gradient_loss    | 0.00191      |
|    std                     | 0.562        |
|    value_loss              | 47.3         |
---------------------------------------------
-------------------------------------------
| curriculum/                |            |
|    stage                   | 2          |
|    window_cost             | 0.2        |
|    window_route_completion | 0.748      |
|    window_success          | 0.0667     |
| paper/                     |            |
|    accel_variation         | 0.46       |
|    base_reward             | 311        |
|    collision               | 0          |
|    crash_object            | 0          |
|    crash_vehicle           | 0          |
|    episode_cost            | 0          |
|    episode_length          | 1000       |
|    jerk                    | 0.415      |
|    lane_deviation          | 0.329      |
|    max_lane_deviation      | 1.57       |
|    mean_speed_kmh          | 16.8       |
|    min_ttc                 | 9.03       |
|    out_of_road             | 0          |
|    route_completion        | 0.847      |
|    shaped_reward           | 83.4       |
|    steering_variation      | 0.492      |
|    success                 | 0          |
|    ttc_risk                | 0.000308   |
| rollout/                   |            |
|    ep_len_mean             | 900        |
|    ep_rew_mean             | 77.2       |
|    success_rate            | 0.13       |
| time/                      |            |
|    fps                     | 1442       |
|    iterations              | 74         |
|    time_elapsed            | 525        |
|    total_timesteps         | 757760     |
| train/                     |            |
|    approx_kl               | 0.28868255 |
|    clip_fraction           | 0.252      |
|    clip_range              | 0.2        |
|    entropy_loss            | -1.65      |
|    explained_variance      | 0.511      |
|    learning_rate           | 0.0003     |
|    loss                    | 2.87       |
|    n_updates               | 730        |
|    policy_gradient_loss    | 0.0123     |
|    std                     | 0.562      |
|    value_loss              | 26         |
-------------------------------------------
--------------------------------------------
| curriculum/                |             |
|    stage                   | 2           |
|    window_cost             | 0.233       |
|    window_route_completion | 0.773       |
|    window_success          | 0.167       |
| paper/                     |             |
|    accel_variation         | 0.495       |
|    base_reward             | 174         |
|    collision               | 0           |
|    crash_object            | 0           |
|    crash_vehicle           | 0           |
|    episode_cost            | 1           |
|    episode_length          | 642         |
|    jerk                    | 0.42        |
|    lane_deviation          | 0.361       |
|    max_lane_deviation      | 1.18        |
|    mean_speed_kmh          | 17.3        |
|    min_ttc                 | nan         |
|    out_of_road             | 1           |
|    route_completion        | 0.597       |
|    shaped_reward           | -122        |
|    steering_variation      | 0.483       |
|    success                 | 0           |
|    ttc_risk                | 0           |
| rollout/                   |             |
|    ep_len_mean             | 898         |
|    ep_rew_mean             | 74.1        |
|    success_rate            | 0.15        |
| time/                      |             |
|    fps                     | 1434        |
|    iterations              | 75          |
|    time_elapsed            | 535         |
|    total_timesteps         | 768000      |
| train/                     |             |
|    approx_kl               | 0.011395653 |
|    clip_fraction           | 0.136       |
|    clip_range              | 0.2         |
|    entropy_loss            | -1.65       |
|    explained_variance      | 0.276       |
|    learning_rate           | 0.0003      |
|    loss                    | 29.3        |
|    n_updates               | 740         |
|    policy_gradient_loss    | -0.00268    |
|    std                     | 0.558       |
|    value_loss              | 105         |
--------------------------------------------
---------------------------------------------
| curriculum/                |              |
|    stage                   | 2            |
|    window_cost             | 0.167        |
|    window_route_completion | 0.762        |
|    window_success          | 0.167        |
| paper/                     |              |
|    accel_variation         | 0.488        |
|    base_reward             | 310          |
|    collision               | 0            |
|    crash_object            | 0            |
|    crash_vehicle           | 0            |
|    episode_cost            | 0            |
|    episode_length          | 1000         |
|    jerk                    | 0.441        |
|    lane_deviation          | 0.351        |
|    max_lane_deviation      | 1.34         |
|    mean_speed_kmh          | 17.1         |
|    min_ttc                 | 10.8         |
|    out_of_road             | 0            |
|    route_completion        | 0.691        |
|    shaped_reward           | 73.8         |
|    steering_variation      | 0.494        |
|    success                 | 0            |
|    ttc_risk                | 0.000109     |
| rollout/                   |              |
|    ep_len_mean             | 899          |
|    ep_rew_mean             | 81.4         |
|    success_rate            | 0.16         |
| time/                      |              |
|    fps                     | 1425         |
|    iterations              | 76           |
|    time_elapsed            | 545          |
|    total_timesteps         | 778240       |
| train/                     |              |
|    approx_kl               | 0.0113789085 |
|    clip_fraction           | 0.163        |
|    clip_range              | 0.2          |
|    entropy_loss            | -1.62        |
|    explained_variance      | 0.482        |
|    learning_rate           | 0.0003       |
|    loss                    | 29.2         |
|    n_updates               | 750          |
|    policy_gradient_loss    | -0.0011      |
|    std                     | 0.549        |
|    value_loss              | 55.3         |
---------------------------------------------
--------------------------------------------
| curriculum/                |             |
|    stage                   | 2           |
|    window_cost             | 0.167       |
|    window_route_completion | 0.789       |
|    window_success          | 0.267       |
| paper/                     |             |
|    accel_variation         | 0.492       |
|    base_reward             | 391         |
|    collision               | 0           |
|    crash_object            | 0           |
|    crash_vehicle           | 0           |
|    episode_cost            | 0           |
|    episode_length          | 986         |
|    jerk                    | 0.431       |
|    lane_deviation          | 0.195       |
|    max_lane_deviation      | 0.713       |
|    mean_speed_kmh          | 16.3        |
|    min_ttc                 | 3.03        |
|    out_of_road             | 0           |
|    route_completion        | 0.989       |
|    shaped_reward           | 106         |
|    steering_variation      | 0.467       |
|    success                 | 1           |
|    ttc_risk                | 0.0227      |
| rollout/                   |             |
|    ep_len_mean             | 904         |
|    ep_rew_mean             | 81.8        |
|    success_rate            | 0.18        |
| time/                      |             |
|    fps                     | 1417        |
|    iterations              | 77          |
|    time_elapsed            | 556         |
|    total_timesteps         | 788480      |
| train/                     |             |
|    approx_kl               | 0.013992692 |
|    clip_fraction           | 0.208       |
|    clip_range              | 0.2         |
|    entropy_loss            | -1.59       |
|    explained_variance      | 0.448       |
|    learning_rate           | 0.0003      |
|    loss                    | 9.36        |
|    n_updates               | 760         |
|    policy_gradient_loss    | 0.00221     |
|    std                     | 0.543       |
|    value_loss              | 35.9        |
--------------------------------------------
---------------------------------------------
| curriculum/                |              |
|    stage                   | 2            |
|    window_cost             | 0.1          |
|    window_route_completion | 0.819        |
|    window_success          | 0.167        |
| paper/                     |              |
|    accel_variation         | 0.479        |
|    base_reward             | 358          |
|    collision               | 0            |
|    crash_object            | 0            |
|    crash_vehicle           | 0            |
|    episode_cost            | 0            |
|    episode_length          | 1000         |
|    jerk                    | 0.486        |
|    lane_deviation          | 0.289        |
|    max_lane_deviation      | 0.948        |
|    mean_speed_kmh          | 17.3         |
|    min_ttc                 | 8.91         |
|    out_of_road             | 0            |
|    route_completion        | 0.764        |
|    shaped_reward           | 129          |
|    steering_variation      | 0.459        |
|    success                 | 0            |
|    ttc_risk                | 0.000338     |
| rollout/                   |              |
|    ep_len_mean             | 910          |
|    ep_rew_mean             | 85.7         |
|    success_rate            | 0.16         |
| time/                      |              |
|    fps                     | 1407         |
|    iterations              | 78           |
|    time_elapsed            | 567          |
|    total_timesteps         | 798720       |
| train/                     |              |
|    approx_kl               | 0.0092596365 |
|    clip_fraction           | 0.187        |
|    clip_range              | 0.2          |
|    entropy_loss            | -1.57        |
|    explained_variance      | 0.518        |
|    learning_rate           | 0.0003       |
|    loss                    | 16.3         |
|    n_updates               | 770          |
|    policy_gradient_loss    | 0.00202      |
|    std                     | 0.54         |
|    value_loss              | 35.8         |
---------------------------------------------
--------------------------------------------
| curriculum/                |             |
|    stage                   | 2           |
|    window_cost             | 0.167       |
|    window_route_completion | 0.8         |
|    window_success          | 0.1         |
| paper/                     |             |
|    accel_variation         | 0.489       |
|    base_reward             | 330         |
|    collision               | 0           |
|    crash_object            | 0           |
|    crash_vehicle           | 0           |
|    episode_cost            | 0           |
|    episode_length          | 1000        |
|    jerk                    | 0.461       |
|    lane_deviation          | 0.299       |
|    max_lane_deviation      | 0.996       |
|    mean_speed_kmh          | 16.7        |
|    min_ttc                 | 2.58        |
|    out_of_road             | 0           |
|    route_completion        | 0.829       |
|    shaped_reward           | 28.5        |
|    steering_variation      | 0.444       |
|    success                 | 0           |
|    ttc_risk                | 0.0139      |
| rollout/                   |             |
|    ep_len_mean             | 911         |
|    ep_rew_mean             | 88.1        |
|    success_rate            | 0.16        |
| time/                      |             |
|    fps                     | 1398        |
|    iterations              | 79          |
|    time_elapsed            | 578         |
|    total_timesteps         | 808960      |
| train/                     |             |
|    approx_kl               | 0.017879715 |
|    clip_fraction           | 0.294       |
|    clip_range              | 0.2         |
|    entropy_loss            | -1.57       |
|    explained_variance      | 0.303       |
|    learning_rate           | 0.0003      |
|    loss                    | 14.3        |
|    n_updates               | 780         |
|    policy_gradient_loss    | 0.0118      |
|    std                     | 0.54        |
|    value_loss              | 23          |
--------------------------------------------
------------------------------------------
| curriculum/                |           |
|    stage                   | 2         |
|    window_cost             | 0.133     |
|    window_route_completion | 0.833     |
|    window_success          | 0.2       |
| paper/                     |           |
|    accel_variation         | 0.472     |
|    base_reward             | 361       |
|    collision               | 0         |
|    crash_object            | 0         |
|    crash_vehicle           | 0         |
|    episode_cost            | 0         |
|    episode_length          | 887       |
|    jerk                    | 0.439     |
|    lane_deviation          | 0.195     |
|    max_lane_deviation      | 0.662     |
|    mean_speed_kmh          | 16.6      |
|    min_ttc                 | 2.43      |
|    out_of_road             | 0         |
|    route_completion        | 0.988     |
|    shaped_reward           | 115       |
|    steering_variation      | 0.44      |
|    success                 | 1         |
|    ttc_risk                | 0.0222    |
| rollout/                   |           |
|    ep_len_mean             | 915       |
|    ep_rew_mean             | 88.1      |
|    success_rate            | 0.17      |
| time/                      |           |
|    fps                     | 1392      |
|    iterations              | 80        |
|    time_elapsed            | 588       |
|    total_timesteps         | 819200    |
| train/                     |           |
|    approx_kl               | 0.0103286 |
|    clip_fraction           | 0.147     |
|    clip_range              | 0.2       |
|    entropy_loss            | -1.54     |
|    explained_variance      | 0.509     |
|    learning_rate           | 0.0003    |
|    loss                    | 6.85      |
|    n_updates               | 790       |
|    policy_gradient_loss    | -0.00236  |
|    std                     | 0.532     |
|    value_loss              | 44.9      |
------------------------------------------
---------------------------------------------
| curriculum/                |              |
|    stage                   | 2            |
|    window_cost             | 0.1          |
|    window_route_completion | 0.816        |
|    window_success          | 0.233        |
| paper/                     |              |
|    accel_variation         | 0.508        |
|    base_reward             | 364          |
|    collision               | 0            |
|    crash_object            | 0            |
|    crash_vehicle           | 0            |
|    episode_cost            | 0            |
|    episode_length          | 1000         |
|    jerk                    | 0.445        |
|    lane_deviation          | 0.267        |
|    max_lane_deviation      | 1.17         |
|    mean_speed_kmh          | 17.1         |
|    min_ttc                 | 7.82         |
|    out_of_road             | 0            |
|    route_completion        | 0.787        |
|    shaped_reward           | 139          |
|    steering_variation      | 0.469        |
|    success                 | 0            |
|    ttc_risk                | 0.000612     |
| rollout/                   |              |
|    ep_len_mean             | 911          |
|    ep_rew_mean             | 89.7         |
|    success_rate            | 0.18         |
| time/                      |              |
|    fps                     | 1383         |
|    iterations              | 81           |
|    time_elapsed            | 599          |
|    total_timesteps         | 829440       |
| train/                     |              |
|    approx_kl               | 0.0051302454 |
|    clip_fraction           | 0.119        |
|    clip_range              | 0.2          |
|    entropy_loss            | -1.53        |
|    explained_variance      | 0.74         |
|    learning_rate           | 0.0003       |
|    loss                    | 22.3         |
|    n_updates               | 800          |
|    policy_gradient_loss    | 0.00111      |
|    std                     | 0.532        |
|    value_loss              | 46.7         |
---------------------------------------------
--------------------------------------------
| curriculum/                |             |
|    stage                   | 2           |
|    window_cost             | 0.0667      |
|    window_route_completion | 0.786       |
|    window_success          | 0.233       |
| paper/                     |             |
|    accel_variation         | 0.497       |
|    base_reward             | 370         |
|    collision               | 0           |
|    crash_object            | 0           |
|    crash_vehicle           | 0           |
|    episode_cost            | 0           |
|    episode_length          | 1000        |
|    jerk                    | 0.431       |
|    lane_deviation          | 0.225       |
|    max_lane_deviation      | 0.968       |
|    mean_speed_kmh          | 16.9        |
|    min_ttc                 | 7.99        |
|    out_of_road             | 0           |
|    route_completion        | 0.745       |
|    shaped_reward           | 150         |
|    steering_variation      | 0.447       |
|    success                 | 0           |
|    ttc_risk                | 0.00151     |
| rollout/                   |             |
|    ep_len_mean             | 907         |
|    ep_rew_mean             | 88          |
|    success_rate            | 0.18        |
| time/                      |             |
|    fps                     | 1374        |
|    iterations              | 82          |
|    time_elapsed            | 610         |
|    total_timesteps         | 839680      |
| train/                     |             |
|    approx_kl               | 0.010332629 |
|    clip_fraction           | 0.144       |
|    clip_range              | 0.2         |
|    entropy_loss            | -1.51       |
|    explained_variance      | 0.551       |
|    learning_rate           | 0.0003      |
|    loss                    | 6.69        |
|    n_updates               | 810         |
|    policy_gradient_loss    | -0.00223    |
|    std                     | 0.526       |
|    value_loss              | 21.2        |
--------------------------------------------
--------------------------------------------
| curriculum/                |             |
|    stage                   | 2           |
|    window_cost             | 0.1         |
|    window_route_completion | 0.758       |
|    window_success          | 0.233       |
| paper/                     |             |
|    accel_variation         | 0.516       |
|    base_reward             | 354         |
|    collision               | 0           |
|    crash_object            | 0           |
|    crash_vehicle           | 0           |
|    episode_cost            | 0           |
|    episode_length          | 1000        |
|    jerk                    | 0.458       |
|    lane_deviation          | 0.285       |
|    max_lane_deviation      | 0.969       |
|    mean_speed_kmh          | 17.1        |
|    min_ttc                 | 7.9         |
|    out_of_road             | 0           |
|    route_completion        | 0.815       |
|    shaped_reward           | 134         |
|    steering_variation      | 0.422       |
|    success                 | 0           |
|    ttc_risk                | 0.000772    |
| rollout/                   |             |
|    ep_len_mean             | 917         |
|    ep_rew_mean             | 94.3        |
|    success_rate            | 0.23        |
| time/                      |             |
|    fps                     | 1369        |
|    iterations              | 83          |
|    time_elapsed            | 620         |
|    total_timesteps         | 849920      |
| train/                     |             |
|    approx_kl               | 0.013420226 |
|    clip_fraction           | 0.235       |
|    clip_range              | 0.2         |
|    entropy_loss            | -1.48       |
|    explained_variance      | 0.591       |
|    learning_rate           | 0.0003      |
|    loss                    | 5.56        |
|    n_updates               | 820         |
|    policy_gradient_loss    | 0.00497     |
|    std                     | 0.52        |
|    value_loss              | 22.5        |
--------------------------------------------
---------------------------------------------
| curriculum/                |              |
|    stage                   | 2            |
|    window_cost             | 0.133        |
|    window_route_completion | 0.78         |
|    window_success          | 0.233        |
| paper/                     |              |
|    accel_variation         | 0.385        |
|    base_reward             | 24.1         |
|    collision               | 1            |
|    crash_object            | 0            |
|    crash_vehicle           | 1            |
|    episode_cost            | 1            |
|    episode_length          | 110          |
|    jerk                    | 0.368        |
|    lane_deviation          | 0.232        |
|    max_lane_deviation      | 0.658        |
|    mean_speed_kmh          | 14.1         |
|    min_ttc                 | 0.592        |
|    out_of_road             | 0            |
|    route_completion        | 0.094        |
|    shaped_reward           | -202         |
|    steering_variation      | 0.409        |
|    success                 | 0            |
|    ttc_risk                | 0.0762       |
| rollout/                   |              |
|    ep_len_mean             | 925          |
|    ep_rew_mean             | 91.7         |
|    success_rate            | 0.21         |
| time/                      |              |
|    fps                     | 1362         |
|    iterations              | 84           |
|    time_elapsed            | 631          |
|    total_timesteps         | 860160       |
| train/                     |              |
|    approx_kl               | 0.0060147177 |
|    clip_fraction           | 0.132        |
|    clip_range              | 0.2          |
|    entropy_loss            | -1.47        |
|    explained_variance      | 0.721        |
|    learning_rate           | 0.0003       |
|    loss                    | 11           |
|    n_updates               | 830          |
|    policy_gradient_loss    | 0.00121      |
|    std                     | 0.517        |
|    value_loss              | 35.9         |
---------------------------------------------
--------------------------------------------
| curriculum/                |             |
|    stage                   | 2           |
|    window_cost             | 0.1         |
|    window_route_completion | 0.845       |
|    window_success          | 0.3         |
| paper/                     |             |
|    accel_variation         | 0.535       |
|    base_reward             | 345         |
|    collision               | 0           |
|    crash_object            | 0           |
|    crash_vehicle           | 0           |
|    episode_cost            | 0           |
|    episode_length          | 1000        |
|    jerk                    | 0.458       |
|    lane_deviation          | 0.313       |
|    max_lane_deviation      | 0.995       |
|    mean_speed_kmh          | 17.2        |
|    min_ttc                 | 9.81        |
|    out_of_road             | 0           |
|    route_completion        | 0.748       |
|    shaped_reward           | 121         |
|    steering_variation      | 0.418       |
|    success                 | 0           |
|    ttc_risk                | 0.000275    |
| rollout/                   |             |
|    ep_len_mean             | 924         |
|    ep_rew_mean             | 86.6        |
|    success_rate            | 0.21        |
| time/                      |             |
|    fps                     | 1355        |
|    iterations              | 85          |
|    time_elapsed            | 642         |
|    total_timesteps         | 870400      |
| train/                     |             |
|    approx_kl               | 0.007134403 |
|    clip_fraction           | 0.109       |
|    clip_range              | 0.2         |
|    entropy_loss            | -1.46       |
|    explained_variance      | 0.622       |
|    learning_rate           | 0.0003      |
|    loss                    | 39          |
|    n_updates               | 840         |
|    policy_gradient_loss    | 7.71e-05    |
|    std                     | 0.518       |
|    value_loss              | 82.8        |
--------------------------------------------
--------------------------------------------
| curriculum/                |             |
|    stage                   | 2           |
|    window_cost             | 0.0667      |
|    window_route_completion | 0.794       |
|    window_success          | 0.133       |
| paper/                     |             |
|    accel_variation         | 0.518       |
|    base_reward             | 334         |
|    collision               | 0           |
|    crash_object            | 0           |
|    crash_vehicle           | 0           |
|    episode_cost            | 0           |
|    episode_length          | 1000        |
|    jerk                    | 0.469       |
|    lane_deviation          | 0.348       |
|    max_lane_deviation      | 0.945       |
|    mean_speed_kmh          | 17.5        |
|    min_ttc                 | 11.2        |
|    out_of_road             | 0           |
|    route_completion        | 0.878       |
|    shaped_reward           | 104         |
|    steering_variation      | 0.44        |
|    success                 | 0           |
|    ttc_risk                | 6.69e-05    |
| rollout/                   |             |
|    ep_len_mean             | 937         |
|    ep_rew_mean             | 85          |
|    success_rate            | 0.19        |
| time/                      |             |
|    fps                     | 1349        |
|    iterations              | 86          |
|    time_elapsed            | 652         |
|    total_timesteps         | 880640      |
| train/                     |             |
|    approx_kl               | 0.010707569 |
|    clip_fraction           | 0.187       |
|    clip_range              | 0.2         |
|    entropy_loss            | -1.46       |
|    explained_variance      | 0.756       |
|    learning_rate           | 0.0003      |
|    loss                    | 13.2        |
|    n_updates               | 850         |
|    policy_gradient_loss    | 0.00212     |
|    std                     | 0.516       |
|    value_loss              | 56.5        |
--------------------------------------------
-------------------------------------------
| curriculum/                |            |
|    stage                   | 2          |
|    window_cost             | 0.0667     |
|    window_route_completion | 0.798      |
|    window_success          | 0.1        |
| paper/                     |            |
|    accel_variation         | 0.471      |
|    base_reward             | 298        |
|    collision               | 0          |
|    crash_object            | 0          |
|    crash_vehicle           | 0          |
|    episode_cost            | 0          |
|    episode_length          | 1000       |
|    jerk                    | 0.452      |
|    lane_deviation          | 0.296      |
|    max_lane_deviation      | 1.05       |
|    mean_speed_kmh          | 14.7       |
|    min_ttc                 | 5.18       |
|    out_of_road             | 0          |
|    route_completion        | 0.908      |
|    shaped_reward           | 34.3       |
|    steering_variation      | 0.428      |
|    success                 | 0          |
|    ttc_risk                | 0.0116     |
| rollout/                   |            |
|    ep_len_mean             | 938        |
|    ep_rew_mean             | 78.7       |
|    success_rate            | 0.19       |
| time/                      |            |
|    fps                     | 1344       |
|    iterations              | 87         |
|    time_elapsed            | 662        |
|    total_timesteps         | 890880     |
| train/                     |            |
|    approx_kl               | 0.03723281 |
|    clip_fraction           | 0.271      |
|    clip_range              | 0.2        |
|    entropy_loss            | -1.47      |
|    explained_variance      | 0.671      |
|    learning_rate           | 0.0003     |
|    loss                    | 12.1       |
|    n_updates               | 860        |
|    policy_gradient_loss    | 0.00904    |
|    std                     | 0.523      |
|    value_loss              | 35.5       |
-------------------------------------------
-------------------------------------------
| curriculum/                |            |
|    stage                   | 2          |
|    window_cost             | 0.0333     |
|    window_route_completion | 0.797      |
|    window_success          | 0.0667     |
| paper/                     |            |
|    accel_variation         | 0.521      |
|    base_reward             | 367        |
|    collision               | 0          |
|    crash_object            | 0          |
|    crash_vehicle           | 0          |
|    episode_cost            | 0          |
|    episode_length          | 1000       |
|    jerk                    | 0.474      |
|    lane_deviation          | 0.28       |
|    max_lane_deviation      | 0.886      |
|    mean_speed_kmh          | 17.6       |
|    min_ttc                 | 15.3       |
|    out_of_road             | 0          |
|    route_completion        | 0.914      |
|    shaped_reward           | 148        |
|    steering_variation      | 0.42       |
|    success                 | 0          |
|    ttc_risk                | 0          |
| rollout/                   |            |
|    ep_len_mean             | 943        |
|    ep_rew_mean             | 79.3       |
|    success_rate            | 0.19       |
| time/                      |            |
|    fps                     | 1339       |
|    iterations              | 88         |
|    time_elapsed            | 672        |
|    total_timesteps         | 901120     |
| train/                     |            |
|    approx_kl               | 0.04785931 |
|    clip_fraction           | 0.318      |
|    clip_range              | 0.2        |
|    entropy_loss            | -1.47      |
|    explained_variance      | 0.438      |
|    learning_rate           | 0.0003     |
|    loss                    | 7.38       |
|    n_updates               | 870        |
|    policy_gradient_loss    | 0.0143     |
|    std                     | 0.519      |
|    value_loss              | 28.1       |
-------------------------------------------
-------------------------------------------
| curriculum/                |            |
|    stage                   | 2          |
|    window_cost             | 0.0667     |
|    window_route_completion | 0.789      |
|    window_success          | 0.0667     |
| paper/                     |            |
|    accel_variation         | 0.502      |
|    base_reward             | 116        |
|    collision               | 0          |
|    crash_object            | 0          |
|    crash_vehicle           | 0          |
|    episode_cost            | 1          |
|    episode_length          | 306        |
|    jerk                    | 0.451      |
|    lane_deviation          | 0.145      |
|    max_lane_deviation      | 1.04       |
|    mean_speed_kmh          | 17         |
|    min_ttc                 | 10.7       |
|    out_of_road             | 1          |
|    route_completion        | 0.225      |
|    shaped_reward           | -106       |
|    steering_variation      | 0.392      |
|    success                 | 0          |
|    ttc_risk                | 0.000507   |
| rollout/                   |            |
|    ep_len_mean             | 945        |
|    ep_rew_mean             | 80.1       |
|    success_rate            | 0.16       |
| time/                      |            |
|    fps                     | 1333       |
|    iterations              | 89         |
|    time_elapsed            | 683        |
|    total_timesteps         | 911360     |
| train/                     |            |
|    approx_kl               | 0.05307115 |
|    clip_fraction           | 0.252      |
|    clip_range              | 0.2        |
|    entropy_loss            | -1.45      |
|    explained_variance      | 0.721      |
|    learning_rate           | 0.0003     |
|    loss                    | 4.64       |
|    n_updates               | 880        |
|    policy_gradient_loss    | 0.00776    |
|    std                     | 0.516      |
|    value_loss              | 13.1       |
-------------------------------------------
--------------------------------------------
| curriculum/                |             |
|    stage                   | 2           |
|    window_cost             | 0.0667      |
|    window_route_completion | 0.799       |
|    window_success          | 0.0333      |
| paper/                     |             |
|    accel_variation         | 0.523       |
|    base_reward             | 414         |
|    collision               | 0           |
|    crash_object            | 0           |
|    crash_vehicle           | 0           |
|    episode_cost            | 0           |
|    episode_length          | 1000        |
|    jerk                    | 0.473       |
|    lane_deviation          | 0.17        |
|    max_lane_deviation      | 0.699       |
|    mean_speed_kmh          | 17.4        |
|    min_ttc                 | 11.2        |
|    out_of_road             | 0           |
|    route_completion        | 0.662       |
|    shaped_reward           | 195         |
|    steering_variation      | 0.406       |
|    success                 | 0           |
|    ttc_risk                | 6.81e-05    |
| rollout/                   |             |
|    ep_len_mean             | 949         |
|    ep_rew_mean             | 70.6        |
|    success_rate            | 0.13        |
| time/                      |             |
|    fps                     | 1328        |
|    iterations              | 90          |
|    time_elapsed            | 693         |
|    total_timesteps         | 921600      |
| train/                     |             |
|    approx_kl               | 0.010428059 |
|    clip_fraction           | 0.165       |
|    clip_range              | 0.2         |
|    entropy_loss            | -1.44       |
|    explained_variance      | 0.717       |
|    learning_rate           | 0.0003      |
|    loss                    | 10.4        |
|    n_updates               | 890         |
|    policy_gradient_loss    | 0.00134     |
|    std                     | 0.516       |
|    value_loss              | 41          |
--------------------------------------------
--------------------------------------------
| curriculum/                |             |
|    stage                   | 2           |
|    window_cost             | 0.133       |
|    window_route_completion | 0.754       |
|    window_success          | 0.0667      |
| paper/                     |             |
|    accel_variation         | 0.507       |
|    base_reward             | 372         |
|    collision               | 0           |
|    crash_object            | 0           |
|    crash_vehicle           | 0           |
|    episode_cost            | 0           |
|    episode_length          | 1000        |
|    jerk                    | 0.462       |
|    lane_deviation          | 0.211       |
|    max_lane_deviation      | 0.677       |
|    mean_speed_kmh          | 16.3        |
|    min_ttc                 | 1.77        |
|    out_of_road             | 0           |
|    route_completion        | 0.586       |
|    shaped_reward           | 18.3        |
|    steering_variation      | 0.404       |
|    success                 | 0           |
|    ttc_risk                | 0.0229      |
| rollout/                   |             |
|    ep_len_mean             | 941         |
|    ep_rew_mean             | 69.4        |
|    success_rate            | 0.13        |
| time/                      |             |
|    fps                     | 1323        |
|    iterations              | 91          |
|    time_elapsed            | 704         |
|    total_timesteps         | 931840      |
| train/                     |             |
|    approx_kl               | 0.010466581 |
|    clip_fraction           | 0.143       |
|    clip_range              | 0.2         |
|    entropy_loss            | -1.42       |
|    explained_variance      | 0.575       |
|    learning_rate           | 0.0003      |
|    loss                    | 37.2        |
|    n_updates               | 900         |
|    policy_gradient_loss    | 0.00225     |
|    std                     | 0.509       |
|    value_loss              | 55.1        |
--------------------------------------------
---------------------------------------------
| curriculum/                |              |
|    stage                   | 2            |
|    window_cost             | 0.167        |
|    window_route_completion | 0.753        |
|    window_success          | 0.1          |
| paper/                     |              |
|    accel_variation         | 0.502        |
|    base_reward             | 356          |
|    collision               | 0            |
|    crash_object            | 0            |
|    crash_vehicle           | 0            |
|    episode_cost            | 0            |
|    episode_length          | 1000         |
|    jerk                    | 0.458        |
|    lane_deviation          | 0.245        |
|    max_lane_deviation      | 0.831        |
|    mean_speed_kmh          | 16.4         |
|    min_ttc                 | 1.12         |
|    out_of_road             | 0            |
|    route_completion        | 0.83         |
|    shaped_reward           | 26.5         |
|    steering_variation      | 0.391        |
|    success                 | 0            |
|    ttc_risk                | 0.0202       |
| rollout/                   |              |
|    ep_len_mean             | 941          |
|    ep_rew_mean             | 64.1         |
|    success_rate            | 0.11         |
| time/                      |              |
|    fps                     | 1317         |
|    iterations              | 92           |
|    time_elapsed            | 715          |
|    total_timesteps         | 942080       |
| train/                     |              |
|    approx_kl               | 0.0127284955 |
|    clip_fraction           | 0.202        |
|    clip_range              | 0.2          |
|    entropy_loss            | -1.41        |
|    explained_variance      | 0.452        |
|    learning_rate           | 0.0003       |
|    loss                    | 12.9         |
|    n_updates               | 910          |
|    policy_gradient_loss    | 0.00138      |
|    std                     | 0.512        |
|    value_loss              | 33           |
---------------------------------------------
--------------------------------------------
| curriculum/                |             |
|    stage                   | 2           |
|    window_cost             | 0.233       |
|    window_route_completion | 0.716       |
|    window_success          | 0.0667      |
| paper/                     |             |
|    accel_variation         | 0.52        |
|    base_reward             | 399         |
|    collision               | 0           |
|    crash_object            | 0           |
|    crash_vehicle           | 0           |
|    episode_cost            | 0           |
|    episode_length          | 1000        |
|    jerk                    | 0.465       |
|    lane_deviation          | 0.208       |
|    max_lane_deviation      | 0.909       |
|    mean_speed_kmh          | 17.6        |
|    min_ttc                 | 15.3        |
|    out_of_road             | 0           |
|    route_completion        | 0.703       |
|    shaped_reward           | 177         |
|    steering_variation      | 0.38        |
|    success                 | 0           |
|    ttc_risk                | 0           |
| rollout/                   |             |
|    ep_len_mean             | 936         |
|    ep_rew_mean             | 67.5        |
|    success_rate            | 0.08        |
| time/                      |             |
|    fps                     | 1311        |
|    iterations              | 93          |
|    time_elapsed            | 726         |
|    total_timesteps         | 952320      |
| train/                     |             |
|    approx_kl               | 0.008463444 |
|    clip_fraction           | 0.0993      |
|    clip_range              | 0.2         |
|    entropy_loss            | -1.41       |
|    explained_variance      | 0.54        |
|    learning_rate           | 0.0003      |
|    loss                    | 16.2        |
|    n_updates               | 920         |
|    policy_gradient_loss    | -9.19e-05   |
|    std                     | 0.513       |
|    value_loss              | 66.5        |
--------------------------------------------
--------------------------------------------
| curriculum/                |             |
|    stage                   | 2           |
|    window_cost             | 0.167       |
|    window_route_completion | 0.776       |
|    window_success          | 0.0667      |
| paper/                     |             |
|    accel_variation         | 0.508       |
|    base_reward             | 374         |
|    collision               | 0           |
|    crash_object            | 0           |
|    crash_vehicle           | 0           |
|    episode_cost            | 0           |
|    episode_length          | 1000        |
|    jerk                    | 0.476       |
|    lane_deviation          | 0.225       |
|    max_lane_deviation      | 0.996       |
|    mean_speed_kmh          | 16.8        |
|    min_ttc                 | 3.5         |
|    out_of_road             | 0           |
|    route_completion        | 0.886       |
|    shaped_reward           | 152         |
|    steering_variation      | 0.394       |
|    success                 | 0           |
|    ttc_risk                | 0.00253     |
| rollout/                   |             |
|    ep_len_mean             | 944         |
|    ep_rew_mean             | 74.1        |
|    success_rate            | 0.07        |
| time/                      |             |
|    fps                     | 1304        |
|    iterations              | 94          |
|    time_elapsed            | 737         |
|    total_timesteps         | 962560      |
| train/                     |             |
|    approx_kl               | 0.006608653 |
|    clip_fraction           | 0.0966      |
|    clip_range              | 0.2         |
|    entropy_loss            | -1.41       |
|    explained_variance      | 0.49        |
|    learning_rate           | 0.0003      |
|    loss                    | 44.8        |
|    n_updates               | 930         |
|    policy_gradient_loss    | -0.00232    |
|    std                     | 0.514       |
|    value_loss              | 108         |
--------------------------------------------
--------------------------------------------
| curriculum/                |             |
|    stage                   | 2           |
|    window_cost             | 0.0667      |
|    window_route_completion | 0.807       |
|    window_success          | 0.133       |
| paper/                     |             |
|    accel_variation         | 0.544       |
|    base_reward             | 366         |
|    collision               | 0           |
|    crash_object            | 0           |
|    crash_vehicle           | 0           |
|    episode_cost            | 0           |
|    episode_length          | 1000        |
|    jerk                    | 0.474       |
|    lane_deviation          | 0.272       |
|    max_lane_deviation      | 0.994       |
|    mean_speed_kmh          | 17.4        |
|    min_ttc                 | 11.6        |
|    out_of_road             | 0           |
|    route_completion        | 0.777       |
|    shaped_reward           | 141         |
|    steering_variation      | 0.392       |
|    success                 | 0           |
|    ttc_risk                | 3.61e-05    |
| rollout/                   |             |
|    ep_len_mean             | 944         |
|    ep_rew_mean             | 82.6        |
|    success_rate            | 0.09        |
| time/                      |             |
|    fps                     | 1299        |
|    iterations              | 95          |
|    time_elapsed            | 748         |
|    total_timesteps         | 972800      |
| train/                     |             |
|    approx_kl               | 0.024326047 |
|    clip_fraction           | 0.207       |
|    clip_range              | 0.2         |
|    entropy_loss            | -1.4        |
|    explained_variance      | 0.745       |
|    learning_rate           | 0.0003      |
|    loss                    | 7.51        |
|    n_updates               | 940         |
|    policy_gradient_loss    | 0.00547     |
|    std                     | 0.51        |
|    value_loss              | 27.3        |
--------------------------------------------
--------------------------------------------
| curriculum/                |             |
|    stage                   | 2           |
|    window_cost             | 0.0667      |
|    window_route_completion | 0.816       |
|    window_success          | 0.2         |
| paper/                     |             |
|    accel_variation         | 0.534       |
|    base_reward             | 344         |
|    collision               | 0           |
|    crash_object            | 0           |
|    crash_vehicle           | 0           |
|    episode_cost            | 0           |
|    episode_length          | 809         |
|    jerk                    | 0.458       |
|    lane_deviation          | 0.174       |
|    max_lane_deviation      | 0.757       |
|    mean_speed_kmh          | 16.8        |
|    min_ttc                 | 2.8         |
|    out_of_road             | 0           |
|    route_completion        | 0.987       |
|    shaped_reward           | 211         |
|    steering_variation      | 0.402       |
|    success                 | 1           |
|    ttc_risk                | 0.00476     |
| rollout/                   |             |
|    ep_len_mean             | 928         |
|    ep_rew_mean             | 84.8        |
|    success_rate            | 0.1         |
| time/                      |             |
|    fps                     | 1294        |
|    iterations              | 96          |
|    time_elapsed            | 759         |
|    total_timesteps         | 983040      |
| train/                     |             |
|    approx_kl               | 0.034170397 |
|    clip_fraction           | 0.252       |
|    clip_range              | 0.2         |
|    entropy_loss            | -1.4        |
|    explained_variance      | 0.808       |
|    learning_rate           | 0.0003      |
|    loss                    | 12.9        |
|    n_updates               | 950         |
|    policy_gradient_loss    | 0.00789     |
|    std                     | 0.511       |
|    value_loss              | 20          |
--------------------------------------------
--------------------------------------------
| curriculum/                |             |
|    stage                   | 2           |
|    window_cost             | 0.0667      |
|    window_route_completion | 0.796       |
|    window_success          | 0.133       |
| paper/                     |             |
|    accel_variation         | 0.54        |
|    base_reward             | 395         |
|    collision               | 0           |
|    crash_object            | 0           |
|    crash_vehicle           | 0           |
|    episode_cost            | 0           |
|    episode_length          | 1000        |
|    jerk                    | 0.453       |
|    lane_deviation          | 0.215       |
|    max_lane_deviation      | 0.766       |
|    mean_speed_kmh          | 17.5        |
|    min_ttc                 | 7.03        |
|    out_of_road             | 0           |
|    route_completion        | 0.895       |
|    shaped_reward           | 179         |
|    steering_variation      | 0.378       |
|    success                 | 0           |
|    ttc_risk                | 0.000641    |
| rollout/                   |             |
|    ep_len_mean             | 928         |
|    ep_rew_mean             | 86.8        |
|    success_rate            | 0.09        |
| time/                      |             |
|    fps                     | 1289        |
|    iterations              | 97          |
|    time_elapsed            | 770         |
|    total_timesteps         | 993280      |
| train/                     |             |
|    approx_kl               | 0.010530281 |
|    clip_fraction           | 0.15        |
|    clip_range              | 0.2         |
|    entropy_loss            | -1.4        |
|    explained_variance      | 0.544       |
|    learning_rate           | 0.0003      |
|    loss                    | 7.96        |
|    n_updates               | 960         |
|    policy_gradient_loss    | -0.00111    |
|    std                     | 0.507       |
|    value_loss              | 51.2        |
--------------------------------------------
-------------------------------------------
| curriculum/                |            |
|    stage                   | 2          |
|    window_cost             | 0.0667     |
|    window_route_completion | 0.806      |
|    window_success          | 0.133      |
| paper/                     |            |
|    accel_variation         | 0.518      |
|    base_reward             | 400        |
|    collision               | 0          |
|    crash_object            | 0          |
|    crash_vehicle           | 0          |
|    episode_cost            | 0          |
|    episode_length          | 1000       |
|    jerk                    | 0.479      |
|    lane_deviation          | 0.214      |
|    max_lane_deviation      | 0.846      |
|    mean_speed_kmh          | 17.6       |
|    min_ttc                 | 33.3       |
|    out_of_road             | 0          |
|    route_completion        | 0.809      |
|    shaped_reward           | 181        |
|    steering_variation      | 0.387      |
|    success                 | 0          |
|    ttc_risk                | 0          |
| rollout/                   |            |
|    ep_len_mean             | 927        |
|    ep_rew_mean             | 87.2       |
|    success_rate            | 0.11       |
| time/                      |            |
|    fps                     | 1284       |
|    iterations              | 98         |
|    time_elapsed            | 781        |
|    total_timesteps         | 1003520    |
| train/                     |            |
|    approx_kl               | 0.01169118 |
|    clip_fraction           | 0.218      |
|    clip_range              | 0.2        |
|    entropy_loss            | -1.38      |
|    explained_variance      | 0.726      |
|    learning_rate           | 0.0003     |
|    loss                    | 11.8       |
|    n_updates               | 970        |
|    policy_gradient_loss    | 0.00431    |
|    std                     | 0.504      |
|    value_loss              | 32.1       |
-------------------------------------------
/home/aaa/data/qj/stable-baselines3-master/stable_baselines3/common/on_policy_algorithm.py:150: UserWarning: You are trying to run PPO on the GPU, but it is primarily intended to run on the CPU when not using a CNN policy (you are using ActorCriticPolicy which should be a MlpPolicy). See https://github.com/DLR-RM/stable-baselines3/issues/1245 for more info. You can pass `device='cpu'` or `export CUDA_VISIBLE_DEVICES=` to force using the CPU.Note: The model will train, but the GPU utilization will be poor and the training might take longer than on CPU.
  warnings.warn(
                       seed   success  route_completion  collision  out_of_road      cost      reward  shaped_reward  episode_length      speed  lane_deviation  steering_variation  accel_variation  ttc_risk   min_ttc
variant  algo density                                                                                                                                                                                                   
proposed ppo  0.00     27.0  0.966667          0.989482       0.00     0.000000  0.000000  541.938931     346.396671     1099.206667  18.302888        0.106960            0.011487         0.223832  0.000000       NaN
              0.08     27.0  0.873333          0.957925       0.08     0.006667  0.086667  515.171250     286.624073     1069.620000  17.972607        0.109286            0.014086         0.232474  0.003947  6.776512
              0.15     27.0  0.640000          0.852024       0.26     0.000000  0.260000  441.196015      83.868802     1058.126667  16.317655        0.140053            0.018082         0.270385  0.020024  2.882361
curve_source=tensorboard
saved_summary=outputs/defensive_ttc12_v18_nenv10_final/evaluations/summary.csv
saved_figures=outputs/defensive_ttc12_v18_nenv10_final/figures
saved_report=outputs/defensive_ttc12_v18_nenv10_final/运行记录.md
