started=2026-06-30T09:45:59+08:00
train_command=python scripts/train.py --variant proposed --algo ppo --seed 2 --timesteps 500000 --horizon 1200 --n-envs 10 --ent-coef 0.01 --reward-progress 45 --reward-success-bonus 80 --device cuda --output-dir outputs/reward_screen_completion_boost_nenv10_500k/runs
/home/aaa/data/qj/stable-baselines3-master/stable_baselines3/common/on_policy_algorithm.py:150: UserWarning: You are trying to run PPO on the GPU, but it is primarily intended to run on the CPU when not using a CNN policy (you are using ActorCriticPolicy which should be a MlpPolicy). See https://github.com/DLR-RM/stable-baselines3/issues/1245 for more info. You can pass `device='cpu'` or `export CUDA_VISIBLE_DEVICES=` to force using the CPU.Note: The model will train, but the GPU utilization will be poor and the training might take longer than on CPU.
  warnings.warn(
Using cuda device
Logging to outputs/reward_screen_completion_boost_nenv10_500k/runs/proposed_ppo_s2/tensorboard/proposed_ppo_s2_1
------------------------------------
| paper/                |          |
|    accel_variation    | 0.796    |
|    base_reward        | 5.31     |
|    collision          | 0        |
|    crash_object       | 0        |
|    crash_vehicle      | 0        |
|    episode_cost       | 0        |
|    episode_length     | 600      |
|    jerk               | 0.627    |
|    lane_deviation     | 0.29     |
|    max_lane_deviation | 0.802    |
|    mean_speed_kmh     | 0.74     |
|    min_ttc            | nan      |
|    out_of_road        | 0        |
|    route_completion   | 0.0924   |
|    shaped_reward      | -131     |
|    steering_variation | 0.795    |
|    success            | 0        |
|    ttc_risk           | 0        |
| rollout/              |          |
|    ep_len_mean        | 600      |
|    ep_rew_mean        | -101     |
|    success_rate       | 0        |
| time/                 |          |
|    fps                | 3534     |
|    iterations         | 1        |
|    time_elapsed       | 2        |
|    total_timesteps    | 10240    |
------------------------------------
--------------------------------------------
| curriculum/                |             |
|    stage                   | 0           |
|    window_cost             | 0.0333      |
|    window_route_completion | 0.107       |
|    window_success          | 0           |
| paper/                     |             |
|    accel_variation         | 0.813       |
|    base_reward             | 3.63        |
|    collision               | 0           |
|    crash_object            | 0           |
|    crash_vehicle           | 0           |
|    episode_cost            | 0           |
|    episode_length          | 600         |
|    jerk                    | 0.608       |
|    lane_deviation          | 0.761       |
|    max_lane_deviation      | 1.37        |
|    mean_speed_kmh          | 0.886       |
|    min_ttc                 | nan         |
|    out_of_road             | 0           |
|    route_completion        | 0.111       |
|    shaped_reward           | -301        |
|    steering_variation      | 0.829       |
|    success                 | 0           |
|    ttc_risk                | 0           |
| rollout/                   |             |
|    ep_len_mean             | 598         |
|    ep_rew_mean             | -121        |
|    success_rate            | 0           |
| time/                      |             |
|    fps                     | 3080        |
|    iterations              | 2           |
|    time_elapsed            | 6           |
|    total_timesteps         | 20480       |
| train/                     |             |
|    approx_kl               | 0.009790269 |
|    clip_fraction           | 0.118       |
|    clip_range              | 0.2         |
|    entropy_loss            | -2.81       |
|    explained_variance      | 0.00794     |
|    learning_rate           | 0.0003      |
|    loss                    | 0.145       |
|    n_updates               | 10          |
|    policy_gradient_loss    | -0.00739    |
|    std                     | 0.982       |
|    value_loss              | 0.486       |
--------------------------------------------
---------------------------------------------
| curriculum/                |              |
|    stage                   | 0            |
|    window_cost             | 0.0333       |
|    window_route_completion | 0.113        |
|    window_success          | 0            |
| paper/                     |              |
|    accel_variation         | 0.807        |
|    base_reward             | 6.07         |
|    collision               | 0            |
|    crash_object            | 0            |
|    crash_vehicle           | 0            |
|    episode_cost            | 0            |
|    episode_length          | 600          |
|    jerk                    | 0.598        |
|    lane_deviation          | 0.435        |
|    max_lane_deviation      | 0.969        |
|    mean_speed_kmh          | 0.888        |
|    min_ttc                 | nan          |
|    out_of_road             | 0            |
|    route_completion        | 0.139        |
|    shaped_reward           | -163         |
|    steering_variation      | 0.788        |
|    success                 | 0            |
|    ttc_risk                | 0            |
| rollout/                   |              |
|    ep_len_mean             | 599          |
|    ep_rew_mean             | -114         |
|    success_rate            | 0            |
| time/                      |              |
|    fps                     | 3040         |
|    iterations              | 3            |
|    time_elapsed            | 10           |
|    total_timesteps         | 30720        |
| train/                     |              |
|    approx_kl               | 0.0023418632 |
|    clip_fraction           | 0.0162       |
|    clip_range              | 0.2          |
|    entropy_loss            | -2.8         |
|    explained_variance      | 0.00611      |
|    learning_rate           | 0.0003       |
|    loss                    | 20.1         |
|    n_updates               | 20           |
|    policy_gradient_loss    | -0.00023     |
|    std                     | 0.981        |
|    value_loss              | 14           |
---------------------------------------------
--------------------------------------------
| curriculum/                |             |
|    stage                   | 0           |
|    window_cost             | 0           |
|    window_route_completion | 0.116       |
|    window_success          | 0           |
| paper/                     |             |
|    accel_variation         | 0.851       |
|    base_reward             | 7.54        |
|    collision               | 0           |
|    crash_object            | 0           |
|    crash_vehicle           | 0           |
|    episode_cost            | 0           |
|    episode_length          | 600         |
|    jerk                    | 0.654       |
|    lane_deviation          | 0.11        |
|    max_lane_deviation      | 0.273       |
|    mean_speed_kmh          | 0.78        |
|    min_ttc                 | nan         |
|    out_of_road             | 0           |
|    route_completion        | 0.132       |
|    shaped_reward           | -94         |
|    steering_variation      | 0.789       |
|    success                 | 0           |
|    ttc_risk                | 0           |
| rollout/                   |             |
|    ep_len_mean             | 599         |
|    ep_rew_mean             | -112        |
|    success_rate            | 0           |
| time/                      |             |
|    fps                     | 3030        |
|    iterations              | 4           |
|    time_elapsed            | 13          |
|    total_timesteps         | 40960       |
| train/                     |             |
|    approx_kl               | 0.006914477 |
|    clip_fraction           | 0.0704      |
|    clip_range              | 0.2         |
|    entropy_loss            | -2.79       |
|    explained_variance      | 0.65        |
|    learning_rate           | 0.0003      |
|    loss                    | 0.391       |
|    n_updates               | 30          |
|    policy_gradient_loss    | -0.00502    |
|    std                     | 0.976       |
|    value_loss              | 0.947       |
--------------------------------------------
---------------------------------------------
| curriculum/                |              |
|    stage                   | 0            |
|    window_cost             | 0            |
|    window_route_completion | 0.146        |
|    window_success          | 0            |
| paper/                     |              |
|    accel_variation         | 0.769        |
|    base_reward             | 13.1         |
|    collision               | 0            |
|    crash_object            | 0            |
|    crash_vehicle           | 0            |
|    episode_cost            | 0            |
|    episode_length          | 600          |
|    jerk                    | 0.649        |
|    lane_deviation          | 0.0338       |
|    max_lane_deviation      | 0.119        |
|    mean_speed_kmh          | 1.07         |
|    min_ttc                 | nan          |
|    out_of_road             | 0            |
|    route_completion        | 0.168        |
|    shaped_reward           | -76.9        |
|    steering_variation      | 0.794        |
|    success                 | 0            |
|    ttc_risk                | 0            |
| rollout/                   |              |
|    ep_len_mean             | 599          |
|    ep_rew_mean             | -112         |
|    success_rate            | 0            |
| time/                      |              |
|    fps                     | 3008         |
|    iterations              | 5            |
|    time_elapsed            | 17           |
|    total_timesteps         | 51200        |
| train/                     |              |
|    approx_kl               | 0.0077845873 |
|    clip_fraction           | 0.0706       |
|    clip_range              | 0.2          |
|    entropy_loss            | -2.78        |
|    explained_variance      | 0.507        |
|    learning_rate           | 0.0003       |
|    loss                    | 0.559        |
|    n_updates               | 40           |
|    policy_gradient_loss    | -0.00337     |
|    std                     | 0.963        |
|    value_loss              | 1.81         |
---------------------------------------------
--------------------------------------------
| curriculum/                |             |
|    stage                   | 0           |
|    window_cost             | 0           |
|    window_route_completion | 0.185       |
|    window_success          | 0           |
| paper/                     |             |
|    accel_variation         | 0.77        |
|    base_reward             | 9.95        |
|    collision               | 0           |
|    crash_object            | 0           |
|    crash_vehicle           | 0           |
|    episode_cost            | 0           |
|    episode_length          | 600         |
|    jerk                    | 0.562       |
|    lane_deviation          | 0.345       |
|    max_lane_deviation      | 0.998       |
|    mean_speed_kmh          | 1.2         |
|    min_ttc                 | nan         |
|    out_of_road             | 0           |
|    route_completion        | 0.164       |
|    shaped_reward           | -135        |
|    steering_variation      | 0.849       |
|    success                 | 0           |
|    ttc_risk                | 0           |
| rollout/                   |             |
|    ep_len_mean             | 599         |
|    ep_rew_mean             | -126        |
|    success_rate            | 0           |
| time/                      |             |
|    fps                     | 3004        |
|    iterations              | 6           |
|    time_elapsed            | 20          |
|    total_timesteps         | 61440       |
| train/                     |             |
|    approx_kl               | 0.005065391 |
|    clip_fraction           | 0.0996      |
|    clip_range              | 0.2         |
|    entropy_loss            | -2.76       |
|    explained_variance      | 0.44        |
|    learning_rate           | 0.0003      |
|    loss                    | 0.861       |
|    n_updates               | 50          |
|    policy_gradient_loss    | -0.00494    |
|    std                     | 0.96        |
|    value_loss              | 2.32        |
--------------------------------------------
---------------------------------------------
| curriculum/                |              |
|    stage                   | 0            |
|    window_cost             | 0.0333       |
|    window_route_completion | 0.202        |
|    window_success          | 0            |
| paper/                     |              |
|    accel_variation         | 0.746        |
|    base_reward             | 13.6         |
|    collision               | 0            |
|    crash_object            | 0            |
|    crash_vehicle           | 0            |
|    episode_cost            | 0            |
|    episode_length          | 600          |
|    jerk                    | 0.577        |
|    lane_deviation          | 0.176        |
|    max_lane_deviation      | 0.464        |
|    mean_speed_kmh          | 1.22         |
|    min_ttc                 | nan          |
|    out_of_road             | 0            |
|    route_completion        | 0.181        |
|    shaped_reward           | -85.5        |
|    steering_variation      | 0.817        |
|    success                 | 0            |
|    ttc_risk                | 0            |
| rollout/                   |              |
|    ep_len_mean             | 599          |
|    ep_rew_mean             | -128         |
|    success_rate            | 0            |
| time/                      |              |
|    fps                     | 2993         |
|    iterations              | 7            |
|    time_elapsed            | 23           |
|    total_timesteps         | 71680        |
| train/                     |              |
|    approx_kl               | 0.0025129728 |
|    clip_fraction           | 0.0215       |
|    clip_range              | 0.2          |
|    entropy_loss            | -2.76        |
|    explained_variance      | 0.133        |
|    learning_rate           | 0.0003       |
|    loss                    | 7.98         |
|    n_updates               | 60           |
|    policy_gradient_loss    | -0.00123     |
|    std                     | 0.96         |
|    value_loss              | 20.6         |
---------------------------------------------
---------------------------------------------
| curriculum/                |              |
|    stage                   | 0            |
|    window_cost             | 0.133        |
|    window_route_completion | 0.197        |
|    window_success          | 0            |
| paper/                     |              |
|    accel_variation         | 0.712        |
|    base_reward             | 18.9         |
|    collision               | 0            |
|    crash_object            | 0            |
|    crash_vehicle           | 0            |
|    episode_cost            | 0            |
|    episode_length          | 600          |
|    jerk                    | 0.57         |
|    lane_deviation          | 0.0723       |
|    max_lane_deviation      | 0.223        |
|    mean_speed_kmh          | 1.43         |
|    min_ttc                 | nan          |
|    out_of_road             | 0            |
|    route_completion        | 0.25         |
|    shaped_reward           | -62          |
|    steering_variation      | 0.827        |
|    success                 | 0            |
|    ttc_risk                | 0            |
| rollout/                   |              |
|    ep_len_mean             | 592          |
|    ep_rew_mean             | -140         |
|    success_rate            | 0            |
| time/                      |              |
|    fps                     | 2970         |
|    iterations              | 8            |
|    time_elapsed            | 27           |
|    total_timesteps         | 81920        |
| train/                     |              |
|    approx_kl               | 0.0035274208 |
|    clip_fraction           | 0.0414       |
|    clip_range              | 0.2          |
|    entropy_loss            | -2.76        |
|    explained_variance      | 0.563        |
|    learning_rate           | 0.0003       |
|    loss                    | 16.8         |
|    n_updates               | 70           |
|    policy_gradient_loss    | -0.00128     |
|    std                     | 0.963        |
|    value_loss              | 17.7         |
---------------------------------------------
---------------------------------------------
| curriculum/                |              |
|    stage                   | 0            |
|    window_cost             | 0.233        |
|    window_route_completion | 0.207        |
|    window_success          | 0            |
| paper/                     |              |
|    accel_variation         | 0.691        |
|    base_reward             | -4.41        |
|    collision               | 0            |
|    crash_object            | 0            |
|    crash_vehicle           | 0            |
|    episode_cost            | 1            |
|    episode_length          | 336          |
|    jerk                    | 0.583        |
|    lane_deviation          | 0.44         |
|    max_lane_deviation      | 1.04         |
|    mean_speed_kmh          | 1.41         |
|    min_ttc                 | nan          |
|    out_of_road             | 1            |
|    route_completion        | 0.146        |
|    shaped_reward           | -194         |
|    steering_variation      | 0.75         |
|    success                 | 0            |
|    ttc_risk                | 0            |
| rollout/                   |              |
|    ep_len_mean             | 582          |
|    ep_rew_mean             | -159         |
|    success_rate            | 0            |
| time/                      |              |
|    fps                     | 2924         |
|    iterations              | 9            |
|    time_elapsed            | 31           |
|    total_timesteps         | 92160        |
| train/                     |              |
|    approx_kl               | 0.0009069763 |
|    clip_fraction           | 0.0119       |
|    clip_range              | 0.2          |
|    entropy_loss            | -2.76        |
|    explained_variance      | 0.696        |
|    learning_rate           | 0.0003       |
|    loss                    | 27.4         |
|    n_updates               | 80           |
|    policy_gradient_loss    | -0.000734    |
|    std                     | 0.963        |
|    value_loss              | 37           |
---------------------------------------------
---------------------------------------------
| curriculum/                |              |
|    stage                   | 0            |
|    window_cost             | 0.3          |
|    window_route_completion | 0.222        |
|    window_success          | 0            |
| paper/                     |              |
|    accel_variation         | 0.718        |
|    base_reward             | 14.6         |
|    collision               | 0            |
|    crash_object            | 0            |
|    crash_vehicle           | 0            |
|    episode_cost            | 0            |
|    episode_length          | 600          |
|    jerk                    | 0.582        |
|    lane_deviation          | 0.347        |
|    max_lane_deviation      | 1            |
|    mean_speed_kmh          | 1.46         |
|    min_ttc                 | nan          |
|    out_of_road             | 0            |
|    route_completion        | 0.2          |
|    shaped_reward           | -133         |
|    steering_variation      | 0.855        |
|    success                 | 0            |
|    ttc_risk                | 0            |
| rollout/                   |              |
|    ep_len_mean             | 572          |
|    ep_rew_mean             | -169         |
|    success_rate            | 0            |
| time/                      |              |
|    fps                     | 2887         |
|    iterations              | 10           |
|    time_elapsed            | 35           |
|    total_timesteps         | 102400       |
| train/                     |              |
|    approx_kl               | 0.0041671046 |
|    clip_fraction           | 0.0147       |
|    clip_range              | 0.2          |
|    entropy_loss            | -2.77        |
|    explained_variance      | 0.732        |
|    learning_rate           | 0.0003       |
|    loss                    | 30.6         |
|    n_updates               | 90           |
|    policy_gradient_loss    | -0.000409    |
|    std                     | 0.965        |
|    value_loss              | 48.2         |
---------------------------------------------
---------------------------------------------
| curriculum/                |              |
|    stage                   | 0            |
|    window_cost             | 0.267        |
|    window_route_completion | 0.207        |
|    window_success          | 0            |
| paper/                     |              |
|    accel_variation         | 0.749        |
|    base_reward             | 8.67         |
|    collision               | 0            |
|    crash_object            | 0            |
|    crash_vehicle           | 0            |
|    episode_cost            | 0            |
|    episode_length          | 600          |
|    jerk                    | 0.621        |
|    lane_deviation          | 0.525        |
|    max_lane_deviation      | 0.999        |
|    mean_speed_kmh          | 1.26         |
|    min_ttc                 | nan          |
|    out_of_road             | 0            |
|    route_completion        | 0.186        |
|    shaped_reward           | -179         |
|    steering_variation      | 0.839        |
|    success                 | 0            |
|    ttc_risk                | 0            |
| rollout/                   |              |
|    ep_len_mean             | 564          |
|    ep_rew_mean             | -172         |
|    success_rate            | 0            |
| time/                      |              |
|    fps                     | 2866         |
|    iterations              | 11           |
|    time_elapsed            | 39           |
|    total_timesteps         | 112640       |
| train/                     |              |
|    approx_kl               | 0.0020560746 |
|    clip_fraction           | 0.00629      |
|    clip_range              | 0.2          |
|    entropy_loss            | -2.77        |
|    explained_variance      | 0.784        |
|    learning_rate           | 0.0003       |
|    loss                    | 6.63         |
|    n_updates               | 100          |
|    policy_gradient_loss    | -0.00022     |
|    std                     | 0.968        |
|    value_loss              | 33.8         |
---------------------------------------------
--------------------------------------------
| curriculum/                |             |
|    stage                   | 0           |
|    window_cost             | 0.167       |
|    window_route_completion | 0.209       |
|    window_success          | 0           |
| paper/                     |             |
|    accel_variation         | 0.763       |
|    base_reward             | 15          |
|    collision               | 0           |
|    crash_object            | 0           |
|    crash_vehicle           | 0           |
|    episode_cost            | 0           |
|    episode_length          | 600         |
|    jerk                    | 0.627       |
|    lane_deviation          | 0.365       |
|    max_lane_deviation      | 0.999       |
|    mean_speed_kmh          | 1.52        |
|    min_ttc                 | nan         |
|    out_of_road             | 0           |
|    route_completion        | 0.231       |
|    shaped_reward           | -130        |
|    steering_variation      | 0.844       |
|    success                 | 0           |
|    ttc_risk                | 0           |
| rollout/                   |             |
|    ep_len_mean             | 561         |
|    ep_rew_mean             | -161        |
|    success_rate            | 0           |
| time/                      |             |
|    fps                     | 2851        |
|    iterations              | 12          |
|    time_elapsed            | 43          |
|    total_timesteps         | 122880      |
| train/                     |             |
|    approx_kl               | 0.004383498 |
|    clip_fraction           | 0.0497      |
|    clip_range              | 0.2         |
|    entropy_loss            | -2.77       |
|    explained_variance      | 0.616       |
|    learning_rate           | 0.0003      |
|    loss                    | 8.66        |
|    n_updates               | 110         |
|    policy_gradient_loss    | -0.00204    |
|    std                     | 0.967       |
|    value_loss              | 22.2        |
--------------------------------------------
--------------------------------------------
| curriculum/                |             |
|    stage                   | 0           |
|    window_cost             | 0.0333      |
|    window_route_completion | 0.244       |
|    window_success          | 0           |
| paper/                     |             |
|    accel_variation         | 0.688       |
|    base_reward             | 16          |
|    collision               | 0           |
|    crash_object            | 0           |
|    crash_vehicle           | 0           |
|    episode_cost            | 0           |
|    episode_length          | 600         |
|    jerk                    | 0.564       |
|    lane_deviation          | 0.347       |
|    max_lane_deviation      | 0.852       |
|    mean_speed_kmh          | 1.66        |
|    min_ttc                 | nan         |
|    out_of_road             | 0           |
|    route_completion        | 0.31        |
|    shaped_reward           | -105        |
|    steering_variation      | 0.813       |
|    success                 | 0           |
|    ttc_risk                | 0           |
| rollout/                   |             |
|    ep_len_mean             | 565         |
|    ep_rew_mean             | -163        |
|    success_rate            | 0           |
| time/                      |             |
|    fps                     | 2839        |
|    iterations              | 13          |
|    time_elapsed            | 46          |
|    total_timesteps         | 133120      |
| train/                     |             |
|    approx_kl               | 0.004967507 |
|    clip_fraction           | 0.043       |
|    clip_range              | 0.2         |
|    entropy_loss            | -2.77       |
|    explained_variance      | 0.886       |
|    learning_rate           | 0.0003      |
|    loss                    | 1.42        |
|    n_updates               | 120         |
|    policy_gradient_loss    | -0.00306    |
|    std                     | 0.966       |
|    value_loss              | 6.86        |
--------------------------------------------
---------------------------------------------
| curriculum/                |              |
|    stage                   | 0            |
|    window_cost             | 0.0667       |
|    window_route_completion | 0.274        |
|    window_success          | 0            |
| paper/                     |              |
|    accel_variation         | 0.653        |
|    base_reward             | 19.5         |
|    collision               | 0            |
|    crash_object            | 0            |
|    crash_vehicle           | 0            |
|    episode_cost            | 0            |
|    episode_length          | 600          |
|    jerk                    | 0.54         |
|    lane_deviation          | 0.372        |
|    max_lane_deviation      | 1            |
|    mean_speed_kmh          | 2.1          |
|    min_ttc                 | nan          |
|    out_of_road             | 0            |
|    route_completion        | 0.335        |
|    shaped_reward           | -110         |
|    steering_variation      | 0.785        |
|    success                 | 0            |
|    ttc_risk                | 0            |
| rollout/                   |              |
|    ep_len_mean             | 567          |
|    ep_rew_mean             | -158         |
|    success_rate            | 0            |
| time/                      |              |
|    fps                     | 2829         |
|    iterations              | 14           |
|    time_elapsed            | 50           |
|    total_timesteps         | 143360       |
| train/                     |              |
|    approx_kl               | 0.0056113163 |
|    clip_fraction           | 0.0439       |
|    clip_range              | 0.2          |
|    entropy_loss            | -2.77        |
|    explained_variance      | 0.924        |
|    learning_rate           | 0.0003       |
|    loss                    | 6.86         |
|    n_updates               | 130          |
|    policy_gradient_loss    | -0.00108     |
|    std                     | 0.967        |
|    value_loss              | 14.1         |
---------------------------------------------
---------------------------------------------
| curriculum/                |              |
|    stage                   | 0            |
|    window_cost             | 0.167        |
|    window_route_completion | 0.277        |
|    window_success          | 0            |
| paper/                     |              |
|    accel_variation         | 0.644        |
|    base_reward             | 26.2         |
|    collision               | 0            |
|    crash_object            | 0            |
|    crash_vehicle           | 0            |
|    episode_cost            | 0            |
|    episode_length          | 600          |
|    jerk                    | 0.548        |
|    lane_deviation          | 0.2          |
|    max_lane_deviation      | 0.663        |
|    mean_speed_kmh          | 2.06         |
|    min_ttc                 | nan          |
|    out_of_road             | 0            |
|    route_completion        | 0.28         |
|    shaped_reward           | -60.6        |
|    steering_variation      | 0.799        |
|    success                 | 0            |
|    ttc_risk                | 0            |
| rollout/                   |              |
|    ep_len_mean             | 568          |
|    ep_rew_mean             | -161         |
|    success_rate            | 0            |
| time/                      |              |
|    fps                     | 2819         |
|    iterations              | 15           |
|    time_elapsed            | 54           |
|    total_timesteps         | 153600       |
| train/                     |              |
|    approx_kl               | 0.0034690253 |
|    clip_fraction           | 0.049        |
|    clip_range              | 0.2          |
|    entropy_loss            | -2.77        |
|    explained_variance      | 0.906        |
|    learning_rate           | 0.0003       |
|    loss                    | 4.89         |
|    n_updates               | 140          |
|    policy_gradient_loss    | -0.00184     |
|    std                     | 0.97         |
|    value_loss              | 20.3         |
---------------------------------------------
---------------------------------------------
| curriculum/                |              |
|    stage                   | 0            |
|    window_cost             | 0.0667       |
|    window_route_completion | 0.292        |
|    window_success          | 0            |
| paper/                     |              |
|    accel_variation         | 0.644        |
|    base_reward             | 21.3         |
|    collision               | 0            |
|    crash_object            | 0            |
|    crash_vehicle           | 0            |
|    episode_cost            | 0            |
|    episode_length          | 600          |
|    jerk                    | 0.564        |
|    lane_deviation          | 0.383        |
|    max_lane_deviation      | 1            |
|    mean_speed_kmh          | 2.09         |
|    min_ttc                 | nan          |
|    out_of_road             | 0            |
|    route_completion        | 0.323        |
|    shaped_reward           | -116         |
|    steering_variation      | 0.775        |
|    success                 | 0            |
|    ttc_risk                | 0            |
| rollout/                   |              |
|    ep_len_mean             | 578          |
|    ep_rew_mean             | -151         |
|    success_rate            | 0            |
| time/                      |              |
|    fps                     | 2809         |
|    iterations              | 16           |
|    time_elapsed            | 58           |
|    total_timesteps         | 163840       |
| train/                     |              |
|    approx_kl               | 0.0017521412 |
|    clip_fraction           | 0.0546       |
|    clip_range              | 0.2          |
|    entropy_loss            | -2.77        |
|    explained_variance      | 0.888        |
|    learning_rate           | 0.0003       |
|    loss                    | 6.88         |
|    n_updates               | 150          |
|    policy_gradient_loss    | -0.00156     |
|    std                     | 0.964        |
|    value_loss              | 25.7         |
---------------------------------------------
--------------------------------------------
| curriculum/                |             |
|    stage                   | 0           |
|    window_cost             | 0.267       |
|    window_route_completion | 0.326       |
|    window_success          | 0           |
| paper/                     |             |
|    accel_variation         | 0.612       |
|    base_reward             | 0.915       |
|    collision               | 0           |
|    crash_object            | 0           |
|    crash_vehicle           | 0           |
|    episode_cost            | 1           |
|    episode_length          | 343         |
|    jerk                    | 0.483       |
|    lane_deviation          | 0.564       |
|    max_lane_deviation      | 1.05        |
|    mean_speed_kmh          | 2.77        |
|    min_ttc                 | nan         |
|    out_of_road             | 1           |
|    route_completion        | 0.269       |
|    shaped_reward           | -190        |
|    steering_variation      | 0.776       |
|    success                 | 0           |
|    ttc_risk                | 0           |
| rollout/                   |             |
|    ep_len_mean             | 566         |
|    ep_rew_mean             | -149        |
|    success_rate            | 0           |
| time/                      |             |
|    fps                     | 2795        |
|    iterations              | 17          |
|    time_elapsed            | 62          |
|    total_timesteps         | 174080      |
| train/                     |             |
|    approx_kl               | 0.016152095 |
|    clip_fraction           | 0.138       |
|    clip_range              | 0.2         |
|    entropy_loss            | -2.75       |
|    explained_variance      | 0.882       |
|    learning_rate           | 0.0003      |
|    loss                    | 2.84        |
|    n_updates               | 160         |
|    policy_gradient_loss    | -0.00664    |
|    std                     | 0.951       |
|    value_loss              | 5.64        |
--------------------------------------------
--------------------------------------------
| curriculum/                |             |
|    stage                   | 0           |
|    window_cost             | 0.367       |
|    window_route_completion | 0.414       |
|    window_success          | 0           |
| paper/                     |             |
|    accel_variation         | 0.596       |
|    base_reward             | 32.4        |
|    collision               | 0           |
|    crash_object            | 0           |
|    crash_vehicle           | 0           |
|    episode_cost            | 0           |
|    episode_length          | 600         |
|    jerk                    | 0.479       |
|    lane_deviation          | 0.31        |
|    max_lane_deviation      | 0.998       |
|    mean_speed_kmh          | 3.15        |
|    min_ttc                 | nan         |
|    out_of_road             | 0           |
|    route_completion        | 0.46        |
|    shaped_reward           | -58.8       |
|    steering_variation      | 0.795       |
|    success                 | 0           |
|    ttc_risk                | 0           |
| rollout/                   |             |
|    ep_len_mean             | 553         |
|    ep_rew_mean             | -136        |
|    success_rate            | 0           |
| time/                      |             |
|    fps                     | 2786        |
|    iterations              | 18          |
|    time_elapsed            | 66          |
|    total_timesteps         | 184320      |
| train/                     |             |
|    approx_kl               | 0.008551533 |
|    clip_fraction           | 0.157       |
|    clip_range              | 0.2         |
|    entropy_loss            | -2.74       |
|    explained_variance      | 0.641       |
|    learning_rate           | 0.0003      |
|    loss                    | 17.5        |
|    n_updates               | 170         |
|    policy_gradient_loss    | -0.00111    |
|    std                     | 0.952       |
|    value_loss              | 36.8        |
--------------------------------------------
--------------------------------------------
| curriculum/                |             |
|    stage                   | 0           |
|    window_cost             | 0.2         |
|    window_route_completion | 0.451       |
|    window_success          | 0           |
| paper/                     |             |
|    accel_variation         | 0.556       |
|    base_reward             | 37.7        |
|    collision               | 0           |
|    crash_object            | 0           |
|    crash_vehicle           | 0           |
|    episode_cost            | 0           |
|    episode_length          | 600         |
|    jerk                    | 0.47        |
|    lane_deviation          | 0.245       |
|    max_lane_deviation      | 0.912       |
|    mean_speed_kmh          | 3.08        |
|    min_ttc                 | nan         |
|    out_of_road             | 0           |
|    route_completion        | 0.542       |
|    shaped_reward           | -30.8       |
|    steering_variation      | 0.83        |
|    success                 | 0           |
|    ttc_risk                | 0           |
| rollout/                   |             |
|    ep_len_mean             | 552         |
|    ep_rew_mean             | -113        |
|    success_rate            | 0           |
| time/                      |             |
|    fps                     | 2782        |
|    iterations              | 19          |
|    time_elapsed            | 69          |
|    total_timesteps         | 194560      |
| train/                     |             |
|    approx_kl               | 0.009088637 |
|    clip_fraction           | 0.137       |
|    clip_range              | 0.2         |
|    entropy_loss            | -2.73       |
|    explained_variance      | 0.686       |
|    learning_rate           | 0.0003      |
|    loss                    | 23.5        |
|    n_updates               | 180         |
|    policy_gradient_loss    | -0.00348    |
|    std                     | 0.94        |
|    value_loss              | 34.4        |
--------------------------------------------
-------------------------------------------
| curriculum/                |            |
|    stage                   | 0          |
|    window_cost             | 0          |
|    window_route_completion | 0.541      |
|    window_success          | 0          |
| paper/                     |            |
|    accel_variation         | 0.496      |
|    base_reward             | 45.2       |
|    collision               | 0          |
|    crash_object            | 0          |
|    crash_vehicle           | 0          |
|    episode_cost            | 0          |
|    episode_length          | 600        |
|    jerk                    | 0.431      |
|    lane_deviation          | 0.397      |
|    max_lane_deviation      | 0.998      |
|    mean_speed_kmh          | 4.59       |
|    min_ttc                 | nan        |
|    out_of_road             | 0          |
|    route_completion        | 0.599      |
|    shaped_reward           | -48.6      |
|    steering_variation      | 0.787      |
|    success                 | 0          |
|    ttc_risk                | 0          |
| rollout/                   |            |
|    ep_len_mean             | 556        |
|    ep_rew_mean             | -93.3      |
|    success_rate            | 0          |
| time/                      |            |
|    fps                     | 2777       |
|    iterations              | 20         |
|    time_elapsed            | 73         |
|    total_timesteps         | 204800     |
| train/                     |            |
|    approx_kl               | 0.00890108 |
|    clip_fraction           | 0.131      |
|    clip_range              | 0.2        |
|    entropy_loss            | -2.69      |
|    explained_variance      | 0.746      |
|    learning_rate           | 0.0003     |
|    loss                    | 4.9        |
|    n_updates               | 190        |
|    policy_gradient_loss    | -0.00266   |
|    std                     | 0.923      |
|    value_loss              | 12.4       |
-------------------------------------------
------------------------------------------
| curriculum/                |           |
|    stage                   | 1         |
|    window_cost             | 0         |
|    window_route_completion | 0.605     |
|    window_success          | 0         |
| paper/                     |           |
|    accel_variation         | 0.469     |
|    base_reward             | 64.7      |
|    collision               | 0         |
|    crash_object            | 0         |
|    crash_vehicle           | 0         |
|    episode_cost            | 0         |
|    episode_length          | 800       |
|    jerk                    | 0.407     |
|    lane_deviation          | 0.382     |
|    max_lane_deviation      | 0.996     |
|    mean_speed_kmh          | 5.01      |
|    min_ttc                 | nan       |
|    out_of_road             | 0         |
|    route_completion        | 0.888     |
|    shaped_reward           | -54.1     |
|    steering_variation      | 0.737     |
|    success                 | 0         |
|    ttc_risk                | 0         |
| rollout/                   |           |
|    ep_len_mean             | 570       |
|    ep_rew_mean             | -81       |
|    success_rate            | 0.01      |
| time/                      |           |
|    fps                     | 2752      |
|    iterations              | 21        |
|    time_elapsed            | 78        |
|    total_timesteps         | 215040    |
| train/                     |           |
|    approx_kl               | 0.0206921 |
|    clip_fraction           | 0.243     |
|    clip_range              | 0.2       |
|    entropy_loss            | -2.65     |
|    explained_variance      | 0.739     |
|    learning_rate           | 0.0003    |
|    loss                    | 3.13      |
|    n_updates               | 200       |
|    policy_gradient_loss    | 0.0079    |
|    std                     | 0.9       |
|    value_loss              | 6.4       |
------------------------------------------
-----------------------------------------
| paper/                  |             |
|    accel_variation      | 0.494       |
|    base_reward          | 65.3        |
|    collision            | 0           |
|    crash_object         | 0           |
|    crash_vehicle        | 0           |
|    episode_cost         | 0           |
|    episode_length       | 800         |
|    jerk                 | 0.44        |
|    lane_deviation       | 0.341       |
|    max_lane_deviation   | 0.998       |
|    mean_speed_kmh       | 4.54        |
|    min_ttc              | 34.9        |
|    out_of_road          | 0           |
|    route_completion     | 0.245       |
|    shaped_reward        | -66.2       |
|    steering_variation   | 0.728       |
|    success              | 0           |
|    ttc_risk             | 0           |
| rollout/                |             |
|    ep_len_mean          | 573         |
|    ep_rew_mean          | -74         |
|    success_rate         | 0.03        |
| time/                   |             |
|    fps                  | 2669        |
|    iterations           | 22          |
|    time_elapsed         | 84          |
|    total_timesteps      | 225280      |
| train/                  |             |
|    approx_kl            | 0.009195037 |
|    clip_fraction        | 0.198       |
|    clip_range           | 0.2         |
|    entropy_loss         | -2.6        |
|    explained_variance   | 0.381       |
|    learning_rate        | 0.0003      |
|    loss                 | 14.9        |
|    n_updates            | 210         |
|    policy_gradient_loss | 0.00139     |
|    std                  | 0.88        |
|    value_loss           | 14.3        |
-----------------------------------------
--------------------------------------------
| curriculum/                |             |
|    stage                   | 1           |
|    window_cost             | 0.233       |
|    window_route_completion | 0.387       |
|    window_success          | 0.0667      |
| paper/                     |             |
|    accel_variation         | 0.426       |
|    base_reward             | 105         |
|    collision               | 0           |
|    crash_object            | 0           |
|    crash_vehicle           | 0           |
|    episode_cost            | 0           |
|    episode_length          | 800         |
|    jerk                    | 0.368       |
|    lane_deviation          | 0.31        |
|    max_lane_deviation      | 0.933       |
|    mean_speed_kmh          | 6.79        |
|    min_ttc                 | nan         |
|    out_of_road             | 0           |
|    route_completion        | 0.652       |
|    shaped_reward           | 4.36        |
|    steering_variation      | 0.715       |
|    success                 | 0           |
|    ttc_risk                | 0           |
| rollout/                   |             |
|    ep_len_mean             | 611         |
|    ep_rew_mean             | -56.7       |
|    success_rate            | 0.03        |
| time/                      |             |
|    fps                     | 2602        |
|    iterations              | 23          |
|    time_elapsed            | 90          |
|    total_timesteps         | 235520      |
| train/                     |             |
|    approx_kl               | 0.017137129 |
|    clip_fraction           | 0.134       |
|    clip_range              | 0.2         |
|    entropy_loss            | -2.58       |
|    explained_variance      | 0.107       |
|    learning_rate           | 0.0003      |
|    loss                    | 25.1        |
|    n_updates               | 220         |
|    policy_gradient_loss    | -0.00286    |
|    std                     | 0.878       |
|    value_loss              | 48.9        |
--------------------------------------------
-------------------------------------------
| curriculum/                |            |
|    stage                   | 0          |
|    window_cost             | 0.3        |
|    window_route_completion | 0.342      |
|    window_success          | 0.0333     |
| paper/                     |            |
|    accel_variation         | 0.414      |
|    base_reward             | 18.6       |
|    collision               | 0          |
|    crash_object            | 0          |
|    crash_vehicle           | 0          |
|    episode_cost            | 1          |
|    episode_length          | 328        |
|    jerk                    | 0.336      |
|    lane_deviation          | 0.425      |
|    max_lane_deviation      | 1.04       |
|    mean_speed_kmh          | 6.32       |
|    min_ttc                 | nan        |
|    out_of_road             | 1          |
|    route_completion        | 0.512      |
|    shaped_reward           | -121       |
|    steering_variation      | 0.783      |
|    success                 | 0          |
|    ttc_risk                | 0          |
| rollout/                   |            |
|    ep_len_mean             | 553        |
|    ep_rew_mean             | -61.9      |
|    success_rate            | 0.04       |
| time/                      |            |
|    fps                     | 2558       |
|    iterations              | 24         |
|    time_elapsed            | 96         |
|    total_timesteps         | 245760     |
| train/                     |            |
|    approx_kl               | 0.11779904 |
|    clip_fraction           | 0.205      |
|    clip_range              | 0.2        |
|    entropy_loss            | -2.55      |
|    explained_variance      | 0.38       |
|    learning_rate           | 0.0003     |
|    loss                    | 1.96       |
|    n_updates               | 230        |
|    policy_gradient_loss    | 0.000634   |
|    std                     | 0.857      |
|    value_loss              | 14.7       |
-------------------------------------------
---------------------------------------------
| curriculum/                |              |
|    stage                   | 0            |
|    window_cost             | 0.467        |
|    window_route_completion | 0.662        |
|    window_success          | 0.233        |
| paper/                     |              |
|    accel_variation         | 0.444        |
|    base_reward             | 86.9         |
|    collision               | 0            |
|    crash_object            | 0            |
|    crash_vehicle           | 0            |
|    episode_cost            | 0            |
|    episode_length          | 576          |
|    jerk                    | 0.383        |
|    lane_deviation          | 0.244        |
|    max_lane_deviation      | 0.967        |
|    mean_speed_kmh          | 5.65         |
|    min_ttc                 | nan          |
|    out_of_road             | 0            |
|    route_completion        | 0.949        |
|    shaped_reward           | 117          |
|    steering_variation      | 0.742        |
|    success                 | 1            |
|    ttc_risk                | 0            |
| rollout/                   |              |
|    ep_len_mean             | 533          |
|    ep_rew_mean             | -48.2        |
|    success_rate            | 0.1          |
| time/                      |              |
|    fps                     | 2559         |
|    iterations              | 25           |
|    time_elapsed            | 100          |
|    total_timesteps         | 256000       |
| train/                     |              |
|    approx_kl               | 0.0063242987 |
|    clip_fraction           | 0.14         |
|    clip_range              | 0.2          |
|    entropy_loss            | -2.54        |
|    explained_variance      | 0.189        |
|    learning_rate           | 0.0003       |
|    loss                    | 73.9         |
|    n_updates               | 240          |
|    policy_gradient_loss    | -0.00434     |
|    std                     | 0.863        |
|    value_loss              | 141          |
---------------------------------------------
---------------------------------------------
| curriculum/                |              |
|    stage                   | 1            |
|    window_cost             | 0.233        |
|    window_route_completion | 0.761        |
|    window_success          | 0.3          |
| paper/                     |              |
|    accel_variation         | 0.427        |
|    base_reward             | 101          |
|    collision               | 0            |
|    crash_object            | 0            |
|    crash_vehicle           | 0            |
|    episode_cost            | 0            |
|    episode_length          | 547          |
|    jerk                    | 0.355        |
|    lane_deviation          | 0.275        |
|    max_lane_deviation      | 0.83         |
|    mean_speed_kmh          | 7.21         |
|    min_ttc                 | nan          |
|    out_of_road             | 0            |
|    route_completion        | 0.958        |
|    shaped_reward           | 124          |
|    steering_variation      | 0.693        |
|    success                 | 1            |
|    ttc_risk                | 0            |
| rollout/                   |              |
|    ep_len_mean             | 525          |
|    ep_rew_mean             | -34.6        |
|    success_rate            | 0.18         |
| time/                      |              |
|    fps                     | 2540         |
|    iterations              | 26           |
|    time_elapsed            | 104          |
|    total_timesteps         | 266240       |
| train/                     |              |
|    approx_kl               | 0.0100659495 |
|    clip_fraction           | 0.135        |
|    clip_range              | 0.2          |
|    entropy_loss            | -2.54        |
|    explained_variance      | 0.305        |
|    learning_rate           | 0.0003       |
|    loss                    | 24.6         |
|    n_updates               | 250          |
|    policy_gradient_loss    | -0.00616     |
|    std                     | 0.859        |
|    value_loss              | 80.8         |
---------------------------------------------
------------------------------------------
| paper/                  |              |
|    accel_variation      | 0.402        |
|    base_reward          | 83.3         |
|    collision            | 0            |
|    crash_object         | 0            |
|    crash_vehicle        | 0            |
|    episode_cost         | 1            |
|    episode_length       | 647          |
|    jerk                 | 0.354        |
|    lane_deviation       | 0.359        |
|    max_lane_deviation   | 1.08         |
|    mean_speed_kmh       | 7.78         |
|    min_ttc              | nan          |
|    out_of_road          | 1            |
|    route_completion     | 0.444        |
|    shaped_reward        | -112         |
|    steering_variation   | 0.739        |
|    success              | 0            |
|    ttc_risk             | 0            |
| rollout/                |              |
|    ep_len_mean          | 544          |
|    ep_rew_mean          | -24.9        |
|    success_rate         | 0.2          |
| time/                   |              |
|    fps                  | 2490         |
|    iterations           | 27           |
|    time_elapsed         | 111          |
|    total_timesteps      | 276480       |
| train/                  |              |
|    approx_kl            | 0.0062377406 |
|    clip_fraction        | 0.115        |
|    clip_range           | 0.2          |
|    entropy_loss         | -2.52        |
|    explained_variance   | 0.291        |
|    learning_rate        | 0.0003       |
|    loss                 | 34.4         |
|    n_updates            | 260          |
|    policy_gradient_loss | -0.00396     |
|    std                  | 0.85         |
|    value_loss           | 55.1         |
------------------------------------------
--------------------------------------------
| curriculum/                |             |
|    stage                   | 1           |
|    window_cost             | 0.0667      |
|    window_route_completion | 0.617       |
|    window_success          | 0.3         |
| paper/                     |             |
|    accel_variation         | 0.438       |
|    base_reward             | 123         |
|    collision               | 0           |
|    crash_object            | 0           |
|    crash_vehicle           | 0           |
|    episode_cost            | 0           |
|    episode_length          | 800         |
|    jerk                    | 0.355       |
|    lane_deviation          | 0.223       |
|    max_lane_deviation      | 1.35        |
|    mean_speed_kmh          | 7           |
|    min_ttc                 | nan         |
|    out_of_road             | 0           |
|    route_completion        | 0.678       |
|    shaped_reward           | 25.3        |
|    steering_variation      | 0.701       |
|    success                 | 0           |
|    ttc_risk                | 0           |
| rollout/                   |             |
|    ep_len_mean             | 541         |
|    ep_rew_mean             | -22.6       |
|    success_rate            | 0.2         |
| time/                      |             |
|    fps                     | 2462        |
|    iterations              | 28          |
|    time_elapsed            | 116         |
|    total_timesteps         | 286720      |
| train/                     |             |
|    approx_kl               | 0.016649548 |
|    clip_fraction           | 0.131       |
|    clip_range              | 0.2         |
|    entropy_loss            | -2.5        |
|    explained_variance      | 0.463       |
|    learning_rate           | 0.0003      |
|    loss                    | 24.8        |
|    n_updates               | 270         |
|    policy_gradient_loss    | -0.00102    |
|    std                     | 0.843       |
|    value_loss              | 27.1        |
--------------------------------------------
---------------------------------------------
| curriculum/                |              |
|    stage                   | 0            |
|    window_cost             | 0.0667       |
|    window_route_completion | 0.487        |
|    window_success          | 0            |
| paper/                     |              |
|    accel_variation         | 0.378        |
|    base_reward             | 105          |
|    collision               | 0            |
|    crash_object            | 0            |
|    crash_vehicle           | 0            |
|    episode_cost            | 0            |
|    episode_length          | 600          |
|    jerk                    | 0.332        |
|    lane_deviation          | 0.257        |
|    max_lane_deviation      | 0.959        |
|    mean_speed_kmh          | 8.67         |
|    min_ttc                 | nan          |
|    out_of_road             | 0            |
|    route_completion        | 0.629        |
|    shaped_reward           | 32.3         |
|    steering_variation      | 0.694        |
|    success                 | 0            |
|    ttc_risk                | 0            |
| rollout/                   |              |
|    ep_len_mean             | 560          |
|    ep_rew_mean             | -15.3        |
|    success_rate            | 0.2          |
| time/                      |              |
|    fps                     | 2430         |
|    iterations              | 29           |
|    time_elapsed            | 122          |
|    total_timesteps         | 296960       |
| train/                     |              |
|    approx_kl               | 0.0071934164 |
|    clip_fraction           | 0.123        |
|    clip_range              | 0.2          |
|    entropy_loss            | -2.49        |
|    explained_variance      | 0.587        |
|    learning_rate           | 0.0003       |
|    loss                    | 5.57         |
|    n_updates               | 280          |
|    policy_gradient_loss    | -3.3e-05     |
|    std                     | 0.841        |
|    value_loss              | 14           |
---------------------------------------------
--------------------------------------------
| curriculum/                |             |
|    stage                   | 1           |
|    window_cost             | 0.0667      |
|    window_route_completion | 0.743       |
|    window_success          | 0.633       |
| paper/                     |             |
|    accel_variation         | 0.346       |
|    base_reward             | 97.8        |
|    collision               | 0           |
|    crash_object            | 0           |
|    crash_vehicle           | 0           |
|    episode_cost            | 0           |
|    episode_length          | 415         |
|    jerk                    | 0.311       |
|    lane_deviation          | 0.265       |
|    max_lane_deviation      | 0.988       |
|    mean_speed_kmh          | 9.3         |
|    min_ttc                 | nan         |
|    out_of_road             | 0           |
|    route_completion        | 0.957       |
|    shaped_reward           | 139         |
|    steering_variation      | 0.659       |
|    success                 | 1           |
|    ttc_risk                | 0           |
| rollout/                   |             |
|    ep_len_mean             | 591         |
|    ep_rew_mean             | 39.4        |
|    success_rate            | 0.42        |
| time/                      |             |
|    fps                     | 2418        |
|    iterations              | 30          |
|    time_elapsed            | 127         |
|    total_timesteps         | 307200      |
| train/                     |             |
|    approx_kl               | 0.016137775 |
|    clip_fraction           | 0.171       |
|    clip_range              | 0.2         |
|    entropy_loss            | -2.48       |
|    explained_variance      | 0.811       |
|    learning_rate           | 0.0003      |
|    loss                    | 8.8         |
|    n_updates               | 290         |
|    policy_gradient_loss    | 0.00144     |
|    std                     | 0.833       |
|    value_loss              | 12.1        |
--------------------------------------------
-----------------------------------------
| paper/                  |             |
|    accel_variation      | 0.394       |
|    base_reward          | 150         |
|    collision            | 0           |
|    crash_object         | 0           |
|    crash_vehicle        | 0           |
|    episode_cost         | 0           |
|    episode_length       | 800         |
|    jerk                 | 0.338       |
|    lane_deviation       | 0.275       |
|    max_lane_deviation   | 0.865       |
|    mean_speed_kmh       | 9.31        |
|    min_ttc              | nan         |
|    out_of_road          | 0           |
|    route_completion     | 0.972       |
|    shaped_reward        | 58.2        |
|    steering_variation   | 0.691       |
|    success              | 0           |
|    ttc_risk             | 0           |
| rollout/                |             |
|    ep_len_mean          | 617         |
|    ep_rew_mean          | 49.2        |
|    success_rate         | 0.43        |
| time/                   |             |
|    fps                  | 2391        |
|    iterations           | 31          |
|    time_elapsed         | 132         |
|    total_timesteps      | 317440      |
| train/                  |             |
|    approx_kl            | 0.006422189 |
|    clip_fraction        | 0.0826      |
|    clip_range           | 0.2         |
|    entropy_loss         | -2.47       |
|    explained_variance   | 0.559       |
|    learning_rate        | 0.0003      |
|    loss                 | 12.8        |
|    n_updates            | 300         |
|    policy_gradient_loss | 0.000539    |
|    std                  | 0.828       |
|    value_loss           | 59          |
-----------------------------------------
--------------------------------------------
| curriculum/                |             |
|    stage                   | 2           |
|    window_cost             | 0.0333      |
|    window_route_completion | 0.772       |
|    window_success          | 0.333       |
| paper/                     |             |
|    accel_variation         | 0.318       |
|    base_reward             | 159         |
|    collision               | 0           |
|    crash_object            | 0           |
|    crash_vehicle           | 0           |
|    episode_cost            | 0           |
|    episode_length          | 800         |
|    jerk                    | 0.288       |
|    lane_deviation          | 0.399       |
|    max_lane_deviation      | 1.21        |
|    mean_speed_kmh          | 11.9        |
|    min_ttc                 | nan         |
|    out_of_road             | 0           |
|    route_completion        | 0.743       |
|    shaped_reward           | 4.79        |
|    steering_variation      | 0.667       |
|    success                 | 0           |
|    ttc_risk                | 0           |
| rollout/                   |             |
|    ep_len_mean             | 640         |
|    ep_rew_mean             | 49.9        |
|    success_rate            | 0.39        |
| time/                      |             |
|    fps                     | 2369        |
|    iterations              | 32          |
|    time_elapsed            | 138         |
|    total_timesteps         | 327680      |
| train/                     |             |
|    approx_kl               | 0.028293144 |
|    clip_fraction           | 0.255       |
|    clip_range              | 0.2         |
|    entropy_loss            | -2.44       |
|    explained_variance      | 0.839       |
|    learning_rate           | 0.0003      |
|    loss                    | 5.73        |
|    n_updates               | 310         |
|    policy_gradient_loss    | 0.0155      |
|    std                     | 0.814       |
|    value_loss              | 12.2        |
--------------------------------------------
---------------------------------------
| paper/                  |           |
|    accel_variation      | 0.3       |
|    base_reward          | 259       |
|    collision            | 0         |
|    crash_object         | 0         |
|    crash_vehicle        | 0         |
|    episode_cost         | 0         |
|    episode_length       | 1000      |
|    jerk                 | 0.278     |
|    lane_deviation       | 0.367     |
|    max_lane_deviation   | 1.31      |
|    mean_speed_kmh       | 14.5      |
|    min_ttc              | nan       |
|    out_of_road          | 0         |
|    route_completion     | 0.975     |
|    shaped_reward        | 52.8      |
|    steering_variation   | 0.665     |
|    success              | 0         |
|    ttc_risk             | 0         |
| rollout/                |           |
|    ep_len_mean          | 661       |
|    ep_rew_mean          | 46.7      |
|    success_rate         | 0.33      |
| time/                   |           |
|    fps                  | 2300      |
|    iterations           | 33        |
|    time_elapsed         | 146       |
|    total_timesteps      | 337920    |
| train/                  |           |
|    approx_kl            | 0.0785007 |
|    clip_fraction        | 0.327     |
|    clip_range           | 0.2       |
|    entropy_loss         | -2.4      |
|    explained_variance   | 0.674     |
|    learning_rate        | 0.0003    |
|    loss                 | 2.55      |
|    n_updates            | 320       |
|    policy_gradient_loss | 0.0242    |
|    std                  | 0.797     |
|    value_loss           | 6.74      |
---------------------------------------
-----------------------------------------
| paper/                  |             |
|    accel_variation      | 0.335       |
|    base_reward          | 234         |
|    collision            | 0           |
|    crash_object         | 0           |
|    crash_vehicle        | 0           |
|    episode_cost         | 0           |
|    episode_length       | 1000        |
|    jerk                 | 0.306       |
|    lane_deviation       | 0.263       |
|    max_lane_deviation   | 1           |
|    mean_speed_kmh       | 11.4        |
|    min_ttc              | 2.61        |
|    out_of_road          | 0           |
|    route_completion     | 0.457       |
|    shaped_reward        | 51.5        |
|    steering_variation   | 0.639       |
|    success              | 0           |
|    ttc_risk             | 0.00483     |
| rollout/                |             |
|    ep_len_mean          | 676         |
|    ep_rew_mean          | 51.2        |
|    success_rate         | 0.33        |
| time/                   |             |
|    fps                  | 2208        |
|    iterations           | 34          |
|    time_elapsed         | 157         |
|    total_timesteps      | 348160      |
| train/                  |             |
|    approx_kl            | 0.006585686 |
|    clip_fraction        | 0.119       |
|    clip_range           | 0.2         |
|    entropy_loss         | -2.37       |
|    explained_variance   | 0.621       |
|    learning_rate        | 0.0003      |
|    loss                 | 6.93        |
|    n_updates            | 330         |
|    policy_gradient_loss | -0.00276    |
|    std                  | 0.788       |
|    value_loss           | 28.2        |
-----------------------------------------
--------------------------------------------
| curriculum/                |             |
|    stage                   | 2           |
|    window_cost             | 0.1         |
|    window_route_completion | 0.65        |
|    window_success          | 0.0667      |
| paper/                     |             |
|    accel_variation         | 0.329       |
|    base_reward             | 214         |
|    collision               | 0           |
|    crash_object            | 0           |
|    crash_vehicle           | 0           |
|    episode_cost            | 0           |
|    episode_length          | 1000        |
|    jerk                    | 0.278       |
|    lane_deviation          | 0.422       |
|    max_lane_deviation      | 0.987       |
|    mean_speed_kmh          | 12.6        |
|    min_ttc                 | 5           |
|    out_of_road             | 0           |
|    route_completion        | 0.676       |
|    shaped_reward           | 2.07        |
|    steering_variation      | 0.654       |
|    success                 | 0           |
|    ttc_risk                | 0           |
| rollout/                   |             |
|    ep_len_mean             | 699         |
|    ep_rew_mean             | 55.6        |
|    success_rate            | 0.33        |
| time/                      |             |
|    fps                     | 2115        |
|    iterations              | 35          |
|    time_elapsed            | 169         |
|    total_timesteps         | 358400      |
| train/                     |             |
|    approx_kl               | 0.010742567 |
|    clip_fraction           | 0.288       |
|    clip_range              | 0.2         |
|    entropy_loss            | -2.36       |
|    explained_variance      | 0.391       |
|    learning_rate           | 0.0003      |
|    loss                    | 2.09        |
|    n_updates               | 340         |
|    policy_gradient_loss    | 0.0168      |
|    std                     | 0.785       |
|    value_loss              | 10.8        |
--------------------------------------------
--------------------------------------------
| curriculum/                |             |
|    stage                   | 1           |
|    window_cost             | 0.0667      |
|    window_route_completion | 0.622       |
|    window_success          | 0           |
| paper/                     |             |
|    accel_variation         | 0.325       |
|    base_reward             | 223         |
|    collision               | 0           |
|    crash_object            | 0           |
|    crash_vehicle           | 0           |
|    episode_cost            | 0           |
|    episode_length          | 800         |
|    jerk                    | 0.274       |
|    lane_deviation          | 0.327       |
|    max_lane_deviation      | 1.54        |
|    mean_speed_kmh          | 14.4        |
|    min_ttc                 | nan         |
|    out_of_road             | 0           |
|    route_completion        | 0.621       |
|    shaped_reward           | 53          |
|    steering_variation      | 0.614       |
|    success                 | 0           |
|    ttc_risk                | 0           |
| rollout/                   |             |
|    ep_len_mean             | 725         |
|    ep_rew_mean             | 68.2        |
|    success_rate            | 0.33        |
| time/                      |             |
|    fps                     | 2050        |
|    iterations              | 36          |
|    time_elapsed            | 179         |
|    total_timesteps         | 368640      |
| train/                     |             |
|    approx_kl               | 0.015423825 |
|    clip_fraction           | 0.234       |
|    clip_range              | 0.2         |
|    entropy_loss            | -2.31       |
|    explained_variance      | 0.566       |
|    learning_rate           | 0.0003      |
|    loss                    | 2.59        |
|    n_updates               | 350         |
|    policy_gradient_loss    | 0.00442     |
|    std                     | 0.763       |
|    value_loss              | 4.58        |
--------------------------------------------
-----------------------------------------
| paper/                  |             |
|    accel_variation      | 0.303       |
|    base_reward          | 252         |
|    collision            | 0           |
|    crash_object         | 0           |
|    crash_vehicle        | 0           |
|    episode_cost         | 0           |
|    episode_length       | 751         |
|    jerk                 | 0.281       |
|    lane_deviation       | 0.313       |
|    max_lane_deviation   | 0.999       |
|    mean_speed_kmh       | 15.8        |
|    min_ttc              | 12.2        |
|    out_of_road          | 0           |
|    route_completion     | 0.985       |
|    shaped_reward        | 178         |
|    steering_variation   | 0.587       |
|    success              | 1           |
|    ttc_risk             | 0           |
| rollout/                |             |
|    ep_len_mean          | 759         |
|    ep_rew_mean          | 64.5        |
|    success_rate         | 0.27        |
| time/                   |             |
|    fps                  | 2025        |
|    iterations           | 37          |
|    time_elapsed         | 187         |
|    total_timesteps      | 378880      |
| train/                  |             |
|    approx_kl            | 0.014575282 |
|    clip_fraction        | 0.193       |
|    clip_range           | 0.2         |
|    entropy_loss         | -2.26       |
|    explained_variance   | 0.419       |
|    learning_rate        | 0.0003      |
|    loss                 | 2.16        |
|    n_updates            | 360         |
|    policy_gradient_loss | 0.00116     |
|    std                  | 0.743       |
|    value_loss           | 10.6        |
-----------------------------------------
--------------------------------------------
| curriculum/                |             |
|    stage                   | 2           |
|    window_cost             | 0.1         |
|    window_route_completion | 0.754       |
|    window_success          | 0.3         |
| paper/                     |             |
|    accel_variation         | 0.346       |
|    base_reward             | 200         |
|    collision               | 0           |
|    crash_object            | 0           |
|    crash_vehicle           | 0           |
|    episode_cost            | 0           |
|    episode_length          | 516         |
|    jerk                    | 0.304       |
|    lane_deviation          | 0.234       |
|    max_lane_deviation      | 1.29        |
|    mean_speed_kmh          | 16          |
|    min_ttc                 | nan         |
|    out_of_road             | 0           |
|    route_completion        | 0.979       |
|    shaped_reward           | 187         |
|    steering_variation      | 0.577       |
|    success                 | 1           |
|    ttc_risk                | 0           |
| rollout/                   |             |
|    ep_len_mean             | 805         |
|    ep_rew_mean             | 69.2        |
|    success_rate            | 0.22        |
| time/                      |             |
|    fps                     | 2003        |
|    iterations              | 38          |
|    time_elapsed            | 194         |
|    total_timesteps         | 389120      |
| train/                     |             |
|    approx_kl               | 0.008762127 |
|    clip_fraction           | 0.0613      |
|    clip_range              | 0.2         |
|    entropy_loss            | -2.24       |
|    explained_variance      | 0.238       |
|    learning_rate           | 0.0003      |
|    loss                    | 6.09        |
|    n_updates               | 370         |
|    policy_gradient_loss    | -0.00105    |
|    std                     | 0.742       |
|    value_loss              | 39.5        |
--------------------------------------------
-----------------------------------------
| paper/                  |             |
|    accel_variation      | 0.334       |
|    base_reward          | 291         |
|    collision            | 0           |
|    crash_object         | 0           |
|    crash_vehicle        | 0           |
|    episode_cost         | 0           |
|    episode_length       | 1000        |
|    jerk                 | 0.317       |
|    lane_deviation       | 0.278       |
|    max_lane_deviation   | 1.34        |
|    mean_speed_kmh       | 14          |
|    min_ttc              | 0.0629      |
|    out_of_road          | 0           |
|    route_completion     | 0.76        |
|    shaped_reward        | 72.3        |
|    steering_variation   | 0.563       |
|    success              | 0           |
|    ttc_risk             | 0.0107      |
| rollout/                |             |
|    ep_len_mean          | 831         |
|    ep_rew_mean          | 74.1        |
|    success_rate         | 0.22        |
| time/                   |             |
|    fps                  | 1959        |
|    iterations           | 39          |
|    time_elapsed         | 203         |
|    total_timesteps      | 399360      |
| train/                  |             |
|    approx_kl            | 0.004765987 |
|    clip_fraction        | 0.118       |
|    clip_range           | 0.2         |
|    entropy_loss         | -2.22       |
|    explained_variance   | 0.799       |
|    learning_rate        | 0.0003      |
|    loss                 | 2.5         |
|    n_updates            | 380         |
|    policy_gradient_loss | 0.0021      |
|    std                  | 0.734       |
|    value_loss           | 8.49        |
-----------------------------------------
-----------------------------------------
| paper/                  |             |
|    accel_variation      | 0.32        |
|    base_reward          | 294         |
|    collision            | 0           |
|    crash_object         | 0           |
|    crash_vehicle        | 0           |
|    episode_cost         | 0           |
|    episode_length       | 1000        |
|    jerk                 | 0.305       |
|    lane_deviation       | 0.29        |
|    max_lane_deviation   | 1.13        |
|    mean_speed_kmh       | 15.2        |
|    min_ttc              | 0.051       |
|    out_of_road          | 0           |
|    route_completion     | 0.759       |
|    shaped_reward        | 55.9        |
|    steering_variation   | 0.575       |
|    success              | 0           |
|    ttc_risk             | 0.0182      |
| rollout/                |             |
|    ep_len_mean          | 845         |
|    ep_rew_mean          | 75.4        |
|    success_rate         | 0.21        |
| time/                   |             |
|    fps                  | 1883        |
|    iterations           | 40          |
|    time_elapsed         | 217         |
|    total_timesteps      | 409600      |
| train/                  |             |
|    approx_kl            | 0.020054746 |
|    clip_fraction        | 0.134       |
|    clip_range           | 0.2         |
|    entropy_loss         | -2.21       |
|    explained_variance   | 0.81        |
|    learning_rate        | 0.0003      |
|    loss                 | 5.98        |
|    n_updates            | 390         |
|    policy_gradient_loss | 0.00051     |
|    std                  | 0.731       |
|    value_loss           | 14.6        |
-----------------------------------------
--------------------------------------------
| curriculum/                |             |
|    stage                   | 3           |
|    window_cost             | 0.1         |
|    window_route_completion | 0.799       |
|    window_success          | 0.3         |
| paper/                     |             |
|    accel_variation         | 0.341       |
|    base_reward             | 366         |
|    collision               | 0           |
|    crash_object            | 0           |
|    crash_vehicle           | 0           |
|    episode_cost            | 0           |
|    episode_length          | 1100        |
|    jerk                    | 0.295       |
|    lane_deviation          | 0.191       |
|    max_lane_deviation      | 0.738       |
|    mean_speed_kmh          | 14.4        |
|    min_ttc                 | 5.52        |
|    out_of_road             | 0           |
|    route_completion        | 0.847       |
|    shaped_reward           | 172         |
|    steering_variation      | 0.606       |
|    success                 | 0           |
|    ttc_risk                | 0           |
| rollout/                   |             |
|    ep_len_mean             | 874         |
|    ep_rew_mean             | 83.4        |
|    success_rate            | 0.19        |
| time/                      |             |
|    fps                     | 1838        |
|    iterations              | 41          |
|    time_elapsed            | 228         |
|    total_timesteps         | 419840      |
| train/                     |             |
|    approx_kl               | 0.010230963 |
|    clip_fraction           | 0.203       |
|    clip_range              | 0.2         |
|    entropy_loss            | -2.21       |
|    explained_variance      | 0.433       |
|    learning_rate           | 0.0003      |
|    loss                    | 4.49        |
|    n_updates               | 400         |
|    policy_gradient_loss    | 0.00131     |
|    std                     | 0.733       |
|    value_loss              | 13.3        |
--------------------------------------------
----------------------------------------
| paper/                  |            |
|    accel_variation      | 0.337      |
|    base_reward          | 328        |
|    collision            | 0          |
|    crash_object         | 0          |
|    crash_vehicle        | 0          |
|    episode_cost         | 0          |
|    episode_length       | 1100       |
|    jerk                 | 0.305      |
|    lane_deviation       | 0.214      |
|    max_lane_deviation   | 0.931      |
|    mean_speed_kmh       | 13.1       |
|    min_ttc              | 4.73       |
|    out_of_road          | 0          |
|    route_completion     | 0.774      |
|    shaped_reward        | 137        |
|    steering_variation   | 0.622      |
|    success              | 0          |
|    ttc_risk             | 4.84e-05   |
| rollout/                |            |
|    ep_len_mean          | 883        |
|    ep_rew_mean          | 90         |
|    success_rate         | 0.18       |
| time/                   |            |
|    fps                  | 1795       |
|    iterations           | 42         |
|    time_elapsed         | 239        |
|    total_timesteps      | 430080     |
| train/                  |            |
|    approx_kl            | 0.03422129 |
|    clip_fraction        | 0.299      |
|    clip_range           | 0.2        |
|    entropy_loss         | -2.21      |
|    explained_variance   | 0.602      |
|    learning_rate        | 0.0003     |
|    loss                 | 1.77       |
|    n_updates            | 410        |
|    policy_gradient_loss | 0.0143     |
|    std                  | 0.73       |
|    value_loss           | 8.43       |
----------------------------------------
-----------------------------------------
| paper/                  |             |
|    accel_variation      | 0.351       |
|    base_reward          | 320         |
|    collision            | 0           |
|    crash_object         | 0           |
|    crash_vehicle        | 0           |
|    episode_cost         | 0           |
|    episode_length       | 1100        |
|    jerk                 | 0.324       |
|    lane_deviation       | 0.252       |
|    max_lane_deviation   | 0.868       |
|    mean_speed_kmh       | 13.7        |
|    min_ttc              | 2.5         |
|    out_of_road          | 0           |
|    route_completion     | 0.792       |
|    shaped_reward        | 117         |
|    steering_variation   | 0.599       |
|    success              | 0           |
|    ttc_risk             | 0.00322     |
| rollout/                |             |
|    ep_len_mean          | 887         |
|    ep_rew_mean          | 94.2        |
|    success_rate         | 0.18        |
| time/                   |             |
|    fps                  | 1746        |
|    iterations           | 43          |
|    time_elapsed         | 252         |
|    total_timesteps      | 440320      |
| train/                  |             |
|    approx_kl            | 0.025185723 |
|    clip_fraction        | 0.277       |
|    clip_range           | 0.2         |
|    entropy_loss         | -2.17       |
|    explained_variance   | 0.556       |
|    learning_rate        | 0.0003      |
|    loss                 | 1.62        |
|    n_updates            | 420         |
|    policy_gradient_loss | 0.0126      |
|    std                  | 0.714       |
|    value_loss           | 3.66        |
-----------------------------------------
-------------------------------------------
| curriculum/                |            |
|    stage                   | 3          |
|    window_cost             | 0.133      |
|    window_route_completion | 0.657      |
|    window_success          | 0          |
| paper/                     |            |
|    accel_variation         | 0.324      |
|    base_reward             | 190        |
|    collision               | 0          |
|    crash_object            | 0          |
|    crash_vehicle           | 0          |
|    episode_cost            | 1          |
|    episode_length          | 832        |
|    jerk                    | 0.288      |
|    lane_deviation          | 0.314      |
|    max_lane_deviation      | 1.17       |
|    mean_speed_kmh          | 15         |
|    min_ttc                 | 5.02       |
|    out_of_road             | 1          |
|    route_completion        | 0.523      |
|    shaped_reward           | -59.7      |
|    steering_variation      | 0.62       |
|    success                 | 0          |
|    ttc_risk                | 0          |
| rollout/                   |            |
|    ep_len_mean             | 898        |
|    ep_rew_mean             | 98.8       |
|    success_rate            | 0.18       |
| time/                      |            |
|    fps                     | 1685       |
|    iterations              | 44         |
|    time_elapsed            | 267        |
|    total_timesteps         | 450560     |
| train/                     |            |
|    approx_kl               | 0.01262587 |
|    clip_fraction           | 0.133      |
|    clip_range              | 0.2        |
|    entropy_loss            | -2.15      |
|    explained_variance      | 0.39       |
|    learning_rate           | 0.0003     |
|    loss                    | 2.83       |
|    n_updates               | 430        |
|    policy_gradient_loss    | -0.00191   |
|    std                     | 0.711      |
|    value_loss              | 17.8       |
-------------------------------------------
--------------------------------------------
| curriculum/                |             |
|    stage                   | 2           |
|    window_cost             | 0.167       |
|    window_route_completion | 0.64        |
|    window_success          | 0           |
| paper/                     |             |
|    accel_variation         | 0.348       |
|    base_reward             | 335         |
|    collision               | 0           |
|    crash_object            | 0           |
|    crash_vehicle           | 0           |
|    episode_cost            | 0           |
|    episode_length          | 1000        |
|    jerk                    | 0.311       |
|    lane_deviation          | 0.183       |
|    max_lane_deviation      | 0.635       |
|    mean_speed_kmh          | 14.2        |
|    min_ttc                 | 3.59        |
|    out_of_road             | 0           |
|    route_completion        | 0.691       |
|    shaped_reward           | 150         |
|    steering_variation      | 0.576       |
|    success                 | 0           |
|    ttc_risk                | 0.0026      |
| rollout/                   |             |
|    ep_len_mean             | 913         |
|    ep_rew_mean             | 104         |
|    success_rate            | 0.18        |
| time/                      |             |
|    fps                     | 1630        |
|    iterations              | 45          |
|    time_elapsed            | 282         |
|    total_timesteps         | 460800      |
| train/                     |             |
|    approx_kl               | 0.024305383 |
|    clip_fraction           | 0.259       |
|    clip_range              | 0.2         |
|    entropy_loss            | -2.12       |
|    explained_variance      | 0.482       |
|    learning_rate           | 0.0003      |
|    loss                    | 21.1        |
|    n_updates               | 440         |
|    policy_gradient_loss    | 0.00997     |
|    std                     | 0.696       |
|    value_loss              | 14.3        |
--------------------------------------------
-----------------------------------------
| paper/                  |             |
|    accel_variation      | 0.359       |
|    base_reward          | 93.9        |
|    collision            | 0           |
|    crash_object         | 0           |
|    crash_vehicle        | 0           |
|    episode_cost         | 1           |
|    episode_length       | 407         |
|    jerk                 | 0.318       |
|    lane_deviation       | 0.318       |
|    max_lane_deviation   | 2           |
|    mean_speed_kmh       | 13.7        |
|    min_ttc              | 16.4        |
|    out_of_road          | 1           |
|    route_completion     | 0.27        |
|    shaped_reward        | -105        |
|    steering_variation   | 0.561       |
|    success              | 0           |
|    ttc_risk             | 0           |
| rollout/                |             |
|    ep_len_mean          | 941         |
|    ep_rew_mean          | 112         |
|    success_rate         | 0.17        |
| time/                   |             |
|    fps                  | 1600        |
|    iterations           | 46          |
|    time_elapsed         | 294         |
|    total_timesteps      | 471040      |
| train/                  |             |
|    approx_kl            | 0.013067463 |
|    clip_fraction        | 0.229       |
|    clip_range           | 0.2         |
|    entropy_loss         | -2.08       |
|    explained_variance   | 0.658       |
|    learning_rate        | 0.0003      |
|    loss                 | 1.86        |
|    n_updates            | 450         |
|    policy_gradient_loss | 0.00607     |
|    std                  | 0.685       |
|    value_loss           | 4.92        |
-----------------------------------------
-----------------------------------------
| paper/                  |             |
|    accel_variation      | 0.337       |
|    base_reward          | 151         |
|    collision            | 1           |
|    crash_object         | 0           |
|    crash_vehicle        | 1           |
|    episode_cost         | 1           |
|    episode_length       | 471         |
|    jerk                 | 0.304       |
|    lane_deviation       | 0.201       |
|    max_lane_deviation   | 0.598       |
|    mean_speed_kmh       | 15.2        |
|    min_ttc              | 0.635       |
|    out_of_road          | 0           |
|    route_completion     | 0.402       |
|    shaped_reward        | -40.1       |
|    steering_variation   | 0.597       |
|    success              | 0           |
|    ttc_risk             | 0.0117      |
| rollout/                |             |
|    ep_len_mean          | 955         |
|    ep_rew_mean          | 106         |
|    success_rate         | 0.1         |
| time/                   |             |
|    fps                  | 1577        |
|    iterations           | 47          |
|    time_elapsed         | 305         |
|    total_timesteps      | 481280      |
| train/                  |             |
|    approx_kl            | 0.012971431 |
|    clip_fraction        | 0.142       |
|    clip_range           | 0.2         |
|    entropy_loss         | -2.06       |
|    explained_variance   | 0.258       |
|    learning_rate        | 0.0003      |
|    loss                 | 9.32        |
|    n_updates            | 460         |
|    policy_gradient_loss | -0.000518   |
|    std                  | 0.682       |
|    value_loss           | 23.3        |
-----------------------------------------
--------------------------------------------
| curriculum/                |             |
|    stage                   | 2           |
|    window_cost             | 0.2         |
|    window_route_completion | 0.737       |
|    window_success          | 0.167       |
| paper/                     |             |
|    accel_variation         | 0.333       |
|    base_reward             | 390         |
|    collision               | 0           |
|    crash_object            | 0           |
|    crash_vehicle           | 0           |
|    episode_cost            | 0           |
|    episode_length          | 1000        |
|    jerk                    | 0.307       |
|    lane_deviation          | 0.173       |
|    max_lane_deviation      | 0.795       |
|    mean_speed_kmh          | 16.5        |
|    min_ttc                 | 1.59        |
|    out_of_road             | 0           |
|    route_completion        | 0.948       |
|    shaped_reward           | 193         |
|    steering_variation      | 0.556       |
|    success                 | 0           |
|    ttc_risk                | 0.00202     |
| rollout/                   |             |
|    ep_len_mean             | 974         |
|    ep_rew_mean             | 109         |
|    success_rate            | 0.08        |
| time/                      |             |
|    fps                     | 1556        |
|    iterations              | 48          |
|    time_elapsed            | 315         |
|    total_timesteps         | 491520      |
| train/                     |             |
|    approx_kl               | 0.012741801 |
|    clip_fraction           | 0.214       |
|    clip_range              | 0.2         |
|    entropy_loss            | -2.05       |
|    explained_variance      | 0.294       |
|    learning_rate           | 0.0003      |
|    loss                    | 3.18        |
|    n_updates               | 470         |
|    policy_gradient_loss    | 0.00501     |
|    std                     | 0.682       |
|    value_loss              | 28          |
--------------------------------------------
--------------------------------------------
| curriculum/                |             |
|    stage                   | 2           |
|    window_cost             | 0.167       |
|    window_route_completion | 0.78        |
|    window_success          | 0.233       |
| paper/                     |             |
|    accel_variation         | 0.342       |
|    base_reward             | 402         |
|    collision               | 0           |
|    crash_object            | 0           |
|    crash_vehicle           | 0           |
|    episode_cost            | 0           |
|    episode_length          | 1000        |
|    jerk                    | 0.321       |
|    lane_deviation          | 0.194       |
|    max_lane_deviation      | 0.842       |
|    mean_speed_kmh          | 17.5        |
|    min_ttc                 | 9.44        |
|    out_of_road             | 0           |
|    route_completion        | 0.78        |
|    shaped_reward           | 190         |
|    steering_variation      | 0.549       |
|    success                 | 0           |
|    ttc_risk                | 0           |
| rollout/                   |             |
|    ep_len_mean             | 976         |
|    ep_rew_mean             | 117         |
|    success_rate            | 0.09        |
| time/                      |             |
|    fps                     | 1540        |
|    iterations              | 49          |
|    time_elapsed            | 325         |
|    total_timesteps         | 501760      |
| train/                     |             |
|    approx_kl               | 0.004949855 |
|    clip_fraction           | 0.109       |
|    clip_range              | 0.2         |
|    entropy_loss            | -2.05       |
|    explained_variance      | 0.359       |
|    learning_rate           | 0.0003      |
|    loss                    | 10.6        |
|    n_updates               | 480         |
|    policy_gradient_loss    | 0.000888    |
|    std                     | 0.679       |
|    value_loss              | 25.9        |
--------------------------------------------
saved_model=outputs/reward_screen_completion_boost_nenv10_500k/runs/proposed_ppo_s2/model/final_model.zip
eval_command=python scripts/evaluate_from_config.py --config-json outputs/reward_screen_completion_boost_nenv10_500k/runs/proposed_ppo_s2/config.json --model outputs/reward_screen_completion_boost_nenv10_500k/runs/proposed_ppo_s2/model/final_model.zip --episodes 50 --densities 0.00 0.08 0.15 --n-envs 10 --device cuda --output-dir outputs/reward_screen_completion_boost_nenv10_500k/evaluations
/home/aaa/data/qj/stable-baselines3-master/stable_baselines3/common/on_policy_algorithm.py:150: UserWarning: You are trying to run PPO on the GPU, but it is primarily intended to run on the CPU when not using a CNN policy (you are using ActorCriticPolicy which should be a MlpPolicy). See https://github.com/DLR-RM/stable-baselines3/issues/1245 for more info. You can pass `device='cpu'` or `export CUDA_VISIBLE_DEVICES=` to force using the CPU.Note: The model will train, but the GPU utilization will be poor and the training might take longer than on CPU.
  warnings.warn(
         success  route_completion  collision  out_of_road  cost      reward  shield_intervention_rate  shield_soft_rate  shield_hard_rate  overspeed_guard_rate
density                                                                                                                                                         
0.00        0.90          0.983488       0.00          0.0  0.00  523.578763                  0.860444          0.000000          0.000000              0.860444
0.08        0.90          0.968120       0.02          0.0  0.02  503.609792                  0.846868          0.002356          0.002941              0.841572
0.15        0.32          0.761259       0.52          0.0  0.52  364.912299                  0.724600          0.036679          0.011105              0.676816
saved_evaluation=outputs/reward_screen_completion_boost_nenv10_500k/evaluations/proposed_ppo_s2.csv
finished=2026-06-30T09:54:05+08:00
