start_time=2026-06-30T17:41:38+08:00
variant=proposed seed=0 root=outputs/tuning_proposed_defensive_h1500_lane1_out150_cost50_nenv16_1m timesteps=1000000 horizon=1500 n_envs=16 episodes=50 device=cuda extra_args=--ent-coef 0.01 --reward-ttc 6 --reward-cost 50 --reward-overspeed 3 --reward-target-speed 18 --reward-progress 40 --reward-lane 1.0 --reward-success-bonus 55 --reward-crash-penalty 120 --reward-out-of-road-penalty 150 --reward-ttc-threshold 12 --stage2-success 0.50 --stage2-cost 0.25 --demote-cost 0.35
Using cuda device
/home/aaa/data/qj/stable-baselines3-master/stable_baselines3/common/on_policy_algorithm.py:150: UserWarning: You are trying to run PPO on the GPU, but it is primarily intended to run on the CPU when not using a CNN policy (you are using ActorCriticPolicy which should be a MlpPolicy). See https://github.com/DLR-RM/stable-baselines3/issues/1245 for more info. You can pass `device='cpu'` or `export CUDA_VISIBLE_DEVICES=` to force using the CPU.Note: The model will train, but the GPU utilization will be poor and the training might take longer than on CPU.
  warnings.warn(
Logging to outputs/tuning_proposed_defensive_h1500_lane1_out150_cost50_nenv16_1m/runs/proposed_ppo_s0/tensorboard/proposed_ppo_s0_1
------------------------------------
| paper/                |          |
|    accel_variation    | 0.796    |
|    base_reward        | 6.29     |
|    collision          | 0        |
|    crash_object       | 0        |
|    crash_vehicle      | 0        |
|    episode_cost       | 0        |
|    episode_length     | 600      |
|    jerk               | 0.618    |
|    lane_deviation     | 0.0359   |
|    max_lane_deviation | 0.0855   |
|    mean_speed_kmh     | 0.693    |
|    min_ttc            | nan      |
|    out_of_road        | 0        |
|    route_completion   | 0.0998   |
|    shaped_reward      | -92.5    |
|    steering_variation | 0.761    |
|    success            | 0        |
|    ttc_risk           | 0        |
| rollout/              |          |
|    ep_len_mean        | 600      |
|    ep_rew_mean        | -109     |
|    success_rate       | 0        |
| time/                 |          |
|    fps                | 2864     |
|    iterations         | 1        |
|    time_elapsed       | 5        |
|    total_timesteps    | 16384    |
------------------------------------
--------------------------------------------
| curriculum/                |             |
|    stage                   | 0           |
|    window_cost             | 0           |
|    window_route_completion | 0.11        |
|    window_success          | 0           |
| paper/                     |             |
|    accel_variation         | 0.814       |
|    base_reward             | 5           |
|    collision               | 0           |
|    crash_object            | 0           |
|    crash_vehicle           | 0           |
|    episode_cost            | 0           |
|    episode_length          | 600         |
|    jerk                    | 0.593       |
|    lane_deviation          | 0.315       |
|    max_lane_deviation      | 0.652       |
|    mean_speed_kmh          | 0.739       |
|    min_ttc                 | nan         |
|    out_of_road             | 0           |
|    route_completion        | 0.111       |
|    shaped_reward           | -175        |
|    steering_variation      | 0.801       |
|    success                 | 0           |
|    ttc_risk                | 0           |
| rollout/                   |             |
|    ep_len_mean             | 600         |
|    ep_rew_mean             | -140        |
|    success_rate            | 0           |
| time/                      |             |
|    fps                     | 2589        |
|    iterations              | 2           |
|    time_elapsed            | 12          |
|    total_timesteps         | 32768       |
| train/                     |             |
|    approx_kl               | 0.006757615 |
|    clip_fraction           | 0.0752      |
|    clip_range              | 0.2         |
|    entropy_loss            | -2.83       |
|    explained_variance      | -0.00204    |
|    learning_rate           | 0.0003      |
|    loss                    | 0.399       |
|    n_updates               | 10          |
|    policy_gradient_loss    | -0.00402    |
|    std                     | 0.998       |
|    value_loss              | 0.842       |
--------------------------------------------
--------------------------------------------
| curriculum/                |             |
|    stage                   | 0           |
|    window_cost             | 0           |
|    window_route_completion | 0.12        |
|    window_success          | 0           |
| paper/                     |             |
|    accel_variation         | 0.79        |
|    base_reward             | 5.73        |
|    collision               | 0           |
|    crash_object            | 0           |
|    crash_vehicle           | 0           |
|    episode_cost            | 0           |
|    episode_length          | 600         |
|    jerk                    | 0.629       |
|    lane_deviation          | 0.339       |
|    max_lane_deviation      | 0.874       |
|    mean_speed_kmh          | 0.778       |
|    min_ttc                 | nan         |
|    out_of_road             | 0           |
|    route_completion        | 0.104       |
|    shaped_reward           | -210        |
|    steering_variation      | 0.852       |
|    success                 | 0           |
|    ttc_risk                | 0           |
| rollout/                   |             |
|    ep_len_mean             | 600         |
|    ep_rew_mean             | -142        |
|    success_rate            | 0           |
| time/                      |             |
|    fps                     | 2505        |
|    iterations              | 3           |
|    time_elapsed            | 19          |
|    total_timesteps         | 49152       |
| train/                     |             |
|    approx_kl               | 0.004015781 |
|    clip_fraction           | 0.0205      |
|    clip_range              | 0.2         |
|    entropy_loss            | -2.84       |
|    explained_variance      | -0.039      |
|    learning_rate           | 0.0003      |
|    loss                    | 2.86        |
|    n_updates               | 20          |
|    policy_gradient_loss    | -0.000671   |
|    std                     | 1           |
|    value_loss              | 8.76        |
--------------------------------------------
---------------------------------------------
| curriculum/                |              |
|    stage                   | 0            |
|    window_cost             | 0            |
|    window_route_completion | 0.123        |
|    window_success          | 0            |
| paper/                     |              |
|    accel_variation         | 0.807        |
|    base_reward             | 5.73         |
|    collision               | 0            |
|    crash_object            | 0            |
|    crash_vehicle           | 0            |
|    episode_cost            | 0            |
|    episode_length          | 600          |
|    jerk                    | 0.646        |
|    lane_deviation          | 0.459        |
|    max_lane_deviation      | 0.991        |
|    mean_speed_kmh          | 0.875        |
|    min_ttc                 | nan          |
|    out_of_road             | 0            |
|    route_completion        | 0.151        |
|    shaped_reward           | -260         |
|    steering_variation      | 0.831        |
|    success                 | 0            |
|    ttc_risk                | 0            |
| rollout/                   |              |
|    ep_len_mean             | 600          |
|    ep_rew_mean             | -157         |
|    success_rate            | 0            |
| time/                      |              |
|    fps                     | 2499         |
|    iterations              | 4            |
|    time_elapsed            | 26           |
|    total_timesteps         | 65536        |
| train/                     |              |
|    approx_kl               | 0.0012538099 |
|    clip_fraction           | 0.0203       |
|    clip_range              | 0.2          |
|    entropy_loss            | -2.85        |
|    explained_variance      | 0.688        |
|    learning_rate           | 0.0003       |
|    loss                    | 1.31         |
|    n_updates               | 30           |
|    policy_gradient_loss    | -0.000741    |
|    std                     | 1.01         |
|    value_loss              | 3.57         |
---------------------------------------------
--------------------------------------------
| curriculum/                |             |
|    stage                   | 0           |
|    window_cost             | 0           |
|    window_route_completion | 0.121       |
|    window_success          | 0           |
| paper/                     |             |
|    accel_variation         | 0.839       |
|    base_reward             | 7.41        |
|    collision               | 0           |
|    crash_object            | 0           |
|    crash_vehicle           | 0           |
|    episode_cost            | 0           |
|    episode_length          | 600         |
|    jerk                    | 0.623       |
|    lane_deviation          | 0.102       |
|    max_lane_deviation      | 0.237       |
|    mean_speed_kmh          | 0.799       |
|    min_ttc                 | nan         |
|    out_of_road             | 0           |
|    route_completion        | 0.107       |
|    shaped_reward           | -96.4       |
|    steering_variation      | 0.781       |
|    success                 | 0           |
|    ttc_risk                | 0           |
| rollout/                   |             |
|    ep_len_mean             | 600         |
|    ep_rew_mean             | -167        |
|    success_rate            | 0           |
| time/                      |             |
|    fps                     | 2580        |
|    iterations              | 5           |
|    time_elapsed            | 31          |
|    total_timesteps         | 81920       |
| train/                     |             |
|    approx_kl               | 0.004597176 |
|    clip_fraction           | 0.0179      |
|    clip_range              | 0.2         |
|    entropy_loss            | -2.86       |
|    explained_variance      | 0.644       |
|    learning_rate           | 0.0003      |
|    loss                    | 11.1        |
|    n_updates               | 40          |
|    policy_gradient_loss    | -0.00113    |
|    std                     | 1.01        |
|    value_loss              | 27.4        |
--------------------------------------------
---------------------------------------------
| curriculum/                |              |
|    stage                   | 0            |
|    window_cost             | 0            |
|    window_route_completion | 0.13         |
|    window_success          | 0            |
| paper/                     |              |
|    accel_variation         | 0.849        |
|    base_reward             | 9.75         |
|    collision               | 0            |
|    crash_object            | 0            |
|    crash_vehicle           | 0            |
|    episode_cost            | 0            |
|    episode_length          | 600          |
|    jerk                    | 0.64         |
|    lane_deviation          | 0.0277       |
|    max_lane_deviation      | 0.0609       |
|    mean_speed_kmh          | 0.853        |
|    min_ttc                 | nan          |
|    out_of_road             | 0            |
|    route_completion        | 0.114        |
|    shaped_reward           | -87.2        |
|    steering_variation      | 0.871        |
|    success                 | 0            |
|    ttc_risk                | 0            |
| rollout/                   |              |
|    ep_len_mean             | 600          |
|    ep_rew_mean             | -169         |
|    success_rate            | 0            |
| time/                      |              |
|    fps                     | 2566         |
|    iterations              | 6            |
|    time_elapsed            | 38           |
|    total_timesteps         | 98304        |
| train/                     |              |
|    approx_kl               | 0.0031972085 |
|    clip_fraction           | 0.0253       |
|    clip_range              | 0.2          |
|    entropy_loss            | -2.85        |
|    explained_variance      | 0.888        |
|    learning_rate           | 0.0003       |
|    loss                    | 4.09         |
|    n_updates               | 50           |
|    policy_gradient_loss    | -0.000674    |
|    std                     | 1            |
|    value_loss              | 8.59         |
---------------------------------------------
---------------------------------------------
| curriculum/                |              |
|    stage                   | 0            |
|    window_cost             | 0            |
|    window_route_completion | 0.132        |
|    window_success          | 0            |
| paper/                     |              |
|    accel_variation         | 0.822        |
|    base_reward             | 8.77         |
|    collision               | 0            |
|    crash_object            | 0            |
|    crash_vehicle           | 0            |
|    episode_cost            | 0            |
|    episode_length          | 600          |
|    jerk                    | 0.635        |
|    lane_deviation          | 0.181        |
|    max_lane_deviation      | 0.457        |
|    mean_speed_kmh          | 0.903        |
|    min_ttc                 | nan          |
|    out_of_road             | 0            |
|    route_completion        | 0.119        |
|    shaped_reward           | -115         |
|    steering_variation      | 0.794        |
|    success                 | 0            |
|    ttc_risk                | 0            |
| rollout/                   |              |
|    ep_len_mean             | 600          |
|    ep_rew_mean             | -166         |
|    success_rate            | 0            |
| time/                      |              |
|    fps                     | 2607         |
|    iterations              | 7            |
|    time_elapsed            | 43           |
|    total_timesteps         | 114688       |
| train/                     |              |
|    approx_kl               | 0.0011418711 |
|    clip_fraction           | 0.038        |
|    clip_range              | 0.2          |
|    entropy_loss            | -2.84        |
|    explained_variance      | 0.858        |
|    learning_rate           | 0.0003       |
|    loss                    | 1.86         |
|    n_updates               | 60           |
|    policy_gradient_loss    | -0.000757    |
|    std                     | 1            |
|    value_loss              | 5.91         |
---------------------------------------------
---------------------------------------------
| curriculum/                |              |
|    stage                   | 0            |
|    window_cost             | 0.0333       |
|    window_route_completion | 0.144        |
|    window_success          | 0            |
| paper/                     |              |
|    accel_variation         | 0.779        |
|    base_reward             | 8.78         |
|    collision               | 0            |
|    crash_object            | 0            |
|    crash_vehicle           | 0            |
|    episode_cost            | 0            |
|    episode_length          | 600          |
|    jerk                    | 0.649        |
|    lane_deviation          | 0.469        |
|    max_lane_deviation      | 0.98         |
|    mean_speed_kmh          | 1.06         |
|    min_ttc                 | nan          |
|    out_of_road             | 0            |
|    route_completion        | 0.205        |
|    shaped_reward           | -261         |
|    steering_variation      | 0.802        |
|    success                 | 0            |
|    ttc_risk                | 0            |
| rollout/                   |              |
|    ep_len_mean             | 598          |
|    ep_rew_mean             | -148         |
|    success_rate            | 0            |
| time/                      |              |
|    fps                     | 2569         |
|    iterations              | 8            |
|    time_elapsed            | 51           |
|    total_timesteps         | 131072       |
| train/                     |              |
|    approx_kl               | 0.0044168923 |
|    clip_fraction           | 0.025        |
|    clip_range              | 0.2          |
|    entropy_loss            | -2.84        |
|    explained_variance      | 0.904        |
|    learning_rate           | 0.0003       |
|    loss                    | 1.01         |
|    n_updates               | 70           |
|    policy_gradient_loss    | -0.00156     |
|    std                     | 1            |
|    value_loss              | 2.66         |
---------------------------------------------
---------------------------------------------
| curriculum/                |              |
|    stage                   | 0            |
|    window_cost             | 0.1          |
|    window_route_completion | 0.156        |
|    window_success          | 0            |
| paper/                     |              |
|    accel_variation         | 0.764        |
|    base_reward             | 8.68         |
|    collision               | 0            |
|    crash_object            | 0            |
|    crash_vehicle           | 0            |
|    episode_cost            | 0            |
|    episode_length          | 600          |
|    jerk                    | 0.554        |
|    lane_deviation          | 0.422        |
|    max_lane_deviation      | 0.998        |
|    mean_speed_kmh          | 1.1          |
|    min_ttc                 | nan          |
|    out_of_road             | 0            |
|    route_completion        | 0.161        |
|    shaped_reward           | -247         |
|    steering_variation      | 0.792        |
|    success                 | 0            |
|    ttc_risk                | 0            |
| rollout/                   |              |
|    ep_len_mean             | 597          |
|    ep_rew_mean             | -160         |
|    success_rate            | 0            |
| time/                      |              |
|    fps                     | 2545         |
|    iterations              | 9            |
|    time_elapsed            | 57           |
|    total_timesteps         | 147456       |
| train/                     |              |
|    approx_kl               | 0.0043796585 |
|    clip_fraction           | 0.0485       |
|    clip_range              | 0.2          |
|    entropy_loss            | -2.84        |
|    explained_variance      | 0.699        |
|    learning_rate           | 0.0003       |
|    loss                    | 1.74         |
|    n_updates               | 80           |
|    policy_gradient_loss    | -0.000567    |
|    std                     | 0.996        |
|    value_loss              | 19.5         |
---------------------------------------------
---------------------------------------------
| curriculum/                |              |
|    stage                   | 0            |
|    window_cost             | 0.167        |
|    window_route_completion | 0.178        |
|    window_success          | 0            |
| paper/                     |              |
|    accel_variation         | 0.805        |
|    base_reward             | 12.3         |
|    collision               | 0            |
|    crash_object            | 0            |
|    crash_vehicle           | 0            |
|    episode_cost            | 0            |
|    episode_length          | 600          |
|    jerk                    | 0.596        |
|    lane_deviation          | 0.307        |
|    max_lane_deviation      | 0.904        |
|    mean_speed_kmh          | 1.19         |
|    min_ttc                 | nan          |
|    out_of_road             | 0            |
|    route_completion        | 0.182        |
|    shaped_reward           | -166         |
|    steering_variation      | 0.8          |
|    success                 | 0            |
|    ttc_risk                | 0            |
| rollout/                   |              |
|    ep_len_mean             | 583          |
|    ep_rew_mean             | -178         |
|    success_rate            | 0            |
| time/                      |              |
|    fps                     | 2527         |
|    iterations              | 10           |
|    time_elapsed            | 64           |
|    total_timesteps         | 163840       |
| train/                     |              |
|    approx_kl               | 0.0023961433 |
|    clip_fraction           | 0.00742      |
|    clip_range              | 0.2          |
|    entropy_loss            | -2.83        |
|    explained_variance      | 0.738        |
|    learning_rate           | 0.0003       |
|    loss                    | 37.1         |
|    n_updates               | 90           |
|    policy_gradient_loss    | -0.000136    |
|    std                     | 0.998        |
|    value_loss              | 44.3         |
---------------------------------------------
---------------------------------------------
| curriculum/                |              |
|    stage                   | 0            |
|    window_cost             | 0.3          |
|    window_route_completion | 0.178        |
|    window_success          | 0            |
| paper/                     |              |
|    accel_variation         | 0.825        |
|    base_reward             | 10.1         |
|    collision               | 0            |
|    crash_object            | 0            |
|    crash_vehicle           | 0            |
|    episode_cost            | 0            |
|    episode_length          | 600          |
|    jerk                    | 0.64         |
|    lane_deviation          | 0.209        |
|    max_lane_deviation      | 0.533        |
|    mean_speed_kmh          | 1.03         |
|    min_ttc                 | nan          |
|    out_of_road             | 0            |
|    route_completion        | 0.145        |
|    shaped_reward           | -117         |
|    steering_variation      | 0.823        |
|    success                 | 0            |
|    ttc_risk                | 0            |
| rollout/                   |              |
|    ep_len_mean             | 568          |
|    ep_rew_mean             | -210         |
|    success_rate            | 0            |
| time/                      |              |
|    fps                     | 2522         |
|    iterations              | 11           |
|    time_elapsed            | 71           |
|    total_timesteps         | 180224       |
| train/                     |              |
|    approx_kl               | 0.0038688655 |
|    clip_fraction           | 0.0301       |
|    clip_range              | 0.2          |
|    entropy_loss            | -2.83        |
|    explained_variance      | 0.709        |
|    learning_rate           | 0.0003       |
|    loss                    | 60.1         |
|    n_updates               | 100          |
|    policy_gradient_loss    | -0.00147     |
|    std                     | 0.998        |
|    value_loss              | 82.7         |
---------------------------------------------
---------------------------------------------
| curriculum/                |              |
|    stage                   | 0            |
|    window_cost             | 0.0667       |
|    window_route_completion | 0.166        |
|    window_success          | 0            |
| paper/                     |              |
|    accel_variation         | 0.812        |
|    base_reward             | 10.2         |
|    collision               | 0            |
|    crash_object            | 0            |
|    crash_vehicle           | 0            |
|    episode_cost            | 0            |
|    episode_length          | 600          |
|    jerk                    | 0.645        |
|    lane_deviation          | 0.167        |
|    max_lane_deviation      | 0.382        |
|    mean_speed_kmh          | 0.99         |
|    min_ttc                 | nan          |
|    out_of_road             | 0            |
|    route_completion        | 0.152        |
|    shaped_reward           | -104         |
|    steering_variation      | 0.844        |
|    success                 | 0            |
|    ttc_risk                | 0            |
| rollout/                   |              |
|    ep_len_mean             | 566          |
|    ep_rew_mean             | -214         |
|    success_rate            | 0            |
| time/                      |              |
|    fps                     | 2501         |
|    iterations              | 12           |
|    time_elapsed            | 78           |
|    total_timesteps         | 196608       |
| train/                     |              |
|    approx_kl               | 0.0059856637 |
|    clip_fraction           | 0.0485       |
|    clip_range              | 0.2          |
|    entropy_loss            | -2.84        |
|    explained_variance      | 0.791        |
|    learning_rate           | 0.0003       |
|    loss                    | 41.7         |
|    n_updates               | 110          |
|    policy_gradient_loss    | -0.00241     |
|    std                     | 1            |
|    value_loss              | 83.5         |
---------------------------------------------
---------------------------------------------
| curriculum/                |              |
|    stage                   | 0            |
|    window_cost             | 0            |
|    window_route_completion | 0.175        |
|    window_success          | 0            |
| paper/                     |              |
|    accel_variation         | 0.716        |
|    base_reward             | 16.6         |
|    collision               | 0            |
|    crash_object            | 0            |
|    crash_vehicle           | 0            |
|    episode_cost            | 0            |
|    episode_length          | 600          |
|    jerk                    | 0.582        |
|    lane_deviation          | 0.105        |
|    max_lane_deviation      | 0.294        |
|    mean_speed_kmh          | 1.3          |
|    min_ttc                 | nan          |
|    out_of_road             | 0            |
|    route_completion        | 0.182        |
|    shaped_reward           | -76.8        |
|    steering_variation      | 0.797        |
|    success                 | 0            |
|    ttc_risk                | 0            |
| rollout/                   |              |
|    ep_len_mean             | 572          |
|    ep_rew_mean             | -195         |
|    success_rate            | 0            |
| time/                      |              |
|    fps                     | 2479         |
|    iterations              | 13           |
|    time_elapsed            | 85           |
|    total_timesteps         | 212992       |
| train/                     |              |
|    approx_kl               | 0.0027480263 |
|    clip_fraction           | 0.0594       |
|    clip_range              | 0.2          |
|    entropy_loss            | -2.83        |
|    explained_variance      | 0.929        |
|    learning_rate           | 0.0003       |
|    loss                    | 6.13         |
|    n_updates               | 120          |
|    policy_gradient_loss    | -0.00078     |
|    std                     | 0.998        |
|    value_loss              | 11.7         |
---------------------------------------------
--------------------------------------------
| curriculum/                |             |
|    stage                   | 0           |
|    window_cost             | 0           |
|    window_route_completion | 0.209       |
|    window_success          | 0           |
| paper/                     |             |
|    accel_variation         | 0.757       |
|    base_reward             | 8.82        |
|    collision               | 0           |
|    crash_object            | 0           |
|    crash_vehicle           | 0           |
|    episode_cost            | 0           |
|    episode_length          | 600         |
|    jerk                    | 0.6         |
|    lane_deviation          | 0.578       |
|    max_lane_deviation      | 1.04        |
|    mean_speed_kmh          | 1.49        |
|    min_ttc                 | nan         |
|    out_of_road             | 0           |
|    route_completion        | 0.217       |
|    shaped_reward           | -313        |
|    steering_variation      | 0.798       |
|    success                 | 0           |
|    ttc_risk                | 0           |
| rollout/                   |             |
|    ep_len_mean             | 587         |
|    ep_rew_mean             | -180        |
|    success_rate            | 0           |
| time/                      |             |
|    fps                     | 2460        |
|    iterations              | 14          |
|    time_elapsed            | 93          |
|    total_timesteps         | 229376      |
| train/                     |             |
|    approx_kl               | 0.012471472 |
|    clip_fraction           | 0.0822      |
|    clip_range              | 0.2         |
|    entropy_loss            | -2.83       |
|    explained_variance      | 0.966       |
|    learning_rate           | 0.0003      |
|    loss                    | 2.09        |
|    n_updates               | 130         |
|    policy_gradient_loss    | -0.00656    |
|    std                     | 0.992       |
|    value_loss              | 8.36        |
--------------------------------------------
---------------------------------------------
| curriculum/                |              |
|    stage                   | 0            |
|    window_cost             | 0            |
|    window_route_completion | 0.24         |
|    window_success          | 0            |
| paper/                     |              |
|    accel_variation         | 0.677        |
|    base_reward             | 19.6         |
|    collision               | 0            |
|    crash_object            | 0            |
|    crash_vehicle           | 0            |
|    episode_cost            | 0            |
|    episode_length          | 600          |
|    jerk                    | 0.593        |
|    lane_deviation          | 0.243        |
|    max_lane_deviation      | 0.468        |
|    mean_speed_kmh          | 1.73         |
|    min_ttc                 | nan          |
|    out_of_road             | 0            |
|    route_completion        | 0.279        |
|    shaped_reward           | -93.7        |
|    steering_variation      | 0.844        |
|    success                 | 0            |
|    ttc_risk                | 0            |
| rollout/                   |              |
|    ep_len_mean             | 600          |
|    ep_rew_mean             | -153         |
|    success_rate            | 0            |
| time/                      |              |
|    fps                     | 2445         |
|    iterations              | 15           |
|    time_elapsed            | 100          |
|    total_timesteps         | 245760       |
| train/                     |              |
|    approx_kl               | 0.0071202144 |
|    clip_fraction           | 0.138        |
|    clip_range              | 0.2          |
|    entropy_loss            | -2.8         |
|    explained_variance      | 0.946        |
|    learning_rate           | 0.0003       |
|    loss                    | 5.2          |
|    n_updates               | 140          |
|    policy_gradient_loss    | -0.000912    |
|    std                     | 0.974        |
|    value_loss              | 10           |
---------------------------------------------
--------------------------------------------
| curriculum/                |             |
|    stage                   | 0           |
|    window_cost             | 0           |
|    window_route_completion | 0.262       |
|    window_success          | 0           |
| paper/                     |             |
|    accel_variation         | 0.685       |
|    base_reward             | 24.2        |
|    collision               | 0           |
|    crash_object            | 0           |
|    crash_vehicle           | 0           |
|    episode_cost            | 0           |
|    episode_length          | 600         |
|    jerk                    | 0.556       |
|    lane_deviation          | 0.137       |
|    max_lane_deviation      | 0.395       |
|    mean_speed_kmh          | 1.74        |
|    min_ttc                 | nan         |
|    out_of_road             | 0           |
|    route_completion        | 0.266       |
|    shaped_reward           | -69.8       |
|    steering_variation      | 0.776       |
|    success                 | 0           |
|    ttc_risk                | 0           |
| rollout/                   |             |
|    ep_len_mean             | 600         |
|    ep_rew_mean             | -138        |
|    success_rate            | 0           |
| time/                      |             |
|    fps                     | 2435        |
|    iterations              | 16          |
|    time_elapsed            | 107         |
|    total_timesteps         | 262144      |
| train/                     |             |
|    approx_kl               | 0.012325002 |
|    clip_fraction           | 0.13        |
|    clip_range              | 0.2         |
|    entropy_loss            | -2.76       |
|    explained_variance      | 0.935       |
|    learning_rate           | 0.0003      |
|    loss                    | 5.13        |
|    n_updates               | 150         |
|    policy_gradient_loss    | -0.00586    |
|    std                     | 0.953       |
|    value_loss              | 9.26        |
--------------------------------------------
---------------------------------------------
| curriculum/                |              |
|    stage                   | 0            |
|    window_cost             | 0            |
|    window_route_completion | 0.32         |
|    window_success          | 0            |
| paper/                     |              |
|    accel_variation         | 0.702        |
|    base_reward             | 24.3         |
|    collision               | 0            |
|    crash_object            | 0            |
|    crash_vehicle           | 0            |
|    episode_cost            | 0            |
|    episode_length          | 600          |
|    jerk                    | 0.569        |
|    lane_deviation          | 0.195        |
|    max_lane_deviation      | 0.708        |
|    mean_speed_kmh          | 2.07         |
|    min_ttc                 | nan          |
|    out_of_road             | 0            |
|    route_completion        | 0.305        |
|    shaped_reward           | -79.4        |
|    steering_variation      | 0.747        |
|    success                 | 0            |
|    ttc_risk                | 0            |
| rollout/                   |              |
|    ep_len_mean             | 600          |
|    ep_rew_mean             | -113         |
|    success_rate            | 0            |
| time/                      |              |
|    fps                     | 2426         |
|    iterations              | 17           |
|    time_elapsed            | 114          |
|    total_timesteps         | 278528       |
| train/                     |              |
|    approx_kl               | 0.0074789487 |
|    clip_fraction           | 0.212        |
|    clip_range              | 0.2          |
|    entropy_loss            | -2.72        |
|    explained_variance      | 0.884        |
|    learning_rate           | 0.0003       |
|    loss                    | 6.37         |
|    n_updates               | 160          |
|    policy_gradient_loss    | 0.0105       |
|    std                     | 0.935        |
|    value_loss              | 6.93         |
---------------------------------------------
-------------------------------------------
| curriculum/                |            |
|    stage                   | 0          |
|    window_cost             | 0          |
|    window_route_completion | 0.353      |
|    window_success          | 0          |
| paper/                     |            |
|    accel_variation         | 0.622      |
|    base_reward             | 33.6       |
|    collision               | 0          |
|    crash_object            | 0          |
|    crash_vehicle           | 0          |
|    episode_cost            | 0          |
|    episode_length          | 600        |
|    jerk                    | 0.5        |
|    lane_deviation          | 0.133      |
|    max_lane_deviation      | 0.375      |
|    mean_speed_kmh          | 2.43       |
|    min_ttc                 | nan        |
|    out_of_road             | 0          |
|    route_completion        | 0.442      |
|    shaped_reward           | -38.5      |
|    steering_variation      | 0.733      |
|    success                 | 0          |
|    ttc_risk                | 0          |
| rollout/                   |            |
|    ep_len_mean             | 600        |
|    ep_rew_mean             | -87.4      |
|    success_rate            | 0          |
| time/                      |            |
|    fps                     | 2418       |
|    iterations              | 18         |
|    time_elapsed            | 121        |
|    total_timesteps         | 294912     |
| train/                     |            |
|    approx_kl               | 0.01220727 |
|    clip_fraction           | 0.231      |
|    clip_range              | 0.2        |
|    entropy_loss            | -2.68      |
|    explained_variance      | 0.763      |
|    learning_rate           | 0.0003     |
|    loss                    | 2.78       |
|    n_updates               | 170        |
|    policy_gradient_loss    | 0.00571    |
|    std                     | 0.914      |
|    value_loss              | 5.06       |
-------------------------------------------
--------------------------------------------
| curriculum/                |             |
|    stage                   | 0           |
|    window_cost             | 0           |
|    window_route_completion | 0.448       |
|    window_success          | 0           |
| paper/                     |             |
|    accel_variation         | 0.576       |
|    base_reward             | 41.9        |
|    collision               | 0           |
|    crash_object            | 0           |
|    crash_vehicle           | 0           |
|    episode_cost            | 0           |
|    episode_length          | 600         |
|    jerk                    | 0.499       |
|    lane_deviation          | 0.104       |
|    max_lane_deviation      | 0.379       |
|    mean_speed_kmh          | 2.92        |
|    min_ttc                 | nan         |
|    out_of_road             | 0           |
|    route_completion        | 0.401       |
|    shaped_reward           | -21.7       |
|    steering_variation      | 0.779       |
|    success                 | 0           |
|    ttc_risk                | 0           |
| rollout/                   |             |
|    ep_len_mean             | 600         |
|    ep_rew_mean             | -60.4       |
|    success_rate            | 0           |
| time/                      |             |
|    fps                     | 2412        |
|    iterations              | 19          |
|    time_elapsed            | 129         |
|    total_timesteps         | 311296      |
| train/                     |             |
|    approx_kl               | 0.017082382 |
|    clip_fraction           | 0.251       |
|    clip_range              | 0.2         |
|    entropy_loss            | -2.59       |
|    explained_variance      | 0.603       |
|    learning_rate           | 0.0003      |
|    loss                    | 1.58        |
|    n_updates               | 180         |
|    policy_gradient_loss    | -0.00297    |
|    std                     | 0.873       |
|    value_loss              | 3.46        |
--------------------------------------------
--------------------------------------------
| curriculum/                |             |
|    stage                   | 1           |
|    window_cost             | 0           |
|    window_route_completion | 0.605       |
|    window_success          | 0           |
| paper/                     |             |
|    accel_variation         | 0.518       |
|    base_reward             | 87.5        |
|    collision               | 0           |
|    crash_object            | 0           |
|    crash_vehicle           | 0           |
|    episode_cost            | 0           |
|    episode_length          | 800         |
|    jerk                    | 0.423       |
|    lane_deviation          | 0.14        |
|    max_lane_deviation      | 0.521       |
|    mean_speed_kmh          | 4.56        |
|    min_ttc                 | nan         |
|    out_of_road             | 0           |
|    route_completion        | 0.869       |
|    shaped_reward           | 15.3        |
|    steering_variation      | 0.731       |
|    success                 | 0           |
|    ttc_risk                | 0           |
| rollout/                   |             |
|    ep_len_mean             | 606         |
|    ep_rew_mean             | -38.3       |
|    success_rate            | 0           |
| time/                      |             |
|    fps                     | 2401        |
|    iterations              | 20          |
|    time_elapsed            | 136         |
|    total_timesteps         | 327680      |
| train/                     |             |
|    approx_kl               | 0.016370395 |
|    clip_fraction           | 0.259       |
|    clip_range              | 0.2         |
|    entropy_loss            | -2.49       |
|    explained_variance      | 0.298       |
|    learning_rate           | 0.0003      |
|    loss                    | 0.972       |
|    n_updates               | 190         |
|    policy_gradient_loss    | -0.00618    |
|    std                     | 0.836       |
|    value_loss              | 2.08        |
--------------------------------------------
-----------------------------------------
| paper/                  |             |
|    accel_variation      | 0.423       |
|    base_reward          | 86.4        |
|    collision            | 0           |
|    crash_object         | 0           |
|    crash_vehicle        | 0           |
|    episode_cost         | 0           |
|    episode_length       | 800         |
|    jerk                 | 0.369       |
|    lane_deviation       | 0.369       |
|    max_lane_deviation   | 1.75        |
|    mean_speed_kmh       | 6.48        |
|    min_ttc              | nan         |
|    out_of_road          | 0           |
|    route_completion     | 0.311       |
|    shaped_reward        | -159        |
|    steering_variation   | 0.72        |
|    success              | 0           |
|    ttc_risk             | 0           |
| rollout/                |             |
|    ep_len_mean          | 649         |
|    ep_rew_mean          | -20.3       |
|    success_rate         | 0.07        |
| time/                   |             |
|    fps                  | 2368        |
|    iterations           | 21          |
|    time_elapsed         | 145         |
|    total_timesteps      | 344064      |
| train/                  |             |
|    approx_kl            | 0.021928065 |
|    clip_fraction        | 0.236       |
|    clip_range           | 0.2         |
|    entropy_loss         | -2.38       |
|    explained_variance   | 0.186       |
|    learning_rate        | 0.0003      |
|    loss                 | 0.776       |
|    n_updates            | 200         |
|    policy_gradient_loss | -0.0145     |
|    std                  | 0.787       |
|    value_loss           | 1.85        |
-----------------------------------------
--------------------------------------------
| curriculum/                |             |
|    stage                   | 0           |
|    window_cost             | 0           |
|    window_route_completion | 0.51        |
|    window_success          | 0.0333      |
| paper/                     |             |
|    accel_variation         | 0.433       |
|    base_reward             | 105         |
|    collision               | 0           |
|    crash_object            | 0           |
|    crash_vehicle           | 0           |
|    episode_cost            | 0           |
|    episode_length          | 600         |
|    jerk                    | 0.381       |
|    lane_deviation          | 0.133       |
|    max_lane_deviation      | 0.509       |
|    mean_speed_kmh          | 7.29        |
|    min_ttc                 | nan         |
|    out_of_road             | 0           |
|    route_completion        | 0.342       |
|    shaped_reward           | 31.2        |
|    steering_variation      | 0.69        |
|    success                 | 0           |
|    ttc_risk                | 0           |
| rollout/                   |             |
|    ep_len_mean             | 685         |
|    ep_rew_mean             | -12.1       |
|    success_rate            | 0.07        |
| time/                      |             |
|    fps                     | 2344        |
|    iterations              | 22          |
|    time_elapsed            | 153         |
|    total_timesteps         | 360448      |
| train/                     |             |
|    approx_kl               | 0.012876386 |
|    clip_fraction           | 0.175       |
|    clip_range              | 0.2         |
|    entropy_loss            | -2.33       |
|    explained_variance      | 0.0194      |
|    learning_rate           | 0.0003      |
|    loss                    | 11.4        |
|    n_updates               | 210         |
|    policy_gradient_loss    | 0.00151     |
|    std                     | 0.771       |
|    value_loss              | 20.8        |
--------------------------------------------
--------------------------------------------
| curriculum/                |             |
|    stage                   | 1           |
|    window_cost             | 0           |
|    window_route_completion | 0.683       |
|    window_success          | 0.467       |
| paper/                     |             |
|    accel_variation         | 0.451       |
|    base_reward             | 99.9        |
|    collision               | 0           |
|    crash_object            | 0           |
|    crash_vehicle           | 0           |
|    episode_cost            | 0           |
|    episode_length          | 440         |
|    jerk                    | 0.361       |
|    lane_deviation          | 0.0971      |
|    max_lane_deviation      | 0.326       |
|    mean_speed_kmh          | 7.14        |
|    min_ttc                 | nan         |
|    out_of_road             | 0           |
|    route_completion        | 0.948       |
|    shaped_reward           | 123         |
|    steering_variation      | 0.691       |
|    success                 | 1           |
|    ttc_risk                | 0           |
| rollout/                   |             |
|    ep_len_mean             | 647         |
|    ep_rew_mean             | 30.2        |
|    success_rate            | 0.31        |
| time/                      |             |
|    fps                     | 2335        |
|    iterations              | 23          |
|    time_elapsed            | 161         |
|    total_timesteps         | 376832      |
| train/                     |             |
|    approx_kl               | 0.012937609 |
|    clip_fraction           | 0.186       |
|    clip_range              | 0.2         |
|    entropy_loss            | -2.29       |
|    explained_variance      | 0.611       |
|    learning_rate           | 0.0003      |
|    loss                    | 1.46        |
|    n_updates               | 220         |
|    policy_gradient_loss    | -0.00315    |
|    std                     | 0.752       |
|    value_loss              | 3.43        |
--------------------------------------------
--------------------------------------------
| curriculum/                |             |
|    stage                   | 2           |
|    window_cost             | 0           |
|    window_route_completion | 0.829       |
|    window_success          | 0.567       |
| paper/                     |             |
|    accel_variation         | 0.345       |
|    base_reward             | 221         |
|    collision               | 0           |
|    crash_object            | 0           |
|    crash_vehicle           | 0           |
|    episode_cost            | 0           |
|    episode_length          | 808         |
|    jerk                    | 0.284       |
|    lane_deviation          | 0.2         |
|    max_lane_deviation      | 0.854       |
|    mean_speed_kmh          | 11          |
|    min_ttc                 | nan         |
|    out_of_road             | 0           |
|    route_completion        | 0.981       |
|    shaped_reward           | 138         |
|    steering_variation      | 0.665       |
|    success                 | 1           |
|    ttc_risk                | 0           |
| rollout/                   |             |
|    ep_len_mean             | 659         |
|    ep_rew_mean             | 45.1        |
|    success_rate            | 0.37        |
| time/                      |             |
|    fps                     | 2309        |
|    iterations              | 24          |
|    time_elapsed            | 170         |
|    total_timesteps         | 393216      |
| train/                     |             |
|    approx_kl               | 0.013421699 |
|    clip_fraction           | 0.144       |
|    clip_range              | 0.2         |
|    entropy_loss            | -2.26       |
|    explained_variance      | 0.141       |
|    learning_rate           | 0.0003      |
|    loss                    | 7.07        |
|    n_updates               | 230         |
|    policy_gradient_loss    | 0.00116     |
|    std                     | 0.747       |
|    value_loss              | 31.2        |
--------------------------------------------
-----------------------------------------
| paper/                  |             |
|    accel_variation      | 0.373       |
|    base_reward          | 182         |
|    collision            | 0           |
|    crash_object         | 0           |
|    crash_vehicle        | 0           |
|    episode_cost         | 0           |
|    episode_length       | 1000        |
|    jerk                 | 0.323       |
|    lane_deviation       | 0.355       |
|    max_lane_deviation   | 1.26        |
|    mean_speed_kmh       | 10.5        |
|    min_ttc              | 119         |
|    out_of_road          | 0           |
|    route_completion     | 0.471       |
|    shaped_reward        | -98         |
|    steering_variation   | 0.631       |
|    success              | 0           |
|    ttc_risk             | 0           |
| rollout/                |             |
|    ep_len_mean          | 685         |
|    ep_rew_mean          | 55.7        |
|    success_rate         | 0.38        |
| time/                   |             |
|    fps                  | 2230        |
|    iterations           | 25          |
|    time_elapsed         | 183         |
|    total_timesteps      | 409600      |
| train/                  |             |
|    approx_kl            | 0.015172299 |
|    clip_fraction        | 0.172       |
|    clip_range           | 0.2         |
|    entropy_loss         | -2.23       |
|    explained_variance   | 0.784       |
|    learning_rate        | 0.0003      |
|    loss                 | 2.28        |
|    n_updates            | 240         |
|    policy_gradient_loss | -0.00194    |
|    std                  | 0.732       |
|    value_loss           | 7.25        |
-----------------------------------------
------------------------------------------
| curriculum/                |           |
|    stage                   | 2         |
|    window_cost             | 0         |
|    window_route_completion | 0.673     |
|    window_success          | 0.133     |
| paper/                     |           |
|    accel_variation         | 0.372     |
|    base_reward             | 320       |
|    collision               | 0         |
|    crash_object            | 0         |
|    crash_vehicle           | 0         |
|    episode_cost            | 0         |
|    episode_length          | 1000      |
|    jerk                    | 0.334     |
|    lane_deviation          | 0.185     |
|    max_lane_deviation      | 0.715     |
|    mean_speed_kmh          | 13.6      |
|    min_ttc                 | 11.9      |
|    out_of_road             | 0         |
|    route_completion        | 0.702     |
|    shaped_reward           | 117       |
|    steering_variation      | 0.612     |
|    success                 | 0         |
|    ttc_risk                | 8.62e-06  |
| rollout/                   |           |
|    ep_len_mean             | 717       |
|    ep_rew_mean             | 63.8      |
|    success_rate            | 0.38      |
| time/                      |           |
|    fps                     | 2150      |
|    iterations              | 26        |
|    time_elapsed            | 198       |
|    total_timesteps         | 425984    |
| train/                     |           |
|    approx_kl               | 0.0088003 |
|    clip_fraction           | 0.129     |
|    clip_range              | 0.2       |
|    entropy_loss            | -2.2      |
|    explained_variance      | 0.776     |
|    learning_rate           | 0.0003    |
|    loss                    | 8.56      |
|    n_updates               | 250       |
|    policy_gradient_loss    | -0.00226  |
|    std                     | 0.724     |
|    value_loss              | 19.5      |
------------------------------------------
--------------------------------------------
| curriculum/                |             |
|    stage                   | 1           |
|    window_cost             | 0.0333      |
|    window_route_completion | 0.607       |
|    window_success          | 0.0333      |
| paper/                     |             |
|    accel_variation         | 0.335       |
|    base_reward             | 234         |
|    collision               | 0           |
|    crash_object            | 0           |
|    crash_vehicle           | 0           |
|    episode_cost            | 0           |
|    episode_length          | 800         |
|    jerk                    | 0.281       |
|    lane_deviation          | 0.24        |
|    max_lane_deviation      | 0.864       |
|    mean_speed_kmh          | 13.4        |
|    min_ttc                 | nan         |
|    out_of_road             | 0           |
|    route_completion        | 0.528       |
|    shaped_reward           | 52.4        |
|    steering_variation      | 0.612       |
|    success                 | 0           |
|    ttc_risk                | 0           |
| rollout/                   |             |
|    ep_len_mean             | 750         |
|    ep_rew_mean             | 60.3        |
|    success_rate            | 0.37        |
| time/                      |             |
|    fps                     | 2105        |
|    iterations              | 27          |
|    time_elapsed            | 210         |
|    total_timesteps         | 442368      |
| train/                     |             |
|    approx_kl               | 0.011047919 |
|    clip_fraction           | 0.153       |
|    clip_range              | 0.2         |
|    entropy_loss            | -2.19       |
|    explained_variance      | 0.401       |
|    learning_rate           | 0.0003      |
|    loss                    | 14.3        |
|    n_updates               | 260         |
|    policy_gradient_loss    | 0.000129    |
|    std                     | 0.722       |
|    value_loss              | 32.7        |
--------------------------------------------
--------------------------------------------
| curriculum/                |             |
|    stage                   | 1           |
|    window_cost             | 0.0667      |
|    window_route_completion | 0.71        |
|    window_success          | 0.167       |
| paper/                     |             |
|    accel_variation         | 0.324       |
|    base_reward             | 248         |
|    collision               | 0           |
|    crash_object            | 0           |
|    crash_vehicle           | 0           |
|    episode_cost            | 0           |
|    episode_length          | 677         |
|    jerk                    | 0.302       |
|    lane_deviation          | 0.173       |
|    max_lane_deviation      | 0.922       |
|    mean_speed_kmh          | 14.3        |
|    min_ttc                 | nan         |
|    out_of_road             | 0           |
|    route_completion        | 0.979       |
|    shaped_reward           | 169         |
|    steering_variation      | 0.594       |
|    success                 | 1           |
|    ttc_risk                | 0           |
| rollout/                   |             |
|    ep_len_mean             | 816         |
|    ep_rew_mean             | 58.8        |
|    success_rate            | 0.26        |
| time/                      |             |
|    fps                     | 2083        |
|    iterations              | 28          |
|    time_elapsed            | 220         |
|    total_timesteps         | 458752      |
| train/                     |             |
|    approx_kl               | 0.018246153 |
|    clip_fraction           | 0.201       |
|    clip_range              | 0.2         |
|    entropy_loss            | -2.18       |
|    explained_variance      | 0.318       |
|    learning_rate           | 0.0003      |
|    loss                    | 16.5        |
|    n_updates               | 270         |
|    policy_gradient_loss    | 0.00253     |
|    std                     | 0.72        |
|    value_loss              | 70.3        |
--------------------------------------------
--------------------------------------------
| curriculum/                |             |
|    stage                   | 1           |
|    window_cost             | 0           |
|    window_route_completion | 0.806       |
|    window_success          | 0.1         |
| paper/                     |             |
|    accel_variation         | 0.33        |
|    base_reward             | 265         |
|    collision               | 0           |
|    crash_object            | 0           |
|    crash_vehicle           | 0           |
|    episode_cost            | 0           |
|    episode_length          | 800         |
|    jerk                    | 0.285       |
|    lane_deviation          | 0.188       |
|    max_lane_deviation      | 0.75        |
|    mean_speed_kmh          | 14.4        |
|    min_ttc                 | 11.7        |
|    out_of_road             | 0           |
|    route_completion        | 0.924       |
|    shaped_reward           | 110         |
|    steering_variation      | 0.582       |
|    success                 | 0           |
|    ttc_risk                | 2.7e-05     |
| rollout/                   |             |
|    ep_len_mean             | 859         |
|    ep_rew_mean             | 55.1        |
|    success_rate            | 0.14        |
| time/                      |             |
|    fps                     | 2068        |
|    iterations              | 29          |
|    time_elapsed            | 229         |
|    total_timesteps         | 475136      |
| train/                     |             |
|    approx_kl               | 0.030450538 |
|    clip_fraction           | 0.31        |
|    clip_range              | 0.2         |
|    entropy_loss            | -2.16       |
|    explained_variance      | 0.541       |
|    learning_rate           | 0.0003      |
|    loss                    | 4.35        |
|    n_updates               | 280         |
|    policy_gradient_loss    | 0.0232      |
|    std                     | 0.709       |
|    value_loss              | 7.08        |
--------------------------------------------
--------------------------------------------
| curriculum/                |             |
|    stage                   | 1           |
|    window_cost             | 0.0333      |
|    window_route_completion | 0.839       |
|    window_success          | 0.2         |
| paper/                     |             |
|    accel_variation         | 0.348       |
|    base_reward             | 295         |
|    collision               | 0           |
|    crash_object            | 0           |
|    crash_vehicle           | 0           |
|    episode_cost            | 0           |
|    episode_length          | 800         |
|    jerk                    | 0.306       |
|    lane_deviation          | 0.183       |
|    max_lane_deviation      | 0.645       |
|    mean_speed_kmh          | 15.7        |
|    min_ttc                 | nan         |
|    out_of_road             | 0           |
|    route_completion        | 0.851       |
|    shaped_reward           | 127         |
|    steering_variation      | 0.575       |
|    success                 | 0           |
|    ttc_risk                | 0           |
| rollout/                   |             |
|    ep_len_mean             | 832         |
|    ep_rew_mean             | 56.8        |
|    success_rate            | 0.11        |
| time/                      |             |
|    fps                     | 2064        |
|    iterations              | 30          |
|    time_elapsed            | 238         |
|    total_timesteps         | 491520      |
| train/                     |             |
|    approx_kl               | 0.011560655 |
|    clip_fraction           | 0.258       |
|    clip_range              | 0.2         |
|    entropy_loss            | -2.11       |
|    explained_variance      | 0.738       |
|    learning_rate           | 0.0003      |
|    loss                    | 2.34        |
|    n_updates               | 290         |
|    policy_gradient_loss    | 0.0093      |
|    std                     | 0.691       |
|    value_loss              | 4.87        |
--------------------------------------------
--------------------------------------------
| curriculum/                |             |
|    stage                   | 2           |
|    window_cost             | 0.0333      |
|    window_route_completion | 0.867       |
|    window_success          | 0.3         |
| paper/                     |             |
|    accel_variation         | 0.344       |
|    base_reward             | 334         |
|    collision               | 0           |
|    crash_object            | 0           |
|    crash_vehicle           | 0           |
|    episode_cost            | 0           |
|    episode_length          | 1000        |
|    jerk                    | 0.311       |
|    lane_deviation          | 0.271       |
|    max_lane_deviation      | 0.989       |
|    mean_speed_kmh          | 15.9        |
|    min_ttc                 | nan         |
|    out_of_road             | 0           |
|    route_completion        | 0.953       |
|    shaped_reward           | 70.9        |
|    steering_variation      | 0.565       |
|    success                 | 0           |
|    ttc_risk                | 0           |
| rollout/                   |             |
|    ep_len_mean             | 792         |
|    ep_rew_mean             | 85.6        |
|    success_rate            | 0.26        |
| time/                      |             |
|    fps                     | 2025        |
|    iterations              | 31          |
|    time_elapsed            | 250         |
|    total_timesteps         | 507904      |
| train/                     |             |
|    approx_kl               | 0.011326138 |
|    clip_fraction           | 0.199       |
|    clip_range              | 0.2         |
|    entropy_loss            | -2.08       |
|    explained_variance      | 0.371       |
|    learning_rate           | 0.0003      |
|    loss                    | 2.39        |
|    n_updates               | 300         |
|    policy_gradient_loss    | 0.00918     |
|    std                     | 0.683       |
|    value_loss              | 35          |
--------------------------------------------
-----------------------------------------
| paper/                  |             |
|    accel_variation      | 0.38        |
|    base_reward          | 354         |
|    collision            | 0           |
|    crash_object         | 0           |
|    crash_vehicle        | 0           |
|    episode_cost         | 0           |
|    episode_length       | 1000        |
|    jerk                 | 0.341       |
|    lane_deviation       | 0.208       |
|    max_lane_deviation   | 0.982       |
|    mean_speed_kmh       | 15.9        |
|    min_ttc              | 9.38        |
|    out_of_road          | 0           |
|    route_completion     | 0.863       |
|    shaped_reward        | 117         |
|    steering_variation   | 0.568       |
|    success              | 0           |
|    ttc_risk             | 0.000394    |
| rollout/                |             |
|    ep_len_mean          | 802         |
|    ep_rew_mean          | 93.3        |
|    success_rate         | 0.28        |
| time/                   |             |
|    fps                  | 1971        |
|    iterations           | 32          |
|    time_elapsed         | 265         |
|    total_timesteps      | 524288      |
| train/                  |             |
|    approx_kl            | 0.009747679 |
|    clip_fraction        | 0.136       |
|    clip_range           | 0.2         |
|    entropy_loss         | -2.07       |
|    explained_variance   | 0.695       |
|    learning_rate        | 0.0003      |
|    loss                 | 7.79        |
|    n_updates            | 310         |
|    policy_gradient_loss | 0.000739    |
|    std                  | 0.684       |
|    value_loss           | 18.5        |
-----------------------------------------
--------------------------------------------
| curriculum/                |             |
|    stage                   | 2           |
|    window_cost             | 0.0667      |
|    window_route_completion | 0.717       |
|    window_success          | 0.0333      |
| paper/                     |             |
|    accel_variation         | 0.333       |
|    base_reward             | 357         |
|    collision               | 0           |
|    crash_object            | 0           |
|    crash_vehicle           | 0           |
|    episode_cost            | 0           |
|    episode_length          | 1000        |
|    jerk                    | 0.308       |
|    lane_deviation          | 0.174       |
|    max_lane_deviation      | 0.792       |
|    mean_speed_kmh          | 15.1        |
|    min_ttc                 | 4.84        |
|    out_of_road             | 0           |
|    route_completion        | 0.79        |
|    shaped_reward           | 139         |
|    steering_variation      | 0.582       |
|    success                 | 0           |
|    ttc_risk                | 0.000597    |
| rollout/                   |             |
|    ep_len_mean             | 840         |
|    ep_rew_mean             | 91.3        |
|    success_rate            | 0.25        |
| time/                      |             |
|    fps                     | 1930        |
|    iterations              | 33          |
|    time_elapsed            | 280         |
|    total_timesteps         | 540672      |
| train/                     |             |
|    approx_kl               | 0.009140546 |
|    clip_fraction           | 0.196       |
|    clip_range              | 0.2         |
|    entropy_loss            | -2.08       |
|    explained_variance      | 0.49        |
|    learning_rate           | 0.0003      |
|    loss                    | 27.5        |
|    n_updates               | 320         |
|    policy_gradient_loss    | 0.00438     |
|    std                     | 0.684       |
|    value_loss              | 48.7        |
--------------------------------------------
--------------------------------------------
| curriculum/                |             |
|    stage                   | 2           |
|    window_cost             | 0.1         |
|    window_route_completion | 0.737       |
|    window_success          | 0.0667      |
| paper/                     |             |
|    accel_variation         | 0.345       |
|    base_reward             | 379         |
|    collision               | 0           |
|    crash_object            | 0           |
|    crash_vehicle           | 0           |
|    episode_cost            | 0           |
|    episode_length          | 1000        |
|    jerk                    | 0.312       |
|    lane_deviation          | 0.159       |
|    max_lane_deviation      | 0.606       |
|    mean_speed_kmh          | 15.7        |
|    min_ttc                 | 0.444       |
|    out_of_road             | 0           |
|    route_completion        | 0.847       |
|    shaped_reward           | -17.3       |
|    steering_variation      | 0.614       |
|    success                 | 0           |
|    ttc_risk                | 0.0294      |
| rollout/                   |             |
|    ep_len_mean             | 866         |
|    ep_rew_mean             | 91.3        |
|    success_rate            | 0.25        |
| time/                      |             |
|    fps                     | 1889        |
|    iterations              | 34          |
|    time_elapsed            | 294         |
|    total_timesteps         | 557056      |
| train/                     |             |
|    approx_kl               | 0.053810295 |
|    clip_fraction           | 0.273       |
|    clip_range              | 0.2         |
|    entropy_loss            | -2.07       |
|    explained_variance      | 0.199       |
|    learning_rate           | 0.0003      |
|    loss                    | 7.9         |
|    n_updates               | 330         |
|    policy_gradient_loss    | 0.00948     |
|    std                     | 0.686       |
|    value_loss              | 42.3        |
--------------------------------------------
--------------------------------------------
| curriculum/                |             |
|    stage                   | 2           |
|    window_cost             | 0.0333      |
|    window_route_completion | 0.74        |
|    window_success          | 0.0667      |
| paper/                     |             |
|    accel_variation         | 0.319       |
|    base_reward             | 375         |
|    collision               | 0           |
|    crash_object            | 0           |
|    crash_vehicle           | 0           |
|    episode_cost            | 0           |
|    episode_length          | 1000        |
|    jerk                    | 0.306       |
|    lane_deviation          | 0.165       |
|    max_lane_deviation      | 0.815       |
|    mean_speed_kmh          | 15.7        |
|    min_ttc                 | 9.74        |
|    out_of_road             | 0           |
|    route_completion        | 0.719       |
|    shaped_reward           | 151         |
|    steering_variation      | 0.59        |
|    success                 | 0           |
|    ttc_risk                | 0.000188    |
| rollout/                   |             |
|    ep_len_mean             | 908         |
|    ep_rew_mean             | 92.2        |
|    success_rate            | 0.22        |
| time/                      |             |
|    fps                     | 1847        |
|    iterations              | 35          |
|    time_elapsed            | 310         |
|    total_timesteps         | 573440      |
| train/                     |             |
|    approx_kl               | 0.030427447 |
|    clip_fraction           | 0.215       |
|    clip_range              | 0.2         |
|    entropy_loss            | -2.07       |
|    explained_variance      | 0.402       |
|    learning_rate           | 0.0003      |
|    loss                    | 87.9        |
|    n_updates               | 340         |
|    policy_gradient_loss    | 0.00264     |
|    std                     | 0.683       |
|    value_loss              | 45          |
--------------------------------------------
--------------------------------------------
| curriculum/                |             |
|    stage                   | 2           |
|    window_cost             | 0           |
|    window_route_completion | 0.783       |
|    window_success          | 0.1         |
| paper/                     |             |
|    accel_variation         | 0.371       |
|    base_reward             | 369         |
|    collision               | 0           |
|    crash_object            | 0           |
|    crash_vehicle           | 0           |
|    episode_cost            | 0           |
|    episode_length          | 973         |
|    jerk                    | 0.33        |
|    lane_deviation          | 0.18        |
|    max_lane_deviation      | 0.81        |
|    mean_speed_kmh          | 15.5        |
|    min_ttc                 | 3.98        |
|    out_of_road             | 0           |
|    route_completion        | 0.989       |
|    shaped_reward           | 187         |
|    steering_variation      | 0.609       |
|    success                 | 1           |
|    ttc_risk                | 0.00427     |
| rollout/                   |             |
|    ep_len_mean             | 949         |
|    ep_rew_mean             | 79.3        |
|    success_rate            | 0.18        |
| time/                      |             |
|    fps                     | 1815        |
|    iterations              | 36          |
|    time_elapsed            | 324         |
|    total_timesteps         | 589824      |
| train/                     |             |
|    approx_kl               | 0.046813533 |
|    clip_fraction           | 0.299       |
|    clip_range              | 0.2         |
|    entropy_loss            | -2.06       |
|    explained_variance      | 0.612       |
|    learning_rate           | 0.0003      |
|    loss                    | 3.41        |
|    n_updates               | 350         |
|    policy_gradient_loss    | 0.0163      |
|    std                     | 0.677       |
|    value_loss              | 18.9        |
--------------------------------------------
--------------------------------------------
| curriculum/                |             |
|    stage                   | 2           |
|    window_cost             | 0.0333      |
|    window_route_completion | 0.778       |
|    window_success          | 0.0667      |
| paper/                     |             |
|    accel_variation         | 0.341       |
|    base_reward             | 350         |
|    collision               | 0           |
|    crash_object            | 0           |
|    crash_vehicle           | 0           |
|    episode_cost            | 0           |
|    episode_length          | 1000        |
|    jerk                    | 0.331       |
|    lane_deviation          | 0.214       |
|    max_lane_deviation      | 0.974       |
|    mean_speed_kmh          | 15.5        |
|    min_ttc                 | 2.36        |
|    out_of_road             | 0           |
|    route_completion        | 0.642       |
|    shaped_reward           | 61.4        |
|    steering_variation      | 0.582       |
|    success                 | 0           |
|    ttc_risk                | 0.00771     |
| rollout/                   |             |
|    ep_len_mean             | 979         |
|    ep_rew_mean             | 63.7        |
|    success_rate            | 0.06        |
| time/                      |             |
|    fps                     | 1782        |
|    iterations              | 37          |
|    time_elapsed            | 340         |
|    total_timesteps         | 606208      |
| train/                     |             |
|    approx_kl               | 0.014850563 |
|    clip_fraction           | 0.128       |
|    clip_range              | 0.2         |
|    entropy_loss            | -2.05       |
|    explained_variance      | 0.596       |
|    learning_rate           | 0.0003      |
|    loss                    | 15.9        |
|    n_updates               | 360         |
|    policy_gradient_loss    | 0.000267    |
|    std                     | 0.677       |
|    value_loss              | 37          |
--------------------------------------------
--------------------------------------------
| curriculum/                |             |
|    stage                   | 2           |
|    window_cost             | 0.0667      |
|    window_route_completion | 0.758       |
|    window_success          | 0.1         |
| paper/                     |             |
|    accel_variation         | 0.348       |
|    base_reward             | 328         |
|    collision               | 0           |
|    crash_object            | 0           |
|    crash_vehicle           | 0           |
|    episode_cost            | 0           |
|    episode_length          | 1000        |
|    jerk                    | 0.333       |
|    lane_deviation          | 0.224       |
|    max_lane_deviation      | 0.867       |
|    mean_speed_kmh          | 14.9        |
|    min_ttc                 | 2.25        |
|    out_of_road             | 0           |
|    route_completion        | 0.909       |
|    shaped_reward           | 22.9        |
|    steering_variation      | 0.566       |
|    success                 | 0           |
|    ttc_risk                | 0.0135      |
| rollout/                   |             |
|    ep_len_mean             | 969         |
|    ep_rew_mean             | 64.9        |
|    success_rate            | 0.08        |
| time/                      |             |
|    fps                     | 1750        |
|    iterations              | 38          |
|    time_elapsed            | 355         |
|    total_timesteps         | 622592      |
| train/                     |             |
|    approx_kl               | 0.015126666 |
|    clip_fraction           | 0.235       |
|    clip_range              | 0.2         |
|    entropy_loss            | -2.05       |
|    explained_variance      | 0.544       |
|    learning_rate           | 0.0003      |
|    loss                    | 23.1        |
|    n_updates               | 370         |
|    policy_gradient_loss    | 0.0057      |
|    std                     | 0.681       |
|    value_loss              | 47.4        |
--------------------------------------------
--------------------------------------------
| curriculum/                |             |
|    stage                   | 2           |
|    window_cost             | 0.0333      |
|    window_route_completion | 0.77        |
|    window_success          | 0.0667      |
| paper/                     |             |
|    accel_variation         | 0.377       |
|    base_reward             | 352         |
|    collision               | 0           |
|    crash_object            | 0           |
|    crash_vehicle           | 0           |
|    episode_cost            | 0           |
|    episode_length          | 1000        |
|    jerk                    | 0.336       |
|    lane_deviation          | 0.178       |
|    max_lane_deviation      | 0.978       |
|    mean_speed_kmh          | 15.2        |
|    min_ttc                 | 8.33        |
|    out_of_road             | 0           |
|    route_completion        | 0.829       |
|    shaped_reward           | 128         |
|    steering_variation      | 0.574       |
|    success                 | 0           |
|    ttc_risk                | 0.00126     |
| rollout/                   |             |
|    ep_len_mean             | 976         |
|    ep_rew_mean             | 70.2        |
|    success_rate            | 0.08        |
| time/                      |             |
|    fps                     | 1726        |
|    iterations              | 39          |
|    time_elapsed            | 370         |
|    total_timesteps         | 638976      |
| train/                     |             |
|    approx_kl               | 0.033344857 |
|    clip_fraction           | 0.214       |
|    clip_range              | 0.2         |
|    entropy_loss            | -2.06       |
|    explained_variance      | 0.526       |
|    learning_rate           | 0.0003      |
|    loss                    | 16.4        |
|    n_updates               | 380         |
|    policy_gradient_loss    | 0.00571     |
|    std                     | 0.682       |
|    value_loss              | 44.7        |
--------------------------------------------
-------------------------------------------
| curriculum/                |            |
|    stage                   | 2          |
|    window_cost             | 0.0333     |
|    window_route_completion | 0.757      |
|    window_success          | 0.0667     |
| paper/                     |            |
|    accel_variation         | 0.414      |
|    base_reward             | 371        |
|    collision               | 0          |
|    crash_object            | 0          |
|    crash_vehicle           | 0          |
|    episode_cost            | 0          |
|    episode_length          | 1000       |
|    jerk                    | 0.374      |
|    lane_deviation          | 0.2        |
|    max_lane_deviation      | 0.681      |
|    mean_speed_kmh          | 16.2       |
|    min_ttc                 | 6.03       |
|    out_of_road             | 0          |
|    route_completion        | 0.845      |
|    shaped_reward           | 130        |
|    steering_variation      | 0.537      |
|    success                 | 0          |
|    ttc_risk                | 0.00141    |
| rollout/                   |            |
|    ep_len_mean             | 977        |
|    ep_rew_mean             | 69.4       |
|    success_rate            | 0.09       |
| time/                      |            |
|    fps                     | 1699       |
|    iterations              | 40         |
|    time_elapsed            | 385        |
|    total_timesteps         | 655360     |
| train/                     |            |
|    approx_kl               | 0.04108922 |
|    clip_fraction           | 0.258      |
|    clip_range              | 0.2        |
|    entropy_loss            | -2.05      |
|    explained_variance      | 0.694      |
|    learning_rate           | 0.0003     |
|    loss                    | 5.46       |
|    n_updates               | 390        |
|    policy_gradient_loss    | 0.0137     |
|    std                     | 0.681      |
|    value_loss              | 13.5       |
-------------------------------------------
--------------------------------------------
| curriculum/                |             |
|    stage                   | 2           |
|    window_cost             | 0.267       |
|    window_route_completion | 0.672       |
|    window_success          | 0.0667      |
| paper/                     |             |
|    accel_variation         | 0.349       |
|    base_reward             | 190         |
|    collision               | 0           |
|    crash_object            | 0           |
|    crash_vehicle           | 0           |
|    episode_cost            | 0           |
|    episode_length          | 1000        |
|    jerk                    | 0.331       |
|    lane_deviation          | 0.417       |
|    max_lane_deviation      | 1.02        |
|    mean_speed_kmh          | 15.3        |
|    min_ttc                 | nan         |
|    out_of_road             | 0           |
|    route_completion        | 0.781       |
|    shaped_reward           | -119        |
|    steering_variation      | 0.587       |
|    success                 | 0           |
|    ttc_risk                | 0           |
| rollout/                   |             |
|    ep_len_mean             | 938         |
|    ep_rew_mean             | 34.2        |
|    success_rate            | 0.08        |
| time/                      |             |
|    fps                     | 1679        |
|    iterations              | 41          |
|    time_elapsed            | 399         |
|    total_timesteps         | 671744      |
| train/                     |             |
|    approx_kl               | 0.030987442 |
|    clip_fraction           | 0.129       |
|    clip_range              | 0.2         |
|    entropy_loss            | -2.04       |
|    explained_variance      | 0.646       |
|    learning_rate           | 0.0003      |
|    loss                    | 25.8        |
|    n_updates               | 400         |
|    policy_gradient_loss    | 0.000615    |
|    std                     | 0.673       |
|    value_loss              | 46.2        |
--------------------------------------------
------------------------------------------
| curriculum/                |           |
|    stage                   | 1         |
|    window_cost             | 0.333     |
|    window_route_completion | 0.649     |
|    window_success          | 0.0333    |
| paper/                     |           |
|    accel_variation         | 0.376     |
|    base_reward             | 204       |
|    collision               | 0         |
|    crash_object            | 0         |
|    crash_vehicle           | 0         |
|    episode_cost            | 0         |
|    episode_length          | 800       |
|    jerk                    | 0.374     |
|    lane_deviation          | 0.313     |
|    max_lane_deviation      | 0.924     |
|    mean_speed_kmh          | 15.3      |
|    min_ttc                 | 11.4      |
|    out_of_road             | 0         |
|    route_completion        | 0.815     |
|    shaped_reward           | 5.39      |
|    steering_variation      | 0.561     |
|    success                 | 0         |
|    ttc_risk                | 6.73e-05  |
| rollout/                   |           |
|    ep_len_mean             | 880       |
|    ep_rew_mean             | 23.6      |
|    success_rate            | 0.09      |
| time/                      |           |
|    fps                     | 1667      |
|    iterations              | 42        |
|    time_elapsed            | 412       |
|    total_timesteps         | 688128    |
| train/                     |           |
|    approx_kl               | 0.0310299 |
|    clip_fraction           | 0.215     |
|    clip_range              | 0.2       |
|    entropy_loss            | -2.03     |
|    explained_variance      | 0.173     |
|    learning_rate           | 0.0003    |
|    loss                    | 32.9      |
|    n_updates               | 410       |
|    policy_gradient_loss    | -0.00338  |
|    std                     | 0.674     |
|    value_loss              | 171       |
------------------------------------------
--------------------------------------------
| curriculum/                |             |
|    stage                   | 2           |
|    window_cost             | 0.0667      |
|    window_route_completion | 0.754       |
|    window_success          | 0.367       |
| paper/                     |             |
|    accel_variation         | 0.389       |
|    base_reward             | 344         |
|    collision               | 0           |
|    crash_object            | 0           |
|    crash_vehicle           | 0           |
|    episode_cost            | 0           |
|    episode_length          | 929         |
|    jerk                    | 0.359       |
|    lane_deviation          | 0.182       |
|    max_lane_deviation      | 0.883       |
|    mean_speed_kmh          | 14.9        |
|    min_ttc                 | 21.1        |
|    out_of_road             | 0           |
|    route_completion        | 0.987       |
|    shaped_reward           | 202         |
|    steering_variation      | 0.578       |
|    success                 | 1           |
|    ttc_risk                | 0           |
| rollout/                   |             |
|    ep_len_mean             | 833         |
|    ep_rew_mean             | 34.6        |
|    success_rate            | 0.2         |
| time/                      |             |
|    fps                     | 1664        |
|    iterations              | 43          |
|    time_elapsed            | 423         |
|    total_timesteps         | 704512      |
| train/                     |             |
|    approx_kl               | 0.018724665 |
|    clip_fraction           | 0.316       |
|    clip_range              | 0.2         |
|    entropy_loss            | -2.03       |
|    explained_variance      | 0.316       |
|    learning_rate           | 0.0003      |
|    loss                    | 5.06        |
|    n_updates               | 420         |
|    policy_gradient_loss    | 0.0121      |
|    std                     | 0.676       |
|    value_loss              | 75.2        |
--------------------------------------------
---------------------------------------
| paper/                  |           |
|    accel_variation      | 0.407     |
|    base_reward          | 272       |
|    collision            | 0         |
|    crash_object         | 0         |
|    crash_vehicle        | 0         |
|    episode_cost         | 0         |
|    episode_length       | 1000      |
|    jerk                 | 0.372     |
|    lane_deviation       | 0.367     |
|    max_lane_deviation   | 1.09      |
|    mean_speed_kmh       | 14.9      |
|    min_ttc              | 7.11      |
|    out_of_road          | 0         |
|    route_completion     | 0.637     |
|    shaped_reward        | -50.9     |
|    steering_variation   | 0.575     |
|    success              | 0         |
|    ttc_risk             | 0.00061   |
| rollout/                |           |
|    ep_len_mean          | 818       |
|    ep_rew_mean          | 28.9      |
|    success_rate         | 0.25      |
| time/                   |           |
|    fps                  | 1647      |
|    iterations           | 44        |
|    time_elapsed         | 437       |
|    total_timesteps      | 720896    |
| train/                  |           |
|    approx_kl            | 0.0517389 |
|    clip_fraction        | 0.281     |
|    clip_range           | 0.2       |
|    entropy_loss         | -2.02     |
|    explained_variance   | 0.715     |
|    learning_rate        | 0.0003    |
|    loss                 | 89.6      |
|    n_updates            | 430       |
|    policy_gradient_loss | 0.0153    |
|    std                  | 0.671     |
|    value_loss           | 28.1      |
---------------------------------------
--------------------------------------------
| curriculum/                |             |
|    stage                   | 2           |
|    window_cost             | 0.0333      |
|    window_route_completion | 0.764       |
|    window_success          | 0.167       |
| paper/                     |             |
|    accel_variation         | 0.434       |
|    base_reward             | 353         |
|    collision               | 0           |
|    crash_object            | 0           |
|    crash_vehicle           | 0           |
|    episode_cost            | 0           |
|    episode_length          | 1000        |
|    jerk                    | 0.375       |
|    lane_deviation          | 0.24        |
|    max_lane_deviation      | 0.631       |
|    mean_speed_kmh          | 16          |
|    min_ttc                 | 3.67        |
|    out_of_road             | 0           |
|    route_completion        | 0.848       |
|    shaped_reward           | 101         |
|    steering_variation      | 0.554       |
|    success                 | 0           |
|    ttc_risk                | 0.00207     |
| rollout/                   |             |
|    ep_len_mean             | 825         |
|    ep_rew_mean             | 16.2        |
|    success_rate            | 0.23        |
| time/                      |             |
|    fps                     | 1626        |
|    iterations              | 45          |
|    time_elapsed            | 453         |
|    total_timesteps         | 737280      |
| train/                     |             |
|    approx_kl               | 0.009473576 |
|    clip_fraction           | 0.257       |
|    clip_range              | 0.2         |
|    entropy_loss            | -2          |
|    explained_variance      | 0.607       |
|    learning_rate           | 0.0003      |
|    loss                    | 7.37        |
|    n_updates               | 440         |
|    policy_gradient_loss    | 0.00711     |
|    std                     | 0.662       |
|    value_loss              | 30.3        |
--------------------------------------------
--------------------------------------------
| curriculum/                |             |
|    stage                   | 2           |
|    window_cost             | 0.0667      |
|    window_route_completion | 0.743       |
|    window_success          | 0.0333      |
| paper/                     |             |
|    accel_variation         | 0.441       |
|    base_reward             | 350         |
|    collision               | 0           |
|    crash_object            | 0           |
|    crash_vehicle           | 0           |
|    episode_cost            | 0           |
|    episode_length          | 1000        |
|    jerk                    | 0.384       |
|    lane_deviation          | 0.192       |
|    max_lane_deviation      | 0.748       |
|    mean_speed_kmh          | 15          |
|    min_ttc                 | 1.99        |
|    out_of_road             | 0           |
|    route_completion        | 0.869       |
|    shaped_reward           | 43.1        |
|    steering_variation      | 0.539       |
|    success                 | 0           |
|    ttc_risk                | 0.0146      |
| rollout/                   |             |
|    ep_len_mean             | 849         |
|    ep_rew_mean             | 26.3        |
|    success_rate            | 0.23        |
| time/                      |             |
|    fps                     | 1612        |
|    iterations              | 46          |
|    time_elapsed            | 467         |
|    total_timesteps         | 753664      |
| train/                     |             |
|    approx_kl               | 0.013183475 |
|    clip_fraction           | 0.163       |
|    clip_range              | 0.2         |
|    entropy_loss            | -1.99       |
|    explained_variance      | 0.57        |
|    learning_rate           | 0.0003      |
|    loss                    | 5.73        |
|    n_updates               | 450         |
|    policy_gradient_loss    | 9.38e-06    |
|    std                     | 0.663       |
|    value_loss              | 19.6        |
--------------------------------------------
--------------------------------------------
| curriculum/                |             |
|    stage                   | 2           |
|    window_cost             | 0.0667      |
|    window_route_completion | 0.776       |
|    window_success          | 0.0333      |
| paper/                     |             |
|    accel_variation         | 0.424       |
|    base_reward             | 334         |
|    collision               | 0           |
|    crash_object            | 0           |
|    crash_vehicle           | 0           |
|    episode_cost            | 0           |
|    episode_length          | 1000        |
|    jerk                    | 0.389       |
|    lane_deviation          | 0.279       |
|    max_lane_deviation      | 0.969       |
|    mean_speed_kmh          | 16.3        |
|    min_ttc                 | 0.0743      |
|    out_of_road             | 0           |
|    route_completion        | 0.634       |
|    shaped_reward           | 47.1        |
|    steering_variation      | 0.554       |
|    success                 | 0           |
|    ttc_risk                | 0.00105     |
| rollout/                   |             |
|    ep_len_mean             | 883         |
|    ep_rew_mean             | 53.3        |
|    success_rate            | 0.23        |
| time/                      |             |
|    fps                     | 1600        |
|    iterations              | 47          |
|    time_elapsed            | 481         |
|    total_timesteps         | 770048      |
| train/                     |             |
|    approx_kl               | 0.009115782 |
|    clip_fraction           | 0.186       |
|    clip_range              | 0.2         |
|    entropy_loss            | -1.98       |
|    explained_variance      | 0.54        |
|    learning_rate           | 0.0003      |
|    loss                    | 15.3        |
|    n_updates               | 460         |
|    policy_gradient_loss    | 0.00287     |
|    std                     | 0.658       |
|    value_loss              | 59.7        |
--------------------------------------------
--------------------------------------------
| curriculum/                |             |
|    stage                   | 2           |
|    window_cost             | 0.0667      |
|    window_route_completion | 0.772       |
|    window_success          | 0.1         |
| paper/                     |             |
|    accel_variation         | 0.46        |
|    base_reward             | 385         |
|    collision               | 0           |
|    crash_object            | 0           |
|    crash_vehicle           | 0           |
|    episode_cost            | 0           |
|    episode_length          | 1000        |
|    jerk                    | 0.402       |
|    lane_deviation          | 0.18        |
|    max_lane_deviation      | 0.596       |
|    mean_speed_kmh          | 16.3        |
|    min_ttc                 | 7.65        |
|    out_of_road             | 0           |
|    route_completion        | 0.829       |
|    shaped_reward           | 157         |
|    steering_variation      | 0.537       |
|    success                 | 0           |
|    ttc_risk                | 0.000543    |
| rollout/                   |             |
|    ep_len_mean             | 926         |
|    ep_rew_mean             | 53          |
|    success_rate            | 0.21        |
| time/                      |             |
|    fps                     | 1586        |
|    iterations              | 48          |
|    time_elapsed            | 495         |
|    total_timesteps         | 786432      |
| train/                     |             |
|    approx_kl               | 0.011758216 |
|    clip_fraction           | 0.221       |
|    clip_range              | 0.2         |
|    entropy_loss            | -1.95       |
|    explained_variance      | 0.672       |
|    learning_rate           | 0.0003      |
|    loss                    | 6.79        |
|    n_updates               | 470         |
|    policy_gradient_loss    | 0.00369     |
|    std                     | 0.648       |
|    value_loss              | 26.4        |
--------------------------------------------
--------------------------------------------
| curriculum/                |             |
|    stage                   | 2           |
|    window_cost             | 0.133       |
|    window_route_completion | 0.732       |
|    window_success          | 0.0333      |
| paper/                     |             |
|    accel_variation         | 0.454       |
|    base_reward             | 389         |
|    collision               | 0           |
|    crash_object            | 0           |
|    crash_vehicle           | 0           |
|    episode_cost            | 0           |
|    episode_length          | 1000        |
|    jerk                    | 0.417       |
|    lane_deviation          | 0.188       |
|    max_lane_deviation      | 0.617       |
|    mean_speed_kmh          | 16.8        |
|    min_ttc                 | 9.24        |
|    out_of_road             | 0           |
|    route_completion        | 0.745       |
|    shaped_reward           | 153         |
|    steering_variation      | 0.495       |
|    success                 | 0           |
|    ttc_risk                | 0.000289    |
| rollout/                   |             |
|    ep_len_mean             | 962         |
|    ep_rew_mean             | 48.3        |
|    success_rate            | 0.1         |
| time/                      |             |
|    fps                     | 1571        |
|    iterations              | 49          |
|    time_elapsed            | 510         |
|    total_timesteps         | 802816      |
| train/                     |             |
|    approx_kl               | 0.009993673 |
|    clip_fraction           | 0.144       |
|    clip_range              | 0.2         |
|    entropy_loss            | -1.93       |
|    explained_variance      | 0.673       |
|    learning_rate           | 0.0003      |
|    loss                    | 30.1        |
|    n_updates               | 480         |
|    policy_gradient_loss    | -0.000577   |
|    std                     | 0.646       |
|    value_loss              | 55.3        |
--------------------------------------------
--------------------------------------------
| curriculum/                |             |
|    stage                   | 2           |
|    window_cost             | 0.1         |
|    window_route_completion | 0.721       |
|    window_success          | 0.0667      |
| paper/                     |             |
|    accel_variation         | 0.417       |
|    base_reward             | 290         |
|    collision               | 0           |
|    crash_object            | 0           |
|    crash_vehicle           | 0           |
|    episode_cost            | 0           |
|    episode_length          | 1000        |
|    jerk                    | 0.381       |
|    lane_deviation          | 0.344       |
|    max_lane_deviation      | 1.21        |
|    mean_speed_kmh          | 15          |
|    min_ttc                 | 0.046       |
|    out_of_road             | 0           |
|    route_completion        | 0.634       |
|    shaped_reward           | -255        |
|    steering_variation      | 0.536       |
|    success                 | 0           |
|    ttc_risk                | 0.0396      |
| rollout/                   |             |
|    ep_len_mean             | 967         |
|    ep_rew_mean             | 45.4        |
|    success_rate            | 0.06        |
| time/                      |             |
|    fps                     | 1555        |
|    iterations              | 50          |
|    time_elapsed            | 526         |
|    total_timesteps         | 819200      |
| train/                     |             |
|    approx_kl               | 0.025361799 |
|    clip_fraction           | 0.18        |
|    clip_range              | 0.2         |
|    entropy_loss            | -1.91       |
|    explained_variance      | 0.629       |
|    learning_rate           | 0.0003      |
|    loss                    | 69.7        |
|    n_updates               | 490         |
|    policy_gradient_loss    | 0.00214     |
|    std                     | 0.641       |
|    value_loss              | 70.1        |
--------------------------------------------
--------------------------------------------
| curriculum/                |             |
|    stage                   | 2           |
|    window_cost             | 0.0333      |
|    window_route_completion | 0.775       |
|    window_success          | 0.1         |
| paper/                     |             |
|    accel_variation         | 0.406       |
|    base_reward             | 340         |
|    collision               | 0           |
|    crash_object            | 0           |
|    crash_vehicle           | 0           |
|    episode_cost            | 0           |
|    episode_length          | 1000        |
|    jerk                    | 0.383       |
|    lane_deviation          | 0.225       |
|    max_lane_deviation      | 0.849       |
|    mean_speed_kmh          | 14.9        |
|    min_ttc                 | 0.32        |
|    out_of_road             | 0           |
|    route_completion        | 0.849       |
|    shaped_reward           | -146        |
|    steering_variation      | 0.547       |
|    success                 | 0           |
|    ttc_risk                | 0.0421      |
| rollout/                   |             |
|    ep_len_mean             | 966         |
|    ep_rew_mean             | 46.1        |
|    success_rate            | 0.07        |
| time/                      |             |
|    fps                     | 1540        |
|    iterations              | 51          |
|    time_elapsed            | 542         |
|    total_timesteps         | 835584      |
| train/                     |             |
|    approx_kl               | 0.011623018 |
|    clip_fraction           | 0.209       |
|    clip_range              | 0.2         |
|    entropy_loss            | -1.91       |
|    explained_variance      | 0.683       |
|    learning_rate           | 0.0003      |
|    loss                    | 38.6        |
|    n_updates               | 500         |
|    policy_gradient_loss    | 0.00637     |
|    std                     | 0.638       |
|    value_loss              | 61.8        |
--------------------------------------------
--------------------------------------------
| curriculum/                |             |
|    stage                   | 2           |
|    window_cost             | 0.1         |
|    window_route_completion | 0.763       |
|    window_success          | 0.0333      |
| paper/                     |             |
|    accel_variation         | 0.441       |
|    base_reward             | 328         |
|    collision               | 0           |
|    crash_object            | 0           |
|    crash_vehicle           | 0           |
|    episode_cost            | 0           |
|    episode_length          | 1000        |
|    jerk                    | 0.398       |
|    lane_deviation          | 0.29        |
|    max_lane_deviation      | 0.837       |
|    mean_speed_kmh          | 16          |
|    min_ttc                 | 6.53        |
|    out_of_road             | 0           |
|    route_completion        | 0.774       |
|    shaped_reward           | 59.6        |
|    steering_variation      | 0.509       |
|    success                 | 0           |
|    ttc_risk                | 0.00164     |
| rollout/                   |             |
|    ep_len_mean             | 957         |
|    ep_rew_mean             | 41.3        |
|    success_rate            | 0.06        |
| time/                      |             |
|    fps                     | 1525        |
|    iterations              | 52          |
|    time_elapsed            | 558         |
|    total_timesteps         | 851968      |
| train/                     |             |
|    approx_kl               | 0.016209774 |
|    clip_fraction           | 0.226       |
|    clip_range              | 0.2         |
|    entropy_loss            | -1.91       |
|    explained_variance      | 0.727       |
|    learning_rate           | 0.0003      |
|    loss                    | 22.8        |
|    n_updates               | 510         |
|    policy_gradient_loss    | 0.00549     |
|    std                     | 0.643       |
|    value_loss              | 41.5        |
--------------------------------------------
--------------------------------------------
| curriculum/                |             |
|    stage                   | 2           |
|    window_cost             | 0.167       |
|    window_route_completion | 0.682       |
|    window_success          | 0.0333      |
| paper/                     |             |
|    accel_variation         | 0.451       |
|    base_reward             | 289         |
|    collision               | 0           |
|    crash_object            | 0           |
|    crash_vehicle           | 0           |
|    episode_cost            | 0           |
|    episode_length          | 1000        |
|    jerk                    | 0.394       |
|    lane_deviation          | 0.385       |
|    max_lane_deviation      | 1.09        |
|    mean_speed_kmh          | 16.2        |
|    min_ttc                 | nan         |
|    out_of_road             | 0           |
|    route_completion        | 0.595       |
|    shaped_reward           | -40.6       |
|    steering_variation      | 0.526       |
|    success                 | 0           |
|    ttc_risk                | 0           |
| rollout/                   |             |
|    ep_len_mean             | 945         |
|    ep_rew_mean             | 7.71        |
|    success_rate            | 0.06        |
| time/                      |             |
|    fps                     | 1513        |
|    iterations              | 53          |
|    time_elapsed            | 573         |
|    total_timesteps         | 868352      |
| train/                     |             |
|    approx_kl               | 0.026742456 |
|    clip_fraction           | 0.217       |
|    clip_range              | 0.2         |
|    entropy_loss            | -1.91       |
|    explained_variance      | 0.666       |
|    learning_rate           | 0.0003      |
|    loss                    | 52.4        |
|    n_updates               | 520         |
|    policy_gradient_loss    | 0.00157     |
|    std                     | 0.641       |
|    value_loss              | 96.3        |
--------------------------------------------
--------------------------------------------
| curriculum/                |             |
|    stage                   | 2           |
|    window_cost             | 0.167       |
|    window_route_completion | 0.707       |
|    window_success          | 0.1         |
| paper/                     |             |
|    accel_variation         | 0.451       |
|    base_reward             | 308         |
|    collision               | 0           |
|    crash_object            | 0           |
|    crash_vehicle           | 0           |
|    episode_cost            | 0           |
|    episode_length          | 1000        |
|    jerk                    | 0.409       |
|    lane_deviation          | 0.375       |
|    max_lane_deviation      | 1.15        |
|    mean_speed_kmh          | 16.9        |
|    min_ttc                 | 7.61        |
|    out_of_road             | 0           |
|    route_completion        | 0.976       |
|    shaped_reward           | -32.3       |
|    steering_variation      | 0.515       |
|    success                 | 0           |
|    ttc_risk                | 0.000582    |
| rollout/                   |             |
|    ep_len_mean             | 929         |
|    ep_rew_mean             | -32.4       |
|    success_rate            | 0.06        |
| time/                      |             |
|    fps                     | 1500        |
|    iterations              | 54          |
|    time_elapsed            | 589         |
|    total_timesteps         | 884736      |
| train/                     |             |
|    approx_kl               | 0.061133526 |
|    clip_fraction           | 0.192       |
|    clip_range              | 0.2         |
|    entropy_loss            | -1.9        |
|    explained_variance      | 0.702       |
|    learning_rate           | 0.0003      |
|    loss                    | 41.8        |
|    n_updates               | 530         |
|    policy_gradient_loss    | 0.000861    |
|    std                     | 0.642       |
|    value_loss              | 89.4        |
--------------------------------------------
--------------------------------------------
| curriculum/                |             |
|    stage                   | 2           |
|    window_cost             | 0.167       |
|    window_route_completion | 0.701       |
|    window_success          | 0.0667      |
| paper/                     |             |
|    accel_variation         | 0.437       |
|    base_reward             | 327         |
|    collision               | 0           |
|    crash_object            | 0           |
|    crash_vehicle           | 0           |
|    episode_cost            | 0           |
|    episode_length          | 1000        |
|    jerk                    | 0.421       |
|    lane_deviation          | 0.309       |
|    max_lane_deviation      | 0.918       |
|    mean_speed_kmh          | 16.5        |
|    min_ttc                 | 11.4        |
|    out_of_road             | 0           |
|    route_completion        | 0.667       |
|    shaped_reward           | 32.3        |
|    steering_variation      | 0.507       |
|    success                 | 0           |
|    ttc_risk                | 0.000125    |
| rollout/                   |             |
|    ep_len_mean             | 940         |
|    ep_rew_mean             | -52.9       |
|    success_rate            | 0.06        |
| time/                      |             |
|    fps                     | 1492        |
|    iterations              | 55          |
|    time_elapsed            | 603         |
|    total_timesteps         | 901120      |
| train/                     |             |
|    approx_kl               | 0.024320904 |
|    clip_fraction           | 0.197       |
|    clip_range              | 0.2         |
|    entropy_loss            | -1.9        |
|    explained_variance      | 0.671       |
|    learning_rate           | 0.0003      |
|    loss                    | 28.3        |
|    n_updates               | 540         |
|    policy_gradient_loss    | -0.000186   |
|    std                     | 0.635       |
|    value_loss              | 120         |
--------------------------------------------
--------------------------------------------
| curriculum/                |             |
|    stage                   | 2           |
|    window_cost             | 0.0667      |
|    window_route_completion | 0.771       |
|    window_success          | 0.0333      |
| paper/                     |             |
|    accel_variation         | 0.439       |
|    base_reward             | 313         |
|    collision               | 0           |
|    crash_object            | 0           |
|    crash_vehicle           | 0           |
|    episode_cost            | 0           |
|    episode_length          | 1000        |
|    jerk                    | 0.4         |
|    lane_deviation          | 0.348       |
|    max_lane_deviation      | 1.12        |
|    mean_speed_kmh          | 16.4        |
|    min_ttc                 | 6.69        |
|    out_of_road             | 0           |
|    route_completion        | 0.77        |
|    shaped_reward           | 1.79        |
|    steering_variation      | 0.52        |
|    success                 | 0           |
|    ttc_risk                | 0.00123     |
| rollout/                   |             |
|    ep_len_mean             | 939         |
|    ep_rew_mean             | -68.2       |
|    success_rate            | 0.05        |
| time/                      |             |
|    fps                     | 1484        |
|    iterations              | 56          |
|    time_elapsed            | 618         |
|    total_timesteps         | 917504      |
| train/                     |             |
|    approx_kl               | 0.034755066 |
|    clip_fraction           | 0.302       |
|    clip_range              | 0.2         |
|    entropy_loss            | -1.88       |
|    explained_variance      | 0.611       |
|    learning_rate           | 0.0003      |
|    loss                    | 60.6        |
|    n_updates               | 550         |
|    policy_gradient_loss    | 0.0164      |
|    std                     | 0.635       |
|    value_loss              | 41.7        |
--------------------------------------------
--------------------------------------------
| curriculum/                |             |
|    stage                   | 2           |
|    window_cost             | 0.167       |
|    window_route_completion | 0.722       |
|    window_success          | 0.1         |
| paper/                     |             |
|    accel_variation         | 0.434       |
|    base_reward             | 311         |
|    collision               | 0           |
|    crash_object            | 0           |
|    crash_vehicle           | 0           |
|    episode_cost            | 0           |
|    episode_length          | 1000        |
|    jerk                    | 0.403       |
|    lane_deviation          | 0.318       |
|    max_lane_deviation      | 0.897       |
|    mean_speed_kmh          | 15.9        |
|    min_ttc                 | 2.99        |
|    out_of_road             | 0           |
|    route_completion        | 0.738       |
|    shaped_reward           | -83.6       |
|    steering_variation      | 0.511       |
|    success                 | 0           |
|    ttc_risk                | 0.0179      |
| rollout/                   |             |
|    ep_len_mean             | 921         |
|    ep_rew_mean             | -93.7       |
|    success_rate            | 0.07        |
| time/                      |             |
|    fps                     | 1472        |
|    iterations              | 57          |
|    time_elapsed            | 634         |
|    total_timesteps         | 933888      |
| train/                     |             |
|    approx_kl               | 0.011273627 |
|    clip_fraction           | 0.177       |
|    clip_range              | 0.2         |
|    entropy_loss            | -1.87       |
|    explained_variance      | 0.591       |
|    learning_rate           | 0.0003      |
|    loss                    | 15.4        |
|    n_updates               | 560         |
|    policy_gradient_loss    | -0.00247    |
|    std                     | 0.631       |
|    value_loss              | 52.3        |
--------------------------------------------
--------------------------------------------
| curriculum/                |             |
|    stage                   | 2           |
|    window_cost             | 0.233       |
|    window_route_completion | 0.651       |
|    window_success          | 0           |
| paper/                     |             |
|    accel_variation         | 0.436       |
|    base_reward             | 163         |
|    collision               | 0           |
|    crash_object            | 0           |
|    crash_vehicle           | 0           |
|    episode_cost            | 1           |
|    episode_length          | 685         |
|    jerk                    | 0.406       |
|    lane_deviation          | 0.405       |
|    max_lane_deviation      | 2           |
|    mean_speed_kmh          | 14.5        |
|    min_ttc                 | 3.33        |
|    out_of_road             | 1           |
|    route_completion        | 0.442       |
|    shaped_reward           | -378        |
|    steering_variation      | 0.512       |
|    success                 | 0           |
|    ttc_risk                | 0.0222      |
| rollout/                   |             |
|    ep_len_mean             | 923         |
|    ep_rew_mean             | -102        |
|    success_rate            | 0.07        |
| time/                      |             |
|    fps                     | 1462        |
|    iterations              | 58          |
|    time_elapsed            | 649         |
|    total_timesteps         | 950272      |
| train/                     |             |
|    approx_kl               | 0.007616817 |
|    clip_fraction           | 0.136       |
|    clip_range              | 0.2         |
|    entropy_loss            | -1.87       |
|    explained_variance      | 0.617       |
|    learning_rate           | 0.0003      |
|    loss                    | 20.2        |
|    n_updates               | 570         |
|    policy_gradient_loss    | -0.00146    |
|    std                     | 0.634       |
|    value_loss              | 87          |
--------------------------------------------
-------------------------------------------
| curriculum/                |            |
|    stage                   | 2          |
|    window_cost             | 0.1        |
|    window_route_completion | 0.734      |
|    window_success          | 0.0667     |
| paper/                     |            |
|    accel_variation         | 0.447      |
|    base_reward             | 385        |
|    collision               | 0          |
|    crash_object            | 0          |
|    crash_vehicle           | 0          |
|    episode_cost            | 0          |
|    episode_length          | 1000       |
|    jerk                    | 0.421      |
|    lane_deviation          | 0.201      |
|    max_lane_deviation      | 0.853      |
|    mean_speed_kmh          | 16.6       |
|    min_ttc                 | 7.73       |
|    out_of_road             | 0          |
|    route_completion        | 0.708      |
|    shaped_reward           | 131        |
|    steering_variation      | 0.524      |
|    success                 | 0          |
|    ttc_risk                | 0.00074    |
| rollout/                   |            |
|    ep_len_mean             | 922        |
|    ep_rew_mean             | -66.1      |
|    success_rate            | 0.08       |
| time/                      |            |
|    fps                     | 1454       |
|    iterations              | 59         |
|    time_elapsed            | 664        |
|    total_timesteps         | 966656     |
| train/                     |            |
|    approx_kl               | 0.03074865 |
|    clip_fraction           | 0.187      |
|    clip_range              | 0.2        |
|    entropy_loss            | -1.87      |
|    explained_variance      | 0.655      |
|    learning_rate           | 0.0003     |
|    loss                    | 19         |
|    n_updates               | 580        |
|    policy_gradient_loss    | 0.000579   |
|    std                     | 0.631      |
|    value_loss              | 67.8       |
-------------------------------------------
--------------------------------------------
| curriculum/                |             |
|    stage                   | 2           |
|    window_cost             | 0.1         |
|    window_route_completion | 0.774       |
|    window_success          | 0.167       |
| paper/                     |             |
|    accel_variation         | 0.449       |
|    base_reward             | 336         |
|    collision               | 0           |
|    crash_object            | 0           |
|    crash_vehicle           | 0           |
|    episode_cost            | 0           |
|    episode_length          | 1000        |
|    jerk                    | 0.409       |
|    lane_deviation          | 0.247       |
|    max_lane_deviation      | 0.83        |
|    mean_speed_kmh          | 15.6        |
|    min_ttc                 | 2.23        |
|    out_of_road             | 0           |
|    route_completion        | 0.788       |
|    shaped_reward           | -77.3       |
|    steering_variation      | 0.502       |
|    success                 | 0           |
|    ttc_risk                | 0.0269      |
| rollout/                   |             |
|    ep_len_mean             | 941         |
|    ep_rew_mean             | -39.1       |
|    success_rate            | 0.09        |
| time/                      |             |
|    fps                     | 1447        |
|    iterations              | 60          |
|    time_elapsed            | 679         |
|    total_timesteps         | 983040      |
| train/                     |             |
|    approx_kl               | 0.011338425 |
|    clip_fraction           | 0.153       |
|    clip_range              | 0.2         |
|    entropy_loss            | -1.85       |
|    explained_variance      | 0.644       |
|    learning_rate           | 0.0003      |
|    loss                    | 13.2        |
|    n_updates               | 590         |
|    policy_gradient_loss    | 0.00104     |
|    std                     | 0.63        |
|    value_loss              | 42.1        |
--------------------------------------------
-------------------------------------------
| curriculum/                |            |
|    stage                   | 2          |
|    window_cost             | 0.1        |
|    window_route_completion | 0.778      |
|    window_success          | 0.233      |
| paper/                     |            |
|    accel_variation         | 0.459      |
|    base_reward             | 365        |
|    collision               | 0          |
|    crash_object            | 0          |
|    crash_vehicle           | 0          |
|    episode_cost            | 0          |
|    episode_length          | 1000       |
|    jerk                    | 0.406      |
|    lane_deviation          | 0.231      |
|    max_lane_deviation      | 1.09       |
|    mean_speed_kmh          | 16.8       |
|    min_ttc                 | 7.57       |
|    out_of_road             | 0          |
|    route_completion        | 0.587      |
|    shaped_reward           | 95.1       |
|    steering_variation      | 0.489      |
|    success                 | 0          |
|    ttc_risk                | 0.00107    |
| rollout/                   |            |
|    ep_len_mean             | 934        |
|    ep_rew_mean             | -23.7      |
|    success_rate            | 0.13       |
| time/                      |            |
|    fps                     | 1439       |
|    iterations              | 61         |
|    time_elapsed            | 694        |
|    total_timesteps         | 999424     |
| train/                     |            |
|    approx_kl               | 0.02233609 |
|    clip_fraction           | 0.133      |
|    clip_range              | 0.2        |
|    entropy_loss            | -1.86      |
|    explained_variance      | 0.671      |
|    learning_rate           | 0.0003     |
|    loss                    | 67.4       |
|    n_updates               | 600        |
|    policy_gradient_loss    | -0.000217  |
|    std                     | 0.634      |
|    value_loss              | 65.9       |
-------------------------------------------
--------------------------------------------
| curriculum/                |             |
|    stage                   | 2           |
|    window_cost             | 0.0667      |
|    window_route_completion | 0.806       |
|    window_success          | 0.233       |
| paper/                     |             |
|    accel_variation         | 0.48        |
|    base_reward             | 401         |
|    collision               | 0           |
|    crash_object            | 0           |
|    crash_vehicle           | 0           |
|    episode_cost            | 0           |
|    episode_length          | 1000        |
|    jerk                    | 0.458       |
|    lane_deviation          | 0.191       |
|    max_lane_deviation      | 0.715       |
|    mean_speed_kmh          | 17.1        |
|    min_ttc                 | nan         |
|    out_of_road             | 0           |
|    route_completion        | 0.868       |
|    shaped_reward           | 160         |
|    steering_variation      | 0.506       |
|    success                 | 0           |
|    ttc_risk                | 0           |
| rollout/                   |             |
|    ep_len_mean             | 939         |
|    ep_rew_mean             | 9           |
|    success_rate            | 0.12        |
| time/                      |             |
|    fps                     | 1431        |
|    iterations              | 62          |
|    time_elapsed            | 709         |
|    total_timesteps         | 1015808     |
| train/                     |             |
|    approx_kl               | 0.007730808 |
|    clip_fraction           | 0.133       |
|    clip_range              | 0.2         |
|    entropy_loss            | -1.85       |
|    explained_variance      | 0.789       |
|    learning_rate           | 0.0003      |
|    loss                    | 40.7        |
|    n_updates               | 610         |
|    policy_gradient_loss    | 0.000656    |
|    std                     | 0.628       |
|    value_loss              | 62.7        |
--------------------------------------------
saved_model=outputs/tuning_proposed_defensive_h1500_lane1_out150_cost50_nenv16_1m/runs/proposed_ppo_s0/model/final_model.zip
/home/aaa/data/qj/stable-baselines3-master/stable_baselines3/common/on_policy_algorithm.py:150: UserWarning: You are trying to run PPO on the GPU, but it is primarily intended to run on the CPU when not using a CNN policy (you are using ActorCriticPolicy which should be a MlpPolicy). See https://github.com/DLR-RM/stable-baselines3/issues/1245 for more info. You can pass `device='cpu'` or `export CUDA_VISIBLE_DEVICES=` to force using the CPU.Note: The model will train, but the GPU utilization will be poor and the training might take longer than on CPU.
  warnings.warn(
         success  route_completion  collision  out_of_road  cost      reward  shield_intervention_rate  shield_soft_rate  shield_hard_rate  overspeed_guard_rate
density                                                                                                                                                         
0.00        0.96          0.988417       0.00         0.00  0.00  561.996890                  0.868448          0.000000          0.000000              0.868448
0.08        0.88          0.965186       0.10         0.00  0.10  527.237439                  0.849733          0.004019          0.008162              0.837552
0.15        0.70          0.871590       0.22         0.02  0.24  447.852946                  0.712283          0.040632          0.019445              0.652207
saved_evaluation=outputs/tuning_proposed_defensive_h1500_lane1_out150_cost50_nenv16_1m/evaluations/proposed_ppo_s0.csv
                       seed  success  route_completion  collision  out_of_road  cost      reward  shaped_reward  episode_length      speed  lane_deviation  steering_variation  accel_variation  ttc_risk   min_ttc
variant  algo density                                                                                                                                                                                              
proposed ppo  0.00      0.0     0.96          0.988417       0.00         0.00  0.00  561.996890     350.941469         1124.42  18.303776        0.093400            0.024873         0.230497  0.000000       NaN
              0.08      0.0     0.88          0.965186       0.10         0.00  0.10  527.237439     258.348589         1109.56  18.022607        0.128257            0.029131         0.239548  0.006257  7.945477
              0.15      0.0     0.70          0.871590       0.22         0.02  0.24  447.852946      96.058451         1083.32  16.089939        0.137642            0.037493         0.310090  0.018501  3.361979
curve_source=tensorboard
saved_summary=outputs/tuning_proposed_defensive_h1500_lane1_out150_cost50_nenv16_1m/evaluations/summary.csv
saved_figures=outputs/tuning_proposed_defensive_h1500_lane1_out150_cost50_nenv16_1m/figures
saved_report=outputs/tuning_proposed_defensive_h1500_lane1_out150_cost50_nenv16_1m/运行记录.md
end_time=2026-06-30T17:56:07+08:00
