start_time=2026-06-30T23:59:38+08:00
variant=no_action_guard seed=2 root=outputs/tuned_ablation_no_action_guard_nenv16_seed2_1m timesteps=1000000 horizon=1500 n_envs=16 episodes=50 device=cuda extra_args=--ent-coef 0.01 --reward-ttc 6 --reward-cost 50 --reward-overspeed 3 --reward-target-speed 18 --reward-progress 40 --reward-lane 1.0 --reward-smooth 0.02 --reward-accel 0.01 --reward-success-bonus 55 --reward-crash-penalty 120 --reward-out-of-road-penalty 150 --reward-ttc-threshold 12 --stage2-success 0.50 --stage2-cost 0.25 --demote-cost 0.35
/home/aaa/data/qj/stable-baselines3-master/stable_baselines3/common/on_policy_algorithm.py:150: UserWarning: You are trying to run PPO on the GPU, but it is primarily intended to run on the CPU when not using a CNN policy (you are using ActorCriticPolicy which should be a MlpPolicy). See https://github.com/DLR-RM/stable-baselines3/issues/1245 for more info. You can pass `device='cpu'` or `export CUDA_VISIBLE_DEVICES=` to force using the CPU.Note: The model will train, but the GPU utilization will be poor and the training might take longer than on CPU.
  warnings.warn(
Using cuda device
Logging to outputs/tuned_ablation_no_action_guard_nenv16_seed2_1m/runs/no_action_guard_ppo_s2/tensorboard/no_action_guard_ppo_s2_1
------------------------------------
| paper/                |          |
|    accel_variation    | 0.823    |
|    base_reward        | 6.55     |
|    collision          | 0        |
|    crash_object       | 0        |
|    crash_vehicle      | 0        |
|    episode_cost       | 0        |
|    episode_length     | 600      |
|    jerk               | 0.648    |
|    lane_deviation     | 0.135    |
|    max_lane_deviation | 0.387    |
|    mean_speed_kmh     | 0.742    |
|    min_ttc            | nan      |
|    out_of_road        | 0        |
|    route_completion   | 0.0948   |
|    shaped_reward      | -109     |
|    steering_variation | 0.817    |
|    success            | 0        |
|    ttc_risk           | 0        |
| rollout/              |          |
|    ep_len_mean        | 600      |
|    ep_rew_mean        | -105     |
|    success_rate       | 0        |
| time/                 |          |
|    fps                | 2676     |
|    iterations         | 1        |
|    time_elapsed       | 6        |
|    total_timesteps    | 16384    |
------------------------------------
---------------------------------------------
| curriculum/                |              |
|    stage                   | 0            |
|    window_cost             | 0.0667       |
|    window_route_completion | 0.111        |
|    window_success          | 0            |
| paper/                     |              |
|    accel_variation         | 0.796        |
|    base_reward             | 8.68         |
|    collision               | 0            |
|    crash_object            | 0            |
|    crash_vehicle           | 0            |
|    episode_cost            | 0            |
|    episode_length          | 600          |
|    jerk                    | 0.591        |
|    lane_deviation          | 0.0259       |
|    max_lane_deviation      | 0.0587       |
|    mean_speed_kmh          | 0.754        |
|    min_ttc                 | nan          |
|    out_of_road             | 0            |
|    route_completion        | 0.135        |
|    shaped_reward           | -88.2        |
|    steering_variation      | 0.817        |
|    success                 | 0            |
|    ttc_risk                | 0            |
| rollout/                   |              |
|    ep_len_mean             | 592          |
|    ep_rew_mean             | -143         |
|    success_rate            | 0            |
| time/                      |              |
|    fps                     | 2264         |
|    iterations              | 2            |
|    time_elapsed            | 14           |
|    total_timesteps         | 32768        |
| train/                     |              |
|    approx_kl               | 0.0068338113 |
|    clip_fraction           | 0.0784       |
|    clip_range              | 0.2          |
|    entropy_loss            | -2.82        |
|    explained_variance      | 0.00135      |
|    learning_rate           | 0.0003       |
|    loss                    | 0.282        |
|    n_updates               | 10           |
|    policy_gradient_loss    | -0.00441     |
|    std                     | 0.992        |
|    value_loss              | 0.713        |
---------------------------------------------
---------------------------------------------
| curriculum/                |              |
|    stage                   | 0            |
|    window_cost             | 0.0667       |
|    window_route_completion | 0.119        |
|    window_success          | 0            |
| paper/                     |              |
|    accel_variation         | 0.845        |
|    base_reward             | 7.31         |
|    collision               | 0            |
|    crash_object            | 0            |
|    crash_vehicle           | 0            |
|    episode_cost            | 0            |
|    episode_length          | 600          |
|    jerk                    | 0.651        |
|    lane_deviation          | 0.0768       |
|    max_lane_deviation      | 0.159        |
|    mean_speed_kmh          | 0.767        |
|    min_ttc                 | nan          |
|    out_of_road             | 0            |
|    route_completion        | 0.0947       |
|    shaped_reward           | -94.5        |
|    steering_variation      | 0.791        |
|    success                 | 0            |
|    ttc_risk                | 0            |
| rollout/                   |              |
|    ep_len_mean             | 593          |
|    ep_rew_mean             | -146         |
|    success_rate            | 0            |
| time/                      |              |
|    fps                     | 2174         |
|    iterations              | 3            |
|    time_elapsed            | 22           |
|    total_timesteps         | 49152        |
| train/                     |              |
|    approx_kl               | 0.0034017698 |
|    clip_fraction           | 0.00255      |
|    clip_range              | 0.2          |
|    entropy_loss            | -2.82        |
|    explained_variance      | 0.0203       |
|    learning_rate           | 0.0003       |
|    loss                    | 49.4         |
|    n_updates               | 20           |
|    policy_gradient_loss    | -0.000257    |
|    std                     | 0.993        |
|    value_loss              | 68.7         |
---------------------------------------------
---------------------------------------------
| curriculum/                |              |
|    stage                   | 0            |
|    window_cost             | 0.0333       |
|    window_route_completion | 0.12         |
|    window_success          | 0            |
| paper/                     |              |
|    accel_variation         | 0.828        |
|    base_reward             | 6.33         |
|    collision               | 0            |
|    crash_object            | 0            |
|    crash_vehicle           | 0            |
|    episode_cost            | 0            |
|    episode_length          | 600          |
|    jerk                    | 0.658        |
|    lane_deviation          | 0.248        |
|    max_lane_deviation      | 0.539        |
|    mean_speed_kmh          | 0.784        |
|    min_ttc                 | nan          |
|    out_of_road             | 0            |
|    route_completion        | 0.124        |
|    shaped_reward           | -134         |
|    steering_variation      | 0.827        |
|    success                 | 0            |
|    ttc_risk                | 0            |
| rollout/                   |              |
|    ep_len_mean             | 594          |
|    ep_rew_mean             | -141         |
|    success_rate            | 0            |
| time/                      |              |
|    fps                     | 2136         |
|    iterations              | 4            |
|    time_elapsed            | 30           |
|    total_timesteps         | 65536        |
| train/                     |              |
|    approx_kl               | 0.0044541033 |
|    clip_fraction           | 0.0181       |
|    clip_range              | 0.2          |
|    entropy_loss            | -2.82        |
|    explained_variance      | 0.424        |
|    learning_rate           | 0.0003       |
|    loss                    | 1.94         |
|    n_updates               | 30           |
|    policy_gradient_loss    | -0.00132     |
|    std                     | 0.994        |
|    value_loss              | 34.5         |
---------------------------------------------
---------------------------------------------
| curriculum/                |              |
|    stage                   | 0            |
|    window_cost             | 0            |
|    window_route_completion | 0.119        |
|    window_success          | 0            |
| paper/                     |              |
|    accel_variation         | 0.806        |
|    base_reward             | 7.26         |
|    collision               | 0            |
|    crash_object            | 0            |
|    crash_vehicle           | 0            |
|    episode_cost            | 0            |
|    episode_length          | 600          |
|    jerk                    | 0.614        |
|    lane_deviation          | 0.161        |
|    max_lane_deviation      | 0.312        |
|    mean_speed_kmh          | 0.782        |
|    min_ttc                 | nan          |
|    out_of_road             | 0            |
|    route_completion        | 0.133        |
|    shaped_reward           | -109         |
|    steering_variation      | 0.795        |
|    success                 | 0            |
|    ttc_risk                | 0            |
| rollout/                   |              |
|    ep_len_mean             | 595          |
|    ep_rew_mean             | -139         |
|    success_rate            | 0            |
| time/                      |              |
|    fps                     | 2113         |
|    iterations              | 5            |
|    time_elapsed            | 38           |
|    total_timesteps         | 81920        |
| train/                     |              |
|    approx_kl               | 0.0042713652 |
|    clip_fraction           | 0.0256       |
|    clip_range              | 0.2          |
|    entropy_loss            | -2.82        |
|    explained_variance      | 0.86         |
|    learning_rate           | 0.0003       |
|    loss                    | 0.539        |
|    n_updates               | 40           |
|    policy_gradient_loss    | -0.00164     |
|    std                     | 0.987        |
|    value_loss              | 1.61         |
---------------------------------------------
---------------------------------------------
| curriculum/                |              |
|    stage                   | 0            |
|    window_cost             | 0            |
|    window_route_completion | 0.127        |
|    window_success          | 0            |
| paper/                     |              |
|    accel_variation         | 0.765        |
|    base_reward             | 7.23         |
|    collision               | 0            |
|    crash_object            | 0            |
|    crash_vehicle           | 0            |
|    episode_cost            | 0            |
|    episode_length          | 600          |
|    jerk                    | 0.597        |
|    lane_deviation          | 0.383        |
|    max_lane_deviation      | 0.999        |
|    mean_speed_kmh          | 0.882        |
|    min_ttc                 | nan          |
|    out_of_road             | 0            |
|    route_completion        | 0.134        |
|    shaped_reward           | -244         |
|    steering_variation      | 0.831        |
|    success                 | 0            |
|    ttc_risk                | 0            |
| rollout/                   |              |
|    ep_len_mean             | 598          |
|    ep_rew_mean             | -139         |
|    success_rate            | 0            |
| time/                      |              |
|    fps                     | 2103         |
|    iterations              | 6            |
|    time_elapsed            | 46           |
|    total_timesteps         | 98304        |
| train/                     |              |
|    approx_kl               | 0.0042499327 |
|    clip_fraction           | 0.0305       |
|    clip_range              | 0.2          |
|    entropy_loss            | -2.81        |
|    explained_variance      | 0.926        |
|    learning_rate           | 0.0003       |
|    loss                    | 0.666        |
|    n_updates               | 50           |
|    policy_gradient_loss    | -0.000377    |
|    std                     | 0.986        |
|    value_loss              | 1.49         |
---------------------------------------------
--------------------------------------------
| curriculum/                |             |
|    stage                   | 0           |
|    window_cost             | 0           |
|    window_route_completion | 0.132       |
|    window_success          | 0           |
| paper/                     |             |
|    accel_variation         | 0.8         |
|    base_reward             | 6.7         |
|    collision               | 0           |
|    crash_object            | 0           |
|    crash_vehicle           | 0           |
|    episode_cost            | 0           |
|    episode_length          | 600         |
|    jerk                    | 0.629       |
|    lane_deviation          | 0.406       |
|    max_lane_deviation      | 0.987       |
|    mean_speed_kmh          | 1.01        |
|    min_ttc                 | nan         |
|    out_of_road             | 0           |
|    route_completion        | 0.121       |
|    shaped_reward           | -220        |
|    steering_variation      | 0.764       |
|    success                 | 0           |
|    ttc_risk                | 0           |
| rollout/                   |             |
|    ep_len_mean             | 600         |
|    ep_rew_mean             | -144        |
|    success_rate            | 0           |
| time/                      |             |
|    fps                     | 2097        |
|    iterations              | 7           |
|    time_elapsed            | 54          |
|    total_timesteps         | 114688      |
| train/                     |             |
|    approx_kl               | 0.002583975 |
|    clip_fraction           | 0.0191      |
|    clip_range              | 0.2         |
|    entropy_loss            | -2.81       |
|    explained_variance      | 0.0891      |
|    learning_rate           | 0.0003      |
|    loss                    | 1.5         |
|    n_updates               | 60          |
|    policy_gradient_loss    | -2.68e-05   |
|    std                     | 0.99        |
|    value_loss              | 5.43        |
--------------------------------------------
---------------------------------------------
| curriculum/                |              |
|    stage                   | 0            |
|    window_cost             | 0            |
|    window_route_completion | 0.132        |
|    window_success          | 0            |
| paper/                     |              |
|    accel_variation         | 0.811        |
|    base_reward             | 5.38         |
|    collision               | 0            |
|    crash_object            | 0            |
|    crash_vehicle           | 0            |
|    episode_cost            | 0            |
|    episode_length          | 600          |
|    jerk                    | 0.638        |
|    lane_deviation          | 0.581        |
|    max_lane_deviation      | 1.63         |
|    mean_speed_kmh          | 0.849        |
|    min_ttc                 | nan          |
|    out_of_road             | 0            |
|    route_completion        | 0.112        |
|    shaped_reward           | -440         |
|    steering_variation      | 0.867        |
|    success                 | 0            |
|    ttc_risk                | 0            |
| rollout/                   |              |
|    ep_len_mean             | 600          |
|    ep_rew_mean             | -176         |
|    success_rate            | 0            |
| time/                      |              |
|    fps                     | 2096         |
|    iterations              | 8            |
|    time_elapsed            | 62           |
|    total_timesteps         | 131072       |
| train/                     |              |
|    approx_kl               | 0.0018635879 |
|    clip_fraction           | 0.00919      |
|    clip_range              | 0.2          |
|    entropy_loss            | -2.82        |
|    explained_variance      | 0.659        |
|    learning_rate           | 0.0003       |
|    loss                    | 3            |
|    n_updates               | 70           |
|    policy_gradient_loss    | -0.000146    |
|    std                     | 0.99         |
|    value_loss              | 12.7         |
---------------------------------------------
---------------------------------------------
| curriculum/                |              |
|    stage                   | 0            |
|    window_cost             | 0            |
|    window_route_completion | 0.114        |
|    window_success          | 0            |
| paper/                     |              |
|    accel_variation         | 0.864        |
|    base_reward             | 5.95         |
|    collision               | 0            |
|    crash_object            | 0            |
|    crash_vehicle           | 0            |
|    episode_cost            | 0            |
|    episode_length          | 600          |
|    jerk                    | 0.632        |
|    lane_deviation          | 0.116        |
|    max_lane_deviation      | 0.195        |
|    mean_speed_kmh          | 0.707        |
|    min_ttc                 | nan          |
|    out_of_road             | 0            |
|    route_completion        | 0.099        |
|    shaped_reward           | -103         |
|    steering_variation      | 0.823        |
|    success                 | 0            |
|    ttc_risk                | 0            |
| rollout/                   |              |
|    ep_len_mean             | 600          |
|    ep_rew_mean             | -198         |
|    success_rate            | 0            |
| time/                      |              |
|    fps                     | 2091         |
|    iterations              | 9            |
|    time_elapsed            | 70           |
|    total_timesteps         | 147456       |
| train/                     |              |
|    approx_kl               | 0.0031066432 |
|    clip_fraction           | 0.0228       |
|    clip_range              | 0.2          |
|    entropy_loss            | -2.82        |
|    explained_variance      | 0.79         |
|    learning_rate           | 0.0003       |
|    loss                    | 4.98         |
|    n_updates               | 80           |
|    policy_gradient_loss    | -0.0012      |
|    std                     | 0.989        |
|    value_loss              | 28.9         |
---------------------------------------------
---------------------------------------------
| curriculum/                |              |
|    stage                   | 0            |
|    window_cost             | 0            |
|    window_route_completion | 0.115        |
|    window_success          | 0            |
| paper/                     |              |
|    accel_variation         | 0.842        |
|    base_reward             | 6.38         |
|    collision               | 0            |
|    crash_object            | 0            |
|    crash_vehicle           | 0            |
|    episode_cost            | 0            |
|    episode_length          | 600          |
|    jerk                    | 0.618        |
|    lane_deviation          | 0.12         |
|    max_lane_deviation      | 0.232        |
|    mean_speed_kmh          | 0.731        |
|    min_ttc                 | nan          |
|    out_of_road             | 0            |
|    route_completion        | 0.0967       |
|    shaped_reward           | -103         |
|    steering_variation      | 0.823        |
|    success                 | 0            |
|    ttc_risk                | 0            |
| rollout/                   |              |
|    ep_len_mean             | 600          |
|    ep_rew_mean             | -192         |
|    success_rate            | 0            |
| time/                      |              |
|    fps                     | 2090         |
|    iterations              | 10           |
|    time_elapsed            | 78           |
|    total_timesteps         | 163840       |
| train/                     |              |
|    approx_kl               | 0.0030839683 |
|    clip_fraction           | 0.0247       |
|    clip_range              | 0.2          |
|    entropy_loss            | -2.82        |
|    explained_variance      | 0.895        |
|    learning_rate           | 0.0003       |
|    loss                    | 4.85         |
|    n_updates               | 90           |
|    policy_gradient_loss    | -9.64e-05    |
|    std                     | 0.993        |
|    value_loss              | 11.8         |
---------------------------------------------
--------------------------------------------
| curriculum/                |             |
|    stage                   | 0           |
|    window_cost             | 0           |
|    window_route_completion | 0.119       |
|    window_success          | 0           |
| paper/                     |             |
|    accel_variation         | 0.833       |
|    base_reward             | 5.21        |
|    collision               | 0           |
|    crash_object            | 0           |
|    crash_vehicle           | 0           |
|    episode_cost            | 0           |
|    episode_length          | 600         |
|    jerk                    | 0.655       |
|    lane_deviation          | 0.224       |
|    max_lane_deviation      | 0.692       |
|    mean_speed_kmh          | 0.758       |
|    min_ttc                 | nan         |
|    out_of_road             | 0           |
|    route_completion        | 0.129       |
|    shaped_reward           | -146        |
|    steering_variation      | 0.855       |
|    success                 | 0           |
|    ttc_risk                | 0           |
| rollout/                   |             |
|    ep_len_mean             | 600         |
|    ep_rew_mean             | -177        |
|    success_rate            | 0           |
| time/                      |             |
|    fps                     | 2095        |
|    iterations              | 11          |
|    time_elapsed            | 85          |
|    total_timesteps         | 180224      |
| train/                     |             |
|    approx_kl               | 0.003644398 |
|    clip_fraction           | 0.0331      |
|    clip_range              | 0.2         |
|    entropy_loss            | -2.83       |
|    explained_variance      | 0.96        |
|    learning_rate           | 0.0003      |
|    loss                    | 1.87        |
|    n_updates               | 100         |
|    policy_gradient_loss    | -0.0017     |
|    std                     | 0.998       |
|    value_loss              | 3.7         |
--------------------------------------------
---------------------------------------------
| curriculum/                |              |
|    stage                   | 0            |
|    window_cost             | 0.0667       |
|    window_route_completion | 0.124        |
|    window_success          | 0            |
| paper/                     |              |
|    accel_variation         | 0.853        |
|    base_reward             | 8.8          |
|    collision               | 0            |
|    crash_object            | 0            |
|    crash_vehicle           | 0            |
|    episode_cost            | 0            |
|    episode_length          | 600          |
|    jerk                    | 0.637        |
|    lane_deviation          | 0.0586       |
|    max_lane_deviation      | 0.264        |
|    mean_speed_kmh          | 0.837        |
|    min_ttc                 | nan          |
|    out_of_road             | 0            |
|    route_completion        | 0.12         |
|    shaped_reward           | -92.4        |
|    steering_variation      | 0.865        |
|    success                 | 0            |
|    ttc_risk                | 0            |
| rollout/                   |              |
|    ep_len_mean             | 597          |
|    ep_rew_mean             | -153         |
|    success_rate            | 0            |
| time/                      |              |
|    fps                     | 2097         |
|    iterations              | 12           |
|    time_elapsed            | 93           |
|    total_timesteps         | 196608       |
| train/                     |              |
|    approx_kl               | 0.0036729036 |
|    clip_fraction           | 0.0475       |
|    clip_range              | 0.2          |
|    entropy_loss            | -2.84        |
|    explained_variance      | 0.959        |
|    learning_rate           | 0.0003       |
|    loss                    | 0.229        |
|    n_updates               | 110          |
|    policy_gradient_loss    | -0.000397    |
|    std                     | 0.999        |
|    value_loss              | 0.997        |
---------------------------------------------
--------------------------------------------
| curriculum/                |             |
|    stage                   | 0           |
|    window_cost             | 0           |
|    window_route_completion | 0.125       |
|    window_success          | 0           |
| paper/                     |             |
|    accel_variation         | 0.886       |
|    base_reward             | 8.55        |
|    collision               | 0           |
|    crash_object            | 0           |
|    crash_vehicle           | 0           |
|    episode_cost            | 0           |
|    episode_length          | 600         |
|    jerk                    | 0.663       |
|    lane_deviation          | 0.141       |
|    max_lane_deviation      | 0.445       |
|    mean_speed_kmh          | 0.907       |
|    min_ttc                 | nan         |
|    out_of_road             | 0           |
|    route_completion        | 0.155       |
|    shaped_reward           | -105        |
|    steering_variation      | 0.801       |
|    success                 | 0           |
|    ttc_risk                | 0           |
| rollout/                   |             |
|    ep_len_mean             | 597         |
|    ep_rew_mean             | -137        |
|    success_rate            | 0           |
| time/                      |             |
|    fps                     | 2101        |
|    iterations              | 13          |
|    time_elapsed            | 101         |
|    total_timesteps         | 212992      |
| train/                     |             |
|    approx_kl               | 0.003082875 |
|    clip_fraction           | 0.0234      |
|    clip_range              | 0.2         |
|    entropy_loss            | -2.84       |
|    explained_variance      | 0.761       |
|    learning_rate           | 0.0003      |
|    loss                    | 2.16        |
|    n_updates               | 120         |
|    policy_gradient_loss    | -0.000463   |
|    std                     | 1           |
|    value_loss              | 32          |
--------------------------------------------
---------------------------------------------
| curriculum/                |              |
|    stage                   | 0            |
|    window_cost             | 0            |
|    window_route_completion | 0.134        |
|    window_success          | 0            |
| paper/                     |              |
|    accel_variation         | 0.824        |
|    base_reward             | 9.62         |
|    collision               | 0            |
|    crash_object            | 0            |
|    crash_vehicle           | 0            |
|    episode_cost            | 0            |
|    episode_length          | 600          |
|    jerk                    | 0.646        |
|    lane_deviation          | 0.12         |
|    max_lane_deviation      | 0.245        |
|    mean_speed_kmh          | 0.886        |
|    min_ttc                 | nan          |
|    out_of_road             | 0            |
|    route_completion        | 0.141        |
|    shaped_reward           | -95.8        |
|    steering_variation      | 0.832        |
|    success                 | 0            |
|    ttc_risk                | 0            |
| rollout/                   |              |
|    ep_len_mean             | 597          |
|    ep_rew_mean             | -136         |
|    success_rate            | 0            |
| time/                      |              |
|    fps                     | 2103         |
|    iterations              | 14           |
|    time_elapsed            | 109          |
|    total_timesteps         | 229376       |
| train/                     |              |
|    approx_kl               | 0.0055138236 |
|    clip_fraction           | 0.0257       |
|    clip_range              | 0.2          |
|    entropy_loss            | -2.85        |
|    explained_variance      | 0.978        |
|    learning_rate           | 0.0003       |
|    loss                    | 1.38         |
|    n_updates               | 130          |
|    policy_gradient_loss    | -0.00148     |
|    std                     | 1.01         |
|    value_loss              | 1.36         |
---------------------------------------------
---------------------------------------------
| curriculum/                |              |
|    stage                   | 0            |
|    window_cost             | 0            |
|    window_route_completion | 0.162        |
|    window_success          | 0            |
| paper/                     |              |
|    accel_variation         | 0.75         |
|    base_reward             | 5.95         |
|    collision               | 0            |
|    crash_object            | 0            |
|    crash_vehicle           | 0            |
|    episode_cost            | 0            |
|    episode_length          | 600          |
|    jerk                    | 0.613        |
|    lane_deviation          | 0.813        |
|    max_lane_deviation      | 1.97         |
|    mean_speed_kmh          | 1.15         |
|    min_ttc                 | nan          |
|    out_of_road             | 0            |
|    route_completion        | 0.164        |
|    shaped_reward           | -668         |
|    steering_variation      | 0.787        |
|    success                 | 0            |
|    ttc_risk                | 0            |
| rollout/                   |              |
|    ep_len_mean             | 597          |
|    ep_rew_mean             | -162         |
|    success_rate            | 0            |
| time/                      |              |
|    fps                     | 2108         |
|    iterations              | 15           |
|    time_elapsed            | 116          |
|    total_timesteps         | 245760       |
| train/                     |              |
|    approx_kl               | 0.0040444746 |
|    clip_fraction           | 0.0401       |
|    clip_range              | 0.2          |
|    entropy_loss            | -2.85        |
|    explained_variance      | 0.968        |
|    learning_rate           | 0.0003       |
|    loss                    | 1.83         |
|    n_updates               | 140          |
|    policy_gradient_loss    | -0.000779    |
|    std                     | 1.01         |
|    value_loss              | 3.95         |
---------------------------------------------
---------------------------------------------
| curriculum/                |              |
|    stage                   | 0            |
|    window_cost             | 0            |
|    window_route_completion | 0.171        |
|    window_success          | 0            |
| paper/                     |              |
|    accel_variation         | 0.748        |
|    base_reward             | 11.2         |
|    collision               | 0            |
|    crash_object            | 0            |
|    crash_vehicle           | 0            |
|    episode_cost            | 0            |
|    episode_length          | 600          |
|    jerk                    | 0.62         |
|    lane_deviation          | 0.437        |
|    max_lane_deviation      | 0.999        |
|    mean_speed_kmh          | 1.31         |
|    min_ttc                 | nan          |
|    out_of_road             | 0            |
|    route_completion        | 0.185        |
|    shaped_reward           | -230         |
|    steering_variation      | 0.842        |
|    success                 | 0            |
|    ttc_risk                | 0            |
| rollout/                   |              |
|    ep_len_mean             | 600          |
|    ep_rew_mean             | -174         |
|    success_rate            | 0            |
| time/                      |              |
|    fps                     | 2106         |
|    iterations              | 16           |
|    time_elapsed            | 124          |
|    total_timesteps         | 262144       |
| train/                     |              |
|    approx_kl               | 0.0063732583 |
|    clip_fraction           | 0.0703       |
|    clip_range              | 0.2          |
|    entropy_loss            | -2.85        |
|    explained_variance      | 0.905        |
|    learning_rate           | 0.0003       |
|    loss                    | 15.6         |
|    n_updates               | 150          |
|    policy_gradient_loss    | -0.00293     |
|    std                     | 1.01         |
|    value_loss              | 29.3         |
---------------------------------------------
---------------------------------------------
| curriculum/                |              |
|    stage                   | 0            |
|    window_cost             | 0.0333       |
|    window_route_completion | 0.203        |
|    window_success          | 0            |
| paper/                     |              |
|    accel_variation         | 0.767        |
|    base_reward             | 15.8         |
|    collision               | 0            |
|    crash_object            | 0            |
|    crash_vehicle           | 0            |
|    episode_cost            | 0            |
|    episode_length          | 600          |
|    jerk                    | 0.62         |
|    lane_deviation          | 0.122        |
|    max_lane_deviation      | 0.341        |
|    mean_speed_kmh          | 1.27         |
|    min_ttc                 | nan          |
|    out_of_road             | 0            |
|    route_completion        | 0.197        |
|    shaped_reward           | -81.7        |
|    steering_variation      | 0.8          |
|    success                 | 0            |
|    ttc_risk                | 0            |
| rollout/                   |              |
|    ep_len_mean             | 598          |
|    ep_rew_mean             | -185         |
|    success_rate            | 0            |
| time/                      |              |
|    fps                     | 2105         |
|    iterations              | 17           |
|    time_elapsed            | 132          |
|    total_timesteps         | 278528       |
| train/                     |              |
|    approx_kl               | 0.0032834788 |
|    clip_fraction           | 0.042        |
|    clip_range              | 0.2          |
|    entropy_loss            | -2.86        |
|    explained_variance      | 0.948        |
|    learning_rate           | 0.0003       |
|    loss                    | 6.69         |
|    n_updates               | 160          |
|    policy_gradient_loss    | -0.00106     |
|    std                     | 1.01         |
|    value_loss              | 13.7         |
---------------------------------------------
--------------------------------------------
| curriculum/                |             |
|    stage                   | 0           |
|    window_cost             | 0           |
|    window_route_completion | 0.199       |
|    window_success          | 0           |
| paper/                     |             |
|    accel_variation         | 0.758       |
|    base_reward             | 14.3        |
|    collision               | 0           |
|    crash_object            | 0           |
|    crash_vehicle           | 0           |
|    episode_cost            | 0           |
|    episode_length          | 600         |
|    jerk                    | 0.62        |
|    lane_deviation          | 0.196       |
|    max_lane_deviation      | 0.339       |
|    mean_speed_kmh          | 1.28        |
|    min_ttc                 | nan         |
|    out_of_road             | 0           |
|    route_completion        | 0.171       |
|    shaped_reward           | -96.9       |
|    steering_variation      | 0.789       |
|    success                 | 0           |
|    ttc_risk                | 0           |
| rollout/                   |             |
|    ep_len_mean             | 598         |
|    ep_rew_mean             | -196        |
|    success_rate            | 0           |
| time/                      |             |
|    fps                     | 2105        |
|    iterations              | 18          |
|    time_elapsed            | 140         |
|    total_timesteps         | 294912      |
| train/                     |             |
|    approx_kl               | 0.009316437 |
|    clip_fraction           | 0.0975      |
|    clip_range              | 0.2         |
|    entropy_loss            | -2.85       |
|    explained_variance      | 0.909       |
|    learning_rate           | 0.0003      |
|    loss                    | 21          |
|    n_updates               | 170         |
|    policy_gradient_loss    | -0.00151    |
|    std                     | 1           |
|    value_loss              | 22.9        |
--------------------------------------------
---------------------------------------------
| curriculum/                |              |
|    stage                   | 0            |
|    window_cost             | 0.0333       |
|    window_route_completion | 0.201        |
|    window_success          | 0            |
| paper/                     |              |
|    accel_variation         | 0.745        |
|    base_reward             | 9.96         |
|    collision               | 0            |
|    crash_object            | 0            |
|    crash_vehicle           | 0            |
|    episode_cost            | 0            |
|    episode_length          | 600          |
|    jerk                    | 0.628        |
|    lane_deviation          | 0.335        |
|    max_lane_deviation      | 0.499        |
|    mean_speed_kmh          | 1.2          |
|    min_ttc                 | nan          |
|    out_of_road             | 0            |
|    route_completion        | 0.221        |
|    shaped_reward           | -147         |
|    steering_variation      | 0.789        |
|    success                 | 0            |
|    ttc_risk                | 0            |
| rollout/                   |              |
|    ep_len_mean             | 598          |
|    ep_rew_mean             | -167         |
|    success_rate            | 0            |
| time/                      |              |
|    fps                     | 2100         |
|    iterations              | 19           |
|    time_elapsed            | 148          |
|    total_timesteps         | 311296       |
| train/                     |              |
|    approx_kl               | 0.0059157102 |
|    clip_fraction           | 0.113        |
|    clip_range              | 0.2          |
|    entropy_loss            | -2.84        |
|    explained_variance      | 0.974        |
|    learning_rate           | 0.0003       |
|    loss                    | 4.23         |
|    n_updates               | 180          |
|    policy_gradient_loss    | -0.00457     |
|    std                     | 1            |
|    value_loss              | 8.28         |
---------------------------------------------
--------------------------------------------
| curriculum/                |             |
|    stage                   | 0           |
|    window_cost             | 0           |
|    window_route_completion | 0.219       |
|    window_success          | 0           |
| paper/                     |             |
|    accel_variation         | 0.744       |
|    base_reward             | 13.1        |
|    collision               | 0           |
|    crash_object            | 0           |
|    crash_vehicle           | 0           |
|    episode_cost            | 0           |
|    episode_length          | 600         |
|    jerk                    | 0.567       |
|    lane_deviation          | 0.425       |
|    max_lane_deviation      | 0.924       |
|    mean_speed_kmh          | 1.55        |
|    min_ttc                 | nan         |
|    out_of_road             | 0           |
|    route_completion        | 0.205       |
|    shaped_reward           | -225        |
|    steering_variation      | 0.825       |
|    success                 | 0           |
|    ttc_risk                | 0           |
| rollout/                   |             |
|    ep_len_mean             | 598         |
|    ep_rew_mean             | -158        |
|    success_rate            | 0           |
| time/                      |             |
|    fps                     | 2097        |
|    iterations              | 20          |
|    time_elapsed            | 156         |
|    total_timesteps         | 327680      |
| train/                     |             |
|    approx_kl               | 0.007585844 |
|    clip_fraction           | 0.112       |
|    clip_range              | 0.2         |
|    entropy_loss            | -2.84       |
|    explained_variance      | 0.919       |
|    learning_rate           | 0.0003      |
|    loss                    | 4.25        |
|    n_updates               | 190         |
|    policy_gradient_loss    | -0.00215    |
|    std                     | 0.999       |
|    value_loss              | 16.9        |
--------------------------------------------
--------------------------------------------
| curriculum/                |             |
|    stage                   | 0           |
|    window_cost             | 0           |
|    window_route_completion | 0.236       |
|    window_success          | 0           |
| paper/                     |             |
|    accel_variation         | 0.758       |
|    base_reward             | 18.6        |
|    collision               | 0           |
|    crash_object            | 0           |
|    crash_vehicle           | 0           |
|    episode_cost            | 0           |
|    episode_length          | 600         |
|    jerk                    | 0.578       |
|    lane_deviation          | 0.152       |
|    max_lane_deviation      | 0.354       |
|    mean_speed_kmh          | 1.49        |
|    min_ttc                 | nan         |
|    out_of_road             | 0           |
|    route_completion        | 0.25        |
|    shaped_reward           | -80.1       |
|    steering_variation      | 0.809       |
|    success                 | 0           |
|    ttc_risk                | 0           |
| rollout/                   |             |
|    ep_len_mean             | 600         |
|    ep_rew_mean             | -150        |
|    success_rate            | 0           |
| time/                      |             |
|    fps                     | 2095        |
|    iterations              | 21          |
|    time_elapsed            | 164         |
|    total_timesteps         | 344064      |
| train/                     |             |
|    approx_kl               | 0.012801392 |
|    clip_fraction           | 0.216       |
|    clip_range              | 0.2         |
|    entropy_loss            | -2.82       |
|    explained_variance      | 0.953       |
|    learning_rate           | 0.0003      |
|    loss                    | 5           |
|    n_updates               | 200         |
|    policy_gradient_loss    | 0.012       |
|    std                     | 0.989       |
|    value_loss              | 6.28        |
--------------------------------------------
-------------------------------------------
| curriculum/                |            |
|    stage                   | 0          |
|    window_cost             | 0.6        |
|    window_route_completion | 0.198      |
|    window_success          | 0          |
| paper/                     |            |
|    accel_variation         | 0.689      |
|    base_reward             | -5.81      |
|    collision               | 0          |
|    crash_object            | 0          |
|    crash_vehicle           | 0          |
|    episode_cost            | 1          |
|    episode_length          | 242        |
|    jerk                    | 0.555      |
|    lane_deviation          | 0.481      |
|    max_lane_deviation      | 1.02       |
|    mean_speed_kmh          | 1.81       |
|    min_ttc                 | nan        |
|    out_of_road             | 1          |
|    route_completion        | 0.128      |
|    shaped_reward           | -307       |
|    steering_variation      | 0.746      |
|    success                 | 0          |
|    ttc_risk                | 0          |
| rollout/                   |            |
|    ep_len_mean             | 563        |
|    ep_rew_mean             | -188       |
|    success_rate            | 0          |
| time/                      |            |
|    fps                     | 2088       |
|    iterations              | 22         |
|    time_elapsed            | 172        |
|    total_timesteps         | 360448     |
| train/                     |            |
|    approx_kl               | 0.02917708 |
|    clip_fraction           | 0.179      |
|    clip_range              | 0.2        |
|    entropy_loss            | -2.81      |
|    explained_variance      | 0.928      |
|    learning_rate           | 0.0003     |
|    loss                    | 6.09       |
|    n_updates               | 210        |
|    policy_gradient_loss    | -0.00362   |
|    std                     | 0.982      |
|    value_loss              | 16.4       |
-------------------------------------------
--------------------------------------------
| curriculum/                |             |
|    stage                   | 0           |
|    window_cost             | 0.267       |
|    window_route_completion | 0.227       |
|    window_success          | 0           |
| paper/                     |             |
|    accel_variation         | 0.725       |
|    base_reward             | 10.1        |
|    collision               | 0           |
|    crash_object            | 0           |
|    crash_vehicle           | 0           |
|    episode_cost            | 0           |
|    episode_length          | 600         |
|    jerk                    | 0.597       |
|    lane_deviation          | 0.557       |
|    max_lane_deviation      | 0.872       |
|    mean_speed_kmh          | 1.55        |
|    min_ttc                 | nan         |
|    out_of_road             | 0           |
|    route_completion        | 0.279       |
|    shaped_reward           | -291        |
|    steering_variation      | 0.789       |
|    success                 | 0           |
|    ttc_risk                | 0           |
| rollout/                   |             |
|    ep_len_mean             | 554         |
|    ep_rew_mean             | -231        |
|    success_rate            | 0           |
| time/                      |             |
|    fps                     | 2084        |
|    iterations              | 23          |
|    time_elapsed            | 180         |
|    total_timesteps         | 376832      |
| train/                     |             |
|    approx_kl               | 0.006146749 |
|    clip_fraction           | 0.069       |
|    clip_range              | 0.2         |
|    entropy_loss            | -2.81       |
|    explained_variance      | 0.662       |
|    learning_rate           | 0.0003      |
|    loss                    | 45.7        |
|    n_updates               | 220         |
|    policy_gradient_loss    | -0.00255    |
|    std                     | 0.992       |
|    value_loss              | 167         |
--------------------------------------------
--------------------------------------------
| curriculum/                |             |
|    stage                   | 0           |
|    window_cost             | 0.0667      |
|    window_route_completion | 0.228       |
|    window_success          | 0           |
| paper/                     |             |
|    accel_variation         | 0.752       |
|    base_reward             | 20          |
|    collision               | 0           |
|    crash_object            | 0           |
|    crash_vehicle           | 0           |
|    episode_cost            | 0           |
|    episode_length          | 600         |
|    jerk                    | 0.586       |
|    lane_deviation          | 0.159       |
|    max_lane_deviation      | 0.395       |
|    mean_speed_kmh          | 1.61        |
|    min_ttc                 | nan         |
|    out_of_road             | 0           |
|    route_completion        | 0.235       |
|    shaped_reward           | -83.1       |
|    steering_variation      | 0.753       |
|    success                 | 0           |
|    ttc_risk                | 0           |
| rollout/                   |             |
|    ep_len_mean             | 552         |
|    ep_rew_mean             | -236        |
|    success_rate            | 0           |
| time/                      |             |
|    fps                     | 2079        |
|    iterations              | 24          |
|    time_elapsed            | 189         |
|    total_timesteps         | 393216      |
| train/                     |             |
|    approx_kl               | 0.009155147 |
|    clip_fraction           | 0.148       |
|    clip_range              | 0.2         |
|    entropy_loss            | -2.82       |
|    explained_variance      | 0.827       |
|    learning_rate           | 0.0003      |
|    loss                    | 47.3        |
|    n_updates               | 230         |
|    policy_gradient_loss    | -0.00498    |
|    std                     | 0.991       |
|    value_loss              | 68.4        |
--------------------------------------------
--------------------------------------------
| curriculum/                |             |
|    stage                   | 0           |
|    window_cost             | 0.0333      |
|    window_route_completion | 0.242       |
|    window_success          | 0           |
| paper/                     |             |
|    accel_variation         | 0.723       |
|    base_reward             | 13.5        |
|    collision               | 0           |
|    crash_object            | 0           |
|    crash_vehicle           | 0           |
|    episode_cost            | 0           |
|    episode_length          | 600         |
|    jerk                    | 0.557       |
|    lane_deviation          | 0.273       |
|    max_lane_deviation      | 0.591       |
|    mean_speed_kmh          | 1.57        |
|    min_ttc                 | nan         |
|    out_of_road             | 0           |
|    route_completion        | 0.295       |
|    shaped_reward           | -117        |
|    steering_variation      | 0.807       |
|    success                 | 0           |
|    ttc_risk                | 0           |
| rollout/                   |             |
|    ep_len_mean             | 564         |
|    ep_rew_mean             | -215        |
|    success_rate            | 0           |
| time/                      |             |
|    fps                     | 2074        |
|    iterations              | 25          |
|    time_elapsed            | 197         |
|    total_timesteps         | 409600      |
| train/                     |             |
|    approx_kl               | 0.009351887 |
|    clip_fraction           | 0.218       |
|    clip_range              | 0.2         |
|    entropy_loss            | -2.8        |
|    explained_variance      | 0.928       |
|    learning_rate           | 0.0003      |
|    loss                    | 19.2        |
|    n_updates               | 240         |
|    policy_gradient_loss    | -0.00147    |
|    std                     | 0.973       |
|    value_loss              | 10.8        |
--------------------------------------------
--------------------------------------------
| curriculum/                |             |
|    stage                   | 0           |
|    window_cost             | 0           |
|    window_route_completion | 0.262       |
|    window_success          | 0           |
| paper/                     |             |
|    accel_variation         | 0.718       |
|    base_reward             | 17.5        |
|    collision               | 0           |
|    crash_object            | 0           |
|    crash_vehicle           | 0           |
|    episode_cost            | 0           |
|    episode_length          | 600         |
|    jerk                    | 0.577       |
|    lane_deviation          | 0.305       |
|    max_lane_deviation      | 0.813       |
|    mean_speed_kmh          | 1.81        |
|    min_ttc                 | nan         |
|    out_of_road             | 0           |
|    route_completion        | 0.32        |
|    shaped_reward           | -142        |
|    steering_variation      | 0.764       |
|    success                 | 0           |
|    ttc_risk                | 0           |
| rollout/                   |             |
|    ep_len_mean             | 593         |
|    ep_rew_mean             | -155        |
|    success_rate            | 0           |
| time/                      |             |
|    fps                     | 2070        |
|    iterations              | 26          |
|    time_elapsed            | 205         |
|    total_timesteps         | 425984      |
| train/                     |             |
|    approx_kl               | 0.017928634 |
|    clip_fraction           | 0.318       |
|    clip_range              | 0.2         |
|    entropy_loss            | -2.75       |
|    explained_variance      | 0.947       |
|    learning_rate           | 0.0003      |
|    loss                    | 3.29        |
|    n_updates               | 250         |
|    policy_gradient_loss    | -0.00043    |
|    std                     | 0.951       |
|    value_loss              | 6.9         |
--------------------------------------------
--------------------------------------------
| curriculum/                |             |
|    stage                   | 0           |
|    window_cost             | 0           |
|    window_route_completion | 0.289       |
|    window_success          | 0           |
| paper/                     |             |
|    accel_variation         | 0.695       |
|    base_reward             | 21.6        |
|    collision               | 0           |
|    crash_object            | 0           |
|    crash_vehicle           | 0           |
|    episode_cost            | 0           |
|    episode_length          | 600         |
|    jerk                    | 0.565       |
|    lane_deviation          | 0.265       |
|    max_lane_deviation      | 0.642       |
|    mean_speed_kmh          | 1.9         |
|    min_ttc                 | nan         |
|    out_of_road             | 0           |
|    route_completion        | 0.323       |
|    shaped_reward           | -114        |
|    steering_variation      | 0.75        |
|    success                 | 0           |
|    ttc_risk                | 0           |
| rollout/                   |             |
|    ep_len_mean             | 597         |
|    ep_rew_mean             | -114        |
|    success_rate            | 0           |
| time/                      |             |
|    fps                     | 2066        |
|    iterations              | 27          |
|    time_elapsed            | 214         |
|    total_timesteps         | 442368      |
| train/                     |             |
|    approx_kl               | 0.012259626 |
|    clip_fraction           | 0.191       |
|    clip_range              | 0.2         |
|    entropy_loss            | -2.7        |
|    explained_variance      | 0.933       |
|    learning_rate           | 0.0003      |
|    loss                    | 2.48        |
|    n_updates               | 260         |
|    policy_gradient_loss    | -0.00425    |
|    std                     | 0.928       |
|    value_loss              | 5.22        |
--------------------------------------------
--------------------------------------------
| curriculum/                |             |
|    stage                   | 0           |
|    window_cost             | 0           |
|    window_route_completion | 0.386       |
|    window_success          | 0           |
| paper/                     |             |
|    accel_variation         | 0.66        |
|    base_reward             | 37.7        |
|    collision               | 0           |
|    crash_object            | 0           |
|    crash_vehicle           | 0           |
|    episode_cost            | 0           |
|    episode_length          | 600         |
|    jerk                    | 0.52        |
|    lane_deviation          | 0.186       |
|    max_lane_deviation      | 0.409       |
|    mean_speed_kmh          | 2.76        |
|    min_ttc                 | nan         |
|    out_of_road             | 0           |
|    route_completion        | 0.413       |
|    shaped_reward           | -48.7       |
|    steering_variation      | 0.72        |
|    success                 | 0           |
|    ttc_risk                | 0           |
| rollout/                   |             |
|    ep_len_mean             | 600         |
|    ep_rew_mean             | -89.3       |
|    success_rate            | 0           |
| time/                      |             |
|    fps                     | 2062        |
|    iterations              | 28          |
|    time_elapsed            | 222         |
|    total_timesteps         | 458752      |
| train/                     |             |
|    approx_kl               | 0.015643474 |
|    clip_fraction           | 0.234       |
|    clip_range              | 0.2         |
|    entropy_loss            | -2.67       |
|    explained_variance      | 0.875       |
|    learning_rate           | 0.0003      |
|    loss                    | 1.71        |
|    n_updates               | 270         |
|    policy_gradient_loss    | 9.66e-05    |
|    std                     | 0.907       |
|    value_loss              | 5.41        |
--------------------------------------------
--------------------------------------------
| curriculum/                |             |
|    stage                   | 0           |
|    window_cost             | 0           |
|    window_route_completion | 0.411       |
|    window_success          | 0           |
| paper/                     |             |
|    accel_variation         | 0.655       |
|    base_reward             | 42.3        |
|    collision               | 0           |
|    crash_object            | 0           |
|    crash_vehicle           | 0           |
|    episode_cost            | 0           |
|    episode_length          | 600         |
|    jerk                    | 0.497       |
|    lane_deviation          | 0.0765      |
|    max_lane_deviation      | 0.203       |
|    mean_speed_kmh          | 2.81        |
|    min_ttc                 | nan         |
|    out_of_road             | 0           |
|    route_completion        | 0.388       |
|    shaped_reward           | -23         |
|    steering_variation      | 0.749       |
|    success                 | 0           |
|    ttc_risk                | 0           |
| rollout/                   |             |
|    ep_len_mean             | 600         |
|    ep_rew_mean             | -72.6       |
|    success_rate            | 0           |
| time/                      |             |
|    fps                     | 2060        |
|    iterations              | 29          |
|    time_elapsed            | 230         |
|    total_timesteps         | 475136      |
| train/                     |             |
|    approx_kl               | 0.016372204 |
|    clip_fraction           | 0.249       |
|    clip_range              | 0.2         |
|    entropy_loss            | -2.59       |
|    explained_variance      | 0.629       |
|    learning_rate           | 0.0003      |
|    loss                    | 2.7         |
|    n_updates               | 280         |
|    policy_gradient_loss    | 0.000688    |
|    std                     | 0.873       |
|    value_loss              | 4.75        |
--------------------------------------------
--------------------------------------------
| curriculum/                |             |
|    stage                   | 0           |
|    window_cost             | 0           |
|    window_route_completion | 0.455       |
|    window_success          | 0           |
| paper/                     |             |
|    accel_variation         | 0.558       |
|    base_reward             | 41.8        |
|    collision               | 0           |
|    crash_object            | 0           |
|    crash_vehicle           | 0           |
|    episode_cost            | 0           |
|    episode_length          | 600         |
|    jerk                    | 0.463       |
|    lane_deviation          | 0.3         |
|    max_lane_deviation      | 0.633       |
|    mean_speed_kmh          | 3.6         |
|    min_ttc                 | nan         |
|    out_of_road             | 0           |
|    route_completion        | 0.515       |
|    shaped_reward           | -64.9       |
|    steering_variation      | 0.699       |
|    success                 | 0           |
|    ttc_risk                | 0           |
| rollout/                   |             |
|    ep_len_mean             | 600         |
|    ep_rew_mean             | -63         |
|    success_rate            | 0           |
| time/                      |             |
|    fps                     | 2056        |
|    iterations              | 30          |
|    time_elapsed            | 238         |
|    total_timesteps         | 491520      |
| train/                     |             |
|    approx_kl               | 0.025428724 |
|    clip_fraction           | 0.287       |
|    clip_range              | 0.2         |
|    entropy_loss            | -2.52       |
|    explained_variance      | 0.658       |
|    learning_rate           | 0.0003      |
|    loss                    | 1.24        |
|    n_updates               | 290         |
|    policy_gradient_loss    | -0.0059     |
|    std                     | 0.847       |
|    value_loss              | 2.43        |
--------------------------------------------
-------------------------------------------
| curriculum/                |            |
|    stage                   | 0          |
|    window_cost             | 0          |
|    window_route_completion | 0.558      |
|    window_success          | 0          |
| paper/                     |            |
|    accel_variation         | 0.513      |
|    base_reward             | 57.7       |
|    collision               | 0          |
|    crash_object            | 0          |
|    crash_vehicle           | 0          |
|    episode_cost            | 0          |
|    episode_length          | 600        |
|    jerk                    | 0.428      |
|    lane_deviation          | 0.216      |
|    max_lane_deviation      | 0.696      |
|    mean_speed_kmh          | 4.39       |
|    min_ttc                 | nan        |
|    out_of_road             | 0          |
|    route_completion        | 0.746      |
|    shaped_reward           | -10.7      |
|    steering_variation      | 0.711      |
|    success                 | 0          |
|    ttc_risk                | 0          |
| rollout/                   |            |
|    ep_len_mean             | 600        |
|    ep_rew_mean             | -46.1      |
|    success_rate            | 0          |
| time/                      |            |
|    fps                     | 2058       |
|    iterations              | 31         |
|    time_elapsed            | 246        |
|    total_timesteps         | 507904     |
| train/                     |            |
|    approx_kl               | 0.01959884 |
|    clip_fraction           | 0.283      |
|    clip_range              | 0.2        |
|    entropy_loss            | -2.46      |
|    explained_variance      | 0.666      |
|    learning_rate           | 0.0003     |
|    loss                    | 1.87       |
|    n_updates               | 300        |
|    policy_gradient_loss    | -0.015     |
|    std                     | 0.819      |
|    value_loss              | 4.15       |
-------------------------------------------
-------------------------------------------
| curriculum/                |            |
|    stage                   | 1          |
|    window_cost             | 0          |
|    window_route_completion | 0.614      |
|    window_success          | 0          |
| paper/                     |            |
|    accel_variation         | 0.519      |
|    base_reward             | 105        |
|    collision               | 0          |
|    crash_object            | 0          |
|    crash_vehicle           | 0          |
|    episode_cost            | 0          |
|    episode_length          | 615        |
|    jerk                    | 0.426      |
|    lane_deviation          | 0.108      |
|    max_lane_deviation      | 0.37       |
|    mean_speed_kmh          | 5.51       |
|    min_ttc                 | nan        |
|    out_of_road             | 0          |
|    route_completion        | 0.953      |
|    shaped_reward           | 112        |
|    steering_variation      | 0.679      |
|    success                 | 1          |
|    ttc_risk                | 0          |
| rollout/                   |            |
|    ep_len_mean             | 605        |
|    ep_rew_mean             | -21.7      |
|    success_rate            | 0.14       |
| time/                      |            |
|    fps                     | 2046       |
|    iterations              | 32         |
|    time_elapsed            | 256        |
|    total_timesteps         | 524288     |
| train/                     |            |
|    approx_kl               | 0.02150957 |
|    clip_fraction           | 0.267      |
|    clip_range              | 0.2        |
|    entropy_loss            | -2.35      |
|    explained_variance      | 0.531      |
|    learning_rate           | 0.0003     |
|    loss                    | 0.841      |
|    n_updates               | 310        |
|    policy_gradient_loss    | -0.0136    |
|    std                     | 0.777      |
|    value_loss              | 2.74       |
-------------------------------------------
-------------------------------------------
| curriculum/                |            |
|    stage                   | 1          |
|    window_cost             | 0          |
|    window_route_completion | 0.589      |
|    window_success          | 0.267      |
| paper/                     |            |
|    accel_variation         | 0.457      |
|    base_reward             | 146        |
|    collision               | 0          |
|    crash_object            | 0          |
|    crash_vehicle           | 0          |
|    episode_cost            | 0          |
|    episode_length          | 800        |
|    jerk                    | 0.399      |
|    lane_deviation          | 0.14       |
|    max_lane_deviation      | 0.554      |
|    mean_speed_kmh          | 7.57       |
|    min_ttc                 | nan        |
|    out_of_road             | 0          |
|    route_completion        | 0.45       |
|    shaped_reward           | 41.7       |
|    steering_variation      | 0.667      |
|    success                 | 0          |
|    ttc_risk                | 0          |
| rollout/                   |            |
|    ep_len_mean             | 645        |
|    ep_rew_mean             | -25.7      |
|    success_rate            | 0.14       |
| time/                      |            |
|    fps                     | 2023       |
|    iterations              | 33         |
|    time_elapsed            | 267        |
|    total_timesteps         | 540672     |
| train/                     |            |
|    approx_kl               | 0.00907148 |
|    clip_fraction           | 0.138      |
|    clip_range              | 0.2        |
|    entropy_loss            | -2.32      |
|    explained_variance      | 0.0854     |
|    learning_rate           | 0.0003     |
|    loss                    | 13.3       |
|    n_updates               | 320        |
|    policy_gradient_loss    | -0.00237   |
|    std                     | 0.771      |
|    value_loss              | 37         |
-------------------------------------------
--------------------------------------------
| curriculum/                |             |
|    stage                   | 0           |
|    window_cost             | 0.0333      |
|    window_route_completion | 0.438       |
|    window_success          | 0.0333      |
| paper/                     |             |
|    accel_variation         | 0.388       |
|    base_reward             | 120         |
|    collision               | 0           |
|    crash_object            | 0           |
|    crash_vehicle           | 0           |
|    episode_cost            | 0           |
|    episode_length          | 421         |
|    jerk                    | 0.313       |
|    lane_deviation          | 0.133       |
|    max_lane_deviation      | 0.64        |
|    mean_speed_kmh          | 10.1        |
|    min_ttc                 | nan         |
|    out_of_road             | 0           |
|    route_completion        | 0.962       |
|    shaped_reward           | 131         |
|    steering_variation      | 0.655       |
|    success                 | 1           |
|    ttc_risk                | 0           |
| rollout/                   |             |
|    ep_len_mean             | 648         |
|    ep_rew_mean             | -7.69       |
|    success_rate            | 0.21        |
| time/                      |             |
|    fps                     | 2013        |
|    iterations              | 34          |
|    time_elapsed            | 276         |
|    total_timesteps         | 557056      |
| train/                     |             |
|    approx_kl               | 0.008931557 |
|    clip_fraction           | 0.133       |
|    clip_range              | 0.2         |
|    entropy_loss            | -2.3        |
|    explained_variance      | 0.681       |
|    learning_rate           | 0.0003      |
|    loss                    | 2.48        |
|    n_updates               | 330         |
|    policy_gradient_loss    | -0.00324    |
|    std                     | 0.758       |
|    value_loss              | 6.09        |
--------------------------------------------
--------------------------------------------
| curriculum/                |             |
|    stage                   | 1           |
|    window_cost             | 0.0667      |
|    window_route_completion | 0.669       |
|    window_success          | 0.433       |
| paper/                     |             |
|    accel_variation         | 0.382       |
|    base_reward             | 191         |
|    collision               | 0           |
|    crash_object            | 0           |
|    crash_vehicle           | 0           |
|    episode_cost            | 0           |
|    episode_length          | 800         |
|    jerk                    | 0.341       |
|    lane_deviation          | 0.217       |
|    max_lane_deviation      | 0.988       |
|    mean_speed_kmh          | 10.6        |
|    min_ttc                 | nan         |
|    out_of_road             | 0           |
|    route_completion        | 0.621       |
|    shaped_reward           | 42.9        |
|    steering_variation      | 0.667       |
|    success                 | 0           |
|    ttc_risk                | 0           |
| rollout/                   |             |
|    ep_len_mean             | 599         |
|    ep_rew_mean             | 23.6        |
|    success_rate            | 0.43        |
| time/                      |             |
|    fps                     | 1999        |
|    iterations              | 35          |
|    time_elapsed            | 286         |
|    total_timesteps         | 573440      |
| train/                     |             |
|    approx_kl               | 0.005398978 |
|    clip_fraction           | 0.0947      |
|    clip_range              | 0.2         |
|    entropy_loss            | -2.28       |
|    explained_variance      | 0.284       |
|    learning_rate           | 0.0003      |
|    loss                    | 7.4         |
|    n_updates               | 340         |
|    policy_gradient_loss    | -0.000731   |
|    std                     | 0.754       |
|    value_loss              | 74          |
--------------------------------------------
--------------------------------------------
| curriculum/                |             |
|    stage                   | 2           |
|    window_cost             | 0.0333      |
|    window_route_completion | 0.793       |
|    window_success          | 0.6         |
| paper/                     |             |
|    accel_variation         | 0.356       |
|    base_reward             | 232         |
|    collision               | 0           |
|    crash_object            | 0           |
|    crash_vehicle           | 0           |
|    episode_cost            | 0           |
|    episode_length          | 836         |
|    jerk                    | 0.318       |
|    lane_deviation          | 0.226       |
|    max_lane_deviation      | 1.56        |
|    mean_speed_kmh          | 12.1        |
|    min_ttc                 | nan         |
|    out_of_road             | 0           |
|    route_completion        | 0.983       |
|    shaped_reward           | 102         |
|    steering_variation      | 0.659       |
|    success                 | 1           |
|    ttc_risk                | 0           |
| rollout/                   |             |
|    ep_len_mean             | 640         |
|    ep_rew_mean             | 23.4        |
|    success_rate            | 0.38        |
| time/                      |             |
|    fps                     | 1969        |
|    iterations              | 36          |
|    time_elapsed            | 299         |
|    total_timesteps         | 589824      |
| train/                     |             |
|    approx_kl               | 0.036558546 |
|    clip_fraction           | 0.125       |
|    clip_range              | 0.2         |
|    entropy_loss            | -2.27       |
|    explained_variance      | 0.644       |
|    learning_rate           | 0.0003      |
|    loss                    | 39.8        |
|    n_updates               | 350         |
|    policy_gradient_loss    | -0.000659   |
|    std                     | 0.75        |
|    value_loss              | 34.1        |
--------------------------------------------
-----------------------------------------
| paper/                  |             |
|    accel_variation      | 0.375       |
|    base_reward          | 266         |
|    collision            | 0           |
|    crash_object         | 0           |
|    crash_vehicle        | 0           |
|    episode_cost         | 0           |
|    episode_length       | 1000        |
|    jerk                 | 0.325       |
|    lane_deviation       | 0.219       |
|    max_lane_deviation   | 1.01        |
|    mean_speed_kmh       | 11.9        |
|    min_ttc              | 1.19        |
|    out_of_road          | 0           |
|    route_completion     | 0.817       |
|    shaped_reward        | 6.09        |
|    steering_variation   | 0.629       |
|    success              | 0           |
|    ttc_risk             | 0.00873     |
| rollout/                |             |
|    ep_len_mean          | 666         |
|    ep_rew_mean          | 31.4        |
|    success_rate         | 0.38        |
| time/                   |             |
|    fps                  | 1914        |
|    iterations           | 37          |
|    time_elapsed         | 316         |
|    total_timesteps      | 606208      |
| train/                  |             |
|    approx_kl            | 0.026744222 |
|    clip_fraction        | 0.17        |
|    clip_range           | 0.2         |
|    entropy_loss         | -2.24       |
|    explained_variance   | 0.811       |
|    learning_rate        | 0.0003      |
|    loss                 | 5.36        |
|    n_updates            | 360         |
|    policy_gradient_loss | 0.000839    |
|    std                  | 0.737       |
|    value_loss           | 10.5        |
-----------------------------------------
---------------------------------------------
| curriculum/                |              |
|    stage                   | 1            |
|    window_cost             | 0.2          |
|    window_route_completion | 0.538        |
|    window_success          | 0.0333       |
| paper/                     |              |
|    accel_variation         | 0.377        |
|    base_reward             | 190          |
|    collision               | 0            |
|    crash_object            | 0            |
|    crash_vehicle           | 0            |
|    episode_cost            | 0            |
|    episode_length          | 800          |
|    jerk                    | 0.327        |
|    lane_deviation          | 0.233        |
|    max_lane_deviation      | 0.997        |
|    mean_speed_kmh          | 10.9         |
|    min_ttc                 | nan          |
|    out_of_road             | 0            |
|    route_completion        | 0.385        |
|    shaped_reward           | 12.2         |
|    steering_variation      | 0.657        |
|    success                 | 0            |
|    ttc_risk                | 0            |
| rollout/                   |              |
|    ep_len_mean             | 698          |
|    ep_rew_mean             | 38.6         |
|    success_rate            | 0.37         |
| time/                      |              |
|    fps                     | 1857         |
|    iterations              | 38           |
|    time_elapsed            | 335          |
|    total_timesteps         | 622592       |
| train/                     |              |
|    approx_kl               | 0.0107601015 |
|    clip_fraction           | 0.157        |
|    clip_range              | 0.2          |
|    entropy_loss            | -2.23        |
|    explained_variance      | 0.312        |
|    learning_rate           | 0.0003       |
|    loss                    | 26           |
|    n_updates               | 370          |
|    policy_gradient_loss    | 0.000939     |
|    std                     | 0.738        |
|    value_loss              | 48.4         |
---------------------------------------------
-----------------------------------------
| paper/                  |             |
|    accel_variation      | 0.349       |
|    base_reward          | 210         |
|    collision            | 0           |
|    crash_object         | 0           |
|    crash_vehicle        | 0           |
|    episode_cost         | 0           |
|    episode_length       | 800         |
|    jerk                 | 0.309       |
|    lane_deviation       | 0.216       |
|    max_lane_deviation   | 0.981       |
|    mean_speed_kmh       | 11.9        |
|    min_ttc              | 17          |
|    out_of_road          | 0           |
|    route_completion     | 0.628       |
|    shaped_reward        | 56.5        |
|    steering_variation   | 0.631       |
|    success              | 0           |
|    ttc_risk             | 0           |
| rollout/                |             |
|    ep_len_mean          | 763         |
|    ep_rew_mean          | 35          |
|    success_rate         | 0.28        |
| time/                   |             |
|    fps                  | 1842        |
|    iterations           | 39          |
|    time_elapsed         | 346         |
|    total_timesteps      | 638976      |
| train/                  |             |
|    approx_kl            | 0.015673071 |
|    clip_fraction        | 0.221       |
|    clip_range           | 0.2         |
|    entropy_loss         | -2.23       |
|    explained_variance   | 0.299       |
|    learning_rate        | 0.0003      |
|    loss                 | 14.5        |
|    n_updates            | 380         |
|    policy_gradient_loss | 0.00442     |
|    std                  | 0.739       |
|    value_loss           | 67.6        |
-----------------------------------------
-------------------------------------------
| curriculum/                |            |
|    stage                   | 2          |
|    window_cost             | 0.2        |
|    window_route_completion | 0.779      |
|    window_success          | 0.3        |
| paper/                     |            |
|    accel_variation         | 0.292      |
|    base_reward             | 221        |
|    collision               | 0          |
|    crash_object            | 0          |
|    crash_vehicle           | 0          |
|    episode_cost            | 0          |
|    episode_length          | 656        |
|    jerk                    | 0.253      |
|    lane_deviation          | 0.35       |
|    max_lane_deviation      | 1.4        |
|    mean_speed_kmh          | 17.3       |
|    min_ttc                 | nan        |
|    out_of_road             | 0          |
|    route_completion        | 0.985      |
|    shaped_reward           | 37.9       |
|    steering_variation      | 0.594      |
|    success                 | 1          |
|    ttc_risk                | 0          |
| rollout/                   |            |
|    ep_len_mean             | 804        |
|    ep_rew_mean             | 4.72       |
|    success_rate            | 0.19       |
| time/                      |            |
|    fps                     | 1830       |
|    iterations              | 40         |
|    time_elapsed            | 358        |
|    total_timesteps         | 655360     |
| train/                     |            |
|    approx_kl               | 0.07556309 |
|    clip_fraction           | 0.251      |
|    clip_range              | 0.2        |
|    entropy_loss            | -2.23      |
|    explained_variance      | 0.44       |
|    learning_rate           | 0.0003     |
|    loss                    | 3.56       |
|    n_updates               | 390        |
|    policy_gradient_loss    | 0.0137     |
|    std                     | 0.741      |
|    value_loss              | 10.1       |
-------------------------------------------
------------------------------------------
| paper/                  |              |
|    accel_variation      | 0.333        |
|    base_reward          | 288          |
|    collision            | 0            |
|    crash_object         | 0            |
|    crash_vehicle        | 0            |
|    episode_cost         | 0            |
|    episode_length       | 1000         |
|    jerk                 | 0.286        |
|    lane_deviation       | 0.258        |
|    max_lane_deviation   | 1.04         |
|    mean_speed_kmh       | 13.6         |
|    min_ttc              | 7.22         |
|    out_of_road          | 0            |
|    route_completion     | 0.613        |
|    shaped_reward        | -21.9        |
|    steering_variation   | 0.635        |
|    success              | 0            |
|    ttc_risk             | 0.0079       |
| rollout/                |              |
|    ep_len_mean          | 807          |
|    ep_rew_mean          | -4.78        |
|    success_rate         | 0.19         |
| time/                   |              |
|    fps                  | 1798         |
|    iterations           | 41           |
|    time_elapsed         | 373          |
|    total_timesteps      | 671744       |
| train/                  |              |
|    approx_kl            | 0.0055695563 |
|    clip_fraction        | 0.113        |
|    clip_range           | 0.2          |
|    entropy_loss         | -2.24        |
|    explained_variance   | 0.323        |
|    learning_rate        | 0.0003       |
|    loss                 | 90.1         |
|    n_updates            | 400          |
|    policy_gradient_loss | 0.00226      |
|    std                  | 0.743        |
|    value_loss           | 154          |
------------------------------------------
---------------------------------------------
| curriculum/                |              |
|    stage                   | 2            |
|    window_cost             | 0.167        |
|    window_route_completion | 0.715        |
|    window_success          | 0.133        |
| paper/                     |              |
|    accel_variation         | 0.358        |
|    base_reward             | 247          |
|    collision               | 0            |
|    crash_object            | 0            |
|    crash_vehicle           | 0            |
|    episode_cost            | 0            |
|    episode_length          | 1000         |
|    jerk                    | 0.296        |
|    lane_deviation          | 0.257        |
|    max_lane_deviation      | 1.05         |
|    mean_speed_kmh          | 12.4         |
|    min_ttc                 | 19.4         |
|    out_of_road             | 0            |
|    route_completion        | 0.467        |
|    shaped_reward           | -1.9         |
|    steering_variation      | 0.655        |
|    success                 | 0            |
|    ttc_risk                | 0            |
| rollout/                   |              |
|    ep_len_mean             | 810          |
|    ep_rew_mean             | -7.1         |
|    success_rate            | 0.18         |
| time/                      |              |
|    fps                     | 1757         |
|    iterations              | 42           |
|    time_elapsed            | 391          |
|    total_timesteps         | 688128       |
| train/                     |              |
|    approx_kl               | 0.0072758878 |
|    clip_fraction           | 0.0905       |
|    clip_range              | 0.2          |
|    entropy_loss            | -2.24        |
|    explained_variance      | 0.451        |
|    learning_rate           | 0.0003       |
|    loss                    | 12.9         |
|    n_updates               | 410          |
|    policy_gradient_loss    | -0.00155     |
|    std                     | 0.743        |
|    value_loss              | 68.2         |
---------------------------------------------
--------------------------------------------
| curriculum/                |             |
|    stage                   | 1           |
|    window_cost             | 0.1         |
|    window_route_completion | 0.648       |
|    window_success          | 0           |
| paper/                     |             |
|    accel_variation         | 0.378       |
|    base_reward             | 186         |
|    collision               | 0           |
|    crash_object            | 0           |
|    crash_vehicle           | 0           |
|    episode_cost            | 0           |
|    episode_length          | 800         |
|    jerk                    | 0.333       |
|    lane_deviation          | 0.226       |
|    max_lane_deviation      | 0.993       |
|    mean_speed_kmh          | 10.9        |
|    min_ttc                 | 16.7        |
|    out_of_road             | 0           |
|    route_completion        | 0.364       |
|    shaped_reward           | 10.7        |
|    steering_variation      | 0.639       |
|    success                 | 0           |
|    ttc_risk                | 0           |
| rollout/                   |             |
|    ep_len_mean             | 822         |
|    ep_rew_mean             | -2.87       |
|    success_rate            | 0.18        |
| time/                      |             |
|    fps                     | 1728        |
|    iterations              | 43          |
|    time_elapsed            | 407         |
|    total_timesteps         | 704512      |
| train/                     |             |
|    approx_kl               | 0.051680226 |
|    clip_fraction           | 0.226       |
|    clip_range              | 0.2         |
|    entropy_loss            | -2.26       |
|    explained_variance      | 0.42        |
|    learning_rate           | 0.0003      |
|    loss                    | 41.3        |
|    n_updates               | 420         |
|    policy_gradient_loss    | 0.0057      |
|    std                     | 0.757       |
|    value_loss              | 44.3        |
--------------------------------------------
--------------------------------------------
| curriculum/                |             |
|    stage                   | 1           |
|    window_cost             | 0           |
|    window_route_completion | 0.603       |
|    window_success          | 0.0667      |
| paper/                     |             |
|    accel_variation         | 0.37        |
|    base_reward             | 192         |
|    collision               | 0           |
|    crash_object            | 0           |
|    crash_vehicle           | 0           |
|    episode_cost            | 0           |
|    episode_length          | 800         |
|    jerk                    | 0.324       |
|    lane_deviation          | 0.211       |
|    max_lane_deviation      | 0.756       |
|    mean_speed_kmh          | 10.6        |
|    min_ttc                 | 31.7        |
|    out_of_road             | 0           |
|    route_completion        | 0.599       |
|    shaped_reward           | 53.1        |
|    steering_variation      | 0.65        |
|    success                 | 0           |
|    ttc_risk                | 0           |
| rollout/                   |             |
|    ep_len_mean             | 824         |
|    ep_rew_mean             | -0.729      |
|    success_rate            | 0.18        |
| time/                      |             |
|    fps                     | 1726        |
|    iterations              | 44          |
|    time_elapsed            | 417         |
|    total_timesteps         | 720896      |
| train/                     |             |
|    approx_kl               | 0.011209852 |
|    clip_fraction           | 0.294       |
|    clip_range              | 0.2         |
|    entropy_loss            | -2.28       |
|    explained_variance      | 0.628       |
|    learning_rate           | 0.0003      |
|    loss                    | 3.84        |
|    n_updates               | 430         |
|    policy_gradient_loss    | 0.0235      |
|    std                     | 0.759       |
|    value_loss              | 12.5        |
--------------------------------------------
-------------------------------------------
| curriculum/                |            |
|    stage                   | 1          |
|    window_cost             | 0.0333     |
|    window_route_completion | 0.647      |
|    window_success          | 0.0667     |
| paper/                     |            |
|    accel_variation         | 0.428      |
|    base_reward             | 180        |
|    collision               | 0          |
|    crash_object            | 0          |
|    crash_vehicle           | 0          |
|    episode_cost            | 0          |
|    episode_length          | 800        |
|    jerk                    | 0.374      |
|    lane_deviation          | 0.167      |
|    max_lane_deviation      | 0.485      |
|    mean_speed_kmh          | 9.49       |
|    min_ttc                 | nan        |
|    out_of_road             | 0          |
|    route_completion        | 0.743      |
|    shaped_reward           | 68.6       |
|    steering_variation      | 0.668      |
|    success                 | 0          |
|    ttc_risk                | 0          |
| rollout/                   |            |
|    ep_len_mean             | 852        |
|    ep_rew_mean             | 15.8       |
|    success_rate            | 0.11       |
| time/                      |            |
|    fps                     | 1720       |
|    iterations              | 45         |
|    time_elapsed            | 428        |
|    total_timesteps         | 737280     |
| train/                     |            |
|    approx_kl               | 0.01038765 |
|    clip_fraction           | 0.266      |
|    clip_range              | 0.2        |
|    entropy_loss            | -2.27      |
|    explained_variance      | 0.474      |
|    learning_rate           | 0.0003     |
|    loss                    | 1.3        |
|    n_updates               | 440        |
|    policy_gradient_loss    | 0.0136     |
|    std                     | 0.75       |
|    value_loss              | 5.04       |
-------------------------------------------
--------------------------------------------
| curriculum/                |             |
|    stage                   | 0           |
|    window_cost             | 0.0333      |
|    window_route_completion | 0.644       |
|    window_success          | 0.0333      |
| paper/                     |             |
|    accel_variation         | 0.356       |
|    base_reward             | 167         |
|    collision               | 0           |
|    crash_object            | 0           |
|    crash_vehicle           | 0           |
|    episode_cost            | 0           |
|    episode_length          | 600         |
|    jerk                    | 0.31        |
|    lane_deviation          | 0.256       |
|    max_lane_deviation      | 0.594       |
|    mean_speed_kmh          | 13          |
|    min_ttc                 | nan         |
|    out_of_road             | 0           |
|    route_completion        | 0.414       |
|    shaped_reward           | 32.7        |
|    steering_variation      | 0.652       |
|    success                 | 0           |
|    ttc_risk                | 0           |
| rollout/                   |             |
|    ep_len_mean             | 821         |
|    ep_rew_mean             | 25.1        |
|    success_rate            | 0.04        |
| time/                      |             |
|    fps                     | 1720        |
|    iterations              | 46          |
|    time_elapsed            | 437         |
|    total_timesteps         | 753664      |
| train/                     |             |
|    approx_kl               | 0.010050639 |
|    clip_fraction           | 0.21        |
|    clip_range              | 0.2         |
|    entropy_loss            | -2.24       |
|    explained_variance      | 0.317       |
|    learning_rate           | 0.0003      |
|    loss                    | 49.6        |
|    n_updates               | 450         |
|    policy_gradient_loss    | 0.00139     |
|    std                     | 0.741       |
|    value_loss              | 22.6        |
--------------------------------------------
--------------------------------------------
| curriculum/                |             |
|    stage                   | 1           |
|    window_cost             | 0           |
|    window_route_completion | 0.759       |
|    window_success          | 0.467       |
| paper/                     |             |
|    accel_variation         | 0.34        |
|    base_reward             | 123         |
|    collision               | 0           |
|    crash_object            | 0           |
|    crash_vehicle           | 0           |
|    episode_cost            | 1           |
|    episode_length          | 368         |
|    jerk                    | 0.266       |
|    lane_deviation          | 0.374       |
|    max_lane_deviation      | 2           |
|    mean_speed_kmh          | 20          |
|    min_ttc                 | nan         |
|    out_of_road             | 1           |
|    route_completion        | 0.51        |
|    shaped_reward           | -283        |
|    steering_variation      | 0.459       |
|    success                 | 0           |
|    ttc_risk                | 0           |
| rollout/                   |             |
|    ep_len_mean             | 613         |
|    ep_rew_mean             | 64.1        |
|    success_rate            | 0.33        |
| time/                      |             |
|    fps                     | 1719        |
|    iterations              | 47          |
|    time_elapsed            | 447         |
|    total_timesteps         | 770048      |
| train/                     |             |
|    approx_kl               | 0.017305482 |
|    clip_fraction           | 0.253       |
|    clip_range              | 0.2         |
|    entropy_loss            | -2.18       |
|    explained_variance      | 0.75        |
|    learning_rate           | 0.0003      |
|    loss                    | 1.07        |
|    n_updates               | 460         |
|    policy_gradient_loss    | 0.0023      |
|    std                     | 0.718       |
|    value_loss              | 2.54        |
--------------------------------------------
---------------------------------------------
| curriculum/                |              |
|    stage                   | 2            |
|    window_cost             | 0.0333       |
|    window_route_completion | 0.895        |
|    window_success          | 0.667        |
| paper/                     |              |
|    accel_variation         | 0.369        |
|    base_reward             | 284          |
|    collision               | 0            |
|    crash_object            | 0            |
|    crash_vehicle           | 0            |
|    episode_cost            | 0            |
|    episode_length          | 852          |
|    jerk                    | 0.32         |
|    lane_deviation          | 0.236        |
|    max_lane_deviation      | 1.15         |
|    mean_speed_kmh          | 14.7         |
|    min_ttc                 | nan          |
|    out_of_road             | 0            |
|    route_completion        | 0.986        |
|    shaped_reward           | 117          |
|    steering_variation      | 0.577        |
|    success                 | 1            |
|    ttc_risk                | 0            |
| rollout/                   |              |
|    ep_len_mean             | 604          |
|    ep_rew_mean             | 61.9         |
|    success_rate            | 0.39         |
| time/                      |              |
|    fps                     | 1710         |
|    iterations              | 48           |
|    time_elapsed            | 459          |
|    total_timesteps         | 786432       |
| train/                     |              |
|    approx_kl               | 0.0063122055 |
|    clip_fraction           | 0.0985       |
|    clip_range              | 0.2          |
|    entropy_loss            | -2.15        |
|    explained_variance      | 0.362        |
|    learning_rate           | 0.0003       |
|    loss                    | 4.48         |
|    n_updates               | 470          |
|    policy_gradient_loss    | -0.00246     |
|    std                     | 0.714        |
|    value_loss              | 27.2         |
---------------------------------------------
------------------------------------------
| paper/                  |              |
|    accel_variation      | 0.37         |
|    base_reward          | 298          |
|    collision            | 0            |
|    crash_object         | 0            |
|    crash_vehicle        | 0            |
|    episode_cost         | 0            |
|    episode_length       | 1000         |
|    jerk                 | 0.326        |
|    lane_deviation       | 0.28         |
|    max_lane_deviation   | 0.966        |
|    mean_speed_kmh       | 14.6         |
|    min_ttc              | 1.98         |
|    out_of_road          | 0            |
|    route_completion     | 0.636        |
|    shaped_reward        | -1.3         |
|    steering_variation   | 0.584        |
|    success              | 0            |
|    ttc_risk             | 0.0034       |
| rollout/                |              |
|    ep_len_mean          | 638          |
|    ep_rew_mean          | 61.7         |
|    success_rate         | 0.37         |
| time/                   |              |
|    fps                  | 1682         |
|    iterations           | 49           |
|    time_elapsed         | 477          |
|    total_timesteps      | 802816       |
| train/                  |              |
|    approx_kl            | 0.0069833724 |
|    clip_fraction        | 0.0971       |
|    clip_range           | 0.2          |
|    entropy_loss         | -2.14        |
|    explained_variance   | 0.565        |
|    learning_rate        | 0.0003       |
|    loss                 | 4.34         |
|    n_updates            | 480          |
|    policy_gradient_loss | -0.00135     |
|    std                  | 0.71         |
|    value_loss           | 53.7         |
------------------------------------------
---------------------------------------------
| curriculum/                |              |
|    stage                   | 2            |
|    window_cost             | 0.1          |
|    window_route_completion | 0.654        |
|    window_success          | 0            |
| paper/                     |              |
|    accel_variation         | 0.355        |
|    base_reward             | 334          |
|    collision               | 0            |
|    crash_object            | 0            |
|    crash_vehicle           | 0            |
|    episode_cost            | 0            |
|    episode_length          | 1000         |
|    jerk                    | 0.305        |
|    lane_deviation          | 0.186        |
|    max_lane_deviation      | 0.809        |
|    mean_speed_kmh          | 14.3         |
|    min_ttc                 | 25.2         |
|    out_of_road             | 0            |
|    route_completion        | 0.623        |
|    shaped_reward           | 112          |
|    steering_variation      | 0.59         |
|    success                 | 0            |
|    ttc_risk                | 0            |
| rollout/                   |              |
|    ep_len_mean             | 663          |
|    ep_rew_mean             | 57           |
|    success_rate            | 0.37         |
| time/                      |              |
|    fps                     | 1658         |
|    iterations              | 50           |
|    time_elapsed            | 493          |
|    total_timesteps         | 819200       |
| train/                     |              |
|    approx_kl               | 0.0081411945 |
|    clip_fraction           | 0.103        |
|    clip_range              | 0.2          |
|    entropy_loss            | -2.13        |
|    explained_variance      | 0.638        |
|    learning_rate           | 0.0003       |
|    loss                    | 5.87         |
|    n_updates               | 490          |
|    policy_gradient_loss    | -0.00562     |
|    std                     | 0.708        |
|    value_loss              | 16.9         |
---------------------------------------------
--------------------------------------------
| curriculum/                |             |
|    stage                   | 1           |
|    window_cost             | 0.133       |
|    window_route_completion | 0.628       |
|    window_success          | 0           |
| paper/                     |             |
|    accel_variation         | 0.371       |
|    base_reward             | 210         |
|    collision               | 0           |
|    crash_object            | 0           |
|    crash_vehicle           | 0           |
|    episode_cost            | 0           |
|    episode_length          | 800         |
|    jerk                    | 0.336       |
|    lane_deviation          | 0.195       |
|    max_lane_deviation      | 0.832       |
|    mean_speed_kmh          | 11.7        |
|    min_ttc                 | nan         |
|    out_of_road             | 0           |
|    route_completion        | 0.604       |
|    shaped_reward           | 56.8        |
|    steering_variation      | 0.623       |
|    success                 | 0           |
|    ttc_risk                | 0           |
| rollout/                   |             |
|    ep_len_mean             | 733         |
|    ep_rew_mean             | 50.4        |
|    success_rate            | 0.3         |
| time/                      |             |
|    fps                     | 1647        |
|    iterations              | 51          |
|    time_elapsed            | 507         |
|    total_timesteps         | 835584      |
| train/                     |             |
|    approx_kl               | 0.007859212 |
|    clip_fraction           | 0.202       |
|    clip_range              | 0.2         |
|    entropy_loss            | -2.14       |
|    explained_variance      | 0.267       |
|    learning_rate           | 0.0003      |
|    loss                    | 7.45        |
|    n_updates               | 500         |
|    policy_gradient_loss    | 0.00354     |
|    std                     | 0.719       |
|    value_loss              | 33.4        |
--------------------------------------------
--------------------------------------------
| curriculum/                |             |
|    stage                   | 2           |
|    window_cost             | 0.0333      |
|    window_route_completion | 0.756       |
|    window_success          | 0.333       |
| paper/                     |             |
|    accel_variation         | 0.392       |
|    base_reward             | 264         |
|    collision               | 0           |
|    crash_object            | 0           |
|    crash_vehicle           | 0           |
|    episode_cost            | 0           |
|    episode_length          | 1000        |
|    jerk                    | 0.339       |
|    lane_deviation          | 0.243       |
|    max_lane_deviation      | 0.639       |
|    mean_speed_kmh          | 12.1        |
|    min_ttc                 | 29.6        |
|    out_of_road             | 0           |
|    route_completion        | 0.743       |
|    shaped_reward           | 66.2        |
|    steering_variation      | 0.631       |
|    success                 | 0           |
|    ttc_risk                | 0           |
| rollout/                   |             |
|    ep_len_mean             | 812         |
|    ep_rew_mean             | 37.2        |
|    success_rate            | 0.2         |
| time/                      |             |
|    fps                     | 1642        |
|    iterations              | 52          |
|    time_elapsed            | 518         |
|    total_timesteps         | 851968      |
| train/                     |             |
|    approx_kl               | 0.052928425 |
|    clip_fraction           | 0.191       |
|    clip_range              | 0.2         |
|    entropy_loss            | -2.17       |
|    explained_variance      | 0.654       |
|    learning_rate           | 0.0003      |
|    loss                    | 4.81        |
|    n_updates               | 510         |
|    policy_gradient_loss    | 0.0045      |
|    std                     | 0.728       |
|    value_loss              | 16.6        |
--------------------------------------------
-----------------------------------------
| paper/                  |             |
|    accel_variation      | 0.395       |
|    base_reward          | 267         |
|    collision            | 0           |
|    crash_object         | 0           |
|    crash_vehicle        | 0           |
|    episode_cost         | 0           |
|    episode_length       | 1000        |
|    jerk                 | 0.322       |
|    lane_deviation       | 0.263       |
|    max_lane_deviation   | 1.01        |
|    mean_speed_kmh       | 12.6        |
|    min_ttc              | 4.4         |
|    out_of_road          | 0           |
|    route_completion     | 0.613       |
|    shaped_reward        | 4.04        |
|    steering_variation   | 0.568       |
|    success              | 0           |
|    ttc_risk             | 0.00497     |
| rollout/                |             |
|    ep_len_mean          | 859         |
|    ep_rew_mean          | 34.5        |
|    success_rate         | 0.19        |
| time/                   |             |
|    fps                  | 1623        |
|    iterations           | 53          |
|    time_elapsed         | 534         |
|    total_timesteps      | 868352      |
| train/                  |             |
|    approx_kl            | 0.010873005 |
|    clip_fraction        | 0.153       |
|    clip_range           | 0.2         |
|    entropy_loss         | -2.19       |
|    explained_variance   | 0.525       |
|    learning_rate        | 0.0003      |
|    loss                 | 10.4        |
|    n_updates            | 520         |
|    policy_gradient_loss | -0.000242   |
|    std                  | 0.733       |
|    value_loss           | 46.6        |
-----------------------------------------
--------------------------------------------
| curriculum/                |             |
|    stage                   | 2           |
|    window_cost             | 0.0333      |
|    window_route_completion | 0.706       |
|    window_success          | 0.1         |
| paper/                     |             |
|    accel_variation         | 0.376       |
|    base_reward             | 307         |
|    collision               | 0           |
|    crash_object            | 0           |
|    crash_vehicle           | 0           |
|    episode_cost            | 0           |
|    episode_length          | 1000        |
|    jerk                    | 0.318       |
|    lane_deviation          | 0.183       |
|    max_lane_deviation      | 0.674       |
|    mean_speed_kmh          | 13.2        |
|    min_ttc                 | 2.61        |
|    out_of_road             | 0           |
|    route_completion        | 0.624       |
|    shaped_reward           | 0.446       |
|    steering_variation      | 0.592       |
|    success                 | 0           |
|    ttc_risk                | 0.0164      |
| rollout/                   |             |
|    ep_len_mean             | 872         |
|    ep_rew_mean             | 26.4        |
|    success_rate            | 0.16        |
| time/                      |             |
|    fps                     | 1605        |
|    iterations              | 54          |
|    time_elapsed            | 551         |
|    total_timesteps         | 884736      |
| train/                     |             |
|    approx_kl               | 0.017487423 |
|    clip_fraction           | 0.231       |
|    clip_range              | 0.2         |
|    entropy_loss            | -2.2        |
|    explained_variance      | 0.701       |
|    learning_rate           | 0.0003      |
|    loss                    | 14.9        |
|    n_updates               | 530         |
|    policy_gradient_loss    | 0.00463     |
|    std                     | 0.735       |
|    value_loss              | 20.2        |
--------------------------------------------
--------------------------------------------
| curriculum/                |             |
|    stage                   | 2           |
|    window_cost             | 0.0667      |
|    window_route_completion | 0.685       |
|    window_success          | 0           |
| paper/                     |             |
|    accel_variation         | 0.36        |
|    base_reward             | 261         |
|    collision               | 0           |
|    crash_object            | 0           |
|    crash_vehicle           | 0           |
|    episode_cost            | 0           |
|    episode_length          | 1000        |
|    jerk                    | 0.314       |
|    lane_deviation          | 0.289       |
|    max_lane_deviation      | 1           |
|    mean_speed_kmh          | 13.4        |
|    min_ttc                 | 16.9        |
|    out_of_road             | 0           |
|    route_completion        | 0.791       |
|    shaped_reward           | 2.2         |
|    steering_variation      | 0.588       |
|    success                 | 0           |
|    ttc_risk                | 0           |
| rollout/                   |             |
|    ep_len_mean             | 880         |
|    ep_rew_mean             | 36.8        |
|    success_rate            | 0.16        |
| time/                      |             |
|    fps                     | 1588        |
|    iterations              | 55          |
|    time_elapsed            | 567         |
|    total_timesteps         | 901120      |
| train/                     |             |
|    approx_kl               | 0.008642098 |
|    clip_fraction           | 0.265       |
|    clip_range              | 0.2         |
|    entropy_loss            | -2.23       |
|    explained_variance      | 0.561       |
|    learning_rate           | 0.0003      |
|    loss                    | 27.3        |
|    n_updates               | 540         |
|    policy_gradient_loss    | 0.0118      |
|    std                     | 0.753       |
|    value_loss              | 33          |
--------------------------------------------
--------------------------------------------
| curriculum/                |             |
|    stage                   | 1           |
|    window_cost             | 0.0667      |
|    window_route_completion | 0.646       |
|    window_success          | 0.0333      |
| paper/                     |             |
|    accel_variation         | 0.322       |
|    base_reward             | 271         |
|    collision               | 0           |
|    crash_object            | 0           |
|    crash_vehicle           | 0           |
|    episode_cost            | 0           |
|    episode_length          | 800         |
|    jerk                    | 0.293       |
|    lane_deviation          | 0.229       |
|    max_lane_deviation      | 0.717       |
|    mean_speed_kmh          | 15.9        |
|    min_ttc                 | nan         |
|    out_of_road             | 0           |
|    route_completion        | 0.638       |
|    shaped_reward           | 64          |
|    steering_variation      | 0.556       |
|    success                 | 0           |
|    ttc_risk                | 0           |
| rollout/                   |             |
|    ep_len_mean             | 892         |
|    ep_rew_mean             | 39.4        |
|    success_rate            | 0.17        |
| time/                      |             |
|    fps                     | 1568        |
|    iterations              | 56          |
|    time_elapsed            | 584         |
|    total_timesteps         | 917504      |
| train/                     |             |
|    approx_kl               | 0.021112582 |
|    clip_fraction           | 0.265       |
|    clip_range              | 0.2         |
|    entropy_loss            | -2.25       |
|    explained_variance      | 0.547       |
|    learning_rate           | 0.0003      |
|    loss                    | 6.39        |
|    n_updates               | 550         |
|    policy_gradient_loss    | 0.0148      |
|    std                     | 0.756       |
|    value_loss              | 18.6        |
--------------------------------------------
-----------------------------------------
| paper/                  |             |
|    accel_variation      | 0.351       |
|    base_reward          | 222         |
|    collision            | 0           |
|    crash_object         | 0           |
|    crash_vehicle        | 0           |
|    episode_cost         | 0           |
|    episode_length       | 800         |
|    jerk                 | 0.321       |
|    lane_deviation       | 0.167       |
|    max_lane_deviation   | 0.514       |
|    mean_speed_kmh       | 11.7        |
|    min_ttc              | 9.86        |
|    out_of_road          | 0           |
|    route_completion     | 0.591       |
|    shaped_reward        | 83.6        |
|    steering_variation   | 0.614       |
|    success              | 0           |
|    ttc_risk             | 0.000776    |
| rollout/                |             |
|    ep_len_mean          | 898         |
|    ep_rew_mean          | 38.3        |
|    success_rate         | 0.12        |
| time/                   |             |
|    fps                  | 1566        |
|    iterations           | 57          |
|    time_elapsed         | 596         |
|    total_timesteps      | 933888      |
| train/                  |             |
|    approx_kl            | 0.008497756 |
|    clip_fraction        | 0.206       |
|    clip_range           | 0.2         |
|    entropy_loss         | -2.26       |
|    explained_variance   | 0.462       |
|    learning_rate        | 0.0003      |
|    loss                 | 5.95        |
|    n_updates            | 560         |
|    policy_gradient_loss | 0.00681     |
|    std                  | 0.763       |
|    value_loss           | 12.6        |
-----------------------------------------
--------------------------------------------
| curriculum/                |             |
|    stage                   | 2           |
|    window_cost             | 0.0667      |
|    window_route_completion | 0.772       |
|    window_success          | 0.3         |
| paper/                     |             |
|    accel_variation         | 0.376       |
|    base_reward             | 286         |
|    collision               | 0           |
|    crash_object            | 0           |
|    crash_vehicle           | 0           |
|    episode_cost            | 0           |
|    episode_length          | 865         |
|    jerk                    | 0.328       |
|    lane_deviation          | 0.226       |
|    max_lane_deviation      | 0.626       |
|    mean_speed_kmh          | 13.9        |
|    min_ttc                 | nan         |
|    out_of_road             | 0           |
|    route_completion        | 0.986       |
|    shaped_reward           | 156         |
|    steering_variation      | 0.567       |
|    success                 | 1           |
|    ttc_risk                | 0           |
| rollout/                   |             |
|    ep_len_mean             | 890         |
|    ep_rew_mean             | 46.3        |
|    success_rate            | 0.14        |
| time/                      |             |
|    fps                     | 1562        |
|    iterations              | 58          |
|    time_elapsed            | 608         |
|    total_timesteps         | 950272      |
| train/                     |             |
|    approx_kl               | 0.061238077 |
|    clip_fraction           | 0.226       |
|    clip_range              | 0.2         |
|    entropy_loss            | -2.27       |
|    explained_variance      | 0.548       |
|    learning_rate           | 0.0003      |
|    loss                    | 2.83        |
|    n_updates               | 570         |
|    policy_gradient_loss    | 0.0106      |
|    std                     | 0.765       |
|    value_loss              | 20.3        |
--------------------------------------------
----------------------------------------
| paper/                  |            |
|    accel_variation      | 0.37       |
|    base_reward          | 287        |
|    collision            | 0          |
|    crash_object         | 0          |
|    crash_vehicle        | 0          |
|    episode_cost         | 0          |
|    episode_length       | 1000       |
|    jerk                 | 0.327      |
|    lane_deviation       | 0.205      |
|    max_lane_deviation   | 0.993      |
|    mean_speed_kmh       | 12.7       |
|    min_ttc              | 12.9       |
|    out_of_road          | 0          |
|    route_completion     | 0.54       |
|    shaped_reward        | 65.3       |
|    steering_variation   | 0.601      |
|    success              | 0          |
|    ttc_risk             | 0          |
| rollout/                |            |
|    ep_len_mean          | 877        |
|    ep_rew_mean          | 54.2       |
|    success_rate         | 0.16       |
| time/                   |            |
|    fps                  | 1546       |
|    iterations           | 59         |
|    time_elapsed         | 624        |
|    total_timesteps      | 966656     |
| train/                  |            |
|    approx_kl            | 0.04661843 |
|    clip_fraction        | 0.254      |
|    clip_range           | 0.2        |
|    entropy_loss         | -2.27      |
|    explained_variance   | 0.677      |
|    learning_rate        | 0.0003     |
|    loss                 | 3.81       |
|    n_updates            | 580        |
|    policy_gradient_loss | 0.0113     |
|    std                  | 0.761      |
|    value_loss           | 25.7       |
----------------------------------------
--------------------------------------------
| curriculum/                |             |
|    stage                   | 2           |
|    window_cost             | 0.0667      |
|    window_route_completion | 0.681       |
|    window_success          | 0.0667      |
| paper/                     |             |
|    accel_variation         | 0.35        |
|    base_reward             | 307         |
|    collision               | 0           |
|    crash_object            | 0           |
|    crash_vehicle           | 0           |
|    episode_cost            | 0           |
|    episode_length          | 1000        |
|    jerk                    | 0.331       |
|    lane_deviation          | 0.213       |
|    max_lane_deviation      | 0.807       |
|    mean_speed_kmh          | 13.7        |
|    min_ttc                 | 3.53        |
|    out_of_road             | 0           |
|    route_completion        | 0.658       |
|    shaped_reward           | 32.6        |
|    steering_variation      | 0.605       |
|    success                 | 0           |
|    ttc_risk                | 0.0086      |
| rollout/                   |             |
|    ep_len_mean             | 883         |
|    ep_rew_mean             | 61.1        |
|    success_rate            | 0.16        |
| time/                      |             |
|    fps                     | 1531        |
|    iterations              | 60          |
|    time_elapsed            | 641         |
|    total_timesteps         | 983040      |
| train/                     |             |
|    approx_kl               | 0.052221783 |
|    clip_fraction           | 0.158       |
|    clip_range              | 0.2         |
|    entropy_loss            | -2.26       |
|    explained_variance      | 0.58        |
|    learning_rate           | 0.0003      |
|    loss                    | 10.4        |
|    n_updates               | 590         |
|    policy_gradient_loss    | -0.000849   |
|    std                     | 0.761       |
|    value_loss              | 36.3        |
--------------------------------------------
--------------------------------------------
| curriculum/                |             |
|    stage                   | 1           |
|    window_cost             | 0.1         |
|    window_route_completion | 0.644       |
|    window_success          | 0           |
| paper/                     |             |
|    accel_variation         | 0.361       |
|    base_reward             | 182         |
|    collision               | 0           |
|    crash_object            | 0           |
|    crash_vehicle           | 0           |
|    episode_cost            | 0           |
|    episode_length          | 800         |
|    jerk                    | 0.329       |
|    lane_deviation          | 0.33        |
|    max_lane_deviation      | 1.06        |
|    mean_speed_kmh          | 13.8        |
|    min_ttc                 | nan         |
|    out_of_road             | 0           |
|    route_completion        | 0.778       |
|    shaped_reward           | -22.5       |
|    steering_variation      | 0.571       |
|    success                 | 0           |
|    ttc_risk                | 0           |
| rollout/                   |             |
|    ep_len_mean             | 827         |
|    ep_rew_mean             | 28          |
|    success_rate            | 0.16        |
| time/                      |             |
|    fps                     | 1521        |
|    iterations              | 61          |
|    time_elapsed            | 656         |
|    total_timesteps         | 999424      |
| train/                     |             |
|    approx_kl               | 0.013511269 |
|    clip_fraction           | 0.159       |
|    clip_range              | 0.2         |
|    entropy_loss            | -2.26       |
|    explained_variance      | 0.559       |
|    learning_rate           | 0.0003      |
|    loss                    | 5.1         |
|    n_updates               | 600         |
|    policy_gradient_loss    | -0.000312   |
|    std                     | 0.76        |
|    value_loss              | 9.07        |
--------------------------------------------
---------------------------------------------
| curriculum/                |              |
|    stage                   | 1            |
|    window_cost             | 0.333        |
|    window_route_completion | 0.712        |
|    window_success          | 0.133        |
| paper/                     |              |
|    accel_variation         | 0.314        |
|    base_reward             | 104          |
|    collision               | 0            |
|    crash_object            | 0            |
|    crash_vehicle           | 0            |
|    episode_cost            | 1            |
|    episode_length          | 474          |
|    jerk                    | 0.295        |
|    lane_deviation          | 0.262        |
|    max_lane_deviation      | 1.05         |
|    mean_speed_kmh          | 13.7         |
|    min_ttc                 | nan          |
|    out_of_road             | 1            |
|    route_completion        | 0.495        |
|    shaped_reward           | -194         |
|    steering_variation      | 0.593        |
|    success                 | 0            |
|    ttc_risk                | 0            |
| rollout/                   |              |
|    ep_len_mean             | 823          |
|    ep_rew_mean             | 9.86         |
|    success_rate            | 0.16         |
| time/                      |              |
|    fps                     | 1521         |
|    iterations              | 62           |
|    time_elapsed            | 667          |
|    total_timesteps         | 1015808      |
| train/                     |              |
|    approx_kl               | 0.0076815737 |
|    clip_fraction           | 0.125        |
|    clip_range              | 0.2          |
|    entropy_loss            | -2.27        |
|    explained_variance      | 0.107        |
|    learning_rate           | 0.0003       |
|    loss                    | 153          |
|    n_updates               | 610          |
|    policy_gradient_loss    | -0.00305     |
|    std                     | 0.769        |
|    value_loss              | 178          |
---------------------------------------------
saved_model=outputs/tuned_ablation_no_action_guard_nenv16_seed2_1m/runs/no_action_guard_ppo_s2/model/final_model.zip
/home/aaa/data/qj/stable-baselines3-master/stable_baselines3/common/on_policy_algorithm.py:150: UserWarning: You are trying to run PPO on the GPU, but it is primarily intended to run on the CPU when not using a CNN policy (you are using ActorCriticPolicy which should be a MlpPolicy). See https://github.com/DLR-RM/stable-baselines3/issues/1245 for more info. You can pass `device='cpu'` or `export CUDA_VISIBLE_DEVICES=` to force using the CPU.Note: The model will train, but the GPU utilization will be poor and the training might take longer than on CPU.
  warnings.warn(
         success  route_completion  collision  out_of_road  cost     reward  shield_intervention_rate  shield_soft_rate  shield_hard_rate  overspeed_guard_rate
density                                                                                                                                                        
0.00         0.0          0.227355        0.0          1.0   1.0  76.840353                       0.0               0.0               0.0                   0.0
0.08         0.0          0.205059        0.3          0.7   1.0  58.250037                       0.0               0.0               0.0                   0.0
0.15         0.0          0.160867        0.5          0.5   1.0  41.101209                       0.0               0.0               0.0                   0.0
saved_evaluation=outputs/tuned_ablation_no_action_guard_nenv16_seed2_1m/evaluations/no_action_guard_ppo_s2.csv
                              seed  success  route_completion  collision  out_of_road  cost     reward  shaped_reward  episode_length      speed  lane_deviation  steering_variation  accel_variation  ttc_risk   min_ttc
variant         algo density                                                                                                                                                                                             
no_action_guard ppo  0.00      2.0      0.0          0.227355        0.0          1.0   1.0  76.840353   -1405.049909          110.58  43.416570        0.354235            0.087782         0.010332  0.000000       NaN
                     0.08      2.0      0.0          0.205059        0.3          0.7   1.0  58.250037   -1123.386815          103.82  39.819123        0.385252            0.093511         0.014030  0.141175  1.889093
                     0.15      2.0      0.0          0.160867        0.5          0.5   1.0  41.101209    -817.680248           86.72  36.827908        0.366221            0.095568         0.018939  0.196035  1.232667
curve_source=tensorboard
saved_summary=outputs/tuned_ablation_no_action_guard_nenv16_seed2_1m/evaluations/summary.csv
saved_figures=outputs/tuned_ablation_no_action_guard_nenv16_seed2_1m/figures
saved_report=outputs/tuned_ablation_no_action_guard_nenv16_seed2_1m/运行记录.md
end_time=2026-07-01T00:11:55+08:00
