#{"t_start": 1782775820.0596318, "env_id": "None"}
r,l,t,is_success,episode_cost,episode_base_reward,episode_shaped_reward,episode_collision,episode_crash_vehicle,episode_crash_object,episode_out_of_road,episode_route_completion,episode_length,episode_mean_speed,episode_mean_lane_deviation,episode_max_lane_deviation,episode_steering_variation,episode_accel_variation,episode_jerk,episode_ttc_risk,episode_min_ttc,shield_intervention,shield_soft,shield_hard,overspeed_guard,shield_intervention_rate,shield_soft_rate,shield_hard_rate,overspeed_guard_rate,curriculum_stage
4.772262,600,2.379011,0.0,0.0,4.772261987630358,4.772261987630358,0.0,0.0,0.0,0.0,0.11015644796786919,600,0.6473790125741471,0.14363204748759573,0.344445017532509,0.8123165171717605,0.8058426262935002,0.5985753874480725,0.0,nan,0,0,0,0,0.0,0.0,0.0,0.0,0.0
7.945426,600,4.772347,0.0,0.0,7.945426473608776,7.945426473608776,0.0,0.0,0.0,0.0,0.10867422181488555,600,0.770186031472027,0.07063962252729308,0.21222400860485172,0.8115347760667404,0.7990408117013673,0.6393243561312556,0.0,nan,0,0,0,0,0.0,0.0,0.0,0.0,0.0
8.783346,600,6.305454,0.0,0.0,8.783346234148148,8.783346234148148,0.0,0.0,0.0,0.0,0.11959332510461029,600,0.8271433789820393,0.06976403426640813,0.27822863434361206,0.8340732512126366,0.8114228299756845,0.6020173609008391,0.0,nan,0,0,0,0,0.0,0.0,0.0,0.0,0.0
14.339575,600,8.634206,0.0,0.0,14.339574883346996,14.339574883346996,0.0,0.0,0.0,0.0,0.20618439347580622,600,1.1977980367247054,0.08689499808730393,0.38086575718132326,0.8497089009483655,0.760676182359457,0.6136301306883494,0.0,nan,0,0,0,0,0.0,0.0,0.0,0.0,0.0
6.763446,600,10.217468,0.0,0.0,6.763445508655873,6.763445508655873,0.0,0.0,0.0,0.0,0.19165043398312145,600,1.1856189235800256,0.7737287130271309,2.0,0.7873727336588006,0.7590614142268897,0.592394278695186,0.0,nan,0,0,0,0,0.0,0.0,0.0,0.0,0.0
12.935216,600,12.65129,0.0,0.0,12.935215828461114,12.935215828461114,0.0,0.0,0.0,0.0,0.21620594194764114,600,1.433093873946451,0.380426119406572,0.6610446673876288,0.7750882439377407,0.7274645402282477,0.608852868527174,0.0,nan,0,0,0,0,0.0,0.0,0.0,0.0,0.0
7.686672,600,15.116562,0.0,0.0,7.68667226830401,7.68667226830401,0.0,0.0,0.0,0.0,0.2716888779358127,600,1.7157967735253434,0.9323741478778853,2.0,0.8390617202036083,0.6948678474624952,0.5544855952262878,0.0,nan,0,0,0,0,0.0,0.0,0.0,0.0,0.0
11.072982,600,16.753048,0.0,0.0,11.072981725388967,11.072981725388967,0.0,0.0,0.0,0.0,0.267358521669761,600,1.7069636942793105,0.7629782830991745,2.0,0.8425963180170705,0.7059670397639275,0.588393960694472,0.0,nan,0,0,0,0,0.0,0.0,0.0,0.0,0.0
20.464894,600,19.15791,0.0,0.0,20.464894493422005,20.464894493422005,0.0,0.0,0.0,0.0,0.22684038831316694,600,1.659912619580561,0.18631280439065104,0.5062265981800003,0.8313825335229437,0.688091164479653,0.553070100347201,0.0,nan,0,0,0,0,0.0,0.0,0.0,0.0,0.0
21.584778,600,20.986184,0.0,0.0,21.584778175972826,21.584778175972826,0.0,0.0,0.0,0.0,0.3114053156572311,600,2.2493202148047433,0.3364328563446662,0.9848565954057118,0.772134814063708,0.631559474815925,0.5181431834896405,0.0,nan,0,0,0,0,0.0,0.0,0.0,0.0,0.0
24.422408,600,23.49731,0.0,0.0,24.422407676858853,24.422407676858853,0.0,0.0,0.0,0.0,0.5122325408465491,600,2.7190465953886602,0.39350206133253784,1.1015343507552298,0.8019636621947089,0.578078582684199,0.4926600048939387,0.0,nan,0,0,0,0,0.0,0.0,0.0,0.0,0.0
3.128718,590,25.992041,0.0,1.0,3.128718391617376,3.128718391617376,0.0,0.0,0.0,1.0,0.4061989244493884,590,2.4816682026584926,1.0275081225653353,2.0,0.8092327451175553,0.5703810039213149,0.46083527596320134,0.0,nan,0,0,0,0,0.0,0.0,0.0,0.0,0.0
24.920457,600,27.722887,0.0,0.0,24.92045683581418,24.92045683581418,0.0,0.0,0.0,0.0,0.7416413789690524,600,3.972174027565154,0.8493858524840241,1.8844520772005902,0.764101277521501,0.5296367824077606,0.4185250343879064,0.0,nan,0,0,0,0,0.0,0.0,0.0,0.0,0.0
33.849897,600,30.207795,0.0,0.0,33.84989678653608,33.84989678653608,0.0,0.0,0.0,0.0,0.6400210992956887,600,3.37652880606117,0.4337180043471804,0.999409438146192,0.7588463902038832,0.5428576842447121,0.46155302951733274,0.0,nan,0,0,0,0,0.0,0.0,0.0,0.0,0.0
46.044064,600,32.01164,0.0,0.0,46.04406357930227,46.04406357930227,0.0,0.0,0.0,0.0,0.5979325205698358,600,4.248834099646404,0.3496454001024052,1.300227776092387,0.7773644501964251,0.5056397599975267,0.41262270549933117,0.0,nan,0,0,0,0,0.0,0.0,0.0,0.0,0.0
39.785805,657,34.842543,0.0,1.0,39.785805065504235,39.785805065504235,0.0,0.0,0.0,1.0,1.0015222038270757,657,6.206965398176983,0.6257337556356356,1.8417082707399761,0.7255721178297039,0.4577286443935319,0.37925871394722066,0.0,nan,0,0,0,0,0.0,0.0,0.0,0.0,1.0
87.141988,800,39.497418,0.0,0.0,87.1419878936982,87.1419878936982,0.0,0.0,0.0,0.0,0.34160041425059695,800,6.654293415966216,0.4538627313015292,1.4843869385243695,0.7302975067589432,0.42498447887599466,0.3519843789190054,0.0,nan,0,0,0,0,0.0,0.0,0.0,0.0,1.0
110.953995,800,43.938222,0.0,0.0,110.95399476883557,110.95399476883557,0.0,0.0,0.0,0.0,0.5476498401910501,800,8.045873968000285,0.3857757664564738,0.9984745853096063,0.757247268082574,0.3836543444544077,0.3330493672192097,0.0,nan,0,0,0,0,0.0,0.0,0.0,0.0,1.0
128.556657,800,49.004453,0.0,0.0,128.55665715601862,128.55665715601862,0.0,0.0,0.0,0.0,0.6559463702659324,800,9.403175503267247,0.3747776555163209,1.260887802549113,0.7569186256360263,0.3093411709368229,0.2792099829018116,0.0,12.225193362047744,0,0,0,0,0.0,0.0,0.0,0.0,1.0
52.242118,429,52.098744,0.0,1.0,52.242118411879815,52.242118411879815,0.0,0.0,0.0,1.0,0.2858262360392747,429,9.483512761484683,0.4613187260580854,1.04194281886478,0.684653144182164,0.35010290882248424,0.30355538396568565,0.0,nan,0,0,0,0,0.0,0.0,0.0,0.0,0.0
82.359347,355,53.516788,1.0,0.0,82.35934659415483,82.35934659415483,0.0,0.0,0.0,0.0,0.9587557491562,355,11.65220019349792,0.5100968096870225,2.0,0.6992578140446838,0.28403553811597154,0.25927055452910946,0.0,nan,0,0,0,0,0.0,0.0,0.0,0.0,0.0
85.307225,276,54.408169,1.0,0.0,85.30722483093002,85.30722483093002,0.0,0.0,0.0,0.0,0.959117975250206,276,13.875196076016266,0.3633160331717253,0.9978651147925426,0.6948154619422512,0.25521674233934155,0.2181003387423529,0.0,nan,0,0,0,0,0.0,0.0,0.0,0.0,0.0
82.114611,287,56.43099,1.0,0.0,82.11461127740571,82.11461127740571,0.0,0.0,0.0,0.0,0.9478593291557641,287,10.769863964120564,0.2683203131261164,0.8333851820243724,0.6756452383142523,0.27917795521872385,0.25690676484789166,0.0,nan,0,0,0,0,0.0,0.0,0.0,0.0,1.0
184.609917,800,61.425542,0.0,0.0,184.60991730518174,184.60991730518174,0.0,0.0,0.0,0.0,0.7750062530361715,800,13.507958835295623,0.40358863634339065,0.9803605367279965,0.6686186753492802,0.2917676781862974,0.25016923010349273,0.0,nan,0,0,0,0,0.0,0.0,0.0,0.0,1.0
186.123329,605,65.522216,1.0,0.0,186.1233289621582,186.1233289621582,0.0,0.0,0.0,0.0,0.9788243521610122,605,14.740276862373882,0.3368285808261292,1.1866677813602342,0.6522177990556749,0.29472303587543075,0.26500857497049757,0.0,nan,0,0,0,0,0.0,0.0,0.0,0.0,1.0
225.188463,752,70.540781,1.0,0.0,225.18846334069087,225.18846334069087,0.0,0.0,0.0,0.0,0.9842114426743204,752,14.371557558890721,0.3147529726674969,0.9871886969320128,0.6602617332741539,0.2754868566197284,0.23640772668605156,0.0,20.61265697643369,0,0,0,0,0.0,0.0,0.0,0.0,2.0
200.31005,627,78.887075,0.0,1.0,200.31005008852955,200.31005008852955,0.0,0.0,0.0,1.0,0.6462698130880417,627,18.331330699715284,0.3627316210109974,1.0843153767251807,0.6882436508862406,0.23959675160321323,0.20388706144913912,0.0,nan,0,0,0,0,0.0,0.0,0.0,0.0,2.0
137.575117,461,83.937789,0.0,1.0,137.57511746962714,137.57511746962714,1.0,1.0,0.0,0.0,0.30171485034395323,461,16.99052508573864,0.3288541986393447,1.0172241881650028,0.6311194679483675,0.21416660632590667,0.19360430638857365,0.0032003471582789057,2.4038426563603883,0,0,0,0,0.0,0.0,0.0,0.0,2.0
272.234059,1000,96.254206,0.0,0.0,272.2340590317945,272.2340590317945,0.0,0.0,0.0,0.0,0.5839204847568656,1000,17.80051959067212,0.43369347029145194,2.0,0.6299391964375973,0.22732558101415634,0.2105894639492035,0.0,19.236927612441278,0,0,0,0,0.0,0.0,0.0,0.0,2.0
360.573505,836,106.353113,1.0,0.0,360.5735048499884,360.5735048499884,0.0,0.0,0.0,0.0,0.9901720531552878,836,23.034812927072945,0.383176253087926,1.112972319967834,0.6255618679564464,0.17152496758830604,0.15409306369044565,0.0,10.62114213043958,0,0,0,0,0.0,0.0,0.0,0.0,2.0
423.628321,1100,118.915775,0.0,0.0,423.6283208230118,423.6283208230118,0.0,0.0,0.0,0.0,0.8834254742686,1100,20.687953346547094,0.3567753512557776,1.761717672313779,0.6393659858744253,0.18326999165795066,0.15764808324250307,0.0,9.687622580226344,0,0,0,0,0.0,0.0,0.0,0.0,3.0
387.525255,876,130.37386,1.0,0.0,387.52525532610963,387.52525532610963,0.0,0.0,0.0,0.0,0.9919982376585514,876,23.800450768086872,0.37200460024772786,1.3574652126458757,0.6383012925704185,0.162927152087155,0.14627779496314863,0.007417515733335226,1.394817487516237,0,0,0,0,0.0,0.0,0.0,0.0,3.0
222.573024,607,140.530258,0.0,1.0,222.57302418481572,222.57302418481572,1.0,1.0,0.0,0.0,0.587458629763563,607,22.99539054542432,0.4395918793822347,2.0,0.5756824221369953,0.16998549623190864,0.15559791026044717,0.04360719685912167,0.054609320429062636,0,0,0,0,0.0,0.0,0.0,0.0,3.0
390.904784,920,156.58838,0.0,1.0,390.9047844541018,390.9047844541018,0.0,0.0,0.0,1.0,0.9679858775619226,920,23.62094049209282,0.38189481456235036,2.0,0.6274499756769966,0.16161703305399935,0.15315261826567028,0.0,10.423330143805767,0,0,0,0,0.0,0.0,0.0,0.0,3.0
370.398318,843,170.320632,1.0,0.0,370.39831826258705,370.39831826258705,0.0,0.0,0.0,0.0,0.9908053318885768,843,23.091735553308396,0.3875778312051901,2.0,0.6052499965876164,0.1820102477554466,0.1667985693415713,0.0025533747333230192,2.080631323436288,0,0,0,0,0.0,0.0,0.0,0.0,2.0
229.745401,458,174.914972,0.0,1.0,229.74540136565415,229.74540136565415,1.0,1.0,0.0,0.0,0.6040160239561557,458,27.716381126543546,0.3452314580121263,1.2629835957519073,0.6158808405677825,0.17664855640527982,0.16132455179264452,0.06865047335029083,0.02334845094056991,0,0,0,0,0.0,0.0,0.0,0.0,2.0
221.107229,480,181.401969,0.0,1.0,221.10722870360874,221.10722870360874,1.0,1.0,0.0,0.0,0.6040269482087903,480,25.65228011315758,0.3517964767373393,1.7588228803386887,0.6677536238295336,0.18625086570779484,0.17476428697506588,0.005633117993920656,0.07734435948710895,0,0,0,0,0.0,0.0,0.0,0.0,2.0
115.691792,340,185.108981,0.0,1.0,115.69179177617079,115.69179177617079,0.0,0.0,0.0,1.0,0.3590720253786473,340,20.365331967537227,0.3490284399197123,1.1071273593354531,0.6160873620387386,0.14331539939431584,0.12973838273216695,0.0,8.994939869371787,0,0,0,0,0.0,0.0,0.0,0.0,2.0
253.8497,763,195.226819,0.0,1.0,253.8497000838559,253.8497000838559,0.0,0.0,0.0,1.0,0.7616587099516109,763,23.036605170662284,0.5041223481260207,1.9302725121358684,0.5886395739032588,0.15003034593549655,0.1362657173589204,0.0,13.614431231350427,0,0,0,0,0.0,0.0,0.0,0.0,2.0
440.031038,1000,208.266679,0.0,0.0,440.0310380555681,440.0310380555681,0.0,0.0,0.0,0.0,0.8645612473162714,1000,23.181168266711023,0.32012669657961373,1.2214260384608984,0.5901795799434185,0.1657414438724518,0.15117854332923888,0.0,7.629731836707866,0,0,0,0,0.0,0.0,0.0,0.0,2.0
279.059513,708,217.941225,1.0,0.0,279.059513360019,279.059513360019,0.0,0.0,0.0,0.0,0.9889037976200805,708,24.504742288277644,0.5215161816071914,1.5733046574496516,0.6065735991539086,0.14992075695493126,0.13540767091142256,0.0041212520655399005,1.1854609064435258,0,0,0,0,0.0,0.0,0.0,0.0,2.0
179.522109,634,226.500036,0.0,1.0,179.52210865423626,179.52210865423626,0.0,0.0,0.0,1.0,0.7417360290905143,634,24.40068350343497,0.5101288614274564,2.0,0.611427655848983,0.12482862536463452,0.1165910271063964,0.0007401528555320646,4.165739525743778,0,0,0,0,0.0,0.0,0.0,0.0,2.0
78.533772,243,229.513301,0.0,1.0,78.53377156808759,78.53377156808759,0.0,0.0,0.0,1.0,0.22584351456393204,243,20.79214247978728,0.3631796272289813,1.3866886840225516,0.5726480633020401,0.13886019722424417,0.14080079985253605,0.0,6.417897904914755,0,0,0,0,0.0,0.0,0.0,0.0,2.0
359.04281,745,238.807889,0.0,1.0,359.04280995523203,359.04280995523203,1.0,1.0,0.0,0.0,0.8642514427267171,745,27.171648767534908,0.3755439986413204,1.3365640253911453,0.6287020430643887,0.15686819137342825,0.14222091636401696,0.023546055437386124,1.3524663737438012,0,0,0,0,0.0,0.0,0.0,0.0,2.0
339.206583,787,249.723925,0.0,1.0,339.20658314490294,339.20658314490294,0.0,0.0,0.0,1.0,0.9448204897921921,787,25.668773546293746,0.40856146034956026,2.0,0.5903936590918895,0.12328995364745357,0.12019617342433905,0.031084108141834908,0.25562461076251347,0,0,0,0,0.0,0.0,0.0,0.0,2.0
30.167523,115,251.371664,0.0,1.0,30.167522882153015,30.167522882153015,1.0,1.0,0.0,0.0,0.1219946283950763,115,16.503928173669028,0.21819540331011938,0.9516562737165843,0.6762940423644107,0.14543169892352562,0.13952635682147482,0.11018225103484074,0.4408898558196023,0,0,0,0,0.0,0.0,0.0,0.0,2.0
201.383681,403,256.067891,0.0,1.0,201.38368131249985,201.38368131249985,1.0,1.0,0.0,0.0,0.45333227611509336,403,27.009559908032347,0.32815066926673897,0.9849224609743381,0.5998009387727263,0.11154674980835642,0.10721808450097778,0.049630124004617915,0.1257249011923248,0,0,0,0,0.0,0.0,0.0,0.0,2.0
30.7313,100,257.337689,0.0,1.0,30.731299929338604,30.731299929338604,1.0,1.0,0.0,0.0,0.08519082028224083,100,17.806950755271256,0.16675696500201934,0.6039514001429361,0.6381289384514094,0.11984546422958374,0.1130461061000824,0.08645736532776332,0.6194426694586397,0,0,0,0,0.0,0.0,0.0,0.0,2.0
231.539886,479,264.273868,0.0,1.0,231.53988559983225,231.53988559983225,1.0,1.0,0.0,0.0,0.5255301579023441,479,27.289908064396514,0.3615650135493534,1.5350162004925683,0.6676984785945157,0.12579470723556327,0.10842271102495134,0.025720386711860704,1.684491762183444,0,0,0,0,0.0,0.0,0.0,0.0,2.0
260.020783,487,270.722863,0.0,1.0,260.02078251158156,260.02078251158156,1.0,1.0,0.0,0.0,0.5924451932238644,487,30.17164591460059,0.35388128527717266,1.1812983517114173,0.6053805111829016,0.09978185933718202,0.0933398715769241,0.019336916017386886,1.6984033375259073,0,0,0,0,0.0,0.0,0.0,0.0,2.0
205.759023,522,277.911983,0.0,1.0,205.759022632231,205.759022632231,1.0,1.0,0.0,0.0,0.7376905280361912,522,28.804630440924324,0.5887357750484611,2.0,0.564541008723079,0.13044768777386895,0.12789216831726133,0.03484731591894165,1.0596978101395576,0,0,0,0,0.0,0.0,0.0,0.0,2.0
126.838228,306,281.80955,0.0,1.0,126.83822845560411,126.83822845560411,1.0,1.0,0.0,0.0,0.34088533264055143,306,27.324307185583987,0.45734630533080717,2.0,0.6057379232731714,0.13896955695806765,0.13080196988348866,0.07129089749136634,1.175501197570777,0,0,0,0,0.0,0.0,0.0,0.0,2.0
77.774137,201,285.43776,0.0,1.0,77.7741370429874,77.7741370429874,0.0,0.0,0.0,1.0,0.3450116484694261,201,22.96456766184046,0.325553331884283,2.0,0.5723265580304745,0.1624630232948569,0.15236081234851287,0.0027569294570346232,4.018848070284487,0,0,0,0,0.0,0.0,0.0,0.0,2.0
102.436354,382,291.829955,0.0,1.0,102.43635350615286,102.43635350615286,0.0,0.0,0.0,1.0,0.3307017425692131,382,23.823111212271534,0.44897965112268623,1.5171013228016081,0.6452571205326711,0.15555227676611297,0.13376606166050697,0.0,nan,0,0,0,0,0.0,0.0,0.0,0.0,2.0
155.331961,359,297.123696,0.0,1.0,155.33196134479158,155.33196134479158,0.0,0.0,0.0,1.0,0.6248125306770524,359,30.3276502548388,0.48883400855040704,2.0,0.5667720875679451,0.16828819171299841,0.15362080607905693,0.0,6.244573817043646,0,0,0,0,0.0,0.0,0.0,0.0,2.0
85.727055,243,299.734042,0.0,1.0,85.7270548794049,85.7270548794049,0.0,0.0,0.0,1.0,0.3919344938888537,243,28.84337846772605,0.48836158162334714,2.0,0.5670014678542752,0.16210139067575274,0.14043955793106017,0.0025611888622473376,3.7844237077183713,0,0,0,0,0.0,0.0,0.0,0.0,2.0
203.287804,419,304.977584,0.0,1.0,203.28780415730964,203.28780415730964,0.0,0.0,0.0,1.0,0.6007412293144948,419,27.73373716260911,0.35659330073472617,1.3728603650337217,0.6020369631080468,0.1380389214700048,0.12724890316300858,0.0,nan,0,0,0,0,0.0,0.0,0.0,0.0,1.0
196.61616,391,307.714082,1.0,0.0,196.61615995147574,196.61615995147574,0.0,0.0,0.0,0.0,0.9865697630703808,391,31.7159958098465,0.5406754967381749,1.9439293723400375,0.5723245573013335,0.16028471584515194,0.14111769824381679,0.0,nan,0,0,0,0,0.0,0.0,0.0,0.0,1.0
121.223741,368,310.06904,0.0,1.0,121.22374053066142,121.22374053066142,0.0,0.0,0.0,1.0,0.5622232332683843,368,27.74871926230278,0.6002458249437733,2.0,0.5998381688866926,0.17502818726327107,0.1776261967809304,0.0,12.842565349699578,0,0,0,0,0.0,0.0,0.0,0.0,1.0
232.660067,524,314.811457,1.0,0.0,232.66006730041383,232.66006730041383,0.0,0.0,0.0,0.0,0.989297835931788,524,26.870058245376892,0.5276115486885621,2.0,0.5950204561436051,0.19380418740156044,0.17194714914751416,0.0,nan,0,0,0,0,0.0,0.0,0.0,0.0,1.0
196.275843,324,316.642436,1.0,0.0,196.27584281699018,196.27584281699018,0.0,0.0,0.0,0.0,0.9794582554594908,324,26.212959023620858,0.2535742206301184,0.9827575763834654,0.6133765565852324,0.18875400519665378,0.1626690340998732,0.0,nan,0,0,0,0,0.0,0.0,0.0,0.0,1.0
291.176025,663,324.247778,1.0,0.0,291.1760253234088,291.1760253234088,0.0,0.0,0.0,0.0,0.990875591065654,663,29.328942552212304,0.5477704152862463,2.0,0.6045289577109961,0.18625274763567595,0.18134787683213638,0.0008475306434363105,4.400079524601111,0,0,0,0,0.0,0.0,0.0,0.0,2.0
99.159408,361,329.823102,0.0,1.0,99.1594084052634,99.1594084052634,0.0,0.0,0.0,1.0,0.34981204661159754,361,23.717448513174254,0.44501122132491727,1.5679805876374917,0.5694014819498868,0.1909783305884068,0.17297468059941343,0.0,nan,0,0,0,0,0.0,0.0,0.0,0.0,2.0
347.141558,739,338.660717,0.0,1.0,347.1415580052267,347.1415580052267,1.0,1.0,0.0,0.0,0.9891949293908705,739,26.71707891078792,0.3878410996092677,2.0,0.5871693080086992,0.22143181033321582,0.20592450668105253,0.020259134643890293,0.90563354091824,0,0,0,0,0.0,0.0,0.0,0.0,2.0
233.317794,418,344.760594,0.0,1.0,233.3177941997104,233.3177941997104,0.0,0.0,0.0,1.0,0.6096348601911242,418,31.002876613534493,0.32271043612983863,1.1719296089599787,0.6246170194365048,0.18954285337594137,0.17215455548044598,0.0,5.70260322755801,0,0,0,0,0.0,0.0,0.0,0.0,2.0
92.148001,253,348.491796,0.0,1.0,92.14800073192,92.14800073192,0.0,0.0,0.0,1.0,0.33194596675495913,253,27.900913107347456,0.4681399873022174,2.0,0.5474390229688803,0.19032963203347247,0.17699502225921088,0.0,11.952445251142995,0,0,0,0,0.0,0.0,0.0,0.0,2.0
169.546522,361,354.524984,0.0,1.0,169.54652190365462,169.54652190365462,1.0,1.0,0.0,0.0,0.46527712172136576,361,26.289083522228992,0.3420533144286035,1.3309514333250814,0.5845534687144605,0.2413562169695825,0.2147017109757315,0.04973658157716876,1.532967359501565,0,0,0,0,0.0,0.0,0.0,0.0,2.0
261.840346,584,362.27632,0.0,1.0,261.84034587950106,261.84034587950106,0.0,0.0,0.0,1.0,0.9994388993222639,584,28.331457241406135,0.4565784457954547,1.9083920440410012,0.5583869185528323,0.21099327897576436,0.19666482487769976,0.009770987181967835,0.13661158907437626,0,0,0,0,0.0,0.0,0.0,0.0,2.0
188.853431,370,366.566564,0.0,1.0,188.85343094795738,188.85343094795738,0.0,0.0,0.0,1.0,0.5118093755677949,370,28.269014782074933,0.31981731444927985,2.0,0.5544279425128086,0.23479324450363984,0.21571127144066063,0.020335503544202983,2.048074173805293,0,0,0,0,0.0,0.0,0.0,0.0,1.0
43.065394,157,367.783082,0.0,1.0,43.06539367083203,43.06539367083203,0.0,0.0,0.0,1.0,0.2168101803539947,157,21.01625769145029,0.3726282187033529,1.7956143517345189,0.5561428306398878,0.17073789144017895,0.15320896722708538,0.0,nan,0,0,0,0,0.0,0.0,0.0,0.0,1.0
144.701815,384,370.920978,0.0,1.0,144.70181504148294,144.70181504148294,0.0,0.0,0.0,1.0,0.9161471748359371,384,26.27190388565894,0.473557352411079,2.0,0.609061116197457,0.15418434236198664,0.13588667785127959,0.019077660898360552,0.5823503813466541,0,0,0,0,0.0,0.0,0.0,0.0,1.0
253.489762,451,375.131981,1.0,0.0,253.48976178210813,253.48976178210813,0.0,0.0,0.0,0.0,0.9590609890864669,451,35.952227811242565,0.4425930957832682,1.5224430900989099,0.5514727474382342,0.16545635342862283,0.1518522643725782,0.0,6.5694922111160095,0,0,0,0,0.0,0.0,0.0,0.0,1.0
82.660057,261,377.39306,0.0,1.0,82.66005741814608,82.66005741814608,0.0,0.0,0.0,1.0,0.3689313773856839,261,24.287476487683268,0.4080282033523249,1.743052962508655,0.5896279682544456,0.12706663211186728,0.11811023402488095,0.0,11.609700701742357,0,0,0,0,0.0,0.0,0.0,0.0,1.0
137.084559,251,379.473615,0.0,1.0,137.08455935845447,137.08455935845447,0.0,0.0,0.0,1.0,0.6772282827394895,251,31.687889082182174,0.34678360105611233,2.0,0.5602771252675717,0.12508970522785567,0.12541907289588594,0.0,nan,0,0,0,0,0.0,0.0,0.0,0.0,1.0
258.685863,402,383.531917,1.0,0.0,258.68586287181085,258.68586287181085,0.0,0.0,0.0,0.0,0.9880949136042526,402,36.195560153314865,0.4787382347937071,2.0,0.5239892898785385,0.1385573735877649,0.143483189504538,0.0006385953120025341,4.352671928209928,0,0,0,0,0.0,0.0,0.0,0.0,1.0
202.469595,320,386.455449,0.0,1.0,202.46959474872912,202.46959474872912,1.0,1.0,0.0,0.0,0.6312786122221462,320,32.85428342298315,0.3004564907984562,1.7673003841859634,0.6048670206684619,0.11742540001869202,0.12265063263475895,0.0441063961711734,0.9543832672442996,0,0,0,0,0.0,0.0,0.0,0.0,1.0
82.162255,241,388.391062,0.0,1.0,82.16225538697982,82.16225538697982,0.0,0.0,0.0,1.0,0.6744314790954736,241,29.292254749378365,0.5485783305857661,2.0,0.510146582220909,0.08228717453746875,0.08451138344048464,0.0,nan,0,0,0,0,0.0,0.0,0.0,0.0,1.0
90.128237,256,391.357266,0.0,1.0,90.12823674860455,90.12823674860455,0.0,0.0,0.0,1.0,0.8846462936218578,256,35.64811933341931,0.6866952698448051,2.0,0.5006097978912294,0.133011827012524,0.1286540988367051,0.0,nan,0,0,0,0,0.0,0.0,0.0,0.0,1.0
72.590138,180,392.811004,0.0,1.0,72.59013766640807,72.59013766640807,0.0,0.0,0.0,1.0,0.3905708436437229,180,31.042418929165468,0.37127185156679776,1.2971274303548854,0.5801929213520554,0.0916465507613288,0.08867973883946736,0.0,nan,0,0,0,0,0.0,0.0,0.0,0.0,1.0
87.4878,189,394.499049,0.0,1.0,87.48780003570198,87.48780003570198,0.0,0.0,0.0,1.0,0.4813666391343823,189,30.375698532567903,0.3572104487597194,2.0,0.6015536843468903,0.09996268232032736,0.09906893432455718,0.0,nan,0,0,0,0,0.0,0.0,0.0,0.0,1.0
296.605362,456,398.210756,1.0,0.0,296.60536186476963,296.60536186476963,0.0,0.0,0.0,0.0,0.9899416314990545,456,33.93857475137217,0.3838148682949656,1.5561787772986657,0.5587430387866079,0.13227547705173492,0.12174481284200099,0.004879674152623319,2.0430555859392334,0,0,0,0,0.0,0.0,0.0,0.0,1.0
69.900969,202,400.843585,0.0,1.0,69.90096938477363,69.90096938477363,0.0,0.0,0.0,1.0,0.6679630956740048,202,29.739085507015222,0.4904963261270778,2.0,0.5300913903456513,0.0834426218920415,0.08822782795027931,0.0,nan,0,0,0,0,0.0,0.0,0.0,0.0,1.0
220.610262,402,404.26175,0.0,1.0,220.61026190535338,220.61026190535338,0.0,0.0,0.0,1.0,0.9640537671585422,402,33.7824030154456,0.41162763132945623,2.0,0.6143856806059679,0.18659961683240103,0.1687336718265097,0.016467363459732685,2.2299409524905287,0,0,0,0,0.0,0.0,0.0,0.0,1.0
119.836266,275,406.404327,0.0,1.0,119.83626623858626,119.83626623858626,0.0,0.0,0.0,1.0,0.4615375231396939,275,29.699072481871934,0.402822275389072,1.0463761394631002,0.4993680994077162,0.14420675797895952,0.1366774385625666,0.0,nan,0,0,0,0,0.0,0.0,0.0,0.0,1.0
157.636827,322,409.726228,0.0,1.0,157.6368272080506,157.6368272080506,0.0,0.0,0.0,1.0,0.9631913416279356,322,33.39049498325318,0.43288424926826635,1.644923826803063,0.4744768043436249,0.1300021439605618,0.12200693054969267,0.0,nan,0,0,0,0,0.0,0.0,0.0,0.0,1.0
194.747219,270,411.738014,1.0,0.0,194.74721948944827,194.74721948944827,0.0,0.0,0.0,0.0,0.9817528144666299,270,34.348442001978086,0.31646727946011605,0.9878390446551075,0.5367240140835444,0.1526503496699863,0.1432240949736701,0.0,nan,0,0,0,0,0.0,0.0,0.0,0.0,1.0
109.367984,322,414.168575,0.0,1.0,109.36798386972293,109.36798386972293,0.0,0.0,0.0,1.0,0.6642305977106495,322,34.00987604965332,0.5591693803129426,2.0,0.5059822585248615,0.1440640265897194,0.13162584593577414,0.0,nan,0,0,0,0,0.0,0.0,0.0,0.0,1.0
324.786194,413,418.438437,1.0,0.0,324.7861936350853,324.7861936350853,0.0,0.0,0.0,0.0,0.9888874229745449,413,38.587028112651836,0.30638032166995066,1.2960464752149938,0.5345344976961757,0.12171617691511104,0.10949914824876024,0.0,nan,0,0,0,0,0.0,0.0,0.0,0.0,1.0
281.02464,478,422.06387,1.0,0.0,281.024639506773,281.024639506773,0.0,0.0,0.0,0.0,0.9903932501823808,478,34.992475101483656,0.4496615668190172,2.0,0.6145474066388906,0.11476477195029479,0.10966320591491635,0.0,5.455698336312752,0,0,0,0,0.0,0.0,0.0,0.0,1.0
38.490755,111,423.281852,0.0,1.0,38.49075480037445,38.49075480037445,1.0,1.0,0.0,0.0,0.16733328367308956,111,19.785474353540124,0.1726317312340572,0.7555339841429027,0.6150689362674147,0.11245710140949972,0.12971182019860894,0.0,nan,0,0,0,0,0.0,0.0,0.0,0.0,1.0
132.63252,290,425.987225,0.0,1.0,132.63252047298724,132.63252047298724,0.0,0.0,0.0,1.0,0.6171551448333875,290,33.635118990998215,0.5008990397956724,2.0,0.4981204096613259,0.18187818650541634,0.16621798482434502,0.00476775746021236,2.579006125687307,0,0,0,0,0.0,0.0,0.0,0.0,1.0
86.231967,175,428.01392,0.0,1.0,86.23196674579656,86.23196674579656,0.0,0.0,0.0,1.0,0.441461355194359,175,29.493865971457037,0.315524758145869,1.7065084568122526,0.5285492633496012,0.20579025847571236,0.18687570299421039,0.0,nan,0,0,0,0,0.0,0.0,0.0,0.0,1.0
281.949428,454,431.997339,1.0,0.0,281.9494282469682,281.9494282469682,0.0,0.0,0.0,0.0,0.9498065936229123,454,37.35150754435206,0.5352276172656484,2.0,0.5255488740025901,0.16209056264503413,0.15440470584163582,0.0028142546280826796,3.7394630382993044,0,0,0,0,0.0,0.0,0.0,0.0,1.0
115.305565,307,434.094312,0.0,1.0,115.3055649856054,115.3055649856054,1.0,1.0,0.0,0.0,0.673669116531404,307,31.532487322693534,0.6038318833966544,2.0,0.5730117680049874,0.12862567773471048,0.11915433135017121,0.03284883105357568,2.226555604818314,0,0,0,0,0.0,0.0,0.0,0.0,1.0
209.911774,332,437.509518,1.0,0.0,209.91177380632934,209.91177380632934,0.0,0.0,0.0,0.0,0.9838925521393022,332,30.932375235972327,0.30753915885031846,1.503102694791425,0.5122939657464803,0.1551312136362834,0.16211262812097388,0.008034431203908258,3.1364455507086832,0,0,0,0,0.0,0.0,0.0,0.0,1.0
92.910647,188,438.870535,0.0,1.0,92.91064704912925,92.91064704912925,0.0,0.0,0.0,1.0,0.6021832609265947,188,29.57106104102021,0.3635548982265525,2.0,0.5223361472500131,0.09788340456942295,0.0908239001923419,0.0,nan,0,0,0,0,0.0,0.0,0.0,0.0,1.0
230.92059,336,441.660163,0.0,1.0,230.92058989782254,230.92058989782254,0.0,0.0,0.0,1.0,0.8826035848439402,336,40.327652800790595,0.38198771363018674,1.9969111242638033,0.5318067055639057,0.127967671446857,0.12184107924501102,0.0,nan,0,0,0,0,0.0,0.0,0.0,0.0,1.0
218.914794,415,445.503393,0.0,1.0,218.91479357409145,218.91479357409145,0.0,0.0,0.0,1.0,0.9216414557478587,415,35.478267072428395,0.4454449823301863,1.7029348634095518,0.5341058172375323,0.16351531140775566,0.15253842465848808,0.023182962930279574,0.7138383352998263,0,0,0,0,0.0,0.0,0.0,0.0,1.0
278.220573,370,448.571398,1.0,0.0,278.22057325474066,278.22057325474066,0.0,0.0,0.0,0.0,0.9883837291824582,370,35.69380684116001,0.3051293850330207,0.9275191863312507,0.5366952985726499,0.11378497255815043,0.11131324317004229,0.0,nan,0,0,0,0,0.0,0.0,0.0,0.0,1.0
151.64085,195,450.464016,0.0,1.0,151.64085046586067,151.64085046586067,0.0,0.0,0.0,1.0,0.48564660279545296,195,36.551696091588894,0.18795811875373272,2.0,0.545174437837723,0.11101464919554882,0.10520549859756079,0.0,nan,0,0,0,0,0.0,0.0,0.0,0.0,1.0
66.062969,213,452.152482,0.0,1.0,66.06296917058675,66.06296917058675,0.0,0.0,0.0,1.0,0.5102568061331103,213,28.257129826163347,0.4153069100438837,2.0,0.48837155315307945,0.135333389743393,0.13266894683031968,0.0,nan,0,0,0,0,0.0,0.0,0.0,0.0,1.0
191.79851,274,454.835259,1.0,0.0,191.79850958720456,191.79850958720456,0.0,0.0,0.0,0.0,0.9790239381214108,274,32.16569299098223,0.28271257106648323,0.9937509658584529,0.519729846333881,0.13363528773732428,0.12254726799735188,0.0,nan,0,0,0,0,0.0,0.0,0.0,0.0,1.0
127.926355,191,456.567107,0.0,1.0,127.92635475417467,127.92635475417467,0.0,0.0,0.0,1.0,0.3859749074050232,191,31.066850727050223,0.17854951476369507,1.1164454144672933,0.5839426480428711,0.11892283898997681,0.11548566256518139,0.0,nan,0,0,0,0,0.0,0.0,0.0,0.0,1.0
218.277792,281,458.870181,1.0,0.0,218.27779158110607,218.27779158110607,0.0,0.0,0.0,0.0,0.9825441705203022,281,35.087968068662875,0.2868267505453571,0.80739667173787,0.5234188270818084,0.10587437063773755,0.10847692896887076,0.0,nan,0,0,0,0,0.0,0.0,0.0,0.0,1.0
285.74857,364,462.64791,1.0,0.0,285.74856994736865,285.74856994736865,0.0,0.0,0.0,0.0,0.9908824740346964,364,38.512717736318194,0.32743099776619794,0.9953316680517078,0.5278698145974796,0.10329400183080317,0.10394244436379317,0.0,8.151208700050486,0,0,0,0,0.0,0.0,0.0,0.0,1.0
83.658875,163,464.811323,0.0,1.0,83.65887511909416,83.65887511909416,0.0,0.0,0.0,1.0,0.5834255172607707,163,32.869512568610226,0.3840798239408883,2.0,0.5097937602664064,0.09520529311127458,0.08648905651701008,0.0,nan,0,0,0,0,0.0,0.0,0.0,0.0,1.0
72.143622,197,466.53074,0.0,1.0,72.14362229452615,72.14362229452615,0.0,0.0,0.0,1.0,0.5322680301896247,197,34.20314295045232,0.5320499317012717,2.0,0.5160958646290799,0.12118901032481702,0.11883686278677229,0.0,nan,0,0,0,0,0.0,0.0,0.0,0.0,1.0
205.756504,333,469.206036,1.0,0.0,205.75650368206757,205.75650368206757,0.0,0.0,0.0,0.0,0.9834010580096545,333,31.419246977047457,0.39889746192075815,1.0314390628214825,0.4928628770975737,0.09715350576349206,0.08672797572505367,0.0,nan,0,0,0,0,0.0,0.0,0.0,0.0,1.0
155.874203,281,471.568892,0.0,1.0,155.87420290169663,155.87420290169663,1.0,1.0,0.0,0.0,0.7113529972362687,281,34.82629480262967,0.3844833837677321,1.0034977350454861,0.5332087191862462,0.13833766093881952,0.12689859374986426,0.0425544250676173,0.6381736431574307,0,0,0,0,0.0,0.0,0.0,0.0,1.0
53.268729,248,474.481306,0.0,1.0,53.26872854028825,53.26872854028825,0.0,0.0,0.0,1.0,0.5255091203932177,248,30.386816295463586,0.6400144783758536,1.3645934474940766,0.5326192578180663,0.1375538956734442,0.12502690620960727,0.0,nan,0,0,0,0,0.0,0.0,0.0,0.0,1.0
205.7158,503,479.314179,1.0,0.0,205.71579951332058,205.71579951332058,0.0,0.0,0.0,0.0,0.990558149948842,503,30.59150292682797,0.5138244545601873,1.632646498098026,0.5283487524696538,0.08489212553733386,0.08442235514373476,0.0,nan,0,0,0,0,0.0,0.0,0.0,0.0,1.0
49.251735,174,480.907377,0.0,1.0,49.25173468634731,49.25173468634731,0.0,0.0,0.0,1.0,0.30028038877295765,174,25.582568912200205,0.36330361621057305,1.124792299563824,0.5846051356658853,0.11618498652830891,0.10956165639833472,0.0,nan,0,0,0,0,0.0,0.0,0.0,0.0,1.0
61.556508,222,483.022509,0.0,1.0,61.55650826251018,61.55650826251018,0.0,0.0,0.0,1.0,0.5007291556402581,222,29.205199520513005,0.617991392838438,2.0,0.39997941067626885,0.1258875942445016,0.11736630534266566,0.0,nan,0,0,0,0,0.0,0.0,0.0,0.0,1.0
60.11413,158,485.070799,0.0,1.0,60.114130109871695,60.114130109871695,0.0,0.0,0.0,1.0,0.30193666101318184,158,26.28537423464661,0.39184231986442863,1.4882185855809669,0.46308774048391776,0.06416704609424254,0.05526085254512256,0.0,nan,0,0,0,0,0.0,0.0,0.0,0.0,1.0
73.68426,140,486.713109,0.0,1.0,73.68426004624408,73.68426004624408,0.0,0.0,0.0,1.0,0.3671698833830356,140,27.374505237996587,0.21308594890201799,1.1722895022197721,0.5690053553453513,0.10478960488523756,0.1028957907642637,0.0,nan,0,0,0,0,0.0,0.0,0.0,0.0,1.0
66.316342,223,488.701348,0.0,1.0,66.31634191050958,66.31634191050958,0.0,0.0,0.0,1.0,0.4614794760896484,223,30.849154348898036,0.4661331482063679,1.8295167876360263,0.5417235908787614,0.10991923317246373,0.10453581489255076,0.0,nan,0,0,0,0,0.0,0.0,0.0,0.0,1.0
99.677179,316,490.634939,0.0,1.0,99.67717864340548,99.67717864340548,0.0,0.0,0.0,1.0,0.9224627736671606,316,30.873124176425677,0.4973609769062822,1.678102324974498,0.48143687992816486,0.08135649675055395,0.08921178383163259,0.0,nan,0,0,0,0,0.0,0.0,0.0,0.0,0.0
107.268114,133,491.228473,1.0,0.0,107.2681140661071,107.2681140661071,0.0,0.0,0.0,0.0,0.9594009668196559,133,30.9192157247249,0.23788049159095823,0.5275905184637011,0.5624691265025982,0.08253633975982666,0.08717670118002067,0.0,nan,0,0,0,0,0.0,0.0,0.0,0.0,0.0
87.078647,153,492.728182,1.0,0.0,87.07864726258275,87.07864726258275,0.0,0.0,0.0,0.0,0.9654513857739342,153,26.56236107722136,0.41014917768581366,0.9920284693161294,0.5015877718045041,0.09333338223251642,0.09660167865503848,0.0,nan,0,0,0,0,0.0,0.0,0.0,0.0,1.0
288.776037,395,496.164047,1.0,0.0,288.77603695870545,288.77603695870545,0.0,0.0,0.0,0.0,0.9895383543846658,395,40.12721480212914,0.4283181625905376,0.9924712295851019,0.5620886647342881,0.11692186096046545,0.10955413353594044,0.041175848332251984,0.027015283477735182,0,0,0,0,0.0,0.0,0.0,0.0,1.0
122.718814,237,498.09882,0.0,1.0,122.71881448397428,122.71881448397428,0.0,0.0,0.0,1.0,0.8555761074538599,237,33.989109625612656,0.35143352232668523,2.0,0.5418945448905356,0.1096111475666867,0.1077410847828861,0.0,nan,0,0,0,0,0.0,0.0,0.0,0.0,1.0
153.749794,231,499.808993,0.0,1.0,153.74979445929185,153.74979445929185,1.0,1.0,0.0,0.0,0.7117141883697417,231,36.05082159257457,0.29471943800161987,0.9783715644538776,0.5009457259015604,0.11795783816994011,0.11299949497371525,0.07468259375346606,0.9021288481410821,0,0,0,0,0.0,0.0,0.0,0.0,1.0
105.285398,209,501.943753,0.0,1.0,105.28539811105423,105.28539811105423,0.0,0.0,0.0,1.0,0.6659036246446467,209,29.94321839736341,0.342845823146162,2.0,0.5267669682760844,0.07106561352761738,0.0846273927597338,0.0,nan,0,0,0,0,0.0,0.0,0.0,0.0,1.0
126.326512,215,503.68923,0.0,1.0,126.32651177747906,126.32651177747906,0.0,0.0,0.0,1.0,0.44952583244465266,215,35.7819926298846,0.2875871799481806,2.0,0.4893976999230163,0.08349939224331877,0.08651097486185473,0.0,nan,0,0,0,0,0.0,0.0,0.0,0.0,1.0
292.071162,398,507.195326,1.0,0.0,292.07116212226424,292.07116212226424,0.0,0.0,0.0,0.0,0.9858788953551424,398,37.9492236252536,0.36865569620470906,1.2633976828859648,0.4910137148751835,0.07374070277765168,0.07445146300684867,0.012481700294783259,2.2271516966047176,0,0,0,0,0.0,0.0,0.0,0.0,1.0
70.345278,140,508.690303,0.0,1.0,70.34527828480707,70.34527828480707,1.0,1.0,0.0,0.0,0.34997211593745997,140,27.478126175340485,0.22956400352290254,0.9718652328653339,0.4488373408892325,0.08383719750813075,0.0819165519305638,0.11325645471699346,0.6965087238958771,0,0,0,0,0.0,0.0,0.0,0.0,1.0
324.327762,466,513.397554,1.0,0.0,324.32776215437593,324.32776215437593,0.0,0.0,0.0,0.0,0.9893968512510233,466,37.10819423385615,0.37234614364589574,1.6425282664883507,0.5139568979999793,0.06673472505782295,0.06679713879532057,0.0,20.51492050165528,0,0,0,0,0.0,0.0,0.0,0.0,1.0
99.619061,187,514.721316,0.0,1.0,99.61906097527257,99.61906097527257,0.0,0.0,0.0,1.0,0.48772466440067436,187,29.578599599650396,0.2907409317645914,1.9169938018999206,0.5611977690362675,0.0978275320746682,0.10116918201752526,0.0,nan,0,0,0,0,0.0,0.0,0.0,0.0,1.0
120.441196,304,517.539983,0.0,1.0,120.44119585846741,120.44119585846741,0.0,0.0,0.0,1.0,0.568287147897186,304,30.188157812954476,0.46202290795236545,1.5940153523294358,0.4894343216070219,0.07311928664383135,0.07129993387743046,0.0,nan,0,0,0,0,0.0,0.0,0.0,0.0,1.0
289.440872,395,521.260046,1.0,0.0,289.44087202724785,289.44087202724785,0.0,0.0,0.0,0.0,0.9912436101256099,395,41.00721034989261,0.3987042538734202,1.2809462253124695,0.50944473322811,0.10724002711380584,0.101602255543576,0.02560820827060416,1.420535521829191,0,0,0,0,0.0,0.0,0.0,0.0,1.0
266.584453,434,524.53571,0.0,1.0,266.5844530339065,266.5844530339065,1.0,1.0,0.0,0.0,0.955865535013174,434,37.982588714558034,0.42158930428616664,2.0,0.498903912367634,0.11567556638322118,0.10466012015320739,0.04736747894401056,0.7662244755146739,0,0,0,0,0.0,0.0,0.0,0.0,1.0
94.894583,158,526.077554,0.0,1.0,94.89458282295527,94.89458282295527,0.0,0.0,0.0,1.0,0.35463458345521187,158,32.971913274301855,0.27665113824145837,1.974071220477099,0.4667797287148011,0.060400931895533694,0.05856714444824412,0.0,nan,0,0,0,0,0.0,0.0,0.0,0.0,1.0
128.44143,217,527.91305,0.0,1.0,128.44143009837146,128.44143009837146,1.0,1.0,0.0,0.0,0.5633459488921093,217,30.791551886266337,0.2634485751484221,0.9922156543276289,0.5137048007293781,0.09180750824888731,0.0889366975028394,0.03529210956743045,1.1050340433149657,0,0,0,0,0.0,0.0,0.0,0.0,1.0
214.011987,283,530.871728,1.0,0.0,214.0119870387061,214.0119870387061,0.0,0.0,0.0,0.0,0.9822507940915617,283,41.605689266767136,0.4098944616175857,1.2222594993015983,0.4648554683416134,0.05635574133573067,0.054698786128957365,0.0,nan,0,0,0,0,0.0,0.0,0.0,0.0,1.0
157.321137,301,533.449359,0.0,1.0,157.3211374728229,157.3211374728229,1.0,1.0,0.0,0.0,0.6425527913115047,301,34.68331609018229,0.36347075380614874,1.4489190458050214,0.538394362798759,0.07909876009158517,0.0813909602719684,0.04297216089797132,1.2381541542649994,0,0,0,0,0.0,0.0,0.0,0.0,1.0
145.138344,245,535.657229,0.0,1.0,145.1383437594189,145.1383437594189,1.0,1.0,0.0,0.0,0.7449727485152533,245,31.94198589253457,0.29249599029144596,0.9478048091676942,0.5189494871211295,0.11837982571854884,0.1094550609588623,0.06856028294432259,1.0576564917687312,0,0,0,0,0.0,0.0,0.0,0.0,1.0
133.152623,270,538.527397,0.0,1.0,133.15262341578776,133.15262341578776,1.0,1.0,0.0,0.0,0.5777881680357908,270,30.567777162961985,0.37457982453205774,0.9667009863654082,0.4425108187176563,0.06452147872359665,0.06540832916895549,0.07184641576974814,1.440108862327005,0,0,0,0,0.0,0.0,0.0,0.0,1.0
283.013617,279,540.644033,1.0,0.0,283.0136173193462,283.0136173193462,0.0,0.0,0.0,0.0,0.9867249689719093,279,42.393744091334426,0.21676521981598015,0.8466635252417053,0.44716268634977735,0.08163567084992658,0.08518531331024717,0.0,6.110639515183156,0,0,0,0,0.0,0.0,0.0,0.0,1.0
92.68248,163,542.080335,0.0,1.0,92.68248025292782,92.68248025292782,0.0,0.0,0.0,1.0,0.574699315616609,163,32.682176334379264,0.30186550854549915,2.0,0.43376100954651103,0.06292344163531906,0.06676321746381514,0.0,nan,0,0,0,0,0.0,0.0,0.0,0.0,1.0
115.301564,188,543.570455,0.0,1.0,115.30156379138822,115.30156379138822,0.0,0.0,0.0,1.0,0.49208922101198593,188,29.858192999768566,0.19917684477986958,1.1276956955950925,0.48506007858730377,0.08910877210028628,0.09834499498631091,0.0,nan,0,0,0,0,0.0,0.0,0.0,0.0,1.0
128.345969,255,545.695862,0.0,1.0,128.34596906343614,128.34596906343614,0.0,0.0,0.0,1.0,0.7016156393963607,255,32.57630885758543,0.3623574956655938,2.0,0.45886305225830454,0.0775536712478189,0.07317456147250007,0.0,nan,0,0,0,0,0.0,0.0,0.0,0.0,1.0
83.359809,144,548.057049,0.0,1.0,83.3598088161958,83.3598088161958,0.0,0.0,0.0,1.0,0.2722016655829192,144,30.10554574484492,0.21514573077590518,1.4886412663149646,0.48534700377947754,0.08810089114639494,0.08349690669112736,0.0,nan,0,0,0,0,0.0,0.0,0.0,0.0,1.0
95.082962,154,549.168137,0.0,1.0,95.08296191992937,95.08296191992937,0.0,0.0,0.0,1.0,0.39634012431250953,154,32.44078365222775,0.1987295621189062,1.0295567473709382,0.4941574250432578,0.07095879703373104,0.08049961808439973,0.0,nan,0,0,0,0,0.0,0.0,0.0,0.0,1.0
309.498201,342,551.773101,1.0,0.0,309.4982012503504,309.4982012503504,0.0,0.0,0.0,0.0,0.9881628054284253,342,35.694728896766414,0.16199724861565057,0.6948381856466266,0.5042931862959736,0.07966874391711944,0.07687231009466607,0.0,nan,0,0,0,0,0.0,0.0,0.0,0.0,1.0
266.154167,291,554.112129,1.0,0.0,266.1541671809655,266.1541671809655,0.0,0.0,0.0,0.0,0.9860682761823805,291,40.08582325313766,0.2583242019137171,0.9635789542938368,0.4917434346686114,0.07156425038563836,0.0738952778459005,0.0,nan,0,0,0,0,0.0,0.0,0.0,0.0,1.0
186.661413,250,556.67819,1.0,0.0,186.66141260806637,186.66141260806637,0.0,0.0,0.0,0.0,0.977313594845455,250,34.91937261757034,0.3094436371628358,0.9926780275632942,0.46492842268943785,0.07654291772842407,0.07508324337005615,0.0,nan,0,0,0,0,0.0,0.0,0.0,0.0,1.0
149.3219,263,559.064928,0.0,1.0,149.3218998323661,149.3218998323661,0.0,0.0,0.0,1.0,0.6565083977208842,263,34.58077418976981,0.34047204699299616,2.0,0.4745689698498512,0.08912778444616513,0.08916845747726498,0.00682775369373595,2.854320322012502,0,0,0,0,0.0,0.0,0.0,0.0,1.0
162.601802,216,560.650104,0.0,1.0,162.60180221000118,162.60180221000118,0.0,0.0,0.0,1.0,0.457196815956257,216,38.14441244063537,0.2336742875337718,2.0,0.49392537494983385,0.07984064409026394,0.08261229980874944,0.0,nan,0,0,0,0,0.0,0.0,0.0,0.0,1.0
111.87869,223,562.524947,0.0,1.0,111.87868987100846,111.87868987100846,0.0,0.0,0.0,1.0,0.5615076703206549,223,36.43502918082609,0.5061285493847079,2.0,0.43542839282697626,0.09958879669685534,0.09819253624287422,0.0,nan,0,0,0,0,0.0,0.0,0.0,0.0,1.0
186.094717,394,566.595506,1.0,0.0,186.09471666464455,186.09471666464455,0.0,0.0,0.0,0.0,0.9296312832676049,394,30.44140430301193,0.5265202156643591,2.0,0.47943833912840955,0.08842596124271451,0.09018714325077037,0.0,nan,0,0,0,0,0.0,0.0,0.0,0.0,1.0
186.574411,317,569.148539,1.0,0.0,186.57441083254847,186.57441083254847,0.0,0.0,0.0,0.0,0.9856127772358493,317,36.99584031505823,0.5431759085075324,1.9915308225367423,0.5041323499254624,0.08674367481977782,0.08555456178045423,0.0,5.483165885368649,0,0,0,0,0.0,0.0,0.0,0.0,1.0
97.603203,240,571.13649,0.0,1.0,97.60320317725551,97.60320317725551,0.0,0.0,0.0,1.0,0.5877697901161923,240,36.208625063598376,0.6122401328516012,2.0,0.5157312868783871,0.06728920886913935,0.07153710027535756,0.0,nan,0,0,0,0,0.0,0.0,0.0,0.0,1.0
207.752456,385,575.276378,1.0,0.0,207.75245627587427,207.75245627587427,0.0,0.0,0.0,0.0,0.9883214944374431,385,38.562235209678285,0.6015140159567054,1.904911319746805,0.4770904784949569,0.08736232534631506,0.08723688187537255,0.005531174687391098,3.5864844906430164,0,0,0,0,0.0,0.0,0.0,0.0,1.0
129.920474,338,578.045421,0.0,1.0,129.920474352611,129.920474352611,0.0,0.0,0.0,1.0,0.9053305434396837,338,38.98977618445685,0.7287576751075215,2.0,0.4447874909145592,0.14424859772067097,0.13896109331288986,0.05855828592501,0.23853198396529973,0,0,0,0,0.0,0.0,0.0,0.0,1.0
49.976478,184,579.596916,0.0,1.0,49.976477913423494,49.976477913423494,0.0,0.0,0.0,1.0,0.5359066837360881,184,34.23616020725192,0.6833232865920346,2.0,0.4328724897426108,0.07317635287409244,0.07190420122250267,0.0,nan,0,0,0,0,0.0,0.0,0.0,0.0,1.0
87.241625,241,581.821586,0.0,1.0,87.24162455655042,87.24162455655042,0.0,0.0,0.0,1.0,0.5554121209432427,241,30.540632763443217,0.5474270758412141,2.0,0.4571267232932614,0.06866801131315746,0.0665219418735425,0.0,nan,0,0,0,0,0.0,0.0,0.0,0.0,1.0
128.276336,296,584.750335,1.0,0.0,128.2763356757058,128.2763356757058,0.0,0.0,0.0,0.0,0.9883058699844101,296,37.36210789182271,0.6738044251708519,2.0,0.5160045917397617,0.12790134267227068,0.12617219843574473,0.0,6.574170373058253,0,0,0,0,0.0,0.0,0.0,0.0,1.0
225.585983,340,587.585064,1.0,0.0,225.5859834407864,225.5859834407864,0.0,0.0,0.0,0.0,0.9853031744883077,340,35.23515617879422,0.41629210086544655,1.3005045713505452,0.4227095077142996,0.10685777033076567,0.10730063284144682,0.0,nan,0,0,0,0,0.0,0.0,0.0,0.0,1.0
156.803054,390,590.939946,0.0,1.0,156.80305425303925,156.80305425303925,0.0,0.0,0.0,1.0,0.9992438459702234,390,42.3117240532086,0.7612001080746109,2.0,0.4655052693035358,0.08280608715155185,0.0786094958965595,0.0,6.351949329363114,0,0,0,0,0.0,0.0,0.0,0.0,1.0
34.818971,177,592.854819,0.0,1.0,34.81897059240788,34.81897059240788,0.0,0.0,0.0,1.0,0.34316904189242525,177,25.910158164581738,0.6199094612690165,2.0,0.4552422809482968,0.10633527592750593,0.11198499377837963,0.0,nan,0,0,0,0,0.0,0.0,0.0,0.0,1.0
192.081046,300,596.147436,1.0,0.0,192.08104583894556,192.08104583894556,0.0,0.0,0.0,0.0,0.9895722494722782,300,40.43181919269302,0.4935429425644412,1.3948129834350682,0.49259686179459095,0.07927003979682923,0.080728417634964,0.0,nan,0,0,0,0,0.0,0.0,0.0,0.0,1.0
49.501184,217,598.030179,0.0,1.0,49.50118440094361,49.50118440094361,0.0,0.0,0.0,1.0,0.6749389798170711,217,31.335303882898305,0.6791189583280564,2.0,0.43516658466257807,0.0641891593757313,0.0682257941241638,0.0,nan,0,0,0,0,0.0,0.0,0.0,0.0,1.0
13.145224,86,598.612227,0.0,1.0,13.145223516028139,13.145223516028139,0.0,0.0,0.0,1.0,0.12670908984926746,86,24.367319231247837,0.517296250154737,1.7797739910871557,0.4286688678832941,0.050586499447046324,0.06221440642379051,0.0,nan,0,0,0,0,0.0,0.0,0.0,0.0,1.0
29.983703,202,600.814544,0.0,1.0,29.983703015539994,29.983703015539994,0.0,0.0,0.0,1.0,0.5958247324723767,202,29.69034357247724,0.8957100849692876,2.0,0.4399354280074044,0.061135283791192686,0.06476388237263897,0.0,nan,0,0,0,0,0.0,0.0,0.0,0.0,1.0
53.873367,220,602.682366,0.0,1.0,53.87336697140632,53.87336697140632,0.0,0.0,0.0,1.0,0.6734817706568903,220,31.06651820870514,0.6658879969455259,2.0,0.4388292278755795,0.08018630038608204,0.07837763157757846,0.0,nan,0,0,0,0,0.0,0.0,0.0,0.0,1.0
171.933681,249,605.536481,1.0,0.0,171.93368054057075,171.93368054057075,0.0,0.0,0.0,0.0,0.9819551463724968,249,37.224198615218604,0.4554105893743787,1.1742993711349772,0.493636486760105,0.07834819880834067,0.07741936263310382,0.0,nan,0,0,0,0,0.0,0.0,0.0,0.0,1.0
92.393474,235,607.718663,0.0,1.0,92.39347395000954,92.39347395000954,0.0,0.0,0.0,1.0,0.5744208241473534,235,38.24512989546564,0.562969052688469,2.0,0.48148531568177205,0.15736602417966153,0.15395392407762243,0.0,8.161573555291822,0,0,0,0,0.0,0.0,0.0,0.0,1.0
133.142186,316,610.245702,0.0,1.0,133.14218584933528,133.14218584933528,0.0,0.0,0.0,1.0,0.6818628237794185,316,34.44888013993087,0.6393430105156493,2.0,0.4428512726592112,0.13992957714237744,0.13814824970462655,0.017571452869729994,0.08456731871283153,0,0,0,0,0.0,0.0,0.0,0.0,1.0
24.73953,92,610.947006,0.0,1.0,24.739529967680298,24.739529967680298,0.0,0.0,0.0,1.0,0.18066384893012719,92,27.477736112628726,0.4670018942898252,1.9404484988045645,0.41147357703227067,0.07196246670640033,0.07254383486250172,0.0,nan,0,0,0,0,0.0,0.0,0.0,0.0,1.0
62.821576,186,613.508247,0.0,1.0,62.821575711567036,62.821575711567036,0.0,0.0,0.0,1.0,0.3169723339764765,186,27.45043157105095,0.48694193300498606,1.4315772630555177,0.4809201403010276,0.1388577376642535,0.13569977527023644,0.0,14.920558315893294,0,0,0,0,0.0,0.0,0.0,0.0,1.0
189.017782,300,615.611062,1.0,0.0,189.01778234513736,189.01778234513736,0.0,0.0,0.0,0.0,0.987617390550019,300,39.21093902990765,0.5458008745567655,1.8312805466887259,0.48570641068120796,0.12080363194147746,0.11576676646868388,0.007117966918642156,3.2105321451784428,0,0,0,0,0.0,0.0,0.0,0.0,1.0
154.878289,301,618.001193,0.0,1.0,154.87828913291744,154.87828913291744,1.0,1.0,0.0,0.0,0.9048096169933011,301,41.66249945214167,0.6255120463543541,2.0,0.4618751147631989,0.11735115851278717,0.12172228592970838,0.041306552453925775,0.5745627672179815,0,0,0,0,0.0,0.0,0.0,0.0,1.0
73.708915,234,620.30315,0.0,1.0,73.70891484795084,73.70891484795084,0.0,0.0,0.0,1.0,0.4033527406987955,234,30.42912154942158,0.4876848081473794,1.6353480054468337,0.5219628566669093,0.05511023244287214,0.05578721180940286,0.0,nan,0,0,0,0,0.0,0.0,0.0,0.0,1.0
64.148556,203,622.835689,0.0,1.0,64.14855588681121,64.14855588681121,0.0,0.0,0.0,1.0,0.6775905649695253,203,34.315979613646284,0.8655862264609854,2.0,0.3854049882424876,0.1353232000261692,0.1244673403025848,0.0,nan,0,0,0,0,0.0,0.0,0.0,0.0,1.0
140.9467,292,625.370354,0.0,1.0,140.94669961875965,140.94669961875965,0.0,0.0,0.0,1.0,0.9258992573652031,292,40.937454787895156,0.558777345097326,2.0,0.47454631354098453,0.085458904504776,0.07922499024704711,0.012863257554491895,2.488780681323507,0,0,0,0,0.0,0.0,0.0,0.0,1.0
21.26321,143,626.398537,0.0,1.0,21.263210277090888,21.263210277090888,0.0,0.0,0.0,1.0,0.29928806319949625,143,26.902526077099637,0.6520897582564087,2.0,0.4162083560978616,0.11899235615363488,0.11801701575726062,0.0,5.762930635610069,0,0,0,0,0.0,0.0,0.0,0.0,1.0
253.885911,387,630.025301,0.0,1.0,253.8859106547847,253.8859106547847,0.0,0.0,0.0,1.0,0.954301161434022,387,43.709619197452696,0.505765772623806,2.0,0.45378943166914526,0.12441073308003349,0.1229015419341489,0.009714139763389399,0.9797173593032635,0,0,0,0,0.0,0.0,0.0,0.0,1.0
82.421269,199,632.651568,0.0,1.0,82.4212691402825,82.4212691402825,0.0,0.0,0.0,1.0,0.3631515121576958,199,35.21460498176518,0.6136918077448108,2.0,0.4602133725119296,0.1372788479579753,0.1327866531496671,0.0,7.781489835021403,0,0,0,0,0.0,0.0,0.0,0.0,1.0
175.610693,292,635.40564,1.0,0.0,175.61069268356945,175.61069268356945,0.0,0.0,0.0,0.0,0.9854306211756816,292,40.57478386635402,0.571098544568471,1.499071645025542,0.4481883574379225,0.05745144065928786,0.061132732931881734,0.0,nan,0,0,0,0,0.0,0.0,0.0,0.0,1.0
135.704826,307,637.958817,0.0,1.0,135.70482630167655,135.70482630167655,0.0,0.0,0.0,1.0,1.001530644693627,307,34.972168505094665,0.5641467604248508,1.647170489942172,0.46579329239914397,0.11311652528346555,0.10786966858158671,0.0,nan,0,0,0,0,0.0,0.0,0.0,0.0,1.0
89.652842,237,640.196086,0.0,1.0,89.65284248493381,89.65284248493381,1.0,1.0,0.0,0.0,0.7108251148844545,237,34.136608661187665,0.5927048983658886,2.0,0.5084092855956484,0.146170903107285,0.12460203563110737,0.02182741277808883,0.1250463766844083,0,0,0,0,0.0,0.0,0.0,0.0,1.0
49.728766,175,642.591598,0.0,1.0,49.728766355333676,49.728766355333676,0.0,0.0,0.0,1.0,0.33754438666084746,175,30.268854534264133,0.6390232330426763,2.0,0.47237915217876436,0.10811250141688755,0.10261801583426339,0.0,5.347303283191254,0,0,0,0,0.0,0.0,0.0,0.0,1.0
228.78841,279,644.669615,1.0,0.0,228.78841036724597,228.78841036724597,0.0,0.0,0.0,0.0,0.985814220160448,279,38.418994731924094,0.3149273631462268,0.8537611140478466,0.45111462826369914,0.10270988043918404,0.10196518983464942,0.0,nan,0,0,0,0,0.0,0.0,0.0,0.0,1.0
162.800264,266,646.92026,0.0,1.0,162.80026395048435,162.80026395048435,0.0,0.0,0.0,1.0,1.0023118578580648,266,40.415613960253076,0.4853152166168706,2.0,0.43439020947518203,0.08525448141241432,0.08192909839458036,0.010922229886579963,2.4665502964534913,0,0,0,0,0.0,0.0,0.0,0.0,1.0
65.057582,213,648.83559,0.0,1.0,65.05758222021183,65.05758222021183,1.0,1.0,0.0,0.0,0.38229815196723227,213,32.058995755647466,0.5974462632320533,2.0,0.5081060379393784,0.14026212944111355,0.14415866612268727,0.06020948487940028,0.9120222553891085,0,0,0,0,0.0,0.0,0.0,0.0,1.0
153.441953,291,652.124516,0.0,1.0,153.44195286434817,153.44195286434817,0.0,0.0,0.0,1.0,1.0049140443590006,291,38.661132115866394,0.5113575436973054,2.0,0.47691351971573026,0.11601736004819575,0.12047115756883654,0.0,12.570289066221907,0,0,0,0,0.0,0.0,0.0,0.0,1.0
307.014808,460,655.967954,1.0,0.0,307.01480772640014,307.01480772640014,0.0,0.0,0.0,0.0,0.9907397757349462,460,40.93244166904694,0.4796929835662884,1.4079957909090757,0.47086040199450824,0.10277118967927021,0.09605469962824946,0.0,nan,0,0,0,0,0.0,0.0,0.0,0.0,1.0
153.017421,287,658.600492,0.0,1.0,153.01742135540596,153.01742135540596,0.0,0.0,0.0,1.0,0.8832581147281295,287,36.80505713110175,0.40456298158803533,2.0,0.46735628868229295,0.09697615560338887,0.09837057241579382,0.0,14.325637472235755,0,0,0,0,0.0,0.0,0.0,0.0,1.0
94.045199,254,661.326926,0.0,1.0,94.04519894375643,94.04519894375643,0.0,0.0,0.0,1.0,0.6273064717341131,254,36.2126202071061,0.5287931817517969,1.7650514261801231,0.4989368040847966,0.09114717498539,0.0870253345159095,0.0,13.764292349573727,0,0,0,0,0.0,0.0,0.0,0.0,1.0
68.293429,212,662.875646,0.0,1.0,68.29342856521988,68.29342856521988,0.0,0.0,0.0,1.0,0.6296271628321788,212,30.986543563857424,0.5783147499294361,2.0,0.47183835358833365,0.0939890241847848,0.09727345997432493,0.0,nan,0,0,0,0,0.0,0.0,0.0,0.0,1.0
211.081422,356,665.747926,0.0,1.0,211.08142211768845,211.08142211768845,0.0,0.0,0.0,1.0,0.9307456367977026,356,36.974935910760735,0.3976003192930313,1.7559462062164928,0.4774154537053925,0.10739946800671267,0.10634241747052482,0.0,nan,0,0,0,0,0.0,0.0,0.0,0.0,1.0
202.974573,299,668.129495,1.0,0.0,202.97457300303338,202.97457300303338,0.0,0.0,0.0,0.0,0.9843461436965588,299,35.541657333495316,0.40526898350655416,1.172698300406692,0.4661780616337041,0.1557803120102771,0.14623450913955535,0.013732338494864929,2.2744813003603737,0,0,0,0,0.0,0.0,0.0,0.0,1.0
152.701568,251,671.001857,0.0,1.0,152.70156832328647,152.70156832328647,0.0,0.0,0.0,1.0,0.868293857809351,251,37.4315906575223,0.4036731695176321,2.0,0.40055407675732657,0.1124014835433656,0.11561849820186418,0.0,nan,0,0,0,0,0.0,0.0,0.0,0.0,1.0
211.769815,260,673.079581,1.0,0.0,211.76981530017457,211.76981530017457,0.0,0.0,0.0,0.0,0.9858550741723782,260,37.31972041438739,0.30881736399545756,0.9950428418455581,0.4464736395730422,0.1114247005719405,0.11214045928074763,0.0,nan,0,0,0,0,0.0,0.0,0.0,0.0,1.0
146.182097,251,675.33395,0.0,1.0,146.18209681595135,146.18209681595135,0.0,0.0,0.0,1.0,0.6545963386916201,251,37.11918912147343,0.4050521387933686,2.0,0.47886165770223416,0.10363406869044817,0.09397952110168943,0.015041857712535535,2.1709963820452254,0,0,0,0,0.0,0.0,0.0,0.0,1.0
18.630984,84,676.181652,0.0,1.0,18.63098419261988,18.63098419261988,0.0,0.0,0.0,1.0,0.13601026217722365,84,22.435676904863232,0.38370247909165667,1.079245653221879,0.457386026425021,0.08099778777077085,0.09362567890258063,0.0,nan,0,0,0,0,0.0,0.0,0.0,0.0,1.0
50.33169,145,677.601393,0.0,1.0,50.33168980823556,50.33168980823556,0.0,0.0,0.0,1.0,0.2724163546528435,145,30.474121690231588,0.48962487098863317,2.0,0.4704814242905584,0.10036810102133915,0.10489436018055882,0.0,nan,0,0,0,0,0.0,0.0,0.0,0.0,1.0
26.928531,130,678.579319,0.0,1.0,26.92853067242359,26.92853067242359,0.0,0.0,0.0,1.0,0.2917784559013577,130,26.20607564780897,0.544095577404715,2.0,0.4577303732243868,0.11411007000849797,0.10799554586410523,0.0,nan,0,0,0,0,0.0,0.0,0.0,0.0,1.0
90.217433,185,681.323528,0.0,1.0,90.21743295568842,90.21743295568842,1.0,1.0,0.0,0.0,0.3190779651637691,185,32.915570281152256,0.4103809986848327,0.9869764694486328,0.4448696597403771,0.09551940544231517,0.09484244101756328,0.09323778834917806,0.9271794212909248,0,0,0,0,0.0,0.0,0.0,0.0,1.0
160.37303,272,683.29388,0.0,1.0,160.3730301649981,160.3730301649981,0.0,0.0,0.0,1.0,0.9992994548718117,272,41.50058235325739,0.4869661610929744,2.0,0.4911511769956526,0.13444498356650858,0.12273533379330355,0.0018285992309228633,4.350816957429719,0,0,0,0,0.0,0.0,0.0,0.0,1.0
113.840278,210,685.269017,0.0,1.0,113.84027775812335,113.84027775812335,0.0,0.0,0.0,1.0,0.7062171697204791,210,32.59107622350397,0.34958733023985483,2.0,0.40992955639958384,0.10349260909216744,0.10458178009305681,0.0,nan,0,0,0,0,0.0,0.0,0.0,0.0,1.0
190.86622,347,688.417162,0.0,1.0,190.8662197857568,190.8662197857568,1.0,1.0,0.0,0.0,0.7971790550353494,347,39.15696382657317,0.5522121292354275,2.0,0.46464854531441024,0.14637615014221894,0.1372977550160301,0.03619996849894232,0.9288937402843359,0,0,0,0,0.0,0.0,0.0,0.0,1.0
205.781013,280,691.210606,1.0,0.0,205.78101293082543,205.78101293082543,0.0,0.0,0.0,0.0,0.9847629533613126,280,37.832836521685266,0.36399913983715526,1.5205993614961768,0.42134980192141874,0.12349027139799935,0.12773509153297968,0.0,nan,0,0,0,0,0.0,0.0,0.0,0.0,1.0
66.084743,212,692.786813,0.0,1.0,66.08474263974274,66.08474263974274,0.0,0.0,0.0,1.0,0.42529721232641854,212,30.813280837958832,0.6062298086222453,1.6093035172829713,0.5065564180741895,0.1107995701286028,0.11250167185405516,0.0,nan,0,0,0,0,0.0,0.0,0.0,0.0,1.0
193.893223,288,695.297743,1.0,0.0,193.89322309301875,193.89322309301875,0.0,0.0,0.0,0.0,0.9843644758425119,288,36.177175668584105,0.4391889600786054,1.2738398536848476,0.43165213689725435,0.1383738952378432,0.12336324279507001,0.0,5.0354695446269115,0,0,0,0,0.0,0.0,0.0,0.0,1.0
139.273964,230,697.483829,0.0,1.0,139.27396420617308,139.27396420617308,0.0,0.0,0.0,1.0,0.5628606308992656,230,36.22972032793207,0.3717547363635076,2.0,0.44985553197886635,0.11076714448306872,0.11373280831005263,0.0,5.320642417815488,0,0,0,0,0.0,0.0,0.0,0.0,1.0
123.369102,249,700.212613,1.0,0.0,123.3691016422062,123.3691016422062,0.0,0.0,0.0,0.0,0.9210491998364114,249,33.98974541133842,0.5417168333899945,2.0,0.39756497567197885,0.1403885241971916,0.1398908871723466,0.0,nan,0,0,0,0,0.0,0.0,0.0,0.0,1.0
145.542614,241,702.231415,0.0,1.0,145.54261441022015,145.54261441022015,0.0,0.0,0.0,1.0,1.0015840019813522,241,39.14030942649934,0.4520553985780207,1.2867330082549673,0.49025383869889366,0.08460845986837173,0.08408596456298195,0.0,nan,0,0,0,0,0.0,0.0,0.0,0.0,1.0
80.882281,171,704.052278,0.0,1.0,80.88228140477642,80.88228140477642,0.0,0.0,0.0,1.0,0.4588670266019368,171,29.556507556543394,0.32724190242270773,1.4223662609013568,0.45865195094231975,0.10056023778971175,0.10176356145512988,0.0,nan,0,0,0,0,0.0,0.0,0.0,0.0,1.0
92.974532,224,706.122468,0.0,1.0,92.9745321831142,92.9745321831142,0.0,0.0,0.0,1.0,0.664225007888165,224,29.138568746373753,0.3894667877074491,2.0,0.4661833779952888,0.09240458639604705,0.09660603904298373,0.0,nan,0,0,0,0,0.0,0.0,0.0,0.0,1.0
258.89294,444,710.354666,1.0,0.0,258.8929404291698,258.8929404291698,0.0,0.0,0.0,0.0,0.9568122889787489,444,37.668843174296015,0.48290255429571455,2.0,0.43518909975584297,0.11469258609655741,0.11298847681767232,0.02365014695080318,1.3967050884862007,0,0,0,0,0.0,0.0,0.0,0.0,1.0
134.51862,273,712.45795,0.0,1.0,134.518619565432,134.518619565432,0.0,0.0,0.0,1.0,0.6583687027046812,273,33.26114419102083,0.4081895139301684,1.6767960752689275,0.40899827662896326,0.12186545199090308,0.12222671552455469,0.0,5.44697088476483,0,0,0,0,0.0,0.0,0.0,0.0,1.0
265.554659,473,716.339908,1.0,0.0,265.55465888050617,265.55465888050617,0.0,0.0,0.0,0.0,0.9891668310882001,473,33.6440037998431,0.5309015348599724,1.617249210506853,0.4789627812661026,0.10974370387341457,0.10450589001556784,0.0,nan,0,0,0,0,0.0,0.0,0.0,0.0,1.0
295.758412,415,720.823461,1.0,0.0,295.75841182882306,295.75841182882306,0.0,0.0,0.0,0.0,0.9884365913124858,415,34.77950447451702,0.3249416783086146,2.0,0.45474112753767565,0.14143650933920618,0.1341441927185978,0.0,nan,0,0,0,0,0.0,0.0,0.0,0.0,1.0
174.918624,358,724.046573,0.0,1.0,174.91862414147383,174.91862414147383,0.0,0.0,0.0,1.0,0.7805383021211579,358,36.220349582782,0.552438107844636,2.0,0.4273077440161945,0.11636280913592717,0.10448337167334956,0.0,10.523219138551765,0,0,0,0,0.0,0.0,0.0,0.0,1.0
174.521991,350,727.689844,0.0,1.0,174.5219909131142,174.5219909131142,1.0,1.0,0.0,0.0,0.8644174093577967,350,35.30660979672786,0.5447180612624466,1.9606841955093264,0.460185168577092,0.12821566241128105,0.12624364955084663,0.02102008923866109,0.8526386392245789,0,0,0,0,0.0,0.0,0.0,0.0,1.0
263.512553,463,731.16176,1.0,0.0,263.512553141737,263.512553141737,0.0,0.0,0.0,0.0,0.9913888318738204,463,37.59442484602372,0.5237203868695681,1.7952119756771747,0.45130433967703104,0.15978893013288856,0.13837724138799548,0.013060958930661464,2.3283782378413065,0,0,0,0,0.0,0.0,0.0,0.0,1.0
206.06127,322,733.911402,1.0,0.0,206.06127028015993,206.06127028015993,0.0,0.0,0.0,0.0,0.9379862229680282,322,43.746759017753895,0.49637931975558247,1.7809347796739308,0.45380507426926436,0.11835146246489531,0.11999505610199449,0.05817431226745914,0.06729624789763902,0,0,0,0,0.0,0.0,0.0,0.0,1.0
240.014486,323,737.172219,1.0,0.0,240.0144859114618,240.0144859114618,0.0,0.0,0.0,0.0,0.9878566630842512,323,35.997115485780334,0.36399091026534736,1.1584823326087528,0.44171788006006013,0.1568060227591925,0.14225946786602953,0.0,nan,0,0,0,0,0.0,0.0,0.0,0.0,1.0
184.442361,333,739.833251,0.0,1.0,184.44236130982193,184.44236130982193,0.0,0.0,0.0,1.0,0.9039401388732277,333,39.38051322760753,0.42512056202127807,2.0,0.41958712218133537,0.11337703054731672,0.10525181558397081,0.0057430565058045925,3.8468343535753218,0,0,0,0,0.0,0.0,0.0,0.0,1.0
121.12156,291,742.388224,0.0,1.0,121.12155984899638,121.12155984899638,0.0,0.0,0.0,1.0,0.5701971695623694,291,33.32072875530433,0.5408949108135108,2.0,0.4211300675248362,0.18760543672489546,0.16565513897597586,0.07186309796256697,0.020633156666762784,0,0,0,0,0.0,0.0,0.0,0.0,1.0
87.119391,206,743.740639,0.0,1.0,87.1193907115891,87.1193907115891,0.0,0.0,0.0,1.0,0.39626055063991816,206,30.165821023469984,0.39470560743908384,2.0,0.44097316319358004,0.09339099022948626,0.09077335329889094,0.0,nan,0,0,0,0,0.0,0.0,0.0,0.0,1.0
144.745519,349,747.057393,0.0,1.0,144.74551861161734,144.74551861161734,0.0,0.0,0.0,1.0,0.7581410546961297,349,32.882512429292646,0.46108437383644146,1.645062628827338,0.4247165189410178,0.08781786839394994,0.0885056904530457,0.0,nan,0,0,0,0,0.0,0.0,0.0,0.0,1.0
257.374514,425,751.817977,1.0,0.0,257.37451410331937,257.37451410331937,0.0,0.0,0.0,0.0,0.9889583739677029,425,34.88185913707321,0.44778628711868296,1.3969760469048516,0.4619657984375954,0.15148455100900987,0.14433064152212705,0.009728330377932267,1.967592847883207,0,0,0,0,0.0,0.0,0.0,0.0,2.0
203.396984,463,758.97576,0.0,1.0,203.39698388664016,203.39698388664016,1.0,1.0,0.0,0.0,0.7465259919634096,463,30.731757767825034,0.5003485933078823,1.5552104453216424,0.4615488075379677,0.17487011151488863,0.16753164068926488,0.06736194716400298,0.45992478711808005,0,0,0,0,0.0,0.0,0.0,0.0,2.0
295.937351,620,769.245438,0.0,1.0,295.9373514050148,295.9373514050148,1.0,1.0,0.0,0.0,0.6592041932743062,620,29.238948429274647,0.41644684665485393,1.5233141653961024,0.43329828430207507,0.20290467739105225,0.19288783496425999,0.01721423941434466,0.9640223479813781,0,0,0,0,0.0,0.0,0.0,0.0,2.0
91.04126,216,773.538409,0.0,1.0,91.04126036224972,91.04126036224972,0.0,0.0,0.0,1.0,0.3322815436619083,216,29.27876700759591,0.4045704276011573,2.0,0.4320437757608791,0.13572645463325358,0.11456476538269608,0.0,nan,0,0,0,0,0.0,0.0,0.0,0.0,2.0
139.127456,331,778.88101,0.0,1.0,139.12745649296258,139.12745649296258,1.0,1.0,0.0,0.0,0.46242752007778515,331,33.05258799745003,0.4978232329268579,1.454241072557086,0.45042052617426004,0.16223077633589778,0.16950612666023462,0.06490030260981851,0.9677457524953861,0,0,0,0,0.0,0.0,0.0,0.0,2.0
169.723177,544,786.98924,0.0,1.0,169.72317715325582,169.72317715325582,1.0,1.0,0.0,0.0,0.7845180225257952,544,33.65097145365472,0.7607404394095325,2.0,0.41863585205283016,0.2634720745332101,0.2321290803306243,0.07842065779060152,0.1680976813354127,0,0,0,0,0.0,0.0,0.0,0.0,2.0
36.896604,152,790.43608,0.0,1.0,36.89660414976865,36.89660414976865,0.0,0.0,0.0,1.0,0.21233453961087428,152,28.857046826453605,0.6132641802205251,2.0,0.4679829955199047,0.19586463311785146,0.17672772940836454,0.0,5.890689022086752,0,0,0,0,0.0,0.0,0.0,0.0,2.0
124.277631,180,792.812627,0.0,1.0,124.27763100608388,124.27763100608388,1.0,1.0,0.0,0.0,0.32321600712997084,180,34.10385885041303,0.24803117593894594,0.7773110138377756,0.4380468475114968,0.18381633890999688,0.1787922481695811,0.07400495058528513,0.22622293590054215,0,0,0,0,0.0,0.0,0.0,0.0,2.0
59.395705,179,795.888162,0.0,1.0,59.39570477417672,59.39570477417672,1.0,1.0,0.0,0.0,0.215330379741235,179,26.370826391428615,0.4824341722803622,1.7825344470631845,0.44493364345011766,0.12620885878301866,0.1387139132568956,0.08491197966020313,1.67818648322012,0,0,0,0,0.0,0.0,0.0,0.0,2.0
264.585336,491,802.100001,0.0,1.0,264.5853363423403,264.5853363423403,1.0,1.0,0.0,0.0,0.7030501005838855,491,34.74009758542602,0.4450530009388189,1.3806014576324563,0.43477067735251,0.20049866311661824,0.1843921770389114,0.03064293381577853,0.010247209111046368,0,0,0,0,0.0,0.0,0.0,0.0,1.0
154.677251,265,805.390117,1.0,0.0,154.6772508325573,154.6772508325573,0.0,0.0,0.0,0.0,0.9804920346661674,265,30.46569083926538,0.43457998827879835,1.7665902536921543,0.4140098776176291,0.1272922583346097,0.1252817450829272,0.0,nan,0,0,0,0,0.0,0.0,0.0,0.0,1.0
234.508626,396,808.448121,1.0,0.0,234.50862562248426,234.50862562248426,0.0,0.0,0.0,0.0,0.987415687771532,396,32.82410827164647,0.4395721850675738,0.993782520613455,0.432116928576219,0.153196662965447,0.14642892040387548,0.0,nan,0,0,0,0,0.0,0.0,0.0,0.0,1.0
211.325652,312,811.011065,1.0,0.0,211.3256520217531,211.3256520217531,0.0,0.0,0.0,0.0,0.9846838227585838,312,33.89512000816761,0.3889556288652484,1.7132270226246702,0.42856160048037195,0.1554930485211886,0.15665076749447066,0.0,nan,0,0,0,0,0.0,0.0,0.0,0.0,1.0
267.983659,367,814.142069,1.0,0.0,267.98365929255203,267.98365929255203,0.0,0.0,0.0,0.0,0.9876152947863898,367,35.56381435053585,0.33797243318605164,1.1362139544326988,0.4172116915317257,0.12520597221416088,0.12216098074692147,0.0,nan,0,0,0,0,0.0,0.0,0.0,0.0,1.0
134.520703,244,816.090534,0.0,1.0,134.52070334278426,134.52070334278426,0.0,0.0,0.0,1.0,0.4626425145294717,244,31.345859030486647,0.3421482173429908,1.06059663758891,0.44712646644501414,0.10206458070239083,0.0928106327525905,0.0,7.67108349174614,0,0,0,0,0.0,0.0,0.0,0.0,1.0
186.473341,483,820.213395,0.0,1.0,186.4733411439357,186.4733411439357,0.0,0.0,0.0,1.0,0.8847748006234322,483,35.04361638897326,0.7006420760345584,2.0,0.4186428416651475,0.11767879060583332,0.11214957770353519,0.0044802734877411165,3.5218812014975365,0,0,0,0,0.0,0.0,0.0,0.0,1.0
249.348934,337,823.719869,1.0,0.0,249.3489336266415,249.3489336266415,0.0,0.0,0.0,0.0,0.9892524648365334,337,35.095518161094766,0.34279261322701865,0.9864411809771783,0.4778907232716105,0.09570456895347165,0.08853174564746438,0.0,nan,0,0,0,0,0.0,0.0,0.0,0.0,1.0
334.446596,434,827.114095,1.0,0.0,334.4465964031267,334.4465964031267,0.0,0.0,0.0,0.0,0.9882549325107485,434,37.271845651343135,0.3188737728936069,1.009429822322658,0.38480860060123806,0.14926305262174475,0.1374747607565146,0.0,5.336309694885918,0,0,0,0,0.0,0.0,0.0,0.0,1.0
284.911589,387,830.533909,0.0,1.0,284.9115885817469,284.9115885817469,0.0,0.0,0.0,1.0,1.0022240957897974,387,41.386600357267156,0.3513481890612637,1.8284370381089634,0.45228679747698536,0.13157635850191732,0.12719488451955238,0.027797425724104482,0.1262793706870637,0,0,0,0,0.0,0.0,0.0,0.0,1.0
79.417907,150,832.498875,0.0,1.0,79.41790742866097,79.41790742866097,0.0,0.0,0.0,1.0,0.34820859824662737,150,29.048507844234653,0.2423629819715837,1.7843711716989228,0.39808108913401763,0.1276466385523478,0.12236684719721476,0.0,nan,0,0,0,0,0.0,0.0,0.0,0.0,1.0
164.460732,386,835.827012,0.0,1.0,164.46073176837106,164.46073176837106,0.0,0.0,0.0,1.0,0.7172441388149894,386,30.87211218019615,0.5470232163965446,2.0,0.4537167272149281,0.16852364623484833,0.1547259039829432,0.0,7.148022957430587,0,0,0,0,0.0,0.0,0.0,0.0,1.0
213.004456,275,838.179441,1.0,0.0,213.0044555302296,213.0044555302296,0.0,0.0,0.0,0.0,0.9842062487566693,275,33.15730119206973,0.247846587690269,0.9547879155379604,0.4529092727195133,0.0924536570635709,0.0931592962958596,0.0,nan,0,0,0,0,0.0,0.0,0.0,0.0,1.0
291.359174,361,841.960164,1.0,0.0,291.3591736971332,291.3591736971332,0.0,0.0,0.0,0.0,0.9875879819208456,361,36.42830469030942,0.2766443165757845,0.8922728690939394,0.45727404531019217,0.1286109880727414,0.1132919415212404,0.0,nan,0,0,0,0,0.0,0.0,0.0,0.0,1.0
349.615613,487,846.335902,1.0,0.0,349.6156126661049,349.6156126661049,0.0,0.0,0.0,0.0,0.9917040605718435,487,34.62594463389261,0.3155506462336675,0.9671058518676495,0.43616454570231006,0.15323491165035805,0.1374927321009078,0.0,5.419131886906362,0,0,0,0,0.0,0.0,0.0,0.0,1.0
228.547383,371,849.266423,0.0,1.0,228.5473833607603,228.5473833607603,0.0,0.0,0.0,1.0,0.7443024228177404,371,32.31332616961355,0.2843014674474964,2.0,0.4712549364269583,0.15709625999882537,0.14770833372748443,0.0,nan,0,0,0,0,0.0,0.0,0.0,0.0,1.0
211.360768,259,852.197956,1.0,0.0,211.360767827213,211.360767827213,0.0,0.0,0.0,0.0,0.9825456030038675,259,34.152743567324165,0.23336505744986394,0.9633939296636098,0.45532388312015754,0.10180368570747522,0.09507887980192324,0.0,nan,0,0,0,0,0.0,0.0,0.0,0.0,1.0
119.359712,278,854.785568,0.0,1.0,119.35971161739118,119.35971161739118,0.0,0.0,0.0,1.0,0.7176223474572296,278,32.40844565805735,0.4143486673302948,2.0,0.42530369605842255,0.1546279929524703,0.1364456093568596,0.0,nan,0,0,0,0,0.0,0.0,0.0,0.0,1.0
161.584768,325,857.170855,0.0,1.0,161.5847676597568,161.5847676597568,1.0,1.0,0.0,0.0,0.6493325621720476,325,32.10433991304304,0.39359111994982804,1.596805284076758,0.4678858449367376,0.21547746328207162,0.20071659308213455,0.0488779627684607,0.931306094002077,0,0,0,0,0.0,0.0,0.0,0.0,1.0
257.07604,280,860.299311,1.0,0.0,257.0760400729373,257.0760400729373,0.0,0.0,0.0,0.0,0.9851179451184158,280,42.442240792036486,0.27558979617821927,0.990066886470205,0.4448397125649665,0.14362298335347856,0.13693813937050955,0.0,6.821889482141175,0,0,0,0,0.0,0.0,0.0,0.0,1.0
209.396079,374,863.157555,0.0,1.0,209.3960788587301,209.3960788587301,0.0,0.0,0.0,1.0,0.7419987213135296,374,32.13903548107451,0.34104928826388076,2.0,0.4605647947858362,0.13820123544988785,0.1277804771527887,0.0,nan,0,0,0,0,0.0,0.0,0.0,0.0,1.0
273.001218,358,865.720307,1.0,0.0,273.0012184318776,273.0012184318776,0.0,0.0,0.0,0.0,0.9878176781573798,358,41.5542869376819,0.3902679527786054,0.985121150725249,0.4498729119961821,0.14705849626210815,0.13941039120018814,0.033217342095904705,0.8127380973733732,0,0,0,0,0.0,0.0,0.0,0.0,1.0
256.923547,373,869.706807,1.0,0.0,256.92354748968353,256.92354748968353,0.0,0.0,0.0,0.0,0.9887412940844879,373,39.459981997771315,0.4111315078293056,0.9965272495352375,0.44518311094023266,0.12931525659305482,0.12699276416614932,0.0,nan,0,0,0,0,0.0,0.0,0.0,0.0,1.0
191.829918,300,871.714496,0.0,1.0,191.8299182623897,191.8299182623897,0.0,0.0,0.0,1.0,0.8875011591738463,300,34.20391512577661,0.3161095218776428,2.0,0.4392228891203801,0.16890565196673074,0.1493668834368388,0.0,nan,0,0,0,0,0.0,0.0,0.0,0.0,1.0
185.845787,276,875.112402,0.0,1.0,185.84578747501436,185.84578747501436,0.0,0.0,0.0,1.0,0.890526045888919,276,36.97125663711232,0.3210394368458683,2.0,0.41205613714629324,0.12886838031851727,0.12109212901281274,0.0,nan,0,0,0,0,0.0,0.0,0.0,0.0,2.0
223.932668,424,883.101685,0.0,1.0,223.93266835074007,223.93266835074007,0.0,0.0,0.0,1.0,0.6571089114853026,424,31.98594463215492,0.3974928108405367,1.694200385737852,0.46830680632946203,0.2576117469173557,0.22703886706874055,0.02026001565039304,1.7239944826364832,0,0,0,0,0.0,0.0,0.0,0.0,2.0
128.092248,247,886.890651,0.0,1.0,128.0922477170831,128.0922477170831,1.0,1.0,0.0,0.0,0.3815980048400194,247,29.847322437238805,0.32601489858073757,1.0847589290261483,0.4133345990287148,0.12509233869521724,0.11707355812010978,0.04672811963518264,1.3807396122865303,0,0,0,0,0.0,0.0,0.0,0.0,2.0
204.272971,497,893.85585,0.0,1.0,204.27297101102758,204.27297101102758,0.0,0.0,0.0,1.0,0.5218197038350247,497,30.784823094860965,0.5088658785094003,2.0,0.44352644611472336,0.1497205561795225,0.14584255842135946,0.013408387428765874,1.8790148568072527,0,0,0,0,0.0,0.0,0.0,0.0,2.0
207.979743,376,901.403978,0.0,1.0,207.97974304670092,207.97974304670092,1.0,1.0,0.0,0.0,0.7078137509734729,376,35.215240909475,0.42942629729251347,1.7625768491265674,0.44949574935983155,0.22600510684733696,0.20925089970548102,0.07870743117122944,1.1350624389238118,0,0,0,0,0.0,0.0,0.0,0.0,2.0
210.754476,398,906.750585,0.0,1.0,210.75447646136203,210.75447646136203,0.0,0.0,0.0,1.0,0.7578516739704239,398,31.458323649516007,0.361517369323349,1.0816697563373665,0.4368603387145541,0.22876111286968442,0.2093861312722441,0.001481020611931295,3.775379336251128,0,0,0,0,0.0,0.0,0.0,0.0,1.0
209.716766,346,910.348784,1.0,0.0,209.71676616960252,209.71676616960252,0.0,0.0,0.0,0.0,0.9865076668927797,346,33.04669703459463,0.41473624137676973,1.274683535471673,0.43041702142426735,0.19606261153441634,0.18527525456654542,0.0,nan,0,0,0,0,0.0,0.0,0.0,0.0,1.0
92.484423,201,912.766177,0.0,1.0,92.48442265286195,92.48442265286195,0.0,0.0,0.0,1.0,0.38934256991384375,201,29.479385907517912,0.3664960566841734,2.0,0.3912563797512754,0.1873006583446294,0.17704106800591768,0.0,nan,0,0,0,0,0.0,0.0,0.0,0.0,1.0
152.082509,250,915.121978,0.0,1.0,152.08250929591202,152.08250929591202,0.0,0.0,0.0,1.0,0.8807289739316891,250,38.400162163577825,0.3681918928467531,1.0326392930779371,0.4168737456202507,0.15116317462921142,0.14870095491409302,0.0,nan,0,0,0,0,0.0,0.0,0.0,0.0,1.0
313.622943,320,917.747937,1.0,0.0,313.62294342321667,313.62294342321667,0.0,0.0,0.0,0.0,0.9889217422220306,320,46.21144241126965,0.28391723792393486,1.2010947630953197,0.3980857670598198,0.1623888211324811,0.15295365005731582,0.031309233547034646,0.46556833675429027,0,0,0,0,0.0,0.0,0.0,0.0,1.0
259.031827,405,922.087442,1.0,0.0,259.0318270008504,259.0318270008504,0.0,0.0,0.0,0.0,0.9851350485547601,405,30.52381811710023,0.3241214565782208,0.9968453947039134,0.43489316098483993,0.19811102666972596,0.1901985127248882,0.0013502451761344557,3.6021900479155216,0,0,0,0,0.0,0.0,0.0,0.0,1.0
347.309728,479,925.90929,1.0,0.0,347.3097283251415,347.3097283251415,0.0,0.0,0.0,0.0,0.9904960345646924,479,33.686658334971646,0.2969925653345636,1.1581968201155182,0.4035908866650376,0.15108431878816608,0.1582253755756609,0.0,nan,0,0,0,0,0.0,0.0,0.0,0.0,1.0
245.758547,337,928.488073,0.0,1.0,245.75854669869213,245.75854669869213,1.0,1.0,0.0,0.0,0.6802373752075482,337,32.53800372183522,0.19950449913378268,0.5221677278994824,0.46951665700543177,0.2486172109753866,0.2239485061133297,0.04993187818227196,0.7907058331471376,0,0,0,0,0.0,0.0,0.0,0.0,1.0
186.299124,298,931.614864,1.0,0.0,186.29912360723637,186.29912360723637,0.0,0.0,0.0,0.0,0.9805279902066357,298,31.11208833049344,0.3379634923940628,0.8657264963696194,0.39292583219557,0.15369164543663896,0.14895147885252166,0.00031575789397099446,4.529520737983218,0,0,0,0,0.0,0.0,0.0,0.0,1.0
306.995911,442,935.570325,1.0,0.0,306.995910509676,306.995910509676,0.0,0.0,0.0,0.0,0.9909402722103315,442,36.20687290050162,0.38212538971713,1.6070582325834688,0.44627715490455,0.23741818404844983,0.20704950790060053,0.00990213037003396,2.673415381524325,0,0,0,0,0.0,0.0,0.0,0.0,1.0
77.336217,192,937.026803,0.0,1.0,77.33621659899529,77.33621659899529,0.0,0.0,0.0,1.0,0.4138089910734331,192,31.303054637530824,0.4851748798042205,2.0,0.42766761612923193,0.16987577266991138,0.16331934742629528,0.0,nan,0,0,0,0,0.0,0.0,0.0,0.0,1.0
266.016123,292,940.431234,1.0,0.0,266.01612274102877,266.01612274102877,0.0,0.0,0.0,0.0,0.987788228497772,292,36.88566072702028,0.20064564646468963,0.668099125380838,0.4463990868056474,0.15870454723704353,0.15768118141448662,0.0,9.021780597194054,0,0,0,0,0.0,0.0,0.0,0.0,1.0
253.136752,315,942.832533,1.0,0.0,253.13675210555712,253.13675210555712,0.0,0.0,0.0,0.0,0.9834557161403602,315,33.582365001267945,0.22144816676344783,0.9021155111316281,0.4862427623025955,0.20015193394252231,0.17989005058530777,0.0,nan,0,0,0,0,0.0,0.0,0.0,0.0,1.0
188.552042,266,944.725885,1.0,0.0,188.55204190186055,188.55204190186055,0.0,0.0,0.0,0.0,0.9792821743793255,266,30.577903970147887,0.2658653797847864,0.7441033973316675,0.4055095965925016,0.15881870474134172,0.15346201873363408,0.0,nan,0,0,0,0,0.0,0.0,0.0,0.0,1.0
331.414181,495,949.450827,1.0,0.0,331.4141807908657,331.4141807908657,0.0,0.0,0.0,0.0,0.9912705907091164,495,34.6098134659135,0.3634219218886529,1.779467874767447,0.45785128781289763,0.19942383790257,0.18729479794550424,0.0,7.247137907165119,0,0,0,0,0.0,0.0,0.0,0.0,2.0
95.403094,166,952.318246,0.0,1.0,95.40309353954972,95.40309353954972,0.0,0.0,0.0,1.0,0.3442633684169346,166,27.5299734690735,0.16999335518157901,2.0,0.4109973332519273,0.15966172462486358,0.1752341777445322,0.0,nan,0,0,0,0,0.0,0.0,0.0,0.0,2.0
131.6703,235,955.29912,0.0,1.0,131.67030041985882,131.67030041985882,0.0,0.0,0.0,1.0,0.31407285357629156,235,27.73392419865471,0.23234847900817332,1.832757303225754,0.4304958802588443,0.2532578957841751,0.23201363923701834,0.013784361845099508,2.0323974584824316,0,0,0,0,0.0,0.0,0.0,0.0,2.0
107.501553,213,957.994809,0.0,1.0,107.50155335629029,107.50155335629029,0.0,0.0,0.0,1.0,0.3929958022813025,213,31.420084272319574,0.3374996251962355,2.0,0.3679448832788378,0.255013838340419,0.23751538684110687,0.01713447801692505,2.1769166554152064,0,0,0,0,0.0,0.0,0.0,0.0,2.0
192.07663,334,963.721242,0.0,1.0,192.07663044308745,192.07663044308745,0.0,0.0,0.0,1.0,0.515703022595378,334,31.445171415985364,0.3163603990867519,1.7383580922017012,0.4501634728565009,0.19261011374210882,0.18684396129882264,0.009887288236178002,1.8722218563151707,0,0,0,0,0.0,0.0,0.0,0.0,2.0
277.858954,477,971.476054,0.0,1.0,277.85895418849947,277.85895418849947,1.0,1.0,0.0,0.0,0.5612111507474412,477,35.283403290845875,0.4118599387869658,1.3420242781955591,0.47249157612741116,0.2522939101205182,0.21957384003033428,0.08719250429035345,0.07754565224580265,0,0,0,0,0.0,0.0,0.0,0.0,2.0
104.252384,238,974.225281,0.0,1.0,104.2523836150843,104.2523836150843,0.0,0.0,0.0,1.0,0.44345210371077604,238,30.61357746660254,0.5142937745778747,2.0,0.414380197976755,0.21318106941816187,0.17938669639475205,0.0,9.308532392958552,0,0,0,0,0.0,0.0,0.0,0.0,2.0
154.775667,373,980.559634,0.0,1.0,154.77566671241814,154.77566671241814,1.0,1.0,0.0,0.0,0.42069803785419607,373,25.656407010176622,0.3865535328167592,0.9972263011497426,0.4075731649775128,0.25336286545438996,0.2443181503234536,0.0026757605637539902,0.009706548598808025,0,0,0,0,0.0,0.0,0.0,0.0,2.0
353.468688,655,989.859641,0.0,1.0,353.46868826756435,353.46868826756435,1.0,1.0,0.0,0.0,0.8361284099921745,655,30.559761323048086,0.3518923663677655,1.5048297973643752,0.42954481174131387,0.29781957255064984,0.28743545736065346,0.02306959433222291,0.6685212461096057,0,0,0,0,0.0,0.0,0.0,0.0,2.0
50.248775,190,992.815135,0.0,1.0,50.24877497097213,50.24877497097213,0.0,0.0,0.0,1.0,0.17018833576979941,190,23.253290300941618,0.5664873511842788,2.0,0.4488675141412961,0.23508334222592805,0.22830335968419124,0.0,12.377302799356785,0,0,0,0,0.0,0.0,0.0,0.0,2.0
142.532139,274,996.860479,0.0,1.0,142.5321387721331,142.5321387721331,1.0,1.0,0.0,0.0,0.5931212709104763,274,26.805975484829485,0.2562091840663901,1.0339925526019242,0.4273451548477594,0.22402993301405524,0.21657108477432363,0.0503623927717761,1.6108912026765652,0,0,0,0,0.0,0.0,0.0,0.0,2.0
144.367466,211,999.772852,0.0,1.0,144.3674663953098,144.3674663953098,1.0,1.0,0.0,0.0,0.3303263356541402,211,32.2660311727059,0.19636507746167542,0.7172548489084526,0.4422044192233357,0.22316743412289008,0.20256718753073452,0.07618784714518996,0.6455882831098275,0,0,0,0,0.0,0.0,0.0,0.0,2.0
124.926491,251,1002.88675,0.0,1.0,124.92649070348779,124.92649070348779,0.0,0.0,0.0,1.0,0.33381880473085696,251,30.34133213645738,0.36470198184737795,2.0,0.4175214832166277,0.2957283365299027,0.2412173729018861,0.08843451118377146,1.071413925152331,0,0,0,0,0.0,0.0,0.0,0.0,2.0
32.198849,99,1004.020683,0.0,1.0,32.19884927530374,32.19884927530374,1.0,1.0,0.0,0.0,0.10002165076253139,99,23.433024950216414,0.3124542888606914,0.9657764594358533,0.4123607964226694,0.13891957384167294,0.11218583583831787,0.04876012894896912,0.21773975587346267,0,0,0,0,0.0,0.0,0.0,0.0,2.0
44.21762,108,1005.775155,0.0,1.0,44.217620136461164,44.217620136461164,1.0,1.0,0.0,0.0,0.10214137546032259,108,20.825016325639194,0.12185445588292997,0.8200406472339501,0.499090830002118,0.14467608045648644,0.1756304496968234,0.047814890289134375,0.2805589103945753,0,0,0,0,0.0,0.0,0.0,0.0,2.0
456.519595,709,1015.950435,1.0,0.0,456.5195952088397,456.5195952088397,0.0,0.0,0.0,0.0,0.9921369991683531,709,29.294368563195523,0.26806532533142435,0.9588145860245214,0.4600508516346996,0.3103860585578574,0.2837571173864292,0.026013151037798773,0.035179170693422857,0,0,0,0,0.0,0.0,0.0,0.0,2.0
183.48907,277,1019.765834,0.0,1.0,183.4890703394369,183.4890703394369,1.0,1.0,0.0,0.0,0.47573835237335266,277,30.7459287446843,0.20141957879846867,0.8745929654331894,0.43722718847841563,0.2783665024416541,0.2607793868233581,0.10547323940243601,0.08956007775025324,0,0,0,0,0.0,0.0,0.0,0.0,2.0
279.972177,563,1027.165272,0.0,1.0,279.97217673377355,279.97217673377355,1.0,1.0,0.0,0.0,0.8841312635845803,563,29.159359133367737,0.45243469408299025,2.0,0.38351050000737025,0.2662128207950355,0.23373576273503144,0.03039843672902638,0.5072097817866921,0,0,0,0,0.0,0.0,0.0,0.0,2.0
89.920163,240,1030.202409,0.0,1.0,89.9201631953723,89.9201631953723,0.0,0.0,0.0,1.0,0.4303158403229806,240,31.302802696886015,0.5756292406187989,2.0,0.38729441119357944,0.18971980114777884,0.18043084392944972,0.0,nan,0,0,0,0,0.0,0.0,0.0,0.0,2.0
269.49045,438,1036.994329,1.0,0.0,269.49044960269305,269.49044960269305,0.0,0.0,0.0,0.0,0.9884439871633602,438,31.55307183535742,0.3401337552442447,1.680679048576283,0.40730671950331016,0.14746333502199008,0.12899035052077412,0.010948731950841345,1.4461510288426427,0,0,0,0,0.0,0.0,0.0,0.0,2.0
193.931069,365,1041.746806,0.0,1.0,193.93106870560592,193.93106870560592,0.0,0.0,0.0,1.0,0.59297625187852,365,34.57526303888745,0.417598648448006,2.0,0.4255364979374899,0.2308887592733723,0.20778633584714915,0.016162871687942736,2.2089977812286206,0,0,0,0,0.0,0.0,0.0,0.0,2.0
454.570759,600,1050.790129,1.0,0.0,454.5707588932074,454.5707588932074,0.0,0.0,0.0,0.0,0.9903926251925723,600,32.98579858604485,0.23141177293651494,0.9944274967108226,0.40325841075895974,0.23738680789868036,0.22478859265645346,0.0,5.846795180605838,0,0,0,0,0.0,0.0,0.0,0.0,2.0
548.1264,776,1060.889223,1.0,0.0,548.1263996214179,548.1263996214179,0.0,0.0,0.0,0.0,0.9930816761425183,776,32.78496472543135,0.28469248438895584,1.5998119034699212,0.42082708779741657,0.30781281989106196,0.27783614850228594,0.05288951957886584,0.06259865125469308,0,0,0,0,0.0,0.0,0.0,0.0,2.0
389.18067,668,1069.492955,0.0,1.0,389.1806703840926,389.1806703840926,1.0,1.0,0.0,0.0,0.9007146953857992,668,31.66168231786275,0.3455458161599201,1.631715290940858,0.43621932946613984,0.29216662977270025,0.269697623160071,0.03452269347533154,0.48117177209316503,0,0,0,0,0.0,0.0,0.0,0.0,2.0
406.042091,560,1076.249138,1.0,0.0,406.0420905120418,406.0420905120418,0.0,0.0,0.0,0.0,0.9901984925530826,560,30.418026650602283,0.21978048086073976,0.9897705483199499,0.42732360123523644,0.27212982518332346,0.2622233616454261,3.2441651407448175e-05,4.909163376059145,0,0,0,0,0.0,0.0,0.0,0.0,2.0
364.146454,589,1086.070704,1.0,0.0,364.14645423329534,364.14645423329534,0.0,0.0,0.0,0.0,0.9913654286810242,589,28.98200749171596,0.28781135472096114,0.9544118145886744,0.41841159733123,0.2776982988181867,0.2532154365184959,0.014868567438636621,1.7227405232375703,0,0,0,0,0.0,0.0,0.0,0.0,2.0
228.4582,442,1091.513673,0.0,1.0,228.45819973955477,228.45819973955477,1.0,1.0,0.0,0.0,0.872798969600608,442,29.932618024841002,0.3836469185059676,2.0,0.41173629049734295,0.24858772983917823,0.23568113572996666,0.00985716087334825,0.28234045418517745,0,0,0,0,0.0,0.0,0.0,0.0,2.0
480.072239,775,1102.670081,1.0,0.0,480.07223909743783,480.07223909743783,0.0,0.0,0.0,0.0,0.9931681460320996,775,29.235493505598335,0.30606968515897504,1.6331361930468153,0.4228873963557905,0.302434538602829,0.2727256216541413,0.010371875699956472,2.44814175314036,0,0,0,0,0.0,0.0,0.0,0.0,2.0
404.58681,730,1113.090202,0.0,1.0,404.58681006069406,404.58681006069406,1.0,1.0,0.0,0.0,0.9625792788376683,730,31.794014176933523,0.3470277052633587,1.2224096369576276,0.40586228650318434,0.29808478837143887,0.28022776066440425,0.02787851639495023,0.7831841341697253,0,0,0,0,0.0,0.0,0.0,0.0,2.0
107.354334,243,1116.337144,0.0,1.0,107.35433415499905,107.35433415499905,0.0,0.0,0.0,1.0,0.37809220826471124,243,32.99223916997899,0.38613534152472,1.1199069580252707,0.43176640617688006,0.24128442291369653,0.20114042140819408,0.0,5.42569363738781,0,0,0,0,0.0,0.0,0.0,0.0,2.0
148.697021,256,1120.146034,0.0,1.0,148.69702147065516,148.69702147065516,1.0,1.0,0.0,0.0,0.4113869417850433,256,28.434696101506663,0.21754314222396834,0.7228167421334442,0.391195964126382,0.3360310917487368,0.3072065031155944,0.04146852384636232,0.4332659137253553,0,0,0,0,0.0,0.0,0.0,0.0,2.0
173.352145,248,1124.447793,0.0,1.0,173.3521451248568,173.3521451248568,1.0,1.0,0.0,0.0,0.5510111898545746,248,37.82180907950006,0.2938459871201411,0.9307148656669408,0.4409402643570737,0.21740516671730625,0.20888396088154085,0.07128517044800746,0.9205497355829234,0,0,0,0,0.0,0.0,0.0,0.0,2.0
180.441207,316,1129.378399,0.0,1.0,180.44120743676288,180.44120743676288,1.0,1.0,0.0,0.0,0.479688123027095,316,32.94510937854981,0.33561817193114674,0.9782587880401746,0.3902226332987694,0.2735736011704312,0.2485856760906268,0.04421247380335642,1.1127951883978937,0,0,0,0,0.0,0.0,0.0,0.0,2.0
154.154193,268,1133.064234,0.0,1.0,154.1541933080143,154.1541933080143,1.0,1.0,0.0,0.0,0.487733815603895,268,39.15876210764566,0.3512834143861361,1.0693533565764717,0.4179724423882009,0.21629585581484126,0.1780963204245069,0.06515770652451429,1.4530868366269771,0,0,0,0,0.0,0.0,0.0,0.0,2.0
536.282001,824,1145.470471,1.0,0.0,536.2820007078425,536.2820007078425,0.0,0.0,0.0,0.0,0.9924936804848246,824,29.31909342313114,0.2325287360810441,0.9950958824567715,0.4356659252865656,0.32064082068436356,0.28088894471960163,0.018823149110044252,2.072956751080091,0,0,0,0,0.0,0.0,0.0,0.0,2.0
182.707151,366,1150.337278,0.0,1.0,182.70715087326204,182.70715087326204,1.0,1.0,0.0,0.0,0.3778878235600924,366,28.596271703617884,0.3409639897539976,1.6359598144240104,0.3710747943845033,0.3219620233676473,0.25779508567247233,0.04616979539129479,0.5786629591781128,0,0,0,0,0.0,0.0,0.0,0.0,2.0
141.030221,228,1153.414564,0.0,1.0,141.0302211263049,141.0302211263049,1.0,1.0,0.0,0.0,0.4328163771394656,228,30.315052364089155,0.23312080452687364,0.9811396985687553,0.42339675536934746,0.21708470243110992,0.20370074374633923,0.02404568710388517,0.23371381815229672,0,0,0,0,0.0,0.0,0.0,0.0,2.0
396.648183,797,1163.453756,1.0,0.0,396.6481827775214,396.6481827775214,0.0,0.0,0.0,0.0,0.9889194187143548,797,25.403606278467308,0.335648996143055,0.9997602627968314,0.42840693107662414,0.37538983513001667,0.2922214007886171,0.027888146607166764,1.3574540813077687,0,0,0,0,0.0,0.0,0.0,0.0,2.0
178.292797,317,1168.172591,0.0,1.0,178.2927969138992,178.2927969138992,0.0,0.0,0.0,1.0,0.5163780544341174,317,37.649097339827584,0.407559415166973,1.3328834973756396,0.40229911139170266,0.25927157018462943,0.21549116042134137,0.05479870544008167,0.08705923210547946,0,0,0,0,0.0,0.0,0.0,0.0,3.0
161.020267,381,1175.857193,0.0,1.0,161.02026730293437,161.02026730293437,0.0,0.0,0.0,1.0,0.35564618425536554,381,25.27322357900792,0.3261251572309736,1.7446537245877838,0.39594727318509043,0.31470293667059873,0.2994825886929129,0.001350561447897188,4.429969346584156,0,0,0,0,0.0,0.0,0.0,0.0,3.0
143.919437,368,1183.390042,0.0,1.0,143.9194374705807,143.9194374705807,1.0,1.0,0.0,0.0,0.43383702083446485,368,26.122844529483423,0.4399473460731651,1.085998040472484,0.44160542825398885,0.3224300382577855,0.29151603611915006,0.07459643570315161,0.09057269176173716,0,0,0,0,0.0,0.0,0.0,0.0,3.0
482.446194,794,1200.245455,1.0,0.0,482.4461943588257,482.4461943588257,0.0,0.0,0.0,0.0,0.9926803458159184,794,26.397112977228883,0.23802894312529216,0.9916048608107794,0.39899865969527576,0.33612008685579225,0.3155453987325769,0.007116003743723809,2.4017583850746176,0,0,0,0,0.0,0.0,0.0,0.0,3.0
212.913692,437,1207.720174,0.0,1.0,212.91369218994595,212.91369218994595,1.0,1.0,0.0,0.0,0.4331235303298979,437,28.14505211997316,0.3001091303577989,1.0134520206565734,0.39416271113541224,0.3269529859247688,0.31407989674083703,0.04193731791081536,1.4708693145808998,0,0,0,0,0.0,0.0,0.0,0.0,3.0
80.494709,173,1211.718712,0.0,1.0,80.49470913585017,80.49470913585017,0.0,0.0,0.0,1.0,0.20953917782856024,173,31.988075938115855,0.3672503619111207,1.0377854928116188,0.43263712017177847,0.1768394419223587,0.17222201755281127,0.0,nan,0,0,0,0,0.0,0.0,0.0,0.0,3.0
260.262546,489,1220.188657,0.0,1.0,260.26254604047597,260.26254604047597,1.0,1.0,0.0,0.0,0.46302161407951414,489,26.999053208598983,0.2775850745826885,0.9933941310201917,0.364526325513005,0.3146185326429964,0.2914489187102133,0.03080125246521052,1.4883145831748983,0,0,0,0,0.0,0.0,0.0,0.0,3.0
241.7878,588,1231.58171,0.0,1.0,241.78780028658167,241.78780028658167,1.0,1.0,0.0,0.0,0.5484763044765586,588,24.138177003966653,0.3873636246817274,0.9979747614726467,0.42145149656856545,0.34642073590637873,0.3225996787754857,0.0840646910378956,0.6969962430878723,0,0,0,0,0.0,0.0,0.0,0.0,3.0
42.548363,95,1234.20691,0.0,1.0,42.548362541877125,42.548362541877125,1.0,1.0,0.0,0.0,0.09153558691582725,95,24.248326879858713,0.17082999890725342,0.4982272068898903,0.4305812190237798,0.15469478807951276,0.14121476286335996,0.09113313875828018,0.13585995411652427,0,0,0,0,0.0,0.0,0.0,0.0,3.0
217.756869,400,1242.143207,0.0,1.0,217.75686913294422,217.75686913294422,1.0,1.0,0.0,0.0,0.44991718640743633,400,28.481154641368807,0.32927782992807975,1.301906536823558,0.3693185883201659,0.3199578207731247,0.2729749482870102,0.01458473503568912,2.6850926180945143,0,0,0,0,0.0,0.0,0.0,0.0,3.0
168.804905,340,1248.959106,0.0,1.0,168.8049053150751,168.8049053150751,1.0,1.0,0.0,0.0,0.36598994545260305,340,33.76942357445413,0.36075760100193166,1.8801091360160636,0.3956666302593315,0.23578752980512732,0.2110812576378093,0.03539444812442697,0.06605715409253568,0,0,0,0,0.0,0.0,0.0,0.0,3.0
244.58452,435,1257.754543,0.0,1.0,244.58451970748175,244.58451970748175,1.0,1.0,0.0,0.0,0.44326321193733653,435,28.7409481084693,0.259978474866114,0.9982698337381792,0.4028949667303555,0.3675992578610607,0.31169436265682354,0.06872809352753194,0.03299633352926346,0,0,0,0,0.0,0.0,0.0,0.0,3.0
98.544075,203,1261.929147,0.0,1.0,98.5440751188831,98.5440751188831,1.0,1.0,0.0,0.0,0.3332034730265145,203,34.03699535071711,0.4366124140710012,0.9940028590778278,0.3942278131035161,0.24580975970611196,0.22202646438711382,0.026293582170965748,0.33784951318213846,0,0,0,0,0.0,0.0,0.0,0.0,3.0
223.702329,400,1270.223024,0.0,1.0,223.70232887935526,223.70232887935526,1.0,1.0,0.0,0.0,0.574128912227419,400,26.161772606474127,0.23361736222423488,0.8197494682579889,0.426827444457449,0.36254638440907,0.33131143912672995,0.07518494240727243,0.059776883596721925,0,0,0,0,0.0,0.0,0.0,0.0,2.0
191.85045,426,1276.565689,0.0,1.0,191.85044951913096,191.85044951913096,1.0,1.0,0.0,0.0,0.4146839881552544,426,23.823583492702976,0.31813152467869416,0.9747466811799064,0.4091461092810815,0.39069627078486163,0.3266486708826862,0.04248249678950589,0.7168089325528415,0,0,0,0,0.0,0.0,0.0,0.0,2.0
286.002327,456,1283.602302,0.0,1.0,286.00232744771637,286.00232744771637,1.0,1.0,0.0,0.0,0.7656667833323776,456,35.1567691831248,0.32358727620411026,0.9597533744534757,0.4250669532635233,0.28405796540410894,0.2516491535985679,0.09557330312504565,0.04779124055405258,0,0,0,0,0.0,0.0,0.0,0.0,2.0
87.93444,174,1287.216531,0.0,1.0,87.9344395544022,87.9344395544022,0.0,0.0,0.0,1.0,0.35137674903419885,174,26.589990873386306,0.2340447616159793,1.4124918992514726,0.3823136527134084,0.31085016021783324,0.2783463881618675,0.0,nan,0,0,0,0,0.0,0.0,0.0,0.0,2.0
347.336085,520,1294.031774,1.0,0.0,347.3360849837427,347.3360849837427,0.0,0.0,0.0,0.0,0.9878636661585567,520,32.562839116266595,0.32855036869129184,1.2005067840246355,0.41020202996352545,0.28502456018557915,0.26715783820702477,0.013894639024505826,1.3776058145442993,0,0,0,0,0.0,0.0,0.0,0.0,2.0
337.961616,611,1304.372354,0.0,1.0,337.96161559584175,337.96161559584175,1.0,1.0,0.0,0.0,0.7067314023924386,611,28.303962354827803,0.3473382796895272,1.2906774350167993,0.3957026854047701,0.37858256856177713,0.3302534491360285,0.0913401806206887,0.03939558115240369,0,0,0,0,0.0,0.0,0.0,0.0,2.0
41.094742,130,1305.956132,0.0,1.0,41.09474189302212,41.09474189302212,0.0,0.0,0.0,1.0,0.18712344329946287,130,26.796431474102672,0.41102051519758537,2.0,0.3541204387178788,0.17643703405673689,0.169192557151501,0.0021638625545220788,4.271360824659861,0,0,0,0,0.0,0.0,0.0,0.0,2.0
114.380368,289,1309.897119,0.0,1.0,114.38036791499253,114.38036791499253,0.0,0.0,0.0,1.0,0.29841195622271066,289,28.09802446856613,0.39559840920633693,1.321174748157524,0.34257702357989694,0.20326994117156033,0.18518423745376428,0.0,6.708231413009805,0,0,0,0,0.0,0.0,0.0,0.0,2.0
37.149028,97,1311.07034,0.0,1.0,37.14902807466243,37.14902807466243,1.0,1.0,0.0,0.0,0.1488904525188692,97,24.484808688439397,0.2648565585768519,0.6252909939530441,0.38955135628120185,0.191090610838428,0.20093573921734526,0.11653438608521138,0.29600828491130937,0,0,0,0,0.0,0.0,0.0,0.0,2.0
493.023521,885,1324.059732,1.0,0.0,493.0235208405421,493.0235208405421,0.0,0.0,0.0,0.0,0.994158180298616,885,30.44450264424554,0.41069796532887054,1.7057187905588003,0.4031493312095181,0.330563892348338,0.31019711575265657,0.030712421855811856,0.10597938055109418,0,0,0,0,0.0,0.0,0.0,0.0,2.0
448.33574,637,1333.236327,1.0,0.0,448.33573977270856,448.33573977270856,0.0,0.0,0.0,0.0,0.9927010203611346,637,31.842267170198987,0.2613962213117951,0.9987110629324889,0.4308933482112091,0.35171827697304764,0.3146497401375224,0.036502038620768715,1.8278130479747616,0,0,0,0,0.0,0.0,0.0,0.0,2.0
334.265817,479,1340.57174,1.0,0.0,334.265817132572,334.265817132572,0.0,0.0,0.0,0.0,0.9890458644557654,479,30.897823499611096,0.26079796354386253,1.0631255767857875,0.3752828626436549,0.30271745362709856,0.25695257346167194,0.0031252727283891746,2.4015903423383445,0,0,0,0,0.0,0.0,0.0,0.0,2.0
157.181617,216,1343.574221,0.0,1.0,157.18161713651202,157.18161713651202,1.0,1.0,0.0,0.0,0.36480586312832597,216,34.97093003458794,0.21895006463624178,0.7635871492276431,0.4255734642588154,0.23940044365547322,0.22513108562540124,0.09364855376488694,0.03595680500291378,0,0,0,0,0.0,0.0,0.0,0.0,2.0
137.659259,240,1347.669883,0.0,1.0,137.65925949784335,137.65925949784335,0.0,0.0,0.0,1.0,0.2907128969580376,240,31.050356034660762,0.29622998310714765,2.0,0.3935522827630242,0.24689165900150936,0.2434428259730339,0.0,5.368124679743698,0,0,0,0,0.0,0.0,0.0,0.0,2.0
484.473885,927,1361.227823,1.0,0.0,484.47388503948696,484.47388503948696,0.0,0.0,0.0,0.0,0.9925959043901577,927,24.844066099411222,0.30754070418436935,1.0011536351783348,0.38592238436496246,0.3689341333241653,0.3358548075893036,0.027035928288235228,1.093355012982197,0,0,0,0,0.0,0.0,0.0,0.0,2.0
580.955285,987,1375.193757,1.0,0.0,580.9552854461854,580.9552854461854,0.0,0.0,0.0,0.0,0.9941001625130131,987,30.677126445267778,0.34900672351003853,2.0,0.3859602635218682,0.32636134125662186,0.2992517423364046,0.03433477363995359,0.9286669749952348,0,0,0,0,0.0,0.0,0.0,0.0,2.0
84.130172,187,1378.418684,0.0,1.0,84.13017209195839,84.13017209195839,1.0,1.0,0.0,0.0,0.3291995313691168,187,34.351593138996755,0.4314919173364129,1.5752894148670402,0.36177169667048886,0.15660578873068254,0.1603501630339393,0.0,nan,0,0,0,0,0.0,0.0,0.0,0.0,2.0
598.856781,900,1392.36796,1.0,0.0,598.8567809650481,598.8567809650481,0.0,0.0,0.0,0.0,0.9939010561591922,900,28.942733771111385,0.22282328300904944,1.340847401915416,0.3923521971060998,0.3481067948871189,0.30890538957383895,0.03024763015356824,0.9606590952267331,0,0,0,0,0.0,0.0,0.0,0.0,2.0
456.476202,629,1401.61569,1.0,0.0,456.47620196124,456.47620196124,0.0,0.0,0.0,0.0,0.9924329514179597,629,33.652237713257485,0.27698308791524795,0.9877195295689167,0.37689991995976535,0.30043528199385383,0.2698023272811514,0.008906722371700248,2.9394694519405373,0,0,0,0,0.0,0.0,0.0,0.0,2.0
259.709652,496,1408.735981,0.0,1.0,259.7096517895612,259.7096517895612,1.0,1.0,0.0,0.0,0.5247993232418228,496,30.11947610332572,0.3319415010350274,1.455640813359668,0.40312391873298875,0.3386771906948378,0.2950233847744042,0.0350733925251842,0.9714751859437113,0,0,0,0,0.0,0.0,0.0,0.0,2.0
462.804635,644,1416.463298,1.0,0.0,462.80463450050763,462.80463450050763,0.0,0.0,0.0,0.0,0.9912900775496611,644,30.46588746856234,0.21660446969189023,0.8578200447781863,0.3936256496004344,0.38844853688193404,0.3271073318138626,0.014806722722859648,3.1556564699376057,0,0,0,0,0.0,0.0,0.0,0.0,2.0
192.643853,275,1421.34976,0.0,1.0,192.64385316149745,192.64385316149745,1.0,1.0,0.0,0.0,0.48634981665186117,275,33.05951504751632,0.21245086153269852,0.9908550334542451,0.3735844224284996,0.2938182113387368,0.2720149779319763,0.024981734791263494,0.7391128350166729,0,0,0,0,0.0,0.0,0.0,0.0,2.0
557.158565,815,1431.658373,1.0,0.0,557.1585645004102,557.1585645004102,0.0,0.0,0.0,0.0,0.9930202911136639,815,30.90427046851486,0.24936332079885498,0.9495940451497652,0.3709204852535315,0.3659046060102849,0.34166415673823447,0.01431112770985035,2.345755644509255,0,0,0,0,0.0,0.0,0.0,0.0,2.0
547.835213,831,1444.228783,1.0,0.0,547.8352134424483,547.8352134424483,0.0,0.0,0.0,0.0,0.9937947941937728,831,32.36654325296938,0.34420432597165007,1.905521375025209,0.37975184894676817,0.39679181149003023,0.35053472247795076,0.045159118989126806,0.0648261644521602,0,0,0,0,0.0,0.0,0.0,0.0,3.0
36.686049,84,1446.063987,0.0,1.0,36.68604915808069,36.68604915808069,1.0,1.0,0.0,0.0,0.09460552834439986,84,25.530859713744235,0.21250517334709926,0.7254856079419326,0.33540102041193415,0.1901658141896838,0.1834505477121898,0.13450438216826233,0.39707675817622995,0,0,0,0,0.0,0.0,0.0,0.0,3.0
123.564661,193,1451.269768,0.0,1.0,123.56466108626788,123.56466108626788,1.0,1.0,0.0,0.0,0.31236742672273743,193,33.2986797602176,0.2666439590113363,0.6535738845028896,0.40891141506211126,0.21488348467980023,0.20333367987617929,0.0,10.917153591186127,0,0,0,0,0.0,0.0,0.0,0.0,3.0
33.707128,94,1454.587609,0.0,1.0,33.707127714874495,33.707127714874495,1.0,1.0,0.0,0.0,0.0994713437427041,94,22.745995705144207,0.26047794306568944,0.712133371555104,0.377023540833529,0.2638446714015717,0.28817460511593107,0.12100516021560151,0.4724860635700969,0,0,0,0,0.0,0.0,0.0,0.0,3.0
419.086648,657,1464.016829,1.0,0.0,419.0866481852443,419.0866481852443,0.0,0.0,0.0,0.0,0.9911306028208707,657,27.88469443026682,0.2445443565731054,0.9716589083726191,0.382945738517349,0.3815088692139636,0.3425799099277688,0.023545672654179,0.28473107943793613,0,0,0,0,0.0,0.0,0.0,0.0,3.0
462.912695,1100,1484.423199,0.0,0.0,462.9126954208864,462.9126954208864,0.0,0.0,0.0,0.0,0.6187982995614799,1100,19.88822657201425,0.23958663692132032,1.203284737681807,0.38438220260495487,0.4241266820105639,0.40844586767933583,0.021403639793024135,0.05196663824075794,0,0,0,0,0.0,0.0,0.0,0.0,3.0
237.054744,428,1492.337563,0.0,1.0,237.05474361000427,237.05474361000427,1.0,1.0,0.0,0.0,0.5522639494168613,428,30.217938700509748,0.30420430887744426,0.7249590272829609,0.38289994570626834,0.3823088635908109,0.33910215290907386,0.06710418443913971,0.4627133485511269,0,0,0,0,0.0,0.0,0.0,0.0,3.0
430.632034,1100,1512.181648,0.0,0.0,430.6320337378407,430.6320337378407,0.0,0.0,0.0,0.0,0.8167575029792722,1100,17.680238538862287,0.24209519238785654,1.1802044756708914,0.3865366596356034,0.46009654391895644,0.39444237280975686,0.006237736763382185,2.7727888427206127,0,0,0,0,0.0,0.0,0.0,0.0,3.0
90.912551,298,1520.554582,0.0,1.0,90.9125512838388,90.9125512838388,1.0,1.0,0.0,0.0,0.27273731784888366,298,23.347165314671933,0.5401572295760294,1.330289696871856,0.3899105146977325,0.3469520310227503,0.30451357604673246,0.026774536410849644,1.850511890778366,0,0,0,0,0.0,0.0,0.0,0.0,3.0
351.795043,776,1533.137283,0.0,1.0,351.79504255902526,351.79504255902526,1.0,1.0,0.0,0.0,0.7649468453850992,776,25.179040069103074,0.4410360435147415,2.0,0.3868847748591113,0.36771470690434127,0.3268315384606111,0.03749500232256022,0.9143290087594287,0,0,0,0,0.0,0.0,0.0,0.0,3.0
226.617737,459,1540.346564,0.0,1.0,226.6177373988055,226.6177373988055,1.0,1.0,0.0,0.0,0.4486147659118747,459,26.412821217290993,0.31499089621191306,0.9024757617011016,0.38856996039906616,0.38100778822805365,0.34002672535142087,0.03696645254106842,1.371233060012093,0,0,0,0,0.0,0.0,0.0,0.0,3.0
402.054823,1042,1559.484506,0.0,1.0,402.0548231600776,402.0548231600776,1.0,1.0,0.0,0.0,0.6674916820106574,1042,18.262188241375867,0.29808033860066396,0.7481544505183441,0.3913607390708292,0.4535800248899295,0.3937917898575312,0.07068725767346369,0.8612314385044292,0,0,0,0,0.0,0.0,0.0,0.0,3.0
29.227379,94,1561.208951,0.0,1.0,29.22737867838648,29.22737867838648,1.0,1.0,0.0,0.0,0.09770393831398198,94,23.9141921320771,0.36563469712467606,0.9595892087600874,0.40819285096640284,0.21329522386510322,0.20224102507246303,0.0,nan,0,0,0,0,0.0,0.0,0.0,0.0,3.0
255.285486,516,1573.138963,0.0,1.0,255.2854860709669,255.2854860709669,1.0,1.0,0.0,0.0,0.6208749224780378,516,25.230368465596452,0.3059562964754392,0.9888469630328859,0.4156331185020449,0.38063482885328376,0.34123235657926676,0.005399146285347408,3.278355089368046,0,0,0,0,0.0,0.0,0.0,0.0,3.0
80.105549,222,1576.967957,0.0,1.0,80.1055492426647,80.1055492426647,0.0,0.0,0.0,1.0,0.2463631260377306,222,33.51040416432462,0.5143027972392934,1.7680726223362064,0.3851154040511664,0.30769211053848267,0.28498258730312725,0.0,8.534310378656905,0,0,0,0,0.0,0.0,0.0,0.0,3.0
279.354257,560,1589.686762,0.0,1.0,279.3542571446879,279.3542571446879,1.0,1.0,0.0,0.0,0.5642697475503855,560,25.5380586609695,0.2869158038251392,0.9079003860405861,0.3789134722369324,0.4061152050005538,0.32461190766521864,0.0770845180142687,0.4843660230799359,0,0,0,0,0.0,0.0,0.0,0.0,3.0
159.247621,255,1594.563632,0.0,1.0,159.24762089159643,159.24762089159643,1.0,1.0,0.0,0.0,0.31659943785019384,255,33.98320303641376,0.32189957190016244,0.979748876580219,0.38609738799871185,0.3362041145855305,0.3025928963048785,0.09994878905161134,1.2239742288009676,0,0,0,0,0.0,0.0,0.0,0.0,3.0
519.489791,784,1606.975848,1.0,0.0,519.489790954337,519.489790954337,0.0,0.0,0.0,0.0,0.992340311827625,784,29.046710440551173,0.25660088798740505,1.1403135541083618,0.3775209038142989,0.34521951469383677,0.3190312476030418,0.06899607597054588,0.061074460596716056,0,0,0,0,0.0,0.0,0.0,0.0,2.0
549.753963,815,1619.164437,1.0,0.0,549.7539629119972,549.7539629119972,0.0,0.0,0.0,0.0,0.9924568555055601,815,30.846492716772254,0.25716777139214914,0.9674304345172798,0.36767613966406487,0.3389261532232074,0.3074220978043562,0.026159894220532446,0.7847505262205122,0,0,0,0,0.0,0.0,0.0,0.0,2.0
436.423144,672,1627.72494,1.0,0.0,436.42314437725196,436.42314437725196,0.0,0.0,0.0,0.0,0.9937980303591102,672,35.49303388574591,0.4094538782558913,1.601737569883555,0.36047801066056956,0.2878345556645876,0.25505381263792515,0.017912406668015187,0.8792369176364964,0,0,0,0,0.0,0.0,0.0,0.0,2.0
341.247471,544,1634.854972,1.0,0.0,341.2474711607545,341.2474711607545,0.0,0.0,0.0,0.0,0.9900405600649625,544,30.08828713312392,0.3178509062685366,0.954997116815132,0.406913625446203,0.3347672766951077,0.2900201197275344,0.0,6.097641326780393,0,0,0,0,0.0,0.0,0.0,0.0,2.0
320.454248,540,1641.340138,1.0,0.0,320.45424773286777,320.45424773286777,0.0,0.0,0.0,0.0,0.9901786545387055,540,29.45797766518319,0.3480713664525808,1.1474759404454056,0.37400950998481775,0.3945864222943783,0.3368550903819226,0.0,5.004618434669862,0,0,0,0,0.0,0.0,0.0,0.0,2.0
308.299106,561,1649.014214,1.0,0.0,308.29910592459316,308.29910592459316,0.0,0.0,0.0,0.0,0.9896791473125393,561,29.220682739214997,0.41516553603306233,0.9361532308987542,0.3733226148056368,0.34697449409175474,0.31881471294345276,0.03139416513673285,1.0057222793653298,0,0,0,0,0.0,0.0,0.0,0.0,3.0
184.746941,381,1656.519284,0.0,1.0,184.74694117099781,184.74694117099781,1.0,1.0,0.0,0.0,0.4199347430324925,381,29.668605088431676,0.4071724429187228,1.3456611610289313,0.4004527163004938,0.3565433999606631,0.29325614677952344,0.024438588919771857,0.7914473419487893,0,0,0,0,0.0,0.0,0.0,0.0,3.0
434.550864,1100,1678.175483,0.0,0.0,434.5508636719887,434.5508636719887,0.0,0.0,0.0,0.0,0.972743352691422,1100,23.688068624456182,0.37553660426751595,1.4931272331624297,0.3796548526192253,0.3803976615315134,0.3511082811518149,0.021430926123812227,0.764918442238192,0,0,0,0,0.0,0.0,0.0,0.0,3.0
477.288054,976,1698.393329,1.0,0.0,477.2880544226274,477.2880544226274,0.0,0.0,0.0,0.0,0.9920516103385106,976,23.907743685935174,0.33242235022237593,1.30948909617327,0.383779155464507,0.3992731496691704,0.364980189465597,0.03974541336459827,1.9114381214772311,0,0,0,0,0.0,0.0,0.0,0.0,3.0
296.275831,489,1705.871953,0.0,1.0,296.27583085665157,296.27583085665157,1.0,1.0,0.0,0.0,0.6851393682481018,489,27.726923990607574,0.19920063511302827,0.990106064681057,0.39983420395473274,0.33387106023195573,0.3221254178107638,0.02606016075523093,1.6934456845644714,0,0,0,0,0.0,0.0,0.0,0.0,3.0
106.487063,261,1710.899452,0.0,1.0,106.48706318335569,106.48706318335569,0.0,0.0,0.0,1.0,0.3050207453602998,261,30.265243327593907,0.44312163229581836,1.1048496690421512,0.34716801048466983,0.2229751917137497,0.19810986473185807,0.0,nan,0,0,0,0,0.0,0.0,0.0,0.0,3.0
120.439429,295,1716.541774,0.0,1.0,120.43942879456048,120.43942879456048,1.0,1.0,0.0,0.0,0.41090967648192767,295,29.005959000906998,0.485560142982118,1.698453379155896,0.3696110300593457,0.2213922820859036,0.22061102491314127,0.0038815607037087653,0.32023704033265277,0,0,0,0,0.0,0.0,0.0,0.0,3.0
321.732247,1100,1737.012982,0.0,0.0,321.7322466008724,321.7322466008724,0.0,0.0,0.0,0.0,0.5912405506933546,1100,14.28708707077556,0.3776998441447124,1.2911550769052773,0.3885205004821447,0.47201833939010446,0.4092860557816245,0.022941523417748008,1.5706710614934838,0,0,0,0,0.0,0.0,0.0,0.0,3.0
205.107003,493,1745.374751,0.0,1.0,205.1070030117844,205.1070030117844,1.0,1.0,0.0,0.0,0.4633553914491785,493,27.99391472614026,0.47122036442769755,1.108220089704877,0.3661892062570696,0.3038227261926291,0.2934517237767728,0.012741337854206745,0.2919099050816994,0,0,0,0,0.0,0.0,0.0,0.0,3.0
185.178976,501,1754.73645,0.0,1.0,185.17897627020528,185.17897627020528,0.0,0.0,0.0,1.0,0.41740561910831636,501,26.50297828663478,0.6536135562594532,2.0,0.36750767055616346,0.3689513608605086,0.3315335816727903,0.02463348671151715,1.683486849902757,0,0,0,0,0.0,0.0,0.0,0.0,3.0
407.586846,1100,1775.2018,0.0,0.0,407.58684594792953,407.58684594792953,0.0,0.0,0.0,0.0,0.7696823168180608,1100,18.699436047802465,0.31901169685155156,1.1823089644272164,0.3814801152524623,0.4384039028666236,0.4008458624644713,0.03633547167227263,1.7700275731557435,0,0,0,0,0.0,0.0,0.0,0.0,3.0
254.872667,521,1784.6929,0.0,1.0,254.87266729574668,254.87266729574668,0.0,0.0,0.0,1.0,0.48226175807512334,521,27.196744938204766,0.5040452180526868,1.617725538094993,0.3796537565621556,0.407457362324171,0.37450202241282543,0.03889675671780359,0.9815413363096062,0,0,0,0,0.0,0.0,0.0,0.0,3.0
99.751154,293,1789.610583,0.0,1.0,99.75115394335593,99.75115394335593,0.0,0.0,0.0,1.0,0.29724377744973857,293,28.33934293296539,0.3575011801107075,1.4009189549841485,0.3593277593267249,0.3482012948078507,0.3658002399340424,0.0,7.302520530663169,0,0,0,0,0.0,0.0,0.0,0.0,3.0
205.28532,370,1796.226325,0.0,1.0,205.28531971625475,205.28531971625475,0.0,0.0,0.0,1.0,0.4843500475675515,370,26.882331995497196,0.24355585676789282,1.4963433131833679,0.36873970333788847,0.382944966168017,0.3326428355397405,0.002558576685136556,3.346521340554127,0,0,0,0,0.0,0.0,0.0,0.0,3.0
