#{"t_start": 1782775820.0371902, "env_id": "None"}
r,l,t,is_success,episode_cost,episode_base_reward,episode_shaped_reward,episode_collision,episode_crash_vehicle,episode_crash_object,episode_out_of_road,episode_route_completion,episode_length,episode_mean_speed,episode_mean_lane_deviation,episode_max_lane_deviation,episode_steering_variation,episode_accel_variation,episode_jerk,episode_ttc_risk,episode_min_ttc,shield_intervention,shield_soft,shield_hard,overspeed_guard,shield_intervention_rate,shield_soft_rate,shield_hard_rate,overspeed_guard_rate,curriculum_stage
6.397532,600,2.401456,0.0,0.0,6.3975320209850715,6.3975320209850715,0.0,0.0,0.0,0.0,0.09362302125438456,600,0.6489626977159352,0.0856213762432271,0.17398905675155743,0.8193350073757271,0.7885123546607793,0.6328706435486674,0.0,nan,0,0,0,0,0.0,0.0,0.0,0.0,0.0
4.945494,600,4.794792,0.0,0.0,4.9454942339617745,4.9454942339617745,0.0,0.0,0.0,0.0,0.11653327415970059,600,0.7402556012024495,0.2459666367954112,0.5514553271696896,0.8194503625606497,0.7980539187447478,0.6218403532045583,0.0,nan,0,0,0,0,0.0,0.0,0.0,0.0,0.0
9.942874,600,6.327849,0.0,0.0,9.942873664475337,9.942873664475337,0.0,0.0,0.0,0.0,0.13304613777139307,600,0.9153710334407541,0.09071588083424022,0.3443431621176457,0.8054825003693501,0.8074430537347992,0.6117063755045334,0.0,nan,0,0,0,0,0.0,0.0,0.0,0.0,0.0
7.528974,600,8.656474,0.0,0.0,7.528974341267705,7.528974341267705,0.0,0.0,0.0,0.0,0.1430983881883803,600,0.933713392979839,0.289763310286659,0.6051023989304424,0.8256587692598502,0.8250807598233223,0.6259795726339022,0.0,nan,0,0,0,0,0.0,0.0,0.0,0.0,0.0
12.866883,600,10.239947,0.0,0.0,12.866882539241715,12.866882539241715,0.0,0.0,0.0,0.0,0.15357843363538942,600,1.1347172513773118,0.11763735610596503,0.535647411142769,0.7949708683726688,0.788078585639596,0.5941811482608318,0.0,nan,0,0,0,0,0.0,0.0,0.0,0.0,0.0
12.896186,600,12.67375,0.0,0.0,12.896185633855923,12.896185633855923,0.0,0.0,0.0,0.0,0.19066796944918282,600,1.3351718451660999,0.32895982577384714,0.8587282098877305,0.7548384132981301,0.7454212765643994,0.5982374170919259,0.0,nan,0,0,0,0,0.0,0.0,0.0,0.0,0.0
4.830804,600,15.138878,0.0,0.0,4.830804103450532,4.830804103450532,0.0,0.0,0.0,0.0,0.22838420243587976,600,1.4706007851835528,1.212562790536048,2.0,0.8557660246392091,0.7303523858388264,0.5942773186167081,0.0,nan,0,0,0,0,0.0,0.0,0.0,0.0,0.0
6.141092,600,16.775316,0.0,0.0,6.141092400040796,6.141092400040796,0.0,0.0,0.0,0.0,0.2590969850632155,600,1.5861424701298221,1.5869995309548082,2.0,0.8313637143373489,0.6842514181882143,0.5311503415803115,0.0,nan,0,0,0,0,0.0,0.0,0.0,0.0,0.0
22.094995,600,19.180397,0.0,0.0,22.094995139294397,22.094995139294397,0.0,0.0,0.0,0.0,0.26881789429799957,600,1.8193747854421334,0.22123956459712327,0.43155692685278435,0.81608933934321,0.6319744577507178,0.5299329283833504,0.0,nan,0,0,0,0,0.0,0.0,0.0,0.0,0.0
19.83405,600,21.008538,0.0,0.0,19.834050265295282,19.834050265295282,0.0,0.0,0.0,0.0,0.27862934729541033,600,1.7598250705811729,0.2820610037931075,0.9969544091921111,0.8130615713881949,0.6498873276511828,0.5610983175039291,0.0,nan,0,0,0,0,0.0,0.0,0.0,0.0,0.0
10.677246,600,23.519781,0.0,0.0,10.677246484964481,10.677246484964481,0.0,0.0,0.0,0.0,0.4147720722824027,600,2.304945022102491,1.2144341608749207,2.0,0.7801106191302339,0.6093525970478852,0.48925761103630067,0.0,nan,0,0,0,0,0.0,0.0,0.0,0.0,0.0
29.22815,600,26.057823,0.0,0.0,29.22815029234742,29.22815029234742,0.0,0.0,0.0,0.0,0.40608216989348833,600,2.1910873866959726,0.15765646156377475,0.6392115887313189,0.8188091239891946,0.6352878687779109,0.5034839341044426,0.0,nan,0,0,0,0,0.0,0.0,0.0,0.0,0.0
32.544357,600,27.785803,0.0,0.0,32.54435656330382,32.54435656330382,0.0,0.0,0.0,0.0,0.5279590320217571,600,3.0574488312613255,0.3799081374127545,0.9870411942890939,0.7986457997187972,0.548709971656402,0.458904977440834,0.0,nan,0,0,0,0,0.0,0.0,0.0,0.0,0.0
35.534405,600,30.279764,0.0,0.0,35.53440456465234,35.53440456465234,0.0,0.0,0.0,0.0,0.5128585961185762,600,3.0547417843829883,0.2695753335634185,0.7776711851596179,0.7888827285543084,0.5644462045530478,0.4521682405471802,0.0,nan,0,0,0,0,0.0,0.0,0.0,0.0,0.0
43.922896,600,32.082161,0.0,0.0,43.9228959335811,43.9228959335811,0.0,0.0,0.0,0.0,0.5700206589203233,600,3.9657175847938335,0.3180402262120102,0.9927619430878103,0.7888284661869208,0.5051459799706935,0.44045427471399307,0.0,nan,0,0,0,0,0.0,0.0,0.0,0.0,0.0
77.486875,757,35.320527,1.0,0.0,77.48687450074952,77.48687450074952,0.0,0.0,0.0,0.0,0.9615043635513439,757,5.9789395545133734,0.6218442931619563,2.0,0.7089498884178688,0.4646480881081232,0.37262712468244286,0.0,nan,0,0,0,0,0.0,0.0,0.0,0.0,1.0
80.780052,800,40.116309,0.0,0.0,80.78005238024764,80.78005238024764,0.0,0.0,0.0,0.0,0.539487175226886,800,6.364937164602491,0.4507434743719794,1.426356582085765,0.7481460451427847,0.41712196324020623,0.35775381870567796,0.0,nan,0,0,0,0,0.0,0.0,0.0,0.0,1.0
104.067178,800,45.276878,0.0,0.0,104.06717796011334,104.06717796011334,0.0,0.0,0.0,0.0,0.3406021760200324,800,7.27298217553608,0.3590255044841916,0.9986449585898414,0.7602789404802024,0.3818400611355901,0.3172450657188892,0.0,nan,0,0,0,0,0.0,0.0,0.0,0.0,1.0
113.954032,800,49.759716,0.0,0.0,113.95403167037975,113.95403167037975,0.0,0.0,0.0,0.0,0.9443029811059276,800,9.228616817246014,0.41644619916078107,1.010916389723994,0.7337892459705472,0.3462649270147085,0.3170521412789822,0.0,nan,0,0,0,0,0.0,0.0,0.0,0.0,1.0
0.331255,79,50.394315,0.0,1.0,0.3312545103669695,0.3312545103669695,0.0,0.0,0.0,1.0,0.03923055244974472,79,8.196545268136155,0.29746934906609707,1.0423336684417521,0.7325983352110356,0.3870728808113291,0.28432454036760935,0.0,nan,0,0,0,0,0.0,0.0,0.0,0.0,0.0
91.174445,351,52.717428,1.0,0.0,91.1744453694971,91.1744453694971,0.0,0.0,0.0,0.0,0.9563392050023767,351,10.498883389554257,0.2718392144639344,0.9853414035760529,0.7309422531189063,0.29196414122214687,0.2662986888844743,0.0,nan,0,0,0,0,0.0,0.0,0.0,0.0,0.0
95.595682,443,54.21205,1.0,0.0,95.59568157130427,95.59568157130427,0.0,0.0,0.0,0.0,0.9617287799936579,443,9.852015915400145,0.3795156568505434,0.9976908297888748,0.739771989916302,0.3079987508717832,0.2782820947552373,0.0,nan,0,0,0,0,0.0,0.0,0.0,0.0,0.0
94.66266,361,56.312557,1.0,0.0,94.66265987888526,94.66265987888526,0.0,0.0,0.0,0.0,0.955200226558731,361,10.388324481135962,0.2878755971477554,0.994379319517874,0.7176436945548348,0.34878994520351164,0.293601507955641,0.0,nan,0,0,0,0,0.0,0.0,0.0,0.0,1.0
51.871335,276,58.550478,0.0,1.0,51.8713345538316,51.8713345538316,1.0,1.0,0.0,0.0,0.2410330753408939,276,12.535481401011715,0.37014151458055744,0.9906212978426203,0.6570880305885837,0.3177829605081807,0.26470809311106586,0.0,nan,0,0,0,0,0.0,0.0,0.0,0.0,1.0
19.15736,153,59.577662,0.0,1.0,19.157360356408816,19.157360356408816,0.0,0.0,0.0,1.0,0.07709158855755319,153,10.099676301933787,0.22938904153512996,1.0675815486770615,0.7831784068466792,0.2902349716697643,0.26815320736442516,0.0,nan,0,0,0,0,0.0,0.0,0.0,0.0,1.0
135.924268,611,63.830955,0.0,1.0,135.9242680490957,135.9242680490957,0.0,0.0,0.0,1.0,0.5562210368068153,611,13.045945512061635,0.32830997872159745,2.0,0.7004087150779762,0.2596372962973512,0.2478144816603091,0.0,nan,0,0,0,0,0.0,0.0,0.0,0.0,1.0
215.642615,800,68.018488,0.0,0.0,215.6426149406997,215.6426149406997,0.0,0.0,0.0,0.0,0.7259723613865089,800,12.498828331929305,0.23810581060288258,0.9903415508883195,0.6959819292183965,0.27150940231978893,0.24508107617497443,0.0,nan,0,0,0,0,0.0,0.0,0.0,0.0,1.0
223.61678,716,74.499712,1.0,0.0,223.61678003711202,223.61678003711202,0.0,0.0,0.0,0.0,0.9830427869520465,716,14.310408217058415,0.2641887283012931,0.9733608333194107,0.6800725446420841,0.2509569942784709,0.22286391807668035,0.0,nan,0,0,0,0,0.0,0.0,0.0,0.0,2.0
209.864875,887,86.578299,0.0,1.0,209.86487466672818,209.86487466672818,0.0,0.0,0.0,1.0,0.60691230233024,887,16.75699481054931,0.47405887358917825,2.0,0.6304030981851404,0.21840030996479606,0.20976866541478653,0.0002184116039795345,4.0313445363507645,0,0,0,0,0.0,0.0,0.0,0.0,2.0
346.821274,900,97.386389,1.0,0.0,346.82127389952893,346.82127389952893,0.0,0.0,0.0,0.0,0.9904749623111262,900,20.150637541183933,0.3482714973420223,1.5079623991592668,0.6119236248317692,0.20852565381262037,0.18954163504971397,0.000757375649269586,3.1789959786107063,0,0,0,0,0.0,0.0,0.0,0.0,2.0
310.215928,814,107.235687,1.0,0.0,310.21592774132415,310.21592774132415,0.0,0.0,0.0,0.0,0.9889004486524661,814,19.797507688560973,0.36724495439193966,1.6385454866712756,0.6317718994394128,0.19252277445734572,0.18051280158157723,0.004285545213416914,3.262846784891368,0,0,0,0,0.0,0.0,0.0,0.0,2.0
164.431248,479,111.94915,0.0,1.0,164.43124799813285,164.43124799813285,1.0,1.0,0.0,0.0,0.4321937523197324,479,19.238340734183826,0.3294883317503198,1.0733168266924367,0.6805054700480373,0.19683245490139858,0.18839457388461756,0.0,9.670770412907075,0,0,0,0,0.0,0.0,0.0,0.0,2.0
432.552257,1055,125.013895,1.0,0.0,432.5522565379314,432.5522565379314,0.0,0.0,0.0,0.0,0.9924879761841608,1055,20.672390296426144,0.3457672912817179,1.4836271207266338,0.6409166284823588,0.19982287725566122,0.18710603730938447,0.02666601461985409,0.029151094480963598,0,0,0,0,0.0,0.0,0.0,0.0,3.0
105.205643,267,128.254552,0.0,1.0,105.20564335845738,105.20564335845738,0.0,0.0,0.0,1.0,0.18716717919536296,267,21.318541442415512,0.27476420421566994,1.0530248324157976,0.6523642325111096,0.13627483960841033,0.12621747152635668,0.0,23.268568832144737,0,0,0,0,0.0,0.0,0.0,0.0,3.0
168.388489,527,138.014924,0.0,1.0,168.38848882764103,168.38848882764103,0.0,0.0,0.0,1.0,0.4372645142389815,527,20.662417408480874,0.38967797547948263,2.0,0.633090937881248,0.16780664244458166,0.15339263001248327,0.017085514613746335,1.8426688894443246,0,0,0,0,0.0,0.0,0.0,0.0,3.0
121.47975,316,143.795869,0.0,1.0,121.47974986965588,121.47974986965588,1.0,1.0,0.0,0.0,0.4407782736650532,316,25.06980004116884,0.41047306660417404,1.3495051562873157,0.6488176715336268,0.13647631791573536,0.1209260625175283,0.04216924503846504,0.7727424184448983,0,0,0,0,0.0,0.0,0.0,0.0,3.0
325.291617,881,158.14518,0.0,1.0,325.29161681580763,325.29161681580763,0.0,0.0,0.0,1.0,0.9753759219029201,881,22.867301430281596,0.43660128347761046,2.0,0.6494711895180479,0.1967386773171138,0.16783027399952918,0.03037434614964641,0.12601172231431507,0,0,0,0,0.0,0.0,0.0,0.0,3.0
192.107134,521,167.250666,0.0,1.0,192.1071338096655,192.1071338096655,0.0,0.0,0.0,1.0,0.4814873758595002,521,21.430570602122412,0.36640739617089124,2.0,0.6335668842417265,0.1630436385661764,0.1516226676512588,0.009067351983235775,1.3964158837294753,0,0,0,0,0.0,0.0,0.0,0.0,2.0
115.170773,300,171.091567,0.0,1.0,115.17077265536741,115.17077265536741,1.0,1.0,0.0,0.0,0.3572217456167383,300,20.773588043100137,0.2685410473274292,0.8479008493604461,0.6292171664908528,0.11996337632338205,0.114988707502683,0.03159334291939505,0.3500613557701162,0,0,0,0,0.0,0.0,0.0,0.0,2.0
212.5967,480,175.984915,0.0,1.0,212.59669966922823,212.59669966922823,0.0,0.0,0.0,1.0,0.6372391775792302,480,25.097571196291018,0.348025710475581,1.5335766838099214,0.6217177804986326,0.1330871321260929,0.12318328569332758,0.0012868237776032798,3.9092252627852027,0,0,0,0,0.0,0.0,0.0,0.0,2.0
19.918264,131,177.609625,0.0,1.0,19.918264358348033,19.918264358348033,0.0,0.0,0.0,1.0,0.09870096708957389,131,16.51757551030278,0.4577004079174107,2.0,0.6438557097247539,0.10463568636479269,0.1127760210110031,0.0015941565474657748,4.644546617760918,0,0,0,0,0.0,0.0,0.0,0.0,2.0
304.466389,678,186.165562,1.0,0.0,304.4663888115766,304.4663888115766,0.0,0.0,0.0,0.0,0.9881829863196516,678,23.167569401749535,0.36923161830374074,1.51310573804776,0.5959418663277035,0.15123062068733845,0.14166262807395957,0.003193881427990291,1.513531733931433,0,0,0,0,0.0,0.0,0.0,0.0,2.0
28.360025,122,187.788766,0.0,1.0,28.360024869983498,28.360024869983498,1.0,1.0,0.0,0.0,0.14333795179128067,122,19.45063771517168,0.3967807506156158,0.9906976119101799,0.6191519708907018,0.13144956797849935,0.13290733636402693,0.055184184621364936,0.45741232746567373,0,0,0,0,0.0,0.0,0.0,0.0,2.0
101.396721,376,193.371053,0.0,1.0,101.3967211093688,101.3967211093688,0.0,0.0,0.0,1.0,0.4239602741921684,376,23.524549071416313,0.5280885923277058,2.0,0.5154719420094439,0.1381773571384714,0.12762295518149722,0.003044030465418418,4.305310775990273,0,0,0,0,0.0,0.0,0.0,0.0,2.0
77.931681,332,197.262087,0.0,1.0,77.93168053919274,77.93168053919274,0.0,0.0,0.0,1.0,0.44189140036208113,332,20.318173656668293,0.41606235915098816,1.7110729412231813,0.6092933403350502,0.1306536872702909,0.1323820076074945,0.005016180380107215,2.2073671364294447,0,0,0,0,0.0,0.0,0.0,0.0,2.0
325.871207,717,206.545691,1.0,0.0,325.8712065604662,325.8712065604662,0.0,0.0,0.0,0.0,0.9915425209724286,717,24.586895386341716,0.39987966221592786,1.4137520933838688,0.6150867927357077,0.1205583102533508,0.11490614311133136,0.0,10.691640229968845,0,0,0,0,0.0,0.0,0.0,0.0,2.0
310.903329,567,214.083875,0.0,1.0,310.9033290419268,310.9033290419268,1.0,1.0,0.0,0.0,0.7839078857682635,567,29.467480131736995,0.3539580169091834,2.0,0.6199756937801207,0.11222081072957008,0.10440905468384004,0.019686048585940998,1.2930740612352833,0,0,0,0,0.0,0.0,0.0,0.0,2.0
285.863595,660,223.699143,1.0,0.0,285.86359535268446,285.86359535268446,0.0,0.0,0.0,0.0,0.9534940408864039,660,28.85879548556791,0.5751309437434371,2.0,0.6604349635428551,0.13740257277633205,0.12331548965338504,0.006465454099681092,2.113197316906203,0,0,0,0,0.0,0.0,0.0,0.0,2.0
239.981039,700,232.490693,0.0,1.0,239.98103913635066,239.98103913635066,1.0,1.0,0.0,0.0,0.8714935787197701,700,21.853161553434653,0.475878502066423,2.0,0.5911342529207468,0.15093330144882203,0.14543121831757683,0.012546841929938646,0.4589889657482261,0,0,0,0,0.0,0.0,0.0,0.0,2.0
22.544968,115,233.684565,0.0,1.0,22.54496760402244,22.54496760402244,0.0,0.0,0.0,1.0,0.09982103222549919,115,18.887844958003097,0.38601278809143363,1.9199927685456977,0.5398541116844053,0.12859485667684803,0.1192625501881475,0.0,nan,0,0,0,0,0.0,0.0,0.0,0.0,2.0
88.519823,234,237.27541,0.0,1.0,88.51982323403999,88.51982323403999,0.0,0.0,0.0,1.0,0.26428983045388416,234,29.455691464384635,0.5014935675244512,2.0,0.6096090114333181,0.11626371053548959,0.1108197569847107,0.0,22.36956599958831,0,0,0,0,0.0,0.0,0.0,0.0,2.0
155.074476,483,242.795629,0.0,1.0,155.07447610759746,155.07447610759746,0.0,0.0,0.0,1.0,0.5618788978592605,483,27.41496879422467,0.6371458671658348,2.0,0.6046534500723053,0.1397641668902174,0.1305919885635376,0.00020838269479269306,4.496755792075646,0,0,0,0,0.0,0.0,0.0,0.0,2.0
233.469,484,249.47582,0.0,1.0,233.46899997317757,233.46899997317757,1.0,1.0,0.0,0.0,0.7246819162063864,484,25.159754901278305,0.29730867998081767,0.9965927272980404,0.6012755803271266,0.14243910948107066,0.12608591584134693,0.02158290351884232,0.2855568101932728,0,0,0,0,0.0,0.0,0.0,0.0,2.0
286.118459,529,256.377285,0.0,1.0,286.11845877427754,286.11845877427754,1.0,1.0,0.0,0.0,0.5367253254798414,529,26.929182683516096,0.2673308601709126,1.1412296514708915,0.6519260142695701,0.12087570415327364,0.11266697647440861,0.037207371284531096,0.6776050876420397,0,0,0,0,0.0,0.0,0.0,0.0,2.0
349.85621,684,266.096639,0.0,1.0,349.85621018338185,349.85621018338185,0.0,0.0,0.0,1.0,0.9987259537134464,684,27.397172865233756,0.3314173856751035,1.321829450435933,0.5771670016127894,0.13858301406018217,0.12413981696318464,0.025570882996784908,1.1075699296587551,0,0,0,0,0.0,0.0,0.0,0.0,2.0
89.297649,259,269.095011,0.0,1.0,89.29764913066678,89.29764913066678,1.0,1.0,0.0,0.0,0.24224539201462486,259,22.201979665825537,0.40352107267323895,0.9939040787538226,0.6604131893991964,0.1658198630947864,0.15573853001171098,0.07113377927258166,1.9496829760034877,0,0,0,0,0.0,0.0,0.0,0.0,2.0
86.360879,327,274.063867,0.0,1.0,86.36087895864465,86.36087895864465,0.0,0.0,0.0,1.0,0.2531572752494636,327,23.033266293916768,0.5350048027206945,2.0,0.5920405947925118,0.13491676925519192,0.13138845243949773,0.0,12.104869377130315,0,0,0,0,0.0,0.0,0.0,0.0,2.0
136.19822,385,278.853602,0.0,1.0,136.19822046780934,136.19822046780934,0.0,0.0,0.0,1.0,0.418318404905562,385,22.287839026821835,0.3608427526481002,1.2968541664724544,0.5886408832553145,0.14352577413831438,0.14579421049588687,0.0,nan,0,0,0,0,0.0,0.0,0.0,0.0,2.0
80.423164,242,282.836074,0.0,1.0,80.42316415152422,80.42316415152422,0.0,0.0,0.0,1.0,0.25937200949291633,242,23.271761509214283,0.37302936094291544,2.0,0.6445837310892492,0.12872313664964408,0.12062111275255187,0.05403810340149781,0.37052801794194623,0,0,0,0,0.0,0.0,0.0,0.0,2.0
181.365686,369,288.879328,0.0,1.0,181.3656864190852,181.3656864190852,1.0,1.0,0.0,0.0,0.6521827266712391,369,27.184016670590815,0.32298162221113574,1.0190987007038985,0.5717945355709976,0.16851580401423177,0.15435840863845535,0.0646555254273188,1.16271579157432,0,0,0,0,0.0,0.0,0.0,0.0,2.0
327.714226,809,300.01431,0.0,0.0,327.71422611640673,327.71422611640673,0.0,0.0,0.0,0.0,0.9987981664053722,809,26.560958333978515,0.5180282138571274,2.0,0.5766720447887301,0.1430341560849448,0.13116188382336177,0.01039928858900955,0.4633682114876452,0,0,0,0,0.0,0.0,0.0,0.0,1.0
30.001913,156,301.756717,0.0,1.0,30.001912725517542,30.001912725517542,0.0,0.0,0.0,1.0,0.2354465432661827,156,21.2293529788928,0.48992546999512,2.0,0.650962309864087,0.11142719708956204,0.12350639165976109,0.0,nan,0,0,0,0,0.0,0.0,0.0,0.0,1.0
296.253514,648,307.621047,1.0,0.0,296.25351410729644,296.25351410729644,0.0,0.0,0.0,0.0,0.9911622182241255,648,29.51231472228351,0.5494074162585926,1.8085311029093578,0.6116194846568468,0.17590702141140713,0.16953787722705324,0.0,nan,0,0,0,0,0.0,0.0,0.0,0.0,1.0
238.14745,456,311.427495,1.0,0.0,238.1474503556664,238.1474503556664,0.0,0.0,0.0,0.0,0.9864825382427704,456,27.039655146654834,0.38365771533647675,1.084948511693155,0.6205590439208767,0.16994332613652213,0.15495122655441887,0.0,24.648779453288586,0,0,0,0,0.0,0.0,0.0,0.0,1.0
75.452368,279,313.677123,0.0,1.0,75.45236804102451,75.45236804102451,0.0,0.0,0.0,1.0,0.571187616549155,279,22.735311044958838,0.42691433330092843,1.4280693044405564,0.6118828969136361,0.18793449265127968,0.18569441358675667,0.0,nan,0,0,0,0,0.0,0.0,0.0,0.0,1.0
53.587877,267,315.492147,0.0,1.0,53.58787653510659,53.58787653510659,0.0,0.0,0.0,1.0,0.6461207881104757,267,19.93565779404237,0.5191075226772378,1.8178787798407197,0.5627147352762436,0.21750762132223178,0.20335824971788385,0.0,nan,0,0,0,0,0.0,0.0,0.0,0.0,1.0
168.838701,332,317.42422,1.0,0.0,168.83870068306734,168.83870068306734,0.0,0.0,0.0,0.0,0.980541323855768,332,28.18269369903795,0.4523921492752575,0.9677959936186543,0.5973490837692137,0.20128495147429318,0.18346267543643355,0.0,nan,0,0,0,0,0.0,0.0,0.0,0.0,1.0
267.128473,499,322.718964,1.0,0.0,267.12847279445066,267.12847279445066,0.0,0.0,0.0,0.0,0.9872132018558709,499,27.804136540854504,0.3868904321123676,1.3950196343234886,0.6221458135482544,0.22885512206740752,0.21854746055029675,0.0,nan,0,0,0,0,0.0,0.0,0.0,0.0,2.0
33.596119,155,325.700319,0.0,1.0,33.59611923283895,33.59611923283895,1.0,1.0,0.0,0.0,0.2187151295913964,155,22.11384672448175,0.5851613119286028,1.896615954356673,0.6400060370564461,0.15891927288424584,0.1499694255090529,0.05407639961310927,0.32933403338616707,0,0,0,0,0.0,0.0,0.0,0.0,2.0
199.645079,453,331.792111,0.0,1.0,199.64507913904464,199.64507913904464,1.0,1.0,0.0,0.0,0.4918778130711924,453,23.37800048035091,0.3120346168869385,0.9846793610783303,0.6599124591082137,0.21278029219730538,0.1961593748981063,0.03996374092955044,0.8310042030856672,0,0,0,0,0.0,0.0,0.0,0.0,2.0
297.957335,693,340.755591,1.0,0.0,297.9573353555532,297.9573353555532,0.0,0.0,0.0,0.0,0.9895101930320933,693,25.558531151343125,0.43277368982476194,1.333474178278798,0.6020060573498924,0.21221097835042604,0.20081443187994358,0.0,5.4903953519424595,0,0,0,0,0.0,0.0,0.0,0.0,2.0
210.359175,527,348.773699,0.0,1.0,210.3591749901181,210.3591749901181,0.0,0.0,0.0,1.0,0.7376714806328393,527,26.527660507004033,0.4649315538009212,2.0,0.5864740384908735,0.22966596501149533,0.19288958702413136,0.007817290206298734,1.5704983861252424,0,0,0,0,0.0,0.0,0.0,0.0,2.0
18.94985,113,350.629342,0.0,1.0,18.94985014312535,18.94985014312535,1.0,1.0,0.0,0.0,0.08212598157965305,113,20.521694344705374,0.48859527943917935,0.990719194404624,0.6147332421413302,0.16494154613629908,0.1666096670437703,0.0,nan,0,0,0,0,0.0,0.0,0.0,0.0,2.0
134.636927,388,356.24331,0.0,1.0,134.63692679644817,134.63692679644817,0.0,0.0,0.0,1.0,0.34873867468835634,388,20.850617676862893,0.3701523154314408,1.1703649119725752,0.586642716540811,0.2479911329819984,0.22116214190561748,0.04653397038531986,0.07939723003454088,0,0,0,0,0.0,0.0,0.0,0.0,2.0
360.136623,518,363.295108,1.0,0.0,360.1366226364562,360.1366226364562,0.0,0.0,0.0,0.0,0.991236120147007,518,33.73719995060743,0.30549657630464194,1.0463821267281306,0.5927572954215944,0.21359550849351183,0.1893277692978907,0.004360247717206928,1.136574647615142,0,0,0,0,0.0,0.0,0.0,0.0,1.0
189.086834,366,367.22709,0.0,1.0,189.08683357863973,189.08683357863973,1.0,1.0,0.0,0.0,0.8980634564712334,366,28.742231152147355,0.33943631814450076,1.0323069222849506,0.5503135817074548,0.158052460092013,0.15808736154290495,0.04491230438877188,1.0391595835324368,0,0,0,0,0.0,0.0,0.0,0.0,1.0
185.56716,463,370.833735,0.0,1.0,185.56716022015908,185.56716022015908,0.0,0.0,0.0,1.0,0.687178194842264,463,27.77184066115382,0.4409332184289073,2.0,0.5629490057477168,0.17083570122976283,0.1600566543719166,0.0,23.30404883513771,0,0,0,0,0.0,0.0,0.0,0.0,1.0
164.971877,312,373.998866,1.0,0.0,164.9718770053257,164.9718770053257,0.0,0.0,0.0,0.0,0.9809302089338264,312,28.23856657891466,0.3835629335394707,0.9890057307646953,0.5799483113372937,0.11920245259236066,0.11484344150775518,0.0,nan,0,0,0,0,0.0,0.0,0.0,0.0,1.0
63.384737,183,375.415631,0.0,1.0,63.38473657738385,63.38473657738385,0.0,0.0,0.0,1.0,0.4992473899999771,183,25.193812514658344,0.42022890071982966,2.0,0.5494327066578174,0.13332641483004629,0.13890353708319325,0.0,nan,0,0,0,0,0.0,0.0,0.0,0.0,1.0
100.617897,221,377.498778,0.0,1.0,100.61789728576042,100.61789728576042,0.0,0.0,0.0,1.0,0.645116361782107,221,29.971042810670948,0.4084157300767963,1.399576332194528,0.6053178878796047,0.11647397144887242,0.1327105930488034,0.0,nan,0,0,0,0,0.0,0.0,0.0,0.0,1.0
193.497373,369,381.188691,0.0,1.0,193.49737301976108,193.49737301976108,1.0,1.0,0.0,0.0,0.8804878648736227,369,34.11660447390396,0.43718500859054743,1.0639745122518602,0.5578295534178817,0.12272892088747929,0.11704102441224302,0.03474514698925275,0.9706892170145693,0,0,0,0,0.0,0.0,0.0,0.0,1.0
243.931264,364,384.275449,1.0,0.0,243.93126364807648,243.93126364807648,0.0,0.0,0.0,0.0,0.9871962884580858,364,34.484509914713854,0.3666124884277935,0.9964022343051329,0.5574998661548227,0.10502089363533063,0.10047292660225879,0.0,16.34839896171172,0,0,0,0,0.0,0.0,0.0,0.0,1.0
79.931283,201,386.048835,0.0,1.0,79.93128311380013,79.93128311380013,0.0,0.0,0.0,1.0,0.41704389775150374,201,27.557740281407266,0.46241817332305607,2.0,0.5312753583661359,0.14717243915766626,0.15006548492469599,0.0,nan,0,0,0,0,0.0,0.0,0.0,0.0,1.0
179.114992,325,388.7239,0.0,1.0,179.11499166928434,179.11499166928434,0.0,0.0,0.0,1.0,0.8840917850812067,325,31.62061414521226,0.3538691565126627,1.0999147684756085,0.575835957217675,0.12525939317849966,0.11696400899153489,0.0,nan,0,0,0,0,0.0,0.0,0.0,0.0,1.0
108.859482,277,391.90288,0.0,1.0,108.8594819933823,108.8594819933823,0.0,0.0,0.0,1.0,0.48610266913625927,277,32.3508968695846,0.5154019205038004,2.0,0.5166955333646884,0.14462853252672547,0.14454462467978577,0.0,5.986868475263868,0,0,0,0,0.0,0.0,0.0,0.0,1.0
224.889953,394,395.177157,0.0,1.0,224.88995328723507,224.88995328723507,0.0,0.0,0.0,1.0,0.9464674257944407,394,35.91452008562119,0.3578265102757124,1.3310187082674003,0.5800775678894544,0.15237870676263335,0.1490555541769502,0.009675738363004886,3.0541639229227053,0,0,0,0,0.0,0.0,0.0,0.0,1.0
97.073351,243,397.358272,0.0,1.0,97.07335097545251,97.07335097545251,0.0,0.0,0.0,1.0,0.6398446942936656,243,28.655386364181627,0.39387611417450535,2.0,0.6000857312738159,0.11660834595009133,0.11080388816786402,0.0,nan,0,0,0,0,0.0,0.0,0.0,0.0,1.0
78.294835,163,398.658391,0.0,1.0,78.29483539827942,78.29483539827942,1.0,1.0,0.0,0.0,0.37568568138129277,163,25.034074223315454,0.2211715600528311,0.9633377011863047,0.5308052060977082,0.1741589622263528,0.17640880573015272,0.11463020551896257,1.024270362049986,0,0,0,0,0.0,0.0,0.0,0.0,1.0
272.588629,416,402.908859,0.0,1.0,272.58862878129077,272.58862878129077,1.0,1.0,0.0,0.0,0.8272779349571071,416,34.66614018367573,0.3163223211693661,0.9968711328344602,0.5255760602259005,0.16360066215006205,0.15487365854474214,0.021476745150127794,0.9286208042474264,0,0,0,0,0.0,0.0,0.0,0.0,1.0
131.092926,236,405.071987,0.0,1.0,131.0929262729359,131.0929262729359,0.0,0.0,0.0,1.0,0.860456007898159,236,33.6509962651659,0.3445818208632019,2.0,0.5425656695566061,0.11066765451835374,0.10253403196900578,0.0,nan,0,0,0,0,0.0,0.0,0.0,0.0,1.0
271.373336,356,407.71897,1.0,0.0,271.3733358202553,271.3733358202553,0.0,0.0,0.0,0.0,0.9865746388725841,356,34.02809399912895,0.2715091269948958,0.9599891885068453,0.5672916698405582,0.13018374362688387,0.1185371373476607,0.004147407982401029,3.6375747266607577,0,0,0,0,0.0,0.0,0.0,0.0,1.0
190.403147,307,411.026342,0.0,1.0,190.40314661978618,190.40314661978618,0.0,0.0,0.0,1.0,0.7369476058576947,307,30.07012952122073,0.2275176287196626,1.4763057669828588,0.5937737186199679,0.166310972421876,0.15814123246879452,0.0,5.7865634303535805,0,0,0,0,0.0,0.0,0.0,0.0,1.0
139.582571,262,412.862236,0.0,1.0,139.58257135428514,139.58257135428514,0.0,0.0,0.0,1.0,0.7251765591517116,262,29.92046467801026,0.3131897702538631,1.213673088164282,0.5063458445361098,0.1304357019999555,0.13579060558144374,0.0,nan,0,0,0,0,0.0,0.0,0.0,0.0,1.0
127.014485,282,415.083406,0.0,1.0,127.0144849882276,127.0144849882276,0.0,0.0,0.0,1.0,0.47933235491056464,282,25.609475227463165,0.33037695381741866,2.0,0.6019531518802153,0.15458728489300883,0.13719600671572044,0.0,nan,0,0,0,0,0.0,0.0,0.0,0.0,1.0
219.225166,437,419.283108,0.0,1.0,219.22516645091952,219.22516645091952,0.0,0.0,0.0,1.0,0.9667466699810721,437,32.36643873170866,0.4212019227493396,2.0,0.46527650572990387,0.12464935255814472,0.12064180930637386,0.0,nan,0,0,0,0,0.0,0.0,0.0,0.0,1.0
227.746787,316,421.837378,1.0,0.0,227.74678687975387,227.74678687975387,0.0,0.0,0.0,0.0,0.9806712080413653,316,32.328570193347744,0.2816963532533402,0.9351450299155493,0.5202744191724665,0.12113579390924188,0.11310222631768335,0.0,nan,0,0,0,0,0.0,0.0,0.0,0.0,1.0
165.480709,342,424.976585,0.0,1.0,165.4807089496652,165.4807089496652,0.0,0.0,0.0,1.0,0.70942469234707,342,30.960903288047824,0.395727217948533,1.4137312398961035,0.5332574188948898,0.1488235214648888,0.13015223281425342,0.0,nan,0,0,0,0,0.0,0.0,0.0,0.0,1.0
177.694902,447,429.745315,0.0,1.0,177.6949021307879,177.6949021307879,0.0,0.0,0.0,1.0,0.7868740701666305,447,33.823362064055694,0.4709541065718824,1.981059571779878,0.5377732456747184,0.1665029379078739,0.16045751507650285,0.0,5.368885113184919,0,0,0,0,0.0,0.0,0.0,0.0,1.0
96.315471,223,431.559226,0.0,1.0,96.31547071850731,96.31547071850731,0.0,0.0,0.0,1.0,0.468418923984987,223,32.08500491046739,0.470190731832634,2.0,0.5304157500042509,0.16145467945278494,0.15093817839173457,0.0,nan,0,0,0,0,0.0,0.0,0.0,0.0,1.0
252.410651,412,434.862848,1.0,0.0,252.41065086884768,252.41065086884768,0.0,0.0,0.0,0.0,0.9889697259568304,412,33.15142306279744,0.3833018472730898,0.9998959542931382,0.5502787938757429,0.1768954558279908,0.14604947781099856,0.021191182122861165,1.8564675285584922,0,0,0,0,0.0,0.0,0.0,0.0,1.0
287.11888,387,438.334038,0.0,1.0,287.11888039922206,287.11888039922206,1.0,1.0,0.0,0.0,0.9692797624416007,387,35.41480646606557,0.2327802521834881,1.0303185421457202,0.5232481918073901,0.17852105804808072,0.17607386799129712,0.03474702756170005,1.0338432184297321,0,0,0,0,0.0,0.0,0.0,0.0,1.0
166.247921,279,440.526772,0.0,1.0,166.24792081222023,166.24792081222023,0.0,0.0,0.0,1.0,0.8712938440640848,279,38.5330304329832,0.38877304017511205,2.0,0.48425877206428075,0.12362952428906622,0.1191401994356545,0.008741076509150437,3.10259199334949,0,0,0,0,0.0,0.0,0.0,0.0,1.0
250.337433,366,443.514481,1.0,0.0,250.33743295919237,250.33743295919237,0.0,0.0,0.0,0.0,0.9879283115896417,366,34.946683896728366,0.3628830286258827,1.2347244028861668,0.5433792141138938,0.16428419312492745,0.1426177295179315,0.0,nan,0,0,0,0,0.0,0.0,0.0,0.0,1.0
218.253315,291,446.702396,1.0,0.0,218.25331477615194,218.25331477615194,0.0,0.0,0.0,0.0,0.9860660058857795,291,34.689653216435154,0.27859912766124845,0.9906496727990902,0.5586489845080065,0.14749464402903395,0.12868937061414687,0.02233819355669215,1.4297036636033977,0,0,0,0,0.0,0.0,0.0,0.0,1.0
281.77931,358,449.655926,1.0,0.0,281.77931002833094,281.77931002833094,0.0,0.0,0.0,0.0,0.9872010593232029,358,37.20113256644259,0.30294610807524286,0.9973721466518081,0.5030657116261275,0.10724813395372317,0.10449398629492222,0.0,nan,0,0,0,0,0.0,0.0,0.0,0.0,1.0
211.977028,284,451.847178,1.0,0.0,211.97702842963827,211.97702842963827,0.0,0.0,0.0,0.0,0.9811313836195378,284,35.844667171661435,0.30437563655543465,0.9877752731859324,0.5371402585223107,0.1032807986501237,0.10684402433919235,0.0,nan,0,0,0,0,0.0,0.0,0.0,0.0,1.0
214.945315,368,455.817184,1.0,0.0,214.9453145873742,214.9453145873742,0.0,0.0,0.0,0.0,0.9864722858837226,368,31.969732817704298,0.3843857750473343,0.9945051687633183,0.548873411025852,0.13470168946229893,0.12551694476734038,0.0,nan,0,0,0,0,0.0,0.0,0.0,0.0,1.0
183.17726,361,458.566429,0.0,1.0,183.17725978016475,183.17725978016475,1.0,1.0,0.0,0.0,0.8562236853189011,361,35.701393064048816,0.5164681159736859,2.0,0.48324759316906707,0.14415267283236222,0.13185732285401827,0.02744306255739162,1.2874404807845838,0,0,0,0,0.0,0.0,0.0,0.0,1.0
53.484424,144,459.961325,0.0,1.0,53.48442438362512,53.48442438362512,0.0,0.0,0.0,1.0,0.2594248668227559,144,25.811572700079008,0.3251829368920714,1.1945471051799554,0.4978487864136696,0.1121228618754281,0.11552490873469247,0.0,nan,0,0,0,0,0.0,0.0,0.0,0.0,1.0
129.862785,239,462.242271,0.0,1.0,129.86278468514286,129.86278468514286,0.0,0.0,0.0,1.0,0.47935527631558333,239,30.11063037815579,0.33055629125989894,2.0,0.5493997048009889,0.11162444338140129,0.11540311549996732,0.0,nan,0,0,0,0,0.0,0.0,0.0,0.0,1.0
214.529684,453,467.330659,0.0,1.0,214.5296835523574,214.5296835523574,0.0,0.0,0.0,1.0,0.9675905374056634,453,31.274938992466005,0.43095066782666436,2.0,0.46914578495633524,0.09797430670024543,0.09994926068430178,0.0,nan,0,0,0,0,0.0,0.0,0.0,0.0,1.0
81.790558,240,469.069134,0.0,1.0,81.79055778796851,81.79055778796851,0.0,0.0,0.0,1.0,0.6734326692310728,240,27.144102320612813,0.5274682928137157,2.0,0.4482345047406852,0.13322602460781732,0.12424220864971479,0.0,nan,0,0,0,0,0.0,0.0,0.0,0.0,1.0
137.093516,224,470.736803,0.0,1.0,137.093516280317,137.093516280317,0.0,0.0,0.0,1.0,0.6258874440237752,224,39.341074209217325,0.41575310426050616,1.1034905365031977,0.5417475754594696,0.07761389389634132,0.07927805132099561,0.0,5.383315885828978,0,0,0,0,0.0,0.0,0.0,0.0,1.0
46.249005,132,472.101639,0.0,1.0,46.249004977521395,46.249004977521395,0.0,0.0,0.0,1.0,0.3110194024024143,132,25.775691607527893,0.38250587325621854,1.040023692868455,0.49599392063012626,0.07151954011483626,0.08452040227976712,0.0,nan,0,0,0,0,0.0,0.0,0.0,0.0,1.0
177.317146,339,476.09226,1.0,0.0,177.31714618066428,177.31714618066428,0.0,0.0,0.0,0.0,0.9862831581477506,339,29.099133366916885,0.42598878924433564,1.4866219986181388,0.5160275227156712,0.0847117679309001,0.08436172796210005,0.0,nan,0,0,0,0,0.0,0.0,0.0,0.0,1.0
141.032978,297,478.785053,1.0,0.0,141.0329777735068,141.0329777735068,0.0,0.0,0.0,0.0,0.9811815053657268,297,31.17895399888285,0.4678345306562644,0.9834414375006789,0.5164349964421606,0.10888505704475171,0.1062819692823622,0.0,nan,0,0,0,0,0.0,0.0,0.0,0.0,1.0
170.104028,299,481.444858,0.0,1.0,170.10402766550268,170.10402766550268,0.0,0.0,0.0,1.0,0.9736304735336898,299,37.5967785713454,0.409137170956403,1.0521811904610499,0.48323591519458636,0.12684231856993608,0.11954917995427365,0.0,5.012421366735886,0,0,0,0,0.0,0.0,0.0,0.0,1.0
-2.513859,60,482.124105,0.0,1.0,-2.513859047869631,-2.513859047869631,0.0,0.0,0.0,1.0,0.06747928105068562,60,11.99875777515269,0.4490942868400603,1.0641053325033152,0.6287701264023781,0.15537156065305074,0.15585492650667826,0.0,nan,0,0,0,0,0.0,0.0,0.0,0.0,1.0
35.732299,132,484.041736,0.0,1.0,35.7322987865042,35.7322987865042,0.0,0.0,0.0,1.0,0.24459499693354372,132,24.23707047118439,0.4346366270032702,1.0446106979560212,0.5340916372722748,0.10986844743743088,0.11420786516232924,0.0,nan,0,0,0,0,0.0,0.0,0.0,0.0,1.0
73.170068,194,485.791023,0.0,1.0,73.17006770502286,73.17006770502286,0.0,0.0,0.0,1.0,0.5668589460903065,194,28.00204065572604,0.4349850319443598,2.0,0.5161222791702477,0.12261743275160641,0.12418079068980266,0.0,nan,0,0,0,0,0.0,0.0,0.0,0.0,1.0
318.855031,539,490.202865,1.0,0.0,318.855031094798,318.855031094798,0.0,0.0,0.0,0.0,0.9930393960726718,539,38.670097740129485,0.4937366186580386,1.764643985933827,0.5230156595029061,0.10927067793808974,0.10549901765883522,0.0023318638537133496,3.190693379942036,0,0,0,0,0.0,0.0,0.0,0.0,0.0
13.295363,64,490.595802,0.0,1.0,13.295362852616002,13.295362852616002,0.0,0.0,0.0,1.0,0.38173869342763844,64,19.449818812276067,0.18040066791589227,1.0960547389332278,0.4205705530475825,0.11501448415219784,0.10687869042158127,0.0,nan,0,0,0,0,0.0,0.0,0.0,0.0,0.0
77.903356,146,491.288059,1.0,0.0,77.90335585877256,77.90335585877256,0.0,0.0,0.0,0.0,0.9587688369303505,146,24.25990294740013,0.3115289492051544,0.7813521052261752,0.5259256207269348,0.08241162683865795,0.08532361584166957,0.0,nan,0,0,0,0,0.0,0.0,0.0,0.0,0.0
79.715336,159,492.96468,1.0,0.0,79.71533646735688,79.71533646735688,0.0,0.0,0.0,0.0,0.9581772792260684,159,24.557586084441134,0.46228364802189836,0.9926174663968705,0.48198150918356275,0.13178970116489339,0.13813556140323854,0.0,nan,0,0,0,0,0.0,0.0,0.0,0.0,1.0
57.938591,164,494.309222,0.0,1.0,57.93859091043049,57.93859091043049,0.0,0.0,0.0,1.0,0.33545565913085995,164,23.331831914001167,0.33804739525084526,1.103504248762614,0.48266887228663374,0.12573260214270615,0.11763394206035428,0.0,nan,0,0,0,0,0.0,0.0,0.0,0.0,1.0
211.417296,349,497.083745,0.0,1.0,211.4172957075502,211.4172957075502,1.0,1.0,0.0,0.0,0.9060675676659656,349,33.284407743951306,0.3391859919176245,1.3063456096300554,0.48352800512467553,0.11410117354297365,0.10753418347213876,0.03225552205488751,1.005438137830926,0,0,0,0,0.0,0.0,0.0,0.0,1.0
166.751817,264,499.032718,0.0,1.0,166.75181736619217,166.75181736619217,0.0,0.0,0.0,1.0,0.874450862480673,264,35.84101888204163,0.3229818158901814,1.2954815913520168,0.5630669705569744,0.08480890501629222,0.0782278168833617,0.0,nan,0,0,0,0,0.0,0.0,0.0,0.0,1.0
197.225016,278,501.875647,1.0,0.0,197.22501601297205,197.22501601297205,0.0,0.0,0.0,0.0,0.9820287192850391,278,37.06809666427683,0.4000456142887051,0.98524575086969,0.4899863622841432,0.08470697754578625,0.0791194093741959,0.0,nan,0,0,0,0,0.0,0.0,0.0,0.0,1.0
62.095344,137,502.982149,0.0,1.0,62.095343633933766,62.095343633933766,0.0,0.0,0.0,1.0,0.380644785610918,137,27.792191914008125,0.2341516813627229,1.069917671981126,0.4953155828109623,0.059523270948089825,0.066025021302439,0.0,nan,0,0,0,0,0.0,0.0,0.0,0.0,1.0
28.483074,97,503.926545,0.0,1.0,28.48307363800086,28.48307363800086,0.0,0.0,0.0,1.0,0.28515974071881883,97,27.216602590455697,0.42069980490815473,1.1177610241964404,0.46968147834551705,0.05098972001026586,0.06776036183858655,0.0,nan,0,0,0,0,0.0,0.0,0.0,0.0,1.0
73.757694,243,506.198544,0.0,1.0,73.75769408064447,73.75769408064447,0.0,0.0,0.0,1.0,0.3176695681829972,243,27.085253890993645,0.5736740022554838,2.0,0.49167841029020004,0.11815815207398968,0.10871274530151744,0.02667936770136024,1.4907854316870528,0,0,0,0,0.0,0.0,0.0,0.0,1.0
118.862677,228,508.037785,0.0,1.0,118.86267697510621,118.86267697510621,1.0,1.0,0.0,0.0,0.48355762276753866,228,30.573660928738956,0.32516562336755866,0.9903815692919439,0.5100978003455359,0.08057779021430433,0.07741397148684452,0.04263179965264747,0.9948297767611263,0,0,0,0,0.0,0.0,0.0,0.0,1.0
49.045912,118,509.251652,0.0,1.0,49.04591170723597,49.04591170723597,1.0,1.0,0.0,0.0,0.2370743641753383,118,25.46935469721885,0.27290542737188817,0.990300280872295,0.5083102087600756,0.13686929415848295,0.13772012621669447,0.008435529358193675,0.023037678665731788,0,0,0,0,0.0,0.0,0.0,0.0,1.0
42.856261,147,511.045165,0.0,1.0,42.856260574964786,42.856260574964786,0.0,0.0,0.0,1.0,0.27943084652685407,147,26.70089144850552,0.4850953865243233,1.0248095622085995,0.4812210946261477,0.05323109740302676,0.05168700785863967,0.0,nan,0,0,0,0,0.0,0.0,0.0,0.0,1.0
337.222085,329,513.811085,1.0,0.0,337.22208492785643,337.22208492785643,0.0,0.0,0.0,0.0,0.9916597975545518,329,47.148575905604474,0.28316756652625813,0.9343609572539634,0.5070176674647534,0.06683305947613934,0.06826382821091764,0.040403217254762466,0.6696569866277484,0,0,0,0,0.0,0.0,0.0,0.0,1.0
126.752994,284,516.251631,0.0,1.0,126.75299389202667,126.75299389202667,0.0,0.0,0.0,1.0,0.5945264867047557,284,28.961598782076123,0.3872033978577966,1.8245153839860342,0.4306010717762188,0.06391671006108673,0.05926127249086407,0.0,nan,0,0,0,0,0.0,0.0,0.0,0.0,1.0
98.975667,245,518.398815,0.0,1.0,98.97566691376446,98.97566691376446,0.0,0.0,0.0,1.0,0.578074217319787,245,31.585739050167504,0.49798804565389776,1.649260862528409,0.4769101444251683,0.12204754790481256,0.1296688970254392,0.010593334553159629,3.204130010452575,0,0,0,0,0.0,0.0,0.0,0.0,1.0
167.54532,272,521.140263,0.0,1.0,167.54532009564065,167.54532009564065,0.0,0.0,0.0,1.0,0.8733519882287863,272,35.7441333817213,0.3542957287635606,2.0,0.46569031707065944,0.10549542614642311,0.10035388982471298,0.0,nan,0,0,0,0,0.0,0.0,0.0,0.0,1.0
228.051209,339,523.954082,0.0,1.0,228.05120899842493,228.05120899842493,1.0,1.0,0.0,0.0,0.9230409033817948,339,41.26533259614567,0.40637524822257626,1.0349850211264866,0.5207002019636048,0.11639675137567661,0.11045674166496525,0.024690533909055394,1.60474199847204,0,0,0,0,0.0,0.0,0.0,0.0,1.0
243.608824,301,526.52417,1.0,0.0,243.60882366963563,243.60882366963563,0.0,0.0,0.0,0.0,0.9802353137053387,301,34.26985219400293,0.23078126770841925,0.9505796776833014,0.516525844093474,0.10094382398548317,0.10455221511992902,0.0,nan,0,0,0,0,0.0,0.0,0.0,0.0,1.0
93.265665,182,528.070062,0.0,1.0,93.26566476206845,93.26566476206845,0.0,0.0,0.0,1.0,0.6058165516995407,182,31.202502596169776,0.3469809770572612,2.0,0.46837760372967513,0.08646152111200187,0.07653056527232076,0.0,nan,0,0,0,0,0.0,0.0,0.0,0.0,1.0
35.358559,128,529.806744,0.0,1.0,35.358558570402074,35.358558570402074,0.0,0.0,0.0,1.0,0.3021577956253857,128,25.524726964225675,0.43546535887258964,2.0,0.40838805364910513,0.06795520149171352,0.08021206315606833,0.0,nan,0,0,0,0,0.0,0.0,0.0,0.0,1.0
174.551047,279,532.044902,1.0,0.0,174.55104700555856,174.55104700555856,0.0,0.0,0.0,0.0,0.9802680792523305,279,30.812365983852327,0.3839589530516483,1.9572465643889623,0.45627218978913453,0.08927190688348585,0.08816036443129235,0.0,nan,0,0,0,0,0.0,0.0,0.0,0.0,1.0
174.867694,306,534.290987,0.0,1.0,174.8676944439075,174.8676944439075,0.0,0.0,0.0,1.0,0.6254721549914188,306,35.42993890323642,0.38809718200500254,2.0,0.45903582710261437,0.06539166012620615,0.06542094353756873,0.0,nan,0,0,0,0,0.0,0.0,0.0,0.0,1.0
202.329647,307,536.908752,0.0,1.0,202.32964713817142,202.32964713817142,0.0,0.0,0.0,1.0,0.914203610993588,307,41.577572723418776,0.39773664837470185,2.0,0.44784167928299606,0.07269731872633148,0.07257331310731968,0.02662454488510029,0.8730829532820628,0,0,0,0,0.0,0.0,0.0,0.0,1.0
255.391097,301,540.223746,1.0,0.0,255.3910973811938,255.3910973811938,0.0,0.0,0.0,0.0,0.9858594425085352,301,37.424774422582786,0.251465809522585,0.9538951943930617,0.5398146356285807,0.103311766223654,0.10091949736953178,0.0,nan,0,0,0,0,0.0,0.0,0.0,0.0,1.0
98.874337,139,541.373062,0.0,1.0,98.87433677911427,98.87433677911427,0.0,0.0,0.0,1.0,0.565333317769736,139,35.462183415539684,0.19007809076178317,1.4339099579414856,0.3788693155423343,0.09470803017238918,0.09455261384840492,0.0,nan,0,0,0,0,0.0,0.0,0.0,0.0,1.0
161.533497,234,543.29235,1.0,0.0,161.53349718429334,161.53349718429334,0.0,0.0,0.0,0.0,0.9728323962529969,234,30.505486055934753,0.29549605783316935,1.06975965996201,0.4459666265254347,0.04883609062586075,0.052240797087677524,0.0,nan,0,0,0,0,0.0,0.0,0.0,0.0,1.0
231.469517,256,545.525856,1.0,0.0,231.46951730060826,231.46951730060826,0.0,0.0,0.0,0.0,0.9842093198841595,256,39.06672084442758,0.2672441097216503,0.990543068720804,0.45644269428157713,0.14926437009125948,0.13840284571051598,0.003926836014797881,3.3133215566514185,0,0,0,0,0.0,0.0,0.0,0.0,1.0
99.490494,154,547.632295,0.0,1.0,99.49049376806491,99.49049376806491,0.0,0.0,0.0,1.0,0.5833471089402621,154,34.077191313788965,0.2675323288576312,2.0,0.43368818596392483,0.0678328654982827,0.07607117527491086,0.0,nan,0,0,0,0,0.0,0.0,0.0,0.0,1.0
229.186161,425,551.19817,1.0,0.0,229.18616067552884,229.18616067552884,0.0,0.0,0.0,0.0,0.9582681432882256,425,31.534299257526623,0.42590377684567826,2.0,0.40651396304368975,0.08808757697834688,0.09529973030090332,0.0,13.23931534266125,0,0,0,0,0.0,0.0,0.0,0.0,1.0
290.113121,306,553.426763,1.0,0.0,290.1131205663041,290.1131205663041,0.0,0.0,0.0,0.0,0.9881402710158252,306,42.208968499566936,0.2414739464659143,0.9221631668081708,0.4538678144610006,0.07113262640884499,0.06940404574076335,0.0,nan,0,0,0,0,0.0,0.0,0.0,0.0,1.0
143.457397,200,554.838116,0.0,1.0,143.45739706755765,143.45739706755765,0.0,0.0,0.0,1.0,0.6705000828719536,200,40.40328967907353,0.3508389948776329,2.0,0.3866728249564767,0.09684465289115905,0.10066120803356171,0.0046668204118295595,3.74233696020009,0,0,0,0,0.0,0.0,0.0,0.0,1.0
266.532974,316,558.137756,1.0,0.0,266.5329739252384,266.5329739252384,0.0,0.0,0.0,0.0,0.9897449837310673,316,40.43922524466233,0.3081895896358393,1.0698174090920767,0.5007386464460553,0.07991224565083467,0.08451461754267729,0.04086549399816954,0.025755334585215665,0,0,0,0,0.0,0.0,0.0,0.0,1.0
286.884047,365,561.258839,1.0,0.0,286.8840466535561,286.8840466535561,0.0,0.0,0.0,0.0,0.9887932144819234,365,40.07327307296791,0.35831144039910695,1.6861191523048962,0.45465408261508156,0.07032232055925343,0.06774909463647294,0.0,nan,0,0,0,0,0.0,0.0,0.0,0.0,1.0
309.707,380,564.288671,1.0,0.0,309.7069996927369,309.7069996927369,0.0,0.0,0.0,0.0,0.9902823421875415,380,37.67165288019227,0.2956424792059979,0.8149672890917147,0.4576988430987847,0.09664908396570306,0.09570723081889905,0.0,5.172108114335098,0,0,0,0,0.0,0.0,0.0,0.0,1.0
184.87713,265,567.432328,1.0,0.0,184.87712952389677,184.87712952389677,0.0,0.0,0.0,0.0,0.987618200554401,265,43.16237960385974,0.49472296336870225,1.2475856120861335,0.46057566831696706,0.06970096039322188,0.06981251914546174,0.0,6.014400802582792,0,0,0,0,0.0,0.0,0.0,0.0,1.0
184.456206,263,569.427001,1.0,0.0,184.45620613238484,184.45620613238484,0.0,0.0,0.0,0.0,0.9841640601197348,263,37.95879599864863,0.438449379995316,1.079407380048512,0.4347721699611089,0.05048895607429765,0.051886838198614664,0.0,nan,0,0,0,0,0.0,0.0,0.0,0.0,1.0
105.853693,241,571.582611,0.0,1.0,105.85369349555889,105.85369349555889,0.0,0.0,0.0,1.0,0.7240299332910843,241,37.09049386340921,0.5363359950881734,2.0,0.4497404501955044,0.0894616550429728,0.08767019564680044,0.0,nan,0,0,0,0,0.0,0.0,0.0,0.0,1.0
131.604683,297,574.935307,1.0,0.0,131.60468300676644,131.60468300676644,0.0,0.0,0.0,0.0,0.9868074279409512,297,33.40050330528271,0.6601505454433689,1.8540801668266003,0.47160681352169825,0.06658888144123835,0.0693053637289439,0.0,nan,0,0,0,0,0.0,0.0,0.0,0.0,1.0
81.032243,221,576.768198,0.0,1.0,81.03224292741218,81.03224292741218,0.0,0.0,0.0,1.0,0.5848804694948965,221,34.60796374190299,0.5792610736114959,2.0,0.45378283994499913,0.10240563547988822,0.10389901879686037,0.0,nan,0,0,0,0,0.0,0.0,0.0,0.0,1.0
93.257664,270,578.970528,0.0,1.0,93.2576635797291,93.2576635797291,0.0,0.0,0.0,1.0,0.8737923952461314,270,39.69706119974627,0.6509022997264555,2.0,0.5174838688638476,0.1701132610992149,0.1600904288115325,0.007419590538484089,1.5549481459055239,0,0,0,0,0.0,0.0,0.0,0.0,1.0
24.357038,134,580.29798,0.0,1.0,24.357038083663717,24.357038083663717,0.0,0.0,0.0,1.0,0.3726051734833379,134,25.901272979768578,0.6053385741230258,2.0,0.44990994191881434,0.10298965671169225,0.10393884021844436,0.0,nan,0,0,0,0,0.0,0.0,0.0,0.0,1.0
151.206846,310,582.988435,1.0,0.0,151.20684574097345,151.20684574097345,0.0,0.0,0.0,0.0,0.9903672450310076,310,34.93985840738819,0.5927580160616646,1.5480212664631072,0.5317618035380879,0.15826818904569073,0.15138517233633225,0.0,8.429576527204654,0,0,0,0,0.0,0.0,0.0,0.0,1.0
84.932068,207,585.377893,0.0,1.0,84.93206814655868,84.93206814655868,1.0,1.0,0.0,0.0,0.47673195699415033,207,33.888768639644226,0.5729670210327762,1.806571961747707,0.42825557359894695,0.09060970423878104,0.08919687432367444,0.04664363459744798,1.0150688402835801,0,0,0,0,0.0,0.0,0.0,0.0,1.0
201.580988,422,588.950827,0.0,1.0,201.58098829351843,201.58098829351843,0.0,0.0,0.0,1.0,1.0003241977703932,422,41.432859115913175,0.5920045221540114,1.7022976469550655,0.4991760458002723,0.14563604709096428,0.12931971004788909,0.0,5.738209621733578,0,0,0,0,0.0,0.0,0.0,0.0,1.0
147.634625,275,591.236497,0.0,1.0,147.63462512317918,147.63462512317918,1.0,1.0,0.0,0.0,0.5247948286265609,275,41.122779264514406,0.5136473727339325,1.3087170732040836,0.46312312294136393,0.0859149997884577,0.08269103397022594,0.05005015449452746,0.652232947274466,0,0,0,0,0.0,0.0,0.0,0.0,1.0
13.821095,102,592.19859,0.0,1.0,13.821094626337345,13.821094626337345,0.0,0.0,0.0,1.0,0.18597123790710218,102,23.12164417693492,0.6564791555010999,2.0,0.4901711945148075,0.09733325710483626,0.09950573888479494,0.0,nan,0,0,0,0,0.0,0.0,0.0,0.0,1.0
113.663158,335,595.981663,0.0,1.0,113.66315794025444,113.66315794025444,0.0,0.0,0.0,1.0,0.6168653351687997,335,33.06527669504977,0.6481172728462289,2.0,0.4191957637667656,0.07428850024493773,0.07545177545120467,0.0,nan,0,0,0,0,0.0,0.0,0.0,0.0,1.0
20.52583,166,597.30127,0.0,1.0,20.52583039298241,20.52583039298241,0.0,0.0,0.0,1.0,0.3199798124902533,166,25.509694756348097,0.9016273564018864,2.0,0.45911407937486487,0.10781644554023283,0.1048586354198226,0.0,nan,0,0,0,0,0.0,0.0,0.0,0.0,1.0
145.99383,290,599.746701,1.0,0.0,145.99382990480274,145.99382990480274,0.0,0.0,0.0,0.0,0.9866396480567782,290,34.22428444400492,0.6375212044972729,1.9999350409274117,0.4333818099750527,0.08339677884660918,0.07850217654787262,0.0,nan,0,0,0,0,0.0,0.0,0.0,0.0,1.0
97.183248,195,601.858876,0.0,1.0,97.18324829197135,97.18324829197135,1.0,1.0,0.0,0.0,0.6116559688266294,195,35.04915540574604,0.4388938453009562,1.3633497296233514,0.4644723810446568,0.12475279722458277,0.10758842382675562,0.08276784741290794,0.7271183356690362,0,0,0,0,0.0,0.0,0.0,0.0,1.0
178.084464,300,605.065905,0.0,1.0,178.08446415443623,178.08446415443623,1.0,1.0,0.0,0.0,0.7788675688556043,300,42.32300931205491,0.5000769103312855,1.08131890906385,0.4756381439541777,0.10278799613316854,0.1033966334660848,0.05611045186031884,0.5809861926773121,0,0,0,0,0.0,0.0,0.0,0.0,1.0
70.469609,220,607.118709,0.0,1.0,70.46960933972518,70.46960933972518,0.0,0.0,0.0,1.0,0.6295014797148953,220,28.15524899484697,0.5429996952388784,2.0,0.46997246533970943,0.11235582774335688,0.10873991196805781,0.0,nan,0,0,0,0,0.0,0.0,0.0,0.0,1.0
166.616445,281,609.40751,1.0,0.0,166.61644487888836,166.61644487888836,0.0,0.0,0.0,0.0,0.979263670625602,281,32.708560039375065,0.41561485960697736,1.5567263624591097,0.4162408311277946,0.08129325710581715,0.08679436746441173,0.0,nan,0,0,0,0,0.0,0.0,0.0,0.0,1.0
245.101211,363,613.37741,1.0,0.0,245.10121136225874,245.10121136225874,0.0,0.0,0.0,0.0,0.9877458285636204,363,39.11739576090409,0.5084359281048179,2.0,0.49547942931001837,0.09056114362291068,0.08248011008438656,0.0,8.921645952381743,0,0,0,0,0.0,0.0,0.0,0.0,1.0
211.057545,372,615.904962,1.0,0.0,211.05754493087755,211.05754493087755,0.0,0.0,0.0,0.0,0.9882750317495476,372,36.88941737950318,0.5023724390899725,1.4008125652640326,0.5044604926520297,0.08565844258954448,0.0870006997739115,0.0,5.434342969836959,0,0,0,0,0.0,0.0,0.0,0.0,1.0
224.737046,363,619.210727,1.0,0.0,224.73704596011237,224.73704596011237,0.0,0.0,0.0,0.0,0.9889545212610759,363,40.51005107943683,0.5673976411652383,1.8958688891564686,0.4345024943803296,0.11941432690160662,0.1042036018424126,0.016108000881545757,2.59988807757578,0,0,0,0,0.0,0.0,0.0,0.0,1.0
51.793346,227,621.125883,0.0,1.0,51.793345895867674,51.793345895867674,0.0,0.0,0.0,1.0,0.5551517787829122,227,31.073611151644347,0.8278348607004289,2.0,0.4749965557442888,0.0881974857284109,0.08671076707377832,0.0,nan,0,0,0,0,0.0,0.0,0.0,0.0,1.0
114.924579,227,624.081095,0.0,1.0,114.92457903406785,114.92457903406785,1.0,1.0,0.0,0.0,0.4395855575326591,227,27.823066240206355,0.28429519016485383,0.7748761991585508,0.48876130849221466,0.13407210710290246,0.12039120790716835,0.05042203716107143,1.4263330664660379,0,0,0,0,0.0,0.0,0.0,0.0,1.0
124.487756,253,626.123846,0.0,1.0,124.48775648563387,124.48775648563387,0.0,0.0,0.0,1.0,0.6704055787923724,253,38.089967594770805,0.5694741650378791,2.0,0.4446867970683476,0.09678426326027972,0.10238857184474176,0.00561986120142024,3.0316814042358975,0,0,0,0,0.0,0.0,0.0,0.0,1.0
65.259909,191,627.758759,0.0,1.0,65.25990883288743,65.25990883288743,0.0,0.0,0.0,1.0,0.6412254249982361,191,33.38760635833045,0.7094137715430743,2.0,0.42675246395833827,0.09233843094391349,0.09495518500892279,0.0,nan,0,0,0,0,0.0,0.0,0.0,0.0,1.0
107.315749,187,629.327321,0.0,1.0,107.31574911044954,107.31574911044954,0.0,0.0,0.0,1.0,0.49260371529197977,187,36.10520553324147,0.39071925595558166,2.0,0.49766958395347877,0.06345877800395781,0.06895698136824338,0.0,nan,0,0,0,0,0.0,0.0,0.0,0.0,1.0
168.913679,277,632.820207,1.0,0.0,168.913679068332,168.913679068332,0.0,0.0,0.0,0.0,0.9799556197041156,277,32.58101279211153,0.41662237153899656,0.9447909638433403,0.4120997356970388,0.07910339453590476,0.0755502183514812,0.0,nan,0,0,0,0,0.0,0.0,0.0,0.0,1.0
258.931408,362,636.050275,1.0,0.0,258.931408132495,258.931408132495,0.0,0.0,0.0,0.0,0.9891786150963582,362,41.69836117488242,0.42927400169469193,1.5787125011550684,0.45967697160761,0.09251716815305679,0.09797926436471675,0.0016025824071610809,2.099325843038444,0,0,0,0,0.0,0.0,0.0,0.0,1.0
92.829667,232,638.291841,0.0,1.0,92.82966697562013,92.82966697562013,0.0,0.0,0.0,1.0,0.8410697598597969,232,32.11722126816814,0.4744422707611861,2.0,0.4652702631107692,0.07382665060717485,0.07685180625011181,0.0,nan,0,0,0,0,0.0,0.0,0.0,0.0,1.0
117.238259,213,639.944354,0.0,1.0,117.23825931654588,117.23825931654588,0.0,0.0,0.0,1.0,0.5604816010493481,213,37.78776820095798,0.4361615221655414,2.0,0.44436490700138565,0.08693805322960509,0.08848055483589709,0.0,nan,0,0,0,0,0.0,0.0,0.0,0.0,1.0
243.644091,418,644.410748,0.0,1.0,243.6440910871498,243.6440910871498,1.0,1.0,0.0,0.0,0.9705938186336914,418,40.56960561956402,0.49532204778470684,1.634249357654969,0.4647168849715205,0.15041400142833947,0.13758370893423638,0.044088644934859506,1.217051789191341,0,0,0,0,0.0,0.0,0.0,0.0,1.0
27.090755,152,645.568421,0.0,1.0,27.090754805775717,27.090754805775717,0.0,0.0,0.0,1.0,0.4337471467059399,152,30.542491272047897,0.7520967694375522,2.0,0.46989400841687856,0.08313966581695958,0.09227815348851054,0.0,nan,0,0,0,0,0.0,0.0,0.0,0.0,1.0
122.126382,277,648.183952,0.0,1.0,122.12638230398534,122.12638230398534,0.0,0.0,0.0,1.0,0.9472046435560653,277,33.0042933781714,0.4784449699695548,2.0,0.45598447005456105,0.09686884682101032,0.09506488061553735,0.0,nan,0,0,0,0,0.0,0.0,0.0,0.0,1.0
191.157088,244,650.274459,1.0,0.0,191.15708776041748,191.15708776041748,0.0,0.0,0.0,0.0,0.9838775469617269,244,41.32585919926083,0.3872571152315806,1.2482885167678146,0.4648161317053877,0.06651224806660512,0.06209628015268044,0.0,nan,0,0,0,0,0.0,0.0,0.0,0.0,1.0
133.62665,265,653.377173,0.0,1.0,133.62664983715098,133.62664983715098,0.0,0.0,0.0,1.0,0.8837342486551734,265,40.80090391593599,0.5923995303147352,2.0,0.4611280303518727,0.1343529201903433,0.1230240043604149,0.08026665830180106,0.06889625411781557,0,0,0,0,0.0,0.0,0.0,0.0,1.0
194.848302,319,655.783917,0.0,1.0,194.84830210183557,194.84830210183557,0.0,0.0,0.0,1.0,0.9364008822135513,319,43.40685016775972,0.5116113362627588,2.0,0.43876005309782806,0.15566017765983892,0.1487598094073209,0.0016344249362072725,4.301388481032383,0,0,0,0,0.0,0.0,0.0,0.0,1.0
174.431735,301,658.436218,1.0,0.0,174.4317347611242,174.4317347611242,0.0,0.0,0.0,0.0,0.9829316571238079,301,33.01041232888135,0.4455357014306544,1.300193595735861,0.47086749291449687,0.102712280726512,0.10551304476601737,0.0,nan,0,0,0,0,0.0,0.0,0.0,0.0,1.0
131.413209,218,660.915873,0.0,1.0,131.41320871028972,131.41320871028972,1.0,1.0,0.0,0.0,0.5493758941305578,218,35.486524230852716,0.33201280921378556,0.9901015241210465,0.48379827974312895,0.13187106432171042,0.11763030017187837,0.08974503907601987,0.5202142795525381,0,0,0,0,0.0,0.0,0.0,0.0,1.0
230.708713,303,663.477398,1.0,0.0,230.70871253922576,230.70871253922576,0.0,0.0,0.0,0.0,0.9821932106883585,303,33.46958299249424,0.2639043256723072,0.9693560959699248,0.45362366681838584,0.09846749360805297,0.08889146567177851,0.0,nan,0,0,0,0,0.0,0.0,0.0,0.0,1.0
132.553138,319,665.968143,1.0,0.0,132.55313761132993,132.55313761132993,0.0,0.0,0.0,0.0,0.9310863273434344,319,32.00859934011347,0.6379643962020671,2.0,0.42999093194833743,0.10821207918717196,0.11160724738548541,0.0,nan,0,0,0,0,0.0,0.0,0.0,0.0,1.0
102.720121,211,667.494504,0.0,1.0,102.72012052407389,102.72012052407389,0.0,0.0,0.0,1.0,0.5178842887079272,211,32.93531277985134,0.5086950136508155,2.0,0.44415892028554355,0.1096380982918762,0.10863535664092873,0.0017537457228165416,4.043306645526538,0,0,0,0,0.0,0.0,0.0,0.0,1.0
58.806599,161,669.069262,0.0,1.0,58.80659855063223,58.80659855063223,0.0,0.0,0.0,1.0,0.4204982985178334,161,29.1450162054415,0.47202026156562865,1.5886951109359413,0.4971472324329133,0.06673357131318276,0.06923015813649812,0.0,nan,0,0,0,0,0.0,0.0,0.0,0.0,1.0
126.331524,246,671.906083,0.0,1.0,126.33152368315558,126.33152368315558,0.0,0.0,0.0,1.0,0.6847546045227073,246,33.28200934521731,0.4551900143065926,2.0,0.4308761860418126,0.1285041798421038,0.1274959076710833,0.0,nan,0,0,0,0,0.0,0.0,0.0,0.0,1.0
239.822785,303,674.021003,1.0,0.0,239.82278453713323,239.82278453713323,0.0,0.0,0.0,0.0,0.9899451241233002,303,43.485801825752475,0.5030149652350027,2.0,0.4465902813836293,0.11794826319508821,0.11964966164957179,0.043945975013322446,0.5311632840235901,0,0,0,0,0.0,0.0,0.0,0.0,1.0
72.547307,170,675.88553,0.0,1.0,72.54730719429764,72.54730719429764,0.0,0.0,0.0,1.0,0.6016236415889065,170,32.7989195010956,0.49004607102359504,2.0,0.4560421642135171,0.08651298354653751,0.09213539432076846,0.0,nan,0,0,0,0,0.0,0.0,0.0,0.0,1.0
173.474928,470,681.031631,0.0,1.0,173.47492795447252,173.47492795447252,0.0,0.0,0.0,1.0,0.6148581908192211,470,38.75469062599639,0.8293874824019348,2.0,0.4495908447045912,0.1454275204780254,0.14119280044068683,0.002055938963440053,3.671986511857941,0,0,0,0,0.0,0.0,0.0,0.0,1.0
202.32105,307,683.456704,0.0,1.0,202.32104965248757,202.32104965248757,0.0,0.0,0.0,1.0,0.8765321071735102,307,40.82427860041558,0.41782553752794355,1.637169096337219,0.43291038066051685,0.12111514554349918,0.11835436207463765,0.02388906394413884,1.096678132587287,0,0,0,0,0.0,0.0,0.0,0.0,1.0
95.478291,231,685.475488,0.0,1.0,95.47829051093015,95.47829051093015,0.0,0.0,0.0,1.0,0.5240887168408214,231,32.610217286541435,0.48193589073392407,2.0,0.48489001180444447,0.1409516329373116,0.13142528162374126,0.014640663120311186,2.287299285820639,0,0,0,0,0.0,0.0,0.0,0.0,1.0
268.80769,423,689.839733,0.0,1.0,268.80768976844274,268.80768976844274,0.0,0.0,0.0,1.0,1.0015433566184824,423,37.283119000254366,0.3957393690997601,1.3447483531339441,0.44418730336653145,0.13135856601363377,0.11970542029567927,0.0006644636903371157,4.184301196314683,0,0,0,0,0.0,0.0,0.0,0.0,1.0
113.051718,230,691.707886,0.0,1.0,113.05171832501638,113.05171832501638,0.0,0.0,0.0,1.0,0.5703636612872881,230,37.03631119542596,0.5089309532356002,2.0,0.435311882554189,0.11618985041328099,0.11564270102459451,0.0,nan,0,0,0,0,0.0,0.0,0.0,0.0,1.0
132.234191,314,694.09486,0.0,1.0,132.23419073875112,132.23419073875112,0.0,0.0,0.0,1.0,0.69858339495716,314,33.635905358094966,0.5661632438742548,2.0,0.4599762222237268,0.1449981347011153,0.1477293915050045,0.0015973226399556106,3.9041893621058747,0,0,0,0,0.0,0.0,0.0,0.0,1.0
45.8608,162,695.676806,0.0,1.0,45.8608000154025,45.8608000154025,0.0,0.0,0.0,1.0,0.25353996064013107,162,24.004631796115284,0.34502211792002024,1.2011388329215356,0.4506757884389824,0.07469975653989816,0.07226160499784681,0.0,nan,0,0,0,0,0.0,0.0,0.0,0.0,1.0
116.43478,229,697.839576,0.0,1.0,116.43478031587452,116.43478031587452,0.0,0.0,0.0,1.0,0.5632062297874079,229,35.458039630243725,0.3539766412622444,1.8084078392182925,0.4288083035417519,0.11139930804223473,0.10971661217868589,0.0,nan,0,0,0,0,0.0,0.0,0.0,0.0,1.0
143.683218,327,701.178707,0.0,1.0,143.68321840554606,143.68321840554606,0.0,0.0,0.0,1.0,0.673165194797333,327,38.147049111015846,0.5726690891051677,2.0,0.4628431053108761,0.10844410049076839,0.11054130832718782,0.0,8.31519827036134,0,0,0,0,0.0,0.0,0.0,0.0,1.0
160.717625,358,704.507814,0.0,1.0,160.7176247734705,160.7176247734705,1.0,1.0,0.0,0.0,0.714476481995282,358,37.363602517461985,0.6299041716651794,2.0,0.45724815500681626,0.09172731987590896,0.09055053871437158,0.033515891075254954,1.2149931587851115,0,0,0,0,0.0,0.0,0.0,0.0,1.0
21.856593,93,705.209305,0.0,1.0,21.85659345593507,21.85659345593507,0.0,0.0,0.0,1.0,0.18314208820291578,93,25.04333071524553,0.4571904943077326,2.0,0.48185170980631026,0.16218086211912094,0.15637860503247988,0.0,nan,0,0,0,0,0.0,0.0,0.0,0.0,1.0
99.448763,256,707.565547,0.0,1.0,99.44876277515189,99.44876277515189,0.0,0.0,0.0,1.0,0.6223680573471853,256,37.510135646732024,0.5478349886562589,2.0,0.44654597164480947,0.1296852226369083,0.11431488394737244,0.0,nan,0,0,0,0,0.0,0.0,0.0,0.0,1.0
282.157363,370,711.331188,1.0,0.0,282.15736326265403,282.15736326265403,0.0,0.0,0.0,0.0,0.987620005180763,370,37.810019779106156,0.33479998828241764,1.3628135145549447,0.411887835630694,0.1091853463971937,0.1048777638254939,0.0,nan,0,0,0,0,0.0,0.0,0.0,0.0,1.0
58.79511,238,713.314917,0.0,1.0,58.79510996690145,58.79510996690145,0.0,0.0,0.0,1.0,0.6418220297711028,238,35.55362871906392,0.7149314468990376,2.0,0.4574414673222213,0.1515007900590656,0.1556697247409019,0.0,7.778620532825021,0,0,0,0,0.0,0.0,0.0,0.0,1.0
233.266356,327,715.900304,1.0,0.0,233.26635615284852,233.26635615284852,0.0,0.0,0.0,0.0,0.9879604308173108,327,38.40021340261747,0.4524249492906962,2.0,0.4508034690006975,0.10116374930110547,0.10272557071954103,0.0,nan,0,0,0,0,0.0,0.0,0.0,0.0,1.0
99.008444,190,718.303013,0.0,1.0,99.00844375164502,99.00844375164502,0.0,0.0,0.0,1.0,0.6408546999425677,190,36.089178840727556,0.38908787494956615,2.0,0.4310267127854259,0.1876388807045786,0.16567014016603168,0.0,nan,0,0,0,0,0.0,0.0,0.0,0.0,1.0
26.246,101,719.102489,0.0,1.0,26.245999521831784,26.245999521831784,0.0,0.0,0.0,1.0,0.17953252939958497,101,22.159164602558647,0.3783573589671171,1.8677539784234185,0.4999010821085165,0.12570639766088806,0.126456091899683,0.0,nan,0,0,0,0,0.0,0.0,0.0,0.0,1.0
181.937894,391,722.431138,0.0,1.0,181.9378940286261,181.9378940286261,0.0,0.0,0.0,1.0,0.7813843673702189,391,38.960940794275324,0.5496182979339244,1.8442986474872458,0.459250541018022,0.14752915204333528,0.13480601164386097,0.0005635483263359804,4.380058822158974,0,0,0,0,0.0,0.0,0.0,0.0,1.0
131.837586,264,724.660796,0.0,1.0,131.83758550749093,131.83758550749093,1.0,1.0,0.0,0.0,0.6188732653089813,264,33.49642637533511,0.46212331101561743,1.0605001905767162,0.47028858350081876,0.16049725720376679,0.1480406319553202,0.055216125443377874,1.185768729064929,0,0,0,0,0.0,0.0,0.0,0.0,1.0
128.555294,245,727.382043,0.0,1.0,128.55529443460756,128.55529443460756,0.0,0.0,0.0,1.0,0.6031631233589263,245,35.55841076005435,0.45021996470467024,2.0,0.46039399048503565,0.11863329313239272,0.11165181471377003,0.004323841418739853,2.2470761917186715,0,0,0,0,0.0,0.0,0.0,0.0,1.0
33.030014,148,728.907801,0.0,1.0,33.03001374433621,33.03001374433621,0.0,0.0,0.0,1.0,0.3118126535865767,148,26.465966044830214,0.3791123598294994,1.9156741172174925,0.46514456663784143,0.11139433206738653,0.1230195430484978,0.0,nan,0,0,0,0,0.0,0.0,0.0,0.0,1.0
128.883099,195,730.094284,0.0,1.0,128.8830987616015,128.8830987616015,0.0,0.0,0.0,1.0,0.6214389879657362,195,35.827195012836846,0.2844618831800254,2.0,0.4160136249585029,0.07263844135480049,0.07706365279662303,0.0,nan,0,0,0,0,0.0,0.0,0.0,0.0,1.0
35.556355,137,731.300228,0.0,1.0,35.556355039753676,35.556355039753676,0.0,0.0,0.0,1.0,0.34119055734794856,137,27.697831139362854,0.5061193991563774,1.8359534908979633,0.4037279110320293,0.12066045468741089,0.12100086856062395,0.0,nan,0,0,0,0,0.0,0.0,0.0,0.0,1.0
125.553253,252,733.271742,0.0,1.0,125.55325312049504,125.55325312049504,0.0,0.0,0.0,1.0,0.57833147976719,252,33.09775918429577,0.4089164699449626,1.8820523824262767,0.4281809703550405,0.14662005030919636,0.13962374367411173,0.0,17.234976023042076,0,0,0,0,0.0,0.0,0.0,0.0,1.0
134.213785,233,735.929385,0.0,1.0,134.21378463815603,134.21378463815603,0.0,0.0,0.0,1.0,0.6107390169039655,233,37.30124922130938,0.4566801578368733,2.0,0.4028973725860211,0.19225044618860335,0.1764412159060204,0.0014664619295197648,4.282830073797875,0,0,0,0,0.0,0.0,0.0,0.0,1.0
163.494688,291,738.348217,1.0,0.0,163.4946879760388,163.4946879760388,0.0,0.0,0.0,0.0,0.976211543492481,291,27.963512164441337,0.36285142837589734,1.1535617905532833,0.38655154604170333,0.07881356965225587,0.07516798489691875,0.0,nan,0,0,0,0,0.0,0.0,0.0,0.0,1.0
201.376796,305,740.598656,0.0,1.0,201.37679648790828,201.37679648790828,1.0,1.0,0.0,0.0,0.799814870128836,305,37.59150575498111,0.3795121808760112,0.9879278617642449,0.46463040998968924,0.11362557293938809,0.10606576849202641,0.06893836688666972,0.9180755126065384,0,0,0,0,0.0,0.0,0.0,0.0,1.0
306.62546,430,744.903622,1.0,0.0,306.62546003028086,306.62546003028086,0.0,0.0,0.0,0.0,0.9868717677342342,430,31.47290860216908,0.2576182598347997,1.0058272776822834,0.4009647305708292,0.12090393582055735,0.116680908203125,0.0,nan,0,0,0,0,0.0,0.0,0.0,0.0,1.0
288.083543,466,748.687347,0.0,1.0,288.0835427362727,288.0835427362727,1.0,1.0,0.0,0.0,0.8848921350042824,466,32.7978483440729,0.34296019048838994,1.0867741817132972,0.4464653045370727,0.11562276487698371,0.1130731072548633,0.03411043474987512,0.5213918678080716,0,0,0,0,0.0,0.0,0.0,0.0,2.0
43.076409,98,749.613297,0.0,1.0,43.0764090018761,43.0764090018761,1.0,1.0,0.0,0.0,0.1546278031492925,98,21.64889493540374,0.10635712957814404,0.48687894689994043,0.46098486573568415,0.14161331069712735,0.14600770327509666,0.111828709110124,0.27287110982213003,0,0,0,0,0.0,0.0,0.0,0.0,2.0
90.161103,148,751.119987,0.0,1.0,90.16110283586858,90.16110283586858,1.0,1.0,0.0,0.0,0.32299520225128936,148,31.54599587937388,0.21418551876740405,1.0032566809673151,0.47878379123033704,0.12541513910164703,0.11564234019936742,0.07672279312823971,0.03946153238678279,0,0,0,0,0.0,0.0,0.0,0.0,2.0
79.486963,224,754.689163,0.0,1.0,79.48696333782864,79.48696333782864,0.0,0.0,0.0,1.0,0.44332020964372715,224,29.104578476629182,0.4786830182985571,1.836499907615826,0.4245454654363649,0.12325615755149297,0.11360452164496694,0.0029055994668893068,3.2988827632598,0,0,0,0,0.0,0.0,0.0,0.0,2.0
167.012634,378,760.665674,0.0,1.0,167.01263400132865,167.01263400132865,1.0,1.0,0.0,0.0,0.3945695202861278,378,29.32008429931801,0.45830762186843,1.3449298572564783,0.45392862604881723,0.20330278425620346,0.20488720123099272,0.016744015879848428,0.8092420258279173,0,0,0,0,0.0,0.0,0.0,0.0,2.0
119.524388,331,766.235444,0.0,1.0,119.52438801707663,119.52438801707663,0.0,0.0,0.0,1.0,0.40378228505296293,331,32.782769104520426,0.5661638055778552,2.0,0.4238515238972589,0.1821782390876839,0.16534736185275536,0.0071309184664291045,3.0546344681937403,0,0,0,0,0.0,0.0,0.0,0.0,2.0
13.115692,118,768.090465,0.0,1.0,13.115692489751162,13.115692489751162,0.0,0.0,0.0,1.0,0.12222292576084566,118,20.59202349362375,0.5744294474455119,1.6543779724757668,0.47618216983342576,0.14250542046660084,0.12963188704797776,0.07713883478369417,1.621779418763081,0,0,0,0,0.0,0.0,0.0,0.0,2.0
92.649325,164,771.937581,0.0,1.0,92.64932483604113,92.64932483604113,0.0,0.0,0.0,1.0,0.3174757862591667,164,32.13512920114761,0.3147257102418558,2.0,0.41514963820213224,0.12601618941237286,0.11871715653233411,0.0,nan,0,0,0,0,0.0,0.0,0.0,0.0,2.0
37.846835,106,773.721208,0.0,1.0,37.84683456324568,37.84683456324568,1.0,1.0,0.0,0.0,0.1874941010362604,106,25.692610576744887,0.34394466266542745,0.8434794764533837,0.44492836570683514,0.10368947712880261,0.10579916216292472,0.0,nan,0,0,0,0,0.0,0.0,0.0,0.0,2.0
97.126745,273,778.210267,0.0,1.0,97.12674480324323,97.12674480324323,0.0,0.0,0.0,1.0,0.3718192963003669,273,31.47564357728756,0.4545506776716271,1.9927212114168427,0.4549142926276385,0.19221532956147805,0.17899200986156533,0.061481518553607825,0.8895192679771905,0,0,0,0,0.0,0.0,0.0,0.0,2.0
69.503128,194,780.590784,0.0,1.0,69.50312798340397,69.50312798340397,0.0,0.0,0.0,1.0,0.35506872220499375,194,30.736588021454725,0.49919174201457917,2.0,0.39892141655394714,0.08738555060219519,0.09550793207797807,0.005554294200555218,3.146215441223176,0,0,0,0,0.0,0.0,0.0,0.0,2.0
75.310923,255,784.684776,0.0,1.0,75.31092308795951,75.31092308795951,0.0,0.0,0.0,1.0,0.29798401576956046,255,27.88936053976987,0.6091384439831058,2.0,0.4029450598665897,0.1842977668724808,0.17734759555143467,0.0,9.468586754870346,0,0,0,0,0.0,0.0,0.0,0.0,2.0
225.613394,380,791.679782,0.0,1.0,225.61339415888852,225.61339415888852,1.0,1.0,0.0,0.0,0.7676998854252299,380,37.80863039561704,0.4218143411705084,1.2163423838948526,0.4353014020935485,0.12152971750811527,0.12201008922175358,0.03677576574463495,1.130120447516982,0,0,0,0,0.0,0.0,0.0,0.0,2.0
167.73575,388,797.312937,0.0,1.0,167.73574960250312,167.73574960250312,0.0,0.0,0.0,1.0,0.6585544921228601,388,34.17887447303381,0.5314671868642745,2.0,0.4444403133364682,0.20616450890437843,0.19504181226504216,0.013160678372605768,2.768366010127276,0,0,0,0,0.0,0.0,0.0,0.0,2.0
283.884429,454,802.796533,1.0,0.0,283.8844294262267,283.8844294262267,0.0,0.0,0.0,0.0,0.9911429277607757,454,36.095312637424676,0.4563314915377743,1.5513661983914147,0.40820765639716833,0.18807254213068453,0.1805849731756202,0.006589930754720347,1.6647666868487947,0,0,0,0,0.0,0.0,0.0,0.0,1.0
212.239298,335,806.557947,1.0,0.0,212.2392984649041,212.2392984649041,0.0,0.0,0.0,0.0,0.986735861659423,335,29.044684792976987,0.3255852260512188,0.9868649994292488,0.4465089000872712,0.1488394690983331,0.14433095668678853,0.0,nan,0,0,0,0,0.0,0.0,0.0,0.0,1.0
185.607738,286,808.743535,1.0,0.0,185.6077377622855,185.6077377622855,0.0,0.0,0.0,0.0,0.9829477497621683,286,35.41382379861493,0.41281017622700333,1.5789227074774124,0.4276524000260588,0.08712624669908643,0.09206329734175356,0.0,nan,0,0,0,0,0.0,0.0,0.0,0.0,1.0
214.659554,355,811.458013,0.0,1.0,214.65955390226205,214.65955390226205,0.0,0.0,0.0,1.0,0.816499809787439,355,37.81966702795545,0.4307214636511934,1.5264590956924993,0.4222432979920381,0.11843900663751951,0.12276577042861724,0.0,nan,0,0,0,0,0.0,0.0,0.0,0.0,1.0
205.119364,335,814.593753,0.0,1.0,205.11936400125308,205.11936400125308,0.0,0.0,0.0,1.0,0.7738247543160268,335,37.56304268764697,0.4241631727450861,2.0,0.43551684684717834,0.1500001978518358,0.14920591026989383,0.0043059385355767145,3.603652796078001,0,0,0,0,0.0,0.0,0.0,0.0,1.0
96.30179,339,817.350743,0.0,1.0,96.30179047348162,96.30179047348162,0.0,0.0,0.0,1.0,0.5132872352628429,339,29.449850935295704,0.7380474117589695,2.0,0.43355067428146493,0.1216853041212819,0.11627699316075418,0.019474654267863458,1.5191345333530577,0,0,0,0,0.0,0.0,0.0,0.0,1.0
252.507419,296,819.77122,1.0,0.0,252.50741915428554,252.50741915428554,0.0,0.0,0.0,0.0,0.9875798192114088,296,38.21007913077511,0.27226283358071746,1.3447052602588203,0.45677942782640457,0.13577272642303156,0.12494495470781584,0.0,nan,0,0,0,0,0.0,0.0,0.0,0.0,1.0
111.359937,260,822.556918,0.0,1.0,111.35993674729018,111.35993674729018,0.0,0.0,0.0,1.0,0.9106917391716884,260,30.367580739995077,0.40389490526961286,2.0,0.444217625224533,0.14400845032471876,0.14347773515261136,0.0,nan,0,0,0,0,0.0,0.0,0.0,0.0,1.0
238.333056,347,825.337191,0.0,1.0,238.33305596764143,238.33305596764143,0.0,0.0,0.0,1.0,0.9067301929717019,347,39.06047470943271,0.32982519570129903,2.0,0.45998725472742785,0.10177948942101998,0.10277893495147442,0.0,nan,0,0,0,0,0.0,0.0,0.0,0.0,1.0
216.965206,317,828.083557,0.0,1.0,216.96520576778406,216.96520576778406,1.0,1.0,0.0,0.0,0.8699903438476883,317,38.07634064589355,0.3281686269694548,0.9948647688283925,0.46831626061949444,0.10252286000206644,0.10147735391881564,0.04810124332558303,0.8834301390750883,0,0,0,0,0.0,0.0,0.0,0.0,1.0
290.677313,369,831.803407,0.0,1.0,290.67731302570917,290.67731302570917,0.0,0.0,0.0,1.0,0.9279026266824104,369,43.04819203354017,0.37764464060712766,2.0,0.4242251733100915,0.10247687918706962,0.09999675091689195,0.0,13.304074322188736,0,0,0,0,0.0,0.0,0.0,0.0,1.0
143.1184,219,833.760115,0.0,1.0,143.11840006704665,143.11840006704665,0.0,0.0,0.0,1.0,0.8045179659839911,219,37.355144930102554,0.27160918068702244,1.0371334151129619,0.49513132380296104,0.12171048443067019,0.12096604963415834,0.0,nan,0,0,0,0,0.0,0.0,0.0,0.0,1.0
128.4069,240,835.972469,0.0,1.0,128.40689955975603,128.40689955975603,0.0,0.0,0.0,1.0,0.5684719284104015,240,32.94279683821914,0.36279268883113397,1.6481112159181235,0.44541976892699797,0.12890660564104717,0.12693369934956233,0.0,nan,0,0,0,0,0.0,0.0,0.0,0.0,1.0
57.356099,225,837.809141,0.0,1.0,57.35609913856656,57.35609913856656,1.0,1.0,0.0,0.0,0.38573128658743633,225,24.726980013940473,0.6351882333617817,2.0,0.4331590192516645,0.2057997351222568,0.18993127716912164,0.0,7.3037902404583175,0,0,0,0,0.0,0.0,0.0,0.0,1.0
97.914076,154,839.201376,0.0,1.0,97.9140764894005,97.9140764894005,0.0,0.0,0.0,1.0,0.5601541227058019,154,34.53995939495205,0.2797263490614625,2.0,0.39197771067356135,0.1117700408031414,0.0994357273176119,0.0,nan,0,0,0,0,0.0,0.0,0.0,0.0,1.0
305.400156,323,842.814785,1.0,0.0,305.40015568786913,305.40015568786913,0.0,0.0,0.0,0.0,0.9892033051698608,323,44.049257749223074,0.3035322483721102,0.9872372288010306,0.4548112803741413,0.1525298840490288,0.126516625608084,0.0480952641367353,1.3486562694052167,0,0,0,0,0.0,0.0,0.0,0.0,1.0
73.650015,122,843.782791,0.0,1.0,73.65001454592489,73.65001454592489,0.0,0.0,0.0,1.0,0.3299280125809549,122,32.308100242861194,0.21710904862738928,1.8424687025808328,0.39439781669710505,0.08713520354911929,0.09544356533738434,0.0,nan,0,0,0,0,0.0,0.0,0.0,0.0,1.0
125.706482,202,845.606756,0.0,1.0,125.70648168379768,125.70648168379768,0.0,0.0,0.0,1.0,0.4827126993588075,202,35.924593441327985,0.3662983126830475,1.991507553112303,0.45056459318735814,0.11657459310965963,0.10320769678248037,0.0,nan,0,0,0,0,0.0,0.0,0.0,0.0,1.0
142.859684,303,848.311414,0.0,1.0,142.85968407022403,142.85968407022403,0.0,0.0,0.0,1.0,0.616770063396478,303,32.8178891115896,0.5746975475091466,2.0,0.4683873580381422,0.17826993001176186,0.1741025475385559,0.009220492240231234,3.2963025689667282,0,0,0,0,0.0,0.0,0.0,0.0,1.0
160.094799,241,850.903081,1.0,0.0,160.09479921387322,160.09479921387322,0.0,0.0,0.0,0.0,0.9740963968880766,241,31.757311522725757,0.33187490332799885,0.9713383002077756,0.4535277884963637,0.13909293210358045,0.13962423504635507,0.0,nan,0,0,0,0,0.0,0.0,0.0,0.0,1.0
206.109262,313,853.439561,1.0,0.0,206.10926233171787,206.10926233171787,0.0,0.0,0.0,0.0,0.9811132068410313,313,32.100039009565826,0.33814649826121257,0.9740737023260142,0.44860866601569965,0.11864800803577558,0.11681397959066275,0.0,nan,0,0,0,0,0.0,0.0,0.0,0.0,1.0
257.036476,326,856.492831,1.0,0.0,257.0364757756188,257.0364757756188,0.0,0.0,0.0,0.0,0.9912386654774966,326,42.976699017786785,0.4068480608915575,1.2484474238232381,0.4634714678181278,0.14405835168493306,0.13836263732676127,0.038969734911562824,0.7736536249649416,0,0,0,0,0.0,0.0,0.0,0.0,1.0
190.07789,264,858.348265,0.0,1.0,190.07788950913204,190.07788950913204,0.0,0.0,0.0,1.0,0.8469153231612471,264,37.88392419203402,0.2848378134610947,1.1036118918290667,0.39640935758749646,0.13753344908808218,0.13332370284831885,0.0,nan,0,0,0,0,0.0,0.0,0.0,0.0,1.0
307.616123,416,862.469425,1.0,0.0,307.6161233002736,307.6161233002736,0.0,0.0,0.0,0.0,0.9905381066224106,416,36.264199761360466,0.35281869676997657,1.7308168286597478,0.4278356962873099,0.19250728505162093,0.19339007339798486,0.0,7.544232551143414,0,0,0,0,0.0,0.0,0.0,0.0,1.0
166.494778,276,864.286667,1.0,0.0,166.4947778706684,166.4947778706684,0.0,0.0,0.0,0.0,0.9789412062180761,276,30.601938598487514,0.3547250080285422,1.926334388440177,0.46926944897226663,0.10047871306322623,0.1052432630373084,0.0,nan,0,0,0,0,0.0,0.0,0.0,0.0,1.0
234.518161,330,866.959638,1.0,0.0,234.5181609937595,234.5181609937595,0.0,0.0,0.0,0.0,0.9844078194723449,330,34.512643602515276,0.3397698344099909,1.6412938008917537,0.4144679117665598,0.11489350831869877,0.1112892190615336,0.0,nan,0,0,0,0,0.0,0.0,0.0,0.0,1.0
142.665067,285,870.083239,0.0,1.0,142.66506729734775,142.66506729734775,0.0,0.0,0.0,1.0,0.9549137096792643,285,30.93328352953786,0.36401498586263786,1.68881349776758,0.4678059402003623,0.15895348557254724,0.15666930968301337,0.0,nan,0,0,0,0,0.0,0.0,0.0,0.0,1.0
244.240276,288,872.016794,1.0,0.0,244.2402761702111,244.2402761702111,0.0,0.0,0.0,0.0,0.9860019978277209,288,40.588032076732155,0.3155072240872727,0.9856616171011839,0.42520486789807266,0.13439536032577357,0.13067791817916763,0.0,nan,0,0,0,0,0.0,0.0,0.0,0.0,1.0
284.694212,436,877.529489,1.0,0.0,284.69421196720305,284.69421196720305,0.0,0.0,0.0,0.0,0.9891604945261969,436,30.421371389089735,0.31240715974159716,0.9965985078005516,0.45714681281135716,0.22199136497230704,0.19821875603920822,0.0,10.668847553699091,0,0,0,0,0.0,0.0,0.0,0.0,2.0
151.930607,219,882.898561,0.0,1.0,151.93060662471058,151.93060662471058,1.0,1.0,0.0,0.0,0.3334217596606144,219,34.24907177496489,0.21422371371554985,0.9379251535993891,0.42855024933134583,0.21494755924564518,0.20242855592405415,0.07554310443559824,1.1240783923079822,0,0,0,0,0.0,0.0,0.0,0.0,2.0
313.281291,501,889.998706,1.0,0.0,313.2812905085663,313.2812905085663,0.0,0.0,0.0,0.0,0.9901237950181893,501,34.817080064344054,0.4492312480527066,1.4177050869179877,0.4386597810733223,0.2541599922075481,0.22210520660567903,0.07422666654270252,0.08662026877643175,0,0,0,0,0.0,0.0,0.0,0.0,2.0
96.160511,254,893.664709,0.0,1.0,96.16051116458698,96.16051116458698,0.0,0.0,0.0,1.0,0.27210543367560525,254,30.09138247709069,0.40908974812606386,2.0,0.45895590747552595,0.21085845250783003,0.20628159158811796,0.03332813659351221,1.8398192752175933,0,0,0,0,0.0,0.0,0.0,0.0,2.0
234.704553,368,901.104241,0.0,1.0,234.7045529649672,234.7045529649672,1.0,1.0,0.0,0.0,0.7896072256112028,368,31.66352181450337,0.2718777322979693,0.9165248744019652,0.44584042117323563,0.2293156173242175,0.21967437345048654,0.10537928202419967,1.2528018449952116,0,0,0,0,0.0,0.0,0.0,0.0,2.0
14.439756,91,902.547742,0.0,1.0,14.439756278545094,14.439756278545094,1.0,1.0,0.0,0.0,0.10511340707790136,91,20.183894666029126,0.4574836173686412,0.9833429877383568,0.49861092398782353,0.1678915580550393,0.18873574052538192,0.016915743094696983,0.3977726834747094,0,0,0,0,0.0,0.0,0.0,0.0,2.0
244.169745,557,909.647233,0.0,1.0,244.16974489683298,244.16974489683298,1.0,1.0,0.0,0.0,0.7521712513188716,557,27.64770063643881,0.4800027964848973,2.0,0.45478133148308075,0.21371659481332803,0.20561851772414505,0.016871486187117358,0.46272027966719315,0,0,0,0,0.0,0.0,0.0,0.0,1.0
377.521413,502,914.376881,1.0,0.0,377.5214132160341,377.5214132160341,0.0,0.0,0.0,0.0,0.9910423456928806,502,39.43181703970163,0.36945396821812976,1.2897665185089136,0.42712050989507677,0.2163382469420414,0.18770486828815414,0.009038141310484108,2.5128612819863148,0,0,0,0,0.0,0.0,0.0,0.0,1.0
144.421669,262,916.807308,0.0,1.0,144.42166883379048,144.42166883379048,0.0,0.0,0.0,1.0,0.9403861754781916,262,33.20394509993733,0.340336139153328,2.0,0.4118714137500479,0.1656008067021843,0.14305080985294955,0.0,nan,0,0,0,0,0.0,0.0,0.0,0.0,1.0
290.079969,388,920.081906,0.0,1.0,290.0799694796302,290.0799694796302,1.0,1.0,0.0,0.0,0.759267813841739,388,38.89249940728769,0.2872141338307571,1.1475166619767914,0.46129787316997106,0.21081561157383868,0.19613048234551222,0.043115058729954595,1.3023743467917495,0,0,0,0,0.0,0.0,0.0,0.0,1.0
289.121324,395,924.293427,1.0,0.0,289.1213240544929,289.1213240544929,0.0,0.0,0.0,0.0,0.9889036914895054,395,34.604810231287026,0.30484665726534044,1.0001788698368117,0.41960434123307844,0.22749593589879288,0.20771083077297936,0.0,nan,0,0,0,0,0.0,0.0,0.0,0.0,1.0
183.25457,478,928.054508,0.0,1.0,183.25457024549056,183.25457024549056,0.0,0.0,0.0,1.0,0.610371372636659,478,35.66858334878503,0.7604871298589714,2.0,0.41897196660917174,0.1595191704927628,0.1506014067258795,0.0,nan,0,0,0,0,0.0,0.0,0.0,0.0,1.0
254.183327,322,931.278993,1.0,0.0,254.1833273857858,254.1833273857858,0.0,0.0,0.0,0.0,0.989653257013358,322,40.26022345868776,0.3499078672965011,0.9476626410920396,0.4641575823474375,0.2277002006954288,0.2060818372305876,0.00466829335937638,3.4833115243122843,0,0,0,0,0.0,0.0,0.0,0.0,1.0
134.712689,235,933.3163,0.0,1.0,134.71268865370425,134.71268865370425,0.0,0.0,0.0,1.0,0.45379985653531757,235,33.24424688225913,0.3648634794560095,2.0,0.4061542654925204,0.14514547307440576,0.14155621630080203,0.0,nan,0,0,0,0,0.0,0.0,0.0,0.0,1.0
260.242356,348,936.282722,1.0,0.0,260.242355528503,260.242355528503,0.0,0.0,0.0,0.0,0.9895072884382371,348,36.97970307311431,0.3431947967905705,1.0679134391610325,0.450851507549142,0.1796509488218132,0.16581544862396416,0.0,nan,0,0,0,0,0.0,0.0,0.0,0.0,1.0
28.804914,90,936.86107,0.0,1.0,28.804914115059667,28.804914115059667,0.0,0.0,0.0,1.0,0.15147885898488828,90,25.541457364619028,0.3479397973897645,1.3805463975777381,0.4697563353512022,0.15330794519848293,0.1322514957851834,0.0,nan,0,0,0,0,0.0,0.0,0.0,0.0,1.0
18.442316,96,938.089609,0.0,1.0,18.442315552979593,18.442315552979593,1.0,1.0,0.0,0.0,0.09965314689111977,96,19.340323849633236,0.4138323629991496,0.9975757427849459,0.5004054407278696,0.2630431782454252,0.25655867035190266,0.03583918147333087,0.6734434968052891,0,0,0,0,0.0,0.0,0.0,0.0,1.0
247.282436,357,941.609561,1.0,0.0,247.28243632575075,247.28243632575075,0.0,0.0,0.0,0.0,0.9853993448494248,357,30.885089796689233,0.2989211380398305,1.7755642905108238,0.45325802552516387,0.19084922956819295,0.17710600530399995,0.0,7.951744247315394,0,0,0,0,0.0,0.0,0.0,0.0,1.0
255.730327,361,944.229442,1.0,0.0,255.7303266062814,255.7303266062814,0.0,0.0,0.0,0.0,0.9899568317218448,361,31.51804803112515,0.2801212561280474,0.7792806932347893,0.41968258974913747,0.20706940654902578,0.19085359903583896,0.0,8.326943987201915,0,0,0,0,0.0,0.0,0.0,0.0,1.0
148.318999,236,946.005121,0.0,1.0,148.31899857249218,148.31899857249218,0.0,0.0,0.0,1.0,0.5721962641044334,236,35.38411610550847,0.2936046969719799,2.0,0.40169988373704885,0.18987502410250195,0.1822835123639996,0.0,nan,0,0,0,0,0.0,0.0,0.0,0.0,1.0
154.857735,218,948.536495,0.0,1.0,154.857735465787,154.857735465787,0.0,0.0,0.0,1.0,0.47913463357965286,218,32.953513817369796,0.18278295145503873,2.0,0.4289569630535371,0.2168272154046855,0.18346059541089818,0.0,nan,0,0,0,0,0.0,0.0,0.0,0.0,2.0
254.030096,373,953.604087,0.0,1.0,254.0300961977968,254.0300961977968,0.0,0.0,0.0,1.0,0.5676132596710464,373,33.94128565738279,0.2555167129553421,1.1640059561567464,0.40234341732059026,0.1925488473902439,0.17586754602018054,0.0,nan,0,0,0,0,0.0,0.0,0.0,0.0,2.0
300.052353,555,961.383893,0.0,1.0,300.05235308083877,300.05235308083877,0.0,0.0,0.0,1.0,0.8538484703814698,555,29.84807602841182,0.36441063678883306,1.5243197718330679,0.4343017118873897,0.24024990904438603,0.2089780027801926,0.025663239222859985,0.8031398413978553,0,0,0,0,0.0,0.0,0.0,0.0,2.0
286.151418,477,968.984419,1.0,0.0,286.1514177461997,286.1514177461997,0.0,0.0,0.0,0.0,0.987293576334665,477,29.448175291197078,0.3463855124462014,1.3189435819664277,0.39066809582947687,0.23936084531388194,0.233887488986961,0.0020540136188120996,3.6322010997911853,0,0,0,0,0.0,0.0,0.0,0.0,2.0
207.36191,356,973.957433,0.0,1.0,207.36191046430562,207.36191046430562,1.0,1.0,0.0,0.0,0.4575961899262853,356,30.461691244771686,0.2879607878188655,0.9940936549523496,0.4195742097400715,0.2553503011049849,0.23147305243470695,0.05136560609035817,0.0686357753228106,0,0,0,0,0.0,0.0,0.0,0.0,2.0
202.514611,328,979.414139,0.0,1.0,202.5146106442053,202.5146106442053,1.0,1.0,0.0,0.0,0.5975792920591817,328,30.62217457184915,0.25065261546576273,0.8796091730361284,0.4454840445470792,0.2616969603227406,0.23722270567242693,0.03613208393670781,0.13462141190976987,0,0,0,0,0.0,0.0,0.0,0.0,2.0
209.874046,350,984.041121,0.0,1.0,209.8740464137596,209.8740464137596,0.0,0.0,0.0,1.0,0.4306287962769904,350,33.45412912003749,0.24952781089865356,1.2450579186148831,0.3928126621778522,0.2831919504914965,0.2437622162273952,0.03041037925123322,1.443653567878115,0,0,0,0,0.0,0.0,0.0,0.0,2.0
273.601705,504,991.963465,0.0,1.0,273.6017045688686,273.6017045688686,1.0,1.0,0.0,0.0,0.8278540518530091,504,25.537403547738982,0.23397287842471357,0.9321898299361163,0.45007147761209615,0.29151992097733515,0.27704307058500866,0.050671821408596926,0.347840376981245,0,0,0,0,0.0,0.0,0.0,0.0,2.0
163.681049,311,996.41538,0.0,1.0,163.68104916716376,163.68104916716376,0.0,0.0,0.0,1.0,0.47364105977961674,311,33.679322074361416,0.37236470787070713,1.9166760362272575,0.41139537108001983,0.2532955335267487,0.21136467173168513,0.001559657775014596,4.163549093846433,0,0,0,0,0.0,0.0,0.0,0.0,2.0
280.284658,585,1004.413634,0.0,1.0,280.2846580366252,280.2846580366252,1.0,1.0,0.0,0.0,0.6069884889860276,585,31.208989841629695,0.4115571494733108,1.3920011717174114,0.4277504180167985,0.24552891162725596,0.23223429256015354,0.008366075208500823,2.044556970645412,0,0,0,0,0.0,0.0,0.0,0.0,2.0
167.298359,332,1009.525008,0.0,1.0,167.29835880884207,167.29835880884207,1.0,1.0,0.0,0.0,0.4937503034238114,332,26.10277983765768,0.28343084611150926,0.923234144938471,0.3612916156739356,0.2267899743045669,0.20478063534541302,0.05427109566021113,0.25353439069319966,0,0,0,0,0.0,0.0,0.0,0.0,2.0
390.96189,693,1018.913709,1.0,0.0,390.9618903917409,390.9618903917409,0.0,0.0,0.0,0.0,0.9913424869099775,693,25.57915729945175,0.2871781982992287,1.7852103923696285,0.4410690813772864,0.30143684217596123,0.2810751535159685,0.0,7.135461394162607,0,0,0,0,0.0,0.0,0.0,0.0,2.0
454.20983,694,1027.974695,1.0,0.0,454.209830151158,454.209830151158,0.0,0.0,0.0,0.0,0.9922020025363999,694,28.490207734769758,0.23457234944356792,1.037453161588677,0.41192989274644715,0.2837725241349135,0.25000461068551894,0.0016628611579364652,3.362572185142878,0,0,0,0,0.0,0.0,0.0,0.0,2.0
218.997773,379,1033.007883,0.0,1.0,218.99777302379132,218.99777302379132,1.0,1.0,0.0,0.0,0.6645251899554916,379,30.196253126425997,0.29104820125399505,0.990086718311526,0.4219413350943211,0.2520540861466944,0.222422013811197,0.049170126868846274,0.6775567807431547,0,0,0,0,0.0,0.0,0.0,0.0,2.0
98.457408,196,1036.443192,0.0,1.0,98.45740818175544,98.45740818175544,0.0,0.0,0.0,1.0,0.3336772475917243,196,31.678460243563872,0.3342305583879334,1.6661162171235888,0.4222980461520504,0.18601768174949956,0.18353632518223353,0.0,nan,0,0,0,0,0.0,0.0,0.0,0.0,2.0
94.161124,195,1038.868521,0.0,1.0,94.16112384424619,94.16112384424619,0.0,0.0,0.0,1.0,0.35098922358752815,195,29.041994651061703,0.3269899887422336,1.8270409738709352,0.4133375448294175,0.17874328478788717,0.1834443000646738,0.0,nan,0,0,0,0,0.0,0.0,0.0,0.0,2.0
432.955381,710,1048.392178,1.0,0.0,432.95538065852526,432.95538065852526,0.0,0.0,0.0,0.0,0.9924739416804079,710,27.124601646491943,0.25213835462564027,0.898893669147769,0.4081026051875571,0.3015427768230438,0.26913777640168096,0.0067321301835331585,2.8550366926302853,0,0,0,0,0.0,0.0,0.0,0.0,2.0
96.457776,272,1053.876166,0.0,1.0,96.45777610558484,96.45777610558484,0.0,0.0,0.0,1.0,0.31599710088513683,272,27.124470284527952,0.48427171959364446,1.9280893842198554,0.3556825718842447,0.18971137132714777,0.18165432924733443,1.8668678842364135e-05,4.974610596774385,0,0,0,0,0.0,0.0,0.0,0.0,2.0
162.231455,319,1057.923396,0.0,1.0,162.23145502402932,162.23145502402932,1.0,1.0,0.0,0.0,0.5256577825755849,319,27.24669461202915,0.31208344651026637,0.9942561558283095,0.4257856486686345,0.22006890149699485,0.19393140208384835,0.031702902277588485,0.02170401401618453,0,0,0,0,0.0,0.0,0.0,0.0,2.0
328.889121,591,1065.719825,0.0,1.0,328.8891207246493,328.8891207246493,1.0,1.0,0.0,0.0,0.7575119859391162,591,30.88309370843751,0.36725571977620824,0.9934548488405881,0.4217411167730535,0.26375904916305026,0.2408934593604099,0.01360919002860561,0.3655206571324404,0,0,0,0,0.0,0.0,0.0,0.0,2.0
249.318221,486,1070.868384,0.0,1.0,249.31822055756334,249.31822055756334,0.0,0.0,0.0,1.0,0.8140465291910853,486,29.354592359348036,0.41147640138111113,2.0,0.4247488898259622,0.24757402141888937,0.22674455122692594,0.009649934112936753,0.4243041219434617,0,0,0,0,0.0,0.0,0.0,0.0,2.0
212.80541,302,1075.071169,0.0,1.0,212.80540982410545,212.80540982410545,0.0,0.0,0.0,1.0,0.7403454216945051,302,35.17968320218183,0.2594656864252548,1.1487768085285615,0.40533779636765555,0.1872377589048929,0.18073147259011174,0.0,5.416299108458085,0,0,0,0,0.0,0.0,0.0,0.0,2.0
377.658111,652,1085.329281,1.0,0.0,377.65811068950865,377.65811068950865,0.0,0.0,0.0,0.0,0.9899450244577478,652,29.182777703597232,0.35222850892646723,1.4192812889017676,0.36588240665972144,0.31978670137425874,0.2619563833884666,0.01236495129480734,2.620494042972827,0,0,0,0,0.0,0.0,0.0,0.0,2.0
281.255119,580,1093.637395,0.0,1.0,281.2551193265244,281.2551193265244,0.0,0.0,0.0,1.0,0.6081573555504656,580,27.621848136068504,0.38291991617494847,2.0,0.4240801295137097,0.28127475031490984,0.25487611160196105,0.03762433364823152,1.0655266204883582,0,0,0,0,0.0,0.0,0.0,0.0,2.0
445.71582,709,1103.026744,1.0,0.0,445.71581998392867,445.71581998392867,0.0,0.0,0.0,0.0,0.9931268642539697,709,32.03836228490012,0.36562584503637,1.3929578347137803,0.41224314410066065,0.3189187731662153,0.29823990424698266,0.03197830989102632,0.7198367930400733,0,0,0,0,0.0,0.0,0.0,0.0,2.0
390.406392,561,1111.082978,0.0,1.0,390.40639152559356,390.40639152559356,1.0,1.0,0.0,0.0,0.9093167524304274,561,34.25693060847262,0.261508442073662,0.9920558194563839,0.4215031509119984,0.2664327281469117,0.23978346915593546,0.04759654013563782,0.02666237378113349,0,0,0,0,0.0,0.0,0.0,0.0,2.0
364.294118,578,1119.099095,1.0,0.0,364.2941183663454,364.2941183663454,0.0,0.0,0.0,0.0,0.9895552925630351,578,31.091123824008186,0.33138845413497325,0.9976958970592713,0.4054885669563056,0.3142161200203285,0.2713045335558459,0.04047351785228363,0.07006891616124526,0,0,0,0,0.0,0.0,0.0,0.0,2.0
359.846109,673,1129.863852,0.0,1.0,359.8461094375225,359.8461094375225,0.0,0.0,0.0,1.0,0.6959497571957257,673,28.165183032815623,0.2859615751444917,1.0809090870591165,0.394087472390854,0.35771800141454985,0.3274358627877653,0.01807894137816738,2.045147679580285,0,0,0,0,0.0,0.0,0.0,0.0,2.0
308.714471,551,1139.350927,0.0,1.0,308.7144711647718,308.7144711647718,1.0,1.0,0.0,0.0,0.681219039158104,551,28.50499423458414,0.2959540101847036,0.9935414241624455,0.39843821447822664,0.33101112715994596,0.26689990289414645,0.058782472568547385,0.05845111678628365,0,0,0,0,0.0,0.0,0.0,0.0,2.0
193.687217,291,1142.464852,0.0,1.0,193.68721737993405,193.68721737993405,1.0,1.0,0.0,0.0,0.3865639857477654,291,34.90844806069336,0.28976952644537585,0.9885852124419525,0.39691114851955284,0.24954679639069074,0.20949497337603487,0.03997132686003739,0.5869886566683217,0,0,0,0,0.0,0.0,0.0,0.0,2.0
247.20959,388,1147.821899,0.0,1.0,247.2095896787842,247.2095896787842,1.0,1.0,0.0,0.0,0.6824031581084623,388,31.610582180840915,0.2501415425090815,0.7805279252312681,0.40677754133555694,0.25942212220319766,0.22940749390838072,0.04252216925252997,0.9768112506685531,0,0,0,0,0.0,0.0,0.0,0.0,2.0
364.973003,621,1155.901213,1.0,0.0,364.973003154509,364.973003154509,0.0,0.0,0.0,0.0,0.987959188179347,621,26.632296010984227,0.25664161743043545,0.9931685018159674,0.4082902633973462,0.3685849620428254,0.306836600848826,0.024899293721640264,1.2423930822617788,0,0,0,0,0.0,0.0,0.0,0.0,2.0
57.004141,140,1158.171268,0.0,1.0,57.004141280753515,57.004141280753515,0.0,0.0,0.0,1.0,0.1469027260417338,140,28.62471736932184,0.24329103860921109,1.0517681660998957,0.43655260987579825,0.1738283519233976,0.1658804612500327,0.0,10.435297808148652,0,0,0,0,0.0,0.0,0.0,0.0,2.0
396.44977,808,1168.910309,0.0,1.0,396.4497699803218,396.4497699803218,1.0,1.0,0.0,0.0,0.8932298837971366,808,26.145684585579158,0.2800621091315864,0.9653639912688525,0.4288361302973463,0.3553050726209537,0.3216779922494794,0.014584020701861775,1.0988605776369047,0,0,0,0,0.0,0.0,0.0,0.0,3.0
153.493376,330,1175.368793,0.0,1.0,153.49337643176113,153.49337643176113,0.0,0.0,0.0,1.0,0.30785209004352165,330,29.282527924275847,0.45002487951936443,2.0,0.40183670475627437,0.3093775996656129,0.27625084790316495,0.0005761295805381957,4.201410656932316,0,0,0,0,0.0,0.0,0.0,0.0,3.0
136.304534,233,1180.082825,0.0,1.0,136.3045336027016,136.3045336027016,0.0,0.0,0.0,1.0,0.4001741468421091,233,31.993581967985673,0.278881419249395,1.1094198116479084,0.3635015772263891,0.22840399803521808,0.2043893672365999,0.05837522669842469,0.7787251245047743,0,0,0,0,0.0,0.0,0.0,0.0,3.0
274.470314,652,1193.78887,0.0,1.0,274.47031411012364,274.47031411012364,1.0,1.0,0.0,0.0,0.8012065622452352,652,25.767728936442875,0.37749352804846525,1.5971226485226724,0.40478193849050925,0.3473895853328193,0.3194196388308256,0.0158939751665181,2.376223763178942,0,0,0,0,0.0,0.0,0.0,0.0,3.0
120.56484,286,1199.825713,0.0,1.0,120.56483989217816,120.56483989217816,0.0,0.0,0.0,1.0,0.34018166888078955,286,24.82022395528499,0.3156199845736014,1.1517876386886052,0.4130303180561616,0.3037786677583948,0.25732751534535336,0.0,10.78527580349048,0,0,0,0,0.0,0.0,0.0,0.0,3.0
51.273836,131,1202.280071,0.0,1.0,51.27383561855696,51.27383561855696,0.0,0.0,0.0,1.0,0.13970868248126975,131,28.748859302622673,0.3145561876860432,1.080456722882682,0.3853154011810099,0.19987433853040215,0.20501205711874343,0.0,7.3050362083954665,0,0,0,0,0.0,0.0,0.0,0.0,3.0
178.168479,303,1207.313564,0.0,1.0,178.16847886806758,178.16847886806758,1.0,1.0,0.0,0.0,0.4607633403613444,303,28.92466075928459,0.2047077228141066,0.9494663054962664,0.41934119517801227,0.35510725097687723,0.28004903191387065,0.03907314023259738,1.4684526514978178,0,0,0,0,0.0,0.0,0.0,0.0,3.0
485.899342,1019,1227.605207,0.0,1.0,485.8993416040433,485.8993416040433,1.0,1.0,0.0,0.0,0.8030032922572883,1019,23.947102704662257,0.25801970563919435,1.5497656810100504,0.4094278198375318,0.3873836549622271,0.3460931102356803,0.02069524771845395,1.9705900720444063,0,0,0,0,0.0,0.0,0.0,0.0,3.0
395.213576,692,1241.031235,1.0,0.0,395.21357645320273,395.21357645320273,0.0,0.0,0.0,0.0,0.9883114473914779,692,27.090294590870908,0.32203306900067746,2.0,0.40709112995880187,0.3589068122767989,0.33173458123138183,0.06318903401693175,1.6692359150088716,0,0,0,0,0.0,0.0,0.0,0.0,3.0
149.548118,214,1245.594836,0.0,1.0,149.54811845784332,149.54811845784332,1.0,1.0,0.0,0.0,0.2486015951790263,214,33.90157965528222,0.20770058930718574,0.9647274242308167,0.39254707672467853,0.21585662955435636,0.20973642574292478,0.07654308219785792,0.9350103900536447,0,0,0,0,0.0,0.0,0.0,0.0,3.0
323.03945,561,1256.715533,0.0,1.0,323.039450056789,323.039450056789,1.0,1.0,0.0,0.0,0.7386213359465174,561,27.945454857620465,0.24974622831571924,0.9925440342845212,0.408929036269479,0.3220381849908574,0.2799156669414405,0.03328763135287197,0.6408832904420985,0,0,0,0,0.0,0.0,0.0,0.0,3.0
224.139134,509,1268.458623,0.0,1.0,224.13913404622895,224.13913404622895,1.0,1.0,0.0,0.0,0.4891000295689306,509,21.276444698887527,0.2554840164548144,0.7481312772826887,0.4276411946174965,0.363042588493913,0.3326771714832553,0.04479159342081189,0.6195906006588882,0,0,0,0,0.0,0.0,0.0,0.0,2.0
419.947891,814,1280.465913,1.0,0.0,419.9478905845722,419.9478905845722,0.0,0.0,0.0,0.0,0.9915547661308052,814,25.120093420953573,0.34314062493549413,1.186087311571952,0.3889935842236957,0.35777475218075794,0.3198580044786233,0.02732027872148169,1.6387303421639037,0,0,0,0,0.0,0.0,0.0,0.0,2.0
117.142311,275,1285.429024,0.0,1.0,117.1423111649138,117.1423111649138,1.0,1.0,0.0,0.0,0.42095050438109755,275,29.540589551608132,0.4523895671802265,1.4427513070209759,0.3919466130841862,0.3070791564204476,0.2970782284303145,0.04858268311833836,1.2072816362898326,0,0,0,0,0.0,0.0,0.0,0.0,2.0
242.168123,387,1290.392303,0.0,1.0,242.16812334664016,242.16812334664016,1.0,1.0,0.0,0.0,0.6969148802390587,387,30.596462800408364,0.2688604816696055,0.9845365890777,0.38899480937968084,0.3561447315129815,0.2860814040329413,0.023222237437405497,1.3831971394064146,0,0,0,0,0.0,0.0,0.0,0.0,2.0
30.101895,87,1291.773219,0.0,1.0,30.10189516278647,30.10189516278647,1.0,1.0,0.0,0.0,0.10685133875888424,87,20.6837201760139,0.18845359740690878,0.4829237295064927,0.4378756588731689,0.22062292181212326,0.2018630545714806,0.0,nan,0,0,0,0,0.0,0.0,0.0,0.0,2.0
150.471663,240,1295.366221,0.0,1.0,150.47166273697243,150.47166273697243,0.0,0.0,0.0,1.0,0.32254967822566627,240,34.40074007547132,0.3710908255614207,2.0,0.43034957024889686,0.18984208777546882,0.1779665619134903,0.0,nan,0,0,0,0,0.0,0.0,0.0,0.0,2.0
131.242246,220,1299.254378,0.0,1.0,131.24224624675256,131.24224624675256,0.0,0.0,0.0,1.0,0.3671006883947149,220,29.37377169381626,0.23317963454919782,2.0,0.3948340055956082,0.25618410245938733,0.25301671515811575,0.0028337443149950283,3.859203440804908,0,0,0,0,0.0,0.0,0.0,0.0,2.0
94.697459,199,1302.966395,0.0,1.0,94.69745864730618,94.69745864730618,0.0,0.0,0.0,1.0,0.23009921464771022,199,33.755856267968916,0.33920840641277006,1.7267954833156323,0.43235627616095784,0.21756267697367837,0.2016896177176854,0.0,8.441485847563817,0,0,0,0,0.0,0.0,0.0,0.0,2.0
351.703424,496,1309.443701,1.0,0.0,351.70342444445356,351.70342444445356,0.0,0.0,0.0,0.0,0.988458207575374,496,32.109872049478795,0.30024628915976614,2.0,0.3826299683761693,0.28653550151014523,0.2633357655497328,0.023830901290599952,1.7773320290583992,0,0,0,0,0.0,0.0,0.0,0.0,2.0
388.974636,782,1321.315753,0.0,1.0,388.9746355889721,388.9746355889721,1.0,1.0,0.0,0.0,0.7636540837220809,782,28.98185721418798,0.39316961523659116,0.9933250084886619,0.4127632953617198,0.3854590542709736,0.32961852364527905,0.019718478565137323,1.586481243446108,0,0,0,0,0.0,0.0,0.0,0.0,2.0
374.52341,703,1331.119831,0.0,1.0,374.52340974230395,374.52340974230395,1.0,1.0,0.0,0.0,0.9147765782783416,703,28.28060111852222,0.38819222558899774,1.956214313942147,0.38757752776569865,0.3465181839033686,0.30571533644182414,0.04159771956884583,0.32619683714914294,0,0,0,0,0.0,0.0,0.0,0.0,2.0
447.683083,774,1342.4615,1.0,0.0,447.68308306463507,447.68308306463507,0.0,0.0,0.0,0.0,0.9945793409806913,774,30.64086394719767,0.3771562029080525,1.2403855848834184,0.39331077176894635,0.31798969193792465,0.29339430175086323,0.01757914762884316,2.079292407819828,0,0,0,0,0.0,0.0,0.0,0.0,2.0
74.164689,157,1345.696896,0.0,1.0,74.16468918444131,74.16468918444131,0.0,0.0,0.0,1.0,0.27062009697006345,157,26.902290258422195,0.26322343725460207,2.0,0.45392672191996863,0.25759588153498947,0.22384746287279067,0.010739100329661366,3.085102273266101,0,0,0,0,0.0,0.0,0.0,0.0,2.0
84.715119,216,1348.46014,0.0,1.0,84.71511922007979,84.71511922007979,0.0,0.0,0.0,1.0,0.33545776816866124,216,29.71140924027642,0.431573721424116,1.9194909207584763,0.4322935429884604,0.2957149962032283,0.27846730528054414,0.009831080433989422,1.271341394308,0,0,0,0,0.0,0.0,0.0,0.0,2.0
341.049973,441,1354.568258,1.0,0.0,341.0499725136266,341.0499725136266,0.0,0.0,0.0,0.0,0.9892164016236018,441,37.238623766913875,0.3188082504061168,1.3542732280682033,0.3369372699181644,0.2992227878970624,0.28763699072018234,0.024750710294514814,2.217924612193235,0,0,0,0,0.0,0.0,0.0,0.0,2.0
453.097561,783,1365.483144,1.0,0.0,453.097560929532,453.097560929532,0.0,0.0,0.0,0.0,0.9920507407872853,783,27.85647543598876,0.3031051264701934,1.1085725069996828,0.3914313558608027,0.3986814458632073,0.3284791236027295,0.025929023752442184,1.3411248923620898,0,0,0,0,0.0,0.0,0.0,0.0,2.0
294.661096,485,1371.94596,0.0,1.0,294.6610956650107,294.6610956650107,1.0,1.0,0.0,0.0,0.6580070304602238,485,27.339189363746186,0.2076347035720352,0.8782285161557081,0.3833811828309728,0.34030732684528703,0.3116076371104447,0.018393499341670505,0.9228884986387994,0,0,0,0,0.0,0.0,0.0,0.0,2.0
236.664995,407,1380.388203,0.0,1.0,236.66499547014948,236.66499547014948,1.0,1.0,0.0,0.0,0.48320268191733273,407,26.52908207467451,0.18508053229810442,0.9779435667762753,0.38873375687720735,0.35091055288947476,0.3182630270939201,0.03312489571118462,0.8212784068949673,0,0,0,0,0.0,0.0,0.0,0.0,2.0
404.937424,506,1386.862602,1.0,0.0,404.937423610663,404.937423610663,0.0,0.0,0.0,0.0,0.9912155253812422,506,35.23572772375808,0.2373623070658337,0.98856528496336,0.3770703403168752,0.283168554895009,0.25104247934733454,0.01382774972476113,2.5187444532009184,0,0,0,0,0.0,0.0,0.0,0.0,2.0
341.701551,543,1395.478658,1.0,0.0,341.7015509095742,341.7015509095742,0.0,0.0,0.0,0.0,0.9898396320384419,543,29.83998049247421,0.2907390877652421,0.9963147057578354,0.39747640189352834,0.3034364544884276,0.2846890123729109,0.0,5.690243116973302,0,0,0,0,0.0,0.0,0.0,0.0,2.0
147.921319,280,1399.180011,0.0,1.0,147.92131876284608,147.92131876284608,0.0,0.0,0.0,1.0,0.45777714048872986,280,31.352667107210703,0.3682125930830076,2.0,0.3823307485718812,0.24469506570271082,0.22422052600554057,0.0,6.96815558289851,0,0,0,0,0.0,0.0,0.0,0.0,2.0
495.202816,620,1408.12457,1.0,0.0,495.20281551455565,495.20281551455565,0.0,0.0,0.0,0.0,0.9923357193678866,620,36.96282264319029,0.2691418927396815,1.029153540319456,0.37197618925523374,0.35077339862623524,0.30333712908529464,0.023649040874200153,1.701759725039216,0,0,0,0,0.0,0.0,0.0,0.0,2.0
296.768849,504,1414.608091,0.0,1.0,296.76884916533055,296.76884916533055,1.0,1.0,0.0,0.0,0.666686602794071,504,29.725092808872215,0.27570559110688525,0.9782939323655991,0.40738562564735137,0.2942575878567166,0.2578484673821737,0.03131383865702353,0.37438015072119996,0,0,0,0,0.0,0.0,0.0,0.0,2.0
123.700456,233,1417.9531,0.0,1.0,123.7004559266181,123.7004559266181,0.0,0.0,0.0,1.0,0.2899030968924491,233,33.07897974898146,0.4849616472823952,2.0,0.34891187703404813,0.3300670089895633,0.3046925257203917,0.0020807802636764123,2.57589099281698,0,0,0,0,0.0,0.0,0.0,0.0,2.0
530.360817,740,1428.330391,1.0,0.0,530.3608172227518,530.3608172227518,0.0,0.0,0.0,0.0,0.995975482723617,740,33.13921614990222,0.27834689412149455,1.0097585519279648,0.3656285129034439,0.3075436556661451,0.26958428282995484,0.048437933019406874,1.5785114791151593,0,0,0,0,0.0,0.0,0.0,0.0,2.0
82.20992,144,1430.28922,0.0,1.0,82.20991990657332,82.20991990657332,0.0,0.0,0.0,1.0,0.38249359524140714,144,34.21558116920866,0.26274502022391616,1.2104060492790691,0.3686924384286006,0.17712658271193504,0.17319188722305828,0.00015650573961457638,4.887315867477505,0,0,0,0,0.0,0.0,0.0,0.0,2.0
398.289816,622,1439.514791,1.0,0.0,398.2898159728299,398.2898159728299,0.0,0.0,0.0,0.0,0.989235618090874,622,27.93975304293001,0.2436295358816753,0.9459560668369298,0.40959845450961324,0.3678994369468505,0.3198672776436882,0.042426273236008824,0.5791652560058252,0,0,0,0,0.0,0.0,0.0,0.0,3.0
128.357708,235,1442.827318,0.0,1.0,128.3577079958905,128.3577079958905,1.0,1.0,0.0,0.0,0.21012288285535208,235,37.656302814829566,0.43918022201686063,0.986887962230179,0.37843609877089235,0.24366391364564288,0.20041469868193282,0.07369561404363623,1.0621704580706581,0,0,0,0,0.0,0.0,0.0,0.0,3.0
99.427007,160,1445.404424,0.0,1.0,99.42700686760618,99.42700686760618,1.0,1.0,0.0,0.0,0.24998465937396816,160,29.842871773745248,0.17837641373961635,0.689798963839701,0.39395815776661036,0.30933987330645324,0.25917066540569067,0.0837275118741221,0.5258954960854776,0,0,0,0,0.0,0.0,0.0,0.0,3.0
89.732449,187,1450.36025,0.0,1.0,89.7324492324475,89.7324492324475,1.0,1.0,0.0,0.0,0.2549733183886086,187,31.08777134911499,0.38911309588211723,1.1309177914483393,0.3939167743220049,0.25492995977401733,0.2447698329859239,0.045403530575991814,0.3457927665626556,0,0,0,0,0.0,0.0,0.0,0.0,3.0
38.842558,97,1453.745295,0.0,1.0,38.84255829546044,38.84255829546044,1.0,1.0,0.0,0.0,0.09495539804893653,97,22.91630812907222,0.20028476320040534,0.5760730870062047,0.4199656741597603,0.2712508820995842,0.24843909199704828,0.018943658793678847,0.3704140471985118,0,0,0,0,0.0,0.0,0.0,0.0,3.0
332.217547,709,1464.955349,0.0,1.0,332.21754675807335,332.21754675807335,1.0,1.0,0.0,0.0,0.5679402011911452,709,21.10201943732635,0.22328432647351845,0.8038678849140377,0.37825349415685294,0.40287161348400735,0.3522120156812735,0.05407276325805695,0.686168859580495,0,0,0,0,0.0,0.0,0.0,0.0,3.0
528.895308,991,1483.2472,1.0,0.0,528.8953083283368,528.8953083283368,0.0,0.0,0.0,0.0,0.9937715210439223,991,25.592990366836553,0.3085005903464224,1.213444636268263,0.3846040468561481,0.41822483227423773,0.3901527783223527,0.030051814173289414,0.27702637029679583,0,0,0,0,0.0,0.0,0.0,0.0,3.0
335.476237,746,1496.798548,0.0,1.0,335.47623718271143,335.47623718271143,1.0,1.0,0.0,0.0,0.863413051014366,746,21.142332176466656,0.21873615947587996,0.9732023148235024,0.39264953432569716,0.40154126721956135,0.36656230272620355,0.05785745725320935,0.4657776996866101,0,0,0,0,0.0,0.0,0.0,0.0,3.0
586.112228,996,1516.751487,1.0,0.0,586.1122284326862,586.1122284326862,0.0,0.0,0.0,0.0,0.9936426154599908,996,25.381441798811387,0.20891092623725216,0.8887068206914429,0.3817068675334704,0.41199848844284515,0.3642888413854392,0.016333360760898093,1.1717050678776688,0,0,0,0,0.0,0.0,0.0,0.0,3.0
289.992159,695,1529.731315,0.0,1.0,289.9921589338417,289.9921589338417,1.0,1.0,0.0,0.0,0.48318732919446744,695,24.13552114282278,0.41596990842867426,2.0,0.39274715962384243,0.3678725062728786,0.3247872582871279,0.02223035699550793,0.5748663284278731,0,0,0,0,0.0,0.0,0.0,0.0,3.0
142.58308,274,1533.67027,0.0,1.0,142.58307992577343,142.58307992577343,1.0,1.0,0.0,0.0,0.2858633539958836,274,29.481807989256527,0.3334893212265546,1.1466835336082035,0.32140539173227156,0.286573122017575,0.2831572637940845,0.03217633469912538,0.41291374057869823,0,0,0,0,0.0,0.0,0.0,0.0,3.0
537.227595,915,1549.379274,1.0,0.0,537.2275945799868,537.2275945799868,0.0,0.0,0.0,0.0,0.9944297087059238,915,31.253083951493547,0.38681453626050827,1.9983880989355294,0.392223518150426,0.3302511566486515,0.29365333325224496,0.06104246340848132,0.5398135304169918,0,0,0,0,0.0,0.0,0.0,0.0,3.0
444.622822,1100,1571.571796,0.0,0.0,444.62282243962716,444.62282243962716,0.0,0.0,0.0,0.0,0.7702007150469558,1100,19.797466975825742,0.34620012835100766,1.2685541380256868,0.3809939634986222,0.45044585275379095,0.3892273676937277,0.011760268844013433,1.4067531145031758,0,0,0,0,0.0,0.0,0.0,0.0,3.0
148.854706,306,1577.420121,0.0,1.0,148.8547055629934,148.8547055629934,1.0,1.0,0.0,0.0,0.30761392686005,306,27.392075463374383,0.34221699511922316,1.111096608468018,0.4094688407346314,0.3574659306239458,0.32485170263090946,0.010507758231580807,0.6476908255757929,0,0,0,0,0.0,0.0,0.0,0.0,3.0
29.625654,109,1580.741008,0.0,1.0,29.62565361461718,29.62565361461718,1.0,1.0,0.0,0.0,0.15760778397334108,109,22.33650404004467,0.39319066619798876,0.9918269628653811,0.39398126495540686,0.246394575189013,0.20831315889271027,0.03216447581501871,1.6518989660011283,0,0,0,0,0.0,0.0,0.0,0.0,3.0
81.782271,163,1583.988125,0.0,1.0,81.78227085740842,81.78227085740842,0.0,0.0,0.0,1.0,0.24297198431173742,163,25.842629765504956,0.20930154082426464,1.3756224318856032,0.3311693392282615,0.3163762077963425,0.27947456705058277,0.0019696004842660575,4.1616217465299306,0,0,0,0,0.0,0.0,0.0,0.0,3.0
384.144648,744,1597.4116,1.0,0.0,384.14464780849494,384.14464780849494,0.0,0.0,0.0,0.0,0.9906154534523084,744,23.651029487843164,0.33219971298599754,1.187051194942943,0.37055456067275216,0.36406207146743935,0.3428781620196758,0.028796377437371703,2.2340406900340737,0,0,0,0,0.0,0.0,0.0,0.0,2.0
255.399302,504,1606.114413,0.0,1.0,255.3993016849634,255.3993016849634,1.0,1.0,0.0,0.0,0.6704008297360511,504,27.215669339967114,0.3442287108769801,1.0889942343606298,0.36927210929478327,0.35651415920565055,0.3293963661860852,0.03275793707347503,1.160215124630623,0,0,0,0,0.0,0.0,0.0,0.0,2.0
27.065845,90,1607.506914,0.0,1.0,27.065845318554523,27.065845318554523,1.0,1.0,0.0,0.0,0.11258764036225587,90,20.424609925152502,0.27301525333705046,0.6095303035639913,0.418846259969804,0.2918358107407888,0.2832861595683628,0.06621561814688916,0.4863503281689831,0,0,0,0,0.0,0.0,0.0,0.0,2.0
412.445626,610,1615.050774,1.0,0.0,412.4456264573327,412.4456264573327,0.0,0.0,0.0,0.0,0.9922330732958957,610,33.928873972408724,0.3479442598719564,1.3467273793533632,0.39795947105425306,0.34404594785854464,0.3107892064774623,0.016487918592606912,1.5868923983268721,0,0,0,0,0.0,0.0,0.0,0.0,2.0
265.265886,482,1622.893466,1.0,0.0,265.2658857242926,265.2658857242926,0.0,0.0,0.0,0.0,0.9871644890165385,482,29.694340518117006,0.41145715779473724,1.1474735439472592,0.3614910137279276,0.24506110497035427,0.20291613073269857,0.03632627025489559,1.2133489625044778,0,0,0,0,0.0,0.0,0.0,0.0,2.0
57.866907,213,1625.080993,0.0,1.0,57.866907303872196,57.866907303872196,0.0,0.0,0.0,1.0,0.43036088820799445,213,25.521216043834794,0.5007146944886317,2.0,0.3479612992612969,0.33075277710184803,0.29338251872801446,0.0,nan,0,0,0,0,0.0,0.0,0.0,0.0,2.0
24.65854,128,1626.994815,0.0,1.0,24.658539665816477,24.658539665816477,0.0,0.0,0.0,1.0,0.1404378526671366,128,26.815111073899242,0.5757630973708284,2.0,0.37455647240858525,0.26875182101503015,0.24170522205531597,0.0,nan,0,0,0,0,0.0,0.0,0.0,0.0,2.0
292.144903,556,1634.510474,1.0,0.0,292.14490252102553,292.14490252102553,0.0,0.0,0.0,0.0,0.9883147444794961,556,32.05849452709863,0.5322334047733425,2.0,0.3538148249868009,0.3067944590404308,0.2721064992838626,0.007999735087584614,2.8371263658042873,0,0,0,0,0.0,0.0,0.0,0.0,2.0
375.911586,785,1643.74526,1.0,0.0,375.9115857917995,375.9115857917995,0.0,0.0,0.0,0.0,0.964077456422697,785,28.42902565993793,0.48256166019489277,2.0,0.3613437743110072,0.4014375561741507,0.3633045885972916,0.0604436301466614,0.18428347798292152,0,0,0,0,0.0,0.0,0.0,0.0,2.0
65.885621,136,1646.481644,0.0,1.0,65.88562147924063,65.88562147924063,1.0,1.0,0.0,0.0,0.26857204490652525,136,31.291082353690847,0.35122836864646667,1.242919501604739,0.33173858475707035,0.16843131863895586,0.14523739367723465,0.13770917129059979,0.7417626600883374,0,0,0,0,0.0,0.0,0.0,0.0,3.0
182.042351,336,1652.555478,0.0,1.0,182.04235071556235,182.04235071556235,1.0,1.0,0.0,0.0,0.506558186999988,336,32.70492196025708,0.3874843664765092,0.9890185136459744,0.41010115790136514,0.2512610911258629,0.2382820284082776,0.029195370473511898,1.4161508620570324,0,0,0,0,0.0,0.0,0.0,0.0,3.0
105.532356,228,1656.183046,0.0,1.0,105.53235593438411,105.53235593438411,1.0,1.0,0.0,0.0,0.33495717253644847,228,34.92479857523392,0.610263297840848,2.0,0.35220892013361055,0.23750665705454976,0.21560446735013994,0.004355624781106438,0.03458774953866033,0,0,0,0,0.0,0.0,0.0,0.0,3.0
188.81361,328,1661.721505,0.0,1.0,188.81360957016483,188.81360957016483,1.0,1.0,0.0,0.0,0.3958917747972988,328,33.75359152924122,0.3951212801061326,1.8042744713733516,0.396268564617125,0.29388809821954587,0.25811877047143333,0.08097998126291468,0.47670723980966545,0,0,0,0,0.0,0.0,0.0,0.0,3.0
31.481714,104,1664.782014,0.0,1.0,31.481713666222504,31.481713666222504,1.0,1.0,0.0,0.0,0.07980742215407374,104,20.24559446751027,0.2535205067875642,0.9832759993455407,0.3965532686561346,0.1731762204032678,0.19057500305084082,0.02669711610454559,2.5030470061088437,0,0,0,0,0.0,0.0,0.0,0.0,3.0
341.060209,740,1679.404945,1.0,0.0,341.0602088228732,341.0602088228732,0.0,0.0,0.0,0.0,0.9910819266491091,740,26.181902210571806,0.45992269673450026,1.5577239452481413,0.37440725255606544,0.371042488857701,0.32113890756626384,0.04494968200327462,1.46292511689748,0,0,0,0,0.0,0.0,0.0,0.0,3.0
31.662067,130,1681.911161,0.0,1.0,31.662067477844076,31.662067477844076,0.0,0.0,0.0,1.0,0.15921641914750836,130,25.361511662853587,0.5226807025710268,2.0,0.3699277538519639,0.28511741619843706,0.25674912562737096,0.0,nan,0,0,0,0,0.0,0.0,0.0,0.0,3.0
27.232495,87,1683.300352,0.0,1.0,27.23249537814418,27.23249537814418,1.0,1.0,0.0,0.0,0.07893617745320776,87,24.03993330785334,0.3099214408565139,0.99392239958754,0.37488755600890894,0.20689064743875088,0.22348199356561418,0.10303585101742922,1.1093045820909595,0,0,0,0,0.0,0.0,0.0,0.0,3.0
259.649486,637,1696.894571,0.0,1.0,259.6494863384772,259.6494863384772,0.0,0.0,0.0,1.0,0.5724235264845379,637,27.525024774067226,0.5559899272723626,2.0,0.376701169569788,0.359873553998242,0.34289857352172937,0.0084088494547742,1.6936242803618733,0,0,0,0,0.0,0.0,0.0,0.0,3.0
144.39288,371,1703.033897,0.0,1.0,144.39288025471038,144.39288025471038,0.0,0.0,0.0,1.0,0.4067673978587181,371,24.78307607179351,0.3433711516232086,1.472186142075286,0.3539184862622273,0.42649074079534116,0.38792562291949906,0.01050164089989066,3.0695830146102696,0,0,0,0,0.0,0.0,0.0,0.0,3.0
171.316789,461,1711.329915,0.0,1.0,171.31678865466847,171.31678865466847,0.0,0.0,0.0,1.0,0.4505931538559415,461,26.881100719142065,0.6955173284764848,2.0,0.3869654731804792,0.3594966804257184,0.34181333208808157,0.08625864368645575,0.8267649704554839,0,0,0,0,0.0,0.0,0.0,0.0,3.0
40.006459,97,1713.249399,0.0,1.0,40.006458641467276,40.006458641467276,1.0,1.0,0.0,0.0,0.13094350064193597,97,22.780459250213585,0.17861878732888775,0.5355892319612718,0.3678212689293414,0.1089174464805839,0.10451357327785689,0.09690927807431352,0.918892092547216,0,0,0,0,0.0,0.0,0.0,0.0,3.0
255.833286,383,1719.219945,0.0,1.0,255.83328580376474,255.83328580376474,1.0,1.0,0.0,0.0,0.49425016281290257,383,31.962963245083735,0.23156347963548018,0.8986924185383725,0.3711571661954838,0.3363475648603614,0.28195695730787035,0.05297865026215792,0.9983043809950987,0,0,0,0,0.0,0.0,0.0,0.0,3.0
34.112756,92,1720.73572,0.0,1.0,34.11275584006932,34.11275584006932,1.0,1.0,0.0,0.0,0.08604212898653195,92,25.178484589238373,0.2960974353746254,0.986698490871812,0.3941528737221075,0.13996181734230206,0.15083138320756995,0.06724658314063568,0.13816884029994567,0,0,0,0,0.0,0.0,0.0,0.0,3.0
351.461051,750,1735.987566,0.0,1.0,351.4610511405868,351.4610511405868,1.0,1.0,0.0,0.0,0.7249273733158017,750,25.84896936011985,0.4031906663703567,1.9112727668214127,0.38990722464273375,0.3423536823987961,0.32924477485815684,0.0432725344490495,0.7834161321591117,0,0,0,0,0.0,0.0,0.0,0.0,3.0
186.124373,552,1745.767792,0.0,1.0,186.12437335953348,186.12437335953348,1.0,1.0,0.0,0.0,0.5180164378452863,552,23.508700204999446,0.43067865995557686,2.0,0.3799684389318893,0.4125244873913302,0.38633460583894147,0.03755301888901944,1.980562129312436,0,0,0,0,0.0,0.0,0.0,0.0,3.0
435.5535,855,1761.678903,1.0,0.0,435.5534997523721,435.5534997523721,0.0,0.0,0.0,0.0,0.9939296274477845,855,26.35068545528714,0.4015542113985883,0.9841730619878866,0.3537143684074021,0.36852919856707256,0.34044534734815185,0.029961349708515866,1.6157739225463035,0,0,0,0,0.0,0.0,0.0,0.0,3.0
581.169694,1046,1780.741491,1.0,0.0,581.1696940425223,581.1696940425223,0.0,0.0,0.0,0.0,0.9930813593477754,1046,23.658025826983916,0.23111951984408644,0.8792697676900254,0.3581387502200061,0.419415325538948,0.3785798680429021,0.019066193453696957,1.3244897804159224,0,0,0,0,0.0,0.0,0.0,0.0,3.0
398.58785,851,1795.03845,0.0,1.0,398.58785004269,398.58785004269,1.0,1.0,0.0,0.0,0.897977971803099,851,22.761888950166107,0.33526219270793506,0.9967742955855019,0.3738293381764627,0.41035293095190295,0.36982204547079695,0.02976557914574158,0.8158227979794651,0,0,0,0,0.0,0.0,0.0,0.0,3.0
