#{"t_start": 1782775820.0445406, "env_id": "None"}
r,l,t,is_success,episode_cost,episode_base_reward,episode_shaped_reward,episode_collision,episode_crash_vehicle,episode_crash_object,episode_out_of_road,episode_route_completion,episode_length,episode_mean_speed,episode_mean_lane_deviation,episode_max_lane_deviation,episode_steering_variation,episode_accel_variation,episode_jerk,episode_ttc_risk,episode_min_ttc,shield_intervention,shield_soft,shield_hard,overspeed_guard,shield_intervention_rate,shield_soft_rate,shield_hard_rate,overspeed_guard_rate,curriculum_stage
5.183273,600,2.394119,0.0,0.0,5.183272973918284,5.183272973918284,0.0,0.0,0.0,0.0,0.09332664412969867,600,0.6416626579948165,0.17110269030232475,0.327701051474182,0.8106253617877761,0.8015346247640749,0.6240522353971998,0.0,nan,0,0,0,0,0.0,0.0,0.0,0.0,0.0
6.492358,600,4.787095,0.0,0.0,6.492358072208887,6.492358072208887,0.0,0.0,0.0,0.0,0.09834116169602714,600,0.7088960528568896,0.08616661702940803,0.2561053983649328,0.8138476705985764,0.8127929194892446,0.6111326974382003,0.0,nan,0,0,0,0,0.0,0.0,0.0,0.0,0.0
8.441072,600,6.320459,0.0,0.0,8.441071863418648,8.441071863418648,0.0,0.0,0.0,0.0,0.14640294332681247,600,0.8786722070069535,0.12991541133773918,0.23183983383812945,0.7781992035234968,0.7735467095673084,0.621251182804505,0.0,nan,0,0,0,0,0.0,0.0,0.0,0.0,0.0
11.170222,600,8.649171,0.0,0.0,11.170222473631831,11.170222473631831,0.0,0.0,0.0,0.0,0.19284105186130487,600,0.973974352874968,0.16779381252912612,0.6034229036921608,0.841076889205724,0.7724554302543402,0.6328716698288918,0.0,nan,0,0,0,0,0.0,0.0,0.0,0.0,0.0
8.860512,600,10.232596,0.0,0.0,8.860512288100969,8.860512288100969,0.0,0.0,0.0,0.0,0.15003410166847522,600,1.0412638951123803,0.35106447218638126,0.7431747755423042,0.813373443596065,0.8109036293625832,0.6199729471902052,0.0,nan,0,0,0,0,0.0,0.0,0.0,0.0,0.0
18.293265,600,12.666226,0.0,0.0,18.293264952406872,18.293264952406872,0.0,0.0,0.0,0.0,0.24210151573197128,600,1.687061292504765,0.2787088803971596,1.079366886391581,0.7981724210456014,0.666171415473024,0.5346512581904729,0.0,nan,0,0,0,0,0.0,0.0,0.0,0.0,0.0
12.880135,600,15.131498,0.0,0.0,12.880135159058453,12.880135159058453,0.0,0.0,0.0,0.0,0.21655187568153073,600,1.382671436146769,0.3294467822003851,0.9982471028078252,0.8114442822461327,0.7231936395168305,0.5720013380547364,0.0,nan,0,0,0,0,0.0,0.0,0.0,0.0,0.0
19.609072,600,16.768032,0.0,0.0,19.609071545155597,19.609071545155597,0.0,0.0,0.0,0.0,0.26146490194951916,600,1.5445749035534708,0.14425018027216693,0.34234629614605333,0.8605095547313492,0.6474964588880538,0.5297615597645442,0.0,nan,0,0,0,0,0.0,0.0,0.0,0.0,0.0
-3.016158,196,17.295251,0.0,1.0,-3.0161580521803097,-3.0161580521803097,0.0,0.0,0.0,1.0,0.1898133746099478,196,3.176869571336297,0.507321346159505,1.037863152566511,0.7808025836830541,0.6030375887544788,0.4664683466663166,0.0,nan,0,0,0,0,0.0,0.0,0.0,0.0,0.0
24.17621,600,19.789415,0.0,0.0,24.176210030536886,24.176210030536886,0.0,0.0,0.0,0.0,0.3208882054443564,600,2.131998783163609,0.2411512583446444,0.9952036567223815,0.8100679820217193,0.6272937546173731,0.5381206194063027,0.0,nan,0,0,0,0,0.0,0.0,0.0,0.0,0.0
-2.45584,441,21.13383,0.0,1.0,-2.4558398982904146,-2.4558398982904146,0.0,0.0,0.0,1.0,0.2657786023280689,441,1.8062344422838907,0.5066673476333908,1.0366309046056827,0.8202824891796188,0.6876047279964499,0.5121451705491462,0.0,nan,0,0,0,0,0.0,0.0,0.0,0.0,0.0
23.375184,600,23.636022,0.0,0.0,23.375184462530235,23.375184462530235,0.0,0.0,0.0,0.0,0.30652190772191046,600,2.213562165095775,0.3409028041594636,0.9997029545122634,0.8480536507132153,0.6280339330434799,0.5246549515922865,0.0,nan,0,0,0,0,0.0,0.0,0.0,0.0,0.0
23.913891,600,26.200968,0.0,0.0,23.913891235517585,23.913891235517585,0.0,0.0,0.0,0.0,0.31860054316447295,600,2.2518118368186646,0.32535506956848514,0.6826955975221596,0.7939612229913473,0.6145259794096152,0.5087738932172458,0.0,nan,0,0,0,0,0.0,0.0,0.0,0.0,0.0
16.144178,600,27.912559,0.0,0.0,16.144178351195567,16.144178351195567,0.0,0.0,0.0,0.0,0.5784119417710383,600,3.3855670254558623,1.1954080702704308,2.0,0.7499359553990265,0.5551286087433497,0.46877913375695546,0.0,nan,0,0,0,0,0.0,0.0,0.0,0.0,0.0
24.090547,600,30.438116,0.0,0.0,24.090546605907107,24.090546605907107,0.0,0.0,0.0,0.0,0.4468656778316975,600,3.18045588110125,0.6364363998722481,1.6117480010178813,0.7920794507488609,0.5634464043875536,0.46585461278756457,0.0,nan,0,0,0,0,0.0,0.0,0.0,0.0,0.0
30.435553,600,32.212967,0.0,0.0,30.435552615058207,30.435552615058207,0.0,0.0,0.0,0.0,0.4835505239523266,600,3.568903646125058,0.46226297153919527,0.9959868611125136,0.7557174066640436,0.5353496660292149,0.44807926307121915,0.0,nan,0,0,0,0,0.0,0.0,0.0,0.0,0.0
88.140023,750,35.52053,1.0,0.0,88.1400232782693,88.1400232782693,0.0,0.0,0.0,0.0,0.9587874830930386,750,5.446571959275294,0.41967463860163606,0.952464995692111,0.7713043018678825,0.45549519336223604,0.3892454612255096,0.0,nan,0,0,0,0,0.0,0.0,0.0,0.0,1.0
60.788404,800,40.342362,0.0,0.0,60.78840410760308,60.78840410760308,0.0,0.0,0.0,0.0,0.3663014777920899,800,5.716214878347331,0.5128667447170756,1.136722804753612,0.771307387149427,0.45651052359491584,0.35459847189486027,0.0,nan,0,0,0,0,0.0,0.0,0.0,0.0,1.0
96.282711,800,45.462935,0.0,0.0,96.28271068560548,96.28271068560548,0.0,0.0,0.0,0.0,0.46162167691062317,800,6.4455679841387585,0.309828948330496,0.9981936957187105,0.7561648486275225,0.4002751625329256,0.34769984588027003,0.0,nan,0,0,0,0,0.0,0.0,0.0,0.0,1.0
116.911537,800,49.974106,0.0,0.0,116.91153703198117,116.91153703198117,0.0,0.0,0.0,0.0,0.3635351951988479,800,8.404246139442412,0.3445583851256328,1.4987332465434688,0.7330124176532263,0.37264563255012034,0.31023210793733597,0.0,nan,0,0,0,0,0.0,0.0,0.0,0.0,1.0
59.839265,331,52.332217,0.0,1.0,59.839264930066136,59.839264930066136,0.0,0.0,0.0,1.0,0.35085017139925573,331,12.939750550350531,0.3944251177415787,1.0314562281908848,0.6762484868487563,0.29170343162790163,0.2848779434884063,0.0,nan,0,0,0,0,0.0,0.0,0.0,0.0,0.0
14.931848,187,53.026676,0.0,1.0,14.931847885778538,14.931847885778538,0.0,0.0,0.0,1.0,0.46158740632183826,187,9.561139861008403,0.46033919542958057,1.0905678404486976,0.7142827628369637,0.3059787670558787,0.2586583756508037,0.0,nan,0,0,0,0,0.0,0.0,0.0,0.0,0.0
86.342393,300,54.117195,1.0,0.0,86.34239253144203,86.34239253144203,0.0,0.0,0.0,0.0,0.9487898874599905,300,10.743847863363198,0.26563985475190727,0.9413552301570336,0.7005757574985425,0.2858570881684621,0.2495944627126058,0.0,nan,0,0,0,0,0.0,0.0,0.0,0.0,0.0
94.977323,325,55.992391,1.0,0.0,94.97732271802612,94.97732271802612,0.0,0.0,0.0,0.0,0.955298006289532,325,11.437329257892396,0.27259008827082204,0.9713600717076415,0.7393139359354973,0.29381137737861046,0.2491048391048725,0.0,nan,0,0,0,0,0.0,0.0,0.0,0.0,1.0
-0.04435,74,56.627962,0.0,1.0,-0.04435045770506818,-0.04435045770506818,0.0,0.0,0.0,1.0,0.042501179961700344,74,8.54217695800803,0.25431569196032827,1.0927352240348853,0.797783777369438,0.2589805818892814,0.22311420054049105,0.0,nan,0,0,0,0,0.0,0.0,0.0,0.0,1.0
151.020908,800,61.605316,0.0,0.0,151.02090808134247,151.02090808134247,0.0,0.0,0.0,0.0,0.5549027081435439,800,11.232311161740249,0.3981409263377077,1.340845608660299,0.6984448411967605,0.2926172799617052,0.25028895646333693,0.0,nan,0,0,0,0,0.0,0.0,0.0,0.0,1.0
212.114235,800,66.684685,0.0,0.0,212.11423523113774,212.11423523113774,0.0,0.0,0.0,0.0,0.5941836993195012,800,13.40605214132582,0.2952190221242491,0.9809015411961716,0.6928476592805236,0.2770421201735735,0.23435883685946465,0.0,13.820578012599686,0,0,0,0,0.0,0.0,0.0,0.0,1.0
113.080811,527,70.13146,0.0,1.0,113.08081093865201,113.08081093865201,1.0,1.0,0.0,0.0,0.6917707334829979,527,12.808024559746075,0.3319684323307255,0.995262565021014,0.6798119808792842,0.2586444800673671,0.23784082958322775,0.0015939105659742354,0.8000456586578895,0,0,0,0,0.0,0.0,0.0,0.0,2.0
246.895317,1000,82.735177,0.0,0.0,246.89531653601023,246.89531653601023,0.0,0.0,0.0,0.0,0.5994769529850903,1000,13.188050379203363,0.32791075897824007,0.974485381840017,0.6757071160227061,0.2570017996430397,0.22900749266147613,0.0011640704593619145,3.69720150128497,0,0,0,0,0.0,0.0,0.0,0.0,2.0
340.03315,1000,94.626236,0.0,0.0,340.03314971567426,340.03314971567426,0.0,0.0,0.0,0.0,0.8947089241503285,1000,20.747221493752853,0.44432143395636164,1.8874575480363733,0.6220808831043542,0.1902026216983795,0.17082789897918702,0.007524229110474537,0.7294598071120475,0,0,0,0,0.0,0.0,0.0,0.0,2.0
44.473645,219,97.733572,0.0,1.0,44.4736446368984,44.4736446368984,0.0,0.0,0.0,1.0,0.1484821918674338,219,14.822662094261648,0.3749385944513306,1.0635293327312338,0.6833371569372747,0.20216439711993142,0.17925201444865363,0.0,7.4597101911932855,0,0,0,0,0.0,0.0,0.0,0.0,2.0
78.949903,311,101.272769,0.0,1.0,78.94990327056135,78.94990327056135,0.0,0.0,0.0,1.0,0.3005089646300429,311,20.696298806612532,0.5184534472558042,1.8059596998072724,0.5767229212346184,0.23266460274576758,0.20043930670072796,0.0030179575190228233,3.733964436680902,0,0,0,0,0.0,0.0,0.0,0.0,2.0
111.20815,377,105.613764,0.0,1.0,111.20814950274112,111.20814950274112,0.0,0.0,0.0,1.0,0.2906298708711568,377,17.523188839754486,0.40505762477289387,2.0,0.6716420554434905,0.2019771699563894,0.18066843087224177,0.0,16.15953438481896,0,0,0,0,0.0,0.0,0.0,0.0,2.0
410.931848,913,115.274036,1.0,0.0,410.93184761373647,410.93184761373647,0.0,0.0,0.0,0.0,0.9914189851685927,913,20.39715214268354,0.2648909585376922,1.1818254427411374,0.6202100224523659,0.17455522704620613,0.15915799271498948,0.002291042571174371,2.4898206425853684,0,0,0,0,0.0,0.0,0.0,0.0,2.0
90.576204,299,120.076776,0.0,1.0,90.57620390083402,90.57620390083402,0.0,0.0,0.0,1.0,0.3418782993640423,299,18.823325504949633,0.35576660359054585,1.8974323338533357,0.6579865551114481,0.15539103686610192,0.13792564179187633,0.014120551287875757,1.6068933086822474,0,0,0,0,0.0,0.0,0.0,0.0,3.0
156.166739,471,125.613375,0.0,1.0,156.16673890025172,156.16673890025172,1.0,1.0,0.0,0.0,0.5075468946641082,471,20.63505698759613,0.38627759903395487,1.1828990233580732,0.6279674506174784,0.11696216305856239,0.10842651824789189,0.0,6.709964464065756,0,0,0,0,0.0,0.0,0.0,0.0,3.0
134.587448,388,132.372483,0.0,1.0,134.5874478578061,134.5874478578061,1.0,1.0,0.0,0.0,0.34363272661414307,388,22.031689210357204,0.38659236082396675,1.2677096527834677,0.6266285554726714,0.1771251755891387,0.16579617513823755,0.01963359877781589,0.7108687493656327,0,0,0,0,0.0,0.0,0.0,0.0,3.0
113.499177,359,137.640831,0.0,1.0,113.49917677953488,113.49917677953488,0.0,0.0,0.0,1.0,0.23279051894225897,359,22.400289184020785,0.36960640082880025,1.4996188994969466,0.6654206307444068,0.13575776174539975,0.1374360402646503,0.0,12.462923001401533,0,0,0,0,0.0,0.0,0.0,0.0,3.0
250.986221,669,148.735427,0.0,1.0,250.98622072225396,250.98622072225396,1.0,1.0,0.0,0.0,0.5108144196535879,669,22.438134492763925,0.3976595876612022,1.1618040316248444,0.6314059940343569,0.19274843558780458,0.1731530812823719,0.04412198537875407,0.07901058162730065,0,0,0,0,0.0,0.0,0.0,0.0,3.0
80.668121,268,154.274283,0.0,1.0,80.66812116054842,80.66812116054842,0.0,0.0,0.0,1.0,0.21022291423368802,268,18.92458796569495,0.3459150701780196,2.0,0.6525888007912618,0.21020991477503706,0.21295648034828812,0.014596467555160305,0.7450741733326555,0,0,0,0,0.0,0.0,0.0,0.0,3.0
86.21337,280,158.801559,0.0,1.0,86.2133699629688,86.2133699629688,1.0,1.0,0.0,0.0,0.1978651369000108,280,16.121417502623054,0.24191054397606057,1.0901269550456771,0.6873607807659677,0.19184014009577888,0.19142887762614658,0.04474930174225711,0.49863780929591917,0,0,0,0,0.0,0.0,0.0,0.0,3.0
247.585548,608,168.413094,0.0,1.0,247.58554820475877,247.58554820475877,0.0,0.0,0.0,1.0,0.49282354145455953,608,23.264276256324116,0.3522499250990526,1.431991529865668,0.5953402124149235,0.1950545131571983,0.17293488587203779,0.01133852746702053,1.2530030084472459,0,0,0,0,0.0,0.0,0.0,0.0,2.0
135.528611,393,172.840594,0.0,1.0,135.5286108810589,135.5286108810589,0.0,0.0,0.0,1.0,0.5551879879088175,393,20.1045610119565,0.3515979720266717,2.0,0.6461043644118248,0.18417415561263495,0.17361274460193157,0.0,6.003749710713514,0,0,0,0,0.0,0.0,0.0,0.0,2.0
432.974174,1000,184.801945,0.0,0.0,432.9741739704995,432.9741739704995,0.0,0.0,0.0,0.0,0.972899493611071,1000,22.915967473956055,0.3699013115848345,2.0,0.6304772952571511,0.14439897966384888,0.13271987646818162,0.0022505135217983766,1.7986627300132556,0,0,0,0,0.0,0.0,0.0,0.0,2.0
329.245915,857,196.59712,0.0,1.0,329.24591462549023,329.24591462549023,0.0,0.0,0.0,1.0,0.862004389447654,857,23.46171554877837,0.4022037950973515,2.0,0.6070175388808359,0.14846782993129698,0.13454909725255979,1.0060157297695745e-05,4.956892225979374,0,0,0,0,0.0,0.0,0.0,0.0,2.0
255.24119,507,202.017038,1.0,0.0,255.24119028706306,255.24119028706306,0.0,0.0,0.0,0.0,0.9862894348229547,507,28.083061111141113,0.41970818915939667,1.155449074826932,0.6049242770295642,0.12266782919565837,0.12049858222111207,0.0,15.919281497447418,0,0,0,0,0.0,0.0,0.0,0.0,2.0
308.029865,873,214.470317,1.0,0.0,308.02986461774674,308.02986461774674,0.0,0.0,0.0,0.0,0.9606252841821128,873,27.56182136619788,0.5883859187556878,2.0,0.6042935096606493,0.1675923834688202,0.1462557954886525,0.03579697232326171,0.680860928837888,0,0,0,0,0.0,0.0,0.0,0.0,2.0
277.469378,748,225.368594,0.0,1.0,277.4693784109251,277.4693784109251,1.0,1.0,0.0,0.0,0.7170213148545987,748,25.797183332526707,0.5353854823486724,2.0,0.6055975464237405,0.14808121921225664,0.13979767334652457,0.03555038222705611,0.017367658498756794,0,0,0,0,0.0,0.0,0.0,0.0,2.0
403.924371,927,237.055396,1.0,1.0,403.92437104011367,403.92437104011367,0.0,0.0,0.0,1.0,1.0001350958978843,927,24.501197091520897,0.4376445964608065,2.0,0.6130782444162662,0.11107785274810132,0.10662582918535415,0.004463090679841246,0.623288633237753,0,0,0,0,0.0,0.0,0.0,0.0,2.0
130.22321,308,240.647424,0.0,1.0,130.22320950328796,130.22320950328796,0.0,0.0,0.0,1.0,0.5316044383490129,308,24.40535274115737,0.32960211699841074,1.2031979999415168,0.6346849227058036,0.11840815745390855,0.10593057027110805,0.0007025036551357063,3.9181443710910124,0,0,0,0,0.0,0.0,0.0,0.0,2.0
43.570945,188,243.071659,0.0,1.0,43.570944878791046,43.570944878791046,0.0,0.0,0.0,1.0,0.24241549858986283,188,24.465089250377225,0.7063247632233737,2.0,0.6095711276172957,0.08845222313353356,0.09127437180661141,0.0,nan,0,0,0,0,0.0,0.0,0.0,0.0,2.0
18.766368,117,244.686195,0.0,1.0,18.76636776645328,18.76636776645328,0.0,0.0,0.0,1.0,0.10448675473938357,117,18.895324031067947,0.48427816860253414,2.0,0.6377377855854157,0.12396805204896845,0.12761988293411386,0.0,19.404866193019828,0,0,0,0,0.0,0.0,0.0,0.0,2.0
303.079774,637,253.106354,0.0,1.0,303.0797739023434,303.0797739023434,0.0,0.0,0.0,1.0,0.730841558149592,637,24.589161036098798,0.308509301992574,2.0,0.5988768363836422,0.12654384797558868,0.1232974865185784,0.0,5.320226054415702,0,0,0,0,0.0,0.0,0.0,0.0,2.0
376.545265,652,261.740664,1.0,0.0,376.54526548214704,376.54526548214704,0.0,0.0,0.0,0.0,0.9897611676360041,652,26.171467275828444,0.2710922567002246,0.9289449031012308,0.5934271309067684,0.13484024187904195,0.13220427281286087,0.0,5.628764549581631,0,0,0,0,0.0,0.0,0.0,0.0,2.0
285.620725,609,270.147905,0.0,1.0,285.6207245845463,285.6207245845463,1.0,1.0,0.0,0.0,0.6573332182040661,609,25.154490127767982,0.3398509402019241,1.060962034298957,0.6183929895777225,0.15632459594698375,0.13689860393261089,0.028361125202865753,0.3878080535545516,0,0,0,0,0.0,0.0,0.0,0.0,2.0
259.078589,447,276.590975,1.0,0.0,259.0785887149698,259.0785887149698,0.0,0.0,0.0,0.0,0.9883627496032492,447,31.75245259948797,0.3936773865505899,1.1383143717109923,0.6124862095536935,0.12936213579220526,0.12224598272268138,0.0037125149211364775,2.2217417670841364,0,0,0,0,0.0,0.0,0.0,0.0,2.0
125.289261,381,281.081702,0.0,1.0,125.28926087959024,125.28926087959024,0.0,0.0,0.0,1.0,0.4744046378695977,381,26.867668652180143,0.4808356896927224,2.0,0.5476073057945632,0.11042485024359595,0.09821934305776761,0.0009564262450869246,3.1780080031094085,0,0,0,0,0.0,0.0,0.0,0.0,2.0
173.852376,419,288.203829,0.0,1.0,173.8523760093633,173.8523760093633,0.0,0.0,0.0,1.0,0.590542602078838,419,26.58537396977267,0.41930813062034783,2.0,0.6383949188884517,0.11369849588535282,0.10908095506608913,0.0,5.976476003204979,0,0,0,0,0.0,0.0,0.0,0.0,2.0
231.946616,609,297.712312,0.0,1.0,231.9466162831784,231.9466162831784,1.0,1.0,0.0,0.0,0.6905693937309744,609,29.3074528489318,0.5483801338408779,2.0,0.5706189370886935,0.15261930413238325,0.14974890338571983,0.02909356500113108,0.7990413348110315,0,0,0,0,0.0,0.0,0.0,0.0,2.0
99.814663,332,301.292681,0.0,1.0,99.81466291118525,99.81466291118525,0.0,0.0,0.0,1.0,0.32073647658995647,332,26.548870785636115,0.4506222505621868,1.4053391234352097,0.6063540733856968,0.13602516091013528,0.13380641642823277,0.0,9.846228216388534,0,0,0,0,0.0,0.0,0.0,0.0,1.0
117.378136,327,305.41036,0.0,1.0,117.37813585929678,117.37813585929678,0.0,0.0,0.0,1.0,0.4952348505481005,327,22.11375160753075,0.39361210918258344,2.0,0.6099394626163561,0.1515678068913451,0.1579576202124266,0.0,19.0739110946592,0,0,0,0,0.0,0.0,0.0,0.0,1.0
134.850214,404,308.149781,0.0,1.0,134.85021391177943,134.85021391177943,0.0,0.0,0.0,1.0,0.9029771471548983,404,24.936968275617957,0.5137903671545992,1.6265808534848587,0.5925599301953127,0.19359590422989117,0.17842243715087966,0.0,7.41473037679565,0,0,0,0,0.0,0.0,0.0,0.0,1.0
225.739846,424,311.535672,1.0,0.0,225.73984644430683,225.73984644430683,0.0,0.0,0.0,0.0,0.9850400788643772,424,26.9902773267276,0.3690511943345238,0.9965421386419808,0.6186225331159976,0.16542765259180428,0.14122509562744284,0.0,nan,0,0,0,0,0.0,0.0,0.0,0.0,1.0
209.61639,479,315.13252,1.0,0.0,209.61638963350072,209.61638963350072,0.0,0.0,0.0,0.0,0.988259382625324,479,28.133412949580322,0.5291204101553963,1.7321003700772788,0.5984524925548529,0.21078179499799374,0.20128552923620618,0.0,nan,0,0,0,0,0.0,0.0,0.0,0.0,1.0
248.559307,609,319.796114,1.0,0.0,248.55930665932524,248.55930665932524,0.0,0.0,0.0,0.0,0.9892093028981145,609,23.14075232743267,0.5093494911927814,2.0,0.5978926453610947,0.20140102246320502,0.1840856466778785,0.0,nan,0,0,0,0,0.0,0.0,0.0,0.0,2.0
254.77529,452,326.920265,0.0,1.0,254.77529018357944,254.77529018357944,1.0,1.0,0.0,0.0,0.7286757949260574,452,31.784926779837733,0.3490209915772748,1.0336385072186987,0.5892215108280523,0.20195305294695154,0.18310795790326279,0.050312157756984825,1.2206239102766423,0,0,0,0,0.0,0.0,0.0,0.0,2.0
25.925534,178,328.924217,0.0,1.0,25.925534043217915,25.925534043217915,0.0,0.0,0.0,1.0,0.16364717949352442,178,19.203393367813227,0.5414911803848382,1.3667247882226319,0.6216323071400102,0.22804322001639377,0.20969630828064478,0.014484829664385334,1.7505011546723983,0,0,0,0,0.0,0.0,0.0,0.0,2.0
299.31437,595,336.207271,0.0,1.0,299.3143695825411,299.3143695825411,1.0,1.0,0.0,0.0,0.7451192409714766,595,30.616586929802114,0.4129951075869608,1.5434243664620122,0.5766014022361331,0.20373588389709216,0.18120246394341732,0.03599781381745745,0.07595925842096414,0,0,0,0,0.0,0.0,0.0,0.0,2.0
201.565351,521,343.191395,0.0,1.0,201.56535058414113,201.56535058414113,0.0,0.0,0.0,1.0,0.5441262027176563,521,26.46431749333667,0.41326421816672276,2.0,0.5757185731819633,0.19677469597668198,0.18127732222002435,0.0,9.498191222885168,0,0,0,0,0.0,0.0,0.0,0.0,2.0
74.293678,231,347.083342,0.0,1.0,74.29367806559581,74.29367806559581,0.0,0.0,0.0,1.0,0.3058346889350292,231,24.598435988994616,0.4633475364144481,2.0,0.5050623711375963,0.25127987840991,0.1991964779890977,0.0,nan,0,0,0,0,0.0,0.0,0.0,0.0,2.0
100.909973,227,349.83303,0.0,1.0,100.90997289473182,100.90997289473182,1.0,1.0,0.0,0.0,0.301166129858224,227,30.61791719058635,0.4175359270754469,0.9919092679119472,0.5396099207750501,0.18156158556497046,0.1617962405545071,0.02724154553111564,0.7986821827610773,0,0,0,0,0.0,0.0,0.0,0.0,2.0
151.776317,462,357.894552,0.0,1.0,151.77631659303742,151.77631659303742,0.0,0.0,0.0,1.0,0.7459673261019618,462,24.891877557170286,0.4937760388089792,2.0,0.6311949338296275,0.20732289526885722,0.18568275914047705,0.013518215443792166,0.7768009680620239,0,0,0,0,0.0,0.0,0.0,0.0,2.0
180.416039,465,363.472666,0.0,1.0,180.41603946486921,180.41603946486921,0.0,0.0,0.0,1.0,0.5362524993056308,465,26.790270318962083,0.47165860744108845,2.0,0.5679107377285598,0.1638371749590802,0.15151358214757776,0.016153417678881038,0.8629593316408602,0,0,0,0,0.0,0.0,0.0,0.0,1.0
29.23532,122,364.757949,0.0,1.0,29.235320147817774,29.235320147817774,0.0,0.0,0.0,1.0,0.19469332140451237,122,20.10376969766291,0.37011427429610405,1.6638713567027386,0.6378409743431162,0.18041465370381465,0.17876972282519105,0.0,nan,0,0,0,0,0.0,0.0,0.0,0.0,1.0
51.774735,190,366.82619,0.0,1.0,51.77473456720612,51.77473456720612,0.0,0.0,0.0,1.0,0.33891040098395,190,23.563691308511782,0.48282287647439454,2.0,0.5764188054360841,0.10990311158330816,0.11656513465078254,0.0,nan,0,0,0,0,0.0,0.0,0.0,0.0,1.0
200.531133,378,369.938359,0.0,1.0,200.5311326940381,200.5311326940381,1.0,1.0,0.0,0.0,0.6959195480290556,378,35.16185869463254,0.42332415806657725,0.9878694950682094,0.5488329308708666,0.16104246131957523,0.15411818437475375,0.04041171257022865,1.584539028226808,0,0,0,0,0.0,0.0,0.0,0.0,1.0
269.026306,526,374.806515,1.0,0.0,269.02630640211373,269.02630640211373,0.0,0.0,0.0,0.0,0.9910765998289747,526,34.83507866826728,0.5880930208829813,2.0,0.5340340781687783,0.13936260342597961,0.1343278254846203,0.017544350471524067,1.4054895421172617,0,0,0,0,0.0,0.0,0.0,0.0,1.0
100.827292,313,377.294309,0.0,1.0,100.82729199561129,100.82729199561129,0.0,0.0,0.0,1.0,0.7534872532363844,313,32.384498791985685,0.5961518042821689,2.0,0.5645116195796778,0.10866588715928051,0.11012732335172903,0.0,nan,0,0,0,0,0.0,0.0,0.0,0.0,1.0
110.689463,219,379.100333,0.0,1.0,110.68946313599075,110.68946313599075,0.0,0.0,0.0,1.0,0.5581390580062512,219,27.598386739187802,0.2679215317443984,1.104228228920586,0.6136339516400202,0.14931340767368334,0.14975998690139214,0.0,nan,0,0,0,0,0.0,0.0,0.0,0.0,1.0
76.122405,189,381.427675,0.0,1.0,76.12240450734035,76.12240450734035,0.0,0.0,0.0,1.0,0.4043875882862316,189,26.550689954622122,0.37975106165544953,2.0,0.594751865184181,0.10295191643730042,0.10898098428413351,0.0,nan,0,0,0,0,0.0,0.0,0.0,0.0,1.0
268.162245,499,385.725455,0.0,1.0,268.1622449425429,268.1622449425429,1.0,1.0,0.0,0.0,0.9570845601784123,499,33.3356391971913,0.398589176984895,1.2891090955600826,0.5883677496699866,0.15040050503725041,0.15106954268797604,0.02689793963881922,1.1025685427172807,0,0,0,0,0.0,0.0,0.0,0.0,1.0
247.580903,455,390.134276,1.0,0.0,247.5809031805555,247.5809031805555,0.0,0.0,0.0,0.0,0.9885819521361431,455,33.32036104879334,0.47717984221536974,1.550922865289732,0.5070891331185351,0.14454779900037326,0.13133778126685175,8.46257734330067e-05,4.80747636543991,0,0,0,0,0.0,0.0,0.0,0.0,1.0
335.548841,452,394.051194,0.0,1.0,335.54884099383816,335.54884099383816,1.0,1.0,0.0,0.0,0.97698432796822,452,35.99927403007591,0.2519271929042684,0.9471655235959482,0.5776080023332507,0.18528917708755593,0.1661228281734264,0.02845469857731881,1.5135950969224612,0,0,0,0,0.0,0.0,0.0,0.0,1.0
127.858271,250,396.269089,0.0,1.0,127.85827078111402,127.85827078111402,0.0,0.0,0.0,1.0,0.679570148074387,250,30.949843549739672,0.3555510065306967,2.0,0.5248027618527412,0.12138428783416748,0.10999658489227294,0.0,nan,0,0,0,0,0.0,0.0,0.0,0.0,1.0
144.712818,257,398.442889,0.0,1.0,144.71281820692246,144.71281820692246,1.0,1.0,0.0,0.0,0.5111084366570022,257,32.02866685856366,0.30492446312346694,0.9758157723340786,0.5901505875216384,0.16755658875179663,0.15670051811270214,0.037016819009378775,0.8754059754364486,0,0,0,0,0.0,0.0,0.0,0.0,1.0
145.074546,339,402.263972,0.0,1.0,145.07454591242237,145.07454591242237,0.0,0.0,0.0,1.0,0.6015448015864295,339,30.47184039198317,0.4547984305088933,2.0,0.5593977873611943,0.1305797817432775,0.10813482004632641,0.0,nan,0,0,0,0,0.0,0.0,0.0,0.0,1.0
155.019538,314,404.826591,0.0,1.0,155.01953755368453,155.01953755368453,0.0,0.0,0.0,1.0,0.7104053875753071,314,32.939142001812506,0.4130798710861946,2.0,0.5432887681920058,0.13387636773905176,0.12545865774154663,0.0,nan,0,0,0,0,0.0,0.0,0.0,0.0,1.0
100.519733,199,406.193415,0.0,1.0,100.51973323540483,100.51973323540483,1.0,1.0,0.0,0.0,0.37860380712873265,199,26.577332454996867,0.23703021220266154,0.8815807888969787,0.5752251871192275,0.1389208253304563,0.1253414088158152,0.11945196938629467,1.9041119131955468,0,0,0,0,0.0,0.0,0.0,0.0,1.0
208.347004,294,409.27531,1.0,0.0,208.3470038569485,208.3470038569485,0.0,0.0,0.0,0.0,0.9814051285274001,294,32.673823384819805,0.2895288616765363,0.98793308881038,0.5646865935552687,0.09062268782635124,0.09165457722281112,0.0,nan,0,0,0,0,0.0,0.0,0.0,0.0,1.0
210.566512,304,411.867229,1.0,0.0,210.5665119245165,210.5665119245165,0.0,0.0,0.0,0.0,0.9846176402244412,304,35.374465425308266,0.36220168929990465,0.993363166976973,0.5895646861019103,0.13096800877859718,0.12607270400775106,0.0,nan,0,0,0,0,0.0,0.0,0.0,0.0,1.0
125.406599,356,414.385373,0.0,1.0,125.40659927125043,125.40659927125043,0.0,0.0,0.0,1.0,0.7852784632597136,356,27.25599388945118,0.41023807720784095,1.4725408368695263,0.5663557245783256,0.18502638547608022,0.16897420735841387,0.0,nan,0,0,0,0,0.0,0.0,0.0,0.0,1.0
134.253923,237,416.656595,0.0,1.0,134.25392266361607,134.25392266361607,0.0,0.0,0.0,1.0,0.5087979182289852,237,32.362766622687815,0.30944954696147214,1.2829653825401734,0.5460520057549959,0.15537740862319238,0.14525142400073604,0.0,nan,0,0,0,0,0.0,0.0,0.0,0.0,1.0
254.270955,438,420.65805,0.0,1.0,254.2709553697889,254.2709553697889,1.0,1.0,0.0,0.0,0.8771543913144146,438,32.513303153165324,0.35646182252399217,0.9980780413887547,0.5394533803201702,0.1522989273071289,0.13439043349327018,0.03422463459481629,1.0841150393463455,0,0,0,0,0.0,0.0,0.0,0.0,1.0
83.583615,188,422.262307,0.0,1.0,83.58361507049675,83.58361507049675,0.0,0.0,0.0,1.0,0.4162892627934382,188,27.576222376990515,0.3450005115988328,1.4095308194908251,0.5515908192684675,0.10340840638952052,0.08366698629044472,0.0,8.460502573867686,0,0,0,0,0.0,0.0,0.0,0.0,1.0
192.920567,300,424.802069,1.0,0.0,192.92056723763997,192.92056723763997,0.0,0.0,0.0,0.0,0.984183031878406,300,30.678095392646966,0.3272826400804902,0.9958031744906126,0.5760252867142359,0.1771839757760366,0.16364118576049805,0.0,nan,0,0,0,0,0.0,0.0,0.0,0.0,1.0
121.945016,243,427.819259,0.0,1.0,121.94501619618549,121.94501619618549,0.0,0.0,0.0,1.0,0.6411793888397813,243,31.665683169890112,0.43162450885738896,2.0,0.5713085339331823,0.12852112255959844,0.127105677569354,0.0,nan,0,0,0,0,0.0,0.0,0.0,0.0,1.0
59.917906,175,429.282808,0.0,1.0,59.91790608353416,59.91790608353416,0.0,0.0,0.0,1.0,0.37046894234634453,175,25.054991246551815,0.4372141462201121,2.0,0.6091107239467757,0.15076330389295306,0.1387531702859061,0.030563087971923246,0.968551337821689,0,0,0,0,0.0,0.0,0.0,0.0,1.0
231.86436,265,431.681843,1.0,0.0,231.8643599139746,231.8643599139746,0.0,0.0,0.0,0.0,0.986218190678456,265,38.40517057160531,0.2580775116680742,0.9708444606346026,0.5526726877914285,0.13929557620354419,0.12380159373553294,7.269836999968222e-05,4.903674659750421,0,0,0,0,0.0,0.0,0.0,0.0,1.0
65.718006,211,433.245286,0.0,1.0,65.71800620792118,65.71800620792118,0.0,0.0,0.0,1.0,0.5403750820167122,211,31.392509277941922,0.4862208963278196,1.6249686862381778,0.5472280680780163,0.1521124811534068,0.14132709864756507,0.0,13.53458394399978,0,0,0,0,0.0,0.0,0.0,0.0,1.0
156.537787,275,435.382802,0.0,1.0,156.53778737724332,156.53778737724332,1.0,1.0,0.0,0.0,0.6570899733388013,275,30.859409144370446,0.29512050313001875,0.9933287769030298,0.5738279184360395,0.12626147096807305,0.11673003976995294,0.07208880987645275,0.8221243692314678,0,0,0,0,0.0,0.0,0.0,0.0,1.0
301.200036,423,439.324935,1.0,0.0,301.20003603915666,301.20003603915666,0.0,0.0,0.0,0.0,0.9906849652514197,423,40.67930061361939,0.42364066319410953,1.790910712765567,0.5054629197603986,0.17499552593163564,0.14646454483059282,0.0,9.464704807761724,0,0,0,0,0.0,0.0,0.0,0.0,1.0
84.171933,230,440.9902,0.0,1.0,84.17193258782241,84.17193258782241,0.0,0.0,0.0,1.0,0.4411741855583593,230,29.0049091449394,0.4414555081478242,2.0,0.543587937562362,0.1453966659048329,0.12709551660910898,0.0,nan,0,0,0,0,0.0,0.0,0.0,0.0,1.0
101.829811,273,443.07478,0.0,1.0,101.82981086710575,101.82981086710575,0.0,0.0,0.0,1.0,0.7055346220075681,273,26.80792138520477,0.43724150485384733,2.0,0.5391721521596332,0.08424024092845428,0.08591668902736008,0.0,nan,0,0,0,0,0.0,0.0,0.0,0.0,1.0
255.317018,355,447.001386,1.0,0.0,255.3170181874461,255.3170181874461,0.0,0.0,0.0,0.0,0.9865608885394119,355,34.687191053222655,0.3299313527473967,0.9677369511334685,0.5801530012572316,0.13003828962084274,0.11435007041608783,0.0,nan,0,0,0,0,0.0,0.0,0.0,0.0,1.0
200.185919,239,448.813763,1.0,0.0,200.18591930978764,200.18591930978764,0.0,0.0,0.0,0.0,0.9825036394197867,239,38.06471411812635,0.281451561725456,0.9988366373994724,0.5573015405979616,0.09977044271125952,0.09583087346543827,0.0,nan,0,0,0,0,0.0,0.0,0.0,0.0,1.0
143.165352,246,451.02225,0.0,1.0,143.16535161403888,143.16535161403888,0.0,0.0,0.0,1.0,0.8613296861004688,246,34.778293978447394,0.34100268195695027,2.0,0.4681343546182644,0.08935824690795527,0.08323607381766404,0.0,nan,0,0,0,0,0.0,0.0,0.0,0.0,1.0
36.580867,110,451.673399,0.0,1.0,36.58086668439369,36.58086668439369,0.0,0.0,0.0,1.0,0.23468509284748917,110,19.39721153324882,0.18829637416947503,1.6066429398067676,0.6547319967638362,0.06259014714847912,0.07050217173316262,0.0,nan,0,0,0,0,0.0,0.0,0.0,0.0,1.0
256.582896,344,455.441616,0.0,1.0,256.5828956161908,256.5828956161908,1.0,1.0,0.0,0.0,0.7405877911041877,344,38.62380895232229,0.27008335447889453,0.9936253306079293,0.5431930194500574,0.11528361744658891,0.10197159266749094,0.04541458480555258,0.8430652249699369,0,0,0,0,0.0,0.0,0.0,0.0,1.0
222.983598,314,457.936946,1.0,0.0,222.98359782783925,222.98359782783925,0.0,0.0,0.0,0.0,0.9850581621969056,314,33.389121683848025,0.2930235533700986,0.9826230040188098,0.5216810479285611,0.11667565137717374,0.11237507527041588,0.0,nan,0,0,0,0,0.0,0.0,0.0,0.0,1.0
48.282121,126,459.055158,0.0,1.0,48.28212123347153,48.28212123347153,0.0,0.0,0.0,1.0,0.23450653962697837,126,24.67563324820854,0.2649981628928285,1.0352124080180924,0.47585992733874016,0.11336339466155522,0.11641426502712189,0.0,nan,0,0,0,0,0.0,0.0,0.0,0.0,1.0
237.77734,420,463.053387,1.0,0.0,237.77733965680326,237.77733965680326,0.0,0.0,0.0,0.0,0.9379393381806225,420,31.588535090872423,0.48478858381113715,2.0,0.5006843335128256,0.10809624308631534,0.10161961629277184,0.0,nan,0,0,0,0,0.0,0.0,0.0,0.0,1.0
23.695102,113,465.130075,0.0,1.0,23.695102011250682,23.695102011250682,0.0,0.0,0.0,1.0,0.19865930656372424,113,24.514098854346713,0.4917153743319944,1.1139705396150326,0.5525911827530481,0.09702405676377558,0.10539936491873413,0.0,nan,0,0,0,0,0.0,0.0,0.0,0.0,1.0
87.623384,219,466.965599,0.0,1.0,87.62338355762334,87.62338355762334,0.0,0.0,0.0,1.0,0.4590342023645996,219,26.1963055539472,0.33981734929327745,1.0721569831637425,0.5135572469329726,0.10472239043614635,0.09977509441985387,0.0,nan,0,0,0,0,0.0,0.0,0.0,0.0,1.0
120.001683,235,468.803227,0.0,1.0,120.00168295980885,120.00168295980885,0.0,0.0,0.0,1.0,0.7737585871746682,235,31.8712164767545,0.4113565477776505,1.7788429422789265,0.5180689216135664,0.10503961431219223,0.09166531207713675,0.0,nan,0,0,0,0,0.0,0.0,0.0,0.0,1.0
182.287455,350,471.674896,1.0,0.0,182.2874552435115,182.2874552435115,0.0,0.0,0.0,0.0,0.9824107790233867,350,31.214106537056402,0.46193925001068475,1.0168102763018998,0.5513878782732146,0.1293677874973842,0.11827830689293997,0.0,nan,0,0,0,0,0.0,0.0,0.0,0.0,1.0
90.164193,184,473.957587,0.0,1.0,90.164193462996,90.164193462996,1.0,1.0,0.0,0.0,0.5517980793435557,184,32.51511821196725,0.42574921512662095,0.9930935511951772,0.4974682320152288,0.1257290930851646,0.10798331252906633,0.06751757763997766,0.8149303416664269,0,0,0,0,0.0,0.0,0.0,0.0,1.0
42.59834,137,475.254426,0.0,1.0,42.59834025759319,42.59834025759319,0.0,0.0,0.0,1.0,0.243395609822232,137,25.071740675719234,0.38751283499422623,1.0597604848465492,0.512512611320419,0.08548266609219739,0.08191979714553721,0.0,nan,0,0,0,0,0.0,0.0,0.0,0.0,1.0
16.741728,79,476.235059,0.0,1.0,16.741727970813695,16.741727970813695,0.0,0.0,0.0,1.0,0.20493845402443758,79,21.469512358651393,0.2884932928019947,1.0255867192665362,0.5739816550778437,0.05944216251373291,0.050717211976836,0.0,nan,0,0,0,0,0.0,0.0,0.0,0.0,1.0
42.265356,135,477.260118,0.0,1.0,42.26535554576556,42.26535554576556,0.0,0.0,0.0,1.0,0.22480886319549712,135,25.606068422179426,0.3762673047735612,1.0669742017384078,0.5521165698766708,0.12158344586690267,0.12899085327431006,0.0,nan,0,0,0,0,0.0,0.0,0.0,0.0,1.0
218.427268,427,481.205771,1.0,0.0,218.42726799329,218.42726799329,0.0,0.0,0.0,0.0,0.9842414319070364,427,28.63801938257675,0.4356344908830288,0.9853661267266489,0.49576789030774693,0.0989580623439101,0.09712409945226665,0.005793161963977548,3.0794688846676537,0,0,0,0,0.0,0.0,0.0,0.0,1.0
63.730661,190,483.904382,0.0,1.0,63.7306614677852,63.7306614677852,0.0,0.0,0.0,1.0,0.6419038158040652,190,29.399407536362975,0.5167335738770429,2.0,0.5182097718119621,0.10133461230679562,0.1053855111724452,0.0,nan,0,0,0,0,0.0,0.0,0.0,0.0,1.0
148.25176,263,486.418604,0.0,1.0,148.25175966068568,148.25175966068568,1.0,1.0,0.0,0.0,0.9051798464875209,263,35.61921222612984,0.42993085681092436,0.9905489685106437,0.5385643499106622,0.14622514102848763,0.14099716460296863,0.02451477043747429,0.09546654479033599,0,0,0,0,0.0,0.0,0.0,0.0,1.0
305.69547,555,490.549845,0.0,1.0,305.6954696727528,305.6954696727528,1.0,1.0,0.0,0.0,0.9218447316829578,555,30.627852066207044,0.35099558966981653,0.946379474991822,0.47680336867903805,0.14367300583435608,0.13396303696675343,0.028326719061392905,0.6883533245440259,0,0,0,0,0.0,0.0,0.0,0.0,0.0
82.124718,135,491.16066,1.0,0.0,82.1247180341641,82.1247180341641,0.0,0.0,0.0,0.0,0.9608430241585283,135,25.521407615569654,0.30977124874521633,0.749679906313916,0.5276421070650772,0.06900600857204861,0.08054705549169469,0.0,nan,0,0,0,0,0.0,0.0,0.0,0.0,0.0
98.495031,134,492.551186,1.0,0.0,98.4950312143859,98.4950312143859,0.0,0.0,0.0,0.0,0.967421268325732,134,30.841423828314575,0.3208005769364531,0.8488204699243644,0.46986393230174905,0.13984038981039132,0.14865580067705753,0.0,nan,0,0,0,0,0.0,0.0,0.0,0.0,0.0
88.642275,130,493.775261,1.0,0.0,88.64227510647464,88.64227510647464,0.0,0.0,0.0,0.0,0.9615947226550654,130,26.292847783408437,0.2249904200256695,0.58972061062861,0.5526201204038583,0.09788044782785268,0.09806456290758574,0.0,nan,0,0,0,0,0.0,0.0,0.0,0.0,1.0
157.328938,234,495.552994,0.0,1.0,157.32893830241653,157.32893830241653,0.0,0.0,0.0,1.0,0.6089766153073087,234,34.04585022795589,0.24787416431401235,1.6464553675370988,0.48715502217921436,0.08512854423278417,0.08292490957129715,0.0,nan,0,0,0,0,0.0,0.0,0.0,0.0,1.0
103.349512,265,497.858433,0.0,1.0,103.34951180783578,103.34951180783578,0.0,0.0,0.0,1.0,0.7513330075122447,265,35.43843120067713,0.4620021299647095,1.1077320244786186,0.4769775581528556,0.12349803672646577,0.11816783446185994,0.0,8.120509776573046,0,0,0,0,0.0,0.0,0.0,0.0,1.0
274.652181,490,502.337672,0.0,1.0,274.6521807019476,274.6521807019476,1.0,1.0,0.0,0.0,0.8760743117280854,490,34.72879011213287,0.4017314119087924,1.1409689657811521,0.5015384116038984,0.10463870800271326,0.09507730895159196,0.03166008838421647,0.7577321356406069,0,0,0,0,0.0,0.0,0.0,0.0,1.0
209.490826,296,504.654573,0.0,1.0,209.49082604666532,209.49082604666532,1.0,1.0,0.0,0.0,0.8112171135947776,296,35.53151133444936,0.273678642371881,0.7908238140893844,0.4635300272823991,0.07827638049383422,0.07553732757632797,0.06690143016057264,0.6547575847141037,0,0,0,0,0.0,0.0,0.0,0.0,1.0
246.9507,432,508.547264,1.0,0.0,246.95070000819408,246.95070000819408,0.0,0.0,0.0,0.0,0.9549058540285249,432,33.88235691150188,0.495880891085141,2.0,0.48984784517368235,0.10964957762647558,0.11144029845794041,0.034380928379010384,0.005085620225713821,0,0,0,0,0.0,0.0,0.0,0.0,1.0
222.145818,280,511.722955,1.0,0.0,222.14581781577948,222.14581781577948,0.0,0.0,0.0,0.0,0.9837571767303575,280,34.82634475936628,0.22818768535300113,0.8097752121866065,0.49788885781807557,0.09251945189067295,0.0932780112539019,0.0,nan,0,0,0,0,0.0,0.0,0.0,0.0,1.0
117.424097,186,513.245412,0.0,1.0,117.42409657109042,117.42409657109042,0.0,0.0,0.0,1.0,0.39698060193097634,186,36.31878984503548,0.3194564251602518,1.6598822363612566,0.48877454108448437,0.08937906578022947,0.08777622317755095,0.0,nan,0,0,0,0,0.0,0.0,0.0,0.0,1.0
298.625491,453,516.96427,1.0,0.0,298.62549146592966,298.62549146592966,0.0,0.0,0.0,0.0,0.9906165839162869,453,32.11629098566792,0.3148861074726934,0.9983138464615022,0.5457129901394281,0.10172518897003949,0.10031082061742315,0.0,16.52439056040887,0,0,0,0,0.0,0.0,0.0,0.0,1.0
106.879925,224,518.877671,0.0,1.0,106.87992450623564,106.87992450623564,0.0,0.0,0.0,1.0,0.5317984623270443,224,32.98099078914201,0.40830164366458976,1.112134859631898,0.5446663034880268,0.0778250912470477,0.07707122181143079,0.0,nan,0,0,0,0,0.0,0.0,0.0,0.0,1.0
83.683059,181,520.889201,0.0,1.0,83.68305871850798,83.68305871850798,0.0,0.0,0.0,1.0,0.5844768469386226,181,30.647756793177336,0.32741419250107506,1.4750191956976813,0.5329166172453053,0.06500734611110792,0.06722773702105106,0.0,nan,0,0,0,0,0.0,0.0,0.0,0.0,1.0
241.270091,305,523.354604,1.0,0.0,241.2700909974315,241.2700909974315,0.0,0.0,0.0,0.0,0.9850558511763542,305,39.16885406418866,0.3269532135632436,0.9704503765739455,0.5382358390043993,0.060403439256011465,0.06374681074111188,0.0,nan,0,0,0,0,0.0,0.0,0.0,0.0,1.0
304.925648,441,527.074163,1.0,0.0,304.9256475631961,304.9256475631961,0.0,0.0,0.0,0.0,0.9912281022817527,441,35.35235707961088,0.3261399950665811,1.443438614027786,0.49411055930550135,0.06192031009397269,0.06604307930485732,0.0,nan,0,0,0,0,0.0,0.0,0.0,0.0,1.0
231.604524,387,531.112179,1.0,0.0,231.604523995489,231.604523995489,0.0,0.0,0.0,0.0,0.9884024801059494,387,34.654907635562495,0.42218703133342617,1.7698570450583928,0.4679109185395007,0.07470587796943132,0.07246622712729205,0.0,nan,0,0,0,0,0.0,0.0,0.0,0.0,1.0
219.63431,323,533.657603,0.0,1.0,219.63430960343373,219.63430960343373,1.0,1.0,0.0,0.0,0.8149818881534849,323,35.91787947976684,0.3157086268991802,0.8619037446625907,0.4825727324298476,0.07405328455355145,0.0726725508923132,0.04626197642053226,0.7058657381396117,0,0,0,0,0.0,0.0,0.0,0.0,1.0
84.853404,192,535.350356,0.0,1.0,84.85340424017427,84.85340424017427,0.0,0.0,0.0,1.0,0.6055024880408998,192,29.244583607792876,0.3338421710909345,2.0,0.4616272925438049,0.09018632769584656,0.09010732856889565,0.0,nan,0,0,0,0,0.0,0.0,0.0,0.0,1.0
172.371767,271,538.351043,1.0,1.0,172.3717668296985,172.3717668296985,0.0,0.0,0.0,1.0,1.0009706880591358,271,31.394159600341055,0.34309094102474946,1.2606385885237241,0.4815351756571404,0.046838837356145094,0.05161879247404992,0.0,nan,0,0,0,0,0.0,0.0,0.0,0.0,1.0
202.303716,316,540.868598,1.0,0.0,202.3037158334368,202.3037158334368,0.0,0.0,0.0,0.0,0.9831879993038013,316,31.230935382339467,0.35103908965263575,0.995321953405162,0.4606670951117066,0.09366887543774859,0.09625887644441822,0.0,nan,0,0,0,0,0.0,0.0,0.0,0.0,1.0
282.099499,376,544.097642,1.0,0.0,282.0994989982949,282.0994989982949,0.0,0.0,0.0,0.0,0.9863645617038219,376,32.60765945325137,0.2420973534717788,0.9678487942005216,0.4535122999445872,0.07670883200270065,0.08152674709228759,0.0,nan,0,0,0,0,0.0,0.0,0.0,0.0,1.0
194.772358,262,546.056139,0.0,1.0,194.77235764275133,194.77235764275133,0.0,0.0,0.0,1.0,0.8743066720068169,262,37.96519126354742,0.2821789560466909,2.0,0.4425330425235834,0.08191323234834744,0.07804741841236143,0.0,nan,0,0,0,0,0.0,0.0,0.0,0.0,1.0
38.345743,92,547.940607,0.0,1.0,38.34574326022079,38.34574326022079,1.0,1.0,0.0,0.0,0.11800297511179197,92,23.724184771118683,0.17963057497247822,0.7743284575438668,0.45221752827258216,0.10300925438818724,0.10389260170252426,0.0,nan,0,0,0,0,0.0,0.0,0.0,0.0,1.0
166.694126,307,550.445188,0.0,1.0,166.6941255244913,166.6941255244913,0.0,0.0,0.0,1.0,0.7762331796007127,307,34.619435200709944,0.38499302198751706,1.5137305888377603,0.4748238952472466,0.10918723410814515,0.10090111676567153,0.0010774797857822035,4.336691269938335,0,0,0,0,0.0,0.0,0.0,0.0,1.0
81.396421,185,551.649864,0.0,1.0,81.3964207849537,81.3964207849537,0.0,0.0,0.0,1.0,0.5840517123953656,185,30.195101980169436,0.3416525508738545,2.0,0.4406744011753314,0.07744697461257109,0.07915498276014586,0.0,nan,0,0,0,0,0.0,0.0,0.0,0.0,1.0
177.208908,278,553.904253,0.0,1.0,177.20890778496891,177.20890778496891,0.0,0.0,0.0,1.0,0.7598737609008753,278,35.56544238920705,0.2816356723640656,1.6690161127076304,0.4403863154458914,0.09217762411069527,0.08610061497139417,0.0,nan,0,0,0,0,0.0,0.0,0.0,0.0,1.0
216.693957,289,556.990085,0.0,1.0,216.69395665807727,216.69395665807727,1.0,1.0,0.0,0.0,0.7302279605775956,289,35.34698737867711,0.21366152133644165,0.9893399554133356,0.4569336776992235,0.07743846998907702,0.07222114921028638,0.03809839233940368,1.2576574488427354,0,0,0,0,0.0,0.0,0.0,0.0,1.0
198.009598,271,559.309286,1.0,0.0,198.00959762895252,198.00959762895252,0.0,0.0,0.0,0.0,0.9863404971287859,271,36.03406174658429,0.3634830133655407,0.9947567368778774,0.5039158903914625,0.0702113841292603,0.06665849245782268,0.0,nan,0,0,0,0,0.0,0.0,0.0,0.0,1.0
89.810062,168,560.443046,0.0,1.0,89.81006216164455,89.81006216164455,0.0,0.0,0.0,1.0,0.4519192396322272,168,30.664520038095898,0.27879993120540825,2.0,0.5441843622386278,0.07476359534831274,0.07857461415586017,0.0,nan,0,0,0,0,0.0,0.0,0.0,0.0,1.0
196.459408,315,563.180438,0.0,1.0,196.4594084704269,196.4594084704269,0.0,0.0,0.0,1.0,0.8210463958735289,315,39.78517824383225,0.3731920592518944,1.1290062245404433,0.4522112048098019,0.08090220405941918,0.07932164441971552,0.0,nan,0,0,0,0,0.0,0.0,0.0,0.0,1.0
164.57672,207,565.510334,0.0,1.0,164.5767195656308,164.5767195656308,0.0,0.0,0.0,1.0,0.790454054720133,207,46.086543089276375,0.34702177540814905,2.0,0.46362560602345904,0.07369027275970016,0.07547569505258458,0.0,5.803225522155246,0,0,0,0,0.0,0.0,0.0,0.0,1.0
73.225808,213,567.170216,0.0,1.0,73.22580825410134,73.22580825410134,0.0,0.0,0.0,1.0,0.47863700357491373,213,31.212318978328316,0.5925110952458263,1.1184409196616127,0.5015333590792938,0.13409059987941258,0.13595535385776575,0.0278325182911348,0.48049139272672536,0,0,0,0,0.0,0.0,0.0,0.0,1.0
104.438691,327,570.089536,0.0,1.0,104.4386913492571,104.4386913492571,0.0,0.0,0.0,1.0,0.9826701097278067,327,35.96526033024733,0.7581649211761786,2.0,0.41694878570348115,0.12170697097020047,0.11370405764390204,0.0001184798498375658,4.80628544551558,0,0,0,0,0.0,0.0,0.0,0.0,1.0
149.039117,321,572.56187,0.0,1.0,149.03911665180254,149.03911665180254,1.0,1.0,0.0,0.0,0.8248509040713933,321,39.94337110858403,0.5806094008576113,1.404468945620916,0.4682183733378244,0.08411887390219905,0.0894885783626283,0.04821949184369875,1.0574157055177555,0,0,0,0,0.0,0.0,0.0,0.0,1.0
22.172011,151,574.776909,0.0,1.0,22.172010740468984,22.172010740468984,0.0,0.0,0.0,1.0,0.27904682418616084,151,27.146154299079413,0.6429331616577102,2.0,0.4074799127827417,0.06469051766869248,0.07131303422498388,0.0,nan,0,0,0,0,0.0,0.0,0.0,0.0,1.0
86.708789,225,576.660561,0.0,1.0,86.70878902376676,86.70878902376676,0.0,0.0,0.0,1.0,0.3730391641599871,225,36.598513586822705,0.6522963175318424,2.0,0.4519013909498851,0.0817102993859185,0.07985737244288127,0.0,nan,0,0,0,0,0.0,0.0,0.0,0.0,1.0
81.027227,227,578.621826,0.0,1.0,81.02722747396406,81.02722747396406,0.0,0.0,0.0,1.0,0.5919246731736977,227,32.49889332684389,0.6289633525720627,1.8329604607082246,0.48012795908959166,0.07437025266596925,0.07520267222946436,0.0,nan,0,0,0,0,0.0,0.0,0.0,0.0,1.0
74.04378,256,580.912917,0.0,1.0,74.04378010925932,74.04378010925932,0.0,0.0,0.0,1.0,0.600036691244504,256,34.05977794539996,0.5657466186099257,1.6904731083988902,0.451470688538393,0.09520318545401096,0.0953915985301137,0.0,nan,0,0,0,0,0.0,0.0,0.0,0.0,1.0
18.715448,145,582.314595,0.0,1.0,18.715447829936256,18.715447829936256,0.0,0.0,0.0,1.0,0.23703273473013547,145,24.791328409541162,0.6512888401146233,2.0,0.42014407037660995,0.08911977225336536,0.09486359234513908,0.0,nan,0,0,0,0,0.0,0.0,0.0,0.0,1.0
138.934394,263,584.933038,1.0,0.0,138.93439390711174,138.93439390711174,0.0,0.0,0.0,0.0,0.9812976613248248,263,33.19897246293071,0.529360280308017,1.2170878304034467,0.42135342714791063,0.08827430825722989,0.09565630815781567,0.0,nan,0,0,0,0,0.0,0.0,0.0,0.0,1.0
246.312706,439,588.640495,0.0,1.0,246.3127058174489,246.3127058174489,0.0,0.0,0.0,1.0,0.934103635142421,439,42.62266650949972,0.572576797604717,2.0,0.46573732718655625,0.09484643124230631,0.08970821093861225,0.0,nan,0,0,0,0,0.0,0.0,0.0,0.0,1.0
160.305477,331,591.563977,1.0,0.0,160.30547695396893,160.30547695396893,0.0,0.0,0.0,0.0,0.9808410005290977,331,32.45522861769063,0.5870271579437902,2.0,0.4376551809065111,0.13926772642711857,0.1346891383750201,0.007535421812653422,1.8928956135893042,0,0,0,0,0.0,0.0,0.0,0.0,1.0
214.807662,382,595.795496,1.0,0.0,214.80766221000627,214.80766221000627,0.0,0.0,0.0,0.0,0.9891692259662279,382,37.90581734114777,0.6063409507557262,1.7189882641384966,0.4728587084103629,0.09332503823085606,0.09047021229229672,0.0,nan,0,0,0,0,0.0,0.0,0.0,0.0,1.0
216.426702,450,599.534597,1.0,1.0,216.42670225888068,216.42670225888068,0.0,0.0,0.0,1.0,1.0017553951907427,450,40.251957082987474,0.8214318110063199,2.0,0.4620871261921194,0.11169814507166545,0.11222353484895495,0.0,6.725059119154489,0,0,0,0,0.0,0.0,0.0,0.0,1.0
196.116391,274,602.261121,0.0,1.0,196.11639096278716,196.11639096278716,0.0,0.0,0.0,1.0,1.0053798826200804,274,41.95042178490913,0.376925801642122,1.2322451638135803,0.4828938278811474,0.0893092016234015,0.08632135913319831,0.0035341696508443547,3.2455200220869487,0,0,0,0,0.0,0.0,0.0,0.0,1.0
189.653326,285,605.369087,1.0,0.0,189.65332627443445,189.65332627443445,0.0,0.0,0.0,0.0,0.9840599856414955,285,38.358238914991816,0.4526606213881337,0.9767634881388249,0.4835187904667436,0.10384038414871484,0.10048447784624602,0.0,nan,0,0,0,0,0.0,0.0,0.0,0.0,1.0
75.891351,158,606.926726,0.0,1.0,75.89135144906007,75.89135144906007,0.0,0.0,0.0,1.0,0.44685796123560023,158,31.889064704489584,0.394260133418568,2.0,0.42001139886582955,0.09516842003110089,0.10221817372720453,0.0,5.354676838179547,0,0,0,0,0.0,0.0,0.0,0.0,1.0
166.607389,328,609.716133,0.0,1.0,166.6073888498212,166.6073888498212,0.0,0.0,0.0,1.0,1.0016658177831492,328,34.25716853280767,0.45512185919402337,1.1549764769084674,0.4696183181594966,0.09132701721860141,0.09538347074171392,0.0,nan,0,0,0,0,0.0,0.0,0.0,0.0,1.0
191.947847,306,612.267409,1.0,0.0,191.94784707962896,191.94784707962896,0.0,0.0,0.0,0.0,0.9866654389152163,306,38.95846683050569,0.5652965451243185,1.9349007844898576,0.4545402667345175,0.08517917854334014,0.08719625971675699,0.0,nan,0,0,0,0,0.0,0.0,0.0,0.0,1.0
104.080037,261,614.900882,0.0,1.0,104.0800366069302,104.0800366069302,0.0,0.0,0.0,1.0,0.7366067138625004,261,31.61530739998066,0.5158783223917964,1.7373931554026893,0.422893769582341,0.09595756809373468,0.09294482072194417,0.0,nan,0,0,0,0,0.0,0.0,0.0,0.0,1.0
174.807398,384,617.854007,0.0,1.0,174.80739792101338,174.80739792101338,0.0,0.0,0.0,1.0,0.9524373500258827,384,44.132840312007566,0.7265243657429403,2.0,0.45692355729018647,0.1018574982881546,0.09617022735377152,0.010844053080279852,1.9871684206376594,0,0,0,0,0.0,0.0,0.0,0.0,1.0
92.979256,251,620.455538,0.0,1.0,92.97925601141085,92.97925601141085,0.0,0.0,0.0,1.0,0.6035057718509772,251,36.05222949644501,0.48681420272726866,1.5147412925588262,0.46388196155606987,0.1564323849887012,0.15696369841754199,0.021083612272567043,2.237617134606193,0,0,0,0,0.0,0.0,0.0,0.0,1.0
102.035125,262,623.492881,0.0,1.0,102.03512547394693,102.03512547394693,0.0,0.0,0.0,1.0,0.7484807689089454,262,29.223162340970784,0.3864963266370854,2.0,0.4850080818193787,0.09223300264081882,0.0956029441520458,0.0,nan,0,0,0,0,0.0,0.0,0.0,0.0,1.0
78.500856,143,624.821581,0.0,1.0,78.50085600323477,78.50085600323477,0.0,0.0,0.0,1.0,0.45403959302221064,143,34.95849476178261,0.347538129967125,2.0,0.5280462166594042,0.05767055741556874,0.06438882534320538,0.0,nan,0,0,0,0,0.0,0.0,0.0,0.0,1.0
248.508123,347,627.574866,1.0,0.0,248.50812302686802,248.50812302686802,0.0,0.0,0.0,0.0,0.9877662004787113,347,40.421359710022294,0.473368297378656,2.0,0.4660250205943839,0.08362610109944851,0.08400034526583097,0.012072542689350573,2.176207364344695,0,0,0,0,0.0,0.0,0.0,0.0,1.0
74.501651,230,629.699911,0.0,1.0,74.50165137637948,74.50165137637948,0.0,0.0,0.0,1.0,0.5008706893903809,230,37.04332500943998,0.5219071549460135,1.677688053036938,0.43136489132176276,0.10249419367831686,0.09504603717638099,0.0,nan,0,0,0,0,0.0,0.0,0.0,0.0,1.0
143.469462,255,632.920825,1.0,0.0,143.46946159632796,143.46946159632796,0.0,0.0,0.0,0.0,0.9832046526229296,255,36.11312998263346,0.5610432983525944,2.0,0.4104110267086356,0.08740764599220426,0.09159653327044319,0.0,nan,0,0,0,0,0.0,0.0,0.0,0.0,1.0
28.988824,163,634.381575,0.0,1.0,28.9888244938192,28.9888244938192,0.0,0.0,0.0,1.0,0.342140091982642,163,32.927103195476434,0.8082684566380554,2.0,0.5216272668970143,0.09795118109580198,0.10030333396115917,0.0,nan,0,0,0,0,0.0,0.0,0.0,0.0,1.0
173.926904,331,637.213069,0.0,1.0,173.92690436682165,173.92690436682165,1.0,1.0,0.0,0.0,0.6592708978588776,331,38.11832209913372,0.5252051903062683,1.5303413599243967,0.43194877166087176,0.12505228209711633,0.11596338374377017,0.051782799573152405,0.9747051667800662,0,0,0,0,0.0,0.0,0.0,0.0,1.0
129.937214,246,639.403861,0.0,1.0,129.93721392558143,129.93721392558143,1.0,1.0,0.0,0.0,0.8893494715469049,246,38.67289556185311,0.47284090193041234,0.9996879141519571,0.42688755398782774,0.08499535094431745,0.087312166041475,0.034753437950528786,1.435154022398254,0,0,0,0,0.0,0.0,0.0,0.0,1.0
76.39849,207,642.087789,0.0,1.0,76.39848991696654,76.39848991696654,0.0,0.0,0.0,1.0,0.616639390797754,207,37.69070251895938,0.6381274467349412,2.0,0.45285913577654224,0.10713819288401212,0.09563813722076048,0.0,nan,0,0,0,0,0.0,0.0,0.0,0.0,1.0
92.310965,266,644.221051,0.0,1.0,92.31096545729234,92.31096545729234,0.0,0.0,0.0,1.0,0.600865215559733,266,34.0069257836259,0.5295974934954014,1.765739365491113,0.475995841583139,0.09406092314791858,0.09717132834563579,0.0,nan,0,0,0,0,0.0,0.0,0.0,0.0,1.0
229.029018,414,647.90768,0.0,1.0,229.0290180105035,229.0290180105035,0.0,0.0,0.0,1.0,0.8235336322957781,414,39.4860428104368,0.5253324192221576,2.0,0.4687753933423383,0.1180946659926631,0.10842316219772118,0.0,17.37541771634494,0,0,0,0,0.0,0.0,0.0,0.0,1.0
185.808774,319,650.782742,0.0,1.0,185.8087742483229,185.8087742483229,1.0,1.0,0.0,0.0,0.8318681601044021,319,45.309623195970566,0.5907051742545686,2.0,0.4873808411922201,0.09989450344097651,0.09466047907324046,0.06159146040061143,0.5923740018523139,0,0,0,0,0.0,0.0,0.0,0.0,1.0
94.814847,177,653.077199,0.0,1.0,94.81484709686904,94.81484709686904,0.0,0.0,0.0,1.0,0.610540958972805,177,35.299448681714,0.3921931197957842,1.2962912366442307,0.37358370315978084,0.10337645387918935,0.12278216706830902,0.0,nan,0,0,0,0,0.0,0.0,0.0,0.0,1.0
101.440424,206,654.691219,0.0,1.0,101.44042409812532,101.44042409812532,0.0,0.0,0.0,1.0,0.5010828211878396,206,29.76876681631474,0.34138824365535153,1.064975201646799,0.5273458815894081,0.10227020157193675,0.09458669325680409,0.011623230767219647,3.3506108773098,0,0,0,0,0.0,0.0,0.0,0.0,1.0
88.850339,199,656.239735,0.0,1.0,88.85033949396583,88.85033949396583,0.0,0.0,0.0,1.0,0.4960331356028198,199,35.98840190160786,0.5326682901246192,1.7626842771242757,0.44044642543523155,0.09750490512081127,0.10196480978673426,0.014931191282244244,1.263785866000322,0,0,0,0,0.0,0.0,0.0,0.0,1.0
108.161817,262,658.722777,0.0,1.0,108.16181657414961,108.16181657414961,0.0,0.0,0.0,1.0,0.7865755391353083,262,32.12497639930712,0.5358623149361571,2.0,0.4264581278393059,0.09700582546132211,0.10240679069329764,0.0,nan,0,0,0,0,0.0,0.0,0.0,0.0,1.0
119.385875,280,661.58722,0.0,1.0,119.38587510467372,119.38587510467372,0.0,0.0,0.0,1.0,0.5717132933910991,280,32.8980651653618,0.5205641498306312,2.0,0.4589908151089081,0.11876878951277052,0.11492351634161813,0.0,5.451042932731448,0,0,0,0,0.0,0.0,0.0,0.0,1.0
79.802756,221,663.312072,0.0,1.0,79.80275553948388,79.80275553948388,0.0,0.0,0.0,1.0,0.3651007357548947,221,33.704439227622544,0.6382280130502265,2.0,0.4564169885177688,0.12074676250440503,0.12143867183055274,0.0,nan,0,0,0,0,0.0,0.0,0.0,0.0,1.0
52.366684,133,664.451586,0.0,1.0,52.36668368722824,52.36668368722824,0.0,0.0,0.0,1.0,0.21430803292076997,133,30.21290502441479,0.2818160409968063,1.2635351068734304,0.4533705241361955,0.1002016936926017,0.10145191232064613,0.0,nan,0,0,0,0,0.0,0.0,0.0,0.0,1.0
120.663225,186,665.848254,0.0,1.0,120.66322545830707,120.66322545830707,0.0,0.0,0.0,1.0,0.7154564389765803,186,34.86775835840049,0.26591735918639775,2.0,0.4515083526731819,0.11797233294415217,0.11797932719671599,0.0,nan,0,0,0,0,0.0,0.0,0.0,0.0,1.0
226.455254,343,668.545472,0.0,1.0,226.45525393684343,226.45525393684343,0.0,0.0,0.0,1.0,0.891815125628009,343,38.82231727556045,0.3909118676624003,1.7863531696063444,0.4638381738965087,0.09882725049733421,0.0970295855324748,0.0,nan,0,0,0,0,0.0,0.0,0.0,0.0,1.0
130.952349,285,671.989891,0.0,1.0,130.95234858115987,130.95234858115987,0.0,0.0,0.0,1.0,0.5727675416953115,285,33.02858584545736,0.5359629291502505,2.0,0.4259314054329144,0.14185581416414494,0.13598166014018812,0.0,5.397923766487797,0,0,0,0,0.0,0.0,0.0,0.0,1.0
298.901136,392,674.968659,1.0,0.0,298.9011360824691,298.9011360824691,0.0,0.0,0.0,0.0,0.99192215304715,392,44.472548959973,0.43289893759179704,1.2883346978040826,0.4728806981132651,0.14014221089226858,0.1201910206249782,0.07190628520630808,0.8893175912550306,0,0,0,0,0.0,0.0,0.0,0.0,1.0
90.335,151,676.570588,0.0,1.0,90.33500018863799,90.33500018863799,0.0,0.0,0.0,1.0,0.44708702780987836,151,34.229635590276054,0.28824853675501855,2.0,0.42724726161617316,0.09897761865956894,0.09918123207344914,0.0,nan,0,0,0,0,0.0,0.0,0.0,0.0,1.0
203.174349,303,680.0294,1.0,0.0,203.1743492026098,203.1743492026098,0.0,0.0,0.0,0.0,0.9857136199597325,303,38.35124434674598,0.4817465437005979,2.0,0.4299320156006726,0.10605440556806306,0.09644522092523354,0.045060945788918796,0.7831805539520765,0,0,0,0,0.0,0.0,0.0,0.0,1.0
166.443436,325,682.737232,0.0,1.0,166.44343629959238,166.44343629959238,0.0,0.0,0.0,1.0,0.7511273462210067,325,35.76488009785904,0.49228042597433597,2.0,0.4341954869948901,0.1596958455672631,0.16167424018566426,0.0,nan,0,0,0,0,0.0,0.0,0.0,0.0,1.0
277.036594,311,685.600916,1.0,0.0,277.0365942333892,277.0365942333892,0.0,0.0,0.0,0.0,0.9908152192886932,311,40.03920313117244,0.28381315274454083,0.9855527962906511,0.43869763337243406,0.09212547789815921,0.09501760680575846,0.0,nan,0,0,0,0,0.0,0.0,0.0,0.0,1.0
97.434718,211,687.433035,0.0,1.0,97.43471840729404,97.43471840729404,0.0,0.0,0.0,1.0,0.6291075482603659,211,33.003911502071254,0.4477982467949361,2.0,0.4035737391614236,0.15315142542265037,0.14803396751530362,0.0,nan,0,0,0,0,0.0,0.0,0.0,0.0,1.0
219.048362,288,690.437266,1.0,0.0,219.04836189554098,219.04836189554098,0.0,0.0,0.0,0.0,0.9877382611056496,288,41.63173943992125,0.44782871320525264,2.0,0.43561797677021885,0.11126693710684776,0.11462149189578162,0.0,nan,0,0,0,0,0.0,0.0,0.0,0.0,1.0
239.583091,360,693.475346,1.0,0.0,239.58309081689202,239.58309081689202,0.0,0.0,0.0,0.0,0.999240337838134,360,43.32627807029881,0.5375824531494716,1.5706463121655332,0.434370472199387,0.14222041798962487,0.12964992390738594,0.013185012671453316,3.0455864013224807,0,0,0,0,0.0,0.0,0.0,0.0,1.0
213.90614,318,695.933096,1.0,0.0,213.90613964784214,213.90613964784214,0.0,0.0,0.0,0.0,0.9862661352358874,318,36.64637130691818,0.4023811091963279,1.076572779109062,0.4215773811341269,0.11109858039040235,0.10808250401754799,0.0,16.6265323751885,0,0,0,0,0.0,0.0,0.0,0.0,1.0
40.183375,128,697.178042,0.0,1.0,40.18337523984204,40.18337523984204,0.0,0.0,0.0,1.0,0.23867482477457236,128,27.41402012305967,0.35475438028350814,1.4559171822610066,0.48065967590082437,0.04490569233894348,0.05271819233894348,0.0,nan,0,0,0,0,0.0,0.0,0.0,0.0,1.0
163.154587,249,700.006384,0.0,1.0,163.15458701278897,163.15458701278897,0.0,0.0,0.0,1.0,0.7863717867828436,249,38.579439135697534,0.36754532839485815,2.0,0.479353083993297,0.14575543173824448,0.14282841519658346,0.0,6.803289575711503,0,0,0,0,0.0,0.0,0.0,0.0,1.0
169.507498,305,702.772618,0.0,1.0,169.50749847836127,169.50749847836127,1.0,1.0,0.0,0.0,0.7669360032650862,305,36.49197870649052,0.4784258773795255,2.0,0.4366730619771559,0.1075827500859245,0.1060556384383655,0.049642774587101056,0.4701882369817378,0,0,0,0,0.0,0.0,0.0,0.0,1.0
270.715659,438,706.696743,1.0,0.0,270.71565911707864,270.71565911707864,0.0,0.0,0.0,0.0,0.988934701207551,438,38.383159390850864,0.48058455436211683,1.218575982442108,0.4503635655084974,0.14414737553901324,0.13341093389955286,0.0,7.268783316120862,0,0,0,0,0.0,0.0,0.0,0.0,1.0
100.790195,209,709.129557,0.0,1.0,100.79019507991671,100.79019507991671,0.0,0.0,0.0,1.0,0.4181955329222151,209,38.68591845780506,0.3984135448444201,1.4554850646738375,0.4543631378044352,0.06645050801728901,0.07289662885894045,0.0,nan,0,0,0,0,0.0,0.0,0.0,0.0,1.0
109.409801,232,710.899701,0.0,1.0,109.4098010850264,109.4098010850264,0.0,0.0,0.0,1.0,0.61704673883838,232,33.59126029472623,0.44585663284251115,2.0,0.5001217578216617,0.09390318034024074,0.09397373528316103,0.0,nan,0,0,0,0,0.0,0.0,0.0,0.0,1.0
113.844717,223,712.93048,0.0,1.0,113.8447169823115,113.8447169823115,0.0,0.0,0.0,1.0,0.7860550170495701,223,37.28879305544464,0.47721639614561495,2.0,0.4472718809150794,0.08315443885700585,0.08683706826693274,0.0,nan,0,0,0,0,0.0,0.0,0.0,0.0,1.0
190.231628,296,715.309651,1.0,0.0,190.23162796636302,190.23162796636302,0.0,0.0,0.0,0.0,0.9864483097761025,296,39.973363590267795,0.5266253828898433,2.0,0.4649936998816761,0.12225444010786109,0.11342639375377346,0.0,5.477364499344142,0,0,0,0,0.0,0.0,0.0,0.0,1.0
269.636413,312,718.708939,1.0,0.0,269.6364126811252,269.6364126811252,0.0,0.0,0.0,0.0,0.9894585560844033,312,41.39100390542408,0.3379335327346612,0.8344022514325958,0.4299422830152206,0.09056889781585106,0.08783305952182183,0.0,nan,0,0,0,0,0.0,0.0,0.0,0.0,1.0
189.236998,277,721.290886,1.0,0.0,189.2369982775517,189.2369982775517,0.0,0.0,0.0,0.0,0.9861468694078602,277,36.799870955875846,0.4338759062496835,1.4419262284187186,0.416750750790219,0.12027316403302905,0.1198553582821512,0.0,6.156322870483612,0,0,0,0,0.0,0.0,0.0,0.0,1.0
178.79806,318,723.884814,1.0,0.0,178.79805969745212,178.79805969745212,0.0,0.0,0.0,0.0,0.9827095582348263,318,32.56020067344401,0.48649203082210285,1.3951937884600054,0.4063452296661881,0.10890981423779854,0.10544350237216589,0.01205996221024698,2.5736807872105554,0,0,0,0,0.0,0.0,0.0,0.0,1.0
132.719271,262,726.060531,0.0,1.0,132.71927137599891,132.71927137599891,1.0,1.0,0.0,0.0,0.525012534712108,262,30.884900109566264,0.3750289682334035,0.9676354033541704,0.4502666132766327,0.18247772241366728,0.17807915101524527,0.05936008032273006,0.9090391233706011,0,0,0,0,0.0,0.0,0.0,0.0,1.0
182.655351,274,729.143643,1.0,0.0,182.65535058015925,182.65535058015925,0.0,0.0,0.0,0.0,0.981409126571256,274,33.3234512288657,0.3514514326674459,1.3032161702497227,0.49474062384480105,0.11348606765705303,0.11831942309428306,0.0,nan,0,0,0,0,0.0,0.0,0.0,0.0,1.0
121.383689,276,731.031616,0.0,1.0,121.38368941617736,121.38368941617736,0.0,0.0,0.0,1.0,0.8706908172211795,276,31.84300788026531,0.4619488948731057,2.0,0.4377697144189607,0.0826020037782365,0.08446233687193497,0.0,nan,0,0,0,0,0.0,0.0,0.0,0.0,1.0
162.326637,330,733.848791,1.0,0.0,162.32663684714117,162.32663684714117,0.0,0.0,0.0,0.0,0.9864930104906913,330,35.46347234644413,0.6072761078431935,1.6403369132732974,0.48142837440651476,0.15263567314003454,0.1426578321240165,0.0071642442235017945,3.4482297145775105,0,0,0,0,0.0,0.0,0.0,0.0,1.0
194.706302,296,736.826814,1.0,0.0,194.70630223860582,194.70630223860582,0.0,0.0,0.0,0.0,0.986834098183882,296,36.97095255424626,0.47942291389071506,2.0,0.44631357730139753,0.0805493605297965,0.08386779677223515,0.0,nan,0,0,0,0,0.0,0.0,0.0,0.0,1.0
57.703948,205,738.744994,0.0,1.0,57.70394803961209,57.70394803961209,0.0,0.0,0.0,1.0,0.548015593734016,205,30.55908622308914,0.7023574486714496,2.0,0.4862060017702056,0.10001023717042877,0.10158526693902364,0.0,nan,0,0,0,0,0.0,0.0,0.0,0.0,1.0
196.918279,296,741.041542,1.0,0.0,196.91827884090233,196.91827884090233,0.0,0.0,0.0,0.0,0.9828504841851776,296,33.34753008288168,0.4043966853966145,1.274574634652612,0.405929818699086,0.09665257866318161,0.09909059510037706,0.0,nan,0,0,0,0,0.0,0.0,0.0,0.0,1.0
21.053903,89,741.722605,0.0,1.0,21.05390313652655,21.05390313652655,0.0,0.0,0.0,1.0,0.21428948489128813,89,24.97186191397311,0.4401389730330662,1.2465406324889665,0.4450950269283873,0.07635225070996231,0.07153033942319034,0.0,nan,0,0,0,0,0.0,0.0,0.0,0.0,1.0
176.443478,295,743.961151,1.0,0.0,176.44347830334053,176.44347830334053,0.0,0.0,0.0,0.0,0.9824273280923039,295,30.94875124803179,0.39985416338451946,0.9967616572561872,0.436550243123103,0.06993571540056649,0.07747648085578013,0.0,nan,0,0,0,0,0.0,0.0,0.0,0.0,1.0
235.175119,296,746.773672,1.0,0.0,235.17511948253934,235.17511948253934,0.0,0.0,0.0,0.0,0.9880411071477323,296,36.643633845730164,0.3191576587137386,0.9902490557002532,0.5065584545074081,0.09893049782997854,0.09312608354800456,0.0,nan,0,0,0,0,0.0,0.0,0.0,0.0,1.0
192.264631,320,749.970526,1.0,0.0,192.26463092353933,192.26463092353933,0.0,0.0,0.0,0.0,0.9850993783266135,320,30.64144031642266,0.40683333987873854,0.9965076425453282,0.4292593781137839,0.14880278669297695,0.14691387563943864,0.0,nan,0,0,0,0,0.0,0.0,0.0,0.0,2.0
83.340822,242,752.832713,0.0,1.0,83.34082188308462,83.34082188308462,1.0,1.0,0.0,0.0,0.39958972897258854,242,37.36107566567562,0.7388934366033459,2.0,0.47912321772334004,0.21963783211944518,0.19946700408439005,0.1584344077729332,0.040574273076829294,0,0,0,0,0.0,0.0,0.0,0.0,2.0
161.170912,451,760.06446,0.0,1.0,161.1709115970029,161.1709115970029,0.0,0.0,0.0,1.0,0.9629682467041791,451,30.712950753631283,0.6109159411810323,2.0,0.38589451169624034,0.13579678469380888,0.13412942696040592,0.0,8.012210820252083,0,0,0,0,0.0,0.0,0.0,0.0,2.0
131.195427,311,764.976034,0.0,1.0,131.19542665771107,131.19542665771107,1.0,1.0,0.0,0.0,0.48845717085582263,311,35.42593541888189,0.678651529548926,2.0,0.39512760836595123,0.1708999126670445,0.1702416334121557,0.06776182040952025,0.8455207127922288,0,0,0,0,0.0,0.0,0.0,0.0,2.0
23.019893,97,766.925153,0.0,1.0,23.01989346724836,23.01989346724836,0.0,0.0,0.0,1.0,0.1148485682829435,97,24.60179731194293,0.4629486744376571,1.2887095345982655,0.42708322405815125,0.1460945335860105,0.16863515696574732,0.0,nan,0,0,0,0,0.0,0.0,0.0,0.0,2.0
262.812604,435,775.41339,0.0,1.0,262.81260383288696,262.81260383288696,0.0,0.0,0.0,1.0,1.0004929713005342,435,39.717560775229146,0.4681732806520503,1.9621694225975483,0.41763654291287233,0.1507750875648411,0.1508558646015737,0.09386608693317543,0.06736563481473527,0,0,0,0,0.0,0.0,0.0,0.0,2.0
40.704879,104,777.230683,0.0,1.0,40.70487907214782,40.70487907214782,1.0,1.0,0.0,0.0,0.1425654322615098,104,28.79958384518725,0.3550055553040507,1.0857032430401696,0.41422790876374793,0.1573098095563742,0.16518802826221174,0.14169826174766995,1.386542024313354,0,0,0,0,0.0,0.0,0.0,0.0,2.0
330.810837,740,788.265367,0.0,1.0,330.81083731537836,330.81083731537836,0.0,0.0,0.0,1.0,1.000998787462461,740,34.16985732556306,0.5759731889403188,2.0,0.449851080432937,0.20505241324772705,0.1954508093563286,0.003945197329688464,2.5399331738650113,0,0,0,0,0.0,0.0,0.0,0.0,2.0
46.28868,155,791.434229,0.0,1.0,46.288680377375336,46.288680377375336,0.0,0.0,0.0,1.0,0.22247276530581309,155,27.884819713930526,0.5328682281091767,1.1997671407188948,0.4548409039455075,0.1169606908675163,0.11684746742248535,0.0,nan,0,0,0,0,0.0,0.0,0.0,0.0,2.0
212.779919,353,796.831292,0.0,1.0,212.77991870659753,212.77991870659753,0.0,0.0,0.0,1.0,0.677090273530725,353,34.63917283676951,0.3395040198922871,2.0,0.4240135368983401,0.1549093122185121,0.1595610072862663,0.03699682389853392,0.9294391823005645,0,0,0,0,0.0,0.0,0.0,0.0,2.0
114.777357,243,800.179744,0.0,1.0,114.7773572858327,114.7773572858327,0.0,0.0,0.0,1.0,0.48259833882455494,243,35.10032980019226,0.4314092524585145,1.7987377607742383,0.4276583004942156,0.132201903150896,0.13867908789787764,0.0,7.609409418456533,0,0,0,0,0.0,0.0,0.0,0.0,1.0
128.224376,202,802.378395,0.0,1.0,128.22437647459228,128.22437647459228,1.0,1.0,0.0,0.0,0.629076688439346,202,36.8395083675122,0.37324446850532345,0.8848134826105412,0.4622601903237329,0.12302757017683275,0.11967648846088069,0.11370921547490113,0.004573812279662351,0,0,0,0,0.0,0.0,0.0,0.0,1.0
250.65862,352,806.317737,1.0,0.0,250.65862007010065,250.65862007010065,0.0,0.0,0.0,0.0,0.9851715033912581,352,34.319101853799715,0.3021381425334737,0.9676899067012485,0.4412731835830279,0.15366971137171442,0.13776608048514885,0.0,nan,0,0,0,0,0.0,0.0,0.0,0.0,1.0
328.51665,443,809.552367,1.0,0.0,328.51665020641894,328.51665020641894,0.0,0.0,0.0,0.0,0.990845308414186,443,37.54601240608356,0.35130536495623976,1.1455505052852488,0.4419129137538424,0.18574066947868123,0.178746323956862,0.0,5.7046777422302375,0,0,0,0,0.0,0.0,0.0,0.0,1.0
28.880499,123,810.694212,0.0,1.0,28.880499229897183,28.880499229897183,0.0,0.0,0.0,1.0,0.23926043157500843,123,26.883859495250512,0.5990896432635059,2.0,0.3878453579254267,0.12415406471345483,0.13251887298211817,0.0,nan,0,0,0,0,0.0,0.0,0.0,0.0,1.0
252.194985,257,813.316146,1.0,0.0,252.1949847329578,252.1949847329578,0.0,0.0,0.0,0.0,0.9858037473071547,257,41.89205638490071,0.2287651994512155,0.9946574091582203,0.45020446261021413,0.1307920579316551,0.12995428705029916,0.0,5.7125855128917875,0,0,0,0,0.0,0.0,0.0,0.0,1.0
275.299905,307,815.653343,1.0,0.0,275.2999045175986,275.2999045175986,0.0,0.0,0.0,0.0,0.9885571703020646,307,39.97884238252971,0.26571290961723965,1.5751059360371933,0.4707973543857907,0.12518533705111823,0.1291964038575511,0.0,nan,0,0,0,0,0.0,0.0,0.0,0.0,1.0
187.859367,283,817.931927,1.0,0.0,187.85936703434382,187.85936703434382,0.0,0.0,0.0,0.0,0.9807129687743209,283,31.792823174418942,0.3104766359179708,1.017206214456363,0.3799665053720609,0.10814429466800218,0.1034356570496576,0.0,nan,0,0,0,0,0.0,0.0,0.0,0.0,1.0
190.712806,247,820.00379,0.0,1.0,190.71280588717997,190.71280588717997,0.0,0.0,0.0,1.0,0.781844079542153,247,38.71480150981172,0.26027924260432,2.0,0.46259702717968326,0.1285864891793564,0.1291169227376158,0.0,nan,0,0,0,0,0.0,0.0,0.0,0.0,1.0
150.845459,299,823.030632,0.0,1.0,150.84545869434774,150.84545869434774,1.0,1.0,0.0,0.0,0.5444637469364831,299,34.13845918655028,0.4474630133588405,1.2508375984963416,0.43197258973002034,0.13648222880219935,0.14855725689476548,0.051183773550020836,1.0354070050692072,0,0,0,0,0.0,0.0,0.0,0.0,1.0
156.403325,249,825.022785,0.0,1.0,156.40332483067337,156.40332483067337,0.0,0.0,0.0,1.0,0.7901366606565267,249,38.468343425799915,0.41131661117688895,2.0,0.41608226643389007,0.18194838939421626,0.16773016385764003,0.005383505563326339,3.6628048989823876,0,0,0,0,0.0,0.0,0.0,0.0,1.0
210.177061,313,827.754858,0.0,1.0,210.17706128656246,210.17706128656246,1.0,1.0,0.0,0.0,0.8926910650776582,313,38.58901142257443,0.33672375653070585,0.9967814993889403,0.43399802419229055,0.11317080164108033,0.11273341018932696,0.0667745579092512,0.8786037790010589,0,0,0,0,0.0,0.0,0.0,0.0,1.0
124.096724,156,829.122103,0.0,1.0,124.09672445570567,124.09672445570567,1.0,1.0,0.0,0.0,0.4687245049415181,156,33.97538541752652,0.09948704677709605,0.8289802459998726,0.4816028577968096,0.1160037800287589,0.11747226806787345,0.10424656506059062,0.5840210928700674,0,0,0,0,0.0,0.0,0.0,0.0,1.0
212.013818,319,832.389638,0.0,1.0,212.01381812533637,212.01381812533637,0.0,0.0,0.0,1.0,0.8656444386457398,319,40.19746424799391,0.3708211232349936,1.180870043313922,0.45338546088823706,0.09184473865084514,0.09722780527365993,0.0,nan,0,0,0,0,0.0,0.0,0.0,0.0,1.0
111.670037,171,833.919073,0.0,1.0,111.6700367295059,111.6700367295059,1.0,1.0,0.0,0.0,0.34454815692862906,171,31.666573769456367,0.18578081065473315,0.9548526341810402,0.46161920363791503,0.18937704751366063,0.1841186515071936,0.09579329912630953,1.0151618472253638,0,0,0,0,0.0,0.0,0.0,0.0,1.0
182.812179,371,837.218303,0.0,1.0,182.81217850242552,182.81217850242552,0.0,0.0,0.0,1.0,0.8004642978473061,371,36.187445182810805,0.4250395372416725,2.0,0.4587358679130392,0.14857931519454382,0.14859564670655284,0.04464008764400707,1.2812243881537102,0,0,0,0,0.0,0.0,0.0,0.0,1.0
228.784694,301,839.892591,0.0,1.0,228.7846937803156,228.7846937803156,1.0,1.0,0.0,0.0,0.8971800996165149,301,42.344190490158454,0.32871981391024346,0.9694806710612771,0.45308550976934625,0.1334084284265968,0.13402687196319682,0.09482432052066124,0.5970102388876214,0,0,0,0,0.0,0.0,0.0,0.0,1.0
207.160707,235,842.568103,1.0,0.0,207.1607067364186,207.1607067364186,0.0,0.0,0.0,0.0,0.9863658134859281,235,35.81182859706461,0.23125252129347762,0.927830172328907,0.5064302109974496,0.10770093887410265,0.10196773904435177,0.0,nan,0,0,0,0,0.0,0.0,0.0,0.0,1.0
179.527184,246,844.721809,0.0,1.0,179.52718423663632,179.52718423663632,0.0,0.0,0.0,1.0,0.8561982513233711,246,37.38666447541598,0.2509323877715886,1.0925511122433045,0.44272051148904046,0.13609341804574177,0.14313897102828918,0.0,nan,0,0,0,0,0.0,0.0,0.0,0.0,1.0
290.27563,386,848.078686,1.0,0.0,290.2756296313776,290.2756296313776,0.0,0.0,0.0,0.0,0.9916216377087088,386,38.362452209434664,0.34749003682792756,0.988986260107635,0.4326235140080279,0.10733434758655766,0.10520311309883632,0.0,5.905374931138529,0,0,0,0,0.0,0.0,0.0,0.0,1.0
139.197355,232,850.613214,0.0,1.0,139.19735520729938,139.19735520729938,0.0,0.0,0.0,1.0,0.7497605240673569,232,31.071892774971474,0.26505997166002593,1.439449945167029,0.41603134126113406,0.0866120660613323,0.08057217351321516,0.0,5.736869215818585,0,0,0,0,0.0,0.0,0.0,0.0,1.0
38.155175,135,851.68445,0.0,1.0,38.155175022687025,38.155175022687025,0.0,0.0,0.0,1.0,0.2423454632628932,135,26.46004860799355,0.612170164915362,2.0,0.439056616662829,0.17102152506510418,0.1634269634882609,0.0,nan,0,0,0,0,0.0,0.0,0.0,0.0,1.0
217.364251,276,853.860454,0.0,1.0,217.364250610003,217.364250610003,0.0,0.0,0.0,1.0,0.6785268148249842,276,40.78394713017209,0.27964109176596696,2.0,0.48045383936361125,0.14752986012161642,0.13718671297681503,0.0,nan,0,0,0,0,0.0,0.0,0.0,0.0,1.0
269.539189,459,857.635715,0.0,1.0,269.5391888257807,269.5391888257807,0.0,0.0,0.0,1.0,1.0020375202794443,459,39.31879104740053,0.48705057239796395,2.0,0.4313446559450206,0.1535209486167675,0.13552396515615625,0.025067122198845496,1.260843065401233,0,0,0,0,0.0,0.0,0.0,0.0,1.0
224.404577,250,860.609258,1.0,0.0,224.40457708895605,224.40457708895605,0.0,0.0,0.0,0.0,0.9828352480445494,250,38.178030282342235,0.235910250420611,0.9587762538727378,0.4438270966410637,0.11021702694892883,0.11354849004745483,0.0,nan,0,0,0,0,0.0,0.0,0.0,0.0,1.0
90.428626,192,862.098328,0.0,1.0,90.4286255610559,90.4286255610559,0.0,0.0,0.0,1.0,0.436599077633179,192,29.568790371233472,0.36773665357791135,1.5359509731326044,0.4288800941624989,0.14517681176463762,0.1442085641125838,0.0,nan,0,0,0,0,0.0,0.0,0.0,0.0,1.0
317.763032,463,865.403847,1.0,0.0,317.76303237916545,317.76303237916545,0.0,0.0,0.0,0.0,0.9918044359782918,463,31.04901012547883,0.2697574473814219,0.9935839979233274,0.4530127508239921,0.21832232367142745,0.19214024451072478,0.019017010388537793,3.2605208163570056,0,0,0,0,0.0,0.0,0.0,0.0,1.0
230.462,414,869.640465,0.0,1.0,230.46200009185452,230.46200009185452,1.0,1.0,0.0,0.0,0.7566247412821127,414,35.783087366332815,0.4563468953838638,2.0,0.4376810707403842,0.166108887264694,0.15714851554465178,0.028910680076151263,0.11600234959240124,0,0,0,0,0.0,0.0,0.0,0.0,1.0
314.65772,392,873.142514,1.0,0.0,314.65772015929707,314.65772015929707,0.0,0.0,0.0,0.0,0.9878132744764626,392,35.901408186818934,0.2802423891508554,1.4558922281740825,0.44591365699485247,0.20917717124126395,0.19081320780880598,0.014966270717115121,1.7781892737281944,0,0,0,0,0.0,0.0,0.0,0.0,2.0
156.866584,290,876.319861,0.0,1.0,156.86658380343465,156.86658380343465,1.0,1.0,0.0,0.0,0.4730352730574356,290,28.73347871923721,0.33187944130977337,1.553560688210772,0.4450219155642493,0.25118838363680346,0.24312403654230053,0.042543821142180326,0.571878698420331,0,0,0,0,0.0,0.0,0.0,0.0,2.0
127.177553,221,879.860109,0.0,1.0,127.17755306965898,127.17755306965898,1.0,1.0,0.0,0.0,0.33011893512081436,221,30.786023870271944,0.2730847641830423,0.8473879661590614,0.48116093811608546,0.2256236610369445,0.22400344011470744,0.08494056917888936,0.6507461550598292,0,0,0,0,0.0,0.0,0.0,0.0,2.0
153.247704,284,885.67837,0.0,1.0,153.24770442516865,153.24770442516865,0.0,0.0,0.0,1.0,0.5061819434136284,284,34.47247956374185,0.3645349028793589,1.3191691712145892,0.46689939498901367,0.13023239080335053,0.12882395655336515,0.0001448422257781517,4.81865878992229,0,0,0,0,0.0,0.0,0.0,0.0,2.0
216.566922,309,890.273128,0.0,1.0,216.5669215055043,216.5669215055043,1.0,1.0,0.0,0.0,0.6758388520359979,309,39.39330494389045,0.3191746696367113,1.0194485196159282,0.47653907916017335,0.21583609635004333,0.20092483380851622,0.07618294092918432,0.7778381234551638,0,0,0,0,0.0,0.0,0.0,0.0,2.0
33.412189,86,891.584265,0.0,1.0,33.4121888038172,33.4121888038172,1.0,1.0,0.0,0.0,0.07939105632685156,86,23.009532644726043,0.19846104497303252,1.082686941660218,0.4613637756123099,0.07894478287807731,0.08313144916711851,0.0,nan,0,0,0,0,0.0,0.0,0.0,0.0,2.0
108.28151,234,894.786165,0.0,1.0,108.28151041510131,108.28151041510131,1.0,1.0,0.0,0.0,0.3959855957464949,234,30.16234761135337,0.39220817967214566,0.9552061606456749,0.5095352364910973,0.17033960421880087,0.14974939160876805,0.038221385850220994,1.8216169267749354,0,0,0,0,0.0,0.0,0.0,0.0,2.0
290.723376,574,905.662148,0.0,1.0,290.72337576386235,290.72337576386235,0.0,0.0,0.0,1.0,0.8489807506655442,574,31.515329212584675,0.3871495079943956,2.0,0.4669431991394908,0.27710285408986984,0.2562773483140128,0.007043458337388423,0.940232117574686,0,0,0,0,0.0,0.0,0.0,0.0,2.0
125.156931,287,908.866604,0.0,1.0,125.15693123475222,125.15693123475222,0.0,0.0,0.0,1.0,0.5433814626682856,287,34.41259200035695,0.6322733054142005,2.0,0.4596561042118156,0.19064594581982816,0.17891711204309496,0.07908436813249263,0.6172270883759752,0,0,0,0,0.0,0.0,0.0,0.0,1.0
311.733957,380,912.601029,1.0,0.0,311.73395738559714,311.73395738559714,0.0,0.0,0.0,0.0,0.9893578347541047,380,35.15077494060897,0.23821830684114326,1.62701514125177,0.4817477662508425,0.2517664449779611,0.2229619650464309,0.031207300426653563,0.310954482116477,0,0,0,0,0.0,0.0,0.0,0.0,1.0
90.185036,156,913.674766,0.0,1.0,90.18503609462785,90.18503609462785,0.0,0.0,0.0,1.0,0.29684595885020265,156,31.53223879621569,0.2728411324456487,1.7602692728070055,0.4606571989133954,0.15071173891043052,0.13565487204453883,0.0,5.900874542007775,0,0,0,0,0.0,0.0,0.0,0.0,1.0
260.238878,360,917.182118,1.0,0.0,260.23887820041966,260.23887820041966,0.0,0.0,0.0,0.0,0.9899554658251435,360,38.8890357830186,0.36382914455706783,0.9899576729743341,0.4734280899167061,0.16156379216247135,0.15950397418604956,0.0,12.679600263660447,0,0,0,0,0.0,0.0,0.0,0.0,1.0
219.284101,292,919.650476,1.0,0.0,219.2841011932992,219.2841011932992,0.0,0.0,0.0,0.0,0.9842486055305448,292,33.7386355609309,0.2742516594034831,0.9996628329356457,0.4270235063916404,0.1158726452148124,0.11913418769836426,0.0,nan,0,0,0,0,0.0,0.0,0.0,0.0,1.0
236.576091,331,923.470926,0.0,1.0,236.57609106635127,236.57609106635127,1.0,1.0,0.0,0.0,0.9398818301486502,331,40.79132175095267,0.3592215764087559,1.079079349881843,0.4460755885997928,0.1774302929909928,0.1594731501582166,0.02586581653404019,1.5820480786931204,0,0,0,0,0.0,0.0,0.0,0.0,1.0
207.977784,357,926.26537,1.0,0.0,207.97778396488042,207.97778396488042,0.0,0.0,0.0,0.0,0.9784576351409531,357,27.635175742920357,0.3363346671821281,1.9301419081230187,0.41480838972814277,0.1932663304799077,0.1774875446527946,0.0,nan,0,0,0,0,0.0,0.0,0.0,0.0,1.0
247.777008,388,929.303402,0.0,1.0,247.7770079544025,247.7770079544025,1.0,1.0,0.0,0.0,0.8419712114536434,388,33.95709566901824,0.28133312757224777,1.2002482457379318,0.4828984612771838,0.2164896448555681,0.2281903117587886,0.03566485446268209,0.9405592954235094,0,0,0,0,0.0,0.0,0.0,0.0,1.0
330.831077,375,933.072426,1.0,0.0,330.83107692446316,330.83107692446316,0.0,0.0,0.0,0.0,0.9890223378686837,375,37.361948966227054,0.22811970086649394,0.598849861943054,0.44374750671784086,0.2161064190864563,0.1966300293604533,0.005201196764500856,3.3167606192929084,0,0,0,0,0.0,0.0,0.0,0.0,1.0
140.489795,174,934.492818,0.0,1.0,140.48979528532482,140.48979528532482,0.0,0.0,0.0,1.0,0.5930544573672764,174,36.968617178821276,0.17132103515683833,2.0,0.43085404080820494,0.1830293001799748,0.18000779138214287,0.0,nan,0,0,0,0,0.0,0.0,0.0,0.0,1.0
273.082486,428,938.524976,1.0,0.0,273.08248569632855,273.08248569632855,0.0,0.0,0.0,0.0,0.9891323237551133,428,32.8219857650812,0.32167634221567415,1.0622123958955232,0.44781469941905166,0.18801497187569877,0.1817019035883039,0.0,nan,0,0,0,0,0.0,0.0,0.0,0.0,1.0
302.184025,405,942.32324,1.0,0.0,302.1840249026824,302.1840249026824,0.0,0.0,0.0,0.0,0.9889655580898999,405,31.87107711585665,0.23460499434444537,0.9605881410018521,0.42344238537329215,0.16178832525088463,0.15459488409536856,0.0,nan,0,0,0,0,0.0,0.0,0.0,0.0,1.0
213.00447,289,944.383356,1.0,0.0,213.00447027139924,213.00447027139924,0.0,0.0,0.0,0.0,0.9849528449471557,289,31.705242160805014,0.25719108534857116,0.8969089744847579,0.4092899176024648,0.19652076802864207,0.19234497571898992,0.0,nan,0,0,0,0,0.0,0.0,0.0,0.0,1.0
222.826328,306,946.93708,1.0,0.0,222.82632823249196,222.82632823249196,0.0,0.0,0.0,0.0,0.9813319711397923,306,30.341789309908897,0.24616029515441679,1.0162012139516299,0.41282397217659,0.18178352187661564,0.18229789009281233,0.0,nan,0,0,0,0,0.0,0.0,0.0,0.0,1.0
127.6135,288,950.692118,0.0,1.0,127.6134998890511,127.6134998890511,0.0,0.0,0.0,1.0,0.5497857882366565,288,27.096513368954156,0.5110431441679485,2.0,0.4127764099199946,0.20881528283158937,0.20583566195434994,0.0,nan,0,0,0,0,0.0,0.0,0.0,0.0,2.0
237.278925,392,956.000548,0.0,1.0,237.27892483467645,237.27892483467645,1.0,1.0,0.0,0.0,0.7105574684969717,392,34.517957084646376,0.33787798660964935,1.7114778075775448,0.42053602035252413,0.22412431787471382,0.1994847320780462,0.0366778848322526,1.3330788980909252,0,0,0,0,0.0,0.0,0.0,0.0,2.0
227.041668,342,960.359485,0.0,1.0,227.04166805601162,227.04166805601162,1.0,1.0,0.0,0.0,0.7388254177348417,342,35.6520991539184,0.31040375060909114,1.3562924914551457,0.44128227268743236,0.26646871681798967,0.22845083492541174,0.05422363663745417,0.46517249773752567,0,0,0,0,0.0,0.0,0.0,0.0,2.0
101.246144,200,964.232412,0.0,1.0,101.24614381122636,101.24614381122636,1.0,1.0,0.0,0.0,0.21773565698391806,200,25.22630399550574,0.22909831109072873,0.9796802890571463,0.42260851319879295,0.2660547852516174,0.2795483320951462,0.10269752436039965,1.7234251161296388,0,0,0,0,0.0,0.0,0.0,0.0,2.0
180.115091,434,970.902287,0.0,1.0,180.115090719297,180.115090719297,0.0,0.0,0.0,1.0,0.8142313508544392,434,32.63776978850368,0.6347964056105974,2.0,0.39810101269027603,0.24461639064797608,0.22552182103082333,0.0217624344494047,2.2391181179820885,0,0,0,0,0.0,0.0,0.0,0.0,2.0
143.962862,343,975.405841,0.0,1.0,143.96286153899334,143.96286153899334,1.0,1.0,0.0,0.0,0.5199596838577993,343,29.54149573934312,0.4029324685686527,1.3631069892374936,0.436140803017439,0.20340857283367011,0.19912390597707677,0.03990447252886109,1.2878529660200106,0,0,0,0,0.0,0.0,0.0,0.0,2.0
25.607968,125,977.032981,0.0,1.0,25.60796802056654,25.60796802056654,0.0,0.0,0.0,1.0,0.10499371679062448,125,19.296823914416912,0.41512692018750874,1.5426444631840726,0.3915420229434967,0.2672494821548462,0.2521839361190796,0.01924413372372983,1.6106969509191784,0,0,0,0,0.0,0.0,0.0,0.0,2.0
377.113487,672,987.269432,0.0,1.0,377.1134872109843,377.1134872109843,1.0,1.0,0.0,0.0,0.775433323021482,672,29.63442783861754,0.34044907703170335,1.1127937483336328,0.44324624713876154,0.33745433877976166,0.3134149272172224,0.030724933370052474,0.6867194710213256,0,0,0,0,0.0,0.0,0.0,0.0,2.0
426.715907,573,996.087959,1.0,0.0,426.7159068403882,426.7159068403882,0.0,0.0,0.0,0.0,0.9913883026196771,573,32.626922012418454,0.2332453175260938,0.8382104522004653,0.40704674449266565,0.2749487635976981,0.24924367780668782,0.00575808668244907,2.2548432193442074,0,0,0,0,0.0,0.0,0.0,0.0,2.0
332.620198,528,1003.431139,1.0,0.0,332.62019788776604,332.62019788776604,0.0,0.0,0.0,0.0,0.9857268412257302,528,31.685695720387457,0.35433238463967487,1.3453544743489794,0.4009047069191707,0.29916460721781757,0.2533001974225044,0.004048140833794149,2.8203765385054504,0,0,0,0,0.0,0.0,0.0,0.0,2.0
293.467081,478,1010.252868,1.0,0.0,293.4670814661009,293.4670814661009,0.0,0.0,0.0,0.0,0.9872465345700864,478,29.862232681175932,0.3340208419173459,0.9647124843158699,0.4222681282329759,0.2586608979243115,0.2382896500152524,0.0,6.450876203007793,0,0,0,0,0.0,0.0,0.0,0.0,2.0
224.072344,325,1014.750414,0.0,1.0,224.07234407934988,224.07234407934988,1.0,1.0,0.0,0.0,0.5943744071487194,325,37.98786510390426,0.3347110232113441,1.1113230490886934,0.4137182268729577,0.19503079652786254,0.17675306907066932,0.08370530820832191,0.15329741337308425,0,0,0,0,0.0,0.0,0.0,0.0,2.0
361.368239,555,1022.715879,1.0,0.0,361.368238655619,361.368238655619,0.0,0.0,0.0,0.0,0.989794927395826,555,28.519699411499012,0.24968586454200437,0.8902387162201703,0.42605635980228046,0.2994646470825951,0.28677254474914826,0.011336185571560143,1.521197556046656,0,0,0,0,0.0,0.0,0.0,0.0,2.0
471.006272,778,1032.20274,1.0,0.0,471.00627213055685,471.00627213055685,0.0,0.0,0.0,0.0,0.992848934710578,778,29.394337794789564,0.30044135385509363,1.5787940711321347,0.4168757760040175,0.29918059760316784,0.26206120044222836,0.0,7.265470357372823,0,0,0,0,0.0,0.0,0.0,0.0,2.0
315.70013,496,1040.064362,1.0,0.0,315.7001295402892,315.7001295402892,0.0,0.0,0.0,0.0,0.9903621891450088,496,34.85333963356694,0.38219873808743526,0.9999698291412216,0.4251222728391088,0.2833818202057192,0.2557736914004049,0.01546927261923975,2.2196967103245058,0,0,0,0,0.0,0.0,0.0,0.0,2.0
206.013403,468,1046.136081,0.0,1.0,206.01340328499896,206.01340328499896,1.0,1.0,0.0,0.0,0.7124692604649335,468,30.037452418407884,0.3802334585694826,0.9915370854093144,0.4338797625138337,0.27191064411248916,0.2479715151155097,0.024858537998612883,0.40343177947163084,0,0,0,0,0.0,0.0,0.0,0.0,2.0
302.330142,474,1054.338286,0.0,1.0,302.33014194056335,302.33014194056335,1.0,1.0,0.0,0.0,0.7196099399453069,474,34.68468122406987,0.33257527626995165,0.9693817011822453,0.4252138927516052,0.24172018122572436,0.21072499963301647,0.03582180541210199,1.269228430846644,0,0,0,0,0.0,0.0,0.0,0.0,2.0
354.993494,628,1061.823005,1.0,0.0,354.9934938070191,354.9934938070191,0.0,0.0,0.0,0.0,0.9908117090211985,628,31.551101820400646,0.41849501363140434,1.1134688007723716,0.42702924597794845,0.29373089228845706,0.2701780817880752,0.02104217625610023,0.9101649531836696,0,0,0,0,0.0,0.0,0.0,0.0,2.0
151.257683,333,1066.594138,0.0,1.0,151.25768309961117,151.25768309961117,0.0,0.0,0.0,1.0,0.3210300637171561,333,25.95500534280738,0.34643359325020284,2.0,0.42369491287000904,0.21934963740386046,0.2030914073233848,0.005680476552572291,3.101176455030883,0,0,0,0,0.0,0.0,0.0,0.0,2.0
424.572015,700,1074.763367,1.0,0.0,424.57201501091,424.57201501091,0.0,0.0,0.0,0.0,0.9905818034244096,700,27.158855238637084,0.2647712036184395,1.0302091005453426,0.4063026273144143,0.2872991296223232,0.2748407663617815,0.01000325572312318,1.6002340233156866,0,0,0,0,0.0,0.0,0.0,0.0,2.0
189.852927,321,1081.273073,0.0,1.0,189.85292690356462,189.85292690356462,1.0,1.0,0.0,0.0,0.35880834680266743,321,29.60840347548847,0.22651377527021724,0.9996043591825791,0.4603085964221821,0.31766277421672023,0.2792443575517411,0.0357863948872347,0.09965185903946606,0,0,0,0,0.0,0.0,0.0,0.0,2.0
312.161188,603,1088.48516,0.0,1.0,312.1611877889433,312.1611877889433,1.0,1.0,0.0,0.0,0.8973688938781155,603,27.510368347197097,0.40263855166962775,1.654160821467254,0.43041803491043906,0.3099990651184449,0.2724507347268252,0.052450170418280734,0.3562487815692709,0,0,0,0,0.0,0.0,0.0,0.0,2.0
489.307372,820,1099.666805,1.0,0.0,489.30737212918,489.30737212918,0.0,0.0,0.0,0.0,0.9932231186973908,820,28.51950251608972,0.276280824754576,1.253656868579911,0.43762502946504733,0.2898595066332236,0.26564212056194864,0.004755303236519398,3.7399982147876494,0,0,0,0,0.0,0.0,0.0,0.0,2.0
139.619205,265,1103.809403,0.0,1.0,139.61920483993867,139.61920483993867,0.0,0.0,0.0,1.0,0.452807231440379,265,30.9942885973102,0.3692310571067697,2.0,0.3781945578332217,0.20085928282647764,0.19117449477033796,0.0022692167587171643,3.7200616197957106,0,0,0,0,0.0,0.0,0.0,0.0,2.0
294.119047,488,1110.825611,0.0,1.0,294.11904705556856,294.11904705556856,1.0,1.0,0.0,0.0,0.7798828482838238,488,27.862664261409314,0.2029932090764001,0.9767496245646733,0.4413528555820956,0.33962715178972386,0.29971654236805245,0.03432597133777163,0.9916347582354317,0,0,0,0,0.0,0.0,0.0,0.0,2.0
210.533421,388,1115.615617,0.0,1.0,210.53342073765518,210.53342073765518,1.0,1.0,0.0,0.0,0.6804445524786052,388,30.355093950615917,0.3508330829710029,1.2340395719950858,0.3779164050494503,0.28607991260966076,0.23593052207809134,0.05669203666202131,1.064594034482781,0,0,0,0,0.0,0.0,0.0,0.0,2.0
286.219988,590,1125.584532,0.0,1.0,286.2199883592925,286.2199883592925,1.0,1.0,0.0,0.0,0.8013125683450952,590,29.37457581112464,0.3393228655277494,1.0510487881907173,0.4228041972965002,0.33400789600307657,0.2894001552614115,0.01250651136944951,2.0280805520615734,0,0,0,0,0.0,0.0,0.0,0.0,2.0
107.431131,246,1129.196784,0.0,1.0,107.43113078727232,107.43113078727232,0.0,0.0,0.0,1.0,0.3073102186458696,246,31.740086563467738,0.4187546972465337,1.0404319028340003,0.4537608202516548,0.20648716886838278,0.19904565205418967,0.020412337813500603,2.899887947231726,0,0,0,0,0.0,0.0,0.0,0.0,2.0
215.211456,353,1134.67021,0.0,1.0,215.21145559899088,215.21145559899088,1.0,1.0,0.0,0.0,0.636745800597758,353,31.449879188982244,0.27666223663463096,0.6742471912372213,0.41971599271589566,0.25076068131511675,0.20164549114346167,0.0363264592654771,1.5914603140416559,0,0,0,0,0.0,0.0,0.0,0.0,2.0
97.490803,170,1136.861025,0.0,1.0,97.49080329579519,97.49080329579519,1.0,1.0,0.0,0.0,0.25579424879266555,170,31.041694618040818,0.2512612802772565,0.795614579409782,0.4320503781823551,0.21116520411827985,0.19873664554427653,0.07828167297248595,1.8703835685813108,0,0,0,0,0.0,0.0,0.0,0.0,2.0
71.610649,106,1139.873859,0.0,1.0,71.6106491862648,71.6106491862648,1.0,1.0,0.0,0.0,0.21755700859732968,106,31.53468104659396,0.11148253341438195,0.6481823681797652,0.3758917351446624,0.21046379658411135,0.20456657657083474,0.14466251286836812,1.116914817068269,0,0,0,0,0.0,0.0,0.0,0.0,2.0
365.089923,727,1149.126998,1.0,0.0,365.08992257609884,365.08992257609884,0.0,0.0,0.0,0.0,0.9916758179720813,727,30.43340997477581,0.4193579256129602,1.63224017359688,0.43229852823804465,0.27031901241004713,0.24978769046896263,0.017120103303228697,1.7799499036724433,0,0,0,0,0.0,0.0,0.0,0.0,2.0
405.122961,639,1157.451927,0.0,1.0,405.1229612148474,405.1229612148474,1.0,1.0,0.0,0.0,0.8036815500145758,639,31.839847016649678,0.29595689494977884,1.1184186407889327,0.402011398680753,0.31077369138108735,0.27223542850342153,0.02675802472970895,0.6245326706489526,0,0,0,0,0.0,0.0,0.0,0.0,2.0
295.430222,545,1164.070745,0.0,1.0,295.43022173122563,295.43022173122563,1.0,1.0,0.0,0.0,0.6839616190881374,545,28.643754858116402,0.3272871088021876,1.659655510545904,0.37582196227590975,0.3566822780381649,0.3102265992295851,0.0695600623568143,0.7590292398577532,0,0,0,0,0.0,0.0,0.0,0.0,2.0
187.613062,316,1170.190701,0.0,1.0,187.6130623565177,187.6130623565177,1.0,1.0,0.0,0.0,0.5332523723821855,316,33.231539748493766,0.3280171270249626,0.984282786776378,0.4235591667385984,0.2862240418414526,0.23820534008967725,0.04212028480681567,0.78123417756685,0,0,0,0,0.0,0.0,0.0,0.0,3.0
130.808543,208,1173.230631,0.0,1.0,130.80854284347123,130.80854284347123,0.0,0.0,0.0,1.0,0.32299159453386833,208,35.248732695276544,0.3291414349619941,1.9059305253344783,0.4237029480461318,0.2233947177345936,0.20443940162658691,0.0,nan,0,0,0,0,0.0,0.0,0.0,0.0,3.0
292.327421,534,1184.752151,0.0,1.0,292.3274208659433,292.3274208659433,1.0,1.0,0.0,0.0,0.6939119470535392,534,28.976519727996426,0.3086371096763002,0.9531703981094105,0.4302422312063894,0.33699020386188666,0.28642400462975665,0.0433909422406624,0.8535931235053362,0,0,0,0,0.0,0.0,0.0,0.0,3.0
213.759717,438,1193.141814,0.0,1.0,213.75971658792383,213.75971658792383,0.0,0.0,0.0,1.0,0.5535163793154744,438,26.07947769727306,0.2969311353077019,1.0422640199442827,0.4040870410666618,0.3325446617521652,0.3009930116945206,0.028649056726205747,1.7775869418684713,0,0,0,0,0.0,0.0,0.0,0.0,3.0
44.091847,103,1195.13087,0.0,1.0,44.09184660700823,44.09184660700823,1.0,1.0,0.0,0.0,0.09173140883027844,103,22.934184136930394,0.1690764236025333,0.9776673453813722,0.46679261153184093,0.19560818533295565,0.20023529043475402,0.026073882180563238,0.46732714621042504,0,0,0,0,0.0,0.0,0.0,0.0,3.0
390.899329,887,1213.761521,0.0,1.0,390.89932873334953,390.89932873334953,1.0,1.0,0.0,0.0,0.7643725588443485,887,25.715585778581676,0.37691839406713074,1.4941211078146055,0.41893430413907184,0.3798273856569976,0.33925043380784614,0.09262135484292613,0.014644057568572507,0,0,0,0,0.0,0.0,0.0,0.0,3.0
221.274747,482,1222.232589,0.0,1.0,221.27474694160537,221.27474694160537,1.0,1.0,0.0,0.0,0.589908403460518,482,28.056199717130728,0.36766837555522497,1.3563426233165028,0.4106489760430213,0.33360800041944655,0.3013499167697558,0.05634387559591331,0.42937674687344723,0,0,0,0,0.0,0.0,0.0,0.0,3.0
71.257057,132,1224.211823,0.0,1.0,71.25705694651134,71.25705694651134,1.0,1.0,0.0,0.0,0.15728005950416915,132,29.37924790403029,0.24326545915886477,0.7122119540656398,0.43634389335233154,0.19447135202812427,0.210324382240122,0.04891483320668047,2.5810603515177597,0,0,0,0,0.0,0.0,0.0,0.0,3.0
259.826536,526,1235.281643,0.0,1.0,259.82653595446243,259.82653595446243,1.0,1.0,0.0,0.0,0.5868253491683801,526,27.75261348459781,0.31553146650579095,1.029132572586776,0.3979108258904783,0.3095690949108211,0.29489889706948863,0.01709292646473751,1.0056017746936659,0,0,0,0,0.0,0.0,0.0,0.0,3.0
197.735846,331,1241.44901,0.0,1.0,197.7358463089169,197.7358463089169,1.0,1.0,0.0,0.0,0.3998056160623794,331,30.798369652322283,0.2753013735293071,0.9713193913451739,0.40378924272954464,0.3231954915826054,0.2855218160908748,0.051641543832002194,1.7543204092893179,0,0,0,0,0.0,0.0,0.0,0.0,3.0
201.039261,368,1248.706247,0.0,1.0,201.03926096274924,201.03926096274924,1.0,1.0,0.0,0.0,0.43589881932132923,368,27.622602911826785,0.2733422816608198,0.8891671476611429,0.4002789971013756,0.3354346128585546,0.2825642161719177,0.010169902884370734,0.26139842683376274,0,0,0,0,0.0,0.0,0.0,0.0,3.0
364.197911,745,1264.203527,0.0,1.0,364.1979105545425,364.1979105545425,1.0,1.0,0.0,0.0,0.7398439029128662,745,26.480978666428424,0.34829091719806166,0.9368518010698276,0.4065468246554768,0.38419250661894777,0.33736910756002336,0.053748067528490526,0.3128213627200328,0,0,0,0,0.0,0.0,0.0,0.0,3.0
251.737588,597,1274.660871,0.0,1.0,251.73758798717472,251.73758798717472,1.0,1.0,0.0,0.0,0.4117890365287383,597,21.679344610784753,0.3025571433448034,0.9957097135372963,0.4074741230101342,0.4074091210936382,0.3618684406056875,0.04557312995819234,1.43618120957695,0,0,0,0,0.0,0.0,0.0,0.0,2.0
89.119581,148,1277.028464,0.0,1.0,89.1195811552136,89.1195811552136,1.0,1.0,0.0,0.0,0.24053145293669623,148,31.766778444826773,0.23592881581872485,0.9200282000843916,0.40884338329369957,0.14012171811348684,0.1471784066509556,0.08916184078289285,1.2110671308969705,0,0,0,0,0.0,0.0,0.0,0.0,2.0
351.328226,539,1285.967388,0.0,1.0,351.328226146196,351.328226146196,0.0,0.0,0.0,1.0,0.7721755642354796,539,33.295722089253374,0.32114395451711814,1.7602820492449327,0.38915827866913216,0.31638700781815127,0.28815612865954027,0.015204485471429188,3.0348082453501544,0,0,0,0,0.0,0.0,0.0,0.0,2.0
94.668898,213,1288.579095,0.0,1.0,94.66889822180768,94.66889822180768,0.0,0.0,0.0,1.0,0.3487165409070258,213,33.567096076629625,0.4422815374237603,2.0,0.37650443788425464,0.20399005340298576,0.1860384079212314,0.0,6.553240576943052,0,0,0,0,0.0,0.0,0.0,0.0,2.0
169.124427,237,1292.071611,0.0,1.0,169.1244274121617,169.1244274121617,1.0,1.0,0.0,0.0,0.4267069714253047,237,38.90233273434768,0.30483637469422437,0.9913117367039168,0.4140994393184215,0.2858994525193162,0.24998074719674476,0.07689742268330607,0.5029720185279174,0,0,0,0,0.0,0.0,0.0,0.0,2.0
207.99075,335,1297.155138,0.0,1.0,207.99075026280246,207.99075026280246,0.0,0.0,0.0,1.0,0.9011307841748614,335,33.0603547475909,0.3024697850539362,2.0,0.3985494278482537,0.2691524720903653,0.2671740466089391,0.0,nan,0,0,0,0,0.0,0.0,0.0,0.0,2.0
417.221905,716,1308.135679,1.0,0.0,417.22190450179914,417.22190450179914,0.0,0.0,0.0,0.0,0.9921905350884228,716,30.163493019907122,0.3749098453105792,1.3009808476297768,0.4093679460025699,0.3186393077563307,0.2869603947720714,0.013268249211379453,2.279844564076629,0,0,0,0,0.0,0.0,0.0,0.0,2.0
97.529579,158,1310.382696,0.0,1.0,97.52957941535225,97.52957941535225,1.0,1.0,0.0,0.0,0.24980193440196977,158,35.05247710558506,0.33428197931440323,0.9649349338280602,0.41868470965212656,0.17596518691582017,0.15440347224851197,0.13496170549048964,0.7911821349666635,0,0,0,0,0.0,0.0,0.0,0.0,2.0
450.572087,652,1320.361267,1.0,0.0,450.57208694699256,450.57208694699256,0.0,0.0,0.0,0.0,0.992225690585866,652,31.384710037537314,0.277253172421442,0.9840505679012523,0.4337385231343332,0.32197614864337665,0.2866755629792535,0.00271192976667452,3.213504485621949,0,0,0,0,0.0,0.0,0.0,0.0,2.0
301.492132,680,1330.21512,0.0,1.0,301.4921320522344,301.4921320522344,0.0,0.0,0.0,1.0,0.6327566770776863,680,20.929371101148497,0.24321940780400778,1.6740014774471368,0.4075654595063123,0.4549690275069545,0.39279087115736566,0.02978002807942567,2.0014031889480175,0,0,0,0,0.0,0.0,0.0,0.0,2.0
201.696442,345,1334.57236,0.0,1.0,201.69644200650197,201.69644200650197,1.0,1.0,0.0,0.0,0.44479866943910584,345,26.70455492461824,0.20595536446470594,0.6856308600728577,0.43382522656001904,0.38439363249834035,0.33681967794031337,0.07917334690162689,0.6382670914861576,0,0,0,0,0.0,0.0,0.0,0.0,2.0
92.099942,193,1337.646602,0.0,1.0,92.09994236917203,92.09994236917203,0.0,0.0,0.0,1.0,0.31830602722889545,193,29.17622069268561,0.3210078458128619,1.8120548128759226,0.4120570716539813,0.2599264929949311,0.21487312798673008,0.0,8.301338245527699,0,0,0,0,0.0,0.0,0.0,0.0,2.0
526.004467,970,1352.297493,1.0,0.0,526.0044671253704,526.0044671253704,0.0,0.0,0.0,0.0,0.9942100971646207,970,26.557587891397212,0.30063754932399495,1.068187844288483,0.38726626545114,0.3735233118546378,0.3319486709599642,0.011481407273236722,1.3725565344819413,0,0,0,0,0.0,0.0,0.0,0.0,2.0
64.601904,153,1354.361533,0.0,1.0,64.60190372362041,64.60190372362041,0.0,0.0,0.0,1.0,0.22453918146603338,153,28.751817089120017,0.3635866190850911,1.9580665227969518,0.4074235626441591,0.2687997825784621,0.2697710316944746,0.0,nan,0,0,0,0,0.0,0.0,0.0,0.0,2.0
349.737763,577,1362.93505,1.0,0.0,349.73776333425167,349.73776333425167,0.0,0.0,0.0,0.0,0.9908614597218303,577,29.14058481427626,0.30937058160799535,1.5258434434441583,0.41736065915283754,0.3452101930123681,0.3226186456465432,0.07567971771236204,0.056431707405314654,0,0,0,0,0.0,0.0,0.0,0.0,2.0
108.982475,224,1365.769984,0.0,1.0,108.98247534092408,108.98247534092408,1.0,1.0,0.0,0.0,0.34614091289145016,224,27.95506449009116,0.30606716857031835,0.9061023510279828,0.3834902978435691,0.2929937621312482,0.2598702742585114,0.0,5.7106023524626,0,0,0,0,0.0,0.0,0.0,0.0,2.0
111.104502,206,1368.650362,0.0,1.0,111.10450158372163,111.10450158372163,1.0,1.0,0.0,0.0,0.3122290379551334,206,27.503643117158827,0.2354766605376975,0.9505243953222966,0.4199686234509482,0.2621481994402061,0.25196675420964804,0.07026942150839711,0.8817661448287819,0,0,0,0,0.0,0.0,0.0,0.0,2.0
225.335852,483,1377.099537,0.0,1.0,225.3358515426523,225.3358515426523,0.0,0.0,0.0,1.0,0.5154592951474695,483,34.38086243129122,0.609986862896735,2.0,0.3785807808425362,0.299466640991207,0.27832549045298166,0.07743840125137492,0.053695619743612144,0,0,0,0,0.0,0.0,0.0,0.0,2.0
86.379974,171,1379.224396,0.0,1.0,86.37997398577599,86.37997398577599,1.0,1.0,0.0,0.0,0.2879776706834839,171,30.763327817570335,0.32002651569831453,1.105204489593159,0.3816087603656172,0.20503447209185327,0.20092935938584178,0.010742492372518252,0.363297510942317,0,0,0,0,0.0,0.0,0.0,0.0,2.0
254.928279,389,1385.041176,0.0,1.0,254.92827924000397,254.92827924000397,0.0,0.0,0.0,1.0,0.5393774302837979,389,30.88739227034864,0.2269930304299787,1.0672553373267373,0.415414375126132,0.3266226720534131,0.30668736576727545,0.004114937688654099,3.037052291417844,0,0,0,0,0.0,0.0,0.0,0.0,2.0
186.128125,307,1389.203999,0.0,1.0,186.12812533170086,186.12812533170086,1.0,1.0,0.0,0.0,0.4775718852671191,307,30.31791894619862,0.24970329792956075,0.9759189789682733,0.3987734933726562,0.3209362934777325,0.28744226985334964,0.03725998298683978,2.3996097918053487,0,0,0,0,0.0,0.0,0.0,0.0,2.0
214.99303,347,1394.811641,0.0,1.0,214.99303026323884,214.99303026323884,1.0,1.0,0.0,0.0,0.7432647446505964,347,31.794596755349243,0.281405360445471,0.9763362324905823,0.3889421972872888,0.3689388756449697,0.3084658604190398,0.03687615838954402,0.28226818302774775,0,0,0,0,0.0,0.0,0.0,0.0,2.0
185.097905,325,1400.107949,0.0,1.0,185.0979053988764,185.0979053988764,1.0,1.0,0.0,0.0,0.5505130055908982,325,28.641043224957293,0.23581916986575094,0.9539274858493574,0.3762429116666317,0.36892660746207606,0.28950248644902155,0.006330199691519781,2.090277925993375,0,0,0,0,0.0,0.0,0.0,0.0,2.0
446.912141,653,1409.135008,1.0,0.0,446.9121414779708,446.9121414779708,0.0,0.0,0.0,0.0,0.9909824573582651,653,30.663330590658592,0.2491738282223989,1.101873307358449,0.3917024937011929,0.35788289369704346,0.3242993852263388,4.2630862084424345e-05,4.911503088005858,0,0,0,0,0.0,0.0,0.0,0.0,2.0
223.576992,342,1412.737979,0.0,1.0,223.57699243574865,223.57699243574865,1.0,1.0,0.0,0.0,0.6243388825068201,342,31.25025181804555,0.254701033715574,1.315459995236155,0.3945364736085921,0.3620676917639392,0.3100041361928683,0.003842996503968442,2.3384336431266957,0,0,0,0,0.0,0.0,0.0,0.0,2.0
551.542934,872,1426.039669,1.0,0.0,551.5429336750376,551.5429336750376,0.0,0.0,0.0,0.0,0.9934117584091485,872,30.942313243666664,0.3337122615971799,1.7260766775159038,0.3728790549228156,0.34983741656082484,0.33657982043170054,0.04614420519844936,0.1107892828283974,0,0,0,0,0.0,0.0,0.0,0.0,2.0
508.237191,710,1435.901656,1.0,0.0,508.2371913488638,508.2371913488638,0.0,0.0,0.0,0.0,0.9923324435416518,710,29.98122001698873,0.2029595373248885,0.8197051075122528,0.3693121486986187,0.3828751272718671,0.33961754550396556,0.008331611687703628,3.6618824535382988,0,0,0,0,0.0,0.0,0.0,0.0,2.0
279.627451,457,1441.766251,0.0,1.0,279.6274511222101,279.6274511222101,1.0,1.0,0.0,0.0,0.679536198544643,457,33.994117052411156,0.36105823775600515,1.8386476006748795,0.3969416215738661,0.2990707766175009,0.2798642041385826,0.001566149290160251,3.849038454834231,0,0,0,0,0.0,0.0,0.0,0.0,3.0
100.416679,193,1444.894296,0.0,1.0,100.41667913622571,100.41667913622571,0.0,0.0,0.0,1.0,0.21790131761758758,193,26.83900185553868,0.25410172991195495,2.0,0.40469660374475885,0.25550813749046525,0.2490485165403297,0.07808550043762763,0.4110773953216037,0,0,0,0,0.0,0.0,0.0,0.0,3.0
508.429111,996,1464.436907,1.0,0.0,508.42911092540106,508.42911092540106,0.0,0.0,0.0,0.0,0.9942414470159867,996,25.51012139434745,0.3330738489509437,0.9915913193904878,0.3883957841889895,0.33726574722901886,0.31000423682741374,0.039882001785348814,0.8223263529732291,0,0,0,0,0.0,0.0,0.0,0.0,3.0
78.405424,170,1467.79265,0.0,1.0,78.40542358465383,78.40542358465383,1.0,1.0,0.0,0.0,0.31694528927144433,170,30.775262105808885,0.3997244463972071,0.9935456802861036,0.38175465197247616,0.26446601152420046,0.23989449774517732,0.0,7.240426812472688,0,0,0,0,0.0,0.0,0.0,0.0,3.0
269.017531,388,1474.547525,0.0,1.0,269.0175307747269,269.0175307747269,0.0,0.0,0.0,1.0,0.5971135498614639,388,33.89817008699602,0.25122076937535404,1.0834801128312495,0.35384939883633987,0.35184654608829735,0.30890667715023473,0.0,5.234616854994068,0,0,0,0,0.0,0.0,0.0,0.0,3.0
375.693424,853,1490.23204,0.0,1.0,375.6934242301957,375.6934242301957,1.0,1.0,0.0,0.0,0.7430390613400519,853,21.374017662326583,0.2263462514603848,1.0111190126902139,0.3771493657025894,0.4078848831713689,0.33993747694131776,0.04831732908336478,1.0786519401035517,0,0,0,0,0.0,0.0,0.0,0.0,3.0
253.28993,403,1498.094817,0.0,1.0,253.2899298718513,253.2899298718513,0.0,0.0,0.0,1.0,0.5004595553507021,403,31.126008242321205,0.26870465558901235,1.0902730384918118,0.3477209929386085,0.29797491120641345,0.27619964431592314,0.005050595778370815,2.43619101396959,0,0,0,0,0.0,0.0,0.0,0.0,3.0
53.12651,100,1499.886659,0.0,1.0,53.126509964278924,53.126509964278924,1.0,1.0,0.0,0.0,0.14172698024632405,100,26.066761173515964,0.1335720489081873,0.37085727953600583,0.3103644957393408,0.2607330632209778,0.24672909319400788,0.0,nan,0,0,0,0,0.0,0.0,0.0,0.0,3.0
473.887448,1100,1522.062266,0.0,0.0,473.88744787956006,473.88744787956006,0.0,0.0,0.0,0.0,0.7277388055126985,1100,21.53275412628046,0.2816515916565274,1.7054990095043947,0.3890566678531468,0.4235742901401086,0.37793748281218786,0.03167158441064525,2.2719385696637278,0,0,0,0,0.0,0.0,0.0,0.0,3.0
41.406682,98,1524.38273,0.0,1.0,41.40668222078981,41.40668222078981,1.0,1.0,0.0,0.0,0.10414754908694054,98,24.17382585858024,0.22854494335750777,0.9434770564077704,0.40440767573914965,0.2770709261602285,0.2757293387335174,0.0,nan,0,0,0,0,0.0,0.0,0.0,0.0,3.0
421.287112,1082,1541.16216,1.0,0.0,421.2871123516025,421.2871123516025,0.0,0.0,0.0,0.0,0.993261949924252,1082,22.55858521241104,0.5007217915058112,2.0,0.37811878325620774,0.35790524302591015,0.3254610682922018,0.0452902458798836,0.3232181175659992,0,0,0,0,0.0,0.0,0.0,0.0,3.0
346.815981,1100,1561.65081,0.0,0.0,346.8159811762098,346.8159811762098,0.0,0.0,0.0,0.0,0.6773303170586867,1100,18.777529373957933,0.48044126426854383,1.4130199188916266,0.38744184675541793,0.44544381187720733,0.411938797398047,0.03101571934926915,0.755300393760847,0,0,0,0,0.0,0.0,0.0,0.0,3.0
483.874397,1100,1586.205079,0.0,0.0,483.8743969499164,483.8743969499164,0.0,0.0,0.0,0.0,0.8045698036475005,1100,19.78672153843313,0.2380455261333586,0.9759832705874055,0.37353830705481494,0.4493477627364072,0.3879729350046678,0.012581627127572756,1.522466564526621,0,0,0,0,0.0,0.0,0.0,0.0,3.0
66.392002,193,1590.056402,0.0,1.0,66.39200154711139,66.39200154711139,0.0,0.0,0.0,1.0,0.2284256743907086,193,25.390714821498236,0.4918042211998581,2.0,0.386484173797264,0.24925265889711332,0.24766651367276443,0.020025294828184367,2.1500152097059635,0,0,0,0,0.0,0.0,0.0,0.0,3.0
429.258036,873,1603.83639,0.0,1.0,429.2580362800886,429.2580362800886,0.0,0.0,0.0,1.0,0.9677241575915553,873,27.10070047853863,0.3975394145507482,2.0,0.3832095360206301,0.35796515919259597,0.3265523213257358,0.033891901850965384,0.005243356575881926,0,0,0,0,0.0,0.0,0.0,0.0,2.0
241.91321,660,1613.651522,0.0,1.0,241.91320984168507,241.91320984168507,0.0,0.0,0.0,1.0,0.770987470083056,660,25.39944579329714,0.526200386975934,2.0,0.37084703863118634,0.34610271823564265,0.3090022592043335,0.02379450204062685,2.1790781858492725,0,0,0,0,0.0,0.0,0.0,0.0,2.0
123.00839,243,1617.502309,0.0,1.0,123.0083898197085,123.0083898197085,0.0,0.0,0.0,1.0,0.4425608693911425,243,28.3550334062156,0.3305957211788383,1.7781943192603094,0.42285611459011896,0.30220366260151804,0.28998803896177944,0.0,5.121523878494159,0,0,0,0,0.0,0.0,0.0,0.0,2.0
42.995847,109,1619.662871,0.0,1.0,42.995846975348,42.995846975348,1.0,1.0,0.0,0.0,0.17563723404018036,109,24.836728694515678,0.28205982034402416,0.9051102123193412,0.4003486826058921,0.1837020215638187,0.18428463837422362,0.0,nan,0,0,0,0,0.0,0.0,0.0,0.0,2.0
192.80587,326,1623.473814,0.0,1.0,192.8058697492735,192.8058697492735,1.0,1.0,0.0,0.0,0.3755559193772765,326,27.17779005230752,0.21252094917547104,0.737677296701823,0.35687111958038586,0.3949612382730823,0.37014179205967607,0.039128775448657074,0.9850229660459239,0,0,0,0,0.0,0.0,0.0,0.0,2.0
445.211561,746,1632.617543,0.0,1.0,445.2115606455349,445.2115606455349,0.0,0.0,0.0,1.0,0.9543852841307406,746,30.153357395393957,0.3353148000178571,2.0,0.3639764785067485,0.36431310469679157,0.3241955605572734,0.005776076978204905,3.6608334304584758,0,0,0,0,0.0,0.0,0.0,0.0,2.0
89.062614,1100,1647.394435,0.0,0.0,89.06261360043683,89.06261360043683,0.0,0.0,0.0,0.0,0.2619985587307769,1100,6.456258467958389,0.8329218538753317,2.0,0.29793381012637504,0.5770043712041595,0.4935541348023848,0.0009347343737373836,3.774863620403606,0,0,0,0,0.0,0.0,0.0,0.0,3.0
129.761904,330,1653.780094,0.0,1.0,129.76190353545138,129.76190353545138,1.0,1.0,0.0,0.0,0.3884114820654267,330,26.6761606422883,0.4617262674704522,1.6123061929669076,0.3857662307945165,0.3525348203651833,0.28172754825967733,0.043338194045361766,1.4258597042684928,0,0,0,0,0.0,0.0,0.0,0.0,3.0
70.777761,170,1656.965076,0.0,1.0,70.77776080852885,70.77776080852885,0.0,0.0,0.0,1.0,0.271893319554223,170,32.61780746960035,0.5072712140646704,2.0,0.3837899256278487,0.15490583041135003,0.15204411604825188,0.006999506900475296,2.9409630728806766,0,0,0,0,0.0,0.0,0.0,0.0,3.0
186.261936,308,1662.040552,0.0,1.0,186.26193599611378,186.26193599611378,0.0,0.0,0.0,1.0,0.5137898334396414,308,31.358426475065603,0.27931876536208894,1.9772296044950697,0.3807228718968955,0.2987915537767596,0.26455327907165926,0.003576877133368893,2.815776560812911,0,0,0,0,0.0,0.0,0.0,0.0,3.0
273.910234,588,1673.82051,0.0,1.0,273.9102340961786,273.9102340961786,1.0,1.0,0.0,0.0,0.7054127897587839,588,30.22709973998119,0.4965345440147723,1.5318021649575249,0.3524692059418529,0.3405609625030537,0.3170513317090313,0.03085770217249206,0.44143516771556246,0,0,0,0,0.0,0.0,0.0,0.0,3.0
117.373272,304,1680.248966,0.0,1.0,117.37327210901236,117.37327210901236,1.0,1.0,0.0,0.0,0.3956495573304743,304,25.54630654575967,0.5701961915120117,1.9639083268889566,0.38210828142473474,0.337744265843771,0.32221334653073236,0.02153178084883418,0.5292820442352789,0,0,0,0,0.0,0.0,0.0,0.0,3.0
527.162358,1077,1701.603368,1.0,0.0,527.1623583156398,527.1623583156398,0.0,0.0,0.0,0.0,0.9931845013864888,1077,23.53626861767261,0.3318056298610294,0.9916428298850164,0.3788198727868781,0.40035665635721707,0.36631526538588544,0.019478533730370062,1.7925806478873636,0,0,0,0,0.0,0.0,0.0,0.0,3.0
299.783191,826,1716.112892,0.0,1.0,299.7831905886016,299.7831905886016,0.0,0.0,0.0,1.0,0.856440895848373,826,25.522894573527566,0.5350026350534197,2.0,0.38940391939394986,0.3914537438108038,0.3561053418218368,0.006841930539903065,1.7018975688764804,0,0,0,0,0.0,0.0,0.0,0.0,3.0
356.505367,633,1727.306675,0.0,1.0,356.50536741706986,356.50536741706986,1.0,1.0,0.0,0.0,0.6342007964832277,633,25.700524128176887,0.2490502258418382,1.2014813612902566,0.3685656588047884,0.4323457535032601,0.3715028564135234,0.04493050597987112,1.2849465193245209,0,0,0,0,0.0,0.0,0.0,0.0,3.0
321.841418,724,1741.709935,0.0,1.0,321.8414181587092,321.8414181587092,1.0,1.0,0.0,0.0,0.9194331322800336,724,25.2294109609683,0.425412067012658,1.7330630826112896,0.38653443160322776,0.3842534005888918,0.3402787395521422,0.006183297506980481,0.006539648808516894,0,0,0,0,0.0,0.0,0.0,0.0,3.0
433.214073,943,1757.548817,1.0,0.0,433.21407343773853,433.21407343773853,0.0,0.0,0.0,0.0,0.9931811993008559,943,25.231273455770967,0.43627764301911304,1.0724573792280503,0.3629855065589745,0.3892566857825913,0.34929444940320253,0.04480504994425607,0.9128146336636785,0,0,0,0,0.0,0.0,0.0,0.0,3.0
438.305563,762,1772.817484,1.0,0.0,438.3055628359019,438.3055628359019,0.0,0.0,0.0,0.0,0.9931630454788934,762,26.47565635065093,0.2913316040563496,1.0844592451418928,0.3367334456962785,0.35519281479473813,0.356069491917067,0.021852923136738193,0.00689700472019714,0,0,0,0,0.0,0.0,0.0,0.0,3.0
357.146165,717,1785.82883,0.0,1.0,357.1461645892909,357.1461645892909,1.0,1.0,0.0,0.0,0.7435395519595346,717,23.887136475915536,0.22232970289643766,0.9811223361157864,0.3659579425302011,0.3930175510368919,0.34957902725770384,0.03287106615011681,1.505207685966721,0,0,0,0,0.0,0.0,0.0,0.0,3.0
