#{"t_start": 1782775820.0420341, "env_id": "None"}
r,l,t,is_success,episode_cost,episode_base_reward,episode_shaped_reward,episode_collision,episode_crash_vehicle,episode_crash_object,episode_out_of_road,episode_route_completion,episode_length,episode_mean_speed,episode_mean_lane_deviation,episode_max_lane_deviation,episode_steering_variation,episode_accel_variation,episode_jerk,episode_ttc_risk,episode_min_ttc,shield_intervention,shield_soft,shield_hard,overspeed_guard,shield_intervention_rate,shield_soft_rate,shield_hard_rate,overspeed_guard_rate,curriculum_stage
7.02178,600,2.396076,0.0,0.0,7.0217803350967705,7.0217803350967705,0.0,0.0,0.0,0.0,0.110188170477072,600,0.7445904782105098,0.09222176033825066,0.16110709453263777,0.812618308737874,0.8278052822314202,0.6198624870801965,0.0,nan,0,0,0,0,0.0,0.0,0.0,0.0,0.0
5.422802,600,4.789762,0.0,0.0,5.422802438012256,5.422802438012256,0.0,0.0,0.0,0.0,0.08697042364733139,600,0.7003470263145882,0.11904074200521873,0.17982285010561264,0.8024263536185026,0.8234051620836059,0.6447495073328415,0.0,nan,0,0,0,0,0.0,0.0,0.0,0.0,0.0
6.082686,600,6.323049,0.0,0.0,6.082686243143171,6.082686243143171,0.0,0.0,0.0,0.0,0.11515930946813842,600,0.8798221364214684,0.37725624094720883,0.8227239897944709,0.8775271626313528,0.7981035781279207,0.6216268262515465,0.0,nan,0,0,0,0,0.0,0.0,0.0,0.0,0.0
11.897998,600,8.651592,0.0,0.0,11.897997970245436,11.897997970245436,0.0,0.0,0.0,0.0,0.12914341669851728,600,0.9856654345485169,0.04065896480408218,0.11228309560745602,0.8177114434307441,0.773311918626229,0.569715293198824,0.0,nan,0,0,0,0,0.0,0.0,0.0,0.0,0.0
10.849616,600,10.235059,0.0,0.0,10.849616317584031,10.849616317584031,0.0,0.0,0.0,0.0,0.19259215209042782,600,1.1097049511355574,0.255926525254799,0.5353021979609653,0.8298847386737664,0.744948145126303,0.6023363742729028,0.0,nan,0,0,0,0,0.0,0.0,0.0,0.0,0.0
11.587865,600,12.66894,0.0,0.0,11.587864882041341,11.587864882041341,0.0,0.0,0.0,0.0,0.22488939868543856,600,1.4087724408788274,0.4226850256849319,0.9551016184455337,0.8066588707330327,0.7358820736408234,0.6080659261842569,0.0,nan,0,0,0,0,0.0,0.0,0.0,0.0,0.0
12.63539,600,15.133993,0.0,0.0,12.635390422605981,12.635390422605981,0.0,0.0,0.0,0.0,0.28843671287864847,600,1.709624337730481,0.835504212201214,2.0,0.8187442070059479,0.6913895492752393,0.5650167065858841,0.0,nan,0,0,0,0,0.0,0.0,0.0,0.0,0.0
10.724317,600,16.769993,0.0,0.0,10.724316606151325,10.724316606151325,0.0,0.0,0.0,0.0,0.31517537305672755,600,1.7644126725580966,0.6149058377539954,1.4681423119934993,0.8431198829598725,0.674007475177447,0.5389376897613207,0.0,nan,0,0,0,0,0.0,0.0,0.0,0.0,0.0
14.442193,600,19.175553,0.0,0.0,14.44219326803723,14.44219326803723,0.0,0.0,0.0,0.0,0.25695429839562844,600,1.6470716633972964,0.4802292399599655,1.2338142973636488,0.8015956462360918,0.6827179383486509,0.5611509145796298,0.0,nan,0,0,0,0,0.0,0.0,0.0,0.0,0.0
-2.550565,405,20.454177,0.0,1.0,-2.5505650455164535,-2.5505650455164535,0.0,0.0,0.0,1.0,0.1761704524863941,405,1.7828186034068108,0.5184524558792096,1.025648370460277,0.8390751028778376,0.6723799934357773,0.4980659892529617,0.0,nan,0,0,0,0,0.0,0.0,0.0,0.0,0.0
22.446202,600,22.95434,0.0,0.0,22.44620166125601,22.44620166125601,0.0,0.0,0.0,0.0,0.35465598951892674,600,2.382274748918988,0.5020122922409631,2.0,0.7928233208134771,0.5983687268694242,0.4633172571659088,0.0,nan,0,0,0,0,0.0,0.0,0.0,0.0,0.0
21.530829,600,24.686911,0.0,0.0,21.5308285610323,21.5308285610323,0.0,0.0,0.0,0.0,0.34681064305857673,600,2.3396868419641232,0.40161088121692107,0.9976930538756805,0.8191856759538253,0.6175914506614208,0.5114612811803818,0.0,nan,0,0,0,0,0.0,0.0,0.0,0.0,0.0
34.327745,600,27.178366,0.0,0.0,34.32774522911444,34.32774522911444,0.0,0.0,0.0,0.0,0.515370734081271,600,3.088527139600737,0.3683314360198055,0.992859102740281,0.7711787144653499,0.5730667600532373,0.4680182379484177,0.0,nan,0,0,0,0,0.0,0.0,0.0,0.0,0.0
12.97477,600,29.671884,0.0,0.0,12.974769742394983,12.974769742394983,0.0,0.0,0.0,0.0,0.5081172555765596,600,3.8060626958082793,1.378638276222959,2.0,0.8118169036755959,0.5439144274095694,0.43186212579409283,0.0,nan,0,0,0,0,0.0,0.0,0.0,0.0,0.0
37.874905,600,31.475736,0.0,0.0,37.87490535636106,37.87490535636106,0.0,0.0,0.0,0.0,0.54795396617355,600,3.3587016691001055,0.35453178056382884,0.780922750201199,0.8326927301039299,0.5381810555855433,0.4284383675456047,0.0,nan,0,0,0,0,0.0,0.0,0.0,0.0,0.0
73.85285,600,33.98019,0.0,0.0,73.85284952001467,73.85284952001467,0.0,0.0,0.0,0.0,0.8981582162419467,600,5.800649002340078,0.23247846470450967,0.9958485071969039,0.7633445660149057,0.4391735490163167,0.3947590069969495,0.0,nan,0,0,0,0,0.0,0.0,0.0,0.0,0.0
86.80812,555,36.243846,1.0,0.0,86.80811992794037,86.80811992794037,0.0,0.0,0.0,0.0,0.9548494281472849,555,6.771362552836452,0.4111839325969938,1.2005181731822514,0.7431582089077245,0.43563975557550655,0.36255804375485257,0.0,nan,0,0,0,0,0.0,0.0,0.0,0.0,1.0
53.628944,800,41.507749,0.0,0.0,53.628944302939296,53.628944302939296,0.0,0.0,0.0,0.0,0.2802707574366167,800,5.3557072803880486,0.5595884603874278,1.6428366649053252,0.7319875975931063,0.4547738106548786,0.4010118217766285,0.0,nan,0,0,0,0,0.0,0.0,0.0,0.0,1.0
106.252631,800,46.437841,0.0,0.0,106.2526313329781,106.2526313329781,0.0,0.0,0.0,0.0,0.5254557646236288,800,7.277320419337286,0.36175748024658444,1.060762879552859,0.7056271512713284,0.40899345476180315,0.33737688936293125,0.0,nan,0,0,0,0,0.0,0.0,0.0,0.0,1.0
-5.885762,59,46.867138,0.0,1.0,-5.8857615003227215,-5.8857615003227215,0.0,0.0,0.0,1.0,0.03028999014719474,59,6.431563629011236,0.39524643145981214,1.0600058606563822,0.6530969683396615,0.3493302030078435,0.28039337214777027,0.0,nan,0,0,0,0,0.0,0.0,0.0,0.0,1.0
95.441203,612,50.330555,0.0,0.0,95.44120337102213,95.44120337102213,0.0,0.0,0.0,0.0,0.5345172669796114,612,9.191282153415473,0.38495502636858314,2.0,0.748706189684229,0.3431519960461099,0.3134469883699043,0.0,nan,0,0,0,0,0.0,0.0,0.0,0.0,0.0
27.11716,220,51.988072,0.0,1.0,27.117160436605886,27.117160436605886,0.0,0.0,0.0,1.0,0.6027923513419513,220,8.88389976140311,0.25500672015671816,1.0325225015493382,0.778865081241185,0.3330434362996708,0.2820250326936895,0.0,nan,0,0,0,0,0.0,0.0,0.0,0.0,0.0
89.103097,329,53.338344,1.0,0.0,89.10309709700545,89.10309709700545,0.0,0.0,0.0,0.0,0.9492108136162952,329,9.89149889189716,0.21634560903634728,0.5902196004843155,0.7593865094304447,0.3286379041280428,0.2823232517416354,0.0,nan,0,0,0,0,0.0,0.0,0.0,0.0,0.0
83.743654,349,54.498432,1.0,0.0,83.74365435675722,83.74365435675722,0.0,0.0,0.0,0.0,0.952985852985776,349,10.02417103332487,0.3164261657371115,0.9933882634879975,0.7640948990482656,0.32516491703454264,0.303399969650203,0.0,nan,0,0,0,0,0.0,0.0,0.0,0.0,0.0
101.981505,419,57.654048,1.0,0.0,101.98150518672422,101.98150518672422,0.0,0.0,0.0,0.0,0.9608978302711837,419,10.491345165227262,0.3055702739374351,0.9643798790289247,0.7476224414559708,0.23827949927359607,0.20617588991766045,0.0,nan,0,0,0,0,0.0,0.0,0.0,0.0,1.0
30.81467,166,59.020457,0.0,1.0,30.814669717387794,30.814669717387794,1.0,1.0,0.0,0.0,0.15660099593933563,166,13.15418431317531,0.2940311273346935,0.8763581702218108,0.753445387963789,0.2353434799665428,0.20243534122604923,0.0,nan,0,0,0,0,0.0,0.0,0.0,0.0,1.0
227.901219,731,63.993689,1.0,0.0,227.90121923997253,227.90121923997253,0.0,0.0,0.0,0.0,0.9855704468258658,731,15.316357161301696,0.31439251547102787,0.9876542744189384,0.6923909340864086,0.26329269829918356,0.22498193362832233,0.0,15.492467963407424,0,0,0,0,0.0,0.0,0.0,0.0,1.0
232.803291,800,68.12954,0.0,0.0,232.80329127611384,232.80329127611384,0.0,0.0,0.0,0.0,0.9154230835724758,800,15.600115181960298,0.33297193899139155,0.9950819601320408,0.7112008787691593,0.2942384673655033,0.25155152156949045,0.0,nan,0,0,0,0,0.0,0.0,0.0,0.0,1.0
202.997639,583,73.176401,1.0,0.0,202.99763869732783,202.99763869732783,0.0,0.0,0.0,0.0,0.9829234240826361,583,18.998384802083525,0.4043654332961776,0.9997262603576442,0.6645915345712141,0.22644709988687295,0.18630339923485678,0.0,nan,0,0,0,0,0.0,0.0,0.0,0.0,2.0
236.674048,838,84.445857,0.0,1.0,236.67404842635887,236.67404842635887,0.0,0.0,0.0,1.0,0.6339251803994213,838,17.317042988241713,0.372016696884003,1.3899383784321058,0.6372507957003672,0.23342971158767373,0.21040930255785192,0.0,nan,0,0,0,0,0.0,0.0,0.0,0.0,2.0
292.972264,1000,96.668336,0.0,0.0,292.97226414984857,292.97226414984857,0.0,0.0,0.0,0.0,0.8751158675433253,1000,20.759298568194726,0.5052300555312877,1.8320640528659442,0.5989161253236234,0.19165975999832152,0.17968363165855408,0.009634489116585165,0.002087016672842331,0,0,0,0,0.0,0.0,0.0,0.0,2.0
354.892424,1000,108.399848,0.0,0.0,354.8924243015288,354.8924243015288,0.0,0.0,0.0,0.0,0.9620750475437481,1000,20.256786389914136,0.3936081136842795,1.3072743788392898,0.6627694919332862,0.19533039754629136,0.18386345100402832,0.0,6.412092803581333,0,0,0,0,0.0,0.0,0.0,0.0,2.0
42.502285,188,110.258302,0.0,1.0,42.5022849011163,42.5022849011163,0.0,0.0,0.0,1.0,0.15572447102370773,188,18.08106527591544,0.4042077076817412,2.0,0.6628220250156331,0.19338562957783964,0.19046692328250153,0.0,9.153964511090221,0,0,0,0,0.0,0.0,0.0,0.0,2.0
182.10198,484,114.837027,0.0,1.0,182.10197954155643,182.10197954155643,1.0,1.0,0.0,0.0,0.49597445282966934,484,22.843790871987064,0.3826210829092835,1.377604541357705,0.6369801688292795,0.22450220449404282,0.2054479321665015,0.01832636675309545,0.39678257190734195,0,0,0,0,0.0,0.0,0.0,0.0,2.0
225.018927,544,122.526782,0.0,1.0,225.0189273006013,225.0189273006013,0.0,0.0,0.0,1.0,0.526287463693056,544,22.733162305763642,0.33270309905382617,1.8965017838323461,0.618881863560733,0.1660706257338033,0.15106705707662246,0.0,6.165696122802152,0,0,0,0,0.0,0.0,0.0,0.0,3.0
184.411995,478,128.854692,0.0,1.0,184.41199529487545,184.41199529487545,1.0,1.0,0.0,0.0,0.4691491499448501,478,20.694225633211694,0.3142717228988408,0.8128210849083021,0.6536102960486292,0.17562280751172468,0.16827813202367167,0.03555142155684035,0.013436241459838547,0,0,0,0,0.0,0.0,0.0,0.0,3.0
307.497411,820,143.489855,0.0,1.0,307.4974109088136,307.4974109088136,1.0,1.0,0.0,0.0,0.7466243872312087,820,22.201492084666675,0.3919658960699548,1.1441496628671335,0.6064963806329704,0.17034325636014705,0.15535149152685956,0.01902453649570835,1.0642606449041592,0,0,0,0,0.0,0.0,0.0,0.0,3.0
166.488661,427,150.478649,0.0,1.0,166.48866069268743,166.48866069268743,1.0,1.0,0.0,0.0,0.49953143961431895,427,24.3795727002953,0.39935633692473255,1.373035415901164,0.6181991427299289,0.20021365523617496,0.17208719756061636,0.03907997252890773,0.025578542886527524,0,0,0,0,0.0,0.0,0.0,0.0,3.0
275.925049,653,162.101115,0.0,1.0,275.92504866640184,275.92504866640184,1.0,1.0,0.0,0.0,0.48198666583397504,653,21.050520244937335,0.2760613499368984,0.980862531150247,0.6081266173633646,0.1725546969571486,0.16496408953235855,0.025179650224101117,1.4691817983296709,0,0,0,0,0.0,0.0,0.0,0.0,2.0
336.871058,686,171.652434,1.0,0.0,336.8710577525983,336.8710577525983,0.0,0.0,0.0,0.0,0.987958581528307,686,22.541255416141897,0.286565036608892,0.9966693388158329,0.5888243508755987,0.17430782179095655,0.15338263497755758,0.003949477403965822,2.7295976451642465,0,0,0,0,0.0,0.0,0.0,0.0,2.0
190.39776,499,176.951285,0.0,1.0,190.39776012656174,190.39776012656174,0.0,0.0,0.0,1.0,0.5319674089185411,499,21.300012081397973,0.346181059989466,2.0,0.6319038486910726,0.11975687563060998,0.11783587072559731,0.02655263495892314,0.9414739582686739,0,0,0,0,0.0,0.0,0.0,0.0,2.0
50.891817,170,179.634107,0.0,1.0,50.891816985854085,50.891816985854085,0.0,0.0,0.0,1.0,0.15742429557179793,170,19.932322651185583,0.22944413336582853,1.1536232667439161,0.6760320106849951,0.12481954237994025,0.11430533002404605,0.0,nan,0,0,0,0,0.0,0.0,0.0,0.0,2.0
86.990415,238,182.274903,0.0,1.0,86.99041543860966,86.99041543860966,1.0,1.0,0.0,0.0,0.3296536358142658,238,20.89598678050023,0.3070335663024077,1.0532648956097173,0.6369838717730105,0.15397471565158427,0.1462844084290897,0.02339918503346437,0.4990372855920247,0,0,0,0,0.0,0.0,0.0,0.0,2.0
155.827161,369,186.622055,0.0,1.0,155.82716088077936,155.82716088077936,1.0,1.0,0.0,0.0,0.34981784310072656,369,19.997506925509352,0.1945668146948402,0.8501529097158076,0.6153479203642384,0.13664298668140318,0.12918757180857465,0.002607411761612523,0.18932529982489452,0,0,0,0,0.0,0.0,0.0,0.0,2.0
129.584387,421,192.806798,0.0,1.0,129.5843873622284,129.5843873622284,0.0,0.0,0.0,1.0,0.27626094367056253,421,23.712310853552797,0.5414884058193195,2.0,0.5312024079033145,0.1475292390429209,0.15296387502529843,0.0,nan,0,0,0,0,0.0,0.0,0.0,0.0,2.0
267.501644,690,200.801359,0.0,1.0,267.5016444096941,267.5016444096941,1.0,1.0,0.0,0.0,0.8739951475676363,690,25.50275829356222,0.39985409540765715,1.517987955109778,0.5980343406345101,0.14947345282720484,0.13466181547745415,0.02022008294900493,0.37173551712635644,0,0,0,0,0.0,0.0,0.0,0.0,2.0
136.113659,405,206.829604,0.0,1.0,136.11365876622293,136.11365876622293,0.0,0.0,0.0,1.0,0.46574561367496037,405,24.989114518734272,0.5054921476621957,1.8676342962574666,0.5966019481098578,0.14338721684467645,0.14365932764830414,0.004271398139095435,2.986784319215751,0,0,0,0,0.0,0.0,0.0,0.0,2.0
223.547917,516,212.905239,0.0,1.0,223.54791749363253,223.54791749363253,1.0,1.0,0.0,0.0,0.5749622787060225,516,21.70858307994643,0.2790782250677128,1.1099951452853007,0.6746034595913203,0.14490678028542867,0.14330889042033707,0.032639851840534403,0.4384016466285031,0,0,0,0,0.0,0.0,0.0,0.0,2.0
93.065834,268,216.70636,0.0,1.0,93.06583422093833,93.06583422093833,0.0,0.0,0.0,1.0,0.31455034345402166,268,23.424608440033257,0.41507308817298605,2.0,0.536517160958541,0.13321717528264915,0.13352664081907983,0.004428532599855058,3.3279925544164803,0,0,0,0,0.0,0.0,0.0,0.0,2.0
187.829866,395,223.058386,0.0,1.0,187.82986588241894,187.82986588241894,1.0,1.0,0.0,0.0,0.46194891039350877,395,31.44710410582277,0.5001312038859351,2.0,0.6391017145371135,0.11642992617208746,0.11544064781333827,0.028847104212777867,0.7765574155353772,0,0,0,0,0.0,0.0,0.0,0.0,2.0
402.280771,870,234.046706,1.0,0.0,402.28077108183135,402.28077108183135,0.0,0.0,0.0,0.0,0.9901348763838068,870,25.06585801289957,0.39482970279613544,1.3685598599868518,0.591154142520551,0.11011011299045606,0.10571398488406478,0.0,nan,0,0,0,0,0.0,0.0,0.0,0.0,2.0
205.697466,480,239.957469,0.0,1.0,205.69746614835276,205.69746614835276,1.0,1.0,0.0,0.0,0.5276722375063253,480,22.160269835190114,0.28326775305817314,0.8679354556251259,0.6147368006097774,0.1362914491444826,0.131527192145586,0.0356020814935047,0.3340406746231994,0,0,0,0,0.0,0.0,0.0,0.0,2.0
66.477237,257,243.793231,0.0,1.0,66.47723687520146,66.47723687520146,0.0,0.0,0.0,1.0,0.3060089516576883,257,25.62981657632872,0.502470611630324,1.9354032657932239,0.5504707861184378,0.11365013873994582,0.1035766258313962,0.002837591431933414,3.6967675796557664,0,0,0,0,0.0,0.0,0.0,0.0,2.0
235.33447,612,251.964614,0.0,1.0,235.33447023959937,235.33447023959937,0.0,0.0,0.0,1.0,0.6907201597063881,612,24.1679204424818,0.4225110039516522,2.0,0.6382162588971113,0.12080274142471015,0.10679852261262782,0.00814712816291532,1.1559181728774206,0,0,0,0,0.0,0.0,0.0,0.0,2.0
355.774747,709,261.177332,1.0,0.0,355.774747036599,355.774747036599,0.0,0.0,0.0,0.0,0.9908641837830061,709,25.14373644908827,0.3439557468136861,1.1355698360569588,0.557762305516282,0.13028470972192976,0.1246083296404571,0.028733917890662163,0.9187204740430606,0,0,0,0,0.0,0.0,0.0,0.0,2.0
416.528568,888,273.572767,1.0,0.0,416.5285678073122,416.5285678073122,0.0,0.0,0.0,0.0,0.9925783521538164,888,24.291691866976535,0.3494235620539259,1.2247695896451298,0.6424299603462353,0.12149548725233422,0.11556702140752259,0.0011189364268389408,0.031922264835103395,0,0,0,0,0.0,0.0,0.0,0.0,2.0
17.816102,134,275.330262,0.0,1.0,17.81610171080037,17.81610171080037,0.0,0.0,0.0,1.0,0.12308641657213867,134,16.789269139268235,0.48847770231499094,1.9953058997332338,0.6400947522983622,0.16016632585383173,0.17434718359762164,0.0,18.69671409442969,0,0,0,0,0.0,0.0,0.0,0.0,2.0
101.733286,270,278.455443,0.0,1.0,101.73328566696561,101.73328566696561,0.0,0.0,0.0,1.0,0.30545206720044527,270,24.69101990651352,0.358174866521227,1.8915467108604973,0.5909097619906619,0.1170706832850421,0.11117562364648889,0.0,6.854329966724081,0,0,0,0,0.0,0.0,0.0,0.0,2.0
137.872302,275,283.177552,0.0,1.0,137.87230172669274,137.87230172669274,1.0,1.0,0.0,0.0,0.3638927177843904,275,28.780981242123428,0.3419987442633204,0.9789563813254287,0.6343614760854027,0.15913225694136185,0.16275803956118498,0.04844513682278535,2.2862863279481163,0,0,0,0,0.0,0.0,0.0,0.0,2.0
94.533027,280,286.513949,0.0,1.0,94.53302728959703,94.53302728959703,0.0,0.0,0.0,1.0,0.3496559427243916,280,27.531090500695036,0.5212222748970409,2.0,0.598828820298825,0.11076353916100093,0.11047399980681283,0.0,nan,0,0,0,0,0.0,0.0,0.0,0.0,2.0
230.418889,521,294.896197,0.0,1.0,230.4188886205407,230.4188886205407,0.0,0.0,0.0,1.0,0.644665905118216,521,27.368972373226196,0.37538262807638484,1.9745027504198471,0.6224374275175486,0.1909368207495867,0.17673606035119055,0.03666390564662718,1.6042362484074824,0,0,0,0,0.0,0.0,0.0,0.0,2.0
300.218749,787,305.113021,0.0,1.0,300.21874860591646,300.21874860591646,1.0,1.0,0.0,0.0,0.8867698029639518,787,22.776948659096206,0.3925351445969503,1.400325037049869,0.6018163019547469,0.17676371388998843,0.16675014326199794,0.008946627095682511,0.23630112741118767,0,0,0,0,0.0,0.0,0.0,0.0,1.0
201.063547,339,307.31211,1.0,0.0,201.06354745725943,201.06354745725943,0.0,0.0,0.0,0.0,0.9846686464333064,339,32.69445692650141,0.446242779203071,1.4752020696499484,0.5546101443029962,0.13272170049954304,0.12807935388390645,0.0,7.88093355378167,0,0,0,0,0.0,0.0,0.0,0.0,1.0
240.612389,460,311.14621,1.0,0.0,240.6123893827824,240.6123893827824,0.0,0.0,0.0,0.0,0.9863640004904878,460,27.231957644321852,0.3944505092564757,1.3909043081845038,0.5824327746163244,0.14037318216717762,0.13811578983845918,0.0,nan,0,0,0,0,0.0,0.0,0.0,0.0,1.0
33.912039,116,312.045857,0.0,1.0,33.91203923211417,33.91203923211417,0.0,0.0,0.0,1.0,0.20051857146857224,116,20.959743387823174,0.3078538949999008,1.7297038932927922,0.5532447405095244,0.21186663775608458,0.1979195681111566,0.0,nan,0,0,0,0,0.0,0.0,0.0,0.0,1.0
27.471163,103,312.888732,0.0,1.0,27.471162586572298,27.471162586572298,0.0,0.0,0.0,1.0,0.12399972891639185,103,20.566158265088063,0.3090682536410167,1.872707603750406,0.580887772721573,0.19659773701602973,0.21761926632483028,0.0,nan,0,0,0,0,0.0,0.0,0.0,0.0,1.0
274.822086,442,315.845198,1.0,0.0,274.82208648785746,274.82208648785746,0.0,0.0,0.0,0.0,0.9887079305177772,442,35.56155500084365,0.46053986957741827,2.0,0.5823407972745631,0.22714252951997438,0.20336043888627134,0.0,6.410443992477409,0,0,0,0,0.0,0.0,0.0,0.0,1.0
158.95588,502,320.251119,0.0,1.0,158.95587958955926,158.95587958955926,0.0,0.0,0.0,1.0,0.7500951793907384,502,26.38537621272464,0.4807753233783066,1.4035961655606624,0.5912221440845039,0.258126256950348,0.22430594888816316,0.0,6.46627283737967,0,0,0,0,0.0,0.0,0.0,0.0,2.0
75.441433,302,323.485269,0.0,1.0,75.44143254288268,75.44143254288268,0.0,0.0,0.0,1.0,0.47629485523066073,302,23.94784142305216,0.5779384236291603,2.0,0.5935219701700258,0.20666960296251916,0.1907389152128965,0.0018925173692854085,3.477854531288228,0,0,0,0,0.0,0.0,0.0,0.0,2.0
33.322605,108,325.972525,0.0,1.0,33.322604924425384,33.322604924425384,1.0,1.0,0.0,0.0,0.1285863107029414,108,18.196641391115563,0.19043267582118187,1.0828132777133257,0.6347438568870226,0.13237423256591516,0.12974000639385647,0.1266660229620885,0.4094920642125062,0,0,0,0,0.0,0.0,0.0,0.0,2.0
32.856071,109,327.816484,0.0,1.0,32.856070622452904,32.856070622452904,1.0,1.0,0.0,0.0,0.12755934782640294,109,17.94843937873755,0.21276719016609522,0.7298014830394107,0.5715540594190632,0.17839785179960618,0.15881003972587235,0.13089318489672327,0.29431882964225864,0,0,0,0,0.0,0.0,0.0,0.0,2.0
184.764405,467,333.777355,0.0,1.0,184.7644054225061,184.7644054225061,0.0,0.0,0.0,1.0,0.4830442008336082,467,28.194260675161832,0.4515276149203974,2.0,0.6131244330433631,0.19707350889161004,0.16971995845851856,0.004370893644777296,2.3345343710240876,0,0,0,0,0.0,0.0,0.0,0.0,2.0
290.085178,512,339.854211,0.0,1.0,290.08517838266454,290.08517838266454,1.0,1.0,0.0,0.0,0.7700878414178961,512,29.46391280814845,0.30139813183006375,0.9877847391671737,0.6037521259931964,0.21317962871398777,0.20060122304130346,0.053811514711328064,0.10192748277288631,0,0,0,0,0.0,0.0,0.0,0.0,2.0
91.545385,263,343.898696,0.0,1.0,91.54538519942875,91.54538519942875,0.0,0.0,0.0,1.0,0.3242427815910499,263,25.488189577630262,0.4050095409894962,2.0,0.6203317295887397,0.159265771111608,0.1483236922963944,0.0,13.415010989652814,0,0,0,0,0.0,0.0,0.0,0.0,2.0
337.059986,642,354.070414,1.0,0.0,337.0599861804931,337.0599861804931,0.0,0.0,0.0,0.0,0.9917339528526067,642,29.24846037011121,0.40774831842294085,0.9986752002030359,0.6021141872517881,0.24056684627339847,0.20838307758729405,0.00379993036226437,4.028055235892077,0,0,0,0,0.0,0.0,0.0,0.0,2.0
35.430359,150,355.570477,0.0,1.0,35.43035876720861,35.43035876720861,0.0,0.0,0.0,1.0,0.19201338926331696,150,22.283673387898595,0.4102401301665809,1.9525011624879784,0.560524215400219,0.19968209266662598,0.18362882216771445,0.018168772558012344,2.218565842759174,0,0,0,0,0.0,0.0,0.0,0.0,2.0
108.720792,283,359.56004,0.0,1.0,108.7207922492871,108.7207922492871,0.0,0.0,0.0,1.0,0.3095216077587697,283,25.72146649867323,0.42991768703096245,2.0,0.5995357491786826,0.18888146611911247,0.17363417527700903,0.0,5.336475175226006,0,0,0,0,0.0,0.0,0.0,0.0,2.0
83.278754,308,363.898714,0.0,1.0,83.27875447314372,83.27875447314372,0.0,0.0,0.0,1.0,0.4696617896290588,308,22.574199328156922,0.5448850973267413,2.0,0.5965748851417334,0.19476257632305097,0.17983385843115968,0.0,nan,0,0,0,0,0.0,0.0,0.0,0.0,1.0
111.210754,206,365.907635,0.0,1.0,111.21075357427638,111.21075357427638,0.0,0.0,0.0,1.0,0.5949113452462432,206,28.16805693984457,0.24701513516850526,1.0723871297950553,0.6012438048870818,0.1474696293617915,0.1455800770555885,0.0,nan,0,0,0,0,0.0,0.0,0.0,0.0,1.0
136.953261,344,369.176348,0.0,1.0,136.9532609739585,136.9532609739585,0.0,0.0,0.0,1.0,0.6766606881613423,344,28.021191224274343,0.43208948157469845,1.0627693426736953,0.611090453363262,0.18457325755856757,0.17635438677876494,0.0,nan,0,0,0,0,0.0,0.0,0.0,0.0,1.0
116.524885,222,370.695288,0.0,1.0,116.52488534806575,116.52488534806575,0.0,0.0,0.0,1.0,0.6098255280590898,222,28.326229218394207,0.25198149080893434,1.0914876438956511,0.5731318431428155,0.14485506780512697,0.15854787262710365,0.0,nan,0,0,0,0,0.0,0.0,0.0,0.0,1.0
140.377478,301,373.763824,0.0,1.0,140.37747760848075,140.37747760848075,0.0,0.0,0.0,1.0,0.8791743946287771,301,31.28058808915239,0.39352192056748014,1.773608959983869,0.5414586417698781,0.13760400293673392,0.1344936634615014,0.0,nan,0,0,0,0,0.0,0.0,0.0,0.0,1.0
163.437144,273,376.119311,0.0,1.0,163.43714440226978,163.43714440226978,0.0,0.0,0.0,1.0,0.7557459111357078,273,39.21878642006138,0.4342558449334172,2.0,0.5309199947768297,0.12124229656471001,0.11005669504731566,0.0,nan,0,0,0,0,0.0,0.0,0.0,0.0,1.0
211.470702,334,378.813962,1.0,0.0,211.47070167621766,211.47070167621766,0.0,0.0,0.0,0.0,0.9836098269127707,334,30.993246712838985,0.3273649007375074,0.9744077980320409,0.6031413289333531,0.11294047739691362,0.11022268083994974,0.0,nan,0,0,0,0,0.0,0.0,0.0,0.0,1.0
33.883355,115,379.829397,0.0,1.0,33.883354563008005,33.883354563008005,0.0,0.0,0.0,1.0,0.13316110202983986,115,20.047655302619514,0.2682437309847918,2.0,0.5997167871050213,0.08279845818229344,0.08355396623196809,0.0,nan,0,0,0,0,0.0,0.0,0.0,0.0,1.0
111.875676,219,382.558734,0.0,1.0,111.87567615627026,111.87567615627026,0.0,0.0,0.0,1.0,0.7066888341470914,219,33.80598630982145,0.34722914715753894,1.131513861365634,0.5222740071617304,0.11400024313904923,0.10625442794468849,0.0,nan,0,0,0,0,0.0,0.0,0.0,0.0,1.0
140.679535,293,384.879193,0.0,1.0,140.67953537738737,140.67953537738737,0.0,0.0,0.0,1.0,0.6338529910312942,293,30.4326219099091,0.3973467050178019,2.0,0.5692120349041024,0.18218278132201055,0.17842875344761402,0.0,7.083502247527992,0,0,0,0,0.0,0.0,0.0,0.0,1.0
73.294069,171,386.627505,0.0,1.0,73.29406902546765,73.29406902546765,0.0,0.0,0.0,1.0,0.24887181516390877,171,27.299426220947314,0.335709091488183,1.0878112055011953,0.5366876272604479,0.10540317931370428,0.10187709610364591,0.0,nan,0,0,0,0,0.0,0.0,0.0,0.0,1.0
255.27705,413,390.534176,1.0,0.0,255.27704958750158,255.27704958750158,0.0,0.0,0.0,0.0,0.9876861731173104,413,34.32258017298582,0.397659035302056,1.4272709394224408,0.5906386778263722,0.13134299813979475,0.11288609285331523,0.0,6.969170801734525,0,0,0,0,0.0,0.0,0.0,0.0,1.0
34.710182,153,391.997507,0.0,1.0,34.71018183930601,34.71018183930601,0.0,0.0,0.0,1.0,0.2537074200764605,153,20.94078605529371,0.3810592724310777,1.2865224919283367,0.5511272435679155,0.10984608862135145,0.10956039849449606,0.0,nan,0,0,0,0,0.0,0.0,0.0,0.0,1.0
20.324612,96,392.700432,0.0,1.0,20.32461233106154,20.32461233106154,0.0,0.0,0.0,1.0,0.1332807908799657,96,17.97076245742039,0.29947925367912953,1.0328457803658986,0.6148512062306205,0.11472723508874576,0.11461103459199269,0.0,nan,0,0,0,0,0.0,0.0,0.0,0.0,1.0
179.646803,323,395.411049,0.0,1.0,179.64680304852297,179.64680304852297,0.0,0.0,0.0,1.0,0.8725266280711145,323,31.56937173606527,0.31914568409136057,1.1458184741094164,0.5906277508604637,0.11101835615494672,0.10157641242532169,0.0,nan,0,0,0,0,0.0,0.0,0.0,0.0,1.0
340.687013,512,400.625071,1.0,0.0,340.6870125371492,340.6870125371492,0.0,0.0,0.0,0.0,0.9905086262559338,512,34.75859917829953,0.38348682512970045,2.0,0.6010931549717498,0.14853755431249738,0.14033931656740606,0.0,nan,0,0,0,0,0.0,0.0,0.0,0.0,1.0
318.679897,453,404.552596,1.0,0.0,318.67989686475175,318.67989686475175,0.0,0.0,0.0,0.0,0.9909449846878043,453,35.10458685991453,0.34120306844461884,0.9956154951446875,0.5895626430068716,0.14776084491485528,0.13861492269612832,0.0,18.550755810368276,0,0,0,0,0.0,0.0,0.0,0.0,1.0
213.757101,341,407.083479,1.0,0.0,213.7571011134995,213.7571011134995,0.0,0.0,0.0,0.0,0.9849427296975674,341,29.50796199940555,0.32898253891108103,0.9940770229833773,0.6208286470681691,0.1269337026254872,0.1193638309355705,0.0,nan,0,0,0,0,0.0,0.0,0.0,0.0,1.0
138.544199,304,410.377873,0.0,1.0,138.54419868953374,138.54419868953374,0.0,0.0,0.0,1.0,0.8936425890077404,304,30.27964560391541,0.4571443722053613,2.0,0.536804705122976,0.13705901644731822,0.12692214470160634,0.0,nan,0,0,0,0,0.0,0.0,0.0,0.0,1.0
141.371088,222,412.152686,0.0,1.0,141.37108780917768,141.37108780917768,0.0,0.0,0.0,1.0,0.5656265950290945,222,34.939599736974934,0.3285661912127364,2.0,0.4767051025016888,0.12000717934187469,0.11645912775048264,0.0,nan,0,0,0,0,0.0,0.0,0.0,0.0,1.0
251.317434,419,415.318997,1.0,0.0,251.31743435215952,251.31743435215952,0.0,0.0,0.0,0.0,0.9877509957361625,419,29.435710983966736,0.3329801983830786,1.1505428291455766,0.5629200299930601,0.18002678699311322,0.17132767487255088,0.0,nan,0,0,0,0,0.0,0.0,0.0,0.0,1.0
75.160519,189,416.974041,0.0,1.0,75.16051924599097,75.16051924599097,0.0,0.0,0.0,1.0,0.34681308063089594,189,25.25406950589037,0.36439123636914333,2.0,0.5418954391682905,0.12266633371827464,0.12906236497182694,0.0,11.400093353239921,0,0,0,0,0.0,0.0,0.0,0.0,1.0
120.95159,264,419.574381,0.0,1.0,120.95159038868769,120.95159038868769,0.0,0.0,0.0,1.0,0.6413606066796832,264,37.93931609889577,0.6116529106784246,2.0,0.49972358484272705,0.13643698823271375,0.14364426199233893,0.009107968241452883,3.1669788081776287,0,0,0,0,0.0,0.0,0.0,0.0,1.0
222.895945,352,422.581599,0.0,1.0,222.89594454808199,222.89594454808199,1.0,1.0,0.0,0.0,0.7211865688549494,352,36.919664182186914,0.3639927822709755,1.440964154514457,0.5336886138591747,0.2017911456694657,0.18126035024496642,0.044867141300816336,1.3422594566719572,0,0,0,0,0.0,0.0,0.0,0.0,1.0
179.553489,275,425.242741,0.0,1.0,179.55348925611747,179.55348925611747,0.0,0.0,0.0,1.0,0.8607592655639027,275,35.19994725122875,0.2807758564507069,1.0945762005197397,0.5282663211226464,0.12359050490639427,0.12274761503393,0.0,nan,0,0,0,0,0.0,0.0,0.0,0.0,1.0
248.029381,473,430.023781,1.0,0.0,248.02938092776304,248.02938092776304,0.0,0.0,0.0,0.0,0.9900091362815672,473,31.698953002148784,0.44369132935594263,1.5609709427577592,0.5640165398161204,0.13045104197669483,0.12136394856596094,0.0,nan,0,0,0,0,0.0,0.0,0.0,0.0,1.0
33.294948,146,431.029699,0.0,1.0,33.29494843328985,33.29494843328985,0.0,0.0,0.0,1.0,0.38714002123748836,146,23.872343083277496,0.47708839105021095,2.0,0.5002391709346478,0.11160499592349954,0.10407121214148117,0.0,nan,0,0,0,0,0.0,0.0,0.0,0.0,1.0
237.658867,406,434.241606,1.0,0.0,237.65886737966872,237.65886737966872,0.0,0.0,0.0,0.0,0.9885748639491787,406,32.89457688056686,0.38679656298065057,0.9968133589018353,0.5438614114293178,0.12449750348264949,0.11242474534828674,0.01429688947783152,2.064754785929092,0,0,0,0,0.0,0.0,0.0,0.0,1.0
240.08246,295,437.243407,1.0,0.0,240.0824596772709,240.0824596772709,0.0,0.0,0.0,0.0,0.9874403987213384,295,36.52677314890792,0.2708518726117592,0.9289873644136795,0.5349056508076393,0.12298375509553036,0.11404192609302068,0.0,nan,0,0,0,0,0.0,0.0,0.0,0.0,1.0
139.886752,236,439.12878,0.0,1.0,139.88675199969197,139.88675199969197,0.0,0.0,0.0,1.0,0.5617864539814382,236,32.979853225914276,0.30777602306806723,2.0,0.5489600013499543,0.13343688391022762,0.1301703864740113,0.0,nan,0,0,0,0,0.0,0.0,0.0,0.0,1.0
230.959844,431,442.464888,0.0,1.0,230.95984352147275,230.95984352147275,1.0,1.0,0.0,0.0,0.8875290326796045,431,36.59918302837972,0.4881322262929419,2.0,0.5867560693773759,0.15803219035717284,0.16022098990991332,0.015544207605600616,0.7955022947236379,0,0,0,0,0.0,0.0,0.0,0.0,1.0
137.302702,260,445.079236,0.0,1.0,137.30270212356615,137.30270212356615,0.0,0.0,0.0,1.0,0.6325367433804694,260,34.7101322112277,0.45087428859071543,2.0,0.5079042728703755,0.1331921751682575,0.12543158393639783,0.0,40.88452424748225,0,0,0,0,0.0,0.0,0.0,0.0,1.0
37.183035,127,446.136757,0.0,1.0,37.183034838436356,37.183034838436356,0.0,0.0,0.0,1.0,0.25350715827357295,127,27.888672061781097,0.4330962808173051,1.0984033871628223,0.5329301156631605,0.1005339397220161,0.1042955400436882,0.0,nan,0,0,0,0,0.0,0.0,0.0,0.0,1.0
269.819767,341,449.252422,0.0,1.0,269.8197670277084,269.8197670277084,1.0,1.0,0.0,0.0,0.8211943859055939,341,38.32908869792505,0.25020120637870996,0.9405545039230102,0.5617930685385756,0.11652611217890317,0.11189333784265602,0.05370094437463899,0.1512793587981544,0,0,0,0,0.0,0.0,0.0,0.0,1.0
202.88828,383,452.456235,0.0,1.0,202.8882798915779,202.8882798915779,0.0,0.0,0.0,1.0,0.950818360947763,383,39.99019497696392,0.4886014168104962,1.9060798673513832,0.48657479148854166,0.11163827224437624,0.11207382843948842,0.03504256238345215,0.1543220261692121,0,0,0,0,0.0,0.0,0.0,0.0,1.0
204.770599,296,455.654176,1.0,0.0,204.77059879032083,204.77059879032083,0.0,0.0,0.0,0.0,0.9800356248212554,296,31.36308947341395,0.27422647490947405,0.9745913180420971,0.5037892179160908,0.11605495415829323,0.09710959002778337,0.0,nan,0,0,0,0,0.0,0.0,0.0,0.0,1.0
211.776816,281,457.786325,0.0,1.0,211.77681600514282,211.77681600514282,1.0,1.0,0.0,0.0,0.7828974638331535,281,40.77597832897747,0.2953311534334806,0.9920215323844721,0.5140723045186216,0.11474358993068709,0.11024637366529037,0.05089754814264167,0.8138412692901796,0,0,0,0,0.0,0.0,0.0,0.0,1.0
177.519773,261,460.179625,1.0,0.0,177.51977325089828,177.51977325089828,0.0,0.0,0.0,0.0,0.9782804946976257,261,31.24030387351533,0.30679501562469746,0.9927887285988564,0.5363252961372964,0.10591363861186294,0.10794079440763626,0.0,nan,0,0,0,0,0.0,0.0,0.0,0.0,1.0
186.791583,331,464.159841,1.0,0.0,186.79158309097917,186.79158309097917,0.0,0.0,0.0,0.0,0.9851006646867564,331,31.3869057999651,0.336720872707849,0.9680722992335471,0.4814842224031057,0.0887529374609541,0.09081008030928873,0.0,nan,0,0,0,0,0.0,0.0,0.0,0.0,1.0
180.056182,405,468.018721,1.0,0.0,180.056181501251,180.056181501251,0.0,0.0,0.0,0.0,0.983794918022398,405,29.422175300763413,0.49798139979966977,1.5284116988013319,0.5464255558027897,0.12014199333426392,0.11019566441759651,0.0,6.767096094996847,0,0,0,0,0.0,0.0,0.0,0.0,1.0
64.616416,265,469.755929,0.0,1.0,64.61641622682188,64.61641622682188,0.0,0.0,0.0,1.0,0.6719664954073041,265,31.493669496720923,0.6309719255371102,1.8162169962549728,0.4987678513493178,0.09320466293478911,0.09881710601302812,0.0,nan,0,0,0,0,0.0,0.0,0.0,0.0,1.0
99.610616,258,471.945641,0.0,1.0,99.61061603048971,99.61061603048971,0.0,0.0,0.0,1.0,0.7307440440748786,258,29.317967535596825,0.4770801259212578,1.9320927263388321,0.509441881909851,0.1263793069262837,0.11443643653115561,0.0,nan,0,0,0,0,0.0,0.0,0.0,0.0,1.0
44.585646,189,474.315425,0.0,1.0,44.585645627962606,44.585645627962606,0.0,0.0,0.0,1.0,0.4284744878491941,189,32.762109664326914,0.41401491986869987,1.0086618938612708,0.5201265206018453,0.06682398048027482,0.07450161093757265,0.00462794263945108,3.0490235090928652,0,0,0,0,0.0,0.0,0.0,0.0,1.0
127.168017,248,476.726568,0.0,1.0,127.1680168430143,127.1680168430143,0.0,0.0,0.0,1.0,0.6871828899318648,248,32.84130566519718,0.4293462405867175,1.4183450979703358,0.5369492744155708,0.10914544520839568,0.09917123279263897,0.0,nan,0,0,0,0,0.0,0.0,0.0,0.0,1.0
-4.745302,41,477.055728,0.0,1.0,-4.7453015148055515,-4.7453015148055515,0.0,0.0,0.0,1.0,0.05218034161443214,41,14.169728060059965,0.4701671737684721,1.0882929272639243,0.43220806321719796,0.171632789983982,0.21064982181642114,0.0,nan,0,0,0,0,0.0,0.0,0.0,0.0,1.0
230.234822,333,480.183034,1.0,0.0,230.23482210171886,230.23482210171886,0.0,0.0,0.0,0.0,0.9858106176693038,333,34.62294453452113,0.370962544203727,0.9882452049004011,0.49663093748751347,0.1149409390068627,0.10346295346726885,0.0010285824923305547,4.605251842569843,0,0,0,0,0.0,0.0,0.0,0.0,1.0
105.659319,221,482.30954,0.0,1.0,105.65931940205508,105.65931940205508,0.0,0.0,0.0,1.0,0.702751793238784,221,34.63076974641762,0.4726216465352529,1.0898897036573458,0.5294685970772716,0.10861863054301404,0.11013172276958622,0.0,nan,0,0,0,0,0.0,0.0,0.0,0.0,1.0
61.848162,188,484.600381,0.0,1.0,61.84816159653974,61.84816159653974,0.0,0.0,0.0,1.0,0.31472178435115017,188,25.90524146872824,0.471698715125751,1.0309020668915203,0.5649913168571731,0.08655235044499661,0.09118000560618461,0.0,nan,0,0,0,0,0.0,0.0,0.0,0.0,1.0
70.774384,193,486.921987,0.0,1.0,70.77438428461255,70.77438428461255,0.0,0.0,0.0,1.0,0.6419887645208999,193,30.627796549392247,0.4657992195869461,1.6281991944763925,0.48421947905127866,0.08350777873103482,0.08498711968950658,0.0,nan,0,0,0,0,0.0,0.0,0.0,0.0,1.0
36.578092,157,488.106983,0.0,1.0,36.57809231131256,36.57809231131256,0.0,0.0,0.0,1.0,0.31383808121792867,157,27.629319333418653,0.5189133526019912,1.0703390778918294,0.4775539194797255,0.13701320871426043,0.14762988325896537,0.0,5.043585460175167,0,0,0,0,0.0,0.0,0.0,0.0,1.0
92.163774,288,490.095753,0.0,1.0,92.16377434270241,92.16377434270241,0.0,0.0,0.0,1.0,0.5796245640504484,288,28.020164523039675,0.5990035143179857,2.0,0.47820077903775704,0.11144013620085186,0.1086859405040741,0.0,nan,0,0,0,0,0.0,0.0,0.0,0.0,0.0
73.337234,128,490.867614,1.0,0.0,73.33723429388638,73.33723429388638,0.0,0.0,0.0,0.0,0.9515110837791741,128,25.540570023637223,0.41550676034347794,0.993621396539148,0.5084115642821416,0.07189302798360586,0.07365969475358725,0.0,nan,0,0,0,0,0.0,0.0,0.0,0.0,0.0
78.561094,146,492.253005,1.0,0.0,78.56109431379406,78.56109431379406,0.0,0.0,0.0,0.0,0.9572725079377468,146,25.317025082787456,0.374650756369893,0.9933428461879384,0.5475735463304062,0.061467566718793894,0.06421011196423883,0.0,nan,0,0,0,0,0.0,0.0,0.0,0.0,0.0
87.956281,141,493.263476,1.0,0.0,87.9562812994604,87.9562812994604,0.0,0.0,0.0,0.0,0.9653899678167466,141,30.023384803744374,0.4479677987831329,0.9973662759594529,0.4659505989006225,0.06793128091392787,0.07022869248762198,0.0,nan,0,0,0,0,0.0,0.0,0.0,0.0,1.0
190.615522,288,495.462198,1.0,0.0,190.61552248814004,190.61552248814004,0.0,0.0,0.0,0.0,0.9812489952429532,288,33.28752682199329,0.3614859607865335,1.0609606918322914,0.46627621431576294,0.08946557963887851,0.08946683257818222,0.0,nan,0,0,0,0,0.0,0.0,0.0,0.0,1.0
250.866345,489,499.311651,1.0,0.0,250.8663453158176,250.8663453158176,0.0,0.0,0.0,0.0,0.9901599747943025,489,32.89468158426272,0.49035529657444615,2.0,0.5128473400734441,0.12085782189554475,0.12494914443946324,0.004686106486643012,1.0897718833610461,0,0,0,0,0.0,0.0,0.0,0.0,1.0
53.540875,166,501.223656,0.0,1.0,53.5408753278182,53.5408753278182,0.0,0.0,0.0,1.0,0.37127903464591955,166,26.524540822101567,0.5060104426940194,2.0,0.5016718031053083,0.09628713382295816,0.08537188423685281,0.0,nan,0,0,0,0,0.0,0.0,0.0,0.0,1.0
196.694832,297,503.605153,0.0,1.0,196.69483170344733,196.69483170344733,0.0,0.0,0.0,1.0,0.8902898503853168,297,36.452313802858505,0.280959369886194,2.0,0.47461370323543195,0.045348348842325435,0.05151506746658171,0.0,nan,0,0,0,0,0.0,0.0,0.0,0.0,1.0
97.719244,215,505.827316,0.0,1.0,97.71924442393178,97.71924442393178,0.0,0.0,0.0,1.0,0.6249053702094683,215,28.822443788640996,0.3091530719098555,2.0,0.5024759944095168,0.08241295675898708,0.07917821268702663,0.0,nan,0,0,0,0,0.0,0.0,0.0,0.0,1.0
145.217608,263,507.771186,0.0,1.0,145.21760810970667,145.21760810970667,1.0,1.0,0.0,0.0,0.7357155423461872,263,32.70185319868059,0.36557339218746077,0.9630960710081138,0.49005677355559607,0.11476268990411505,0.11492751782384662,0.05364892612586588,0.7340188083807041,0,0,0,0,0.0,0.0,0.0,0.0,1.0
208.59219,309,511.483549,0.0,1.0,208.5921904576575,208.5921904576575,1.0,1.0,0.0,0.0,0.8744764794842597,309,40.0137323445373,0.4039700843215562,0.995377925345192,0.4544371206880002,0.08973913671129344,0.08464233890706281,0.0517630781122115,0.7551525048477146,0,0,0,0,0.0,0.0,0.0,0.0,1.0
260.48115,463,515.158385,0.0,1.0,260.4811499682105,260.4811499682105,0.0,0.0,0.0,1.0,0.9751281283289193,463,37.60857653760807,0.43354325977699315,1.7054541856417027,0.4439934627122807,0.07680324370093788,0.07409393401176832,0.0,9.596287258912326,0,0,0,0,0.0,0.0,0.0,0.0,1.0
250.879827,366,518.540878,0.0,1.0,250.87982730426467,250.87982730426467,0.0,0.0,0.0,1.0,0.9167765503684504,366,40.4233926046956,0.3558192535779269,2.0,0.4698192018180923,0.12993984144242082,0.12193525554052467,0.0008196527833585055,4.384957650334656,0,0,0,0,0.0,0.0,0.0,0.0,1.0
263.307741,320,521.575499,1.0,0.0,263.30774136052065,263.30774136052065,0.0,0.0,0.0,0.0,0.987821257772874,320,39.253658949840734,0.33173967038167346,0.9863156664395374,0.5148883392335847,0.07746555656194687,0.07568078096956014,0.0,5.28404018766783,0,0,0,0,0.0,0.0,0.0,0.0,1.0
94.308051,207,523.127687,0.0,1.0,94.30805051400978,94.30805051400978,0.0,0.0,0.0,1.0,0.5516143073429313,207,26.611850446538487,0.2924898966337678,1.3416722759285422,0.4395706161208775,0.0916186144962403,0.08753198039704475,0.0,nan,0,0,0,0,0.0,0.0,0.0,0.0,1.0
194.168549,274,525.545729,0.0,1.0,194.168549259469,194.168549259469,0.0,0.0,0.0,1.0,0.8771750846795006,274,35.444394146933206,0.2505307519304643,2.0,0.45560685095180126,0.0689855000398455,0.0704377306638843,0.0,7.92582663324594,0,0,0,0,0.0,0.0,0.0,0.0,1.0
78.038249,191,527.183832,0.0,1.0,78.03824948312692,78.03824948312692,0.0,0.0,0.0,1.0,0.6401957908791354,191,30.689383259653024,0.44004507183923075,2.0,0.43904521210967556,0.08028550235388791,0.08092094715977215,0.0,nan,0,0,0,0,0.0,0.0,0.0,0.0,1.0
296.064341,381,530.993237,1.0,0.0,296.06434069341736,296.06434069341736,0.0,0.0,0.0,0.0,0.9900226176600934,381,36.572093791315936,0.2729440563310949,0.9943390171803792,0.4952070608813306,0.08670305079362524,0.0853438427442015,0.025703725637769483,2.1911483178329094,0,0,0,0,0.0,0.0,0.0,0.0,1.0
25.460718,85,531.748228,0.0,1.0,25.460717977651008,25.460717977651008,0.0,0.0,0.0,1.0,0.14660490745354107,85,23.36352406598702,0.24775395104235698,1.0719253345398023,0.4485920115867082,0.06112846767201143,0.07289317355436438,0.0,nan,0,0,0,0,0.0,0.0,0.0,0.0,1.0
153.88456,348,534.538739,0.0,1.0,153.88456011094044,153.88456011094044,0.0,0.0,0.0,1.0,0.48554595025386377,348,31.73642608469175,0.5075952640768304,2.0,0.46221562815380507,0.08584071113460365,0.08350470456583746,0.0,nan,0,0,0,0,0.0,0.0,0.0,0.0,1.0
237.816023,305,537.030498,1.0,0.0,237.8160230324916,237.8160230324916,0.0,0.0,0.0,0.0,0.9898338304637126,305,43.83224027570363,0.40549083358268684,0.9777568490628781,0.4557549157103554,0.041929826189260014,0.044153983084881894,0.0,8.423957877284545,0,0,0,0,0.0,0.0,0.0,0.0,1.0
257.345384,360,540.753883,1.0,0.0,257.34538447032025,257.34538447032025,0.0,0.0,0.0,0.0,0.9883318915426754,360,37.03903131444375,0.3453722546252482,0.9902743773287754,0.4698324540009101,0.13750607503785028,0.1348785317606396,0.012715015324928977,2.8741531541849397,0,0,0,0,0.0,0.0,0.0,0.0,1.0
296.588825,358,543.869735,1.0,0.0,296.58882512616447,296.58882512616447,0.0,0.0,0.0,0.0,0.98919062381178,358,39.839034636102056,0.2705675612806271,0.9270284352569717,0.4641867796656306,0.10943757189052732,0.11068594472368336,0.015450957367264264,1.9023561010553447,0,0,0,0,0.0,0.0,0.0,0.0,1.0
214.29219,314,546.48569,0.0,1.0,214.29218973944194,214.29218973944194,1.0,1.0,0.0,0.0,0.8123993623867839,314,35.86083553742434,0.30115193314370764,0.9851839668084409,0.4481376722383841,0.09220169721894962,0.08968213789022653,0.010199374148616637,2.386284967758918,0,0,0,0,0.0,0.0,0.0,0.0,1.0
169.972184,362,550.306808,0.0,1.0,169.9721842643172,169.9721842643172,0.0,0.0,0.0,1.0,0.801813862221515,362,30.133571987701522,0.4249812166114647,2.0,0.42928851959784387,0.07722141202642115,0.07616139544966471,0.0,nan,0,0,0,0,0.0,0.0,0.0,0.0,1.0
154.492059,253,552.286704,0.0,1.0,154.49205858317526,154.49205858317526,0.0,0.0,0.0,1.0,0.6323831433077743,253,35.97463432068014,0.42514505343346687,2.0,0.43764855156067334,0.08956271527784145,0.09228635541063995,0.0017422710420197881,3.869685089343266,0,0,0,0,0.0,0.0,0.0,0.0,1.0
243.36894,287,554.443575,1.0,0.0,243.36894005298242,243.36894005298242,0.0,0.0,0.0,0.0,0.9819161896648956,287,35.257443323199254,0.2375070101765155,0.9432082852806741,0.4978862134058301,0.06931710450906786,0.06621287924072053,0.0,nan,0,0,0,0,0.0,0.0,0.0,0.0,1.0
168.476888,232,557.136553,0.0,1.0,168.47688823842697,168.47688823842697,1.0,1.0,0.0,0.0,0.7130031537312053,232,34.88595667601071,0.21656787646492778,0.9911699696037463,0.4678638123361201,0.06642029768434064,0.0664705628978795,0.056650859119256866,0.8938341412388195,0,0,0,0,0.0,0.0,0.0,0.0,1.0
143.503735,227,558.923903,0.0,1.0,143.5037350131543,143.5037350131543,1.0,1.0,0.0,0.0,0.5782420482195737,227,32.389489762388784,0.25963702386535153,1.1013158634145073,0.4915949416711992,0.12341948490310871,0.12235371446819558,0.06834126267971498,1.0402763873767447,0,0,0,0,0.0,0.0,0.0,0.0,1.0
139.910358,282,561.072763,0.0,1.0,139.9103576820978,139.9103576820978,0.0,0.0,0.0,1.0,0.5692435243555919,282,34.878657790115966,0.4105008081336256,2.0,0.47883380518843094,0.06996751212059184,0.06979881406675839,0.0,nan,0,0,0,0,0.0,0.0,0.0,0.0,1.0
200.545443,305,563.735217,1.0,0.0,200.5454432739271,200.5454432739271,0.0,0.0,0.0,0.0,0.98203664451357,305,31.805147189787515,0.3281861741587814,1.768730874980699,0.41162770092487333,0.047359248067511885,0.048994567746021706,0.0,nan,0,0,0,0,0.0,0.0,0.0,0.0,1.0
104.438477,224,566.28927,0.0,1.0,104.43847685825018,104.43847685825018,0.0,0.0,0.0,1.0,0.5068032341705555,224,28.086914593620993,0.3558583365123817,1.3533267655503305,0.4729431495236765,0.12185557612351008,0.11457089707255363,8.261112414470631e-05,4.928502328023727,0,0,0,0,0.0,0.0,0.0,0.0,1.0
206.508568,326,568.796356,1.0,1.0,206.50856789978505,206.50856789978505,0.0,0.0,0.0,1.0,1.0005345279972029,326,37.285575812134645,0.46948033164167774,1.2125985939855681,0.4662615768954249,0.07720365407276739,0.08286304049696659,0.018467270047346038,2.362901287855987,0,0,0,0,0.0,0.0,0.0,0.0,1.0
110.095946,259,571.040757,0.0,1.0,110.09594602597996,110.09594602597996,1.0,1.0,0.0,0.0,0.588481009813594,259,34.696548278582654,0.5495688884460478,1.3506868688659688,0.4739142105587431,0.07622916127724076,0.07754988928098937,0.03967179327360839,0.6506329749768666,0,0,0,0,0.0,0.0,0.0,0.0,1.0
179.490376,350,575.089345,1.0,0.0,179.49037626713485,179.49037626713485,0.0,0.0,0.0,0.0,0.9877119586633846,350,31.83655623082179,0.5093761304333362,1.058081700262497,0.473655287027359,0.07639313561575753,0.07592202731541225,0.0,nan,0,0,0,0,0.0,0.0,0.0,0.0,1.0
67.61991,266,577.128958,0.0,1.0,67.61990964687111,67.61990964687111,0.0,0.0,0.0,1.0,0.8754137976410833,266,34.79285083269057,0.781217552986466,2.0,0.4332299037115242,0.11021455741466436,0.11265373543689125,0.0,nan,0,0,0,0,0.0,0.0,0.0,0.0,1.0
119.216913,307,579.808401,0.0,1.0,119.21691316679428,119.21691316679428,0.0,0.0,0.0,1.0,0.8749432419809363,307,31.606764422328556,0.5387796080866217,2.0,0.49418934759856825,0.09257002024386526,0.09259515554198225,0.0,nan,0,0,0,0,0.0,0.0,0.0,0.0,1.0
107.956215,252,582.156833,0.0,1.0,107.95621543102237,107.95621543102237,1.0,1.0,0.0,0.0,0.515589843620236,252,30.445809872125793,0.48122676544782195,0.9909274535139094,0.4926358172522178,0.1665189512192257,0.15702189434142338,0.0674090168524707,1.3209348409123045,0,0,0,0,0.0,0.0,0.0,0.0,1.0
26.154384,150,583.235789,0.0,1.0,26.15438378653927,26.15438378653927,0.0,0.0,0.0,1.0,0.3122806310733122,150,22.709453629160805,0.5159365141231247,1.183390168704224,0.43482167849938075,0.0842758043607076,0.08643965482711792,0.0,nan,0,0,0,0,0.0,0.0,0.0,0.0,1.0
118.194497,324,586.574247,0.0,1.0,118.19449730040719,118.19449730040719,0.0,0.0,0.0,1.0,0.9430365493713523,324,40.11234836180928,0.7588274438346243,2.0,0.45806447639601466,0.06709376676582995,0.06728139998000345,0.0,nan,0,0,0,0,0.0,0.0,0.0,0.0,1.0
37.18974,124,587.408567,0.0,1.0,37.18973982351921,37.18973982351921,0.0,0.0,0.0,1.0,0.35688204487594394,124,27.67076871069491,0.4602086079025089,2.0,0.40415024517043946,0.026607005826888547,0.03642194501815304,0.0,nan,0,0,0,0,0.0,0.0,0.0,0.0,1.0
59.756443,164,589.203924,0.0,1.0,59.756443420608335,59.756443420608335,0.0,0.0,0.0,1.0,0.32546666133937524,164,27.9385627889683,0.4366680023660874,1.6249939295406834,0.41730084420159097,0.12599323144773159,0.1263443071667741,0.0,nan,0,0,0,0,0.0,0.0,0.0,0.0,1.0
147.346574,341,592.005133,0.0,1.0,147.3465738652944,147.3465738652944,0.0,0.0,0.0,1.0,0.930523103535154,341,38.1986588105464,0.5947448608144666,2.0,0.45046146204176185,0.09059184073003507,0.08741424440288824,0.0,nan,0,0,0,0,0.0,0.0,0.0,0.0,1.0
63.678276,197,594.468116,0.0,1.0,63.678276495367356,63.678276495367356,0.0,0.0,0.0,1.0,0.42384984748849036,197,34.206025831763505,0.6219121181797621,2.0,0.5093597277696362,0.07264741665215661,0.0691331225603365,0.0016631049028149106,4.395299195548735,0,0,0,0,0.0,0.0,0.0,0.0,1.0
16.063474,91,595.108819,0.0,1.0,16.063474408770755,16.063474408770755,0.0,0.0,0.0,1.0,0.2082285520975125,91,23.382125498514572,0.48258823796825107,1.2837051671459194,0.46968968548290024,0.09508892992040613,0.10131507129459591,0.0,nan,0,0,0,0,0.0,0.0,0.0,0.0,1.0
13.742647,99,596.325361,0.0,1.0,13.742646871547773,13.742646871547773,0.0,0.0,0.0,1.0,0.16448249170183005,99,22.016103836272666,0.5574103040964496,2.0,0.4546960742786677,0.09682703861082444,0.1041963750665838,0.0,nan,0,0,0,0,0.0,0.0,0.0,0.0,1.0
161.491647,327,599.023255,0.0,1.0,161.49164705401947,161.49164705401947,0.0,0.0,0.0,1.0,0.7725284941001407,327,35.36572943465646,0.4019974733299306,1.1709786869548036,0.46645403727433365,0.1036697206876329,0.10166463720689126,0.0,nan,0,0,0,0,0.0,0.0,0.0,0.0,1.0
88.616077,432,603.96153,0.0,1.0,88.61607656761021,88.61607656761021,0.0,0.0,0.0,1.0,0.7388992780870013,432,37.24630134725534,0.8686390201111472,2.0,0.4501915000965474,0.11914002371055109,0.11125357449054718,0.044791710422807024,0.09644371571872372,0,0,0,0,0.0,0.0,0.0,0.0,1.0
96.467846,212,605.668525,0.0,1.0,96.46784586069546,96.46784586069546,0.0,0.0,0.0,1.0,0.7083817428692833,212,32.48499218125563,0.4125526125322882,2.0,0.45560768647295125,0.08948777756601009,0.08755875645943408,0.0,nan,0,0,0,0,0.0,0.0,0.0,0.0,1.0
193.842682,295,608.227756,0.0,1.0,193.84268214871338,193.84268214871338,0.0,0.0,0.0,1.0,1.0039670399828857,295,38.13782547107798,0.39367793942645574,1.5916136433919723,0.5215569906946966,0.10079017534094342,0.09812549776950125,0.045130861919868266,1.1406043303551907,0,0,0,0,0.0,0.0,0.0,0.0,1.0
17.299332,157,609.526193,0.0,1.0,17.29933176440065,17.29933176440065,0.0,0.0,0.0,1.0,0.33346575658533967,157,26.6049139949804,0.6715953451127855,2.0,0.4468270375090799,0.09287080339565398,0.09167166993876172,0.0,nan,0,0,0,0,0.0,0.0,0.0,0.0,1.0
33.845448,106,610.543967,0.0,1.0,33.84544771350851,33.84544771350851,0.0,0.0,0.0,1.0,0.19151218435759382,106,22.77738949984759,0.28453020576860566,1.7662648572379809,0.47578058662420175,0.09279815993219051,0.10572208998338231,0.0,nan,0,0,0,0,0.0,0.0,0.0,0.0,1.0
41.894208,200,612.101954,0.0,1.0,41.89420839813059,41.89420839813059,1.0,1.0,0.0,0.0,0.5069411303323063,200,34.52746313487055,0.8873999362378783,2.0,0.5050997170433402,0.10194665491580963,0.08975918889045716,0.06273318031550074,0.7389205260560295,0,0,0,0,0.0,0.0,0.0,0.0,1.0
215.984019,360,615.501847,1.0,0.0,215.98401868246376,215.98401868246376,0.0,0.0,0.0,0.0,0.9856048983879181,360,33.14082227432387,0.38644491770966366,1.2353264000976287,0.47529041195909183,0.1505389917227957,0.13160436782572005,0.0038520769740677634,3.928809407463925,0,0,0,0,0.0,0.0,0.0,0.0,1.0
28.609738,130,616.639832,0.0,1.0,28.609737744526214,28.609737744526214,0.0,0.0,0.0,1.0,0.3929742289473926,130,26.92919827004814,0.5003035340812123,2.0,0.4211402166348237,0.061694316680614765,0.06522355721547053,0.0,nan,0,0,0,0,0.0,0.0,0.0,0.0,1.0
138.355033,213,618.571083,0.0,1.0,138.35503250829362,138.35503250829362,0.0,0.0,0.0,1.0,0.6593395100962802,213,40.38764063945665,0.3695374211761448,2.0,0.4548064892140912,0.06738835097478589,0.07563184796364654,0.0,nan,0,0,0,0,0.0,0.0,0.0,0.0,1.0
42.544752,248,620.816055,0.0,1.0,42.54475171343354,42.54475171343354,0.0,0.0,0.0,1.0,0.3861965326891193,248,34.06658769508139,0.9032709887586184,2.0,0.446686573296545,0.09895798371684167,0.10144807446387506,0.00464899259715654,3.0147171802602015,0,0,0,0,0.0,0.0,0.0,0.0,1.0
17.973284,140,622.727855,0.0,1.0,17.973283711790213,17.973283711790213,0.0,0.0,0.0,1.0,0.30455458708480604,140,25.27755841903075,0.5791596195213599,1.87908490547184,0.40960628794772286,0.1296124977724893,0.13145682556288582,0.0,nan,0,0,0,0,0.0,0.0,0.0,0.0,1.0
211.997013,268,625.167048,1.0,0.0,211.997012676296,211.997012676296,0.0,0.0,0.0,0.0,1.0024068115676041,268,36.37934638554794,0.3089130043831591,1.314877738246108,0.43280340333594314,0.08359929007380756,0.08405334691503155,0.0,nan,0,0,0,0,0.0,0.0,0.0,0.0,1.0
86.478873,214,626.855562,0.0,1.0,86.47887310936581,86.47887310936581,0.0,0.0,0.0,1.0,0.43988356366993214,214,29.905350861963036,0.477228751145383,2.0,0.485994818402785,0.0741107352426119,0.07768529820665021,0.0,nan,0,0,0,0,0.0,0.0,0.0,0.0,1.0
136.240774,216,628.687248,1.0,0.0,136.24077424798955,136.24077424798955,0.0,0.0,0.0,0.0,0.979248543955015,216,37.67607759270293,0.49952299797096233,1.4081975227631953,0.4264893526280368,0.09821000364091662,0.09107346115288911,0.0,nan,0,0,0,0,0.0,0.0,0.0,0.0,1.0
79.363939,209,630.889601,0.0,1.0,79.36393939079397,79.36393939079397,0.0,0.0,0.0,1.0,0.5463012005543496,209,36.75113933863726,0.5652404772499143,2.0,0.435063240933789,0.08540090647610751,0.08323985823033529,0.0,9.870897427375208,0,0,0,0,0.0,0.0,0.0,0.0,1.0
257.446856,344,634.752964,1.0,0.0,257.44685560268283,257.44685560268283,0.0,0.0,0.0,0.0,0.9877349048674936,344,40.561118160756024,0.36776877529100516,2.0,0.4563438451069212,0.12614180736763533,0.12967173148726308,0.010064859219193303,1.8536058014796502,0,0,0,0,0.0,0.0,0.0,0.0,1.0
69.629113,250,636.694689,0.0,1.0,69.62911330558417,69.62911330558417,0.0,0.0,0.0,1.0,0.7550902054052953,250,34.035024584740505,0.7289652080745175,2.0,0.4681351296156645,0.1112390627861023,0.10750512266159058,0.0,nan,0,0,0,0,0.0,0.0,0.0,0.0,1.0
21.518292,98,637.789566,0.0,1.0,21.51829169924176,21.51829169924176,0.0,0.0,0.0,1.0,0.13925139897133085,98,23.883379595706018,0.5483309608400839,2.0,0.4866067231157605,0.10036750593963935,0.11198774649172413,0.02719131607556471,1.4279972785636028,0,0,0,0,0.0,0.0,0.0,0.0,1.0
68.773497,179,639.216264,0.0,1.0,68.77349653502334,68.77349653502334,0.0,0.0,0.0,1.0,0.5752948347130701,179,37.86997853213114,0.5420171191448399,1.9108125224702956,0.4577873745652217,0.0647584219884606,0.06605478938065427,0.0,nan,0,0,0,0,0.0,0.0,0.0,0.0,1.0
38.814047,153,640.797039,0.0,1.0,38.814046936900084,38.814046936900084,0.0,0.0,0.0,1.0,0.3710874394683405,153,32.28657389394687,0.6735459755479752,2.0,0.43902165515750063,0.06947303909102297,0.07220365175234726,0.0,nan,0,0,0,0,0.0,0.0,0.0,0.0,1.0
106.251082,240,643.633541,0.0,1.0,106.25108196699233,106.25108196699233,0.0,0.0,0.0,1.0,0.8553254463983653,240,32.06186783593662,0.4821986922874562,1.643772523458062,0.44157529265309375,0.09635751843452453,0.08753077288468679,0.0,nan,0,0,0,0,0.0,0.0,0.0,0.0,1.0
199.095085,330,646.201733,1.0,0.0,199.0950854679976,199.0950854679976,0.0,0.0,0.0,0.0,0.985160911912852,330,34.422320728423315,0.47323962245554996,1.484373542896437,0.4357247246485768,0.07651076425205577,0.06973843755144062,0.0,nan,0,0,0,0,0.0,0.0,0.0,0.0,1.0
46.325495,165,647.656332,0.0,1.0,46.32549529886755,46.32549529886755,0.0,0.0,0.0,1.0,0.43913626849583115,165,30.322555379295338,0.7047433070220321,2.0,0.35989792883170374,0.08525892532233036,0.09852774793451483,0.0,nan,0,0,0,0,0.0,0.0,0.0,0.0,1.0
100.794541,272,650.13877,0.0,1.0,100.79454092181551,100.79454092181551,0.0,0.0,0.0,1.0,0.5990239175213142,272,28.719567386909794,0.49478482844453353,1.7644142427653844,0.4345052119015771,0.091211476308458,0.09531213167835684,0.0,5.7890528237046635,0,0,0,0,0.0,0.0,0.0,0.0,1.0
90.619664,239,652.940396,0.0,1.0,90.61966380287451,90.61966380287451,1.0,1.0,0.0,0.0,0.6317003392099774,239,34.208300024465046,0.6047505400530343,1.4484570003772794,0.4653580238317845,0.15550148536969427,0.1383326991332625,0.06089468339617972,1.0974521663673436,0,0,0,0,0.0,0.0,0.0,0.0,1.0
75.281615,233,655.004736,0.0,1.0,75.2816145167844,75.2816145167844,0.0,0.0,0.0,1.0,0.5483300146881123,233,30.11240326187761,0.5677711272164221,2.0,0.47889829155201563,0.10443477594801284,0.10178316944146873,0.0,nan,0,0,0,0,0.0,0.0,0.0,0.0,1.0
81.614384,204,656.478198,0.0,1.0,81.61438358832412,81.61438358832412,0.0,0.0,0.0,1.0,0.5913009084887187,204,33.30951023779412,0.5921019935598522,2.0,0.4273483398936543,0.125329478114259,0.10882064758562575,0.0,nan,0,0,0,0,0.0,0.0,0.0,0.0,1.0
27.539344,130,657.76645,0.0,1.0,27.53934386261225,27.53934386261225,0.0,0.0,0.0,1.0,0.2916389485799814,130,27.43261122255892,0.48995279065213,2.0,0.43232111403575313,0.062059245659754826,0.06567718799297627,0.0,nan,0,0,0,0,0.0,0.0,0.0,0.0,1.0
204.898501,320,661.063116,1.0,0.0,204.89850074758147,204.89850074758147,0.0,0.0,0.0,0.0,0.98666426090969,320,33.73574916075516,0.4197740651836952,1.3224103911213592,0.44586513268295674,0.13926419876515866,0.13397942036390303,0.0,nan,0,0,0,0,0.0,0.0,0.0,0.0,1.0
27.705923,89,661.901542,0.0,1.0,27.70592318367872,27.70592318367872,1.0,1.0,0.0,0.0,0.15624199030503852,89,24.693773471192728,0.2943683072294488,1.0128865750041733,0.44239840003546704,0.10642711098274488,0.13565714171763216,0.0,nan,0,0,0,0,0.0,0.0,0.0,0.0,1.0
285.130786,345,664.631047,1.0,0.0,285.1307864817226,285.1307864817226,0.0,0.0,0.0,0.0,0.987904651137855,345,40.83229770441224,0.3248489896434772,1.2077372932775698,0.49354853345000227,0.12790403124214947,0.11525377259738204,0.0,nan,0,0,0,0,0.0,0.0,0.0,0.0,1.0
267.597278,266,666.552234,1.0,0.0,267.5972782825259,267.5972782825259,0.0,0.0,0.0,0.0,0.9843069425088566,266,40.32384797477857,0.18725318129734964,0.9286714432281274,0.4964034381721701,0.08762093683830778,0.08839138558036402,0.0,8.265154088023415,0,0,0,0,0.0,0.0,0.0,0.0,1.0
146.572949,259,668.70793,0.0,1.0,146.57294930901716,146.57294930901716,0.0,0.0,0.0,1.0,0.7601785829096679,259,30.993150858311882,0.2953440848667873,1.273601643617878,0.4908538322651248,0.16468682298328885,0.16511036070157203,0.048093936456624437,1.4848615151085376,0,0,0,0,0.0,0.0,0.0,0.0,1.0
188.961125,284,672.309313,0.0,1.0,188.9611254268242,188.9611254268242,1.0,1.0,0.0,0.0,0.7990524618173872,284,39.91293269196016,0.3653489904954526,1.4241685233159809,0.460642867052639,0.1088858188038141,0.11182180130985421,0.07136105975657026,0.5319713037239648,0,0,0,0,0.0,0.0,0.0,0.0,1.0
115.057695,285,673.899035,0.0,1.0,115.05769526555875,115.05769526555875,0.0,0.0,0.0,1.0,0.6834605686988321,285,34.07238645787995,0.5648410955569483,2.0,0.49160907609682336,0.11432219680986906,0.11285966279213888,0.0,nan,0,0,0,0,0.0,0.0,0.0,0.0,1.0
232.165868,263,676.846398,1.0,0.0,232.16586768557187,232.16586768557187,0.0,0.0,0.0,0.0,0.98231645296932,263,36.0969048429921,0.20969764572106925,0.8923332142808676,0.4313341973229053,0.10538012718519783,0.10771899531549374,0.0,nan,0,0,0,0,0.0,0.0,0.0,0.0,1.0
157.451454,347,680.50533,0.0,1.0,157.45145380344067,157.45145380344067,0.0,0.0,0.0,1.0,0.7401028794774257,347,36.47229892815138,0.4692182932937295,1.6833068377078035,0.4738571134849481,0.09719816614640206,0.09373110412520702,0.0,6.165282733753507,0,0,0,0,0.0,0.0,0.0,0.0,1.0
16.168378,91,681.571702,0.0,1.0,16.16837754743333,16.16837754743333,0.0,0.0,0.0,1.0,0.15681468771871396,91,23.4070678714668,0.47336109552692024,2.0,0.4590627867114413,0.10915614222432231,0.09944359024802407,0.0,nan,0,0,0,0,0.0,0.0,0.0,0.0,1.0
166.467376,304,683.922636,1.0,0.0,166.46737586355582,166.46737586355582,0.0,0.0,0.0,0.0,0.983576093395781,304,36.26025995413619,0.5023111104696815,0.9994515788985262,0.48429625866150383,0.11422579304168098,0.11489769581117128,0.0,nan,0,0,0,0,0.0,0.0,0.0,0.0,1.0
273.14777,391,687.508889,1.0,0.0,273.1477701282895,273.1477701282895,0.0,0.0,0.0,0.0,0.9897092061284902,391,34.870372571469964,0.3269672608887285,1.0398051931726953,0.4105261578355604,0.10584703369823563,0.10415119649199268,0.0,5.619223248847114,0,0,0,0,0.0,0.0,0.0,0.0,1.0
187.289456,296,690.554275,1.0,0.0,187.28945581386492,187.28945581386492,0.0,0.0,0.0,0.0,0.9815703749272789,296,33.81361233890829,0.42899016646033644,1.746721300335293,0.4325723638002937,0.07635409646743052,0.07620537240762969,0.0,nan,0,0,0,0,0.0,0.0,0.0,0.0,1.0
100.137623,224,692.267955,0.0,1.0,100.13762297810682,100.13762297810682,0.0,0.0,0.0,1.0,0.6370074662705645,224,30.747037401072635,0.426558269908684,2.0,0.4558093008152874,0.09456574224999972,0.10048496989267212,0.0,nan,0,0,0,0,0.0,0.0,0.0,0.0,1.0
183.205701,316,694.886521,0.0,1.0,183.20570116426464,183.20570116426464,1.0,1.0,0.0,0.0,0.9259095125766729,316,33.84900592231379,0.3534055788197119,0.9693467660721247,0.45764830920703803,0.1221368529751331,0.1279386844061598,0.04236738386796378,1.2142791591317208,0,0,0,0,0.0,0.0,0.0,0.0,1.0
97.172263,179,696.313622,0.0,1.0,97.17226293886048,97.17226293886048,0.0,0.0,0.0,1.0,0.40104814151552487,179,28.93764093829666,0.21617155114718917,1.7468336453867264,0.49841570962407733,0.13206790745591318,0.12283129066062373,0.0,nan,0,0,0,0,0.0,0.0,0.0,0.0,1.0
347.630278,457,701.432292,1.0,0.0,347.63027822118073,347.63027822118073,0.0,0.0,0.0,0.0,0.992333854567372,457,38.10465627022626,0.3527332227803542,1.0625559754970273,0.4411945718399675,0.12008074754176568,0.12143673468992539,0.011298287957177487,1.4273445824058206,0,0,0,0,0.0,0.0,0.0,0.0,1.0
72.781345,198,703.033122,0.0,1.0,72.78134501855443,72.78134501855443,0.0,0.0,0.0,1.0,0.36683796911005745,198,31.9942526526542,0.4179283511514468,1.8329216555577537,0.4597999460694164,0.1167932264130525,0.11738958864501028,0.0,nan,0,0,0,0,0.0,0.0,0.0,0.0,1.0
24.135784,91,703.873091,0.0,1.0,24.135783932835977,24.135783932835977,0.0,0.0,0.0,1.0,0.20193764656408825,91,19.530187008319096,0.279841537502243,1.0978412809729177,0.38830330190095275,0.14827660675887222,0.170479708975488,0.0,nan,0,0,0,0,0.0,0.0,0.0,0.0,1.0
195.76131,289,706.469078,0.0,1.0,195.76131039373652,195.76131039373652,1.0,1.0,0.0,0.0,0.8337461768274306,289,40.866199767338074,0.4350226816456035,1.4387686651110188,0.48746119854668846,0.1246453816502977,0.11979008875916161,0.055102405898727926,0.8227195968710287,0,0,0,0,0.0,0.0,0.0,0.0,1.0
107.487051,201,708.850466,0.0,1.0,107.48705064660379,107.48705064660379,0.0,0.0,0.0,1.0,0.8331599261851834,201,37.730398490854704,0.43347997469387284,1.3845355133017798,0.3910075308319496,0.12988807461154994,0.13858468052166611,0.0,nan,0,0,0,0,0.0,0.0,0.0,0.0,1.0
204.707188,291,711.160401,1.0,0.0,204.70718774355106,204.70718774355106,0.0,0.0,0.0,0.0,0.988858991805454,291,45.90687501924155,0.5437137138338589,1.57525524935709,0.4120257459964949,0.08566757985406726,0.08482124305672661,0.0,nan,0,0,0,0,0.0,0.0,0.0,0.0,1.0
322.496781,409,714.470183,1.0,0.0,322.496780960682,322.496780960682,0.0,0.0,0.0,0.0,0.9908360650776441,409,43.75263828632671,0.44386664532749515,2.0,0.40964630264378993,0.13692936920595053,0.1435837238516959,0.02692384551513896,1.4504319537530748,0,0,0,0,0.0,0.0,0.0,0.0,1.0
215.379902,347,718.190827,1.0,0.0,215.3799016029553,215.3799016029553,0.0,0.0,0.0,0.0,0.9845552499018599,347,31.410831263248063,0.3960191566319607,0.9941705132694647,0.43160631945651956,0.1732298146063725,0.17144951559281144,0.0,9.210243589693155,0,0,0,0,0.0,0.0,0.0,0.0,1.0
151.292836,227,720.129003,0.0,1.0,151.29283636552034,151.29283636552034,0.0,0.0,0.0,1.0,0.6872901150701817,227,35.25851425501959,0.28699558076457365,1.3426102734307168,0.42633624381430874,0.10655649905687913,0.10939498672401328,0.0,nan,0,0,0,0,0.0,0.0,0.0,0.0,1.0
185.678858,324,723.074132,0.0,1.0,185.67885792550885,185.67885792550885,1.0,1.0,0.0,0.0,0.7695429873539645,324,37.90780795316637,0.45574058265822376,1.7240916331039409,0.44453406883518637,0.11961015543819946,0.11629370701165846,0.07580639699265795,0.005505084131732254,0,0,0,0,0.0,0.0,0.0,0.0,1.0
127.825826,294,725.471194,0.0,1.0,127.82582606414636,127.82582606414636,0.0,0.0,0.0,1.0,1.0009904109600563,294,38.667542631772,0.5739621990916839,2.0,0.4348077815989045,0.1370911306264449,0.1365565994158894,0.015281794571045173,1.8084628435206636,0,0,0,0,0.0,0.0,0.0,0.0,1.0
63.17867,242,728.312899,0.0,1.0,63.17866992771245,63.17866992771245,0.0,0.0,0.0,1.0,0.6936392011514041,242,28.721839217119737,0.6181593540300148,2.0,0.4378583547620734,0.07799758989948871,0.08346595301115808,0.0,nan,0,0,0,0,0.0,0.0,0.0,0.0,1.0
270.275867,310,730.445055,1.0,0.0,270.2758669337401,270.2758669337401,0.0,0.0,0.0,0.0,0.9882639660379792,310,43.14746831613165,0.3470930555938984,0.9712792494037447,0.445269697580126,0.08375942630152548,0.07684491718969037,0.0,5.191947009575051,0,0,0,0,0.0,0.0,0.0,0.0,1.0
274.119955,363,733.442554,1.0,0.0,274.11995535655217,274.11995535655217,0.0,0.0,0.0,0.0,0.9880731444188017,363,39.38318290544009,0.3796615966589101,1.2982051856785075,0.43627073259680393,0.19345339943883175,0.1781037610752852,0.0,7.366696231794266,0,0,0,0,0.0,0.0,0.0,0.0,1.0
250.853574,388,737.435072,1.0,0.0,250.85357379509114,250.85357379509114,0.0,0.0,0.0,0.0,0.9888884872982133,388,36.45247296337287,0.43535145977459827,1.2855544106196692,0.43928265137617123,0.15348973286520576,0.14763536742053082,0.0007217312950826488,4.02887849530316,0,0,0,0,0.0,0.0,0.0,0.0,1.0
105.190473,268,739.486824,0.0,1.0,105.19047310243599,105.19047310243599,0.0,0.0,0.0,1.0,0.6916759552782705,268,31.3070618524213,0.5413806958417453,2.0,0.4068743973803609,0.12785162943512646,0.1251624604659294,0.0060296458749531535,2.5705596664078922,0,0,0,0,0.0,0.0,0.0,0.0,1.0
38.206352,137,740.463383,0.0,1.0,38.20635249661981,38.20635249661981,0.0,0.0,0.0,1.0,0.39693670282323135,137,27.55553023153711,0.4541620252312559,1.7036880294592598,0.35925515482786796,0.06440482696477515,0.08119957464454818,0.0,nan,0,0,0,0,0.0,0.0,0.0,0.0,1.0
276.919307,393,743.545202,1.0,0.0,276.919306657259,276.919306657259,0.0,0.0,0.0,0.0,0.99257243945113,393,40.017274030439324,0.39813659659576345,1.3653559458137312,0.4689644847643436,0.11474574340208796,0.11722175765583534,0.002264389398739483,3.942902915403737,0,0,0,0,0.0,0.0,0.0,0.0,1.0
162.760555,261,746.299436,1.0,0.0,162.7605549418308,162.7605549418308,0.0,0.0,0.0,0.0,0.9809126072100679,261,33.66198538500225,0.44015314637969283,0.9881542708597476,0.5039774635628266,0.1022549849360382,0.08982315008667693,0.0,nan,0,0,0,0,0.0,0.0,0.0,0.0,1.0
153.650931,235,748.037112,0.0,1.0,153.65093078384348,153.65093078384348,1.0,1.0,0.0,0.0,0.6760209022995552,235,38.044393985714436,0.32891294654868825,0.9244684791024406,0.4036507508222093,0.09241625045208221,0.09020269398993634,0.07549625451198623,0.6244339013452467,0,0,0,0,0.0,0.0,0.0,0.0,2.0
215.67891,412,753.422601,1.0,0.0,215.67890991385872,215.67890991385872,0.0,0.0,0.0,0.0,0.9890405710305025,412,32.24303331640473,0.5317760402546049,1.803867298243006,0.43372071941283724,0.17620718059609236,0.15297874837245756,0.0,7.414570387971807,0,0,0,0,0.0,0.0,0.0,0.0,2.0
359.150675,549,762.303895,1.0,0.0,359.1506752423487,359.1506752423487,0.0,0.0,0.0,0.0,0.9916902815733882,549,36.457764777487995,0.4049276473164096,1.5230394108009822,0.42385661804230923,0.14365489843330315,0.13485528992824866,0.03915238333301929,1.0998790104128187,0,0,0,0,0.0,0.0,0.0,0.0,2.0
293.549451,461,770.102779,1.0,0.0,293.5494505125107,293.5494505125107,0.0,0.0,0.0,0.0,0.9903986374972107,461,32.96160321935376,0.38127641652678884,1.770462535093388,0.4270368348685883,0.17032674982852894,0.1669200963932625,0.04476797570896463,1.6419174682679383,0,0,0,0,0.0,0.0,0.0,0.0,2.0
85.987916,298,776.156859,0.0,1.0,85.98791628240932,85.98791628240932,0.0,0.0,0.0,1.0,0.3830004370130535,298,28.01008851934436,0.5896833868645901,1.7721098139346374,0.46656770012872734,0.21423240516009748,0.19573146464840677,0.020023136330613988,2.067071889256357,0,0,0,0,0.0,0.0,0.0,0.0,2.0
79.595855,253,779.77727,0.0,1.0,79.59585543399436,79.59585543399436,0.0,0.0,0.0,1.0,0.2756181692015985,253,25.47393084789523,0.5217815408295133,2.0,0.40745354601340333,0.14104129509492355,0.13341106020885965,0.0,5.078870447761904,0,0,0,0,0.0,0.0,0.0,0.0,2.0
42.21757,158,782.211935,0.0,1.0,42.217569957286145,42.217569957286145,0.0,0.0,0.0,1.0,0.1770322784164988,158,27.299951688303327,0.5814463272428056,2.0,0.4434455375222466,0.1154656945904599,0.12251929165441779,0.0,nan,0,0,0,0,0.0,0.0,0.0,0.0,2.0
123.766124,235,785.528845,0.0,1.0,123.7661238457656,123.7661238457656,1.0,1.0,0.0,0.0,0.4316439190420207,235,32.71565965283327,0.35355160653288026,1.0576139399426872,0.4574351262538991,0.09856749494025048,0.1002842091499491,0.09470600398901695,0.6796354261451802,0,0,0,0,0.0,0.0,0.0,0.0,2.0
144.900822,275,790.870608,0.0,1.0,144.90082241307758,144.90082241307758,1.0,1.0,0.0,0.0,0.3618063774593943,275,33.96106819046347,0.47855795523852274,2.0,0.4204610160264102,0.23297882817008278,0.21860253420743075,0.07848343774270439,0.7805882656091184,0,0,0,0,0.0,0.0,0.0,0.0,2.0
173.538461,309,795.313666,0.0,1.0,173.53846052992668,173.53846052992668,1.0,1.0,0.0,0.0,0.45512826937703654,309,33.05418477704821,0.3665782237900558,1.4620180692318105,0.4529259257669588,0.13907360606208974,0.13591322929727992,0.031875097314129075,2.122663973869771,0,0,0,0,0.0,0.0,0.0,0.0,2.0
110.106855,244,799.366402,0.0,1.0,110.10685469230538,110.10685469230538,0.0,0.0,0.0,1.0,0.3807223497131651,244,32.729718277252225,0.3955865552996306,2.0,0.4906816236430504,0.15642562826148798,0.14303849661936524,0.0,19.694536192895384,0,0,0,0,0.0,0.0,0.0,0.0,1.0
152.572754,252,801.853781,1.0,0.0,152.57275420022194,152.57275420022194,0.0,0.0,0.0,0.0,0.9803170735801824,252,31.3311975183111,0.40920966669898523,1.1995308530137057,0.425089768141449,0.12636054342701322,0.13435779299054826,0.0,nan,0,0,0,0,0.0,0.0,0.0,0.0,1.0
124.4181,302,805.672868,0.0,1.0,124.41810018863197,124.41810018863197,0.0,0.0,0.0,1.0,0.5737766756991434,302,27.502237444492476,0.4335727381163129,2.0,0.44459154760304664,0.15540747571465197,0.14959003396381607,0.001095671766913448,4.0589457411158225,0,0,0,0,0.0,0.0,0.0,0.0,1.0
207.83072,312,807.946556,1.0,0.0,207.83071984182772,207.83071984182772,0.0,0.0,0.0,0.0,0.985478158708085,312,37.53516056523508,0.43348691348416324,0.9888471549105308,0.43759185024417746,0.14742378202768472,0.1418406321452214,0.012356969864785856,2.4012477468672175,0,0,0,0,0.0,0.0,0.0,0.0,1.0
50.224321,140,809.149528,0.0,1.0,50.224320996372136,50.224320996372136,0.0,0.0,0.0,1.0,0.31063528080495095,140,26.940075794197075,0.31154439215409263,1.4372006964430533,0.40098716265388895,0.08220361641475132,0.09008012839726039,0.0,nan,0,0,0,0,0.0,0.0,0.0,0.0,1.0
24.78834,130,810.190435,0.0,1.0,24.788339774858038,24.788339774858038,0.0,0.0,0.0,1.0,0.254756732791785,130,26.641341232078712,0.6007522591706079,2.0,0.4000809699296951,0.1115481844315162,0.11466059684753419,0.0,nan,0,0,0,0,0.0,0.0,0.0,0.0,1.0
211.580016,283,812.145916,1.0,0.0,211.5800159947068,211.5800159947068,0.0,0.0,0.0,0.0,0.9849812786671364,283,35.916565365181626,0.337954821393625,1.405805977281239,0.4766922807551315,0.11594633500062114,0.11307264806525025,0.0,nan,0,0,0,0,0.0,0.0,0.0,0.0,1.0
260.501043,436,816.303085,1.0,0.0,260.50104255525747,260.50104255525747,0.0,0.0,0.0,0.0,0.9906194460644223,436,35.022912003859716,0.4408534170725524,1.6398969791513365,0.4335006993229783,0.1445721670848514,0.13692722189317055,0.0,8.491170195372355,0,0,0,0,0.0,0.0,0.0,0.0,1.0
231.500955,440,819.882766,0.0,1.0,231.5009552689375,231.5009552689375,0.0,0.0,0.0,1.0,0.9412175275101089,440,38.95076548353084,0.525035857322695,2.0,0.4189473963342607,0.1491525885733691,0.14484003755179317,0.036126039922627334,0.7752473523065075,0,0,0,0,0.0,0.0,0.0,0.0,1.0
221.369591,309,823.181944,1.0,0.0,221.36959056695525,221.36959056695525,0.0,0.0,0.0,0.0,0.983970008672399,309,32.44576639843936,0.293710256372867,0.969309090853961,0.46774073629896235,0.1618058156812847,0.1551506885818679,0.0,nan,0,0,0,0,0.0,0.0,0.0,0.0,1.0
212.795433,318,825.670439,1.0,0.0,212.79543316010984,212.79543316010984,0.0,0.0,0.0,0.0,0.9844445687071132,318,33.264963888280754,0.35313253086823454,0.9988764459163448,0.4191721083725211,0.17571355036969455,0.16893443221566062,0.03424613462453801,2.4594931370572493,0,0,0,0,0.0,0.0,0.0,0.0,1.0
184.833769,235,827.601429,1.0,0.0,184.83376903498387,184.83376903498387,0.0,0.0,0.0,0.0,0.9776275055329146,235,34.952001946821945,0.31161861873546254,0.9976910867989697,0.4419447305988758,0.15998082972587424,0.15620176589235346,0.0,nan,0,0,0,0,0.0,0.0,0.0,0.0,1.0
104.448625,191,829.325541,0.0,1.0,104.44862490071375,104.44862490071375,0.0,0.0,0.0,1.0,0.48222794795107315,191,28.714174969337808,0.22650038002566297,1.0850451100335865,0.45805511136017546,0.11896171994234254,0.10524190720463299,0.0,12.965598635302127,0,0,0,0,0.0,0.0,0.0,0.0,1.0
111.936435,298,832.729294,0.0,1.0,111.9364354000688,111.9364354000688,1.0,1.0,0.0,0.0,0.43242757154710043,298,28.661179605469425,0.5701091592228887,2.0,0.3848786871855291,0.14041214421291479,0.13978788036628056,0.04290283469612725,1.4022253771826563,0,0,0,0,0.0,0.0,0.0,0.0,1.0
208.666643,286,835.145743,1.0,0.0,208.66664348089125,208.66664348089125,0.0,0.0,0.0,0.0,0.9825231655810411,286,32.458091374216814,0.27101516657313734,0.9895877512026819,0.4379514453059935,0.1480658554530644,0.14320189511025702,0.0,nan,0,0,0,0,0.0,0.0,0.0,0.0,1.0
128.534548,246,837.122862,0.0,1.0,128.5345482583079,128.5345482583079,0.0,0.0,0.0,1.0,0.7179418176098232,246,32.91035695733956,0.40576022385061195,1.5362189679799145,0.46132238593891384,0.16325792452184165,0.14129688439330435,0.0,nan,0,0,0,0,0.0,0.0,0.0,0.0,1.0
195.002663,314,839.992485,1.0,0.0,195.0026627526985,195.0026627526985,0.0,0.0,0.0,0.0,0.9795735649781826,314,29.104484362582557,0.296831017979219,1.8525938980736876,0.3935975772002415,0.11851584645593242,0.12114861057062817,0.0,nan,0,0,0,0,0.0,0.0,0.0,0.0,1.0
196.383502,338,843.517918,0.0,1.0,196.3835015193751,196.3835015193751,0.0,0.0,0.0,1.0,0.7777654455227285,338,35.18936707764383,0.3803970379797081,1.0249823894036492,0.4534143830853454,0.17904002849872297,0.17007883342765492,0.00018415000317955471,4.884629105687311,0,0,0,0,0.0,0.0,0.0,0.0,1.0
235.077586,306,846.182596,1.0,0.0,235.0775857249122,235.0775857249122,0.0,0.0,0.0,0.0,0.9832473253257211,306,36.26591618852513,0.31385655326189915,0.9880259719554882,0.44543568020552593,0.13661180816444696,0.12207955745310566,0.0,nan,0,0,0,0,0.0,0.0,0.0,0.0,1.0
116.291198,273,848.571481,0.0,1.0,116.29119819849954,116.29119819849954,0.0,0.0,0.0,1.0,0.5736475771747638,273,32.268038656395525,0.46142445658458364,2.0,0.4538997024461463,0.14767288201021186,0.1428335171479445,0.03770972227575807,0.5169736364631079,0,0,0,0,0.0,0.0,0.0,0.0,1.0
272.816224,304,851.579373,1.0,0.0,272.81622373419845,272.81622373419845,0.0,0.0,0.0,0.0,0.9875362864823993,304,43.3546419988425,0.3059696957644458,0.9685533154788513,0.40899372478260804,0.19269768991752675,0.17214564547726982,0.0,7.382476864633132,0,0,0,0,0.0,0.0,0.0,0.0,1.0
323.448394,465,855.867593,1.0,0.0,323.4483942204881,323.4483942204881,0.0,0.0,0.0,0.0,0.9884199635761206,465,31.274599131632744,0.276760299924389,0.9125581330389623,0.3902059639653852,0.14931207421005413,0.14274912829040198,0.0,6.727301007774598,0,0,0,0,0.0,0.0,0.0,0.0,1.0
225.525389,290,857.947925,1.0,0.0,225.52538855724677,225.52538855724677,0.0,0.0,0.0,0.0,0.9823178835644502,290,35.824024439305425,0.27433590079326303,0.9191652302999863,0.42323288223866756,0.1023482283641552,0.10263694421998386,0.0,nan,0,0,0,0,0.0,0.0,0.0,0.0,1.0
211.387616,348,861.629305,1.0,0.0,211.38761629374088,211.38761629374088,0.0,0.0,0.0,0.0,0.9837917737193562,348,31.035680960921084,0.38620940015323396,1.8499439225509249,0.4293090598978873,0.19307662837806788,0.16823144993562808,0.0,nan,0,0,0,0,0.0,0.0,0.0,0.0,1.0
161.491116,238,863.332835,0.0,1.0,161.4911159593164,161.4911159593164,1.0,1.0,0.0,0.0,0.679961459714314,238,34.791275264952155,0.2592395109447731,0.9267703153530558,0.4323006912815471,0.17375922152976028,0.1807312454496111,0.06185316908662814,0.7323320291745565,0,0,0,0,0.0,0.0,0.0,0.0,1.0
254.243386,349,865.973186,1.0,0.0,254.2433862234214,254.2433862234214,0.0,0.0,0.0,0.0,0.9885031723842844,349,31.242514291085584,0.23405465110479162,0.8845947176942692,0.4556768522477765,0.17943454113252524,0.17532616563376177,0.004769426606061312,2.6182318681299748,0,0,0,0,0.0,0.0,0.0,0.0,1.0
280.747519,333,869.37027,1.0,0.0,280.74751948923705,280.74751948923705,0.0,0.0,0.0,0.0,0.990507282279634,333,40.01630039541157,0.30641369235794585,0.9354028048455637,0.43506133283401754,0.13075799734384805,0.12530933915673792,0.0,nan,0,0,0,0,0.0,0.0,0.0,0.0,1.0
316.228192,378,872.220265,1.0,0.0,316.228191540744,316.228191540744,0.0,0.0,0.0,0.0,0.9926107174199911,378,42.74180356318803,0.30668838404730153,1.1368727272632668,0.42320678496447506,0.14675449394675158,0.14789129943443985,0.0,nan,0,0,0,0,0.0,0.0,0.0,0.0,2.0
412.967401,624,881.072911,1.0,0.0,412.9674014154094,412.9674014154094,0.0,0.0,0.0,0.0,0.9912088142304568,624,32.06148689719824,0.3278864560600893,1.1349198507089748,0.42154900650255,0.2191946964042309,0.2049614620896486,0.014632928361595904,0.09362048968188647,0,0,0,0,0.0,0.0,0.0,0.0,2.0
123.474697,233,886.317599,0.0,1.0,123.47469732003935,123.47469732003935,1.0,1.0,0.0,0.0,0.3549848373797016,233,31.993679202712713,0.3727828253808148,1.453239089342279,0.4434374703390148,0.16744023791710194,0.15747504121755837,0.05133930749086631,2.3234260768100605,0,0,0,0,0.0,0.0,0.0,0.0,2.0
280.235213,541,893.377723,0.0,1.0,280.23521283766485,280.23521283766485,1.0,1.0,0.0,0.0,0.7912632987809256,541,31.161227835502892,0.45607565175724607,2.0,0.39486764440943045,0.20270525825221966,0.20637398528523895,0.041459350460570525,0.26122459666682935,0,0,0,0,0.0,0.0,0.0,0.0,2.0
125.10958,200,897.334013,0.0,1.0,125.10957955867201,125.10957955867201,1.0,1.0,0.0,0.0,0.31924819221823464,200,32.11961287905862,0.23664012561779263,0.9719170599877918,0.46399649176746605,0.2318053188920021,0.2325861006975174,0.08211323487126361,1.949094531934691,0,0,0,0,0.0,0.0,0.0,0.0,2.0
362.588456,604,907.241656,1.0,0.0,362.5884560728415,362.5884560728415,0.0,0.0,0.0,0.0,0.991474758023732,604,29.581167573363278,0.3321690960509349,1.206414971749862,0.4619098220958023,0.2102419398478325,0.19803028805366416,0.013897202398167751,1.5484588243560764,0,0,0,0,0.0,0.0,0.0,0.0,1.0
185.729764,436,911.971539,0.0,1.0,185.72976382388208,185.72976382388208,0.0,0.0,0.0,1.0,0.7649868919923639,436,28.039944517780174,0.4976575999075322,2.0,0.4247280548779516,0.16393587553719863,0.1570737681804447,0.0,nan,0,0,0,0,0.0,0.0,0.0,0.0,1.0
205.091975,252,913.909499,0.0,1.0,205.0919751986702,205.0919751986702,1.0,1.0,0.0,0.0,0.8941922492588383,252,38.5707865975046,0.21360061940962616,0.9793516361063155,0.4216927825103676,0.1790615384067808,0.15683475586156997,0.05661958123407586,1.0635143412931423,0,0,0,0,0.0,0.0,0.0,0.0,1.0
200.5306,332,917.088288,0.0,1.0,200.53060005929802,200.53060005929802,0.0,0.0,0.0,1.0,0.9030814682423968,332,37.05744432009525,0.36837985739530515,2.0,0.4212199417672243,0.1081203175596444,0.1111458346068141,0.0,nan,0,0,0,0,0.0,0.0,0.0,0.0,1.0
182.74973,278,919.409212,0.0,1.0,182.74972973533832,182.74972973533832,1.0,1.0,0.0,0.0,0.8184207142763128,278,37.04652354395017,0.32449525666053786,0.9967644924268173,0.4286459077337234,0.13359799273580097,0.12551068273379648,0.05188936453867267,0.8590018401752204,0,0,0,0,0.0,0.0,0.0,0.0,1.0
252.775438,383,923.783914,0.0,1.0,252.77543777074743,252.77543777074743,1.0,1.0,0.0,0.0,0.8728232413300284,383,34.23849284320021,0.28966908730369706,1.19386244223127,0.4251043541799482,0.1985596872807794,0.1844010567851851,0.044311719921677116,0.7754365174115033,0,0,0,0,0.0,0.0,0.0,0.0,1.0
216.114639,339,926.539378,0.0,1.0,216.11463927164482,216.11463927164482,1.0,1.0,0.0,0.0,0.854364494996249,339,31.865332963471356,0.2311985097529617,0.9963232190321583,0.4589123820616784,0.2313330507559762,0.223006357133916,0.04134175112033878,1.3449303480762336,0,0,0,0,0.0,0.0,0.0,0.0,1.0
211.755252,343,929.053338,0.0,1.0,211.75525183406032,211.75525183406032,0.0,0.0,0.0,1.0,0.8911589328368106,343,35.35549909911537,0.3550070380682341,2.0,0.4337792018585928,0.18019468791283255,0.165812304346624,0.0,nan,0,0,0,0,0.0,0.0,0.0,0.0,1.0
269.186542,335,932.515734,0.0,1.0,269.1865422927852,269.1865422927852,0.0,0.0,0.0,1.0,0.9027567575047519,335,38.69183058291279,0.2477578212114428,2.0,0.47410589315330803,0.22801291106352164,0.2059333591318842,0.01184282881178167,1.7682247635781443,0,0,0,0,0.0,0.0,0.0,0.0,1.0
270.778167,331,935.406888,1.0,0.0,270.77816731657276,270.77816731657276,0.0,0.0,0.0,0.0,0.9859309409962874,331,33.26630328833034,0.21480090987279937,0.8239042261196905,0.49286628489768036,0.19142404585806624,0.1903743178462694,0.0,nan,0,0,0,0,0.0,0.0,0.0,0.0,1.0
226.27016,315,938.235576,0.0,1.0,226.27016033038242,226.27016033038242,1.0,1.0,0.0,0.0,0.8670528057133088,315,42.18203973658516,0.3446738051599978,1.8497038873255258,0.4279529714749919,0.17090183004500373,0.1487434434512305,0.01763854559142045,0.09562192603017888,0,0,0,0,0.0,0.0,0.0,0.0,1.0
32.689259,93,939.765349,0.0,1.0,32.68925916608877,32.68925916608877,1.0,1.0,0.0,0.0,0.14177070664377725,93,18.081399588829562,0.08602574349954857,0.268330143324053,0.48041253080291135,0.17595355228711201,0.17893692498566002,0.009832313618966401,0.427974167180624,0,0,0,0,0.0,0.0,0.0,0.0,1.0
217.521322,315,941.982708,1.0,0.0,217.52132177134047,217.52132177134047,0.0,0.0,0.0,0.0,0.9867334060724704,315,30.293926372581932,0.27708320058285735,0.9959268272757913,0.42774286350560564,0.19446480841863722,0.17915826449318537,0.0,nan,0,0,0,0,0.0,0.0,0.0,0.0,1.0
123.126934,197,943.762971,0.0,1.0,123.12693386556498,123.12693386556498,0.0,0.0,0.0,1.0,0.5848232290581414,197,33.511047740279416,0.3009731439477324,2.0,0.39442537830868346,0.16786513201476352,0.14814950790502093,0.0,nan,0,0,0,0,0.0,0.0,0.0,0.0,1.0
171.849573,224,945.107852,1.0,0.0,171.84957288337523,171.84957288337523,0.0,0.0,0.0,0.0,0.9808554389870029,224,38.28103738925477,0.33445713653292736,0.9897254728047636,0.4564220096383776,0.12040189706853457,0.1277634437595095,0.0,nan,0,0,0,0,0.0,0.0,0.0,0.0,1.0
395.63415,571,951.88318,1.0,0.0,395.6341502497218,395.6341502497218,0.0,0.0,0.0,0.0,0.9901480686439472,571,30.3785479213328,0.2416055849893197,0.8818020162343086,0.431578011984322,0.2654877690216706,0.242008536584323,0.00560439679629851,1.8065659842690818,0,0,0,0,0.0,0.0,0.0,0.0,2.0
226.454344,414,957.048566,0.0,1.0,226.45434375859642,226.45434375859642,1.0,1.0,0.0,0.0,0.5491543364613238,414,31.38081716298672,0.36814049024753814,0.9955811989595249,0.4309287466612703,0.21665692862105254,0.2128613180872323,0.026142268534590632,1.159704514958826,0,0,0,0,0.0,0.0,0.0,0.0,2.0
526.275817,741,968.58648,1.0,0.0,526.2758171089143,526.2758171089143,0.0,0.0,0.0,0.0,0.9942124879140737,741,34.52940763109495,0.30911926465218975,0.9950602375677672,0.39329652528450715,0.2338801594237406,0.2142019501903601,0.0155931469941795,0.7855157514414542,0,0,0,0,0.0,0.0,0.0,0.0,2.0
425.056726,700,979.671279,1.0,0.0,425.05672560164163,425.05672560164163,0.0,0.0,0.0,0.0,0.9925370447090632,700,34.82192590911272,0.47516584729292555,2.0,0.37391114380742824,0.25137172971452987,0.22370578808443886,0.018216384168261268,3.016970912979706,0,0,0,0,0.0,0.0,0.0,0.0,2.0
271.839362,668,989.043332,0.0,1.0,271.8393619825346,271.8393619825346,0.0,0.0,0.0,1.0,0.7784596099411849,668,29.894324648250738,0.4667847249939019,2.0,0.39999078657801546,0.3008269350864216,0.2563504300074663,0.04354643357130637,0.003919244123503843,0,0,0,0,0.0,0.0,0.0,0.0,2.0
326.719035,623,998.817752,1.0,0.0,326.7190350924881,326.7190350924881,0.0,0.0,0.0,0.0,0.9914408510856849,623,32.39197787042028,0.5465530919224276,2.0,0.4066374181600865,0.31639422985753507,0.2645424920138731,0.011885406927906197,3.11267840135198,0,0,0,0,0.0,0.0,0.0,0.0,2.0
156.974254,320,1002.403512,0.0,1.0,156.97425364732712,156.97425364732712,0.0,0.0,0.0,1.0,0.4416385248141537,320,30.16524398542299,0.3687267013696406,1.5450201925178182,0.43655139156617223,0.2235284535214305,0.215349043905735,0.0,nan,0,0,0,0,0.0,0.0,0.0,0.0,2.0
121.524655,232,1006.371264,0.0,1.0,121.52465450788478,121.52465450788478,1.0,1.0,0.0,0.0,0.4285586569303422,232,28.112372599899853,0.27708555433406057,1.3098439321529252,0.3925802794381462,0.2205585351791875,0.23415884632488776,0.0,5.268888932684753,0,0,0,0,0.0,0.0,0.0,0.0,2.0
276.029614,556,1013.150048,0.0,1.0,276.02961367391936,276.02961367391936,1.0,1.0,0.0,0.0,0.8156964109673255,556,26.59634410660947,0.32954224571702023,1.7517323655573696,0.4520368727473475,0.3206669553149518,0.2968298149623459,0.027737863102466245,1.256043758853995,0,0,0,0,0.0,0.0,0.0,0.0,2.0
156.57119,333,1017.726973,0.0,1.0,156.57119027806777,156.57119027806777,1.0,1.0,0.0,0.0,0.3885603572537022,333,31.336723590597458,0.42636164476555427,1.2134283574341602,0.42803794379393617,0.17693367895779308,0.187539326178061,0.04469080272865903,0.979374986873743,0,0,0,0,0.0,0.0,0.0,0.0,2.0
46.578483,115,1020.120855,0.0,1.0,46.57848255110511,46.57848255110511,1.0,1.0,0.0,0.0,0.13421846139868154,115,20.505444384012158,0.1388923708744549,0.4594156051899378,0.3955448356659516,0.22641741141029026,0.22064142434493356,0.058226356974697274,1.567542487811346,0,0,0,0,0.0,0.0,0.0,0.0,2.0
393.07957,726,1029.358479,1.0,0.0,393.07956999457593,393.07956999457593,0.0,0.0,0.0,0.0,0.9929752656296241,726,28.696265260560363,0.33584445207263786,1.4206854423922728,0.4161634230550081,0.31849772665783066,0.2861245282753768,0.012432607447480626,0.970009692728637,0,0,0,0,0.0,0.0,0.0,0.0,2.0
165.807077,257,1032.681448,0.0,1.0,165.80707661415886,165.80707661415886,1.0,1.0,0.0,0.0,0.40222596050796466,257,32.87961659154216,0.29161914464049604,1.3816946597140662,0.4466240921778902,0.2979698171875356,0.24500306455077828,0.04494044778669288,1.2981058380950186,0,0,0,0,0.0,0.0,0.0,0.0,2.0
366.018388,752,1043.532713,1.0,0.0,366.0183877598818,366.0183877598818,0.0,0.0,0.0,0.0,0.9936486638322322,752,26.357767160779453,0.40078700667509753,1.266911021602996,0.44115908541518484,0.3114818214101994,0.2803187440050409,0.013449844805401887,1.9323207595277967,0,0,0,0,0.0,0.0,0.0,0.0,2.0
124.969559,244,1046.978555,0.0,1.0,124.96955916704655,124.96955916704655,0.0,0.0,0.0,1.0,0.3423440875691764,244,31.05299330159705,0.3365829537779421,2.0,0.4142118512851293,0.2560989649080839,0.2387467183050562,0.03581674219691507,0.7771449884148062,0,0,0,0,0.0,0.0,0.0,0.0,2.0
89.482297,188,1049.703941,0.0,1.0,89.48229698803549,89.48229698803549,1.0,1.0,0.0,0.0,0.3718428160167683,188,27.869116807259687,0.3244961174849059,0.9866873489005374,0.42255552743185076,0.1385470375101617,0.1286482221268593,0.009699513462148313,0.3307522870190693,0,0,0,0,0.0,0.0,0.0,0.0,2.0
134.624551,261,1055.022974,0.0,1.0,134.6245513685275,134.6245513685275,0.0,0.0,0.0,1.0,0.3551331100161222,261,28.627506230438186,0.3217017324911599,2.0,0.42443080920140863,0.26139689462395005,0.2260815460106422,0.0,28.904360818199198,0,0,0,0,0.0,0.0,0.0,0.0,2.0
488.476319,685,1063.092263,1.0,0.0,488.4763185748504,488.4763185748504,0.0,0.0,0.0,0.0,0.9928903850422057,685,32.02903484427341,0.25892141756555426,0.9661203716267547,0.43558627625342705,0.19766267816515734,0.18700571756293305,0.005653848393008365,2.9012380674700298,0,0,0,0,0.0,0.0,0.0,0.0,2.0
317.928227,484,1069.098489,0.0,1.0,317.9282269291702,317.9282269291702,0.0,0.0,0.0,1.0,0.6807188756839084,484,33.22674442752669,0.3319158459163894,1.9493852847532671,0.4014156680661908,0.2809738710768952,0.24464109552300667,0.03545297939563932,0.06327037192318223,0,0,0,0,0.0,0.0,0.0,0.0,2.0
180.145528,519,1075.651906,0.0,1.0,180.14552837683368,180.14552837683368,1.0,1.0,0.0,0.0,0.6035588805947811,519,25.864554598587,0.57297692492751,2.0,0.43601911802469306,0.3039033093663769,0.2640699354899412,0.026343996303130807,1.8963026470728293,0,0,0,0,0.0,0.0,0.0,0.0,2.0
218.414318,355,1082.331178,0.0,1.0,218.41431815153464,218.41431815153464,1.0,1.0,0.0,0.0,0.5611047609132214,355,34.12461758846854,0.3472160529707692,1.4589090953189017,0.4089530755411571,0.20993463623691613,0.20857235629793625,0.056566860727931524,0.6992992959919033,0,0,0,0,0.0,0.0,0.0,0.0,2.0
179.640478,294,1085.866249,0.0,1.0,179.6404781571306,179.6404781571306,1.0,1.0,0.0,0.0,0.6095548723649854,294,31.64983091630339,0.2958749463884381,0.640369832050052,0.4182916089486914,0.22349434320618505,0.21188739002967366,0.059922749686140434,1.6401167263007443,0,0,0,0,0.0,0.0,0.0,0.0,2.0
496.901134,915,1097.621022,1.0,0.0,496.9011335477263,496.9011335477263,0.0,0.0,0.0,0.0,0.992623937317756,915,26.118481589097176,0.30328199581644033,1.5699777035978488,0.44722387177330225,0.34094743246589204,0.3172269874583177,0.0006076409600540639,4.098855527599179,0,0,0,0,0.0,0.0,0.0,0.0,2.0
98.910347,175,1100.325333,0.0,1.0,98.91034661693143,98.91034661693143,1.0,1.0,0.0,0.0,0.3585537525317201,175,30.077290003171733,0.259141664066302,0.9578589051841548,0.3420873518075262,0.17681934492928642,0.17962968962533132,0.005597855057028332,0.10187682510020947,0,0,0,0,0.0,0.0,0.0,0.0,2.0
126.706681,253,1104.383285,0.0,1.0,126.70668082333242,126.70668082333242,1.0,1.0,0.0,0.0,0.40402149766200834,253,31.602662693254526,0.42315177497758166,1.6666280625420455,0.46477177092739247,0.28104364070967724,0.2434717221222376,0.03569932947675999,2.0618673106026497,0,0,0,0,0.0,0.0,0.0,0.0,2.0
237.365715,398,1110.292883,0.0,1.0,237.36571494609112,237.36571494609112,1.0,1.0,0.0,0.0,0.6763451145083016,398,30.45939432097483,0.2777589723978134,1.2649576929905002,0.4307307495534345,0.2651409575687581,0.2201689293037108,0.005122442232770015,0.4649936705336108,0,0,0,0,0.0,0.0,0.0,0.0,2.0
25.693701,85,1111.473686,0.0,1.0,25.6937006510134,25.6937006510134,1.0,1.0,0.0,0.0,0.10126803978366346,85,19.0362679381055,0.20217055966281064,0.7854250365964583,0.40979913665967826,0.29522487976971795,0.1958964698454913,0.054307842551866214,0.7503664068706584,0,0,0,0,0.0,0.0,0.0,0.0,2.0
222.629954,369,1116.020479,0.0,1.0,222.62995403485144,222.62995403485144,1.0,1.0,0.0,0.0,0.6127512409211376,369,31.41523924308116,0.32464691256219613,2.0,0.39333393016885615,0.23135562350110309,0.2229302979420194,0.0334856930133996,1.9731682369560288,0,0,0,0,0.0,0.0,0.0,0.0,2.0
422.478489,752,1128.024948,1.0,0.0,422.4784889463133,422.4784889463133,0.0,0.0,0.0,0.0,0.9924245625557927,752,30.032473848257105,0.3865476365046082,1.1037262274875417,0.4246562996661251,0.32458064744764187,0.2655079120651205,0.007196371542609865,2.183014859018852,0,0,0,0,0.0,0.0,0.0,0.0,2.0
174.828634,342,1133.31082,0.0,1.0,174.82863378912717,174.82863378912717,1.0,1.0,0.0,0.0,0.6999317811878397,342,31.482556975593624,0.3922390641231479,1.0824045641181046,0.41159842163324356,0.270696198731138,0.23817934540280125,0.051175970494701774,0.5816929528163665,0,0,0,0,0.0,0.0,0.0,0.0,2.0
193.70484,307,1138.97138,0.0,1.0,193.7048400758201,193.7048400758201,1.0,1.0,0.0,0.0,0.3717678767578676,307,34.23041381576928,0.3264197196924284,0.9979438647357002,0.40327467665027716,0.24897325771833476,0.24187306249180524,0.07152878212534718,0.6427124393321818,0,0,0,0,0.0,0.0,0.0,0.0,2.0
385.902579,653,1147.258805,0.0,1.0,385.90257939341944,385.90257939341944,1.0,1.0,0.0,0.0,0.5959734589446628,653,30.268416148125738,0.30017783880910937,0.9954243362803076,0.39882699833757845,0.3036837552718328,0.27172326402678787,0.020566032349469923,0.5962974070696706,0,0,0,0,0.0,0.0,0.0,0.0,2.0
447.370621,644,1155.638467,1.0,0.0,447.37062089975853,447.37062089975853,0.0,0.0,0.0,0.0,0.9928692747085812,644,32.57374143214778,0.2796103023925146,1.1853990551591673,0.3823488360698919,0.2859275602035641,0.25841645729837953,0.006437975753559246,2.735160182772949,0,0,0,0,0.0,0.0,0.0,0.0,2.0
505.767627,876,1167.009825,1.0,0.0,505.76762715448774,505.76762715448774,0.0,0.0,0.0,0.0,0.9947848512080782,876,28.522819054091304,0.2950030019259658,1.0392878851868665,0.4250969281292533,0.36198732365756275,0.3180835436876506,0.012439087574262563,2.4438379799620464,0,0,0,0,0.0,0.0,0.0,0.0,3.0
486.606992,973,1187.667743,0.0,1.0,486.60699219538276,486.60699219538276,1.0,1.0,0.0,0.0,0.7141613228865049,973,26.8268299055523,0.3332291868276954,0.9934431222394453,0.4067187370810914,0.3709354223903625,0.3235753791182774,0.024087501195117846,1.0375630401379672,0,0,0,0,0.0,0.0,0.0,0.0,3.0
30.423789,100,1190.288915,0.0,1.0,30.423789424724205,30.423789424724205,1.0,1.0,0.0,0.0,0.08472910469750247,100,20.993959739296287,0.3067434704881399,0.6629117017761177,0.3891351187229157,0.2653339439630508,0.27542800664901734,0.0,nan,0,0,0,0,0.0,0.0,0.0,0.0,3.0
271.200638,474,1199.097472,0.0,1.0,271.20063820080696,271.20063820080696,1.0,1.0,0.0,0.0,0.4915033155439689,474,29.43561456188819,0.2953283369782259,0.8359946408727764,0.4365897429910516,0.3765082261230372,0.34971843842212663,0.07811621693389856,0.4332104952965021,0,0,0,0,0.0,0.0,0.0,0.0,3.0
31.500319,102,1201.125265,0.0,1.0,31.50031879438162,31.50031879438162,1.0,1.0,0.0,0.0,0.07796779704383394,102,19.10485130937899,0.2251128631539729,0.8694350990757573,0.4019336470713218,0.35060297040378346,0.32331746582891424,0.008387381010540875,0.7224356846241536,0,0,0,0,0.0,0.0,0.0,0.0,3.0
287.498626,572,1212.739536,0.0,1.0,287.49862573007755,287.49862573007755,1.0,1.0,0.0,0.0,0.4619830784425321,572,24.551225374128954,0.24401844320036753,1.0117754600041344,0.4440006660558023,0.38231816741970037,0.335993703324478,0.04236068293433138,0.8318058150995548,0,0,0,0,0.0,0.0,0.0,0.0,3.0
274.668508,484,1220.90259,0.0,1.0,274.6685077478116,274.6685077478116,1.0,1.0,0.0,0.0,0.5023054887008354,484,27.14479639159383,0.23448010048063217,0.8134270146336766,0.4252329288927977,0.33778340523400585,0.30008945337011794,0.0760943014422464,1.324969088978376,0,0,0,0,0.0,0.0,0.0,0.0,3.0
396.744216,586,1232.025028,1.0,0.0,396.74421607189066,396.74421607189066,0.0,0.0,0.0,0.0,0.9900862273460531,586,28.67477512050994,0.2158726680795956,0.961088721009831,0.38626365618519615,0.3403745233097174,0.31236929443915956,0.012596176574902364,2.8940226567026377,0,0,0,0,0.0,0.0,0.0,0.0,3.0
126.525928,229,1237.382922,0.0,1.0,126.52592804748969,126.52592804748969,1.0,1.0,0.0,0.0,0.2543874855296361,229,30.47683490319314,0.31015375808604023,0.9014404624736747,0.37252876103965477,0.3044265899075171,0.26155662484564635,0.012937080926112602,3.2986663293068084,0,0,0,0,0.0,0.0,0.0,0.0,3.0
342.663152,662,1250.699724,0.0,1.0,342.66315233402133,342.66315233402133,1.0,1.0,0.0,0.0,0.797748968032037,662,25.37675010340957,0.2757624616589725,1.000149536482052,0.3943778862360741,0.363126966168153,0.3374147108134186,0.029179695054053875,0.4907945252834412,0,0,0,0,0.0,0.0,0.0,0.0,3.0
197.148477,372,1258.255171,0.0,1.0,197.14847713115617,197.14847713115617,1.0,1.0,0.0,0.0,0.42735068448561786,372,27.885697243761033,0.298882325893202,0.9879082629337098,0.40892474870047263,0.2782202173945724,0.26808463149173284,0.005747090297782124,2.672053721920221,0,0,0,0,0.0,0.0,0.0,0.0,3.0
178.996155,349,1265.175226,0.0,1.0,178.99615491228042,178.99615491228042,1.0,1.0,0.0,0.0,0.44555196138859093,349,31.761261549770953,0.43953136597572434,1.8122404720701597,0.40814118403247573,0.3093978563659854,0.2577726822186336,0.10920356779683942,0.07551530460010078,0,0,0,0,0.0,0.0,0.0,0.0,3.0
375.22014,895,1279.893381,0.0,1.0,375.22013983312223,375.22013983312223,1.0,1.0,0.0,0.0,0.6418287308981105,895,18.484226866572882,0.17693642771935372,0.5903805664816796,0.41063481225481246,0.4160873824324688,0.37623662968587607,0.05002636226782325,0.6062080729701945,0,0,0,0,0.0,0.0,0.0,0.0,2.0
40.847467,102,1281.317966,0.0,1.0,40.847466838682365,40.847466838682365,0.0,0.0,0.0,1.0,0.15326188249644973,102,28.06957936668055,0.276716422450289,1.2001018440199478,0.36647792350427777,0.11481195454503976,0.13628912556405162,0.0,nan,0,0,0,0,0.0,0.0,0.0,0.0,2.0
468.182145,704,1292.404395,1.0,0.0,468.18214464674963,468.18214464674963,0.0,0.0,0.0,0.0,0.9902451620453538,704,28.292388612925375,0.21873171043942866,0.9773709062969327,0.42105575294805353,0.32341971747915854,0.2867105178196322,0.031106759284354833,0.8494655380873755,0,0,0,0,0.0,0.0,0.0,0.0,2.0
301.083425,596,1302.467061,0.0,1.0,301.0834249379522,301.0834249379522,0.0,0.0,0.0,1.0,0.7425640877131776,596,30.895861832614465,0.5481746330919114,2.0,0.3790970895433136,0.3333004866570434,0.29987178172841167,0.03514930236675658,0.839454302240633,0,0,0,0,0.0,0.0,0.0,0.0,2.0
471.739847,846,1314.318468,1.0,0.0,471.73984664222274,471.73984664222274,0.0,0.0,0.0,0.0,0.9933536734450658,846,28.450147923657212,0.32184510223635016,1.6604792608077532,0.3919667548260015,0.3487155922197563,0.30794323181147837,0.028387460829267967,0.10758742609559523,0,0,0,0,0.0,0.0,0.0,0.0,2.0
528.301418,797,1325.711869,1.0,0.0,528.3014180124651,528.3014180124651,0.0,0.0,0.0,0.0,0.9921043298687177,797,28.607000931321974,0.21649781032100465,1.1625126345265493,0.40043065241693404,0.32256390739564167,0.28572005631783076,0.011183056156410211,2.6736586593864264,0,0,0,0,0.0,0.0,0.0,0.0,2.0
394.719237,655,1335.042048,1.0,0.0,394.71923749163375,394.71923749163375,0.0,0.0,0.0,0.0,0.9913415562111578,655,28.742262395281003,0.29624686792031285,0.980531682841752,0.4127584786929247,0.34831488332675614,0.3248828682280679,0.005250779058906501,1.9109157687195921,0,0,0,0,0.0,0.0,0.0,0.0,2.0
142.079924,239,1338.960815,0.0,1.0,142.07992442980188,142.07992442980188,1.0,1.0,0.0,0.0,0.27895988202142824,239,29.270773537030966,0.22527323926733844,0.7505144246748522,0.4160509156881516,0.34732416845764574,0.3204262229189214,0.0001527187062324302,4.817501146052246,0,0,0,0,0.0,0.0,0.0,0.0,2.0
415.76664,684,1349.44462,0.0,1.0,415.7666396182257,415.7666396182257,1.0,1.0,0.0,0.0,0.7238351837339572,684,31.052254844566583,0.32198029159154007,1.0406155310700376,0.3979218408345566,0.34583860958180235,0.29610942739840834,0.006545810490090335,0.5238249452389454,0,0,0,0,0.0,0.0,0.0,0.0,2.0
408.816543,646,1358.104387,1.0,0.0,408.81654293839904,408.81654293839904,0.0,0.0,0.0,0.0,0.9921145284414886,646,28.294261669134144,0.2647529282185344,0.8852290209187188,0.41944863084103945,0.3462421405518387,0.30284499789908204,0.014628671845547276,1.659675532748183,0,0,0,0,0.0,0.0,0.0,0.0,2.0
145.147805,261,1362.353499,0.0,1.0,145.1478054254739,145.1478054254739,1.0,1.0,0.0,0.0,0.276760113446592,261,26.63864443781427,0.21697817675721853,0.8313527937388043,0.41660115210574933,0.3384954991011784,0.30195409721798366,0.0,nan,0,0,0,0,0.0,0.0,0.0,0.0,2.0
300.071234,579,1369.956562,0.0,1.0,300.0712337994787,300.0712337994787,1.0,1.0,0.0,0.0,0.7865114385264204,579,27.97619574877862,0.34796470089851533,1.1321144129640943,0.39152496234097217,0.3666413015652197,0.3408122679318377,0.06402604907787707,0.5124307910149724,0,0,0,0,0.0,0.0,0.0,0.0,2.0
344.69065,555,1379.498232,0.0,1.0,344.6906499065811,344.6906499065811,1.0,1.0,0.0,0.0,0.7033515870435078,555,31.077155485752108,0.285410230055752,0.9373519645261362,0.3851065650448069,0.3028762459754944,0.2663897522934922,0.039294321071746144,0.651555282932088,0,0,0,0,0.0,0.0,0.0,0.0,2.0
97.303966,164,1381.879901,0.0,1.0,97.30396564516464,97.30396564516464,1.0,1.0,0.0,0.0,0.30332717349250893,164,27.520564864165813,0.1579152503459498,0.5732573964262112,0.3920062155031213,0.23987246868087025,0.21295424278189495,0.0,nan,0,0,0,0,0.0,0.0,0.0,0.0,2.0
157.094742,223,1385.302947,0.0,1.0,157.09474151547425,157.09474151547425,1.0,1.0,0.0,0.0,0.4121662960640837,223,37.655946814251685,0.317876213559587,1.9209799825726832,0.40971991109072897,0.18784683247852754,0.18576170430589684,0.05849614227641152,1.5462522719486427,0,0,0,0,0.0,0.0,0.0,0.0,2.0
150.501783,199,1387.57163,0.0,1.0,150.50178283145362,150.50178283145362,0.0,0.0,0.0,1.0,0.36677996314109396,199,39.288686486035296,0.24075263811690256,2.0,0.349203380320839,0.22284685307411692,0.2178680040129465,0.0012517782761311807,4.3281157202106595,0,0,0,0,0.0,0.0,0.0,0.0,2.0
443.551676,667,1397.850948,1.0,0.0,443.5516761228059,443.5516761228059,0.0,0.0,0.0,0.0,0.99151281473425,667,29.105063536681513,0.25101949313047167,1.1471431145040227,0.3920451083445343,0.36477596139621876,0.3349152885634324,0.005424225972031867,3.5816348340153157,0,0,0,0,0.0,0.0,0.0,0.0,2.0
446.150388,605,1406.834635,1.0,0.0,446.1503877338908,446.1503877338908,0.0,0.0,0.0,0.0,0.9920327292351003,605,33.80841530528822,0.267725572147746,0.9990969313987128,0.36795028030010296,0.3218538597595593,0.2799036126491452,0.011544502911268732,2.0839280794848936,0,0,0,0,0.0,0.0,0.0,0.0,2.0
88.336268,170,1409.520943,0.0,1.0,88.33626825323971,88.33626825323971,1.0,1.0,0.0,0.0,0.23621304314287445,170,25.722142603138973,0.16665863899525443,0.6706093903466063,0.3970686395816943,0.34511904681430144,0.2734848969122943,0.13805730146309458,1.0176136018607052,0,0,0,0,0.0,0.0,0.0,0.0,2.0
187.308666,337,1413.210264,0.0,1.0,187.3086662777768,187.3086662777768,1.0,1.0,0.0,0.0,0.4199253311400805,337,33.855591480535004,0.332110420550938,0.9953006552017462,0.3621410517911883,0.25640054131120177,0.2563252107679667,0.04956423726452656,0.7087266474590564,0,0,0,0,0.0,0.0,0.0,0.0,2.0
439.088341,683,1423.628788,1.0,0.0,439.08834130289335,439.08834130289335,0.0,0.0,0.0,0.0,0.9902584334542617,683,27.62865927966569,0.23024486552012804,1.2351313004388034,0.3720704851751141,0.37568400894042164,0.33112450085831246,0.004578762113010075,2.8992849649967525,0,0,0,0,0.0,0.0,0.0,0.0,2.0
481.296684,760,1433.634646,1.0,0.0,481.2966842290461,481.2966842290461,0.0,0.0,0.0,0.0,0.9924370307930991,760,28.48896906547856,0.2642515912109675,1.144069734696173,0.3955151197059374,0.3803071320449051,0.34437030145996494,0.026406637324847496,0.033329525573026014,0,0,0,0,0.0,0.0,0.0,0.0,2.0
163.614462,258,1437.141799,0.0,1.0,163.61446224993122,163.61446224993122,1.0,1.0,0.0,0.0,0.4707547223732353,258,37.48920453697898,0.36014156078902876,0.9865092492771609,0.3592266940706691,0.27639315109844353,0.25230183781579485,0.025272659769075403,0.5940479323693912,0,0,0,0,0.0,0.0,0.0,0.0,2.0
33.820048,82,1438.827835,0.0,1.0,33.820047502993916,33.820047502993916,0.0,0.0,0.0,1.0,0.0759383001766148,82,22.40257507900515,0.13376637834184393,1.1177300788615419,0.3627160837555804,0.24607825569990205,0.25421151591510305,0.0,nan,0,0,0,0,0.0,0.0,0.0,0.0,3.0
132.981204,281,1442.440526,0.0,1.0,132.98120442327357,132.98120442327357,1.0,1.0,0.0,0.0,0.3367041307041754,281,29.988126514942753,0.3943211089777361,1.6316213991246102,0.37763753864794863,0.2642666107819174,0.2439860355811611,0.03620492185332912,0.5830117927702235,0,0,0,0,0.0,0.0,0.0,0.0,3.0
279.091473,464,1454.171429,0.0,1.0,279.09147273833173,279.09147273833173,1.0,1.0,0.0,0.0,0.5212887435256484,464,27.52510459451411,0.22829884936189232,1.093242290881828,0.3874560379350943,0.42309485401572855,0.3628229712103975,0.056217497855469804,1.2238135710959641,0,0,0,0,0.0,0.0,0.0,0.0,3.0
156.02923,244,1457.317991,0.0,1.0,156.02923035552303,156.02923035552303,1.0,1.0,0.0,0.0,0.3037334226316555,244,29.915638830335475,0.20395123597292905,0.9934678216497581,0.3861027809783633,0.33658138027445217,0.2956466530678702,0.031234400301693353,0.4339481537784218,0,0,0,0,0.0,0.0,0.0,0.0,3.0
179.650784,282,1462.142755,0.0,1.0,179.6507838202725,179.6507838202725,0.0,0.0,0.0,1.0,0.33934055471147473,282,33.6172830193862,0.27699408223410743,2.0,0.3586553810494589,0.3301378530813447,0.2996186411127131,0.043510062481445136,0.9201066740932541,0,0,0,0,0.0,0.0,0.0,0.0,3.0
504.435728,841,1477.438575,1.0,0.0,504.43572811767206,504.43572811767206,0.0,0.0,0.0,0.0,0.9923563737915125,841,26.167970597428432,0.24104097816663117,0.8619001325111585,0.3803839787273855,0.3844687001210472,0.354605705112963,0.013737242498446822,2.6686845758093956,0,0,0,0,0.0,0.0,0.0,0.0,3.0
571.048745,1030,1495.636955,1.0,0.0,571.0487446836399,571.0487446836399,0.0,0.0,0.0,0.0,0.9937282066080508,1030,24.713338307134062,0.3061959698224381,1.6731311401407558,0.3896150601756515,0.40863377049709987,0.3644677468873922,0.009923509801479737,0.7706989975852722,0,0,0,0,0.0,0.0,0.0,0.0,3.0
153.334278,300,1501.374972,0.0,1.0,153.33427762501128,153.33427762501128,1.0,1.0,0.0,0.0,0.3061398584306721,300,25.9919518825464,0.2708833262149144,0.9168284784324799,0.38118523409590127,0.4427405806382497,0.3770614544550578,0.03811579749386289,0.2915630179535581,0,0,0,0,0.0,0.0,0.0,0.0,3.0
174.700312,335,1507.769112,0.0,1.0,174.70031191849208,174.70031191849208,1.0,1.0,0.0,0.0,0.44863927496342304,335,28.53021869568882,0.32042024410095815,0.9327258630036471,0.38446300144293416,0.30396086626978064,0.25482745330725143,0.05693026968640087,0.8564604671141238,0,0,0,0,0.0,0.0,0.0,0.0,3.0
292.658766,555,1520.151837,0.0,1.0,292.65876611522555,292.65876611522555,1.0,1.0,0.0,0.0,0.6742605525238763,555,24.0660629026834,0.21135571070924983,1.008697916448411,0.3710650345965012,0.4252452877727715,0.3680827864655503,0.01581926424930754,0.8155377474883886,0,0,0,0,0.0,0.0,0.0,0.0,3.0
216.884548,414,1528.088593,0.0,1.0,216.8845482814506,216.8845482814506,1.0,1.0,0.0,0.0,0.3811997239534641,414,25.902548683092004,0.2726208591335462,0.9512432459327679,0.3643852896574471,0.34601660857454014,0.32323351531213035,0.01792978874620147,0.999778483076705,0,0,0,0,0.0,0.0,0.0,0.0,3.0
212.543071,495,1534.973123,0.0,1.0,212.54307104941853,212.54307104941853,1.0,1.0,0.0,0.0,0.4950075360595041,495,29.327027297724566,0.41085586324601864,1.7605552898768266,0.37698358772228463,0.35369747798852247,0.31526758682848227,0.029583851583658564,0.16492183773908425,0,0,0,0,0.0,0.0,0.0,0.0,3.0
75.552105,190,1538.316803,0.0,1.0,75.55210455297876,75.55210455297876,0.0,0.0,0.0,1.0,0.312106327674887,190,28.27047810019109,0.39731266545018024,1.4976116775268977,0.3978265069425106,0.3007054195592278,0.24731460935191105,0.000607006881021835,4.449945413107422,0,0,0,0,0.0,0.0,0.0,0.0,3.0
513.306834,928,1554.21519,1.0,0.0,513.30683404773,513.30683404773,0.0,0.0,0.0,0.0,0.9938429501494247,928,25.634287830971143,0.28860254599607643,0.9928372313831993,0.38214544415200963,0.35394576400646877,0.3335727408913703,0.0054604644211913335,2.0030716093104597,0,0,0,0,0.0,0.0,0.0,0.0,3.0
35.474514,91,1556.360053,0.0,1.0,35.47451409652425,35.47451409652425,1.0,1.0,0.0,0.0,0.11582894417799154,91,24.954962966003606,0.23857052344376278,0.9539212097534836,0.36124641939506424,0.15410885509553846,0.14841889549087692,0.21433327940649352,0.2746199661906367,0,0,0,0,0.0,0.0,0.0,0.0,3.0
503.220516,1100,1579.843961,0.0,0.0,503.22051603088954,503.22051603088954,0.0,0.0,0.0,0.0,0.9588692838516055,1100,23.254947477611022,0.33659794909483715,1.2439880948057627,0.37984296375377613,0.40072244531729007,0.3517764615741643,0.030731959056048985,1.9808734804395358,0,0,0,0,0.0,0.0,0.0,0.0,3.0
396.60812,787,1595.780764,1.0,0.0,396.60812046131844,396.60812046131844,0.0,0.0,0.0,0.0,0.9922622367696882,787,23.092190957106162,0.30475826148432356,1.0079855717855122,0.39328355782841634,0.3820141001948862,0.3406204472578768,0.031349501724834514,0.11017029858827714,0,0,0,0,0.0,0.0,0.0,0.0,2.0
266.080554,564,1604.404363,0.0,1.0,266.0805538696952,266.0805538696952,1.0,1.0,0.0,0.0,0.7203642572659187,564,26.735736294605577,0.43867702093419386,2.0,0.3783255112819796,0.35850400847534764,0.3253230450423897,0.041492816337199014,0.9552815341463762,0,0,0,0,0.0,0.0,0.0,0.0,2.0
311.026957,516,1611.818397,1.0,0.0,311.02695677687893,311.02695677687893,0.0,0.0,0.0,0.0,0.9895170770827088,516,29.629697858283336,0.33875697806034655,1.6043801043227504,0.3616751517826157,0.2974022832778535,0.27409059565889743,0.039941756386521664,1.0074354885146308,0,0,0,0,0.0,0.0,0.0,0.0,2.0
294.041207,549,1620.68523,1.0,0.0,294.04120749275256,294.04120749275256,0.0,0.0,0.0,0.0,0.990672196140285,549,27.88020331245101,0.3947407040421431,0.9945323120094346,0.3770567481702903,0.3547057135400442,0.2975564533895482,0.017410835889836083,2.5604680473169648,0,0,0,0,0.0,0.0,0.0,0.0,2.0
342.981491,554,1627.279081,1.0,0.0,342.9814906806085,342.9814906806085,0.0,0.0,0.0,0.0,0.9909045303434706,554,28.822724704262235,0.32504144759761394,1.6503113501205824,0.3766655148568459,0.3078432452700198,0.28537524004705545,0.02056074098694918,2.2108414475371614,0,0,0,0,0.0,0.0,0.0,0.0,2.0
288.870436,530,1634.114484,1.0,0.0,288.87043604299663,288.87043604299663,0.0,0.0,0.0,0.0,0.9904360818604893,530,29.208810057894897,0.3851689591499385,1.142254299019575,0.3440408899255519,0.35162475132998433,0.33011942300594077,0.04093333603150879,0.43050737780025616,0,0,0,0,0.0,0.0,0.0,0.0,2.0
150.663987,331,1639.017639,0.0,1.0,150.6639873609315,150.6639873609315,0.0,0.0,0.0,1.0,0.4656489794511352,331,30.313456496413938,0.45691316508333213,1.4569044435384049,0.39949772009496604,0.32516267634590584,0.3057683672069423,0.0,9.471765979831577,0,0,0,0,0.0,0.0,0.0,0.0,2.0
128.518662,306,1642.046753,0.0,1.0,128.51866179379024,128.51866179379024,0.0,0.0,0.0,1.0,0.45097101014661356,306,31.937958683262455,0.5591580386068495,1.6373767594917776,0.38739747252144846,0.3201077839030939,0.28736209995995937,0.0,5.849194174922662,0,0,0,0,0.0,0.0,0.0,0.0,2.0
344.325332,612,1652.036693,1.0,0.0,344.3253322659847,344.3253322659847,0.0,0.0,0.0,0.0,0.9909752375471509,612,31.445429728880235,0.5360958880498523,2.0,0.367841405474453,0.3612462732624384,0.32658202167040384,0.0077971528443549175,3.3121054735348623,0,0,0,0,0.0,0.0,0.0,0.0,3.0
427.109099,891,1668.109125,1.0,0.0,427.1090993155623,427.1090993155623,0.0,0.0,0.0,0.0,0.9925792740650351,891,26.948595774628913,0.4279105419954728,1.362297922488553,0.3859305890354377,0.37386224716567296,0.3504356304570347,0.028470674657906633,1.7532972327369196,0,0,0,0,0.0,0.0,0.0,0.0,3.0
535.063288,921,1688.061095,1.0,0.0,535.0632877265485,535.0632877265485,0.0,0.0,0.0,0.0,0.9937908736790233,921,27.511227063047755,0.3112654230085078,1.4201928463350668,0.38401970269722735,0.3683004032387666,0.34315923254342345,0.0012066725275303833,4.2402417539838355,0,0,0,0,0.0,0.0,0.0,0.0,3.0
199.876016,408,1695.200924,0.0,1.0,199.87601612396995,199.87601612396995,1.0,1.0,0.0,0.0,0.5113720252664552,408,26.117277018049588,0.32320150355120186,1.4780614265902008,0.3587147138884985,0.3299000930844569,0.3006226589866713,0.11085064092802088,0.09112703267696276,0,0,0,0,0.0,0.0,0.0,0.0,3.0
522.256002,941,1712.037333,1.0,0.0,522.2560016297211,522.2560016297211,0.0,0.0,0.0,0.0,0.9924670150903112,941,26.683743808372963,0.3249906607314751,0.9703063646223302,0.3703024375641384,0.35722321259228,0.32136938593466147,0.03730525664066404,0.00024527804737970626,0,0,0,0,0.0,0.0,0.0,0.0,3.0
445.250038,772,1725.375872,1.0,0.0,445.2500381903549,445.2500381903549,0.0,0.0,0.0,0.0,0.9925878916899444,772,27.778260756095793,0.32219886790242175,1.0600263331502218,0.3622478300831015,0.3573540811634434,0.31570224695563937,0.03080550731657398,0.1257519880436142,0,0,0,0,0.0,0.0,0.0,0.0,3.0
347.308355,683,1739.010808,0.0,1.0,347.3083552505123,347.3083552505123,0.0,0.0,0.0,1.0,0.7054094342124422,683,24.46111411062786,0.31173140397714744,1.4674380005534697,0.3794039831787217,0.39603340141420657,0.3540541133454743,0.021397981151459654,1.1820401983721132,0,0,0,0,0.0,0.0,0.0,0.0,3.0
276.563669,522,1749.190883,0.0,1.0,276.56366880014485,276.56366880014485,1.0,1.0,0.0,0.0,0.7078703007825371,522,27.6076412702336,0.3063930552000326,0.9990017727682207,0.3665057207739616,0.3231809457257333,0.3297371287683874,0.033859094679286314,0.5355934707425825,0,0,0,0,0.0,0.0,0.0,0.0,3.0
261.698986,463,1756.385101,0.0,1.0,261.69898619287335,261.69898619287335,1.0,1.0,0.0,0.0,0.8383755243975882,463,31.718151229049752,0.3359081178673342,1.1328027440443977,0.3530957280591806,0.26875661728706524,0.2434342490674095,0.04404744421860485,0.026035851979745468,0,0,0,0,0.0,0.0,0.0,0.0,3.0
282.033925,559,1767.53324,0.0,1.0,282.033925271878,282.033925271878,1.0,1.0,0.0,0.0,0.839022369766172,559,24.829590192250137,0.28576316550454134,1.6810130016608826,0.3685017843865698,0.3925365897325369,0.36041737306523197,0.025273719617697293,0.8401865053199197,0,0,0,0,0.0,0.0,0.0,0.0,3.0
31.485852,75,1769.574536,0.0,1.0,31.485851840949756,31.485851840949756,1.0,1.0,0.0,0.0,0.0611259481119837,75,24.129164827644576,0.1493251848023699,0.39543004355875944,0.3433127225935459,0.25813693364461265,0.25652831395467124,0.01229978554260405,0.3875804215234805,0,0,0,0,0.0,0.0,0.0,0.0,3.0
243.661764,1100,1788.683442,0.0,0.0,243.66176385112988,243.66176385112988,0.0,0.0,0.0,0.0,0.38746521582789956,1100,12.544869843190385,0.3308394788031315,2.0,0.3668028392769735,0.5677527904375033,0.4946399154446342,0.030418522166565265,0.8617060200134958,0,0,0,0,0.0,0.0,0.0,0.0,3.0
37.702506,120,1790.809216,0.0,1.0,37.70250625079561,37.70250625079561,0.0,0.0,0.0,1.0,0.15822897078674747,120,26.434458841996534,0.39113554667508094,1.6601560174101702,0.3422173235565424,0.2443406365811825,0.21635861347119015,0.0,nan,0,0,0,0,0.0,0.0,0.0,0.0,3.0
