/root/autodl-tmp/projects/sb3/stable-baselines3-master/stable_baselines3/common/on_policy_algorithm.py:150: UserWarning: You are trying to run PPO on the GPU, but it is primarily intended to run on the CPU when not using a CNN policy (you are using ActorCriticPolicy which should be a MlpPolicy). See https://github.com/DLR-RM/stable-baselines3/issues/1245 for more info. You can pass `device='cpu'` or `export CUDA_VISIBLE_DEVICES=` to force using the CPU.Note: The model will train, but the GPU utilization will be poor and the training might take longer than on CPU.
  warnings.warn(
Using cuda device
Logging to outputs/paper_comparison_seed0/runs/baseline_ppo_s0/tensorboard/baseline_ppo_s0_1
-----------------------------
| time/              |      |
|    fps             | 654  |
|    iterations      | 1    |
|    time_elapsed    | 6    |
|    total_timesteps | 4096 |
-----------------------------
-----------------------------------------
| paper/                  |             |
|    accel_variation      | 0.798       |
|    base_reward          | 12.8        |
|    collision            | 0           |
|    crash_object         | 0           |
|    crash_vehicle        | 0           |
|    episode_cost         | 0           |
|    episode_length       | 1200        |
|    jerk                 | 0.662       |
|    lane_deviation       | 0.126       |
|    max_lane_deviation   | 0.591       |
|    mean_speed_kmh       | 0.73        |
|    min_ttc              | 35.4        |
|    out_of_road          | 0           |
|    route_completion     | 0.0361      |
|    shaped_reward        | 12.8        |
|    steering_variation   | 0.84        |
|    success              | 0           |
|    ttc_risk             | 0           |
| rollout/                |             |
|    ep_len_mean          | 1.2e+03     |
|    ep_rew_mean          | 11.7        |
|    success_rate         | 0           |
| time/                   |             |
|    fps                  | 668         |
|    iterations           | 2           |
|    time_elapsed         | 12          |
|    total_timesteps      | 8192        |
| train/                  |             |
|    approx_kl            | 0.015283058 |
|    clip_fraction        | 0.225       |
|    clip_range           | 0.2         |
|    entropy_loss         | -2.82       |
|    explained_variance   | -0.143      |
|    learning_rate        | 0.0003      |
|    loss                 | -0.0135     |
|    n_updates            | 10          |
|    policy_gradient_loss | -0.0243     |
|    std                  | 0.981       |
|    value_loss           | 0.0205      |
-----------------------------------------
----------------------------------------
| paper/                  |            |
|    accel_variation      | 0.719      |
|    base_reward          | -7.15      |
|    collision            | 0          |
|    crash_object         | 0          |
|    crash_vehicle        | 0          |
|    episode_cost         | 1          |
|    episode_length       | 441        |
|    jerk                 | 0.592      |
|    lane_deviation       | 0.464      |
|    max_lane_deviation   | 1.05       |
|    mean_speed_kmh       | 1.06       |
|    min_ttc              | nan        |
|    out_of_road          | 1          |
|    route_completion     | 0.0359     |
|    shaped_reward        | -7.15      |
|    steering_variation   | 0.79       |
|    success              | 0          |
|    ttc_risk             | 0          |
| rollout/                |            |
|    ep_len_mean          | 1.12e+03   |
|    ep_rew_mean          | 9.53       |
|    success_rate         | 0          |
| time/                   |            |
|    fps                  | 636        |
|    iterations           | 3          |
|    time_elapsed         | 19         |
|    total_timesteps      | 12288      |
| train/                  |            |
|    approx_kl            | 0.01354002 |
|    clip_fraction        | 0.183      |
|    clip_range           | 0.2        |
|    entropy_loss         | -2.78      |
|    explained_variance   | -0.0387    |
|    learning_rate        | 0.0003     |
|    loss                 | -0.0224    |
|    n_updates            | 20         |
|    policy_gradient_loss | -0.0188    |
|    std                  | 0.965      |
|    value_loss           | 0.014      |
----------------------------------------
-----------------------------------------
| paper/                  |             |
|    accel_variation      | 0.728       |
|    base_reward          | 16.4        |
|    collision            | 0           |
|    crash_object         | 0           |
|    crash_vehicle        | 0           |
|    episode_cost         | 0           |
|    episode_length       | 1200        |
|    jerk                 | 0.573       |
|    lane_deviation       | 0.96        |
|    max_lane_deviation   | 2           |
|    mean_speed_kmh       | 1.48        |
|    min_ttc              | nan         |
|    out_of_road          | 0           |
|    route_completion     | 0.0808      |
|    shaped_reward        | 16.4        |
|    steering_variation   | 0.848       |
|    success              | 0           |
|    ttc_risk             | 0           |
| rollout/                |             |
|    ep_len_mean          | 1.14e+03    |
|    ep_rew_mean          | 11.4        |
|    success_rate         | 0           |
| time/                   |             |
|    fps                  | 639         |
|    iterations           | 4           |
|    time_elapsed         | 25          |
|    total_timesteps      | 16384       |
| train/                  |             |
|    approx_kl            | 0.009710979 |
|    clip_fraction        | 0.125       |
|    clip_range           | 0.2         |
|    entropy_loss         | -2.76       |
|    explained_variance   | 0.0304      |
|    learning_rate        | 0.0003      |
|    loss                 | 0.0667      |
|    n_updates            | 30          |
|    policy_gradient_loss | -0.00482    |
|    std                  | 0.962       |
|    value_loss           | 0.259       |
-----------------------------------------
------------------------------------------
| paper/                  |              |
|    accel_variation      | 0.734        |
|    base_reward          | 12.2         |
|    collision            | 0            |
|    crash_object         | 0            |
|    crash_vehicle        | 0            |
|    episode_cost         | 0            |
|    episode_length       | 1200         |
|    jerk                 | 0.574        |
|    lane_deviation       | 1.04         |
|    max_lane_deviation   | 2            |
|    mean_speed_kmh       | 1.36         |
|    min_ttc              | nan          |
|    out_of_road          | 0            |
|    route_completion     | 0.0616       |
|    shaped_reward        | 12.2         |
|    steering_variation   | 0.819        |
|    success              | 0            |
|    ttc_risk             | 0            |
| rollout/                |              |
|    ep_len_mean          | 1.14e+03     |
|    ep_rew_mean          | 12.2         |
|    success_rate         | 0            |
| time/                   |              |
|    fps                  | 620          |
|    iterations           | 5            |
|    time_elapsed         | 32           |
|    total_timesteps      | 20480        |
| train/                  |              |
|    approx_kl            | 0.0118259415 |
|    clip_fraction        | 0.151        |
|    clip_range           | 0.2          |
|    entropy_loss         | -2.74        |
|    explained_variance   | 0.672        |
|    learning_rate        | 0.0003       |
|    loss                 | 0.0103       |
|    n_updates            | 40           |
|    policy_gradient_loss | -0.012       |
|    std                  | 0.947        |
|    value_loss           | 0.0229       |
------------------------------------------
----------------------------------------
| paper/                  |            |
|    accel_variation      | 0.712      |
|    base_reward          | -7.08      |
|    collision            | 0          |
|    crash_object         | 0          |
|    crash_vehicle        | 0          |
|    episode_cost         | 1          |
|    episode_length       | 309        |
|    jerk                 | 0.567      |
|    lane_deviation       | 0.441      |
|    max_lane_deviation   | 1.03       |
|    mean_speed_kmh       | 1.2        |
|    min_ttc              | nan        |
|    out_of_road          | 1          |
|    route_completion     | 0.0255     |
|    shaped_reward        | -7.08      |
|    steering_variation   | 0.865      |
|    success              | 0          |
|    ttc_risk             | 0          |
| rollout/                |            |
|    ep_len_mean          | 1.08e+03   |
|    ep_rew_mean          | 11.6       |
|    success_rate         | 0          |
| time/                   |            |
|    fps                  | 621        |
|    iterations           | 6          |
|    time_elapsed         | 39         |
|    total_timesteps      | 24576      |
| train/                  |            |
|    approx_kl            | 0.00876943 |
|    clip_fraction        | 0.101      |
|    clip_range           | 0.2        |
|    entropy_loss         | -2.72      |
|    explained_variance   | 0.343      |
|    learning_rate        | 0.0003     |
|    loss                 | 0.127      |
|    n_updates            | 50         |
|    policy_gradient_loss | -0.00397   |
|    std                  | 0.945      |
|    value_loss           | 0.283      |
----------------------------------------
------------------------------------------
| paper/                  |              |
|    accel_variation      | 0.622        |
|    base_reward          | 8.88         |
|    collision            | 0            |
|    crash_object         | 0            |
|    crash_vehicle        | 0            |
|    episode_cost         | 1            |
|    episode_length       | 686          |
|    jerk                 | 0.495        |
|    lane_deviation       | 0.848        |
|    max_lane_deviation   | 2            |
|    mean_speed_kmh       | 2.67         |
|    min_ttc              | nan          |
|    out_of_road          | 1            |
|    route_completion     | 0.0949       |
|    shaped_reward        | 8.88         |
|    steering_variation   | 0.815        |
|    success              | 0            |
|    ttc_risk             | 0            |
| rollout/                |              |
|    ep_len_mean          | 975          |
|    ep_rew_mean          | 10.2         |
|    success_rate         | 0            |
| time/                   |              |
|    fps                  | 606          |
|    iterations           | 7            |
|    time_elapsed         | 47           |
|    total_timesteps      | 28672        |
| train/                  |              |
|    approx_kl            | 0.0074786395 |
|    clip_fraction        | 0.0789       |
|    clip_range           | 0.2          |
|    entropy_loss         | -2.72        |
|    explained_variance   | 0.118        |
|    learning_rate        | 0.0003       |
|    loss                 | 0.331        |
|    n_updates            | 60           |
|    policy_gradient_loss | -0.00124     |
|    std                  | 0.941        |
|    value_loss           | 0.718        |
------------------------------------------
------------------------------------------
| paper/                  |              |
|    accel_variation      | 0.592        |
|    base_reward          | 3.61         |
|    collision            | 0            |
|    crash_object         | 0            |
|    crash_vehicle        | 0            |
|    episode_cost         | 1            |
|    episode_length       | 508          |
|    jerk                 | 0.467        |
|    lane_deviation       | 0.852        |
|    max_lane_deviation   | 2            |
|    mean_speed_kmh       | 2.63         |
|    min_ttc              | 2.87         |
|    out_of_road          | 1            |
|    route_completion     | 0.0953       |
|    shaped_reward        | 3.61         |
|    steering_variation   | 0.823        |
|    success              | 0            |
|    ttc_risk             | 0.0132       |
| rollout/                |              |
|    ep_len_mean          | 934          |
|    ep_rew_mean          | 9.42         |
|    success_rate         | 0            |
| time/                   |              |
|    fps                  | 600          |
|    iterations           | 8            |
|    time_elapsed         | 54           |
|    total_timesteps      | 32768        |
| train/                  |              |
|    approx_kl            | 0.0077868304 |
|    clip_fraction        | 0.0884       |
|    clip_range           | 0.2          |
|    entropy_loss         | -2.71        |
|    explained_variance   | 0.214        |
|    learning_rate        | 0.0003       |
|    loss                 | 0.807        |
|    n_updates            | 70           |
|    policy_gradient_loss | -0.00133     |
|    std                  | 0.94         |
|    value_loss           | 1.27         |
------------------------------------------
------------------------------------------
| paper/                  |              |
|    accel_variation      | 0.633        |
|    base_reward          | 0.989        |
|    collision            | 0            |
|    crash_object         | 0            |
|    crash_vehicle        | 0            |
|    episode_cost         | 1            |
|    episode_length       | 567          |
|    jerk                 | 0.51         |
|    lane_deviation       | 1.14         |
|    max_lane_deviation   | 2            |
|    mean_speed_kmh       | 2.28         |
|    min_ttc              | 24.3         |
|    out_of_road          | 1            |
|    route_completion     | 0.0424       |
|    shaped_reward        | 0.989        |
|    steering_variation   | 0.817        |
|    success              | 0            |
|    ttc_risk             | 0            |
| rollout/                |              |
|    ep_len_mean          | 880          |
|    ep_rew_mean          | 8.28         |
|    success_rate         | 0            |
| time/                   |              |
|    fps                  | 584          |
|    iterations           | 9            |
|    time_elapsed         | 63           |
|    total_timesteps      | 36864        |
| train/                  |              |
|    approx_kl            | 0.0051908474 |
|    clip_fraction        | 0.0427       |
|    clip_range           | 0.2          |
|    entropy_loss         | -2.71        |
|    explained_variance   | 0.489        |
|    learning_rate        | 0.0003       |
|    loss                 | 0.37         |
|    n_updates            | 80           |
|    policy_gradient_loss | -0.00202     |
|    std                  | 0.941        |
|    value_loss           | 0.982        |
------------------------------------------
------------------------------------------
| paper/                  |              |
|    accel_variation      | 0.605        |
|    base_reward          | -4.08        |
|    collision            | 0            |
|    crash_object         | 0            |
|    crash_vehicle        | 0            |
|    episode_cost         | 1            |
|    episode_length       | 706          |
|    jerk                 | 0.514        |
|    lane_deviation       | 1.69         |
|    max_lane_deviation   | 2            |
|    mean_speed_kmh       | 2.47         |
|    min_ttc              | nan          |
|    out_of_road          | 1            |
|    route_completion     | 0.0971       |
|    shaped_reward        | -4.08        |
|    steering_variation   | 0.844        |
|    success              | 0            |
|    ttc_risk             | 0            |
| rollout/                |              |
|    ep_len_mean          | 872          |
|    ep_rew_mean          | 8.4          |
|    success_rate         | 0            |
| time/                   |              |
|    fps                  | 576          |
|    iterations           | 10           |
|    time_elapsed         | 71           |
|    total_timesteps      | 40960        |
| train/                  |              |
|    approx_kl            | 0.0069722896 |
|    clip_fraction        | 0.0639       |
|    clip_range           | 0.2          |
|    entropy_loss         | -2.72        |
|    explained_variance   | 0.569        |
|    learning_rate        | 0.0003       |
|    loss                 | 0.339        |
|    n_updates            | 90           |
|    policy_gradient_loss | -0.00207     |
|    std                  | 0.944        |
|    value_loss           | 0.91         |
------------------------------------------
-----------------------------------------
| paper/                  |             |
|    accel_variation      | 0.615       |
|    base_reward          | -1.33       |
|    collision            | 0           |
|    crash_object         | 0           |
|    crash_vehicle        | 0           |
|    episode_cost         | 1           |
|    episode_length       | 266         |
|    jerk                 | 0.473       |
|    lane_deviation       | 0.367       |
|    max_lane_deviation   | 1.06        |
|    mean_speed_kmh       | 2.71        |
|    min_ttc              | 32.2        |
|    out_of_road          | 1           |
|    route_completion     | 0.0292      |
|    shaped_reward        | -1.33       |
|    steering_variation   | 0.839       |
|    success              | 0           |
|    ttc_risk             | 0           |
| rollout/                |             |
|    ep_len_mean          | 860         |
|    ep_rew_mean          | 8.19        |
|    success_rate         | 0           |
| time/                   |             |
|    fps                  | 567         |
|    iterations           | 11          |
|    time_elapsed         | 79          |
|    total_timesteps      | 45056       |
| train/                  |             |
|    approx_kl            | 0.009795866 |
|    clip_fraction        | 0.122       |
|    clip_range           | 0.2         |
|    entropy_loss         | -2.72       |
|    explained_variance   | 0.786       |
|    learning_rate        | 0.0003      |
|    loss                 | 0.239       |
|    n_updates            | 100         |
|    policy_gradient_loss | -0.00729    |
|    std                  | 0.942       |
|    value_loss           | 0.564       |
-----------------------------------------
-----------------------------------------
| paper/                  |             |
|    accel_variation      | 0.577       |
|    base_reward          | -0.539      |
|    collision            | 0           |
|    crash_object         | 0           |
|    crash_vehicle        | 0           |
|    episode_cost         | 1           |
|    episode_length       | 472         |
|    jerk                 | 0.477       |
|    lane_deviation       | 1.29        |
|    max_lane_deviation   | 2           |
|    mean_speed_kmh       | 2.57        |
|    min_ttc              | 23.2        |
|    out_of_road          | 1           |
|    route_completion     | 0.0659      |
|    shaped_reward        | -0.539      |
|    steering_variation   | 0.798       |
|    success              | 0           |
|    ttc_risk             | 0           |
| rollout/                |             |
|    ep_len_mean          | 835         |
|    ep_rew_mean          | 8.93        |
|    success_rate         | 0           |
| time/                   |             |
|    fps                  | 563         |
|    iterations           | 12          |
|    time_elapsed         | 87          |
|    total_timesteps      | 49152       |
| train/                  |             |
|    approx_kl            | 0.016871262 |
|    clip_fraction        | 0.133       |
|    clip_range           | 0.2         |
|    entropy_loss         | -2.71       |
|    explained_variance   | 0.775       |
|    learning_rate        | 0.0003      |
|    loss                 | 0.25        |
|    n_updates            | 110         |
|    policy_gradient_loss | -0.00277    |
|    std                  | 0.939       |
|    value_loss           | 0.559       |
-----------------------------------------
-----------------------------------------
| paper/                  |             |
|    accel_variation      | 0.511       |
|    base_reward          | 15.5        |
|    collision            | 0           |
|    crash_object         | 0           |
|    crash_vehicle        | 0           |
|    episode_cost         | 1           |
|    episode_length       | 443         |
|    jerk                 | 0.391       |
|    lane_deviation       | 0.862       |
|    max_lane_deviation   | 2           |
|    mean_speed_kmh       | 3.78        |
|    min_ttc              | nan         |
|    out_of_road          | 1           |
|    route_completion     | 0.0972      |
|    shaped_reward        | 15.5        |
|    steering_variation   | 0.823       |
|    success              | 0           |
|    ttc_risk             | 0           |
| rollout/                |             |
|    ep_len_mean          | 797         |
|    ep_rew_mean          | 8.61        |
|    success_rate         | 0           |
| time/                   |             |
|    fps                  | 554         |
|    iterations           | 13          |
|    time_elapsed         | 95          |
|    total_timesteps      | 53248       |
| train/                  |             |
|    approx_kl            | 0.010115306 |
|    clip_fraction        | 0.0848      |
|    clip_range           | 0.2         |
|    entropy_loss         | -2.71       |
|    explained_variance   | 0.799       |
|    learning_rate        | 0.0003      |
|    loss                 | 0.382       |
|    n_updates            | 120         |
|    policy_gradient_loss | -0.00278    |
|    std                  | 0.942       |
|    value_loss           | 0.968       |
-----------------------------------------
-----------------------------------------
| paper/                  |             |
|    accel_variation      | 0.587       |
|    base_reward          | 3.39        |
|    collision            | 0           |
|    crash_object         | 0           |
|    crash_vehicle        | 0           |
|    episode_cost         | 1           |
|    episode_length       | 478         |
|    jerk                 | 0.493       |
|    lane_deviation       | 1.45        |
|    max_lane_deviation   | 2           |
|    mean_speed_kmh       | 2.93        |
|    min_ttc              | 22.1        |
|    out_of_road          | 1           |
|    route_completion     | 0.0595      |
|    shaped_reward        | 3.39        |
|    steering_variation   | 0.84        |
|    success              | 0           |
|    ttc_risk             | 0           |
| rollout/                |             |
|    ep_len_mean          | 774         |
|    ep_rew_mean          | 8.37        |
|    success_rate         | 0           |
| time/                   |             |
|    fps                  | 547         |
|    iterations           | 14          |
|    time_elapsed         | 104         |
|    total_timesteps      | 57344       |
| train/                  |             |
|    approx_kl            | 0.009651665 |
|    clip_fraction        | 0.139       |
|    clip_range           | 0.2         |
|    entropy_loss         | -2.72       |
|    explained_variance   | 0.871       |
|    learning_rate        | 0.0003      |
|    loss                 | 0.332       |
|    n_updates            | 130         |
|    policy_gradient_loss | -0.00447    |
|    std                  | 0.941       |
|    value_loss           | 0.918       |
-----------------------------------------
-----------------------------------------
| paper/                  |             |
|    accel_variation      | 0.385       |
|    base_reward          | 4.01        |
|    collision            | 0           |
|    crash_object         | 0           |
|    crash_vehicle        | 0           |
|    episode_cost         | 1           |
|    episode_length       | 253         |
|    jerk                 | 0.348       |
|    lane_deviation       | 0.484       |
|    max_lane_deviation   | 1.04        |
|    mean_speed_kmh       | 4.61        |
|    min_ttc              | nan         |
|    out_of_road          | 1           |
|    route_completion     | 0.0608      |
|    shaped_reward        | 4.01        |
|    steering_variation   | 0.804       |
|    success              | 0           |
|    ttc_risk             | 0           |
| rollout/                |             |
|    ep_len_mean          | 724         |
|    ep_rew_mean          | 7.83        |
|    success_rate         | 0           |
| time/                   |             |
|    fps                  | 534         |
|    iterations           | 15          |
|    time_elapsed         | 115         |
|    total_timesteps      | 61440       |
| train/                  |             |
|    approx_kl            | 0.012273762 |
|    clip_fraction        | 0.139       |
|    clip_range           | 0.2         |
|    entropy_loss         | -2.71       |
|    explained_variance   | 0.802       |
|    learning_rate        | 0.0003      |
|    loss                 | 0.364       |
|    n_updates            | 140         |
|    policy_gradient_loss | -0.0054     |
|    std                  | 0.934       |
|    value_loss           | 0.996       |
-----------------------------------------
-----------------------------------------
| paper/                  |             |
|    accel_variation      | 0.447       |
|    base_reward          | 70.9        |
|    collision            | 0           |
|    crash_object         | 0           |
|    crash_vehicle        | 0           |
|    episode_cost         | 1           |
|    episode_length       | 1128        |
|    jerk                 | 0.389       |
|    lane_deviation       | 0.479       |
|    max_lane_deviation   | 1.03        |
|    mean_speed_kmh       | 4.99        |
|    min_ttc              | 24.2        |
|    out_of_road          | 1           |
|    route_completion     | 0.213       |
|    shaped_reward        | 70.9        |
|    steering_variation   | 0.852       |
|    success              | 0           |
|    ttc_risk             | 0           |
| rollout/                |             |
|    ep_len_mean          | 729         |
|    ep_rew_mean          | 10.1        |
|    success_rate         | 0           |
| time/                   |             |
|    fps                  | 520         |
|    iterations           | 16          |
|    time_elapsed         | 125         |
|    total_timesteps      | 65536       |
| train/                  |             |
|    approx_kl            | 0.007139265 |
|    clip_fraction        | 0.104       |
|    clip_range           | 0.2         |
|    entropy_loss         | -2.69       |
|    explained_variance   | 0.633       |
|    learning_rate        | 0.0003      |
|    loss                 | 0.646       |
|    n_updates            | 150         |
|    policy_gradient_loss | -0.0047     |
|    std                  | 0.93        |
|    value_loss           | 2.07        |
-----------------------------------------
-----------------------------------------
| paper/                  |             |
|    accel_variation      | 0.447       |
|    base_reward          | 109         |
|    collision            | 0           |
|    crash_object         | 0           |
|    crash_vehicle        | 0           |
|    episode_cost         | 0           |
|    episode_length       | 1200        |
|    jerk                 | 0.394       |
|    lane_deviation       | 0.41        |
|    max_lane_deviation   | 1           |
|    mean_speed_kmh       | 5.37        |
|    min_ttc              | nan         |
|    out_of_road          | 0           |
|    route_completion     | 0.239       |
|    shaped_reward        | 109         |
|    steering_variation   | 0.779       |
|    success              | 0           |
|    ttc_risk             | 0           |
| rollout/                |             |
|    ep_len_mean          | 746         |
|    ep_rew_mean          | 13.1        |
|    success_rate         | 0           |
| time/                   |             |
|    fps                  | 515         |
|    iterations           | 17          |
|    time_elapsed         | 134         |
|    total_timesteps      | 69632       |
| train/                  |             |
|    approx_kl            | 0.008567525 |
|    clip_fraction        | 0.106       |
|    clip_range           | 0.2         |
|    entropy_loss         | -2.68       |
|    explained_variance   | 0.705       |
|    learning_rate        | 0.0003      |
|    loss                 | 0.658       |
|    n_updates            | 160         |
|    policy_gradient_loss | -0.0043     |
|    std                  | 0.922       |
|    value_loss           | 1.54        |
-----------------------------------------
-----------------------------------------
| paper/                  |             |
|    accel_variation      | 0.409       |
|    base_reward          | 3.56        |
|    collision            | 0           |
|    crash_object         | 0           |
|    crash_vehicle        | 0           |
|    episode_cost         | 1           |
|    episode_length       | 187         |
|    jerk                 | 0.359       |
|    lane_deviation       | 0.39        |
|    max_lane_deviation   | 1.06        |
|    mean_speed_kmh       | 5.15        |
|    min_ttc              | 10.9        |
|    out_of_road          | 1           |
|    route_completion     | 0.0572      |
|    shaped_reward        | 3.56        |
|    steering_variation   | 0.832       |
|    success              | 0           |
|    ttc_risk             | 0           |
| rollout/                |             |
|    ep_len_mean          | 750         |
|    ep_rew_mean          | 15.1        |
|    success_rate         | 0           |
| time/                   |             |
|    fps                  | 512         |
|    iterations           | 18          |
|    time_elapsed         | 143         |
|    total_timesteps      | 73728       |
| train/                  |             |
|    approx_kl            | 0.008027367 |
|    clip_fraction        | 0.146       |
|    clip_range           | 0.2         |
|    entropy_loss         | -2.65       |
|    explained_variance   | 0.757       |
|    learning_rate        | 0.0003      |
|    loss                 | 0.41        |
|    n_updates            | 170         |
|    policy_gradient_loss | -0.00607    |
|    std                  | 0.904       |
|    value_loss           | 1.02        |
-----------------------------------------
-----------------------------------------
| paper/                  |             |
|    accel_variation      | 0.383       |
|    base_reward          | 148         |
|    collision            | 0           |
|    crash_object         | 0           |
|    crash_vehicle        | 0           |
|    episode_cost         | 0           |
|    episode_length       | 1200        |
|    jerk                 | 0.337       |
|    lane_deviation       | 0.42        |
|    max_lane_deviation   | 0.998       |
|    mean_speed_kmh       | 7.45        |
|    min_ttc              | nan         |
|    out_of_road          | 0           |
|    route_completion     | 0.431       |
|    shaped_reward        | 148         |
|    steering_variation   | 0.796       |
|    success              | 0           |
|    ttc_risk             | 0           |
| rollout/                |             |
|    ep_len_mean          | 761         |
|    ep_rew_mean          | 18.6        |
|    success_rate         | 0           |
| time/                   |             |
|    fps                  | 511         |
|    iterations           | 19          |
|    time_elapsed         | 152         |
|    total_timesteps      | 77824       |
| train/                  |             |
|    approx_kl            | 0.011937261 |
|    clip_fraction        | 0.166       |
|    clip_range           | 0.2         |
|    entropy_loss         | -2.61       |
|    explained_variance   | 0.485       |
|    learning_rate        | 0.0003      |
|    loss                 | 0.424       |
|    n_updates            | 180         |
|    policy_gradient_loss | -0.0118     |
|    std                  | 0.884       |
|    value_loss           | 1.12        |
-----------------------------------------
-----------------------------------------
| paper/                  |             |
|    accel_variation      | 0.364       |
|    base_reward          | 177         |
|    collision            | 0           |
|    crash_object         | 0           |
|    crash_vehicle        | 0           |
|    episode_cost         | 0           |
|    episode_length       | 1200        |
|    jerk                 | 0.306       |
|    lane_deviation       | 0.451       |
|    max_lane_deviation   | 1.13        |
|    mean_speed_kmh       | 9.24        |
|    min_ttc              | 1.09        |
|    out_of_road          | 0           |
|    route_completion     | 0.5         |
|    shaped_reward        | 177         |
|    steering_variation   | 0.773       |
|    success              | 0           |
|    ttc_risk             | 0.0149      |
| rollout/                |             |
|    ep_len_mean          | 756         |
|    ep_rew_mean          | 22.5        |
|    success_rate         | 0           |
| time/                   |             |
|    fps                  | 509         |
|    iterations           | 20          |
|    time_elapsed         | 160         |
|    total_timesteps      | 81920       |
| train/                  |             |
|    approx_kl            | 0.014970496 |
|    clip_fraction        | 0.14        |
|    clip_range           | 0.2         |
|    entropy_loss         | -2.57       |
|    explained_variance   | 0.612       |
|    learning_rate        | 0.0003      |
|    loss                 | 0.472       |
|    n_updates            | 190         |
|    policy_gradient_loss | -0.00631    |
|    std                  | 0.865       |
|    value_loss           | 1.43        |
-----------------------------------------
-----------------------------------------
| paper/                  |             |
|    accel_variation      | 0.308       |
|    base_reward          | 109         |
|    collision            | 1           |
|    crash_object         | 0           |
|    crash_vehicle        | 1           |
|    episode_cost         | 1           |
|    episode_length       | 632         |
|    jerk                 | 0.272       |
|    lane_deviation       | 0.456       |
|    max_lane_deviation   | 1.68        |
|    mean_speed_kmh       | 10.6        |
|    min_ttc              | 0.467       |
|    out_of_road          | 0           |
|    route_completion     | 0.342       |
|    shaped_reward        | 109         |
|    steering_variation   | 0.752       |
|    success              | 0           |
|    ttc_risk             | 0.00289     |
| rollout/                |             |
|    ep_len_mean          | 743         |
|    ep_rew_mean          | 28.7        |
|    success_rate         | 0           |
| time/                   |             |
|    fps                  | 507         |
|    iterations           | 21          |
|    time_elapsed         | 169         |
|    total_timesteps      | 86016       |
| train/                  |             |
|    approx_kl            | 0.026483955 |
|    clip_fraction        | 0.17        |
|    clip_range           | 0.2         |
|    entropy_loss         | -2.52       |
|    explained_variance   | 0.384       |
|    learning_rate        | 0.0003      |
|    loss                 | 0.554       |
|    n_updates            | 200         |
|    policy_gradient_loss | -0.00574    |
|    std                  | 0.843       |
|    value_loss           | 1.6         |
-----------------------------------------
-----------------------------------------
| paper/                  |             |
|    accel_variation      | 0.253       |
|    base_reward          | 11          |
|    collision            | 0           |
|    crash_object         | 0           |
|    crash_vehicle        | 0           |
|    episode_cost         | 1           |
|    episode_length       | 144         |
|    jerk                 | 0.271       |
|    lane_deviation       | 0.411       |
|    max_lane_deviation   | 1.08        |
|    mean_speed_kmh       | 9.99        |
|    min_ttc              | 14          |
|    out_of_road          | 1           |
|    route_completion     | 0.0829      |
|    shaped_reward        | 11          |
|    steering_variation   | 0.785       |
|    success              | 0           |
|    ttc_risk             | 0           |
| rollout/                |             |
|    ep_len_mean          | 729         |
|    ep_rew_mean          | 35.2        |
|    success_rate         | 0           |
| time/                   |             |
|    fps                  | 501         |
|    iterations           | 22          |
|    time_elapsed         | 179         |
|    total_timesteps      | 90112       |
| train/                  |             |
|    approx_kl            | 0.010544991 |
|    clip_fraction        | 0.156       |
|    clip_range           | 0.2         |
|    entropy_loss         | -2.48       |
|    explained_variance   | 0.469       |
|    learning_rate        | 0.0003      |
|    loss                 | 1.17        |
|    n_updates            | 210         |
|    policy_gradient_loss | -0.00394    |
|    std                  | 0.834       |
|    value_loss           | 2.79        |
-----------------------------------------
----------------------------------------
| paper/                  |            |
|    accel_variation      | 0.316      |
|    base_reward          | 189        |
|    collision            | 0          |
|    crash_object         | 0          |
|    crash_vehicle        | 0          |
|    episode_cost         | 0          |
|    episode_length       | 1200       |
|    jerk                 | 0.27       |
|    lane_deviation       | 0.493      |
|    max_lane_deviation   | 1.42       |
|    mean_speed_kmh       | 10.3       |
|    min_ttc              | 14.7       |
|    out_of_road          | 0          |
|    route_completion     | 0.594      |
|    shaped_reward        | 189        |
|    steering_variation   | 0.703      |
|    success              | 0          |
|    ttc_risk             | 0          |
| rollout/                |            |
|    ep_len_mean          | 715        |
|    ep_rew_mean          | 37.9       |
|    success_rate         | 0          |
| time/                   |            |
|    fps                  | 502        |
|    iterations           | 23         |
|    time_elapsed         | 187        |
|    total_timesteps      | 94208      |
| train/                  |            |
|    approx_kl            | 0.05219955 |
|    clip_fraction        | 0.172      |
|    clip_range           | 0.2        |
|    entropy_loss         | -2.46      |
|    explained_variance   | 0.357      |
|    learning_rate        | 0.0003     |
|    loss                 | 1.67       |
|    n_updates            | 220        |
|    policy_gradient_loss | 0.0028     |
|    std                  | 0.824      |
|    value_loss           | 3.68       |
----------------------------------------
------------------------------------------
| paper/                  |              |
|    accel_variation      | 0.284        |
|    base_reward          | 164          |
|    collision            | 0            |
|    crash_object         | 0            |
|    crash_vehicle        | 0            |
|    episode_cost         | 1            |
|    episode_length       | 842          |
|    jerk                 | 0.255        |
|    lane_deviation       | 0.464        |
|    max_lane_deviation   | 1.15         |
|    mean_speed_kmh       | 14.5         |
|    min_ttc              | 3.83         |
|    out_of_road          | 1            |
|    route_completion     | 0.619        |
|    shaped_reward        | 164          |
|    steering_variation   | 0.705        |
|    success              | 0            |
|    ttc_risk             | 0.00362      |
| rollout/                |              |
|    ep_len_mean          | 722          |
|    ep_rew_mean          | 47           |
|    success_rate         | 0            |
| time/                   |              |
|    fps                  | 498          |
|    iterations           | 24           |
|    time_elapsed         | 197          |
|    total_timesteps      | 98304        |
| train/                  |              |
|    approx_kl            | 0.0075019975 |
|    clip_fraction        | 0.118        |
|    clip_range           | 0.2          |
|    entropy_loss         | -2.44        |
|    explained_variance   | 0.589        |
|    learning_rate        | 0.0003       |
|    loss                 | 1.2          |
|    n_updates            | 230          |
|    policy_gradient_loss | -0.00996     |
|    std                  | 0.818        |
|    value_loss           | 3.08         |
------------------------------------------
-----------------------------------------
| paper/                  |             |
|    accel_variation      | 0.259       |
|    base_reward          | 227         |
|    collision            | 0           |
|    crash_object         | 0           |
|    crash_vehicle        | 0           |
|    episode_cost         | 0           |
|    episode_length       | 1200        |
|    jerk                 | 0.231       |
|    lane_deviation       | 0.498       |
|    max_lane_deviation   | 1.7         |
|    mean_speed_kmh       | 13.7        |
|    min_ttc              | 11.3        |
|    out_of_road          | 0           |
|    route_completion     | 0.938       |
|    shaped_reward        | 227         |
|    steering_variation   | 0.689       |
|    success              | 0           |
|    ttc_risk             | 0           |
| rollout/                |             |
|    ep_len_mean          | 741         |
|    ep_rew_mean          | 54.3        |
|    success_rate         | 0           |
| time/                   |             |
|    fps                  | 495         |
|    iterations           | 25          |
|    time_elapsed         | 206         |
|    total_timesteps      | 102400      |
| train/                  |             |
|    approx_kl            | 0.006556739 |
|    clip_fraction        | 0.173       |
|    clip_range           | 0.2         |
|    entropy_loss         | -2.42       |
|    explained_variance   | 0.532       |
|    learning_rate        | 0.0003      |
|    loss                 | 1.1         |
|    n_updates            | 240         |
|    policy_gradient_loss | 0.0025      |
|    std                  | 0.811       |
|    value_loss           | 3.58        |
-----------------------------------------
-----------------------------------------
| paper/                  |             |
|    accel_variation      | 0.232       |
|    base_reward          | 280         |
|    collision            | 0           |
|    crash_object         | 0           |
|    crash_vehicle        | 0           |
|    episode_cost         | 0           |
|    episode_length       | 1200        |
|    jerk                 | 0.218       |
|    lane_deviation       | 0.459       |
|    max_lane_deviation   | 1           |
|    mean_speed_kmh       | 15.6        |
|    min_ttc              | 10.2        |
|    out_of_road          | 0           |
|    route_completion     | 0.744       |
|    shaped_reward        | 280         |
|    steering_variation   | 0.682       |
|    success              | 0           |
|    ttc_risk             | 0           |
| rollout/                |             |
|    ep_len_mean          | 756         |
|    ep_rew_mean          | 64.5        |
|    success_rate         | 0           |
| time/                   |             |
|    fps                  | 491         |
|    iterations           | 26          |
|    time_elapsed         | 216         |
|    total_timesteps      | 106496      |
| train/                  |             |
|    approx_kl            | 0.009025453 |
|    clip_fraction        | 0.135       |
|    clip_range           | 0.2         |
|    entropy_loss         | -2.4        |
|    explained_variance   | 0.519       |
|    learning_rate        | 0.0003      |
|    loss                 | 1.54        |
|    n_updates            | 250         |
|    policy_gradient_loss | -0.000421   |
|    std                  | 0.802       |
|    value_loss           | 3.45        |
-----------------------------------------
------------------------------------------
| paper/                  |              |
|    accel_variation      | 0.231        |
|    base_reward          | 364          |
|    collision            | 0            |
|    crash_object         | 0            |
|    crash_vehicle        | 0            |
|    episode_cost         | 0            |
|    episode_length       | 1200         |
|    jerk                 | 0.21         |
|    lane_deviation       | 0.369        |
|    max_lane_deviation   | 0.995        |
|    mean_speed_kmh       | 16.9         |
|    min_ttc              | 13.7         |
|    out_of_road          | 0            |
|    route_completion     | 0.846        |
|    shaped_reward        | 364          |
|    steering_variation   | 0.721        |
|    success              | 0            |
|    ttc_risk             | 0            |
| rollout/                |              |
|    ep_len_mean          | 769          |
|    ep_rew_mean          | 76.4         |
|    success_rate         | 0.01         |
| time/                   |              |
|    fps                  | 487          |
|    iterations           | 27           |
|    time_elapsed         | 226          |
|    total_timesteps      | 110592       |
| train/                  |              |
|    approx_kl            | 0.0036084403 |
|    clip_fraction        | 0.0875       |
|    clip_range           | 0.2          |
|    entropy_loss         | -2.39        |
|    explained_variance   | 0.393        |
|    learning_rate        | 0.0003       |
|    loss                 | 6.23         |
|    n_updates            | 260          |
|    policy_gradient_loss | -0.000708    |
|    std                  | 0.798        |
|    value_loss           | 7.55         |
------------------------------------------
-----------------------------------------
| paper/                  |             |
|    accel_variation      | 0.216       |
|    base_reward          | 42          |
|    collision            | 0           |
|    crash_object         | 0           |
|    crash_vehicle        | 0           |
|    episode_cost         | 1           |
|    episode_length       | 278         |
|    jerk                 | 0.205       |
|    lane_deviation       | 0.478       |
|    max_lane_deviation   | 1.09        |
|    mean_speed_kmh       | 14          |
|    min_ttc              | 3.42        |
|    out_of_road          | 1           |
|    route_completion     | 0.124       |
|    shaped_reward        | 42          |
|    steering_variation   | 0.618       |
|    success              | 0           |
|    ttc_risk             | 0.00285     |
| rollout/                |             |
|    ep_len_mean          | 773         |
|    ep_rew_mean          | 85.9        |
|    success_rate         | 0.01        |
| time/                   |             |
|    fps                  | 480         |
|    iterations           | 28          |
|    time_elapsed         | 238         |
|    total_timesteps      | 114688      |
| train/                  |             |
|    approx_kl            | 0.011031013 |
|    clip_fraction        | 0.108       |
|    clip_range           | 0.2         |
|    entropy_loss         | -2.37       |
|    explained_variance   | 0.558       |
|    learning_rate        | 0.0003      |
|    loss                 | 1.21        |
|    n_updates            | 270         |
|    policy_gradient_loss | -0.00353    |
|    std                  | 0.79        |
|    value_loss           | 3.03        |
-----------------------------------------
-----------------------------------------
| paper/                  |             |
|    accel_variation      | 0.216       |
|    base_reward          | 145         |
|    collision            | 0           |
|    crash_object         | 0           |
|    crash_vehicle        | 0           |
|    episode_cost         | 1           |
|    episode_length       | 725         |
|    jerk                 | 0.198       |
|    lane_deviation       | 0.491       |
|    max_lane_deviation   | 2           |
|    mean_speed_kmh       | 17.3        |
|    min_ttc              | 5.53        |
|    out_of_road          | 1           |
|    route_completion     | 0.414       |
|    shaped_reward        | 145         |
|    steering_variation   | 0.692       |
|    success              | 0           |
|    ttc_risk             | 0.000121    |
| rollout/                |             |
|    ep_len_mean          | 768         |
|    ep_rew_mean          | 95.1        |
|    success_rate         | 0.01        |
| time/                   |             |
|    fps                  | 474         |
|    iterations           | 29          |
|    time_elapsed         | 250         |
|    total_timesteps      | 118784      |
| train/                  |             |
|    approx_kl            | 0.008279715 |
|    clip_fraction        | 0.147       |
|    clip_range           | 0.2         |
|    entropy_loss         | -2.36       |
|    explained_variance   | 0.274       |
|    learning_rate        | 0.0003      |
|    loss                 | 3.37        |
|    n_updates            | 280         |
|    policy_gradient_loss | 0.00162     |
|    std                  | 0.785       |
|    value_loss           | 10.7        |
-----------------------------------------
-----------------------------------------
| paper/                  |             |
|    accel_variation      | 0.207       |
|    base_reward          | 235         |
|    collision            | 0           |
|    crash_object         | 0           |
|    crash_vehicle        | 0           |
|    episode_cost         | 1           |
|    episode_length       | 943         |
|    jerk                 | 0.185       |
|    lane_deviation       | 0.441       |
|    max_lane_deviation   | 2           |
|    mean_speed_kmh       | 18          |
|    min_ttc              | 1.44        |
|    out_of_road          | 1           |
|    route_completion     | 0.68        |
|    shaped_reward        | 235         |
|    steering_variation   | 0.65        |
|    success              | 0           |
|    ttc_risk             | 0.00776     |
| rollout/                |             |
|    ep_len_mean          | 777         |
|    ep_rew_mean          | 107         |
|    success_rate         | 0.03        |
| time/                   |             |
|    fps                  | 470         |
|    iterations           | 30          |
|    time_elapsed         | 261         |
|    total_timesteps      | 122880      |
| train/                  |             |
|    approx_kl            | 0.020890314 |
|    clip_fraction        | 0.136       |
|    clip_range           | 0.2         |
|    entropy_loss         | -2.35       |
|    explained_variance   | 0.258       |
|    learning_rate        | 0.0003      |
|    loss                 | 7.52        |
|    n_updates            | 290         |
|    policy_gradient_loss | -0.00137    |
|    std                  | 0.78        |
|    value_loss           | 10.4        |
-----------------------------------------
-----------------------------------------
| paper/                  |             |
|    accel_variation      | 0.17        |
|    base_reward          | 73.6        |
|    collision            | 0           |
|    crash_object         | 0           |
|    crash_vehicle        | 0           |
|    episode_cost         | 1           |
|    episode_length       | 443         |
|    jerk                 | 0.149       |
|    lane_deviation       | 0.517       |
|    max_lane_deviation   | 1.88        |
|    mean_speed_kmh       | 16          |
|    min_ttc              | 14.5        |
|    out_of_road          | 1           |
|    route_completion     | 0.384       |
|    shaped_reward        | 73.6        |
|    steering_variation   | 0.651       |
|    success              | 0           |
|    ttc_risk             | 0           |
| rollout/                |             |
|    ep_len_mean          | 764         |
|    ep_rew_mean          | 122         |
|    success_rate         | 0.05        |
| time/                   |             |
|    fps                  | 464         |
|    iterations           | 31          |
|    time_elapsed         | 273         |
|    total_timesteps      | 126976      |
| train/                  |             |
|    approx_kl            | 0.010148011 |
|    clip_fraction        | 0.24        |
|    clip_range           | 0.2         |
|    entropy_loss         | -2.33       |
|    explained_variance   | 0.448       |
|    learning_rate        | 0.0003      |
|    loss                 | 2.21        |
|    n_updates            | 300         |
|    policy_gradient_loss | 0.0127      |
|    std                  | 0.774       |
|    value_loss           | 4.91        |
-----------------------------------------
-----------------------------------------
| paper/                  |             |
|    accel_variation      | 0.178       |
|    base_reward          | 256         |
|    collision            | 1           |
|    crash_object         | 0           |
|    crash_vehicle        | 1           |
|    episode_cost         | 1           |
|    episode_length       | 897         |
|    jerk                 | 0.168       |
|    lane_deviation       | 0.451       |
|    max_lane_deviation   | 1.54        |
|    mean_speed_kmh       | 18.8        |
|    min_ttc              | nan         |
|    out_of_road          | 0           |
|    route_completion     | 0.749       |
|    shaped_reward        | 256         |
|    steering_variation   | 0.645       |
|    success              | 0           |
|    ttc_risk             | 0           |
| rollout/                |             |
|    ep_len_mean          | 762         |
|    ep_rew_mean          | 129         |
|    success_rate         | 0.05        |
| time/                   |             |
|    fps                  | 462         |
|    iterations           | 32          |
|    time_elapsed         | 283         |
|    total_timesteps      | 131072      |
| train/                  |             |
|    approx_kl            | 0.008765696 |
|    clip_fraction        | 0.102       |
|    clip_range           | 0.2         |
|    entropy_loss         | -2.32       |
|    explained_variance   | 0.31        |
|    learning_rate        | 0.0003      |
|    loss                 | 5.95        |
|    n_updates            | 310         |
|    policy_gradient_loss | -0.00289    |
|    std                  | 0.772       |
|    value_loss           | 18.4        |
-----------------------------------------
----------------------------------------
| paper/                  |            |
|    accel_variation      | 0.166      |
|    base_reward          | 162        |
|    collision            | 0          |
|    crash_object         | 0          |
|    crash_vehicle        | 0          |
|    episode_cost         | 1          |
|    episode_length       | 582        |
|    jerk                 | 0.15       |
|    lane_deviation       | 0.518      |
|    max_lane_deviation   | 2          |
|    mean_speed_kmh       | 20.6       |
|    min_ttc              | 12.2       |
|    out_of_road          | 1          |
|    route_completion     | 0.616      |
|    shaped_reward        | 162        |
|    steering_variation   | 0.601      |
|    success              | 0          |
|    ttc_risk             | 0          |
| rollout/                |            |
|    ep_len_mean          | 772        |
|    ep_rew_mean          | 136        |
|    success_rate         | 0.06       |
| time/                   |            |
|    fps                  | 463        |
|    iterations           | 33         |
|    time_elapsed         | 291        |
|    total_timesteps      | 135168     |
| train/                  |            |
|    approx_kl            | 0.05591912 |
|    clip_fraction        | 0.165      |
|    clip_range           | 0.2        |
|    entropy_loss         | -2.31      |
|    explained_variance   | 0.571      |
|    learning_rate        | 0.0003     |
|    loss                 | 2.86       |
|    n_updates            | 320        |
|    policy_gradient_loss | 0.00113    |
|    std                  | 0.769      |
|    value_loss           | 7.26       |
----------------------------------------
-----------------------------------------
| paper/                  |             |
|    accel_variation      | 0.195       |
|    base_reward          | 394         |
|    collision            | 0           |
|    crash_object         | 0           |
|    crash_vehicle        | 0           |
|    episode_cost         | 0           |
|    episode_length       | 985         |
|    jerk                 | 0.179       |
|    lane_deviation       | 0.408       |
|    max_lane_deviation   | 1.42        |
|    mean_speed_kmh       | 22.5        |
|    min_ttc              | 7.84        |
|    out_of_road          | 0           |
|    route_completion     | 0.993       |
|    shaped_reward        | 394         |
|    steering_variation   | 0.583       |
|    success              | 1           |
|    ttc_risk             | 0           |
| rollout/                |             |
|    ep_len_mean          | 804         |
|    ep_rew_mean          | 159         |
|    success_rate         | 0.09        |
| time/                   |             |
|    fps                  | 462         |
|    iterations           | 34          |
|    time_elapsed         | 301         |
|    total_timesteps      | 139264      |
| train/                  |             |
|    approx_kl            | 0.010962227 |
|    clip_fraction        | 0.146       |
|    clip_range           | 0.2         |
|    entropy_loss         | -2.3        |
|    explained_variance   | 0.471       |
|    learning_rate        | 0.0003      |
|    loss                 | 4.47        |
|    n_updates            | 330         |
|    policy_gradient_loss | 0.00489     |
|    std                  | 0.762       |
|    value_loss           | 8.44        |
-----------------------------------------
-----------------------------------------
| paper/                  |             |
|    accel_variation      | 0.164       |
|    base_reward          | 172         |
|    collision            | 0           |
|    crash_object         | 0           |
|    crash_vehicle        | 0           |
|    episode_cost         | 1           |
|    episode_length       | 618         |
|    jerk                 | 0.151       |
|    lane_deviation       | 0.558       |
|    max_lane_deviation   | 2           |
|    mean_speed_kmh       | 20.9        |
|    min_ttc              | 13.3        |
|    out_of_road          | 1           |
|    route_completion     | 0.703       |
|    shaped_reward        | 172         |
|    steering_variation   | 0.622       |
|    success              | 0           |
|    ttc_risk             | 0           |
| rollout/                |             |
|    ep_len_mean          | 808         |
|    ep_rew_mean          | 164         |
|    success_rate         | 0.1         |
| time/                   |             |
|    fps                  | 461         |
|    iterations           | 35          |
|    time_elapsed         | 310         |
|    total_timesteps      | 143360      |
| train/                  |             |
|    approx_kl            | 0.026252553 |
|    clip_fraction        | 0.201       |
|    clip_range           | 0.2         |
|    entropy_loss         | -2.28       |
|    explained_variance   | 0.68        |
|    learning_rate        | 0.0003      |
|    loss                 | 3.63        |
|    n_updates            | 340         |
|    policy_gradient_loss | 0.00798     |
|    std                  | 0.755       |
|    value_loss           | 9.08        |
-----------------------------------------
-----------------------------------------
| paper/                  |             |
|    accel_variation      | 0.188       |
|    base_reward          | 98.5        |
|    collision            | 0           |
|    crash_object         | 0           |
|    crash_vehicle        | 0           |
|    episode_cost         | 1           |
|    episode_length       | 380         |
|    jerk                 | 0.166       |
|    lane_deviation       | 0.55        |
|    max_lane_deviation   | 1.68        |
|    mean_speed_kmh       | 22.9        |
|    min_ttc              | 18.2        |
|    out_of_road          | 1           |
|    route_completion     | 0.38        |
|    shaped_reward        | 98.5        |
|    steering_variation   | 0.619       |
|    success              | 0           |
|    ttc_risk             | 0           |
| rollout/                |             |
|    ep_len_mean          | 794         |
|    ep_rew_mean          | 182         |
|    success_rate         | 0.12        |
| time/                   |             |
|    fps                  | 454         |
|    iterations           | 36          |
|    time_elapsed         | 324         |
|    total_timesteps      | 147456      |
| train/                  |             |
|    approx_kl            | 0.015309056 |
|    clip_fraction        | 0.261       |
|    clip_range           | 0.2         |
|    entropy_loss         | -2.27       |
|    explained_variance   | 0.702       |
|    learning_rate        | 0.0003      |
|    loss                 | 3.8         |
|    n_updates            | 350         |
|    policy_gradient_loss | 0.0137      |
|    std                  | 0.75        |
|    value_loss           | 10.4        |
-----------------------------------------
-----------------------------------------
| paper/                  |             |
|    accel_variation      | 0.142       |
|    base_reward          | 157         |
|    collision            | 1           |
|    crash_object         | 0           |
|    crash_vehicle        | 1           |
|    episode_cost         | 1           |
|    episode_length       | 489         |
|    jerk                 | 0.147       |
|    lane_deviation       | 0.641       |
|    max_lane_deviation   | 2           |
|    mean_speed_kmh       | 27.2        |
|    min_ttc              | 3.06        |
|    out_of_road          | 0           |
|    route_completion     | 0.699       |
|    shaped_reward        | 157         |
|    steering_variation   | 0.637       |
|    success              | 0           |
|    ttc_risk             | 0.0362      |
| rollout/                |             |
|    ep_len_mean          | 762         |
|    ep_rew_mean          | 187         |
|    success_rate         | 0.13        |
| time/                   |             |
|    fps                  | 451         |
|    iterations           | 37          |
|    time_elapsed         | 335         |
|    total_timesteps      | 151552      |
| train/                  |             |
|    approx_kl            | 0.018049486 |
|    clip_fraction        | 0.0789      |
|    clip_range           | 0.2         |
|    entropy_loss         | -2.26       |
|    explained_variance   | 0.63        |
|    learning_rate        | 0.0003      |
|    loss                 | 8.29        |
|    n_updates            | 360         |
|    policy_gradient_loss | -0.000417   |
|    std                  | 0.746       |
|    value_loss           | 19.8        |
-----------------------------------------
-----------------------------------------
| paper/                  |             |
|    accel_variation      | 0.0627      |
|    base_reward          | 21.3        |
|    collision            | 0           |
|    crash_object         | 0           |
|    crash_vehicle        | 0           |
|    episode_cost         | 1           |
|    episode_length       | 250         |
|    jerk                 | 0.0674      |
|    lane_deviation       | 1.06        |
|    max_lane_deviation   | 2           |
|    mean_speed_kmh       | 18.3        |
|    min_ttc              | nan         |
|    out_of_road          | 1           |
|    route_completion     | 0.216       |
|    shaped_reward        | 21.3        |
|    steering_variation   | 0.696       |
|    success              | 0           |
|    ttc_risk             | 0           |
| rollout/                |             |
|    ep_len_mean          | 732         |
|    ep_rew_mean          | 192         |
|    success_rate         | 0.14        |
| time/                   |             |
|    fps                  | 448         |
|    iterations           | 38          |
|    time_elapsed         | 347         |
|    total_timesteps      | 155648      |
| train/                  |             |
|    approx_kl            | 0.007985792 |
|    clip_fraction        | 0.102       |
|    clip_range           | 0.2         |
|    entropy_loss         | -2.25       |
|    explained_variance   | 0.632       |
|    learning_rate        | 0.0003      |
|    loss                 | 7.39        |
|    n_updates            | 370         |
|    policy_gradient_loss | -0.00321    |
|    std                  | 0.744       |
|    value_loss           | 19.1        |
-----------------------------------------
-----------------------------------------
| paper/                  |             |
|    accel_variation      | 0.104       |
|    base_reward          | 162         |
|    collision            | 1           |
|    crash_object         | 0           |
|    crash_vehicle        | 1           |
|    episode_cost         | 1           |
|    episode_length       | 562         |
|    jerk                 | 0.103       |
|    lane_deviation       | 0.655       |
|    max_lane_deviation   | 2           |
|    mean_speed_kmh       | 25.7        |
|    min_ttc              | 0.501       |
|    out_of_road          | 0           |
|    route_completion     | 0.831       |
|    shaped_reward        | 162         |
|    steering_variation   | 0.599       |
|    success              | 0           |
|    ttc_risk             | 0.0525      |
| rollout/                |             |
|    ep_len_mean          | 699         |
|    ep_rew_mean          | 192         |
|    success_rate         | 0.15        |
| time/                   |             |
|    fps                  | 447         |
|    iterations           | 39          |
|    time_elapsed         | 356         |
|    total_timesteps      | 159744      |
| train/                  |             |
|    approx_kl            | 0.005525128 |
|    clip_fraction        | 0.103       |
|    clip_range           | 0.2         |
|    entropy_loss         | -2.24       |
|    explained_variance   | 0.581       |
|    learning_rate        | 0.0003      |
|    loss                 | 10.7        |
|    n_updates            | 380         |
|    policy_gradient_loss | -0.00384    |
|    std                  | 0.742       |
|    value_loss           | 19.8        |
-----------------------------------------
------------------------------------------
| paper/                  |              |
|    accel_variation      | 0.144        |
|    base_reward          | 13.8         |
|    collision            | 1            |
|    crash_object         | 0            |
|    crash_vehicle        | 1            |
|    episode_cost         | 1            |
|    episode_length       | 101          |
|    jerk                 | 0.144        |
|    lane_deviation       | 0.491        |
|    max_lane_deviation   | 1            |
|    mean_speed_kmh       | 18.2         |
|    min_ttc              | 0.977        |
|    out_of_road          | 0            |
|    route_completion     | 0.0886       |
|    shaped_reward        | 13.8         |
|    steering_variation   | 0.632        |
|    success              | 0            |
|    ttc_risk             | 0.0439       |
| rollout/                |              |
|    ep_len_mean          | 680          |
|    ep_rew_mean          | 196          |
|    success_rate         | 0.18         |
| time/                   |              |
|    fps                  | 445          |
|    iterations           | 40           |
|    time_elapsed         | 367          |
|    total_timesteps      | 163840       |
| train/                  |              |
|    approx_kl            | 0.0022433922 |
|    clip_fraction        | 0.0449       |
|    clip_range           | 0.2          |
|    entropy_loss         | -2.24        |
|    explained_variance   | 0.623        |
|    learning_rate        | 0.0003       |
|    loss                 | 8.54         |
|    n_updates            | 390          |
|    policy_gradient_loss | -0.0037      |
|    std                  | 0.739        |
|    value_loss           | 21.5         |
------------------------------------------
-----------------------------------------
| paper/                  |             |
|    accel_variation      | 0.0676      |
|    base_reward          | 83.1        |
|    collision            | 1           |
|    crash_object         | 0           |
|    crash_vehicle        | 1           |
|    episode_cost         | 1           |
|    episode_length       | 325         |
|    jerk                 | 0.0738      |
|    lane_deviation       | 0.501       |
|    max_lane_deviation   | 1.31        |
|    mean_speed_kmh       | 19.7        |
|    min_ttc              | 0.356       |
|    out_of_road          | 0           |
|    route_completion     | 0.318       |
|    shaped_reward        | 83.1        |
|    steering_variation   | 0.653       |
|    success              | 0           |
|    ttc_risk             | 0.0357      |
| rollout/                |             |
|    ep_len_mean          | 636         |
|    ep_rew_mean          | 190         |
|    success_rate         | 0.19        |
| time/                   |             |
|    fps                  | 446         |
|    iterations           | 41          |
|    time_elapsed         | 376         |
|    total_timesteps      | 167936      |
| train/                  |             |
|    approx_kl            | 0.008006863 |
|    clip_fraction        | 0.233       |
|    clip_range           | 0.2         |
|    entropy_loss         | -2.23       |
|    explained_variance   | 0.405       |
|    learning_rate        | 0.0003      |
|    loss                 | 7.23        |
|    n_updates            | 400         |
|    policy_gradient_loss | 0.0089      |
|    std                  | 0.737       |
|    value_loss           | 17.8        |
-----------------------------------------
------------------------------------------
| paper/                  |              |
|    accel_variation      | 0.123        |
|    base_reward          | 119          |
|    collision            | 1            |
|    crash_object         | 0            |
|    crash_vehicle        | 1            |
|    episode_cost         | 1            |
|    episode_length       | 532          |
|    jerk                 | 0.113        |
|    lane_deviation       | 0.838        |
|    max_lane_deviation   | 2            |
|    mean_speed_kmh       | 26.5         |
|    min_ttc              | 1.64         |
|    out_of_road          | 0            |
|    route_completion     | 0.782        |
|    shaped_reward        | 119          |
|    steering_variation   | 0.652        |
|    success              | 0            |
|    ttc_risk             | 0.0403       |
| rollout/                |              |
|    ep_len_mean          | 599          |
|    ep_rew_mean          | 184          |
|    success_rate         | 0.18         |
| time/                   |              |
|    fps                  | 443          |
|    iterations           | 42           |
|    time_elapsed         | 387          |
|    total_timesteps      | 172032       |
| train/                  |              |
|    approx_kl            | 0.0058662677 |
|    clip_fraction        | 0.134        |
|    clip_range           | 0.2          |
|    entropy_loss         | -2.23        |
|    explained_variance   | 0.585        |
|    learning_rate        | 0.0003       |
|    loss                 | 6.65         |
|    n_updates            | 410          |
|    policy_gradient_loss | -0.00345     |
|    std                  | 0.736        |
|    value_loss           | 16.7         |
------------------------------------------
-----------------------------------------
| paper/                  |             |
|    accel_variation      | 0.0836      |
|    base_reward          | 270         |
|    collision            | 0           |
|    crash_object         | 0           |
|    crash_vehicle        | 0           |
|    episode_cost         | 0           |
|    episode_length       | 650         |
|    jerk                 | 0.0815      |
|    lane_deviation       | 0.469       |
|    max_lane_deviation   | 0.999       |
|    mean_speed_kmh       | 24.5        |
|    min_ttc              | 5.83        |
|    out_of_road          | 0           |
|    route_completion     | 0.99        |
|    shaped_reward        | 270         |
|    steering_variation   | 0.693       |
|    success              | 1           |
|    ttc_risk             | 5.17e-05    |
| rollout/                |             |
|    ep_len_mean          | 592         |
|    ep_rew_mean          | 188         |
|    success_rate         | 0.21        |
| time/                   |             |
|    fps                  | 442         |
|    iterations           | 43          |
|    time_elapsed         | 398         |
|    total_timesteps      | 176128      |
| train/                  |             |
|    approx_kl            | 0.006556915 |
|    clip_fraction        | 0.0901      |
|    clip_range           | 0.2         |
|    entropy_loss         | -2.22       |
|    explained_variance   | 0.505       |
|    learning_rate        | 0.0003      |
|    loss                 | 9.97        |
|    n_updates            | 420         |
|    policy_gradient_loss | -0.00274    |
|    std                  | 0.734       |
|    value_loss           | 27.2        |
-----------------------------------------
------------------------------------------
| paper/                  |              |
|    accel_variation      | 0.0839       |
|    base_reward          | 75.1         |
|    collision            | 0            |
|    crash_object         | 0            |
|    crash_vehicle        | 0            |
|    episode_cost         | 1            |
|    episode_length       | 258          |
|    jerk                 | 0.0877       |
|    lane_deviation       | 0.497        |
|    max_lane_deviation   | 2            |
|    mean_speed_kmh       | 22.6         |
|    min_ttc              | nan          |
|    out_of_road          | 1            |
|    route_completion     | 0.331        |
|    shaped_reward        | 75.1         |
|    steering_variation   | 0.673        |
|    success              | 0            |
|    ttc_risk             | 0            |
| rollout/                |              |
|    ep_len_mean          | 558          |
|    ep_rew_mean          | 180          |
|    success_rate         | 0.19         |
| time/                   |              |
|    fps                  | 441          |
|    iterations           | 44           |
|    time_elapsed         | 408          |
|    total_timesteps      | 180224       |
| train/                  |              |
|    approx_kl            | 0.0065082544 |
|    clip_fraction        | 0.228        |
|    clip_range           | 0.2          |
|    entropy_loss         | -2.21        |
|    explained_variance   | 0.668        |
|    learning_rate        | 0.0003       |
|    loss                 | 4.1          |
|    n_updates            | 430          |
|    policy_gradient_loss | 0.00652      |
|    std                  | 0.73         |
|    value_loss           | 10.5         |
------------------------------------------
------------------------------------------
| paper/                  |              |
|    accel_variation      | 0.118        |
|    base_reward          | 71.8         |
|    collision            | 0            |
|    crash_object         | 0            |
|    crash_vehicle        | 0            |
|    episode_cost         | 1            |
|    episode_length       | 269          |
|    jerk                 | 0.125        |
|    lane_deviation       | 0.501        |
|    max_lane_deviation   | 1.64         |
|    mean_speed_kmh       | 25.2         |
|    min_ttc              | 2.38         |
|    out_of_road          | 1            |
|    route_completion     | 0.292        |
|    shaped_reward        | 71.8         |
|    steering_variation   | 0.516        |
|    success              | 0            |
|    ttc_risk             | 0.00629      |
| rollout/                |              |
|    ep_len_mean          | 561          |
|    ep_rew_mean          | 186          |
|    success_rate         | 0.19         |
| time/                   |              |
|    fps                  | 440          |
|    iterations           | 45           |
|    time_elapsed         | 418          |
|    total_timesteps      | 184320       |
| train/                  |              |
|    approx_kl            | 0.0040949476 |
|    clip_fraction        | 0.0967       |
|    clip_range           | 0.2          |
|    entropy_loss         | -2.2         |
|    explained_variance   | 0.497        |
|    learning_rate        | 0.0003       |
|    loss                 | 8.43         |
|    n_updates            | 440          |
|    policy_gradient_loss | -0.000143    |
|    std                  | 0.724        |
|    value_loss           | 25.4         |
------------------------------------------
------------------------------------------
| paper/                  |              |
|    accel_variation      | 0.1          |
|    base_reward          | 342          |
|    collision            | 1            |
|    crash_object         | 0            |
|    crash_vehicle        | 1            |
|    episode_cost         | 1            |
|    episode_length       | 697          |
|    jerk                 | 0.0959       |
|    lane_deviation       | 0.384        |
|    max_lane_deviation   | 0.997        |
|    mean_speed_kmh       | 28.5         |
|    min_ttc              | 1.16         |
|    out_of_road          | 0            |
|    route_completion     | 0.843        |
|    shaped_reward        | 342          |
|    steering_variation   | 0.671        |
|    success              | 0            |
|    ttc_risk             | 0.0471       |
| rollout/                |              |
|    ep_len_mean          | 523          |
|    ep_rew_mean          | 176          |
|    success_rate         | 0.18         |
| time/                   |              |
|    fps                  | 437          |
|    iterations           | 46           |
|    time_elapsed         | 430          |
|    total_timesteps      | 188416       |
| train/                  |              |
|    approx_kl            | 0.0069962395 |
|    clip_fraction        | 0.078        |
|    clip_range           | 0.2          |
|    entropy_loss         | -2.19        |
|    explained_variance   | 0.654        |
|    learning_rate        | 0.0003       |
|    loss                 | 6.49         |
|    n_updates            | 450          |
|    policy_gradient_loss | -0.00214     |
|    std                  | 0.72         |
|    value_loss           | 21.2         |
------------------------------------------
------------------------------------------
| paper/                  |              |
|    accel_variation      | 0.11         |
|    base_reward          | 163          |
|    collision            | 0            |
|    crash_object         | 0            |
|    crash_vehicle        | 0            |
|    episode_cost         | 1            |
|    episode_length       | 460          |
|    jerk                 | 0.103        |
|    lane_deviation       | 0.479        |
|    max_lane_deviation   | 1.49         |
|    mean_speed_kmh       | 24.8         |
|    min_ttc              | 9.07         |
|    out_of_road          | 1            |
|    route_completion     | 0.549        |
|    shaped_reward        | 163          |
|    steering_variation   | 0.652        |
|    success              | 0            |
|    ttc_risk             | 0            |
| rollout/                |              |
|    ep_len_mean          | 499          |
|    ep_rew_mean          | 171          |
|    success_rate         | 0.18         |
| time/                   |              |
|    fps                  | 437          |
|    iterations           | 47           |
|    time_elapsed         | 440          |
|    total_timesteps      | 192512       |
| train/                  |              |
|    approx_kl            | 0.0073979087 |
|    clip_fraction        | 0.0671       |
|    clip_range           | 0.2          |
|    entropy_loss         | -2.17        |
|    explained_variance   | 0.641        |
|    learning_rate        | 0.0003       |
|    loss                 | 8.76         |
|    n_updates            | 460          |
|    policy_gradient_loss | -0.00495     |
|    std                  | 0.714        |
|    value_loss           | 21.9         |
------------------------------------------
-----------------------------------------
| paper/                  |             |
|    accel_variation      | 0.105       |
|    base_reward          | 193         |
|    collision            | 0           |
|    crash_object         | 0           |
|    crash_vehicle        | 0           |
|    episode_cost         | 1           |
|    episode_length       | 517         |
|    jerk                 | 0.105       |
|    lane_deviation       | 0.433       |
|    max_lane_deviation   | 1           |
|    mean_speed_kmh       | 25.9        |
|    min_ttc              | 6.56        |
|    out_of_road          | 1           |
|    route_completion     | 0.601       |
|    shaped_reward        | 193         |
|    steering_variation   | 0.612       |
|    success              | 0           |
|    ttc_risk             | 0           |
| rollout/                |             |
|    ep_len_mean          | 489         |
|    ep_rew_mean          | 169         |
|    success_rate         | 0.16        |
| time/                   |             |
|    fps                  | 434         |
|    iterations           | 48          |
|    time_elapsed         | 452         |
|    total_timesteps      | 196608      |
| train/                  |             |
|    approx_kl            | 0.009795456 |
|    clip_fraction        | 0.0674      |
|    clip_range           | 0.2         |
|    entropy_loss         | -2.16       |
|    explained_variance   | 0.549       |
|    learning_rate        | 0.0003      |
|    loss                 | 15.3        |
|    n_updates            | 470         |
|    policy_gradient_loss | -0.00451    |
|    std                  | 0.709       |
|    value_loss           | 24.2        |
-----------------------------------------
-----------------------------------------
| paper/                  |             |
|    accel_variation      | 0.106       |
|    base_reward          | 82.7        |
|    collision            | 0           |
|    crash_object         | 0           |
|    crash_vehicle        | 0           |
|    episode_cost         | 1           |
|    episode_length       | 276         |
|    jerk                 | 0.0978      |
|    lane_deviation       | 0.491       |
|    max_lane_deviation   | 1.89        |
|    mean_speed_kmh       | 22.9        |
|    min_ttc              | 4.1         |
|    out_of_road          | 1           |
|    route_completion     | 0.234       |
|    shaped_reward        | 82.7        |
|    steering_variation   | 0.608       |
|    success              | 0           |
|    ttc_risk             | 0.00648     |
| rollout/                |             |
|    ep_len_mean          | 494         |
|    ep_rew_mean          | 176         |
|    success_rate         | 0.17        |
| time/                   |             |
|    fps                  | 433         |
|    iterations           | 49          |
|    time_elapsed         | 462         |
|    total_timesteps      | 200704      |
| train/                  |             |
|    approx_kl            | 0.009953398 |
|    clip_fraction        | 0.105       |
|    clip_range           | 0.2         |
|    entropy_loss         | -2.15       |
|    explained_variance   | 0.753       |
|    learning_rate        | 0.0003      |
|    loss                 | 8.55        |
|    n_updates            | 480         |
|    policy_gradient_loss | -0.00281    |
|    std                  | 0.708       |
|    value_loss           | 24.4        |
-----------------------------------------
-----------------------------------------
| paper/                  |             |
|    accel_variation      | 0.0901      |
|    base_reward          | 294         |
|    collision            | 0           |
|    crash_object         | 0           |
|    crash_vehicle        | 0           |
|    episode_cost         | 1           |
|    episode_length       | 663         |
|    jerk                 | 0.0869      |
|    lane_deviation       | 0.44        |
|    max_lane_deviation   | 1.44        |
|    mean_speed_kmh       | 27.8        |
|    min_ttc              | 1.83        |
|    out_of_road          | 1           |
|    route_completion     | 0.853       |
|    shaped_reward        | 294         |
|    steering_variation   | 0.607       |
|    success              | 0           |
|    ttc_risk             | 0.00635     |
| rollout/                |             |
|    ep_len_mean          | 485         |
|    ep_rew_mean          | 176         |
|    success_rate         | 0.17        |
| time/                   |             |
|    fps                  | 430         |
|    iterations           | 50          |
|    time_elapsed         | 475         |
|    total_timesteps      | 204800      |
| train/                  |             |
|    approx_kl            | 0.012390437 |
|    clip_fraction        | 0.191       |
|    clip_range           | 0.2         |
|    entropy_loss         | -2.14       |
|    explained_variance   | 0.675       |
|    learning_rate        | 0.0003      |
|    loss                 | 5.64        |
|    n_updates            | 490         |
|    policy_gradient_loss | 0.00118     |
|    std                  | 0.702       |
|    value_loss           | 14.5        |
-----------------------------------------
-----------------------------------------
| paper/                  |             |
|    accel_variation      | 0.0787      |
|    base_reward          | 180         |
|    collision            | 0           |
|    crash_object         | 0           |
|    crash_vehicle        | 0           |
|    episode_cost         | 1           |
|    episode_length       | 493         |
|    jerk                 | 0.0794      |
|    lane_deviation       | 0.461       |
|    max_lane_deviation   | 1.59        |
|    mean_speed_kmh       | 26.1        |
|    min_ttc              | 2.73        |
|    out_of_road          | 1           |
|    route_completion     | 0.634       |
|    shaped_reward        | 180         |
|    steering_variation   | 0.602       |
|    success              | 0           |
|    ttc_risk             | 0.00492     |
| rollout/                |             |
|    ep_len_mean          | 485         |
|    ep_rew_mean          | 181         |
|    success_rate         | 0.18        |
| time/                   |             |
|    fps                  | 429         |
|    iterations           | 51          |
|    time_elapsed         | 486         |
|    total_timesteps      | 208896      |
| train/                  |             |
|    approx_kl            | 0.009639556 |
|    clip_fraction        | 0.103       |
|    clip_range           | 0.2         |
|    entropy_loss         | -2.12       |
|    explained_variance   | 0.667       |
|    learning_rate        | 0.0003      |
|    loss                 | 9.53        |
|    n_updates            | 500         |
|    policy_gradient_loss | -0.00258    |
|    std                  | 0.696       |
|    value_loss           | 20.3        |
-----------------------------------------
------------------------------------------
| paper/                  |              |
|    accel_variation      | 0.0857       |
|    base_reward          | 208          |
|    collision            | 0            |
|    crash_object         | 0            |
|    crash_vehicle        | 0            |
|    episode_cost         | 1            |
|    episode_length       | 587          |
|    jerk                 | 0.0841       |
|    lane_deviation       | 0.459        |
|    max_lane_deviation   | 1.1          |
|    mean_speed_kmh       | 24.5         |
|    min_ttc              | 1.88         |
|    out_of_road          | 1            |
|    route_completion     | 0.52         |
|    shaped_reward        | 208          |
|    steering_variation   | 0.6          |
|    success              | 0            |
|    ttc_risk             | 0.00555      |
| rollout/                |              |
|    ep_len_mean          | 486          |
|    ep_rew_mean          | 186          |
|    success_rate         | 0.16         |
| time/                   |              |
|    fps                  | 428          |
|    iterations           | 52           |
|    time_elapsed         | 496          |
|    total_timesteps      | 212992       |
| train/                  |              |
|    approx_kl            | 0.0085165985 |
|    clip_fraction        | 0.156        |
|    clip_range           | 0.2          |
|    entropy_loss         | -2.11        |
|    explained_variance   | 0.567        |
|    learning_rate        | 0.0003       |
|    loss                 | 7.1          |
|    n_updates            | 510          |
|    policy_gradient_loss | -0.000802    |
|    std                  | 0.693        |
|    value_loss           | 19.5         |
------------------------------------------
-----------------------------------------
| paper/                  |             |
|    accel_variation      | 0.0769      |
|    base_reward          | 229         |
|    collision            | 0           |
|    crash_object         | 0           |
|    crash_vehicle        | 0           |
|    episode_cost         | 1           |
|    episode_length       | 490         |
|    jerk                 | 0.073       |
|    lane_deviation       | 0.335       |
|    max_lane_deviation   | 1.06        |
|    mean_speed_kmh       | 26          |
|    min_ttc              | 3.12        |
|    out_of_road          | 1           |
|    route_completion     | 0.674       |
|    shaped_reward        | 229         |
|    steering_variation   | 0.616       |
|    success              | 0           |
|    ttc_risk             | 0.00464     |
| rollout/                |             |
|    ep_len_mean          | 472         |
|    ep_rew_mean          | 184         |
|    success_rate         | 0.15        |
| time/                   |             |
|    fps                  | 425         |
|    iterations           | 53          |
|    time_elapsed         | 509         |
|    total_timesteps      | 217088      |
| train/                  |             |
|    approx_kl            | 0.014051375 |
|    clip_fraction        | 0.185       |
|    clip_range           | 0.2         |
|    entropy_loss         | -2.1        |
|    explained_variance   | 0.693       |
|    learning_rate        | 0.0003      |
|    loss                 | 5.8         |
|    n_updates            | 520         |
|    policy_gradient_loss | 0.00307     |
|    std                  | 0.69        |
|    value_loss           | 16.2        |
-----------------------------------------
-----------------------------------------
| paper/                  |             |
|    accel_variation      | 0.0409      |
|    base_reward          | 24.8        |
|    collision            | 0           |
|    crash_object         | 0           |
|    crash_vehicle        | 0           |
|    episode_cost         | 1           |
|    episode_length       | 147         |
|    jerk                 | 0.0408      |
|    lane_deviation       | 0.514       |
|    max_lane_deviation   | 1.61        |
|    mean_speed_kmh       | 22.6        |
|    min_ttc              | 2.02        |
|    out_of_road          | 1           |
|    route_completion     | 0.184       |
|    shaped_reward        | 24.8        |
|    steering_variation   | 0.527       |
|    success              | 0           |
|    ttc_risk             | 0.0188      |
| rollout/                |             |
|    ep_len_mean          | 439         |
|    ep_rew_mean          | 174         |
|    success_rate         | 0.13        |
| time/                   |             |
|    fps                  | 421         |
|    iterations           | 54          |
|    time_elapsed         | 524         |
|    total_timesteps      | 221184      |
| train/                  |             |
|    approx_kl            | 0.015827881 |
|    clip_fraction        | 0.152       |
|    clip_range           | 0.2         |
|    entropy_loss         | -2.09       |
|    explained_variance   | 0.23        |
|    learning_rate        | 0.0003      |
|    loss                 | 15.7        |
|    n_updates            | 530         |
|    policy_gradient_loss | -0.00231    |
|    std                  | 0.69        |
|    value_loss           | 38.6        |
-----------------------------------------
-----------------------------------------
| paper/                  |             |
|    accel_variation      | 0.0319      |
|    base_reward          | 119         |
|    collision            | 0           |
|    crash_object         | 0           |
|    crash_vehicle        | 0           |
|    episode_cost         | 1           |
|    episode_length       | 281         |
|    jerk                 | 0.0351      |
|    lane_deviation       | 0.381       |
|    max_lane_deviation   | 2           |
|    mean_speed_kmh       | 27.3        |
|    min_ttc              | 1.66        |
|    out_of_road          | 1           |
|    route_completion     | 0.344       |
|    shaped_reward        | 119         |
|    steering_variation   | 0.636       |
|    success              | 0           |
|    ttc_risk             | 0.029       |
| rollout/                |             |
|    ep_len_mean          | 438         |
|    ep_rew_mean          | 176         |
|    success_rate         | 0.12        |
| time/                   |             |
|    fps                  | 419         |
|    iterations           | 55          |
|    time_elapsed         | 536         |
|    total_timesteps      | 225280      |
| train/                  |             |
|    approx_kl            | 0.036261015 |
|    clip_fraction        | 0.147       |
|    clip_range           | 0.2         |
|    entropy_loss         | -2.09       |
|    explained_variance   | 0.611       |
|    learning_rate        | 0.0003      |
|    loss                 | 16.1        |
|    n_updates            | 540         |
|    policy_gradient_loss | 0.00381     |
|    std                  | 0.684       |
|    value_loss           | 36.6        |
-----------------------------------------
------------------------------------------
| paper/                  |              |
|    accel_variation      | 0.028        |
|    base_reward          | 54.3         |
|    collision            | 0            |
|    crash_object         | 0            |
|    crash_vehicle        | 0            |
|    episode_cost         | 1            |
|    episode_length       | 186          |
|    jerk                 | 0.0332       |
|    lane_deviation       | 0.461        |
|    max_lane_deviation   | 2            |
|    mean_speed_kmh       | 22.4         |
|    min_ttc              | 3.73         |
|    out_of_road          | 1            |
|    route_completion     | 0.235        |
|    shaped_reward        | 54.3         |
|    steering_variation   | 0.583        |
|    success              | 0            |
|    ttc_risk             | 0.00564      |
| rollout/                |              |
|    ep_len_mean          | 416          |
|    ep_rew_mean          | 169          |
|    success_rate         | 0.1          |
| time/                   |              |
|    fps                  | 417          |
|    iterations           | 56           |
|    time_elapsed         | 549          |
|    total_timesteps      | 229376       |
| train/                  |              |
|    approx_kl            | 0.0068046744 |
|    clip_fraction        | 0.114        |
|    clip_range           | 0.2          |
|    entropy_loss         | -2.08        |
|    explained_variance   | 0.629        |
|    learning_rate        | 0.0003       |
|    loss                 | 6.33         |
|    n_updates            | 550          |
|    policy_gradient_loss | -0.00231     |
|    std                  | 0.682        |
|    value_loss           | 21.1         |
------------------------------------------
-----------------------------------------
| paper/                  |             |
|    accel_variation      | 0.021       |
|    base_reward          | 21.4        |
|    collision            | 1           |
|    crash_object         | 0           |
|    crash_vehicle        | 1           |
|    episode_cost         | 1           |
|    episode_length       | 112         |
|    jerk                 | 0.03        |
|    lane_deviation       | 0.42        |
|    max_lane_deviation   | 0.98        |
|    mean_speed_kmh       | 17.4        |
|    min_ttc              | 0.423       |
|    out_of_road          | 0           |
|    route_completion     | 0.0946      |
|    shaped_reward        | 21.4        |
|    steering_variation   | 0.574       |
|    success              | 0           |
|    ttc_risk             | 0.0164      |
| rollout/                |             |
|    ep_len_mean          | 410         |
|    ep_rew_mean          | 168         |
|    success_rate         | 0.08        |
| time/                   |             |
|    fps                  | 416         |
|    iterations           | 57          |
|    time_elapsed         | 561         |
|    total_timesteps      | 233472      |
| train/                  |             |
|    approx_kl            | 0.010281207 |
|    clip_fraction        | 0.221       |
|    clip_range           | 0.2         |
|    entropy_loss         | -2.07       |
|    explained_variance   | 0.697       |
|    learning_rate        | 0.0003      |
|    loss                 | 14.8        |
|    n_updates            | 560         |
|    policy_gradient_loss | 0.0063      |
|    std                  | 0.677       |
|    value_loss           | 30.8        |
-----------------------------------------
-----------------------------------------
| paper/                  |             |
|    accel_variation      | 0.063       |
|    base_reward          | 186         |
|    collision            | 0           |
|    crash_object         | 0           |
|    crash_vehicle        | 0           |
|    episode_cost         | 1           |
|    episode_length       | 380         |
|    jerk                 | 0.0645      |
|    lane_deviation       | 0.417       |
|    max_lane_deviation   | 1.43        |
|    mean_speed_kmh       | 31          |
|    min_ttc              | 2.47        |
|    out_of_road          | 1           |
|    route_completion     | 0.621       |
|    shaped_reward        | 186         |
|    steering_variation   | 0.568       |
|    success              | 0           |
|    ttc_risk             | 0.0394      |
| rollout/                |             |
|    ep_len_mean          | 404         |
|    ep_rew_mean          | 169         |
|    success_rate         | 0.08        |
| time/                   |             |
|    fps                  | 413         |
|    iterations           | 58          |
|    time_elapsed         | 574         |
|    total_timesteps      | 237568      |
| train/                  |             |
|    approx_kl            | 0.011373054 |
|    clip_fraction        | 0.15        |
|    clip_range           | 0.2         |
|    entropy_loss         | -2.05       |
|    explained_variance   | 0.74        |
|    learning_rate        | 0.0003      |
|    loss                 | 9.33        |
|    n_updates            | 570         |
|    policy_gradient_loss | 0.000597    |
|    std                  | 0.674       |
|    value_loss           | 27.8        |
-----------------------------------------
-----------------------------------------
| paper/                  |             |
|    accel_variation      | 0.063       |
|    base_reward          | 419         |
|    collision            | 0           |
|    crash_object         | 0           |
|    crash_vehicle        | 0           |
|    episode_cost         | 0           |
|    episode_length       | 710         |
|    jerk                 | 0.0638      |
|    lane_deviation       | 0.331       |
|    max_lane_deviation   | 1.05        |
|    mean_speed_kmh       | 29.4        |
|    min_ttc              | 8.13        |
|    out_of_road          | 0           |
|    route_completion     | 0.992       |
|    shaped_reward        | 419         |
|    steering_variation   | 0.559       |
|    success              | 1           |
|    ttc_risk             | 0           |
| rollout/                |             |
|    ep_len_mean          | 381         |
|    ep_rew_mean          | 163         |
|    success_rate         | 0.07        |
| time/                   |             |
|    fps                  | 411         |
|    iterations           | 59          |
|    time_elapsed         | 587         |
|    total_timesteps      | 241664      |
| train/                  |             |
|    approx_kl            | 0.022560503 |
|    clip_fraction        | 0.208       |
|    clip_range           | 0.2         |
|    entropy_loss         | -2.04       |
|    explained_variance   | 0.848       |
|    learning_rate        | 0.0003      |
|    loss                 | 6.12        |
|    n_updates            | 580         |
|    policy_gradient_loss | 0.00496     |
|    std                  | 0.67        |
|    value_loss           | 16.7        |
-----------------------------------------
-----------------------------------------
| paper/                  |             |
|    accel_variation      | 0.0232      |
|    base_reward          | 33.6        |
|    collision            | 1           |
|    crash_object         | 0           |
|    crash_vehicle        | 1           |
|    episode_cost         | 1           |
|    episode_length       | 118         |
|    jerk                 | 0.0301      |
|    lane_deviation       | 0.26        |
|    max_lane_deviation   | 0.947       |
|    mean_speed_kmh       | 18.3        |
|    min_ttc              | 0.373       |
|    out_of_road          | 0           |
|    route_completion     | 0.121       |
|    shaped_reward        | 33.6        |
|    steering_variation   | 0.566       |
|    success              | 0           |
|    ttc_risk             | 0.0157      |
| rollout/                |             |
|    ep_len_mean          | 358         |
|    ep_rew_mean          | 151         |
|    success_rate         | 0.04        |
| time/                   |             |
|    fps                  | 408         |
|    iterations           | 60          |
|    time_elapsed         | 601         |
|    total_timesteps      | 245760      |
| train/                  |             |
|    approx_kl            | 0.010171812 |
|    clip_fraction        | 0.238       |
|    clip_range           | 0.2         |
|    entropy_loss         | -2.04       |
|    explained_variance   | 0.714       |
|    learning_rate        | 0.0003      |
|    loss                 | 9.66        |
|    n_updates            | 590         |
|    policy_gradient_loss | 0.00755     |
|    std                  | 0.672       |
|    value_loss           | 26.4        |
-----------------------------------------
------------------------------------------
| paper/                  |              |
|    accel_variation      | 0.0436       |
|    base_reward          | 114          |
|    collision            | 1            |
|    crash_object         | 0            |
|    crash_vehicle        | 1            |
|    episode_cost         | 1            |
|    episode_length       | 243          |
|    jerk                 | 0.0438       |
|    lane_deviation       | 0.494        |
|    max_lane_deviation   | 1.67         |
|    mean_speed_kmh       | 35.2         |
|    min_ttc              | 0.242        |
|    out_of_road          | 0            |
|    route_completion     | 0.408        |
|    shaped_reward        | 114          |
|    steering_variation   | 0.529        |
|    success              | 0            |
|    ttc_risk             | 0.0862       |
| rollout/                |              |
|    ep_len_mean          | 345          |
|    ep_rew_mean          | 146          |
|    success_rate         | 0.04         |
| time/                   |              |
|    fps                  | 405          |
|    iterations           | 61           |
|    time_elapsed         | 616          |
|    total_timesteps      | 249856       |
| train/                  |              |
|    approx_kl            | 0.0046240413 |
|    clip_fraction        | 0.115        |
|    clip_range           | 0.2          |
|    entropy_loss         | -2.04        |
|    explained_variance   | 0.541        |
|    learning_rate        | 0.0003       |
|    loss                 | 14.1         |
|    n_updates            | 600          |
|    policy_gradient_loss | 0.00135      |
|    std                  | 0.669        |
|    value_loss           | 36           |
------------------------------------------
-----------------------------------------
| paper/                  |             |
|    accel_variation      | 0.0881      |
|    base_reward          | 200         |
|    collision            | 1           |
|    crash_object         | 0           |
|    crash_vehicle        | 1           |
|    episode_cost         | 1           |
|    episode_length       | 467         |
|    jerk                 | 0.0847      |
|    lane_deviation       | 0.491       |
|    max_lane_deviation   | 1.47        |
|    mean_speed_kmh       | 32.1        |
|    min_ttc              | 0.66        |
|    out_of_road          | 0           |
|    route_completion     | 0.701       |
|    shaped_reward        | 200         |
|    steering_variation   | 0.593       |
|    success              | 0           |
|    ttc_risk             | 0.0392      |
| rollout/                |             |
|    ep_len_mean          | 346         |
|    ep_rew_mean          | 149         |
|    success_rate         | 0.05        |
| time/                   |             |
|    fps                  | 404         |
|    iterations           | 62          |
|    time_elapsed         | 628         |
|    total_timesteps      | 253952      |
| train/                  |             |
|    approx_kl            | 0.010395464 |
|    clip_fraction        | 0.0756      |
|    clip_range           | 0.2         |
|    entropy_loss         | -2.03       |
|    explained_variance   | 0.773       |
|    learning_rate        | 0.0003      |
|    loss                 | 14.7        |
|    n_updates            | 610         |
|    policy_gradient_loss | -0.00545    |
|    std                  | 0.668       |
|    value_loss           | 33.7        |
-----------------------------------------
-----------------------------------------
| paper/                  |             |
|    accel_variation      | 0.0405      |
|    base_reward          | 151         |
|    collision            | 0           |
|    crash_object         | 0           |
|    crash_vehicle        | 0           |
|    episode_cost         | 1           |
|    episode_length       | 309         |
|    jerk                 | 0.0434      |
|    lane_deviation       | 0.415       |
|    max_lane_deviation   | 1.09        |
|    mean_speed_kmh       | 32.7        |
|    min_ttc              | 4.67        |
|    out_of_road          | 1           |
|    route_completion     | 0.53        |
|    shaped_reward        | 151         |
|    steering_variation   | 0.596       |
|    success              | 0           |
|    ttc_risk             | 0.00315     |
| rollout/                |             |
|    ep_len_mean          | 341         |
|    ep_rew_mean          | 148         |
|    success_rate         | 0.03        |
| time/                   |             |
|    fps                  | 402         |
|    iterations           | 63          |
|    time_elapsed         | 640         |
|    total_timesteps      | 258048      |
| train/                  |             |
|    approx_kl            | 0.017032426 |
|    clip_fraction        | 0.0924      |
|    clip_range           | 0.2         |
|    entropy_loss         | -2.02       |
|    explained_variance   | 0.746       |
|    learning_rate        | 0.0003      |
|    loss                 | 9.11        |
|    n_updates            | 620         |
|    policy_gradient_loss | -0.00211    |
|    std                  | 0.664       |
|    value_loss           | 28.9        |
-----------------------------------------
------------------------------------------
| paper/                  |              |
|    accel_variation      | 0.0875       |
|    base_reward          | 50.7         |
|    collision            | 0            |
|    crash_object         | 0            |
|    crash_vehicle        | 0            |
|    episode_cost         | 1            |
|    episode_length       | 149          |
|    jerk                 | 0.0882       |
|    lane_deviation       | 0.274        |
|    max_lane_deviation   | 1.26         |
|    mean_speed_kmh       | 20.4         |
|    min_ttc              | nan          |
|    out_of_road          | 1            |
|    route_completion     | 0.136        |
|    shaped_reward        | 50.7         |
|    steering_variation   | 0.529        |
|    success              | 0            |
|    ttc_risk             | 0            |
| rollout/                |              |
|    ep_len_mean          | 335          |
|    ep_rew_mean          | 147          |
|    success_rate         | 0.04         |
| time/                   |              |
|    fps                  | 400          |
|    iterations           | 64           |
|    time_elapsed         | 654          |
|    total_timesteps      | 262144       |
| train/                  |              |
|    approx_kl            | 0.0059655695 |
|    clip_fraction        | 0.0869       |
|    clip_range           | 0.2          |
|    entropy_loss         | -2.01        |
|    explained_variance   | 0.806        |
|    learning_rate        | 0.0003       |
|    loss                 | 9.42         |
|    n_updates            | 630          |
|    policy_gradient_loss | -0.0037      |
|    std                  | 0.663        |
|    value_loss           | 25.9         |
------------------------------------------
-----------------------------------------
| paper/                  |             |
|    accel_variation      | 0.0542      |
|    base_reward          | 332         |
|    collision            | 0           |
|    crash_object         | 0           |
|    crash_vehicle        | 0           |
|    episode_cost         | 0           |
|    episode_length       | 562         |
|    jerk                 | 0.056       |
|    lane_deviation       | 0.458       |
|    max_lane_deviation   | 2           |
|    mean_speed_kmh       | 34.4        |
|    min_ttc              | 0.347       |
|    out_of_road          | 0           |
|    route_completion     | 0.991       |
|    shaped_reward        | 332         |
|    steering_variation   | 0.592       |
|    success              | 1           |
|    ttc_risk             | 0.0501      |
| rollout/                |             |
|    ep_len_mean          | 331         |
|    ep_rew_mean          | 147         |
|    success_rate         | 0.05        |
| time/                   |             |
|    fps                  | 400         |
|    iterations           | 65          |
|    time_elapsed         | 665         |
|    total_timesteps      | 266240      |
| train/                  |             |
|    approx_kl            | 0.008835845 |
|    clip_fraction        | 0.144       |
|    clip_range           | 0.2         |
|    entropy_loss         | -2.01       |
|    explained_variance   | 0.69        |
|    learning_rate        | 0.0003      |
|    loss                 | 16.7        |
|    n_updates            | 640         |
|    policy_gradient_loss | -0.00492    |
|    std                  | 0.661       |
|    value_loss           | 37.5        |
-----------------------------------------
-----------------------------------------
| paper/                  |             |
|    accel_variation      | 0.0702      |
|    base_reward          | 250         |
|    collision            | 1           |
|    crash_object         | 0           |
|    crash_vehicle        | 1           |
|    episode_cost         | 1           |
|    episode_length       | 476         |
|    jerk                 | 0.0694      |
|    lane_deviation       | 0.398       |
|    max_lane_deviation   | 2           |
|    mean_speed_kmh       | 31.1        |
|    min_ttc              | 2.92        |
|    out_of_road          | 0           |
|    route_completion     | 0.696       |
|    shaped_reward        | 250         |
|    steering_variation   | 0.573       |
|    success              | 0           |
|    ttc_risk             | 0.0182      |
| rollout/                |             |
|    ep_len_mean          | 330         |
|    ep_rew_mean          | 149         |
|    success_rate         | 0.05        |
| time/                   |             |
|    fps                  | 399         |
|    iterations           | 66          |
|    time_elapsed         | 677         |
|    total_timesteps      | 270336      |
| train/                  |             |
|    approx_kl            | 0.003582424 |
|    clip_fraction        | 0.162       |
|    clip_range           | 0.2         |
|    entropy_loss         | -2          |
|    explained_variance   | 0.787       |
|    learning_rate        | 0.0003      |
|    loss                 | 11.1        |
|    n_updates            | 650         |
|    policy_gradient_loss | 0.000695    |
|    std                  | 0.659       |
|    value_loss           | 24.4        |
-----------------------------------------
-----------------------------------------
| paper/                  |             |
|    accel_variation      | 0.0448      |
|    base_reward          | 327         |
|    collision            | 0           |
|    crash_object         | 0           |
|    crash_vehicle        | 0           |
|    episode_cost         | 0           |
|    episode_length       | 527         |
|    jerk                 | 0.0468      |
|    lane_deviation       | 0.352       |
|    max_lane_deviation   | 0.999       |
|    mean_speed_kmh       | 31          |
|    min_ttc              | 1.31        |
|    out_of_road          | 0           |
|    route_completion     | 0.99        |
|    shaped_reward        | 327         |
|    steering_variation   | 0.655       |
|    success              | 1           |
|    ttc_risk             | 0.0291      |
| rollout/                |             |
|    ep_len_mean          | 324         |
|    ep_rew_mean          | 145         |
|    success_rate         | 0.04        |
| time/                   |             |
|    fps                  | 396         |
|    iterations           | 67          |
|    time_elapsed         | 692         |
|    total_timesteps      | 274432      |
| train/                  |             |
|    approx_kl            | 0.011597216 |
|    clip_fraction        | 0.122       |
|    clip_range           | 0.2         |
|    entropy_loss         | -1.99       |
|    explained_variance   | 0.751       |
|    learning_rate        | 0.0003      |
|    loss                 | 13.3        |
|    n_updates            | 660         |
|    policy_gradient_loss | -0.0019     |
|    std                  | 0.651       |
|    value_loss           | 28.4        |
-----------------------------------------
-----------------------------------------
| paper/                  |             |
|    accel_variation      | 0.0882      |
|    base_reward          | 141         |
|    collision            | 1           |
|    crash_object         | 0           |
|    crash_vehicle        | 1           |
|    episode_cost         | 1           |
|    episode_length       | 327         |
|    jerk                 | 0.0777      |
|    lane_deviation       | 0.409       |
|    max_lane_deviation   | 0.997       |
|    mean_speed_kmh       | 29.6        |
|    min_ttc              | 1.38        |
|    out_of_road          | 0           |
|    route_completion     | 0.435       |
|    shaped_reward        | 141         |
|    steering_variation   | 0.577       |
|    success              | 0           |
|    ttc_risk             | 0.0394      |
| rollout/                |             |
|    ep_len_mean          | 319         |
|    ep_rew_mean          | 144         |
|    success_rate         | 0.04        |
| time/                   |             |
|    fps                  | 395         |
|    iterations           | 68          |
|    time_elapsed         | 704         |
|    total_timesteps      | 278528      |
| train/                  |             |
|    approx_kl            | 0.008526877 |
|    clip_fraction        | 0.221       |
|    clip_range           | 0.2         |
|    entropy_loss         | -1.97       |
|    explained_variance   | 0.763       |
|    learning_rate        | 0.0003      |
|    loss                 | 14.7        |
|    n_updates            | 670         |
|    policy_gradient_loss | 0.00654     |
|    std                  | 0.65        |
|    value_loss           | 27.6        |
-----------------------------------------
---------------------------------------
| paper/                  |           |
|    accel_variation      | 0.0519    |
|    base_reward          | 151       |
|    collision            | 1         |
|    crash_object         | 0         |
|    crash_vehicle        | 1         |
|    episode_cost         | 1         |
|    episode_length       | 372       |
|    jerk                 | 0.0538    |
|    lane_deviation       | 0.473     |
|    max_lane_deviation   | 1.68      |
|    mean_speed_kmh       | 30.7      |
|    min_ttc              | 0.237     |
|    out_of_road          | 0         |
|    route_completion     | 0.604     |
|    shaped_reward        | 151       |
|    steering_variation   | 0.564     |
|    success              | 0         |
|    ttc_risk             | 0.00737   |
| rollout/                |           |
|    ep_len_mean          | 322       |
|    ep_rew_mean          | 149       |
|    success_rate         | 0.05      |
| time/                   |           |
|    fps                  | 393       |
|    iterations           | 69        |
|    time_elapsed         | 717       |
|    total_timesteps      | 282624    |
| train/                  |           |
|    approx_kl            | 0.0253723 |
|    clip_fraction        | 0.164     |
|    clip_range           | 0.2       |
|    entropy_loss         | -1.97     |
|    explained_variance   | 0.787     |
|    learning_rate        | 0.0003    |
|    loss                 | 7.09      |
|    n_updates            | 680       |
|    policy_gradient_loss | -0.00027  |
|    std                  | 0.647     |
|    value_loss           | 23.6      |
---------------------------------------
-----------------------------------------
| paper/                  |             |
|    accel_variation      | 0.0492      |
|    base_reward          | 163         |
|    collision            | 0           |
|    crash_object         | 0           |
|    crash_vehicle        | 0           |
|    episode_cost         | 1           |
|    episode_length       | 380         |
|    jerk                 | 0.0526      |
|    lane_deviation       | 0.528       |
|    max_lane_deviation   | 1.27        |
|    mean_speed_kmh       | 34.1        |
|    min_ttc              | 0.877       |
|    out_of_road          | 1           |
|    route_completion     | 0.49        |
|    shaped_reward        | 163         |
|    steering_variation   | 0.573       |
|    success              | 0           |
|    ttc_risk             | 0.0579      |
| rollout/                |             |
|    ep_len_mean          | 312         |
|    ep_rew_mean          | 142         |
|    success_rate         | 0.04        |
| time/                   |             |
|    fps                  | 393         |
|    iterations           | 70          |
|    time_elapsed         | 728         |
|    total_timesteps      | 286720      |
| train/                  |             |
|    approx_kl            | 0.016546741 |
|    clip_fraction        | 0.142       |
|    clip_range           | 0.2         |
|    entropy_loss         | -1.96       |
|    explained_variance   | 0.788       |
|    learning_rate        | 0.0003      |
|    loss                 | 10.5        |
|    n_updates            | 690         |
|    policy_gradient_loss | 0.00108     |
|    std                  | 0.643       |
|    value_loss           | 27.2        |
-----------------------------------------
-----------------------------------------
| paper/                  |             |
|    accel_variation      | 0.0659      |
|    base_reward          | 127         |
|    collision            | 0           |
|    crash_object         | 0           |
|    crash_vehicle        | 0           |
|    episode_cost         | 1           |
|    episode_length       | 283         |
|    jerk                 | 0.0625      |
|    lane_deviation       | 0.394       |
|    max_lane_deviation   | 1.52        |
|    mean_speed_kmh       | 30.8        |
|    min_ttc              | nan         |
|    out_of_road          | 1           |
|    route_completion     | 0.415       |
|    shaped_reward        | 127         |
|    steering_variation   | 0.539       |
|    success              | 0           |
|    ttc_risk             | 0           |
| rollout/                |             |
|    ep_len_mean          | 314         |
|    ep_rew_mean          | 144         |
|    success_rate         | 0.06        |
| time/                   |             |
|    fps                  | 393         |
|    iterations           | 71          |
|    time_elapsed         | 739         |
|    total_timesteps      | 290816      |
| train/                  |             |
|    approx_kl            | 0.019042224 |
|    clip_fraction        | 0.244       |
|    clip_range           | 0.2         |
|    entropy_loss         | -1.93       |
|    explained_variance   | 0.833       |
|    learning_rate        | 0.0003      |
|    loss                 | 6.85        |
|    n_updates            | 700         |
|    policy_gradient_loss | 0.0111      |
|    std                  | 0.633       |
|    value_loss           | 17.9        |
-----------------------------------------
------------------------------------------
| paper/                  |              |
|    accel_variation      | 0.0948       |
|    base_reward          | 194          |
|    collision            | 1            |
|    crash_object         | 0            |
|    crash_vehicle        | 1            |
|    episode_cost         | 1            |
|    episode_length       | 411          |
|    jerk                 | 0.0829       |
|    lane_deviation       | 0.417        |
|    max_lane_deviation   | 1.13         |
|    mean_speed_kmh       | 30           |
|    min_ttc              | 1.44         |
|    out_of_road          | 0            |
|    route_completion     | 0.664        |
|    shaped_reward        | 194          |
|    steering_variation   | 0.589        |
|    success              | 0            |
|    ttc_risk             | 0.0282       |
| rollout/                |              |
|    ep_len_mean          | 316          |
|    ep_rew_mean          | 144          |
|    success_rate         | 0.05         |
| time/                   |              |
|    fps                  | 391          |
|    iterations           | 72           |
|    time_elapsed         | 753          |
|    total_timesteps      | 294912       |
| train/                  |              |
|    approx_kl            | 0.0051083574 |
|    clip_fraction        | 0.106        |
|    clip_range           | 0.2          |
|    entropy_loss         | -1.91        |
|    explained_variance   | 0.727        |
|    learning_rate        | 0.0003       |
|    loss                 | 12.6         |
|    n_updates            | 710          |
|    policy_gradient_loss | -0.00127     |
|    std                  | 0.63         |
|    value_loss           | 29.6         |
------------------------------------------
-----------------------------------------
| paper/                  |             |
|    accel_variation      | 0.0632      |
|    base_reward          | 197         |
|    collision            | 0           |
|    crash_object         | 0           |
|    crash_vehicle        | 0           |
|    episode_cost         | 1           |
|    episode_length       | 421         |
|    jerk                 | 0.0611      |
|    lane_deviation       | 0.448       |
|    max_lane_deviation   | 1.62        |
|    mean_speed_kmh       | 32.6        |
|    min_ttc              | 2.44        |
|    out_of_road          | 1           |
|    route_completion     | 0.628       |
|    shaped_reward        | 197         |
|    steering_variation   | 0.543       |
|    success              | 0           |
|    ttc_risk             | 0.0178      |
| rollout/                |             |
|    ep_len_mean          | 315         |
|    ep_rew_mean          | 144         |
|    success_rate         | 0.04        |
| time/                   |             |
|    fps                  | 390         |
|    iterations           | 73          |
|    time_elapsed         | 765         |
|    total_timesteps      | 299008      |
| train/                  |             |
|    approx_kl            | 0.011191128 |
|    clip_fraction        | 0.167       |
|    clip_range           | 0.2         |
|    entropy_loss         | -1.9        |
|    explained_variance   | 0.77        |
|    learning_rate        | 0.0003      |
|    loss                 | 11          |
|    n_updates            | 720         |
|    policy_gradient_loss | 0.00242     |
|    std                  | 0.628       |
|    value_loss           | 25.2        |
-----------------------------------------
------------------------------------------
| paper/                  |              |
|    accel_variation      | 0.102        |
|    base_reward          | 229          |
|    collision            | 0            |
|    crash_object         | 0            |
|    crash_vehicle        | 0            |
|    episode_cost         | 1            |
|    episode_length       | 512          |
|    jerk                 | 0.101        |
|    lane_deviation       | 0.5          |
|    max_lane_deviation   | 1.96         |
|    mean_speed_kmh       | 32.2         |
|    min_ttc              | 0.117        |
|    out_of_road          | 1            |
|    route_completion     | 0.809        |
|    shaped_reward        | 229          |
|    steering_variation   | 0.511        |
|    success              | 0            |
|    ttc_risk             | 0.0196       |
| rollout/                |              |
|    ep_len_mean          | 308          |
|    ep_rew_mean          | 143          |
|    success_rate         | 0.04         |
| time/                   |              |
|    fps                  | 389          |
|    iterations           | 74           |
|    time_elapsed         | 778          |
|    total_timesteps      | 303104       |
| train/                  |              |
|    approx_kl            | 0.0066932878 |
|    clip_fraction        | 0.141        |
|    clip_range           | 0.2          |
|    entropy_loss         | -1.89        |
|    explained_variance   | 0.83         |
|    learning_rate        | 0.0003       |
|    loss                 | 9.29         |
|    n_updates            | 730          |
|    policy_gradient_loss | -0.000705    |
|    std                  | 0.624        |
|    value_loss           | 20.9         |
------------------------------------------
-----------------------------------------
| paper/                  |             |
|    accel_variation      | 0.108       |
|    base_reward          | 103         |
|    collision            | 0           |
|    crash_object         | 0           |
|    crash_vehicle        | 0           |
|    episode_cost         | 1           |
|    episode_length       | 224         |
|    jerk                 | 0.111       |
|    lane_deviation       | 0.475       |
|    max_lane_deviation   | 2           |
|    mean_speed_kmh       | 33.5        |
|    min_ttc              | nan         |
|    out_of_road          | 1           |
|    route_completion     | 0.351       |
|    shaped_reward        | 103         |
|    steering_variation   | 0.531       |
|    success              | 0           |
|    ttc_risk             | 0           |
| rollout/                |             |
|    ep_len_mean          | 315         |
|    ep_rew_mean          | 145         |
|    success_rate         | 0.04        |
| time/                   |             |
|    fps                  | 388         |
|    iterations           | 75          |
|    time_elapsed         | 790         |
|    total_timesteps      | 307200      |
| train/                  |             |
|    approx_kl            | 0.024361245 |
|    clip_fraction        | 0.156       |
|    clip_range           | 0.2         |
|    entropy_loss         | -1.88       |
|    explained_variance   | 0.816       |
|    learning_rate        | 0.0003      |
|    loss                 | 7.89        |
|    n_updates            | 740         |
|    policy_gradient_loss | -0.000105   |
|    std                  | 0.62        |
|    value_loss           | 23.8        |
-----------------------------------------
----------------------------------------
| paper/                  |            |
|    accel_variation      | 0.138      |
|    base_reward          | 102        |
|    collision            | 0          |
|    crash_object         | 0          |
|    crash_vehicle        | 0          |
|    episode_cost         | 1          |
|    episode_length       | 270        |
|    jerk                 | 0.128      |
|    lane_deviation       | 0.454      |
|    max_lane_deviation   | 2          |
|    mean_speed_kmh       | 29.1       |
|    min_ttc              | 1.26       |
|    out_of_road          | 1          |
|    route_completion     | 0.307      |
|    shaped_reward        | 102        |
|    steering_variation   | 0.544      |
|    success              | 0          |
|    ttc_risk             | 0.0416     |
| rollout/                |            |
|    ep_len_mean          | 319        |
|    ep_rew_mean          | 148        |
|    success_rate         | 0.03       |
| time/                   |            |
|    fps                  | 387        |
|    iterations           | 76         |
|    time_elapsed         | 803        |
|    total_timesteps      | 311296     |
| train/                  |            |
|    approx_kl            | 0.01750606 |
|    clip_fraction        | 0.238      |
|    clip_range           | 0.2        |
|    entropy_loss         | -1.87      |
|    explained_variance   | 0.801      |
|    learning_rate        | 0.0003     |
|    loss                 | 8.96       |
|    n_updates            | 750        |
|    policy_gradient_loss | 0.0129     |
|    std                  | 0.618      |
|    value_loss           | 24.7       |
----------------------------------------
-----------------------------------------
| paper/                  |             |
|    accel_variation      | 0.0868      |
|    base_reward          | 195         |
|    collision            | 1           |
|    crash_object         | 0           |
|    crash_vehicle        | 1           |
|    episode_cost         | 1           |
|    episode_length       | 371         |
|    jerk                 | 0.0933      |
|    lane_deviation       | 0.48        |
|    max_lane_deviation   | 0.999       |
|    mean_speed_kmh       | 36.7        |
|    min_ttc              | 1.63        |
|    out_of_road          | 0           |
|    route_completion     | 0.48        |
|    shaped_reward        | 195         |
|    steering_variation   | 0.518       |
|    success              | 0           |
|    ttc_risk             | 0.062       |
| rollout/                |             |
|    ep_len_mean          | 319         |
|    ep_rew_mean          | 149         |
|    success_rate         | 0.03        |
| time/                   |             |
|    fps                  | 386         |
|    iterations           | 77          |
|    time_elapsed         | 815         |
|    total_timesteps      | 315392      |
| train/                  |             |
|    approx_kl            | 0.009541843 |
|    clip_fraction        | 0.201       |
|    clip_range           | 0.2         |
|    entropy_loss         | -1.86       |
|    explained_variance   | 0.759       |
|    learning_rate        | 0.0003      |
|    loss                 | 10.3        |
|    n_updates            | 760         |
|    policy_gradient_loss | -0.00165    |
|    std                  | 0.615       |
|    value_loss           | 24.3        |
-----------------------------------------
------------------------------------------
| paper/                  |              |
|    accel_variation      | 0.129        |
|    base_reward          | 162          |
|    collision            | 1            |
|    crash_object         | 0            |
|    crash_vehicle        | 1            |
|    episode_cost         | 1            |
|    episode_length       | 379          |
|    jerk                 | 0.124        |
|    lane_deviation       | 0.416        |
|    max_lane_deviation   | 1.11         |
|    mean_speed_kmh       | 28.2         |
|    min_ttc              | 0.201        |
|    out_of_road          | 0            |
|    route_completion     | 0.56         |
|    shaped_reward        | 162          |
|    steering_variation   | 0.549        |
|    success              | 0            |
|    ttc_risk             | 0.0285       |
| rollout/                |              |
|    ep_len_mean          | 326          |
|    ep_rew_mean          | 153          |
|    success_rate         | 0.03         |
| time/                   |              |
|    fps                  | 386          |
|    iterations           | 78           |
|    time_elapsed         | 826          |
|    total_timesteps      | 319488       |
| train/                  |              |
|    approx_kl            | 0.0152498195 |
|    clip_fraction        | 0.173        |
|    clip_range           | 0.2          |
|    entropy_loss         | -1.86        |
|    explained_variance   | 0.876        |
|    learning_rate        | 0.0003       |
|    loss                 | 6.19         |
|    n_updates            | 770          |
|    policy_gradient_loss | 0.0011       |
|    std                  | 0.617        |
|    value_loss           | 18           |
------------------------------------------
-----------------------------------------
| paper/                  |             |
|    accel_variation      | 0.106       |
|    base_reward          | 88.6        |
|    collision            | 0           |
|    crash_object         | 0           |
|    crash_vehicle        | 0           |
|    episode_cost         | 1           |
|    episode_length       | 237         |
|    jerk                 | 0.113       |
|    lane_deviation       | 0.409       |
|    max_lane_deviation   | 1.03        |
|    mean_speed_kmh       | 25.3        |
|    min_ttc              | 3.84        |
|    out_of_road          | 1           |
|    route_completion     | 0.312       |
|    shaped_reward        | 88.6        |
|    steering_variation   | 0.474       |
|    success              | 0           |
|    ttc_risk             | 0.0269      |
| rollout/                |             |
|    ep_len_mean          | 325         |
|    ep_rew_mean          | 153         |
|    success_rate         | 0.03        |
| time/                   |             |
|    fps                  | 385         |
|    iterations           | 79          |
|    time_elapsed         | 840         |
|    total_timesteps      | 323584      |
| train/                  |             |
|    approx_kl            | 0.025484601 |
|    clip_fraction        | 0.197       |
|    clip_range           | 0.2         |
|    entropy_loss         | -1.85       |
|    explained_variance   | 0.801       |
|    learning_rate        | 0.0003      |
|    loss                 | 9.11        |
|    n_updates            | 780         |
|    policy_gradient_loss | 0.00539     |
|    std                  | 0.612       |
|    value_loss           | 22.5        |
-----------------------------------------
-----------------------------------------
| paper/                  |             |
|    accel_variation      | 0.0758      |
|    base_reward          | 207         |
|    collision            | 0           |
|    crash_object         | 0           |
|    crash_vehicle        | 0           |
|    episode_cost         | 1           |
|    episode_length       | 418         |
|    jerk                 | 0.0696      |
|    lane_deviation       | 0.557       |
|    max_lane_deviation   | 2           |
|    mean_speed_kmh       | 37.4        |
|    min_ttc              | 0.0181      |
|    out_of_road          | 1           |
|    route_completion     | 0.733       |
|    shaped_reward        | 207         |
|    steering_variation   | 0.517       |
|    success              | 0           |
|    ttc_risk             | 0.0314      |
| rollout/                |             |
|    ep_len_mean          | 320         |
|    ep_rew_mean          | 153         |
|    success_rate         | 0.03        |
| time/                   |             |
|    fps                  | 384         |
|    iterations           | 80          |
|    time_elapsed         | 853         |
|    total_timesteps      | 327680      |
| train/                  |             |
|    approx_kl            | 0.015850954 |
|    clip_fraction        | 0.177       |
|    clip_range           | 0.2         |
|    entropy_loss         | -1.84       |
|    explained_variance   | 0.783       |
|    learning_rate        | 0.0003      |
|    loss                 | 10.4        |
|    n_updates            | 790         |
|    policy_gradient_loss | 6.92e-05    |
|    std                  | 0.613       |
|    value_loss           | 25.3        |
-----------------------------------------
----------------------------------------
| paper/                  |            |
|    accel_variation      | 0.129      |
|    base_reward          | 272        |
|    collision            | 1          |
|    crash_object         | 0          |
|    crash_vehicle        | 1          |
|    episode_cost         | 1          |
|    episode_length       | 432        |
|    jerk                 | 0.12       |
|    lane_deviation       | 0.337      |
|    max_lane_deviation   | 1.75       |
|    mean_speed_kmh       | 35.4       |
|    min_ttc              | 0.924      |
|    out_of_road          | 0          |
|    route_completion     | 0.613      |
|    shaped_reward        | 272        |
|    steering_variation   | 0.528      |
|    success              | 0          |
|    ttc_risk             | 0.116      |
| rollout/                |            |
|    ep_len_mean          | 313        |
|    ep_rew_mean          | 152        |
|    success_rate         | 0.05       |
| time/                   |            |
|    fps                  | 383        |
|    iterations           | 81         |
|    time_elapsed         | 864        |
|    total_timesteps      | 331776     |
| train/                  |            |
|    approx_kl            | 0.02184017 |
|    clip_fraction        | 0.204      |
|    clip_range           | 0.2        |
|    entropy_loss         | -1.83      |
|    explained_variance   | 0.72       |
|    learning_rate        | 0.0003     |
|    loss                 | 13         |
|    n_updates            | 800        |
|    policy_gradient_loss | 0.00518    |
|    std                  | 0.607      |
|    value_loss           | 34.5       |
----------------------------------------
----------------------------------------
| paper/                  |            |
|    accel_variation      | 0.093      |
|    base_reward          | 115        |
|    collision            | 0          |
|    crash_object         | 0          |
|    crash_vehicle        | 0          |
|    episode_cost         | 1          |
|    episode_length       | 316        |
|    jerk                 | 0.0937     |
|    lane_deviation       | 0.679      |
|    max_lane_deviation   | 2          |
|    mean_speed_kmh       | 37         |
|    min_ttc              | 0.883      |
|    out_of_road          | 1          |
|    route_completion     | 0.514      |
|    shaped_reward        | 115        |
|    steering_variation   | 0.494      |
|    success              | 0          |
|    ttc_risk             | 0.0689     |
| rollout/                |            |
|    ep_len_mean          | 301        |
|    ep_rew_mean          | 146        |
|    success_rate         | 0.04       |
| time/                   |            |
|    fps                  | 382        |
|    iterations           | 82         |
|    time_elapsed         | 877        |
|    total_timesteps      | 335872     |
| train/                  |            |
|    approx_kl            | 0.02214593 |
|    clip_fraction        | 0.168      |
|    clip_range           | 0.2        |
|    entropy_loss         | -1.81      |
|    explained_variance   | 0.752      |
|    learning_rate        | 0.0003     |
|    loss                 | 11.8       |
|    n_updates            | 810        |
|    policy_gradient_loss | 1.38e-05   |
|    std                  | 0.604      |
|    value_loss           | 27.8       |
----------------------------------------
-----------------------------------------
| paper/                  |             |
|    accel_variation      | 0.0844      |
|    base_reward          | 257         |
|    collision            | 1           |
|    crash_object         | 0           |
|    crash_vehicle        | 1           |
|    episode_cost         | 1           |
|    episode_length       | 445         |
|    jerk                 | 0.0772      |
|    lane_deviation       | 0.471       |
|    max_lane_deviation   | 1.65        |
|    mean_speed_kmh       | 37.9        |
|    min_ttc              | 0.015       |
|    out_of_road          | 0           |
|    route_completion     | 0.632       |
|    shaped_reward        | 257         |
|    steering_variation   | 0.529       |
|    success              | 0           |
|    ttc_risk             | 0.14        |
| rollout/                |             |
|    ep_len_mean          | 294         |
|    ep_rew_mean          | 143         |
|    success_rate         | 0.05        |
| time/                   |             |
|    fps                  | 381         |
|    iterations           | 83          |
|    time_elapsed         | 891         |
|    total_timesteps      | 339968      |
| train/                  |             |
|    approx_kl            | 0.014352275 |
|    clip_fraction        | 0.128       |
|    clip_range           | 0.2         |
|    entropy_loss         | -1.8        |
|    explained_variance   | 0.807       |
|    learning_rate        | 0.0003      |
|    loss                 | 13.4        |
|    n_updates            | 820         |
|    policy_gradient_loss | -0.00304    |
|    std                  | 0.602       |
|    value_loss           | 28          |
-----------------------------------------
------------------------------------------
| paper/                  |              |
|    accel_variation      | 0.0612       |
|    base_reward          | 125          |
|    collision            | 0            |
|    crash_object         | 0            |
|    crash_vehicle        | 0            |
|    episode_cost         | 1            |
|    episode_length       | 253          |
|    jerk                 | 0.0614       |
|    lane_deviation       | 0.446        |
|    max_lane_deviation   | 2            |
|    mean_speed_kmh       | 34.6         |
|    min_ttc              | 0.835        |
|    out_of_road          | 1            |
|    route_completion     | 0.393        |
|    shaped_reward        | 125          |
|    steering_variation   | 0.482        |
|    success              | 0            |
|    ttc_risk             | 0.0773       |
| rollout/                |              |
|    ep_len_mean          | 283          |
|    ep_rew_mean          | 138          |
|    success_rate         | 0.05         |
| time/                   |              |
|    fps                  | 379          |
|    iterations           | 84           |
|    time_elapsed         | 905          |
|    total_timesteps      | 344064       |
| train/                  |              |
|    approx_kl            | 0.0132930335 |
|    clip_fraction        | 0.157        |
|    clip_range           | 0.2          |
|    entropy_loss         | -1.8         |
|    explained_variance   | 0.764        |
|    learning_rate        | 0.0003       |
|    loss                 | 10.2         |
|    n_updates            | 830          |
|    policy_gradient_loss | -0.00137     |
|    std                  | 0.6          |
|    value_loss           | 27.9         |
------------------------------------------
----------------------------------------
| paper/                  |            |
|    accel_variation      | 0.0392     |
|    base_reward          | 108        |
|    collision            | 1          |
|    crash_object         | 0          |
|    crash_vehicle        | 1          |
|    episode_cost         | 1          |
|    episode_length       | 238        |
|    jerk                 | 0.0428     |
|    lane_deviation       | 0.413      |
|    max_lane_deviation   | 0.998      |
|    mean_speed_kmh       | 32.7       |
|    min_ttc              | 0.932      |
|    out_of_road          | 0          |
|    route_completion     | 0.459      |
|    shaped_reward        | 108        |
|    steering_variation   | 0.499      |
|    success              | 0          |
|    ttc_risk             | 0.0807     |
| rollout/                |            |
|    ep_len_mean          | 276        |
|    ep_rew_mean          | 136        |
|    success_rate         | 0.03       |
| time/                   |            |
|    fps                  | 379        |
|    iterations           | 85         |
|    time_elapsed         | 916        |
|    total_timesteps      | 348160     |
| train/                  |            |
|    approx_kl            | 0.01954494 |
|    clip_fraction        | 0.126      |
|    clip_range           | 0.2        |
|    entropy_loss         | -1.78      |
|    explained_variance   | 0.818      |
|    learning_rate        | 0.0003     |
|    loss                 | 16.1       |
|    n_updates            | 840        |
|    policy_gradient_loss | 0.00113    |
|    std                  | 0.596      |
|    value_loss           | 29.8       |
----------------------------------------
-----------------------------------------
| paper/                  |             |
|    accel_variation      | 0.0672      |
|    base_reward          | 137         |
|    collision            | 1           |
|    crash_object         | 0           |
|    crash_vehicle        | 1           |
|    episode_cost         | 1           |
|    episode_length       | 219         |
|    jerk                 | 0.0665      |
|    lane_deviation       | 0.473       |
|    max_lane_deviation   | 2           |
|    mean_speed_kmh       | 37.9        |
|    min_ttc              | 0.846       |
|    out_of_road          | 0           |
|    route_completion     | 0.333       |
|    shaped_reward        | 137         |
|    steering_variation   | 0.466       |
|    success              | 0           |
|    ttc_risk             | 0.0563      |
| rollout/                |             |
|    ep_len_mean          | 275         |
|    ep_rew_mean          | 137         |
|    success_rate         | 0.03        |
| time/                   |             |
|    fps                  | 378         |
|    iterations           | 86          |
|    time_elapsed         | 929         |
|    total_timesteps      | 352256      |
| train/                  |             |
|    approx_kl            | 0.024393316 |
|    clip_fraction        | 0.173       |
|    clip_range           | 0.2         |
|    entropy_loss         | -1.78       |
|    explained_variance   | 0.837       |
|    learning_rate        | 0.0003      |
|    loss                 | 9.6         |
|    n_updates            | 850         |
|    policy_gradient_loss | -0.000538   |
|    std                  | 0.596       |
|    value_loss           | 23.3        |
-----------------------------------------
----------------------------------------
| paper/                  |            |
|    accel_variation      | 0.1        |
|    base_reward          | 24.3       |
|    collision            | 1          |
|    crash_object         | 0          |
|    crash_vehicle        | 1          |
|    episode_cost         | 1          |
|    episode_length       | 110        |
|    jerk                 | 0.108      |
|    lane_deviation       | 0.283      |
|    max_lane_deviation   | 0.985      |
|    mean_speed_kmh       | 16.7       |
|    min_ttc              | 16.5       |
|    out_of_road          | 0          |
|    route_completion     | 0.0822     |
|    shaped_reward        | 24.3       |
|    steering_variation   | 0.578      |
|    success              | 0          |
|    ttc_risk             | 0          |
| rollout/                |            |
|    ep_len_mean          | 264        |
|    ep_rew_mean          | 130        |
|    success_rate         | 0.03       |
| time/                   |            |
|    fps                  | 376        |
|    iterations           | 87         |
|    time_elapsed         | 945        |
|    total_timesteps      | 356352     |
| train/                  |            |
|    approx_kl            | 0.04454399 |
|    clip_fraction        | 0.22       |
|    clip_range           | 0.2        |
|    entropy_loss         | -1.77      |
|    explained_variance   | 0.802      |
|    learning_rate        | 0.0003     |
|    loss                 | 10.8       |
|    n_updates            | 860        |
|    policy_gradient_loss | 0.00389    |
|    std                  | 0.589      |
|    value_loss           | 28.4       |
----------------------------------------
----------------------------------------
| paper/                  |            |
|    accel_variation      | 0.0539     |
|    base_reward          | 136        |
|    collision            | 1          |
|    crash_object         | 0          |
|    crash_vehicle        | 1          |
|    episode_cost         | 1          |
|    episode_length       | 256        |
|    jerk                 | 0.0586     |
|    lane_deviation       | 0.548      |
|    max_lane_deviation   | 2          |
|    mean_speed_kmh       | 41.1       |
|    min_ttc              | 0.0443     |
|    out_of_road          | 0          |
|    route_completion     | 0.557      |
|    shaped_reward        | 136        |
|    steering_variation   | 0.459      |
|    success              | 0          |
|    ttc_risk             | 0.0965     |
| rollout/                |            |
|    ep_len_mean          | 260        |
|    ep_rew_mean          | 126        |
|    success_rate         | 0.02       |
| time/                   |            |
|    fps                  | 376        |
|    iterations           | 88         |
|    time_elapsed         | 958        |
|    total_timesteps      | 360448     |
| train/                  |            |
|    approx_kl            | 0.01878605 |
|    clip_fraction        | 0.14       |
|    clip_range           | 0.2        |
|    entropy_loss         | -1.75      |
|    explained_variance   | 0.692      |
|    learning_rate        | 0.0003     |
|    loss                 | 18.4       |
|    n_updates            | 870        |
|    policy_gradient_loss | -0.00134   |
|    std                  | 0.587      |
|    value_loss           | 43.7       |
----------------------------------------
-----------------------------------------
| paper/                  |             |
|    accel_variation      | 0.0706      |
|    base_reward          | 113         |
|    collision            | 0           |
|    crash_object         | 0           |
|    crash_vehicle        | 0           |
|    episode_cost         | 1           |
|    episode_length       | 215         |
|    jerk                 | 0.0673      |
|    lane_deviation       | 0.372       |
|    max_lane_deviation   | 2           |
|    mean_speed_kmh       | 32.6        |
|    min_ttc              | 1.24        |
|    out_of_road          | 1           |
|    route_completion     | 0.266       |
|    shaped_reward        | 113         |
|    steering_variation   | 0.523       |
|    success              | 0           |
|    ttc_risk             | 0.0512      |
| rollout/                |             |
|    ep_len_mean          | 248         |
|    ep_rew_mean          | 120         |
|    success_rate         | 0.01        |
| time/                   |             |
|    fps                  | 374         |
|    iterations           | 89          |
|    time_elapsed         | 972         |
|    total_timesteps      | 364544      |
| train/                  |             |
|    approx_kl            | 0.010709319 |
|    clip_fraction        | 0.175       |
|    clip_range           | 0.2         |
|    entropy_loss         | -1.75       |
|    explained_variance   | 0.734       |
|    learning_rate        | 0.0003      |
|    loss                 | 14.3        |
|    n_updates            | 880         |
|    policy_gradient_loss | -0.00285    |
|    std                  | 0.584       |
|    value_loss           | 32.8        |
-----------------------------------------
-----------------------------------------
| paper/                  |             |
|    accel_variation      | 0.0609      |
|    base_reward          | 58.5        |
|    collision            | 0           |
|    crash_object         | 0           |
|    crash_vehicle        | 0           |
|    episode_cost         | 1           |
|    episode_length       | 182         |
|    jerk                 | 0.0641      |
|    lane_deviation       | 0.465       |
|    max_lane_deviation   | 1.36        |
|    mean_speed_kmh       | 30.3        |
|    min_ttc              | 9.82        |
|    out_of_road          | 1           |
|    route_completion     | 0.235       |
|    shaped_reward        | 58.5        |
|    steering_variation   | 0.494       |
|    success              | 0           |
|    ttc_risk             | 0           |
| rollout/                |             |
|    ep_len_mean          | 246         |
|    ep_rew_mean          | 120         |
|    success_rate         | 0.01        |
| time/                   |             |
|    fps                  | 373         |
|    iterations           | 90          |
|    time_elapsed         | 985         |
|    total_timesteps      | 368640      |
| train/                  |             |
|    approx_kl            | 0.018883634 |
|    clip_fraction        | 0.181       |
|    clip_range           | 0.2         |
|    entropy_loss         | -1.73       |
|    explained_variance   | 0.748       |
|    learning_rate        | 0.0003      |
|    loss                 | 13.4        |
|    n_updates            | 890         |
|    policy_gradient_loss | -0.000281   |
|    std                  | 0.581       |
|    value_loss           | 31.9        |
-----------------------------------------
-----------------------------------------
| paper/                  |             |
|    accel_variation      | 0.0571      |
|    base_reward          | 58.4        |
|    collision            | 1           |
|    crash_object         | 0           |
|    crash_vehicle        | 1           |
|    episode_cost         | 1           |
|    episode_length       | 151         |
|    jerk                 | 0.0577      |
|    lane_deviation       | 0.47        |
|    max_lane_deviation   | 1.19        |
|    mean_speed_kmh       | 31.7        |
|    min_ttc              | 0.976       |
|    out_of_road          | 0           |
|    route_completion     | 0.174       |
|    shaped_reward        | 58.4        |
|    steering_variation   | 0.543       |
|    success              | 0           |
|    ttc_risk             | 0.0797      |
| rollout/                |             |
|    ep_len_mean          | 240         |
|    ep_rew_mean          | 118         |
|    success_rate         | 0.01        |
| time/                   |             |
|    fps                  | 372         |
|    iterations           | 91          |
|    time_elapsed         | 999         |
|    total_timesteps      | 372736      |
| train/                  |             |
|    approx_kl            | 0.017882362 |
|    clip_fraction        | 0.208       |
|    clip_range           | 0.2         |
|    entropy_loss         | -1.73       |
|    explained_variance   | 0.801       |
|    learning_rate        | 0.0003      |
|    loss                 | 12.1        |
|    n_updates            | 900         |
|    policy_gradient_loss | 0.00219     |
|    std                  | 0.579       |
|    value_loss           | 27.9        |
-----------------------------------------
-----------------------------------------
| paper/                  |             |
|    accel_variation      | 0.0293      |
|    base_reward          | 129         |
|    collision            | 0           |
|    crash_object         | 0           |
|    crash_vehicle        | 0           |
|    episode_cost         | 1           |
|    episode_length       | 263         |
|    jerk                 | 0.0325      |
|    lane_deviation       | 0.391       |
|    max_lane_deviation   | 1.46        |
|    mean_speed_kmh       | 32.7        |
|    min_ttc              | 3.63        |
|    out_of_road          | 1           |
|    route_completion     | 0.437       |
|    shaped_reward        | 129         |
|    steering_variation   | 0.436       |
|    success              | 0           |
|    ttc_risk             | 0.00339     |
| rollout/                |             |
|    ep_len_mean          | 230         |
|    ep_rew_mean          | 114         |
|    success_rate         | 0.01        |
| time/                   |             |
|    fps                  | 372         |
|    iterations           | 92          |
|    time_elapsed         | 1012        |
|    total_timesteps      | 376832      |
| train/                  |             |
|    approx_kl            | 0.018394383 |
|    clip_fraction        | 0.181       |
|    clip_range           | 0.2         |
|    entropy_loss         | -1.72       |
|    explained_variance   | 0.792       |
|    learning_rate        | 0.0003      |
|    loss                 | 10.6        |
|    n_updates            | 910         |
|    policy_gradient_loss | -0.00238    |
|    std                  | 0.58        |
|    value_loss           | 25.5        |
-----------------------------------------
-----------------------------------------
| paper/                  |             |
|    accel_variation      | 0.0382      |
|    base_reward          | 108         |
|    collision            | 0           |
|    crash_object         | 0           |
|    crash_vehicle        | 0           |
|    episode_cost         | 1           |
|    episode_length       | 197         |
|    jerk                 | 0.0433      |
|    lane_deviation       | 0.332       |
|    max_lane_deviation   | 1.12        |
|    mean_speed_kmh       | 33.7        |
|    min_ttc              | 4.47        |
|    out_of_road          | 1           |
|    route_completion     | 0.347       |
|    shaped_reward        | 108         |
|    steering_variation   | 0.508       |
|    success              | 0           |
|    ttc_risk             | 0.00354     |
| rollout/                |             |
|    ep_len_mean          | 239         |
|    ep_rew_mean          | 120         |
|    success_rate         | 0.01        |
| time/                   |             |
|    fps                  | 370         |
|    iterations           | 93          |
|    time_elapsed         | 1029        |
|    total_timesteps      | 380928      |
| train/                  |             |
|    approx_kl            | 0.009252571 |
|    clip_fraction        | 0.121       |
|    clip_range           | 0.2         |
|    entropy_loss         | -1.72       |
|    explained_variance   | 0.849       |
|    learning_rate        | 0.0003      |
|    loss                 | 7.17        |
|    n_updates            | 920         |
|    policy_gradient_loss | -0.00247    |
|    std                  | 0.579       |
|    value_loss           | 20.6        |
-----------------------------------------
-----------------------------------------
| paper/                  |             |
|    accel_variation      | 0.0797      |
|    base_reward          | 107         |
|    collision            | 1           |
|    crash_object         | 0           |
|    crash_vehicle        | 1           |
|    episode_cost         | 1           |
|    episode_length       | 233         |
|    jerk                 | 0.0835      |
|    lane_deviation       | 0.415       |
|    max_lane_deviation   | 0.998       |
|    mean_speed_kmh       | 31.4        |
|    min_ttc              | 1.33        |
|    out_of_road          | 0           |
|    route_completion     | 0.322       |
|    shaped_reward        | 107         |
|    steering_variation   | 0.494       |
|    success              | 0           |
|    ttc_risk             | 0.0757      |
| rollout/                |             |
|    ep_len_mean          | 243         |
|    ep_rew_mean          | 123         |
|    success_rate         | 0.01        |
| time/                   |             |
|    fps                  | 369         |
|    iterations           | 94          |
|    time_elapsed         | 1041        |
|    total_timesteps      | 385024      |
| train/                  |             |
|    approx_kl            | 0.010063617 |
|    clip_fraction        | 0.213       |
|    clip_range           | 0.2         |
|    entropy_loss         | -1.72       |
|    explained_variance   | 0.808       |
|    learning_rate        | 0.0003      |
|    loss                 | 10.3        |
|    n_updates            | 930         |
|    policy_gradient_loss | 0.00211     |
|    std                  | 0.578       |
|    value_loss           | 29          |
-----------------------------------------
-----------------------------------------
| paper/                  |             |
|    accel_variation      | 0.0933      |
|    base_reward          | 214         |
|    collision            | 1           |
|    crash_object         | 0           |
|    crash_vehicle        | 1           |
|    episode_cost         | 1           |
|    episode_length       | 396         |
|    jerk                 | 0.0936      |
|    lane_deviation       | 0.509       |
|    max_lane_deviation   | 2           |
|    mean_speed_kmh       | 38.5        |
|    min_ttc              | 0.115       |
|    out_of_road          | 0           |
|    route_completion     | 0.823       |
|    shaped_reward        | 214         |
|    steering_variation   | 0.453       |
|    success              | 0           |
|    ttc_risk             | 0.0954      |
| rollout/                |             |
|    ep_len_mean          | 254         |
|    ep_rew_mean          | 130         |
|    success_rate         | 0.01        |
| time/                   |             |
|    fps                  | 369         |
|    iterations           | 95          |
|    time_elapsed         | 1054        |
|    total_timesteps      | 389120      |
| train/                  |             |
|    approx_kl            | 0.009192915 |
|    clip_fraction        | 0.247       |
|    clip_range           | 0.2         |
|    entropy_loss         | -1.71       |
|    explained_variance   | 0.823       |
|    learning_rate        | 0.0003      |
|    loss                 | 6.84        |
|    n_updates            | 940         |
|    policy_gradient_loss | 0.00688     |
|    std                  | 0.571       |
|    value_loss           | 21.7        |
-----------------------------------------
-----------------------------------------
| paper/                  |             |
|    accel_variation      | 0.122       |
|    base_reward          | 140         |
|    collision            | 1           |
|    crash_object         | 0           |
|    crash_vehicle        | 1           |
|    episode_cost         | 1           |
|    episode_length       | 299         |
|    jerk                 | 0.115       |
|    lane_deviation       | 0.529       |
|    max_lane_deviation   | 1.95        |
|    mean_speed_kmh       | 34.8        |
|    min_ttc              | 0.655       |
|    out_of_road          | 0           |
|    route_completion     | 0.474       |
|    shaped_reward        | 140         |
|    steering_variation   | 0.546       |
|    success              | 0           |
|    ttc_risk             | 0.0761      |
| rollout/                |             |
|    ep_len_mean          | 258         |
|    ep_rew_mean          | 133         |
|    success_rate         | 0.01        |
| time/                   |             |
|    fps                  | 368         |
|    iterations           | 96          |
|    time_elapsed         | 1067        |
|    total_timesteps      | 393216      |
| train/                  |             |
|    approx_kl            | 0.018790431 |
|    clip_fraction        | 0.266       |
|    clip_range           | 0.2         |
|    entropy_loss         | -1.69       |
|    explained_variance   | 0.863       |
|    learning_rate        | 0.0003      |
|    loss                 | 5.61        |
|    n_updates            | 950         |
|    policy_gradient_loss | 0.00908     |
|    std                  | 0.571       |
|    value_loss           | 20.3        |
-----------------------------------------
----------------------------------------
| paper/                  |            |
|    accel_variation      | 0.106      |
|    base_reward          | 145        |
|    collision            | 1          |
|    crash_object         | 0          |
|    crash_vehicle        | 1          |
|    episode_cost         | 1          |
|    episode_length       | 248        |
|    jerk                 | 0.101      |
|    lane_deviation       | 0.341      |
|    max_lane_deviation   | 1          |
|    mean_speed_kmh       | 32.4       |
|    min_ttc              | 0.616      |
|    out_of_road          | 0          |
|    route_completion     | 0.414      |
|    shaped_reward        | 145        |
|    steering_variation   | 0.462      |
|    success              | 0          |
|    ttc_risk             | 0.114      |
| rollout/                |            |
|    ep_len_mean          | 261        |
|    ep_rew_mean          | 135        |
|    success_rate         | 0.02       |
| time/                   |            |
|    fps                  | 367        |
|    iterations           | 97         |
|    time_elapsed         | 1080       |
|    total_timesteps      | 397312     |
| train/                  |            |
|    approx_kl            | 0.04809089 |
|    clip_fraction        | 0.161      |
|    clip_range           | 0.2        |
|    entropy_loss         | -1.69      |
|    explained_variance   | 0.865      |
|    learning_rate        | 0.0003     |
|    loss                 | 11         |
|    n_updates            | 960        |
|    policy_gradient_loss | 0.000787   |
|    std                  | 0.569      |
|    value_loss           | 26.5       |
----------------------------------------
---------------------------------------
| paper/                  |           |
|    accel_variation      | 0.123     |
|    base_reward          | 293       |
|    collision            | 1         |
|    crash_object         | 0         |
|    crash_vehicle        | 1         |
|    episode_cost         | 1         |
|    episode_length       | 498       |
|    jerk                 | 0.118     |
|    lane_deviation       | 0.527     |
|    max_lane_deviation   | 2         |
|    mean_speed_kmh       | 40.3      |
|    min_ttc              | 0.0723    |
|    out_of_road          | 0         |
|    route_completion     | 0.91      |
|    shaped_reward        | 293       |
|    steering_variation   | 0.492     |
|    success              | 0         |
|    ttc_risk             | 0.132     |
| rollout/                |           |
|    ep_len_mean          | 264       |
|    ep_rew_mean          | 136       |
|    success_rate         | 0.01      |
| time/                   |           |
|    fps                  | 366       |
|    iterations           | 98        |
|    time_elapsed         | 1094      |
|    total_timesteps      | 401408    |
| train/                  |           |
|    approx_kl            | 0.1432693 |
|    clip_fraction        | 0.32      |
|    clip_range           | 0.2       |
|    entropy_loss         | -1.67     |
|    explained_variance   | 0.867     |
|    learning_rate        | 0.0003    |
|    loss                 | 10.6      |
|    n_updates            | 970       |
|    policy_gradient_loss | 0.022     |
|    std                  | 0.565     |
|    value_loss           | 24.7      |
---------------------------------------
----------------------------------------
| paper/                  |            |
|    accel_variation      | 0.113      |
|    base_reward          | 58.1       |
|    collision            | 1          |
|    crash_object         | 0          |
|    crash_vehicle        | 1          |
|    episode_cost         | 1          |
|    episode_length       | 121        |
|    jerk                 | 0.111      |
|    lane_deviation       | 0.193      |
|    max_lane_deviation   | 0.821      |
|    mean_speed_kmh       | 25.8       |
|    min_ttc              | 0.686      |
|    out_of_road          | 0          |
|    route_completion     | 0.169      |
|    shaped_reward        | 58.1       |
|    steering_variation   | 0.532      |
|    success              | 0          |
|    ttc_risk             | 0.17       |
| rollout/                |            |
|    ep_len_mean          | 272        |
|    ep_rew_mean          | 142        |
|    success_rate         | 0.01       |
| time/                   |            |
|    fps                  | 366        |
|    iterations           | 99         |
|    time_elapsed         | 1106       |
|    total_timesteps      | 405504     |
| train/                  |            |
|    approx_kl            | 0.01187568 |
|    clip_fraction        | 0.174      |
|    clip_range           | 0.2        |
|    entropy_loss         | -1.66      |
|    explained_variance   | 0.869      |
|    learning_rate        | 0.0003     |
|    loss                 | 13.8       |
|    n_updates            | 980        |
|    policy_gradient_loss | 0.00219    |
|    std                  | 0.562      |
|    value_loss           | 27.2       |
----------------------------------------
-----------------------------------------
| paper/                  |             |
|    accel_variation      | 0.0838      |
|    base_reward          | 86.3        |
|    collision            | 0           |
|    crash_object         | 0           |
|    crash_vehicle        | 0           |
|    episode_cost         | 1           |
|    episode_length       | 219         |
|    jerk                 | 0.0873      |
|    lane_deviation       | 0.524       |
|    max_lane_deviation   | 2           |
|    mean_speed_kmh       | 34.9        |
|    min_ttc              | 6.36        |
|    out_of_road          | 1           |
|    route_completion     | 0.344       |
|    shaped_reward        | 86.3        |
|    steering_variation   | 0.473       |
|    success              | 0           |
|    ttc_risk             | 0           |
| rollout/                |             |
|    ep_len_mean          | 265         |
|    ep_rew_mean          | 140         |
|    success_rate         | 0.01        |
| time/                   |             |
|    fps                  | 364         |
|    iterations           | 100         |
|    time_elapsed         | 1122        |
|    total_timesteps      | 409600      |
| train/                  |             |
|    approx_kl            | 0.012337353 |
|    clip_fraction        | 0.163       |
|    clip_range           | 0.2         |
|    entropy_loss         | -1.65       |
|    explained_variance   | 0.766       |
|    learning_rate        | 0.0003      |
|    loss                 | 15.2        |
|    n_updates            | 990         |
|    policy_gradient_loss | -0.00197    |
|    std                  | 0.56        |
|    value_loss           | 32.7        |
-----------------------------------------
-----------------------------------------
| paper/                  |             |
|    accel_variation      | 0.0495      |
|    base_reward          | 114         |
|    collision            | 0           |
|    crash_object         | 0           |
|    crash_vehicle        | 0           |
|    episode_cost         | 1           |
|    episode_length       | 220         |
|    jerk                 | 0.055       |
|    lane_deviation       | 0.406       |
|    max_lane_deviation   | 2           |
|    mean_speed_kmh       | 33.3        |
|    min_ttc              | nan         |
|    out_of_road          | 1           |
|    route_completion     | 0.391       |
|    shaped_reward        | 114         |
|    steering_variation   | 0.423       |
|    success              | 0           |
|    ttc_risk             | 0           |
| rollout/                |             |
|    ep_len_mean          | 265         |
|    ep_rew_mean          | 142         |
|    success_rate         | 0.02        |
| time/                   |             |
|    fps                  | 364         |
|    iterations           | 101         |
|    time_elapsed         | 1135        |
|    total_timesteps      | 413696      |
| train/                  |             |
|    approx_kl            | 0.028974593 |
|    clip_fraction        | 0.259       |
|    clip_range           | 0.2         |
|    entropy_loss         | -1.65       |
|    explained_variance   | 0.795       |
|    learning_rate        | 0.0003      |
|    loss                 | 12.4        |
|    n_updates            | 1000        |
|    policy_gradient_loss | 0.00818     |
|    std                  | 0.561       |
|    value_loss           | 33.3        |
-----------------------------------------
----------------------------------------
| paper/                  |            |
|    accel_variation      | 0.12       |
|    base_reward          | 292        |
|    collision            | 0          |
|    crash_object         | 0          |
|    crash_vehicle        | 0          |
|    episode_cost         | 0          |
|    episode_length       | 426        |
|    jerk                 | 0.111      |
|    lane_deviation       | 0.393      |
|    max_lane_deviation   | 1.35       |
|    mean_speed_kmh       | 37.2       |
|    min_ttc              | 1.17       |
|    out_of_road          | 0          |
|    route_completion     | 0.99       |
|    shaped_reward        | 292        |
|    steering_variation   | 0.474      |
|    success              | 1          |
|    ttc_risk             | 0.112      |
| rollout/                |            |
|    ep_len_mean          | 263        |
|    ep_rew_mean          | 139        |
|    success_rate         | 0.03       |
| time/                   |            |
|    fps                  | 364        |
|    iterations           | 102        |
|    time_elapsed         | 1147       |
|    total_timesteps      | 417792     |
| train/                  |            |
|    approx_kl            | 0.03615206 |
|    clip_fraction        | 0.145      |
|    clip_range           | 0.2        |
|    entropy_loss         | -1.64      |
|    explained_variance   | 0.746      |
|    learning_rate        | 0.0003     |
|    loss                 | 12.3       |
|    n_updates            | 1010       |
|    policy_gradient_loss | -0.00115   |
|    std                  | 0.555      |
|    value_loss           | 33         |
----------------------------------------
-----------------------------------------
| paper/                  |             |
|    accel_variation      | 0.063       |
|    base_reward          | 117         |
|    collision            | 0           |
|    crash_object         | 0           |
|    crash_vehicle        | 0           |
|    episode_cost         | 1           |
|    episode_length       | 245         |
|    jerk                 | 0.0645      |
|    lane_deviation       | 0.401       |
|    max_lane_deviation   | 1.75        |
|    mean_speed_kmh       | 31.4        |
|    min_ttc              | nan         |
|    out_of_road          | 1           |
|    route_completion     | 0.577       |
|    shaped_reward        | 117         |
|    steering_variation   | 0.41        |
|    success              | 0           |
|    ttc_risk             | 0           |
| rollout/                |             |
|    ep_len_mean          | 260         |
|    ep_rew_mean          | 139         |
|    success_rate         | 0.03        |
| time/                   |             |
|    fps                  | 363         |
|    iterations           | 103         |
|    time_elapsed         | 1161        |
|    total_timesteps      | 421888      |
| train/                  |             |
|    approx_kl            | 0.008496864 |
|    clip_fraction        | 0.185       |
|    clip_range           | 0.2         |
|    entropy_loss         | -1.63       |
|    explained_variance   | 0.788       |
|    learning_rate        | 0.0003      |
|    loss                 | 9.7         |
|    n_updates            | 1020        |
|    policy_gradient_loss | 0.00205     |
|    std                  | 0.557       |
|    value_loss           | 25.7        |
-----------------------------------------
-----------------------------------------
| paper/                  |             |
|    accel_variation      | 0.0418      |
|    base_reward          | 119         |
|    collision            | 0           |
|    crash_object         | 0           |
|    crash_vehicle        | 0           |
|    episode_cost         | 1           |
|    episode_length       | 280         |
|    jerk                 | 0.0409      |
|    lane_deviation       | 0.559       |
|    max_lane_deviation   | 2           |
|    mean_speed_kmh       | 33.9        |
|    min_ttc              | 2.64        |
|    out_of_road          | 1           |
|    route_completion     | 0.41        |
|    shaped_reward        | 119         |
|    steering_variation   | 0.464       |
|    success              | 0           |
|    ttc_risk             | 0.0119      |
| rollout/                |             |
|    ep_len_mean          | 265         |
|    ep_rew_mean          | 142         |
|    success_rate         | 0.04        |
| time/                   |             |
|    fps                  | 362         |
|    iterations           | 104         |
|    time_elapsed         | 1175        |
|    total_timesteps      | 425984      |
| train/                  |             |
|    approx_kl            | 0.008413867 |
|    clip_fraction        | 0.169       |
|    clip_range           | 0.2         |
|    entropy_loss         | -1.63       |
|    explained_variance   | 0.783       |
|    learning_rate        | 0.0003      |
|    loss                 | 10.3        |
|    n_updates            | 1030        |
|    policy_gradient_loss | -0.00286    |
|    std                  | 0.553       |
|    value_loss           | 28.4        |
-----------------------------------------
-----------------------------------------
| paper/                  |             |
|    accel_variation      | 0.0428      |
|    base_reward          | 142         |
|    collision            | 1           |
|    crash_object         | 0           |
|    crash_vehicle        | 1           |
|    episode_cost         | 1           |
|    episode_length       | 296         |
|    jerk                 | 0.0426      |
|    lane_deviation       | 0.479       |
|    max_lane_deviation   | 1.42        |
|    mean_speed_kmh       | 38.4        |
|    min_ttc              | 0.64        |
|    out_of_road          | 0           |
|    route_completion     | 0.656       |
|    shaped_reward        | 142         |
|    steering_variation   | 0.467       |
|    success              | 0           |
|    ttc_risk             | 0.0606      |
| rollout/                |             |
|    ep_len_mean          | 247         |
|    ep_rew_mean          | 131         |
|    success_rate         | 0.04        |
| time/                   |             |
|    fps                  | 360         |
|    iterations           | 105         |
|    time_elapsed         | 1192        |
|    total_timesteps      | 430080      |
| train/                  |             |
|    approx_kl            | 0.034778796 |
|    clip_fraction        | 0.149       |
|    clip_range           | 0.2         |
|    entropy_loss         | -1.61       |
|    explained_variance   | 0.779       |
|    learning_rate        | 0.0003      |
|    loss                 | 10          |
|    n_updates            | 1040        |
|    policy_gradient_loss | -0.00104    |
|    std                  | 0.547       |
|    value_loss           | 28.2        |
-----------------------------------------
-----------------------------------------
| paper/                  |             |
|    accel_variation      | 0.0892      |
|    base_reward          | 90.6        |
|    collision            | 1           |
|    crash_object         | 0           |
|    crash_vehicle        | 1           |
|    episode_cost         | 1           |
|    episode_length       | 220         |
|    jerk                 | 0.0875      |
|    lane_deviation       | 0.578       |
|    max_lane_deviation   | 1.26        |
|    mean_speed_kmh       | 35.3        |
|    min_ttc              | 0.592       |
|    out_of_road          | 0           |
|    route_completion     | 0.324       |
|    shaped_reward        | 90.6        |
|    steering_variation   | 0.494       |
|    success              | 0           |
|    ttc_risk             | 0.109       |
| rollout/                |             |
|    ep_len_mean          | 249         |
|    ep_rew_mean          | 132         |
|    success_rate         | 0.05        |
| time/                   |             |
|    fps                  | 360         |
|    iterations           | 106         |
|    time_elapsed         | 1205        |
|    total_timesteps      | 434176      |
| train/                  |             |
|    approx_kl            | 0.024644773 |
|    clip_fraction        | 0.14        |
|    clip_range           | 0.2         |
|    entropy_loss         | -1.59       |
|    explained_variance   | 0.735       |
|    learning_rate        | 0.0003      |
|    loss                 | 17.1        |
|    n_updates            | 1050        |
|    policy_gradient_loss | -0.000879   |
|    std                  | 0.545       |
|    value_loss           | 42          |
-----------------------------------------
-----------------------------------------
| paper/                  |             |
|    accel_variation      | 0.126       |
|    base_reward          | 163         |
|    collision            | 0           |
|    crash_object         | 0           |
|    crash_vehicle        | 0           |
|    episode_cost         | 1           |
|    episode_length       | 336         |
|    jerk                 | 0.12        |
|    lane_deviation       | 0.491       |
|    max_lane_deviation   | 1.25        |
|    mean_speed_kmh       | 37.1        |
|    min_ttc              | 2.19        |
|    out_of_road          | 1           |
|    route_completion     | 0.545       |
|    shaped_reward        | 163         |
|    steering_variation   | 0.45        |
|    success              | 0           |
|    ttc_risk             | 0.0436      |
| rollout/                |             |
|    ep_len_mean          | 245         |
|    ep_rew_mean          | 129         |
|    success_rate         | 0.04        |
| time/                   |             |
|    fps                  | 359         |
|    iterations           | 107         |
|    time_elapsed         | 1220        |
|    total_timesteps      | 438272      |
| train/                  |             |
|    approx_kl            | 0.012548211 |
|    clip_fraction        | 0.21        |
|    clip_range           | 0.2         |
|    entropy_loss         | -1.59       |
|    explained_variance   | 0.756       |
|    learning_rate        | 0.0003      |
|    loss                 | 13.7        |
|    n_updates            | 1060        |
|    policy_gradient_loss | 0.00404     |
|    std                  | 0.547       |
|    value_loss           | 35.1        |
-----------------------------------------
-----------------------------------------
| paper/                  |             |
|    accel_variation      | 0.0837      |
|    base_reward          | 139         |
|    collision            | 0           |
|    crash_object         | 0           |
|    crash_vehicle        | 0           |
|    episode_cost         | 1           |
|    episode_length       | 301         |
|    jerk                 | 0.0843      |
|    lane_deviation       | 0.545       |
|    max_lane_deviation   | 2           |
|    mean_speed_kmh       | 36.9        |
|    min_ttc              | 0.00262     |
|    out_of_road          | 1           |
|    route_completion     | 0.481       |
|    shaped_reward        | 139         |
|    steering_variation   | 0.486       |
|    success              | 0           |
|    ttc_risk             | 0.0926      |
| rollout/                |             |
|    ep_len_mean          | 241         |
|    ep_rew_mean          | 126         |
|    success_rate         | 0.05        |
| time/                   |             |
|    fps                  | 357         |
|    iterations           | 108         |
|    time_elapsed         | 1236        |
|    total_timesteps      | 442368      |
| train/                  |             |
|    approx_kl            | 0.010203883 |
|    clip_fraction        | 0.185       |
|    clip_range           | 0.2         |
|    entropy_loss         | -1.6        |
|    explained_variance   | 0.755       |
|    learning_rate        | 0.0003      |
|    loss                 | 9           |
|    n_updates            | 1070        |
|    policy_gradient_loss | -0.000779   |
|    std                  | 0.55        |
|    value_loss           | 27.2        |
-----------------------------------------
-----------------------------------------
| paper/                  |             |
|    accel_variation      | 0.0422      |
|    base_reward          | 65.2        |
|    collision            | 0           |
|    crash_object         | 0           |
|    crash_vehicle        | 0           |
|    episode_cost         | 1           |
|    episode_length       | 170         |
|    jerk                 | 0.0473      |
|    lane_deviation       | 0.448       |
|    max_lane_deviation   | 1.37        |
|    mean_speed_kmh       | 33.6        |
|    min_ttc              | 5.93        |
|    out_of_road          | 1           |
|    route_completion     | 0.26        |
|    shaped_reward        | 65.2        |
|    steering_variation   | 0.44        |
|    success              | 0           |
|    ttc_risk             | 6.97e-05    |
| rollout/                |             |
|    ep_len_mean          | 233         |
|    ep_rew_mean          | 121         |
|    success_rate         | 0.04        |
| time/                   |             |
|    fps                  | 356         |
|    iterations           | 109         |
|    time_elapsed         | 1251        |
|    total_timesteps      | 446464      |
| train/                  |             |
|    approx_kl            | 0.011941281 |
|    clip_fraction        | 0.232       |
|    clip_range           | 0.2         |
|    entropy_loss         | -1.59       |
|    explained_variance   | 0.796       |
|    learning_rate        | 0.0003      |
|    loss                 | 7.72        |
|    n_updates            | 1080        |
|    policy_gradient_loss | -0.000551   |
|    std                  | 0.542       |
|    value_loss           | 24.5        |
-----------------------------------------
-----------------------------------------
| paper/                  |             |
|    accel_variation      | 0.2         |
|    base_reward          | 178         |
|    collision            | 1           |
|    crash_object         | 0           |
|    crash_vehicle        | 1           |
|    episode_cost         | 1           |
|    episode_length       | 404         |
|    jerk                 | 0.186       |
|    lane_deviation       | 0.481       |
|    max_lane_deviation   | 1.78        |
|    mean_speed_kmh       | 34.4        |
|    min_ttc              | 0.502       |
|    out_of_road          | 0           |
|    route_completion     | 0.607       |
|    shaped_reward        | 178         |
|    steering_variation   | 0.471       |
|    success              | 0           |
|    ttc_risk             | 0.122       |
| rollout/                |             |
|    ep_len_mean          | 237         |
|    ep_rew_mean          | 126         |
|    success_rate         | 0.04        |
| time/                   |             |
|    fps                  | 355         |
|    iterations           | 110         |
|    time_elapsed         | 1266        |
|    total_timesteps      | 450560      |
| train/                  |             |
|    approx_kl            | 0.014603103 |
|    clip_fraction        | 0.205       |
|    clip_range           | 0.2         |
|    entropy_loss         | -1.57       |
|    explained_variance   | 0.773       |
|    learning_rate        | 0.0003      |
|    loss                 | 10.8        |
|    n_updates            | 1090        |
|    policy_gradient_loss | -0.000403   |
|    std                  | 0.543       |
|    value_loss           | 27.2        |
-----------------------------------------
-----------------------------------------
| paper/                  |             |
|    accel_variation      | 0.0456      |
|    base_reward          | 77.3        |
|    collision            | 0           |
|    crash_object         | 0           |
|    crash_vehicle        | 0           |
|    episode_cost         | 1           |
|    episode_length       | 191         |
|    jerk                 | 0.0503      |
|    lane_deviation       | 0.496       |
|    max_lane_deviation   | 2           |
|    mean_speed_kmh       | 31.2        |
|    min_ttc              | 4.99        |
|    out_of_road          | 1           |
|    route_completion     | 0.329       |
|    shaped_reward        | 77.3        |
|    steering_variation   | 0.387       |
|    success              | 0           |
|    ttc_risk             | 0.00133     |
| rollout/                |             |
|    ep_len_mean          | 243         |
|    ep_rew_mean          | 131         |
|    success_rate         | 0.06        |
| time/                   |             |
|    fps                  | 354         |
|    iterations           | 111         |
|    time_elapsed         | 1280        |
|    total_timesteps      | 454656      |
| train/                  |             |
|    approx_kl            | 0.007826862 |
|    clip_fraction        | 0.166       |
|    clip_range           | 0.2         |
|    entropy_loss         | -1.57       |
|    explained_variance   | 0.634       |
|    learning_rate        | 0.0003      |
|    loss                 | 13          |
|    n_updates            | 1100        |
|    policy_gradient_loss | 0.000295    |
|    std                  | 0.542       |
|    value_loss           | 30.2        |
-----------------------------------------
-----------------------------------------
| paper/                  |             |
|    accel_variation      | 0.0968      |
|    base_reward          | 196         |
|    collision            | 0           |
|    crash_object         | 0           |
|    crash_vehicle        | 0           |
|    episode_cost         | 1           |
|    episode_length       | 356         |
|    jerk                 | 0.0956      |
|    lane_deviation       | 0.363       |
|    max_lane_deviation   | 1.76        |
|    mean_speed_kmh       | 34.4        |
|    min_ttc              | 0.226       |
|    out_of_road          | 1           |
|    route_completion     | 0.56        |
|    shaped_reward        | 196         |
|    steering_variation   | 0.413       |
|    success              | 0           |
|    ttc_risk             | 0.0193      |
| rollout/                |             |
|    ep_len_mean          | 249         |
|    ep_rew_mean          | 136         |
|    success_rate         | 0.06        |
| time/                   |             |
|    fps                  | 354         |
|    iterations           | 112         |
|    time_elapsed         | 1292        |
|    total_timesteps      | 458752      |
| train/                  |             |
|    approx_kl            | 0.009589696 |
|    clip_fraction        | 0.216       |
|    clip_range           | 0.2         |
|    entropy_loss         | -1.57       |
|    explained_variance   | 0.701       |
|    learning_rate        | 0.0003      |
|    loss                 | 10.7        |
|    n_updates            | 1110        |
|    policy_gradient_loss | 0.00486     |
|    std                  | 0.543       |
|    value_loss           | 29.1        |
-----------------------------------------
---------------------------------------
| paper/                  |           |
|    accel_variation      | 0.0919    |
|    base_reward          | 169       |
|    collision            | 1         |
|    crash_object         | 0         |
|    crash_vehicle        | 1         |
|    episode_cost         | 1         |
|    episode_length       | 267       |
|    jerk                 | 0.0768    |
|    lane_deviation       | 0.329     |
|    max_lane_deviation   | 0.97      |
|    mean_speed_kmh       | 34.5      |
|    min_ttc              | 0.363     |
|    out_of_road          | 0         |
|    route_completion     | 0.438     |
|    shaped_reward        | 169       |
|    steering_variation   | 0.466     |
|    success              | 0         |
|    ttc_risk             | 0.049     |
| rollout/                |           |
|    ep_len_mean          | 255       |
|    ep_rew_mean          | 144       |
|    success_rate         | 0.07      |
| time/                   |           |
|    fps                  | 354       |
|    iterations           | 113       |
|    time_elapsed         | 1305      |
|    total_timesteps      | 462848    |
| train/                  |           |
|    approx_kl            | 0.0415764 |
|    clip_fraction        | 0.15      |
|    clip_range           | 0.2       |
|    entropy_loss         | -1.56     |
|    explained_variance   | 0.761     |
|    learning_rate        | 0.0003    |
|    loss                 | 11.4      |
|    n_updates            | 1120      |
|    policy_gradient_loss | -0.00143  |
|    std                  | 0.538     |
|    value_loss           | 29.3      |
---------------------------------------
----------------------------------------
| paper/                  |            |
|    accel_variation      | 0.154      |
|    base_reward          | 105        |
|    collision            | 1          |
|    crash_object         | 0          |
|    crash_vehicle        | 1          |
|    episode_cost         | 1          |
|    episode_length       | 213        |
|    jerk                 | 0.145      |
|    lane_deviation       | 0.431      |
|    max_lane_deviation   | 1.53       |
|    mean_speed_kmh       | 33.6       |
|    min_ttc              | 0.0436     |
|    out_of_road          | 0          |
|    route_completion     | 0.275      |
|    shaped_reward        | 105        |
|    steering_variation   | 0.476      |
|    success              | 0          |
|    ttc_risk             | 0.179      |
| rollout/                |            |
|    ep_len_mean          | 257        |
|    ep_rew_mean          | 147        |
|    success_rate         | 0.08       |
| time/                   |            |
|    fps                  | 354        |
|    iterations           | 114        |
|    time_elapsed         | 1317       |
|    total_timesteps      | 466944     |
| train/                  |            |
|    approx_kl            | 0.01815081 |
|    clip_fraction        | 0.168      |
|    clip_range           | 0.2        |
|    entropy_loss         | -1.55      |
|    explained_variance   | 0.677      |
|    learning_rate        | 0.0003     |
|    loss                 | 10.9       |
|    n_updates            | 1130       |
|    policy_gradient_loss | -0.00274   |
|    std                  | 0.539      |
|    value_loss           | 31.9       |
----------------------------------------
-----------------------------------------
| paper/                  |             |
|    accel_variation      | 0.162       |
|    base_reward          | 248         |
|    collision            | 1           |
|    crash_object         | 0           |
|    crash_vehicle        | 1           |
|    episode_cost         | 1           |
|    episode_length       | 447         |
|    jerk                 | 0.155       |
|    lane_deviation       | 0.451       |
|    max_lane_deviation   | 1.44        |
|    mean_speed_kmh       | 38.3        |
|    min_ttc              | 0.0663      |
|    out_of_road          | 0           |
|    route_completion     | 0.752       |
|    shaped_reward        | 248         |
|    steering_variation   | 0.444       |
|    success              | 0           |
|    ttc_risk             | 0.0923      |
| rollout/                |             |
|    ep_len_mean          | 262         |
|    ep_rew_mean          | 153         |
|    success_rate         | 0.06        |
| time/                   |             |
|    fps                  | 353         |
|    iterations           | 115         |
|    time_elapsed         | 1330        |
|    total_timesteps      | 471040      |
| train/                  |             |
|    approx_kl            | 0.010581936 |
|    clip_fraction        | 0.179       |
|    clip_range           | 0.2         |
|    entropy_loss         | -1.55       |
|    explained_variance   | 0.804       |
|    learning_rate        | 0.0003      |
|    loss                 | 11.8        |
|    n_updates            | 1140        |
|    policy_gradient_loss | 0.00298     |
|    std                  | 0.541       |
|    value_loss           | 26.8        |
-----------------------------------------
-----------------------------------------
| paper/                  |             |
|    accel_variation      | 0.121       |
|    base_reward          | 142         |
|    collision            | 0           |
|    crash_object         | 0           |
|    crash_vehicle        | 0           |
|    episode_cost         | 1           |
|    episode_length       | 260         |
|    jerk                 | 0.116       |
|    lane_deviation       | 0.393       |
|    max_lane_deviation   | 2           |
|    mean_speed_kmh       | 34.6        |
|    min_ttc              | 0.117       |
|    out_of_road          | 1           |
|    route_completion     | 0.409       |
|    shaped_reward        | 142         |
|    steering_variation   | 0.434       |
|    success              | 0           |
|    ttc_risk             | 0.0507      |
| rollout/                |             |
|    ep_len_mean          | 270         |
|    ep_rew_mean          | 157         |
|    success_rate         | 0.07        |
| time/                   |             |
|    fps                  | 353         |
|    iterations           | 116         |
|    time_elapsed         | 1343        |
|    total_timesteps      | 475136      |
| train/                  |             |
|    approx_kl            | 0.020083766 |
|    clip_fraction        | 0.151       |
|    clip_range           | 0.2         |
|    entropy_loss         | -1.56       |
|    explained_variance   | 0.856       |
|    learning_rate        | 0.0003      |
|    loss                 | 6.21        |
|    n_updates            | 1150        |
|    policy_gradient_loss | -0.004      |
|    std                  | 0.543       |
|    value_loss           | 22.4        |
-----------------------------------------
-----------------------------------------
| paper/                  |             |
|    accel_variation      | 0.162       |
|    base_reward          | 336         |
|    collision            | 1           |
|    crash_object         | 0           |
|    crash_vehicle        | 1           |
|    episode_cost         | 1           |
|    episode_length       | 525         |
|    jerk                 | 0.145       |
|    lane_deviation       | 0.411       |
|    max_lane_deviation   | 0.98        |
|    mean_speed_kmh       | 38.1        |
|    min_ttc              | 1.65        |
|    out_of_road          | 0           |
|    route_completion     | 0.962       |
|    shaped_reward        | 336         |
|    steering_variation   | 0.388       |
|    success              | 0           |
|    ttc_risk             | 0.0503      |
| rollout/                |             |
|    ep_len_mean          | 265         |
|    ep_rew_mean          | 153         |
|    success_rate         | 0.04        |
| time/                   |             |
|    fps                  | 353         |
|    iterations           | 117         |
|    time_elapsed         | 1355        |
|    total_timesteps      | 479232      |
| train/                  |             |
|    approx_kl            | 0.012073931 |
|    clip_fraction        | 0.221       |
|    clip_range           | 0.2         |
|    entropy_loss         | -1.56       |
|    explained_variance   | 0.724       |
|    learning_rate        | 0.0003      |
|    loss                 | 15.5        |
|    n_updates            | 1160        |
|    policy_gradient_loss | 0.00338     |
|    std                  | 0.544       |
|    value_loss           | 38.7        |
-----------------------------------------
-----------------------------------------
| paper/                  |             |
|    accel_variation      | 0.146       |
|    base_reward          | 66          |
|    collision            | 1           |
|    crash_object         | 0           |
|    crash_vehicle        | 1           |
|    episode_cost         | 1           |
|    episode_length       | 189         |
|    jerk                 | 0.121       |
|    lane_deviation       | 0.566       |
|    max_lane_deviation   | 2           |
|    mean_speed_kmh       | 30.9        |
|    min_ttc              | 1.19        |
|    out_of_road          | 0           |
|    route_completion     | 0.339       |
|    shaped_reward        | 66          |
|    steering_variation   | 0.428       |
|    success              | 0           |
|    ttc_risk             | 0.0358      |
| rollout/                |             |
|    ep_len_mean          | 272         |
|    ep_rew_mean          | 156         |
|    success_rate         | 0.05        |
| time/                   |             |
|    fps                  | 352         |
|    iterations           | 118         |
|    time_elapsed         | 1369        |
|    total_timesteps      | 483328      |
| train/                  |             |
|    approx_kl            | 0.057762623 |
|    clip_fraction        | 0.23        |
|    clip_range           | 0.2         |
|    entropy_loss         | -1.56       |
|    explained_variance   | 0.781       |
|    learning_rate        | 0.0003      |
|    loss                 | 13.5        |
|    n_updates            | 1170        |
|    policy_gradient_loss | 0.00447     |
|    std                  | 0.543       |
|    value_loss           | 32.2        |
-----------------------------------------
-----------------------------------------
| paper/                  |             |
|    accel_variation      | 0.105       |
|    base_reward          | 95.7        |
|    collision            | 0           |
|    crash_object         | 0           |
|    crash_vehicle        | 0           |
|    episode_cost         | 1           |
|    episode_length       | 233         |
|    jerk                 | 0.107       |
|    lane_deviation       | 0.596       |
|    max_lane_deviation   | 2           |
|    mean_speed_kmh       | 34          |
|    min_ttc              | 6.46        |
|    out_of_road          | 1           |
|    route_completion     | 0.444       |
|    shaped_reward        | 95.7        |
|    steering_variation   | 0.375       |
|    success              | 0           |
|    ttc_risk             | 0           |
| rollout/                |             |
|    ep_len_mean          | 267         |
|    ep_rew_mean          | 150         |
|    success_rate         | 0.04        |
| time/                   |             |
|    fps                  | 353         |
|    iterations           | 119         |
|    time_elapsed         | 1379        |
|    total_timesteps      | 487424      |
| train/                  |             |
|    approx_kl            | 0.011906985 |
|    clip_fraction        | 0.149       |
|    clip_range           | 0.2         |
|    entropy_loss         | -1.55       |
|    explained_variance   | 0.837       |
|    learning_rate        | 0.0003      |
|    loss                 | 10.7        |
|    n_updates            | 1180        |
|    policy_gradient_loss | -0.00469    |
|    std                  | 0.541       |
|    value_loss           | 29.1        |
-----------------------------------------
----------------------------------------
| paper/                  |            |
|    accel_variation      | 0.0772     |
|    base_reward          | 56.5       |
|    collision            | 0          |
|    crash_object         | 0          |
|    crash_vehicle        | 0          |
|    episode_cost         | 1          |
|    episode_length       | 150        |
|    jerk                 | 0.0785     |
|    lane_deviation       | 0.441      |
|    max_lane_deviation   | 1.06       |
|    mean_speed_kmh       | 29         |
|    min_ttc              | nan        |
|    out_of_road          | 1          |
|    route_completion     | 0.181      |
|    shaped_reward        | 56.5       |
|    steering_variation   | 0.4        |
|    success              | 0          |
|    ttc_risk             | 0          |
| rollout/                |            |
|    ep_len_mean          | 263        |
|    ep_rew_mean          | 144        |
|    success_rate         | 0.05       |
| time/                   |            |
|    fps                  | 352        |
|    iterations           | 120        |
|    time_elapsed         | 1393       |
|    total_timesteps      | 491520     |
| train/                  |            |
|    approx_kl            | 0.07757514 |
|    clip_fraction        | 0.221      |
|    clip_range           | 0.2        |
|    entropy_loss         | -1.54      |
|    explained_variance   | 0.811      |
|    learning_rate        | 0.0003     |
|    loss                 | 8.86       |
|    n_updates            | 1190       |
|    policy_gradient_loss | 0.00292    |
|    std                  | 0.539      |
|    value_loss           | 31.5       |
----------------------------------------
-----------------------------------------
| paper/                  |             |
|    accel_variation      | 0.176       |
|    base_reward          | 54.2        |
|    collision            | 0           |
|    crash_object         | 0           |
|    crash_vehicle        | 0           |
|    episode_cost         | 1           |
|    episode_length       | 213         |
|    jerk                 | 0.152       |
|    lane_deviation       | 0.664       |
|    max_lane_deviation   | 2           |
|    mean_speed_kmh       | 27.7        |
|    min_ttc              | 13.8        |
|    out_of_road          | 1           |
|    route_completion     | 0.309       |
|    shaped_reward        | 54.2        |
|    steering_variation   | 0.425       |
|    success              | 0           |
|    ttc_risk             | 0           |
| rollout/                |             |
|    ep_len_mean          | 262         |
|    ep_rew_mean          | 141         |
|    success_rate         | 0.05        |
| time/                   |             |
|    fps                  | 352         |
|    iterations           | 121         |
|    time_elapsed         | 1407        |
|    total_timesteps      | 495616      |
| train/                  |             |
|    approx_kl            | 0.027713215 |
|    clip_fraction        | 0.373       |
|    clip_range           | 0.2         |
|    entropy_loss         | -1.54       |
|    explained_variance   | 0.724       |
|    learning_rate        | 0.0003      |
|    loss                 | 14          |
|    n_updates            | 1200        |
|    policy_gradient_loss | 0.0198      |
|    std                  | 0.541       |
|    value_loss           | 38.1        |
-----------------------------------------
-----------------------------------------
| paper/                  |             |
|    accel_variation      | 0.137       |
|    base_reward          | 78.1        |
|    collision            | 0           |
|    crash_object         | 0           |
|    crash_vehicle        | 0           |
|    episode_cost         | 1           |
|    episode_length       | 186         |
|    jerk                 | 0.14        |
|    lane_deviation       | 0.421       |
|    max_lane_deviation   | 1.09        |
|    mean_speed_kmh       | 30.2        |
|    min_ttc              | 7.44        |
|    out_of_road          | 1           |
|    route_completion     | 0.335       |
|    shaped_reward        | 78.1        |
|    steering_variation   | 0.432       |
|    success              | 0           |
|    ttc_risk             | 0           |
| rollout/                |             |
|    ep_len_mean          | 255         |
|    ep_rew_mean          | 135         |
|    success_rate         | 0.04        |
| time/                   |             |
|    fps                  | 350         |
|    iterations           | 122         |
|    time_elapsed         | 1423        |
|    total_timesteps      | 499712      |
| train/                  |             |
|    approx_kl            | 0.016432628 |
|    clip_fraction        | 0.165       |
|    clip_range           | 0.2         |
|    entropy_loss         | -1.55       |
|    explained_variance   | 0.749       |
|    learning_rate        | 0.0003      |
|    loss                 | 12.2        |
|    n_updates            | 1210        |
|    policy_gradient_loss | -0.00374    |
|    std                  | 0.541       |
|    value_loss           | 32          |
-----------------------------------------
----------------------------------------
| paper/                  |            |
|    accel_variation      | 0.0952     |
|    base_reward          | 21.3       |
|    collision            | 1          |
|    crash_object         | 0          |
|    crash_vehicle        | 1          |
|    episode_cost         | 1          |
|    episode_length       | 91         |
|    jerk                 | 0.091      |
|    lane_deviation       | 0.486      |
|    max_lane_deviation   | 0.993      |
|    mean_speed_kmh       | 26.8       |
|    min_ttc              | 2          |
|    out_of_road          | 0          |
|    route_completion     | 0.124      |
|    shaped_reward        | 21.3       |
|    steering_variation   | 0.406      |
|    success              | 0          |
|    ttc_risk             | 0.0538     |
| rollout/                |            |
|    ep_len_mean          | 260        |
|    ep_rew_mean          | 137        |
|    success_rate         | 0.04       |
| time/                   |            |
|    fps                  | 350        |
|    iterations           | 123        |
|    time_elapsed         | 1437       |
|    total_timesteps      | 503808     |
| train/                  |            |
|    approx_kl            | 0.18284464 |
|    clip_fraction        | 0.226      |
|    clip_range           | 0.2        |
|    entropy_loss         | -1.54      |
|    explained_variance   | 0.755      |
|    learning_rate        | 0.0003     |
|    loss                 | 14         |
|    n_updates            | 1220       |
|    policy_gradient_loss | 0.0127     |
|    std                  | 0.537      |
|    value_loss           | 35.3       |
----------------------------------------
-----------------------------------------
| paper/                  |             |
|    accel_variation      | 0.229       |
|    base_reward          | 173         |
|    collision            | 1           |
|    crash_object         | 0           |
|    crash_vehicle        | 1           |
|    episode_cost         | 1           |
|    episode_length       | 302         |
|    jerk                 | 0.219       |
|    lane_deviation       | 0.374       |
|    max_lane_deviation   | 1.12        |
|    mean_speed_kmh       | 34.9        |
|    min_ttc              | 0.0113      |
|    out_of_road          | 0           |
|    route_completion     | 0.548       |
|    shaped_reward        | 173         |
|    steering_variation   | 0.462       |
|    success              | 0           |
|    ttc_risk             | 0.12        |
| rollout/                |             |
|    ep_len_mean          | 259         |
|    ep_rew_mean          | 138         |
|    success_rate         | 0.05        |
| time/                   |             |
|    fps                  | 350         |
|    iterations           | 124         |
|    time_elapsed         | 1449        |
|    total_timesteps      | 507904      |
| train/                  |             |
|    approx_kl            | 0.024918359 |
|    clip_fraction        | 0.272       |
|    clip_range           | 0.2         |
|    entropy_loss         | -1.53       |
|    explained_variance   | 0.764       |
|    learning_rate        | 0.0003      |
|    loss                 | 5.7         |
|    n_updates            | 1230        |
|    policy_gradient_loss | 0.00332     |
|    std                  | 0.54        |
|    value_loss           | 26.9        |
-----------------------------------------
-----------------------------------------
| paper/                  |             |
|    accel_variation      | 0.116       |
|    base_reward          | 22          |
|    collision            | 0           |
|    crash_object         | 0           |
|    crash_vehicle        | 0           |
|    episode_cost         | 1           |
|    episode_length       | 87          |
|    jerk                 | 0.125       |
|    lane_deviation       | 0.348       |
|    max_lane_deviation   | 1.06        |
|    mean_speed_kmh       | 23          |
|    min_ttc              | nan         |
|    out_of_road          | 1           |
|    route_completion     | 0.0854      |
|    shaped_reward        | 22          |
|    steering_variation   | 0.389       |
|    success              | 0           |
|    ttc_risk             | 0           |
| rollout/                |             |
|    ep_len_mean          | 266         |
|    ep_rew_mean          | 142         |
|    success_rate         | 0.04        |
| time/                   |             |
|    fps                  | 349         |
|    iterations           | 125         |
|    time_elapsed         | 1462        |
|    total_timesteps      | 512000      |
| train/                  |             |
|    approx_kl            | 0.019569112 |
|    clip_fraction        | 0.213       |
|    clip_range           | 0.2         |
|    entropy_loss         | -1.54       |
|    explained_variance   | 0.789       |
|    learning_rate        | 0.0003      |
|    loss                 | 8.4         |
|    n_updates            | 1240        |
|    policy_gradient_loss | -0.000504   |
|    std                  | 0.543       |
|    value_loss           | 23.1        |
-----------------------------------------
----------------------------------------
| paper/                  |            |
|    accel_variation      | 0.0782     |
|    base_reward          | 28         |
|    collision            | 0          |
|    crash_object         | 0          |
|    crash_vehicle        | 0          |
|    episode_cost         | 1          |
|    episode_length       | 103        |
|    jerk                 | 0.0899     |
|    lane_deviation       | 0.377      |
|    max_lane_deviation   | 1.06       |
|    mean_speed_kmh       | 27.6       |
|    min_ttc              | nan        |
|    out_of_road          | 1          |
|    route_completion     | 0.157      |
|    shaped_reward        | 28         |
|    steering_variation   | 0.417      |
|    success              | 0          |
|    ttc_risk             | 0          |
| rollout/                |            |
|    ep_len_mean          | 250        |
|    ep_rew_mean          | 131        |
|    success_rate         | 0.01       |
| time/                   |            |
|    fps                  | 349        |
|    iterations           | 126        |
|    time_elapsed         | 1478       |
|    total_timesteps      | 516096     |
| train/                  |            |
|    approx_kl            | 0.13170436 |
|    clip_fraction        | 0.284      |
|    clip_range           | 0.2        |
|    entropy_loss         | -1.54      |
|    explained_variance   | 0.758      |
|    learning_rate        | 0.0003     |
|    loss                 | 8.27       |
|    n_updates            | 1250       |
|    policy_gradient_loss | 0.00849    |
|    std                  | 0.542      |
|    value_loss           | 24.9       |
----------------------------------------
------------------------------------------
| paper/                  |              |
|    accel_variation      | 0.211        |
|    base_reward          | 234          |
|    collision            | 1            |
|    crash_object         | 0            |
|    crash_vehicle        | 1            |
|    episode_cost         | 1            |
|    episode_length       | 380          |
|    jerk                 | 0.175        |
|    lane_deviation       | 0.43         |
|    max_lane_deviation   | 0.996        |
|    mean_speed_kmh       | 38.2         |
|    min_ttc              | 0.448        |
|    out_of_road          | 0            |
|    route_completion     | 0.797        |
|    shaped_reward        | 234          |
|    steering_variation   | 0.458        |
|    success              | 0            |
|    ttc_risk             | 0.11         |
| rollout/                |              |
|    ep_len_mean          | 245          |
|    ep_rew_mean          | 129          |
|    success_rate         | 0.02         |
| time/                   |              |
|    fps                  | 347          |
|    iterations           | 127          |
|    time_elapsed         | 1495         |
|    total_timesteps      | 520192       |
| train/                  |              |
|    approx_kl            | 0.0133778695 |
|    clip_fraction        | 0.158        |
|    clip_range           | 0.2          |
|    entropy_loss         | -1.54        |
|    explained_variance   | 0.538        |
|    learning_rate        | 0.0003       |
|    loss                 | 20.3         |
|    n_updates            | 1260         |
|    policy_gradient_loss | -0.00498     |
|    std                  | 0.539        |
|    value_loss           | 55.9         |
------------------------------------------
-----------------------------------------
| paper/                  |             |
|    accel_variation      | 0.195       |
|    base_reward          | 99.5        |
|    collision            | 0           |
|    crash_object         | 0           |
|    crash_vehicle        | 0           |
|    episode_cost         | 1           |
|    episode_length       | 247         |
|    jerk                 | 0.202       |
|    lane_deviation       | 0.403       |
|    max_lane_deviation   | 2           |
|    mean_speed_kmh       | 25.6        |
|    min_ttc              | 1.89        |
|    out_of_road          | 1           |
|    route_completion     | 0.272       |
|    shaped_reward        | 99.5        |
|    steering_variation   | 0.419       |
|    success              | 0           |
|    ttc_risk             | 0.0214      |
| rollout/                |             |
|    ep_len_mean          | 234         |
|    ep_rew_mean          | 122         |
|    success_rate         | 0.03        |
| time/                   |             |
|    fps                  | 347         |
|    iterations           | 128         |
|    time_elapsed         | 1508        |
|    total_timesteps      | 524288      |
| train/                  |             |
|    approx_kl            | 0.013507015 |
|    clip_fraction        | 0.141       |
|    clip_range           | 0.2         |
|    entropy_loss         | -1.52       |
|    explained_variance   | 0.572       |
|    learning_rate        | 0.0003      |
|    loss                 | 26.4        |
|    n_updates            | 1270        |
|    policy_gradient_loss | -0.00418    |
|    std                  | 0.536       |
|    value_loss           | 47.3        |
-----------------------------------------
------------------------------------------
| paper/                  |              |
|    accel_variation      | 0.105        |
|    base_reward          | 86.6         |
|    collision            | 0            |
|    crash_object         | 0            |
|    crash_vehicle        | 0            |
|    episode_cost         | 1            |
|    episode_length       | 180          |
|    jerk                 | 0.0997       |
|    lane_deviation       | 0.498        |
|    max_lane_deviation   | 1.04         |
|    mean_speed_kmh       | 35.4         |
|    min_ttc              | 5.71         |
|    out_of_road          | 1            |
|    route_completion     | 0.266        |
|    shaped_reward        | 86.6         |
|    steering_variation   | 0.463        |
|    success              | 0            |
|    ttc_risk             | 0.000268     |
| rollout/                |              |
|    ep_len_mean          | 211          |
|    ep_rew_mean          | 107          |
|    success_rate         | 0.02         |
| time/                   |              |
|    fps                  | 346          |
|    iterations           | 129          |
|    time_elapsed         | 1525         |
|    total_timesteps      | 528384       |
| train/                  |              |
|    approx_kl            | 0.0077533335 |
|    clip_fraction        | 0.173        |
|    clip_range           | 0.2          |
|    entropy_loss         | -1.51        |
|    explained_variance   | 0.676        |
|    learning_rate        | 0.0003       |
|    loss                 | 11.6         |
|    n_updates            | 1280         |
|    policy_gradient_loss | -0.00265     |
|    std                  | 0.536        |
|    value_loss           | 32.8         |
------------------------------------------
-----------------------------------------
| paper/                  |             |
|    accel_variation      | 0.158       |
|    base_reward          | 156         |
|    collision            | 1           |
|    crash_object         | 0           |
|    crash_vehicle        | 1           |
|    episode_cost         | 1           |
|    episode_length       | 246         |
|    jerk                 | 0.147       |
|    lane_deviation       | 0.293       |
|    max_lane_deviation   | 0.951       |
|    mean_speed_kmh       | 35          |
|    min_ttc              | 1.02        |
|    out_of_road          | 0           |
|    route_completion     | 0.497       |
|    shaped_reward        | 156         |
|    steering_variation   | 0.474       |
|    success              | 0           |
|    ttc_risk             | 0.0856      |
| rollout/                |             |
|    ep_len_mean          | 205         |
|    ep_rew_mean          | 102         |
|    success_rate         | 0.03        |
| time/                   |             |
|    fps                  | 345         |
|    iterations           | 130         |
|    time_elapsed         | 1539        |
|    total_timesteps      | 532480      |
| train/                  |             |
|    approx_kl            | 0.012615064 |
|    clip_fraction        | 0.184       |
|    clip_range           | 0.2         |
|    entropy_loss         | -1.5        |
|    explained_variance   | 0.751       |
|    learning_rate        | 0.0003      |
|    loss                 | 26.8        |
|    n_updates            | 1290        |
|    policy_gradient_loss | 0.00233     |
|    std                  | 0.532       |
|    value_loss           | 42.6        |
-----------------------------------------
----------------------------------------
| paper/                  |            |
|    accel_variation      | 0.148      |
|    base_reward          | 340        |
|    collision            | 0          |
|    crash_object         | 0          |
|    crash_vehicle        | 0          |
|    episode_cost         | 0          |
|    episode_length       | 511        |
|    jerk                 | 0.133      |
|    lane_deviation       | 0.415      |
|    max_lane_deviation   | 1.88       |
|    mean_speed_kmh       | 36.9       |
|    min_ttc              | 1.07       |
|    out_of_road          | 0          |
|    route_completion     | 0.992      |
|    shaped_reward        | 340        |
|    steering_variation   | 0.399      |
|    success              | 1          |
|    ttc_risk             | 0.0283     |
| rollout/                |            |
|    ep_len_mean          | 211        |
|    ep_rew_mean          | 111        |
|    success_rate         | 0.04       |
| time/                   |            |
|    fps                  | 345        |
|    iterations           | 131        |
|    time_elapsed         | 1552       |
|    total_timesteps      | 536576     |
| train/                  |            |
|    approx_kl            | 0.02266358 |
|    clip_fraction        | 0.27       |
|    clip_range           | 0.2        |
|    entropy_loss         | -1.49      |
|    explained_variance   | 0.698      |
|    learning_rate        | 0.0003     |
|    loss                 | 11.4       |
|    n_updates            | 1300       |
|    policy_gradient_loss | 0.00992    |
|    std                  | 0.533      |
|    value_loss           | 29.3       |
----------------------------------------
-----------------------------------------
| paper/                  |             |
|    accel_variation      | 0.0586      |
|    base_reward          | 107         |
|    collision            | 1           |
|    crash_object         | 0           |
|    crash_vehicle        | 1           |
|    episode_cost         | 1           |
|    episode_length       | 218         |
|    jerk                 | 0.059       |
|    lane_deviation       | 0.559       |
|    max_lane_deviation   | 1.99        |
|    mean_speed_kmh       | 37          |
|    min_ttc              | 0.228       |
|    out_of_road          | 0           |
|    route_completion     | 0.342       |
|    shaped_reward        | 107         |
|    steering_variation   | 0.437       |
|    success              | 0           |
|    ttc_risk             | 0.0612      |
| rollout/                |             |
|    ep_len_mean          | 212         |
|    ep_rew_mean          | 113         |
|    success_rate         | 0.03        |
| time/                   |             |
|    fps                  | 344         |
|    iterations           | 132         |
|    time_elapsed         | 1570        |
|    total_timesteps      | 540672      |
| train/                  |             |
|    approx_kl            | 0.012532866 |
|    clip_fraction        | 0.232       |
|    clip_range           | 0.2         |
|    entropy_loss         | -1.5        |
|    explained_variance   | 0.644       |
|    learning_rate        | 0.0003      |
|    loss                 | 6.88        |
|    n_updates            | 1310        |
|    policy_gradient_loss | 0.00319     |
|    std                  | 0.534       |
|    value_loss           | 25.7        |
-----------------------------------------
-----------------------------------------
| paper/                  |             |
|    accel_variation      | 0.222       |
|    base_reward          | 219         |
|    collision            | 1           |
|    crash_object         | 0           |
|    crash_vehicle        | 1           |
|    episode_cost         | 1           |
|    episode_length       | 326         |
|    jerk                 | 0.212       |
|    lane_deviation       | 0.302       |
|    max_lane_deviation   | 0.989       |
|    mean_speed_kmh       | 35.6        |
|    min_ttc              | 0.472       |
|    out_of_road          | 0           |
|    route_completion     | 0.706       |
|    shaped_reward        | 219         |
|    steering_variation   | 0.407       |
|    success              | 0           |
|    ttc_risk             | 0.0752      |
| rollout/                |             |
|    ep_len_mean          | 216         |
|    ep_rew_mean          | 117         |
|    success_rate         | 0.02        |
| time/                   |             |
|    fps                  | 343         |
|    iterations           | 133         |
|    time_elapsed         | 1587        |
|    total_timesteps      | 544768      |
| train/                  |             |
|    approx_kl            | 0.057273276 |
|    clip_fraction        | 0.182       |
|    clip_range           | 0.2         |
|    entropy_loss         | -1.49       |
|    explained_variance   | 0.739       |
|    learning_rate        | 0.0003      |
|    loss                 | 11.6        |
|    n_updates            | 1320        |
|    policy_gradient_loss | 0.000839    |
|    std                  | 0.53        |
|    value_loss           | 34.8        |
-----------------------------------------
-----------------------------------------
| paper/                  |             |
|    accel_variation      | 0.268       |
|    base_reward          | 53.1        |
|    collision            | 1           |
|    crash_object         | 0           |
|    crash_vehicle        | 1           |
|    episode_cost         | 1           |
|    episode_length       | 238         |
|    jerk                 | 0.232       |
|    lane_deviation       | 0.696       |
|    max_lane_deviation   | 1.92        |
|    mean_speed_kmh       | 29.2        |
|    min_ttc              | 1.46        |
|    out_of_road          | 0           |
|    route_completion     | 0.289       |
|    shaped_reward        | 53.1        |
|    steering_variation   | 0.452       |
|    success              | 0           |
|    ttc_risk             | 0.063       |
| rollout/                |             |
|    ep_len_mean          | 230         |
|    ep_rew_mean          | 128         |
|    success_rate         | 0.03        |
| time/                   |             |
|    fps                  | 342         |
|    iterations           | 134         |
|    time_elapsed         | 1601        |
|    total_timesteps      | 548864      |
| train/                  |             |
|    approx_kl            | 0.016590197 |
|    clip_fraction        | 0.174       |
|    clip_range           | 0.2         |
|    entropy_loss         | -1.49       |
|    explained_variance   | 0.747       |
|    learning_rate        | 0.0003      |
|    loss                 | 8.2         |
|    n_updates            | 1330        |
|    policy_gradient_loss | -0.00433    |
|    std                  | 0.532       |
|    value_loss           | 26.8        |
-----------------------------------------
-----------------------------------------
| paper/                  |             |
|    accel_variation      | 0.153       |
|    base_reward          | 72.1        |
|    collision            | 0           |
|    crash_object         | 0           |
|    crash_vehicle        | 0           |
|    episode_cost         | 1           |
|    episode_length       | 216         |
|    jerk                 | 0.146       |
|    lane_deviation       | 0.562       |
|    max_lane_deviation   | 1.53        |
|    mean_speed_kmh       | 36.9        |
|    min_ttc              | 2.92        |
|    out_of_road          | 1           |
|    route_completion     | 0.372       |
|    shaped_reward        | 72.1        |
|    steering_variation   | 0.437       |
|    success              | 0           |
|    ttc_risk             | 0.0295      |
| rollout/                |             |
|    ep_len_mean          | 246         |
|    ep_rew_mean          | 137         |
|    success_rate         | 0.05        |
| time/                   |             |
|    fps                  | 342         |
|    iterations           | 135         |
|    time_elapsed         | 1613        |
|    total_timesteps      | 552960      |
| train/                  |             |
|    approx_kl            | 0.019289825 |
|    clip_fraction        | 0.243       |
|    clip_range           | 0.2         |
|    entropy_loss         | -1.49       |
|    explained_variance   | 0.655       |
|    learning_rate        | 0.0003      |
|    loss                 | 9.1         |
|    n_updates            | 1340        |
|    policy_gradient_loss | 0.00566     |
|    std                  | 0.532       |
|    value_loss           | 24.5        |
-----------------------------------------
-----------------------------------------
| paper/                  |             |
|    accel_variation      | 0.153       |
|    base_reward          | 27          |
|    collision            | 1           |
|    crash_object         | 0           |
|    crash_vehicle        | 1           |
|    episode_cost         | 1           |
|    episode_length       | 85          |
|    jerk                 | 0.145       |
|    lane_deviation       | 0.301       |
|    max_lane_deviation   | 0.646       |
|    mean_speed_kmh       | 21.4        |
|    min_ttc              | 0.392       |
|    out_of_road          | 0           |
|    route_completion     | 0.0916      |
|    shaped_reward        | 27          |
|    steering_variation   | 0.486       |
|    success              | 0           |
|    ttc_risk             | 0.0577      |
| rollout/                |             |
|    ep_len_mean          | 241         |
|    ep_rew_mean          | 133         |
|    success_rate         | 0.04        |
| time/                   |             |
|    fps                  | 341         |
|    iterations           | 136         |
|    time_elapsed         | 1629        |
|    total_timesteps      | 557056      |
| train/                  |             |
|    approx_kl            | 0.020389352 |
|    clip_fraction        | 0.165       |
|    clip_range           | 0.2         |
|    entropy_loss         | -1.48       |
|    explained_variance   | 0.594       |
|    learning_rate        | 0.0003      |
|    loss                 | 11.4        |
|    n_updates            | 1350        |
|    policy_gradient_loss | -0.00412    |
|    std                  | 0.532       |
|    value_loss           | 29.5        |
-----------------------------------------
-----------------------------------------
| paper/                  |             |
|    accel_variation      | 0.0769      |
|    base_reward          | 97.5        |
|    collision            | 0           |
|    crash_object         | 0           |
|    crash_vehicle        | 0           |
|    episode_cost         | 1           |
|    episode_length       | 185         |
|    jerk                 | 0.0727      |
|    lane_deviation       | 0.486       |
|    max_lane_deviation   | 2           |
|    mean_speed_kmh       | 42.5        |
|    min_ttc              | 0.412       |
|    out_of_road          | 1           |
|    route_completion     | 0.378       |
|    shaped_reward        | 97.5        |
|    steering_variation   | 0.434       |
|    success              | 0           |
|    ttc_risk             | 0.0838      |
| rollout/                |             |
|    ep_len_mean          | 231         |
|    ep_rew_mean          | 123         |
|    success_rate         | 0.03        |
| time/                   |             |
|    fps                  | 341         |
|    iterations           | 137         |
|    time_elapsed         | 1644        |
|    total_timesteps      | 561152      |
| train/                  |             |
|    approx_kl            | 0.022186149 |
|    clip_fraction        | 0.203       |
|    clip_range           | 0.2         |
|    entropy_loss         | -1.47       |
|    explained_variance   | 0.616       |
|    learning_rate        | 0.0003      |
|    loss                 | 15.1        |
|    n_updates            | 1360        |
|    policy_gradient_loss | 0.0029      |
|    std                  | 0.527       |
|    value_loss           | 50.1        |
-----------------------------------------
-----------------------------------------
| paper/                  |             |
|    accel_variation      | 0.259       |
|    base_reward          | 295         |
|    collision            | 0           |
|    crash_object         | 0           |
|    crash_vehicle        | 0           |
|    episode_cost         | 0           |
|    episode_length       | 584         |
|    jerk                 | 0.231       |
|    lane_deviation       | 0.497       |
|    max_lane_deviation   | 2           |
|    mean_speed_kmh       | 31.1        |
|    min_ttc              | 0.664       |
|    out_of_road          | 0           |
|    route_completion     | 0.99        |
|    shaped_reward        | 295         |
|    steering_variation   | 0.438       |
|    success              | 1           |
|    ttc_risk             | 0.0729      |
| rollout/                |             |
|    ep_len_mean          | 236         |
|    ep_rew_mean          | 124         |
|    success_rate         | 0.04        |
| time/                   |             |
|    fps                  | 340         |
|    iterations           | 138         |
|    time_elapsed         | 1658        |
|    total_timesteps      | 565248      |
| train/                  |             |
|    approx_kl            | 0.024795018 |
|    clip_fraction        | 0.232       |
|    clip_range           | 0.2         |
|    entropy_loss         | -1.46       |
|    explained_variance   | 0.771       |
|    learning_rate        | 0.0003      |
|    loss                 | 10.5        |
|    n_updates            | 1370        |
|    policy_gradient_loss | 0.00288     |
|    std                  | 0.526       |
|    value_loss           | 31.7        |
-----------------------------------------
-----------------------------------------
| paper/                  |             |
|    accel_variation      | 0.341       |
|    base_reward          | 118         |
|    collision            | 1           |
|    crash_object         | 0           |
|    crash_vehicle        | 1           |
|    episode_cost         | 1           |
|    episode_length       | 281         |
|    jerk                 | 0.288       |
|    lane_deviation       | 0.456       |
|    max_lane_deviation   | 1           |
|    mean_speed_kmh       | 29          |
|    min_ttc              | 0.0687      |
|    out_of_road          | 0           |
|    route_completion     | 0.292       |
|    shaped_reward        | 118         |
|    steering_variation   | 0.39        |
|    success              | 0           |
|    ttc_risk             | 0.122       |
| rollout/                |             |
|    ep_len_mean          | 245         |
|    ep_rew_mean          | 129         |
|    success_rate         | 0.05        |
| time/                   |             |
|    fps                  | 340         |
|    iterations           | 139         |
|    time_elapsed         | 1672        |
|    total_timesteps      | 569344      |
| train/                  |             |
|    approx_kl            | 0.008949925 |
|    clip_fraction        | 0.177       |
|    clip_range           | 0.2         |
|    entropy_loss         | -1.46       |
|    explained_variance   | 0.692       |
|    learning_rate        | 0.0003      |
|    loss                 | 10.6        |
|    n_updates            | 1380        |
|    policy_gradient_loss | -0.0025     |
|    std                  | 0.525       |
|    value_loss           | 38.4        |
-----------------------------------------
-----------------------------------------
| paper/                  |             |
|    accel_variation      | 0.103       |
|    base_reward          | 96.4        |
|    collision            | 1           |
|    crash_object         | 0           |
|    crash_vehicle        | 1           |
|    episode_cost         | 1           |
|    episode_length       | 293         |
|    jerk                 | 0.103       |
|    lane_deviation       | 0.785       |
|    max_lane_deviation   | 2           |
|    mean_speed_kmh       | 41.9        |
|    min_ttc              | 1.02        |
|    out_of_road          | 0           |
|    route_completion     | 0.416       |
|    shaped_reward        | 96.4        |
|    steering_variation   | 0.405       |
|    success              | 0           |
|    ttc_risk             | 0.0345      |
| rollout/                |             |
|    ep_len_mean          | 247         |
|    ep_rew_mean          | 131         |
|    success_rate         | 0.05        |
| time/                   |             |
|    fps                  | 339         |
|    iterations           | 140         |
|    time_elapsed         | 1688        |
|    total_timesteps      | 573440      |
| train/                  |             |
|    approx_kl            | 0.071602255 |
|    clip_fraction        | 0.28        |
|    clip_range           | 0.2         |
|    entropy_loss         | -1.46       |
|    explained_variance   | 0.782       |
|    learning_rate        | 0.0003      |
|    loss                 | 5.04        |
|    n_updates            | 1390        |
|    policy_gradient_loss | 0.0115      |
|    std                  | 0.53        |
|    value_loss           | 19.3        |
-----------------------------------------
-----------------------------------------
| paper/                  |             |
|    accel_variation      | 0.125       |
|    base_reward          | 239         |
|    collision            | 1           |
|    crash_object         | 0           |
|    crash_vehicle        | 1           |
|    episode_cost         | 1           |
|    episode_length       | 358         |
|    jerk                 | 0.124       |
|    lane_deviation       | 0.389       |
|    max_lane_deviation   | 1.26        |
|    mean_speed_kmh       | 40.5        |
|    min_ttc              | 1.6         |
|    out_of_road          | 0           |
|    route_completion     | 0.779       |
|    shaped_reward        | 239         |
|    steering_variation   | 0.418       |
|    success              | 0           |
|    ttc_risk             | 0.0615      |
| rollout/                |             |
|    ep_len_mean          | 229         |
|    ep_rew_mean          | 122         |
|    success_rate         | 0.03        |
| time/                   |             |
|    fps                  | 339         |
|    iterations           | 141         |
|    time_elapsed         | 1703        |
|    total_timesteps      | 577536      |
| train/                  |             |
|    approx_kl            | 0.008151973 |
|    clip_fraction        | 0.285       |
|    clip_range           | 0.2         |
|    entropy_loss         | -1.47       |
|    explained_variance   | 0.771       |
|    learning_rate        | 0.0003      |
|    loss                 | 12.4        |
|    n_updates            | 1400        |
|    policy_gradient_loss | 0.0166      |
|    std                  | 0.53        |
|    value_loss           | 30.2        |
-----------------------------------------
-----------------------------------------
| paper/                  |             |
|    accel_variation      | 0.102       |
|    base_reward          | 115         |
|    collision            | 1           |
|    crash_object         | 0           |
|    crash_vehicle        | 1           |
|    episode_cost         | 1           |
|    episode_length       | 171         |
|    jerk                 | 0.102       |
|    lane_deviation       | 0.373       |
|    max_lane_deviation   | 2           |
|    mean_speed_kmh       | 40.8        |
|    min_ttc              | 1.08        |
|    out_of_road          | 0           |
|    route_completion     | 0.341       |
|    shaped_reward        | 115         |
|    steering_variation   | 0.36        |
|    success              | 0           |
|    ttc_risk             | 0.112       |
| rollout/                |             |
|    ep_len_mean          | 237         |
|    ep_rew_mean          | 134         |
|    success_rate         | 0.04        |
| time/                   |             |
|    fps                  | 338         |
|    iterations           | 142         |
|    time_elapsed         | 1717        |
|    total_timesteps      | 581632      |
| train/                  |             |
|    approx_kl            | 0.034753628 |
|    clip_fraction        | 0.216       |
|    clip_range           | 0.2         |
|    entropy_loss         | -1.46       |
|    explained_variance   | 0.764       |
|    learning_rate        | 0.0003      |
|    loss                 | 10.6        |
|    n_updates            | 1410        |
|    policy_gradient_loss | 0.00498     |
|    std                  | 0.526       |
|    value_loss           | 37.3        |
-----------------------------------------
------------------------------------------
| paper/                  |              |
|    accel_variation      | 0.137        |
|    base_reward          | 236          |
|    collision            | 1            |
|    crash_object         | 0            |
|    crash_vehicle        | 1            |
|    episode_cost         | 1            |
|    episode_length       | 337          |
|    jerk                 | 0.124        |
|    lane_deviation       | 0.383        |
|    max_lane_deviation   | 1.17         |
|    mean_speed_kmh       | 40.8         |
|    min_ttc              | 0.643        |
|    out_of_road          | 0            |
|    route_completion     | 0.68         |
|    shaped_reward        | 236          |
|    steering_variation   | 0.409        |
|    success              | 0            |
|    ttc_risk             | 0.0964       |
| rollout/                |              |
|    ep_len_mean          | 243          |
|    ep_rew_mean          | 141          |
|    success_rate         | 0.06         |
| time/                   |              |
|    fps                  | 338          |
|    iterations           | 143          |
|    time_elapsed         | 1732         |
|    total_timesteps      | 585728       |
| train/                  |              |
|    approx_kl            | 0.0127765285 |
|    clip_fraction        | 0.229        |
|    clip_range           | 0.2          |
|    entropy_loss         | -1.44        |
|    explained_variance   | 0.736        |
|    learning_rate        | 0.0003       |
|    loss                 | 13.7         |
|    n_updates            | 1420         |
|    policy_gradient_loss | 0.00241      |
|    std                  | 0.526        |
|    value_loss           | 44           |
------------------------------------------
----------------------------------------
| paper/                  |            |
|    accel_variation      | 0.106      |
|    base_reward          | 40.7       |
|    collision            | 0          |
|    crash_object         | 0          |
|    crash_vehicle        | 0          |
|    episode_cost         | 1          |
|    episode_length       | 118        |
|    jerk                 | 0.103      |
|    lane_deviation       | 0.447      |
|    max_lane_deviation   | 2          |
|    mean_speed_kmh       | 27         |
|    min_ttc              | nan        |
|    out_of_road          | 1          |
|    route_completion     | 0.196      |
|    shaped_reward        | 40.7       |
|    steering_variation   | 0.299      |
|    success              | 0          |
|    ttc_risk             | 0          |
| rollout/                |            |
|    ep_len_mean          | 234        |
|    ep_rew_mean          | 137        |
|    success_rate         | 0.07       |
| time/                   |            |
|    fps                  | 337        |
|    iterations           | 144        |
|    time_elapsed         | 1747       |
|    total_timesteps      | 589824     |
| train/                  |            |
|    approx_kl            | 0.02560177 |
|    clip_fraction        | 0.213      |
|    clip_range           | 0.2        |
|    entropy_loss         | -1.44      |
|    explained_variance   | 0.763      |
|    learning_rate        | 0.0003     |
|    loss                 | 9.95       |
|    n_updates            | 1430       |
|    policy_gradient_loss | 0.00217    |
|    std                  | 0.523      |
|    value_loss           | 33.6       |
----------------------------------------
-----------------------------------------
| paper/                  |             |
|    accel_variation      | 0.13        |
|    base_reward          | 122         |
|    collision            | 1           |
|    crash_object         | 0           |
|    crash_vehicle        | 1           |
|    episode_cost         | 1           |
|    episode_length       | 156         |
|    jerk                 | 0.114       |
|    lane_deviation       | 0.193       |
|    max_lane_deviation   | 0.798       |
|    mean_speed_kmh       | 37.4        |
|    min_ttc              | 0.406       |
|    out_of_road          | 0           |
|    route_completion     | 0.293       |
|    shaped_reward        | 122         |
|    steering_variation   | 0.411       |
|    success              | 0           |
|    ttc_risk             | 0.111       |
| rollout/                |             |
|    ep_len_mean          | 218         |
|    ep_rew_mean          | 129         |
|    success_rate         | 0.06        |
| time/                   |             |
|    fps                  | 336         |
|    iterations           | 145         |
|    time_elapsed         | 1764        |
|    total_timesteps      | 593920      |
| train/                  |             |
|    approx_kl            | 0.016269919 |
|    clip_fraction        | 0.143       |
|    clip_range           | 0.2         |
|    entropy_loss         | -1.43       |
|    explained_variance   | 0.716       |
|    learning_rate        | 0.0003      |
|    loss                 | 16.6        |
|    n_updates            | 1440        |
|    policy_gradient_loss | -0.00429    |
|    std                  | 0.523       |
|    value_loss           | 38.4        |
-----------------------------------------
----------------------------------------
| paper/                  |            |
|    accel_variation      | 0.0843     |
|    base_reward          | 78.8       |
|    collision            | 0          |
|    crash_object         | 0          |
|    crash_vehicle        | 0          |
|    episode_cost         | 1          |
|    episode_length       | 154        |
|    jerk                 | 0.0944     |
|    lane_deviation       | 0.242      |
|    max_lane_deviation   | 1.05       |
|    mean_speed_kmh       | 28.9       |
|    min_ttc              | 3.13       |
|    out_of_road          | 1          |
|    route_completion     | 0.271      |
|    shaped_reward        | 78.8       |
|    steering_variation   | 0.375      |
|    success              | 0          |
|    ttc_risk             | 0.0358     |
| rollout/                |            |
|    ep_len_mean          | 220        |
|    ep_rew_mean          | 127        |
|    success_rate         | 0.07       |
| time/                   |            |
|    fps                  | 336        |
|    iterations           | 146        |
|    time_elapsed         | 1779       |
|    total_timesteps      | 598016     |
| train/                  |            |
|    approx_kl            | 0.03789766 |
|    clip_fraction        | 0.228      |
|    clip_range           | 0.2        |
|    entropy_loss         | -1.43      |
|    explained_variance   | 0.825      |
|    learning_rate        | 0.0003     |
|    loss                 | 13.4       |
|    n_updates            | 1450       |
|    policy_gradient_loss | 0.00273    |
|    std                  | 0.524      |
|    value_loss           | 32.8       |
----------------------------------------
-----------------------------------------
| paper/                  |             |
|    accel_variation      | 0.0974      |
|    base_reward          | 150         |
|    collision            | 1           |
|    crash_object         | 0           |
|    crash_vehicle        | 1           |
|    episode_cost         | 1           |
|    episode_length       | 214         |
|    jerk                 | 0.0862      |
|    lane_deviation       | 0.367       |
|    max_lane_deviation   | 0.99        |
|    mean_speed_kmh       | 42.4        |
|    min_ttc              | 0.58        |
|    out_of_road          | 0           |
|    route_completion     | 0.429       |
|    shaped_reward        | 150         |
|    steering_variation   | 0.409       |
|    success              | 0           |
|    ttc_risk             | 0.148       |
| rollout/                |             |
|    ep_len_mean          | 221         |
|    ep_rew_mean          | 127         |
|    success_rate         | 0.08        |
| time/                   |             |
|    fps                  | 335         |
|    iterations           | 147         |
|    time_elapsed         | 1796        |
|    total_timesteps      | 602112      |
| train/                  |             |
|    approx_kl            | 0.008884144 |
|    clip_fraction        | 0.123       |
|    clip_range           | 0.2         |
|    entropy_loss         | -1.44       |
|    explained_variance   | 0.797       |
|    learning_rate        | 0.0003      |
|    loss                 | 12.8        |
|    n_updates            | 1460        |
|    policy_gradient_loss | -0.00254    |
|    std                  | 0.528       |
|    value_loss           | 37.9        |
-----------------------------------------
saved_model=outputs/paper_comparison_seed0/runs/baseline_ppo_s0/model/final_model.zip
/root/autodl-tmp/projects/sb3/stable-baselines3-master/stable_baselines3/common/on_policy_algorithm.py:150: UserWarning: You are trying to run PPO on the GPU, but it is primarily intended to run on the CPU when not using a CNN policy (you are using ActorCriticPolicy which should be a MlpPolicy). See https://github.com/DLR-RM/stable-baselines3/issues/1245 for more info. You can pass `device='cpu'` or `export CUDA_VISIBLE_DEVICES=` to force using the CPU.Note: The model will train, but the GPU utilization will be poor and the training might take longer than on CPU.
  warnings.warn(
Wrapping the env in a DummyVecEnv.
Wrapping the env in a DummyVecEnv.
Wrapping the env in a DummyVecEnv.
         success  route_completion  collision  out_of_road  cost      reward
density                                                                     
0.00         0.0          0.402419       0.00         1.00   1.0  130.433030
0.08         0.0          0.315593       0.46         0.54   1.0   96.712287
0.15         0.0          0.205687       0.64         0.36   1.0   57.680574
saved_evaluation=outputs/paper_comparison_seed0/evaluations/baseline_ppo_s0.csv
/root/autodl-tmp/projects/sb3/stable-baselines3-master/stable_baselines3/common/on_policy_algorithm.py:150: UserWarning: You are trying to run PPO on the GPU, but it is primarily intended to run on the CPU when not using a CNN policy (you are using ActorCriticPolicy which should be a MlpPolicy). See https://github.com/DLR-RM/stable-baselines3/issues/1245 for more info. You can pass `device='cpu'` or `export CUDA_VISIBLE_DEVICES=` to force using the CPU.Note: The model will train, but the GPU utilization will be poor and the training might take longer than on CPU.
  warnings.warn(
Using cuda device
Logging to outputs/paper_comparison_seed0/runs/risk_ppo_s0/tensorboard/risk_ppo_s0_1
-----------------------------
| time/              |      |
|    fps             | 616  |
|    iterations      | 1    |
|    time_elapsed    | 6    |
|    total_timesteps | 4096 |
-----------------------------
------------------------------------------
| paper/                  |              |
|    accel_variation      | 0.794        |
|    base_reward          | 13.6         |
|    collision            | 0            |
|    crash_object         | 0            |
|    crash_vehicle        | 0            |
|    episode_cost         | 0            |
|    episode_length       | 1200         |
|    jerk                 | 0.659        |
|    lane_deviation       | 0.13         |
|    max_lane_deviation   | 0.542        |
|    mean_speed_kmh       | 0.775        |
|    min_ttc              | 5.62         |
|    out_of_road          | 0            |
|    route_completion     | 0.0367       |
|    shaped_reward        | -210         |
|    steering_variation   | 0.839        |
|    success              | 0            |
|    ttc_risk             | 0.000322     |
| rollout/                |              |
|    ep_len_mean          | 1.2e+03      |
|    ep_rew_mean          | -222         |
|    success_rate         | 0            |
| time/                   |              |
|    fps                  | 630          |
|    iterations           | 2            |
|    time_elapsed         | 12           |
|    total_timesteps      | 8192         |
| train/                  |              |
|    approx_kl            | 0.0097234845 |
|    clip_fraction        | 0.135        |
|    clip_range           | 0.2          |
|    entropy_loss         | -2.82        |
|    explained_variance   | -0.091       |
|    learning_rate        | 0.0003       |
|    loss                 | 0.0945       |
|    n_updates            | 10           |
|    policy_gradient_loss | -0.00913     |
|    std                  | 0.983        |
|    value_loss           | 0.379        |
------------------------------------------
----------------------------------------
| paper/                  |            |
|    accel_variation      | 0.799      |
|    base_reward          | 7.43       |
|    collision            | 0          |
|    crash_object         | 0          |
|    crash_vehicle        | 0          |
|    episode_cost         | 0          |
|    episode_length       | 1200       |
|    jerk                 | 0.621      |
|    lane_deviation       | 0.737      |
|    max_lane_deviation   | 1.91       |
|    mean_speed_kmh       | 0.858      |
|    min_ttc              | nan        |
|    out_of_road          | 0          |
|    route_completion     | 0.0391     |
|    shaped_reward        | -653       |
|    steering_variation   | 0.821      |
|    success              | 0          |
|    ttc_risk             | 0          |
| rollout/                |            |
|    ep_len_mean          | 1.2e+03    |
|    ep_rew_mean          | -349       |
|    success_rate         | 0          |
| time/                   |            |
|    fps                  | 650        |
|    iterations           | 3          |
|    time_elapsed         | 18         |
|    total_timesteps      | 12288      |
| train/                  |            |
|    approx_kl            | 0.00310493 |
|    clip_fraction        | 0.0449     |
|    clip_range           | 0.2        |
|    entropy_loss         | -2.8       |
|    explained_variance   | -0.0328    |
|    learning_rate        | 0.0003     |
|    loss                 | 2.63       |
|    n_updates            | 20         |
|    policy_gradient_loss | -0.00175   |
|    std                  | 0.979      |
|    value_loss           | 6.91       |
----------------------------------------
-----------------------------------------
| paper/                  |             |
|    accel_variation      | 0.797       |
|    base_reward          | 13.4        |
|    collision            | 0           |
|    crash_object         | 0           |
|    crash_vehicle        | 0           |
|    episode_cost         | 0           |
|    episode_length       | 1200        |
|    jerk                 | 0.608       |
|    lane_deviation       | 0.454       |
|    max_lane_deviation   | 1           |
|    mean_speed_kmh       | 1.01        |
|    min_ttc              | 37          |
|    out_of_road          | 0           |
|    route_completion     | 0.0418      |
|    shaped_reward        | -348        |
|    steering_variation   | 0.777       |
|    success              | 0           |
|    ttc_risk             | 0           |
| rollout/                |             |
|    ep_len_mean          | 1.2e+03     |
|    ep_rew_mean          | -418        |
|    success_rate         | 0           |
| time/                   |             |
|    fps                  | 619         |
|    iterations           | 4           |
|    time_elapsed         | 26          |
|    total_timesteps      | 16384       |
| train/                  |             |
|    approx_kl            | 0.003379277 |
|    clip_fraction        | 0.0208      |
|    clip_range           | 0.2         |
|    entropy_loss         | -2.79       |
|    explained_variance   | 0.13        |
|    learning_rate        | 0.0003      |
|    loss                 | 12.3        |
|    n_updates            | 30          |
|    policy_gradient_loss | -0.0019     |
|    std                  | 0.978       |
|    value_loss           | 48.1        |
-----------------------------------------
------------------------------------------
| paper/                  |              |
|    accel_variation      | 0.727        |
|    base_reward          | -5.1         |
|    collision            | 1            |
|    crash_object         | 0            |
|    crash_vehicle        | 1            |
|    episode_cost         | 1            |
|    episode_length       | 315          |
|    jerk                 | 0.559        |
|    lane_deviation       | 0.499        |
|    max_lane_deviation   | 1.08         |
|    mean_speed_kmh       | 1.21         |
|    min_ttc              | 0.605        |
|    out_of_road          | 0            |
|    route_completion     | 0.0194       |
|    shaped_reward        | -280         |
|    steering_variation   | 0.826        |
|    success              | 0            |
|    ttc_risk             | 0.0372       |
| rollout/                |              |
|    ep_len_mean          | 1.15e+03     |
|    ep_rew_mean          | -470         |
|    success_rate         | 0            |
| time/                   |              |
|    fps                  | 598          |
|    iterations           | 5            |
|    time_elapsed         | 34           |
|    total_timesteps      | 20480        |
| train/                  |              |
|    approx_kl            | 0.0040495195 |
|    clip_fraction        | 0.0111       |
|    clip_range           | 0.2          |
|    entropy_loss         | -2.79        |
|    explained_variance   | 0.471        |
|    learning_rate        | 0.0003       |
|    loss                 | 15.2         |
|    n_updates            | 40           |
|    policy_gradient_loss | -0.00108     |
|    std                  | 0.978        |
|    value_loss           | 58.5         |
------------------------------------------
------------------------------------------
| paper/                  |              |
|    accel_variation      | 0.75         |
|    base_reward          | 11.5         |
|    collision            | 0            |
|    crash_object         | 0            |
|    crash_vehicle        | 0            |
|    episode_cost         | 0            |
|    episode_length       | 1200         |
|    jerk                 | 0.607        |
|    lane_deviation       | 1.19         |
|    max_lane_deviation   | 2            |
|    mean_speed_kmh       | 1.39         |
|    min_ttc              | 25           |
|    out_of_road          | 0            |
|    route_completion     | 0.0713       |
|    shaped_reward        | -1.32e+03    |
|    steering_variation   | 0.79         |
|    success              | 0            |
|    ttc_risk             | 0            |
| rollout/                |              |
|    ep_len_mean          | 1.15e+03     |
|    ep_rew_mean          | -546         |
|    success_rate         | 0            |
| time/                   |              |
|    fps                  | 578          |
|    iterations           | 6            |
|    time_elapsed         | 42           |
|    total_timesteps      | 24576        |
| train/                  |              |
|    approx_kl            | 0.0025171416 |
|    clip_fraction        | 0.00125      |
|    clip_range           | 0.2          |
|    entropy_loss         | -2.79        |
|    explained_variance   | 0.654        |
|    learning_rate        | 0.0003       |
|    loss                 | 20           |
|    n_updates            | 50           |
|    policy_gradient_loss | -0.000519    |
|    std                  | 0.978        |
|    value_loss           | 109          |
------------------------------------------
-----------------------------------------
| paper/                  |             |
|    accel_variation      | 0.741       |
|    base_reward          | 0.722       |
|    collision            | 0           |
|    crash_object         | 0           |
|    crash_vehicle        | 0           |
|    episode_cost         | 1           |
|    episode_length       | 1043        |
|    jerk                 | 0.572       |
|    lane_deviation       | 1.06        |
|    max_lane_deviation   | 2           |
|    mean_speed_kmh       | 1.41        |
|    min_ttc              | nan         |
|    out_of_road          | 1           |
|    route_completion     | 0.0899      |
|    shaped_reward        | -1.21e+03   |
|    steering_variation   | 0.783       |
|    success              | 0           |
|    ttc_risk             | 0           |
| rollout/                |             |
|    ep_len_mean          | 1.11e+03    |
|    ep_rew_mean          | -621        |
|    success_rate         | 0           |
| time/                   |             |
|    fps                  | 579         |
|    iterations           | 7           |
|    time_elapsed         | 49          |
|    total_timesteps      | 28672       |
| train/                  |             |
|    approx_kl            | 0.004902779 |
|    clip_fraction        | 0.0198      |
|    clip_range           | 0.2         |
|    entropy_loss         | -2.79       |
|    explained_variance   | 0.694       |
|    learning_rate        | 0.0003      |
|    loss                 | 27.2        |
|    n_updates            | 60          |
|    policy_gradient_loss | -0.00204    |
|    std                  | 0.977       |
|    value_loss           | 102         |
-----------------------------------------
-----------------------------------------
| paper/                  |             |
|    accel_variation      | 0.758       |
|    base_reward          | 17.4        |
|    collision            | 0           |
|    crash_object         | 0           |
|    crash_vehicle        | 0           |
|    episode_cost         | 0           |
|    episode_length       | 1200        |
|    jerk                 | 0.608       |
|    lane_deviation       | 0.57        |
|    max_lane_deviation   | 0.999       |
|    mean_speed_kmh       | 1.32        |
|    min_ttc              | 26.8        |
|    out_of_road          | 0           |
|    route_completion     | 0.0815      |
|    shaped_reward        | -398        |
|    steering_variation   | 0.825       |
|    success              | 0           |
|    ttc_risk             | 0           |
| rollout/                |             |
|    ep_len_mean          | 1.11e+03    |
|    ep_rew_mean          | -652        |
|    success_rate         | 0           |
| time/                   |             |
|    fps                  | 567         |
|    iterations           | 8           |
|    time_elapsed         | 57          |
|    total_timesteps      | 32768       |
| train/                  |             |
|    approx_kl            | 0.004126426 |
|    clip_fraction        | 0.0166      |
|    clip_range           | 0.2         |
|    entropy_loss         | -2.79       |
|    explained_variance   | 0.808       |
|    learning_rate        | 0.0003      |
|    loss                 | 74          |
|    n_updates            | 70          |
|    policy_gradient_loss | -0.00242    |
|    std                  | 0.978       |
|    value_loss           | 163         |
-----------------------------------------
-----------------------------------------
| paper/                  |             |
|    accel_variation      | 0.772       |
|    base_reward          | 19.8        |
|    collision            | 0           |
|    crash_object         | 0           |
|    crash_vehicle        | 0           |
|    episode_cost         | 0           |
|    episode_length       | 1200        |
|    jerk                 | 0.583       |
|    lane_deviation       | 0.508       |
|    max_lane_deviation   | 1.36        |
|    mean_speed_kmh       | 1.33        |
|    min_ttc              | nan         |
|    out_of_road          | 0           |
|    route_completion     | 0.0641      |
|    shaped_reward        | -390        |
|    steering_variation   | 0.814       |
|    success              | 0           |
|    ttc_risk             | 0           |
| rollout/                |             |
|    ep_len_mean          | 1.1e+03     |
|    ep_rew_mean          | -658        |
|    success_rate         | 0           |
| time/                   |             |
|    fps                  | 557         |
|    iterations           | 9           |
|    time_elapsed         | 66          |
|    total_timesteps      | 36864       |
| train/                  |             |
|    approx_kl            | 0.004704432 |
|    clip_fraction        | 0.0114      |
|    clip_range           | 0.2         |
|    entropy_loss         | -2.79       |
|    explained_variance   | 0.914       |
|    learning_rate        | 0.0003      |
|    loss                 | 19          |
|    n_updates            | 80          |
|    policy_gradient_loss | -0.00104    |
|    std                  | 0.978       |
|    value_loss           | 76.4        |
-----------------------------------------
------------------------------------------
| paper/                  |              |
|    accel_variation      | 0.632        |
|    base_reward          | -6.57        |
|    collision            | 0            |
|    crash_object         | 0            |
|    crash_vehicle        | 0            |
|    episode_cost         | 1            |
|    episode_length       | 122          |
|    jerk                 | 0.612        |
|    lane_deviation       | 0.411        |
|    max_lane_deviation   | 1.03         |
|    mean_speed_kmh       | 2.09         |
|    min_ttc              | nan          |
|    out_of_road          | 1            |
|    route_completion     | 0.024        |
|    shaped_reward        | -165         |
|    steering_variation   | 0.746        |
|    success              | 0            |
|    ttc_risk             | 0            |
| rollout/                |              |
|    ep_len_mean          | 1e+03        |
|    ep_rew_mean          | -587         |
|    success_rate         | 0            |
| time/                   |              |
|    fps                  | 531          |
|    iterations           | 10           |
|    time_elapsed         | 77           |
|    total_timesteps      | 40960        |
| train/                  |              |
|    approx_kl            | 0.0017320965 |
|    clip_fraction        | 0.0148       |
|    clip_range           | 0.2          |
|    entropy_loss         | -2.79        |
|    explained_variance   | 0.903        |
|    learning_rate        | 0.0003       |
|    loss                 | 28.7         |
|    n_updates            | 90           |
|    policy_gradient_loss | -0.00088     |
|    std                  | 0.977        |
|    value_loss           | 93.2         |
------------------------------------------
------------------------------------------
| paper/                  |              |
|    accel_variation      | 0.763        |
|    base_reward          | 1.62         |
|    collision            | 0            |
|    crash_object         | 0            |
|    crash_vehicle        | 0            |
|    episode_cost         | 1            |
|    episode_length       | 786          |
|    jerk                 | 0.58         |
|    lane_deviation       | 0.415        |
|    max_lane_deviation   | 1.04         |
|    mean_speed_kmh       | 1.31         |
|    min_ttc              | nan          |
|    out_of_road          | 1            |
|    route_completion     | 0.0368       |
|    shaped_reward        | -341         |
|    steering_variation   | 0.832        |
|    success              | 0            |
|    ttc_risk             | 0            |
| rollout/                |              |
|    ep_len_mean          | 912          |
|    ep_rew_mean          | -528         |
|    success_rate         | 0            |
| time/                   |              |
|    fps                  | 527          |
|    iterations           | 11           |
|    time_elapsed         | 85           |
|    total_timesteps      | 45056        |
| train/                  |              |
|    approx_kl            | 0.0052751666 |
|    clip_fraction        | 0.101        |
|    clip_range           | 0.2          |
|    entropy_loss         | -2.8         |
|    explained_variance   | -0.039       |
|    learning_rate        | 0.0003       |
|    loss                 | 95.8         |
|    n_updates            | 100          |
|    policy_gradient_loss | -0.000226    |
|    std                  | 0.981        |
|    value_loss           | 199          |
------------------------------------------
------------------------------------------
| paper/                  |              |
|    accel_variation      | 0.769        |
|    base_reward          | -2.54        |
|    collision            | 0            |
|    crash_object         | 0            |
|    crash_vehicle        | 0            |
|    episode_cost         | 1            |
|    episode_length       | 676          |
|    jerk                 | 0.617        |
|    lane_deviation       | 0.449        |
|    max_lane_deviation   | 1.03         |
|    mean_speed_kmh       | 1.1          |
|    min_ttc              | nan          |
|    out_of_road          | 1            |
|    route_completion     | 0.052        |
|    shaped_reward        | -321         |
|    steering_variation   | 0.802        |
|    success              | 0            |
|    ttc_risk             | 0            |
| rollout/                |              |
|    ep_len_mean          | 868          |
|    ep_rew_mean          | -499         |
|    success_rate         | 0            |
| time/                   |              |
|    fps                  | 518          |
|    iterations           | 12           |
|    time_elapsed         | 94           |
|    total_timesteps      | 49152        |
| train/                  |              |
|    approx_kl            | 0.0018864189 |
|    clip_fraction        | 0.0714       |
|    clip_range           | 0.2          |
|    entropy_loss         | -2.8         |
|    explained_variance   | -0.000135    |
|    learning_rate        | 0.0003       |
|    loss                 | 107          |
|    n_updates            | 110          |
|    policy_gradient_loss | 0.000278     |
|    std                  | 0.982        |
|    value_loss           | 225          |
------------------------------------------
------------------------------------------
| paper/                  |              |
|    accel_variation      | 0.784        |
|    base_reward          | -3.17        |
|    collision            | 0            |
|    crash_object         | 0            |
|    crash_vehicle        | 0            |
|    episode_cost         | 1            |
|    episode_length       | 813          |
|    jerk                 | 0.582        |
|    lane_deviation       | 0.485        |
|    max_lane_deviation   | 1.05         |
|    mean_speed_kmh       | 0.967        |
|    min_ttc              | 34.6         |
|    out_of_road          | 1            |
|    route_completion     | 0.0451       |
|    shaped_reward        | -389         |
|    steering_variation   | 0.804        |
|    success              | 0            |
|    ttc_risk             | 0            |
| rollout/                |              |
|    ep_len_mean          | 870          |
|    ep_rew_mean          | -484         |
|    success_rate         | 0            |
| time/                   |              |
|    fps                  | 521          |
|    iterations           | 13           |
|    time_elapsed         | 102          |
|    total_timesteps      | 53248        |
| train/                  |              |
|    approx_kl            | 0.0044237557 |
|    clip_fraction        | 0.0339       |
|    clip_range           | 0.2          |
|    entropy_loss         | -2.81        |
|    explained_variance   | 1.19e-06     |
|    learning_rate        | 0.0003       |
|    loss                 | 56.6         |
|    n_updates            | 120          |
|    policy_gradient_loss | -0.00105     |
|    std                  | 0.989        |
|    value_loss           | 152          |
------------------------------------------
----------------------------------------
| paper/                  |            |
|    accel_variation      | 0.774      |
|    base_reward          | 17.6       |
|    collision            | 0          |
|    crash_object         | 0          |
|    crash_vehicle        | 0          |
|    episode_cost         | 0          |
|    episode_length       | 1200       |
|    jerk                 | 0.593      |
|    lane_deviation       | 0.322      |
|    max_lane_deviation   | 0.996      |
|    mean_speed_kmh       | 1.07       |
|    min_ttc              | nan        |
|    out_of_road          | 0          |
|    route_completion     | 0.0511     |
|    shaped_reward        | -274       |
|    steering_variation   | 0.812      |
|    success              | 0          |
|    ttc_risk             | 0          |
| rollout/                |            |
|    ep_len_mean          | 868        |
|    ep_rew_mean          | -476       |
|    success_rate         | 0          |
| time/                   |            |
|    fps                  | 520        |
|    iterations           | 14         |
|    time_elapsed         | 110        |
|    total_timesteps      | 57344      |
| train/                  |            |
|    approx_kl            | 0.00478485 |
|    clip_fraction        | 0.0229     |
|    clip_range           | 0.2        |
|    entropy_loss         | -2.82      |
|    explained_variance   | 0.127      |
|    learning_rate        | 0.0003     |
|    loss                 | 18.6       |
|    n_updates            | 130        |
|    policy_gradient_loss | 0.000207   |
|    std                  | 0.989      |
|    value_loss           | 68.9       |
----------------------------------------
------------------------------------------
| paper/                  |              |
|    accel_variation      | 0.839        |
|    base_reward          | 13.9         |
|    collision            | 0            |
|    crash_object         | 0            |
|    crash_vehicle        | 0            |
|    episode_cost         | 0            |
|    episode_length       | 1200         |
|    jerk                 | 0.647        |
|    lane_deviation       | 0.21         |
|    max_lane_deviation   | 0.555        |
|    mean_speed_kmh       | 0.809        |
|    min_ttc              | 47.1         |
|    out_of_road          | 0            |
|    route_completion     | 0.0281       |
|    shaped_reward        | -234         |
|    steering_variation   | 0.828        |
|    success              | 0            |
|    ttc_risk             | 0            |
| rollout/                |              |
|    ep_len_mean          | 888          |
|    ep_rew_mean          | -465         |
|    success_rate         | 0            |
| time/                   |              |
|    fps                  | 520          |
|    iterations           | 15           |
|    time_elapsed         | 118          |
|    total_timesteps      | 61440        |
| train/                  |              |
|    approx_kl            | 0.0033893017 |
|    clip_fraction        | 0.0149       |
|    clip_range           | 0.2          |
|    entropy_loss         | -2.81        |
|    explained_variance   | 0.575        |
|    learning_rate        | 0.0003       |
|    loss                 | 2.04         |
|    n_updates            | 140          |
|    policy_gradient_loss | -0.000695    |
|    std                  | 0.983        |
|    value_loss           | 30           |
------------------------------------------
-----------------------------------------
| paper/                  |             |
|    accel_variation      | 0.792       |
|    base_reward          | 15.6        |
|    collision            | 0           |
|    crash_object         | 0           |
|    crash_vehicle        | 0           |
|    episode_cost         | 0           |
|    episode_length       | 1200        |
|    jerk                 | 0.655       |
|    lane_deviation       | 0.327       |
|    max_lane_deviation   | 0.995       |
|    mean_speed_kmh       | 0.989       |
|    min_ttc              | 3.99        |
|    out_of_road          | 0           |
|    route_completion     | 0.0424      |
|    shaped_reward        | -280        |
|    steering_variation   | 0.797       |
|    success              | 0           |
|    ttc_risk             | 0.00227     |
| rollout/                |             |
|    ep_len_mean          | 901         |
|    ep_rew_mean          | -453        |
|    success_rate         | 0           |
| time/                   |             |
|    fps                  | 521         |
|    iterations           | 16          |
|    time_elapsed         | 125         |
|    total_timesteps      | 65536       |
| train/                  |             |
|    approx_kl            | 0.004371072 |
|    clip_fraction        | 0.0367      |
|    clip_range           | 0.2         |
|    entropy_loss         | -2.79       |
|    explained_variance   | 0.921       |
|    learning_rate        | 0.0003      |
|    loss                 | 0.228       |
|    n_updates            | 150         |
|    policy_gradient_loss | -0.00209    |
|    std                  | 0.975       |
|    value_loss           | 0.908       |
-----------------------------------------
-----------------------------------------
| paper/                  |             |
|    accel_variation      | 0.765       |
|    base_reward          | 25.2        |
|    collision            | 0           |
|    crash_object         | 0           |
|    crash_vehicle        | 0           |
|    episode_cost         | 0           |
|    episode_length       | 1200        |
|    jerk                 | 0.609       |
|    lane_deviation       | 0.112       |
|    max_lane_deviation   | 0.42        |
|    mean_speed_kmh       | 1.1         |
|    min_ttc              | 54.2        |
|    out_of_road          | 0           |
|    route_completion     | 0.0597      |
|    shaped_reward        | -178        |
|    steering_variation   | 0.809       |
|    success              | 0           |
|    ttc_risk             | 0           |
| rollout/                |             |
|    ep_len_mean          | 909         |
|    ep_rew_mean          | -448        |
|    success_rate         | 0           |
| time/                   |             |
|    fps                  | 529         |
|    iterations           | 17          |
|    time_elapsed         | 131         |
|    total_timesteps      | 69632       |
| train/                  |             |
|    approx_kl            | 0.006196684 |
|    clip_fraction        | 0.0392      |
|    clip_range           | 0.2         |
|    entropy_loss         | -2.79       |
|    explained_variance   | 0.624       |
|    learning_rate        | 0.0003      |
|    loss                 | 7.01        |
|    n_updates            | 160         |
|    policy_gradient_loss | -0.00204    |
|    std                  | 0.975       |
|    value_loss           | 20.9        |
-----------------------------------------
------------------------------------------
| paper/                  |              |
|    accel_variation      | 0.754        |
|    base_reward          | 23.2         |
|    collision            | 0            |
|    crash_object         | 0            |
|    crash_vehicle        | 0            |
|    episode_cost         | 0            |
|    episode_length       | 1200         |
|    jerk                 | 0.586        |
|    lane_deviation       | 0.383        |
|    max_lane_deviation   | 0.994        |
|    mean_speed_kmh       | 1.29         |
|    min_ttc              | nan          |
|    out_of_road          | 0            |
|    route_completion     | 0.078        |
|    shaped_reward        | -308         |
|    steering_variation   | 0.807        |
|    success              | 0            |
|    ttc_risk             | 0            |
| rollout/                |              |
|    ep_len_mean          | 923          |
|    ep_rew_mean          | -442         |
|    success_rate         | 0            |
| time/                   |              |
|    fps                  | 529          |
|    iterations           | 18           |
|    time_elapsed         | 139          |
|    total_timesteps      | 73728        |
| train/                  |              |
|    approx_kl            | 0.0069723185 |
|    clip_fraction        | 0.0773       |
|    clip_range           | 0.2          |
|    entropy_loss         | -2.78        |
|    explained_variance   | 0.89         |
|    learning_rate        | 0.0003       |
|    loss                 | 0.603        |
|    n_updates            | 170          |
|    policy_gradient_loss | -0.00326     |
|    std                  | 0.968        |
|    value_loss           | 2.45         |
------------------------------------------
------------------------------------------
| paper/                  |              |
|    accel_variation      | 0.745        |
|    base_reward          | 25.2         |
|    collision            | 0            |
|    crash_object         | 0            |
|    crash_vehicle        | 0            |
|    episode_cost         | 0            |
|    episode_length       | 1200         |
|    jerk                 | 0.584        |
|    lane_deviation       | 0.281        |
|    max_lane_deviation   | 0.983        |
|    mean_speed_kmh       | 1.33         |
|    min_ttc              | nan          |
|    out_of_road          | 0            |
|    route_completion     | 0.0715       |
|    shaped_reward        | -236         |
|    steering_variation   | 0.839        |
|    success              | 0            |
|    ttc_risk             | 0            |
| rollout/                |              |
|    ep_len_mean          | 937          |
|    ep_rew_mean          | -433         |
|    success_rate         | 0            |
| time/                   |              |
|    fps                  | 530          |
|    iterations           | 19           |
|    time_elapsed         | 146          |
|    total_timesteps      | 77824        |
| train/                  |              |
|    approx_kl            | 0.0019386909 |
|    clip_fraction        | 0.0538       |
|    clip_range           | 0.2          |
|    entropy_loss         | -2.77        |
|    explained_variance   | 0.721        |
|    learning_rate        | 0.0003       |
|    loss                 | 1.7          |
|    n_updates            | 180          |
|    policy_gradient_loss | -0.000493    |
|    std                  | 0.965        |
|    value_loss           | 18.8         |
------------------------------------------
------------------------------------------
| paper/                  |              |
|    accel_variation      | 0.762        |
|    base_reward          | 22           |
|    collision            | 0            |
|    crash_object         | 0            |
|    crash_vehicle        | 0            |
|    episode_cost         | 0            |
|    episode_length       | 1200         |
|    jerk                 | 0.59         |
|    lane_deviation       | 0.41         |
|    max_lane_deviation   | 0.986        |
|    mean_speed_kmh       | 1.33         |
|    min_ttc              | nan          |
|    out_of_road          | 0            |
|    route_completion     | 0.0663       |
|    shaped_reward        | -275         |
|    steering_variation   | 0.81         |
|    success              | 0            |
|    ttc_risk             | 0            |
| rollout/                |              |
|    ep_len_mean          | 943          |
|    ep_rew_mean          | -449         |
|    success_rate         | 0            |
| time/                   |              |
|    fps                  | 534          |
|    iterations           | 20           |
|    time_elapsed         | 153          |
|    total_timesteps      | 81920        |
| train/                  |              |
|    approx_kl            | 0.0051666335 |
|    clip_fraction        | 0.0206       |
|    clip_range           | 0.2          |
|    entropy_loss         | -2.77        |
|    explained_variance   | 0.761        |
|    learning_rate        | 0.0003       |
|    loss                 | 2.77         |
|    n_updates            | 190          |
|    policy_gradient_loss | -0.00117     |
|    std                  | 0.965        |
|    value_loss           | 11.1         |
------------------------------------------
------------------------------------------
| paper/                  |              |
|    accel_variation      | 0.762        |
|    base_reward          | 18.8         |
|    collision            | 0            |
|    crash_object         | 0            |
|    crash_vehicle        | 0            |
|    episode_cost         | 0            |
|    episode_length       | 1200         |
|    jerk                 | 0.594        |
|    lane_deviation       | 0.413        |
|    max_lane_deviation   | 0.651        |
|    mean_speed_kmh       | 1.09         |
|    min_ttc              | 8.47         |
|    out_of_road          | 0            |
|    route_completion     | 0.077        |
|    shaped_reward        | -283         |
|    steering_variation   | 0.834        |
|    success              | 0            |
|    ttc_risk             | 0            |
| rollout/                |              |
|    ep_len_mean          | 955          |
|    ep_rew_mean          | -457         |
|    success_rate         | 0            |
| time/                   |              |
|    fps                  | 535          |
|    iterations           | 21           |
|    time_elapsed         | 160          |
|    total_timesteps      | 86016        |
| train/                  |              |
|    approx_kl            | 0.0014700263 |
|    clip_fraction        | 0.00107      |
|    clip_range           | 0.2          |
|    entropy_loss         | -2.77        |
|    explained_variance   | 0.877        |
|    learning_rate        | 0.0003       |
|    loss                 | 10.1         |
|    n_updates            | 200          |
|    policy_gradient_loss | -0.000124    |
|    std                  | 0.966        |
|    value_loss           | 63           |
------------------------------------------
------------------------------------------
| paper/                  |              |
|    accel_variation      | 0.768        |
|    base_reward          | 0.621        |
|    collision            | 0            |
|    crash_object         | 0            |
|    crash_vehicle        | 0            |
|    episode_cost         | 1            |
|    episode_length       | 691          |
|    jerk                 | 0.573        |
|    lane_deviation       | 0.372        |
|    max_lane_deviation   | 1.02         |
|    mean_speed_kmh       | 1.24         |
|    min_ttc              | nan          |
|    out_of_road          | 1            |
|    route_completion     | 0.0592       |
|    shaped_reward        | -308         |
|    steering_variation   | 0.824        |
|    success              | 0            |
|    ttc_risk             | 0            |
| rollout/                |              |
|    ep_len_mean          | 963          |
|    ep_rew_mean          | -461         |
|    success_rate         | 0            |
| time/                   |              |
|    fps                  | 535          |
|    iterations           | 22           |
|    time_elapsed         | 168          |
|    total_timesteps      | 90112        |
| train/                  |              |
|    approx_kl            | 0.0023650506 |
|    clip_fraction        | 0.0241       |
|    clip_range           | 0.2          |
|    entropy_loss         | -2.77        |
|    explained_variance   | 0.892        |
|    learning_rate        | 0.0003       |
|    loss                 | 1.18         |
|    n_updates            | 210          |
|    policy_gradient_loss | -0.00129     |
|    std                  | 0.967        |
|    value_loss           | 2.97         |
------------------------------------------
-----------------------------------------
| paper/                  |             |
|    accel_variation      | 0.758       |
|    base_reward          | -1.09       |
|    collision            | 0           |
|    crash_object         | 0           |
|    crash_vehicle        | 0           |
|    episode_cost         | 1           |
|    episode_length       | 1035        |
|    jerk                 | 0.618       |
|    lane_deviation       | 0.447       |
|    max_lane_deviation   | 1.05        |
|    mean_speed_kmh       | 1.03        |
|    min_ttc              | nan         |
|    out_of_road          | 1           |
|    route_completion     | 0.0591      |
|    shaped_reward        | -427        |
|    steering_variation   | 0.798       |
|    success              | 0           |
|    ttc_risk             | 0           |
| rollout/                |             |
|    ep_len_mean          | 962         |
|    ep_rew_mean          | -459        |
|    success_rate         | 0           |
| time/                   |             |
|    fps                  | 536         |
|    iterations           | 23          |
|    time_elapsed         | 175         |
|    total_timesteps      | 94208       |
| train/                  |             |
|    approx_kl            | 0.002282662 |
|    clip_fraction        | 0.0121      |
|    clip_range           | 0.2         |
|    entropy_loss         | -2.77       |
|    explained_variance   | 0.904       |
|    learning_rate        | 0.0003      |
|    loss                 | 21.2        |
|    n_updates            | 220         |
|    policy_gradient_loss | -0.00209    |
|    std                  | 0.967       |
|    value_loss           | 53.1        |
-----------------------------------------
------------------------------------------
| paper/                  |              |
|    accel_variation      | 0.782        |
|    base_reward          | 9.37         |
|    collision            | 0            |
|    crash_object         | 0            |
|    crash_vehicle        | 0            |
|    episode_cost         | 1            |
|    episode_length       | 1080         |
|    jerk                 | 0.595        |
|    lane_deviation       | 0.345        |
|    max_lane_deviation   | 1.02         |
|    mean_speed_kmh       | 1.17         |
|    min_ttc              | nan          |
|    out_of_road          | 1            |
|    route_completion     | 0.0724       |
|    shaped_reward        | -387         |
|    steering_variation   | 0.832        |
|    success              | 0            |
|    ttc_risk             | 0            |
| rollout/                |              |
|    ep_len_mean          | 971          |
|    ep_rew_mean          | -454         |
|    success_rate         | 0            |
| time/                   |              |
|    fps                  | 539          |
|    iterations           | 24           |
|    time_elapsed         | 182          |
|    total_timesteps      | 98304        |
| train/                  |              |
|    approx_kl            | 0.0018876651 |
|    clip_fraction        | 0.0128       |
|    clip_range           | 0.2          |
|    entropy_loss         | -2.77        |
|    explained_variance   | 0.744        |
|    learning_rate        | 0.0003       |
|    loss                 | 18.1         |
|    n_updates            | 230          |
|    policy_gradient_loss | -0.000353    |
|    std                  | 0.966        |
|    value_loss           | 34.1         |
------------------------------------------
------------------------------------------
| paper/                  |              |
|    accel_variation      | 0.802        |
|    base_reward          | -2.13        |
|    collision            | 0            |
|    crash_object         | 0            |
|    crash_vehicle        | 0            |
|    episode_cost         | 1            |
|    episode_length       | 659          |
|    jerk                 | 0.614        |
|    lane_deviation       | 0.416        |
|    max_lane_deviation   | 1.04         |
|    mean_speed_kmh       | 1.01         |
|    min_ttc              | 71.4         |
|    out_of_road          | 1            |
|    route_completion     | 0.0345       |
|    shaped_reward        | -320         |
|    steering_variation   | 0.807        |
|    success              | 0            |
|    ttc_risk             | 0            |
| rollout/                |              |
|    ep_len_mean          | 965          |
|    ep_rew_mean          | -457         |
|    success_rate         | 0            |
| time/                   |              |
|    fps                  | 535          |
|    iterations           | 25           |
|    time_elapsed         | 191          |
|    total_timesteps      | 102400       |
| train/                  |              |
|    approx_kl            | 0.0016706109 |
|    clip_fraction        | 0.0242       |
|    clip_range           | 0.2          |
|    entropy_loss         | -2.76        |
|    explained_variance   | 0.859        |
|    learning_rate        | 0.0003       |
|    loss                 | 16.3         |
|    n_updates            | 240          |
|    policy_gradient_loss | -0.000593    |
|    std                  | 0.962        |
|    value_loss           | 17.7         |
------------------------------------------
------------------------------------------
| paper/                  |              |
|    accel_variation      | 0.725        |
|    base_reward          | 32.7         |
|    collision            | 0            |
|    crash_object         | 0            |
|    crash_vehicle        | 0            |
|    episode_cost         | 0            |
|    episode_length       | 1200         |
|    jerk                 | 0.598        |
|    lane_deviation       | 0.223        |
|    max_lane_deviation   | 0.999        |
|    mean_speed_kmh       | 1.48         |
|    min_ttc              | nan          |
|    out_of_road          | 0            |
|    route_completion     | 0.0874       |
|    shaped_reward        | -194         |
|    steering_variation   | 0.802        |
|    success              | 0            |
|    ttc_risk             | 0            |
| rollout/                |              |
|    ep_len_mean          | 965          |
|    ep_rew_mean          | -452         |
|    success_rate         | 0            |
| time/                   |              |
|    fps                  | 539          |
|    iterations           | 26           |
|    time_elapsed         | 197          |
|    total_timesteps      | 106496       |
| train/                  |              |
|    approx_kl            | 0.0071203024 |
|    clip_fraction        | 0.0718       |
|    clip_range           | 0.2          |
|    entropy_loss         | -2.76        |
|    explained_variance   | 0.77         |
|    learning_rate        | 0.0003       |
|    loss                 | 18.3         |
|    n_updates            | 250          |
|    policy_gradient_loss | -0.00498     |
|    std                  | 0.961        |
|    value_loss           | 33.1         |
------------------------------------------
------------------------------------------
| paper/                  |              |
|    accel_variation      | 0.751        |
|    base_reward          | 29           |
|    collision            | 0            |
|    crash_object         | 0            |
|    crash_vehicle        | 0            |
|    episode_cost         | 0            |
|    episode_length       | 1200         |
|    jerk                 | 0.581        |
|    lane_deviation       | 0.229        |
|    max_lane_deviation   | 0.412        |
|    mean_speed_kmh       | 1.3          |
|    min_ttc              | nan          |
|    out_of_road          | 0            |
|    route_completion     | 0.0624       |
|    shaped_reward        | -188         |
|    steering_variation   | 0.844        |
|    success              | 0            |
|    ttc_risk             | 0            |
| rollout/                |              |
|    ep_len_mean          | 965          |
|    ep_rew_mean          | -437         |
|    success_rate         | 0            |
| time/                   |              |
|    fps                  | 542          |
|    iterations           | 27           |
|    time_elapsed         | 203          |
|    total_timesteps      | 110592       |
| train/                  |              |
|    approx_kl            | 0.0055394126 |
|    clip_fraction        | 0.0317       |
|    clip_range           | 0.2          |
|    entropy_loss         | -2.75        |
|    explained_variance   | 0.86         |
|    learning_rate        | 0.0003       |
|    loss                 | 3.19         |
|    n_updates            | 260          |
|    policy_gradient_loss | -0.00196     |
|    std                  | 0.955        |
|    value_loss           | 5.98         |
------------------------------------------
-----------------------------------------
| paper/                  |             |
|    accel_variation      | 0.757       |
|    base_reward          | 17.7        |
|    collision            | 0           |
|    crash_object         | 0           |
|    crash_vehicle        | 0           |
|    episode_cost         | 0           |
|    episode_length       | 1200        |
|    jerk                 | 0.603       |
|    lane_deviation       | 0.44        |
|    max_lane_deviation   | 0.961       |
|    mean_speed_kmh       | 1.17        |
|    min_ttc              | nan         |
|    out_of_road          | 0           |
|    route_completion     | 0.0506      |
|    shaped_reward        | -337        |
|    steering_variation   | 0.843       |
|    success              | 0           |
|    ttc_risk             | 0           |
| rollout/                |             |
|    ep_len_mean          | 965         |
|    ep_rew_mean          | -439        |
|    success_rate         | 0           |
| time/                   |             |
|    fps                  | 540         |
|    iterations           | 28          |
|    time_elapsed         | 212         |
|    total_timesteps      | 114688      |
| train/                  |             |
|    approx_kl            | 0.005341655 |
|    clip_fraction        | 0.135       |
|    clip_range           | 0.2         |
|    entropy_loss         | -2.74       |
|    explained_variance   | 0.956       |
|    learning_rate        | 0.0003      |
|    loss                 | 1.18        |
|    n_updates            | 270         |
|    policy_gradient_loss | -0.000677   |
|    std                  | 0.953       |
|    value_loss           | 2.96        |
-----------------------------------------
-----------------------------------------
| paper/                  |             |
|    accel_variation      | 0.678       |
|    base_reward          | 4.77        |
|    collision            | 0           |
|    crash_object         | 0           |
|    crash_vehicle        | 0           |
|    episode_cost         | 1           |
|    episode_length       | 659         |
|    jerk                 | 0.544       |
|    lane_deviation       | 0.474       |
|    max_lane_deviation   | 1.02        |
|    mean_speed_kmh       | 1.98        |
|    min_ttc              | 32.3        |
|    out_of_road          | 1           |
|    route_completion     | 0.0652      |
|    shaped_reward        | -308        |
|    steering_variation   | 0.819       |
|    success              | 0           |
|    ttc_risk             | 0           |
| rollout/                |             |
|    ep_len_mean          | 957         |
|    ep_rew_mean          | -411        |
|    success_rate         | 0           |
| time/                   |             |
|    fps                  | 539         |
|    iterations           | 29          |
|    time_elapsed         | 220         |
|    total_timesteps      | 118784      |
| train/                  |             |
|    approx_kl            | 0.013862114 |
|    clip_fraction        | 0.247       |
|    clip_range           | 0.2         |
|    entropy_loss         | -2.73       |
|    explained_variance   | 0.965       |
|    learning_rate        | 0.0003      |
|    loss                 | 0.698       |
|    n_updates            | 280         |
|    policy_gradient_loss | 0.0102      |
|    std                  | 0.945       |
|    value_loss           | 1.28        |
-----------------------------------------
------------------------------------------
| paper/                  |              |
|    accel_variation      | 0.713        |
|    base_reward          | 31.3         |
|    collision            | 0            |
|    crash_object         | 0            |
|    crash_vehicle        | 0            |
|    episode_cost         | 0            |
|    episode_length       | 1200         |
|    jerk                 | 0.546        |
|    lane_deviation       | 0.34         |
|    max_lane_deviation   | 0.999        |
|    mean_speed_kmh       | 1.63         |
|    min_ttc              | nan          |
|    out_of_road          | 0            |
|    route_completion     | 0.0966       |
|    shaped_reward        | -250         |
|    steering_variation   | 0.796        |
|    success              | 0            |
|    ttc_risk             | 0            |
| rollout/                |              |
|    ep_len_mean          | 948          |
|    ep_rew_mean          | -395         |
|    success_rate         | 0            |
| time/                   |              |
|    fps                  | 540          |
|    iterations           | 30           |
|    time_elapsed         | 227          |
|    total_timesteps      | 122880       |
| train/                  |              |
|    approx_kl            | 0.0074594035 |
|    clip_fraction        | 0.0718       |
|    clip_range           | 0.2          |
|    entropy_loss         | -2.72        |
|    explained_variance   | 0.679        |
|    learning_rate        | 0.0003       |
|    loss                 | 26.9         |
|    n_updates            | 290          |
|    policy_gradient_loss | -0.00173     |
|    std                  | 0.944        |
|    value_loss           | 53.3         |
------------------------------------------
------------------------------------------
| paper/                  |              |
|    accel_variation      | 0.621        |
|    base_reward          | -0.436       |
|    collision            | 0            |
|    crash_object         | 0            |
|    crash_vehicle        | 0            |
|    episode_cost         | 1            |
|    episode_length       | 599          |
|    jerk                 | 0.519        |
|    lane_deviation       | 0.792        |
|    max_lane_deviation   | 1.59         |
|    mean_speed_kmh       | 2.46         |
|    min_ttc              | nan          |
|    out_of_road          | 1            |
|    route_completion     | 0.0818       |
|    shaped_reward        | -434         |
|    steering_variation   | 0.773        |
|    success              | 0            |
|    ttc_risk             | 0            |
| rollout/                |              |
|    ep_len_mean          | 953          |
|    ep_rew_mean          | -367         |
|    success_rate         | 0            |
| time/                   |              |
|    fps                  | 538          |
|    iterations           | 31           |
|    time_elapsed         | 235          |
|    total_timesteps      | 126976       |
| train/                  |              |
|    approx_kl            | 0.0028265235 |
|    clip_fraction        | 0.0307       |
|    clip_range           | 0.2          |
|    entropy_loss         | -2.72        |
|    explained_variance   | 0.831        |
|    learning_rate        | 0.0003       |
|    loss                 | 7.42         |
|    n_updates            | 300          |
|    policy_gradient_loss | -0.00471     |
|    std                  | 0.94         |
|    value_loss           | 34.6         |
------------------------------------------
-----------------------------------------
| paper/                  |             |
|    accel_variation      | 0.692       |
|    base_reward          | -1.1        |
|    collision            | 0           |
|    crash_object         | 0           |
|    crash_vehicle        | 0           |
|    episode_cost         | 1           |
|    episode_length       | 729         |
|    jerk                 | 0.555       |
|    lane_deviation       | 0.61        |
|    max_lane_deviation   | 1.04        |
|    mean_speed_kmh       | 1.54        |
|    min_ttc              | 41.2        |
|    out_of_road          | 1           |
|    route_completion     | 0.0375      |
|    shaped_reward        | -391        |
|    steering_variation   | 0.798       |
|    success              | 0           |
|    ttc_risk             | 0           |
| rollout/                |             |
|    ep_len_mean          | 958         |
|    ep_rew_mean          | -350        |
|    success_rate         | 0           |
| time/                   |             |
|    fps                  | 535         |
|    iterations           | 32          |
|    time_elapsed         | 244         |
|    total_timesteps      | 131072      |
| train/                  |             |
|    approx_kl            | 0.006922221 |
|    clip_fraction        | 0.0292      |
|    clip_range           | 0.2         |
|    entropy_loss         | -2.71       |
|    explained_variance   | 0.861       |
|    learning_rate        | 0.0003      |
|    loss                 | 12.9        |
|    n_updates            | 310         |
|    policy_gradient_loss | -0.00242    |
|    std                  | 0.939       |
|    value_loss           | 36.8        |
-----------------------------------------
------------------------------------------
| paper/                  |              |
|    accel_variation      | 0.646        |
|    base_reward          | 38.1         |
|    collision            | 0            |
|    crash_object         | 0            |
|    crash_vehicle        | 0            |
|    episode_cost         | 0            |
|    episode_length       | 1200         |
|    jerk                 | 0.53         |
|    lane_deviation       | 0.488        |
|    max_lane_deviation   | 0.999        |
|    mean_speed_kmh       | 2.36         |
|    min_ttc              | nan          |
|    out_of_road          | 0            |
|    route_completion     | 0.17         |
|    shaped_reward        | -281         |
|    steering_variation   | 0.763        |
|    success              | 0            |
|    ttc_risk             | 0            |
| rollout/                |              |
|    ep_len_mean          | 967          |
|    ep_rew_mean          | -349         |
|    success_rate         | 0            |
| time/                   |              |
|    fps                  | 536          |
|    iterations           | 33           |
|    time_elapsed         | 251          |
|    total_timesteps      | 135168       |
| train/                  |              |
|    approx_kl            | 0.0046920115 |
|    clip_fraction        | 0.0338       |
|    clip_range           | 0.2          |
|    entropy_loss         | -2.71        |
|    explained_variance   | 0.881        |
|    learning_rate        | 0.0003       |
|    loss                 | 13.2         |
|    n_updates            | 320          |
|    policy_gradient_loss | -0.00368     |
|    std                  | 0.939        |
|    value_loss           | 38           |
------------------------------------------
------------------------------------------
| paper/                  |              |
|    accel_variation      | 0.648        |
|    base_reward          | 46.1         |
|    collision            | 0            |
|    crash_object         | 0            |
|    crash_vehicle        | 0            |
|    episode_cost         | 0            |
|    episode_length       | 1200         |
|    jerk                 | 0.511        |
|    lane_deviation       | 0.286        |
|    max_lane_deviation   | 0.704        |
|    mean_speed_kmh       | 2.22         |
|    min_ttc              | nan          |
|    out_of_road          | 0            |
|    route_completion     | 0.0969       |
|    shaped_reward        | -159         |
|    steering_variation   | 0.786        |
|    success              | 0            |
|    ttc_risk             | 0            |
| rollout/                |              |
|    ep_len_mean          | 980          |
|    ep_rew_mean          | -347         |
|    success_rate         | 0            |
| time/                   |              |
|    fps                  | 536          |
|    iterations           | 34           |
|    time_elapsed         | 259          |
|    total_timesteps      | 139264       |
| train/                  |              |
|    approx_kl            | 0.0066986806 |
|    clip_fraction        | 0.0597       |
|    clip_range           | 0.2          |
|    entropy_loss         | -2.71        |
|    explained_variance   | 0.912        |
|    learning_rate        | 0.0003       |
|    loss                 | 8.89         |
|    n_updates            | 330          |
|    policy_gradient_loss | -0.00441     |
|    std                  | 0.934        |
|    value_loss           | 21.5         |
------------------------------------------
------------------------------------------
| paper/                  |              |
|    accel_variation      | 0.612        |
|    base_reward          | 27.5         |
|    collision            | 0            |
|    crash_object         | 0            |
|    crash_vehicle        | 0            |
|    episode_cost         | 1            |
|    episode_length       | 763          |
|    jerk                 | 0.516        |
|    lane_deviation       | 0.231        |
|    max_lane_deviation   | 1.04         |
|    mean_speed_kmh       | 2.46         |
|    min_ttc              | 1.25         |
|    out_of_road          | 1            |
|    route_completion     | 0.0825       |
|    shaped_reward        | -285         |
|    steering_variation   | 0.755        |
|    success              | 0            |
|    ttc_risk             | 0.0213       |
| rollout/                |              |
|    ep_len_mean          | 1e+03        |
|    ep_rew_mean          | -346         |
|    success_rate         | 0            |
| time/                   |              |
|    fps                  | 533          |
|    iterations           | 35           |
|    time_elapsed         | 268          |
|    total_timesteps      | 143360       |
| train/                  |              |
|    approx_kl            | 0.0074623455 |
|    clip_fraction        | 0.0781       |
|    clip_range           | 0.2          |
|    entropy_loss         | -2.7         |
|    explained_variance   | 0.738        |
|    learning_rate        | 0.0003       |
|    loss                 | 7.53         |
|    n_updates            | 340          |
|    policy_gradient_loss | -0.000365    |
|    std                  | 0.933        |
|    value_loss           | 18           |
------------------------------------------
------------------------------------------
| paper/                  |              |
|    accel_variation      | 0.604        |
|    base_reward          | 63.4         |
|    collision            | 0            |
|    crash_object         | 0            |
|    crash_vehicle        | 0            |
|    episode_cost         | 0            |
|    episode_length       | 1200         |
|    jerk                 | 0.49         |
|    lane_deviation       | 0.308        |
|    max_lane_deviation   | 0.997        |
|    mean_speed_kmh       | 2.96         |
|    min_ttc              | 25.5         |
|    out_of_road          | 0            |
|    route_completion     | 0.189        |
|    shaped_reward        | -161         |
|    steering_variation   | 0.766        |
|    success              | 0            |
|    ttc_risk             | 0            |
| rollout/                |              |
|    ep_len_mean          | 1.03e+03     |
|    ep_rew_mean          | -346         |
|    success_rate         | 0            |
| time/                   |              |
|    fps                  | 531          |
|    iterations           | 36           |
|    time_elapsed         | 277          |
|    total_timesteps      | 147456       |
| train/                  |              |
|    approx_kl            | 0.0076998756 |
|    clip_fraction        | 0.0975       |
|    clip_range           | 0.2          |
|    entropy_loss         | -2.7         |
|    explained_variance   | 0.753        |
|    learning_rate        | 0.0003       |
|    loss                 | 7.59         |
|    n_updates            | 350          |
|    policy_gradient_loss | -0.0039      |
|    std                  | 0.929        |
|    value_loss           | 19.7         |
------------------------------------------
----------------------------------------
| paper/                  |            |
|    accel_variation      | 0.549      |
|    base_reward          | 64.9       |
|    collision            | 0          |
|    crash_object         | 0          |
|    crash_vehicle        | 0          |
|    episode_cost         | 0          |
|    episode_length       | 1200       |
|    jerk                 | 0.439      |
|    lane_deviation       | 0.466      |
|    max_lane_deviation   | 1.26       |
|    mean_speed_kmh       | 3.58       |
|    min_ttc              | nan        |
|    out_of_road          | 0          |
|    route_completion     | 0.197      |
|    shaped_reward        | -242       |
|    steering_variation   | 0.806      |
|    success              | 0          |
|    ttc_risk             | 0          |
| rollout/                |            |
|    ep_len_mean          | 1.06e+03   |
|    ep_rew_mean          | -344       |
|    success_rate         | 0          |
| time/                   |            |
|    fps                  | 531        |
|    iterations           | 37         |
|    time_elapsed         | 285        |
|    total_timesteps      | 151552     |
| train/                  |            |
|    approx_kl            | 0.01378619 |
|    clip_fraction        | 0.183      |
|    clip_range           | 0.2        |
|    entropy_loss         | -2.69      |
|    explained_variance   | 0.832      |
|    learning_rate        | 0.0003     |
|    loss                 | 5.76       |
|    n_updates            | 360        |
|    policy_gradient_loss | 0.00133    |
|    std                  | 0.926      |
|    value_loss           | 16.6       |
----------------------------------------
------------------------------------------
| paper/                  |              |
|    accel_variation      | 0.588        |
|    base_reward          | 57.6         |
|    collision            | 0            |
|    crash_object         | 0            |
|    crash_vehicle        | 0            |
|    episode_cost         | 0            |
|    episode_length       | 1200         |
|    jerk                 | 0.464        |
|    lane_deviation       | 0.436        |
|    max_lane_deviation   | 1.09         |
|    mean_speed_kmh       | 3.08         |
|    min_ttc              | nan          |
|    out_of_road          | 0            |
|    route_completion     | 0.195        |
|    shaped_reward        | -238         |
|    steering_variation   | 0.77         |
|    success              | 0            |
|    ttc_risk             | 0            |
| rollout/                |              |
|    ep_len_mean          | 1.08e+03     |
|    ep_rew_mean          | -340         |
|    success_rate         | 0            |
| time/                   |              |
|    fps                  | 531          |
|    iterations           | 38           |
|    time_elapsed         | 292          |
|    total_timesteps      | 155648       |
| train/                  |              |
|    approx_kl            | 0.0064085196 |
|    clip_fraction        | 0.152        |
|    clip_range           | 0.2          |
|    entropy_loss         | -2.68        |
|    explained_variance   | 0.845        |
|    learning_rate        | 0.0003       |
|    loss                 | 4.15         |
|    n_updates            | 370          |
|    policy_gradient_loss | 0.00249      |
|    std                  | 0.923        |
|    value_loss           | 13.6         |
------------------------------------------
-----------------------------------------
| paper/                  |             |
|    accel_variation      | 0.434       |
|    base_reward          | -4.15       |
|    collision            | 0           |
|    crash_object         | 0           |
|    crash_vehicle        | 0           |
|    episode_cost         | 1           |
|    episode_length       | 162         |
|    jerk                 | 0.432       |
|    lane_deviation       | 0.619       |
|    max_lane_deviation   | 1.04        |
|    mean_speed_kmh       | 5.14        |
|    min_ttc              | nan         |
|    out_of_road          | 1           |
|    route_completion     | 0.0508      |
|    shaped_reward        | -177        |
|    steering_variation   | 0.711       |
|    success              | 0           |
|    ttc_risk             | 0           |
| rollout/                |             |
|    ep_len_mean          | 923         |
|    ep_rew_mean          | -312        |
|    success_rate         | 0           |
| time/                   |             |
|    fps                  | 517         |
|    iterations           | 39          |
|    time_elapsed         | 308         |
|    total_timesteps      | 159744      |
| train/                  |             |
|    approx_kl            | 0.052897774 |
|    clip_fraction        | 0.274       |
|    clip_range           | 0.2         |
|    entropy_loss         | -2.66       |
|    explained_variance   | 0.772       |
|    learning_rate        | 0.0003      |
|    loss                 | 2.44        |
|    n_updates            | 380         |
|    policy_gradient_loss | 0.00746     |
|    std                  | 0.91        |
|    value_loss           | 4.52        |
-----------------------------------------
------------------------------------------
| paper/                  |              |
|    accel_variation      | 0.477        |
|    base_reward          | -3.38        |
|    collision            | 0            |
|    crash_object         | 0            |
|    crash_vehicle        | 0            |
|    episode_cost         | 1            |
|    episode_length       | 117          |
|    jerk                 | 0.386        |
|    lane_deviation       | 0.455        |
|    max_lane_deviation   | 1.06         |
|    mean_speed_kmh       | 4.42         |
|    min_ttc              | nan          |
|    out_of_road          | 1            |
|    route_completion     | 0.0327       |
|    shaped_reward        | -154         |
|    steering_variation   | 0.789        |
|    success              | 0            |
|    ttc_risk             | 0            |
| rollout/                |              |
|    ep_len_mean          | 767          |
|    ep_rew_mean          | -255         |
|    success_rate         | 0            |
| time/                   |              |
|    fps                  | 508          |
|    iterations           | 40           |
|    time_elapsed         | 321          |
|    total_timesteps      | 163840       |
| train/                  |              |
|    approx_kl            | 0.0067519145 |
|    clip_fraction        | 0.163        |
|    clip_range           | 0.2          |
|    entropy_loss         | -2.65        |
|    explained_variance   | 0.255        |
|    learning_rate        | 0.0003       |
|    loss                 | 152          |
|    n_updates            | 390          |
|    policy_gradient_loss | 0.00611      |
|    std                  | 0.911        |
|    value_loss           | 350          |
------------------------------------------
-----------------------------------------
| paper/                  |             |
|    accel_variation      | 0.511       |
|    base_reward          | 39.5        |
|    collision            | 0           |
|    crash_object         | 0           |
|    crash_vehicle        | 0           |
|    episode_cost         | 1           |
|    episode_length       | 821         |
|    jerk                 | 0.424       |
|    lane_deviation       | 0.504       |
|    max_lane_deviation   | 1.03        |
|    mean_speed_kmh       | 4.47        |
|    min_ttc              | nan         |
|    out_of_road          | 1           |
|    route_completion     | 0.165       |
|    shaped_reward        | -278        |
|    steering_variation   | 0.8         |
|    success              | 0           |
|    ttc_risk             | 0           |
| rollout/                |             |
|    ep_len_mean          | 760         |
|    ep_rew_mean          | -255        |
|    success_rate         | 0           |
| time/                   |             |
|    fps                  | 510         |
|    iterations           | 41          |
|    time_elapsed         | 329         |
|    total_timesteps      | 167936      |
| train/                  |             |
|    approx_kl            | 0.005065823 |
|    clip_fraction        | 0.0634      |
|    clip_range           | 0.2         |
|    entropy_loss         | -2.65       |
|    explained_variance   | 0.558       |
|    learning_rate        | 0.0003      |
|    loss                 | 122         |
|    n_updates            | 400         |
|    policy_gradient_loss | -0.00492    |
|    std                  | 0.91        |
|    value_loss           | 240         |
-----------------------------------------
------------------------------------------
| paper/                  |              |
|    accel_variation      | 0.457        |
|    base_reward          | 47.8         |
|    collision            | 0            |
|    crash_object         | 0            |
|    crash_vehicle        | 0            |
|    episode_cost         | 1            |
|    episode_length       | 694          |
|    jerk                 | 0.398        |
|    lane_deviation       | 0.404        |
|    max_lane_deviation   | 1.03         |
|    mean_speed_kmh       | 5.78         |
|    min_ttc              | nan          |
|    out_of_road          | 1            |
|    route_completion     | 0.195        |
|    shaped_reward        | -203         |
|    steering_variation   | 0.783        |
|    success              | 0            |
|    ttc_risk             | 0            |
| rollout/                |              |
|    ep_len_mean          | 722          |
|    ep_rew_mean          | -239         |
|    success_rate         | 0            |
| time/                   |              |
|    fps                  | 507          |
|    iterations           | 42           |
|    time_elapsed         | 338          |
|    total_timesteps      | 172032       |
| train/                  |              |
|    approx_kl            | 0.0049393186 |
|    clip_fraction        | 0.0786       |
|    clip_range           | 0.2          |
|    entropy_loss         | -2.64        |
|    explained_variance   | 0.272        |
|    learning_rate        | 0.0003       |
|    loss                 | 35.9         |
|    n_updates            | 410          |
|    policy_gradient_loss | -0.00245     |
|    std                  | 0.903        |
|    value_loss           | 105          |
------------------------------------------
---------------------------------------
| paper/                  |           |
|    accel_variation      | 0.451     |
|    base_reward          | 97.9      |
|    collision            | 0         |
|    crash_object         | 0         |
|    crash_vehicle        | 0         |
|    episode_cost         | 0         |
|    episode_length       | 1200      |
|    jerk                 | 0.388     |
|    lane_deviation       | 0.438     |
|    max_lane_deviation   | 1.18      |
|    mean_speed_kmh       | 5.41      |
|    min_ttc              | 28.4      |
|    out_of_road          | 0         |
|    route_completion     | 0.429     |
|    shaped_reward        | -150      |
|    steering_variation   | 0.775     |
|    success              | 0         |
|    ttc_risk             | 0         |
| rollout/                |           |
|    ep_len_mean          | 730       |
|    ep_rew_mean          | -237      |
|    success_rate         | 0         |
| time/                   |           |
|    fps                  | 509       |
|    iterations           | 43        |
|    time_elapsed         | 345       |
|    total_timesteps      | 176128    |
| train/                  |           |
|    approx_kl            | 0.0126625 |
|    clip_fraction        | 0.194     |
|    clip_range           | 0.2       |
|    entropy_loss         | -2.63     |
|    explained_variance   | 0.547     |
|    learning_rate        | 0.0003    |
|    loss                 | 57.8      |
|    n_updates            | 420       |
|    policy_gradient_loss | -0.0118   |
|    std                  | 0.899     |
|    value_loss           | 100       |
---------------------------------------
-----------------------------------------
| paper/                  |             |
|    accel_variation      | 0.455       |
|    base_reward          | 122         |
|    collision            | 0           |
|    crash_object         | 0           |
|    crash_vehicle        | 0           |
|    episode_cost         | 0           |
|    episode_length       | 1200        |
|    jerk                 | 0.367       |
|    lane_deviation       | 0.379       |
|    max_lane_deviation   | 1.37        |
|    mean_speed_kmh       | 5.67        |
|    min_ttc              | 19.6        |
|    out_of_road          | 0           |
|    route_completion     | 0.28        |
|    shaped_reward        | -103        |
|    steering_variation   | 0.784       |
|    success              | 0           |
|    ttc_risk             | 0           |
| rollout/                |             |
|    ep_len_mean          | 730         |
|    ep_rew_mean          | -233        |
|    success_rate         | 0           |
| time/                   |             |
|    fps                  | 510         |
|    iterations           | 44          |
|    time_elapsed         | 353         |
|    total_timesteps      | 180224      |
| train/                  |             |
|    approx_kl            | 0.009073563 |
|    clip_fraction        | 0.0809      |
|    clip_range           | 0.2         |
|    entropy_loss         | -2.62       |
|    explained_variance   | 0.648       |
|    learning_rate        | 0.0003      |
|    loss                 | 4.53        |
|    n_updates            | 430         |
|    policy_gradient_loss | -0.00103    |
|    std                  | 0.892       |
|    value_loss           | 14.2        |
-----------------------------------------
-----------------------------------------
| paper/                  |             |
|    accel_variation      | 0.353       |
|    base_reward          | 32.4        |
|    collision            | 0           |
|    crash_object         | 0           |
|    crash_vehicle        | 0           |
|    episode_cost         | 1           |
|    episode_length       | 309         |
|    jerk                 | 0.302       |
|    lane_deviation       | 0.373       |
|    max_lane_deviation   | 1.05        |
|    mean_speed_kmh       | 8.07        |
|    min_ttc              | nan         |
|    out_of_road          | 1           |
|    route_completion     | 0.118       |
|    shaped_reward        | -150        |
|    steering_variation   | 0.783       |
|    success              | 0           |
|    ttc_risk             | 0           |
| rollout/                |             |
|    ep_len_mean          | 712         |
|    ep_rew_mean          | -227        |
|    success_rate         | 0           |
| time/                   |             |
|    fps                  | 510         |
|    iterations           | 45          |
|    time_elapsed         | 361         |
|    total_timesteps      | 184320      |
| train/                  |             |
|    approx_kl            | 0.025310446 |
|    clip_fraction        | 0.185       |
|    clip_range           | 0.2         |
|    entropy_loss         | -2.6        |
|    explained_variance   | 0.617       |
|    learning_rate        | 0.0003      |
|    loss                 | 3.34        |
|    n_updates            | 440         |
|    policy_gradient_loss | -0.00024    |
|    std                  | 0.882       |
|    value_loss           | 7.17        |
-----------------------------------------
----------------------------------------
| paper/                  |            |
|    accel_variation      | 0.507      |
|    base_reward          | 103        |
|    collision            | 0          |
|    crash_object         | 0          |
|    crash_vehicle        | 0          |
|    episode_cost         | 0          |
|    episode_length       | 1200       |
|    jerk                 | 0.413      |
|    lane_deviation       | 0.297      |
|    max_lane_deviation   | 0.988      |
|    mean_speed_kmh       | 4.55       |
|    min_ttc              | 16.4       |
|    out_of_road          | 0          |
|    route_completion     | 0.241      |
|    shaped_reward        | -89.9      |
|    steering_variation   | 0.78       |
|    success              | 0          |
|    ttc_risk             | 0          |
| rollout/                |            |
|    ep_len_mean          | 723        |
|    ep_rew_mean          | -222       |
|    success_rate         | 0          |
| time/                   |            |
|    fps                  | 511        |
|    iterations           | 46         |
|    time_elapsed         | 368        |
|    total_timesteps      | 188416     |
| train/                  |            |
|    approx_kl            | 0.00890076 |
|    clip_fraction        | 0.102      |
|    clip_range           | 0.2        |
|    entropy_loss         | -2.58      |
|    explained_variance   | 0.167      |
|    learning_rate        | 0.0003     |
|    loss                 | 17.9       |
|    n_updates            | 450        |
|    policy_gradient_loss | -0.00704   |
|    std                  | 0.878      |
|    value_loss           | 77         |
----------------------------------------
-----------------------------------------
| paper/                  |             |
|    accel_variation      | 0.443       |
|    base_reward          | 112         |
|    collision            | 0           |
|    crash_object         | 0           |
|    crash_vehicle        | 0           |
|    episode_cost         | 0           |
|    episode_length       | 1200        |
|    jerk                 | 0.366       |
|    lane_deviation       | 0.362       |
|    max_lane_deviation   | 0.999       |
|    mean_speed_kmh       | 5.4         |
|    min_ttc              | 3.5         |
|    out_of_road          | 0           |
|    route_completion     | 0.257       |
|    shaped_reward        | -120        |
|    steering_variation   | 0.802       |
|    success              | 0           |
|    ttc_risk             | 0.00422     |
| rollout/                |             |
|    ep_len_mean          | 729         |
|    ep_rew_mean          | -219        |
|    success_rate         | 0           |
| time/                   |             |
|    fps                  | 511         |
|    iterations           | 47          |
|    time_elapsed         | 376         |
|    total_timesteps      | 192512      |
| train/                  |             |
|    approx_kl            | 0.008233633 |
|    clip_fraction        | 0.193       |
|    clip_range           | 0.2         |
|    entropy_loss         | -2.55       |
|    explained_variance   | 0.212       |
|    learning_rate        | 0.0003      |
|    loss                 | 2.01        |
|    n_updates            | 460         |
|    policy_gradient_loss | 0.00334     |
|    std                  | 0.853       |
|    value_loss           | 4.82        |
-----------------------------------------
-----------------------------------------
| paper/                  |             |
|    accel_variation      | 0.496       |
|    base_reward          | 107         |
|    collision            | 0           |
|    crash_object         | 0           |
|    crash_vehicle        | 0           |
|    episode_cost         | 0           |
|    episode_length       | 1200        |
|    jerk                 | 0.42        |
|    lane_deviation       | 0.345       |
|    max_lane_deviation   | 0.995       |
|    mean_speed_kmh       | 4.85        |
|    min_ttc              | 35.6        |
|    out_of_road          | 0           |
|    route_completion     | 0.413       |
|    shaped_reward        | -95.8       |
|    steering_variation   | 0.743       |
|    success              | 0           |
|    ttc_risk             | 0           |
| rollout/                |             |
|    ep_len_mean          | 739         |
|    ep_rew_mean          | -207        |
|    success_rate         | 0           |
| time/                   |             |
|    fps                  | 511         |
|    iterations           | 48          |
|    time_elapsed         | 384         |
|    total_timesteps      | 196608      |
| train/                  |             |
|    approx_kl            | 0.015766628 |
|    clip_fraction        | 0.197       |
|    clip_range           | 0.2         |
|    entropy_loss         | -2.5        |
|    explained_variance   | 0.553       |
|    learning_rate        | 0.0003      |
|    loss                 | 1.86        |
|    n_updates            | 470         |
|    policy_gradient_loss | 0.00346     |
|    std                  | 0.834       |
|    value_loss           | 5.26        |
-----------------------------------------
----------------------------------------
| paper/                  |            |
|    accel_variation      | 0.446      |
|    base_reward          | 168        |
|    collision            | 0          |
|    crash_object         | 0          |
|    crash_vehicle        | 0          |
|    episode_cost         | 0          |
|    episode_length       | 1200       |
|    jerk                 | 0.381      |
|    lane_deviation       | 0.238      |
|    max_lane_deviation   | 0.996      |
|    mean_speed_kmh       | 6.53       |
|    min_ttc              | 7.37       |
|    out_of_road          | 0          |
|    route_completion     | 0.376      |
|    shaped_reward        | -2.22      |
|    steering_variation   | 0.725      |
|    success              | 0          |
|    ttc_risk             | 0          |
| rollout/                |            |
|    ep_len_mean          | 745        |
|    ep_rew_mean          | -191       |
|    success_rate         | 0          |
| time/                   |            |
|    fps                  | 512        |
|    iterations           | 49         |
|    time_elapsed         | 391        |
|    total_timesteps      | 200704     |
| train/                  |            |
|    approx_kl            | 0.02934061 |
|    clip_fraction        | 0.207      |
|    clip_range           | 0.2        |
|    entropy_loss         | -2.44      |
|    explained_variance   | 0.465      |
|    learning_rate        | 0.0003     |
|    loss                 | 1.01       |
|    n_updates            | 480        |
|    policy_gradient_loss | -0.00144   |
|    std                  | 0.81       |
|    value_loss           | 3.17       |
----------------------------------------
-----------------------------------------
| paper/                  |             |
|    accel_variation      | 0.37        |
|    base_reward          | 231         |
|    collision            | 0           |
|    crash_object         | 0           |
|    crash_vehicle        | 0           |
|    episode_cost         | 0           |
|    episode_length       | 1200        |
|    jerk                 | 0.319       |
|    lane_deviation       | 0.322       |
|    max_lane_deviation   | 1.78        |
|    mean_speed_kmh       | 9.89        |
|    min_ttc              | nan         |
|    out_of_road          | 0           |
|    route_completion     | 0.55        |
|    shaped_reward        | 1.07        |
|    steering_variation   | 0.702       |
|    success              | 0           |
|    ttc_risk             | 0           |
| rollout/                |             |
|    ep_len_mean          | 745         |
|    ep_rew_mean          | -177        |
|    success_rate         | 0           |
| time/                   |             |
|    fps                  | 513         |
|    iterations           | 50          |
|    time_elapsed         | 398         |
|    total_timesteps      | 204800      |
| train/                  |             |
|    approx_kl            | 0.010024687 |
|    clip_fraction        | 0.157       |
|    clip_range           | 0.2         |
|    entropy_loss         | -2.4        |
|    explained_variance   | 0.656       |
|    learning_rate        | 0.0003      |
|    loss                 | 1.95        |
|    n_updates            | 490         |
|    policy_gradient_loss | -0.000154   |
|    std                  | 0.798       |
|    value_loss           | 5.46        |
-----------------------------------------
-----------------------------------------
| paper/                  |             |
|    accel_variation      | 0.356       |
|    base_reward          | 235         |
|    collision            | 0           |
|    crash_object         | 0           |
|    crash_vehicle        | 0           |
|    episode_cost         | 0           |
|    episode_length       | 1200        |
|    jerk                 | 0.31        |
|    lane_deviation       | 0.366       |
|    max_lane_deviation   | 1.06        |
|    mean_speed_kmh       | 11          |
|    min_ttc              | 7.12        |
|    out_of_road          | 0           |
|    route_completion     | 0.744       |
|    shaped_reward        | -4.92       |
|    steering_variation   | 0.7         |
|    success              | 0           |
|    ttc_risk             | 0           |
| rollout/                |             |
|    ep_len_mean          | 750         |
|    ep_rew_mean          | -165        |
|    success_rate         | 0           |
| time/                   |             |
|    fps                  | 513         |
|    iterations           | 51          |
|    time_elapsed         | 406         |
|    total_timesteps      | 208896      |
| train/                  |             |
|    approx_kl            | 0.023420826 |
|    clip_fraction        | 0.207       |
|    clip_range           | 0.2         |
|    entropy_loss         | -2.38       |
|    explained_variance   | 0.384       |
|    learning_rate        | 0.0003      |
|    loss                 | 3.38        |
|    n_updates            | 500         |
|    policy_gradient_loss | 0.00367     |
|    std                  | 0.792       |
|    value_loss           | 11.3        |
-----------------------------------------
-----------------------------------------
| paper/                  |             |
|    accel_variation      | 0.332       |
|    base_reward          | 115         |
|    collision            | 0           |
|    crash_object         | 0           |
|    crash_vehicle        | 0           |
|    episode_cost         | 1           |
|    episode_length       | 687         |
|    jerk                 | 0.287       |
|    lane_deviation       | 0.413       |
|    max_lane_deviation   | 1.12        |
|    mean_speed_kmh       | 12.3        |
|    min_ttc              | 14.5        |
|    out_of_road          | 1           |
|    route_completion     | 0.399       |
|    shaped_reward        | -151        |
|    steering_variation   | 0.642       |
|    success              | 0           |
|    ttc_risk             | 0           |
| rollout/                |             |
|    ep_len_mean          | 685         |
|    ep_rew_mean          | -155        |
|    success_rate         | 0           |
| time/                   |             |
|    fps                  | 510         |
|    iterations           | 52          |
|    time_elapsed         | 416         |
|    total_timesteps      | 212992      |
| train/                  |             |
|    approx_kl            | 0.039123993 |
|    clip_fraction        | 0.211       |
|    clip_range           | 0.2         |
|    entropy_loss         | -2.36       |
|    explained_variance   | 0.458       |
|    learning_rate        | 0.0003      |
|    loss                 | 1.2         |
|    n_updates            | 510         |
|    policy_gradient_loss | 0.00112     |
|    std                  | 0.783       |
|    value_loss           | 3.72        |
-----------------------------------------
-----------------------------------------
| paper/                  |             |
|    accel_variation      | 0.385       |
|    base_reward          | 49          |
|    collision            | 0           |
|    crash_object         | 0           |
|    crash_vehicle        | 0           |
|    episode_cost         | 1           |
|    episode_length       | 477         |
|    jerk                 | 0.331       |
|    lane_deviation       | 0.419       |
|    max_lane_deviation   | 1.03        |
|    mean_speed_kmh       | 7.67        |
|    min_ttc              | 2.14        |
|    out_of_road          | 1           |
|    route_completion     | 0.168       |
|    shaped_reward        | -192        |
|    steering_variation   | 0.702       |
|    success              | 0           |
|    ttc_risk             | 0.0142      |
| rollout/                |             |
|    ep_len_mean          | 646         |
|    ep_rew_mean          | -151        |
|    success_rate         | 0           |
| time/                   |             |
|    fps                  | 509         |
|    iterations           | 53          |
|    time_elapsed         | 426         |
|    total_timesteps      | 217088      |
| train/                  |             |
|    approx_kl            | 0.008289084 |
|    clip_fraction        | 0.208       |
|    clip_range           | 0.2         |
|    entropy_loss         | -2.35       |
|    explained_variance   | 0.133       |
|    learning_rate        | 0.0003      |
|    loss                 | 86.5        |
|    n_updates            | 520         |
|    policy_gradient_loss | 0.00521     |
|    std                  | 0.782       |
|    value_loss           | 202         |
-----------------------------------------
-----------------------------------------
| paper/                  |             |
|    accel_variation      | 0.355       |
|    base_reward          | 71.6        |
|    collision            | 0           |
|    crash_object         | 0           |
|    crash_vehicle        | 0           |
|    episode_cost         | 1           |
|    episode_length       | 514         |
|    jerk                 | 0.309       |
|    lane_deviation       | 0.333       |
|    max_lane_deviation   | 1.04        |
|    mean_speed_kmh       | 9.37        |
|    min_ttc              | 17.9        |
|    out_of_road          | 1           |
|    route_completion     | 0.216       |
|    shaped_reward        | -139        |
|    steering_variation   | 0.691       |
|    success              | 0           |
|    ttc_risk             | 0           |
| rollout/                |             |
|    ep_len_mean          | 641         |
|    ep_rew_mean          | -148        |
|    success_rate         | 0           |
| time/                   |             |
|    fps                  | 508         |
|    iterations           | 54          |
|    time_elapsed         | 435         |
|    total_timesteps      | 221184      |
| train/                  |             |
|    approx_kl            | 0.007048351 |
|    clip_fraction        | 0.0804      |
|    clip_range           | 0.2         |
|    entropy_loss         | -2.35       |
|    explained_variance   | 0.464       |
|    learning_rate        | 0.0003      |
|    loss                 | 68.4        |
|    n_updates            | 530         |
|    policy_gradient_loss | -0.00517    |
|    std                  | 0.782       |
|    value_loss           | 136         |
-----------------------------------------
-----------------------------------------
| paper/                  |             |
|    accel_variation      | 0.383       |
|    base_reward          | 251         |
|    collision            | 0           |
|    crash_object         | 0           |
|    crash_vehicle        | 0           |
|    episode_cost         | 0           |
|    episode_length       | 1200        |
|    jerk                 | 0.333       |
|    lane_deviation       | 0.21        |
|    max_lane_deviation   | 0.984       |
|    mean_speed_kmh       | 9.5         |
|    min_ttc              | nan         |
|    out_of_road          | 0           |
|    route_completion     | 0.562       |
|    shaped_reward        | 76.7        |
|    steering_variation   | 0.679       |
|    success              | 0           |
|    ttc_risk             | 0           |
| rollout/                |             |
|    ep_len_mean          | 663         |
|    ep_rew_mean          | -145        |
|    success_rate         | 0           |
| time/                   |             |
|    fps                  | 510         |
|    iterations           | 55          |
|    time_elapsed         | 441         |
|    total_timesteps      | 225280      |
| train/                  |             |
|    approx_kl            | 0.006585272 |
|    clip_fraction        | 0.0983      |
|    clip_range           | 0.2         |
|    entropy_loss         | -2.35       |
|    explained_variance   | 0.266       |
|    learning_rate        | 0.0003      |
|    loss                 | 58.8        |
|    n_updates            | 540         |
|    policy_gradient_loss | -0.0068     |
|    std                  | 0.782       |
|    value_loss           | 126         |
-----------------------------------------
------------------------------------------
| paper/                  |              |
|    accel_variation      | 0.362        |
|    base_reward          | 241          |
|    collision            | 0            |
|    crash_object         | 0            |
|    crash_vehicle        | 0            |
|    episode_cost         | 0            |
|    episode_length       | 1200         |
|    jerk                 | 0.309        |
|    lane_deviation       | 0.316        |
|    max_lane_deviation   | 0.997        |
|    mean_speed_kmh       | 10.4         |
|    min_ttc              | 5.4          |
|    out_of_road          | 0            |
|    route_completion     | 0.695        |
|    shaped_reward        | 28.8         |
|    steering_variation   | 0.688        |
|    success              | 0            |
|    ttc_risk             | 0.000134     |
| rollout/                |              |
|    ep_len_mean          | 690          |
|    ep_rew_mean          | -137         |
|    success_rate         | 0            |
| time/                   |              |
|    fps                  | 510          |
|    iterations           | 56           |
|    time_elapsed         | 449          |
|    total_timesteps      | 229376       |
| train/                  |              |
|    approx_kl            | 0.0050530382 |
|    clip_fraction        | 0.0923       |
|    clip_range           | 0.2          |
|    entropy_loss         | -2.35        |
|    explained_variance   | 0.315        |
|    learning_rate        | 0.0003       |
|    loss                 | 32.8         |
|    n_updates            | 550          |
|    policy_gradient_loss | -0.0034      |
|    std                  | 0.783        |
|    value_loss           | 34.1         |
------------------------------------------
------------------------------------------
| paper/                  |              |
|    accel_variation      | 0.352        |
|    base_reward          | 179          |
|    collision            | 0            |
|    crash_object         | 0            |
|    crash_vehicle        | 0            |
|    episode_cost         | 1            |
|    episode_length       | 1142         |
|    jerk                 | 0.305        |
|    lane_deviation       | 0.324        |
|    max_lane_deviation   | 1.21         |
|    mean_speed_kmh       | 10.3         |
|    min_ttc              | nan          |
|    out_of_road          | 1            |
|    route_completion     | 0.519        |
|    shaped_reward        | -144         |
|    steering_variation   | 0.659        |
|    success              | 0            |
|    ttc_risk             | 0            |
| rollout/                |              |
|    ep_len_mean          | 734          |
|    ep_rew_mean          | -133         |
|    success_rate         | 0            |
| time/                   |              |
|    fps                  | 510          |
|    iterations           | 57           |
|    time_elapsed         | 457          |
|    total_timesteps      | 233472       |
| train/                  |              |
|    approx_kl            | 0.0069232024 |
|    clip_fraction        | 0.104        |
|    clip_range           | 0.2          |
|    entropy_loss         | -2.34        |
|    explained_variance   | 0.136        |
|    learning_rate        | 0.0003       |
|    loss                 | 10.9         |
|    n_updates            | 560          |
|    policy_gradient_loss | -0.00166     |
|    std                  | 0.777        |
|    value_loss           | 27.4         |
------------------------------------------
----------------------------------------
| paper/                  |            |
|    accel_variation      | 0.359      |
|    base_reward          | 302        |
|    collision            | 0          |
|    crash_object         | 0          |
|    crash_vehicle        | 0          |
|    episode_cost         | 0          |
|    episode_length       | 1159       |
|    jerk                 | 0.316      |
|    lane_deviation       | 0.285      |
|    max_lane_deviation   | 0.998      |
|    mean_speed_kmh       | 12.5       |
|    min_ttc              | 33.9       |
|    out_of_road          | 0          |
|    route_completion     | 0.988      |
|    shaped_reward        | 136        |
|    steering_variation   | 0.645      |
|    success              | 1          |
|    ttc_risk             | 0          |
| rollout/                |            |
|    ep_len_mean          | 777        |
|    ep_rew_mean          | -122       |
|    success_rate         | 0.02       |
| time/                   |            |
|    fps                  | 511        |
|    iterations           | 58         |
|    time_elapsed         | 464        |
|    total_timesteps      | 237568     |
| train/                  |            |
|    approx_kl            | 0.00571663 |
|    clip_fraction        | 0.165      |
|    clip_range           | 0.2        |
|    entropy_loss         | -2.33      |
|    explained_variance   | 0.101      |
|    learning_rate        | 0.0003     |
|    loss                 | 25.6       |
|    n_updates            | 570        |
|    policy_gradient_loss | 0.00291    |
|    std                  | 0.774      |
|    value_loss           | 34.7       |
----------------------------------------
-----------------------------------------
| paper/                  |             |
|    accel_variation      | 0.293       |
|    base_reward          | 131         |
|    collision            | 0           |
|    crash_object         | 0           |
|    crash_vehicle        | 0           |
|    episode_cost         | 1           |
|    episode_length       | 589         |
|    jerk                 | 0.259       |
|    lane_deviation       | 0.312       |
|    max_lane_deviation   | 1.06        |
|    mean_speed_kmh       | 13.7        |
|    min_ttc              | nan         |
|    out_of_road          | 1           |
|    route_completion     | 0.543       |
|    shaped_reward        | -101        |
|    steering_variation   | 0.634       |
|    success              | 0           |
|    ttc_risk             | 0           |
| rollout/                |             |
|    ep_len_mean          | 813         |
|    ep_rew_mean          | -118        |
|    success_rate         | 0.02        |
| time/                   |             |
|    fps                  | 510         |
|    iterations           | 59          |
|    time_elapsed         | 472         |
|    total_timesteps      | 241664      |
| train/                  |             |
|    approx_kl            | 0.022237383 |
|    clip_fraction        | 0.168       |
|    clip_range           | 0.2         |
|    entropy_loss         | -2.32       |
|    explained_variance   | 0.206       |
|    learning_rate        | 0.0003      |
|    loss                 | 4.96        |
|    n_updates            | 580         |
|    policy_gradient_loss | 0.00307     |
|    std                  | 0.771       |
|    value_loss           | 22.4        |
-----------------------------------------
------------------------------------------
| paper/                  |              |
|    accel_variation      | 0.295        |
|    base_reward          | 189          |
|    collision            | 0            |
|    crash_object         | 0            |
|    crash_vehicle        | 0            |
|    episode_cost         | 1            |
|    episode_length       | 766          |
|    jerk                 | 0.269        |
|    lane_deviation       | 0.264        |
|    max_lane_deviation   | 1.07         |
|    mean_speed_kmh       | 13.7         |
|    min_ttc              | nan          |
|    out_of_road          | 1            |
|    route_completion     | 0.392        |
|    shaped_reward        | -77.4        |
|    steering_variation   | 0.63         |
|    success              | 0            |
|    ttc_risk             | 0            |
| rollout/                |              |
|    ep_len_mean          | 820          |
|    ep_rew_mean          | -115         |
|    success_rate         | 0.02         |
| time/                   |              |
|    fps                  | 508          |
|    iterations           | 60           |
|    time_elapsed         | 483          |
|    total_timesteps      | 245760       |
| train/                  |              |
|    approx_kl            | 0.0050999727 |
|    clip_fraction        | 0.115        |
|    clip_range           | 0.2          |
|    entropy_loss         | -2.32        |
|    explained_variance   | 0.144        |
|    learning_rate        | 0.0003       |
|    loss                 | 39.3         |
|    n_updates            | 590          |
|    policy_gradient_loss | -0.00394     |
|    std                  | 0.772        |
|    value_loss           | 121          |
------------------------------------------
-----------------------------------------
| paper/                  |             |
|    accel_variation      | 0.314       |
|    base_reward          | 265         |
|    collision            | 0           |
|    crash_object         | 0           |
|    crash_vehicle        | 0           |
|    episode_cost         | 0           |
|    episode_length       | 1200        |
|    jerk                 | 0.266       |
|    lane_deviation       | 0.392       |
|    max_lane_deviation   | 0.996       |
|    mean_speed_kmh       | 12.7        |
|    min_ttc              | 22.1        |
|    out_of_road          | 0           |
|    route_completion     | 0.846       |
|    shaped_reward        | 14.1        |
|    steering_variation   | 0.637       |
|    success              | 0           |
|    ttc_risk             | 0           |
| rollout/                |             |
|    ep_len_mean          | 858         |
|    ep_rew_mean          | -106        |
|    success_rate         | 0.02        |
| time/                   |             |
|    fps                  | 507         |
|    iterations           | 61          |
|    time_elapsed         | 492         |
|    total_timesteps      | 249856      |
| train/                  |             |
|    approx_kl            | 0.038018543 |
|    clip_fraction        | 0.17        |
|    clip_range           | 0.2         |
|    entropy_loss         | -2.31       |
|    explained_variance   | 0.229       |
|    learning_rate        | 0.0003      |
|    loss                 | 75.2        |
|    n_updates            | 600         |
|    policy_gradient_loss | -0.00581    |
|    std                  | 0.768       |
|    value_loss           | 93.8        |
-----------------------------------------
-----------------------------------------
| paper/                  |             |
|    accel_variation      | 0.314       |
|    base_reward          | 251         |
|    collision            | 0           |
|    crash_object         | 0           |
|    crash_vehicle        | 0           |
|    episode_cost         | 0           |
|    episode_length       | 1200        |
|    jerk                 | 0.288       |
|    lane_deviation       | 0.394       |
|    max_lane_deviation   | 1.57        |
|    mean_speed_kmh       | 12.3        |
|    min_ttc              | nan         |
|    out_of_road          | 0           |
|    route_completion     | 0.519       |
|    shaped_reward        | -18.6       |
|    steering_variation   | 0.668       |
|    success              | 0           |
|    ttc_risk             | 0           |
| rollout/                |             |
|    ep_len_mean          | 887         |
|    ep_rew_mean          | -101        |
|    success_rate         | 0.02        |
| time/                   |             |
|    fps                  | 506         |
|    iterations           | 62          |
|    time_elapsed         | 501         |
|    total_timesteps      | 253952      |
| train/                  |             |
|    approx_kl            | 0.015885932 |
|    clip_fraction        | 0.158       |
|    clip_range           | 0.2         |
|    entropy_loss         | -2.31       |
|    explained_variance   | 0.121       |
|    learning_rate        | 0.0003      |
|    loss                 | 9.88        |
|    n_updates            | 610         |
|    policy_gradient_loss | -0.00392    |
|    std                  | 0.765       |
|    value_loss           | 40.5        |
-----------------------------------------
----------------------------------------
| paper/                  |            |
|    accel_variation      | 0.324      |
|    base_reward          | 310        |
|    collision            | 0          |
|    crash_object         | 0          |
|    crash_vehicle        | 0          |
|    episode_cost         | 0          |
|    episode_length       | 1200       |
|    jerk                 | 0.284      |
|    lane_deviation       | 0.298      |
|    max_lane_deviation   | 1.16       |
|    mean_speed_kmh       | 13.6       |
|    min_ttc              | 8.88       |
|    out_of_road          | 0          |
|    route_completion     | 0.842      |
|    shaped_reward        | 73.4       |
|    steering_variation   | 0.656      |
|    success              | 0          |
|    ttc_risk             | 0          |
| rollout/                |            |
|    ep_len_mean          | 927        |
|    ep_rew_mean          | -91.2      |
|    success_rate         | 0.02       |
| time/                   |            |
|    fps                  | 506        |
|    iterations           | 63         |
|    time_elapsed         | 509        |
|    total_timesteps      | 258048     |
| train/                  |            |
|    approx_kl            | 0.03840757 |
|    clip_fraction        | 0.35       |
|    clip_range           | 0.2        |
|    entropy_loss         | -2.29      |
|    explained_variance   | 0.781      |
|    learning_rate        | 0.0003     |
|    loss                 | 1.94       |
|    n_updates            | 620        |
|    policy_gradient_loss | 0.0335     |
|    std                  | 0.754      |
|    value_loss           | 3.54       |
----------------------------------------
------------------------------------------
| paper/                  |              |
|    accel_variation      | 0.282        |
|    base_reward          | 177          |
|    collision            | 0            |
|    crash_object         | 0            |
|    crash_vehicle        | 0            |
|    episode_cost         | 1            |
|    episode_length       | 854          |
|    jerk                 | 0.258        |
|    lane_deviation       | 0.372        |
|    max_lane_deviation   | 1.52         |
|    mean_speed_kmh       | 14.2         |
|    min_ttc              | nan          |
|    out_of_road          | 1            |
|    route_completion     | 0.524        |
|    shaped_reward        | -133         |
|    steering_variation   | 0.645        |
|    success              | 0            |
|    ttc_risk             | 0            |
| rollout/                |              |
|    ep_len_mean          | 923          |
|    ep_rew_mean          | -80.8        |
|    success_rate         | 0.03         |
| time/                   |              |
|    fps                  | 504          |
|    iterations           | 64           |
|    time_elapsed         | 519          |
|    total_timesteps      | 262144       |
| train/                  |              |
|    approx_kl            | 0.0058362847 |
|    clip_fraction        | 0.148        |
|    clip_range           | 0.2          |
|    entropy_loss         | -2.27        |
|    explained_variance   | 0.28         |
|    learning_rate        | 0.0003       |
|    loss                 | 24.7         |
|    n_updates            | 630          |
|    policy_gradient_loss | 0.000455     |
|    std                  | 0.748        |
|    value_loss           | 46.7         |
------------------------------------------
------------------------------------------
| paper/                  |              |
|    accel_variation      | 0.313        |
|    base_reward          | 294          |
|    collision            | 0            |
|    crash_object         | 0            |
|    crash_vehicle        | 0            |
|    episode_cost         | 1            |
|    episode_length       | 1092         |
|    jerk                 | 0.29         |
|    lane_deviation       | 0.342        |
|    max_lane_deviation   | 1.65         |
|    mean_speed_kmh       | 16.1         |
|    min_ttc              | 7.65         |
|    out_of_road          | 1            |
|    route_completion     | 0.761        |
|    shaped_reward        | -80.6        |
|    steering_variation   | 0.624        |
|    success              | 0            |
|    ttc_risk             | 0            |
| rollout/                |              |
|    ep_len_mean          | 947          |
|    ep_rew_mean          | -77.6        |
|    success_rate         | 0.03         |
| time/                   |              |
|    fps                  | 505          |
|    iterations           | 65           |
|    time_elapsed         | 527          |
|    total_timesteps      | 266240       |
| train/                  |              |
|    approx_kl            | 0.0073201717 |
|    clip_fraction        | 0.102        |
|    clip_range           | 0.2          |
|    entropy_loss         | -2.25        |
|    explained_variance   | 0.233        |
|    learning_rate        | 0.0003       |
|    loss                 | 61.6         |
|    n_updates            | 640          |
|    policy_gradient_loss | -0.00182     |
|    std                  | 0.746        |
|    value_loss           | 114          |
------------------------------------------
----------------------------------------
| paper/                  |            |
|    accel_variation      | 0.375      |
|    base_reward          | 47.7       |
|    collision            | 0          |
|    crash_object         | 0          |
|    crash_vehicle        | 0          |
|    episode_cost         | 1          |
|    episode_length       | 384        |
|    jerk                 | 0.322      |
|    lane_deviation       | 0.321      |
|    max_lane_deviation   | 1.03       |
|    mean_speed_kmh       | 9.88       |
|    min_ttc              | 11.2       |
|    out_of_road          | 1          |
|    route_completion     | 0.143      |
|    shaped_reward        | -142       |
|    steering_variation   | 0.616      |
|    success              | 0          |
|    ttc_risk             | 0          |
| rollout/                |            |
|    ep_len_mean          | 950        |
|    ep_rew_mean          | -72.7      |
|    success_rate         | 0.04       |
| time/                   |            |
|    fps                  | 502        |
|    iterations           | 66         |
|    time_elapsed         | 538        |
|    total_timesteps      | 270336     |
| train/                  |            |
|    approx_kl            | 0.00438636 |
|    clip_fraction        | 0.0554     |
|    clip_range           | 0.2        |
|    entropy_loss         | -2.25      |
|    explained_variance   | 0.157      |
|    learning_rate        | 0.0003     |
|    loss                 | 23.3       |
|    n_updates            | 650        |
|    policy_gradient_loss | -0.00333   |
|    std                  | 0.743      |
|    value_loss           | 73.9       |
----------------------------------------
-----------------------------------------
| paper/                  |             |
|    accel_variation      | 0.34        |
|    base_reward          | 317         |
|    collision            | 0           |
|    crash_object         | 0           |
|    crash_vehicle        | 0           |
|    episode_cost         | 0           |
|    episode_length       | 1200        |
|    jerk                 | 0.301       |
|    lane_deviation       | 0.294       |
|    max_lane_deviation   | 1.02        |
|    mean_speed_kmh       | 14.2        |
|    min_ttc              | 9.3         |
|    out_of_road          | 0           |
|    route_completion     | 0.718       |
|    shaped_reward        | 77.1        |
|    steering_variation   | 0.631       |
|    success              | 0           |
|    ttc_risk             | 0           |
| rollout/                |             |
|    ep_len_mean          | 950         |
|    ep_rew_mean          | -60.1       |
|    success_rate         | 0.04        |
| time/                   |             |
|    fps                  | 500         |
|    iterations           | 67          |
|    time_elapsed         | 548         |
|    total_timesteps      | 274432      |
| train/                  |             |
|    approx_kl            | 0.016191967 |
|    clip_fraction        | 0.0697      |
|    clip_range           | 0.2         |
|    entropy_loss         | -2.24       |
|    explained_variance   | 0.191       |
|    learning_rate        | 0.0003      |
|    loss                 | 18.9        |
|    n_updates            | 660         |
|    policy_gradient_loss | -0.00315    |
|    std                  | 0.742       |
|    value_loss           | 78          |
-----------------------------------------
----------------------------------------
| paper/                  |            |
|    accel_variation      | 0.311      |
|    base_reward          | 291        |
|    collision            | 0          |
|    crash_object         | 0          |
|    crash_vehicle        | 0          |
|    episode_cost         | 0          |
|    episode_length       | 1200       |
|    jerk                 | 0.266      |
|    lane_deviation       | 0.338      |
|    max_lane_deviation   | 0.998      |
|    mean_speed_kmh       | 12.9       |
|    min_ttc              | 1.07       |
|    out_of_road          | 0          |
|    route_completion     | 0.676      |
|    shaped_reward        | -13.7      |
|    steering_variation   | 0.626      |
|    success              | 0          |
|    ttc_risk             | 0.0119     |
| rollout/                |            |
|    ep_len_mean          | 957        |
|    ep_rew_mean          | -51.5      |
|    success_rate         | 0.04       |
| time/                   |            |
|    fps                  | 499        |
|    iterations           | 68         |
|    time_elapsed         | 557        |
|    total_timesteps      | 278528     |
| train/                  |            |
|    approx_kl            | 0.02844899 |
|    clip_fraction        | 0.29       |
|    clip_range           | 0.2        |
|    entropy_loss         | -2.22      |
|    explained_variance   | 0.403      |
|    learning_rate        | 0.0003     |
|    loss                 | 3.06       |
|    n_updates            | 670        |
|    policy_gradient_loss | 0.0136     |
|    std                  | 0.729      |
|    value_loss           | 6.74       |
----------------------------------------
-----------------------------------------
| paper/                  |             |
|    accel_variation      | 0.305       |
|    base_reward          | 422         |
|    collision            | 0           |
|    crash_object         | 0           |
|    crash_vehicle        | 0           |
|    episode_cost         | 0           |
|    episode_length       | 1200        |
|    jerk                 | 0.271       |
|    lane_deviation       | 0.214       |
|    max_lane_deviation   | 0.83        |
|    mean_speed_kmh       | 15.9        |
|    min_ttc              | 10.9        |
|    out_of_road          | 0           |
|    route_completion     | 0.889       |
|    shaped_reward        | 177         |
|    steering_variation   | 0.625       |
|    success              | 0           |
|    ttc_risk             | 0           |
| rollout/                |             |
|    ep_len_mean          | 968         |
|    ep_rew_mean          | -41.6       |
|    success_rate         | 0.04        |
| time/                   |             |
|    fps                  | 497         |
|    iterations           | 69          |
|    time_elapsed         | 567         |
|    total_timesteps      | 282624      |
| train/                  |             |
|    approx_kl            | 0.020293567 |
|    clip_fraction        | 0.22        |
|    clip_range           | 0.2         |
|    entropy_loss         | -2.19       |
|    explained_variance   | 0.648       |
|    learning_rate        | 0.0003      |
|    loss                 | 1.52        |
|    n_updates            | 680         |
|    policy_gradient_loss | 0.00656     |
|    std                  | 0.721       |
|    value_loss           | 5.79        |
-----------------------------------------
----------------------------------------
| paper/                  |            |
|    accel_variation      | 0.335      |
|    base_reward          | 354        |
|    collision            | 0          |
|    crash_object         | 0          |
|    crash_vehicle        | 0          |
|    episode_cost         | 0          |
|    episode_length       | 1200       |
|    jerk                 | 0.297      |
|    lane_deviation       | 0.252      |
|    max_lane_deviation   | 0.708      |
|    mean_speed_kmh       | 14.1       |
|    min_ttc              | 5.59       |
|    out_of_road          | 0          |
|    route_completion     | 0.891      |
|    shaped_reward        | 130        |
|    steering_variation   | 0.621      |
|    success              | 0          |
|    ttc_risk             | 7.57e-05   |
| rollout/                |            |
|    ep_len_mean          | 965        |
|    ep_rew_mean          | -34.7      |
|    success_rate         | 0.04       |
| time/                   |            |
|    fps                  | 496        |
|    iterations           | 70         |
|    time_elapsed         | 577        |
|    total_timesteps      | 286720     |
| train/                  |            |
|    approx_kl            | 0.02001432 |
|    clip_fraction        | 0.253      |
|    clip_range           | 0.2        |
|    entropy_loss         | -2.16      |
|    explained_variance   | 0.779      |
|    learning_rate        | 0.0003     |
|    loss                 | 1.16       |
|    n_updates            | 690        |
|    policy_gradient_loss | 0.011      |
|    std                  | 0.707      |
|    value_loss           | 2.31       |
----------------------------------------
------------------------------------------
| paper/                  |              |
|    accel_variation      | 0.334        |
|    base_reward          | 405          |
|    collision            | 0            |
|    crash_object         | 0            |
|    crash_vehicle        | 0            |
|    episode_cost         | 0            |
|    episode_length       | 1200         |
|    jerk                 | 0.295        |
|    lane_deviation       | 0.228        |
|    max_lane_deviation   | 0.846        |
|    mean_speed_kmh       | 15.8         |
|    min_ttc              | 8.01         |
|    out_of_road          | 0            |
|    route_completion     | 0.884        |
|    shaped_reward        | 165          |
|    steering_variation   | 0.59         |
|    success              | 0            |
|    ttc_risk             | 0            |
| rollout/                |              |
|    ep_len_mean          | 960          |
|    ep_rew_mean          | -28.4        |
|    success_rate         | 0.04         |
| time/                   |              |
|    fps                  | 494          |
|    iterations           | 71           |
|    time_elapsed         | 587          |
|    total_timesteps      | 290816       |
| train/                  |              |
|    approx_kl            | 0.0038140654 |
|    clip_fraction        | 0.113        |
|    clip_range           | 0.2          |
|    entropy_loss         | -2.14        |
|    explained_variance   | 0.123        |
|    learning_rate        | 0.0003       |
|    loss                 | 5.8          |
|    n_updates            | 700          |
|    policy_gradient_loss | 8.43e-06     |
|    std                  | 0.706        |
|    value_loss           | 40.8         |
------------------------------------------
-----------------------------------------
| paper/                  |             |
|    accel_variation      | 0.341       |
|    base_reward          | 404         |
|    collision            | 0           |
|    crash_object         | 0           |
|    crash_vehicle        | 0           |
|    episode_cost         | 0           |
|    episode_length       | 1200        |
|    jerk                 | 0.294       |
|    lane_deviation       | 0.176       |
|    max_lane_deviation   | 0.839       |
|    mean_speed_kmh       | 14.5        |
|    min_ttc              | 21.1        |
|    out_of_road          | 0           |
|    route_completion     | 0.935       |
|    shaped_reward        | 183         |
|    steering_variation   | 0.605       |
|    success              | 0           |
|    ttc_risk             | 0           |
| rollout/                |             |
|    ep_len_mean          | 956         |
|    ep_rew_mean          | -24.2       |
|    success_rate         | 0.05        |
| time/                   |             |
|    fps                  | 494         |
|    iterations           | 72          |
|    time_elapsed         | 596         |
|    total_timesteps      | 294912      |
| train/                  |             |
|    approx_kl            | 0.029299531 |
|    clip_fraction        | 0.126       |
|    clip_range           | 0.2         |
|    entropy_loss         | -2.13       |
|    explained_variance   | 0.294       |
|    learning_rate        | 0.0003      |
|    loss                 | 5.97        |
|    n_updates            | 710         |
|    policy_gradient_loss | -0.00369    |
|    std                  | 0.7         |
|    value_loss           | 25.9        |
-----------------------------------------
-----------------------------------------
| paper/                  |             |
|    accel_variation      | 0.346       |
|    base_reward          | 338         |
|    collision            | 0           |
|    crash_object         | 0           |
|    crash_vehicle        | 0           |
|    episode_cost         | 0           |
|    episode_length       | 1200        |
|    jerk                 | 0.302       |
|    lane_deviation       | 0.245       |
|    max_lane_deviation   | 0.998       |
|    mean_speed_kmh       | 13.3        |
|    min_ttc              | 2.59        |
|    out_of_road          | 0           |
|    route_completion     | 0.884       |
|    shaped_reward        | 99.4        |
|    steering_variation   | 0.643       |
|    success              | 0           |
|    ttc_risk             | 0.00269     |
| rollout/                |             |
|    ep_len_mean          | 956         |
|    ep_rew_mean          | -19.1       |
|    success_rate         | 0.06        |
| time/                   |             |
|    fps                  | 493         |
|    iterations           | 73          |
|    time_elapsed         | 605         |
|    total_timesteps      | 299008      |
| train/                  |             |
|    approx_kl            | 0.025868941 |
|    clip_fraction        | 0.194       |
|    clip_range           | 0.2         |
|    entropy_loss         | -2.12       |
|    explained_variance   | 0.315       |
|    learning_rate        | 0.0003      |
|    loss                 | 28.4        |
|    n_updates            | 720         |
|    policy_gradient_loss | -0.00232    |
|    std                  | 0.7         |
|    value_loss           | 45          |
-----------------------------------------
-----------------------------------------
| paper/                  |             |
|    accel_variation      | 0.323       |
|    base_reward          | 289         |
|    collision            | 0           |
|    crash_object         | 0           |
|    crash_vehicle        | 0           |
|    episode_cost         | 0           |
|    episode_length       | 1200        |
|    jerk                 | 0.278       |
|    lane_deviation       | 0.347       |
|    max_lane_deviation   | 1.16        |
|    mean_speed_kmh       | 15.6        |
|    min_ttc              | nan         |
|    out_of_road          | 0           |
|    route_completion     | 0.974       |
|    shaped_reward        | 49.5        |
|    steering_variation   | 0.581       |
|    success              | 0           |
|    ttc_risk             | 0           |
| rollout/                |             |
|    ep_len_mean          | 952         |
|    ep_rew_mean          | -16.8       |
|    success_rate         | 0.06        |
| time/                   |             |
|    fps                  | 493         |
|    iterations           | 74          |
|    time_elapsed         | 613         |
|    total_timesteps      | 303104      |
| train/                  |             |
|    approx_kl            | 0.042744126 |
|    clip_fraction        | 0.415       |
|    clip_range           | 0.2         |
|    entropy_loss         | -2.11       |
|    explained_variance   | 0.617       |
|    learning_rate        | 0.0003      |
|    loss                 | 10.8        |
|    n_updates            | 730         |
|    policy_gradient_loss | 0.0389      |
|    std                  | 0.694       |
|    value_loss           | 11.4        |
-----------------------------------------
----------------------------------------
| paper/                  |            |
|    accel_variation      | 0.344      |
|    base_reward          | 356        |
|    collision            | 0          |
|    crash_object         | 0          |
|    crash_vehicle        | 0          |
|    episode_cost         | 0          |
|    episode_length       | 1066       |
|    jerk                 | 0.321      |
|    lane_deviation       | 0.26       |
|    max_lane_deviation   | 0.969      |
|    mean_speed_kmh       | 15.1       |
|    min_ttc              | 3.2        |
|    out_of_road          | 0          |
|    route_completion     | 0.989      |
|    shaped_reward        | 177        |
|    steering_variation   | 0.585      |
|    success              | 1          |
|    ttc_risk             | 0.0016     |
| rollout/                |            |
|    ep_len_mean          | 969        |
|    ep_rew_mean          | -11        |
|    success_rate         | 0.07       |
| time/                   |            |
|    fps                  | 494        |
|    iterations           | 75         |
|    time_elapsed         | 621        |
|    total_timesteps      | 307200     |
| train/                  |            |
|    approx_kl            | 0.02026685 |
|    clip_fraction        | 0.149      |
|    clip_range           | 0.2        |
|    entropy_loss         | -2.1       |
|    explained_variance   | 0.194      |
|    learning_rate        | 0.0003     |
|    loss                 | 19.8       |
|    n_updates            | 740        |
|    policy_gradient_loss | -0.00442   |
|    std                  | 0.688      |
|    value_loss           | 42.1       |
----------------------------------------
----------------------------------------
| paper/                  |            |
|    accel_variation      | 0.348      |
|    base_reward          | 421        |
|    collision            | 0          |
|    crash_object         | 0          |
|    crash_vehicle        | 0          |
|    episode_cost         | 0          |
|    episode_length       | 1200       |
|    jerk                 | 0.304      |
|    lane_deviation       | 0.282      |
|    max_lane_deviation   | 1.08       |
|    mean_speed_kmh       | 17.7       |
|    min_ttc              | nan        |
|    out_of_road          | 0          |
|    route_completion     | 0.948      |
|    shaped_reward        | 146        |
|    steering_variation   | 0.571      |
|    success              | 0          |
|    ttc_risk             | 0          |
| rollout/                |            |
|    ep_len_mean          | 991        |
|    ep_rew_mean          | -2.71      |
|    success_rate         | 0.09       |
| time/                   |            |
|    fps                  | 492        |
|    iterations           | 76         |
|    time_elapsed         | 631        |
|    total_timesteps      | 311296     |
| train/                  |            |
|    approx_kl            | 0.03648725 |
|    clip_fraction        | 0.171      |
|    clip_range           | 0.2        |
|    entropy_loss         | -2.08      |
|    explained_variance   | 0.53       |
|    learning_rate        | 0.0003     |
|    loss                 | 2.39       |
|    n_updates            | 750        |
|    policy_gradient_loss | -0.000219  |
|    std                  | 0.681      |
|    value_loss           | 9.33       |
----------------------------------------
------------------------------------------
| paper/                  |              |
|    accel_variation      | 0.332        |
|    base_reward          | 127          |
|    collision            | 0            |
|    crash_object         | 0            |
|    crash_vehicle        | 0            |
|    episode_cost         | 1            |
|    episode_length       | 589          |
|    jerk                 | 0.28         |
|    lane_deviation       | 0.405        |
|    max_lane_deviation   | 1.43         |
|    mean_speed_kmh       | 17           |
|    min_ttc              | 7.24         |
|    out_of_road          | 1            |
|    route_completion     | 0.404        |
|    shaped_reward        | -137         |
|    steering_variation   | 0.622        |
|    success              | 0            |
|    ttc_risk             | 0            |
| rollout/                |              |
|    ep_len_mean          | 1.02e+03     |
|    ep_rew_mean          | 8.06         |
|    success_rate         | 0.11         |
| time/                   |              |
|    fps                  | 491          |
|    iterations           | 77           |
|    time_elapsed         | 642          |
|    total_timesteps      | 315392       |
| train/                  |              |
|    approx_kl            | 0.0062769884 |
|    clip_fraction        | 0.199        |
|    clip_range           | 0.2          |
|    entropy_loss         | -2.07        |
|    explained_variance   | 0.358        |
|    learning_rate        | 0.0003       |
|    loss                 | 9.89         |
|    n_updates            | 760          |
|    policy_gradient_loss | 0.00145      |
|    std                  | 0.683        |
|    value_loss           | 38.1         |
------------------------------------------
------------------------------------------
| paper/                  |              |
|    accel_variation      | 0.331        |
|    base_reward          | 363          |
|    collision            | 0            |
|    crash_object         | 0            |
|    crash_vehicle        | 0            |
|    episode_cost         | 0            |
|    episode_length       | 1200         |
|    jerk                 | 0.3          |
|    lane_deviation       | 0.332        |
|    max_lane_deviation   | 1.26         |
|    mean_speed_kmh       | 15.8         |
|    min_ttc              | 0.736        |
|    out_of_road          | 0            |
|    route_completion     | 0.919        |
|    shaped_reward        | 41.3         |
|    steering_variation   | 0.602        |
|    success              | 0            |
|    ttc_risk             | 0.00948      |
| rollout/                |              |
|    ep_len_mean          | 1.04e+03     |
|    ep_rew_mean          | 18.9         |
|    success_rate         | 0.13         |
| time/                   |              |
|    fps                  | 490          |
|    iterations           | 78           |
|    time_elapsed         | 650          |
|    total_timesteps      | 319488       |
| train/                  |              |
|    approx_kl            | 0.0055683563 |
|    clip_fraction        | 0.0562       |
|    clip_range           | 0.2          |
|    entropy_loss         | -2.07        |
|    explained_variance   | 0.324        |
|    learning_rate        | 0.0003       |
|    loss                 | 12.5         |
|    n_updates            | 770          |
|    policy_gradient_loss | -0.00263     |
|    std                  | 0.682        |
|    value_loss           | 40.1         |
------------------------------------------
-----------------------------------------
| paper/                  |             |
|    accel_variation      | 0.317       |
|    base_reward          | 342         |
|    collision            | 0           |
|    crash_object         | 0           |
|    crash_vehicle        | 0           |
|    episode_cost         | 0           |
|    episode_length       | 1200        |
|    jerk                 | 0.294       |
|    lane_deviation       | 0.322       |
|    max_lane_deviation   | 1.07        |
|    mean_speed_kmh       | 15.7        |
|    min_ttc              | 3.23        |
|    out_of_road          | 0           |
|    route_completion     | 0.955       |
|    shaped_reward        | 54.8        |
|    steering_variation   | 0.571       |
|    success              | 0           |
|    ttc_risk             | 0.00667     |
| rollout/                |             |
|    ep_len_mean          | 1.05e+03    |
|    ep_rew_mean          | 28.5        |
|    success_rate         | 0.15        |
| time/                   |             |
|    fps                  | 490         |
|    iterations           | 79          |
|    time_elapsed         | 659         |
|    total_timesteps      | 323584      |
| train/                  |             |
|    approx_kl            | 0.005515143 |
|    clip_fraction        | 0.135       |
|    clip_range           | 0.2         |
|    entropy_loss         | -2.07       |
|    explained_variance   | 0.626       |
|    learning_rate        | 0.0003      |
|    loss                 | 8.94        |
|    n_updates            | 780         |
|    policy_gradient_loss | -0.000377   |
|    std                  | 0.678       |
|    value_loss           | 15.4        |
-----------------------------------------
------------------------------------------
| paper/                  |              |
|    accel_variation      | 0.348        |
|    base_reward          | 224          |
|    collision            | 0            |
|    crash_object         | 0            |
|    crash_vehicle        | 0            |
|    episode_cost         | 1            |
|    episode_length       | 688          |
|    jerk                 | 0.317        |
|    lane_deviation       | 0.238        |
|    max_lane_deviation   | 1.11         |
|    mean_speed_kmh       | 16.2         |
|    min_ttc              | 22.8         |
|    out_of_road          | 1            |
|    route_completion     | 0.6          |
|    shaped_reward        | -40.8        |
|    steering_variation   | 0.632        |
|    success              | 0            |
|    ttc_risk             | 0            |
| rollout/                |              |
|    ep_len_mean          | 1.05e+03     |
|    ep_rew_mean          | 33.3         |
|    success_rate         | 0.15         |
| time/                   |              |
|    fps                  | 489          |
|    iterations           | 80           |
|    time_elapsed         | 669          |
|    total_timesteps      | 327680       |
| train/                  |              |
|    approx_kl            | 0.0051371343 |
|    clip_fraction        | 0.0736       |
|    clip_range           | 0.2          |
|    entropy_loss         | -2.05        |
|    explained_variance   | 0.626        |
|    learning_rate        | 0.0003       |
|    loss                 | 4.97         |
|    n_updates            | 790          |
|    policy_gradient_loss | -0.00182     |
|    std                  | 0.673        |
|    value_loss           | 16.1         |
------------------------------------------
-----------------------------------------
| paper/                  |             |
|    accel_variation      | 0.346       |
|    base_reward          | 69.5        |
|    collision            | 0           |
|    crash_object         | 0           |
|    crash_vehicle        | 0           |
|    episode_cost         | 1           |
|    episode_length       | 296         |
|    jerk                 | 0.306       |
|    lane_deviation       | 0.259       |
|    max_lane_deviation   | 1.11        |
|    mean_speed_kmh       | 15.6        |
|    min_ttc              | 13.5        |
|    out_of_road          | 1           |
|    route_completion     | 0.221       |
|    shaped_reward        | -112        |
|    steering_variation   | 0.572       |
|    success              | 0           |
|    ttc_risk             | 0           |
| rollout/                |             |
|    ep_len_mean          | 1.05e+03    |
|    ep_rew_mean          | 34.7        |
|    success_rate         | 0.15        |
| time/                   |             |
|    fps                  | 488         |
|    iterations           | 81          |
|    time_elapsed         | 678         |
|    total_timesteps      | 331776      |
| train/                  |             |
|    approx_kl            | 0.039891563 |
|    clip_fraction        | 0.156       |
|    clip_range           | 0.2         |
|    entropy_loss         | -2.04       |
|    explained_variance   | 0.171       |
|    learning_rate        | 0.0003      |
|    loss                 | 30.2        |
|    n_updates            | 800         |
|    policy_gradient_loss | -0.000654   |
|    std                  | 0.672       |
|    value_loss           | 48.1        |
-----------------------------------------
-----------------------------------------
| paper/                  |             |
|    accel_variation      | 0.292       |
|    base_reward          | 324         |
|    collision            | 0           |
|    crash_object         | 0           |
|    crash_vehicle        | 0           |
|    episode_cost         | 0           |
|    episode_length       | 1200        |
|    jerk                 | 0.273       |
|    lane_deviation       | 0.361       |
|    max_lane_deviation   | 1.37        |
|    mean_speed_kmh       | 17.1        |
|    min_ttc              | 12.5        |
|    out_of_road          | 0           |
|    route_completion     | 0.705       |
|    shaped_reward        | 40.9        |
|    steering_variation   | 0.559       |
|    success              | 0           |
|    ttc_risk             | 0           |
| rollout/                |             |
|    ep_len_mean          | 1.04e+03    |
|    ep_rew_mean          | 32.6        |
|    success_rate         | 0.16        |
| time/                   |             |
|    fps                  | 485         |
|    iterations           | 82          |
|    time_elapsed         | 691         |
|    total_timesteps      | 335872      |
| train/                  |             |
|    approx_kl            | 0.006922802 |
|    clip_fraction        | 0.0991      |
|    clip_range           | 0.2         |
|    entropy_loss         | -2.04       |
|    explained_variance   | 0.212       |
|    learning_rate        | 0.0003      |
|    loss                 | 20.4        |
|    n_updates            | 810         |
|    policy_gradient_loss | -0.00484    |
|    std                  | 0.672       |
|    value_loss           | 134         |
-----------------------------------------
------------------------------------------
| paper/                  |              |
|    accel_variation      | 0.317        |
|    base_reward          | 451          |
|    collision            | 0            |
|    crash_object         | 0            |
|    crash_vehicle        | 0            |
|    episode_cost         | 0            |
|    episode_length       | 1200         |
|    jerk                 | 0.282        |
|    lane_deviation       | 0.213        |
|    max_lane_deviation   | 0.717        |
|    mean_speed_kmh       | 16.9         |
|    min_ttc              | 42.8         |
|    out_of_road          | 0            |
|    route_completion     | 0.736        |
|    shaped_reward        | 191          |
|    steering_variation   | 0.571        |
|    success              | 0            |
|    ttc_risk             | 0            |
| rollout/                |              |
|    ep_len_mean          | 1.03e+03     |
|    ep_rew_mean          | 35.8         |
|    success_rate         | 0.16         |
| time/                   |              |
|    fps                  | 484          |
|    iterations           | 83           |
|    time_elapsed         | 701          |
|    total_timesteps      | 339968       |
| train/                  |              |
|    approx_kl            | 0.0032380582 |
|    clip_fraction        | 0.0824       |
|    clip_range           | 0.2          |
|    entropy_loss         | -2.04        |
|    explained_variance   | 0.167        |
|    learning_rate        | 0.0003       |
|    loss                 | 19.8         |
|    n_updates            | 820          |
|    policy_gradient_loss | -0.000572    |
|    std                  | 0.673        |
|    value_loss           | 112          |
------------------------------------------
-----------------------------------------
| paper/                  |             |
|    accel_variation      | 0.348       |
|    base_reward          | 67.8        |
|    collision            | 1           |
|    crash_object         | 0           |
|    crash_vehicle        | 1           |
|    episode_cost         | 1           |
|    episode_length       | 280         |
|    jerk                 | 0.336       |
|    lane_deviation       | 0.272       |
|    max_lane_deviation   | 0.711       |
|    mean_speed_kmh       | 13.3        |
|    min_ttc              | 0.469       |
|    out_of_road          | 0           |
|    route_completion     | 0.213       |
|    shaped_reward        | -112        |
|    steering_variation   | 0.594       |
|    success              | 0           |
|    ttc_risk             | 0.0038      |
| rollout/                |             |
|    ep_len_mean          | 1.03e+03    |
|    ep_rew_mean          | 37.4        |
|    success_rate         | 0.15        |
| time/                   |             |
|    fps                  | 484         |
|    iterations           | 84          |
|    time_elapsed         | 710         |
|    total_timesteps      | 344064      |
| train/                  |             |
|    approx_kl            | 0.015947863 |
|    clip_fraction        | 0.284       |
|    clip_range           | 0.2         |
|    entropy_loss         | -2.04       |
|    explained_variance   | 0.195       |
|    learning_rate        | 0.0003      |
|    loss                 | 7.62        |
|    n_updates            | 830         |
|    policy_gradient_loss | 0.00737     |
|    std                  | 0.669       |
|    value_loss           | 40.1        |
-----------------------------------------
-----------------------------------------
| paper/                  |             |
|    accel_variation      | 0.318       |
|    base_reward          | 432         |
|    collision            | 0           |
|    crash_object         | 0           |
|    crash_vehicle        | 0           |
|    episode_cost         | 0           |
|    episode_length       | 1200        |
|    jerk                 | 0.273       |
|    lane_deviation       | 0.24        |
|    max_lane_deviation   | 0.948       |
|    mean_speed_kmh       | 16.5        |
|    min_ttc              | 8.52        |
|    out_of_road          | 0           |
|    route_completion     | 0.833       |
|    shaped_reward        | 174         |
|    steering_variation   | 0.56        |
|    success              | 0           |
|    ttc_risk             | 0           |
| rollout/                |             |
|    ep_len_mean          | 1.03e+03    |
|    ep_rew_mean          | 43.2        |
|    success_rate         | 0.15        |
| time/                   |             |
|    fps                  | 483         |
|    iterations           | 85          |
|    time_elapsed         | 719         |
|    total_timesteps      | 348160      |
| train/                  |             |
|    approx_kl            | 0.009441098 |
|    clip_fraction        | 0.0985      |
|    clip_range           | 0.2         |
|    entropy_loss         | -2.03       |
|    explained_variance   | 0.233       |
|    learning_rate        | 0.0003      |
|    loss                 | 61.6        |
|    n_updates            | 840         |
|    policy_gradient_loss | -0.00379    |
|    std                  | 0.668       |
|    value_loss           | 94.8        |
-----------------------------------------
---------------------------------------
| paper/                  |           |
|    accel_variation      | 0.375     |
|    base_reward          | 363       |
|    collision            | 0         |
|    crash_object         | 0         |
|    crash_vehicle        | 0         |
|    episode_cost         | 0         |
|    episode_length       | 908       |
|    jerk                 | 0.334     |
|    lane_deviation       | 0.234     |
|    max_lane_deviation   | 0.991     |
|    mean_speed_kmh       | 17.6      |
|    min_ttc              | nan       |
|    out_of_road          | 0         |
|    route_completion     | 0.99      |
|    shaped_reward        | 211       |
|    steering_variation   | 0.528     |
|    success              | 1         |
|    ttc_risk             | 0         |
| rollout/                |           |
|    ep_len_mean          | 1.04e+03  |
|    ep_rew_mean          | 49.4      |
|    success_rate         | 0.17      |
| time/                   |           |
|    fps                  | 484       |
|    iterations           | 86        |
|    time_elapsed         | 727       |
|    total_timesteps      | 352256    |
| train/                  |           |
|    approx_kl            | 0.0863049 |
|    clip_fraction        | 0.176     |
|    clip_range           | 0.2       |
|    entropy_loss         | -2.03     |
|    explained_variance   | 0.263     |
|    learning_rate        | 0.0003    |
|    loss                 | 16.3      |
|    n_updates            | 850       |
|    policy_gradient_loss | 0.00135   |
|    std                  | 0.668     |
|    value_loss           | 47.2      |
---------------------------------------
--------------------------------------
| paper/                  |          |
|    accel_variation      | 0.305    |
|    base_reward          | 374      |
|    collision            | 0        |
|    crash_object         | 0        |
|    crash_vehicle        | 0        |
|    episode_cost         | 0        |
|    episode_length       | 1151     |
|    jerk                 | 0.278    |
|    lane_deviation       | 0.265    |
|    max_lane_deviation   | 0.979    |
|    mean_speed_kmh       | 15.7     |
|    min_ttc              | 0.774    |
|    out_of_road          | 0        |
|    route_completion     | 0.991    |
|    shaped_reward        | 114      |
|    steering_variation   | 0.562    |
|    success              | 1        |
|    ttc_risk             | 0.0153   |
| rollout/                |          |
|    ep_len_mean          | 1.03e+03 |
|    ep_rew_mean          | 54.5     |
|    success_rate         | 0.2      |
| time/                   |          |
|    fps                  | 484      |
|    iterations           | 87       |
|    time_elapsed         | 735      |
|    total_timesteps      | 356352   |
| train/                  |          |
|    approx_kl            | 0.081487 |
|    clip_fraction        | 0.245    |
|    clip_range           | 0.2      |
|    entropy_loss         | -2.03    |
|    explained_variance   | 0.486    |
|    learning_rate        | 0.0003   |
|    loss                 | 7.99     |
|    n_updates            | 860      |
|    policy_gradient_loss | 0.00585  |
|    std                  | 0.667    |
|    value_loss           | 29.7     |
--------------------------------------
----------------------------------------
| paper/                  |            |
|    accel_variation      | 0.353      |
|    base_reward          | 389        |
|    collision            | 0          |
|    crash_object         | 0          |
|    crash_vehicle        | 0          |
|    episode_cost         | 0          |
|    episode_length       | 1170       |
|    jerk                 | 0.338      |
|    lane_deviation       | 0.261      |
|    max_lane_deviation   | 1.02       |
|    mean_speed_kmh       | 16.8       |
|    min_ttc              | 2.92       |
|    out_of_road          | 0          |
|    route_completion     | 0.99       |
|    shaped_reward        | 184        |
|    steering_variation   | 0.561      |
|    success              | 1          |
|    ttc_risk             | 0.00221    |
| rollout/                |            |
|    ep_len_mean          | 1.03e+03   |
|    ep_rew_mean          | 56.5       |
|    success_rate         | 0.22       |
| time/                   |            |
|    fps                  | 483        |
|    iterations           | 88         |
|    time_elapsed         | 744        |
|    total_timesteps      | 360448     |
| train/                  |            |
|    approx_kl            | 0.03674643 |
|    clip_fraction        | 0.238      |
|    clip_range           | 0.2        |
|    entropy_loss         | -2.02      |
|    explained_variance   | 0.401      |
|    learning_rate        | 0.0003     |
|    loss                 | 27.1       |
|    n_updates            | 870        |
|    policy_gradient_loss | 0.00852    |
|    std                  | 0.663      |
|    value_loss           | 64.7       |
----------------------------------------
------------------------------------------
| paper/                  |              |
|    accel_variation      | 0.331        |
|    base_reward          | 389          |
|    collision            | 0            |
|    crash_object         | 0            |
|    crash_vehicle        | 0            |
|    episode_cost         | 0            |
|    episode_length       | 1200         |
|    jerk                 | 0.31         |
|    lane_deviation       | 0.287        |
|    max_lane_deviation   | 1.01         |
|    mean_speed_kmh       | 16.6         |
|    min_ttc              | 2.89         |
|    out_of_road          | 0            |
|    route_completion     | 0.949        |
|    shaped_reward        | 108          |
|    steering_variation   | 0.568        |
|    success              | 0            |
|    ttc_risk             | 0.00415      |
| rollout/                |              |
|    ep_len_mean          | 1.05e+03     |
|    ep_rew_mean          | 65.2         |
|    success_rate         | 0.25         |
| time/                   |              |
|    fps                  | 483          |
|    iterations           | 89           |
|    time_elapsed         | 754          |
|    total_timesteps      | 364544       |
| train/                  |              |
|    approx_kl            | 0.0078392485 |
|    clip_fraction        | 0.168        |
|    clip_range           | 0.2          |
|    entropy_loss         | -2.01        |
|    explained_variance   | 0.325        |
|    learning_rate        | 0.0003       |
|    loss                 | 16.6         |
|    n_updates            | 880          |
|    policy_gradient_loss | 0.000749     |
|    std                  | 0.663        |
|    value_loss           | 67.6         |
------------------------------------------
------------------------------------------
| paper/                  |              |
|    accel_variation      | 0.315        |
|    base_reward          | 444          |
|    collision            | 0            |
|    crash_object         | 0            |
|    crash_vehicle        | 0            |
|    episode_cost         | 0            |
|    episode_length       | 1200         |
|    jerk                 | 0.294        |
|    lane_deviation       | 0.229        |
|    max_lane_deviation   | 1.03         |
|    mean_speed_kmh       | 17.1         |
|    min_ttc              | 10.9         |
|    out_of_road          | 0            |
|    route_completion     | 0.854        |
|    shaped_reward        | 178          |
|    steering_variation   | 0.581        |
|    success              | 0            |
|    ttc_risk             | 0            |
| rollout/                |              |
|    ep_len_mean          | 1.05e+03     |
|    ep_rew_mean          | 73.2         |
|    success_rate         | 0.25         |
| time/                   |              |
|    fps                  | 481          |
|    iterations           | 90           |
|    time_elapsed         | 764          |
|    total_timesteps      | 368640       |
| train/                  |              |
|    approx_kl            | 0.0042666486 |
|    clip_fraction        | 0.119        |
|    clip_range           | 0.2          |
|    entropy_loss         | -2.01        |
|    explained_variance   | 0.599        |
|    learning_rate        | 0.0003       |
|    loss                 | 7.47         |
|    n_updates            | 890          |
|    policy_gradient_loss | 0.00182      |
|    std                  | 0.661        |
|    value_loss           | 18.1         |
------------------------------------------
-----------------------------------------
| paper/                  |             |
|    accel_variation      | 0.352       |
|    base_reward          | 412         |
|    collision            | 0           |
|    crash_object         | 0           |
|    crash_vehicle        | 0           |
|    episode_cost         | 0           |
|    episode_length       | 1200        |
|    jerk                 | 0.321       |
|    lane_deviation       | 0.3         |
|    max_lane_deviation   | 1.04        |
|    mean_speed_kmh       | 18.3        |
|    min_ttc              | 11.7        |
|    out_of_road          | 0           |
|    route_completion     | 0.735       |
|    shaped_reward        | 123         |
|    steering_variation   | 0.575       |
|    success              | 0           |
|    ttc_risk             | 0           |
| rollout/                |             |
|    ep_len_mean          | 1.05e+03    |
|    ep_rew_mean          | 78.4        |
|    success_rate         | 0.26        |
| time/                   |             |
|    fps                  | 481         |
|    iterations           | 91          |
|    time_elapsed         | 774         |
|    total_timesteps      | 372736      |
| train/                  |             |
|    approx_kl            | 0.007776962 |
|    clip_fraction        | 0.253       |
|    clip_range           | 0.2         |
|    entropy_loss         | -2          |
|    explained_variance   | 0.675       |
|    learning_rate        | 0.0003      |
|    loss                 | 7.03        |
|    n_updates            | 900         |
|    policy_gradient_loss | 0.0128      |
|    std                  | 0.657       |
|    value_loss           | 13.2        |
-----------------------------------------
-----------------------------------------
| paper/                  |             |
|    accel_variation      | 0.297       |
|    base_reward          | 394         |
|    collision            | 0           |
|    crash_object         | 0           |
|    crash_vehicle        | 0           |
|    episode_cost         | 0           |
|    episode_length       | 1106        |
|    jerk                 | 0.276       |
|    lane_deviation       | 0.251       |
|    max_lane_deviation   | 1.2         |
|    mean_speed_kmh       | 16.3        |
|    min_ttc              | 0.686       |
|    out_of_road          | 0           |
|    route_completion     | 0.991       |
|    shaped_reward        | 41          |
|    steering_variation   | 0.582       |
|    success              | 1           |
|    ttc_risk             | 0.0345      |
| rollout/                |             |
|    ep_len_mean          | 1.04e+03    |
|    ep_rew_mean          | 81          |
|    success_rate         | 0.28        |
| time/                   |             |
|    fps                  | 482         |
|    iterations           | 92          |
|    time_elapsed         | 781         |
|    total_timesteps      | 376832      |
| train/                  |             |
|    approx_kl            | 0.007299472 |
|    clip_fraction        | 0.086       |
|    clip_range           | 0.2         |
|    entropy_loss         | -1.99       |
|    explained_variance   | 0.595       |
|    learning_rate        | 0.0003      |
|    loss                 | 7.44        |
|    n_updates            | 910         |
|    policy_gradient_loss | -0.00271    |
|    std                  | 0.654       |
|    value_loss           | 27.5        |
-----------------------------------------
------------------------------------------
| paper/                  |              |
|    accel_variation      | 0.312        |
|    base_reward          | 350          |
|    collision            | 0            |
|    crash_object         | 0            |
|    crash_vehicle        | 0            |
|    episode_cost         | 0            |
|    episode_length       | 885          |
|    jerk                 | 0.287        |
|    lane_deviation       | 0.231        |
|    max_lane_deviation   | 0.794        |
|    mean_speed_kmh       | 16.8         |
|    min_ttc              | 2.36         |
|    out_of_road          | 0            |
|    route_completion     | 0.987        |
|    shaped_reward        | 188          |
|    steering_variation   | 0.619        |
|    success              | 1            |
|    ttc_risk             | 0.00521      |
| rollout/                |              |
|    ep_len_mean          | 1.04e+03     |
|    ep_rew_mean          | 87           |
|    success_rate         | 0.31         |
| time/                   |              |
|    fps                  | 481          |
|    iterations           | 93           |
|    time_elapsed         | 790          |
|    total_timesteps      | 380928       |
| train/                  |              |
|    approx_kl            | 0.0051782103 |
|    clip_fraction        | 0.0659       |
|    clip_range           | 0.2          |
|    entropy_loss         | -1.98        |
|    explained_variance   | 0.42         |
|    learning_rate        | 0.0003       |
|    loss                 | 21.3         |
|    n_updates            | 920          |
|    policy_gradient_loss | -0.00262     |
|    std                  | 0.654        |
|    value_loss           | 48.9         |
------------------------------------------
----------------------------------------
| paper/                  |            |
|    accel_variation      | 0.39       |
|    base_reward          | 360        |
|    collision            | 0          |
|    crash_object         | 0          |
|    crash_vehicle        | 0          |
|    episode_cost         | 0          |
|    episode_length       | 863        |
|    jerk                 | 0.358      |
|    lane_deviation       | 0.269      |
|    max_lane_deviation   | 1.13       |
|    mean_speed_kmh       | 18.7       |
|    min_ttc              | nan        |
|    out_of_road          | 0          |
|    route_completion     | 0.989      |
|    shaped_reward        | 198        |
|    steering_variation   | 0.581      |
|    success              | 1          |
|    ttc_risk             | 0          |
| rollout/                |            |
|    ep_len_mean          | 1.03e+03   |
|    ep_rew_mean          | 89.3       |
|    success_rate         | 0.33       |
| time/                   |            |
|    fps                  | 481        |
|    iterations           | 94         |
|    time_elapsed         | 800        |
|    total_timesteps      | 385024     |
| train/                  |            |
|    approx_kl            | 0.02464873 |
|    clip_fraction        | 0.0937     |
|    clip_range           | 0.2        |
|    entropy_loss         | -1.98      |
|    explained_variance   | 0.791      |
|    learning_rate        | 0.0003     |
|    loss                 | 19.2       |
|    n_updates            | 930        |
|    policy_gradient_loss | 0.000978   |
|    std                  | 0.654      |
|    value_loss           | 35.3       |
----------------------------------------
-----------------------------------------
| paper/                  |             |
|    accel_variation      | 0.377       |
|    base_reward          | 224         |
|    collision            | 0           |
|    crash_object         | 0           |
|    crash_vehicle        | 0           |
|    episode_cost         | 1           |
|    episode_length       | 747         |
|    jerk                 | 0.303       |
|    lane_deviation       | 0.266       |
|    max_lane_deviation   | 1.33        |
|    mean_speed_kmh       | 15.2        |
|    min_ttc              | nan         |
|    out_of_road          | 1           |
|    route_completion     | 0.448       |
|    shaped_reward        | -65.8       |
|    steering_variation   | 0.576       |
|    success              | 0           |
|    ttc_risk             | 0           |
| rollout/                |             |
|    ep_len_mean          | 1.01e+03    |
|    ep_rew_mean          | 85          |
|    success_rate         | 0.34        |
| time/                   |             |
|    fps                  | 480         |
|    iterations           | 95          |
|    time_elapsed         | 809         |
|    total_timesteps      | 389120      |
| train/                  |             |
|    approx_kl            | 0.016611798 |
|    clip_fraction        | 0.158       |
|    clip_range           | 0.2         |
|    entropy_loss         | -1.98       |
|    explained_variance   | 0.551       |
|    learning_rate        | 0.0003      |
|    loss                 | 19.5        |
|    n_updates            | 940         |
|    policy_gradient_loss | 0.00244     |
|    std                  | 0.651       |
|    value_loss           | 22.7        |
-----------------------------------------
------------------------------------------
| paper/                  |              |
|    accel_variation      | 0.344        |
|    base_reward          | 442          |
|    collision            | 0            |
|    crash_object         | 0            |
|    crash_vehicle        | 0            |
|    episode_cost         | 0            |
|    episode_length       | 1200         |
|    jerk                 | 0.314        |
|    lane_deviation       | 0.301        |
|    max_lane_deviation   | 0.99         |
|    mean_speed_kmh       | 18.3         |
|    min_ttc              | 17.4         |
|    out_of_road          | 0            |
|    route_completion     | 0.922        |
|    shaped_reward        | 152          |
|    steering_variation   | 0.579        |
|    success              | 0            |
|    ttc_risk             | 0            |
| rollout/                |              |
|    ep_len_mean          | 1.02e+03     |
|    ep_rew_mean          | 92           |
|    success_rate         | 0.36         |
| time/                   |              |
|    fps                  | 480          |
|    iterations           | 96           |
|    time_elapsed         | 818          |
|    total_timesteps      | 393216       |
| train/                  |              |
|    approx_kl            | 0.0051352987 |
|    clip_fraction        | 0.0914       |
|    clip_range           | 0.2          |
|    entropy_loss         | -1.97        |
|    explained_variance   | 0.168        |
|    learning_rate        | 0.0003       |
|    loss                 | 32.5         |
|    n_updates            | 950          |
|    policy_gradient_loss | -0.00353     |
|    std                  | 0.65         |
|    value_loss           | 129          |
------------------------------------------
------------------------------------------
| paper/                  |              |
|    accel_variation      | 0.348        |
|    base_reward          | 461          |
|    collision            | 0            |
|    crash_object         | 0            |
|    crash_vehicle        | 0            |
|    episode_cost         | 0            |
|    episode_length       | 1200         |
|    jerk                 | 0.316        |
|    lane_deviation       | 0.235        |
|    max_lane_deviation   | 0.97         |
|    mean_speed_kmh       | 17.4         |
|    min_ttc              | 4.45         |
|    out_of_road          | 0            |
|    route_completion     | 0.799        |
|    shaped_reward        | 178          |
|    steering_variation   | 0.616        |
|    success              | 0            |
|    ttc_risk             | 0.000816     |
| rollout/                |              |
|    ep_len_mean          | 1.02e+03     |
|    ep_rew_mean          | 92.8         |
|    success_rate         | 0.37         |
| time/                   |              |
|    fps                  | 480          |
|    iterations           | 97           |
|    time_elapsed         | 826          |
|    total_timesteps      | 397312       |
| train/                  |              |
|    approx_kl            | 0.0096710995 |
|    clip_fraction        | 0.154        |
|    clip_range           | 0.2          |
|    entropy_loss         | -1.96        |
|    explained_variance   | 0.7          |
|    learning_rate        | 0.0003       |
|    loss                 | 4.26         |
|    n_updates            | 960          |
|    policy_gradient_loss | 0.00499      |
|    std                  | 0.646        |
|    value_loss           | 10.9         |
------------------------------------------
---------------------------------------
| paper/                  |           |
|    accel_variation      | 0.04      |
|    base_reward          | -8.52     |
|    collision            | 0         |
|    crash_object         | 0         |
|    crash_vehicle        | 0         |
|    episode_cost         | 1         |
|    episode_length       | 25        |
|    jerk                 | 0.08      |
|    lane_deviation       | 0.417     |
|    max_lane_deviation   | 1.17      |
|    mean_speed_kmh       | 10        |
|    min_ttc              | nan       |
|    out_of_road          | 1         |
|    route_completion     | 0.0146    |
|    shaped_reward        | -138      |
|    steering_variation   | 0.0668    |
|    success              | 0         |
|    ttc_risk             | 0         |
| rollout/                |           |
|    ep_len_mean          | 25.1      |
|    ep_rew_mean          | -141      |
|    success_rate         | 0         |
| time/                   |           |
|    fps                  | 449       |
|    iterations           | 98        |
|    time_elapsed         | 892       |
|    total_timesteps      | 401408    |
| train/                  |           |
|    approx_kl            | 14.420921 |
|    clip_fraction        | 0.457     |
|    clip_range           | 0.2       |
|    entropy_loss         | -1.95     |
|    explained_variance   | 0.66      |
|    learning_rate        | 0.0003    |
|    loss                 | 8.8       |
|    n_updates            | 970       |
|    policy_gradient_loss | 0.0949    |
|    std                  | 0.643     |
|    value_loss           | 16.3      |
---------------------------------------
------------------------------------------
| paper/                  |              |
|    accel_variation      | 0.04         |
|    base_reward          | -8.7         |
|    collision            | 0            |
|    crash_object         | 0            |
|    crash_vehicle        | 0            |
|    episode_cost         | 1            |
|    episode_length       | 25           |
|    jerk                 | 0.08         |
|    lane_deviation       | 0.426        |
|    max_lane_deviation   | 1.23         |
|    mean_speed_kmh       | 9.42         |
|    min_ttc              | nan          |
|    out_of_road          | 1            |
|    route_completion     | 0.0117       |
|    shaped_reward        | -138         |
|    steering_variation   | 0.0723       |
|    success              | 0            |
|    ttc_risk             | 0            |
| rollout/                |              |
|    ep_len_mean          | 24.8         |
|    ep_rew_mean          | -141         |
|    success_rate         | 0            |
| time/                   |              |
|    fps                  | 423          |
|    iterations           | 99           |
|    time_elapsed         | 957          |
|    total_timesteps      | 405504       |
| train/                  |              |
|    approx_kl            | 0.0057633477 |
|    clip_fraction        | 0.0199       |
|    clip_range           | 0.2          |
|    entropy_loss         | -1.95        |
|    explained_variance   | 0.146        |
|    learning_rate        | 0.0003       |
|    loss                 | 158          |
|    n_updates            | 980          |
|    policy_gradient_loss | -0.000397    |
|    std                  | 0.644        |
|    value_loss           | 752          |
------------------------------------------
-----------------------------------------
| paper/                  |             |
|    accel_variation      | 0.0625      |
|    base_reward          | -9.4        |
|    collision            | 0           |
|    crash_object         | 0           |
|    crash_vehicle        | 0           |
|    episode_cost         | 1           |
|    episode_length       | 16          |
|    jerk                 | 0.125       |
|    lane_deviation       | 0.394       |
|    max_lane_deviation   | 1.19        |
|    mean_speed_kmh       | 7.14        |
|    min_ttc              | nan         |
|    out_of_road          | 1           |
|    route_completion     | 0.0121      |
|    shaped_reward        | -137        |
|    steering_variation   | 0.114       |
|    success              | 0           |
|    ttc_risk             | 0           |
| rollout/                |             |
|    ep_len_mean          | 24.6        |
|    ep_rew_mean          | -140        |
|    success_rate         | 0           |
| time/                   |             |
|    fps                  | 400         |
|    iterations           | 100         |
|    time_elapsed         | 1021        |
|    total_timesteps      | 409600      |
| train/                  |             |
|    approx_kl            | 0.029418021 |
|    clip_fraction        | 0.1         |
|    clip_range           | 0.2         |
|    entropy_loss         | -1.95       |
|    explained_variance   | 0.821       |
|    learning_rate        | 0.0003      |
|    loss                 | 13.8        |
|    n_updates            | 990         |
|    policy_gradient_loss | 0.00642     |
|    std                  | 0.642       |
|    value_loss           | 101         |
-----------------------------------------
-----------------------------------------
| paper/                  |             |
|    accel_variation      | 0.04        |
|    base_reward          | -8.73       |
|    collision            | 0           |
|    crash_object         | 0           |
|    crash_vehicle        | 0           |
|    episode_cost         | 1           |
|    episode_length       | 25          |
|    jerk                 | 0.08        |
|    lane_deviation       | 0.435       |
|    max_lane_deviation   | 1.29        |
|    mean_speed_kmh       | 9.32        |
|    min_ttc              | nan         |
|    out_of_road          | 1           |
|    route_completion     | 0.0122      |
|    shaped_reward        | -138        |
|    steering_variation   | 0.04        |
|    success              | 0           |
|    ttc_risk             | 0           |
| rollout/                |             |
|    ep_len_mean          | 24.9        |
|    ep_rew_mean          | -141        |
|    success_rate         | 0           |
| time/                   |             |
|    fps                  | 381         |
|    iterations           | 101         |
|    time_elapsed         | 1085        |
|    total_timesteps      | 413696      |
| train/                  |             |
|    approx_kl            | 0.043422576 |
|    clip_fraction        | 0.257       |
|    clip_range           | 0.2         |
|    entropy_loss         | -1.96       |
|    explained_variance   | 0.698       |
|    learning_rate        | 0.0003      |
|    loss                 | 2.15        |
|    n_updates            | 1000        |
|    policy_gradient_loss | 0.0229      |
|    std                  | 0.651       |
|    value_loss           | 16.1        |
-----------------------------------------
-----------------------------------------
| paper/                  |             |
|    accel_variation      | 0.04        |
|    base_reward          | -8.5        |
|    collision            | 0           |
|    crash_object         | 0           |
|    crash_vehicle        | 0           |
|    episode_cost         | 1           |
|    episode_length       | 25          |
|    jerk                 | 0.08        |
|    lane_deviation       | 0.416       |
|    max_lane_deviation   | 1.14        |
|    mean_speed_kmh       | 10.4        |
|    min_ttc              | nan         |
|    out_of_road          | 1           |
|    route_completion     | 0.00946     |
|    shaped_reward        | -138        |
|    steering_variation   | 0.0536      |
|    success              | 0           |
|    ttc_risk             | 0           |
| rollout/                |             |
|    ep_len_mean          | 24.5        |
|    ep_rew_mean          | -141        |
|    success_rate         | 0           |
| time/                   |             |
|    fps                  | 362         |
|    iterations           | 102         |
|    time_elapsed         | 1153        |
|    total_timesteps      | 417792      |
| train/                  |             |
|    approx_kl            | 0.033220753 |
|    clip_fraction        | 0.209       |
|    clip_range           | 0.2         |
|    entropy_loss         | -1.97       |
|    explained_variance   | 0.832       |
|    learning_rate        | 0.0003      |
|    loss                 | 1.74        |
|    n_updates            | 1010        |
|    policy_gradient_loss | 0.0161      |
|    std                  | 0.652       |
|    value_loss           | 5.15        |
-----------------------------------------
------------------------------------------
| paper/                  |              |
|    accel_variation      | 0.0385       |
|    base_reward          | -8.48        |
|    collision            | 0            |
|    crash_object         | 0            |
|    crash_vehicle        | 0            |
|    episode_cost         | 1            |
|    episode_length       | 26           |
|    jerk                 | 0.0769       |
|    lane_deviation       | 0.406        |
|    max_lane_deviation   | 1.06         |
|    mean_speed_kmh       | 10.1         |
|    min_ttc              | nan          |
|    out_of_road          | 1            |
|    route_completion     | 0.0162       |
|    shaped_reward        | -138         |
|    steering_variation   | 0.0678       |
|    success              | 0            |
|    ttc_risk             | 0            |
| rollout/                |              |
|    ep_len_mean          | 24.2         |
|    ep_rew_mean          | -140         |
|    success_rate         | 0            |
| time/                   |              |
|    fps                  | 345          |
|    iterations           | 103          |
|    time_elapsed         | 1219         |
|    total_timesteps      | 421888       |
| train/                  |              |
|    approx_kl            | 0.0076273596 |
|    clip_fraction        | 0.256        |
|    clip_range           | 0.2          |
|    entropy_loss         | -1.99        |
|    explained_variance   | 0.926        |
|    learning_rate        | 0.0003       |
|    loss                 | 1.89         |
|    n_updates            | 1020         |
|    policy_gradient_loss | 0.0134       |
|    std                  | 0.661        |
|    value_loss           | 4.28         |
------------------------------------------
-----------------------------------------
| paper/                  |             |
|    accel_variation      | 0.0588      |
|    base_reward          | -9.27       |
|    collision            | 0           |
|    crash_object         | 0           |
|    crash_vehicle        | 0           |
|    episode_cost         | 1           |
|    episode_length       | 17          |
|    jerk                 | 0.118       |
|    lane_deviation       | 0.377       |
|    max_lane_deviation   | 1.14        |
|    mean_speed_kmh       | 7.28        |
|    min_ttc              | 57          |
|    out_of_road          | 1           |
|    route_completion     | 0.00931     |
|    shaped_reward        | -137        |
|    steering_variation   | 0.105       |
|    success              | 0           |
|    ttc_risk             | 0           |
| rollout/                |             |
|    ep_len_mean          | 24.7        |
|    ep_rew_mean          | -140        |
|    success_rate         | 0           |
| time/                   |             |
|    fps                  | 330         |
|    iterations           | 104         |
|    time_elapsed         | 1287        |
|    total_timesteps      | 425984      |
| train/                  |             |
|    approx_kl            | 0.020377636 |
|    clip_fraction        | 0.198       |
|    clip_range           | 0.2         |
|    entropy_loss         | -2.01       |
|    explained_variance   | 0.953       |
|    learning_rate        | 0.0003      |
|    loss                 | 1.43        |
|    n_updates            | 1030        |
|    policy_gradient_loss | 0.00895     |
|    std                  | 0.664       |
|    value_loss           | 3.23        |
-----------------------------------------
------------------------------------------
| paper/                  |              |
|    accel_variation      | 0.0417       |
|    base_reward          | -8.72        |
|    collision            | 0            |
|    crash_object         | 0            |
|    crash_vehicle        | 0            |
|    episode_cost         | 1            |
|    episode_length       | 24           |
|    jerk                 | 0.0833       |
|    lane_deviation       | 0.43         |
|    max_lane_deviation   | 1.24         |
|    mean_speed_kmh       | 9.91         |
|    min_ttc              | nan          |
|    out_of_road          | 1            |
|    route_completion     | 0.0106       |
|    shaped_reward        | -138         |
|    steering_variation   | 0.085        |
|    success              | 0            |
|    ttc_risk             | 0            |
| rollout/                |              |
|    ep_len_mean          | 24.8         |
|    ep_rew_mean          | -140         |
|    success_rate         | 0            |
| time/                   |              |
|    fps                  | 317          |
|    iterations           | 105          |
|    time_elapsed         | 1353         |
|    total_timesteps      | 430080       |
| train/                  |              |
|    approx_kl            | 0.0022095523 |
|    clip_fraction        | 0.0641       |
|    clip_range           | 0.2          |
|    entropy_loss         | -2.03        |
|    explained_variance   | 0.956        |
|    learning_rate        | 0.0003       |
|    loss                 | 1.58         |
|    n_updates            | 1040         |
|    policy_gradient_loss | 0.00023      |
|    std                  | 0.67         |
|    value_loss           | 3.59         |
------------------------------------------
------------------------------------------
| paper/                  |              |
|    accel_variation      | 0.0417       |
|    base_reward          | -8.66        |
|    collision            | 0            |
|    crash_object         | 0            |
|    crash_vehicle        | 0            |
|    episode_cost         | 1            |
|    episode_length       | 24           |
|    jerk                 | 0.0833       |
|    lane_deviation       | 0.424        |
|    max_lane_deviation   | 1.2          |
|    mean_speed_kmh       | 9.65         |
|    min_ttc              | nan          |
|    out_of_road          | 1            |
|    route_completion     | 0.0121       |
|    shaped_reward        | -138         |
|    steering_variation   | 0.141        |
|    success              | 0            |
|    ttc_risk             | 0            |
| rollout/                |              |
|    ep_len_mean          | 25           |
|    ep_rew_mean          | -140         |
|    success_rate         | 0            |
| time/                   |              |
|    fps                  | 306          |
|    iterations           | 106          |
|    time_elapsed         | 1418         |
|    total_timesteps      | 434176       |
| train/                  |              |
|    approx_kl            | 0.0063538323 |
|    clip_fraction        | 0.0615       |
|    clip_range           | 0.2          |
|    entropy_loss         | -2.04        |
|    explained_variance   | 0.958        |
|    learning_rate        | 0.0003       |
|    loss                 | 1.67         |
|    n_updates            | 1050         |
|    policy_gradient_loss | -0.00059     |
|    std                  | 0.67         |
|    value_loss           | 3.45         |
------------------------------------------
----------------------------------------
| paper/                  |            |
|    accel_variation      | 0.0556     |
|    base_reward          | -8.99      |
|    collision            | 0          |
|    crash_object         | 0          |
|    crash_vehicle        | 0          |
|    episode_cost         | 1          |
|    episode_length       | 18         |
|    jerk                 | 0.111      |
|    lane_deviation       | 0.344      |
|    max_lane_deviation   | 1.05       |
|    mean_speed_kmh       | 7.54       |
|    min_ttc              | nan        |
|    out_of_road          | 1          |
|    route_completion     | 0.0187     |
|    shaped_reward        | -136       |
|    steering_variation   | 0.207      |
|    success              | 0          |
|    ttc_risk             | 0          |
| rollout/                |            |
|    ep_len_mean          | 26         |
|    ep_rew_mean          | -142       |
|    success_rate         | 0          |
| time/                   |            |
|    fps                  | 294        |
|    iterations           | 107        |
|    time_elapsed         | 1486       |
|    total_timesteps      | 438272     |
| train/                  |            |
|    approx_kl            | 0.01472865 |
|    clip_fraction        | 0.0877     |
|    clip_range           | 0.2        |
|    entropy_loss         | -2.04      |
|    explained_variance   | 0.961      |
|    learning_rate        | 0.0003     |
|    loss                 | 1.35       |
|    n_updates            | 1060       |
|    policy_gradient_loss | -5.14e-05  |
|    std                  | 0.671      |
|    value_loss           | 3.08       |
----------------------------------------
-----------------------------------------
| paper/                  |             |
|    accel_variation      | 0.0556      |
|    base_reward          | -9.14       |
|    collision            | 0           |
|    crash_object         | 0           |
|    crash_vehicle        | 0           |
|    episode_cost         | 1           |
|    episode_length       | 18          |
|    jerk                 | 0.111       |
|    lane_deviation       | 0.368       |
|    max_lane_deviation   | 1.11        |
|    mean_speed_kmh       | 7.51        |
|    min_ttc              | nan         |
|    out_of_road          | 1           |
|    route_completion     | 0.0141      |
|    shaped_reward        | -137        |
|    steering_variation   | 0.163       |
|    success              | 0           |
|    ttc_risk             | 0           |
| rollout/                |             |
|    ep_len_mean          | 25.1        |
|    ep_rew_mean          | -141        |
|    success_rate         | 0           |
| time/                   |             |
|    fps                  | 284         |
|    iterations           | 108         |
|    time_elapsed         | 1552        |
|    total_timesteps      | 442368      |
| train/                  |             |
|    approx_kl            | 0.007275248 |
|    clip_fraction        | 0.0749      |
|    clip_range           | 0.2         |
|    entropy_loss         | -2.04       |
|    explained_variance   | 0.958       |
|    learning_rate        | 0.0003      |
|    loss                 | 1.68        |
|    n_updates            | 1070        |
|    policy_gradient_loss | -0.00199    |
|    std                  | 0.672       |
|    value_loss           | 3.48        |
-----------------------------------------
-----------------------------------------
| paper/                  |             |
|    accel_variation      | 0.0588      |
|    base_reward          | -9.11       |
|    collision            | 0           |
|    crash_object         | 0           |
|    crash_vehicle        | 0           |
|    episode_cost         | 1           |
|    episode_length       | 17          |
|    jerk                 | 0.118       |
|    lane_deviation       | 0.367       |
|    max_lane_deviation   | 1.13        |
|    mean_speed_kmh       | 7.71        |
|    min_ttc              | nan         |
|    out_of_road          | 1           |
|    route_completion     | 0.011       |
|    shaped_reward        | -137        |
|    steering_variation   | 0.09        |
|    success              | 0           |
|    ttc_risk             | 0           |
| rollout/                |             |
|    ep_len_mean          | 24.9        |
|    ep_rew_mean          | -140        |
|    success_rate         | 0           |
| time/                   |             |
|    fps                  | 275         |
|    iterations           | 109         |
|    time_elapsed         | 1618        |
|    total_timesteps      | 446464      |
| train/                  |             |
|    approx_kl            | 0.016369749 |
|    clip_fraction        | 0.13        |
|    clip_range           | 0.2         |
|    entropy_loss         | -2.04       |
|    explained_variance   | 0.947       |
|    learning_rate        | 0.0003      |
|    loss                 | 1.95        |
|    n_updates            | 1080        |
|    policy_gradient_loss | -0.00118    |
|    std                  | 0.673       |
|    value_loss           | 4.13        |
-----------------------------------------
------------------------------------------
| paper/                  |              |
|    accel_variation      | 0.0588       |
|    base_reward          | -9.21        |
|    collision            | 0            |
|    crash_object         | 0            |
|    crash_vehicle        | 0            |
|    episode_cost         | 1            |
|    episode_length       | 17           |
|    jerk                 | 0.118        |
|    lane_deviation       | 0.363        |
|    max_lane_deviation   | 1.14         |
|    mean_speed_kmh       | 7.26         |
|    min_ttc              | nan          |
|    out_of_road          | 1            |
|    route_completion     | 0.012        |
|    shaped_reward        | -137         |
|    steering_variation   | 0.3          |
|    success              | 0            |
|    ttc_risk             | 0            |
| rollout/                |              |
|    ep_len_mean          | 26           |
|    ep_rew_mean          | -141         |
|    success_rate         | 0            |
| time/                   |              |
|    fps                  | 266          |
|    iterations           | 110          |
|    time_elapsed         | 1690         |
|    total_timesteps      | 450560       |
| train/                  |              |
|    approx_kl            | 0.0043622633 |
|    clip_fraction        | 0.063        |
|    clip_range           | 0.2          |
|    entropy_loss         | -2.05        |
|    explained_variance   | 0.943        |
|    learning_rate        | 0.0003       |
|    loss                 | 2.37         |
|    n_updates            | 1090         |
|    policy_gradient_loss | -0.00325     |
|    std                  | 0.677        |
|    value_loss           | 4.29         |
------------------------------------------
----------------------------------------
| paper/                  |            |
|    accel_variation      | 0.0526     |
|    base_reward          | -8.83      |
|    collision            | 0          |
|    crash_object         | 0          |
|    crash_vehicle        | 0          |
|    episode_cost         | 1          |
|    episode_length       | 19         |
|    jerk                 | 0.105      |
|    lane_deviation       | 0.308      |
|    max_lane_deviation   | 1.06       |
|    mean_speed_kmh       | 6.96       |
|    min_ttc              | nan        |
|    out_of_road          | 1          |
|    route_completion     | 0.0137     |
|    shaped_reward        | -136       |
|    steering_variation   | 0.361      |
|    success              | 0          |
|    ttc_risk             | 0          |
| rollout/                |            |
|    ep_len_mean          | 26.5       |
|    ep_rew_mean          | -142       |
|    success_rate         | 0          |
| time/                   |            |
|    fps                  | 258        |
|    iterations           | 111        |
|    time_elapsed         | 1757       |
|    total_timesteps      | 454656     |
| train/                  |            |
|    approx_kl            | 0.00631837 |
|    clip_fraction        | 0.0828     |
|    clip_range           | 0.2        |
|    entropy_loss         | -2.07      |
|    explained_variance   | 0.948      |
|    learning_rate        | 0.0003     |
|    loss                 | 2.6        |
|    n_updates            | 1100       |
|    policy_gradient_loss | -0.000224  |
|    std                  | 0.687      |
|    value_loss           | 4.12       |
----------------------------------------
-----------------------------------------
| paper/                  |             |
|    accel_variation      | 0.0345      |
|    base_reward          | -8.09       |
|    collision            | 0           |
|    crash_object         | 0           |
|    crash_vehicle        | 0           |
|    episode_cost         | 1           |
|    episode_length       | 29          |
|    jerk                 | 0.069       |
|    lane_deviation       | 0.419       |
|    max_lane_deviation   | 1.21        |
|    mean_speed_kmh       | 11          |
|    min_ttc              | nan         |
|    out_of_road          | 1           |
|    route_completion     | 0.0128      |
|    shaped_reward        | -138        |
|    steering_variation   | 0.176       |
|    success              | 0           |
|    ttc_risk             | 0           |
| rollout/                |             |
|    ep_len_mean          | 26          |
|    ep_rew_mean          | -139        |
|    success_rate         | 0           |
| time/                   |             |
|    fps                  | 250         |
|    iterations           | 112         |
|    time_elapsed         | 1831        |
|    total_timesteps      | 458752      |
| train/                  |             |
|    approx_kl            | 0.008776387 |
|    clip_fraction        | 0.119       |
|    clip_range           | 0.2         |
|    entropy_loss         | -2.09       |
|    explained_variance   | 0.957       |
|    learning_rate        | 0.0003      |
|    loss                 | 1.48        |
|    n_updates            | 1110        |
|    policy_gradient_loss | -0.00236    |
|    std                  | 0.691       |
|    value_loss           | 3.92        |
-----------------------------------------
-----------------------------------------
| paper/                  |             |
|    accel_variation      | 0.0526      |
|    base_reward          | -9          |
|    collision            | 0           |
|    crash_object         | 0           |
|    crash_vehicle        | 0           |
|    episode_cost         | 1           |
|    episode_length       | 19          |
|    jerk                 | 0.105       |
|    lane_deviation       | 0.377       |
|    max_lane_deviation   | 1.15        |
|    mean_speed_kmh       | 7.05        |
|    min_ttc              | nan         |
|    out_of_road          | 1           |
|    route_completion     | 0.0145      |
|    shaped_reward        | -137        |
|    steering_variation   | 0.296       |
|    success              | 0           |
|    ttc_risk             | 0           |
| rollout/                |             |
|    ep_len_mean          | 25.1        |
|    ep_rew_mean          | -139        |
|    success_rate         | 0           |
| time/                   |             |
|    fps                  | 244         |
|    iterations           | 113         |
|    time_elapsed         | 1895        |
|    total_timesteps      | 462848      |
| train/                  |             |
|    approx_kl            | 0.007528986 |
|    clip_fraction        | 0.147       |
|    clip_range           | 0.2         |
|    entropy_loss         | -2.11       |
|    explained_variance   | 0.961       |
|    learning_rate        | 0.0003      |
|    loss                 | 1.72        |
|    n_updates            | 1120        |
|    policy_gradient_loss | 0.00188     |
|    std                  | 0.696       |
|    value_loss           | 3.29        |
-----------------------------------------
-----------------------------------------
| paper/                  |             |
|    accel_variation      | 0.05        |
|    base_reward          | -8.86       |
|    collision            | 0           |
|    crash_object         | 0           |
|    crash_vehicle        | 0           |
|    episode_cost         | 1           |
|    episode_length       | 20          |
|    jerk                 | 0.1         |
|    lane_deviation       | 0.344       |
|    max_lane_deviation   | 1.16        |
|    mean_speed_kmh       | 7.1         |
|    min_ttc              | nan         |
|    out_of_road          | 1           |
|    route_completion     | 0.0136      |
|    shaped_reward        | -137        |
|    steering_variation   | 0.368       |
|    success              | 0           |
|    ttc_risk             | 0           |
| rollout/                |             |
|    ep_len_mean          | 25.3        |
|    ep_rew_mean          | -140        |
|    success_rate         | 0           |
| time/                   |             |
|    fps                  | 238         |
|    iterations           | 114         |
|    time_elapsed         | 1955        |
|    total_timesteps      | 466944      |
| train/                  |             |
|    approx_kl            | 0.014398485 |
|    clip_fraction        | 0.176       |
|    clip_range           | 0.2         |
|    entropy_loss         | -2.13       |
|    explained_variance   | 0.952       |
|    learning_rate        | 0.0003      |
|    loss                 | 1.93        |
|    n_updates            | 1130        |
|    policy_gradient_loss | -0.005      |
|    std                  | 0.705       |
|    value_loss           | 3.84        |
-----------------------------------------
-----------------------------------------
| paper/                  |             |
|    accel_variation      | 0.0526      |
|    base_reward          | -9.24       |
|    collision            | 0           |
|    crash_object         | 0           |
|    crash_vehicle        | 0           |
|    episode_cost         | 1           |
|    episode_length       | 19          |
|    jerk                 | 0.105       |
|    lane_deviation       | 0.367       |
|    max_lane_deviation   | 1.11        |
|    mean_speed_kmh       | 7.15        |
|    min_ttc              | nan         |
|    out_of_road          | 1           |
|    route_completion     | 0.0136      |
|    shaped_reward        | -137        |
|    steering_variation   | 0.348       |
|    success              | 0           |
|    ttc_risk             | 0           |
| rollout/                |             |
|    ep_len_mean          | 25.9        |
|    ep_rew_mean          | -138        |
|    success_rate         | 0           |
| time/                   |             |
|    fps                  | 233         |
|    iterations           | 115         |
|    time_elapsed         | 2017        |
|    total_timesteps      | 471040      |
| train/                  |             |
|    approx_kl            | 0.012383179 |
|    clip_fraction        | 0.18        |
|    clip_range           | 0.2         |
|    entropy_loss         | -2.15       |
|    explained_variance   | 0.957       |
|    learning_rate        | 0.0003      |
|    loss                 | 1.76        |
|    n_updates            | 1140        |
|    policy_gradient_loss | -0.00961    |
|    std                  | 0.712       |
|    value_loss           | 3.98        |
-----------------------------------------
------------------------------------------
| paper/                  |              |
|    accel_variation      | 0.0286       |
|    base_reward          | -7.76        |
|    collision            | 0            |
|    crash_object         | 0            |
|    crash_vehicle        | 0            |
|    episode_cost         | 1            |
|    episode_length       | 35           |
|    jerk                 | 0.0571       |
|    lane_deviation       | 0.444        |
|    max_lane_deviation   | 1.17         |
|    mean_speed_kmh       | 8.43         |
|    min_ttc              | nan          |
|    out_of_road          | 1            |
|    route_completion     | 0.0153       |
|    shaped_reward        | -139         |
|    steering_variation   | 0.597        |
|    success              | 0            |
|    ttc_risk             | 0            |
| rollout/                |              |
|    ep_len_mean          | 28.9         |
|    ep_rew_mean          | -139         |
|    success_rate         | 0            |
| time/                   |              |
|    fps                  | 228          |
|    iterations           | 116          |
|    time_elapsed         | 2076         |
|    total_timesteps      | 475136       |
| train/                  |              |
|    approx_kl            | 0.0091594495 |
|    clip_fraction        | 0.182        |
|    clip_range           | 0.2          |
|    entropy_loss         | -2.16        |
|    explained_variance   | 0.94         |
|    learning_rate        | 0.0003       |
|    loss                 | 2.83         |
|    n_updates            | 1150         |
|    policy_gradient_loss | -0.00693     |
|    std                  | 0.717        |
|    value_loss           | 4.66         |
------------------------------------------
-----------------------------------------
| paper/                  |             |
|    accel_variation      | 0.0455      |
|    base_reward          | -8.65       |
|    collision            | 0           |
|    crash_object         | 0           |
|    crash_vehicle        | 0           |
|    episode_cost         | 1           |
|    episode_length       | 22          |
|    jerk                 | 0.0909      |
|    lane_deviation       | 0.358       |
|    max_lane_deviation   | 1.14        |
|    mean_speed_kmh       | 7.12        |
|    min_ttc              | nan         |
|    out_of_road          | 1           |
|    route_completion     | 0.0162      |
|    shaped_reward        | -137        |
|    steering_variation   | 0.583       |
|    success              | 0           |
|    ttc_risk             | 0           |
| rollout/                |             |
|    ep_len_mean          | 26.6        |
|    ep_rew_mean          | -138        |
|    success_rate         | 0           |
| time/                   |             |
|    fps                  | 224         |
|    iterations           | 117         |
|    time_elapsed         | 2135        |
|    total_timesteps      | 479232      |
| train/                  |             |
|    approx_kl            | 0.023460938 |
|    clip_fraction        | 0.215       |
|    clip_range           | 0.2         |
|    entropy_loss         | -2.18       |
|    explained_variance   | 0.964       |
|    learning_rate        | 0.0003      |
|    loss                 | 1.39        |
|    n_updates            | 1160        |
|    policy_gradient_loss | -0.0129     |
|    std                  | 0.724       |
|    value_loss           | 3.37        |
-----------------------------------------
-----------------------------------------
| paper/                  |             |
|    accel_variation      | 0.0263      |
|    base_reward          | -6.11       |
|    collision            | 0           |
|    crash_object         | 0           |
|    crash_vehicle        | 0           |
|    episode_cost         | 1           |
|    episode_length       | 38          |
|    jerk                 | 0.0526      |
|    lane_deviation       | 0.364       |
|    max_lane_deviation   | 1.11        |
|    mean_speed_kmh       | 9.84        |
|    min_ttc              | nan         |
|    out_of_road          | 1           |
|    route_completion     | 0.0232      |
|    shaped_reward        | -138        |
|    steering_variation   | 0.666       |
|    success              | 0           |
|    ttc_risk             | 0           |
| rollout/                |             |
|    ep_len_mean          | 31.8        |
|    ep_rew_mean          | -138        |
|    success_rate         | 0           |
| time/                   |             |
|    fps                  | 220         |
|    iterations           | 118         |
|    time_elapsed         | 2191        |
|    total_timesteps      | 483328      |
| train/                  |             |
|    approx_kl            | 0.021737706 |
|    clip_fraction        | 0.205       |
|    clip_range           | 0.2         |
|    entropy_loss         | -2.2        |
|    explained_variance   | 0.945       |
|    learning_rate        | 0.0003      |
|    loss                 | 2.45        |
|    n_updates            | 1170        |
|    policy_gradient_loss | -0.0113     |
|    std                  | 0.731       |
|    value_loss           | 5.22        |
-----------------------------------------
-----------------------------------------
| paper/                  |             |
|    accel_variation      | 0.0385      |
|    base_reward          | -7.42       |
|    collision            | 0           |
|    crash_object         | 0           |
|    crash_vehicle        | 0           |
|    episode_cost         | 1           |
|    episode_length       | 26          |
|    jerk                 | 0.0769      |
|    lane_deviation       | 0.264       |
|    max_lane_deviation   | 1.13        |
|    mean_speed_kmh       | 7.89        |
|    min_ttc              | nan         |
|    out_of_road          | 1           |
|    route_completion     | 0.0211      |
|    shaped_reward        | -136        |
|    steering_variation   | 0.478       |
|    success              | 0           |
|    ttc_risk             | 0           |
| rollout/                |             |
|    ep_len_mean          | 34.5        |
|    ep_rew_mean          | -137        |
|    success_rate         | 0           |
| time/                   |             |
|    fps                  | 217         |
|    iterations           | 119         |
|    time_elapsed         | 2240        |
|    total_timesteps      | 487424      |
| train/                  |             |
|    approx_kl            | 0.015641287 |
|    clip_fraction        | 0.216       |
|    clip_range           | 0.2         |
|    entropy_loss         | -2.21       |
|    explained_variance   | 0.928       |
|    learning_rate        | 0.0003      |
|    loss                 | 3.56        |
|    n_updates            | 1180        |
|    policy_gradient_loss | -0.0118     |
|    std                  | 0.735       |
|    value_loss           | 6.5         |
-----------------------------------------
-----------------------------------------
| paper/                  |             |
|    accel_variation      | 0.0244      |
|    base_reward          | -6.44       |
|    collision            | 0           |
|    crash_object         | 0           |
|    crash_vehicle        | 0           |
|    episode_cost         | 1           |
|    episode_length       | 41          |
|    jerk                 | 0.0488      |
|    lane_deviation       | 0.424       |
|    max_lane_deviation   | 1.06        |
|    mean_speed_kmh       | 9.43        |
|    min_ttc              | nan         |
|    out_of_road          | 1           |
|    route_completion     | 0.0291      |
|    shaped_reward        | -139        |
|    steering_variation   | 0.791       |
|    success              | 0           |
|    ttc_risk             | 0           |
| rollout/                |             |
|    ep_len_mean          | 37          |
|    ep_rew_mean          | -137        |
|    success_rate         | 0           |
| time/                   |             |
|    fps                  | 215         |
|    iterations           | 120         |
|    time_elapsed         | 2285        |
|    total_timesteps      | 491520      |
| train/                  |             |
|    approx_kl            | 0.023113761 |
|    clip_fraction        | 0.278       |
|    clip_range           | 0.2         |
|    entropy_loss         | -2.22       |
|    explained_variance   | 0.925       |
|    learning_rate        | 0.0003      |
|    loss                 | 3.66        |
|    n_updates            | 1190        |
|    policy_gradient_loss | -0.016      |
|    std                  | 0.738       |
|    value_loss           | 10.3        |
-----------------------------------------
-----------------------------------------
| paper/                  |             |
|    accel_variation      | 0.0185      |
|    base_reward          | -2.17       |
|    collision            | 0           |
|    crash_object         | 0           |
|    crash_vehicle        | 0           |
|    episode_cost         | 1           |
|    episode_length       | 54          |
|    jerk                 | 0.037       |
|    lane_deviation       | 0.249       |
|    max_lane_deviation   | 1.15        |
|    mean_speed_kmh       | 10.2        |
|    min_ttc              | nan         |
|    out_of_road          | 1           |
|    route_completion     | 0.0331      |
|    shaped_reward        | -135        |
|    steering_variation   | 0.741       |
|    success              | 0           |
|    ttc_risk             | 0           |
| rollout/                |             |
|    ep_len_mean          | 46          |
|    ep_rew_mean          | -141        |
|    success_rate         | 0           |
| time/                   |             |
|    fps                  | 213         |
|    iterations           | 121         |
|    time_elapsed         | 2324        |
|    total_timesteps      | 495616      |
| train/                  |             |
|    approx_kl            | 0.013988403 |
|    clip_fraction        | 0.278       |
|    clip_range           | 0.2         |
|    entropy_loss         | -2.22       |
|    explained_variance   | 0.939       |
|    learning_rate        | 0.0003      |
|    loss                 | 4.9         |
|    n_updates            | 1200        |
|    policy_gradient_loss | -0.0211     |
|    std                  | 0.74        |
|    value_loss           | 10.1        |
-----------------------------------------
----------------------------------------
| paper/                  |            |
|    accel_variation      | 0.177      |
|    base_reward          | 11.7       |
|    collision            | 0          |
|    crash_object         | 0          |
|    crash_vehicle        | 0          |
|    episode_cost         | 1          |
|    episode_length       | 96         |
|    jerk                 | 0.188      |
|    lane_deviation       | 0.397      |
|    max_lane_deviation   | 1.24       |
|    mean_speed_kmh       | 15.4       |
|    min_ttc              | nan        |
|    out_of_road          | 1          |
|    route_completion     | 0.0843     |
|    shaped_reward        | -133       |
|    steering_variation   | 0.667      |
|    success              | 0          |
|    ttc_risk             | 0          |
| rollout/                |            |
|    ep_len_mean          | 56.1       |
|    ep_rew_mean          | -143       |
|    success_rate         | 0          |
| time/                   |            |
|    fps                  | 211        |
|    iterations           | 122        |
|    time_elapsed         | 2358       |
|    total_timesteps      | 499712     |
| train/                  |            |
|    approx_kl            | 0.01848099 |
|    clip_fraction        | 0.195      |
|    clip_range           | 0.2        |
|    entropy_loss         | -2.23      |
|    explained_variance   | 0.744      |
|    learning_rate        | 0.0003     |
|    loss                 | 10.4       |
|    n_updates            | 1210       |
|    policy_gradient_loss | -0.0112    |
|    std                  | 0.741      |
|    value_loss           | 26.8       |
----------------------------------------
------------------------------------------
| paper/                  |              |
|    accel_variation      | 0.12         |
|    base_reward          | 5.7          |
|    collision            | 0            |
|    crash_object         | 0            |
|    crash_vehicle        | 0            |
|    episode_cost         | 1            |
|    episode_length       | 125          |
|    jerk                 | 0.112        |
|    lane_deviation       | 0.937        |
|    max_lane_deviation   | 2            |
|    mean_speed_kmh       | 15           |
|    min_ttc              | nan          |
|    out_of_road          | 1            |
|    route_completion     | 0.0938       |
|    shaped_reward        | -216         |
|    steering_variation   | 0.759        |
|    success              | 0            |
|    ttc_risk             | 0            |
| rollout/                |              |
|    ep_len_mean          | 69.8         |
|    ep_rew_mean          | -150         |
|    success_rate         | 0            |
| time/                   |              |
|    fps                  | 210          |
|    iterations           | 123          |
|    time_elapsed         | 2390         |
|    total_timesteps      | 503808       |
| train/                  |              |
|    approx_kl            | 0.0126330685 |
|    clip_fraction        | 0.169        |
|    clip_range           | 0.2          |
|    entropy_loss         | -2.23        |
|    explained_variance   | 0.781        |
|    learning_rate        | 0.0003       |
|    loss                 | 19.1         |
|    n_updates            | 1220         |
|    policy_gradient_loss | -0.0112      |
|    std                  | 0.74         |
|    value_loss           | 48           |
------------------------------------------
-----------------------------------------
| paper/                  |             |
|    accel_variation      | 0.0303      |
|    base_reward          | -5.57       |
|    collision            | 0           |
|    crash_object         | 0           |
|    crash_vehicle        | 0           |
|    episode_cost         | 1           |
|    episode_length       | 33          |
|    jerk                 | 0.0606      |
|    lane_deviation       | 0.238       |
|    max_lane_deviation   | 1.07        |
|    mean_speed_kmh       | 9.31        |
|    min_ttc              | nan         |
|    out_of_road          | 1           |
|    route_completion     | 0.0178      |
|    shaped_reward        | -135        |
|    steering_variation   | 0.547       |
|    success              | 0           |
|    ttc_risk             | 0           |
| rollout/                |             |
|    ep_len_mean          | 77.9        |
|    ep_rew_mean          | -155        |
|    success_rate         | 0           |
| time/                   |             |
|    fps                  | 210         |
|    iterations           | 124         |
|    time_elapsed         | 2413        |
|    total_timesteps      | 507904      |
| train/                  |             |
|    approx_kl            | 0.012897072 |
|    clip_fraction        | 0.108       |
|    clip_range           | 0.2         |
|    entropy_loss         | -2.22       |
|    explained_variance   | 0.746       |
|    learning_rate        | 0.0003      |
|    loss                 | 28.5        |
|    n_updates            | 1230        |
|    policy_gradient_loss | -0.00932    |
|    std                  | 0.738       |
|    value_loss           | 66.8        |
-----------------------------------------
-----------------------------------------
| paper/                  |             |
|    accel_variation      | 0.0263      |
|    base_reward          | -4.43       |
|    collision            | 0           |
|    crash_object         | 0           |
|    crash_vehicle        | 0           |
|    episode_cost         | 1           |
|    episode_length       | 38          |
|    jerk                 | 0.0526      |
|    lane_deviation       | 0.274       |
|    max_lane_deviation   | 1.04        |
|    mean_speed_kmh       | 11.1        |
|    min_ttc              | 27.6        |
|    out_of_road          | 1           |
|    route_completion     | 0.0269      |
|    shaped_reward        | -135        |
|    steering_variation   | 0.698       |
|    success              | 0           |
|    ttc_risk             | 0           |
| rollout/                |             |
|    ep_len_mean          | 89.9        |
|    ep_rew_mean          | -157        |
|    success_rate         | 0           |
| time/                   |             |
|    fps                  | 210         |
|    iterations           | 125         |
|    time_elapsed         | 2434        |
|    total_timesteps      | 512000      |
| train/                  |             |
|    approx_kl            | 0.010346328 |
|    clip_fraction        | 0.0667      |
|    clip_range           | 0.2         |
|    entropy_loss         | -2.22       |
|    explained_variance   | 0.779       |
|    learning_rate        | 0.0003      |
|    loss                 | 28.2        |
|    n_updates            | 1240        |
|    policy_gradient_loss | -0.00421    |
|    std                  | 0.734       |
|    value_loss           | 64.2        |
-----------------------------------------
------------------------------------------
| paper/                  |              |
|    accel_variation      | 0.197        |
|    base_reward          | 23.6         |
|    collision            | 0            |
|    crash_object         | 0            |
|    crash_vehicle        | 0            |
|    episode_cost         | 1            |
|    episode_length       | 117          |
|    jerk                 | 0.171        |
|    lane_deviation       | 0.236        |
|    max_lane_deviation   | 1.12         |
|    mean_speed_kmh       | 14.5         |
|    min_ttc              | nan          |
|    out_of_road          | 1            |
|    route_completion     | 0.116        |
|    shaped_reward        | -124         |
|    steering_variation   | 0.829        |
|    success              | 0            |
|    ttc_risk             | 0            |
| rollout/                |              |
|    ep_len_mean          | 107          |
|    ep_rew_mean          | -159         |
|    success_rate         | 0            |
| time/                   |              |
|    fps                  | 210          |
|    iterations           | 126          |
|    time_elapsed         | 2452         |
|    total_timesteps      | 516096       |
| train/                  |              |
|    approx_kl            | 0.0058089835 |
|    clip_fraction        | 0.0482       |
|    clip_range           | 0.2          |
|    entropy_loss         | -2.21        |
|    explained_variance   | 0.659        |
|    learning_rate        | 0.0003       |
|    loss                 | 51.6         |
|    n_updates            | 1250         |
|    policy_gradient_loss | -0.00531     |
|    std                  | 0.732        |
|    value_loss           | 107          |
------------------------------------------
-----------------------------------------
| paper/                  |             |
|    accel_variation      | 0.0141      |
|    base_reward          | 2.32        |
|    collision            | 0           |
|    crash_object         | 0           |
|    crash_vehicle        | 0           |
|    episode_cost         | 1           |
|    episode_length       | 71          |
|    jerk                 | 0.0282      |
|    lane_deviation       | 0.248       |
|    max_lane_deviation   | 1.04        |
|    mean_speed_kmh       | 10.4        |
|    min_ttc              | 20.4        |
|    out_of_road          | 1           |
|    route_completion     | 0.0478      |
|    shaped_reward        | -135        |
|    steering_variation   | 0.866       |
|    success              | 0           |
|    ttc_risk             | 0           |
| rollout/                |             |
|    ep_len_mean          | 125         |
|    ep_rew_mean          | -162        |
|    success_rate         | 0           |
| time/                   |             |
|    fps                  | 210         |
|    iterations           | 127         |
|    time_elapsed         | 2471        |
|    total_timesteps      | 520192      |
| train/                  |             |
|    approx_kl            | 0.008193334 |
|    clip_fraction        | 0.0849      |
|    clip_range           | 0.2         |
|    entropy_loss         | -2.2        |
|    explained_variance   | 0.744       |
|    learning_rate        | 0.0003      |
|    loss                 | 27.7        |
|    n_updates            | 1260        |
|    policy_gradient_loss | -0.00568    |
|    std                  | 0.73        |
|    value_loss           | 81.5        |
-----------------------------------------
------------------------------------------
| paper/                  |              |
|    accel_variation      | 0.153        |
|    base_reward          | 45.3         |
|    collision            | 0            |
|    crash_object         | 0            |
|    crash_vehicle        | 0            |
|    episode_cost         | 1            |
|    episode_length       | 237          |
|    jerk                 | 0.191        |
|    lane_deviation       | 0.441        |
|    max_lane_deviation   | 1.18         |
|    mean_speed_kmh       | 16.6         |
|    min_ttc              | 5.62         |
|    out_of_road          | 1            |
|    route_completion     | 0.189        |
|    shaped_reward        | -140         |
|    steering_variation   | 0.819        |
|    success              | 0            |
|    ttc_risk             | 0.000268     |
| rollout/                |              |
|    ep_len_mean          | 146          |
|    ep_rew_mean          | -165         |
|    success_rate         | 0            |
| time/                   |              |
|    fps                  | 210          |
|    iterations           | 128          |
|    time_elapsed         | 2485         |
|    total_timesteps      | 524288       |
| train/                  |              |
|    approx_kl            | 0.0064130393 |
|    clip_fraction        | 0.0647       |
|    clip_range           | 0.2          |
|    entropy_loss         | -2.2         |
|    explained_variance   | 0.747        |
|    learning_rate        | 0.0003       |
|    loss                 | 46.1         |
|    n_updates            | 1270         |
|    policy_gradient_loss | -0.00624     |
|    std                  | 0.728        |
|    value_loss           | 104          |
------------------------------------------
-----------------------------------------
| paper/                  |             |
|    accel_variation      | 0.0806      |
|    base_reward          | 39.9        |
|    collision            | 0           |
|    crash_object         | 0           |
|    crash_vehicle        | 0           |
|    episode_cost         | 1           |
|    episode_length       | 335         |
|    jerk                 | 0.0836      |
|    lane_deviation       | 0.983       |
|    max_lane_deviation   | 2           |
|    mean_speed_kmh       | 17.4        |
|    min_ttc              | 15.1        |
|    out_of_road          | 1           |
|    route_completion     | 0.291       |
|    shaped_reward        | -356        |
|    steering_variation   | 0.791       |
|    success              | 0           |
|    ttc_risk             | 0           |
| rollout/                |             |
|    ep_len_mean          | 175         |
|    ep_rew_mean          | -172        |
|    success_rate         | 0.01        |
| time/                   |             |
|    fps                  | 211         |
|    iterations           | 129         |
|    time_elapsed         | 2495        |
|    total_timesteps      | 528384      |
| train/                  |             |
|    approx_kl            | 0.021378156 |
|    clip_fraction        | 0.102       |
|    clip_range           | 0.2         |
|    entropy_loss         | -2.19       |
|    explained_variance   | 0.689       |
|    learning_rate        | 0.0003      |
|    loss                 | 39.1        |
|    n_updates            | 1280        |
|    policy_gradient_loss | -0.00625    |
|    std                  | 0.726       |
|    value_loss           | 120         |
-----------------------------------------
-----------------------------------------
| paper/                  |             |
|    accel_variation      | 0.252       |
|    base_reward          | 88.7        |
|    collision            | 0           |
|    crash_object         | 0           |
|    crash_vehicle        | 0           |
|    episode_cost         | 1           |
|    episode_length       | 497         |
|    jerk                 | 0.237       |
|    lane_deviation       | 0.825       |
|    max_lane_deviation   | 2           |
|    mean_speed_kmh       | 18.2        |
|    min_ttc              | 56.2        |
|    out_of_road          | 1           |
|    route_completion     | 0.465       |
|    shaped_reward        | -352        |
|    steering_variation   | 0.747       |
|    success              | 0           |
|    ttc_risk             | 0           |
| rollout/                |             |
|    ep_len_mean          | 203         |
|    ep_rew_mean          | -190        |
|    success_rate         | 0.01        |
| time/                   |             |
|    fps                  | 212         |
|    iterations           | 130         |
|    time_elapsed         | 2504        |
|    total_timesteps      | 532480      |
| train/                  |             |
|    approx_kl            | 0.013662346 |
|    clip_fraction        | 0.117       |
|    clip_range           | 0.2         |
|    entropy_loss         | -2.19       |
|    explained_variance   | 0.506       |
|    learning_rate        | 0.0003      |
|    loss                 | 48          |
|    n_updates            | 1290        |
|    policy_gradient_loss | -0.00472    |
|    std                  | 0.726       |
|    value_loss           | 142         |
-----------------------------------------
-----------------------------------------
| paper/                  |             |
|    accel_variation      | 0.196       |
|    base_reward          | 234         |
|    collision            | 0           |
|    crash_object         | 0           |
|    crash_vehicle        | 0           |
|    episode_cost         | 0           |
|    episode_length       | 1095        |
|    jerk                 | 0.183       |
|    lane_deviation       | 0.836       |
|    max_lane_deviation   | 2           |
|    mean_speed_kmh       | 18.3        |
|    min_ttc              | 6.92        |
|    out_of_road          | 0           |
|    route_completion     | 0.991       |
|    shaped_reward        | -426        |
|    steering_variation   | 0.731       |
|    success              | 1           |
|    ttc_risk             | 0           |
| rollout/                |             |
|    ep_len_mean          | 225         |
|    ep_rew_mean          | -200        |
|    success_rate         | 0.03        |
| time/                   |             |
|    fps                  | 213         |
|    iterations           | 131         |
|    time_elapsed         | 2513        |
|    total_timesteps      | 536576      |
| train/                  |             |
|    approx_kl            | 0.010674362 |
|    clip_fraction        | 0.196       |
|    clip_range           | 0.2         |
|    entropy_loss         | -2.19       |
|    explained_variance   | 0.696       |
|    learning_rate        | 0.0003      |
|    loss                 | 47.6        |
|    n_updates            | 1300        |
|    policy_gradient_loss | -0.00628    |
|    std                  | 0.726       |
|    value_loss           | 114         |
-----------------------------------------
-----------------------------------------
| paper/                  |             |
|    accel_variation      | 0.231       |
|    base_reward          | 333         |
|    collision            | 0           |
|    crash_object         | 0           |
|    crash_vehicle        | 0           |
|    episode_cost         | 0           |
|    episode_length       | 1200        |
|    jerk                 | 0.216       |
|    lane_deviation       | 0.447       |
|    max_lane_deviation   | 1.5         |
|    mean_speed_kmh       | 16.6        |
|    min_ttc              | 0.112       |
|    out_of_road          | 0           |
|    route_completion     | 0.851       |
|    shaped_reward        | -77.5       |
|    steering_variation   | 0.723       |
|    success              | 0           |
|    ttc_risk             | 0.0149      |
| rollout/                |             |
|    ep_len_mean          | 267         |
|    ep_rew_mean          | -207        |
|    success_rate         | 0.03        |
| time/                   |             |
|    fps                  | 214         |
|    iterations           | 132         |
|    time_elapsed         | 2525        |
|    total_timesteps      | 540672      |
| train/                  |             |
|    approx_kl            | 0.008538082 |
|    clip_fraction        | 0.161       |
|    clip_range           | 0.2         |
|    entropy_loss         | -2.19       |
|    explained_variance   | 0.636       |
|    learning_rate        | 0.0003      |
|    loss                 | 100         |
|    n_updates            | 1310        |
|    policy_gradient_loss | -0.0055     |
|    std                  | 0.725       |
|    value_loss           | 163         |
-----------------------------------------
----------------------------------------
| paper/                  |            |
|    accel_variation      | 0.153      |
|    base_reward          | 5.49       |
|    collision            | 0          |
|    crash_object         | 0          |
|    crash_vehicle        | 0          |
|    episode_cost         | 1          |
|    episode_length       | 72         |
|    jerk                 | 0.222      |
|    lane_deviation       | 0.363      |
|    max_lane_deviation   | 1.04       |
|    mean_speed_kmh       | 14.2       |
|    min_ttc              | nan        |
|    out_of_road          | 1          |
|    route_completion     | 0.0609     |
|    shaped_reward        | -133       |
|    steering_variation   | 0.636      |
|    success              | 0          |
|    ttc_risk             | 0          |
| rollout/                |            |
|    ep_len_mean          | 289        |
|    ep_rew_mean          | -204       |
|    success_rate         | 0.04       |
| time/                   |            |
|    fps                  | 214        |
|    iterations           | 133        |
|    time_elapsed         | 2538       |
|    total_timesteps      | 544768     |
| train/                  |            |
|    approx_kl            | 0.02286889 |
|    clip_fraction        | 0.169      |
|    clip_range           | 0.2        |
|    entropy_loss         | -2.18      |
|    explained_variance   | 0.524      |
|    learning_rate        | 0.0003     |
|    loss                 | 21.8       |
|    n_updates            | 1320       |
|    policy_gradient_loss | -0.00627   |
|    std                  | 0.719      |
|    value_loss           | 66.3       |
----------------------------------------
------------------------------------------
| paper/                  |              |
|    accel_variation      | 0.125        |
|    base_reward          | 24.7         |
|    collision            | 1            |
|    crash_object         | 0            |
|    crash_vehicle        | 1            |
|    episode_cost         | 1            |
|    episode_length       | 168          |
|    jerk                 | 0.149        |
|    lane_deviation       | 0.537        |
|    max_lane_deviation   | 1.35         |
|    mean_speed_kmh       | 16.7         |
|    min_ttc              | nan          |
|    out_of_road          | 0            |
|    route_completion     | 0.178        |
|    shaped_reward        | -150         |
|    steering_variation   | 0.703        |
|    success              | 0            |
|    ttc_risk             | 0            |
| rollout/                |              |
|    ep_len_mean          | 323          |
|    ep_rew_mean          | -200         |
|    success_rate         | 0.05         |
| time/                   |              |
|    fps                  | 215          |
|    iterations           | 134          |
|    time_elapsed         | 2547         |
|    total_timesteps      | 548864       |
| train/                  |              |
|    approx_kl            | 0.0052170437 |
|    clip_fraction        | 0.0688       |
|    clip_range           | 0.2          |
|    entropy_loss         | -2.17        |
|    explained_variance   | 0.582        |
|    learning_rate        | 0.0003       |
|    loss                 | 28.9         |
|    n_updates            | 1330         |
|    policy_gradient_loss | -0.00318     |
|    std                  | 0.719        |
|    value_loss           | 87.8         |
------------------------------------------
-----------------------------------------
| paper/                  |             |
|    accel_variation      | 0.164       |
|    base_reward          | 325         |
|    collision            | 0           |
|    crash_object         | 0           |
|    crash_vehicle        | 0           |
|    episode_cost         | 0           |
|    episode_length       | 1200        |
|    jerk                 | 0.163       |
|    lane_deviation       | 0.486       |
|    max_lane_deviation   | 1.92        |
|    mean_speed_kmh       | 18.1        |
|    min_ttc              | 6.6         |
|    out_of_road          | 0           |
|    route_completion     | 0.844       |
|    shaped_reward        | -56.3       |
|    steering_variation   | 0.692       |
|    success              | 0           |
|    ttc_risk             | 0           |
| rollout/                |             |
|    ep_len_mean          | 362         |
|    ep_rew_mean          | -192        |
|    success_rate         | 0.08        |
| time/                   |             |
|    fps                  | 216         |
|    iterations           | 135         |
|    time_elapsed         | 2557        |
|    total_timesteps      | 552960      |
| train/                  |             |
|    approx_kl            | 0.004803184 |
|    clip_fraction        | 0.0589      |
|    clip_range           | 0.2         |
|    entropy_loss         | -2.17       |
|    explained_variance   | 0.538       |
|    learning_rate        | 0.0003      |
|    loss                 | 37.6        |
|    n_updates            | 1340        |
|    policy_gradient_loss | -0.00135    |
|    std                  | 0.718       |
|    value_loss           | 95.8        |
-----------------------------------------
-----------------------------------------
| paper/                  |             |
|    accel_variation      | 0.253       |
|    base_reward          | 139         |
|    collision            | 0           |
|    crash_object         | 0           |
|    crash_vehicle        | 0           |
|    episode_cost         | 1           |
|    episode_length       | 723         |
|    jerk                 | 0.254       |
|    lane_deviation       | 0.662       |
|    max_lane_deviation   | 2           |
|    mean_speed_kmh       | 18.3        |
|    min_ttc              | 9.39        |
|    out_of_road          | 1           |
|    route_completion     | 0.487       |
|    shaped_reward        | -323        |
|    steering_variation   | 0.722       |
|    success              | 0           |
|    ttc_risk             | 0           |
| rollout/                |             |
|    ep_len_mean          | 390         |
|    ep_rew_mean          | -188        |
|    success_rate         | 0.09        |
| time/                   |             |
|    fps                  | 216         |
|    iterations           | 136         |
|    time_elapsed         | 2567        |
|    total_timesteps      | 557056      |
| train/                  |             |
|    approx_kl            | 0.013890296 |
|    clip_fraction        | 0.103       |
|    clip_range           | 0.2         |
|    entropy_loss         | -2.17       |
|    explained_variance   | 0.56        |
|    learning_rate        | 0.0003      |
|    loss                 | 18.6        |
|    n_updates            | 1350        |
|    policy_gradient_loss | 0.000747    |
|    std                  | 0.716       |
|    value_loss           | 45.5        |
-----------------------------------------
------------------------------------------
| paper/                  |              |
|    accel_variation      | 0.195        |
|    base_reward          | 314          |
|    collision            | 0            |
|    crash_object         | 0            |
|    crash_vehicle        | 0            |
|    episode_cost         | 0            |
|    episode_length       | 1084         |
|    jerk                 | 0.181        |
|    lane_deviation       | 0.438        |
|    max_lane_deviation   | 1.68         |
|    mean_speed_kmh       | 17.4         |
|    min_ttc              | 0.541        |
|    out_of_road          | 0            |
|    route_completion     | 0.99         |
|    shaped_reward        | -4.94        |
|    steering_variation   | 0.693        |
|    success              | 1            |
|    ttc_risk             | 0.0155       |
| rollout/                |              |
|    ep_len_mean          | 421          |
|    ep_rew_mean          | -183         |
|    success_rate         | 0.12         |
| time/                   |              |
|    fps                  | 217          |
|    iterations           | 137          |
|    time_elapsed         | 2576         |
|    total_timesteps      | 561152       |
| train/                  |              |
|    approx_kl            | 0.0080138575 |
|    clip_fraction        | 0.0775       |
|    clip_range           | 0.2          |
|    entropy_loss         | -2.16        |
|    explained_variance   | 0.658        |
|    learning_rate        | 0.0003       |
|    loss                 | 30.2         |
|    n_updates            | 1360         |
|    policy_gradient_loss | -0.000164    |
|    std                  | 0.715        |
|    value_loss           | 53.7         |
------------------------------------------
----------------------------------------
| paper/                  |            |
|    accel_variation      | 0.291      |
|    base_reward          | 401        |
|    collision            | 0          |
|    crash_object         | 0          |
|    crash_vehicle        | 0          |
|    episode_cost         | 0          |
|    episode_length       | 1200       |
|    jerk                 | 0.31       |
|    lane_deviation       | 0.374      |
|    max_lane_deviation   | 1.25       |
|    mean_speed_kmh       | 18.6       |
|    min_ttc              | 1.17       |
|    out_of_road          | 0          |
|    route_completion     | 0.933      |
|    shaped_reward        | 65.9       |
|    steering_variation   | 0.703      |
|    success              | 0          |
|    ttc_risk             | 0.00452    |
| rollout/                |            |
|    ep_len_mean          | 459        |
|    ep_rew_mean          | -176       |
|    success_rate         | 0.13       |
| time/                   |            |
|    fps                  | 218        |
|    iterations           | 138        |
|    time_elapsed         | 2585       |
|    total_timesteps      | 565248     |
| train/                  |            |
|    approx_kl            | 0.00943668 |
|    clip_fraction        | 0.128      |
|    clip_range           | 0.2        |
|    entropy_loss         | -2.16      |
|    explained_variance   | 0.653      |
|    learning_rate        | 0.0003     |
|    loss                 | 28.7       |
|    n_updates            | 1370       |
|    policy_gradient_loss | 0.00149    |
|    std                  | 0.712      |
|    value_loss           | 71.5       |
----------------------------------------
-----------------------------------------
| paper/                  |             |
|    accel_variation      | 0.182       |
|    base_reward          | 302         |
|    collision            | 0           |
|    crash_object         | 0           |
|    crash_vehicle        | 0           |
|    episode_cost         | 0           |
|    episode_length       | 1200        |
|    jerk                 | 0.198       |
|    lane_deviation       | 0.573       |
|    max_lane_deviation   | 2           |
|    mean_speed_kmh       | 18.1        |
|    min_ttc              | 0.447       |
|    out_of_road          | 0           |
|    route_completion     | 0.874       |
|    shaped_reward        | -223        |
|    steering_variation   | 0.716       |
|    success              | 0           |
|    ttc_risk             | 0.0121      |
| rollout/                |             |
|    ep_len_mean          | 490         |
|    ep_rew_mean          | -178        |
|    success_rate         | 0.13        |
| time/                   |             |
|    fps                  | 219         |
|    iterations           | 139         |
|    time_elapsed         | 2596        |
|    total_timesteps      | 569344      |
| train/                  |             |
|    approx_kl            | 0.012640262 |
|    clip_fraction        | 0.212       |
|    clip_range           | 0.2         |
|    entropy_loss         | -2.15       |
|    explained_variance   | 0.575       |
|    learning_rate        | 0.0003      |
|    loss                 | 17.1        |
|    n_updates            | 1380        |
|    policy_gradient_loss | 0.00536     |
|    std                  | 0.71        |
|    value_loss           | 50.9        |
-----------------------------------------
-----------------------------------------
| paper/                  |             |
|    accel_variation      | 0.229       |
|    base_reward          | 181         |
|    collision            | 1           |
|    crash_object         | 0           |
|    crash_vehicle        | 1           |
|    episode_cost         | 1           |
|    episode_length       | 1113        |
|    jerk                 | 0.244       |
|    lane_deviation       | 0.746       |
|    max_lane_deviation   | 2           |
|    mean_speed_kmh       | 15.4        |
|    min_ttc              | 0.0876      |
|    out_of_road          | 0           |
|    route_completion     | 0.926       |
|    shaped_reward        | -689        |
|    steering_variation   | 0.674       |
|    success              | 0           |
|    ttc_risk             | 0.0372      |
| rollout/                |             |
|    ep_len_mean          | 526         |
|    ep_rew_mean          | -180        |
|    success_rate         | 0.15        |
| time/                   |             |
|    fps                  | 219         |
|    iterations           | 140         |
|    time_elapsed         | 2606        |
|    total_timesteps      | 573440      |
| train/                  |             |
|    approx_kl            | 0.006791148 |
|    clip_fraction        | 0.129       |
|    clip_range           | 0.2         |
|    entropy_loss         | -2.14       |
|    explained_variance   | 0.61        |
|    learning_rate        | 0.0003      |
|    loss                 | 26.6        |
|    n_updates            | 1390        |
|    policy_gradient_loss | -0.00517    |
|    std                  | 0.704       |
|    value_loss           | 70.7        |
-----------------------------------------
-----------------------------------------
| paper/                  |             |
|    accel_variation      | 0.219       |
|    base_reward          | 86.8        |
|    collision            | 0           |
|    crash_object         | 0           |
|    crash_vehicle        | 0           |
|    episode_cost         | 1           |
|    episode_length       | 415         |
|    jerk                 | 0.212       |
|    lane_deviation       | 0.552       |
|    max_lane_deviation   | 2           |
|    mean_speed_kmh       | 18.1        |
|    min_ttc              | 19.5        |
|    out_of_road          | 1           |
|    route_completion     | 0.276       |
|    shaped_reward        | -187        |
|    steering_variation   | 0.678       |
|    success              | 0           |
|    ttc_risk             | 0           |
| rollout/                |             |
|    ep_len_mean          | 564         |
|    ep_rew_mean          | -174        |
|    success_rate         | 0.17        |
| time/                   |             |
|    fps                  | 220         |
|    iterations           | 141         |
|    time_elapsed         | 2616        |
|    total_timesteps      | 577536      |
| train/                  |             |
|    approx_kl            | 0.012207427 |
|    clip_fraction        | 0.135       |
|    clip_range           | 0.2         |
|    entropy_loss         | -2.13       |
|    explained_variance   | 0.748       |
|    learning_rate        | 0.0003      |
|    loss                 | 15.6        |
|    n_updates            | 1400        |
|    policy_gradient_loss | -0.00503    |
|    std                  | 0.702       |
|    value_loss           | 65.4        |
-----------------------------------------
-----------------------------------------
| paper/                  |             |
|    accel_variation      | 0.291       |
|    base_reward          | 108         |
|    collision            | 0           |
|    crash_object         | 0           |
|    crash_vehicle        | 0           |
|    episode_cost         | 1           |
|    episode_length       | 412         |
|    jerk                 | 0.272       |
|    lane_deviation       | 0.462       |
|    max_lane_deviation   | 1.68        |
|    mean_speed_kmh       | 18.5        |
|    min_ttc              | 6.03        |
|    out_of_road          | 1           |
|    route_completion     | 0.266       |
|    shaped_reward        | -142        |
|    steering_variation   | 0.703       |
|    success              | 0           |
|    ttc_risk             | 0           |
| rollout/                |             |
|    ep_len_mean          | 592         |
|    ep_rew_mean          | -168        |
|    success_rate         | 0.19        |
| time/                   |             |
|    fps                  | 221         |
|    iterations           | 142         |
|    time_elapsed         | 2627        |
|    total_timesteps      | 581632      |
| train/                  |             |
|    approx_kl            | 0.009369992 |
|    clip_fraction        | 0.202       |
|    clip_range           | 0.2         |
|    entropy_loss         | -2.13       |
|    explained_variance   | 0.812       |
|    learning_rate        | 0.0003      |
|    loss                 | 13.8        |
|    n_updates            | 1410        |
|    policy_gradient_loss | 0.00755     |
|    std                  | 0.701       |
|    value_loss           | 39          |
-----------------------------------------
-----------------------------------------
| paper/                  |             |
|    accel_variation      | 0.251       |
|    base_reward          | 312         |
|    collision            | 0           |
|    crash_object         | 0           |
|    crash_vehicle        | 0           |
|    episode_cost         | 0           |
|    episode_length       | 965         |
|    jerk                 | 0.245       |
|    lane_deviation       | 0.42        |
|    max_lane_deviation   | 1.69        |
|    mean_speed_kmh       | 17.9        |
|    min_ttc              | 4.56        |
|    out_of_road          | 0           |
|    route_completion     | 0.987       |
|    shaped_reward        | 91.7        |
|    steering_variation   | 0.677       |
|    success              | 1           |
|    ttc_risk             | 0.000919    |
| rollout/                |             |
|    ep_len_mean          | 634         |
|    ep_rew_mean          | -157        |
|    success_rate         | 0.21        |
| time/                   |             |
|    fps                  | 221         |
|    iterations           | 143         |
|    time_elapsed         | 2639        |
|    total_timesteps      | 585728      |
| train/                  |             |
|    approx_kl            | 0.006535513 |
|    clip_fraction        | 0.0556      |
|    clip_range           | 0.2         |
|    entropy_loss         | -2.12       |
|    explained_variance   | 0.554       |
|    learning_rate        | 0.0003      |
|    loss                 | 39.8        |
|    n_updates            | 1420        |
|    policy_gradient_loss | -0.00217    |
|    std                  | 0.699       |
|    value_loss           | 80.9        |
-----------------------------------------
-----------------------------------------
| paper/                  |             |
|    accel_variation      | 0.248       |
|    base_reward          | 386         |
|    collision            | 0           |
|    crash_object         | 0           |
|    crash_vehicle        | 0           |
|    episode_cost         | 0           |
|    episode_length       | 964         |
|    jerk                 | 0.263       |
|    lane_deviation       | 0.296       |
|    max_lane_deviation   | 0.994       |
|    mean_speed_kmh       | 18.6        |
|    min_ttc              | 11.3        |
|    out_of_road          | 0           |
|    route_completion     | 0.991       |
|    shaped_reward        | 194         |
|    steering_variation   | 0.686       |
|    success              | 1           |
|    ttc_risk             | 0           |
| rollout/                |             |
|    ep_len_mean          | 657         |
|    ep_rew_mean          | -148        |
|    success_rate         | 0.23        |
| time/                   |             |
|    fps                  | 222         |
|    iterations           | 144         |
|    time_elapsed         | 2650        |
|    total_timesteps      | 589824      |
| train/                  |             |
|    approx_kl            | 0.014695281 |
|    clip_fraction        | 0.182       |
|    clip_range           | 0.2         |
|    entropy_loss         | -2.11       |
|    explained_variance   | 0.704       |
|    learning_rate        | 0.0003      |
|    loss                 | 11.3        |
|    n_updates            | 1430        |
|    policy_gradient_loss | 0.00484     |
|    std                  | 0.695       |
|    value_loss           | 41.2        |
-----------------------------------------
-----------------------------------------
| paper/                  |             |
|    accel_variation      | 0.283       |
|    base_reward          | 291         |
|    collision            | 0           |
|    crash_object         | 0           |
|    crash_vehicle        | 0           |
|    episode_cost         | 0           |
|    episode_length       | 1077        |
|    jerk                 | 0.279       |
|    lane_deviation       | 0.643       |
|    max_lane_deviation   | 2           |
|    mean_speed_kmh       | 18.9        |
|    min_ttc              | 9.76        |
|    out_of_road          | 0           |
|    route_completion     | 0.998       |
|    shaped_reward        | -146        |
|    steering_variation   | 0.665       |
|    success              | 1           |
|    ttc_risk             | 0           |
| rollout/                |             |
|    ep_len_mean          | 689         |
|    ep_rew_mean          | -147        |
|    success_rate         | 0.25        |
| time/                   |             |
|    fps                  | 223         |
|    iterations           | 145         |
|    time_elapsed         | 2659        |
|    total_timesteps      | 593920      |
| train/                  |             |
|    approx_kl            | 0.005499105 |
|    clip_fraction        | 0.14        |
|    clip_range           | 0.2         |
|    entropy_loss         | -2.11       |
|    explained_variance   | 0.7         |
|    learning_rate        | 0.0003      |
|    loss                 | 31.4        |
|    n_updates            | 1440        |
|    policy_gradient_loss | 0.000126    |
|    std                  | 0.693       |
|    value_loss           | 81.1        |
-----------------------------------------
-----------------------------------------
| paper/                  |             |
|    accel_variation      | 0.277       |
|    base_reward          | 401         |
|    collision            | 0           |
|    crash_object         | 0           |
|    crash_vehicle        | 0           |
|    episode_cost         | 0           |
|    episode_length       | 1200        |
|    jerk                 | 0.287       |
|    lane_deviation       | 0.394       |
|    max_lane_deviation   | 1.17        |
|    mean_speed_kmh       | 18.9        |
|    min_ttc              | 10.9        |
|    out_of_road          | 0           |
|    route_completion     | 0.985       |
|    shaped_reward        | 75.6        |
|    steering_variation   | 0.701       |
|    success              | 0           |
|    ttc_risk             | 0           |
| rollout/                |             |
|    ep_len_mean          | 718         |
|    ep_rew_mean          | -143        |
|    success_rate         | 0.27        |
| time/                   |             |
|    fps                  | 224         |
|    iterations           | 146         |
|    time_elapsed         | 2668        |
|    total_timesteps      | 598016      |
| train/                  |             |
|    approx_kl            | 0.006393053 |
|    clip_fraction        | 0.123       |
|    clip_range           | 0.2         |
|    entropy_loss         | -2.1        |
|    explained_variance   | 0.699       |
|    learning_rate        | 0.0003      |
|    loss                 | 30          |
|    n_updates            | 1450        |
|    policy_gradient_loss | -0.000634   |
|    std                  | 0.693       |
|    value_loss           | 77.1        |
-----------------------------------------
-----------------------------------------
| paper/                  |             |
|    accel_variation      | 0.281       |
|    base_reward          | 136         |
|    collision            | 0           |
|    crash_object         | 0           |
|    crash_vehicle        | 0           |
|    episode_cost         | 1           |
|    episode_length       | 473         |
|    jerk                 | 0.283       |
|    lane_deviation       | 0.363       |
|    max_lane_deviation   | 1.5         |
|    mean_speed_kmh       | 18.6        |
|    min_ttc              | 28.4        |
|    out_of_road          | 1           |
|    route_completion     | 0.446       |
|    shaped_reward        | -110        |
|    steering_variation   | 0.694       |
|    success              | 0           |
|    ttc_risk             | 0           |
| rollout/                |             |
|    ep_len_mean          | 751         |
|    ep_rew_mean          | -131        |
|    success_rate         | 0.28        |
| time/                   |             |
|    fps                  | 224         |
|    iterations           | 147         |
|    time_elapsed         | 2678        |
|    total_timesteps      | 602112      |
| train/                  |             |
|    approx_kl            | 0.028004978 |
|    clip_fraction        | 0.137       |
|    clip_range           | 0.2         |
|    entropy_loss         | -2.1        |
|    explained_variance   | 0.687       |
|    learning_rate        | 0.0003      |
|    loss                 | 18.6        |
|    n_updates            | 1460        |
|    policy_gradient_loss | -0.00197    |
|    std                  | 0.693       |
|    value_loss           | 53.4        |
-----------------------------------------
saved_model=outputs/paper_comparison_seed0/runs/risk_ppo_s0/model/final_model.zip
/root/autodl-tmp/projects/sb3/stable-baselines3-master/stable_baselines3/common/on_policy_algorithm.py:150: UserWarning: You are trying to run PPO on the GPU, but it is primarily intended to run on the CPU when not using a CNN policy (you are using ActorCriticPolicy which should be a MlpPolicy). See https://github.com/DLR-RM/stable-baselines3/issues/1245 for more info. You can pass `device='cpu'` or `export CUDA_VISIBLE_DEVICES=` to force using the CPU.Note: The model will train, but the GPU utilization will be poor and the training might take longer than on CPU.
  warnings.warn(
Wrapping the env in a DummyVecEnv.
Wrapping the env in a DummyVecEnv.
Wrapping the env in a DummyVecEnv.
         success  route_completion  collision  out_of_road  cost      reward
density                                                                     
0.00        0.84          0.975041       0.00          0.0  0.00  481.147804
0.08        0.74          0.924390       0.08          0.0  0.08  454.940430
0.15        0.42          0.728584       0.56          0.0  0.56  331.375410
saved_evaluation=outputs/paper_comparison_seed0/evaluations/risk_ppo_s0.csv
/root/autodl-tmp/projects/sb3/stable-baselines3-master/stable_baselines3/common/on_policy_algorithm.py:150: UserWarning: You are trying to run PPO on the GPU, but it is primarily intended to run on the CPU when not using a CNN policy (you are using ActorCriticPolicy which should be a MlpPolicy). See https://github.com/DLR-RM/stable-baselines3/issues/1245 for more info. You can pass `device='cpu'` or `export CUDA_VISIBLE_DEVICES=` to force using the CPU.Note: The model will train, but the GPU utilization will be poor and the training might take longer than on CPU.
  warnings.warn(
Using cuda device
Logging to outputs/paper_comparison_seed0/runs/curriculum_ppo_s0/tensorboard/curriculum_ppo_s0_1
------------------------------------
| paper/                |          |
|    accel_variation    | 0.765    |
|    base_reward        | 7.95     |
|    collision          | 0        |
|    crash_object       | 0        |
|    crash_vehicle      | 0        |
|    episode_cost       | 0        |
|    episode_length     | 600      |
|    jerk               | 0.648    |
|    lane_deviation     | 0.0626   |
|    max_lane_deviation | 0.218    |
|    mean_speed_kmh     | 0.804    |
|    min_ttc            | nan      |
|    out_of_road        | 0        |
|    route_completion   | 0.113    |
|    shaped_reward      | 7.95     |
|    steering_variation | 0.798    |
|    success            | 0        |
|    ttc_risk           | 0        |
| rollout/              |          |
|    ep_len_mean        | 600      |
|    ep_rew_mean        | 6.93     |
|    success_rate       | 0        |
| time/                 |          |
|    fps                | 1162     |
|    iterations         | 1        |
|    time_elapsed       | 3        |
|    total_timesteps    | 4096     |
------------------------------------
-----------------------------------------
| paper/                  |             |
|    accel_variation      | 0.765       |
|    base_reward          | 6.74        |
|    collision            | 0           |
|    crash_object         | 0           |
|    crash_vehicle        | 0           |
|    episode_cost         | 0           |
|    episode_length       | 600         |
|    jerk                 | 0.625       |
|    lane_deviation       | 0.339       |
|    max_lane_deviation   | 0.557       |
|    mean_speed_kmh       | 0.872       |
|    min_ttc              | nan         |
|    out_of_road          | 0           |
|    route_completion     | 0.125       |
|    shaped_reward        | 6.74        |
|    steering_variation   | 0.811       |
|    success              | 0           |
|    ttc_risk             | 0           |
| rollout/                |             |
|    ep_len_mean          | 600         |
|    ep_rew_mean          | 6.04        |
|    success_rate         | 0           |
| time/                   |             |
|    fps                  | 1097        |
|    iterations           | 2           |
|    time_elapsed         | 7           |
|    total_timesteps      | 8192        |
| train/                  |             |
|    approx_kl            | 0.014604899 |
|    clip_fraction        | 0.223       |
|    clip_range           | 0.2         |
|    entropy_loss         | -2.82       |
|    explained_variance   | -0.054      |
|    learning_rate        | 0.0003      |
|    loss                 | -0.0156     |
|    n_updates            | 10          |
|    policy_gradient_loss | -0.0239     |
|    std                  | 0.985       |
|    value_loss           | 0.0229      |
-----------------------------------------
-----------------------------------------
| paper/                  |             |
|    accel_variation      | 0.758       |
|    base_reward          | 10.6        |
|    collision            | 0           |
|    crash_object         | 0           |
|    crash_vehicle        | 0           |
|    episode_cost         | 0           |
|    episode_length       | 600         |
|    jerk                 | 0.587       |
|    lane_deviation       | 0.466       |
|    max_lane_deviation   | 1.33        |
|    mean_speed_kmh       | 1.28        |
|    min_ttc              | nan         |
|    out_of_road          | 0           |
|    route_completion     | 0.18        |
|    shaped_reward        | 10.6        |
|    steering_variation   | 0.761       |
|    success              | 0           |
|    ttc_risk             | 0           |
| rollout/                |             |
|    ep_len_mean          | 598         |
|    ep_rew_mean          | 6.9         |
|    success_rate         | 0           |
| time/                   |             |
|    fps                  | 1096        |
|    iterations           | 3           |
|    time_elapsed         | 11          |
|    total_timesteps      | 12288       |
| train/                  |             |
|    approx_kl            | 0.013950726 |
|    clip_fraction        | 0.198       |
|    clip_range           | 0.2         |
|    entropy_loss         | -2.79       |
|    explained_variance   | 0.0269      |
|    learning_rate        | 0.0003      |
|    loss                 | -0.00864    |
|    n_updates            | 20          |
|    policy_gradient_loss | -0.0203     |
|    std                  | 0.965       |
|    value_loss           | 0.0215      |
-----------------------------------------
-----------------------------------------
| paper/                  |             |
|    accel_variation      | 0.747       |
|    base_reward          | 8.79        |
|    collision            | 0           |
|    crash_object         | 0           |
|    crash_vehicle        | 0           |
|    episode_cost         | 0           |
|    episode_length       | 600         |
|    jerk                 | 0.564       |
|    lane_deviation       | 0.518       |
|    max_lane_deviation   | 0.996       |
|    mean_speed_kmh       | 1.35        |
|    min_ttc              | nan         |
|    out_of_road          | 0           |
|    route_completion     | 0.186       |
|    shaped_reward        | 8.79        |
|    steering_variation   | 0.82        |
|    success              | 0           |
|    ttc_risk             | 0           |
| rollout/                |             |
|    ep_len_mean          | 598         |
|    ep_rew_mean          | 7.53        |
|    success_rate         | 0           |
| time/                   |             |
|    fps                  | 1115        |
|    iterations           | 4           |
|    time_elapsed         | 14          |
|    total_timesteps      | 16384       |
| train/                  |             |
|    approx_kl            | 0.009619515 |
|    clip_fraction        | 0.146       |
|    clip_range           | 0.2         |
|    entropy_loss         | -2.76       |
|    explained_variance   | 0.00402     |
|    learning_rate        | 0.0003      |
|    loss                 | 0.167       |
|    n_updates            | 30          |
|    policy_gradient_loss | -0.00634    |
|    std                  | 0.956       |
|    value_loss           | 0.279       |
-----------------------------------------
--------------------------------------------
| curriculum/                |             |
|    stage                   | 0           |
|    window_cost             | 0.0333      |
|    window_route_completion | 0.179       |
|    window_success          | 0           |
| paper/                     |             |
|    accel_variation         | 0.658       |
|    base_reward             | 16.3        |
|    collision               | 0           |
|    crash_object            | 0           |
|    crash_vehicle           | 0           |
|    episode_cost            | 0           |
|    episode_length          | 600         |
|    jerk                    | 0.526       |
|    lane_deviation          | 0.441       |
|    max_lane_deviation      | 0.974       |
|    mean_speed_kmh          | 1.93        |
|    min_ttc                 | nan         |
|    out_of_road             | 0           |
|    route_completion        | 0.344       |
|    shaped_reward           | 16.3        |
|    steering_variation      | 0.798       |
|    success                 | 0           |
|    ttc_risk                | 0           |
| rollout/                   |             |
|    ep_len_mean             | 599         |
|    ep_rew_mean             | 9.62        |
|    success_rate            | 0           |
| time/                      |             |
|    fps                     | 1131        |
|    iterations              | 5           |
|    time_elapsed            | 18          |
|    total_timesteps         | 20480       |
| train/                     |             |
|    approx_kl               | 0.012150692 |
|    clip_fraction           | 0.132       |
|    clip_range              | 0.2         |
|    entropy_loss            | -2.72       |
|    explained_variance      | -0.221      |
|    learning_rate           | 0.0003      |
|    loss                    | 0.00185     |
|    n_updates               | 40          |
|    policy_gradient_loss    | -0.0126     |
|    std                     | 0.932       |
|    value_loss              | 0.0422      |
--------------------------------------------
--------------------------------------------
| curriculum/                |             |
|    stage                   | 0           |
|    window_cost             | 0.167       |
|    window_route_completion | 0.242       |
|    window_success          | 0           |
| paper/                     |             |
|    accel_variation         | 0.681       |
|    base_reward             | 9.8         |
|    collision               | 0           |
|    crash_object            | 0           |
|    crash_vehicle           | 0           |
|    episode_cost            | 0           |
|    episode_length          | 600         |
|    jerk                    | 0.529       |
|    lane_deviation          | 1.04        |
|    max_lane_deviation      | 2           |
|    mean_speed_kmh          | 1.79        |
|    min_ttc                 | nan         |
|    out_of_road             | 0           |
|    route_completion        | 0.302       |
|    shaped_reward           | 9.8         |
|    steering_variation      | 0.791       |
|    success                 | 0           |
|    ttc_risk                | 0           |
| rollout/                   |             |
|    ep_len_mean             | 578         |
|    ep_rew_mean             | 9.35        |
|    success_rate            | 0           |
| time/                      |             |
|    fps                     | 1140        |
|    iterations              | 6           |
|    time_elapsed            | 21          |
|    total_timesteps         | 24576       |
| train/                     |             |
|    approx_kl               | 0.010240856 |
|    clip_fraction           | 0.136       |
|    clip_range              | 0.2         |
|    entropy_loss            | -2.68       |
|    explained_variance      | 0.289       |
|    learning_rate           | 0.0003      |
|    loss                    | 0.0247      |
|    n_updates               | 50          |
|    policy_gradient_loss    | -0.0125     |
|    std                     | 0.918       |
|    value_loss              | 0.0916      |
--------------------------------------------
--------------------------------------------
| curriculum/                |             |
|    stage                   | 0           |
|    window_cost             | 0.333       |
|    window_route_completion | 0.307       |
|    window_success          | 0           |
| paper/                     |             |
|    accel_variation         | 0.565       |
|    base_reward             | 10.2        |
|    collision               | 0           |
|    crash_object            | 0           |
|    crash_vehicle           | 0           |
|    episode_cost            | 1           |
|    episode_length          | 392         |
|    jerk                    | 0.463       |
|    lane_deviation          | 0.395       |
|    max_lane_deviation      | 1.03        |
|    mean_speed_kmh          | 3.41        |
|    min_ttc                 | nan         |
|    out_of_road             | 1           |
|    route_completion        | 0.404       |
|    shaped_reward           | 10.2        |
|    steering_variation      | 0.738       |
|    success                 | 0           |
|    ttc_risk                | 0           |
| rollout/                   |             |
|    ep_len_mean             | 555         |
|    ep_rew_mean             | 9.12        |
|    success_rate            | 0           |
| time/                      |             |
|    fps                     | 1116        |
|    iterations              | 7           |
|    time_elapsed            | 25          |
|    total_timesteps         | 28672       |
| train/                     |             |
|    approx_kl               | 0.007168514 |
|    clip_fraction           | 0.0813      |
|    clip_range              | 0.2         |
|    entropy_loss            | -2.66       |
|    explained_variance      | 0.0514      |
|    learning_rate           | 0.0003      |
|    loss                    | 0.319       |
|    n_updates               | 60          |
|    policy_gradient_loss    | -0.00229    |
|    std                     | 0.913       |
|    value_loss              | 1.21        |
--------------------------------------------
--------------------------------------------
| curriculum/                |             |
|    stage                   | 0           |
|    window_cost             | 0.433       |
|    window_route_completion | 0.398       |
|    window_success          | 0           |
| paper/                     |             |
|    accel_variation         | 0.429       |
|    base_reward             | 48.8        |
|    collision               | 0           |
|    crash_object            | 0           |
|    crash_vehicle           | 0           |
|    episode_cost            | 0           |
|    episode_length          | 600         |
|    jerk                    | 0.367       |
|    lane_deviation          | 0.428       |
|    max_lane_deviation      | 1.06        |
|    mean_speed_kmh          | 5.2         |
|    min_ttc                 | nan         |
|    out_of_road             | 0           |
|    route_completion        | 0.756       |
|    shaped_reward           | 48.8        |
|    steering_variation      | 0.814       |
|    success                 | 0           |
|    ttc_risk                | 0           |
| rollout/                   |             |
|    ep_len_mean             | 552         |
|    ep_rew_mean             | 11.3        |
|    success_rate            | 0           |
| time/                      |             |
|    fps                     | 1094        |
|    iterations              | 8           |
|    time_elapsed            | 29          |
|    total_timesteps         | 32768       |
| train/                     |             |
|    approx_kl               | 0.007867219 |
|    clip_fraction           | 0.0881      |
|    clip_range              | 0.2         |
|    entropy_loss            | -2.65       |
|    explained_variance      | 0.205       |
|    learning_rate           | 0.0003      |
|    loss                    | 0.743       |
|    n_updates               | 70          |
|    policy_gradient_loss    | -0.00318    |
|    std                     | 0.91        |
|    value_loss              | 1.51        |
--------------------------------------------
--------------------------------------------
| curriculum/                |             |
|    stage                   | 0           |
|    window_cost             | 0.7         |
|    window_route_completion | 0.438       |
|    window_success          | 0           |
| paper/                     |             |
|    accel_variation         | 0.423       |
|    base_reward             | -2.79       |
|    collision               | 0           |
|    crash_object            | 0           |
|    crash_vehicle           | 0           |
|    episode_cost            | 1           |
|    episode_length          | 152         |
|    jerk                    | 0.366       |
|    lane_deviation          | 1.13        |
|    max_lane_deviation      | 2           |
|    mean_speed_kmh          | 6.07        |
|    min_ttc                 | nan         |
|    out_of_road             | 1           |
|    route_completion        | 0.256       |
|    shaped_reward           | -2.79       |
|    steering_variation      | 0.785       |
|    success                 | 0           |
|    ttc_risk                | 0           |
| rollout/                   |             |
|    ep_len_mean             | 511         |
|    ep_rew_mean             | 10.2        |
|    success_rate            | 0           |
| time/                      |             |
|    fps                     | 1078        |
|    iterations              | 9           |
|    time_elapsed            | 34          |
|    total_timesteps         | 36864       |
| train/                     |             |
|    approx_kl               | 0.011443371 |
|    clip_fraction           | 0.115       |
|    clip_range              | 0.2         |
|    entropy_loss            | -2.63       |
|    explained_variance      | 0.614       |
|    learning_rate           | 0.0003      |
|    loss                    | 0.321       |
|    n_updates               | 80          |
|    policy_gradient_loss    | -0.00617    |
|    std                     | 0.899       |
|    value_loss              | 0.822       |
--------------------------------------------
---------------------------------------------
| curriculum/                |              |
|    stage                   | 0            |
|    window_cost             | 0.667        |
|    window_route_completion | 0.53         |
|    window_success          | 0            |
| paper/                     |              |
|    accel_variation         | 0.44         |
|    base_reward             | 44.4         |
|    collision               | 0            |
|    crash_object            | 0            |
|    crash_vehicle           | 0            |
|    episode_cost            | 0            |
|    episode_length          | 600          |
|    jerk                    | 0.378        |
|    lane_deviation          | 0.822        |
|    max_lane_deviation      | 1.91         |
|    mean_speed_kmh          | 5.69         |
|    min_ttc                 | nan          |
|    out_of_road             | 0            |
|    route_completion        | 0.871        |
|    shaped_reward           | 44.4         |
|    steering_variation      | 0.789        |
|    success                 | 0            |
|    ttc_risk                | 0            |
| rollout/                   |              |
|    ep_len_mean             | 517          |
|    ep_rew_mean             | 12.1         |
|    success_rate            | 0            |
| time/                      |              |
|    fps                     | 1077         |
|    iterations              | 10           |
|    time_elapsed            | 38           |
|    total_timesteps         | 40960        |
| train/                     |              |
|    approx_kl               | 0.0071712444 |
|    clip_fraction           | 0.0935       |
|    clip_range              | 0.2          |
|    entropy_loss            | -2.62        |
|    explained_variance      | 0.663        |
|    learning_rate           | 0.0003       |
|    loss                    | 0.778        |
|    n_updates               | 90           |
|    policy_gradient_loss    | -0.00558     |
|    std                     | 0.9          |
|    value_loss              | 2.11         |
---------------------------------------------
--------------------------------------------
| curriculum/                |             |
|    stage                   | 0           |
|    window_cost             | 0.467       |
|    window_route_completion | 0.645       |
|    window_success          | 0.1         |
| paper/                     |             |
|    accel_variation         | 0.43        |
|    base_reward             | 5.87        |
|    collision               | 0           |
|    crash_object            | 0           |
|    crash_vehicle           | 0           |
|    episode_cost            | 1           |
|    episode_length          | 204         |
|    jerk                    | 0.401       |
|    lane_deviation          | 1.01        |
|    max_lane_deviation      | 2           |
|    mean_speed_kmh          | 5.85        |
|    min_ttc                 | nan         |
|    out_of_road             | 1           |
|    route_completion        | 0.224       |
|    shaped_reward           | 5.87        |
|    steering_variation      | 0.796       |
|    success                 | 0           |
|    ttc_risk                | 0           |
| rollout/                   |             |
|    ep_len_mean             | 519         |
|    ep_rew_mean             | 15.6        |
|    success_rate            | 0.0353      |
| time/                      |             |
|    fps                     | 1073        |
|    iterations              | 11          |
|    time_elapsed            | 41          |
|    total_timesteps         | 45056       |
| train/                     |             |
|    approx_kl               | 0.013370231 |
|    clip_fraction           | 0.147       |
|    clip_range              | 0.2         |
|    entropy_loss            | -2.61       |
|    explained_variance      | 0.718       |
|    learning_rate           | 0.0003      |
|    loss                    | 0.444       |
|    n_updates               | 100         |
|    policy_gradient_loss    | -0.00923    |
|    std                     | 0.889       |
|    value_loss              | 0.89        |
--------------------------------------------
--------------------------------------------
| curriculum/                |             |
|    stage                   | 0           |
|    window_cost             | 0.4         |
|    window_route_completion | 0.718       |
|    window_success          | 0.267       |
| paper/                     |             |
|    accel_variation         | 0.315       |
|    base_reward             | 8.37        |
|    collision               | 0           |
|    crash_object            | 0           |
|    crash_vehicle           | 0           |
|    episode_cost            | 1           |
|    episode_length          | 176         |
|    jerk                    | 0.304       |
|    lane_deviation          | 0.666       |
|    max_lane_deviation      | 1.53        |
|    mean_speed_kmh          | 8.32        |
|    min_ttc                 | nan         |
|    out_of_road             | 1           |
|    route_completion        | 0.4         |
|    shaped_reward           | 8.37        |
|    steering_variation      | 0.723       |
|    success                 | 0           |
|    ttc_risk                | 0           |
| rollout/                   |             |
|    ep_len_mean             | 497         |
|    ep_rew_mean             | 17.9        |
|    success_rate            | 0.0833      |
| time/                      |             |
|    fps                     | 1061        |
|    iterations              | 12          |
|    time_elapsed            | 46          |
|    total_timesteps         | 49152       |
| train/                     |             |
|    approx_kl               | 0.016030148 |
|    clip_fraction           | 0.171       |
|    clip_range              | 0.2         |
|    entropy_loss            | -2.59       |
|    explained_variance      | 0.554       |
|    learning_rate           | 0.0003      |
|    loss                    | 0.941       |
|    n_updates               | 110         |
|    policy_gradient_loss    | -0.00451    |
|    std                     | 0.884       |
|    value_loss              | 2.65        |
--------------------------------------------
--------------------------------------------
| curriculum/                |             |
|    stage                   | 0           |
|    window_cost             | 0.433       |
|    window_route_completion | 0.761       |
|    window_success          | 0.4         |
| paper/                     |             |
|    accel_variation         | 0.364       |
|    base_reward             | 47.1        |
|    collision               | 0           |
|    crash_object            | 0           |
|    crash_vehicle           | 0           |
|    episode_cost            | 0           |
|    episode_length          | 482         |
|    jerk                    | 0.32        |
|    lane_deviation          | 1.24        |
|    max_lane_deviation      | 2           |
|    mean_speed_kmh          | 7.17        |
|    min_ttc                 | nan         |
|    out_of_road             | 0           |
|    route_completion        | 0.95        |
|    shaped_reward           | 47.1        |
|    steering_variation      | 0.767       |
|    success                 | 1           |
|    ttc_risk                | 0           |
| rollout/                   |             |
|    ep_len_mean             | 475         |
|    ep_rew_mean             | 20.4        |
|    success_rate            | 0.13        |
| time/                      |             |
|    fps                     | 1057        |
|    iterations              | 13          |
|    time_elapsed            | 50          |
|    total_timesteps         | 53248       |
| train/                     |             |
|    approx_kl               | 0.025832787 |
|    clip_fraction           | 0.124       |
|    clip_range              | 0.2         |
|    entropy_loss            | -2.58       |
|    explained_variance      | 0.294       |
|    learning_rate           | 0.0003      |
|    loss                    | 2.52        |
|    n_updates               | 120         |
|    policy_gradient_loss    | -0.00293    |
|    std                     | 0.877       |
|    value_loss              | 5.74        |
--------------------------------------------
--------------------------------------------
| curriculum/                |             |
|    stage                   | 0           |
|    window_cost             | 0.5         |
|    window_route_completion | 0.828       |
|    window_success          | 0.467       |
| paper/                     |             |
|    accel_variation         | 0.313       |
|    base_reward             | 41.5        |
|    collision               | 0           |
|    crash_object            | 0           |
|    crash_vehicle           | 0           |
|    episode_cost            | 1           |
|    episode_length          | 410         |
|    jerk                    | 0.276       |
|    lane_deviation          | 0.696       |
|    max_lane_deviation      | 2           |
|    mean_speed_kmh          | 10          |
|    min_ttc                 | nan         |
|    out_of_road             | 1           |
|    route_completion        | 0.927       |
|    shaped_reward           | 41.5        |
|    steering_variation      | 0.779       |
|    success                 | 0           |
|    ttc_risk                | 0           |
| rollout/                   |             |
|    ep_len_mean             | 447         |
|    ep_rew_mean             | 24.1        |
|    success_rate            | 0.18        |
| time/                      |             |
|    fps                     | 1037        |
|    iterations              | 14          |
|    time_elapsed            | 55          |
|    total_timesteps         | 57344       |
| train/                     |             |
|    approx_kl               | 0.026788004 |
|    clip_fraction           | 0.232       |
|    clip_range              | 0.2         |
|    entropy_loss            | -2.57       |
|    explained_variance      | 0.502       |
|    learning_rate           | 0.0003      |
|    loss                    | 2.59        |
|    n_updates               | 130         |
|    policy_gradient_loss    | -0.00401    |
|    std                     | 0.876       |
|    value_loss              | 4.87        |
--------------------------------------------
--------------------------------------------
| curriculum/                |             |
|    stage                   | 0           |
|    window_cost             | 0.467       |
|    window_route_completion | 0.882       |
|    window_success          | 0.533       |
| paper/                     |             |
|    accel_variation         | 0.246       |
|    base_reward             | 38.2        |
|    collision               | 0           |
|    crash_object            | 0           |
|    crash_vehicle           | 0           |
|    episode_cost            | 1           |
|    episode_length          | 363         |
|    jerk                    | 0.232       |
|    lane_deviation          | 0.504       |
|    max_lane_deviation      | 1.25        |
|    mean_speed_kmh          | 11.3        |
|    min_ttc                 | nan         |
|    out_of_road             | 1           |
|    route_completion        | 0.934       |
|    shaped_reward           | 38.2        |
|    steering_variation      | 0.751       |
|    success                 | 0           |
|    ttc_risk                | 0           |
| rollout/                   |             |
|    ep_len_mean             | 415         |
|    ep_rew_mean             | 29.8        |
|    success_rate            | 0.26        |
| time/                      |             |
|    fps                     | 1031        |
|    iterations              | 15          |
|    time_elapsed            | 59          |
|    total_timesteps         | 61440       |
| train/                     |             |
|    approx_kl               | 0.007752121 |
|    clip_fraction           | 0.118       |
|    clip_range              | 0.2         |
|    entropy_loss            | -2.56       |
|    explained_variance      | 0.391       |
|    learning_rate           | 0.0003      |
|    loss                    | 3.24        |
|    n_updates               | 140         |
|    policy_gradient_loss    | -0.000613   |
|    std                     | 0.871       |
|    value_loss              | 6.35        |
--------------------------------------------
--------------------------------------------
| curriculum/                |             |
|    stage                   | 0           |
|    window_cost             | 0.333       |
|    window_route_completion | 0.891       |
|    window_success          | 0.667       |
| paper/                     |             |
|    accel_variation         | 0.295       |
|    base_reward             | 61.4        |
|    collision               | 0           |
|    crash_object            | 0           |
|    crash_vehicle           | 0           |
|    episode_cost            | 0           |
|    episode_length          | 375         |
|    jerk                    | 0.266       |
|    lane_deviation          | 0.437       |
|    max_lane_deviation      | 0.997       |
|    mean_speed_kmh          | 8.39        |
|    min_ttc                 | nan         |
|    out_of_road             | 0           |
|    route_completion        | 0.948       |
|    shaped_reward           | 61.4        |
|    steering_variation      | 0.806       |
|    success                 | 1           |
|    ttc_risk                | 0           |
| rollout/                   |             |
|    ep_len_mean             | 389         |
|    ep_rew_mean             | 36.7        |
|    success_rate            | 0.35        |
| time/                      |             |
|    fps                     | 1029        |
|    iterations              | 16          |
|    time_elapsed            | 63          |
|    total_timesteps         | 65536       |
| train/                     |             |
|    approx_kl               | 0.007848133 |
|    clip_fraction           | 0.1         |
|    clip_range              | 0.2         |
|    entropy_loss            | -2.55       |
|    explained_variance      | 0.289       |
|    learning_rate           | 0.0003      |
|    loss                    | 3.92        |
|    n_updates               | 150         |
|    policy_gradient_loss    | -0.000859   |
|    std                     | 0.867       |
|    value_loss              | 7.51        |
--------------------------------------------
--------------------------------------------
| curriculum/                |             |
|    stage                   | 1           |
|    window_cost             | 0.2         |
|    window_route_completion | 0.937       |
|    window_success          | 0.8         |
| paper/                     |             |
|    accel_variation         | 0.211       |
|    base_reward             | 8.38        |
|    collision               | 0           |
|    crash_object            | 0           |
|    crash_vehicle           | 0           |
|    episode_cost            | 1           |
|    episode_length          | 105         |
|    jerk                    | 0.2         |
|    lane_deviation          | 0.269       |
|    max_lane_deviation      | 1.1         |
|    mean_speed_kmh          | 9.3         |
|    min_ttc                 | 24.5        |
|    out_of_road             | 1           |
|    route_completion        | 0.0764      |
|    shaped_reward           | 8.38        |
|    steering_variation      | 0.746       |
|    success                 | 0           |
|    ttc_risk                | 0           |
| rollout/                   |             |
|    ep_len_mean             | 362         |
|    ep_rew_mean             | 43.9        |
|    success_rate            | 0.46        |
| time/                      |             |
|    fps                     | 1010        |
|    iterations              | 17          |
|    time_elapsed            | 68          |
|    total_timesteps         | 69632       |
| train/                     |             |
|    approx_kl               | 0.007590214 |
|    clip_fraction           | 0.162       |
|    clip_range              | 0.2         |
|    entropy_loss            | -2.54       |
|    explained_variance      | 0.201       |
|    learning_rate           | 0.0003      |
|    loss                    | 3.33        |
|    n_updates               | 160         |
|    policy_gradient_loss    | 0.00213     |
|    std                     | 0.861       |
|    value_loss              | 6.29        |
--------------------------------------------
-----------------------------------------
| paper/                  |             |
|    accel_variation      | 0.234       |
|    base_reward          | 18.9        |
|    collision            | 0           |
|    crash_object         | 0           |
|    crash_vehicle        | 0           |
|    episode_cost         | 1           |
|    episode_length       | 265         |
|    jerk                 | 0.193       |
|    lane_deviation       | 0.658       |
|    max_lane_deviation   | 1.44        |
|    mean_speed_kmh       | 11.4        |
|    min_ttc              | nan         |
|    out_of_road          | 1           |
|    route_completion     | 0.299       |
|    shaped_reward        | 18.9        |
|    steering_variation   | 0.783       |
|    success              | 0           |
|    ttc_risk             | 0           |
| rollout/                |             |
|    ep_len_mean          | 378         |
|    ep_rew_mean          | 50.2        |
|    success_rate         | 0.46        |
| time/                   |             |
|    fps                  | 985         |
|    iterations           | 18          |
|    time_elapsed         | 74          |
|    total_timesteps      | 73728       |
| train/                  |             |
|    approx_kl            | 0.006420751 |
|    clip_fraction        | 0.116       |
|    clip_range           | 0.2         |
|    entropy_loss         | -2.52       |
|    explained_variance   | 0.276       |
|    learning_rate        | 0.0003      |
|    loss                 | 3.21        |
|    n_updates            | 170         |
|    policy_gradient_loss | -0.00332    |
|    std                  | 0.853       |
|    value_loss           | 7.75        |
-----------------------------------------
----------------------------------------
| paper/                  |            |
|    accel_variation      | 0.172      |
|    base_reward          | 68.7       |
|    collision            | 0          |
|    crash_object         | 0          |
|    crash_vehicle        | 0          |
|    episode_cost         | 1          |
|    episode_length       | 344        |
|    jerk                 | 0.144      |
|    lane_deviation       | 0.586      |
|    max_lane_deviation   | 1.75       |
|    mean_speed_kmh       | 19.4       |
|    min_ttc              | nan        |
|    out_of_road          | 1          |
|    route_completion     | 0.677      |
|    shaped_reward        | 68.7       |
|    steering_variation   | 0.69       |
|    success              | 0          |
|    ttc_risk             | 0          |
| rollout/                |            |
|    ep_len_mean          | 384        |
|    ep_rew_mean          | 57.1       |
|    success_rate         | 0.46       |
| time/                   |            |
|    fps                  | 966        |
|    iterations           | 19         |
|    time_elapsed         | 80         |
|    total_timesteps      | 77824      |
| train/                  |            |
|    approx_kl            | 0.03941869 |
|    clip_fraction        | 0.12       |
|    clip_range           | 0.2        |
|    entropy_loss         | -2.51      |
|    explained_variance   | 0.37       |
|    learning_rate        | 0.0003     |
|    loss                 | 2.32       |
|    n_updates            | 180        |
|    policy_gradient_loss | -0.0061    |
|    std                  | 0.845      |
|    value_loss           | 4.75       |
----------------------------------------
-----------------------------------------
| paper/                  |             |
|    accel_variation      | 0.208       |
|    base_reward          | 157         |
|    collision            | 0           |
|    crash_object         | 0           |
|    crash_vehicle        | 0           |
|    episode_cost         | 1           |
|    episode_length       | 626         |
|    jerk                 | 0.202       |
|    lane_deviation       | 0.41        |
|    max_lane_deviation   | 1.59        |
|    mean_speed_kmh       | 16.2        |
|    min_ttc              | nan         |
|    out_of_road          | 1           |
|    route_completion     | 0.965       |
|    shaped_reward        | 157         |
|    steering_variation   | 0.714       |
|    success              | 0           |
|    ttc_risk             | 0           |
| rollout/                |             |
|    ep_len_mean          | 393         |
|    ep_rew_mean          | 65.4        |
|    success_rate         | 0.48        |
| time/                   |             |
|    fps                  | 962         |
|    iterations           | 20          |
|    time_elapsed         | 85          |
|    total_timesteps      | 81920       |
| train/                  |             |
|    approx_kl            | 0.011379022 |
|    clip_fraction        | 0.191       |
|    clip_range           | 0.2         |
|    entropy_loss         | -2.49       |
|    explained_variance   | 0.231       |
|    learning_rate        | 0.0003      |
|    loss                 | 5.54        |
|    n_updates            | 190         |
|    policy_gradient_loss | 0.0038      |
|    std                  | 0.841       |
|    value_loss           | 8.43        |
-----------------------------------------
--------------------------------------------
| curriculum/                |             |
|    stage                   | 1           |
|    window_cost             | 0.533       |
|    window_route_completion | 0.662       |
|    window_success          | 0.2         |
| paper/                     |             |
|    accel_variation         | 0.208       |
|    base_reward             | 55.5        |
|    collision               | 0           |
|    crash_object            | 0           |
|    crash_vehicle           | 0           |
|    episode_cost            | 1           |
|    episode_length          | 276         |
|    jerk                    | 0.175       |
|    lane_deviation          | 0.489       |
|    max_lane_deviation      | 1.1         |
|    mean_speed_kmh          | 17.9        |
|    min_ttc                 | nan         |
|    out_of_road             | 1           |
|    route_completion        | 0.401       |
|    shaped_reward           | 55.5        |
|    steering_variation      | 0.675       |
|    success                 | 0           |
|    ttc_risk                | 0           |
| rollout/                   |             |
|    ep_len_mean             | 396         |
|    ep_rew_mean             | 71.1        |
|    success_rate            | 0.49        |
| time/                      |             |
|    fps                     | 956         |
|    iterations              | 21          |
|    time_elapsed            | 89          |
|    total_timesteps         | 86016       |
| train/                     |             |
|    approx_kl               | 0.010949122 |
|    clip_fraction           | 0.206       |
|    clip_range              | 0.2         |
|    entropy_loss            | -2.47       |
|    explained_variance      | 0.26        |
|    learning_rate           | 0.0003      |
|    loss                    | 2.86        |
|    n_updates               | 200         |
|    policy_gradient_loss    | 0.00563     |
|    std                     | 0.829       |
|    value_loss              | 4.33        |
--------------------------------------------
--------------------------------------------
| curriculum/                |             |
|    stage                   | 1           |
|    window_cost             | 0.433       |
|    window_route_completion | 0.763       |
|    window_success          | 0.4         |
| paper/                     |             |
|    accel_variation         | 0.185       |
|    base_reward             | 114         |
|    collision               | 0           |
|    crash_object            | 0           |
|    crash_vehicle           | 0           |
|    episode_cost            | 1           |
|    episode_length          | 417         |
|    jerk                    | 0.174       |
|    lane_deviation          | 0.377       |
|    max_lane_deviation      | 1.23        |
|    mean_speed_kmh          | 17.8        |
|    min_ttc                 | nan         |
|    out_of_road             | 1           |
|    route_completion        | 0.876       |
|    shaped_reward           | 114         |
|    steering_variation      | 0.692       |
|    success                 | 0           |
|    ttc_risk                | 0           |
| rollout/                   |             |
|    ep_len_mean             | 415         |
|    ep_rew_mean             | 81.4        |
|    success_rate            | 0.51        |
| time/                      |             |
|    fps                     | 946         |
|    iterations              | 22          |
|    time_elapsed            | 95          |
|    total_timesteps         | 90112       |
| train/                     |             |
|    approx_kl               | 0.007923907 |
|    clip_fraction           | 0.151       |
|    clip_range              | 0.2         |
|    entropy_loss            | -2.45       |
|    explained_variance      | 0.441       |
|    learning_rate           | 0.0003      |
|    loss                    | 4.61        |
|    n_updates               | 210         |
|    policy_gradient_loss    | -0.00397    |
|    std                     | 0.825       |
|    value_loss              | 7.09        |
--------------------------------------------
--------------------------------------------
| curriculum/                |             |
|    stage                   | 1           |
|    window_cost             | 0.4         |
|    window_route_completion | 0.796       |
|    window_success          | 0.467       |
| paper/                     |             |
|    accel_variation         | 0.172       |
|    base_reward             | 89.6        |
|    collision               | 0           |
|    crash_object            | 0           |
|    crash_vehicle           | 0           |
|    episode_cost            | 1           |
|    episode_length          | 532         |
|    jerk                    | 0.159       |
|    lane_deviation          | 0.528       |
|    max_lane_deviation      | 2           |
|    mean_speed_kmh          | 14.4        |
|    min_ttc                 | nan         |
|    out_of_road             | 1           |
|    route_completion        | 0.495       |
|    shaped_reward           | 89.6        |
|    steering_variation      | 0.671       |
|    success                 | 0           |
|    ttc_risk                | 0           |
| rollout/                   |             |
|    ep_len_mean             | 429         |
|    ep_rew_mean             | 87.9        |
|    success_rate            | 0.51        |
| time/                      |             |
|    fps                     | 935         |
|    iterations              | 23          |
|    time_elapsed            | 100         |
|    total_timesteps         | 94208       |
| train/                     |             |
|    approx_kl               | 0.007055478 |
|    clip_fraction           | 0.12        |
|    clip_range              | 0.2         |
|    entropy_loss            | -2.43       |
|    explained_variance      | 0.409       |
|    learning_rate           | 0.0003      |
|    loss                    | 1.56        |
|    n_updates               | 220         |
|    policy_gradient_loss    | -0.000848   |
|    std                     | 0.812       |
|    value_loss              | 4.42        |
--------------------------------------------
--------------------------------------------
| curriculum/                |             |
|    stage                   | 1           |
|    window_cost             | 0.267       |
|    window_route_completion | 0.841       |
|    window_success          | 0.567       |
| paper/                     |             |
|    accel_variation         | 0.168       |
|    base_reward             | 214         |
|    collision               | 0           |
|    crash_object            | 0           |
|    crash_vehicle           | 0           |
|    episode_cost            | 0           |
|    episode_length          | 630         |
|    jerk                    | 0.157       |
|    lane_deviation          | 0.384       |
|    max_lane_deviation      | 1.45        |
|    mean_speed_kmh          | 17.9        |
|    min_ttc                 | nan         |
|    out_of_road             | 0           |
|    route_completion        | 0.984       |
|    shaped_reward           | 214         |
|    steering_variation      | 0.653       |
|    success                 | 1           |
|    ttc_risk                | 0           |
| rollout/                   |             |
|    ep_len_mean             | 450         |
|    ep_rew_mean             | 101         |
|    success_rate            | 0.53        |
| time/                      |             |
|    fps                     | 929         |
|    iterations              | 24          |
|    time_elapsed            | 105         |
|    total_timesteps         | 98304       |
| train/                     |             |
|    approx_kl               | 0.010581472 |
|    clip_fraction           | 0.118       |
|    clip_range              | 0.2         |
|    entropy_loss            | -2.41       |
|    explained_variance      | 0.312       |
|    learning_rate           | 0.0003      |
|    loss                    | 3.17        |
|    n_updates               | 230         |
|    policy_gradient_loss    | 0.00138     |
|    std                     | 0.807       |
|    value_loss              | 7.81        |
--------------------------------------------
--------------------------------------------
| curriculum/                |             |
|    stage                   | 2           |
|    window_cost             | 0.233       |
|    window_route_completion | 0.883       |
|    window_success          | 0.667       |
| paper/                     |             |
|    accel_variation         | 0.195       |
|    base_reward             | 212         |
|    collision               | 0           |
|    crash_object            | 0           |
|    crash_vehicle           | 0           |
|    episode_cost            | 0           |
|    episode_length          | 512         |
|    jerk                    | 0.178       |
|    lane_deviation          | 0.377       |
|    max_lane_deviation      | 1.71        |
|    mean_speed_kmh          | 21.1        |
|    min_ttc                 | 6.52        |
|    out_of_road             | 0           |
|    route_completion        | 0.991       |
|    shaped_reward           | 212         |
|    steering_variation      | 0.685       |
|    success                 | 1           |
|    ttc_risk                | 0           |
| rollout/                   |             |
|    ep_len_mean             | 472         |
|    ep_rew_mean             | 115         |
|    success_rate            | 0.57        |
| time/                      |             |
|    fps                     | 916         |
|    iterations              | 25          |
|    time_elapsed            | 111         |
|    total_timesteps         | 102400      |
| train/                     |             |
|    approx_kl               | 0.085301846 |
|    clip_fraction           | 0.113       |
|    clip_range              | 0.2         |
|    entropy_loss            | -2.4        |
|    explained_variance      | 0.684       |
|    learning_rate           | 0.0003      |
|    loss                    | 1.68        |
|    n_updates               | 240         |
|    policy_gradient_loss    | 0.00682     |
|    std                     | 0.8         |
|    value_loss              | 3.52        |
--------------------------------------------
-----------------------------------------
| paper/                  |             |
|    accel_variation      | 0.183       |
|    base_reward          | 22.9        |
|    collision            | 0           |
|    crash_object         | 0           |
|    crash_vehicle        | 0           |
|    episode_cost         | 1           |
|    episode_length       | 151         |
|    jerk                 | 0.159       |
|    lane_deviation       | 0.518       |
|    max_lane_deviation   | 1.47        |
|    mean_speed_kmh       | 17.1        |
|    min_ttc              | 3.19        |
|    out_of_road          | 1           |
|    route_completion     | 0.102       |
|    shaped_reward        | 22.9        |
|    steering_variation   | 0.63        |
|    success              | 0           |
|    ttc_risk             | 0.0268      |
| rollout/                |             |
|    ep_len_mean          | 482         |
|    ep_rew_mean          | 121         |
|    success_rate         | 0.56        |
| time/                   |             |
|    fps                  | 870         |
|    iterations           | 26          |
|    time_elapsed         | 122         |
|    total_timesteps      | 106496      |
| train/                  |             |
|    approx_kl            | 0.024684642 |
|    clip_fraction        | 0.193       |
|    clip_range           | 0.2         |
|    entropy_loss         | -2.38       |
|    explained_variance   | 0.594       |
|    learning_rate        | 0.0003      |
|    loss                 | 3.76        |
|    n_updates            | 250         |
|    policy_gradient_loss | 0.000914    |
|    std                  | 0.792       |
|    value_loss           | 5.43        |
-----------------------------------------
-----------------------------------------
| paper/                  |             |
|    accel_variation      | 0.142       |
|    base_reward          | 216         |
|    collision            | 1           |
|    crash_object         | 0           |
|    crash_vehicle        | 1           |
|    episode_cost         | 1           |
|    episode_length       | 516         |
|    jerk                 | 0.133       |
|    lane_deviation       | 0.469       |
|    max_lane_deviation   | 2           |
|    mean_speed_kmh       | 26.9        |
|    min_ttc              | 1.14        |
|    out_of_road          | 0           |
|    route_completion     | 0.565       |
|    shaped_reward        | 216         |
|    steering_variation   | 0.635       |
|    success              | 0           |
|    ttc_risk             | 0.0303      |
| rollout/                |             |
|    ep_len_mean          | 496         |
|    ep_rew_mean          | 129         |
|    success_rate         | 0.56        |
| time/                   |             |
|    fps                  | 842         |
|    iterations           | 27          |
|    time_elapsed         | 131         |
|    total_timesteps      | 110592      |
| train/                  |             |
|    approx_kl            | 0.014676489 |
|    clip_fraction        | 0.131       |
|    clip_range           | 0.2         |
|    entropy_loss         | -2.37       |
|    explained_variance   | 0.5         |
|    learning_rate        | 0.0003      |
|    loss                 | 4.74        |
|    n_updates            | 260         |
|    policy_gradient_loss | -0.00343    |
|    std                  | 0.789       |
|    value_loss           | 8.8         |
-----------------------------------------
-----------------------------------------
| paper/                  |             |
|    accel_variation      | 0.19        |
|    base_reward          | 55          |
|    collision            | 0           |
|    crash_object         | 0           |
|    crash_vehicle        | 0           |
|    episode_cost         | 1           |
|    episode_length       | 245         |
|    jerk                 | 0.176       |
|    lane_deviation       | 0.595       |
|    max_lane_deviation   | 2           |
|    mean_speed_kmh       | 19.9        |
|    min_ttc              | 3.09        |
|    out_of_road          | 1           |
|    route_completion     | 0.198       |
|    shaped_reward        | 55          |
|    steering_variation   | 0.602       |
|    success              | 0           |
|    ttc_risk             | 0.00555     |
| rollout/                |             |
|    ep_len_mean          | 516         |
|    ep_rew_mean          | 139         |
|    success_rate         | 0.52        |
| time/                   |             |
|    fps                  | 803         |
|    iterations           | 28          |
|    time_elapsed         | 142         |
|    total_timesteps      | 114688      |
| train/                  |             |
|    approx_kl            | 0.021658432 |
|    clip_fraction        | 0.112       |
|    clip_range           | 0.2         |
|    entropy_loss         | -2.36       |
|    explained_variance   | 0.566       |
|    learning_rate        | 0.0003      |
|    loss                 | 4.24        |
|    n_updates            | 270         |
|    policy_gradient_loss | -0.00138    |
|    std                  | 0.786       |
|    value_loss           | 8.29        |
-----------------------------------------
-----------------------------------------
| paper/                  |             |
|    accel_variation      | 0.143       |
|    base_reward          | 187         |
|    collision            | 0           |
|    crash_object         | 0           |
|    crash_vehicle        | 0           |
|    episode_cost         | 1           |
|    episode_length       | 911         |
|    jerk                 | 0.136       |
|    lane_deviation       | 0.841       |
|    max_lane_deviation   | 2           |
|    mean_speed_kmh       | 21.9        |
|    min_ttc              | 3.65        |
|    out_of_road          | 1           |
|    route_completion     | 0.741       |
|    shaped_reward        | 187         |
|    steering_variation   | 0.685       |
|    success              | 0           |
|    ttc_risk             | 0.00311     |
| rollout/                |             |
|    ep_len_mean          | 544         |
|    ep_rew_mean          | 146         |
|    success_rate         | 0.45        |
| time/                   |             |
|    fps                  | 771         |
|    iterations           | 29          |
|    time_elapsed         | 153         |
|    total_timesteps      | 118784      |
| train/                  |             |
|    approx_kl            | 0.028142268 |
|    clip_fraction        | 0.205       |
|    clip_range           | 0.2         |
|    entropy_loss         | -2.35       |
|    explained_variance   | 0.617       |
|    learning_rate        | 0.0003      |
|    loss                 | 3.87        |
|    n_updates            | 280         |
|    policy_gradient_loss | 0.00444     |
|    std                  | 0.783       |
|    value_loss           | 10.4        |
-----------------------------------------
---------------------------------------------
| curriculum/                |              |
|    stage                   | 2            |
|    window_cost             | 0.733        |
|    window_route_completion | 0.586        |
|    window_success          | 0.167        |
| paper/                     |              |
|    accel_variation         | 0.132        |
|    base_reward             | 357          |
|    collision               | 0            |
|    crash_object            | 0            |
|    crash_vehicle           | 0            |
|    episode_cost            | 0            |
|    episode_length          | 969          |
|    jerk                    | 0.125        |
|    lane_deviation          | 0.386        |
|    max_lane_deviation      | 1.17         |
|    mean_speed_kmh          | 20           |
|    min_ttc                 | 0.969        |
|    out_of_road             | 0            |
|    route_completion        | 0.992        |
|    shaped_reward           | 357          |
|    steering_variation      | 0.7          |
|    success                 | 1            |
|    ttc_risk                | 0.0117       |
| rollout/                   |              |
|    ep_len_mean             | 560          |
|    ep_rew_mean             | 153          |
|    success_rate            | 0.41         |
| time/                      |              |
|    fps                     | 748          |
|    iterations              | 30           |
|    time_elapsed            | 164          |
|    total_timesteps         | 122880       |
| train/                     |              |
|    approx_kl               | 0.0045700963 |
|    clip_fraction           | 0.112        |
|    clip_range              | 0.2          |
|    entropy_loss            | -2.35        |
|    explained_variance      | 0.653        |
|    learning_rate           | 0.0003       |
|    loss                    | 4            |
|    n_updates               | 290          |
|    policy_gradient_loss    | -0.00553     |
|    std                     | 0.782        |
|    value_loss              | 14.7         |
---------------------------------------------
------------------------------------------
| curriculum/                |           |
|    stage                   | 2         |
|    window_cost             | 0.833     |
|    window_route_completion | 0.6       |
|    window_success          | 0.1       |
| paper/                     |           |
|    accel_variation         | 0.133     |
|    base_reward             | 20.5      |
|    collision               | 1         |
|    crash_object            | 0         |
|    crash_vehicle           | 1         |
|    episode_cost            | 1         |
|    episode_length          | 114       |
|    jerk                    | 0.136     |
|    lane_deviation          | 0.419     |
|    max_lane_deviation      | 0.988     |
|    mean_speed_kmh          | 16.2      |
|    min_ttc                 | 51.2      |
|    out_of_road             | 0         |
|    route_completion        | 0.0781    |
|    shaped_reward           | 20.5      |
|    steering_variation      | 0.63      |
|    success                 | 0         |
|    ttc_risk                | 0         |
| rollout/                   |           |
|    ep_len_mean             | 586       |
|    ep_rew_mean             | 163       |
|    success_rate            | 0.36      |
| time/                      |           |
|    fps                     | 728       |
|    iterations              | 31        |
|    time_elapsed            | 174       |
|    total_timesteps         | 126976    |
| train/                     |           |
|    approx_kl               | 0.0042874 |
|    clip_fraction           | 0.132     |
|    clip_range              | 0.2       |
|    entropy_loss            | -2.34     |
|    explained_variance      | 0.766     |
|    learning_rate           | 0.0003    |
|    loss                    | 5.38      |
|    n_updates               | 300       |
|    policy_gradient_loss    | 7.81e-05  |
|    std                     | 0.781     |
|    value_loss              | 11.6      |
------------------------------------------
--------------------------------------------
| curriculum/                |             |
|    stage                   | 2           |
|    window_cost             | 0.8         |
|    window_route_completion | 0.613       |
|    window_success          | 0.1         |
| paper/                     |             |
|    accel_variation         | 0.129       |
|    base_reward             | 360         |
|    collision               | 0           |
|    crash_object            | 0           |
|    crash_vehicle           | 0           |
|    episode_cost            | 0           |
|    episode_length          | 1000        |
|    jerk                    | 0.121       |
|    lane_deviation          | 0.507       |
|    max_lane_deviation      | 2           |
|    mean_speed_kmh          | 23.9        |
|    min_ttc                 | 3.71        |
|    out_of_road             | 0           |
|    route_completion        | 0.904       |
|    shaped_reward           | 360         |
|    steering_variation      | 0.677       |
|    success                 | 0           |
|    ttc_risk                | 0.00525     |
| rollout/                   |             |
|    ep_len_mean             | 609         |
|    ep_rew_mean             | 172         |
|    success_rate            | 0.34        |
| time/                      |             |
|    fps                     | 707         |
|    iterations              | 32          |
|    time_elapsed            | 185         |
|    total_timesteps         | 131072      |
| train/                     |             |
|    approx_kl               | 0.011108362 |
|    clip_fraction           | 0.125       |
|    clip_range              | 0.2         |
|    entropy_loss            | -2.34       |
|    explained_variance      | 0.725       |
|    learning_rate           | 0.0003      |
|    loss                    | 5.32        |
|    n_updates               | 310         |
|    policy_gradient_loss    | -0.000461   |
|    std                     | 0.778       |
|    value_loss              | 14.6        |
--------------------------------------------
--------------------------------------------
| curriculum/                |             |
|    stage                   | 2           |
|    window_cost             | 0.767       |
|    window_route_completion | 0.634       |
|    window_success          | 0.1         |
| paper/                     |             |
|    accel_variation         | 0.13        |
|    base_reward             | 367         |
|    collision               | 0           |
|    crash_object            | 0           |
|    crash_vehicle           | 0           |
|    episode_cost            | 0           |
|    episode_length          | 1000        |
|    jerk                    | 0.123       |
|    lane_deviation          | 0.362       |
|    max_lane_deviation      | 1.39        |
|    mean_speed_kmh          | 20.1        |
|    min_ttc                 | 2.52        |
|    out_of_road             | 0           |
|    route_completion        | 0.894       |
|    shaped_reward           | 367         |
|    steering_variation      | 0.682       |
|    success                 | 0           |
|    ttc_risk                | 0.00953     |
| rollout/                   |             |
|    ep_len_mean             | 614         |
|    ep_rew_mean             | 179         |
|    success_rate            | 0.35        |
| time/                      |             |
|    fps                     | 696         |
|    iterations              | 33          |
|    time_elapsed            | 194         |
|    total_timesteps         | 135168      |
| train/                     |             |
|    approx_kl               | 0.018245967 |
|    clip_fraction           | 0.0988      |
|    clip_range              | 0.2         |
|    entropy_loss            | -2.33       |
|    explained_variance      | 0.839       |
|    learning_rate           | 0.0003      |
|    loss                    | 5.04        |
|    n_updates               | 320         |
|    policy_gradient_loss    | -0.000762   |
|    std                     | 0.774       |
|    value_loss              | 11.1        |
--------------------------------------------
--------------------------------------------
| curriculum/                |             |
|    stage                   | 2           |
|    window_cost             | 0.7         |
|    window_route_completion | 0.632       |
|    window_success          | 0.167       |
| paper/                     |             |
|    accel_variation         | 0.117       |
|    base_reward             | 98.4        |
|    collision               | 1           |
|    crash_object            | 0           |
|    crash_vehicle           | 1           |
|    episode_cost            | 1           |
|    episode_length          | 399         |
|    jerk                    | 0.107       |
|    lane_deviation          | 0.735       |
|    max_lane_deviation      | 2           |
|    mean_speed_kmh          | 22.7        |
|    min_ttc                 | 0.351       |
|    out_of_road             | 0           |
|    route_completion        | 0.386       |
|    shaped_reward           | 98.4        |
|    steering_variation      | 0.645       |
|    success                 | 0           |
|    ttc_risk                | 0.0161      |
| rollout/                   |             |
|    ep_len_mean             | 616         |
|    ep_rew_mean             | 186         |
|    success_rate            | 0.37        |
| time/                      |             |
|    fps                     | 679         |
|    iterations              | 34          |
|    time_elapsed            | 204         |
|    total_timesteps         | 139264      |
| train/                     |             |
|    approx_kl               | 0.007540785 |
|    clip_fraction           | 0.197       |
|    clip_range              | 0.2         |
|    entropy_loss            | -2.32       |
|    explained_variance      | 0.819       |
|    learning_rate           | 0.0003      |
|    loss                    | 2.95        |
|    n_updates               | 330         |
|    policy_gradient_loss    | 0.0045      |
|    std                     | 0.767       |
|    value_loss              | 7.34        |
--------------------------------------------
--------------------------------------------
| curriculum/                |             |
|    stage                   | 2           |
|    window_cost             | 0.7         |
|    window_route_completion | 0.618       |
|    window_success          | 0.133       |
| paper/                     |             |
|    accel_variation         | 0.117       |
|    base_reward             | 194         |
|    collision               | 1           |
|    crash_object            | 0           |
|    crash_vehicle           | 1           |
|    episode_cost            | 1           |
|    episode_length          | 667         |
|    jerk                    | 0.116       |
|    lane_deviation          | 0.546       |
|    max_lane_deviation      | 1.78        |
|    mean_speed_kmh          | 22          |
|    min_ttc                 | 7.89        |
|    out_of_road             | 0           |
|    route_completion        | 0.81        |
|    shaped_reward           | 194         |
|    steering_variation      | 0.648       |
|    success                 | 0           |
|    ttc_risk                | 0           |
| rollout/                   |             |
|    ep_len_mean             | 610         |
|    ep_rew_mean             | 187         |
|    success_rate            | 0.34        |
| time/                      |             |
|    fps                     | 666         |
|    iterations              | 35          |
|    time_elapsed            | 215         |
|    total_timesteps         | 143360      |
| train/                     |             |
|    approx_kl               | 0.010038426 |
|    clip_fraction           | 0.129       |
|    clip_range              | 0.2         |
|    entropy_loss            | -2.3        |
|    explained_variance      | 0.761       |
|    learning_rate           | 0.0003      |
|    loss                    | 6.83        |
|    n_updates               | 340         |
|    policy_gradient_loss    | -0.00256    |
|    std                     | 0.765       |
|    value_loss              | 14.3        |
--------------------------------------------
-------------------------------------------
| curriculum/                |            |
|    stage                   | 2          |
|    window_cost             | 0.7        |
|    window_route_completion | 0.61       |
|    window_success          | 0.1        |
| paper/                     |            |
|    accel_variation         | 0.14       |
|    base_reward             | 229        |
|    collision               | 0          |
|    crash_object            | 0          |
|    crash_vehicle           | 0          |
|    episode_cost            | 1          |
|    episode_length          | 657        |
|    jerk                    | 0.129      |
|    lane_deviation          | 0.68       |
|    max_lane_deviation      | 2          |
|    mean_speed_kmh          | 26.8       |
|    min_ttc                 | 2.53       |
|    out_of_road             | 1          |
|    route_completion        | 0.749      |
|    shaped_reward           | 229        |
|    steering_variation      | 0.685      |
|    success                 | 0          |
|    ttc_risk                | 0.0177     |
| rollout/                   |            |
|    ep_len_mean             | 615        |
|    ep_rew_mean             | 190        |
|    success_rate            | 0.31       |
| time/                      |            |
|    fps                     | 652        |
|    iterations              | 36         |
|    time_elapsed            | 225        |
|    total_timesteps         | 147456     |
| train/                     |            |
|    approx_kl               | 0.04222606 |
|    clip_fraction           | 0.207      |
|    clip_range              | 0.2        |
|    entropy_loss            | -2.3       |
|    explained_variance      | 0.83       |
|    learning_rate           | 0.0003     |
|    loss                    | 9.07       |
|    n_updates               | 350        |
|    policy_gradient_loss    | 0.00739    |
|    std                     | 0.764      |
|    value_loss              | 16         |
-------------------------------------------
--------------------------------------------
| curriculum/                |             |
|    stage                   | 2           |
|    window_cost             | 0.767       |
|    window_route_completion | 0.568       |
|    window_success          | 0.133       |
| paper/                     |             |
|    accel_variation         | 0.148       |
|    base_reward             | 3.59        |
|    collision               | 1           |
|    crash_object            | 0           |
|    crash_vehicle           | 1           |
|    episode_cost            | 1           |
|    episode_length          | 104         |
|    jerk                    | 0.143       |
|    lane_deviation          | 0.627       |
|    max_lane_deviation      | 1.43        |
|    mean_speed_kmh          | 15.4        |
|    min_ttc                 | 0.339       |
|    out_of_road             | 0           |
|    route_completion        | 0.0849      |
|    shaped_reward           | 3.59        |
|    steering_variation      | 0.616       |
|    success                 | 0           |
|    ttc_risk                | 0.0743      |
| rollout/                   |             |
|    ep_len_mean             | 609         |
|    ep_rew_mean             | 190         |
|    success_rate            | 0.27        |
| time/                      |             |
|    fps                     | 637         |
|    iterations              | 37          |
|    time_elapsed            | 237         |
|    total_timesteps         | 151552      |
| train/                     |             |
|    approx_kl               | 0.022999417 |
|    clip_fraction           | 0.27        |
|    clip_range              | 0.2         |
|    entropy_loss            | -2.3        |
|    explained_variance      | 0.819       |
|    learning_rate           | 0.0003      |
|    loss                    | 8.98        |
|    n_updates               | 360         |
|    policy_gradient_loss    | 0.0125      |
|    std                     | 0.763       |
|    value_loss              | 16.2        |
--------------------------------------------
--------------------------------------------
| curriculum/                |             |
|    stage                   | 2           |
|    window_cost             | 0.767       |
|    window_route_completion | 0.593       |
|    window_success          | 0.133       |
| paper/                     |             |
|    accel_variation         | 0.122       |
|    base_reward             | 143         |
|    collision               | 1           |
|    crash_object            | 0           |
|    crash_vehicle           | 1           |
|    episode_cost            | 1           |
|    episode_length          | 451         |
|    jerk                    | 0.114       |
|    lane_deviation          | 0.505       |
|    max_lane_deviation      | 2           |
|    mean_speed_kmh          | 21.3        |
|    min_ttc                 | 0.361       |
|    out_of_road             | 0           |
|    route_completion        | 0.41        |
|    shaped_reward           | 143         |
|    steering_variation      | 0.686       |
|    success                 | 0           |
|    ttc_risk                | 0.039       |
| rollout/                   |             |
|    ep_len_mean             | 613         |
|    ep_rew_mean             | 195         |
|    success_rate            | 0.26        |
| time/                      |             |
|    fps                     | 617         |
|    iterations              | 38          |
|    time_elapsed            | 252         |
|    total_timesteps         | 155648      |
| train/                     |             |
|    approx_kl               | 0.010313291 |
|    clip_fraction           | 0.0804      |
|    clip_range              | 0.2         |
|    entropy_loss            | -2.29       |
|    explained_variance      | 0.807       |
|    learning_rate           | 0.0003      |
|    loss                    | 6.08        |
|    n_updates               | 370         |
|    policy_gradient_loss    | -0.0013     |
|    std                     | 0.76        |
|    value_loss              | 17.1        |
--------------------------------------------
-------------------------------------------
| curriculum/                |            |
|    stage                   | 2          |
|    window_cost             | 0.8        |
|    window_route_completion | 0.56       |
|    window_success          | 0.133      |
| paper/                     |            |
|    accel_variation         | 0.13       |
|    base_reward             | 21.2       |
|    collision               | 0          |
|    crash_object            | 0          |
|    crash_vehicle           | 0          |
|    episode_cost            | 1          |
|    episode_length          | 130        |
|    jerk                    | 0.13       |
|    lane_deviation          | 0.619      |
|    max_lane_deviation      | 2          |
|    mean_speed_kmh          | 21.9       |
|    min_ttc                 | nan        |
|    out_of_road             | 1          |
|    route_completion        | 0.133      |
|    shaped_reward           | 21.2       |
|    steering_variation      | 0.527      |
|    success                 | 0          |
|    ttc_risk                | 0          |
| rollout/                   |            |
|    ep_len_mean             | 600        |
|    ep_rew_mean             | 189        |
|    success_rate            | 0.2        |
| time/                      |            |
|    fps                     | 607        |
|    iterations              | 39         |
|    time_elapsed            | 262        |
|    total_timesteps         | 159744     |
| train/                     |            |
|    approx_kl               | 0.04596235 |
|    clip_fraction           | 0.14       |
|    clip_range              | 0.2        |
|    entropy_loss            | -2.28      |
|    explained_variance      | 0.803      |
|    learning_rate           | 0.0003     |
|    loss                    | 4.19       |
|    n_updates               | 380        |
|    policy_gradient_loss    | -0.00116   |
|    std                     | 0.755      |
|    value_loss              | 13.2       |
-------------------------------------------
---------------------------------------------
| curriculum/                |              |
|    stage                   | 2            |
|    window_cost             | 0.7          |
|    window_route_completion | 0.605        |
|    window_success          | 0.267        |
| paper/                     |              |
|    accel_variation         | 0.133        |
|    base_reward             | 312          |
|    collision               | 0            |
|    crash_object            | 0            |
|    crash_vehicle           | 0            |
|    episode_cost            | 0            |
|    episode_length          | 821          |
|    jerk                    | 0.125        |
|    lane_deviation          | 0.419        |
|    max_lane_deviation      | 1.63         |
|    mean_speed_kmh          | 22.3         |
|    min_ttc                 | 0.713        |
|    out_of_road             | 0            |
|    route_completion        | 0.99         |
|    shaped_reward           | 312          |
|    steering_variation      | 0.687        |
|    success                 | 1            |
|    ttc_risk                | 0.0114       |
| rollout/                   |              |
|    ep_len_mean             | 600          |
|    ep_rew_mean             | 190          |
|    success_rate            | 0.17         |
| time/                      |              |
|    fps                     | 599          |
|    iterations              | 40           |
|    time_elapsed            | 273          |
|    total_timesteps         | 163840       |
| train/                     |              |
|    approx_kl               | 0.0034421734 |
|    clip_fraction           | 0.135        |
|    clip_range              | 0.2          |
|    entropy_loss            | -2.27        |
|    explained_variance      | 0.841        |
|    learning_rate           | 0.0003       |
|    loss                    | 8.29         |
|    n_updates               | 390          |
|    policy_gradient_loss    | 0.00283      |
|    std                     | 0.752        |
|    value_loss              | 13.5         |
---------------------------------------------
--------------------------------------------
| curriculum/                |             |
|    stage                   | 2           |
|    window_cost             | 0.733       |
|    window_route_completion | 0.595       |
|    window_success          | 0.267       |
| paper/                     |             |
|    accel_variation         | 0.182       |
|    base_reward             | 87.3        |
|    collision               | 1           |
|    crash_object            | 0           |
|    crash_vehicle           | 1           |
|    episode_cost            | 1           |
|    episode_length          | 442         |
|    jerk                    | 0.184       |
|    lane_deviation          | 0.481       |
|    max_lane_deviation      | 0.997       |
|    mean_speed_kmh          | 15.9        |
|    min_ttc                 | 6.64        |
|    out_of_road             | 0           |
|    route_completion        | 0.345       |
|    shaped_reward           | 87.3        |
|    steering_variation      | 0.675       |
|    success                 | 0           |
|    ttc_risk                | 0           |
| rollout/                   |             |
|    ep_len_mean             | 607         |
|    ep_rew_mean             | 195         |
|    success_rate            | 0.18        |
| time/                      |             |
|    fps                     | 594         |
|    iterations              | 41          |
|    time_elapsed            | 282         |
|    total_timesteps         | 167936      |
| train/                     |             |
|    approx_kl               | 0.060119066 |
|    clip_fraction           | 0.188       |
|    clip_range              | 0.2         |
|    entropy_loss            | -2.26       |
|    explained_variance      | 0.595       |
|    learning_rate           | 0.0003      |
|    loss                    | 5.83        |
|    n_updates               | 400         |
|    policy_gradient_loss    | 0.00507     |
|    std                     | 0.745       |
|    value_loss              | 15.3        |
--------------------------------------------
--------------------------------------------
| curriculum/                |             |
|    stage                   | 2           |
|    window_cost             | 0.633       |
|    window_route_completion | 0.65        |
|    window_success          | 0.333       |
| paper/                     |             |
|    accel_variation         | 0.137       |
|    base_reward             | 40.1        |
|    collision               | 0           |
|    crash_object            | 0           |
|    crash_vehicle           | 0           |
|    episode_cost            | 1           |
|    episode_length          | 139         |
|    jerk                    | 0.143       |
|    lane_deviation          | 0.225       |
|    max_lane_deviation      | 1.54        |
|    mean_speed_kmh          | 16.9        |
|    min_ttc                 | nan         |
|    out_of_road             | 1           |
|    route_completion        | 0.125       |
|    shaped_reward           | 40.1        |
|    steering_variation      | 0.651       |
|    success                 | 0           |
|    ttc_risk                | 0           |
| rollout/                   |             |
|    ep_len_mean             | 608         |
|    ep_rew_mean             | 197         |
|    success_rate            | 0.19        |
| time/                      |             |
|    fps                     | 584         |
|    iterations              | 42          |
|    time_elapsed            | 294         |
|    total_timesteps         | 172032      |
| train/                     |             |
|    approx_kl               | 0.017707882 |
|    clip_fraction           | 0.119       |
|    clip_range              | 0.2         |
|    entropy_loss            | -2.24       |
|    explained_variance      | 0.637       |
|    learning_rate           | 0.0003      |
|    loss                    | 4.4         |
|    n_updates               | 410         |
|    policy_gradient_loss    | -0.00253    |
|    std                     | 0.742       |
|    value_loss              | 11.1        |
--------------------------------------------
---------------------------------------------
| curriculum/                |              |
|    stage                   | 2            |
|    window_cost             | 0.6          |
|    window_route_completion | 0.702        |
|    window_success          | 0.367        |
| paper/                     |              |
|    accel_variation         | 0.128        |
|    base_reward             | 249          |
|    collision               | 0            |
|    crash_object            | 0            |
|    crash_vehicle           | 0            |
|    episode_cost            | 1            |
|    episode_length          | 581          |
|    jerk                    | 0.123        |
|    lane_deviation          | 0.47         |
|    max_lane_deviation      | 2            |
|    mean_speed_kmh          | 26.3         |
|    min_ttc                 | 1.64         |
|    out_of_road             | 1            |
|    route_completion        | 0.855        |
|    shaped_reward           | 249          |
|    steering_variation      | 0.614        |
|    success                 | 0            |
|    ttc_risk                | 0.0066       |
| rollout/                   |              |
|    ep_len_mean             | 606          |
|    ep_rew_mean             | 199          |
|    success_rate            | 0.2          |
| time/                      |              |
|    fps                     | 573          |
|    iterations              | 43           |
|    time_elapsed            | 306          |
|    total_timesteps         | 176128       |
| train/                     |              |
|    approx_kl               | 0.0067103263 |
|    clip_fraction           | 0.187        |
|    clip_range              | 0.2          |
|    entropy_loss            | -2.24        |
|    explained_variance      | 0.736        |
|    learning_rate           | 0.0003       |
|    loss                    | 3.94         |
|    n_updates               | 420          |
|    policy_gradient_loss    | 0.00371      |
|    std                     | 0.737        |
|    value_loss              | 9.25         |
---------------------------------------------
--------------------------------------------
| curriculum/                |             |
|    stage                   | 2           |
|    window_cost             | 0.633       |
|    window_route_completion | 0.71        |
|    window_success          | 0.3         |
| paper/                     |             |
|    accel_variation         | 0.126       |
|    base_reward             | 84.8        |
|    collision               | 1           |
|    crash_object            | 0           |
|    crash_vehicle           | 1           |
|    episode_cost            | 1           |
|    episode_length          | 295         |
|    jerk                    | 0.117       |
|    lane_deviation          | 0.47        |
|    max_lane_deviation      | 1.82        |
|    mean_speed_kmh          | 19.9        |
|    min_ttc                 | 0.067       |
|    out_of_road             | 0           |
|    route_completion        | 0.25        |
|    shaped_reward           | 84.8        |
|    steering_variation      | 0.627       |
|    success                 | 0           |
|    ttc_risk                | 0.0474      |
| rollout/                   |             |
|    ep_len_mean             | 604         |
|    ep_rew_mean             | 205         |
|    success_rate            | 0.21        |
| time/                      |             |
|    fps                     | 565         |
|    iterations              | 44          |
|    time_elapsed            | 318         |
|    total_timesteps         | 180224      |
| train/                     |             |
|    approx_kl               | 0.012660237 |
|    clip_fraction           | 0.192       |
|    clip_range              | 0.2         |
|    entropy_loss            | -2.22       |
|    explained_variance      | 0.654       |
|    learning_rate           | 0.0003      |
|    loss                    | 3.67        |
|    n_updates               | 430         |
|    policy_gradient_loss    | 0.00614     |
|    std                     | 0.73        |
|    value_loss              | 12.6        |
--------------------------------------------
--------------------------------------------
| curriculum/                |             |
|    stage                   | 2           |
|    window_cost             | 0.7         |
|    window_route_completion | 0.702       |
|    window_success          | 0.233       |
| paper/                     |             |
|    accel_variation         | 0.103       |
|    base_reward             | 252         |
|    collision               | 1           |
|    crash_object            | 0           |
|    crash_vehicle           | 1           |
|    episode_cost            | 1           |
|    episode_length          | 686         |
|    jerk                    | 0.0991      |
|    lane_deviation          | 0.54        |
|    max_lane_deviation      | 1.65        |
|    mean_speed_kmh          | 27.2        |
|    min_ttc                 | 2.03        |
|    out_of_road             | 0           |
|    route_completion        | 0.822       |
|    shaped_reward           | 252         |
|    steering_variation      | 0.622       |
|    success                 | 0           |
|    ttc_risk                | 0.0252      |
| rollout/                   |             |
|    ep_len_mean             | 596         |
|    ep_rew_mean             | 207         |
|    success_rate            | 0.21        |
| time/                      |             |
|    fps                     | 559         |
|    iterations              | 45          |
|    time_elapsed            | 329         |
|    total_timesteps         | 184320      |
| train/                     |             |
|    approx_kl               | 0.008277627 |
|    clip_fraction           | 0.138       |
|    clip_range              | 0.2         |
|    entropy_loss            | -2.2        |
|    explained_variance      | 0.706       |
|    learning_rate           | 0.0003      |
|    loss                    | 9.48        |
|    n_updates               | 440         |
|    policy_gradient_loss    | -0.00379    |
|    std                     | 0.725       |
|    value_loss              | 17.5        |
--------------------------------------------
--------------------------------------------
| curriculum/                |             |
|    stage                   | 2           |
|    window_cost             | 0.8         |
|    window_route_completion | 0.644       |
|    window_success          | 0.167       |
| paper/                     |             |
|    accel_variation         | 0.0927      |
|    base_reward             | 223         |
|    collision               | 1           |
|    crash_object            | 0           |
|    crash_vehicle           | 1           |
|    episode_cost            | 1           |
|    episode_length          | 520         |
|    jerk                    | 0.0929      |
|    lane_deviation          | 0.426       |
|    max_lane_deviation      | 2           |
|    mean_speed_kmh          | 26.1        |
|    min_ttc                 | 0.0981      |
|    out_of_road             | 0           |
|    route_completion        | 0.773       |
|    shaped_reward           | 223         |
|    steering_variation      | 0.702       |
|    success                 | 0           |
|    ttc_risk                | 0.0181      |
| rollout/                   |             |
|    ep_len_mean             | 571         |
|    ep_rew_mean             | 200         |
|    success_rate            | 0.21        |
| time/                      |             |
|    fps                     | 553         |
|    iterations              | 46          |
|    time_elapsed            | 340         |
|    total_timesteps         | 188416      |
| train/                     |             |
|    approx_kl               | 0.016712848 |
|    clip_fraction           | 0.133       |
|    clip_range              | 0.2         |
|    entropy_loss            | -2.19       |
|    explained_variance      | 0.808       |
|    learning_rate           | 0.0003      |
|    loss                    | 4.76        |
|    n_updates               | 450         |
|    policy_gradient_loss    | -0.000623   |
|    std                     | 0.721       |
|    value_loss              | 12.8        |
--------------------------------------------
-------------------------------------------
| curriculum/                |            |
|    stage                   | 2          |
|    window_cost             | 0.867      |
|    window_route_completion | 0.609      |
|    window_success          | 0.133      |
| paper/                     |            |
|    accel_variation         | 0.0658     |
|    base_reward             | 230        |
|    collision               | 0          |
|    crash_object            | 0          |
|    crash_vehicle           | 0          |
|    episode_cost            | 1          |
|    episode_length          | 625        |
|    jerk                    | 0.066      |
|    lane_deviation          | 0.436      |
|    max_lane_deviation      | 1.98       |
|    mean_speed_kmh          | 23.6       |
|    min_ttc                 | nan        |
|    out_of_road             | 1          |
|    route_completion        | 0.701      |
|    shaped_reward           | 230        |
|    steering_variation      | 0.654      |
|    success                 | 0          |
|    ttc_risk                | 0          |
| rollout/                   |            |
|    ep_len_mean             | 560        |
|    ep_rew_mean             | 196        |
|    success_rate            | 0.19       |
| time/                      |            |
|    fps                     | 547        |
|    iterations              | 47         |
|    time_elapsed            | 351        |
|    total_timesteps         | 192512     |
| train/                     |            |
|    approx_kl               | 0.01827022 |
|    clip_fraction           | 0.171      |
|    clip_range              | 0.2        |
|    entropy_loss            | -2.18      |
|    explained_variance      | 0.639      |
|    learning_rate           | 0.0003     |
|    loss                    | 12.4       |
|    n_updates               | 460        |
|    policy_gradient_loss    | 0.00173    |
|    std                     | 0.719      |
|    value_loss              | 24.5       |
-------------------------------------------
--------------------------------------------
| curriculum/                |             |
|    stage                   | 2           |
|    window_cost             | 0.867       |
|    window_route_completion | 0.645       |
|    window_success          | 0.133       |
| paper/                     |             |
|    accel_variation         | 0.0747      |
|    base_reward             | 339         |
|    collision               | 0           |
|    crash_object            | 0           |
|    crash_vehicle           | 0           |
|    episode_cost            | 0           |
|    episode_length          | 623         |
|    jerk                    | 0.075       |
|    lane_deviation          | 0.374       |
|    max_lane_deviation      | 1.32        |
|    mean_speed_kmh          | 28.2        |
|    min_ttc                 | 9.78        |
|    out_of_road             | 0           |
|    route_completion        | 0.991       |
|    shaped_reward           | 339         |
|    steering_variation      | 0.63        |
|    success                 | 1           |
|    ttc_risk                | 0           |
| rollout/                   |             |
|    ep_len_mean             | 559         |
|    ep_rew_mean             | 200         |
|    success_rate            | 0.21        |
| time/                      |             |
|    fps                     | 541         |
|    iterations              | 48          |
|    time_elapsed            | 363         |
|    total_timesteps         | 196608      |
| train/                     |             |
|    approx_kl               | 0.005323585 |
|    clip_fraction           | 0.099       |
|    clip_range              | 0.2         |
|    entropy_loss            | -2.18       |
|    explained_variance      | 0.726       |
|    learning_rate           | 0.0003      |
|    loss                    | 6.05        |
|    n_updates               | 470         |
|    policy_gradient_loss    | 0.00113     |
|    std                     | 0.719       |
|    value_loss              | 20.3        |
--------------------------------------------
---------------------------------------------
| curriculum/                |              |
|    stage                   | 2            |
|    window_cost             | 0.833        |
|    window_route_completion | 0.646        |
|    window_success          | 0.167        |
| paper/                     |              |
|    accel_variation         | 0.0605       |
|    base_reward             | 55           |
|    collision               | 0            |
|    crash_object            | 0            |
|    crash_vehicle           | 0            |
|    episode_cost            | 1            |
|    episode_length          | 258          |
|    jerk                    | 0.0678       |
|    lane_deviation          | 0.536        |
|    max_lane_deviation      | 2            |
|    mean_speed_kmh          | 21.7         |
|    min_ttc                 | 1            |
|    out_of_road             | 1            |
|    route_completion        | 0.365        |
|    shaped_reward           | 55           |
|    steering_variation      | 0.604        |
|    success                 | 0            |
|    ttc_risk                | 0.0218       |
| rollout/                   |              |
|    ep_len_mean             | 548          |
|    ep_rew_mean             | 201          |
|    success_rate            | 0.22         |
| time/                      |              |
|    fps                     | 536          |
|    iterations              | 49           |
|    time_elapsed            | 374          |
|    total_timesteps         | 200704       |
| train/                     |              |
|    approx_kl               | 0.0069223884 |
|    clip_fraction           | 0.143        |
|    clip_range              | 0.2          |
|    entropy_loss            | -2.17        |
|    explained_variance      | 0.844        |
|    learning_rate           | 0.0003       |
|    loss                    | 6.72         |
|    n_updates               | 480          |
|    policy_gradient_loss    | -0.00198     |
|    std                     | 0.716        |
|    value_loss              | 18.5         |
---------------------------------------------
---------------------------------------------
| curriculum/                |              |
|    stage                   | 2            |
|    window_cost             | 0.833        |
|    window_route_completion | 0.61         |
|    window_success          | 0.167        |
| paper/                     |              |
|    accel_variation         | 0.0704       |
|    base_reward             | 127          |
|    collision               | 0            |
|    crash_object            | 0            |
|    crash_vehicle           | 0            |
|    episode_cost            | 1            |
|    episode_length          | 347          |
|    jerk                    | 0.0687       |
|    lane_deviation          | 0.453        |
|    max_lane_deviation      | 2            |
|    mean_speed_kmh          | 26.3         |
|    min_ttc                 | 2            |
|    out_of_road             | 1            |
|    route_completion        | 0.397        |
|    shaped_reward           | 127          |
|    steering_variation      | 0.647        |
|    success                 | 0            |
|    ttc_risk                | 0.0187       |
| rollout/                   |              |
|    ep_len_mean             | 531          |
|    ep_rew_mean             | 201          |
|    success_rate            | 0.22         |
| time/                      |              |
|    fps                     | 529          |
|    iterations              | 50           |
|    time_elapsed            | 386          |
|    total_timesteps         | 204800       |
| train/                     |              |
|    approx_kl               | 0.0074769766 |
|    clip_fraction           | 0.201        |
|    clip_range              | 0.2          |
|    entropy_loss            | -2.16        |
|    explained_variance      | 0.843        |
|    learning_rate           | 0.0003       |
|    loss                    | 7.68         |
|    n_updates               | 490          |
|    policy_gradient_loss    | 0.0078       |
|    std                     | 0.713        |
|    value_loss              | 18.4         |
---------------------------------------------
--------------------------------------------
| curriculum/                |             |
|    stage                   | 2           |
|    window_cost             | 0.733       |
|    window_route_completion | 0.647       |
|    window_success          | 0.267       |
| paper/                     |             |
|    accel_variation         | 0.0996      |
|    base_reward             | 336         |
|    collision               | 0           |
|    crash_object            | 0           |
|    crash_vehicle           | 0           |
|    episode_cost            | 0           |
|    episode_length          | 742         |
|    jerk                    | 0.0888      |
|    lane_deviation          | 0.411       |
|    max_lane_deviation      | 1.63        |
|    mean_speed_kmh          | 24.7        |
|    min_ttc                 | 0.0694      |
|    out_of_road             | 0           |
|    route_completion        | 0.99        |
|    shaped_reward           | 336         |
|    steering_variation      | 0.605       |
|    success                 | 1           |
|    ttc_risk                | 0.00914     |
| rollout/                   |             |
|    ep_len_mean             | 528         |
|    ep_rew_mean             | 202         |
|    success_rate            | 0.23        |
| time/                      |             |
|    fps                     | 523         |
|    iterations              | 51          |
|    time_elapsed            | 398         |
|    total_timesteps         | 208896      |
| train/                     |             |
|    approx_kl               | 0.015814582 |
|    clip_fraction           | 0.179       |
|    clip_range              | 0.2         |
|    entropy_loss            | -2.16       |
|    explained_variance      | 0.801       |
|    learning_rate           | 0.0003      |
|    loss                    | 7.26        |
|    n_updates               | 500         |
|    policy_gradient_loss    | 0.000863    |
|    std                     | 0.713       |
|    value_loss              | 19.6        |
--------------------------------------------
-------------------------------------------
| curriculum/                |            |
|    stage                   | 2          |
|    window_cost             | 0.7        |
|    window_route_completion | 0.627      |
|    window_success          | 0.3        |
| paper/                     |            |
|    accel_variation         | 0.0703     |
|    base_reward             | 151        |
|    collision               | 0          |
|    crash_object            | 0          |
|    crash_vehicle           | 0          |
|    episode_cost            | 1          |
|    episode_length          | 379        |
|    jerk                    | 0.0699     |
|    lane_deviation          | 0.477      |
|    max_lane_deviation      | 1.12       |
|    mean_speed_kmh          | 29.9       |
|    min_ttc                 | 9.66       |
|    out_of_road             | 1          |
|    route_completion        | 0.421      |
|    shaped_reward           | 151        |
|    steering_variation      | 0.603      |
|    success                 | 0          |
|    ttc_risk                | 0          |
| rollout/                   |            |
|    ep_len_mean             | 531        |
|    ep_rew_mean             | 208        |
|    success_rate            | 0.25       |
| time/                      |            |
|    fps                     | 516        |
|    iterations              | 52         |
|    time_elapsed            | 412        |
|    total_timesteps         | 212992     |
| train/                     |            |
|    approx_kl               | 0.20793808 |
|    clip_fraction           | 0.318      |
|    clip_range              | 0.2        |
|    entropy_loss            | -2.15      |
|    explained_variance      | 0.768      |
|    learning_rate           | 0.0003     |
|    loss                    | 5.39       |
|    n_updates               | 510        |
|    policy_gradient_loss    | 0.0209     |
|    std                     | 0.708      |
|    value_loss              | 13.5       |
-------------------------------------------
--------------------------------------------
| curriculum/                |             |
|    stage                   | 2           |
|    window_cost             | 0.767       |
|    window_route_completion | 0.589       |
|    window_success          | 0.233       |
| paper/                     |             |
|    accel_variation         | 0.0447      |
|    base_reward             | 82.2        |
|    collision               | 0           |
|    crash_object            | 0           |
|    crash_vehicle           | 0           |
|    episode_cost            | 1           |
|    episode_length          | 261         |
|    jerk                    | 0.0463      |
|    lane_deviation          | 0.491       |
|    max_lane_deviation      | 2           |
|    mean_speed_kmh          | 24.2        |
|    min_ttc                 | nan         |
|    out_of_road             | 1           |
|    route_completion        | 0.336       |
|    shaped_reward           | 82.2        |
|    steering_variation      | 0.599       |
|    success                 | 0           |
|    ttc_risk                | 0           |
| rollout/                   |             |
|    ep_len_mean             | 517         |
|    ep_rew_mean             | 206         |
|    success_rate            | 0.23        |
| time/                      |             |
|    fps                     | 497         |
|    iterations              | 53          |
|    time_elapsed            | 436         |
|    total_timesteps         | 217088      |
| train/                     |             |
|    approx_kl               | 0.005720893 |
|    clip_fraction           | 0.116       |
|    clip_range              | 0.2         |
|    entropy_loss            | -2.14       |
|    explained_variance      | 0.509       |
|    learning_rate           | 0.0003      |
|    loss                    | 6.39        |
|    n_updates               | 520         |
|    policy_gradient_loss    | 0.00239     |
|    std                     | 0.702       |
|    value_loss              | 23.3        |
--------------------------------------------
-------------------------------------------
| curriculum/                |            |
|    stage                   | 2          |
|    window_cost             | 0.633      |
|    window_route_completion | 0.71       |
|    window_success          | 0.367      |
| paper/                     |            |
|    accel_variation         | 0.0953     |
|    base_reward             | 334        |
|    collision               | 0          |
|    crash_object            | 0          |
|    crash_vehicle           | 0          |
|    episode_cost            | 0          |
|    episode_length          | 710        |
|    jerk                    | 0.091      |
|    lane_deviation          | 0.412      |
|    max_lane_deviation      | 1.04       |
|    mean_speed_kmh          | 27.1       |
|    min_ttc                 | 0.404      |
|    out_of_road             | 0          |
|    route_completion        | 0.992      |
|    shaped_reward           | 334        |
|    steering_variation      | 0.63       |
|    success                 | 1          |
|    ttc_risk                | 0.0132     |
| rollout/                   |            |
|    ep_len_mean             | 513        |
|    ep_rew_mean             | 208        |
|    success_rate            | 0.23       |
| time/                      |            |
|    fps                     | 483        |
|    iterations              | 54         |
|    time_elapsed            | 457        |
|    total_timesteps         | 221184     |
| train/                     |            |
|    approx_kl               | 0.02575942 |
|    clip_fraction           | 0.16       |
|    clip_range              | 0.2        |
|    entropy_loss            | -2.13      |
|    explained_variance      | 0.779      |
|    learning_rate           | 0.0003     |
|    loss                    | 7.5        |
|    n_updates               | 530        |
|    policy_gradient_loss    | 0.0028     |
|    std                     | 0.698      |
|    value_loss              | 14.5       |
-------------------------------------------
--------------------------------------------
| curriculum/                |             |
|    stage                   | 2           |
|    window_cost             | 0.733       |
|    window_route_completion | 0.686       |
|    window_success          | 0.267       |
| paper/                     |             |
|    accel_variation         | 0.159       |
|    base_reward             | 342         |
|    collision               | 1           |
|    crash_object            | 0           |
|    crash_vehicle           | 1           |
|    episode_cost            | 1           |
|    episode_length          | 863         |
|    jerk                    | 0.15        |
|    lane_deviation          | 0.388       |
|    max_lane_deviation      | 1.26        |
|    mean_speed_kmh          | 23.1        |
|    min_ttc                 | 1.22        |
|    out_of_road             | 0           |
|    route_completion        | 0.81        |
|    shaped_reward           | 342         |
|    steering_variation      | 0.649       |
|    success                 | 0           |
|    ttc_risk                | 0.0246      |
| rollout/                   |             |
|    ep_len_mean             | 507         |
|    ep_rew_mean             | 207         |
|    success_rate            | 0.21        |
| time/                      |             |
|    fps                     | 468         |
|    iterations              | 55          |
|    time_elapsed            | 480         |
|    total_timesteps         | 225280      |
| train/                     |             |
|    approx_kl               | 0.010342865 |
|    clip_fraction           | 0.179       |
|    clip_range              | 0.2         |
|    entropy_loss            | -2.11       |
|    explained_variance      | 0.786       |
|    learning_rate           | 0.0003      |
|    loss                    | 6.09        |
|    n_updates               | 540         |
|    policy_gradient_loss    | 0.00209     |
|    std                     | 0.695       |
|    value_loss              | 13.8        |
--------------------------------------------
--------------------------------------------
| curriculum/                |             |
|    stage                   | 2           |
|    window_cost             | 0.7         |
|    window_route_completion | 0.726       |
|    window_success          | 0.3         |
| paper/                     |             |
|    accel_variation         | 0.128       |
|    base_reward             | 422         |
|    collision               | 0           |
|    crash_object            | 0           |
|    crash_vehicle           | 0           |
|    episode_cost            | 0           |
|    episode_length          | 931         |
|    jerk                    | 0.123       |
|    lane_deviation          | 0.37        |
|    max_lane_deviation      | 1.14        |
|    mean_speed_kmh          | 23.4        |
|    min_ttc                 | 6.02        |
|    out_of_road             | 0           |
|    route_completion        | 0.993       |
|    shaped_reward           | 422         |
|    steering_variation      | 0.665       |
|    success                 | 1           |
|    ttc_risk                | 0           |
| rollout/                   |             |
|    ep_len_mean             | 507         |
|    ep_rew_mean             | 209         |
|    success_rate            | 0.24        |
| time/                      |             |
|    fps                     | 456         |
|    iterations              | 56          |
|    time_elapsed            | 502         |
|    total_timesteps         | 229376      |
| train/                     |             |
|    approx_kl               | 0.008929865 |
|    clip_fraction           | 0.21        |
|    clip_range              | 0.2         |
|    entropy_loss            | -2.11       |
|    explained_variance      | 0.85        |
|    learning_rate           | 0.0003      |
|    loss                    | 8.37        |
|    n_updates               | 550         |
|    policy_gradient_loss    | 0.00602     |
|    std                     | 0.693       |
|    value_loss              | 16.2        |
--------------------------------------------
--------------------------------------------
| curriculum/                |             |
|    stage                   | 2           |
|    window_cost             | 0.667       |
|    window_route_completion | 0.77        |
|    window_success          | 0.333       |
| paper/                     |             |
|    accel_variation         | 0.125       |
|    base_reward             | 331         |
|    collision               | 1           |
|    crash_object            | 0           |
|    crash_vehicle           | 1           |
|    episode_cost            | 1           |
|    episode_length          | 813         |
|    jerk                    | 0.123       |
|    lane_deviation          | 0.463       |
|    max_lane_deviation      | 2           |
|    mean_speed_kmh          | 26          |
|    min_ttc                 | 0.0642      |
|    out_of_road             | 0           |
|    route_completion        | 0.832       |
|    shaped_reward           | 331         |
|    steering_variation      | 0.626       |
|    success                 | 0           |
|    ttc_risk                | 0.0523      |
| rollout/                   |             |
|    ep_len_mean             | 520         |
|    ep_rew_mean             | 215         |
|    success_rate            | 0.23        |
| time/                      |             |
|    fps                     | 444         |
|    iterations              | 57          |
|    time_elapsed            | 525         |
|    total_timesteps         | 233472      |
| train/                     |             |
|    approx_kl               | 0.013132118 |
|    clip_fraction           | 0.174       |
|    clip_range              | 0.2         |
|    entropy_loss            | -2.1        |
|    explained_variance      | 0.553       |
|    learning_rate           | 0.0003      |
|    loss                    | 7.54        |
|    n_updates               | 560         |
|    policy_gradient_loss    | 0.00109     |
|    std                     | 0.689       |
|    value_loss              | 21.1        |
--------------------------------------------
---------------------------------------------
| curriculum/                |              |
|    stage                   | 2            |
|    window_cost             | 0.667        |
|    window_route_completion | 0.76         |
|    window_success          | 0.333        |
| paper/                     |              |
|    accel_variation         | 0.0794       |
|    base_reward             | 323          |
|    collision               | 0            |
|    crash_object            | 0            |
|    crash_vehicle           | 0            |
|    episode_cost            | 0            |
|    episode_length          | 579          |
|    jerk                    | 0.0756       |
|    lane_deviation          | 0.338        |
|    max_lane_deviation      | 0.952        |
|    mean_speed_kmh          | 26.9         |
|    min_ttc                 | 1.17         |
|    out_of_road             | 0            |
|    route_completion        | 0.989        |
|    shaped_reward           | 323          |
|    steering_variation      | 0.629        |
|    success                 | 1            |
|    ttc_risk                | 0.00542      |
| rollout/                   |              |
|    ep_len_mean             | 521          |
|    ep_rew_mean             | 222          |
|    success_rate            | 0.27         |
| time/                      |              |
|    fps                     | 431          |
|    iterations              | 58           |
|    time_elapsed            | 550          |
|    total_timesteps         | 237568       |
| train/                     |              |
|    approx_kl               | 0.0124089345 |
|    clip_fraction           | 0.195        |
|    clip_range              | 0.2          |
|    entropy_loss            | -2.09        |
|    explained_variance      | 0.857        |
|    learning_rate           | 0.0003       |
|    loss                    | 4.48         |
|    n_updates               | 570          |
|    policy_gradient_loss    | 0.00419      |
|    std                     | 0.687        |
|    value_loss              | 12.3         |
---------------------------------------------
--------------------------------------------
| curriculum/                |             |
|    stage                   | 2           |
|    window_cost             | 0.633       |
|    window_route_completion | 0.727       |
|    window_success          | 0.367       |
| paper/                     |             |
|    accel_variation         | 0.105       |
|    base_reward             | 178         |
|    collision               | 1           |
|    crash_object            | 0           |
|    crash_vehicle           | 1           |
|    episode_cost            | 1           |
|    episode_length          | 401         |
|    jerk                    | 0.0963      |
|    lane_deviation          | 0.41        |
|    max_lane_deviation      | 2           |
|    mean_speed_kmh          | 26.3        |
|    min_ttc                 | 0.865       |
|    out_of_road             | 0           |
|    route_completion        | 0.433       |
|    shaped_reward           | 178         |
|    steering_variation      | 0.621       |
|    success                 | 0           |
|    ttc_risk                | 0.0858      |
| rollout/                   |             |
|    ep_len_mean             | 519         |
|    ep_rew_mean             | 223         |
|    success_rate            | 0.28        |
| time/                      |             |
|    fps                     | 421         |
|    iterations              | 59          |
|    time_elapsed            | 573         |
|    total_timesteps         | 241664      |
| train/                     |             |
|    approx_kl               | 0.011333874 |
|    clip_fraction           | 0.124       |
|    clip_range              | 0.2         |
|    entropy_loss            | -2.08       |
|    explained_variance      | 0.752       |
|    learning_rate           | 0.0003      |
|    loss                    | 5.96        |
|    n_updates               | 580         |
|    policy_gradient_loss    | -0.00195    |
|    std                     | 0.683       |
|    value_loss              | 16.2        |
--------------------------------------------
--------------------------------------------
| curriculum/                |             |
|    stage                   | 2           |
|    window_cost             | 0.667       |
|    window_route_completion | 0.634       |
|    window_success          | 0.333       |
| paper/                     |             |
|    accel_variation         | 0.153       |
|    base_reward             | 356         |
|    collision               | 0           |
|    crash_object            | 0           |
|    crash_vehicle           | 0           |
|    episode_cost            | 0           |
|    episode_length          | 619         |
|    jerk                    | 0.141       |
|    lane_deviation          | 0.278       |
|    max_lane_deviation      | 0.964       |
|    mean_speed_kmh          | 26.4        |
|    min_ttc                 | 2.75        |
|    out_of_road             | 0           |
|    route_completion        | 0.989       |
|    shaped_reward           | 356         |
|    steering_variation      | 0.575       |
|    success                 | 1           |
|    ttc_risk                | 0.00307     |
| rollout/                   |             |
|    ep_len_mean             | 517         |
|    ep_rew_mean             | 225         |
|    success_rate            | 0.3         |
| time/                      |             |
|    fps                     | 411         |
|    iterations              | 60          |
|    time_elapsed            | 596         |
|    total_timesteps         | 245760      |
| train/                     |             |
|    approx_kl               | 0.025465278 |
|    clip_fraction           | 0.138       |
|    clip_range              | 0.2         |
|    entropy_loss            | -2.07       |
|    explained_variance      | 0.806       |
|    learning_rate           | 0.0003      |
|    loss                    | 6.78        |
|    n_updates               | 590         |
|    policy_gradient_loss    | -3.82e-06   |
|    std                     | 0.678       |
|    value_loss              | 16.9        |
--------------------------------------------
-------------------------------------------
| curriculum/                |            |
|    stage                   | 2          |
|    window_cost             | 0.733      |
|    window_route_completion | 0.605      |
|    window_success          | 0.267      |
| paper/                     |            |
|    accel_variation         | 0.1        |
|    base_reward             | 183        |
|    collision               | 0          |
|    crash_object            | 0          |
|    crash_vehicle           | 0          |
|    episode_cost            | 1          |
|    episode_length          | 526        |
|    jerk                    | 0.0944     |
|    lane_deviation          | 0.465      |
|    max_lane_deviation      | 1.05       |
|    mean_speed_kmh          | 25.1       |
|    min_ttc                 | 3.86       |
|    out_of_road             | 1          |
|    route_completion        | 0.496      |
|    shaped_reward           | 183        |
|    steering_variation      | 0.643      |
|    success                 | 0          |
|    ttc_risk                | 0.00206    |
| rollout/                   |            |
|    ep_len_mean             | 515        |
|    ep_rew_mean             | 223        |
|    success_rate            | 0.3        |
| time/                      |            |
|    fps                     | 403        |
|    iterations              | 61         |
|    time_elapsed            | 619        |
|    total_timesteps         | 249856     |
| train/                     |            |
|    approx_kl               | 0.19062838 |
|    clip_fraction           | 0.273      |
|    clip_range              | 0.2        |
|    entropy_loss            | -2.06      |
|    explained_variance      | 0.606      |
|    learning_rate           | 0.0003     |
|    loss                    | 8.51       |
|    n_updates               | 600        |
|    policy_gradient_loss    | 0.0203     |
|    std                     | 0.678      |
|    value_loss              | 18.8       |
-------------------------------------------
--------------------------------------------
| curriculum/                |             |
|    stage                   | 2           |
|    window_cost             | 0.8         |
|    window_route_completion | 0.594       |
|    window_success          | 0.2         |
| paper/                     |             |
|    accel_variation         | 0.117       |
|    base_reward             | 252         |
|    collision               | 1           |
|    crash_object            | 0           |
|    crash_vehicle           | 1           |
|    episode_cost            | 1           |
|    episode_length          | 713         |
|    jerk                    | 0.106       |
|    lane_deviation          | 0.456       |
|    max_lane_deviation      | 2           |
|    mean_speed_kmh          | 25.8        |
|    min_ttc                 | 0.423       |
|    out_of_road             | 0           |
|    route_completion        | 0.82        |
|    shaped_reward           | 252         |
|    steering_variation      | 0.603       |
|    success                 | 0           |
|    ttc_risk                | 0.0242      |
| rollout/                   |             |
|    ep_len_mean             | 511         |
|    ep_rew_mean             | 221         |
|    success_rate            | 0.28        |
| time/                      |             |
|    fps                     | 395         |
|    iterations              | 62          |
|    time_elapsed            | 642         |
|    total_timesteps         | 253952      |
| train/                     |             |
|    approx_kl               | 0.013544505 |
|    clip_fraction           | 0.181       |
|    clip_range              | 0.2         |
|    entropy_loss            | -2.05       |
|    explained_variance      | 0.346       |
|    learning_rate           | 0.0003      |
|    loss                    | 21.7        |
|    n_updates               | 610         |
|    policy_gradient_loss    | 0.00184     |
|    std                     | 0.673       |
|    value_loss              | 38.4        |
--------------------------------------------
--------------------------------------------
| curriculum/                |             |
|    stage                   | 2           |
|    window_cost             | 0.8         |
|    window_route_completion | 0.66        |
|    window_success          | 0.2         |
| paper/                     |             |
|    accel_variation         | 0.112       |
|    base_reward             | 299         |
|    collision               | 1           |
|    crash_object            | 0           |
|    crash_vehicle           | 1           |
|    episode_cost            | 1           |
|    episode_length          | 534         |
|    jerk                    | 0.102       |
|    lane_deviation          | 0.372       |
|    max_lane_deviation      | 1.31        |
|    mean_speed_kmh          | 34.1        |
|    min_ttc                 | 1.52        |
|    out_of_road             | 0           |
|    route_completion        | 0.961       |
|    shaped_reward           | 299         |
|    steering_variation      | 0.598       |
|    success                 | 0           |
|    ttc_risk                | 0.0283      |
| rollout/                   |             |
|    ep_len_mean             | 520         |
|    ep_rew_mean             | 228         |
|    success_rate            | 0.29        |
| time/                      |             |
|    fps                     | 387         |
|    iterations              | 63          |
|    time_elapsed            | 665         |
|    total_timesteps         | 258048      |
| train/                     |             |
|    approx_kl               | 0.010154976 |
|    clip_fraction           | 0.135       |
|    clip_range              | 0.2         |
|    entropy_loss            | -2.04       |
|    explained_variance      | 0.658       |
|    learning_rate           | 0.0003      |
|    loss                    | 8.38        |
|    n_updates               | 620         |
|    policy_gradient_loss    | -0.00145    |
|    std                     | 0.67        |
|    value_loss              | 27.3        |
--------------------------------------------
--------------------------------------------
| curriculum/                |             |
|    stage                   | 2           |
|    window_cost             | 0.9         |
|    window_route_completion | 0.607       |
|    window_success          | 0.1         |
| paper/                     |             |
|    accel_variation         | 0.156       |
|    base_reward             | 258         |
|    collision               | 1           |
|    crash_object            | 0           |
|    crash_vehicle           | 1           |
|    episode_cost            | 1           |
|    episode_length          | 645         |
|    jerk                    | 0.147       |
|    lane_deviation          | 0.376       |
|    max_lane_deviation      | 0.988       |
|    mean_speed_kmh          | 24.4        |
|    min_ttc                 | 0.304       |
|    out_of_road             | 0           |
|    route_completion        | 0.614       |
|    shaped_reward           | 258         |
|    steering_variation      | 0.619       |
|    success                 | 0           |
|    ttc_risk                | 0.0311      |
| rollout/                   |             |
|    ep_len_mean             | 501         |
|    ep_rew_mean             | 219         |
|    success_rate            | 0.25        |
| time/                      |             |
|    fps                     | 380         |
|    iterations              | 64          |
|    time_elapsed            | 688         |
|    total_timesteps         | 262144      |
| train/                     |             |
|    approx_kl               | 0.013297047 |
|    clip_fraction           | 0.105       |
|    clip_range              | 0.2         |
|    entropy_loss            | -2.04       |
|    explained_variance      | 0.717       |
|    learning_rate           | 0.0003      |
|    loss                    | 9.04        |
|    n_updates               | 630         |
|    policy_gradient_loss    | -0.0038     |
|    std                     | 0.67        |
|    value_loss              | 24          |
--------------------------------------------
--------------------------------------------
| curriculum/                |             |
|    stage                   | 2           |
|    window_cost             | 0.933       |
|    window_route_completion | 0.559       |
|    window_success          | 0.0667      |
| paper/                     |             |
|    accel_variation         | 0.0988      |
|    base_reward             | 40.2        |
|    collision               | 0           |
|    crash_object            | 0           |
|    crash_vehicle           | 0           |
|    episode_cost            | 1           |
|    episode_length          | 133         |
|    jerk                    | 0.104       |
|    lane_deviation          | 0.472       |
|    max_lane_deviation      | 2           |
|    mean_speed_kmh          | 23.5        |
|    min_ttc                 | nan         |
|    out_of_road             | 1           |
|    route_completion        | 0.18        |
|    shaped_reward           | 40.2        |
|    steering_variation      | 0.525       |
|    success                 | 0           |
|    ttc_risk                | 0           |
| rollout/                   |             |
|    ep_len_mean             | 494         |
|    ep_rew_mean             | 216         |
|    success_rate            | 0.23        |
| time/                      |             |
|    fps                     | 374         |
|    iterations              | 65          |
|    time_elapsed            | 711         |
|    total_timesteps         | 266240      |
| train/                     |             |
|    approx_kl               | 0.011382891 |
|    clip_fraction           | 0.125       |
|    clip_range              | 0.2         |
|    entropy_loss            | -2.03       |
|    explained_variance      | 0.586       |
|    learning_rate           | 0.0003      |
|    loss                    | 8.05        |
|    n_updates               | 640         |
|    policy_gradient_loss    | -0.00131    |
|    std                     | 0.665       |
|    value_loss              | 23          |
--------------------------------------------
--------------------------------------------
| curriculum/                |             |
|    stage                   | 2           |
|    window_cost             | 0.967       |
|    window_route_completion | 0.498       |
|    window_success          | 0.0333      |
| paper/                     |             |
|    accel_variation         | 0.0593      |
|    base_reward             | 120         |
|    collision               | 0           |
|    crash_object            | 0           |
|    crash_vehicle           | 0           |
|    episode_cost            | 1           |
|    episode_length          | 270         |
|    jerk                    | 0.0641      |
|    lane_deviation          | 0.357       |
|    max_lane_deviation      | 1.07        |
|    mean_speed_kmh          | 28.6        |
|    min_ttc                 | 5.65        |
|    out_of_road             | 1           |
|    route_completion        | 0.398       |
|    shaped_reward           | 120         |
|    steering_variation      | 0.647       |
|    success                 | 0           |
|    ttc_risk                | 0.000914    |
| rollout/                   |             |
|    ep_len_mean             | 458         |
|    ep_rew_mean             | 199         |
|    success_rate            | 0.19        |
| time/                      |             |
|    fps                     | 366         |
|    iterations              | 66          |
|    time_elapsed            | 738         |
|    total_timesteps         | 270336      |
| train/                     |             |
|    approx_kl               | 0.021657303 |
|    clip_fraction           | 0.0899      |
|    clip_range              | 0.2         |
|    entropy_loss            | -2.01       |
|    explained_variance      | 0.738       |
|    learning_rate           | 0.0003      |
|    loss                    | 7.84        |
|    n_updates               | 650         |
|    policy_gradient_loss    | -0.00472    |
|    std                     | 0.659       |
|    value_loss              | 27.1        |
--------------------------------------------
---------------------------------------------
| curriculum/                |              |
|    stage                   | 1            |
|    window_cost             | 0.967        |
|    window_route_completion | 0.447        |
|    window_success          | 0.0333       |
| paper/                     |              |
|    accel_variation         | 0.0468       |
|    base_reward             | 129          |
|    collision               | 0            |
|    crash_object            | 0            |
|    crash_vehicle           | 0            |
|    episode_cost            | 1            |
|    episode_length          | 286          |
|    jerk                    | 0.045        |
|    lane_deviation          | 0.362        |
|    max_lane_deviation      | 1.77         |
|    mean_speed_kmh          | 27.9         |
|    min_ttc                 | 2.62         |
|    out_of_road             | 1            |
|    route_completion        | 0.553        |
|    shaped_reward           | 129          |
|    steering_variation      | 0.626        |
|    success                 | 0            |
|    ttc_risk                | 0.00386      |
| rollout/                   |              |
|    ep_len_mean             | 400          |
|    ep_rew_mean             | 171          |
|    success_rate            | 0.15         |
| time/                      |              |
|    fps                     | 360          |
|    iterations              | 67           |
|    time_elapsed            | 760          |
|    total_timesteps         | 274432       |
| train/                     |              |
|    approx_kl               | 0.0155168325 |
|    clip_fraction           | 0.153        |
|    clip_range              | 0.2          |
|    entropy_loss            | -2           |
|    explained_variance      | 0.591        |
|    learning_rate           | 0.0003       |
|    loss                    | 18.2         |
|    n_updates               | 660          |
|    policy_gradient_loss    | 0.000982     |
|    std                     | 0.655        |
|    value_loss              | 44.1         |
---------------------------------------------
-----------------------------------------
| paper/                  |             |
|    accel_variation      | 0.0512      |
|    base_reward          | 95          |
|    collision            | 0           |
|    crash_object         | 0           |
|    crash_vehicle        | 0           |
|    episode_cost         | 1           |
|    episode_length       | 267         |
|    jerk                 | 0.0528      |
|    lane_deviation       | 0.378       |
|    max_lane_deviation   | 1.26        |
|    mean_speed_kmh       | 22.6        |
|    min_ttc              | nan         |
|    out_of_road          | 1           |
|    route_completion     | 0.511       |
|    shaped_reward        | 95          |
|    steering_variation   | 0.551       |
|    success              | 0           |
|    ttc_risk             | 0           |
| rollout/                |             |
|    ep_len_mean          | 367         |
|    ep_rew_mean          | 154         |
|    success_rate         | 0.12        |
| time/                   |             |
|    fps                  | 357         |
|    iterations           | 68          |
|    time_elapsed         | 778         |
|    total_timesteps      | 278528      |
| train/                  |             |
|    approx_kl            | 0.010035894 |
|    clip_fraction        | 0.265       |
|    clip_range           | 0.2         |
|    entropy_loss         | -1.99       |
|    explained_variance   | 0.473       |
|    learning_rate        | 0.0003      |
|    loss                 | 18.5        |
|    n_updates            | 670         |
|    policy_gradient_loss | 0.0104      |
|    std                  | 0.655       |
|    value_loss           | 44.3        |
-----------------------------------------
--------------------------------------------
| curriculum/                |             |
|    stage                   | 1           |
|    window_cost             | 0.867       |
|    window_route_completion | 0.631       |
|    window_success          | 0.133       |
| paper/                     |             |
|    accel_variation         | 0.0506      |
|    base_reward             | 147         |
|    collision               | 0           |
|    crash_object            | 0           |
|    crash_vehicle           | 0           |
|    episode_cost            | 1           |
|    episode_length          | 382         |
|    jerk                    | 0.0518      |
|    lane_deviation          | 0.441       |
|    max_lane_deviation      | 2           |
|    mean_speed_kmh          | 27.6        |
|    min_ttc                 | 5.99        |
|    out_of_road             | 1           |
|    route_completion        | 0.75        |
|    shaped_reward           | 147         |
|    steering_variation      | 0.545       |
|    success                 | 0           |
|    ttc_risk                | 2.56e-06    |
| rollout/                   |             |
|    ep_len_mean             | 346         |
|    ep_rew_mean             | 144         |
|    success_rate            | 0.09        |
| time/                      |             |
|    fps                     | 355         |
|    iterations              | 69          |
|    time_elapsed            | 795         |
|    total_timesteps         | 282624      |
| train/                     |             |
|    approx_kl               | 0.010482436 |
|    clip_fraction           | 0.146       |
|    clip_range              | 0.2         |
|    entropy_loss            | -1.98       |
|    explained_variance      | 0.507       |
|    learning_rate           | 0.0003      |
|    loss                    | 26.2        |
|    n_updates               | 680         |
|    policy_gradient_loss    | 0.000591    |
|    std                     | 0.653       |
|    value_loss              | 48.4        |
--------------------------------------------
--------------------------------------------
| curriculum/                |             |
|    stage                   | 1           |
|    window_cost             | 0.8         |
|    window_route_completion | 0.668       |
|    window_success          | 0.2         |
| paper/                     |             |
|    accel_variation         | 0.0961      |
|    base_reward             | 143         |
|    collision               | 0           |
|    crash_object            | 0           |
|    crash_vehicle           | 0           |
|    episode_cost            | 0           |
|    episode_length          | 336         |
|    jerk                    | 0.093       |
|    lane_deviation          | 0.522       |
|    max_lane_deviation      | 0.995       |
|    mean_speed_kmh          | 27.2        |
|    min_ttc                 | nan         |
|    out_of_road             | 0           |
|    route_completion        | 0.984       |
|    shaped_reward           | 143         |
|    steering_variation      | 0.586       |
|    success                 | 1           |
|    ttc_risk                | 0           |
| rollout/                   |             |
|    ep_len_mean             | 318         |
|    ep_rew_mean             | 133         |
|    success_rate            | 0.13        |
| time/                      |             |
|    fps                     | 352         |
|    iterations              | 70          |
|    time_elapsed            | 812         |
|    total_timesteps         | 286720      |
| train/                     |             |
|    approx_kl               | 0.010572811 |
|    clip_fraction           | 0.185       |
|    clip_range              | 0.2         |
|    entropy_loss            | -1.98       |
|    explained_variance      | 0.635       |
|    learning_rate           | 0.0003      |
|    loss                    | 20.6        |
|    n_updates               | 690         |
|    policy_gradient_loss    | 0.00024     |
|    std                     | 0.649       |
|    value_loss              | 36.7        |
--------------------------------------------
---------------------------------------------
| curriculum/                |              |
|    stage                   | 1            |
|    window_cost             | 0.733        |
|    window_route_completion | 0.613        |
|    window_success          | 0.267        |
| paper/                     |              |
|    accel_variation         | 0.0683       |
|    base_reward             | -6.99        |
|    collision               | 0            |
|    crash_object            | 0            |
|    crash_vehicle           | 0            |
|    episode_cost            | 1            |
|    episode_length          | 76           |
|    jerk                    | 0.0814       |
|    lane_deviation          | 0.514        |
|    max_lane_deviation      | 1.04         |
|    mean_speed_kmh          | 13.3         |
|    min_ttc                 | 12.9         |
|    out_of_road             | 1            |
|    route_completion        | 0.063        |
|    shaped_reward           | -6.99        |
|    steering_variation      | 0.594        |
|    success                 | 0            |
|    ttc_risk                | 0            |
| rollout/                   |              |
|    ep_len_mean             | 294          |
|    ep_rew_mean             | 123          |
|    success_rate            | 0.14         |
| time/                      |              |
|    fps                     | 350          |
|    iterations              | 71           |
|    time_elapsed            | 830          |
|    total_timesteps         | 290816       |
| train/                     |              |
|    approx_kl               | 0.0059139263 |
|    clip_fraction           | 0.177        |
|    clip_range              | 0.2          |
|    entropy_loss            | -1.96        |
|    explained_variance      | 0.454        |
|    learning_rate           | 0.0003       |
|    loss                    | 13.3         |
|    n_updates               | 700          |
|    policy_gradient_loss    | 0.00264      |
|    std                     | 0.645        |
|    value_loss              | 44.8         |
---------------------------------------------
--------------------------------------------
| curriculum/                |             |
|    stage                   | 1           |
|    window_cost             | 0.7         |
|    window_route_completion | 0.622       |
|    window_success          | 0.3         |
| paper/                     |             |
|    accel_variation         | 0.0672      |
|    base_reward             | 37.2        |
|    collision               | 0           |
|    crash_object            | 0           |
|    crash_vehicle           | 0           |
|    episode_cost            | 1           |
|    episode_length          | 142         |
|    jerk                    | 0.068       |
|    lane_deviation          | 0.409       |
|    max_lane_deviation      | 1.15        |
|    mean_speed_kmh          | 20.9        |
|    min_ttc                 | nan         |
|    out_of_road             | 1           |
|    route_completion        | 0.29        |
|    shaped_reward           | 37.2        |
|    steering_variation      | 0.572       |
|    success                 | 0           |
|    ttc_risk                | 0           |
| rollout/                   |             |
|    ep_len_mean             | 284         |
|    ep_rew_mean             | 119         |
|    success_rate            | 0.19        |
| time/                      |             |
|    fps                     | 347         |
|    iterations              | 72          |
|    time_elapsed            | 848         |
|    total_timesteps         | 294912      |
| train/                     |             |
|    approx_kl               | 0.010059827 |
|    clip_fraction           | 0.135       |
|    clip_range              | 0.2         |
|    entropy_loss            | -1.95       |
|    explained_variance      | 0.526       |
|    learning_rate           | 0.0003      |
|    loss                    | 26.6        |
|    n_updates               | 710         |
|    policy_gradient_loss    | -0.00239    |
|    std                     | 0.641       |
|    value_loss              | 49.3        |
--------------------------------------------
--------------------------------------------
| curriculum/                |             |
|    stage                   | 1           |
|    window_cost             | 0.8         |
|    window_route_completion | 0.527       |
|    window_success          | 0.2         |
| paper/                     |             |
|    accel_variation         | 0.0674      |
|    base_reward             | 28.4        |
|    collision               | 0           |
|    crash_object            | 0           |
|    crash_vehicle           | 0           |
|    episode_cost            | 1           |
|    episode_length          | 111         |
|    jerk                    | 0.0727      |
|    lane_deviation          | 0.247       |
|    max_lane_deviation      | 1.19        |
|    mean_speed_kmh          | 20          |
|    min_ttc                 | nan         |
|    out_of_road             | 1           |
|    route_completion        | 0.226       |
|    shaped_reward           | 28.4        |
|    steering_variation      | 0.623       |
|    success                 | 0           |
|    ttc_risk                | 0           |
| rollout/                   |             |
|    ep_len_mean             | 264         |
|    ep_rew_mean             | 113         |
|    success_rate            | 0.19        |
| time/                      |             |
|    fps                     | 344         |
|    iterations              | 73          |
|    time_elapsed            | 868         |
|    total_timesteps         | 299008      |
| train/                     |             |
|    approx_kl               | 0.010540174 |
|    clip_fraction           | 0.18        |
|    clip_range              | 0.2         |
|    entropy_loss            | -1.93       |
|    explained_variance      | 0.41        |
|    learning_rate           | 0.0003      |
|    loss                    | 16.1        |
|    n_updates               | 720         |
|    policy_gradient_loss    | 0.00365     |
|    std                     | 0.633       |
|    value_loss              | 40.7        |
--------------------------------------------
--------------------------------------------
| curriculum/                |             |
|    stage                   | 0           |
|    window_cost             | 0.933       |
|    window_route_completion | 0.409       |
|    window_success          | 0.0667      |
| paper/                     |             |
|    accel_variation         | 0.0292      |
|    base_reward             | 36          |
|    collision               | 0           |
|    crash_object            | 0           |
|    crash_vehicle           | 0           |
|    episode_cost            | 1           |
|    episode_length          | 143         |
|    jerk                    | 0.0363      |
|    lane_deviation          | 0.412       |
|    max_lane_deviation      | 1.06        |
|    mean_speed_kmh          | 22.8        |
|    min_ttc                 | nan         |
|    out_of_road             | 1           |
|    route_completion        | 0.959       |
|    shaped_reward           | 36          |
|    steering_variation      | 0.595       |
|    success                 | 0           |
|    ttc_risk                | 0           |
| rollout/                   |             |
|    ep_len_mean             | 253         |
|    ep_rew_mean             | 106         |
|    success_rate            | 0.21        |
| time/                      |             |
|    fps                     | 342         |
|    iterations              | 74          |
|    time_elapsed            | 885         |
|    total_timesteps         | 303104      |
| train/                     |             |
|    approx_kl               | 0.008752921 |
|    clip_fraction           | 0.229       |
|    clip_range              | 0.2         |
|    entropy_loss            | -1.91       |
|    explained_variance      | 0.547       |
|    learning_rate           | 0.0003      |
|    loss                    | 24.2        |
|    n_updates               | 730         |
|    policy_gradient_loss    | 0.00929     |
|    std                     | 0.63        |
|    value_loss              | 57.7        |
--------------------------------------------
--------------------------------------------
| curriculum/                |             |
|    stage                   | 1           |
|    window_cost             | 0.2         |
|    window_route_completion | 0.904       |
|    window_success          | 0.8         |
| paper/                     |             |
|    accel_variation         | 0.0591      |
|    base_reward             | 35.1        |
|    collision               | 0           |
|    crash_object            | 0           |
|    crash_vehicle           | 0           |
|    episode_cost            | 1           |
|    episode_length          | 133         |
|    jerk                    | 0.0666      |
|    lane_deviation          | 0.305       |
|    max_lane_deviation      | 1.14        |
|    mean_speed_kmh          | 22.3        |
|    min_ttc                 | nan         |
|    out_of_road             | 1           |
|    route_completion        | 0.923       |
|    shaped_reward           | 35.1        |
|    steering_variation      | 0.524       |
|    success                 | 0           |
|    ttc_risk                | 0           |
| rollout/                   |             |
|    ep_len_mean             | 213         |
|    ep_rew_mean             | 91.5        |
|    success_rate            | 0.39        |
| time/                      |             |
|    fps                     | 341         |
|    iterations              | 75          |
|    time_elapsed            | 899         |
|    total_timesteps         | 307200      |
| train/                     |             |
|    approx_kl               | 0.009818449 |
|    clip_fraction           | 0.221       |
|    clip_range              | 0.2         |
|    entropy_loss            | -1.9        |
|    explained_variance      | 0.499       |
|    learning_rate           | 0.0003      |
|    loss                    | 28          |
|    n_updates               | 740         |
|    policy_gradient_loss    | 0.00439     |
|    std                     | 0.628       |
|    value_loss              | 48.8        |
--------------------------------------------
-----------------------------------------
| curriculum/                |          |
|    stage                   | 0        |
|    window_cost             | 1        |
|    window_route_completion | 0.0761   |
|    window_success          | 0        |
| paper/                     |          |
|    accel_variation         | 0.0723   |
|    base_reward             | -8.11    |
|    collision               | 0        |
|    crash_object            | 0        |
|    crash_vehicle           | 0        |
|    episode_cost            | 1        |
|    episode_length          | 43       |
|    jerk                    | 0.0956   |
|    lane_deviation          | 0.982    |
|    max_lane_deviation      | 2        |
|    mean_speed_kmh          | 13.9     |
|    min_ttc                 | nan      |
|    out_of_road             | 1        |
|    route_completion        | 0.0587   |
|    shaped_reward           | -8.11    |
|    steering_variation      | 0.131    |
|    success                 | 0        |
|    ttc_risk                | 0        |
| rollout/                   |          |
|    ep_len_mean             | 50.7     |
|    ep_rew_mean             | -3.02    |
|    success_rate            | 0.04     |
| time/                      |          |
|    fps                     | 337      |
|    iterations              | 76       |
|    time_elapsed            | 922      |
|    total_timesteps         | 311296   |
| train/                     |          |
|    approx_kl               | 8.538605 |
|    clip_fraction           | 0.858    |
|    clip_range              | 0.2      |
|    entropy_loss            | -1.91    |
|    explained_variance      | 0.549    |
|    learning_rate           | 0.0003   |
|    loss                    | 10.1     |
|    n_updates               | 750      |
|    policy_gradient_loss    | 0.222    |
|    std                     | 0.633    |
|    value_loss              | 26.6     |
-----------------------------------------
-------------------------------------------
| curriculum/                |            |
|    stage                   | 0          |
|    window_cost             | 1          |
|    window_route_completion | 0.0776     |
|    window_success          | 0          |
| paper/                     |            |
|    accel_variation         | 0.0853     |
|    base_reward             | -8.41      |
|    collision               | 0          |
|    crash_object            | 0          |
|    crash_vehicle           | 0          |
|    episode_cost            | 1          |
|    episode_length          | 36         |
|    jerk                    | 0.113      |
|    lane_deviation          | 1.17       |
|    max_lane_deviation      | 2          |
|    mean_speed_kmh          | 12.3       |
|    min_ttc                 | nan        |
|    out_of_road             | 1          |
|    route_completion        | 0.0777     |
|    shaped_reward           | -8.41      |
|    steering_variation      | 0.309      |
|    success                 | 0          |
|    ttc_risk                | 0          |
| rollout/                   |            |
|    ep_len_mean             | 40.5       |
|    ep_rew_mean             | -8.28      |
|    success_rate            | 0          |
| time/                      |            |
|    fps                     | 335        |
|    iterations              | 77         |
|    time_elapsed            | 941        |
|    total_timesteps         | 315392     |
| train/                     |            |
|    approx_kl               | 0.18440652 |
|    clip_fraction           | 0.291      |
|    clip_range              | 0.2        |
|    entropy_loss            | -1.93      |
|    explained_variance      | 0.544      |
|    learning_rate           | 0.0003     |
|    loss                    | 2.91       |
|    n_updates               | 760        |
|    policy_gradient_loss    | 0.0267     |
|    std                     | 0.642      |
|    value_loss              | 18         |
-------------------------------------------
--------------------------------------------
| curriculum/                |             |
|    stage                   | 0           |
|    window_cost             | 1           |
|    window_route_completion | 0.0711      |
|    window_success          | 0           |
| paper/                     |             |
|    accel_variation         | 0.0323      |
|    base_reward             | -8.2        |
|    collision               | 0           |
|    crash_object            | 0           |
|    crash_vehicle           | 0           |
|    episode_cost            | 1           |
|    episode_length          | 41          |
|    jerk                    | 0.0567      |
|    lane_deviation          | 0.419       |
|    max_lane_deviation      | 0.966       |
|    mean_speed_kmh          | 14.3        |
|    min_ttc                 | nan         |
|    out_of_road             | 1           |
|    route_completion        | 0.0744      |
|    shaped_reward           | -8.2        |
|    steering_variation      | 0.0908      |
|    success                 | 0           |
|    ttc_risk                | 0           |
| rollout/                   |             |
|    ep_len_mean             | 40.5        |
|    ep_rew_mean             | -8.27       |
|    success_rate            | 0           |
| time/                      |             |
|    fps                     | 332         |
|    iterations              | 78          |
|    time_elapsed            | 961         |
|    total_timesteps         | 319488      |
| train/                     |             |
|    approx_kl               | 0.023466561 |
|    clip_fraction           | 0.339       |
|    clip_range              | 0.2         |
|    entropy_loss            | -1.96       |
|    explained_variance      | 0.453       |
|    learning_rate           | 0.0003      |
|    loss                    | 0.761       |
|    n_updates               | 770         |
|    policy_gradient_loss    | 0.0382      |
|    std                     | 0.65        |
|    value_loss              | 3.36        |
--------------------------------------------
--------------------------------------------
| curriculum/                |             |
|    stage                   | 0           |
|    window_cost             | 1           |
|    window_route_completion | 0.0695      |
|    window_success          | 0           |
| paper/                     |             |
|    accel_variation         | 0.0511      |
|    base_reward             | -8.49       |
|    collision               | 0           |
|    crash_object            | 0           |
|    crash_vehicle           | 0           |
|    episode_cost            | 1           |
|    episode_length          | 45          |
|    jerk                    | 0.0733      |
|    lane_deviation          | 0.687       |
|    max_lane_deviation      | 2           |
|    mean_speed_kmh          | 13.4        |
|    min_ttc                 | nan         |
|    out_of_road             | 1           |
|    route_completion        | 0.078       |
|    shaped_reward           | -8.49       |
|    steering_variation      | 0.0993      |
|    success                 | 0           |
|    ttc_risk                | 0           |
| rollout/                   |             |
|    ep_len_mean             | 41.7        |
|    ep_rew_mean             | -8.27       |
|    success_rate            | 0           |
| time/                      |             |
|    fps                     | 330         |
|    iterations              | 79          |
|    time_elapsed            | 980         |
|    total_timesteps         | 323584      |
| train/                     |             |
|    approx_kl               | 0.019423913 |
|    clip_fraction           | 0.204       |
|    clip_range              | 0.2         |
|    entropy_loss            | -1.99       |
|    explained_variance      | 0.471       |
|    learning_rate           | 0.0003      |
|    loss                    | 0.124       |
|    n_updates               | 780         |
|    policy_gradient_loss    | 0.0121      |
|    std                     | 0.662       |
|    value_loss              | 0.864       |
--------------------------------------------
--------------------------------------------
| curriculum/                |             |
|    stage                   | 0           |
|    window_cost             | 1           |
|    window_route_completion | 0.0713      |
|    window_success          | 0           |
| paper/                     |             |
|    accel_variation         | 0.0762      |
|    base_reward             | -8.21       |
|    collision               | 0           |
|    crash_object            | 0           |
|    crash_vehicle           | 0           |
|    episode_cost            | 1           |
|    episode_length          | 48          |
|    jerk                    | 0.0779      |
|    lane_deviation          | 0.68        |
|    max_lane_deviation      | 2           |
|    mean_speed_kmh          | 13.5        |
|    min_ttc                 | nan         |
|    out_of_road             | 1           |
|    route_completion        | 0.0598      |
|    shaped_reward           | -8.21       |
|    steering_variation      | 0.147       |
|    success                 | 0           |
|    ttc_risk                | 0           |
| rollout/                   |             |
|    ep_len_mean             | 41.8        |
|    ep_rew_mean             | -8.28       |
|    success_rate            | 0           |
| time/                      |             |
|    fps                     | 328         |
|    iterations              | 80          |
|    time_elapsed            | 998         |
|    total_timesteps         | 327680      |
| train/                     |             |
|    approx_kl               | 0.009103442 |
|    clip_fraction           | 0.18        |
|    clip_range              | 0.2         |
|    entropy_loss            | -2          |
|    explained_variance      | 0.659       |
|    learning_rate           | 0.0003      |
|    loss                    | 0.0616      |
|    n_updates               | 790         |
|    policy_gradient_loss    | 0.00935     |
|    std                     | 0.659       |
|    value_loss              | 0.219       |
--------------------------------------------
--------------------------------------------
| curriculum/                |             |
|    stage                   | 0           |
|    window_cost             | 1           |
|    window_route_completion | 0.0706      |
|    window_success          | 0           |
| paper/                     |             |
|    accel_variation         | 0.0907      |
|    base_reward             | -8.37       |
|    collision               | 0           |
|    crash_object            | 0           |
|    crash_vehicle           | 0           |
|    episode_cost            | 1           |
|    episode_length          | 50          |
|    jerk                    | 0.111       |
|    lane_deviation          | 0.807       |
|    max_lane_deviation      | 2           |
|    mean_speed_kmh          | 13.4        |
|    min_ttc                 | nan         |
|    out_of_road             | 1           |
|    route_completion        | 0.0677      |
|    shaped_reward           | -8.37       |
|    steering_variation      | 0.226       |
|    success                 | 0           |
|    ttc_risk                | 0           |
| rollout/                   |             |
|    ep_len_mean             | 41.3        |
|    ep_rew_mean             | -8.25       |
|    success_rate            | 0           |
| time/                      |             |
|    fps                     | 326         |
|    iterations              | 81          |
|    time_elapsed            | 1017        |
|    total_timesteps         | 331776      |
| train/                     |             |
|    approx_kl               | 0.023660276 |
|    clip_fraction           | 0.145       |
|    clip_range              | 0.2         |
|    entropy_loss            | -2          |
|    explained_variance      | 0.898       |
|    learning_rate           | 0.0003      |
|    loss                    | 0.128       |
|    n_updates               | 800         |
|    policy_gradient_loss    | 0.00597     |
|    std                     | 0.663       |
|    value_loss              | 0.114       |
--------------------------------------------
--------------------------------------------
| curriculum/                |             |
|    stage                   | 0           |
|    window_cost             | 1           |
|    window_route_completion | 0.0707      |
|    window_success          | 0           |
| paper/                     |             |
|    accel_variation         | 0.0345      |
|    base_reward             | -8.71       |
|    collision               | 0           |
|    crash_object            | 0           |
|    crash_vehicle           | 0           |
|    episode_cost            | 1           |
|    episode_length          | 31          |
|    jerk                    | 0.0668      |
|    lane_deviation          | 1.06        |
|    max_lane_deviation      | 2           |
|    mean_speed_kmh          | 11.5        |
|    min_ttc                 | nan         |
|    out_of_road             | 1           |
|    route_completion        | 0.0868      |
|    shaped_reward           | -8.71       |
|    steering_variation      | 0.308       |
|    success                 | 0           |
|    ttc_risk                | 0           |
| rollout/                   |             |
|    ep_len_mean             | 41.2        |
|    ep_rew_mean             | -8.29       |
|    success_rate            | 0           |
| time/                      |             |
|    fps                     | 324         |
|    iterations              | 82          |
|    time_elapsed            | 1035        |
|    total_timesteps         | 335872      |
| train/                     |             |
|    approx_kl               | 0.007303092 |
|    clip_fraction           | 0.18        |
|    clip_range              | 0.2         |
|    entropy_loss            | -2          |
|    explained_variance      | 0.947       |
|    learning_rate           | 0.0003      |
|    loss                    | 0.0761      |
|    n_updates               | 810         |
|    policy_gradient_loss    | 0.0111      |
|    std                     | 0.656       |
|    value_loss              | 0.107       |
--------------------------------------------
---------------------------------------------
| curriculum/                |              |
|    stage                   | 0            |
|    window_cost             | 1            |
|    window_route_completion | 0.0694       |
|    window_success          | 0            |
| paper/                     |              |
|    accel_variation         | 0.0312       |
|    base_reward             | -8.73        |
|    collision               | 0            |
|    crash_object            | 0            |
|    crash_vehicle           | 0            |
|    episode_cost            | 1            |
|    episode_length          | 32           |
|    jerk                    | 0.0625       |
|    lane_deviation          | 1.1          |
|    max_lane_deviation      | 2            |
|    mean_speed_kmh          | 10.5         |
|    min_ttc                 | nan          |
|    out_of_road             | 1            |
|    route_completion        | 0.0699       |
|    shaped_reward           | -8.73        |
|    steering_variation      | 0.376        |
|    success                 | 0            |
|    ttc_risk                | 0            |
| rollout/                   |              |
|    ep_len_mean             | 41.8         |
|    ep_rew_mean             | -8.28        |
|    success_rate            | 0            |
| time/                      |              |
|    fps                     | 322          |
|    iterations              | 83           |
|    time_elapsed            | 1053         |
|    total_timesteps         | 339968       |
| train/                     |              |
|    approx_kl               | 0.0132244695 |
|    clip_fraction           | 0.111        |
|    clip_range              | 0.2          |
|    entropy_loss            | -2           |
|    explained_variance      | 0.957        |
|    learning_rate           | 0.0003       |
|    loss                    | 0.0471       |
|    n_updates               | 820          |
|    policy_gradient_loss    | 0.00436      |
|    std                     | 0.666        |
|    value_loss              | 0.0972       |
---------------------------------------------
--------------------------------------------
| curriculum/                |             |
|    stage                   | 0           |
|    window_cost             | 1           |
|    window_route_completion | 0.0733      |
|    window_success          | 0           |
| paper/                     |             |
|    accel_variation         | 0.0319      |
|    base_reward             | -7.34       |
|    collision               | 0           |
|    crash_object            | 0           |
|    crash_vehicle           | 0           |
|    episode_cost            | 1           |
|    episode_length          | 50          |
|    jerk                    | 0.0519      |
|    lane_deviation          | 0.396       |
|    max_lane_deviation      | 1.06        |
|    mean_speed_kmh          | 14.6        |
|    min_ttc                 | nan         |
|    out_of_road             | 1           |
|    route_completion        | 0.0852      |
|    shaped_reward           | -7.34       |
|    steering_variation      | 0.214       |
|    success                 | 0           |
|    ttc_risk                | 0           |
| rollout/                   |             |
|    ep_len_mean             | 42.6        |
|    ep_rew_mean             | -8.25       |
|    success_rate            | 0           |
| time/                      |             |
|    fps                     | 321         |
|    iterations              | 84          |
|    time_elapsed            | 1071        |
|    total_timesteps         | 344064      |
| train/                     |             |
|    approx_kl               | 0.015891613 |
|    clip_fraction           | 0.129       |
|    clip_range              | 0.2         |
|    entropy_loss            | -2.02       |
|    explained_variance      | 0.928       |
|    learning_rate           | 0.0003      |
|    loss                    | 0.0748      |
|    n_updates               | 830         |
|    policy_gradient_loss    | 0.000768    |
|    std                     | 0.669       |
|    value_loss              | 0.143       |
--------------------------------------------
--------------------------------------------
| curriculum/                |             |
|    stage                   | 0           |
|    window_cost             | 1           |
|    window_route_completion | 0.0727      |
|    window_success          | 0           |
| paper/                     |             |
|    accel_variation         | 0.0697      |
|    base_reward             | -9.56       |
|    collision               | 0           |
|    crash_object            | 0           |
|    crash_vehicle           | 0           |
|    episode_cost            | 1           |
|    episode_length          | 45          |
|    jerk                    | 0.0919      |
|    lane_deviation          | 0.575       |
|    max_lane_deviation      | 1.63        |
|    mean_speed_kmh          | 13.5        |
|    min_ttc                 | nan         |
|    out_of_road             | 1           |
|    route_completion        | 0.063       |
|    shaped_reward           | -9.56       |
|    steering_variation      | 0.164       |
|    success                 | 0           |
|    ttc_risk                | 0           |
| rollout/                   |             |
|    ep_len_mean             | 43          |
|    ep_rew_mean             | -8.2        |
|    success_rate            | 0           |
| time/                      |             |
|    fps                     | 319         |
|    iterations              | 85          |
|    time_elapsed            | 1088        |
|    total_timesteps         | 348160      |
| train/                     |             |
|    approx_kl               | 0.013594478 |
|    clip_fraction           | 0.134       |
|    clip_range              | 0.2         |
|    entropy_loss            | -2.03       |
|    explained_variance      | 0.946       |
|    learning_rate           | 0.0003      |
|    loss                    | 0.0596      |
|    n_updates               | 840         |
|    policy_gradient_loss    | 0.0034      |
|    std                     | 0.673       |
|    value_loss              | 0.109       |
--------------------------------------------
--------------------------------------------
| curriculum/                |             |
|    stage                   | 0           |
|    window_cost             | 1           |
|    window_route_completion | 0.0708      |
|    window_success          | 0           |
| paper/                     |             |
|    accel_variation         | 0.0548      |
|    base_reward             | -8.05       |
|    collision               | 0           |
|    crash_object            | 0           |
|    crash_vehicle           | 0           |
|    episode_cost            | 1           |
|    episode_length          | 47          |
|    jerk                    | 0.0761      |
|    lane_deviation          | 0.694       |
|    max_lane_deviation      | 2           |
|    mean_speed_kmh          | 14          |
|    min_ttc                 | nan         |
|    out_of_road             | 1           |
|    route_completion        | 0.0833      |
|    shaped_reward           | -8.05       |
|    steering_variation      | 0.23        |
|    success                 | 0           |
|    ttc_risk                | 0           |
| rollout/                   |             |
|    ep_len_mean             | 42.7        |
|    ep_rew_mean             | -8.29       |
|    success_rate            | 0           |
| time/                      |             |
|    fps                     | 318         |
|    iterations              | 86          |
|    time_elapsed            | 1106        |
|    total_timesteps         | 352256      |
| train/                     |             |
|    approx_kl               | 0.013121212 |
|    clip_fraction           | 0.135       |
|    clip_range              | 0.2         |
|    entropy_loss            | -2.04       |
|    explained_variance      | 0.948       |
|    learning_rate           | 0.0003      |
|    loss                    | 0.061       |
|    n_updates               | 850         |
|    policy_gradient_loss    | 0.0018      |
|    std                     | 0.677       |
|    value_loss              | 0.104       |
--------------------------------------------
--------------------------------------------
| curriculum/                |             |
|    stage                   | 0           |
|    window_cost             | 1           |
|    window_route_completion | 0.0704      |
|    window_success          | 0           |
| paper/                     |             |
|    accel_variation         | 0.112       |
|    base_reward             | -8.69       |
|    collision               | 0           |
|    crash_object            | 0           |
|    crash_vehicle           | 0           |
|    episode_cost            | 1           |
|    episode_length          | 31          |
|    jerk                    | 0.132       |
|    lane_deviation          | 1.03        |
|    max_lane_deviation      | 2           |
|    mean_speed_kmh          | 11.7        |
|    min_ttc                 | nan         |
|    out_of_road             | 1           |
|    route_completion        | 0.0724      |
|    shaped_reward           | -8.69       |
|    steering_variation      | 0.234       |
|    success                 | 0           |
|    ttc_risk                | 0           |
| rollout/                   |             |
|    ep_len_mean             | 42.9        |
|    ep_rew_mean             | -8.21       |
|    success_rate            | 0           |
| time/                      |             |
|    fps                     | 317         |
|    iterations              | 87          |
|    time_elapsed            | 1124        |
|    total_timesteps         | 356352      |
| train/                     |             |
|    approx_kl               | 0.012129642 |
|    clip_fraction           | 0.142       |
|    clip_range              | 0.2         |
|    entropy_loss            | -2.05       |
|    explained_variance      | 0.954       |
|    learning_rate           | 0.0003      |
|    loss                    | 0.0553      |
|    n_updates               | 860         |
|    policy_gradient_loss    | 0.00486     |
|    std                     | 0.679       |
|    value_loss              | 0.0983      |
--------------------------------------------
--------------------------------------------
| curriculum/                |             |
|    stage                   | 0           |
|    window_cost             | 1           |
|    window_route_completion | 0.0725      |
|    window_success          | 0           |
| paper/                     |             |
|    accel_variation         | 0.144       |
|    base_reward             | -8.71       |
|    collision               | 0           |
|    crash_object            | 0           |
|    crash_vehicle           | 0           |
|    episode_cost            | 1           |
|    episode_length          | 43          |
|    jerk                    | 0.172       |
|    lane_deviation          | 0.468       |
|    max_lane_deviation      | 1.14        |
|    mean_speed_kmh          | 13.6        |
|    min_ttc                 | nan         |
|    out_of_road             | 1           |
|    route_completion        | 0.0649      |
|    shaped_reward           | -8.71       |
|    steering_variation      | 0.0659      |
|    success                 | 0           |
|    ttc_risk                | 0           |
| rollout/                   |             |
|    ep_len_mean             | 44.3        |
|    ep_rew_mean             | -8.21       |
|    success_rate            | 0           |
| time/                      |             |
|    fps                     | 315         |
|    iterations              | 88          |
|    time_elapsed            | 1141        |
|    total_timesteps         | 360448      |
| train/                     |             |
|    approx_kl               | 0.009472091 |
|    clip_fraction           | 0.0844      |
|    clip_range              | 0.2         |
|    entropy_loss            | -2.06       |
|    explained_variance      | 0.953       |
|    learning_rate           | 0.0003      |
|    loss                    | 0.0502      |
|    n_updates               | 870         |
|    policy_gradient_loss    | 0.00101     |
|    std                     | 0.678       |
|    value_loss              | 0.108       |
--------------------------------------------
--------------------------------------------
| curriculum/                |             |
|    stage                   | 0           |
|    window_cost             | 1           |
|    window_route_completion | 0.0798      |
|    window_success          | 0           |
| paper/                     |             |
|    accel_variation         | 0.0976      |
|    base_reward             | -8.11       |
|    collision               | 0           |
|    crash_object            | 0           |
|    crash_vehicle           | 0           |
|    episode_cost            | 1           |
|    episode_length          | 40          |
|    jerk                    | 0.117       |
|    lane_deviation          | 0.515       |
|    max_lane_deviation      | 1.73        |
|    mean_speed_kmh          | 12.9        |
|    min_ttc                 | nan         |
|    out_of_road             | 1           |
|    route_completion        | 0.0631      |
|    shaped_reward           | -8.11       |
|    steering_variation      | 0.268       |
|    success                 | 0           |
|    ttc_risk                | 0           |
| rollout/                   |             |
|    ep_len_mean             | 44.1        |
|    ep_rew_mean             | -8.15       |
|    success_rate            | 0           |
| time/                      |             |
|    fps                     | 314         |
|    iterations              | 89          |
|    time_elapsed            | 1159        |
|    total_timesteps         | 364544      |
| train/                     |             |
|    approx_kl               | 0.009729305 |
|    clip_fraction           | 0.127       |
|    clip_range              | 0.2         |
|    entropy_loss            | -2.06       |
|    explained_variance      | 0.937       |
|    learning_rate           | 0.0003      |
|    loss                    | 0.101       |
|    n_updates               | 880         |
|    policy_gradient_loss    | 0.00129     |
|    std                     | 0.681       |
|    value_loss              | 0.136       |
--------------------------------------------
--------------------------------------------
| curriculum/                |             |
|    stage                   | 0           |
|    window_cost             | 1           |
|    window_route_completion | 0.0798      |
|    window_success          | 0           |
| paper/                     |             |
|    accel_variation         | 0.154       |
|    base_reward             | -7.77       |
|    collision               | 0           |
|    crash_object            | 0           |
|    crash_vehicle           | 0           |
|    episode_cost            | 1           |
|    episode_length          | 50          |
|    jerk                    | 0.156       |
|    lane_deviation          | 0.392       |
|    max_lane_deviation      | 1.41        |
|    mean_speed_kmh          | 12.8        |
|    min_ttc                 | nan         |
|    out_of_road             | 1           |
|    route_completion        | 0.0625      |
|    shaped_reward           | -7.77       |
|    steering_variation      | 0.262       |
|    success                 | 0           |
|    ttc_risk                | 0           |
| rollout/                   |             |
|    ep_len_mean             | 44.6        |
|    ep_rew_mean             | -8.19       |
|    success_rate            | 0           |
| time/                      |             |
|    fps                     | 313         |
|    iterations              | 90          |
|    time_elapsed            | 1177        |
|    total_timesteps         | 368640      |
| train/                     |             |
|    approx_kl               | 0.018235981 |
|    clip_fraction           | 0.121       |
|    clip_range              | 0.2         |
|    entropy_loss            | -2.07       |
|    explained_variance      | 0.95        |
|    learning_rate           | 0.0003      |
|    loss                    | 0.0782      |
|    n_updates               | 890         |
|    policy_gradient_loss    | 0.000118    |
|    std                     | 0.682       |
|    value_loss              | 0.111       |
--------------------------------------------
--------------------------------------------
| curriculum/                |             |
|    stage                   | 0           |
|    window_cost             | 1           |
|    window_route_completion | 0.0752      |
|    window_success          | 0           |
| paper/                     |             |
|    accel_variation         | 0.136       |
|    base_reward             | -8.25       |
|    collision               | 0           |
|    crash_object            | 0           |
|    crash_vehicle           | 0           |
|    episode_cost            | 1           |
|    episode_length          | 40          |
|    jerk                    | 0.134       |
|    lane_deviation          | 0.926       |
|    max_lane_deviation      | 2           |
|    mean_speed_kmh          | 11.9        |
|    min_ttc                 | nan         |
|    out_of_road             | 1           |
|    route_completion        | 0.08        |
|    shaped_reward           | -8.25       |
|    steering_variation      | 0.38        |
|    success                 | 0           |
|    ttc_risk                | 0           |
| rollout/                   |             |
|    ep_len_mean             | 45.4        |
|    ep_rew_mean             | -8.12       |
|    success_rate            | 0           |
| time/                      |             |
|    fps                     | 311         |
|    iterations              | 91          |
|    time_elapsed            | 1194        |
|    total_timesteps         | 372736      |
| train/                     |             |
|    approx_kl               | 0.005924363 |
|    clip_fraction           | 0.108       |
|    clip_range              | 0.2         |
|    entropy_loss            | -2.09       |
|    explained_variance      | 0.925       |
|    learning_rate           | 0.0003      |
|    loss                    | 0.0881      |
|    n_updates               | 900         |
|    policy_gradient_loss    | -0.000102   |
|    std                     | 0.693       |
|    value_loss              | 0.151       |
--------------------------------------------
--------------------------------------------
| curriculum/                |             |
|    stage                   | 0           |
|    window_cost             | 1           |
|    window_route_completion | 0.0788      |
|    window_success          | 0           |
| paper/                     |             |
|    accel_variation         | 0.129       |
|    base_reward             | -8.37       |
|    collision               | 0           |
|    crash_object            | 0           |
|    crash_vehicle           | 0           |
|    episode_cost            | 1           |
|    episode_length          | 40          |
|    jerk                    | 0.154       |
|    lane_deviation          | 0.811       |
|    max_lane_deviation      | 2           |
|    mean_speed_kmh          | 12          |
|    min_ttc                 | nan         |
|    out_of_road             | 1           |
|    route_completion        | 0.0618      |
|    shaped_reward           | -8.37       |
|    steering_variation      | 0.268       |
|    success                 | 0           |
|    ttc_risk                | 0           |
| rollout/                   |             |
|    ep_len_mean             | 44.6        |
|    ep_rew_mean             | -8.11       |
|    success_rate            | 0           |
| time/                      |             |
|    fps                     | 310         |
|    iterations              | 92          |
|    time_elapsed            | 1212        |
|    total_timesteps         | 376832      |
| train/                     |             |
|    approx_kl               | 0.005352531 |
|    clip_fraction           | 0.126       |
|    clip_range              | 0.2         |
|    entropy_loss            | -2.11       |
|    explained_variance      | 0.943       |
|    learning_rate           | 0.0003      |
|    loss                    | 0.0658      |
|    n_updates               | 910         |
|    policy_gradient_loss    | -0.0028     |
|    std                     | 0.698       |
|    value_loss              | 0.122       |
--------------------------------------------
--------------------------------------------
| curriculum/                |             |
|    stage                   | 0           |
|    window_cost             | 1           |
|    window_route_completion | 0.0821      |
|    window_success          | 0           |
| paper/                     |             |
|    accel_variation         | 0.0436      |
|    base_reward             | -8.12       |
|    collision               | 0           |
|    crash_object            | 0           |
|    crash_vehicle           | 0           |
|    episode_cost            | 1           |
|    episode_length          | 38          |
|    jerk                    | 0.0699      |
|    lane_deviation          | 0.535       |
|    max_lane_deviation      | 1.82        |
|    mean_speed_kmh          | 12.7        |
|    min_ttc                 | nan         |
|    out_of_road             | 1           |
|    route_completion        | 0.0593      |
|    shaped_reward           | -8.12       |
|    steering_variation      | 0.211       |
|    success                 | 0           |
|    ttc_risk                | 0           |
| rollout/                   |             |
|    ep_len_mean             | 46.4        |
|    ep_rew_mean             | -7.94       |
|    success_rate            | 0           |
| time/                      |             |
|    fps                     | 309         |
|    iterations              | 93          |
|    time_elapsed            | 1229        |
|    total_timesteps         | 380928      |
| train/                     |             |
|    approx_kl               | 0.005273299 |
|    clip_fraction           | 0.101       |
|    clip_range              | 0.2         |
|    entropy_loss            | -2.12       |
|    explained_variance      | 0.945       |
|    learning_rate           | 0.0003      |
|    loss                    | 0.0519      |
|    n_updates               | 920         |
|    policy_gradient_loss    | -0.0017     |
|    std                     | 0.7         |
|    value_loss              | 0.121       |
--------------------------------------------
---------------------------------------------
| curriculum/                |              |
|    stage                   | 0            |
|    window_cost             | 1            |
|    window_route_completion | 0.0971       |
|    window_success          | 0            |
| paper/                     |              |
|    accel_variation         | 0.172        |
|    base_reward             | -8.12        |
|    collision               | 0            |
|    crash_object            | 0            |
|    crash_vehicle           | 0            |
|    episode_cost            | 1            |
|    episode_length          | 40           |
|    jerk                    | 0.197        |
|    lane_deviation          | 1.2          |
|    max_lane_deviation      | 2            |
|    mean_speed_kmh          | 12           |
|    min_ttc                 | nan          |
|    out_of_road             | 1            |
|    route_completion        | 0.0993       |
|    shaped_reward           | -8.12        |
|    steering_variation      | 0.5          |
|    success                 | 0            |
|    ttc_risk                | 0            |
| rollout/                   |              |
|    ep_len_mean             | 46.7         |
|    ep_rew_mean             | -8           |
|    success_rate            | 0            |
| time/                      |              |
|    fps                     | 308          |
|    iterations              | 94           |
|    time_elapsed            | 1247         |
|    total_timesteps         | 385024       |
| train/                     |              |
|    approx_kl               | 0.0090971915 |
|    clip_fraction           | 0.132        |
|    clip_range              | 0.2          |
|    entropy_loss            | -2.13        |
|    explained_variance      | 0.94         |
|    learning_rate           | 0.0003       |
|    loss                    | 0.0647       |
|    n_updates               | 930          |
|    policy_gradient_loss    | -0.00108     |
|    std                     | 0.704        |
|    value_loss              | 0.143        |
---------------------------------------------
--------------------------------------------
| curriculum/                |             |
|    stage                   | 0           |
|    window_cost             | 1           |
|    window_route_completion | 0.0893      |
|    window_success          | 0           |
| paper/                     |             |
|    accel_variation         | 0.119       |
|    base_reward             | -8.37       |
|    collision               | 0           |
|    crash_object            | 0           |
|    crash_vehicle           | 0           |
|    episode_cost            | 1           |
|    episode_length          | 38          |
|    jerk                    | 0.142       |
|    lane_deviation          | 1.21        |
|    max_lane_deviation      | 2           |
|    mean_speed_kmh          | 11.3        |
|    min_ttc                 | nan         |
|    out_of_road             | 1           |
|    route_completion        | 0.1         |
|    shaped_reward           | -8.37       |
|    steering_variation      | 0.576       |
|    success                 | 0           |
|    ttc_risk                | 0           |
| rollout/                   |             |
|    ep_len_mean             | 49.8        |
|    ep_rew_mean             | -7.83       |
|    success_rate            | 0           |
| time/                      |             |
|    fps                     | 307         |
|    iterations              | 95          |
|    time_elapsed            | 1264        |
|    total_timesteps         | 389120      |
| train/                     |             |
|    approx_kl               | 0.007676421 |
|    clip_fraction           | 0.139       |
|    clip_range              | 0.2         |
|    entropy_loss            | -2.14       |
|    explained_variance      | 0.913       |
|    learning_rate           | 0.0003      |
|    loss                    | 0.0748      |
|    n_updates               | 940         |
|    policy_gradient_loss    | -0.00338    |
|    std                     | 0.706       |
|    value_loss              | 0.188       |
--------------------------------------------
--------------------------------------------
| curriculum/                |             |
|    stage                   | 0           |
|    window_cost             | 1           |
|    window_route_completion | 0.0962      |
|    window_success          | 0           |
| paper/                     |             |
|    accel_variation         | 0.215       |
|    base_reward             | -7.84       |
|    collision               | 0           |
|    crash_object            | 0           |
|    crash_vehicle           | 0           |
|    episode_cost            | 1           |
|    episode_length          | 67          |
|    jerk                    | 0.22        |
|    lane_deviation          | 0.683       |
|    max_lane_deviation      | 2           |
|    mean_speed_kmh          | 12.6        |
|    min_ttc                 | nan         |
|    out_of_road             | 1           |
|    route_completion        | 0.0871      |
|    shaped_reward           | -7.84       |
|    steering_variation      | 0.349       |
|    success                 | 0           |
|    ttc_risk                | 0           |
| rollout/                   |             |
|    ep_len_mean             | 50.6        |
|    ep_rew_mean             | -7.78       |
|    success_rate            | 0           |
| time/                      |             |
|    fps                     | 306         |
|    iterations              | 96          |
|    time_elapsed            | 1281        |
|    total_timesteps         | 393216      |
| train/                     |             |
|    approx_kl               | 0.011125036 |
|    clip_fraction           | 0.149       |
|    clip_range              | 0.2         |
|    entropy_loss            | -2.15       |
|    explained_variance      | 0.868       |
|    learning_rate           | 0.0003      |
|    loss                    | 0.134       |
|    n_updates               | 950         |
|    policy_gradient_loss    | -0.00141    |
|    std                     | 0.712       |
|    value_loss              | 0.285       |
--------------------------------------------
--------------------------------------------
| curriculum/                |             |
|    stage                   | 0           |
|    window_cost             | 1           |
|    window_route_completion | 0.0983      |
|    window_success          | 0           |
| paper/                     |             |
|    accel_variation         | 0.117       |
|    base_reward             | -7.83       |
|    collision               | 0           |
|    crash_object            | 0           |
|    crash_vehicle           | 0           |
|    episode_cost            | 1           |
|    episode_length          | 45          |
|    jerk                    | 0.145       |
|    lane_deviation          | 1.2         |
|    max_lane_deviation      | 2           |
|    mean_speed_kmh          | 12.6        |
|    min_ttc                 | nan         |
|    out_of_road             | 1           |
|    route_completion        | 0.174       |
|    shaped_reward           | -7.83       |
|    steering_variation      | 0.596       |
|    success                 | 0           |
|    ttc_risk                | 0           |
| rollout/                   |             |
|    ep_len_mean             | 53          |
|    ep_rew_mean             | -7.55       |
|    success_rate            | 0           |
| time/                      |             |
|    fps                     | 306         |
|    iterations              | 97          |
|    time_elapsed            | 1298        |
|    total_timesteps         | 397312      |
| train/                     |             |
|    approx_kl               | 0.007577624 |
|    clip_fraction           | 0.136       |
|    clip_range              | 0.2         |
|    entropy_loss            | -2.16       |
|    explained_variance      | 0.843       |
|    learning_rate           | 0.0003      |
|    loss                    | 0.164       |
|    n_updates               | 960         |
|    policy_gradient_loss    | -0.00391    |
|    std                     | 0.717       |
|    value_loss              | 0.454       |
--------------------------------------------
--------------------------------------------
| curriculum/                |             |
|    stage                   | 0           |
|    window_cost             | 1           |
|    window_route_completion | 0.11        |
|    window_success          | 0           |
| paper/                     |             |
|    accel_variation         | 0.161       |
|    base_reward             | -8.38       |
|    collision               | 0           |
|    crash_object            | 0           |
|    crash_vehicle           | 0           |
|    episode_cost            | 1           |
|    episode_length          | 43          |
|    jerk                    | 0.153       |
|    lane_deviation          | 1.21        |
|    max_lane_deviation      | 2           |
|    mean_speed_kmh          | 9.27        |
|    min_ttc                 | nan         |
|    out_of_road             | 1           |
|    route_completion        | 0.11        |
|    shaped_reward           | -8.38       |
|    steering_variation      | 0.62        |
|    success                 | 0           |
|    ttc_risk                | 0           |
| rollout/                   |             |
|    ep_len_mean             | 56.2        |
|    ep_rew_mean             | -7.49       |
|    success_rate            | 0           |
| time/                      |             |
|    fps                     | 305         |
|    iterations              | 98          |
|    time_elapsed            | 1314        |
|    total_timesteps         | 401408      |
| train/                     |             |
|    approx_kl               | 0.011669135 |
|    clip_fraction           | 0.153       |
|    clip_range              | 0.2         |
|    entropy_loss            | -2.18       |
|    explained_variance      | 0.768       |
|    learning_rate           | 0.0003      |
|    loss                    | 0.365       |
|    n_updates               | 970         |
|    policy_gradient_loss    | -0.00256    |
|    std                     | 0.722       |
|    value_loss              | 0.75        |
--------------------------------------------
--------------------------------------------
| curriculum/                |             |
|    stage                   | 0           |
|    window_cost             | 1           |
|    window_route_completion | 0.119       |
|    window_success          | 0           |
| paper/                     |             |
|    accel_variation         | 0.211       |
|    base_reward             | -5.07       |
|    collision               | 0           |
|    crash_object            | 0           |
|    crash_vehicle           | 0           |
|    episode_cost            | 1           |
|    episode_length          | 147         |
|    jerk                    | 0.182       |
|    lane_deviation          | 0.991       |
|    max_lane_deviation      | 2           |
|    mean_speed_kmh          | 15.8        |
|    min_ttc                 | nan         |
|    out_of_road             | 1           |
|    route_completion        | 0.227       |
|    shaped_reward           | -5.07       |
|    steering_variation      | 0.467       |
|    success                 | 0           |
|    ttc_risk                | 0           |
| rollout/                   |             |
|    ep_len_mean             | 58.3        |
|    ep_rew_mean             | -7.34       |
|    success_rate            | 0           |
| time/                      |             |
|    fps                     | 304         |
|    iterations              | 99          |
|    time_elapsed            | 1330        |
|    total_timesteps         | 405504      |
| train/                     |             |
|    approx_kl               | 0.007563432 |
|    clip_fraction           | 0.152       |
|    clip_range              | 0.2         |
|    entropy_loss            | -2.2        |
|    explained_variance      | 0.806       |
|    learning_rate           | 0.0003      |
|    loss                    | 0.408       |
|    n_updates               | 980         |
|    policy_gradient_loss    | -0.00206    |
|    std                     | 0.733       |
|    value_loss              | 0.579       |
--------------------------------------------
---------------------------------------------
| curriculum/                |              |
|    stage                   | 0            |
|    window_cost             | 1            |
|    window_route_completion | 0.151        |
|    window_success          | 0            |
| paper/                     |              |
|    accel_variation         | 0.259        |
|    base_reward             | -8.18        |
|    collision               | 0            |
|    crash_object            | 0            |
|    crash_vehicle           | 0            |
|    episode_cost            | 1            |
|    episode_length          | 46           |
|    jerk                    | 0.227        |
|    lane_deviation          | 1.34         |
|    max_lane_deviation      | 2            |
|    mean_speed_kmh          | 13.9         |
|    min_ttc                 | nan          |
|    out_of_road             | 1            |
|    route_completion        | 0.163        |
|    shaped_reward           | -8.18        |
|    steering_variation      | 0.512        |
|    success                 | 0            |
|    ttc_risk                | 0            |
| rollout/                   |              |
|    ep_len_mean             | 62.6         |
|    ep_rew_mean             | -6.95        |
|    success_rate            | 0            |
| time/                      |              |
|    fps                     | 304          |
|    iterations              | 100          |
|    time_elapsed            | 1345         |
|    total_timesteps         | 409600       |
| train/                     |              |
|    approx_kl               | 0.0070572384 |
|    clip_fraction           | 0.133        |
|    clip_range              | 0.2          |
|    entropy_loss            | -2.23        |
|    explained_variance      | 0.775        |
|    learning_rate           | 0.0003       |
|    loss                    | 0.415        |
|    n_updates               | 990          |
|    policy_gradient_loss    | -0.000785    |
|    std                     | 0.741        |
|    value_loss              | 0.785        |
---------------------------------------------
--------------------------------------------
| curriculum/                |             |
|    stage                   | 0           |
|    window_cost             | 1           |
|    window_route_completion | 0.125       |
|    window_success          | 0           |
| paper/                     |             |
|    accel_variation         | 0.199       |
|    base_reward             | -7.29       |
|    collision               | 0           |
|    crash_object            | 0           |
|    crash_vehicle           | 0           |
|    episode_cost            | 1           |
|    episode_length          | 53          |
|    jerk                    | 0.185       |
|    lane_deviation          | 1.14        |
|    max_lane_deviation      | 2           |
|    mean_speed_kmh          | 12.2        |
|    min_ttc                 | nan         |
|    out_of_road             | 1           |
|    route_completion        | 0.123       |
|    shaped_reward           | -7.29       |
|    steering_variation      | 0.554       |
|    success                 | 0           |
|    ttc_risk                | 0           |
| rollout/                   |             |
|    ep_len_mean             | 67          |
|    ep_rew_mean             | -6.57       |
|    success_rate            | 0           |
| time/                      |             |
|    fps                     | 304         |
|    iterations              | 101         |
|    time_elapsed            | 1360        |
|    total_timesteps         | 413696      |
| train/                     |             |
|    approx_kl               | 0.007490904 |
|    clip_fraction           | 0.172       |
|    clip_range              | 0.2         |
|    entropy_loss            | -2.24       |
|    explained_variance      | 0.684       |
|    learning_rate           | 0.0003      |
|    loss                    | 0.676       |
|    n_updates               | 1000        |
|    policy_gradient_loss    | -0.00335    |
|    std                     | 0.744       |
|    value_loss              | 1.28        |
--------------------------------------------
--------------------------------------------
| curriculum/                |             |
|    stage                   | 0           |
|    window_cost             | 1           |
|    window_route_completion | 0.133       |
|    window_success          | 0           |
| paper/                     |             |
|    accel_variation         | 0.23        |
|    base_reward             | -7.74       |
|    collision               | 0           |
|    crash_object            | 0           |
|    crash_vehicle           | 0           |
|    episode_cost            | 1           |
|    episode_length          | 50          |
|    jerk                    | 0.209       |
|    lane_deviation          | 1.19        |
|    max_lane_deviation      | 2           |
|    mean_speed_kmh          | 10.8        |
|    min_ttc                 | nan         |
|    out_of_road             | 1           |
|    route_completion        | 0.104       |
|    shaped_reward           | -7.74       |
|    steering_variation      | 0.628       |
|    success                 | 0           |
|    ttc_risk                | 0           |
| rollout/                   |             |
|    ep_len_mean             | 69.7        |
|    ep_rew_mean             | -6.27       |
|    success_rate            | 0           |
| time/                      |             |
|    fps                     | 304         |
|    iterations              | 102         |
|    time_elapsed            | 1374        |
|    total_timesteps         | 417792      |
| train/                     |             |
|    approx_kl               | 0.029843686 |
|    clip_fraction           | 0.158       |
|    clip_range              | 0.2         |
|    entropy_loss            | -2.25       |
|    explained_variance      | 0.653       |
|    learning_rate           | 0.0003      |
|    loss                    | 0.936       |
|    n_updates               | 1010        |
|    policy_gradient_loss    | 0.00205     |
|    std                     | 0.747       |
|    value_loss              | 1.5         |
--------------------------------------------
--------------------------------------------
| curriculum/                |             |
|    stage                   | 0           |
|    window_cost             | 1           |
|    window_route_completion | 0.122       |
|    window_success          | 0           |
| paper/                     |             |
|    accel_variation         | 0.167       |
|    base_reward             | -7.38       |
|    collision               | 0           |
|    crash_object            | 0           |
|    crash_vehicle           | 0           |
|    episode_cost            | 1           |
|    episode_length          | 57          |
|    jerk                    | 0.142       |
|    lane_deviation          | 0.432       |
|    max_lane_deviation      | 1.57        |
|    mean_speed_kmh          | 13.4        |
|    min_ttc                 | nan         |
|    out_of_road             | 1           |
|    route_completion        | 0.0699      |
|    shaped_reward           | -7.38       |
|    steering_variation      | 0.215       |
|    success                 | 0           |
|    ttc_risk                | 0           |
| rollout/                   |             |
|    ep_len_mean             | 72.6        |
|    ep_rew_mean             | -6.14       |
|    success_rate            | 0           |
| time/                      |             |
|    fps                     | 303         |
|    iterations              | 103         |
|    time_elapsed            | 1388        |
|    total_timesteps         | 421888      |
| train/                     |             |
|    approx_kl               | 0.007458006 |
|    clip_fraction           | 0.167       |
|    clip_range              | 0.2         |
|    entropy_loss            | -2.25       |
|    explained_variance      | 0.641       |
|    learning_rate           | 0.0003      |
|    loss                    | 0.888       |
|    n_updates               | 1020        |
|    policy_gradient_loss    | 0.00369     |
|    std                     | 0.75        |
|    value_loss              | 1.71        |
--------------------------------------------
--------------------------------------------
| curriculum/                |             |
|    stage                   | 0           |
|    window_cost             | 1           |
|    window_route_completion | 0.112       |
|    window_success          | 0           |
| paper/                     |             |
|    accel_variation         | 0.149       |
|    base_reward             | -7.74       |
|    collision               | 0           |
|    crash_object            | 0           |
|    crash_vehicle           | 0           |
|    episode_cost            | 1           |
|    episode_length          | 56          |
|    jerk                    | 0.156       |
|    lane_deviation          | 1.02        |
|    max_lane_deviation      | 2           |
|    mean_speed_kmh          | 12.5        |
|    min_ttc                 | nan         |
|    out_of_road             | 1           |
|    route_completion        | 0.108       |
|    shaped_reward           | -7.74       |
|    steering_variation      | 0.477       |
|    success                 | 0           |
|    ttc_risk                | 0           |
| rollout/                   |             |
|    ep_len_mean             | 69.8        |
|    ep_rew_mean             | -6.41       |
|    success_rate            | 0           |
| time/                      |             |
|    fps                     | 303         |
|    iterations              | 104         |
|    time_elapsed            | 1403        |
|    total_timesteps         | 425984      |
| train/                     |             |
|    approx_kl               | 0.010958836 |
|    clip_fraction           | 0.128       |
|    clip_range              | 0.2         |
|    entropy_loss            | -2.26       |
|    explained_variance      | 0.587       |
|    learning_rate           | 0.0003      |
|    loss                    | 0.877       |
|    n_updates               | 1030        |
|    policy_gradient_loss    | -0.00131    |
|    std                     | 0.752       |
|    value_loss              | 2.09        |
--------------------------------------------
--------------------------------------------
| curriculum/                |             |
|    stage                   | 0           |
|    window_cost             | 1           |
|    window_route_completion | 0.103       |
|    window_success          | 0           |
| paper/                     |             |
|    accel_variation         | 0.193       |
|    base_reward             | -1.86       |
|    collision               | 0           |
|    crash_object            | 0           |
|    crash_vehicle           | 0           |
|    episode_cost            | 1           |
|    episode_length          | 100         |
|    jerk                    | 0.181       |
|    lane_deviation          | 0.748       |
|    max_lane_deviation      | 2           |
|    mean_speed_kmh          | 17.6        |
|    min_ttc                 | nan         |
|    out_of_road             | 1           |
|    route_completion        | 0.129       |
|    shaped_reward           | -1.86       |
|    steering_variation      | 0.262       |
|    success                 | 0           |
|    ttc_risk                | 0           |
| rollout/                   |             |
|    ep_len_mean             | 72          |
|    ep_rew_mean             | -6.09       |
|    success_rate            | 0           |
| time/                      |             |
|    fps                     | 303         |
|    iterations              | 105         |
|    time_elapsed            | 1419        |
|    total_timesteps         | 430080      |
| train/                     |             |
|    approx_kl               | 0.013645712 |
|    clip_fraction           | 0.168       |
|    clip_range              | 0.2         |
|    entropy_loss            | -2.26       |
|    explained_variance      | 0.537       |
|    learning_rate           | 0.0003      |
|    loss                    | 0.952       |
|    n_updates               | 1040        |
|    policy_gradient_loss    | 0.000491    |
|    std                     | 0.752       |
|    value_loss              | 2.06        |
--------------------------------------------
--------------------------------------------
| curriculum/                |             |
|    stage                   | 0           |
|    window_cost             | 1           |
|    window_route_completion | 0.126       |
|    window_success          | 0           |
| paper/                     |             |
|    accel_variation         | 0.204       |
|    base_reward             | -7.17       |
|    collision               | 0           |
|    crash_object            | 0           |
|    crash_vehicle           | 0           |
|    episode_cost            | 1           |
|    episode_length          | 50          |
|    jerk                    | 0.183       |
|    lane_deviation          | 1.07        |
|    max_lane_deviation      | 2           |
|    mean_speed_kmh          | 11.1        |
|    min_ttc                 | nan         |
|    out_of_road             | 1           |
|    route_completion        | 0.132       |
|    shaped_reward           | -7.17       |
|    steering_variation      | 0.613       |
|    success                 | 0           |
|    ttc_risk                | 0           |
| rollout/                   |             |
|    ep_len_mean             | 77.8        |
|    ep_rew_mean             | -5.68       |
|    success_rate            | 0           |
| time/                      |             |
|    fps                     | 302         |
|    iterations              | 106         |
|    time_elapsed            | 1434        |
|    total_timesteps         | 434176      |
| train/                     |             |
|    approx_kl               | 0.009569563 |
|    clip_fraction           | 0.115       |
|    clip_range              | 0.2         |
|    entropy_loss            | -2.26       |
|    explained_variance      | 0.518       |
|    learning_rate           | 0.0003      |
|    loss                    | 1           |
|    n_updates               | 1050        |
|    policy_gradient_loss    | -0.00339    |
|    std                     | 0.754       |
|    value_loss              | 2.41        |
--------------------------------------------
--------------------------------------------
| curriculum/                |             |
|    stage                   | 0           |
|    window_cost             | 1           |
|    window_route_completion | 0.125       |
|    window_success          | 0           |
| paper/                     |             |
|    accel_variation         | 0.333       |
|    base_reward             | -2.96       |
|    collision               | 0           |
|    crash_object            | 0           |
|    crash_vehicle           | 0           |
|    episode_cost            | 1           |
|    episode_length          | 119         |
|    jerk                    | 0.293       |
|    lane_deviation          | 0.663       |
|    max_lane_deviation      | 2           |
|    mean_speed_kmh          | 13.1        |
|    min_ttc                 | nan         |
|    out_of_road             | 1           |
|    route_completion        | 0.104       |
|    shaped_reward           | -2.96       |
|    steering_variation      | 0.307       |
|    success                 | 0           |
|    ttc_risk                | 0           |
| rollout/                   |             |
|    ep_len_mean             | 85.8        |
|    ep_rew_mean             | -5.28       |
|    success_rate            | 0           |
| time/                      |             |
|    fps                     | 302         |
|    iterations              | 107         |
|    time_elapsed            | 1448        |
|    total_timesteps         | 438272      |
| train/                     |             |
|    approx_kl               | 0.008226856 |
|    clip_fraction           | 0.163       |
|    clip_range              | 0.2         |
|    entropy_loss            | -2.27       |
|    explained_variance      | 0.589       |
|    learning_rate           | 0.0003      |
|    loss                    | 1.1         |
|    n_updates               | 1060        |
|    policy_gradient_loss    | -0.00248    |
|    std                     | 0.756       |
|    value_loss              | 2.33        |
--------------------------------------------
--------------------------------------------
| curriculum/                |             |
|    stage                   | 0           |
|    window_cost             | 1           |
|    window_route_completion | 0.159       |
|    window_success          | 0           |
| paper/                     |             |
|    accel_variation         | 0.316       |
|    base_reward             | 1.47        |
|    collision               | 0           |
|    crash_object            | 0           |
|    crash_vehicle           | 0           |
|    episode_cost            | 1           |
|    episode_length          | 148         |
|    jerk                    | 0.267       |
|    lane_deviation          | 0.902       |
|    max_lane_deviation      | 2           |
|    mean_speed_kmh          | 12.6        |
|    min_ttc                 | nan         |
|    out_of_road             | 1           |
|    route_completion        | 0.184       |
|    shaped_reward           | 1.47        |
|    steering_variation      | 0.424       |
|    success                 | 0           |
|    ttc_risk                | 0           |
| rollout/                   |             |
|    ep_len_mean             | 95.4        |
|    ep_rew_mean             | -4.59       |
|    success_rate            | 0           |
| time/                      |             |
|    fps                     | 302         |
|    iterations              | 108         |
|    time_elapsed            | 1461        |
|    total_timesteps         | 442368      |
| train/                     |             |
|    approx_kl               | 0.014822074 |
|    clip_fraction           | 0.156       |
|    clip_range              | 0.2         |
|    entropy_loss            | -2.28       |
|    explained_variance      | 0.668       |
|    learning_rate           | 0.0003      |
|    loss                    | 0.846       |
|    n_updates               | 1070        |
|    policy_gradient_loss    | 0.00283     |
|    std                     | 0.758       |
|    value_loss              | 1.83        |
--------------------------------------------
--------------------------------------------
| curriculum/                |             |
|    stage                   | 0           |
|    window_cost             | 1           |
|    window_route_completion | 0.155       |
|    window_success          | 0           |
| paper/                     |             |
|    accel_variation         | 0.375       |
|    base_reward             | 1.39        |
|    collision               | 0           |
|    crash_object            | 0           |
|    crash_vehicle           | 0           |
|    episode_cost            | 1           |
|    episode_length          | 164         |
|    jerk                    | 0.35        |
|    lane_deviation          | 0.836       |
|    max_lane_deviation      | 2           |
|    mean_speed_kmh          | 12.3        |
|    min_ttc                 | nan         |
|    out_of_road             | 1           |
|    route_completion        | 0.207       |
|    shaped_reward           | 1.39        |
|    steering_variation      | 0.474       |
|    success                 | 0           |
|    ttc_risk                | 0           |
| rollout/                   |             |
|    ep_len_mean             | 101         |
|    ep_rew_mean             | -4.22       |
|    success_rate            | 0           |
| time/                      |             |
|    fps                     | 302         |
|    iterations              | 109         |
|    time_elapsed            | 1475        |
|    total_timesteps         | 446464      |
| train/                     |             |
|    approx_kl               | 0.043218613 |
|    clip_fraction           | 0.159       |
|    clip_range              | 0.2         |
|    entropy_loss            | -2.29       |
|    explained_variance      | 0.701       |
|    learning_rate           | 0.0003      |
|    loss                    | 0.781       |
|    n_updates               | 1080        |
|    policy_gradient_loss    | -1.16e-06   |
|    std                     | 0.764       |
|    value_loss              | 1.6         |
--------------------------------------------
------------------------------------------
| curriculum/                |           |
|    stage                   | 0         |
|    window_cost             | 1         |
|    window_route_completion | 0.167     |
|    window_success          | 0         |
| paper/                     |           |
|    accel_variation         | 0.326     |
|    base_reward             | -2.59     |
|    collision               | 0         |
|    crash_object            | 0         |
|    crash_vehicle           | 0         |
|    episode_cost            | 1         |
|    episode_length          | 137       |
|    jerk                    | 0.289     |
|    lane_deviation          | 1.11      |
|    max_lane_deviation      | 2         |
|    mean_speed_kmh          | 14.1      |
|    min_ttc                 | nan       |
|    out_of_road             | 1         |
|    route_completion        | 0.23      |
|    shaped_reward           | -2.59     |
|    steering_variation      | 0.391     |
|    success                 | 0         |
|    ttc_risk                | 0         |
| rollout/                   |           |
|    ep_len_mean             | 116       |
|    ep_rew_mean             | -3.17     |
|    success_rate            | 0         |
| time/                      |           |
|    fps                     | 302       |
|    iterations              | 110       |
|    time_elapsed            | 1487      |
|    total_timesteps         | 450560    |
| train/                     |           |
|    approx_kl               | 0.0222756 |
|    clip_fraction           | 0.162     |
|    clip_range              | 0.2       |
|    entropy_loss            | -2.3      |
|    explained_variance      | 0.713     |
|    learning_rate           | 0.0003    |
|    loss                    | 0.963     |
|    n_updates               | 1090      |
|    policy_gradient_loss    | 0.00165   |
|    std                     | 0.769     |
|    value_loss              | 1.78      |
------------------------------------------
------------------------------------------
| curriculum/                |           |
|    stage                   | 0         |
|    window_cost             | 1         |
|    window_route_completion | 0.158     |
|    window_success          | 0         |
| paper/                     |           |
|    accel_variation         | 0.331     |
|    base_reward             | 0.783     |
|    collision               | 0         |
|    crash_object            | 0         |
|    crash_vehicle           | 0         |
|    episode_cost            | 1         |
|    episode_length          | 142       |
|    jerk                    | 0.328     |
|    lane_deviation          | 0.585     |
|    max_lane_deviation      | 2         |
|    mean_speed_kmh          | 12.9      |
|    min_ttc                 | nan       |
|    out_of_road             | 1         |
|    route_completion        | 0.145     |
|    shaped_reward           | 0.783     |
|    steering_variation      | 0.335     |
|    success                 | 0         |
|    ttc_risk                | 0         |
| rollout/                   |           |
|    ep_len_mean             | 125       |
|    ep_rew_mean             | -2.26     |
|    success_rate            | 0         |
| time/                      |           |
|    fps                     | 303       |
|    iterations              | 111       |
|    time_elapsed            | 1500      |
|    total_timesteps         | 454656    |
| train/                     |           |
|    approx_kl               | 0.0087889 |
|    clip_fraction           | 0.125     |
|    clip_range              | 0.2       |
|    entropy_loss            | -2.31     |
|    explained_variance      | 0.638     |
|    learning_rate           | 0.0003    |
|    loss                    | 1.27      |
|    n_updates               | 1100      |
|    policy_gradient_loss    | 0.000641  |
|    std                     | 0.773     |
|    value_loss              | 2.41      |
------------------------------------------
--------------------------------------------
| curriculum/                |             |
|    stage                   | 0           |
|    window_cost             | 1           |
|    window_route_completion | 0.151       |
|    window_success          | 0           |
| paper/                     |             |
|    accel_variation         | 0.316       |
|    base_reward             | 9.26        |
|    collision               | 0           |
|    crash_object            | 0           |
|    crash_vehicle           | 0           |
|    episode_cost            | 1           |
|    episode_length          | 234         |
|    jerk                    | 0.28        |
|    lane_deviation          | 0.647       |
|    max_lane_deviation      | 2           |
|    mean_speed_kmh          | 15.9        |
|    min_ttc                 | nan         |
|    out_of_road             | 1           |
|    route_completion        | 0.139       |
|    shaped_reward           | 9.26        |
|    steering_variation      | 0.23        |
|    success                 | 0           |
|    ttc_risk                | 0           |
| rollout/                   |             |
|    ep_len_mean             | 136         |
|    ep_rew_mean             | -1.56       |
|    success_rate            | 0           |
| time/                      |             |
|    fps                     | 303         |
|    iterations              | 112         |
|    time_elapsed            | 1511        |
|    total_timesteps         | 458752      |
| train/                     |             |
|    approx_kl               | 0.009487709 |
|    clip_fraction           | 0.137       |
|    clip_range              | 0.2         |
|    entropy_loss            | -2.32       |
|    explained_variance      | 0.655       |
|    learning_rate           | 0.0003      |
|    loss                    | 1.87        |
|    n_updates               | 1110        |
|    policy_gradient_loss    | -0.000323   |
|    std                     | 0.773       |
|    value_loss              | 2.67        |
--------------------------------------------
--------------------------------------------
| curriculum/                |             |
|    stage                   | 0           |
|    window_cost             | 0.933       |
|    window_route_completion | 0.162       |
|    window_success          | 0           |
| paper/                     |             |
|    accel_variation         | 0.259       |
|    base_reward             | 2.32        |
|    collision               | 0           |
|    crash_object            | 0           |
|    crash_vehicle           | 0           |
|    episode_cost            | 1           |
|    episode_length          | 180         |
|    jerk                    | 0.245       |
|    lane_deviation          | 0.783       |
|    max_lane_deviation      | 2           |
|    mean_speed_kmh          | 16.3        |
|    min_ttc                 | nan         |
|    out_of_road             | 1           |
|    route_completion        | 0.198       |
|    shaped_reward           | 2.32        |
|    steering_variation      | 0.239       |
|    success                 | 0           |
|    ttc_risk                | 0           |
| rollout/                   |             |
|    ep_len_mean             | 156         |
|    ep_rew_mean             | 0.00422     |
|    success_rate            | 0           |
| time/                      |             |
|    fps                     | 303         |
|    iterations              | 113         |
|    time_elapsed            | 1522        |
|    total_timesteps         | 462848      |
| train/                     |             |
|    approx_kl               | 0.005865561 |
|    clip_fraction           | 0.102       |
|    clip_range              | 0.2         |
|    entropy_loss            | -2.33       |
|    explained_variance      | 0.55        |
|    learning_rate           | 0.0003      |
|    loss                    | 1.45        |
|    n_updates               | 1120        |
|    policy_gradient_loss    | -0.000382   |
|    std                     | 0.779       |
|    value_loss              | 3.1         |
--------------------------------------------
--------------------------------------------
| curriculum/                |             |
|    stage                   | 0           |
|    window_cost             | 1           |
|    window_route_completion | 0.18        |
|    window_success          | 0           |
| paper/                     |             |
|    accel_variation         | 0.327       |
|    base_reward             | 25.1        |
|    collision               | 0           |
|    crash_object            | 0           |
|    crash_vehicle           | 0           |
|    episode_cost            | 1           |
|    episode_length          | 506         |
|    jerk                    | 0.27        |
|    lane_deviation          | 0.777       |
|    max_lane_deviation      | 2           |
|    mean_speed_kmh          | 18          |
|    min_ttc                 | nan         |
|    out_of_road             | 1           |
|    route_completion        | 0.502       |
|    shaped_reward           | 25.1        |
|    steering_variation      | 0.2         |
|    success                 | 0           |
|    ttc_risk                | 0           |
| rollout/                   |             |
|    ep_len_mean             | 171         |
|    ep_rew_mean             | 0.965       |
|    success_rate            | 0           |
| time/                      |             |
|    fps                     | 304         |
|    iterations              | 114         |
|    time_elapsed            | 1534        |
|    total_timesteps         | 466944      |
| train/                     |             |
|    approx_kl               | 0.008364195 |
|    clip_fraction           | 0.124       |
|    clip_range              | 0.2         |
|    entropy_loss            | -2.33       |
|    explained_variance      | 0.615       |
|    learning_rate           | 0.0003      |
|    loss                    | 1.77        |
|    n_updates               | 1130        |
|    policy_gradient_loss    | -0.00468    |
|    std                     | 0.776       |
|    value_loss              | 2.81        |
--------------------------------------------
--------------------------------------------
| curriculum/                |             |
|    stage                   | 0           |
|    window_cost             | 0.933       |
|    window_route_completion | 0.215       |
|    window_success          | 0           |
| paper/                     |             |
|    accel_variation         | 0.388       |
|    base_reward             | -7.51       |
|    collision               | 0           |
|    crash_object            | 0           |
|    crash_vehicle           | 0           |
|    episode_cost            | 1           |
|    episode_length          | 58          |
|    jerk                    | 0.315       |
|    lane_deviation          | 1.05        |
|    max_lane_deviation      | 2           |
|    mean_speed_kmh          | 8.05        |
|    min_ttc                 | nan         |
|    out_of_road             | 1           |
|    route_completion        | 0.119       |
|    shaped_reward           | -7.51       |
|    steering_variation      | 0.431       |
|    success                 | 0           |
|    ttc_risk                | 0           |
| rollout/                   |             |
|    ep_len_mean             | 191         |
|    ep_rew_mean             | 2.31        |
|    success_rate            | 0           |
| time/                      |             |
|    fps                     | 304         |
|    iterations              | 115         |
|    time_elapsed            | 1544        |
|    total_timesteps         | 471040      |
| train/                     |             |
|    approx_kl               | 0.012066376 |
|    clip_fraction           | 0.165       |
|    clip_range              | 0.2         |
|    entropy_loss            | -2.33       |
|    explained_variance      | 0.548       |
|    learning_rate           | 0.0003      |
|    loss                    | 1.2         |
|    n_updates               | 1140        |
|    policy_gradient_loss    | -0.00128    |
|    std                     | 0.775       |
|    value_loss              | 2.93        |
--------------------------------------------
--------------------------------------------
| curriculum/                |             |
|    stage                   | 0           |
|    window_cost             | 0.8         |
|    window_route_completion | 0.269       |
|    window_success          | 0           |
| paper/                     |             |
|    accel_variation         | 0.502       |
|    base_reward             | -6.04       |
|    collision               | 0           |
|    crash_object            | 0           |
|    crash_vehicle           | 0           |
|    episode_cost            | 1           |
|    episode_length          | 141         |
|    jerk                    | 0.431       |
|    lane_deviation          | 1.08        |
|    max_lane_deviation      | 2           |
|    mean_speed_kmh          | 4.03        |
|    min_ttc                 | nan         |
|    out_of_road             | 1           |
|    route_completion        | 0.119       |
|    shaped_reward           | -6.04       |
|    steering_variation      | 0.721       |
|    success                 | 0           |
|    ttc_risk                | 0           |
| rollout/                   |             |
|    ep_len_mean             | 215         |
|    ep_rew_mean             | 4.13        |
|    success_rate            | 0           |
| time/                      |             |
|    fps                     | 305         |
|    iterations              | 116         |
|    time_elapsed            | 1556        |
|    total_timesteps         | 475136      |
| train/                     |             |
|    approx_kl               | 0.040089685 |
|    clip_fraction           | 0.142       |
|    clip_range              | 0.2         |
|    entropy_loss            | -2.32       |
|    explained_variance      | 0.626       |
|    learning_rate           | 0.0003      |
|    loss                    | 1.19        |
|    n_updates               | 1150        |
|    policy_gradient_loss    | 0.00115     |
|    std                     | 0.773       |
|    value_loss              | 2.32        |
--------------------------------------------
--------------------------------------------
| curriculum/                |             |
|    stage                   | 0           |
|    window_cost             | 0.767       |
|    window_route_completion | 0.275       |
|    window_success          | 0           |
| paper/                     |             |
|    accel_variation         | 0.361       |
|    base_reward             | 20.4        |
|    collision               | 0           |
|    crash_object            | 0           |
|    crash_vehicle           | 0           |
|    episode_cost            | 1           |
|    episode_length          | 354         |
|    jerk                    | 0.3         |
|    lane_deviation          | 0.591       |
|    max_lane_deviation      | 2           |
|    mean_speed_kmh          | 14.1        |
|    min_ttc                 | nan         |
|    out_of_road             | 1           |
|    route_completion        | 0.242       |
|    shaped_reward           | 20.4        |
|    steering_variation      | 0.276       |
|    success                 | 0           |
|    ttc_risk                | 0           |
| rollout/                   |             |
|    ep_len_mean             | 229         |
|    ep_rew_mean             | 5.21        |
|    success_rate            | 0           |
| time/                      |             |
|    fps                     | 305         |
|    iterations              | 117         |
|    time_elapsed            | 1567        |
|    total_timesteps         | 479232      |
| train/                     |             |
|    approx_kl               | 0.022926085 |
|    clip_fraction           | 0.194       |
|    clip_range              | 0.2         |
|    entropy_loss            | -2.31       |
|    explained_variance      | 0.54        |
|    learning_rate           | 0.0003      |
|    loss                    | 0.836       |
|    n_updates               | 1160        |
|    policy_gradient_loss    | -0.000966   |
|    std                     | 0.768       |
|    value_loss              | 2.14        |
--------------------------------------------
--------------------------------------------
| curriculum/                |             |
|    stage                   | 0           |
|    window_cost             | 0.767       |
|    window_route_completion | 0.309       |
|    window_success          | 0           |
| paper/                     |             |
|    accel_variation         | 0.489       |
|    base_reward             | 50.1        |
|    collision               | 0           |
|    crash_object            | 0           |
|    crash_vehicle           | 0           |
|    episode_cost            | 0           |
|    episode_length          | 600         |
|    jerk                    | 0.386       |
|    lane_deviation          | 0.427       |
|    max_lane_deviation      | 0.999       |
|    mean_speed_kmh          | 5.86        |
|    min_ttc                 | nan         |
|    out_of_road             | 0           |
|    route_completion        | 0.835       |
|    shaped_reward           | 50.1        |
|    steering_variation      | 0.605       |
|    success                 | 0           |
|    ttc_risk                | 0           |
| rollout/                   |             |
|    ep_len_mean             | 257         |
|    ep_rew_mean             | 8.81        |
|    success_rate            | 0           |
| time/                      |             |
|    fps                     | 306         |
|    iterations              | 118         |
|    time_elapsed            | 1578        |
|    total_timesteps         | 483328      |
| train/                     |             |
|    approx_kl               | 0.015306683 |
|    clip_fraction           | 0.157       |
|    clip_range              | 0.2         |
|    entropy_loss            | -2.3        |
|    explained_variance      | 0.532       |
|    learning_rate           | 0.0003      |
|    loss                    | 1.55        |
|    n_updates               | 1170        |
|    policy_gradient_loss    | -0.00435    |
|    std                     | 0.765       |
|    value_loss              | 2.63        |
--------------------------------------------
--------------------------------------------
| curriculum/                |             |
|    stage                   | 0           |
|    window_cost             | 0.633       |
|    window_route_completion | 0.399       |
|    window_success          | 0           |
| paper/                     |             |
|    accel_variation         | 0.356       |
|    base_reward             | 74.8        |
|    collision               | 0           |
|    crash_object            | 0           |
|    crash_vehicle           | 0           |
|    episode_cost            | 0           |
|    episode_length          | 600         |
|    jerk                    | 0.309       |
|    lane_deviation          | 0.541       |
|    max_lane_deviation      | 2           |
|    mean_speed_kmh          | 15.8        |
|    min_ttc                 | nan         |
|    out_of_road             | 0           |
|    route_completion        | 0.816       |
|    shaped_reward           | 74.8        |
|    steering_variation      | 0.299       |
|    success                 | 0           |
|    ttc_risk                | 0           |
| rollout/                   |             |
|    ep_len_mean             | 284         |
|    ep_rew_mean             | 13.4        |
|    success_rate            | 0           |
| time/                      |             |
|    fps                     | 306         |
|    iterations              | 119         |
|    time_elapsed            | 1589        |
|    total_timesteps         | 487424      |
| train/                     |             |
|    approx_kl               | 0.010314362 |
|    clip_fraction           | 0.16        |
|    clip_range              | 0.2         |
|    entropy_loss            | -2.29       |
|    explained_variance      | 0.607       |
|    learning_rate           | 0.0003      |
|    loss                    | 2.46        |
|    n_updates               | 1180        |
|    policy_gradient_loss    | -0.00718    |
|    std                     | 0.757       |
|    value_loss              | 2.48        |
--------------------------------------------
--------------------------------------------
| curriculum/                |             |
|    stage                   | 0           |
|    window_cost             | 0.467       |
|    window_route_completion | 0.57        |
|    window_success          | 0.0667      |
| paper/                     |             |
|    accel_variation         | 0.463       |
|    base_reward             | 68.8        |
|    collision               | 0           |
|    crash_object            | 0           |
|    crash_vehicle           | 0           |
|    episode_cost            | 1           |
|    episode_length          | 496         |
|    jerk                    | 0.36        |
|    lane_deviation          | 0.32        |
|    max_lane_deviation      | 2           |
|    mean_speed_kmh          | 8.31        |
|    min_ttc                 | nan         |
|    out_of_road             | 1           |
|    route_completion        | 0.911       |
|    shaped_reward           | 68.8        |
|    steering_variation      | 0.649       |
|    success                 | 0           |
|    ttc_risk                | 0           |
| rollout/                   |             |
|    ep_len_mean             | 315         |
|    ep_rew_mean             | 20.6        |
|    success_rate            | 0.02        |
| time/                      |             |
|    fps                     | 306         |
|    iterations              | 120         |
|    time_elapsed            | 1601        |
|    total_timesteps         | 491520      |
| train/                     |             |
|    approx_kl               | 0.010118486 |
|    clip_fraction           | 0.182       |
|    clip_range              | 0.2         |
|    entropy_loss            | -2.28       |
|    explained_variance      | 0.657       |
|    learning_rate           | 0.0003      |
|    loss                    | 0.614       |
|    n_updates               | 1190        |
|    policy_gradient_loss    | -0.00261    |
|    std                     | 0.756       |
|    value_loss              | 2.04        |
--------------------------------------------
--------------------------------------------
| curriculum/                |             |
|    stage                   | 0           |
|    window_cost             | 0.267       |
|    window_route_completion | 0.714       |
|    window_success          | 0.233       |
| paper/                     |             |
|    accel_variation         | 0.396       |
|    base_reward             | 84.8        |
|    collision               | 0           |
|    crash_object            | 0           |
|    crash_vehicle           | 0           |
|    episode_cost            | 0           |
|    episode_length          | 600         |
|    jerk                    | 0.309       |
|    lane_deviation          | 0.496       |
|    max_lane_deviation      | 2           |
|    mean_speed_kmh          | 13.6        |
|    min_ttc                 | nan         |
|    out_of_road             | 0           |
|    route_completion        | 0.826       |
|    shaped_reward           | 84.8        |
|    steering_variation      | 0.394       |
|    success                 | 0           |
|    ttc_risk                | 0           |
| rollout/                   |             |
|    ep_len_mean             | 333         |
|    ep_rew_mean             | 27.1        |
|    success_rate            | 0.07        |
| time/                      |             |
|    fps                     | 307         |
|    iterations              | 121         |
|    time_elapsed            | 1613        |
|    total_timesteps         | 495616      |
| train/                     |             |
|    approx_kl               | 0.019940844 |
|    clip_fraction           | 0.259       |
|    clip_range              | 0.2         |
|    entropy_loss            | -2.26       |
|    explained_variance      | 0.569       |
|    learning_rate           | 0.0003      |
|    loss                    | 1.43        |
|    n_updates               | 1200        |
|    policy_gradient_loss    | 0.00359     |
|    std                     | 0.743       |
|    value_loss              | 3.59        |
--------------------------------------------
--------------------------------------------
| curriculum/                |             |
|    stage                   | 1           |
|    window_cost             | 0.2         |
|    window_route_completion | 0.794       |
|    window_success          | 0.333       |
| paper/                     |             |
|    accel_variation         | 0.378       |
|    base_reward             | 49.9        |
|    collision               | 0           |
|    crash_object            | 0           |
|    crash_vehicle           | 0           |
|    episode_cost            | 1           |
|    episode_length          | 373         |
|    jerk                    | 0.325       |
|    lane_deviation          | 0.648       |
|    max_lane_deviation      | 2           |
|    mean_speed_kmh          | 12          |
|    min_ttc                 | nan         |
|    out_of_road             | 1           |
|    route_completion        | 0.347       |
|    shaped_reward           | 49.9        |
|    steering_variation      | 0.619       |
|    success                 | 0           |
|    ttc_risk                | 0           |
| rollout/                   |             |
|    ep_len_mean             | 353         |
|    ep_rew_mean             | 35.1        |
|    success_rate            | 0.13        |
| time/                      |             |
|    fps                     | 307         |
|    iterations              | 122         |
|    time_elapsed            | 1627        |
|    total_timesteps         | 499712      |
| train/                     |             |
|    approx_kl               | 0.014853222 |
|    clip_fraction           | 0.152       |
|    clip_range              | 0.2         |
|    entropy_loss            | -2.22       |
|    explained_variance      | 0.675       |
|    learning_rate           | 0.0003      |
|    loss                    | 1.34        |
|    n_updates               | 1210        |
|    policy_gradient_loss    | -0.00389    |
|    std                     | 0.729       |
|    value_loss              | 3.36        |
--------------------------------------------
-----------------------------------------
| paper/                  |             |
|    accel_variation      | 0.329       |
|    base_reward          | 113         |
|    collision            | 0           |
|    crash_object         | 0           |
|    crash_vehicle        | 0           |
|    episode_cost         | 1           |
|    episode_length       | 489         |
|    jerk                 | 0.275       |
|    lane_deviation       | 0.492       |
|    max_lane_deviation   | 2           |
|    mean_speed_kmh       | 16.6        |
|    min_ttc              | nan         |
|    out_of_road          | 1           |
|    route_completion     | 0.657       |
|    shaped_reward        | 113         |
|    steering_variation   | 0.493       |
|    success              | 0           |
|    ttc_risk             | 0           |
| rollout/                |             |
|    ep_len_mean          | 378         |
|    ep_rew_mean          | 45.7        |
|    success_rate         | 0.14        |
| time/                   |             |
|    fps                  | 306         |
|    iterations           | 123         |
|    time_elapsed         | 1642        |
|    total_timesteps      | 503808      |
| train/                  |             |
|    approx_kl            | 0.013394178 |
|    clip_fraction        | 0.19        |
|    clip_range           | 0.2         |
|    entropy_loss         | -2.19       |
|    explained_variance   | 0.628       |
|    learning_rate        | 0.0003      |
|    loss                 | 2.69        |
|    n_updates            | 1220        |
|    policy_gradient_loss | 0.00444     |
|    std                  | 0.717       |
|    value_loss           | 6.2         |
-----------------------------------------
----------------------------------------
| paper/                  |            |
|    accel_variation      | 0.239      |
|    base_reward          | 1.6        |
|    collision            | 0          |
|    crash_object         | 0          |
|    crash_vehicle        | 0          |
|    episode_cost         | 1          |
|    episode_length       | 72         |
|    jerk                 | 0.248      |
|    lane_deviation       | 0.213      |
|    max_lane_deviation   | 1.06       |
|    mean_speed_kmh       | 9.58       |
|    min_ttc              | nan        |
|    out_of_road          | 1          |
|    route_completion     | 0.0521     |
|    shaped_reward        | 1.6        |
|    steering_variation   | 0.684      |
|    success              | 0          |
|    ttc_risk             | 0          |
| rollout/                |            |
|    ep_len_mean          | 386        |
|    ep_rew_mean          | 53.8       |
|    success_rate         | 0.15       |
| time/                   |            |
|    fps                  | 306        |
|    iterations           | 124        |
|    time_elapsed         | 1658       |
|    total_timesteps      | 507904     |
| train/                  |            |
|    approx_kl            | 0.01779269 |
|    clip_fraction        | 0.18       |
|    clip_range           | 0.2        |
|    entropy_loss         | -2.17      |
|    explained_variance   | 0.623      |
|    learning_rate        | 0.0003     |
|    loss                 | 4.43       |
|    n_updates            | 1230       |
|    policy_gradient_loss | -0.00526   |
|    std                  | 0.715      |
|    value_loss           | 8.05       |
----------------------------------------
-------------------------------------------
| curriculum/                |            |
|    stage                   | 1          |
|    window_cost             | 0.867      |
|    window_route_completion | 0.506      |
|    window_success          | 0.1        |
| paper/                     |            |
|    accel_variation         | 0.248      |
|    base_reward             | 222        |
|    collision               | 0          |
|    crash_object            | 0          |
|    crash_vehicle           | 0          |
|    episode_cost            | 1          |
|    episode_length          | 744        |
|    jerk                    | 0.214      |
|    lane_deviation          | 0.474      |
|    max_lane_deviation      | 2          |
|    mean_speed_kmh          | 21.6       |
|    min_ttc                 | nan        |
|    out_of_road             | 1          |
|    route_completion        | 0.817      |
|    shaped_reward           | 222        |
|    steering_variation      | 0.532      |
|    success                 | 0          |
|    ttc_risk                | 0          |
| rollout/                   |            |
|    ep_len_mean             | 407        |
|    ep_rew_mean             | 62.5       |
|    success_rate            | 0.16       |
| time/                      |            |
|    fps                     | 305        |
|    iterations              | 125        |
|    time_elapsed            | 1673       |
|    total_timesteps         | 512000     |
| train/                     |            |
|    approx_kl               | 0.00976843 |
|    clip_fraction           | 0.117      |
|    clip_range              | 0.2        |
|    entropy_loss            | -2.16      |
|    explained_variance      | 0.682      |
|    learning_rate           | 0.0003     |
|    loss                    | 5.3        |
|    n_updates               | 1240       |
|    policy_gradient_loss    | -0.0068    |
|    std                     | 0.712      |
|    value_loss              | 10.6       |
-------------------------------------------
--------------------------------------------
| curriculum/                |             |
|    stage                   | 1           |
|    window_cost             | 0.767       |
|    window_route_completion | 0.57        |
|    window_success          | 0.167       |
| paper/                     |             |
|    accel_variation         | 0.275       |
|    base_reward             | 35.1        |
|    collision               | 0           |
|    crash_object            | 0           |
|    crash_vehicle           | 0           |
|    episode_cost            | 1           |
|    episode_length          | 147         |
|    jerk                    | 0.248       |
|    lane_deviation          | 0.296       |
|    max_lane_deviation      | 2           |
|    mean_speed_kmh          | 15.3        |
|    min_ttc                 | nan         |
|    out_of_road             | 1           |
|    route_completion        | 0.158       |
|    shaped_reward           | 35.1        |
|    steering_variation      | 0.583       |
|    success                 | 0           |
|    ttc_risk                | 0           |
| rollout/                   |             |
|    ep_len_mean             | 410         |
|    ep_rew_mean             | 71.9        |
|    success_rate            | 0.19        |
| time/                      |             |
|    fps                     | 305         |
|    iterations              | 126         |
|    time_elapsed            | 1689        |
|    total_timesteps         | 516096      |
| train/                     |             |
|    approx_kl               | 0.009743301 |
|    clip_fraction           | 0.108       |
|    clip_range              | 0.2         |
|    entropy_loss            | -2.15       |
|    explained_variance      | 0.707       |
|    learning_rate           | 0.0003      |
|    loss                    | 3.02        |
|    n_updates               | 1250        |
|    policy_gradient_loss    | -0.00165    |
|    std                     | 0.705       |
|    value_loss              | 9.34        |
--------------------------------------------
--------------------------------------------
| curriculum/                |             |
|    stage                   | 1           |
|    window_cost             | 0.633       |
|    window_route_completion | 0.683       |
|    window_success          | 0.3         |
| paper/                     |             |
|    accel_variation         | 0.217       |
|    base_reward             | 215         |
|    collision               | 0           |
|    crash_object            | 0           |
|    crash_vehicle           | 0           |
|    episode_cost            | 0           |
|    episode_length          | 604         |
|    jerk                    | 0.194       |
|    lane_deviation          | 0.577       |
|    max_lane_deviation      | 2           |
|    mean_speed_kmh          | 25.7        |
|    min_ttc                 | 15          |
|    out_of_road             | 0           |
|    route_completion        | 0.99        |
|    shaped_reward           | 215         |
|    steering_variation      | 0.562       |
|    success                 | 1           |
|    ttc_risk                | 0           |
| rollout/                   |             |
|    ep_len_mean             | 440         |
|    ep_rew_mean             | 88.9        |
|    success_rate            | 0.23        |
| time/                      |             |
|    fps                     | 305         |
|    iterations              | 127         |
|    time_elapsed            | 1705        |
|    total_timesteps         | 520192      |
| train/                     |             |
|    approx_kl               | 0.006366794 |
|    clip_fraction           | 0.118       |
|    clip_range              | 0.2         |
|    entropy_loss            | -2.13       |
|    explained_variance      | 0.749       |
|    learning_rate           | 0.0003      |
|    loss                    | 3.29        |
|    n_updates               | 1260        |
|    policy_gradient_loss    | 0.0002      |
|    std                     | 0.699       |
|    value_loss              | 8.43        |
--------------------------------------------
--------------------------------------------
| curriculum/                |             |
|    stage                   | 1           |
|    window_cost             | 0.5         |
|    window_route_completion | 0.767       |
|    window_success          | 0.433       |
| paper/                     |             |
|    accel_variation         | 0.213       |
|    base_reward             | 294         |
|    collision               | 0           |
|    crash_object            | 0           |
|    crash_vehicle           | 0           |
|    episode_cost            | 0           |
|    episode_length          | 679         |
|    jerk                    | 0.203       |
|    lane_deviation          | 0.289       |
|    max_lane_deviation      | 1.04        |
|    mean_speed_kmh          | 20.3        |
|    min_ttc                 | nan         |
|    out_of_road             | 0           |
|    route_completion        | 0.987       |
|    shaped_reward           | 294         |
|    steering_variation      | 0.596       |
|    success                 | 1           |
|    ttc_risk                | 0           |
| rollout/                   |             |
|    ep_len_mean             | 455         |
|    ep_rew_mean             | 107         |
|    success_rate            | 0.28        |
| time/                      |             |
|    fps                     | 304         |
|    iterations              | 128         |
|    time_elapsed            | 1722        |
|    total_timesteps         | 524288      |
| train/                     |             |
|    approx_kl               | 0.021901894 |
|    clip_fraction           | 0.151       |
|    clip_range              | 0.2         |
|    entropy_loss            | -2.11       |
|    explained_variance      | 0.767       |
|    learning_rate           | 0.0003      |
|    loss                    | 2.59        |
|    n_updates               | 1270        |
|    policy_gradient_loss    | -0.00106    |
|    std                     | 0.693       |
|    value_loss              | 8.82        |
--------------------------------------------
--------------------------------------------
| curriculum/                |             |
|    stage                   | 1           |
|    window_cost             | 0.467       |
|    window_route_completion | 0.728       |
|    window_success          | 0.467       |
| paper/                     |             |
|    accel_variation         | 0.214       |
|    base_reward             | 306         |
|    collision               | 0           |
|    crash_object            | 0           |
|    crash_vehicle           | 0           |
|    episode_cost            | 0           |
|    episode_length          | 727         |
|    jerk                    | 0.203       |
|    lane_deviation          | 0.385       |
|    max_lane_deviation      | 2           |
|    mean_speed_kmh          | 23.2        |
|    min_ttc                 | nan         |
|    out_of_road             | 0           |
|    route_completion        | 0.99        |
|    shaped_reward           | 306         |
|    steering_variation      | 0.591       |
|    success                 | 1           |
|    ttc_risk                | 0           |
| rollout/                   |             |
|    ep_len_mean             | 459         |
|    ep_rew_mean             | 117         |
|    success_rate            | 0.31        |
| time/                      |             |
|    fps                     | 304         |
|    iterations              | 129         |
|    time_elapsed            | 1737        |
|    total_timesteps         | 528384      |
| train/                     |             |
|    approx_kl               | 0.008285079 |
|    clip_fraction           | 0.0882      |
|    clip_range              | 0.2         |
|    entropy_loss            | -2.1        |
|    explained_variance      | 0.806       |
|    learning_rate           | 0.0003      |
|    loss                    | 2.51        |
|    n_updates               | 1280        |
|    policy_gradient_loss    | -0.00302    |
|    std                     | 0.691       |
|    value_loss              | 7.37        |
--------------------------------------------
--------------------------------------------
| curriculum/                |             |
|    stage                   | 1           |
|    window_cost             | 0.4         |
|    window_route_completion | 0.777       |
|    window_success          | 0.5         |
| paper/                     |             |
|    accel_variation         | 0.17        |
|    base_reward             | 245         |
|    collision               | 0           |
|    crash_object            | 0           |
|    crash_vehicle           | 0           |
|    episode_cost            | 0           |
|    episode_length          | 466         |
|    jerk                    | 0.167       |
|    lane_deviation          | 0.345       |
|    max_lane_deviation      | 1.09        |
|    mean_speed_kmh          | 25.6        |
|    min_ttc                 | nan         |
|    out_of_road             | 0           |
|    route_completion        | 0.986       |
|    shaped_reward           | 245         |
|    steering_variation      | 0.618       |
|    success                 | 1           |
|    ttc_risk                | 0           |
| rollout/                   |             |
|    ep_len_mean             | 467         |
|    ep_rew_mean             | 130         |
|    success_rate            | 0.36        |
| time/                      |             |
|    fps                     | 303         |
|    iterations              | 130         |
|    time_elapsed            | 1753        |
|    total_timesteps         | 532480      |
| train/                     |             |
|    approx_kl               | 0.008213449 |
|    clip_fraction           | 0.129       |
|    clip_range              | 0.2         |
|    entropy_loss            | -2.09       |
|    explained_variance      | 0.849       |
|    learning_rate           | 0.0003      |
|    loss                    | 3.78        |
|    n_updates               | 1290        |
|    policy_gradient_loss    | -0.00235    |
|    std                     | 0.687       |
|    value_loss              | 7.86        |
--------------------------------------------
---------------------------------------------
| curriculum/                |              |
|    stage                   | 1            |
|    window_cost             | 0.333        |
|    window_route_completion | 0.832        |
|    window_success          | 0.567        |
| paper/                     |              |
|    accel_variation         | 0.25         |
|    base_reward             | 147          |
|    collision               | 0            |
|    crash_object            | 0            |
|    crash_vehicle           | 0            |
|    episode_cost            | 1            |
|    episode_length          | 337          |
|    jerk                    | 0.224        |
|    lane_deviation          | 0.404        |
|    max_lane_deviation      | 2            |
|    mean_speed_kmh          | 26           |
|    min_ttc                 | nan          |
|    out_of_road             | 1            |
|    route_completion        | 0.612        |
|    shaped_reward           | 147          |
|    steering_variation      | 0.573        |
|    success                 | 0            |
|    ttc_risk                | 0            |
| rollout/                   |              |
|    ep_len_mean             | 469          |
|    ep_rew_mean             | 143          |
|    success_rate            | 0.41         |
| time/                      |              |
|    fps                     | 303          |
|    iterations              | 131          |
|    time_elapsed            | 1770         |
|    total_timesteps         | 536576       |
| train/                     |              |
|    approx_kl               | 0.0066129733 |
|    clip_fraction           | 0.076        |
|    clip_range              | 0.2          |
|    entropy_loss            | -2.07        |
|    explained_variance      | 0.882        |
|    learning_rate           | 0.0003       |
|    loss                    | 3.59         |
|    n_updates               | 1300         |
|    policy_gradient_loss    | -0.00221     |
|    std                     | 0.678        |
|    value_loss              | 7.3          |
---------------------------------------------
---------------------------------------------
| curriculum/                |              |
|    stage                   | 1            |
|    window_cost             | 0.3          |
|    window_route_completion | 0.833        |
|    window_success          | 0.6          |
| paper/                     |              |
|    accel_variation         | 0.191        |
|    base_reward             | 198          |
|    collision               | 0            |
|    crash_object            | 0            |
|    crash_vehicle           | 0            |
|    episode_cost            | 0            |
|    episode_length          | 462          |
|    jerk                    | 0.171        |
|    lane_deviation          | 0.35         |
|    max_lane_deviation      | 0.991        |
|    mean_speed_kmh          | 20.7         |
|    min_ttc                 | nan          |
|    out_of_road             | 0            |
|    route_completion        | 0.983        |
|    shaped_reward           | 198          |
|    steering_variation      | 0.503        |
|    success                 | 1            |
|    ttc_risk                | 0            |
| rollout/                   |              |
|    ep_len_mean             | 470          |
|    ep_rew_mean             | 154          |
|    success_rate            | 0.42         |
| time/                      |              |
|    fps                     | 302          |
|    iterations              | 132          |
|    time_elapsed            | 1786         |
|    total_timesteps         | 540672       |
| train/                     |              |
|    approx_kl               | 0.0066630985 |
|    clip_fraction           | 0.199        |
|    clip_range              | 0.2          |
|    entropy_loss            | -2.05        |
|    explained_variance      | 0.78         |
|    learning_rate           | 0.0003       |
|    loss                    | 6.3          |
|    n_updates               | 1310         |
|    policy_gradient_loss    | 0.00729      |
|    std                     | 0.673        |
|    value_loss              | 12.3         |
---------------------------------------------
--------------------------------------------
| curriculum/                |             |
|    stage                   | 1           |
|    window_cost             | 0.3         |
|    window_route_completion | 0.863       |
|    window_success          | 0.633       |
| paper/                     |             |
|    accel_variation         | 0.174       |
|    base_reward             | 338         |
|    collision               | 0           |
|    crash_object            | 0           |
|    crash_vehicle           | 0           |
|    episode_cost            | 0           |
|    episode_length          | 634         |
|    jerk                    | 0.148       |
|    lane_deviation          | 0.303       |
|    max_lane_deviation      | 0.98        |
|    mean_speed_kmh          | 25          |
|    min_ttc                 | 18.1        |
|    out_of_road             | 0           |
|    route_completion        | 0.989       |
|    shaped_reward           | 338         |
|    steering_variation      | 0.633       |
|    success                 | 1           |
|    ttc_risk                | 0           |
| rollout/                   |             |
|    ep_len_mean             | 473         |
|    ep_rew_mean             | 166         |
|    success_rate            | 0.41        |
| time/                      |             |
|    fps                     | 302         |
|    iterations              | 133         |
|    time_elapsed            | 1803        |
|    total_timesteps         | 544768      |
| train/                     |             |
|    approx_kl               | 0.011295804 |
|    clip_fraction           | 0.171       |
|    clip_range              | 0.2         |
|    entropy_loss            | -2.04       |
|    explained_variance      | 0.82        |
|    learning_rate           | 0.0003      |
|    loss                    | 4.48        |
|    n_updates               | 1320        |
|    policy_gradient_loss    | 0.00327     |
|    std                     | 0.669       |
|    value_loss              | 9.78        |
--------------------------------------------
--------------------------------------------
| curriculum/                |             |
|    stage                   | 1           |
|    window_cost             | 0.367       |
|    window_route_completion | 0.821       |
|    window_success          | 0.633       |
| paper/                     |             |
|    accel_variation         | 0.192       |
|    base_reward             | 259         |
|    collision               | 0           |
|    crash_object            | 0           |
|    crash_vehicle           | 0           |
|    episode_cost            | 0           |
|    episode_length          | 605         |
|    jerk                    | 0.177       |
|    lane_deviation          | 0.459       |
|    max_lane_deviation      | 2           |
|    mean_speed_kmh          | 25.2        |
|    min_ttc                 | 5.54        |
|    out_of_road             | 0           |
|    route_completion        | 0.991       |
|    shaped_reward           | 259         |
|    steering_variation      | 0.511       |
|    success                 | 1           |
|    ttc_risk                | 0.000218    |
| rollout/                   |             |
|    ep_len_mean             | 470         |
|    ep_rew_mean             | 176         |
|    success_rate            | 0.44        |
| time/                      |             |
|    fps                     | 301         |
|    iterations              | 134         |
|    time_elapsed            | 1821        |
|    total_timesteps         | 548864      |
| train/                     |             |
|    approx_kl               | 0.098526105 |
|    clip_fraction           | 0.249       |
|    clip_range              | 0.2         |
|    entropy_loss            | -2.02       |
|    explained_variance      | 0.818       |
|    learning_rate           | 0.0003      |
|    loss                    | 4.26        |
|    n_updates               | 1330        |
|    policy_gradient_loss    | 0.0123      |
|    std                     | 0.664       |
|    value_loss              | 10.9        |
--------------------------------------------
--------------------------------------------
| curriculum/                |             |
|    stage                   | 1           |
|    window_cost             | 0.433       |
|    window_route_completion | 0.767       |
|    window_success          | 0.567       |
| paper/                     |             |
|    accel_variation         | 0.117       |
|    base_reward             | 293         |
|    collision               | 0           |
|    crash_object            | 0           |
|    crash_vehicle           | 0           |
|    episode_cost            | 0           |
|    episode_length          | 453         |
|    jerk                    | 0.11        |
|    lane_deviation          | 0.291       |
|    max_lane_deviation      | 0.98        |
|    mean_speed_kmh          | 30.6        |
|    min_ttc                 | nan         |
|    out_of_road             | 0           |
|    route_completion        | 0.989       |
|    shaped_reward           | 293         |
|    steering_variation      | 0.665       |
|    success                 | 1           |
|    ttc_risk                | 0           |
| rollout/                   |             |
|    ep_len_mean             | 466         |
|    ep_rew_mean             | 186         |
|    success_rate            | 0.49        |
| time/                      |             |
|    fps                     | 300         |
|    iterations              | 135         |
|    time_elapsed            | 1837        |
|    total_timesteps         | 552960      |
| train/                     |             |
|    approx_kl               | 0.006906295 |
|    clip_fraction           | 0.15        |
|    clip_range              | 0.2         |
|    entropy_loss            | -2.01       |
|    explained_variance      | 0.797       |
|    learning_rate           | 0.0003      |
|    loss                    | 7.82        |
|    n_updates               | 1340        |
|    policy_gradient_loss    | 0.00243     |
|    std                     | 0.663       |
|    value_loss              | 17.4        |
--------------------------------------------
-----------------------------------------
| curriculum/                |          |
|    stage                   | 1        |
|    window_cost             | 0.367    |
|    window_route_completion | 0.791    |
|    window_success          | 0.633    |
| paper/                     |          |
|    accel_variation         | 0.0969   |
|    base_reward             | 159      |
|    collision               | 0        |
|    crash_object            | 0        |
|    crash_vehicle           | 0        |
|    episode_cost            | 0        |
|    episode_length          | 295      |
|    jerk                    | 0.0836   |
|    lane_deviation          | 0.288    |
|    max_lane_deviation      | 0.991    |
|    mean_speed_kmh          | 23.8     |
|    min_ttc                 | nan      |
|    out_of_road             | 0        |
|    route_completion        | 0.977    |
|    shaped_reward           | 159      |
|    steering_variation      | 0.588    |
|    success                 | 1        |
|    ttc_risk                | 0        |
| rollout/                   |          |
|    ep_len_mean             | 467      |
|    ep_rew_mean             | 195      |
|    success_rate            | 0.56     |
| time/                      |          |
|    fps                     | 300      |
|    iterations              | 136      |
|    time_elapsed            | 1852     |
|    total_timesteps         | 557056   |
| train/                     |          |
|    approx_kl               | 0.006465 |
|    clip_fraction           | 0.105    |
|    clip_range              | 0.2      |
|    entropy_loss            | -2       |
|    explained_variance      | 0.713    |
|    learning_rate           | 0.0003   |
|    loss                    | 10.8     |
|    n_updates               | 1350     |
|    policy_gradient_loss    | -0.00531 |
|    std                     | 0.66     |
|    value_loss              | 29.2     |
-----------------------------------------
--------------------------------------------
| curriculum/                |             |
|    stage                   | 1           |
|    window_cost             | 0.467       |
|    window_route_completion | 0.79        |
|    window_success          | 0.533       |
| paper/                     |             |
|    accel_variation         | 0.155       |
|    base_reward             | 159         |
|    collision               | 0           |
|    crash_object            | 0           |
|    crash_vehicle           | 0           |
|    episode_cost            | 1           |
|    episode_length          | 363         |
|    jerk                    | 0.14        |
|    lane_deviation          | 0.338       |
|    max_lane_deviation      | 2           |
|    mean_speed_kmh          | 23.2        |
|    min_ttc                 | 6.03        |
|    out_of_road             | 1           |
|    route_completion        | 0.753       |
|    shaped_reward           | 159         |
|    steering_variation      | 0.579       |
|    success                 | 0           |
|    ttc_risk                | 0           |
| rollout/                   |             |
|    ep_len_mean             | 450         |
|    ep_rew_mean             | 198         |
|    success_rate            | 0.56        |
| time/                      |             |
|    fps                     | 300         |
|    iterations              | 137         |
|    time_elapsed            | 1869        |
|    total_timesteps         | 561152      |
| train/                     |             |
|    approx_kl               | 0.003602175 |
|    clip_fraction           | 0.0967      |
|    clip_range              | 0.2         |
|    entropy_loss            | -1.99       |
|    explained_variance      | 0.829       |
|    learning_rate           | 0.0003      |
|    loss                    | 5.8         |
|    n_updates               | 1360        |
|    policy_gradient_loss    | -0.000293   |
|    std                     | 0.652       |
|    value_loss              | 12          |
--------------------------------------------
---------------------------------------------
| curriculum/                |              |
|    stage                   | 1            |
|    window_cost             | 0.467        |
|    window_route_completion | 0.838        |
|    window_success          | 0.533        |
| paper/                     |              |
|    accel_variation         | 0.166        |
|    base_reward             | 50.2         |
|    collision               | 0            |
|    crash_object            | 0            |
|    crash_vehicle           | 0            |
|    episode_cost            | 1            |
|    episode_length          | 181          |
|    jerk                    | 0.147        |
|    lane_deviation          | 0.355        |
|    max_lane_deviation      | 2            |
|    mean_speed_kmh          | 19.6         |
|    min_ttc                 | nan          |
|    out_of_road             | 1            |
|    route_completion        | 0.412        |
|    shaped_reward           | 50.2         |
|    steering_variation      | 0.687        |
|    success                 | 0            |
|    ttc_risk                | 0            |
| rollout/                   |              |
|    ep_len_mean             | 433          |
|    ep_rew_mean             | 197          |
|    success_rate            | 0.55         |
| time/                      |              |
|    fps                     | 299          |
|    iterations              | 138          |
|    time_elapsed            | 1885         |
|    total_timesteps         | 565248       |
| train/                     |              |
|    approx_kl               | 0.0072486443 |
|    clip_fraction           | 0.096        |
|    clip_range              | 0.2          |
|    entropy_loss            | -1.97        |
|    explained_variance      | 0.733        |
|    learning_rate           | 0.0003       |
|    loss                    | 11.6         |
|    n_updates               | 1370         |
|    policy_gradient_loss    | -0.000912    |
|    std                     | 0.649        |
|    value_loss              | 24.3         |
---------------------------------------------
---------------------------------------------
| curriculum/                |              |
|    stage                   | 1            |
|    window_cost             | 0.533        |
|    window_route_completion | 0.755        |
|    window_success          | 0.467        |
| paper/                     |              |
|    accel_variation         | 0.0402       |
|    base_reward             | 5.25         |
|    collision               | 0            |
|    crash_object            | 0            |
|    crash_vehicle           | 0            |
|    episode_cost            | 1            |
|    episode_length          | 66           |
|    jerk                    | 0.0639       |
|    lane_deviation          | 0.236        |
|    max_lane_deviation      | 1.09         |
|    mean_speed_kmh          | 16           |
|    min_ttc                 | nan          |
|    out_of_road             | 1            |
|    route_completion        | 0.0655       |
|    shaped_reward           | 5.25         |
|    steering_variation      | 0.602        |
|    success                 | 0            |
|    ttc_risk                | 0            |
| rollout/                   |              |
|    ep_len_mean             | 417          |
|    ep_rew_mean             | 198          |
|    success_rate            | 0.57         |
| time/                      |              |
|    fps                     | 299          |
|    iterations              | 139          |
|    time_elapsed            | 1901         |
|    total_timesteps         | 569344       |
| train/                     |              |
|    approx_kl               | 0.0074895043 |
|    clip_fraction           | 0.143        |
|    clip_range              | 0.2          |
|    entropy_loss            | -1.96        |
|    explained_variance      | 0.835        |
|    learning_rate           | 0.0003       |
|    loss                    | 6.36         |
|    n_updates               | 1380         |
|    policy_gradient_loss    | 0.00488      |
|    std                     | 0.644        |
|    value_loss              | 16.9         |
---------------------------------------------
---------------------------------------------
| curriculum/                |              |
|    stage                   | 1            |
|    window_cost             | 0.433        |
|    window_route_completion | 0.794        |
|    window_success          | 0.567        |
| paper/                     |              |
|    accel_variation         | 0.0797       |
|    base_reward             | 227          |
|    collision               | 0            |
|    crash_object            | 0            |
|    crash_vehicle           | 0            |
|    episode_cost            | 1            |
|    episode_length          | 483          |
|    jerk                    | 0.0799       |
|    lane_deviation          | 0.435        |
|    max_lane_deviation      | 1.23         |
|    mean_speed_kmh          | 30.6         |
|    min_ttc                 | 7.39         |
|    out_of_road             | 1            |
|    route_completion        | 0.999        |
|    shaped_reward           | 227          |
|    steering_variation      | 0.577        |
|    success                 | 0            |
|    ttc_risk                | 0            |
| rollout/                   |              |
|    ep_len_mean             | 395          |
|    ep_rew_mean             | 194          |
|    success_rate            | 0.57         |
| time/                      |              |
|    fps                     | 298          |
|    iterations              | 140          |
|    time_elapsed            | 1918         |
|    total_timesteps         | 573440       |
| train/                     |              |
|    approx_kl               | 0.0051453197 |
|    clip_fraction           | 0.102        |
|    clip_range              | 0.2          |
|    entropy_loss            | -1.94        |
|    explained_variance      | 0.79         |
|    learning_rate           | 0.0003       |
|    loss                    | 9.48         |
|    n_updates               | 1390         |
|    policy_gradient_loss    | -0.000234    |
|    std                     | 0.64         |
|    value_loss              | 20           |
---------------------------------------------
--------------------------------------------
| curriculum/                |             |
|    stage                   | 1           |
|    window_cost             | 0.4         |
|    window_route_completion | 0.832       |
|    window_success          | 0.6         |
| paper/                     |             |
|    accel_variation         | 0.0963      |
|    base_reward             | 108         |
|    collision               | 0           |
|    crash_object            | 0           |
|    crash_vehicle           | 0           |
|    episode_cost            | 1           |
|    episode_length          | 259         |
|    jerk                    | 0.0949      |
|    lane_deviation          | 0.455       |
|    max_lane_deviation      | 2           |
|    mean_speed_kmh          | 27.6        |
|    min_ttc                 | nan         |
|    out_of_road             | 1           |
|    route_completion        | 0.632       |
|    shaped_reward           | 108         |
|    steering_variation      | 0.606       |
|    success                 | 0           |
|    ttc_risk                | 0           |
| rollout/                   |             |
|    ep_len_mean             | 384         |
|    ep_rew_mean             | 191         |
|    success_rate            | 0.56        |
| time/                      |             |
|    fps                     | 298         |
|    iterations              | 141         |
|    time_elapsed            | 1935        |
|    total_timesteps         | 577536      |
| train/                     |             |
|    approx_kl               | 0.013414161 |
|    clip_fraction           | 0.106       |
|    clip_range              | 0.2         |
|    entropy_loss            | -1.93       |
|    explained_variance      | 0.71        |
|    learning_rate           | 0.0003      |
|    loss                    | 11.7        |
|    n_updates               | 1400        |
|    policy_gradient_loss    | 0.00122     |
|    std                     | 0.638       |
|    value_loss              | 28.7        |
--------------------------------------------
-------------------------------------------
| curriculum/                |            |
|    stage                   | 1          |
|    window_cost             | 0.433      |
|    window_route_completion | 0.826      |
|    window_success          | 0.567      |
| paper/                     |            |
|    accel_variation         | 0.0305     |
|    base_reward             | 217        |
|    collision               | 0          |
|    crash_object            | 0          |
|    crash_vehicle           | 0          |
|    episode_cost            | 0          |
|    episode_length          | 348        |
|    jerk                    | 0.0319     |
|    lane_deviation          | 0.326      |
|    max_lane_deviation      | 0.94       |
|    mean_speed_kmh          | 31.1       |
|    min_ttc                 | 1.13       |
|    out_of_road             | 0          |
|    route_completion        | 0.984      |
|    shaped_reward           | 217        |
|    steering_variation      | 0.536      |
|    success                 | 1          |
|    ttc_risk                | 0.0496     |
| rollout/                   |            |
|    ep_len_mean             | 364        |
|    ep_rew_mean             | 185        |
|    success_rate            | 0.54       |
| time/                      |            |
|    fps                     | 297        |
|    iterations              | 142        |
|    time_elapsed            | 1952       |
|    total_timesteps         | 581632     |
| train/                     |            |
|    approx_kl               | 0.03543011 |
|    clip_fraction           | 0.134      |
|    clip_range              | 0.2        |
|    entropy_loss            | -1.93      |
|    explained_variance      | 0.815      |
|    learning_rate           | 0.0003     |
|    loss                    | 6.31       |
|    n_updates               | 1410       |
|    policy_gradient_loss    | 0.00357    |
|    std                     | 0.636      |
|    value_loss              | 18.8       |
-------------------------------------------
--------------------------------------------
| curriculum/                |             |
|    stage                   | 1           |
|    window_cost             | 0.5         |
|    window_route_completion | 0.788       |
|    window_success          | 0.5         |
| paper/                     |             |
|    accel_variation         | 0.0943      |
|    base_reward             | 262         |
|    collision               | 0           |
|    crash_object            | 0           |
|    crash_vehicle           | 0           |
|    episode_cost            | 0           |
|    episode_length          | 631         |
|    jerk                    | 0.0859      |
|    lane_deviation          | 0.536       |
|    max_lane_deviation      | 2           |
|    mean_speed_kmh          | 29.5        |
|    min_ttc                 | 10.7        |
|    out_of_road             | 0           |
|    route_completion        | 0.991       |
|    shaped_reward           | 262         |
|    steering_variation      | 0.543       |
|    success                 | 1           |
|    ttc_risk                | 0           |
| rollout/                   |             |
|    ep_len_mean             | 366         |
|    ep_rew_mean             | 186         |
|    success_rate            | 0.54        |
| time/                      |             |
|    fps                     | 297         |
|    iterations              | 143         |
|    time_elapsed            | 1970        |
|    total_timesteps         | 585728      |
| train/                     |             |
|    approx_kl               | 0.010778716 |
|    clip_fraction           | 0.128       |
|    clip_range              | 0.2         |
|    entropy_loss            | -1.92       |
|    explained_variance      | 0.606       |
|    learning_rate           | 0.0003      |
|    loss                    | 17.5        |
|    n_updates               | 1420        |
|    policy_gradient_loss    | 0.00172     |
|    std                     | 0.633       |
|    value_loss              | 31.9        |
--------------------------------------------
--------------------------------------------
| curriculum/                |             |
|    stage                   | 1           |
|    window_cost             | 0.433       |
|    window_route_completion | 0.807       |
|    window_success          | 0.567       |
| paper/                     |             |
|    accel_variation         | 0.0714      |
|    base_reward             | 300         |
|    collision               | 0           |
|    crash_object            | 0           |
|    crash_vehicle           | 0           |
|    episode_cost            | 0           |
|    episode_length          | 575         |
|    jerk                    | 0.0733      |
|    lane_deviation          | 0.388       |
|    max_lane_deviation      | 2           |
|    mean_speed_kmh          | 29.3        |
|    min_ttc                 | nan         |
|    out_of_road             | 0           |
|    route_completion        | 0.99        |
|    shaped_reward           | 300         |
|    steering_variation      | 0.532       |
|    success                 | 1           |
|    ttc_risk                | 0           |
| rollout/                   |             |
|    ep_len_mean             | 370         |
|    ep_rew_mean             | 192         |
|    success_rate            | 0.55        |
| time/                      |             |
|    fps                     | 296         |
|    iterations              | 144         |
|    time_elapsed            | 1987        |
|    total_timesteps         | 589824      |
| train/                     |             |
|    approx_kl               | 0.037037805 |
|    clip_fraction           | 0.2         |
|    clip_range              | 0.2         |
|    entropy_loss            | -1.91       |
|    explained_variance      | 0.636       |
|    learning_rate           | 0.0003      |
|    loss                    | 10.8        |
|    n_updates               | 1430        |
|    policy_gradient_loss    | 0.00619     |
|    std                     | 0.631       |
|    value_loss              | 22.6        |
--------------------------------------------
--------------------------------------------
| curriculum/                |             |
|    stage                   | 1           |
|    window_cost             | 0.433       |
|    window_route_completion | 0.823       |
|    window_success          | 0.567       |
| paper/                     |             |
|    accel_variation         | 0.0499      |
|    base_reward             | 223         |
|    collision               | 0           |
|    crash_object            | 0           |
|    crash_vehicle           | 0           |
|    episode_cost            | 0           |
|    episode_length          | 353         |
|    jerk                    | 0.0488      |
|    lane_deviation          | 0.272       |
|    max_lane_deviation      | 0.994       |
|    mean_speed_kmh          | 28.8        |
|    min_ttc                 | nan         |
|    out_of_road             | 0           |
|    route_completion        | 0.983       |
|    shaped_reward           | 223         |
|    steering_variation      | 0.549       |
|    success                 | 1           |
|    ttc_risk                | 0           |
| rollout/                   |             |
|    ep_len_mean             | 368         |
|    ep_rew_mean             | 194         |
|    success_rate            | 0.53        |
| time/                      |             |
|    fps                     | 296         |
|    iterations              | 145         |
|    time_elapsed            | 2003        |
|    total_timesteps         | 593920      |
| train/                     |             |
|    approx_kl               | 0.019155255 |
|    clip_fraction           | 0.201       |
|    clip_range              | 0.2         |
|    entropy_loss            | -1.9        |
|    explained_variance      | 0.738       |
|    learning_rate           | 0.0003      |
|    loss                    | 7.82        |
|    n_updates               | 1440        |
|    policy_gradient_loss    | 0.00502     |
|    std                     | 0.628       |
|    value_loss              | 18.4        |
--------------------------------------------
--------------------------------------------
| curriculum/                |             |
|    stage                   | 1           |
|    window_cost             | 0.5         |
|    window_route_completion | 0.83        |
|    window_success          | 0.5         |
| paper/                     |             |
|    accel_variation         | 0.0858      |
|    base_reward             | 119         |
|    collision               | 0           |
|    crash_object            | 0           |
|    crash_vehicle           | 0           |
|    episode_cost            | 1           |
|    episode_length          | 330         |
|    jerk                    | 0.0797      |
|    lane_deviation          | 0.665       |
|    max_lane_deviation      | 2           |
|    mean_speed_kmh          | 32.6        |
|    min_ttc                 | nan         |
|    out_of_road             | 1           |
|    route_completion        | 0.778       |
|    shaped_reward           | 119         |
|    steering_variation      | 0.575       |
|    success                 | 0           |
|    ttc_risk                | 0           |
| rollout/                   |             |
|    ep_len_mean             | 371         |
|    ep_rew_mean             | 194         |
|    success_rate            | 0.52        |
| time/                      |             |
|    fps                     | 295         |
|    iterations              | 146         |
|    time_elapsed            | 2020        |
|    total_timesteps         | 598016      |
| train/                     |             |
|    approx_kl               | 0.029130515 |
|    clip_fraction           | 0.118       |
|    clip_range              | 0.2         |
|    entropy_loss            | -1.89       |
|    explained_variance      | 0.73        |
|    learning_rate           | 0.0003      |
|    loss                    | 11.7        |
|    n_updates               | 1450        |
|    policy_gradient_loss    | -0.00186    |
|    std                     | 0.625       |
|    value_loss              | 22.3        |
--------------------------------------------
--------------------------------------------
| curriculum/                |             |
|    stage                   | 1           |
|    window_cost             | 0.5         |
|    window_route_completion | 0.85        |
|    window_success          | 0.5         |
| paper/                     |             |
|    accel_variation         | 0.0794      |
|    base_reward             | 270         |
|    collision               | 0           |
|    crash_object            | 0           |
|    crash_vehicle           | 0           |
|    episode_cost            | 0           |
|    episode_length          | 495         |
|    jerk                    | 0.0809      |
|    lane_deviation          | 0.394       |
|    max_lane_deviation      | 1.44        |
|    mean_speed_kmh          | 29.4        |
|    min_ttc                 | nan         |
|    out_of_road             | 0           |
|    route_completion        | 0.983       |
|    shaped_reward           | 270         |
|    steering_variation      | 0.568       |
|    success                 | 1           |
|    ttc_risk                | 0           |
| rollout/                   |             |
|    ep_len_mean             | 375         |
|    ep_rew_mean             | 199         |
|    success_rate            | 0.53        |
| time/                      |             |
|    fps                     | 295         |
|    iterations              | 147         |
|    time_elapsed            | 2038        |
|    total_timesteps         | 602112      |
| train/                     |             |
|    approx_kl               | 0.005069807 |
|    clip_fraction           | 0.146       |
|    clip_range              | 0.2         |
|    entropy_loss            | -1.88       |
|    explained_variance      | 0.703       |
|    learning_rate           | 0.0003      |
|    loss                    | 15.9        |
|    n_updates               | 1460        |
|    policy_gradient_loss    | 0.00338     |
|    std                     | 0.622       |
|    value_loss              | 30.8        |
--------------------------------------------
saved_model=outputs/paper_comparison_seed0/runs/curriculum_ppo_s0/model/final_model.zip
/root/autodl-tmp/projects/sb3/stable-baselines3-master/stable_baselines3/common/on_policy_algorithm.py:150: UserWarning: You are trying to run PPO on the GPU, but it is primarily intended to run on the CPU when not using a CNN policy (you are using ActorCriticPolicy which should be a MlpPolicy). See https://github.com/DLR-RM/stable-baselines3/issues/1245 for more info. You can pass `device='cpu'` or `export CUDA_VISIBLE_DEVICES=` to force using the CPU.Note: The model will train, but the GPU utilization will be poor and the training might take longer than on CPU.
  warnings.warn(
Wrapping the env in a DummyVecEnv.
Wrapping the env in a DummyVecEnv.
Wrapping the env in a DummyVecEnv.
         success  route_completion  collision  out_of_road  cost      reward
density                                                                     
0.00        0.06          0.445370       0.00         0.94  0.94  182.569031
0.08        0.02          0.299627       0.40         0.58  0.98   98.747403
0.15        0.00          0.201636       0.76         0.24  1.00   62.985272
saved_evaluation=outputs/paper_comparison_seed0/evaluations/curriculum_ppo_s0.csv
                         seed  success  route_completion  collision  out_of_road  cost      reward  shaped_reward  episode_length      speed  lane_deviation  steering_variation  accel_variation  ttc_risk   min_ttc
variant    algo density                                                                                                                                                                                              
baseline   ppo  0.00      0.0     0.00          0.402419       0.00         1.00  1.00  130.433030     130.433030          163.02  49.385312        0.414955            0.055105         0.007797  0.000000       NaN
                0.08      0.0     0.00          0.315593       0.46         0.54  1.00   96.712287      96.712287          128.30  47.259118        0.386189            0.066011         0.016392  0.119754  0.633326
                0.15      0.0     0.00          0.205687       0.64         0.36  1.00   57.680574      57.680574           93.66  40.098124        0.360091            0.058946         0.022754  0.173106  0.699471
curriculum ppo  0.00      0.0     0.06          0.445370       0.00         0.94  0.94  182.569031     182.569031          174.20  50.271073        0.290382            0.079149         0.009379  0.000000       NaN
                0.08      0.0     0.02          0.299627       0.40         0.58  0.98   98.747403      98.747403          123.74  45.118127        0.302560            0.077933         0.011554  0.100352  0.600846
                0.15      0.0     0.00          0.201636       0.76         0.24  1.00   62.985272      62.985272           93.22  39.473548        0.279055            0.078001         0.013237  0.168319  0.657037
proposed   ppo  0.00      0.0     0.84          0.974098       0.00         0.00  0.00  490.070461     295.556472          976.38  20.141334        0.174422            0.018553         0.220805  0.000000       NaN
                0.08      0.0     0.74          0.916702       0.10         0.00  0.10  453.886492     248.127989          933.44  19.763159        0.184605            0.019920         0.214409  0.002205  6.129030
                0.15      0.0     0.48          0.760909       0.40         0.02  0.42  350.336414     102.442661          813.18  18.203255        0.201253            0.023340         0.214229  0.008497  2.852352
risk       ppo  0.00      0.0     0.84          0.975041       0.00         0.00  0.00  481.147804     280.988836          971.06  20.244826        0.187645            0.019872         0.228400  0.000000       NaN
                0.08      0.0     0.74          0.924390       0.08         0.00  0.08  454.940430     233.006465          938.48  19.853678        0.186755            0.022378         0.232786  0.004984  6.578582
                0.15      0.0     0.42          0.728584       0.56         0.00  0.56  331.375410      56.667205          769.24  18.338358        0.205559            0.026415         0.282006  0.014652  2.230400
curve_source=tensorboard
saved_summary=outputs/paper_comparison_seed0/evaluations/summary.csv
saved_figures=outputs/paper_comparison_seed0/figures
saved_report=outputs/paper_comparison_seed0/运行记录.md
