Using cuda device
/home/aaa/data/qj/stable-baselines3-master/stable_baselines3/common/on_policy_algorithm.py:150: UserWarning: You are trying to run PPO on the GPU, but it is primarily intended to run on the CPU when not using a CNN policy (you are using ActorCriticPolicy which should be a MlpPolicy). See https://github.com/DLR-RM/stable-baselines3/issues/1245 for more info. You can pass `device='cpu'` or `export CUDA_VISIBLE_DEVICES=` to force using the CPU.Note: The model will train, but the GPU utilization will be poor and the training might take longer than on CPU.
  warnings.warn(
Logging to outputs/defensive_ttc14_v18_nenv16_tuning/runs/defensive_proposed_ppo_s26/tensorboard/proposed_ppo_s26_1
------------------------------------
| paper/                |          |
|    accel_variation    | 0.79     |
|    base_reward        | 5.94     |
|    collision          | 0        |
|    crash_object       | 0        |
|    crash_vehicle      | 0        |
|    episode_cost       | 0        |
|    episode_length     | 600      |
|    jerk               | 0.629    |
|    lane_deviation     | 0.029    |
|    max_lane_deviation | 0.0731   |
|    mean_speed_kmh     | 0.683    |
|    min_ttc            | nan      |
|    out_of_road        | 0        |
|    route_completion   | 0.0844   |
|    shaped_reward      | -93.3    |
|    steering_variation | 0.813    |
|    success            | 0        |
|    ttc_risk           | 0        |
| rollout/              |          |
|    ep_len_mean        | 600      |
|    ep_rew_mean        | -98.4    |
|    success_rate       | 0        |
| time/                 |          |
|    fps                | 2853     |
|    iterations         | 1        |
|    time_elapsed       | 5        |
|    total_timesteps    | 16384    |
------------------------------------
--------------------------------------------
| curriculum/                |             |
|    stage                   | 0           |
|    window_cost             | 0           |
|    window_route_completion | 0.121       |
|    window_success          | 0           |
| paper/                     |             |
|    accel_variation         | 0.788       |
|    base_reward             | 5.49        |
|    collision               | 0           |
|    crash_object            | 0           |
|    crash_vehicle           | 0           |
|    episode_cost            | 0           |
|    episode_length          | 600         |
|    jerk                    | 0.638       |
|    lane_deviation          | 0.359       |
|    max_lane_deviation      | 0.686       |
|    mean_speed_kmh          | 0.966       |
|    min_ttc                 | nan         |
|    out_of_road             | 0           |
|    route_completion        | 0.137       |
|    shaped_reward           | -135        |
|    steering_variation      | 0.876       |
|    success                 | 0           |
|    ttc_risk                | 0           |
| rollout/                   |             |
|    ep_len_mean             | 600         |
|    ep_rew_mean             | -102        |
|    success_rate            | 0           |
| time/                      |             |
|    fps                     | 2570        |
|    iterations              | 2           |
|    time_elapsed            | 12          |
|    total_timesteps         | 32768       |
| train/                     |             |
|    approx_kl               | 0.009683264 |
|    clip_fraction           | 0.129       |
|    clip_range              | 0.2         |
|    entropy_loss            | -2.81       |
|    explained_variance      | -0.00297    |
|    learning_rate           | 0.0003      |
|    loss                    | 0.124       |
|    n_updates               | 10          |
|    policy_gradient_loss    | -0.00859    |
|    std                     | 0.983       |
|    value_loss              | 0.342       |
--------------------------------------------
--------------------------------------------
| curriculum/                |             |
|    stage                   | 0           |
|    window_cost             | 0.0667      |
|    window_route_completion | 0.159       |
|    window_success          | 0           |
| paper/                     |             |
|    accel_variation         | 0.748       |
|    base_reward             | 5.21        |
|    collision               | 0           |
|    crash_object            | 0           |
|    crash_vehicle           | 0           |
|    episode_cost            | 0           |
|    episode_length          | 600         |
|    jerk                    | 0.589       |
|    lane_deviation          | 0.667       |
|    max_lane_deviation      | 0.996       |
|    mean_speed_kmh          | 1.06        |
|    min_ttc                 | nan         |
|    out_of_road             | 0           |
|    route_completion        | 0.158       |
|    shaped_reward           | -243        |
|    steering_variation      | 0.81        |
|    success                 | 0           |
|    ttc_risk                | 0           |
| rollout/                   |             |
|    ep_len_mean             | 595         |
|    ep_rew_mean             | -118        |
|    success_rate            | 0           |
| time/                      |             |
|    fps                     | 2481        |
|    iterations              | 3           |
|    time_elapsed            | 19          |
|    total_timesteps         | 49152       |
| train/                     |             |
|    approx_kl               | 0.008579107 |
|    clip_fraction           | 0.105       |
|    clip_range              | 0.2         |
|    entropy_loss            | -2.78       |
|    explained_variance      | 0.0754      |
|    learning_rate           | 0.0003      |
|    loss                    | 0.509       |
|    n_updates               | 20          |
|    policy_gradient_loss    | -0.00632    |
|    std                     | 0.963       |
|    value_loss              | 1.06        |
--------------------------------------------
--------------------------------------------
| curriculum/                |             |
|    stage                   | 0           |
|    window_cost             | 0.0333      |
|    window_route_completion | 0.172       |
|    window_success          | 0           |
| paper/                     |             |
|    accel_variation         | 0.78        |
|    base_reward             | -5.95       |
|    collision               | 0           |
|    crash_object            | 0           |
|    crash_vehicle           | 0           |
|    episode_cost            | 1           |
|    episode_length          | 447         |
|    jerk                    | 0.575       |
|    lane_deviation          | 0.584       |
|    max_lane_deviation      | 1.03        |
|    mean_speed_kmh          | 1.09        |
|    min_ttc                 | nan         |
|    out_of_road             | 1           |
|    route_completion        | 0.167       |
|    shaped_reward           | -328        |
|    steering_variation      | 0.834       |
|    success                 | 0           |
|    ttc_risk                | 0           |
| rollout/                   |             |
|    ep_len_mean             | 594         |
|    ep_rew_mean             | -124        |
|    success_rate            | 0           |
| time/                      |             |
|    fps                     | 2459        |
|    iterations              | 4           |
|    time_elapsed            | 26          |
|    total_timesteps         | 65536       |
| train/                     |             |
|    approx_kl               | 0.003489742 |
|    clip_fraction           | 0.0312      |
|    clip_range              | 0.2         |
|    entropy_loss            | -2.76       |
|    explained_variance      | 0.00763     |
|    learning_rate           | 0.0003      |
|    loss                    | 20          |
|    n_updates               | 30          |
|    policy_gradient_loss    | -0.00139    |
|    std                     | 0.959       |
|    value_loss              | 46          |
--------------------------------------------
--------------------------------------------
| curriculum/                |             |
|    stage                   | 0           |
|    window_cost             | 0           |
|    window_route_completion | 0.186       |
|    window_success          | 0           |
| paper/                     |             |
|    accel_variation         | 0.741       |
|    base_reward             | 9.64        |
|    collision               | 0           |
|    crash_object            | 0           |
|    crash_vehicle           | 0           |
|    episode_cost            | 0           |
|    episode_length          | 600         |
|    jerk                    | 0.582       |
|    lane_deviation          | 0.362       |
|    max_lane_deviation      | 0.51        |
|    mean_speed_kmh          | 1.14        |
|    min_ttc                 | nan         |
|    out_of_road             | 0           |
|    route_completion        | 0.163       |
|    shaped_reward           | -120        |
|    steering_variation      | 0.838       |
|    success                 | 0           |
|    ttc_risk                | 0           |
| rollout/                   |             |
|    ep_len_mean             | 594         |
|    ep_rew_mean             | -142        |
|    success_rate            | 0           |
| time/                      |             |
|    fps                     | 2441        |
|    iterations              | 5           |
|    time_elapsed            | 33          |
|    total_timesteps         | 81920       |
| train/                     |             |
|    approx_kl               | 0.005660435 |
|    clip_fraction           | 0.0451      |
|    clip_range              | 0.2         |
|    entropy_loss            | -2.75       |
|    explained_variance      | 0.295       |
|    learning_rate           | 0.0003      |
|    loss                    | 22.5        |
|    n_updates               | 40          |
|    policy_gradient_loss    | -0.00168    |
|    std                     | 0.954       |
|    value_loss              | 15.5        |
--------------------------------------------
--------------------------------------------
| curriculum/                |             |
|    stage                   | 0           |
|    window_cost             | 0           |
|    window_route_completion | 0.211       |
|    window_success          | 0           |
| paper/                     |             |
|    accel_variation         | 0.757       |
|    base_reward             | 11.7        |
|    collision               | 0           |
|    crash_object            | 0           |
|    crash_vehicle           | 0           |
|    episode_cost            | 0           |
|    episode_length          | 600         |
|    jerk                    | 0.611       |
|    lane_deviation          | 0.251       |
|    max_lane_deviation      | 0.451       |
|    mean_speed_kmh          | 1.11        |
|    min_ttc                 | nan         |
|    out_of_road             | 0           |
|    route_completion        | 0.158       |
|    shaped_reward           | -101        |
|    steering_variation      | 0.82        |
|    success                 | 0           |
|    ttc_risk                | 0           |
| rollout/                   |             |
|    ep_len_mean             | 595         |
|    ep_rew_mean             | -148        |
|    success_rate            | 0           |
| time/                      |             |
|    fps                     | 2427        |
|    iterations              | 6           |
|    time_elapsed            | 40          |
|    total_timesteps         | 98304       |
| train/                     |             |
|    approx_kl               | 0.006451471 |
|    clip_fraction           | 0.0617      |
|    clip_range              | 0.2         |
|    entropy_loss            | -2.74       |
|    explained_variance      | 0.472       |
|    learning_rate           | 0.0003      |
|    loss                    | 0.82        |
|    n_updates               | 50          |
|    policy_gradient_loss    | -0.00228    |
|    std                     | 0.953       |
|    value_loss              | 18.4        |
--------------------------------------------
--------------------------------------------
| curriculum/                |             |
|    stage                   | 0           |
|    window_cost             | 0.0667      |
|    window_route_completion | 0.242       |
|    window_success          | 0           |
| paper/                     |             |
|    accel_variation         | 0.697       |
|    base_reward             | 20.4        |
|    collision               | 0           |
|    crash_object            | 0           |
|    crash_vehicle           | 0           |
|    episode_cost            | 0           |
|    episode_length          | 600         |
|    jerk                    | 0.539       |
|    lane_deviation          | 0.195       |
|    max_lane_deviation      | 0.651       |
|    mean_speed_kmh          | 1.64        |
|    min_ttc                 | nan         |
|    out_of_road             | 0           |
|    route_completion        | 0.297       |
|    shaped_reward           | -71         |
|    steering_variation      | 0.855       |
|    success                 | 0           |
|    ttc_risk                | 0           |
| rollout/                   |             |
|    ep_len_mean             | 593         |
|    ep_rew_mean             | -156        |
|    success_rate            | 0           |
| time/                      |             |
|    fps                     | 2416        |
|    iterations              | 7           |
|    time_elapsed            | 47          |
|    total_timesteps         | 114688      |
| train/                     |             |
|    approx_kl               | 0.006006998 |
|    clip_fraction           | 0.0648      |
|    clip_range              | 0.2         |
|    entropy_loss            | -2.74       |
|    explained_variance      | 0.654       |
|    learning_rate           | 0.0003      |
|    loss                    | 2.14        |
|    n_updates               | 60          |
|    policy_gradient_loss    | -0.0034     |
|    std                     | 0.948       |
|    value_loss              | 13.1        |
--------------------------------------------
---------------------------------------------
| curriculum/                |              |
|    stage                   | 0            |
|    window_cost             | 0.0667       |
|    window_route_completion | 0.275        |
|    window_success          | 0            |
| paper/                     |              |
|    accel_variation         | 0.685        |
|    base_reward             | 3.97         |
|    collision               | 0            |
|    crash_object            | 0            |
|    crash_vehicle           | 0            |
|    episode_cost            | 1            |
|    episode_length          | 576          |
|    jerk                    | 0.555        |
|    lane_deviation          | 0.343        |
|    max_lane_deviation      | 1.05         |
|    mean_speed_kmh          | 1.68         |
|    min_ttc                 | nan          |
|    out_of_road             | 1            |
|    route_completion        | 0.236        |
|    shaped_reward           | -283         |
|    steering_variation      | 0.81         |
|    success                 | 0            |
|    ttc_risk                | 0            |
| rollout/                   |              |
|    ep_len_mean             | 592          |
|    ep_rew_mean             | -174         |
|    success_rate            | 0            |
| time/                      |              |
|    fps                     | 2404         |
|    iterations              | 8            |
|    time_elapsed            | 54           |
|    total_timesteps         | 131072       |
| train/                     |              |
|    approx_kl               | 0.0010849205 |
|    clip_fraction           | 0.0189       |
|    clip_range              | 0.2          |
|    entropy_loss            | -2.73        |
|    explained_variance      | 0.717        |
|    learning_rate           | 0.0003       |
|    loss                    | 12.4         |
|    n_updates               | 70           |
|    policy_gradient_loss    | -2.82e-05    |
|    std                     | 0.944        |
|    value_loss              | 36.2         |
---------------------------------------------
---------------------------------------------
| curriculum/                |              |
|    stage                   | 0            |
|    window_cost             | 0.633        |
|    window_route_completion | 0.224        |
|    window_success          | 0            |
| paper/                     |              |
|    accel_variation         | 0.745        |
|    base_reward             | -1.27        |
|    collision               | 0            |
|    crash_object            | 0            |
|    crash_vehicle           | 0            |
|    episode_cost            | 1            |
|    episode_length          | 457          |
|    jerk                    | 0.577        |
|    lane_deviation          | 0.361        |
|    max_lane_deviation      | 1.03         |
|    mean_speed_kmh          | 1.54         |
|    min_ttc                 | nan          |
|    out_of_road             | 1            |
|    route_completion        | 0.155        |
|    shaped_reward           | -259         |
|    steering_variation      | 0.804        |
|    success                 | 0            |
|    ttc_risk                | 0            |
| rollout/                   |              |
|    ep_len_mean             | 547          |
|    ep_rew_mean             | -199         |
|    success_rate            | 0            |
| time/                      |              |
|    fps                     | 2387         |
|    iterations              | 9            |
|    time_elapsed            | 61           |
|    total_timesteps         | 147456       |
| train/                     |              |
|    approx_kl               | 0.0027607386 |
|    clip_fraction           | 0.0191       |
|    clip_range              | 0.2          |
|    entropy_loss            | -2.72        |
|    explained_variance      | 0.85         |
|    learning_rate           | 0.0003       |
|    loss                    | 6.17         |
|    n_updates               | 80           |
|    policy_gradient_loss    | -0.000796    |
|    std                     | 0.941        |
|    value_loss              | 30.4         |
---------------------------------------------
---------------------------------------------
| curriculum/                |              |
|    stage                   | 0            |
|    window_cost             | 0.433        |
|    window_route_completion | 0.249        |
|    window_success          | 0            |
| paper/                     |              |
|    accel_variation         | 0.647        |
|    base_reward             | 19.3         |
|    collision               | 0            |
|    crash_object            | 0            |
|    crash_vehicle           | 0            |
|    episode_cost            | 0            |
|    episode_length          | 600          |
|    jerk                    | 0.514        |
|    lane_deviation          | 0.457        |
|    max_lane_deviation      | 1            |
|    mean_speed_kmh          | 2.21         |
|    min_ttc                 | nan          |
|    out_of_road             | 0            |
|    route_completion        | 0.376        |
|    shaped_reward           | -117         |
|    steering_variation      | 0.793        |
|    success                 | 0            |
|    ttc_risk                | 0            |
| rollout/                   |              |
|    ep_len_mean             | 529          |
|    ep_rew_mean             | -200         |
|    success_rate            | 0            |
| time/                      |              |
|    fps                     | 2379         |
|    iterations              | 10           |
|    time_elapsed            | 68           |
|    total_timesteps         | 163840       |
| train/                     |              |
|    approx_kl               | 0.0042354893 |
|    clip_fraction           | 0.026        |
|    clip_range              | 0.2          |
|    entropy_loss            | -2.72        |
|    explained_variance      | 0.637        |
|    learning_rate           | 0.0003       |
|    loss                    | 50.7         |
|    n_updates               | 90           |
|    policy_gradient_loss    | -0.00127     |
|    std                     | 0.941        |
|    value_loss              | 126          |
---------------------------------------------
---------------------------------------------
| curriculum/                |              |
|    stage                   | 0            |
|    window_cost             | 0.3          |
|    window_route_completion | 0.27         |
|    window_success          | 0            |
| paper/                     |              |
|    accel_variation         | 0.676        |
|    base_reward             | -7.58        |
|    collision               | 0            |
|    crash_object            | 0            |
|    crash_vehicle           | 0            |
|    episode_cost            | 1            |
|    episode_length          | 269          |
|    jerk                    | 0.525        |
|    lane_deviation          | 0.567        |
|    max_lane_deviation      | 1.03         |
|    mean_speed_kmh          | 1.6          |
|    min_ttc                 | nan          |
|    out_of_road             | 1            |
|    route_completion        | 0.126        |
|    shaped_reward           | -246         |
|    steering_variation      | 0.798        |
|    success                 | 0            |
|    ttc_risk                | 0            |
| rollout/                   |              |
|    ep_len_mean             | 510          |
|    ep_rew_mean             | -181         |
|    success_rate            | 0            |
| time/                      |              |
|    fps                     | 2370         |
|    iterations              | 11           |
|    time_elapsed            | 76           |
|    total_timesteps         | 180224       |
| train/                     |              |
|    approx_kl               | 0.0069638733 |
|    clip_fraction           | 0.0948       |
|    clip_range              | 0.2          |
|    entropy_loss            | -2.72        |
|    explained_variance      | 0.741        |
|    learning_rate           | 0.0003       |
|    loss                    | 20.9         |
|    n_updates               | 100          |
|    policy_gradient_loss    | -0.00516     |
|    std                     | 0.944        |
|    value_loss              | 67           |
---------------------------------------------
---------------------------------------------
| curriculum/                |              |
|    stage                   | 0            |
|    window_cost             | 0.1          |
|    window_route_completion | 0.324        |
|    window_success          | 0            |
| paper/                     |              |
|    accel_variation         | 0.629        |
|    base_reward             | 22.6         |
|    collision               | 0            |
|    crash_object            | 0            |
|    crash_vehicle           | 0            |
|    episode_cost            | 0            |
|    episode_length          | 600          |
|    jerk                    | 0.527        |
|    lane_deviation          | 0.605        |
|    max_lane_deviation      | 1.33         |
|    mean_speed_kmh          | 2.62         |
|    min_ttc                 | nan          |
|    out_of_road             | 0            |
|    route_completion        | 0.463        |
|    shaped_reward           | -195         |
|    steering_variation      | 0.826        |
|    success                 | 0            |
|    ttc_risk                | 0            |
| rollout/                   |              |
|    ep_len_mean             | 533          |
|    ep_rew_mean             | -163         |
|    success_rate            | 0            |
| time/                      |              |
|    fps                     | 2365         |
|    iterations              | 12           |
|    time_elapsed            | 83           |
|    total_timesteps         | 196608       |
| train/                     |              |
|    approx_kl               | 0.0062760147 |
|    clip_fraction           | 0.104        |
|    clip_range              | 0.2          |
|    entropy_loss            | -2.72        |
|    explained_variance      | 0.864        |
|    learning_rate           | 0.0003       |
|    loss                    | 15.8         |
|    n_updates               | 110          |
|    policy_gradient_loss    | -0.0053      |
|    std                     | 0.942        |
|    value_loss              | 43.6         |
---------------------------------------------
--------------------------------------------
| curriculum/                |             |
|    stage                   | 0           |
|    window_cost             | 0.0333      |
|    window_route_completion | 0.409       |
|    window_success          | 0           |
| paper/                     |             |
|    accel_variation         | 0.596       |
|    base_reward             | 29.5        |
|    collision               | 0           |
|    crash_object            | 0           |
|    crash_vehicle           | 0           |
|    episode_cost            | 0           |
|    episode_length          | 600         |
|    jerk                    | 0.475       |
|    lane_deviation          | 0.451       |
|    max_lane_deviation      | 0.997       |
|    mean_speed_kmh          | 3.17        |
|    min_ttc                 | nan         |
|    out_of_road             | 0           |
|    route_completion        | 0.482       |
|    shaped_reward           | -96.1       |
|    steering_variation      | 0.771       |
|    success                 | 0           |
|    ttc_risk                | 0           |
| rollout/                   |             |
|    ep_len_mean             | 558         |
|    ep_rew_mean             | -158        |
|    success_rate            | 0           |
| time/                      |             |
|    fps                     | 2359        |
|    iterations              | 13          |
|    time_elapsed            | 90          |
|    total_timesteps         | 212992      |
| train/                     |             |
|    approx_kl               | 0.015173806 |
|    clip_fraction           | 0.147       |
|    clip_range              | 0.2         |
|    entropy_loss            | -2.69       |
|    explained_variance      | 0.892       |
|    learning_rate           | 0.0003      |
|    loss                    | 4.04        |
|    n_updates               | 120         |
|    policy_gradient_loss    | -0.00487    |
|    std                     | 0.917       |
|    value_loss              | 12.3        |
--------------------------------------------
--------------------------------------------
| curriculum/                |             |
|    stage                   | 0           |
|    window_cost             | 0           |
|    window_route_completion | 0.439       |
|    window_success          | 0           |
| paper/                     |             |
|    accel_variation         | 0.625       |
|    base_reward             | 24.2        |
|    collision               | 0           |
|    crash_object            | 0           |
|    crash_vehicle           | 0           |
|    episode_cost            | 0           |
|    episode_length          | 600         |
|    jerk                    | 0.474       |
|    lane_deviation          | 0.447       |
|    max_lane_deviation      | 0.972       |
|    mean_speed_kmh          | 2.72        |
|    min_ttc                 | nan         |
|    out_of_road             | 0           |
|    route_completion        | 0.516       |
|    shaped_reward           | -106        |
|    steering_variation      | 0.764       |
|    success                 | 0           |
|    ttc_risk                | 0           |
| rollout/                   |             |
|    ep_len_mean             | 591         |
|    ep_rew_mean             | -143        |
|    success_rate            | 0           |
| time/                      |             |
|    fps                     | 2354        |
|    iterations              | 14          |
|    time_elapsed            | 97          |
|    total_timesteps         | 229376      |
| train/                     |             |
|    approx_kl               | 0.008691904 |
|    clip_fraction           | 0.143       |
|    clip_range              | 0.2         |
|    entropy_loss            | -2.66       |
|    explained_variance      | 0.793       |
|    learning_rate           | 0.0003      |
|    loss                    | 12.6        |
|    n_updates               | 130         |
|    policy_gradient_loss    | -0.00167    |
|    std                     | 0.91        |
|    value_loss              | 36.1        |
--------------------------------------------
-------------------------------------------
| curriculum/                |            |
|    stage                   | 0          |
|    window_cost             | 0          |
|    window_route_completion | 0.499      |
|    window_success          | 0          |
| paper/                     |            |
|    accel_variation         | 0.544      |
|    base_reward             | 36.2       |
|    collision               | 0          |
|    crash_object            | 0          |
|    crash_vehicle           | 0          |
|    episode_cost            | 0          |
|    episode_length          | 600        |
|    jerk                    | 0.447      |
|    lane_deviation          | 0.313      |
|    max_lane_deviation      | 0.998      |
|    mean_speed_kmh          | 3.32       |
|    min_ttc                 | nan        |
|    out_of_road             | 0          |
|    route_completion        | 0.528      |
|    shaped_reward           | -49.1      |
|    steering_variation      | 0.768      |
|    success                 | 0          |
|    ttc_risk                | 0          |
| rollout/                   |            |
|    ep_len_mean             | 598        |
|    ep_rew_mean             | -133       |
|    success_rate            | 0          |
| time/                      |            |
|    fps                     | 2356       |
|    iterations              | 15         |
|    time_elapsed            | 104        |
|    total_timesteps         | 245760     |
| train/                     |            |
|    approx_kl               | 0.01580156 |
|    clip_fraction           | 0.181      |
|    clip_range              | 0.2        |
|    entropy_loss            | -2.6       |
|    explained_variance      | 0.893      |
|    learning_rate           | 0.0003     |
|    loss                    | 4.83       |
|    n_updates               | 140        |
|    policy_gradient_loss    | -0.00842   |
|    std                     | 0.877      |
|    value_loss              | 8.8        |
-------------------------------------------
-------------------------------------------
| curriculum/                |            |
|    stage                   | 0          |
|    window_cost             | 0          |
|    window_route_completion | 0.573      |
|    window_success          | 0          |
| paper/                     |            |
|    accel_variation         | 0.58       |
|    base_reward             | 48.2       |
|    collision               | 0          |
|    crash_object            | 0          |
|    crash_vehicle           | 0          |
|    episode_cost            | 0          |
|    episode_length          | 600        |
|    jerk                    | 0.498      |
|    lane_deviation          | 0.182      |
|    max_lane_deviation      | 0.433      |
|    mean_speed_kmh          | 3.53       |
|    min_ttc                 | nan        |
|    out_of_road             | 0          |
|    route_completion        | 0.548      |
|    shaped_reward           | -11.2      |
|    steering_variation      | 0.719      |
|    success                 | 0          |
|    ttc_risk                | 0          |
| rollout/                   |            |
|    ep_len_mean             | 598        |
|    ep_rew_mean             | -121       |
|    success_rate            | 0          |
| time/                      |            |
|    fps                     | 2370       |
|    iterations              | 16         |
|    time_elapsed            | 110        |
|    total_timesteps         | 262144     |
| train/                     |            |
|    approx_kl               | 0.02229923 |
|    clip_fraction           | 0.236      |
|    clip_range              | 0.2        |
|    entropy_loss            | -2.53      |
|    explained_variance      | 0.844      |
|    learning_rate           | 0.0003     |
|    loss                    | 5.97       |
|    n_updates               | 150        |
|    policy_gradient_loss    | -0.011     |
|    std                     | 0.847      |
|    value_loss              | 13.2       |
-------------------------------------------
--------------------------------------------
| curriculum/                |             |
|    stage                   | 1           |
|    window_cost             | 0           |
|    window_route_completion | 0.606       |
|    window_success          | 0           |
| paper/                     |             |
|    accel_variation         | 0.48        |
|    base_reward             | 90.6        |
|    collision               | 0           |
|    crash_object            | 0           |
|    crash_vehicle           | 0           |
|    episode_cost            | 0           |
|    episode_length          | 690         |
|    jerk                    | 0.38        |
|    lane_deviation          | 0.377       |
|    max_lane_deviation      | 1.05        |
|    mean_speed_kmh          | 5.74        |
|    min_ttc                 | nan         |
|    out_of_road             | 0           |
|    route_completion        | 0.958       |
|    shaped_reward           | 40.4        |
|    steering_variation      | 0.71        |
|    success                 | 1           |
|    ttc_risk                | 0           |
| rollout/                   |             |
|    ep_len_mean             | 607         |
|    ep_rew_mean             | -61.7       |
|    success_rate            | 0.1         |
| time/                      |             |
|    fps                     | 2334        |
|    iterations              | 17          |
|    time_elapsed            | 119         |
|    total_timesteps         | 278528      |
| train/                     |             |
|    approx_kl               | 0.020074274 |
|    clip_fraction           | 0.262       |
|    clip_range              | 0.2         |
|    entropy_loss            | -2.43       |
|    explained_variance      | 0.741       |
|    learning_rate           | 0.0003      |
|    loss                    | 2.13        |
|    n_updates               | 160         |
|    policy_gradient_loss    | -0.00574    |
|    std                     | 0.808       |
|    value_loss              | 4.83        |
--------------------------------------------
--------------------------------------------
| curriculum/                |             |
|    stage                   | 1           |
|    window_cost             | 0.2         |
|    window_route_completion | 0.507       |
|    window_success          | 0.2         |
| paper/                     |             |
|    accel_variation         | 0.502       |
|    base_reward             | 0.163       |
|    collision               | 0           |
|    crash_object            | 0           |
|    crash_vehicle           | 0           |
|    episode_cost            | 1           |
|    episode_length          | 226         |
|    jerk                    | 0.4         |
|    lane_deviation          | 0.505       |
|    max_lane_deviation      | 1.04        |
|    mean_speed_kmh          | 4.15        |
|    min_ttc                 | nan         |
|    out_of_road             | 1           |
|    route_completion        | 0.0657      |
|    shaped_reward           | -210        |
|    steering_variation      | 0.705       |
|    success                 | 0           |
|    ttc_risk                | 0           |
| rollout/                   |             |
|    ep_len_mean             | 627         |
|    ep_rew_mean             | -57.1       |
|    success_rate            | 0.1         |
| time/                      |             |
|    fps                     | 2293        |
|    iterations              | 18          |
|    time_elapsed            | 128         |
|    total_timesteps         | 294912      |
| train/                     |             |
|    approx_kl               | 0.010071679 |
|    clip_fraction           | 0.122       |
|    clip_range              | 0.2         |
|    entropy_loss            | -2.4        |
|    explained_variance      | 0.118       |
|    learning_rate           | 0.0003      |
|    loss                    | 17.7        |
|    n_updates               | 170         |
|    policy_gradient_loss    | -0.00321    |
|    std                     | 0.796       |
|    value_loss              | 51.2        |
--------------------------------------------
------------------------------------------
| curriculum/                |           |
|    stage                   | 0         |
|    window_cost             | 0.233     |
|    window_route_completion | 0.375     |
|    window_success          | 0.0333    |
| paper/                     |           |
|    accel_variation         | 0.391     |
|    base_reward             | 107       |
|    collision               | 0         |
|    crash_object            | 0         |
|    crash_vehicle           | 0         |
|    episode_cost            | 0         |
|    episode_length          | 600       |
|    jerk                    | 0.345     |
|    lane_deviation          | 0.289     |
|    max_lane_deviation      | 0.994     |
|    mean_speed_kmh          | 7.33      |
|    min_ttc                 | nan       |
|    out_of_road             | 0         |
|    route_completion        | 0.963     |
|    shaped_reward           | 93.3      |
|    steering_variation      | 0.672     |
|    success                 | 1         |
|    ttc_risk                | 0         |
| rollout/                   |           |
|    ep_len_mean             | 638       |
|    ep_rew_mean             | -24       |
|    success_rate            | 0.18      |
| time/                      |           |
|    fps                     | 2282      |
|    iterations              | 19        |
|    time_elapsed            | 136       |
|    total_timesteps         | 311296    |
| train/                     |           |
|    approx_kl               | 0.0180204 |
|    clip_fraction           | 0.143     |
|    clip_range              | 0.2       |
|    entropy_loss            | -2.36     |
|    explained_variance      | 0.404     |
|    learning_rate           | 0.0003    |
|    loss                    | 9.51      |
|    n_updates               | 180       |
|    policy_gradient_loss    | -0.0063   |
|    std                     | 0.783     |
|    value_loss              | 53.9      |
------------------------------------------
--------------------------------------------
| curriculum/                |             |
|    stage                   | 1           |
|    window_cost             | 0           |
|    window_route_completion | 0.637       |
|    window_success          | 0.433       |
| paper/                     |             |
|    accel_variation         | 0.427       |
|    base_reward             | 100         |
|    collision               | 0           |
|    crash_object            | 0           |
|    crash_vehicle           | 0           |
|    episode_cost            | 0           |
|    episode_length          | 508         |
|    jerk                    | 0.357       |
|    lane_deviation          | 0.218       |
|    max_lane_deviation      | 0.98        |
|    mean_speed_kmh          | 7.81        |
|    min_ttc                 | nan         |
|    out_of_road             | 0           |
|    route_completion        | 0.958       |
|    shaped_reward           | 110         |
|    steering_variation      | 0.645       |
|    success                 | 1           |
|    ttc_risk                | 0           |
| rollout/                   |             |
|    ep_len_mean             | 603         |
|    ep_rew_mean             | 8.12        |
|    success_rate            | 0.39        |
| time/                      |             |
|    fps                     | 2265        |
|    iterations              | 20          |
|    time_elapsed            | 144         |
|    total_timesteps         | 327680      |
| train/                     |             |
|    approx_kl               | 0.033281956 |
|    clip_fraction           | 0.204       |
|    clip_range              | 0.2         |
|    entropy_loss            | -2.33       |
|    explained_variance      | 0.272       |
|    learning_rate           | 0.0003      |
|    loss                    | 7.47        |
|    n_updates               | 190         |
|    policy_gradient_loss    | 0.000219    |
|    std                     | 0.767       |
|    value_loss              | 33.6        |
--------------------------------------------
--------------------------------------------
| curriculum/                |             |
|    stage                   | 2           |
|    window_cost             | 0           |
|    window_route_completion | 0.776       |
|    window_success          | 0.533       |
| paper/                     |             |
|    accel_variation         | 0.376       |
|    base_reward             | 207         |
|    collision               | 0           |
|    crash_object            | 0           |
|    crash_vehicle           | 0           |
|    episode_cost            | 0           |
|    episode_length          | 811         |
|    jerk                    | 0.329       |
|    lane_deviation          | 0.335       |
|    max_lane_deviation      | 1.45        |
|    mean_speed_kmh          | 12          |
|    min_ttc                 | nan         |
|    out_of_road             | 0           |
|    route_completion        | 0.982       |
|    shaped_reward           | 114         |
|    steering_variation      | 0.634       |
|    success                 | 1           |
|    ttc_risk                | 0           |
| rollout/                   |             |
|    ep_len_mean             | 633         |
|    ep_rew_mean             | 12.6        |
|    success_rate            | 0.35        |
| time/                      |             |
|    fps                     | 2222        |
|    iterations              | 21          |
|    time_elapsed            | 154         |
|    total_timesteps         | 344064      |
| train/                     |             |
|    approx_kl               | 0.008018197 |
|    clip_fraction           | 0.15        |
|    clip_range              | 0.2         |
|    entropy_loss            | -2.29       |
|    explained_variance      | 0.607       |
|    learning_rate           | 0.0003      |
|    loss                    | 20.7        |
|    n_updates               | 200         |
|    policy_gradient_loss    | 0.00147     |
|    std                     | 0.754       |
|    value_loss              | 29          |
--------------------------------------------
-----------------------------------------
| paper/                  |             |
|    accel_variation      | 0.397       |
|    base_reward          | 170         |
|    collision            | 0           |
|    crash_object         | 0           |
|    crash_vehicle        | 0           |
|    episode_cost         | 0           |
|    episode_length       | 1000        |
|    jerk                 | 0.331       |
|    lane_deviation       | 0.394       |
|    max_lane_deviation   | 1.24        |
|    mean_speed_kmh       | 10.6        |
|    min_ttc              | nan         |
|    out_of_road          | 0           |
|    route_completion     | 0.53        |
|    shaped_reward        | -27         |
|    steering_variation   | 0.651       |
|    success              | 0           |
|    ttc_risk             | 0           |
| rollout/                |             |
|    ep_len_mean          | 679         |
|    ep_rew_mean          | 23.1        |
|    success_rate         | 0.32        |
| time/                   |             |
|    fps                  | 2149        |
|    iterations           | 22          |
|    time_elapsed         | 167         |
|    total_timesteps      | 360448      |
| train/                  |             |
|    approx_kl            | 0.011141092 |
|    clip_fraction        | 0.217       |
|    clip_range           | 0.2         |
|    entropy_loss         | -2.24       |
|    explained_variance   | 0.581       |
|    learning_rate        | 0.0003      |
|    loss                 | 35.7        |
|    n_updates            | 210         |
|    policy_gradient_loss | 0.00747     |
|    std                  | 0.735       |
|    value_loss           | 31.8        |
-----------------------------------------
--------------------------------------------
| curriculum/                |             |
|    stage                   | 1           |
|    window_cost             | 0.1         |
|    window_route_completion | 0.559       |
|    window_success          | 0.0333      |
| paper/                     |             |
|    accel_variation         | 0.405       |
|    base_reward             | 177         |
|    collision               | 0           |
|    crash_object            | 0           |
|    crash_vehicle           | 0           |
|    episode_cost            | 0           |
|    episode_length          | 800         |
|    jerk                    | 0.35        |
|    lane_deviation          | 0.262       |
|    max_lane_deviation      | 0.998       |
|    mean_speed_kmh          | 10.7        |
|    min_ttc                 | 19.7        |
|    out_of_road             | 0           |
|    route_completion        | 0.4         |
|    shaped_reward           | 44.2        |
|    steering_variation      | 0.606       |
|    success                 | 0           |
|    ttc_risk                | 0           |
| rollout/                   |             |
|    ep_len_mean             | 705         |
|    ep_rew_mean             | 19.9        |
|    success_rate            | 0.32        |
| time/                      |             |
|    fps                     | 2060        |
|    iterations              | 23          |
|    time_elapsed            | 182         |
|    total_timesteps         | 376832      |
| train/                     |             |
|    approx_kl               | 0.012869734 |
|    clip_fraction           | 0.167       |
|    clip_range              | 0.2         |
|    entropy_loss            | -2.19       |
|    explained_variance      | 0.383       |
|    learning_rate           | 0.0003      |
|    loss                    | 25.7        |
|    n_updates               | 220         |
|    policy_gradient_loss    | -0.00154    |
|    std                     | 0.716       |
|    value_loss              | 39.6        |
--------------------------------------------
--------------------------------------------
| curriculum/                |             |
|    stage                   | 1           |
|    window_cost             | 0           |
|    window_route_completion | 0.626       |
|    window_success          | 0.1         |
| paper/                     |             |
|    accel_variation         | 0.385       |
|    base_reward             | 208         |
|    collision               | 0           |
|    crash_object            | 0           |
|    crash_vehicle           | 0           |
|    episode_cost            | 0           |
|    episode_length          | 800         |
|    jerk                    | 0.325       |
|    lane_deviation          | 0.222       |
|    max_lane_deviation      | 0.915       |
|    mean_speed_kmh          | 11.8        |
|    min_ttc                 | 15.1        |
|    out_of_road             | 0           |
|    route_completion        | 0.625       |
|    shaped_reward           | 82.1        |
|    steering_variation      | 0.61        |
|    success                 | 0           |
|    ttc_risk                | 0           |
| rollout/                   |             |
|    ep_len_mean             | 762         |
|    ep_rew_mean             | 17.1        |
|    success_rate            | 0.22        |
| time/                      |             |
|    fps                     | 2047        |
|    iterations              | 24          |
|    time_elapsed            | 192         |
|    total_timesteps         | 393216      |
| train/                     |             |
|    approx_kl               | 0.011770215 |
|    clip_fraction           | 0.16        |
|    clip_range              | 0.2         |
|    entropy_loss            | -2.16       |
|    explained_variance      | 0.413       |
|    learning_rate           | 0.0003      |
|    loss                    | 45.8        |
|    n_updates               | 230         |
|    policy_gradient_loss    | -0.0018     |
|    std                     | 0.709       |
|    value_loss              | 52.2        |
--------------------------------------------
--------------------------------------------
| curriculum/                |             |
|    stage                   | 1           |
|    window_cost             | 0.0333      |
|    window_route_completion | 0.763       |
|    window_success          | 0.267       |
| paper/                     |             |
|    accel_variation         | 0.422       |
|    base_reward             | 180         |
|    collision               | 0           |
|    crash_object            | 0           |
|    crash_vehicle           | 0           |
|    episode_cost            | 0           |
|    episode_length          | 800         |
|    jerk                    | 0.34        |
|    lane_deviation          | 0.347       |
|    max_lane_deviation      | 0.936       |
|    mean_speed_kmh          | 12          |
|    min_ttc                 | nan         |
|    out_of_road             | 0           |
|    route_completion        | 0.78        |
|    shaped_reward           | 39.8        |
|    steering_variation      | 0.567       |
|    success                 | 0           |
|    ttc_risk                | 0           |
| rollout/                   |             |
|    ep_len_mean             | 813         |
|    ep_rew_mean             | 10.9        |
|    success_rate            | 0.12        |
| time/                      |             |
|    fps                     | 2026        |
|    iterations              | 25          |
|    time_elapsed            | 202         |
|    total_timesteps         | 409600      |
| train/                     |             |
|    approx_kl               | 0.021977836 |
|    clip_fraction           | 0.242       |
|    clip_range              | 0.2         |
|    entropy_loss            | -2.08       |
|    explained_variance      | 0.703       |
|    learning_rate           | 0.0003      |
|    loss                    | 3.81        |
|    n_updates               | 240         |
|    policy_gradient_loss    | 0.00745     |
|    std                     | 0.673       |
|    value_loss              | 8.1         |
--------------------------------------------
--------------------------------------------
| curriculum/                |             |
|    stage                   | 1           |
|    window_cost             | 0.0667      |
|    window_route_completion | 0.767       |
|    window_success          | 0.2         |
| paper/                     |             |
|    accel_variation         | 0.408       |
|    base_reward             | 160         |
|    collision               | 0           |
|    crash_object            | 0           |
|    crash_vehicle           | 0           |
|    episode_cost            | 0           |
|    episode_length          | 562         |
|    jerk                    | 0.386       |
|    lane_deviation          | 0.413       |
|    max_lane_deviation      | 1.74        |
|    mean_speed_kmh          | 15.5        |
|    min_ttc                 | nan         |
|    out_of_road             | 0           |
|    route_completion        | 0.981       |
|    shaped_reward           | 87.8        |
|    steering_variation      | 0.55        |
|    success                 | 1           |
|    ttc_risk                | 0           |
| rollout/                   |             |
|    ep_len_mean             | 799         |
|    ep_rew_mean             | 21.3        |
|    success_rate            | 0.14        |
| time/                      |             |
|    fps                     | 2015        |
|    iterations              | 26          |
|    time_elapsed            | 211         |
|    total_timesteps         | 425984      |
| train/                     |             |
|    approx_kl               | 0.012489257 |
|    clip_fraction           | 0.165       |
|    clip_range              | 0.2         |
|    entropy_loss            | -2.01       |
|    explained_variance      | 0.597       |
|    learning_rate           | 0.0003      |
|    loss                    | 3.63        |
|    n_updates               | 250         |
|    policy_gradient_loss    | 0.000395    |
|    std                     | 0.652       |
|    value_loss              | 22.9        |
--------------------------------------------
--------------------------------------------
| curriculum/                |             |
|    stage                   | 2           |
|    window_cost             | 0.0333      |
|    window_route_completion | 0.833       |
|    window_success          | 0.3         |
| paper/                     |             |
|    accel_variation         | 0.401       |
|    base_reward             | 238         |
|    collision               | 0           |
|    crash_object            | 0           |
|    crash_vehicle           | 0           |
|    episode_cost            | 0           |
|    episode_length          | 755         |
|    jerk                    | 0.344       |
|    lane_deviation          | 0.314       |
|    max_lane_deviation      | 0.993       |
|    mean_speed_kmh          | 14.6        |
|    min_ttc                 | nan         |
|    out_of_road             | 0           |
|    route_completion        | 0.984       |
|    shaped_reward           | 143         |
|    steering_variation      | 0.578       |
|    success                 | 1           |
|    ttc_risk                | 0           |
| rollout/                   |             |
|    ep_len_mean             | 769         |
|    ep_rew_mean             | 54.8        |
|    success_rate            | 0.25        |
| time/                      |             |
|    fps                     | 1989        |
|    iterations              | 27          |
|    time_elapsed            | 222         |
|    total_timesteps         | 442368      |
| train/                     |             |
|    approx_kl               | 0.011065731 |
|    clip_fraction           | 0.177       |
|    clip_range              | 0.2         |
|    entropy_loss            | -1.96       |
|    explained_variance      | 0.67        |
|    learning_rate           | 0.0003      |
|    loss                    | 4.6         |
|    n_updates               | 260         |
|    policy_gradient_loss    | -0.000496   |
|    std                     | 0.642       |
|    value_loss              | 27.6        |
--------------------------------------------
-----------------------------------------
| paper/                  |             |
|    accel_variation      | 0.416       |
|    base_reward          | 306         |
|    collision            | 0           |
|    crash_object         | 0           |
|    crash_vehicle        | 0           |
|    episode_cost         | 0           |
|    episode_length       | 1000        |
|    jerk                 | 0.351       |
|    lane_deviation       | 0.326       |
|    max_lane_deviation   | 1.14        |
|    mean_speed_kmh       | 15.6        |
|    min_ttc              | nan         |
|    out_of_road          | 0           |
|    route_completion     | 0.879       |
|    shaped_reward        | 89.7        |
|    steering_variation   | 0.538       |
|    success              | 0           |
|    ttc_risk             | 0           |
| rollout/                |             |
|    ep_len_mean          | 784         |
|    ep_rew_mean          | 54.5        |
|    success_rate         | 0.27        |
| time/                   |             |
|    fps                  | 1934        |
|    iterations           | 28          |
|    time_elapsed         | 237         |
|    total_timesteps      | 458752      |
| train/                  |             |
|    approx_kl            | 0.019264441 |
|    clip_fraction        | 0.217       |
|    clip_range           | 0.2         |
|    entropy_loss         | -1.91       |
|    explained_variance   | 0.813       |
|    learning_rate        | 0.0003      |
|    loss                 | 3.21        |
|    n_updates            | 270         |
|    policy_gradient_loss | 0.00675     |
|    std                  | 0.624       |
|    value_loss           | 15          |
-----------------------------------------
--------------------------------------------
| curriculum/                |             |
|    stage                   | 1           |
|    window_cost             | 0.233       |
|    window_route_completion | 0.611       |
|    window_success          | 0.0333      |
| paper/                     |             |
|    accel_variation         | 0.422       |
|    base_reward             | 252         |
|    collision               | 0           |
|    crash_object            | 0           |
|    crash_vehicle           | 0           |
|    episode_cost            | 0           |
|    episode_length          | 800         |
|    jerk                    | 0.343       |
|    lane_deviation          | 0.272       |
|    max_lane_deviation      | 0.987       |
|    mean_speed_kmh          | 15          |
|    min_ttc                 | nan         |
|    out_of_road             | 0           |
|    route_completion        | 0.599       |
|    shaped_reward           | 91.8        |
|    steering_variation      | 0.574       |
|    success                 | 0           |
|    ttc_risk                | 0           |
| rollout/                   |             |
|    ep_len_mean             | 800         |
|    ep_rew_mean             | 47.5        |
|    success_rate            | 0.24        |
| time/                      |             |
|    fps                     | 1890        |
|    iterations              | 29          |
|    time_elapsed            | 251         |
|    total_timesteps         | 475136      |
| train/                     |             |
|    approx_kl               | 0.008268924 |
|    clip_fraction           | 0.126       |
|    clip_range              | 0.2         |
|    entropy_loss            | -1.87       |
|    explained_variance      | 0.565       |
|    learning_rate           | 0.0003      |
|    loss                    | 13.3        |
|    n_updates               | 280         |
|    policy_gradient_loss    | -0.00116    |
|    std                     | 0.612       |
|    value_loss              | 70.4        |
--------------------------------------------
------------------------------------------
| paper/                  |              |
|    accel_variation      | 0.369        |
|    base_reward          | 276          |
|    collision            | 0            |
|    crash_object         | 0            |
|    crash_vehicle        | 0            |
|    episode_cost         | 0            |
|    episode_length       | 761          |
|    jerk                 | 0.332        |
|    lane_deviation       | 0.276        |
|    max_lane_deviation   | 0.951        |
|    mean_speed_kmh       | 16.2         |
|    min_ttc              | nan          |
|    out_of_road          | 0            |
|    route_completion     | 0.987        |
|    shaped_reward        | 176          |
|    steering_variation   | 0.534        |
|    success              | 1            |
|    ttc_risk             | 0            |
| rollout/                |              |
|    ep_len_mean          | 801          |
|    ep_rew_mean          | 54.4         |
|    success_rate         | 0.23         |
| time/                   |              |
|    fps                  | 1880         |
|    iterations           | 30           |
|    time_elapsed         | 261          |
|    total_timesteps      | 491520       |
| train/                  |              |
|    approx_kl            | 0.0149754025 |
|    clip_fraction        | 0.206        |
|    clip_range           | 0.2          |
|    entropy_loss         | -1.84        |
|    explained_variance   | 0.611        |
|    learning_rate        | 0.0003       |
|    loss                 | 11.1         |
|    n_updates            | 290          |
|    policy_gradient_loss | 0.00298      |
|    std                  | 0.604        |
|    value_loss           | 57.3         |
------------------------------------------
--------------------------------------------
| curriculum/                |             |
|    stage                   | 2           |
|    window_cost             | 0.0333      |
|    window_route_completion | 0.753       |
|    window_success          | 0.367       |
| paper/                     |             |
|    accel_variation         | 0.432       |
|    base_reward             | 234         |
|    collision               | 0           |
|    crash_object            | 0           |
|    crash_vehicle           | 0           |
|    episode_cost            | 0           |
|    episode_length          | 740         |
|    jerk                    | 0.365       |
|    lane_deviation          | 0.325       |
|    max_lane_deviation      | 0.816       |
|    mean_speed_kmh          | 14.8        |
|    min_ttc                 | nan         |
|    out_of_road             | 0           |
|    route_completion        | 0.985       |
|    shaped_reward           | 149         |
|    steering_variation      | 0.527       |
|    success                 | 1           |
|    ttc_risk                | 0           |
| rollout/                   |             |
|    ep_len_mean             | 798         |
|    ep_rew_mean             | 76.5        |
|    success_rate            | 0.37        |
| time/                      |             |
|    fps                     | 1850        |
|    iterations              | 31          |
|    time_elapsed            | 274         |
|    total_timesteps         | 507904      |
| train/                     |             |
|    approx_kl               | 0.028257746 |
|    clip_fraction           | 0.236       |
|    clip_range              | 0.2         |
|    entropy_loss            | -1.81       |
|    explained_variance      | 0.419       |
|    learning_rate           | 0.0003      |
|    loss                    | 40.3        |
|    n_updates               | 300         |
|    policy_gradient_loss    | 0.00659     |
|    std                     | 0.594       |
|    value_loss              | 31          |
--------------------------------------------
-------------------------------------------
| curriculum/                |            |
|    stage                   | 2          |
|    window_cost             | 0.467      |
|    window_route_completion | 0.581      |
|    window_success          | 0.2        |
| paper/                     |            |
|    accel_variation         | 0.369      |
|    base_reward             | 3.72       |
|    collision               | 0          |
|    crash_object            | 0          |
|    crash_vehicle           | 0          |
|    episode_cost            | 1          |
|    episode_length          | 80         |
|    jerk                    | 0.314      |
|    lane_deviation          | 0.408      |
|    max_lane_deviation      | 1.07       |
|    mean_speed_kmh          | 12.6       |
|    min_ttc                 | nan        |
|    out_of_road             | 1          |
|    route_completion        | 0.0448     |
|    shaped_reward           | -167       |
|    steering_variation      | 0.552      |
|    success                 | 0          |
|    ttc_risk                | 0          |
| rollout/                   |            |
|    ep_len_mean             | 764        |
|    ep_rew_mean             | 41.9       |
|    success_rate            | 0.25       |
| time/                      |            |
|    fps                     | 1807       |
|    iterations              | 32         |
|    time_elapsed            | 290        |
|    total_timesteps         | 524288     |
| train/                     |            |
|    approx_kl               | 0.04009942 |
|    clip_fraction           | 0.266      |
|    clip_range              | 0.2        |
|    entropy_loss            | -1.77      |
|    explained_variance      | 0.788      |
|    learning_rate           | 0.0003     |
|    loss                    | 6.83       |
|    n_updates               | 310        |
|    policy_gradient_loss    | 0.0142     |
|    std                     | 0.583      |
|    value_loss              | 15.7       |
-------------------------------------------
--------------------------------------------
| curriculum/                |             |
|    stage                   | 2           |
|    window_cost             | 0.467       |
|    window_route_completion | 0.594       |
|    window_success          | 0.1         |
| paper/                     |             |
|    accel_variation         | 0.45        |
|    base_reward             | 249         |
|    collision               | 0           |
|    crash_object            | 0           |
|    crash_vehicle           | 0           |
|    episode_cost            | 0           |
|    episode_length          | 1000        |
|    jerk                    | 0.405       |
|    lane_deviation          | 0.405       |
|    max_lane_deviation      | 1.2         |
|    mean_speed_kmh          | 14.8        |
|    min_ttc                 | 5.19        |
|    out_of_road             | 0           |
|    route_completion        | 0.52        |
|    shaped_reward           | -17         |
|    steering_variation      | 0.554       |
|    success                 | 0           |
|    ttc_risk                | 0.00441     |
| rollout/                   |             |
|    ep_len_mean             | 756         |
|    ep_rew_mean             | 36.7        |
|    success_rate            | 0.28        |
| time/                      |             |
|    fps                     | 1769        |
|    iterations              | 33          |
|    time_elapsed            | 305         |
|    total_timesteps         | 540672      |
| train/                     |             |
|    approx_kl               | 0.013080915 |
|    clip_fraction           | 0.201       |
|    clip_range              | 0.2         |
|    entropy_loss            | -1.74       |
|    explained_variance      | 0.142       |
|    learning_rate           | 0.0003      |
|    loss                    | 49.8        |
|    n_updates               | 320         |
|    policy_gradient_loss    | -0.000391   |
|    std                     | 0.579       |
|    value_loss              | 188         |
--------------------------------------------
--------------------------------------------
| curriculum/                |             |
|    stage                   | 2           |
|    window_cost             | 0.367       |
|    window_route_completion | 0.658       |
|    window_success          | 0.0667      |
| paper/                     |             |
|    accel_variation         | 0.417       |
|    base_reward             | 229         |
|    collision               | 0           |
|    crash_object            | 0           |
|    crash_vehicle           | 0           |
|    episode_cost            | 0           |
|    episode_length          | 1000        |
|    jerk                    | 0.371       |
|    lane_deviation          | 0.419       |
|    max_lane_deviation      | 1.5         |
|    mean_speed_kmh          | 15.8        |
|    min_ttc                 | 18.4        |
|    out_of_road             | 0           |
|    route_completion        | 0.833       |
|    shaped_reward           | 1.9         |
|    steering_variation      | 0.545       |
|    success                 | 0           |
|    ttc_risk                | 0           |
| rollout/                   |             |
|    ep_len_mean             | 768         |
|    ep_rew_mean             | 25.9        |
|    success_rate            | 0.29        |
| time/                      |             |
|    fps                     | 1738        |
|    iterations              | 34          |
|    time_elapsed            | 320         |
|    total_timesteps         | 557056      |
| train/                     |             |
|    approx_kl               | 0.009306025 |
|    clip_fraction           | 0.145       |
|    clip_range              | 0.2         |
|    entropy_loss            | -1.73       |
|    explained_variance      | 0.247       |
|    learning_rate           | 0.0003      |
|    loss                    | 150         |
|    n_updates               | 330         |
|    policy_gradient_loss    | -0.00194    |
|    std                     | 0.574       |
|    value_loss              | 154         |
--------------------------------------------
--------------------------------------------
| curriculum/                |             |
|    stage                   | 2           |
|    window_cost             | 0.433       |
|    window_route_completion | 0.591       |
|    window_success          | 0.0667      |
| paper/                     |             |
|    accel_variation         | 0.396       |
|    base_reward             | 74.8        |
|    collision               | 0           |
|    crash_object            | 0           |
|    crash_vehicle           | 0           |
|    episode_cost            | 1           |
|    episode_length          | 289         |
|    jerk                    | 0.362       |
|    lane_deviation          | 0.266       |
|    max_lane_deviation      | 1.07        |
|    mean_speed_kmh          | 15.9        |
|    min_ttc                 | 12.4        |
|    out_of_road             | 1           |
|    route_completion        | 0.25        |
|    shaped_reward           | -134        |
|    steering_variation      | 0.591       |
|    success                 | 0           |
|    ttc_risk                | 0.000401    |
| rollout/                   |             |
|    ep_len_mean             | 751         |
|    ep_rew_mean             | -14.5       |
|    success_rate            | 0.16        |
| time/                      |             |
|    fps                     | 1704        |
|    iterations              | 35          |
|    time_elapsed            | 336         |
|    total_timesteps         | 573440      |
| train/                     |             |
|    approx_kl               | 0.020908013 |
|    clip_fraction           | 0.191       |
|    clip_range              | 0.2         |
|    entropy_loss            | -1.7        |
|    explained_variance      | 0.35        |
|    learning_rate           | 0.0003      |
|    loss                    | 24.3        |
|    n_updates               | 340         |
|    policy_gradient_loss    | 0.000447    |
|    std                     | 0.565       |
|    value_loss              | 96.9        |
--------------------------------------------
--------------------------------------------
| curriculum/                |             |
|    stage                   | 1           |
|    window_cost             | 0.433       |
|    window_route_completion | 0.595       |
|    window_success          | 0.0333      |
| paper/                     |             |
|    accel_variation         | 0.434       |
|    base_reward             | 283         |
|    collision               | 0           |
|    crash_object            | 0           |
|    crash_vehicle           | 0           |
|    episode_cost            | 0           |
|    episode_length          | 800         |
|    jerk                    | 0.384       |
|    lane_deviation          | 0.21        |
|    max_lane_deviation      | 0.755       |
|    mean_speed_kmh          | 15.9        |
|    min_ttc                 | 3.87        |
|    out_of_road             | 0           |
|    route_completion        | 0.747       |
|    shaped_reward           | 87.4        |
|    steering_variation      | 0.56        |
|    success                 | 0           |
|    ttc_risk                | 0.00865     |
| rollout/                   |             |
|    ep_len_mean             | 753         |
|    ep_rew_mean             | -27.9       |
|    success_rate            | 0.07        |
| time/                      |             |
|    fps                     | 1684        |
|    iterations              | 36          |
|    time_elapsed            | 350         |
|    total_timesteps         | 589824      |
| train/                     |             |
|    approx_kl               | 0.011411164 |
|    clip_fraction           | 0.184       |
|    clip_range              | 0.2         |
|    entropy_loss            | -1.68       |
|    explained_variance      | 0.261       |
|    learning_rate           | 0.0003      |
|    loss                    | 32          |
|    n_updates               | 350         |
|    policy_gradient_loss    | -0.00114    |
|    std                     | 0.563       |
|    value_loss              | 130         |
--------------------------------------------
------------------------------------------
| curriculum/                |           |
|    stage                   | 1         |
|    window_cost             | 0.267     |
|    window_route_completion | 0.749     |
|    window_success          | 0.4       |
| paper/                     |           |
|    accel_variation         | 0.449     |
|    base_reward             | 261       |
|    collision               | 0         |
|    crash_object            | 0         |
|    crash_vehicle           | 0         |
|    episode_cost            | 0         |
|    episode_length          | 800       |
|    jerk                    | 0.427     |
|    lane_deviation          | 0.318     |
|    max_lane_deviation      | 1.42      |
|    mean_speed_kmh          | 16.8      |
|    min_ttc                 | nan       |
|    out_of_road             | 0         |
|    route_completion        | 0.936     |
|    shaped_reward           | 88.6      |
|    steering_variation      | 0.508     |
|    success                 | 0         |
|    ttc_risk                | 0         |
| rollout/                   |           |
|    ep_len_mean             | 711       |
|    ep_rew_mean             | -2.2      |
|    success_rate            | 0.16      |
| time/                      |           |
|    fps                     | 1684      |
|    iterations              | 37        |
|    time_elapsed            | 359       |
|    total_timesteps         | 606208    |
| train/                     |           |
|    approx_kl               | 0.1622222 |
|    clip_fraction           | 0.244     |
|    clip_range              | 0.2       |
|    entropy_loss            | -1.67     |
|    explained_variance      | 0.362     |
|    learning_rate           | 0.0003    |
|    loss                    | 18.6      |
|    n_updates               | 360       |
|    policy_gradient_loss    | 0.00208   |
|    std                     | 0.559     |
|    value_loss              | 107       |
------------------------------------------
--------------------------------------------
| curriculum/                |             |
|    stage                   | 2           |
|    window_cost             | 0.3         |
|    window_route_completion | 0.754       |
|    window_success          | 0.433       |
| paper/                     |             |
|    accel_variation         | 0.486       |
|    base_reward             | 145         |
|    collision               | 0           |
|    crash_object            | 0           |
|    crash_vehicle           | 0           |
|    episode_cost            | 1           |
|    episode_length          | 598         |
|    jerk                    | 0.406       |
|    lane_deviation          | 0.349       |
|    max_lane_deviation      | 1.46        |
|    mean_speed_kmh          | 15.6        |
|    min_ttc                 | 8.94        |
|    out_of_road             | 1           |
|    route_completion        | 0.424       |
|    shaped_reward           | -144        |
|    steering_variation      | 0.516       |
|    success                 | 0           |
|    ttc_risk                | 0.000922    |
| rollout/                   |             |
|    ep_len_mean             | 663         |
|    ep_rew_mean             | 13.5        |
|    success_rate            | 0.27        |
| time/                      |             |
|    fps                     | 1666        |
|    iterations              | 38          |
|    time_elapsed            | 373         |
|    total_timesteps         | 622592      |
| train/                     |             |
|    approx_kl               | 0.010033952 |
|    clip_fraction           | 0.164       |
|    clip_range              | 0.2         |
|    entropy_loss            | -1.64       |
|    explained_variance      | 0.602       |
|    learning_rate           | 0.0003      |
|    loss                    | 46.9        |
|    n_updates               | 370         |
|    policy_gradient_loss    | -0.0012     |
|    std                     | 0.55        |
|    value_loss              | 112         |
--------------------------------------------
---------------------------------------------
| curriculum/                |              |
|    stage                   | 2            |
|    window_cost             | 0.267        |
|    window_route_completion | 0.774        |
|    window_success          | 0.233        |
| paper/                     |              |
|    accel_variation         | 0.469        |
|    base_reward             | 373          |
|    collision               | 0            |
|    crash_object            | 0            |
|    crash_vehicle           | 0            |
|    episode_cost            | 0            |
|    episode_length          | 998          |
|    jerk                    | 0.424        |
|    lane_deviation          | 0.264        |
|    max_lane_deviation      | 0.995        |
|    mean_speed_kmh          | 16.8         |
|    min_ttc                 | 7.01         |
|    out_of_road             | 0            |
|    route_completion        | 0.99         |
|    shaped_reward           | 201          |
|    steering_variation      | 0.466        |
|    success                 | 1            |
|    ttc_risk                | 0.00129      |
| rollout/                   |              |
|    ep_len_mean             | 703          |
|    ep_rew_mean             | 31.2         |
|    success_rate            | 0.26         |
| time/                      |              |
|    fps                     | 1645         |
|    iterations              | 39           |
|    time_elapsed            | 388          |
|    total_timesteps         | 638976       |
| train/                     |              |
|    approx_kl               | 0.0074233147 |
|    clip_fraction           | 0.14         |
|    clip_range              | 0.2          |
|    entropy_loss            | -1.6         |
|    explained_variance      | 0.504        |
|    learning_rate           | 0.0003       |
|    loss                    | 54           |
|    n_updates               | 380          |
|    policy_gradient_loss    | -0.00169     |
|    std                     | 0.543        |
|    value_loss              | 119          |
---------------------------------------------
--------------------------------------------
| curriculum/                |             |
|    stage                   | 2           |
|    window_cost             | 0.1         |
|    window_route_completion | 0.76        |
|    window_success          | 0.167       |
| paper/                     |             |
|    accel_variation         | 0.514       |
|    base_reward             | 277         |
|    collision               | 1           |
|    crash_object            | 0           |
|    crash_vehicle           | 1           |
|    episode_cost            | 1           |
|    episode_length          | 793         |
|    jerk                    | 0.45        |
|    lane_deviation          | 0.225       |
|    max_lane_deviation      | 0.863       |
|    mean_speed_kmh          | 17          |
|    min_ttc                 | 0.555       |
|    out_of_road             | 0           |
|    route_completion        | 0.676       |
|    shaped_reward           | -49.6       |
|    steering_variation      | 0.514       |
|    success                 | 0           |
|    ttc_risk                | 0.00235     |
| rollout/                   |             |
|    ep_len_mean             | 738         |
|    ep_rew_mean             | 57.1        |
|    success_rate            | 0.3         |
| time/                      |             |
|    fps                     | 1622        |
|    iterations              | 40          |
|    time_elapsed            | 403         |
|    total_timesteps         | 655360      |
| train/                     |             |
|    approx_kl               | 0.013666195 |
|    clip_fraction           | 0.288       |
|    clip_range              | 0.2         |
|    entropy_loss            | -1.57       |
|    explained_variance      | 0.39        |
|    learning_rate           | 0.0003      |
|    loss                    | 2.98        |
|    n_updates               | 390         |
|    policy_gradient_loss    | 0.013       |
|    std                     | 0.534       |
|    value_loss              | 20.1        |
--------------------------------------------
-------------------------------------------
| curriculum/                |            |
|    stage                   | 2          |
|    window_cost             | 0.133      |
|    window_route_completion | 0.801      |
|    window_success          | 0.267      |
| paper/                     |            |
|    accel_variation         | 0.512      |
|    base_reward             | 137        |
|    collision               | 1          |
|    crash_object            | 0          |
|    crash_vehicle           | 1          |
|    episode_cost            | 1          |
|    episode_length          | 427        |
|    jerk                    | 0.427      |
|    lane_deviation          | 0.279      |
|    max_lane_deviation      | 0.851      |
|    mean_speed_kmh          | 16.7       |
|    min_ttc                 | 0.429      |
|    out_of_road             | 0          |
|    route_completion        | 0.392      |
|    shaped_reward           | -120       |
|    steering_variation      | 0.456      |
|    success                 | 0          |
|    ttc_risk                | 0.00466    |
| rollout/                   |            |
|    ep_len_mean             | 784        |
|    ep_rew_mean             | 76.5       |
|    success_rate            | 0.34       |
| time/                      |            |
|    fps                     | 1603       |
|    iterations              | 41         |
|    time_elapsed            | 418        |
|    total_timesteps         | 671744     |
| train/                     |            |
|    approx_kl               | 0.00838446 |
|    clip_fraction           | 0.202      |
|    clip_range              | 0.2        |
|    entropy_loss            | -1.53      |
|    explained_variance      | 0.501      |
|    learning_rate           | 0.0003     |
|    loss                    | 6.19       |
|    n_updates               | 400        |
|    policy_gradient_loss    | 0.00477    |
|    std                     | 0.525      |
|    value_loss              | 25.6       |
-------------------------------------------
--------------------------------------------
| curriculum/                |             |
|    stage                   | 2           |
|    window_cost             | 0.1         |
|    window_route_completion | 0.821       |
|    window_success          | 0.233       |
| paper/                     |             |
|    accel_variation         | 0.48        |
|    base_reward             | 387         |
|    collision               | 0           |
|    crash_object            | 0           |
|    crash_vehicle           | 0           |
|    episode_cost            | 0           |
|    episode_length          | 979         |
|    jerk                    | 0.453       |
|    lane_deviation          | 0.203       |
|    max_lane_deviation      | 0.642       |
|    mean_speed_kmh          | 16.4        |
|    min_ttc                 | 3.28        |
|    out_of_road             | 0           |
|    route_completion        | 0.989       |
|    shaped_reward           | 148         |
|    steering_variation      | 0.466       |
|    success                 | 1           |
|    ttc_risk                | 0.0157      |
| rollout/                   |             |
|    ep_len_mean             | 846         |
|    ep_rew_mean             | 87.9        |
|    success_rate            | 0.28        |
| time/                      |             |
|    fps                     | 1588        |
|    iterations              | 42          |
|    time_elapsed            | 433         |
|    total_timesteps         | 688128      |
| train/                     |             |
|    approx_kl               | 0.009636954 |
|    clip_fraction           | 0.156       |
|    clip_range              | 0.2         |
|    entropy_loss            | -1.51       |
|    explained_variance      | 0.476       |
|    learning_rate           | 0.0003      |
|    loss                    | 23.7        |
|    n_updates               | 410         |
|    policy_gradient_loss    | -0.000112   |
|    std                     | 0.522       |
|    value_loss              | 46.4        |
--------------------------------------------
--------------------------------------------
| curriculum/                |             |
|    stage                   | 2           |
|    window_cost             | 0.133       |
|    window_route_completion | 0.806       |
|    window_success          | 0.2         |
| paper/                     |             |
|    accel_variation         | 0.489       |
|    base_reward             | 395         |
|    collision               | 0           |
|    crash_object            | 0           |
|    crash_vehicle           | 0           |
|    episode_cost            | 0           |
|    episode_length          | 982         |
|    jerk                    | 0.431       |
|    lane_deviation          | 0.194       |
|    max_lane_deviation      | 0.701       |
|    mean_speed_kmh          | 16.6        |
|    min_ttc                 | 4.45        |
|    out_of_road             | 0           |
|    route_completion        | 0.99        |
|    shaped_reward           | 177         |
|    steering_variation      | 0.464       |
|    success                 | 1           |
|    ttc_risk                | 0.0115      |
| rollout/                   |             |
|    ep_len_mean             | 898         |
|    ep_rew_mean             | 100         |
|    success_rate            | 0.23        |
| time/                      |             |
|    fps                     | 1572        |
|    iterations              | 43          |
|    time_elapsed            | 448         |
|    total_timesteps         | 704512      |
| train/                     |             |
|    approx_kl               | 0.009128916 |
|    clip_fraction           | 0.235       |
|    clip_range              | 0.2         |
|    entropy_loss            | -1.5        |
|    explained_variance      | 0.532       |
|    learning_rate           | 0.0003      |
|    loss                    | 8.74        |
|    n_updates               | 420         |
|    policy_gradient_loss    | 0.00893     |
|    std                     | 0.522       |
|    value_loss              | 28.7        |
--------------------------------------------
-------------------------------------------
| curriculum/                |            |
|    stage                   | 2          |
|    window_cost             | 0.1        |
|    window_route_completion | 0.793      |
|    window_success          | 0.2        |
| paper/                     |            |
|    accel_variation         | 0.501      |
|    base_reward             | 420        |
|    collision               | 0          |
|    crash_object            | 0          |
|    crash_vehicle           | 0          |
|    episode_cost            | 0          |
|    episode_length          | 1000       |
|    jerk                    | 0.467      |
|    lane_deviation          | 0.169      |
|    max_lane_deviation      | 0.598      |
|    mean_speed_kmh          | 17.5       |
|    min_ttc                 | 28.2       |
|    out_of_road             | 0          |
|    route_completion        | 0.946      |
|    shaped_reward           | 210        |
|    steering_variation      | 0.451      |
|    success                 | 0          |
|    ttc_risk                | 0          |
| rollout/                   |            |
|    ep_len_mean             | 931        |
|    ep_rew_mean             | 120        |
|    success_rate            | 0.19       |
| time/                      |            |
|    fps                     | 1556       |
|    iterations              | 44         |
|    time_elapsed            | 463        |
|    total_timesteps         | 720896     |
| train/                     |            |
|    approx_kl               | 0.02478075 |
|    clip_fraction           | 0.224      |
|    clip_range              | 0.2        |
|    entropy_loss            | -1.49      |
|    explained_variance      | 0.598      |
|    learning_rate           | 0.0003     |
|    loss                    | 10.3       |
|    n_updates               | 430        |
|    policy_gradient_loss    | 0.0076     |
|    std                     | 0.518      |
|    value_loss              | 33.4       |
-------------------------------------------
--------------------------------------------
| curriculum/                |             |
|    stage                   | 2           |
|    window_cost             | 0.133       |
|    window_route_completion | 0.759       |
|    window_success          | 0.133       |
| paper/                     |             |
|    accel_variation         | 0.497       |
|    base_reward             | 389         |
|    collision               | 0           |
|    crash_object            | 0           |
|    crash_vehicle           | 0           |
|    episode_cost            | 0           |
|    episode_length          | 911         |
|    jerk                    | 0.469       |
|    lane_deviation          | 0.175       |
|    max_lane_deviation      | 0.546       |
|    mean_speed_kmh          | 17.1        |
|    min_ttc                 | 6.25        |
|    out_of_road             | 0           |
|    route_completion        | 0.989       |
|    shaped_reward           | 246         |
|    steering_variation      | 0.44        |
|    success                 | 1           |
|    ttc_risk                | 0.00161     |
| rollout/                   |             |
|    ep_len_mean             | 916         |
|    ep_rew_mean             | 124         |
|    success_rate            | 0.2         |
| time/                      |             |
|    fps                     | 1538        |
|    iterations              | 45          |
|    time_elapsed            | 479         |
|    total_timesteps         | 737280      |
| train/                     |             |
|    approx_kl               | 0.011304244 |
|    clip_fraction           | 0.212       |
|    clip_range              | 0.2         |
|    entropy_loss            | -1.45       |
|    explained_variance      | 0.57        |
|    learning_rate           | 0.0003      |
|    loss                    | 23.9        |
|    n_updates               | 440         |
|    policy_gradient_loss    | 0.00272     |
|    std                     | 0.507       |
|    value_loss              | 26.1        |
--------------------------------------------
--------------------------------------------
| curriculum/                |             |
|    stage                   | 2           |
|    window_cost             | 0.167       |
|    window_route_completion | 0.713       |
|    window_success          | 0.0667      |
| paper/                     |             |
|    accel_variation         | 0.511       |
|    base_reward             | 372         |
|    collision               | 0           |
|    crash_object            | 0           |
|    crash_vehicle           | 0           |
|    episode_cost            | 0           |
|    episode_length          | 1000        |
|    jerk                    | 0.487       |
|    lane_deviation          | 0.261       |
|    max_lane_deviation      | 0.735       |
|    mean_speed_kmh          | 17.3        |
|    min_ttc                 | 10.1        |
|    out_of_road             | 0           |
|    route_completion        | 0.712       |
|    shaped_reward           | 146         |
|    steering_variation      | 0.435       |
|    success                 | 0           |
|    ttc_risk                | 0.000701    |
| rollout/                   |             |
|    ep_len_mean             | 919         |
|    ep_rew_mean             | 113         |
|    success_rate            | 0.15        |
| time/                      |             |
|    fps                     | 1521        |
|    iterations              | 46          |
|    time_elapsed            | 495         |
|    total_timesteps         | 753664      |
| train/                     |             |
|    approx_kl               | 0.021902792 |
|    clip_fraction           | 0.18        |
|    clip_range              | 0.2         |
|    entropy_loss            | -1.43       |
|    explained_variance      | 0.518       |
|    learning_rate           | 0.0003      |
|    loss                    | 4.79        |
|    n_updates               | 450         |
|    policy_gradient_loss    | 0.00152     |
|    std                     | 0.505       |
|    value_loss              | 49.4        |
--------------------------------------------
-------------------------------------------
| curriculum/                |            |
|    stage                   | 2          |
|    window_cost             | 0.167      |
|    window_route_completion | 0.728      |
|    window_success          | 0.133      |
| paper/                     |            |
|    accel_variation         | 0.536      |
|    base_reward             | 378        |
|    collision               | 0          |
|    crash_object            | 0          |
|    crash_vehicle           | 0          |
|    episode_cost            | 0          |
|    episode_length          | 1000       |
|    jerk                    | 0.462      |
|    lane_deviation          | 0.236      |
|    max_lane_deviation      | 0.939      |
|    mean_speed_kmh          | 17.4       |
|    min_ttc                 | 11.7       |
|    out_of_road             | 0          |
|    route_completion        | 0.896      |
|    shaped_reward           | 162        |
|    steering_variation      | 0.427      |
|    success                 | 0          |
|    ttc_risk                | 0.000179   |
| rollout/                   |            |
|    ep_len_mean             | 923        |
|    ep_rew_mean             | 112        |
|    success_rate            | 0.15       |
| time/                      |            |
|    fps                     | 1509       |
|    iterations              | 47         |
|    time_elapsed            | 510        |
|    total_timesteps         | 770048     |
| train/                     |            |
|    approx_kl               | 0.03305711 |
|    clip_fraction           | 0.201      |
|    clip_range              | 0.2        |
|    entropy_loss            | -1.41      |
|    explained_variance      | 0.543      |
|    learning_rate           | 0.0003     |
|    loss                    | 14.8       |
|    n_updates               | 460        |
|    policy_gradient_loss    | 0.00354    |
|    std                     | 0.499      |
|    value_loss              | 55.2       |
-------------------------------------------
--------------------------------------------
| curriculum/                |             |
|    stage                   | 2           |
|    window_cost             | 0.0667      |
|    window_route_completion | 0.783       |
|    window_success          | 0.1         |
| paper/                     |             |
|    accel_variation         | 0.518       |
|    base_reward             | 330         |
|    collision               | 0           |
|    crash_object            | 0           |
|    crash_vehicle           | 0           |
|    episode_cost            | 0           |
|    episode_length          | 1000        |
|    jerk                    | 0.447       |
|    lane_deviation          | 0.276       |
|    max_lane_deviation      | 0.996       |
|    mean_speed_kmh          | 16.6        |
|    min_ttc                 | 4.03        |
|    out_of_road             | 0           |
|    route_completion        | 0.828       |
|    shaped_reward           | -14.6       |
|    steering_variation      | 0.413       |
|    success                 | 0           |
|    ttc_risk                | 0.0218      |
| rollout/                   |             |
|    ep_len_mean             | 932         |
|    ep_rew_mean             | 114         |
|    success_rate            | 0.15        |
| time/                      |             |
|    fps                     | 1497        |
|    iterations              | 48          |
|    time_elapsed            | 525         |
|    total_timesteps         | 786432      |
| train/                     |             |
|    approx_kl               | 0.016205918 |
|    clip_fraction           | 0.163       |
|    clip_range              | 0.2         |
|    entropy_loss            | -1.39       |
|    explained_variance      | 0.664       |
|    learning_rate           | 0.0003      |
|    loss                    | 9.08        |
|    n_updates               | 470         |
|    policy_gradient_loss    | 0.000189    |
|    std                     | 0.494       |
|    value_loss              | 47.9        |
--------------------------------------------
-------------------------------------------
| curriculum/                |            |
|    stage                   | 2          |
|    window_cost             | 0.1        |
|    window_route_completion | 0.753      |
|    window_success          | 0.0667     |
| paper/                     |            |
|    accel_variation         | 0.516      |
|    base_reward             | 325        |
|    collision               | 0          |
|    crash_object            | 0          |
|    crash_vehicle           | 0          |
|    episode_cost            | 0          |
|    episode_length          | 1000       |
|    jerk                    | 0.439      |
|    lane_deviation          | 0.31       |
|    max_lane_deviation      | 0.982      |
|    mean_speed_kmh          | 16.7       |
|    min_ttc                 | 2.3        |
|    out_of_road             | 0          |
|    route_completion        | 0.748      |
|    shaped_reward           | -38.2      |
|    steering_variation      | 0.417      |
|    success                 | 0          |
|    ttc_risk                | 0.0236     |
| rollout/                   |            |
|    ep_len_mean             | 924        |
|    ep_rew_mean             | 97.6       |
|    success_rate            | 0.1        |
| time/                      |            |
|    fps                     | 1483       |
|    iterations              | 49         |
|    time_elapsed            | 541        |
|    total_timesteps         | 802816     |
| train/                     |            |
|    approx_kl               | 0.11300422 |
|    clip_fraction           | 0.279      |
|    clip_range              | 0.2        |
|    entropy_loss            | -1.38      |
|    explained_variance      | 0.711      |
|    learning_rate           | 0.0003     |
|    loss                    | 13         |
|    n_updates               | 480        |
|    policy_gradient_loss    | 0.0146     |
|    std                     | 0.495      |
|    value_loss              | 27.7       |
-------------------------------------------
-------------------------------------------
| curriculum/                |            |
|    stage                   | 2          |
|    window_cost             | 0.233      |
|    window_route_completion | 0.693      |
|    window_success          | 0.0333     |
| paper/                     |            |
|    accel_variation         | 0.519      |
|    base_reward             | 364        |
|    collision               | 0          |
|    crash_object            | 0          |
|    crash_vehicle           | 0          |
|    episode_cost            | 0          |
|    episode_length          | 1000       |
|    jerk                    | 0.443      |
|    lane_deviation          | 0.265      |
|    max_lane_deviation      | 0.783      |
|    mean_speed_kmh          | 17.2       |
|    min_ttc                 | 1.64       |
|    out_of_road             | 0          |
|    route_completion        | 0.727      |
|    shaped_reward           | 120        |
|    steering_variation      | 0.441      |
|    success                 | 0          |
|    ttc_risk                | 0.00403    |
| rollout/                   |            |
|    ep_len_mean             | 918        |
|    ep_rew_mean             | 78.1       |
|    success_rate            | 0.08       |
| time/                      |            |
|    fps                     | 1471       |
|    iterations              | 50         |
|    time_elapsed            | 556        |
|    total_timesteps         | 819200     |
| train/                     |            |
|    approx_kl               | 0.01459522 |
|    clip_fraction           | 0.164      |
|    clip_range              | 0.2        |
|    entropy_loss            | -1.36      |
|    explained_variance      | 0.552      |
|    learning_rate           | 0.0003     |
|    loss                    | 11.6       |
|    n_updates               | 490        |
|    policy_gradient_loss    | -0.000373  |
|    std                     | 0.489      |
|    value_loss              | 31.8       |
-------------------------------------------
--------------------------------------------
| curriculum/                |             |
|    stage                   | 2           |
|    window_cost             | 0.2         |
|    window_route_completion | 0.74        |
|    window_success          | 0.133       |
| paper/                     |             |
|    accel_variation         | 0.528       |
|    base_reward             | 359         |
|    collision               | 0           |
|    crash_object            | 0           |
|    crash_vehicle           | 0           |
|    episode_cost            | 0           |
|    episode_length          | 1000        |
|    jerk                    | 0.453       |
|    lane_deviation          | 0.298       |
|    max_lane_deviation      | 0.992       |
|    mean_speed_kmh          | 17.6        |
|    min_ttc                 | 15.2        |
|    out_of_road             | 0           |
|    route_completion        | 0.751       |
|    shaped_reward           | 125         |
|    steering_variation      | 0.427       |
|    success                 | 0           |
|    ttc_risk                | 0           |
| rollout/                   |             |
|    ep_len_mean             | 907         |
|    ep_rew_mean             | 70.8        |
|    success_rate            | 0.1         |
| time/                      |             |
|    fps                     | 1461        |
|    iterations              | 51          |
|    time_elapsed            | 571         |
|    total_timesteps         | 835584      |
| train/                     |             |
|    approx_kl               | 0.013829681 |
|    clip_fraction           | 0.165       |
|    clip_range              | 0.2         |
|    entropy_loss            | -1.35       |
|    explained_variance      | 0.64        |
|    learning_rate           | 0.0003      |
|    loss                    | 13.1        |
|    n_updates               | 500         |
|    policy_gradient_loss    | 0.000475    |
|    std                     | 0.49        |
|    value_loss              | 50.8        |
--------------------------------------------
--------------------------------------------
| curriculum/                |             |
|    stage                   | 2           |
|    window_cost             | 0.267       |
|    window_route_completion | 0.722       |
|    window_success          | 0.0333      |
| paper/                     |             |
|    accel_variation         | 0.512       |
|    base_reward             | 227         |
|    collision               | 0           |
|    crash_object            | 0           |
|    crash_vehicle           | 0           |
|    episode_cost            | 1           |
|    episode_length          | 705         |
|    jerk                    | 0.45        |
|    lane_deviation          | 0.292       |
|    max_lane_deviation      | 1.43        |
|    mean_speed_kmh          | 16.8        |
|    min_ttc                 | 3.45        |
|    out_of_road             | 1           |
|    route_completion        | 0.561       |
|    shaped_reward           | -127        |
|    steering_variation      | 0.398       |
|    success                 | 0           |
|    ttc_risk                | 0.0093      |
| rollout/                   |             |
|    ep_len_mean             | 904         |
|    ep_rew_mean             | 65          |
|    success_rate            | 0.08        |
| time/                      |             |
|    fps                     | 1450        |
|    iterations              | 52          |
|    time_elapsed            | 587         |
|    total_timesteps         | 851968      |
| train/                     |             |
|    approx_kl               | 0.011949493 |
|    clip_fraction           | 0.138       |
|    clip_range              | 0.2         |
|    entropy_loss            | -1.35       |
|    explained_variance      | 0.517       |
|    learning_rate           | 0.0003      |
|    loss                    | 34.4        |
|    n_updates               | 510         |
|    policy_gradient_loss    | -0.000956   |
|    std                     | 0.488       |
|    value_loss              | 56.1        |
--------------------------------------------
-------------------------------------------
| curriculum/                |            |
|    stage                   | 1          |
|    window_cost             | 0.433      |
|    window_route_completion | 0.634      |
|    window_success          | 0          |
| paper/                     |            |
|    accel_variation         | 0.53       |
|    base_reward             | 306        |
|    collision               | 0          |
|    crash_object            | 0          |
|    crash_vehicle           | 0          |
|    episode_cost            | 0          |
|    episode_length          | 800        |
|    jerk                    | 0.47       |
|    lane_deviation          | 0.217      |
|    max_lane_deviation      | 0.713      |
|    mean_speed_kmh          | 17.4       |
|    min_ttc                 | 9.65       |
|    out_of_road             | 0          |
|    route_completion        | 0.605      |
|    shaped_reward           | 133        |
|    steering_variation      | 0.386      |
|    success                 | 0          |
|    ttc_risk                | 0.000526   |
| rollout/                   |            |
|    ep_len_mean             | 862        |
|    ep_rew_mean             | 52.8       |
|    success_rate            | 0.05       |
| time/                      |            |
|    fps                     | 1436       |
|    iterations              | 53         |
|    time_elapsed            | 604        |
|    total_timesteps         | 868352     |
| train/                     |            |
|    approx_kl               | 0.01759167 |
|    clip_fraction           | 0.172      |
|    clip_range              | 0.2        |
|    entropy_loss            | -1.32      |
|    explained_variance      | 0.552      |
|    learning_rate           | 0.0003     |
|    loss                    | 13.8       |
|    n_updates               | 520        |
|    policy_gradient_loss    | -0.000253  |
|    std                     | 0.484      |
|    value_loss              | 85.1       |
-------------------------------------------
-----------------------------------------
| paper/                  |             |
|    accel_variation      | 0.543       |
|    base_reward          | 305         |
|    collision            | 0           |
|    crash_object         | 0           |
|    crash_vehicle        | 0           |
|    episode_cost         | 0           |
|    episode_length       | 800         |
|    jerk                 | 0.482       |
|    lane_deviation       | 0.218       |
|    max_lane_deviation   | 0.875       |
|    mean_speed_kmh       | 17.6        |
|    min_ttc              | 128         |
|    out_of_road          | 0           |
|    route_completion     | 0.946       |
|    shaped_reward        | 149         |
|    steering_variation   | 0.398       |
|    success              | 0           |
|    ttc_risk             | 0           |
| rollout/                |             |
|    ep_len_mean          | 818         |
|    ep_rew_mean          | 51.3        |
|    success_rate         | 0.11        |
| time/                   |             |
|    fps                  | 1438        |
|    iterations           | 54          |
|    time_elapsed         | 615         |
|    total_timesteps      | 884736      |
| train/                  |             |
|    approx_kl            | 0.009011686 |
|    clip_fraction        | 0.11        |
|    clip_range           | 0.2         |
|    entropy_loss         | -1.3        |
|    explained_variance   | 0.532       |
|    learning_rate        | 0.0003      |
|    loss                 | 25          |
|    n_updates            | 530         |
|    policy_gradient_loss | -0.00321    |
|    std                  | 0.482       |
|    value_loss           | 116         |
-----------------------------------------
--------------------------------------------
| curriculum/                |             |
|    stage                   | 2           |
|    window_cost             | 0.0667      |
|    window_route_completion | 0.797       |
|    window_success          | 0.333       |
| paper/                     |             |
|    accel_variation         | 0.517       |
|    base_reward             | 242         |
|    collision               | 1           |
|    crash_object            | 0           |
|    crash_vehicle           | 1           |
|    episode_cost            | 1           |
|    episode_length          | 607         |
|    jerk                    | 0.475       |
|    lane_deviation          | 0.181       |
|    max_lane_deviation      | 0.752       |
|    mean_speed_kmh          | 17.5        |
|    min_ttc                 | 1.97        |
|    out_of_road             | 0           |
|    route_completion        | 0.502       |
|    shaped_reward           | -50.9       |
|    steering_variation      | 0.384       |
|    success                 | 0           |
|    ttc_risk                | 0.00168     |
| rollout/                   |             |
|    ep_len_mean             | 775         |
|    ep_rew_mean             | 83.3        |
|    success_rate            | 0.28        |
| time/                      |             |
|    fps                     | 1433        |
|    iterations              | 55          |
|    time_elapsed            | 628         |
|    total_timesteps         | 901120      |
| train/                     |             |
|    approx_kl               | 0.026673049 |
|    clip_fraction           | 0.195       |
|    clip_range              | 0.2         |
|    entropy_loss            | -1.28       |
|    explained_variance      | 0.565       |
|    learning_rate           | 0.0003      |
|    loss                    | 21.8        |
|    n_updates               | 540         |
|    policy_gradient_loss    | 0.000196    |
|    std                     | 0.475       |
|    value_loss              | 35.7        |
--------------------------------------------
-------------------------------------------
| curriculum/                |            |
|    stage                   | 3          |
|    window_cost             | 0.0667     |
|    window_route_completion | 0.887      |
|    window_success          | 0.633      |
| paper/                     |            |
|    accel_variation         | 0.534      |
|    base_reward             | 172        |
|    collision               | 1          |
|    crash_object            | 0          |
|    crash_vehicle           | 1          |
|    episode_cost            | 1          |
|    episode_length          | 473        |
|    jerk                    | 0.446      |
|    lane_deviation          | 0.224      |
|    max_lane_deviation      | 0.878      |
|    mean_speed_kmh          | 17.2       |
|    min_ttc                 | 196        |
|    out_of_road             | 0          |
|    route_completion        | 0.406      |
|    shaped_reward           | -85.6      |
|    steering_variation      | 0.37       |
|    success                 | 0          |
|    ttc_risk                | 0          |
| rollout/                   |            |
|    ep_len_mean             | 787        |
|    ep_rew_mean             | 90.7       |
|    success_rate            | 0.31       |
| time/                      |            |
|    fps                     | 1425       |
|    iterations              | 56         |
|    time_elapsed            | 643        |
|    total_timesteps         | 917504     |
| train/                     |            |
|    approx_kl               | 0.01827296 |
|    clip_fraction           | 0.196      |
|    clip_range              | 0.2        |
|    entropy_loss            | -1.25      |
|    explained_variance      | 0.77       |
|    learning_rate           | 0.0003     |
|    loss                    | 13.1       |
|    n_updates               | 550        |
|    policy_gradient_loss    | 0.00534    |
|    std                     | 0.47       |
|    value_loss              | 21.7       |
-------------------------------------------
-----------------------------------------
| paper/                  |             |
|    accel_variation      | 0.524       |
|    base_reward          | 463         |
|    collision            | 0           |
|    crash_object         | 0           |
|    crash_vehicle        | 0           |
|    episode_cost         | 0           |
|    episode_length       | 1100        |
|    jerk                 | 0.472       |
|    lane_deviation       | 0.163       |
|    max_lane_deviation   | 0.959       |
|    mean_speed_kmh       | 17.6        |
|    min_ttc              | 6.87        |
|    out_of_road          | 0           |
|    route_completion     | 0.991       |
|    shaped_reward        | 220         |
|    steering_variation   | 0.356       |
|    success              | 0           |
|    ttc_risk             | 0.00135     |
| rollout/                |             |
|    ep_len_mean          | 803         |
|    ep_rew_mean          | 108         |
|    success_rate         | 0.33        |
| time/                   |             |
|    fps                  | 1409        |
|    iterations           | 57          |
|    time_elapsed         | 662         |
|    total_timesteps      | 933888      |
| train/                  |             |
|    approx_kl            | 0.006230881 |
|    clip_fraction        | 0.165       |
|    clip_range           | 0.2         |
|    entropy_loss         | -1.24       |
|    explained_variance   | 0.711       |
|    learning_rate        | 0.0003      |
|    loss                 | 10.3        |
|    n_updates            | 560         |
|    policy_gradient_loss | 0.00249     |
|    std                  | 0.47        |
|    value_loss           | 46.8        |
-----------------------------------------
--------------------------------------------
| curriculum/                |             |
|    stage                   | 3           |
|    window_cost             | 0.1         |
|    window_route_completion | 0.717       |
|    window_success          | 0.0667      |
| paper/                     |             |
|    accel_variation         | 0.51        |
|    base_reward             | 334         |
|    collision               | 0           |
|    crash_object            | 0           |
|    crash_vehicle           | 0           |
|    episode_cost            | 0           |
|    episode_length          | 1100        |
|    jerk                    | 0.475       |
|    lane_deviation          | 0.367       |
|    max_lane_deviation      | 0.863       |
|    mean_speed_kmh          | 16.3        |
|    min_ttc                 | 9.75        |
|    out_of_road             | 0           |
|    route_completion        | 0.833       |
|    shaped_reward           | 69          |
|    steering_variation      | 0.353       |
|    success                 | 0           |
|    ttc_risk                | 0.00371     |
| rollout/                   |             |
|    ep_len_mean             | 845         |
|    ep_rew_mean             | 117         |
|    success_rate            | 0.34        |
| time/                      |             |
|    fps                     | 1388        |
|    iterations              | 58          |
|    time_elapsed            | 684         |
|    total_timesteps         | 950272      |
| train/                     |             |
|    approx_kl               | 0.028125526 |
|    clip_fraction           | 0.194       |
|    clip_range              | 0.2         |
|    entropy_loss            | -1.21       |
|    explained_variance      | 0.707       |
|    learning_rate           | 0.0003      |
|    loss                    | 22.3        |
|    n_updates               | 570         |
|    policy_gradient_loss    | 0.0041      |
|    std                     | 0.461       |
|    value_loss              | 40          |
--------------------------------------------
--------------------------------------------
| curriculum/                |             |
|    stage                   | 3           |
|    window_cost             | 0.1         |
|    window_route_completion | 0.707       |
|    window_success          | 0.0667      |
| paper/                     |             |
|    accel_variation         | 0.52        |
|    base_reward             | 376         |
|    collision               | 0           |
|    crash_object            | 0           |
|    crash_vehicle           | 0           |
|    episode_cost            | 0           |
|    episode_length          | 1100        |
|    jerk                    | 0.473       |
|    lane_deviation          | 0.271       |
|    max_lane_deviation      | 0.836       |
|    mean_speed_kmh          | 17.7        |
|    min_ttc                 | 11.4        |
|    out_of_road             | 0           |
|    route_completion        | 0.881       |
|    shaped_reward           | 145         |
|    steering_variation      | 0.336       |
|    success                 | 0           |
|    ttc_risk                | 0.000168    |
| rollout/                   |             |
|    ep_len_mean             | 896         |
|    ep_rew_mean             | 130         |
|    success_rate            | 0.35        |
| time/                      |             |
|    fps                     | 1369        |
|    iterations              | 59          |
|    time_elapsed            | 705         |
|    total_timesteps         | 966656      |
| train/                     |             |
|    approx_kl               | 0.018265363 |
|    clip_fraction           | 0.204       |
|    clip_range              | 0.2         |
|    entropy_loss            | -1.18       |
|    explained_variance      | 0.575       |
|    learning_rate           | 0.0003      |
|    loss                    | 11.6        |
|    n_updates               | 580         |
|    policy_gradient_loss    | 0.00198     |
|    std                     | 0.458       |
|    value_loss              | 43.7        |
--------------------------------------------
--------------------------------------------
| curriculum/                |             |
|    stage                   | 3           |
|    window_cost             | 0.133       |
|    window_route_completion | 0.71        |
|    window_success          | 0.0667      |
| paper/                     |             |
|    accel_variation         | 0.517       |
|    base_reward             | 385         |
|    collision               | 0           |
|    crash_object            | 0           |
|    crash_vehicle           | 0           |
|    episode_cost            | 0           |
|    episode_length          | 1100        |
|    jerk                    | 0.48        |
|    lane_deviation          | 0.293       |
|    max_lane_deviation      | 0.882       |
|    mean_speed_kmh          | 16.9        |
|    min_ttc                 | 4.28        |
|    out_of_road             | 0           |
|    route_completion        | 0.697       |
|    shaped_reward           | 106         |
|    steering_variation      | 0.335       |
|    success                 | 0           |
|    ttc_risk                | 0.00465     |
| rollout/                   |             |
|    ep_len_mean             | 943         |
|    ep_rew_mean             | 112         |
|    success_rate            | 0.28        |
| time/                      |             |
|    fps                     | 1348        |
|    iterations              | 60          |
|    time_elapsed            | 728         |
|    total_timesteps         | 983040      |
| train/                     |             |
|    approx_kl               | 0.017421449 |
|    clip_fraction           | 0.247       |
|    clip_range              | 0.2         |
|    entropy_loss            | -1.16       |
|    explained_variance      | 0.654       |
|    learning_rate           | 0.0003      |
|    loss                    | 19.9        |
|    n_updates               | 590         |
|    policy_gradient_loss    | 0.0106      |
|    std                     | 0.456       |
|    value_loss              | 31.9        |
--------------------------------------------
--------------------------------------------
| curriculum/                |             |
|    stage                   | 2           |
|    window_cost             | 0.167       |
|    window_route_completion | 0.648       |
|    window_success          | 0.0333      |
| paper/                     |             |
|    accel_variation         | 0.537       |
|    base_reward             | 287         |
|    collision               | 0           |
|    crash_object            | 0           |
|    crash_vehicle           | 0           |
|    episode_cost            | 0           |
|    episode_length          | 1000        |
|    jerk                    | 0.518       |
|    lane_deviation          | 0.246       |
|    max_lane_deviation      | 0.978       |
|    mean_speed_kmh          | 13.3        |
|    min_ttc                 | 2.56        |
|    out_of_road             | 0           |
|    route_completion        | 0.575       |
|    shaped_reward           | 8.47        |
|    steering_variation      | 0.356       |
|    success                 | 0           |
|    ttc_risk                | 0.0147      |
| rollout/                   |             |
|    ep_len_mean             | 995         |
|    ep_rew_mean             | 84.3        |
|    success_rate            | 0.11        |
| time/                      |             |
|    fps                     | 1331        |
|    iterations              | 61          |
|    time_elapsed            | 750         |
|    total_timesteps         | 999424      |
| train/                     |             |
|    approx_kl               | 0.013733096 |
|    clip_fraction           | 0.206       |
|    clip_range              | 0.2         |
|    entropy_loss            | -1.15       |
|    explained_variance      | 0.623       |
|    learning_rate           | 0.0003      |
|    loss                    | 16.5        |
|    n_updates               | 600         |
|    policy_gradient_loss    | 0.00367     |
|    std                     | 0.456       |
|    value_loss              | 32          |
--------------------------------------------
-----------------------------------------
| paper/                  |             |
|    accel_variation      | 0.524       |
|    base_reward          | 374         |
|    collision            | 0           |
|    crash_object         | 0           |
|    crash_vehicle        | 0           |
|    episode_cost         | 0           |
|    episode_length       | 907         |
|    jerk                 | 0.475       |
|    lane_deviation       | 0.232       |
|    max_lane_deviation   | 0.979       |
|    mean_speed_kmh       | 17.6        |
|    min_ttc              | 5.51        |
|    out_of_road          | 0           |
|    route_completion     | 0.989       |
|    shaped_reward        | 220         |
|    steering_variation   | 0.349       |
|    success              | 1           |
|    ttc_risk             | 0.00154     |
| rollout/                |             |
|    ep_len_mean          | 993         |
|    ep_rew_mean          | 83.8        |
|    success_rate         | 0.09        |
| time/                   |             |
|    fps                  | 1323        |
|    iterations           | 62          |
|    time_elapsed         | 767         |
|    total_timesteps      | 1015808     |
| train/                  |             |
|    approx_kl            | 0.015986653 |
|    clip_fraction        | 0.161       |
|    clip_range           | 0.2         |
|    entropy_loss         | -1.14       |
|    explained_variance   | 0.585       |
|    learning_rate        | 0.0003      |
|    loss                 | 12.3        |
|    n_updates            | 610         |
|    policy_gradient_loss | 0.000767    |
|    std                  | 0.451       |
|    value_loss           | 50.7        |
-----------------------------------------
/home/aaa/data/qj/stable-baselines3-master/stable_baselines3/common/on_policy_algorithm.py:150: UserWarning: You are trying to run PPO on the GPU, but it is primarily intended to run on the CPU when not using a CNN policy (you are using ActorCriticPolicy which should be a MlpPolicy). See https://github.com/DLR-RM/stable-baselines3/issues/1245 for more info. You can pass `device='cpu'` or `export CUDA_VISIBLE_DEVICES=` to force using the CPU.Note: The model will train, but the GPU utilization will be poor and the training might take longer than on CPU.
  warnings.warn(
                       seed   success  route_completion  collision  out_of_road      cost      reward  shaped_reward  episode_length      speed  lane_deviation  steering_variation  accel_variation  ttc_risk   min_ttc
variant  algo density                                                                                                                                                                                                   
proposed ppo  0.00     27.0  0.973333          0.990046   0.000000     0.000000  0.000000  560.330838     359.665313     1108.093333  18.305136        0.081871            0.014969         0.228309  0.000000       NaN
              0.08     27.0  0.866667          0.952872   0.086667     0.006667  0.093333  508.327417     273.209347     1041.440000  17.867045        0.089064            0.018909         0.240524  0.006068  6.900186
              0.15     27.0  0.573333          0.838564   0.240000     0.020000  0.260000  446.265262      48.857983     1120.673333  15.607919        0.147856            0.024317         0.327184  0.020517  3.628113
curve_source=tensorboard
saved_summary=outputs/defensive_ttc14_v18_nenv16_tuning/evaluations/summary.csv
saved_figures=outputs/defensive_ttc14_v18_nenv16_tuning/figures
saved_report=outputs/defensive_ttc14_v18_nenv16_tuning/运行记录.md
