variant,algo,seed,density,protocol_class,success,route_completion,collision,out_of_road,cost,reward,shaped_reward,episode_length,mean_speed_kmh,shield_intervention_rate,shield_soft_rate,shield_hard_rate,overspeed_guard_rate,episode_count,source_csv,run_dir,config_json,model_path
baseline,ppo,0,0.0,inconsistent_protocol,0.0,0.40241865702014584,0.0,1.0,1.0,130.43302999266712,130.43302999266712,163.02,49.38531202418663,,,,,50,/home/aaa/data/qj/stable-baselines3-master/risk_curriculum_metadrive/outputs/paper_comparison_seed0/evaluations/baseline_ppo_s0.csv,/home/aaa/data/qj/stable-baselines3-master/risk_curriculum_metadrive/outputs/paper_comparison_seed0/runs/baseline_ppo_s0,/home/aaa/data/qj/stable-baselines3-master/risk_curriculum_metadrive/outputs/paper_comparison_seed0/runs/baseline_ppo_s0/config.json,/home/aaa/data/qj/stable-baselines3-master/risk_curriculum_metadrive/outputs/paper_comparison_seed0/runs/baseline_ppo_s0/model/final_model.zip
baseline,ppo,0,0.0,screening,0.05,,0.05,0.9,0.95,213.20732576444772,213.20732576444772,,48.57771129813296,,,,,20,/home/aaa/data/qj/stable-baselines3-master/risk_curriculum_metadrive/outputs/evaluations/baseline_ppo_s0.csv,/home/aaa/data/qj/stable-baselines3-master/risk_curriculum_metadrive/outputs/runs/baseline_ppo_s0,/home/aaa/data/qj/stable-baselines3-master/risk_curriculum_metadrive/outputs/runs/baseline_ppo_s0/config.json,/home/aaa/data/qj/stable-baselines3-master/risk_curriculum_metadrive/outputs/runs/baseline_ppo_s0/model/final_model.zip
baseline,ppo,0,0.08,inconsistent_protocol,0.0,0.3155933171718192,0.46,0.54,1.0,96.71228690627359,96.71228690627359,128.3,47.25911834874987,,,,,50,/home/aaa/data/qj/stable-baselines3-master/risk_curriculum_metadrive/outputs/paper_comparison_seed0/evaluations/baseline_ppo_s0.csv,/home/aaa/data/qj/stable-baselines3-master/risk_curriculum_metadrive/outputs/paper_comparison_seed0/runs/baseline_ppo_s0,/home/aaa/data/qj/stable-baselines3-master/risk_curriculum_metadrive/outputs/paper_comparison_seed0/runs/baseline_ppo_s0/config.json,/home/aaa/data/qj/stable-baselines3-master/risk_curriculum_metadrive/outputs/paper_comparison_seed0/runs/baseline_ppo_s0/model/final_model.zip
baseline,ppo,0,0.1,screening,0.0,,0.65,0.35,1.0,118.91421226471277,118.91421226471277,,42.87396574791287,,,,,20,/home/aaa/data/qj/stable-baselines3-master/risk_curriculum_metadrive/outputs/evaluations/baseline_ppo_s0.csv,/home/aaa/data/qj/stable-baselines3-master/risk_curriculum_metadrive/outputs/runs/baseline_ppo_s0,/home/aaa/data/qj/stable-baselines3-master/risk_curriculum_metadrive/outputs/runs/baseline_ppo_s0/config.json,/home/aaa/data/qj/stable-baselines3-master/risk_curriculum_metadrive/outputs/runs/baseline_ppo_s0/model/final_model.zip
baseline,ppo,0,0.15,inconsistent_protocol,0.0,0.2056873257753436,0.64,0.36,1.0,57.680574055762264,57.680574055762264,93.66,40.09812356892851,,,,,50,/home/aaa/data/qj/stable-baselines3-master/risk_curriculum_metadrive/outputs/paper_comparison_seed0/evaluations/baseline_ppo_s0.csv,/home/aaa/data/qj/stable-baselines3-master/risk_curriculum_metadrive/outputs/paper_comparison_seed0/runs/baseline_ppo_s0,/home/aaa/data/qj/stable-baselines3-master/risk_curriculum_metadrive/outputs/paper_comparison_seed0/runs/baseline_ppo_s0/config.json,/home/aaa/data/qj/stable-baselines3-master/risk_curriculum_metadrive/outputs/paper_comparison_seed0/runs/baseline_ppo_s0/model/final_model.zip
baseline,ppo,0,0.25,screening,0.0,,0.7,0.3,1.0,88.93170358192815,88.93170358192815,,38.64500329705805,,,,,20,/home/aaa/data/qj/stable-baselines3-master/risk_curriculum_metadrive/outputs/evaluations/baseline_ppo_s0.csv,/home/aaa/data/qj/stable-baselines3-master/risk_curriculum_metadrive/outputs/runs/baseline_ppo_s0,/home/aaa/data/qj/stable-baselines3-master/risk_curriculum_metadrive/outputs/runs/baseline_ppo_s0/config.json,/home/aaa/data/qj/stable-baselines3-master/risk_curriculum_metadrive/outputs/runs/baseline_ppo_s0/model/final_model.zip
baseline,ppo,1,0.0,inconsistent_protocol,0.0,0.326937768228272,0.0,1.0,1.0,130.9684423809745,130.9684423809745,148.74,46.295867372588816,0.0,0.0,0.0,0.0,50,/home/aaa/data/qj/stable-baselines3-master/risk_curriculum_metadrive/outputs/iscsic_main_nenv10_1p5m_ent001/evaluations/baseline_ppo_s1.csv,outputs/iscsic_main_nenv10_1p5m_ent001/runs/baseline_ppo_s1,outputs/iscsic_main_nenv10_1p5m_ent001/runs/baseline_ppo_s1/config.json,outputs/iscsic_main_nenv10_1p5m_ent001/runs/baseline_ppo_s1/model/final_model.zip
baseline,ppo,1,0.08,inconsistent_protocol,0.0,0.22271720830480457,0.5,0.5,1.0,82.58746440002491,82.58746440002491,98.5,43.05130849331957,0.0,0.0,0.0,0.0,50,/home/aaa/data/qj/stable-baselines3-master/risk_curriculum_metadrive/outputs/iscsic_main_nenv10_1p5m_ent001/evaluations/baseline_ppo_s1.csv,outputs/iscsic_main_nenv10_1p5m_ent001/runs/baseline_ppo_s1,outputs/iscsic_main_nenv10_1p5m_ent001/runs/baseline_ppo_s1/config.json,outputs/iscsic_main_nenv10_1p5m_ent001/runs/baseline_ppo_s1/model/final_model.zip
baseline,ppo,1,0.15,inconsistent_protocol,0.0,0.21291955192435935,0.68,0.32,1.0,77.86587694205869,77.86587694205869,102.3,39.95441445873596,0.0,0.0,0.0,0.0,50,/home/aaa/data/qj/stable-baselines3-master/risk_curriculum_metadrive/outputs/iscsic_main_nenv10_1p5m_ent001/evaluations/baseline_ppo_s1.csv,outputs/iscsic_main_nenv10_1p5m_ent001/runs/baseline_ppo_s1,outputs/iscsic_main_nenv10_1p5m_ent001/runs/baseline_ppo_s1/config.json,outputs/iscsic_main_nenv10_1p5m_ent001/runs/baseline_ppo_s1/model/final_model.zip
baseline,ppo,2,0.0,inconsistent_protocol,0.0,0.34508119665669346,0.0,1.0,1.0,126.30982421931581,126.30982421931581,138.18,47.21369651278049,0.0,0.0,0.0,0.0,50,/home/aaa/data/qj/stable-baselines3-master/risk_curriculum_metadrive/outputs/iscsic_main_nenv10_1p5m_ent001/evaluations/baseline_ppo_s2.csv,outputs/iscsic_main_nenv10_1p5m_ent001/runs/baseline_ppo_s2,outputs/iscsic_main_nenv10_1p5m_ent001/runs/baseline_ppo_s2/config.json,outputs/iscsic_main_nenv10_1p5m_ent001/runs/baseline_ppo_s2/model/final_model.zip
baseline,ppo,2,0.08,inconsistent_protocol,0.14,0.4095927867474341,0.3,0.56,0.86,173.79716542913076,173.79716542913076,234.24,39.253953315194025,0.0,0.0,0.0,0.0,50,/home/aaa/data/qj/stable-baselines3-master/risk_curriculum_metadrive/outputs/iscsic_main_nenv10_1p5m_ent001/evaluations/baseline_ppo_s2.csv,outputs/iscsic_main_nenv10_1p5m_ent001/runs/baseline_ppo_s2,outputs/iscsic_main_nenv10_1p5m_ent001/runs/baseline_ppo_s2/config.json,outputs/iscsic_main_nenv10_1p5m_ent001/runs/baseline_ppo_s2/model/final_model.zip
baseline,ppo,2,0.15,inconsistent_protocol,0.04,0.3604804967743225,0.58,0.38,0.96,147.68751509689722,147.68751509689722,227.84,36.2270099862313,0.0,0.0,0.0,0.0,50,/home/aaa/data/qj/stable-baselines3-master/risk_curriculum_metadrive/outputs/iscsic_main_nenv10_1p5m_ent001/evaluations/baseline_ppo_s2.csv,outputs/iscsic_main_nenv10_1p5m_ent001/runs/baseline_ppo_s2,outputs/iscsic_main_nenv10_1p5m_ent001/runs/baseline_ppo_s2/config.json,outputs/iscsic_main_nenv10_1p5m_ent001/runs/baseline_ppo_s2/model/final_model.zip
curriculum,ppo,0,0.0,inconsistent_protocol,0.06,0.4453698443245647,0.0,0.94,0.94,182.56903111868098,182.56903111868098,174.2,50.271073032801716,,,,,50,/home/aaa/data/qj/stable-baselines3-master/risk_curriculum_metadrive/outputs/paper_comparison_seed0/evaluations/curriculum_ppo_s0.csv,/home/aaa/data/qj/stable-baselines3-master/risk_curriculum_metadrive/outputs/paper_comparison_seed0/runs/curriculum_ppo_s0,/home/aaa/data/qj/stable-baselines3-master/risk_curriculum_metadrive/outputs/paper_comparison_seed0/runs/curriculum_ppo_s0/config.json,/home/aaa/data/qj/stable-baselines3-master/risk_curriculum_metadrive/outputs/paper_comparison_seed0/runs/curriculum_ppo_s0/model/final_model.zip
curriculum,ppo,0,0.0,screening,0.0,,0.1,0.9,1.0,196.62007964954515,196.62007964954515,,48.52365330176939,,,,,20,/home/aaa/data/qj/stable-baselines3-master/risk_curriculum_metadrive/outputs/evaluations/curriculum_ppo_s0.csv,/home/aaa/data/qj/stable-baselines3-master/risk_curriculum_metadrive/outputs/runs/curriculum_ppo_s0,/home/aaa/data/qj/stable-baselines3-master/risk_curriculum_metadrive/outputs/runs/curriculum_ppo_s0/config.json,/home/aaa/data/qj/stable-baselines3-master/risk_curriculum_metadrive/outputs/runs/curriculum_ppo_s0/model/final_model.zip
curriculum,ppo,0,0.08,inconsistent_protocol,0.02,0.2996269860636584,0.4,0.58,0.98,98.7474034916044,98.7474034916044,123.74,45.11812723018494,,,,,50,/home/aaa/data/qj/stable-baselines3-master/risk_curriculum_metadrive/outputs/paper_comparison_seed0/evaluations/curriculum_ppo_s0.csv,/home/aaa/data/qj/stable-baselines3-master/risk_curriculum_metadrive/outputs/paper_comparison_seed0/runs/curriculum_ppo_s0,/home/aaa/data/qj/stable-baselines3-master/risk_curriculum_metadrive/outputs/paper_comparison_seed0/runs/curriculum_ppo_s0/config.json,/home/aaa/data/qj/stable-baselines3-master/risk_curriculum_metadrive/outputs/paper_comparison_seed0/runs/curriculum_ppo_s0/model/final_model.zip
curriculum,ppo,0,0.1,screening,0.0,,0.3,0.7,1.0,156.37744657851457,156.37744657851457,,47.28905125854918,,,,,20,/home/aaa/data/qj/stable-baselines3-master/risk_curriculum_metadrive/outputs/evaluations/curriculum_ppo_s0.csv,/home/aaa/data/qj/stable-baselines3-master/risk_curriculum_metadrive/outputs/runs/curriculum_ppo_s0,/home/aaa/data/qj/stable-baselines3-master/risk_curriculum_metadrive/outputs/runs/curriculum_ppo_s0/config.json,/home/aaa/data/qj/stable-baselines3-master/risk_curriculum_metadrive/outputs/runs/curriculum_ppo_s0/model/final_model.zip
curriculum,ppo,0,0.15,inconsistent_protocol,0.0,0.2016355007325246,0.76,0.24,1.0,62.98527231772163,62.98527231772163,93.22,39.47354832767482,,,,,50,/home/aaa/data/qj/stable-baselines3-master/risk_curriculum_metadrive/outputs/paper_comparison_seed0/evaluations/curriculum_ppo_s0.csv,/home/aaa/data/qj/stable-baselines3-master/risk_curriculum_metadrive/outputs/paper_comparison_seed0/runs/curriculum_ppo_s0,/home/aaa/data/qj/stable-baselines3-master/risk_curriculum_metadrive/outputs/paper_comparison_seed0/runs/curriculum_ppo_s0/config.json,/home/aaa/data/qj/stable-baselines3-master/risk_curriculum_metadrive/outputs/paper_comparison_seed0/runs/curriculum_ppo_s0/model/final_model.zip
curriculum,ppo,0,0.25,screening,0.0,,0.55,0.45,1.0,117.27168531380899,117.27168531380899,,43.724280841200375,,,,,20,/home/aaa/data/qj/stable-baselines3-master/risk_curriculum_metadrive/outputs/evaluations/curriculum_ppo_s0.csv,/home/aaa/data/qj/stable-baselines3-master/risk_curriculum_metadrive/outputs/runs/curriculum_ppo_s0,/home/aaa/data/qj/stable-baselines3-master/risk_curriculum_metadrive/outputs/runs/curriculum_ppo_s0/config.json,/home/aaa/data/qj/stable-baselines3-master/risk_curriculum_metadrive/outputs/runs/curriculum_ppo_s0/model/final_model.zip
curriculum,ppo,1,0.0,inconsistent_protocol,0.02,0.3231065838386274,0.0,0.98,0.98,126.82181370521158,126.82181370521158,137.14,46.45905351035613,0.0,0.0,0.0,0.0,50,/home/aaa/data/qj/stable-baselines3-master/risk_curriculum_metadrive/outputs/iscsic_main_nenv10_1p5m_ent001/evaluations/curriculum_ppo_s1.csv,outputs/iscsic_main_nenv10_1p5m_ent001/runs/curriculum_ppo_s1,outputs/iscsic_main_nenv10_1p5m_ent001/runs/curriculum_ppo_s1/config.json,outputs/iscsic_main_nenv10_1p5m_ent001/runs/curriculum_ppo_s1/model/final_model.zip
curriculum,ppo,1,0.08,inconsistent_protocol,0.0,0.24708573232036846,0.4,0.6,1.0,88.87378943670818,88.87378943670818,113.46,43.571092472441805,0.0,0.0,0.0,0.0,50,/home/aaa/data/qj/stable-baselines3-master/risk_curriculum_metadrive/outputs/iscsic_main_nenv10_1p5m_ent001/evaluations/curriculum_ppo_s1.csv,outputs/iscsic_main_nenv10_1p5m_ent001/runs/curriculum_ppo_s1,outputs/iscsic_main_nenv10_1p5m_ent001/runs/curriculum_ppo_s1/config.json,outputs/iscsic_main_nenv10_1p5m_ent001/runs/curriculum_ppo_s1/model/final_model.zip
curriculum,ppo,1,0.15,inconsistent_protocol,0.0,0.2254901474099011,0.52,0.48,1.0,83.65652170792912,83.65652170792912,132.98,37.9812161193002,0.0,0.0,0.0,0.0,50,/home/aaa/data/qj/stable-baselines3-master/risk_curriculum_metadrive/outputs/iscsic_main_nenv10_1p5m_ent001/evaluations/curriculum_ppo_s1.csv,outputs/iscsic_main_nenv10_1p5m_ent001/runs/curriculum_ppo_s1,outputs/iscsic_main_nenv10_1p5m_ent001/runs/curriculum_ppo_s1/config.json,outputs/iscsic_main_nenv10_1p5m_ent001/runs/curriculum_ppo_s1/model/final_model.zip
curriculum,ppo,2,0.0,inconsistent_protocol,0.02,0.3987165011735253,0.0,0.98,0.98,138.01441659239373,138.01441659239373,164.8,47.8676895762778,0.0,0.0,0.0,0.0,50,/home/aaa/data/qj/stable-baselines3-master/risk_curriculum_metadrive/outputs/iscsic_main_nenv10_1p5m_ent001/evaluations/curriculum_ppo_s2.csv,outputs/iscsic_main_nenv10_1p5m_ent001/runs/curriculum_ppo_s2,outputs/iscsic_main_nenv10_1p5m_ent001/runs/curriculum_ppo_s2/config.json,outputs/iscsic_main_nenv10_1p5m_ent001/runs/curriculum_ppo_s2/model/final_model.zip
curriculum,ppo,2,0.08,inconsistent_protocol,0.0,0.25182687010893545,0.48,0.52,1.0,83.89966167268955,83.89966167268955,125.48,40.73227689081902,0.0,0.0,0.0,0.0,50,/home/aaa/data/qj/stable-baselines3-master/risk_curriculum_metadrive/outputs/iscsic_main_nenv10_1p5m_ent001/evaluations/curriculum_ppo_s2.csv,outputs/iscsic_main_nenv10_1p5m_ent001/runs/curriculum_ppo_s2,outputs/iscsic_main_nenv10_1p5m_ent001/runs/curriculum_ppo_s2/config.json,outputs/iscsic_main_nenv10_1p5m_ent001/runs/curriculum_ppo_s2/model/final_model.zip
curriculum,ppo,2,0.15,inconsistent_protocol,0.02,0.2497775211520186,0.62,0.36,0.98,80.78024266035985,80.78024266035985,126.02,39.43156191855786,0.0,0.0,0.0,0.0,50,/home/aaa/data/qj/stable-baselines3-master/risk_curriculum_metadrive/outputs/iscsic_main_nenv10_1p5m_ent001/evaluations/curriculum_ppo_s2.csv,outputs/iscsic_main_nenv10_1p5m_ent001/runs/curriculum_ppo_s2,outputs/iscsic_main_nenv10_1p5m_ent001/runs/curriculum_ppo_s2/config.json,outputs/iscsic_main_nenv10_1p5m_ent001/runs/curriculum_ppo_s2/model/final_model.zip
defensive_proposed,ppo,0,0.08,screening,0.75,0.9615125028163239,0.0,0.0,0.0,482.805911707385,259.2032128005543,1247.4,15.95783336995718,,,,,20,/home/aaa/data/qj/stable-baselines3-master/risk_curriculum_metadrive/outputs/defensive_shield_screen/evaluations/ckpt702_defensive_ttc10_v16.csv,/home/aaa/data/qj/stable-baselines3-master/risk_curriculum_metadrive/outputs/runs/proposed_ppo_s0,/home/aaa/data/qj/stable-baselines3-master/risk_curriculum_metadrive/outputs/runs/proposed_ppo_s0/config.json,/home/aaa/data/qj/stable-baselines3-master/risk_curriculum_metadrive/outputs/runs/proposed_ppo_s0/model/final_model.zip
defensive_proposed,ppo,0,0.15,screening,0.5,0.8183249533080961,0.15,0.1,0.25,402.0494992185219,128.19544254970492,1186.55,14.155784878209733,,,,,20,/home/aaa/data/qj/stable-baselines3-master/risk_curriculum_metadrive/outputs/defensive_shield_screen/evaluations/ckpt702_defensive_ttc10_v16.csv,/home/aaa/data/qj/stable-baselines3-master/risk_curriculum_metadrive/outputs/runs/proposed_ppo_s0,/home/aaa/data/qj/stable-baselines3-master/risk_curriculum_metadrive/outputs/runs/proposed_ppo_s0/config.json,/home/aaa/data/qj/stable-baselines3-master/risk_curriculum_metadrive/outputs/runs/proposed_ppo_s0/model/final_model.zip
defensive_proposed,ppo,1,0.08,preliminary,0.77,0.924143356938936,0.1,0.0,0.1,515.6729061660724,284.86263793055053,1077.92,17.971418126233168,,,,,100,/home/aaa/data/qj/stable-baselines3-master/risk_curriculum_metadrive/outputs/defensive_shield_screen/evaluations/s1_defensive_ttc10_v16.csv|/home/aaa/data/qj/stable-baselines3-master/risk_curriculum_metadrive/outputs/defensive_shield_screen/evaluations/s1_defensive_ttc10_v18.csv|/home/aaa/data/qj/stable-baselines3-master/risk_curriculum_metadrive/outputs/defensive_shield_screen/evaluations/s1_defensive_ttc12_v18.csv|/home/aaa/data/qj/stable-baselines3-master/risk_curriculum_metadrive/outputs/defensive_shield_screen/evaluations/s1_defensive_ttc8_v18.csv|/home/aaa/data/qj/stable-baselines3-master/risk_curriculum_metadrive/outputs/defensive_shield_screen/evaluations/s1_defensive_ttc8_v20.csv,,,
defensive_proposed,ppo,1,0.15,preliminary,0.59,0.8302083890432408,0.2,0.03,0.23,404.4348104388015,103.01912484753986,1121.72,15.403574533218764,,,,,100,/home/aaa/data/qj/stable-baselines3-master/risk_curriculum_metadrive/outputs/defensive_shield_screen/evaluations/s1_defensive_ttc10_v16.csv|/home/aaa/data/qj/stable-baselines3-master/risk_curriculum_metadrive/outputs/defensive_shield_screen/evaluations/s1_defensive_ttc10_v18.csv|/home/aaa/data/qj/stable-baselines3-master/risk_curriculum_metadrive/outputs/defensive_shield_screen/evaluations/s1_defensive_ttc12_v18.csv|/home/aaa/data/qj/stable-baselines3-master/risk_curriculum_metadrive/outputs/defensive_shield_screen/evaluations/s1_defensive_ttc8_v18.csv|/home/aaa/data/qj/stable-baselines3-master/risk_curriculum_metadrive/outputs/defensive_shield_screen/evaluations/s1_defensive_ttc8_v20.csv,,,
defensive_proposed,ppo,20,0.0,inconsistent_protocol,0.92,0.987879518168942,0.0,0.0,0.0,421.45908551287846,230.74004593274708,1096.78,18.31225646010478,,,,,50,/home/aaa/data/qj/stable-baselines3-master/risk_curriculum_metadrive/outputs/defensive_proposed_s20s21_nenv32/evaluations/defensive_proposed_ppo_s20.csv,/home/aaa/data/qj/stable-baselines3-master/risk_curriculum_metadrive/outputs/defensive_proposed_s20s21_nenv32/runs/defensive_proposed_ppo_s20,/home/aaa/data/qj/stable-baselines3-master/risk_curriculum_metadrive/outputs/defensive_proposed_s20s21_nenv32/runs/defensive_proposed_ppo_s20/config.json,/home/aaa/data/qj/stable-baselines3-master/risk_curriculum_metadrive/outputs/defensive_proposed_s20s21_nenv32/runs/defensive_proposed_ppo_s20/model/final_model.zip
defensive_proposed,ppo,20,0.08,inconsistent_protocol,0.8,0.9112020718601803,0.14,0.0,0.14,384.7710495602749,151.9862883845835,1018.7,18.00831112173656,,,,,50,/home/aaa/data/qj/stable-baselines3-master/risk_curriculum_metadrive/outputs/defensive_proposed_s20s21_nenv32/evaluations/defensive_proposed_ppo_s20.csv,/home/aaa/data/qj/stable-baselines3-master/risk_curriculum_metadrive/outputs/defensive_proposed_s20s21_nenv32/runs/defensive_proposed_ppo_s20,/home/aaa/data/qj/stable-baselines3-master/risk_curriculum_metadrive/outputs/defensive_proposed_s20s21_nenv32/runs/defensive_proposed_ppo_s20/config.json,/home/aaa/data/qj/stable-baselines3-master/risk_curriculum_metadrive/outputs/defensive_proposed_s20s21_nenv32/runs/defensive_proposed_ppo_s20/model/final_model.zip
defensive_proposed,ppo,20,0.15,inconsistent_protocol,0.52,0.7832800182634291,0.36,0.02,0.38,291.8695059737892,-183.7317043899466,1006.44,15.86464908762413,,,,,50,/home/aaa/data/qj/stable-baselines3-master/risk_curriculum_metadrive/outputs/defensive_proposed_s20s21_nenv32/evaluations/defensive_proposed_ppo_s20.csv,/home/aaa/data/qj/stable-baselines3-master/risk_curriculum_metadrive/outputs/defensive_proposed_s20s21_nenv32/runs/defensive_proposed_ppo_s20,/home/aaa/data/qj/stable-baselines3-master/risk_curriculum_metadrive/outputs/defensive_proposed_s20s21_nenv32/runs/defensive_proposed_ppo_s20/config.json,/home/aaa/data/qj/stable-baselines3-master/risk_curriculum_metadrive/outputs/defensive_proposed_s20s21_nenv32/runs/defensive_proposed_ppo_s20/model/final_model.zip
defensive_proposed,ppo,21,0.0,inconsistent_protocol,0.92,0.9880258286699671,0.0,0.0,0.0,541.3799041411298,345.7002482992276,1096.0,18.310798400602124,,,,,50,/home/aaa/data/qj/stable-baselines3-master/risk_curriculum_metadrive/outputs/defensive_proposed_s20s21_nenv32/evaluations/defensive_proposed_ppo_s21.csv,/home/aaa/data/qj/stable-baselines3-master/risk_curriculum_metadrive/outputs/defensive_proposed_s20s21_nenv32/runs/defensive_proposed_ppo_s21,/home/aaa/data/qj/stable-baselines3-master/risk_curriculum_metadrive/outputs/defensive_proposed_s20s21_nenv32/runs/defensive_proposed_ppo_s21/config.json,/home/aaa/data/qj/stable-baselines3-master/risk_curriculum_metadrive/outputs/defensive_proposed_s20s21_nenv32/runs/defensive_proposed_ppo_s21/model/final_model.zip
defensive_proposed,ppo,21,0.08,inconsistent_protocol,0.86,0.9676313459313038,0.06,0.0,0.06,508.1264612476735,296.31151496998297,1084.88,18.135946627560074,,,,,50,/home/aaa/data/qj/stable-baselines3-master/risk_curriculum_metadrive/outputs/defensive_proposed_s20s21_nenv32/evaluations/defensive_proposed_ppo_s21.csv,/home/aaa/data/qj/stable-baselines3-master/risk_curriculum_metadrive/outputs/defensive_proposed_s20s21_nenv32/runs/defensive_proposed_ppo_s21,/home/aaa/data/qj/stable-baselines3-master/risk_curriculum_metadrive/outputs/defensive_proposed_s20s21_nenv32/runs/defensive_proposed_ppo_s21/config.json,/home/aaa/data/qj/stable-baselines3-master/risk_curriculum_metadrive/outputs/defensive_proposed_s20s21_nenv32/runs/defensive_proposed_ppo_s21/model/final_model.zip
defensive_proposed,ppo,21,0.15,inconsistent_protocol,0.64,0.8472518623090568,0.32,0.0,0.32,386.0958228853075,95.13510318608348,1024.36,16.501771134564837,,,,,50,/home/aaa/data/qj/stable-baselines3-master/risk_curriculum_metadrive/outputs/defensive_proposed_s20s21_nenv32/evaluations/defensive_proposed_ppo_s21.csv,/home/aaa/data/qj/stable-baselines3-master/risk_curriculum_metadrive/outputs/defensive_proposed_s20s21_nenv32/runs/defensive_proposed_ppo_s21,/home/aaa/data/qj/stable-baselines3-master/risk_curriculum_metadrive/outputs/defensive_proposed_s20s21_nenv32/runs/defensive_proposed_ppo_s21/config.json,/home/aaa/data/qj/stable-baselines3-master/risk_curriculum_metadrive/outputs/defensive_proposed_s20s21_nenv32/runs/defensive_proposed_ppo_s21/model/final_model.zip
defensive_proposed,ppo,22,0.0,inconsistent_protocol,0.92,0.9877881349963902,0.0,0.0,0.0,505.46531707056596,315.2360853001365,1097.68,18.286607695697995,,,,,50,/home/aaa/data/qj/stable-baselines3-master/risk_curriculum_metadrive/outputs/defensive_proposed_ttc10v18_s22s23_nenv32/evaluations/defensive_proposed_ppo_s22.csv,/home/aaa/data/qj/stable-baselines3-master/risk_curriculum_metadrive/outputs/defensive_proposed_ttc10v18_s22s23_nenv32/runs/defensive_proposed_ppo_s22,/home/aaa/data/qj/stable-baselines3-master/risk_curriculum_metadrive/outputs/defensive_proposed_ttc10v18_s22s23_nenv32/runs/defensive_proposed_ppo_s22/config.json,/home/aaa/data/qj/stable-baselines3-master/risk_curriculum_metadrive/outputs/defensive_proposed_ttc10v18_s22s23_nenv32/runs/defensive_proposed_ppo_s22/model/final_model.zip
defensive_proposed,ppo,22,0.08,inconsistent_protocol,0.86,0.9541990341251061,0.04,0.0,0.04,467.0438730220379,191.55619097752012,1099.24,17.734288925876992,,,,,50,/home/aaa/data/qj/stable-baselines3-master/risk_curriculum_metadrive/outputs/defensive_proposed_ttc10v18_s22s23_nenv32/evaluations/defensive_proposed_ppo_s22.csv,/home/aaa/data/qj/stable-baselines3-master/risk_curriculum_metadrive/outputs/defensive_proposed_ttc10v18_s22s23_nenv32/runs/defensive_proposed_ppo_s22,/home/aaa/data/qj/stable-baselines3-master/risk_curriculum_metadrive/outputs/defensive_proposed_ttc10v18_s22s23_nenv32/runs/defensive_proposed_ppo_s22/config.json,/home/aaa/data/qj/stable-baselines3-master/risk_curriculum_metadrive/outputs/defensive_proposed_ttc10v18_s22s23_nenv32/runs/defensive_proposed_ppo_s22/model/final_model.zip
defensive_proposed,ppo,22,0.15,inconsistent_protocol,0.5,0.8018266070895719,0.28,0.08,0.36,308.6477909648395,-169.7746740883068,1021.26,15.79800587620298,,,,,50,/home/aaa/data/qj/stable-baselines3-master/risk_curriculum_metadrive/outputs/defensive_proposed_ttc10v18_s22s23_nenv32/evaluations/defensive_proposed_ppo_s22.csv,/home/aaa/data/qj/stable-baselines3-master/risk_curriculum_metadrive/outputs/defensive_proposed_ttc10v18_s22s23_nenv32/runs/defensive_proposed_ppo_s22,/home/aaa/data/qj/stable-baselines3-master/risk_curriculum_metadrive/outputs/defensive_proposed_ttc10v18_s22s23_nenv32/runs/defensive_proposed_ppo_s22/config.json,/home/aaa/data/qj/stable-baselines3-master/risk_curriculum_metadrive/outputs/defensive_proposed_ttc10v18_s22s23_nenv32/runs/defensive_proposed_ppo_s22/model/final_model.zip
defensive_proposed,ppo,23,0.0,inconsistent_protocol,0.92,0.9878489618262453,0.0,0.0,0.0,498.59240726415584,311.560239634172,1096.88,18.310163602553818,,,,,50,/home/aaa/data/qj/stable-baselines3-master/risk_curriculum_metadrive/outputs/defensive_proposed_ttc10v18_s22s23_nenv32/evaluations/defensive_proposed_ppo_s23.csv,/home/aaa/data/qj/stable-baselines3-master/risk_curriculum_metadrive/outputs/defensive_proposed_ttc10v18_s22s23_nenv32/runs/defensive_proposed_ppo_s23,/home/aaa/data/qj/stable-baselines3-master/risk_curriculum_metadrive/outputs/defensive_proposed_ttc10v18_s22s23_nenv32/runs/defensive_proposed_ppo_s23/config.json,/home/aaa/data/qj/stable-baselines3-master/risk_curriculum_metadrive/outputs/defensive_proposed_ttc10v18_s22s23_nenv32/runs/defensive_proposed_ppo_s23/model/final_model.zip
defensive_proposed,ppo,23,0.08,inconsistent_protocol,0.82,0.9389474430394458,0.08,0.02,0.1,479.82508362105057,265.9625318445182,1058.04,18.028339239374993,,,,,50,/home/aaa/data/qj/stable-baselines3-master/risk_curriculum_metadrive/outputs/defensive_proposed_ttc10v18_s22s23_nenv32/evaluations/defensive_proposed_ppo_s23.csv,/home/aaa/data/qj/stable-baselines3-master/risk_curriculum_metadrive/outputs/defensive_proposed_ttc10v18_s22s23_nenv32/runs/defensive_proposed_ppo_s23,/home/aaa/data/qj/stable-baselines3-master/risk_curriculum_metadrive/outputs/defensive_proposed_ttc10v18_s22s23_nenv32/runs/defensive_proposed_ppo_s23/config.json,/home/aaa/data/qj/stable-baselines3-master/risk_curriculum_metadrive/outputs/defensive_proposed_ttc10v18_s22s23_nenv32/runs/defensive_proposed_ppo_s23/model/final_model.zip
defensive_proposed,ppo,23,0.15,inconsistent_protocol,0.58,0.8380226771002093,0.28,0.06,0.34,410.4479366462729,91.35608369182256,1039.02,16.238301548795437,,,,,50,/home/aaa/data/qj/stable-baselines3-master/risk_curriculum_metadrive/outputs/defensive_proposed_ttc10v18_s22s23_nenv32/evaluations/defensive_proposed_ppo_s23.csv,/home/aaa/data/qj/stable-baselines3-master/risk_curriculum_metadrive/outputs/defensive_proposed_ttc10v18_s22s23_nenv32/runs/defensive_proposed_ppo_s23,/home/aaa/data/qj/stable-baselines3-master/risk_curriculum_metadrive/outputs/defensive_proposed_ttc10v18_s22s23_nenv32/runs/defensive_proposed_ppo_s23/config.json,/home/aaa/data/qj/stable-baselines3-master/risk_curriculum_metadrive/outputs/defensive_proposed_ttc10v18_s22s23_nenv32/runs/defensive_proposed_ppo_s23/model/final_model.zip
defensive_proposed,ppo,25,0.0,inconsistent_protocol,0.92,0.9878160846659959,0.0,0.0,0.0,560.7589014008436,359.0436551292541,1097.02,18.30210008622297,,,,,50,/home/aaa/data/qj/stable-baselines3-master/risk_curriculum_metadrive/outputs/defensive_proposed_ttc12v18_s24s25_nenv32/evaluations/defensive_proposed_ppo_s25.csv,/home/aaa/data/qj/stable-baselines3-master/risk_curriculum_metadrive/outputs/defensive_proposed_ttc12v18_s24s25_nenv32/runs/defensive_proposed_ppo_s25,/home/aaa/data/qj/stable-baselines3-master/risk_curriculum_metadrive/outputs/defensive_proposed_ttc12v18_s24s25_nenv32/runs/defensive_proposed_ppo_s25/config.json,/home/aaa/data/qj/stable-baselines3-master/risk_curriculum_metadrive/outputs/defensive_proposed_ttc12v18_s24s25_nenv32/runs/defensive_proposed_ppo_s25/model/final_model.zip
defensive_proposed,ppo,25,0.08,inconsistent_protocol,0.84,0.9371808608761376,0.08,0.0,0.08,527.040848390215,297.42411728811084,1053.34,18.038424609372257,,,,,50,/home/aaa/data/qj/stable-baselines3-master/risk_curriculum_metadrive/outputs/defensive_proposed_ttc12v18_s24s25_nenv32/evaluations/defensive_proposed_ppo_s25.csv,/home/aaa/data/qj/stable-baselines3-master/risk_curriculum_metadrive/outputs/defensive_proposed_ttc12v18_s24s25_nenv32/runs/defensive_proposed_ppo_s25,/home/aaa/data/qj/stable-baselines3-master/risk_curriculum_metadrive/outputs/defensive_proposed_ttc12v18_s24s25_nenv32/runs/defensive_proposed_ppo_s25/config.json,/home/aaa/data/qj/stable-baselines3-master/risk_curriculum_metadrive/outputs/defensive_proposed_ttc12v18_s24s25_nenv32/runs/defensive_proposed_ppo_s25/model/final_model.zip
defensive_proposed,ppo,25,0.15,inconsistent_protocol,0.66,0.8615175597526459,0.18,0.02,0.2,458.6108135172306,132.32099996214694,1099.12,15.883358783432273,,,,,50,/home/aaa/data/qj/stable-baselines3-master/risk_curriculum_metadrive/outputs/defensive_proposed_ttc12v18_s24s25_nenv32/evaluations/defensive_proposed_ppo_s25.csv,/home/aaa/data/qj/stable-baselines3-master/risk_curriculum_metadrive/outputs/defensive_proposed_ttc12v18_s24s25_nenv32/runs/defensive_proposed_ppo_s25,/home/aaa/data/qj/stable-baselines3-master/risk_curriculum_metadrive/outputs/defensive_proposed_ttc12v18_s24s25_nenv32/runs/defensive_proposed_ppo_s25/config.json,/home/aaa/data/qj/stable-baselines3-master/risk_curriculum_metadrive/outputs/defensive_proposed_ttc12v18_s24s25_nenv32/runs/defensive_proposed_ppo_s25/model/final_model.zip
defensive_proposed,ppo,26,0.0,final_benchmark,0.96,0.989960958473552,0.0,0.0,0.0,509.1733465578138,315.34358205741364,1117.44,18.30263766444058,0.8678544882034334,0.0,0.0,0.8678544882034334,50,/home/aaa/data/qj/stable-baselines3-master/risk_curriculum_metadrive/outputs/defensive_ttc12_v18_nenv8_final/evaluations/defensive_proposed_ppo_s26.csv,/home/aaa/data/qj/stable-baselines3-master/risk_curriculum_metadrive/outputs/defensive_ttc12_v18_nenv8_final/runs/defensive_proposed_ppo_s26,/home/aaa/data/qj/stable-baselines3-master/risk_curriculum_metadrive/outputs/defensive_ttc12_v18_nenv8_final/runs/defensive_proposed_ppo_s26/config.json,/home/aaa/data/qj/stable-baselines3-master/risk_curriculum_metadrive/outputs/defensive_ttc12_v18_nenv8_final/runs/defensive_proposed_ppo_s26/model/final_model.zip
defensive_proposed,ppo,26,0.0,inconsistent_protocol,0.98,0.9895231175545425,0.0,0.0,0.0,547.8950125082864,351.8503382767128,1103.56,18.281011656725763,0.8652639193915296,0.0,0.0,0.8652639193915296,50,/home/aaa/data/qj/stable-baselines3-master/risk_curriculum_metadrive/outputs/defensive_ttc12_v18_nenv10_final/evaluations/defensive_proposed_ppo_s26.csv,/home/aaa/data/qj/stable-baselines3-master/risk_curriculum_metadrive/outputs/defensive_ttc12_v18_nenv10_final/runs/defensive_proposed_ppo_s26,/home/aaa/data/qj/stable-baselines3-master/risk_curriculum_metadrive/outputs/defensive_ttc12_v18_nenv10_final/runs/defensive_proposed_ppo_s26/config.json,/home/aaa/data/qj/stable-baselines3-master/risk_curriculum_metadrive/outputs/defensive_ttc12_v18_nenv10_final/runs/defensive_proposed_ppo_s26/model/final_model.zip
defensive_proposed,ppo,26,0.08,final_benchmark,0.78,0.907353232411468,0.2,0.0,0.2,454.1739175699245,206.44190371428573,1062.76,17.919617685287445,0.8363880603783939,0.006767844022607886,0.00495908718397177,0.8246611291718142,50,/home/aaa/data/qj/stable-baselines3-master/risk_curriculum_metadrive/outputs/defensive_ttc12_v18_nenv8_final/evaluations/defensive_proposed_ppo_s26.csv,/home/aaa/data/qj/stable-baselines3-master/risk_curriculum_metadrive/outputs/defensive_ttc12_v18_nenv8_final/runs/defensive_proposed_ppo_s26,/home/aaa/data/qj/stable-baselines3-master/risk_curriculum_metadrive/outputs/defensive_ttc12_v18_nenv8_final/runs/defensive_proposed_ppo_s26/config.json,/home/aaa/data/qj/stable-baselines3-master/risk_curriculum_metadrive/outputs/defensive_ttc12_v18_nenv8_final/runs/defensive_proposed_ppo_s26/model/final_model.zip
defensive_proposed,ppo,26,0.08,inconsistent_protocol,0.88,0.9540963632873471,0.1,0.0,0.1,522.1697037655736,291.150537714839,1076.9,17.965680588380078,0.8343707108843164,0.00392987820574414,0.004306538300131146,0.826134294378441,50,/home/aaa/data/qj/stable-baselines3-master/risk_curriculum_metadrive/outputs/defensive_ttc12_v18_nenv10_final/evaluations/defensive_proposed_ppo_s26.csv,/home/aaa/data/qj/stable-baselines3-master/risk_curriculum_metadrive/outputs/defensive_ttc12_v18_nenv10_final/runs/defensive_proposed_ppo_s26,/home/aaa/data/qj/stable-baselines3-master/risk_curriculum_metadrive/outputs/defensive_ttc12_v18_nenv10_final/runs/defensive_proposed_ppo_s26/config.json,/home/aaa/data/qj/stable-baselines3-master/risk_curriculum_metadrive/outputs/defensive_ttc12_v18_nenv10_final/runs/defensive_proposed_ppo_s26/model/final_model.zip
defensive_proposed,ppo,26,0.15,final_benchmark,0.6,0.851767733736784,0.22,0.02,0.24,392.12688837355427,-25.291757732296077,1142.28,15.64876077254877,0.699703193323531,0.04873397004468824,0.02353105776272476,0.627438165516118,50,/home/aaa/data/qj/stable-baselines3-master/risk_curriculum_metadrive/outputs/defensive_ttc12_v18_nenv8_final/evaluations/defensive_proposed_ppo_s26.csv,/home/aaa/data/qj/stable-baselines3-master/risk_curriculum_metadrive/outputs/defensive_ttc12_v18_nenv8_final/runs/defensive_proposed_ppo_s26,/home/aaa/data/qj/stable-baselines3-master/risk_curriculum_metadrive/outputs/defensive_ttc12_v18_nenv8_final/runs/defensive_proposed_ppo_s26/config.json,/home/aaa/data/qj/stable-baselines3-master/risk_curriculum_metadrive/outputs/defensive_ttc12_v18_nenv8_final/runs/defensive_proposed_ppo_s26/model/final_model.zip
defensive_proposed,ppo,26,0.15,inconsistent_protocol,0.6,0.8481065877572037,0.28,0.0,0.28,456.09366102932256,101.94875563361373,1103.36,16.26020235094492,0.7067836614624886,0.02475870334695007,0.018618142159122327,0.6634068159564162,50,/home/aaa/data/qj/stable-baselines3-master/risk_curriculum_metadrive/outputs/defensive_ttc12_v18_nenv10_final/evaluations/defensive_proposed_ppo_s26.csv,/home/aaa/data/qj/stable-baselines3-master/risk_curriculum_metadrive/outputs/defensive_ttc12_v18_nenv10_final/runs/defensive_proposed_ppo_s26,/home/aaa/data/qj/stable-baselines3-master/risk_curriculum_metadrive/outputs/defensive_ttc12_v18_nenv10_final/runs/defensive_proposed_ppo_s26/config.json,/home/aaa/data/qj/stable-baselines3-master/risk_curriculum_metadrive/outputs/defensive_ttc12_v18_nenv10_final/runs/defensive_proposed_ppo_s26/model/final_model.zip
defensive_proposed,ppo,27,0.0,inconsistent_protocol,0.94,0.9899726856334641,0.0,0.0,0.0,536.8369401539396,340.89461175040736,1093.8,18.317736720692096,0.8730103036570803,0.0,0.0,0.8730103036570803,50,/home/aaa/data/qj/stable-baselines3-master/risk_curriculum_metadrive/outputs/defensive_ttc12_v18_nenv10_final/evaluations/defensive_proposed_ppo_s27.csv,/home/aaa/data/qj/stable-baselines3-master/risk_curriculum_metadrive/outputs/defensive_ttc12_v18_nenv10_final/runs/defensive_proposed_ppo_s27,/home/aaa/data/qj/stable-baselines3-master/risk_curriculum_metadrive/outputs/defensive_ttc12_v18_nenv10_final/runs/defensive_proposed_ppo_s27/config.json,/home/aaa/data/qj/stable-baselines3-master/risk_curriculum_metadrive/outputs/defensive_ttc12_v18_nenv10_final/runs/defensive_proposed_ppo_s27/model/final_model.zip
defensive_proposed,ppo,27,0.08,inconsistent_protocol,0.86,0.9656930705343624,0.06,0.0,0.06,547.1683147258361,305.4983210655554,1137.3,18.02409376646744,0.8477697593210425,0.005549807745258036,0.003929155120613186,0.8382907964551712,50,/home/aaa/data/qj/stable-baselines3-master/risk_curriculum_metadrive/outputs/defensive_ttc12_v18_nenv10_final/evaluations/defensive_proposed_ppo_s27.csv,/home/aaa/data/qj/stable-baselines3-master/risk_curriculum_metadrive/outputs/defensive_ttc12_v18_nenv10_final/runs/defensive_proposed_ppo_s27,/home/aaa/data/qj/stable-baselines3-master/risk_curriculum_metadrive/outputs/defensive_ttc12_v18_nenv10_final/runs/defensive_proposed_ppo_s27/config.json,/home/aaa/data/qj/stable-baselines3-master/risk_curriculum_metadrive/outputs/defensive_ttc12_v18_nenv10_final/runs/defensive_proposed_ppo_s27/model/final_model.zip
defensive_proposed,ppo,27,0.15,inconsistent_protocol,0.6,0.823444823616122,0.3,0.0,0.3,422.8535462295932,88.16822512696133,1021.24,16.269919554215154,0.7334492893146575,0.033293052975265455,0.01888429845124063,0.6812719378881512,50,/home/aaa/data/qj/stable-baselines3-master/risk_curriculum_metadrive/outputs/defensive_ttc12_v18_nenv10_final/evaluations/defensive_proposed_ppo_s27.csv,/home/aaa/data/qj/stable-baselines3-master/risk_curriculum_metadrive/outputs/defensive_ttc12_v18_nenv10_final/runs/defensive_proposed_ppo_s27,/home/aaa/data/qj/stable-baselines3-master/risk_curriculum_metadrive/outputs/defensive_ttc12_v18_nenv10_final/runs/defensive_proposed_ppo_s27/config.json,/home/aaa/data/qj/stable-baselines3-master/risk_curriculum_metadrive/outputs/defensive_ttc12_v18_nenv10_final/runs/defensive_proposed_ppo_s27/model/final_model.zip
defensive_proposed,ppo,28,0.0,inconsistent_protocol,0.945,0.9865182897015174,0.0,0.0,0.0,519.4412108107672,320.6152843706077,1146.02,17.815899615456956,0.8702692244314341,0.0,0.0,0.8702692244314341,200,/home/aaa/data/qj/stable-baselines3-master/risk_curriculum_metadrive/outputs/defensive_ttc12_v18_nenv10_final/evaluations/defensive_proposed_ppo_s28.csv|/home/aaa/data/qj/stable-baselines3-master/risk_curriculum_metadrive/outputs/defensive_ttc12_v18_nenv10_steps_diag_1p5m/evaluations/defensive_proposed_ppo_s28.csv|/home/aaa/data/qj/stable-baselines3-master/risk_curriculum_metadrive/outputs/tuning_ttc12_v16_nenv10_500k/evaluations/defensive_proposed_ppo_s28.csv|/home/aaa/data/qj/stable-baselines3-master/risk_curriculum_metadrive/outputs/tuning_ttc14_v18_nenv10_500k/evaluations/defensive_proposed_ppo_s28.csv,/home/aaa/data/qj/stable-baselines3-master/risk_curriculum_metadrive/outputs/defensive_ttc12_v18_nenv10_final/runs/defensive_proposed_ppo_s28|/home/aaa/data/qj/stable-baselines3-master/risk_curriculum_metadrive/outputs/defensive_ttc12_v18_nenv10_steps_diag_1p5m/runs/defensive_proposed_ppo_s28|/home/aaa/data/qj/stable-baselines3-master/risk_curriculum_metadrive/outputs/tuning_ttc12_v16_nenv10_500k/runs/defensive_proposed_ppo_s28|/home/aaa/data/qj/stable-baselines3-master/risk_curriculum_metadrive/outputs/tuning_ttc14_v18_nenv10_500k/runs/defensive_proposed_ppo_s28,/home/aaa/data/qj/stable-baselines3-master/risk_curriculum_metadrive/outputs/defensive_ttc12_v18_nenv10_final/runs/defensive_proposed_ppo_s28/config.json|/home/aaa/data/qj/stable-baselines3-master/risk_curriculum_metadrive/outputs/defensive_ttc12_v18_nenv10_steps_diag_1p5m/runs/defensive_proposed_ppo_s28/config.json|/home/aaa/data/qj/stable-baselines3-master/risk_curriculum_metadrive/outputs/tuning_ttc12_v16_nenv10_500k/runs/defensive_proposed_ppo_s28/config.json|/home/aaa/data/qj/stable-baselines3-master/risk_curriculum_metadrive/outputs/tuning_ttc14_v18_nenv10_500k/runs/defensive_proposed_ppo_s28/config.json,/home/aaa/data/qj/stable-baselines3-master/risk_curriculum_metadrive/outputs/defensive_ttc12_v18_nenv10_final/runs/defensive_proposed_ppo_s28/model/final_model.zip|/home/aaa/data/qj/stable-baselines3-master/risk_curriculum_metadrive/outputs/defensive_ttc12_v18_nenv10_steps_diag_1p5m/runs/defensive_proposed_ppo_s28/model/final_model.zip|/home/aaa/data/qj/stable-baselines3-master/risk_curriculum_metadrive/outputs/tuning_ttc12_v16_nenv10_500k/runs/defensive_proposed_ppo_s28/model/final_model.zip|/home/aaa/data/qj/stable-baselines3-master/risk_curriculum_metadrive/outputs/tuning_ttc14_v18_nenv10_500k/runs/defensive_proposed_ppo_s28/model/final_model.zip
defensive_proposed,ppo,28,0.08,inconsistent_protocol,0.8,0.9241997516797871,0.11,0.025,0.135,478.288569234406,235.27711132077533,1076.98,17.40578735588985,0.8379269470303319,0.006751413292822962,0.0059618280063481275,0.8252137057311607,200,/home/aaa/data/qj/stable-baselines3-master/risk_curriculum_metadrive/outputs/defensive_ttc12_v18_nenv10_final/evaluations/defensive_proposed_ppo_s28.csv|/home/aaa/data/qj/stable-baselines3-master/risk_curriculum_metadrive/outputs/defensive_ttc12_v18_nenv10_steps_diag_1p5m/evaluations/defensive_proposed_ppo_s28.csv|/home/aaa/data/qj/stable-baselines3-master/risk_curriculum_metadrive/outputs/tuning_ttc12_v16_nenv10_500k/evaluations/defensive_proposed_ppo_s28.csv|/home/aaa/data/qj/stable-baselines3-master/risk_curriculum_metadrive/outputs/tuning_ttc14_v18_nenv10_500k/evaluations/defensive_proposed_ppo_s28.csv,/home/aaa/data/qj/stable-baselines3-master/risk_curriculum_metadrive/outputs/defensive_ttc12_v18_nenv10_final/runs/defensive_proposed_ppo_s28|/home/aaa/data/qj/stable-baselines3-master/risk_curriculum_metadrive/outputs/defensive_ttc12_v18_nenv10_steps_diag_1p5m/runs/defensive_proposed_ppo_s28|/home/aaa/data/qj/stable-baselines3-master/risk_curriculum_metadrive/outputs/tuning_ttc12_v16_nenv10_500k/runs/defensive_proposed_ppo_s28|/home/aaa/data/qj/stable-baselines3-master/risk_curriculum_metadrive/outputs/tuning_ttc14_v18_nenv10_500k/runs/defensive_proposed_ppo_s28,/home/aaa/data/qj/stable-baselines3-master/risk_curriculum_metadrive/outputs/defensive_ttc12_v18_nenv10_final/runs/defensive_proposed_ppo_s28/config.json|/home/aaa/data/qj/stable-baselines3-master/risk_curriculum_metadrive/outputs/defensive_ttc12_v18_nenv10_steps_diag_1p5m/runs/defensive_proposed_ppo_s28/config.json|/home/aaa/data/qj/stable-baselines3-master/risk_curriculum_metadrive/outputs/tuning_ttc12_v16_nenv10_500k/runs/defensive_proposed_ppo_s28/config.json|/home/aaa/data/qj/stable-baselines3-master/risk_curriculum_metadrive/outputs/tuning_ttc14_v18_nenv10_500k/runs/defensive_proposed_ppo_s28/config.json,/home/aaa/data/qj/stable-baselines3-master/risk_curriculum_metadrive/outputs/defensive_ttc12_v18_nenv10_final/runs/defensive_proposed_ppo_s28/model/final_model.zip|/home/aaa/data/qj/stable-baselines3-master/risk_curriculum_metadrive/outputs/defensive_ttc12_v18_nenv10_steps_diag_1p5m/runs/defensive_proposed_ppo_s28/model/final_model.zip|/home/aaa/data/qj/stable-baselines3-master/risk_curriculum_metadrive/outputs/tuning_ttc12_v16_nenv10_500k/runs/defensive_proposed_ppo_s28/model/final_model.zip|/home/aaa/data/qj/stable-baselines3-master/risk_curriculum_metadrive/outputs/tuning_ttc14_v18_nenv10_500k/runs/defensive_proposed_ppo_s28/model/final_model.zip
defensive_proposed,ppo,28,0.15,inconsistent_protocol,0.575,0.848806053311097,0.265,0.01,0.275,425.40603667837183,66.18989991513492,1091.67,15.921973470317385,0.7355529251770827,0.03346203604318596,0.019958649834857657,0.682132239299039,200,/home/aaa/data/qj/stable-baselines3-master/risk_curriculum_metadrive/outputs/defensive_ttc12_v18_nenv10_final/evaluations/defensive_proposed_ppo_s28.csv|/home/aaa/data/qj/stable-baselines3-master/risk_curriculum_metadrive/outputs/defensive_ttc12_v18_nenv10_steps_diag_1p5m/evaluations/defensive_proposed_ppo_s28.csv|/home/aaa/data/qj/stable-baselines3-master/risk_curriculum_metadrive/outputs/tuning_ttc12_v16_nenv10_500k/evaluations/defensive_proposed_ppo_s28.csv|/home/aaa/data/qj/stable-baselines3-master/risk_curriculum_metadrive/outputs/tuning_ttc14_v18_nenv10_500k/evaluations/defensive_proposed_ppo_s28.csv,/home/aaa/data/qj/stable-baselines3-master/risk_curriculum_metadrive/outputs/defensive_ttc12_v18_nenv10_final/runs/defensive_proposed_ppo_s28|/home/aaa/data/qj/stable-baselines3-master/risk_curriculum_metadrive/outputs/defensive_ttc12_v18_nenv10_steps_diag_1p5m/runs/defensive_proposed_ppo_s28|/home/aaa/data/qj/stable-baselines3-master/risk_curriculum_metadrive/outputs/tuning_ttc12_v16_nenv10_500k/runs/defensive_proposed_ppo_s28|/home/aaa/data/qj/stable-baselines3-master/risk_curriculum_metadrive/outputs/tuning_ttc14_v18_nenv10_500k/runs/defensive_proposed_ppo_s28,/home/aaa/data/qj/stable-baselines3-master/risk_curriculum_metadrive/outputs/defensive_ttc12_v18_nenv10_final/runs/defensive_proposed_ppo_s28/config.json|/home/aaa/data/qj/stable-baselines3-master/risk_curriculum_metadrive/outputs/defensive_ttc12_v18_nenv10_steps_diag_1p5m/runs/defensive_proposed_ppo_s28/config.json|/home/aaa/data/qj/stable-baselines3-master/risk_curriculum_metadrive/outputs/tuning_ttc12_v16_nenv10_500k/runs/defensive_proposed_ppo_s28/config.json|/home/aaa/data/qj/stable-baselines3-master/risk_curriculum_metadrive/outputs/tuning_ttc14_v18_nenv10_500k/runs/defensive_proposed_ppo_s28/config.json,/home/aaa/data/qj/stable-baselines3-master/risk_curriculum_metadrive/outputs/defensive_ttc12_v18_nenv10_final/runs/defensive_proposed_ppo_s28/model/final_model.zip|/home/aaa/data/qj/stable-baselines3-master/risk_curriculum_metadrive/outputs/defensive_ttc12_v18_nenv10_steps_diag_1p5m/runs/defensive_proposed_ppo_s28/model/final_model.zip|/home/aaa/data/qj/stable-baselines3-master/risk_curriculum_metadrive/outputs/tuning_ttc12_v16_nenv10_500k/runs/defensive_proposed_ppo_s28/model/final_model.zip|/home/aaa/data/qj/stable-baselines3-master/risk_curriculum_metadrive/outputs/tuning_ttc14_v18_nenv10_500k/runs/defensive_proposed_ppo_s28/model/final_model.zip
no_action_guard,ppo,2,0.0,inconsistent_protocol,0.02,0.2969006715825991,0.0,0.98,0.98,107.80436980550013,-737.3696661477165,150.04,42.75055024206117,0.0,0.0,0.0,0.0,50,/home/aaa/data/qj/stable-baselines3-master/risk_curriculum_metadrive/outputs/ablation_no_action_guard_nenv10_500k/evaluations/no_action_guard_ppo_s2.csv,outputs/ablation_no_action_guard_nenv10_500k/runs/no_action_guard_ppo_s2,outputs/ablation_no_action_guard_nenv10_500k/runs/no_action_guard_ppo_s2/config.json,outputs/ablation_no_action_guard_nenv10_500k/runs/no_action_guard_ppo_s2/model/final_model.zip
no_action_guard,ppo,2,0.08,inconsistent_protocol,0.0,0.24725179574266648,0.38,0.62,1.0,82.12793378023453,-590.1127763962013,124.26,40.425787702815256,0.0,0.0,0.0,0.0,50,/home/aaa/data/qj/stable-baselines3-master/risk_curriculum_metadrive/outputs/ablation_no_action_guard_nenv10_500k/evaluations/no_action_guard_ppo_s2.csv,outputs/ablation_no_action_guard_nenv10_500k/runs/no_action_guard_ppo_s2,outputs/ablation_no_action_guard_nenv10_500k/runs/no_action_guard_ppo_s2/config.json,outputs/ablation_no_action_guard_nenv10_500k/runs/no_action_guard_ppo_s2/model/final_model.zip
no_action_guard,ppo,2,0.15,inconsistent_protocol,0.0,0.18105536989221022,0.48,0.52,1.0,58.436166417642816,-435.53161419072995,91.92,39.10499129808421,0.0,0.0,0.0,0.0,50,/home/aaa/data/qj/stable-baselines3-master/risk_curriculum_metadrive/outputs/ablation_no_action_guard_nenv10_500k/evaluations/no_action_guard_ppo_s2.csv,outputs/ablation_no_action_guard_nenv10_500k/runs/no_action_guard_ppo_s2,outputs/ablation_no_action_guard_nenv10_500k/runs/no_action_guard_ppo_s2/config.json,outputs/ablation_no_action_guard_nenv10_500k/runs/no_action_guard_ppo_s2/model/final_model.zip
proposed,ppo,0,0.0,inconsistent_protocol,0.612,0.9631607159155238,0.004,0.184,0.188,392.8888280391985,230.06615973968698,966.3,25.90001546158779,0.8634752542392641,0.0,0.0,0.8634752542392641,250,/home/aaa/data/qj/stable-baselines3-master/risk_curriculum_metadrive/outputs/iscsic_main_nenv10_1p5m_ent001/evaluations/proposed_ppo_s0.csv|/home/aaa/data/qj/stable-baselines3-master/risk_curriculum_metadrive/outputs/million/evaluations/proposed_ppo_s0.csv|/home/aaa/data/qj/stable-baselines3-master/risk_curriculum_metadrive/outputs/paper_comparison_seed0/evaluations/proposed_ppo_s0.csv|/home/aaa/data/qj/stable-baselines3-master/risk_curriculum_metadrive/outputs/stage1000_true_proposed_s0/evaluations/proposed_ppo_s0.csv|/home/aaa/data/qj/stable-baselines3-master/risk_curriculum_metadrive/outputs/stage600_nenv4_guarded/evaluations/proposed_ppo_s0.csv,/home/aaa/data/qj/stable-baselines3-master/risk_curriculum_metadrive/outputs/million/runs/proposed_ppo_s0|/home/aaa/data/qj/stable-baselines3-master/risk_curriculum_metadrive/outputs/runs/proposed_ppo_s0|/home/aaa/data/qj/stable-baselines3-master/risk_curriculum_metadrive/outputs/stage1000_true_proposed_s0/runs/proposed_ppo_s0|/home/aaa/data/qj/stable-baselines3-master/risk_curriculum_metadrive/outputs/stage600_nenv4_guarded/runs/proposed_ppo_s0|outputs/iscsic_main_nenv10_1p5m_ent001/runs/proposed_ppo_s0,/home/aaa/data/qj/stable-baselines3-master/risk_curriculum_metadrive/outputs/million/runs/proposed_ppo_s0/config.json|/home/aaa/data/qj/stable-baselines3-master/risk_curriculum_metadrive/outputs/runs/proposed_ppo_s0/config.json|/home/aaa/data/qj/stable-baselines3-master/risk_curriculum_metadrive/outputs/stage1000_true_proposed_s0/runs/proposed_ppo_s0/config.json|/home/aaa/data/qj/stable-baselines3-master/risk_curriculum_metadrive/outputs/stage600_nenv4_guarded/runs/proposed_ppo_s0/config.json|outputs/iscsic_main_nenv10_1p5m_ent001/runs/proposed_ppo_s0/config.json,/home/aaa/data/qj/stable-baselines3-master/risk_curriculum_metadrive/outputs/million/runs/proposed_ppo_s0/model/final_model.zip|/home/aaa/data/qj/stable-baselines3-master/risk_curriculum_metadrive/outputs/runs/proposed_ppo_s0/model/final_model.zip|/home/aaa/data/qj/stable-baselines3-master/risk_curriculum_metadrive/outputs/stage1000_true_proposed_s0/runs/proposed_ppo_s0/model/final_model.zip|/home/aaa/data/qj/stable-baselines3-master/risk_curriculum_metadrive/outputs/stage600_nenv4_guarded/runs/proposed_ppo_s0/model/final_model.zip|outputs/iscsic_main_nenv10_1p5m_ent001/runs/proposed_ppo_s0/model/final_model.zip
proposed,ppo,0,0.0,preliminary,0.84,0.9740981602737403,0.0,0.0,0.0,490.0704609384348,295.55647218714415,976.38,20.141334448736075,,,,,50,/home/aaa/data/qj/stable-baselines3-master/risk_curriculum_metadrive/outputs/stage1000_final_candidate/evaluations/proposed_ppo_s0.csv,/home/aaa/data/qj/stable-baselines3-master/risk_curriculum_metadrive/outputs/stage1000_final_candidate/runs/proposed_ppo_s0,,/home/aaa/data/qj/stable-baselines3-master/risk_curriculum_metadrive/outputs/stage1000_final_candidate/runs/proposed_ppo_s0/model/final_model.zip
proposed,ppo,0,0.0,screening,0.509090909090909,0.777330823212071,0.01818181818181818,0.34545454545454546,0.36363636363636365,342.1516434233097,198.94271193260946,784.3222222222222,28.70568062142779,,,,,110,/home/aaa/data/qj/stable-baselines3-master/risk_curriculum_metadrive/outputs/evaluations/proposed_ppo_s0.csv|/home/aaa/data/qj/stable-baselines3-master/risk_curriculum_metadrive/outputs/horizon1500_screen/evaluations/ckpt702.csv|/home/aaa/data/qj/stable-baselines3-master/risk_curriculum_metadrive/outputs/horizon1500_screen/evaluations/s0_100w.csv|/home/aaa/data/qj/stable-baselines3-master/risk_curriculum_metadrive/outputs/pilot/evaluations/proposed_ppo_s0.csv|/home/aaa/data/qj/stable-baselines3-master/risk_curriculum_metadrive/outputs/tuning/evaluations/proposed_ppo_s0.csv,/home/aaa/data/qj/stable-baselines3-master/risk_curriculum_metadrive/outputs/pilot/runs/proposed_ppo_s0|/home/aaa/data/qj/stable-baselines3-master/risk_curriculum_metadrive/outputs/runs/proposed_ppo_s0|/home/aaa/data/qj/stable-baselines3-master/risk_curriculum_metadrive/outputs/tuning/runs/proposed_ppo_s0,/home/aaa/data/qj/stable-baselines3-master/risk_curriculum_metadrive/outputs/pilot/runs/proposed_ppo_s0/config.json|/home/aaa/data/qj/stable-baselines3-master/risk_curriculum_metadrive/outputs/runs/proposed_ppo_s0/config.json|/home/aaa/data/qj/stable-baselines3-master/risk_curriculum_metadrive/outputs/tuning/runs/proposed_ppo_s0/config.json,/home/aaa/data/qj/stable-baselines3-master/risk_curriculum_metadrive/outputs/pilot/runs/proposed_ppo_s0/model/final_model.zip|/home/aaa/data/qj/stable-baselines3-master/risk_curriculum_metadrive/outputs/runs/proposed_ppo_s0/model/final_model.zip|/home/aaa/data/qj/stable-baselines3-master/risk_curriculum_metadrive/outputs/tuning/runs/proposed_ppo_s0/model/final_model.zip
proposed,ppo,0,0.08,inconsistent_protocol,0.675,0.9144781683193066,0.1,0.015,0.115,417.46953762455144,203.48327984406257,921.07,19.94184845116382,0.8476551628443779,0.002695141866630904,0.003918938234983178,0.8410410827427639,200,/home/aaa/data/qj/stable-baselines3-master/risk_curriculum_metadrive/outputs/iscsic_main_nenv10_1p5m_ent001/evaluations/proposed_ppo_s0.csv|/home/aaa/data/qj/stable-baselines3-master/risk_curriculum_metadrive/outputs/paper_comparison_seed0/evaluations/proposed_ppo_s0.csv|/home/aaa/data/qj/stable-baselines3-master/risk_curriculum_metadrive/outputs/stage1000_true_proposed_s0/evaluations/proposed_ppo_s0.csv|/home/aaa/data/qj/stable-baselines3-master/risk_curriculum_metadrive/outputs/stage600_nenv4_guarded/evaluations/proposed_ppo_s0.csv,/home/aaa/data/qj/stable-baselines3-master/risk_curriculum_metadrive/outputs/runs/proposed_ppo_s0|/home/aaa/data/qj/stable-baselines3-master/risk_curriculum_metadrive/outputs/stage1000_true_proposed_s0/runs/proposed_ppo_s0|/home/aaa/data/qj/stable-baselines3-master/risk_curriculum_metadrive/outputs/stage600_nenv4_guarded/runs/proposed_ppo_s0|outputs/iscsic_main_nenv10_1p5m_ent001/runs/proposed_ppo_s0,/home/aaa/data/qj/stable-baselines3-master/risk_curriculum_metadrive/outputs/runs/proposed_ppo_s0/config.json|/home/aaa/data/qj/stable-baselines3-master/risk_curriculum_metadrive/outputs/stage1000_true_proposed_s0/runs/proposed_ppo_s0/config.json|/home/aaa/data/qj/stable-baselines3-master/risk_curriculum_metadrive/outputs/stage600_nenv4_guarded/runs/proposed_ppo_s0/config.json|outputs/iscsic_main_nenv10_1p5m_ent001/runs/proposed_ppo_s0/config.json,/home/aaa/data/qj/stable-baselines3-master/risk_curriculum_metadrive/outputs/runs/proposed_ppo_s0/model/final_model.zip|/home/aaa/data/qj/stable-baselines3-master/risk_curriculum_metadrive/outputs/stage1000_true_proposed_s0/runs/proposed_ppo_s0/model/final_model.zip|/home/aaa/data/qj/stable-baselines3-master/risk_curriculum_metadrive/outputs/stage600_nenv4_guarded/runs/proposed_ppo_s0/model/final_model.zip|outputs/iscsic_main_nenv10_1p5m_ent001/runs/proposed_ppo_s0/model/final_model.zip
proposed,ppo,0,0.08,preliminary,0.74,0.9167018911872015,0.1,0.0,0.1,453.886491965372,248.12798909441878,933.44,19.763158754567076,,,,,50,/home/aaa/data/qj/stable-baselines3-master/risk_curriculum_metadrive/outputs/stage1000_final_candidate/evaluations/proposed_ppo_s0.csv,/home/aaa/data/qj/stable-baselines3-master/risk_curriculum_metadrive/outputs/stage1000_final_candidate/runs/proposed_ppo_s0,,/home/aaa/data/qj/stable-baselines3-master/risk_curriculum_metadrive/outputs/stage1000_final_candidate/runs/proposed_ppo_s0/model/final_model.zip
proposed,ppo,0,0.08,screening,0.875,0.9262411186046331,0.1,0.0,0.1,448.0187442193963,225.53628641151755,976.05,19.694227826033607,,,,,40,/home/aaa/data/qj/stable-baselines3-master/risk_curriculum_metadrive/outputs/horizon1500_screen/evaluations/ckpt702.csv|/home/aaa/data/qj/stable-baselines3-master/risk_curriculum_metadrive/outputs/horizon1500_screen/evaluations/s0_100w.csv,/home/aaa/data/qj/stable-baselines3-master/risk_curriculum_metadrive/outputs/runs/proposed_ppo_s0,/home/aaa/data/qj/stable-baselines3-master/risk_curriculum_metadrive/outputs/runs/proposed_ppo_s0/config.json,/home/aaa/data/qj/stable-baselines3-master/risk_curriculum_metadrive/outputs/runs/proposed_ppo_s0/model/final_model.zip
proposed,ppo,0,0.1,inconsistent_protocol,0.0,,0.34,0.66,1.0,165.98176688718064,162.46789827609183,,46.98124764536027,,,,,50,/home/aaa/data/qj/stable-baselines3-master/risk_curriculum_metadrive/outputs/million/evaluations/proposed_ppo_s0.csv,/home/aaa/data/qj/stable-baselines3-master/risk_curriculum_metadrive/outputs/million/runs/proposed_ppo_s0,/home/aaa/data/qj/stable-baselines3-master/risk_curriculum_metadrive/outputs/million/runs/proposed_ppo_s0/config.json,/home/aaa/data/qj/stable-baselines3-master/risk_curriculum_metadrive/outputs/million/runs/proposed_ppo_s0/model/final_model.zip
proposed,ppo,0,0.1,screening,0.17142857142857143,0.5064916068716627,0.44285714285714284,0.3,0.7428571428571429,205.30227619204248,83.34427315647287,496.22,31.59373533884926,,,,,70,/home/aaa/data/qj/stable-baselines3-master/risk_curriculum_metadrive/outputs/evaluations/proposed_ppo_s0.csv|/home/aaa/data/qj/stable-baselines3-master/risk_curriculum_metadrive/outputs/pilot/evaluations/proposed_ppo_s0.csv|/home/aaa/data/qj/stable-baselines3-master/risk_curriculum_metadrive/outputs/tuning/evaluations/proposed_ppo_s0.csv,/home/aaa/data/qj/stable-baselines3-master/risk_curriculum_metadrive/outputs/pilot/runs/proposed_ppo_s0|/home/aaa/data/qj/stable-baselines3-master/risk_curriculum_metadrive/outputs/runs/proposed_ppo_s0|/home/aaa/data/qj/stable-baselines3-master/risk_curriculum_metadrive/outputs/tuning/runs/proposed_ppo_s0,/home/aaa/data/qj/stable-baselines3-master/risk_curriculum_metadrive/outputs/pilot/runs/proposed_ppo_s0/config.json|/home/aaa/data/qj/stable-baselines3-master/risk_curriculum_metadrive/outputs/runs/proposed_ppo_s0/config.json|/home/aaa/data/qj/stable-baselines3-master/risk_curriculum_metadrive/outputs/tuning/runs/proposed_ppo_s0/config.json,/home/aaa/data/qj/stable-baselines3-master/risk_curriculum_metadrive/outputs/pilot/runs/proposed_ppo_s0/model/final_model.zip|/home/aaa/data/qj/stable-baselines3-master/risk_curriculum_metadrive/outputs/runs/proposed_ppo_s0/model/final_model.zip|/home/aaa/data/qj/stable-baselines3-master/risk_curriculum_metadrive/outputs/tuning/runs/proposed_ppo_s0/model/final_model.zip
proposed,ppo,0,0.15,inconsistent_protocol,0.43,0.7373849963983826,0.47,0.015,0.485,325.66535401545224,84.94465854900875,766.785,18.770526248237545,0.7701094888792472,0.024845061034799266,0.007984692940404475,0.7372797349040434,200,/home/aaa/data/qj/stable-baselines3-master/risk_curriculum_metadrive/outputs/iscsic_main_nenv10_1p5m_ent001/evaluations/proposed_ppo_s0.csv|/home/aaa/data/qj/stable-baselines3-master/risk_curriculum_metadrive/outputs/paper_comparison_seed0/evaluations/proposed_ppo_s0.csv|/home/aaa/data/qj/stable-baselines3-master/risk_curriculum_metadrive/outputs/stage1000_true_proposed_s0/evaluations/proposed_ppo_s0.csv|/home/aaa/data/qj/stable-baselines3-master/risk_curriculum_metadrive/outputs/stage600_nenv4_guarded/evaluations/proposed_ppo_s0.csv,/home/aaa/data/qj/stable-baselines3-master/risk_curriculum_metadrive/outputs/runs/proposed_ppo_s0|/home/aaa/data/qj/stable-baselines3-master/risk_curriculum_metadrive/outputs/stage1000_true_proposed_s0/runs/proposed_ppo_s0|/home/aaa/data/qj/stable-baselines3-master/risk_curriculum_metadrive/outputs/stage600_nenv4_guarded/runs/proposed_ppo_s0|outputs/iscsic_main_nenv10_1p5m_ent001/runs/proposed_ppo_s0,/home/aaa/data/qj/stable-baselines3-master/risk_curriculum_metadrive/outputs/runs/proposed_ppo_s0/config.json|/home/aaa/data/qj/stable-baselines3-master/risk_curriculum_metadrive/outputs/stage1000_true_proposed_s0/runs/proposed_ppo_s0/config.json|/home/aaa/data/qj/stable-baselines3-master/risk_curriculum_metadrive/outputs/stage600_nenv4_guarded/runs/proposed_ppo_s0/config.json|outputs/iscsic_main_nenv10_1p5m_ent001/runs/proposed_ppo_s0/config.json,/home/aaa/data/qj/stable-baselines3-master/risk_curriculum_metadrive/outputs/runs/proposed_ppo_s0/model/final_model.zip|/home/aaa/data/qj/stable-baselines3-master/risk_curriculum_metadrive/outputs/stage1000_true_proposed_s0/runs/proposed_ppo_s0/model/final_model.zip|/home/aaa/data/qj/stable-baselines3-master/risk_curriculum_metadrive/outputs/stage600_nenv4_guarded/runs/proposed_ppo_s0/model/final_model.zip|outputs/iscsic_main_nenv10_1p5m_ent001/runs/proposed_ppo_s0/model/final_model.zip
proposed,ppo,0,0.15,preliminary,0.48,0.760909197579432,0.4,0.02,0.42,350.3364135656289,102.4426605531675,813.18,18.203254605406283,,,,,50,/home/aaa/data/qj/stable-baselines3-master/risk_curriculum_metadrive/outputs/stage1000_final_candidate/evaluations/proposed_ppo_s0.csv,/home/aaa/data/qj/stable-baselines3-master/risk_curriculum_metadrive/outputs/stage1000_final_candidate/runs/proposed_ppo_s0,,/home/aaa/data/qj/stable-baselines3-master/risk_curriculum_metadrive/outputs/stage1000_final_candidate/runs/proposed_ppo_s0/model/final_model.zip
proposed,ppo,0,0.15,screening,0.525,0.7553880092527561,0.425,0.025,0.45,348.1512332317125,72.05987422319788,876.775,17.693571848132763,,,,,40,/home/aaa/data/qj/stable-baselines3-master/risk_curriculum_metadrive/outputs/horizon1500_screen/evaluations/ckpt702.csv|/home/aaa/data/qj/stable-baselines3-master/risk_curriculum_metadrive/outputs/horizon1500_screen/evaluations/s0_100w.csv,/home/aaa/data/qj/stable-baselines3-master/risk_curriculum_metadrive/outputs/runs/proposed_ppo_s0,/home/aaa/data/qj/stable-baselines3-master/risk_curriculum_metadrive/outputs/runs/proposed_ppo_s0/config.json,/home/aaa/data/qj/stable-baselines3-master/risk_curriculum_metadrive/outputs/runs/proposed_ppo_s0/model/final_model.zip
proposed,ppo,0,0.25,inconsistent_protocol,0.02,,0.66,0.34,1.0,125.03622883095711,120.88380209975594,,42.69472268688111,,,,,50,/home/aaa/data/qj/stable-baselines3-master/risk_curriculum_metadrive/outputs/million/evaluations/proposed_ppo_s0.csv,/home/aaa/data/qj/stable-baselines3-master/risk_curriculum_metadrive/outputs/million/runs/proposed_ppo_s0,/home/aaa/data/qj/stable-baselines3-master/risk_curriculum_metadrive/outputs/million/runs/proposed_ppo_s0/config.json,/home/aaa/data/qj/stable-baselines3-master/risk_curriculum_metadrive/outputs/million/runs/proposed_ppo_s0/model/final_model.zip
proposed,ppo,0,0.25,screening,0.0,0.21082562176281228,0.7571428571428571,0.24285714285714285,1.0,75.93045981515931,-31.11638740267924,205.54,27.205736432925157,,,,,70,/home/aaa/data/qj/stable-baselines3-master/risk_curriculum_metadrive/outputs/evaluations/proposed_ppo_s0.csv|/home/aaa/data/qj/stable-baselines3-master/risk_curriculum_metadrive/outputs/pilot/evaluations/proposed_ppo_s0.csv|/home/aaa/data/qj/stable-baselines3-master/risk_curriculum_metadrive/outputs/tuning/evaluations/proposed_ppo_s0.csv,/home/aaa/data/qj/stable-baselines3-master/risk_curriculum_metadrive/outputs/pilot/runs/proposed_ppo_s0|/home/aaa/data/qj/stable-baselines3-master/risk_curriculum_metadrive/outputs/runs/proposed_ppo_s0|/home/aaa/data/qj/stable-baselines3-master/risk_curriculum_metadrive/outputs/tuning/runs/proposed_ppo_s0,/home/aaa/data/qj/stable-baselines3-master/risk_curriculum_metadrive/outputs/pilot/runs/proposed_ppo_s0/config.json|/home/aaa/data/qj/stable-baselines3-master/risk_curriculum_metadrive/outputs/runs/proposed_ppo_s0/config.json|/home/aaa/data/qj/stable-baselines3-master/risk_curriculum_metadrive/outputs/tuning/runs/proposed_ppo_s0/config.json,/home/aaa/data/qj/stable-baselines3-master/risk_curriculum_metadrive/outputs/pilot/runs/proposed_ppo_s0/model/final_model.zip|/home/aaa/data/qj/stable-baselines3-master/risk_curriculum_metadrive/outputs/runs/proposed_ppo_s0/model/final_model.zip|/home/aaa/data/qj/stable-baselines3-master/risk_curriculum_metadrive/outputs/tuning/runs/proposed_ppo_s0/model/final_model.zip
proposed,ppo,1,0.0,inconsistent_protocol,0.8533333333333334,0.9776209136344252,0.0,0.0,0.0,541.4343689463086,332.6394866564694,969.42,20.25582029300847,0.8668447942179255,0.0,0.0,0.8668447942179255,150,/home/aaa/data/qj/stable-baselines3-master/risk_curriculum_metadrive/outputs/iscsic_main_nenv10_1p5m_ent001/evaluations/proposed_ppo_s1.csv|/home/aaa/data/qj/stable-baselines3-master/risk_curriculum_metadrive/outputs/stage1000_stable_proposed_multiseed/evaluations/proposed_ppo_s1.csv|/home/aaa/data/qj/stable-baselines3-master/risk_curriculum_metadrive/outputs/stage1000_true_proposed_multiseed/evaluations/proposed_ppo_s1.csv,/home/aaa/data/qj/stable-baselines3-master/risk_curriculum_metadrive/outputs/stage1000_stable_proposed_multiseed/runs/proposed_ppo_s1|/home/aaa/data/qj/stable-baselines3-master/risk_curriculum_metadrive/outputs/stage1000_true_proposed_multiseed/runs/proposed_ppo_s1|outputs/iscsic_main_nenv10_1p5m_ent001/runs/proposed_ppo_s1,/home/aaa/data/qj/stable-baselines3-master/risk_curriculum_metadrive/outputs/stage1000_stable_proposed_multiseed/runs/proposed_ppo_s1/config.json|/home/aaa/data/qj/stable-baselines3-master/risk_curriculum_metadrive/outputs/stage1000_true_proposed_multiseed/runs/proposed_ppo_s1/config.json|outputs/iscsic_main_nenv10_1p5m_ent001/runs/proposed_ppo_s1/config.json,/home/aaa/data/qj/stable-baselines3-master/risk_curriculum_metadrive/outputs/stage1000_stable_proposed_multiseed/runs/proposed_ppo_s1/model/final_model.zip|/home/aaa/data/qj/stable-baselines3-master/risk_curriculum_metadrive/outputs/stage1000_true_proposed_multiseed/runs/proposed_ppo_s1/model/final_model.zip|outputs/iscsic_main_nenv10_1p5m_ent001/runs/proposed_ppo_s1/model/final_model.zip
proposed,ppo,1,0.0,preliminary,1.0,0.9915368775274886,0.0,0.0,0.0,571.110592466432,359.1605938765444,1026.45,20.275728390777992,,,,,20,/home/aaa/data/qj/stable-baselines3-master/risk_curriculum_metadrive/outputs/horizon1500_screen/evaluations/s1_100w.csv,,,
proposed,ppo,1,0.08,inconsistent_protocol,0.7533333333333333,0.92852911884664,0.08666666666666667,0.006666666666666667,0.09333333333333334,507.4829881110109,287.01309289087243,932.2466666666667,19.975664332679447,0.8479235181541385,0.003557312649055572,0.005622995019942773,0.8387432104851402,150,/home/aaa/data/qj/stable-baselines3-master/risk_curriculum_metadrive/outputs/iscsic_main_nenv10_1p5m_ent001/evaluations/proposed_ppo_s1.csv|/home/aaa/data/qj/stable-baselines3-master/risk_curriculum_metadrive/outputs/stage1000_stable_proposed_multiseed/evaluations/proposed_ppo_s1.csv|/home/aaa/data/qj/stable-baselines3-master/risk_curriculum_metadrive/outputs/stage1000_true_proposed_multiseed/evaluations/proposed_ppo_s1.csv,/home/aaa/data/qj/stable-baselines3-master/risk_curriculum_metadrive/outputs/stage1000_stable_proposed_multiseed/runs/proposed_ppo_s1|/home/aaa/data/qj/stable-baselines3-master/risk_curriculum_metadrive/outputs/stage1000_true_proposed_multiseed/runs/proposed_ppo_s1|outputs/iscsic_main_nenv10_1p5m_ent001/runs/proposed_ppo_s1,/home/aaa/data/qj/stable-baselines3-master/risk_curriculum_metadrive/outputs/stage1000_stable_proposed_multiseed/runs/proposed_ppo_s1/config.json|/home/aaa/data/qj/stable-baselines3-master/risk_curriculum_metadrive/outputs/stage1000_true_proposed_multiseed/runs/proposed_ppo_s1/config.json|outputs/iscsic_main_nenv10_1p5m_ent001/runs/proposed_ppo_s1/config.json,/home/aaa/data/qj/stable-baselines3-master/risk_curriculum_metadrive/outputs/stage1000_stable_proposed_multiseed/runs/proposed_ppo_s1/model/final_model.zip|/home/aaa/data/qj/stable-baselines3-master/risk_curriculum_metadrive/outputs/stage1000_true_proposed_multiseed/runs/proposed_ppo_s1/model/final_model.zip|outputs/iscsic_main_nenv10_1p5m_ent001/runs/proposed_ppo_s1/model/final_model.zip
proposed,ppo,1,0.08,preliminary,1.0,0.991498081906174,0.0,0.0,0.0,557.1551412288368,327.185048501899,1042.75,19.94898022465339,,,,,20,/home/aaa/data/qj/stable-baselines3-master/risk_curriculum_metadrive/outputs/horizon1500_screen/evaluations/s1_100w.csv,,,
proposed,ppo,1,0.15,inconsistent_protocol,0.43333333333333335,0.7468508437301724,0.49333333333333335,0.02,0.5133333333333333,374.88501787711,116.30676207608063,804.3866666666667,18.49110368821633,0.7436079010197811,0.030870869136702058,0.008067120881619724,0.7046699110014594,150,/home/aaa/data/qj/stable-baselines3-master/risk_curriculum_metadrive/outputs/iscsic_main_nenv10_1p5m_ent001/evaluations/proposed_ppo_s1.csv|/home/aaa/data/qj/stable-baselines3-master/risk_curriculum_metadrive/outputs/stage1000_stable_proposed_multiseed/evaluations/proposed_ppo_s1.csv|/home/aaa/data/qj/stable-baselines3-master/risk_curriculum_metadrive/outputs/stage1000_true_proposed_multiseed/evaluations/proposed_ppo_s1.csv,/home/aaa/data/qj/stable-baselines3-master/risk_curriculum_metadrive/outputs/stage1000_stable_proposed_multiseed/runs/proposed_ppo_s1|/home/aaa/data/qj/stable-baselines3-master/risk_curriculum_metadrive/outputs/stage1000_true_proposed_multiseed/runs/proposed_ppo_s1|outputs/iscsic_main_nenv10_1p5m_ent001/runs/proposed_ppo_s1,/home/aaa/data/qj/stable-baselines3-master/risk_curriculum_metadrive/outputs/stage1000_stable_proposed_multiseed/runs/proposed_ppo_s1/config.json|/home/aaa/data/qj/stable-baselines3-master/risk_curriculum_metadrive/outputs/stage1000_true_proposed_multiseed/runs/proposed_ppo_s1/config.json|outputs/iscsic_main_nenv10_1p5m_ent001/runs/proposed_ppo_s1/config.json,/home/aaa/data/qj/stable-baselines3-master/risk_curriculum_metadrive/outputs/stage1000_stable_proposed_multiseed/runs/proposed_ppo_s1/model/final_model.zip|/home/aaa/data/qj/stable-baselines3-master/risk_curriculum_metadrive/outputs/stage1000_true_proposed_multiseed/runs/proposed_ppo_s1/model/final_model.zip|outputs/iscsic_main_nenv10_1p5m_ent001/runs/proposed_ppo_s1/model/final_model.zip
proposed,ppo,1,0.15,preliminary,0.4,0.7550703118896169,0.6,0.0,0.6,356.785837918002,74.74102456813014,860.3,18.170409215349064,,,,,20,/home/aaa/data/qj/stable-baselines3-master/risk_curriculum_metadrive/outputs/horizon1500_screen/evaluations/s1_100w.csv,,,
proposed,ppo,2,0.0,inconsistent_protocol,0.83,0.97558183596856,0.0,0.0,0.0,528.0015286091889,332.461435510533,986.1833333333333,20.247608115905813,0.8606378788323853,0.0,0.0,0.8606378788323853,300,/home/aaa/data/qj/stable-baselines3-master/risk_curriculum_metadrive/outputs/iscsic_main_nenv10_1p5m_ent001/evaluations/proposed_ppo_s2.csv|/home/aaa/data/qj/stable-baselines3-master/risk_curriculum_metadrive/outputs/reward_screen_completion_boost_nenv10_500k/evaluations/proposed_ppo_s2.csv|/home/aaa/data/qj/stable-baselines3-master/risk_curriculum_metadrive/outputs/reward_screen_completion_plus_safety_nenv10_500k/evaluations/proposed_ppo_s2.csv|/home/aaa/data/qj/stable-baselines3-master/risk_curriculum_metadrive/outputs/reward_screen_moderate_completion_nenv10_500k/evaluations/proposed_ppo_s2.csv|/home/aaa/data/qj/stable-baselines3-master/risk_curriculum_metadrive/outputs/reward_screen_safety_soften_nenv10_500k/evaluations/proposed_ppo_s2.csv|/home/aaa/data/qj/stable-baselines3-master/risk_curriculum_metadrive/outputs/stage1000_true_proposed_multiseed/evaluations/proposed_ppo_s2.csv,/home/aaa/data/qj/stable-baselines3-master/risk_curriculum_metadrive/outputs/stage1000_true_proposed_multiseed/runs/proposed_ppo_s2|outputs/iscsic_main_nenv10_1p5m_ent001/runs/proposed_ppo_s2|outputs/reward_screen_completion_boost_nenv10_500k/runs/proposed_ppo_s2|outputs/reward_screen_completion_plus_safety_nenv10_500k/runs/proposed_ppo_s2|outputs/reward_screen_moderate_completion_nenv10_500k/runs/proposed_ppo_s2|outputs/reward_screen_safety_soften_nenv10_500k/runs/proposed_ppo_s2,/home/aaa/data/qj/stable-baselines3-master/risk_curriculum_metadrive/outputs/stage1000_true_proposed_multiseed/runs/proposed_ppo_s2/config.json|outputs/iscsic_main_nenv10_1p5m_ent001/runs/proposed_ppo_s2/config.json|outputs/reward_screen_completion_boost_nenv10_500k/runs/proposed_ppo_s2/config.json|outputs/reward_screen_completion_plus_safety_nenv10_500k/runs/proposed_ppo_s2/config.json|outputs/reward_screen_moderate_completion_nenv10_500k/runs/proposed_ppo_s2/config.json|outputs/reward_screen_safety_soften_nenv10_500k/runs/proposed_ppo_s2/config.json,/home/aaa/data/qj/stable-baselines3-master/risk_curriculum_metadrive/outputs/stage1000_true_proposed_multiseed/runs/proposed_ppo_s2/model/final_model.zip|outputs/iscsic_main_nenv10_1p5m_ent001/runs/proposed_ppo_s2/model/final_model.zip|outputs/reward_screen_completion_boost_nenv10_500k/runs/proposed_ppo_s2/model/final_model.zip|outputs/reward_screen_completion_plus_safety_nenv10_500k/runs/proposed_ppo_s2/model/final_model.zip|outputs/reward_screen_moderate_completion_nenv10_500k/runs/proposed_ppo_s2/model/final_model.zip|outputs/reward_screen_safety_soften_nenv10_500k/runs/proposed_ppo_s2/model/final_model.zip
proposed,ppo,2,0.08,inconsistent_protocol,0.7666666666666667,0.9435193520711029,0.08,0.0,0.08,496.9947804019959,293.7650649094922,967.6766666666666,20.00907923628181,0.8466430056380677,0.003476190269125134,0.002447691088634906,0.8407191242803077,300,/home/aaa/data/qj/stable-baselines3-master/risk_curriculum_metadrive/outputs/iscsic_main_nenv10_1p5m_ent001/evaluations/proposed_ppo_s2.csv|/home/aaa/data/qj/stable-baselines3-master/risk_curriculum_metadrive/outputs/reward_screen_completion_boost_nenv10_500k/evaluations/proposed_ppo_s2.csv|/home/aaa/data/qj/stable-baselines3-master/risk_curriculum_metadrive/outputs/reward_screen_completion_plus_safety_nenv10_500k/evaluations/proposed_ppo_s2.csv|/home/aaa/data/qj/stable-baselines3-master/risk_curriculum_metadrive/outputs/reward_screen_moderate_completion_nenv10_500k/evaluations/proposed_ppo_s2.csv|/home/aaa/data/qj/stable-baselines3-master/risk_curriculum_metadrive/outputs/reward_screen_safety_soften_nenv10_500k/evaluations/proposed_ppo_s2.csv|/home/aaa/data/qj/stable-baselines3-master/risk_curriculum_metadrive/outputs/stage1000_true_proposed_multiseed/evaluations/proposed_ppo_s2.csv,/home/aaa/data/qj/stable-baselines3-master/risk_curriculum_metadrive/outputs/stage1000_true_proposed_multiseed/runs/proposed_ppo_s2|outputs/iscsic_main_nenv10_1p5m_ent001/runs/proposed_ppo_s2|outputs/reward_screen_completion_boost_nenv10_500k/runs/proposed_ppo_s2|outputs/reward_screen_completion_plus_safety_nenv10_500k/runs/proposed_ppo_s2|outputs/reward_screen_moderate_completion_nenv10_500k/runs/proposed_ppo_s2|outputs/reward_screen_safety_soften_nenv10_500k/runs/proposed_ppo_s2,/home/aaa/data/qj/stable-baselines3-master/risk_curriculum_metadrive/outputs/stage1000_true_proposed_multiseed/runs/proposed_ppo_s2/config.json|outputs/iscsic_main_nenv10_1p5m_ent001/runs/proposed_ppo_s2/config.json|outputs/reward_screen_completion_boost_nenv10_500k/runs/proposed_ppo_s2/config.json|outputs/reward_screen_completion_plus_safety_nenv10_500k/runs/proposed_ppo_s2/config.json|outputs/reward_screen_moderate_completion_nenv10_500k/runs/proposed_ppo_s2/config.json|outputs/reward_screen_safety_soften_nenv10_500k/runs/proposed_ppo_s2/config.json,/home/aaa/data/qj/stable-baselines3-master/risk_curriculum_metadrive/outputs/stage1000_true_proposed_multiseed/runs/proposed_ppo_s2/model/final_model.zip|outputs/iscsic_main_nenv10_1p5m_ent001/runs/proposed_ppo_s2/model/final_model.zip|outputs/reward_screen_completion_boost_nenv10_500k/runs/proposed_ppo_s2/model/final_model.zip|outputs/reward_screen_completion_plus_safety_nenv10_500k/runs/proposed_ppo_s2/model/final_model.zip|outputs/reward_screen_moderate_completion_nenv10_500k/runs/proposed_ppo_s2/model/final_model.zip|outputs/reward_screen_safety_soften_nenv10_500k/runs/proposed_ppo_s2/model/final_model.zip
proposed,ppo,2,0.15,inconsistent_protocol,0.46,0.7636239827212075,0.4533333333333333,0.013333333333333334,0.4666666666666667,362.2525588018234,135.49560041269956,825.2133333333334,18.421853351271807,0.7375509175878002,0.03297001554662015,0.010520455013959746,0.6940604470272204,300,/home/aaa/data/qj/stable-baselines3-master/risk_curriculum_metadrive/outputs/iscsic_main_nenv10_1p5m_ent001/evaluations/proposed_ppo_s2.csv|/home/aaa/data/qj/stable-baselines3-master/risk_curriculum_metadrive/outputs/reward_screen_completion_boost_nenv10_500k/evaluations/proposed_ppo_s2.csv|/home/aaa/data/qj/stable-baselines3-master/risk_curriculum_metadrive/outputs/reward_screen_completion_plus_safety_nenv10_500k/evaluations/proposed_ppo_s2.csv|/home/aaa/data/qj/stable-baselines3-master/risk_curriculum_metadrive/outputs/reward_screen_moderate_completion_nenv10_500k/evaluations/proposed_ppo_s2.csv|/home/aaa/data/qj/stable-baselines3-master/risk_curriculum_metadrive/outputs/reward_screen_safety_soften_nenv10_500k/evaluations/proposed_ppo_s2.csv|/home/aaa/data/qj/stable-baselines3-master/risk_curriculum_metadrive/outputs/stage1000_true_proposed_multiseed/evaluations/proposed_ppo_s2.csv,/home/aaa/data/qj/stable-baselines3-master/risk_curriculum_metadrive/outputs/stage1000_true_proposed_multiseed/runs/proposed_ppo_s2|outputs/iscsic_main_nenv10_1p5m_ent001/runs/proposed_ppo_s2|outputs/reward_screen_completion_boost_nenv10_500k/runs/proposed_ppo_s2|outputs/reward_screen_completion_plus_safety_nenv10_500k/runs/proposed_ppo_s2|outputs/reward_screen_moderate_completion_nenv10_500k/runs/proposed_ppo_s2|outputs/reward_screen_safety_soften_nenv10_500k/runs/proposed_ppo_s2,/home/aaa/data/qj/stable-baselines3-master/risk_curriculum_metadrive/outputs/stage1000_true_proposed_multiseed/runs/proposed_ppo_s2/config.json|outputs/iscsic_main_nenv10_1p5m_ent001/runs/proposed_ppo_s2/config.json|outputs/reward_screen_completion_boost_nenv10_500k/runs/proposed_ppo_s2/config.json|outputs/reward_screen_completion_plus_safety_nenv10_500k/runs/proposed_ppo_s2/config.json|outputs/reward_screen_moderate_completion_nenv10_500k/runs/proposed_ppo_s2/config.json|outputs/reward_screen_safety_soften_nenv10_500k/runs/proposed_ppo_s2/config.json,/home/aaa/data/qj/stable-baselines3-master/risk_curriculum_metadrive/outputs/stage1000_true_proposed_multiseed/runs/proposed_ppo_s2/model/final_model.zip|outputs/iscsic_main_nenv10_1p5m_ent001/runs/proposed_ppo_s2/model/final_model.zip|outputs/reward_screen_completion_boost_nenv10_500k/runs/proposed_ppo_s2/model/final_model.zip|outputs/reward_screen_completion_plus_safety_nenv10_500k/runs/proposed_ppo_s2/model/final_model.zip|outputs/reward_screen_moderate_completion_nenv10_500k/runs/proposed_ppo_s2/model/final_model.zip|outputs/reward_screen_safety_soften_nenv10_500k/runs/proposed_ppo_s2/model/final_model.zip
proposed,ppo,3,0.0,inconsistent_protocol,0.84,0.9745449991098957,0.0,0.0,0.0,516.3088953748952,318.0672773978773,972.38,20.256904768596215,,,,,50,/home/aaa/data/qj/stable-baselines3-master/risk_curriculum_metadrive/outputs/stage1000_true_proposed_s3_nenv8/evaluations/proposed_ppo_s3.csv,/home/aaa/data/qj/stable-baselines3-master/risk_curriculum_metadrive/outputs/stage1000_true_proposed_s3_nenv8/runs/proposed_ppo_s3,/home/aaa/data/qj/stable-baselines3-master/risk_curriculum_metadrive/outputs/stage1000_true_proposed_s3_nenv8/runs/proposed_ppo_s3/config.json,/home/aaa/data/qj/stable-baselines3-master/risk_curriculum_metadrive/outputs/stage1000_true_proposed_s3_nenv8/runs/proposed_ppo_s3/model/final_model.zip
proposed,ppo,3,0.08,inconsistent_protocol,0.74,0.9174773730140015,0.1,0.02,0.12,472.03433814340684,251.85722970699703,920.5,19.878634120215075,,,,,50,/home/aaa/data/qj/stable-baselines3-master/risk_curriculum_metadrive/outputs/stage1000_true_proposed_s3_nenv8/evaluations/proposed_ppo_s3.csv,/home/aaa/data/qj/stable-baselines3-master/risk_curriculum_metadrive/outputs/stage1000_true_proposed_s3_nenv8/runs/proposed_ppo_s3,/home/aaa/data/qj/stable-baselines3-master/risk_curriculum_metadrive/outputs/stage1000_true_proposed_s3_nenv8/runs/proposed_ppo_s3/config.json,/home/aaa/data/qj/stable-baselines3-master/risk_curriculum_metadrive/outputs/stage1000_true_proposed_s3_nenv8/runs/proposed_ppo_s3/model/final_model.zip
proposed,ppo,3,0.15,inconsistent_protocol,0.34,0.7235700473242984,0.56,0.02,0.58,310.8271187411329,-0.6207991937429139,780.64,18.432755429714547,,,,,50,/home/aaa/data/qj/stable-baselines3-master/risk_curriculum_metadrive/outputs/stage1000_true_proposed_s3_nenv8/evaluations/proposed_ppo_s3.csv,/home/aaa/data/qj/stable-baselines3-master/risk_curriculum_metadrive/outputs/stage1000_true_proposed_s3_nenv8/runs/proposed_ppo_s3,/home/aaa/data/qj/stable-baselines3-master/risk_curriculum_metadrive/outputs/stage1000_true_proposed_s3_nenv8/runs/proposed_ppo_s3/config.json,/home/aaa/data/qj/stable-baselines3-master/risk_curriculum_metadrive/outputs/stage1000_true_proposed_s3_nenv8/runs/proposed_ppo_s3/model/final_model.zip
proposed,ppo,4,0.0,inconsistent_protocol,0.84,0.9747161090479811,0.0,0.0,0.0,514.1442226047122,316.72384971364824,972.44,20.25699959691649,,,,,50,/home/aaa/data/qj/stable-baselines3-master/risk_curriculum_metadrive/outputs/stage1000_true_proposed_s4s5_nenv16/evaluations/proposed_ppo_s4.csv,/home/aaa/data/qj/stable-baselines3-master/risk_curriculum_metadrive/outputs/stage1000_true_proposed_s4s5_nenv16/runs/proposed_ppo_s4,/home/aaa/data/qj/stable-baselines3-master/risk_curriculum_metadrive/outputs/stage1000_true_proposed_s4s5_nenv16/runs/proposed_ppo_s4/config.json,/home/aaa/data/qj/stable-baselines3-master/risk_curriculum_metadrive/outputs/stage1000_true_proposed_s4s5_nenv16/runs/proposed_ppo_s4/model/final_model.zip
proposed,ppo,4,0.08,inconsistent_protocol,0.84,0.9728434031293388,0.0,0.0,0.0,513.4698518691953,299.11759789091906,986.8,19.916130446352838,,,,,50,/home/aaa/data/qj/stable-baselines3-master/risk_curriculum_metadrive/outputs/stage1000_true_proposed_s4s5_nenv16/evaluations/proposed_ppo_s4.csv,/home/aaa/data/qj/stable-baselines3-master/risk_curriculum_metadrive/outputs/stage1000_true_proposed_s4s5_nenv16/runs/proposed_ppo_s4,/home/aaa/data/qj/stable-baselines3-master/risk_curriculum_metadrive/outputs/stage1000_true_proposed_s4s5_nenv16/runs/proposed_ppo_s4/config.json,/home/aaa/data/qj/stable-baselines3-master/risk_curriculum_metadrive/outputs/stage1000_true_proposed_s4s5_nenv16/runs/proposed_ppo_s4/model/final_model.zip
proposed,ppo,4,0.15,inconsistent_protocol,0.48,0.7736665984040365,0.42,0.04,0.46,380.63295497733145,116.90695812761132,837.04,18.2507299497376,,,,,50,/home/aaa/data/qj/stable-baselines3-master/risk_curriculum_metadrive/outputs/stage1000_true_proposed_s4s5_nenv16/evaluations/proposed_ppo_s4.csv,/home/aaa/data/qj/stable-baselines3-master/risk_curriculum_metadrive/outputs/stage1000_true_proposed_s4s5_nenv16/runs/proposed_ppo_s4,/home/aaa/data/qj/stable-baselines3-master/risk_curriculum_metadrive/outputs/stage1000_true_proposed_s4s5_nenv16/runs/proposed_ppo_s4/config.json,/home/aaa/data/qj/stable-baselines3-master/risk_curriculum_metadrive/outputs/stage1000_true_proposed_s4s5_nenv16/runs/proposed_ppo_s4/model/final_model.zip
proposed,ppo,5,0.0,inconsistent_protocol,0.84,0.9740959379460492,0.0,0.0,0.0,518.5673828585861,320.3818500382966,975.28,20.186546225999983,,,,,50,/home/aaa/data/qj/stable-baselines3-master/risk_curriculum_metadrive/outputs/stage1000_true_proposed_s4s5_nenv16/evaluations/proposed_ppo_s5.csv,/home/aaa/data/qj/stable-baselines3-master/risk_curriculum_metadrive/outputs/stage1000_true_proposed_s4s5_nenv16/runs/proposed_ppo_s5,/home/aaa/data/qj/stable-baselines3-master/risk_curriculum_metadrive/outputs/stage1000_true_proposed_s4s5_nenv16/runs/proposed_ppo_s5/config.json,/home/aaa/data/qj/stable-baselines3-master/risk_curriculum_metadrive/outputs/stage1000_true_proposed_s4s5_nenv16/runs/proposed_ppo_s5/model/final_model.zip
proposed,ppo,5,0.08,inconsistent_protocol,0.78,0.9580413628610442,0.02,0.0,0.02,500.65524405681265,281.28724165276253,977.02,19.849153759535895,,,,,50,/home/aaa/data/qj/stable-baselines3-master/risk_curriculum_metadrive/outputs/stage1000_true_proposed_s4s5_nenv16/evaluations/proposed_ppo_s5.csv,/home/aaa/data/qj/stable-baselines3-master/risk_curriculum_metadrive/outputs/stage1000_true_proposed_s4s5_nenv16/runs/proposed_ppo_s5,/home/aaa/data/qj/stable-baselines3-master/risk_curriculum_metadrive/outputs/stage1000_true_proposed_s4s5_nenv16/runs/proposed_ppo_s5/config.json,/home/aaa/data/qj/stable-baselines3-master/risk_curriculum_metadrive/outputs/stage1000_true_proposed_s4s5_nenv16/runs/proposed_ppo_s5/model/final_model.zip
proposed,ppo,5,0.15,inconsistent_protocol,0.46,0.7706618186085881,0.34,0.08,0.42,361.14665717653855,85.65615301153164,841.52,18.207823781787127,,,,,50,/home/aaa/data/qj/stable-baselines3-master/risk_curriculum_metadrive/outputs/stage1000_true_proposed_s4s5_nenv16/evaluations/proposed_ppo_s5.csv,/home/aaa/data/qj/stable-baselines3-master/risk_curriculum_metadrive/outputs/stage1000_true_proposed_s4s5_nenv16/runs/proposed_ppo_s5,/home/aaa/data/qj/stable-baselines3-master/risk_curriculum_metadrive/outputs/stage1000_true_proposed_s4s5_nenv16/runs/proposed_ppo_s5/config.json,/home/aaa/data/qj/stable-baselines3-master/risk_curriculum_metadrive/outputs/stage1000_true_proposed_s4s5_nenv16/runs/proposed_ppo_s5/model/final_model.zip
proposed,ppo,6,0.0,inconsistent_protocol,0.84,0.9745759978659388,0.0,0.0,0.0,549.4331513536372,340.76589297206004,972.58,20.24121680758693,,,,,50,/home/aaa/data/qj/stable-baselines3-master/risk_curriculum_metadrive/outputs/stage1000_true_proposed_s6s7_independent_nenv24/evaluations/proposed_ppo_s6.csv,/home/aaa/data/qj/stable-baselines3-master/risk_curriculum_metadrive/outputs/stage1000_true_proposed_s6s7_independent_nenv24/runs/proposed_ppo_s6,/home/aaa/data/qj/stable-baselines3-master/risk_curriculum_metadrive/outputs/stage1000_true_proposed_s6s7_independent_nenv24/runs/proposed_ppo_s6/config.json,/home/aaa/data/qj/stable-baselines3-master/risk_curriculum_metadrive/outputs/stage1000_true_proposed_s6s7_independent_nenv24/runs/proposed_ppo_s6/model/final_model.zip
proposed,ppo,6,0.08,inconsistent_protocol,0.7,0.9021561854478374,0.14,0.0,0.14,500.1309217204686,273.74889866471807,910.54,19.9631026913116,,,,,50,/home/aaa/data/qj/stable-baselines3-master/risk_curriculum_metadrive/outputs/stage1000_true_proposed_s6s7_independent_nenv24/evaluations/proposed_ppo_s6.csv,/home/aaa/data/qj/stable-baselines3-master/risk_curriculum_metadrive/outputs/stage1000_true_proposed_s6s7_independent_nenv24/runs/proposed_ppo_s6,/home/aaa/data/qj/stable-baselines3-master/risk_curriculum_metadrive/outputs/stage1000_true_proposed_s6s7_independent_nenv24/runs/proposed_ppo_s6/config.json,/home/aaa/data/qj/stable-baselines3-master/risk_curriculum_metadrive/outputs/stage1000_true_proposed_s6s7_independent_nenv24/runs/proposed_ppo_s6/model/final_model.zip
proposed,ppo,6,0.15,inconsistent_protocol,0.46,0.7916598988544641,0.46,0.0,0.46,409.1466981514017,131.5196275836407,862.76,18.23779430912919,,,,,50,/home/aaa/data/qj/stable-baselines3-master/risk_curriculum_metadrive/outputs/stage1000_true_proposed_s6s7_independent_nenv24/evaluations/proposed_ppo_s6.csv,/home/aaa/data/qj/stable-baselines3-master/risk_curriculum_metadrive/outputs/stage1000_true_proposed_s6s7_independent_nenv24/runs/proposed_ppo_s6,/home/aaa/data/qj/stable-baselines3-master/risk_curriculum_metadrive/outputs/stage1000_true_proposed_s6s7_independent_nenv24/runs/proposed_ppo_s6/config.json,/home/aaa/data/qj/stable-baselines3-master/risk_curriculum_metadrive/outputs/stage1000_true_proposed_s6s7_independent_nenv24/runs/proposed_ppo_s6/model/final_model.zip
proposed,ppo,7,0.0,inconsistent_protocol,0.84,0.973604557145775,0.0,0.0,0.0,429.6021872695201,239.41651237187207,976.28,20.17104794870708,,,,,50,/home/aaa/data/qj/stable-baselines3-master/risk_curriculum_metadrive/outputs/stage1000_true_proposed_s6s7_independent_nenv24/evaluations/proposed_ppo_s7.csv,/home/aaa/data/qj/stable-baselines3-master/risk_curriculum_metadrive/outputs/stage1000_true_proposed_s6s7_independent_nenv24/runs/proposed_ppo_s7,/home/aaa/data/qj/stable-baselines3-master/risk_curriculum_metadrive/outputs/stage1000_true_proposed_s6s7_independent_nenv24/runs/proposed_ppo_s7/config.json,/home/aaa/data/qj/stable-baselines3-master/risk_curriculum_metadrive/outputs/stage1000_true_proposed_s6s7_independent_nenv24/runs/proposed_ppo_s7/model/final_model.zip
proposed,ppo,7,0.08,inconsistent_protocol,0.72,0.914274763959338,0.08,0.02,0.1,374.83907383714353,154.53783918194824,929.62,19.77706268756843,,,,,50,/home/aaa/data/qj/stable-baselines3-master/risk_curriculum_metadrive/outputs/stage1000_true_proposed_s6s7_independent_nenv24/evaluations/proposed_ppo_s7.csv,/home/aaa/data/qj/stable-baselines3-master/risk_curriculum_metadrive/outputs/stage1000_true_proposed_s6s7_independent_nenv24/runs/proposed_ppo_s7,/home/aaa/data/qj/stable-baselines3-master/risk_curriculum_metadrive/outputs/stage1000_true_proposed_s6s7_independent_nenv24/runs/proposed_ppo_s7/config.json,/home/aaa/data/qj/stable-baselines3-master/risk_curriculum_metadrive/outputs/stage1000_true_proposed_s6s7_independent_nenv24/runs/proposed_ppo_s7/model/final_model.zip
proposed,ppo,7,0.15,inconsistent_protocol,0.38,0.756589332212555,0.48,0.04,0.52,261.4056456891587,-75.34380015624939,835.9,17.96317056010609,,,,,50,/home/aaa/data/qj/stable-baselines3-master/risk_curriculum_metadrive/outputs/stage1000_true_proposed_s6s7_independent_nenv24/evaluations/proposed_ppo_s7.csv,/home/aaa/data/qj/stable-baselines3-master/risk_curriculum_metadrive/outputs/stage1000_true_proposed_s6s7_independent_nenv24/runs/proposed_ppo_s7,/home/aaa/data/qj/stable-baselines3-master/risk_curriculum_metadrive/outputs/stage1000_true_proposed_s6s7_independent_nenv24/runs/proposed_ppo_s7/config.json,/home/aaa/data/qj/stable-baselines3-master/risk_curriculum_metadrive/outputs/stage1000_true_proposed_s6s7_independent_nenv24/runs/proposed_ppo_s7/model/final_model.zip
proposed,ppo,8,0.0,inconsistent_protocol,0.84,0.974561737425851,0.0,0.0,0.0,526.4014750886489,325.4140251664922,972.14,20.256026808400915,,,,,50,/home/aaa/data/qj/stable-baselines3-master/risk_curriculum_metadrive/outputs/stage1000_true_proposed_s8s9_independent_nenv32/evaluations/proposed_ppo_s8.csv,/home/aaa/data/qj/stable-baselines3-master/risk_curriculum_metadrive/outputs/stage1000_true_proposed_s8s9_independent_nenv32/runs/proposed_ppo_s8,/home/aaa/data/qj/stable-baselines3-master/risk_curriculum_metadrive/outputs/stage1000_true_proposed_s8s9_independent_nenv32/runs/proposed_ppo_s8/config.json,/home/aaa/data/qj/stable-baselines3-master/risk_curriculum_metadrive/outputs/stage1000_true_proposed_s8s9_independent_nenv32/runs/proposed_ppo_s8/model/final_model.zip
proposed,ppo,8,0.08,inconsistent_protocol,0.72,0.9299940843336284,0.1,0.0,0.1,505.0641533217282,279.8173321545399,943.18,19.993848685195786,,,,,50,/home/aaa/data/qj/stable-baselines3-master/risk_curriculum_metadrive/outputs/stage1000_true_proposed_s8s9_independent_nenv32/evaluations/proposed_ppo_s8.csv,/home/aaa/data/qj/stable-baselines3-master/risk_curriculum_metadrive/outputs/stage1000_true_proposed_s8s9_independent_nenv32/runs/proposed_ppo_s8,/home/aaa/data/qj/stable-baselines3-master/risk_curriculum_metadrive/outputs/stage1000_true_proposed_s8s9_independent_nenv32/runs/proposed_ppo_s8/config.json,/home/aaa/data/qj/stable-baselines3-master/risk_curriculum_metadrive/outputs/stage1000_true_proposed_s8s9_independent_nenv32/runs/proposed_ppo_s8/model/final_model.zip
proposed,ppo,8,0.15,inconsistent_protocol,0.58,0.80240849752628,0.28,0.06,0.34,389.2393134731715,111.73420917175625,857.72,18.31790793703332,,,,,50,/home/aaa/data/qj/stable-baselines3-master/risk_curriculum_metadrive/outputs/stage1000_true_proposed_s8s9_independent_nenv32/evaluations/proposed_ppo_s8.csv,/home/aaa/data/qj/stable-baselines3-master/risk_curriculum_metadrive/outputs/stage1000_true_proposed_s8s9_independent_nenv32/runs/proposed_ppo_s8,/home/aaa/data/qj/stable-baselines3-master/risk_curriculum_metadrive/outputs/stage1000_true_proposed_s8s9_independent_nenv32/runs/proposed_ppo_s8/config.json,/home/aaa/data/qj/stable-baselines3-master/risk_curriculum_metadrive/outputs/stage1000_true_proposed_s8s9_independent_nenv32/runs/proposed_ppo_s8/model/final_model.zip
proposed,ppo,9,0.0,inconsistent_protocol,0.84,0.9750036678655967,0.0,0.0,0.0,381.95884620981485,187.69924519132852,971.86,20.244697094743163,,,,,50,/home/aaa/data/qj/stable-baselines3-master/risk_curriculum_metadrive/outputs/stage1000_true_proposed_s8s9_independent_nenv32/evaluations/proposed_ppo_s9.csv,/home/aaa/data/qj/stable-baselines3-master/risk_curriculum_metadrive/outputs/stage1000_true_proposed_s8s9_independent_nenv32/runs/proposed_ppo_s9,/home/aaa/data/qj/stable-baselines3-master/risk_curriculum_metadrive/outputs/stage1000_true_proposed_s8s9_independent_nenv32/runs/proposed_ppo_s9/config.json,/home/aaa/data/qj/stable-baselines3-master/risk_curriculum_metadrive/outputs/stage1000_true_proposed_s8s9_independent_nenv32/runs/proposed_ppo_s9/model/final_model.zip
proposed,ppo,9,0.08,inconsistent_protocol,0.7,0.9139301188549162,0.14,0.0,0.14,338.2980427440871,128.2496828000041,913.22,20.047609675736577,,,,,50,/home/aaa/data/qj/stable-baselines3-master/risk_curriculum_metadrive/outputs/stage1000_true_proposed_s8s9_independent_nenv32/evaluations/proposed_ppo_s9.csv,/home/aaa/data/qj/stable-baselines3-master/risk_curriculum_metadrive/outputs/stage1000_true_proposed_s8s9_independent_nenv32/runs/proposed_ppo_s9,/home/aaa/data/qj/stable-baselines3-master/risk_curriculum_metadrive/outputs/stage1000_true_proposed_s8s9_independent_nenv32/runs/proposed_ppo_s9/config.json,/home/aaa/data/qj/stable-baselines3-master/risk_curriculum_metadrive/outputs/stage1000_true_proposed_s8s9_independent_nenv32/runs/proposed_ppo_s9/model/final_model.zip
proposed,ppo,9,0.15,inconsistent_protocol,0.48,0.7864959878896467,0.4,0.0,0.4,276.5545225014899,26.125442684591643,841.2,18.54286753333063,,,,,50,/home/aaa/data/qj/stable-baselines3-master/risk_curriculum_metadrive/outputs/stage1000_true_proposed_s8s9_independent_nenv32/evaluations/proposed_ppo_s9.csv,/home/aaa/data/qj/stable-baselines3-master/risk_curriculum_metadrive/outputs/stage1000_true_proposed_s8s9_independent_nenv32/runs/proposed_ppo_s9,/home/aaa/data/qj/stable-baselines3-master/risk_curriculum_metadrive/outputs/stage1000_true_proposed_s8s9_independent_nenv32/runs/proposed_ppo_s9/config.json,/home/aaa/data/qj/stable-baselines3-master/risk_curriculum_metadrive/outputs/stage1000_true_proposed_s8s9_independent_nenv32/runs/proposed_ppo_s9/model/final_model.zip
proposed,ppo,10,0.0,inconsistent_protocol,0.84,0.9745831309954954,0.0,0.0,0.0,555.218368678454,345.0366419501277,972.14,20.255770767645977,,,,,50,/home/aaa/data/qj/stable-baselines3-master/risk_curriculum_metadrive/outputs/stage1000_true_proposed_s10s11_independent_nenv32/evaluations/proposed_ppo_s10.csv,/home/aaa/data/qj/stable-baselines3-master/risk_curriculum_metadrive/outputs/stage1000_true_proposed_s10s11_independent_nenv32/runs/proposed_ppo_s10,/home/aaa/data/qj/stable-baselines3-master/risk_curriculum_metadrive/outputs/stage1000_true_proposed_s10s11_independent_nenv32/runs/proposed_ppo_s10/config.json,/home/aaa/data/qj/stable-baselines3-master/risk_curriculum_metadrive/outputs/stage1000_true_proposed_s10s11_independent_nenv32/runs/proposed_ppo_s10/model/final_model.zip
proposed,ppo,10,0.08,inconsistent_protocol,0.78,0.9483120651778845,0.06,0.0,0.06,530.7577880640333,311.79582126699114,956.08,20.017461510934687,,,,,50,/home/aaa/data/qj/stable-baselines3-master/risk_curriculum_metadrive/outputs/stage1000_true_proposed_s10s11_independent_nenv32/evaluations/proposed_ppo_s10.csv,/home/aaa/data/qj/stable-baselines3-master/risk_curriculum_metadrive/outputs/stage1000_true_proposed_s10s11_independent_nenv32/runs/proposed_ppo_s10,/home/aaa/data/qj/stable-baselines3-master/risk_curriculum_metadrive/outputs/stage1000_true_proposed_s10s11_independent_nenv32/runs/proposed_ppo_s10/config.json,/home/aaa/data/qj/stable-baselines3-master/risk_curriculum_metadrive/outputs/stage1000_true_proposed_s10s11_independent_nenv32/runs/proposed_ppo_s10/model/final_model.zip
proposed,ppo,10,0.15,inconsistent_protocol,0.5,0.7686992953335738,0.46,0.0,0.46,388.8083898950063,129.28341111265047,812.56,18.405535667186268,,,,,50,/home/aaa/data/qj/stable-baselines3-master/risk_curriculum_metadrive/outputs/stage1000_true_proposed_s10s11_independent_nenv32/evaluations/proposed_ppo_s10.csv,/home/aaa/data/qj/stable-baselines3-master/risk_curriculum_metadrive/outputs/stage1000_true_proposed_s10s11_independent_nenv32/runs/proposed_ppo_s10,/home/aaa/data/qj/stable-baselines3-master/risk_curriculum_metadrive/outputs/stage1000_true_proposed_s10s11_independent_nenv32/runs/proposed_ppo_s10/config.json,/home/aaa/data/qj/stable-baselines3-master/risk_curriculum_metadrive/outputs/stage1000_true_proposed_s10s11_independent_nenv32/runs/proposed_ppo_s10/model/final_model.zip
proposed,ppo,11,0.0,inconsistent_protocol,0.84,0.9744051828835419,0.0,0.0,0.0,542.6096709852475,336.2714958212517,972.42,20.248975802890516,,,,,50,/home/aaa/data/qj/stable-baselines3-master/risk_curriculum_metadrive/outputs/stage1000_true_proposed_s10s11_independent_nenv32/evaluations/proposed_ppo_s11.csv,/home/aaa/data/qj/stable-baselines3-master/risk_curriculum_metadrive/outputs/stage1000_true_proposed_s10s11_independent_nenv32/runs/proposed_ppo_s11,/home/aaa/data/qj/stable-baselines3-master/risk_curriculum_metadrive/outputs/stage1000_true_proposed_s10s11_independent_nenv32/runs/proposed_ppo_s11/config.json,/home/aaa/data/qj/stable-baselines3-master/risk_curriculum_metadrive/outputs/stage1000_true_proposed_s10s11_independent_nenv32/runs/proposed_ppo_s11/model/final_model.zip
proposed,ppo,11,0.08,inconsistent_protocol,0.76,0.9204947458269231,0.08,0.0,0.08,508.4542777799208,295.15594609272455,928.6,20.00525519379362,,,,,50,/home/aaa/data/qj/stable-baselines3-master/risk_curriculum_metadrive/outputs/stage1000_true_proposed_s10s11_independent_nenv32/evaluations/proposed_ppo_s11.csv,/home/aaa/data/qj/stable-baselines3-master/risk_curriculum_metadrive/outputs/stage1000_true_proposed_s10s11_independent_nenv32/runs/proposed_ppo_s11,/home/aaa/data/qj/stable-baselines3-master/risk_curriculum_metadrive/outputs/stage1000_true_proposed_s10s11_independent_nenv32/runs/proposed_ppo_s11/config.json,/home/aaa/data/qj/stable-baselines3-master/risk_curriculum_metadrive/outputs/stage1000_true_proposed_s10s11_independent_nenv32/runs/proposed_ppo_s11/model/final_model.zip
proposed,ppo,11,0.15,inconsistent_protocol,0.52,0.8145827717449297,0.3,0.04,0.34,417.4842394291021,152.2558550035635,879.12,18.31085649846762,,,,,50,/home/aaa/data/qj/stable-baselines3-master/risk_curriculum_metadrive/outputs/stage1000_true_proposed_s10s11_independent_nenv32/evaluations/proposed_ppo_s11.csv,/home/aaa/data/qj/stable-baselines3-master/risk_curriculum_metadrive/outputs/stage1000_true_proposed_s10s11_independent_nenv32/runs/proposed_ppo_s11,/home/aaa/data/qj/stable-baselines3-master/risk_curriculum_metadrive/outputs/stage1000_true_proposed_s10s11_independent_nenv32/runs/proposed_ppo_s11/config.json,/home/aaa/data/qj/stable-baselines3-master/risk_curriculum_metadrive/outputs/stage1000_true_proposed_s10s11_independent_nenv32/runs/proposed_ppo_s11/model/final_model.zip
proposed,ppo,12,0.0,inconsistent_protocol,0.84,0.9745640923312179,0.0,0.0,0.0,546.1469769161719,339.50010634318414,971.94,20.25713403497541,,,,,50,/home/aaa/data/qj/stable-baselines3-master/risk_curriculum_metadrive/outputs/stage1000_true_proposed_s12s13_gpu0_nenv24/evaluations/proposed_ppo_s12.csv,/home/aaa/data/qj/stable-baselines3-master/risk_curriculum_metadrive/outputs/stage1000_true_proposed_s12s13_gpu0_nenv24/runs/proposed_ppo_s12,/home/aaa/data/qj/stable-baselines3-master/risk_curriculum_metadrive/outputs/stage1000_true_proposed_s12s13_gpu0_nenv24/runs/proposed_ppo_s12/config.json,/home/aaa/data/qj/stable-baselines3-master/risk_curriculum_metadrive/outputs/stage1000_true_proposed_s12s13_gpu0_nenv24/runs/proposed_ppo_s12/model/final_model.zip
proposed,ppo,12,0.08,inconsistent_protocol,0.72,0.9087077404654998,0.12,0.0,0.12,489.24571569185036,272.74525178392355,918.72,19.974388438455033,,,,,50,/home/aaa/data/qj/stable-baselines3-master/risk_curriculum_metadrive/outputs/stage1000_true_proposed_s12s13_gpu0_nenv24/evaluations/proposed_ppo_s12.csv,/home/aaa/data/qj/stable-baselines3-master/risk_curriculum_metadrive/outputs/stage1000_true_proposed_s12s13_gpu0_nenv24/runs/proposed_ppo_s12,/home/aaa/data/qj/stable-baselines3-master/risk_curriculum_metadrive/outputs/stage1000_true_proposed_s12s13_gpu0_nenv24/runs/proposed_ppo_s12/config.json,/home/aaa/data/qj/stable-baselines3-master/risk_curriculum_metadrive/outputs/stage1000_true_proposed_s12s13_gpu0_nenv24/runs/proposed_ppo_s12/model/final_model.zip
proposed,ppo,12,0.15,inconsistent_protocol,0.38,0.742285707148876,0.5,0.06,0.56,357.33616124905643,76.14484512853132,804.96,18.392061538543988,,,,,50,/home/aaa/data/qj/stable-baselines3-master/risk_curriculum_metadrive/outputs/stage1000_true_proposed_s12s13_gpu0_nenv24/evaluations/proposed_ppo_s12.csv,/home/aaa/data/qj/stable-baselines3-master/risk_curriculum_metadrive/outputs/stage1000_true_proposed_s12s13_gpu0_nenv24/runs/proposed_ppo_s12,/home/aaa/data/qj/stable-baselines3-master/risk_curriculum_metadrive/outputs/stage1000_true_proposed_s12s13_gpu0_nenv24/runs/proposed_ppo_s12/config.json,/home/aaa/data/qj/stable-baselines3-master/risk_curriculum_metadrive/outputs/stage1000_true_proposed_s12s13_gpu0_nenv24/runs/proposed_ppo_s12/model/final_model.zip
proposed,ppo,13,0.0,inconsistent_protocol,0.84,0.9744209774872516,0.0,0.0,0.0,501.46335413162336,307.81371232753315,973.52,20.22313977914505,,,,,50,/home/aaa/data/qj/stable-baselines3-master/risk_curriculum_metadrive/outputs/stage1000_true_proposed_s12s13_gpu0_nenv24/evaluations/proposed_ppo_s13.csv,/home/aaa/data/qj/stable-baselines3-master/risk_curriculum_metadrive/outputs/stage1000_true_proposed_s12s13_gpu0_nenv24/runs/proposed_ppo_s13,/home/aaa/data/qj/stable-baselines3-master/risk_curriculum_metadrive/outputs/stage1000_true_proposed_s12s13_gpu0_nenv24/runs/proposed_ppo_s13/config.json,/home/aaa/data/qj/stable-baselines3-master/risk_curriculum_metadrive/outputs/stage1000_true_proposed_s12s13_gpu0_nenv24/runs/proposed_ppo_s13/model/final_model.zip
proposed,ppo,13,0.08,inconsistent_protocol,0.72,0.9099516378158996,0.12,0.0,0.12,465.17561220517564,258.40103479232397,919.18,19.920662301297448,,,,,50,/home/aaa/data/qj/stable-baselines3-master/risk_curriculum_metadrive/outputs/stage1000_true_proposed_s12s13_gpu0_nenv24/evaluations/proposed_ppo_s13.csv,/home/aaa/data/qj/stable-baselines3-master/risk_curriculum_metadrive/outputs/stage1000_true_proposed_s12s13_gpu0_nenv24/runs/proposed_ppo_s13,/home/aaa/data/qj/stable-baselines3-master/risk_curriculum_metadrive/outputs/stage1000_true_proposed_s12s13_gpu0_nenv24/runs/proposed_ppo_s13/config.json,/home/aaa/data/qj/stable-baselines3-master/risk_curriculum_metadrive/outputs/stage1000_true_proposed_s12s13_gpu0_nenv24/runs/proposed_ppo_s13/model/final_model.zip
proposed,ppo,13,0.15,inconsistent_protocol,0.46,0.778099487062082,0.44,0.0,0.44,375.71272548412554,121.57126654776532,844.74,18.237107780473696,,,,,50,/home/aaa/data/qj/stable-baselines3-master/risk_curriculum_metadrive/outputs/stage1000_true_proposed_s12s13_gpu0_nenv24/evaluations/proposed_ppo_s13.csv,/home/aaa/data/qj/stable-baselines3-master/risk_curriculum_metadrive/outputs/stage1000_true_proposed_s12s13_gpu0_nenv24/runs/proposed_ppo_s13,/home/aaa/data/qj/stable-baselines3-master/risk_curriculum_metadrive/outputs/stage1000_true_proposed_s12s13_gpu0_nenv24/runs/proposed_ppo_s13/config.json,/home/aaa/data/qj/stable-baselines3-master/risk_curriculum_metadrive/outputs/stage1000_true_proposed_s12s13_gpu0_nenv24/runs/proposed_ppo_s13/model/final_model.zip
proposed_wo_ttc,ppo,2,0.0,inconsistent_protocol,0.87,0.982146658598747,0.0,0.0,0.0,505.4506808183287,292.642433107566,984.18,20.24656253900545,0.8611804714098052,0.0,0.0,0.8611804714098052,100,/home/aaa/data/qj/stable-baselines3-master/risk_curriculum_metadrive/outputs/ablation_proposed_wo_ttc_nenv10_500k/evaluations/proposed_wo_ttc_ppo_s2.csv|/home/aaa/data/qj/stable-baselines3-master/risk_curriculum_metadrive/outputs/iscsic_main_nenv10_1p5m_ent001/evaluations/proposed_wo_ttc_ppo_s2.csv,outputs/ablation_proposed_wo_ttc_nenv10_500k/runs/proposed_wo_ttc_ppo_s2|outputs/iscsic_main_nenv10_1p5m_ent001/runs/proposed_wo_ttc_ppo_s2,outputs/ablation_proposed_wo_ttc_nenv10_500k/runs/proposed_wo_ttc_ppo_s2/config.json|outputs/iscsic_main_nenv10_1p5m_ent001/runs/proposed_wo_ttc_ppo_s2/config.json,outputs/ablation_proposed_wo_ttc_nenv10_500k/runs/proposed_wo_ttc_ppo_s2/model/final_model.zip|outputs/iscsic_main_nenv10_1p5m_ent001/runs/proposed_wo_ttc_ppo_s2/model/final_model.zip
proposed_wo_ttc,ppo,2,0.08,inconsistent_protocol,0.69,0.9179331291317273,0.12,0.02,0.14,483.1433790801611,255.7231239217797,966.61,19.90308903400502,0.8416024859248193,0.00446305115402201,0.005157176697313875,0.8319822580734835,100,/home/aaa/data/qj/stable-baselines3-master/risk_curriculum_metadrive/outputs/ablation_proposed_wo_ttc_nenv10_500k/evaluations/proposed_wo_ttc_ppo_s2.csv|/home/aaa/data/qj/stable-baselines3-master/risk_curriculum_metadrive/outputs/iscsic_main_nenv10_1p5m_ent001/evaluations/proposed_wo_ttc_ppo_s2.csv,outputs/ablation_proposed_wo_ttc_nenv10_500k/runs/proposed_wo_ttc_ppo_s2|outputs/iscsic_main_nenv10_1p5m_ent001/runs/proposed_wo_ttc_ppo_s2,outputs/ablation_proposed_wo_ttc_nenv10_500k/runs/proposed_wo_ttc_ppo_s2/config.json|outputs/iscsic_main_nenv10_1p5m_ent001/runs/proposed_wo_ttc_ppo_s2/config.json,outputs/ablation_proposed_wo_ttc_nenv10_500k/runs/proposed_wo_ttc_ppo_s2/model/final_model.zip|outputs/iscsic_main_nenv10_1p5m_ent001/runs/proposed_wo_ttc_ppo_s2/model/final_model.zip
proposed_wo_ttc,ppo,2,0.15,inconsistent_protocol,0.41,0.770434632878992,0.46,0.06,0.52,361.8571160589179,112.38196422703375,843.65,18.55353690215341,0.7411273179629333,0.030824341442829813,0.010504244584730624,0.6997987319353727,100,/home/aaa/data/qj/stable-baselines3-master/risk_curriculum_metadrive/outputs/ablation_proposed_wo_ttc_nenv10_500k/evaluations/proposed_wo_ttc_ppo_s2.csv|/home/aaa/data/qj/stable-baselines3-master/risk_curriculum_metadrive/outputs/iscsic_main_nenv10_1p5m_ent001/evaluations/proposed_wo_ttc_ppo_s2.csv,outputs/ablation_proposed_wo_ttc_nenv10_500k/runs/proposed_wo_ttc_ppo_s2|outputs/iscsic_main_nenv10_1p5m_ent001/runs/proposed_wo_ttc_ppo_s2,outputs/ablation_proposed_wo_ttc_nenv10_500k/runs/proposed_wo_ttc_ppo_s2/config.json|outputs/iscsic_main_nenv10_1p5m_ent001/runs/proposed_wo_ttc_ppo_s2/config.json,outputs/ablation_proposed_wo_ttc_nenv10_500k/runs/proposed_wo_ttc_ppo_s2/model/final_model.zip|outputs/iscsic_main_nenv10_1p5m_ent001/runs/proposed_wo_ttc_ppo_s2/model/final_model.zip
risk,ppo,0,0.0,inconsistent_protocol,0.84,0.9750413197917698,0.0,0.0,0.0,481.1478036537378,280.98883603312663,971.06,20.244826086089446,,,,,50,/home/aaa/data/qj/stable-baselines3-master/risk_curriculum_metadrive/outputs/paper_comparison_seed0/evaluations/risk_ppo_s0.csv,/home/aaa/data/qj/stable-baselines3-master/risk_curriculum_metadrive/outputs/paper_comparison_seed0/runs/risk_ppo_s0,/home/aaa/data/qj/stable-baselines3-master/risk_curriculum_metadrive/outputs/paper_comparison_seed0/runs/risk_ppo_s0/config.json,/home/aaa/data/qj/stable-baselines3-master/risk_curriculum_metadrive/outputs/paper_comparison_seed0/runs/risk_ppo_s0/model/final_model.zip
risk,ppo,0,0.0,screening,0.0,,0.1,0.9,1.0,187.32005008362404,182.4183713512975,,47.1540436777665,,,,,20,/home/aaa/data/qj/stable-baselines3-master/risk_curriculum_metadrive/outputs/evaluations/risk_ppo_s0.csv,/home/aaa/data/qj/stable-baselines3-master/risk_curriculum_metadrive/outputs/runs/risk_ppo_s0,/home/aaa/data/qj/stable-baselines3-master/risk_curriculum_metadrive/outputs/runs/risk_ppo_s0/config.json,/home/aaa/data/qj/stable-baselines3-master/risk_curriculum_metadrive/outputs/runs/risk_ppo_s0/model/final_model.zip
risk,ppo,0,0.08,inconsistent_protocol,0.74,0.9243904330660833,0.08,0.0,0.08,454.9404297163489,233.0064645462797,938.48,19.85367846807973,,,,,50,/home/aaa/data/qj/stable-baselines3-master/risk_curriculum_metadrive/outputs/paper_comparison_seed0/evaluations/risk_ppo_s0.csv,/home/aaa/data/qj/stable-baselines3-master/risk_curriculum_metadrive/outputs/paper_comparison_seed0/runs/risk_ppo_s0,/home/aaa/data/qj/stable-baselines3-master/risk_curriculum_metadrive/outputs/paper_comparison_seed0/runs/risk_ppo_s0/config.json,/home/aaa/data/qj/stable-baselines3-master/risk_curriculum_metadrive/outputs/paper_comparison_seed0/runs/risk_ppo_s0/model/final_model.zip
risk,ppo,0,0.1,screening,0.0,,0.6,0.4,1.0,116.02776705614397,106.45409435202649,,43.41587990352094,,,,,20,/home/aaa/data/qj/stable-baselines3-master/risk_curriculum_metadrive/outputs/evaluations/risk_ppo_s0.csv,/home/aaa/data/qj/stable-baselines3-master/risk_curriculum_metadrive/outputs/runs/risk_ppo_s0,/home/aaa/data/qj/stable-baselines3-master/risk_curriculum_metadrive/outputs/runs/risk_ppo_s0/config.json,/home/aaa/data/qj/stable-baselines3-master/risk_curriculum_metadrive/outputs/runs/risk_ppo_s0/model/final_model.zip
risk,ppo,0,0.15,inconsistent_protocol,0.42,0.7285839062025431,0.56,0.0,0.56,331.37541006906764,56.6672052310146,769.24,18.33835755098913,,,,,50,/home/aaa/data/qj/stable-baselines3-master/risk_curriculum_metadrive/outputs/paper_comparison_seed0/evaluations/risk_ppo_s0.csv,/home/aaa/data/qj/stable-baselines3-master/risk_curriculum_metadrive/outputs/paper_comparison_seed0/runs/risk_ppo_s0,/home/aaa/data/qj/stable-baselines3-master/risk_curriculum_metadrive/outputs/paper_comparison_seed0/runs/risk_ppo_s0/config.json,/home/aaa/data/qj/stable-baselines3-master/risk_curriculum_metadrive/outputs/paper_comparison_seed0/runs/risk_ppo_s0/model/final_model.zip
risk,ppo,0,0.25,screening,0.0,,0.7,0.3,1.0,71.05480546382307,62.22708220510151,,37.05122656943441,,,,,20,/home/aaa/data/qj/stable-baselines3-master/risk_curriculum_metadrive/outputs/evaluations/risk_ppo_s0.csv,/home/aaa/data/qj/stable-baselines3-master/risk_curriculum_metadrive/outputs/runs/risk_ppo_s0,/home/aaa/data/qj/stable-baselines3-master/risk_curriculum_metadrive/outputs/runs/risk_ppo_s0/config.json,/home/aaa/data/qj/stable-baselines3-master/risk_curriculum_metadrive/outputs/runs/risk_ppo_s0/model/final_model.zip
risk,ppo,1,0.0,inconsistent_protocol,0.88,0.9815738267904357,0.0,0.0,0.0,491.9113514618546,287.64014377275305,973.82,20.25368181688041,0.8671749310912604,0.0,0.0,0.8671749310912604,100,/home/aaa/data/qj/stable-baselines3-master/risk_curriculum_metadrive/outputs/iscsic_main_nenv10/evaluations/risk_ppo_s1.csv|/home/aaa/data/qj/stable-baselines3-master/risk_curriculum_metadrive/outputs/iscsic_main_nenv10_1p5m_ent001/evaluations/risk_ppo_s1.csv,outputs/iscsic_main_nenv10/runs/risk_ppo_s1|outputs/iscsic_main_nenv10_1p5m_ent001/runs/risk_ppo_s1,outputs/iscsic_main_nenv10/runs/risk_ppo_s1/config.json|outputs/iscsic_main_nenv10_1p5m_ent001/runs/risk_ppo_s1/config.json,outputs/iscsic_main_nenv10/runs/risk_ppo_s1/model/final_model.zip|outputs/iscsic_main_nenv10_1p5m_ent001/runs/risk_ppo_s1/model/final_model.zip
risk,ppo,1,0.08,inconsistent_protocol,0.75,0.9358951555580483,0.08,0.01,0.09,465.32584186647904,252.9568784635076,947.67,19.99636648734668,0.8496931373558942,0.004457565256795676,0.002322298271368541,0.8429132738277301,100,/home/aaa/data/qj/stable-baselines3-master/risk_curriculum_metadrive/outputs/iscsic_main_nenv10/evaluations/risk_ppo_s1.csv|/home/aaa/data/qj/stable-baselines3-master/risk_curriculum_metadrive/outputs/iscsic_main_nenv10_1p5m_ent001/evaluations/risk_ppo_s1.csv,outputs/iscsic_main_nenv10/runs/risk_ppo_s1|outputs/iscsic_main_nenv10_1p5m_ent001/runs/risk_ppo_s1,outputs/iscsic_main_nenv10/runs/risk_ppo_s1/config.json|outputs/iscsic_main_nenv10_1p5m_ent001/runs/risk_ppo_s1/config.json,outputs/iscsic_main_nenv10/runs/risk_ppo_s1/model/final_model.zip|outputs/iscsic_main_nenv10_1p5m_ent001/runs/risk_ppo_s1/model/final_model.zip
risk,ppo,1,0.15,inconsistent_protocol,0.45,0.778166361148324,0.42,0.03,0.45,348.9049708463075,122.2258191655666,832.27,18.419375612223597,0.7418210441136073,0.03410358201145889,0.010839085701561404,0.6968783764005869,100,/home/aaa/data/qj/stable-baselines3-master/risk_curriculum_metadrive/outputs/iscsic_main_nenv10/evaluations/risk_ppo_s1.csv|/home/aaa/data/qj/stable-baselines3-master/risk_curriculum_metadrive/outputs/iscsic_main_nenv10_1p5m_ent001/evaluations/risk_ppo_s1.csv,outputs/iscsic_main_nenv10/runs/risk_ppo_s1|outputs/iscsic_main_nenv10_1p5m_ent001/runs/risk_ppo_s1,outputs/iscsic_main_nenv10/runs/risk_ppo_s1/config.json|outputs/iscsic_main_nenv10_1p5m_ent001/runs/risk_ppo_s1/config.json,outputs/iscsic_main_nenv10/runs/risk_ppo_s1/model/final_model.zip|outputs/iscsic_main_nenv10_1p5m_ent001/runs/risk_ppo_s1/model/final_model.zip
risk,ppo,2,0.0,inconsistent_protocol,0.9,0.9852151745385936,0.0,0.0,0.0,545.0756678789436,329.64841014848184,960.78,20.251473784273756,0.8664351169589515,0.0,0.0,0.8664351169589515,50,/home/aaa/data/qj/stable-baselines3-master/risk_curriculum_metadrive/outputs/iscsic_main_nenv10_1p5m_ent001/evaluations/risk_ppo_s2.csv,outputs/iscsic_main_nenv10_1p5m_ent001/runs/risk_ppo_s2,outputs/iscsic_main_nenv10_1p5m_ent001/runs/risk_ppo_s2/config.json,outputs/iscsic_main_nenv10_1p5m_ent001/runs/risk_ppo_s2/model/final_model.zip
risk,ppo,2,0.08,inconsistent_protocol,0.74,0.9355683814903243,0.14,0.0,0.14,524.9323002803925,294.4367781574809,944.1,20.153799278077358,0.8588121405575703,0.0019060231202141001,0.0012785192587647582,0.8556275981785914,50,/home/aaa/data/qj/stable-baselines3-master/risk_curriculum_metadrive/outputs/iscsic_main_nenv10_1p5m_ent001/evaluations/risk_ppo_s2.csv,outputs/iscsic_main_nenv10_1p5m_ent001/runs/risk_ppo_s2,outputs/iscsic_main_nenv10_1p5m_ent001/runs/risk_ppo_s2/config.json,outputs/iscsic_main_nenv10_1p5m_ent001/runs/risk_ppo_s2/model/final_model.zip
risk,ppo,2,0.15,inconsistent_protocol,0.46,0.8075996743303071,0.52,0.0,0.52,423.3777949210658,178.68032516575192,851.06,18.72989745483483,0.7624226304189001,0.030449528863726042,0.00644502858642674,0.7255280729687472,50,/home/aaa/data/qj/stable-baselines3-master/risk_curriculum_metadrive/outputs/iscsic_main_nenv10_1p5m_ent001/evaluations/risk_ppo_s2.csv,outputs/iscsic_main_nenv10_1p5m_ent001/runs/risk_ppo_s2,outputs/iscsic_main_nenv10_1p5m_ent001/runs/risk_ppo_s2/config.json,outputs/iscsic_main_nenv10_1p5m_ent001/runs/risk_ppo_s2/model/final_model.zip
