label,role,variant,algo,train_seed,action_filter,sensitivity_axis,sensitivity_value,override_ttc_threshold,override_target_speed_kmh,density,scenario_start_seed,map_seed,episode,success,cost,route_completion,collision,crash_vehicle,crash_object,out_of_road,episode_length,reward,shaped_reward,mean_speed_kmh,median_speed_kmh,p10_speed_kmh,stop_ratio,low_progress,progress_per_cost,path_length_m,mean_ttc,min_ttc,ttc_risk_mean,ttc_dangerous_fraction,intervention_count,soft_guard_count,hard_shield_count,overspeed_guard_count,intervention_rate_per_100_steps,intervention_rate_per_km,policy_inference_ms_mean,policy_inference_ms_p50,policy_inference_ms_p95,policy_inference_ms_p99,env_step_wall_ms_mean,env_step_wall_ms_p95,control_loop_wall_ms_mean,control_loop_wall_ms_p95,total_action_latency_ms_mean,total_action_latency_ms_p95,source_config_json,source_model_path
baseline,lower_bound,baseline,ppo,0,runtime_ttc_speed,,,,,0.15,10000,10000,0,0.0,1.0,0.37589465058598953,1.0,1.0,0.0,0.0,444.0,130.68695553923197,130.68695553923197,15.938484063593824,18.333145450695802,2.2604794207248733,0.09234234234234234,0.0,0.37589465058598953,196.0623047063966,1.646101134301772,0.083941498989089,0.07251673223131302,1.0,368.0,0.0,48.0,320.0,82.88288288288288,1876.9543719843557,0.6144162730748035,0.3905375051544979,0.5326375612639819,0.7918046510894778,4.06415399373981,4.953434853814542,4.678570266814613,5.387225400772877,0.6144162730748035,0.5326375612639819,/home/aaa/data/qj/stable-baselines3-master/risk_curriculum_metadrive/outputs/tuned_compare_baseline_nenv16_seed0_1m/runs/baseline_ppo_s0/config.json,/home/aaa/data/qj/stable-baselines3-master/risk_curriculum_metadrive/outputs/tuned_compare_baseline_nenv16_seed0_1m/runs/baseline_ppo_s0/model/final_model.zip
baseline,lower_bound,baseline,ppo,0,runtime_ttc_speed,,,,,0.15,10000,10001,1,0.0,1.0,0.9311345477576366,0.0,0.0,0.0,1.0,958.0,257.77861676817224,257.77861676817224,18.224754105951728,18.425816497902108,17.945686147285954,0.0,0.0,0.9311345477576366,484.5287959896331,56.856720656321635,8.130078103700155,0.0,0.0,817.0,3.0,0.0,814.0,85.28183716075156,1686.174292967059,0.4119533410945728,0.3881529992213473,0.5216165518504567,0.7592848458443757,3.37178906481611,4.6032101003220305,3.7837424059106826,5.02292578748893,0.4119533410945728,0.5216165518504567,/home/aaa/data/qj/stable-baselines3-master/risk_curriculum_metadrive/outputs/tuned_compare_baseline_nenv16_seed0_1m/runs/baseline_ppo_s0/config.json,/home/aaa/data/qj/stable-baselines3-master/risk_curriculum_metadrive/outputs/tuned_compare_baseline_nenv16_seed0_1m/runs/baseline_ppo_s0/model/final_model.zip
baseline,lower_bound,baseline,ppo,0,runtime_ttc_speed,,,,,0.15,10000,10002,2,0.0,0.0,0.9261726688212853,0.0,0.0,0.0,0.0,1500.0,365.0651225144476,365.0651225144476,12.946190570777,17.932143396698507,2.86414859736715,0.035333333333333335,0.0,926172.6688212854,538.7244144998366,31.654046655883345,0.8649102821256737,0.009285968517911396,0.03096774193548387,832.0,114.0,27.0,691.0,55.46666666666666,1544.3888890249143,0.4349109927813212,0.4018980107503012,0.5800396014819852,0.8655675459885969,4.044322838153069,7.838713610544801,4.47923383093439,8.341903910331894,0.4349109927813212,0.5800396014819852,/home/aaa/data/qj/stable-baselines3-master/risk_curriculum_metadrive/outputs/tuned_compare_baseline_nenv16_seed0_1m/runs/baseline_ppo_s0/config.json,/home/aaa/data/qj/stable-baselines3-master/risk_curriculum_metadrive/outputs/tuned_compare_baseline_nenv16_seed0_1m/runs/baseline_ppo_s0/model/final_model.zip
baseline,lower_bound,baseline,ppo,0,runtime_ttc_speed,,,,,0.15,10000,10003,3,1.0,0.0,0.990463030816405,0.0,0.0,0.0,0.0,1050.0,306.95365353923745,306.95365353923745,15.956381221942083,18.229180629318563,6.343499711400069,0.0,0.0,990463.030816405,464.72493703567926,111.40100180154992,5.858593020159808,0.0,0.0,704.0,41.0,2.0,661.0,67.04761904761905,1514.8745933251919,0.4059167436623414,0.391887006117031,0.5018658528570085,0.7437168879550881,2.8053159402250976,4.667095857439561,3.211232683887439,5.18365719326539,0.4059167436623414,0.5018658528570085,/home/aaa/data/qj/stable-baselines3-master/risk_curriculum_metadrive/outputs/tuned_compare_baseline_nenv16_seed0_1m/runs/baseline_ppo_s0/config.json,/home/aaa/data/qj/stable-baselines3-master/risk_curriculum_metadrive/outputs/tuned_compare_baseline_nenv16_seed0_1m/runs/baseline_ppo_s0/model/final_model.zip
baseline,lower_bound,baseline,ppo,0,runtime_ttc_speed,,,,,0.15,10000,10004,4,0.0,0.0,0.7604234055757373,0.0,0.0,0.0,0.0,1500.0,117.8892490475342,117.8892490475342,10.231338704640603,8.991451733951934,1.7534873696207758,0.05533333333333333,0.0,760423.4055757374,424.36808384853475,49.89369094500882,5.504771727035179,0.0,0.0,573.0,150.0,3.0,420.0,38.2,1350.2429183729917,0.48442395326370996,0.46370550990104675,0.6428379609133117,0.8826941953157074,7.752139341881654,10.36773611413082,8.236563295145364,11.038993066176772,0.48442395326370996,0.6428379609133117,/home/aaa/data/qj/stable-baselines3-master/risk_curriculum_metadrive/outputs/tuned_compare_baseline_nenv16_seed0_1m/runs/baseline_ppo_s0/config.json,/home/aaa/data/qj/stable-baselines3-master/risk_curriculum_metadrive/outputs/tuned_compare_baseline_nenv16_seed0_1m/runs/baseline_ppo_s0/model/final_model.zip
baseline,lower_bound,baseline,ppo,0,runtime_ttc_speed,,,,,0.15,10000,10005,5,1.0,0.0,0.9903705352154789,0.0,0.0,0.0,0.0,1018.0,418.12686342750226,418.12686342750226,17.27669933191046,18.381728580202946,13.403470458951851,0.01669941060903733,0.0,990370.535215479,487.9726910677689,30.985990367156163,4.729258027962915,5.3190957178209175e-05,0.006802721088435374,809.0,24.0,11.0,774.0,79.46954813359528,1657.8796617281341,0.4118417758720585,0.38574650534428656,0.5271886489936151,0.8499179684440619,3.5579331251330606,6.181683295289986,3.969774901005119,6.592566226026975,0.4118417758720585,0.5271886489936151,/home/aaa/data/qj/stable-baselines3-master/risk_curriculum_metadrive/outputs/tuned_compare_baseline_nenv16_seed0_1m/runs/baseline_ppo_s0/config.json,/home/aaa/data/qj/stable-baselines3-master/risk_curriculum_metadrive/outputs/tuned_compare_baseline_nenv16_seed0_1m/runs/baseline_ppo_s0/model/final_model.zip
baseline,lower_bound,baseline,ppo,0,runtime_ttc_speed,,,,,0.15,10000,10006,6,0.0,1.0,0.3453305311912225,1.0,1.0,0.0,0.0,504.0,77.90830999813,77.90830999813,15.248977629436796,18.317238961423303,0.014575147666781238,0.1388888888888889,0.0,0.3453305311912225,213.21037344974022,3.590781533199356,0.08110093312519596,0.05106426419081216,0.7066666666666667,427.0,0.0,74.0,353.0,84.72222222222221,2002.7168148113399,0.4043036827906257,0.3814710071310401,0.5115080537507307,0.742932887515053,2.679598894737576,2.9391893069259822,3.0839025775282014,3.371545363916084,0.4043036827906257,0.5115080537507307,/home/aaa/data/qj/stable-baselines3-master/risk_curriculum_metadrive/outputs/tuned_compare_baseline_nenv16_seed0_1m/runs/baseline_ppo_s0/config.json,/home/aaa/data/qj/stable-baselines3-master/risk_curriculum_metadrive/outputs/tuned_compare_baseline_nenv16_seed0_1m/runs/baseline_ppo_s0/model/final_model.zip
baseline,lower_bound,baseline,ppo,0,runtime_ttc_speed,,,,,0.15,10000,10007,7,0.0,1.0,0.1998298370891508,1.0,1.0,0.0,0.0,714.0,102.16708088823044,102.16708088823044,8.228825489263365,6.022219261404592,0.69378161436473,0.13865546218487396,1.0,0.1998298370891508,162.378770010227,39.856328509615096,8.881152721690764,0.0,0.0,241.0,97.0,0.0,144.0,33.753501400560225,1484.1841700415716,0.45428033076821506,0.41672449151519686,0.6058009050320835,0.8301463091629557,5.4057232701889415,6.823494606942404,5.860003600957157,7.305381943297107,0.45428033076821506,0.6058009050320835,/home/aaa/data/qj/stable-baselines3-master/risk_curriculum_metadrive/outputs/tuned_compare_baseline_nenv16_seed0_1m/runs/baseline_ppo_s0/config.json,/home/aaa/data/qj/stable-baselines3-master/risk_curriculum_metadrive/outputs/tuned_compare_baseline_nenv16_seed0_1m/runs/baseline_ppo_s0/model/final_model.zip
baseline,lower_bound,baseline,ppo,0,runtime_ttc_speed,,,,,0.15,10000,10008,8,1.0,0.0,0.9903792269892857,0.0,0.0,0.0,0.0,1017.0,293.817817636269,293.817817636269,17.54881822461231,18.36014414403551,15.22857063133749,0.010816125860373648,0.0,990379.2269892858,495.19508673573256,35.19270771959603,3.00429672547772,0.003275214399986371,0.06914893617021277,811.0,15.0,13.0,783.0,79.74434611602753,1637.7383817477191,0.40529006403585166,0.38480100920423865,0.5172931938432156,0.7715635199565444,2.935814010444113,4.045442206552251,3.3411040744799645,4.489254602231085,0.40529006403585166,0.5172931938432156,/home/aaa/data/qj/stable-baselines3-master/risk_curriculum_metadrive/outputs/tuned_compare_baseline_nenv16_seed0_1m/runs/baseline_ppo_s0/config.json,/home/aaa/data/qj/stable-baselines3-master/risk_curriculum_metadrive/outputs/tuned_compare_baseline_nenv16_seed0_1m/runs/baseline_ppo_s0/model/final_model.zip
baseline,lower_bound,baseline,ppo,0,runtime_ttc_speed,,,,,0.15,10000,10009,9,0.0,1.0,0.6137323378650325,1.0,1.0,0.0,0.0,551.0,123.16394863343686,123.16394863343686,18.164467785582012,18.418569356064346,17.933531684280105,0.0,0.0,0.6137323378650325,277.5997520087094,0.35330816314465496,0.35330816314465496,0.0016866395052106513,1.0,469.0,0.0,0.0,469.0,85.11796733212341,1689.4827772947203,0.400456174795673,0.37664698902517557,0.48308201075997204,0.7879795011831447,2.404439633155661,2.7281700022285804,2.804895807951334,3.1538755138171837,0.400456174795673,0.48308201075997204,/home/aaa/data/qj/stable-baselines3-master/risk_curriculum_metadrive/outputs/tuned_compare_baseline_nenv16_seed0_1m/runs/baseline_ppo_s0/config.json,/home/aaa/data/qj/stable-baselines3-master/risk_curriculum_metadrive/outputs/tuned_compare_baseline_nenv16_seed0_1m/runs/baseline_ppo_s0/model/final_model.zip
baseline,lower_bound,baseline,ppo,0,runtime_ttc_speed,,,,,0.15,10000,10010,10,0.0,1.0,0.559139013630769,0.0,0.0,0.0,1.0,898.0,199.6225772756306,199.6225772756306,12.667987094532924,12.39069655449611,5.388609879453987,0.004454342984409799,0.0,0.559139013630769,315.4140192625386,26.63105668368587,1.2037961831559456,0.0025381736038027343,0.008,383.0,82.0,6.0,295.0,42.650334075723826,1214.277034659025,0.49183450211181756,0.4608499875757843,0.6627090973779559,1.0539576827432007,6.337278703688375,8.494008400884923,6.8291132058001915,9.011392992397305,0.49183450211181756,0.6627090973779559,/home/aaa/data/qj/stable-baselines3-master/risk_curriculum_metadrive/outputs/tuned_compare_baseline_nenv16_seed0_1m/runs/baseline_ppo_s0/config.json,/home/aaa/data/qj/stable-baselines3-master/risk_curriculum_metadrive/outputs/tuned_compare_baseline_nenv16_seed0_1m/runs/baseline_ppo_s0/model/final_model.zip
baseline,lower_bound,baseline,ppo,0,runtime_ttc_speed,,,,,0.15,10000,10011,11,0.0,1.0,0.48473184496137256,1.0,1.0,0.0,0.0,1065.0,173.34689360201173,173.34689360201173,9.794034950422857,9.061358499871128,1.1162194842402335,0.0863849765258216,0.0,0.48473184496137256,288.86350145055434,115.63104087428134,1.9169820838431637,0.0010341297236895297,0.004032258064516129,372.0,84.0,5.0,283.0,34.92957746478873,1287.8054795153012,0.47949486053570617,0.45642300392501056,0.6323294073808936,1.0879474808461962,5.689172425849512,7.147802010877056,6.168667286385218,7.685048994608223,0.47949486053570617,0.6323294073808936,/home/aaa/data/qj/stable-baselines3-master/risk_curriculum_metadrive/outputs/tuned_compare_baseline_nenv16_seed0_1m/runs/baseline_ppo_s0/config.json,/home/aaa/data/qj/stable-baselines3-master/risk_curriculum_metadrive/outputs/tuned_compare_baseline_nenv16_seed0_1m/runs/baseline_ppo_s0/model/final_model.zip
baseline,lower_bound,baseline,ppo,0,runtime_ttc_speed,,,,,0.15,10000,10012,12,1.0,0.0,0.989464693079202,0.0,0.0,0.0,0.0,1011.0,324.69456039487363,324.69456039487363,15.492790765379457,18.20940231516368,2.1136821700543393,0.09396636993076163,0.0,989464.6930792021,434.44916911376106,34.89069205862135,0.07371890124664578,0.04845876767477401,0.33447098976109213,757.0,19.0,98.0,640.0,74.87636003956479,1742.4362936272034,0.4180725725217051,0.3968619857914746,0.5256320000626147,0.7421910122502595,2.5297030342204367,3.6879844847135246,2.9477756067421415,4.11662898841314,0.4180725725217051,0.5256320000626147,/home/aaa/data/qj/stable-baselines3-master/risk_curriculum_metadrive/outputs/tuned_compare_baseline_nenv16_seed0_1m/runs/baseline_ppo_s0/config.json,/home/aaa/data/qj/stable-baselines3-master/risk_curriculum_metadrive/outputs/tuned_compare_baseline_nenv16_seed0_1m/runs/baseline_ppo_s0/model/final_model.zip
baseline,lower_bound,baseline,ppo,0,runtime_ttc_speed,,,,,0.15,10000,10013,13,1.0,0.0,0.992111788836864,0.0,0.0,0.0,0.0,1093.0,391.0880254105045,391.0880254105045,17.74852231926233,18.389316296445983,17.026359768213418,0.0054894784995425435,0.0,992111.788836864,538.3513078352693,55.04258646302061,4.997740771219884,4.1339959379985283e-07,0.005235602094240838,883.0,22.0,3.0,858.0,80.7868252516011,1640.19291334236,0.4299302124607906,0.3988670068792999,0.5636048153974115,0.8982071210630229,4.183165831827923,7.15375879080966,4.613096044288713,7.6041751890443265,0.4299302124607906,0.5636048153974115,/home/aaa/data/qj/stable-baselines3-master/risk_curriculum_metadrive/outputs/tuned_compare_baseline_nenv16_seed0_1m/runs/baseline_ppo_s0/config.json,/home/aaa/data/qj/stable-baselines3-master/risk_curriculum_metadrive/outputs/tuned_compare_baseline_nenv16_seed0_1m/runs/baseline_ppo_s0/model/final_model.zip
baseline,lower_bound,baseline,ppo,0,runtime_ttc_speed,,,,,0.15,10000,10014,14,0.0,0.0,0.7679410211785476,0.0,0.0,0.0,0.0,1500.0,441.7233582008845,441.7233582008845,15.081702654314974,18.037956756455515,7.449740956054597,0.0,0.0,767941.0211785476,627.884850746363,65.87360290752454,3.755930309232905,0.00016587595876894602,0.0016366612111292963,847.0,77.0,3.0,767.0,56.46666666666667,1348.9734606483594,0.47770139790372923,0.4559614899335429,0.6358743528835475,0.8136875004856847,8.447618771480242,12.256137402437162,8.925320169383971,12.774766277289018,0.47770139790372923,0.6358743528835475,/home/aaa/data/qj/stable-baselines3-master/risk_curriculum_metadrive/outputs/tuned_compare_baseline_nenv16_seed0_1m/runs/baseline_ppo_s0/config.json,/home/aaa/data/qj/stable-baselines3-master/risk_curriculum_metadrive/outputs/tuned_compare_baseline_nenv16_seed0_1m/runs/baseline_ppo_s0/model/final_model.zip
baseline,lower_bound,baseline,ppo,0,runtime_ttc_speed,,,,,0.15,10000,10015,15,1.0,0.0,0.9934961772706795,0.0,0.0,0.0,0.0,1472.0,398.2398391275675,398.2398391275675,17.247253842339838,18.312357689872407,12.842376865564631,0.0,0.0,993496.1772706795,704.5115300968553,32.62711755382806,7.113569430982884,0.0,0.0,1097.0,48.0,1.0,1048.0,74.52445652173914,1557.107234070656,0.4186033458371758,0.3953669947804883,0.531868645339273,0.7403480153880079,3.894677513966124,6.283602995972615,4.3132808598033,6.714015397301409,0.4186033458371758,0.531868645339273,/home/aaa/data/qj/stable-baselines3-master/risk_curriculum_metadrive/outputs/tuned_compare_baseline_nenv16_seed0_1m/runs/baseline_ppo_s0/config.json,/home/aaa/data/qj/stable-baselines3-master/risk_curriculum_metadrive/outputs/tuned_compare_baseline_nenv16_seed0_1m/runs/baseline_ppo_s0/model/final_model.zip
baseline,lower_bound,baseline,ppo,0,runtime_ttc_speed,,,,,0.15,10000,10016,16,1.0,0.0,0.9904793940364661,0.0,0.0,0.0,0.0,1095.0,412.812236705431,412.812236705431,15.951498514659697,18.220942939621903,7.7475935366639455,0.0547945205479452,0.0,990479.3940364661,484.61784172425774,23.462002031720086,0.364162396221608,0.03203139555896636,0.2222222222222222,804.0,28.0,68.0,708.0,73.42465753424658,1659.0392073461198,0.40963631344971896,0.3927320067305118,0.510540697723627,0.7908016431611025,2.4704214801839615,3.960054097115062,2.8800577936336804,4.3965752178337425,0.40963631344971896,0.510540697723627,/home/aaa/data/qj/stable-baselines3-master/risk_curriculum_metadrive/outputs/tuned_compare_baseline_nenv16_seed0_1m/runs/baseline_ppo_s0/config.json,/home/aaa/data/qj/stable-baselines3-master/risk_curriculum_metadrive/outputs/tuned_compare_baseline_nenv16_seed0_1m/runs/baseline_ppo_s0/model/final_model.zip
baseline,lower_bound,baseline,ppo,0,runtime_ttc_speed,,,,,0.15,10000,10017,17,0.0,0.0,0.6700808186348571,0.0,0.0,0.0,0.0,1500.0,348.21205148733475,348.21205148733475,12.715870199261685,17.778720215037016,3.167570862317884,0.024666666666666667,0.0,670080.8186348572,528.7006079970498,74.88184372804722,2.597271006335151,0.00067619816311645,0.004884004884004884,773.0,112.0,10.0,651.0,51.53333333333333,1462.075110767252,0.5145495230293212,0.4925940011162311,0.7043277422781102,0.9646783221978694,9.284264125589592,14.148271414160263,9.798813648618912,14.765294388053007,0.5145495230293212,0.7043277422781102,/home/aaa/data/qj/stable-baselines3-master/risk_curriculum_metadrive/outputs/tuned_compare_baseline_nenv16_seed0_1m/runs/baseline_ppo_s0/config.json,/home/aaa/data/qj/stable-baselines3-master/risk_curriculum_metadrive/outputs/tuned_compare_baseline_nenv16_seed0_1m/runs/baseline_ppo_s0/model/final_model.zip
baseline,lower_bound,baseline,ppo,0,runtime_ttc_speed,,,,,0.15,10000,10018,18,1.0,0.0,0.9900163297826605,0.0,0.0,0.0,0.0,935.0,273.82686388655645,273.82686388655645,16.526949510124485,18.27355284804814,8.587869654633987,0.0,0.0,990016.3297826606,428.6208304720397,32.66188087174628,6.35689998181795,0.0,0.0,668.0,34.0,1.0,633.0,71.44385026737969,1558.4870181515264,0.4333591429182991,0.39827998261898756,0.5658988084178418,0.8407950983382759,3.8231524881311656,4.901539103593677,4.256511631049465,5.371160121285357,0.4333591429182991,0.5658988084178418,/home/aaa/data/qj/stable-baselines3-master/risk_curriculum_metadrive/outputs/tuned_compare_baseline_nenv16_seed0_1m/runs/baseline_ppo_s0/config.json,/home/aaa/data/qj/stable-baselines3-master/risk_curriculum_metadrive/outputs/tuned_compare_baseline_nenv16_seed0_1m/runs/baseline_ppo_s0/model/final_model.zip
baseline,lower_bound,baseline,ppo,0,runtime_ttc_speed,,,,,0.15,10000,10019,19,1.0,0.0,0.9937013608505388,0.0,0.0,0.0,0.0,1443.0,589.4762187687903,589.4762187687903,17.686358230545054,18.4323088603086,17.89898620767121,0.01593901593901594,0.0,993701.360850539,708.3478437545241,8.30267882732083,1.7950745217818287,0.002255521529803613,0.2903225806451613,1213.0,14.0,12.0,1187.0,84.06098406098405,1712.4355084793083,0.41643204330853933,0.38917799247428775,0.5359965987736359,0.7741929427720601,4.795923996541671,9.74372018827125,5.21235603985021,10.211440402781584,0.41643204330853933,0.5359965987736359,/home/aaa/data/qj/stable-baselines3-master/risk_curriculum_metadrive/outputs/tuned_compare_baseline_nenv16_seed0_1m/runs/baseline_ppo_s0/config.json,/home/aaa/data/qj/stable-baselines3-master/risk_curriculum_metadrive/outputs/tuned_compare_baseline_nenv16_seed0_1m/runs/baseline_ppo_s0/model/final_model.zip
baseline,lower_bound,baseline,ppo,0,runtime_ttc_speed,,,,,0.15,20000,20000,0,1.0,0.0,0.9860199434593997,0.0,0.0,0.0,0.0,772.0,242.84972227245945,242.84972227245945,16.266204698501742,18.28770107819637,7.481312305837812,0.06606217616580311,0.0,986019.9434593997,348.28335946705454,59.66654298045761,0.014432268010159633,0.04345575198856244,0.31213872832369943,597.0,10.0,55.0,532.0,77.33160621761658,1714.121515634664,0.4058677321324038,0.3864899917971343,0.5352734035113826,0.7643091189675029,2.504716368607448,3.750841198780108,2.910584100739852,4.2145201965468,0.4058677321324038,0.5352734035113826,/home/aaa/data/qj/stable-baselines3-master/risk_curriculum_metadrive/outputs/tuned_compare_baseline_nenv16_seed0_1m/runs/baseline_ppo_s0/config.json,/home/aaa/data/qj/stable-baselines3-master/risk_curriculum_metadrive/outputs/tuned_compare_baseline_nenv16_seed0_1m/runs/baseline_ppo_s0/model/final_model.zip
baseline,lower_bound,baseline,ppo,0,runtime_ttc_speed,,,,,0.15,20000,20001,1,1.0,0.0,0.9904931336292792,0.0,0.0,0.0,0.0,1301.0,241.4621221463214,241.4621221463214,13.849923490782196,17.980265195205057,3.2119768836565994,0.05149884704073789,0.0,990493.1336292792,499.8604693243845,45.37262013465359,0.056474403936707475,0.031101312216391792,0.12552301255230125,754.0,64.0,61.0,629.0,57.9554189085319,1508.420941986296,0.41720064739545637,0.39723599911667407,0.5182760069146752,0.8032550103962421,3.334877120385871,4.628616006812081,3.7520777677813277,5.0628570024855435,0.41720064739545637,0.5182760069146752,/home/aaa/data/qj/stable-baselines3-master/risk_curriculum_metadrive/outputs/tuned_compare_baseline_nenv16_seed0_1m/runs/baseline_ppo_s0/config.json,/home/aaa/data/qj/stable-baselines3-master/risk_curriculum_metadrive/outputs/tuned_compare_baseline_nenv16_seed0_1m/runs/baseline_ppo_s0/model/final_model.zip
baseline,lower_bound,baseline,ppo,0,runtime_ttc_speed,,,,,0.15,20000,20002,2,1.0,0.0,0.9890105495255146,0.0,0.0,0.0,0.0,1334.0,299.8586956261433,299.8586956261433,13.20874488685647,17.911890940690405,2.4125766771526913,0.05022488755622189,0.0,989010.5495255146,488.18142143594525,60.81695240517746,2.883910130509633,0.0016382081266817742,0.02145214521452145,723.0,89.0,23.0,611.0,54.19790104947526,1481.0067902079422,0.42061052248744096,0.3998559986939654,0.544443749822676,0.783729156246409,3.3386956706056314,5.163747601909563,3.7593061930930727,5.593652855895925,0.42061052248744096,0.544443749822676,/home/aaa/data/qj/stable-baselines3-master/risk_curriculum_metadrive/outputs/tuned_compare_baseline_nenv16_seed0_1m/runs/baseline_ppo_s0/config.json,/home/aaa/data/qj/stable-baselines3-master/risk_curriculum_metadrive/outputs/tuned_compare_baseline_nenv16_seed0_1m/runs/baseline_ppo_s0/model/final_model.zip
baseline,lower_bound,baseline,ppo,0,runtime_ttc_speed,,,,,0.15,20000,20003,3,0.0,0.0,0.705507577070958,0.0,0.0,0.0,0.0,1500.0,425.76492633202525,425.76492633202525,11.487883716949849,11.70154913452697,2.1456360036541997,0.048,0.0,705507.5770709581,477.89166032373873,37.294017893274834,0.9554114335408214,0.006936900905018956,0.02077431539187913,612.0,148.0,28.0,436.0,40.8,1280.6249843016974,0.4630327572619232,0.4345774941612035,0.6136289433925413,0.84223286510678,6.289164279703982,9.350850702321623,6.752197036965906,9.847776251262985,0.4630327572619232,0.6136289433925413,/home/aaa/data/qj/stable-baselines3-master/risk_curriculum_metadrive/outputs/tuned_compare_baseline_nenv16_seed0_1m/runs/baseline_ppo_s0/config.json,/home/aaa/data/qj/stable-baselines3-master/risk_curriculum_metadrive/outputs/tuned_compare_baseline_nenv16_seed0_1m/runs/baseline_ppo_s0/model/final_model.zip
baseline,lower_bound,baseline,ppo,0,runtime_ttc_speed,,,,,0.15,20000,20004,4,1.0,0.0,0.9909035705808785,0.0,0.0,0.0,0.0,1069.0,358.7398690808123,358.7398690808123,16.942081338831926,18.35172150777532,13.302648927038884,0.04303086997193639,0.0,990903.5705808785,502.59369242639184,41.78482435133281,0.06007232810752582,0.023251054108884846,0.375,882.0,2.0,54.0,826.0,82.50701590271281,1754.8966755669635,0.4141610495014756,0.396262010326609,0.5199882085435091,0.7644538034219295,2.4787131929171156,3.5034438071306795,2.892874242418591,3.955694189062342,0.4141610495014756,0.5199882085435091,/home/aaa/data/qj/stable-baselines3-master/risk_curriculum_metadrive/outputs/tuned_compare_baseline_nenv16_seed0_1m/runs/baseline_ppo_s0/config.json,/home/aaa/data/qj/stable-baselines3-master/risk_curriculum_metadrive/outputs/tuned_compare_baseline_nenv16_seed0_1m/runs/baseline_ppo_s0/model/final_model.zip
baseline,lower_bound,baseline,ppo,0,runtime_ttc_speed,,,,,0.15,20000,20005,5,1.0,0.0,0.9922353063539409,0.0,0.0,0.0,0.0,1272.0,367.93517613525944,367.93517613525944,16.4354480620779,18.161130068343773,10.067144133382078,0.0,0.0,992235.3063539409,580.1493328528221,58.69945678344088,6.621393638738795,0.0,0.0,834.0,66.0,1.0,767.0,65.56603773584906,1437.5609050499024,0.4624973078980989,0.4359735030448064,0.599458400392905,0.9165853483136738,5.244395537134413,8.703380890074186,5.706892845032512,9.195217427622993,0.4624973078980989,0.599458400392905,/home/aaa/data/qj/stable-baselines3-master/risk_curriculum_metadrive/outputs/tuned_compare_baseline_nenv16_seed0_1m/runs/baseline_ppo_s0/config.json,/home/aaa/data/qj/stable-baselines3-master/risk_curriculum_metadrive/outputs/tuned_compare_baseline_nenv16_seed0_1m/runs/baseline_ppo_s0/model/final_model.zip
baseline,lower_bound,baseline,ppo,0,runtime_ttc_speed,,,,,0.15,20000,20006,6,0.0,1.0,0.6846719756364205,1.0,1.0,0.0,0.0,788.0,262.27430892583556,262.27430892583556,17.928931318317407,18.37052668204158,17.894071428142023,0.0012690355329949238,0.0,0.6846719756364205,392.0147595106876,26.166672013887915,0.39279199527678205,0.001391029451938423,0.05555555555555555,650.0,5.0,3.0,642.0,82.48730964467005,1658.100834803591,0.4335747145176605,0.4097695054952055,0.528990605380386,0.9023765113670378,3.0167810796159626,3.634966140089091,3.4503557941336234,4.131925891852006,0.4335747145176605,0.528990605380386,/home/aaa/data/qj/stable-baselines3-master/risk_curriculum_metadrive/outputs/tuned_compare_baseline_nenv16_seed0_1m/runs/baseline_ppo_s0/config.json,/home/aaa/data/qj/stable-baselines3-master/risk_curriculum_metadrive/outputs/tuned_compare_baseline_nenv16_seed0_1m/runs/baseline_ppo_s0/model/final_model.zip
baseline,lower_bound,baseline,ppo,0,runtime_ttc_speed,,,,,0.15,20000,20007,7,1.0,0.0,0.9898216031360961,0.0,0.0,0.0,0.0,875.0,245.60593152079576,245.60593152079576,17.945531196008428,18.42629136309875,17.932627204390382,0.008,0.0,989821.6031360961,435.7212851963792,19.900817035927556,3.5935621252027183,0.000985123391321496,0.09375,743.0,0.0,10.0,733.0,84.91428571428571,1705.2185083524907,0.4064531627310706,0.38306700298562646,0.5147988151293248,0.8578118972945958,2.485524873315756,3.7246285035507753,2.8919780360468264,4.144170420477167,0.4064531627310706,0.5147988151293248,/home/aaa/data/qj/stable-baselines3-master/risk_curriculum_metadrive/outputs/tuned_compare_baseline_nenv16_seed0_1m/runs/baseline_ppo_s0/config.json,/home/aaa/data/qj/stable-baselines3-master/risk_curriculum_metadrive/outputs/tuned_compare_baseline_nenv16_seed0_1m/runs/baseline_ppo_s0/model/final_model.zip
baseline,lower_bound,baseline,ppo,0,runtime_ttc_speed,,,,,0.15,20000,20008,8,0.0,1.0,0.7034617519151464,1.0,1.0,0.0,0.0,998.0,270.36829350153454,270.36829350153454,17.095167259459075,18.232893238065778,12.449010722713059,0.0,0.0,0.7034617519151464,473.4810419097203,20.626962891317767,0.22488117470731395,0.0010897547383831058,0.005970149253731343,690.0,42.0,1.0,647.0,69.13827655310621,1457.2917158773253,0.43791931717216087,0.40587100374978036,0.5783844637335276,0.8597732632188125,4.995371711414489,6.512612338701729,5.433291028586649,6.9906665026792325,0.43791931717216087,0.5783844637335276,/home/aaa/data/qj/stable-baselines3-master/risk_curriculum_metadrive/outputs/tuned_compare_baseline_nenv16_seed0_1m/runs/baseline_ppo_s0/config.json,/home/aaa/data/qj/stable-baselines3-master/risk_curriculum_metadrive/outputs/tuned_compare_baseline_nenv16_seed0_1m/runs/baseline_ppo_s0/model/final_model.zip
baseline,lower_bound,baseline,ppo,0,runtime_ttc_speed,,,,,0.15,20000,20009,9,1.0,0.0,0.9883637099119329,0.0,0.0,0.0,0.0,871.0,332.6422902232166,332.6422902232166,16.55871606243723,18.321168698051135,9.50605238739051,0.040183696900114814,0.0,988363.7099119329,400.07854826439956,9.824448195590163,0.4889003250637686,0.011286264604698983,0.3717948717948718,667.0,11.0,39.0,617.0,76.57864523536165,1667.1726162113555,0.4206657820730336,0.39209501119330525,0.5566079780692235,0.8107744972221546,3.6470909164812153,5.445442511700094,4.067756698554249,5.924650002270937,0.4206657820730336,0.5566079780692235,/home/aaa/data/qj/stable-baselines3-master/risk_curriculum_metadrive/outputs/tuned_compare_baseline_nenv16_seed0_1m/runs/baseline_ppo_s0/config.json,/home/aaa/data/qj/stable-baselines3-master/risk_curriculum_metadrive/outputs/tuned_compare_baseline_nenv16_seed0_1m/runs/baseline_ppo_s0/model/final_model.zip
baseline,lower_bound,baseline,ppo,0,runtime_ttc_speed,,,,,0.15,20000,20010,10,1.0,0.0,0.9891248424470496,0.0,0.0,0.0,0.0,915.0,361.3757799564411,361.3757799564411,17.53527503779955,18.33561055497708,15.566480996661474,0.013114754098360656,0.0,989124.8424470496,445.16093458806984,18.084184876216987,0.9850952968169541,0.010323173159366147,0.07567567567567568,716.0,18.0,14.0,684.0,78.25136612021858,1608.4070824016744,0.3965730351062563,0.37221802631393075,0.5104900948936116,0.7707032951293514,2.282440078176324,3.9594895089976485,2.67901311328258,4.37197809224017,0.3965730351062563,0.5104900948936116,/home/aaa/data/qj/stable-baselines3-master/risk_curriculum_metadrive/outputs/tuned_compare_baseline_nenv16_seed0_1m/runs/baseline_ppo_s0/config.json,/home/aaa/data/qj/stable-baselines3-master/risk_curriculum_metadrive/outputs/tuned_compare_baseline_nenv16_seed0_1m/runs/baseline_ppo_s0/model/final_model.zip
baseline,lower_bound,baseline,ppo,0,runtime_ttc_speed,,,,,0.15,20000,20011,11,1.0,0.0,0.9909837101800905,0.0,0.0,0.0,0.0,1250.0,430.0125825779916,430.0125825779916,15.856561782013623,18.3145148967904,0.4767920081957485,0.1032,0.0,990983.7101800905,549.9873771904239,3.194247138994101,0.006262385304278579,0.05273431288795736,0.7194244604316546,1051.0,15.0,124.0,912.0,84.08,1910.9529483548654,0.42473872934933754,0.39551049121655524,0.5476468562847002,0.730905368400272,5.0239793235436085,6.677096140629146,5.4487180528929455,7.123822368157562,0.42473872934933754,0.5476468562847002,/home/aaa/data/qj/stable-baselines3-master/risk_curriculum_metadrive/outputs/tuned_compare_baseline_nenv16_seed0_1m/runs/baseline_ppo_s0/config.json,/home/aaa/data/qj/stable-baselines3-master/risk_curriculum_metadrive/outputs/tuned_compare_baseline_nenv16_seed0_1m/runs/baseline_ppo_s0/model/final_model.zip
baseline,lower_bound,baseline,ppo,0,runtime_ttc_speed,,,,,0.15,20000,20012,12,1.0,0.0,0.9913607737670547,0.0,0.0,0.0,0.0,1085.0,394.0288348143331,394.0288348143331,17.39756629838197,18.33423039092993,13.99329434460265,0.005529953917050691,0.0,991360.7737670547,523.8364677334066,83.00113634190663,2.825249627714811,0.0024989622664330926,0.05625,859.0,14.0,9.0,836.0,79.17050691244239,1639.8247409479065,0.40549016796365756,0.38090499583631754,0.5332567961886525,0.7757850561756654,2.6589394473011523,4.4532662141136825,3.06442961526481,4.870867996942252,0.40549016796365756,0.5332567961886525,/home/aaa/data/qj/stable-baselines3-master/risk_curriculum_metadrive/outputs/tuned_compare_baseline_nenv16_seed0_1m/runs/baseline_ppo_s0/config.json,/home/aaa/data/qj/stable-baselines3-master/risk_curriculum_metadrive/outputs/tuned_compare_baseline_nenv16_seed0_1m/runs/baseline_ppo_s0/model/final_model.zip
baseline,lower_bound,baseline,ppo,0,runtime_ttc_speed,,,,,0.15,20000,20013,13,0.0,1.0,0.2026425005545391,1.0,1.0,0.0,0.0,300.0,45.1518041623715,45.1518041623715,16.848444549751648,18.293912098691656,11.680307844062732,0.02,0.0,0.2026425005545391,139.93971215676177,5.238623072398484,3.753936353528942,0.0016850665509983065,0.3333333333333333,225.0,0.0,9.0,216.0,75.0,1607.8352351329186,0.4032157125766389,0.37954798608552665,0.5076844114228153,0.7976062659872692,3.0193307502971343,3.804365446558222,3.422546462873773,4.231518888263963,0.4032157125766389,0.5076844114228153,/home/aaa/data/qj/stable-baselines3-master/risk_curriculum_metadrive/outputs/tuned_compare_baseline_nenv16_seed0_1m/runs/baseline_ppo_s0/config.json,/home/aaa/data/qj/stable-baselines3-master/risk_curriculum_metadrive/outputs/tuned_compare_baseline_nenv16_seed0_1m/runs/baseline_ppo_s0/model/final_model.zip
baseline,lower_bound,baseline,ppo,0,runtime_ttc_speed,,,,,0.15,20000,20014,14,1.0,0.0,0.9909816114565573,0.0,0.0,0.0,0.0,1216.0,375.8089978841805,375.8089978841805,15.851079388111133,18.09243973761145,8.812642077770686,0.0008223684210526315,0.0,990981.6114565573,534.9154945554117,25.487532017925226,4.867169710176641,2.1847087141999887e-05,0.001658374792703151,749.0,67.0,5.0,677.0,61.5953947368421,1400.2211706776638,0.42215308643502986,0.3982470079790801,0.5363265081541613,0.8011436526430759,3.3298013955142154,4.636045508959796,3.7519544819492454,5.107997501909267,0.42215308643502986,0.5363265081541613,/home/aaa/data/qj/stable-baselines3-master/risk_curriculum_metadrive/outputs/tuned_compare_baseline_nenv16_seed0_1m/runs/baseline_ppo_s0/config.json,/home/aaa/data/qj/stable-baselines3-master/risk_curriculum_metadrive/outputs/tuned_compare_baseline_nenv16_seed0_1m/runs/baseline_ppo_s0/model/final_model.zip
baseline,lower_bound,baseline,ppo,0,runtime_ttc_speed,,,,,0.15,20000,20015,15,1.0,0.0,0.9924036790543822,0.0,0.0,0.0,0.0,1274.0,409.6944652842959,409.6944652842959,16.68433800779299,18.314179345865433,10.38904219887101,0.03767660910518053,0.0,992403.6790543823,589.814073886085,26.211836021813586,0.03482492238857962,0.021292221446740877,0.2350230414746544,988.0,12.0,56.0,920.0,77.55102040816327,1675.1041450916946,0.4124431702057251,0.38637650141026825,0.5439342552563174,0.8371101511875166,2.630117873492537,4.508576044463552,3.0425610436982615,4.982349305646494,0.4124431702057251,0.5439342552563174,/home/aaa/data/qj/stable-baselines3-master/risk_curriculum_metadrive/outputs/tuned_compare_baseline_nenv16_seed0_1m/runs/baseline_ppo_s0/config.json,/home/aaa/data/qj/stable-baselines3-master/risk_curriculum_metadrive/outputs/tuned_compare_baseline_nenv16_seed0_1m/runs/baseline_ppo_s0/model/final_model.zip
baseline,lower_bound,baseline,ppo,0,runtime_ttc_speed,,,,,0.15,20000,20016,16,0.0,0.0,0.8356292242751072,0.0,0.0,0.0,0.0,1500.0,421.7633656155331,421.7633656155331,14.42885390404436,17.970274891771712,5.536947196797483,0.01,0.0,835629.2242751073,600.2876674704924,43.47901274146351,4.637091453509668,4.838780619871095e-05,0.0013605442176870747,811.0,90.0,6.0,715.0,54.06666666666666,1351.0189263381217,0.4362088307195033,0.41364500066265464,0.5630197454593143,0.8359342208132146,5.000885015295353,7.069428598333613,5.437093846014856,7.5523534091189495,0.4362088307195033,0.5630197454593143,/home/aaa/data/qj/stable-baselines3-master/risk_curriculum_metadrive/outputs/tuned_compare_baseline_nenv16_seed0_1m/runs/baseline_ppo_s0/config.json,/home/aaa/data/qj/stable-baselines3-master/risk_curriculum_metadrive/outputs/tuned_compare_baseline_nenv16_seed0_1m/runs/baseline_ppo_s0/model/final_model.zip
baseline,lower_bound,baseline,ppo,0,runtime_ttc_speed,,,,,0.15,20000,20017,17,0.0,1.0,0.7696970376588853,1.0,1.0,0.0,0.0,1045.0,204.64783044449385,204.64783044449385,16.210177348895552,18.154253242843303,9.407237703528878,0.0009569377990430622,0.0,0.7696970376588853,470.1434467847245,55.46877626282348,0.38854019935214434,0.0032127461928844908,0.013227513227513227,673.0,47.0,10.0,616.0,64.40191387559808,1431.4779980505866,0.43491184434064767,0.4043260123580694,0.568591000046581,0.8058883273042735,4.484714799099401,6.131281203124672,4.919626643440049,6.588062609080225,0.43491184434064767,0.568591000046581,/home/aaa/data/qj/stable-baselines3-master/risk_curriculum_metadrive/outputs/tuned_compare_baseline_nenv16_seed0_1m/runs/baseline_ppo_s0/config.json,/home/aaa/data/qj/stable-baselines3-master/risk_curriculum_metadrive/outputs/tuned_compare_baseline_nenv16_seed0_1m/runs/baseline_ppo_s0/model/final_model.zip
baseline,lower_bound,baseline,ppo,0,runtime_ttc_speed,,,,,0.15,20000,20018,18,0.0,0.0,0.6817651527217458,0.0,0.0,0.0,0.0,1500.0,482.90770153608406,482.90770153608406,12.81988786930961,13.501479050347683,5.030663707219276,0.0,0.0,681765.1527217458,533.4981413412755,49.12156469690895,5.103650194615662,0.0,0.0,703.0,132.0,3.0,568.0,46.86666666666667,1317.7178054127376,0.4700379948092935,0.45140400470700115,0.618404989654664,0.8085939247393975,7.016586214536801,9.313661986379884,7.486624209346094,9.805378562305123,0.4700379948092935,0.618404989654664,/home/aaa/data/qj/stable-baselines3-master/risk_curriculum_metadrive/outputs/tuned_compare_baseline_nenv16_seed0_1m/runs/baseline_ppo_s0/config.json,/home/aaa/data/qj/stable-baselines3-master/risk_curriculum_metadrive/outputs/tuned_compare_baseline_nenv16_seed0_1m/runs/baseline_ppo_s0/model/final_model.zip
baseline,lower_bound,baseline,ppo,0,runtime_ttc_speed,,,,,0.15,20000,20019,19,1.0,0.0,0.9921019142393889,0.0,0.0,0.0,0.0,1167.0,413.06750326238534,413.06750326238534,17.283505768710423,18.32206718693576,13.510739096128185,0.01456726649528706,0.0,992101.9142393889,559.7523991876038,12.995861519217618,0.6636826255908016,0.011763957999649384,0.16793893129770993,916.0,19.0,22.0,875.0,78.49185946872322,1636.437827384815,0.4112180864333471,0.38568099262192845,0.5209228082094342,0.7529905642149942,3.8255130764493606,7.194605388212949,4.236731162882708,7.650752691552043,0.4112180864333471,0.5209228082094342,/home/aaa/data/qj/stable-baselines3-master/risk_curriculum_metadrive/outputs/tuned_compare_baseline_nenv16_seed0_1m/runs/baseline_ppo_s0/config.json,/home/aaa/data/qj/stable-baselines3-master/risk_curriculum_metadrive/outputs/tuned_compare_baseline_nenv16_seed0_1m/runs/baseline_ppo_s0/model/final_model.zip
baseline,lower_bound,baseline,ppo,1,runtime_ttc_speed,,,,,0.15,10000,10000,0,1.0,0.0,0.9915765969811783,0.0,0.0,0.0,0.0,1122.0,431.6912595117556,431.6912595117556,16.748647499036398,18.35696153415467,12.241279140883474,0.06149732620320856,0.0,991576.5969811783,521.4387855441968,29.312868140766103,0.05371483189289279,0.046524393468755657,0.44785276073619634,921.0,7.0,73.0,841.0,82.0855614973262,1766.2667709668035,0.41570039762768385,0.39203801134135574,0.5349141516489909,0.7278609884087928,3.6918306424935743,5.913173263252247,4.107531040121258,6.361386744538322,0.41570039762768385,0.5349141516489909,/home/aaa/data/qj/stable-baselines3-master/risk_curriculum_metadrive/outputs/tuned_compare_baseline_nenv16_seed1_1m/runs/baseline_ppo_s1/config.json,/home/aaa/data/qj/stable-baselines3-master/risk_curriculum_metadrive/outputs/tuned_compare_baseline_nenv16_seed1_1m/runs/baseline_ppo_s1/model/final_model.zip
baseline,lower_bound,baseline,ppo,1,runtime_ttc_speed,,,,,0.15,10000,10001,1,0.0,1.0,0.7535926785087141,1.0,1.0,0.0,0.0,759.0,337.37759433614735,337.37759433614735,18.2593110359624,18.445735043981298,17.953600032240782,0.0,0.0,0.7535926785087141,384.5606281509927,31.10275515710826,13.052264393721531,0.0,0.0,655.0,0.0,0.0,655.0,86.29776021080369,1703.2424851948774,0.4096621449923877,0.3824809973593801,0.519693290698342,0.728819842915982,3.390371566216556,4.276895322254859,3.8000337112089433,4.711359617067501,0.4096621449923877,0.519693290698342,/home/aaa/data/qj/stable-baselines3-master/risk_curriculum_metadrive/outputs/tuned_compare_baseline_nenv16_seed1_1m/runs/baseline_ppo_s1/config.json,/home/aaa/data/qj/stable-baselines3-master/risk_curriculum_metadrive/outputs/tuned_compare_baseline_nenv16_seed1_1m/runs/baseline_ppo_s1/model/final_model.zip
baseline,lower_bound,baseline,ppo,1,runtime_ttc_speed,,,,,0.15,10000,10002,2,1.0,0.0,0.991126778243321,0.0,0.0,0.0,0.0,1203.0,444.38644425136783,444.38644425136783,16.592305696167138,18.31200950876716,9.850169296936482,0.038237738985868665,0.0,991126.778243321,553.8136034886955,68.42479835016351,0.3693167060946285,0.01743054627084665,0.16728624535315986,922.0,21.0,52.0,849.0,76.64172901080632,1664.8200661593532,0.4535998461962734,0.4324589972384274,0.6086845067329704,0.8135274588130417,5.817172754452783,8.448995609069243,6.270772600649057,8.940998098114504,0.4535998461962734,0.6086845067329704,/home/aaa/data/qj/stable-baselines3-master/risk_curriculum_metadrive/outputs/tuned_compare_baseline_nenv16_seed1_1m/runs/baseline_ppo_s1/config.json,/home/aaa/data/qj/stable-baselines3-master/risk_curriculum_metadrive/outputs/tuned_compare_baseline_nenv16_seed1_1m/runs/baseline_ppo_s1/model/final_model.zip
baseline,lower_bound,baseline,ppo,1,runtime_ttc_speed,,,,,0.15,10000,10003,3,1.0,0.0,0.9902848496297565,0.0,0.0,0.0,0.0,978.0,449.76227841637996,449.76227841637996,17.13577756639277,18.3146354888813,12.09631612006429,0.0,0.0,990284.8496297565,464.9111909611147,104.69419571757925,8.92765032243216,0.0,0.0,722.0,35.0,0.0,687.0,73.8241308793456,1552.9847722258598,0.3955643156560991,0.37841699668206275,0.49218148633372033,0.7682354806456716,2.433752009189442,4.159716935828328,2.829316324845541,4.56079463037895,0.3955643156560991,0.49218148633372033,/home/aaa/data/qj/stable-baselines3-master/risk_curriculum_metadrive/outputs/tuned_compare_baseline_nenv16_seed1_1m/runs/baseline_ppo_s1/config.json,/home/aaa/data/qj/stable-baselines3-master/risk_curriculum_metadrive/outputs/tuned_compare_baseline_nenv16_seed1_1m/runs/baseline_ppo_s1/model/final_model.zip
baseline,lower_bound,baseline,ppo,1,runtime_ttc_speed,,,,,0.15,10000,10004,4,0.0,1.0,0.6562484300864677,1.0,1.0,0.0,0.0,1140.0,315.18504443835076,315.18504443835076,11.615575813151498,12.40644942953628,2.217949901222385,0.043859649122807015,0.0,0.6562484300864677,366.30284928067533,59.03682268376961,6.26452885659768,0.0,0.0,465.0,139.0,1.0,325.0,40.78947368421053,1269.4413950454943,0.4547059442796908,0.4294445097912103,0.6226293742656702,0.8447503088973449,5.957070070016607,8.868196267576423,6.411776014296297,9.37681128125405,0.4547059442796908,0.6226293742656702,/home/aaa/data/qj/stable-baselines3-master/risk_curriculum_metadrive/outputs/tuned_compare_baseline_nenv16_seed1_1m/runs/baseline_ppo_s1/config.json,/home/aaa/data/qj/stable-baselines3-master/risk_curriculum_metadrive/outputs/tuned_compare_baseline_nenv16_seed1_1m/runs/baseline_ppo_s1/model/final_model.zip
baseline,lower_bound,baseline,ppo,1,runtime_ttc_speed,,,,,0.15,10000,10005,5,1.0,0.0,0.9905856795392399,0.0,0.0,0.0,0.0,1058.0,406.1346007973719,406.1346007973719,16.61801202513827,18.35536500963787,9.411655177720048,0.045368620037807186,0.0,990585.67953924,487.81347482786896,20.842471692292794,1.7554834635200969,0.007816268763797748,0.1232876712328767,848.0,25.0,38.0,785.0,80.15122873345936,1738.3693640263368,0.403886756112373,0.3812169888988137,0.5089931917609647,0.7308341789757842,3.1469564666539793,5.016182945109904,3.5508432227663524,5.483411614841316,0.403886756112373,0.5089931917609647,/home/aaa/data/qj/stable-baselines3-master/risk_curriculum_metadrive/outputs/tuned_compare_baseline_nenv16_seed1_1m/runs/baseline_ppo_s1/config.json,/home/aaa/data/qj/stable-baselines3-master/risk_curriculum_metadrive/outputs/tuned_compare_baseline_nenv16_seed1_1m/runs/baseline_ppo_s1/model/final_model.zip
baseline,lower_bound,baseline,ppo,1,runtime_ttc_speed,,,,,0.15,10000,10006,6,1.0,0.0,0.9927893112557702,0.0,0.0,0.0,0.0,1380.0,497.6491667406671,497.6491667406671,16.233098872268286,18.293929363987502,8.573743677088359,0.017391304347826087,0.0,992789.3112557703,621.3414928044921,37.27161050203669,1.699199585643277,0.004430954623082625,0.03663003663003663,994.0,50.0,12.0,932.0,72.02898550724638,1599.764399305563,0.410603382371609,0.3866795013891533,0.5478943538037128,0.8764289630926215,3.368710165639219,6.269132405577693,3.779313548010828,6.720281999150757,0.410603382371609,0.5478943538037128,/home/aaa/data/qj/stable-baselines3-master/risk_curriculum_metadrive/outputs/tuned_compare_baseline_nenv16_seed1_1m/runs/baseline_ppo_s1/config.json,/home/aaa/data/qj/stable-baselines3-master/risk_curriculum_metadrive/outputs/tuned_compare_baseline_nenv16_seed1_1m/runs/baseline_ppo_s1/model/final_model.zip
baseline,lower_bound,baseline,ppo,1,runtime_ttc_speed,,,,,0.15,10000,10007,7,0.0,1.0,0.5173819897531714,1.0,1.0,0.0,0.0,1450.0,299.7301627356197,299.7301627356197,10.643973146441857,10.114327434661266,3.2750868845074916,0.018620689655172412,0.0,0.5173819897531714,427.976934456017,34.85622168055204,5.751031386869233,0.0,0.0,529.0,243.0,2.0,284.0,36.48275862068965,1236.0479208357083,0.494648787064542,0.47000599442981184,0.653156045882497,0.9475563777959906,8.580944565494127,14.019087098131422,9.07559335255867,14.608520189358387,0.494648787064542,0.653156045882497,/home/aaa/data/qj/stable-baselines3-master/risk_curriculum_metadrive/outputs/tuned_compare_baseline_nenv16_seed1_1m/runs/baseline_ppo_s1/config.json,/home/aaa/data/qj/stable-baselines3-master/risk_curriculum_metadrive/outputs/tuned_compare_baseline_nenv16_seed1_1m/runs/baseline_ppo_s1/model/final_model.zip
baseline,lower_bound,baseline,ppo,1,runtime_ttc_speed,,,,,0.15,10000,10008,8,1.0,0.0,0.9904867900281601,0.0,0.0,0.0,0.0,1164.0,466.24835474671005,466.24835474671005,15.371412196630153,18.103079673018147,6.996302350812101,0.027491408934707903,0.0,990486.7900281601,496.1556780825723,26.483089848547433,1.3564611729695955,0.011163333232394055,0.06666666666666667,745.0,66.0,38.0,641.0,64.00343642611683,1501.544843503764,0.4115637264138846,0.3889085055561736,0.535074913932476,0.7466208224650464,3.127245064415766,4.286947501532267,3.53880879082965,4.731337691191583,0.4115637264138846,0.535074913932476,/home/aaa/data/qj/stable-baselines3-master/risk_curriculum_metadrive/outputs/tuned_compare_baseline_nenv16_seed1_1m/runs/baseline_ppo_s1/config.json,/home/aaa/data/qj/stable-baselines3-master/risk_curriculum_metadrive/outputs/tuned_compare_baseline_nenv16_seed1_1m/runs/baseline_ppo_s1/model/final_model.zip
baseline,lower_bound,baseline,ppo,1,runtime_ttc_speed,,,,,0.15,10000,10009,9,1.0,0.0,0.9895127172080652,0.0,0.0,0.0,0.0,964.0,409.5404233201896,409.5404233201896,17.24950445077671,18.383849412838522,17.07700694160274,0.025933609958506226,0.0,989512.7172080652,461.3966170711562,2.5091048699229193,0.5098104728720134,0.01757062954826157,1.0,794.0,0.0,34.0,760.0,82.36514522821577,1720.8622053627887,0.39164984165942024,0.37152749428059906,0.47453174920519814,0.7135509047657252,2.071508527384381,2.613640617346391,2.4631583690438013,3.00883534073364,0.39164984165942024,0.47453174920519814,/home/aaa/data/qj/stable-baselines3-master/risk_curriculum_metadrive/outputs/tuned_compare_baseline_nenv16_seed1_1m/runs/baseline_ppo_s1/config.json,/home/aaa/data/qj/stable-baselines3-master/risk_curriculum_metadrive/outputs/tuned_compare_baseline_nenv16_seed1_1m/runs/baseline_ppo_s1/model/final_model.zip
baseline,lower_bound,baseline,ppo,1,runtime_ttc_speed,,,,,0.15,10000,10010,10,0.0,0.0,0.8812059818194851,0.0,0.0,0.0,0.0,1500.0,398.8119837533434,398.8119837533434,12.117763938002712,11.95063776051774,4.729510277071962,0.02666666666666667,0.0,881205.9818194851,504.05134859804656,30.422720080112693,0.09359353873153849,0.01703758834813251,0.04807692307692308,669.0,170.0,56.0,443.0,44.6,1327.2457297470519,0.479567447619047,0.4544515104498714,0.6151185385533608,0.8360727038234472,7.516935720612916,10.663786210352555,7.996503168231963,11.177278292598203,0.479567447619047,0.6151185385533608,/home/aaa/data/qj/stable-baselines3-master/risk_curriculum_metadrive/outputs/tuned_compare_baseline_nenv16_seed1_1m/runs/baseline_ppo_s1/config.json,/home/aaa/data/qj/stable-baselines3-master/risk_curriculum_metadrive/outputs/tuned_compare_baseline_nenv16_seed1_1m/runs/baseline_ppo_s1/model/final_model.zip
baseline,lower_bound,baseline,ppo,1,runtime_ttc_speed,,,,,0.15,10000,10011,11,0.0,1.0,0.29465355014891087,1.0,1.0,0.0,0.0,710.0,157.22455569720324,157.22455569720324,8.843453651250513,7.104109691542327,0.8560222704916525,0.1267605633802817,0.0,0.29465355014891087,172.9869474322236,33.50970322716267,9.000821966810848,0.0,0.0,269.0,99.0,0.0,170.0,37.88732394366197,1555.030619321116,0.4646632668699964,0.4302465094951913,0.6972467002924525,1.0959275430650444,4.36076644076769,4.907865905261133,4.825429707637686,5.456229894480202,0.4646632668699964,0.6972467002924525,/home/aaa/data/qj/stable-baselines3-master/risk_curriculum_metadrive/outputs/tuned_compare_baseline_nenv16_seed1_1m/runs/baseline_ppo_s1/config.json,/home/aaa/data/qj/stable-baselines3-master/risk_curriculum_metadrive/outputs/tuned_compare_baseline_nenv16_seed1_1m/runs/baseline_ppo_s1/model/final_model.zip
baseline,lower_bound,baseline,ppo,1,runtime_ttc_speed,,,,,0.15,10000,10012,12,1.0,0.0,0.9888760466684449,0.0,0.0,0.0,0.0,967.0,414.48706450114696,414.48706450114696,16.19011130906408,18.295497732807014,5.265625479747125,0.0703205791106515,0.0,988876.0466684449,434.25235560623526,52.69363905540465,0.680967531671394,0.0203578877480492,0.16887417218543047,764.0,21.0,63.0,680.0,79.00723888314374,1759.3456664925227,0.4047147610098135,0.381423975341022,0.5068625061539933,0.8994883293053136,2.4105473395028647,3.4302465035580094,2.815262100512678,3.8474713946925476,0.4047147610098135,0.5068625061539933,/home/aaa/data/qj/stable-baselines3-master/risk_curriculum_metadrive/outputs/tuned_compare_baseline_nenv16_seed1_1m/runs/baseline_ppo_s1/config.json,/home/aaa/data/qj/stable-baselines3-master/risk_curriculum_metadrive/outputs/tuned_compare_baseline_nenv16_seed1_1m/runs/baseline_ppo_s1/model/final_model.zip
baseline,lower_bound,baseline,ppo,1,runtime_ttc_speed,,,,,0.15,10000,10013,13,1.0,0.0,0.9921199046586882,0.0,0.0,0.0,0.0,1095.0,500.76272099355646,500.76272099355646,17.64391772955772,18.398309096392403,17.87941665303874,0.01643835616438356,0.0,992119.9046586882,536.1417795825681,158.74613212004425,5.02520039532591,0.0,0.0,903.0,21.0,8.0,874.0,82.46575342465754,1684.255983003343,0.42314164456911385,0.38413298898376524,0.5568803113419561,1.0789391904836496,3.72883991641843,6.562141512404196,4.151981560987544,7.004371492075733,0.42314164456911385,0.5568803113419561,/home/aaa/data/qj/stable-baselines3-master/risk_curriculum_metadrive/outputs/tuned_compare_baseline_nenv16_seed1_1m/runs/baseline_ppo_s1/config.json,/home/aaa/data/qj/stable-baselines3-master/risk_curriculum_metadrive/outputs/tuned_compare_baseline_nenv16_seed1_1m/runs/baseline_ppo_s1/model/final_model.zip
baseline,lower_bound,baseline,ppo,1,runtime_ttc_speed,,,,,0.15,10000,10014,14,0.0,0.0,0.7715183743560016,0.0,0.0,0.0,0.0,1500.0,551.6625753471724,551.6625753471724,15.080461880659607,18.039872273078686,7.584416341743291,0.0026666666666666666,0.0,771518.3743560016,627.555114067494,42.96071167092287,3.2725550322533175,0.00023032599569955766,0.001483679525222552,880.0,104.0,6.0,770.0,58.666666666666664,1402.2672754529658,0.4786673144553788,0.4392280097818002,0.6252139908610841,1.133134663396049,7.543939576755899,11.805808010103647,8.022606891211277,12.360649309994187,0.4786673144553788,0.6252139908610841,/home/aaa/data/qj/stable-baselines3-master/risk_curriculum_metadrive/outputs/tuned_compare_baseline_nenv16_seed1_1m/runs/baseline_ppo_s1/config.json,/home/aaa/data/qj/stable-baselines3-master/risk_curriculum_metadrive/outputs/tuned_compare_baseline_nenv16_seed1_1m/runs/baseline_ppo_s1/model/final_model.zip
baseline,lower_bound,baseline,ppo,1,runtime_ttc_speed,,,,,0.15,10000,10015,15,1.0,0.0,0.9937532199328003,0.0,0.0,0.0,0.0,1464.0,655.95685627403,655.95685627403,17.389803550117776,18.326588324048533,13.991582307502823,0.0,0.0,993753.2199328004,706.4662634036871,33.521813621996074,4.01635866530197,0.00013437723151612428,0.0016051364365971107,1078.0,51.0,4.0,1023.0,73.63387978142076,1525.9044286223927,0.42907338176091847,0.39655900036450475,0.5652645850204862,1.0234173265052926,4.197334254128239,6.775059379287995,4.626407635889158,7.22252452687826,0.42907338176091847,0.5652645850204862,/home/aaa/data/qj/stable-baselines3-master/risk_curriculum_metadrive/outputs/tuned_compare_baseline_nenv16_seed1_1m/runs/baseline_ppo_s1/config.json,/home/aaa/data/qj/stable-baselines3-master/risk_curriculum_metadrive/outputs/tuned_compare_baseline_nenv16_seed1_1m/runs/baseline_ppo_s1/model/final_model.zip
baseline,lower_bound,baseline,ppo,1,runtime_ttc_speed,,,,,0.15,10000,10016,16,0.0,1.0,0.2832451159583833,1.0,1.0,0.0,0.0,296.0,106.64278478877355,106.64278478877355,16.53740393050946,18.28886441009707,9.176201851372351,0.04054054054054054,0.0,0.2832451159583833,135.5061596931393,2.2824719071691044,0.48862522418049154,0.027542514454367183,1.0,226.0,0.0,14.0,212.0,76.35135135135135,1667.8208615149947,0.4047165034658187,0.3804494917858392,0.4918557606288232,0.7836830045562277,2.427025943148151,3.133668767986819,2.83174244661397,3.52729424048448,0.4047165034658187,0.4918557606288232,/home/aaa/data/qj/stable-baselines3-master/risk_curriculum_metadrive/outputs/tuned_compare_baseline_nenv16_seed1_1m/runs/baseline_ppo_s1/config.json,/home/aaa/data/qj/stable-baselines3-master/risk_curriculum_metadrive/outputs/tuned_compare_baseline_nenv16_seed1_1m/runs/baseline_ppo_s1/model/final_model.zip
baseline,lower_bound,baseline,ppo,1,runtime_ttc_speed,,,,,0.15,10000,10017,17,0.0,0.0,0.7145926611312333,0.0,0.0,0.0,0.0,1500.0,445.17972838523923,445.17972838523923,13.4274396199813,16.813465350145297,3.299418450979014,0.028,0.0,714592.6611312333,558.1826073253765,58.66322227747947,2.8825602176475096,0.00046431159558424324,0.0030303030303030303,760.0,141.0,6.0,613.0,50.66666666666667,1361.561592973426,0.491165842996755,0.46076299622654915,0.6390519061824307,1.0843814874533562,8.36091998704554,11.553711313172244,8.852085830042293,12.06382115778979,0.491165842996755,0.6390519061824307,/home/aaa/data/qj/stable-baselines3-master/risk_curriculum_metadrive/outputs/tuned_compare_baseline_nenv16_seed1_1m/runs/baseline_ppo_s1/config.json,/home/aaa/data/qj/stable-baselines3-master/risk_curriculum_metadrive/outputs/tuned_compare_baseline_nenv16_seed1_1m/runs/baseline_ppo_s1/model/final_model.zip
baseline,lower_bound,baseline,ppo,1,runtime_ttc_speed,,,,,0.15,10000,10018,18,1.0,0.0,0.9911362756251979,0.0,0.0,0.0,0.0,970.0,417.22739003984833,417.22739003984833,15.848750010326178,18.215378550099743,7.735880219441325,0.01443298969072165,0.0,991136.2756251979,426.2875806203921,42.638055750956624,1.297072946753136,0.012085755067239278,0.056179775280898875,655.0,40.0,21.0,594.0,67.5257731958763,1536.521423042056,0.4334178667685939,0.40261550748255104,0.5465969865326769,1.0653497063321926,4.0337996094994075,5.522485901019536,4.467217476268002,5.972841098264325,0.4334178667685939,0.5465969865326769,/home/aaa/data/qj/stable-baselines3-master/risk_curriculum_metadrive/outputs/tuned_compare_baseline_nenv16_seed1_1m/runs/baseline_ppo_s1/config.json,/home/aaa/data/qj/stable-baselines3-master/risk_curriculum_metadrive/outputs/tuned_compare_baseline_nenv16_seed1_1m/runs/baseline_ppo_s1/model/final_model.zip
baseline,lower_bound,baseline,ppo,1,runtime_ttc_speed,,,,,0.15,10000,10019,19,0.0,0.0,0.9718160432470481,0.0,0.0,0.0,0.0,1500.0,559.4976878871244,559.4976878871244,15.94802935166787,18.29718024970564,5.52221419739726,0.011333333333333334,0.0,971816.0432470482,663.6676146241401,58.16221241271051,6.29035082658893,0.0,0.0,1091.0,57.0,2.0,1032.0,72.73333333333333,1643.8951908447034,0.45157174779645476,0.4167394945397973,0.6610580996493808,0.9920843879808672,5.222683062854533,9.59631829027785,5.6742548106509885,10.143803994287737,0.45157174779645476,0.6610580996493808,/home/aaa/data/qj/stable-baselines3-master/risk_curriculum_metadrive/outputs/tuned_compare_baseline_nenv16_seed1_1m/runs/baseline_ppo_s1/config.json,/home/aaa/data/qj/stable-baselines3-master/risk_curriculum_metadrive/outputs/tuned_compare_baseline_nenv16_seed1_1m/runs/baseline_ppo_s1/model/final_model.zip
baseline,lower_bound,baseline,ppo,1,runtime_ttc_speed,,,,,0.15,20000,20000,0,1.0,0.0,0.9873701953797525,0.0,0.0,0.0,0.0,726.0,332.14098085373354,332.14098085373354,17.227195423458895,18.342032520235254,15.033146461493613,0.02066115702479339,0.0,987370.1953797525,346.87964292681625,21.636898102066997,1.5459398483672446,0.009857029266377782,0.09392265193370165,561.0,8.0,20.0,533.0,77.27272727272727,1617.2756500396836,0.4119299169448294,0.38392399437725544,0.5089409969514236,1.0500897478777915,2.539394503300907,3.708599258970935,2.9513244202457365,4.1405315132578835,0.4119299169448294,0.5089409969514236,/home/aaa/data/qj/stable-baselines3-master/risk_curriculum_metadrive/outputs/tuned_compare_baseline_nenv16_seed1_1m/runs/baseline_ppo_s1/config.json,/home/aaa/data/qj/stable-baselines3-master/risk_curriculum_metadrive/outputs/tuned_compare_baseline_nenv16_seed1_1m/runs/baseline_ppo_s1/model/final_model.zip
baseline,lower_bound,baseline,ppo,1,runtime_ttc_speed,,,,,0.15,20000,20001,1,1.0,0.0,0.9914637950363038,0.0,0.0,0.0,0.0,1053.0,423.34587888350245,423.34587888350245,17.179587594479944,18.31336245596013,14.618502586107034,0.013295346628679962,0.0,991463.7950363038,501.93393843483636,16.93257412231262,1.0671920773156567,0.0062395799273963,0.1165644171779141,787.0,17.0,22.0,748.0,74.73884140550807,1567.93541886025,0.41762110398545443,0.38541099638678133,0.5953134153969585,1.1589589994400744,2.79130395444363,3.913928207475692,3.2089250584290845,4.3747088115196675,0.41762110398545443,0.5953134153969585,/home/aaa/data/qj/stable-baselines3-master/risk_curriculum_metadrive/outputs/tuned_compare_baseline_nenv16_seed1_1m/runs/baseline_ppo_s1/config.json,/home/aaa/data/qj/stable-baselines3-master/risk_curriculum_metadrive/outputs/tuned_compare_baseline_nenv16_seed1_1m/runs/baseline_ppo_s1/model/final_model.zip
baseline,lower_bound,baseline,ppo,1,runtime_ttc_speed,,,,,0.15,20000,20002,2,1.0,0.0,0.9888150347727281,0.0,0.0,0.0,0.0,1118.0,475.17474152838946,475.17474152838946,15.814388853198688,18.15639437956779,8.780206829899884,0.014311270125223614,0.0,988815.0347727282,490.3329774106922,28.45954624099918,2.9221686787784824,0.0022830847290956626,0.02231237322515213,726.0,62.0,17.0,647.0,64.93738819320215,1480.6264996366301,0.43201116066757583,0.3983019996667281,0.5595365189947181,1.1631306860363106,3.4947407875018035,5.2003089847858055,3.9267519481693793,5.722200400487054,0.43201116066757583,0.5595365189947181,/home/aaa/data/qj/stable-baselines3-master/risk_curriculum_metadrive/outputs/tuned_compare_baseline_nenv16_seed1_1m/runs/baseline_ppo_s1/config.json,/home/aaa/data/qj/stable-baselines3-master/risk_curriculum_metadrive/outputs/tuned_compare_baseline_nenv16_seed1_1m/runs/baseline_ppo_s1/model/final_model.zip
baseline,lower_bound,baseline,ppo,1,runtime_ttc_speed,,,,,0.15,20000,20003,3,0.0,1.0,0.6636236107248737,1.0,1.0,0.0,0.0,1097.0,333.04007858965025,333.04007858965025,14.820030338783635,18.003753022477877,6.673918756091432,0.010938924339106655,0.0,0.6636236107248737,451.06230485122006,19.727636293126498,0.6292099080667927,0.011012157240802779,0.029827315541601257,651.0,93.0,19.0,539.0,59.343664539653595,1443.2595962873202,0.4622939089918042,0.426376995164901,0.6042248161975294,1.0005370387807486,6.581267084520558,9.665940777631477,7.043560993512362,10.172778787091374,0.4622939089918042,0.6042248161975294,/home/aaa/data/qj/stable-baselines3-master/risk_curriculum_metadrive/outputs/tuned_compare_baseline_nenv16_seed1_1m/runs/baseline_ppo_s1/config.json,/home/aaa/data/qj/stable-baselines3-master/risk_curriculum_metadrive/outputs/tuned_compare_baseline_nenv16_seed1_1m/runs/baseline_ppo_s1/model/final_model.zip
baseline,lower_bound,baseline,ppo,1,runtime_ttc_speed,,,,,0.15,20000,20004,4,1.0,0.0,0.9908951998239396,0.0,0.0,0.0,0.0,1019.0,501.61373251270254,501.61373251270254,17.720102828238236,18.386268746395864,17.89248939105025,0.008832188420019628,0.0,990895.1998239396,501.09456703497517,139.79600606062795,1.4986789287127902,0.0026635165920114207,0.027210884353741496,841.0,11.0,8.0,822.0,82.53189401373896,1678.3259195490346,0.39046137351830607,0.37337600952014327,0.4971494025085121,0.7365979114547363,2.3349836563576796,3.8748346880311146,2.725445029875986,4.26824627793394,0.39046137351830607,0.4971494025085121,/home/aaa/data/qj/stable-baselines3-master/risk_curriculum_metadrive/outputs/tuned_compare_baseline_nenv16_seed1_1m/runs/baseline_ppo_s1/config.json,/home/aaa/data/qj/stable-baselines3-master/risk_curriculum_metadrive/outputs/tuned_compare_baseline_nenv16_seed1_1m/runs/baseline_ppo_s1/model/final_model.zip
baseline,lower_bound,baseline,ppo,1,runtime_ttc_speed,,,,,0.15,20000,20005,5,1.0,0.0,0.9922990828104873,0.0,0.0,0.0,0.0,1320.0,531.526350236976,531.526350236976,15.752044507245724,18.030533253170702,9.72125747702594,0.0,0.0,992299.0828104874,576.8681004069806,26.641002435286286,5.614937795144341,0.0,0.0,773.0,109.0,3.0,661.0,58.560606060606055,1339.994358250436,0.4400562078720241,0.41541599784977734,0.6102473169448784,0.8245982191874642,5.065771687143504,7.924565745634027,5.5058278950155275,8.394133814726956,0.4400562078720241,0.6102473169448784,/home/aaa/data/qj/stable-baselines3-master/risk_curriculum_metadrive/outputs/tuned_compare_baseline_nenv16_seed1_1m/runs/baseline_ppo_s1/config.json,/home/aaa/data/qj/stable-baselines3-master/risk_curriculum_metadrive/outputs/tuned_compare_baseline_nenv16_seed1_1m/runs/baseline_ppo_s1/model/final_model.zip
baseline,lower_bound,baseline,ppo,1,runtime_ttc_speed,,,,,0.15,20000,20006,6,1.0,0.0,0.9922082960800446,0.0,0.0,0.0,0.0,1243.0,528.3962583317796,528.3962583317796,16.568672753380365,18.2825669394848,8.196354085397902,0.0008045052292839903,0.0,992208.2960800446,571.5817339744851,55.68085269108609,4.672880996450394,5.2633789790765186e-05,0.003952569169960474,916.0,45.0,2.0,869.0,73.69267900241351,1602.5704559006945,0.40951438368225435,0.3870819928124547,0.5166970950085666,0.8153883647173634,2.913290101704012,3.6430135078262538,3.322804485386266,4.1136934014502895,0.40951438368225435,0.5166970950085666,/home/aaa/data/qj/stable-baselines3-master/risk_curriculum_metadrive/outputs/tuned_compare_baseline_nenv16_seed1_1m/runs/baseline_ppo_s1/config.json,/home/aaa/data/qj/stable-baselines3-master/risk_curriculum_metadrive/outputs/tuned_compare_baseline_nenv16_seed1_1m/runs/baseline_ppo_s1/model/final_model.zip
baseline,lower_bound,baseline,ppo,1,runtime_ttc_speed,,,,,0.15,20000,20007,7,1.0,0.0,0.9889425329919453,0.0,0.0,0.0,0.0,956.0,399.88402742436716,399.88402742436716,16.414720691243364,18.33471273252311,9.331888975857439,0.07845188284518828,0.0,988942.5329919454,435.3266223703059,15.109055631287633,0.05340513760710085,0.04208599828958597,0.5564516129032258,770.0,14.0,74.0,682.0,80.5439330543933,1768.786838276589,0.4072345107480607,0.38760300958529115,0.512634011101909,0.8139988916809695,2.670114916837219,3.9603865079698153,3.0773494275852795,4.371453738713171,0.4072345107480607,0.512634011101909,/home/aaa/data/qj/stable-baselines3-master/risk_curriculum_metadrive/outputs/tuned_compare_baseline_nenv16_seed1_1m/runs/baseline_ppo_s1/config.json,/home/aaa/data/qj/stable-baselines3-master/risk_curriculum_metadrive/outputs/tuned_compare_baseline_nenv16_seed1_1m/runs/baseline_ppo_s1/model/final_model.zip
baseline,lower_bound,baseline,ppo,1,runtime_ttc_speed,,,,,0.15,20000,20008,8,0.0,0.0,0.7630135281999966,0.0,0.0,0.0,0.0,1500.0,420.1721457489947,420.1721457489947,12.34641911375607,14.473797438375092,3.427085373802312,0.02,0.0,763013.5281999966,513.4243357675111,50.37971298420257,0.06005885688691311,0.01824801113931428,0.0717557251908397,721.0,88.0,64.0,569.0,48.06666666666667,1404.296504415177,0.450726684978387,0.42189250234514475,0.5847499356605113,0.8378309023100882,5.55570841714507,7.40517080121208,6.006435102123457,7.873387314612046,0.450726684978387,0.5847499356605113,/home/aaa/data/qj/stable-baselines3-master/risk_curriculum_metadrive/outputs/tuned_compare_baseline_nenv16_seed1_1m/runs/baseline_ppo_s1/config.json,/home/aaa/data/qj/stable-baselines3-master/risk_curriculum_metadrive/outputs/tuned_compare_baseline_nenv16_seed1_1m/runs/baseline_ppo_s1/model/final_model.zip
baseline,lower_bound,baseline,ppo,1,runtime_ttc_speed,,,,,0.15,20000,20009,9,0.0,1.0,0.7785588331110993,1.0,1.0,0.0,0.0,690.0,250.44451154477247,250.44451154477247,16.347261889341794,18.291833062120382,8.191001046702041,0.0536231884057971,0.0,0.7785588331110993,312.6887550061859,28.309626120873283,1.6889178774322897,0.017154140087622578,0.3888888888888889,525.0,6.0,43.0,476.0,76.08695652173914,1678.9858656401443,0.4163561015140157,0.38908749411348253,0.5085941986180842,0.9476082029868858,3.455696458568918,5.70063033956103,3.872052560082934,6.154808845894877,0.4163561015140157,0.5085941986180842,/home/aaa/data/qj/stable-baselines3-master/risk_curriculum_metadrive/outputs/tuned_compare_baseline_nenv16_seed1_1m/runs/baseline_ppo_s1/config.json,/home/aaa/data/qj/stable-baselines3-master/risk_curriculum_metadrive/outputs/tuned_compare_baseline_nenv16_seed1_1m/runs/baseline_ppo_s1/model/final_model.zip
baseline,lower_bound,baseline,ppo,1,runtime_ttc_speed,,,,,0.15,20000,20010,10,1.0,0.0,0.9892850598029423,0.0,0.0,0.0,0.0,956.0,415.85130461392487,415.85130461392487,16.75525960694878,18.210381755889845,12.286249927636206,0.011506276150627616,0.0,989285.0598029424,444.30631134524594,19.037880166965785,2.766365484927327,0.004036034356693014,0.036619718309859155,658.0,47.0,13.0,598.0,68.82845188284519,1480.9602816753697,0.39335686441780765,0.3775125078391284,0.4832757622352801,0.7462855908670464,2.2884934004647053,3.8860210042912513,2.681850264882513,4.317484759667423,0.39335686441780765,0.4832757622352801,/home/aaa/data/qj/stable-baselines3-master/risk_curriculum_metadrive/outputs/tuned_compare_baseline_nenv16_seed1_1m/runs/baseline_ppo_s1/config.json,/home/aaa/data/qj/stable-baselines3-master/risk_curriculum_metadrive/outputs/tuned_compare_baseline_nenv16_seed1_1m/runs/baseline_ppo_s1/model/final_model.zip
baseline,lower_bound,baseline,ppo,1,runtime_ttc_speed,,,,,0.15,20000,20011,11,1.0,0.0,0.9916448429558523,0.0,0.0,0.0,0.0,1200.0,446.4745795445696,446.4745795445696,16.4557167565947,18.34794902564963,7.280439820748383,0.0625,0.0,991644.8429558524,547.9308197401105,31.27714684997945,0.60730078864433,0.03211127774923502,0.4588235294117647,987.0,3.0,85.0,899.0,82.25,1801.3222918691538,0.4256186687659162,0.39533351082354784,0.5559541561524383,0.7524839797406456,5.348032350763485,7.652314697043039,5.7736510195294,8.076196156616788,0.4256186687659162,0.5559541561524383,/home/aaa/data/qj/stable-baselines3-master/risk_curriculum_metadrive/outputs/tuned_compare_baseline_nenv16_seed1_1m/runs/baseline_ppo_s1/config.json,/home/aaa/data/qj/stable-baselines3-master/risk_curriculum_metadrive/outputs/tuned_compare_baseline_nenv16_seed1_1m/runs/baseline_ppo_s1/model/final_model.zip
baseline,lower_bound,baseline,ppo,1,runtime_ttc_speed,,,,,0.15,20000,20012,12,1.0,0.0,0.992024506283527,0.0,0.0,0.0,0.0,1055.0,494.42139107138286,494.42139107138286,17.684312716338287,18.34999895043698,15.680754974321486,0.005687203791469194,0.0,992024.506283527,517.6798863335379,31.165549400431466,2.6810831871417036,0.002771677300300984,0.04433497536945813,825.0,21.0,9.0,795.0,78.19905213270142,1593.6489359149211,0.405329774283932,0.3808339824900031,0.5712461017537862,0.8749177498975778,2.595700921575755,4.251143496367149,3.0010306958596873,4.797815295751207,0.405329774283932,0.5712461017537862,/home/aaa/data/qj/stable-baselines3-master/risk_curriculum_metadrive/outputs/tuned_compare_baseline_nenv16_seed1_1m/runs/baseline_ppo_s1/config.json,/home/aaa/data/qj/stable-baselines3-master/risk_curriculum_metadrive/outputs/tuned_compare_baseline_nenv16_seed1_1m/runs/baseline_ppo_s1/model/final_model.zip
baseline,lower_bound,baseline,ppo,1,runtime_ttc_speed,,,,,0.15,20000,20013,13,1.0,0.0,0.9941353472270568,0.0,0.0,0.0,0.0,1400.0,556.6444311823763,556.6444311823763,17.14276923381883,18.324362754083413,13.909734238178178,0.015,0.0,994135.3472270569,666.1156664530255,44.480328286662264,3.18881029908366,0.0018972743290373824,0.08333333333333333,1096.0,23.0,26.0,1047.0,78.28571428571428,1645.3598904767541,0.42519074615224134,0.39911649946589023,0.542044841859024,0.7966671473695895,4.737850867781423,7.3090564663289115,5.163041613933664,7.752188315498643,0.42519074615224134,0.542044841859024,/home/aaa/data/qj/stable-baselines3-master/risk_curriculum_metadrive/outputs/tuned_compare_baseline_nenv16_seed1_1m/runs/baseline_ppo_s1/config.json,/home/aaa/data/qj/stable-baselines3-master/risk_curriculum_metadrive/outputs/tuned_compare_baseline_nenv16_seed1_1m/runs/baseline_ppo_s1/model/final_model.zip
baseline,lower_bound,baseline,ppo,1,runtime_ttc_speed,,,,,0.15,20000,20014,14,1.0,0.0,0.9913211651614937,0.0,0.0,0.0,0.0,1178.0,485.07783503972365,485.07783503972365,16.420593238304342,18.252057619456032,8.429465992458624,0.0008488964346349745,0.0,991321.1651614937,536.8122237599732,48.7871987881472,5.931615044421113,0.0,0.0,846.0,54.0,2.0,790.0,71.81663837011885,1575.9700739942075,0.4132591474891035,0.390074506867677,0.5193101373151873,0.7972926579532217,3.181625712074534,4.527064220746979,3.594884859563637,4.979831984383054,0.4132591474891035,0.5193101373151873,/home/aaa/data/qj/stable-baselines3-master/risk_curriculum_metadrive/outputs/tuned_compare_baseline_nenv16_seed1_1m/runs/baseline_ppo_s1/config.json,/home/aaa/data/qj/stable-baselines3-master/risk_curriculum_metadrive/outputs/tuned_compare_baseline_nenv16_seed1_1m/runs/baseline_ppo_s1/model/final_model.zip
baseline,lower_bound,baseline,ppo,1,runtime_ttc_speed,,,,,0.15,20000,20015,15,1.0,0.0,0.9933633790564866,0.0,0.0,0.0,0.0,1154.0,503.5390167942844,503.5390167942844,18.246887792258224,18.439709836230445,17.93344702889815,0.0,0.0,993363.3790564867,584.443790476802,313.2771179788868,9.349225932927286,0.0,0.0,979.0,4.0,0.0,975.0,84.83535528596187,1675.0969313940534,0.3932913656058387,0.3757439990295097,0.5088976628030649,0.7290474025649019,2.47483075908817,3.9664952520979564,2.8681221246940085,4.4154538394650436,0.3932913656058387,0.5088976628030649,/home/aaa/data/qj/stable-baselines3-master/risk_curriculum_metadrive/outputs/tuned_compare_baseline_nenv16_seed1_1m/runs/baseline_ppo_s1/config.json,/home/aaa/data/qj/stable-baselines3-master/risk_curriculum_metadrive/outputs/tuned_compare_baseline_nenv16_seed1_1m/runs/baseline_ppo_s1/model/final_model.zip
baseline,lower_bound,baseline,ppo,1,runtime_ttc_speed,,,,,0.15,20000,20016,16,0.0,0.0,0.6685918928179105,0.0,0.0,0.0,0.0,1500.0,411.1004546425668,411.1004546425668,11.517180212999252,10.877087074550907,4.234503473426857,0.01,0.0,668591.8928179105,478.72338667255974,102.131041623934,3.0653330865826773,0.0002999415283339364,0.0019212295869356388,576.0,188.0,7.0,381.0,38.4,1203.2000441916496,0.452361548144836,0.424079509684816,0.601829044171609,0.8573067013639953,5.449607589941782,7.481921694125049,5.901969138086618,8.012706450244877,0.452361548144836,0.601829044171609,/home/aaa/data/qj/stable-baselines3-master/risk_curriculum_metadrive/outputs/tuned_compare_baseline_nenv16_seed1_1m/runs/baseline_ppo_s1/config.json,/home/aaa/data/qj/stable-baselines3-master/risk_curriculum_metadrive/outputs/tuned_compare_baseline_nenv16_seed1_1m/runs/baseline_ppo_s1/model/final_model.zip
baseline,lower_bound,baseline,ppo,1,runtime_ttc_speed,,,,,0.15,20000,20017,17,1.0,0.0,0.9941941397231874,0.0,0.0,0.0,0.0,1266.0,528.0927535485486,528.0927535485486,17.392459129873554,18.307881471173346,14.543315890468712,0.0,0.0,994194.1397231874,610.9712821444369,25.782932676161778,4.798034691564076,3.1906051885612054e-05,0.00392156862745098,928.0,39.0,2.0,887.0,73.30173775671406,1518.8929940255616,0.42076792573853505,0.39498950354754925,0.5418414948508143,0.815675550256855,4.045169176166917,5.546963759115897,4.465937101905452,6.069075738196261,0.42076792573853505,0.5418414948508143,/home/aaa/data/qj/stable-baselines3-master/risk_curriculum_metadrive/outputs/tuned_compare_baseline_nenv16_seed1_1m/runs/baseline_ppo_s1/config.json,/home/aaa/data/qj/stable-baselines3-master/risk_curriculum_metadrive/outputs/tuned_compare_baseline_nenv16_seed1_1m/runs/baseline_ppo_s1/model/final_model.zip
baseline,lower_bound,baseline,ppo,1,runtime_ttc_speed,,,,,0.15,20000,20018,18,0.0,0.0,0.8629530403029163,0.0,0.0,0.0,0.0,1500.0,514.4823424924022,514.4823424924022,16.180910287370125,18.14837428806638,9.47874572526295,0.0,0.0,862953.0403029163,673.3348902070189,34.2056369135752,7.687768694366115,0.0,0.0,968.0,101.0,0.0,867.0,64.53333333333333,1437.6204383265886,0.4711802691454068,0.4470410058274865,0.6292198522714897,0.818395976384636,8.083508532979371,14.578806003555655,8.554688802124778,15.219984135183036,0.4711802691454068,0.6292198522714897,/home/aaa/data/qj/stable-baselines3-master/risk_curriculum_metadrive/outputs/tuned_compare_baseline_nenv16_seed1_1m/runs/baseline_ppo_s1/config.json,/home/aaa/data/qj/stable-baselines3-master/risk_curriculum_metadrive/outputs/tuned_compare_baseline_nenv16_seed1_1m/runs/baseline_ppo_s1/model/final_model.zip
baseline,lower_bound,baseline,ppo,1,runtime_ttc_speed,,,,,0.15,20000,20019,19,1.0,0.0,0.9906256539543243,0.0,0.0,0.0,0.0,1120.0,483.84381643202397,483.84381643202397,17.85613282890157,18.375840561564452,17.88927650720393,0.00625,0.0,990625.6539543244,555.0338275527661,21.16829387510747,5.462651214584356,0.0,0.0,922.0,17.0,3.0,902.0,82.32142857142857,1661.1600126522867,0.4183996555574205,0.3920980088878423,0.5302149074850602,0.7715710895718061,4.072664617030698,6.63705788902007,4.491064272588119,7.054672310187016,0.4183996555574205,0.5302149074850602,/home/aaa/data/qj/stable-baselines3-master/risk_curriculum_metadrive/outputs/tuned_compare_baseline_nenv16_seed1_1m/runs/baseline_ppo_s1/config.json,/home/aaa/data/qj/stable-baselines3-master/risk_curriculum_metadrive/outputs/tuned_compare_baseline_nenv16_seed1_1m/runs/baseline_ppo_s1/model/final_model.zip
baseline,lower_bound,baseline,ppo,2,runtime_ttc_speed,,,,,0.15,10000,10000,0,1.0,0.0,0.9911962145714938,0.0,0.0,0.0,0.0,1062.0,402.25129801710546,402.25129801710546,17.699565841063777,18.400117034983946,17.871121359226837,0.01224105461393597,0.0,991196.2145714938,521.593028627513,186.7538073066511,0.6777931734046782,0.00846342946044367,0.1504424778761062,866.0,4.0,17.0,845.0,81.54425612052731,1660.2982641059023,0.414989119937789,0.39078698318917304,0.5467047027195802,0.7646142019075348,3.838672709842905,5.87727386446204,4.253661829780694,6.323339200753253,0.414989119937789,0.5467047027195802,/home/aaa/data/qj/stable-baselines3-master/risk_curriculum_metadrive/outputs/tuned_compare_baseline_nenv16_seed2_1m/runs/baseline_ppo_s2/config.json,/home/aaa/data/qj/stable-baselines3-master/risk_curriculum_metadrive/outputs/tuned_compare_baseline_nenv16_seed2_1m/runs/baseline_ppo_s2/model/final_model.zip
baseline,lower_bound,baseline,ppo,2,runtime_ttc_speed,,,,,0.15,10000,10001,1,0.0,1.0,0.8543870107791788,1.0,1.0,0.0,0.0,884.0,336.1187926203211,336.1187926203211,17.786694015619425,18.39548750397409,17.870042434104512,0.0,0.0,0.8543870107791788,436.3667613092895,32.842377004760145,0.09006563744018935,0.00523361960594233,0.05747126436781609,718.0,9.0,5.0,704.0,81.22171945701358,1645.4048833730799,0.4237357630263761,0.3946979995816946,0.5614053516183047,0.7429447257891294,3.631597564766938,4.741293836559635,4.055333327793314,5.237060505896807,0.4237357630263761,0.5614053516183047,/home/aaa/data/qj/stable-baselines3-master/risk_curriculum_metadrive/outputs/tuned_compare_baseline_nenv16_seed2_1m/runs/baseline_ppo_s2/config.json,/home/aaa/data/qj/stable-baselines3-master/risk_curriculum_metadrive/outputs/tuned_compare_baseline_nenv16_seed2_1m/runs/baseline_ppo_s2/model/final_model.zip
baseline,lower_bound,baseline,ppo,2,runtime_ttc_speed,,,,,0.15,10000,10002,2,1.0,0.0,0.9918907792210123,0.0,0.0,0.0,0.0,1328.0,435.70906107169634,435.70906107169634,14.954255164966739,18.043561189035554,7.076277925061337,0.01581325301204819,0.0,991890.7792210124,550.8017918191165,50.768669296239764,0.5756561137147832,0.0074582322362693725,0.021035598705501618,786.0,75.0,18.0,693.0,59.18674698795181,1427.0106083063047,0.4578384871064077,0.4271354991942644,0.6020904955221335,0.8411964101833291,6.482805917114026,10.021639782644343,6.940644404220434,10.537784895859657,0.4578384871064077,0.6020904955221335,/home/aaa/data/qj/stable-baselines3-master/risk_curriculum_metadrive/outputs/tuned_compare_baseline_nenv16_seed2_1m/runs/baseline_ppo_s2/config.json,/home/aaa/data/qj/stable-baselines3-master/risk_curriculum_metadrive/outputs/tuned_compare_baseline_nenv16_seed2_1m/runs/baseline_ppo_s2/model/final_model.zip
baseline,lower_bound,baseline,ppo,2,runtime_ttc_speed,,,,,0.15,10000,10003,3,1.0,0.0,0.9897975067216422,0.0,0.0,0.0,0.0,990.0,384.8704041556955,384.8704041556955,16.938197700023714,18.278102280454604,11.302895350040236,0.0,0.0,989797.5067216423,465.1383940010176,33.78488727486306,7.727799697855107,0.0,0.0,706.0,40.0,0.0,666.0,71.31313131313132,1517.8278316849833,0.3994661126393975,0.37743950088042766,0.5133716927957717,0.8006115508032964,2.5152934307110204,4.46212254173588,2.914759543350418,4.9036494485335425,0.3994661126393975,0.5133716927957717,/home/aaa/data/qj/stable-baselines3-master/risk_curriculum_metadrive/outputs/tuned_compare_baseline_nenv16_seed2_1m/runs/baseline_ppo_s2/config.json,/home/aaa/data/qj/stable-baselines3-master/risk_curriculum_metadrive/outputs/tuned_compare_baseline_nenv16_seed2_1m/runs/baseline_ppo_s2/model/final_model.zip
baseline,lower_bound,baseline,ppo,2,runtime_ttc_speed,,,,,0.15,10000,10004,4,0.0,1.0,0.7034161960635658,1.0,1.0,0.0,0.0,1418.0,356.3716016459458,356.3716016459458,10.161169074509427,8.972336744388809,1.6140438755648625,0.0613540197461213,0.0,0.7034161960635658,398.9135716890497,65.16282756066194,7.602045601208714,0.0,0.0,533.0,140.0,0.0,393.0,37.588152327221444,1336.129020988711,0.49565332453308447,0.4763629985973239,0.6779946925234981,0.902573165367357,7.876930191509665,10.706786985974759,8.372583516042749,11.287644134426955,0.49565332453308447,0.6779946925234981,/home/aaa/data/qj/stable-baselines3-master/risk_curriculum_metadrive/outputs/tuned_compare_baseline_nenv16_seed2_1m/runs/baseline_ppo_s2/config.json,/home/aaa/data/qj/stable-baselines3-master/risk_curriculum_metadrive/outputs/tuned_compare_baseline_nenv16_seed2_1m/runs/baseline_ppo_s2/model/final_model.zip
baseline,lower_bound,baseline,ppo,2,runtime_ttc_speed,,,,,0.15,10000,10005,5,1.0,0.0,0.9900142138976769,0.0,0.0,0.0,0.0,1084.0,391.7424279534234,391.7424279534234,16.241751919966497,18.250859072895704,7.762345928929785,0.03228782287822878,0.0,990014.2138976769,488.3881937980745,67.1503119843171,4.6339222061819445,0.00012465399756023392,0.013333333333333334,797.0,41.0,19.0,737.0,73.5239852398524,1631.898580106795,0.4338450759702544,0.4048544797115028,0.5682615505065767,0.8493175453622902,3.98365350720873,6.4981228788383305,4.417498583178984,6.98915137327276,0.4338450759702544,0.5682615505065767,/home/aaa/data/qj/stable-baselines3-master/risk_curriculum_metadrive/outputs/tuned_compare_baseline_nenv16_seed2_1m/runs/baseline_ppo_s2/config.json,/home/aaa/data/qj/stable-baselines3-master/risk_curriculum_metadrive/outputs/tuned_compare_baseline_nenv16_seed2_1m/runs/baseline_ppo_s2/model/final_model.zip
baseline,lower_bound,baseline,ppo,2,runtime_ttc_speed,,,,,0.15,10000,10006,6,1.0,0.0,0.9924228246098538,0.0,0.0,0.0,0.0,1218.0,507.71578521452324,507.71578521452324,18.3683270653626,18.480393712025336,17.978228311819958,0.0,0.0,992422.8246098538,621.0325909786387,19.66923024027819,14.425096717147605,0.0,0.0,1069.0,0.0,0.0,1069.0,87.76683087027915,1721.3267315253827,0.41235519650702673,0.38944648986216635,0.5380800008424557,0.7819820879376485,3.3248640369245024,6.77346985321492,3.7372192334315293,7.181431632488965,0.41235519650702673,0.5380800008424557,/home/aaa/data/qj/stable-baselines3-master/risk_curriculum_metadrive/outputs/tuned_compare_baseline_nenv16_seed2_1m/runs/baseline_ppo_s2/config.json,/home/aaa/data/qj/stable-baselines3-master/risk_curriculum_metadrive/outputs/tuned_compare_baseline_nenv16_seed2_1m/runs/baseline_ppo_s2/model/final_model.zip
baseline,lower_bound,baseline,ppo,2,runtime_ttc_speed,,,,,0.15,10000,10007,7,0.0,0.0,0.49861492422185444,0.0,0.0,0.0,0.0,1500.0,333.3397618243779,333.3397618243779,9.912909482801657,8.348606376017973,2.7310913648868587,0.030666666666666665,0.0,498614.9242218545,412.29308622938976,62.156866866238666,3.791858887422721,0.00016108548167697052,0.0008203445447087777,478.0,184.0,3.0,291.0,31.866666666666667,1159.3694290911599,0.5015065550881749,0.47633399663027376,0.6548398348968474,0.8832933288067574,8.142869747787094,12.049054549424909,8.644376302875267,12.619286280823871,0.5015065550881749,0.6548398348968474,/home/aaa/data/qj/stable-baselines3-master/risk_curriculum_metadrive/outputs/tuned_compare_baseline_nenv16_seed2_1m/runs/baseline_ppo_s2/config.json,/home/aaa/data/qj/stable-baselines3-master/risk_curriculum_metadrive/outputs/tuned_compare_baseline_nenv16_seed2_1m/runs/baseline_ppo_s2/model/final_model.zip
baseline,lower_bound,baseline,ppo,2,runtime_ttc_speed,,,,,0.15,10000,10008,8,0.0,0.0,0.4980877263283791,0.0,0.0,0.0,0.0,1500.0,206.83902229061482,206.83902229061482,5.970207496026257,1.125624682180081,0.0113704366206135,0.49466666666666664,0.0,498087.7263283791,248.09341279686558,936.5868210620516,9.822253103779284,0.0,0.0,327.0,61.0,0.0,266.0,21.8,1318.0519237233505,0.4529895722128761,0.4302924935473129,0.5799428909085691,0.8415020411484874,3.8124261927247667,4.284984710102435,4.265415764937643,4.80498940742109,0.4529895722128761,0.5799428909085691,/home/aaa/data/qj/stable-baselines3-master/risk_curriculum_metadrive/outputs/tuned_compare_baseline_nenv16_seed2_1m/runs/baseline_ppo_s2/config.json,/home/aaa/data/qj/stable-baselines3-master/risk_curriculum_metadrive/outputs/tuned_compare_baseline_nenv16_seed2_1m/runs/baseline_ppo_s2/model/final_model.zip
baseline,lower_bound,baseline,ppo,2,runtime_ttc_speed,,,,,0.15,10000,10009,9,1.0,0.0,0.9895624273745779,0.0,0.0,0.0,0.0,976.0,429.61844463047726,429.61844463047726,17.089872434507328,18.370759225129305,13.807723974926233,0.03278688524590164,0.0,989562.427374578,462.7709057709766,27.120029588269073,1.7946082082980386,0.011701979325602388,0.37623762376237624,793.0,3.0,40.0,750.0,81.25,1713.5908720943933,0.3910724467086915,0.37195649929344654,0.4723819802165963,0.7101555092958733,2.180901242280045,2.8004225096083246,2.5719736889887366,3.225357024348341,0.3910724467086915,0.4723819802165963,/home/aaa/data/qj/stable-baselines3-master/risk_curriculum_metadrive/outputs/tuned_compare_baseline_nenv16_seed2_1m/runs/baseline_ppo_s2/config.json,/home/aaa/data/qj/stable-baselines3-master/risk_curriculum_metadrive/outputs/tuned_compare_baseline_nenv16_seed2_1m/runs/baseline_ppo_s2/model/final_model.zip
baseline,lower_bound,baseline,ppo,2,runtime_ttc_speed,,,,,0.15,10000,10010,10,1.0,0.0,0.9924172027583175,0.0,0.0,0.0,0.0,1359.0,418.17151449956344,418.17151449956344,15.107236753603303,17.986387844793107,7.374339422952352,0.003679175864606328,0.0,992417.2027583175,569.6555682652292,24.31098528789827,1.96730131184352,0.0007263805853233785,0.0028776978417266188,765.0,107.0,4.0,654.0,56.29139072847682,1342.916742356531,0.4542846757720887,0.42232198757119477,0.622598809422925,0.9207934734877219,5.697032573360147,8.796646096743643,6.151317249132235,9.286272872122936,0.4542846757720887,0.622598809422925,/home/aaa/data/qj/stable-baselines3-master/risk_curriculum_metadrive/outputs/tuned_compare_baseline_nenv16_seed2_1m/runs/baseline_ppo_s2/config.json,/home/aaa/data/qj/stable-baselines3-master/risk_curriculum_metadrive/outputs/tuned_compare_baseline_nenv16_seed2_1m/runs/baseline_ppo_s2/model/final_model.zip
baseline,lower_bound,baseline,ppo,2,runtime_ttc_speed,,,,,0.15,10000,10011,11,0.0,1.0,0.8163954843814448,1.0,1.0,0.0,0.0,1224.0,402.8908362450183,402.8908362450183,14.381084575299878,17.916448929227318,6.00482361553439,0.010620915032679739,0.0,0.8163954843814448,488.2096767484448,58.036041340064415,0.6327662738296512,0.0026890706746433802,0.007731958762886598,648.0,94.0,8.0,546.0,52.94117647058824,1327.298558102708,0.4390154139091583,0.40972600982058793,0.5479923114762641,0.7985165095306002,4.849001583209554,5.8361916919238865,5.288016997118712,6.300599248788785,0.4390154139091583,0.5479923114762641,/home/aaa/data/qj/stable-baselines3-master/risk_curriculum_metadrive/outputs/tuned_compare_baseline_nenv16_seed2_1m/runs/baseline_ppo_s2/config.json,/home/aaa/data/qj/stable-baselines3-master/risk_curriculum_metadrive/outputs/tuned_compare_baseline_nenv16_seed2_1m/runs/baseline_ppo_s2/model/final_model.zip
baseline,lower_bound,baseline,ppo,2,runtime_ttc_speed,,,,,0.15,10000,10012,12,1.0,0.0,0.9887768055766544,0.0,0.0,0.0,0.0,894.0,389.148017515459,389.148017515459,17.540732518623113,18.384668494399065,17.605555136326334,0.013422818791946308,0.0,988776.8055766544,435.05508839609445,90.76075988369315,1.3638843154978344,0.005999898230599313,0.04180064308681672,721.0,5.0,17.0,699.0,80.64876957494407,1657.2613888004178,0.40178572228001286,0.3842309961328283,0.5013292015064504,0.7022723334375766,2.5315066417395315,3.6685574930743314,2.933292364019544,4.067049143486656,0.40178572228001286,0.5013292015064504,/home/aaa/data/qj/stable-baselines3-master/risk_curriculum_metadrive/outputs/tuned_compare_baseline_nenv16_seed2_1m/runs/baseline_ppo_s2/config.json,/home/aaa/data/qj/stable-baselines3-master/risk_curriculum_metadrive/outputs/tuned_compare_baseline_nenv16_seed2_1m/runs/baseline_ppo_s2/model/final_model.zip
baseline,lower_bound,baseline,ppo,2,runtime_ttc_speed,,,,,0.15,10000,10013,13,1.0,0.0,0.992618051817508,0.0,0.0,0.0,0.0,1077.0,472.9264013514088,472.9264013514088,17.936105833720614,18.426995789573187,17.91377500478362,0.01021355617455896,0.0,992618.051817508,536.1105026745662,17.53243422381201,5.125878512123924,0.0,0.0,917.0,12.0,3.0,902.0,85.1439182915506,1710.4682624668599,0.4107927475325649,0.3828539920505136,0.5123006005305795,0.8108887157868595,3.8518197399961003,6.47357779671438,4.262612487528665,6.889747997047379,0.4107927475325649,0.5123006005305795,/home/aaa/data/qj/stable-baselines3-master/risk_curriculum_metadrive/outputs/tuned_compare_baseline_nenv16_seed2_1m/runs/baseline_ppo_s2/config.json,/home/aaa/data/qj/stable-baselines3-master/risk_curriculum_metadrive/outputs/tuned_compare_baseline_nenv16_seed2_1m/runs/baseline_ppo_s2/model/final_model.zip
baseline,lower_bound,baseline,ppo,2,runtime_ttc_speed,,,,,0.15,10000,10014,14,0.0,1.0,0.06723270545533776,1.0,1.0,0.0,0.0,111.0,36.835165610521194,36.835165610521194,16.410516265432477,18.146934724487945,10.62042808260673,0.0,1.0,0.06723270545533776,50.070144386646824,50.195853532703644,6.3416799705653295,0.0,0.0,69.0,2.0,1.0,66.0,62.16216216216216,1378.0667270933927,0.4422384760497759,0.40831699152477086,0.5625390040222555,0.7874729897594085,4.8689271513737635,5.521018494619057,5.31116562742354,5.983132519759238,0.4422384760497759,0.5625390040222555,/home/aaa/data/qj/stable-baselines3-master/risk_curriculum_metadrive/outputs/tuned_compare_baseline_nenv16_seed2_1m/runs/baseline_ppo_s2/config.json,/home/aaa/data/qj/stable-baselines3-master/risk_curriculum_metadrive/outputs/tuned_compare_baseline_nenv16_seed2_1m/runs/baseline_ppo_s2/model/final_model.zip
baseline,lower_bound,baseline,ppo,2,runtime_ttc_speed,,,,,0.15,10000,10015,15,0.0,0.0,0.6578298384919293,0.0,0.0,0.0,0.0,1500.0,395.7705788513894,395.7705788513894,11.063090582511107,10.202705416580752,3.5017469350948778,0.018666666666666668,0.0,657829.8384919293,460.0578702042192,59.35399653448975,6.234807346565424,0.0,0.0,533.0,123.0,2.0,408.0,35.53333333333333,1158.5499010448443,0.45653554416882497,0.4249145131325349,0.6154392191092484,0.8649101990158667,5.82548772993808,7.335511010023765,6.282023274106905,7.913805393036455,0.45653554416882497,0.6154392191092484,/home/aaa/data/qj/stable-baselines3-master/risk_curriculum_metadrive/outputs/tuned_compare_baseline_nenv16_seed2_1m/runs/baseline_ppo_s2/config.json,/home/aaa/data/qj/stable-baselines3-master/risk_curriculum_metadrive/outputs/tuned_compare_baseline_nenv16_seed2_1m/runs/baseline_ppo_s2/model/final_model.zip
baseline,lower_bound,baseline,ppo,2,runtime_ttc_speed,,,,,0.15,10000,10016,16,0.0,1.0,0.2858271357396704,1.0,1.0,0.0,0.0,299.0,95.50044825305524,95.50044825305524,16.541488830296306,18.290761299935074,9.071857826109195,0.04013377926421405,0.0,0.2858271357396704,136.91854496429434,2.5900396144578606,1.9582624870163603,0.02256819090139796,1.0,228.0,0.0,14.0,214.0,76.2541806020067,1665.223655856538,0.40353549216845913,0.37777499528601766,0.5596188915660596,0.7595994422445069,2.386943100469598,3.150205814745277,2.790478592638057,3.6065954802324995,0.40353549216845913,0.5596188915660596,/home/aaa/data/qj/stable-baselines3-master/risk_curriculum_metadrive/outputs/tuned_compare_baseline_nenv16_seed2_1m/runs/baseline_ppo_s2/config.json,/home/aaa/data/qj/stable-baselines3-master/risk_curriculum_metadrive/outputs/tuned_compare_baseline_nenv16_seed2_1m/runs/baseline_ppo_s2/model/final_model.zip
baseline,lower_bound,baseline,ppo,2,runtime_ttc_speed,,,,,0.15,10000,10017,17,0.0,0.0,0.5678495837679974,0.0,0.0,0.0,0.0,1500.0,355.20358197934047,355.20358197934047,10.758460666752274,9.968679294667302,1.955615072308272,0.048666666666666664,0.0,567849.5837679975,447.2840226261305,68.28324945533512,4.959991683401704,5.334442213106172e-06,0.0011402508551881414,596.0,102.0,5.0,489.0,39.733333333333334,1332.4866747994174,0.5012679562205449,0.48238849558401853,0.6667339053819886,0.8708931299042886,9.374902975047007,14.831892334041184,9.876170931267552,15.416690088750327,0.5012679562205449,0.6667339053819886,/home/aaa/data/qj/stable-baselines3-master/risk_curriculum_metadrive/outputs/tuned_compare_baseline_nenv16_seed2_1m/runs/baseline_ppo_s2/config.json,/home/aaa/data/qj/stable-baselines3-master/risk_curriculum_metadrive/outputs/tuned_compare_baseline_nenv16_seed2_1m/runs/baseline_ppo_s2/model/final_model.zip
baseline,lower_bound,baseline,ppo,2,runtime_ttc_speed,,,,,0.15,10000,10018,18,1.0,0.0,0.9914872405896272,0.0,0.0,0.0,0.0,974.0,369.7358001966359,369.7358001966359,15.727855610943907,18.21786263187824,7.021395206508025,0.015400410677618069,0.0,991487.2405896273,424.7632779326895,32.47254316545639,2.773161210796396,0.004192262635676557,0.05309734513274336,661.0,41.0,19.0,601.0,67.86447638603697,1556.1608885237624,0.42598849634933467,0.3982079797424376,0.5724932634620923,0.7820793276187031,3.94885889351324,5.284424702404066,4.374847389862574,5.744261913059745,0.42598849634933467,0.5724932634620923,/home/aaa/data/qj/stable-baselines3-master/risk_curriculum_metadrive/outputs/tuned_compare_baseline_nenv16_seed2_1m/runs/baseline_ppo_s2/config.json,/home/aaa/data/qj/stable-baselines3-master/risk_curriculum_metadrive/outputs/tuned_compare_baseline_nenv16_seed2_1m/runs/baseline_ppo_s2/model/final_model.zip
baseline,lower_bound,baseline,ppo,2,runtime_ttc_speed,,,,,0.15,10000,10019,19,0.0,0.0,0.9917242272757779,0.0,0.0,0.0,0.0,1500.0,603.4924684682729,603.4924684682729,16.302596436864714,18.248941998363712,8.76029553522215,0.006666666666666667,0.0,991724.227275778,678.4014592765119,37.68137698405196,4.623511135723947,5.019851523680702e-05,0.002364066193853428,1049.0,71.0,4.0,974.0,69.93333333333334,1546.2820512189298,0.4301215646555647,0.3988410026067868,0.5972054044832475,0.8516923268325626,5.17989453690825,10.622344055445865,5.610016101563815,11.118982335028702,0.4301215646555647,0.5972054044832475,/home/aaa/data/qj/stable-baselines3-master/risk_curriculum_metadrive/outputs/tuned_compare_baseline_nenv16_seed2_1m/runs/baseline_ppo_s2/config.json,/home/aaa/data/qj/stable-baselines3-master/risk_curriculum_metadrive/outputs/tuned_compare_baseline_nenv16_seed2_1m/runs/baseline_ppo_s2/model/final_model.zip
baseline,lower_bound,baseline,ppo,2,runtime_ttc_speed,,,,,0.15,20000,20000,0,0.0,1.0,0.6032415883972733,0.0,0.0,0.0,1.0,439.0,160.84721912524833,160.84721912524833,17.341492530826173,18.281366370462155,13.597516164711294,0.0,0.0,0.6032415883972733,210.9831079941464,25.616257063917367,8.804816892665183,0.0,0.0,318.0,13.0,0.0,305.0,72.4373576309795,1507.2296688738832,0.4049492531200417,0.3877079871017486,0.49650858563836664,0.7839651883114129,2.7118066588580048,3.845376573735848,3.1167559119780464,4.270955079118721,0.4049492531200417,0.49650858563836664,/home/aaa/data/qj/stable-baselines3-master/risk_curriculum_metadrive/outputs/tuned_compare_baseline_nenv16_seed2_1m/runs/baseline_ppo_s2/config.json,/home/aaa/data/qj/stable-baselines3-master/risk_curriculum_metadrive/outputs/tuned_compare_baseline_nenv16_seed2_1m/runs/baseline_ppo_s2/model/final_model.zip
baseline,lower_bound,baseline,ppo,2,runtime_ttc_speed,,,,,0.15,20000,20001,1,1.0,0.0,0.9912908487425235,0.0,0.0,0.0,0.0,1030.0,452.4497850327865,452.4497850327865,17.90154125668,18.35301130675877,17.752584655444014,0.0,0.0,991290.8487425236,511.70945889332336,30.894798314070552,2.396188027642897,0.0005055945577392433,0.07142857142857142,816.0,5.0,3.0,808.0,79.2233009708738,1594.6549078157896,0.3935391283695794,0.3737525112228468,0.515913621347863,0.7946414567413741,2.2525170342985414,3.2517128085601144,2.646056162668121,3.6546903618727806,0.3935391283695794,0.515913621347863,/home/aaa/data/qj/stable-baselines3-master/risk_curriculum_metadrive/outputs/tuned_compare_baseline_nenv16_seed2_1m/runs/baseline_ppo_s2/config.json,/home/aaa/data/qj/stable-baselines3-master/risk_curriculum_metadrive/outputs/tuned_compare_baseline_nenv16_seed2_1m/runs/baseline_ppo_s2/model/final_model.zip
baseline,lower_bound,baseline,ppo,2,runtime_ttc_speed,,,,,0.15,20000,20002,2,1.0,0.0,0.9885554070262169,0.0,0.0,0.0,0.0,1036.0,449.6304872056262,449.6304872056262,17.12334336232907,18.34689100268904,13.263336487671339,0.021235521235521235,0.0,988555.407026217,492.1405006672756,26.970676298005106,3.975974983706071,0.0006435077461126562,0.022641509433962263,793.0,33.0,15.0,745.0,76.54440154440154,1611.32847007064,0.41095940321463637,0.38912249146960676,0.5159997672308236,0.7228138478240022,3.2981751350635164,5.374212734750472,3.709134538278153,5.835621734149754,0.41095940321463637,0.5159997672308236,/home/aaa/data/qj/stable-baselines3-master/risk_curriculum_metadrive/outputs/tuned_compare_baseline_nenv16_seed2_1m/runs/baseline_ppo_s2/config.json,/home/aaa/data/qj/stable-baselines3-master/risk_curriculum_metadrive/outputs/tuned_compare_baseline_nenv16_seed2_1m/runs/baseline_ppo_s2/model/final_model.zip
baseline,lower_bound,baseline,ppo,2,runtime_ttc_speed,,,,,0.15,20000,20003,3,0.0,0.0,0.6740484771641327,0.0,0.0,0.0,0.0,1500.0,308.4465822184359,308.4465822184359,11.023460757858198,11.50188353603185,1.7077945573780662,0.074,0.0,674048.4771641328,458.5449986469705,37.21016753278706,3.621964849008523,0.0006486998197003745,0.0044286979627989375,501.0,152.0,5.0,344.0,33.4,1092.5863360810858,0.48936308902921155,0.46569549886044115,0.6775456597097217,0.8882944338256491,8.187582041389154,12.496578627906274,8.676945130418366,13.084447504661512,0.48936308902921155,0.6775456597097217,/home/aaa/data/qj/stable-baselines3-master/risk_curriculum_metadrive/outputs/tuned_compare_baseline_nenv16_seed2_1m/runs/baseline_ppo_s2/config.json,/home/aaa/data/qj/stable-baselines3-master/risk_curriculum_metadrive/outputs/tuned_compare_baseline_nenv16_seed2_1m/runs/baseline_ppo_s2/model/final_model.zip
baseline,lower_bound,baseline,ppo,2,runtime_ttc_speed,,,,,0.15,20000,20004,4,1.0,0.0,0.9911669154483215,0.0,0.0,0.0,0.0,1011.0,434.6306208191047,434.6306208191047,17.846995069066658,18.39950450014499,17.918387646021795,0.008902077151335312,0.0,991166.9154483215,500.7338795891492,52.062423509248596,5.523708146329926,0.0,0.0,847.0,11.0,4.0,832.0,83.7784371909001,1691.517260016361,0.38773060860812414,0.37175300531089306,0.4743260069517419,0.7565977051854131,2.0216738454374354,2.814655497786589,2.4094044540455597,3.2818330073496327,0.38773060860812414,0.4743260069517419,/home/aaa/data/qj/stable-baselines3-master/risk_curriculum_metadrive/outputs/tuned_compare_baseline_nenv16_seed2_1m/runs/baseline_ppo_s2/config.json,/home/aaa/data/qj/stable-baselines3-master/risk_curriculum_metadrive/outputs/tuned_compare_baseline_nenv16_seed2_1m/runs/baseline_ppo_s2/model/final_model.zip
baseline,lower_bound,baseline,ppo,2,runtime_ttc_speed,,,,,0.15,20000,20005,5,1.0,0.0,0.9929712488955988,0.0,0.0,0.0,0.0,1330.0,471.70052261728716,471.70052261728716,15.61219965125221,18.04488544376734,9.22565615592867,0.0015037593984962407,0.0,992971.2488955989,576.120258833347,25.879628039661558,3.432254621972978,0.00023575118466571759,0.0014792899408284023,791.0,98.0,6.0,687.0,59.473684210526315,1372.9772349991442,0.43408875281421844,0.4113810136914253,0.5739077503676526,0.8607906260294844,4.7810953307618504,6.995657092193142,5.215184083576069,7.482461324252654,0.43408875281421844,0.5739077503676526,/home/aaa/data/qj/stable-baselines3-master/risk_curriculum_metadrive/outputs/tuned_compare_baseline_nenv16_seed2_1m/runs/baseline_ppo_s2/config.json,/home/aaa/data/qj/stable-baselines3-master/risk_curriculum_metadrive/outputs/tuned_compare_baseline_nenv16_seed2_1m/runs/baseline_ppo_s2/model/final_model.zip
baseline,lower_bound,baseline,ppo,2,runtime_ttc_speed,,,,,0.15,20000,20006,6,1.0,0.0,0.9917264360088232,0.0,0.0,0.0,0.0,1142.0,513.1429659475962,513.1429659475962,18.089190216126553,18.364843139396164,17.90781847411964,0.0008756567425569177,0.0,991726.4360088232,573.3630031631826,70.79396162859706,2.939401412016341,0.0005383564392990951,0.03278688524590164,947.0,4.0,3.0,940.0,82.9246935201401,1651.658713198274,0.4030326349214665,0.3811069909716025,0.4902402637526393,0.8272901122109028,2.8498417789032096,3.810134454397485,3.252874413824676,4.25605161144631,0.4030326349214665,0.4902402637526393,/home/aaa/data/qj/stable-baselines3-master/risk_curriculum_metadrive/outputs/tuned_compare_baseline_nenv16_seed2_1m/runs/baseline_ppo_s2/config.json,/home/aaa/data/qj/stable-baselines3-master/risk_curriculum_metadrive/outputs/tuned_compare_baseline_nenv16_seed2_1m/runs/baseline_ppo_s2/model/final_model.zip
baseline,lower_bound,baseline,ppo,2,runtime_ttc_speed,,,,,0.15,20000,20007,7,1.0,0.0,0.9897359725097268,0.0,0.0,0.0,0.0,908.0,380.82809576047606,380.82809576047606,17.251639628067625,18.374611281209248,14.912327744682278,0.02643171806167401,0.0,989735.9725097269,434.5766363044808,25.238588585876595,1.694933671571809,0.01283166500719798,0.28,723.0,7.0,29.0,687.0,79.62555066079295,1663.6881498006692,0.40684539816646925,0.3852995141642168,0.5112802027724683,0.8637408560025498,2.740080707597788,4.046228047809564,3.1469261057642575,4.56326709681889,0.40684539816646925,0.5112802027724683,/home/aaa/data/qj/stable-baselines3-master/risk_curriculum_metadrive/outputs/tuned_compare_baseline_nenv16_seed2_1m/runs/baseline_ppo_s2/config.json,/home/aaa/data/qj/stable-baselines3-master/risk_curriculum_metadrive/outputs/tuned_compare_baseline_nenv16_seed2_1m/runs/baseline_ppo_s2/model/final_model.zip
baseline,lower_bound,baseline,ppo,2,runtime_ttc_speed,,,,,0.15,20000,20008,8,0.0,0.0,0.9104885240365729,0.0,0.0,0.0,0.0,1500.0,548.9714913200888,548.9714913200888,14.777813716058958,18.110895475441275,3.256329590533671,0.042666666666666665,0.0,910488.5240365729,614.5314047383188,57.542524501143795,0.09170915591226653,0.007505365674050714,0.05325443786982249,954.0,82.0,32.0,840.0,63.6,1552.4023551021521,0.44670934466800344,0.42205399950034916,0.5869460481335408,0.8689476785366422,5.38054145280815,7.601743831764906,5.827250797476154,8.104863231710624,0.44670934466800344,0.5869460481335408,/home/aaa/data/qj/stable-baselines3-master/risk_curriculum_metadrive/outputs/tuned_compare_baseline_nenv16_seed2_1m/runs/baseline_ppo_s2/config.json,/home/aaa/data/qj/stable-baselines3-master/risk_curriculum_metadrive/outputs/tuned_compare_baseline_nenv16_seed2_1m/runs/baseline_ppo_s2/model/final_model.zip
baseline,lower_bound,baseline,ppo,2,runtime_ttc_speed,,,,,0.15,20000,20009,9,0.0,1.0,0.8883523614098676,1.0,1.0,0.0,0.0,772.0,260.0733910474586,260.0733910474586,16.708487143350965,18.30255748301505,10.422963650547468,0.03756476683937824,0.0,0.8883523614098676,357.7084580432001,29.8457458607745,2.042112860488149,0.013610579703160078,0.3563218390804598,592.0,4.0,38.0,550.0,76.68393782383419,1654.9790386239754,0.4143476816979382,0.393119000364095,0.5193250035517848,0.697424900426995,3.6108953849405867,5.7352066854946315,4.025243066638525,6.174726245808415,0.4143476816979382,0.5193250035517848,/home/aaa/data/qj/stable-baselines3-master/risk_curriculum_metadrive/outputs/tuned_compare_baseline_nenv16_seed2_1m/runs/baseline_ppo_s2/config.json,/home/aaa/data/qj/stable-baselines3-master/risk_curriculum_metadrive/outputs/tuned_compare_baseline_nenv16_seed2_1m/runs/baseline_ppo_s2/model/final_model.zip
baseline,lower_bound,baseline,ppo,2,runtime_ttc_speed,,,,,0.15,20000,20010,10,1.0,0.0,0.9894562594848948,0.0,0.0,0.0,0.0,898.0,394.8267969225018,394.8267969225018,17.84703274589154,18.390833095714328,17.898242112668402,0.0077951002227171495,0.0,989456.2594848948,444.72190871873346,31.210426053333208,1.8614162958289564,0.006151262602390971,0.072992700729927,743.0,6.0,10.0,727.0,82.73942093541203,1670.706986621417,0.39533027352475847,0.3729980089701712,0.48973573866533116,0.7800624342053181,2.151772601686559,3.3222678073798306,2.5471028752113174,3.8870972144650278,0.39533027352475847,0.48973573866533116,/home/aaa/data/qj/stable-baselines3-master/risk_curriculum_metadrive/outputs/tuned_compare_baseline_nenv16_seed2_1m/runs/baseline_ppo_s2/config.json,/home/aaa/data/qj/stable-baselines3-master/risk_curriculum_metadrive/outputs/tuned_compare_baseline_nenv16_seed2_1m/runs/baseline_ppo_s2/model/final_model.zip
baseline,lower_bound,baseline,ppo,2,runtime_ttc_speed,,,,,0.15,20000,20011,11,1.0,0.0,0.9917168002948601,0.0,0.0,0.0,0.0,1156.0,416.19508514074886,416.19508514074886,17.051392069084322,18.37506440056533,15.384724135507676,0.04325259515570934,0.0,991716.8002948601,547.0009454254032,13.411763479517775,0.9087958831206401,0.018059182081764286,0.5116279069767442,958.0,0.0,55.0,903.0,82.8719723183391,1751.3680881391574,0.433128924867554,0.3993889986304566,0.5719809851143509,0.7881018842454072,5.503977272578171,8.041616500122473,5.937106197445725,8.487518221954815,0.433128924867554,0.5719809851143509,/home/aaa/data/qj/stable-baselines3-master/risk_curriculum_metadrive/outputs/tuned_compare_baseline_nenv16_seed2_1m/runs/baseline_ppo_s2/config.json,/home/aaa/data/qj/stable-baselines3-master/risk_curriculum_metadrive/outputs/tuned_compare_baseline_nenv16_seed2_1m/runs/baseline_ppo_s2/model/final_model.zip
baseline,lower_bound,baseline,ppo,2,runtime_ttc_speed,,,,,0.15,20000,20012,12,1.0,0.0,0.991492801416638,0.0,0.0,0.0,0.0,1104.0,497.2501098165978,497.2501098165978,16.897265265789688,18.31977780407911,10.415054977375584,0.006340579710144928,0.0,991492.8014166381,517.5927082232644,32.715119195793726,2.888026355359734,0.001696213924953106,0.04639175257731959,848.0,28.0,10.0,810.0,76.81159420289855,1638.3538379258116,0.4054008785306655,0.38373999996110797,0.527848349884152,0.8419582090573409,2.568576555885543,3.974705256405286,2.973977434416209,4.4029337776009925,0.4054008785306655,0.527848349884152,/home/aaa/data/qj/stable-baselines3-master/risk_curriculum_metadrive/outputs/tuned_compare_baseline_nenv16_seed2_1m/runs/baseline_ppo_s2/config.json,/home/aaa/data/qj/stable-baselines3-master/risk_curriculum_metadrive/outputs/tuned_compare_baseline_nenv16_seed2_1m/runs/baseline_ppo_s2/model/final_model.zip
baseline,lower_bound,baseline,ppo,2,runtime_ttc_speed,,,,,0.15,20000,20013,13,0.0,0.0,0.7819889154100172,0.0,0.0,0.0,0.0,1500.0,470.5350513464566,470.5350513464566,12.67784075255176,18.05730958087022,0.013004825274069235,0.17133333333333334,0.0,781988.9154100172,527.9738328682465,40.408280387554555,3.2047976054627623,0.0006051381236457209,0.017605633802816902,858.0,52.0,14.0,792.0,57.199999999999996,1625.0805373040334,0.4565589550572137,0.44053251622244716,0.6138217955594882,0.8309705005376599,6.1152567538471585,8.370979588653427,6.571815708904372,8.898513604071923,0.4565589550572137,0.6138217955594882,/home/aaa/data/qj/stable-baselines3-master/risk_curriculum_metadrive/outputs/tuned_compare_baseline_nenv16_seed2_1m/runs/baseline_ppo_s2/config.json,/home/aaa/data/qj/stable-baselines3-master/risk_curriculum_metadrive/outputs/tuned_compare_baseline_nenv16_seed2_1m/runs/baseline_ppo_s2/model/final_model.zip
baseline,lower_bound,baseline,ppo,2,runtime_ttc_speed,,,,,0.15,20000,20014,14,1.0,0.0,0.9912973297948728,0.0,0.0,0.0,0.0,1272.0,467.0424789738815,467.0424789738815,15.260377209438161,18.042599970978586,7.482186553763787,0.0007861635220125787,0.0,991297.3297948729,538.6795147276005,38.99628223274821,4.2438693991020875,0.00011888845926067808,0.001567398119122257,728.0,84.0,3.0,641.0,57.23270440251572,1351.4529142028637,0.4215358672099797,0.39917550748214126,0.5565925035625697,0.8586203353479502,3.356799609827701,4.664152541954536,3.7783354770376802,5.11935414688196,0.4215358672099797,0.5565925035625697,/home/aaa/data/qj/stable-baselines3-master/risk_curriculum_metadrive/outputs/tuned_compare_baseline_nenv16_seed2_1m/runs/baseline_ppo_s2/config.json,/home/aaa/data/qj/stable-baselines3-master/risk_curriculum_metadrive/outputs/tuned_compare_baseline_nenv16_seed2_1m/runs/baseline_ppo_s2/model/final_model.zip
baseline,lower_bound,baseline,ppo,2,runtime_ttc_speed,,,,,0.15,20000,20015,15,1.0,0.0,0.9932497949849386,0.0,0.0,0.0,0.0,1181.0,549.0726328216177,549.0726328216177,17.88607482704189,18.42569225505764,17.916927628366828,0.014394580863674851,0.0,993249.7949849387,586.2442043345279,4.538158169755093,2.7706859071634287,0.0022674642370603825,0.631578947368421,1003.0,0.0,19.0,984.0,84.92802709568163,1710.8911142900768,0.3893177713211121,0.37064001662656665,0.4756159905809909,0.7317263749428095,2.0469853223343266,3.334189997985959,2.4363030936554386,3.729860996827483,0.3893177713211121,0.4756159905809909,/home/aaa/data/qj/stable-baselines3-master/risk_curriculum_metadrive/outputs/tuned_compare_baseline_nenv16_seed2_1m/runs/baseline_ppo_s2/config.json,/home/aaa/data/qj/stable-baselines3-master/risk_curriculum_metadrive/outputs/tuned_compare_baseline_nenv16_seed2_1m/runs/baseline_ppo_s2/model/final_model.zip
baseline,lower_bound,baseline,ppo,2,runtime_ttc_speed,,,,,0.15,20000,20016,16,0.0,0.0,0.6513538634615655,0.0,0.0,0.0,0.0,1500.0,353.4122434598251,353.4122434598251,11.203680179187494,10.729631944910983,0.9984051486930928,0.1,0.0,651353.8634615656,466.058545008164,136.0628977804936,5.492613115953325,0.0,0.0,607.0,119.0,4.0,484.0,40.46666666666667,1302.4114813501963,0.44550438293178257,0.42157649295404553,0.5773136945208535,0.9009711132966913,5.211949855380226,6.660008417384233,5.657454238312009,7.16272796416888,0.44550438293178257,0.5773136945208535,/home/aaa/data/qj/stable-baselines3-master/risk_curriculum_metadrive/outputs/tuned_compare_baseline_nenv16_seed2_1m/runs/baseline_ppo_s2/config.json,/home/aaa/data/qj/stable-baselines3-master/risk_curriculum_metadrive/outputs/tuned_compare_baseline_nenv16_seed2_1m/runs/baseline_ppo_s2/model/final_model.zip
baseline,lower_bound,baseline,ppo,2,runtime_ttc_speed,,,,,0.15,20000,20017,17,1.0,0.0,0.9944155210396624,0.0,0.0,0.0,0.0,1281.0,590.6788521041034,590.6788521041034,17.26624200122296,18.304838449776724,13.76519102769103,0.0078064012490242,0.0,994415.5210396624,613.7727736092122,37.03265061855211,2.088551488856681,0.003914719256110828,0.046218487394957986,966.0,28.0,14.0,924.0,75.40983606557377,1573.8723539650687,0.42358468274697136,0.3960279864259064,0.5486260051839054,0.7633751956745984,3.9361036076536875,5.112239014124498,4.359688290400658,5.565575993387029,0.42358468274697136,0.5486260051839054,/home/aaa/data/qj/stable-baselines3-master/risk_curriculum_metadrive/outputs/tuned_compare_baseline_nenv16_seed2_1m/runs/baseline_ppo_s2/config.json,/home/aaa/data/qj/stable-baselines3-master/risk_curriculum_metadrive/outputs/tuned_compare_baseline_nenv16_seed2_1m/runs/baseline_ppo_s2/model/final_model.zip
baseline,lower_bound,baseline,ppo,2,runtime_ttc_speed,,,,,0.15,20000,20018,18,0.0,0.0,0.6887218949729033,0.0,0.0,0.0,0.0,1500.0,372.7212454091424,372.7212454091424,12.866675162929505,17.918633684105824,1.5248493341392564,0.07733333333333334,0.0,688721.8949729033,535.764397495542,215.08963089700214,8.413498446124175,0.0,0.0,755.0,69.0,0.0,686.0,50.33333333333333,1409.2015138170548,0.48805967142106965,0.4675370000768453,0.6559441084391437,0.8838094925158657,8.398763162976442,12.463515340641607,8.886822834397512,13.050583309086505,0.48805967142106965,0.6559441084391437,/home/aaa/data/qj/stable-baselines3-master/risk_curriculum_metadrive/outputs/tuned_compare_baseline_nenv16_seed2_1m/runs/baseline_ppo_s2/config.json,/home/aaa/data/qj/stable-baselines3-master/risk_curriculum_metadrive/outputs/tuned_compare_baseline_nenv16_seed2_1m/runs/baseline_ppo_s2/model/final_model.zip
baseline,lower_bound,baseline,ppo,2,runtime_ttc_speed,,,,,0.15,20000,20019,19,1.0,0.0,0.9907653049514235,0.0,0.0,0.0,0.0,1119.0,517.0046342724056,517.0046342724056,17.899077346285452,18.376750151068975,17.887743537107557,0.005361930294906166,0.0,990765.3049514235,555.869943096784,19.147426123246483,5.898438969468958,0.0,0.0,919.0,18.0,2.0,899.0,82.12689901697945,1653.2644216742447,0.41511522170003934,0.3847330226562917,0.5534947966225445,0.8668881264748015,3.8372271405441407,6.916525177075527,4.25234236224418,7.342446091934106,0.41511522170003934,0.5534947966225445,/home/aaa/data/qj/stable-baselines3-master/risk_curriculum_metadrive/outputs/tuned_compare_baseline_nenv16_seed2_1m/runs/baseline_ppo_s2/config.json,/home/aaa/data/qj/stable-baselines3-master/risk_curriculum_metadrive/outputs/tuned_compare_baseline_nenv16_seed2_1m/runs/baseline_ppo_s2/model/final_model.zip
