label,role,variant,algo,train_seed,action_filter,sensitivity_axis,sensitivity_value,override_ttc_threshold,override_target_speed_kmh,density,scenario_start_seed,map_seed,episode,success,cost,route_completion,collision,crash_vehicle,crash_object,out_of_road,episode_length,reward,shaped_reward,mean_speed_kmh,median_speed_kmh,p10_speed_kmh,stop_ratio,low_progress,progress_per_cost,path_length_m,mean_ttc,min_ttc,ttc_risk_mean,ttc_dangerous_fraction,intervention_count,soft_guard_count,hard_shield_count,overspeed_guard_count,intervention_rate_per_100_steps,intervention_rate_per_km,policy_inference_ms_mean,policy_inference_ms_p50,policy_inference_ms_p95,policy_inference_ms_p99,env_step_wall_ms_mean,env_step_wall_ms_p95,control_loop_wall_ms_mean,control_loop_wall_ms_p95,total_action_latency_ms_mean,total_action_latency_ms_p95,source_config_json,source_model_path
baseline,lower_bound,baseline,ppo,0,runtime_ttc,,,,,0.15,10000,10000,0,0.0,1.0,0.48141196016487015,0.0,0.0,0.0,1.0,325.0,181.55401945250634,181.55401945250634,28.967253448106483,31.184111034114423,7.27229771904283,0.012307692307692308,0.0,0.48141196016487015,260.3380296376657,38.54593932625878,1.467466388403461,0.01085935020107877,0.05714285714285714,38.0,24.0,14.0,0.0,11.692307692307692,145.9640762161709,0.7201574764286096,0.4216759989503771,0.6232505780644718,1.0071568563580509,5.206455446224516,6.60115399514325,5.926612922653126,7.084004790522158,0.7201574764286096,0.6232505780644718,/home/aaa/data/qj/stable-baselines3-master/risk_curriculum_metadrive/outputs/tuned_compare_baseline_nenv16_seed0_1m/runs/baseline_ppo_s0/config.json,/home/aaa/data/qj/stable-baselines3-master/risk_curriculum_metadrive/outputs/tuned_compare_baseline_nenv16_seed0_1m/runs/baseline_ppo_s0/model/final_model.zip
baseline,lower_bound,baseline,ppo,0,runtime_ttc,,,,,0.15,10000,10001,1,0.0,1.0,0.3366196690249331,0.0,0.0,0.0,1.0,191.0,75.2506640611744,75.2506640611744,34.18435751173608,32.93868427003013,12.326519802575538,0.0,0.0,0.3366196690249331,180.64926271467408,17.207427490247326,0.4453301002961772,0.023781530172671747,0.07894736842105263,22.0,14.0,8.0,0.0,11.518324607329843,121.78294928747002,0.4283479432860653,0.3974089922849089,0.5769174895249307,0.8360785170225421,3.2522879327289,4.062739491928369,3.680635876014965,4.531154001597315,0.4283479432860653,0.5769174895249307,/home/aaa/data/qj/stable-baselines3-master/risk_curriculum_metadrive/outputs/tuned_compare_baseline_nenv16_seed0_1m/runs/baseline_ppo_s0/config.json,/home/aaa/data/qj/stable-baselines3-master/risk_curriculum_metadrive/outputs/tuned_compare_baseline_nenv16_seed0_1m/runs/baseline_ppo_s0/model/final_model.zip
baseline,lower_bound,baseline,ppo,0,runtime_ttc,,,,,0.15,10000,10002,2,0.0,1.0,0.5574122656170843,0.0,0.0,0.0,1.0,514.0,199.946221981704,199.946221981704,21.901094775293277,23.084213806944042,4.4468109618350375,0.038910505836575876,0.0,0.5574122656170843,311.6201850341018,17.963292942003513,1.151276578272604,0.016524967187668667,0.06528189910979229,90.0,63.0,27.0,0.0,17.509727626459142,288.8131267560571,0.4686680464989031,0.44608449388761073,0.6032078003045171,0.7684497002628633,6.680451151595546,9.181036002701148,7.149119198094448,9.695402266515885,0.4686680464989031,0.6032078003045171,/home/aaa/data/qj/stable-baselines3-master/risk_curriculum_metadrive/outputs/tuned_compare_baseline_nenv16_seed0_1m/runs/baseline_ppo_s0/config.json,/home/aaa/data/qj/stable-baselines3-master/risk_curriculum_metadrive/outputs/tuned_compare_baseline_nenv16_seed0_1m/runs/baseline_ppo_s0/model/final_model.zip
baseline,lower_bound,baseline,ppo,0,runtime_ttc,,,,,0.15,10000,10003,3,1.0,0.0,0.9923209487409849,0.0,0.0,0.0,0.0,669.0,274.4287548043984,274.4287548043984,25.17023288604018,26.53652638733073,8.9411395755422,0.0014947683109118087,0.0,992320.9487409849,466.19893268753907,57.293771577062536,1.4306390538578682,0.005691549544083273,0.015151515151515152,101.0,85.0,16.0,0.0,15.097159940209268,216.64571263120698,0.4211604397765518,0.3975509898737073,0.5116192041896285,0.8474606857635097,2.8712746818787984,4.320055991411209,3.29243512165535,4.722648992901668,0.4211604397765518,0.5116192041896285,/home/aaa/data/qj/stable-baselines3-master/risk_curriculum_metadrive/outputs/tuned_compare_baseline_nenv16_seed0_1m/runs/baseline_ppo_s0/config.json,/home/aaa/data/qj/stable-baselines3-master/risk_curriculum_metadrive/outputs/tuned_compare_baseline_nenv16_seed0_1m/runs/baseline_ppo_s0/model/final_model.zip
baseline,lower_bound,baseline,ppo,0,runtime_ttc,,,,,0.15,10000,10004,4,0.0,1.0,0.39827017979714047,1.0,1.0,0.0,0.0,747.0,62.716028637291416,62.716028637291416,10.677035582014572,5.307909402779905,0.7590316490716447,0.12717536813922356,0.0,0.39827017979714047,220.31594507064037,43.5071317172606,6.708901411964107,0.0,0.0,112.0,111.0,1.0,0.0,14.99330655957162,508.3608449860005,0.46587827042869756,0.4351800016593188,0.6202965072588992,0.9690222266362956,4.775299337249027,5.174093093955889,5.241177607677725,5.806919702445156,0.46587827042869756,0.6202965072588992,/home/aaa/data/qj/stable-baselines3-master/risk_curriculum_metadrive/outputs/tuned_compare_baseline_nenv16_seed0_1m/runs/baseline_ppo_s0/config.json,/home/aaa/data/qj/stable-baselines3-master/risk_curriculum_metadrive/outputs/tuned_compare_baseline_nenv16_seed0_1m/runs/baseline_ppo_s0/model/final_model.zip
baseline,lower_bound,baseline,ppo,0,runtime_ttc,,,,,0.15,10000,10005,5,0.0,1.0,0.7867402071025424,1.0,1.0,0.0,0.0,480.0,280.7758611448359,280.7758611448359,29.147749641053373,32.63645562849166,7.75311187789148,0.01875,0.0,0.7867402071025424,388.03343326989955,25.547145437513205,0.6910466099171235,0.009700371620018522,0.03927492447129909,77.0,59.0,18.0,0.0,16.041666666666668,198.4365093263551,0.4423629374286975,0.40944550710264593,0.5570890076342038,0.8560526353539873,4.476605436199558,6.272245962463785,4.918968373628256,6.753118846972939,0.4423629374286975,0.5570890076342038,/home/aaa/data/qj/stable-baselines3-master/risk_curriculum_metadrive/outputs/tuned_compare_baseline_nenv16_seed0_1m/runs/baseline_ppo_s0/config.json,/home/aaa/data/qj/stable-baselines3-master/risk_curriculum_metadrive/outputs/tuned_compare_baseline_nenv16_seed0_1m/runs/baseline_ppo_s0/model/final_model.zip
baseline,lower_bound,baseline,ppo,0,runtime_ttc,,,,,0.15,10000,10006,6,0.0,1.0,0.28706665758760835,0.0,0.0,0.0,1.0,214.0,62.80615648660947,62.80615648660947,31.02100271692408,30.80571039549389,20.102032844428564,0.0,0.0,0.28706665758760835,183.43492732217558,23.022623142220766,1.053761845760318,0.0163462133376567,0.06666666666666667,24.0,16.0,8.0,0.0,11.214953271028037,130.83658794078863,0.4157842803043618,0.387680483981967,0.4918201448163016,0.9597491449676465,2.707051962698923,3.2193272578297183,3.1228362430032846,3.635595555533655,0.4157842803043618,0.4918201448163016,/home/aaa/data/qj/stable-baselines3-master/risk_curriculum_metadrive/outputs/tuned_compare_baseline_nenv16_seed0_1m/runs/baseline_ppo_s0/config.json,/home/aaa/data/qj/stable-baselines3-master/risk_curriculum_metadrive/outputs/tuned_compare_baseline_nenv16_seed0_1m/runs/baseline_ppo_s0/model/final_model.zip
baseline,lower_bound,baseline,ppo,0,runtime_ttc,,,,,0.15,10000,10007,7,0.0,0.0,0.504847105484326,0.0,0.0,0.0,0.0,1500.0,247.8403290604956,247.8403290604956,10.041952941887839,8.369921581166876,1.1865423011256633,0.08466666666666667,0.0,504847.105484326,417.45166443393174,51.50644934463934,5.8469326510770765,0.0,0.0,234.0,228.0,6.0,0.0,15.6,560.5439382240963,0.5021865233429708,0.48179400619119406,0.6540816728374921,0.8631228868034666,9.333438967141168,13.898093689931557,9.835625490484139,14.460600193706341,0.5021865233429708,0.6540816728374921,/home/aaa/data/qj/stable-baselines3-master/risk_curriculum_metadrive/outputs/tuned_compare_baseline_nenv16_seed0_1m/runs/baseline_ppo_s0/config.json,/home/aaa/data/qj/stable-baselines3-master/risk_curriculum_metadrive/outputs/tuned_compare_baseline_nenv16_seed0_1m/runs/baseline_ppo_s0/model/final_model.zip
baseline,lower_bound,baseline,ppo,0,runtime_ttc,,,,,0.15,10000,10008,8,1.0,0.0,0.9903660796191004,0.0,0.0,0.0,0.0,1159.0,274.626914873092,274.626914873092,15.482806900921577,9.700476779018715,3.8588948558279235,0.025021570319240724,0.0,990366.0796191004,496.6639504573799,60.02251488520579,0.016523339035360008,0.021645435963242237,0.05639614855570839,145.0,96.0,49.0,0.0,12.510785159620363,291.9479053522385,0.4380728260300992,0.4141120007261634,0.5651539075188338,0.7747932896018033,3.8991210920379817,5.231219992856495,4.337193918068081,5.706653397646733,0.4380728260300992,0.5651539075188338,/home/aaa/data/qj/stable-baselines3-master/risk_curriculum_metadrive/outputs/tuned_compare_baseline_nenv16_seed0_1m/runs/baseline_ppo_s0/config.json,/home/aaa/data/qj/stable-baselines3-master/risk_curriculum_metadrive/outputs/tuned_compare_baseline_nenv16_seed0_1m/runs/baseline_ppo_s0/model/final_model.zip
baseline,lower_bound,baseline,ppo,0,runtime_ttc,,,,,0.15,10000,10009,9,1.0,0.0,0.990336818761773,0.0,0.0,0.0,0.0,559.0,298.9316738861186,298.9316738861186,29.429210191781163,29.48004102551744,23.959476619191744,0.0,0.0,990336.8187617731,456.0216464741431,50.33391157734156,2.094733890451182,0.003609409702062142,0.020134228187919462,62.0,51.0,11.0,0.0,11.091234347048301,135.95845828672842,0.421372689502497,0.39916898822411895,0.5165579175809402,0.7675997569458539,2.9659161370410874,3.5333215200807904,3.3872888265435845,3.9992892183363438,0.421372689502497,0.5165579175809402,/home/aaa/data/qj/stable-baselines3-master/risk_curriculum_metadrive/outputs/tuned_compare_baseline_nenv16_seed0_1m/runs/baseline_ppo_s0/config.json,/home/aaa/data/qj/stable-baselines3-master/risk_curriculum_metadrive/outputs/tuned_compare_baseline_nenv16_seed0_1m/runs/baseline_ppo_s0/model/final_model.zip
baseline,lower_bound,baseline,ppo,0,runtime_ttc,,,,,0.15,10000,10010,10,0.0,1.0,0.6313751117264883,0.0,0.0,0.0,1.0,759.0,188.07601598584964,188.07601598584964,17.141325638317312,14.276193300543698,6.348356785078063,0.0013175230566534915,0.0,0.6313751117264883,360.27957288657456,44.04245895778498,2.814450550811217,0.0018816838443858894,0.008375209380234505,123.0,109.0,14.0,0.0,16.205533596837945,341.4015371854669,0.4796659495995646,0.4415989969857037,0.6644359964411707,0.8084697509184477,6.929873362074978,11.557054103468545,7.409539311674543,12.10219620843418,0.4796659495995646,0.6644359964411707,/home/aaa/data/qj/stable-baselines3-master/risk_curriculum_metadrive/outputs/tuned_compare_baseline_nenv16_seed0_1m/runs/baseline_ppo_s0/config.json,/home/aaa/data/qj/stable-baselines3-master/risk_curriculum_metadrive/outputs/tuned_compare_baseline_nenv16_seed0_1m/runs/baseline_ppo_s0/model/final_model.zip
baseline,lower_bound,baseline,ppo,0,runtime_ttc,,,,,0.15,10000,10011,11,0.0,1.0,0.8242513301853285,1.0,1.0,0.0,0.0,1078.0,282.89652515078046,282.89652515078046,16.553153879443133,13.36772510911844,6.000065734879657,0.0018552875695732839,0.0,0.8242513301853285,494.4696299931992,21.860549016993332,0.26254697625992707,0.0012563801317200527,0.003054989816700611,174.0,165.0,9.0,0.0,16.14100185528757,351.8921880043333,0.4653308748413164,0.4381234903121367,0.6100234444602393,0.9102598586468961,5.658899081938085,7.942160704988055,6.124229956779401,8.460262350854464,0.4653308748413164,0.6100234444602393,/home/aaa/data/qj/stable-baselines3-master/risk_curriculum_metadrive/outputs/tuned_compare_baseline_nenv16_seed0_1m/runs/baseline_ppo_s0/config.json,/home/aaa/data/qj/stable-baselines3-master/risk_curriculum_metadrive/outputs/tuned_compare_baseline_nenv16_seed0_1m/runs/baseline_ppo_s0/model/final_model.zip
baseline,lower_bound,baseline,ppo,0,runtime_ttc,,,,,0.15,10000,10012,12,0.0,1.0,0.1597116384496208,1.0,1.0,0.0,0.0,74.0,38.901514174728995,38.901514174728995,34.05727487991258,36.806448945814694,8.780485287372146,0.0,1.0,0.1597116384496208,69.22118761916003,1.0857471949640016,0.9340228721832872,0.06347436981139457,1.0,6.0,0.0,6.0,0.0,8.108108108108109,86.67866308522036,0.3930591746875261,0.3748900053324178,0.4676995071349665,0.7329521793872112,1.908257755850492,2.37496505578747,2.301316930538018,2.7984218322671945,0.3930591746875261,0.4676995071349665,/home/aaa/data/qj/stable-baselines3-master/risk_curriculum_metadrive/outputs/tuned_compare_baseline_nenv16_seed0_1m/runs/baseline_ppo_s0/config.json,/home/aaa/data/qj/stable-baselines3-master/risk_curriculum_metadrive/outputs/tuned_compare_baseline_nenv16_seed0_1m/runs/baseline_ppo_s0/model/final_model.zip
baseline,lower_bound,baseline,ppo,0,runtime_ttc,,,,,0.15,10000,10013,13,0.0,1.0,0.14210659967812234,0.0,0.0,0.0,1.0,84.0,27.548181880906,27.548181880906,36.822318932120375,42.258753963550014,9.948050935797406,0.0,1.0,0.14210659967812234,85.01538818706216,,,0.0,0.0,0.0,0.0,0.0,0.0,0.0,0.0,0.4317719268285492,0.39060748531483114,0.7107810874003911,0.9870232842513369,2.783728938777044,3.31503146153409,3.2155008656055935,3.785608583712019,0.4317719268285492,0.7107810874003911,/home/aaa/data/qj/stable-baselines3-master/risk_curriculum_metadrive/outputs/tuned_compare_baseline_nenv16_seed0_1m/runs/baseline_ppo_s0/config.json,/home/aaa/data/qj/stable-baselines3-master/risk_curriculum_metadrive/outputs/tuned_compare_baseline_nenv16_seed0_1m/runs/baseline_ppo_s0/model/final_model.zip
baseline,lower_bound,baseline,ppo,0,runtime_ttc,,,,,0.15,10000,10014,14,0.0,1.0,0.0821266089391711,0.0,0.0,0.0,1.0,68.0,25.74483817726832,25.74483817726832,35.13985232754459,36.671718932521294,8.158751244129098,0.0,1.0,0.0821266089391711,65.15049091721899,,,0.0,0.0,0.0,0.0,0.0,0.0,0.0,0.0,0.4179522939546801,0.3935544955311343,0.5071201332611963,0.7013729066238739,4.35100167626789,5.3269139578333125,4.76895397022257,5.795598292024806,0.4179522939546801,0.5071201332611963,/home/aaa/data/qj/stable-baselines3-master/risk_curriculum_metadrive/outputs/tuned_compare_baseline_nenv16_seed0_1m/runs/baseline_ppo_s0/config.json,/home/aaa/data/qj/stable-baselines3-master/risk_curriculum_metadrive/outputs/tuned_compare_baseline_nenv16_seed0_1m/runs/baseline_ppo_s0/model/final_model.zip
baseline,lower_bound,baseline,ppo,0,runtime_ttc,,,,,0.15,10000,10015,15,1.0,0.0,0.9940097603800246,0.0,0.0,0.0,0.0,1462.0,386.2843336065798,386.2843336065798,17.408700310962494,14.117336147355683,7.564715985150518,0.002051983584131327,0.0,994009.7603800247,705.0436179794524,39.703922708103825,0.8070033109051035,0.0032319666659137987,0.008038585209003215,209.0,189.0,20.0,0.0,14.29548563611491,296.43556039690446,0.44890141513764925,0.42017700616270304,0.5864816936082207,0.7799172707018448,5.064931739470125,7.1656506101135164,5.513833154607775,7.6476602189359255,0.44890141513764925,0.5864816936082207,/home/aaa/data/qj/stable-baselines3-master/risk_curriculum_metadrive/outputs/tuned_compare_baseline_nenv16_seed0_1m/runs/baseline_ppo_s0/config.json,/home/aaa/data/qj/stable-baselines3-master/risk_curriculum_metadrive/outputs/tuned_compare_baseline_nenv16_seed0_1m/runs/baseline_ppo_s0/model/final_model.zip
baseline,lower_bound,baseline,ppo,0,runtime_ttc,,,,,0.15,10000,10016,16,0.0,1.0,0.30012573231072304,0.0,0.0,0.0,1.0,113.0,103.21668833724172,103.21668833724172,49.35836862541561,56.10441070021377,12.051218126446788,0.008849557522123894,0.0,0.30012573231072304,153.4695469729934,,,0.0,0.0,0.0,0.0,0.0,0.0,0.0,0.0,0.4057621676577832,0.38198698894120753,0.5565973930060859,0.7350597227923571,2.7362365580567745,3.471344185527414,3.1419987257145574,3.8928920286707576,0.4057621676577832,0.5565973930060859,/home/aaa/data/qj/stable-baselines3-master/risk_curriculum_metadrive/outputs/tuned_compare_baseline_nenv16_seed0_1m/runs/baseline_ppo_s0/config.json,/home/aaa/data/qj/stable-baselines3-master/risk_curriculum_metadrive/outputs/tuned_compare_baseline_nenv16_seed0_1m/runs/baseline_ppo_s0/model/final_model.zip
baseline,lower_bound,baseline,ppo,0,runtime_ttc,,,,,0.15,10000,10017,17,0.0,1.0,0.5021334501070462,1.0,1.0,0.0,0.0,1147.0,240.70953828490676,240.70953828490676,12.36686972406046,8.615182145929886,1.5710084750064084,0.06364428945074106,0.0,0.5021334501070462,393.0800456047865,94.66638675498483,2.6305309662007983,0.0021805681446099073,0.00975609756097561,140.0,122.0,18.0,0.0,12.205754141238012,356.16155428240654,0.4952576690119608,0.4665449960157275,0.6649180111708122,0.8910748414928092,8.358482786167231,10.940306296106428,8.853740455179192,11.513236188329756,0.4952576690119608,0.6649180111708122,/home/aaa/data/qj/stable-baselines3-master/risk_curriculum_metadrive/outputs/tuned_compare_baseline_nenv16_seed0_1m/runs/baseline_ppo_s0/config.json,/home/aaa/data/qj/stable-baselines3-master/risk_curriculum_metadrive/outputs/tuned_compare_baseline_nenv16_seed0_1m/runs/baseline_ppo_s0/model/final_model.zip
baseline,lower_bound,baseline,ppo,0,runtime_ttc,,,,,0.15,10000,10018,18,1.0,0.0,0.9916586261871068,0.0,0.0,0.0,0.0,675.0,263.37485367171803,263.37485367171803,22.950345889659623,22.333561093777206,9.178651611759625,0.0,0.0,991658.6261871068,429.1288855545777,36.565270463067996,3.0833209914254467,0.0016697115005940503,0.008547008547008548,86.0,77.0,9.0,0.0,12.74074074074074,200.40599198737064,0.4360169483159013,0.4068319976795465,0.5701189133105794,0.7775662880158051,4.492721328839521,6.156777701107785,4.928738277155423,6.5676801081281155,0.4360169483159013,0.5701189133105794,/home/aaa/data/qj/stable-baselines3-master/risk_curriculum_metadrive/outputs/tuned_compare_baseline_nenv16_seed0_1m/runs/baseline_ppo_s0/config.json,/home/aaa/data/qj/stable-baselines3-master/risk_curriculum_metadrive/outputs/tuned_compare_baseline_nenv16_seed0_1m/runs/baseline_ppo_s0/model/final_model.zip
baseline,lower_bound,baseline,ppo,0,runtime_ttc,,,,,0.15,10000,10019,19,0.0,1.0,0.11920264138818193,0.0,0.0,0.0,1.0,89.0,24.02040547535426,24.02040547535426,38.98908295284262,46.45641221994891,10.654622654022685,0.0,1.0,0.11920264138818193,95.3615163787314,,,0.0,0.0,0.0,0.0,0.0,0.0,0.0,0.0,0.40957175477753194,0.3816880052909255,0.6069598020985716,0.7806462806183847,3.1604270344165815,3.7103161972481757,3.569998789194113,4.1339202027302235,0.40957175477753194,0.6069598020985716,/home/aaa/data/qj/stable-baselines3-master/risk_curriculum_metadrive/outputs/tuned_compare_baseline_nenv16_seed0_1m/runs/baseline_ppo_s0/config.json,/home/aaa/data/qj/stable-baselines3-master/risk_curriculum_metadrive/outputs/tuned_compare_baseline_nenv16_seed0_1m/runs/baseline_ppo_s0/model/final_model.zip
baseline,lower_bound,baseline,ppo,0,runtime_ttc,,,,,0.15,20000,20000,0,1.0,0.0,0.985319103271686,0.0,0.0,0.0,0.0,554.0,221.283426353452,221.283426353452,22.771164991971855,23.243374348793473,7.30449303886669,0.05776173285198556,0.0,985319.1032716861,349.43696535850745,26.631929276147716,0.08683512785599583,0.04732556510190232,0.1492063492063492,103.0,44.0,59.0,0.0,18.592057761732853,294.7598857903496,0.4224235503783026,0.3996735031250864,0.5340492614777759,0.8475686958991014,3.049078183429356,4.3084681572509,3.4715017338076586,4.798004758777097,0.4224235503783026,0.5340492614777759,/home/aaa/data/qj/stable-baselines3-master/risk_curriculum_metadrive/outputs/tuned_compare_baseline_nenv16_seed0_1m/runs/baseline_ppo_s0/config.json,/home/aaa/data/qj/stable-baselines3-master/risk_curriculum_metadrive/outputs/tuned_compare_baseline_nenv16_seed0_1m/runs/baseline_ppo_s0/model/final_model.zip
baseline,lower_bound,baseline,ppo,0,runtime_ttc,,,,,0.15,20000,20001,1,0.0,1.0,0.4761175052698377,1.0,1.0,0.0,0.0,378.0,93.93400619296017,93.93400619296017,22.967570153080896,25.440316142606918,0.019219906551709555,0.1455026455026455,0.0,0.4761175052698377,240.54357470120462,12.80584574873483,0.028071473219193677,0.12942801972145734,0.3394495412844037,105.0,29.0,76.0,0.0,27.77777777777778,436.51134781058926,0.42534718715287645,0.39211100374814123,0.5254283969406968,0.9461443804320904,3.0406170323547763,3.9329446182819083,3.465964219507653,4.356214767904021,0.42534718715287645,0.5254283969406968,/home/aaa/data/qj/stable-baselines3-master/risk_curriculum_metadrive/outputs/tuned_compare_baseline_nenv16_seed0_1m/runs/baseline_ppo_s0/config.json,/home/aaa/data/qj/stable-baselines3-master/risk_curriculum_metadrive/outputs/tuned_compare_baseline_nenv16_seed0_1m/runs/baseline_ppo_s0/model/final_model.zip
baseline,lower_bound,baseline,ppo,0,runtime_ttc,,,,,0.15,20000,20002,2,0.0,1.0,0.7945374756123592,1.0,1.0,0.0,0.0,848.0,261.27322500905075,261.27322500905075,16.317967004447326,7.518784758292686,0.9252706033956326,0.10849056603773585,0.0,0.7945374756123592,382.9543365223153,78.30394262726674,2.2843687129638015,0.008089754935642344,0.03172205438066465,132.0,106.0,26.0,0.0,15.566037735849056,344.68861535481835,0.45717213000006146,0.4433279827935621,0.5696557083865627,0.7936113834148262,4.848621902261962,5.9614067009533755,5.305794032262023,6.4564800064545125,0.45717213000006146,0.5696557083865627,/home/aaa/data/qj/stable-baselines3-master/risk_curriculum_metadrive/outputs/tuned_compare_baseline_nenv16_seed0_1m/runs/baseline_ppo_s0/config.json,/home/aaa/data/qj/stable-baselines3-master/risk_curriculum_metadrive/outputs/tuned_compare_baseline_nenv16_seed0_1m/runs/baseline_ppo_s0/model/final_model.zip
baseline,lower_bound,baseline,ppo,0,runtime_ttc,,,,,0.15,20000,20003,3,1.0,0.0,0.993713046025592,0.0,0.0,0.0,0.0,1159.0,421.62905760340254,421.62905760340254,21.16535140442644,19.400264305261185,6.51860787792886,0.04055220017256255,0.0,993713.046025592,680.1305200520038,31.749896334113078,0.7479730877318737,0.017204151313103322,0.049443757725587144,228.0,168.0,60.0,0.0,19.672131147540984,335.22977322436105,0.47756066898203825,0.44744499609805644,0.6268214143346992,0.8894763077842073,7.474911588398222,12.665374195785262,7.95247225738026,13.131996084121049,0.47756066898203825,0.6268214143346992,/home/aaa/data/qj/stable-baselines3-master/risk_curriculum_metadrive/outputs/tuned_compare_baseline_nenv16_seed0_1m/runs/baseline_ppo_s0/config.json,/home/aaa/data/qj/stable-baselines3-master/risk_curriculum_metadrive/outputs/tuned_compare_baseline_nenv16_seed0_1m/runs/baseline_ppo_s0/model/final_model.zip
baseline,lower_bound,baseline,ppo,0,runtime_ttc,,,,,0.15,20000,20004,4,0.0,1.0,0.3611620514622114,1.0,1.0,0.0,0.0,214.0,125.2822997710816,125.2822997710816,30.35467785753058,33.57451720675063,14.40842607236042,0.0,0.0,0.3611620514622114,179.68719123966196,21.054934297098665,7.920183575589673,0.0,0.0,35.0,35.0,0.0,0.0,16.355140186915886,194.7829433947684,0.4105182472294388,0.3851744841085747,0.48669293901184574,0.7832455157767985,2.5230962936777326,3.071528898726683,2.9336145409071714,3.5002825476112776,0.4105182472294388,0.48669293901184574,/home/aaa/data/qj/stable-baselines3-master/risk_curriculum_metadrive/outputs/tuned_compare_baseline_nenv16_seed0_1m/runs/baseline_ppo_s0/config.json,/home/aaa/data/qj/stable-baselines3-master/risk_curriculum_metadrive/outputs/tuned_compare_baseline_nenv16_seed0_1m/runs/baseline_ppo_s0/model/final_model.zip
baseline,lower_bound,baseline,ppo,0,runtime_ttc,,,,,0.15,20000,20005,5,1.0,0.0,0.9922766203987466,0.0,0.0,0.0,0.0,1395.0,349.80815117293633,349.80815117293633,14.993463098726894,11.717986516737668,6.660241448762494,0.0,0.0,992276.6203987467,579.5940789342341,32.92122826570484,2.1946439893953684,0.0009473346228277676,0.003110419906687403,214.0,201.0,13.0,0.0,15.340501792114694,369.22392373901795,0.4567383993608964,0.4281229921616614,0.5812922929180786,0.7451577752362936,5.582681760558271,7.684282003901885,6.0394201599191675,8.257242900435807,0.4567383993608964,0.5812922929180786,/home/aaa/data/qj/stable-baselines3-master/risk_curriculum_metadrive/outputs/tuned_compare_baseline_nenv16_seed0_1m/runs/baseline_ppo_s0/config.json,/home/aaa/data/qj/stable-baselines3-master/risk_curriculum_metadrive/outputs/tuned_compare_baseline_nenv16_seed0_1m/runs/baseline_ppo_s0/model/final_model.zip
baseline,lower_bound,baseline,ppo,0,runtime_ttc,,,,,0.15,20000,20006,6,0.0,1.0,0.11505389888526595,0.0,0.0,0.0,1.0,71.0,24.874703555938375,24.874703555938375,33.80873554545643,35.41943464316375,7.8632957962705525,0.014084507042253521,1.0,0.11505389888526595,65.51473120286296,,,0.0,0.0,0.0,0.0,0.0,0.0,0.0,0.0,0.3859816335508941,0.3679639776237309,0.46773499343544245,0.5705351883079852,2.5085539189757595,3.093694511335343,2.8945355525266536,3.4930465189972892,0.3859816335508941,0.46773499343544245,/home/aaa/data/qj/stable-baselines3-master/risk_curriculum_metadrive/outputs/tuned_compare_baseline_nenv16_seed0_1m/runs/baseline_ppo_s0/config.json,/home/aaa/data/qj/stable-baselines3-master/risk_curriculum_metadrive/outputs/tuned_compare_baseline_nenv16_seed0_1m/runs/baseline_ppo_s0/model/final_model.zip
baseline,lower_bound,baseline,ppo,0,runtime_ttc,,,,,0.15,20000,20007,7,0.0,1.0,0.3013431735406582,1.0,1.0,0.0,0.0,171.0,67.04170316125965,67.04170316125965,26.992527544386128,28.639151650026236,13.30425839606099,0.0,0.0,0.3013431735406582,127.85548382104272,38.85579774066607,1.9133888666852257,0.015001610773087534,0.06140350877192982,25.0,16.0,9.0,0.0,14.619883040935672,195.533263438212,0.42517574732763724,0.39423099951818585,0.5569210043177009,0.9335986018413679,2.613307157775104,3.381212998647243,3.0384829051027413,3.85112599178683,0.42517574732763724,0.5569210043177009,/home/aaa/data/qj/stable-baselines3-master/risk_curriculum_metadrive/outputs/tuned_compare_baseline_nenv16_seed0_1m/runs/baseline_ppo_s0/config.json,/home/aaa/data/qj/stable-baselines3-master/risk_curriculum_metadrive/outputs/tuned_compare_baseline_nenv16_seed0_1m/runs/baseline_ppo_s0/model/final_model.zip
baseline,lower_bound,baseline,ppo,0,runtime_ttc,,,,,0.15,20000,20008,8,0.0,1.0,0.3737403150512257,0.0,0.0,0.0,1.0,246.0,110.94345275254594,110.94345275254594,38.081703895263594,33.9991756130254,21.90685497210039,0.0,0.0,0.3737403150512257,259.0007767004268,18.342425059138797,4.275646714203942,0.0006149785380555168,0.0273972602739726,22.0,19.0,3.0,0.0,8.94308943089431,84.94183021484254,0.42827467541058917,0.40027601062320173,0.5680650065187365,0.8021691028261566,4.507792479457046,5.995946507027838,4.936067154867636,6.466497994551901,0.42827467541058917,0.5680650065187365,/home/aaa/data/qj/stable-baselines3-master/risk_curriculum_metadrive/outputs/tuned_compare_baseline_nenv16_seed0_1m/runs/baseline_ppo_s0/config.json,/home/aaa/data/qj/stable-baselines3-master/risk_curriculum_metadrive/outputs/tuned_compare_baseline_nenv16_seed0_1m/runs/baseline_ppo_s0/model/final_model.zip
baseline,lower_bound,baseline,ppo,0,runtime_ttc,,,,,0.15,20000,20009,9,0.0,1.0,0.3680451350524103,0.0,0.0,0.0,1.0,120.0,90.89980865157185,90.89980865157185,49.08950078011997,56.45054078872165,13.249404907075203,0.0,0.0,0.3680451350524103,162.39586504315406,,,0.0,0.0,0.0,0.0,0.0,0.0,0.0,0.0,0.41804576564269763,0.39859398384578526,0.520213039999362,0.7012351776938885,3.2108951733486415,4.228450116352178,3.6289409389913394,4.650541936280206,0.41804576564269763,0.520213039999362,/home/aaa/data/qj/stable-baselines3-master/risk_curriculum_metadrive/outputs/tuned_compare_baseline_nenv16_seed0_1m/runs/baseline_ppo_s0/config.json,/home/aaa/data/qj/stable-baselines3-master/risk_curriculum_metadrive/outputs/tuned_compare_baseline_nenv16_seed0_1m/runs/baseline_ppo_s0/model/final_model.zip
baseline,lower_bound,baseline,ppo,0,runtime_ttc,,,,,0.15,20000,20010,10,1.0,0.0,0.9907214999793035,0.0,0.0,0.0,0.0,577.0,350.740902305388,350.740902305388,27.83609205642113,28.038992815317062,12.260104160971753,0.0,0.0,990721.4999793036,445.0616943140771,18.722563583554308,2.3405932495742348,0.00877951022817275,0.04381443298969072,100.0,70.0,30.0,0.0,17.33102253032929,224.68795063147056,0.41182259582120284,0.3922710020560771,0.5050900042988355,0.7922947243787352,2.4220647995599887,3.0749019992072135,2.8338873953811916,3.507106204051524,0.41182259582120284,0.5050900042988355,/home/aaa/data/qj/stable-baselines3-master/risk_curriculum_metadrive/outputs/tuned_compare_baseline_nenv16_seed0_1m/runs/baseline_ppo_s0/config.json,/home/aaa/data/qj/stable-baselines3-master/risk_curriculum_metadrive/outputs/tuned_compare_baseline_nenv16_seed0_1m/runs/baseline_ppo_s0/model/final_model.zip
baseline,lower_bound,baseline,ppo,0,runtime_ttc,,,,,0.15,20000,20011,11,1.0,0.0,0.990851271506937,0.0,0.0,0.0,0.0,609.0,328.85101288935556,328.85101288935556,32.83737809524222,32.023328731078735,14.219570976752857,0.008210180623973728,0.0,990851.271506937,554.1618845475042,30.458353680338266,0.09541553556832372,0.0334716423217401,0.15139442231075698,84.0,39.0,45.0,0.0,13.793103448275861,151.58025541325247,0.484510508024903,0.459627975942567,0.6224415905307978,0.8887221349868906,7.222949194541042,8.849939797073603,7.707459702565945,9.4023832003586,0.484510508024903,0.6224415905307978,/home/aaa/data/qj/stable-baselines3-master/risk_curriculum_metadrive/outputs/tuned_compare_baseline_nenv16_seed0_1m/runs/baseline_ppo_s0/config.json,/home/aaa/data/qj/stable-baselines3-master/risk_curriculum_metadrive/outputs/tuned_compare_baseline_nenv16_seed0_1m/runs/baseline_ppo_s0/model/final_model.zip
baseline,lower_bound,baseline,ppo,0,runtime_ttc,,,,,0.15,20000,20012,12,0.0,1.0,0.12999820388848932,0.0,0.0,0.0,1.0,76.0,14.70708739746777,14.70708739746777,36.26512152649741,40.16664958316315,8.79785362111485,0.0,1.0,0.12999820388848932,75.45880566497499,,,0.0,0.0,0.0,0.0,0.0,0.0,0.0,0.0,0.4102919621417593,0.38199350819922984,0.5968817640678026,0.7792549877194688,2.105730432958808,2.423504993203096,2.516022395100567,2.8412507381290197,0.4102919621417593,0.5968817640678026,/home/aaa/data/qj/stable-baselines3-master/risk_curriculum_metadrive/outputs/tuned_compare_baseline_nenv16_seed0_1m/runs/baseline_ppo_s0/config.json,/home/aaa/data/qj/stable-baselines3-master/risk_curriculum_metadrive/outputs/tuned_compare_baseline_nenv16_seed0_1m/runs/baseline_ppo_s0/model/final_model.zip
baseline,lower_bound,baseline,ppo,0,runtime_ttc,,,,,0.15,20000,20013,13,0.0,1.0,0.7993462759930933,1.0,1.0,0.0,0.0,606.0,320.75698376583307,320.75698376583307,32.87687991733401,35.426312835910565,8.927085080570674,0.00825082508250825,0.0,0.7993462759930933,552.5934871637961,21.255442457129597,0.772195443249387,0.023823791225999674,0.1152073732718894,74.0,37.0,37.0,0.0,12.211221122112212,133.91399232699501,0.4734822178932626,0.44974350021220744,0.6267809949349612,0.895350892096759,6.738448386200052,9.01936575974105,7.211930604093315,9.58130798971979,0.4734822178932626,0.6267809949349612,/home/aaa/data/qj/stable-baselines3-master/risk_curriculum_metadrive/outputs/tuned_compare_baseline_nenv16_seed0_1m/runs/baseline_ppo_s0/config.json,/home/aaa/data/qj/stable-baselines3-master/risk_curriculum_metadrive/outputs/tuned_compare_baseline_nenv16_seed0_1m/runs/baseline_ppo_s0/model/final_model.zip
baseline,lower_bound,baseline,ppo,0,runtime_ttc,,,,,0.15,20000,20014,14,1.0,0.0,0.9913225031873992,0.0,0.0,0.0,0.0,703.0,258.264410717377,258.264410717377,27.469934818245616,29.29505441325411,11.883102087720491,0.005689900426742532,0.0,991322.5031873992,535.5977507945682,55.339230054202936,1.8253695428699905,0.01398702873329187,0.0625,106.0,71.0,35.0,0.0,15.078236130867708,197.90971833385635,0.4456737965503032,0.42214099084958434,0.5702108232071622,0.7564960076706487,3.8486924006704344,4.8497933079488575,4.294366197220738,5.300050025107339,0.4456737965503032,0.5702108232071622,/home/aaa/data/qj/stable-baselines3-master/risk_curriculum_metadrive/outputs/tuned_compare_baseline_nenv16_seed0_1m/runs/baseline_ppo_s0/config.json,/home/aaa/data/qj/stable-baselines3-master/risk_curriculum_metadrive/outputs/tuned_compare_baseline_nenv16_seed0_1m/runs/baseline_ppo_s0/model/final_model.zip
baseline,lower_bound,baseline,ppo,0,runtime_ttc,,,,,0.15,20000,20015,15,0.0,1.0,0.12821803218066868,0.0,0.0,0.0,1.0,83.0,21.59567543345672,21.59567543345672,36.1548145371648,41.92600332918079,9.80855707122678,0.0,1.0,0.12821803218066868,82.42870693982418,2.0718292823424016,2.0435463625164187,0.02116749916378987,1.0,3.0,0.0,3.0,0.0,3.614457831325301,36.39508748074993,0.4068484928890928,0.38367300294339657,0.5062292824732139,0.7673389255069172,2.0453050590249293,2.3570442193886265,2.452153551914022,2.9212985158665092,0.4068484928890928,0.5062292824732139,/home/aaa/data/qj/stable-baselines3-master/risk_curriculum_metadrive/outputs/tuned_compare_baseline_nenv16_seed0_1m/runs/baseline_ppo_s0/config.json,/home/aaa/data/qj/stable-baselines3-master/risk_curriculum_metadrive/outputs/tuned_compare_baseline_nenv16_seed0_1m/runs/baseline_ppo_s0/model/final_model.zip
baseline,lower_bound,baseline,ppo,0,runtime_ttc,,,,,0.15,20000,20016,16,0.0,1.0,0.6482906409435777,1.0,1.0,0.0,0.0,1141.0,274.42626826486764,274.42626826486764,14.772118813021182,10.1940976069793,1.8195107981477483,0.05521472392638037,0.0,0.6482906409435777,466.7949317330137,75.27386379779642,1.4385343066929375,0.00486569698148874,0.010764262648008612,179.0,165.0,14.0,0.0,15.687992988606487,383.4660315086287,0.4595547120870841,0.43392900261096656,0.5829730071127415,0.8175844151992337,5.4803626115405715,6.983812985708937,5.939917323627656,7.4857029831036925,0.4595547120870841,0.5829730071127415,/home/aaa/data/qj/stable-baselines3-master/risk_curriculum_metadrive/outputs/tuned_compare_baseline_nenv16_seed0_1m/runs/baseline_ppo_s0/config.json,/home/aaa/data/qj/stable-baselines3-master/risk_curriculum_metadrive/outputs/tuned_compare_baseline_nenv16_seed0_1m/runs/baseline_ppo_s0/model/final_model.zip
baseline,lower_bound,baseline,ppo,0,runtime_ttc,,,,,0.15,20000,20017,17,0.0,1.0,0.1114200922273748,0.0,0.0,0.0,1.0,68.0,15.980257234270265,15.980257234270265,34.86526926398045,36.208242835902354,8.014517769484712,0.0,1.0,0.1114200922273748,64.62468112260979,,,0.0,0.0,0.0,0.0,0.0,0.0,0.0,0.0,0.45205355940304476,0.3830765053862706,0.7348416940658353,0.9742655180161818,3.2257769395501406,4.270536794501822,3.6778304989531856,4.991182131925598,0.45205355940304476,0.7348416940658353,/home/aaa/data/qj/stable-baselines3-master/risk_curriculum_metadrive/outputs/tuned_compare_baseline_nenv16_seed0_1m/runs/baseline_ppo_s0/config.json,/home/aaa/data/qj/stable-baselines3-master/risk_curriculum_metadrive/outputs/tuned_compare_baseline_nenv16_seed0_1m/runs/baseline_ppo_s0/model/final_model.zip
baseline,lower_bound,baseline,ppo,0,runtime_ttc,,,,,0.15,20000,20018,18,0.0,1.0,0.12753678828088008,0.0,0.0,0.0,1.0,125.0,36.27404585213704,36.27404585213704,34.715715951362334,34.927694486681006,13.858499724397376,0.0,1.0,0.12753678828088008,119.70383013833366,3.4996886034778076,3.2431356208482947,0.0072014947033065225,1.0,3.0,0.0,3.0,0.0,2.4,25.061854717038727,0.4244705617893487,0.393608002923429,0.5494437995366752,0.781462442828343,3.5161751029081643,6.9077009917236865,3.940645664697513,7.321505417348817,0.4244705617893487,0.5494437995366752,/home/aaa/data/qj/stable-baselines3-master/risk_curriculum_metadrive/outputs/tuned_compare_baseline_nenv16_seed0_1m/runs/baseline_ppo_s0/config.json,/home/aaa/data/qj/stable-baselines3-master/risk_curriculum_metadrive/outputs/tuned_compare_baseline_nenv16_seed0_1m/runs/baseline_ppo_s0/model/final_model.zip
baseline,lower_bound,baseline,ppo,0,runtime_ttc,,,,,0.15,20000,20019,19,0.0,1.0,0.26487872755925274,1.0,1.0,0.0,0.0,179.0,76.76051219016149,76.76051219016149,30.85727853218023,31.713597895191544,15.266822727087396,0.00558659217877095,0.0,0.26487872755925274,152.8550508368461,61.140930318937,3.1089208602105582,0.0032898979174068805,0.019417475728155338,22.0,17.0,5.0,0.0,12.290502793296088,143.92720344898703,0.4437128273775416,0.40953498682938516,0.5741378990933298,0.8052996563492342,3.034783430025502,3.569190311827697,3.4784962574030436,4.028430191101506,0.4437128273775416,0.5741378990933298,/home/aaa/data/qj/stable-baselines3-master/risk_curriculum_metadrive/outputs/tuned_compare_baseline_nenv16_seed0_1m/runs/baseline_ppo_s0/config.json,/home/aaa/data/qj/stable-baselines3-master/risk_curriculum_metadrive/outputs/tuned_compare_baseline_nenv16_seed0_1m/runs/baseline_ppo_s0/model/final_model.zip
baseline,lower_bound,baseline,ppo,1,runtime_ttc,,,,,0.15,10000,10000,0,0.0,1.0,0.3913286967755142,1.0,1.0,0.0,0.0,226.0,137.87520132625,137.87520132625,32.477094078925845,30.01139836789327,13.739343040321911,0.0,0.0,0.3913286967755142,203.4939625773947,31.98355470269222,0.008686963846303172,0.04543863021513906,0.21052631578947367,34.0,15.0,19.0,0.0,15.04424778761062,167.08112402631505,0.4658780344792815,0.4134559858357534,0.7171737452154048,0.997984992864076,4.898199764445045,6.3972777425078675,5.364077798924327,6.998891993134748,0.4658780344792815,0.7171737452154048,/home/aaa/data/qj/stable-baselines3-master/risk_curriculum_metadrive/outputs/tuned_compare_baseline_nenv16_seed1_1m/runs/baseline_ppo_s1/config.json,/home/aaa/data/qj/stable-baselines3-master/risk_curriculum_metadrive/outputs/tuned_compare_baseline_nenv16_seed1_1m/runs/baseline_ppo_s1/model/final_model.zip
baseline,lower_bound,baseline,ppo,1,runtime_ttc,,,,,0.15,10000,10001,1,1.0,0.0,0.9916081776222424,0.0,0.0,0.0,0.0,862.0,408.0683400802146,408.0683400802146,21.344591602844666,21.203798393691898,9.588409690002807,0.0,0.0,991608.1776222425,509.54221649576004,41.69292738780316,0.6392623413495044,0.005546912298336352,0.01732283464566929,138.0,112.0,26.0,0.0,16.009280742459396,270.831337487712,0.44666356132273927,0.41527149733155966,0.552215585776139,1.0230531616252843,4.06006135262161,5.122122506145388,4.50672491394435,5.593476293142884,0.44666356132273927,0.552215585776139,/home/aaa/data/qj/stable-baselines3-master/risk_curriculum_metadrive/outputs/tuned_compare_baseline_nenv16_seed1_1m/runs/baseline_ppo_s1/config.json,/home/aaa/data/qj/stable-baselines3-master/risk_curriculum_metadrive/outputs/tuned_compare_baseline_nenv16_seed1_1m/runs/baseline_ppo_s1/model/final_model.zip
baseline,lower_bound,baseline,ppo,1,runtime_ttc,,,,,0.15,10000,10002,2,0.0,1.0,0.6547343098032815,1.0,1.0,0.0,0.0,879.0,237.95330098822643,237.95330098822643,16.061567027500427,13.866192690869031,2.6354661389862954,0.030716723549488054,0.0,0.6547343098032815,391.4662250258474,26.909854653509864,0.7327156636249927,0.010030575682223203,0.0273972602739726,159.0,133.0,26.0,0.0,18.088737201365188,406.1653083596208,0.4750504766008684,0.4421579942572862,0.5954362044576555,1.090535930125044,6.53983202462394,8.86923099460546,7.014882501224808,9.385052093421109,0.4750504766008684,0.5954362044576555,/home/aaa/data/qj/stable-baselines3-master/risk_curriculum_metadrive/outputs/tuned_compare_baseline_nenv16_seed1_1m/runs/baseline_ppo_s1/config.json,/home/aaa/data/qj/stable-baselines3-master/risk_curriculum_metadrive/outputs/tuned_compare_baseline_nenv16_seed1_1m/runs/baseline_ppo_s1/model/final_model.zip
baseline,lower_bound,baseline,ppo,1,runtime_ttc,,,,,0.15,10000,10003,3,1.0,0.0,0.9910995677432316,0.0,0.0,0.0,0.0,792.0,362.58723052874035,362.58723052874035,21.21858383740179,21.318297213930016,6.447263914497453,0.0,0.0,991099.5677432317,465.3490948592534,50.85665286229786,5.778212710492857,0.0,0.0,136.0,133.0,3.0,0.0,17.17171717171717,292.25371125119244,0.43285603481703533,0.4068965063197538,0.541829383291769,1.0245292168110618,3.1490066292903838,4.646404458617325,3.581862664107419,5.102534055185969,0.43285603481703533,0.541829383291769,/home/aaa/data/qj/stable-baselines3-master/risk_curriculum_metadrive/outputs/tuned_compare_baseline_nenv16_seed1_1m/runs/baseline_ppo_s1/config.json,/home/aaa/data/qj/stable-baselines3-master/risk_curriculum_metadrive/outputs/tuned_compare_baseline_nenv16_seed1_1m/runs/baseline_ppo_s1/model/final_model.zip
baseline,lower_bound,baseline,ppo,1,runtime_ttc,,,,,0.15,10000,10004,4,0.0,1.0,0.6648073634947654,1.0,1.0,0.0,0.0,713.0,309.7619663710432,309.7619663710432,18.86843104252952,15.803472189800823,6.371977951384056,0.016830294530154277,0.0,0.6648073634947654,372.6426596147537,59.896579567687276,1.2122219504025606,0.007120719864973248,0.017825311942959002,122.0,101.0,21.0,0.0,17.11079943899018,327.3913945497446,0.47301785547062913,0.43942200136370957,0.6714850023854524,0.9907661844044923,6.179267815611395,8.972237177658826,6.652285671082024,9.485544014023617,0.47301785547062913,0.6714850023854524,/home/aaa/data/qj/stable-baselines3-master/risk_curriculum_metadrive/outputs/tuned_compare_baseline_nenv16_seed1_1m/runs/baseline_ppo_s1/config.json,/home/aaa/data/qj/stable-baselines3-master/risk_curriculum_metadrive/outputs/tuned_compare_baseline_nenv16_seed1_1m/runs/baseline_ppo_s1/model/final_model.zip
baseline,lower_bound,baseline,ppo,1,runtime_ttc,,,,,0.15,10000,10005,5,0.0,1.0,0.7570184623308651,1.0,1.0,0.0,0.0,450.0,257.02081889043615,257.02081889043615,29.941826765045096,29.685293922890658,11.511601840319457,0.017777777777777778,0.0,0.7570184623308651,373.99958611905055,38.294619525018106,0.6092023598456566,0.029307623450335368,0.15934065934065933,74.0,42.0,32.0,0.0,16.444444444444446,197.86118152666756,0.4456946061044518,0.4181454860372469,0.5750901473220436,0.8742283005267368,4.6022915951390235,6.0300264522084035,5.047986201243475,6.5098217950435355,0.4456946061044518,0.5750901473220436,/home/aaa/data/qj/stable-baselines3-master/risk_curriculum_metadrive/outputs/tuned_compare_baseline_nenv16_seed1_1m/runs/baseline_ppo_s1/config.json,/home/aaa/data/qj/stable-baselines3-master/risk_curriculum_metadrive/outputs/tuned_compare_baseline_nenv16_seed1_1m/runs/baseline_ppo_s1/model/final_model.zip
baseline,lower_bound,baseline,ppo,1,runtime_ttc,,,,,0.15,10000,10006,6,1.0,0.0,0.9923922495232226,0.0,0.0,0.0,0.0,771.0,482.6323740824296,482.6323740824296,29.100617340953153,30.029934053260206,15.626473573258279,0.0,0.0,992392.2495232227,621.9203167948754,41.12577443605018,1.7938332614293653,0.005881731215106817,0.02,117.0,100.0,17.0,0.0,15.17509727626459,188.12699447249202,0.43399466579748575,0.4033680015709251,0.5458259984152392,0.9674562927102641,3.8919046484344624,6.558164503076114,4.325899314231949,7.015415496425703,0.43399466579748575,0.5458259984152392,/home/aaa/data/qj/stable-baselines3-master/risk_curriculum_metadrive/outputs/tuned_compare_baseline_nenv16_seed1_1m/runs/baseline_ppo_s1/config.json,/home/aaa/data/qj/stable-baselines3-master/risk_curriculum_metadrive/outputs/tuned_compare_baseline_nenv16_seed1_1m/runs/baseline_ppo_s1/model/final_model.zip
baseline,lower_bound,baseline,ppo,1,runtime_ttc,,,,,0.15,10000,10007,7,0.0,1.0,0.19182042032101237,1.0,1.0,0.0,0.0,766.0,117.93983476108416,117.93983476108416,7.4710131414509595,3.0178227020792905,0.44491998522026427,0.2010443864229765,1.0,0.19182042032101237,156.67302920097816,61.5786783129952,0.9135894974975496,0.003902132594890981,0.006153846153846154,207.0,184.0,23.0,0.0,27.023498694516974,1321.2229383429042,0.4843290195819817,0.4465584934223443,0.6294037593761459,1.2478554621338844,5.197235802933209,5.396343236498069,5.681564822515191,6.080026512790937,0.4843290195819817,0.6294037593761459,/home/aaa/data/qj/stable-baselines3-master/risk_curriculum_metadrive/outputs/tuned_compare_baseline_nenv16_seed1_1m/runs/baseline_ppo_s1/config.json,/home/aaa/data/qj/stable-baselines3-master/risk_curriculum_metadrive/outputs/tuned_compare_baseline_nenv16_seed1_1m/runs/baseline_ppo_s1/model/final_model.zip
baseline,lower_bound,baseline,ppo,1,runtime_ttc,,,,,0.15,10000,10008,8,0.0,1.0,0.15048347033834003,0.0,0.0,0.0,1.0,74.0,44.73267945157971,44.73267945157971,36.57014650195471,39.7321817561093,8.803357264741601,0.0,1.0,0.15048347033834003,73.97470231614669,,,0.0,0.0,0.0,0.0,0.0,0.0,0.0,0.0,0.40184464848386375,0.3669569850899279,0.5543809922528442,0.9883414048817929,1.8890191363548305,2.1419878539745696,2.2908637848386944,2.5572713886504057,0.40184464848386375,0.5543809922528442,/home/aaa/data/qj/stable-baselines3-master/risk_curriculum_metadrive/outputs/tuned_compare_baseline_nenv16_seed1_1m/runs/baseline_ppo_s1/config.json,/home/aaa/data/qj/stable-baselines3-master/risk_curriculum_metadrive/outputs/tuned_compare_baseline_nenv16_seed1_1m/runs/baseline_ppo_s1/model/final_model.zip
baseline,lower_bound,baseline,ppo,1,runtime_ttc,,,,,0.15,10000,10009,9,0.0,1.0,0.6148424112564592,1.0,1.0,0.0,0.0,356.0,210.51607926586007,210.51607926586007,28.608918315064212,30.320624101916806,15.130189832174441,0.0,0.0,0.6148424112564592,282.1102069641299,45.17951940783246,0.4129928130370891,0.006219376326105064,0.023972602739726026,57.0,47.0,10.0,0.0,16.01123595505618,202.04869796592476,0.4267788710748892,0.39502249273937196,0.6139125034678727,0.9374504050356334,2.7981002330603446,3.1418082435266115,3.224879104135234,3.686448522785213,0.4267788710748892,0.6139125034678727,/home/aaa/data/qj/stable-baselines3-master/risk_curriculum_metadrive/outputs/tuned_compare_baseline_nenv16_seed1_1m/runs/baseline_ppo_s1/config.json,/home/aaa/data/qj/stable-baselines3-master/risk_curriculum_metadrive/outputs/tuned_compare_baseline_nenv16_seed1_1m/runs/baseline_ppo_s1/model/final_model.zip
baseline,lower_bound,baseline,ppo,1,runtime_ttc,,,,,0.15,10000,10010,10,0.0,1.0,0.6046245817589373,0.0,0.0,0.0,1.0,684.0,209.92227140489763,209.92227140489763,18.18148499971717,15.812604403378852,6.862994996721331,0.0014619883040935672,0.0,0.6046245817589373,344.4107657104042,31.559803120858348,1.6153624515511038,0.0038623664341396646,0.01559792027729636,132.0,115.0,17.0,0.0,19.298245614035086,383.2632807738404,0.4804860087801234,0.44373249693308026,0.6370593531755732,1.0793388655292748,6.608150270699431,10.368378089333419,7.088636279479554,10.884769627591595,0.4804860087801234,0.6370593531755732,/home/aaa/data/qj/stable-baselines3-master/risk_curriculum_metadrive/outputs/tuned_compare_baseline_nenv16_seed1_1m/runs/baseline_ppo_s1/config.json,/home/aaa/data/qj/stable-baselines3-master/risk_curriculum_metadrive/outputs/tuned_compare_baseline_nenv16_seed1_1m/runs/baseline_ppo_s1/model/final_model.zip
baseline,lower_bound,baseline,ppo,1,runtime_ttc,,,,,0.15,10000,10011,11,0.0,1.0,0.4963590445912699,1.0,1.0,0.0,0.0,729.0,202.53163627336187,202.53163627336187,14.62524766440521,10.114093633209182,3.0850533518473013,0.02194787379972565,0.0,0.4963590445912699,295.283386267029,59.921496578037384,1.0158556093128064,0.005328826802699171,0.016923076923076923,133.0,118.0,15.0,0.0,18.244170096021946,450.41477504503484,0.4639266638403991,0.42828000732697546,0.6145307910628619,1.1564991693012452,4.785429817933873,5.917008005781099,5.249356481774272,6.399971788050607,0.4639266638403991,0.6145307910628619,/home/aaa/data/qj/stable-baselines3-master/risk_curriculum_metadrive/outputs/tuned_compare_baseline_nenv16_seed1_1m/runs/baseline_ppo_s1/config.json,/home/aaa/data/qj/stable-baselines3-master/risk_curriculum_metadrive/outputs/tuned_compare_baseline_nenv16_seed1_1m/runs/baseline_ppo_s1/model/final_model.zip
baseline,lower_bound,baseline,ppo,1,runtime_ttc,,,,,0.15,10000,10012,12,1.0,0.0,0.9890577972225076,0.0,0.0,0.0,0.0,594.0,411.8680385932042,411.8680385932042,26.846441895907546,29.272705345180086,10.379007055916123,0.0,0.0,989057.7972225077,441.779648427717,35.49419680828393,1.1417958981073453,0.009992263406024576,0.029891304347826088,90.0,73.0,17.0,0.0,15.151515151515152,203.72147137222777,0.4340878213318347,0.40019450534600765,0.6041890344931751,1.0629703887389088,2.8754531077394634,4.364747111685574,3.309540929071298,4.863815852149856,0.4340878213318347,0.6041890344931751,/home/aaa/data/qj/stable-baselines3-master/risk_curriculum_metadrive/outputs/tuned_compare_baseline_nenv16_seed1_1m/runs/baseline_ppo_s1/config.json,/home/aaa/data/qj/stable-baselines3-master/risk_curriculum_metadrive/outputs/tuned_compare_baseline_nenv16_seed1_1m/runs/baseline_ppo_s1/model/final_model.zip
baseline,lower_bound,baseline,ppo,1,runtime_ttc,,,,,0.15,10000,10013,13,0.0,1.0,0.880236176445195,1.0,1.0,0.0,0.0,642.0,313.8959280758472,313.8959280758472,28.986069863109368,29.106363381718417,6.745507656118801,0.04672897196261682,0.0,0.880236176445195,516.4396698193904,20.809619980583204,1.2291093463992857,0.02192505042128656,0.11217948717948718,107.0,60.0,47.0,0.0,16.666666666666664,207.18780189256202,0.4561491096352381,0.42035849764943123,0.5722094589145854,1.1229868588270622,5.303085118728382,7.016323079005815,5.759234228363621,7.534918200690299,0.4561491096352381,0.5722094589145854,/home/aaa/data/qj/stable-baselines3-master/risk_curriculum_metadrive/outputs/tuned_compare_baseline_nenv16_seed1_1m/runs/baseline_ppo_s1/config.json,/home/aaa/data/qj/stable-baselines3-master/risk_curriculum_metadrive/outputs/tuned_compare_baseline_nenv16_seed1_1m/runs/baseline_ppo_s1/model/final_model.zip
baseline,lower_bound,baseline,ppo,1,runtime_ttc,,,,,0.15,10000,10014,14,0.0,1.0,0.08279381417544039,0.0,0.0,0.0,1.0,69.0,40.50673130601732,40.50673130601732,34.45393121059873,37.1642066767308,8.301878425910925,0.0,1.0,0.08279381417544039,64.9212309842762,,,0.0,0.0,0.0,0.0,0.0,0.0,0.0,0.0,0.4410215681317546,0.4003180074505508,0.6176873925141988,0.8304804936051355,4.444243000023931,5.202904011821374,4.885264568155685,5.644908989779651,0.4410215681317546,0.6176873925141988,/home/aaa/data/qj/stable-baselines3-master/risk_curriculum_metadrive/outputs/tuned_compare_baseline_nenv16_seed1_1m/runs/baseline_ppo_s1/config.json,/home/aaa/data/qj/stable-baselines3-master/risk_curriculum_metadrive/outputs/tuned_compare_baseline_nenv16_seed1_1m/runs/baseline_ppo_s1/model/final_model.zip
baseline,lower_bound,baseline,ppo,1,runtime_ttc,,,,,0.15,10000,10015,15,0.0,0.0,0.7489841676752157,0.0,0.0,0.0,0.0,1500.0,440.7770055364338,440.7770055364338,12.76614415646681,9.826498697093669,3.6546141183010215,0.009333333333333334,0.0,748984.1676752158,530.5424624926977,40.68792523140019,0.04958123003567577,0.003523835359357148,0.011618257261410789,255.0,231.0,24.0,0.0,17.0,480.64013350017154,0.4639592877938412,0.42757300252560526,0.5848523040185682,1.0814318581833504,5.745193985465448,6.9598203554051,6.20915327325929,7.485812110826373,0.4639592877938412,0.5848523040185682,/home/aaa/data/qj/stable-baselines3-master/risk_curriculum_metadrive/outputs/tuned_compare_baseline_nenv16_seed1_1m/runs/baseline_ppo_s1/config.json,/home/aaa/data/qj/stable-baselines3-master/risk_curriculum_metadrive/outputs/tuned_compare_baseline_nenv16_seed1_1m/runs/baseline_ppo_s1/model/final_model.zip
baseline,lower_bound,baseline,ppo,1,runtime_ttc,,,,,0.15,10000,10016,16,0.0,1.0,0.30400722042964073,0.0,0.0,0.0,1.0,115.0,99.3244309121527,99.3244309121527,48.886457382178726,56.31916604569978,12.234916519381233,0.008695652173913044,0.0,0.30400722042964073,154.64870821935745,,,0.0,0.0,0.0,0.0,0.0,0.0,0.0,0.0,0.4170120177466584,0.3878129937220365,0.6034648889908566,0.7271011039847508,2.7986080583144464,3.4055232827086,3.215620076061105,3.8711499917553738,0.4170120177466584,0.6034648889908566,/home/aaa/data/qj/stable-baselines3-master/risk_curriculum_metadrive/outputs/tuned_compare_baseline_nenv16_seed1_1m/runs/baseline_ppo_s1/config.json,/home/aaa/data/qj/stable-baselines3-master/risk_curriculum_metadrive/outputs/tuned_compare_baseline_nenv16_seed1_1m/runs/baseline_ppo_s1/model/final_model.zip
baseline,lower_bound,baseline,ppo,1,runtime_ttc,,,,,0.15,10000,10017,17,0.0,1.0,0.48868766245530265,1.0,1.0,0.0,0.0,736.0,312.41108224808875,312.41108224808875,18.819220765353737,15.790486212129117,7.622638922495026,0.0,0.0,0.48868766245530265,383.9294713937803,32.89460224248043,0.864114083971488,0.00581674349937119,0.015151515151515152,129.0,116.0,13.0,0.0,17.527173913043477,335.9992123857825,0.48829188926902134,0.4488924896577373,0.6708302462357096,1.1488446965813637,7.472741890405419,10.366806498495862,7.96103377967444,10.874187006265856,0.48829188926902134,0.6708302462357096,/home/aaa/data/qj/stable-baselines3-master/risk_curriculum_metadrive/outputs/tuned_compare_baseline_nenv16_seed1_1m/runs/baseline_ppo_s1/config.json,/home/aaa/data/qj/stable-baselines3-master/risk_curriculum_metadrive/outputs/tuned_compare_baseline_nenv16_seed1_1m/runs/baseline_ppo_s1/model/final_model.zip
baseline,lower_bound,baseline,ppo,1,runtime_ttc,,,,,0.15,10000,10018,18,0.0,1.0,0.640904448815316,1.0,1.0,0.0,0.0,514.0,251.735206984652,251.735206984652,19.468974988646885,17.53461291900256,7.587182111738454,0.03696498054474708,0.0,0.640904448815316,276.8253429588972,20.232326101123583,1.12102524438346,0.010935230906230416,0.05172413793103448,101.0,71.0,30.0,0.0,19.64980544747082,364.8509884262887,0.44568495508754474,0.41477901686448604,0.5698567503714003,1.024909908301197,4.375075449753038,5.903306604886893,4.820760404840583,6.396011606557295,0.44568495508754474,0.5698567503714003,/home/aaa/data/qj/stable-baselines3-master/risk_curriculum_metadrive/outputs/tuned_compare_baseline_nenv16_seed1_1m/runs/baseline_ppo_s1/config.json,/home/aaa/data/qj/stable-baselines3-master/risk_curriculum_metadrive/outputs/tuned_compare_baseline_nenv16_seed1_1m/runs/baseline_ppo_s1/model/final_model.zip
baseline,lower_bound,baseline,ppo,1,runtime_ttc,,,,,0.15,10000,10019,19,0.0,1.0,0.08997306303970774,1.0,1.0,0.0,0.0,68.0,40.84951553475965,40.84951553475965,35.40197093177197,37.853586705625936,8.473748264022761,0.0,1.0,0.08997306303970774,65.77141501157465,0.8738941512216248,0.15214573257487754,0.024271210875166913,1.0,1.0,0.0,1.0,0.0,1.4705882352941175,15.204173421295819,0.4090213530135396,0.3811635106103495,0.5178004095796496,0.8234154828824098,3.012048441793441,3.6570224969182163,3.4210697948069804,4.11396017880179,0.4090213530135396,0.5178004095796496,/home/aaa/data/qj/stable-baselines3-master/risk_curriculum_metadrive/outputs/tuned_compare_baseline_nenv16_seed1_1m/runs/baseline_ppo_s1/config.json,/home/aaa/data/qj/stable-baselines3-master/risk_curriculum_metadrive/outputs/tuned_compare_baseline_nenv16_seed1_1m/runs/baseline_ppo_s1/model/final_model.zip
baseline,lower_bound,baseline,ppo,1,runtime_ttc,,,,,0.15,20000,20000,0,0.0,1.0,0.31689188798788137,0.0,0.0,0.0,1.0,111.0,77.96360255335739,77.96360255335739,36.32491415574188,38.82243703981612,12.701108542658748,0.0,0.0,0.31689188798788137,110.76587234170245,13.401170957243368,9.954471618321138,0.0,0.0,8.0,8.0,0.0,0.0,7.207207207207207,72.22441200409402,0.39582404566022594,0.3749940078705549,0.481902010506019,0.9642729826737222,1.7586401881343845,2.191173000028357,2.1544642337946103,2.5770854845177382,0.39582404566022594,0.481902010506019,/home/aaa/data/qj/stable-baselines3-master/risk_curriculum_metadrive/outputs/tuned_compare_baseline_nenv16_seed1_1m/runs/baseline_ppo_s1/config.json,/home/aaa/data/qj/stable-baselines3-master/risk_curriculum_metadrive/outputs/tuned_compare_baseline_nenv16_seed1_1m/runs/baseline_ppo_s1/model/final_model.zip
baseline,lower_bound,baseline,ppo,1,runtime_ttc,,,,,0.15,20000,20001,1,0.0,1.0,0.7084530369847649,0.0,0.0,0.0,1.0,678.0,271.38877648648014,271.38877648648014,19.578188554419206,20.501173548264454,0.019499570476412525,0.13274336283185842,0.0,0.7084530369847649,367.70292920921116,22.314729355470302,0.2189422042474369,0.05354329737112822,0.19908466819221968,178.0,71.0,107.0,0.0,26.253687315634217,484.0864346194091,0.4296227417777053,0.4045135137857869,0.551517299027182,0.7660923124058174,3.370948209385058,4.19685769447824,3.8005709511627632,4.621367243817076,0.4296227417777053,0.551517299027182,/home/aaa/data/qj/stable-baselines3-master/risk_curriculum_metadrive/outputs/tuned_compare_baseline_nenv16_seed1_1m/runs/baseline_ppo_s1/config.json,/home/aaa/data/qj/stable-baselines3-master/risk_curriculum_metadrive/outputs/tuned_compare_baseline_nenv16_seed1_1m/runs/baseline_ppo_s1/model/final_model.zip
baseline,lower_bound,baseline,ppo,1,runtime_ttc,,,,,0.15,20000,20002,2,0.0,1.0,0.1542084722963722,1.0,1.0,0.0,0.0,69.0,49.87168868239665,49.87168868239665,37.29989188623096,38.75821519988912,8.643098958286036,0.0,1.0,0.1542084722963722,70.19182385904809,0.19629324025599193,0.1689258299061897,0.027847575418805847,1.0,1.0,0.0,1.0,0.0,1.4492753623188406,14.246673544316158,0.4049787813277942,0.3806899767369032,0.5793989927042272,0.6492276163771743,2.548351623640949,3.109223797218874,2.953330404968743,3.5410238022450353,0.4049787813277942,0.5793989927042272,/home/aaa/data/qj/stable-baselines3-master/risk_curriculum_metadrive/outputs/tuned_compare_baseline_nenv16_seed1_1m/runs/baseline_ppo_s1/config.json,/home/aaa/data/qj/stable-baselines3-master/risk_curriculum_metadrive/outputs/tuned_compare_baseline_nenv16_seed1_1m/runs/baseline_ppo_s1/model/final_model.zip
baseline,lower_bound,baseline,ppo,1,runtime_ttc,,,,,0.15,20000,20003,3,1.0,0.0,0.9935436903351007,0.0,0.0,0.0,0.0,1287.0,493.1725912551843,493.1725912551843,18.94228696485962,16.66941033243807,6.09992007891568,0.027195027195027196,0.0,993543.6903351007,675.6005819486575,31.027273876177762,1.368069319355607,0.005242504398875616,0.01676963812886143,247.0,208.0,39.0,0.0,19.19191919191919,365.60063238484724,0.4586823148808132,0.42845800635404885,0.6003035930916668,0.806455999845639,6.147094033123917,9.105348290177062,6.60577634800473,9.58956119720824,0.4586823148808132,0.6003035930916668,/home/aaa/data/qj/stable-baselines3-master/risk_curriculum_metadrive/outputs/tuned_compare_baseline_nenv16_seed1_1m/runs/baseline_ppo_s1/config.json,/home/aaa/data/qj/stable-baselines3-master/risk_curriculum_metadrive/outputs/tuned_compare_baseline_nenv16_seed1_1m/runs/baseline_ppo_s1/model/final_model.zip
baseline,lower_bound,baseline,ppo,1,runtime_ttc,,,,,0.15,20000,20004,4,0.0,1.0,0.5424315815024149,0.0,0.0,0.0,1.0,355.0,197.41390353122495,197.41390353122495,28.358133595781958,31.052189430456608,13.083128372724298,0.02535211267605634,0.0,0.5424315815024149,278.9078689547803,16.441368398211367,1.6034956261689566,0.023503928646763497,0.08974358974358974,59.0,38.0,21.0,0.0,16.619718309859156,211.53938833316224,0.41136883345144,0.38763301563449204,0.5299934913637117,0.7991897617466743,2.710418180565835,3.070481403847225,3.121787014017275,3.534059808589518,0.41136883345144,0.5299934913637117,/home/aaa/data/qj/stable-baselines3-master/risk_curriculum_metadrive/outputs/tuned_compare_baseline_nenv16_seed1_1m/runs/baseline_ppo_s1/config.json,/home/aaa/data/qj/stable-baselines3-master/risk_curriculum_metadrive/outputs/tuned_compare_baseline_nenv16_seed1_1m/runs/baseline_ppo_s1/model/final_model.zip
baseline,lower_bound,baseline,ppo,1,runtime_ttc,,,,,0.15,20000,20005,5,1.0,0.0,0.9925461599303285,0.0,0.0,0.0,0.0,1243.0,506.7851345365598,506.7851345365598,16.75255058091133,13.296422659456976,7.465407446363139,0.002413515687851971,0.0,992546.1599303285,577.2006250096877,25.114727287553336,0.002410174087785397,0.007617398094205897,0.019891500904159132,244.0,212.0,32.0,0.0,19.629927594529363,422.7299649855798,0.4556846523197399,0.426117010647431,0.5961774033494288,0.866345326066948,5.1607089887261886,7.049185689538717,5.616393641045929,7.535207993350922,0.4556846523197399,0.5961774033494288,/home/aaa/data/qj/stable-baselines3-master/risk_curriculum_metadrive/outputs/tuned_compare_baseline_nenv16_seed1_1m/runs/baseline_ppo_s1/config.json,/home/aaa/data/qj/stable-baselines3-master/risk_curriculum_metadrive/outputs/tuned_compare_baseline_nenv16_seed1_1m/runs/baseline_ppo_s1/model/final_model.zip
baseline,lower_bound,baseline,ppo,1,runtime_ttc,,,,,0.15,20000,20006,6,0.0,1.0,0.11801768736876903,0.0,0.0,0.0,1.0,73.0,39.254317280236684,39.254317280236684,32.984045806239465,36.226255879774385,8.065376408199484,0.0136986301369863,1.0,0.11801768736876903,65.87406738273046,,,0.0,0.0,0.0,0.0,0.0,0.0,0.0,0.0,0.4175403558055883,0.38726700586266816,0.6365034147165707,0.7515160401817411,2.8081886049309004,3.5453603893984105,3.2257289607364887,4.031091200886293,0.4175403558055883,0.6365034147165707,/home/aaa/data/qj/stable-baselines3-master/risk_curriculum_metadrive/outputs/tuned_compare_baseline_nenv16_seed1_1m/runs/baseline_ppo_s1/config.json,/home/aaa/data/qj/stable-baselines3-master/risk_curriculum_metadrive/outputs/tuned_compare_baseline_nenv16_seed1_1m/runs/baseline_ppo_s1/model/final_model.zip
baseline,lower_bound,baseline,ppo,1,runtime_ttc,,,,,0.15,20000,20007,7,0.0,1.0,0.4488202224329265,0.0,0.0,0.0,1.0,311.0,161.19651631382814,161.19651631382814,23.216162021329996,25.99460257908149,0.012925148413402343,0.3279742765273312,0.0,0.4488202224329265,199.34575474541003,6.327175786065311,0.06602440424343815,0.14310685992491562,0.6240601503759399,118.0,14.0,104.0,0.0,37.942122186495176,591.9363577654366,0.4170237428552121,0.39027901948429644,0.5518370016943663,0.7997610897291444,2.8541022183604157,3.585464510251768,3.2711259612156276,3.981617497629486,0.4170237428552121,0.5518370016943663,/home/aaa/data/qj/stable-baselines3-master/risk_curriculum_metadrive/outputs/tuned_compare_baseline_nenv16_seed1_1m/runs/baseline_ppo_s1/config.json,/home/aaa/data/qj/stable-baselines3-master/risk_curriculum_metadrive/outputs/tuned_compare_baseline_nenv16_seed1_1m/runs/baseline_ppo_s1/model/final_model.zip
baseline,lower_bound,baseline,ppo,1,runtime_ttc,,,,,0.15,20000,20008,8,0.0,1.0,0.6608635352150716,1.0,1.0,0.0,0.0,836.0,309.1373149500224,309.1373149500224,18.9164832794125,18.51022769363868,5.411183862864442,0.011961722488038277,0.0,0.6608635352150716,438.3515851735421,28.145554247555925,0.9154397510732585,0.002660147010824044,0.012517385257301807,153.0,130.0,23.0,0.0,18.301435406698566,349.0348961312134,0.4511725274959031,0.4174075002083555,0.5761162537964992,0.8338698404259046,5.446035635197239,6.467869759944733,5.897208162693142,6.95970150991343,0.4511725274959031,0.5761162537964992,/home/aaa/data/qj/stable-baselines3-master/risk_curriculum_metadrive/outputs/tuned_compare_baseline_nenv16_seed1_1m/runs/baseline_ppo_s1/config.json,/home/aaa/data/qj/stable-baselines3-master/risk_curriculum_metadrive/outputs/tuned_compare_baseline_nenv16_seed1_1m/runs/baseline_ppo_s1/model/final_model.zip
baseline,lower_bound,baseline,ppo,1,runtime_ttc,,,,,0.15,20000,20009,9,0.0,1.0,0.37217149451084186,0.0,0.0,0.0,1.0,116.0,96.23387050304608,96.23387050304608,49.721306654207126,57.83424199229806,12.823112782964307,0.0,0.0,0.37217149451084186,158.81301749894558,,,0.0,0.0,0.0,0.0,0.0,0.0,0.0,0.0,0.42541254314810745,0.3892044915119186,0.5749127449234948,1.0337517669540814,3.0576409056987455,3.8491415180033073,3.4830534488468525,4.298706764529925,0.42541254314810745,0.5749127449234948,/home/aaa/data/qj/stable-baselines3-master/risk_curriculum_metadrive/outputs/tuned_compare_baseline_nenv16_seed1_1m/runs/baseline_ppo_s1/config.json,/home/aaa/data/qj/stable-baselines3-master/risk_curriculum_metadrive/outputs/tuned_compare_baseline_nenv16_seed1_1m/runs/baseline_ppo_s1/model/final_model.zip
baseline,lower_bound,baseline,ppo,1,runtime_ttc,,,,,0.15,20000,20010,10,1.0,0.0,0.9904104035830602,0.0,0.0,0.0,0.0,526.0,389.37993489214296,389.37993489214296,30.49176942848421,30.656576533181777,13.886086171605049,0.0,0.0,990410.4035830603,444.4336786403748,35.993859467015575,2.4671314037829766,0.00972295076195013,0.04597701149425287,91.0,66.0,25.0,0.0,17.300380228136884,204.75495979150367,0.4142683792590188,0.39183799526654184,0.530698751390446,0.7658632457605563,2.6497149648775165,3.7567749968729913,3.0639833441365356,4.166531980445143,0.4142683792590188,0.530698751390446,/home/aaa/data/qj/stable-baselines3-master/risk_curriculum_metadrive/outputs/tuned_compare_baseline_nenv16_seed1_1m/runs/baseline_ppo_s1/config.json,/home/aaa/data/qj/stable-baselines3-master/risk_curriculum_metadrive/outputs/tuned_compare_baseline_nenv16_seed1_1m/runs/baseline_ppo_s1/model/final_model.zip
baseline,lower_bound,baseline,ppo,1,runtime_ttc,,,,,0.15,20000,20011,11,1.0,0.0,0.9924043164182432,0.0,0.0,0.0,0.0,801.0,416.09936185517154,416.09936185517154,24.70361527528969,27.113588805317537,10.057755678377152,0.0,0.0,992404.3164182432,548.175868547592,47.73345369540328,2.37096548979581,0.0027552685959940015,0.012658227848101266,132.0,118.0,14.0,0.0,16.479400749063668,240.79863338336628,0.4584002823768865,0.42614000267349184,0.591905991313979,0.8591460064053535,6.269123032427487,7.797047001076862,6.727523314804373,8.281577000161633,0.4584002823768865,0.591905991313979,/home/aaa/data/qj/stable-baselines3-master/risk_curriculum_metadrive/outputs/tuned_compare_baseline_nenv16_seed1_1m/runs/baseline_ppo_s1/config.json,/home/aaa/data/qj/stable-baselines3-master/risk_curriculum_metadrive/outputs/tuned_compare_baseline_nenv16_seed1_1m/runs/baseline_ppo_s1/model/final_model.zip
baseline,lower_bound,baseline,ppo,1,runtime_ttc,,,,,0.15,20000,20012,12,0.0,1.0,0.1327532287361357,0.0,0.0,0.0,1.0,75.0,42.446922332036905,42.446922332036905,35.91804095729002,39.74562721007313,8.788957281565073,0.0,1.0,0.1327532287361357,73.74561968422869,,,0.0,0.0,0.0,0.0,0.0,0.0,0.0,0.0,0.40874973211127025,0.3780570114031434,0.5516790028195824,0.80493822169956,2.2116275201551616,2.702576990122907,2.6203772522664317,3.1022429117001593,0.40874973211127025,0.5516790028195824,/home/aaa/data/qj/stable-baselines3-master/risk_curriculum_metadrive/outputs/tuned_compare_baseline_nenv16_seed1_1m/runs/baseline_ppo_s1/config.json,/home/aaa/data/qj/stable-baselines3-master/risk_curriculum_metadrive/outputs/tuned_compare_baseline_nenv16_seed1_1m/runs/baseline_ppo_s1/model/final_model.zip
baseline,lower_bound,baseline,ppo,1,runtime_ttc,,,,,0.15,20000,20013,13,0.0,1.0,0.6286211614838461,1.0,1.0,0.0,0.0,487.0,336.57800370093423,336.57800370093423,31.356581311138214,30.44596390891752,13.417745361551065,0.002053388090349076,0.0,0.6286211614838461,423.59031749268473,18.481781378620596,0.47499281540805877,0.012646365149358326,0.06642066420664207,83.0,58.0,25.0,0.0,17.04312114989733,195.9440444514726,0.44643092918203997,0.4148339794483036,0.5983881070278584,0.8109566743951275,6.1600533435006435,8.650723710888997,6.606484272682684,9.15302592329681,0.44643092918203997,0.5983881070278584,/home/aaa/data/qj/stable-baselines3-master/risk_curriculum_metadrive/outputs/tuned_compare_baseline_nenv16_seed1_1m/runs/baseline_ppo_s1/config.json,/home/aaa/data/qj/stable-baselines3-master/risk_curriculum_metadrive/outputs/tuned_compare_baseline_nenv16_seed1_1m/runs/baseline_ppo_s1/model/final_model.zip
baseline,lower_bound,baseline,ppo,1,runtime_ttc,,,,,0.15,20000,20014,14,1.0,0.0,0.991123924136242,0.0,0.0,0.0,0.0,1127.0,471.14173571764974,471.14173571764974,17.176839776646062,14.874811474770858,4.912019502231202,0.001774622892635315,0.0,991123.924136242,536.6852412009091,37.89823613952729,4.5328460218820705,8.290221439537346e-05,0.0010775862068965517,194.0,174.0,20.0,0.0,17.213842058562555,361.4781721328829,0.4372970858713184,0.4088949935976416,0.5650659091770649,0.8332220569718632,3.905219090573602,4.884165796102025,4.342516176444921,5.351277082809247,0.4372970858713184,0.5650659091770649,/home/aaa/data/qj/stable-baselines3-master/risk_curriculum_metadrive/outputs/tuned_compare_baseline_nenv16_seed1_1m/runs/baseline_ppo_s1/config.json,/home/aaa/data/qj/stable-baselines3-master/risk_curriculum_metadrive/outputs/tuned_compare_baseline_nenv16_seed1_1m/runs/baseline_ppo_s1/model/final_model.zip
baseline,lower_bound,baseline,ppo,1,runtime_ttc,,,,,0.15,20000,20015,15,0.0,1.0,0.12416424307995177,0.0,0.0,0.0,1.0,81.0,42.48818329923709,42.48818329923709,37.2559140540136,43.88603542704161,9.689892419336859,0.0,1.0,0.12416424307995177,82.64541094642158,,,0.0,0.0,0.0,0.0,0.0,0.0,0.0,0.0,0.4147748900491192,0.38060900988057256,0.6656010227743536,0.8744498190935713,2.0936313239759823,2.4923780001699924,2.5084062140251016,2.932632021838799,0.4147748900491192,0.6656010227743536,/home/aaa/data/qj/stable-baselines3-master/risk_curriculum_metadrive/outputs/tuned_compare_baseline_nenv16_seed1_1m/runs/baseline_ppo_s1/config.json,/home/aaa/data/qj/stable-baselines3-master/risk_curriculum_metadrive/outputs/tuned_compare_baseline_nenv16_seed1_1m/runs/baseline_ppo_s1/model/final_model.zip
baseline,lower_bound,baseline,ppo,1,runtime_ttc,,,,,0.15,20000,20016,16,0.0,0.0,0.6532967722551976,0.0,0.0,0.0,0.0,1500.0,369.95659169856805,369.95659169856805,11.303849139353508,6.635370635288465,0.8489000608964891,0.106,0.0,653296.7722551976,468.07107256756956,99.1627026114344,1.905650547979402,0.002889956539897191,0.007639419404125287,273.0,249.0,24.0,0.0,18.2,583.2447591825713,0.4683330112020485,0.43850101064890623,0.60956978413742,0.9423249625251628,5.945514152738421,7.174176489934325,6.41384716394047,7.682230087812059,0.4683330112020485,0.60956978413742,/home/aaa/data/qj/stable-baselines3-master/risk_curriculum_metadrive/outputs/tuned_compare_baseline_nenv16_seed1_1m/runs/baseline_ppo_s1/config.json,/home/aaa/data/qj/stable-baselines3-master/risk_curriculum_metadrive/outputs/tuned_compare_baseline_nenv16_seed1_1m/runs/baseline_ppo_s1/model/final_model.zip
baseline,lower_bound,baseline,ppo,1,runtime_ttc,,,,,0.15,20000,20017,17,0.0,1.0,0.1137201600354677,0.0,0.0,0.0,1.0,70.0,44.893814544907286,44.893814544907286,33.996187275760626,37.192236594718295,8.323765632580939,0.0,1.0,0.1137201600354677,65.00747934166218,,,0.0,0.0,0.0,0.0,0.0,0.0,0.0,0.0,0.423104314748863,0.38529999437741935,0.6982068996876477,0.7441990068764427,3.2764487438336283,3.958450751088094,3.699553058582491,4.38181900390191,0.423104314748863,0.6982068996876477,/home/aaa/data/qj/stable-baselines3-master/risk_curriculum_metadrive/outputs/tuned_compare_baseline_nenv16_seed1_1m/runs/baseline_ppo_s1/config.json,/home/aaa/data/qj/stable-baselines3-master/risk_curriculum_metadrive/outputs/tuned_compare_baseline_nenv16_seed1_1m/runs/baseline_ppo_s1/model/final_model.zip
baseline,lower_bound,baseline,ppo,1,runtime_ttc,,,,,0.15,20000,20018,18,0.0,1.0,0.10241235437095426,0.0,0.0,0.0,1.0,87.0,34.33943276939711,34.33943276939711,36.72358795890404,42.06155661137191,9.9031448237434,0.0,1.0,0.10241235437095426,87.83651935593693,,,0.0,0.0,0.0,0.0,0.0,0.0,0.0,0.0,0.41006998816001944,0.38392801070585847,0.5838087177835406,0.6633238209178671,2.93429757350649,3.2085788930999115,3.344367561666509,3.7305536825442687,0.41006998816001944,0.5838087177835406,/home/aaa/data/qj/stable-baselines3-master/risk_curriculum_metadrive/outputs/tuned_compare_baseline_nenv16_seed1_1m/runs/baseline_ppo_s1/config.json,/home/aaa/data/qj/stable-baselines3-master/risk_curriculum_metadrive/outputs/tuned_compare_baseline_nenv16_seed1_1m/runs/baseline_ppo_s1/model/final_model.zip
baseline,lower_bound,baseline,ppo,1,runtime_ttc,,,,,0.15,20000,20019,19,0.0,1.0,0.10526951056595608,0.0,0.0,0.0,1.0,65.0,38.17943463170434,38.17943463170434,32.43515520889882,33.18385251783132,7.449907259944571,0.0,1.0,0.10526951056595608,57.35910927931804,,,0.0,0.0,0.0,0.0,0.0,0.0,0.0,0.0,0.4037602764303581,0.38010597927495837,0.48397940117865795,0.7388253987301141,2.637656507207654,3.0562527826987207,3.041416783638012,3.449876786908135,0.4037602764303581,0.48397940117865795,/home/aaa/data/qj/stable-baselines3-master/risk_curriculum_metadrive/outputs/tuned_compare_baseline_nenv16_seed1_1m/runs/baseline_ppo_s1/config.json,/home/aaa/data/qj/stable-baselines3-master/risk_curriculum_metadrive/outputs/tuned_compare_baseline_nenv16_seed1_1m/runs/baseline_ppo_s1/model/final_model.zip
baseline,lower_bound,baseline,ppo,2,runtime_ttc,,,,,0.15,10000,10000,0,0.0,1.0,0.41553740828889274,0.0,0.0,0.0,1.0,261.0,127.67270791306842,127.67270791306842,30.013302614539462,30.591747128102472,13.871097550181997,0.0,0.0,0.41553740828889274,216.94129451246926,39.73739020423139,1.866813302231945,0.00971056287680876,0.03468208092485549,31.0,24.0,7.0,0.0,11.877394636015326,142.8958007725827,0.4428168203435496,0.41086901910603046,0.6046280032023787,0.7742009940557174,4.989922525592227,6.714612012729049,5.432739345935777,7.220580999273807,0.4428168203435496,0.6046280032023787,/home/aaa/data/qj/stable-baselines3-master/risk_curriculum_metadrive/outputs/tuned_compare_baseline_nenv16_seed2_1m/runs/baseline_ppo_s2/config.json,/home/aaa/data/qj/stable-baselines3-master/risk_curriculum_metadrive/outputs/tuned_compare_baseline_nenv16_seed2_1m/runs/baseline_ppo_s2/model/final_model.zip
baseline,lower_bound,baseline,ppo,2,runtime_ttc,,,,,0.15,10000,10001,1,0.0,1.0,0.7564446436840175,1.0,1.0,0.0,0.0,573.0,265.85861535555193,265.85861535555193,24.348066863995452,26.629550256947237,10.835759941227593,0.0,0.0,0.7564446436840175,387.1638602974371,36.08384595252646,1.0653262792936664,0.006323304810583748,0.020785219399538105,72.0,60.0,12.0,0.0,12.56544502617801,185.96777071260288,0.42485329657744286,0.4009949916508049,0.5264089966658503,0.7563437218777833,3.807745960122137,4.54010940156877,4.232599256699579,4.982235986972228,0.42485329657744286,0.5264089966658503,/home/aaa/data/qj/stable-baselines3-master/risk_curriculum_metadrive/outputs/tuned_compare_baseline_nenv16_seed2_1m/runs/baseline_ppo_s2/config.json,/home/aaa/data/qj/stable-baselines3-master/risk_curriculum_metadrive/outputs/tuned_compare_baseline_nenv16_seed2_1m/runs/baseline_ppo_s2/model/final_model.zip
baseline,lower_bound,baseline,ppo,2,runtime_ttc,,,,,0.15,10000,10002,2,0.0,0.0,0.5792014778444543,0.0,0.0,0.0,0.0,1500.0,216.87923213002804,216.87923213002804,7.746361978787465,0.2578054694685582,0.009905583259958288,0.566,0.0,579201.4778444543,322.08635100733443,1813.8094142029784,1.9691497756398646,0.005735536900101759,0.02791145332050048,136.0,87.0,49.0,0.0,9.066666666666666,422.24701411486717,0.5066214659018442,0.47526949492748827,0.6619286345085129,0.9886575469863601,7.769713651485897,10.000934243726078,8.27633511738774,10.520865641592536,0.5066214659018442,0.6619286345085129,/home/aaa/data/qj/stable-baselines3-master/risk_curriculum_metadrive/outputs/tuned_compare_baseline_nenv16_seed2_1m/runs/baseline_ppo_s2/config.json,/home/aaa/data/qj/stable-baselines3-master/risk_curriculum_metadrive/outputs/tuned_compare_baseline_nenv16_seed2_1m/runs/baseline_ppo_s2/model/final_model.zip
baseline,lower_bound,baseline,ppo,2,runtime_ttc,,,,,0.15,10000,10003,3,1.0,0.0,0.990673203649193,0.0,0.0,0.0,0.0,848.0,385.0970237678033,385.0970237678033,19.83973992023328,18.81852917419773,7.426585916524467,0.0,0.0,990673.203649193,466.07960864959574,44.679087827877666,3.7823876772358633,0.0002871727176330511,0.00141643059490085,94.0,89.0,5.0,0.0,11.084905660377359,201.6822840036976,0.42562984533603565,0.39801599632482976,0.5542076600249856,0.8447266230359666,3.1089842904173497,4.905221587978303,3.5346141357533853,5.336756986798719,0.42562984533603565,0.5542076600249856,/home/aaa/data/qj/stable-baselines3-master/risk_curriculum_metadrive/outputs/tuned_compare_baseline_nenv16_seed2_1m/runs/baseline_ppo_s2/config.json,/home/aaa/data/qj/stable-baselines3-master/risk_curriculum_metadrive/outputs/tuned_compare_baseline_nenv16_seed2_1m/runs/baseline_ppo_s2/model/final_model.zip
baseline,lower_bound,baseline,ppo,2,runtime_ttc,,,,,0.15,10000,10004,4,1.0,0.0,0.9930721652634683,0.0,0.0,0.0,0.0,1055.0,540.6793661754061,540.6793661754061,19.388748320995653,16.463596911181337,4.8534789586510465,0.023696682464454975,0.0,993072.1652634684,566.0741626304073,43.023977524923126,0.7409635424703966,0.012344902312928003,0.04061624649859944,170.0,123.0,47.0,0.0,16.113744075829384,300.3140069316216,0.46813201166963053,0.43715001083910465,0.5957634886726735,0.9495097165927299,6.078965071990415,8.789243316277862,6.547097083660046,9.26367797947023,0.46813201166963053,0.5957634886726735,/home/aaa/data/qj/stable-baselines3-master/risk_curriculum_metadrive/outputs/tuned_compare_baseline_nenv16_seed2_1m/runs/baseline_ppo_s2/config.json,/home/aaa/data/qj/stable-baselines3-master/risk_curriculum_metadrive/outputs/tuned_compare_baseline_nenv16_seed2_1m/runs/baseline_ppo_s2/model/final_model.zip
baseline,lower_bound,baseline,ppo,2,runtime_ttc,,,,,0.15,10000,10005,5,1.0,0.0,0.992144492374659,0.0,0.0,0.0,0.0,732.0,375.3422722823336,375.3422722823336,24.182935454249264,28.08853312188989,8.252753237775657,0.023224043715846996,0.0,992144.492374659,490.24244337465774,46.44618539361371,1.7021319004306914,0.021065850266511216,0.05938697318007663,104.0,69.0,35.0,0.0,14.207650273224044,212.13993485366206,0.453249647533661,0.4144434933550656,0.5850213972735213,1.128031048574484,4.685793186094525,6.773594745027366,5.139042833628187,7.286609518632758,0.453249647533661,0.5850213972735213,/home/aaa/data/qj/stable-baselines3-master/risk_curriculum_metadrive/outputs/tuned_compare_baseline_nenv16_seed2_1m/runs/baseline_ppo_s2/config.json,/home/aaa/data/qj/stable-baselines3-master/risk_curriculum_metadrive/outputs/tuned_compare_baseline_nenv16_seed2_1m/runs/baseline_ppo_s2/model/final_model.zip
baseline,lower_bound,baseline,ppo,2,runtime_ttc,,,,,0.15,10000,10006,6,1.0,0.0,0.992191191176735,0.0,0.0,0.0,0.0,745.0,506.2692120893402,506.2692120893402,30.3019306309089,30.958039814371894,21.38874584445821,0.0,0.0,992191.1911767351,625.9070610137921,53.10882349458763,1.205096390720441,0.00574576746184843,0.019955654101995565,83.0,73.0,10.0,0.0,11.140939597315436,132.60754698239626,0.4287033905540812,0.3956860164180398,0.5470501899253576,1.0880856844596563,3.9054360143424653,6.977481610374525,4.334139404896547,7.428474602056666,0.4287033905540812,0.5470501899253576,/home/aaa/data/qj/stable-baselines3-master/risk_curriculum_metadrive/outputs/tuned_compare_baseline_nenv16_seed2_1m/runs/baseline_ppo_s2/config.json,/home/aaa/data/qj/stable-baselines3-master/risk_curriculum_metadrive/outputs/tuned_compare_baseline_nenv16_seed2_1m/runs/baseline_ppo_s2/model/final_model.zip
baseline,lower_bound,baseline,ppo,2,runtime_ttc,,,,,0.15,10000,10007,7,0.0,1.0,0.5013425432912324,1.0,1.0,0.0,0.0,1257.0,330.40259329283583,330.40259329283583,11.889301953381507,10.891061798107673,2.3437691057040517,0.035003977724741446,0.0,0.5013425432912324,414.52732069569873,36.17442785498266,4.48312796471072,8.22389873173079e-05,0.0008176614881439084,221.0,215.0,6.0,0.0,17.58154335719968,533.1373566140273,0.5256259328748307,0.47458100016228855,0.7800322026014328,1.2426656007301062,8.57060566821818,12.146628217305988,9.09623160109301,12.870114797260612,0.5256259328748307,0.7800322026014328,/home/aaa/data/qj/stable-baselines3-master/risk_curriculum_metadrive/outputs/tuned_compare_baseline_nenv16_seed2_1m/runs/baseline_ppo_s2/config.json,/home/aaa/data/qj/stable-baselines3-master/risk_curriculum_metadrive/outputs/tuned_compare_baseline_nenv16_seed2_1m/runs/baseline_ppo_s2/model/final_model.zip
baseline,lower_bound,baseline,ppo,2,runtime_ttc,,,,,0.15,10000,10008,8,0.0,1.0,0.1495730245623161,0.0,0.0,0.0,1.0,74.0,43.55256598085112,43.55256598085112,36.276527351679356,39.41912476479138,8.777739044267305,0.0,1.0,0.1495730245623161,73.39172649661137,,,0.0,0.0,0.0,0.0,0.0,0.0,0.0,0.0,0.3892417562137534,0.3790339978877455,0.4471216947422363,0.678581743268296,1.9768118115796431,2.2836721953353845,2.3660535677933963,2.6803279921296053,0.3892417562137534,0.4471216947422363,/home/aaa/data/qj/stable-baselines3-master/risk_curriculum_metadrive/outputs/tuned_compare_baseline_nenv16_seed2_1m/runs/baseline_ppo_s2/config.json,/home/aaa/data/qj/stable-baselines3-master/risk_curriculum_metadrive/outputs/tuned_compare_baseline_nenv16_seed2_1m/runs/baseline_ppo_s2/model/final_model.zip
baseline,lower_bound,baseline,ppo,2,runtime_ttc,,,,,0.15,10000,10009,9,0.0,1.0,0.6234130930232322,1.0,1.0,0.0,0.0,348.0,227.14391084070456,227.14391084070456,29.920996207360165,30.82052404775292,19.256627302073753,0.0,0.0,0.6234130930232322,288.3188486967713,34.15796670848188,2.1560361365691105,0.0035857123966037147,0.01646090534979424,42.0,36.0,6.0,0.0,12.068965517241379,145.6720578271036,0.4111586121712469,0.394094517105259,0.49328569875797257,0.6591304528410541,2.8141267414856435,3.321395552484318,3.2252853536568904,3.7735648540547118,0.4111586121712469,0.49328569875797257,/home/aaa/data/qj/stable-baselines3-master/risk_curriculum_metadrive/outputs/tuned_compare_baseline_nenv16_seed2_1m/runs/baseline_ppo_s2/config.json,/home/aaa/data/qj/stable-baselines3-master/risk_curriculum_metadrive/outputs/tuned_compare_baseline_nenv16_seed2_1m/runs/baseline_ppo_s2/model/final_model.zip
baseline,lower_bound,baseline,ppo,2,runtime_ttc,,,,,0.15,10000,10010,10,0.0,0.0,0.8433655539038576,0.0,0.0,0.0,0.0,1500.0,392.64034724651856,392.64034724651856,11.65316344896354,8.047998357647517,1.8976940374346307,0.042,0.0,843365.5539038576,484.2208232927389,27.30473636847592,0.3776916274918578,0.005652751519642419,0.012728719172633254,264.0,235.0,29.0,0.0,17.599999999999998,545.2057972327163,0.5768463309699049,0.5383084935601801,0.8354652061825618,1.03825618425617,7.5518874290088815,11.472661729203537,8.128733759978786,12.181028707709629,0.5768463309699049,0.8354652061825618,/home/aaa/data/qj/stable-baselines3-master/risk_curriculum_metadrive/outputs/tuned_compare_baseline_nenv16_seed2_1m/runs/baseline_ppo_s2/config.json,/home/aaa/data/qj/stable-baselines3-master/risk_curriculum_metadrive/outputs/tuned_compare_baseline_nenv16_seed2_1m/runs/baseline_ppo_s2/model/final_model.zip
baseline,lower_bound,baseline,ppo,2,runtime_ttc,,,,,0.15,10000,10011,11,1.0,0.0,0.9923535025738419,0.0,0.0,0.0,0.0,1350.0,503.76602015062605,503.76602015062605,15.92085066113923,13.025682529514349,4.865716551980832,0.028148148148148148,0.0,992353.502573842,594.9453280783086,25.550800253790857,2.468307011365257,0.0026633953141195436,0.01282051282051282,240.0,209.0,31.0,0.0,17.77777777777778,403.3984110358631,0.45595513831358403,0.4218620160827413,0.6191629960085265,0.7664927531732246,5.01771747830962,6.928079994395375,5.473672616623204,7.40170225762995,0.45595513831358403,0.6191629960085265,/home/aaa/data/qj/stable-baselines3-master/risk_curriculum_metadrive/outputs/tuned_compare_baseline_nenv16_seed2_1m/runs/baseline_ppo_s2/config.json,/home/aaa/data/qj/stable-baselines3-master/risk_curriculum_metadrive/outputs/tuned_compare_baseline_nenv16_seed2_1m/runs/baseline_ppo_s2/model/final_model.zip
baseline,lower_bound,baseline,ppo,2,runtime_ttc,,,,,0.15,10000,10012,12,0.0,1.0,0.17333638410183733,0.0,0.0,0.0,1.0,83.0,42.81453973116431,42.81453973116431,34.91438212987837,40.23778591780207,9.732126209972343,0.0,1.0,0.17333638410183733,79.61809618297183,1.8909337893828537,1.8553544852628352,0.022475177426148043,1.0,3.0,0.0,3.0,0.0,3.614457831325301,37.67987610637717,0.407365289606513,0.38755801506340504,0.4922168009215966,0.7253873127046968,2.0145312753219877,2.4388333142269403,2.4218965649285007,2.8213021956617013,0.407365289606513,0.4922168009215966,/home/aaa/data/qj/stable-baselines3-master/risk_curriculum_metadrive/outputs/tuned_compare_baseline_nenv16_seed2_1m/runs/baseline_ppo_s2/config.json,/home/aaa/data/qj/stable-baselines3-master/risk_curriculum_metadrive/outputs/tuned_compare_baseline_nenv16_seed2_1m/runs/baseline_ppo_s2/model/final_model.zip
baseline,lower_bound,baseline,ppo,2,runtime_ttc,,,,,0.15,10000,10013,13,0.0,1.0,0.17717019592717606,0.0,0.0,0.0,1.0,120.0,50.86599636310765,50.86599636310765,30.573132433315585,25.6917038086893,13.846704396306531,0.0,1.0,0.17717019592717606,101.3215630689554,9.006781242319196,9.006781242319196,0.0,0.0,1.0,1.0,0.0,0.0,0.8333333333333334,9.869567441625827,0.40818327421826933,0.3883479948854074,0.499543099431321,0.6928814272396266,3.0440884496783838,3.9050065621268004,3.452271723896653,4.350599080498796,0.40818327421826933,0.499543099431321,/home/aaa/data/qj/stable-baselines3-master/risk_curriculum_metadrive/outputs/tuned_compare_baseline_nenv16_seed2_1m/runs/baseline_ppo_s2/config.json,/home/aaa/data/qj/stable-baselines3-master/risk_curriculum_metadrive/outputs/tuned_compare_baseline_nenv16_seed2_1m/runs/baseline_ppo_s2/model/final_model.zip
baseline,lower_bound,baseline,ppo,2,runtime_ttc,,,,,0.15,10000,10014,14,0.0,1.0,0.083742419659843,0.0,0.0,0.0,1.0,69.0,44.299827402016234,44.299827402016234,34.66414373222652,36.887929390146326,8.285635422489797,0.0,1.0,0.083742419659843,65.39222171323519,,,0.0,0.0,0.0,0.0,0.0,0.0,0.0,0.0,0.4325982620197254,0.3832399961538613,0.6409946014173322,0.7711611490231005,4.356071436474019,5.272472620708868,4.788669698493744,5.787768209120258,0.4325982620197254,0.6409946014173322,/home/aaa/data/qj/stable-baselines3-master/risk_curriculum_metadrive/outputs/tuned_compare_baseline_nenv16_seed2_1m/runs/baseline_ppo_s2/config.json,/home/aaa/data/qj/stable-baselines3-master/risk_curriculum_metadrive/outputs/tuned_compare_baseline_nenv16_seed2_1m/runs/baseline_ppo_s2/model/final_model.zip
baseline,lower_bound,baseline,ppo,2,runtime_ttc,,,,,0.15,10000,10015,15,1.0,0.0,0.9940212050114657,0.0,0.0,0.0,0.0,1488.0,674.1178149082336,674.1178149082336,17.144640974493598,14.500063290781785,7.650399449994858,0.0,0.0,994021.2050114658,707.0511268376201,44.91667646617098,0.3122314777668551,0.005683237718815387,0.020985401459854013,196.0,160.0,36.0,0.0,13.172043010752688,277.2076764471559,0.437930489844744,0.40839900611899793,0.5755449907155707,0.7169801896088749,4.91234320864067,6.809601510758512,5.350273698485414,7.238637463888153,0.437930489844744,0.5755449907155707,/home/aaa/data/qj/stable-baselines3-master/risk_curriculum_metadrive/outputs/tuned_compare_baseline_nenv16_seed2_1m/runs/baseline_ppo_s2/config.json,/home/aaa/data/qj/stable-baselines3-master/risk_curriculum_metadrive/outputs/tuned_compare_baseline_nenv16_seed2_1m/runs/baseline_ppo_s2/model/final_model.zip
baseline,lower_bound,baseline,ppo,2,runtime_ttc,,,,,0.15,10000,10016,16,0.0,1.0,0.2993279977637023,0.0,0.0,0.0,1.0,122.0,97.88266179511943,97.88266179511943,45.71926430959051,55.09153436843657,12.889702749517937,0.00819672131147541,0.0,0.2993279977637023,153.77777115495087,,,0.0,0.0,0.0,0.0,0.0,0.0,0.0,0.0,0.3974068765318571,0.38288699579425156,0.49694400076987205,0.6877503910800437,2.8123642870446393,3.431130340322852,3.2097711635764963,3.868301029433496,0.3974068765318571,0.49694400076987205,/home/aaa/data/qj/stable-baselines3-master/risk_curriculum_metadrive/outputs/tuned_compare_baseline_nenv16_seed2_1m/runs/baseline_ppo_s2/config.json,/home/aaa/data/qj/stable-baselines3-master/risk_curriculum_metadrive/outputs/tuned_compare_baseline_nenv16_seed2_1m/runs/baseline_ppo_s2/model/final_model.zip
baseline,lower_bound,baseline,ppo,2,runtime_ttc,,,,,0.15,10000,10017,17,0.0,0.0,0.515956680617334,0.0,0.0,0.0,0.0,1500.0,348.1866574161263,348.1866574161263,9.871277028495497,6.482806614060882,0.3210301755093441,0.246,0.0,515956.68061733403,408.70702476823027,105.59995554492598,0.40643331949732786,0.005579117401316018,0.012519561815336464,225.0,191.0,34.0,0.0,15.0,550.5165959102197,0.5003235245627972,0.49213599413633347,0.6447468011174351,0.7923148406553081,8.8394595606563,10.780830947624054,9.339783085219096,11.354550124087837,0.5003235245627972,0.6447468011174351,/home/aaa/data/qj/stable-baselines3-master/risk_curriculum_metadrive/outputs/tuned_compare_baseline_nenv16_seed2_1m/runs/baseline_ppo_s2/config.json,/home/aaa/data/qj/stable-baselines3-master/risk_curriculum_metadrive/outputs/tuned_compare_baseline_nenv16_seed2_1m/runs/baseline_ppo_s2/model/final_model.zip
baseline,lower_bound,baseline,ppo,2,runtime_ttc,,,,,0.15,10000,10018,18,0.0,1.0,0.8878677802202036,1.0,1.0,0.0,0.0,899.0,309.5326678654239,309.5326678654239,15.304007064002933,12.745114869920538,2.1476348973877215,0.04560622914349277,0.0,0.8878677802202036,380.75486480251135,40.585078476943444,5.348838619868394,0.0,0.0,121.0,116.0,5.0,0.0,13.459399332591767,317.7897676048338,0.43389141295821065,0.418640993302688,0.5269750079605728,0.6655549537390466,4.382971353220025,5.938729993067682,4.816862766178236,6.390272514545359,0.43389141295821065,0.5269750079605728,/home/aaa/data/qj/stable-baselines3-master/risk_curriculum_metadrive/outputs/tuned_compare_baseline_nenv16_seed2_1m/runs/baseline_ppo_s2/config.json,/home/aaa/data/qj/stable-baselines3-master/risk_curriculum_metadrive/outputs/tuned_compare_baseline_nenv16_seed2_1m/runs/baseline_ppo_s2/model/final_model.zip
baseline,lower_bound,baseline,ppo,2,runtime_ttc,,,,,0.15,10000,10019,19,0.0,1.0,0.1176398823956257,0.0,0.0,0.0,1.0,93.0,46.04300925323771,46.04300925323771,37.00153573395803,42.37805073743735,11.222613985118945,0.0,1.0,0.1176398823956257,94.64296365222822,2.6397514210758186,2.5992204805622654,0.015227410186607622,1.0,3.0,0.0,3.0,0.0,3.225806451612903,31.6980775351002,0.39083358045587296,0.37757400423288345,0.4579938016831875,0.7194239983800799,3.089711140160279,3.581925592152402,3.4805447206161517,3.987050399882719,0.39083358045587296,0.4579938016831875,/home/aaa/data/qj/stable-baselines3-master/risk_curriculum_metadrive/outputs/tuned_compare_baseline_nenv16_seed2_1m/runs/baseline_ppo_s2/config.json,/home/aaa/data/qj/stable-baselines3-master/risk_curriculum_metadrive/outputs/tuned_compare_baseline_nenv16_seed2_1m/runs/baseline_ppo_s2/model/final_model.zip
baseline,lower_bound,baseline,ppo,2,runtime_ttc,,,,,0.15,20000,20000,0,1.0,0.0,0.9883963574371915,0.0,0.0,0.0,0.0,503.0,303.3169621859604,303.3169621859604,24.379136279371593,24.34124463866172,11.433982556955945,0.013916500994035786,0.0,988396.3574371915,339.52549155027134,28.66873637396386,2.785104286206078,0.007173606755207164,0.051470588235294115,71.0,48.0,23.0,0.0,14.115308151093439,209.1153735638948,0.41759392653016103,0.3986280062235892,0.5177107086637989,0.7650296430801973,3.100057105637002,4.330471390858293,3.517651032167163,4.75450758531224,0.41759392653016103,0.5177107086637989,/home/aaa/data/qj/stable-baselines3-master/risk_curriculum_metadrive/outputs/tuned_compare_baseline_nenv16_seed2_1m/runs/baseline_ppo_s2/config.json,/home/aaa/data/qj/stable-baselines3-master/risk_curriculum_metadrive/outputs/tuned_compare_baseline_nenv16_seed2_1m/runs/baseline_ppo_s2/model/final_model.zip
baseline,lower_bound,baseline,ppo,2,runtime_ttc,,,,,0.15,20000,20001,1,0.0,1.0,0.37292371315182216,1.0,1.0,0.0,0.0,229.0,149.97382806940078,149.97382806940078,29.38383758021525,28.220745344277894,16.75483667866564,0.0,0.0,0.37292371315182216,186.23582644194994,22.77412528359492,0.4835535538892252,0.05119804618601131,0.37735849056603776,29.0,7.0,22.0,0.0,12.663755458515283,155.71654795990264,0.40200874567800504,0.3888850042130798,0.4818945948500186,0.6524503265973179,2.913655758826225,3.659698599949479,3.31566450450423,4.106153204338625,0.40200874567800504,0.4818945948500186,/home/aaa/data/qj/stable-baselines3-master/risk_curriculum_metadrive/outputs/tuned_compare_baseline_nenv16_seed2_1m/runs/baseline_ppo_s2/config.json,/home/aaa/data/qj/stable-baselines3-master/risk_curriculum_metadrive/outputs/tuned_compare_baseline_nenv16_seed2_1m/runs/baseline_ppo_s2/model/final_model.zip
baseline,lower_bound,baseline,ppo,2,runtime_ttc,,,,,0.15,20000,20002,2,1.0,0.0,0.9896704193067981,0.0,0.0,0.0,0.0,711.0,475.3754973369385,475.3754973369385,25.821861198750955,25.67038926048628,8.171137260897368,0.005625879043600563,0.0,989670.4193067981,508.5246020080973,37.65802383993678,1.6756411570902638,0.010308132927569314,0.05333333333333334,84.0,48.0,36.0,0.0,11.814345991561181,165.18374857046237,0.4728911941070057,0.42528798803687096,0.6680924852844328,1.3296012970386042,4.366945281969292,5.799769991426729,4.8398364760762975,6.380072503816336,0.4728911941070057,0.6680924852844328,/home/aaa/data/qj/stable-baselines3-master/risk_curriculum_metadrive/outputs/tuned_compare_baseline_nenv16_seed2_1m/runs/baseline_ppo_s2/config.json,/home/aaa/data/qj/stable-baselines3-master/risk_curriculum_metadrive/outputs/tuned_compare_baseline_nenv16_seed2_1m/runs/baseline_ppo_s2/model/final_model.zip
baseline,lower_bound,baseline,ppo,2,runtime_ttc,,,,,0.15,20000,20003,3,0.0,1.0,0.21163518620233107,1.0,1.0,0.0,0.0,508.0,80.07144172448643,80.07144172448643,9.983209382749385,3.3881083163633265,0.5321574797026557,0.18700787401574803,0.0,0.21163518620233107,140.46636509555103,94.49357461550176,3.574163409997554,0.001334611225489596,0.006396588486140725,65.0,58.0,7.0,0.0,12.795275590551181,462.744230305841,0.4681477066625357,0.4329584917286411,0.6101901512010953,1.0579390259226786,4.236018946809112,4.449085636588279,4.704166653471647,5.077177341445349,0.4681477066625357,0.6101901512010953,/home/aaa/data/qj/stable-baselines3-master/risk_curriculum_metadrive/outputs/tuned_compare_baseline_nenv16_seed2_1m/runs/baseline_ppo_s2/config.json,/home/aaa/data/qj/stable-baselines3-master/risk_curriculum_metadrive/outputs/tuned_compare_baseline_nenv16_seed2_1m/runs/baseline_ppo_s2/model/final_model.zip
baseline,lower_bound,baseline,ppo,2,runtime_ttc,,,,,0.15,20000,20004,4,1.0,0.0,0.9913324212617038,0.0,0.0,0.0,0.0,693.0,400.4514347039718,400.4514347039718,26.13832477929459,29.638913332185847,10.153848965295047,0.007215007215007215,0.0,991332.421261704,501.98373961135877,28.70489038365323,2.5179154401518904,0.005076963257460178,0.01967799642218247,108.0,88.0,20.0,0.0,15.584415584415584,215.14641108418127,0.42427957714279957,0.40002400055527687,0.5277436051983384,0.7625431590713592,3.0227866737137736,3.994215402053669,3.4470662508565733,4.460153600666672,0.42427957714279957,0.5277436051983384,/home/aaa/data/qj/stable-baselines3-master/risk_curriculum_metadrive/outputs/tuned_compare_baseline_nenv16_seed2_1m/runs/baseline_ppo_s2/config.json,/home/aaa/data/qj/stable-baselines3-master/risk_curriculum_metadrive/outputs/tuned_compare_baseline_nenv16_seed2_1m/runs/baseline_ppo_s2/model/final_model.zip
baseline,lower_bound,baseline,ppo,2,runtime_ttc,,,,,0.15,20000,20005,5,1.0,0.0,0.9932050204112749,0.0,0.0,0.0,0.0,1349.0,439.40122087428426,439.40122087428426,15.44952510398197,12.319816354306747,5.633082173608492,0.005189028910303929,0.0,993205.020411275,577.5572066207595,28.17224582769118,1.760637295995806,0.003860232440908593,0.013357079252003561,229.0,198.0,31.0,0.0,16.975537435137138,396.49751985584334,0.478686755818223,0.43467499199323356,0.6712575908750296,1.036755589302629,5.759439510697177,8.260415802942589,6.2381262665154,8.903788391035048,0.478686755818223,0.6712575908750296,/home/aaa/data/qj/stable-baselines3-master/risk_curriculum_metadrive/outputs/tuned_compare_baseline_nenv16_seed2_1m/runs/baseline_ppo_s2/config.json,/home/aaa/data/qj/stable-baselines3-master/risk_curriculum_metadrive/outputs/tuned_compare_baseline_nenv16_seed2_1m/runs/baseline_ppo_s2/model/final_model.zip
baseline,lower_bound,baseline,ppo,2,runtime_ttc,,,,,0.15,20000,20006,6,0.0,1.0,0.11527594161070069,0.0,0.0,0.0,1.0,72.0,38.37217483175434,38.37217483175434,33.04212909872471,35.56109652101756,7.9290716320123344,0.013888888888888888,1.0,0.11527594161070069,65.12432384611458,,,0.0,0.0,0.0,0.0,0.0,0.0,0.0,0.0,0.4039768605758177,0.3788235044339672,0.48106788017321384,0.7813637159415535,2.5967984588027724,3.227096547198016,3.00077531937859,3.605784989485983,0.4039768605758177,0.48106788017321384,/home/aaa/data/qj/stable-baselines3-master/risk_curriculum_metadrive/outputs/tuned_compare_baseline_nenv16_seed2_1m/runs/baseline_ppo_s2/config.json,/home/aaa/data/qj/stable-baselines3-master/risk_curriculum_metadrive/outputs/tuned_compare_baseline_nenv16_seed2_1m/runs/baseline_ppo_s2/model/final_model.zip
baseline,lower_bound,baseline,ppo,2,runtime_ttc,,,,,0.15,20000,20007,7,1.0,0.0,0.989040444593322,0.0,0.0,0.0,0.0,779.0,356.7774607422491,356.7774607422491,20.375619249061817,21.17547365540318,0.014815358460541203,0.17073170731707318,0.0,989040.444593322,439.50958342339374,24.687548871116512,0.47050959209744914,0.05485430066291857,0.2239819004524887,194.0,60.0,134.0,0.0,24.90372272143774,441.401069093671,0.4396434096692414,0.4076890181750059,0.5844989791512488,0.7899462612113002,3.1777714726659174,4.280905006453395,3.6174148823351593,4.71787610440515,0.4396434096692414,0.5844989791512488,/home/aaa/data/qj/stable-baselines3-master/risk_curriculum_metadrive/outputs/tuned_compare_baseline_nenv16_seed2_1m/runs/baseline_ppo_s2/config.json,/home/aaa/data/qj/stable-baselines3-master/risk_curriculum_metadrive/outputs/tuned_compare_baseline_nenv16_seed2_1m/runs/baseline_ppo_s2/model/final_model.zip
baseline,lower_bound,baseline,ppo,2,runtime_ttc,,,,,0.15,20000,20008,8,1.0,0.0,0.9939165377420793,0.0,0.0,0.0,0.0,1104.0,646.482843935517,646.482843935517,22.000406157523752,21.150586894173117,6.436009517790219,0.019927536231884056,0.0,993916.5377420794,673.2454840826222,37.815323178476426,1.1371729772305064,0.011323636096483349,0.03424657534246575,168.0,117.0,51.0,0.0,15.217391304347828,249.53750745007991,0.4532196964936557,0.41679850255604833,0.604985188692808,0.9658586190198554,4.816756180804552,6.230114822392351,5.269975877298208,6.738280564604793,0.4532196964936557,0.604985188692808,/home/aaa/data/qj/stable-baselines3-master/risk_curriculum_metadrive/outputs/tuned_compare_baseline_nenv16_seed2_1m/runs/baseline_ppo_s2/config.json,/home/aaa/data/qj/stable-baselines3-master/risk_curriculum_metadrive/outputs/tuned_compare_baseline_nenv16_seed2_1m/runs/baseline_ppo_s2/model/final_model.zip
baseline,lower_bound,baseline,ppo,2,runtime_ttc,,,,,0.15,20000,20009,9,0.0,1.0,0.3703717814341618,0.0,0.0,0.0,1.0,117.0,95.53650574220717,95.53650574220717,49.71549928929266,54.93696460027792,12.887635836303573,0.0,0.0,0.3703717814341618,160.43646920445644,,,0.0,0.0,0.0,0.0,0.0,0.0,0.0,0.0,0.43951486273167223,0.3970889956690371,0.6042435998097053,1.1984379228670161,3.1235769421407458,3.9361721894238144,3.563091804872418,4.378113412531093,0.43951486273167223,0.6042435998097053,/home/aaa/data/qj/stable-baselines3-master/risk_curriculum_metadrive/outputs/tuned_compare_baseline_nenv16_seed2_1m/runs/baseline_ppo_s2/config.json,/home/aaa/data/qj/stable-baselines3-master/risk_curriculum_metadrive/outputs/tuned_compare_baseline_nenv16_seed2_1m/runs/baseline_ppo_s2/model/final_model.zip
baseline,lower_bound,baseline,ppo,2,runtime_ttc,,,,,0.15,20000,20010,10,1.0,0.0,0.9912819152552271,0.0,0.0,0.0,0.0,550.0,392.34450656321945,392.34450656321945,29.370474204122484,31.332147776987945,5.578871721175663,0.05272727272727273,0.0,991281.9152552271,447.37187320765,37.556030651499555,2.5816849798568935,0.008246015651055223,0.04727272727272727,65.0,45.0,20.0,0.0,11.818181818181818,145.29299648176564,0.4143401838585057,0.39189448580145836,0.5026758895837702,0.8260979436454359,2.552676487195475,3.7252768423059024,2.9670166710539805,4.15553979401011,0.4143401838585057,0.5026758895837702,/home/aaa/data/qj/stable-baselines3-master/risk_curriculum_metadrive/outputs/tuned_compare_baseline_nenv16_seed2_1m/runs/baseline_ppo_s2/config.json,/home/aaa/data/qj/stable-baselines3-master/risk_curriculum_metadrive/outputs/tuned_compare_baseline_nenv16_seed2_1m/runs/baseline_ppo_s2/model/final_model.zip
baseline,lower_bound,baseline,ppo,2,runtime_ttc,,,,,0.15,20000,20011,11,1.0,0.0,0.9927186865701794,0.0,0.0,0.0,0.0,805.0,322.8374685766365,322.8374685766365,24.882852466508023,26.17548344884808,2.0437792166065787,0.0906832298136646,0.0,992718.6865701794,554.9644171614138,50.11737489745589,0.04275259476809399,0.025934124705368447,0.13774104683195593,137.0,64.0,73.0,0.0,17.018633540372672,246.86267400843636,0.46860292685501603,0.42940001003444195,0.6331970042083408,0.9268400701694193,6.55767514391351,8.617418183712289,7.026278070768527,9.115996421314776,0.46860292685501603,0.6331970042083408,/home/aaa/data/qj/stable-baselines3-master/risk_curriculum_metadrive/outputs/tuned_compare_baseline_nenv16_seed2_1m/runs/baseline_ppo_s2/config.json,/home/aaa/data/qj/stable-baselines3-master/risk_curriculum_metadrive/outputs/tuned_compare_baseline_nenv16_seed2_1m/runs/baseline_ppo_s2/model/final_model.zip
baseline,lower_bound,baseline,ppo,2,runtime_ttc,,,,,0.15,20000,20012,12,0.0,1.0,0.1333721707378117,0.0,0.0,0.0,1.0,78.0,42.851313856110316,42.851313856110316,34.141688103768345,35.62633673146429,9.095342083302514,0.0,1.0,0.1333721707378117,73.30796756360058,,,0.0,0.0,0.0,0.0,0.0,0.0,0.0,0.0,0.3890519505008482,0.3788530011661351,0.4535917512839659,0.7045352083514447,2.1315081804716147,2.5432228940189816,2.520560130972463,2.933373747509904,0.3890519505008482,0.4535917512839659,/home/aaa/data/qj/stable-baselines3-master/risk_curriculum_metadrive/outputs/tuned_compare_baseline_nenv16_seed2_1m/runs/baseline_ppo_s2/config.json,/home/aaa/data/qj/stable-baselines3-master/risk_curriculum_metadrive/outputs/tuned_compare_baseline_nenv16_seed2_1m/runs/baseline_ppo_s2/model/final_model.zip
baseline,lower_bound,baseline,ppo,2,runtime_ttc,,,,,0.15,20000,20013,13,0.0,1.0,0.12206884680784934,0.0,0.0,0.0,1.0,86.0,65.43747300524582,65.43747300524582,38.01529133485211,42.8107373973044,9.404418454817726,0.011627906976744186,1.0,0.12206884680784934,89.59632679782192,,,0.0,0.0,0.0,0.0,0.0,0.0,0.0,0.0,0.40340684773941893,0.37816999247297645,0.517400236276444,0.7086593410349452,2.7029222584069643,2.913463511504233,3.106329106146383,3.3687192626530305,0.40340684773941893,0.517400236276444,/home/aaa/data/qj/stable-baselines3-master/risk_curriculum_metadrive/outputs/tuned_compare_baseline_nenv16_seed2_1m/runs/baseline_ppo_s2/config.json,/home/aaa/data/qj/stable-baselines3-master/risk_curriculum_metadrive/outputs/tuned_compare_baseline_nenv16_seed2_1m/runs/baseline_ppo_s2/model/final_model.zip
baseline,lower_bound,baseline,ppo,2,runtime_ttc,,,,,0.15,20000,20014,14,1.0,0.0,0.9915944007249242,0.0,0.0,0.0,0.0,941.0,494.81286673346006,494.81286673346006,20.62087106143785,19.108247669735743,8.598559297844467,0.0010626992561105207,0.0,991594.4007249243,537.8907877122334,58.89060156256246,3.358801724439035,0.0010424527617859407,0.009987515605493134,153.0,132.0,21.0,0.0,16.259298618490966,284.44435839985715,0.4412667866891268,0.40778398397378623,0.5945320008322597,1.1105478042736678,3.572866907789878,4.585321992635727,4.014133694479004,5.081165989395231,0.4412667866891268,0.5945320008322597,/home/aaa/data/qj/stable-baselines3-master/risk_curriculum_metadrive/outputs/tuned_compare_baseline_nenv16_seed2_1m/runs/baseline_ppo_s2/config.json,/home/aaa/data/qj/stable-baselines3-master/risk_curriculum_metadrive/outputs/tuned_compare_baseline_nenv16_seed2_1m/runs/baseline_ppo_s2/model/final_model.zip
baseline,lower_bound,baseline,ppo,2,runtime_ttc,,,,,0.15,20000,20015,15,0.0,1.0,0.12099879929359632,1.0,1.0,0.0,0.0,85.0,43.05797458528372,43.05797458528372,33.26436707129799,32.10265665251183,10.11337012573524,0.0,1.0,0.12099879929359632,77.80940854284064,1.657574729639599,0.19974410560224362,0.07078077043116142,1.0,8.0,0.0,8.0,0.0,9.411764705882353,102.81532978875332,0.4102956469389884,0.37740101106464863,0.4987556079868226,0.9596822410821884,1.9634239991907687,2.270652982406318,2.373719646129757,2.718212001491338,0.4102956469389884,0.4987556079868226,/home/aaa/data/qj/stable-baselines3-master/risk_curriculum_metadrive/outputs/tuned_compare_baseline_nenv16_seed2_1m/runs/baseline_ppo_s2/config.json,/home/aaa/data/qj/stable-baselines3-master/risk_curriculum_metadrive/outputs/tuned_compare_baseline_nenv16_seed2_1m/runs/baseline_ppo_s2/model/final_model.zip
baseline,lower_bound,baseline,ppo,2,runtime_ttc,,,,,0.15,20000,20016,16,0.0,0.0,0.7255270034517021,0.0,0.0,0.0,0.0,1500.0,379.11198474264216,379.11198474264216,12.502738388454294,8.006493358751342,2.3453922742531677,0.029333333333333333,0.0,725527.0034517021,519.9456610246291,52.61791898782922,2.1187084235683495,0.0014336735888377155,0.003808073115003808,195.0,183.0,12.0,0.0,13.0,375.039190856452,0.46191690237416577,0.4266440082574263,0.6071699055610223,0.9625865388079543,6.205736387540431,8.212391879351344,6.667653289914597,8.724996632372495,0.46191690237416577,0.6071699055610223,/home/aaa/data/qj/stable-baselines3-master/risk_curriculum_metadrive/outputs/tuned_compare_baseline_nenv16_seed2_1m/runs/baseline_ppo_s2/config.json,/home/aaa/data/qj/stable-baselines3-master/risk_curriculum_metadrive/outputs/tuned_compare_baseline_nenv16_seed2_1m/runs/baseline_ppo_s2/model/final_model.zip
baseline,lower_bound,baseline,ppo,2,runtime_ttc,,,,,0.15,20000,20017,17,0.0,1.0,0.1132726642384304,0.0,0.0,0.0,1.0,73.0,42.469449974159936,42.469449974159936,31.973104126941713,33.34532112318301,8.623897867896778,0.0,1.0,0.1132726642384304,63.9274331271749,10.342947665312497,5.250059805700958,0.0,0.0,4.0,1.0,3.0,0.0,5.47945205479452,62.57094652999044,0.4384960550240764,0.4016880120616406,0.6070602103136468,0.7590154104400427,3.325083576085378,3.9945632044691592,3.763579631109454,4.452050616964697,0.4384960550240764,0.6070602103136468,/home/aaa/data/qj/stable-baselines3-master/risk_curriculum_metadrive/outputs/tuned_compare_baseline_nenv16_seed2_1m/runs/baseline_ppo_s2/config.json,/home/aaa/data/qj/stable-baselines3-master/risk_curriculum_metadrive/outputs/tuned_compare_baseline_nenv16_seed2_1m/runs/baseline_ppo_s2/model/final_model.zip
baseline,lower_bound,baseline,ppo,2,runtime_ttc,,,,,0.15,20000,20018,18,0.0,1.0,0.12591976964596918,0.0,0.0,0.0,1.0,121.0,41.38775895722984,41.38775895722984,32.76438750606398,30.055806048531053,13.385641332543479,0.0,1.0,0.12591976964596918,109.43594741123503,,,0.0,0.0,0.0,0.0,0.0,0.0,0.0,0.0,0.43410318278253446,0.3859160060528666,0.6534569838549942,0.7357697992119937,3.527193039911607,6.801737996283919,3.9612962226941413,7.413380983052775,0.43410318278253446,0.6534569838549942,/home/aaa/data/qj/stable-baselines3-master/risk_curriculum_metadrive/outputs/tuned_compare_baseline_nenv16_seed2_1m/runs/baseline_ppo_s2/config.json,/home/aaa/data/qj/stable-baselines3-master/risk_curriculum_metadrive/outputs/tuned_compare_baseline_nenv16_seed2_1m/runs/baseline_ppo_s2/model/final_model.zip
baseline,lower_bound,baseline,ppo,2,runtime_ttc,,,,,0.15,20000,20019,19,0.0,1.0,0.2539206114613274,1.0,1.0,0.0,0.0,176.0,113.2355034659024,113.2355034659024,30.25797730475564,31.978972810468356,11.215401415128087,0.0,0.0,0.2539206114613274,147.22608688269176,24.221024603637414,3.834303458752152,0.0016857447180514517,0.014814814814814815,22.0,18.0,4.0,0.0,12.5,149.43003964731722,0.4587726585172773,0.4452119901543483,0.5778854902018793,1.105745483073406,2.926330225322586,3.639837756054476,3.3851028838398634,4.078936246514786,0.4587726585172773,0.5778854902018793,/home/aaa/data/qj/stable-baselines3-master/risk_curriculum_metadrive/outputs/tuned_compare_baseline_nenv16_seed2_1m/runs/baseline_ppo_s2/config.json,/home/aaa/data/qj/stable-baselines3-master/risk_curriculum_metadrive/outputs/tuned_compare_baseline_nenv16_seed2_1m/runs/baseline_ppo_s2/model/final_model.zip
