label,role,variant,algo,train_seed,action_filter,density,scenario_start_seed,map_seed,episode,success,cost,route_completion,collision,crash_vehicle,crash_object,out_of_road,episode_length,reward,shaped_reward,mean_speed_kmh,median_speed_kmh,p10_speed_kmh,stop_ratio,low_progress,progress_per_cost,path_length_m,mean_ttc,min_ttc,ttc_risk_mean,ttc_dangerous_fraction,intervention_count,soft_guard_count,hard_shield_count,overspeed_guard_count,intervention_rate_per_100_steps,intervention_rate_per_km,policy_inference_ms_mean,policy_inference_ms_p50,policy_inference_ms_p95,policy_inference_ms_p99,env_step_wall_ms_mean,env_step_wall_ms_p95,control_loop_wall_ms_mean,control_loop_wall_ms_p95,total_action_latency_ms_mean,total_action_latency_ms_p95,source_config_json,source_model_path
rcpo_lagrangian,external_safe_rl,rcpo_lagrangian,ppo,0,none,0.08,10000,10000,0,0.0,1.0,0.41148317684329366,0.0,0.0,0.0,1.0,157.0,120.715749072784,52.65236984169081,49.90143501245784,59.732169316382794,17.64460220804195,0.0,0.0,0.41148317684329366,216.25352151059394,2.305605905699945,0.229065362066884,0.10002193558243924,0.9310344827586207,0.0,0.0,0.0,0.0,0.0,0.0,1.0749145284344022,0.41628799226600677,0.6934982025995848,0.8282922342186794,2.5369925800767272,3.3127834030892696,3.611907108511129,3.7502507941098884,1.0749145284344022,0.6934982025995848,/home/aaa/data/qj/stable-baselines3-master/risk_curriculum_metadrive/outputs/ijmlc_p2_external_baselines/rcpo_lagrangian_1m_nenv16/rcpo_lagrangian_ppo_s0/config.json,/home/aaa/data/qj/stable-baselines3-master/risk_curriculum_metadrive/outputs/ijmlc_p2_external_baselines/rcpo_lagrangian_1m_nenv16/rcpo_lagrangian_ppo_s0/model/final_model.zip
rcpo_lagrangian,external_safe_rl,rcpo_lagrangian,ppo,0,none,0.08,10000,10001,1,0.0,1.0,0.3223118616635224,0.0,0.0,0.0,1.0,130.0,77.05074190962718,28.144726804719266,46.44420356317927,55.66539956802372,14.767272419235113,0.0,0.0,0.3223118616635224,166.1983324818587,7.9309166970503,0.027215589829085764,0.13047389233798895,0.5641025641025641,0.0,0.0,0.0,0.0,0.0,0.0,0.42862443739208034,0.3975949948653579,0.6099419464590028,0.6688588505494407,1.9286232616510601,2.251184295164421,2.3572476990431404,2.7459860044473317,0.42862443739208034,0.6099419464590028,/home/aaa/data/qj/stable-baselines3-master/risk_curriculum_metadrive/outputs/ijmlc_p2_external_baselines/rcpo_lagrangian_1m_nenv16/rcpo_lagrangian_ppo_s0/config.json,/home/aaa/data/qj/stable-baselines3-master/risk_curriculum_metadrive/outputs/ijmlc_p2_external_baselines/rcpo_lagrangian_1m_nenv16/rcpo_lagrangian_ppo_s0/model/final_model.zip
rcpo_lagrangian,external_safe_rl,rcpo_lagrangian,ppo,0,none,0.08,10000,10002,2,0.0,1.0,0.5884075090875446,1.0,1.0,0.0,0.0,239.0,169.2278179807108,82.16613426298181,49.575588534218056,55.20639857204166,23.75278555194377,0.0041841004184100415,0.0,0.5884075090875446,327.93906275526626,6.92505316938015,0.7413364075842328,0.10524485002832731,0.6666666666666666,0.0,0.0,0.0,0.0,0.0,0.0,0.45967368551755955,0.4218949907226488,0.6403752966434695,0.737055891659111,2.8852121715743686,4.045749991200864,3.344885857091928,4.608787402685266,0.45967368551755955,0.6403752966434695,/home/aaa/data/qj/stable-baselines3-master/risk_curriculum_metadrive/outputs/ijmlc_p2_external_baselines/rcpo_lagrangian_1m_nenv16/rcpo_lagrangian_ppo_s0/config.json,/home/aaa/data/qj/stable-baselines3-master/risk_curriculum_metadrive/outputs/ijmlc_p2_external_baselines/rcpo_lagrangian_1m_nenv16/rcpo_lagrangian_ppo_s0/model/final_model.zip
rcpo_lagrangian,external_safe_rl,rcpo_lagrangian,ppo,0,none,0.08,10000,10003,3,0.0,1.0,0.3575754547938304,0.0,0.0,0.0,1.0,118.0,104.69648945089868,43.02550836926429,51.49110217160375,63.92178607930924,13.960547030644316,0.0,0.0,0.3575754547938304,167.2203587261411,,,0.0,0.0,0.0,0.0,0.0,0.0,0.0,0.0,0.38902666957425425,0.3704444970935583,0.6009605560393538,0.6515477150969673,1.0514960169715222,1.2886576500022784,1.4405226865457765,1.7846657072368541,0.38902666957425425,0.6009605560393538,/home/aaa/data/qj/stable-baselines3-master/risk_curriculum_metadrive/outputs/ijmlc_p2_external_baselines/rcpo_lagrangian_1m_nenv16/rcpo_lagrangian_ppo_s0/config.json,/home/aaa/data/qj/stable-baselines3-master/risk_curriculum_metadrive/outputs/ijmlc_p2_external_baselines/rcpo_lagrangian_1m_nenv16/rcpo_lagrangian_ppo_s0/model/final_model.zip
rcpo_lagrangian,external_safe_rl,rcpo_lagrangian,ppo,0,none,0.08,10000,10004,4,0.0,1.0,0.6261153966920047,0.0,0.0,0.0,1.0,206.0,158.87402522344357,78.1704745124819,62.162700490368834,71.07710866388396,23.56374833207355,0.0,0.0,0.6261153966920047,354.1104264452867,2.6917943829661173,0.02017764830305713,0.20589898530179085,0.8690476190476191,0.0,0.0,0.0,0.0,0.0,0.0,0.4324716648925548,0.40730799810262397,0.6254569998418447,0.6841598020400852,2.503224932368239,3.705200502736261,2.935696597260794,4.120320507354336,0.4324716648925548,0.6254569998418447,/home/aaa/data/qj/stable-baselines3-master/risk_curriculum_metadrive/outputs/ijmlc_p2_external_baselines/rcpo_lagrangian_1m_nenv16/rcpo_lagrangian_ppo_s0/config.json,/home/aaa/data/qj/stable-baselines3-master/risk_curriculum_metadrive/outputs/ijmlc_p2_external_baselines/rcpo_lagrangian_1m_nenv16/rcpo_lagrangian_ppo_s0/model/final_model.zip
rcpo_lagrangian,external_safe_rl,rcpo_lagrangian,ppo,0,none,0.08,10000,10005,5,0.0,1.0,0.15521239773992299,1.0,1.0,0.0,0.0,70.0,27.816967842792565,-1.485144146406025,38.14044160251757,38.59991474873118,8.553281808046496,0.0,1.0,0.15521239773992299,72.63019679414974,9.766871853140415,0.21809211833432635,0.2527627531964421,0.6363636363636364,0.0,0.0,0.0,0.0,0.0,0.0,0.4938494143841256,0.4960879959980957,0.6624673980695661,0.6739839524379931,1.761711598997603,2.1856670959095936,2.2555610133817288,2.6275454969436396,0.4938494143841256,0.6624673980695661,/home/aaa/data/qj/stable-baselines3-master/risk_curriculum_metadrive/outputs/ijmlc_p2_external_baselines/rcpo_lagrangian_1m_nenv16/rcpo_lagrangian_ppo_s0/config.json,/home/aaa/data/qj/stable-baselines3-master/risk_curriculum_metadrive/outputs/ijmlc_p2_external_baselines/rcpo_lagrangian_1m_nenv16/rcpo_lagrangian_ppo_s0/model/final_model.zip
rcpo_lagrangian,external_safe_rl,rcpo_lagrangian,ppo,0,none,0.08,10000,10006,6,0.0,1.0,0.14693554292249755,1.0,1.0,0.0,0.0,82.0,66.5167900934428,17.61646133439633,39.234294685239576,45.072965259524224,10.061736910904598,0.0,1.0,0.14693554292249755,88.17491372683182,14.909331860330116,0.5262676448905155,0.12641701113883835,0.39473684210526316,0.0,0.0,0.0,0.0,0.0,0.0,0.44999992731879124,0.39936500252224505,0.6424871971830726,0.8404722405248306,1.607249560836907,1.922569801536156,2.057249488155698,2.430759384878911,0.44999992731879124,0.6424871971830726,/home/aaa/data/qj/stable-baselines3-master/risk_curriculum_metadrive/outputs/ijmlc_p2_external_baselines/rcpo_lagrangian_1m_nenv16/rcpo_lagrangian_ppo_s0/config.json,/home/aaa/data/qj/stable-baselines3-master/risk_curriculum_metadrive/outputs/ijmlc_p2_external_baselines/rcpo_lagrangian_1m_nenv16/rcpo_lagrangian_ppo_s0/model/final_model.zip
rcpo_lagrangian,external_safe_rl,rcpo_lagrangian,ppo,0,none,0.08,10000,10007,7,0.0,1.0,0.13337630032692807,1.0,1.0,0.0,0.0,93.0,82.57921197354483,25.24089499658027,41.85481247676334,45.51448062944109,10.277763416083532,0.0,1.0,0.13337630032692807,106.84633698748614,6.076821557034672,0.4472992529245002,0.18295144578994385,0.4342105263157895,0.0,0.0,0.0,0.0,0.0,0.0,0.47684075393443626,0.42625000060070306,0.6410296045942231,0.6797288468806073,2.6927671399310493,2.9289157886523753,3.1696078938654852,3.4751037921523675,0.47684075393443626,0.6410296045942231,/home/aaa/data/qj/stable-baselines3-master/risk_curriculum_metadrive/outputs/ijmlc_p2_external_baselines/rcpo_lagrangian_1m_nenv16/rcpo_lagrangian_ppo_s0/config.json,/home/aaa/data/qj/stable-baselines3-master/risk_curriculum_metadrive/outputs/ijmlc_p2_external_baselines/rcpo_lagrangian_1m_nenv16/rcpo_lagrangian_ppo_s0/model/final_model.zip
rcpo_lagrangian,external_safe_rl,rcpo_lagrangian,ppo,0,none,0.08,10000,10008,8,0.0,1.0,0.13920945463025042,0.0,0.0,0.0,1.0,71.0,35.023385803472074,1.6379765406435531,35.25917086163157,37.909503393113205,8.445871382180622,0.0,1.0,0.13920945463025042,68.39222919193045,13.131066057825878,1.5139651091382298,0.12429043496265965,0.5581395348837209,0.0,0.0,0.0,0.0,0.0,0.0,0.46058036702599797,0.4235700034769252,0.6374694930855185,0.6959201957215553,1.5064397181997495,1.724535002722405,1.9670200852257476,2.326339999854099,0.46058036702599797,0.6374694930855185,/home/aaa/data/qj/stable-baselines3-master/risk_curriculum_metadrive/outputs/ijmlc_p2_external_baselines/rcpo_lagrangian_1m_nenv16/rcpo_lagrangian_ppo_s0/config.json,/home/aaa/data/qj/stable-baselines3-master/risk_curriculum_metadrive/outputs/ijmlc_p2_external_baselines/rcpo_lagrangian_1m_nenv16/rcpo_lagrangian_ppo_s0/model/final_model.zip
rcpo_lagrangian,external_safe_rl,rcpo_lagrangian,ppo,0,none,0.08,10000,10009,9,0.0,1.0,0.38651046202519296,0.0,0.0,0.0,1.0,130.0,94.74826991103782,38.91944881627472,49.35930264177129,59.655562664572656,14.784950282691158,0.0,0.0,0.38651046202519296,176.83646885916096,5.346434550701735,5.32286774009647,0.0,0.0,0.0,0.0,0.0,0.0,0.0,0.0,0.393883084717135,0.38172449421836063,0.5988317941955756,0.6402189095388165,1.4372047995073864,1.6891913997824304,1.8310878842245215,2.1697704010875896,0.393883084717135,0.5988317941955756,/home/aaa/data/qj/stable-baselines3-master/risk_curriculum_metadrive/outputs/ijmlc_p2_external_baselines/rcpo_lagrangian_1m_nenv16/rcpo_lagrangian_ppo_s0/config.json,/home/aaa/data/qj/stable-baselines3-master/risk_curriculum_metadrive/outputs/ijmlc_p2_external_baselines/rcpo_lagrangian_1m_nenv16/rcpo_lagrangian_ppo_s0/model/final_model.zip
rcpo_lagrangian,external_safe_rl,rcpo_lagrangian,ppo,0,none,0.08,10000,10010,10,0.0,1.0,0.28924056266143416,1.0,1.0,0.0,0.0,144.0,74.09749421989585,25.625963989790918,42.567749682484454,50.22553741893476,15.235632996401053,0.006944444444444444,0.0,0.28924056266143416,169.32459824034046,3.23171530739508,0.22867769702861301,0.0824945339581245,0.9333333333333333,0.0,0.0,0.0,0.0,0.0,0.0,0.45519158245749874,0.41310799861093983,0.6613482568354812,0.7085583647130989,2.4636223610691053,3.0184479051968083,2.918813943526604,3.5645519470563154,0.45519158245749874,0.6613482568354812,/home/aaa/data/qj/stable-baselines3-master/risk_curriculum_metadrive/outputs/ijmlc_p2_external_baselines/rcpo_lagrangian_1m_nenv16/rcpo_lagrangian_ppo_s0/config.json,/home/aaa/data/qj/stable-baselines3-master/risk_curriculum_metadrive/outputs/ijmlc_p2_external_baselines/rcpo_lagrangian_1m_nenv16/rcpo_lagrangian_ppo_s0/model/final_model.zip
rcpo_lagrangian,external_safe_rl,rcpo_lagrangian,ppo,0,none,0.08,10000,10011,11,0.0,1.0,0.3369230059325139,1.0,1.0,0.0,0.0,148.0,119.31208547599292,49.71373291597185,49.64866046730935,56.13876091930871,16.97591738544702,0.0,0.0,0.3369230059325139,202.94191310047688,3.5414875858712263,0.11980821130846978,0.1039957636992136,0.725,0.0,0.0,0.0,0.0,0.0,0.0,0.44703995219016496,0.4030149939353578,0.6981484482821544,0.7572189001075458,2.4220258850176393,3.2645758954458874,2.869065837207804,3.7748648057458922,0.44703995219016496,0.6981484482821544,/home/aaa/data/qj/stable-baselines3-master/risk_curriculum_metadrive/outputs/ijmlc_p2_external_baselines/rcpo_lagrangian_1m_nenv16/rcpo_lagrangian_ppo_s0/config.json,/home/aaa/data/qj/stable-baselines3-master/risk_curriculum_metadrive/outputs/ijmlc_p2_external_baselines/rcpo_lagrangian_1m_nenv16/rcpo_lagrangian_ppo_s0/model/final_model.zip
rcpo_lagrangian,external_safe_rl,rcpo_lagrangian,ppo,0,none,0.08,10000,10012,12,0.0,1.0,0.17013010961603706,0.0,0.0,0.0,1.0,82.0,41.05876009442622,5.583283335694212,35.87344361775259,42.38060381701235,9.62835526733825,0.0,1.0,0.17013010961603706,80.74627320506502,,,0.0,0.0,0.0,0.0,0.0,0.0,0.0,0.0,0.3995586097206375,0.38578399835387245,0.5408382974565029,0.6356628706271293,1.4038322574711724,1.7369739449350163,1.8033908671918097,2.1616373560391366,0.3995586097206375,0.5408382974565029,/home/aaa/data/qj/stable-baselines3-master/risk_curriculum_metadrive/outputs/ijmlc_p2_external_baselines/rcpo_lagrangian_1m_nenv16/rcpo_lagrangian_ppo_s0/config.json,/home/aaa/data/qj/stable-baselines3-master/risk_curriculum_metadrive/outputs/ijmlc_p2_external_baselines/rcpo_lagrangian_1m_nenv16/rcpo_lagrangian_ppo_s0/model/final_model.zip
rcpo_lagrangian,external_safe_rl,rcpo_lagrangian,ppo,0,none,0.08,10000,10013,13,0.0,1.0,0.14780722143193314,0.0,0.0,0.0,1.0,85.0,40.684092433458375,4.726262859687186,37.561084447079025,43.870318094487864,10.106321808535837,0.0,1.0,0.14780722143193314,87.70569384726531,,,0.0,0.0,0.0,0.0,0.0,0.0,0.0,0.0,0.3837480706244926,0.38456400216091424,0.542205391684547,0.6074887537397443,1.5248197408201283,1.8007206002948806,1.908567811444621,2.23910239583347,0.3837480706244926,0.542205391684547,/home/aaa/data/qj/stable-baselines3-master/risk_curriculum_metadrive/outputs/ijmlc_p2_external_baselines/rcpo_lagrangian_1m_nenv16/rcpo_lagrangian_ppo_s0/config.json,/home/aaa/data/qj/stable-baselines3-master/risk_curriculum_metadrive/outputs/ijmlc_p2_external_baselines/rcpo_lagrangian_1m_nenv16/rcpo_lagrangian_ppo_s0/model/final_model.zip
rcpo_lagrangian,external_safe_rl,rcpo_lagrangian,ppo,0,none,0.08,10000,10014,14,0.0,1.0,0.08477342134808266,0.0,0.0,0.0,1.0,69.0,38.067762057179735,1.5270836690323506,34.86140734779171,36.47785768293277,8.315193968194304,0.0,1.0,0.08477342134808266,65.6191143341697,,,0.0,0.0,0.0,0.0,0.0,0.0,0.0,0.0,0.4335957977067058,0.40785099554341286,0.6411517941160128,0.7457906787749378,2.499433623650449,3.051608198438771,2.9330294213571544,3.6462799936998636,0.4335957977067058,0.6411517941160128,/home/aaa/data/qj/stable-baselines3-master/risk_curriculum_metadrive/outputs/ijmlc_p2_external_baselines/rcpo_lagrangian_1m_nenv16/rcpo_lagrangian_ppo_s0/config.json,/home/aaa/data/qj/stable-baselines3-master/risk_curriculum_metadrive/outputs/ijmlc_p2_external_baselines/rcpo_lagrangian_1m_nenv16/rcpo_lagrangian_ppo_s0/model/final_model.zip
rcpo_lagrangian,external_safe_rl,rcpo_lagrangian,ppo,0,none,0.08,10000,10015,15,0.0,1.0,0.35751913476815295,1.0,1.0,0.0,0.0,164.0,137.08851772942825,59.219832907758686,56.28279917319884,68.25472876652242,18.578165088323498,0.0,0.0,0.35751913476815295,255.2182108044162,4.287322753433907,0.022460270127248896,0.22823107032948936,0.6170212765957447,0.0,0.0,0.0,0.0,0.0,0.0,0.42918865269379375,0.3972315025748685,0.6162139048683457,0.6555828943965026,1.8408253970669537,2.314940551877953,2.2700140497607473,2.789741053857142,0.42918865269379375,0.6162139048683457,/home/aaa/data/qj/stable-baselines3-master/risk_curriculum_metadrive/outputs/ijmlc_p2_external_baselines/rcpo_lagrangian_1m_nenv16/rcpo_lagrangian_ppo_s0/config.json,/home/aaa/data/qj/stable-baselines3-master/risk_curriculum_metadrive/outputs/ijmlc_p2_external_baselines/rcpo_lagrangian_1m_nenv16/rcpo_lagrangian_ppo_s0/model/final_model.zip
rcpo_lagrangian,external_safe_rl,rcpo_lagrangian,ppo,0,none,0.08,10000,10016,16,0.0,1.0,0.29687880605770495,0.0,0.0,0.0,1.0,116.0,76.55717093327962,27.08494964837095,47.96104712231385,57.1876581497637,12.220889515600057,0.008620689655172414,0.0,0.29687880605770495,153.12858716287067,,,0.0,0.0,0.0,0.0,0.0,0.0,0.0,0.0,0.43433707745360406,0.38650450005661696,0.620367001829436,0.659554653248051,1.4290323446841975,1.7413944988220464,1.8633694221378014,2.1537317443289794,0.43433707745360406,0.620367001829436,/home/aaa/data/qj/stable-baselines3-master/risk_curriculum_metadrive/outputs/ijmlc_p2_external_baselines/rcpo_lagrangian_1m_nenv16/rcpo_lagrangian_ppo_s0/config.json,/home/aaa/data/qj/stable-baselines3-master/risk_curriculum_metadrive/outputs/ijmlc_p2_external_baselines/rcpo_lagrangian_1m_nenv16/rcpo_lagrangian_ppo_s0/model/final_model.zip
rcpo_lagrangian,external_safe_rl,rcpo_lagrangian,ppo,0,none,0.08,10000,10017,17,0.0,1.0,0.11690507419625593,1.0,1.0,0.0,0.0,80.0,61.70988729601548,14.312095873895416,39.34090838077973,42.16706789007664,9.503264421855274,0.0,1.0,0.11690507419625593,86.02882846768344,11.750125140142721,0.42219554161556894,0.2030344710749723,0.45588235294117646,0.0,0.0,0.0,0.0,0.0,0.0,0.42548970122879837,0.40471799729857594,0.592354750551749,0.6138292471587191,2.660188875051972,3.000303087901557,3.0856785762807704,3.4831901561119594,0.42548970122879837,0.592354750551749,/home/aaa/data/qj/stable-baselines3-master/risk_curriculum_metadrive/outputs/ijmlc_p2_external_baselines/rcpo_lagrangian_1m_nenv16/rcpo_lagrangian_ppo_s0/config.json,/home/aaa/data/qj/stable-baselines3-master/risk_curriculum_metadrive/outputs/ijmlc_p2_external_baselines/rcpo_lagrangian_1m_nenv16/rcpo_lagrangian_ppo_s0/model/final_model.zip
rcpo_lagrangian,external_safe_rl,rcpo_lagrangian,ppo,0,none,0.08,10000,10018,18,0.0,1.0,0.17160951205057465,1.0,1.0,0.0,0.0,72.0,57.1061297720759,13.601350247555192,36.37275408603521,37.284910687332314,7.9550855196345545,0.013888888888888888,1.0,0.17160951205057465,71.84021771868471,12.956807143649911,0.5299896019196004,0.24378009669385164,0.49295774647887325,0.0,0.0,0.0,0.0,0.0,0.0,0.42733338866835563,0.40191450534621254,0.624381654051831,0.6782347345142627,1.7548720134072937,2.0237867000105325,2.1822054020756494,2.5652745993284043,0.42733338866835563,0.624381654051831,/home/aaa/data/qj/stable-baselines3-master/risk_curriculum_metadrive/outputs/ijmlc_p2_external_baselines/rcpo_lagrangian_1m_nenv16/rcpo_lagrangian_ppo_s0/config.json,/home/aaa/data/qj/stable-baselines3-master/risk_curriculum_metadrive/outputs/ijmlc_p2_external_baselines/rcpo_lagrangian_1m_nenv16/rcpo_lagrangian_ppo_s0/model/final_model.zip
rcpo_lagrangian,external_safe_rl,rcpo_lagrangian,ppo,0,none,0.08,10000,10019,19,0.0,1.0,0.1050758811893734,1.0,1.0,0.0,0.0,76.0,28.139303905000297,-2.8280716118186646,37.506075609982815,41.23007279298028,9.136270942265615,0.0,1.0,0.1050758811893734,78.31937835237851,0.8693630448935161,0.33031194449948054,0.1521813615039231,1.0,0.0,0.0,0.0,0.0,0.0,0.0,0.40720307955971774,0.38670749199809507,0.5716304949601181,0.8120232560031582,1.7699988024297024,2.1261355068418197,2.17720188198942,2.6166142633883283,0.40720307955971774,0.5716304949601181,/home/aaa/data/qj/stable-baselines3-master/risk_curriculum_metadrive/outputs/ijmlc_p2_external_baselines/rcpo_lagrangian_1m_nenv16/rcpo_lagrangian_ppo_s0/config.json,/home/aaa/data/qj/stable-baselines3-master/risk_curriculum_metadrive/outputs/ijmlc_p2_external_baselines/rcpo_lagrangian_1m_nenv16/rcpo_lagrangian_ppo_s0/model/final_model.zip
rcpo_lagrangian,external_safe_rl,rcpo_lagrangian,ppo,0,none,0.08,20000,20000,0,0.0,1.0,0.307818963320413,0.0,0.0,0.0,1.0,89.0,71.28100900795812,24.82507340359145,44.16763262983593,47.45247789707877,10.355148339926538,0.0,0.0,0.307818963320413,107.6672689415886,,,0.0,0.0,0.0,0.0,0.0,0.0,0.0,0.0,0.3969429103000969,0.3765919973375276,0.5956970097031442,0.7118782430188748,1.061810303827371,1.4247567974962294,1.458753214127468,1.8508523964555934,0.3969429103000969,0.5956970097031442,/home/aaa/data/qj/stable-baselines3-master/risk_curriculum_metadrive/outputs/ijmlc_p2_external_baselines/rcpo_lagrangian_1m_nenv16/rcpo_lagrangian_ppo_s0/config.json,/home/aaa/data/qj/stable-baselines3-master/risk_curriculum_metadrive/outputs/ijmlc_p2_external_baselines/rcpo_lagrangian_1m_nenv16/rcpo_lagrangian_ppo_s0/model/final_model.zip
rcpo_lagrangian,external_safe_rl,rcpo_lagrangian,ppo,0,none,0.08,20000,20001,1,0.0,1.0,0.3601375499023376,0.0,0.0,0.0,1.0,160.0,81.31246932943363,31.410361161787,43.485267474045074,51.12735188955934,17.08717724071558,0.0,0.0,0.3601375499023376,192.39994617850678,5.658413086024175,2.945718519860458,0.011068108819725891,0.5625,0.0,0.0,0.0,0.0,0.0,0.0,0.42582526302794577,0.3931065002689138,0.613556999451248,0.751773678639438,1.4828903316811193,1.8364932955591937,1.908715594709065,2.3967906679899893,0.42582526302794577,0.613556999451248,/home/aaa/data/qj/stable-baselines3-master/risk_curriculum_metadrive/outputs/ijmlc_p2_external_baselines/rcpo_lagrangian_1m_nenv16/rcpo_lagrangian_ppo_s0/config.json,/home/aaa/data/qj/stable-baselines3-master/risk_curriculum_metadrive/outputs/ijmlc_p2_external_baselines/rcpo_lagrangian_1m_nenv16/rcpo_lagrangian_ppo_s0/model/final_model.zip
rcpo_lagrangian,external_safe_rl,rcpo_lagrangian,ppo,0,none,0.08,20000,20002,2,0.0,1.0,0.38573780904763355,1.0,1.0,0.0,0.0,134.0,136.5421133504698,59.79319094666393,51.44360771739142,60.62353034830892,15.853634189597091,0.0,0.0,0.38573780904763355,190.3061534989633,1.5749396607335795,0.5742735747305051,0.04848789813715218,0.8888888888888888,0.0,0.0,0.0,0.0,0.0,0.0,0.42767289545084697,0.3988865064457059,0.6253241052036174,0.6621800894208718,1.81880744042504,2.3976030061021443,2.246480335875887,2.897199150902452,0.42767289545084697,0.6253241052036174,/home/aaa/data/qj/stable-baselines3-master/risk_curriculum_metadrive/outputs/ijmlc_p2_external_baselines/rcpo_lagrangian_1m_nenv16/rcpo_lagrangian_ppo_s0/config.json,/home/aaa/data/qj/stable-baselines3-master/risk_curriculum_metadrive/outputs/ijmlc_p2_external_baselines/rcpo_lagrangian_1m_nenv16/rcpo_lagrangian_ppo_s0/model/final_model.zip
rcpo_lagrangian,external_safe_rl,rcpo_lagrangian,ppo,0,none,0.08,20000,20003,3,0.0,1.0,0.2151141406189682,1.0,1.0,0.0,0.0,115.0,80.01343620170266,26.410142319420352,45.41899293594395,56.39216666509625,12.53147776659255,0.0,0.0,0.2151141406189682,143.7353632111949,3.8304154918803945,0.31478164742261777,0.09281989256539493,0.7272727272727273,0.0,0.0,0.0,0.0,0.0,0.0,0.43226828730320965,0.4012970020994544,0.6048431983799674,0.652166526124347,2.1180962169360695,2.3681012928136624,2.550364504239279,2.862395097326953,0.43226828730320965,0.6048431983799674,/home/aaa/data/qj/stable-baselines3-master/risk_curriculum_metadrive/outputs/ijmlc_p2_external_baselines/rcpo_lagrangian_1m_nenv16/rcpo_lagrangian_ppo_s0/config.json,/home/aaa/data/qj/stable-baselines3-master/risk_curriculum_metadrive/outputs/ijmlc_p2_external_baselines/rcpo_lagrangian_1m_nenv16/rcpo_lagrangian_ppo_s0/model/final_model.zip
rcpo_lagrangian,external_safe_rl,rcpo_lagrangian,ppo,0,none,0.08,20000,20004,4,0.0,1.0,0.40273908928525637,0.0,0.0,0.0,1.0,144.0,119.94889822710564,52.006621792110494,51.13312537441068,61.35680127559077,15.639303597288997,0.0,0.0,0.40273908928525637,203.1542458170681,3.6615235508979835,0.0388592730961192,0.08941295029653416,0.7272727272727273,0.0,0.0,0.0,0.0,0.0,0.0,0.42640509743958116,0.38628400216111913,0.6197516493557487,0.7032054143201089,1.2496313538576942,1.5153640997596085,1.6760364512972754,1.9946819433243945,0.42640509743958116,0.6197516493557487,/home/aaa/data/qj/stable-baselines3-master/risk_curriculum_metadrive/outputs/ijmlc_p2_external_baselines/rcpo_lagrangian_1m_nenv16/rcpo_lagrangian_ppo_s0/config.json,/home/aaa/data/qj/stable-baselines3-master/risk_curriculum_metadrive/outputs/ijmlc_p2_external_baselines/rcpo_lagrangian_1m_nenv16/rcpo_lagrangian_ppo_s0/model/final_model.zip
rcpo_lagrangian,external_safe_rl,rcpo_lagrangian,ppo,0,none,0.08,20000,20005,5,0.0,1.0,0.22127238518695896,1.0,1.0,0.0,0.0,105.0,81.18467236421925,27.18050773771841,43.20838584458982,51.15520140733225,11.477590627534171,0.0,0.0,0.22127238518695896,124.88023083199744,1.31426578728501,0.5017991857391341,0.11934758403077109,1.0,0.0,0.0,0.0,0.0,0.0,0.0,0.411094990254025,0.39529299829155207,0.5206938018091023,0.6487789266975597,2.372962000247623,2.738581597805023,2.7840569905016483,3.2245102076558396,0.411094990254025,0.5206938018091023,/home/aaa/data/qj/stable-baselines3-master/risk_curriculum_metadrive/outputs/ijmlc_p2_external_baselines/rcpo_lagrangian_1m_nenv16/rcpo_lagrangian_ppo_s0/config.json,/home/aaa/data/qj/stable-baselines3-master/risk_curriculum_metadrive/outputs/ijmlc_p2_external_baselines/rcpo_lagrangian_1m_nenv16/rcpo_lagrangian_ppo_s0/model/final_model.zip
rcpo_lagrangian,external_safe_rl,rcpo_lagrangian,ppo,0,none,0.08,20000,20006,6,0.0,1.0,0.11653601549711479,0.0,0.0,0.0,1.0,72.0,42.39469431759708,4.593427623711989,33.37984016436327,34.9091280740155,7.9463000498754,0.013888888888888888,1.0,0.11653601549711479,65.63315984327656,,,0.0,0.0,0.0,0.0,0.0,0.0,0.0,0.0,0.37331070719422615,0.35377650056034327,0.5519267477211542,0.6612912984564913,1.35013382067781,1.598172097146744,1.723444527872036,2.0073001440323424,0.37331070719422615,0.5519267477211542,/home/aaa/data/qj/stable-baselines3-master/risk_curriculum_metadrive/outputs/ijmlc_p2_external_baselines/rcpo_lagrangian_1m_nenv16/rcpo_lagrangian_ppo_s0/config.json,/home/aaa/data/qj/stable-baselines3-master/risk_curriculum_metadrive/outputs/ijmlc_p2_external_baselines/rcpo_lagrangian_1m_nenv16/rcpo_lagrangian_ppo_s0/model/final_model.zip
rcpo_lagrangian,external_safe_rl,rcpo_lagrangian,ppo,0,none,0.08,20000,20007,7,0.0,1.0,0.16865172361999156,0.0,0.0,0.0,1.0,74.0,37.332044831038374,3.6755741241189384,36.11954630446377,40.536734863455536,8.983408028920431,0.0,1.0,0.16865172361999156,73.12198202643145,,,0.0,0.0,0.0,0.0,0.0,0.0,0.0,0.0,0.3868186764963399,0.3834035014733672,0.5143711532582528,0.6859158386941998,1.379617500100033,1.595942540006945,1.766436176596373,2.0703908427094575,0.3868186764963399,0.5143711532582528,/home/aaa/data/qj/stable-baselines3-master/risk_curriculum_metadrive/outputs/ijmlc_p2_external_baselines/rcpo_lagrangian_1m_nenv16/rcpo_lagrangian_ppo_s0/config.json,/home/aaa/data/qj/stable-baselines3-master/risk_curriculum_metadrive/outputs/ijmlc_p2_external_baselines/rcpo_lagrangian_1m_nenv16/rcpo_lagrangian_ppo_s0/model/final_model.zip
rcpo_lagrangian,external_safe_rl,rcpo_lagrangian,ppo,0,none,0.08,20000,20008,8,0.0,1.0,0.1303174941507887,1.0,1.0,0.0,0.0,79.0,46.063553629956246,6.89130163950178,38.36458169276728,40.572923881194946,9.151549244359266,0.0,1.0,0.1303174941507887,82.79442654698211,12.111689246417987,0.5220213438858662,0.19491442388523403,0.42105263157894735,0.0,0.0,0.0,0.0,0.0,0.0,0.46216763365907665,0.4122340033063665,0.6338152088574134,0.667680818005465,2.0641964557064885,2.3592854995513335,2.5263640893655652,2.920353499939665,0.46216763365907665,0.6338152088574134,/home/aaa/data/qj/stable-baselines3-master/risk_curriculum_metadrive/outputs/ijmlc_p2_external_baselines/rcpo_lagrangian_1m_nenv16/rcpo_lagrangian_ppo_s0/config.json,/home/aaa/data/qj/stable-baselines3-master/risk_curriculum_metadrive/outputs/ijmlc_p2_external_baselines/rcpo_lagrangian_1m_nenv16/rcpo_lagrangian_ppo_s0/model/final_model.zip
rcpo_lagrangian,external_safe_rl,rcpo_lagrangian,ppo,0,none,0.08,20000,20009,9,0.0,1.0,0.5026422208328285,1.0,1.0,0.0,0.0,192.0,85.58319670685809,37.82086497841394,43.59460660497776,43.72311500078125,20.421522594766188,0.0,0.0,0.5026422208328285,231.76575738314253,1.9251432757358466,0.24466305277889572,0.03523273329886009,1.0,0.0,0.0,0.0,0.0,0.0,0.0,0.42461998979585286,0.396644500142429,0.6293866033956874,0.8014791339519447,1.8042790310725347,2.1638481484842487,2.2288990208683876,2.668486062611919,0.42461998979585286,0.6293866033956874,/home/aaa/data/qj/stable-baselines3-master/risk_curriculum_metadrive/outputs/ijmlc_p2_external_baselines/rcpo_lagrangian_1m_nenv16/rcpo_lagrangian_ppo_s0/config.json,/home/aaa/data/qj/stable-baselines3-master/risk_curriculum_metadrive/outputs/ijmlc_p2_external_baselines/rcpo_lagrangian_1m_nenv16/rcpo_lagrangian_ppo_s0/model/final_model.zip
rcpo_lagrangian,external_safe_rl,rcpo_lagrangian,ppo,0,none,0.08,20000,20010,10,0.0,1.0,0.4784050039687068,0.0,0.0,0.0,1.0,144.0,138.7082805848137,63.65629041146804,54.977961345149566,66.27589266016821,15.747504320911649,0.0,0.0,0.4784050039687068,218.45168417666568,,,0.0,0.0,0.0,0.0,0.0,0.0,0.0,0.0,0.3704444233234325,0.3361890048836358,0.5346981495677027,0.7137551042251283,1.209203922978001,2.00124330149265,1.5796483463014335,2.4186322632886004,0.3704444233234325,0.5346981495677027,/home/aaa/data/qj/stable-baselines3-master/risk_curriculum_metadrive/outputs/ijmlc_p2_external_baselines/rcpo_lagrangian_1m_nenv16/rcpo_lagrangian_ppo_s0/config.json,/home/aaa/data/qj/stable-baselines3-master/risk_curriculum_metadrive/outputs/ijmlc_p2_external_baselines/rcpo_lagrangian_1m_nenv16/rcpo_lagrangian_ppo_s0/model/final_model.zip
rcpo_lagrangian,external_safe_rl,rcpo_lagrangian,ppo,0,none,0.08,20000,20011,11,0.0,1.0,0.3707546155728138,1.0,1.0,0.0,0.0,145.0,101.04864835696829,41.596962645668505,49.40789095493151,59.305196328123515,16.049176350634795,0.0,0.0,0.3707546155728138,197.76322049504446,1.4728966361782174,0.5378672902527379,0.08270449266892456,1.0,0.0,0.0,0.0,0.0,0.0,0.0,0.45631173767293964,0.42119099816773087,0.6509469938464463,0.8754187222803016,3.1318117520201887,3.609493398107588,3.588123489693128,4.219566594110802,0.45631173767293964,0.6509469938464463,/home/aaa/data/qj/stable-baselines3-master/risk_curriculum_metadrive/outputs/ijmlc_p2_external_baselines/rcpo_lagrangian_1m_nenv16/rcpo_lagrangian_ppo_s0/config.json,/home/aaa/data/qj/stable-baselines3-master/risk_curriculum_metadrive/outputs/ijmlc_p2_external_baselines/rcpo_lagrangian_1m_nenv16/rcpo_lagrangian_ppo_s0/model/final_model.zip
rcpo_lagrangian,external_safe_rl,rcpo_lagrangian,ppo,0,none,0.08,20000,20012,12,0.0,1.0,0.13315877993818467,0.0,0.0,0.0,1.0,76.0,25.91460045414791,-3.097936374780513,35.8554802153286,39.87830674213413,8.835965612060997,0.0,1.0,0.13315877993818467,74.59949100122114,,,0.0,0.0,0.0,0.0,0.0,0.0,0.0,0.0,0.35669056466615173,0.32590049522696063,0.5527359935513232,0.6956324978091288,1.3435241315547548,1.6264969999610912,1.7002146962209066,2.086773998598801,0.35669056466615173,0.5527359935513232,/home/aaa/data/qj/stable-baselines3-master/risk_curriculum_metadrive/outputs/ijmlc_p2_external_baselines/rcpo_lagrangian_1m_nenv16/rcpo_lagrangian_ppo_s0/config.json,/home/aaa/data/qj/stable-baselines3-master/risk_curriculum_metadrive/outputs/ijmlc_p2_external_baselines/rcpo_lagrangian_1m_nenv16/rcpo_lagrangian_ppo_s0/model/final_model.zip
rcpo_lagrangian,external_safe_rl,rcpo_lagrangian,ppo,0,none,0.08,20000,20013,13,0.0,1.0,0.6491669468410575,0.0,0.0,0.0,1.0,381.0,257.5602282207115,128.15512251558755,42.31021217479086,42.54993089098047,33.37563018042044,0.0026246719160104987,0.0,0.6491669468410575,446.64306870124426,3.3732615652081117,1.080329858821594,0.030140329377617663,0.71875,0.0,0.0,0.0,0.0,0.0,0.0,0.4484755118219231,0.4236189997754991,0.6443150050472468,0.7282753998879342,3.050214990107538,4.811217004316859,3.4986905019294614,5.367159013985656,0.4484755118219231,0.6443150050472468,/home/aaa/data/qj/stable-baselines3-master/risk_curriculum_metadrive/outputs/ijmlc_p2_external_baselines/rcpo_lagrangian_1m_nenv16/rcpo_lagrangian_ppo_s0/config.json,/home/aaa/data/qj/stable-baselines3-master/risk_curriculum_metadrive/outputs/ijmlc_p2_external_baselines/rcpo_lagrangian_1m_nenv16/rcpo_lagrangian_ppo_s0/model/final_model.zip
rcpo_lagrangian,external_safe_rl,rcpo_lagrangian,ppo,0,none,0.08,20000,20014,14,0.0,1.0,0.1453461813782862,1.0,1.0,0.0,0.0,77.0,52.57683352193253,10.548802202314853,35.53258762769859,37.01138110612069,8.46422275495057,0.012987012987012988,1.0,0.1453461813782862,74.84634081109341,10.616969754189666,0.5202368615945114,0.20622606154463968,0.4714285714285714,0.0,0.0,0.0,0.0,0.0,0.0,0.44574292150610306,0.39767500129528344,0.6240415998036042,0.6345837959088384,1.7047384549718496,1.9896617974154651,2.1504813764779525,2.49651599151548,0.44574292150610306,0.6240415998036042,/home/aaa/data/qj/stable-baselines3-master/risk_curriculum_metadrive/outputs/ijmlc_p2_external_baselines/rcpo_lagrangian_1m_nenv16/rcpo_lagrangian_ppo_s0/config.json,/home/aaa/data/qj/stable-baselines3-master/risk_curriculum_metadrive/outputs/ijmlc_p2_external_baselines/rcpo_lagrangian_1m_nenv16/rcpo_lagrangian_ppo_s0/model/final_model.zip
rcpo_lagrangian,external_safe_rl,rcpo_lagrangian,ppo,0,none,0.08,20000,20015,15,0.0,1.0,0.11523286396405173,1.0,1.0,0.0,0.0,72.0,30.479902967005025,-1.3530625975759314,35.85044949032274,38.099191315687804,8.660043566096228,0.0,1.0,0.11523286396405173,71.1311141971909,0.7945045177141475,0.2615821589104839,0.1518651146381002,1.0,0.0,0.0,0.0,0.0,0.0,0.0,0.330659208177369,0.3227164997952059,0.33498929769848473,0.6018382610636767,1.3283118611677007,1.6075981533504091,1.6589710693450697,1.939162058988586,0.330659208177369,0.33498929769848473,/home/aaa/data/qj/stable-baselines3-master/risk_curriculum_metadrive/outputs/ijmlc_p2_external_baselines/rcpo_lagrangian_1m_nenv16/rcpo_lagrangian_ppo_s0/config.json,/home/aaa/data/qj/stable-baselines3-master/risk_curriculum_metadrive/outputs/ijmlc_p2_external_baselines/rcpo_lagrangian_1m_nenv16/rcpo_lagrangian_ppo_s0/model/final_model.zip
rcpo_lagrangian,external_safe_rl,rcpo_lagrangian,ppo,0,none,0.08,20000,20016,16,0.0,1.0,0.25330700965853253,1.0,1.0,0.0,0.0,150.0,67.84879612824508,21.473608353878546,43.589027265237334,48.70357468378475,16.90341488234574,0.0,0.0,0.25330700965853253,180.56510212913514,8.259645808985578,1.0431877465545456,0.1664780312862459,0.6741573033707865,0.0,0.0,0.0,0.0,0.0,0.0,0.4499249065217252,0.40481700125383213,0.6419990015274379,0.7529649544449047,2.5286664540180936,2.824722296645632,2.9785913605398187,3.3581065465114075,0.4499249065217252,0.6419990015274379,/home/aaa/data/qj/stable-baselines3-master/risk_curriculum_metadrive/outputs/ijmlc_p2_external_baselines/rcpo_lagrangian_1m_nenv16/rcpo_lagrangian_ppo_s0/config.json,/home/aaa/data/qj/stable-baselines3-master/risk_curriculum_metadrive/outputs/ijmlc_p2_external_baselines/rcpo_lagrangian_1m_nenv16/rcpo_lagrangian_ppo_s0/model/final_model.zip
rcpo_lagrangian,external_safe_rl,rcpo_lagrangian,ppo,0,none,0.08,20000,20017,17,0.0,1.0,0.11445899737931822,0.0,0.0,0.0,1.0,69.0,26.97014776592868,-3.131156195656118,34.872093080460715,36.20715587192401,8.144336249577837,0.0,1.0,0.11445899737931822,65.59823714125811,,,0.0,0.0,0.0,0.0,0.0,0.0,0.0,0.0,0.40566504395573627,0.3901349991792813,0.585433599189855,0.7902397663565318,1.715440072998256,2.0327648002421483,2.1211051169539923,2.4814005999360234,0.40566504395573627,0.585433599189855,/home/aaa/data/qj/stable-baselines3-master/risk_curriculum_metadrive/outputs/ijmlc_p2_external_baselines/rcpo_lagrangian_1m_nenv16/rcpo_lagrangian_ppo_s0/config.json,/home/aaa/data/qj/stable-baselines3-master/risk_curriculum_metadrive/outputs/ijmlc_p2_external_baselines/rcpo_lagrangian_1m_nenv16/rcpo_lagrangian_ppo_s0/model/final_model.zip
rcpo_lagrangian,external_safe_rl,rcpo_lagrangian,ppo,0,none,0.08,20000,20018,18,0.0,1.0,0.10135683713258412,0.0,0.0,0.0,1.0,86.0,29.755438325406068,-2.1315757233194432,36.54737787006664,43.11067032437542,9.644224896929758,0.0,1.0,0.10135683713258412,86.33962932114541,,,0.0,0.0,0.0,0.0,0.0,0.0,0.0,0.0,0.434714650869272,0.39590549567947164,0.6102487423049752,0.6701527578115934,1.7006123716994406,1.8221562568214722,2.1353270225687124,2.3347167552856263,0.434714650869272,0.6102487423049752,/home/aaa/data/qj/stable-baselines3-master/risk_curriculum_metadrive/outputs/ijmlc_p2_external_baselines/rcpo_lagrangian_1m_nenv16/rcpo_lagrangian_ppo_s0/config.json,/home/aaa/data/qj/stable-baselines3-master/risk_curriculum_metadrive/outputs/ijmlc_p2_external_baselines/rcpo_lagrangian_1m_nenv16/rcpo_lagrangian_ppo_s0/model/final_model.zip
rcpo_lagrangian,external_safe_rl,rcpo_lagrangian,ppo,0,none,0.08,20000,20019,19,0.0,1.0,0.34893038990321473,1.0,1.0,0.0,0.0,161.0,106.44673478701839,43.591279090605624,45.338940224903716,53.432501902655126,16.96128757800292,0.006211180124223602,0.0,0.34893038990321473,201.81512864032325,2.4324245591337172,0.5500128774607712,0.1356782517868296,0.8461538461538461,0.0,0.0,0.0,0.0,0.0,0.0,0.4300523857710455,0.3989590040873736,0.6217340123839676,0.6789404083974659,1.9855144417769512,4.10844299767632,2.415566827547997,4.577199011691846,0.4300523857710455,0.6217340123839676,/home/aaa/data/qj/stable-baselines3-master/risk_curriculum_metadrive/outputs/ijmlc_p2_external_baselines/rcpo_lagrangian_1m_nenv16/rcpo_lagrangian_ppo_s0/config.json,/home/aaa/data/qj/stable-baselines3-master/risk_curriculum_metadrive/outputs/ijmlc_p2_external_baselines/rcpo_lagrangian_1m_nenv16/rcpo_lagrangian_ppo_s0/model/final_model.zip
rcpo_lagrangian,external_safe_rl,rcpo_lagrangian,ppo,0,none,0.15,10000,10000,0,0.0,1.0,0.329138748731026,0.0,0.0,0.0,1.0,143.0,60.585057965696265,20.116691444778915,44.441981532538,50.12966180332371,16.15346599863474,0.0,0.0,0.329138748731026,175.3959877872807,5.230253867354254,0.02078432315122969,0.09223136925476126,0.6774193548387096,0.0,0.0,0.0,0.0,0.0,0.0,0.47806288800332564,0.4417260061018169,0.6478012990555726,0.7043711000005722,4.391521559494964,6.2179746106266975,4.86958444749829,6.629967216576915,0.47806288800332564,0.6478012990555726,/home/aaa/data/qj/stable-baselines3-master/risk_curriculum_metadrive/outputs/ijmlc_p2_external_baselines/rcpo_lagrangian_1m_nenv16/rcpo_lagrangian_ppo_s0/config.json,/home/aaa/data/qj/stable-baselines3-master/risk_curriculum_metadrive/outputs/ijmlc_p2_external_baselines/rcpo_lagrangian_1m_nenv16/rcpo_lagrangian_ppo_s0/model/final_model.zip
rcpo_lagrangian,external_safe_rl,rcpo_lagrangian,ppo,0,none,0.15,10000,10001,1,0.0,1.0,0.2511823752840943,1.0,1.0,0.0,0.0,107.0,73.48204106698648,24.22649179201609,42.87899232008637,50.213766540036865,12.317285598952735,0.0,0.0,0.2511823752840943,126.38832266400722,11.502952702818861,0.49141865729702805,0.21536045843859222,0.6612903225806451,0.0,0.0,0.0,0.0,0.0,0.0,0.4557733638614642,0.41580099787097424,0.6568299955688416,0.6740314554190263,2.8815939440391958,3.309020602318924,3.33736730790066,3.7525554071180522,0.4557733638614642,0.6568299955688416,/home/aaa/data/qj/stable-baselines3-master/risk_curriculum_metadrive/outputs/ijmlc_p2_external_baselines/rcpo_lagrangian_1m_nenv16/rcpo_lagrangian_ppo_s0/config.json,/home/aaa/data/qj/stable-baselines3-master/risk_curriculum_metadrive/outputs/ijmlc_p2_external_baselines/rcpo_lagrangian_1m_nenv16/rcpo_lagrangian_ppo_s0/model/final_model.zip
rcpo_lagrangian,external_safe_rl,rcpo_lagrangian,ppo,0,none,0.15,10000,10002,2,0.0,1.0,0.2119786943189116,1.0,1.0,0.0,0.0,101.0,64.11436448061242,18.316543069873557,41.35526819158314,48.53596168601907,10.55837137728122,0.009900990099009901,0.0,0.2119786943189116,115.1097217282641,6.686062362141662,0.6960063104991651,0.08421853851840896,0.3157894736842105,0.0,0.0,0.0,0.0,0.0,0.0,0.4753553564141569,0.43645399273373187,0.6673349998891354,0.7293449889402837,3.945078167402748,5.635540001094341,4.420433523816905,6.173644011141732,0.4753553564141569,0.6673349998891354,/home/aaa/data/qj/stable-baselines3-master/risk_curriculum_metadrive/outputs/ijmlc_p2_external_baselines/rcpo_lagrangian_1m_nenv16/rcpo_lagrangian_ppo_s0/config.json,/home/aaa/data/qj/stable-baselines3-master/risk_curriculum_metadrive/outputs/ijmlc_p2_external_baselines/rcpo_lagrangian_1m_nenv16/rcpo_lagrangian_ppo_s0/model/final_model.zip
rcpo_lagrangian,external_safe_rl,rcpo_lagrangian,ppo,0,none,0.15,10000,10003,3,0.0,1.0,0.3038376600099898,1.0,1.0,0.0,0.0,106.0,91.26107065640885,34.695665128504146,47.92978756984638,57.429475095561244,12.63918287192286,0.0,0.0,0.3038376600099898,140.04982006463857,4.626562084470655,0.4177551275160884,0.21712572876529743,0.6774193548387096,0.0,0.0,0.0,0.0,0.0,0.0,0.45851877432553767,0.4042309956275858,0.6593630023417063,0.7047769999189768,2.104493038715654,2.944493007817073,2.5630118130411916,3.3455097509431653,0.45851877432553767,0.6593630023417063,/home/aaa/data/qj/stable-baselines3-master/risk_curriculum_metadrive/outputs/ijmlc_p2_external_baselines/rcpo_lagrangian_1m_nenv16/rcpo_lagrangian_ppo_s0/config.json,/home/aaa/data/qj/stable-baselines3-master/risk_curriculum_metadrive/outputs/ijmlc_p2_external_baselines/rcpo_lagrangian_1m_nenv16/rcpo_lagrangian_ppo_s0/model/final_model.zip
rcpo_lagrangian,external_safe_rl,rcpo_lagrangian,ppo,0,none,0.15,10000,10004,4,0.0,1.0,0.21317351133152185,1.0,1.0,0.0,0.0,92.0,48.602051858091016,10.646231268991155,46.00803440806322,50.96354501598446,11.006277702116366,0.0,0.0,0.21317351133152185,116.0041750206678,3.1324202263370853,0.014733874165707402,0.17993405219807376,0.8571428571428571,0.0,0.0,0.0,0.0,0.0,0.0,0.4373055763489506,0.4205959994578734,0.5877916504687164,0.6207081051252318,3.5426246839684294,4.702197197912028,3.97993026031738,5.2168784401146695,0.4373055763489506,0.5877916504687164,/home/aaa/data/qj/stable-baselines3-master/risk_curriculum_metadrive/outputs/ijmlc_p2_external_baselines/rcpo_lagrangian_1m_nenv16/rcpo_lagrangian_ppo_s0/config.json,/home/aaa/data/qj/stable-baselines3-master/risk_curriculum_metadrive/outputs/ijmlc_p2_external_baselines/rcpo_lagrangian_1m_nenv16/rcpo_lagrangian_ppo_s0/model/final_model.zip
rcpo_lagrangian,external_safe_rl,rcpo_lagrangian,ppo,0,none,0.15,10000,10005,5,0.0,1.0,0.2315384100843155,1.0,1.0,0.0,0.0,93.0,49.56255439590097,11.677429500479946,43.58552027264531,48.6119951200508,11.188493843716776,0.0,0.0,0.2315384100843155,111.23559278876851,3.2161066078396643,0.012767305423760743,0.4130839653793901,0.7236842105263158,0.0,0.0,0.0,0.0,0.0,0.0,0.4353043020850608,0.40277700463775545,0.6562079972354694,0.7800471136579278,3.1484265490034495,3.7178125960053876,3.5837308510885104,4.135071407654323,0.4353043020850608,0.6562079972354694,/home/aaa/data/qj/stable-baselines3-master/risk_curriculum_metadrive/outputs/ijmlc_p2_external_baselines/rcpo_lagrangian_1m_nenv16/rcpo_lagrangian_ppo_s0/config.json,/home/aaa/data/qj/stable-baselines3-master/risk_curriculum_metadrive/outputs/ijmlc_p2_external_baselines/rcpo_lagrangian_1m_nenv16/rcpo_lagrangian_ppo_s0/model/final_model.zip
rcpo_lagrangian,external_safe_rl,rcpo_lagrangian,ppo,0,none,0.15,10000,10006,6,0.0,1.0,0.11974917230581025,1.0,1.0,0.0,0.0,75.0,44.64051307725619,5.8627317078024,34.99921322379272,38.86785497404023,9.287795115779932,0.0,1.0,0.11974917230581025,72.09862597650748,10.088839024269877,0.9016312754003789,0.24260084153196346,0.5277777777777778,0.0,0.0,0.0,0.0,0.0,0.0,0.4318189591867849,0.40729700413066894,0.6327789000351913,0.6802031962433835,2.66716786660254,3.1567318976158276,3.098986825789325,3.71230391174322,0.4318189591867849,0.6327789000351913,/home/aaa/data/qj/stable-baselines3-master/risk_curriculum_metadrive/outputs/ijmlc_p2_external_baselines/rcpo_lagrangian_1m_nenv16/rcpo_lagrangian_ppo_s0/config.json,/home/aaa/data/qj/stable-baselines3-master/risk_curriculum_metadrive/outputs/ijmlc_p2_external_baselines/rcpo_lagrangian_1m_nenv16/rcpo_lagrangian_ppo_s0/model/final_model.zip
rcpo_lagrangian,external_safe_rl,rcpo_lagrangian,ppo,0,none,0.15,10000,10007,7,0.0,1.0,0.13821433639508585,1.0,1.0,0.0,0.0,95.0,86.19819635748316,27.195528270594142,42.50474965526255,47.104118218530914,10.478304021016227,0.0,1.0,0.13821433639508585,110.95496223862719,3.567207341036236,0.07632683759370104,0.24175712866376192,0.7192982456140351,0.0,0.0,0.0,0.0,0.0,0.0,0.4613961371911788,0.42583400500006974,0.6563311049831099,0.8009542911895556,4.582641567072929,5.156231600267347,5.044037704264108,5.789152404759079,0.4613961371911788,0.6563311049831099,/home/aaa/data/qj/stable-baselines3-master/risk_curriculum_metadrive/outputs/ijmlc_p2_external_baselines/rcpo_lagrangian_1m_nenv16/rcpo_lagrangian_ppo_s0/config.json,/home/aaa/data/qj/stable-baselines3-master/risk_curriculum_metadrive/outputs/ijmlc_p2_external_baselines/rcpo_lagrangian_1m_nenv16/rcpo_lagrangian_ppo_s0/model/final_model.zip
rcpo_lagrangian,external_safe_rl,rcpo_lagrangian,ppo,0,none,0.15,10000,10008,8,0.0,1.0,0.15844896742525436,1.0,1.0,0.0,0.0,77.0,46.57929778168003,7.9931179135976365,36.06307119589902,41.08315489946779,9.083803345360806,0.0,1.0,0.15844896742525436,76.19720701344895,11.814655885661566,0.6864318646851604,0.1458557995369498,0.49019607843137253,0.0,0.0,0.0,0.0,0.0,0.0,0.4231773113511358,0.3955330030294135,0.5931777996011078,0.8512876823078794,2.198310156183487,2.4969367950689048,2.6214874675346223,2.9338263935642317,0.4231773113511358,0.5931777996011078,/home/aaa/data/qj/stable-baselines3-master/risk_curriculum_metadrive/outputs/ijmlc_p2_external_baselines/rcpo_lagrangian_1m_nenv16/rcpo_lagrangian_ppo_s0/config.json,/home/aaa/data/qj/stable-baselines3-master/risk_curriculum_metadrive/outputs/ijmlc_p2_external_baselines/rcpo_lagrangian_1m_nenv16/rcpo_lagrangian_ppo_s0/model/final_model.zip
rcpo_lagrangian,external_safe_rl,rcpo_lagrangian,ppo,0,none,0.15,10000,10009,9,0.0,1.0,0.13343583849770316,1.0,1.0,0.0,0.0,67.0,29.677539576555937,-1.2081550567909467,31.294666961558228,32.23505060675761,8.075646328372844,0.0,1.0,0.13343583849770316,57.04468305069579,10.290119700426425,0.6844057494752499,0.2858077095535102,0.5522388059701493,0.0,0.0,0.0,0.0,0.0,0.0,0.46512565671973655,0.41918500210158527,0.626918108901009,0.7268256790121091,2.38127414846911,2.9007591991103254,2.846399805188846,3.4853867109632115,0.46512565671973655,0.626918108901009,/home/aaa/data/qj/stable-baselines3-master/risk_curriculum_metadrive/outputs/ijmlc_p2_external_baselines/rcpo_lagrangian_1m_nenv16/rcpo_lagrangian_ppo_s0/config.json,/home/aaa/data/qj/stable-baselines3-master/risk_curriculum_metadrive/outputs/ijmlc_p2_external_baselines/rcpo_lagrangian_1m_nenv16/rcpo_lagrangian_ppo_s0/model/final_model.zip
rcpo_lagrangian,external_safe_rl,rcpo_lagrangian,ppo,0,none,0.15,10000,10010,10,0.0,1.0,0.10362313471777013,1.0,1.0,0.0,0.0,66.0,28.777319171467234,-2.6026463727332754,30.917035762426284,31.12183694437251,7.375385690523932,0.015151515151515152,1.0,0.10362313471777013,55.4603476977745,13.364347048167808,0.41176516541686686,0.27477164445133545,0.6415094339622641,0.0,0.0,0.0,0.0,0.0,0.0,0.41693992468274454,0.404760503442958,0.630894246569369,0.7262560029630547,3.8182454238377623,4.504665495915106,4.235185348520507,4.953128984197974,0.41693992468274454,0.630894246569369,/home/aaa/data/qj/stable-baselines3-master/risk_curriculum_metadrive/outputs/ijmlc_p2_external_baselines/rcpo_lagrangian_1m_nenv16/rcpo_lagrangian_ppo_s0/config.json,/home/aaa/data/qj/stable-baselines3-master/risk_curriculum_metadrive/outputs/ijmlc_p2_external_baselines/rcpo_lagrangian_1m_nenv16/rcpo_lagrangian_ppo_s0/model/final_model.zip
rcpo_lagrangian,external_safe_rl,rcpo_lagrangian,ppo,0,none,0.15,10000,10011,11,0.0,1.0,0.14956153583178283,1.0,1.0,0.0,0.0,77.0,68.30604823771957,18.589870193813255,40.66599630688347,42.03566060827837,9.298702653464812,0.0,1.0,0.14956153583178283,85.36774749051243,2.906845108311643,0.23688044802118233,0.1641616783233389,0.7407407407407407,0.0,0.0,0.0,0.0,0.0,0.0,0.47304114181693496,0.4242919967509806,0.6586306059034542,0.7999271200969814,3.69281672710831,4.3793522054329515,4.165857868925245,5.048127009649761,0.47304114181693496,0.6586306059034542,/home/aaa/data/qj/stable-baselines3-master/risk_curriculum_metadrive/outputs/ijmlc_p2_external_baselines/rcpo_lagrangian_1m_nenv16/rcpo_lagrangian_ppo_s0/config.json,/home/aaa/data/qj/stable-baselines3-master/risk_curriculum_metadrive/outputs/ijmlc_p2_external_baselines/rcpo_lagrangian_1m_nenv16/rcpo_lagrangian_ppo_s0/model/final_model.zip
rcpo_lagrangian,external_safe_rl,rcpo_lagrangian,ppo,0,none,0.15,10000,10012,12,0.0,1.0,0.15637318384093954,1.0,1.0,0.0,0.0,72.0,39.8431782540413,4.562784642248829,34.93976178814026,37.4137461518772,8.56503988467979,0.0,1.0,0.15637318384093954,69.75965163658009,1.1240797958593833,0.34446264449352004,0.13996378514952226,1.0,0.0,0.0,0.0,0.0,0.0,0.0,0.43875127731654273,0.39954649400897324,0.633674245182192,0.695832255587448,1.9725177640389626,2.379851700970903,2.411269041355505,2.8490079988841903,0.43875127731654273,0.633674245182192,/home/aaa/data/qj/stable-baselines3-master/risk_curriculum_metadrive/outputs/ijmlc_p2_external_baselines/rcpo_lagrangian_1m_nenv16/rcpo_lagrangian_ppo_s0/config.json,/home/aaa/data/qj/stable-baselines3-master/risk_curriculum_metadrive/outputs/ijmlc_p2_external_baselines/rcpo_lagrangian_1m_nenv16/rcpo_lagrangian_ppo_s0/model/final_model.zip
rcpo_lagrangian,external_safe_rl,rcpo_lagrangian,ppo,0,none,0.15,10000,10013,13,0.0,1.0,0.18174232098075127,0.0,0.0,0.0,1.0,119.0,43.89046247320384,7.347500866024443,36.608982209522026,38.03297871215735,13.762050805297202,0.0,1.0,0.18174232098075127,120.09715432801406,2.5445895606082902,1.4719652358691018,0.03301392187417425,1.0,0.0,0.0,0.0,0.0,0.0,0.0,0.4592645214381432,0.4224619915476069,0.6409591951523906,0.7914511431590645,3.0823527059288884,3.7404053931823,3.5416172273670314,4.222097103775013,0.4592645214381432,0.6409591951523906,/home/aaa/data/qj/stable-baselines3-master/risk_curriculum_metadrive/outputs/ijmlc_p2_external_baselines/rcpo_lagrangian_1m_nenv16/rcpo_lagrangian_ppo_s0/config.json,/home/aaa/data/qj/stable-baselines3-master/risk_curriculum_metadrive/outputs/ijmlc_p2_external_baselines/rcpo_lagrangian_1m_nenv16/rcpo_lagrangian_ppo_s0/model/final_model.zip
rcpo_lagrangian,external_safe_rl,rcpo_lagrangian,ppo,0,none,0.15,10000,10014,14,0.0,1.0,0.0838544825656146,0.0,0.0,0.0,1.0,74.0,41.005861975840055,2.9185654648884665,32.45397449752174,35.26918619388691,8.120394555247108,0.013513513513513514,1.0,0.0838544825656146,65.643977113978,3.9179127615032785,3.913382133578783,0.005849120208090386,1.0,0.0,0.0,0.0,0.0,0.0,0.0,0.4847516355693114,0.45251150004332885,0.6701772530504967,0.7248287458787672,4.902528716696464,5.905777191219386,5.387280352265775,6.458011495851679,0.4847516355693114,0.6701772530504967,/home/aaa/data/qj/stable-baselines3-master/risk_curriculum_metadrive/outputs/ijmlc_p2_external_baselines/rcpo_lagrangian_1m_nenv16/rcpo_lagrangian_ppo_s0/config.json,/home/aaa/data/qj/stable-baselines3-master/risk_curriculum_metadrive/outputs/ijmlc_p2_external_baselines/rcpo_lagrangian_1m_nenv16/rcpo_lagrangian_ppo_s0/model/final_model.zip
rcpo_lagrangian,external_safe_rl,rcpo_lagrangian,ppo,0,none,0.15,10000,10015,15,0.0,1.0,0.16753953749685518,1.0,1.0,0.0,0.0,94.0,68.51258363270118,19.23247794125626,44.77094927308997,50.02795909119828,11.08101192216843,0.0,1.0,0.16753953749685518,116.11511948822313,2.421051606713057,0.44623223562165504,0.22506211713188354,0.975609756097561,0.0,0.0,0.0,0.0,0.0,0.0,0.43930369212559645,0.4136405041208491,0.6361585001286585,0.7876553945243323,3.000381330685799,3.4373316491837613,3.4396850228113953,3.928275842918083,0.43930369212559645,0.6361585001286585,/home/aaa/data/qj/stable-baselines3-master/risk_curriculum_metadrive/outputs/ijmlc_p2_external_baselines/rcpo_lagrangian_1m_nenv16/rcpo_lagrangian_ppo_s0/config.json,/home/aaa/data/qj/stable-baselines3-master/risk_curriculum_metadrive/outputs/ijmlc_p2_external_baselines/rcpo_lagrangian_1m_nenv16/rcpo_lagrangian_ppo_s0/model/final_model.zip
rcpo_lagrangian,external_safe_rl,rcpo_lagrangian,ppo,0,none,0.15,10000,10016,16,0.0,1.0,0.2977947510715831,0.0,0.0,0.0,1.0,130.0,60.85134153018855,19.259513297241764,43.70399190107422,49.80036164951488,13.606708324699188,0.007692307692307693,0.0,0.2977947510715831,156.88064622167613,,,0.0,0.0,0.0,0.0,0.0,0.0,0.0,0.0,0.43516765435924754,0.40689949673833326,0.6273351486015599,0.6823299601092002,2.921721361501393,3.6160171031951904,3.3568890158606406,4.035685001144884,0.43516765435924754,0.6273351486015599,/home/aaa/data/qj/stable-baselines3-master/risk_curriculum_metadrive/outputs/ijmlc_p2_external_baselines/rcpo_lagrangian_1m_nenv16/rcpo_lagrangian_ppo_s0/config.json,/home/aaa/data/qj/stable-baselines3-master/risk_curriculum_metadrive/outputs/ijmlc_p2_external_baselines/rcpo_lagrangian_1m_nenv16/rcpo_lagrangian_ppo_s0/model/final_model.zip
rcpo_lagrangian,external_safe_rl,rcpo_lagrangian,ppo,0,none,0.15,10000,10017,17,0.0,1.0,0.08474206715308973,1.0,1.0,0.0,0.0,71.0,41.37563511579673,3.130079572491045,31.99106567165699,32.96025370290479,7.841047416977141,0.014084507042253521,1.0,0.08474206715308973,61.77969236471285,10.921679648013509,0.5592563427920717,0.25807156624878036,0.5070422535211268,0.0,0.0,0.0,0.0,0.0,0.0,0.4728388870921983,0.4461599892238155,0.6519390008179471,0.6970557951717637,4.640578226724141,5.482755499542691,5.11341711381634,6.030469499819446,0.4728388870921983,0.6519390008179471,/home/aaa/data/qj/stable-baselines3-master/risk_curriculum_metadrive/outputs/ijmlc_p2_external_baselines/rcpo_lagrangian_1m_nenv16/rcpo_lagrangian_ppo_s0/config.json,/home/aaa/data/qj/stable-baselines3-master/risk_curriculum_metadrive/outputs/ijmlc_p2_external_baselines/rcpo_lagrangian_1m_nenv16/rcpo_lagrangian_ppo_s0/model/final_model.zip
rcpo_lagrangian,external_safe_rl,rcpo_lagrangian,ppo,0,none,0.15,10000,10018,18,0.0,1.0,0.14191594782921904,1.0,1.0,0.0,0.0,64.0,42.764721552136365,5.589839210944749,33.71262865781815,34.08111680807477,7.891615694230915,0.0,1.0,0.14191594782921904,58.575473745897725,12.335061056596242,0.36449989025412155,0.2814462820318704,0.546875,0.0,0.0,0.0,0.0,0.0,0.0,0.4236592037614173,0.4071589937666431,0.6261390495637896,0.6787566177081316,3.085787155214348,3.639808249863563,3.509446358975765,4.162738454760984,0.4236592037614173,0.6261390495637896,/home/aaa/data/qj/stable-baselines3-master/risk_curriculum_metadrive/outputs/ijmlc_p2_external_baselines/rcpo_lagrangian_1m_nenv16/rcpo_lagrangian_ppo_s0/config.json,/home/aaa/data/qj/stable-baselines3-master/risk_curriculum_metadrive/outputs/ijmlc_p2_external_baselines/rcpo_lagrangian_1m_nenv16/rcpo_lagrangian_ppo_s0/model/final_model.zip
rcpo_lagrangian,external_safe_rl,rcpo_lagrangian,ppo,0,none,0.15,10000,10019,19,0.0,1.0,0.11897942638805784,0.0,0.0,0.0,1.0,88.0,31.54381063481221,-0.7087118909521593,38.66034892996556,44.893578746145764,10.46961190472704,0.0,1.0,0.11897942638805784,93.51502575246133,2.446464326237561,2.397303768851498,0.011606980335283816,1.0,0.0,0.0,0.0,0.0,0.0,0.0,0.472150443039771,0.4286499970476143,0.6365714500134344,0.856658038246674,3.161173103349442,3.786338899953989,3.6333235463892133,4.247225941799115,0.472150443039771,0.6365714500134344,/home/aaa/data/qj/stable-baselines3-master/risk_curriculum_metadrive/outputs/ijmlc_p2_external_baselines/rcpo_lagrangian_1m_nenv16/rcpo_lagrangian_ppo_s0/config.json,/home/aaa/data/qj/stable-baselines3-master/risk_curriculum_metadrive/outputs/ijmlc_p2_external_baselines/rcpo_lagrangian_1m_nenv16/rcpo_lagrangian_ppo_s0/model/final_model.zip
rcpo_lagrangian,external_safe_rl,rcpo_lagrangian,ppo,0,none,0.15,20000,20000,0,0.0,1.0,0.2148747983963313,1.0,1.0,0.0,0.0,71.0,47.46667462640523,10.129581265092561,36.918183199764265,37.843141969213214,8.422794790242422,0.0,0.0,0.2148747983963313,71.83003128048834,12.093647691590789,0.5261525295072554,0.24255467340723844,0.5862068965517241,0.0,0.0,0.0,0.0,0.0,0.0,0.41240864944919736,0.3894480032613501,0.625508495431859,0.6732744936016387,1.6904716608672021,2.116346498951316,2.1028803103163995,2.587410999694839,0.41240864944919736,0.625508495431859,/home/aaa/data/qj/stable-baselines3-master/risk_curriculum_metadrive/outputs/ijmlc_p2_external_baselines/rcpo_lagrangian_1m_nenv16/rcpo_lagrangian_ppo_s0/config.json,/home/aaa/data/qj/stable-baselines3-master/risk_curriculum_metadrive/outputs/ijmlc_p2_external_baselines/rcpo_lagrangian_1m_nenv16/rcpo_lagrangian_ppo_s0/model/final_model.zip
rcpo_lagrangian,external_safe_rl,rcpo_lagrangian,ppo,0,none,0.15,20000,20001,1,0.0,1.0,0.19438693988159286,1.0,1.0,0.0,0.0,94.0,27.79114811196707,-0.3728177475686749,36.892439636887715,45.31468867171813,9.171730699468931,0.010638297872340425,1.0,0.19438693988159286,95.24578081431844,9.830071897045961,0.0719063342886207,0.3265135595100103,0.625,0.0,0.0,0.0,0.0,0.0,0.0,0.4405941058103827,0.40636399353388697,0.5873209440323988,0.7055238842440247,2.520054105534268,2.9483413462003227,2.9606482113446506,3.403577955032233,0.4405941058103827,0.5873209440323988,/home/aaa/data/qj/stable-baselines3-master/risk_curriculum_metadrive/outputs/ijmlc_p2_external_baselines/rcpo_lagrangian_1m_nenv16/rcpo_lagrangian_ppo_s0/config.json,/home/aaa/data/qj/stable-baselines3-master/risk_curriculum_metadrive/outputs/ijmlc_p2_external_baselines/rcpo_lagrangian_1m_nenv16/rcpo_lagrangian_ppo_s0/model/final_model.zip
rcpo_lagrangian,external_safe_rl,rcpo_lagrangian,ppo,0,none,0.15,20000,20002,2,0.0,1.0,0.3021659320281985,1.0,1.0,0.0,0.0,111.0,93.34828885980082,35.68912239074638,47.78118420947441,60.025983418944406,13.303814423464795,0.0,0.0,0.3021659320281985,145.95875313474048,1.528938940543109,0.4495408258139191,0.15009993770624394,1.0,0.0,0.0,0.0,0.0,0.0,0.0,0.41974650426906207,0.4038839979330078,0.6213744927663356,0.6715862007695251,3.125845910068853,4.202847499982454,3.545592414337915,4.586211493005976,0.41974650426906207,0.6213744927663356,/home/aaa/data/qj/stable-baselines3-master/risk_curriculum_metadrive/outputs/ijmlc_p2_external_baselines/rcpo_lagrangian_1m_nenv16/rcpo_lagrangian_ppo_s0/config.json,/home/aaa/data/qj/stable-baselines3-master/risk_curriculum_metadrive/outputs/ijmlc_p2_external_baselines/rcpo_lagrangian_1m_nenv16/rcpo_lagrangian_ppo_s0/model/final_model.zip
rcpo_lagrangian,external_safe_rl,rcpo_lagrangian,ppo,0,none,0.15,20000,20003,3,0.0,1.0,0.2868854653736062,1.0,1.0,0.0,0.0,148.0,90.13263531098893,33.62288161670266,47.82356297735156,58.007280997736274,15.800628844898858,0.0,0.0,0.2868854653736062,195.30368154039394,3.9214725881444576,0.06465429289595799,0.2601075023941876,0.6595744680851063,0.0,0.0,0.0,0.0,0.0,0.0,0.4544490802800283,0.43269150046398863,0.62086425095913,0.6835668619896751,4.020809263484144,5.88403026049491,4.475258343764172,6.367183605470927,0.4544490802800283,0.62086425095913,/home/aaa/data/qj/stable-baselines3-master/risk_curriculum_metadrive/outputs/ijmlc_p2_external_baselines/rcpo_lagrangian_1m_nenv16/rcpo_lagrangian_ppo_s0/config.json,/home/aaa/data/qj/stable-baselines3-master/risk_curriculum_metadrive/outputs/ijmlc_p2_external_baselines/rcpo_lagrangian_1m_nenv16/rcpo_lagrangian_ppo_s0/model/final_model.zip
rcpo_lagrangian,external_safe_rl,rcpo_lagrangian,ppo,0,none,0.15,20000,20004,4,0.0,1.0,0.19438445075097976,1.0,1.0,0.0,0.0,87.0,66.88190476707335,19.22248590606606,39.683295076943494,42.610972484578774,9.801176842025285,0.0,1.0,0.19438445075097976,94.66967538107788,5.4376691679906735,0.5076631113384023,0.21921144865771852,0.5416666666666666,0.0,0.0,0.0,0.0,0.0,0.0,0.4344254818439869,0.41122800030279905,0.5989950004732237,0.698269397544209,2.3834910802409355,2.7682312967954203,2.817916562084922,3.2299990925821476,0.4344254818439869,0.5989950004732237,/home/aaa/data/qj/stable-baselines3-master/risk_curriculum_metadrive/outputs/ijmlc_p2_external_baselines/rcpo_lagrangian_1m_nenv16/rcpo_lagrangian_ppo_s0/config.json,/home/aaa/data/qj/stable-baselines3-master/risk_curriculum_metadrive/outputs/ijmlc_p2_external_baselines/rcpo_lagrangian_1m_nenv16/rcpo_lagrangian_ppo_s0/model/final_model.zip
rcpo_lagrangian,external_safe_rl,rcpo_lagrangian,ppo,0,none,0.15,20000,20005,5,0.0,1.0,0.21029381595767468,1.0,1.0,0.0,0.0,108.0,77.28112114248158,24.899375049971,39.98304547100991,48.10897862516509,11.7796584643568,0.0,0.0,0.21029381595767468,118.79352590665147,6.509506760567044,0.6082229122056393,0.13727831343442612,0.4727272727272727,0.0,0.0,0.0,0.0,0.0,0.0,0.4597023612910157,0.447346996224951,0.6253328479942866,0.6709828943712636,4.741872010560689,5.450618904433213,5.201574371851705,6.001522261067294,0.4597023612910157,0.6253328479942866,/home/aaa/data/qj/stable-baselines3-master/risk_curriculum_metadrive/outputs/ijmlc_p2_external_baselines/rcpo_lagrangian_1m_nenv16/rcpo_lagrangian_ppo_s0/config.json,/home/aaa/data/qj/stable-baselines3-master/risk_curriculum_metadrive/outputs/ijmlc_p2_external_baselines/rcpo_lagrangian_1m_nenv16/rcpo_lagrangian_ppo_s0/model/final_model.zip
rcpo_lagrangian,external_safe_rl,rcpo_lagrangian,ppo,0,none,0.15,20000,20006,6,0.0,1.0,0.11643421518939794,0.0,0.0,0.0,1.0,72.0,41.67554297964666,4.230797945505277,33.133424230792315,34.90913486686716,7.946300039264493,0.013888888888888888,1.0,0.11643421518939794,65.15824933988225,4.950542137769469,4.8860139369233275,0.0003166279529907569,0.5,0.0,0.0,0.0,0.0,0.0,0.0,0.4589766532363784,0.4170325046288781,0.6292222053161822,0.9027160466939723,2.684049708275577,3.472155203053262,3.1430263615119554,3.9959573587111663,0.4589766532363784,0.6292222053161822,/home/aaa/data/qj/stable-baselines3-master/risk_curriculum_metadrive/outputs/ijmlc_p2_external_baselines/rcpo_lagrangian_1m_nenv16/rcpo_lagrangian_ppo_s0/config.json,/home/aaa/data/qj/stable-baselines3-master/risk_curriculum_metadrive/outputs/ijmlc_p2_external_baselines/rcpo_lagrangian_1m_nenv16/rcpo_lagrangian_ppo_s0/model/final_model.zip
rcpo_lagrangian,external_safe_rl,rcpo_lagrangian,ppo,0,none,0.15,20000,20007,7,0.0,1.0,0.15859214187650622,0.0,0.0,0.0,1.0,71.0,36.696154377438226,3.055841445014302,35.153349982578256,38.902251611908234,8.651826353963221,0.0,1.0,0.15859214187650622,68.22992683700605,,,0.0,0.0,0.0,0.0,0.0,0.0,0.0,0.0,0.368041619059997,0.34029700327664614,0.5533534931601025,0.5829779038322157,2.1590445345205347,2.4367609948967583,2.5270861535805316,2.7860589980264194,0.368041619059997,0.5533534931601025,/home/aaa/data/qj/stable-baselines3-master/risk_curriculum_metadrive/outputs/ijmlc_p2_external_baselines/rcpo_lagrangian_1m_nenv16/rcpo_lagrangian_ppo_s0/config.json,/home/aaa/data/qj/stable-baselines3-master/risk_curriculum_metadrive/outputs/ijmlc_p2_external_baselines/rcpo_lagrangian_1m_nenv16/rcpo_lagrangian_ppo_s0/model/final_model.zip
rcpo_lagrangian,external_safe_rl,rcpo_lagrangian,ppo,0,none,0.15,20000,20008,8,0.0,1.0,0.14981548628663582,1.0,1.0,0.0,0.0,88.0,57.23817229978614,13.063550738492161,39.99340653276229,45.37207808496716,10.080640176621323,0.0,1.0,0.14981548628663582,96.37633546724696,1.542627140882661,0.5371428526216281,0.18072630854476995,1.0,0.0,0.0,0.0,0.0,0.0,0.0,0.5077179547780278,0.46272749750642106,0.6877925989101641,0.746128595783374,3.7500935461800755,4.347908557974733,4.257811500958104,4.854493906896096,0.5077179547780278,0.6877925989101641,/home/aaa/data/qj/stable-baselines3-master/risk_curriculum_metadrive/outputs/ijmlc_p2_external_baselines/rcpo_lagrangian_1m_nenv16/rcpo_lagrangian_ppo_s0/config.json,/home/aaa/data/qj/stable-baselines3-master/risk_curriculum_metadrive/outputs/ijmlc_p2_external_baselines/rcpo_lagrangian_1m_nenv16/rcpo_lagrangian_ppo_s0/model/final_model.zip
rcpo_lagrangian,external_safe_rl,rcpo_lagrangian,ppo,0,none,0.15,20000,20009,9,0.0,1.0,0.3804688193155784,0.0,0.0,0.0,1.0,121.0,82.45460474464241,32.59136695178859,48.16191573198881,58.26801475304883,13.221784705973842,0.0,0.0,0.3804688193155784,160.57195650026657,,,0.0,0.0,0.0,0.0,0.0,0.0,0.0,0.0,0.41753692602477044,0.4109680012334138,0.6359889957820997,0.6963711988646536,3.1244193386788717,4.014812991954386,3.5419562647036424,4.562211004667915,0.41753692602477044,0.6359889957820997,/home/aaa/data/qj/stable-baselines3-master/risk_curriculum_metadrive/outputs/ijmlc_p2_external_baselines/rcpo_lagrangian_1m_nenv16/rcpo_lagrangian_ppo_s0/config.json,/home/aaa/data/qj/stable-baselines3-master/risk_curriculum_metadrive/outputs/ijmlc_p2_external_baselines/rcpo_lagrangian_1m_nenv16/rcpo_lagrangian_ppo_s0/model/final_model.zip
rcpo_lagrangian,external_safe_rl,rcpo_lagrangian,ppo,0,none,0.15,20000,20010,10,0.0,1.0,0.47334616589897416,0.0,0.0,0.0,1.0,145.0,129.57560238451427,58.93818616922637,54.07501028139304,65.20011147181636,15.850332515650983,0.0,0.0,0.47334616589897416,216.4073023302751,1.5217305588156684,0.13158188420122435,0.16311884275898933,1.0,0.0,0.0,0.0,0.0,0.0,0.0,0.39025394512934547,0.3825049934675917,0.5539247940760103,0.6094238348305225,2.347793103825975,3.817152202827856,2.7380470489553206,4.26684480626136,0.39025394512934547,0.5539247940760103,/home/aaa/data/qj/stable-baselines3-master/risk_curriculum_metadrive/outputs/ijmlc_p2_external_baselines/rcpo_lagrangian_1m_nenv16/rcpo_lagrangian_ppo_s0/config.json,/home/aaa/data/qj/stable-baselines3-master/risk_curriculum_metadrive/outputs/ijmlc_p2_external_baselines/rcpo_lagrangian_1m_nenv16/rcpo_lagrangian_ppo_s0/model/final_model.zip
rcpo_lagrangian,external_safe_rl,rcpo_lagrangian,ppo,0,none,0.15,20000,20011,11,0.0,1.0,0.3591240390416132,1.0,1.0,0.0,0.0,159.0,64.51977417985368,22.98360826117524,46.013342753360895,51.37474379475371,16.994053114110336,0.0,0.0,0.3591240390416132,202.1613031038054,8.142150141589577,0.059507217615643086,0.21876464284714317,0.7469879518072289,0.0,0.0,0.0,0.0,0.0,0.0,0.4830872147628135,0.4587989969877526,0.6506395046017132,0.7687054076814087,5.528856383683453,6.177703000139445,6.011943598446266,6.741568607685622,0.4830872147628135,0.6506395046017132,/home/aaa/data/qj/stable-baselines3-master/risk_curriculum_metadrive/outputs/ijmlc_p2_external_baselines/rcpo_lagrangian_1m_nenv16/rcpo_lagrangian_ppo_s0/config.json,/home/aaa/data/qj/stable-baselines3-master/risk_curriculum_metadrive/outputs/ijmlc_p2_external_baselines/rcpo_lagrangian_1m_nenv16/rcpo_lagrangian_ppo_s0/model/final_model.zip
rcpo_lagrangian,external_safe_rl,rcpo_lagrangian,ppo,0,none,0.15,20000,20012,12,0.0,1.0,0.13240913029420912,0.0,0.0,0.0,1.0,76.0,25.694234127886425,-3.2306090272305106,35.64094023479269,39.87830674379679,8.835965541724274,0.0,1.0,0.13240913029420912,74.16683028547286,,,0.0,0.0,0.0,0.0,0.0,0.0,0.0,0.0,0.4024266981057161,0.4021400018245913,0.5827477434650064,0.6403632505680434,2.1269003290830084,2.5249799946323037,2.5293270271887245,2.9567082565336023,0.4024266981057161,0.5827477434650064,/home/aaa/data/qj/stable-baselines3-master/risk_curriculum_metadrive/outputs/ijmlc_p2_external_baselines/rcpo_lagrangian_1m_nenv16/rcpo_lagrangian_ppo_s0/config.json,/home/aaa/data/qj/stable-baselines3-master/risk_curriculum_metadrive/outputs/ijmlc_p2_external_baselines/rcpo_lagrangian_1m_nenv16/rcpo_lagrangian_ppo_s0/model/final_model.zip
rcpo_lagrangian,external_safe_rl,rcpo_lagrangian,ppo,0,none,0.15,20000,20013,13,0.0,1.0,0.22944049640187755,0.0,0.0,0.0,1.0,146.0,66.04012725538476,19.8032785197487,44.593100025723324,50.487802285687465,15.133193253807686,0.00684931506849315,0.0,0.22944049640187755,179.77068901993948,2.6899624845480177,2.604461563897866,0.009493304858021844,1.0,0.0,0.0,0.0,0.0,0.0,0.0,0.4423159872913695,0.4263245064066723,0.6497675021819305,0.747243104706286,3.1779713489949284,3.898151004250394,3.6202873362862977,4.404050232551526,0.4423159872913695,0.6497675021819305,/home/aaa/data/qj/stable-baselines3-master/risk_curriculum_metadrive/outputs/ijmlc_p2_external_baselines/rcpo_lagrangian_1m_nenv16/rcpo_lagrangian_ppo_s0/config.json,/home/aaa/data/qj/stable-baselines3-master/risk_curriculum_metadrive/outputs/ijmlc_p2_external_baselines/rcpo_lagrangian_1m_nenv16/rcpo_lagrangian_ppo_s0/model/final_model.zip
rcpo_lagrangian,external_safe_rl,rcpo_lagrangian,ppo,0,none,0.15,20000,20014,14,0.0,1.0,0.29731819646895125,1.0,1.0,0.0,0.0,119.0,101.4496893184309,39.544390553283975,48.35668610390063,57.84252776804185,12.654936395512557,0.008403361344537815,0.0,0.29731819646895125,158.80360846895758,5.111571018548863,0.3306573091942001,0.1680188478738473,0.5,0.0,0.0,0.0,0.0,0.0,0.0,0.4205019070185768,0.4052779986523092,0.6166272039990872,0.6417816816247067,2.8487947899574304,4.127989192784298,3.2692966969760073,4.562935316062067,0.4205019070185768,0.6166272039990872,/home/aaa/data/qj/stable-baselines3-master/risk_curriculum_metadrive/outputs/ijmlc_p2_external_baselines/rcpo_lagrangian_1m_nenv16/rcpo_lagrangian_ppo_s0/config.json,/home/aaa/data/qj/stable-baselines3-master/risk_curriculum_metadrive/outputs/ijmlc_p2_external_baselines/rcpo_lagrangian_1m_nenv16/rcpo_lagrangian_ppo_s0/model/final_model.zip
rcpo_lagrangian,external_safe_rl,rcpo_lagrangian,ppo,0,none,0.15,20000,20015,15,0.0,1.0,0.11435881016793922,1.0,1.0,0.0,0.0,72.0,35.21387775104012,0.9877031805582313,34.74045181637364,38.099191317283214,8.660043536066105,0.0,1.0,0.11435881016793922,68.70449528142123,0.6410827310219989,0.2629182581759917,0.1331891387743278,1.0,0.0,0.0,0.0,0.0,0.0,0.0,0.4375043477517061,0.405534497986082,0.6303217014647089,0.6465343908348586,2.0417382082895426,2.4876181458239444,2.4792425560412488,2.9101506414008327,0.4375043477517061,0.6303217014647089,/home/aaa/data/qj/stable-baselines3-master/risk_curriculum_metadrive/outputs/ijmlc_p2_external_baselines/rcpo_lagrangian_1m_nenv16/rcpo_lagrangian_ppo_s0/config.json,/home/aaa/data/qj/stable-baselines3-master/risk_curriculum_metadrive/outputs/ijmlc_p2_external_baselines/rcpo_lagrangian_1m_nenv16/rcpo_lagrangian_ppo_s0/model/final_model.zip
rcpo_lagrangian,external_safe_rl,rcpo_lagrangian,ppo,0,none,0.15,20000,20016,16,0.0,1.0,0.2264132084726772,1.0,1.0,0.0,0.0,119.0,90.21030218996133,31.847547349160962,48.060620800065905,58.86487766575166,13.624368880700754,0.0,0.0,0.2264132084726772,157.61735350142715,1.4391138204725766,0.45394764849987507,0.0720213989315352,0.9166666666666666,0.0,0.0,0.0,0.0,0.0,0.0,0.453358723125577,0.4370669921627268,0.6626884962315671,0.7070971227949484,3.953393898828996,4.6114026961731724,4.406752621954573,5.243608706223313,0.453358723125577,0.6626884962315671,/home/aaa/data/qj/stable-baselines3-master/risk_curriculum_metadrive/outputs/ijmlc_p2_external_baselines/rcpo_lagrangian_1m_nenv16/rcpo_lagrangian_ppo_s0/config.json,/home/aaa/data/qj/stable-baselines3-master/risk_curriculum_metadrive/outputs/ijmlc_p2_external_baselines/rcpo_lagrangian_1m_nenv16/rcpo_lagrangian_ppo_s0/model/final_model.zip
rcpo_lagrangian,external_safe_rl,rcpo_lagrangian,ppo,0,none,0.15,20000,20017,17,0.0,1.0,0.11214489490331524,0.0,0.0,0.0,1.0,68.0,24.585382104444577,-4.392962100678261,34.6477129731102,35.68882972290328,8.038888085518643,0.0,1.0,0.11214489490331524,64.189193940179,,,0.0,0.0,0.0,0.0,0.0,0.0,0.0,0.0,0.4048232953851659,0.4079194986843504,0.533019954309566,0.6485454643552657,3.0716265736212818,3.784229799202876,3.476449869006448,4.278687301848549,0.4048232953851659,0.533019954309566,/home/aaa/data/qj/stable-baselines3-master/risk_curriculum_metadrive/outputs/ijmlc_p2_external_baselines/rcpo_lagrangian_1m_nenv16/rcpo_lagrangian_ppo_s0/config.json,/home/aaa/data/qj/stable-baselines3-master/risk_curriculum_metadrive/outputs/ijmlc_p2_external_baselines/rcpo_lagrangian_1m_nenv16/rcpo_lagrangian_ppo_s0/model/final_model.zip
rcpo_lagrangian,external_safe_rl,rcpo_lagrangian,ppo,0,none,0.15,20000,20018,18,0.0,1.0,0.1284199037726331,0.0,0.0,0.0,1.0,126.0,30.305252839635735,-1.0447764670031532,35.23489966793028,35.951660026313334,13.812450675637507,0.0,1.0,0.1284199037726331,122.47573753898833,3.582477505619701,3.2553706785266012,0.009000142821462215,1.0,0.0,0.0,0.0,0.0,0.0,0.0,0.49462235723954756,0.45513000077335164,0.6915032536198851,0.7566337517346255,3.6278758169149996,6.998916251177434,4.122498174154547,7.464978007192258,0.49462235723954756,0.6915032536198851,/home/aaa/data/qj/stable-baselines3-master/risk_curriculum_metadrive/outputs/ijmlc_p2_external_baselines/rcpo_lagrangian_1m_nenv16/rcpo_lagrangian_ppo_s0/config.json,/home/aaa/data/qj/stable-baselines3-master/risk_curriculum_metadrive/outputs/ijmlc_p2_external_baselines/rcpo_lagrangian_1m_nenv16/rcpo_lagrangian_ppo_s0/model/final_model.zip
rcpo_lagrangian,external_safe_rl,rcpo_lagrangian,ppo,0,none,0.15,20000,20019,19,0.0,1.0,0.18591480133047927,1.0,1.0,0.0,0.0,108.0,39.551116611293885,5.2530023455613275,36.901053234903856,41.58234150546143,11.53932190808672,0.009259259259259259,1.0,0.18591480133047927,109.82603400465474,7.930726164806026,1.2649803718658168,0.10608775311103863,0.5348837209302325,0.0,0.0,0.0,0.0,0.0,0.0,0.4375189629273437,0.4104034960619174,0.6199787989316973,0.6919366550573612,2.914336156849189,3.2197171967709437,3.3518551197765327,3.7750462448457256,0.4375189629273437,0.6199787989316973,/home/aaa/data/qj/stable-baselines3-master/risk_curriculum_metadrive/outputs/ijmlc_p2_external_baselines/rcpo_lagrangian_1m_nenv16/rcpo_lagrangian_ppo_s0/config.json,/home/aaa/data/qj/stable-baselines3-master/risk_curriculum_metadrive/outputs/ijmlc_p2_external_baselines/rcpo_lagrangian_1m_nenv16/rcpo_lagrangian_ppo_s0/model/final_model.zip
rcpo_lagrangian,external_safe_rl,rcpo_lagrangian,ppo,0,none,0.2,10000,10000,0,0.0,1.0,0.12160344448566363,1.0,1.0,0.0,0.0,71.0,32.25228159204102,-0.2757558694095721,30.976110588833972,33.840125813916956,8.362272267032578,0.014084507042253521,1.0,0.12160344448566363,59.91828104063972,13.289830880738062,0.5909937963859144,0.15981258560579636,0.574468085106383,0.0,0.0,0.0,0.0,0.0,0.0,0.5034305912386757,0.46273200132418424,0.7033964939182624,0.8796367008471855,5.292294211652864,6.302891997620463,5.79572480289154,6.83025050238939,0.5034305912386757,0.7033964939182624,/home/aaa/data/qj/stable-baselines3-master/risk_curriculum_metadrive/outputs/ijmlc_p2_external_baselines/rcpo_lagrangian_1m_nenv16/rcpo_lagrangian_ppo_s0/config.json,/home/aaa/data/qj/stable-baselines3-master/risk_curriculum_metadrive/outputs/ijmlc_p2_external_baselines/rcpo_lagrangian_1m_nenv16/rcpo_lagrangian_ppo_s0/model/final_model.zip
rcpo_lagrangian,external_safe_rl,rcpo_lagrangian,ppo,0,none,0.2,10000,10001,1,0.0,1.0,0.2950468384680267,1.0,1.0,0.0,0.0,127.0,73.67182246524435,25.63731638666297,42.973531097588285,48.276426450413354,14.463074059147928,0.0,0.0,0.2950468384680267,151.1005888682216,2.1776448439462053,0.11288824195843973,0.10667169093746624,1.0,0.0,0.0,0.0,0.0,0.0,0.0,0.4399047168081729,0.41947899444494396,0.6238914967980236,0.6359773085569032,3.669302590424195,5.339039798127487,4.109207307232368,5.785678389656823,0.4399047168081729,0.6238914967980236,/home/aaa/data/qj/stable-baselines3-master/risk_curriculum_metadrive/outputs/ijmlc_p2_external_baselines/rcpo_lagrangian_1m_nenv16/rcpo_lagrangian_ppo_s0/config.json,/home/aaa/data/qj/stable-baselines3-master/risk_curriculum_metadrive/outputs/ijmlc_p2_external_baselines/rcpo_lagrangian_1m_nenv16/rcpo_lagrangian_ppo_s0/model/final_model.zip
rcpo_lagrangian,external_safe_rl,rcpo_lagrangian,ppo,0,none,0.2,10000,10002,2,0.0,1.0,0.1165834438178372,1.0,1.0,0.0,0.0,68.0,26.014927867959166,-3.595032751485295,32.60045028756242,32.84492368634449,7.216944848913579,0.014705882352941176,1.0,0.1165834438178372,60.650520024736394,14.077415619527466,0.46580096335811644,0.2426679214758026,0.4745762711864407,0.0,0.0,0.0,0.0,0.0,0.0,0.47422899981885325,0.44219999836059287,0.6538870999065693,0.7294236161396839,4.808075204945292,5.513280149170896,5.282304204764146,6.085346753388876,0.47422899981885325,0.6538870999065693,/home/aaa/data/qj/stable-baselines3-master/risk_curriculum_metadrive/outputs/ijmlc_p2_external_baselines/rcpo_lagrangian_1m_nenv16/rcpo_lagrangian_ppo_s0/config.json,/home/aaa/data/qj/stable-baselines3-master/risk_curriculum_metadrive/outputs/ijmlc_p2_external_baselines/rcpo_lagrangian_1m_nenv16/rcpo_lagrangian_ppo_s0/model/final_model.zip
rcpo_lagrangian,external_safe_rl,rcpo_lagrangian,ppo,0,none,0.2,10000,10003,3,0.0,1.0,0.14583526830231575,1.0,1.0,0.0,0.0,66.0,41.757855127576235,5.2039856128576005,35.795000914794706,36.565528283582076,8.206107584570342,0.0,1.0,0.14583526830231575,64.387798162334,10.204913692374992,0.5637873347116245,0.2656652618192658,0.6428571428571429,0.0,0.0,0.0,0.0,0.0,0.0,0.4288164848482914,0.3984935028711334,0.619848749920493,0.7442190035362717,2.208724834031962,2.7899209962924942,2.637541318880253,3.1937739986460656,0.4288164848482914,0.619848749920493,/home/aaa/data/qj/stable-baselines3-master/risk_curriculum_metadrive/outputs/ijmlc_p2_external_baselines/rcpo_lagrangian_1m_nenv16/rcpo_lagrangian_ppo_s0/config.json,/home/aaa/data/qj/stable-baselines3-master/risk_curriculum_metadrive/outputs/ijmlc_p2_external_baselines/rcpo_lagrangian_1m_nenv16/rcpo_lagrangian_ppo_s0/model/final_model.zip
rcpo_lagrangian,external_safe_rl,rcpo_lagrangian,ppo,0,none,0.2,10000,10004,4,0.0,1.0,0.23880944365115286,1.0,1.0,0.0,0.0,105.0,44.86780209800645,9.548184358537817,45.85647066304168,54.731831337366295,12.457400793450304,0.0,0.0,0.23880944365115286,132.61806532395386,3.023498295879551,0.07631702611267695,0.2693206876955218,0.7833333333333333,0.0,0.0,0.0,0.0,0.0,0.0,0.46444168561027344,0.4539619985735044,0.6284267961746081,0.6969667552039027,4.868609152340685,6.456979794893414,5.3330508379509585,7.036213608807884,0.46444168561027344,0.6284267961746081,/home/aaa/data/qj/stable-baselines3-master/risk_curriculum_metadrive/outputs/ijmlc_p2_external_baselines/rcpo_lagrangian_1m_nenv16/rcpo_lagrangian_ppo_s0/config.json,/home/aaa/data/qj/stable-baselines3-master/risk_curriculum_metadrive/outputs/ijmlc_p2_external_baselines/rcpo_lagrangian_1m_nenv16/rcpo_lagrangian_ppo_s0/model/final_model.zip
rcpo_lagrangian,external_safe_rl,rcpo_lagrangian,ppo,0,none,0.2,10000,10005,5,0.0,1.0,0.16631479733230217,1.0,1.0,0.0,0.0,75.0,39.211889730276894,4.545388785107509,37.968359357635286,39.14635514831075,9.17276571881228,0.0,1.0,0.16631479733230217,78.19365336881636,3.970873945099907,0.47683296043247636,0.2968420777726106,0.7068965517241379,0.0,0.0,0.0,0.0,0.0,0.0,0.44292175928906846,0.4299120046198368,0.5900739910430275,0.6507793138734996,4.060319853597321,4.874933804967441,4.503241612886389,5.428832101461012,0.44292175928906846,0.5900739910430275,/home/aaa/data/qj/stable-baselines3-master/risk_curriculum_metadrive/outputs/ijmlc_p2_external_baselines/rcpo_lagrangian_1m_nenv16/rcpo_lagrangian_ppo_s0/config.json,/home/aaa/data/qj/stable-baselines3-master/risk_curriculum_metadrive/outputs/ijmlc_p2_external_baselines/rcpo_lagrangian_1m_nenv16/rcpo_lagrangian_ppo_s0/model/final_model.zip
rcpo_lagrangian,external_safe_rl,rcpo_lagrangian,ppo,0,none,0.2,10000,10006,6,0.0,1.0,0.153151620566329,0.0,0.0,0.0,1.0,89.0,44.31738584544086,6.703241539710298,38.153306120478426,46.10151904231672,10.842365279593837,0.0,1.0,0.153151620566329,93.18942462655441,11.808699830013536,1.0156253251180074,0.2286215396054002,0.5522388059701493,0.0,0.0,0.0,0.0,0.0,0.0,0.4000096618501323,0.40306099981535226,0.5260325939161703,0.5801788385724652,3.474159471970575,3.9875002024928103,3.874169133820707,4.398473797482438,0.4000096618501323,0.5260325939161703,/home/aaa/data/qj/stable-baselines3-master/risk_curriculum_metadrive/outputs/ijmlc_p2_external_baselines/rcpo_lagrangian_1m_nenv16/rcpo_lagrangian_ppo_s0/config.json,/home/aaa/data/qj/stable-baselines3-master/risk_curriculum_metadrive/outputs/ijmlc_p2_external_baselines/rcpo_lagrangian_1m_nenv16/rcpo_lagrangian_ppo_s0/model/final_model.zip
rcpo_lagrangian,external_safe_rl,rcpo_lagrangian,ppo,0,none,0.2,10000,10007,7,0.0,1.0,0.15570411195491302,1.0,1.0,0.0,0.0,103.0,89.33236304000658,29.287304878650648,44.321311283880966,51.29277558287069,11.28525311846161,0.0,1.0,0.15570411195491302,125.8738472237149,5.699339753424544,0.3481164850337493,0.1890039816423912,0.6170212765957447,0.0,0.0,0.0,0.0,0.0,0.0,0.49682117411437293,0.4783769982168451,0.6995920004555953,0.7101518521085382,6.283385154832995,7.115685699682217,6.780206328947369,7.7170694959932,0.49682117411437293,0.6995920004555953,/home/aaa/data/qj/stable-baselines3-master/risk_curriculum_metadrive/outputs/ijmlc_p2_external_baselines/rcpo_lagrangian_1m_nenv16/rcpo_lagrangian_ppo_s0/config.json,/home/aaa/data/qj/stable-baselines3-master/risk_curriculum_metadrive/outputs/ijmlc_p2_external_baselines/rcpo_lagrangian_1m_nenv16/rcpo_lagrangian_ppo_s0/model/final_model.zip
rcpo_lagrangian,external_safe_rl,rcpo_lagrangian,ppo,0,none,0.2,10000,10008,8,0.0,1.0,0.1773600490924168,1.0,1.0,0.0,0.0,85.0,55.59858834231183,13.070095643928408,37.64626624154317,43.19404031356725,9.890821322631565,0.0,1.0,0.1773600490924168,87.61650312150395,18.398082911396703,0.11324931838408817,0.08961810754048835,0.3,0.0,0.0,0.0,0.0,0.0,0.0,0.4524163999389309,0.42164299520663917,0.6387928093317896,0.7017425214871761,2.8977511298281193,4.314474196871743,3.3501675297670506,4.766379602369852,0.4524163999389309,0.6387928093317896,/home/aaa/data/qj/stable-baselines3-master/risk_curriculum_metadrive/outputs/ijmlc_p2_external_baselines/rcpo_lagrangian_1m_nenv16/rcpo_lagrangian_ppo_s0/config.json,/home/aaa/data/qj/stable-baselines3-master/risk_curriculum_metadrive/outputs/ijmlc_p2_external_baselines/rcpo_lagrangian_1m_nenv16/rcpo_lagrangian_ppo_s0/model/final_model.zip
rcpo_lagrangian,external_safe_rl,rcpo_lagrangian,ppo,0,none,0.2,10000,10009,9,0.0,1.0,0.34767196018341967,1.0,1.0,0.0,0.0,133.0,75.77313042924952,28.26672402012736,43.80150730531358,50.258092311267355,15.077531612264698,0.0,0.0,0.34767196018341967,160.87337702165254,5.211882107192091,1.218971995051889,0.0799169496607528,0.425,0.0,0.0,0.0,0.0,0.0,0.0,0.43588800726045285,0.4200690018478781,0.6325088033918291,0.6541677564382553,3.4241951810357096,3.9303102006670088,3.8600831882961626,4.443564804387279,0.43588800726045285,0.6325088033918291,/home/aaa/data/qj/stable-baselines3-master/risk_curriculum_metadrive/outputs/ijmlc_p2_external_baselines/rcpo_lagrangian_1m_nenv16/rcpo_lagrangian_ppo_s0/config.json,/home/aaa/data/qj/stable-baselines3-master/risk_curriculum_metadrive/outputs/ijmlc_p2_external_baselines/rcpo_lagrangian_1m_nenv16/rcpo_lagrangian_ppo_s0/model/final_model.zip
rcpo_lagrangian,external_safe_rl,rcpo_lagrangian,ppo,0,none,0.2,10000,10010,10,0.0,1.0,0.2015717608315049,1.0,1.0,0.0,0.0,102.0,74.56236982806402,23.228337738977167,40.09428667658985,50.16644358887344,10.994032559972608,0.00980392156862745,0.0,0.2015717608315049,112.28571217230386,4.911192154409854,0.027544204288175236,0.23092459863916767,0.6938775510204082,0.0,0.0,0.0,0.0,0.0,0.0,0.49409600030105816,0.46156049938872457,0.6597912062716204,0.6883087562164292,5.138920706111308,7.452258843113668,5.6330167064123655,7.955225045589032,0.49409600030105816,0.6597912062716204,/home/aaa/data/qj/stable-baselines3-master/risk_curriculum_metadrive/outputs/ijmlc_p2_external_baselines/rcpo_lagrangian_1m_nenv16/rcpo_lagrangian_ppo_s0/config.json,/home/aaa/data/qj/stable-baselines3-master/risk_curriculum_metadrive/outputs/ijmlc_p2_external_baselines/rcpo_lagrangian_1m_nenv16/rcpo_lagrangian_ppo_s0/model/final_model.zip
rcpo_lagrangian,external_safe_rl,rcpo_lagrangian,ppo,0,none,0.2,10000,10011,11,0.0,1.0,0.16382896868387903,1.0,1.0,0.0,0.0,86.0,61.256014168165194,15.49287614459897,39.96801481253933,46.02859715006108,10.27195996036853,0.0,1.0,0.16382896868387903,94.4139828446733,4.1331303843707525,0.42834983690762446,0.19325398798340057,0.7222222222222222,0.0,0.0,0.0,0.0,0.0,0.0,0.4654472091757736,0.452421503723599,0.6366642483044416,0.6674057556665504,5.115919756272612,5.8420320056029595,5.581366965448386,6.375107004714664,0.4654472091757736,0.6366642483044416,/home/aaa/data/qj/stable-baselines3-master/risk_curriculum_metadrive/outputs/ijmlc_p2_external_baselines/rcpo_lagrangian_1m_nenv16/rcpo_lagrangian_ppo_s0/config.json,/home/aaa/data/qj/stable-baselines3-master/risk_curriculum_metadrive/outputs/ijmlc_p2_external_baselines/rcpo_lagrangian_1m_nenv16/rcpo_lagrangian_ppo_s0/model/final_model.zip
rcpo_lagrangian,external_safe_rl,rcpo_lagrangian,ppo,0,none,0.2,10000,10012,12,0.0,1.0,0.15603024353582018,1.0,1.0,0.0,0.0,72.0,41.512660831884574,5.387237722016906,34.74737886588704,37.41374615155628,8.565040707123014,0.0,1.0,0.15603024353582018,69.16496193545348,1.344546801890141,0.29034699276531684,0.17261862324407667,1.0,0.0,0.0,0.0,0.0,0.0,0.0,0.4591854447224048,0.4078940037288703,0.6278344946622383,0.6706846342422075,2.2244064861701593,2.636764946510084,2.683591930892564,3.1279531540349126,0.4591854447224048,0.6278344946622383,/home/aaa/data/qj/stable-baselines3-master/risk_curriculum_metadrive/outputs/ijmlc_p2_external_baselines/rcpo_lagrangian_1m_nenv16/rcpo_lagrangian_ppo_s0/config.json,/home/aaa/data/qj/stable-baselines3-master/risk_curriculum_metadrive/outputs/ijmlc_p2_external_baselines/rcpo_lagrangian_1m_nenv16/rcpo_lagrangian_ppo_s0/model/final_model.zip
rcpo_lagrangian,external_safe_rl,rcpo_lagrangian,ppo,0,none,0.2,10000,10013,13,0.0,1.0,0.18274371400983547,0.0,0.0,0.0,1.0,113.0,48.87318136577526,9.868902103182712,36.695418765317136,38.251734597297286,13.116956002808324,0.0,1.0,0.18274371400983547,114.4115292226837,2.568453371974573,2.4664705202426687,0.017214489401949928,1.0,0.0,0.0,0.0,0.0,0.0,0.0,0.45847754917247635,0.4321629967307672,0.6407643988495693,0.6551228038733825,3.8597262040784055,4.946980404201895,4.318203753250882,5.399405394564383,0.45847754917247635,0.6407643988495693,/home/aaa/data/qj/stable-baselines3-master/risk_curriculum_metadrive/outputs/ijmlc_p2_external_baselines/rcpo_lagrangian_1m_nenv16/rcpo_lagrangian_ppo_s0/config.json,/home/aaa/data/qj/stable-baselines3-master/risk_curriculum_metadrive/outputs/ijmlc_p2_external_baselines/rcpo_lagrangian_1m_nenv16/rcpo_lagrangian_ppo_s0/model/final_model.zip
rcpo_lagrangian,external_safe_rl,rcpo_lagrangian,ppo,0,none,0.2,10000,10014,14,0.0,1.0,0.08835925323966079,1.0,1.0,0.0,0.0,76.0,42.46207393616795,3.781814565273791,32.55886284227719,35.675818292584374,8.240186480297659,0.013157894736842105,1.0,0.08835925323966079,67.66609790331893,1.3911155708038854,0.5350017621206408,0.056982385724149175,1.0,0.0,0.0,0.0,0.0,0.0,0.0,0.4994795000177539,0.46872650273144245,0.7037879950075876,0.8361867512576282,6.429031683901006,7.87695124745369,6.9285111839187605,8.38045224736561,0.4994795000177539,0.7037879950075876,/home/aaa/data/qj/stable-baselines3-master/risk_curriculum_metadrive/outputs/ijmlc_p2_external_baselines/rcpo_lagrangian_1m_nenv16/rcpo_lagrangian_ppo_s0/config.json,/home/aaa/data/qj/stable-baselines3-master/risk_curriculum_metadrive/outputs/ijmlc_p2_external_baselines/rcpo_lagrangian_1m_nenv16/rcpo_lagrangian_ppo_s0/model/final_model.zip
rcpo_lagrangian,external_safe_rl,rcpo_lagrangian,ppo,0,none,0.2,10000,10015,15,0.0,1.0,0.1054495477973204,1.0,1.0,0.0,0.0,75.0,36.24142827044843,1.184200569143826,34.72915682042246,37.149918907240945,7.935197929009944,0.013333333333333334,1.0,0.1054495477973204,71.5674696609668,8.420155069204588,0.6866163892483459,0.22510953739536282,0.5,0.0,0.0,0.0,0.0,0.0,0.0,0.4419726533039163,0.4219959955662489,0.5830870984937063,0.7232478031073705,4.185507494257763,6.4475519000552595,4.62748014756168,6.951538402063306,0.4419726533039163,0.5830870984937063,/home/aaa/data/qj/stable-baselines3-master/risk_curriculum_metadrive/outputs/ijmlc_p2_external_baselines/rcpo_lagrangian_1m_nenv16/rcpo_lagrangian_ppo_s0/config.json,/home/aaa/data/qj/stable-baselines3-master/risk_curriculum_metadrive/outputs/ijmlc_p2_external_baselines/rcpo_lagrangian_1m_nenv16/rcpo_lagrangian_ppo_s0/model/final_model.zip
rcpo_lagrangian,external_safe_rl,rcpo_lagrangian,ppo,0,none,0.2,10000,10016,16,0.0,1.0,0.2938619536707242,0.0,0.0,0.0,1.0,120.0,76.31986299294965,26.875790106596554,46.33886725025489,54.52570892190529,12.618242506296081,0.008333333333333333,0.0,0.2938619536707242,153.1627775612113,,,0.0,0.0,0.0,0.0,0.0,0.0,0.0,0.0,0.48404831662386033,0.4333855031291023,0.6850051497167442,0.7720947758934926,3.7324468674341915,4.674558207625523,4.216495184058052,5.190180216595763,0.48404831662386033,0.6850051497167442,/home/aaa/data/qj/stable-baselines3-master/risk_curriculum_metadrive/outputs/ijmlc_p2_external_baselines/rcpo_lagrangian_1m_nenv16/rcpo_lagrangian_ppo_s0/config.json,/home/aaa/data/qj/stable-baselines3-master/risk_curriculum_metadrive/outputs/ijmlc_p2_external_baselines/rcpo_lagrangian_1m_nenv16/rcpo_lagrangian_ppo_s0/model/final_model.zip
rcpo_lagrangian,external_safe_rl,rcpo_lagrangian,ppo,0,none,0.2,10000,10017,17,0.0,1.0,0.1266250071614383,1.0,1.0,0.0,0.0,89.0,58.20056896834848,12.849034699017391,37.50545691359791,42.70280953483188,10.464492580168963,0.0,1.0,0.1266250071614383,91.8254939006869,10.601767108283253,0.5180048519694013,0.23717937809988232,0.6164383561643836,0.0,0.0,0.0,0.0,0.0,0.0,0.48652884149479186,0.47570900642313063,0.6248303921893239,0.6543686072109268,7.001282628939561,8.449756808113307,7.487811470434353,9.039476801990531,0.48652884149479186,0.6248303921893239,/home/aaa/data/qj/stable-baselines3-master/risk_curriculum_metadrive/outputs/ijmlc_p2_external_baselines/rcpo_lagrangian_1m_nenv16/rcpo_lagrangian_ppo_s0/config.json,/home/aaa/data/qj/stable-baselines3-master/risk_curriculum_metadrive/outputs/ijmlc_p2_external_baselines/rcpo_lagrangian_1m_nenv16/rcpo_lagrangian_ppo_s0/model/final_model.zip
rcpo_lagrangian,external_safe_rl,rcpo_lagrangian,ppo,0,none,0.2,10000,10018,18,0.0,1.0,0.28303130540771754,1.0,1.0,0.0,0.0,102.0,79.48999457999966,28.185936452231342,43.62426858787259,52.31214775340118,12.000638425433603,0.0,0.0,0.28303130540771754,122.1180697362126,2.9140319264879277,0.00020758566026993732,0.3516200927784806,0.7792207792207793,0.0,0.0,0.0,0.0,0.0,0.0,0.4775205383981195,0.45114099339116365,0.6617673090659081,0.693091342545813,4.223481449812158,4.920891854999353,4.701001988210277,5.442145949200493,0.4775205383981195,0.6617673090659081,/home/aaa/data/qj/stable-baselines3-master/risk_curriculum_metadrive/outputs/ijmlc_p2_external_baselines/rcpo_lagrangian_1m_nenv16/rcpo_lagrangian_ppo_s0/config.json,/home/aaa/data/qj/stable-baselines3-master/risk_curriculum_metadrive/outputs/ijmlc_p2_external_baselines/rcpo_lagrangian_1m_nenv16/rcpo_lagrangian_ppo_s0/model/final_model.zip
rcpo_lagrangian,external_safe_rl,rcpo_lagrangian,ppo,0,none,0.2,10000,10019,19,0.0,1.0,0.11876656849473458,0.0,0.0,0.0,1.0,88.0,28.199525879047606,-2.387240005634176,38.86464264177062,44.706091124331216,10.469611849253463,0.0,1.0,0.11876656849473458,94.02796391429084,2.047273008430955,1.5433115514657307,0.046975202138598446,1.0,0.0,0.0,0.0,0.0,0.0,0.0,0.4840508400692753,0.44733649701811373,0.6410320456780026,0.7279166385706041,4.080232943041747,4.8266260491800494,4.564283783111023,5.2723605382198,0.4840508400692753,0.6410320456780026,/home/aaa/data/qj/stable-baselines3-master/risk_curriculum_metadrive/outputs/ijmlc_p2_external_baselines/rcpo_lagrangian_1m_nenv16/rcpo_lagrangian_ppo_s0/config.json,/home/aaa/data/qj/stable-baselines3-master/risk_curriculum_metadrive/outputs/ijmlc_p2_external_baselines/rcpo_lagrangian_1m_nenv16/rcpo_lagrangian_ppo_s0/model/final_model.zip
rcpo_lagrangian,external_safe_rl,rcpo_lagrangian,ppo,0,none,0.2,20000,20000,0,0.0,1.0,0.30582872302738967,1.0,1.0,0.0,0.0,88.0,77.35891651359334,27.804319947618364,43.37233699408851,45.68232782506972,10.22702579894651,0.0,0.0,0.30582872302738967,104.79701412013571,6.6305216932546225,0.39785628623795116,0.26203256348631415,0.6338028169014085,0.0,0.0,0.0,0.0,0.0,0.0,0.3931434770162344,0.39160100277513266,0.5287069558107759,0.5927418085047974,2.127944000180419,2.7971535018878058,2.5210874771966534,3.233913083386142,0.3931434770162344,0.5287069558107759,/home/aaa/data/qj/stable-baselines3-master/risk_curriculum_metadrive/outputs/ijmlc_p2_external_baselines/rcpo_lagrangian_1m_nenv16/rcpo_lagrangian_ppo_s0/config.json,/home/aaa/data/qj/stable-baselines3-master/risk_curriculum_metadrive/outputs/ijmlc_p2_external_baselines/rcpo_lagrangian_1m_nenv16/rcpo_lagrangian_ppo_s0/model/final_model.zip
rcpo_lagrangian,external_safe_rl,rcpo_lagrangian,ppo,0,none,0.2,20000,20001,1,0.0,1.0,0.12331892170924863,0.0,0.0,0.0,1.0,67.0,16.84614873696054,-7.927357980242274,32.7651461441547,34.005074819062834,7.685874945864028,0.0,1.0,0.12331892170924863,59.834154862709305,13.833093146765016,2.2501201673537254,0.07141265909792557,0.35294117647058826,0.0,0.0,0.0,0.0,0.0,0.0,0.4516241636731898,0.4174700006842613,0.6292834004852921,0.6495660173823126,2.8433807160785256,3.253831602341961,3.2950048797517155,3.8589666961343028,0.4516241636731898,0.6292834004852921,/home/aaa/data/qj/stable-baselines3-master/risk_curriculum_metadrive/outputs/ijmlc_p2_external_baselines/rcpo_lagrangian_1m_nenv16/rcpo_lagrangian_ppo_s0/config.json,/home/aaa/data/qj/stable-baselines3-master/risk_curriculum_metadrive/outputs/ijmlc_p2_external_baselines/rcpo_lagrangian_1m_nenv16/rcpo_lagrangian_ppo_s0/model/final_model.zip
rcpo_lagrangian,external_safe_rl,rcpo_lagrangian,ppo,0,none,0.2,20000,20002,2,0.0,1.0,0.2922210673665713,0.0,0.0,0.0,1.0,105.0,97.953874938966,37.693569490480144,49.59539714517833,54.950368539959925,12.63860065030073,0.0,0.0,0.2922210673665713,143.1048287645719,2.130409623817455,1.4698019118910595,0.05465886430823896,1.0,0.0,0.0,0.0,0.0,0.0,0.0,0.45241377998276483,0.43029600055888295,0.6773706030799076,0.7119080499978736,4.0417114590084005,5.8811254042666405,4.494125238991165,6.559618603205308,0.45241377998276483,0.6773706030799076,/home/aaa/data/qj/stable-baselines3-master/risk_curriculum_metadrive/outputs/ijmlc_p2_external_baselines/rcpo_lagrangian_1m_nenv16/rcpo_lagrangian_ppo_s0/config.json,/home/aaa/data/qj/stable-baselines3-master/risk_curriculum_metadrive/outputs/ijmlc_p2_external_baselines/rcpo_lagrangian_1m_nenv16/rcpo_lagrangian_ppo_s0/model/final_model.zip
rcpo_lagrangian,external_safe_rl,rcpo_lagrangian,ppo,0,none,0.2,20000,20003,3,0.0,1.0,0.1660883604705646,1.0,1.0,0.0,0.0,93.0,55.344752035738836,12.605026831986365,42.67474708087603,46.4613600087263,10.271159582340385,0.0,1.0,0.1660883604705646,109.43950766540009,2.2006522833996587,0.3614539542529344,0.17458297587399974,1.0,0.0,0.0,0.0,0.0,0.0,0.0,0.4494266987587976,0.45007499284110963,0.6626230082474648,0.6851094856392592,4.947098892248456,5.70531259290874,5.396525591007253,6.148108799243346,0.4494266987587976,0.6626230082474648,/home/aaa/data/qj/stable-baselines3-master/risk_curriculum_metadrive/outputs/ijmlc_p2_external_baselines/rcpo_lagrangian_1m_nenv16/rcpo_lagrangian_ppo_s0/config.json,/home/aaa/data/qj/stable-baselines3-master/risk_curriculum_metadrive/outputs/ijmlc_p2_external_baselines/rcpo_lagrangian_1m_nenv16/rcpo_lagrangian_ppo_s0/model/final_model.zip
rcpo_lagrangian,external_safe_rl,rcpo_lagrangian,ppo,0,none,0.2,20000,20004,4,0.0,1.0,0.16770222948114383,1.0,1.0,0.0,0.0,85.0,44.833417172965966,7.3477754709173055,35.01246572661057,40.404020595636105,8.506464201585294,0.011764705882352941,1.0,0.16770222948114383,81.64814016220528,13.835355188567851,0.06244626467617698,0.11041030597713693,0.3026315789473684,0.0,0.0,0.0,0.0,0.0,0.0,0.42224865927196603,0.41264899482484907,0.618675604346208,0.6783709564479068,3.1951864126741008,3.741645996342413,3.617435071946067,4.2640781961381435,0.42224865927196603,0.618675604346208,/home/aaa/data/qj/stable-baselines3-master/risk_curriculum_metadrive/outputs/ijmlc_p2_external_baselines/rcpo_lagrangian_1m_nenv16/rcpo_lagrangian_ppo_s0/config.json,/home/aaa/data/qj/stable-baselines3-master/risk_curriculum_metadrive/outputs/ijmlc_p2_external_baselines/rcpo_lagrangian_1m_nenv16/rcpo_lagrangian_ppo_s0/model/final_model.zip
rcpo_lagrangian,external_safe_rl,rcpo_lagrangian,ppo,0,none,0.2,20000,20005,5,0.0,1.0,0.21818647103842864,1.0,1.0,0.0,0.0,114.0,76.62153220898618,24.806360235645965,39.11623255253998,47.48772567759799,12.383780684660382,0.0,0.0,0.21818647103842864,122.90309739692034,6.737736593024464,0.6481380810515353,0.139007133787615,0.5344827586206896,0.0,0.0,0.0,0.0,0.0,0.0,0.48331793968508574,0.4598620071192272,0.6552145969180856,0.7182348100468519,5.8338615355049175,6.858726898644815,6.317179475190003,7.397379251779054,0.48331793968508574,0.6552145969180856,/home/aaa/data/qj/stable-baselines3-master/risk_curriculum_metadrive/outputs/ijmlc_p2_external_baselines/rcpo_lagrangian_1m_nenv16/rcpo_lagrangian_ppo_s0/config.json,/home/aaa/data/qj/stable-baselines3-master/risk_curriculum_metadrive/outputs/ijmlc_p2_external_baselines/rcpo_lagrangian_1m_nenv16/rcpo_lagrangian_ppo_s0/model/final_model.zip
rcpo_lagrangian,external_safe_rl,rcpo_lagrangian,ppo,0,none,0.2,20000,20006,6,0.0,1.0,0.11829362535250225,0.0,0.0,0.0,1.0,73.0,41.95039628156891,4.42400690135953,33.24594715184146,35.15705344287464,8.045081319430249,0.0136986301369863,1.0,0.11829362535250225,66.32458244472313,3.5922389507652177,3.5922389507652177,0.003856879586944609,1.0,0.0,0.0,0.0,0.0,0.0,0.0,0.4821446020959889,0.44616899685934186,0.6526860030135139,0.6686544406693429,3.6025807259074885,4.69413980608806,4.084725328003477,5.316348798805847,0.4821446020959889,0.6526860030135139,/home/aaa/data/qj/stable-baselines3-master/risk_curriculum_metadrive/outputs/ijmlc_p2_external_baselines/rcpo_lagrangian_1m_nenv16/rcpo_lagrangian_ppo_s0/config.json,/home/aaa/data/qj/stable-baselines3-master/risk_curriculum_metadrive/outputs/ijmlc_p2_external_baselines/rcpo_lagrangian_1m_nenv16/rcpo_lagrangian_ppo_s0/model/final_model.zip
rcpo_lagrangian,external_safe_rl,rcpo_lagrangian,ppo,0,none,0.2,20000,20007,7,0.0,1.0,0.3454801345507573,0.0,0.0,0.0,1.0,139.0,74.02050260332268,27.324655338184034,42.43778526462263,47.69094025087129,16.108210157394417,0.0,0.0,0.3454801345507573,163.06800235709446,10.969074507803967,0.06810213733639751,0.16149871677734637,0.5942028985507246,0.0,0.0,0.0,0.0,0.0,0.0,0.42861772702400497,0.41266699554398656,0.6228158046724275,0.6887552182888612,3.2241683304242845,3.8904218105017208,3.652786057448289,4.255290901346598,0.42861772702400497,0.6228158046724275,/home/aaa/data/qj/stable-baselines3-master/risk_curriculum_metadrive/outputs/ijmlc_p2_external_baselines/rcpo_lagrangian_1m_nenv16/rcpo_lagrangian_ppo_s0/config.json,/home/aaa/data/qj/stable-baselines3-master/risk_curriculum_metadrive/outputs/ijmlc_p2_external_baselines/rcpo_lagrangian_1m_nenv16/rcpo_lagrangian_ppo_s0/model/final_model.zip
rcpo_lagrangian,external_safe_rl,rcpo_lagrangian,ppo,0,none,0.2,20000,20008,8,0.0,1.0,0.1092741894809344,1.0,1.0,0.0,0.0,77.0,31.53674175179175,-1.0534034396760887,32.91234996974204,34.21535456500443,7.8596486506652825,0.012987012987012988,1.0,0.1092741894809344,69.05012735506111,11.282021699516607,0.5449318560604133,0.2250187746660348,0.4805194805194805,0.0,0.0,0.0,0.0,0.0,0.0,0.459839260869345,0.4504190001171082,0.6147785985376686,0.6323723605601116,4.845687740424938,5.740878396318294,5.3055270012942835,6.269149002037011,0.459839260869345,0.6147785985376686,/home/aaa/data/qj/stable-baselines3-master/risk_curriculum_metadrive/outputs/ijmlc_p2_external_baselines/rcpo_lagrangian_1m_nenv16/rcpo_lagrangian_ppo_s0/config.json,/home/aaa/data/qj/stable-baselines3-master/risk_curriculum_metadrive/outputs/ijmlc_p2_external_baselines/rcpo_lagrangian_1m_nenv16/rcpo_lagrangian_ppo_s0/model/final_model.zip
rcpo_lagrangian,external_safe_rl,rcpo_lagrangian,ppo,0,none,0.2,20000,20009,9,0.0,1.0,0.37665038687602037,0.0,0.0,0.0,1.0,122.0,72.95000498457006,27.724514098565635,47.23930528512245,52.88237690800083,13.324323772053376,0.0,0.0,0.37665038687602037,158.7946674066743,,,0.0,0.0,0.0,0.0,0.0,0.0,0.0,0.0,0.4455624587192643,0.43443900358397514,0.6389042937371411,0.679678725718986,4.02815178736613,5.205470353394048,4.473714246085395,5.692155016731704,0.4455624587192643,0.6389042937371411,/home/aaa/data/qj/stable-baselines3-master/risk_curriculum_metadrive/outputs/ijmlc_p2_external_baselines/rcpo_lagrangian_1m_nenv16/rcpo_lagrangian_ppo_s0/config.json,/home/aaa/data/qj/stable-baselines3-master/risk_curriculum_metadrive/outputs/ijmlc_p2_external_baselines/rcpo_lagrangian_1m_nenv16/rcpo_lagrangian_ppo_s0/model/final_model.zip
rcpo_lagrangian,external_safe_rl,rcpo_lagrangian,ppo,0,none,0.2,20000,20010,10,0.0,1.0,0.3500492107676128,1.0,1.0,0.0,0.0,115.0,101.74035720460395,41.321654925330336,48.76323364993137,58.3037362417269,12.759735350494866,0.0,0.0,0.3500492107676128,155.20225764002498,1.4263588962737757,0.3900415425413076,0.15537570016200972,1.0,0.0,0.0,0.0,0.0,0.0,0.0,0.39684316548316373,0.3877489943988621,0.5753460980486125,0.6592571875080466,2.212115947749344,3.9243910054210573,2.608959113232508,4.376618396781851,0.39684316548316373,0.5753460980486125,/home/aaa/data/qj/stable-baselines3-master/risk_curriculum_metadrive/outputs/ijmlc_p2_external_baselines/rcpo_lagrangian_1m_nenv16/rcpo_lagrangian_ppo_s0/config.json,/home/aaa/data/qj/stable-baselines3-master/risk_curriculum_metadrive/outputs/ijmlc_p2_external_baselines/rcpo_lagrangian_1m_nenv16/rcpo_lagrangian_ppo_s0/model/final_model.zip
rcpo_lagrangian,external_safe_rl,rcpo_lagrangian,ppo,0,none,0.2,20000,20011,11,0.0,1.0,0.13027427190974739,1.0,1.0,0.0,0.0,76.0,24.696589626054774,-3.7934770296802007,32.54753596075083,34.22481533955174,8.758974504325428,0.0,1.0,0.13027427190974739,67.6532446036712,9.253662095557932,0.6283249979895158,0.10491719368360763,0.38461538461538464,0.0,0.0,0.0,0.0,0.0,0.0,0.48447030253316226,0.4659094993257895,0.6499642513517756,0.7858774915803224,6.774025908127538,8.312065245263511,7.2584962106607,8.809159247903153,0.48447030253316226,0.6499642513517756,/home/aaa/data/qj/stable-baselines3-master/risk_curriculum_metadrive/outputs/ijmlc_p2_external_baselines/rcpo_lagrangian_1m_nenv16/rcpo_lagrangian_ppo_s0/config.json,/home/aaa/data/qj/stable-baselines3-master/risk_curriculum_metadrive/outputs/ijmlc_p2_external_baselines/rcpo_lagrangian_1m_nenv16/rcpo_lagrangian_ppo_s0/model/final_model.zip
rcpo_lagrangian,external_safe_rl,rcpo_lagrangian,ppo,0,none,0.2,20000,20012,12,0.0,1.0,0.1337887315319792,0.0,0.0,0.0,1.0,78.0,24.067698628622537,-4.002488739729362,34.88312530328054,40.924400916241154,9.045843700217297,0.0,1.0,0.1337887315319792,74.58469895520228,,,0.0,0.0,0.0,0.0,0.0,0.0,0.0,0.0,0.42165068011038387,0.40320349944522604,0.6093345946283079,0.6801514020480683,2.443448846558264,2.8576943004736677,2.865099526668648,3.2549400602874807,0.42165068011038387,0.6093345946283079,/home/aaa/data/qj/stable-baselines3-master/risk_curriculum_metadrive/outputs/ijmlc_p2_external_baselines/rcpo_lagrangian_1m_nenv16/rcpo_lagrangian_ppo_s0/config.json,/home/aaa/data/qj/stable-baselines3-master/risk_curriculum_metadrive/outputs/ijmlc_p2_external_baselines/rcpo_lagrangian_1m_nenv16/rcpo_lagrangian_ppo_s0/model/final_model.zip
rcpo_lagrangian,external_safe_rl,rcpo_lagrangian,ppo,0,none,0.2,20000,20013,13,0.0,1.0,0.22565989817323737,1.0,1.0,0.0,0.0,139.0,70.64331113200514,21.991452511199707,44.26490133293124,52.74655664952362,14.449084865821378,0.007194244604316547,0.0,0.22565989817323737,169.8411342542018,2.0422814087214194,1.1006994611782852,0.04255710203278533,1.0,0.0,0.0,0.0,0.0,0.0,0.0,0.4372427625482795,0.42455000220797956,0.6542853021528572,0.765592484676745,4.199649733675496,5.296880002424587,4.636892496223776,5.754246891592629,0.4372427625482795,0.6542853021528572,/home/aaa/data/qj/stable-baselines3-master/risk_curriculum_metadrive/outputs/ijmlc_p2_external_baselines/rcpo_lagrangian_1m_nenv16/rcpo_lagrangian_ppo_s0/config.json,/home/aaa/data/qj/stable-baselines3-master/risk_curriculum_metadrive/outputs/ijmlc_p2_external_baselines/rcpo_lagrangian_1m_nenv16/rcpo_lagrangian_ppo_s0/model/final_model.zip
rcpo_lagrangian,external_safe_rl,rcpo_lagrangian,ppo,0,none,0.2,20000,20014,14,0.0,1.0,0.3088862038778332,1.0,1.0,0.0,0.0,129.0,96.99641353629512,37.66479288448255,46.409370841297836,57.00431715199851,13.626747005057075,0.007751937984496124,0.0,0.3088862038778332,165.60658706347627,6.846764179996361,0.45734912140130024,0.17049114063774426,0.6582278481012658,0.0,0.0,0.0,0.0,0.0,0.0,0.43478910111851066,0.42129599023610353,0.5933436041232198,0.6645160319749266,3.9073245728689847,5.174076394177973,4.3421136739874955,5.670205797650851,0.43478910111851066,0.5933436041232198,/home/aaa/data/qj/stable-baselines3-master/risk_curriculum_metadrive/outputs/ijmlc_p2_external_baselines/rcpo_lagrangian_1m_nenv16/rcpo_lagrangian_ppo_s0/config.json,/home/aaa/data/qj/stable-baselines3-master/risk_curriculum_metadrive/outputs/ijmlc_p2_external_baselines/rcpo_lagrangian_1m_nenv16/rcpo_lagrangian_ppo_s0/model/final_model.zip
rcpo_lagrangian,external_safe_rl,rcpo_lagrangian,ppo,0,none,0.2,20000,20015,15,0.0,1.0,0.1175387060624131,1.0,1.0,0.0,0.0,73.0,32.81607417748909,-0.11580172938305466,35.80672599109575,38.63754357599682,8.768048156910222,0.0,1.0,0.1175387060624131,71.87205755196184,1.0860332097156773,0.2906228544832135,0.19301754034278848,1.0,0.0,0.0,0.0,0.0,0.0,0.0,0.40083602812358066,0.39445901347789913,0.5827659973874687,0.6113717978587374,2.35460013747598,2.7492476016050205,2.7554361655995607,3.1343578099040315,0.40083602812358066,0.5827659973874687,/home/aaa/data/qj/stable-baselines3-master/risk_curriculum_metadrive/outputs/ijmlc_p2_external_baselines/rcpo_lagrangian_1m_nenv16/rcpo_lagrangian_ppo_s0/config.json,/home/aaa/data/qj/stable-baselines3-master/risk_curriculum_metadrive/outputs/ijmlc_p2_external_baselines/rcpo_lagrangian_1m_nenv16/rcpo_lagrangian_ppo_s0/model/final_model.zip
rcpo_lagrangian,external_safe_rl,rcpo_lagrangian,ppo,0,none,0.2,20000,20016,16,0.0,1.0,0.2775819156701492,0.0,0.0,0.0,1.0,158.0,82.76127270974645,29.658093824977726,46.62188220494256,52.55879425234316,17.775498449442622,0.0,0.0,0.2775819156701492,203.67484470496905,2.2902785696999413,0.06470488822069177,0.061740488285317786,1.0,0.0,0.0,0.0,0.0,0.0,0.0,0.49345918376252196,0.46664150431752205,0.6480352101789322,0.7017032816656866,5.287248341280442,6.553256096958648,5.780707525042964,6.952583296515513,0.49345918376252196,0.6480352101789322,/home/aaa/data/qj/stable-baselines3-master/risk_curriculum_metadrive/outputs/ijmlc_p2_external_baselines/rcpo_lagrangian_1m_nenv16/rcpo_lagrangian_ppo_s0/config.json,/home/aaa/data/qj/stable-baselines3-master/risk_curriculum_metadrive/outputs/ijmlc_p2_external_baselines/rcpo_lagrangian_1m_nenv16/rcpo_lagrangian_ppo_s0/model/final_model.zip
rcpo_lagrangian,external_safe_rl,rcpo_lagrangian,ppo,0,none,0.2,20000,20017,17,0.0,1.0,0.12332597916819749,0.0,0.0,0.0,1.0,73.0,25.829690348037353,-3.4353754509353855,34.98630688872574,38.411174684244635,8.591786840768659,0.0,1.0,0.12332597916819749,69.77474732342715,4.89717892178196,4.822657268487966,0.0005634031683180255,1.0,0.0,0.0,0.0,0.0,0.0,0.0,0.47926024564905473,0.45322199002839625,0.6561818008776754,0.6713251629844308,4.18328783576128,5.100589001085609,4.662548081410335,5.581798788625747,0.47926024564905473,0.6561818008776754,/home/aaa/data/qj/stable-baselines3-master/risk_curriculum_metadrive/outputs/ijmlc_p2_external_baselines/rcpo_lagrangian_1m_nenv16/rcpo_lagrangian_ppo_s0/config.json,/home/aaa/data/qj/stable-baselines3-master/risk_curriculum_metadrive/outputs/ijmlc_p2_external_baselines/rcpo_lagrangian_1m_nenv16/rcpo_lagrangian_ppo_s0/model/final_model.zip
rcpo_lagrangian,external_safe_rl,rcpo_lagrangian,ppo,0,none,0.2,20000,20018,18,0.0,1.0,0.1264300288097807,0.0,0.0,0.0,1.0,124.0,32.652872766766336,0.06933724767658234,33.3441572405198,33.49438949606332,13.606054004677397,0.0,1.0,0.1264300288097807,114.11684060345068,2.9659764227896317,2.870108626014124,0.013122732756195922,1.0,0.0,0.0,0.0,0.0,0.0,0.0,0.497175250559174,0.45655750000150874,0.6790677529352251,0.7270618717302568,4.898087257794442,9.680591293727048,5.395262508353617,10.215702400455484,0.497175250559174,0.6790677529352251,/home/aaa/data/qj/stable-baselines3-master/risk_curriculum_metadrive/outputs/ijmlc_p2_external_baselines/rcpo_lagrangian_1m_nenv16/rcpo_lagrangian_ppo_s0/config.json,/home/aaa/data/qj/stable-baselines3-master/risk_curriculum_metadrive/outputs/ijmlc_p2_external_baselines/rcpo_lagrangian_1m_nenv16/rcpo_lagrangian_ppo_s0/model/final_model.zip
rcpo_lagrangian,external_safe_rl,rcpo_lagrangian,ppo,0,none,0.2,20000,20019,19,0.0,1.0,0.10601606966261007,0.0,0.0,0.0,1.0,66.0,15.611586264242916,-9.113724778000245,32.38332444651555,33.60315851953354,7.439454395204404,0.015151515151515152,1.0,0.10601606966261007,58.21475969427993,13.216176856547534,1.3672830194430454,0.15003024189527964,0.6190476190476191,0.0,0.0,0.0,0.0,0.0,0.0,0.42832453045500163,0.4164499987382442,0.5471920012496412,0.5937263995292597,3.488210515845849,3.9974409992282744,3.916535046300851,4.461824002646608,0.42832453045500163,0.5471920012496412,/home/aaa/data/qj/stable-baselines3-master/risk_curriculum_metadrive/outputs/ijmlc_p2_external_baselines/rcpo_lagrangian_1m_nenv16/rcpo_lagrangian_ppo_s0/config.json,/home/aaa/data/qj/stable-baselines3-master/risk_curriculum_metadrive/outputs/ijmlc_p2_external_baselines/rcpo_lagrangian_1m_nenv16/rcpo_lagrangian_ppo_s0/model/final_model.zip
rcpo_lagrangian,external_safe_rl,rcpo_lagrangian,ppo,0,none,0.25,10000,10000,0,0.0,1.0,0.2750455256246744,1.0,1.0,0.0,0.0,125.0,59.19348706748515,17.79810930248281,40.71522740812259,47.1728265383388,14.099442935262578,0.0,0.0,0.2750455256246744,140.5983691059438,6.324734881295783,0.33830110453280277,0.13561049288432223,0.6590909090909091,0.0,0.0,0.0,0.0,0.0,0.0,0.515130935353227,0.4852410056628287,0.7268351939273998,0.903364879777656,7.325289919623174,8.211335400119424,7.840420854976401,8.877452003071085,0.515130935353227,0.7268351939273998,/home/aaa/data/qj/stable-baselines3-master/risk_curriculum_metadrive/outputs/ijmlc_p2_external_baselines/rcpo_lagrangian_1m_nenv16/rcpo_lagrangian_ppo_s0/config.json,/home/aaa/data/qj/stable-baselines3-master/risk_curriculum_metadrive/outputs/ijmlc_p2_external_baselines/rcpo_lagrangian_1m_nenv16/rcpo_lagrangian_ppo_s0/model/final_model.zip
rcpo_lagrangian,external_safe_rl,rcpo_lagrangian,ppo,0,none,0.25,10000,10001,1,0.0,1.0,0.33863990402319905,1.0,1.0,0.0,0.0,139.0,75.37133299589586,27.794863618643898,45.00155267751387,51.38061712602914,15.739392182519804,0.0,0.0,0.33863990402319905,173.2305837728365,1.079285990619117,0.07127670228512986,0.14103287803528355,1.0,0.0,0.0,0.0,0.0,0.0,0.0,0.4611216841865224,0.4397489974508062,0.6236601009732112,0.6753496779128911,4.837754820707998,7.219419795728754,5.29887650489452,7.730809098575263,0.4611216841865224,0.6236601009732112,/home/aaa/data/qj/stable-baselines3-master/risk_curriculum_metadrive/outputs/ijmlc_p2_external_baselines/rcpo_lagrangian_1m_nenv16/rcpo_lagrangian_ppo_s0/config.json,/home/aaa/data/qj/stable-baselines3-master/risk_curriculum_metadrive/outputs/ijmlc_p2_external_baselines/rcpo_lagrangian_1m_nenv16/rcpo_lagrangian_ppo_s0/model/final_model.zip
rcpo_lagrangian,external_safe_rl,rcpo_lagrangian,ppo,0,none,0.25,10000,10002,2,0.0,1.0,0.10811410660728243,1.0,1.0,0.0,0.0,65.0,19.45167301625071,-7.130740293656174,31.477054829048132,31.414929185599185,7.009003972946378,0.015384615384615385,1.0,0.10811410660728243,55.83926711527932,12.188282719215351,0.5364416986934616,0.25930611498877115,0.49230769230769234,0.0,0.0,0.0,0.0,0.0,0.0,0.5646115388327206,0.5270279943943024,0.7170570053858683,1.0556907625868912,6.232354599006403,7.494107203092426,6.796966137839123,8.156342402799055,0.5646115388327206,0.7170570053858683,/home/aaa/data/qj/stable-baselines3-master/risk_curriculum_metadrive/outputs/ijmlc_p2_external_baselines/rcpo_lagrangian_1m_nenv16/rcpo_lagrangian_ppo_s0/config.json,/home/aaa/data/qj/stable-baselines3-master/risk_curriculum_metadrive/outputs/ijmlc_p2_external_baselines/rcpo_lagrangian_1m_nenv16/rcpo_lagrangian_ppo_s0/model/final_model.zip
rcpo_lagrangian,external_safe_rl,rcpo_lagrangian,ppo,0,none,0.25,10000,10003,3,0.0,1.0,0.1235435963198178,1.0,1.0,0.0,0.0,61.0,36.106474747694485,1.7095452634417754,32.28859440490833,32.63689685607342,7.655639296566788,0.0,1.0,0.1235435963198178,53.73980051925573,10.962305488529674,0.5221214930972731,0.2651650494733517,0.5714285714285714,0.0,0.0,0.0,0.0,0.0,0.0,0.4301611968644391,0.4064759996253997,0.6145910010673106,0.6507940066512674,2.755003737965141,3.6777390050701797,3.18516493482958,4.121375983231701,0.4301611968644391,0.6145910010673106,/home/aaa/data/qj/stable-baselines3-master/risk_curriculum_metadrive/outputs/ijmlc_p2_external_baselines/rcpo_lagrangian_1m_nenv16/rcpo_lagrangian_ppo_s0/config.json,/home/aaa/data/qj/stable-baselines3-master/risk_curriculum_metadrive/outputs/ijmlc_p2_external_baselines/rcpo_lagrangian_1m_nenv16/rcpo_lagrangian_ppo_s0/model/final_model.zip
rcpo_lagrangian,external_safe_rl,rcpo_lagrangian,ppo,0,none,0.25,10000,10004,4,0.0,1.0,0.1184267647111243,1.0,1.0,0.0,0.0,66.0,25.06824802701189,-3.9630730451603213,34.66904989018112,36.36175287803961,8.155356246936892,0.0,1.0,0.1184267647111243,62.23330295488316,6.76775564495392,0.3295901052620805,0.2799340982325515,0.631578947368421,0.0,0.0,0.0,0.0,0.0,0.0,0.44387640876018186,0.4296065017115325,0.6352344935294241,0.6664852975518442,4.921885529201421,7.5553117458184715,5.3657619379616035,8.067620739893755,0.44387640876018186,0.6352344935294241,/home/aaa/data/qj/stable-baselines3-master/risk_curriculum_metadrive/outputs/ijmlc_p2_external_baselines/rcpo_lagrangian_1m_nenv16/rcpo_lagrangian_ppo_s0/config.json,/home/aaa/data/qj/stable-baselines3-master/risk_curriculum_metadrive/outputs/ijmlc_p2_external_baselines/rcpo_lagrangian_1m_nenv16/rcpo_lagrangian_ppo_s0/model/final_model.zip
rcpo_lagrangian,external_safe_rl,rcpo_lagrangian,ppo,0,none,0.25,10000,10005,5,0.0,1.0,0.1616756355933515,1.0,1.0,0.0,0.0,76.0,38.01430465310729,3.8074213943541864,36.33918739471245,39.002202285107074,9.284522373864803,0.0,1.0,0.1616756355933515,75.96081954541913,4.274481776484204,0.5159872520070813,0.2849788135147526,0.6440677966101694,0.0,0.0,0.0,0.0,0.0,0.0,0.47046081645500015,0.46255050256149843,0.565271002415102,0.6663019958068617,5.128982157896788,6.0463229929155204,5.5994429743517875,6.52940650616074,0.47046081645500015,0.565271002415102,/home/aaa/data/qj/stable-baselines3-master/risk_curriculum_metadrive/outputs/ijmlc_p2_external_baselines/rcpo_lagrangian_1m_nenv16/rcpo_lagrangian_ppo_s0/config.json,/home/aaa/data/qj/stable-baselines3-master/risk_curriculum_metadrive/outputs/ijmlc_p2_external_baselines/rcpo_lagrangian_1m_nenv16/rcpo_lagrangian_ppo_s0/model/final_model.zip
rcpo_lagrangian,external_safe_rl,rcpo_lagrangian,ppo,0,none,0.25,10000,10006,6,0.0,1.0,0.07897064832481283,1.0,1.0,0.0,0.0,57.0,27.41578363825846,-4.022988731126386,29.34156245021912,28.866029599112785,6.584991322562227,0.017543859649122806,1.0,0.07897064832481283,45.16518025515542,12.490027058158429,0.35211249960644697,0.29537323686580774,0.5660377358490566,0.0,0.0,0.0,0.0,0.0,0.0,0.4439347879573082,0.429848994826898,0.5712066020350901,0.6421272782608866,3.7310161587492185,4.38446780317463,4.174950946706527,4.882048410945572,0.4439347879573082,0.5712066020350901,/home/aaa/data/qj/stable-baselines3-master/risk_curriculum_metadrive/outputs/ijmlc_p2_external_baselines/rcpo_lagrangian_1m_nenv16/rcpo_lagrangian_ppo_s0/config.json,/home/aaa/data/qj/stable-baselines3-master/risk_curriculum_metadrive/outputs/ijmlc_p2_external_baselines/rcpo_lagrangian_1m_nenv16/rcpo_lagrangian_ppo_s0/model/final_model.zip
rcpo_lagrangian,external_safe_rl,rcpo_lagrangian,ppo,0,none,0.25,10000,10007,7,0.0,1.0,0.0572869641599211,1.0,1.0,0.0,0.0,57.0,31.46742351314846,-2.647679318628139,27.89455887672726,27.708324930389598,6.1784422100698135,0.017543859649122806,1.0,0.0572869641599211,42.92809643100687,12.947495002791698,0.37602199561612626,0.29447426697166185,0.5263157894736842,0.0,0.0,0.0,0.0,0.0,0.0,0.5157857711055202,0.4932140000164509,0.6635879923123866,0.7228323532035574,7.050756860336517,8.0552896077279,7.566542631442037,8.606958796735853,0.5157857711055202,0.6635879923123866,/home/aaa/data/qj/stable-baselines3-master/risk_curriculum_metadrive/outputs/ijmlc_p2_external_baselines/rcpo_lagrangian_1m_nenv16/rcpo_lagrangian_ppo_s0/config.json,/home/aaa/data/qj/stable-baselines3-master/risk_curriculum_metadrive/outputs/ijmlc_p2_external_baselines/rcpo_lagrangian_1m_nenv16/rcpo_lagrangian_ppo_s0/model/final_model.zip
rcpo_lagrangian,external_safe_rl,rcpo_lagrangian,ppo,0,none,0.25,10000,10008,8,0.0,1.0,0.1474544631710211,1.0,1.0,0.0,0.0,74.0,46.932803696007916,7.840035743134585,35.477393861625686,38.92847738871902,8.768705826716753,0.0,1.0,0.1474544631710211,71.93714967783957,8.23327620448052,0.6800779181053356,0.2495439226021794,0.5625,0.0,0.0,0.0,0.0,0.0,0.0,0.4388990818296333,0.4112090027774684,0.6197139482537749,0.719049537729006,3.0363303103021697,3.3998161037743557,3.475229392131803,3.854162345669465,0.4388990818296333,0.6197139482537749,/home/aaa/data/qj/stable-baselines3-master/risk_curriculum_metadrive/outputs/ijmlc_p2_external_baselines/rcpo_lagrangian_1m_nenv16/rcpo_lagrangian_ppo_s0/config.json,/home/aaa/data/qj/stable-baselines3-master/risk_curriculum_metadrive/outputs/ijmlc_p2_external_baselines/rcpo_lagrangian_1m_nenv16/rcpo_lagrangian_ppo_s0/model/final_model.zip
rcpo_lagrangian,external_safe_rl,rcpo_lagrangian,ppo,0,none,0.25,10000,10009,9,0.0,1.0,0.3364418858708826,1.0,1.0,0.0,0.0,132.0,58.923455212269744,19.504984182261353,41.74510072527222,49.08126591982944,14.997649262100536,0.0,0.0,0.3364418858708826,152.20492179771145,2.1495228368322503,0.027386793451513763,0.1713251881990599,0.868421052631579,0.0,0.0,0.0,0.0,0.0,0.0,0.44021341664395575,0.43876649579033256,0.5603453995718154,0.6778201444831211,4.313509764897665,4.9850820571009535,4.753723181541621,5.4164969027624466,0.44021341664395575,0.5603453995718154,/home/aaa/data/qj/stable-baselines3-master/risk_curriculum_metadrive/outputs/ijmlc_p2_external_baselines/rcpo_lagrangian_1m_nenv16/rcpo_lagrangian_ppo_s0/config.json,/home/aaa/data/qj/stable-baselines3-master/risk_curriculum_metadrive/outputs/ijmlc_p2_external_baselines/rcpo_lagrangian_1m_nenv16/rcpo_lagrangian_ppo_s0/model/final_model.zip
rcpo_lagrangian,external_safe_rl,rcpo_lagrangian,ppo,0,none,0.25,10000,10010,10,0.0,1.0,0.16328604203741737,1.0,1.0,0.0,0.0,90.0,54.85926155691037,12.22821203957771,36.72773690164565,41.78645646819956,9.785769392934869,0.011111111111111112,1.0,0.16328604203741737,90.9619893459008,6.853531053622139,0.5496511334071791,0.2276992053531887,0.6938775510204082,0.0,0.0,0.0,0.0,0.0,0.0,0.4827634893849285,0.47037401236593723,0.5985953939671161,0.6680794169369619,6.0891688552348775,8.36237964613246,6.571932344619806,8.848784992005669,0.4827634893849285,0.5985953939671161,/home/aaa/data/qj/stable-baselines3-master/risk_curriculum_metadrive/outputs/ijmlc_p2_external_baselines/rcpo_lagrangian_1m_nenv16/rcpo_lagrangian_ppo_s0/config.json,/home/aaa/data/qj/stable-baselines3-master/risk_curriculum_metadrive/outputs/ijmlc_p2_external_baselines/rcpo_lagrangian_1m_nenv16/rcpo_lagrangian_ppo_s0/model/final_model.zip
rcpo_lagrangian,external_safe_rl,rcpo_lagrangian,ppo,0,none,0.25,10000,10011,11,0.0,1.0,0.08119553890593205,1.0,1.0,0.0,0.0,56.0,32.27736031670036,-1.5254536744718656,28.80377656423435,28.8588825287468,6.358253744891521,0.017857142857142856,1.0,0.08119553890593205,44.03215535544432,12.681023446459298,0.4945849321032913,0.28109462356602666,0.5178571428571429,0.0,0.0,0.0,0.0,0.0,0.0,0.48271664257169633,0.46214550820877776,0.6300002460193355,0.7103714473487347,6.037309945895686,7.462087756721303,6.520026588467382,7.9894902592059225,0.48271664257169633,0.6300002460193355,/home/aaa/data/qj/stable-baselines3-master/risk_curriculum_metadrive/outputs/ijmlc_p2_external_baselines/rcpo_lagrangian_1m_nenv16/rcpo_lagrangian_ppo_s0/config.json,/home/aaa/data/qj/stable-baselines3-master/risk_curriculum_metadrive/outputs/ijmlc_p2_external_baselines/rcpo_lagrangian_1m_nenv16/rcpo_lagrangian_ppo_s0/model/final_model.zip
rcpo_lagrangian,external_safe_rl,rcpo_lagrangian,ppo,0,none,0.25,10000,10012,12,0.0,1.0,0.1448156263628206,1.0,1.0,0.0,0.0,67.0,39.51543259914135,4.052185090455289,34.07006391557033,35.81349800712849,8.033911745926067,0.0,1.0,0.1448156263628206,62.313257783347176,1.1954931645615623,0.199660122007919,0.1362808418664515,1.0,0.0,0.0,0.0,0.0,0.0,0.0,0.4020477301934595,0.3973709972342476,0.49944039928959677,0.6238523352658382,2.797784760712521,3.313129201706033,3.1998324909059805,3.726549306884408,0.4020477301934595,0.49944039928959677,/home/aaa/data/qj/stable-baselines3-master/risk_curriculum_metadrive/outputs/ijmlc_p2_external_baselines/rcpo_lagrangian_1m_nenv16/rcpo_lagrangian_ppo_s0/config.json,/home/aaa/data/qj/stable-baselines3-master/risk_curriculum_metadrive/outputs/ijmlc_p2_external_baselines/rcpo_lagrangian_1m_nenv16/rcpo_lagrangian_ppo_s0/model/final_model.zip
rcpo_lagrangian,external_safe_rl,rcpo_lagrangian,ppo,0,none,0.25,10000,10013,13,0.0,1.0,0.17901666787073062,0.0,0.0,0.0,1.0,121.0,40.63394767276608,5.637473872504959,33.908863437177985,34.19434790607754,13.977082405956557,0.0,1.0,0.17901666787073062,113.18466075349986,4.317595695153681,3.863492429322848,0.005639704998729909,1.0,0.0,0.0,0.0,0.0,0.0,0.0,0.4980716702079955,0.45745199895463884,0.674479000736028,0.768762599909678,4.892338198621196,6.24771200818941,5.390409868829191,6.754948015441187,0.4980716702079955,0.674479000736028,/home/aaa/data/qj/stable-baselines3-master/risk_curriculum_metadrive/outputs/ijmlc_p2_external_baselines/rcpo_lagrangian_1m_nenv16/rcpo_lagrangian_ppo_s0/config.json,/home/aaa/data/qj/stable-baselines3-master/risk_curriculum_metadrive/outputs/ijmlc_p2_external_baselines/rcpo_lagrangian_1m_nenv16/rcpo_lagrangian_ppo_s0/model/final_model.zip
rcpo_lagrangian,external_safe_rl,rcpo_lagrangian,ppo,0,none,0.25,10000,10014,14,0.0,1.0,0.08299116863755246,0.0,0.0,0.0,1.0,73.0,39.742354753273894,2.310912435763523,32.65087326510425,35.786809420623534,8.74106225425495,0.0,1.0,0.08299116863755246,65.1636516023163,3.3594778568565395,3.3594778568565395,0.0044945812140916724,1.0,0.0,0.0,0.0,0.0,0.0,0.0,0.5149907810846344,0.48817601054906845,0.698783400002867,0.8727972838096323,7.577654135960461,9.041737802908756,8.092644917045094,9.604615205898881,0.5149907810846344,0.698783400002867,/home/aaa/data/qj/stable-baselines3-master/risk_curriculum_metadrive/outputs/ijmlc_p2_external_baselines/rcpo_lagrangian_1m_nenv16/rcpo_lagrangian_ppo_s0/config.json,/home/aaa/data/qj/stable-baselines3-master/risk_curriculum_metadrive/outputs/ijmlc_p2_external_baselines/rcpo_lagrangian_1m_nenv16/rcpo_lagrangian_ppo_s0/model/final_model.zip
rcpo_lagrangian,external_safe_rl,rcpo_lagrangian,ppo,0,none,0.25,10000,10015,15,0.0,1.0,0.07528237911256681,1.0,1.0,0.0,0.0,60.0,27.572492078964736,-4.055282587140624,30.119690752974762,30.595189928979444,6.623334332815289,0.016666666666666666,1.0,0.07528237911256681,49.279821175014156,12.615958278459198,0.36210502092353214,0.2568003662124535,0.5370370370370371,0.0,0.0,0.0,0.0,0.0,0.0,0.5162268163985573,0.4679909980040975,0.6880941000417806,0.8416526899964074,4.781317533828163,5.563958099810407,5.29754435022672,6.168136240739841,0.5162268163985573,0.6880941000417806,/home/aaa/data/qj/stable-baselines3-master/risk_curriculum_metadrive/outputs/ijmlc_p2_external_baselines/rcpo_lagrangian_1m_nenv16/rcpo_lagrangian_ppo_s0/config.json,/home/aaa/data/qj/stable-baselines3-master/risk_curriculum_metadrive/outputs/ijmlc_p2_external_baselines/rcpo_lagrangian_1m_nenv16/rcpo_lagrangian_ppo_s0/model/final_model.zip
rcpo_lagrangian,external_safe_rl,rcpo_lagrangian,ppo,0,none,0.25,10000,10016,16,0.0,1.0,0.29888364704054154,0.0,0.0,0.0,1.0,122.0,72.56580256197903,25.14941069220576,45.97610193253474,54.24249284555849,12.816373536841299,0.00819672131147541,0.0,0.29888364704054154,154.5237710832135,,,0.0,0.0,0.0,0.0,0.0,0.0,0.0,0.0,0.4671812872163814,0.44045849790563807,0.6787711441575082,0.8261925751867234,4.367268999721702,5.5327257519820705,4.834450286938083,6.044500265852548,0.4671812872163814,0.6787711441575082,/home/aaa/data/qj/stable-baselines3-master/risk_curriculum_metadrive/outputs/ijmlc_p2_external_baselines/rcpo_lagrangian_1m_nenv16/rcpo_lagrangian_ppo_s0/config.json,/home/aaa/data/qj/stable-baselines3-master/risk_curriculum_metadrive/outputs/ijmlc_p2_external_baselines/rcpo_lagrangian_1m_nenv16/rcpo_lagrangian_ppo_s0/model/final_model.zip
rcpo_lagrangian,external_safe_rl,rcpo_lagrangian,ppo,0,none,0.25,10000,10017,17,0.0,1.0,0.18525876094629226,1.0,1.0,0.0,0.0,135.0,73.11652546271799,22.06602555974776,39.423572151842265,43.73886045241478,14.9887957271289,0.0,1.0,0.18525876094629226,147.4824781988434,5.496867329686053,0.5077869839114506,0.1542072400302507,0.72,0.0,0.0,0.0,0.0,0.0,0.0,0.5167517254853414,0.5012999899918213,0.7045874983305112,0.7587478749337604,8.845117578015628,9.864395395561587,9.361869303500969,10.419881806592457,0.5167517254853414,0.7045874983305112,/home/aaa/data/qj/stable-baselines3-master/risk_curriculum_metadrive/outputs/ijmlc_p2_external_baselines/rcpo_lagrangian_1m_nenv16/rcpo_lagrangian_ppo_s0/config.json,/home/aaa/data/qj/stable-baselines3-master/risk_curriculum_metadrive/outputs/ijmlc_p2_external_baselines/rcpo_lagrangian_1m_nenv16/rcpo_lagrangian_ppo_s0/model/final_model.zip
rcpo_lagrangian,external_safe_rl,rcpo_lagrangian,ppo,0,none,0.25,10000,10018,18,0.0,1.0,0.20376683238652402,1.0,1.0,0.0,0.0,81.0,64.90420801885988,18.465108981025654,38.87755043808181,40.404874708313336,8.529148780973681,0.012345679012345678,0.0,0.20376683238652402,86.3898348776944,7.377783163458215,0.5057251332140776,0.18075358950576434,0.5,0.0,0.0,0.0,0.0,0.0,0.0,0.49585032199199003,0.4598600062308833,0.6601770000997931,0.7742394023807729,5.269533233612166,6.330208998406306,5.765383555604156,6.84831700345967,0.49585032199199003,0.6601770000997931,/home/aaa/data/qj/stable-baselines3-master/risk_curriculum_metadrive/outputs/ijmlc_p2_external_baselines/rcpo_lagrangian_1m_nenv16/rcpo_lagrangian_ppo_s0/config.json,/home/aaa/data/qj/stable-baselines3-master/risk_curriculum_metadrive/outputs/ijmlc_p2_external_baselines/rcpo_lagrangian_1m_nenv16/rcpo_lagrangian_ppo_s0/model/final_model.zip
rcpo_lagrangian,external_safe_rl,rcpo_lagrangian,ppo,0,none,0.25,10000,10019,19,0.0,1.0,0.30502427961315665,1.0,1.0,0.0,0.0,190.0,117.1534924202083,47.67747459849885,43.677017774451826,47.26067467198587,21.627898517952094,0.0,0.0,0.30502427961315665,229.5829860465332,1.614629834846058,0.05213571013885975,0.13897835414842497,1.0,0.0,0.0,0.0,0.0,0.0,0.0,0.49437877873730796,0.4711895016953349,0.6863441929453984,0.7844182389089838,6.669593321107402,11.6812891959853,7.16397209984471,12.19379378890153,0.49437877873730796,0.6863441929453984,/home/aaa/data/qj/stable-baselines3-master/risk_curriculum_metadrive/outputs/ijmlc_p2_external_baselines/rcpo_lagrangian_1m_nenv16/rcpo_lagrangian_ppo_s0/config.json,/home/aaa/data/qj/stable-baselines3-master/risk_curriculum_metadrive/outputs/ijmlc_p2_external_baselines/rcpo_lagrangian_1m_nenv16/rcpo_lagrangian_ppo_s0/model/final_model.zip
rcpo_lagrangian,external_safe_rl,rcpo_lagrangian,ppo,0,none,0.25,20000,20000,0,0.0,1.0,0.2747223755461888,1.0,1.0,0.0,0.0,85.0,65.53426143533724,20.95880198405428,39.930132347436185,43.48166893669363,9.912388110786015,0.0,0.0,0.2747223755461888,93.32310187573825,6.665720566967167,0.38421824384364833,0.27469003170666767,0.6,0.0,0.0,0.0,0.0,0.0,0.0,0.42372134048491716,0.40798800182528794,0.6199759955052285,0.6559985975036395,2.854733621557791,3.928226797142997,3.278454962042708,4.362951189978048,0.42372134048491716,0.6199759955052285,/home/aaa/data/qj/stable-baselines3-master/risk_curriculum_metadrive/outputs/ijmlc_p2_external_baselines/rcpo_lagrangian_1m_nenv16/rcpo_lagrangian_ppo_s0/config.json,/home/aaa/data/qj/stable-baselines3-master/risk_curriculum_metadrive/outputs/ijmlc_p2_external_baselines/rcpo_lagrangian_1m_nenv16/rcpo_lagrangian_ppo_s0/model/final_model.zip
rcpo_lagrangian,external_safe_rl,rcpo_lagrangian,ppo,0,none,0.25,20000,20001,1,0.0,1.0,0.15680837027216765,1.0,1.0,0.0,0.0,80.0,32.369560649501054,0.8390314329155544,35.18229848118973,37.887411631332895,8.98075141644157,0.0,1.0,0.15680837027216765,77.53100328753628,9.430147948072916,0.5497491535919955,0.06315764824397183,0.2222222222222222,0.0,0.0,0.0,0.0,0.0,0.0,0.4423468375534867,0.4290870056138374,0.5864789483894127,0.6729131621250415,3.728008461985155,4.284114506299375,4.170355299538642,4.8062157024105545,0.4423468375534867,0.5864789483894127,/home/aaa/data/qj/stable-baselines3-master/risk_curriculum_metadrive/outputs/ijmlc_p2_external_baselines/rcpo_lagrangian_1m_nenv16/rcpo_lagrangian_ppo_s0/config.json,/home/aaa/data/qj/stable-baselines3-master/risk_curriculum_metadrive/outputs/ijmlc_p2_external_baselines/rcpo_lagrangian_1m_nenv16/rcpo_lagrangian_ppo_s0/model/final_model.zip
rcpo_lagrangian,external_safe_rl,rcpo_lagrangian,ppo,0,none,0.25,20000,20002,2,0.0,1.0,0.24693960090060738,1.0,1.0,0.0,0.0,98.0,77.26449515796442,25.990435606000457,43.1909322757664,51.122925189458996,11.8625020214733,0.0,0.0,0.24693960090060738,116.2339565495761,1.3789128281519112,0.2986631648405226,0.1108496073014721,1.0,0.0,0.0,0.0,0.0,0.0,0.0,0.47588229597527154,0.4405135041452013,0.7050094522128345,0.878991623321782,4.626221746195593,7.138437703542877,5.102104042170864,7.6901866610569405,0.47588229597527154,0.7050094522128345,/home/aaa/data/qj/stable-baselines3-master/risk_curriculum_metadrive/outputs/ijmlc_p2_external_baselines/rcpo_lagrangian_1m_nenv16/rcpo_lagrangian_ppo_s0/config.json,/home/aaa/data/qj/stable-baselines3-master/risk_curriculum_metadrive/outputs/ijmlc_p2_external_baselines/rcpo_lagrangian_1m_nenv16/rcpo_lagrangian_ppo_s0/model/final_model.zip
rcpo_lagrangian,external_safe_rl,rcpo_lagrangian,ppo,0,none,0.25,20000,20003,3,0.0,1.0,0.16027523929690693,1.0,1.0,0.0,0.0,93.0,44.527207108236446,6.9718607330254265,41.236692879540186,46.01847469598926,10.218952750670384,0.0,1.0,0.16027523929690693,105.77602750506233,6.639933308330887,0.3221563587345043,0.28567017517781085,0.7794117647058824,0.0,0.0,0.0,0.0,0.0,0.0,0.47236296673110056,0.4577409999910742,0.6450304004829377,0.7085879991063848,6.2017087630304175,7.100771201658063,6.674071729761518,7.562516603502445,0.47236296673110056,0.6450304004829377,/home/aaa/data/qj/stable-baselines3-master/risk_curriculum_metadrive/outputs/ijmlc_p2_external_baselines/rcpo_lagrangian_1m_nenv16/rcpo_lagrangian_ppo_s0/config.json,/home/aaa/data/qj/stable-baselines3-master/risk_curriculum_metadrive/outputs/ijmlc_p2_external_baselines/rcpo_lagrangian_1m_nenv16/rcpo_lagrangian_ppo_s0/model/final_model.zip
rcpo_lagrangian,external_safe_rl,rcpo_lagrangian,ppo,0,none,0.25,20000,20004,4,0.0,1.0,0.2169876715455666,1.0,1.0,0.0,0.0,93.0,60.289320974709966,16.60429063372199,41.885862193804265,47.51866638507181,10.393555433068782,0.0,0.0,0.2169876715455666,106.90228883599036,9.296226845593777,0.53776093170622,0.11763900410454464,0.5416666666666666,0.0,0.0,0.0,0.0,0.0,0.0,0.448150203816132,0.42111999937333167,0.6055903999367727,0.7710149639751747,3.5368138495507218,4.040275391889736,3.9849640533668538,4.526883410289884,0.448150203816132,0.6055903999367727,/home/aaa/data/qj/stable-baselines3-master/risk_curriculum_metadrive/outputs/ijmlc_p2_external_baselines/rcpo_lagrangian_1m_nenv16/rcpo_lagrangian_ppo_s0/config.json,/home/aaa/data/qj/stable-baselines3-master/risk_curriculum_metadrive/outputs/ijmlc_p2_external_baselines/rcpo_lagrangian_1m_nenv16/rcpo_lagrangian_ppo_s0/model/final_model.zip
rcpo_lagrangian,external_safe_rl,rcpo_lagrangian,ppo,0,none,0.25,20000,20005,5,0.0,1.0,0.133309195859886,1.0,1.0,0.0,0.0,82.0,56.73770434376728,12.268128047680221,32.872450558492154,34.45657374698338,8.160256063517457,0.012195121951219513,1.0,0.133309195859886,73.6675604046658,12.94379242558995,0.005003423833790623,0.28246650980502974,0.5569620253164557,0.0,0.0,0.0,0.0,0.0,0.0,0.5239534755052839,0.49379350093659014,0.637850807106588,0.8509998007502857,7.223794098003631,8.822280992171727,7.747747573508915,9.42823978693923,0.5239534755052839,0.637850807106588,/home/aaa/data/qj/stable-baselines3-master/risk_curriculum_metadrive/outputs/ijmlc_p2_external_baselines/rcpo_lagrangian_1m_nenv16/rcpo_lagrangian_ppo_s0/config.json,/home/aaa/data/qj/stable-baselines3-master/risk_curriculum_metadrive/outputs/ijmlc_p2_external_baselines/rcpo_lagrangian_1m_nenv16/rcpo_lagrangian_ppo_s0/model/final_model.zip
rcpo_lagrangian,external_safe_rl,rcpo_lagrangian,ppo,0,none,0.25,20000,20006,6,0.0,1.0,0.1175666429088074,0.0,0.0,0.0,1.0,75.0,43.34953930973342,5.101768942130935,31.961452623508485,35.280013735117166,8.242643895671234,0.013333333333333334,1.0,0.1175666429088074,65.5954203842281,3.516503762219761,3.1961210742328316,0.007911979934827942,1.0,0.0,0.0,0.0,0.0,0.0,0.0,0.47776190816269565,0.4506190016400069,0.6465529106208123,0.9046178849530452,4.465246572896528,5.803633797040675,4.943008481059223,6.270454997138586,0.47776190816269565,0.6465529106208123,/home/aaa/data/qj/stable-baselines3-master/risk_curriculum_metadrive/outputs/ijmlc_p2_external_baselines/rcpo_lagrangian_1m_nenv16/rcpo_lagrangian_ppo_s0/config.json,/home/aaa/data/qj/stable-baselines3-master/risk_curriculum_metadrive/outputs/ijmlc_p2_external_baselines/rcpo_lagrangian_1m_nenv16/rcpo_lagrangian_ppo_s0/model/final_model.zip
rcpo_lagrangian,external_safe_rl,rcpo_lagrangian,ppo,0,none,0.25,20000,20007,7,0.0,1.0,0.18777557777718357,1.0,1.0,0.0,0.0,82.0,45.82591270721965,8.446223686925336,35.55082679811955,43.016739566062604,9.246192954755704,0.012195121951219513,1.0,0.18777557777718357,79.94627057632529,12.055586925671976,0.731952629421295,0.14063232096734277,0.41935483870967744,0.0,0.0,0.0,0.0,0.0,0.0,0.40374482944948464,0.39530749927507713,0.5231496004853398,0.665840808214852,3.4020388400943085,3.9447207032935694,3.805783669543793,4.342410659592133,0.40374482944948464,0.5231496004853398,/home/aaa/data/qj/stable-baselines3-master/risk_curriculum_metadrive/outputs/ijmlc_p2_external_baselines/rcpo_lagrangian_1m_nenv16/rcpo_lagrangian_ppo_s0/config.json,/home/aaa/data/qj/stable-baselines3-master/risk_curriculum_metadrive/outputs/ijmlc_p2_external_baselines/rcpo_lagrangian_1m_nenv16/rcpo_lagrangian_ppo_s0/model/final_model.zip
rcpo_lagrangian,external_safe_rl,rcpo_lagrangian,ppo,0,none,0.25,20000,20008,8,0.0,1.0,0.08429609375467458,1.0,1.0,0.0,0.0,62.0,29.753905814862904,-2.644164279928315,31.272874552444055,32.10072683599431,7.3881912486466925,0.0,1.0,0.08429609375467458,52.821899222948815,12.402361178598072,0.4974348355999383,0.2765265261741694,0.559322033898305,0.0,0.0,0.0,0.0,0.0,0.0,0.491518693442847,0.4686579995905049,0.6461102908360771,0.8536869632371237,5.708284225669734,6.909392989473417,6.199802919112582,7.440305905765854,0.491518693442847,0.6461102908360771,/home/aaa/data/qj/stable-baselines3-master/risk_curriculum_metadrive/outputs/ijmlc_p2_external_baselines/rcpo_lagrangian_1m_nenv16/rcpo_lagrangian_ppo_s0/config.json,/home/aaa/data/qj/stable-baselines3-master/risk_curriculum_metadrive/outputs/ijmlc_p2_external_baselines/rcpo_lagrangian_1m_nenv16/rcpo_lagrangian_ppo_s0/model/final_model.zip
rcpo_lagrangian,external_safe_rl,rcpo_lagrangian,ppo,0,none,0.25,20000,20009,9,0.0,1.0,0.3722138885708122,0.0,0.0,0.0,1.0,135.0,64.8025302791601,23.517681796704377,43.66516547307737,50.337456181236604,14.65490071345511,0.0,0.0,0.3722138885708122,162.78721647601574,2.4029564321621075,1.871120391400479,0.0346272475711719,1.0,0.0,0.0,0.0,0.0,0.0,0.0,0.4916190444621154,0.4712009977083653,0.6983445986406878,0.7687832642113789,5.169890281265705,6.731242507521529,5.66150932572782,7.284551503835246,0.4916190444621154,0.6983445986406878,/home/aaa/data/qj/stable-baselines3-master/risk_curriculum_metadrive/outputs/ijmlc_p2_external_baselines/rcpo_lagrangian_1m_nenv16/rcpo_lagrangian_ppo_s0/config.json,/home/aaa/data/qj/stable-baselines3-master/risk_curriculum_metadrive/outputs/ijmlc_p2_external_baselines/rcpo_lagrangian_1m_nenv16/rcpo_lagrangian_ppo_s0/model/final_model.zip
rcpo_lagrangian,external_safe_rl,rcpo_lagrangian,ppo,0,none,0.25,20000,20010,10,0.0,1.0,0.2539169253533717,1.0,1.0,0.0,0.0,93.0,72.32351542230222,23.72926547175228,43.43323781191406,47.19214250915703,10.486243275690434,0.0,0.0,0.2539169253533717,111.30790957408858,1.6919840323650603,0.3480285167571004,0.1707363080069646,1.0,0.0,0.0,0.0,0.0,0.0,0.0,0.43348516121641884,0.4134939954383299,0.6075116049032657,0.6393594393739476,2.287291354619928,2.9806534003000706,2.720776515836347,3.4243698057252914,0.43348516121641884,0.6075116049032657,/home/aaa/data/qj/stable-baselines3-master/risk_curriculum_metadrive/outputs/ijmlc_p2_external_baselines/rcpo_lagrangian_1m_nenv16/rcpo_lagrangian_ppo_s0/config.json,/home/aaa/data/qj/stable-baselines3-master/risk_curriculum_metadrive/outputs/ijmlc_p2_external_baselines/rcpo_lagrangian_1m_nenv16/rcpo_lagrangian_ppo_s0/model/final_model.zip
rcpo_lagrangian,external_safe_rl,rcpo_lagrangian,ppo,0,none,0.25,20000,20011,11,0.0,1.0,0.3933179590348167,1.0,1.0,0.0,0.0,192.0,81.06685147545552,32.23296450877227,42.392029911656415,45.19080739706328,19.19343461510301,0.005208333333333333,0.0,0.3933179590348167,225.13891023635998,7.913283482243697,0.005187547664938745,0.20647855407023638,0.608,0.0,0.0,0.0,0.0,0.0,0.0,0.5458142548680674,0.5208410002524033,0.7165016024373472,0.8273949008435013,10.384027546251673,12.342111154430313,10.929841801119741,12.975639502838021,0.5458142548680674,0.7165016024373472,/home/aaa/data/qj/stable-baselines3-master/risk_curriculum_metadrive/outputs/ijmlc_p2_external_baselines/rcpo_lagrangian_1m_nenv16/rcpo_lagrangian_ppo_s0/config.json,/home/aaa/data/qj/stable-baselines3-master/risk_curriculum_metadrive/outputs/ijmlc_p2_external_baselines/rcpo_lagrangian_1m_nenv16/rcpo_lagrangian_ppo_s0/model/final_model.zip
rcpo_lagrangian,external_safe_rl,rcpo_lagrangian,ppo,0,none,0.25,20000,20012,12,0.0,1.0,0.13206984114954248,0.0,0.0,0.0,1.0,77.0,24.375295853833798,-3.9002568385968246,35.15022243623889,40.25215437848751,8.940904219868926,0.0,1.0,0.13206984114954248,74.14490912145693,,,0.0,0.0,0.0,0.0,0.0,0.0,0.0,0.0,0.4526695721123561,0.4186529986327514,0.6436652009142563,0.6816015631193295,3.167278013515661,3.7334516033297405,3.619947585628017,4.207152398885228,0.4526695721123561,0.6436652009142563,/home/aaa/data/qj/stable-baselines3-master/risk_curriculum_metadrive/outputs/ijmlc_p2_external_baselines/rcpo_lagrangian_1m_nenv16/rcpo_lagrangian_ppo_s0/config.json,/home/aaa/data/qj/stable-baselines3-master/risk_curriculum_metadrive/outputs/ijmlc_p2_external_baselines/rcpo_lagrangian_1m_nenv16/rcpo_lagrangian_ppo_s0/model/final_model.zip
rcpo_lagrangian,external_safe_rl,rcpo_lagrangian,ppo,0,none,0.25,20000,20013,13,0.0,1.0,0.32026301888374065,1.0,1.0,0.0,0.0,185.0,110.34227303815172,44.679027085588096,45.417995350898984,51.2428451043617,18.917117491091275,0.005405405405405406,0.0,0.32026301888374065,232.59518811670452,1.9316453403164562,0.38555709861084236,0.1194170462147109,1.0,0.0,0.0,0.0,0.0,0.0,0.0,0.550992221798043,0.5501109990291297,0.7126044016331433,0.7657099212519823,6.814993951057486,13.310243596788496,7.365986172855529,13.823770007002167,0.550992221798043,0.7126044016331433,/home/aaa/data/qj/stable-baselines3-master/risk_curriculum_metadrive/outputs/ijmlc_p2_external_baselines/rcpo_lagrangian_1m_nenv16/rcpo_lagrangian_ppo_s0/config.json,/home/aaa/data/qj/stable-baselines3-master/risk_curriculum_metadrive/outputs/ijmlc_p2_external_baselines/rcpo_lagrangian_1m_nenv16/rcpo_lagrangian_ppo_s0/model/final_model.zip
rcpo_lagrangian,external_safe_rl,rcpo_lagrangian,ppo,0,none,0.25,20000,20014,14,0.0,1.0,0.09575733205006126,1.0,1.0,0.0,0.0,62.0,29.70692976769425,-2.3738151546510373,28.33016451562831,28.502404054459276,6.272770836701789,0.016129032258064516,1.0,0.09575733205006126,47.58556777649299,8.189516753612356,0.27595254635968003,0.26745349237433685,0.5306122448979592,0.0,0.0,0.0,0.0,0.0,0.0,0.3959107569009516,0.4007439929409884,0.5672170897014437,0.6363597273593768,4.0132985821166525,4.87161945347907,4.409209339017604,5.363303454214474,0.3959107569009516,0.5672170897014437,/home/aaa/data/qj/stable-baselines3-master/risk_curriculum_metadrive/outputs/ijmlc_p2_external_baselines/rcpo_lagrangian_1m_nenv16/rcpo_lagrangian_ppo_s0/config.json,/home/aaa/data/qj/stable-baselines3-master/risk_curriculum_metadrive/outputs/ijmlc_p2_external_baselines/rcpo_lagrangian_1m_nenv16/rcpo_lagrangian_ppo_s0/model/final_model.zip
rcpo_lagrangian,external_safe_rl,rcpo_lagrangian,ppo,0,none,0.25,20000,20015,15,0.0,1.0,0.12561737675585313,0.0,0.0,0.0,1.0,81.0,30.35972174156322,-1.1016178265427996,37.132160088451535,43.97894941376823,9.632087599930818,0.0,1.0,0.12561737675585313,82.53551241593536,1.8350162413312168,1.7001009410597798,0.03125909885104971,1.0,0.0,0.0,0.0,0.0,0.0,0.0,0.376707173051761,0.3482370084384456,0.5117129912832752,0.5616148031549529,3.010112061603627,3.594656998757273,3.386819234655388,3.9473919896408916,0.376707173051761,0.5117129912832752,/home/aaa/data/qj/stable-baselines3-master/risk_curriculum_metadrive/outputs/ijmlc_p2_external_baselines/rcpo_lagrangian_1m_nenv16/rcpo_lagrangian_ppo_s0/config.json,/home/aaa/data/qj/stable-baselines3-master/risk_curriculum_metadrive/outputs/ijmlc_p2_external_baselines/rcpo_lagrangian_1m_nenv16/rcpo_lagrangian_ppo_s0/model/final_model.zip
rcpo_lagrangian,external_safe_rl,rcpo_lagrangian,ppo,0,none,0.25,20000,20016,16,0.0,1.0,0.13029910969802333,1.0,1.0,0.0,0.0,82.0,41.97587968925734,4.846913135569377,39.3527559472342,42.75944026060145,9.679047186130399,0.0,1.0,0.13029910969802333,88.72580875590843,2.0639163693098026,0.42354039482409933,0.12455083786833333,0.9285714285714286,0.0,0.0,0.0,0.0,0.0,0.0,0.4211054259851552,0.4183959972579032,0.5379653128329664,0.5574592917400878,6.048017804703971,7.2064709005644545,6.469123230689125,7.667843103263294,0.4211054259851552,0.5379653128329664,/home/aaa/data/qj/stable-baselines3-master/risk_curriculum_metadrive/outputs/ijmlc_p2_external_baselines/rcpo_lagrangian_1m_nenv16/rcpo_lagrangian_ppo_s0/config.json,/home/aaa/data/qj/stable-baselines3-master/risk_curriculum_metadrive/outputs/ijmlc_p2_external_baselines/rcpo_lagrangian_1m_nenv16/rcpo_lagrangian_ppo_s0/model/final_model.zip
rcpo_lagrangian,external_safe_rl,rcpo_lagrangian,ppo,0,none,0.25,20000,20017,17,0.0,1.0,0.11254484819934811,0.0,0.0,0.0,1.0,70.0,23.614775913564543,-4.866266597237278,34.07106410841822,36.728008400647894,8.249784415374123,0.0,1.0,0.11254484819934811,65.10370731894142,,,0.0,0.0,0.0,0.0,0.0,0.0,0.0,0.0,0.42544408622364116,0.4204005017527379,0.5613646972051356,0.6222362846892793,4.863590671240153,6.034127297607483,5.289034757463794,6.428205542033538,0.42544408622364116,0.5613646972051356,/home/aaa/data/qj/stable-baselines3-master/risk_curriculum_metadrive/outputs/ijmlc_p2_external_baselines/rcpo_lagrangian_1m_nenv16/rcpo_lagrangian_ppo_s0/config.json,/home/aaa/data/qj/stable-baselines3-master/risk_curriculum_metadrive/outputs/ijmlc_p2_external_baselines/rcpo_lagrangian_1m_nenv16/rcpo_lagrangian_ppo_s0/model/final_model.zip
rcpo_lagrangian,external_safe_rl,rcpo_lagrangian,ppo,0,none,0.25,20000,20018,18,0.0,1.0,0.12640019788586732,0.0,0.0,0.0,1.0,123.0,30.426487097688778,-1.044750514579576,33.627063298560394,33.83810290871628,13.502857115976248,0.0,1.0,0.12640019788586732,114.16149733378191,4.013724015889907,3.027471786440734,0.01221633965223873,0.6666666666666666,0.0,0.0,0.0,0.0,0.0,0.0,0.4224154554691726,0.4137979994993657,0.5372216066461988,0.5826314009027556,5.611667000902513,11.011344495636877,6.034082456371686,11.495499596640002,0.4224154554691726,0.5372216066461988,/home/aaa/data/qj/stable-baselines3-master/risk_curriculum_metadrive/outputs/ijmlc_p2_external_baselines/rcpo_lagrangian_1m_nenv16/rcpo_lagrangian_ppo_s0/config.json,/home/aaa/data/qj/stable-baselines3-master/risk_curriculum_metadrive/outputs/ijmlc_p2_external_baselines/rcpo_lagrangian_1m_nenv16/rcpo_lagrangian_ppo_s0/model/final_model.zip
rcpo_lagrangian,external_safe_rl,rcpo_lagrangian,ppo,0,none,0.25,20000,20019,19,0.0,1.0,0.12841316083021134,1.0,1.0,0.0,0.0,78.0,31.985805441548948,-0.25470245431917604,34.259401384799084,38.41848819488757,8.606452390335287,0.01282051282051282,1.0,0.12841316083021134,73.34804975154363,5.70212218750416,0.5781990505253681,0.10266058516083315,0.4,0.0,0.0,0.0,0.0,0.0,0.0,0.41005709070491436,0.4048984992550686,0.5049419472925364,0.5765634236740882,4.182546346549852,4.717553353839321,4.592603437254766,5.1591873467259575,0.41005709070491436,0.5049419472925364,/home/aaa/data/qj/stable-baselines3-master/risk_curriculum_metadrive/outputs/ijmlc_p2_external_baselines/rcpo_lagrangian_1m_nenv16/rcpo_lagrangian_ppo_s0/config.json,/home/aaa/data/qj/stable-baselines3-master/risk_curriculum_metadrive/outputs/ijmlc_p2_external_baselines/rcpo_lagrangian_1m_nenv16/rcpo_lagrangian_ppo_s0/model/final_model.zip
