label,role,variant,algo,train_seed,action_filter,density,scenario_start_seed,map_seed,episode,success,cost,route_completion,collision,crash_vehicle,crash_object,out_of_road,episode_length,reward,shaped_reward,mean_speed_kmh,median_speed_kmh,p10_speed_kmh,stop_ratio,low_progress,progress_per_cost,path_length_m,mean_ttc,min_ttc,ttc_risk_mean,ttc_dangerous_fraction,intervention_count,soft_guard_count,hard_shield_count,overspeed_guard_count,intervention_rate_per_100_steps,intervention_rate_per_km,policy_inference_ms_mean,policy_inference_ms_p50,policy_inference_ms_p95,policy_inference_ms_p99,env_step_wall_ms_mean,env_step_wall_ms_p95,control_loop_wall_ms_mean,control_loop_wall_ms_p95,total_action_latency_ms_mean,total_action_latency_ms_p95,source_config_json,source_model_path
rcpo_lagrangian,external_safe_rl,rcpo_lagrangian,ppo,2,none,0.08,10000,10000,0,0.0,1.0,0.4167431883282471,0.0,0.0,0.0,1.0,161.0,109.46719594687058,47.185893623282695,48.96294102107841,57.08654787621741,18.18331400637564,0.0,0.0,0.4167431883282471,217.62969314175658,4.170438581891165,3.362807979308173,0.007505340571618452,0.8571428571428571,0.0,0.0,0.0,0.0,0.0,0.0,1.0764372053480944,0.4414040013216436,0.696924005751498,0.7745352078927683,2.7102583414449803,3.577292009140365,3.7866955467930747,3.995182996732183,1.0764372053480944,0.696924005751498,/home/aaa/data/qj/stable-baselines3-master/risk_curriculum_metadrive/outputs/ijmlc_p2_external_baselines/rcpo_lagrangian_1m_nenv16/rcpo_lagrangian_ppo_s2/config.json,/home/aaa/data/qj/stable-baselines3-master/risk_curriculum_metadrive/outputs/ijmlc_p2_external_baselines/rcpo_lagrangian_1m_nenv16/rcpo_lagrangian_ppo_s2/model/final_model.zip
rcpo_lagrangian,external_safe_rl,rcpo_lagrangian,ppo,2,none,0.08,10000,10001,1,0.0,1.0,0.5969580418526617,1.0,1.0,0.0,0.0,264.0,141.9278197548953,68.82265113302748,42.366236839291886,43.76221350057544,28.027693296939578,0.0,0.0,0.5969580418526617,309.6575574620093,6.183303124560816,0.7622150932065623,0.053292890872579796,0.5909090909090909,0.0,0.0,0.0,0.0,0.0,0.0,0.4284144017054297,0.3964320058003068,0.6125427462393418,0.7215781715058257,1.8935923144454136,2.5376452089403756,2.3220067161508435,3.076749744650442,0.4284144017054297,0.6125427462393418,/home/aaa/data/qj/stable-baselines3-master/risk_curriculum_metadrive/outputs/ijmlc_p2_external_baselines/rcpo_lagrangian_1m_nenv16/rcpo_lagrangian_ppo_s2/config.json,/home/aaa/data/qj/stable-baselines3-master/risk_curriculum_metadrive/outputs/ijmlc_p2_external_baselines/rcpo_lagrangian_1m_nenv16/rcpo_lagrangian_ppo_s2/model/final_model.zip
rcpo_lagrangian,external_safe_rl,rcpo_lagrangian,ppo,2,none,0.08,10000,10002,2,0.0,1.0,0.5578351153848454,0.0,0.0,0.0,1.0,227.0,161.34824658678932,77.35917675494,50.13367405193206,55.88746780563576,24.790667888439298,0.0,0.0,0.5578351153848454,314.9991520345133,3.1135184682659056,0.05743899100939029,0.1382649287576319,0.8260869565217391,0.0,0.0,0.0,0.0,0.0,0.0,0.48031820300228006,0.4357639991212636,0.6571757956407964,0.7389608400990256,3.3374048858836893,4.927049703837838,3.8177230888859692,5.525912695156876,0.48031820300228006,0.6571757956407964,/home/aaa/data/qj/stable-baselines3-master/risk_curriculum_metadrive/outputs/ijmlc_p2_external_baselines/rcpo_lagrangian_1m_nenv16/rcpo_lagrangian_ppo_s2/config.json,/home/aaa/data/qj/stable-baselines3-master/risk_curriculum_metadrive/outputs/ijmlc_p2_external_baselines/rcpo_lagrangian_1m_nenv16/rcpo_lagrangian_ppo_s2/model/final_model.zip
rcpo_lagrangian,external_safe_rl,rcpo_lagrangian,ppo,2,none,0.08,10000,10003,3,0.0,1.0,0.3953958059346181,0.0,0.0,0.0,1.0,149.0,97.75018180155138,40.68696507881422,45.22976348030181,53.9261590355862,17.16565610834684,0.0,0.0,0.3953958059346181,186.043089405837,3.075219324002216,1.9585289573189624,0.04908836623350053,1.0,0.0,0.0,0.0,0.0,0.0,0.0,0.42432196656688925,0.38749600935261697,0.6438301992602645,0.7507464801892642,1.2023871676252542,1.5926510008284822,1.6267091341921434,2.1404906030511484,0.42432196656688925,0.6438301992602645,/home/aaa/data/qj/stable-baselines3-master/risk_curriculum_metadrive/outputs/ijmlc_p2_external_baselines/rcpo_lagrangian_1m_nenv16/rcpo_lagrangian_ppo_s2/config.json,/home/aaa/data/qj/stable-baselines3-master/risk_curriculum_metadrive/outputs/ijmlc_p2_external_baselines/rcpo_lagrangian_1m_nenv16/rcpo_lagrangian_ppo_s2/model/final_model.zip
rcpo_lagrangian,external_safe_rl,rcpo_lagrangian,ppo,2,none,0.08,10000,10004,4,0.0,1.0,0.23987144627528917,1.0,1.0,0.0,0.0,134.0,41.576945255454504,7.88461601598593,36.161503944032845,42.798463013340616,14.200793469575478,0.0,0.0,0.23987144627528917,133.656150563068,8.299242845747786,1.3610742129051887,0.11174758524857616,0.578125,0.0,0.0,0.0,0.0,0.0,0.0,0.4227009634252763,0.40009299846133217,0.6059144441678653,0.7313483789039305,2.030494887644161,2.459185950283427,2.453195851069437,3.0356251503690146,0.4227009634252763,0.6059144441678653,/home/aaa/data/qj/stable-baselines3-master/risk_curriculum_metadrive/outputs/ijmlc_p2_external_baselines/rcpo_lagrangian_1m_nenv16/rcpo_lagrangian_ppo_s2/config.json,/home/aaa/data/qj/stable-baselines3-master/risk_curriculum_metadrive/outputs/ijmlc_p2_external_baselines/rcpo_lagrangian_1m_nenv16/rcpo_lagrangian_ppo_s2/model/final_model.zip
rcpo_lagrangian,external_safe_rl,rcpo_lagrangian,ppo,2,none,0.08,10000,10005,5,0.0,1.0,0.29834559741468447,1.0,1.0,0.0,0.0,119.0,93.13078482309936,35.46576033399019,44.14684648201801,54.395462331538205,14.204049820848818,0.0,0.0,0.29834559741468447,145.0097909377775,3.7337351919024107,0.7853315746523344,0.11189756810208995,0.675,0.0,0.0,0.0,0.0,0.0,0.0,0.40805440307047,0.3950060054194182,0.6262036898988299,0.672613842471037,1.770028319506233,2.0160071973805316,2.1780827225767028,2.5072443022509106,0.40805440307047,0.6262036898988299,/home/aaa/data/qj/stable-baselines3-master/risk_curriculum_metadrive/outputs/ijmlc_p2_external_baselines/rcpo_lagrangian_1m_nenv16/rcpo_lagrangian_ppo_s2/config.json,/home/aaa/data/qj/stable-baselines3-master/risk_curriculum_metadrive/outputs/ijmlc_p2_external_baselines/rcpo_lagrangian_1m_nenv16/rcpo_lagrangian_ppo_s2/model/final_model.zip
rcpo_lagrangian,external_safe_rl,rcpo_lagrangian,ppo,2,none,0.08,10000,10006,6,0.0,1.0,0.23107601319509424,1.0,1.0,0.0,0.0,126.0,36.58717937482269,5.175870083264201,40.79070801848847,46.742458896117924,14.782017580062245,0.0,0.0,0.23107601319509424,141.99152339483078,2.306466862345215,1.2124645267706646,0.06413174137273298,1.0,0.0,0.0,0.0,0.0,0.0,0.0,0.41053454806965345,0.3897499991580844,0.6256152446439955,0.6576960004167631,1.6069061985324389,1.8293202556378674,2.0174407466020923,2.3696392490819562,0.41053454806965345,0.6256152446439955,/home/aaa/data/qj/stable-baselines3-master/risk_curriculum_metadrive/outputs/ijmlc_p2_external_baselines/rcpo_lagrangian_1m_nenv16/rcpo_lagrangian_ppo_s2/config.json,/home/aaa/data/qj/stable-baselines3-master/risk_curriculum_metadrive/outputs/ijmlc_p2_external_baselines/rcpo_lagrangian_1m_nenv16/rcpo_lagrangian_ppo_s2/model/final_model.zip
rcpo_lagrangian,external_safe_rl,rcpo_lagrangian,ppo,2,none,0.08,10000,10007,7,0.0,1.0,0.2390041185810352,1.0,1.0,0.0,0.0,176.0,77.36193975713975,25.751093436000936,40.880185927048764,46.64268497133525,17.909627051766122,0.005681818181818182,0.0,0.2390041185810352,198.99534441763367,4.802811612826316,1.5943073624653576,0.09123232249024134,0.6,0.0,0.0,0.0,0.0,0.0,0.0,0.4761007727541834,0.4315200058044866,0.6466409904533066,0.7062695003696717,3.0700865458625644,4.074966760526877,3.546187318616748,4.569082502712263,0.4761007727541834,0.6466409904533066,/home/aaa/data/qj/stable-baselines3-master/risk_curriculum_metadrive/outputs/ijmlc_p2_external_baselines/rcpo_lagrangian_1m_nenv16/rcpo_lagrangian_ppo_s2/config.json,/home/aaa/data/qj/stable-baselines3-master/risk_curriculum_metadrive/outputs/ijmlc_p2_external_baselines/rcpo_lagrangian_1m_nenv16/rcpo_lagrangian_ppo_s2/model/final_model.zip
rcpo_lagrangian,external_safe_rl,rcpo_lagrangian,ppo,2,none,0.08,10000,10008,8,0.0,1.0,0.36341072578312944,1.0,1.0,0.0,0.0,172.0,67.07460723432494,24.389625390656423,38.76091938931055,42.609822467941946,18.939819264109108,0.0,0.0,0.36341072578312944,184.12500771166992,3.3161859103392266,0.749878401281968,0.12491700299951587,0.7916666666666666,0.0,0.0,0.0,0.0,0.0,0.0,0.4393997679831363,0.40199249633587897,0.6222689502465073,0.7455739020952022,1.7920848195201469,2.222585446725134,2.231484587503283,2.790597749117296,0.4393997679831363,0.6222689502465073,/home/aaa/data/qj/stable-baselines3-master/risk_curriculum_metadrive/outputs/ijmlc_p2_external_baselines/rcpo_lagrangian_1m_nenv16/rcpo_lagrangian_ppo_s2/config.json,/home/aaa/data/qj/stable-baselines3-master/risk_curriculum_metadrive/outputs/ijmlc_p2_external_baselines/rcpo_lagrangian_1m_nenv16/rcpo_lagrangian_ppo_s2/model/final_model.zip
rcpo_lagrangian,external_safe_rl,rcpo_lagrangian,ppo,2,none,0.08,10000,10009,9,0.0,1.0,0.37925457883741026,0.0,0.0,0.0,1.0,188.0,72.78232772779556,27.66880122902008,33.757221721644,36.82654880429824,19.516811590704577,0.005319148936170213,0.0,0.37925457883741026,175.44393846579158,,,0.0,0.0,0.0,0.0,0.0,0.0,0.0,0.0,0.4164095267658419,0.3931714963982813,0.6357603961077984,0.6656484058476053,1.5146063563000272,1.7444005061406642,1.931015883065869,2.299870397837367,0.4164095267658419,0.6357603961077984,/home/aaa/data/qj/stable-baselines3-master/risk_curriculum_metadrive/outputs/ijmlc_p2_external_baselines/rcpo_lagrangian_1m_nenv16/rcpo_lagrangian_ppo_s2/config.json,/home/aaa/data/qj/stable-baselines3-master/risk_curriculum_metadrive/outputs/ijmlc_p2_external_baselines/rcpo_lagrangian_1m_nenv16/rcpo_lagrangian_ppo_s2/model/final_model.zip
rcpo_lagrangian,external_safe_rl,rcpo_lagrangian,ppo,2,none,0.08,10000,10010,10,0.0,1.0,0.6306223365616621,0.0,0.0,0.0,1.0,279.0,149.35745564276343,73.49739791823153,47.28474942640725,50.53634910595658,28.307622258191227,0.0035842293906810036,0.0,0.6306223365616621,365.50180971947117,6.076836171614698,0.2936301432548633,0.06307309817682034,0.5272727272727272,0.0,0.0,0.0,0.0,0.0,0.0,0.4351320178923948,0.41650200728327036,0.6174816968268715,0.6629105779575175,3.1111579352182814,4.607484499865677,3.546289953110676,5.077534494921565,0.4351320178923948,0.6174816968268715,/home/aaa/data/qj/stable-baselines3-master/risk_curriculum_metadrive/outputs/ijmlc_p2_external_baselines/rcpo_lagrangian_1m_nenv16/rcpo_lagrangian_ppo_s2/config.json,/home/aaa/data/qj/stable-baselines3-master/risk_curriculum_metadrive/outputs/ijmlc_p2_external_baselines/rcpo_lagrangian_1m_nenv16/rcpo_lagrangian_ppo_s2/model/final_model.zip
rcpo_lagrangian,external_safe_rl,rcpo_lagrangian,ppo,2,none,0.08,10000,10011,11,0.0,1.0,0.29279948522976884,1.0,1.0,0.0,0.0,145.0,54.19128945844274,15.779629286114453,43.508160704520016,48.66488316117288,16.026053588178513,0.006896551724137931,0.0,0.29279948522976884,174.15028768387256,4.188477499575875,0.8467838319106453,0.07275597227989893,0.8064516129032258,0.0,0.0,0.0,0.0,0.0,0.0,0.44787979287352286,0.4124999977648258,0.6220075942110269,0.6670930387917906,2.3666407171323702,2.7532274049008265,2.814520510005893,3.1923382019158453,0.44787979287352286,0.6220075942110269,/home/aaa/data/qj/stable-baselines3-master/risk_curriculum_metadrive/outputs/ijmlc_p2_external_baselines/rcpo_lagrangian_1m_nenv16/rcpo_lagrangian_ppo_s2/config.json,/home/aaa/data/qj/stable-baselines3-master/risk_curriculum_metadrive/outputs/ijmlc_p2_external_baselines/rcpo_lagrangian_1m_nenv16/rcpo_lagrangian_ppo_s2/model/final_model.zip
rcpo_lagrangian,external_safe_rl,rcpo_lagrangian,ppo,2,none,0.08,10000,10012,12,0.0,1.0,0.15776920264360683,1.0,1.0,0.0,0.0,78.0,30.966780098453185,0.16646612853480391,33.78206117737149,39.91656818901035,9.096204705443743,0.0,1.0,0.15776920264360683,72.2553233719638,1.3814987897388424,0.0398922688211949,0.139173123471583,1.0,0.0,0.0,0.0,0.0,0.0,0.0,0.49344750098102036,0.5081060007796623,0.6220086455869023,0.7010197883937519,1.3292521661451946,1.6265792997728565,1.822699667126215,2.216996495553758,0.49344750098102036,0.6220086455869023,/home/aaa/data/qj/stable-baselines3-master/risk_curriculum_metadrive/outputs/ijmlc_p2_external_baselines/rcpo_lagrangian_1m_nenv16/rcpo_lagrangian_ppo_s2/config.json,/home/aaa/data/qj/stable-baselines3-master/risk_curriculum_metadrive/outputs/ijmlc_p2_external_baselines/rcpo_lagrangian_1m_nenv16/rcpo_lagrangian_ppo_s2/model/final_model.zip
rcpo_lagrangian,external_safe_rl,rcpo_lagrangian,ppo,2,none,0.08,10000,10013,13,0.0,1.0,0.17969424608633577,0.0,0.0,0.0,1.0,116.0,20.166937282677647,-4.6257039760711045,33.18747479630626,34.555395588990685,12.891931802200801,0.008620689655172414,1.0,0.17969424608633577,106.13344637188358,3.876115553900483,3.851742467685094,0.003875463607239715,1.0,0.0,0.0,0.0,0.0,0.0,0.0,0.39975137017257834,0.3876630071317777,0.5220424936851487,0.61760179742123,1.7195462844091676,2.15883500277414,2.119297654581746,2.560841243393952,0.39975137017257834,0.5220424936851487,/home/aaa/data/qj/stable-baselines3-master/risk_curriculum_metadrive/outputs/ijmlc_p2_external_baselines/rcpo_lagrangian_1m_nenv16/rcpo_lagrangian_ppo_s2/config.json,/home/aaa/data/qj/stable-baselines3-master/risk_curriculum_metadrive/outputs/ijmlc_p2_external_baselines/rcpo_lagrangian_1m_nenv16/rcpo_lagrangian_ppo_s2/model/final_model.zip
rcpo_lagrangian,external_safe_rl,rcpo_lagrangian,ppo,2,none,0.08,10000,10014,14,0.0,1.0,0.19067349863673605,1.0,1.0,0.0,0.0,162.0,57.86081724708248,14.550613582643315,37.54161950567228,41.059374247196985,17.575603171220834,0.006172839506172839,1.0,0.19067349863673605,167.88087780693226,2.7544521581714037,0.6937155563401252,0.1335314621992309,0.9318181818181818,0.0,0.0,0.0,0.0,0.0,0.0,0.4405501053559329,0.41640299605205655,0.6200752453878522,0.7066154172935054,3.21563182777386,3.7688076568883844,3.6561819331297927,4.265766791650094,0.4405501053559329,0.6200752453878522,/home/aaa/data/qj/stable-baselines3-master/risk_curriculum_metadrive/outputs/ijmlc_p2_external_baselines/rcpo_lagrangian_1m_nenv16/rcpo_lagrangian_ppo_s2/config.json,/home/aaa/data/qj/stable-baselines3-master/risk_curriculum_metadrive/outputs/ijmlc_p2_external_baselines/rcpo_lagrangian_1m_nenv16/rcpo_lagrangian_ppo_s2/model/final_model.zip
rcpo_lagrangian,external_safe_rl,rcpo_lagrangian,ppo,2,none,0.08,10000,10015,15,0.0,1.0,0.2540965151137206,1.0,1.0,0.0,0.0,163.0,103.45477602335662,39.25028346508993,40.05366750869405,45.49228765295318,17.20882667116434,0.006134969325153374,0.0,0.2540965151137206,180.12383762616486,3.415741798498163,0.10059748645088007,0.08575112058280644,0.7333333333333333,0.0,0.0,0.0,0.0,0.0,0.0,0.42811620909437836,0.39414101047441363,0.6180432945257053,0.6523259959067217,1.6985529638395467,2.106194000225514,2.126669172933925,2.624789919354953,0.42811620909437836,0.6180432945257053,/home/aaa/data/qj/stable-baselines3-master/risk_curriculum_metadrive/outputs/ijmlc_p2_external_baselines/rcpo_lagrangian_1m_nenv16/rcpo_lagrangian_ppo_s2/config.json,/home/aaa/data/qj/stable-baselines3-master/risk_curriculum_metadrive/outputs/ijmlc_p2_external_baselines/rcpo_lagrangian_1m_nenv16/rcpo_lagrangian_ppo_s2/model/final_model.zip
rcpo_lagrangian,external_safe_rl,rcpo_lagrangian,ppo,2,none,0.08,10000,10016,16,0.0,1.0,0.30039859229431143,0.0,0.0,0.0,1.0,126.0,98.80300222460416,38.31345888113143,44.25673138312011,50.034435121195244,13.333993872769131,0.007936507936507936,0.0,0.30039859229431143,153.92655548511544,,,0.0,0.0,0.0,0.0,0.0,0.0,0.0,0.0,0.44393550088566297,0.3941845061490312,0.635908501863014,0.7492445038224105,1.493625913373387,1.8292987588210963,1.9375614142590498,2.4563080005464144,0.44393550088566297,0.635908501863014,/home/aaa/data/qj/stable-baselines3-master/risk_curriculum_metadrive/outputs/ijmlc_p2_external_baselines/rcpo_lagrangian_1m_nenv16/rcpo_lagrangian_ppo_s2/config.json,/home/aaa/data/qj/stable-baselines3-master/risk_curriculum_metadrive/outputs/ijmlc_p2_external_baselines/rcpo_lagrangian_1m_nenv16/rcpo_lagrangian_ppo_s2/model/final_model.zip
rcpo_lagrangian,external_safe_rl,rcpo_lagrangian,ppo,2,none,0.08,10000,10017,17,0.0,1.0,0.2887597056116459,0.0,0.0,0.0,1.0,172.0,94.28478819362834,35.70518526516355,48.58467223824705,56.331883985107254,18.448220805354797,0.005813953488372093,0.0,0.2887597056116459,230.97953270378144,2.097998275699487,1.1273117574305025,0.03036978548686583,1.0,0.0,0.0,0.0,0.0,0.0,0.0,0.450029843070593,0.4223475043545477,0.6479719027993268,0.7029082492226734,3.0658916157547136,3.443526545743225,3.5159214588253067,3.948699610918993,0.450029843070593,0.6479719027993268,/home/aaa/data/qj/stable-baselines3-master/risk_curriculum_metadrive/outputs/ijmlc_p2_external_baselines/rcpo_lagrangian_1m_nenv16/rcpo_lagrangian_ppo_s2/config.json,/home/aaa/data/qj/stable-baselines3-master/risk_curriculum_metadrive/outputs/ijmlc_p2_external_baselines/rcpo_lagrangian_1m_nenv16/rcpo_lagrangian_ppo_s2/model/final_model.zip
rcpo_lagrangian,external_safe_rl,rcpo_lagrangian,ppo,2,none,0.08,10000,10018,18,1.0,0.0,0.9894449932830556,0.0,0.0,0.0,0.0,395.0,188.9979219657541,164.13231078136863,42.46302932890394,43.746127404654295,27.286607186315834,0.0,0.0,989444.9932830556,464.58503997433394,4.255650625250432,1.024403454205736,0.04154703874648752,0.8181818181818182,0.0,0.0,0.0,0.0,0.0,0.0,0.4314657544225006,0.4094809992238879,0.6305143993813543,0.7065304051502608,2.7939343498946063,3.9458621002268046,3.225400104317107,4.40015989152016,0.4314657544225006,0.6305143993813543,/home/aaa/data/qj/stable-baselines3-master/risk_curriculum_metadrive/outputs/ijmlc_p2_external_baselines/rcpo_lagrangian_1m_nenv16/rcpo_lagrangian_ppo_s2/config.json,/home/aaa/data/qj/stable-baselines3-master/risk_curriculum_metadrive/outputs/ijmlc_p2_external_baselines/rcpo_lagrangian_1m_nenv16/rcpo_lagrangian_ppo_s2/model/final_model.zip
rcpo_lagrangian,external_safe_rl,rcpo_lagrangian,ppo,2,none,0.08,10000,10019,19,0.0,1.0,0.6120427184567114,1.0,1.0,0.0,0.0,429.0,248.82988834640275,122.67622572690298,37.79203838280224,38.315058159322525,25.85564591911966,0.0,0.0,0.6120427184567114,448.8753858522893,10.263757218566239,1.1531032274095576,0.03511202130088642,0.6461538461538462,0.0,0.0,0.0,0.0,0.0,0.0,0.453040578153195,0.41345499630551785,0.6393267976818606,0.7400384411448612,2.7803321003871546,3.798250804538838,3.23337267854035,4.433680805959739,0.453040578153195,0.6393267976818606,/home/aaa/data/qj/stable-baselines3-master/risk_curriculum_metadrive/outputs/ijmlc_p2_external_baselines/rcpo_lagrangian_1m_nenv16/rcpo_lagrangian_ppo_s2/config.json,/home/aaa/data/qj/stable-baselines3-master/risk_curriculum_metadrive/outputs/ijmlc_p2_external_baselines/rcpo_lagrangian_1m_nenv16/rcpo_lagrangian_ppo_s2/model/final_model.zip
rcpo_lagrangian,external_safe_rl,rcpo_lagrangian,ppo,2,none,0.08,20000,20000,0,0.0,1.0,0.456714288757861,0.0,0.0,0.0,1.0,130.0,75.55660872067341,31.429733023072544,44.306652554317175,52.56276515028674,14.541269046878922,0.0,0.0,0.456714288757861,158.5147255638909,2.3130732254077824,1.1815667540755856,0.08267466998745283,1.0,0.0,0.0,0.0,0.0,0.0,0.0,0.3514304611599073,0.32135249784914777,0.48916255400399666,0.5874377059808464,1.3274999851441511,2.009581647143932,1.6789304463040584,2.421933949517552,0.3514304611599073,0.48916255400399666,/home/aaa/data/qj/stable-baselines3-master/risk_curriculum_metadrive/outputs/ijmlc_p2_external_baselines/rcpo_lagrangian_1m_nenv16/rcpo_lagrangian_ppo_s2/config.json,/home/aaa/data/qj/stable-baselines3-master/risk_curriculum_metadrive/outputs/ijmlc_p2_external_baselines/rcpo_lagrangian_1m_nenv16/rcpo_lagrangian_ppo_s2/model/final_model.zip
rcpo_lagrangian,external_safe_rl,rcpo_lagrangian,ppo,2,none,0.08,20000,20001,1,0.0,1.0,0.3546492435717172,0.0,0.0,0.0,1.0,168.0,47.56249740117956,14.320726007741307,41.21630313842332,43.15275848383898,16.682889733848285,0.005952380952380952,0.0,0.3546492435717172,191.15908471305195,1.954576723007759,1.4391151057688187,0.029004031209449915,1.0,0.0,0.0,0.0,0.0,0.0,0.0,0.42832859573883025,0.3895905028912239,0.6203755525348242,0.7282269603456395,1.4649876549291159,1.8448351991537493,1.8933162506679462,2.2992345555394422,0.42832859573883025,0.6203755525348242,/home/aaa/data/qj/stable-baselines3-master/risk_curriculum_metadrive/outputs/ijmlc_p2_external_baselines/rcpo_lagrangian_1m_nenv16/rcpo_lagrangian_ppo_s2/config.json,/home/aaa/data/qj/stable-baselines3-master/risk_curriculum_metadrive/outputs/ijmlc_p2_external_baselines/rcpo_lagrangian_1m_nenv16/rcpo_lagrangian_ppo_s2/model/final_model.zip
rcpo_lagrangian,external_safe_rl,rcpo_lagrangian,ppo,2,none,0.08,20000,20002,2,0.0,1.0,0.25825418738306277,1.0,1.0,0.0,0.0,108.0,49.92875173740641,12.662001490195102,41.04958636621441,50.70193975462211,12.421197557489908,0.0,0.0,0.25825418738306277,122.04524632098396,2.1006844477988285,0.2422982306844831,0.139596674735612,1.0,0.0,0.0,0.0,0.0,0.0,0.0,0.4851063054552974,0.4895269958069548,0.626090796868084,0.6620429099712054,1.8546556298301935,2.5601868030207697,2.339761935285491,3.024967899546027,0.4851063054552974,0.626090796868084,/home/aaa/data/qj/stable-baselines3-master/risk_curriculum_metadrive/outputs/ijmlc_p2_external_baselines/rcpo_lagrangian_1m_nenv16/rcpo_lagrangian_ppo_s2/config.json,/home/aaa/data/qj/stable-baselines3-master/risk_curriculum_metadrive/outputs/ijmlc_p2_external_baselines/rcpo_lagrangian_1m_nenv16/rcpo_lagrangian_ppo_s2/model/final_model.zip
rcpo_lagrangian,external_safe_rl,rcpo_lagrangian,ppo,2,none,0.08,20000,20003,3,0.0,1.0,0.36712694095858583,1.0,1.0,0.0,0.0,184.0,137.24256722762624,59.58509184257068,49.53404238568292,54.39115425021733,19.663102121209807,0.0,0.0,0.36712694095858583,252.19615185930851,2.9203216035568635,0.36487821642598817,0.14888654244793623,0.9444444444444444,0.0,0.0,0.0,0.0,0.0,0.0,0.4717825164413586,0.4171170003246516,0.6599828426260501,0.7515026759938335,2.43042266273456,3.139440546510741,2.902205179175919,3.7168058537645265,0.4717825164413586,0.6599828426260501,/home/aaa/data/qj/stable-baselines3-master/risk_curriculum_metadrive/outputs/ijmlc_p2_external_baselines/rcpo_lagrangian_1m_nenv16/rcpo_lagrangian_ppo_s2/config.json,/home/aaa/data/qj/stable-baselines3-master/risk_curriculum_metadrive/outputs/ijmlc_p2_external_baselines/rcpo_lagrangian_1m_nenv16/rcpo_lagrangian_ppo_s2/model/final_model.zip
rcpo_lagrangian,external_safe_rl,rcpo_lagrangian,ppo,2,none,0.08,20000,20004,4,0.0,1.0,0.5106082601947312,0.0,0.0,0.0,1.0,240.0,132.56004683327527,61.49827122247952,41.12733834309065,44.177851744434214,24.96134641292373,0.004166666666666667,0.0,0.5106082601947312,273.4419174051251,4.692115759996063,0.11076701807603016,0.04233357567933244,0.5454545454545454,0.0,0.0,0.0,0.0,0.0,0.0,0.39462377856883296,0.3778635073103942,0.596813797892537,0.6817344839510036,1.5843705247486166,2.0543029517284594,1.9789943033174495,2.508948449394665,0.39462377856883296,0.596813797892537,/home/aaa/data/qj/stable-baselines3-master/risk_curriculum_metadrive/outputs/ijmlc_p2_external_baselines/rcpo_lagrangian_1m_nenv16/rcpo_lagrangian_ppo_s2/config.json,/home/aaa/data/qj/stable-baselines3-master/risk_curriculum_metadrive/outputs/ijmlc_p2_external_baselines/rcpo_lagrangian_1m_nenv16/rcpo_lagrangian_ppo_s2/model/final_model.zip
rcpo_lagrangian,external_safe_rl,rcpo_lagrangian,ppo,2,none,0.08,20000,20005,5,0.0,1.0,0.20510984288587525,1.0,1.0,0.0,0.0,106.0,53.60386856337966,12.85522956826609,39.732368836849936,50.81387968444574,11.049686190142449,0.009433962264150943,0.0,0.20510984288587525,115.95994252283552,2.24030813317819,0.8120317880781933,0.14579504202077487,1.0,0.0,0.0,0.0,0.0,0.0,0.0,0.4106766611825288,0.3839785131276585,0.636150249192724,0.682525453157723,2.570950075130655,2.9566037555923685,2.9816267363131836,3.4325104934396222,0.4106766611825288,0.636150249192724,/home/aaa/data/qj/stable-baselines3-master/risk_curriculum_metadrive/outputs/ijmlc_p2_external_baselines/rcpo_lagrangian_1m_nenv16/rcpo_lagrangian_ppo_s2/config.json,/home/aaa/data/qj/stable-baselines3-master/risk_curriculum_metadrive/outputs/ijmlc_p2_external_baselines/rcpo_lagrangian_1m_nenv16/rcpo_lagrangian_ppo_s2/model/final_model.zip
rcpo_lagrangian,external_safe_rl,rcpo_lagrangian,ppo,2,none,0.08,20000,20006,6,0.0,1.0,0.11828451602506818,0.0,0.0,0.0,1.0,76.0,30.05842705177659,-1.5222509933596413,31.77102155210225,34.69318485035093,8.268968570264047,0.013157894736842105,1.0,0.11828451602506818,66.06379764800853,,,0.0,0.0,0.0,0.0,0.0,0.0,0.0,0.0,0.38055763070588,0.3617000038502738,0.608008249400882,0.6834439955127891,1.5485113686544967,1.9318682498123962,1.9290689993603767,2.41302176436875,0.38055763070588,0.608008249400882,/home/aaa/data/qj/stable-baselines3-master/risk_curriculum_metadrive/outputs/ijmlc_p2_external_baselines/rcpo_lagrangian_1m_nenv16/rcpo_lagrangian_ppo_s2/config.json,/home/aaa/data/qj/stable-baselines3-master/risk_curriculum_metadrive/outputs/ijmlc_p2_external_baselines/rcpo_lagrangian_1m_nenv16/rcpo_lagrangian_ppo_s2/model/final_model.zip
rcpo_lagrangian,external_safe_rl,rcpo_lagrangian,ppo,2,none,0.08,20000,20007,7,0.0,1.0,0.16254584308476697,0.0,0.0,0.0,1.0,75.0,26.79924791869854,-1.7740007481077171,34.07393801982065,40.16087357632007,8.97099501126627,0.0,1.0,0.16254584308476697,70.00089014331411,,,0.0,0.0,0.0,0.0,0.0,0.0,0.0,0.0,0.32340334670152515,0.3179339983034879,0.34574290039017797,0.4476418186095557,1.4087783333767827,1.6079053937573917,1.7321816800783079,1.9416888870182447,0.32340334670152515,0.34574290039017797,/home/aaa/data/qj/stable-baselines3-master/risk_curriculum_metadrive/outputs/ijmlc_p2_external_baselines/rcpo_lagrangian_1m_nenv16/rcpo_lagrangian_ppo_s2/config.json,/home/aaa/data/qj/stable-baselines3-master/risk_curriculum_metadrive/outputs/ijmlc_p2_external_baselines/rcpo_lagrangian_1m_nenv16/rcpo_lagrangian_ppo_s2/model/final_model.zip
rcpo_lagrangian,external_safe_rl,rcpo_lagrangian,ppo,2,none,0.08,20000,20008,8,0.0,1.0,0.3799207821844562,0.0,0.0,0.0,1.0,255.0,120.9354271594473,51.76533704525734,36.908324225313315,39.186525068785905,24.608226811545094,0.00392156862745098,0.0,0.3799207821844562,260.19343817749655,21.19557922440011,9.811806839859935,0.0,0.0,0.0,0.0,0.0,0.0,0.0,0.0,0.39956493779112967,0.38660201244056225,0.605689398071263,0.6696649800869636,2.1476358939966587,2.429275296162814,2.5472008317877886,2.8857046985649504,0.39956493779112967,0.605689398071263,/home/aaa/data/qj/stable-baselines3-master/risk_curriculum_metadrive/outputs/ijmlc_p2_external_baselines/rcpo_lagrangian_1m_nenv16/rcpo_lagrangian_ppo_s2/config.json,/home/aaa/data/qj/stable-baselines3-master/risk_curriculum_metadrive/outputs/ijmlc_p2_external_baselines/rcpo_lagrangian_1m_nenv16/rcpo_lagrangian_ppo_s2/model/final_model.zip
rcpo_lagrangian,external_safe_rl,rcpo_lagrangian,ppo,2,none,0.08,20000,20009,9,0.0,1.0,0.4286887364476009,0.0,0.0,0.0,1.0,169.0,86.70184095855252,36.161582572704305,42.70452402705469,45.849717311288394,18.278527695008734,0.0,0.0,0.4286887364476009,199.47660689963928,,,0.0,0.0,0.0,0.0,0.0,0.0,0.0,0.0,0.4407482897826972,0.40372500370722264,0.6388236040947958,0.7150609174277631,1.8550040587485277,2.193750601145439,2.295752348531225,2.7034287952119485,0.4407482897826972,0.6388236040947958,/home/aaa/data/qj/stable-baselines3-master/risk_curriculum_metadrive/outputs/ijmlc_p2_external_baselines/rcpo_lagrangian_1m_nenv16/rcpo_lagrangian_ppo_s2/config.json,/home/aaa/data/qj/stable-baselines3-master/risk_curriculum_metadrive/outputs/ijmlc_p2_external_baselines/rcpo_lagrangian_1m_nenv16/rcpo_lagrangian_ppo_s2/model/final_model.zip
rcpo_lagrangian,external_safe_rl,rcpo_lagrangian,ppo,2,none,0.08,20000,20010,10,1.0,0.0,0.9908041961590233,0.0,0.0,0.0,0.0,395.0,330.34289310036075,234.8455724349513,41.37416075016433,42.177377306094,34.32122596346898,0.0,0.0,990804.1961590233,453.05910890438304,14.315127734266774,13.471024313628131,0.0,0.0,0.0,0.0,0.0,0.0,0.0,0.0,0.3641612888564344,0.336961995344609,0.524418796703685,0.6624459463637322,1.2435478788632546,1.649395497224759,1.607709167719689,2.0808630084502506,0.3641612888564344,0.524418796703685,/home/aaa/data/qj/stable-baselines3-master/risk_curriculum_metadrive/outputs/ijmlc_p2_external_baselines/rcpo_lagrangian_1m_nenv16/rcpo_lagrangian_ppo_s2/config.json,/home/aaa/data/qj/stable-baselines3-master/risk_curriculum_metadrive/outputs/ijmlc_p2_external_baselines/rcpo_lagrangian_1m_nenv16/rcpo_lagrangian_ppo_s2/model/final_model.zip
rcpo_lagrangian,external_safe_rl,rcpo_lagrangian,ppo,2,none,0.08,20000,20011,11,0.0,1.0,0.19741438181584184,1.0,1.0,0.0,0.0,96.0,72.1890426807934,21.96695279487198,39.31765399961982,49.680682207895,10.977928153691238,0.0,1.0,0.19741438181584184,103.58458579826373,2.022367749987077,0.4892488544661639,0.16128841354236664,1.0,0.0,0.0,0.0,0.0,0.0,0.0,0.41813417707696016,0.4127475040149875,0.6534607455250807,0.6805145450925918,3.5416376870974395,4.263653001544299,3.9597718641743995,4.864316004386637,0.41813417707696016,0.6534607455250807,/home/aaa/data/qj/stable-baselines3-master/risk_curriculum_metadrive/outputs/ijmlc_p2_external_baselines/rcpo_lagrangian_1m_nenv16/rcpo_lagrangian_ppo_s2/config.json,/home/aaa/data/qj/stable-baselines3-master/risk_curriculum_metadrive/outputs/ijmlc_p2_external_baselines/rcpo_lagrangian_1m_nenv16/rcpo_lagrangian_ppo_s2/model/final_model.zip
rcpo_lagrangian,external_safe_rl,rcpo_lagrangian,ppo,2,none,0.08,20000,20012,12,0.0,1.0,0.16124211334942554,0.0,0.0,0.0,1.0,118.0,20.252966111233864,-5.136253543900299,27.819805798474974,29.905430727785912,12.165897747424497,0.00847457627118644,1.0,0.16124211334942554,90.41273112705956,,,0.0,0.0,0.0,0.0,0.0,0.0,0.0,0.0,0.34640044870715336,0.32222599838860333,0.4101436585187912,0.5807014698802957,1.5871759242145345,2.00599870440783,1.9335763729216877,2.3938016580359545,0.34640044870715336,0.4101436585187912,/home/aaa/data/qj/stable-baselines3-master/risk_curriculum_metadrive/outputs/ijmlc_p2_external_baselines/rcpo_lagrangian_1m_nenv16/rcpo_lagrangian_ppo_s2/config.json,/home/aaa/data/qj/stable-baselines3-master/risk_curriculum_metadrive/outputs/ijmlc_p2_external_baselines/rcpo_lagrangian_1m_nenv16/rcpo_lagrangian_ppo_s2/model/final_model.zip
rcpo_lagrangian,external_safe_rl,rcpo_lagrangian,ppo,2,none,0.08,20000,20013,13,0.0,1.0,0.3974557781776819,1.0,1.0,0.0,0.0,275.0,145.20360862157645,64.42547765611866,35.01786576381734,38.476010704281116,17.431930571445108,0.0036363636363636364,0.0,0.3974557781776819,266.5952243076794,5.778555803125239,1.3694717887539183,0.03865146043244454,0.673469387755102,0.0,0.0,0.0,0.0,0.0,0.0,0.41707062543454493,0.3962539922213182,0.6201417985721492,0.6799927761312571,2.62308214886368,4.336952103767544,3.040152774298225,4.844742100976873,0.41707062543454493,0.6201417985721492,/home/aaa/data/qj/stable-baselines3-master/risk_curriculum_metadrive/outputs/ijmlc_p2_external_baselines/rcpo_lagrangian_1m_nenv16/rcpo_lagrangian_ppo_s2/config.json,/home/aaa/data/qj/stable-baselines3-master/risk_curriculum_metadrive/outputs/ijmlc_p2_external_baselines/rcpo_lagrangian_1m_nenv16/rcpo_lagrangian_ppo_s2/model/final_model.zip
rcpo_lagrangian,external_safe_rl,rcpo_lagrangian,ppo,2,none,0.08,20000,20014,14,0.0,1.0,0.40068427137118373,1.0,1.0,0.0,0.0,162.0,102.72665944464674,43.28385786345892,47.54704045382962,55.890791474097824,16.739225283009443,0.006172839506172839,0.0,0.40068427137118373,212.54204358441555,3.004359399352008,0.12437129917318177,0.16241200072004847,0.8360655737704918,0.0,0.0,0.0,0.0,0.0,0.0,0.39272595106776415,0.3825524981948547,0.5571665074967312,0.7784539954445789,2.0522927464040595,2.769027011527214,2.4450186974718235,3.2329445384675637,0.39272595106776415,0.5571665074967312,/home/aaa/data/qj/stable-baselines3-master/risk_curriculum_metadrive/outputs/ijmlc_p2_external_baselines/rcpo_lagrangian_1m_nenv16/rcpo_lagrangian_ppo_s2/config.json,/home/aaa/data/qj/stable-baselines3-master/risk_curriculum_metadrive/outputs/ijmlc_p2_external_baselines/rcpo_lagrangian_1m_nenv16/rcpo_lagrangian_ppo_s2/model/final_model.zip
rcpo_lagrangian,external_safe_rl,rcpo_lagrangian,ppo,2,none,0.08,20000,20015,15,0.0,1.0,0.22436210065183235,0.0,0.0,0.0,1.0,145.0,64.29482687214403,18.778276455626983,35.011314358291216,35.20378181334313,15.343693138758997,0.006896551724137931,0.0,0.22436210065183235,139.91680233762685,,,0.0,0.0,0.0,0.0,0.0,0.0,0.0,0.0,0.37433741993575903,0.36925899621564895,0.5495444027474149,0.6147515156771988,1.4569294412122589,1.7326746077742428,1.831266861148018,2.118066803086549,0.37433741993575903,0.5495444027474149,/home/aaa/data/qj/stable-baselines3-master/risk_curriculum_metadrive/outputs/ijmlc_p2_external_baselines/rcpo_lagrangian_1m_nenv16/rcpo_lagrangian_ppo_s2/config.json,/home/aaa/data/qj/stable-baselines3-master/risk_curriculum_metadrive/outputs/ijmlc_p2_external_baselines/rcpo_lagrangian_1m_nenv16/rcpo_lagrangian_ppo_s2/model/final_model.zip
rcpo_lagrangian,external_safe_rl,rcpo_lagrangian,ppo,2,none,0.08,20000,20016,16,0.0,1.0,0.2249376796456523,1.0,1.0,0.0,0.0,126.0,87.15703368691432,30.276647232826697,45.23413266431035,56.09846082640522,14.180871897443524,0.0,0.0,0.2249376796456523,157.21939093081357,1.7217893057244793,0.647666699974949,0.08413738000046388,0.9375,0.0,0.0,0.0,0.0,0.0,0.0,0.40305574634297203,0.38280900480458513,0.5705177427444141,0.658239998301724,2.235336135079648,2.506674496544292,2.63839188142262,2.972546255477937,0.40305574634297203,0.5705177427444141,/home/aaa/data/qj/stable-baselines3-master/risk_curriculum_metadrive/outputs/ijmlc_p2_external_baselines/rcpo_lagrangian_1m_nenv16/rcpo_lagrangian_ppo_s2/config.json,/home/aaa/data/qj/stable-baselines3-master/risk_curriculum_metadrive/outputs/ijmlc_p2_external_baselines/rcpo_lagrangian_1m_nenv16/rcpo_lagrangian_ppo_s2/model/final_model.zip
rcpo_lagrangian,external_safe_rl,rcpo_lagrangian,ppo,2,none,0.08,20000,20017,17,0.0,1.0,0.2646239782818918,1.0,1.0,0.0,0.0,184.0,86.397755259853,31.037596978383288,31.753966060533873,32.99206550025555,18.601115877469816,0.005434782608695652,0.0,0.2646239782818918,161.23970715220582,7.628838434336659,0.92731736020892,0.07458357626116754,0.5217391304347826,0.0,0.0,0.0,0.0,0.0,0.0,0.4026171240105253,0.3889574945787899,0.5964676485746168,0.6352147083089218,1.9761036848807556,2.1997475101670716,2.378720808891281,2.7371381940611172,0.4026171240105253,0.5964676485746168,/home/aaa/data/qj/stable-baselines3-master/risk_curriculum_metadrive/outputs/ijmlc_p2_external_baselines/rcpo_lagrangian_1m_nenv16/rcpo_lagrangian_ppo_s2/config.json,/home/aaa/data/qj/stable-baselines3-master/risk_curriculum_metadrive/outputs/ijmlc_p2_external_baselines/rcpo_lagrangian_1m_nenv16/rcpo_lagrangian_ppo_s2/model/final_model.zip
rcpo_lagrangian,external_safe_rl,rcpo_lagrangian,ppo,2,none,0.08,20000,20018,18,0.0,1.0,0.12768499277859974,0.0,0.0,0.0,1.0,118.0,46.42211629804869,6.991607932382326,33.99616868148019,34.85918933677386,13.133572408102074,0.0,1.0,0.12768499277859974,110.64759753803078,5.922985547618277,5.909743098389767,0.0,0.0,0.0,0.0,0.0,0.0,0.0,0.0,0.40222970365301974,0.3827070031547919,0.600380352261709,0.6418841460254043,2.0492019240795716,4.143303806631593,2.451431627732591,4.616748011176242,0.40222970365301974,0.600380352261709,/home/aaa/data/qj/stable-baselines3-master/risk_curriculum_metadrive/outputs/ijmlc_p2_external_baselines/rcpo_lagrangian_1m_nenv16/rcpo_lagrangian_ppo_s2/config.json,/home/aaa/data/qj/stable-baselines3-master/risk_curriculum_metadrive/outputs/ijmlc_p2_external_baselines/rcpo_lagrangian_1m_nenv16/rcpo_lagrangian_ppo_s2/model/final_model.zip
rcpo_lagrangian,external_safe_rl,rcpo_lagrangian,ppo,2,none,0.08,20000,20019,19,1.0,0.0,0.9922610334951496,0.0,0.0,0.0,0.0,504.0,321.0548363955794,230.19524920264428,41.29484553994278,40.53820208730362,34.40448851621806,0.001984126984126984,0.0,992261.0334951497,577.1491378526536,9.54599547892896,0.4179656794462387,0.03825857408359012,0.43529411764705883,0.0,0.0,0.0,0.0,0.0,0.0,0.41912822298255625,0.4037614999106154,0.6191187923832331,0.7899093339801756,2.9279782164170656,4.042825241776882,3.3471064393996217,4.499466552078957,0.41912822298255625,0.6191187923832331,/home/aaa/data/qj/stable-baselines3-master/risk_curriculum_metadrive/outputs/ijmlc_p2_external_baselines/rcpo_lagrangian_1m_nenv16/rcpo_lagrangian_ppo_s2/config.json,/home/aaa/data/qj/stable-baselines3-master/risk_curriculum_metadrive/outputs/ijmlc_p2_external_baselines/rcpo_lagrangian_1m_nenv16/rcpo_lagrangian_ppo_s2/model/final_model.zip
rcpo_lagrangian,external_safe_rl,rcpo_lagrangian,ppo,2,none,0.15,10000,10000,0,0.0,1.0,0.11348341411212715,1.0,1.0,0.0,0.0,63.0,33.675447751036685,0.19222629888215437,32.26198981638764,33.940497655445164,7.695153490251956,0.0,1.0,0.11348341411212715,55.58236488707874,13.115940557738126,0.6192968520578027,0.15841865090752777,0.8571428571428571,0.0,0.0,0.0,0.0,0.0,0.0,0.4411432702678241,0.4287839983589947,0.6205205980222672,0.6889436073834081,4.032416173556287,4.847452190006152,4.4735594438241115,5.308234110998455,0.4411432702678241,0.6205205980222672,/home/aaa/data/qj/stable-baselines3-master/risk_curriculum_metadrive/outputs/ijmlc_p2_external_baselines/rcpo_lagrangian_1m_nenv16/rcpo_lagrangian_ppo_s2/config.json,/home/aaa/data/qj/stable-baselines3-master/risk_curriculum_metadrive/outputs/ijmlc_p2_external_baselines/rcpo_lagrangian_1m_nenv16/rcpo_lagrangian_ppo_s2/model/final_model.zip
rcpo_lagrangian,external_safe_rl,rcpo_lagrangian,ppo,2,none,0.15,10000,10001,1,0.0,1.0,0.3343821618004322,1.0,1.0,0.0,0.0,152.0,68.37972264211065,24.171326175068273,40.78780621284563,45.53303218144108,16.88595388249841,0.0,0.0,0.3343821618004322,171.27933671883304,1.9342108435592515,0.3602937897056381,0.09829123338738817,0.9090909090909091,0.0,0.0,0.0,0.0,0.0,0.0,0.45852455887621835,0.4180275063845329,0.6555233507242518,0.824176011956297,3.15452803260996,4.238687847100664,3.6130525914861784,4.728592305036727,0.45852455887621835,0.6555233507242518,/home/aaa/data/qj/stable-baselines3-master/risk_curriculum_metadrive/outputs/ijmlc_p2_external_baselines/rcpo_lagrangian_1m_nenv16/rcpo_lagrangian_ppo_s2/config.json,/home/aaa/data/qj/stable-baselines3-master/risk_curriculum_metadrive/outputs/ijmlc_p2_external_baselines/rcpo_lagrangian_1m_nenv16/rcpo_lagrangian_ppo_s2/model/final_model.zip
rcpo_lagrangian,external_safe_rl,rcpo_lagrangian,ppo,2,none,0.15,10000,10002,2,0.0,1.0,0.5221252908849489,1.0,1.0,0.0,0.0,224.0,118.38952183878791,54.80851964594244,47.550495645334955,51.350778563146505,24.560438747595413,0.0,0.0,0.5221252908849489,295.0884260812003,3.1020824608091555,0.051272648718753366,0.28471455424877873,0.8518518518518519,0.0,0.0,0.0,0.0,0.0,0.0,0.4748239374358881,0.4515235050348565,0.6372452946379781,0.6952532850846184,5.634019174132326,8.44676265551243,6.108843111568214,9.005162492394447,0.4748239374358881,0.6372452946379781,/home/aaa/data/qj/stable-baselines3-master/risk_curriculum_metadrive/outputs/ijmlc_p2_external_baselines/rcpo_lagrangian_1m_nenv16/rcpo_lagrangian_ppo_s2/config.json,/home/aaa/data/qj/stable-baselines3-master/risk_curriculum_metadrive/outputs/ijmlc_p2_external_baselines/rcpo_lagrangian_1m_nenv16/rcpo_lagrangian_ppo_s2/model/final_model.zip
rcpo_lagrangian,external_safe_rl,rcpo_lagrangian,ppo,2,none,0.15,10000,10003,3,0.0,1.0,0.2485279381730176,1.0,1.0,0.0,0.0,99.0,58.5714845593501,16.691580424865524,41.695349655413274,51.31131279411576,11.71945558949908,0.0,0.0,0.2485279381730176,113.76476390011342,4.9155356412572235,0.6463448384207301,0.1371917678698171,0.48148148148148145,0.0,0.0,0.0,0.0,0.0,0.0,0.4479836662549224,0.3995500010205433,0.6482882949057965,0.7386515007237903,1.967805100991767,2.7662253996822983,2.4157887672466893,3.3026747987605627,0.4479836662549224,0.6482882949057965,/home/aaa/data/qj/stable-baselines3-master/risk_curriculum_metadrive/outputs/ijmlc_p2_external_baselines/rcpo_lagrangian_1m_nenv16/rcpo_lagrangian_ppo_s2/config.json,/home/aaa/data/qj/stable-baselines3-master/risk_curriculum_metadrive/outputs/ijmlc_p2_external_baselines/rcpo_lagrangian_1m_nenv16/rcpo_lagrangian_ppo_s2/model/final_model.zip
rcpo_lagrangian,external_safe_rl,rcpo_lagrangian,ppo,2,none,0.15,10000,10004,4,0.0,1.0,0.11483589128676432,1.0,1.0,0.0,0.0,74.0,18.703958700532823,-7.302943911130658,30.43991448925905,28.0414747909445,7.542996759537283,0.0,1.0,0.11483589128676432,61.22366955103656,5.521124103530144,0.3999925491982226,0.23196439179989564,0.7560975609756098,0.0,0.0,0.0,0.0,0.0,0.0,0.4263191223946853,0.42041549750138074,0.5390886522945947,0.6034109902975614,3.2577991347549156,4.72866004347452,3.684118257149601,5.188155351061141,0.4263191223946853,0.5390886522945947,/home/aaa/data/qj/stable-baselines3-master/risk_curriculum_metadrive/outputs/ijmlc_p2_external_baselines/rcpo_lagrangian_1m_nenv16/rcpo_lagrangian_ppo_s2/config.json,/home/aaa/data/qj/stable-baselines3-master/risk_curriculum_metadrive/outputs/ijmlc_p2_external_baselines/rcpo_lagrangian_1m_nenv16/rcpo_lagrangian_ppo_s2/model/final_model.zip
rcpo_lagrangian,external_safe_rl,rcpo_lagrangian,ppo,2,none,0.15,10000,10005,5,0.0,1.0,0.25113165200855636,1.0,1.0,0.0,0.0,108.0,60.90369849058615,17.935798805549783,41.112869459240464,49.61310059390347,12.97552926139206,0.0,0.0,0.25113165200855636,122.23066278635906,3.4224539934564806,0.004161250196934454,0.1618543485953238,0.851063829787234,0.0,0.0,0.0,0.0,0.0,0.0,0.4298201201891061,0.4136775023653172,0.6310412049060687,0.6561575386149342,3.3894242140511914,4.217757399601395,3.8192443342402975,4.740848056826508,0.4298201201891061,0.6310412049060687,/home/aaa/data/qj/stable-baselines3-master/risk_curriculum_metadrive/outputs/ijmlc_p2_external_baselines/rcpo_lagrangian_1m_nenv16/rcpo_lagrangian_ppo_s2/config.json,/home/aaa/data/qj/stable-baselines3-master/risk_curriculum_metadrive/outputs/ijmlc_p2_external_baselines/rcpo_lagrangian_1m_nenv16/rcpo_lagrangian_ppo_s2/model/final_model.zip
rcpo_lagrangian,external_safe_rl,rcpo_lagrangian,ppo,2,none,0.15,10000,10006,6,0.0,1.0,0.1191078192502303,1.0,1.0,0.0,0.0,73.0,12.402654079801927,-10.275438382592124,34.8811450403894,38.9635472224012,8.982561591515589,0.0,1.0,0.1191078192502303,69.72323005433559,9.379618805955316,0.8702935089151257,0.2788915385152111,0.7321428571428571,0.0,0.0,0.0,0.0,0.0,0.0,0.431112821687536,0.40871399687603116,0.6225498043932021,0.7147056772373618,2.677643849643598,3.144672600319609,3.108756671331134,3.6767675977898753,0.431112821687536,0.6225498043932021,/home/aaa/data/qj/stable-baselines3-master/risk_curriculum_metadrive/outputs/ijmlc_p2_external_baselines/rcpo_lagrangian_1m_nenv16/rcpo_lagrangian_ppo_s2/config.json,/home/aaa/data/qj/stable-baselines3-master/risk_curriculum_metadrive/outputs/ijmlc_p2_external_baselines/rcpo_lagrangian_1m_nenv16/rcpo_lagrangian_ppo_s2/model/final_model.zip
rcpo_lagrangian,external_safe_rl,rcpo_lagrangian,ppo,2,none,0.15,10000,10007,7,0.0,1.0,0.13853160215577384,1.0,1.0,0.0,0.0,108.0,34.784916916264336,1.4484065228053815,38.31988861948765,43.96450193411745,11.328397598546726,0.009259259259259259,1.0,0.13853160215577384,114.17747778782031,4.670324983499338,0.33115424172091174,0.1304377365324975,0.6153846153846154,0.0,0.0,0.0,0.0,0.0,0.0,0.4738155552735811,0.44230100320419297,0.6501419047708623,0.7210827629023696,4.69449218454193,5.17026189918397,5.168307739815511,5.697297146252822,0.4738155552735811,0.6501419047708623,/home/aaa/data/qj/stable-baselines3-master/risk_curriculum_metadrive/outputs/ijmlc_p2_external_baselines/rcpo_lagrangian_1m_nenv16/rcpo_lagrangian_ppo_s2/config.json,/home/aaa/data/qj/stable-baselines3-master/risk_curriculum_metadrive/outputs/ijmlc_p2_external_baselines/rcpo_lagrangian_1m_nenv16/rcpo_lagrangian_ppo_s2/model/final_model.zip
rcpo_lagrangian,external_safe_rl,rcpo_lagrangian,ppo,2,none,0.15,10000,10008,8,0.0,1.0,0.1316961826766682,1.0,1.0,0.0,0.0,70.0,30.04349720371397,-1.0773659178429646,32.49986480400064,36.41325160620109,8.170161701885473,0.0,1.0,0.1316961826766682,62.17219678214681,1.8616742166479734,0.8607929180751217,0.22416612738228764,1.0,0.0,0.0,0.0,0.0,0.0,0.0,0.37000857160559725,0.3413190061110072,0.5422879970865322,0.6153612738125958,2.144004429075202,2.5041751003300305,2.514013000680799,2.901805060537299,0.37000857160559725,0.5422879970865322,/home/aaa/data/qj/stable-baselines3-master/risk_curriculum_metadrive/outputs/ijmlc_p2_external_baselines/rcpo_lagrangian_1m_nenv16/rcpo_lagrangian_ppo_s2/config.json,/home/aaa/data/qj/stable-baselines3-master/risk_curriculum_metadrive/outputs/ijmlc_p2_external_baselines/rcpo_lagrangian_1m_nenv16/rcpo_lagrangian_ppo_s2/model/final_model.zip
rcpo_lagrangian,external_safe_rl,rcpo_lagrangian,ppo,2,none,0.15,10000,10009,9,0.0,1.0,0.6036174504900726,1.0,1.0,0.0,0.0,268.0,144.20145810173344,70.10925256556885,37.91826880543802,41.379499699294186,24.796069888552626,0.0037313432835820895,0.0,0.6036174504900726,281.22925333296354,8.444127750147151,0.09560220216287027,0.06671160859601045,0.6226415094339622,0.0,0.0,0.0,0.0,0.0,0.0,0.40931253354742764,0.3970500038121827,0.6159787466458511,0.6508859900350217,2.7460934629133007,3.3875090484798416,3.155405996460728,3.8192086991330143,0.40931253354742764,0.6159787466458511,/home/aaa/data/qj/stable-baselines3-master/risk_curriculum_metadrive/outputs/ijmlc_p2_external_baselines/rcpo_lagrangian_1m_nenv16/rcpo_lagrangian_ppo_s2/config.json,/home/aaa/data/qj/stable-baselines3-master/risk_curriculum_metadrive/outputs/ijmlc_p2_external_baselines/rcpo_lagrangian_1m_nenv16/rcpo_lagrangian_ppo_s2/model/final_model.zip
rcpo_lagrangian,external_safe_rl,rcpo_lagrangian,ppo,2,none,0.15,10000,10010,10,0.0,1.0,0.35334771824528893,1.0,1.0,0.0,0.0,156.0,79.60918721561562,30.305025155166486,46.54004480474912,55.11498806920358,16.448519822161753,0.00641025641025641,0.0,0.35334771824528893,200.51426507469242,4.713258345446987,0.08819712995007918,0.20034225407120032,0.7530864197530864,0.0,0.0,0.0,0.0,0.0,0.0,0.47148874401523827,0.43479450687300414,0.6346782502077986,0.7001429054071192,4.8742512889685505,5.9911505013587885,5.345740032983788,6.521534742205404,0.47148874401523827,0.6346782502077986,/home/aaa/data/qj/stable-baselines3-master/risk_curriculum_metadrive/outputs/ijmlc_p2_external_baselines/rcpo_lagrangian_1m_nenv16/rcpo_lagrangian_ppo_s2/config.json,/home/aaa/data/qj/stable-baselines3-master/risk_curriculum_metadrive/outputs/ijmlc_p2_external_baselines/rcpo_lagrangian_1m_nenv16/rcpo_lagrangian_ppo_s2/model/final_model.zip
rcpo_lagrangian,external_safe_rl,rcpo_lagrangian,ppo,2,none,0.15,10000,10011,11,0.0,1.0,0.15033523369601293,1.0,1.0,0.0,0.0,82.0,29.432135064743868,-0.8738754567476796,38.337860045955296,41.296663807574234,9.26047577715538,0.012195121951219513,1.0,0.15033523369601293,86.12808359532028,3.407270725568007,0.4012513022679409,0.17892756494259782,0.7714285714285715,0.0,0.0,0.0,0.0,0.0,0.0,0.506512011492216,0.4574375052470714,0.6606022951018531,0.703266393247759,3.6228234140009326,4.144908401940484,4.1293354254931485,4.788201583869522,0.506512011492216,0.6606022951018531,/home/aaa/data/qj/stable-baselines3-master/risk_curriculum_metadrive/outputs/ijmlc_p2_external_baselines/rcpo_lagrangian_1m_nenv16/rcpo_lagrangian_ppo_s2/config.json,/home/aaa/data/qj/stable-baselines3-master/risk_curriculum_metadrive/outputs/ijmlc_p2_external_baselines/rcpo_lagrangian_1m_nenv16/rcpo_lagrangian_ppo_s2/model/final_model.zip
rcpo_lagrangian,external_safe_rl,rcpo_lagrangian,ppo,2,none,0.15,10000,10012,12,0.0,1.0,0.16838186056132098,0.0,0.0,0.0,1.0,83.0,33.73530213664012,1.8691068851596846,35.30026262631178,41.66326781304906,9.630837109498833,0.0,1.0,0.16838186056132098,80.42733789682057,,,0.0,0.0,0.0,0.0,0.0,0.0,0.0,0.0,0.39257490232513925,0.38669200148433447,0.5703200979041866,0.6661466052173616,2.1169421574064384,2.5647864065831527,2.5095170597315777,3.0606228086980987,0.39257490232513925,0.5703200979041866,/home/aaa/data/qj/stable-baselines3-master/risk_curriculum_metadrive/outputs/ijmlc_p2_external_baselines/rcpo_lagrangian_1m_nenv16/rcpo_lagrangian_ppo_s2/config.json,/home/aaa/data/qj/stable-baselines3-master/risk_curriculum_metadrive/outputs/ijmlc_p2_external_baselines/rcpo_lagrangian_1m_nenv16/rcpo_lagrangian_ppo_s2/model/final_model.zip
rcpo_lagrangian,external_safe_rl,rcpo_lagrangian,ppo,2,none,0.15,10000,10013,13,0.0,1.0,0.17946313557663768,0.0,0.0,0.0,1.0,123.0,22.34503321116228,-3.54358932711974,32.79639236402037,34.49523677434977,13.63532587064249,0.008130081300813009,1.0,0.17946313557663768,111.22108157420656,6.4364833669739605,6.4364833669739605,0.0,0.0,0.0,0.0,0.0,0.0,0.0,0.0,0.42730272329711483,0.4071790026500821,0.6207163067301735,0.6476545205805451,3.0921029510938114,3.903049106884282,3.5194056743909266,4.418032588728238,0.42730272329711483,0.6207163067301735,/home/aaa/data/qj/stable-baselines3-master/risk_curriculum_metadrive/outputs/ijmlc_p2_external_baselines/rcpo_lagrangian_1m_nenv16/rcpo_lagrangian_ppo_s2/config.json,/home/aaa/data/qj/stable-baselines3-master/risk_curriculum_metadrive/outputs/ijmlc_p2_external_baselines/rcpo_lagrangian_1m_nenv16/rcpo_lagrangian_ppo_s2/model/final_model.zip
rcpo_lagrangian,external_safe_rl,rcpo_lagrangian,ppo,2,none,0.15,10000,10014,14,0.0,1.0,0.14246176603276664,1.0,1.0,0.0,0.0,130.0,28.4190139703799,-1.6166400338270535,36.494356360356,38.74939136865976,14.476739043280164,0.0,1.0,0.14246176603276664,131.26355216885884,9.291104120504626,0.8018774343860413,0.06604218977343523,0.7727272727272727,0.0,0.0,0.0,0.0,0.0,0.0,0.4641194076751932,0.4347340000094846,0.6288663476880174,0.6769309200171847,5.362045100236383,6.083955295616761,5.826164507911576,6.598761955683585,0.4641194076751932,0.6288663476880174,/home/aaa/data/qj/stable-baselines3-master/risk_curriculum_metadrive/outputs/ijmlc_p2_external_baselines/rcpo_lagrangian_1m_nenv16/rcpo_lagrangian_ppo_s2/config.json,/home/aaa/data/qj/stable-baselines3-master/risk_curriculum_metadrive/outputs/ijmlc_p2_external_baselines/rcpo_lagrangian_1m_nenv16/rcpo_lagrangian_ppo_s2/model/final_model.zip
rcpo_lagrangian,external_safe_rl,rcpo_lagrangian,ppo,2,none,0.15,10000,10015,15,0.0,1.0,0.17757165952666024,1.0,1.0,0.0,0.0,111.0,41.750285492696904,6.1022925321482475,40.69879123654949,39.2141243371871,12.125721814601977,0.009009009009009009,1.0,0.17757165952666024,124.0917952460754,14.11822988804369,0.4240717259041139,0.14609178630660177,0.453125,0.0,0.0,0.0,0.0,0.0,0.0,0.45538491014651283,0.419522009906359,0.6558420063811354,0.7203725937870332,3.1342830618807778,3.6068039989913814,3.5896679720272906,4.180030497082043,0.45538491014651283,0.6558420063811354,/home/aaa/data/qj/stable-baselines3-master/risk_curriculum_metadrive/outputs/ijmlc_p2_external_baselines/rcpo_lagrangian_1m_nenv16/rcpo_lagrangian_ppo_s2/config.json,/home/aaa/data/qj/stable-baselines3-master/risk_curriculum_metadrive/outputs/ijmlc_p2_external_baselines/rcpo_lagrangian_1m_nenv16/rcpo_lagrangian_ppo_s2/model/final_model.zip
rcpo_lagrangian,external_safe_rl,rcpo_lagrangian,ppo,2,none,0.15,10000,10016,16,0.0,1.0,0.3084366205327193,0.0,0.0,0.0,1.0,132.0,111.7406758148987,45.023436523430846,42.993276931178826,49.44154581526454,13.926602001160653,0.007575757575757576,0.0,0.3084366205327193,156.69497963309206,,,0.0,0.0,0.0,0.0,0.0,0.0,0.0,0.0,0.3943353482155186,0.3914539993274957,0.561402398307109,0.6184127552842256,2.8828669025890785,3.51934789941879,3.277202250804597,3.876915407454362,0.3943353482155186,0.561402398307109,/home/aaa/data/qj/stable-baselines3-master/risk_curriculum_metadrive/outputs/ijmlc_p2_external_baselines/rcpo_lagrangian_1m_nenv16/rcpo_lagrangian_ppo_s2/config.json,/home/aaa/data/qj/stable-baselines3-master/risk_curriculum_metadrive/outputs/ijmlc_p2_external_baselines/rcpo_lagrangian_1m_nenv16/rcpo_lagrangian_ppo_s2/model/final_model.zip
rcpo_lagrangian,external_safe_rl,rcpo_lagrangian,ppo,2,none,0.15,10000,10017,17,0.0,1.0,0.17542707282235429,1.0,1.0,0.0,0.0,116.0,47.88288490030078,9.104254634821025,42.03697776808632,50.82316800301585,12.802909225413671,0.008620689655172414,1.0,0.17542707282235429,134.4456955537037,5.010428631125539,0.7387264015593672,0.06463488700282366,0.8333333333333334,0.0,0.0,0.0,0.0,0.0,0.0,0.47257969056553173,0.4465515012270771,0.6546672484546434,0.7701122594880869,4.703686171680978,5.27746525767725,5.17626586224651,5.849807501363102,0.47257969056553173,0.6546672484546434,/home/aaa/data/qj/stable-baselines3-master/risk_curriculum_metadrive/outputs/ijmlc_p2_external_baselines/rcpo_lagrangian_1m_nenv16/rcpo_lagrangian_ppo_s2/config.json,/home/aaa/data/qj/stable-baselines3-master/risk_curriculum_metadrive/outputs/ijmlc_p2_external_baselines/rcpo_lagrangian_1m_nenv16/rcpo_lagrangian_ppo_s2/model/final_model.zip
rcpo_lagrangian,external_safe_rl,rcpo_lagrangian,ppo,2,none,0.15,10000,10018,18,0.0,1.0,0.23485603951512468,1.0,1.0,0.0,0.0,92.0,23.343914821560617,-1.3823614037659482,40.26261453255925,47.77110975376368,10.345059674197097,0.010869565217391304,0.0,0.23485603951512468,101.60418394972527,9.979866771336793,0.5611516370277879,0.20296104018060054,0.7413793103448276,0.0,0.0,0.0,0.0,0.0,0.0,0.41012534774895554,0.40728250314714387,0.6263027506065555,0.6999025309050921,3.1477320117119234,3.6561885965056717,3.557857359460879,4.150861555535812,0.41012534774895554,0.6263027506065555,/home/aaa/data/qj/stable-baselines3-master/risk_curriculum_metadrive/outputs/ijmlc_p2_external_baselines/rcpo_lagrangian_1m_nenv16/rcpo_lagrangian_ppo_s2/config.json,/home/aaa/data/qj/stable-baselines3-master/risk_curriculum_metadrive/outputs/ijmlc_p2_external_baselines/rcpo_lagrangian_1m_nenv16/rcpo_lagrangian_ppo_s2/model/final_model.zip
rcpo_lagrangian,external_safe_rl,rcpo_lagrangian,ppo,2,none,0.15,10000,10019,19,0.0,1.0,0.08990320018286592,1.0,1.0,0.0,0.0,83.0,18.32407437514864,-8.240866806939707,27.660825088843144,24.188579851164445,8.331266858777592,0.0,1.0,0.08990320018286592,62.71771006443956,1.106747719442049,0.1000824878920291,0.09381330796525184,1.0,0.0,0.0,0.0,0.0,0.0,0.0,0.4532743976114834,0.41722500463947654,0.631424892344512,0.7020763558102772,3.1438839998087813,3.8630061011645007,3.5971583974202646,4.308365692850202,0.4532743976114834,0.631424892344512,/home/aaa/data/qj/stable-baselines3-master/risk_curriculum_metadrive/outputs/ijmlc_p2_external_baselines/rcpo_lagrangian_1m_nenv16/rcpo_lagrangian_ppo_s2/config.json,/home/aaa/data/qj/stable-baselines3-master/risk_curriculum_metadrive/outputs/ijmlc_p2_external_baselines/rcpo_lagrangian_1m_nenv16/rcpo_lagrangian_ppo_s2/model/final_model.zip
rcpo_lagrangian,external_safe_rl,rcpo_lagrangian,ppo,2,none,0.15,20000,20000,0,0.0,1.0,0.49736222605399677,0.0,0.0,0.0,1.0,137.0,88.28026003102248,39.010996797131156,45.99199856365135,54.00571026372508,15.27234157076765,0.0,0.0,0.49736222605399677,173.61179893047955,2.7197905972430867,0.07739587708535343,0.1107129801095872,0.90625,0.0,0.0,0.0,0.0,0.0,0.0,0.3631058184941551,0.339967999025248,0.4890159994829445,0.5675025237724182,2.2362551459002504,3.494449603022076,2.5993609643944056,3.8831633981317277,0.3631058184941551,0.4890159994829445,/home/aaa/data/qj/stable-baselines3-master/risk_curriculum_metadrive/outputs/ijmlc_p2_external_baselines/rcpo_lagrangian_1m_nenv16/rcpo_lagrangian_ppo_s2/config.json,/home/aaa/data/qj/stable-baselines3-master/risk_curriculum_metadrive/outputs/ijmlc_p2_external_baselines/rcpo_lagrangian_1m_nenv16/rcpo_lagrangian_ppo_s2/model/final_model.zip
rcpo_lagrangian,external_safe_rl,rcpo_lagrangian,ppo,2,none,0.15,20000,20001,1,0.0,1.0,0.27854939594605915,1.0,1.0,0.0,0.0,141.0,30.69988473296452,3.6064242448640336,35.73541131159324,38.713410757312474,14.178985784055106,0.0070921985815602835,0.0,0.27854939594605915,138.57951770287872,4.266312663709935,0.6083139559937298,0.1350756282822532,0.660377358490566,0.0,0.0,0.0,0.0,0.0,0.0,0.4310691847873799,0.4095230106031522,0.6057559949113056,0.6785000034142284,2.7465332975051306,3.1376700062537566,3.1776024822925106,3.6113790119998157,0.4310691847873799,0.6057559949113056,/home/aaa/data/qj/stable-baselines3-master/risk_curriculum_metadrive/outputs/ijmlc_p2_external_baselines/rcpo_lagrangian_1m_nenv16/rcpo_lagrangian_ppo_s2/config.json,/home/aaa/data/qj/stable-baselines3-master/risk_curriculum_metadrive/outputs/ijmlc_p2_external_baselines/rcpo_lagrangian_1m_nenv16/rcpo_lagrangian_ppo_s2/model/final_model.zip
rcpo_lagrangian,external_safe_rl,rcpo_lagrangian,ppo,2,none,0.15,20000,20002,2,0.0,1.0,0.34080373420655974,1.0,1.0,0.0,0.0,148.0,80.6355286636333,30.49187635801342,41.822715087986154,45.6263048564097,16.745350282290776,0.0,0.0,0.34080373420655974,171.13083814875657,4.322364641810847,0.5467610835892399,0.05017974976873055,0.875,0.0,0.0,0.0,0.0,0.0,0.0,0.42149101411908035,0.4064599997946061,0.6223129021236673,0.6569015592685901,3.351723878999159,4.473178595799255,3.773214893118239,4.993590753292666,0.42149101411908035,0.6223129021236673,/home/aaa/data/qj/stable-baselines3-master/risk_curriculum_metadrive/outputs/ijmlc_p2_external_baselines/rcpo_lagrangian_1m_nenv16/rcpo_lagrangian_ppo_s2/config.json,/home/aaa/data/qj/stable-baselines3-master/risk_curriculum_metadrive/outputs/ijmlc_p2_external_baselines/rcpo_lagrangian_1m_nenv16/rcpo_lagrangian_ppo_s2/model/final_model.zip
rcpo_lagrangian,external_safe_rl,rcpo_lagrangian,ppo,2,none,0.15,20000,20003,3,0.0,1.0,0.43973166890707543,1.0,1.0,0.0,0.0,262.0,121.30507255417504,53.79448634429984,42.5559600260224,44.933334800501946,27.26717517327349,0.0,0.0,0.43973166890707543,308.84359956186836,2.375531020659009,0.0927138775366889,0.2660235790616072,0.9186991869918699,0.0,0.0,0.0,0.0,0.0,0.0,0.44750170663349287,0.4376875003799796,0.6591304023459088,0.7035282308061142,5.164104187127935,7.097025694383774,5.6116058937614275,7.66231353773037,0.44750170663349287,0.6591304023459088,/home/aaa/data/qj/stable-baselines3-master/risk_curriculum_metadrive/outputs/ijmlc_p2_external_baselines/rcpo_lagrangian_1m_nenv16/rcpo_lagrangian_ppo_s2/config.json,/home/aaa/data/qj/stable-baselines3-master/risk_curriculum_metadrive/outputs/ijmlc_p2_external_baselines/rcpo_lagrangian_1m_nenv16/rcpo_lagrangian_ppo_s2/model/final_model.zip
rcpo_lagrangian,external_safe_rl,rcpo_lagrangian,ppo,2,none,0.15,20000,20004,4,0.0,1.0,0.4652886492945027,1.0,1.0,0.0,0.0,193.0,101.65434925760619,44.68583410763817,44.422664756599055,47.01560142244767,20.425552001444004,0.0051813471502590676,0.0,0.4652886492945027,237.38484676003623,3.8899001133432103,0.562157373323847,0.10211294773174781,0.660377358490566,0.0,0.0,0.0,0.0,0.0,0.0,0.4189060780025507,0.403843994718045,0.6177881965413687,0.6953391246497628,2.760214548632792,3.4227035997901107,3.179120626635343,3.9944255957379933,0.4189060780025507,0.6177881965413687,/home/aaa/data/qj/stable-baselines3-master/risk_curriculum_metadrive/outputs/ijmlc_p2_external_baselines/rcpo_lagrangian_1m_nenv16/rcpo_lagrangian_ppo_s2/config.json,/home/aaa/data/qj/stable-baselines3-master/risk_curriculum_metadrive/outputs/ijmlc_p2_external_baselines/rcpo_lagrangian_1m_nenv16/rcpo_lagrangian_ppo_s2/model/final_model.zip
rcpo_lagrangian,external_safe_rl,rcpo_lagrangian,ppo,2,none,0.15,20000,20005,5,0.0,1.0,0.3288944957813843,0.0,0.0,0.0,1.0,188.0,57.85187384675892,18.69277179682095,38.482380372885665,39.77982893767491,19.0034641279486,0.005319148936170213,0.0,0.3288944957813843,200.12630857748613,9.449724694825886,0.061600516059142414,0.04111421459072046,0.358974358974359,0.0,0.0,0.0,0.0,0.0,0.0,0.4544559897306286,0.43972799903713167,0.6200581578013954,0.70874286146136,4.68218876120134,5.436797154834494,5.136644750931969,5.9712951035180595,0.4544559897306286,0.6200581578013954,/home/aaa/data/qj/stable-baselines3-master/risk_curriculum_metadrive/outputs/ijmlc_p2_external_baselines/rcpo_lagrangian_1m_nenv16/rcpo_lagrangian_ppo_s2/config.json,/home/aaa/data/qj/stable-baselines3-master/risk_curriculum_metadrive/outputs/ijmlc_p2_external_baselines/rcpo_lagrangian_1m_nenv16/rcpo_lagrangian_ppo_s2/model/final_model.zip
rcpo_lagrangian,external_safe_rl,rcpo_lagrangian,ppo,2,none,0.15,20000,20006,6,0.0,1.0,0.11678803514723757,0.0,0.0,0.0,1.0,74.0,29.19245725990246,-2.000130315631637,32.39167052397048,33.714013610831714,8.070295081435097,0.013513513513513514,1.0,0.11678803514723757,65.5096728202928,,,0.0,0.0,0.0,0.0,0.0,0.0,0.0,0.0,0.3723938519928,0.3369730038684793,0.5245032007223924,0.7787977723637569,2.8012408098171315,3.570619692618493,3.1736346618099316,4.015966606675647,0.3723938519928,0.5245032007223924,/home/aaa/data/qj/stable-baselines3-master/risk_curriculum_metadrive/outputs/ijmlc_p2_external_baselines/rcpo_lagrangian_1m_nenv16/rcpo_lagrangian_ppo_s2/config.json,/home/aaa/data/qj/stable-baselines3-master/risk_curriculum_metadrive/outputs/ijmlc_p2_external_baselines/rcpo_lagrangian_1m_nenv16/rcpo_lagrangian_ppo_s2/model/final_model.zip
rcpo_lagrangian,external_safe_rl,rcpo_lagrangian,ppo,2,none,0.15,20000,20007,7,0.0,1.0,0.23078096265573333,1.0,1.0,0.0,0.0,100.0,33.33439726094423,3.5406275101441054,36.210633691954655,41.75808846663196,11.718463191865752,0.0,0.0,0.23078096265573333,99.67228807094413,14.701710270130786,0.7052641002910568,0.1152513238595434,0.5348837209302325,0.0,0.0,0.0,0.0,0.0,0.0,0.4142516598221846,0.40293300116900355,0.5913095017604063,0.6477749034820601,2.4372526904335245,3.0612355534685776,2.851504350255709,3.4757024513965007,0.4142516598221846,0.5913095017604063,/home/aaa/data/qj/stable-baselines3-master/risk_curriculum_metadrive/outputs/ijmlc_p2_external_baselines/rcpo_lagrangian_1m_nenv16/rcpo_lagrangian_ppo_s2/config.json,/home/aaa/data/qj/stable-baselines3-master/risk_curriculum_metadrive/outputs/ijmlc_p2_external_baselines/rcpo_lagrangian_1m_nenv16/rcpo_lagrangian_ppo_s2/model/final_model.zip
rcpo_lagrangian,external_safe_rl,rcpo_lagrangian,ppo,2,none,0.15,20000,20008,8,0.0,1.0,0.32377452117911554,1.0,1.0,0.0,0.0,222.0,96.46350423445237,37.84498775259971,35.815081574676846,39.56375725170136,22.678911548547845,0.0045045045045045045,0.0,0.32377452117911554,219.97309333073105,6.435218656926507,0.9191402359862945,0.05012411578191033,0.4423076923076923,0.0,0.0,0.0,0.0,0.0,0.0,0.4399029774930085,0.4240104972268455,0.6436834912165067,0.7197322331194299,4.089556477042565,5.342541740537854,4.529459454535574,5.82621454814216,0.4399029774930085,0.6436834912165067,/home/aaa/data/qj/stable-baselines3-master/risk_curriculum_metadrive/outputs/ijmlc_p2_external_baselines/rcpo_lagrangian_1m_nenv16/rcpo_lagrangian_ppo_s2/config.json,/home/aaa/data/qj/stable-baselines3-master/risk_curriculum_metadrive/outputs/ijmlc_p2_external_baselines/rcpo_lagrangian_1m_nenv16/rcpo_lagrangian_ppo_s2/model/final_model.zip
rcpo_lagrangian,external_safe_rl,rcpo_lagrangian,ppo,2,none,0.15,20000,20009,9,0.0,1.0,0.43005272399114747,0.0,0.0,0.0,1.0,159.0,82.57732786441657,34.14024565194268,42.87508925593183,45.60427950773175,17.25134698917313,0.0,0.0,0.43005272399114747,188.59849506750342,5.531380790158958,5.509850602027699,0.0,0.0,0.0,0.0,0.0,0.0,0.0,0.0,0.41792853473635894,0.4037440085085109,0.6284049974055961,0.6545960644143632,3.341783012729138,4.301910001959186,3.759711547465497,4.739204498764593,0.41792853473635894,0.6284049974055961,/home/aaa/data/qj/stable-baselines3-master/risk_curriculum_metadrive/outputs/ijmlc_p2_external_baselines/rcpo_lagrangian_1m_nenv16/rcpo_lagrangian_ppo_s2/config.json,/home/aaa/data/qj/stable-baselines3-master/risk_curriculum_metadrive/outputs/ijmlc_p2_external_baselines/rcpo_lagrangian_1m_nenv16/rcpo_lagrangian_ppo_s2/model/final_model.zip
rcpo_lagrangian,external_safe_rl,rcpo_lagrangian,ppo,2,none,0.15,20000,20010,10,0.0,1.0,0.2612128589119084,1.0,1.0,0.0,0.0,102.0,77.92864645541927,26.750708995066844,40.904106697374424,49.4410473316346,11.335019159466611,0.0,0.0,0.2612128589119084,114.5818155068636,1.562387191471091,0.3315558728483371,0.1685104317906328,1.0,0.0,0.0,0.0,0.0,0.0,0.0,0.37289814659458237,0.37295299262041226,0.5004737467970699,0.5501501921389716,1.6397539310513394,2.0671310579928104,2.012652077645922,2.4544726016756613,0.37289814659458237,0.5004737467970699,/home/aaa/data/qj/stable-baselines3-master/risk_curriculum_metadrive/outputs/ijmlc_p2_external_baselines/rcpo_lagrangian_1m_nenv16/rcpo_lagrangian_ppo_s2/config.json,/home/aaa/data/qj/stable-baselines3-master/risk_curriculum_metadrive/outputs/ijmlc_p2_external_baselines/rcpo_lagrangian_1m_nenv16/rcpo_lagrangian_ppo_s2/model/final_model.zip
rcpo_lagrangian,external_safe_rl,rcpo_lagrangian,ppo,2,none,0.15,20000,20011,11,0.0,1.0,0.10036041755187572,1.0,1.0,0.0,0.0,61.0,34.72631535027547,0.3239702016940065,30.597390999197057,32.323554182311675,7.289149679886545,0.0,1.0,0.10036041755187572,51.2344554152303,11.278175477803355,0.6060946709978378,0.2676722844388391,0.5892857142857143,0.0,0.0,0.0,0.0,0.0,0.0,0.47684275448803226,0.45723300718236715,0.644792991806753,0.6713102047797292,5.011799278407602,6.358262995490804,5.488642032895634,6.804520991863683,0.47684275448803226,0.644792991806753,/home/aaa/data/qj/stable-baselines3-master/risk_curriculum_metadrive/outputs/ijmlc_p2_external_baselines/rcpo_lagrangian_1m_nenv16/rcpo_lagrangian_ppo_s2/config.json,/home/aaa/data/qj/stable-baselines3-master/risk_curriculum_metadrive/outputs/ijmlc_p2_external_baselines/rcpo_lagrangian_1m_nenv16/rcpo_lagrangian_ppo_s2/model/final_model.zip
rcpo_lagrangian,external_safe_rl,rcpo_lagrangian,ppo,2,none,0.15,20000,20012,12,0.0,1.0,0.1622272625074656,0.0,0.0,0.0,1.0,120.0,24.648062032141738,-2.9091511087051494,27.63757111074436,29.688511918503664,12.375454997969282,0.008333333333333333,1.0,0.1622272625074656,91.37511357105986,3.582246341855802,1.3613610685686037,0.04275835499501214,0.6666666666666666,0.0,0.0,0.0,0.0,0.0,0.0,0.4356719749921467,0.3994075013906695,0.6159588519949466,0.6538430556247476,2.256368225425831,2.654977650672663,2.6920402004179778,3.1296456552809104,0.4356719749921467,0.6159588519949466,/home/aaa/data/qj/stable-baselines3-master/risk_curriculum_metadrive/outputs/ijmlc_p2_external_baselines/rcpo_lagrangian_1m_nenv16/rcpo_lagrangian_ppo_s2/config.json,/home/aaa/data/qj/stable-baselines3-master/risk_curriculum_metadrive/outputs/ijmlc_p2_external_baselines/rcpo_lagrangian_1m_nenv16/rcpo_lagrangian_ppo_s2/model/final_model.zip
rcpo_lagrangian,external_safe_rl,rcpo_lagrangian,ppo,2,none,0.15,20000,20013,13,0.0,1.0,0.459140098318486,1.0,1.0,0.0,0.0,298.0,162.80332654199555,75.07586622055237,37.054063324203796,39.7298183441324,17.79200956176943,0.003355704697986577,0.0,0.459140098318486,305.75047418306565,4.352966142394425,0.013957016024850765,0.08011077224809997,0.6296296296296297,0.0,0.0,0.0,0.0,0.0,0.0,0.4638552654674433,0.4364154956419952,0.6505531055154279,0.730753651005201,4.796471288341766,7.660008442326216,5.260326553809209,8.155701358191436,0.4638552654674433,0.6505531055154279,/home/aaa/data/qj/stable-baselines3-master/risk_curriculum_metadrive/outputs/ijmlc_p2_external_baselines/rcpo_lagrangian_1m_nenv16/rcpo_lagrangian_ppo_s2/config.json,/home/aaa/data/qj/stable-baselines3-master/risk_curriculum_metadrive/outputs/ijmlc_p2_external_baselines/rcpo_lagrangian_1m_nenv16/rcpo_lagrangian_ppo_s2/model/final_model.zip
rcpo_lagrangian,external_safe_rl,rcpo_lagrangian,ppo,2,none,0.15,20000,20014,14,0.0,1.0,0.402769626419775,1.0,1.0,0.0,0.0,184.0,76.78342665590677,30.37480212054661,42.326865345438144,46.53472036679766,18.989008433633593,0.005434782608695652,0.0,0.402769626419775,215.28178955441825,3.526281897336007,0.5603972965689669,0.15403580796529248,0.75,0.0,0.0,0.0,0.0,0.0,0.0,0.42506527730122046,0.40857050043996423,0.6475490466982592,0.8383071105345142,3.1508802710405965,4.005748953204602,3.575945548341817,4.528649101848714,0.42506527730122046,0.6475490466982592,/home/aaa/data/qj/stable-baselines3-master/risk_curriculum_metadrive/outputs/ijmlc_p2_external_baselines/rcpo_lagrangian_1m_nenv16/rcpo_lagrangian_ppo_s2/config.json,/home/aaa/data/qj/stable-baselines3-master/risk_curriculum_metadrive/outputs/ijmlc_p2_external_baselines/rcpo_lagrangian_1m_nenv16/rcpo_lagrangian_ppo_s2/model/final_model.zip
rcpo_lagrangian,external_safe_rl,rcpo_lagrangian,ppo,2,none,0.15,20000,20015,15,0.0,1.0,0.11044101110922742,1.0,1.0,0.0,0.0,88.0,30.655204597576635,-1.4591673679348567,25.684567933533128,26.017183540080957,9.225918672423871,0.011363636363636364,1.0,0.11044101110922742,62.13743796823185,1.6110356448988423,0.2973262082425166,0.1540438343227799,1.0,0.0,0.0,0.0,0.0,0.0,0.0,0.3715710233584766,0.34582349326228723,0.5334518500603734,0.5719770537689327,2.086719954604632,2.601278504880611,2.458290977963109,2.9776329021842685,0.3715710233584766,0.5334518500603734,/home/aaa/data/qj/stable-baselines3-master/risk_curriculum_metadrive/outputs/ijmlc_p2_external_baselines/rcpo_lagrangian_1m_nenv16/rcpo_lagrangian_ppo_s2/config.json,/home/aaa/data/qj/stable-baselines3-master/risk_curriculum_metadrive/outputs/ijmlc_p2_external_baselines/rcpo_lagrangian_1m_nenv16/rcpo_lagrangian_ppo_s2/model/final_model.zip
rcpo_lagrangian,external_safe_rl,rcpo_lagrangian,ppo,2,none,0.15,20000,20016,16,0.0,1.0,0.12249896393437291,1.0,1.0,0.0,0.0,80.0,38.54404764576364,2.8969927409130065,38.00036515434511,42.53736328179946,9.264089315936594,0.0,1.0,0.12249896393437291,83.16436025925138,12.008091890168894,1.1667360918712248,0.16232841602343764,0.66,0.0,0.0,0.0,0.0,0.0,0.0,0.4635084878827911,0.42294900777051225,0.6060849511413835,0.9254812727158376,3.82283475028089,4.815630440862151,4.286343238163681,5.37059585985844,0.4635084878827911,0.6060849511413835,/home/aaa/data/qj/stable-baselines3-master/risk_curriculum_metadrive/outputs/ijmlc_p2_external_baselines/rcpo_lagrangian_1m_nenv16/rcpo_lagrangian_ppo_s2/config.json,/home/aaa/data/qj/stable-baselines3-master/risk_curriculum_metadrive/outputs/ijmlc_p2_external_baselines/rcpo_lagrangian_1m_nenv16/rcpo_lagrangian_ppo_s2/model/final_model.zip
rcpo_lagrangian,external_safe_rl,rcpo_lagrangian,ppo,2,none,0.15,20000,20017,17,0.0,1.0,0.19715787165374343,0.0,0.0,0.0,1.0,145.0,41.08150570810046,6.35548900366253,30.75246927733641,31.622876538126256,14.80990460798204,0.006896551724137931,1.0,0.19715787165374343,123.02100224910592,13.062474554433198,3.3633213023413773,0.006250074006053704,0.21428571428571427,0.0,0.0,0.0,0.0,0.0,0.0,0.45138146951072045,0.4255940002622083,0.6370757997501639,0.7097135565709323,3.7047084077694934,4.126337394700386,4.156089877280214,4.698410604032687,0.45138146951072045,0.6370757997501639,/home/aaa/data/qj/stable-baselines3-master/risk_curriculum_metadrive/outputs/ijmlc_p2_external_baselines/rcpo_lagrangian_1m_nenv16/rcpo_lagrangian_ppo_s2/config.json,/home/aaa/data/qj/stable-baselines3-master/risk_curriculum_metadrive/outputs/ijmlc_p2_external_baselines/rcpo_lagrangian_1m_nenv16/rcpo_lagrangian_ppo_s2/model/final_model.zip
rcpo_lagrangian,external_safe_rl,rcpo_lagrangian,ppo,2,none,0.15,20000,20018,18,0.0,1.0,0.12631844138848278,0.0,0.0,0.0,1.0,127.0,42.56832288437243,5.023714683840701,33.4263997566267,33.34719673873508,14.06432862694943,0.0,1.0,0.12631844138848278,117.22216751332014,3.054744373366295,2.956504018612975,0.012253578750448534,1.0,0.0,0.0,0.0,0.0,0.0,0.0,0.45034500832603436,0.4202049894956872,0.6290091012488119,0.6473287954577245,3.5574233303108715,6.61576319107553,4.007768338636906,7.087308798509184,0.45034500832603436,0.6290091012488119,/home/aaa/data/qj/stable-baselines3-master/risk_curriculum_metadrive/outputs/ijmlc_p2_external_baselines/rcpo_lagrangian_1m_nenv16/rcpo_lagrangian_ppo_s2/config.json,/home/aaa/data/qj/stable-baselines3-master/risk_curriculum_metadrive/outputs/ijmlc_p2_external_baselines/rcpo_lagrangian_1m_nenv16/rcpo_lagrangian_ppo_s2/model/final_model.zip
rcpo_lagrangian,external_safe_rl,rcpo_lagrangian,ppo,2,none,0.15,20000,20019,19,0.0,1.0,0.238088404707258,1.0,1.0,0.0,0.0,149.0,55.14861929475228,14.61696178859387,33.66645237562908,39.19080461074934,14.254381051990807,0.006711409395973154,0.0,0.238088404707258,138.58801849100132,11.613016616365577,0.23030305789794847,0.017958136105461382,0.15789473684210525,0.0,0.0,0.0,0.0,0.0,0.0,0.41876130951443474,0.4051589930895716,0.6134647992439568,0.6585225212620577,2.9281395314231626,3.549168599420227,3.3469008409375975,4.028616414871067,0.41876130951443474,0.6134647992439568,/home/aaa/data/qj/stable-baselines3-master/risk_curriculum_metadrive/outputs/ijmlc_p2_external_baselines/rcpo_lagrangian_1m_nenv16/rcpo_lagrangian_ppo_s2/config.json,/home/aaa/data/qj/stable-baselines3-master/risk_curriculum_metadrive/outputs/ijmlc_p2_external_baselines/rcpo_lagrangian_1m_nenv16/rcpo_lagrangian_ppo_s2/model/final_model.zip
rcpo_lagrangian,external_safe_rl,rcpo_lagrangian,ppo,2,none,0.2,10000,10000,0,0.0,1.0,0.11306469348973519,1.0,1.0,0.0,0.0,65.0,31.435022350852485,-0.9405480198817067,31.197470232648413,33.546844234636765,7.87967395500515,0.0,1.0,0.11306469348973519,55.5776673436126,10.757727661746848,0.7985072693175178,0.27493211360635267,0.6923076923076923,0.0,0.0,0.0,0.0,0.0,0.0,0.5208334314654797,0.5241510079940781,0.6870367913506925,0.7311089552240446,5.235826368488443,6.489848796627484,5.756659799953923,6.963675597216934,0.5208334314654797,0.6870367913506925,/home/aaa/data/qj/stable-baselines3-master/risk_curriculum_metadrive/outputs/ijmlc_p2_external_baselines/rcpo_lagrangian_1m_nenv16/rcpo_lagrangian_ppo_s2/config.json,/home/aaa/data/qj/stable-baselines3-master/risk_curriculum_metadrive/outputs/ijmlc_p2_external_baselines/rcpo_lagrangian_1m_nenv16/rcpo_lagrangian_ppo_s2/model/final_model.zip
rcpo_lagrangian,external_safe_rl,rcpo_lagrangian,ppo,2,none,0.2,10000,10001,1,0.0,1.0,0.1193193122820551,1.0,1.0,0.0,0.0,65.0,21.686373359165927,-5.62723395195539,32.37424853137868,33.76597438380747,7.635567558644951,0.0,1.0,0.1193193122820551,57.26196929140894,10.854516453054432,0.6968116404519572,0.2768184605807982,0.7346938775510204,0.0,0.0,0.0,0.0,0.0,0.0,0.45730932279883957,0.4261499998392537,0.6109070032835007,0.6782075134105979,3.4101783700932105,4.043333599111065,3.86748769289205,4.540126005304046,0.45730932279883957,0.6109070032835007,/home/aaa/data/qj/stable-baselines3-master/risk_curriculum_metadrive/outputs/ijmlc_p2_external_baselines/rcpo_lagrangian_1m_nenv16/rcpo_lagrangian_ppo_s2/config.json,/home/aaa/data/qj/stable-baselines3-master/risk_curriculum_metadrive/outputs/ijmlc_p2_external_baselines/rcpo_lagrangian_1m_nenv16/rcpo_lagrangian_ppo_s2/model/final_model.zip
rcpo_lagrangian,external_safe_rl,rcpo_lagrangian,ppo,2,none,0.2,10000,10002,2,0.0,1.0,0.09576758741121275,1.0,1.0,0.0,0.0,58.0,36.584803713469825,1.1154294790712882,31.142506616240144,31.098182538229224,7.111037277524279,0.0,1.0,0.09576758741121275,48.8069519329883,11.254286151252542,0.44405780258049166,0.2847723555603955,0.5517241379310345,0.0,0.0,0.0,0.0,0.0,0.0,0.4148012055244682,0.4156799986958504,0.5550510555622167,0.6650853663450107,4.69554196501247,5.44053315607016,5.110343170536939,5.924699288152624,0.4148012055244682,0.5550510555622167,/home/aaa/data/qj/stable-baselines3-master/risk_curriculum_metadrive/outputs/ijmlc_p2_external_baselines/rcpo_lagrangian_1m_nenv16/rcpo_lagrangian_ppo_s2/config.json,/home/aaa/data/qj/stable-baselines3-master/risk_curriculum_metadrive/outputs/ijmlc_p2_external_baselines/rcpo_lagrangian_1m_nenv16/rcpo_lagrangian_ppo_s2/model/final_model.zip
rcpo_lagrangian,external_safe_rl,rcpo_lagrangian,ppo,2,none,0.2,10000,10003,3,0.0,1.0,0.2876938791924471,1.0,1.0,0.0,0.0,115.0,65.11546593892223,21.138549345234548,41.97481319479384,50.96819300646129,13.46374494062126,0.0,0.0,0.2876938791924471,133.01286884564857,2.333330034442013,0.08200866190096515,0.2137616689113674,0.9333333333333333,0.0,0.0,0.0,0.0,0.0,0.0,0.4080243997083491,0.39286899846047163,0.5517013982171192,0.6602637958712876,2.6687702780295894,3.846398595487699,3.0767946777379382,4.24694370594807,0.4080243997083491,0.5517013982171192,/home/aaa/data/qj/stable-baselines3-master/risk_curriculum_metadrive/outputs/ijmlc_p2_external_baselines/rcpo_lagrangian_1m_nenv16/rcpo_lagrangian_ppo_s2/config.json,/home/aaa/data/qj/stable-baselines3-master/risk_curriculum_metadrive/outputs/ijmlc_p2_external_baselines/rcpo_lagrangian_1m_nenv16/rcpo_lagrangian_ppo_s2/model/final_model.zip
rcpo_lagrangian,external_safe_rl,rcpo_lagrangian,ppo,2,none,0.2,10000,10004,4,0.0,1.0,0.09456332735235488,1.0,1.0,0.0,0.0,68.0,7.302351527030229,-13.611924415914237,26.76507247566062,24.785899706959285,7.108870261818038,0.0,1.0,0.09456332735235488,49.63944584619348,9.536436793773415,0.47001530101574734,0.2335788456246617,0.8285714285714286,0.0,0.0,0.0,0.0,0.0,0.0,0.4354988232080359,0.41928200516849756,0.5904280005779582,0.6330968641850632,3.83738592683906,4.338528045627754,4.272884750047096,4.857230398920365,0.4354988232080359,0.5904280005779582,/home/aaa/data/qj/stable-baselines3-master/risk_curriculum_metadrive/outputs/ijmlc_p2_external_baselines/rcpo_lagrangian_1m_nenv16/rcpo_lagrangian_ppo_s2/config.json,/home/aaa/data/qj/stable-baselines3-master/risk_curriculum_metadrive/outputs/ijmlc_p2_external_baselines/rcpo_lagrangian_1m_nenv16/rcpo_lagrangian_ppo_s2/model/final_model.zip
rcpo_lagrangian,external_safe_rl,rcpo_lagrangian,ppo,2,none,0.2,10000,10005,5,0.0,1.0,0.18524498499606618,1.0,1.0,0.0,0.0,79.0,53.25109144711695,12.132895273440461,40.76062780808421,43.485582733657004,9.756348672525464,0.0,1.0,0.18524498499606618,87.93492886245342,4.359204513287139,0.1069068011426388,0.1561865756014186,0.6190476190476191,0.0,0.0,0.0,0.0,0.0,0.0,0.4668599490114617,0.44221999996807426,0.643654295708984,0.6890523762558587,4.2154112025060915,5.021710699656978,4.682271151517553,5.508731497684494,0.4668599490114617,0.643654295708984,/home/aaa/data/qj/stable-baselines3-master/risk_curriculum_metadrive/outputs/ijmlc_p2_external_baselines/rcpo_lagrangian_1m_nenv16/rcpo_lagrangian_ppo_s2/config.json,/home/aaa/data/qj/stable-baselines3-master/risk_curriculum_metadrive/outputs/ijmlc_p2_external_baselines/rcpo_lagrangian_1m_nenv16/rcpo_lagrangian_ppo_s2/model/final_model.zip
rcpo_lagrangian,external_safe_rl,rcpo_lagrangian,ppo,2,none,0.2,10000,10006,6,0.0,1.0,0.2856212400225164,0.0,0.0,0.0,1.0,153.0,36.900775293081495,6.969024847216236,43.521864415271324,49.91885692822519,17.70175493884442,0.0,0.0,0.2856212400225164,183.9201854514624,7.561529710387671,0.9283243982579579,0.09175492547356535,0.90625,0.0,0.0,0.0,0.0,0.0,0.0,0.44102241795698754,0.41990200406871736,0.6464869977207856,0.6999264832120388,3.584013313657659,4.1940817987779155,4.025035731614646,4.693383202538826,0.44102241795698754,0.6464869977207856,/home/aaa/data/qj/stable-baselines3-master/risk_curriculum_metadrive/outputs/ijmlc_p2_external_baselines/rcpo_lagrangian_1m_nenv16/rcpo_lagrangian_ppo_s2/config.json,/home/aaa/data/qj/stable-baselines3-master/risk_curriculum_metadrive/outputs/ijmlc_p2_external_baselines/rcpo_lagrangian_1m_nenv16/rcpo_lagrangian_ppo_s2/model/final_model.zip
rcpo_lagrangian,external_safe_rl,rcpo_lagrangian,ppo,2,none,0.2,10000,10007,7,0.0,1.0,0.22215425579308876,1.0,1.0,0.0,0.0,161.0,39.50568313335671,6.317469240470995,41.89881048478719,46.20125603243923,16.464277223891834,0.006211180124223602,0.0,0.22215425579308876,186.36159462387428,2.786611696625268,0.051723162270570756,0.20358360916024737,0.9142857142857143,0.0,0.0,0.0,0.0,0.0,0.0,0.49062783852283215,0.4693549999501556,0.6691860035061836,0.7207528047729284,6.833507398216441,9.621322009479627,7.324135236739274,10.199883006862365,0.49062783852283215,0.6691860035061836,/home/aaa/data/qj/stable-baselines3-master/risk_curriculum_metadrive/outputs/ijmlc_p2_external_baselines/rcpo_lagrangian_1m_nenv16/rcpo_lagrangian_ppo_s2/config.json,/home/aaa/data/qj/stable-baselines3-master/risk_curriculum_metadrive/outputs/ijmlc_p2_external_baselines/rcpo_lagrangian_1m_nenv16/rcpo_lagrangian_ppo_s2/model/final_model.zip
rcpo_lagrangian,external_safe_rl,rcpo_lagrangian,ppo,2,none,0.2,10000,10008,8,0.0,1.0,0.13036863124567982,0.0,0.0,0.0,1.0,71.0,21.331131091886974,-5.473375516686115,32.76151561282175,36.89458172285303,8.272470767685999,0.0,1.0,0.13036863124567982,63.612345548878494,14.43670664418551,2.6417298438874175,0.059261484656292315,0.47368421052631576,0.0,0.0,0.0,0.0,0.0,0.0,0.42381253573899225,0.4034809971926734,0.5931815030635335,0.6567623058799654,2.6772189715263943,3.1443219995708205,3.101031507265387,3.703016001963988,0.42381253573899225,0.5931815030635335,/home/aaa/data/qj/stable-baselines3-master/risk_curriculum_metadrive/outputs/ijmlc_p2_external_baselines/rcpo_lagrangian_1m_nenv16/rcpo_lagrangian_ppo_s2/config.json,/home/aaa/data/qj/stable-baselines3-master/risk_curriculum_metadrive/outputs/ijmlc_p2_external_baselines/rcpo_lagrangian_1m_nenv16/rcpo_lagrangian_ppo_s2/model/final_model.zip
rcpo_lagrangian,external_safe_rl,rcpo_lagrangian,ppo,2,none,0.2,10000,10009,9,0.0,1.0,0.378798012030231,0.0,0.0,0.0,1.0,175.0,74.89585915911746,28.711869940465636,37.21169381928267,43.29912329009619,18.18951676763058,0.005714285714285714,0.0,0.378798012030231,179.93387835669108,20.41237971381142,0.8344851584729646,0.03557581739460605,0.5555555555555556,0.0,0.0,0.0,0.0,0.0,0.0,0.408303617483138,0.4004909860668704,0.6054894009139385,0.6757255239062943,3.431816502623925,3.784229003940709,3.840120120107063,4.29428900097264,0.408303617483138,0.6054894009139385,/home/aaa/data/qj/stable-baselines3-master/risk_curriculum_metadrive/outputs/ijmlc_p2_external_baselines/rcpo_lagrangian_1m_nenv16/rcpo_lagrangian_ppo_s2/config.json,/home/aaa/data/qj/stable-baselines3-master/risk_curriculum_metadrive/outputs/ijmlc_p2_external_baselines/rcpo_lagrangian_1m_nenv16/rcpo_lagrangian_ppo_s2/model/final_model.zip
rcpo_lagrangian,external_safe_rl,rcpo_lagrangian,ppo,2,none,0.2,10000,10010,10,0.0,1.0,0.20487231009319348,1.0,1.0,0.0,0.0,105.0,51.92422664871685,12.00828262715422,40.1080160507633,47.06997977153802,11.36367069618797,0.009523809523809525,0.0,0.20487231009319348,115.64297280721551,1.6677211652196262,0.2531531084585796,0.19041593341602134,1.0,0.0,0.0,0.0,0.0,0.0,0.0,0.4574528760886529,0.4351430106908083,0.6291506055276841,0.6615352461813017,4.982794228237166,7.3354682011995465,5.440247104325819,7.760108794900589,0.4574528760886529,0.6291506055276841,/home/aaa/data/qj/stable-baselines3-master/risk_curriculum_metadrive/outputs/ijmlc_p2_external_baselines/rcpo_lagrangian_1m_nenv16/rcpo_lagrangian_ppo_s2/config.json,/home/aaa/data/qj/stable-baselines3-master/risk_curriculum_metadrive/outputs/ijmlc_p2_external_baselines/rcpo_lagrangian_1m_nenv16/rcpo_lagrangian_ppo_s2/model/final_model.zip
rcpo_lagrangian,external_safe_rl,rcpo_lagrangian,ppo,2,none,0.2,10000,10011,11,0.0,1.0,0.09563186597385058,1.0,1.0,0.0,0.0,62.0,12.314534613800358,-11.0737767138843,31.53801770696126,32.28829927035019,7.044151507893082,0.016129032258064516,1.0,0.09563186597385058,53.01020013820131,11.408171063186781,0.511469095384869,0.2943713315225464,0.7555555555555555,0.0,0.0,0.0,0.0,0.0,0.0,0.49310633884517535,0.4543765026028268,0.7593855538289059,0.8522304515645374,4.850329112565715,5.791468088864349,5.343435451410891,6.412413210637168,0.49310633884517535,0.7593855538289059,/home/aaa/data/qj/stable-baselines3-master/risk_curriculum_metadrive/outputs/ijmlc_p2_external_baselines/rcpo_lagrangian_1m_nenv16/rcpo_lagrangian_ppo_s2/config.json,/home/aaa/data/qj/stable-baselines3-master/risk_curriculum_metadrive/outputs/ijmlc_p2_external_baselines/rcpo_lagrangian_1m_nenv16/rcpo_lagrangian_ppo_s2/model/final_model.zip
rcpo_lagrangian,external_safe_rl,rcpo_lagrangian,ppo,2,none,0.2,10000,10012,12,0.0,1.0,0.17463965856918423,0.0,0.0,0.0,1.0,84.0,35.346734199520334,2.8625568568357025,34.37262228111334,40.045892444252175,9.737602065157423,0.0,1.0,0.17463965856918423,79.30393984041844,1.9990062998013083,1.3723012209669878,0.0714522309571117,1.0,0.0,0.0,0.0,0.0,0.0,0.0,0.3989851311849807,0.38828149990877137,0.5742299428675324,0.6545981571252923,2.310493772667888,2.704663901386084,2.709478903852869,3.1726848021207843,0.3989851311849807,0.5742299428675324,/home/aaa/data/qj/stable-baselines3-master/risk_curriculum_metadrive/outputs/ijmlc_p2_external_baselines/rcpo_lagrangian_1m_nenv16/rcpo_lagrangian_ppo_s2/config.json,/home/aaa/data/qj/stable-baselines3-master/risk_curriculum_metadrive/outputs/ijmlc_p2_external_baselines/rcpo_lagrangian_1m_nenv16/rcpo_lagrangian_ppo_s2/model/final_model.zip
rcpo_lagrangian,external_safe_rl,rcpo_lagrangian,ppo,2,none,0.2,10000,10013,13,0.0,1.0,0.17826718634943617,0.0,0.0,0.0,1.0,120.0,23.36797050725567,-3.0679991558890762,32.32549286012169,33.835763138502486,13.31753028285015,0.008333333333333333,1.0,0.17826718634943617,106.94583469665055,2.8804903905656327,2.3461065872043023,0.03179264414151551,1.0,0.0,0.0,0.0,0.0,0.0,0.0,0.4465801244805334,0.43354250374250114,0.5798325109935831,0.6543416358181275,3.8954035751279057,5.092248509026831,4.341983699608439,5.529545896570198,0.4465801244805334,0.5798325109935831,/home/aaa/data/qj/stable-baselines3-master/risk_curriculum_metadrive/outputs/ijmlc_p2_external_baselines/rcpo_lagrangian_1m_nenv16/rcpo_lagrangian_ppo_s2/config.json,/home/aaa/data/qj/stable-baselines3-master/risk_curriculum_metadrive/outputs/ijmlc_p2_external_baselines/rcpo_lagrangian_1m_nenv16/rcpo_lagrangian_ppo_s2/model/final_model.zip
rcpo_lagrangian,external_safe_rl,rcpo_lagrangian,ppo,2,none,0.2,10000,10014,14,0.0,1.0,0.13277888783127903,1.0,1.0,0.0,0.0,120.0,41.394340705350224,4.580536987613474,33.53489798663194,37.35969769538379,13.203526232273529,0.008333333333333333,1.0,0.13277888783127903,110.84778638417771,1.7126913166225852,0.6027107884752165,0.14792889075198365,1.0,0.0,0.0,0.0,0.0,0.0,0.0,0.49544069212667335,0.4815694992430508,0.671291550679598,0.7113913525245152,6.940899266434523,8.52059739336255,7.436339958561196,9.181404688570183,0.49544069212667335,0.671291550679598,/home/aaa/data/qj/stable-baselines3-master/risk_curriculum_metadrive/outputs/ijmlc_p2_external_baselines/rcpo_lagrangian_1m_nenv16/rcpo_lagrangian_ppo_s2/config.json,/home/aaa/data/qj/stable-baselines3-master/risk_curriculum_metadrive/outputs/ijmlc_p2_external_baselines/rcpo_lagrangian_1m_nenv16/rcpo_lagrangian_ppo_s2/model/final_model.zip
rcpo_lagrangian,external_safe_rl,rcpo_lagrangian,ppo,2,none,0.2,10000,10015,15,0.0,1.0,0.14882770137183562,1.0,1.0,0.0,0.0,110.0,53.749720814401904,11.239691448356034,34.09341235511575,30.913890899533452,11.763512796721079,0.00909090909090909,1.0,0.14882770137183562,103.55613808133779,4.415422877903795,0.42279220356895436,0.13402578444219262,0.625,0.0,0.0,0.0,0.0,0.0,0.0,0.4589010355464945,0.43063600605819374,0.6537932509672828,0.7002138096140696,4.074959537485318,4.623929302761098,4.533860573031813,5.1619393459986895,0.4589010355464945,0.6537932509672828,/home/aaa/data/qj/stable-baselines3-master/risk_curriculum_metadrive/outputs/ijmlc_p2_external_baselines/rcpo_lagrangian_1m_nenv16/rcpo_lagrangian_ppo_s2/config.json,/home/aaa/data/qj/stable-baselines3-master/risk_curriculum_metadrive/outputs/ijmlc_p2_external_baselines/rcpo_lagrangian_1m_nenv16/rcpo_lagrangian_ppo_s2/model/final_model.zip
rcpo_lagrangian,external_safe_rl,rcpo_lagrangian,ppo,2,none,0.2,10000,10016,16,0.0,1.0,0.7771333151900368,1.0,1.0,0.0,0.0,325.0,232.81350998555646,119.62075444847947,44.132467391247715,48.565337241571946,31.99964209586392,0.003076923076923077,0.0,0.7771333151900368,397.3834306317438,2.5680639931569393,0.6790820923416128,0.07446291254419676,0.9791666666666666,0.0,0.0,0.0,0.0,0.0,0.0,0.4641728311812935,0.4398419987410307,0.6454321992350743,0.7134634343674404,4.961933554239715,8.026152604725212,5.426106385421008,8.569654796156101,0.4641728311812935,0.6454321992350743,/home/aaa/data/qj/stable-baselines3-master/risk_curriculum_metadrive/outputs/ijmlc_p2_external_baselines/rcpo_lagrangian_1m_nenv16/rcpo_lagrangian_ppo_s2/config.json,/home/aaa/data/qj/stable-baselines3-master/risk_curriculum_metadrive/outputs/ijmlc_p2_external_baselines/rcpo_lagrangian_1m_nenv16/rcpo_lagrangian_ppo_s2/model/final_model.zip
rcpo_lagrangian,external_safe_rl,rcpo_lagrangian,ppo,2,none,0.2,10000,10017,17,0.0,1.0,0.0779603215714951,1.0,1.0,0.0,0.0,65.0,14.122244422826927,-10.700068141441685,32.08651652561272,33.05626260190669,7.513450354647669,0.0,1.0,0.0779603215714951,57.31868101089536,13.518421693967127,0.4645985158962843,0.2656251751558599,0.66,0.0,0.0,0.0,0.0,0.0,0.0,0.513220522687054,0.47827699745539576,0.6902983994223177,0.7375135557958856,6.417521400502524,7.70773840486072,6.930741923189578,8.27899240248371,0.513220522687054,0.6902983994223177,/home/aaa/data/qj/stable-baselines3-master/risk_curriculum_metadrive/outputs/ijmlc_p2_external_baselines/rcpo_lagrangian_1m_nenv16/rcpo_lagrangian_ppo_s2/config.json,/home/aaa/data/qj/stable-baselines3-master/risk_curriculum_metadrive/outputs/ijmlc_p2_external_baselines/rcpo_lagrangian_1m_nenv16/rcpo_lagrangian_ppo_s2/model/final_model.zip
rcpo_lagrangian,external_safe_rl,rcpo_lagrangian,ppo,2,none,0.2,10000,10018,18,0.0,1.0,0.4759101717898649,1.0,1.0,0.0,0.0,149.0,37.64632997827394,13.050470142832925,51.670937416099584,61.099011839534235,16.7251038777151,0.0,0.0,0.4759101717898649,212.68467723747952,7.952370334298608,0.026434002406074443,0.2656510647208267,0.7204301075268817,0.0,0.0,0.0,0.0,0.0,0.0,0.4617380272853345,0.4385750071378425,0.6574137922143564,0.7119872432667762,4.683616677288985,6.26544319675304,5.145354704574319,6.840349992853589,0.4617380272853345,0.6574137922143564,/home/aaa/data/qj/stable-baselines3-master/risk_curriculum_metadrive/outputs/ijmlc_p2_external_baselines/rcpo_lagrangian_1m_nenv16/rcpo_lagrangian_ppo_s2/config.json,/home/aaa/data/qj/stable-baselines3-master/risk_curriculum_metadrive/outputs/ijmlc_p2_external_baselines/rcpo_lagrangian_1m_nenv16/rcpo_lagrangian_ppo_s2/model/final_model.zip
rcpo_lagrangian,external_safe_rl,rcpo_lagrangian,ppo,2,none,0.2,10000,10019,19,0.0,1.0,0.10118032024749382,1.0,1.0,0.0,0.0,90.0,15.312896671201496,-9.40814205697444,28.890771106475423,27.111250327631694,9.07698249683561,0.0,1.0,0.10118032024749382,71.21816337011494,1.3233357100229235,0.19902983137433689,0.18791839704327276,1.0,0.0,0.0,0.0,0.0,0.0,0.0,0.40682273328356033,0.38080850208643824,0.5601092059805522,0.6617433502105996,3.8708292774067052,4.625291601405479,4.277652010690265,5.115853149618488,0.40682273328356033,0.5601092059805522,/home/aaa/data/qj/stable-baselines3-master/risk_curriculum_metadrive/outputs/ijmlc_p2_external_baselines/rcpo_lagrangian_1m_nenv16/rcpo_lagrangian_ppo_s2/config.json,/home/aaa/data/qj/stable-baselines3-master/risk_curriculum_metadrive/outputs/ijmlc_p2_external_baselines/rcpo_lagrangian_1m_nenv16/rcpo_lagrangian_ppo_s2/model/final_model.zip
rcpo_lagrangian,external_safe_rl,rcpo_lagrangian,ppo,2,none,0.2,20000,20000,0,0.0,1.0,0.49545295106337145,0.0,0.0,0.0,1.0,152.0,87.2128514889539,38.4200142763781,41.31067242838838,46.06479780975283,16.830199762090338,0.0,0.0,0.49545295106337145,173.36196831116592,4.228827827313052,0.3733182767762426,0.15534262042981659,0.696969696969697,0.0,0.0,0.0,0.0,0.0,0.0,0.4112449597941074,0.40386850014328957,0.5888460000278424,0.6574066699249672,3.061621433899793,5.0127121998229995,3.4728663936939004,5.4217612007050775,0.4112449597941074,0.5888460000278424,/home/aaa/data/qj/stable-baselines3-master/risk_curriculum_metadrive/outputs/ijmlc_p2_external_baselines/rcpo_lagrangian_1m_nenv16/rcpo_lagrangian_ppo_s2/config.json,/home/aaa/data/qj/stable-baselines3-master/risk_curriculum_metadrive/outputs/ijmlc_p2_external_baselines/rcpo_lagrangian_1m_nenv16/rcpo_lagrangian_ppo_s2/model/final_model.zip
rcpo_lagrangian,external_safe_rl,rcpo_lagrangian,ppo,2,none,0.2,20000,20001,1,0.0,1.0,0.316891449852501,1.0,1.0,0.0,0.0,147.0,39.11636906249327,8.964928026821678,39.11826169584889,45.987752364364724,14.74293583955333,0.006802721088435374,0.0,0.316891449852501,159.1156069848661,12.251924094301437,0.5006104580172043,0.16483901682426863,0.6363636363636364,0.0,0.0,0.0,0.0,0.0,0.0,0.41588054992477125,0.4010150005342439,0.6164421007269993,0.6781667619361541,3.1748803671596724,3.849895497842226,3.5907609170844434,4.356959489814471,0.41588054992477125,0.6164421007269993,/home/aaa/data/qj/stable-baselines3-master/risk_curriculum_metadrive/outputs/ijmlc_p2_external_baselines/rcpo_lagrangian_1m_nenv16/rcpo_lagrangian_ppo_s2/config.json,/home/aaa/data/qj/stable-baselines3-master/risk_curriculum_metadrive/outputs/ijmlc_p2_external_baselines/rcpo_lagrangian_1m_nenv16/rcpo_lagrangian_ppo_s2/model/final_model.zip
rcpo_lagrangian,external_safe_rl,rcpo_lagrangian,ppo,2,none,0.2,20000,20002,2,0.0,1.0,0.30073612412525863,1.0,1.0,0.0,0.0,115.0,61.535022656939404,19.739595052227482,44.69450109769841,53.247178838850445,13.191195850306793,0.0,0.0,0.30073612412525863,141.3566372582698,1.6358813637795455,0.09805823091448573,0.21062307983293277,1.0,0.0,0.0,0.0,0.0,0.0,0.0,0.4311321914428845,0.4208690079394728,0.5776926947874017,0.6687807996058837,4.067201981999223,6.236753400298767,4.498334173442108,6.7009731094003655,0.4311321914428845,0.5776926947874017,/home/aaa/data/qj/stable-baselines3-master/risk_curriculum_metadrive/outputs/ijmlc_p2_external_baselines/rcpo_lagrangian_1m_nenv16/rcpo_lagrangian_ppo_s2/config.json,/home/aaa/data/qj/stable-baselines3-master/risk_curriculum_metadrive/outputs/ijmlc_p2_external_baselines/rcpo_lagrangian_1m_nenv16/rcpo_lagrangian_ppo_s2/model/final_model.zip
rcpo_lagrangian,external_safe_rl,rcpo_lagrangian,ppo,2,none,0.2,20000,20003,3,0.0,1.0,0.13816713112728077,1.0,1.0,0.0,0.0,84.0,68.2291062290167,18.20956704832678,38.98620022590279,42.24044234120461,9.471814732340905,0.0,1.0,0.13816713112728077,90.07498331447925,5.0621695419005395,0.5364007347005636,0.23046949169894987,0.6060606060606061,0.0,0.0,0.0,0.0,0.0,0.0,0.46668774943793234,0.44452450674725696,0.6335652113193646,0.7114560961781539,4.802216833403301,5.442660598055227,5.268904582841233,5.949291493743658,0.46668774943793234,0.6335652113193646,/home/aaa/data/qj/stable-baselines3-master/risk_curriculum_metadrive/outputs/ijmlc_p2_external_baselines/rcpo_lagrangian_1m_nenv16/rcpo_lagrangian_ppo_s2/config.json,/home/aaa/data/qj/stable-baselines3-master/risk_curriculum_metadrive/outputs/ijmlc_p2_external_baselines/rcpo_lagrangian_1m_nenv16/rcpo_lagrangian_ppo_s2/model/final_model.zip
rcpo_lagrangian,external_safe_rl,rcpo_lagrangian,ppo,2,none,0.2,20000,20004,4,0.0,1.0,0.1757650419119189,1.0,1.0,0.0,0.0,80.0,35.42848833825409,2.8871954264846167,38.92042997023477,40.68046708357929,8.949084391887201,0.0125,1.0,0.1757650419119189,85.16205156003959,3.46424902049752,0.2653106767139513,0.1934599687650469,0.7619047619047619,0.0,0.0,0.0,0.0,0.0,0.0,0.4179773499345174,0.39954049134394154,0.5563393940974491,0.6299931698595169,3.228587288685958,3.7444629066158086,3.6465646386204753,4.237175245361868,0.4179773499345174,0.5563393940974491,/home/aaa/data/qj/stable-baselines3-master/risk_curriculum_metadrive/outputs/ijmlc_p2_external_baselines/rcpo_lagrangian_1m_nenv16/rcpo_lagrangian_ppo_s2/config.json,/home/aaa/data/qj/stable-baselines3-master/risk_curriculum_metadrive/outputs/ijmlc_p2_external_baselines/rcpo_lagrangian_1m_nenv16/rcpo_lagrangian_ppo_s2/model/final_model.zip
rcpo_lagrangian,external_safe_rl,rcpo_lagrangian,ppo,2,none,0.2,20000,20005,5,0.0,1.0,0.23952660976469375,1.0,1.0,0.0,0.0,129.0,59.15652910105777,16.6640628434697,39.19055649315531,45.497670843334994,13.346410067151718,0.007751937984496124,0.0,0.23952660976469375,139.59478392604228,2.429584993087568,0.10436145594609741,0.1473627144077554,0.9722222222222222,0.0,0.0,0.0,0.0,0.0,0.0,0.4740592015342238,0.4625200090231374,0.6168706022435799,0.7028560421895236,6.059230309315459,6.990647199563682,6.5332895108496825,7.543514991994016,0.4740592015342238,0.6168706022435799,/home/aaa/data/qj/stable-baselines3-master/risk_curriculum_metadrive/outputs/ijmlc_p2_external_baselines/rcpo_lagrangian_1m_nenv16/rcpo_lagrangian_ppo_s2/config.json,/home/aaa/data/qj/stable-baselines3-master/risk_curriculum_metadrive/outputs/ijmlc_p2_external_baselines/rcpo_lagrangian_1m_nenv16/rcpo_lagrangian_ppo_s2/model/final_model.zip
rcpo_lagrangian,external_safe_rl,rcpo_lagrangian,ppo,2,none,0.2,20000,20006,6,0.0,1.0,0.402736515817671,0.0,0.0,0.0,1.0,231.0,126.72988923896366,55.34704009401193,37.54142202054658,38.890403064157844,22.48208269042208,0.004329004329004329,0.0,0.402736515817671,240.01220614671394,4.6336769370867374,0.8093181358863037,0.041500229509257164,0.6285714285714286,0.0,0.0,0.0,0.0,0.0,0.0,0.43884504318602174,0.4280239954823628,0.6296524952631444,0.6884012938826344,4.282115723280583,5.62770500255283,4.720960766466605,6.037569000909571,0.43884504318602174,0.6296524952631444,/home/aaa/data/qj/stable-baselines3-master/risk_curriculum_metadrive/outputs/ijmlc_p2_external_baselines/rcpo_lagrangian_1m_nenv16/rcpo_lagrangian_ppo_s2/config.json,/home/aaa/data/qj/stable-baselines3-master/risk_curriculum_metadrive/outputs/ijmlc_p2_external_baselines/rcpo_lagrangian_1m_nenv16/rcpo_lagrangian_ppo_s2/model/final_model.zip
rcpo_lagrangian,external_safe_rl,rcpo_lagrangian,ppo,2,none,0.2,20000,20007,7,0.0,1.0,0.38959769346799916,0.0,0.0,0.0,1.0,170.0,65.71433777303842,24.495099690559158,37.03792700103251,38.26582882643804,19.284459353409694,0.0,0.0,0.38959769346799916,174.0465692469557,5.862157294096066,1.7251523218397544,0.08147984752504382,0.44776119402985076,0.0,0.0,0.0,0.0,0.0,0.0,0.4283229534527944,0.4188410021015443,0.6095528005971572,0.6996016205812339,3.3641931821715416,4.180747098871507,3.7925161356243358,4.683696144638816,0.4283229534527944,0.6095528005971572,/home/aaa/data/qj/stable-baselines3-master/risk_curriculum_metadrive/outputs/ijmlc_p2_external_baselines/rcpo_lagrangian_1m_nenv16/rcpo_lagrangian_ppo_s2/config.json,/home/aaa/data/qj/stable-baselines3-master/risk_curriculum_metadrive/outputs/ijmlc_p2_external_baselines/rcpo_lagrangian_1m_nenv16/rcpo_lagrangian_ppo_s2/model/final_model.zip
rcpo_lagrangian,external_safe_rl,rcpo_lagrangian,ppo,2,none,0.2,20000,20008,8,0.0,1.0,0.1706812453040426,1.0,1.0,0.0,0.0,126.0,47.68565695736501,8.86326583780378,32.534030076817594,36.563418888357376,13.290222136635489,0.007936507936507936,1.0,0.1706812453040426,112.70427384602773,12.7073896508859,0.7207167739335953,0.09351932949312872,0.2558139534883721,0.0,0.0,0.0,0.0,0.0,0.0,0.45190108704402865,0.44677499681711197,0.6591409983229823,0.7454934966517612,5.056131746280857,5.702615995687665,5.508032833324886,6.253214494790882,0.45190108704402865,0.6591409983229823,/home/aaa/data/qj/stable-baselines3-master/risk_curriculum_metadrive/outputs/ijmlc_p2_external_baselines/rcpo_lagrangian_1m_nenv16/rcpo_lagrangian_ppo_s2/config.json,/home/aaa/data/qj/stable-baselines3-master/risk_curriculum_metadrive/outputs/ijmlc_p2_external_baselines/rcpo_lagrangian_1m_nenv16/rcpo_lagrangian_ppo_s2/model/final_model.zip
rcpo_lagrangian,external_safe_rl,rcpo_lagrangian,ppo,2,none,0.2,20000,20009,9,0.0,1.0,0.42099977100694486,0.0,0.0,0.0,1.0,179.0,89.6966324301437,37.428309345280226,38.560753449733156,40.71153315746454,19.30624626151195,0.0,0.0,0.42099977100694486,190.98698453282933,3.8685200890229243,2.6048053577518826,0.016613060072632684,0.6363636363636364,0.0,0.0,0.0,0.0,0.0,0.0,0.4811474017560867,0.44674199307337403,0.6615129983401857,0.6871816105558537,4.407493883334802,5.535658089502249,4.888641285090889,6.1182187899248675,0.4811474017560867,0.6615129983401857,/home/aaa/data/qj/stable-baselines3-master/risk_curriculum_metadrive/outputs/ijmlc_p2_external_baselines/rcpo_lagrangian_1m_nenv16/rcpo_lagrangian_ppo_s2/config.json,/home/aaa/data/qj/stable-baselines3-master/risk_curriculum_metadrive/outputs/ijmlc_p2_external_baselines/rcpo_lagrangian_1m_nenv16/rcpo_lagrangian_ppo_s2/model/final_model.zip
rcpo_lagrangian,external_safe_rl,rcpo_lagrangian,ppo,2,none,0.2,20000,20010,10,0.0,1.0,0.4437073047689557,0.0,0.0,0.0,1.0,165.0,90.36038899353578,38.4414136398366,44.19351842819289,49.540534057294096,17.77519542157556,0.0,0.0,0.4437073047689557,201.60806445184463,1.7002897628201203,0.04968372271261603,0.1319884094871952,1.0,0.0,0.0,0.0,0.0,0.0,0.0,0.3967382183129137,0.3898490103892982,0.5054908018792048,0.5758067971328269,2.6693571096102735,4.025469603948295,3.066095327923187,4.451524003525265,0.3967382183129137,0.5054908018792048,/home/aaa/data/qj/stable-baselines3-master/risk_curriculum_metadrive/outputs/ijmlc_p2_external_baselines/rcpo_lagrangian_1m_nenv16/rcpo_lagrangian_ppo_s2/config.json,/home/aaa/data/qj/stable-baselines3-master/risk_curriculum_metadrive/outputs/ijmlc_p2_external_baselines/rcpo_lagrangian_1m_nenv16/rcpo_lagrangian_ppo_s2/model/final_model.zip
rcpo_lagrangian,external_safe_rl,rcpo_lagrangian,ppo,2,none,0.2,20000,20011,11,0.0,1.0,0.1779262256188848,1.0,1.0,0.0,0.0,89.0,59.766024796774715,15.170799166953891,38.15080281735799,45.47909056734633,10.235636859796506,0.0,1.0,0.1779262256188848,92.99489365699706,3.249460064906859,0.06770911682885468,0.17998419910802793,0.7714285714285715,0.0,0.0,0.0,0.0,0.0,0.0,0.4956368654521622,0.4781969910254702,0.659692398039624,0.8175651240162553,7.462707134630803,9.032718793605454,7.958344000082965,9.578487605904229,0.4956368654521622,0.659692398039624,/home/aaa/data/qj/stable-baselines3-master/risk_curriculum_metadrive/outputs/ijmlc_p2_external_baselines/rcpo_lagrangian_1m_nenv16/rcpo_lagrangian_ppo_s2/config.json,/home/aaa/data/qj/stable-baselines3-master/risk_curriculum_metadrive/outputs/ijmlc_p2_external_baselines/rcpo_lagrangian_1m_nenv16/rcpo_lagrangian_ppo_s2/model/final_model.zip
rcpo_lagrangian,external_safe_rl,rcpo_lagrangian,ppo,2,none,0.2,20000,20012,12,0.0,1.0,0.35138453721550084,1.0,1.0,0.0,0.0,212.0,108.98497817011076,44.934025201520406,32.38657206028898,32.977618165067206,21.242739146373026,0.0047169811320754715,0.0,0.35138453721550084,189.50776909941027,2.5950473308912745,0.6420469332638356,0.12174482567978218,0.9245283018867925,0.0,0.0,0.0,0.0,0.0,0.0,0.39268473572622686,0.38573650090256706,0.5797100980998947,0.6779588785138912,2.748796905713257,4.979615245247259,3.141481641439484,5.4237845943134735,0.39268473572622686,0.5797100980998947,/home/aaa/data/qj/stable-baselines3-master/risk_curriculum_metadrive/outputs/ijmlc_p2_external_baselines/rcpo_lagrangian_1m_nenv16/rcpo_lagrangian_ppo_s2/config.json,/home/aaa/data/qj/stable-baselines3-master/risk_curriculum_metadrive/outputs/ijmlc_p2_external_baselines/rcpo_lagrangian_1m_nenv16/rcpo_lagrangian_ppo_s2/model/final_model.zip
rcpo_lagrangian,external_safe_rl,rcpo_lagrangian,ppo,2,none,0.2,20000,20013,13,0.0,1.0,0.10469543702613446,1.0,1.0,0.0,0.0,95.0,24.75889379551895,-4.579689991456483,27.306533207802932,26.089225609795157,8.440588661501952,0.010526315789473684,1.0,0.10469543702613446,71.20625343909,,,0.0,0.0,0.0,0.0,0.0,0.0,0.0,0.0,0.4709802829893306,0.4261069989297539,0.6736103983712383,1.0627794131869461,3.7764031164299108,4.342483998334501,4.247383399419242,4.8521329066716135,0.4709802829893306,0.6736103983712383,/home/aaa/data/qj/stable-baselines3-master/risk_curriculum_metadrive/outputs/ijmlc_p2_external_baselines/rcpo_lagrangian_1m_nenv16/rcpo_lagrangian_ppo_s2/config.json,/home/aaa/data/qj/stable-baselines3-master/risk_curriculum_metadrive/outputs/ijmlc_p2_external_baselines/rcpo_lagrangian_1m_nenv16/rcpo_lagrangian_ppo_s2/model/final_model.zip
rcpo_lagrangian,external_safe_rl,rcpo_lagrangian,ppo,2,none,0.2,20000,20014,14,0.0,1.0,0.12156581590571834,1.0,1.0,0.0,0.0,69.0,27.88225794703309,-2.5118965493119134,32.77158354510696,34.30054216023163,7.640422802965658,0.014492753623188406,1.0,0.12156581590571834,61.749441874797526,2.9277517522614858,0.63671998617035,0.24615422681492397,0.875,0.0,0.0,0.0,0.0,0.0,0.0,0.4397405655649693,0.41945200064219534,0.629739201394841,0.7576568401418626,3.467082233038272,4.124895395943895,3.9068227986032413,4.605481598991901,0.4397405655649693,0.629739201394841,/home/aaa/data/qj/stable-baselines3-master/risk_curriculum_metadrive/outputs/ijmlc_p2_external_baselines/rcpo_lagrangian_1m_nenv16/rcpo_lagrangian_ppo_s2/config.json,/home/aaa/data/qj/stable-baselines3-master/risk_curriculum_metadrive/outputs/ijmlc_p2_external_baselines/rcpo_lagrangian_1m_nenv16/rcpo_lagrangian_ppo_s2/model/final_model.zip
rcpo_lagrangian,external_safe_rl,rcpo_lagrangian,ppo,2,none,0.2,20000,20015,15,0.0,1.0,0.11071106590180864,1.0,1.0,0.0,0.0,87.0,27.26810413154938,-3.1446159571710623,26.57904264629407,26.188897210887905,9.010916930536313,0.011494252873563218,1.0,0.11071106590180864,63.56982275522945,1.6136165680172034,0.34609750216956536,0.10120226348454335,1.0,0.0,0.0,0.0,0.0,0.0,0.0,0.3596535402459852,0.33170900132972747,0.4951074035489001,0.6137144280364737,2.395606620823322,2.93092209903989,2.7552601610693075,3.333831897180062,0.3596535402459852,0.4951074035489001,/home/aaa/data/qj/stable-baselines3-master/risk_curriculum_metadrive/outputs/ijmlc_p2_external_baselines/rcpo_lagrangian_1m_nenv16/rcpo_lagrangian_ppo_s2/config.json,/home/aaa/data/qj/stable-baselines3-master/risk_curriculum_metadrive/outputs/ijmlc_p2_external_baselines/rcpo_lagrangian_1m_nenv16/rcpo_lagrangian_ppo_s2/model/final_model.zip
rcpo_lagrangian,external_safe_rl,rcpo_lagrangian,ppo,2,none,0.2,20000,20016,16,0.0,1.0,0.15365738144547053,1.0,1.0,0.0,0.0,95.0,50.9589507520682,10.03919681939822,40.44787348756012,49.531383495501046,10.88929254145985,0.0,1.0,0.15365738144547053,105.488706255205,1.5942312862397032,0.5729572513908736,0.13623074855041187,1.0,0.0,0.0,0.0,0.0,0.0,0.0,0.48519302064577413,0.46231900341808796,0.6404526968253776,0.6929760292405265,5.289296904045745,6.245935101469513,5.77448992469152,6.862756890768651,0.48519302064577413,0.6404526968253776,/home/aaa/data/qj/stable-baselines3-master/risk_curriculum_metadrive/outputs/ijmlc_p2_external_baselines/rcpo_lagrangian_1m_nenv16/rcpo_lagrangian_ppo_s2/config.json,/home/aaa/data/qj/stable-baselines3-master/risk_curriculum_metadrive/outputs/ijmlc_p2_external_baselines/rcpo_lagrangian_1m_nenv16/rcpo_lagrangian_ppo_s2/model/final_model.zip
rcpo_lagrangian,external_safe_rl,rcpo_lagrangian,ppo,2,none,0.2,20000,20017,17,0.0,1.0,0.17912756824355605,1.0,1.0,0.0,0.0,131.0,56.50166761601301,13.524660855313186,29.783462161771283,34.055783015944975,13.536728426981355,0.007633587786259542,1.0,0.17912756824355605,107.71447889376837,2.1411963407010246,0.909704686956485,0.08170480340050504,0.8888888888888888,0.0,0.0,0.0,0.0,0.0,0.0,0.4615919462996997,0.43989799451082945,0.6430260036722757,0.6678735007881186,4.391940686503383,5.180363994440995,4.853532632803082,5.682403498212807,0.4615919462996997,0.6430260036722757,/home/aaa/data/qj/stable-baselines3-master/risk_curriculum_metadrive/outputs/ijmlc_p2_external_baselines/rcpo_lagrangian_1m_nenv16/rcpo_lagrangian_ppo_s2/config.json,/home/aaa/data/qj/stable-baselines3-master/risk_curriculum_metadrive/outputs/ijmlc_p2_external_baselines/rcpo_lagrangian_1m_nenv16/rcpo_lagrangian_ppo_s2/model/final_model.zip
rcpo_lagrangian,external_safe_rl,rcpo_lagrangian,ppo,2,none,0.2,20000,20018,18,0.0,1.0,0.16143396900598578,1.0,1.0,0.0,0.0,121.0,96.65627546173894,33.12115680104908,36.90976563105774,41.97982098029358,13.443864064532972,0.0,1.0,0.16143396900598578,122.88681165471729,2.202563639210817,0.4459965446791433,0.08322951156066989,1.0,0.0,0.0,0.0,0.0,0.0,0.0,0.43331977705883,0.41839800542220473,0.6098379963077605,0.6943307991605252,5.761949793211461,9.707856996101327,6.195269570270291,10.242727003060281,0.43331977705883,0.6098379963077605,/home/aaa/data/qj/stable-baselines3-master/risk_curriculum_metadrive/outputs/ijmlc_p2_external_baselines/rcpo_lagrangian_1m_nenv16/rcpo_lagrangian_ppo_s2/config.json,/home/aaa/data/qj/stable-baselines3-master/risk_curriculum_metadrive/outputs/ijmlc_p2_external_baselines/rcpo_lagrangian_1m_nenv16/rcpo_lagrangian_ppo_s2/model/final_model.zip
rcpo_lagrangian,external_safe_rl,rcpo_lagrangian,ppo,2,none,0.2,20000,20019,19,0.0,1.0,0.30184462004145474,1.0,1.0,0.0,0.0,178.0,69.14983368803836,23.530255445262792,36.409521798364786,39.50652279231268,15.625007439567312,0.0056179775280898875,0.0,0.30184462004145474,178.87346373305806,11.355835226849607,0.6367213121378881,0.11458053905411579,0.47191011235955055,0.0,0.0,0.0,0.0,0.0,0.0,0.4552507694068972,0.4285440008970909,0.6271570942772087,0.7174148412013889,4.420864792132562,5.524403898743922,4.876115561539459,5.963699401763744,0.4552507694068972,0.6271570942772087,/home/aaa/data/qj/stable-baselines3-master/risk_curriculum_metadrive/outputs/ijmlc_p2_external_baselines/rcpo_lagrangian_1m_nenv16/rcpo_lagrangian_ppo_s2/config.json,/home/aaa/data/qj/stable-baselines3-master/risk_curriculum_metadrive/outputs/ijmlc_p2_external_baselines/rcpo_lagrangian_1m_nenv16/rcpo_lagrangian_ppo_s2/model/final_model.zip
rcpo_lagrangian,external_safe_rl,rcpo_lagrangian,ppo,2,none,0.25,10000,10000,0,0.0,1.0,0.296404112182381,1.0,1.0,0.0,0.0,138.0,67.58714855606098,22.635697643501942,42.13508891908935,46.773536763396834,15.713323248920972,0.0,0.0,0.296404112182381,160.33327782183622,9.423802864361164,0.039055363831884876,0.18036701546799278,0.5970149253731343,0.0,0.0,0.0,0.0,0.0,0.0,0.48779291345440934,0.4716580006061122,0.6587068477529102,0.7270398132095578,7.570807202537781,11.77866549405735,8.05860011599219,12.291531102528097,0.48779291345440934,0.6587068477529102,/home/aaa/data/qj/stable-baselines3-master/risk_curriculum_metadrive/outputs/ijmlc_p2_external_baselines/rcpo_lagrangian_1m_nenv16/rcpo_lagrangian_ppo_s2/config.json,/home/aaa/data/qj/stable-baselines3-master/risk_curriculum_metadrive/outputs/ijmlc_p2_external_baselines/rcpo_lagrangian_1m_nenv16/rcpo_lagrangian_ppo_s2/model/final_model.zip
rcpo_lagrangian,external_safe_rl,rcpo_lagrangian,ppo,2,none,0.25,10000,10001,1,0.0,1.0,0.2648517390530757,1.0,1.0,0.0,0.0,119.0,41.751117862952036,8.771111103068296,41.69943443262165,48.527168220465306,13.42827880175434,0.0,0.0,0.2648517390530757,136.84654585599532,1.2806327938402726,0.04339560458790631,0.14377385838936763,1.0,0.0,0.0,0.0,0.0,0.0,0.0,0.43195031975599457,0.4323409957578406,0.5819733938551508,0.64955227979226,4.502917764764161,5.112829702557065,4.934868084520156,5.6038749069557525,0.43195031975599457,0.5819733938551508,/home/aaa/data/qj/stable-baselines3-master/risk_curriculum_metadrive/outputs/ijmlc_p2_external_baselines/rcpo_lagrangian_1m_nenv16/rcpo_lagrangian_ppo_s2/config.json,/home/aaa/data/qj/stable-baselines3-master/risk_curriculum_metadrive/outputs/ijmlc_p2_external_baselines/rcpo_lagrangian_1m_nenv16/rcpo_lagrangian_ppo_s2/model/final_model.zip
rcpo_lagrangian,external_safe_rl,rcpo_lagrangian,ppo,2,none,0.25,10000,10002,2,0.0,1.0,0.1204779681177646,1.0,1.0,0.0,0.0,68.0,48.23513996521204,7.68190902613896,33.85985465910068,35.762276427193996,8.173700820816583,0.0,1.0,0.1204779681177646,62.775545149866396,12.275017453330301,0.39741721982293665,0.2864276137297405,0.5384615384615384,0.0,0.0,0.0,0.0,0.0,0.0,0.49377117680063853,0.47320700832642615,0.6576153973583132,0.7337690456188283,6.04514588292873,6.9283571996493265,6.538917059729369,7.494631902955007,0.49377117680063853,0.6576153973583132,/home/aaa/data/qj/stable-baselines3-master/risk_curriculum_metadrive/outputs/ijmlc_p2_external_baselines/rcpo_lagrangian_1m_nenv16/rcpo_lagrangian_ppo_s2/config.json,/home/aaa/data/qj/stable-baselines3-master/risk_curriculum_metadrive/outputs/ijmlc_p2_external_baselines/rcpo_lagrangian_1m_nenv16/rcpo_lagrangian_ppo_s2/model/final_model.zip
rcpo_lagrangian,external_safe_rl,rcpo_lagrangian,ppo,2,none,0.25,10000,10003,3,0.0,1.0,0.11187827162150635,1.0,1.0,0.0,0.0,57.0,18.0352947191297,-7.6760044917899535,31.02907602018963,31.280603878682438,7.0433967309622245,0.0,1.0,0.11187827162150635,48.235178252797084,11.660109643300238,0.3975831333500938,0.27809890239181606,0.6904761904761905,0.0,0.0,0.0,0.0,0.0,0.0,0.3916495798764293,0.38606599264312536,0.5254137970041479,0.7060832798015322,2.7103887545659715,2.9468050022842363,3.1020383344424007,3.374814198468812,0.3916495798764293,0.5254137970041479,/home/aaa/data/qj/stable-baselines3-master/risk_curriculum_metadrive/outputs/ijmlc_p2_external_baselines/rcpo_lagrangian_1m_nenv16/rcpo_lagrangian_ppo_s2/config.json,/home/aaa/data/qj/stable-baselines3-master/risk_curriculum_metadrive/outputs/ijmlc_p2_external_baselines/rcpo_lagrangian_1m_nenv16/rcpo_lagrangian_ppo_s2/model/final_model.zip
rcpo_lagrangian,external_safe_rl,rcpo_lagrangian,ppo,2,none,0.25,10000,10004,4,0.0,1.0,0.16237718012779528,1.0,1.0,0.0,0.0,91.0,33.17091497635691,1.3567728920123265,35.48940575775073,36.35440478058734,9.334845698354954,0.0,1.0,0.16237718012779528,88.38050576199593,7.3454699184139445,0.3746012917628787,0.11721082755887782,0.43103448275862066,0.0,0.0,0.0,0.0,0.0,0.0,0.47775176990199014,0.4522929957602173,0.6384724983945489,0.6938300881301981,5.375293319677719,7.691484002862126,5.85304508957971,8.176744500815403,0.47775176990199014,0.6384724983945489,/home/aaa/data/qj/stable-baselines3-master/risk_curriculum_metadrive/outputs/ijmlc_p2_external_baselines/rcpo_lagrangian_1m_nenv16/rcpo_lagrangian_ppo_s2/config.json,/home/aaa/data/qj/stable-baselines3-master/risk_curriculum_metadrive/outputs/ijmlc_p2_external_baselines/rcpo_lagrangian_1m_nenv16/rcpo_lagrangian_ppo_s2/model/final_model.zip
rcpo_lagrangian,external_safe_rl,rcpo_lagrangian,ppo,2,none,0.25,10000,10005,5,0.0,1.0,0.1317964173997424,1.0,1.0,0.0,0.0,67.0,46.69200157281614,7.249893308400345,33.221132348663765,35.44155996315523,8.419894576500475,0.0,1.0,0.1317964173997424,60.85915380957696,10.092570959518698,0.6017794878614493,0.26136727429283496,0.582089552238806,0.0,0.0,0.0,0.0,0.0,0.0,0.42339216300057,0.4165519931120798,0.5221448023803531,0.6702528201276439,4.765326732338698,5.745381297310814,5.188718895339268,6.144708591455128,0.42339216300057,0.5221448023803531,/home/aaa/data/qj/stable-baselines3-master/risk_curriculum_metadrive/outputs/ijmlc_p2_external_baselines/rcpo_lagrangian_1m_nenv16/rcpo_lagrangian_ppo_s2/config.json,/home/aaa/data/qj/stable-baselines3-master/risk_curriculum_metadrive/outputs/ijmlc_p2_external_baselines/rcpo_lagrangian_1m_nenv16/rcpo_lagrangian_ppo_s2/model/final_model.zip
rcpo_lagrangian,external_safe_rl,rcpo_lagrangian,ppo,2,none,0.25,10000,10006,6,0.0,1.0,0.2226286000424797,1.0,1.0,0.0,0.0,118.0,41.4245239378187,7.341119970183733,41.86464992233034,48.9188401989887,13.89016412874785,0.0,0.0,0.2226286000424797,136.11523789804303,9.401704082920773,0.6213892804843194,0.17638411060070197,0.7924528301886793,0.0,0.0,0.0,0.0,0.0,0.0,0.43314743182282517,0.41855900053633377,0.6238000511075368,0.6987861804373097,4.242142965653082,5.244608797511319,4.675290397475908,5.782599891972495,0.43314743182282517,0.6238000511075368,/home/aaa/data/qj/stable-baselines3-master/risk_curriculum_metadrive/outputs/ijmlc_p2_external_baselines/rcpo_lagrangian_1m_nenv16/rcpo_lagrangian_ppo_s2/config.json,/home/aaa/data/qj/stable-baselines3-master/risk_curriculum_metadrive/outputs/ijmlc_p2_external_baselines/rcpo_lagrangian_1m_nenv16/rcpo_lagrangian_ppo_s2/model/final_model.zip
rcpo_lagrangian,external_safe_rl,rcpo_lagrangian,ppo,2,none,0.25,10000,10007,7,0.0,1.0,0.06828943245877263,1.0,1.0,0.0,0.0,64.0,18.064600809365892,-9.019016621553874,30.21335294189013,31.93314807293865,6.765895497114876,0.015625,1.0,0.06828943245877263,52.60321368007709,12.659203280439751,0.011016482113104775,0.2316453849187463,0.6470588235294118,0.0,0.0,0.0,0.0,0.0,0.0,0.5571013753069565,0.5130685094627552,0.740765795490006,0.8467661991016939,7.08273742293386,8.093528601602884,7.639838798240817,8.679804658459034,0.5571013753069565,0.740765795490006,/home/aaa/data/qj/stable-baselines3-master/risk_curriculum_metadrive/outputs/ijmlc_p2_external_baselines/rcpo_lagrangian_1m_nenv16/rcpo_lagrangian_ppo_s2/config.json,/home/aaa/data/qj/stable-baselines3-master/risk_curriculum_metadrive/outputs/ijmlc_p2_external_baselines/rcpo_lagrangian_1m_nenv16/rcpo_lagrangian_ppo_s2/model/final_model.zip
rcpo_lagrangian,external_safe_rl,rcpo_lagrangian,ppo,2,none,0.25,10000,10008,8,0.0,1.0,0.16271419040424842,1.0,1.0,0.0,0.0,80.0,44.44571896722298,7.054285195738949,35.65248251777822,41.576999839769066,9.243738648837853,0.0,1.0,0.16271419040424842,78.10000245938215,15.492949943123635,0.7869800531879384,0.12124150315637965,0.45454545454545453,0.0,0.0,0.0,0.0,0.0,0.0,0.45227437549328897,0.408524509111885,0.6509569015179294,0.7805513699713601,3.151487425020605,3.529082546447171,3.603761800513894,4.008121743390802,0.45227437549328897,0.6509569015179294,/home/aaa/data/qj/stable-baselines3-master/risk_curriculum_metadrive/outputs/ijmlc_p2_external_baselines/rcpo_lagrangian_1m_nenv16/rcpo_lagrangian_ppo_s2/config.json,/home/aaa/data/qj/stable-baselines3-master/risk_curriculum_metadrive/outputs/ijmlc_p2_external_baselines/rcpo_lagrangian_1m_nenv16/rcpo_lagrangian_ppo_s2/model/final_model.zip
rcpo_lagrangian,external_safe_rl,rcpo_lagrangian,ppo,2,none,0.25,10000,10009,9,0.0,1.0,0.33389339454227546,1.0,1.0,0.0,0.0,163.0,53.957560277443115,16.89558197498983,35.07300752417289,40.50312620670686,17.074395836769874,0.006134969325153374,0.0,0.33389339454227546,157.8379543419467,11.233565135754967,0.0031936800184751888,0.13908873016587617,0.5538461538461539,0.0,0.0,0.0,0.0,0.0,0.0,0.5305088720637219,0.5335210007615387,0.6598254083655775,0.8108926660497666,4.628278563967535,5.352931801462546,5.158787436031257,5.967828595021274,0.5305088720637219,0.6598254083655775,/home/aaa/data/qj/stable-baselines3-master/risk_curriculum_metadrive/outputs/ijmlc_p2_external_baselines/rcpo_lagrangian_1m_nenv16/rcpo_lagrangian_ppo_s2/config.json,/home/aaa/data/qj/stable-baselines3-master/risk_curriculum_metadrive/outputs/ijmlc_p2_external_baselines/rcpo_lagrangian_1m_nenv16/rcpo_lagrangian_ppo_s2/model/final_model.zip
rcpo_lagrangian,external_safe_rl,rcpo_lagrangian,ppo,2,none,0.25,10000,10010,10,0.0,1.0,0.097079835484038,1.0,1.0,0.0,0.0,62.0,26.510588732320258,-3.9323105693187266,30.59199669531866,31.25604035222986,7.0819370853673975,0.016129032258064516,1.0,0.097079835484038,51.490937914132836,13.734244682415161,0.3671216986421575,0.27713613657290653,0.5161290322580645,0.0,0.0,0.0,0.0,0.0,0.0,0.39824704764478447,0.3944755080738105,0.5111092898005154,0.5761949309089687,5.676630032417785,6.453245601005619,6.07487708006257,6.959604639996542,0.39824704764478447,0.5111092898005154,/home/aaa/data/qj/stable-baselines3-master/risk_curriculum_metadrive/outputs/ijmlc_p2_external_baselines/rcpo_lagrangian_1m_nenv16/rcpo_lagrangian_ppo_s2/config.json,/home/aaa/data/qj/stable-baselines3-master/risk_curriculum_metadrive/outputs/ijmlc_p2_external_baselines/rcpo_lagrangian_1m_nenv16/rcpo_lagrangian_ppo_s2/model/final_model.zip
rcpo_lagrangian,external_safe_rl,rcpo_lagrangian,ppo,2,none,0.25,10000,10011,11,0.0,1.0,0.1587510236821905,1.0,1.0,0.0,0.0,90.0,36.0199618333126,2.6725116271220166,37.22452560219544,43.08421757811937,10.116855366381916,0.011111111111111112,1.0,0.1587510236821905,91.84422072042881,4.386921666145386,0.588497645311622,0.20414444213848254,0.5818181818181818,0.0,0.0,0.0,0.0,0.0,0.0,0.43174112134794185,0.41866199899232015,0.6042467073712032,0.6629839129163884,6.429292511084997,7.575833699229406,6.861033632432939,8.02935571045964,0.43174112134794185,0.6042467073712032,/home/aaa/data/qj/stable-baselines3-master/risk_curriculum_metadrive/outputs/ijmlc_p2_external_baselines/rcpo_lagrangian_1m_nenv16/rcpo_lagrangian_ppo_s2/config.json,/home/aaa/data/qj/stable-baselines3-master/risk_curriculum_metadrive/outputs/ijmlc_p2_external_baselines/rcpo_lagrangian_1m_nenv16/rcpo_lagrangian_ppo_s2/model/final_model.zip
rcpo_lagrangian,external_safe_rl,rcpo_lagrangian,ppo,2,none,0.25,10000,10012,12,0.0,1.0,0.17868270535556224,0.0,0.0,0.0,1.0,83.0,39.58604273811816,5.10350252972594,34.370849782030234,40.62769197850185,9.630837109498833,0.0,1.0,0.17868270535556224,78.32450810777127,2.746845517809475,2.6859554665100847,0.010858575817785664,1.0,0.0,0.0,0.0,0.0,0.0,0.0,0.38440263877813535,0.38495101034641266,0.5038580944528803,0.5670822816318826,2.859472639890982,3.5592465981608252,3.2438752786691176,4.006901296088472,0.38440263877813535,0.5038580944528803,/home/aaa/data/qj/stable-baselines3-master/risk_curriculum_metadrive/outputs/ijmlc_p2_external_baselines/rcpo_lagrangian_1m_nenv16/rcpo_lagrangian_ppo_s2/config.json,/home/aaa/data/qj/stable-baselines3-master/risk_curriculum_metadrive/outputs/ijmlc_p2_external_baselines/rcpo_lagrangian_1m_nenv16/rcpo_lagrangian_ppo_s2/model/final_model.zip
rcpo_lagrangian,external_safe_rl,rcpo_lagrangian,ppo,2,none,0.25,10000,10013,13,0.0,1.0,0.18222129893823535,0.0,0.0,0.0,1.0,116.0,21.058164945038975,-4.104278559333455,36.253537089593266,38.224737781827564,12.891933574198852,0.008620689655172414,1.0,0.18222129893823535,116.00415867020506,2.9048255516342505,2.62009116457467,0.025286588169931457,1.0,0.0,0.0,0.0,0.0,0.0,0.0,0.3916481036867481,0.3791665003518574,0.5349095081328414,0.6393468975147697,4.686268534991039,6.029575495631434,5.077916638677787,6.446077502914704,0.3916481036867481,0.5349095081328414,/home/aaa/data/qj/stable-baselines3-master/risk_curriculum_metadrive/outputs/ijmlc_p2_external_baselines/rcpo_lagrangian_1m_nenv16/rcpo_lagrangian_ppo_s2/config.json,/home/aaa/data/qj/stable-baselines3-master/risk_curriculum_metadrive/outputs/ijmlc_p2_external_baselines/rcpo_lagrangian_1m_nenv16/rcpo_lagrangian_ppo_s2/model/final_model.zip
rcpo_lagrangian,external_safe_rl,rcpo_lagrangian,ppo,2,none,0.25,10000,10014,14,0.0,1.0,0.1430287268090794,1.0,1.0,0.0,0.0,123.0,46.71252689313751,7.547125250841148,35.688072753481535,38.76492839492569,13.511009749671222,0.008130081300813009,1.0,0.1430287268090794,121.31282715015702,4.688917611542225,0.672929962766249,0.11893765564897232,0.9642857142857143,0.0,0.0,0.0,0.0,0.0,0.0,0.45686114683077195,0.44531399908009917,0.6236500936211086,0.6926968978950755,8.31353742268686,9.757125408214051,8.770398569517633,10.300114906567615,0.45686114683077195,0.6236500936211086,/home/aaa/data/qj/stable-baselines3-master/risk_curriculum_metadrive/outputs/ijmlc_p2_external_baselines/rcpo_lagrangian_1m_nenv16/rcpo_lagrangian_ppo_s2/config.json,/home/aaa/data/qj/stable-baselines3-master/risk_curriculum_metadrive/outputs/ijmlc_p2_external_baselines/rcpo_lagrangian_1m_nenv16/rcpo_lagrangian_ppo_s2/model/final_model.zip
rcpo_lagrangian,external_safe_rl,rcpo_lagrangian,ppo,2,none,0.25,10000,10015,15,0.0,1.0,0.23007118035839794,1.0,1.0,0.0,0.0,136.0,56.58189716319889,15.093083992351364,43.43757006075706,48.02898399510951,14.784851202875858,0.007352941176470588,0.0,0.23007118035839794,162.54187978358524,8.992261708490982,0.02446333510541777,0.30162296258467913,0.6736842105263158,0.0,0.0,0.0,0.0,0.0,0.0,0.4494319188833127,0.4164359997957945,0.6213252418092452,0.6707915978040547,5.42378455889668,6.50518274778733,5.873216477779994,7.111847498890711,0.4494319188833127,0.6213252418092452,/home/aaa/data/qj/stable-baselines3-master/risk_curriculum_metadrive/outputs/ijmlc_p2_external_baselines/rcpo_lagrangian_1m_nenv16/rcpo_lagrangian_ppo_s2/config.json,/home/aaa/data/qj/stable-baselines3-master/risk_curriculum_metadrive/outputs/ijmlc_p2_external_baselines/rcpo_lagrangian_1m_nenv16/rcpo_lagrangian_ppo_s2/model/final_model.zip
rcpo_lagrangian,external_safe_rl,rcpo_lagrangian,ppo,2,none,0.25,10000,10016,16,0.0,1.0,0.30938056952319265,0.0,0.0,0.0,1.0,138.0,100.77800075884815,39.57041746511989,41.90168597971217,47.11928962467955,14.519030892449646,0.007246376811594203,0.0,0.30938056952319265,159.77327915472097,,,0.0,0.0,0.0,0.0,0.0,0.0,0.0,0.0,0.34798750077269675,0.3251870002713986,0.4447357474418823,0.5234733343240804,4.395634500078682,5.312343352852622,4.743622000851378,5.642927358712768,0.34798750077269675,0.4447357474418823,/home/aaa/data/qj/stable-baselines3-master/risk_curriculum_metadrive/outputs/ijmlc_p2_external_baselines/rcpo_lagrangian_1m_nenv16/rcpo_lagrangian_ppo_s2/config.json,/home/aaa/data/qj/stable-baselines3-master/risk_curriculum_metadrive/outputs/ijmlc_p2_external_baselines/rcpo_lagrangian_1m_nenv16/rcpo_lagrangian_ppo_s2/model/final_model.zip
rcpo_lagrangian,external_safe_rl,rcpo_lagrangian,ppo,2,none,0.25,10000,10017,17,0.0,1.0,0.07776915274943445,1.0,1.0,0.0,0.0,67.0,13.685812705428233,-10.924019064802852,31.40794164129735,34.01959770109184,7.487065395291749,0.014925373134328358,1.0,0.07776915274943445,57.33299853481536,11.271691924701491,0.5242782119338376,0.28783647492671005,0.782608695652174,0.0,0.0,0.0,0.0,0.0,0.0,0.3532731643645093,0.3322970005683601,0.4780715986271387,0.601953844598029,7.603815164019132,9.123817697400227,7.957088328383641,9.465891396394,0.3532731643645093,0.4780715986271387,/home/aaa/data/qj/stable-baselines3-master/risk_curriculum_metadrive/outputs/ijmlc_p2_external_baselines/rcpo_lagrangian_1m_nenv16/rcpo_lagrangian_ppo_s2/config.json,/home/aaa/data/qj/stable-baselines3-master/risk_curriculum_metadrive/outputs/ijmlc_p2_external_baselines/rcpo_lagrangian_1m_nenv16/rcpo_lagrangian_ppo_s2/model/final_model.zip
rcpo_lagrangian,external_safe_rl,rcpo_lagrangian,ppo,2,none,0.25,10000,10018,18,0.0,1.0,0.11463129274037111,1.0,1.0,0.0,0.0,57.0,9.478742004659743,-11.87169021545899,29.78645109196625,29.3491237624024,6.738820930562255,0.0,1.0,0.11463129274037111,46.42684572659039,12.381503271919165,0.4572650182275683,0.28787883343361,0.6888888888888889,0.0,0.0,0.0,0.0,0.0,0.0,0.33270368294324726,0.3226670087315142,0.35940999223384995,0.5893870780710129,4.941626018415646,6.064436401356943,5.2743297013588935,6.4104188029887155,0.33270368294324726,0.35940999223384995,/home/aaa/data/qj/stable-baselines3-master/risk_curriculum_metadrive/outputs/ijmlc_p2_external_baselines/rcpo_lagrangian_1m_nenv16/rcpo_lagrangian_ppo_s2/config.json,/home/aaa/data/qj/stable-baselines3-master/risk_curriculum_metadrive/outputs/ijmlc_p2_external_baselines/rcpo_lagrangian_1m_nenv16/rcpo_lagrangian_ppo_s2/model/final_model.zip
rcpo_lagrangian,external_safe_rl,rcpo_lagrangian,ppo,2,none,0.25,10000,10019,19,0.0,1.0,0.08759009033598947,1.0,1.0,0.0,0.0,87.0,21.20336240813195,-6.870616085854341,25.53346482751668,24.84564794740804,8.757389774568017,0.0,1.0,0.08759009033598947,61.24546471740153,1.5912506201264571,0.35325805086809636,0.17239652036142056,1.0,0.0,0.0,0.0,0.0,0.0,0.0,0.33487627602546294,0.32220401044469327,0.3543894985341467,0.6532009324291722,4.84120020734537,5.932992494490463,5.176076483370832,6.257976598863024,0.33487627602546294,0.3543894985341467,/home/aaa/data/qj/stable-baselines3-master/risk_curriculum_metadrive/outputs/ijmlc_p2_external_baselines/rcpo_lagrangian_1m_nenv16/rcpo_lagrangian_ppo_s2/config.json,/home/aaa/data/qj/stable-baselines3-master/risk_curriculum_metadrive/outputs/ijmlc_p2_external_baselines/rcpo_lagrangian_1m_nenv16/rcpo_lagrangian_ppo_s2/model/final_model.zip
rcpo_lagrangian,external_safe_rl,rcpo_lagrangian,ppo,2,none,0.25,20000,20000,0,0.0,1.0,0.1683271608030324,1.0,1.0,0.0,0.0,63.0,22.68347074127867,-3.658449805269697,32.12098568891547,33.52971343536829,7.51207443299369,0.0,1.0,0.1683271608030324,55.19708484932718,10.615266415467746,0.6198399160336563,0.28464240248851574,0.6730769230769231,0.0,0.0,0.0,0.0,0.0,0.0,0.3190423169779399,0.3126189985778183,0.33356530038872734,0.4698206522152766,2.498774556443095,3.6322209096397273,2.817816873421035,3.965252909983974,0.3190423169779399,0.33356530038872734,/home/aaa/data/qj/stable-baselines3-master/risk_curriculum_metadrive/outputs/ijmlc_p2_external_baselines/rcpo_lagrangian_1m_nenv16/rcpo_lagrangian_ppo_s2/config.json,/home/aaa/data/qj/stable-baselines3-master/risk_curriculum_metadrive/outputs/ijmlc_p2_external_baselines/rcpo_lagrangian_1m_nenv16/rcpo_lagrangian_ppo_s2/model/final_model.zip
rcpo_lagrangian,external_safe_rl,rcpo_lagrangian,ppo,2,none,0.25,20000,20001,1,0.0,1.0,0.19908521682583294,1.0,1.0,0.0,0.0,105.0,24.4285675937156,-1.9131596983672061,33.45609426781829,39.00196689200652,10.78000640434318,0.009523809523809525,1.0,0.19908521682583294,96.60435684199766,11.043608644607163,0.4036958725686292,0.2804503254563178,0.726027397260274,0.0,0.0,0.0,0.0,0.0,0.0,0.31863645625500275,0.3137890016660094,0.34907639492303133,0.4540891974465918,3.7297088672251753,4.280210996512324,4.048345323480178,4.601043605362065,0.31863645625500275,0.34907639492303133,/home/aaa/data/qj/stable-baselines3-master/risk_curriculum_metadrive/outputs/ijmlc_p2_external_baselines/rcpo_lagrangian_1m_nenv16/rcpo_lagrangian_ppo_s2/config.json,/home/aaa/data/qj/stable-baselines3-master/risk_curriculum_metadrive/outputs/ijmlc_p2_external_baselines/rcpo_lagrangian_1m_nenv16/rcpo_lagrangian_ppo_s2/model/final_model.zip
rcpo_lagrangian,external_safe_rl,rcpo_lagrangian,ppo,2,none,0.25,20000,20002,2,0.0,1.0,0.151801927584399,1.0,1.0,0.0,0.0,71.0,26.639976058499762,-2.1759541432181493,35.73493009261519,37.169827293016944,8.259313164257854,0.0,1.0,0.151801927584399,69.24789080627598,0.25124034129179795,0.22982299352637536,0.02675357554201804,1.0,0.0,0.0,0.0,0.0,0.0,0.0,0.32974263381796665,0.3204200038453564,0.36733749584527686,0.526853693008888,3.9270890702027828,4.838505505176727,4.256831704020749,5.166702008864377,0.32974263381796665,0.36733749584527686,/home/aaa/data/qj/stable-baselines3-master/risk_curriculum_metadrive/outputs/ijmlc_p2_external_baselines/rcpo_lagrangian_1m_nenv16/rcpo_lagrangian_ppo_s2/config.json,/home/aaa/data/qj/stable-baselines3-master/risk_curriculum_metadrive/outputs/ijmlc_p2_external_baselines/rcpo_lagrangian_1m_nenv16/rcpo_lagrangian_ppo_s2/model/final_model.zip
rcpo_lagrangian,external_safe_rl,rcpo_lagrangian,ppo,2,none,0.25,20000,20003,3,0.0,1.0,0.2563924334675405,1.0,1.0,0.0,0.0,137.0,72.57963644886004,23.931591228456252,45.53805151469949,55.43792226570837,14.885773599106079,0.0,0.0,0.2563924334675405,172.6795979202799,9.574581832060783,0.03728796296175155,0.2281691160565143,0.6039603960396039,0.0,0.0,0.0,0.0,0.0,0.0,0.3379397157980741,0.3221910010324791,0.3837470023427158,0.617418799083679,6.351503955895407,9.670691407518461,6.689443671693482,10.051603411557153,0.3379397157980741,0.3837470023427158,/home/aaa/data/qj/stable-baselines3-master/risk_curriculum_metadrive/outputs/ijmlc_p2_external_baselines/rcpo_lagrangian_1m_nenv16/rcpo_lagrangian_ppo_s2/config.json,/home/aaa/data/qj/stable-baselines3-master/risk_curriculum_metadrive/outputs/ijmlc_p2_external_baselines/rcpo_lagrangian_1m_nenv16/rcpo_lagrangian_ppo_s2/model/final_model.zip
rcpo_lagrangian,external_safe_rl,rcpo_lagrangian,ppo,2,none,0.25,20000,20004,4,0.0,1.0,0.1547626510997232,1.0,1.0,0.0,0.0,74.0,31.71235754087536,0.44905830342937136,36.90119133662434,37.89498091013161,8.415047900524971,0.0,1.0,0.1547626510997232,74.33563709973421,10.6862571179338,0.3229206354993062,0.20131661120920946,0.5084745762711864,0.0,0.0,0.0,0.0,0.0,0.0,0.33630502691045655,0.3155249942210503,0.3619652969064189,0.8194311283295947,3.543877714184566,4.161651893082308,3.8801827410950223,4.521787090197904,0.33630502691045655,0.3619652969064189,/home/aaa/data/qj/stable-baselines3-master/risk_curriculum_metadrive/outputs/ijmlc_p2_external_baselines/rcpo_lagrangian_1m_nenv16/rcpo_lagrangian_ppo_s2/config.json,/home/aaa/data/qj/stable-baselines3-master/risk_curriculum_metadrive/outputs/ijmlc_p2_external_baselines/rcpo_lagrangian_1m_nenv16/rcpo_lagrangian_ppo_s2/model/final_model.zip
rcpo_lagrangian,external_safe_rl,rcpo_lagrangian,ppo,2,none,0.25,20000,20005,5,0.0,1.0,0.13935584775660143,1.0,1.0,0.0,0.0,80.0,23.48406286896042,-4.177293132821756,35.18376263641339,38.59170618013508,8.373908128788505,0.0125,1.0,0.13935584775660143,76.96923627548205,11.555235650764761,0.15113316485295006,0.2963661291097071,0.6417910447761194,0.0,0.0,0.0,0.0,0.0,0.0,0.34726064950518776,0.3262544996687211,0.4001010056526866,0.7291747238195926,6.9354834502519225,8.363260007172357,7.28274409975711,8.723947614635108,0.34726064950518776,0.4001010056526866,/home/aaa/data/qj/stable-baselines3-master/risk_curriculum_metadrive/outputs/ijmlc_p2_external_baselines/rcpo_lagrangian_1m_nenv16/rcpo_lagrangian_ppo_s2/config.json,/home/aaa/data/qj/stable-baselines3-master/risk_curriculum_metadrive/outputs/ijmlc_p2_external_baselines/rcpo_lagrangian_1m_nenv16/rcpo_lagrangian_ppo_s2/model/final_model.zip
rcpo_lagrangian,external_safe_rl,rcpo_lagrangian,ppo,2,none,0.25,20000,20006,6,0.0,1.0,0.11296893357441422,0.0,0.0,0.0,1.0,74.0,25.690933702770117,-3.8654651413825185,31.989968740587337,33.71400664297961,8.070295081435097,0.013513513513513514,1.0,0.11296893357441422,64.7053953806603,5.059462501958792,5.059462501958792,0.0,0.0,0.0,0.0,0.0,0.0,0.0,0.0,0.33851422985380114,0.3216144978068769,0.35834514783346094,0.7691283992608049,4.184361405448825,5.295663504512049,4.522875635302626,5.613328148319852,0.33851422985380114,0.35834514783346094,/home/aaa/data/qj/stable-baselines3-master/risk_curriculum_metadrive/outputs/ijmlc_p2_external_baselines/rcpo_lagrangian_1m_nenv16/rcpo_lagrangian_ppo_s2/config.json,/home/aaa/data/qj/stable-baselines3-master/risk_curriculum_metadrive/outputs/ijmlc_p2_external_baselines/rcpo_lagrangian_1m_nenv16/rcpo_lagrangian_ppo_s2/model/final_model.zip
rcpo_lagrangian,external_safe_rl,rcpo_lagrangian,ppo,2,none,0.25,20000,20007,7,0.0,1.0,0.10841706194466906,1.0,1.0,0.0,0.0,55.0,14.610463934277004,-9.492256174521438,29.034687443582754,29.08111755353936,6.862633147786397,0.0,1.0,0.10841706194466906,43.41902213179753,11.970703155767561,0.4131075276293645,0.2893280617277944,0.6444444444444445,0.0,0.0,0.0,0.0,0.0,0.0,0.34146578082899476,0.31979099730961025,0.3691449019243009,0.8416697368375029,3.222255290761082,3.7767891044495627,3.5637210715900767,4.101272702973802,0.34146578082899476,0.3691449019243009,/home/aaa/data/qj/stable-baselines3-master/risk_curriculum_metadrive/outputs/ijmlc_p2_external_baselines/rcpo_lagrangian_1m_nenv16/rcpo_lagrangian_ppo_s2/config.json,/home/aaa/data/qj/stable-baselines3-master/risk_curriculum_metadrive/outputs/ijmlc_p2_external_baselines/rcpo_lagrangian_1m_nenv16/rcpo_lagrangian_ppo_s2/model/final_model.zip
rcpo_lagrangian,external_safe_rl,rcpo_lagrangian,ppo,2,none,0.25,20000,20008,8,0.0,1.0,0.18201530066540783,1.0,1.0,0.0,0.0,126.0,61.987873905947936,16.354395972936217,35.26577415914298,42.72410403647203,13.111291768855269,0.007936507936507936,1.0,0.18201530066540783,122.31320518355025,11.74815999877808,0.031862473655264935,0.1683573914200449,0.8269230769230769,0.0,0.0,0.0,0.0,0.0,0.0,0.3347944130793968,0.32598750840406865,0.3743524976016488,0.5159349966561422,6.246638611455204,7.010851506493054,6.581433024534601,7.370878494839417,0.3347944130793968,0.3743524976016488,/home/aaa/data/qj/stable-baselines3-master/risk_curriculum_metadrive/outputs/ijmlc_p2_external_baselines/rcpo_lagrangian_1m_nenv16/rcpo_lagrangian_ppo_s2/config.json,/home/aaa/data/qj/stable-baselines3-master/risk_curriculum_metadrive/outputs/ijmlc_p2_external_baselines/rcpo_lagrangian_1m_nenv16/rcpo_lagrangian_ppo_s2/model/final_model.zip
rcpo_lagrangian,external_safe_rl,rcpo_lagrangian,ppo,2,none,0.25,20000,20009,9,0.0,1.0,0.37305265250464514,0.0,0.0,0.0,1.0,125.0,78.525679460134,30.404419305206382,45.79017649565842,54.199429617204736,13.760798981779713,0.0,0.0,0.37305265250464514,157.88695531665232,,,0.0,0.0,0.0,0.0,0.0,0.0,0.0,0.0,0.3350142475683242,0.3234220057493076,0.36417919327504933,0.5682264792267235,4.803096632473171,6.069450595532544,5.138110880041495,6.434215599438176,0.3350142475683242,0.36417919327504933,/home/aaa/data/qj/stable-baselines3-master/risk_curriculum_metadrive/outputs/ijmlc_p2_external_baselines/rcpo_lagrangian_1m_nenv16/rcpo_lagrangian_ppo_s2/config.json,/home/aaa/data/qj/stable-baselines3-master/risk_curriculum_metadrive/outputs/ijmlc_p2_external_baselines/rcpo_lagrangian_1m_nenv16/rcpo_lagrangian_ppo_s2/model/final_model.zip
rcpo_lagrangian,external_safe_rl,rcpo_lagrangian,ppo,2,none,0.25,20000,20010,10,0.0,1.0,0.2851557525876522,1.0,1.0,0.0,0.0,110.0,66.72426294082969,21.866804048044386,41.696702103389526,51.895742954319346,12.159019819842616,0.0,0.0,0.2851557525876522,126.1182997658836,1.8662703906087612,0.27350333690572315,0.15383763537011538,1.0,0.0,0.0,0.0,0.0,0.0,0.0,0.3260821739042347,0.31723450229037553,0.351394744211575,0.46314459657878587,2.4678947091822256,5.379632089898223,2.7939768830864606,5.6999939944944344,0.3260821739042347,0.351394744211575,/home/aaa/data/qj/stable-baselines3-master/risk_curriculum_metadrive/outputs/ijmlc_p2_external_baselines/rcpo_lagrangian_1m_nenv16/rcpo_lagrangian_ppo_s2/config.json,/home/aaa/data/qj/stable-baselines3-master/risk_curriculum_metadrive/outputs/ijmlc_p2_external_baselines/rcpo_lagrangian_1m_nenv16/rcpo_lagrangian_ppo_s2/model/final_model.zip
rcpo_lagrangian,external_safe_rl,rcpo_lagrangian,ppo,2,none,0.25,20000,20011,11,0.0,1.0,0.14199471191762064,1.0,1.0,0.0,0.0,76.0,49.690440395582975,9.055061555320105,35.85518168226193,39.52534172181829,8.8639216488422,0.0,1.0,0.14199471191762064,74.41810502297854,9.450363347829159,0.39223938372574785,0.29084293400668093,0.6376811594202898,0.0,0.0,0.0,0.0,0.0,0.0,0.3416360919608882,0.3315819922136143,0.40215049375547096,0.5093510008009616,8.328068711355291,10.239115999866044,8.66970480331618,10.586807497020345,0.3416360919608882,0.40215049375547096,/home/aaa/data/qj/stable-baselines3-master/risk_curriculum_metadrive/outputs/ijmlc_p2_external_baselines/rcpo_lagrangian_1m_nenv16/rcpo_lagrangian_ppo_s2/config.json,/home/aaa/data/qj/stable-baselines3-master/risk_curriculum_metadrive/outputs/ijmlc_p2_external_baselines/rcpo_lagrangian_1m_nenv16/rcpo_lagrangian_ppo_s2/model/final_model.zip
rcpo_lagrangian,external_safe_rl,rcpo_lagrangian,ppo,2,none,0.25,20000,20012,12,0.0,1.0,0.40278202375270167,1.0,1.0,0.0,0.0,247.0,122.95301516578627,53.45996829547416,32.55350088289445,32.977068094006114,22.842268304286947,0.004048582995951417,0.0,0.40278202375270167,222.7388307616041,3.39101352972291,0.5206217594665411,0.0859485771050567,0.7592592592592593,0.0,0.0,0.0,0.0,0.0,0.0,0.3199800484279276,0.3160259948344901,0.3446803952101618,0.44586003787117057,3.630827372454895,6.247599709604401,3.9508074208828226,6.575789798807818,0.3199800484279276,0.3446803952101618,/home/aaa/data/qj/stable-baselines3-master/risk_curriculum_metadrive/outputs/ijmlc_p2_external_baselines/rcpo_lagrangian_1m_nenv16/rcpo_lagrangian_ppo_s2/config.json,/home/aaa/data/qj/stable-baselines3-master/risk_curriculum_metadrive/outputs/ijmlc_p2_external_baselines/rcpo_lagrangian_1m_nenv16/rcpo_lagrangian_ppo_s2/model/final_model.zip
rcpo_lagrangian,external_safe_rl,rcpo_lagrangian,ppo,2,none,0.25,20000,20013,13,0.0,1.0,0.09472237308124212,1.0,1.0,0.0,0.0,88.0,22.439215901816794,-6.03872085665434,25.914554368245547,22.998984623939066,7.796410052145058,0.011363636363636364,1.0,0.09472237308124212,62.77769854501274,0.8289694097113793,0.2562932747120455,0.13271460969100157,1.0,0.0,0.0,0.0,0.0,0.0,0.0,0.3326805217511719,0.32137900416273624,0.36354469048092136,0.645434391044544,4.238272421306729,4.691141959483502,4.570952943057901,5.000671352172503,0.3326805217511719,0.36354469048092136,/home/aaa/data/qj/stable-baselines3-master/risk_curriculum_metadrive/outputs/ijmlc_p2_external_baselines/rcpo_lagrangian_1m_nenv16/rcpo_lagrangian_ppo_s2/config.json,/home/aaa/data/qj/stable-baselines3-master/risk_curriculum_metadrive/outputs/ijmlc_p2_external_baselines/rcpo_lagrangian_1m_nenv16/rcpo_lagrangian_ppo_s2/model/final_model.zip
rcpo_lagrangian,external_safe_rl,rcpo_lagrangian,ppo,2,none,0.25,20000,20014,14,0.0,1.0,0.15522700856581478,1.0,1.0,0.0,0.0,85.0,33.32773909260554,1.2206798032772177,34.89638570286465,40.53986846446483,9.146137365893948,0.011764705882352941,1.0,0.15522700856581478,81.31062538353025,3.5314077398090524,0.10695891628769137,0.14668227697251404,0.8108108108108109,0.0,0.0,0.0,0.0,0.0,0.0,0.32769028159022767,0.3210600116290152,0.34671800094656646,0.43181059882044703,4.124207235187949,4.820313997333869,4.451897516778177,5.14391258766409,0.32769028159022767,0.34671800094656646,/home/aaa/data/qj/stable-baselines3-master/risk_curriculum_metadrive/outputs/ijmlc_p2_external_baselines/rcpo_lagrangian_1m_nenv16/rcpo_lagrangian_ppo_s2/config.json,/home/aaa/data/qj/stable-baselines3-master/risk_curriculum_metadrive/outputs/ijmlc_p2_external_baselines/rcpo_lagrangian_1m_nenv16/rcpo_lagrangian_ppo_s2/model/final_model.zip
rcpo_lagrangian,external_safe_rl,rcpo_lagrangian,ppo,2,none,0.25,20000,20015,15,0.0,1.0,0.10698005234632645,1.0,1.0,0.0,0.0,87.0,29.84661622909914,-1.9672903150606267,25.30089564457624,26.110454407228993,9.11437253316998,0.011494252873563218,1.0,0.10698005234632645,60.44331141645373,1.783544668878027,0.20672499126951485,0.1700654542892078,1.0,0.0,0.0,0.0,0.0,0.0,0.0,0.3227839191529857,0.3171720018144697,0.34802180307451636,0.4603078021318653,2.7964875734633305,3.2442787021864206,3.119271492616316,3.546308404474985,0.3227839191529857,0.34802180307451636,/home/aaa/data/qj/stable-baselines3-master/risk_curriculum_metadrive/outputs/ijmlc_p2_external_baselines/rcpo_lagrangian_1m_nenv16/rcpo_lagrangian_ppo_s2/config.json,/home/aaa/data/qj/stable-baselines3-master/risk_curriculum_metadrive/outputs/ijmlc_p2_external_baselines/rcpo_lagrangian_1m_nenv16/rcpo_lagrangian_ppo_s2/model/final_model.zip
rcpo_lagrangian,external_safe_rl,rcpo_lagrangian,ppo,2,none,0.25,20000,20016,16,0.0,1.0,0.12371068180177702,1.0,1.0,0.0,0.0,82.0,38.16139360599191,2.742017257049259,37.362047256152444,42.474094412718244,9.494870332830514,0.0,1.0,0.12371068180177702,83.82793348364856,2.8749830878365383,0.5112152383110301,0.1951053820831439,0.8064516129032258,0.0,0.0,0.0,0.0,0.0,0.0,0.3400871586253321,0.3251724992878735,0.43822234656545345,0.5532330209098288,5.8967803163729355,6.9876830028078984,6.2368674749982675,7.335851464449661,0.3400871586253321,0.43822234656545345,/home/aaa/data/qj/stable-baselines3-master/risk_curriculum_metadrive/outputs/ijmlc_p2_external_baselines/rcpo_lagrangian_1m_nenv16/rcpo_lagrangian_ppo_s2/config.json,/home/aaa/data/qj/stable-baselines3-master/risk_curriculum_metadrive/outputs/ijmlc_p2_external_baselines/rcpo_lagrangian_1m_nenv16/rcpo_lagrangian_ppo_s2/model/final_model.zip
rcpo_lagrangian,external_safe_rl,rcpo_lagrangian,ppo,2,none,0.25,20000,20017,17,0.0,1.0,0.19869406510680515,1.0,1.0,0.0,0.0,131.0,68.46424713171821,20.092945519063285,33.34822849532328,35.05140579047116,13.530768703891603,0.007633587786259542,1.0,0.19869406510680515,120.28817461977448,5.970479363374008,0.27999779395626073,0.03379028574176022,0.5454545454545454,0.0,0.0,0.0,0.0,0.0,0.0,0.3338915039074273,0.3254690091125667,0.36236050073057413,0.5664956086548038,5.257805969227525,6.275635496422183,5.5916974731349525,6.624666501011234,0.3338915039074273,0.36236050073057413,/home/aaa/data/qj/stable-baselines3-master/risk_curriculum_metadrive/outputs/ijmlc_p2_external_baselines/rcpo_lagrangian_1m_nenv16/rcpo_lagrangian_ppo_s2/config.json,/home/aaa/data/qj/stable-baselines3-master/risk_curriculum_metadrive/outputs/ijmlc_p2_external_baselines/rcpo_lagrangian_1m_nenv16/rcpo_lagrangian_ppo_s2/model/final_model.zip
rcpo_lagrangian,external_safe_rl,rcpo_lagrangian,ppo,2,none,0.25,20000,20018,18,0.0,1.0,0.1285294570808743,0.0,0.0,0.0,1.0,121.0,47.770314356986056,7.691040890919275,35.68008846500407,36.35601729666165,13.443864066638378,0.0,1.0,0.1285294570808743,119.11325299808183,2.518069719545269,2.0053707604240674,0.032818912799401405,1.0,0.0,0.0,0.0,0.0,0.0,0.0,0.3364311984821015,0.32387199462391436,0.4039340128656477,0.49831400683615346,5.5350013882304685,11.0876140097389,5.8714325867125705,11.419576985645108,0.3364311984821015,0.4039340128656477,/home/aaa/data/qj/stable-baselines3-master/risk_curriculum_metadrive/outputs/ijmlc_p2_external_baselines/rcpo_lagrangian_1m_nenv16/rcpo_lagrangian_ppo_s2/config.json,/home/aaa/data/qj/stable-baselines3-master/risk_curriculum_metadrive/outputs/ijmlc_p2_external_baselines/rcpo_lagrangian_1m_nenv16/rcpo_lagrangian_ppo_s2/model/final_model.zip
rcpo_lagrangian,external_safe_rl,rcpo_lagrangian,ppo,2,none,0.25,20000,20019,19,0.0,1.0,0.4061744421737737,0.0,0.0,0.0,1.0,224.0,83.45754332948087,33.81400492995364,38.66548718340646,42.20111959096084,16.165490963580385,0.004464285714285714,0.0,0.4061744421737737,239.4755238392415,6.807322998661112,0.03427340870073814,0.13233456313928885,0.675,0.0,0.0,0.0,0.0,0.0,0.0,0.3374924418234774,0.3238070057705045,0.37455534184118733,0.6089928523579164,6.725931459121576,12.867954746616306,7.063423900945054,13.21221624239115,0.3374924418234774,0.37455534184118733,/home/aaa/data/qj/stable-baselines3-master/risk_curriculum_metadrive/outputs/ijmlc_p2_external_baselines/rcpo_lagrangian_1m_nenv16/rcpo_lagrangian_ppo_s2/config.json,/home/aaa/data/qj/stable-baselines3-master/risk_curriculum_metadrive/outputs/ijmlc_p2_external_baselines/rcpo_lagrangian_1m_nenv16/rcpo_lagrangian_ppo_s2/model/final_model.zip
