label,role,variant,algo,train_seed,action_filter,density,scenario_start_seed,map_seed,episode,success,cost,route_completion,collision,crash_vehicle,crash_object,out_of_road,episode_length,reward,shaped_reward,mean_speed_kmh,median_speed_kmh,p10_speed_kmh,stop_ratio,low_progress,progress_per_cost,path_length_m,mean_ttc,min_ttc,ttc_risk_mean,ttc_dangerous_fraction,intervention_count,soft_guard_count,hard_shield_count,overspeed_guard_count,intervention_rate_per_100_steps,intervention_rate_per_km,policy_inference_ms_mean,policy_inference_ms_p50,policy_inference_ms_p95,policy_inference_ms_p99,env_step_wall_ms_mean,env_step_wall_ms_p95,control_loop_wall_ms_mean,control_loop_wall_ms_p95,total_action_latency_ms_mean,total_action_latency_ms_p95,source_config_json,source_model_path
rcpo_lagrangian,external_safe_rl,rcpo_lagrangian,ppo,1,none,0.08,10000,10000,0,0.0,1.0,0.27544546643226003,1.0,1.0,0.0,0.0,109.0,74.74845472710881,25.587591356522218,47.14252954690505,58.088888059548104,12.619063149905545,0.0,0.0,0.27544546643226003,141.1283449459973,1.0878924125819345,0.4004346301369877,0.09331632777327498,1.0,0.0,0.0,0.0,0.0,0.0,0.0,1.3996023479678215,0.5684839998139068,0.7161761983297765,0.7676745590288193,2.3391334032383533,2.6105939992703497,3.7387357512061747,3.2706030004192144,1.3996023479678215,0.7161761983297765,/home/aaa/data/qj/stable-baselines3-master/risk_curriculum_metadrive/outputs/ijmlc_p2_external_baselines/rcpo_lagrangian_1m_nenv16/rcpo_lagrangian_ppo_s1/config.json,/home/aaa/data/qj/stable-baselines3-master/risk_curriculum_metadrive/outputs/ijmlc_p2_external_baselines/rcpo_lagrangian_1m_nenv16/rcpo_lagrangian_ppo_s1/model/final_model.zip
rcpo_lagrangian,external_safe_rl,rcpo_lagrangian,ppo,1,none,0.08,10000,10001,1,0.0,1.0,0.1745505449616192,1.0,1.0,0.0,0.0,80.0,52.02146192476644,11.197247311231806,38.37380971345628,43.09191667496177,9.46798834614899,0.0,1.0,0.1745505449616192,84.16816635514273,3.865819277262054,0.5745670751853081,0.13977011384632798,0.9411764705882353,0.0,0.0,0.0,0.0,0.0,0.0,0.3622867883677827,0.3291174944024533,0.5406887546996585,0.6946639939269489,1.808348862141429,2.2192843411176,2.1706356505092117,2.6803183420270216,0.3622867883677827,0.5406887546996585,/home/aaa/data/qj/stable-baselines3-master/risk_curriculum_metadrive/outputs/ijmlc_p2_external_baselines/rcpo_lagrangian_1m_nenv16/rcpo_lagrangian_ppo_s1/config.json,/home/aaa/data/qj/stable-baselines3-master/risk_curriculum_metadrive/outputs/ijmlc_p2_external_baselines/rcpo_lagrangian_1m_nenv16/rcpo_lagrangian_ppo_s1/model/final_model.zip
rcpo_lagrangian,external_safe_rl,rcpo_lagrangian,ppo,1,none,0.08,10000,10002,2,0.0,1.0,0.5516593877118654,0.0,0.0,0.0,1.0,188.0,164.42204436160327,78.71080381215758,60.1408354721942,71.75912851605423,20.814721368322004,0.0,0.0,0.5516593877118654,312.37726445281737,5.3760198522338545,0.08666454846119138,0.07469113705048462,0.6486486486486487,0.0,0.0,0.0,0.0,0.0,0.0,0.44671544085932957,0.4076609984622337,0.6210917948919814,0.6984748212562405,2.5527267231503155,3.3917683984327596,2.999442164009645,3.8531481521204114,0.44671544085932957,0.6210917948919814,/home/aaa/data/qj/stable-baselines3-master/risk_curriculum_metadrive/outputs/ijmlc_p2_external_baselines/rcpo_lagrangian_1m_nenv16/rcpo_lagrangian_ppo_s1/config.json,/home/aaa/data/qj/stable-baselines3-master/risk_curriculum_metadrive/outputs/ijmlc_p2_external_baselines/rcpo_lagrangian_1m_nenv16/rcpo_lagrangian_ppo_s1/model/final_model.zip
rcpo_lagrangian,external_safe_rl,rcpo_lagrangian,ppo,1,none,0.08,10000,10003,3,0.0,1.0,0.7604157009841416,1.0,1.0,0.0,0.0,261.0,259.57309165397623,132.5490168565124,50.17374815165266,54.10907028613853,20.721700204509467,0.0,0.0,0.7604157009841416,362.0455160888735,11.666288804827278,0.16945485645283348,0.07293083842931257,0.532258064516129,0.0,0.0,0.0,0.0,0.0,0.0,0.40327483134467323,0.38160799886099994,0.6060339946998283,0.6587375915842124,1.365025597579877,1.7898749938467517,1.7683004289245503,2.2424569906434044,0.40327483134467323,0.6060339946998283,/home/aaa/data/qj/stable-baselines3-master/risk_curriculum_metadrive/outputs/ijmlc_p2_external_baselines/rcpo_lagrangian_1m_nenv16/rcpo_lagrangian_ppo_s1/config.json,/home/aaa/data/qj/stable-baselines3-master/risk_curriculum_metadrive/outputs/ijmlc_p2_external_baselines/rcpo_lagrangian_1m_nenv16/rcpo_lagrangian_ppo_s1/model/final_model.zip
rcpo_lagrangian,external_safe_rl,rcpo_lagrangian,ppo,1,none,0.08,10000,10004,4,0.0,1.0,0.24577631153695081,1.0,1.0,0.0,0.0,98.0,26.953549887216674,0.8000642897168682,50.058753150325664,54.24331988985435,11.485149697175597,0.0,0.0,0.24577631153695081,134.51960058148822,2.246695430272486,0.3119422528878741,0.15236711271362888,0.9259259259259259,0.0,0.0,0.0,0.0,0.0,0.0,0.43703804097889104,0.3964205025113188,0.6324281908746342,0.77706026553642,2.0167162858379757,2.6024134909675922,2.453754326816867,3.22706090810243,0.43703804097889104,0.6324281908746342,/home/aaa/data/qj/stable-baselines3-master/risk_curriculum_metadrive/outputs/ijmlc_p2_external_baselines/rcpo_lagrangian_1m_nenv16/rcpo_lagrangian_ppo_s1/config.json,/home/aaa/data/qj/stable-baselines3-master/risk_curriculum_metadrive/outputs/ijmlc_p2_external_baselines/rcpo_lagrangian_1m_nenv16/rcpo_lagrangian_ppo_s1/model/final_model.zip
rcpo_lagrangian,external_safe_rl,rcpo_lagrangian,ppo,1,none,0.08,10000,10005,5,0.0,1.0,0.27236794376700096,1.0,1.0,0.0,0.0,99.0,64.77855981287986,20.510318219449957,48.36431995793551,54.17769689976693,11.945715754212923,0.0,0.0,0.27236794376700096,131.7092909834077,5.583265723279661,0.4721451861749029,0.2587208918802307,0.7,0.0,0.0,0.0,0.0,0.0,0.0,0.4590494447091425,0.4048219998367131,0.6413155977497809,0.6899323285324489,1.8761930913744362,2.254328910203185,2.335242536083579,2.784162283933256,0.4590494447091425,0.6413155977497809,/home/aaa/data/qj/stable-baselines3-master/risk_curriculum_metadrive/outputs/ijmlc_p2_external_baselines/rcpo_lagrangian_1m_nenv16/rcpo_lagrangian_ppo_s1/config.json,/home/aaa/data/qj/stable-baselines3-master/risk_curriculum_metadrive/outputs/ijmlc_p2_external_baselines/rcpo_lagrangian_1m_nenv16/rcpo_lagrangian_ppo_s1/model/final_model.zip
rcpo_lagrangian,external_safe_rl,rcpo_lagrangian,ppo,1,none,0.08,10000,10006,6,0.0,1.0,0.28379035551279563,0.0,0.0,0.0,1.0,151.0,94.85982476552002,35.893623048143894,45.43163482203573,51.820415745951415,17.758615676985954,0.0,0.0,0.28379035551279563,189.5580617897221,8.441947930596035,5.451268291195605,0.0,0.0,0.0,0.0,0.0,0.0,0.0,0.0,0.448137788014912,0.39455499791074544,0.6277050051721744,0.7232735079014674,1.583648880921298,1.9110985012957826,2.03178666893621,2.523050003219396,0.448137788014912,0.6277050051721744,/home/aaa/data/qj/stable-baselines3-master/risk_curriculum_metadrive/outputs/ijmlc_p2_external_baselines/rcpo_lagrangian_1m_nenv16/rcpo_lagrangian_ppo_s1/config.json,/home/aaa/data/qj/stable-baselines3-master/risk_curriculum_metadrive/outputs/ijmlc_p2_external_baselines/rcpo_lagrangian_1m_nenv16/rcpo_lagrangian_ppo_s1/model/final_model.zip
rcpo_lagrangian,external_safe_rl,rcpo_lagrangian,ppo,1,none,0.08,10000,10007,7,0.0,1.0,0.18592271570008032,0.0,0.0,0.0,1.0,110.0,87.38912939520617,29.222246168605487,50.03876352380939,55.78473786067286,11.973225718802324,0.0,1.0,0.18592271570008032,151.2016474554816,3.908518901596891,0.2857452678922509,0.1612927761604534,0.673469387755102,0.0,0.0,0.0,0.0,0.0,0.0,0.4175904441085136,0.40680150414118543,0.6264498464588542,0.6792097122524864,2.745161754269661,3.125665294646751,3.1627521983781746,3.630358792725019,0.4175904441085136,0.6264498464588542,/home/aaa/data/qj/stable-baselines3-master/risk_curriculum_metadrive/outputs/ijmlc_p2_external_baselines/rcpo_lagrangian_1m_nenv16/rcpo_lagrangian_ppo_s1/config.json,/home/aaa/data/qj/stable-baselines3-master/risk_curriculum_metadrive/outputs/ijmlc_p2_external_baselines/rcpo_lagrangian_1m_nenv16/rcpo_lagrangian_ppo_s1/model/final_model.zip
rcpo_lagrangian,external_safe_rl,rcpo_lagrangian,ppo,1,none,0.08,10000,10008,8,0.0,1.0,0.1908065133773065,1.0,1.0,0.0,0.0,87.0,62.402178839757156,16.875284821197777,39.509929346822275,46.62021940659218,10.184208124619033,0.0,1.0,0.1908065133773065,94.17334658144182,16.701999342094425,0.0592324828299648,0.07097381315962369,0.2553191489361702,0.0,0.0,0.0,0.0,0.0,0.0,0.43208879316974985,0.3876190021401271,0.6447154970373958,0.8592649822821843,1.5654580685344857,2.1194746979745105,1.9975468617042356,2.4845358944730833,0.43208879316974985,0.6447154970373958,/home/aaa/data/qj/stable-baselines3-master/risk_curriculum_metadrive/outputs/ijmlc_p2_external_baselines/rcpo_lagrangian_1m_nenv16/rcpo_lagrangian_ppo_s1/config.json,/home/aaa/data/qj/stable-baselines3-master/risk_curriculum_metadrive/outputs/ijmlc_p2_external_baselines/rcpo_lagrangian_1m_nenv16/rcpo_lagrangian_ppo_s1/model/final_model.zip
rcpo_lagrangian,external_safe_rl,rcpo_lagrangian,ppo,1,none,0.08,10000,10009,9,0.0,1.0,0.40147673791537974,0.0,0.0,0.0,1.0,143.0,46.3313890087467,15.15999664183477,48.67293380081284,57.264189286977775,16.071040751969804,0.0,0.0,0.40147673791537974,191.99235516676114,,,0.0,0.0,0.0,0.0,0.0,0.0,0.0,0.0,0.472856483013545,0.3975810104748234,0.6653591946815142,0.8015737176174301,1.5554802389074625,1.8153666009311564,2.0283367219210073,2.354682290751953,0.472856483013545,0.6653591946815142,/home/aaa/data/qj/stable-baselines3-master/risk_curriculum_metadrive/outputs/ijmlc_p2_external_baselines/rcpo_lagrangian_1m_nenv16/rcpo_lagrangian_ppo_s1/config.json,/home/aaa/data/qj/stable-baselines3-master/risk_curriculum_metadrive/outputs/ijmlc_p2_external_baselines/rcpo_lagrangian_1m_nenv16/rcpo_lagrangian_ppo_s1/model/final_model.zip
rcpo_lagrangian,external_safe_rl,rcpo_lagrangian,ppo,1,none,0.08,10000,10010,10,0.0,1.0,0.21340226713027452,1.0,1.0,0.0,0.0,109.0,76.76049901680852,24.68231752231249,40.53425899320907,50.58900587750092,11.782450298233083,0.009174311926605505,0.0,0.21340226713027452,121.92221334137017,1.5153376786042942,0.47270209341053104,0.12148364056241912,1.0,0.0,0.0,0.0,0.0,0.0,0.0,0.3873888903015524,0.3639110072981566,0.5539619945921003,0.6281366082839668,2.186793164582923,2.7981738006928936,2.5741820548844756,3.2971499982522796,0.3873888903015524,0.5539619945921003,/home/aaa/data/qj/stable-baselines3-master/risk_curriculum_metadrive/outputs/ijmlc_p2_external_baselines/rcpo_lagrangian_1m_nenv16/rcpo_lagrangian_ppo_s1/config.json,/home/aaa/data/qj/stable-baselines3-master/risk_curriculum_metadrive/outputs/ijmlc_p2_external_baselines/rcpo_lagrangian_1m_nenv16/rcpo_lagrangian_ppo_s1/model/final_model.zip
rcpo_lagrangian,external_safe_rl,rcpo_lagrangian,ppo,1,none,0.08,10000,10011,11,0.0,1.0,0.1203622117913199,1.0,1.0,0.0,0.0,68.0,48.671089126086784,7.89641091678299,36.56735349328347,37.23400739073694,8.321877310716458,0.0,1.0,0.1203622117913199,67.82937496296468,6.4207941926400895,0.5388278338639875,0.1991494854777536,0.453125,0.0,0.0,0.0,0.0,0.0,0.0,0.42451316253658766,0.4003394933533855,0.613539350888459,0.651865717372857,2.245860030277125,2.6326773448090535,2.670373192813713,3.0816497543128207,0.42451316253658766,0.613539350888459,/home/aaa/data/qj/stable-baselines3-master/risk_curriculum_metadrive/outputs/ijmlc_p2_external_baselines/rcpo_lagrangian_1m_nenv16/rcpo_lagrangian_ppo_s1/config.json,/home/aaa/data/qj/stable-baselines3-master/risk_curriculum_metadrive/outputs/ijmlc_p2_external_baselines/rcpo_lagrangian_1m_nenv16/rcpo_lagrangian_ppo_s1/model/final_model.zip
rcpo_lagrangian,external_safe_rl,rcpo_lagrangian,ppo,1,none,0.08,10000,10012,12,0.0,1.0,0.1681089423789377,0.0,0.0,0.0,1.0,81.0,44.34905493123049,7.167795736983376,36.765566358867765,43.4413358758086,9.550285308920373,0.0,1.0,0.1681089423789377,81.71425198305953,1.8355490301919857,1.4619430761718986,0.039067295923555734,1.0,0.0,0.0,0.0,0.0,0.0,0.0,0.474156185562067,0.40016500861383975,0.6223919917829335,0.7610383996507154,1.320326654456073,1.6035270091379061,1.7944828400181398,2.2053690045140684,0.474156185562067,0.6223919917829335,/home/aaa/data/qj/stable-baselines3-master/risk_curriculum_metadrive/outputs/ijmlc_p2_external_baselines/rcpo_lagrangian_1m_nenv16/rcpo_lagrangian_ppo_s1/config.json,/home/aaa/data/qj/stable-baselines3-master/risk_curriculum_metadrive/outputs/ijmlc_p2_external_baselines/rcpo_lagrangian_1m_nenv16/rcpo_lagrangian_ppo_s1/model/final_model.zip
rcpo_lagrangian,external_safe_rl,rcpo_lagrangian,ppo,1,none,0.08,10000,10013,13,0.0,1.0,0.1438940578780081,0.0,0.0,0.0,1.0,82.0,35.63973509422397,2.086689283452227,37.75150021472221,44.581884508730234,9.764584903259545,0.0,1.0,0.1438940578780081,84.95438602144648,,,0.0,0.0,0.0,0.0,0.0,0.0,0.0,0.0,0.3659353659292342,0.333329000568483,0.5453939927974717,0.6281953808502293,1.5547550725253731,1.8390248478681315,1.9206904384546073,2.194766248430824,0.3659353659292342,0.5453939927974717,/home/aaa/data/qj/stable-baselines3-master/risk_curriculum_metadrive/outputs/ijmlc_p2_external_baselines/rcpo_lagrangian_1m_nenv16/rcpo_lagrangian_ppo_s1/config.json,/home/aaa/data/qj/stable-baselines3-master/risk_curriculum_metadrive/outputs/ijmlc_p2_external_baselines/rcpo_lagrangian_1m_nenv16/rcpo_lagrangian_ppo_s1/model/final_model.zip
rcpo_lagrangian,external_safe_rl,rcpo_lagrangian,ppo,1,none,0.08,10000,10014,14,0.0,1.0,0.08174885843538161,0.0,0.0,0.0,1.0,68.0,30.85564828216814,-2.1697101058544845,34.98646256734233,36.67565891495009,8.17905218596711,0.0,1.0,0.08174885843538161,64.87157103353827,,,0.0,0.0,0.0,0.0,0.0,0.0,0.0,0.0,0.4217788371212972,0.3989550023106858,0.543860448669875,0.758987659355625,2.555669956457089,2.9903691000072286,2.977448793578386,3.4190176978881937,0.4217788371212972,0.543860448669875,/home/aaa/data/qj/stable-baselines3-master/risk_curriculum_metadrive/outputs/ijmlc_p2_external_baselines/rcpo_lagrangian_1m_nenv16/rcpo_lagrangian_ppo_s1/config.json,/home/aaa/data/qj/stable-baselines3-master/risk_curriculum_metadrive/outputs/ijmlc_p2_external_baselines/rcpo_lagrangian_1m_nenv16/rcpo_lagrangian_ppo_s1/model/final_model.zip
rcpo_lagrangian,external_safe_rl,rcpo_lagrangian,ppo,1,none,0.08,10000,10015,15,0.0,1.0,0.08015758150917825,1.0,1.0,0.0,0.0,60.0,9.136776915753405,-13.07688409684795,32.22048521893452,32.66644093057374,7.257417236964479,0.0,1.0,0.08015758150917825,52.882234949840644,11.539178520768676,0.5146256440805776,0.2692105663731585,0.7619047619047619,0.0,0.0,0.0,0.0,0.0,0.0,0.372117883428776,0.3797650060732849,0.44811284460593,0.5870213183516164,1.5921215320607491,1.7406939958164003,1.9642394154895253,2.1439347954583354,0.372117883428776,0.44811284460593,/home/aaa/data/qj/stable-baselines3-master/risk_curriculum_metadrive/outputs/ijmlc_p2_external_baselines/rcpo_lagrangian_1m_nenv16/rcpo_lagrangian_ppo_s1/config.json,/home/aaa/data/qj/stable-baselines3-master/risk_curriculum_metadrive/outputs/ijmlc_p2_external_baselines/rcpo_lagrangian_1m_nenv16/rcpo_lagrangian_ppo_s1/model/final_model.zip
rcpo_lagrangian,external_safe_rl,rcpo_lagrangian,ppo,1,none,0.08,10000,10016,16,0.0,1.0,0.3102207470800724,0.0,0.0,0.0,1.0,115.0,84.38068529273691,31.39696505877062,49.55174995558421,57.103397167470305,12.181617858368577,0.008695652173913044,0.0,0.3102207470800724,156.8539740199904,,,0.0,0.0,0.0,0.0,0.0,0.0,0.0,0.0,0.36799437341118313,0.33629999961704016,0.5178048973903059,0.6356846302514896,1.463282660140818,1.7209810044732876,1.831277033552001,2.065787502215244,0.36799437341118313,0.5178048973903059,/home/aaa/data/qj/stable-baselines3-master/risk_curriculum_metadrive/outputs/ijmlc_p2_external_baselines/rcpo_lagrangian_1m_nenv16/rcpo_lagrangian_ppo_s1/config.json,/home/aaa/data/qj/stable-baselines3-master/risk_curriculum_metadrive/outputs/ijmlc_p2_external_baselines/rcpo_lagrangian_1m_nenv16/rcpo_lagrangian_ppo_s1/model/final_model.zip
rcpo_lagrangian,external_safe_rl,rcpo_lagrangian,ppo,1,none,0.08,10000,10017,17,0.0,1.0,0.22109749185703734,1.0,1.0,0.0,0.0,130.0,84.06793716611566,28.61689333876897,48.66629124065388,58.67127369079314,14.823965906338856,0.0,0.0,0.22109749185703734,174.64582385713243,0.9688224156115014,0.6509365456270642,0.09302717502434997,1.0,0.0,0.0,0.0,0.0,0.0,0.0,0.4231785456515634,0.40474949491908774,0.6325393966108095,0.6498620580532588,2.8550605230311,3.2303991516528185,3.2782390686826637,3.7245507555780932,0.4231785456515634,0.6325393966108095,/home/aaa/data/qj/stable-baselines3-master/risk_curriculum_metadrive/outputs/ijmlc_p2_external_baselines/rcpo_lagrangian_1m_nenv16/rcpo_lagrangian_ppo_s1/config.json,/home/aaa/data/qj/stable-baselines3-master/risk_curriculum_metadrive/outputs/ijmlc_p2_external_baselines/rcpo_lagrangian_1m_nenv16/rcpo_lagrangian_ppo_s1/model/final_model.zip
rcpo_lagrangian,external_safe_rl,rcpo_lagrangian,ppo,1,none,0.08,10000,10018,18,0.0,1.0,0.23442261957582844,1.0,1.0,0.0,0.0,84.0,68.03833081876742,21.001843996658568,43.34310771169815,45.74566381902824,10.01872222293848,0.0,0.0,0.23442261957582844,100.16591004884766,8.402446956993622,0.46636616544700005,0.22855672492010265,0.4358974358974359,0.0,0.0,0.0,0.0,0.0,0.0,0.3531981904719335,0.327535999531392,0.48350970610044847,0.6878571381093939,1.745592321163886,1.9365548017958645,2.0987905116358196,2.311505297984695,0.3531981904719335,0.48350970610044847,/home/aaa/data/qj/stable-baselines3-master/risk_curriculum_metadrive/outputs/ijmlc_p2_external_baselines/rcpo_lagrangian_1m_nenv16/rcpo_lagrangian_ppo_s1/config.json,/home/aaa/data/qj/stable-baselines3-master/risk_curriculum_metadrive/outputs/ijmlc_p2_external_baselines/rcpo_lagrangian_1m_nenv16/rcpo_lagrangian_ppo_s1/model/final_model.zip
rcpo_lagrangian,external_safe_rl,rcpo_lagrangian,ppo,1,none,0.08,10000,10019,19,0.0,1.0,0.09098874899500951,1.0,1.0,0.0,0.0,81.0,15.135794271146278,-9.752440394576583,28.16057520567079,31.71908062334334,9.489542369020809,0.0,1.0,0.09098874899500951,62.54254708553858,1.3989031560578573,0.24531329484586198,0.13337395718304232,1.0,0.0,0.0,0.0,0.0,0.0,0.0,0.3412674699642661,0.3251169982831925,0.411300003179349,0.6304923968855293,1.762825949153472,2.1756849891971797,2.104093419117738,2.539786000852473,0.3412674699642661,0.411300003179349,/home/aaa/data/qj/stable-baselines3-master/risk_curriculum_metadrive/outputs/ijmlc_p2_external_baselines/rcpo_lagrangian_1m_nenv16/rcpo_lagrangian_ppo_s1/config.json,/home/aaa/data/qj/stable-baselines3-master/risk_curriculum_metadrive/outputs/ijmlc_p2_external_baselines/rcpo_lagrangian_1m_nenv16/rcpo_lagrangian_ppo_s1/model/final_model.zip
rcpo_lagrangian,external_safe_rl,rcpo_lagrangian,ppo,1,none,0.08,20000,20000,0,0.0,1.0,0.3090859158199324,0.0,0.0,0.0,1.0,87.0,87.46829565508084,32.95672530213838,45.34969577281526,46.57264222225765,10.162744735272389,0.0,0.0,0.3090859158199324,107.93656711330983,,,0.0,0.0,0.0,0.0,0.0,0.0,0.0,0.0,0.364609092277282,0.3223249950679019,0.5391418060753495,0.7162221882026645,1.0600489995445006,1.4029927013325505,1.4246580918217828,1.803807394753676,0.364609092277282,0.5391418060753495,/home/aaa/data/qj/stable-baselines3-master/risk_curriculum_metadrive/outputs/ijmlc_p2_external_baselines/rcpo_lagrangian_1m_nenv16/rcpo_lagrangian_ppo_s1/config.json,/home/aaa/data/qj/stable-baselines3-master/risk_curriculum_metadrive/outputs/ijmlc_p2_external_baselines/rcpo_lagrangian_1m_nenv16/rcpo_lagrangian_ppo_s1/model/final_model.zip
rcpo_lagrangian,external_safe_rl,rcpo_lagrangian,ppo,1,none,0.08,20000,20001,1,0.0,1.0,0.35800440721614124,0.0,0.0,0.0,1.0,149.0,73.30070717292197,27.290485802945252,45.58254748888004,43.03420504941834,15.883877219099011,0.006711409395973154,0.0,0.35800440721614124,187.02091037637925,3.517779254767921,0.2276703645828042,0.06983738054629345,0.7037037037037037,0.0,0.0,0.0,0.0,0.0,0.0,0.4209761077892848,0.39032600761856884,0.638317596167326,0.6864582066191363,1.5103364488908446,2.009922396973707,1.9313125566801295,2.4697426008060575,0.4209761077892848,0.638317596167326,/home/aaa/data/qj/stable-baselines3-master/risk_curriculum_metadrive/outputs/ijmlc_p2_external_baselines/rcpo_lagrangian_1m_nenv16/rcpo_lagrangian_ppo_s1/config.json,/home/aaa/data/qj/stable-baselines3-master/risk_curriculum_metadrive/outputs/ijmlc_p2_external_baselines/rcpo_lagrangian_1m_nenv16/rcpo_lagrangian_ppo_s1/model/final_model.zip
rcpo_lagrangian,external_safe_rl,rcpo_lagrangian,ppo,1,none,0.08,20000,20002,2,0.0,1.0,0.2941674062672377,1.0,1.0,0.0,0.0,103.0,82.23379911946196,29.891921747748118,49.39252663350752,56.45803805084465,12.3995588937685,0.0,0.0,0.2941674062672377,140.4088673725601,1.9411074514187179,0.37252915849849605,0.1294010193319221,0.9444444444444444,0.0,0.0,0.0,0.0,0.0,0.0,0.3692639605379528,0.3304999991087243,0.6021209002938118,0.7193826106959026,1.6877685826965743,2.4884942002245225,2.057032543234527,2.963502508646343,0.3692639605379528,0.6021209002938118,/home/aaa/data/qj/stable-baselines3-master/risk_curriculum_metadrive/outputs/ijmlc_p2_external_baselines/rcpo_lagrangian_1m_nenv16/rcpo_lagrangian_ppo_s1/config.json,/home/aaa/data/qj/stable-baselines3-master/risk_curriculum_metadrive/outputs/ijmlc_p2_external_baselines/rcpo_lagrangian_1m_nenv16/rcpo_lagrangian_ppo_s1/model/final_model.zip
rcpo_lagrangian,external_safe_rl,rcpo_lagrangian,ppo,1,none,0.08,20000,20003,3,0.0,1.0,0.167996969568881,1.0,1.0,0.0,0.0,95.0,33.982526752587155,1.981172463359993,42.64898563508963,46.885990181337284,10.559768729735712,0.0,1.0,0.167996969568881,111.22313596054185,6.226178325970999,0.0631316098727715,0.23869292816859503,0.5555555555555556,0.0,0.0,0.0,0.0,0.0,0.0,0.3792122312772431,0.3409280034247786,0.630129498313181,0.6858986566658135,2.1237517684073137,2.3717313903034665,2.5029639996845567,2.733762293064501,0.3792122312772431,0.630129498313181,/home/aaa/data/qj/stable-baselines3-master/risk_curriculum_metadrive/outputs/ijmlc_p2_external_baselines/rcpo_lagrangian_1m_nenv16/rcpo_lagrangian_ppo_s1/config.json,/home/aaa/data/qj/stable-baselines3-master/risk_curriculum_metadrive/outputs/ijmlc_p2_external_baselines/rcpo_lagrangian_1m_nenv16/rcpo_lagrangian_ppo_s1/model/final_model.zip
rcpo_lagrangian,external_safe_rl,rcpo_lagrangian,ppo,1,none,0.08,20000,20004,4,0.0,1.0,0.3801999942364325,1.0,1.0,0.0,0.0,127.0,153.99024872687295,68.35112419052948,54.19789665474323,64.35551267536616,13.921157581213809,0.0,0.0,0.3801999942364325,189.92716088850702,2.4472523132227457,0.7057664896826104,0.06834127665387925,1.0,0.0,0.0,0.0,0.0,0.0,0.0,0.43277525229335534,0.39166200440376997,0.624632101971656,0.660293825494591,1.4113364494854848,1.7156719943159258,1.8441117017788402,2.1369968962972052,0.43277525229335534,0.624632101971656,/home/aaa/data/qj/stable-baselines3-master/risk_curriculum_metadrive/outputs/ijmlc_p2_external_baselines/rcpo_lagrangian_1m_nenv16/rcpo_lagrangian_ppo_s1/config.json,/home/aaa/data/qj/stable-baselines3-master/risk_curriculum_metadrive/outputs/ijmlc_p2_external_baselines/rcpo_lagrangian_1m_nenv16/rcpo_lagrangian_ppo_s1/model/final_model.zip
rcpo_lagrangian,external_safe_rl,rcpo_lagrangian,ppo,1,none,0.08,20000,20005,5,0.0,1.0,0.22185448828105378,1.0,1.0,0.0,0.0,105.0,74.35724031812525,23.78425480749423,42.846569413572475,51.97173100265377,11.455407640009678,0.009523809523809525,0.0,0.22185448828105378,123.91483015114936,2.790263541044616,0.5808266335050887,0.1390217934849238,0.8461538461538461,0.0,0.0,0.0,0.0,0.0,0.0,0.43072616154815824,0.4073960008099675,0.61892059748061,0.6558310362743214,2.5722746471209184,2.9414854041533545,3.0030008086690767,3.495533613022417,0.43072616154815824,0.61892059748061,/home/aaa/data/qj/stable-baselines3-master/risk_curriculum_metadrive/outputs/ijmlc_p2_external_baselines/rcpo_lagrangian_1m_nenv16/rcpo_lagrangian_ppo_s1/config.json,/home/aaa/data/qj/stable-baselines3-master/risk_curriculum_metadrive/outputs/ijmlc_p2_external_baselines/rcpo_lagrangian_1m_nenv16/rcpo_lagrangian_ppo_s1/model/final_model.zip
rcpo_lagrangian,external_safe_rl,rcpo_lagrangian,ppo,1,none,0.08,20000,20006,6,0.0,1.0,0.11636644657850029,0.0,0.0,0.0,1.0,71.0,43.93986682088468,5.360926807797355,33.60655149198152,35.295303052590384,7.881992504957377,0.014084507042253521,1.0,0.11636644657850029,65.13584924377506,,,0.0,0.0,0.0,0.0,0.0,0.0,0.0,0.0,0.4678342957049608,0.4058719932800159,0.6625230016652495,0.7353676948696373,1.4907358870939942,1.8490400034352206,1.958570182798955,2.403136000793893,0.4678342957049608,0.6625230016652495,/home/aaa/data/qj/stable-baselines3-master/risk_curriculum_metadrive/outputs/ijmlc_p2_external_baselines/rcpo_lagrangian_1m_nenv16/rcpo_lagrangian_ppo_s1/config.json,/home/aaa/data/qj/stable-baselines3-master/risk_curriculum_metadrive/outputs/ijmlc_p2_external_baselines/rcpo_lagrangian_1m_nenv16/rcpo_lagrangian_ppo_s1/model/final_model.zip
rcpo_lagrangian,external_safe_rl,rcpo_lagrangian,ppo,1,none,0.08,20000,20007,7,0.0,1.0,0.1586981400414787,1.0,1.0,0.0,0.0,68.0,44.9238292156635,7.172858809076104,35.070356525864554,37.497954701664185,8.395498281551124,0.0,1.0,0.1586981400414787,65.37055040232381,10.584119298864913,0.6570517348420283,0.2303573101182994,0.5238095238095238,0.0,0.0,0.0,0.0,0.0,0.0,0.3886793090393493,0.3805229935096577,0.5677449007635004,0.6603422670741563,1.5051538087872733,1.695868654496735,1.8938331178266226,2.234333303931635,0.3886793090393493,0.5677449007635004,/home/aaa/data/qj/stable-baselines3-master/risk_curriculum_metadrive/outputs/ijmlc_p2_external_baselines/rcpo_lagrangian_1m_nenv16/rcpo_lagrangian_ppo_s1/config.json,/home/aaa/data/qj/stable-baselines3-master/risk_curriculum_metadrive/outputs/ijmlc_p2_external_baselines/rcpo_lagrangian_1m_nenv16/rcpo_lagrangian_ppo_s1/model/final_model.zip
rcpo_lagrangian,external_safe_rl,rcpo_lagrangian,ppo,1,none,0.08,20000,20008,8,0.0,1.0,0.19354904180109975,1.0,1.0,0.0,0.0,105.0,47.84802005203768,9.680481280051833,44.429665172833104,54.98715675844977,11.75439622600807,0.0,1.0,0.19354904180109975,128.29964133430073,0.5272295737724741,0.2338786443647989,0.06815650173299088,1.0,0.0,0.0,0.0,0.0,0.0,0.0,0.3646552370073983,0.34145299287047237,0.48436120559927076,0.5458107526646925,2.0409311898263347,2.3095769895007834,2.4055864268337332,2.691074411268346,0.3646552370073983,0.48436120559927076,/home/aaa/data/qj/stable-baselines3-master/risk_curriculum_metadrive/outputs/ijmlc_p2_external_baselines/rcpo_lagrangian_1m_nenv16/rcpo_lagrangian_ppo_s1/config.json,/home/aaa/data/qj/stable-baselines3-master/risk_curriculum_metadrive/outputs/ijmlc_p2_external_baselines/rcpo_lagrangian_1m_nenv16/rcpo_lagrangian_ppo_s1/model/final_model.zip
rcpo_lagrangian,external_safe_rl,rcpo_lagrangian,ppo,1,none,0.08,20000,20009,9,0.0,1.0,0.37176122715929383,0.0,0.0,0.0,1.0,115.0,73.7792126140768,27.992443121817196,50.477467899514494,59.242502579113975,12.66454284608457,0.0,0.0,0.37176122715929383,159.7811407218562,,,0.0,0.0,0.0,0.0,0.0,0.0,0.0,0.0,0.4254988441496845,0.39253699651453644,0.6095930919400416,0.6803853495512158,1.6942830614583648,2.200440703018103,2.119781905608049,2.6210617055767216,0.4254988441496845,0.6095930919400416,/home/aaa/data/qj/stable-baselines3-master/risk_curriculum_metadrive/outputs/ijmlc_p2_external_baselines/rcpo_lagrangian_1m_nenv16/rcpo_lagrangian_ppo_s1/config.json,/home/aaa/data/qj/stable-baselines3-master/risk_curriculum_metadrive/outputs/ijmlc_p2_external_baselines/rcpo_lagrangian_1m_nenv16/rcpo_lagrangian_ppo_s1/model/final_model.zip
rcpo_lagrangian,external_safe_rl,rcpo_lagrangian,ppo,1,none,0.08,20000,20010,10,0.0,1.0,0.4666777915985078,1.0,1.0,0.0,0.0,160.0,136.81095327432152,62.35581038511597,49.378553579258075,48.63362302399831,17.424938298100695,0.0,0.0,0.4666777915985078,218.71780700156805,15.373475540021078,0.9274054606483763,0.0470624767236125,0.7857142857142857,0.0,0.0,0.0,0.0,0.0,0.0,0.3864571559461183,0.37470249662874267,0.5897839022509287,0.6797817438200581,1.312249137845356,1.9612173535278998,1.6987062937914743,2.387103157525416,0.3864571559461183,0.5897839022509287,/home/aaa/data/qj/stable-baselines3-master/risk_curriculum_metadrive/outputs/ijmlc_p2_external_baselines/rcpo_lagrangian_1m_nenv16/rcpo_lagrangian_ppo_s1/config.json,/home/aaa/data/qj/stable-baselines3-master/risk_curriculum_metadrive/outputs/ijmlc_p2_external_baselines/rcpo_lagrangian_1m_nenv16/rcpo_lagrangian_ppo_s1/model/final_model.zip
rcpo_lagrangian,external_safe_rl,rcpo_lagrangian,ppo,1,none,0.08,20000,20011,11,0.0,1.0,0.2753477275256893,1.0,1.0,0.0,0.0,118.0,73.76511918203164,25.092991416786475,45.41566366620381,55.52728410265202,13.280729123291733,0.0,0.0,0.2753477275256893,147.53183765935304,1.0111868152835395,0.5130447899090096,0.07436770344386621,1.0,0.0,0.0,0.0,0.0,0.0,0.0,0.4805753468012958,0.4371639952296391,0.6375069016939959,0.7275677827419712,3.372543856207581,3.9562899008160457,3.8531192030088772,4.573323840304511,0.4805753468012958,0.6375069016939959,/home/aaa/data/qj/stable-baselines3-master/risk_curriculum_metadrive/outputs/ijmlc_p2_external_baselines/rcpo_lagrangian_1m_nenv16/rcpo_lagrangian_ppo_s1/config.json,/home/aaa/data/qj/stable-baselines3-master/risk_curriculum_metadrive/outputs/ijmlc_p2_external_baselines/rcpo_lagrangian_1m_nenv16/rcpo_lagrangian_ppo_s1/model/final_model.zip
rcpo_lagrangian,external_safe_rl,rcpo_lagrangian,ppo,1,none,0.08,20000,20012,12,0.0,1.0,0.13171702274255664,0.0,0.0,0.0,1.0,75.0,13.911744855022995,-9.142616890211805,36.134005868704904,39.522533750362456,8.607517780158231,0.0,1.0,0.13171702274255664,74.13651893708999,,,0.0,0.0,0.0,0.0,0.0,0.0,0.0,0.0,0.3375487068357567,0.3227440029149875,0.39437009836547077,0.6042604951653631,1.3794075468710314,1.578462695761118,1.716956253706788,1.9295214922749437,0.3375487068357567,0.39437009836547077,/home/aaa/data/qj/stable-baselines3-master/risk_curriculum_metadrive/outputs/ijmlc_p2_external_baselines/rcpo_lagrangian_1m_nenv16/rcpo_lagrangian_ppo_s1/config.json,/home/aaa/data/qj/stable-baselines3-master/risk_curriculum_metadrive/outputs/ijmlc_p2_external_baselines/rcpo_lagrangian_1m_nenv16/rcpo_lagrangian_ppo_s1/model/final_model.zip
rcpo_lagrangian,external_safe_rl,rcpo_lagrangian,ppo,1,none,0.08,20000,20013,13,0.0,1.0,0.2885197510523242,1.0,1.0,0.0,0.0,183.0,89.36022382011113,33.23570444162536,39.74429943386739,44.14300623905498,18.526047205111546,0.00546448087431694,0.0,0.2885197510523242,200.79663662614783,1.7612651505468162,0.45676394277475124,0.08141082135237511,1.0,0.0,0.0,0.0,0.0,0.0,0.0,0.4299887872041493,0.3994670114479959,0.6093194067943841,0.6491735766758215,2.1598128959106515,3.9856077943113633,2.5898016831148007,4.403391295636538,0.4299887872041493,0.6093194067943841,/home/aaa/data/qj/stable-baselines3-master/risk_curriculum_metadrive/outputs/ijmlc_p2_external_baselines/rcpo_lagrangian_1m_nenv16/rcpo_lagrangian_ppo_s1/config.json,/home/aaa/data/qj/stable-baselines3-master/risk_curriculum_metadrive/outputs/ijmlc_p2_external_baselines/rcpo_lagrangian_1m_nenv16/rcpo_lagrangian_ppo_s1/model/final_model.zip
rcpo_lagrangian,external_safe_rl,rcpo_lagrangian,ppo,1,none,0.08,20000,20014,14,0.0,1.0,0.3603963859633438,0.0,0.0,0.0,1.0,138.0,115.40791322104515,48.41584818942293,51.50623661369856,61.81188314482077,14.55515909118642,0.007246376811594203,0.0,0.3603963859633438,195.96280285786813,2.5727685093316026,0.4106156249323752,0.09519723206137275,0.8846153846153846,0.0,0.0,0.0,0.0,0.0,0.0,0.44123213793036353,0.39484749868279323,0.6305357543169521,0.6643269206688274,1.7742979705318525,2.116142091836082,2.215530108462216,2.5065430418180767,0.44123213793036353,0.6305357543169521,/home/aaa/data/qj/stable-baselines3-master/risk_curriculum_metadrive/outputs/ijmlc_p2_external_baselines/rcpo_lagrangian_1m_nenv16/rcpo_lagrangian_ppo_s1/config.json,/home/aaa/data/qj/stable-baselines3-master/risk_curriculum_metadrive/outputs/ijmlc_p2_external_baselines/rcpo_lagrangian_1m_nenv16/rcpo_lagrangian_ppo_s1/model/final_model.zip
rcpo_lagrangian,external_safe_rl,rcpo_lagrangian,ppo,1,none,0.08,20000,20015,15,0.0,1.0,0.12547034598108645,0.0,0.0,0.0,1.0,80.0,16.843228039517417,-7.864275600808693,37.464389523537946,43.389805467202166,9.39711071534233,0.0,1.0,0.12547034598108645,82.1878972132314,1.5329225345685984,1.4001638655176454,0.03467077465431402,1.0,0.0,0.0,0.0,0.0,0.0,0.0,0.4508830623308313,0.3952350016334094,0.6225520010048058,0.7192996532830872,1.374738825688837,1.5842605418583844,1.8256218880196684,2.170174544153269,0.4508830623308313,0.6225520010048058,/home/aaa/data/qj/stable-baselines3-master/risk_curriculum_metadrive/outputs/ijmlc_p2_external_baselines/rcpo_lagrangian_1m_nenv16/rcpo_lagrangian_ppo_s1/config.json,/home/aaa/data/qj/stable-baselines3-master/risk_curriculum_metadrive/outputs/ijmlc_p2_external_baselines/rcpo_lagrangian_1m_nenv16/rcpo_lagrangian_ppo_s1/model/final_model.zip
rcpo_lagrangian,external_safe_rl,rcpo_lagrangian,ppo,1,none,0.08,20000,20016,16,0.0,1.0,0.1553804094734032,1.0,1.0,0.0,0.0,93.0,61.346907732082414,15.284866150243271,42.31197094735148,48.982895849163576,10.865373588707024,0.0,1.0,0.1553804094734032,108.19948796315111,4.5805823791724825,0.6637356409155946,0.10190507901439072,0.6086956521739131,0.0,0.0,0.0,0.0,0.0,0.0,0.4400464298356304,0.405357001000084,0.6093921983847395,0.6538037228165194,2.276383977982977,2.6721093949163333,2.7164304078186072,3.1177981989458203,0.4400464298356304,0.6093921983847395,/home/aaa/data/qj/stable-baselines3-master/risk_curriculum_metadrive/outputs/ijmlc_p2_external_baselines/rcpo_lagrangian_1m_nenv16/rcpo_lagrangian_ppo_s1/config.json,/home/aaa/data/qj/stable-baselines3-master/risk_curriculum_metadrive/outputs/ijmlc_p2_external_baselines/rcpo_lagrangian_1m_nenv16/rcpo_lagrangian_ppo_s1/model/final_model.zip
rcpo_lagrangian,external_safe_rl,rcpo_lagrangian,ppo,1,none,0.08,20000,20017,17,0.0,1.0,0.1110505961051139,0.0,0.0,0.0,1.0,68.0,15.786850044695505,-8.825057094498828,35.00029966136819,36.10417755278441,7.913915922303797,0.0,1.0,0.1110505961051139,64.8288067157226,,,0.0,0.0,0.0,0.0,0.0,0.0,0.0,0.0,0.44008580837672684,0.3998904940090142,0.6132608003099449,0.7518279712530781,1.6826217791223077,2.0016067472170107,2.1227075874990344,2.499681251356378,0.44008580837672684,0.6132608003099449,/home/aaa/data/qj/stable-baselines3-master/risk_curriculum_metadrive/outputs/ijmlc_p2_external_baselines/rcpo_lagrangian_1m_nenv16/rcpo_lagrangian_ppo_s1/config.json,/home/aaa/data/qj/stable-baselines3-master/risk_curriculum_metadrive/outputs/ijmlc_p2_external_baselines/rcpo_lagrangian_1m_nenv16/rcpo_lagrangian_ppo_s1/model/final_model.zip
rcpo_lagrangian,external_safe_rl,rcpo_lagrangian,ppo,1,none,0.08,20000,20018,18,0.0,1.0,0.10159933141317128,0.0,0.0,0.0,1.0,86.0,28.342758273046336,-2.830640921081706,36.756719458242806,43.061318613273,9.718461472393638,0.0,1.0,0.10159933141317128,86.84777513038345,,,0.0,0.0,0.0,0.0,0.0,0.0,0.0,0.0,0.4418672679728547,0.39409550663549453,0.645648247882491,0.7619482450536454,1.755250628183455,1.934421747137094,2.1971178961563096,2.5146765074168798,0.4418672679728547,0.645648247882491,/home/aaa/data/qj/stable-baselines3-master/risk_curriculum_metadrive/outputs/ijmlc_p2_external_baselines/rcpo_lagrangian_1m_nenv16/rcpo_lagrangian_ppo_s1/config.json,/home/aaa/data/qj/stable-baselines3-master/risk_curriculum_metadrive/outputs/ijmlc_p2_external_baselines/rcpo_lagrangian_1m_nenv16/rcpo_lagrangian_ppo_s1/model/final_model.zip
rcpo_lagrangian,external_safe_rl,rcpo_lagrangian,ppo,1,none,0.08,20000,20019,19,0.0,1.0,0.31396230694240884,1.0,1.0,0.0,0.0,153.0,99.94831625842811,39.29302733748631,42.55124679921589,45.845319679582516,16.021844321392575,0.006535947712418301,0.0,0.31396230694240884,179.38739439307315,4.1874004007608425,0.4764757784672505,0.10377365709494125,0.6923076923076923,0.0,0.0,0.0,0.0,0.0,0.0,0.4157902745361093,0.3865950129693374,0.6135235977126285,0.6648234359454364,1.7114077897109334,3.672480196109973,2.1271980642470427,4.063728597247973,0.4157902745361093,0.6135235977126285,/home/aaa/data/qj/stable-baselines3-master/risk_curriculum_metadrive/outputs/ijmlc_p2_external_baselines/rcpo_lagrangian_1m_nenv16/rcpo_lagrangian_ppo_s1/config.json,/home/aaa/data/qj/stable-baselines3-master/risk_curriculum_metadrive/outputs/ijmlc_p2_external_baselines/rcpo_lagrangian_1m_nenv16/rcpo_lagrangian_ppo_s1/model/final_model.zip
rcpo_lagrangian,external_safe_rl,rcpo_lagrangian,ppo,1,none,0.15,10000,10000,0,0.0,1.0,0.1421221105278197,1.0,1.0,0.0,0.0,72.0,25.15966464026544,-3.2065043640326856,35.83939523995329,38.19886365490399,8.612729710189232,0.0,1.0,0.1421221105278197,70.66281456145688,12.626250039443153,0.5650527118658984,0.09189918904322472,0.3448275862068966,0.0,0.0,0.0,0.0,0.0,0.0,0.4747591527929116,0.43922150507569313,0.6349343035253696,0.6721061910502613,4.07209301435311,5.0005538018012885,4.546852167146022,5.55557910411153,0.4747591527929116,0.6349343035253696,/home/aaa/data/qj/stable-baselines3-master/risk_curriculum_metadrive/outputs/ijmlc_p2_external_baselines/rcpo_lagrangian_1m_nenv16/rcpo_lagrangian_ppo_s1/config.json,/home/aaa/data/qj/stable-baselines3-master/risk_curriculum_metadrive/outputs/ijmlc_p2_external_baselines/rcpo_lagrangian_1m_nenv16/rcpo_lagrangian_ppo_s1/model/final_model.zip
rcpo_lagrangian,external_safe_rl,rcpo_lagrangian,ppo,1,none,0.15,10000,10001,1,0.0,1.0,0.17838790328033,1.0,1.0,0.0,0.0,80.0,57.478826677260145,14.041050437039978,39.92165773385426,42.94894564362854,9.468205101707463,0.0,1.0,0.17838790328033,87.2026989398752,13.85387574246037,0.4357346379010614,0.15592608724641113,0.2786885245901639,0.0,0.0,0.0,0.0,0.0,0.0,0.456296087395458,0.41712199890753254,0.6227007521374617,0.7958260174200403,2.813409612099349,3.2434114451461937,3.269705699494807,3.7471043469849974,0.456296087395458,0.6227007521374617,/home/aaa/data/qj/stable-baselines3-master/risk_curriculum_metadrive/outputs/ijmlc_p2_external_baselines/rcpo_lagrangian_1m_nenv16/rcpo_lagrangian_ppo_s1/config.json,/home/aaa/data/qj/stable-baselines3-master/risk_curriculum_metadrive/outputs/ijmlc_p2_external_baselines/rcpo_lagrangian_1m_nenv16/rcpo_lagrangian_ppo_s1/model/final_model.zip
rcpo_lagrangian,external_safe_rl,rcpo_lagrangian,ppo,1,none,0.15,10000,10002,2,0.0,1.0,0.11046795571981069,1.0,1.0,0.0,0.0,63.0,19.427301854290377,-7.022310401260494,33.32941785351446,33.64349216901052,7.586634893001435,0.0,1.0,0.11046795571981069,57.168317468953724,6.6775745617409665,0.5010256190989132,0.2825317220092658,0.6037735849056604,0.0,0.0,0.0,0.0,0.0,0.0,0.4804667458677339,0.4362720064818859,0.6632406963035464,0.6811673397896812,3.6490571907802765,4.175095105892979,4.1295239366480105,4.725909094850067,0.4804667458677339,0.6632406963035464,/home/aaa/data/qj/stable-baselines3-master/risk_curriculum_metadrive/outputs/ijmlc_p2_external_baselines/rcpo_lagrangian_1m_nenv16/rcpo_lagrangian_ppo_s1/config.json,/home/aaa/data/qj/stable-baselines3-master/risk_curriculum_metadrive/outputs/ijmlc_p2_external_baselines/rcpo_lagrangian_1m_nenv16/rcpo_lagrangian_ppo_s1/model/final_model.zip
rcpo_lagrangian,external_safe_rl,rcpo_lagrangian,ppo,1,none,0.15,10000,10003,3,0.0,1.0,0.18735603854098204,1.0,1.0,0.0,0.0,75.0,66.97334929915668,19.05735580580778,40.92321926440954,41.808630706080365,9.243841358310734,0.0,1.0,0.18735603854098204,84.07026241056285,5.38497314827697,0.44442433955994387,0.23619324520145107,0.5555555555555556,0.0,0.0,0.0,0.0,0.0,0.0,0.4646904269854228,0.4327260103309527,0.6794365050154738,0.747738982900046,1.8520785870108132,2.1631894938764162,2.316769013996236,2.6439541077706963,0.4646904269854228,0.6794365050154738,/home/aaa/data/qj/stable-baselines3-master/risk_curriculum_metadrive/outputs/ijmlc_p2_external_baselines/rcpo_lagrangian_1m_nenv16/rcpo_lagrangian_ppo_s1/config.json,/home/aaa/data/qj/stable-baselines3-master/risk_curriculum_metadrive/outputs/ijmlc_p2_external_baselines/rcpo_lagrangian_1m_nenv16/rcpo_lagrangian_ppo_s1/model/final_model.zip
rcpo_lagrangian,external_safe_rl,rcpo_lagrangian,ppo,1,none,0.15,10000,10004,4,0.0,1.0,0.17769750481976193,1.0,1.0,0.0,0.0,91.0,59.85991694484417,15.210883617014947,38.52468377526167,36.35573473532346,10.698330487405654,0.0,1.0,0.17769750481976193,96.38070629500086,5.268764737405224,0.4170901020706252,0.1501407943421254,0.4772727272727273,0.0,0.0,0.0,0.0,0.0,0.0,0.46861168044455515,0.4251179925631732,0.6373360010911711,0.688769295811653,3.3557180649150613,4.626991503755562,3.8243297453596163,5.1663529957295395,0.46861168044455515,0.6373360010911711,/home/aaa/data/qj/stable-baselines3-master/risk_curriculum_metadrive/outputs/ijmlc_p2_external_baselines/rcpo_lagrangian_1m_nenv16/rcpo_lagrangian_ppo_s1/config.json,/home/aaa/data/qj/stable-baselines3-master/risk_curriculum_metadrive/outputs/ijmlc_p2_external_baselines/rcpo_lagrangian_1m_nenv16/rcpo_lagrangian_ppo_s1/model/final_model.zip
rcpo_lagrangian,external_safe_rl,rcpo_lagrangian,ppo,1,none,0.15,10000,10005,5,0.0,1.0,0.17494550135763576,1.0,1.0,0.0,0.0,74.0,27.41783373817716,-1.0927180901823412,40.697466955376534,40.918152841655996,9.136687935353363,0.0,1.0,0.17494550135763576,82.33888171705667,4.380857191399468,0.37728712461012226,0.23760237689424477,0.6296296296296297,0.0,0.0,0.0,0.0,0.0,0.0,0.39460459457414626,0.39203099731821567,0.5426797521067782,0.6106854841345921,2.862596635807406,3.550607050419785,3.2572012303815527,3.9262712489289697,0.39460459457414626,0.5426797521067782,/home/aaa/data/qj/stable-baselines3-master/risk_curriculum_metadrive/outputs/ijmlc_p2_external_baselines/rcpo_lagrangian_1m_nenv16/rcpo_lagrangian_ppo_s1/config.json,/home/aaa/data/qj/stable-baselines3-master/risk_curriculum_metadrive/outputs/ijmlc_p2_external_baselines/rcpo_lagrangian_1m_nenv16/rcpo_lagrangian_ppo_s1/model/final_model.zip
rcpo_lagrangian,external_safe_rl,rcpo_lagrangian,ppo,1,none,0.15,10000,10006,6,0.0,1.0,0.21252088304344968,0.0,0.0,0.0,1.0,114.0,63.71165897418763,18.18145597839731,42.217217399092554,50.080277618017746,13.64399232328111,0.0,0.0,0.21252088304344968,132.57353423291337,5.487143236719982,0.35741791433987985,0.16039153201088974,0.6470588235294118,0.0,0.0,0.0,0.0,0.0,0.0,0.4397274394266373,0.407983003242407,0.6173758483782876,0.6737579178297894,2.691901781521697,3.101442047773162,3.131629220948334,3.5930651072703768,0.4397274394266373,0.6173758483782876,/home/aaa/data/qj/stable-baselines3-master/risk_curriculum_metadrive/outputs/ijmlc_p2_external_baselines/rcpo_lagrangian_1m_nenv16/rcpo_lagrangian_ppo_s1/config.json,/home/aaa/data/qj/stable-baselines3-master/risk_curriculum_metadrive/outputs/ijmlc_p2_external_baselines/rcpo_lagrangian_1m_nenv16/rcpo_lagrangian_ppo_s1/model/final_model.zip
rcpo_lagrangian,external_safe_rl,rcpo_lagrangian,ppo,1,none,0.15,10000,10007,7,0.0,1.0,0.09766135116160707,1.0,1.0,0.0,0.0,76.0,54.390766722822576,10.075223896259502,37.185604290477436,38.53915938064874,8.528524795018043,0.013157894736842105,1.0,0.09766135116160707,77.25542077995222,3.7580646211038187,0.4566034612695414,0.2926081401382527,0.7413793103448276,0.0,0.0,0.0,0.0,0.0,0.0,0.48163730446647507,0.44319800508674234,0.6633465018239804,0.6961409999348689,4.427671842820832,4.927063000650378,4.909309147287307,5.527964494831394,0.48163730446647507,0.6633465018239804,/home/aaa/data/qj/stable-baselines3-master/risk_curriculum_metadrive/outputs/ijmlc_p2_external_baselines/rcpo_lagrangian_1m_nenv16/rcpo_lagrangian_ppo_s1/config.json,/home/aaa/data/qj/stable-baselines3-master/risk_curriculum_metadrive/outputs/ijmlc_p2_external_baselines/rcpo_lagrangian_1m_nenv16/rcpo_lagrangian_ppo_s1/model/final_model.zip
rcpo_lagrangian,external_safe_rl,rcpo_lagrangian,ppo,1,none,0.15,10000,10008,8,0.0,1.0,0.15056607824170506,0.0,0.0,0.0,1.0,74.0,44.07024909349304,6.502106893997681,36.628312303057285,39.743877784525374,8.804540401355059,0.0,1.0,0.15056607824170506,74.10612941339198,22.87816395882644,6.497695860012919,0.0,0.0,0.0,0.0,0.0,0.0,0.0,0.0,0.48114017566124834,0.4380965037853457,0.6510802515549583,0.6848064438963775,2.0911205008176053,2.3288947420951445,2.572260676478854,2.892867698392365,0.48114017566124834,0.6510802515549583,/home/aaa/data/qj/stable-baselines3-master/risk_curriculum_metadrive/outputs/ijmlc_p2_external_baselines/rcpo_lagrangian_1m_nenv16/rcpo_lagrangian_ppo_s1/config.json,/home/aaa/data/qj/stable-baselines3-master/risk_curriculum_metadrive/outputs/ijmlc_p2_external_baselines/rcpo_lagrangian_1m_nenv16/rcpo_lagrangian_ppo_s1/model/final_model.zip
rcpo_lagrangian,external_safe_rl,rcpo_lagrangian,ppo,1,none,0.15,10000,10009,9,0.0,1.0,0.1963721474314922,1.0,1.0,0.0,0.0,80.0,44.78871249655139,8.235520671220453,38.742741653199644,42.43128099826489,9.295266057912661,0.0,1.0,0.1963721474314922,85.11532428069334,14.94854100362043,0.537692755300008,0.138871661775852,0.5,0.0,0.0,0.0,0.0,0.0,0.0,0.41337457460031146,0.4014970036223531,0.5599210053333081,0.6480970639677252,2.6414789137561456,3.184296797553543,3.054853488356457,3.674057492025895,0.41337457460031146,0.5599210053333081,/home/aaa/data/qj/stable-baselines3-master/risk_curriculum_metadrive/outputs/ijmlc_p2_external_baselines/rcpo_lagrangian_1m_nenv16/rcpo_lagrangian_ppo_s1/config.json,/home/aaa/data/qj/stable-baselines3-master/risk_curriculum_metadrive/outputs/ijmlc_p2_external_baselines/rcpo_lagrangian_1m_nenv16/rcpo_lagrangian_ppo_s1/model/final_model.zip
rcpo_lagrangian,external_safe_rl,rcpo_lagrangian,ppo,1,none,0.15,10000,10010,10,0.0,1.0,0.09758770918645795,1.0,1.0,0.0,0.0,62.0,22.614367121621292,-5.865185163595623,30.486552541972596,30.781584024248332,7.087790398070075,0.016129032258064516,1.0,0.09758770918645795,51.667069157790976,11.684853277792463,0.5287895135161343,0.263870760543219,0.5614035087719298,0.0,0.0,0.0,0.0,0.0,0.0,0.46046469346507485,0.41966899880208075,0.6386540444509592,0.6707221319084056,3.662434857687913,4.225552200659877,4.122899551152988,4.751358190696919,0.46046469346507485,0.6386540444509592,/home/aaa/data/qj/stable-baselines3-master/risk_curriculum_metadrive/outputs/ijmlc_p2_external_baselines/rcpo_lagrangian_1m_nenv16/rcpo_lagrangian_ppo_s1/config.json,/home/aaa/data/qj/stable-baselines3-master/risk_curriculum_metadrive/outputs/ijmlc_p2_external_baselines/rcpo_lagrangian_1m_nenv16/rcpo_lagrangian_ppo_s1/model/final_model.zip
rcpo_lagrangian,external_safe_rl,rcpo_lagrangian,ppo,1,none,0.15,10000,10011,11,0.0,1.0,0.3202559801600368,1.0,1.0,0.0,0.0,138.0,77.6514653844958,28.383412097048975,49.942365571136975,61.02793750637734,15.868368863076517,0.0,0.0,0.3202559801600368,190.36402495175605,5.239799345788887,0.05015973467586305,0.3360056891975712,0.6271186440677966,0.0,0.0,0.0,0.0,0.0,0.0,0.45048490616297215,0.42145250336034223,0.6114971969509497,0.6648523252806625,4.024903370325616,4.444178505946184,4.475388276488587,4.961748849018477,0.45048490616297215,0.6114971969509497,/home/aaa/data/qj/stable-baselines3-master/risk_curriculum_metadrive/outputs/ijmlc_p2_external_baselines/rcpo_lagrangian_1m_nenv16/rcpo_lagrangian_ppo_s1/config.json,/home/aaa/data/qj/stable-baselines3-master/risk_curriculum_metadrive/outputs/ijmlc_p2_external_baselines/rcpo_lagrangian_1m_nenv16/rcpo_lagrangian_ppo_s1/model/final_model.zip
rcpo_lagrangian,external_safe_rl,rcpo_lagrangian,ppo,1,none,0.15,10000,10012,12,0.0,1.0,0.15747931798600542,1.0,1.0,0.0,0.0,73.0,43.33068422002936,6.339721649594846,35.62596207186572,39.19638015576711,8.70101095785187,0.0,1.0,0.15747931798600542,71.14808886897931,1.2824735702589565,0.032491373964941714,0.14259005483938247,1.0,0.0,0.0,0.0,0.0,0.0,0.0,0.414706191705055,0.3810500056715682,0.49762900744099164,1.253220075741411,1.9789750686581948,2.3612371966009955,2.39368126036325,2.7332825993653387,0.414706191705055,0.49762900744099164,/home/aaa/data/qj/stable-baselines3-master/risk_curriculum_metadrive/outputs/ijmlc_p2_external_baselines/rcpo_lagrangian_1m_nenv16/rcpo_lagrangian_ppo_s1/config.json,/home/aaa/data/qj/stable-baselines3-master/risk_curriculum_metadrive/outputs/ijmlc_p2_external_baselines/rcpo_lagrangian_1m_nenv16/rcpo_lagrangian_ppo_s1/model/final_model.zip
rcpo_lagrangian,external_safe_rl,rcpo_lagrangian,ppo,1,none,0.15,10000,10013,13,0.0,1.0,0.14460235312102726,0.0,0.0,0.0,1.0,84.0,36.11498129032107,2.345561238791351,37.30214376456585,44.06363720415021,9.979892866502007,0.0,1.0,0.14460235312102726,86.05007571907564,,,0.0,0.0,0.0,0.0,0.0,0.0,0.0,0.0,0.4658728570835332,0.42018449312308803,0.6478173592768143,0.8638108828745329,2.890667535601616,3.482189599162666,3.3565403926851496,3.9684378512902185,0.4658728570835332,0.6478173592768143,/home/aaa/data/qj/stable-baselines3-master/risk_curriculum_metadrive/outputs/ijmlc_p2_external_baselines/rcpo_lagrangian_1m_nenv16/rcpo_lagrangian_ppo_s1/config.json,/home/aaa/data/qj/stable-baselines3-master/risk_curriculum_metadrive/outputs/ijmlc_p2_external_baselines/rcpo_lagrangian_1m_nenv16/rcpo_lagrangian_ppo_s1/model/final_model.zip
rcpo_lagrangian,external_safe_rl,rcpo_lagrangian,ppo,1,none,0.15,10000,10014,14,0.0,1.0,0.0834245970957809,0.0,0.0,0.0,1.0,69.0,36.46788251821258,0.6866791719797156,34.65478924092312,37.215017319632004,8.298125621518677,0.0,1.0,0.0834245970957809,65.23951528827442,,,0.0,0.0,0.0,0.0,0.0,0.0,0.0,0.0,0.4495952756690752,0.42326300172135234,0.6478411989519373,0.6962725619086994,4.757245245855302,5.647274400689639,5.206840521524377,6.058612998458557,0.4495952756690752,0.6478411989519373,/home/aaa/data/qj/stable-baselines3-master/risk_curriculum_metadrive/outputs/ijmlc_p2_external_baselines/rcpo_lagrangian_1m_nenv16/rcpo_lagrangian_ppo_s1/config.json,/home/aaa/data/qj/stable-baselines3-master/risk_curriculum_metadrive/outputs/ijmlc_p2_external_baselines/rcpo_lagrangian_1m_nenv16/rcpo_lagrangian_ppo_s1/model/final_model.zip
rcpo_lagrangian,external_safe_rl,rcpo_lagrangian,ppo,1,none,0.15,10000,10015,15,0.0,1.0,0.2289523172095678,0.0,0.0,0.0,1.0,119.0,44.146075069673806,8.891607051123938,50.0538665511702,61.60045183153651,13.661333771051636,0.0,0.0,0.2289523172095678,164.00554747001632,4.839074097661645,0.9538401638268614,0.13017975847636676,0.5166666666666667,0.0,0.0,0.0,0.0,0.0,0.0,0.44456413350784135,0.41198798862751573,0.6342266933643259,0.7185671073966655,3.1062923615138995,3.4713863977231085,3.5508564950217405,4.015750291000586,0.44456413350784135,0.6342266933643259,/home/aaa/data/qj/stable-baselines3-master/risk_curriculum_metadrive/outputs/ijmlc_p2_external_baselines/rcpo_lagrangian_1m_nenv16/rcpo_lagrangian_ppo_s1/config.json,/home/aaa/data/qj/stable-baselines3-master/risk_curriculum_metadrive/outputs/ijmlc_p2_external_baselines/rcpo_lagrangian_1m_nenv16/rcpo_lagrangian_ppo_s1/model/final_model.zip
rcpo_lagrangian,external_safe_rl,rcpo_lagrangian,ppo,1,none,0.15,10000,10016,16,0.0,1.0,0.30454537971694357,0.0,0.0,0.0,1.0,120.0,74.13053068782757,26.101626735422077,47.3862943258755,56.48980142343564,12.677876912688268,0.008333333333333333,0.0,0.30454537971694357,156.71151026052584,,,0.0,0.0,0.0,0.0,0.0,0.0,0.0,0.0,0.44921206645085476,0.4156284994678572,0.6527572906634305,0.7728763108025305,2.901471215833832,3.488427443517139,3.350683282284687,4.018951455509523,0.44921206645085476,0.6527572906634305,/home/aaa/data/qj/stable-baselines3-master/risk_curriculum_metadrive/outputs/ijmlc_p2_external_baselines/rcpo_lagrangian_1m_nenv16/rcpo_lagrangian_ppo_s1/config.json,/home/aaa/data/qj/stable-baselines3-master/risk_curriculum_metadrive/outputs/ijmlc_p2_external_baselines/rcpo_lagrangian_1m_nenv16/rcpo_lagrangian_ppo_s1/model/final_model.zip
rcpo_lagrangian,external_safe_rl,rcpo_lagrangian,ppo,1,none,0.15,10000,10017,17,0.0,1.0,0.11493766707878598,1.0,1.0,0.0,0.0,78.0,50.76444170636505,8.780350865546097,39.42272260450943,42.07315084748927,9.24996308715495,0.0,1.0,0.11493766707878598,84.40512233524201,11.394270683628001,0.5106541483137187,0.22958117433411518,0.5076923076923077,0.0,0.0,0.0,0.0,0.0,0.0,0.5017437176250567,0.45689701073570177,0.6718469972838648,0.7382296159630646,5.017045153624331,5.856939443037845,5.518788871249387,6.378118012798949,0.5017437176250567,0.6718469972838648,/home/aaa/data/qj/stable-baselines3-master/risk_curriculum_metadrive/outputs/ijmlc_p2_external_baselines/rcpo_lagrangian_1m_nenv16/rcpo_lagrangian_ppo_s1/config.json,/home/aaa/data/qj/stable-baselines3-master/risk_curriculum_metadrive/outputs/ijmlc_p2_external_baselines/rcpo_lagrangian_1m_nenv16/rcpo_lagrangian_ppo_s1/model/final_model.zip
rcpo_lagrangian,external_safe_rl,rcpo_lagrangian,ppo,1,none,0.15,10000,10018,18,0.0,1.0,0.3064494230943805,1.0,1.0,0.0,0.0,101.0,72.34721922015139,25.3170923029071,48.046530564171405,53.93048186984352,11.890026127115291,0.0,0.0,0.3064494230943805,133.63750434777722,3.1521762372159596,0.40917781519785024,0.14821629944801168,0.7777777777777778,0.0,0.0,0.0,0.0,0.0,0.0,0.43247802941460567,0.4116060008527711,0.6340700056171045,0.7570230081910267,3.2245302964739575,3.7105000083101913,3.657008325888563,4.1926220001187176,0.43247802941460567,0.6340700056171045,/home/aaa/data/qj/stable-baselines3-master/risk_curriculum_metadrive/outputs/ijmlc_p2_external_baselines/rcpo_lagrangian_1m_nenv16/rcpo_lagrangian_ppo_s1/config.json,/home/aaa/data/qj/stable-baselines3-master/risk_curriculum_metadrive/outputs/ijmlc_p2_external_baselines/rcpo_lagrangian_1m_nenv16/rcpo_lagrangian_ppo_s1/model/final_model.zip
rcpo_lagrangian,external_safe_rl,rcpo_lagrangian,ppo,1,none,0.15,10000,10019,19,0.0,1.0,0.5555696028662398,1.0,1.0,0.0,0.0,280.0,167.564479398937,80.39932778545568,51.5370148097609,56.44859434299212,28.92836065994536,0.0,0.0,0.5555696028662398,399.45798987430044,2.8397219015993453,0.5729384071203824,0.06227407875458759,0.8918918918918919,0.0,0.0,0.0,0.0,0.0,0.0,0.4716192822213218,0.44224949670024216,0.654937703802716,0.7304515963187441,4.79178350714002,6.67956089891959,5.263402789361343,7.188450845569605,0.4716192822213218,0.654937703802716,/home/aaa/data/qj/stable-baselines3-master/risk_curriculum_metadrive/outputs/ijmlc_p2_external_baselines/rcpo_lagrangian_1m_nenv16/rcpo_lagrangian_ppo_s1/config.json,/home/aaa/data/qj/stable-baselines3-master/risk_curriculum_metadrive/outputs/ijmlc_p2_external_baselines/rcpo_lagrangian_1m_nenv16/rcpo_lagrangian_ppo_s1/model/final_model.zip
rcpo_lagrangian,external_safe_rl,rcpo_lagrangian,ppo,1,none,0.15,20000,20000,0,0.0,1.0,0.2959719136070594,1.0,1.0,0.0,0.0,87.0,73.2088684899345,25.43359165317905,42.82425472609899,45.508807489633185,10.162744735272389,0.0,0.0,0.2959719136070594,102.2330391931519,6.052821236747494,0.4090618484502023,0.18398521582627583,0.42028985507246375,0.0,0.0,0.0,0.0,0.0,0.0,0.4139327582630232,0.3836210089502856,0.61758700030623,0.8305006372393114,1.7815052875218613,2.2453875935752876,2.1954380457848846,2.6609406937495805,0.4139327582630232,0.61758700030623,/home/aaa/data/qj/stable-baselines3-master/risk_curriculum_metadrive/outputs/ijmlc_p2_external_baselines/rcpo_lagrangian_1m_nenv16/rcpo_lagrangian_ppo_s1/config.json,/home/aaa/data/qj/stable-baselines3-master/risk_curriculum_metadrive/outputs/ijmlc_p2_external_baselines/rcpo_lagrangian_1m_nenv16/rcpo_lagrangian_ppo_s1/model/final_model.zip
rcpo_lagrangian,external_safe_rl,rcpo_lagrangian,ppo,1,none,0.15,20000,20001,1,0.0,1.0,0.35537535767577916,0.0,0.0,0.0,1.0,148.0,77.00317259594124,29.062847028244004,46.934742404729874,50.807787903196186,15.759100987170772,0.006756756756756757,0.0,0.35537535767577916,191.46267607199394,14.017321230311031,2.5803551470472645,0.04487694789019172,0.47619047619047616,0.0,0.0,0.0,0.0,0.0,0.0,0.4469331887210845,0.41698950371937826,0.638891007838538,0.7642000188934617,2.7100092963853575,3.4665565493924078,3.156942485106442,3.964272009761771,0.4469331887210845,0.638891007838538,/home/aaa/data/qj/stable-baselines3-master/risk_curriculum_metadrive/outputs/ijmlc_p2_external_baselines/rcpo_lagrangian_1m_nenv16/rcpo_lagrangian_ppo_s1/config.json,/home/aaa/data/qj/stable-baselines3-master/risk_curriculum_metadrive/outputs/ijmlc_p2_external_baselines/rcpo_lagrangian_1m_nenv16/rcpo_lagrangian_ppo_s1/model/final_model.zip
rcpo_lagrangian,external_safe_rl,rcpo_lagrangian,ppo,1,none,0.15,20000,20002,2,0.0,1.0,0.27805322943090843,1.0,1.0,0.0,0.0,101.0,97.07970145189617,36.831447608875365,47.5905275487423,53.1017997810415,12.177572030714868,0.0,0.0,0.27805322943090843,132.10047877767815,1.6982194792676133,0.3103239139619898,0.12785939776873614,0.9473684210526315,0.0,0.0,0.0,0.0,0.0,0.0,0.43659226676117224,0.4106660053366795,0.6322239933069795,0.7080089999362826,3.0539203961068617,4.395370007841848,3.490512662868034,4.921561005176045,0.43659226676117224,0.6322239933069795,/home/aaa/data/qj/stable-baselines3-master/risk_curriculum_metadrive/outputs/ijmlc_p2_external_baselines/rcpo_lagrangian_1m_nenv16/rcpo_lagrangian_ppo_s1/config.json,/home/aaa/data/qj/stable-baselines3-master/risk_curriculum_metadrive/outputs/ijmlc_p2_external_baselines/rcpo_lagrangian_1m_nenv16/rcpo_lagrangian_ppo_s1/model/final_model.zip
rcpo_lagrangian,external_safe_rl,rcpo_lagrangian,ppo,1,none,0.15,20000,20003,3,0.0,1.0,0.2734920997932489,1.0,1.0,0.0,0.0,126.0,72.17628888352371,24.242907435559342,53.12111785709265,62.615015871475585,13.713539666109053,0.0,0.0,0.2734920997932489,184.37872116016115,3.2597809470541614,0.34906947134950816,0.20537965528476326,0.8412698412698413,0.0,0.0,0.0,0.0,0.0,0.0,0.44081144363782,0.41858849726850167,0.6387527428159956,0.7559004952781834,3.8809372860077205,4.399877259857021,4.321748729645541,4.993360249500256,0.44081144363782,0.6387527428159956,/home/aaa/data/qj/stable-baselines3-master/risk_curriculum_metadrive/outputs/ijmlc_p2_external_baselines/rcpo_lagrangian_1m_nenv16/rcpo_lagrangian_ppo_s1/config.json,/home/aaa/data/qj/stable-baselines3-master/risk_curriculum_metadrive/outputs/ijmlc_p2_external_baselines/rcpo_lagrangian_1m_nenv16/rcpo_lagrangian_ppo_s1/model/final_model.zip
rcpo_lagrangian,external_safe_rl,rcpo_lagrangian,ppo,1,none,0.15,20000,20004,4,0.0,1.0,0.30285138834083364,1.0,1.0,0.0,0.0,109.0,117.16261285426337,47.61684807735673,50.170003423146355,56.18267253655733,12.07828422305253,0.0,0.0,0.30285138834083364,150.10945849923064,2.023730272595395,0.3727225287772765,0.1747534518843071,1.0,0.0,0.0,0.0,0.0,0.0,0.0,0.3995300647631766,0.39477400423493236,0.5966074066236614,0.6669901550048962,2.4668071019824236,2.951254806248471,2.8663371667456,3.45303900539875,0.3995300647631766,0.5966074066236614,/home/aaa/data/qj/stable-baselines3-master/risk_curriculum_metadrive/outputs/ijmlc_p2_external_baselines/rcpo_lagrangian_1m_nenv16/rcpo_lagrangian_ppo_s1/config.json,/home/aaa/data/qj/stable-baselines3-master/risk_curriculum_metadrive/outputs/ijmlc_p2_external_baselines/rcpo_lagrangian_1m_nenv16/rcpo_lagrangian_ppo_s1/model/final_model.zip
rcpo_lagrangian,external_safe_rl,rcpo_lagrangian,ppo,1,none,0.15,20000,20005,5,0.0,1.0,0.09023383170572162,1.0,1.0,0.0,0.0,60.0,30.796314208153404,-1.9448279447516583,29.80712016790279,30.52549426177707,6.905532695570547,0.016666666666666666,1.0,0.09023383170572162,48.89463747051459,11.571402648095658,0.5188607297382989,0.27346421645319674,0.5925925925925926,0.0,0.0,0.0,0.0,0.0,0.0,0.47297961621855694,0.4488654958549887,0.6141125013527925,0.8403334759350388,4.648753899042883,5.849652692995733,5.12173351526144,6.368249648949131,0.47297961621855694,0.6141125013527925,/home/aaa/data/qj/stable-baselines3-master/risk_curriculum_metadrive/outputs/ijmlc_p2_external_baselines/rcpo_lagrangian_1m_nenv16/rcpo_lagrangian_ppo_s1/config.json,/home/aaa/data/qj/stable-baselines3-master/risk_curriculum_metadrive/outputs/ijmlc_p2_external_baselines/rcpo_lagrangian_1m_nenv16/rcpo_lagrangian_ppo_s1/model/final_model.zip
rcpo_lagrangian,external_safe_rl,rcpo_lagrangian,ppo,1,none,0.15,20000,20006,6,0.0,1.0,0.11653942864327657,0.0,0.0,0.0,1.0,71.0,44.18045462459024,5.486410171593409,33.608807668559194,35.295303053520044,7.881992506242203,0.014084507042253521,1.0,0.11653942864327657,65.14218911720171,,,0.0,0.0,0.0,0.0,0.0,0.0,0.0,0.0,0.4163837045165513,0.4032200085930526,0.6173084984766319,0.650939108163584,2.625303043086987,3.3501604993944056,3.041686747603538,3.817652504949365,0.4163837045165513,0.6173084984766319,/home/aaa/data/qj/stable-baselines3-master/risk_curriculum_metadrive/outputs/ijmlc_p2_external_baselines/rcpo_lagrangian_1m_nenv16/rcpo_lagrangian_ppo_s1/config.json,/home/aaa/data/qj/stable-baselines3-master/risk_curriculum_metadrive/outputs/ijmlc_p2_external_baselines/rcpo_lagrangian_1m_nenv16/rcpo_lagrangian_ppo_s1/model/final_model.zip
rcpo_lagrangian,external_safe_rl,rcpo_lagrangian,ppo,1,none,0.15,20000,20007,7,0.0,1.0,0.18782858057458182,1.0,1.0,0.0,0.0,75.0,48.7267898474379,9.948252340956415,38.28182557095189,41.33555913602054,9.154654029591105,0.0,1.0,0.18782858057458182,78.5439045566659,10.271984904705619,0.516362577039519,0.30928031086818497,0.5070422535211268,0.0,0.0,0.0,0.0,0.0,0.0,0.43117331981193274,0.39956999535206705,0.6101932027377188,0.6490684361779135,2.3441979727552584,2.6669485043385066,2.775371292567191,3.1129721042816527,0.43117331981193274,0.6101932027377188,/home/aaa/data/qj/stable-baselines3-master/risk_curriculum_metadrive/outputs/ijmlc_p2_external_baselines/rcpo_lagrangian_1m_nenv16/rcpo_lagrangian_ppo_s1/config.json,/home/aaa/data/qj/stable-baselines3-master/risk_curriculum_metadrive/outputs/ijmlc_p2_external_baselines/rcpo_lagrangian_1m_nenv16/rcpo_lagrangian_ppo_s1/model/final_model.zip
rcpo_lagrangian,external_safe_rl,rcpo_lagrangian,ppo,1,none,0.15,20000,20008,8,0.0,1.0,0.36400730139635135,1.0,1.0,0.0,0.0,171.0,121.67582131266099,51.70812969822103,51.99303452672825,61.22579221260481,18.607862629581287,0.0,0.0,0.36400730139635135,246.02581909973864,1.7302559902998638,0.10922110331435599,0.10712490543932457,0.9642857142857143,0.0,0.0,0.0,0.0,0.0,0.0,0.4447656664902028,0.42189400119241327,0.6373649957822636,0.6967927052755845,4.210676186481812,5.5985284998314455,4.6554418529720145,6.085357505071443,0.4447656664902028,0.6373649957822636,/home/aaa/data/qj/stable-baselines3-master/risk_curriculum_metadrive/outputs/ijmlc_p2_external_baselines/rcpo_lagrangian_1m_nenv16/rcpo_lagrangian_ppo_s1/config.json,/home/aaa/data/qj/stable-baselines3-master/risk_curriculum_metadrive/outputs/ijmlc_p2_external_baselines/rcpo_lagrangian_1m_nenv16/rcpo_lagrangian_ppo_s1/model/final_model.zip
rcpo_lagrangian,external_safe_rl,rcpo_lagrangian,ppo,1,none,0.15,20000,20009,9,0.0,1.0,0.3658318683126625,0.0,0.0,0.0,1.0,125.0,59.467612549865535,20.658762324312626,47.86644945247945,56.21541459257362,13.69509199325372,0.0,0.0,0.3658318683126625,165.04726890792097,2.331404705944002,2.119986466265065,0.021348762352447984,1.0,0.0,0.0,0.0,0.0,0.0,0.0,0.4468958239303902,0.4174739879090339,0.6377710087690502,0.6689194781938568,3.1716744563309476,3.9331285923253745,3.6185702802613378,4.57380200678017,0.4468958239303902,0.6377710087690502,/home/aaa/data/qj/stable-baselines3-master/risk_curriculum_metadrive/outputs/ijmlc_p2_external_baselines/rcpo_lagrangian_1m_nenv16/rcpo_lagrangian_ppo_s1/config.json,/home/aaa/data/qj/stable-baselines3-master/risk_curriculum_metadrive/outputs/ijmlc_p2_external_baselines/rcpo_lagrangian_1m_nenv16/rcpo_lagrangian_ppo_s1/model/final_model.zip
rcpo_lagrangian,external_safe_rl,rcpo_lagrangian,ppo,1,none,0.15,20000,20010,10,0.0,1.0,0.27987002418070783,1.0,1.0,0.0,0.0,97.0,91.2061106949781,33.94915607291023,45.88721048367833,49.44501879927948,10.92730396759282,0.0,0.0,0.27987002418070783,122.84022168329255,1.5040731171677266,0.3452347602106358,0.11532954665013685,1.0,0.0,0.0,0.0,0.0,0.0,0.0,0.3848261016567439,0.3732740005943924,0.5143289949046442,0.680381763959298,1.656663793255575,2.05145739892032,2.041489894912319,2.4472536111716146,0.3848261016567439,0.5143289949046442,/home/aaa/data/qj/stable-baselines3-master/risk_curriculum_metadrive/outputs/ijmlc_p2_external_baselines/rcpo_lagrangian_1m_nenv16/rcpo_lagrangian_ppo_s1/config.json,/home/aaa/data/qj/stable-baselines3-master/risk_curriculum_metadrive/outputs/ijmlc_p2_external_baselines/rcpo_lagrangian_1m_nenv16/rcpo_lagrangian_ppo_s1/model/final_model.zip
rcpo_lagrangian,external_safe_rl,rcpo_lagrangian,ppo,1,none,0.15,20000,20011,11,0.0,1.0,0.2485067960127836,1.0,1.0,0.0,0.0,104.0,59.06463946046121,16.937523610614104,45.29501637963344,54.94801003731638,11.810122038118458,0.0,0.0,0.2485067960127836,129.27285250780884,1.8091773759242449,0.05924218587698042,0.20863071003572242,1.0,0.0,0.0,0.0,0.0,0.0,0.0,0.49978474957102803,0.45784799294779077,0.6573395956365857,0.7195529196178541,5.444543096578295,6.369141855975613,5.9443278461493225,6.989381700986996,0.49978474957102803,0.6573395956365857,/home/aaa/data/qj/stable-baselines3-master/risk_curriculum_metadrive/outputs/ijmlc_p2_external_baselines/rcpo_lagrangian_1m_nenv16/rcpo_lagrangian_ppo_s1/config.json,/home/aaa/data/qj/stable-baselines3-master/risk_curriculum_metadrive/outputs/ijmlc_p2_external_baselines/rcpo_lagrangian_1m_nenv16/rcpo_lagrangian_ppo_s1/model/final_model.zip
rcpo_lagrangian,external_safe_rl,rcpo_lagrangian,ppo,1,none,0.15,20000,20012,12,0.0,1.0,0.13320610442113456,0.0,0.0,0.0,1.0,75.0,17.11956835077684,-7.4940326919775515,35.820012252863165,39.55178977463835,8.607518664865804,0.0,1.0,0.13320610442113456,73.51297351090841,,,0.0,0.0,0.0,0.0,0.0,0.0,0.0,0.0,0.3853211592650041,0.3751159965759143,0.587578692648094,0.6297268875641748,2.2376591194188222,2.6446991992997937,2.6229802786838263,3.0548959883162747,0.3853211592650041,0.587578692648094,/home/aaa/data/qj/stable-baselines3-master/risk_curriculum_metadrive/outputs/ijmlc_p2_external_baselines/rcpo_lagrangian_1m_nenv16/rcpo_lagrangian_ppo_s1/config.json,/home/aaa/data/qj/stable-baselines3-master/risk_curriculum_metadrive/outputs/ijmlc_p2_external_baselines/rcpo_lagrangian_1m_nenv16/rcpo_lagrangian_ppo_s1/model/final_model.zip
rcpo_lagrangian,external_safe_rl,rcpo_lagrangian,ppo,1,none,0.15,20000,20013,13,0.0,1.0,0.3793811028431238,1.0,1.0,0.0,0.0,223.0,127.98535427848412,55.27411022453576,42.00853786636554,45.67153003877724,22.449157810569908,0.004484304932735426,0.0,0.3793811028431238,259.1889857918145,2.4885145873017107,0.015670521640621028,0.12588435295734524,0.8627450980392157,0.0,0.0,0.0,0.0,0.0,0.0,0.4579035478206602,0.426844009780325,0.6620633052079937,0.7124282285803929,4.459181542465497,7.324548292672262,4.9170850902861565,7.816125894896686,0.4579035478206602,0.6620633052079937,/home/aaa/data/qj/stable-baselines3-master/risk_curriculum_metadrive/outputs/ijmlc_p2_external_baselines/rcpo_lagrangian_1m_nenv16/rcpo_lagrangian_ppo_s1/config.json,/home/aaa/data/qj/stable-baselines3-master/risk_curriculum_metadrive/outputs/ijmlc_p2_external_baselines/rcpo_lagrangian_1m_nenv16/rcpo_lagrangian_ppo_s1/model/final_model.zip
rcpo_lagrangian,external_safe_rl,rcpo_lagrangian,ppo,1,none,0.15,20000,20014,14,0.0,1.0,0.14015845595740437,1.0,1.0,0.0,0.0,76.0,23.718366106820625,-4.036063267867551,35.00903338063014,37.92163754285133,8.381814354173182,0.013157894736842105,1.0,0.14015845595740437,72.64321567751304,10.82656443443458,0.002729529124428506,0.29692617638791646,0.5625,0.0,0.0,0.0,0.0,0.0,0.0,0.4188132226868459,0.4009194963146001,0.567838749702787,0.6277245011006016,2.6579709470082125,3.073593758017523,3.0767841696950584,3.569832511857385,0.4188132226868459,0.567838749702787,/home/aaa/data/qj/stable-baselines3-master/risk_curriculum_metadrive/outputs/ijmlc_p2_external_baselines/rcpo_lagrangian_1m_nenv16/rcpo_lagrangian_ppo_s1/config.json,/home/aaa/data/qj/stable-baselines3-master/risk_curriculum_metadrive/outputs/ijmlc_p2_external_baselines/rcpo_lagrangian_1m_nenv16/rcpo_lagrangian_ppo_s1/model/final_model.zip
rcpo_lagrangian,external_safe_rl,rcpo_lagrangian,ppo,1,none,0.15,20000,20015,15,0.0,1.0,0.1243046735285816,0.0,0.0,0.0,1.0,81.0,18.517591556138456,-7.062064016073336,37.030659823134265,43.318480310352626,9.504933763044953,0.0,1.0,0.1243046735285816,82.30126003414755,,,0.0,0.0,0.0,0.0,0.0,0.0,0.0,0.0,0.44732993823637107,0.3995180013589561,0.616940000327304,0.7249203888932244,2.1522889509480905,2.6655480032786727,2.5996188891844616,3.102027010754682,0.44732993823637107,0.616940000327304,/home/aaa/data/qj/stable-baselines3-master/risk_curriculum_metadrive/outputs/ijmlc_p2_external_baselines/rcpo_lagrangian_1m_nenv16/rcpo_lagrangian_ppo_s1/config.json,/home/aaa/data/qj/stable-baselines3-master/risk_curriculum_metadrive/outputs/ijmlc_p2_external_baselines/rcpo_lagrangian_1m_nenv16/rcpo_lagrangian_ppo_s1/model/final_model.zip
rcpo_lagrangian,external_safe_rl,rcpo_lagrangian,ppo,1,none,0.15,20000,20016,16,0.0,1.0,0.10528266521400281,1.0,1.0,0.0,0.0,71.0,42.0292271719794,4.123093542409784,36.532721346216164,38.26439642861676,8.518674556093986,0.0,1.0,0.10528266521400281,71.00724650590513,9.840869511209924,0.09151045112064093,0.3104428490395411,0.5633802816901409,0.0,0.0,0.0,0.0,0.0,0.0,0.46748226765923623,0.42247900273650885,0.6208769918885082,0.9378660921356614,3.6944489143985573,4.503411997575313,4.161931182057794,4.946139000821859,0.46748226765923623,0.6208769918885082,/home/aaa/data/qj/stable-baselines3-master/risk_curriculum_metadrive/outputs/ijmlc_p2_external_baselines/rcpo_lagrangian_1m_nenv16/rcpo_lagrangian_ppo_s1/config.json,/home/aaa/data/qj/stable-baselines3-master/risk_curriculum_metadrive/outputs/ijmlc_p2_external_baselines/rcpo_lagrangian_1m_nenv16/rcpo_lagrangian_ppo_s1/model/final_model.zip
rcpo_lagrangian,external_safe_rl,rcpo_lagrangian,ppo,1,none,0.15,20000,20017,17,0.0,1.0,0.10969761689631649,0.0,0.0,0.0,1.0,68.0,21.637497856842074,-5.940322564689463,34.61601981566968,35.990042578293995,7.884273659410381,0.0,1.0,0.10969761689631649,64.13068800769852,,,0.0,0.0,0.0,0.0,0.0,0.0,0.0,0.0,0.46187747070422014,0.4245710006216541,0.6434204551624134,0.9088020159106225,3.3322878232010065,4.048518953641178,3.794165293905227,4.587429550883826,0.46187747070422014,0.6434204551624134,/home/aaa/data/qj/stable-baselines3-master/risk_curriculum_metadrive/outputs/ijmlc_p2_external_baselines/rcpo_lagrangian_1m_nenv16/rcpo_lagrangian_ppo_s1/config.json,/home/aaa/data/qj/stable-baselines3-master/risk_curriculum_metadrive/outputs/ijmlc_p2_external_baselines/rcpo_lagrangian_1m_nenv16/rcpo_lagrangian_ppo_s1/model/final_model.zip
rcpo_lagrangian,external_safe_rl,rcpo_lagrangian,ppo,1,none,0.15,20000,20018,18,0.0,1.0,0.12845148282756816,0.0,0.0,0.0,1.0,125.0,32.6430947356594,0.12509185265672684,36.40316596814595,37.60402966646133,13.775172353437936,0.0,1.0,0.12845148282756816,125.48053004132161,4.064076572783899,4.0171754805830515,0.004492432450637285,1.0,0.0,0.0,0.0,0.0,0.0,0.0,0.4566139440285042,0.4221900017000735,0.5793927935883403,0.6652407534420494,3.4190992639632896,5.798133005737327,3.8757132079917938,6.266358407447115,0.4566139440285042,0.5793927935883403,/home/aaa/data/qj/stable-baselines3-master/risk_curriculum_metadrive/outputs/ijmlc_p2_external_baselines/rcpo_lagrangian_1m_nenv16/rcpo_lagrangian_ppo_s1/config.json,/home/aaa/data/qj/stable-baselines3-master/risk_curriculum_metadrive/outputs/ijmlc_p2_external_baselines/rcpo_lagrangian_1m_nenv16/rcpo_lagrangian_ppo_s1/model/final_model.zip
rcpo_lagrangian,external_safe_rl,rcpo_lagrangian,ppo,1,none,0.15,20000,20019,19,0.0,1.0,0.11803339438189664,0.0,0.0,0.0,1.0,72.0,13.751883672734365,-9.683056332175916,34.069330359650266,36.29378174286769,7.808615273085008,0.013888888888888888,1.0,0.11803339438189664,67.01059506174748,13.493471295195123,8.123325396404752,0.0,0.0,0.0,0.0,0.0,0.0,0.0,0.0,0.4430104723319851,0.39664050564169884,0.6333605968393385,0.9787260214216146,2.808325818477897,3.1526865517662372,3.251336290809882,3.735987145046238,0.4430104723319851,0.6333605968393385,/home/aaa/data/qj/stable-baselines3-master/risk_curriculum_metadrive/outputs/ijmlc_p2_external_baselines/rcpo_lagrangian_1m_nenv16/rcpo_lagrangian_ppo_s1/config.json,/home/aaa/data/qj/stable-baselines3-master/risk_curriculum_metadrive/outputs/ijmlc_p2_external_baselines/rcpo_lagrangian_1m_nenv16/rcpo_lagrangian_ppo_s1/model/final_model.zip
rcpo_lagrangian,external_safe_rl,rcpo_lagrangian,ppo,1,none,0.2,10000,10000,0,0.0,1.0,0.15646867969673015,1.0,1.0,0.0,0.0,75.0,26.616712997997688,-2.04758311009925,37.57171097708403,40.21060340041817,8.917982515852996,0.0,1.0,0.15646867969673015,77.38123070295748,8.215747702208127,0.6520418691933074,0.10012010131300655,0.44,0.0,0.0,0.0,0.0,0.0,0.0,0.43712285327880335,0.424301004386507,0.5751773991505613,0.7060509879374877,5.403470906700629,6.360825392766856,5.8405937599794315,6.8386682018172,0.43712285327880335,0.5751773991505613,/home/aaa/data/qj/stable-baselines3-master/risk_curriculum_metadrive/outputs/ijmlc_p2_external_baselines/rcpo_lagrangian_1m_nenv16/rcpo_lagrangian_ppo_s1/config.json,/home/aaa/data/qj/stable-baselines3-master/risk_curriculum_metadrive/outputs/ijmlc_p2_external_baselines/rcpo_lagrangian_1m_nenv16/rcpo_lagrangian_ppo_s1/model/final_model.zip
rcpo_lagrangian,external_safe_rl,rcpo_lagrangian,ppo,1,none,0.2,10000,10001,1,0.0,1.0,0.16898793748091678,0.0,0.0,0.0,1.0,80.0,45.10723290957419,7.573254579214602,39.191829629471684,42.9191285100589,9.467780597564017,0.0,1.0,0.16898793748091678,85.82723262823625,10.196699979846397,0.013741605587351626,0.27133760145472113,0.578125,0.0,0.0,0.0,0.0,0.0,0.0,0.4709223374447902,0.4407464948599227,0.6189027073560283,0.703551813785452,3.63879967462708,4.378783453284996,4.10972201207187,4.972507587081054,0.4709223374447902,0.6189027073560283,/home/aaa/data/qj/stable-baselines3-master/risk_curriculum_metadrive/outputs/ijmlc_p2_external_baselines/rcpo_lagrangian_1m_nenv16/rcpo_lagrangian_ppo_s1/config.json,/home/aaa/data/qj/stable-baselines3-master/risk_curriculum_metadrive/outputs/ijmlc_p2_external_baselines/rcpo_lagrangian_1m_nenv16/rcpo_lagrangian_ppo_s1/model/final_model.zip
rcpo_lagrangian,external_safe_rl,rcpo_lagrangian,ppo,1,none,0.2,10000,10002,2,0.0,1.0,0.15721844208004898,1.0,1.0,0.0,0.0,77.0,28.153684809485206,-1.2566043328559253,39.63801886807416,40.961325819920816,9.07280416033035,0.0,1.0,0.15721844208004898,83.65988306251444,10.529995280152052,0.15180756629625183,0.3255455300216697,0.6935483870967742,0.0,0.0,0.0,0.0,0.0,0.0,0.4783978176608609,0.4465240053832531,0.636211599339731,0.7135020411806177,5.01508009147546,5.751575806061737,5.493477909136321,6.254262599395588,0.4783978176608609,0.636211599339731,/home/aaa/data/qj/stable-baselines3-master/risk_curriculum_metadrive/outputs/ijmlc_p2_external_baselines/rcpo_lagrangian_1m_nenv16/rcpo_lagrangian_ppo_s1/config.json,/home/aaa/data/qj/stable-baselines3-master/risk_curriculum_metadrive/outputs/ijmlc_p2_external_baselines/rcpo_lagrangian_1m_nenv16/rcpo_lagrangian_ppo_s1/model/final_model.zip
rcpo_lagrangian,external_safe_rl,rcpo_lagrangian,ppo,1,none,0.2,10000,10003,3,0.0,1.0,0.15889821940985036,1.0,1.0,0.0,0.0,70.0,51.81090153256338,10.622397348577206,37.088797453769665,39.06148336798766,8.69209007977612,0.0,1.0,0.15889821940985036,70.67678364330472,11.733000539041512,0.4532451792055953,0.2570038034157076,0.5072463768115942,0.0,0.0,0.0,0.0,0.0,0.0,0.40799115688839394,0.3901504969689995,0.6181451950396876,0.6378323276294395,2.2860444423193775,2.8723660492687486,2.694035599207772,3.3138275415694807,0.40799115688839394,0.6181451950396876,/home/aaa/data/qj/stable-baselines3-master/risk_curriculum_metadrive/outputs/ijmlc_p2_external_baselines/rcpo_lagrangian_1m_nenv16/rcpo_lagrangian_ppo_s1/config.json,/home/aaa/data/qj/stable-baselines3-master/risk_curriculum_metadrive/outputs/ijmlc_p2_external_baselines/rcpo_lagrangian_1m_nenv16/rcpo_lagrangian_ppo_s1/model/final_model.zip
rcpo_lagrangian,external_safe_rl,rcpo_lagrangian,ppo,1,none,0.2,10000,10004,4,0.0,1.0,0.09150825417657008,1.0,1.0,0.0,0.0,56.0,5.64810063281816,-14.480702058293819,30.738857962473087,31.21307139834741,6.988559701138298,0.0,1.0,0.09150825417657008,46.87135048621402,11.660121963785048,0.43827782661312864,0.30789809735775303,0.7948717948717948,0.0,0.0,0.0,0.0,0.0,0.0,0.4413227153626004,0.4143115002079867,0.6207352489582263,0.7132550003007059,3.713178125898204,4.099662502994761,4.154500841260805,4.6825822500977665,0.4413227153626004,0.6207352489582263,/home/aaa/data/qj/stable-baselines3-master/risk_curriculum_metadrive/outputs/ijmlc_p2_external_baselines/rcpo_lagrangian_1m_nenv16/rcpo_lagrangian_ppo_s1/config.json,/home/aaa/data/qj/stable-baselines3-master/risk_curriculum_metadrive/outputs/ijmlc_p2_external_baselines/rcpo_lagrangian_1m_nenv16/rcpo_lagrangian_ppo_s1/model/final_model.zip
rcpo_lagrangian,external_safe_rl,rcpo_lagrangian,ppo,1,none,0.2,10000,10005,5,0.0,1.0,0.10906813500243868,1.0,1.0,0.0,0.0,58.0,11.689457157881645,-10.93322737098601,31.466737947054668,32.352361883173,7.285802462484629,0.0,1.0,0.10906813500243868,49.59626252408982,11.183493854422755,0.3475393387679983,0.26129281580318414,0.5272727272727272,0.0,0.0,0.0,0.0,0.0,0.0,0.43691413784158767,0.429915999120567,0.6331612014037091,0.689088320650626,3.8543021537720805,4.608871743403142,4.291216291613668,5.099288144992897,0.43691413784158767,0.6331612014037091,/home/aaa/data/qj/stable-baselines3-master/risk_curriculum_metadrive/outputs/ijmlc_p2_external_baselines/rcpo_lagrangian_1m_nenv16/rcpo_lagrangian_ppo_s1/config.json,/home/aaa/data/qj/stable-baselines3-master/risk_curriculum_metadrive/outputs/ijmlc_p2_external_baselines/rcpo_lagrangian_1m_nenv16/rcpo_lagrangian_ppo_s1/model/final_model.zip
rcpo_lagrangian,external_safe_rl,rcpo_lagrangian,ppo,1,none,0.2,10000,10006,6,0.0,1.0,0.21967364256349725,1.0,1.0,0.0,0.0,117.0,79.73160896638245,26.406013760096176,43.08910505334484,51.59468341541707,13.981797378046034,0.0,0.0,0.21967364256349725,138.9795313065252,8.927597571540069,0.6745134960727838,0.21353075027003413,0.6891891891891891,0.0,0.0,0.0,0.0,0.0,0.0,0.42415088919214267,0.4073430027347058,0.6231136008864268,0.6491956714307889,3.3993352313762784,3.893762791994959,3.8234861205684214,4.313722986262292,0.42415088919214267,0.6231136008864268,/home/aaa/data/qj/stable-baselines3-master/risk_curriculum_metadrive/outputs/ijmlc_p2_external_baselines/rcpo_lagrangian_1m_nenv16/rcpo_lagrangian_ppo_s1/config.json,/home/aaa/data/qj/stable-baselines3-master/risk_curriculum_metadrive/outputs/ijmlc_p2_external_baselines/rcpo_lagrangian_1m_nenv16/rcpo_lagrangian_ppo_s1/model/final_model.zip
rcpo_lagrangian,external_safe_rl,rcpo_lagrangian,ppo,1,none,0.2,10000,10007,7,0.0,1.0,0.09010714258234827,1.0,1.0,0.0,0.0,72.0,44.87495885292192,5.0906937039314,35.99802164766481,36.546803395199575,8.158122274216565,0.0,1.0,0.09010714258234827,70.55031870552445,6.321156829239855,0.36999589511226194,0.22232910359849078,0.43283582089552236,0.0,0.0,0.0,0.0,0.0,0.0,0.47881216859322095,0.45861699618399143,0.6418429482437205,0.6623462210700383,5.902256485569524,6.672208750387654,6.381068654162744,7.145754796511028,0.47881216859322095,0.6418429482437205,/home/aaa/data/qj/stable-baselines3-master/risk_curriculum_metadrive/outputs/ijmlc_p2_external_baselines/rcpo_lagrangian_1m_nenv16/rcpo_lagrangian_ppo_s1/config.json,/home/aaa/data/qj/stable-baselines3-master/risk_curriculum_metadrive/outputs/ijmlc_p2_external_baselines/rcpo_lagrangian_1m_nenv16/rcpo_lagrangian_ppo_s1/model/final_model.zip
rcpo_lagrangian,external_safe_rl,rcpo_lagrangian,ppo,1,none,0.2,10000,10008,8,0.0,1.0,0.10533241969554545,1.0,1.0,0.0,0.0,58.0,35.960014423056364,1.089979802394538,30.72707509491425,31.156910683898975,7.106744305440127,0.0,1.0,0.10533241969554545,48.5453264574399,6.033375945966812,0.40353986443504547,0.271909472176178,0.5306122448979592,0.0,0.0,0.0,0.0,0.0,0.0,0.3954536740162313,0.3910235027433373,0.5190286974539048,0.5800364914466627,2.6952040187035013,3.143389395700069,3.0906576927197325,3.600064749480225,0.3954536740162313,0.5190286974539048,/home/aaa/data/qj/stable-baselines3-master/risk_curriculum_metadrive/outputs/ijmlc_p2_external_baselines/rcpo_lagrangian_1m_nenv16/rcpo_lagrangian_ppo_s1/config.json,/home/aaa/data/qj/stable-baselines3-master/risk_curriculum_metadrive/outputs/ijmlc_p2_external_baselines/rcpo_lagrangian_1m_nenv16/rcpo_lagrangian_ppo_s1/model/final_model.zip
rcpo_lagrangian,external_safe_rl,rcpo_lagrangian,ppo,1,none,0.2,10000,10009,9,0.0,1.0,0.13317358797505593,1.0,1.0,0.0,0.0,63.0,24.0379870451494,-4.035798838173616,33.19283192139814,34.01167112345397,7.59825496451895,0.0,1.0,0.13317358797505593,56.975730913382584,11.001433173827142,0.5331601552958682,0.2762495473004536,0.6538461538461539,0.0,0.0,0.0,0.0,0.0,0.0,0.41142603177355513,0.40182100201491266,0.5007270010537468,0.5394887758302503,2.961725413028727,3.6817265980062075,3.3731514448022826,4.1175495978677645,0.41142603177355513,0.5007270010537468,/home/aaa/data/qj/stable-baselines3-master/risk_curriculum_metadrive/outputs/ijmlc_p2_external_baselines/rcpo_lagrangian_1m_nenv16/rcpo_lagrangian_ppo_s1/config.json,/home/aaa/data/qj/stable-baselines3-master/risk_curriculum_metadrive/outputs/ijmlc_p2_external_baselines/rcpo_lagrangian_1m_nenv16/rcpo_lagrangian_ppo_s1/model/final_model.zip
rcpo_lagrangian,external_safe_rl,rcpo_lagrangian,ppo,1,none,0.2,10000,10010,10,0.0,1.0,0.1500865222704517,0.0,0.0,0.0,1.0,84.0,33.8923220223584,1.3487566792927588,37.64055929622462,41.970740321717486,9.276960131475187,0.011904761904761904,1.0,0.1500865222704517,86.58299638320844,,,0.0,0.0,0.0,0.0,0.0,0.0,0.0,0.0,0.45168914272965466,0.45004949788562953,0.6406879496353213,0.6742444536939729,4.596832356626345,5.111875199509086,5.048521499356,5.625644099200144,0.45168914272965466,0.6406879496353213,/home/aaa/data/qj/stable-baselines3-master/risk_curriculum_metadrive/outputs/ijmlc_p2_external_baselines/rcpo_lagrangian_1m_nenv16/rcpo_lagrangian_ppo_s1/config.json,/home/aaa/data/qj/stable-baselines3-master/risk_curriculum_metadrive/outputs/ijmlc_p2_external_baselines/rcpo_lagrangian_1m_nenv16/rcpo_lagrangian_ppo_s1/model/final_model.zip
rcpo_lagrangian,external_safe_rl,rcpo_lagrangian,ppo,1,none,0.2,10000,10011,11,0.0,1.0,0.09258041150292386,1.0,1.0,0.0,0.0,59.0,36.04197508108477,0.7483998856301035,31.738679384497175,32.39859758780973,7.349085336770604,0.0,1.0,0.09258041150292386,50.99122346921063,10.957111372442965,0.4599582304997042,0.2744026130365173,0.5254237288135594,0.0,0.0,0.0,0.0,0.0,0.0,0.4848837117482987,0.45481200504582375,0.6470564010669476,0.6923122386797331,4.777225557718647,5.652488888881635,5.262109269466945,6.22072619444225,0.4848837117482987,0.6470564010669476,/home/aaa/data/qj/stable-baselines3-master/risk_curriculum_metadrive/outputs/ijmlc_p2_external_baselines/rcpo_lagrangian_1m_nenv16/rcpo_lagrangian_ppo_s1/config.json,/home/aaa/data/qj/stable-baselines3-master/risk_curriculum_metadrive/outputs/ijmlc_p2_external_baselines/rcpo_lagrangian_1m_nenv16/rcpo_lagrangian_ppo_s1/model/final_model.zip
rcpo_lagrangian,external_safe_rl,rcpo_lagrangian,ppo,1,none,0.2,10000,10012,12,0.0,1.0,0.16562364219024708,1.0,1.0,0.0,0.0,79.0,43.67588377967047,6.756651155542649,36.55883786660673,42.37993909719834,9.337966715984258,0.0,1.0,0.16562364219024708,79.2196327138401,1.0415382412327239,0.005137769851557971,0.08017137739275494,1.0,0.0,0.0,0.0,0.0,0.0,0.0,0.44926234095098005,0.405921004130505,0.6198253962793387,0.6738849121029489,2.2573727341457213,2.5892127072438598,2.706635075096701,3.0461668895441103,0.44926234095098005,0.6198253962793387,/home/aaa/data/qj/stable-baselines3-master/risk_curriculum_metadrive/outputs/ijmlc_p2_external_baselines/rcpo_lagrangian_1m_nenv16/rcpo_lagrangian_ppo_s1/config.json,/home/aaa/data/qj/stable-baselines3-master/risk_curriculum_metadrive/outputs/ijmlc_p2_external_baselines/rcpo_lagrangian_1m_nenv16/rcpo_lagrangian_ppo_s1/model/final_model.zip
rcpo_lagrangian,external_safe_rl,rcpo_lagrangian,ppo,1,none,0.2,10000,10013,13,0.0,1.0,0.1826287724552595,0.0,0.0,0.0,1.0,114.0,43.1539189939478,7.005822670631677,36.656782878248706,38.477846990317595,13.20932299218275,0.0,1.0,0.1826287724552595,115.3406722424124,4.950232233494187,4.496731705162148,0.0017024396900974272,0.5,0.0,0.0,0.0,0.0,0.0,0.0,0.4541072534936431,0.42240999755449593,0.6377400561177637,0.6666808396403212,3.856855297686834,5.1011297437071335,4.310962551180477,5.576775500230724,0.4541072534936431,0.6377400561177637,/home/aaa/data/qj/stable-baselines3-master/risk_curriculum_metadrive/outputs/ijmlc_p2_external_baselines/rcpo_lagrangian_1m_nenv16/rcpo_lagrangian_ppo_s1/config.json,/home/aaa/data/qj/stable-baselines3-master/risk_curriculum_metadrive/outputs/ijmlc_p2_external_baselines/rcpo_lagrangian_1m_nenv16/rcpo_lagrangian_ppo_s1/model/final_model.zip
rcpo_lagrangian,external_safe_rl,rcpo_lagrangian,ppo,1,none,0.2,10000,10014,14,0.0,1.0,0.08153905969894357,0.0,0.0,0.0,1.0,69.0,34.87736497044408,-0.16514572380966897,34.534053642646235,37.20878309771721,8.285645700678677,0.0,1.0,0.08153905969894357,65.03983714867212,,,0.0,0.0,0.0,0.0,0.0,0.0,0.0,0.0,0.5013234793137678,0.47606999578420073,0.6535520020406693,0.8243511233013089,6.187108535980941,7.437791003030725,6.688432015294708,7.951319188578054,0.5013234793137678,0.6535520020406693,/home/aaa/data/qj/stable-baselines3-master/risk_curriculum_metadrive/outputs/ijmlc_p2_external_baselines/rcpo_lagrangian_1m_nenv16/rcpo_lagrangian_ppo_s1/config.json,/home/aaa/data/qj/stable-baselines3-master/risk_curriculum_metadrive/outputs/ijmlc_p2_external_baselines/rcpo_lagrangian_1m_nenv16/rcpo_lagrangian_ppo_s1/model/final_model.zip
rcpo_lagrangian,external_safe_rl,rcpo_lagrangian,ppo,1,none,0.2,10000,10015,15,0.0,1.0,0.12823684315374734,1.0,1.0,0.0,0.0,80.0,38.98013090374959,3.28717074648722,39.8762279926154,41.23109300621364,9.413507804152264,0.0,1.0,0.12823684315374734,87.7912261890095,6.336330601249073,0.38949198461585266,0.25672735965568644,0.631578947368421,0.0,0.0,0.0,0.0,0.0,0.0,0.43570981306402246,0.42617849248927087,0.626361458125757,0.6610710677341555,3.922303624494816,4.483878648170503,4.358013437558839,4.995897127810167,0.43570981306402246,0.626361458125757,/home/aaa/data/qj/stable-baselines3-master/risk_curriculum_metadrive/outputs/ijmlc_p2_external_baselines/rcpo_lagrangian_1m_nenv16/rcpo_lagrangian_ppo_s1/config.json,/home/aaa/data/qj/stable-baselines3-master/risk_curriculum_metadrive/outputs/ijmlc_p2_external_baselines/rcpo_lagrangian_1m_nenv16/rcpo_lagrangian_ppo_s1/model/final_model.zip
rcpo_lagrangian,external_safe_rl,rcpo_lagrangian,ppo,1,none,0.2,10000,10016,16,0.0,1.0,0.29848837643365433,0.0,0.0,0.0,1.0,119.0,77.14233685792152,27.42581972197041,46.86124912037034,54.86186779033481,12.578625128673435,0.008403361344537815,0.0,0.29848837643365433,153.56200169201088,,,0.0,0.0,0.0,0.0,0.0,0.0,0.0,0.0,0.45404330281415534,0.4204239958198741,0.6624302986892872,0.7051470078295097,3.6794921175866317,4.600656797992997,4.133535420400787,4.967117798514664,0.45404330281415534,0.6624302986892872,/home/aaa/data/qj/stable-baselines3-master/risk_curriculum_metadrive/outputs/ijmlc_p2_external_baselines/rcpo_lagrangian_1m_nenv16/rcpo_lagrangian_ppo_s1/config.json,/home/aaa/data/qj/stable-baselines3-master/risk_curriculum_metadrive/outputs/ijmlc_p2_external_baselines/rcpo_lagrangian_1m_nenv16/rcpo_lagrangian_ppo_s1/model/final_model.zip
rcpo_lagrangian,external_safe_rl,rcpo_lagrangian,ppo,1,none,0.2,10000,10017,17,0.0,1.0,0.1950744812175841,1.0,1.0,0.0,0.0,118.0,75.5489493976431,23.576709135349038,45.89050997449168,54.85348613390808,13.54248153563562,0.0,1.0,0.1950744812175841,149.7618820959158,1.181714782172539,0.35798618001106897,0.038830019164347064,1.0,0.0,0.0,0.0,0.0,0.0,0.0,0.5156177461593239,0.4854099970543757,0.6699315046716946,0.8492746729461939,6.847727593178545,7.645746449998114,7.363345339337869,8.235664448147872,0.5156177461593239,0.6699315046716946,/home/aaa/data/qj/stable-baselines3-master/risk_curriculum_metadrive/outputs/ijmlc_p2_external_baselines/rcpo_lagrangian_1m_nenv16/rcpo_lagrangian_ppo_s1/config.json,/home/aaa/data/qj/stable-baselines3-master/risk_curriculum_metadrive/outputs/ijmlc_p2_external_baselines/rcpo_lagrangian_1m_nenv16/rcpo_lagrangian_ppo_s1/model/final_model.zip
rcpo_lagrangian,external_safe_rl,rcpo_lagrangian,ppo,1,none,0.2,10000,10018,18,0.0,1.0,0.20922324998673464,1.0,1.0,0.0,0.0,80.0,66.12424343681893,19.2888192180115,40.524761502401496,43.5451543126032,9.598851152103467,0.0,0.0,0.20922324998673464,89.04556306936148,4.88115903778652,0.23332060430815935,0.27172174427531093,0.5333333333333333,0.0,0.0,0.0,0.0,0.0,0.0,0.42416623764438555,0.42316600593039766,0.5357804999221114,0.6379277989617548,4.094191187323304,4.7643455502111465,4.518357424967689,5.285952654230641,0.42416623764438555,0.5357804999221114,/home/aaa/data/qj/stable-baselines3-master/risk_curriculum_metadrive/outputs/ijmlc_p2_external_baselines/rcpo_lagrangian_1m_nenv16/rcpo_lagrangian_ppo_s1/config.json,/home/aaa/data/qj/stable-baselines3-master/risk_curriculum_metadrive/outputs/ijmlc_p2_external_baselines/rcpo_lagrangian_1m_nenv16/rcpo_lagrangian_ppo_s1/model/final_model.zip
rcpo_lagrangian,external_safe_rl,rcpo_lagrangian,ppo,1,none,0.2,10000,10019,19,0.0,1.0,0.35775272270866015,1.0,1.0,0.0,0.0,185.0,128.36625233670605,54.865707849612846,48.657832085503486,55.8205233997256,20.840642515790705,0.0,0.0,0.35775272270866015,249.23981653254086,1.9446936979497833,0.43023900135065574,0.15610977217005043,0.9777777777777777,0.0,0.0,0.0,0.0,0.0,0.0,0.490887973275086,0.4550339945126325,0.664276798488572,0.7488523912616072,5.750165513096805,9.644545800983906,6.241053486371891,10.138492390979081,0.490887973275086,0.664276798488572,/home/aaa/data/qj/stable-baselines3-master/risk_curriculum_metadrive/outputs/ijmlc_p2_external_baselines/rcpo_lagrangian_1m_nenv16/rcpo_lagrangian_ppo_s1/config.json,/home/aaa/data/qj/stable-baselines3-master/risk_curriculum_metadrive/outputs/ijmlc_p2_external_baselines/rcpo_lagrangian_1m_nenv16/rcpo_lagrangian_ppo_s1/model/final_model.zip
rcpo_lagrangian,external_safe_rl,rcpo_lagrangian,ppo,1,none,0.2,20000,20000,0,0.0,1.0,0.3190668178022503,0.0,0.0,0.0,1.0,91.0,78.40025044121408,28.722129754674548,44.88113353809931,48.6357299488511,10.586239121189108,0.0,0.0,0.3190668178022503,111.89100571077059,7.131071359306439,2.0442651584061826,0.02443210085501955,0.24242424242424243,0.0,0.0,0.0,0.0,0.0,0.0,0.3553433404534359,0.3322730044601485,0.462415991933085,0.585456100816372,2.1004671212362513,2.7252075014985166,2.4558104616896874,3.1414954937645234,0.3553433404534359,0.462415991933085,/home/aaa/data/qj/stable-baselines3-master/risk_curriculum_metadrive/outputs/ijmlc_p2_external_baselines/rcpo_lagrangian_1m_nenv16/rcpo_lagrangian_ppo_s1/config.json,/home/aaa/data/qj/stable-baselines3-master/risk_curriculum_metadrive/outputs/ijmlc_p2_external_baselines/rcpo_lagrangian_1m_nenv16/rcpo_lagrangian_ppo_s1/model/final_model.zip
rcpo_lagrangian,external_safe_rl,rcpo_lagrangian,ppo,1,none,0.2,20000,20001,1,0.0,1.0,0.22799294230289346,1.0,1.0,0.0,0.0,110.0,52.41494371947777,12.947260128825683,37.604322278092155,42.76688265845132,11.93055491765482,0.00909090909090909,0.0,0.22799294230289346,113.85132188669941,6.300991201451412,0.7735820410322951,0.06596583584330112,0.4642857142857143,0.0,0.0,0.0,0.0,0.0,0.0,0.437261827358849,0.4146235005464405,0.6133690476417542,0.6786439300049095,3.044810418081893,3.6881245527183637,3.482072245440742,4.129635341087123,0.437261827358849,0.6133690476417542,/home/aaa/data/qj/stable-baselines3-master/risk_curriculum_metadrive/outputs/ijmlc_p2_external_baselines/rcpo_lagrangian_1m_nenv16/rcpo_lagrangian_ppo_s1/config.json,/home/aaa/data/qj/stable-baselines3-master/risk_curriculum_metadrive/outputs/ijmlc_p2_external_baselines/rcpo_lagrangian_1m_nenv16/rcpo_lagrangian_ppo_s1/model/final_model.zip
rcpo_lagrangian,external_safe_rl,rcpo_lagrangian,ppo,1,none,0.2,20000,20002,2,0.0,1.0,0.14764969538493725,1.0,1.0,0.0,0.0,68.0,46.585609911976135,7.672295817536174,36.212071548531334,38.209760879021296,8.514763359313454,0.0,1.0,0.14764969538493725,67.08156840392249,,,0.0,0.0,0.0,0.0,0.0,0.0,0.0,0.0,0.4410008086244274,0.4231249986332841,0.6115636540926062,0.6259151703852694,3.2989651768088257,4.182781153940596,3.7399659854332534,4.6281566079414915,0.4410008086244274,0.6115636540926062,/home/aaa/data/qj/stable-baselines3-master/risk_curriculum_metadrive/outputs/ijmlc_p2_external_baselines/rcpo_lagrangian_1m_nenv16/rcpo_lagrangian_ppo_s1/config.json,/home/aaa/data/qj/stable-baselines3-master/risk_curriculum_metadrive/outputs/ijmlc_p2_external_baselines/rcpo_lagrangian_1m_nenv16/rcpo_lagrangian_ppo_s1/model/final_model.zip
rcpo_lagrangian,external_safe_rl,rcpo_lagrangian,ppo,1,none,0.2,20000,20003,3,0.0,1.0,0.25047778426820055,0.0,0.0,0.0,1.0,122.0,63.713764205751914,19.321215630921944,50.48278245194234,58.78910399586138,13.305085651437118,0.0,0.0,0.25047778426820055,169.43805410342554,3.493180668614967,0.04649943820110496,0.28342734915446643,0.8205128205128205,0.0,0.0,0.0,0.0,0.0,0.0,0.46291356461626465,0.443974495283328,0.6343643442960456,0.6603213438938836,5.111445877371837,5.73162225773558,5.5743594419881015,6.304608335631201,0.46291356461626465,0.6343643442960456,/home/aaa/data/qj/stable-baselines3-master/risk_curriculum_metadrive/outputs/ijmlc_p2_external_baselines/rcpo_lagrangian_1m_nenv16/rcpo_lagrangian_ppo_s1/config.json,/home/aaa/data/qj/stable-baselines3-master/risk_curriculum_metadrive/outputs/ijmlc_p2_external_baselines/rcpo_lagrangian_1m_nenv16/rcpo_lagrangian_ppo_s1/model/final_model.zip
rcpo_lagrangian,external_safe_rl,rcpo_lagrangian,ppo,1,none,0.2,20000,20004,4,0.0,1.0,0.3145169899649498,1.0,1.0,0.0,0.0,116.0,88.80801267830626,33.78951603810164,49.054181501880265,58.19877881195272,12.795849772396815,0.0,0.0,0.3145169899649498,156.81339587834267,2.4554582982752424,0.5037704841255248,0.21152883584283036,0.9583333333333334,0.0,0.0,0.0,0.0,0.0,0.0,0.45188693096359456,0.41480950312688947,0.6045372538210358,0.7680458533286574,3.097367396799984,3.660030495666433,3.5492543277635784,4.185402249277104,0.45188693096359456,0.6045372538210358,/home/aaa/data/qj/stable-baselines3-master/risk_curriculum_metadrive/outputs/ijmlc_p2_external_baselines/rcpo_lagrangian_1m_nenv16/rcpo_lagrangian_ppo_s1/config.json,/home/aaa/data/qj/stable-baselines3-master/risk_curriculum_metadrive/outputs/ijmlc_p2_external_baselines/rcpo_lagrangian_1m_nenv16/rcpo_lagrangian_ppo_s1/model/final_model.zip
rcpo_lagrangian,external_safe_rl,rcpo_lagrangian,ppo,1,none,0.2,20000,20005,5,0.0,1.0,0.10856827726667251,1.0,1.0,0.0,0.0,66.0,43.87194046176876,5.0930185488845545,32.75218225732694,33.58017036658087,7.509247998260726,0.015151515151515152,1.0,0.10856827726667251,59.2292422592383,12.51874467823283,0.4809152951277161,0.27494934122574144,0.6363636363636364,0.0,0.0,0.0,0.0,0.0,0.0,0.5113280907001657,0.4644564978661947,0.6953265001357067,0.7411341968690975,5.056322074475854,6.167699990328401,5.567650165176019,6.686389744572807,0.5113280907001657,0.6953265001357067,/home/aaa/data/qj/stable-baselines3-master/risk_curriculum_metadrive/outputs/ijmlc_p2_external_baselines/rcpo_lagrangian_1m_nenv16/rcpo_lagrangian_ppo_s1/config.json,/home/aaa/data/qj/stable-baselines3-master/risk_curriculum_metadrive/outputs/ijmlc_p2_external_baselines/rcpo_lagrangian_1m_nenv16/rcpo_lagrangian_ppo_s1/model/final_model.zip
rcpo_lagrangian,external_safe_rl,rcpo_lagrangian,ppo,1,none,0.2,20000,20006,6,0.0,1.0,0.11627132359881642,0.0,0.0,0.0,1.0,71.0,41.50160598852098,4.1389427022249805,33.563751240201334,34.94277857663029,7.881992511381514,0.014084507042253521,1.0,0.11627132359881642,65.03077241879858,,,0.0,0.0,0.0,0.0,0.0,0.0,0.0,0.0,0.45931270439505684,0.4282890004105866,0.6560395049746148,0.6920981963048688,3.4778384505328392,4.399142002512235,3.9371511549278964,4.869519005296752,0.45931270439505684,0.6560395049746148,/home/aaa/data/qj/stable-baselines3-master/risk_curriculum_metadrive/outputs/ijmlc_p2_external_baselines/rcpo_lagrangian_1m_nenv16/rcpo_lagrangian_ppo_s1/config.json,/home/aaa/data/qj/stable-baselines3-master/risk_curriculum_metadrive/outputs/ijmlc_p2_external_baselines/rcpo_lagrangian_1m_nenv16/rcpo_lagrangian_ppo_s1/model/final_model.zip
rcpo_lagrangian,external_safe_rl,rcpo_lagrangian,ppo,1,none,0.2,20000,20007,7,0.0,1.0,0.1818020235120159,1.0,1.0,0.0,0.0,77.0,43.65149529297701,7.229808351848995,37.44428482327626,42.033225503621686,9.368785621201377,0.0,1.0,0.1818020235120159,78.85215726642303,17.067648854845235,0.5273728378581829,0.0924458168738107,0.45714285714285713,0.0,0.0,0.0,0.0,0.0,0.0,0.4266968050626917,0.4014750011265278,0.6179280084325001,0.6219018308911473,2.8914584148548204,3.220470398082398,3.318155219917512,3.7561795994406566,0.4266968050626917,0.6179280084325001,/home/aaa/data/qj/stable-baselines3-master/risk_curriculum_metadrive/outputs/ijmlc_p2_external_baselines/rcpo_lagrangian_1m_nenv16/rcpo_lagrangian_ppo_s1/config.json,/home/aaa/data/qj/stable-baselines3-master/risk_curriculum_metadrive/outputs/ijmlc_p2_external_baselines/rcpo_lagrangian_1m_nenv16/rcpo_lagrangian_ppo_s1/model/final_model.zip
rcpo_lagrangian,external_safe_rl,rcpo_lagrangian,ppo,1,none,0.2,20000,20008,8,0.0,1.0,0.12215696903433734,1.0,1.0,0.0,0.0,76.0,39.68660729210553,3.458012717082884,37.32363889078855,39.476177558762174,8.707194480235287,0.0,1.0,0.12215696903433734,77.63794271387256,3.7427927288533085,0.5248081256977478,0.1761189681378232,0.6756756756756757,0.0,0.0,0.0,0.0,0.0,0.0,0.4546029210216243,0.44075099867768586,0.6458790085162036,0.7077892405504826,4.626992236712556,5.558997749176342,5.08159515773418,6.017806252202718,0.4546029210216243,0.6458790085162036,/home/aaa/data/qj/stable-baselines3-master/risk_curriculum_metadrive/outputs/ijmlc_p2_external_baselines/rcpo_lagrangian_1m_nenv16/rcpo_lagrangian_ppo_s1/config.json,/home/aaa/data/qj/stable-baselines3-master/risk_curriculum_metadrive/outputs/ijmlc_p2_external_baselines/rcpo_lagrangian_1m_nenv16/rcpo_lagrangian_ppo_s1/model/final_model.zip
rcpo_lagrangian,external_safe_rl,rcpo_lagrangian,ppo,1,none,0.2,20000,20009,9,0.0,1.0,0.3739892747318211,0.0,0.0,0.0,1.0,124.0,54.73743516108229,18.538395822495787,46.70036190242287,55.399562773123165,13.592185931355441,0.0,0.0,0.3739892747318211,159.6192749214411,,,0.0,0.0,0.0,0.0,0.0,0.0,0.0,0.0,0.4254160320992777,0.41493000026093796,0.5996175430482251,0.6281785457395017,4.010816370282555,5.284687950916123,4.436232402381832,5.687948294507805,0.4254160320992777,0.5996175430482251,/home/aaa/data/qj/stable-baselines3-master/risk_curriculum_metadrive/outputs/ijmlc_p2_external_baselines/rcpo_lagrangian_1m_nenv16/rcpo_lagrangian_ppo_s1/config.json,/home/aaa/data/qj/stable-baselines3-master/risk_curriculum_metadrive/outputs/ijmlc_p2_external_baselines/rcpo_lagrangian_1m_nenv16/rcpo_lagrangian_ppo_s1/model/final_model.zip
rcpo_lagrangian,external_safe_rl,rcpo_lagrangian,ppo,1,none,0.2,20000,20010,10,0.0,1.0,0.46298587387910173,0.0,0.0,0.0,1.0,138.0,132.04738817934845,59.86327030604734,55.64355014558503,66.71806258596904,15.15641546863932,0.0,0.0,0.46298587387910173,211.85923676980477,2.1151921503669953,1.7530101403437295,0.03762792847347397,1.0,0.0,0.0,0.0,0.0,0.0,0.0,0.4274129208077785,0.40168099803850055,0.625624703388894,0.6763707942445761,2.5931003552429592,4.32206526020309,3.020513276050738,4.89064206412877,0.4274129208077785,0.625624703388894,/home/aaa/data/qj/stable-baselines3-master/risk_curriculum_metadrive/outputs/ijmlc_p2_external_baselines/rcpo_lagrangian_1m_nenv16/rcpo_lagrangian_ppo_s1/config.json,/home/aaa/data/qj/stable-baselines3-master/risk_curriculum_metadrive/outputs/ijmlc_p2_external_baselines/rcpo_lagrangian_1m_nenv16/rcpo_lagrangian_ppo_s1/model/final_model.zip
rcpo_lagrangian,external_safe_rl,rcpo_lagrangian,ppo,1,none,0.2,20000,20011,11,0.0,1.0,0.08565024400845966,1.0,1.0,0.0,0.0,55.0,1.4983647077457558,-16.73131032587333,29.004266006478293,29.202508997142296,6.622587062248846,0.0,1.0,0.08565024400845966,43.05246901712779,12.19873190359087,0.32744727856009864,0.31026341264838797,0.6382978723404256,0.0,0.0,0.0,0.0,0.0,0.0,0.46060549026482145,0.4758400027640164,0.672971004678402,0.7084194800700061,6.696698054491373,8.939006295986474,7.157303544756195,9.557624107401352,0.46060549026482145,0.672971004678402,/home/aaa/data/qj/stable-baselines3-master/risk_curriculum_metadrive/outputs/ijmlc_p2_external_baselines/rcpo_lagrangian_1m_nenv16/rcpo_lagrangian_ppo_s1/config.json,/home/aaa/data/qj/stable-baselines3-master/risk_curriculum_metadrive/outputs/ijmlc_p2_external_baselines/rcpo_lagrangian_1m_nenv16/rcpo_lagrangian_ppo_s1/model/final_model.zip
rcpo_lagrangian,external_safe_rl,rcpo_lagrangian,ppo,1,none,0.2,20000,20012,12,0.0,1.0,0.13266667253195646,0.0,0.0,0.0,1.0,75.0,19.347013355669006,-6.396493146206808,35.95504852424792,39.1223198957357,8.607518664865804,0.0,1.0,0.13266667253195646,73.77414786106844,,,0.0,0.0,0.0,0.0,0.0,0.0,0.0,0.0,0.3772462000294278,0.36389198794495314,0.5198265018407254,0.5656749996705913,2.487117414129898,2.8561950035509653,2.8643636141593256,3.2392996014095843,0.3772462000294278,0.5198265018407254,/home/aaa/data/qj/stable-baselines3-master/risk_curriculum_metadrive/outputs/ijmlc_p2_external_baselines/rcpo_lagrangian_1m_nenv16/rcpo_lagrangian_ppo_s1/config.json,/home/aaa/data/qj/stable-baselines3-master/risk_curriculum_metadrive/outputs/ijmlc_p2_external_baselines/rcpo_lagrangian_1m_nenv16/rcpo_lagrangian_ppo_s1/model/final_model.zip
rcpo_lagrangian,external_safe_rl,rcpo_lagrangian,ppo,1,none,0.2,20000,20013,13,0.0,1.0,0.3606091744520438,1.0,1.0,0.0,0.0,231.0,101.30868661351151,41.372618540317106,39.844652487410706,42.08047365552692,23.241398227684062,0.004329004329004329,0.0,0.3606091744520438,254.9010191239519,2.234256266816772,0.14598858786923233,0.10934473724719898,0.9777777777777777,0.0,0.0,0.0,0.0,0.0,0.0,0.47372126872691595,0.45127401244826615,0.6499575029010884,0.6973876079428009,5.946863593974098,10.42964599764673,6.4205848627010145,10.920443499344401,0.47372126872691595,0.6499575029010884,/home/aaa/data/qj/stable-baselines3-master/risk_curriculum_metadrive/outputs/ijmlc_p2_external_baselines/rcpo_lagrangian_1m_nenv16/rcpo_lagrangian_ppo_s1/config.json,/home/aaa/data/qj/stable-baselines3-master/risk_curriculum_metadrive/outputs/ijmlc_p2_external_baselines/rcpo_lagrangian_1m_nenv16/rcpo_lagrangian_ppo_s1/model/final_model.zip
rcpo_lagrangian,external_safe_rl,rcpo_lagrangian,ppo,1,none,0.2,20000,20014,14,0.0,1.0,0.11874734182364062,1.0,1.0,0.0,0.0,67.0,35.55131390551825,1.238077207468347,32.683726738983374,32.6077136631053,7.511993493919478,0.014925373134328358,1.0,0.11874734182364062,60.17037022039417,13.207435665807333,0.3862515220476713,0.23483177474296332,0.4925373134328358,0.0,0.0,0.0,0.0,0.0,0.0,0.4449572232586624,0.4203319986118004,0.63436529453611,0.6538789119804278,3.2941557622493813,3.885477108997293,3.7391129855080436,4.42248938488774,0.4449572232586624,0.63436529453611,/home/aaa/data/qj/stable-baselines3-master/risk_curriculum_metadrive/outputs/ijmlc_p2_external_baselines/rcpo_lagrangian_1m_nenv16/rcpo_lagrangian_ppo_s1/config.json,/home/aaa/data/qj/stable-baselines3-master/risk_curriculum_metadrive/outputs/ijmlc_p2_external_baselines/rcpo_lagrangian_1m_nenv16/rcpo_lagrangian_ppo_s1/model/final_model.zip
rcpo_lagrangian,external_safe_rl,rcpo_lagrangian,ppo,1,none,0.2,20000,20015,15,0.0,1.0,0.10913060913451544,1.0,1.0,0.0,0.0,69.0,18.05489659400313,-7.748633428962968,33.59950113826703,36.39247105219297,7.14353924067241,0.0,1.0,0.10913060913451544,64.48741586736146,1.0069805479002119,0.3037431714531626,0.13888763311651436,1.0,0.0,0.0,0.0,0.0,0.0,0.0,0.35299866631512355,0.333261996274814,0.46243820688687237,0.5374861991731447,2.333922116583605,2.7354762016329914,2.6869207828987283,3.082250992883928,0.35299866631512355,0.46243820688687237,/home/aaa/data/qj/stable-baselines3-master/risk_curriculum_metadrive/outputs/ijmlc_p2_external_baselines/rcpo_lagrangian_1m_nenv16/rcpo_lagrangian_ppo_s1/config.json,/home/aaa/data/qj/stable-baselines3-master/risk_curriculum_metadrive/outputs/ijmlc_p2_external_baselines/rcpo_lagrangian_1m_nenv16/rcpo_lagrangian_ppo_s1/model/final_model.zip
rcpo_lagrangian,external_safe_rl,rcpo_lagrangian,ppo,1,none,0.2,20000,20016,16,0.0,1.0,0.06326330138374965,1.0,1.0,0.0,0.0,53.0,17.129817100371163,-9.58719240830193,28.159776911222355,27.66019538594873,6.5998772972396225,0.0,1.0,0.06326330138374965,40.85912762653632,12.042662552261836,0.3813823744610299,0.2979231440076668,0.5471698113207547,0.0,0.0,0.0,0.0,0.0,0.0,0.4811630186730258,0.45287999091669917,0.65764520841185,0.7459721912164239,4.549603094346821,5.624186591012403,5.030766113019847,6.148193601984531,0.4811630186730258,0.65764520841185,/home/aaa/data/qj/stable-baselines3-master/risk_curriculum_metadrive/outputs/ijmlc_p2_external_baselines/rcpo_lagrangian_1m_nenv16/rcpo_lagrangian_ppo_s1/config.json,/home/aaa/data/qj/stable-baselines3-master/risk_curriculum_metadrive/outputs/ijmlc_p2_external_baselines/rcpo_lagrangian_1m_nenv16/rcpo_lagrangian_ppo_s1/model/final_model.zip
rcpo_lagrangian,external_safe_rl,rcpo_lagrangian,ppo,1,none,0.2,20000,20017,17,0.0,1.0,0.11045256653761279,0.0,0.0,0.0,1.0,68.0,15.973962304580088,-8.74944185158158,34.603889527258936,36.06436537461177,7.884205375570088,0.0,1.0,0.11045256653761279,64.08862670531967,4.489596712214109,4.410337086671283,0.003002372281093475,1.0,0.0,0.0,0.0,0.0,0.0,0.0,0.46074066160465865,0.4346744972281158,0.6204539997270331,0.6407502783986274,4.086995309027022,4.935376495268429,4.54773597063168,5.382837291108444,0.46074066160465865,0.6204539997270331,/home/aaa/data/qj/stable-baselines3-master/risk_curriculum_metadrive/outputs/ijmlc_p2_external_baselines/rcpo_lagrangian_1m_nenv16/rcpo_lagrangian_ppo_s1/config.json,/home/aaa/data/qj/stable-baselines3-master/risk_curriculum_metadrive/outputs/ijmlc_p2_external_baselines/rcpo_lagrangian_1m_nenv16/rcpo_lagrangian_ppo_s1/model/final_model.zip
rcpo_lagrangian,external_safe_rl,rcpo_lagrangian,ppo,1,none,0.2,20000,20018,18,0.0,1.0,0.10110567258456113,0.0,0.0,0.0,1.0,87.0,24.967221450319286,-4.5332190973035225,36.13652000825878,41.67961221594849,9.822504751839647,0.0,1.0,0.10110567258456113,86.40529771747575,,,0.0,0.0,0.0,0.0,0.0,0.0,0.0,0.0,0.45675523067294654,0.42914699588436633,0.6306026072707027,0.7114525380893612,4.080461874074334,4.4850343008874916,4.537217104747281,5.014842399396002,0.45675523067294654,0.6306026072707027,/home/aaa/data/qj/stable-baselines3-master/risk_curriculum_metadrive/outputs/ijmlc_p2_external_baselines/rcpo_lagrangian_1m_nenv16/rcpo_lagrangian_ppo_s1/config.json,/home/aaa/data/qj/stable-baselines3-master/risk_curriculum_metadrive/outputs/ijmlc_p2_external_baselines/rcpo_lagrangian_1m_nenv16/rcpo_lagrangian_ppo_s1/model/final_model.zip
rcpo_lagrangian,external_safe_rl,rcpo_lagrangian,ppo,1,none,0.2,20000,20019,19,0.0,1.0,0.1900073262910419,1.0,1.0,0.0,0.0,105.0,65.42785015917175,18.314144868317154,38.11519516700491,46.86005376420844,11.135547335405072,0.009523809523809525,1.0,0.1900073262910419,110.18224176644279,7.42356112023677,0.7060377756398286,0.12992723744286638,0.6363636363636364,0.0,0.0,0.0,0.0,0.0,0.0,0.43274427589494735,0.42053600191138685,0.545235999743454,0.6527418282348662,3.648379857657433,4.3549659952986985,4.081124133552381,4.7839161969022825,0.43274427589494735,0.545235999743454,/home/aaa/data/qj/stable-baselines3-master/risk_curriculum_metadrive/outputs/ijmlc_p2_external_baselines/rcpo_lagrangian_1m_nenv16/rcpo_lagrangian_ppo_s1/config.json,/home/aaa/data/qj/stable-baselines3-master/risk_curriculum_metadrive/outputs/ijmlc_p2_external_baselines/rcpo_lagrangian_1m_nenv16/rcpo_lagrangian_ppo_s1/model/final_model.zip
rcpo_lagrangian,external_safe_rl,rcpo_lagrangian,ppo,1,none,0.25,10000,10000,0,0.0,1.0,0.15512906083730876,1.0,1.0,0.0,0.0,76.0,24.29764911090608,-3.2473036194277114,36.8069929760309,40.31401198168768,9.057409119230226,0.0,1.0,0.15512906083730876,76.74192578362405,8.547013929725592,0.02786035048472953,0.19631952160851265,0.5,0.0,0.0,0.0,0.0,0.0,0.0,0.4857545140303524,0.47420200280612335,0.6860270004835911,0.7604572529089637,6.727390815189881,8.028709249629173,7.213145329220232,8.515380988683319,0.4857545140303524,0.6860270004835911,/home/aaa/data/qj/stable-baselines3-master/risk_curriculum_metadrive/outputs/ijmlc_p2_external_baselines/rcpo_lagrangian_1m_nenv16/rcpo_lagrangian_ppo_s1/config.json,/home/aaa/data/qj/stable-baselines3-master/risk_curriculum_metadrive/outputs/ijmlc_p2_external_baselines/rcpo_lagrangian_1m_nenv16/rcpo_lagrangian_ppo_s1/model/final_model.zip
rcpo_lagrangian,external_safe_rl,rcpo_lagrangian,ppo,1,none,0.25,10000,10001,1,0.0,1.0,0.11668773810780544,1.0,1.0,0.0,0.0,63.0,28.42194875238384,-2.3383934805739273,32.18176289566214,33.2699545763925,7.6582187554529755,0.0,1.0,0.11668773810780544,55.44658836461191,12.215628257608808,0.5453570466497548,0.19523789151741927,0.8928571428571429,0.0,0.0,0.0,0.0,0.0,0.0,0.4857921280384448,0.44387500383891165,0.6864668990601785,0.7754658063640822,4.237228206687769,5.209707703033928,4.723020334726214,5.7194163935491815,0.4857921280384448,0.6864668990601785,/home/aaa/data/qj/stable-baselines3-master/risk_curriculum_metadrive/outputs/ijmlc_p2_external_baselines/rcpo_lagrangian_1m_nenv16/rcpo_lagrangian_ppo_s1/config.json,/home/aaa/data/qj/stable-baselines3-master/risk_curriculum_metadrive/outputs/ijmlc_p2_external_baselines/rcpo_lagrangian_1m_nenv16/rcpo_lagrangian_ppo_s1/model/final_model.zip
rcpo_lagrangian,external_safe_rl,rcpo_lagrangian,ppo,1,none,0.25,10000,10002,2,0.0,1.0,0.2379727865463351,1.0,1.0,0.0,0.0,103.0,58.48528688943553,16.331827041107825,45.867469020415854,53.6267877636348,11.7701181371363,0.0,0.0,0.2379727865463351,129.7234223875785,4.6972319275926715,0.07363856563734315,0.24027997210169358,0.5970149253731343,0.0,0.0,0.0,0.0,0.0,0.0,0.4941423982212284,0.46341501001734287,0.6718641903717071,0.7229282247135417,6.73848281552884,9.99637830100255,7.232625213750069,10.62340891076019,0.4941423982212284,0.6718641903717071,/home/aaa/data/qj/stable-baselines3-master/risk_curriculum_metadrive/outputs/ijmlc_p2_external_baselines/rcpo_lagrangian_1m_nenv16/rcpo_lagrangian_ppo_s1/config.json,/home/aaa/data/qj/stable-baselines3-master/risk_curriculum_metadrive/outputs/ijmlc_p2_external_baselines/rcpo_lagrangian_1m_nenv16/rcpo_lagrangian_ppo_s1/model/final_model.zip
rcpo_lagrangian,external_safe_rl,rcpo_lagrangian,ppo,1,none,0.25,10000,10003,3,0.0,1.0,0.20289875273670893,1.0,1.0,0.0,0.0,81.0,49.51943219314822,10.796678678675377,41.44035709261544,44.990737323334756,9.903117278354305,0.0,0.0,0.20289875273670893,91.91634694324807,3.3268639502518984,0.07418117092065457,0.2928435432628776,0.7755102040816326,0.0,0.0,0.0,0.0,0.0,0.0,0.42248787670999904,0.3892419917974621,0.6038690044078976,0.816640001721682,3.023464358979434,3.773193995584734,3.4459522356894325,4.182611010037363,0.42248787670999904,0.6038690044078976,/home/aaa/data/qj/stable-baselines3-master/risk_curriculum_metadrive/outputs/ijmlc_p2_external_baselines/rcpo_lagrangian_1m_nenv16/rcpo_lagrangian_ppo_s1/config.json,/home/aaa/data/qj/stable-baselines3-master/risk_curriculum_metadrive/outputs/ijmlc_p2_external_baselines/rcpo_lagrangian_1m_nenv16/rcpo_lagrangian_ppo_s1/model/final_model.zip
rcpo_lagrangian,external_safe_rl,rcpo_lagrangian,ppo,1,none,0.25,10000,10004,4,0.0,1.0,0.12843571287147496,1.0,1.0,0.0,0.0,68.0,16.584384905050495,-7.904736161330504,36.492353611422445,37.29197840071204,8.123818300306832,0.0,1.0,0.12843571287147496,67.85733374744076,10.034458760960208,0.5045876802289021,0.24489454040539466,0.6730769230769231,0.0,0.0,0.0,0.0,0.0,0.0,0.4968599558410728,0.4456215028767474,0.6618576946493704,0.7023504274548031,5.019317794315558,7.464542949310271,5.516177750156631,8.093602847657166,0.4968599558410728,0.6618576946493704,/home/aaa/data/qj/stable-baselines3-master/risk_curriculum_metadrive/outputs/ijmlc_p2_external_baselines/rcpo_lagrangian_1m_nenv16/rcpo_lagrangian_ppo_s1/config.json,/home/aaa/data/qj/stable-baselines3-master/risk_curriculum_metadrive/outputs/ijmlc_p2_external_baselines/rcpo_lagrangian_1m_nenv16/rcpo_lagrangian_ppo_s1/model/final_model.zip
rcpo_lagrangian,external_safe_rl,rcpo_lagrangian,ppo,1,none,0.25,10000,10005,5,0.0,1.0,0.24527679645974027,1.0,1.0,0.0,0.0,98.0,47.185786906281244,10.901197346932829,44.01143627164001,52.619462054084586,11.701946412744867,0.0,0.0,0.24527679645974027,118.54363626446437,7.404762864854244,0.02201300118219217,0.22331866750397575,0.578125,0.0,0.0,0.0,0.0,0.0,0.0,0.4854109386226866,0.4536659980658442,0.669955849298276,0.7486631705251069,5.371442152399864,6.245822150958702,5.8568530910225505,6.870202439313289,0.4854109386226866,0.669955849298276,/home/aaa/data/qj/stable-baselines3-master/risk_curriculum_metadrive/outputs/ijmlc_p2_external_baselines/rcpo_lagrangian_1m_nenv16/rcpo_lagrangian_ppo_s1/config.json,/home/aaa/data/qj/stable-baselines3-master/risk_curriculum_metadrive/outputs/ijmlc_p2_external_baselines/rcpo_lagrangian_1m_nenv16/rcpo_lagrangian_ppo_s1/model/final_model.zip
rcpo_lagrangian,external_safe_rl,rcpo_lagrangian,ppo,1,none,0.25,10000,10006,6,0.0,1.0,0.1875825468436678,1.0,1.0,0.0,0.0,95.0,68.95403614862066,20.05449447962035,43.903750311088686,50.87196840602745,11.54272566903711,0.0,1.0,0.1875825468436678,114.73936714358757,1.4973609054015722,0.4798682909656328,0.08848772449511819,1.0,0.0,0.0,0.0,0.0,0.0,0.0,0.45928888415035446,0.4219679976813495,0.626698398264125,0.6793356471462177,3.945391842219243,5.039167393988464,4.404680726369598,5.576271002064459,0.45928888415035446,0.626698398264125,/home/aaa/data/qj/stable-baselines3-master/risk_curriculum_metadrive/outputs/ijmlc_p2_external_baselines/rcpo_lagrangian_1m_nenv16/rcpo_lagrangian_ppo_s1/config.json,/home/aaa/data/qj/stable-baselines3-master/risk_curriculum_metadrive/outputs/ijmlc_p2_external_baselines/rcpo_lagrangian_1m_nenv16/rcpo_lagrangian_ppo_s1/model/final_model.zip
rcpo_lagrangian,external_safe_rl,rcpo_lagrangian,ppo,1,none,0.25,10000,10007,7,0.0,1.0,0.07271570709530355,1.0,1.0,0.0,0.0,64.0,41.726590729505745,2.9947665776119763,31.932723696827566,32.38429029149148,7.31803566415927,0.015625,1.0,0.07271570709530355,55.87690997948856,3.027890198715853,0.40029936280232514,0.25855559275181217,0.9142857142857143,0.0,0.0,0.0,0.0,0.0,0.0,0.5844008273925283,0.529768003616482,0.7487162460165564,1.2439770804485295,7.36800632739687,8.677363794413395,7.952407154789398,9.380706540105166,0.5844008273925283,0.7487162460165564,/home/aaa/data/qj/stable-baselines3-master/risk_curriculum_metadrive/outputs/ijmlc_p2_external_baselines/rcpo_lagrangian_1m_nenv16/rcpo_lagrangian_ppo_s1/config.json,/home/aaa/data/qj/stable-baselines3-master/risk_curriculum_metadrive/outputs/ijmlc_p2_external_baselines/rcpo_lagrangian_1m_nenv16/rcpo_lagrangian_ppo_s1/model/final_model.zip
rcpo_lagrangian,external_safe_rl,rcpo_lagrangian,ppo,1,none,0.25,10000,10008,8,0.0,1.0,0.142215434466124,1.0,1.0,0.0,0.0,71.0,46.500405714043715,7.466665891005572,35.57962394521738,37.8275853680837,8.485952961177173,0.0,1.0,0.142215434466124,69.09079295342276,2.9499819069558924,0.5951832389139459,0.25272874657492667,0.8333333333333334,0.0,0.0,0.0,0.0,0.0,0.0,0.43529518252782995,0.40983599319588393,0.5819324942422099,0.6509605998871847,3.071822156362288,3.5271890010335483,3.507117338890118,3.9402499969583005,0.43529518252782995,0.5819324942422099,/home/aaa/data/qj/stable-baselines3-master/risk_curriculum_metadrive/outputs/ijmlc_p2_external_baselines/rcpo_lagrangian_1m_nenv16/rcpo_lagrangian_ppo_s1/config.json,/home/aaa/data/qj/stable-baselines3-master/risk_curriculum_metadrive/outputs/ijmlc_p2_external_baselines/rcpo_lagrangian_1m_nenv16/rcpo_lagrangian_ppo_s1/model/final_model.zip
rcpo_lagrangian,external_safe_rl,rcpo_lagrangian,ppo,1,none,0.25,10000,10009,9,0.0,1.0,0.18114781685854003,1.0,1.0,0.0,0.0,77.0,32.7049642815373,1.7369166465248504,37.26079073386271,40.28060801566825,9.007299218733602,0.0,1.0,0.18114781685854003,78.57253246015581,2.0353978536006383,0.5745750037905547,0.11421949821996899,0.9285714285714286,0.0,0.0,0.0,0.0,0.0,0.0,0.44075661137028804,0.4320270090829581,0.6396742042852566,0.6824888422852382,3.875837856737365,4.754007802694105,4.3165944681076525,5.274078802904114,0.44075661137028804,0.6396742042852566,/home/aaa/data/qj/stable-baselines3-master/risk_curriculum_metadrive/outputs/ijmlc_p2_external_baselines/rcpo_lagrangian_1m_nenv16/rcpo_lagrangian_ppo_s1/config.json,/home/aaa/data/qj/stable-baselines3-master/risk_curriculum_metadrive/outputs/ijmlc_p2_external_baselines/rcpo_lagrangian_1m_nenv16/rcpo_lagrangian_ppo_s1/model/final_model.zip
rcpo_lagrangian,external_safe_rl,rcpo_lagrangian,ppo,1,none,0.25,10000,10010,10,0.0,1.0,0.1489148421150498,1.0,1.0,0.0,0.0,85.0,45.52705412715657,7.130972327029767,36.98157371596432,41.3085071013107,9.377163417061006,0.011764705882352941,1.0,0.1489148421150498,86.61250237566381,5.51616294664064,0.45909398641775456,0.053636075630194964,0.4,0.0,0.0,0.0,0.0,0.0,0.0,0.4704925770912429,0.4551680030999705,0.6219908013008533,0.670622161705978,5.652984517783968,6.287420203443617,6.12347709487521,6.799158389912918,0.4704925770912429,0.6219908013008533,/home/aaa/data/qj/stable-baselines3-master/risk_curriculum_metadrive/outputs/ijmlc_p2_external_baselines/rcpo_lagrangian_1m_nenv16/rcpo_lagrangian_ppo_s1/config.json,/home/aaa/data/qj/stable-baselines3-master/risk_curriculum_metadrive/outputs/ijmlc_p2_external_baselines/rcpo_lagrangian_1m_nenv16/rcpo_lagrangian_ppo_s1/model/final_model.zip
rcpo_lagrangian,external_safe_rl,rcpo_lagrangian,ppo,1,none,0.25,10000,10011,11,0.0,1.0,0.13431404272704986,1.0,1.0,0.0,0.0,73.0,56.66036744328642,12.309605003454688,38.365361565006914,39.929415136979856,8.84211579344095,0.0,1.0,0.13431404272704986,76.26000465655531,5.361311492318943,0.41408205900096584,0.2431115132890829,0.5483870967741935,0.0,0.0,0.0,0.0,0.0,0.0,0.4460361916954591,0.42573300015646964,0.6020309956511477,0.8072050794726241,6.155769628542794,7.331266603432596,6.601805820238253,7.912062009563669,0.4460361916954591,0.6020309956511477,/home/aaa/data/qj/stable-baselines3-master/risk_curriculum_metadrive/outputs/ijmlc_p2_external_baselines/rcpo_lagrangian_1m_nenv16/rcpo_lagrangian_ppo_s1/config.json,/home/aaa/data/qj/stable-baselines3-master/risk_curriculum_metadrive/outputs/ijmlc_p2_external_baselines/rcpo_lagrangian_1m_nenv16/rcpo_lagrangian_ppo_s1/model/final_model.zip
rcpo_lagrangian,external_safe_rl,rcpo_lagrangian,ppo,1,none,0.25,10000,10012,12,0.0,1.0,0.17117075799509407,0.0,0.0,0.0,1.0,80.0,41.888524146062935,6.029384812884285,36.63592518826067,42.14349194239175,9.44412601550502,0.0,1.0,0.17117075799509407,80.34166907573581,1.6443404517184748,1.5043134695523,0.033556595482815255,1.0,0.0,0.0,0.0,0.0,0.0,0.0,0.3907574006007053,0.34604300162754953,0.5617859998892526,0.9170880947203766,2.849551276085549,3.428089360386366,3.2403086766862543,3.999616517830873,0.3907574006007053,0.5617859998892526,/home/aaa/data/qj/stable-baselines3-master/risk_curriculum_metadrive/outputs/ijmlc_p2_external_baselines/rcpo_lagrangian_1m_nenv16/rcpo_lagrangian_ppo_s1/config.json,/home/aaa/data/qj/stable-baselines3-master/risk_curriculum_metadrive/outputs/ijmlc_p2_external_baselines/rcpo_lagrangian_1m_nenv16/rcpo_lagrangian_ppo_s1/model/final_model.zip
rcpo_lagrangian,external_safe_rl,rcpo_lagrangian,ppo,1,none,0.25,10000,10013,13,0.0,1.0,0.14302334715031775,0.0,0.0,0.0,1.0,84.0,39.162259122883654,3.8218299759513386,36.59541273293398,42.98068848630034,9.979892858055868,0.0,1.0,0.14302334715031775,84.42252649489825,2.7681510210670766,2.7681510210670766,0.005313926140316484,1.0,0.0,0.0,0.0,0.0,0.0,0.0,0.42706183254874003,0.43237300269538537,0.6093327960115854,0.6612993640010245,4.341556500592214,5.225967700971523,4.768618333140954,5.7425664432230406,0.42706183254874003,0.6093327960115854,/home/aaa/data/qj/stable-baselines3-master/risk_curriculum_metadrive/outputs/ijmlc_p2_external_baselines/rcpo_lagrangian_1m_nenv16/rcpo_lagrangian_ppo_s1/config.json,/home/aaa/data/qj/stable-baselines3-master/risk_curriculum_metadrive/outputs/ijmlc_p2_external_baselines/rcpo_lagrangian_1m_nenv16/rcpo_lagrangian_ppo_s1/model/final_model.zip
rcpo_lagrangian,external_safe_rl,rcpo_lagrangian,ppo,1,none,0.25,10000,10014,14,0.0,1.0,0.0856208271325831,0.0,0.0,0.0,1.0,69.0,39.477781599553815,2.257515613754393,35.33818677870089,37.16481988174684,8.313952469719373,0.0,1.0,0.0856208271325831,66.51627943787598,,,0.0,0.0,0.0,0.0,0.0,0.0,0.0,0.0,0.5298296238069652,0.4938180063618347,0.706226605689153,1.1092111642938036,7.548021767592139,9.17301540612243,8.077851391399104,9.796925200498663,0.5298296238069652,0.706226605689153,/home/aaa/data/qj/stable-baselines3-master/risk_curriculum_metadrive/outputs/ijmlc_p2_external_baselines/rcpo_lagrangian_1m_nenv16/rcpo_lagrangian_ppo_s1/config.json,/home/aaa/data/qj/stable-baselines3-master/risk_curriculum_metadrive/outputs/ijmlc_p2_external_baselines/rcpo_lagrangian_1m_nenv16/rcpo_lagrangian_ppo_s1/model/final_model.zip
rcpo_lagrangian,external_safe_rl,rcpo_lagrangian,ppo,1,none,0.25,10000,10015,15,0.0,1.0,0.1730874704459741,1.0,1.0,0.0,0.0,102.0,49.55947108068704,9.922359653722758,43.03127557227265,50.99795140541077,11.811619572153997,0.0,1.0,0.1730874704459741,121.13291713881911,6.333990295644778,0.3863253313048778,0.21316179760723855,0.6527777777777778,0.0,0.0,0.0,0.0,0.0,0.0,0.4795390299941395,0.4526884949882515,0.6306968069111462,0.7017165565048343,5.18962298120445,5.87625245025265,5.66916201119859,6.386155008658534,0.4795390299941395,0.6306968069111462,/home/aaa/data/qj/stable-baselines3-master/risk_curriculum_metadrive/outputs/ijmlc_p2_external_baselines/rcpo_lagrangian_1m_nenv16/rcpo_lagrangian_ppo_s1/config.json,/home/aaa/data/qj/stable-baselines3-master/risk_curriculum_metadrive/outputs/ijmlc_p2_external_baselines/rcpo_lagrangian_1m_nenv16/rcpo_lagrangian_ppo_s1/model/final_model.zip
rcpo_lagrangian,external_safe_rl,rcpo_lagrangian,ppo,1,none,0.25,10000,10016,16,0.0,1.0,0.30865981631495204,0.0,0.0,0.0,1.0,115.0,74.78198046912513,26.55078472401111,49.04317374440026,56.07389679897235,12.181617858368577,0.008695652173913044,0.0,0.30865981631495204,155.1355175329568,,,0.0,0.0,0.0,0.0,0.0,0.0,0.0,0.0,0.40287538305046444,0.3957860026275739,0.5519199010450393,0.652378699160181,4.343110825815845,5.447021902364213,4.74598620886631,5.8644576944061555,0.40287538305046444,0.5519199010450393,/home/aaa/data/qj/stable-baselines3-master/risk_curriculum_metadrive/outputs/ijmlc_p2_external_baselines/rcpo_lagrangian_1m_nenv16/rcpo_lagrangian_ppo_s1/config.json,/home/aaa/data/qj/stable-baselines3-master/risk_curriculum_metadrive/outputs/ijmlc_p2_external_baselines/rcpo_lagrangian_1m_nenv16/rcpo_lagrangian_ppo_s1/model/final_model.zip
rcpo_lagrangian,external_safe_rl,rcpo_lagrangian,ppo,1,none,0.25,10000,10017,17,0.0,1.0,0.07118328662936065,1.0,1.0,0.0,0.0,60.0,34.444080961710505,-0.6924609202639402,31.563592607503516,32.23005226511353,7.327333023509122,0.0,1.0,0.07118328662936065,51.72893653164827,12.780317991639535,0.34145222058503283,0.27822442047623547,0.5882352941176471,0.0,0.0,0.0,0.0,0.0,0.0,0.5664957502934461,0.5106814933242276,0.7280072532012127,1.1805958152399363,8.131145382503746,9.923701159277698,8.697641132797193,10.515161698276643,0.5664957502934461,0.7280072532012127,/home/aaa/data/qj/stable-baselines3-master/risk_curriculum_metadrive/outputs/ijmlc_p2_external_baselines/rcpo_lagrangian_1m_nenv16/rcpo_lagrangian_ppo_s1/config.json,/home/aaa/data/qj/stable-baselines3-master/risk_curriculum_metadrive/outputs/ijmlc_p2_external_baselines/rcpo_lagrangian_1m_nenv16/rcpo_lagrangian_ppo_s1/model/final_model.zip
rcpo_lagrangian,external_safe_rl,rcpo_lagrangian,ppo,1,none,0.25,10000,10018,18,0.0,1.0,0.11686565695989892,1.0,1.0,0.0,0.0,57.0,29.78938420239878,-1.6493381900036397,30.60307969959618,30.909628554674843,7.097127760537165,0.0,1.0,0.11686565695989892,47.33470292759068,11.834906155933565,0.35224248683380416,0.30401161070773514,0.5849056603773585,0.0,0.0,0.0,0.0,0.0,0.0,0.4715560348255135,0.4516869958024472,0.6025986105669289,0.7066047145053742,4.970876842108146,6.052078396896832,5.44243287693366,6.547847395995632,0.4715560348255135,0.6025986105669289,/home/aaa/data/qj/stable-baselines3-master/risk_curriculum_metadrive/outputs/ijmlc_p2_external_baselines/rcpo_lagrangian_1m_nenv16/rcpo_lagrangian_ppo_s1/config.json,/home/aaa/data/qj/stable-baselines3-master/risk_curriculum_metadrive/outputs/ijmlc_p2_external_baselines/rcpo_lagrangian_1m_nenv16/rcpo_lagrangian_ppo_s1/model/final_model.zip
rcpo_lagrangian,external_safe_rl,rcpo_lagrangian,ppo,1,none,0.25,10000,10019,19,0.0,1.0,0.10036571951991609,1.0,1.0,0.0,0.0,82.0,14.13369816616466,-9.972179331320191,30.73124436841757,31.202358044685845,9.600371889568763,0.0,1.0,0.10036571951991609,69.27550858411931,1.0944278413407889,0.3262788503483913,0.1524125720452375,1.0,0.0,0.0,0.0,0.0,0.0,0.0,0.47872325678060695,0.45473299542209134,0.6737755393260159,0.7098800796666183,4.995767547636826,6.104149048769614,5.474490804417433,6.645542502519675,0.47872325678060695,0.6737755393260159,/home/aaa/data/qj/stable-baselines3-master/risk_curriculum_metadrive/outputs/ijmlc_p2_external_baselines/rcpo_lagrangian_1m_nenv16/rcpo_lagrangian_ppo_s1/config.json,/home/aaa/data/qj/stable-baselines3-master/risk_curriculum_metadrive/outputs/ijmlc_p2_external_baselines/rcpo_lagrangian_1m_nenv16/rcpo_lagrangian_ppo_s1/model/final_model.zip
rcpo_lagrangian,external_safe_rl,rcpo_lagrangian,ppo,1,none,0.25,20000,20000,0,0.0,1.0,0.19879467607657839,1.0,1.0,0.0,0.0,69.0,41.4233732720982,6.625526918346459,34.90159746679761,35.85267886886967,8.256034277724032,0.0,1.0,0.19879467607657839,66.18032338829721,4.706182758241595,0.06675917440887262,0.277556788513766,0.5714285714285714,0.0,0.0,0.0,0.0,0.0,0.0,0.42606487008068117,0.4013620055047795,0.6359582010190933,0.684742037556134,2.6708634062400223,3.8055052020354196,3.0969282763207033,4.276895406655967,0.42606487008068117,0.6359582010190933,/home/aaa/data/qj/stable-baselines3-master/risk_curriculum_metadrive/outputs/ijmlc_p2_external_baselines/rcpo_lagrangian_1m_nenv16/rcpo_lagrangian_ppo_s1/config.json,/home/aaa/data/qj/stable-baselines3-master/risk_curriculum_metadrive/outputs/ijmlc_p2_external_baselines/rcpo_lagrangian_1m_nenv16/rcpo_lagrangian_ppo_s1/model/final_model.zip
rcpo_lagrangian,external_safe_rl,rcpo_lagrangian,ppo,1,none,0.25,20000,20001,1,0.0,1.0,0.11808728457994805,1.0,1.0,0.0,0.0,64.0,9.939887380475511,-11.5374377723638,32.056601584099894,32.69616717197469,7.328927439496774,0.0,1.0,0.11808728457994805,56.167873868064994,13.317892961258028,0.5436521607006228,0.27995314282627604,0.53125,0.0,0.0,0.0,0.0,0.0,0.0,0.4431991876572283,0.41200800478691235,0.6138448487035929,0.6737816662644034,3.620225828854018,4.203277149645146,4.063425016511246,4.672945608763257,0.4431991876572283,0.6138448487035929,/home/aaa/data/qj/stable-baselines3-master/risk_curriculum_metadrive/outputs/ijmlc_p2_external_baselines/rcpo_lagrangian_1m_nenv16/rcpo_lagrangian_ppo_s1/config.json,/home/aaa/data/qj/stable-baselines3-master/risk_curriculum_metadrive/outputs/ijmlc_p2_external_baselines/rcpo_lagrangian_1m_nenv16/rcpo_lagrangian_ppo_s1/model/final_model.zip
rcpo_lagrangian,external_safe_rl,rcpo_lagrangian,ppo,1,none,0.25,20000,20002,2,0.0,1.0,0.28202040120455685,0.0,0.0,0.0,1.0,103.0,85.77864153057588,31.29993280142466,48.4757398213519,55.03350492217909,12.399558025693848,0.0,0.0,0.28202040120455685,137.1464971121409,1.7481782287879173,0.905536351144642,0.10102747250367634,1.0,0.0,0.0,0.0,0.0,0.0,0.0,0.4327309810108894,0.4208750033285469,0.6097196106566115,0.6773788534337655,4.709161321143168,6.8789679047768,5.141892302154057,7.459689993993378,0.4327309810108894,0.6097196106566115,/home/aaa/data/qj/stable-baselines3-master/risk_curriculum_metadrive/outputs/ijmlc_p2_external_baselines/rcpo_lagrangian_1m_nenv16/rcpo_lagrangian_ppo_s1/config.json,/home/aaa/data/qj/stable-baselines3-master/risk_curriculum_metadrive/outputs/ijmlc_p2_external_baselines/rcpo_lagrangian_1m_nenv16/rcpo_lagrangian_ppo_s1/model/final_model.zip
rcpo_lagrangian,external_safe_rl,rcpo_lagrangian,ppo,1,none,0.25,20000,20003,3,0.0,1.0,0.06996173242734656,1.0,1.0,0.0,0.0,56.0,0.8425909311146373,-17.579852561622285,28.61109205946341,28.53433732213925,6.35390293657275,0.017857142857142856,1.0,0.06996173242734656,43.253675185690746,13.541909263281807,0.41255303447805425,0.29584612442401387,0.6666666666666666,0.0,0.0,0.0,0.0,0.0,0.0,0.4510643219483817,0.4339974984759465,0.5906305013922974,0.671851147490088,5.560029947186455,6.547236251208233,6.011094269134836,7.034724494587863,0.4510643219483817,0.5906305013922974,/home/aaa/data/qj/stable-baselines3-master/risk_curriculum_metadrive/outputs/ijmlc_p2_external_baselines/rcpo_lagrangian_1m_nenv16/rcpo_lagrangian_ppo_s1/config.json,/home/aaa/data/qj/stable-baselines3-master/risk_curriculum_metadrive/outputs/ijmlc_p2_external_baselines/rcpo_lagrangian_1m_nenv16/rcpo_lagrangian_ppo_s1/model/final_model.zip
rcpo_lagrangian,external_safe_rl,rcpo_lagrangian,ppo,1,none,0.25,20000,20004,4,0.0,1.0,0.1203071908173918,1.0,1.0,0.0,0.0,64.0,29.060864290476097,-1.9103521302401916,32.339984222325235,32.81936999689414,7.4579895171999535,0.0,1.0,0.1203071908173918,56.55775987629514,13.261204297771785,0.35183870723490285,0.2519569141585721,0.421875,0.0,0.0,0.0,0.0,0.0,0.0,0.4613834064457478,0.42390800081193447,0.6549144512973725,0.70493603736395,3.5378925304030417,4.199831794539932,3.9992759368487896,4.827341643976979,0.4613834064457478,0.6549144512973725,/home/aaa/data/qj/stable-baselines3-master/risk_curriculum_metadrive/outputs/ijmlc_p2_external_baselines/rcpo_lagrangian_1m_nenv16/rcpo_lagrangian_ppo_s1/config.json,/home/aaa/data/qj/stable-baselines3-master/risk_curriculum_metadrive/outputs/ijmlc_p2_external_baselines/rcpo_lagrangian_1m_nenv16/rcpo_lagrangian_ppo_s1/model/final_model.zip
rcpo_lagrangian,external_safe_rl,rcpo_lagrangian,ppo,1,none,0.25,20000,20005,5,0.0,1.0,0.12251775503745045,1.0,1.0,0.0,0.0,71.0,40.94414786668412,4.097606584465581,34.35151217754976,35.79752751558538,8.026969185670714,0.014084507042253521,1.0,0.12251775503745045,66.9069101174183,4.688839812818068,0.43457638443448815,0.09413021126647324,0.5714285714285714,0.0,0.0,0.0,0.0,0.0,0.0,0.46734391645246354,0.45116699766367674,0.6551094920723699,0.7349922962021078,7.296505704494259,9.188869000354316,7.763849620946722,9.808106995478738,0.46734391645246354,0.6551094920723699,/home/aaa/data/qj/stable-baselines3-master/risk_curriculum_metadrive/outputs/ijmlc_p2_external_baselines/rcpo_lagrangian_1m_nenv16/rcpo_lagrangian_ppo_s1/config.json,/home/aaa/data/qj/stable-baselines3-master/risk_curriculum_metadrive/outputs/ijmlc_p2_external_baselines/rcpo_lagrangian_1m_nenv16/rcpo_lagrangian_ppo_s1/model/final_model.zip
rcpo_lagrangian,external_safe_rl,rcpo_lagrangian,ppo,1,none,0.25,20000,20006,6,0.0,1.0,0.11582657561064325,0.0,0.0,0.0,1.0,71.0,42.17517843326032,4.462386484949455,33.5533305927015,35.27332809496878,7.88199250881186,0.014084507042253521,1.0,0.11582657561064325,65.03981331120369,5.228092508971262,5.228092508971262,0.0,0.0,0.0,0.0,0.0,0.0,0.0,0.0,0.4581352962266234,0.43558000470511615,0.6742589976056479,0.795284406922292,4.177637916168159,5.424722003226634,4.635773212394782,5.918210503295995,0.4581352962266234,0.6742589976056479,/home/aaa/data/qj/stable-baselines3-master/risk_curriculum_metadrive/outputs/ijmlc_p2_external_baselines/rcpo_lagrangian_1m_nenv16/rcpo_lagrangian_ppo_s1/config.json,/home/aaa/data/qj/stable-baselines3-master/risk_curriculum_metadrive/outputs/ijmlc_p2_external_baselines/rcpo_lagrangian_1m_nenv16/rcpo_lagrangian_ppo_s1/model/final_model.zip
rcpo_lagrangian,external_safe_rl,rcpo_lagrangian,ppo,1,none,0.25,20000,20007,7,0.0,1.0,0.1426964533342336,1.0,1.0,0.0,0.0,64.0,27.414827905146474,-2.061692447399743,34.21796710763739,34.28127314389505,7.937852678264464,0.0,1.0,0.1426964533342336,59.78083958557927,12.411741733124904,0.430480567805237,0.3074848902491084,0.6363636363636364,0.0,0.0,0.0,0.0,0.0,0.0,0.41748248349904316,0.3964014977100305,0.6015031023707703,0.9133428674249428,3.455320935927375,4.07065609615529,3.8728034194264183,4.528971440595342,0.41748248349904316,0.6015031023707703,/home/aaa/data/qj/stable-baselines3-master/risk_curriculum_metadrive/outputs/ijmlc_p2_external_baselines/rcpo_lagrangian_1m_nenv16/rcpo_lagrangian_ppo_s1/config.json,/home/aaa/data/qj/stable-baselines3-master/risk_curriculum_metadrive/outputs/ijmlc_p2_external_baselines/rcpo_lagrangian_1m_nenv16/rcpo_lagrangian_ppo_s1/model/final_model.zip
rcpo_lagrangian,external_safe_rl,rcpo_lagrangian,ppo,1,none,0.25,20000,20008,8,0.0,1.0,0.09253945579550449,1.0,1.0,0.0,0.0,65.0,25.860594256268094,-4.343519198000809,32.82101600180032,32.762359502928334,7.533894881604257,0.0,1.0,0.09253945579550449,58.22533603451209,13.444370330434511,0.41159944861247066,0.24359938439256104,0.6904761904761905,0.0,0.0,0.0,0.0,0.0,0.0,0.4622460307123569,0.45674499415326864,0.6077204103348776,0.668066791840829,5.861019783724959,7.156674197176471,6.323265814437316,7.625186996301636,0.4622460307123569,0.6077204103348776,/home/aaa/data/qj/stable-baselines3-master/risk_curriculum_metadrive/outputs/ijmlc_p2_external_baselines/rcpo_lagrangian_1m_nenv16/rcpo_lagrangian_ppo_s1/config.json,/home/aaa/data/qj/stable-baselines3-master/risk_curriculum_metadrive/outputs/ijmlc_p2_external_baselines/rcpo_lagrangian_1m_nenv16/rcpo_lagrangian_ppo_s1/model/final_model.zip
rcpo_lagrangian,external_safe_rl,rcpo_lagrangian,ppo,1,none,0.25,20000,20009,9,0.0,1.0,0.1862880220316187,1.0,1.0,0.0,0.0,73.0,27.20563183846314,-0.858543419819874,36.00114476763548,37.792703807907934,8.32830026936712,0.0,1.0,0.1862880220316187,71.6060992104527,0.011422440963051122,0.011422440963051122,0.013667335778183421,1.0,0.0,0.0,0.0,0.0,0.0,0.0,0.47446428802125923,0.43272100447211415,0.6645498011494054,0.6846552819479257,4.073257902708887,4.920140196918509,4.547722190730146,5.487527791410685,0.47446428802125923,0.6645498011494054,/home/aaa/data/qj/stable-baselines3-master/risk_curriculum_metadrive/outputs/ijmlc_p2_external_baselines/rcpo_lagrangian_1m_nenv16/rcpo_lagrangian_ppo_s1/config.json,/home/aaa/data/qj/stable-baselines3-master/risk_curriculum_metadrive/outputs/ijmlc_p2_external_baselines/rcpo_lagrangian_1m_nenv16/rcpo_lagrangian_ppo_s1/model/final_model.zip
rcpo_lagrangian,external_safe_rl,rcpo_lagrangian,ppo,1,none,0.25,20000,20010,10,0.0,1.0,0.3721899350247678,1.0,1.0,0.0,0.0,122.0,105.10346417885106,43.66743014016855,49.365042668316974,62.0684580502101,13.506229339573263,0.0,0.0,0.3721899350247678,165.7845736470182,1.3427603798111214,0.30468162532200055,0.17986424361584646,1.0,0.0,0.0,0.0,0.0,0.0,0.0,0.4352820171453593,0.41415449959458783,0.6141634046798571,0.7645262555161016,3.0245984342430154,5.555517848551972,3.4598804513883747,6.064046402752864,0.4352820171453593,0.6141634046798571,/home/aaa/data/qj/stable-baselines3-master/risk_curriculum_metadrive/outputs/ijmlc_p2_external_baselines/rcpo_lagrangian_1m_nenv16/rcpo_lagrangian_ppo_s1/config.json,/home/aaa/data/qj/stable-baselines3-master/risk_curriculum_metadrive/outputs/ijmlc_p2_external_baselines/rcpo_lagrangian_1m_nenv16/rcpo_lagrangian_ppo_s1/model/final_model.zip
rcpo_lagrangian,external_safe_rl,rcpo_lagrangian,ppo,1,none,0.25,20000,20011,11,0.0,1.0,0.20275426217327508,1.0,1.0,0.0,0.0,93.0,48.843212675073154,10.454234202734838,41.7600944515684,47.79665253169903,10.667764430207773,0.0,0.0,0.20275426217327508,107.24470114728038,4.385895269855135,0.5156474618577861,0.09953407608497063,0.65,0.0,0.0,0.0,0.0,0.0,0.0,0.5056723978580727,0.49375000526197255,0.6735345959896222,0.74792712344788,9.103667343057872,10.668440003064461,9.609339740915946,11.245264206081629,0.5056723978580727,0.6735345959896222,/home/aaa/data/qj/stable-baselines3-master/risk_curriculum_metadrive/outputs/ijmlc_p2_external_baselines/rcpo_lagrangian_1m_nenv16/rcpo_lagrangian_ppo_s1/config.json,/home/aaa/data/qj/stable-baselines3-master/risk_curriculum_metadrive/outputs/ijmlc_p2_external_baselines/rcpo_lagrangian_1m_nenv16/rcpo_lagrangian_ppo_s1/model/final_model.zip
rcpo_lagrangian,external_safe_rl,rcpo_lagrangian,ppo,1,none,0.25,20000,20012,12,0.0,1.0,0.1319254333161977,0.0,0.0,0.0,1.0,78.0,17.107009602981016,-7.53873219902356,35.42327455583027,41.096196832969866,8.92166135261894,0.0,1.0,0.1319254333161977,75.72686515234533,,,0.0,0.0,0.0,0.0,0.0,0.0,0.0,0.0,0.4313237312509535,0.40594450547359884,0.5773795513960064,0.7543679997616004,3.0310204738037636,3.555533743929118,3.462344205054717,3.9830962006817567,0.4313237312509535,0.5773795513960064,/home/aaa/data/qj/stable-baselines3-master/risk_curriculum_metadrive/outputs/ijmlc_p2_external_baselines/rcpo_lagrangian_1m_nenv16/rcpo_lagrangian_ppo_s1/config.json,/home/aaa/data/qj/stable-baselines3-master/risk_curriculum_metadrive/outputs/ijmlc_p2_external_baselines/rcpo_lagrangian_1m_nenv16/rcpo_lagrangian_ppo_s1/model/final_model.zip
rcpo_lagrangian,external_safe_rl,rcpo_lagrangian,ppo,1,none,0.25,20000,20013,13,0.0,1.0,0.4300852227416309,1.0,1.0,0.0,0.0,259.0,138.47381954148747,62.03946645299272,41.44130679187733,44.75836486458487,26.019426945282728,0.003861003861003861,0.0,0.4300852227416309,297.32739790627534,2.2996933047237786,0.0009082306473705977,0.15043996044981905,0.9420289855072463,0.0,0.0,0.0,0.0,0.0,0.0,0.49887775701046366,0.48993699601851404,0.6674531017779373,0.7904118587612172,8.21448070349749,13.082458599819802,8.713358460507953,13.615329195454251,0.49887775701046366,0.6674531017779373,/home/aaa/data/qj/stable-baselines3-master/risk_curriculum_metadrive/outputs/ijmlc_p2_external_baselines/rcpo_lagrangian_1m_nenv16/rcpo_lagrangian_ppo_s1/config.json,/home/aaa/data/qj/stable-baselines3-master/risk_curriculum_metadrive/outputs/ijmlc_p2_external_baselines/rcpo_lagrangian_1m_nenv16/rcpo_lagrangian_ppo_s1/model/final_model.zip
rcpo_lagrangian,external_safe_rl,rcpo_lagrangian,ppo,1,none,0.25,20000,20014,14,0.0,1.0,0.11254457976285528,1.0,1.0,0.0,0.0,65.0,35.05599784636708,0.8043363160691968,32.02306190218684,32.50298760014801,7.326479859544194,0.015384615384615385,1.0,0.11254457976285528,56.7350311967651,11.39338582582028,0.5380561924997456,0.2551736988502961,0.5230769230769231,0.0,0.0,0.0,0.0,0.0,0.0,0.409712661908438,0.36873199860565364,0.6635068042669445,0.8339965535560623,4.068512752956639,4.96830380288884,4.4782254148650775,5.524382193107158,0.409712661908438,0.6635068042669445,/home/aaa/data/qj/stable-baselines3-master/risk_curriculum_metadrive/outputs/ijmlc_p2_external_baselines/rcpo_lagrangian_1m_nenv16/rcpo_lagrangian_ppo_s1/config.json,/home/aaa/data/qj/stable-baselines3-master/risk_curriculum_metadrive/outputs/ijmlc_p2_external_baselines/rcpo_lagrangian_1m_nenv16/rcpo_lagrangian_ppo_s1/model/final_model.zip
rcpo_lagrangian,external_safe_rl,rcpo_lagrangian,ppo,1,none,0.25,20000,20015,15,0.0,1.0,0.1069126176427787,1.0,1.0,0.0,0.0,68.0,16.62306993785591,-8.531086501788685,34.58605063735397,36.91668451103057,8.105513168166642,0.0,1.0,0.1069126176427787,64.17534922494093,2.0955441757320257,1.2899629125062249,0.06834013704159939,1.0,0.0,0.0,0.0,0.0,0.0,0.0,0.4142840011541814,0.40626400004839525,0.5695525935152546,0.6231654490693472,2.9274973832584426,3.473727050004527,3.3417813844126236,3.8375192059902474,0.4142840011541814,0.5695525935152546,/home/aaa/data/qj/stable-baselines3-master/risk_curriculum_metadrive/outputs/ijmlc_p2_external_baselines/rcpo_lagrangian_1m_nenv16/rcpo_lagrangian_ppo_s1/config.json,/home/aaa/data/qj/stable-baselines3-master/risk_curriculum_metadrive/outputs/ijmlc_p2_external_baselines/rcpo_lagrangian_1m_nenv16/rcpo_lagrangian_ppo_s1/model/final_model.zip
rcpo_lagrangian,external_safe_rl,rcpo_lagrangian,ppo,1,none,0.25,20000,20016,16,0.0,1.0,0.3039864681223052,0.0,0.0,0.0,1.0,160.0,62.17783367178548,20.158510879561955,49.584975036664005,58.593088937940294,17.99606951538152,0.0,0.0,0.3039864681223052,218.8643672669024,2.7160963018415436,0.056549522755063995,0.21384889424497716,0.8153846153846154,0.0,0.0,0.0,0.0,0.0,0.0,0.4856780186855758,0.4677894976339303,0.6718296477629337,0.7048900156223681,6.590720113308635,8.733540948014706,7.07639813199421,9.205993147770641,0.4856780186855758,0.6718296477629337,/home/aaa/data/qj/stable-baselines3-master/risk_curriculum_metadrive/outputs/ijmlc_p2_external_baselines/rcpo_lagrangian_1m_nenv16/rcpo_lagrangian_ppo_s1/config.json,/home/aaa/data/qj/stable-baselines3-master/risk_curriculum_metadrive/outputs/ijmlc_p2_external_baselines/rcpo_lagrangian_1m_nenv16/rcpo_lagrangian_ppo_s1/model/final_model.zip
rcpo_lagrangian,external_safe_rl,rcpo_lagrangian,ppo,1,none,0.25,20000,20017,17,0.0,1.0,0.11111765626937285,0.0,0.0,0.0,1.0,68.0,17.947977471652873,-7.742481576092381,34.46310369316494,36.08223094451731,7.913915960888488,0.0,1.0,0.11111765626937285,63.828250923561164,4.738695385329017,4.738695385329017,0.0007685429843264219,1.0,0.0,0.0,0.0,0.0,0.0,0.0,0.4474150433345451,0.441940501332283,0.6461667915573343,0.7475267714471556,4.66085661751362,5.630978648696328,5.108271660848165,6.168865004292456,0.4474150433345451,0.6461667915573343,/home/aaa/data/qj/stable-baselines3-master/risk_curriculum_metadrive/outputs/ijmlc_p2_external_baselines/rcpo_lagrangian_1m_nenv16/rcpo_lagrangian_ppo_s1/config.json,/home/aaa/data/qj/stable-baselines3-master/risk_curriculum_metadrive/outputs/ijmlc_p2_external_baselines/rcpo_lagrangian_1m_nenv16/rcpo_lagrangian_ppo_s1/model/final_model.zip
rcpo_lagrangian,external_safe_rl,rcpo_lagrangian,ppo,1,none,0.25,20000,20018,18,0.0,1.0,0.12902648164954214,0.0,0.0,0.0,1.0,124.0,23.798722023467846,-4.27984453877982,36.31120357119507,37.3194707372708,13.67154870627244,0.0,1.0,0.12902648164954214,124.20589214239082,2.5056722069481854,1.5456367782134033,0.048277312123583514,1.0,0.0,0.0,0.0,0.0,0.0,0.0,0.48436857269412176,0.4514050015131943,0.679222749749897,0.7652882947877514,5.686147339034623,11.141544899146538,6.170515911728745,11.67519729497144,0.48436857269412176,0.679222749749897,/home/aaa/data/qj/stable-baselines3-master/risk_curriculum_metadrive/outputs/ijmlc_p2_external_baselines/rcpo_lagrangian_1m_nenv16/rcpo_lagrangian_ppo_s1/config.json,/home/aaa/data/qj/stable-baselines3-master/risk_curriculum_metadrive/outputs/ijmlc_p2_external_baselines/rcpo_lagrangian_1m_nenv16/rcpo_lagrangian_ppo_s1/model/final_model.zip
rcpo_lagrangian,external_safe_rl,rcpo_lagrangian,ppo,1,none,0.25,20000,20019,19,0.0,1.0,0.10545075316301529,0.0,0.0,0.0,1.0,66.0,14.311632479212228,-9.780661165503425,32.265517703471076,33.47208404796375,7.3790351222809925,0.015151515151515152,1.0,0.10545075316301529,57.96819666612108,14.456612349711321,0.4107708987437298,0.20128029995850139,0.6153846153846154,0.0,0.0,0.0,0.0,0.0,0.0,0.4056239241353152,0.39814250339986756,0.529171997186495,0.7168432559410549,4.335772273682806,5.040320502303075,4.741396197818121,5.478176004544366,0.4056239241353152,0.529171997186495,/home/aaa/data/qj/stable-baselines3-master/risk_curriculum_metadrive/outputs/ijmlc_p2_external_baselines/rcpo_lagrangian_1m_nenv16/rcpo_lagrangian_ppo_s1/config.json,/home/aaa/data/qj/stable-baselines3-master/risk_curriculum_metadrive/outputs/ijmlc_p2_external_baselines/rcpo_lagrangian_1m_nenv16/rcpo_lagrangian_ppo_s1/model/final_model.zip
