label,role,variant,algo,train_seed,action_filter,density,scenario_start_seed,map_seed,episode,success,cost,route_completion,collision,crash_vehicle,crash_object,out_of_road,episode_length,reward,shaped_reward,mean_speed_kmh,median_speed_kmh,p10_speed_kmh,stop_ratio,low_progress,progress_per_cost,path_length_m,mean_ttc,min_ttc,ttc_risk_mean,ttc_dangerous_fraction,intervention_count,soft_guard_count,hard_shield_count,overspeed_guard_count,intervention_rate_per_100_steps,intervention_rate_per_km,policy_inference_ms_mean,policy_inference_ms_p50,policy_inference_ms_p95,policy_inference_ms_p99,env_step_wall_ms_mean,env_step_wall_ms_p95,control_loop_wall_ms_mean,control_loop_wall_ms_p95,total_action_latency_ms_mean,total_action_latency_ms_p95,source_config_json,source_model_path
rss_ttc_filter,external_classical_filter,baseline,ppo,1,rss_ttc,0.08,10000,10000,0,0.0,1.0,0.39108183537041386,1.0,1.0,0.0,0.0,367.0,147.7867949881722,147.7867949881722,19.894202329427067,20.462102514853356,19.96446808367733,0.0,0.0,0.39108183537041386,202.66424325974015,0.165231730768054,0.041292981083832836,0.010539004401595522,1.0,310.0,0.0,3.0,307.0,84.46866485013625,1529.62355378445,1.1628017522431453,0.8270839898614213,1.0353091085562482,1.5196740374085271,3.708584277536301,5.0337751032202505,4.871386029779447,5.94352601619903,1.1628017522431453,1.0353091085562482,/home/aaa/data/qj/stable-baselines3-master/risk_curriculum_metadrive/outputs/tuned_compare_baseline_nenv16_seed1_1m/runs/baseline_ppo_s1/config.json,/home/aaa/data/qj/stable-baselines3-master/risk_curriculum_metadrive/outputs/tuned_compare_baseline_nenv16_seed1_1m/runs/baseline_ppo_s1/model/final_model.zip
rss_ttc_filter,external_classical_filter,baseline,ppo,1,rss_ttc,0.08,10000,10001,1,1.0,0.0,0.9913085720919173,0.0,0.0,0.0,0.0,905.0,484.1637511253679,484.1637511253679,20.2147898954182,20.419493962565323,19.9349367063773,0.0,0.0,991308.5720919173,507.69837263215965,82.28821841425065,10.905048110118214,0.0,0.0,767.0,0.0,0.0,767.0,84.7513812154696,1510.739528321693,0.7828534145013671,0.7712489896221086,1.0234788031084463,1.1372247198596601,2.261356941459042,3.375825801049359,3.044210355960409,4.303705407073721,0.7828534145013671,1.0234788031084463,/home/aaa/data/qj/stable-baselines3-master/risk_curriculum_metadrive/outputs/tuned_compare_baseline_nenv16_seed1_1m/runs/baseline_ppo_s1/config.json,/home/aaa/data/qj/stable-baselines3-master/risk_curriculum_metadrive/outputs/tuned_compare_baseline_nenv16_seed1_1m/runs/baseline_ppo_s1/model/final_model.zip
rss_ttc_filter,external_classical_filter,baseline,ppo,1,rss_ttc,0.08,10000,10002,2,1.0,0.0,0.9923023915953928,0.0,0.0,0.0,0.0,1002.0,489.0116097885194,489.0116097885194,19.88410540322161,20.40223829455716,19.890436069867174,0.003992015968063872,0.0,992302.3915953928,552.8891194190627,25.01412529580592,4.3447853818,0.00020286352750611468,0.05172413793103448,830.0,7.0,0.0,823.0,82.83433133732535,1501.205161845301,0.7929303603755224,0.7900759956100956,0.9751986908668184,1.0974339830863757,3.7031331523027626,5.8393955463543525,4.496063512678285,6.672477546089794,0.7929303603755224,0.9751986908668184,/home/aaa/data/qj/stable-baselines3-master/risk_curriculum_metadrive/outputs/tuned_compare_baseline_nenv16_seed1_1m/runs/baseline_ppo_s1/config.json,/home/aaa/data/qj/stable-baselines3-master/risk_curriculum_metadrive/outputs/tuned_compare_baseline_nenv16_seed1_1m/runs/baseline_ppo_s1/model/final_model.zip
rss_ttc_filter,external_classical_filter,baseline,ppo,1,rss_ttc,0.08,10000,10003,3,1.0,0.0,0.9905128644009448,0.0,0.0,0.0,0.0,827.0,467.60192385447874,467.60192385447874,20.262175859835075,20.467465938386997,19.960553380442935,0.0,0.0,990512.8644009448,464.98835569536135,391.43296626348814,11.461767337816193,0.0,0.0,719.0,0.0,0.0,719.0,86.94074969770253,1546.2752802159528,0.7174623764097238,0.7036250026430935,0.9112617990467695,1.0062548570567742,1.30764023606224,1.996520295506343,2.0251026124719638,2.738684297946747,0.7174623764097238,0.9112617990467695,/home/aaa/data/qj/stable-baselines3-master/risk_curriculum_metadrive/outputs/tuned_compare_baseline_nenv16_seed1_1m/runs/baseline_ppo_s1/config.json,/home/aaa/data/qj/stable-baselines3-master/risk_curriculum_metadrive/outputs/tuned_compare_baseline_nenv16_seed1_1m/runs/baseline_ppo_s1/model/final_model.zip
rss_ttc_filter,external_classical_filter,baseline,ppo,1,rss_ttc,0.08,10000,10004,4,1.0,0.0,0.9908821101922497,0.0,0.0,0.0,0.0,1001.0,532.5946403617743,532.5946403617743,20.279181706997104,20.46515790437013,19.961047753586964,0.0,0.0,990882.1101922498,563.3858450420034,20.237153349634806,5.888327600854762,0.0,0.0,866.0,2.0,0.0,864.0,86.51348651348651,1537.1348208711831,0.7945727343244439,0.7995939959073439,0.9918989962898195,1.1336510069668293,3.5078340310851797,5.62643600278534,4.302406765409623,6.489043997135013,0.7945727343244439,0.9918989962898195,/home/aaa/data/qj/stable-baselines3-master/risk_curriculum_metadrive/outputs/tuned_compare_baseline_nenv16_seed1_1m/runs/baseline_ppo_s1/config.json,/home/aaa/data/qj/stable-baselines3-master/risk_curriculum_metadrive/outputs/tuned_compare_baseline_nenv16_seed1_1m/runs/baseline_ppo_s1/model/final_model.zip
rss_ttc_filter,external_classical_filter,baseline,ppo,1,rss_ttc,0.08,10000,10005,5,1.0,0.0,0.9900186641926696,0.0,0.0,0.0,0.0,866.0,417.39491671310327,417.39491671310327,20.270113319684306,20.465802531440854,19.95673157229148,0.0,0.0,990018.6641926697,487.13094339539015,6.715756613012688,6.31372821411446,0.0,0.0,752.0,0.0,0.0,752.0,86.83602771362587,1543.7327687673153,0.7466903485780675,0.7359790033660829,0.9225014982803259,0.9947488470061217,2.3004185159089245,3.2679885007382836,3.047108864486992,4.0598767445771955,0.7466903485780675,0.9225014982803259,/home/aaa/data/qj/stable-baselines3-master/risk_curriculum_metadrive/outputs/tuned_compare_baseline_nenv16_seed1_1m/runs/baseline_ppo_s1/config.json,/home/aaa/data/qj/stable-baselines3-master/risk_curriculum_metadrive/outputs/tuned_compare_baseline_nenv16_seed1_1m/runs/baseline_ppo_s1/model/final_model.zip
rss_ttc_filter,external_classical_filter,baseline,ppo,1,rss_ttc,0.08,10000,10006,6,1.0,0.0,0.9924910758062696,0.0,0.0,0.0,0.0,1102.0,541.0265147638129,541.0265147638129,20.319321196915354,20.474067728543716,19.970263304742115,0.0,0.0,992491.0758062697,621.5098701899223,,,0.0,0.0,962.0,0.0,0.0,962.0,87.29582577132487,1547.843479470455,0.7496134346139114,0.7557909993920475,0.977459161367733,1.1184030152799096,2.3182734592529117,3.8113094931759406,3.067886893866823,4.656873943895335,0.7496134346139114,0.977459161367733,/home/aaa/data/qj/stable-baselines3-master/risk_curriculum_metadrive/outputs/tuned_compare_baseline_nenv16_seed1_1m/runs/baseline_ppo_s1/config.json,/home/aaa/data/qj/stable-baselines3-master/risk_curriculum_metadrive/outputs/tuned_compare_baseline_nenv16_seed1_1m/runs/baseline_ppo_s1/model/final_model.zip
rss_ttc_filter,external_classical_filter,baseline,ppo,1,rss_ttc,0.08,10000,10007,7,1.0,0.0,0.9950773127290778,0.0,0.0,0.0,0.0,1479.0,729.3212888882989,729.3212888882989,19.873924286703307,20.380776933741355,19.89060071614122,0.0,0.0,995077.3127290779,815.9316201255374,37.25063436978987,2.3712920581243906,0.00047905262223980286,0.005649717514124294,1213.0,18.0,1.0,1194.0,82.01487491548343,1486.6441869397959,0.8095984836537964,0.8069180039456114,1.0110727991559543,1.1075168347451836,6.5405991343736325,11.19659910618793,7.350197618027429,12.103722094616387,0.8095984836537964,1.0110727991559543,/home/aaa/data/qj/stable-baselines3-master/risk_curriculum_metadrive/outputs/tuned_compare_baseline_nenv16_seed1_1m/runs/baseline_ppo_s1/config.json,/home/aaa/data/qj/stable-baselines3-master/risk_curriculum_metadrive/outputs/tuned_compare_baseline_nenv16_seed1_1m/runs/baseline_ppo_s1/model/final_model.zip
rss_ttc_filter,external_classical_filter,baseline,ppo,1,rss_ttc,0.08,10000,10008,8,1.0,0.0,0.990491854358469,0.0,0.0,0.0,0.0,932.0,468.03712387119646,468.03712387119646,19.188865655963365,20.33959590582113,16.47164837389125,0.018240343347639486,0.0,990491.854358469,496.157427120189,21.22294158651841,0.015129483841596835,0.013514935908903073,0.07480314960629922,739.0,10.0,19.0,710.0,79.29184549356223,1489.4466143323193,0.7280252573085108,0.7180579996202141,0.9074767513084225,1.043311488610925,2.282274645906718,3.024930952960858,3.010299903215229,3.801448697049636,0.7280252573085108,0.9074767513084225,/home/aaa/data/qj/stable-baselines3-master/risk_curriculum_metadrive/outputs/tuned_compare_baseline_nenv16_seed1_1m/runs/baseline_ppo_s1/config.json,/home/aaa/data/qj/stable-baselines3-master/risk_curriculum_metadrive/outputs/tuned_compare_baseline_nenv16_seed1_1m/runs/baseline_ppo_s1/model/final_model.zip
rss_ttc_filter,external_classical_filter,baseline,ppo,1,rss_ttc,0.08,10000,10009,9,1.0,0.0,0.988781933842624,0.0,0.0,0.0,0.0,821.0,415.5438591082825,415.5438591082825,20.224812957778884,20.431812314901418,19.944753074395013,0.0,0.0,988781.9338426241,460.7564489158571,,,0.0,0.0,705.0,0.0,0.0,705.0,85.87088915956151,1530.0925286207907,0.6560158431262002,0.675413990393281,0.880307998158969,0.9866712003713466,1.5298406867772378,2.3471070016967133,2.1858565299034383,3.1402820022776723,0.6560158431262002,0.880307998158969,/home/aaa/data/qj/stable-baselines3-master/risk_curriculum_metadrive/outputs/tuned_compare_baseline_nenv16_seed1_1m/runs/baseline_ppo_s1/config.json,/home/aaa/data/qj/stable-baselines3-master/risk_curriculum_metadrive/outputs/tuned_compare_baseline_nenv16_seed1_1m/runs/baseline_ppo_s1/model/final_model.zip
rss_ttc_filter,external_classical_filter,baseline,ppo,1,rss_ttc,0.08,10000,10010,10,1.0,0.0,0.9920147346846069,0.0,0.0,0.0,0.0,1011.0,504.4731067103981,504.4731067103981,20.2083202574984,20.407714473111888,19.94713857909777,0.0009891196834817012,0.0,992014.7346846069,567.0295426945296,36.89416386220288,7.921427915985451,0.0,0.0,855.0,0.0,0.0,855.0,84.56973293768546,1507.8579432334905,0.7550506331231519,0.7617700030095875,0.9735269995871931,1.0654270983650347,3.7008954661753917,5.184760004340205,4.455946099298544,6.01695200020913,0.7550506331231519,0.9735269995871931,/home/aaa/data/qj/stable-baselines3-master/risk_curriculum_metadrive/outputs/tuned_compare_baseline_nenv16_seed1_1m/runs/baseline_ppo_s1/config.json,/home/aaa/data/qj/stable-baselines3-master/risk_curriculum_metadrive/outputs/tuned_compare_baseline_nenv16_seed1_1m/runs/baseline_ppo_s1/model/final_model.zip
rss_ttc_filter,external_classical_filter,baseline,ppo,1,rss_ttc,0.08,10000,10011,11,1.0,0.0,0.992499155277788,0.0,0.0,0.0,0.0,1057.0,587.7936053072128,587.7936053072128,20.261831582416715,20.456224485830965,19.958526035786974,0.0,0.0,992499.155277788,594.3993944140325,62.30915387705169,5.631070785440291,0.0,0.0,914.0,2.0,0.0,912.0,86.47114474929045,1537.6866271895087,0.790527067618033,0.8003999973880127,1.0241052019409833,1.1497245635837323,3.7388266944913493,6.185907599865458,4.529353762109382,7.119600404985249,0.790527067618033,1.0241052019409833,/home/aaa/data/qj/stable-baselines3-master/risk_curriculum_metadrive/outputs/tuned_compare_baseline_nenv16_seed1_1m/runs/baseline_ppo_s1/config.json,/home/aaa/data/qj/stable-baselines3-master/risk_curriculum_metadrive/outputs/tuned_compare_baseline_nenv16_seed1_1m/runs/baseline_ppo_s1/model/final_model.zip
rss_ttc_filter,external_classical_filter,baseline,ppo,1,rss_ttc,0.08,10000,10012,12,1.0,0.0,0.9895968349385194,0.0,0.0,0.0,0.0,798.0,426.5157437299196,426.5157437299196,19.617448019095935,20.411024988340685,19.894857534759073,0.013784461152882205,0.0,989596.8349385194,434.34934461112084,1.7714156217923298,1.215528162882262,0.012946704273514466,1.0,667.0,0.0,16.0,651.0,83.58395989974937,1535.6302669160802,0.6846515288565397,0.6889834985486232,0.8652491422253661,0.93710716420901,1.7661492879015808,2.9814741028530984,2.4508008167581203,3.760448382672621,0.6846515288565397,0.8652491422253661,/home/aaa/data/qj/stable-baselines3-master/risk_curriculum_metadrive/outputs/tuned_compare_baseline_nenv16_seed1_1m/runs/baseline_ppo_s1/config.json,/home/aaa/data/qj/stable-baselines3-master/risk_curriculum_metadrive/outputs/tuned_compare_baseline_nenv16_seed1_1m/runs/baseline_ppo_s1/model/final_model.zip
rss_ttc_filter,external_classical_filter,baseline,ppo,1,rss_ttc,0.08,10000,10013,13,1.0,0.0,0.9925114102876721,0.0,0.0,0.0,0.0,953.0,504.6986545918239,504.6986545918239,20.267748355731662,20.445171674918747,19.96682814073921,0.0,0.0,992511.4102876722,536.0632215308439,,,0.0,0.0,827.0,0.0,0.0,827.0,86.77859391395593,1542.728481984501,0.7184654271356167,0.7354710105573758,0.9547815978294238,1.0400488408049569,2.7530856104005728,4.894038205384277,3.4715510375361895,5.710276204627007,0.7184654271356167,0.9547815978294238,/home/aaa/data/qj/stable-baselines3-master/risk_curriculum_metadrive/outputs/tuned_compare_baseline_nenv16_seed1_1m/runs/baseline_ppo_s1/config.json,/home/aaa/data/qj/stable-baselines3-master/risk_curriculum_metadrive/outputs/tuned_compare_baseline_nenv16_seed1_1m/runs/baseline_ppo_s1/model/final_model.zip
rss_ttc_filter,external_classical_filter,baseline,ppo,1,rss_ttc,0.08,10000,10014,14,1.0,0.0,0.9948185914839922,0.0,0.0,0.0,0.0,1450.0,745.592688915982,745.592688915982,20.245455451192697,20.431208384698497,19.939007970144537,0.0,0.0,994818.5914839923,814.9307377739419,37.371097299379976,1.7764756624858555,0.0007400473430856115,0.018691588785046728,1245.0,0.0,2.0,1243.0,85.86206896551725,1527.73719567976,0.7684408862480958,0.7676830064156093,0.9821138548431916,1.0817000037059188,4.174306356440427,7.0048009998572525,4.942747242688522,7.848876950447447,0.7684408862480958,0.9821138548431916,/home/aaa/data/qj/stable-baselines3-master/risk_curriculum_metadrive/outputs/tuned_compare_baseline_nenv16_seed1_1m/runs/baseline_ppo_s1/config.json,/home/aaa/data/qj/stable-baselines3-master/risk_curriculum_metadrive/outputs/tuned_compare_baseline_nenv16_seed1_1m/runs/baseline_ppo_s1/model/final_model.zip
rss_ttc_filter,external_classical_filter,baseline,ppo,1,rss_ttc,0.08,10000,10015,15,1.0,0.0,0.993048144988058,0.0,0.0,0.0,0.0,1252.0,664.9265926502876,664.9265926502876,20.319640745466682,20.456313374251852,19.969024994165846,0.0,0.0,993048.1449880581,706.195904053503,25.36105222783588,9.205453574981554,0.0,0.0,1096.0,0.0,0.0,1096.0,87.53993610223642,1551.9772823788066,0.6445274751323027,0.6541375041706488,0.9080389994778673,1.0288319375831634,2.529280555660289,4.686753947316903,3.1738080307925918,5.505293060559779,0.6445274751323027,0.9080389994778673,/home/aaa/data/qj/stable-baselines3-master/risk_curriculum_metadrive/outputs/tuned_compare_baseline_nenv16_seed1_1m/runs/baseline_ppo_s1/config.json,/home/aaa/data/qj/stable-baselines3-master/risk_curriculum_metadrive/outputs/tuned_compare_baseline_nenv16_seed1_1m/runs/baseline_ppo_s1/model/final_model.zip
rss_ttc_filter,external_classical_filter,baseline,ppo,1,rss_ttc,0.08,10000,10016,16,1.0,0.0,0.9903560148319064,0.0,0.0,0.0,0.0,867.0,440.3350420197614,440.3350420197614,20.187354918795236,20.397526339038023,19.942749608120106,0.0011534025374855825,0.0,990356.0148319064,485.70028061442787,38.90419515865874,6.01510832221334,0.0,0.0,739.0,0.0,0.0,739.0,85.23644752018454,1521.5144596275281,0.6124080165517339,0.6195610039867461,0.8743328100536017,1.0134465651935898,1.6555001511502498,2.782786700117866,2.2679081677019837,3.5125793059705748,0.6124080165517339,0.8743328100536017,/home/aaa/data/qj/stable-baselines3-master/risk_curriculum_metadrive/outputs/tuned_compare_baseline_nenv16_seed1_1m/runs/baseline_ppo_s1/config.json,/home/aaa/data/qj/stable-baselines3-master/risk_curriculum_metadrive/outputs/tuned_compare_baseline_nenv16_seed1_1m/runs/baseline_ppo_s1/model/final_model.zip
rss_ttc_filter,external_classical_filter,baseline,ppo,1,rss_ttc,0.08,10000,10017,17,1.0,0.0,0.9942165917507259,0.0,0.0,0.0,0.0,1383.0,707.2678034712833,707.2678034712833,20.32501253568619,20.450101406350598,19.971249273254482,0.0,0.0,994216.5917507259,780.3479143372894,17.841227916180447,8.438206119130424,0.0,0.0,1210.0,0.0,0.0,1210.0,87.49096167751266,1550.590419694519,0.6897999782342328,0.7116120104910806,0.9552094998070968,1.039922840136569,4.137368484668565,7.971078493574165,4.827168462902798,8.75512489292305,0.6897999782342328,0.9552094998070968,/home/aaa/data/qj/stable-baselines3-master/risk_curriculum_metadrive/outputs/tuned_compare_baseline_nenv16_seed1_1m/runs/baseline_ppo_s1/config.json,/home/aaa/data/qj/stable-baselines3-master/risk_curriculum_metadrive/outputs/tuned_compare_baseline_nenv16_seed1_1m/runs/baseline_ppo_s1/model/final_model.zip
rss_ttc_filter,external_classical_filter,baseline,ppo,1,rss_ttc,0.08,10000,10018,18,1.0,0.0,0.9910010245313369,0.0,0.0,0.0,0.0,777.0,428.7338546730989,428.7338546730989,19.73260397355717,20.41290483271096,19.904847383032127,0.010296010296010296,0.0,991001.024531337,425.3759790467556,4.9692512881067685,1.8874413500628746,0.007385800312524353,0.6470588235294118,651.0,0.0,11.0,640.0,83.78378378378379,1530.4108178812905,0.7100015199550535,0.7316980045288801,0.9374059911351644,1.031784037477337,2.779838193052609,4.115467390511184,3.489839713007662,4.890025409986265,0.7100015199550535,0.9374059911351644,/home/aaa/data/qj/stable-baselines3-master/risk_curriculum_metadrive/outputs/tuned_compare_baseline_nenv16_seed1_1m/runs/baseline_ppo_s1/config.json,/home/aaa/data/qj/stable-baselines3-master/risk_curriculum_metadrive/outputs/tuned_compare_baseline_nenv16_seed1_1m/runs/baseline_ppo_s1/model/final_model.zip
rss_ttc_filter,external_classical_filter,baseline,ppo,1,rss_ttc,0.08,10000,10019,19,1.0,0.0,0.9931041461978999,0.0,0.0,0.0,0.0,1222.0,601.1473491807312,601.1473491807312,20.02171705584718,20.45713471950903,19.945398755386048,0.006546644844517185,0.0,993104.1461979,679.1478763345984,20.051556236130715,2.306587693180779,0.002717490919367099,0.14864864864864866,1057.0,5.0,6.0,1046.0,86.49754500818331,1556.36207788014,0.7630533520967788,0.7533480020356365,0.9809583956666758,1.1063800645933952,3.694202319793967,7.626431804237656,4.457255671890746,8.493449092202356,0.7630533520967788,0.9809583956666758,/home/aaa/data/qj/stable-baselines3-master/risk_curriculum_metadrive/outputs/tuned_compare_baseline_nenv16_seed1_1m/runs/baseline_ppo_s1/config.json,/home/aaa/data/qj/stable-baselines3-master/risk_curriculum_metadrive/outputs/tuned_compare_baseline_nenv16_seed1_1m/runs/baseline_ppo_s1/model/final_model.zip
rss_ttc_filter,external_classical_filter,baseline,ppo,1,rss_ttc,0.08,20000,20000,0,1.0,0.0,0.9865683773092783,0.0,0.0,0.0,0.0,621.0,340.00845822584006,340.00845822584006,20.11474388317212,20.417890897590823,19.908901416977443,0.0,0.0,986568.3773092784,346.48355897544127,21.47742893881112,7.723000063145304,0.0,0.0,513.0,0.0,0.0,513.0,82.6086956521739,1480.5897327912214,0.6364110026594053,0.6524140044348314,0.8828630088828504,1.0028904041973874,1.7726915120962639,3.0032219947315753,2.409102514755669,3.818801007582806,0.6364110026594053,0.8828630088828504,/home/aaa/data/qj/stable-baselines3-master/risk_curriculum_metadrive/outputs/tuned_compare_baseline_nenv16_seed1_1m/runs/baseline_ppo_s1/config.json,/home/aaa/data/qj/stable-baselines3-master/risk_curriculum_metadrive/outputs/tuned_compare_baseline_nenv16_seed1_1m/runs/baseline_ppo_s1/model/final_model.zip
rss_ttc_filter,external_classical_filter,baseline,ppo,1,rss_ttc,0.08,20000,20001,1,1.0,0.0,0.9911176117907331,0.0,0.0,0.0,0.0,920.0,421.3224287394625,421.3224287394625,19.674946799225914,20.36072218166175,19.789078342846306,0.009782608695652175,0.0,991117.6117907332,502.2902467393634,47.73369607534126,0.6190076970890074,0.011777929398911743,0.21212121212121213,740.0,0.0,14.0,726.0,80.43478260869566,1473.2517798299662,0.6728571205198735,0.6764479985577054,0.8693324482010208,1.000941519305342,1.5268362681957155,2.122224449703935,2.199693388715589,2.881378749589203,0.6728571205198735,0.8693324482010208,/home/aaa/data/qj/stable-baselines3-master/risk_curriculum_metadrive/outputs/tuned_compare_baseline_nenv16_seed1_1m/runs/baseline_ppo_s1/config.json,/home/aaa/data/qj/stable-baselines3-master/risk_curriculum_metadrive/outputs/tuned_compare_baseline_nenv16_seed1_1m/runs/baseline_ppo_s1/model/final_model.zip
rss_ttc_filter,external_classical_filter,baseline,ppo,1,rss_ttc,0.08,20000,20002,2,1.0,0.0,0.9894836369853569,0.0,0.0,0.0,0.0,891.0,482.2036981105624,482.2036981105624,19.844063610683076,20.44264071749041,19.924284945978265,0.004489337822671156,0.0,989483.6369853569,490.5927348996512,34.94153278468503,4.3880500719098565,0.00015761823078771828,0.044444444444444446,750.0,7.0,0.0,743.0,84.17508417508418,1528.7629568208129,0.6726864073797904,0.6834609957877547,0.9214199963025749,1.0161631042137742,2.2718304625527326,3.5109604941681027,2.944516869932523,4.27873499575071,0.6726864073797904,0.9214199963025749,/home/aaa/data/qj/stable-baselines3-master/risk_curriculum_metadrive/outputs/tuned_compare_baseline_nenv16_seed1_1m/runs/baseline_ppo_s1/config.json,/home/aaa/data/qj/stable-baselines3-master/risk_curriculum_metadrive/outputs/tuned_compare_baseline_nenv16_seed1_1m/runs/baseline_ppo_s1/model/final_model.zip
rss_ttc_filter,external_classical_filter,baseline,ppo,1,rss_ttc,0.08,20000,20003,3,1.0,0.0,0.9932941517043514,0.0,0.0,0.0,0.0,1200.0,553.7575177569626,553.7575177569626,20.272614625541717,20.420892004044564,19.959940889558414,0.0,0.0,993294.1517043514,675.2853339833672,63.1881322810473,9.081476877540762,0.0,0.0,1040.0,0.0,0.0,1040.0,86.66666666666667,1540.0897186160657,0.7241189726119046,0.718348499503918,0.9871265501715243,1.0924056981457397,3.6705620207067113,7.021542250004131,4.394680993318616,7.8652079588209745,0.7241189726119046,0.9871265501715243,/home/aaa/data/qj/stable-baselines3-master/risk_curriculum_metadrive/outputs/tuned_compare_baseline_nenv16_seed1_1m/runs/baseline_ppo_s1/config.json,/home/aaa/data/qj/stable-baselines3-master/risk_curriculum_metadrive/outputs/tuned_compare_baseline_nenv16_seed1_1m/runs/baseline_ppo_s1/model/final_model.zip
rss_ttc_filter,external_classical_filter,baseline,ppo,1,rss_ttc,0.08,20000,20004,4,1.0,0.0,0.9909941463888277,0.0,0.0,0.0,0.0,892.0,496.00572914937345,496.00572914937345,20.222753558771835,20.42770089374425,19.953195742639473,0.0,0.0,990994.1463888277,500.5945636289991,27.08666573455467,6.97135170582383,0.0,0.0,769.0,0.0,0.0,769.0,86.21076233183857,1536.1732944625455,0.6165003304082886,0.6206635007401928,0.863169803051278,0.992496917024255,1.5146099686460264,2.570403191930381,2.131110299054315,3.3574639455764546,0.6165003304082886,0.863169803051278,/home/aaa/data/qj/stable-baselines3-master/risk_curriculum_metadrive/outputs/tuned_compare_baseline_nenv16_seed1_1m/runs/baseline_ppo_s1/config.json,/home/aaa/data/qj/stable-baselines3-master/risk_curriculum_metadrive/outputs/tuned_compare_baseline_nenv16_seed1_1m/runs/baseline_ppo_s1/model/final_model.zip
rss_ttc_filter,external_classical_filter,baseline,ppo,1,rss_ttc,0.08,20000,20005,5,1.0,0.0,0.992748836814273,0.0,0.0,0.0,0.0,1027.0,561.3294807844997,561.3294807844997,20.243112764388133,20.421315536423176,19.965203466715387,0.0,0.0,992748.836814273,577.0189825941279,96.00063572727952,11.107347532242668,0.0,0.0,887.0,0.0,0.0,887.0,86.3680623174294,1537.2111260747051,0.6739545989921725,0.6767690065316856,0.9578122029779479,1.0412645028554834,2.6334606048222784,4.48632760089822,3.307415203814451,5.290218905429356,0.6739545989921725,0.9578122029779479,/home/aaa/data/qj/stable-baselines3-master/risk_curriculum_metadrive/outputs/tuned_compare_baseline_nenv16_seed1_1m/runs/baseline_ppo_s1/config.json,/home/aaa/data/qj/stable-baselines3-master/risk_curriculum_metadrive/outputs/tuned_compare_baseline_nenv16_seed1_1m/runs/baseline_ppo_s1/model/final_model.zip
rss_ttc_filter,external_classical_filter,baseline,ppo,1,rss_ttc,0.08,20000,20006,6,1.0,0.0,0.9917797942983834,0.0,0.0,0.0,0.0,1019.0,545.0696524122449,545.0696524122449,20.208917230924516,20.401810412239,19.937014319893585,0.0009813542688910696,0.0,991779.7942983834,571.5444250850602,671.84142471514,671.84142471514,0.0,0.0,862.0,0.0,0.0,862.0,84.5927379784102,1508.1942228230337,0.7011731950302496,0.7066100079100579,0.9306716965511441,1.0260100639425218,1.7155787930646784,2.6240287974360395,2.4167519880949277,3.405800592736341,0.7011731950302496,0.9306716965511441,/home/aaa/data/qj/stable-baselines3-master/risk_curriculum_metadrive/outputs/tuned_compare_baseline_nenv16_seed1_1m/runs/baseline_ppo_s1/config.json,/home/aaa/data/qj/stable-baselines3-master/risk_curriculum_metadrive/outputs/tuned_compare_baseline_nenv16_seed1_1m/runs/baseline_ppo_s1/model/final_model.zip
rss_ttc_filter,external_classical_filter,baseline,ppo,1,rss_ttc,0.08,20000,20007,7,1.0,0.0,0.9900309273181482,0.0,0.0,0.0,0.0,808.0,425.21609344831205,425.21609344831205,19.40946477786858,20.387331058409075,19.3098678414644,0.012376237623762377,0.0,990030.9273181483,435.1047266556517,11.743220190540878,1.1486971332214888,0.00453159758743629,0.4642857142857143,648.0,12.0,4.0,632.0,80.19801980198021,1489.2966228630212,0.6708864418422056,0.6720625024172477,0.9121105984377208,1.0234627648605956,1.7333193328421757,2.9057798463327345,2.4042057746843812,3.689801541622728,0.6708864418422056,0.9121105984377208,/home/aaa/data/qj/stable-baselines3-master/risk_curriculum_metadrive/outputs/tuned_compare_baseline_nenv16_seed1_1m/runs/baseline_ppo_s1/config.json,/home/aaa/data/qj/stable-baselines3-master/risk_curriculum_metadrive/outputs/tuned_compare_baseline_nenv16_seed1_1m/runs/baseline_ppo_s1/model/final_model.zip
rss_ttc_filter,external_classical_filter,baseline,ppo,1,rss_ttc,0.08,20000,20008,8,1.0,0.0,0.9943181592122884,0.0,0.0,0.0,0.0,1231.0,605.4692805680428,605.4692805680428,19.679820474097447,20.40266439530207,19.900881327260834,0.015434606011372868,0.0,994318.1592122884,672.420752588854,30.725512327862564,0.4683357123598055,0.013434420549142971,0.25263157894736843,1030.0,1.0,24.0,1005.0,83.67181153533713,1531.7790178760065,0.6919110569384956,0.6985939980950207,0.9723910043248907,1.100017501448747,2.5897640051053696,3.8617114987573586,3.2816750620438655,4.716627001471352,0.6919110569384956,0.9723910043248907,/home/aaa/data/qj/stable-baselines3-master/risk_curriculum_metadrive/outputs/tuned_compare_baseline_nenv16_seed1_1m/runs/baseline_ppo_s1/config.json,/home/aaa/data/qj/stable-baselines3-master/risk_curriculum_metadrive/outputs/tuned_compare_baseline_nenv16_seed1_1m/runs/baseline_ppo_s1/model/final_model.zip
rss_ttc_filter,external_classical_filter,baseline,ppo,1,rss_ttc,0.08,20000,20009,9,0.0,1.0,0.781153080148759,1.0,1.0,0.0,0.0,602.0,245.00473501574487,245.00473501574487,18.797763746412226,20.32802049489633,14.00329580146954,0.026578073089700997,0.0,0.781153080148759,313.81441002219356,20.136616462184236,1.3170396447351278,0.02015298818051756,0.6666666666666666,476.0,0.0,22.0,454.0,79.06976744186046,1516.8200847320438,0.6723511615078479,0.6969754977035336,0.9003540515550411,1.0526133606617805,2.395517066648258,3.51336435196572,3.067868228156106,4.28074730807566,0.6723511615078479,0.9003540515550411,/home/aaa/data/qj/stable-baselines3-master/risk_curriculum_metadrive/outputs/tuned_compare_baseline_nenv16_seed1_1m/runs/baseline_ppo_s1/config.json,/home/aaa/data/qj/stable-baselines3-master/risk_curriculum_metadrive/outputs/tuned_compare_baseline_nenv16_seed1_1m/runs/baseline_ppo_s1/model/final_model.zip
rss_ttc_filter,external_classical_filter,baseline,ppo,1,rss_ttc,0.08,20000,20010,10,1.0,0.0,0.9896481850735532,0.0,0.0,0.0,0.0,793.0,425.202695922293,425.202695922293,20.201056102247268,20.427819578792413,19.952479427401425,0.0,0.0,989648.1850735532,444.51499278967924,31.222573358543713,9.225914415372742,0.0,0.0,682.0,0.0,0.0,682.0,86.00252206809584,1534.2564616772913,0.6324829709163279,0.6358800019370392,0.8408176014199853,0.9416639909613883,1.1312944137173897,1.6697741957614198,1.7637773846337175,2.3955285956617445,0.6324829709163279,0.8408176014199853,/home/aaa/data/qj/stable-baselines3-master/risk_curriculum_metadrive/outputs/tuned_compare_baseline_nenv16_seed1_1m/runs/baseline_ppo_s1/config.json,/home/aaa/data/qj/stable-baselines3-master/risk_curriculum_metadrive/outputs/tuned_compare_baseline_nenv16_seed1_1m/runs/baseline_ppo_s1/model/final_model.zip
rss_ttc_filter,external_classical_filter,baseline,ppo,1,rss_ttc,0.08,20000,20011,11,1.0,0.0,0.9916789750778003,0.0,0.0,0.0,0.0,1006.0,460.06210640467935,460.06210640467935,19.601434939092563,20.387288958597594,19.891306134856084,0.009940357852882704,0.0,991678.9750778003,547.2070472817752,1.7862559467348889,0.5264458827738512,0.01022264509984926,1.0,832.0,2.0,14.0,816.0,82.7037773359841,1520.4482547016166,0.6946512347755669,0.6943285043234937,0.969095497566741,1.0850180900888522,3.55663211853579,5.290160501317587,4.251283353311357,6.1234859967953525,0.6946512347755669,0.969095497566741,/home/aaa/data/qj/stable-baselines3-master/risk_curriculum_metadrive/outputs/tuned_compare_baseline_nenv16_seed1_1m/runs/baseline_ppo_s1/config.json,/home/aaa/data/qj/stable-baselines3-master/risk_curriculum_metadrive/outputs/tuned_compare_baseline_nenv16_seed1_1m/runs/baseline_ppo_s1/model/final_model.zip
rss_ttc_filter,external_classical_filter,baseline,ppo,1,rss_ttc,0.08,20000,20012,12,1.0,0.0,0.9918135211068887,0.0,0.0,0.0,0.0,922.0,492.0921735633543,492.0921735633543,20.237270834630703,20.425684093124914,19.956504685572977,0.0,0.0,991813.5211068888,517.8158384670581,,,0.0,0.0,795.0,0.0,0.0,795.0,86.22559652928416,1535.2948692213004,0.5849670837398461,0.5789579954580404,0.8708086992555762,1.0099688431364475,1.5528429485327178,2.783703591558151,2.1378100322725637,3.5547902603866532,0.5849670837398461,0.8708086992555762,/home/aaa/data/qj/stable-baselines3-master/risk_curriculum_metadrive/outputs/tuned_compare_baseline_nenv16_seed1_1m/runs/baseline_ppo_s1/config.json,/home/aaa/data/qj/stable-baselines3-master/risk_curriculum_metadrive/outputs/tuned_compare_baseline_nenv16_seed1_1m/runs/baseline_ppo_s1/model/final_model.zip
rss_ttc_filter,external_classical_filter,baseline,ppo,1,rss_ttc,0.08,20000,20013,13,1.0,0.0,0.9940282490308935,0.0,0.0,0.0,0.0,1204.0,552.8013330791118,552.8013330791118,19.900109881066797,20.37707103228123,19.901555388159437,0.005813953488372093,0.0,994028.2490308936,664.9987493315516,9.79770597050744,3.488628979234323,0.000825631704670377,0.06382978723404255,996.0,11.0,1.0,984.0,82.72425249169434,1497.7471777220135,0.7551008312291144,0.7637265007360838,1.0037422965979204,1.1025926425645594,3.8740240258789904,6.316633149981498,4.6291248571081045,7.222363591426983,0.7551008312291144,1.0037422965979204,/home/aaa/data/qj/stable-baselines3-master/risk_curriculum_metadrive/outputs/tuned_compare_baseline_nenv16_seed1_1m/runs/baseline_ppo_s1/config.json,/home/aaa/data/qj/stable-baselines3-master/risk_curriculum_metadrive/outputs/tuned_compare_baseline_nenv16_seed1_1m/runs/baseline_ppo_s1/model/final_model.zip
rss_ttc_filter,external_classical_filter,baseline,ppo,1,rss_ttc,0.08,20000,20014,14,1.0,0.0,0.9912665215930121,0.0,0.0,0.0,0.0,957.0,515.6946383761513,515.6946383761513,20.207008505913713,20.410077331242608,19.95041932352635,0.0010449320794148381,0.0,991266.5215930121,536.6956352612038,33.561470428317854,7.119094740074304,0.0,0.0,819.0,0.0,0.0,819.0,85.57993730407524,1526.004584705448,0.6743549279287864,0.6819429981987923,0.9812364005483686,1.104554280173033,2.155183553976073,3.615915801492519,2.8295384819048595,4.536852610181084,0.6743549279287864,0.9812364005483686,/home/aaa/data/qj/stable-baselines3-master/risk_curriculum_metadrive/outputs/tuned_compare_baseline_nenv16_seed1_1m/runs/baseline_ppo_s1/config.json,/home/aaa/data/qj/stable-baselines3-master/risk_curriculum_metadrive/outputs/tuned_compare_baseline_nenv16_seed1_1m/runs/baseline_ppo_s1/model/final_model.zip
rss_ttc_filter,external_classical_filter,baseline,ppo,1,rss_ttc,0.08,20000,20015,15,0.0,1.0,0.10102293153263352,1.0,1.0,0.0,0.0,111.0,39.0168185561482,39.0168185561482,18.60531095733325,20.286719911652508,11.843303083363427,0.0,1.0,0.10102293153263352,57.26317091909157,0.9741880606818444,0.7023643227413153,0.021761145617935976,1.0,79.0,0.0,2.0,77.0,71.17117117117117,1379.5952744499757,0.7585082252967162,0.7559090008726344,0.9550735048833303,1.0445845880894922,1.9817076491554864,2.429468499030918,2.7402158744522027,3.2763960043666884,0.7585082252967162,0.9550735048833303,/home/aaa/data/qj/stable-baselines3-master/risk_curriculum_metadrive/outputs/tuned_compare_baseline_nenv16_seed1_1m/runs/baseline_ppo_s1/config.json,/home/aaa/data/qj/stable-baselines3-master/risk_curriculum_metadrive/outputs/tuned_compare_baseline_nenv16_seed1_1m/runs/baseline_ppo_s1/model/final_model.zip
rss_ttc_filter,external_classical_filter,baseline,ppo,1,rss_ttc,0.08,20000,20016,16,1.0,0.0,0.993107632796062,0.0,0.0,0.0,0.0,1264.0,654.045385599969,654.045385599969,20.318569092407163,20.461814100904594,19.975628499174803,0.0,0.0,993107.632796062,712.936134540737,36.188382618025116,8.850637187239421,0.0,0.0,1104.0,0.0,0.0,1104.0,87.34177215189874,1548.5258026810222,0.6932467679263614,0.701422497513704,0.9438372420845553,1.042890890093986,2.7519338827454405,4.777506151003762,3.445180650671802,5.584493354399456,0.6932467679263614,0.9438372420845553,/home/aaa/data/qj/stable-baselines3-master/risk_curriculum_metadrive/outputs/tuned_compare_baseline_nenv16_seed1_1m/runs/baseline_ppo_s1/config.json,/home/aaa/data/qj/stable-baselines3-master/risk_curriculum_metadrive/outputs/tuned_compare_baseline_nenv16_seed1_1m/runs/baseline_ppo_s1/model/final_model.zip
rss_ttc_filter,external_classical_filter,baseline,ppo,1,rss_ttc,0.08,20000,20017,17,1.0,0.0,0.9935580356912951,0.0,0.0,0.0,0.0,1089.0,523.3360495420221,523.3360495420221,20.22959667955031,20.39999210627266,19.925757846331,0.0,0.0,993558.0356912952,611.4369174556551,22.714183278163766,9.571150936807328,0.0,0.0,913.0,0.0,0.0,913.0,83.83838383838383,1493.2039167658143,0.6749048401260385,0.6906820053700358,0.9523315995465961,1.0371235641650853,2.072714414025607,3.16336539981421,2.7476192541516458,3.9823820057790726,0.6749048401260385,0.9523315995465961,/home/aaa/data/qj/stable-baselines3-master/risk_curriculum_metadrive/outputs/tuned_compare_baseline_nenv16_seed1_1m/runs/baseline_ppo_s1/config.json,/home/aaa/data/qj/stable-baselines3-master/risk_curriculum_metadrive/outputs/tuned_compare_baseline_nenv16_seed1_1m/runs/baseline_ppo_s1/model/final_model.zip
rss_ttc_filter,external_classical_filter,baseline,ppo,1,rss_ttc,0.08,20000,20018,18,1.0,0.0,0.9941805530904956,0.0,0.0,0.0,0.0,1377.0,613.6087097135415,613.6087097135415,20.272872456094966,20.42675862424707,19.957096499216277,0.0,0.0,994180.5530904956,774.9345321630453,15.691260216805542,5.825545129434524,0.0,0.0,1187.0,4.0,0.0,1183.0,86.20188816267247,1531.742296587006,0.7288335074446406,0.736233007046394,0.9440946014365181,1.0718918085331097,4.0111013878431585,8.099914813647047,4.739934895287799,8.934706397121772,0.7288335074446406,0.9440946014365181,/home/aaa/data/qj/stable-baselines3-master/risk_curriculum_metadrive/outputs/tuned_compare_baseline_nenv16_seed1_1m/runs/baseline_ppo_s1/config.json,/home/aaa/data/qj/stable-baselines3-master/risk_curriculum_metadrive/outputs/tuned_compare_baseline_nenv16_seed1_1m/runs/baseline_ppo_s1/model/final_model.zip
rss_ttc_filter,external_classical_filter,baseline,ppo,1,rss_ttc,0.08,20000,20019,19,1.0,0.0,0.9912699299856229,0.0,0.0,0.0,0.0,989.0,485.7888116119245,485.7888116119245,20.23486141145449,20.423287389102768,19.961592857580648,0.0,0.0,991269.929985623,555.4127841731141,16.511924787588224,7.085801794102555,0.0,0.0,851.0,0.0,0.0,851.0,86.04651162790698,1532.1937561573225,0.709703582574056,0.7042890065349638,0.940889393677934,1.0470632498618215,2.4438916145954788,4.909186600707471,3.153595197169535,5.752025195397436,0.709703582574056,0.940889393677934,/home/aaa/data/qj/stable-baselines3-master/risk_curriculum_metadrive/outputs/tuned_compare_baseline_nenv16_seed1_1m/runs/baseline_ppo_s1/config.json,/home/aaa/data/qj/stable-baselines3-master/risk_curriculum_metadrive/outputs/tuned_compare_baseline_nenv16_seed1_1m/runs/baseline_ppo_s1/model/final_model.zip
rss_ttc_filter,external_classical_filter,baseline,ppo,1,rss_ttc,0.15,10000,10000,0,1.0,0.0,0.9912163086381861,0.0,0.0,0.0,0.0,1006.0,403.69573031194915,403.69573031194915,18.70208471493756,20.34145890969665,13.92872162844018,0.042743538767395624,0.0,991216.3086381862,522.0275202924707,39.18615568578263,0.07136908882988156,0.03441834254729462,0.16376306620209058,787.0,8.0,47.0,732.0,78.23061630218689,1507.5833541478348,0.7418871343685045,0.7548260109615512,0.9744367525854614,1.072670099529205,5.7630517237246215,9.10363624279853,6.504938858093126,9.99578425398795,0.7418871343685045,0.9744367525854614,/home/aaa/data/qj/stable-baselines3-master/risk_curriculum_metadrive/outputs/tuned_compare_baseline_nenv16_seed1_1m/runs/baseline_ppo_s1/config.json,/home/aaa/data/qj/stable-baselines3-master/risk_curriculum_metadrive/outputs/tuned_compare_baseline_nenv16_seed1_1m/runs/baseline_ppo_s1/model/final_model.zip
rss_ttc_filter,external_classical_filter,baseline,ppo,1,rss_ttc,0.15,10000,10001,1,0.0,1.0,0.7506192142734047,1.0,1.0,0.0,0.0,684.0,323.5545552457557,323.5545552457557,20.17726927792095,20.435113434620533,19.95259326413349,0.0,0.0,0.7506192142734047,382.89590805055434,39.72498414315379,7.671359348230206,0.0,0.0,584.0,0.0,0.0,584.0,85.38011695906432,1525.2187023186823,0.766624707615613,0.7594314956804737,0.9755362974829042,1.1006269867357326,4.744028787842437,8.378626000194345,5.51065349545805,9.215404752467295,0.766624707615613,0.9755362974829042,/home/aaa/data/qj/stable-baselines3-master/risk_curriculum_metadrive/outputs/tuned_compare_baseline_nenv16_seed1_1m/runs/baseline_ppo_s1/config.json,/home/aaa/data/qj/stable-baselines3-master/risk_curriculum_metadrive/outputs/tuned_compare_baseline_nenv16_seed1_1m/runs/baseline_ppo_s1/model/final_model.zip
rss_ttc_filter,external_classical_filter,baseline,ppo,1,rss_ttc,0.15,10000,10002,2,1.0,0.0,0.9908860902187537,0.0,0.0,0.0,0.0,1104.0,464.518480093221,464.518480093221,18.061971980893375,20.312426565777123,7.7607404598132534,0.07608695652173914,0.0,990886.0902187538,553.2573078693307,33.780926433251466,0.001975840482360362,0.05391546567825553,0.17234848484848486,865.0,13.0,85.0,767.0,78.35144927536231,1563.4678253618247,0.7712950389469515,0.7925595054985024,1.023136409639846,1.1330528270627838,7.915836049281664,13.512295400141738,8.687131088228615,14.42669441385078,0.7712950389469515,1.023136409639846,/home/aaa/data/qj/stable-baselines3-master/risk_curriculum_metadrive/outputs/tuned_compare_baseline_nenv16_seed1_1m/runs/baseline_ppo_s1/config.json,/home/aaa/data/qj/stable-baselines3-master/risk_curriculum_metadrive/outputs/tuned_compare_baseline_nenv16_seed1_1m/runs/baseline_ppo_s1/model/final_model.zip
rss_ttc_filter,external_classical_filter,baseline,ppo,1,rss_ttc,0.15,10000,10003,3,1.0,0.0,0.9905469464031486,0.0,0.0,0.0,0.0,952.0,426.3830383577916,426.3830383577916,17.61891086989227,20.252682125553182,8.302778099974914,0.0,0.0,990546.9464031486,465.18540817703365,28.438096540044892,4.3359000018936324,0.0012177899869465127,0.05214723926380368,662.0,43.0,0.0,619.0,69.53781512605042,1423.0884898007494,0.7194456030760682,0.7475620077457279,0.9984476062527392,1.0900157399009913,3.6151274514452805,6.458183645736425,4.334573054521348,7.396868903742869,0.7194456030760682,0.9984476062527392,/home/aaa/data/qj/stable-baselines3-master/risk_curriculum_metadrive/outputs/tuned_compare_baseline_nenv16_seed1_1m/runs/baseline_ppo_s1/config.json,/home/aaa/data/qj/stable-baselines3-master/risk_curriculum_metadrive/outputs/tuned_compare_baseline_nenv16_seed1_1m/runs/baseline_ppo_s1/model/final_model.zip
rss_ttc_filter,external_classical_filter,baseline,ppo,1,rss_ttc,0.15,10000,10004,4,0.0,1.0,0.5046580529550028,1.0,1.0,0.0,0.0,602.0,251.82730356447183,251.82730356447183,16.7914435160164,20.137362984031725,5.7408304280392946,0.0033222591362126247,0.0,0.5046580529550028,280.2940912175243,25.947380776567837,5.047739592975483,0.0,0.0,377.0,33.0,0.0,344.0,62.62458471760798,1345.0158665935858,0.7618379185142141,0.7423474962706678,0.9887688967864958,1.2035570330044723,5.927351506424417,10.249018499598606,6.689189424938631,11.21370621040114,0.7618379185142141,0.9887688967864958,/home/aaa/data/qj/stable-baselines3-master/risk_curriculum_metadrive/outputs/tuned_compare_baseline_nenv16_seed1_1m/runs/baseline_ppo_s1/config.json,/home/aaa/data/qj/stable-baselines3-master/risk_curriculum_metadrive/outputs/tuned_compare_baseline_nenv16_seed1_1m/runs/baseline_ppo_s1/model/final_model.zip
rss_ttc_filter,external_classical_filter,baseline,ppo,1,rss_ttc,0.15,10000,10005,5,1.0,0.0,0.990286779494912,0.0,0.0,0.0,0.0,905.0,402.6334883366686,402.6334883366686,19.3944014096409,20.416058822261867,19.8755509013564,0.0055248618784530384,0.0,990286.779494912,486.95397054391145,15.644273811856335,3.3905781618076998,0.0008444235405142398,0.036585365853658534,738.0,12.0,1.0,725.0,81.54696132596685,1515.5436543122926,0.7036523027113993,0.7257919933181256,0.9402250085258856,1.0824600368505346,4.964285302770231,8.300030595273709,5.66793760548163,9.141994800302198,0.7036523027113993,0.9402250085258856,/home/aaa/data/qj/stable-baselines3-master/risk_curriculum_metadrive/outputs/tuned_compare_baseline_nenv16_seed1_1m/runs/baseline_ppo_s1/config.json,/home/aaa/data/qj/stable-baselines3-master/risk_curriculum_metadrive/outputs/tuned_compare_baseline_nenv16_seed1_1m/runs/baseline_ppo_s1/model/final_model.zip
rss_ttc_filter,external_classical_filter,baseline,ppo,1,rss_ttc,0.15,10000,10006,6,0.0,1.0,0.6524413113694114,1.0,1.0,0.0,0.0,816.0,302.33331052472346,302.33331052472346,17.949260586341893,20.15048870017297,11.247425532446425,0.007352941176470588,0.0,0.6524413113694114,406.1606830307596,13.35451638206315,1.612613350912269,0.007227955182017285,0.046296296296296294,516.0,35.0,9.0,472.0,63.23529411764706,1270.4331599740833,0.7513751094366479,0.7671074999962002,0.9749849996296689,1.0694736978621222,4.94169520674868,10.047495001344942,5.693070316185328,10.936267251963727,0.7513751094366479,0.9749849996296689,/home/aaa/data/qj/stable-baselines3-master/risk_curriculum_metadrive/outputs/tuned_compare_baseline_nenv16_seed1_1m/runs/baseline_ppo_s1/config.json,/home/aaa/data/qj/stable-baselines3-master/risk_curriculum_metadrive/outputs/tuned_compare_baseline_nenv16_seed1_1m/runs/baseline_ppo_s1/model/final_model.zip
rss_ttc_filter,external_classical_filter,baseline,ppo,1,rss_ttc,0.15,10000,10007,7,0.0,1.0,0.403792365116747,1.0,1.0,0.0,0.0,622.0,293.13075142979227,293.13075142979227,19.280997781878284,20.29847218111214,15.187592981275673,0.0,0.0,0.403792365116747,332.8294407121107,26.628749489161404,0.8944865251973547,0.003045923038598266,0.015730337078651686,465.0,21.0,2.0,442.0,74.7588424437299,1397.1119832581567,0.8089580648521432,0.8330189957632683,1.0415466051199473,1.112832570215687,8.054297590130226,12.106306110945297,8.86325565498237,12.960309443587903,0.8089580648521432,1.0415466051199473,/home/aaa/data/qj/stable-baselines3-master/risk_curriculum_metadrive/outputs/tuned_compare_baseline_nenv16_seed1_1m/runs/baseline_ppo_s1/config.json,/home/aaa/data/qj/stable-baselines3-master/risk_curriculum_metadrive/outputs/tuned_compare_baseline_nenv16_seed1_1m/runs/baseline_ppo_s1/model/final_model.zip
rss_ttc_filter,external_classical_filter,baseline,ppo,1,rss_ttc,0.15,10000,10008,8,1.0,0.0,0.9907360536284485,0.0,0.0,0.0,0.0,1016.0,450.2968719510195,450.2968719510195,17.623314838810767,20.15305935671263,9.392347342008232,0.008858267716535433,0.0,990736.0536284485,496.55179012591344,15.083364824045137,0.08963593762252892,0.008314173417662097,0.03597122302158273,647.0,49.0,13.0,585.0,63.681102362204726,1302.9859379540985,0.7008598836758275,0.7107070123311132,0.9575377553119324,1.0716514952946454,4.262274124089094,7.14227200296591,4.963134007764921,8.017866999580292,0.7008598836758275,0.9575377553119324,/home/aaa/data/qj/stable-baselines3-master/risk_curriculum_metadrive/outputs/tuned_compare_baseline_nenv16_seed1_1m/runs/baseline_ppo_s1/config.json,/home/aaa/data/qj/stable-baselines3-master/risk_curriculum_metadrive/outputs/tuned_compare_baseline_nenv16_seed1_1m/runs/baseline_ppo_s1/model/final_model.zip
rss_ttc_filter,external_classical_filter,baseline,ppo,1,rss_ttc,0.15,10000,10009,9,0.0,1.0,0.8809033832512021,1.0,1.0,0.0,0.0,771.0,327.93778684920517,327.93778684920517,19.14679398368826,20.38917685341679,18.12425054633619,0.02204928664072633,0.0,0.8809033832512021,409.7117327090448,26.978541926568873,0.38823666508736415,0.02524676484614244,0.4426229508196721,631.0,0.0,26.0,605.0,81.84176394293125,1540.1072257017893,0.7582554436763193,0.7546450069639832,0.9604995066183619,1.059295597951859,2.9954278098013742,4.273262507922482,3.7536832534776936,5.13113199849613,0.7582554436763193,0.9604995066183619,/home/aaa/data/qj/stable-baselines3-master/risk_curriculum_metadrive/outputs/tuned_compare_baseline_nenv16_seed1_1m/runs/baseline_ppo_s1/config.json,/home/aaa/data/qj/stable-baselines3-master/risk_curriculum_metadrive/outputs/tuned_compare_baseline_nenv16_seed1_1m/runs/baseline_ppo_s1/model/final_model.zip
rss_ttc_filter,external_classical_filter,baseline,ppo,1,rss_ttc,0.15,10000,10010,10,0.0,1.0,0.45366213800882893,1.0,1.0,0.0,0.0,539.0,196.842000585472,196.842000585472,17.16198627683689,20.17615370498156,6.685733517741938,0.0018552875695732839,0.0,0.45366213800882893,256.78053261267655,50.17722697879659,4.656950231382675,0.00038157475586308927,0.014705882352941176,363.0,35.0,0.0,328.0,67.3469387755102,1413.6585679084292,0.7480198369978742,0.748787002521567,0.9794853933271952,1.0861850852961652,7.248267089059932,11.059518091497011,7.996286926057807,11.984783492516721,0.7480198369978742,0.9794853933271952,/home/aaa/data/qj/stable-baselines3-master/risk_curriculum_metadrive/outputs/tuned_compare_baseline_nenv16_seed1_1m/runs/baseline_ppo_s1/config.json,/home/aaa/data/qj/stable-baselines3-master/risk_curriculum_metadrive/outputs/tuned_compare_baseline_nenv16_seed1_1m/runs/baseline_ppo_s1/model/final_model.zip
rss_ttc_filter,external_classical_filter,baseline,ppo,1,rss_ttc,0.15,10000,10011,11,0.0,1.0,0.5784695182412951,1.0,1.0,0.0,0.0,760.0,312.81842867851634,312.81842867851634,16.368576770897516,20.02940175425463,6.757702014176985,0.0,0.0,0.5784695182412951,345.00213280596574,18.552172366722367,3.0971263867247765,0.0015755013739121768,0.019823788546255508,431.0,45.0,1.0,385.0,56.71052631578948,1249.2676392884814,0.7668497077247594,0.7953504973556846,1.046342599147465,1.1760326007788535,6.637665720661875,9.703505349898478,7.404515428386635,10.589778156281682,0.7668497077247594,1.046342599147465,/home/aaa/data/qj/stable-baselines3-master/risk_curriculum_metadrive/outputs/tuned_compare_baseline_nenv16_seed1_1m/runs/baseline_ppo_s1/config.json,/home/aaa/data/qj/stable-baselines3-master/risk_curriculum_metadrive/outputs/tuned_compare_baseline_nenv16_seed1_1m/runs/baseline_ppo_s1/model/final_model.zip
rss_ttc_filter,external_classical_filter,baseline,ppo,1,rss_ttc,0.15,10000,10012,12,1.0,0.0,0.989055068836549,0.0,0.0,0.0,0.0,862.0,414.1931823727148,414.1931823727148,18.16054743383731,20.29793322613519,9.528486736617143,0.05336426914153132,0.0,989055.0688365491,434.2223994925218,64.53009251549376,1.3767661474786754,0.025051758882245406,0.1848184818481848,667.0,27.0,37.0,603.0,77.37819025522042,1536.0792091322942,0.6793836567607889,0.6823749936302193,0.9503085500909947,1.0824863552988973,3.19249312032912,5.3223438109853305,3.8718767770899087,6.198865148326149,0.6793836567607889,0.9503085500909947,/home/aaa/data/qj/stable-baselines3-master/risk_curriculum_metadrive/outputs/tuned_compare_baseline_nenv16_seed1_1m/runs/baseline_ppo_s1/config.json,/home/aaa/data/qj/stable-baselines3-master/risk_curriculum_metadrive/outputs/tuned_compare_baseline_nenv16_seed1_1m/runs/baseline_ppo_s1/model/final_model.zip
rss_ttc_filter,external_classical_filter,baseline,ppo,1,rss_ttc,0.15,10000,10013,13,1.0,0.0,0.9925968748583942,0.0,0.0,0.0,0.0,972.0,500.67870934164284,500.67870934164284,19.895977022740865,20.422656150271994,19.918588372289282,0.00720164609053498,0.0,992596.8748583943,536.6772696922263,46.93291687840346,2.900009566310298,0.002252207987463655,0.07936507936507936,823.0,8.0,2.0,813.0,84.6707818930041,1533.5100748201505,0.6868539170786995,0.6928699949639849,0.9483671005000359,1.0577024148369671,5.3431132994478405,9.560160156252094,6.029967216526541,10.395476607664023,0.6868539170786995,0.9483671005000359,/home/aaa/data/qj/stable-baselines3-master/risk_curriculum_metadrive/outputs/tuned_compare_baseline_nenv16_seed1_1m/runs/baseline_ppo_s1/config.json,/home/aaa/data/qj/stable-baselines3-master/risk_curriculum_metadrive/outputs/tuned_compare_baseline_nenv16_seed1_1m/runs/baseline_ppo_s1/model/final_model.zip
rss_ttc_filter,external_classical_filter,baseline,ppo,1,rss_ttc,0.15,10000,10014,14,0.0,0.0,0.8541926074565698,0.0,0.0,0.0,0.0,1500.0,576.3072091543277,576.3072091543277,16.76858287200076,20.033052980904976,5.603071313330861,0.0033333333333333335,0.0,854192.6074565698,697.7562915797773,34.339165031445,0.026613116684413875,0.0033954592435307164,0.03116883116883117,853.0,77.0,4.0,772.0,56.86666666666667,1222.4898726011315,0.8027049533557147,0.8083414941211231,1.0468744963873178,1.177165403496474,11.41299847549332,19.076734362170097,12.215703428849034,19.987148891959805,0.8027049533557147,1.0468744963873178,/home/aaa/data/qj/stable-baselines3-master/risk_curriculum_metadrive/outputs/tuned_compare_baseline_nenv16_seed1_1m/runs/baseline_ppo_s1/config.json,/home/aaa/data/qj/stable-baselines3-master/risk_curriculum_metadrive/outputs/tuned_compare_baseline_nenv16_seed1_1m/runs/baseline_ppo_s1/model/final_model.zip
rss_ttc_filter,external_classical_filter,baseline,ppo,1,rss_ttc,0.15,10000,10015,15,0.0,1.0,0.5935385958051405,1.0,1.0,0.0,0.0,952.0,359.5821324064713,359.5821324064713,15.6940957319944,19.928205043561015,7.113092537331076,0.0,0.0,0.5935385958051405,414.52927539387866,24.72686737496156,1.5757908673881562,0.002083705064755692,0.01867219917012448,486.0,53.0,2.0,431.0,51.05042016806722,1172.4141788012705,0.7710429121548908,0.7908574989414774,1.0044629932963287,1.1441766003554221,7.175605930501088,11.248070601868676,7.9466488426559785,12.181042347947367,0.7710429121548908,1.0044629932963287,/home/aaa/data/qj/stable-baselines3-master/risk_curriculum_metadrive/outputs/tuned_compare_baseline_nenv16_seed1_1m/runs/baseline_ppo_s1/config.json,/home/aaa/data/qj/stable-baselines3-master/risk_curriculum_metadrive/outputs/tuned_compare_baseline_nenv16_seed1_1m/runs/baseline_ppo_s1/model/final_model.zip
rss_ttc_filter,external_classical_filter,baseline,ppo,1,rss_ttc,0.15,10000,10016,16,0.0,1.0,0.12301851745971838,1.0,1.0,0.0,0.0,111.0,37.240279306139904,37.240279306139904,18.3169351155368,20.230806430124268,10.849407468282731,0.009009009009009009,1.0,0.12301851745971838,56.13868323254704,1.2005565436813643,0.6345274449163092,0.034229220327194915,1.0,79.0,0.0,4.0,75.0,71.17117117117117,1407.2293016341869,0.7439832713587109,0.7230259943753481,0.8737620009924285,0.93609430041397,2.850890928105376,3.4721310003078543,3.5948741994640865,4.195043002255261,0.7439832713587109,0.8737620009924285,/home/aaa/data/qj/stable-baselines3-master/risk_curriculum_metadrive/outputs/tuned_compare_baseline_nenv16_seed1_1m/runs/baseline_ppo_s1/config.json,/home/aaa/data/qj/stable-baselines3-master/risk_curriculum_metadrive/outputs/tuned_compare_baseline_nenv16_seed1_1m/runs/baseline_ppo_s1/model/final_model.zip
rss_ttc_filter,external_classical_filter,baseline,ppo,1,rss_ttc,0.15,10000,10017,17,0.0,1.0,0.42971414540746483,1.0,1.0,0.0,0.0,735.0,273.21917743174316,273.21917743174316,16.49577850367308,19.997766356280614,8.374279224688795,0.0,0.0,0.42971414540746483,336.35650011072335,58.451579365574844,2.8662421129955513,0.0022206712842646743,0.02142857142857143,409.0,44.0,2.0,363.0,55.646258503401356,1215.9717438651062,0.7802094394447231,0.7821619947208092,1.034635798714589,1.1765695427311584,8.644764580713192,12.965981208253647,9.424974020157915,13.867717592802363,0.7802094394447231,1.034635798714589,/home/aaa/data/qj/stable-baselines3-master/risk_curriculum_metadrive/outputs/tuned_compare_baseline_nenv16_seed1_1m/runs/baseline_ppo_s1/config.json,/home/aaa/data/qj/stable-baselines3-master/risk_curriculum_metadrive/outputs/tuned_compare_baseline_nenv16_seed1_1m/runs/baseline_ppo_s1/model/final_model.zip
rss_ttc_filter,external_classical_filter,baseline,ppo,1,rss_ttc,0.15,10000,10018,18,0.0,1.0,0.3892569207559069,1.0,1.0,0.0,0.0,444.0,144.22513304855394,144.22513304855394,13.777588166562083,16.49090850656046,3.877624158186306,0.006756756756756757,0.0,0.3892569207559069,169.2823658035113,18.645407250061204,4.971234577084317,1.599642555706777e-05,0.0061162079510703364,221.0,38.0,0.0,183.0,49.77477477477478,1305.5110551592725,0.7551572046862487,0.7856890006223693,0.9828818001551554,1.0559007310075685,4.386056035785645,5.758920906373531,5.141213240471893,6.641495859366842,0.7551572046862487,0.9828818001551554,/home/aaa/data/qj/stable-baselines3-master/risk_curriculum_metadrive/outputs/tuned_compare_baseline_nenv16_seed1_1m/runs/baseline_ppo_s1/config.json,/home/aaa/data/qj/stable-baselines3-master/risk_curriculum_metadrive/outputs/tuned_compare_baseline_nenv16_seed1_1m/runs/baseline_ppo_s1/model/final_model.zip
rss_ttc_filter,external_classical_filter,baseline,ppo,1,rss_ttc,0.15,10000,10019,19,1.0,0.0,0.9931160269821135,0.0,0.0,0.0,0.0,1265.0,605.6329671891313,605.6329671891313,19.348198647201926,20.383748568993973,17.28689571796848,0.011067193675889328,0.0,993116.0269821136,679.2685466692187,13.892358652873876,2.4473782168488856,0.005206321720832332,0.0945273631840796,1014.0,22.0,13.0,979.0,80.15810276679842,1492.7822066429117,0.7429185257617222,0.7688389887334779,1.0072594101075083,1.1577570019289842,7.165247474908884,12.90808759513311,7.908166000670606,13.854388994514007,0.7429185257617222,1.0072594101075083,/home/aaa/data/qj/stable-baselines3-master/risk_curriculum_metadrive/outputs/tuned_compare_baseline_nenv16_seed1_1m/runs/baseline_ppo_s1/config.json,/home/aaa/data/qj/stable-baselines3-master/risk_curriculum_metadrive/outputs/tuned_compare_baseline_nenv16_seed1_1m/runs/baseline_ppo_s1/model/final_model.zip
rss_ttc_filter,external_classical_filter,baseline,ppo,1,rss_ttc,0.15,20000,20000,0,1.0,0.0,0.9865730807817236,0.0,0.0,0.0,0.0,682.0,334.79013696946333,334.79013696946333,18.33996993404885,20.333063578947602,9.078018498681585,0.060117302052785926,0.0,986573.0807817236,346.8530190681282,48.21712185953908,0.5766630567737868,0.03320791309982812,0.26506024096385544,542.0,12.0,32.0,498.0,79.47214076246334,1562.6215434311714,0.7280156511498979,0.7607259976794012,0.9796185382583644,1.0860232493723738,3.746097665738425,5.85145635632216,4.474113316888323,6.806663094903342,0.7280156511498979,0.9796185382583644,/home/aaa/data/qj/stable-baselines3-master/risk_curriculum_metadrive/outputs/tuned_compare_baseline_nenv16_seed1_1m/runs/baseline_ppo_s1/config.json,/home/aaa/data/qj/stable-baselines3-master/risk_curriculum_metadrive/outputs/tuned_compare_baseline_nenv16_seed1_1m/runs/baseline_ppo_s1/model/final_model.zip
rss_ttc_filter,external_classical_filter,baseline,ppo,1,rss_ttc,0.15,20000,20001,1,0.0,1.0,0.6972195663319611,1.0,1.0,0.0,0.0,818.0,243.10003568469944,243.10003568469944,15.577302871797013,20.043589310231198,2.389145658797699,0.09168704156479218,0.0,0.6972195663319611,353.21893374957386,11.029380549347703,0.041814814487140514,0.04024017352294426,0.26071428571428573,536.0,67.0,47.0,422.0,65.52567237163814,1517.4724477822438,0.7092014033675267,0.7285265019163489,0.9176008963549974,1.0227753513026985,3.514225720222994,5.0120040024921755,4.22342712359052,5.894542659370927,0.7092014033675267,0.9176008963549974,/home/aaa/data/qj/stable-baselines3-master/risk_curriculum_metadrive/outputs/tuned_compare_baseline_nenv16_seed1_1m/runs/baseline_ppo_s1/config.json,/home/aaa/data/qj/stable-baselines3-master/risk_curriculum_metadrive/outputs/tuned_compare_baseline_nenv16_seed1_1m/runs/baseline_ppo_s1/model/final_model.zip
rss_ttc_filter,external_classical_filter,baseline,ppo,1,rss_ttc,0.15,20000,20002,2,1.0,0.0,0.9891505663710749,0.0,0.0,0.0,0.0,1013.0,443.8254243666699,443.8254243666699,17.471070424390103,20.168648673377785,8.953342421100572,0.027640671273445213,0.0,989150.566371075,490.8670538534937,16.15307667172535,2.022026453529609,0.010177462276486398,0.10982658959537572,668.0,57.0,15.0,596.0,65.94274432379072,1360.8572723631482,0.7483241074772088,0.7966770062921569,1.0411253926577047,1.1491365975234658,4.6065048813849305,7.820176405948587,5.354828988862139,8.71100619842764,0.7483241074772088,1.0411253926577047,/home/aaa/data/qj/stable-baselines3-master/risk_curriculum_metadrive/outputs/tuned_compare_baseline_nenv16_seed1_1m/runs/baseline_ppo_s1/config.json,/home/aaa/data/qj/stable-baselines3-master/risk_curriculum_metadrive/outputs/tuned_compare_baseline_nenv16_seed1_1m/runs/baseline_ppo_s1/model/final_model.zip
rss_ttc_filter,external_classical_filter,baseline,ppo,1,rss_ttc,0.15,20000,20003,3,0.0,1.0,0.6496635799704403,1.0,1.0,0.0,0.0,976.0,317.3345460408855,317.3345460408855,16.299803030318103,19.736263376435062,9.142642822887634,0.0,0.0,0.6496635799704403,441.3930718684967,27.32047585827901,3.67210760396469,0.0011033543475029732,0.012690355329949238,494.0,88.0,0.0,406.0,50.614754098360656,1119.1838555798092,0.7810631035323747,0.7904430021881126,1.0231372580165043,1.1323775070195552,8.052472275803815,14.140615250653354,8.83353537933619,15.081472000019858,0.7810631035323747,1.0231372580165043,/home/aaa/data/qj/stable-baselines3-master/risk_curriculum_metadrive/outputs/tuned_compare_baseline_nenv16_seed1_1m/runs/baseline_ppo_s1/config.json,/home/aaa/data/qj/stable-baselines3-master/risk_curriculum_metadrive/outputs/tuned_compare_baseline_nenv16_seed1_1m/runs/baseline_ppo_s1/model/final_model.zip
rss_ttc_filter,external_classical_filter,baseline,ppo,1,rss_ttc,0.15,20000,20004,4,1.0,0.0,0.9904141818431533,0.0,0.0,0.0,0.0,958.0,492.04920597604104,492.04920597604104,18.840149681495486,20.36229840892453,15.997687809623418,0.03444676409185804,0.0,990414.1818431533,500.71355053588815,62.999455353206955,2.213931299665006,0.005548719252156994,0.2072072072072072,786.0,34.0,7.0,745.0,82.04592901878914,1569.7597941153865,0.5794214174820504,0.5265055006020702,0.8570465521188452,1.024687204044312,2.8308328111965397,4.486116301268339,3.4102542286785904,5.256688205554383,0.5794214174820504,0.8570465521188452,/home/aaa/data/qj/stable-baselines3-master/risk_curriculum_metadrive/outputs/tuned_compare_baseline_nenv16_seed1_1m/runs/baseline_ppo_s1/config.json,/home/aaa/data/qj/stable-baselines3-master/risk_curriculum_metadrive/outputs/tuned_compare_baseline_nenv16_seed1_1m/runs/baseline_ppo_s1/model/final_model.zip
rss_ttc_filter,external_classical_filter,baseline,ppo,1,rss_ttc,0.15,20000,20005,5,1.0,0.0,0.9925684392293153,0.0,0.0,0.0,0.0,1147.0,528.6620255030967,528.6620255030967,18.114425502276248,20.148494343695912,10.981799395813317,0.0,0.0,992568.4392293153,576.510702337008,11.767327483522326,3.3216765536761157,0.0016277518253783275,0.01904761904761905,739.0,61.0,2.0,676.0,64.42894507410637,1281.849577127202,0.7595504270373246,0.7793340046191588,1.015640195691958,1.1485022920533083,6.597463142798394,12.431442992237868,7.357013569835718,13.359502103412524,0.7595504270373246,1.015640195691958,/home/aaa/data/qj/stable-baselines3-master/risk_curriculum_metadrive/outputs/tuned_compare_baseline_nenv16_seed1_1m/runs/baseline_ppo_s1/config.json,/home/aaa/data/qj/stable-baselines3-master/risk_curriculum_metadrive/outputs/tuned_compare_baseline_nenv16_seed1_1m/runs/baseline_ppo_s1/model/final_model.zip
rss_ttc_filter,external_classical_filter,baseline,ppo,1,rss_ttc,0.15,20000,20006,6,0.0,1.0,0.6859648672007128,1.0,1.0,0.0,0.0,723.0,332.329711602872,332.329711602872,19.596398375116777,20.339118473811602,18.370986258326436,0.0013831258644536654,0.0,0.6859648672007128,393.0727770547246,22.052025304217043,4.254394720714359,0.0002062531892906338,0.009708737864077669,561.0,12.0,0.0,549.0,77.59336099585063,1427.216619282429,0.761110709429774,0.7901779899839312,1.0091241943882778,1.1171838646987446,4.176978106695977,5.914424099319149,4.938088816125751,6.770760395738762,0.761110709429774,1.0091241943882778,/home/aaa/data/qj/stable-baselines3-master/risk_curriculum_metadrive/outputs/tuned_compare_baseline_nenv16_seed1_1m/runs/baseline_ppo_s1/config.json,/home/aaa/data/qj/stable-baselines3-master/risk_curriculum_metadrive/outputs/tuned_compare_baseline_nenv16_seed1_1m/runs/baseline_ppo_s1/model/final_model.zip
rss_ttc_filter,external_classical_filter,baseline,ppo,1,rss_ttc,0.15,20000,20007,7,1.0,0.0,0.9896798336546626,0.0,0.0,0.0,0.0,890.0,404.26101690159544,404.26101690159544,17.63614108061596,20.31501068690912,0.7134394085371403,0.10449438202247191,0.0,989679.8336546627,435.32302426623556,9.547308118441931,0.06306542179724413,0.04494610200744665,0.5133333333333333,734.0,42.0,54.0,638.0,82.47191011235955,1686.1042469260692,0.6488825256832917,0.6154474976938218,0.9527295413136014,1.070433690038044,3.039883415615631,4.813253954489483,3.6887659412989224,5.6337040005018935,0.6488825256832917,0.9527295413136014,/home/aaa/data/qj/stable-baselines3-master/risk_curriculum_metadrive/outputs/tuned_compare_baseline_nenv16_seed1_1m/runs/baseline_ppo_s1/config.json,/home/aaa/data/qj/stable-baselines3-master/risk_curriculum_metadrive/outputs/tuned_compare_baseline_nenv16_seed1_1m/runs/baseline_ppo_s1/model/final_model.zip
rss_ttc_filter,external_classical_filter,baseline,ppo,1,rss_ttc,0.15,20000,20008,8,0.0,1.0,0.4381531824823508,1.0,1.0,0.0,0.0,640.0,222.8058912959642,222.8058912959642,16.039656529484702,20.113980871684035,4.570836714440826,0.009375,0.0,0.4381531824823508,284.91614291646755,16.539291295789102,2.713859099077828,0.002273722599226746,0.020833333333333332,398.0,37.0,2.0,359.0,62.18749999999999,1396.902246134529,0.7196711607775796,0.7511105068260804,0.964317997568287,1.1088234331691638,5.239391046984565,7.92276140200556,5.959062207762145,8.791807790839812,0.7196711607775796,0.964317997568287,/home/aaa/data/qj/stable-baselines3-master/risk_curriculum_metadrive/outputs/tuned_compare_baseline_nenv16_seed1_1m/runs/baseline_ppo_s1/config.json,/home/aaa/data/qj/stable-baselines3-master/risk_curriculum_metadrive/outputs/tuned_compare_baseline_nenv16_seed1_1m/runs/baseline_ppo_s1/model/final_model.zip
rss_ttc_filter,external_classical_filter,baseline,ppo,1,rss_ttc,0.15,20000,20009,9,1.0,0.0,0.9891685680113452,0.0,0.0,0.0,0.0,757.0,351.9472993931963,351.9472993931963,18.964484911317935,20.3479118706758,18.403221380923984,0.04095112285336856,0.0,989168.5680113452,398.15518521521125,61.79032351029324,1.7965564880265257,0.011271993471374578,0.375,612.0,21.0,12.0,579.0,80.84544253632761,1537.0891117974543,0.7562770977389631,0.7806430076016113,1.0458547971211374,1.1291273194365203,5.4982636725041605,9.522736203507518,6.254540770243124,10.397763605578803,0.7562770977389631,1.0458547971211374,/home/aaa/data/qj/stable-baselines3-master/risk_curriculum_metadrive/outputs/tuned_compare_baseline_nenv16_seed1_1m/runs/baseline_ppo_s1/config.json,/home/aaa/data/qj/stable-baselines3-master/risk_curriculum_metadrive/outputs/tuned_compare_baseline_nenv16_seed1_1m/runs/baseline_ppo_s1/model/final_model.zip
rss_ttc_filter,external_classical_filter,baseline,ppo,1,rss_ttc,0.15,20000,20010,10,1.0,0.0,0.9890557581130657,0.0,0.0,0.0,0.0,811.0,420.46122899211963,420.46122899211963,19.75065221433914,20.406584964788653,19.908487679781707,0.008631319358816275,0.0,989055.7581130657,444.41965358850865,14.695595930303572,0.830162141806909,0.009442573906718479,0.06993006993006994,680.0,0.0,10.0,670.0,83.84710234278668,1530.0853472821814,0.6738575451729449,0.6942889885976911,0.9743044938659295,1.083334191935137,3.0000930175343963,5.489994502568152,3.673950562707341,6.428461005270947,0.6738575451729449,0.9743044938659295,/home/aaa/data/qj/stable-baselines3-master/risk_curriculum_metadrive/outputs/tuned_compare_baseline_nenv16_seed1_1m/runs/baseline_ppo_s1/config.json,/home/aaa/data/qj/stable-baselines3-master/risk_curriculum_metadrive/outputs/tuned_compare_baseline_nenv16_seed1_1m/runs/baseline_ppo_s1/model/final_model.zip
rss_ttc_filter,external_classical_filter,baseline,ppo,1,rss_ttc,0.15,20000,20011,11,1.0,0.0,0.991157473449834,0.0,0.0,0.0,0.0,1121.0,429.65300978847586,429.65300978847586,17.595825239128654,20.29252409166256,3.1052072228132315,0.08563782337198929,0.0,991157.473449834,547.2286753702807,14.574403309866538,0.693833141907347,0.03351535049784724,0.23017902813299232,899.0,47.0,59.0,793.0,80.19625334522748,1642.823266510466,0.7830062355321934,0.798106993897818,1.0369459923822433,1.1919774027774108,8.276617860876502,12.994340009754524,9.059624096408697,13.966450991574675,0.7830062355321934,1.0369459923822433,/home/aaa/data/qj/stable-baselines3-master/risk_curriculum_metadrive/outputs/tuned_compare_baseline_nenv16_seed1_1m/runs/baseline_ppo_s1/config.json,/home/aaa/data/qj/stable-baselines3-master/risk_curriculum_metadrive/outputs/tuned_compare_baseline_nenv16_seed1_1m/runs/baseline_ppo_s1/model/final_model.zip
rss_ttc_filter,external_classical_filter,baseline,ppo,1,rss_ttc,0.15,20000,20012,12,1.0,0.0,0.9911552997385127,0.0,0.0,0.0,0.0,948.0,474.61797560872435,474.61797560872435,19.68734296951119,20.372371303854457,19.80129013045535,0.008438818565400843,0.0,991155.2997385127,517.8667384671933,27.903074912055498,2.3351824141573014,0.004292065722396238,0.060109289617486336,761.0,11.0,8.0,742.0,80.27426160337554,1469.490012531881,0.6479361928629301,0.6505800047307275,0.8983480031020008,1.0242269432637836,3.061287826232176,5.3950207438902,3.7092240190951062,6.247996895399409,0.6479361928629301,0.8983480031020008,/home/aaa/data/qj/stable-baselines3-master/risk_curriculum_metadrive/outputs/tuned_compare_baseline_nenv16_seed1_1m/runs/baseline_ppo_s1/config.json,/home/aaa/data/qj/stable-baselines3-master/risk_curriculum_metadrive/outputs/tuned_compare_baseline_nenv16_seed1_1m/runs/baseline_ppo_s1/model/final_model.zip
rss_ttc_filter,external_classical_filter,baseline,ppo,1,rss_ttc,0.15,20000,20013,13,1.0,0.0,0.9944610654820019,0.0,0.0,0.0,0.0,1358.0,542.6617030071794,542.6617030071794,17.650875404160534,20.230506780344054,7.020979763871374,0.008100147275405008,0.0,994461.0654820019,665.2494741682474,14.223540607863821,2.31883121570178,0.004793207732539386,0.059190031152647975,955.0,54.0,12.0,889.0,70.3240058910162,1435.5516796071486,0.7687443932262901,0.7766345079289749,1.0549402999458832,1.1863371211802591,8.03902402047789,14.143032496940577,8.80776841370418,15.006235751934579,0.7687443932262901,1.0549402999458832,/home/aaa/data/qj/stable-baselines3-master/risk_curriculum_metadrive/outputs/tuned_compare_baseline_nenv16_seed1_1m/runs/baseline_ppo_s1/config.json,/home/aaa/data/qj/stable-baselines3-master/risk_curriculum_metadrive/outputs/tuned_compare_baseline_nenv16_seed1_1m/runs/baseline_ppo_s1/model/final_model.zip
rss_ttc_filter,external_classical_filter,baseline,ppo,1,rss_ttc,0.15,20000,20014,14,1.0,0.0,0.9908971567317165,0.0,0.0,0.0,0.0,957.0,501.98018219447096,501.98018219447096,20.201351698136023,20.40301947887374,19.941916146902244,0.0010449320794148381,0.0,990897.1567317166,536.5336414072422,63.56507604521004,6.0069216830555465,0.0,0.0,816.0,0.0,0.0,816.0,85.26645768025078,1520.8738782152825,0.7678176063018517,0.7969879952725023,1.0274389962432906,1.1832522018812592,4.383266348008708,7.330552602070383,5.151083954310559,8.327316195936874,0.7678176063018517,1.0274389962432906,/home/aaa/data/qj/stable-baselines3-master/risk_curriculum_metadrive/outputs/tuned_compare_baseline_nenv16_seed1_1m/runs/baseline_ppo_s1/config.json,/home/aaa/data/qj/stable-baselines3-master/risk_curriculum_metadrive/outputs/tuned_compare_baseline_nenv16_seed1_1m/runs/baseline_ppo_s1/model/final_model.zip
rss_ttc_filter,external_classical_filter,baseline,ppo,1,rss_ttc,0.15,20000,20015,15,0.0,1.0,0.30236508520282407,1.0,1.0,0.0,0.0,348.0,139.717518462808,139.717518462808,17.905955078733122,20.295523319855523,6.085159098818045,0.0603448275862069,0.0,0.30236508520282407,172.48039284979794,3.503122997287287,2.5051527441198362,0.021506853487251627,1.0,268.0,13.0,12.0,243.0,77.01149425287356,1553.79980049897,0.6648906808592052,0.6593215075554326,0.9529298564302734,1.0439316477277316,3.0510760229060843,5.691886154818349,3.7159667037652895,6.542608702147844,0.6648906808592052,0.9529298564302734,/home/aaa/data/qj/stable-baselines3-master/risk_curriculum_metadrive/outputs/tuned_compare_baseline_nenv16_seed1_1m/runs/baseline_ppo_s1/config.json,/home/aaa/data/qj/stable-baselines3-master/risk_curriculum_metadrive/outputs/tuned_compare_baseline_nenv16_seed1_1m/runs/baseline_ppo_s1/model/final_model.zip
rss_ttc_filter,external_classical_filter,baseline,ppo,1,rss_ttc,0.15,20000,20016,16,0.0,1.0,0.5192873295037053,1.0,1.0,0.0,0.0,762.0,302.86639032472476,302.86639032472476,17.533697693482672,20.15449670948194,8.829698126760993,0.0,0.0,0.5192873295037053,370.538932753245,17.441063277268952,3.5735914505102486,0.0010492771421733613,0.012698412698412698,489.0,40.0,0.0,449.0,64.1732283464567,1319.6993804849178,0.7639831561496508,0.7541519953520037,1.0117902580532243,1.112051281525055,5.561514666690974,8.766471199487569,6.3254978228406245,9.655717808345798,0.7639831561496508,1.0117902580532243,/home/aaa/data/qj/stable-baselines3-master/risk_curriculum_metadrive/outputs/tuned_compare_baseline_nenv16_seed1_1m/runs/baseline_ppo_s1/config.json,/home/aaa/data/qj/stable-baselines3-master/risk_curriculum_metadrive/outputs/tuned_compare_baseline_nenv16_seed1_1m/runs/baseline_ppo_s1/model/final_model.zip
rss_ttc_filter,external_classical_filter,baseline,ppo,1,rss_ttc,0.15,20000,20017,17,0.0,1.0,0.9214098889228118,1.0,1.0,0.0,0.0,1244.0,446.38059819361735,446.38059819361735,16.381573265002313,19.964217571698892,6.930503828143253,0.04180064308681672,0.0,0.9214098889228118,565.3993564612794,18.933679506581036,2.0959033994991167,0.006365652193388876,0.05792163543441227,715.0,105.0,14.0,596.0,57.475884244372985,1264.5928790493165,0.7446914100106147,0.7339140065596439,1.0064635462185831,1.1334266753692643,5.985735131283437,9.2008455976611,6.730426541294051,10.067172083654441,0.7446914100106147,1.0064635462185831,/home/aaa/data/qj/stable-baselines3-master/risk_curriculum_metadrive/outputs/tuned_compare_baseline_nenv16_seed1_1m/runs/baseline_ppo_s1/config.json,/home/aaa/data/qj/stable-baselines3-master/risk_curriculum_metadrive/outputs/tuned_compare_baseline_nenv16_seed1_1m/runs/baseline_ppo_s1/model/final_model.zip
rss_ttc_filter,external_classical_filter,baseline,ppo,1,rss_ttc,0.15,20000,20018,18,0.0,0.0,0.9853352845325312,0.0,0.0,0.0,0.0,1500.0,560.1615106779133,560.1615106779133,18.45421493913467,20.2900444498426,10.094364366145236,0.0013333333333333333,0.0,985335.2845325312,768.2184837675213,37.79859690669733,0.7968636478786066,0.00227312667353298,0.018726591760299626,1107.0,48.0,4.0,1055.0,73.8,1440.996309501713,0.7704969158997604,0.7870835033827461,1.0206512495642528,1.146809948986629,8.44469176712058,15.239743002166502,9.215188683020338,16.231252360012146,0.7704969158997604,1.0206512495642528,/home/aaa/data/qj/stable-baselines3-master/risk_curriculum_metadrive/outputs/tuned_compare_baseline_nenv16_seed1_1m/runs/baseline_ppo_s1/config.json,/home/aaa/data/qj/stable-baselines3-master/risk_curriculum_metadrive/outputs/tuned_compare_baseline_nenv16_seed1_1m/runs/baseline_ppo_s1/model/final_model.zip
rss_ttc_filter,external_classical_filter,baseline,ppo,1,rss_ttc,0.15,20000,20019,19,1.0,0.0,0.9908714308073461,0.0,0.0,0.0,0.0,1013.0,467.82239286890365,467.82239286890365,19.73737396930735,20.379914434706773,19.872157072161826,0.003948667324777887,0.0,990871.4308073461,554.8629845001201,33.72302600144658,3.0503477896054485,0.0016446403518758372,0.04597701149425287,820.0,18.0,2.0,800.0,80.94768015794669,1477.8423194669288,0.7585218311536842,0.7622519915457815,1.0157306009205058,1.1729205207666382,6.356277666477002,11.611289202119224,7.1147994976306865,12.470902397762984,0.7585218311536842,1.0157306009205058,/home/aaa/data/qj/stable-baselines3-master/risk_curriculum_metadrive/outputs/tuned_compare_baseline_nenv16_seed1_1m/runs/baseline_ppo_s1/config.json,/home/aaa/data/qj/stable-baselines3-master/risk_curriculum_metadrive/outputs/tuned_compare_baseline_nenv16_seed1_1m/runs/baseline_ppo_s1/model/final_model.zip
rss_ttc_filter,external_classical_filter,baseline,ppo,1,rss_ttc,0.2,10000,10000,0,0.0,1.0,0.49381456251836,1.0,1.0,0.0,0.0,573.0,175.5368541180531,175.5368541180531,16.21263100176858,20.15220746667678,0.39491416640155375,0.10645724258289703,0.0,0.49381456251836,257.670827975603,16.21463056107271,0.0012324025924090839,0.07942267062275885,0.3756345177664975,408.0,14.0,65.0,329.0,71.20418848167539,1583.4155663078423,0.7301527643578296,0.7204239955171943,0.9916793991578742,1.1099229677347462,8.940509387218217,13.197477802168578,9.670662151576048,14.103039607289247,0.7301527643578296,0.9916793991578742,/home/aaa/data/qj/stable-baselines3-master/risk_curriculum_metadrive/outputs/tuned_compare_baseline_nenv16_seed1_1m/runs/baseline_ppo_s1/config.json,/home/aaa/data/qj/stable-baselines3-master/risk_curriculum_metadrive/outputs/tuned_compare_baseline_nenv16_seed1_1m/runs/baseline_ppo_s1/model/final_model.zip
rss_ttc_filter,external_classical_filter,baseline,ppo,1,rss_ttc,0.2,10000,10001,1,1.0,0.0,0.990635603649853,0.0,0.0,0.0,0.0,982.0,442.810050334895,442.810050334895,18.636214038335748,20.304974206528527,11.142701350983877,0.006109979633401222,0.0,990635.603649853,507.6718398221349,27.14660121646944,4.047050450314456,0.00042084252484462435,0.024390243902439025,725.0,33.0,0.0,692.0,73.82892057026477,1428.0878771097623,0.781435489671375,0.805441006377805,1.0273207444697618,1.1402675490535321,5.960634482778251,8.509409695398062,6.7420699724496265,9.39889374785707,0.781435489671375,1.0273207444697618,/home/aaa/data/qj/stable-baselines3-master/risk_curriculum_metadrive/outputs/tuned_compare_baseline_nenv16_seed1_1m/runs/baseline_ppo_s1/config.json,/home/aaa/data/qj/stable-baselines3-master/risk_curriculum_metadrive/outputs/tuned_compare_baseline_nenv16_seed1_1m/runs/baseline_ppo_s1/model/final_model.zip
rss_ttc_filter,external_classical_filter,baseline,ppo,1,rss_ttc,0.2,10000,10002,2,0.0,1.0,0.531840148869314,1.0,1.0,0.0,0.0,683.0,210.52428625442184,210.52428625442184,15.516182286262563,20.07012453947137,2.653976619368941,0.03806734992679356,0.0,0.531840148869314,293.9577810801494,23.14347653609449,1.7654121881898326,0.004763554523812445,0.011342155009451797,424.0,40.0,5.0,379.0,62.079062957540266,1442.3839996410702,0.810813345304809,0.7891169952927157,1.0643728921422733,1.157844135886989,12.171881445071634,22.08084099693224,12.982694790376444,23.02831958659226,0.810813345304809,1.0643728921422733,/home/aaa/data/qj/stable-baselines3-master/risk_curriculum_metadrive/outputs/tuned_compare_baseline_nenv16_seed1_1m/runs/baseline_ppo_s1/config.json,/home/aaa/data/qj/stable-baselines3-master/risk_curriculum_metadrive/outputs/tuned_compare_baseline_nenv16_seed1_1m/runs/baseline_ppo_s1/model/final_model.zip
rss_ttc_filter,external_classical_filter,baseline,ppo,1,rss_ttc,0.2,10000,10003,3,0.0,1.0,0.6387606421210958,1.0,1.0,0.0,0.0,710.0,250.04588597888733,250.04588597888733,15.13315158744877,19.139470299777777,5.906506578415102,0.0,0.0,0.6387606421210958,297.92556700322524,32.45733412241229,4.214957720266409,0.0018690628373303321,0.034071550255536626,367.0,63.0,0.0,304.0,51.69014084507042,1231.851310015387,0.6645265053982296,0.6139454926596954,0.9749879958690143,1.0586944845272228,4.61841474527421,7.31178049754817,5.282941250672439,8.203504791163141,0.6645265053982296,0.9749879958690143,/home/aaa/data/qj/stable-baselines3-master/risk_curriculum_metadrive/outputs/tuned_compare_baseline_nenv16_seed1_1m/runs/baseline_ppo_s1/config.json,/home/aaa/data/qj/stable-baselines3-master/risk_curriculum_metadrive/outputs/tuned_compare_baseline_nenv16_seed1_1m/runs/baseline_ppo_s1/model/final_model.zip
rss_ttc_filter,external_classical_filter,baseline,ppo,1,rss_ttc,0.2,10000,10004,4,0.0,1.0,0.3977626939489126,1.0,1.0,0.0,0.0,567.0,199.3165519856728,199.3165519856728,13.98486526804335,19.907721514771765,3.4622565408111634,0.015873015873015872,0.0,0.3977626939489126,219.84778951822727,32.52267363286776,3.1468583352911867,0.0013531712456280336,0.012658227848101266,303.0,45.0,1.0,257.0,53.43915343915344,1378.2262749331792,0.7742748323625128,0.7700389978708699,1.0405335022369395,1.163072023482528,7.7250455677586505,10.9153885015985,8.499320400121164,11.844189197290685,0.7742748323625128,1.0405335022369395,/home/aaa/data/qj/stable-baselines3-master/risk_curriculum_metadrive/outputs/tuned_compare_baseline_nenv16_seed1_1m/runs/baseline_ppo_s1/config.json,/home/aaa/data/qj/stable-baselines3-master/risk_curriculum_metadrive/outputs/tuned_compare_baseline_nenv16_seed1_1m/runs/baseline_ppo_s1/model/final_model.zip
rss_ttc_filter,external_classical_filter,baseline,ppo,1,rss_ttc,0.2,10000,10005,5,0.0,1.0,0.8033409204325803,1.0,1.0,0.0,0.0,840.0,277.41039350379305,277.41039350379305,16.89894589085325,20.24408449298499,3.9692102604757316,0.05119047619047619,0.0,0.8033409204325803,393.8013769911176,19.135901971941827,0.9792552516277961,0.011499415307615342,0.07777777777777778,602.0,54.0,12.0,536.0,71.66666666666667,1528.6894235861912,0.7581014584242699,0.7457924948539585,1.0271153041685466,1.1226205415732693,7.813841871601263,11.54922360292403,8.571943330025533,12.406303695752284,0.7581014584242699,1.0271153041685466,/home/aaa/data/qj/stable-baselines3-master/risk_curriculum_metadrive/outputs/tuned_compare_baseline_nenv16_seed1_1m/runs/baseline_ppo_s1/config.json,/home/aaa/data/qj/stable-baselines3-master/risk_curriculum_metadrive/outputs/tuned_compare_baseline_nenv16_seed1_1m/runs/baseline_ppo_s1/model/final_model.zip
rss_ttc_filter,external_classical_filter,baseline,ppo,1,rss_ttc,0.2,10000,10006,6,0.0,1.0,0.583431396283757,1.0,1.0,0.0,0.0,816.0,262.0753917652435,262.0753917652435,16.0471013323858,20.195792491192737,1.1154179464558887,0.09926470588235294,0.0,0.583431396283757,363.21278736040006,16.223289445416857,0.6208318043546808,0.034703998251782775,0.26353790613718414,596.0,63.0,44.0,489.0,73.0392156862745,1640.9113906240734,0.7111924212450486,0.6932215037522838,1.0199057542195078,1.0839817921805661,5.756775442594018,9.465170500334352,6.467967863839066,10.351869237638311,0.7111924212450486,1.0199057542195078,/home/aaa/data/qj/stable-baselines3-master/risk_curriculum_metadrive/outputs/tuned_compare_baseline_nenv16_seed1_1m/runs/baseline_ppo_s1/config.json,/home/aaa/data/qj/stable-baselines3-master/risk_curriculum_metadrive/outputs/tuned_compare_baseline_nenv16_seed1_1m/runs/baseline_ppo_s1/model/final_model.zip
rss_ttc_filter,external_classical_filter,baseline,ppo,1,rss_ttc,0.2,10000,10007,7,0.0,1.0,0.21502988143846538,1.0,1.0,0.0,0.0,377.0,153.22462133239912,153.22462133239912,16.747875954153557,19.974393197025083,9.213883492298393,0.0,0.0,0.21502988143846538,174.9142839853684,22.33885215192584,4.522400133054593,0.00035987623167558607,0.00967741935483871,209.0,28.0,0.0,181.0,55.437665782493376,1194.8709690140736,0.8436201566960588,0.8387499983655289,1.0735981981270015,1.1754340445622802,9.739072604819118,16.054213792085648,10.582692761515176,17.035066609969363,0.8436201566960588,1.0735981981270015,/home/aaa/data/qj/stable-baselines3-master/risk_curriculum_metadrive/outputs/tuned_compare_baseline_nenv16_seed1_1m/runs/baseline_ppo_s1/config.json,/home/aaa/data/qj/stable-baselines3-master/risk_curriculum_metadrive/outputs/tuned_compare_baseline_nenv16_seed1_1m/runs/baseline_ppo_s1/model/final_model.zip
rss_ttc_filter,external_classical_filter,baseline,ppo,1,rss_ttc,0.2,10000,10008,8,0.0,1.0,0.45832082472781493,1.0,1.0,0.0,0.0,514.0,184.63539280114227,184.63539280114227,15.957390609737901,19.95433102805643,7.057417392399218,0.0,0.0,0.45832082472781493,227.47777565587938,14.37669124400728,4.844412627763393,9.235300433093328e-05,0.0045351473922902496,288.0,41.0,0.0,247.0,56.03112840466926,1266.0577463869552,0.8055640507481742,0.8293520004372112,1.0675543555407785,1.215191066876287,6.279153062717161,9.343659458681941,7.084717113465335,10.239745103172027,0.8055640507481742,1.0675543555407785,/home/aaa/data/qj/stable-baselines3-master/risk_curriculum_metadrive/outputs/tuned_compare_baseline_nenv16_seed1_1m/runs/baseline_ppo_s1/config.json,/home/aaa/data/qj/stable-baselines3-master/risk_curriculum_metadrive/outputs/tuned_compare_baseline_nenv16_seed1_1m/runs/baseline_ppo_s1/model/final_model.zip
rss_ttc_filter,external_classical_filter,baseline,ppo,1,rss_ttc,0.2,10000,10009,9,0.0,1.0,0.613423958820732,1.0,1.0,0.0,0.0,505.0,216.1015109522024,216.1015109522024,20.082217731753722,20.464598560863465,19.957717371579722,0.0,0.0,0.613423958820732,281.4942208251767,26.900054653825194,1.4582271725937326,0.0014026823078836703,0.012048192771084338,424.0,0.0,0.0,424.0,83.96039603960396,1506.2476194256478,0.6987254468419838,0.7021409983281046,0.9747577889356761,1.1169942351989448,4.263237806176536,6.278493197169155,4.96196325301852,7.126571997650898,0.6987254468419838,0.9747577889356761,/home/aaa/data/qj/stable-baselines3-master/risk_curriculum_metadrive/outputs/tuned_compare_baseline_nenv16_seed1_1m/runs/baseline_ppo_s1/config.json,/home/aaa/data/qj/stable-baselines3-master/risk_curriculum_metadrive/outputs/tuned_compare_baseline_nenv16_seed1_1m/runs/baseline_ppo_s1/model/final_model.zip
rss_ttc_filter,external_classical_filter,baseline,ppo,1,rss_ttc,0.2,10000,10010,10,0.0,1.0,0.38654692518834116,1.0,1.0,0.0,0.0,550.0,160.39364823135617,160.39364823135617,14.289595582795757,17.47080750023477,5.122521717245644,0.01090909090909091,0.0,0.38654692518834116,218.1428404546108,28.709522351359546,3.5698941402522357,0.001708171678512109,0.016091954022988506,259.0,54.0,0.0,205.0,47.090909090909086,1187.2954411900141,0.7928161745605228,0.795355997979641,1.0908505457337014,1.1858703890175093,9.50537108686562,13.519810694560874,10.298187261426143,14.493353148282038,0.7928161745605228,1.0908505457337014,/home/aaa/data/qj/stable-baselines3-master/risk_curriculum_metadrive/outputs/tuned_compare_baseline_nenv16_seed1_1m/runs/baseline_ppo_s1/config.json,/home/aaa/data/qj/stable-baselines3-master/risk_curriculum_metadrive/outputs/tuned_compare_baseline_nenv16_seed1_1m/runs/baseline_ppo_s1/model/final_model.zip
rss_ttc_filter,external_classical_filter,baseline,ppo,1,rss_ttc,0.2,10000,10011,11,0.0,1.0,0.40763658507820827,1.0,1.0,0.0,0.0,642.0,224.36816051306275,224.36816051306275,13.551120844637422,14.233120206785248,3.769044939543523,0.021806853582554516,0.0,0.40763658507820827,241.20124899923397,49.567847189623855,4.481493544077892,0.00020834333977642625,0.004158004158004158,288.0,60.0,0.0,228.0,44.85981308411215,1194.023667766806,0.8093422662098297,0.7962829986354336,1.0659892432158813,1.153419045294868,9.140251782844082,14.893134159501637,9.949594049053912,15.840223483246517,0.8093422662098297,1.0659892432158813,/home/aaa/data/qj/stable-baselines3-master/risk_curriculum_metadrive/outputs/tuned_compare_baseline_nenv16_seed1_1m/runs/baseline_ppo_s1/config.json,/home/aaa/data/qj/stable-baselines3-master/risk_curriculum_metadrive/outputs/tuned_compare_baseline_nenv16_seed1_1m/runs/baseline_ppo_s1/model/final_model.zip
rss_ttc_filter,external_classical_filter,baseline,ppo,1,rss_ttc,0.2,10000,10012,12,1.0,0.0,0.9897007346513058,0.0,0.0,0.0,0.0,883.0,390.48431461185476,390.48431461185476,17.746579725231378,20.240369046767473,9.235117308374935,0.04869762174405436,0.0,989700.7346513058,434.5623016182047,15.980676013731847,0.6364910837828888,0.026188015117178005,0.18181818181818182,625.0,29.0,41.0,555.0,70.78142695356739,1438.2287595418459,0.6953713923203838,0.68491100682877,0.994798204919789,1.1058196355588734,4.175502442823889,7.165235905267764,4.870873835144273,8.040951511065941,0.6953713923203838,0.994798204919789,/home/aaa/data/qj/stable-baselines3-master/risk_curriculum_metadrive/outputs/tuned_compare_baseline_nenv16_seed1_1m/runs/baseline_ppo_s1/config.json,/home/aaa/data/qj/stable-baselines3-master/risk_curriculum_metadrive/outputs/tuned_compare_baseline_nenv16_seed1_1m/runs/baseline_ppo_s1/model/final_model.zip
rss_ttc_filter,external_classical_filter,baseline,ppo,1,rss_ttc,0.2,10000,10013,13,0.0,1.0,0.6847611691044974,1.0,1.0,0.0,0.0,761.0,285.71605499296004,285.71605499296004,17.035622946239062,20.069207107409525,8.1280556360101,0.0,0.0,0.6847611691044974,359.7173340681184,16.135506308525592,3.370072247450871,0.000995250516968293,0.027777777777777776,459.0,53.0,1.0,405.0,60.31537450722734,1276.0018951799548,0.7581066124090122,0.7391010003630072,1.0612070036586374,1.1580107995541764,10.17646836815249,15.697476992500015,10.934574980561502,16.628361991024576,0.7581066124090122,1.0612070036586374,/home/aaa/data/qj/stable-baselines3-master/risk_curriculum_metadrive/outputs/tuned_compare_baseline_nenv16_seed1_1m/runs/baseline_ppo_s1/config.json,/home/aaa/data/qj/stable-baselines3-master/risk_curriculum_metadrive/outputs/tuned_compare_baseline_nenv16_seed1_1m/runs/baseline_ppo_s1/model/final_model.zip
rss_ttc_filter,external_classical_filter,baseline,ppo,1,rss_ttc,0.2,10000,10014,14,0.0,1.0,0.4507719826770358,1.0,1.0,0.0,0.0,748.0,284.2221173732723,284.2221173732723,17.727226295157685,20.15669483333103,9.662769728602441,0.0,0.0,0.4507719826770358,367.9246829610913,20.84613681577672,3.1634748571538824,0.0007953886022286079,0.015060240963855422,468.0,32.0,1.0,435.0,62.56684491978609,1271.9994653076642,0.7685244334249989,0.7615310023538768,1.0063688532682136,1.1438535814522761,10.87565744809858,16.85925635320018,11.64418188152358,17.754802860872587,0.7685244334249989,1.0063688532682136,/home/aaa/data/qj/stable-baselines3-master/risk_curriculum_metadrive/outputs/tuned_compare_baseline_nenv16_seed1_1m/runs/baseline_ppo_s1/config.json,/home/aaa/data/qj/stable-baselines3-master/risk_curriculum_metadrive/outputs/tuned_compare_baseline_nenv16_seed1_1m/runs/baseline_ppo_s1/model/final_model.zip
rss_ttc_filter,external_classical_filter,baseline,ppo,1,rss_ttc,0.2,10000,10015,15,0.0,1.0,0.23221050735664378,1.0,1.0,0.0,0.0,536.0,144.12685773885013,144.12685773885013,10.935161862302799,10.265027770192233,2.0397606204271086,0.041044776119402986,0.0,0.23221050735664378,162.33052249281457,31.19300117432652,0.7970513178029488,0.009763438843042392,0.03795066413662239,188.0,51.0,6.0,131.0,35.07462686567165,1158.130936271222,0.8212415560225977,0.8487239974783733,1.0849020000023302,1.199130047461949,6.574823387721276,8.791758998995647,7.396064943743873,9.71423925147974,0.8212415560225977,1.0849020000023302,/home/aaa/data/qj/stable-baselines3-master/risk_curriculum_metadrive/outputs/tuned_compare_baseline_nenv16_seed1_1m/runs/baseline_ppo_s1/config.json,/home/aaa/data/qj/stable-baselines3-master/risk_curriculum_metadrive/outputs/tuned_compare_baseline_nenv16_seed1_1m/runs/baseline_ppo_s1/model/final_model.zip
rss_ttc_filter,external_classical_filter,baseline,ppo,1,rss_ttc,0.2,10000,10016,16,0.0,1.0,0.2711637451155911,1.0,1.0,0.0,0.0,260.0,102.87319076120575,102.87319076120575,17.99048880385602,20.252906336019834,8.774879338340172,0.026923076923076925,0.0,0.2711637451155911,129.71292224720972,3.665811261127558,0.598112293668364,0.01718198684670383,0.8125,190.0,11.0,4.0,175.0,73.07692307692307,1464.7731059353814,0.7508512079836621,0.7714905077591538,1.0018115586717613,1.1654538029688422,4.639863338469206,7.028803398861783,5.390714546452868,7.989315693703247,0.7508512079836621,1.0018115586717613,/home/aaa/data/qj/stable-baselines3-master/risk_curriculum_metadrive/outputs/tuned_compare_baseline_nenv16_seed1_1m/runs/baseline_ppo_s1/config.json,/home/aaa/data/qj/stable-baselines3-master/risk_curriculum_metadrive/outputs/tuned_compare_baseline_nenv16_seed1_1m/runs/baseline_ppo_s1/model/final_model.zip
rss_ttc_filter,external_classical_filter,baseline,ppo,1,rss_ttc,0.2,10000,10017,17,0.0,1.0,0.37933433903080116,1.0,1.0,0.0,0.0,634.0,221.16573998527565,221.16573998527565,16.820467229123796,19.997208319465628,8.55444788103822,0.0,0.0,0.37933433903080116,295.817973797525,14.487771423197364,0.18487510726803125,0.007815685292942007,0.039119804400977995,355.0,42.0,5.0,308.0,55.99369085173501,1200.0623067041308,0.7991374558018159,0.7651595078641549,1.074937499652151,1.190342462796252,12.02063347302118,19.35111680213595,12.819770928822996,20.375997697556162,0.7991374558018159,1.074937499652151,/home/aaa/data/qj/stable-baselines3-master/risk_curriculum_metadrive/outputs/tuned_compare_baseline_nenv16_seed1_1m/runs/baseline_ppo_s1/config.json,/home/aaa/data/qj/stable-baselines3-master/risk_curriculum_metadrive/outputs/tuned_compare_baseline_nenv16_seed1_1m/runs/baseline_ppo_s1/model/final_model.zip
rss_ttc_filter,external_classical_filter,baseline,ppo,1,rss_ttc,0.2,10000,10018,18,1.0,0.0,0.9890621713754397,0.0,0.0,0.0,0.0,919.0,374.14754548838187,374.14754548838187,17.188622387013147,20.161778292182785,6.332009203339887,0.0794341675734494,0.0,989062.1713754397,438.0600166180543,19.91796974373693,0.05281183213516109,0.05351436686151925,0.16375545851528384,643.0,39.0,66.0,538.0,69.96735582154517,1467.8354006470154,0.7638982361928945,0.7577899959869683,1.027325095492415,1.1336071911500767,6.842905301427781,10.739600895612963,7.606803537620676,11.534895403019616,0.7638982361928945,1.027325095492415,/home/aaa/data/qj/stable-baselines3-master/risk_curriculum_metadrive/outputs/tuned_compare_baseline_nenv16_seed1_1m/runs/baseline_ppo_s1/config.json,/home/aaa/data/qj/stable-baselines3-master/risk_curriculum_metadrive/outputs/tuned_compare_baseline_nenv16_seed1_1m/runs/baseline_ppo_s1/model/final_model.zip
rss_ttc_filter,external_classical_filter,baseline,ppo,1,rss_ttc,0.2,10000,10019,19,1.0,0.0,0.9931678812778915,0.0,0.0,0.0,0.0,1322.0,579.7293255758613,579.7293255758613,18.50318588431213,20.302936784057724,11.044066476494812,0.00832072617246596,0.0,993167.8812778915,678.6489181004093,13.042578709424628,4.148974314762913,0.0003725740977283169,0.013422818791946308,966.0,48.0,0.0,918.0,73.07110438729198,1423.416400196892,0.7713423918495195,0.7695775057072751,1.042969851550879,1.19825778005179,9.460682347355677,19.2018972025835,10.232024739205196,20.11887414410012,0.7713423918495195,1.042969851550879,/home/aaa/data/qj/stable-baselines3-master/risk_curriculum_metadrive/outputs/tuned_compare_baseline_nenv16_seed1_1m/runs/baseline_ppo_s1/config.json,/home/aaa/data/qj/stable-baselines3-master/risk_curriculum_metadrive/outputs/tuned_compare_baseline_nenv16_seed1_1m/runs/baseline_ppo_s1/model/final_model.zip
rss_ttc_filter,external_classical_filter,baseline,ppo,1,rss_ttc,0.2,20000,20000,0,1.0,0.0,0.9865240822181076,0.0,0.0,0.0,0.0,654.0,314.36582067288657,314.36582067288657,19.291960573498336,20.356938940443015,17.851755457590787,0.012232415902140673,0.0,986524.0822181077,349.90792148592783,46.391693693171945,0.21761605358106256,0.01679157522020703,0.08092485549132948,503.0,2.0,13.0,488.0,76.91131498470948,1437.5210422900616,0.7298455580694114,0.7259060002979822,1.0325245530111715,1.1962021708313844,4.570015991975828,8.37247624876909,5.2998615500452395,9.26557724378654,0.7298455580694114,1.0325245530111715,/home/aaa/data/qj/stable-baselines3-master/risk_curriculum_metadrive/outputs/tuned_compare_baseline_nenv16_seed1_1m/runs/baseline_ppo_s1/config.json,/home/aaa/data/qj/stable-baselines3-master/risk_curriculum_metadrive/outputs/tuned_compare_baseline_nenv16_seed1_1m/runs/baseline_ppo_s1/model/final_model.zip
rss_ttc_filter,external_classical_filter,baseline,ppo,1,rss_ttc,0.2,20000,20001,1,1.0,0.0,0.9909912908021826,0.0,0.0,0.0,0.0,1019.0,421.8678864008754,421.8678864008754,17.778249732903753,20.253041073270857,7.342159403184184,0.07850834151128558,0.0,990991.2908021826,502.6050942475788,14.850500263414705,0.36693263691343475,0.03756021752895189,0.2633333333333333,771.0,42.0,58.0,671.0,75.66241413150148,1534.0075316073344,0.7629235427977674,0.7727500051259995,0.9712755068903789,1.0757025951170347,4.02262006892644,6.511873894487508,4.785543611724208,7.385243302269373,0.7629235427977674,0.9712755068903789,/home/aaa/data/qj/stable-baselines3-master/risk_curriculum_metadrive/outputs/tuned_compare_baseline_nenv16_seed1_1m/runs/baseline_ppo_s1/config.json,/home/aaa/data/qj/stable-baselines3-master/risk_curriculum_metadrive/outputs/tuned_compare_baseline_nenv16_seed1_1m/runs/baseline_ppo_s1/model/final_model.zip
rss_ttc_filter,external_classical_filter,baseline,ppo,1,rss_ttc,0.2,20000,20002,2,0.0,1.0,0.748413438744835,1.0,1.0,0.0,0.0,813.0,321.5536816455965,321.5536816455965,16.390328851084586,20.06232485626279,5.682552359816336,0.024600246002460024,0.0,0.748413438744835,369.6463521493841,13.93895500807266,2.1419881331691553,0.007800406988836154,0.07277628032345014,500.0,58.0,10.0,432.0,61.50061500615006,1352.6442154579588,0.8391608968401456,0.8649509982205927,1.0645423986716196,1.1744934105081484,7.9549017157997,12.366031194687821,8.794062612639845,13.358051993418485,0.8391608968401456,1.0645423986716196,/home/aaa/data/qj/stable-baselines3-master/risk_curriculum_metadrive/outputs/tuned_compare_baseline_nenv16_seed1_1m/runs/baseline_ppo_s1/config.json,/home/aaa/data/qj/stable-baselines3-master/risk_curriculum_metadrive/outputs/tuned_compare_baseline_nenv16_seed1_1m/runs/baseline_ppo_s1/model/final_model.zip
rss_ttc_filter,external_classical_filter,baseline,ppo,1,rss_ttc,0.2,20000,20003,3,0.0,1.0,0.3198571722969527,1.0,1.0,0.0,0.0,447.0,146.0949145714929,146.0949145714929,17.325809917212283,19.999547513377877,9.309090440597787,0.0,0.0,0.3198571722969527,214.74759102200352,12.787533043087493,2.764875360344333,0.0022794142128723365,0.014792899408284023,253.0,32.0,1.0,220.0,56.59955257270693,1178.127301898707,0.7871261972533455,0.8108779875328764,1.0521899035666138,1.1957641542539943,8.021385740995058,12.451132309797686,8.808511938248403,13.285987607378045,0.7871261972533455,1.0521899035666138,/home/aaa/data/qj/stable-baselines3-master/risk_curriculum_metadrive/outputs/tuned_compare_baseline_nenv16_seed1_1m/runs/baseline_ppo_s1/config.json,/home/aaa/data/qj/stable-baselines3-master/risk_curriculum_metadrive/outputs/tuned_compare_baseline_nenv16_seed1_1m/runs/baseline_ppo_s1/model/final_model.zip
rss_ttc_filter,external_classical_filter,baseline,ppo,1,rss_ttc,0.2,20000,20004,4,1.0,0.0,0.9913597248798163,0.0,0.0,0.0,0.0,960.0,474.29005332963305,474.29005332963305,18.81665076034549,20.266862437390657,13.122747538940796,0.00625,0.0,991359.7248798163,501.1753818687125,64.22718408805456,4.161673507024886,0.0004818726013851493,0.019169329073482427,701.0,35.0,0.0,666.0,73.02083333333333,1398.7119586485064,0.7133244749941999,0.7281359939952381,0.9868068998912348,1.1101410511764696,4.317133814735523,7.161261158034902,5.030458289729722,8.105183100997237,0.7133244749941999,0.9868068998912348,/home/aaa/data/qj/stable-baselines3-master/risk_curriculum_metadrive/outputs/tuned_compare_baseline_nenv16_seed1_1m/runs/baseline_ppo_s1/config.json,/home/aaa/data/qj/stable-baselines3-master/risk_curriculum_metadrive/outputs/tuned_compare_baseline_nenv16_seed1_1m/runs/baseline_ppo_s1/model/final_model.zip
rss_ttc_filter,external_classical_filter,baseline,ppo,1,rss_ttc,0.2,20000,20005,5,0.0,1.0,0.4334913220811537,1.0,1.0,0.0,0.0,497.0,194.91970673369585,194.91970673369585,17.571890768582787,20.24772717832656,6.564098569603264,0.0,0.0,0.4334913220811537,242.16193962061521,12.641041548124665,2.627688449769311,0.0021905777779761978,0.05982905982905983,350.0,17.0,2.0,331.0,70.4225352112676,1445.3138282107009,0.7924025554361732,0.8011569880181924,1.066935996641405,1.1742890829918913,9.046449263701243,13.94870380172506,9.838851819137417,15.016235984512605,0.7924025554361732,1.066935996641405,/home/aaa/data/qj/stable-baselines3-master/risk_curriculum_metadrive/outputs/tuned_compare_baseline_nenv16_seed1_1m/runs/baseline_ppo_s1/config.json,/home/aaa/data/qj/stable-baselines3-master/risk_curriculum_metadrive/outputs/tuned_compare_baseline_nenv16_seed1_1m/runs/baseline_ppo_s1/model/final_model.zip
rss_ttc_filter,external_classical_filter,baseline,ppo,1,rss_ttc,0.2,20000,20006,6,0.0,1.0,0.7768549715605382,1.0,1.0,0.0,0.0,895.0,375.67732459034704,375.67732459034704,17.931519980704408,20.087903472034593,11.525630048787578,0.00558659217877095,0.0,0.7768549715605382,445.63507106785625,15.676625638944534,2.185073215320969,0.0018630437010396217,0.013020833333333334,552.0,65.0,3.0,484.0,61.675977653631286,1238.6816833721502,0.7554457655765751,0.7450019911630079,0.9976030079997141,1.1109317510272336,5.22760080101096,8.396625098248474,5.983046566587535,9.302833907713648,0.7554457655765751,0.9976030079997141,/home/aaa/data/qj/stable-baselines3-master/risk_curriculum_metadrive/outputs/tuned_compare_baseline_nenv16_seed1_1m/runs/baseline_ppo_s1/config.json,/home/aaa/data/qj/stable-baselines3-master/risk_curriculum_metadrive/outputs/tuned_compare_baseline_nenv16_seed1_1m/runs/baseline_ppo_s1/model/final_model.zip
rss_ttc_filter,external_classical_filter,baseline,ppo,1,rss_ttc,0.2,20000,20007,7,1.0,0.0,0.9893196293426199,0.0,0.0,0.0,0.0,873.0,370.5038549342354,370.5038549342354,17.973023440462217,20.2557845501638,9.298234281791924,0.038946162657502864,0.0,989319.6293426199,435.16651274963147,8.388103416928367,0.11811493659187923,0.02832547603800215,0.3181818181818182,631.0,19.0,38.0,574.0,72.2794959908362,1450.0196626182935,0.7661164321916397,0.7684000011067837,1.0204885969869792,1.1238767596660173,4.831629081571609,7.653794196085073,5.597745513763249,8.543915406335145,0.7661164321916397,1.0204885969869792,/home/aaa/data/qj/stable-baselines3-master/risk_curriculum_metadrive/outputs/tuned_compare_baseline_nenv16_seed1_1m/runs/baseline_ppo_s1/config.json,/home/aaa/data/qj/stable-baselines3-master/risk_curriculum_metadrive/outputs/tuned_compare_baseline_nenv16_seed1_1m/runs/baseline_ppo_s1/model/final_model.zip
rss_ttc_filter,external_classical_filter,baseline,ppo,1,rss_ttc,0.2,20000,20008,8,0.0,1.0,0.36437135908624596,1.0,1.0,0.0,0.0,454.0,193.41008972473412,193.41008972473412,18.82911267359069,20.327738591331798,11.619668852612177,0.0,0.0,0.36437135908624596,237.13763476783853,16.75569704646979,1.9551727558389653,0.002877988203196508,0.023148148148148147,343.0,12.0,2.0,329.0,75.55066079295155,1446.417395264157,0.7712999710711622,0.778444496972952,1.0529030019824857,1.1856491652724774,8.30256045600584,13.15891275080503,9.073860427077003,14.064366540696938,0.7712999710711622,1.0529030019824857,/home/aaa/data/qj/stable-baselines3-master/risk_curriculum_metadrive/outputs/tuned_compare_baseline_nenv16_seed1_1m/runs/baseline_ppo_s1/config.json,/home/aaa/data/qj/stable-baselines3-master/risk_curriculum_metadrive/outputs/tuned_compare_baseline_nenv16_seed1_1m/runs/baseline_ppo_s1/model/final_model.zip
rss_ttc_filter,external_classical_filter,baseline,ppo,1,rss_ttc,0.2,20000,20009,9,0.0,1.0,0.7770846592296673,1.0,1.0,0.0,0.0,696.0,245.31714033679015,245.31714033679015,16.195447690386604,20.21342436154338,0.2641439494994219,0.1307471264367816,0.0,0.7770846592296673,312.2731039250417,10.32826307807577,1.1748562490581822,0.039687918475656864,0.5588235294117647,541.0,55.0,44.0,442.0,77.72988505747126,1732.457881258522,0.7804950282766133,0.7870674962759949,1.0308922501280904,1.137942504283273,6.1176256308029,10.120690749317873,6.898120659079514,10.990384507749695,0.7804950282766133,1.0308922501280904,/home/aaa/data/qj/stable-baselines3-master/risk_curriculum_metadrive/outputs/tuned_compare_baseline_nenv16_seed1_1m/runs/baseline_ppo_s1/config.json,/home/aaa/data/qj/stable-baselines3-master/risk_curriculum_metadrive/outputs/tuned_compare_baseline_nenv16_seed1_1m/runs/baseline_ppo_s1/model/final_model.zip
rss_ttc_filter,external_classical_filter,baseline,ppo,1,rss_ttc,0.2,20000,20010,10,1.0,0.0,0.990166449454527,0.0,0.0,0.0,0.0,845.0,376.3066519591447,376.3066519591447,18.986380453412455,20.27458280348086,15.743804859695508,0.008284023668639054,0.0,990166.4494545271,445.01495894809153,15.508648109407176,0.8297056602396856,0.010190391101313609,0.04281345565749235,613.0,26.0,12.0,575.0,72.54437869822485,1377.4817849920928,0.7464547643814092,0.7653100037714466,0.9808947972487658,1.0862203646684059,3.8726765004065187,6.29104440449737,4.619131264787928,7.161364800413138,0.7464547643814092,0.9808947972487658,/home/aaa/data/qj/stable-baselines3-master/risk_curriculum_metadrive/outputs/tuned_compare_baseline_nenv16_seed1_1m/runs/baseline_ppo_s1/config.json,/home/aaa/data/qj/stable-baselines3-master/risk_curriculum_metadrive/outputs/tuned_compare_baseline_nenv16_seed1_1m/runs/baseline_ppo_s1/model/final_model.zip
rss_ttc_filter,external_classical_filter,baseline,ppo,1,rss_ttc,0.2,20000,20011,11,0.0,1.0,0.6755519976887155,1.0,1.0,0.0,0.0,808.0,251.00406643928108,251.00406643928108,16.56638766794537,20.24831745872545,3.4040681392290977,0.06311881188118812,0.0,0.6755519976887155,371.51956742837484,21.254742280935513,0.7201880597406114,0.022014644328947494,0.0971563981042654,598.0,38.0,31.0,529.0,74.00990099009901,1609.6056639473998,0.7617988540365368,0.749890496081207,0.9957471018424258,1.1277590895770115,10.778875001123385,14.482191546994727,11.540673855159923,15.456296654156176,0.7617988540365368,0.9957471018424258,/home/aaa/data/qj/stable-baselines3-master/risk_curriculum_metadrive/outputs/tuned_compare_baseline_nenv16_seed1_1m/runs/baseline_ppo_s1/config.json,/home/aaa/data/qj/stable-baselines3-master/risk_curriculum_metadrive/outputs/tuned_compare_baseline_nenv16_seed1_1m/runs/baseline_ppo_s1/model/final_model.zip
rss_ttc_filter,external_classical_filter,baseline,ppo,1,rss_ttc,0.2,20000,20012,12,1.0,0.0,0.9918650180661979,0.0,0.0,0.0,0.0,954.0,481.30309386165266,481.30309386165266,19.56251791756632,20.345953851569824,17.672405750377553,0.007337526205450734,0.0,991865.0180661979,517.8007011213648,19.003988764333766,2.0068709407285463,0.005285935827711144,0.04,740.0,18.0,10.0,712.0,77.56813417190776,1429.1212785101175,0.732168054133844,0.7576229982078075,0.9897808486130087,1.1136380056268538,4.4928841644056545,8.659176249784649,5.225052218539499,9.608640895748975,0.732168054133844,0.9897808486130087,/home/aaa/data/qj/stable-baselines3-master/risk_curriculum_metadrive/outputs/tuned_compare_baseline_nenv16_seed1_1m/runs/baseline_ppo_s1/config.json,/home/aaa/data/qj/stable-baselines3-master/risk_curriculum_metadrive/outputs/tuned_compare_baseline_nenv16_seed1_1m/runs/baseline_ppo_s1/model/final_model.zip
rss_ttc_filter,external_classical_filter,baseline,ppo,1,rss_ttc,0.2,20000,20013,13,0.0,1.0,0.5694060608697264,1.0,1.0,0.0,0.0,752.0,288.9095179071105,288.9095179071105,18.299903890250057,20.263662411205175,10.719984634781644,0.022606382978723406,0.0,0.5694060608697264,381.77178074820256,15.566272008281073,0.9011890935913234,0.013973240864409636,0.1031390134529148,551.0,27.0,14.0,510.0,73.27127659574468,1443.2706338853575,0.7987574930898808,0.7887404935900122,1.0110471477673855,1.0968913229589816,8.18880517711458,15.879129851236938,8.98756267020446,16.892211353115272,0.7987574930898808,1.0110471477673855,/home/aaa/data/qj/stable-baselines3-master/risk_curriculum_metadrive/outputs/tuned_compare_baseline_nenv16_seed1_1m/runs/baseline_ppo_s1/config.json,/home/aaa/data/qj/stable-baselines3-master/risk_curriculum_metadrive/outputs/tuned_compare_baseline_nenv16_seed1_1m/runs/baseline_ppo_s1/model/final_model.zip
rss_ttc_filter,external_classical_filter,baseline,ppo,1,rss_ttc,0.2,20000,20014,14,0.0,1.0,0.8053282887830372,1.0,1.0,0.0,0.0,966.0,332.6038933445742,332.6038933445742,16.234863792513824,19.908814037252334,9.168119092074283,0.032091097308488616,0.0,0.8053282887830372,435.26806042086514,22.669146658639672,1.501279454063477,0.014527353060100778,0.06420765027322405,549.0,98.0,21.0,430.0,56.83229813664597,1261.2917186461289,0.78460713426677,0.8007374999579042,1.0618402484396938,1.1690064988215463,7.720347127181697,11.181461752130417,8.504954261448466,12.144111995439744,0.78460713426677,1.0618402484396938,/home/aaa/data/qj/stable-baselines3-master/risk_curriculum_metadrive/outputs/tuned_compare_baseline_nenv16_seed1_1m/runs/baseline_ppo_s1/config.json,/home/aaa/data/qj/stable-baselines3-master/risk_curriculum_metadrive/outputs/tuned_compare_baseline_nenv16_seed1_1m/runs/baseline_ppo_s1/model/final_model.zip
rss_ttc_filter,external_classical_filter,baseline,ppo,1,rss_ttc,0.2,20000,20015,15,0.0,1.0,0.6179893083859064,1.0,1.0,0.0,0.0,740.0,262.5574667474703,262.5574667474703,17.87915823503973,20.24071322835644,8.716636421315831,0.006756756756756757,0.0,0.6179893083859064,367.19711907514005,12.19313151049544,3.1586194280932056,0.0020874634883922237,0.07194244604316546,514.0,28.0,1.0,485.0,69.45945945945947,1399.7931173714342,0.7619961217003308,0.773279505665414,0.9794450081244575,1.0895572538720446,5.099329724416256,9.693196901935153,5.861325846116587,10.733038700709583,0.7619961217003308,0.9794450081244575,/home/aaa/data/qj/stable-baselines3-master/risk_curriculum_metadrive/outputs/tuned_compare_baseline_nenv16_seed1_1m/runs/baseline_ppo_s1/config.json,/home/aaa/data/qj/stable-baselines3-master/risk_curriculum_metadrive/outputs/tuned_compare_baseline_nenv16_seed1_1m/runs/baseline_ppo_s1/model/final_model.zip
rss_ttc_filter,external_classical_filter,baseline,ppo,1,rss_ttc,0.2,20000,20016,16,0.0,1.0,0.39858075488337846,1.0,1.0,0.0,0.0,700.0,187.636862227954,187.636862227954,14.561531509068585,14.777538508932999,6.791401472058029,0.008571428571428572,0.0,0.39858075488337846,282.6250301326047,23.241516124580546,1.7343291822387785,0.004273802932990747,0.049132947976878616,338.0,60.0,4.0,274.0,48.285714285714285,1195.9308764740829,0.7500930962227618,0.7466115057468414,1.041205305227777,1.1202969762962312,7.816956175437164,11.195043794577941,8.567049271659926,12.100710756203624,0.7500930962227618,1.041205305227777,/home/aaa/data/qj/stable-baselines3-master/risk_curriculum_metadrive/outputs/tuned_compare_baseline_nenv16_seed1_1m/runs/baseline_ppo_s1/config.json,/home/aaa/data/qj/stable-baselines3-master/risk_curriculum_metadrive/outputs/tuned_compare_baseline_nenv16_seed1_1m/runs/baseline_ppo_s1/model/final_model.zip
rss_ttc_filter,external_classical_filter,baseline,ppo,1,rss_ttc,0.2,20000,20017,17,0.0,1.0,0.47113499282359955,1.0,1.0,0.0,0.0,601.0,239.3787234083898,239.3787234083898,17.244250557258496,20.073087746636897,9.828243305881566,0.004991680532445923,0.0,0.47113499282359955,287.4523494268134,27.511608946951732,3.6808902688821292,0.00130281122470503,0.029166666666666667,346.0,31.0,0.0,315.0,57.570715474209656,1203.6777597745574,0.7739202647249892,0.8068750030361116,1.0250190098304302,1.1181459994986653,6.789169799107996,9.380818009958602,7.563090063832985,10.316316984244622,0.7739202647249892,1.0250190098304302,/home/aaa/data/qj/stable-baselines3-master/risk_curriculum_metadrive/outputs/tuned_compare_baseline_nenv16_seed1_1m/runs/baseline_ppo_s1/config.json,/home/aaa/data/qj/stable-baselines3-master/risk_curriculum_metadrive/outputs/tuned_compare_baseline_nenv16_seed1_1m/runs/baseline_ppo_s1/model/final_model.zip
rss_ttc_filter,external_classical_filter,baseline,ppo,1,rss_ttc,0.2,20000,20018,18,0.0,1.0,0.43485217768262435,1.0,1.0,0.0,0.0,667.0,222.1500183142077,222.1500183142077,18.104588301838152,20.197890003512818,10.285068673765606,0.0,0.0,0.43485217768262435,335.03880964692246,27.164714905434952,4.761274072778488,0.000117632984260445,0.010714285714285714,446.0,32.0,0.0,414.0,66.86656671664169,1331.1890657384229,0.853806999772075,0.8555860113119707,1.0830782019183967,1.2127051196875986,10.43965439874165,14.854307888890615,11.293461398513726,15.742720995331181,0.853806999772075,1.0830782019183967,/home/aaa/data/qj/stable-baselines3-master/risk_curriculum_metadrive/outputs/tuned_compare_baseline_nenv16_seed1_1m/runs/baseline_ppo_s1/config.json,/home/aaa/data/qj/stable-baselines3-master/risk_curriculum_metadrive/outputs/tuned_compare_baseline_nenv16_seed1_1m/runs/baseline_ppo_s1/model/final_model.zip
rss_ttc_filter,external_classical_filter,baseline,ppo,1,rss_ttc,0.2,20000,20019,19,1.0,0.0,0.9903916827989914,0.0,0.0,0.0,0.0,1168.0,440.51500203515076,440.51500203515076,17.11741846315256,20.034150006968474,9.729850170267971,0.0059931506849315065,0.0,990391.6827989914,554.5961604271912,13.037415272413725,2.146669479240886,0.003034095896374349,0.04529616724738676,696.0,91.0,4.0,601.0,59.589041095890416,1254.9672169816124,0.7756223963478489,0.7785674970364198,1.0561351511569228,1.1813325554248875,9.388479375844975,16.654762400867185,10.164101772192824,17.570182302733883,0.7756223963478489,1.0561351511569228,/home/aaa/data/qj/stable-baselines3-master/risk_curriculum_metadrive/outputs/tuned_compare_baseline_nenv16_seed1_1m/runs/baseline_ppo_s1/config.json,/home/aaa/data/qj/stable-baselines3-master/risk_curriculum_metadrive/outputs/tuned_compare_baseline_nenv16_seed1_1m/runs/baseline_ppo_s1/model/final_model.zip
rss_ttc_filter,external_classical_filter,baseline,ppo,1,rss_ttc,0.25,10000,10000,0,0.0,1.0,0.5093135785268407,1.0,1.0,0.0,0.0,817.0,163.71122181953376,163.71122181953376,11.737616147676166,11.34556047105238,0.01389436204023105,0.19583843329253367,0.0,0.5093135785268407,265.7418584807555,55.116818842639105,0.09024818058771224,0.10431654766978266,0.3152610441767068,477.0,91.0,128.0,258.0,58.3843329253366,1794.9750284994839,0.8661266929244011,0.8697140001459047,1.1233665893087161,1.230922326212749,13.256971654991592,18.97069639817346,14.123098347915994,20.004093792522326,0.8661266929244011,1.1233665893087161,/home/aaa/data/qj/stable-baselines3-master/risk_curriculum_metadrive/outputs/tuned_compare_baseline_nenv16_seed1_1m/runs/baseline_ppo_s1/config.json,/home/aaa/data/qj/stable-baselines3-master/risk_curriculum_metadrive/outputs/tuned_compare_baseline_nenv16_seed1_1m/runs/baseline_ppo_s1/model/final_model.zip
rss_ttc_filter,external_classical_filter,baseline,ppo,1,rss_ttc,0.25,10000,10001,1,0.0,1.0,0.3515326289551472,1.0,1.0,0.0,0.0,356.0,124.89193410504933,124.89193410504933,17.896974081030585,20.0668429449135,12.258585010698548,0.0,0.0,0.3515326289551472,176.49796126249697,16.16529083949567,2.139399468040241,0.0038976549932960985,0.031578947368421054,212.0,24.0,1.0,187.0,59.55056179775281,1201.1470188298806,0.701568725090827,0.7013790018390864,1.001402248220984,1.0851809449377463,5.700471104492873,10.451679252582835,6.4020398295837,11.316406988044037,0.701568725090827,1.001402248220984,/home/aaa/data/qj/stable-baselines3-master/risk_curriculum_metadrive/outputs/tuned_compare_baseline_nenv16_seed1_1m/runs/baseline_ppo_s1/config.json,/home/aaa/data/qj/stable-baselines3-master/risk_curriculum_metadrive/outputs/tuned_compare_baseline_nenv16_seed1_1m/runs/baseline_ppo_s1/model/final_model.zip
rss_ttc_filter,external_classical_filter,baseline,ppo,1,rss_ttc,0.25,10000,10002,2,0.0,1.0,0.24422642240736933,1.0,1.0,0.0,0.0,301.0,90.9428396041537,90.9428396041537,15.877431689692838,16.45774951012143,9.481501415895455,0.0,0.0,0.24422642240736933,132.30860161573503,17.851912695257464,2.719222578973734,0.004694526648489486,0.01937984496124031,137.0,25.0,3.0,109.0,45.51495016611295,1035.45799991062,0.8068220831834374,0.771669001551345,1.0788460058392957,1.1869419977301732,11.11891199416942,17.933231996721588,11.925734077352857,18.84495301055722,0.8068220831834374,1.0788460058392957,/home/aaa/data/qj/stable-baselines3-master/risk_curriculum_metadrive/outputs/tuned_compare_baseline_nenv16_seed1_1m/runs/baseline_ppo_s1/config.json,/home/aaa/data/qj/stable-baselines3-master/risk_curriculum_metadrive/outputs/tuned_compare_baseline_nenv16_seed1_1m/runs/baseline_ppo_s1/model/final_model.zip
rss_ttc_filter,external_classical_filter,baseline,ppo,1,rss_ttc,0.25,10000,10003,3,0.0,1.0,0.3327290306550061,1.0,1.0,0.0,0.0,340.0,112.97568511516717,112.97568511516717,16.25588612333448,17.98567714866091,9.027620124335106,0.0,0.0,0.3327290306550061,153.19812025280837,14.48400564686944,3.8601800389326844,0.0017555352261302598,0.028985507246376812,164.0,34.0,0.0,130.0,48.23529411764706,1070.5092185815747,0.8065509000837611,0.8174249960575253,1.0811793530592695,1.190835337911267,5.948278055909802,9.573738453764237,6.754828955993563,10.48980224513798,0.8065509000837611,1.0811793530592695,/home/aaa/data/qj/stable-baselines3-master/risk_curriculum_metadrive/outputs/tuned_compare_baseline_nenv16_seed1_1m/runs/baseline_ppo_s1/config.json,/home/aaa/data/qj/stable-baselines3-master/risk_curriculum_metadrive/outputs/tuned_compare_baseline_nenv16_seed1_1m/runs/baseline_ppo_s1/model/final_model.zip
rss_ttc_filter,external_classical_filter,baseline,ppo,1,rss_ttc,0.25,10000,10004,4,0.0,1.0,0.34288051715513557,1.0,1.0,0.0,0.0,497.0,167.62185198137195,167.62185198137195,13.692719540743814,16.560991911640226,3.087357166914981,0.01609657947686117,0.0,0.34288051715513557,188.81856188818978,31.548647708175036,3.5680929210134256,0.0014931548968221348,0.01152073732718894,228.0,33.0,0.0,195.0,45.87525150905433,1207.5084023519457,0.8818628888643277,0.893497999641113,1.1403039970900863,1.2985583208501355,11.138531537423185,15.986857999814674,12.020394426287513,17.015440392424352,0.8818628888643277,1.1403039970900863,/home/aaa/data/qj/stable-baselines3-master/risk_curriculum_metadrive/outputs/tuned_compare_baseline_nenv16_seed1_1m/runs/baseline_ppo_s1/config.json,/home/aaa/data/qj/stable-baselines3-master/risk_curriculum_metadrive/outputs/tuned_compare_baseline_nenv16_seed1_1m/runs/baseline_ppo_s1/model/final_model.zip
rss_ttc_filter,external_classical_filter,baseline,ppo,1,rss_ttc,0.25,10000,10005,5,0.0,1.0,0.4659469897863644,1.0,1.0,0.0,0.0,560.0,155.1285094279952,155.1285094279952,14.629551648086629,19.197931342077567,4.0158713588741675,0.06785714285714285,0.0,0.4659469897863644,226.85528193537007,12.992380718228386,0.5487338717900784,0.028433793886137346,0.09248554913294797,305.0,44.0,23.0,238.0,54.46428571428571,1344.469467045043,0.781004133958569,0.7697900000493973,1.0366682923631743,1.113866069645155,10.641014602099728,17.65615040931152,11.422018736058297,18.540272294194438,0.781004133958569,1.0366682923631743,/home/aaa/data/qj/stable-baselines3-master/risk_curriculum_metadrive/outputs/tuned_compare_baseline_nenv16_seed1_1m/runs/baseline_ppo_s1/config.json,/home/aaa/data/qj/stable-baselines3-master/risk_curriculum_metadrive/outputs/tuned_compare_baseline_nenv16_seed1_1m/runs/baseline_ppo_s1/model/final_model.zip
rss_ttc_filter,external_classical_filter,baseline,ppo,1,rss_ttc,0.25,10000,10006,6,0.0,1.0,0.5853010182873922,1.0,1.0,0.0,0.0,1013.0,283.40052734423625,283.40052734423625,12.971305478456957,14.421878954572303,0.5717764456615212,0.1125370187561698,0.0,0.5853010182873922,364.26315507599384,43.02290582412112,0.006694787317520543,0.04690566801538362,0.16905901116427433,559.0,99.0,69.0,391.0,55.18262586377097,1534.604837767299,0.7160159581009187,0.6594000005861744,1.0196797928074375,1.1175221967278048,7.183902558712827,10.394015605561433,7.899918516813745,11.166298395255579,0.7160159581009187,1.0196797928074375,/home/aaa/data/qj/stable-baselines3-master/risk_curriculum_metadrive/outputs/tuned_compare_baseline_nenv16_seed1_1m/runs/baseline_ppo_s1/config.json,/home/aaa/data/qj/stable-baselines3-master/risk_curriculum_metadrive/outputs/tuned_compare_baseline_nenv16_seed1_1m/runs/baseline_ppo_s1/model/final_model.zip
rss_ttc_filter,external_classical_filter,baseline,ppo,1,rss_ttc,0.25,10000,10007,7,0.0,1.0,0.28200211602475966,1.0,1.0,0.0,0.0,740.0,145.21743681980598,145.21743681980598,11.303571692602521,9.770081924740255,3.8364166169386134,0.0,0.0,0.28200211602475966,231.9080256240622,22.76469401760083,2.5862827103776698,0.006701516854914173,0.0436046511627907,249.0,113.0,5.0,131.0,33.648648648648646,1073.7015216698235,0.9146793368878158,0.9168969991151243,1.1375585949281228,1.3665120559744544,14.222473730891629,20.939883455866944,15.137153067779444,21.955701793194745,0.9146793368878158,1.1375585949281228,/home/aaa/data/qj/stable-baselines3-master/risk_curriculum_metadrive/outputs/tuned_compare_baseline_nenv16_seed1_1m/runs/baseline_ppo_s1/config.json,/home/aaa/data/qj/stable-baselines3-master/risk_curriculum_metadrive/outputs/tuned_compare_baseline_nenv16_seed1_1m/runs/baseline_ppo_s1/model/final_model.zip
rss_ttc_filter,external_classical_filter,baseline,ppo,1,rss_ttc,0.25,10000,10008,8,0.0,1.0,0.4541237695279474,1.0,1.0,0.0,0.0,545.0,170.10196417336056,170.10196417336056,14.9268645805247,15.145490302781836,7.423824429412576,0.0,0.0,0.4541237695279474,225.63029169553252,15.521099791302394,1.4414514404255987,0.003838287264830177,0.015945330296127564,249.0,52.0,3.0,194.0,45.68807339449542,1103.5752253336743,0.7985588569523032,0.8001749956747517,1.0771498054964468,1.2053064425708688,7.3240326750604865,11.432413404691031,8.12259153201279,12.406672196811996,0.7985588569523032,1.0771498054964468,/home/aaa/data/qj/stable-baselines3-master/risk_curriculum_metadrive/outputs/tuned_compare_baseline_nenv16_seed1_1m/runs/baseline_ppo_s1/config.json,/home/aaa/data/qj/stable-baselines3-master/risk_curriculum_metadrive/outputs/tuned_compare_baseline_nenv16_seed1_1m/runs/baseline_ppo_s1/model/final_model.zip
rss_ttc_filter,external_classical_filter,baseline,ppo,1,rss_ttc,0.25,10000,10009,9,0.0,1.0,0.6138922422164375,1.0,1.0,0.0,0.0,506.0,214.3420825972514,214.3420825972514,20.088323887624213,20.445758955789522,19.93664385114752,0.0,0.0,0.6138922422164375,281.84647344829335,49.712649911022936,8.842298565463626,0.0,0.0,424.0,0.0,0.0,424.0,83.79446640316206,1504.3651063378861,0.7749536436942881,0.8151865040417761,1.00304124498507,1.1352382520271929,5.828274826142107,7.8136820084182546,6.603228469836395,8.739718756260118,0.7749536436942881,1.00304124498507,/home/aaa/data/qj/stable-baselines3-master/risk_curriculum_metadrive/outputs/tuned_compare_baseline_nenv16_seed1_1m/runs/baseline_ppo_s1/config.json,/home/aaa/data/qj/stable-baselines3-master/risk_curriculum_metadrive/outputs/tuned_compare_baseline_nenv16_seed1_1m/runs/baseline_ppo_s1/model/final_model.zip
rss_ttc_filter,external_classical_filter,baseline,ppo,1,rss_ttc,0.25,10000,10010,10,0.0,1.0,0.2658482100956819,1.0,1.0,0.0,0.0,302.0,104.08595353815745,104.08595353815745,17.729751527400957,20.026127153091643,10.35545175819296,0.0033112582781456954,0.0,0.2658482100956819,148.3001333424234,26.391752923815638,1.7407398003101875,0.0047464287784005155,0.05,178.0,21.0,1.0,156.0,58.94039735099338,1200.2686443241419,0.7689169170342645,0.7392560073640198,1.0426956418086775,1.0914809326641262,10.051601479785587,16.40038594705402,10.820518396819852,17.239189844258362,0.7689169170342645,1.0426956418086775,/home/aaa/data/qj/stable-baselines3-master/risk_curriculum_metadrive/outputs/tuned_compare_baseline_nenv16_seed1_1m/runs/baseline_ppo_s1/config.json,/home/aaa/data/qj/stable-baselines3-master/risk_curriculum_metadrive/outputs/tuned_compare_baseline_nenv16_seed1_1m/runs/baseline_ppo_s1/model/final_model.zip
rss_ttc_filter,external_classical_filter,baseline,ppo,1,rss_ttc,0.25,10000,10011,11,0.0,1.0,0.256394648138503,1.0,1.0,0.0,0.0,410.0,131.90231862719463,131.90231862719463,13.186628029188924,13.11722227606602,5.100107247758898,0.0,0.0,0.256394648138503,149.87713804831256,28.5509077230732,4.338795483084623,0.0003225387887392082,0.002570694087403599,151.0,46.0,0.0,105.0,36.829268292682926,1007.4918827935284,0.7239769340674507,0.6449930006056093,1.055083050596295,1.181751822005025,8.688307195162208,12.735492690262616,9.412284129229658,13.762248352577442,0.7239769340674507,1.055083050596295,/home/aaa/data/qj/stable-baselines3-master/risk_curriculum_metadrive/outputs/tuned_compare_baseline_nenv16_seed1_1m/runs/baseline_ppo_s1/config.json,/home/aaa/data/qj/stable-baselines3-master/risk_curriculum_metadrive/outputs/tuned_compare_baseline_nenv16_seed1_1m/runs/baseline_ppo_s1/model/final_model.zip
rss_ttc_filter,external_classical_filter,baseline,ppo,1,rss_ttc,0.25,10000,10012,12,0.0,1.0,0.4399653673270092,1.0,1.0,0.0,0.0,492.0,152.4333279936711,152.4333279936711,13.934858891683108,15.179932678608182,1.5949253954484617,0.08333333333333333,0.0,0.4399653673270092,189.9981331400695,21.402009123184556,1.1689956677670728,0.04514119537228169,0.2100456621004566,259.0,40.0,38.0,181.0,52.642276422764226,1363.1712886834591,0.684784154796441,0.6397660035872832,1.022021692187991,1.0852280315884855,4.661307565236608,8.35803210065933,5.346091720033049,9.280431951628998,0.684784154796441,1.022021692187991,/home/aaa/data/qj/stable-baselines3-master/risk_curriculum_metadrive/outputs/tuned_compare_baseline_nenv16_seed1_1m/runs/baseline_ppo_s1/config.json,/home/aaa/data/qj/stable-baselines3-master/risk_curriculum_metadrive/outputs/tuned_compare_baseline_nenv16_seed1_1m/runs/baseline_ppo_s1/model/final_model.zip
rss_ttc_filter,external_classical_filter,baseline,ppo,1,rss_ttc,0.25,10000,10013,13,0.0,1.0,0.5250449155489609,1.0,1.0,0.0,0.0,580.0,206.65934813929528,206.65934813929528,16.96408181623631,20.02959955264284,9.054554331900729,0.0,0.0,0.5250449155489609,272.8587281566028,64.321507640184,3.909131399755823,0.001108103860812156,0.013812154696132596,328.0,36.0,0.0,292.0,56.55172413793104,1202.0872567131141,0.8086742275516936,0.8441439931630157,1.0741005433374085,1.1454925748694222,13.086354256690889,20.705099348560907,13.895028484242584,21.616360314510526,0.8086742275516936,1.0741005433374085,/home/aaa/data/qj/stable-baselines3-master/risk_curriculum_metadrive/outputs/tuned_compare_baseline_nenv16_seed1_1m/runs/baseline_ppo_s1/config.json,/home/aaa/data/qj/stable-baselines3-master/risk_curriculum_metadrive/outputs/tuned_compare_baseline_nenv16_seed1_1m/runs/baseline_ppo_s1/model/final_model.zip
rss_ttc_filter,external_classical_filter,baseline,ppo,1,rss_ttc,0.25,10000,10014,14,0.0,1.0,0.2979582714342854,1.0,1.0,0.0,0.0,585.0,201.89713235998119,201.89713235998119,15.371880221668837,18.38392015932976,6.927662801491055,0.006837606837606838,0.0,0.2979582714342854,249.24600186292838,21.256637335734133,2.0306831213172467,0.007020777488671501,0.050955414012738856,275.0,45.0,5.0,225.0,47.008547008547005,1103.3276279040772,0.8572681831607881,0.8843090035952628,1.0808148042997345,1.169595313258469,14.091852962280202,20.109315004083328,14.94912114544099,20.991074989433397,0.8572681831607881,1.0808148042997345,/home/aaa/data/qj/stable-baselines3-master/risk_curriculum_metadrive/outputs/tuned_compare_baseline_nenv16_seed1_1m/runs/baseline_ppo_s1/config.json,/home/aaa/data/qj/stable-baselines3-master/risk_curriculum_metadrive/outputs/tuned_compare_baseline_nenv16_seed1_1m/runs/baseline_ppo_s1/model/final_model.zip
rss_ttc_filter,external_classical_filter,baseline,ppo,1,rss_ttc,0.25,10000,10015,15,0.0,0.0,0.21233689870255007,0.0,0.0,0.0,0.0,1500.0,130.52297679672,130.52297679672,3.8398590805191666,0.7616234657384738,0.19706735414455118,0.5926666666666667,0.0,212336.89870255007,153.04935111798224,137.89579503720532,0.13241553967079084,0.044474360023779885,0.2373358348968105,445.0,246.0,84.0,115.0,29.666666666666668,2907.5588805140355,0.8284273800187899,0.8257760055130348,1.1171563957759645,1.2401953981316183,7.910223361444271,11.133502789016346,8.738650741463061,12.07824625307694,0.8284273800187899,1.1171563957759645,/home/aaa/data/qj/stable-baselines3-master/risk_curriculum_metadrive/outputs/tuned_compare_baseline_nenv16_seed1_1m/runs/baseline_ppo_s1/config.json,/home/aaa/data/qj/stable-baselines3-master/risk_curriculum_metadrive/outputs/tuned_compare_baseline_nenv16_seed1_1m/runs/baseline_ppo_s1/model/final_model.zip
rss_ttc_filter,external_classical_filter,baseline,ppo,1,rss_ttc,0.25,10000,10016,16,0.0,1.0,0.2830860634593941,1.0,1.0,0.0,0.0,286.0,107.17597979757238,107.17597979757238,17.10764754401563,20.187831680417244,5.597106484407151,0.045454545454545456,0.0,0.2830860634593941,135.40165963214426,3.017222505345575,0.48123086643881513,0.029138072573163275,0.9523809523809523,194.0,8.0,12.0,174.0,67.83216783216784,1432.7741663363227,0.7835349508266493,0.8235130007960834,1.0334919970773626,1.1479730463179272,5.617504363415121,8.415948999754619,6.40103931424177,9.305984247475863,0.7835349508266493,1.0334919970773626,/home/aaa/data/qj/stable-baselines3-master/risk_curriculum_metadrive/outputs/tuned_compare_baseline_nenv16_seed1_1m/runs/baseline_ppo_s1/config.json,/home/aaa/data/qj/stable-baselines3-master/risk_curriculum_metadrive/outputs/tuned_compare_baseline_nenv16_seed1_1m/runs/baseline_ppo_s1/model/final_model.zip
rss_ttc_filter,external_classical_filter,baseline,ppo,1,rss_ttc,0.25,10000,10017,17,0.0,1.0,0.3611588205655093,1.0,1.0,0.0,0.0,982.0,203.94103335736435,203.94103335736435,10.344092171660451,8.386011761013378,3.7174295978227425,0.003054989816700611,0.0,0.3611588205655093,281.24018097834227,49.112311641350495,0.8892499853945272,0.012990522533432917,0.10304789550072568,322.0,133.0,7.0,182.0,32.79022403258656,1144.9288607334404,0.8712917059916498,0.8894565107766539,1.108374202158302,1.2012978071288665,16.21607613224985,22.68221395279397,17.087367838241498,23.559108945482876,0.8712917059916498,1.108374202158302,/home/aaa/data/qj/stable-baselines3-master/risk_curriculum_metadrive/outputs/tuned_compare_baseline_nenv16_seed1_1m/runs/baseline_ppo_s1/config.json,/home/aaa/data/qj/stable-baselines3-master/risk_curriculum_metadrive/outputs/tuned_compare_baseline_nenv16_seed1_1m/runs/baseline_ppo_s1/model/final_model.zip
rss_ttc_filter,external_classical_filter,baseline,ppo,1,rss_ttc,0.25,10000,10018,18,0.0,1.0,0.33530956222112956,1.0,1.0,0.0,0.0,406.0,128.49558999885483,128.49558999885483,12.894511783860178,12.078643686531258,4.1627558427012294,0.0,0.0,0.33530956222112956,145.06534339409123,18.360439034632833,5.095716911730178,0.0,0.0,164.0,37.0,0.0,127.0,40.39408866995074,1130.525018332394,0.7578712688636245,0.7478685001842678,1.0413355012133252,1.1577656558074523,7.38953493379677,11.129247995995684,8.147406202660394,12.053377486154204,0.7578712688636245,1.0413355012133252,/home/aaa/data/qj/stable-baselines3-master/risk_curriculum_metadrive/outputs/tuned_compare_baseline_nenv16_seed1_1m/runs/baseline_ppo_s1/config.json,/home/aaa/data/qj/stable-baselines3-master/risk_curriculum_metadrive/outputs/tuned_compare_baseline_nenv16_seed1_1m/runs/baseline_ppo_s1/model/final_model.zip
rss_ttc_filter,external_classical_filter,baseline,ppo,1,rss_ttc,0.25,10000,10019,19,0.0,1.0,0.5640474328601087,1.0,1.0,0.0,0.0,746.0,312.99329681540996,312.99329681540996,18.870991090834483,20.40034673031581,16.386304072700746,0.04155495978552279,0.0,0.5640474328601087,390.7922951830851,11.696822434989004,0.5102532163802611,0.015181556007644445,0.12286689419795221,621.0,21.0,17.0,583.0,83.24396782841823,1589.0794359419579,0.8547175281597477,0.8701585029484704,1.0463075086590834,1.1500462962430902,11.37906224261651,18.778593497700058,12.233779770776257,19.6007502527209,0.8547175281597477,1.0463075086590834,/home/aaa/data/qj/stable-baselines3-master/risk_curriculum_metadrive/outputs/tuned_compare_baseline_nenv16_seed1_1m/runs/baseline_ppo_s1/config.json,/home/aaa/data/qj/stable-baselines3-master/risk_curriculum_metadrive/outputs/tuned_compare_baseline_nenv16_seed1_1m/runs/baseline_ppo_s1/model/final_model.zip
rss_ttc_filter,external_classical_filter,baseline,ppo,1,rss_ttc,0.25,20000,20000,0,0.0,1.0,0.4984195188051029,0.0,0.0,0.0,1.0,344.0,128.1399161928728,128.1399161928728,18.32227651546257,20.053970264173497,13.154722830474746,0.0,0.0,0.4984195188051029,174.50941253875533,19.998170624839428,2.629705773581511,0.003222124032225038,0.03211009174311927,201.0,20.0,1.0,180.0,58.43023255813954,1151.8003360154662,0.5580218309427606,0.501231501402799,0.9211415010213382,1.021110546280397,4.85401866806273,10.851541800366247,5.412040499005491,11.780661911325293,0.5580218309427606,0.9211415010213382,/home/aaa/data/qj/stable-baselines3-master/risk_curriculum_metadrive/outputs/tuned_compare_baseline_nenv16_seed1_1m/runs/baseline_ppo_s1/config.json,/home/aaa/data/qj/stable-baselines3-master/risk_curriculum_metadrive/outputs/tuned_compare_baseline_nenv16_seed1_1m/runs/baseline_ppo_s1/model/final_model.zip
rss_ttc_filter,external_classical_filter,baseline,ppo,1,rss_ttc,0.25,20000,20001,1,0.0,1.0,0.4443509796912645,1.0,1.0,0.0,0.0,558.0,155.54796255138245,155.54796255138245,14.359472504964964,19.867964230066658,0.01416843153139658,0.13799283154121864,0.0,0.4443509796912645,222.18462426950367,9.738526468024931,0.09232724313152531,0.07757228693805034,0.3038461538461538,350.0,44.0,64.0,242.0,62.72401433691756,1575.26652058272,0.6996044766991967,0.6549809986609034,0.9999734080338385,1.1472177550604084,6.181683120218449,9.648363457381492,6.881287596917646,10.64335979972384,0.6996044766991967,0.9999734080338385,/home/aaa/data/qj/stable-baselines3-master/risk_curriculum_metadrive/outputs/tuned_compare_baseline_nenv16_seed1_1m/runs/baseline_ppo_s1/config.json,/home/aaa/data/qj/stable-baselines3-master/risk_curriculum_metadrive/outputs/tuned_compare_baseline_nenv16_seed1_1m/runs/baseline_ppo_s1/model/final_model.zip
rss_ttc_filter,external_classical_filter,baseline,ppo,1,rss_ttc,0.25,20000,20002,2,0.0,1.0,0.7812237106020532,1.0,1.0,0.0,0.0,1047.0,313.51446155045437,313.51446155045437,13.288267465168234,13.584437075401809,3.605533391388095,0.02387774594078319,0.0,0.7812237106020532,385.6737742700924,18.633653068428266,1.2200186064646503,0.007919443003771676,0.04681404421326398,459.0,101.0,10.0,348.0,43.83954154727794,1190.1249984360002,0.8519638199569326,0.861399996210821,1.0915644117631018,1.2540713630733067,8.578828850890257,12.995282703195699,9.430792670847191,13.962651009205729,0.8519638199569326,1.0915644117631018,/home/aaa/data/qj/stable-baselines3-master/risk_curriculum_metadrive/outputs/tuned_compare_baseline_nenv16_seed1_1m/runs/baseline_ppo_s1/config.json,/home/aaa/data/qj/stable-baselines3-master/risk_curriculum_metadrive/outputs/tuned_compare_baseline_nenv16_seed1_1m/runs/baseline_ppo_s1/model/final_model.zip
rss_ttc_filter,external_classical_filter,baseline,ppo,1,rss_ttc,0.25,20000,20003,3,0.0,1.0,0.23062116035158903,1.0,1.0,0.0,0.0,358.0,108.52347266878088,108.52347266878088,15.460581041129673,17.400085280653755,7.134402454115951,0.0,0.0,0.23062116035158903,153.48166276708758,34.211416339080685,4.521131168403662,0.0002675244869253284,0.003125,169.0,37.0,0.0,132.0,47.20670391061452,1101.1087380286067,0.7942604527330057,0.7661104973522015,1.0507993007195182,1.2037534998671617,8.469982318833468,11.412053948879475,9.264242771566474,12.378783952590311,0.7942604527330057,1.0507993007195182,/home/aaa/data/qj/stable-baselines3-master/risk_curriculum_metadrive/outputs/tuned_compare_baseline_nenv16_seed1_1m/runs/baseline_ppo_s1/config.json,/home/aaa/data/qj/stable-baselines3-master/risk_curriculum_metadrive/outputs/tuned_compare_baseline_nenv16_seed1_1m/runs/baseline_ppo_s1/model/final_model.zip
rss_ttc_filter,external_classical_filter,baseline,ppo,1,rss_ttc,0.25,20000,20004,4,0.0,1.0,0.603853049975751,1.0,1.0,0.0,0.0,699.0,250.09105696135805,250.09105696135805,15.62841632403285,19.962155831166754,5.75935222781919,0.06866952789699571,0.0,0.603853049975751,303.01935680028834,15.841630185640735,1.0825106597553273,0.02629336568955816,0.17701863354037267,429.0,74.0,26.0,329.0,61.37339055793991,1415.7511405541725,0.7732731400248202,0.7901899953139946,1.031519596290309,1.1175494844792406,5.660969597802602,7.69707869476406,6.434242737827422,8.708975702757016,0.7732731400248202,1.031519596290309,/home/aaa/data/qj/stable-baselines3-master/risk_curriculum_metadrive/outputs/tuned_compare_baseline_nenv16_seed1_1m/runs/baseline_ppo_s1/config.json,/home/aaa/data/qj/stable-baselines3-master/risk_curriculum_metadrive/outputs/tuned_compare_baseline_nenv16_seed1_1m/runs/baseline_ppo_s1/model/final_model.zip
rss_ttc_filter,external_classical_filter,baseline,ppo,1,rss_ttc,0.25,20000,20005,5,0.0,1.0,0.4010800605162261,1.0,1.0,0.0,0.0,634.0,156.07534137523717,156.07534137523717,12.738856922625372,10.938590597627208,4.014625746671738,0.00473186119873817,0.0,0.4010800605162261,224.08972696872837,19.32438207156643,0.568714272512526,0.017300747914235207,0.09510086455331412,309.0,59.0,16.0,234.0,48.738170347003155,1378.9119393372318,0.8516498490492667,0.8462170007987879,1.1017533412086777,1.200011708860984,11.809054249227385,15.670625995699083,12.660704098276652,16.6514165008266,0.8516498490492667,1.1017533412086777,/home/aaa/data/qj/stable-baselines3-master/risk_curriculum_metadrive/outputs/tuned_compare_baseline_nenv16_seed1_1m/runs/baseline_ppo_s1/config.json,/home/aaa/data/qj/stable-baselines3-master/risk_curriculum_metadrive/outputs/tuned_compare_baseline_nenv16_seed1_1m/runs/baseline_ppo_s1/model/final_model.zip
rss_ttc_filter,external_classical_filter,baseline,ppo,1,rss_ttc,0.25,20000,20006,6,0.0,1.0,0.42029397128332036,1.0,1.0,0.0,0.0,501.0,201.2643607940527,201.2643607940527,17.15842844654609,20.098863362516823,8.855351512925843,0.00998003992015968,0.0,0.42029397128332036,238.62945377959176,14.255196008811444,1.82108325153322,0.00590044539157159,0.05583756345177665,302.0,30.0,4.0,268.0,60.27944111776448,1265.5604545738095,0.7751918867048705,0.7875519950175658,1.0273410007357597,1.106015988625586,6.727014924004533,9.177104002446868,7.502206810709403,10.03330698586069,0.7751918867048705,1.0273410007357597,/home/aaa/data/qj/stable-baselines3-master/risk_curriculum_metadrive/outputs/tuned_compare_baseline_nenv16_seed1_1m/runs/baseline_ppo_s1/config.json,/home/aaa/data/qj/stable-baselines3-master/risk_curriculum_metadrive/outputs/tuned_compare_baseline_nenv16_seed1_1m/runs/baseline_ppo_s1/model/final_model.zip
rss_ttc_filter,external_classical_filter,baseline,ppo,1,rss_ttc,0.25,20000,20007,7,1.0,0.0,0.9898646918366192,0.0,0.0,0.0,0.0,889.0,404.42432804559587,404.42432804559587,17.67380870939573,20.30670670401649,0.34033505299995076,0.10798650168728909,0.0,989864.6918366193,435.78855991140955,15.978723586236205,0.5221465934280152,0.04365423252074593,0.46111111111111114,734.0,41.0,57.0,636.0,82.56467941507312,1684.3030485913014,0.7544353287775726,0.7683389994781464,0.9933166031260043,1.134800876607187,4.47457900549876,7.129256406915369,5.229014334276332,7.98981499101501,0.7544353287775726,0.9933166031260043,/home/aaa/data/qj/stable-baselines3-master/risk_curriculum_metadrive/outputs/tuned_compare_baseline_nenv16_seed1_1m/runs/baseline_ppo_s1/config.json,/home/aaa/data/qj/stable-baselines3-master/risk_curriculum_metadrive/outputs/tuned_compare_baseline_nenv16_seed1_1m/runs/baseline_ppo_s1/model/final_model.zip
rss_ttc_filter,external_classical_filter,baseline,ppo,1,rss_ttc,0.25,20000,20008,8,0.0,1.0,0.3849865263773509,1.0,1.0,0.0,0.0,695.0,192.63978768188704,192.63978768188704,12.938033435499385,14.599724710398924,2.4022710198712334,0.02158273381294964,0.0,0.3849865263773509,249.38849465070405,37.519602893347994,3.940327975274664,0.0018568281579647483,0.03112033195020747,331.0,61.0,0.0,270.0,47.62589928057554,1327.2464732729625,0.8495620026616648,0.8585140021750703,1.0795439913636073,1.197639209276531,12.292604773261806,17.421326000476252,13.14216677592347,18.340788494970184,0.8495620026616648,1.0795439913636073,/home/aaa/data/qj/stable-baselines3-master/risk_curriculum_metadrive/outputs/tuned_compare_baseline_nenv16_seed1_1m/runs/baseline_ppo_s1/config.json,/home/aaa/data/qj/stable-baselines3-master/risk_curriculum_metadrive/outputs/tuned_compare_baseline_nenv16_seed1_1m/runs/baseline_ppo_s1/model/final_model.zip
rss_ttc_filter,external_classical_filter,baseline,ppo,1,rss_ttc,0.25,20000,20009,9,1.0,0.0,0.9890891790847663,0.0,0.0,0.0,0.0,842.0,360.1044229864103,360.1044229864103,17.1086685301049,20.23339786107388,2.2697849905922594,0.08669833729216152,0.0,989089.1790847664,399.4616850327285,7.479516684971622,0.024616422790720363,0.03595293027848558,0.5620437956204379,634.0,46.0,41.0,547.0,75.29691211401425,1587.1359475892048,0.7520830248876015,0.7657279929844663,0.959368651092518,1.0558751689677592,7.113781844480339,13.135897609026864,7.8658648693679405,13.949173905712085,0.7520830248876015,0.959368651092518,/home/aaa/data/qj/stable-baselines3-master/risk_curriculum_metadrive/outputs/tuned_compare_baseline_nenv16_seed1_1m/runs/baseline_ppo_s1/config.json,/home/aaa/data/qj/stable-baselines3-master/risk_curriculum_metadrive/outputs/tuned_compare_baseline_nenv16_seed1_1m/runs/baseline_ppo_s1/model/final_model.zip
rss_ttc_filter,external_classical_filter,baseline,ppo,1,rss_ttc,0.25,20000,20010,10,0.0,1.0,0.5436309743534736,1.0,1.0,0.0,0.0,506.0,178.55627648181814,178.55627648181814,17.187879294926244,20.16312678442921,8.514404949292299,0.015810276679841896,0.0,0.5436309743534736,241.35672198853536,21.075639336974415,1.705936165663573,0.01269916536344543,0.07643312101910828,330.0,21.0,11.0,298.0,65.21739130434783,1367.2708068005468,0.7643217626457993,0.791634498455096,0.9826667555898894,1.063834004162345,4.82447871737842,7.539247246313607,5.5888004800242195,8.44598875119118,0.7643217626457993,0.9826667555898894,/home/aaa/data/qj/stable-baselines3-master/risk_curriculum_metadrive/outputs/tuned_compare_baseline_nenv16_seed1_1m/runs/baseline_ppo_s1/config.json,/home/aaa/data/qj/stable-baselines3-master/risk_curriculum_metadrive/outputs/tuned_compare_baseline_nenv16_seed1_1m/runs/baseline_ppo_s1/model/final_model.zip
rss_ttc_filter,external_classical_filter,baseline,ppo,1,rss_ttc,0.25,20000,20011,11,0.0,1.0,0.340564768578954,1.0,1.0,0.0,0.0,397.0,83.45676547098455,83.45676547098455,16.685333011717944,20.05058567770065,8.002813996991064,0.0,0.0,0.340564768578954,183.72231222499008,16.922981826207856,4.982906363774754,8.611403639922341e-06,0.005291005291005291,234.0,25.0,0.0,209.0,58.94206549118388,1273.6613052933867,0.8486906678010581,0.8166839979821816,1.1080817959737022,1.7590073973406244,12.12196338259655,16.443723003612828,12.970654050397608,17.245767812710252,0.8486906678010581,1.1080817959737022,/home/aaa/data/qj/stable-baselines3-master/risk_curriculum_metadrive/outputs/tuned_compare_baseline_nenv16_seed1_1m/runs/baseline_ppo_s1/config.json,/home/aaa/data/qj/stable-baselines3-master/risk_curriculum_metadrive/outputs/tuned_compare_baseline_nenv16_seed1_1m/runs/baseline_ppo_s1/model/final_model.zip
rss_ttc_filter,external_classical_filter,baseline,ppo,1,rss_ttc,0.25,20000,20012,12,0.0,1.0,0.5062563337708722,1.0,1.0,0.0,0.0,540.0,211.4146103553613,211.4146103553613,17.438333529985748,20.169131598994433,9.349369257762655,0.009259259259259259,0.0,0.5062563337708722,261.252598845841,18.29310593080015,2.8278596773316678,0.005238333647742661,0.04961832061068702,350.0,27.0,2.0,321.0,64.81481481481481,1339.699591683399,0.6024098349303973,0.5636144996969961,0.9380814939504485,1.1032053064263894,5.0230946666959895,9.823751153453484,5.625504501626387,10.708945103397125,0.6024098349303973,0.9380814939504485,/home/aaa/data/qj/stable-baselines3-master/risk_curriculum_metadrive/outputs/tuned_compare_baseline_nenv16_seed1_1m/runs/baseline_ppo_s1/config.json,/home/aaa/data/qj/stable-baselines3-master/risk_curriculum_metadrive/outputs/tuned_compare_baseline_nenv16_seed1_1m/runs/baseline_ppo_s1/model/final_model.zip
rss_ttc_filter,external_classical_filter,baseline,ppo,1,rss_ttc,0.25,20000,20013,13,0.0,1.0,0.6601916845736809,1.0,1.0,0.0,0.0,991.0,331.9736972401047,331.9736972401047,15.749821771042829,20.044424490089437,3.797398666482502,0.027245206861755803,0.0,0.6601916845736809,433.29598895949385,16.037940701141544,2.515726736625251,0.0074463144562807474,0.06428571428571428,602.0,78.0,13.0,511.0,60.74672048435923,1389.3505025182158,0.8871612885672511,0.8749840053496882,1.0598845037748106,1.2038786924676972,12.652761272433628,20.728735995362513,13.53992256100088,21.67520400689682,0.8871612885672511,1.0598845037748106,/home/aaa/data/qj/stable-baselines3-master/risk_curriculum_metadrive/outputs/tuned_compare_baseline_nenv16_seed1_1m/runs/baseline_ppo_s1/config.json,/home/aaa/data/qj/stable-baselines3-master/risk_curriculum_metadrive/outputs/tuned_compare_baseline_nenv16_seed1_1m/runs/baseline_ppo_s1/model/final_model.zip
rss_ttc_filter,external_classical_filter,baseline,ppo,1,rss_ttc,0.25,20000,20014,14,0.0,1.0,0.26818032870895187,1.0,1.0,0.0,0.0,329.0,114.96889851493322,114.96889851493322,15.579840938780809,16.112904652215065,8.698866514396398,0.00303951367781155,0.0,0.26818032870895187,142.13811742544215,13.443912374743823,4.688260372183399,0.0005094071867767596,0.017482517482517484,152.0,44.0,0.0,108.0,46.20060790273556,1069.382391952186,0.8454354716808815,0.8340450003743172,1.0028878023149446,1.084535748232156,6.9066851887173275,10.709941395907663,7.75212066039821,11.62384680355899,0.8454354716808815,1.0028878023149446,/home/aaa/data/qj/stable-baselines3-master/risk_curriculum_metadrive/outputs/tuned_compare_baseline_nenv16_seed1_1m/runs/baseline_ppo_s1/config.json,/home/aaa/data/qj/stable-baselines3-master/risk_curriculum_metadrive/outputs/tuned_compare_baseline_nenv16_seed1_1m/runs/baseline_ppo_s1/model/final_model.zip
rss_ttc_filter,external_classical_filter,baseline,ppo,1,rss_ttc,0.25,20000,20015,15,0.0,1.0,0.511785571933716,1.0,1.0,0.0,0.0,632.0,232.10389504240956,232.10389504240956,17.487890520971767,20.230358614972573,7.227241003085599,0.022151898734177215,0.0,0.511785571933716,306.5247094813345,15.974518970876824,2.180649855929916,0.009038899379907319,0.12903225806451613,436.0,23.0,10.0,403.0,68.9873417721519,1422.3975637649196,0.8387046583047316,0.8418585057370365,0.98848054985865,1.0834342396992718,6.172700211934597,8.870217202638742,7.011404870239328,9.748777648201212,0.8387046583047316,0.98848054985865,/home/aaa/data/qj/stable-baselines3-master/risk_curriculum_metadrive/outputs/tuned_compare_baseline_nenv16_seed1_1m/runs/baseline_ppo_s1/config.json,/home/aaa/data/qj/stable-baselines3-master/risk_curriculum_metadrive/outputs/tuned_compare_baseline_nenv16_seed1_1m/runs/baseline_ppo_s1/model/final_model.zip
rss_ttc_filter,external_classical_filter,baseline,ppo,1,rss_ttc,0.25,20000,20016,16,0.0,1.0,0.27148222776487313,1.0,1.0,0.0,0.0,427.0,107.69900107052595,107.69900107052595,16.064217481097636,19.51001775609929,7.787111694575042,0.0,0.0,0.27148222776487313,190.16061439094233,18.307160251528874,5.155254493986436,0.0,0.0,216.0,34.0,0.0,182.0,50.585480093676814,1135.8819001075358,0.8463930305632255,0.8567659970140085,1.000341995677445,1.0910016827983784,9.191235325918631,11.771553898870478,10.037628356481857,12.613464197784195,0.8463930305632255,1.000341995677445,/home/aaa/data/qj/stable-baselines3-master/risk_curriculum_metadrive/outputs/tuned_compare_baseline_nenv16_seed1_1m/runs/baseline_ppo_s1/config.json,/home/aaa/data/qj/stable-baselines3-master/risk_curriculum_metadrive/outputs/tuned_compare_baseline_nenv16_seed1_1m/runs/baseline_ppo_s1/model/final_model.zip
rss_ttc_filter,external_classical_filter,baseline,ppo,1,rss_ttc,0.25,20000,20017,17,0.0,1.0,0.10095534490863364,1.0,1.0,0.0,0.0,105.0,41.472418592398746,41.472418592398746,18.67060530298594,20.28395044278586,12.011528698009563,0.0,1.0,0.10095534490863364,53.88856533483546,25.086171788179854,11.77572124448937,0.0,0.0,74.0,0.0,0.0,74.0,70.47619047619048,1373.2041211378066,0.7865028094134426,0.8270139951491728,0.9312279929872602,0.994098954834044,6.846785162425866,8.669188997009769,7.633287971839309,9.489778595161624,0.7865028094134426,0.9312279929872602,/home/aaa/data/qj/stable-baselines3-master/risk_curriculum_metadrive/outputs/tuned_compare_baseline_nenv16_seed1_1m/runs/baseline_ppo_s1/config.json,/home/aaa/data/qj/stable-baselines3-master/risk_curriculum_metadrive/outputs/tuned_compare_baseline_nenv16_seed1_1m/runs/baseline_ppo_s1/model/final_model.zip
rss_ttc_filter,external_classical_filter,baseline,ppo,1,rss_ttc,0.25,20000,20018,18,0.0,1.0,0.4013497182161971,1.0,1.0,0.0,0.0,670.0,190.75376204159122,190.75376204159122,16.58273114134904,20.04255286333101,6.562106062679838,0.0,0.0,0.4013497182161971,308.26458944571584,14.262790443977325,4.580269098191693,0.00012529280650994226,0.0034482758620689655,394.0,49.0,0.0,345.0,58.805970149253724,1278.1227993407977,0.8491255643555143,0.8465809951303527,1.0374511439295016,1.177013383712619,11.666893858354845,16.324768595950445,12.51601942271036,17.208108852355505,0.8491255643555143,1.0374511439295016,/home/aaa/data/qj/stable-baselines3-master/risk_curriculum_metadrive/outputs/tuned_compare_baseline_nenv16_seed1_1m/runs/baseline_ppo_s1/config.json,/home/aaa/data/qj/stable-baselines3-master/risk_curriculum_metadrive/outputs/tuned_compare_baseline_nenv16_seed1_1m/runs/baseline_ppo_s1/model/final_model.zip
rss_ttc_filter,external_classical_filter,baseline,ppo,1,rss_ttc,0.25,20000,20019,19,0.0,1.0,0.5647078593262558,1.0,1.0,0.0,0.0,677.0,251.29229364966005,251.29229364966005,16.456608778338026,19.985728373022003,7.723184216112338,0.0103397341211226,0.0,0.5647078593262558,309.1229010263761,9.848440903554177,3.4190293898327657,0.0023853194681568847,0.034739454094292806,384.0,55.0,1.0,328.0,56.72082717872969,1242.2243668295382,0.8294656156760708,0.8383960084756836,1.0228704020846633,1.1212727206293496,11.928585806365078,18.881533804233186,12.758051422041149,19.741143190185536,0.8294656156760708,1.0228704020846633,/home/aaa/data/qj/stable-baselines3-master/risk_curriculum_metadrive/outputs/tuned_compare_baseline_nenv16_seed1_1m/runs/baseline_ppo_s1/config.json,/home/aaa/data/qj/stable-baselines3-master/risk_curriculum_metadrive/outputs/tuned_compare_baseline_nenv16_seed1_1m/runs/baseline_ppo_s1/model/final_model.zip
