label,role,variant,algo,train_seed,density,scenario_start_seed,map_seed,episode,success,cost,route_completion,collision,crash_vehicle,crash_object,out_of_road,episode_length,reward,shaped_reward,mean_speed_kmh,median_speed_kmh,p10_speed_kmh,stop_ratio,low_progress,progress_per_cost,path_length_m,mean_ttc,min_ttc,ttc_risk_mean,ttc_dangerous_fraction,intervention_count,soft_guard_count,hard_shield_count,overspeed_guard_count,intervention_rate_per_100_steps,intervention_rate_per_km,policy_inference_ms_mean,policy_inference_ms_p50,policy_inference_ms_p95,policy_inference_ms_p99,env_step_wall_ms_mean,env_step_wall_ms_p95,control_loop_wall_ms_mean,control_loop_wall_ms_p95,total_action_latency_ms_mean,total_action_latency_ms_p95,source_config_json,source_model_path
no_action_guard,no_guard_negative_control,no_action_guard,ppo,2,0.08,10000,10000,0,0.0,1.0,0.34137102678752257,0.0,0.0,0.0,1.0,128.0,86.46923586623328,-2134.574028415793,51.47783208343057,61.15935003465448,14.664561073501117,0.0,0.0,0.34137102678752257,181.68114783699374,2.949149173846935,2.78118856692075,0.03535488603966041,1.0,0.0,0.0,0.0,0.0,0.0,0.0,2.0872812268635244,0.9386369929416105,1.4636398518632627,2.0595406390202715,4.653382609149048,6.234558001597179,6.740663836012573,7.602274406963258,2.0872812268635244,1.4636398518632627,/home/aaa/data/qj/stable-baselines3-master/risk_curriculum_metadrive/outputs/tuned_ablation_no_action_guard_nenv16_seed2_1m/runs/no_action_guard_ppo_s2/config.json,/home/aaa/data/qj/stable-baselines3-master/risk_curriculum_metadrive/outputs/tuned_ablation_no_action_guard_nenv16_seed2_1m/runs/no_action_guard_ppo_s2/model/final_model.zip
no_action_guard,no_guard_negative_control,no_action_guard,ppo,2,0.08,10000,10001,1,0.0,1.0,0.5687979908635757,1.0,1.0,0.0,0.0,226.0,133.91905411108564,-2623.9399642681133,47.07224187504617,50.574941504136866,24.906070844012753,0.0,0.0,0.5687979908635757,294.4929726118542,2.6550262832736444,0.15121063049029124,0.22742192673449096,0.8787878787878788,0.0,0.0,0.0,0.0,0.0,0.0,1.061378915671082,0.9873219969449565,1.5230880017043091,1.9988497551821638,3.810846030947019,4.477634742215741,4.8722249466181005,5.889560998184606,1.061378915671082,1.5230880017043091,/home/aaa/data/qj/stable-baselines3-master/risk_curriculum_metadrive/outputs/tuned_ablation_no_action_guard_nenv16_seed2_1m/runs/no_action_guard_ppo_s2/config.json,/home/aaa/data/qj/stable-baselines3-master/risk_curriculum_metadrive/outputs/tuned_ablation_no_action_guard_nenv16_seed2_1m/runs/no_action_guard_ppo_s2/model/final_model.zip
no_action_guard,no_guard_negative_control,no_action_guard,ppo,2,0.08,10000,10002,2,0.0,1.0,0.4166861649780995,1.0,1.0,0.0,0.0,184.0,103.67670408901931,-2031.6834144830605,45.74489633258969,48.895739379438396,20.35169240080811,0.0,0.0,0.4166861649780995,232.82018930094483,6.125733714144121,1.3239106450686873,0.18251942374996982,0.5454545454545454,0.0,0.0,0.0,0.0,0.0,0.0,1.0073778590278537,0.9820595005294308,1.3718628470087424,1.6884806110465402,5.228340054679353,6.845008893287741,6.235717913707207,7.96683260705322,1.0073778590278537,1.3718628470087424,/home/aaa/data/qj/stable-baselines3-master/risk_curriculum_metadrive/outputs/tuned_ablation_no_action_guard_nenv16_seed2_1m/runs/no_action_guard_ppo_s2/config.json,/home/aaa/data/qj/stable-baselines3-master/risk_curriculum_metadrive/outputs/tuned_ablation_no_action_guard_nenv16_seed2_1m/runs/no_action_guard_ppo_s2/model/final_model.zip
no_action_guard,no_guard_negative_control,no_action_guard,ppo,2,0.08,10000,10003,3,0.0,1.0,0.3482235937056368,0.0,0.0,0.0,1.0,117.0,99.95499855772212,-1792.3959836100698,50.25908734253493,62.96156816227246,13.836573563211484,0.0,0.0,0.3482235937056368,161.93150322830638,,,0.0,0.0,0.0,0.0,0.0,0.0,0.0,0.0,0.9411257694417643,0.9038889984367415,1.3400865951552985,1.6948836017400037,1.9931899063770746,2.558302995748818,2.934315675818839,3.7587633967632423,0.9411257694417643,1.3400865951552985,/home/aaa/data/qj/stable-baselines3-master/risk_curriculum_metadrive/outputs/tuned_ablation_no_action_guard_nenv16_seed2_1m/runs/no_action_guard_ppo_s2/config.json,/home/aaa/data/qj/stable-baselines3-master/risk_curriculum_metadrive/outputs/tuned_ablation_no_action_guard_nenv16_seed2_1m/runs/no_action_guard_ppo_s2/model/final_model.zip
no_action_guard,no_guard_negative_control,no_action_guard,ppo,2,0.08,10000,10004,4,0.0,1.0,0.22855491953317703,0.0,0.0,0.0,1.0,102.0,71.1139428314168,-1230.2221206552163,44.552834187789834,54.58716958711972,12.25803178533229,0.0,0.0,0.22855491953317703,124.88928708560589,4.722528968416076,2.506087804447183,0.0713477552116071,0.5833333333333334,0.0,0.0,0.0,0.0,0.0,0.0,1.0841000300441759,1.0295734973624349,1.5411655025673099,1.7303700672346165,3.955802166613056,4.975131800892995,5.039902196657232,6.2772213968855795,1.0841000300441759,1.5411655025673099,/home/aaa/data/qj/stable-baselines3-master/risk_curriculum_metadrive/outputs/tuned_ablation_no_action_guard_nenv16_seed2_1m/runs/no_action_guard_ppo_s2/config.json,/home/aaa/data/qj/stable-baselines3-master/risk_curriculum_metadrive/outputs/tuned_ablation_no_action_guard_nenv16_seed2_1m/runs/no_action_guard_ppo_s2/model/final_model.zip
no_action_guard,no_guard_negative_control,no_action_guard,ppo,2,0.08,10000,10005,5,0.0,1.0,0.24571259650188412,0.0,0.0,0.0,1.0,107.0,47.59407058716818,-1152.7817754009288,41.08198650854707,49.212928605672495,12.791997625999418,0.0,0.0,0.24571259650188412,121.05459999691236,5.843828130403727,0.7407138788889779,0.2454692800980944,0.46,0.0,0.0,0.0,0.0,0.0,0.0,0.9134295049708807,0.8562180009903386,1.3010435955948192,1.4356960376608185,4.032999718976294,4.113507796137128,4.946429223947175,5.053803305781912,0.9134295049708807,1.3010435955948192,/home/aaa/data/qj/stable-baselines3-master/risk_curriculum_metadrive/outputs/tuned_ablation_no_action_guard_nenv16_seed2_1m/runs/no_action_guard_ppo_s2/config.json,/home/aaa/data/qj/stable-baselines3-master/risk_curriculum_metadrive/outputs/tuned_ablation_no_action_guard_nenv16_seed2_1m/runs/no_action_guard_ppo_s2/model/final_model.zip
no_action_guard,no_guard_negative_control,no_action_guard,ppo,2,0.08,10000,10006,6,0.0,1.0,0.10965267619535946,0.0,0.0,0.0,1.0,71.0,37.21452734560126,-661.0189684958945,34.336591733432314,38.394665269648144,8.807666050692525,0.0,1.0,0.10965267619535946,66.53210526807402,13.070510817432796,1.4051729617484596,0.30481888026706766,0.4583333333333333,0.0,0.0,0.0,0.0,0.0,0.0,0.99329043710178,0.9640680073061958,1.3189974997658283,1.4485364066786133,3.086185449665465,3.757873499125708,4.079475886767245,4.778619004355278,0.99329043710178,1.3189974997658283,/home/aaa/data/qj/stable-baselines3-master/risk_curriculum_metadrive/outputs/tuned_ablation_no_action_guard_nenv16_seed2_1m/runs/no_action_guard_ppo_s2/config.json,/home/aaa/data/qj/stable-baselines3-master/risk_curriculum_metadrive/outputs/tuned_ablation_no_action_guard_nenv16_seed2_1m/runs/no_action_guard_ppo_s2/model/final_model.zip
no_action_guard,no_guard_negative_control,no_action_guard,ppo,2,0.08,10000,10007,7,0.0,1.0,0.26492029397776995,1.0,1.0,0.0,0.0,184.0,89.71663598721283,-2017.8629592332618,43.88450174598408,46.48099848204045,19.40007142411411,0.005434782608695652,0.0,0.26492029397776995,223.5215196528084,3.6495672860076445,0.8455930925224078,0.2117863369490815,0.75,0.0,0.0,0.0,0.0,0.0,0.0,1.0675122388341192,1.0047634932561778,1.5154923479713034,1.906602936069246,6.245871200640661,8.025978056684835,7.313383439474779,9.167240299575496,1.0675122388341192,1.5154923479713034,/home/aaa/data/qj/stable-baselines3-master/risk_curriculum_metadrive/outputs/tuned_ablation_no_action_guard_nenv16_seed2_1m/runs/no_action_guard_ppo_s2/config.json,/home/aaa/data/qj/stable-baselines3-master/risk_curriculum_metadrive/outputs/tuned_ablation_no_action_guard_nenv16_seed2_1m/runs/no_action_guard_ppo_s2/model/final_model.zip
no_action_guard,no_guard_negative_control,no_action_guard,ppo,2,0.08,10000,10008,8,0.0,1.0,0.14223895254049138,0.0,0.0,0.0,1.0,71.0,35.63824069683453,-617.6355037314304,35.96273828358215,38.123784483952704,8.452495860926625,0.0,1.0,0.14223895254049138,69.67817949515224,,,0.0,0.0,0.0,0.0,0.0,0.0,0.0,0.0,1.69680709766165,0.9098619921132922,4.972777504008263,6.042287492891774,4.2593647876728165,7.871879999584053,5.9561718853344665,11.208812502445653,1.69680709766165,4.972777504008263,/home/aaa/data/qj/stable-baselines3-master/risk_curriculum_metadrive/outputs/tuned_ablation_no_action_guard_nenv16_seed2_1m/runs/no_action_guard_ppo_s2/config.json,/home/aaa/data/qj/stable-baselines3-master/risk_curriculum_metadrive/outputs/tuned_ablation_no_action_guard_nenv16_seed2_1m/runs/no_action_guard_ppo_s2/model/final_model.zip
no_action_guard,no_guard_negative_control,no_action_guard,ppo,2,0.08,10000,10009,9,0.0,1.0,0.2827732072232065,1.0,1.0,0.0,0.0,116.0,33.768860949695416,-1358.185809157365,41.068158936360334,46.33583676890803,13.265909646970965,0.0,0.0,0.2827732072232065,131.508288303245,3.6216279651559993,0.08314263037169872,0.3190041076485144,0.7547169811320755,0.0,0.0,0.0,0.0,0.0,0.0,1.3289021472105402,1.022639000439085,3.188534996297676,5.291102896444499,4.873317758430293,10.307036493031774,6.202219905640834,12.239470248459838,1.3289021472105402,3.188534996297676,/home/aaa/data/qj/stable-baselines3-master/risk_curriculum_metadrive/outputs/tuned_ablation_no_action_guard_nenv16_seed2_1m/runs/no_action_guard_ppo_s2/config.json,/home/aaa/data/qj/stable-baselines3-master/risk_curriculum_metadrive/outputs/tuned_ablation_no_action_guard_nenv16_seed2_1m/runs/no_action_guard_ppo_s2/model/final_model.zip
no_action_guard,no_guard_negative_control,no_action_guard,ppo,2,0.08,10000,10010,10,0.0,1.0,0.1620699287126983,0.0,0.0,0.0,1.0,87.0,41.163532143665826,-806.0167930847006,38.62086278894636,43.903912004104406,9.565252329770532,0.011494252873563218,1.0,0.1620699287126983,92.00753984258216,,,0.0,0.0,0.0,0.0,0.0,0.0,0.0,0.0,1.1901009880372955,1.0394200071459636,1.7701126955216753,4.912315793626476,4.195401563286385,6.506980498670601,5.385502551323681,8.832164306659257,1.1901009880372955,1.7701126955216753,/home/aaa/data/qj/stable-baselines3-master/risk_curriculum_metadrive/outputs/tuned_ablation_no_action_guard_nenv16_seed2_1m/runs/no_action_guard_ppo_s2/config.json,/home/aaa/data/qj/stable-baselines3-master/risk_curriculum_metadrive/outputs/tuned_ablation_no_action_guard_nenv16_seed2_1m/runs/no_action_guard_ppo_s2/model/final_model.zip
no_action_guard,no_guard_negative_control,no_action_guard,ppo,2,0.08,10000,10011,11,0.0,1.0,0.27689827327509037,1.0,1.0,0.0,0.0,121.0,71.47477289255978,-1892.2762949818703,49.07210277148829,62.24011034654572,14.029054034302769,0.0,0.0,0.27689827327509037,163.56804267265585,1.8871249821060387,0.050870348881305615,0.27162680833186253,1.0,0.0,0.0,0.0,0.0,0.0,0.0,1.22114832256632,1.0478509939275682,2.309748000698164,4.609088797587901,5.463907793755951,8.490787993650883,6.685056116322271,10.380214007454924,1.22114832256632,2.309748000698164,/home/aaa/data/qj/stable-baselines3-master/risk_curriculum_metadrive/outputs/tuned_ablation_no_action_guard_nenv16_seed2_1m/runs/no_action_guard_ppo_s2/config.json,/home/aaa/data/qj/stable-baselines3-master/risk_curriculum_metadrive/outputs/tuned_ablation_no_action_guard_nenv16_seed2_1m/runs/no_action_guard_ppo_s2/model/final_model.zip
no_action_guard,no_guard_negative_control,no_action_guard,ppo,2,0.08,10000,10012,12,0.0,1.0,0.175629377119483,0.0,0.0,0.0,1.0,79.0,38.59556510311303,-649.6489526000515,36.11032400512133,42.380818803100944,9.303907981150905,0.0,1.0,0.175629377119483,78.17239347011602,1.4275941329103254,1.2845258270983553,0.044609307456074575,1.0,0.0,0.0,0.0,0.0,0.0,0.0,1.1025808095457503,1.0342259920435026,1.6099194981507017,2.24622979236301,2.875711468801409,4.802806506631895,3.9782922783471597,6.337584192806389,1.1025808095457503,1.6099194981507017,/home/aaa/data/qj/stable-baselines3-master/risk_curriculum_metadrive/outputs/tuned_ablation_no_action_guard_nenv16_seed2_1m/runs/no_action_guard_ppo_s2/config.json,/home/aaa/data/qj/stable-baselines3-master/risk_curriculum_metadrive/outputs/tuned_ablation_no_action_guard_nenv16_seed2_1m/runs/no_action_guard_ppo_s2/model/final_model.zip
no_action_guard,no_guard_negative_control,no_action_guard,ppo,2,0.08,10000,10013,13,0.0,1.0,0.14809427178406123,0.0,0.0,0.0,1.0,88.0,39.120311885848636,-710.6300621911288,36.41543112385584,42.55669250365362,10.397768963659557,0.0,1.0,0.14809427178406123,88.08496822752949,,,0.0,0.0,0.0,0.0,0.0,0.0,0.0,0.0,1.8009285575482699,1.0034880033344962,1.9983365033112923,10.83117801754243,3.301837228718796,4.99582350530545,5.1027657862670655,6.628612151689594,1.8009285575482699,1.9983365033112923,/home/aaa/data/qj/stable-baselines3-master/risk_curriculum_metadrive/outputs/tuned_ablation_no_action_guard_nenv16_seed2_1m/runs/no_action_guard_ppo_s2/config.json,/home/aaa/data/qj/stable-baselines3-master/risk_curriculum_metadrive/outputs/tuned_ablation_no_action_guard_nenv16_seed2_1m/runs/no_action_guard_ppo_s2/model/final_model.zip
no_action_guard,no_guard_negative_control,no_action_guard,ppo,2,0.08,10000,10014,14,0.0,1.0,0.09122425435313535,0.0,0.0,0.0,1.0,72.0,42.16619760962186,-611.9133637943787,35.73272727490301,38.55253348889657,8.556981446348107,0.0,1.0,0.09122425435313535,70.25916126665108,11.546614657130819,4.955647917312237,0.008675672638999288,0.2,0.0,0.0,0.0,0.0,0.0,0.0,1.1003174994483642,1.0481329954927787,1.6511050969711505,2.1014781339908977,6.042407693409284,9.639537496695997,7.142725192857648,10.924949247419137,1.1003174994483642,1.6511050969711505,/home/aaa/data/qj/stable-baselines3-master/risk_curriculum_metadrive/outputs/tuned_ablation_no_action_guard_nenv16_seed2_1m/runs/no_action_guard_ppo_s2/config.json,/home/aaa/data/qj/stable-baselines3-master/risk_curriculum_metadrive/outputs/tuned_ablation_no_action_guard_nenv16_seed2_1m/runs/no_action_guard_ppo_s2/model/final_model.zip
no_action_guard,no_guard_negative_control,no_action_guard,ppo,2,0.08,10000,10015,15,0.0,1.0,0.23654808232837676,0.0,0.0,0.0,1.0,123.0,77.91586548936036,-1842.6962168745426,49.3254669489251,59.13621880937968,14.198107086745164,0.0,0.0,0.23654808232837676,167.23603683455994,3.8688382326319584,1.1320327934389962,0.07161592342532828,0.8461538461538461,0.0,0.0,0.0,0.0,0.0,0.0,1.2283370490810583,1.0453230061102659,1.9835195926134455,4.742610641696957,4.040042470929561,4.493492089386561,5.26837952001062,6.947609318012836,1.2283370490810583,1.9835195926134455,/home/aaa/data/qj/stable-baselines3-master/risk_curriculum_metadrive/outputs/tuned_ablation_no_action_guard_nenv16_seed2_1m/runs/no_action_guard_ppo_s2/config.json,/home/aaa/data/qj/stable-baselines3-master/risk_curriculum_metadrive/outputs/tuned_ablation_no_action_guard_nenv16_seed2_1m/runs/no_action_guard_ppo_s2/model/final_model.zip
no_action_guard,no_guard_negative_control,no_action_guard,ppo,2,0.08,10000,10016,16,0.0,1.0,0.2912028207575836,0.0,0.0,0.0,1.0,127.0,83.91684816526188,-1287.4789240422683,43.63817581156683,52.20809571185089,13.401473415089141,0.007874015748031496,0.0,0.2912028207575836,152.82579164401278,,,0.0,0.0,0.0,0.0,0.0,0.0,0.0,0.0,1.164747724276564,0.917508004931733,2.5871971913147602,5.388664823258294,3.3200239443209196,6.408636090054642,4.484771668597483,8.88975760462926,1.164747724276564,2.5871971913147602,/home/aaa/data/qj/stable-baselines3-master/risk_curriculum_metadrive/outputs/tuned_ablation_no_action_guard_nenv16_seed2_1m/runs/no_action_guard_ppo_s2/config.json,/home/aaa/data/qj/stable-baselines3-master/risk_curriculum_metadrive/outputs/tuned_ablation_no_action_guard_nenv16_seed2_1m/runs/no_action_guard_ppo_s2/model/final_model.zip
no_action_guard,no_guard_negative_control,no_action_guard,ppo,2,0.08,10000,10017,17,0.0,1.0,0.11041797987111708,1.0,1.0,0.0,0.0,80.0,47.28908000428629,-820.0240354909212,37.08098732959066,42.0775957298181,9.432461370612653,0.0,1.0,0.11041797987111708,81.45780274204184,13.126870203751684,0.7792752784611606,0.36887209602094917,0.5094339622641509,0.0,0.0,0.0,0.0,0.0,0.0,0.9869753497696365,0.9397944959346205,1.2932919511513317,1.7104238928004598,5.3269714489943,6.261912148329429,6.313946798763936,7.366036788880592,0.9869753497696365,1.2932919511513317,/home/aaa/data/qj/stable-baselines3-master/risk_curriculum_metadrive/outputs/tuned_ablation_no_action_guard_nenv16_seed2_1m/runs/no_action_guard_ppo_s2/config.json,/home/aaa/data/qj/stable-baselines3-master/risk_curriculum_metadrive/outputs/tuned_ablation_no_action_guard_nenv16_seed2_1m/runs/no_action_guard_ppo_s2/model/final_model.zip
no_action_guard,no_guard_negative_control,no_action_guard,ppo,2,0.08,10000,10018,18,0.0,1.0,0.37242832128210507,0.0,0.0,0.0,1.0,141.0,82.03111430673133,-1512.4958568903223,42.821454336451055,47.83670715795076,16.15283574920102,0.0,0.0,0.37242832128210507,166.71804793658265,4.603372905067711,1.3151238231622662,0.25792021193912834,0.6271186440677966,0.0,0.0,0.0,0.0,0.0,0.0,0.8564466663804697,0.784258998464793,1.4246909995563328,1.859227195382118,2.905195049593945,3.76300499192439,3.761641715974415,4.958548001013696,0.8564466663804697,1.4246909995563328,/home/aaa/data/qj/stable-baselines3-master/risk_curriculum_metadrive/outputs/tuned_ablation_no_action_guard_nenv16_seed2_1m/runs/no_action_guard_ppo_s2/config.json,/home/aaa/data/qj/stable-baselines3-master/risk_curriculum_metadrive/outputs/tuned_ablation_no_action_guard_nenv16_seed2_1m/runs/no_action_guard_ppo_s2/model/final_model.zip
no_action_guard,no_guard_negative_control,no_action_guard,ppo,2,0.08,10000,10019,19,0.0,1.0,0.11447551865453795,0.0,0.0,0.0,1.0,110.0,40.49957882332861,-1087.572328014612,41.17361084084998,49.40150765055043,13.080245649936378,0.0,1.0,0.11447551865453795,124.79844022530379,,,0.0,0.0,0.0,0.0,0.0,0.0,0.0,0.0,0.8266575184693052,0.7873085050960071,1.1471459954918828,1.4179096686711996,3.418993791538841,4.095921501721023,4.245651310008146,5.094881460536271,0.8266575184693052,1.1471459954918828,/home/aaa/data/qj/stable-baselines3-master/risk_curriculum_metadrive/outputs/tuned_ablation_no_action_guard_nenv16_seed2_1m/runs/no_action_guard_ppo_s2/config.json,/home/aaa/data/qj/stable-baselines3-master/risk_curriculum_metadrive/outputs/tuned_ablation_no_action_guard_nenv16_seed2_1m/runs/no_action_guard_ppo_s2/model/final_model.zip
no_action_guard,no_guard_negative_control,no_action_guard,ppo,2,0.08,20000,20000,0,0.0,1.0,0.27061274271135577,1.0,1.0,0.0,0.0,86.0,51.656057659912015,-885.0282054430837,38.85137869688091,44.887076819903406,10.024353838476053,0.0,0.0,0.27061274271135577,92.12471826295874,2.332520550969362,0.5313985665453584,0.26229595404346695,1.0,0.0,0.0,0.0,0.0,0.0,0.0,1.0924633023150394,0.9902759993565269,1.4056997606530786,3.504104251624085,2.461902186549323,4.585734001011588,3.5543654888643625,5.7367802401131485,1.0924633023150394,1.4056997606530786,/home/aaa/data/qj/stable-baselines3-master/risk_curriculum_metadrive/outputs/tuned_ablation_no_action_guard_nenv16_seed2_1m/runs/no_action_guard_ppo_s2/config.json,/home/aaa/data/qj/stable-baselines3-master/risk_curriculum_metadrive/outputs/tuned_ablation_no_action_guard_nenv16_seed2_1m/runs/no_action_guard_ppo_s2/model/final_model.zip
no_action_guard,no_guard_negative_control,no_action_guard,ppo,2,0.08,20000,20001,1,0.0,1.0,0.15466087529392222,1.0,1.0,0.0,0.0,78.0,35.03699056323917,-734.7223663779598,36.0448845728767,39.71764253705719,8.760474877925997,0.01282051282051282,1.0,0.15466087529392222,77.24396085753568,16.570647677495856,0.7240474851207724,0.2625095884032494,0.5135135135135135,0.0,0.0,0.0,0.0,0.0,0.0,1.0258026011750843,0.9891419977066107,1.3635823583172166,1.5266323137620934,2.959397616229044,3.7580650445306656,3.9852002174041283,4.976273636566475,1.0258026011750843,1.3635823583172166,/home/aaa/data/qj/stable-baselines3-master/risk_curriculum_metadrive/outputs/tuned_ablation_no_action_guard_nenv16_seed2_1m/runs/no_action_guard_ppo_s2/config.json,/home/aaa/data/qj/stable-baselines3-master/risk_curriculum_metadrive/outputs/tuned_ablation_no_action_guard_nenv16_seed2_1m/runs/no_action_guard_ppo_s2/model/final_model.zip
no_action_guard,no_guard_negative_control,no_action_guard,ppo,2,0.08,20000,20002,2,0.0,1.0,0.2755654501614501,0.0,0.0,0.0,1.0,105.0,85.23751311019369,-1344.5432304752758,46.17989215688169,53.310480060645475,12.609938121907732,0.0,0.0,0.2755654501614501,133.23771542078055,,,0.0,0.0,0.0,0.0,0.0,0.0,0.0,0.0,1.0329132675126727,1.003707991912961,1.3937718002125619,1.631525435950607,3.3507734951507744,4.587589405127801,4.383686762663447,5.664872194756754,1.0329132675126727,1.3937718002125619,/home/aaa/data/qj/stable-baselines3-master/risk_curriculum_metadrive/outputs/tuned_ablation_no_action_guard_nenv16_seed2_1m/runs/no_action_guard_ppo_s2/config.json,/home/aaa/data/qj/stable-baselines3-master/risk_curriculum_metadrive/outputs/tuned_ablation_no_action_guard_nenv16_seed2_1m/runs/no_action_guard_ppo_s2/model/final_model.zip
no_action_guard,no_guard_negative_control,no_action_guard,ppo,2,0.08,20000,20003,3,0.0,1.0,0.16894546823061232,0.0,0.0,0.0,1.0,97.0,59.416746417268826,-1233.1884952130306,42.612331292124516,48.95043616462359,10.770112674180035,0.0,1.0,0.16894546823061232,113.43765400254989,4.938459039358436,1.5539194389480853,0.2608644856594392,0.5348837209302325,0.0,0.0,0.0,0.0,0.0,0.0,1.044699659969504,0.963881000643596,1.5115265996428202,2.404882244300096,4.33372990732302,5.775788996834304,5.378429567292525,6.799934810260311,1.044699659969504,1.5115265996428202,/home/aaa/data/qj/stable-baselines3-master/risk_curriculum_metadrive/outputs/tuned_ablation_no_action_guard_nenv16_seed2_1m/runs/no_action_guard_ppo_s2/config.json,/home/aaa/data/qj/stable-baselines3-master/risk_curriculum_metadrive/outputs/tuned_ablation_no_action_guard_nenv16_seed2_1m/runs/no_action_guard_ppo_s2/model/final_model.zip
no_action_guard,no_guard_negative_control,no_action_guard,ppo,2,0.08,20000,20004,4,0.0,1.0,0.20213766539477387,1.0,1.0,0.0,0.0,88.0,60.04354840387046,-1030.5684875862444,40.94611918887479,44.9402796328213,9.896346138732566,0.0,0.0,0.20213766539477387,98.63408959659641,5.14503058879462,0.4642781037754872,0.23834170305002988,0.6388888888888888,0.0,0.0,0.0,0.0,0.0,0.0,1.0217602727855344,0.9537819933029823,1.547359293908812,1.6398763796314597,2.8238967158606765,3.6926601453160384,3.8456569886462106,4.7313518523878875,1.0217602727855344,1.547359293908812,/home/aaa/data/qj/stable-baselines3-master/risk_curriculum_metadrive/outputs/tuned_ablation_no_action_guard_nenv16_seed2_1m/runs/no_action_guard_ppo_s2/config.json,/home/aaa/data/qj/stable-baselines3-master/risk_curriculum_metadrive/outputs/tuned_ablation_no_action_guard_nenv16_seed2_1m/runs/no_action_guard_ppo_s2/model/final_model.zip
no_action_guard,no_guard_negative_control,no_action_guard,ppo,2,0.08,20000,20005,5,0.0,1.0,0.4139653657959128,0.0,0.0,0.0,1.0,241.0,111.04159544054401,-1891.672857123532,38.65439276829381,38.36278009687551,24.920486686329173,0.004149377593360996,0.0,0.4139653657959128,258.1195261380102,5.634494995845876,0.08250216718061916,0.2120187247729665,0.7468354430379747,0.0,0.0,0.0,0.0,0.0,0.0,1.13284520383903,0.9833989897742867,1.988007003092207,3.2874971977435052,5.4689399626698245,7.875246999901719,6.601785166508854,8.947712020017207,1.13284520383903,1.988007003092207,/home/aaa/data/qj/stable-baselines3-master/risk_curriculum_metadrive/outputs/tuned_ablation_no_action_guard_nenv16_seed2_1m/runs/no_action_guard_ppo_s2/config.json,/home/aaa/data/qj/stable-baselines3-master/risk_curriculum_metadrive/outputs/tuned_ablation_no_action_guard_nenv16_seed2_1m/runs/no_action_guard_ppo_s2/model/final_model.zip
no_action_guard,no_guard_negative_control,no_action_guard,ppo,2,0.08,20000,20006,6,0.0,1.0,0.1162965841869253,0.0,0.0,0.0,1.0,72.0,37.11095198755988,-542.6283704614444,33.51573857197985,35.497755466888975,7.947869048212945,0.013888888888888888,1.0,0.1162965841869253,65.89541515710886,,,0.0,0.0,0.0,0.0,0.0,0.0,0.0,0.0,2.0769052920918005,1.1315295050735585,5.5672964568657335,6.45166389251245,4.712167666891926,7.83591015278944,6.789072958983727,11.350376718473854,2.0769052920918005,5.5672964568657335,/home/aaa/data/qj/stable-baselines3-master/risk_curriculum_metadrive/outputs/tuned_ablation_no_action_guard_nenv16_seed2_1m/runs/no_action_guard_ppo_s2/config.json,/home/aaa/data/qj/stable-baselines3-master/risk_curriculum_metadrive/outputs/tuned_ablation_no_action_guard_nenv16_seed2_1m/runs/no_action_guard_ppo_s2/model/final_model.zip
no_action_guard,no_guard_negative_control,no_action_guard,ppo,2,0.08,20000,20007,7,0.0,1.0,0.14330476922988755,0.0,0.0,0.0,1.0,65.0,23.654429287578232,-692.0025753858239,34.42488206187026,35.81199039975967,7.987823268138166,0.0,1.0,0.14330476922988755,60.9118535206906,12.403844998325056,1.0711087602856855,0.3703548546218721,0.6341463414634146,0.0,0.0,0.0,0.0,0.0,0.0,1.3647767374865138,1.076115993782878,3.1885706033790475,4.881388802896253,3.798834292459875,6.248129205778241,5.163611029946389,8.021645201370118,1.3647767374865138,3.1885706033790475,/home/aaa/data/qj/stable-baselines3-master/risk_curriculum_metadrive/outputs/tuned_ablation_no_action_guard_nenv16_seed2_1m/runs/no_action_guard_ppo_s2/config.json,/home/aaa/data/qj/stable-baselines3-master/risk_curriculum_metadrive/outputs/tuned_ablation_no_action_guard_nenv16_seed2_1m/runs/no_action_guard_ppo_s2/model/final_model.zip
no_action_guard,no_guard_negative_control,no_action_guard,ppo,2,0.08,20000,20008,8,0.0,1.0,0.15411402580476666,1.0,1.0,0.0,0.0,95.0,42.06180529419361,-957.5923126434991,37.96976164977126,43.190122725857044,10.800864184240613,0.0,1.0,0.15411402580476666,99.2180400642143,9.925969113321363,0.28476787048854857,0.37545121353961214,0.7037037037037037,0.0,0.0,0.0,0.0,0.0,0.0,1.372168809910746,0.9566410008119419,3.7322476986446413,5.289878242183482,6.674729420889267,13.96894589997828,8.046898230800013,15.241135198448317,1.372168809910746,3.7322476986446413,/home/aaa/data/qj/stable-baselines3-master/risk_curriculum_metadrive/outputs/tuned_ablation_no_action_guard_nenv16_seed2_1m/runs/no_action_guard_ppo_s2/config.json,/home/aaa/data/qj/stable-baselines3-master/risk_curriculum_metadrive/outputs/tuned_ablation_no_action_guard_nenv16_seed2_1m/runs/no_action_guard_ppo_s2/model/final_model.zip
no_action_guard,no_guard_negative_control,no_action_guard,ppo,2,0.08,20000,20009,9,0.0,1.0,0.3677442117541408,0.0,0.0,0.0,1.0,133.0,78.3437601968625,-1464.2030097378374,44.904596012967,50.593364924032755,14.548321705611466,0.0,0.0,0.3677442117541408,164.84429508274172,2.439216883327233,2.0283720003352306,0.03594279367170213,1.0,0.0,0.0,0.0,0.0,0.0,0.0,2.1319944736253666,1.079223002307117,5.354339603218249,5.967582356533967,7.674861089694069,12.13233879825566,9.806855563319436,13.467707595555112,2.1319944736253666,5.354339603218249,/home/aaa/data/qj/stable-baselines3-master/risk_curriculum_metadrive/outputs/tuned_ablation_no_action_guard_nenv16_seed2_1m/runs/no_action_guard_ppo_s2/config.json,/home/aaa/data/qj/stable-baselines3-master/risk_curriculum_metadrive/outputs/tuned_ablation_no_action_guard_nenv16_seed2_1m/runs/no_action_guard_ppo_s2/model/final_model.zip
no_action_guard,no_guard_negative_control,no_action_guard,ppo,2,0.08,20000,20010,10,0.0,1.0,0.5800472083500829,1.0,1.0,0.0,0.0,178.0,150.1306245816798,-3027.2100140847106,53.59173828242693,55.591442004168364,19.229740681268787,0.0,0.0,0.5800472083500829,264.0049910451043,2.8176197252622392,0.4382794692839393,0.07308074188695783,0.8823529411764706,0.0,0.0,0.0,0.0,0.0,0.0,1.7271327305934392,1.0403579944977537,5.060343997320161,6.05045298929326,3.699756202008706,8.014343203103637,5.426888932602145,10.444100350287046,1.7271327305934392,5.060343997320161,/home/aaa/data/qj/stable-baselines3-master/risk_curriculum_metadrive/outputs/tuned_ablation_no_action_guard_nenv16_seed2_1m/runs/no_action_guard_ppo_s2/config.json,/home/aaa/data/qj/stable-baselines3-master/risk_curriculum_metadrive/outputs/tuned_ablation_no_action_guard_nenv16_seed2_1m/runs/no_action_guard_ppo_s2/model/final_model.zip
no_action_guard,no_guard_negative_control,no_action_guard,ppo,2,0.08,20000,20011,11,0.0,1.0,0.1829467211449931,1.0,1.0,0.0,0.0,91.0,51.711508151805624,-946.3970155602372,38.641488777389185,45.645611528841364,10.39928027662722,0.0,1.0,0.1829467211449931,96.50928920339182,12.499354982379586,0.22892636912177491,0.3546946174371949,0.5344827586206896,0.0,0.0,0.0,0.0,0.0,0.0,1.5989917480440523,1.0197759984293953,4.675192496506497,5.942746212531346,8.892984319303011,16.05551049578935,10.491976067347062,19.646912500320468,1.5989917480440523,4.675192496506497,/home/aaa/data/qj/stable-baselines3-master/risk_curriculum_metadrive/outputs/tuned_ablation_no_action_guard_nenv16_seed2_1m/runs/no_action_guard_ppo_s2/config.json,/home/aaa/data/qj/stable-baselines3-master/risk_curriculum_metadrive/outputs/tuned_ablation_no_action_guard_nenv16_seed2_1m/runs/no_action_guard_ppo_s2/model/final_model.zip
no_action_guard,no_guard_negative_control,no_action_guard,ppo,2,0.08,20000,20012,12,0.0,1.0,0.13054748509973346,0.0,0.0,0.0,1.0,76.0,38.13370876839089,-625.2390918951559,35.91336864851687,40.11241569285699,8.870071149548817,0.0,1.0,0.13054748509973346,74.65719423122898,,,0.0,0.0,0.0,0.0,0.0,0.0,0.0,0.0,1.942418934241256,0.8660230014356785,5.51834200086887,6.2974234933790285,3.8824597236510416,6.85019700176781,5.824878657892297,8.97882049321197,1.942418934241256,5.51834200086887,/home/aaa/data/qj/stable-baselines3-master/risk_curriculum_metadrive/outputs/tuned_ablation_no_action_guard_nenv16_seed2_1m/runs/no_action_guard_ppo_s2/config.json,/home/aaa/data/qj/stable-baselines3-master/risk_curriculum_metadrive/outputs/tuned_ablation_no_action_guard_nenv16_seed2_1m/runs/no_action_guard_ppo_s2/model/final_model.zip
no_action_guard,no_guard_negative_control,no_action_guard,ppo,2,0.08,20000,20013,13,0.0,1.0,0.11815745678532567,0.0,0.0,0.0,1.0,87.0,45.711005596490025,-691.691070869987,36.67008161522846,43.52015699529015,9.488731231099685,0.011494252873563218,1.0,0.11815745678532567,87.57141302441188,,,0.0,0.0,0.0,0.0,0.0,0.0,0.0,0.0,1.3489121263084034,0.9412470099050552,4.427759205282201,5.085505205497611,4.664954447372142,9.7964684930048,6.013866573680546,11.636036004347261,1.3489121263084034,4.427759205282201,/home/aaa/data/qj/stable-baselines3-master/risk_curriculum_metadrive/outputs/tuned_ablation_no_action_guard_nenv16_seed2_1m/runs/no_action_guard_ppo_s2/config.json,/home/aaa/data/qj/stable-baselines3-master/risk_curriculum_metadrive/outputs/tuned_ablation_no_action_guard_nenv16_seed2_1m/runs/no_action_guard_ppo_s2/model/final_model.zip
no_action_guard,no_guard_negative_control,no_action_guard,ppo,2,0.08,20000,20014,14,0.0,1.0,0.2878546597259967,0.0,0.0,0.0,1.0,127.0,92.57210476387638,-1392.2773748318236,44.02698881473879,52.012175541175125,13.437054769705638,0.007874015748031496,0.0,0.2878546597259967,154.2021614790706,5.567352667380246,2.532793939186232,0.09708063559727972,0.21739130434782608,0.0,0.0,0.0,0.0,0.0,0.0,1.395309330986292,0.961425990681164,4.603029598365538,5.335081805533262,4.704082905595359,9.598085093603004,6.099392236581652,12.049274600576602,1.395309330986292,4.603029598365538,/home/aaa/data/qj/stable-baselines3-master/risk_curriculum_metadrive/outputs/tuned_ablation_no_action_guard_nenv16_seed2_1m/runs/no_action_guard_ppo_s2/config.json,/home/aaa/data/qj/stable-baselines3-master/risk_curriculum_metadrive/outputs/tuned_ablation_no_action_guard_nenv16_seed2_1m/runs/no_action_guard_ppo_s2/model/final_model.zip
no_action_guard,no_guard_negative_control,no_action_guard,ppo,2,0.08,20000,20015,15,0.0,1.0,0.12877067637970446,0.0,0.0,0.0,1.0,79.0,42.10998518661991,-741.521345880934,37.85719382848062,43.0229389606686,9.451283749305965,0.0,1.0,0.12877067637970446,81.85349928114994,1.3215789065959653,1.1289825690985837,0.05632078635761622,1.0,0.0,0.0,0.0,0.0,0.0,0.0,1.890073583241776,1.017911999952048,5.368879598972851,5.877465336525347,3.888187570242459,7.318246905924752,5.778261153484235,10.550915903877465,1.890073583241776,5.368879598972851,/home/aaa/data/qj/stable-baselines3-master/risk_curriculum_metadrive/outputs/tuned_ablation_no_action_guard_nenv16_seed2_1m/runs/no_action_guard_ppo_s2/config.json,/home/aaa/data/qj/stable-baselines3-master/risk_curriculum_metadrive/outputs/tuned_ablation_no_action_guard_nenv16_seed2_1m/runs/no_action_guard_ppo_s2/model/final_model.zip
no_action_guard,no_guard_negative_control,no_action_guard,ppo,2,0.08,20000,20016,16,0.0,1.0,0.280548567819963,0.0,0.0,0.0,1.0,179.0,79.11111114628604,-1525.8702273810977,41.09623422117868,43.91810380091218,19.92566028834782,0.0,0.0,0.280548567819963,203.45064531353052,10.88294261915271,0.5098139753816952,0.08975532209330506,0.2826086956521739,0.0,0.0,0.0,0.0,0.0,0.0,0.9734985253099852,0.9239229984814301,1.2936578015796838,1.6763900031219237,4.606976859546631,5.0399158004438505,5.580475384856616,6.198653907631524,0.9734985253099852,1.2936578015796838,/home/aaa/data/qj/stable-baselines3-master/risk_curriculum_metadrive/outputs/tuned_ablation_no_action_guard_nenv16_seed2_1m/runs/no_action_guard_ppo_s2/config.json,/home/aaa/data/qj/stable-baselines3-master/risk_curriculum_metadrive/outputs/tuned_ablation_no_action_guard_nenv16_seed2_1m/runs/no_action_guard_ppo_s2/model/final_model.zip
no_action_guard,no_guard_negative_control,no_action_guard,ppo,2,0.08,20000,20017,17,0.0,1.0,0.1126847760997313,0.0,0.0,0.0,1.0,69.0,41.716059177814984,-544.1822984107723,34.311050773758524,36.23319017536356,8.193550853608421,0.0,1.0,0.1126847760997313,64.57156259055938,,,0.0,0.0,0.0,0.0,0.0,0.0,0.0,0.0,1.4982982175897106,1.0427939996588975,3.6219105968484593,9.381291877361884,4.417850014431389,10.94762419816106,5.916148232021099,12.918989796889944,1.4982982175897106,3.6219105968484593,/home/aaa/data/qj/stable-baselines3-master/risk_curriculum_metadrive/outputs/tuned_ablation_no_action_guard_nenv16_seed2_1m/runs/no_action_guard_ppo_s2/config.json,/home/aaa/data/qj/stable-baselines3-master/risk_curriculum_metadrive/outputs/tuned_ablation_no_action_guard_nenv16_seed2_1m/runs/no_action_guard_ppo_s2/model/final_model.zip
no_action_guard,no_guard_negative_control,no_action_guard,ppo,2,0.08,20000,20018,18,0.0,1.0,0.12892899470033095,0.0,0.0,0.0,1.0,127.0,38.812341678835516,-890.5749497840177,34.881424532654115,35.44948088719067,14.027253175400952,0.0,1.0,0.12892899470033095,122.35855423679985,2.5241209403212466,2.4131429145876453,0.0248710736474508,1.0,0.0,0.0,0.0,0.0,0.0,0.0,1.1290537170959476,0.988263011095114,1.566240801184903,5.119304559484589,5.550635685020413,14.996143002645113,6.6796894021163595,16.95290650095557,1.1290537170959476,1.566240801184903,/home/aaa/data/qj/stable-baselines3-master/risk_curriculum_metadrive/outputs/tuned_ablation_no_action_guard_nenv16_seed2_1m/runs/no_action_guard_ppo_s2/config.json,/home/aaa/data/qj/stable-baselines3-master/risk_curriculum_metadrive/outputs/tuned_ablation_no_action_guard_nenv16_seed2_1m/runs/no_action_guard_ppo_s2/model/final_model.zip
no_action_guard,no_guard_negative_control,no_action_guard,ppo,2,0.08,20000,20019,19,0.0,1.0,0.16525638173119586,1.0,1.0,0.0,0.0,91.0,29.074309605591736,-903.0694891133444,38.98991979531818,45.19592372723593,10.020507960388615,0.01098901098901099,1.0,0.16525638173119586,97.67844099987158,19.6738774652664,0.7138721132567097,0.17508728411806126,0.4666666666666667,0.0,0.0,0.0,0.0,0.0,0.0,1.1689265605297636,0.9455459949094802,1.8728585055214353,5.471539008431135,4.447157483370105,8.848920500895474,5.6160840438998685,10.527576501772273,1.1689265605297636,1.8728585055214353,/home/aaa/data/qj/stable-baselines3-master/risk_curriculum_metadrive/outputs/tuned_ablation_no_action_guard_nenv16_seed2_1m/runs/no_action_guard_ppo_s2/config.json,/home/aaa/data/qj/stable-baselines3-master/risk_curriculum_metadrive/outputs/tuned_ablation_no_action_guard_nenv16_seed2_1m/runs/no_action_guard_ppo_s2/model/final_model.zip
no_action_guard,no_guard_negative_control,no_action_guard,ppo,2,0.2,10000,10000,0,0.0,1.0,0.29438911851370664,0.0,0.0,0.0,1.0,157.0,55.194882101207924,-1538.4953030992097,37.587484601176705,39.33515839261932,17.77540014899565,0.0,0.0,0.29438911851370664,163.08127939667236,9.090935588375425,0.2218691372403048,0.39915388597458085,0.6296296296296297,0.0,0.0,0.0,0.0,0.0,0.0,1.0131578852613843,0.9488659998169169,1.4273598033469168,2.7034233958693212,12.965617859721254,18.437130990787406,13.97877574498264,19.378616602625694,1.0131578852613843,1.4273598033469168,/home/aaa/data/qj/stable-baselines3-master/risk_curriculum_metadrive/outputs/tuned_ablation_no_action_guard_nenv16_seed2_1m/runs/no_action_guard_ppo_s2/config.json,/home/aaa/data/qj/stable-baselines3-master/risk_curriculum_metadrive/outputs/tuned_ablation_no_action_guard_nenv16_seed2_1m/runs/no_action_guard_ppo_s2/model/final_model.zip
no_action_guard,no_guard_negative_control,no_action_guard,ppo,2,0.2,10000,10001,1,0.0,1.0,0.2467887558425372,1.0,1.0,0.0,0.0,117.0,53.361344335478385,-1248.934289926153,39.918372947328564,44.38834353111972,13.30397804961704,0.0,0.0,0.2467887558425372,128.88620703305185,10.78403827286386,0.5920798323773607,0.299622555851898,0.6779661016949152,0.0,0.0,0.0,0.0,0.0,0.0,0.9693642055842643,0.916607998078689,1.3876734068617222,1.4696562371682378,7.643652574032839,8.353837803588249,8.613016779617103,9.548705600900572,0.9693642055842643,1.3876734068617222,/home/aaa/data/qj/stable-baselines3-master/risk_curriculum_metadrive/outputs/tuned_ablation_no_action_guard_nenv16_seed2_1m/runs/no_action_guard_ppo_s2/config.json,/home/aaa/data/qj/stable-baselines3-master/risk_curriculum_metadrive/outputs/tuned_ablation_no_action_guard_nenv16_seed2_1m/runs/no_action_guard_ppo_s2/model/final_model.zip
no_action_guard,no_guard_negative_control,no_action_guard,ppo,2,0.2,10000,10002,2,0.0,1.0,0.11930620076110747,1.0,1.0,0.0,0.0,69.0,43.90773721260456,-679.0027700537476,33.0464913846938,36.20432532938638,8.266423373730136,0.0,1.0,0.11930620076110747,62.287735863791305,10.093622163696631,0.5105540359073629,0.5543884542395411,0.5797101449275363,0.0,0.0,0.0,0.0,0.0,0.0,1.8138748553979709,1.020711992168799,4.376340802991762,6.052103237016103,19.224824072992213,26.091760594863445,21.038698928390183,28.743837197544053,1.8138748553979709,4.376340802991762,/home/aaa/data/qj/stable-baselines3-master/risk_curriculum_metadrive/outputs/tuned_ablation_no_action_guard_nenv16_seed2_1m/runs/no_action_guard_ppo_s2/config.json,/home/aaa/data/qj/stable-baselines3-master/risk_curriculum_metadrive/outputs/tuned_ablation_no_action_guard_nenv16_seed2_1m/runs/no_action_guard_ppo_s2/model/final_model.zip
no_action_guard,no_guard_negative_control,no_action_guard,ppo,2,0.2,10000,10003,3,0.0,1.0,0.3314365005880588,1.0,1.0,0.0,0.0,127.0,77.41104411665809,-1536.4168899764493,43.81718426466459,51.5891951197336,14.9082649825586,0.0,0.0,0.3314365005880588,153.79705949403055,6.827971945800163,0.19040402271097973,0.3809894311464833,0.6538461538461539,0.0,0.0,0.0,0.0,0.0,0.0,1.916307803242482,1.0676629899535328,5.162807405577039,7.537251843896225,9.403460102103555,13.669531694904434,11.319767905346037,15.242160600610076,1.916307803242482,5.162807405577039,/home/aaa/data/qj/stable-baselines3-master/risk_curriculum_metadrive/outputs/tuned_ablation_no_action_guard_nenv16_seed2_1m/runs/no_action_guard_ppo_s2/config.json,/home/aaa/data/qj/stable-baselines3-master/risk_curriculum_metadrive/outputs/tuned_ablation_no_action_guard_nenv16_seed2_1m/runs/no_action_guard_ppo_s2/model/final_model.zip
no_action_guard,no_guard_negative_control,no_action_guard,ppo,2,0.2,10000,10004,4,0.0,1.0,0.1610470715178194,0.0,0.0,0.0,1.0,79.0,47.17501959322424,-918.1049604416373,40.00484664707503,43.42692960357152,9.71133535408503,0.0,1.0,0.1610470715178194,86.43774041962973,4.052808858676931,1.9510278209781196,0.20957782545683198,0.6,0.0,0.0,0.0,0.0,0.0,0.0,1.4873236330090491,0.9823430009419098,4.872248000174295,5.152845784905367,12.563527898444452,19.111361194518395,14.050851531453501,21.04942261503311,1.4873236330090491,4.872248000174295,/home/aaa/data/qj/stable-baselines3-master/risk_curriculum_metadrive/outputs/tuned_ablation_no_action_guard_nenv16_seed2_1m/runs/no_action_guard_ppo_s2/config.json,/home/aaa/data/qj/stable-baselines3-master/risk_curriculum_metadrive/outputs/tuned_ablation_no_action_guard_nenv16_seed2_1m/runs/no_action_guard_ppo_s2/model/final_model.zip
no_action_guard,no_guard_negative_control,no_action_guard,ppo,2,0.2,10000,10005,5,0.0,1.0,0.18300247108620055,1.0,1.0,0.0,0.0,89.0,45.13161489790352,-722.103413989782,36.07374078059307,43.74693421654342,10.72933224840029,0.0,1.0,0.18300247108620055,88.28941976469993,7.184096480676429,0.9032403543000821,0.16200866456203647,0.5,0.0,0.0,0.0,0.0,0.0,0.0,1.3266265730104105,0.961575991823338,4.661250399658455,5.193369364133107,10.912630482697127,21.48799460264854,12.239257055707537,24.172405997524034,1.3266265730104105,4.661250399658455,/home/aaa/data/qj/stable-baselines3-master/risk_curriculum_metadrive/outputs/tuned_ablation_no_action_guard_nenv16_seed2_1m/runs/no_action_guard_ppo_s2/config.json,/home/aaa/data/qj/stable-baselines3-master/risk_curriculum_metadrive/outputs/tuned_ablation_no_action_guard_nenv16_seed2_1m/runs/no_action_guard_ppo_s2/model/final_model.zip
no_action_guard,no_guard_negative_control,no_action_guard,ppo,2,0.2,10000,10006,6,0.0,1.0,0.14004340504279547,0.0,0.0,0.0,1.0,84.0,50.459658021398,-670.2666576190122,37.31522535640896,45.34494138411151,10.289450717475507,0.0,1.0,0.14004340504279547,85.91651417347535,,,0.0,0.0,0.0,0.0,0.0,0.0,0.0,0.0,1.0148023568382043,0.9806874950299971,1.3036026568443049,1.4977875917975325,6.2010923817676185,7.452767506038072,7.215894738605822,8.625282754655927,1.0148023568382043,1.3036026568443049,/home/aaa/data/qj/stable-baselines3-master/risk_curriculum_metadrive/outputs/tuned_ablation_no_action_guard_nenv16_seed2_1m/runs/no_action_guard_ppo_s2/config.json,/home/aaa/data/qj/stable-baselines3-master/risk_curriculum_metadrive/outputs/tuned_ablation_no_action_guard_nenv16_seed2_1m/runs/no_action_guard_ppo_s2/model/final_model.zip
no_action_guard,no_guard_negative_control,no_action_guard,ppo,2,0.2,10000,10007,7,0.0,1.0,0.17517531867515146,1.0,1.0,0.0,0.0,129.0,78.26682716647963,-1449.6295239183328,40.85383969791345,49.11762609471183,13.821175008088424,0.007751937984496124,1.0,0.17517531867515146,145.21659836255282,6.061299009282988,0.27228794089854985,0.46674502609365015,0.6666666666666666,0.0,0.0,0.0,0.0,0.0,0.0,1.0089632009775125,0.947456996073015,1.2989199924049897,1.8850192800164218,13.506793425835365,19.735567996394813,14.515756626812879,21.180656598880883,1.0089632009775125,1.2989199924049897,/home/aaa/data/qj/stable-baselines3-master/risk_curriculum_metadrive/outputs/tuned_ablation_no_action_guard_nenv16_seed2_1m/runs/no_action_guard_ppo_s2/config.json,/home/aaa/data/qj/stable-baselines3-master/risk_curriculum_metadrive/outputs/tuned_ablation_no_action_guard_nenv16_seed2_1m/runs/no_action_guard_ppo_s2/model/final_model.zip
no_action_guard,no_guard_negative_control,no_action_guard,ppo,2,0.2,10000,10008,8,0.0,1.0,0.15393926670378705,0.0,0.0,0.0,1.0,76.0,29.851529780664812,-731.5461238510316,36.436361052883335,40.35811485181007,8.94211577324593,0.0,1.0,0.15393926670378705,75.74637140446337,19.931320199683487,0.05921345242298855,0.17790533893582866,0.4782608695652174,0.0,0.0,0.0,0.0,0.0,0.0,1.3863004345407,0.996372000372503,4.4895917490066495,5.510218998097116,8.303898448502878,15.03814100578893,9.690198883043578,16.388216256018495,1.3863004345407,4.4895917490066495,/home/aaa/data/qj/stable-baselines3-master/risk_curriculum_metadrive/outputs/tuned_ablation_no_action_guard_nenv16_seed2_1m/runs/no_action_guard_ppo_s2/config.json,/home/aaa/data/qj/stable-baselines3-master/risk_curriculum_metadrive/outputs/tuned_ablation_no_action_guard_nenv16_seed2_1m/runs/no_action_guard_ppo_s2/model/final_model.zip
no_action_guard,no_guard_negative_control,no_action_guard,ppo,2,0.2,10000,10009,9,0.0,1.0,0.1301990835220318,1.0,1.0,0.0,0.0,64.0,22.345365043147716,-613.3055492805411,32.083153593118254,34.21936014848246,7.652304876590421,0.0,1.0,0.1301990835220318,55.90180835202729,11.060939338588563,0.663406498651348,0.47503950956336705,0.6875,0.0,0.0,0.0,0.0,0.0,0.0,1.0859461715426733,0.9834074953687377,1.430966596672078,3.3904065939714196,6.4593878119012516,7.903039248776622,7.545333983443925,10.507625695026942,1.0859461715426733,1.430966596672078,/home/aaa/data/qj/stable-baselines3-master/risk_curriculum_metadrive/outputs/tuned_ablation_no_action_guard_nenv16_seed2_1m/runs/no_action_guard_ppo_s2/config.json,/home/aaa/data/qj/stable-baselines3-master/risk_curriculum_metadrive/outputs/tuned_ablation_no_action_guard_nenv16_seed2_1m/runs/no_action_guard_ppo_s2/model/final_model.zip
no_action_guard,no_guard_negative_control,no_action_guard,ppo,2,0.2,10000,10010,10,0.0,1.0,0.11810894271002853,0.0,0.0,0.0,1.0,80.0,24.436074742711952,-531.3025028779381,30.897448258223402,38.84365566121373,8.81808851072737,0.0125,1.0,0.11810894271002853,67.7893056048921,19.626805222730603,3.162777702736435,0.18709069518209936,0.3055555555555556,0.0,0.0,0.0,0.0,0.0,0.0,0.9703566378448159,0.935507494432386,1.2810225038265342,1.557549498829755,9.381226500590856,10.494264344742987,10.351583138435672,11.55280065650004,0.9703566378448159,1.2810225038265342,/home/aaa/data/qj/stable-baselines3-master/risk_curriculum_metadrive/outputs/tuned_ablation_no_action_guard_nenv16_seed2_1m/runs/no_action_guard_ppo_s2/config.json,/home/aaa/data/qj/stable-baselines3-master/risk_curriculum_metadrive/outputs/tuned_ablation_no_action_guard_nenv16_seed2_1m/runs/no_action_guard_ppo_s2/model/final_model.zip
no_action_guard,no_guard_negative_control,no_action_guard,ppo,2,0.2,10000,10011,11,0.0,1.0,0.1611851598444684,1.0,1.0,0.0,0.0,88.0,61.40020114764141,-1005.9968125852848,38.54353042476098,44.580777109186926,10.420643360917865,0.0,1.0,0.1611851598444684,93.04720282194958,9.72094845488322,0.03721305068660373,0.5349494321280094,0.6438356164383562,0.0,0.0,0.0,0.0,0.0,0.0,1.3258054879605135,0.9695589978946373,4.139814691734499,5.589937352633552,13.09461738690681,25.07112385210348,14.420422874867324,27.333385747624558,1.3258054879605135,4.139814691734499,/home/aaa/data/qj/stable-baselines3-master/risk_curriculum_metadrive/outputs/tuned_ablation_no_action_guard_nenv16_seed2_1m/runs/no_action_guard_ppo_s2/config.json,/home/aaa/data/qj/stable-baselines3-master/risk_curriculum_metadrive/outputs/tuned_ablation_no_action_guard_nenv16_seed2_1m/runs/no_action_guard_ppo_s2/model/final_model.zip
no_action_guard,no_guard_negative_control,no_action_guard,ppo,2,0.2,10000,10012,12,0.0,1.0,0.1605072217445389,1.0,1.0,0.0,0.0,76.0,34.89598687004618,-734.5954072054228,36.81568935882041,40.14957322900829,8.984671351637676,0.0,1.0,0.1605072217445389,76.53068974409985,0.8942350018323568,0.1727769298261603,0.19483798242399378,1.0,0.0,0.0,0.0,0.0,0.0,0.0,1.2785434471305435,0.9642279983381741,4.455977246834664,5.1746675053436775,6.715713446809739,11.528964998433366,7.994256893940282,13.893858747906052,1.2785434471305435,4.455977246834664,/home/aaa/data/qj/stable-baselines3-master/risk_curriculum_metadrive/outputs/tuned_ablation_no_action_guard_nenv16_seed2_1m/runs/no_action_guard_ppo_s2/config.json,/home/aaa/data/qj/stable-baselines3-master/risk_curriculum_metadrive/outputs/tuned_ablation_no_action_guard_nenv16_seed2_1m/runs/no_action_guard_ppo_s2/model/final_model.zip
no_action_guard,no_guard_negative_control,no_action_guard,ppo,2,0.2,10000,10013,13,0.0,1.0,0.13846084382900173,0.0,0.0,0.0,1.0,81.0,38.983927648467606,-747.9331323990104,38.33193994094987,43.53162343313106,9.643470531712307,0.0,1.0,0.13846084382900173,85.00490950016422,,,0.0,0.0,0.0,0.0,0.0,0.0,0.0,0.0,0.9909344437879936,0.9511079988442361,1.327884994680062,1.527795798028822,8.734521952085485,14.709410999785177,9.725456395873477,15.646072002709843,0.9909344437879936,1.327884994680062,/home/aaa/data/qj/stable-baselines3-master/risk_curriculum_metadrive/outputs/tuned_ablation_no_action_guard_nenv16_seed2_1m/runs/no_action_guard_ppo_s2/config.json,/home/aaa/data/qj/stable-baselines3-master/risk_curriculum_metadrive/outputs/tuned_ablation_no_action_guard_nenv16_seed2_1m/runs/no_action_guard_ppo_s2/model/final_model.zip
no_action_guard,no_guard_negative_control,no_action_guard,ppo,2,0.2,10000,10014,14,0.0,1.0,0.08125058230225533,0.0,0.0,0.0,1.0,69.0,38.3977597590347,-568.6968963490365,34.57018943742643,36.76089126646879,8.235000632068006,0.0,1.0,0.08125058230225533,65.05342184814734,17.583867706484273,4.763649467018736,0.024671320853892738,0.1111111111111111,0.0,0.0,0.0,0.0,0.0,0.0,0.9650723920946104,0.9187710093101487,1.3716730056330562,1.6193214326631278,13.95349682496854,23.150908193201747,14.91856921706315,23.969132400816296,0.9650723920946104,1.3716730056330562,/home/aaa/data/qj/stable-baselines3-master/risk_curriculum_metadrive/outputs/tuned_ablation_no_action_guard_nenv16_seed2_1m/runs/no_action_guard_ppo_s2/config.json,/home/aaa/data/qj/stable-baselines3-master/risk_curriculum_metadrive/outputs/tuned_ablation_no_action_guard_nenv16_seed2_1m/runs/no_action_guard_ppo_s2/model/final_model.zip
no_action_guard,no_guard_negative_control,no_action_guard,ppo,2,0.2,10000,10015,15,0.0,1.0,0.16727307998804486,1.0,1.0,0.0,0.0,105.0,65.26590021265172,-1037.9066794820978,40.30369605902727,50.28443366028321,12.262068098896663,0.0,1.0,0.16727307998804486,116.73215122650794,5.351528744868447,0.6494243678610644,0.2552169008435578,0.5217391304347826,0.0,0.0,0.0,0.0,0.0,0.0,1.1692382100071492,0.9482269961154088,1.5750353981275111,5.208360122051089,9.91716998105403,16.788751396234147,11.08640819106118,18.905557802645486,1.1692382100071492,1.5750353981275111,/home/aaa/data/qj/stable-baselines3-master/risk_curriculum_metadrive/outputs/tuned_ablation_no_action_guard_nenv16_seed2_1m/runs/no_action_guard_ppo_s2/config.json,/home/aaa/data/qj/stable-baselines3-master/risk_curriculum_metadrive/outputs/tuned_ablation_no_action_guard_nenv16_seed2_1m/runs/no_action_guard_ppo_s2/model/final_model.zip
no_action_guard,no_guard_negative_control,no_action_guard,ppo,2,0.2,10000,10016,16,0.0,1.0,0.15213470378990956,1.0,1.0,0.0,0.0,77.0,45.92873542472519,-498.41672843059894,33.6190069127815,38.267466414729775,8.451496032871225,0.012987012987012988,1.0,0.15213470378990956,70.77716505899849,,,0.0,0.0,0.0,0.0,0.0,0.0,0.0,0.0,0.9796918445801991,0.9410610073246062,1.2810006010113284,1.4036970399320117,7.1434589864855464,8.141628396697342,8.123150831065745,9.125524800037965,0.9796918445801991,1.2810006010113284,/home/aaa/data/qj/stable-baselines3-master/risk_curriculum_metadrive/outputs/tuned_ablation_no_action_guard_nenv16_seed2_1m/runs/no_action_guard_ppo_s2/config.json,/home/aaa/data/qj/stable-baselines3-master/risk_curriculum_metadrive/outputs/tuned_ablation_no_action_guard_nenv16_seed2_1m/runs/no_action_guard_ppo_s2/model/final_model.zip
no_action_guard,no_guard_negative_control,no_action_guard,ppo,2,0.2,10000,10017,17,0.0,1.0,0.05677012158831481,1.0,1.0,0.0,0.0,53.0,25.709394658290535,-475.38536130036283,28.021274713779757,28.769769932321267,6.611800171118929,0.0,1.0,0.05677012158831481,40.6425332681368,11.74918650164879,0.3999731558304018,0.5280028072441227,0.5471698113207547,0.0,0.0,0.0,0.0,0.0,0.0,1.1076272845834951,0.9176080056931823,2.253575407667082,4.451259647612458,16.27137235839157,33.87658380670473,17.378999642975067,36.268649200792424,1.1076272845834951,2.253575407667082,/home/aaa/data/qj/stable-baselines3-master/risk_curriculum_metadrive/outputs/tuned_ablation_no_action_guard_nenv16_seed2_1m/runs/no_action_guard_ppo_s2/config.json,/home/aaa/data/qj/stable-baselines3-master/risk_curriculum_metadrive/outputs/tuned_ablation_no_action_guard_nenv16_seed2_1m/runs/no_action_guard_ppo_s2/model/final_model.zip
no_action_guard,no_guard_negative_control,no_action_guard,ppo,2,0.2,10000,10018,18,0.0,1.0,0.11335137346863,1.0,1.0,0.0,0.0,56.0,24.925205509991976,-542.7966426844753,30.099267410742726,30.699854053180577,7.011033806245922,0.0,1.0,0.11335137346863,45.74391300086783,11.152840705740163,0.4073084055243041,0.5411332803380758,0.5535714285714286,0.0,0.0,0.0,0.0,0.0,0.0,1.2483989823002568,1.108816999476403,1.817157997720642,3.446041300048827,8.915127572566105,12.424047505191993,10.163526554866362,14.211429755960125,1.2483989823002568,1.817157997720642,/home/aaa/data/qj/stable-baselines3-master/risk_curriculum_metadrive/outputs/tuned_ablation_no_action_guard_nenv16_seed2_1m/runs/no_action_guard_ppo_s2/config.json,/home/aaa/data/qj/stable-baselines3-master/risk_curriculum_metadrive/outputs/tuned_ablation_no_action_guard_nenv16_seed2_1m/runs/no_action_guard_ppo_s2/model/final_model.zip
no_action_guard,no_guard_negative_control,no_action_guard,ppo,2,0.2,10000,10019,19,0.0,1.0,0.11364582528662977,0.0,0.0,0.0,1.0,96.0,39.06483474897607,-856.0525393118735,38.98552022035996,49.438585952408076,11.538449010144664,0.0,1.0,0.11364582528662977,102.74754224135688,,,0.0,0.0,0.0,0.0,0.0,0.0,0.0,0.0,1.2251795621220178,1.0033899961854331,2.4050607498793397,4.2253367042576375,10.536033926503782,19.56903524842346,11.761213488625799,21.335620247555198,1.2251795621220178,2.4050607498793397,/home/aaa/data/qj/stable-baselines3-master/risk_curriculum_metadrive/outputs/tuned_ablation_no_action_guard_nenv16_seed2_1m/runs/no_action_guard_ppo_s2/config.json,/home/aaa/data/qj/stable-baselines3-master/risk_curriculum_metadrive/outputs/tuned_ablation_no_action_guard_nenv16_seed2_1m/runs/no_action_guard_ppo_s2/model/final_model.zip
no_action_guard,no_guard_negative_control,no_action_guard,ppo,2,0.2,20000,20000,0,0.0,1.0,0.31152985154359847,0.0,0.0,0.0,1.0,99.0,59.94403089037628,-1092.9537271072754,40.147376511858766,48.06246353479493,11.369120525387636,0.0,0.0,0.31152985154359847,109.2222260150466,7.617795228617713,0.07751999502191464,0.3263622251580786,0.5166666666666667,0.0,0.0,0.0,0.0,0.0,0.0,1.7589336568948277,1.042172996676527,4.924374903202988,6.0436450070119445,6.827252809248742,11.853573906410018,8.58618646614357,14.34317260136595,1.7589336568948277,4.924374903202988,/home/aaa/data/qj/stable-baselines3-master/risk_curriculum_metadrive/outputs/tuned_ablation_no_action_guard_nenv16_seed2_1m/runs/no_action_guard_ppo_s2/config.json,/home/aaa/data/qj/stable-baselines3-master/risk_curriculum_metadrive/outputs/tuned_ablation_no_action_guard_nenv16_seed2_1m/runs/no_action_guard_ppo_s2/model/final_model.zip
no_action_guard,no_guard_negative_control,no_action_guard,ppo,2,0.2,20000,20001,1,0.0,1.0,0.10589037416417171,0.0,0.0,0.0,1.0,61.0,21.990495017983182,-494.242326520569,30.19661371637783,31.136651353922588,7.032618072469195,0.01639344262295082,1.0,0.10589037416417171,50.00040573936788,20.294895036004622,2.304299600258167,0.22674330386920472,0.43333333333333335,0.0,0.0,0.0,0.0,0.0,0.0,1.8550634255812153,0.9882640006253496,4.980534999049269,5.635484802769495,9.432069082710068,14.902417009579949,11.287132508291283,18.497059980290942,1.8550634255812153,4.980534999049269,/home/aaa/data/qj/stable-baselines3-master/risk_curriculum_metadrive/outputs/tuned_ablation_no_action_guard_nenv16_seed2_1m/runs/no_action_guard_ppo_s2/config.json,/home/aaa/data/qj/stable-baselines3-master/risk_curriculum_metadrive/outputs/tuned_ablation_no_action_guard_nenv16_seed2_1m/runs/no_action_guard_ppo_s2/model/final_model.zip
no_action_guard,no_guard_negative_control,no_action_guard,ppo,2,0.2,20000,20002,2,0.0,1.0,0.14820422649328535,1.0,1.0,0.0,0.0,74.0,37.634362566857604,-482.52015346943926,33.31809724696317,40.00040453506705,9.16710112768661,0.0,1.0,0.14820422649328535,67.76784336227466,1.1780887032811382,0.3046643244225129,0.06093418522927287,1.0,0.0,0.0,0.0,0.0,0.0,0.0,0.9949888237217139,0.9498309955233708,1.1199591019249056,2.0956090725667176,7.145470013563534,9.650268445693639,8.140458837285248,10.65315759624353,0.9949888237217139,1.1199591019249056,/home/aaa/data/qj/stable-baselines3-master/risk_curriculum_metadrive/outputs/tuned_ablation_no_action_guard_nenv16_seed2_1m/runs/no_action_guard_ppo_s2/config.json,/home/aaa/data/qj/stable-baselines3-master/risk_curriculum_metadrive/outputs/tuned_ablation_no_action_guard_nenv16_seed2_1m/runs/no_action_guard_ppo_s2/model/final_model.zip
no_action_guard,no_guard_negative_control,no_action_guard,ppo,2,0.2,20000,20003,3,0.0,1.0,0.259283220930537,1.0,1.0,0.0,0.0,163.0,84.78631236279627,-1463.916692470234,39.45849000267791,40.71314637875583,17.52872919879862,0.0,0.0,0.259283220930537,177.9314872163814,10.814628136786936,0.016673653498419337,0.29242916831547927,0.5555555555555556,0.0,0.0,0.0,0.0,0.0,0.0,1.3376097851025763,0.9296060015913099,4.383944497385528,5.39963310322491,15.551002233352031,23.362407492822967,16.88861201845461,25.33175209973706,1.3376097851025763,4.383944497385528,/home/aaa/data/qj/stable-baselines3-master/risk_curriculum_metadrive/outputs/tuned_ablation_no_action_guard_nenv16_seed2_1m/runs/no_action_guard_ppo_s2/config.json,/home/aaa/data/qj/stable-baselines3-master/risk_curriculum_metadrive/outputs/tuned_ablation_no_action_guard_nenv16_seed2_1m/runs/no_action_guard_ppo_s2/model/final_model.zip
no_action_guard,no_guard_negative_control,no_action_guard,ppo,2,0.2,20000,20004,4,0.0,1.0,0.5167291967675594,0.0,0.0,0.0,1.0,255.0,108.79698714622513,-1737.0537812614866,38.57224263208843,39.16705200461406,26.61612622644241,0.0,0.0,0.5167291967675594,272.1894928652486,12.008731193408822,0.04746050600953951,0.1507865428823202,0.4827586206896552,0.0,0.0,0.0,0.0,0.0,0.0,1.487212846747271,0.9788479947019368,4.9463911054772325,6.15817199868616,10.028654533522843,18.324460602889303,11.515867380270114,20.006023891619403,1.487212846747271,4.9463911054772325,/home/aaa/data/qj/stable-baselines3-master/risk_curriculum_metadrive/outputs/tuned_ablation_no_action_guard_nenv16_seed2_1m/runs/no_action_guard_ppo_s2/config.json,/home/aaa/data/qj/stable-baselines3-master/risk_curriculum_metadrive/outputs/tuned_ablation_no_action_guard_nenv16_seed2_1m/runs/no_action_guard_ppo_s2/model/final_model.zip
no_action_guard,no_guard_negative_control,no_action_guard,ppo,2,0.2,20000,20005,5,0.0,1.0,0.162673632695337,1.0,1.0,0.0,0.0,89.0,30.00400671031705,-761.6273757174849,36.674633661638296,44.74299200096166,9.800863462639812,0.011235955056179775,1.0,0.162673632695337,89.52530354354796,11.167905706914528,3.0864600257488393,0.1671981370986521,0.4666666666666667,0.0,0.0,0.0,0.0,0.0,0.0,1.1042295278212202,0.8405510016018525,4.346772999269886,5.676017756923104,12.813805505859644,20.557645193184726,13.918035033680864,22.30999839957803,1.1042295278212202,4.346772999269886,/home/aaa/data/qj/stable-baselines3-master/risk_curriculum_metadrive/outputs/tuned_ablation_no_action_guard_nenv16_seed2_1m/runs/no_action_guard_ppo_s2/config.json,/home/aaa/data/qj/stable-baselines3-master/risk_curriculum_metadrive/outputs/tuned_ablation_no_action_guard_nenv16_seed2_1m/runs/no_action_guard_ppo_s2/model/final_model.zip
no_action_guard,no_guard_negative_control,no_action_guard,ppo,2,0.2,20000,20006,6,0.0,1.0,0.11425102714788311,0.0,0.0,0.0,1.0,72.0,37.798607177861065,-518.4493740421317,33.01318640920453,35.5969715609677,7.947869347179624,0.013888888888888888,1.0,0.11425102714788311,64.92171349239592,,,0.0,0.0,0.0,0.0,0.0,0.0,0.0,0.0,1.1507367774659845,0.9318509983131662,1.8518538003263558,6.019781244249335,7.836102667675328,16.096034992369823,8.986839445141312,18.040181855030827,1.1507367774659845,1.8518538003263558,/home/aaa/data/qj/stable-baselines3-master/risk_curriculum_metadrive/outputs/tuned_ablation_no_action_guard_nenv16_seed2_1m/runs/no_action_guard_ppo_s2/config.json,/home/aaa/data/qj/stable-baselines3-master/risk_curriculum_metadrive/outputs/tuned_ablation_no_action_guard_nenv16_seed2_1m/runs/no_action_guard_ppo_s2/model/final_model.zip
no_action_guard,no_guard_negative_control,no_action_guard,ppo,2,0.2,20000,20007,7,0.0,1.0,0.15663936720141935,0.0,0.0,0.0,1.0,69.0,40.548251183359035,-756.2058796794461,35.55282436010945,38.14239134116573,8.50428972244656,0.0,1.0,0.15663936720141935,66.84464361809941,12.91648373755313,0.8195352852861777,0.4264660900631612,0.47540983606557374,0.0,0.0,0.0,0.0,0.0,0.0,1.0322775947777014,0.9886100015137345,1.441658200928941,1.5407992393011227,6.396401159176805,7.465539796976372,7.4286787539545065,8.7884008011315,1.0322775947777014,1.441658200928941,/home/aaa/data/qj/stable-baselines3-master/risk_curriculum_metadrive/outputs/tuned_ablation_no_action_guard_nenv16_seed2_1m/runs/no_action_guard_ppo_s2/config.json,/home/aaa/data/qj/stable-baselines3-master/risk_curriculum_metadrive/outputs/tuned_ablation_no_action_guard_nenv16_seed2_1m/runs/no_action_guard_ppo_s2/model/final_model.zip
no_action_guard,no_guard_negative_control,no_action_guard,ppo,2,0.2,20000,20008,8,0.0,1.0,0.10218029515235674,1.0,1.0,0.0,0.0,70.0,12.283866604738968,-677.6318283817097,33.70350613922862,36.30359163483692,8.181764078584044,0.0,1.0,0.10218029515235674,64.60921207673407,11.930259744043262,0.8635783415240759,0.39712469769873154,0.6041666666666666,0.0,0.0,0.0,0.0,0.0,0.0,1.0153914853747534,0.9708930010674521,1.360648310946999,1.9621178286615772,9.855440413645868,12.428206551703624,10.87083189902062,13.374137409118703,1.0153914853747534,1.360648310946999,/home/aaa/data/qj/stable-baselines3-master/risk_curriculum_metadrive/outputs/tuned_ablation_no_action_guard_nenv16_seed2_1m/runs/no_action_guard_ppo_s2/config.json,/home/aaa/data/qj/stable-baselines3-master/risk_curriculum_metadrive/outputs/tuned_ablation_no_action_guard_nenv16_seed2_1m/runs/no_action_guard_ppo_s2/model/final_model.zip
no_action_guard,no_guard_negative_control,no_action_guard,ppo,2,0.2,20000,20009,9,0.0,1.0,0.17718893667387065,1.0,1.0,0.0,0.0,78.0,38.662196966892836,-420.6171149271644,31.68479328437935,38.58917555813173,8.890937242252683,0.0,1.0,0.17718893667387065,68.19829344435666,0.7245655859466904,0.7245655859466904,0.012046404288518494,1.0,0.0,0.0,0.0,0.0,0.0,0.0,1.0288644743223603,0.9289055014960468,1.7717484988679624,2.228346989722923,7.649332704880717,11.440120652696349,8.678197179203076,12.751826258318033,1.0288644743223603,1.7717484988679624,/home/aaa/data/qj/stable-baselines3-master/risk_curriculum_metadrive/outputs/tuned_ablation_no_action_guard_nenv16_seed2_1m/runs/no_action_guard_ppo_s2/config.json,/home/aaa/data/qj/stable-baselines3-master/risk_curriculum_metadrive/outputs/tuned_ablation_no_action_guard_nenv16_seed2_1m/runs/no_action_guard_ppo_s2/model/final_model.zip
no_action_guard,no_guard_negative_control,no_action_guard,ppo,2,0.2,20000,20010,10,0.0,1.0,0.5932733144958682,1.0,1.0,0.0,0.0,208.0,130.51142551410996,-2581.3260031120767,46.7988909424413,52.144098812136875,22.300576342772356,0.0,0.0,0.5932733144958682,269.86488527831233,1.9558922512281167,0.09119917941213779,0.27363755084795194,1.0,0.0,0.0,0.0,0.0,0.0,0.0,1.3208516437981206,0.9568165041855536,4.1869749540637615,5.960444484080658,8.1106262594823,17.57887600178946,9.43147790328042,19.97091175217065,1.3208516437981206,4.1869749540637615,/home/aaa/data/qj/stable-baselines3-master/risk_curriculum_metadrive/outputs/tuned_ablation_no_action_guard_nenv16_seed2_1m/runs/no_action_guard_ppo_s2/config.json,/home/aaa/data/qj/stable-baselines3-master/risk_curriculum_metadrive/outputs/tuned_ablation_no_action_guard_nenv16_seed2_1m/runs/no_action_guard_ppo_s2/model/final_model.zip
no_action_guard,no_guard_negative_control,no_action_guard,ppo,2,0.2,20000,20011,11,0.0,1.0,0.10692693946973032,1.0,1.0,0.0,0.0,64.0,32.87876740208041,-589.7502783516035,31.367070606962514,33.0317548491185,7.472800286585232,0.0,1.0,0.10692693946973032,55.08741815638622,11.917244215859187,0.6670285020488687,0.4690232159907151,0.5084745762711864,0.0,0.0,0.0,0.0,0.0,0.0,1.87122943657414,1.0426489970996045,4.906378449231849,6.054920942260651,21.896369860996856,37.169043958419934,23.767599297570996,39.226198504911736,1.87122943657414,4.906378449231849,/home/aaa/data/qj/stable-baselines3-master/risk_curriculum_metadrive/outputs/tuned_ablation_no_action_guard_nenv16_seed2_1m/runs/no_action_guard_ppo_s2/config.json,/home/aaa/data/qj/stable-baselines3-master/risk_curriculum_metadrive/outputs/tuned_ablation_no_action_guard_nenv16_seed2_1m/runs/no_action_guard_ppo_s2/model/final_model.zip
no_action_guard,no_guard_negative_control,no_action_guard,ppo,2,0.2,20000,20012,12,0.0,1.0,0.1328887279411868,0.0,0.0,0.0,1.0,75.0,38.846829379523925,-637.7233044383702,35.76403291839048,39.399772035855754,8.765268853108799,0.0,1.0,0.1328887279411868,73.37891233115327,,,0.0,0.0,0.0,0.0,0.0,0.0,0.0,0.0,1.6637638005583237,1.0379209998063743,4.590244995779358,6.746971683460292,9.39243670766397,13.827952394785825,11.056200508222295,16.171718202531338,1.6637638005583237,4.590244995779358,/home/aaa/data/qj/stable-baselines3-master/risk_curriculum_metadrive/outputs/tuned_ablation_no_action_guard_nenv16_seed2_1m/runs/no_action_guard_ppo_s2/config.json,/home/aaa/data/qj/stable-baselines3-master/risk_curriculum_metadrive/outputs/tuned_ablation_no_action_guard_nenv16_seed2_1m/runs/no_action_guard_ppo_s2/model/final_model.zip
no_action_guard,no_guard_negative_control,no_action_guard,ppo,2,0.2,20000,20013,13,0.0,1.0,0.09858670970190428,1.0,1.0,0.0,0.0,74.0,33.516711683399556,-544.309011293111,34.10685371174138,36.531891998462356,8.199450893906581,0.013513513513513514,1.0,0.09858670970190428,68.99928291862743,0.05437606937369505,0.05437606937369505,0.013452279201155748,1.0,0.0,0.0,0.0,0.0,0.0,0.0,1.1809336214650397,0.8811224979581311,3.5831676956149656,5.367598805605662,8.991849081310745,13.844236504519353,10.172782702775786,15.86054195213363,1.1809336214650397,3.5831676956149656,/home/aaa/data/qj/stable-baselines3-master/risk_curriculum_metadrive/outputs/tuned_ablation_no_action_guard_nenv16_seed2_1m/runs/no_action_guard_ppo_s2/config.json,/home/aaa/data/qj/stable-baselines3-master/risk_curriculum_metadrive/outputs/tuned_ablation_no_action_guard_nenv16_seed2_1m/runs/no_action_guard_ppo_s2/model/final_model.zip
no_action_guard,no_guard_negative_control,no_action_guard,ppo,2,0.2,20000,20014,14,0.0,1.0,0.18480367759121158,1.0,1.0,0.0,0.0,94.0,59.188328191092225,-954.816856273597,37.530341993405536,43.62667922415042,10.133065432994059,0.010638297872340425,1.0,0.18480367759121158,96.92501794401518,8.473125411621236,0.6180693495968348,0.42080714119699597,0.4805194805194805,0.0,0.0,0.0,0.0,0.0,0.0,1.5277236059464099,0.9937385038938373,5.053892645082669,6.121971426327932,10.69883613873823,19.00184485130012,12.22655974468464,20.50119005216402,1.5277236059464099,5.053892645082669,/home/aaa/data/qj/stable-baselines3-master/risk_curriculum_metadrive/outputs/tuned_ablation_no_action_guard_nenv16_seed2_1m/runs/no_action_guard_ppo_s2/config.json,/home/aaa/data/qj/stable-baselines3-master/risk_curriculum_metadrive/outputs/tuned_ablation_no_action_guard_nenv16_seed2_1m/runs/no_action_guard_ppo_s2/model/final_model.zip
no_action_guard,no_guard_negative_control,no_action_guard,ppo,2,0.2,20000,20015,15,0.0,1.0,0.12698522140694335,0.0,0.0,0.0,1.0,98.0,32.60141674394391,-995.8607506717917,40.66716918289932,48.999820644271004,11.499930419709724,0.0,1.0,0.12698522140694335,109.62635820426269,1.0328063967922336,1.0328063967922336,0.009325844900686876,1.0,0.0,0.0,0.0,0.0,0.0,0.0,0.931798551577305,0.9065374979400076,1.2315440959355326,1.2834188612760045,5.380201958861126,8.00149959977716,6.3120005104384305,8.954311753041111,0.931798551577305,1.2315440959355326,/home/aaa/data/qj/stable-baselines3-master/risk_curriculum_metadrive/outputs/tuned_ablation_no_action_guard_nenv16_seed2_1m/runs/no_action_guard_ppo_s2/config.json,/home/aaa/data/qj/stable-baselines3-master/risk_curriculum_metadrive/outputs/tuned_ablation_no_action_guard_nenv16_seed2_1m/runs/no_action_guard_ppo_s2/model/final_model.zip
no_action_guard,no_guard_negative_control,no_action_guard,ppo,2,0.2,20000,20016,16,0.0,1.0,0.2837408686895587,1.0,1.0,0.0,0.0,224.0,63.94557431675125,-1438.9998403445343,34.02198006316467,33.67193706228322,23.63988454740021,0.0,0.0,0.2837408686895587,211.2395805385728,12.620048610006085,0.05042846161374472,0.2562274258121007,0.49074074074074076,0.0,0.0,0.0,0.0,0.0,0.0,1.1469897190181655,0.9218854975188151,2.2288253552687816,4.657638743519785,13.101836039693028,24.954868895292748,14.248825758711194,26.29769844279508,1.1469897190181655,2.2288253552687816,/home/aaa/data/qj/stable-baselines3-master/risk_curriculum_metadrive/outputs/tuned_ablation_no_action_guard_nenv16_seed2_1m/runs/no_action_guard_ppo_s2/config.json,/home/aaa/data/qj/stable-baselines3-master/risk_curriculum_metadrive/outputs/tuned_ablation_no_action_guard_nenv16_seed2_1m/runs/no_action_guard_ppo_s2/model/final_model.zip
no_action_guard,no_guard_negative_control,no_action_guard,ppo,2,0.2,20000,20017,17,0.0,1.0,0.1083414218323216,0.0,0.0,0.0,1.0,74.0,33.125546758799764,-479.3369435186623,31.58901376657731,37.23597932499398,8.685248754795122,0.0,1.0,0.1083414218323216,63.990056697141455,14.5538959291783,2.406099681714044,0.07186710992725884,0.2608695652173913,0.0,0.0,0.0,0.0,0.0,0.0,1.1098752432656978,0.8940600018831901,1.9324708009662568,5.0856562657281685,8.987922593675918,12.154953504796138,10.097797836941616,13.896071548515463,1.1098752432656978,1.9324708009662568,/home/aaa/data/qj/stable-baselines3-master/risk_curriculum_metadrive/outputs/tuned_ablation_no_action_guard_nenv16_seed2_1m/runs/no_action_guard_ppo_s2/config.json,/home/aaa/data/qj/stable-baselines3-master/risk_curriculum_metadrive/outputs/tuned_ablation_no_action_guard_nenv16_seed2_1m/runs/no_action_guard_ppo_s2/model/final_model.zip
no_action_guard,no_guard_negative_control,no_action_guard,ppo,2,0.2,20000,20018,18,0.0,1.0,0.12849856042302896,0.0,0.0,0.0,1.0,131.0,37.66845319960727,-910.9754955793044,34.37641739173303,33.75133221416815,14.44035106584461,0.0,1.0,0.12849856042302896,124.45947679953589,3.573400976291278,2.8199674413049793,0.03216259169354474,1.0,0.0,0.0,0.0,0.0,0.0,0.0,1.2597294896663316,0.9956470021279529,2.671162503247615,4.72153709561098,10.9456335726498,20.610659499652684,12.205363062316133,21.82824550982332,1.2597294896663316,2.671162503247615,/home/aaa/data/qj/stable-baselines3-master/risk_curriculum_metadrive/outputs/tuned_ablation_no_action_guard_nenv16_seed2_1m/runs/no_action_guard_ppo_s2/config.json,/home/aaa/data/qj/stable-baselines3-master/risk_curriculum_metadrive/outputs/tuned_ablation_no_action_guard_nenv16_seed2_1m/runs/no_action_guard_ppo_s2/model/final_model.zip
no_action_guard,no_guard_negative_control,no_action_guard,ppo,2,0.2,20000,20019,19,0.0,1.0,0.1344666778044209,0.0,0.0,0.0,1.0,84.0,35.740659493414135,-679.4032049541348,34.54321230013189,38.13186835498358,9.244124254255691,0.011904761904761904,1.0,0.1344666778044209,79.45753499438968,2.8412662445171213,0.8964057195356062,0.1817209078468825,0.65,0.0,0.0,0.0,0.0,0.0,0.0,1.1148236896717987,0.9941149983205833,1.4752157898328733,3.001604784949451,8.530562714613986,11.46539823967032,9.645386404285784,12.6225763495313,1.1148236896717987,1.4752157898328733,/home/aaa/data/qj/stable-baselines3-master/risk_curriculum_metadrive/outputs/tuned_ablation_no_action_guard_nenv16_seed2_1m/runs/no_action_guard_ppo_s2/config.json,/home/aaa/data/qj/stable-baselines3-master/risk_curriculum_metadrive/outputs/tuned_ablation_no_action_guard_nenv16_seed2_1m/runs/no_action_guard_ppo_s2/model/final_model.zip
no_action_guard,no_guard_negative_control,no_action_guard,ppo,2,0.25,10000,10000,0,0.0,1.0,0.21589912599872324,1.0,1.0,0.0,0.0,113.0,55.702836969329056,-929.1655414625853,35.54056855068492,40.64021281346304,13.049152407155564,0.0,0.0,0.21589912599872324,110.48248758990266,7.6957626532090195,0.6011620425603842,0.4064225860735377,0.7083333333333334,0.0,0.0,0.0,0.0,0.0,0.0,1.0938284513272707,0.9907940111588687,1.66774460230954,1.8610367592191321,15.047959460252565,19.119114801287648,16.141787911579836,20.445977407507595,1.0938284513272707,1.66774460230954,/home/aaa/data/qj/stable-baselines3-master/risk_curriculum_metadrive/outputs/tuned_ablation_no_action_guard_nenv16_seed2_1m/runs/no_action_guard_ppo_s2/config.json,/home/aaa/data/qj/stable-baselines3-master/risk_curriculum_metadrive/outputs/tuned_ablation_no_action_guard_nenv16_seed2_1m/runs/no_action_guard_ppo_s2/model/final_model.zip
no_action_guard,no_guard_negative_control,no_action_guard,ppo,2,0.25,10000,10001,1,0.0,1.0,0.17033657620793433,1.0,1.0,0.0,0.0,84.0,31.62274985145065,-725.9495260987613,36.86634654675939,44.417152315214196,9.829359679955992,0.0,1.0,0.17033657620793433,84.95941147470981,12.67334034183794,0.23648589824643534,0.10809114659893532,0.21428571428571427,0.0,0.0,0.0,0.0,0.0,0.0,1.1894455237779766,0.8970199996838346,3.624073552055049,4.386474454076962,9.962069084784682,17.664130698540244,11.151514608562659,19.374240797333186,1.1894455237779766,3.624073552055049,/home/aaa/data/qj/stable-baselines3-master/risk_curriculum_metadrive/outputs/tuned_ablation_no_action_guard_nenv16_seed2_1m/runs/no_action_guard_ppo_s2/config.json,/home/aaa/data/qj/stable-baselines3-master/risk_curriculum_metadrive/outputs/tuned_ablation_no_action_guard_nenv16_seed2_1m/runs/no_action_guard_ppo_s2/model/final_model.zip
no_action_guard,no_guard_negative_control,no_action_guard,ppo,2,0.25,10000,10002,2,0.0,1.0,0.14073066783366367,1.0,1.0,0.0,0.0,76.0,48.86817572769136,-811.042886247522,35.708269080506845,39.40057908688502,8.929122737562336,0.0,1.0,0.14073066783366367,74.44357862980576,9.961712550712008,0.6665953700957116,0.508529569650919,0.5588235294117647,0.0,0.0,0.0,0.0,0.0,0.0,0.975823592613635,0.8992030052468181,1.293456745770527,2.245139748993097,12.381341841797909,15.40737224422628,13.357165434411543,16.204455750994384,0.975823592613635,1.293456745770527,/home/aaa/data/qj/stable-baselines3-master/risk_curriculum_metadrive/outputs/tuned_ablation_no_action_guard_nenv16_seed2_1m/runs/no_action_guard_ppo_s2/config.json,/home/aaa/data/qj/stable-baselines3-master/risk_curriculum_metadrive/outputs/tuned_ablation_no_action_guard_nenv16_seed2_1m/runs/no_action_guard_ppo_s2/model/final_model.zip
no_action_guard,no_guard_negative_control,no_action_guard,ppo,2,0.25,10000,10003,3,0.0,1.0,0.11684849930459427,1.0,1.0,0.0,0.0,59.0,22.594440840708998,-581.1955890969514,31.417168124186404,32.8490257165089,7.3979424158618725,0.0,1.0,0.11684849930459427,50.727548526878934,10.793134435000582,0.5222034522429163,0.510106566563971,0.6666666666666666,0.0,0.0,0.0,0.0,0.0,0.0,0.9538254910740622,0.899808990652673,1.1982442956650623,1.6672422754345475,5.579225169948571,7.123943106853401,6.533050661022632,8.03580360225169,0.9538254910740622,1.1982442956650623,/home/aaa/data/qj/stable-baselines3-master/risk_curriculum_metadrive/outputs/tuned_ablation_no_action_guard_nenv16_seed2_1m/runs/no_action_guard_ppo_s2/config.json,/home/aaa/data/qj/stable-baselines3-master/risk_curriculum_metadrive/outputs/tuned_ablation_no_action_guard_nenv16_seed2_1m/runs/no_action_guard_ppo_s2/model/final_model.zip
no_action_guard,no_guard_negative_control,no_action_guard,ppo,2,0.25,10000,10004,4,0.0,1.0,0.2184970370694847,1.0,1.0,0.0,0.0,108.0,45.11763668838899,-1094.2126679525074,40.62150680327844,48.078125665198556,12.921821542892124,0.0,0.0,0.2184970370694847,121.17473870289936,2.720488288472054,0.7457077995427103,0.19332316065683222,0.8888888888888888,0.0,0.0,0.0,0.0,0.0,0.0,1.0932479352858435,0.9655830072006211,2.079391342704183,3.073090968100584,12.873415027166224,17.347336951934267,13.96666296245207,18.66034400372882,1.0932479352858435,2.079391342704183,/home/aaa/data/qj/stable-baselines3-master/risk_curriculum_metadrive/outputs/tuned_ablation_no_action_guard_nenv16_seed2_1m/runs/no_action_guard_ppo_s2/config.json,/home/aaa/data/qj/stable-baselines3-master/risk_curriculum_metadrive/outputs/tuned_ablation_no_action_guard_nenv16_seed2_1m/runs/no_action_guard_ppo_s2/model/final_model.zip
no_action_guard,no_guard_negative_control,no_action_guard,ppo,2,0.25,10000,10005,5,0.0,1.0,0.24569079808635338,1.0,1.0,0.0,0.0,116.0,61.47059537321398,-1027.4576106575407,37.487579032868325,42.62441214462705,13.85853788449687,0.0,0.0,0.24569079808635338,119.79588869277339,10.099825850490078,0.11281392142275383,0.40876218760719424,0.4606741573033708,0.0,0.0,0.0,0.0,0.0,0.0,1.3771489306989302,0.9909719956340268,3.8470125073217787,5.88183970903628,14.158153732594279,26.72514300866169,15.53530266329321,28.8028349968954,1.3771489306989302,3.8470125073217787,/home/aaa/data/qj/stable-baselines3-master/risk_curriculum_metadrive/outputs/tuned_ablation_no_action_guard_nenv16_seed2_1m/runs/no_action_guard_ppo_s2/config.json,/home/aaa/data/qj/stable-baselines3-master/risk_curriculum_metadrive/outputs/tuned_ablation_no_action_guard_nenv16_seed2_1m/runs/no_action_guard_ppo_s2/model/final_model.zip
no_action_guard,no_guard_negative_control,no_action_guard,ppo,2,0.25,10000,10006,6,0.0,1.0,0.1184855006895816,0.0,0.0,0.0,1.0,72.0,45.19883715888889,-840.1104551111431,36.69949906574841,39.18633021520505,8.83784766392879,0.0,1.0,0.1184855006895816,72.12465842765972,12.000908614146393,0.1787344383740039,0.454216430306332,0.6181818181818182,0.0,0.0,0.0,0.0,0.0,0.0,1.3162654160825897,1.0067085022456013,2.673092898476171,3.531196321127949,9.998587125462816,13.177309598540887,11.314852541545406,14.338891205989057,1.3162654160825897,2.673092898476171,/home/aaa/data/qj/stable-baselines3-master/risk_curriculum_metadrive/outputs/tuned_ablation_no_action_guard_nenv16_seed2_1m/runs/no_action_guard_ppo_s2/config.json,/home/aaa/data/qj/stable-baselines3-master/risk_curriculum_metadrive/outputs/tuned_ablation_no_action_guard_nenv16_seed2_1m/runs/no_action_guard_ppo_s2/model/final_model.zip
no_action_guard,no_guard_negative_control,no_action_guard,ppo,2,0.25,10000,10007,7,0.0,1.0,0.06824465407003905,1.0,1.0,0.0,0.0,63.0,32.32084909454564,-581.2251061603997,30.448429104614604,32.11976117984434,7.24371361344894,0.0,1.0,0.06824465407003905,52.34995095297041,11.2165462377514,0.6251567395623071,0.5260297441794741,0.5645161290322581,0.0,0.0,0.0,0.0,0.0,0.0,0.9879851736874866,0.9201850043609738,1.3984091972815802,2.577980340574872,14.878567302181933,19.912953602033667,15.866552475869419,20.805807303986512,0.9879851736874866,1.3984091972815802,/home/aaa/data/qj/stable-baselines3-master/risk_curriculum_metadrive/outputs/tuned_ablation_no_action_guard_nenv16_seed2_1m/runs/no_action_guard_ppo_s2/config.json,/home/aaa/data/qj/stable-baselines3-master/risk_curriculum_metadrive/outputs/tuned_ablation_no_action_guard_nenv16_seed2_1m/runs/no_action_guard_ppo_s2/model/final_model.zip
no_action_guard,no_guard_negative_control,no_action_guard,ppo,2,0.25,10000,10008,8,0.0,1.0,0.12821449498082205,0.0,0.0,0.0,1.0,67.0,18.433525271411593,-630.1841120519287,34.181817880205585,35.68684708300155,7.90937842566873,0.0,1.0,0.12821449498082205,62.374320448151636,20.735366716333306,3.854276086122552,0.1777484243443289,0.16129032258064516,0.0,0.0,0.0,0.0,0.0,0.0,0.9488128805480925,0.8952929929364473,1.3068784930510446,1.8550210766261475,6.234129701624624,7.236624901997857,7.182942582172717,8.504953404190017,0.9488128805480925,1.3068784930510446,/home/aaa/data/qj/stable-baselines3-master/risk_curriculum_metadrive/outputs/tuned_ablation_no_action_guard_nenv16_seed2_1m/runs/no_action_guard_ppo_s2/config.json,/home/aaa/data/qj/stable-baselines3-master/risk_curriculum_metadrive/outputs/tuned_ablation_no_action_guard_nenv16_seed2_1m/runs/no_action_guard_ppo_s2/model/final_model.zip
no_action_guard,no_guard_negative_control,no_action_guard,ppo,2,0.25,10000,10009,9,0.0,1.0,0.1345690081996974,1.0,1.0,0.0,0.0,64.0,36.331347772455175,-666.6049987514673,33.14538211107526,34.5361198351997,7.771787334853542,0.0,1.0,0.1345690081996974,57.671835573281086,10.508102457690189,0.03793178091698402,0.5449765117824521,0.5625,0.0,0.0,0.0,0.0,0.0,0.0,0.9274134376937582,0.8776605027378537,1.191644401842495,1.9133155544113798,9.861126640316797,15.76197765680262,10.788540078010556,16.647802404622773,0.9274134376937582,1.191644401842495,/home/aaa/data/qj/stable-baselines3-master/risk_curriculum_metadrive/outputs/tuned_ablation_no_action_guard_nenv16_seed2_1m/runs/no_action_guard_ppo_s2/config.json,/home/aaa/data/qj/stable-baselines3-master/risk_curriculum_metadrive/outputs/tuned_ablation_no_action_guard_nenv16_seed2_1m/runs/no_action_guard_ppo_s2/model/final_model.zip
no_action_guard,no_guard_negative_control,no_action_guard,ppo,2,0.25,10000,10010,10,0.0,1.0,0.12063179159067923,0.0,0.0,0.0,1.0,79.0,32.86167565551664,-602.1802636191094,31.80213874959084,34.161028088303475,8.651196157258246,0.012658227848101266,1.0,0.12063179159067923,68.83853373357398,14.535959268116148,2.012488729735556,0.2619016036122853,0.3404255319148936,0.0,0.0,0.0,0.0,0.0,0.0,0.9122528861530267,0.8736909949220717,1.1383608987671319,1.4165805550874209,14.02475522820767,26.544438507698935,14.937008114360697,27.433730608026956,0.9122528861530267,1.1383608987671319,/home/aaa/data/qj/stable-baselines3-master/risk_curriculum_metadrive/outputs/tuned_ablation_no_action_guard_nenv16_seed2_1m/runs/no_action_guard_ppo_s2/config.json,/home/aaa/data/qj/stable-baselines3-master/risk_curriculum_metadrive/outputs/tuned_ablation_no_action_guard_nenv16_seed2_1m/runs/no_action_guard_ppo_s2/model/final_model.zip
no_action_guard,no_guard_negative_control,no_action_guard,ppo,2,0.25,10000,10011,11,0.0,1.0,0.14345193050433852,1.0,1.0,0.0,0.0,83.0,44.972631530111876,-787.4354485469439,36.245988053364236,43.77584774707523,9.916475688441352,0.0,1.0,0.14345193050433852,82.4521922474611,4.268893147060141,0.20104248693910715,0.3803456182671216,0.5510204081632653,0.0,0.0,0.0,0.0,0.0,0.0,1.1856663843801987,0.9664649987826124,2.228549597202796,5.471351128944647,17.187596446552583,32.560455100610845,18.37326283093278,34.3249556957744,1.1856663843801987,2.228549597202796,/home/aaa/data/qj/stable-baselines3-master/risk_curriculum_metadrive/outputs/tuned_ablation_no_action_guard_nenv16_seed2_1m/runs/no_action_guard_ppo_s2/config.json,/home/aaa/data/qj/stable-baselines3-master/risk_curriculum_metadrive/outputs/tuned_ablation_no_action_guard_nenv16_seed2_1m/runs/no_action_guard_ppo_s2/model/final_model.zip
no_action_guard,no_guard_negative_control,no_action_guard,ppo,2,0.25,10000,10012,12,0.0,1.0,0.1486255684107538,1.0,1.0,0.0,0.0,72.0,34.07603980593371,-500.6471442662248,32.85894186219286,38.010059254147286,8.559022666151817,0.0,1.0,0.1486255684107538,64.69128289137198,1.5601109817962717,0.4309531428892361,0.1208320488218024,1.0,0.0,0.0,0.0,0.0,0.0,0.0,0.9334429161956197,0.9016070034704171,1.1626054474618286,1.3405229701311332,5.673905291082014,7.105809652421158,6.607348207277634,8.123269752104534,0.9334429161956197,1.1626054474618286,/home/aaa/data/qj/stable-baselines3-master/risk_curriculum_metadrive/outputs/tuned_ablation_no_action_guard_nenv16_seed2_1m/runs/no_action_guard_ppo_s2/config.json,/home/aaa/data/qj/stable-baselines3-master/risk_curriculum_metadrive/outputs/tuned_ablation_no_action_guard_nenv16_seed2_1m/runs/no_action_guard_ppo_s2/model/final_model.zip
no_action_guard,no_guard_negative_control,no_action_guard,ppo,2,0.25,10000,10013,13,0.0,1.0,0.13786659134322166,0.0,0.0,0.0,1.0,85.0,40.7241211093931,-678.3440504555426,36.86389555969577,41.92271884929566,10.074497846044245,0.0,1.0,0.13786659134322166,85.90239384483914,,,0.0,0.0,0.0,0.0,0.0,0.0,0.0,0.0,1.5358714602531536,0.9781740081962198,4.812383803073315,6.132214246899818,15.94422736465383,25.59231380582787,17.480098824906985,27.433027199003845,1.5358714602531536,4.812383803073315,/home/aaa/data/qj/stable-baselines3-master/risk_curriculum_metadrive/outputs/tuned_ablation_no_action_guard_nenv16_seed2_1m/runs/no_action_guard_ppo_s2/config.json,/home/aaa/data/qj/stable-baselines3-master/risk_curriculum_metadrive/outputs/tuned_ablation_no_action_guard_nenv16_seed2_1m/runs/no_action_guard_ppo_s2/model/final_model.zip
no_action_guard,no_guard_negative_control,no_action_guard,ppo,2,0.25,10000,10014,14,0.0,1.0,0.13179758192515087,0.0,0.0,0.0,1.0,109.0,53.73626602813109,-1035.6889544915614,39.19006925410922,44.9933060096776,12.564164000424281,0.0,1.0,0.13179758192515087,117.82120966180506,8.113561775883728,0.7944660940484108,0.14660878571187408,0.59375,0.0,0.0,0.0,0.0,0.0,0.0,0.9728892942102318,0.8728669927222654,1.2385448004351929,1.9897183193825192,17.383928596279198,20.955614000558846,18.35681789048943,21.831766402465288,0.9728892942102318,1.2385448004351929,/home/aaa/data/qj/stable-baselines3-master/risk_curriculum_metadrive/outputs/tuned_ablation_no_action_guard_nenv16_seed2_1m/runs/no_action_guard_ppo_s2/config.json,/home/aaa/data/qj/stable-baselines3-master/risk_curriculum_metadrive/outputs/tuned_ablation_no_action_guard_nenv16_seed2_1m/runs/no_action_guard_ppo_s2/model/final_model.zip
no_action_guard,no_guard_negative_control,no_action_guard,ppo,2,0.25,10000,10015,15,0.0,1.0,0.09141243026171104,1.0,1.0,0.0,0.0,67.0,19.031872070841082,-677.4880485740521,33.844965416932226,36.44201070760387,8.146268610778687,0.0,1.0,0.09141243026171104,61.8718546443562,11.141902097351146,0.05445555753909582,0.4389172228265309,0.717391304347826,0.0,0.0,0.0,0.0,0.0,0.0,0.9864415231060042,0.9334770002169535,1.3736203007283614,1.5415106553700755,10.43376841763931,13.86478319473099,11.420209940745314,15.133725006307941,0.9864415231060042,1.3736203007283614,/home/aaa/data/qj/stable-baselines3-master/risk_curriculum_metadrive/outputs/tuned_ablation_no_action_guard_nenv16_seed2_1m/runs/no_action_guard_ppo_s2/config.json,/home/aaa/data/qj/stable-baselines3-master/risk_curriculum_metadrive/outputs/tuned_ablation_no_action_guard_nenv16_seed2_1m/runs/no_action_guard_ppo_s2/model/final_model.zip
no_action_guard,no_guard_negative_control,no_action_guard,ppo,2,0.25,10000,10016,16,0.0,1.0,0.3128843861756272,0.0,0.0,0.0,1.0,165.0,82.68046339632299,-840.4568588535017,35.58171925817622,38.29416130317214,17.140184621247155,0.006060606060606061,0.0,0.3128843861756272,162.4177166841055,,,0.0,0.0,0.0,0.0,0.0,0.0,0.0,0.0,0.9738694849092457,0.903417996596545,1.4153632015222681,2.290941237588409,9.573216157503229,11.816865394939668,10.547085642412474,12.747431593015788,0.9738694849092457,1.4153632015222681,/home/aaa/data/qj/stable-baselines3-master/risk_curriculum_metadrive/outputs/tuned_ablation_no_action_guard_nenv16_seed2_1m/runs/no_action_guard_ppo_s2/config.json,/home/aaa/data/qj/stable-baselines3-master/risk_curriculum_metadrive/outputs/tuned_ablation_no_action_guard_nenv16_seed2_1m/runs/no_action_guard_ppo_s2/model/final_model.zip
no_action_guard,no_guard_negative_control,no_action_guard,ppo,2,0.25,10000,10017,17,0.0,1.0,0.10007995338755903,1.0,1.0,0.0,0.0,73.0,51.336457828937945,-722.353131745984,36.67305316427223,38.225751493226525,8.68189367388343,0.0,1.0,0.10007995338755903,73.39364654760332,17.18086065576565,0.3267227073005294,0.23146079693310323,0.14634146341463414,0.0,0.0,0.0,0.0,0.0,0.0,0.9054773688884069,0.8317250030813739,1.1241188069107007,1.661482124472969,16.969308341424338,25.535734201548618,17.874785710312747,26.51887399842962,0.9054773688884069,1.1241188069107007,/home/aaa/data/qj/stable-baselines3-master/risk_curriculum_metadrive/outputs/tuned_ablation_no_action_guard_nenv16_seed2_1m/runs/no_action_guard_ppo_s2/config.json,/home/aaa/data/qj/stable-baselines3-master/risk_curriculum_metadrive/outputs/tuned_ablation_no_action_guard_nenv16_seed2_1m/runs/no_action_guard_ppo_s2/model/final_model.zip
no_action_guard,no_guard_negative_control,no_action_guard,ppo,2,0.25,10000,10018,18,0.0,1.0,0.230146107165735,1.0,1.0,0.0,0.0,89.0,73.3339210189834,-1052.919946153163,40.18479206226938,46.491580958698044,10.528893935161229,0.0,0.0,0.230146107165735,98.41870685337436,5.036751993710844,0.32342988141218926,0.4433528693142909,0.5294117647058824,0.0,0.0,0.0,0.0,0.0,0.0,0.9845792697847224,0.9177080064546317,1.4220121985999867,1.9100543169770396,11.258770673786907,13.937135797459632,12.24334994357163,14.882623197627254,0.9845792697847224,1.4220121985999867,/home/aaa/data/qj/stable-baselines3-master/risk_curriculum_metadrive/outputs/tuned_ablation_no_action_guard_nenv16_seed2_1m/runs/no_action_guard_ppo_s2/config.json,/home/aaa/data/qj/stable-baselines3-master/risk_curriculum_metadrive/outputs/tuned_ablation_no_action_guard_nenv16_seed2_1m/runs/no_action_guard_ppo_s2/model/final_model.zip
no_action_guard,no_guard_negative_control,no_action_guard,ppo,2,0.25,10000,10019,19,0.0,1.0,0.10077863148681244,1.0,1.0,0.0,0.0,81.0,35.87541603507969,-556.5648133639368,34.3910829657021,39.67983538970342,9.88539899412403,0.0,1.0,0.10077863148681244,76.47784835602113,1.5922284528451105,1.1354211304030821,0.0749530872737492,1.0,0.0,0.0,0.0,0.0,0.0,0.0,0.9238420246186217,0.8854640036588535,1.218094999785535,1.358139805961401,10.224527528834312,12.404521999997087,11.148369553452932,13.342026999453083,0.9238420246186217,1.218094999785535,/home/aaa/data/qj/stable-baselines3-master/risk_curriculum_metadrive/outputs/tuned_ablation_no_action_guard_nenv16_seed2_1m/runs/no_action_guard_ppo_s2/config.json,/home/aaa/data/qj/stable-baselines3-master/risk_curriculum_metadrive/outputs/tuned_ablation_no_action_guard_nenv16_seed2_1m/runs/no_action_guard_ppo_s2/model/final_model.zip
no_action_guard,no_guard_negative_control,no_action_guard,ppo,2,0.25,20000,20000,0,0.0,1.0,0.1458101410668294,1.0,1.0,0.0,0.0,59.0,22.028639260488028,-509.9298911179448,29.220379343868537,30.540245565455155,7.114384115669459,0.0,1.0,0.1458101410668294,47.28406552606676,11.522085741532639,0.4882262302861448,0.48431440411546706,0.6170212765957447,0.0,0.0,0.0,0.0,0.0,0.0,0.951010356726267,0.8978249970823526,1.2731669994536776,1.616785441001412,5.639957237674981,7.162750394491011,6.590967594401248,8.337670796026936,0.951010356726267,1.2731669994536776,/home/aaa/data/qj/stable-baselines3-master/risk_curriculum_metadrive/outputs/tuned_ablation_no_action_guard_nenv16_seed2_1m/runs/no_action_guard_ppo_s2/config.json,/home/aaa/data/qj/stable-baselines3-master/risk_curriculum_metadrive/outputs/tuned_ablation_no_action_guard_nenv16_seed2_1m/runs/no_action_guard_ppo_s2/model/final_model.zip
no_action_guard,no_guard_negative_control,no_action_guard,ppo,2,0.25,20000,20001,1,0.0,1.0,0.10706074384016981,0.0,0.0,0.0,1.0,64.0,23.892352687006017,-475.5708369429881,29.196299405576248,31.12348903539943,7.271527483537116,0.015625,1.0,0.10706074384016981,50.88298152928502,18.192383207128632,1.8161808354296514,0.250724437004589,0.3939393939393939,0.0,0.0,0.0,0.0,0.0,0.0,0.9243205167877022,0.8591725054429844,1.2873071558715306,1.6545179160311816,8.942458702676959,14.2445873992983,9.86677921946466,15.132937151065537,0.9243205167877022,1.2873071558715306,/home/aaa/data/qj/stable-baselines3-master/risk_curriculum_metadrive/outputs/tuned_ablation_no_action_guard_nenv16_seed2_1m/runs/no_action_guard_ppo_s2/config.json,/home/aaa/data/qj/stable-baselines3-master/risk_curriculum_metadrive/outputs/tuned_ablation_no_action_guard_nenv16_seed2_1m/runs/no_action_guard_ppo_s2/model/final_model.zip
no_action_guard,no_guard_negative_control,no_action_guard,ppo,2,0.25,20000,20002,2,0.0,1.0,0.1637344809155241,1.0,1.0,0.0,0.0,80.0,48.85536476754379,-508.30596350309116,34.37326553717742,42.97033539290163,9.83381738969985,0.0,1.0,0.1637344809155241,75.24270154928834,4.281426792905565,4.070519396731446,0.03216072169622681,1.0,0.0,0.0,0.0,0.0,0.0,0.0,1.1360781994881108,0.8833294996293262,3.284448401973348,4.746118691109574,11.103702775471902,20.77976084765396,12.239780974960013,22.06945184516371,1.1360781994881108,3.284448401973348,/home/aaa/data/qj/stable-baselines3-master/risk_curriculum_metadrive/outputs/tuned_ablation_no_action_guard_nenv16_seed2_1m/runs/no_action_guard_ppo_s2/config.json,/home/aaa/data/qj/stable-baselines3-master/risk_curriculum_metadrive/outputs/tuned_ablation_no_action_guard_nenv16_seed2_1m/runs/no_action_guard_ppo_s2/model/final_model.zip
no_action_guard,no_guard_negative_control,no_action_guard,ppo,2,0.25,20000,20003,3,0.0,1.0,0.19065307572937645,1.0,1.0,0.0,0.0,119.0,68.27325359901934,-1149.2723602595822,38.95675520738274,45.444294771128874,12.975601711713761,0.008403361344537815,1.0,0.19065307572937645,127.84419882129761,5.588795743991628,0.07285623916782484,0.37294625706475704,0.618421052631579,0.0,0.0,0.0,0.0,0.0,0.0,1.0459315801673263,0.8955079974839464,1.5353263966971966,3.8794825517106784,14.731140688532268,21.613302102196027,15.777072268699593,23.086964395770337,1.0459315801673263,1.5353263966971966,/home/aaa/data/qj/stable-baselines3-master/risk_curriculum_metadrive/outputs/tuned_ablation_no_action_guard_nenv16_seed2_1m/runs/no_action_guard_ppo_s2/config.json,/home/aaa/data/qj/stable-baselines3-master/risk_curriculum_metadrive/outputs/tuned_ablation_no_action_guard_nenv16_seed2_1m/runs/no_action_guard_ppo_s2/model/final_model.zip
no_action_guard,no_guard_negative_control,no_action_guard,ppo,2,0.25,20000,20004,4,0.0,1.0,0.24294852295611757,1.0,1.0,0.0,0.0,120.0,46.51165023084684,-1110.1973982819068,36.80250902920614,41.10775186996278,13.08442505223911,0.008333333333333333,0.0,0.24294852295611757,121.90764342971171,10.165527569830552,1.453421377655402,0.40408141020620036,0.5681818181818182,0.0,0.0,0.0,0.0,0.0,0.0,1.0807546006011155,0.9030989967868663,1.3711000981857067,1.7085110492189417,7.892323958367342,10.04672654598835,8.973078558968458,11.027864846255397,1.0807546006011155,1.3711000981857067,/home/aaa/data/qj/stable-baselines3-master/risk_curriculum_metadrive/outputs/tuned_ablation_no_action_guard_nenv16_seed2_1m/runs/no_action_guard_ppo_s2/config.json,/home/aaa/data/qj/stable-baselines3-master/risk_curriculum_metadrive/outputs/tuned_ablation_no_action_guard_nenv16_seed2_1m/runs/no_action_guard_ppo_s2/model/final_model.zip
no_action_guard,no_guard_negative_control,no_action_guard,ppo,2,0.25,20000,20005,5,0.0,1.0,0.3452786695301708,1.0,1.0,0.0,0.0,224.0,82.47709883062538,-1416.322664391637,34.60835515310012,34.13267691258086,23.405011887637276,0.0,0.0,0.3452786695301708,214.58748999315546,11.125518380528732,0.6355160164478487,0.22652122270216513,0.3884297520661157,0.0,0.0,0.0,0.0,0.0,0.0,1.3352156467720175,0.8918765015550889,4.926592057745438,6.496343458711646,22.797876856267457,37.469882799632614,24.133092503039475,40.20139698550338,1.3352156467720175,4.926592057745438,/home/aaa/data/qj/stable-baselines3-master/risk_curriculum_metadrive/outputs/tuned_ablation_no_action_guard_nenv16_seed2_1m/runs/no_action_guard_ppo_s2/config.json,/home/aaa/data/qj/stable-baselines3-master/risk_curriculum_metadrive/outputs/tuned_ablation_no_action_guard_nenv16_seed2_1m/runs/no_action_guard_ppo_s2/model/final_model.zip
no_action_guard,no_guard_negative_control,no_action_guard,ppo,2,0.25,20000,20006,6,0.0,1.0,0.11431169973198971,0.0,0.0,0.0,1.0,72.0,35.954388996378086,-535.0590187470716,33.12832779252957,35.191929764170666,7.947869025798018,0.013888888888888888,1.0,0.11431169973198971,65.13606934091993,4.917279199992777,4.3095560181230415,0.016395187037053758,0.5,0.0,0.0,0.0,0.0,0.0,0.0,1.5576823613325057,0.891186500666663,4.927197250071913,6.576115082134505,16.42162588965827,23.940897853753995,17.979308250990773,25.61123065315769,1.5576823613325057,4.927197250071913,/home/aaa/data/qj/stable-baselines3-master/risk_curriculum_metadrive/outputs/tuned_ablation_no_action_guard_nenv16_seed2_1m/runs/no_action_guard_ppo_s2/config.json,/home/aaa/data/qj/stable-baselines3-master/risk_curriculum_metadrive/outputs/tuned_ablation_no_action_guard_nenv16_seed2_1m/runs/no_action_guard_ppo_s2/model/final_model.zip
no_action_guard,no_guard_negative_control,no_action_guard,ppo,2,0.25,20000,20007,7,0.0,1.0,0.11001869095480689,1.0,1.0,0.0,0.0,55.0,27.282201537496846,-504.09057901209667,29.158178207779624,28.98386492499107,6.823717366441454,0.0,1.0,0.11001869095480689,44.12511309595782,11.368845766970322,0.4231166701914081,0.5075853243385671,0.5957446808510638,0.0,0.0,0.0,0.0,0.0,0.0,1.5674911992391571,0.9822349966270849,4.5886603023973285,5.319445361674298,11.695164489686828,18.054355289496016,13.262655688925985,19.202783299260773,1.5674911992391571,4.5886603023973285,/home/aaa/data/qj/stable-baselines3-master/risk_curriculum_metadrive/outputs/tuned_ablation_no_action_guard_nenv16_seed2_1m/runs/no_action_guard_ppo_s2/config.json,/home/aaa/data/qj/stable-baselines3-master/risk_curriculum_metadrive/outputs/tuned_ablation_no_action_guard_nenv16_seed2_1m/runs/no_action_guard_ppo_s2/model/final_model.zip
no_action_guard,no_guard_negative_control,no_action_guard,ppo,2,0.25,20000,20008,8,0.0,1.0,0.1666320567553363,1.0,1.0,0.0,0.0,107.0,33.84936775818638,-972.705632630801,38.555510194290214,43.123354154385964,12.084856960156644,0.0,1.0,0.1666320567553363,113.9658894588482,8.151369492109595,0.7858982165896187,0.0980566653837874,0.3888888888888889,0.0,0.0,0.0,0.0,0.0,0.0,1.4005608503896063,0.883205997524783,4.910036893852521,5.113868719781749,20.66933569062075,30.46328069467563,22.069896541010355,33.554115306469605,1.4005608503896063,4.910036893852521,/home/aaa/data/qj/stable-baselines3-master/risk_curriculum_metadrive/outputs/tuned_ablation_no_action_guard_nenv16_seed2_1m/runs/no_action_guard_ppo_s2/config.json,/home/aaa/data/qj/stable-baselines3-master/risk_curriculum_metadrive/outputs/tuned_ablation_no_action_guard_nenv16_seed2_1m/runs/no_action_guard_ppo_s2/model/final_model.zip
no_action_guard,no_guard_negative_control,no_action_guard,ppo,2,0.25,20000,20009,9,0.0,1.0,0.37379630167531924,0.0,0.0,0.0,1.0,139.0,73.11369252948228,-1279.0092347455186,41.81048912478634,45.30948016965398,15.163122677347259,0.0,0.0,0.37379630167531924,160.55175006248126,,,0.0,0.0,0.0,0.0,0.0,0.0,0.0,0.0,1.5416599931773267,0.9026350016938522,4.997565594385378,5.507947940495799,16.402270618521293,27.262938197236508,17.94393061169862,29.055070286267437,1.5416599931773267,4.997565594385378,/home/aaa/data/qj/stable-baselines3-master/risk_curriculum_metadrive/outputs/tuned_ablation_no_action_guard_nenv16_seed2_1m/runs/no_action_guard_ppo_s2/config.json,/home/aaa/data/qj/stable-baselines3-master/risk_curriculum_metadrive/outputs/tuned_ablation_no_action_guard_nenv16_seed2_1m/runs/no_action_guard_ppo_s2/model/final_model.zip
no_action_guard,no_guard_negative_control,no_action_guard,ppo,2,0.25,20000,20010,10,0.0,1.0,0.2862986508089528,0.0,0.0,0.0,1.0,113.0,60.85480511867004,-1111.2948750720914,41.00608224635618,48.35947147343548,12.55041456522088,0.0,0.0,0.2862986508089528,127.76272189133118,2.0878347586794552,0.8481466626171129,0.12426755833513958,1.0,0.0,0.0,0.0,0.0,0.0,0.0,0.9339764699817891,0.8249920065281913,1.0624164016917346,4.467780200648105,5.321642822164638,9.931614203378558,6.255619292146427,10.781267602578735,0.9339764699817891,1.0624164016917346,/home/aaa/data/qj/stable-baselines3-master/risk_curriculum_metadrive/outputs/tuned_ablation_no_action_guard_nenv16_seed2_1m/runs/no_action_guard_ppo_s2/config.json,/home/aaa/data/qj/stable-baselines3-master/risk_curriculum_metadrive/outputs/tuned_ablation_no_action_guard_nenv16_seed2_1m/runs/no_action_guard_ppo_s2/model/final_model.zip
no_action_guard,no_guard_negative_control,no_action_guard,ppo,2,0.25,20000,20011,11,0.0,1.0,0.21091447735129476,1.0,1.0,0.0,0.0,111.0,51.84965395905978,-1133.8394611410763,38.134506356950034,43.51471113981052,12.503806417934443,0.0,0.0,0.21091447735129476,116.75882242582318,9.876120217057375,0.3314328620571137,0.3670782180787804,0.6521739130434783,0.0,0.0,0.0,0.0,0.0,0.0,1.1103011272860237,0.8721920021343976,2.8171174999442883,4.946193291107193,23.769336207879935,45.01654500927543,24.879637335165956,46.0602614984964,1.1103011272860237,2.8171174999442883,/home/aaa/data/qj/stable-baselines3-master/risk_curriculum_metadrive/outputs/tuned_ablation_no_action_guard_nenv16_seed2_1m/runs/no_action_guard_ppo_s2/config.json,/home/aaa/data/qj/stable-baselines3-master/risk_curriculum_metadrive/outputs/tuned_ablation_no_action_guard_nenv16_seed2_1m/runs/no_action_guard_ppo_s2/model/final_model.zip
no_action_guard,no_guard_negative_control,no_action_guard,ppo,2,0.25,20000,20012,12,0.0,1.0,0.13396095071813052,0.0,0.0,0.0,1.0,76.0,35.92860758402841,-619.7392109449345,35.062887715380676,40.18916699614016,8.870071152053393,0.0,1.0,0.13396095071813052,72.97723513950884,1.9615476077653098,1.829115989954036,0.03302122497445622,1.0,0.0,0.0,0.0,0.0,0.0,0.0,1.2792949344561508,0.9047705025295727,4.62392875488149,5.075804499938386,10.108200828031649,17.380389748723246,11.3874957624878,18.589690003864234,1.2792949344561508,4.62392875488149,/home/aaa/data/qj/stable-baselines3-master/risk_curriculum_metadrive/outputs/tuned_ablation_no_action_guard_nenv16_seed2_1m/runs/no_action_guard_ppo_s2/config.json,/home/aaa/data/qj/stable-baselines3-master/risk_curriculum_metadrive/outputs/tuned_ablation_no_action_guard_nenv16_seed2_1m/runs/no_action_guard_ppo_s2/model/final_model.zip
no_action_guard,no_guard_negative_control,no_action_guard,ppo,2,0.25,20000,20013,13,0.0,1.0,0.09170864129640519,1.0,1.0,0.0,0.0,69.0,33.27717750208606,-478.62294910509706,32.555705560952184,33.539328215658564,7.703699929775368,0.014492753623188406,1.0,0.09170864129640519,61.73867304813064,0.4608140509412104,0.3223740021973921,0.027872429828644418,1.0,0.0,0.0,0.0,0.0,0.0,0.0,1.2771151455851488,0.9198040061164647,3.7940946029266343,4.720079521648579,11.35198562363824,19.096474396064874,12.629100769223388,20.983388196327724,1.2771151455851488,3.7940946029266343,/home/aaa/data/qj/stable-baselines3-master/risk_curriculum_metadrive/outputs/tuned_ablation_no_action_guard_nenv16_seed2_1m/runs/no_action_guard_ppo_s2/config.json,/home/aaa/data/qj/stable-baselines3-master/risk_curriculum_metadrive/outputs/tuned_ablation_no_action_guard_nenv16_seed2_1m/runs/no_action_guard_ppo_s2/model/final_model.zip
no_action_guard,no_guard_negative_control,no_action_guard,ppo,2,0.25,20000,20014,14,0.0,1.0,0.21950231515572377,1.0,1.0,0.0,0.0,103.0,72.72839014344308,-1228.330177589258,40.95378061003056,48.30279914765701,11.024595249310698,0.009708737864077669,0.0,0.21950231515572377,115.92745385737,6.722800633524078,0.5043523640307045,0.42088124861224496,0.5584415584415584,0.0,0.0,0.0,0.0,0.0,0.0,0.9749671060013251,0.9482570021646097,1.2526888909633271,1.6605729993898426,9.081309369807041,10.588372305210214,10.056276475808366,11.759568289562594,0.9749671060013251,1.2526888909633271,/home/aaa/data/qj/stable-baselines3-master/risk_curriculum_metadrive/outputs/tuned_ablation_no_action_guard_nenv16_seed2_1m/runs/no_action_guard_ppo_s2/config.json,/home/aaa/data/qj/stable-baselines3-master/risk_curriculum_metadrive/outputs/tuned_ablation_no_action_guard_nenv16_seed2_1m/runs/no_action_guard_ppo_s2/model/final_model.zip
no_action_guard,no_guard_negative_control,no_action_guard,ppo,2,0.25,20000,20015,15,0.0,1.0,0.11200518382444254,1.0,1.0,0.0,0.0,69.0,44.573751663677676,-574.7618329089707,35.101242614654865,37.639896948962196,8.372942294525854,0.0,1.0,0.11200518382444254,66.0302645320757,1.0796118447959022,0.08472220280618377,0.10551099666863863,1.0,0.0,0.0,0.0,0.0,0.0,0.0,1.0402918115437059,0.9519529994577169,1.5137065987801175,2.3934443964390075,5.951694392327529,6.757722000475042,6.991986203871235,8.251839797594585,1.0402918115437059,1.5137065987801175,/home/aaa/data/qj/stable-baselines3-master/risk_curriculum_metadrive/outputs/tuned_ablation_no_action_guard_nenv16_seed2_1m/runs/no_action_guard_ppo_s2/config.json,/home/aaa/data/qj/stable-baselines3-master/risk_curriculum_metadrive/outputs/tuned_ablation_no_action_guard_nenv16_seed2_1m/runs/no_action_guard_ppo_s2/model/final_model.zip
no_action_guard,no_guard_negative_control,no_action_guard,ppo,2,0.25,20000,20016,16,0.0,1.0,0.06920793293771123,1.0,1.0,0.0,0.0,57.0,26.25501017492818,-519.2407727134383,29.386095858558832,29.098864543783368,6.897727740921225,0.0,1.0,0.06920793293771123,45.246117464422156,12.056335571093946,0.3695185690564112,0.4809842993242453,0.6041666666666666,0.0,0.0,0.0,0.0,0.0,0.0,0.9910348249321574,0.9370159968966618,1.434895995771512,1.6794225224293764,12.681234772204782,20.512840998708267,13.672269597136939,21.882418196764775,0.9910348249321574,1.434895995771512,/home/aaa/data/qj/stable-baselines3-master/risk_curriculum_metadrive/outputs/tuned_ablation_no_action_guard_nenv16_seed2_1m/runs/no_action_guard_ppo_s2/config.json,/home/aaa/data/qj/stable-baselines3-master/risk_curriculum_metadrive/outputs/tuned_ablation_no_action_guard_nenv16_seed2_1m/runs/no_action_guard_ppo_s2/model/final_model.zip
no_action_guard,no_guard_negative_control,no_action_guard,ppo,2,0.25,20000,20017,17,0.0,1.0,0.11297373237710188,0.0,0.0,0.0,1.0,69.0,38.95126012632141,-558.9324953899002,34.585124403828125,36.42630025825594,8.193550849712953,0.0,1.0,0.11297373237710188,65.05580007977326,,,0.0,0.0,0.0,0.0,0.0,0.0,0.0,0.0,1.5994345516631163,0.9784120047697797,4.196119389962403,6.9717914384091175,14.18360202924173,24.104369405540634,15.783036580904845,26.540824805852026,1.5994345516631163,4.196119389962403,/home/aaa/data/qj/stable-baselines3-master/risk_curriculum_metadrive/outputs/tuned_ablation_no_action_guard_nenv16_seed2_1m/runs/no_action_guard_ppo_s2/config.json,/home/aaa/data/qj/stable-baselines3-master/risk_curriculum_metadrive/outputs/tuned_ablation_no_action_guard_nenv16_seed2_1m/runs/no_action_guard_ppo_s2/model/final_model.zip
no_action_guard,no_guard_negative_control,no_action_guard,ppo,2,0.25,20000,20018,18,0.0,1.0,0.13078322157275998,0.0,0.0,0.0,1.0,119.0,44.407067038736635,-905.6228071891609,36.27256908559256,37.98470889310046,13.200750194307872,0.0,1.0,0.13078322157275998,119.13625271396072,2.910173671052752,1.422859337470874,0.057288821400928024,0.6666666666666666,0.0,0.0,0.0,0.0,0.0,0.0,1.8165184619265193,0.9905259939841926,5.1402848926954885,5.938056110753676,19.808580840648222,35.31019619695142,21.625099302574743,38.622969694552,1.8165184619265193,5.1402848926954885,/home/aaa/data/qj/stable-baselines3-master/risk_curriculum_metadrive/outputs/tuned_ablation_no_action_guard_nenv16_seed2_1m/runs/no_action_guard_ppo_s2/config.json,/home/aaa/data/qj/stable-baselines3-master/risk_curriculum_metadrive/outputs/tuned_ablation_no_action_guard_nenv16_seed2_1m/runs/no_action_guard_ppo_s2/model/final_model.zip
no_action_guard,no_guard_negative_control,no_action_guard,ppo,2,0.25,20000,20019,19,0.0,1.0,0.1140324697584134,0.0,0.0,0.0,1.0,73.0,38.08370603095292,-526.1679111406726,32.195037645784474,34.80298010474515,8.137258354458291,0.0136986301369863,1.0,0.1140324697584134,64.16839312319775,24.893102506321036,3.7221455820112737,0.11732336874699904,0.2857142857142857,0.0,0.0,0.0,0.0,0.0,0.0,0.9835158902928488,0.9193599980790168,1.4215497969416895,2.08916692470666,9.149106575035784,10.337520990287885,10.132622465328632,11.374765005894005,0.9835158902928488,1.4215497969416895,/home/aaa/data/qj/stable-baselines3-master/risk_curriculum_metadrive/outputs/tuned_ablation_no_action_guard_nenv16_seed2_1m/runs/no_action_guard_ppo_s2/config.json,/home/aaa/data/qj/stable-baselines3-master/risk_curriculum_metadrive/outputs/tuned_ablation_no_action_guard_nenv16_seed2_1m/runs/no_action_guard_ppo_s2/model/final_model.zip
