label,role,variant,algo,train_seed,density,scenario_start_seed,map_seed,episode,success,cost,route_completion,collision,crash_vehicle,crash_object,out_of_road,episode_length,reward,shaped_reward,mean_speed_kmh,median_speed_kmh,p10_speed_kmh,stop_ratio,low_progress,progress_per_cost,path_length_m,mean_ttc,min_ttc,ttc_risk_mean,ttc_dangerous_fraction,intervention_count,soft_guard_count,hard_shield_count,overspeed_guard_count,intervention_rate_per_100_steps,intervention_rate_per_km,policy_inference_ms_mean,policy_inference_ms_p50,policy_inference_ms_p95,policy_inference_ms_p99,env_step_wall_ms_mean,env_step_wall_ms_p95,control_loop_wall_ms_mean,control_loop_wall_ms_p95,total_action_latency_ms_mean,total_action_latency_ms_p95,source_config_json,source_model_path
guard_only,action_intervention,guard_only,ppo,2,0.08,10000,10000,0,1.0,0.0,0.9906395515756251,0.0,0.0,0.0,0.0,1028.0,492.3236211002291,492.3236211002291,18.319553353591008,18.44939178237059,17.972987910173366,0.0,0.0,990639.5515756252,522.6823115755623,73.21929169826963,12.437551428037734,0.0,0.0,896.0,0.0,0.0,896.0,87.15953307392996,1714.2344023449293,1.7907870252955758,0.9974625063478015,5.000257353822235,6.769259266147856,6.047798124780576,13.610998707008548,7.8385851500761525,15.385986449837219,1.7907870252955758,5.000257353822235,/home/aaa/data/qj/stable-baselines3-master/risk_curriculum_metadrive/outputs/tuned_ablation_guard_only_nenv16_seed2_1m/runs/guard_only_ppo_s2/config.json,/home/aaa/data/qj/stable-baselines3-master/risk_curriculum_metadrive/outputs/tuned_ablation_guard_only_nenv16_seed2_1m/runs/guard_only_ppo_s2/model/final_model.zip
guard_only,action_intervention,guard_only,ppo,2,0.08,10000,10001,1,1.0,0.0,0.990416026592359,0.0,0.0,0.0,0.0,1008.0,492.7259278795445,492.7259278795445,18.173951464178334,18.445594245206898,17.947689614305414,0.0,0.0,990416.026592359,508.43053416792384,5.387544616678696,4.127886994327133,0.0016399938946729425,0.3333333333333333,864.0,0.0,3.0,861.0,85.71428571428571,1699.347190888105,1.4917036540080315,0.9720035013742745,4.433507251087576,6.77250524648115,5.181402571329344,10.819583296688506,6.673106225337376,13.288328297494445,1.4917036540080315,4.433507251087576,/home/aaa/data/qj/stable-baselines3-master/risk_curriculum_metadrive/outputs/tuned_ablation_guard_only_nenv16_seed2_1m/runs/guard_only_ppo_s2/config.json,/home/aaa/data/qj/stable-baselines3-master/risk_curriculum_metadrive/outputs/tuned_ablation_guard_only_nenv16_seed2_1m/runs/guard_only_ppo_s2/model/final_model.zip
guard_only,action_intervention,guard_only,ppo,2,0.08,10000,10002,2,0.0,1.0,0.5302316074169133,1.0,1.0,0.0,0.0,580.0,266.42247711524493,266.42247711524493,18.205145119349115,18.447902229853234,17.961832167993926,0.0,0.0,0.5302316074169133,292.89619766006166,41.94644872903101,0.664389209869646,0.0016286797112256255,0.045454545454545456,501.0,0.0,0.0,501.0,86.37931034482759,1710.5035982114925,1.1467402881705844,0.9525240020593628,2.193503749731459,4.897622929420322,7.0190383824630205,13.278269350121246,8.165778670633605,15.084454245516092,1.1467402881705844,2.193503749731459,/home/aaa/data/qj/stable-baselines3-master/risk_curriculum_metadrive/outputs/tuned_ablation_guard_only_nenv16_seed2_1m/runs/guard_only_ppo_s2/config.json,/home/aaa/data/qj/stable-baselines3-master/risk_curriculum_metadrive/outputs/tuned_ablation_guard_only_nenv16_seed2_1m/runs/guard_only_ppo_s2/model/final_model.zip
guard_only,action_intervention,guard_only,ppo,2,0.08,10000,10003,3,1.0,0.0,0.9903052757481116,0.0,0.0,0.0,0.0,919.0,471.86342200699903,471.86342200699903,18.258806883720606,18.46687624182992,17.95605613965032,0.0,0.0,990305.2757481117,465.66804068233654,33.37040431898406,9.694578515238856,0.0002598492820256046,0.0,794.0,3.0,0.0,791.0,86.39825897714908,1705.0772881827224,0.9769652611483547,0.8759889897191897,1.48998438817216,4.131894140155055,2.4017883374658995,3.693142313568386,3.3787535986142543,5.005195202829781,0.9769652611483547,1.48998438817216,/home/aaa/data/qj/stable-baselines3-master/risk_curriculum_metadrive/outputs/tuned_ablation_guard_only_nenv16_seed2_1m/runs/guard_only_ppo_s2/config.json,/home/aaa/data/qj/stable-baselines3-master/risk_curriculum_metadrive/outputs/tuned_ablation_guard_only_nenv16_seed2_1m/runs/guard_only_ppo_s2/model/final_model.zip
guard_only,action_intervention,guard_only,ppo,2,0.08,10000,10004,4,1.0,0.0,0.9910555442855236,0.0,0.0,0.0,0.0,1115.0,579.0919826958041,579.0919826958041,18.238987890168655,18.46555739818521,17.958605798064674,0.0,0.0,991055.5442855236,564.4659526993662,91.55219290888621,10.886058730337263,0.00012755967855240945,0.0,970.0,3.0,0.0,967.0,86.99551569506725,1718.438455608005,1.4211358332321582,0.9770559991011396,4.388858599122614,6.129726549843321,5.667485296439104,12.559221290575806,7.088621129671262,14.505625501624307,1.4211358332321582,4.388858599122614,/home/aaa/data/qj/stable-baselines3-master/risk_curriculum_metadrive/outputs/tuned_ablation_guard_only_nenv16_seed2_1m/runs/guard_only_ppo_s2/config.json,/home/aaa/data/qj/stable-baselines3-master/risk_curriculum_metadrive/outputs/tuned_ablation_guard_only_nenv16_seed2_1m/runs/guard_only_ppo_s2/model/final_model.zip
guard_only,action_intervention,guard_only,ppo,2,0.08,10000,10005,5,1.0,0.0,0.9906312654609466,0.0,0.0,0.0,0.0,966.0,478.5736246939836,478.5736246939836,18.241838977016073,18.468452142321887,17.954947716930644,0.0,0.0,990631.2654609466,489.0504140422844,12.84681029898575,7.779018283492606,0.0005933862206497042,0.0,837.0,3.0,0.0,834.0,86.64596273291926,1711.4799946322735,1.2071339047646947,0.8860684974933974,4.27960525121307,5.537855548755037,4.033072746089346,8.293416754895588,5.240206650854041,11.271848990872968,1.2071339047646947,4.27960525121307,/home/aaa/data/qj/stable-baselines3-master/risk_curriculum_metadrive/outputs/tuned_ablation_guard_only_nenv16_seed2_1m/runs/guard_only_ppo_s2/config.json,/home/aaa/data/qj/stable-baselines3-master/risk_curriculum_metadrive/outputs/tuned_ablation_guard_only_nenv16_seed2_1m/runs/guard_only_ppo_s2/model/final_model.zip
guard_only,action_intervention,guard_only,ppo,2,0.08,10000,10006,6,1.0,0.0,0.9923861376575451,0.0,0.0,0.0,0.0,1275.0,599.0915880326753,599.0915880326753,17.62116202023954,18.408775163587993,15.8006149841015,0.008627450980392156,0.0,992386.1376575452,623.5221333766884,21.713532326782243,0.5297461345433687,0.010914329700667804,0.10294117647058823,1041.0,18.0,14.0,1009.0,81.64705882352942,1669.5477903285605,1.854450012073286,1.0208780004177243,5.394752796564716,8.026038415555377,5.800094309071189,11.929017798684072,7.654544321144474,14.592703398375305,1.854450012073286,5.394752796564716,/home/aaa/data/qj/stable-baselines3-master/risk_curriculum_metadrive/outputs/tuned_ablation_guard_only_nenv16_seed2_1m/runs/guard_only_ppo_s2/config.json,/home/aaa/data/qj/stable-baselines3-master/risk_curriculum_metadrive/outputs/tuned_ablation_guard_only_nenv16_seed2_1m/runs/guard_only_ppo_s2/model/final_model.zip
guard_only,action_intervention,guard_only,ppo,2,0.08,10000,10007,7,0.0,0.0,0.9217093476618344,0.0,0.0,0.0,0.0,1500.0,731.6645103291145,731.6645103291145,18.247526237713924,18.42456359861099,17.957178875212342,0.0,0.0,921709.3476618344,759.8826568700698,33.46194865316947,9.62455673419904,0.00020768556875753644,0.0,1295.0,5.0,0.0,1290.0,86.33333333333333,1704.210496570694,1.2758517856612646,0.9104095006478019,4.0808319521602225,6.02935787232127,13.040197998168878,23.438629855809264,14.316049783830143,25.279332401260035,1.2758517856612646,4.0808319521602225,/home/aaa/data/qj/stable-baselines3-master/risk_curriculum_metadrive/outputs/tuned_ablation_guard_only_nenv16_seed2_1m/runs/guard_only_ppo_s2/config.json,/home/aaa/data/qj/stable-baselines3-master/risk_curriculum_metadrive/outputs/tuned_ablation_guard_only_nenv16_seed2_1m/runs/guard_only_ppo_s2/model/final_model.zip
guard_only,action_intervention,guard_only,ppo,2,0.08,10000,10008,8,1.0,0.0,0.9908241282990722,0.0,0.0,0.0,0.0,1072.0,490.24418163452265,490.24418163452265,16.76188823780223,18.330784759860457,9.922448744866376,0.0,0.0,990824.1282990723,498.504698603632,21.961966046267523,5.295113535027431,0.003328059320469476,0.0,792.0,38.0,2.0,752.0,73.88059701492537,1588.751324146957,1.089530664646204,0.9000255013233982,1.833970749430579,5.066742436756612,4.024524015995436,8.230560804076957,5.114054680641639,10.303656743053573,1.089530664646204,1.833970749430579,/home/aaa/data/qj/stable-baselines3-master/risk_curriculum_metadrive/outputs/tuned_ablation_guard_only_nenv16_seed2_1m/runs/guard_only_ppo_s2/config.json,/home/aaa/data/qj/stable-baselines3-master/risk_curriculum_metadrive/outputs/tuned_ablation_guard_only_nenv16_seed2_1m/runs/guard_only_ppo_s2/model/final_model.zip
guard_only,action_intervention,guard_only,ppo,2,0.08,10000,10009,9,1.0,0.0,0.9895945147254103,0.0,0.0,0.0,0.0,914.0,457.02675073933943,457.02675073933943,18.282812649698666,18.445274403020186,17.956945266572912,0.0,0.0,989594.5147254103,463.74572295079906,377.03484931010723,11.055573624281562,8.610743761109024e-05,0.0,793.0,1.0,0.0,792.0,86.76148796498906,1709.988816617362,1.0927019067674404,0.9074689951376058,1.95074015355203,5.083791969518643,2.929341737705709,6.357835653034269,4.0220436444731495,7.862168708379613,1.0927019067674404,1.95074015355203,/home/aaa/data/qj/stable-baselines3-master/risk_curriculum_metadrive/outputs/tuned_ablation_guard_only_nenv16_seed2_1m/runs/guard_only_ppo_s2/config.json,/home/aaa/data/qj/stable-baselines3-master/risk_curriculum_metadrive/outputs/tuned_ablation_guard_only_nenv16_seed2_1m/runs/guard_only_ppo_s2/model/final_model.zip
guard_only,action_intervention,guard_only,ppo,2,0.08,10000,10010,10,0.0,1.0,0.6067424068700398,1.0,1.0,0.0,0.0,695.0,316.0593556152086,316.0593556152086,17.947316264707336,18.361160144785757,17.88137207496953,0.0014388489208633094,0.0,0.6067424068700398,346.14814915829743,56.09391060779831,2.678857316035432,0.004126323165399662,0.023809523809523808,564.0,9.0,2.0,553.0,81.15107913669065,1629.3601493217184,1.3594965051806016,0.9887549967970699,4.321019494091159,5.463735868979706,7.724704320555914,13.487484205688814,9.084200825736517,15.574068795831407,1.3594965051806016,4.321019494091159,/home/aaa/data/qj/stable-baselines3-master/risk_curriculum_metadrive/outputs/tuned_ablation_guard_only_nenv16_seed2_1m/runs/guard_only_ppo_s2/config.json,/home/aaa/data/qj/stable-baselines3-master/risk_curriculum_metadrive/outputs/tuned_ablation_guard_only_nenv16_seed2_1m/runs/guard_only_ppo_s2/model/final_model.zip
guard_only,action_intervention,guard_only,ppo,2,0.08,10000,10011,11,1.0,0.0,0.9922293793813048,0.0,0.0,0.0,0.0,1185.0,598.2936514570415,598.2936514570415,18.069128758885736,18.427427670752778,17.912707848785786,0.0,0.0,992229.3793813048,594.2872747131075,108.08296424198859,6.6362179062698,0.0009887850926944832,0.0,996.0,11.0,1.0,984.0,84.05063291139241,1675.9571378687513,1.7134478683622734,0.9497970022493973,5.108154212939552,7.364382080850192,8.279930670828684,15.58063120173756,9.993378539190958,17.839039588579908,1.7134478683622734,5.108154212939552,/home/aaa/data/qj/stable-baselines3-master/risk_curriculum_metadrive/outputs/tuned_ablation_guard_only_nenv16_seed2_1m/runs/guard_only_ppo_s2/config.json,/home/aaa/data/qj/stable-baselines3-master/risk_curriculum_metadrive/outputs/tuned_ablation_guard_only_nenv16_seed2_1m/runs/guard_only_ppo_s2/model/final_model.zip
guard_only,action_intervention,guard_only,ppo,2,0.08,10000,10012,12,1.0,0.0,0.9895081862985431,0.0,0.0,0.0,0.0,884.0,439.63838427472075,439.63838427472075,17.800302653507824,18.42860264929139,17.923652004759138,0.013574660633484163,0.0,989508.1862985431,436.6312350252589,9.31024360528782,1.6910399216566758,0.01358924540359369,0.40540540540540543,748.0,2.0,15.0,731.0,84.61538461538461,1713.1161034705374,1.8772055237971212,0.9734505074447952,5.164025550038785,7.053058663295815,4.841971262511549,9.018731352261963,6.719176786308671,11.731781046546525,1.8772055237971212,5.164025550038785,/home/aaa/data/qj/stable-baselines3-master/risk_curriculum_metadrive/outputs/tuned_ablation_guard_only_nenv16_seed2_1m/runs/guard_only_ppo_s2/config.json,/home/aaa/data/qj/stable-baselines3-master/risk_curriculum_metadrive/outputs/tuned_ablation_guard_only_nenv16_seed2_1m/runs/guard_only_ppo_s2/model/final_model.zip
guard_only,action_intervention,guard_only,ppo,2,0.08,10000,10013,13,1.0,0.0,0.9927345155754604,0.0,0.0,0.0,0.0,1074.0,530.2945386413826,530.2945386413826,18.02372895448348,18.436415361374763,17.934626048141773,0.00558659217877095,0.0,992734.5155754605,537.2709767659611,591.7902919607324,5.665298096395058,0.002200328019875922,0.0,918.0,9.0,2.0,907.0,85.47486033519553,1708.6350085868996,1.6504065113849296,0.9444070019526407,5.167147547763306,6.974413175630616,6.81289825621254,14.579576708638335,8.463304767597469,16.66344219993334,1.6504065113849296,5.167147547763306,/home/aaa/data/qj/stable-baselines3-master/risk_curriculum_metadrive/outputs/tuned_ablation_guard_only_nenv16_seed2_1m/runs/guard_only_ppo_s2/config.json,/home/aaa/data/qj/stable-baselines3-master/risk_curriculum_metadrive/outputs/tuned_ablation_guard_only_nenv16_seed2_1m/runs/guard_only_ppo_s2/model/final_model.zip
guard_only,action_intervention,guard_only,ppo,2,0.08,10000,10014,14,0.0,0.0,0.9317193849799841,0.0,0.0,0.0,0.0,1500.0,743.798360706262,743.798360706262,18.365851394789598,18.464491704863512,17.973259845915326,0.0,0.0,931719.3849799841,764.8142082173706,400.86769886008875,135.43133656220238,0.0,0.0,1316.0,0.0,0.0,1316.0,87.73333333333333,1720.6793308238005,1.5959978045138996,0.9368304963572882,4.98987459068303,6.865900897682876,10.134556389898838,19.411983443569625,11.730554194412738,21.134607647400117,1.5959978045138996,4.98987459068303,/home/aaa/data/qj/stable-baselines3-master/risk_curriculum_metadrive/outputs/tuned_ablation_guard_only_nenv16_seed2_1m/runs/guard_only_ppo_s2/config.json,/home/aaa/data/qj/stable-baselines3-master/risk_curriculum_metadrive/outputs/tuned_ablation_guard_only_nenv16_seed2_1m/runs/guard_only_ppo_s2/model/final_model.zip
guard_only,action_intervention,guard_only,ppo,2,0.08,10000,10015,15,1.0,0.0,0.9930380526773127,0.0,0.0,0.0,0.0,1387.0,711.6054205103941,711.6054205103941,18.365917827136457,18.467562307403234,17.9768183236649,0.0,0.0,993038.0526773127,707.1757558270087,22.661213303090175,12.833641743936592,0.0,0.0,1221.0,0.0,0.0,1221.0,88.03172314347513,1726.5863400140154,1.5329656150840323,0.9302940015913919,4.98444870027015,6.938366547110501,6.105815462287812,13.596138398861513,7.638781077371845,15.397861607198138,1.5329656150840323,4.98444870027015,/home/aaa/data/qj/stable-baselines3-master/risk_curriculum_metadrive/outputs/tuned_ablation_guard_only_nenv16_seed2_1m/runs/guard_only_ppo_s2/config.json,/home/aaa/data/qj/stable-baselines3-master/risk_curriculum_metadrive/outputs/tuned_ablation_guard_only_nenv16_seed2_1m/runs/guard_only_ppo_s2/model/final_model.zip
guard_only,action_intervention,guard_only,ppo,2,0.08,10000,10016,16,1.0,0.0,0.9904604099554943,0.0,0.0,0.0,0.0,985.0,486.64552406953476,486.64552406953476,17.8349443782957,18.381596397957985,17.896387268173136,0.01116751269035533,0.0,990460.4099554943,487.52211766257574,29.70307030650856,1.8113842212644102,0.010755809073065165,0.2,817.0,7.0,13.0,797.0,82.94416243654823,1675.8214046105345,1.758960867625647,0.9446490003028885,5.268380595953203,7.569606609758915,5.39800839609145,11.037780193146316,7.156969263717097,13.113177989725955,1.758960867625647,5.268380595953203,/home/aaa/data/qj/stable-baselines3-master/risk_curriculum_metadrive/outputs/tuned_ablation_guard_only_nenv16_seed2_1m/runs/guard_only_ppo_s2/config.json,/home/aaa/data/qj/stable-baselines3-master/risk_curriculum_metadrive/outputs/tuned_ablation_guard_only_nenv16_seed2_1m/runs/guard_only_ppo_s2/model/final_model.zip
guard_only,action_intervention,guard_only,ppo,2,0.08,10000,10017,17,0.0,0.0,0.9361388442349962,0.0,0.0,0.0,0.0,1500.0,694.6603166506651,694.6603166506651,17.66443156991307,18.396344034730685,16.462634518755227,0.0,0.0,936138.8442349962,735.446860772886,53.66599150180894,10.23527781874214,0.0009194901470919138,0.0,1218.0,28.0,0.0,1190.0,81.2,1656.1359697966427,1.1896227101484935,0.9100269962800667,3.8039073500840432,5.192353056918363,9.143958308530273,17.75463155645411,10.333581018678766,19.783671908953693,1.1896227101484935,3.8039073500840432,/home/aaa/data/qj/stable-baselines3-master/risk_curriculum_metadrive/outputs/tuned_ablation_guard_only_nenv16_seed2_1m/runs/guard_only_ppo_s2/config.json,/home/aaa/data/qj/stable-baselines3-master/risk_curriculum_metadrive/outputs/tuned_ablation_guard_only_nenv16_seed2_1m/runs/guard_only_ppo_s2/model/final_model.zip
guard_only,action_intervention,guard_only,ppo,2,0.08,10000,10018,18,1.0,0.0,0.9912154133610044,0.0,0.0,0.0,0.0,860.0,422.69392931531223,422.69392931531223,17.83703329813024,18.41848676282744,17.899906078339264,0.009302325581395349,0.0,991215.4133610044,425.6093091687086,71.83141791876947,1.0860368873646014,0.011219942555949727,0.3235294117647059,719.0,4.0,11.0,704.0,83.6046511627907,1689.342748175166,0.9644129061577355,0.9119709939113818,1.3581476050603667,1.8994213764381025,3.9270064501981197,5.2507158972730394,4.891419356355855,6.328103639680194,0.9644129061577355,1.3581476050603667,/home/aaa/data/qj/stable-baselines3-master/risk_curriculum_metadrive/outputs/tuned_ablation_guard_only_nenv16_seed2_1m/runs/guard_only_ppo_s2/config.json,/home/aaa/data/qj/stable-baselines3-master/risk_curriculum_metadrive/outputs/tuned_ablation_guard_only_nenv16_seed2_1m/runs/guard_only_ppo_s2/model/final_model.zip
guard_only,action_intervention,guard_only,ppo,2,0.08,10000,10019,19,1.0,0.0,0.9932815466489205,0.0,0.0,0.0,0.0,1366.0,668.7059361258839,668.7059361258839,17.960349289913477,18.451855052471977,17.937691045461477,0.008052708638360176,0.0,993281.5466489206,680.9384869148053,14.118614036332357,5.721479875058986,0.0020432235245730797,0.0,1172.0,12.0,2.0,1158.0,85.79795021961932,1721.1539992549037,1.268603920187555,0.9325109931523912,4.3701979993784335,5.935949606646316,6.876704421632079,15.908934004983166,8.145308341819634,18.60733825014904,1.268603920187555,4.3701979993784335,/home/aaa/data/qj/stable-baselines3-master/risk_curriculum_metadrive/outputs/tuned_ablation_guard_only_nenv16_seed2_1m/runs/guard_only_ppo_s2/config.json,/home/aaa/data/qj/stable-baselines3-master/risk_curriculum_metadrive/outputs/tuned_ablation_guard_only_nenv16_seed2_1m/runs/guard_only_ppo_s2/model/final_model.zip
guard_only,action_intervention,guard_only,ppo,2,0.08,20000,20000,0,1.0,0.0,0.9868134280048777,0.0,0.0,0.0,0.0,708.0,343.4655741121167,343.4655741121167,17.667893646793782,18.410251858388673,17.893030565155186,0.012711864406779662,0.0,986813.4280048778,347.00720867803636,7.759689466732537,3.8870004462671273,0.01115150650060353,0.35,587.0,0.0,14.0,573.0,82.90960451977402,1691.6075093547583,0.9641669743472715,0.9071840031538159,1.3037052522122394,2.323616970243164,2.8619759492347567,4.295400503178826,3.826142923582028,5.437355246976949,0.9641669743472715,1.3037052522122394,/home/aaa/data/qj/stable-baselines3-master/risk_curriculum_metadrive/outputs/tuned_ablation_guard_only_nenv16_seed2_1m/runs/guard_only_ppo_s2/config.json,/home/aaa/data/qj/stable-baselines3-master/risk_curriculum_metadrive/outputs/tuned_ablation_guard_only_nenv16_seed2_1m/runs/guard_only_ppo_s2/model/final_model.zip
guard_only,action_intervention,guard_only,ppo,2,0.08,20000,20001,1,1.0,0.0,0.9896044467970445,0.0,0.0,0.0,0.0,1021.0,498.57092185617427,498.57092185617427,18.131146858497928,18.388979422260654,17.91650934998063,0.0,0.0,989604.4467970446,513.7754365276169,42.20759302521111,4.145316723210078,0.0013897977887613049,0.023255813953488372,851.0,4.0,2.0,845.0,83.34965719882467,1656.365679432898,1.0009459335604147,0.8793229935690761,1.406991999829188,4.481257993029426,3.024472119782077,4.668199006118812,4.025418053342492,6.666525005130097,1.0009459335604147,1.406991999829188,/home/aaa/data/qj/stable-baselines3-master/risk_curriculum_metadrive/outputs/tuned_ablation_guard_only_nenv16_seed2_1m/runs/guard_only_ppo_s2/config.json,/home/aaa/data/qj/stable-baselines3-master/risk_curriculum_metadrive/outputs/tuned_ablation_guard_only_nenv16_seed2_1m/runs/guard_only_ppo_s2/model/final_model.zip
guard_only,action_intervention,guard_only,ppo,2,0.08,20000,20002,2,1.0,0.0,0.9893455306981903,0.0,0.0,0.0,0.0,1006.0,501.8528000726219,501.8528000726219,17.66232768776932,18.40541387479184,16.45999614681616,0.006958250497017893,0.0,989345.5306981903,493.0619427418065,18.620361520713004,3.558818711898634,0.006570925401884411,0.03571428571428571,815.0,13.0,11.0,791.0,81.01391650099403,1652.9363338568953,1.011761075465951,0.8506810045219027,2.112848509568721,4.40875120766578,3.7366991453609897,7.7647037542192265,4.74846022082694,9.397046746016713,1.011761075465951,2.112848509568721,/home/aaa/data/qj/stable-baselines3-master/risk_curriculum_metadrive/outputs/tuned_ablation_guard_only_nenv16_seed2_1m/runs/guard_only_ppo_s2/config.json,/home/aaa/data/qj/stable-baselines3-master/risk_curriculum_metadrive/outputs/tuned_ablation_guard_only_nenv16_seed2_1m/runs/guard_only_ppo_s2/model/final_model.zip
guard_only,action_intervention,guard_only,ppo,2,0.08,20000,20003,3,1.0,0.0,0.9932983890326466,0.0,0.0,0.0,0.0,1337.0,658.502138026376,658.502138026376,18.23713283626508,18.418433042801066,17.943691447807822,0.0,0.0,993298.3890326465,676.8541151608664,34.815197057038276,11.227541499421433,0.00022954491924223283,0.0,1142.0,8.0,0.0,1134.0,85.41510845175767,1687.2173403696947,1.3581421002161376,0.9456400002818555,4.652019808418118,6.802282079006566,7.180200999362966,17.48625839536544,8.538343099579103,19.781485199928287,1.3581421002161376,4.652019808418118,/home/aaa/data/qj/stable-baselines3-master/risk_curriculum_metadrive/outputs/tuned_ablation_guard_only_nenv16_seed2_1m/runs/guard_only_ppo_s2/config.json,/home/aaa/data/qj/stable-baselines3-master/risk_curriculum_metadrive/outputs/tuned_ablation_guard_only_nenv16_seed2_1m/runs/guard_only_ppo_s2/model/final_model.zip
guard_only,action_intervention,guard_only,ppo,2,0.08,20000,20004,4,1.0,0.0,0.9907761487922095,0.0,0.0,0.0,0.0,992.0,502.6498451815671,502.6498451815671,18.192134445268444,18.422184183495325,17.944194886707994,0.0,0.0,990776.1487922096,500.8709529401692,24.014477155703037,6.713892338967379,0.0007326317102289753,0.0,850.0,3.0,1.0,846.0,85.68548387096774,1697.0439092353104,1.4197169880389993,0.9069410007214174,4.9850450493977405,7.138560563762441,3.680355603812073,7.871040199097478,5.100072591851072,10.908038649358787,1.4197169880389993,4.9850450493977405,/home/aaa/data/qj/stable-baselines3-master/risk_curriculum_metadrive/outputs/tuned_ablation_guard_only_nenv16_seed2_1m/runs/guard_only_ppo_s2/config.json,/home/aaa/data/qj/stable-baselines3-master/risk_curriculum_metadrive/outputs/tuned_ablation_guard_only_nenv16_seed2_1m/runs/guard_only_ppo_s2/model/final_model.zip
guard_only,action_intervention,guard_only,ppo,2,0.08,20000,20005,5,1.0,0.0,0.992569220242226,0.0,0.0,0.0,0.0,1143.0,564.2912302063241,564.2912302063241,18.194513552284015,18.420664763674218,17.948139418133948,0.0,0.0,992569.2202422261,577.2497073574577,15.06818170323641,7.063274702122322,0.0006014505099923226,0.0,982.0,3.0,1.0,978.0,85.91426071741033,1701.1701998003848,1.8001136920811676,0.9988060046453029,5.2194916002918035,7.915331401163699,6.685228575636614,12.97660970594734,8.485342267717781,15.2511041102116,1.8001136920811676,5.2194916002918035,/home/aaa/data/qj/stable-baselines3-master/risk_curriculum_metadrive/outputs/tuned_ablation_guard_only_nenv16_seed2_1m/runs/guard_only_ppo_s2/config.json,/home/aaa/data/qj/stable-baselines3-master/risk_curriculum_metadrive/outputs/tuned_ablation_guard_only_nenv16_seed2_1m/runs/guard_only_ppo_s2/model/final_model.zip
guard_only,action_intervention,guard_only,ppo,2,0.08,20000,20006,6,1.0,0.0,0.9918803216960356,0.0,0.0,0.0,0.0,1140.0,578.8668719171061,578.8668719171061,18.16704142895569,18.402136068078875,17.942937238921186,0.0008771929824561404,0.0,991880.3216960356,574.8549031232947,347.481538606884,2.6218156570050177,0.0018400201996597052,0.07142857142857142,973.0,1.0,3.0,969.0,85.35087719298245,1692.6010280394378,1.171491217565633,0.9000705031212419,2.881871958379631,5.187072022235946,3.637587427344937,7.969909894745796,4.80907864491057,10.916244341206035,1.171491217565633,2.881871958379631,/home/aaa/data/qj/stable-baselines3-master/risk_curriculum_metadrive/outputs/tuned_ablation_guard_only_nenv16_seed2_1m/runs/guard_only_ppo_s2/config.json,/home/aaa/data/qj/stable-baselines3-master/risk_curriculum_metadrive/outputs/tuned_ablation_guard_only_nenv16_seed2_1m/runs/guard_only_ppo_s2/model/final_model.zip
guard_only,action_intervention,guard_only,ppo,2,0.08,20000,20007,7,1.0,0.0,0.9885912982008714,0.0,0.0,0.0,0.0,897.0,427.9232885424697,427.9232885424697,17.528478257944837,18.39760630090805,17.29462686518686,0.014492753623188406,0.0,988591.2982008714,436.25383154942625,154.99195906569688,2.4121321814422902,0.014389304329740414,0.24,732.0,7.0,18.0,707.0,81.60535117056857,1677.9222256918254,1.5350474535292657,0.9680990042397752,5.0185020081698895,6.04377556592226,5.079166471543244,10.337609803536905,6.6142139250725105,12.865281192352995,1.5350474535292657,5.0185020081698895,/home/aaa/data/qj/stable-baselines3-master/risk_curriculum_metadrive/outputs/tuned_ablation_guard_only_nenv16_seed2_1m/runs/guard_only_ppo_s2/config.json,/home/aaa/data/qj/stable-baselines3-master/risk_curriculum_metadrive/outputs/tuned_ablation_guard_only_nenv16_seed2_1m/runs/guard_only_ppo_s2/model/final_model.zip
guard_only,action_intervention,guard_only,ppo,2,0.08,20000,20008,8,1.0,0.0,0.9937958512190882,0.0,0.0,0.0,0.0,1344.0,664.5628278621606,664.5628278621606,18.04476356082275,18.425967428711996,17.946332772111756,0.005952380952380952,0.0,993795.8512190882,673.222761567549,15.821348568397255,0.552628264514985,0.008728993205783079,0.4642857142857143,1149.0,1.0,13.0,1135.0,85.49107142857143,1706.7159127606428,1.478199988035894,1.0233480061287992,4.755036051210482,5.9655142534757015,5.62742109207734,11.76936845295131,7.1056210801132345,13.87271189378225,1.478199988035894,4.755036051210482,/home/aaa/data/qj/stable-baselines3-master/risk_curriculum_metadrive/outputs/tuned_ablation_guard_only_nenv16_seed2_1m/runs/guard_only_ppo_s2/config.json,/home/aaa/data/qj/stable-baselines3-master/risk_curriculum_metadrive/outputs/tuned_ablation_guard_only_nenv16_seed2_1m/runs/guard_only_ppo_s2/model/final_model.zip
guard_only,action_intervention,guard_only,ppo,2,0.08,20000,20009,9,1.0,0.0,0.9877785081656644,0.0,0.0,0.0,0.0,833.0,388.7914099126322,388.7914099126322,17.295622681944256,18.377438481230516,17.096736162053944,0.027611044417767107,0.0,987778.5081656644,399.70168268529,4.577506981794775,0.47695324515975795,0.025986703337020706,0.6470588235294118,683.0,2.0,28.0,653.0,81.99279711884753,1708.7743924705176,1.4822139326940846,0.9395380038768053,4.910571605432779,7.342852795263745,6.088849055318895,12.118480805656871,7.57106298801298,13.84935239329934,1.4822139326940846,4.910571605432779,/home/aaa/data/qj/stable-baselines3-master/risk_curriculum_metadrive/outputs/tuned_ablation_guard_only_nenv16_seed2_1m/runs/guard_only_ppo_s2/config.json,/home/aaa/data/qj/stable-baselines3-master/risk_curriculum_metadrive/outputs/tuned_ablation_guard_only_nenv16_seed2_1m/runs/guard_only_ppo_s2/model/final_model.zip
guard_only,action_intervention,guard_only,ppo,2,0.08,20000,20010,10,1.0,0.0,0.9890172586779594,0.0,0.0,0.0,0.0,878.0,452.24060553444144,452.24060553444144,18.26999196831451,18.43470525644853,17.96699107708789,0.0,0.0,989017.2586779594,445.17583466395075,,,0.0,0.0,763.0,0.0,0.0,763.0,86.90205011389521,1713.9295096194173,1.365671071783716,0.9532155017950572,4.83936789969448,5.999543033394732,2.6019256127127637,5.791230648901546,3.9675966844964794,7.7552219619974485,1.365671071783716,4.83936789969448,/home/aaa/data/qj/stable-baselines3-master/risk_curriculum_metadrive/outputs/tuned_ablation_guard_only_nenv16_seed2_1m/runs/guard_only_ppo_s2/config.json,/home/aaa/data/qj/stable-baselines3-master/risk_curriculum_metadrive/outputs/tuned_ablation_guard_only_nenv16_seed2_1m/runs/guard_only_ppo_s2/model/final_model.zip
guard_only,action_intervention,guard_only,ppo,2,0.08,20000,20011,11,1.0,0.0,0.9912874133351056,0.0,0.0,0.0,0.0,1123.0,519.2265272902462,519.2265272902462,17.606288892657368,18.41058572160693,17.897978367869893,0.020480854853072127,0.0,991287.4133351056,548.7384577981078,7.634252568982495,1.15303105352378,0.018631861843278103,0.45652173913043476,948.0,1.0,29.0,918.0,84.41674087266252,1727.598980038663,1.401916164665886,0.9513839904684573,4.9640559009276295,5.619885017804333,7.401896811393939,14.660889102378858,8.803812976059826,16.380072996253126,1.401916164665886,4.9640559009276295,/home/aaa/data/qj/stable-baselines3-master/risk_curriculum_metadrive/outputs/tuned_ablation_guard_only_nenv16_seed2_1m/runs/guard_only_ppo_s2/config.json,/home/aaa/data/qj/stable-baselines3-master/risk_curriculum_metadrive/outputs/tuned_ablation_guard_only_nenv16_seed2_1m/runs/guard_only_ppo_s2/model/final_model.zip
guard_only,action_intervention,guard_only,ppo,2,0.08,20000,20012,12,1.0,0.0,0.9909195718045324,0.0,0.0,0.0,0.0,1020.0,521.8754504589826,521.8754504589826,18.308889031164675,18.459590523041193,17.965531367360033,0.0,0.0,990919.5718045324,518.3219172600012,,,0.0,0.0,888.0,0.0,0.0,888.0,87.05882352941177,1713.2210127139201,1.2597909214759164,0.9305689964094199,4.1521176921378355,5.88830740423873,3.2375245968960726,7.459913797356419,4.497315518371989,9.658306259370875,1.2597909214759164,4.1521176921378355,/home/aaa/data/qj/stable-baselines3-master/risk_curriculum_metadrive/outputs/tuned_ablation_guard_only_nenv16_seed2_1m/runs/guard_only_ppo_s2/config.json,/home/aaa/data/qj/stable-baselines3-master/risk_curriculum_metadrive/outputs/tuned_ablation_guard_only_nenv16_seed2_1m/runs/guard_only_ppo_s2/model/final_model.zip
guard_only,action_intervention,guard_only,ppo,2,0.08,20000,20013,13,1.0,0.0,0.9941238528056654,0.0,0.0,0.0,0.0,1318.0,673.5589228984346,673.5589228984346,18.284919113026223,18.419272632483,17.96086390182122,0.0007587253414264037,0.0,994123.8528056655,668.985841109717,31.146316873136353,10.424614939622657,0.00012284704165214474,0.0,1131.0,3.0,0.0,1128.0,85.81183611532626,1690.618740336704,1.3159220548204784,0.9577780001563951,4.3893241432669905,5.352090645319549,7.544470646993907,16.021609998279015,8.860392701814385,18.30439874975127,1.3159220548204784,4.3893241432669905,/home/aaa/data/qj/stable-baselines3-master/risk_curriculum_metadrive/outputs/tuned_ablation_guard_only_nenv16_seed2_1m/runs/guard_only_ppo_s2/config.json,/home/aaa/data/qj/stable-baselines3-master/risk_curriculum_metadrive/outputs/tuned_ablation_guard_only_nenv16_seed2_1m/runs/guard_only_ppo_s2/model/final_model.zip
guard_only,action_intervention,guard_only,ppo,2,0.08,20000,20014,14,1.0,0.0,0.991354240837247,0.0,0.0,0.0,0.0,1066.0,545.5418614833976,545.5418614833976,18.2134242642909,18.408990643959182,17.942799499895273,0.0009380863039399625,0.0,991354.240837247,538.8950028979885,16.351779890759534,11.631424098815213,9.397716728269288e-05,0.0,910.0,5.0,0.0,905.0,85.36585365853658,1688.6406352004358,1.142782072274986,0.8872725011315197,3.9743707529851235,5.183926356403383,4.5198011352382705,11.479370747110806,5.662583207513256,13.702683507290203,1.142782072274986,3.9743707529851235,/home/aaa/data/qj/stable-baselines3-master/risk_curriculum_metadrive/outputs/tuned_ablation_guard_only_nenv16_seed2_1m/runs/guard_only_ppo_s2/config.json,/home/aaa/data/qj/stable-baselines3-master/risk_curriculum_metadrive/outputs/tuned_ablation_guard_only_nenv16_seed2_1m/runs/guard_only_ppo_s2/model/final_model.zip
guard_only,action_intervention,guard_only,ppo,2,0.08,20000,20015,15,1.0,0.0,0.9931172406475891,0.0,0.0,0.0,0.0,1157.0,591.0862472233914,591.0862472233914,18.302993436617808,18.452260955748383,17.95966440121105,0.0,0.0,993117.2406475892,587.8044845700833,12.922328642030951,8.854117087486248,0.00025915147749036035,0.0,1004.0,2.0,0.0,1002.0,86.7761452031115,1708.0509359065531,1.3468233192350205,0.9247859998140484,4.580473809619434,5.643012164509857,4.610693604132871,10.619614794268276,5.9575169233678915,12.842186790658163,1.3468233192350205,4.580473809619434,/home/aaa/data/qj/stable-baselines3-master/risk_curriculum_metadrive/outputs/tuned_ablation_guard_only_nenv16_seed2_1m/runs/guard_only_ppo_s2/config.json,/home/aaa/data/qj/stable-baselines3-master/risk_curriculum_metadrive/outputs/tuned_ablation_guard_only_nenv16_seed2_1m/runs/guard_only_ppo_s2/model/final_model.zip
guard_only,action_intervention,guard_only,ppo,2,0.08,20000,20016,16,1.0,0.0,0.9934292242708272,0.0,0.0,0.0,0.0,1402.0,686.145080629328,686.145080629328,18.34756448039921,18.44862813842328,17.969628218543065,0.0,0.0,993429.2242708273,714.1206214508862,14.380158854123474,11.369417818947477,3.748110919237534e-05,0.0,1229.0,1.0,0.0,1228.0,87.660485021398,1720.9977741617768,1.2850794100268883,0.9441854999749921,3.884377455688082,5.3948572181980134,4.962579471476146,11.685350450716216,6.2476588815030345,13.346218231163222,1.2850794100268883,3.884377455688082,/home/aaa/data/qj/stable-baselines3-master/risk_curriculum_metadrive/outputs/tuned_ablation_guard_only_nenv16_seed2_1m/runs/guard_only_ppo_s2/config.json,/home/aaa/data/qj/stable-baselines3-master/risk_curriculum_metadrive/outputs/tuned_ablation_guard_only_nenv16_seed2_1m/runs/guard_only_ppo_s2/model/final_model.zip
guard_only,action_intervention,guard_only,ppo,2,0.08,20000,20017,17,1.0,0.0,0.9937079797056919,0.0,0.0,0.0,0.0,1229.0,634.3669208392139,634.3669208392139,18.03531156993563,18.43458716431703,17.925690924865737,0.007323026851098454,0.0,993707.9797056919,615.2091750573214,13.36809451026623,3.5331836205416183,0.005398765234563785,0.3333333333333333,1048.0,1.0,11.0,1036.0,85.27257933279088,1703.485647629286,1.4798699640423594,0.9514289995422587,4.982770801871084,6.019439796800725,6.099207592090672,12.353084006463174,7.579077556133032,13.936101598665116,1.4798699640423594,4.982770801871084,/home/aaa/data/qj/stable-baselines3-master/risk_curriculum_metadrive/outputs/tuned_ablation_guard_only_nenv16_seed2_1m/runs/guard_only_ppo_s2/config.json,/home/aaa/data/qj/stable-baselines3-master/risk_curriculum_metadrive/outputs/tuned_ablation_guard_only_nenv16_seed2_1m/runs/guard_only_ppo_s2/model/final_model.zip
guard_only,action_intervention,guard_only,ppo,2,0.08,20000,20018,18,0.0,0.0,0.9150673481303936,0.0,0.0,0.0,0.0,1500.0,675.8724456924567,675.8724456924567,17.193597033563908,18.354713705845008,12.096554934096279,0.0,0.0,915067.3481303937,715.8065082966341,18.356839278621614,10.444042449228489,0.001346261680213769,0.0,1184.0,39.0,0.0,1145.0,78.93333333333334,1654.078282715675,1.3072682439621228,0.9130455000558868,4.342861748591529,5.863868977467064,7.2284333156809835,14.218188445374834,8.535701559643107,15.955567959463224,1.3072682439621228,4.342861748591529,/home/aaa/data/qj/stable-baselines3-master/risk_curriculum_metadrive/outputs/tuned_ablation_guard_only_nenv16_seed2_1m/runs/guard_only_ppo_s2/config.json,/home/aaa/data/qj/stable-baselines3-master/risk_curriculum_metadrive/outputs/tuned_ablation_guard_only_nenv16_seed2_1m/runs/guard_only_ppo_s2/model/final_model.zip
guard_only,action_intervention,guard_only,ppo,2,0.08,20000,20019,19,1.0,0.0,0.9903571052363859,0.0,0.0,0.0,0.0,1096.0,551.5485561002293,551.5485561002293,18.288407325838648,18.422005380425787,17.968529742237777,0.0,0.0,990357.105236386,556.3524737140598,99.94337568682114,58.617498695241935,0.0,0.0,952.0,0.0,0.0,952.0,86.86131386861314,1711.1454428245884,1.380917696277169,0.8965910019469447,4.872130499279592,6.253657344495876,6.735869452605737,16.01226800630684,8.116787148882906,18.498517005355097,1.380917696277169,4.872130499279592,/home/aaa/data/qj/stable-baselines3-master/risk_curriculum_metadrive/outputs/tuned_ablation_guard_only_nenv16_seed2_1m/runs/guard_only_ppo_s2/config.json,/home/aaa/data/qj/stable-baselines3-master/risk_curriculum_metadrive/outputs/tuned_ablation_guard_only_nenv16_seed2_1m/runs/guard_only_ppo_s2/model/final_model.zip
guard_only,action_intervention,guard_only,ppo,2,0.2,10000,10000,0,0.0,1.0,0.399174486367782,1.0,1.0,0.0,0.0,425.0,172.8083798072641,172.8083798072641,17.612954600124436,18.374175779090997,15.201781401933815,0.0,0.0,0.399174486367782,207.48872212004275,39.40450464155733,6.300451984611082,0.002976024357385629,0.0,337.0,5.0,2.0,330.0,79.29411764705883,1624.1846619741984,1.1567398211370934,0.8980249986052513,3.063361396198152,4.9284752865787596,17.388541668598705,28.692425996996455,18.5452814897358,29.77861120307352,1.1567398211370934,3.063361396198152,/home/aaa/data/qj/stable-baselines3-master/risk_curriculum_metadrive/outputs/tuned_ablation_guard_only_nenv16_seed2_1m/runs/guard_only_ppo_s2/config.json,/home/aaa/data/qj/stable-baselines3-master/risk_curriculum_metadrive/outputs/tuned_ablation_guard_only_nenv16_seed2_1m/runs/guard_only_ppo_s2/model/final_model.zip
guard_only,action_intervention,guard_only,ppo,2,0.2,10000,10001,1,1.0,0.0,0.9909237433470204,0.0,0.0,0.0,0.0,1078.0,488.2755721525373,488.2755721525373,17.03047582994942,18.299297219088885,12.09317163460935,0.0018552875695732839,0.0,990923.7433470205,509.3468049649695,113.05511504834338,3.8282981816023662,0.004997242411656182,0.011627906976744186,789.0,36.0,5.0,748.0,73.19109461966605,1549.0427981662979,1.2858269859632565,0.9023674938362092,4.295503702451241,5.321648609096884,11.762618649951165,22.120907044154592,13.04844563591442,24.267012510972563,1.2858269859632565,4.295503702451241,/home/aaa/data/qj/stable-baselines3-master/risk_curriculum_metadrive/outputs/tuned_ablation_guard_only_nenv16_seed2_1m/runs/guard_only_ppo_s2/config.json,/home/aaa/data/qj/stable-baselines3-master/risk_curriculum_metadrive/outputs/tuned_ablation_guard_only_nenv16_seed2_1m/runs/guard_only_ppo_s2/model/final_model.zip
guard_only,action_intervention,guard_only,ppo,2,0.2,10000,10002,2,1.0,0.0,0.9907823111959013,0.0,0.0,0.0,0.0,1386.0,522.7560889774466,522.7560889774466,14.386582281100605,17.98860349359653,5.011166330347168,0.024531024531024532,0.0,990782.3111959014,552.794222263752,34.30328652892237,2.105798380275985,0.018267902464404538,0.005326231691078562,806.0,113.0,22.0,671.0,58.152958152958156,1458.0470770829388,1.106103786377708,0.9004044986795634,2.4075590044958517,5.030870945483914,19.202959642013212,44.80038424298982,20.30906342839092,46.23121099211858,1.106103786377708,2.4075590044958517,/home/aaa/data/qj/stable-baselines3-master/risk_curriculum_metadrive/outputs/tuned_ablation_guard_only_nenv16_seed2_1m/runs/guard_only_ppo_s2/config.json,/home/aaa/data/qj/stable-baselines3-master/risk_curriculum_metadrive/outputs/tuned_ablation_guard_only_nenv16_seed2_1m/runs/guard_only_ppo_s2/model/final_model.zip
guard_only,action_intervention,guard_only,ppo,2,0.2,10000,10003,3,1.0,0.0,0.989476702816722,0.0,0.0,0.0,0.0,1313.0,467.8839708232865,467.8839708232865,12.78797256780367,12.263670611950102,5.9228607061815755,0.0015232292460015233,0.0,989476.702816722,465.11314555847684,48.03881326531634,3.739821391816853,0.015607008619305402,0.003694581280788177,574.0,147.0,5.0,422.0,43.71667936024372,1234.1083142485236,0.9961363822612762,0.8664339984534308,1.3044546009041356,2.8040377254364857,8.064539858233326,13.545800599968059,9.060676240494601,14.676909401896408,0.9961363822612762,1.3044546009041356,/home/aaa/data/qj/stable-baselines3-master/risk_curriculum_metadrive/outputs/tuned_ablation_guard_only_nenv16_seed2_1m/runs/guard_only_ppo_s2/config.json,/home/aaa/data/qj/stable-baselines3-master/risk_curriculum_metadrive/outputs/tuned_ablation_guard_only_nenv16_seed2_1m/runs/guard_only_ppo_s2/model/final_model.zip
guard_only,action_intervention,guard_only,ppo,2,0.2,10000,10004,4,0.0,1.0,0.4077203724584794,1.0,1.0,0.0,0.0,836.0,198.65115227481854,198.65115227481854,9.807295863087308,8.311525472880364,0.640156907894327,0.1255980861244019,0.0,0.4077203724584794,225.56750197077847,33.35238963043675,6.843305861623821,0.021652274044193953,0.0,383.0,115.0,2.0,266.0,45.8133971291866,1697.9396262925163,1.0032521219758104,0.9153404971584678,1.4934357459424064,2.473942602227907,14.346184838185412,19.181093000952387,15.34943696016122,20.25622399378335,1.0032521219758104,1.4934357459424064,/home/aaa/data/qj/stable-baselines3-master/risk_curriculum_metadrive/outputs/tuned_ablation_guard_only_nenv16_seed2_1m/runs/guard_only_ppo_s2/config.json,/home/aaa/data/qj/stable-baselines3-master/risk_curriculum_metadrive/outputs/tuned_ablation_guard_only_nenv16_seed2_1m/runs/guard_only_ppo_s2/model/final_model.zip
guard_only,action_intervention,guard_only,ppo,2,0.2,10000,10005,5,1.0,0.0,0.9904523025285097,0.0,0.0,0.0,0.0,1187.0,463.22698108641663,463.22698108641663,14.875247051253755,18.156444527091317,4.965464392625907,0.06655433866891322,0.0,990452.3025285098,489.60836929714657,22.040315216992827,0.037787616908685144,0.04540390912352286,0.10574712643678161,814.0,62.0,68.0,684.0,68.57624262847514,1662.5532794068272,1.0894225726194213,0.9179039916489273,1.5091836059582426,4.174981582618798,13.806329101921653,24.370761294267144,14.895751674541076,26.005541499762344,1.0894225726194213,1.5091836059582426,/home/aaa/data/qj/stable-baselines3-master/risk_curriculum_metadrive/outputs/tuned_ablation_guard_only_nenv16_seed2_1m/runs/guard_only_ppo_s2/config.json,/home/aaa/data/qj/stable-baselines3-master/risk_curriculum_metadrive/outputs/tuned_ablation_guard_only_nenv16_seed2_1m/runs/guard_only_ppo_s2/model/final_model.zip
guard_only,action_intervention,guard_only,ppo,2,0.2,10000,10006,6,1.0,0.0,0.992645557075234,0.0,0.0,0.0,0.0,1447.0,586.2032129261127,586.2032129261127,15.52917894019917,18.175720749119254,7.965151094006739,0.01520387007601935,0.0,992645.5570752341,623.2789603834967,45.26150272162937,0.8871899400360501,0.021719979649500145,0.05733944954128441,959.0,78.0,26.0,855.0,66.27505183137527,1538.6368880636333,0.9264876854948059,0.8811380102997646,1.2572451028972866,1.66382721683476,8.908392502534888,17.164229905756656,9.834880188029693,18.100279802456498,0.9264876854948059,1.2572451028972866,/home/aaa/data/qj/stable-baselines3-master/risk_curriculum_metadrive/outputs/tuned_ablation_guard_only_nenv16_seed2_1m/runs/guard_only_ppo_s2/config.json,/home/aaa/data/qj/stable-baselines3-master/risk_curriculum_metadrive/outputs/tuned_ablation_guard_only_nenv16_seed2_1m/runs/guard_only_ppo_s2/model/final_model.zip
guard_only,action_intervention,guard_only,ppo,2,0.2,10000,10007,7,0.0,1.0,0.17972367929241226,1.0,1.0,0.0,0.0,851.0,131.4408712477335,131.4408712477335,6.2638206210964995,2.7681008068799478,0.4276400764173636,0.22326674500587543,1.0,0.17972367929241226,145.44763365108201,79.49906098930714,4.94537194961636,0.049627837882620054,0.0014347202295552368,334.0,187.0,23.0,124.0,39.247943595769684,2296.359119882562,0.9366769247035005,0.9084199991775677,1.2237419941811822,1.4664420014014468,14.560162450946686,15.70190500933677,15.496839375650186,16.685886999766808,0.9366769247035005,1.2237419941811822,/home/aaa/data/qj/stable-baselines3-master/risk_curriculum_metadrive/outputs/tuned_ablation_guard_only_nenv16_seed2_1m/runs/guard_only_ppo_s2/config.json,/home/aaa/data/qj/stable-baselines3-master/risk_curriculum_metadrive/outputs/tuned_ablation_guard_only_nenv16_seed2_1m/runs/guard_only_ppo_s2/model/final_model.zip
guard_only,action_intervention,guard_only,ppo,2,0.2,10000,10008,8,0.0,1.0,0.48173509695675093,1.0,1.0,0.0,0.0,875.0,216.19371898456228,216.19371898456228,9.937907926250848,9.788962413882459,1.3354794241105405,0.08685714285714285,0.0,0.48173509695675093,239.9936600186138,40.57599898630459,7.130963964425387,0.023217294375110487,0.0,327.0,138.0,1.0,188.0,37.371428571428574,1362.5359935534882,0.965709601362635,0.9179229964502156,1.3412017971859305,2.053909559326712,10.279706423869357,14.352745198993942,11.245416025231991,15.49011948955012,0.965709601362635,1.3412017971859305,/home/aaa/data/qj/stable-baselines3-master/risk_curriculum_metadrive/outputs/tuned_ablation_guard_only_nenv16_seed2_1m/runs/guard_only_ppo_s2/config.json,/home/aaa/data/qj/stable-baselines3-master/risk_curriculum_metadrive/outputs/tuned_ablation_guard_only_nenv16_seed2_1m/runs/guard_only_ppo_s2/model/final_model.zip
guard_only,action_intervention,guard_only,ppo,2,0.2,10000,10009,9,1.0,0.0,0.9886909117834212,0.0,0.0,0.0,0.0,950.0,448.5527529395678,448.5527529395678,17.595263522890217,18.402567766713453,17.882296450370365,0.015789473684210527,0.0,988690.9117834212,463.81049723515207,23.86470474381429,1.6626625932074195,0.015911040073429344,0.35294117647058826,792.0,2.0,21.0,769.0,83.36842105263158,1707.5939521016398,0.9267866048857717,0.8750374981900677,1.3033718045335263,1.6707382553431664,5.242982685357626,7.5749750998511445,6.169769290243398,8.559460408287123,0.9267866048857717,1.3033718045335263,/home/aaa/data/qj/stable-baselines3-master/risk_curriculum_metadrive/outputs/tuned_ablation_guard_only_nenv16_seed2_1m/runs/guard_only_ppo_s2/config.json,/home/aaa/data/qj/stable-baselines3-master/risk_curriculum_metadrive/outputs/tuned_ablation_guard_only_nenv16_seed2_1m/runs/guard_only_ppo_s2/model/final_model.zip
guard_only,action_intervention,guard_only,ppo,2,0.2,10000,10010,10,0.0,1.0,0.6180242519724907,1.0,1.0,0.0,0.0,1220.0,276.59592987803626,276.59592987803626,10.43202087238023,9.116747496520205,3.57049088651027,0.04344262295081967,0.0,0.6180242519724907,352.76394478174126,23.28435621181994,0.04443292220711486,0.060843924745287055,0.05921787709497207,481.0,174.0,61.0,246.0,39.42622950819672,1363.5180327105134,0.9220093753371106,0.869661002070643,1.2070362536178434,1.7403252219082732,21.050196325444123,33.766388801450375,21.972205700781235,34.58722850555205,0.9220093753371106,1.2070362536178434,/home/aaa/data/qj/stable-baselines3-master/risk_curriculum_metadrive/outputs/tuned_ablation_guard_only_nenv16_seed2_1m/runs/guard_only_ppo_s2/config.json,/home/aaa/data/qj/stable-baselines3-master/risk_curriculum_metadrive/outputs/tuned_ablation_guard_only_nenv16_seed2_1m/runs/guard_only_ppo_s2/model/final_model.zip
guard_only,action_intervention,guard_only,ppo,2,0.2,10000,10011,11,0.0,1.0,0.2780087361610918,1.0,1.0,0.0,0.0,727.0,149.92448528657957,149.92448528657957,8.189114142763689,5.536106743086728,0.483567144711202,0.16643741403026135,0.0,0.2780087361610918,162.9536959732661,63.66918923430703,6.619874877518874,0.03400896959399582,0.0,284.0,138.0,6.0,140.0,39.0646492434663,1742.826379627453,0.9573985734586815,0.8613760001026094,1.293039796291849,2.4239739813492656,13.746753670914135,19.09749679325613,14.704152244372816,20.600372207991303,0.9573985734586815,1.293039796291849,/home/aaa/data/qj/stable-baselines3-master/risk_curriculum_metadrive/outputs/tuned_ablation_guard_only_nenv16_seed2_1m/runs/guard_only_ppo_s2/config.json,/home/aaa/data/qj/stable-baselines3-master/risk_curriculum_metadrive/outputs/tuned_ablation_guard_only_nenv16_seed2_1m/runs/guard_only_ppo_s2/model/final_model.zip
guard_only,action_intervention,guard_only,ppo,2,0.2,10000,10012,12,0.0,1.0,0.13055971277428996,1.0,1.0,0.0,0.0,136.0,40.63898372712737,40.63898372712737,14.211470538130367,18.119015230552428,1.0523147423384884,0.09558823529411764,1.0,0.13055971277428996,53.35428819940757,2.5126866908405994,1.5926087002900748,0.09301287557999412,1.0,92.0,0.0,16.0,76.0,67.64705882352942,1724.32250723985,0.9295653609810602,0.8607825075159781,1.2876317559857853,1.8323151052754838,5.1899425438665165,8.390016999328509,6.119507904847577,10.257875746901846,0.9295653609810602,1.2876317559857853,/home/aaa/data/qj/stable-baselines3-master/risk_curriculum_metadrive/outputs/tuned_ablation_guard_only_nenv16_seed2_1m/runs/guard_only_ppo_s2/config.json,/home/aaa/data/qj/stable-baselines3-master/risk_curriculum_metadrive/outputs/tuned_ablation_guard_only_nenv16_seed2_1m/runs/guard_only_ppo_s2/model/final_model.zip
guard_only,action_intervention,guard_only,ppo,2,0.2,10000,10013,13,1.0,0.0,0.9924235203557806,0.0,0.0,0.0,0.0,1192.0,524.2513786519139,524.2513786519139,16.258214944388733,18.268122371361468,8.828336516587836,0.010906040268456376,0.0,992423.5203557807,537.5721600678237,33.240919969446026,3.079163303025772,0.009265958115567338,0.010948905109489052,852.0,55.0,8.0,789.0,71.47651006711409,1584.9035037314916,0.9651948809714546,0.8865440031513572,1.2810395477572458,3.188049484888311,13.92245018960605,22.402777452225564,14.887645070577504,23.4165843037772,0.9651948809714546,1.2810395477572458,/home/aaa/data/qj/stable-baselines3-master/risk_curriculum_metadrive/outputs/tuned_ablation_guard_only_nenv16_seed2_1m/runs/guard_only_ppo_s2/config.json,/home/aaa/data/qj/stable-baselines3-master/risk_curriculum_metadrive/outputs/tuned_ablation_guard_only_nenv16_seed2_1m/runs/guard_only_ppo_s2/model/final_model.zip
guard_only,action_intervention,guard_only,ppo,2,0.2,10000,10014,14,0.0,0.0,0.5110411787573446,0.0,0.0,0.0,0.0,1500.0,398.305769107617,398.305769107617,10.194120429235362,8.145561187958771,2.180324358661371,0.03866666666666667,0.0,511041.1787573446,423.31273600249705,245.66722246968044,3.169858295581271,0.025512326226723506,0.005500550055005501,638.0,191.0,7.0,440.0,42.53333333333333,1507.1599452094836,1.0166566406551283,0.9107849982683547,1.5092129440745339,3.1586688011884685,22.20446205274978,31.31812064893893,23.221118693404907,32.41249482307465,1.0166566406551283,1.5092129440745339,/home/aaa/data/qj/stable-baselines3-master/risk_curriculum_metadrive/outputs/tuned_ablation_guard_only_nenv16_seed2_1m/runs/guard_only_ppo_s2/config.json,/home/aaa/data/qj/stable-baselines3-master/risk_curriculum_metadrive/outputs/tuned_ablation_guard_only_nenv16_seed2_1m/runs/guard_only_ppo_s2/model/final_model.zip
guard_only,action_intervention,guard_only,ppo,2,0.2,10000,10015,15,0.0,1.0,0.45207476043054357,1.0,1.0,0.0,0.0,1135.0,293.9376923492959,293.9376923492959,10.181129301484264,9.135516956690047,3.8648496870644435,0.006167400881057269,0.0,0.45207476043054357,319.93153698084984,49.59589879068638,0.5029268680611952,0.022822443227763358,0.01037344398340249,347.0,153.0,21.0,173.0,30.572687224669604,1084.6070483535057,1.0021885728134285,0.9142640046775341,1.506522402632981,2.3311338960775196,13.774946225332178,19.90519589744508,14.777134798145607,20.897396201326046,1.0021885728134285,1.506522402632981,/home/aaa/data/qj/stable-baselines3-master/risk_curriculum_metadrive/outputs/tuned_ablation_guard_only_nenv16_seed2_1m/runs/guard_only_ppo_s2/config.json,/home/aaa/data/qj/stable-baselines3-master/risk_curriculum_metadrive/outputs/tuned_ablation_guard_only_nenv16_seed2_1m/runs/guard_only_ppo_s2/model/final_model.zip
guard_only,action_intervention,guard_only,ppo,2,0.2,10000,10016,16,1.0,0.0,0.9906509895327142,0.0,0.0,0.0,0.0,1077.0,483.6490896940756,483.6490896940756,16.338504644877975,18.26670818508,10.114386442741338,0.05013927576601671,0.0,990650.9895327142,488.26061270473053,22.06593351315673,0.1948474254623024,0.05151515449727245,0.3442622950819672,823.0,22.0,63.0,738.0,76.41597028783659,1685.5752411421704,0.940114405779462,0.8844289986882359,1.3425415992969643,2.1029943577013914,6.613077139451096,11.073449597461115,7.553191545230558,12.236888796905982,0.940114405779462,1.3425415992969643,/home/aaa/data/qj/stable-baselines3-master/risk_curriculum_metadrive/outputs/tuned_ablation_guard_only_nenv16_seed2_1m/runs/guard_only_ppo_s2/config.json,/home/aaa/data/qj/stable-baselines3-master/risk_curriculum_metadrive/outputs/tuned_ablation_guard_only_nenv16_seed2_1m/runs/guard_only_ppo_s2/model/final_model.zip
guard_only,action_intervention,guard_only,ppo,2,0.2,10000,10017,17,0.0,1.0,0.5152944694993572,1.0,1.0,0.0,0.0,1424.0,353.73158596016305,353.73158596016305,10.315769708039936,9.473215150155214,2.38337024037903,0.04915730337078652,0.0,0.5152944694993572,406.10226616164465,66.02929056672487,3.0107410850078304,0.026832311594497643,0.003693444136657433,519.0,204.0,11.0,304.0,36.44662921348314,1278.0032106331996,1.0330968131578568,0.9092065010918304,1.840589087805709,2.631356130586937,25.447949396692913,35.399253794457756,26.48104620985077,36.74660719188977,1.0330968131578568,1.840589087805709,/home/aaa/data/qj/stable-baselines3-master/risk_curriculum_metadrive/outputs/tuned_ablation_guard_only_nenv16_seed2_1m/runs/guard_only_ppo_s2/config.json,/home/aaa/data/qj/stable-baselines3-master/risk_curriculum_metadrive/outputs/tuned_ablation_guard_only_nenv16_seed2_1m/runs/guard_only_ppo_s2/model/final_model.zip
guard_only,action_intervention,guard_only,ppo,2,0.2,10000,10018,18,0.0,1.0,0.8745173978660961,1.0,1.0,0.0,0.0,842.0,345.1172012474296,345.1172012474296,15.977488909627898,18.105364788847005,9.321045636155558,0.00831353919239905,0.0,0.8745173978660961,373.30719795185354,190.8634974236331,0.786793751060074,0.025095954197259504,0.04521276595744681,527.0,44.0,19.0,464.0,62.589073634204276,1411.7059700198138,0.992637602890971,0.9231734948116355,1.4906089898431665,2.441104447352702,12.666710014217903,17.387243146367833,13.659347617108875,18.482435288751727,0.992637602890971,1.4906089898431665,/home/aaa/data/qj/stable-baselines3-master/risk_curriculum_metadrive/outputs/tuned_ablation_guard_only_nenv16_seed2_1m/runs/guard_only_ppo_s2/config.json,/home/aaa/data/qj/stable-baselines3-master/risk_curriculum_metadrive/outputs/tuned_ablation_guard_only_nenv16_seed2_1m/runs/guard_only_ppo_s2/model/final_model.zip
guard_only,action_intervention,guard_only,ppo,2,0.2,10000,10019,19,0.0,1.0,0.6385726470629207,1.0,1.0,0.0,0.0,1309.0,417.67801229053595,417.67801229053595,12.326488194743838,17.934677256469147,1.245831731236759,0.09396485867074103,0.0,0.6385726470629207,445.86494351021355,32.56532980416874,3.6931769758207422,0.022093853787213527,0.003278688524590164,761.0,134.0,16.0,611.0,58.13598166539343,1706.794873821623,1.0189083833725892,0.9202070068567991,1.6231429995968933,2.6378844736609612,16.222989129893197,23.871689193765633,17.241897513265787,24.932315995101813,1.0189083833725892,1.6231429995968933,/home/aaa/data/qj/stable-baselines3-master/risk_curriculum_metadrive/outputs/tuned_ablation_guard_only_nenv16_seed2_1m/runs/guard_only_ppo_s2/config.json,/home/aaa/data/qj/stable-baselines3-master/risk_curriculum_metadrive/outputs/tuned_ablation_guard_only_nenv16_seed2_1m/runs/guard_only_ppo_s2/model/final_model.zip
guard_only,action_intervention,guard_only,ppo,2,0.2,20000,20000,0,1.0,0.0,0.9862918513712179,0.0,0.0,0.0,0.0,724.0,343.21704466185935,343.21704466185935,17.314442609785058,18.342834944456094,14.838005901478002,0.016574585635359115,0.0,986291.851371218,347.71152863413965,19.634629381129184,0.09212428980884227,0.022692559375406218,0.11888111888111888,564.0,11.0,17.0,536.0,77.90055248618785,1622.0342253691506,0.9495767193363377,0.8928725001169369,1.2716619443381207,1.6684888055897316,6.314314437473935,10.044255647517275,7.263891156810272,11.03058150401921,0.9495767193363377,1.2716619443381207,/home/aaa/data/qj/stable-baselines3-master/risk_curriculum_metadrive/outputs/tuned_ablation_guard_only_nenv16_seed2_1m/runs/guard_only_ppo_s2/config.json,/home/aaa/data/qj/stable-baselines3-master/risk_curriculum_metadrive/outputs/tuned_ablation_guard_only_nenv16_seed2_1m/runs/guard_only_ppo_s2/model/final_model.zip
guard_only,action_intervention,guard_only,ppo,2,0.2,20000,20001,1,1.0,0.0,0.9899001982808403,0.0,0.0,0.0,0.0,1303.0,495.3816033726994,495.3816033726994,14.246708951612513,18.05241561584755,3.5796983690584927,0.009976976208749041,0.0,989900.1982808403,514.9067355800701,42.34227797986292,0.5435795968415559,0.019009838157128627,0.03058823529411765,783.0,86.0,20.0,677.0,60.09209516500383,1520.663735575159,0.9448448787086857,0.8763660007389262,1.3196614003391005,2.0924941395060173,7.578459647134341,10.256648904760366,8.523304525843027,11.308389392797835,0.9448448787086857,1.3196614003391005,/home/aaa/data/qj/stable-baselines3-master/risk_curriculum_metadrive/outputs/tuned_ablation_guard_only_nenv16_seed2_1m/runs/guard_only_ppo_s2/config.json,/home/aaa/data/qj/stable-baselines3-master/risk_curriculum_metadrive/outputs/tuned_ablation_guard_only_nenv16_seed2_1m/runs/guard_only_ppo_s2/model/final_model.zip
guard_only,action_intervention,guard_only,ppo,2,0.2,20000,20002,2,1.0,0.0,0.9893402378293706,0.0,0.0,0.0,0.0,1357.0,464.741287968638,464.741287968638,13.123893705260663,15.100258289238852,3.6588967378516375,0.034635224760501106,0.0,989340.2378293707,492.9355393152281,34.750402677729156,2.7675332612552825,0.018476187722715615,0.011984021304926764,687.0,130.0,16.0,541.0,50.62638172439205,1393.6913555763513,0.9962477517182484,0.8633320103399456,1.2785833911038935,3.0830319569213374,11.652278754738857,16.92978200153448,12.648526506457106,18.085253200843,0.9962477517182484,1.2785833911038935,/home/aaa/data/qj/stable-baselines3-master/risk_curriculum_metadrive/outputs/tuned_ablation_guard_only_nenv16_seed2_1m/runs/guard_only_ppo_s2/config.json,/home/aaa/data/qj/stable-baselines3-master/risk_curriculum_metadrive/outputs/tuned_ablation_guard_only_nenv16_seed2_1m/runs/guard_only_ppo_s2/model/final_model.zip
guard_only,action_intervention,guard_only,ppo,2,0.2,20000,20003,3,0.0,0.0,0.7004984411932038,0.0,0.0,0.0,0.0,1500.0,383.4762933682348,383.4762933682348,11.45925847814146,12.238210509222657,2.395520599205889,0.026,0.0,700498.4411932038,476.5141150488254,73.5851287576916,4.734771137546353,0.019791533345592558,0.0018867924528301887,655.0,207.0,5.0,443.0,43.666666666666664,1374.5657879051207,0.9366769972645367,0.87612250354141,1.2181409045297187,2.0690956462931354,20.728470404739102,30.347370698291343,21.66514740200364,31.1996831005672,0.9366769972645367,1.2181409045297187,/home/aaa/data/qj/stable-baselines3-master/risk_curriculum_metadrive/outputs/tuned_ablation_guard_only_nenv16_seed2_1m/runs/guard_only_ppo_s2/config.json,/home/aaa/data/qj/stable-baselines3-master/risk_curriculum_metadrive/outputs/tuned_ablation_guard_only_nenv16_seed2_1m/runs/guard_only_ppo_s2/model/final_model.zip
guard_only,action_intervention,guard_only,ppo,2,0.2,20000,20004,4,1.0,0.0,0.9906900165000564,0.0,0.0,0.0,0.0,1100.0,467.6421272242215,467.6421272242215,16.453880510924257,18.251193665264893,9.927172613593807,0.019090909090909092,0.0,990690.0165000565,502.16072880544766,35.42260252194016,1.904497437743709,0.020056890354347028,0.056962025316455694,791.0,47.0,23.0,721.0,71.9090909090909,1575.1928707799398,0.9036084201282144,0.8550819911761209,1.2164511041191868,1.7885654608835464,7.446518274624726,11.988931307860184,8.350126694752941,12.824149903462967,0.9036084201282144,1.2164511041191868,/home/aaa/data/qj/stable-baselines3-master/risk_curriculum_metadrive/outputs/tuned_ablation_guard_only_nenv16_seed2_1m/runs/guard_only_ppo_s2/config.json,/home/aaa/data/qj/stable-baselines3-master/risk_curriculum_metadrive/outputs/tuned_ablation_guard_only_nenv16_seed2_1m/runs/guard_only_ppo_s2/model/final_model.zip
guard_only,action_intervention,guard_only,ppo,2,0.2,20000,20005,5,1.0,0.0,0.9926578944533062,0.0,0.0,0.0,0.0,1493.0,561.1842229482534,561.1842229482534,13.946168484147545,15.747410568568288,6.93398491835637,0.0006697923643670462,0.0,992657.8944533062,577.5782535551839,36.860854186990586,3.685821471832122,0.017932671709367597,0.002352941176470588,776.0,165.0,8.0,603.0,51.97588747488279,1343.5408885695836,0.9497058190908614,0.8764560043346137,1.368434799951501,2.34958971966989,13.649986417132428,21.26154079451225,14.59969223622329,22.16591939504724,0.9497058190908614,1.368434799951501,/home/aaa/data/qj/stable-baselines3-master/risk_curriculum_metadrive/outputs/tuned_ablation_guard_only_nenv16_seed2_1m/runs/guard_only_ppo_s2/config.json,/home/aaa/data/qj/stable-baselines3-master/risk_curriculum_metadrive/outputs/tuned_ablation_guard_only_nenv16_seed2_1m/runs/guard_only_ppo_s2/model/final_model.zip
guard_only,action_intervention,guard_only,ppo,2,0.2,20000,20006,6,0.0,1.0,0.767892835542516,1.0,1.0,0.0,0.0,1027.0,413.3711305884699,413.3711305884699,15.56681557049586,18.221141578918463,6.162283483217779,0.0009737098344693282,0.0,0.767892835542516,443.9010870063209,84.83553428898007,2.189287610951825,0.015015841311564597,0.011695906432748537,716.0,59.0,6.0,651.0,69.71762414800389,1612.9719456843875,0.9023170867953413,0.8603640017099679,1.1110722087323666,1.3029964431189,9.137295175283334,11.822949092311315,10.039612262078675,12.748552390257826,0.9023170867953413,1.1110722087323666,/home/aaa/data/qj/stable-baselines3-master/risk_curriculum_metadrive/outputs/tuned_ablation_guard_only_nenv16_seed2_1m/runs/guard_only_ppo_s2/config.json,/home/aaa/data/qj/stable-baselines3-master/risk_curriculum_metadrive/outputs/tuned_ablation_guard_only_nenv16_seed2_1m/runs/guard_only_ppo_s2/model/final_model.zip
guard_only,action_intervention,guard_only,ppo,2,0.2,20000,20007,7,1.0,0.0,0.9879518861615045,0.0,0.0,0.0,0.0,1020.0,404.4931884007221,404.4931884007221,15.489448064637266,18.292507633607602,3.472460145276275,0.07745098039215687,0.0,987951.8861615045,438.26803189317616,61.41157389218305,0.607742997044385,0.06037955093669435,0.24680851063829787,791.0,21.0,83.0,687.0,77.54901960784314,1804.8316154457714,0.9754852086189203,0.886905996594578,1.3749495054071301,2.8507722965150575,7.167812792927268,10.516042153176386,8.143298001546189,11.580329396383604,0.9754852086189203,1.3749495054071301,/home/aaa/data/qj/stable-baselines3-master/risk_curriculum_metadrive/outputs/tuned_ablation_guard_only_nenv16_seed2_1m/runs/guard_only_ppo_s2/config.json,/home/aaa/data/qj/stable-baselines3-master/risk_curriculum_metadrive/outputs/tuned_ablation_guard_only_nenv16_seed2_1m/runs/guard_only_ppo_s2/model/final_model.zip
guard_only,action_intervention,guard_only,ppo,2,0.2,20000,20008,8,0.0,0.0,0.4355688832410219,0.0,0.0,0.0,0.0,1500.0,252.41387289890176,252.41387289890176,7.007042566927323,3.5354978582476866,0.4220681573439746,0.2866666666666667,0.0,435568.8832410219,285.33483646552094,43.72024448484438,1.1332931840782117,0.07293580786326505,0.06938325991189427,659.0,253.0,116.0,290.0,43.93333333333334,2309.5672724828037,0.9461226238927338,0.9087235011975281,1.248163858690532,1.598745972441975,12.34457726996819,15.210703660704894,13.290699893860923,16.155578249890823,0.9461226238927338,1.248163858690532,/home/aaa/data/qj/stable-baselines3-master/risk_curriculum_metadrive/outputs/tuned_ablation_guard_only_nenv16_seed2_1m/runs/guard_only_ppo_s2/config.json,/home/aaa/data/qj/stable-baselines3-master/risk_curriculum_metadrive/outputs/tuned_ablation_guard_only_nenv16_seed2_1m/runs/guard_only_ppo_s2/model/final_model.zip
guard_only,action_intervention,guard_only,ppo,2,0.2,20000,20009,9,1.0,0.0,0.9887728864125143,0.0,0.0,0.0,0.0,883.0,379.85707748847784,379.85707748847784,16.404191911743084,18.311749981874,8.031367652559245,0.04869762174405436,0.0,988772.8864125143,401.8183748077141,21.971248678799537,1.2906257524509808,0.042847891247505966,0.5168539325842697,693.0,5.0,54.0,634.0,78.48244620611553,1724.659805146113,0.920303199350721,0.8815250039333478,1.2131496987421995,1.5907042199978603,9.189570924139419,14.11451820313232,10.10987412349014,15.09828859270783,0.920303199350721,1.2131496987421995,/home/aaa/data/qj/stable-baselines3-master/risk_curriculum_metadrive/outputs/tuned_ablation_guard_only_nenv16_seed2_1m/runs/guard_only_ppo_s2/config.json,/home/aaa/data/qj/stable-baselines3-master/risk_curriculum_metadrive/outputs/tuned_ablation_guard_only_nenv16_seed2_1m/runs/guard_only_ppo_s2/model/final_model.zip
guard_only,action_intervention,guard_only,ppo,2,0.2,20000,20010,10,1.0,0.0,0.9890673849375768,0.0,0.0,0.0,0.0,938.0,438.85168856097533,438.85168856097533,17.12442891469364,18.29576363106623,12.834265457604033,0.010660980810234541,0.0,989067.3849375768,445.60706826589717,17.739712866883785,2.6842354007625575,0.011364298511756478,0.047244094488188976,698.0,31.0,12.0,655.0,74.4136460554371,1566.4024422150728,0.9525697408387982,0.8459605014650151,1.1584382489672862,1.7068523335910866,5.888904553578311,10.02049249727861,6.84147429441711,10.987015091086505,0.9525697408387982,1.1584382489672862,/home/aaa/data/qj/stable-baselines3-master/risk_curriculum_metadrive/outputs/tuned_ablation_guard_only_nenv16_seed2_1m/runs/guard_only_ppo_s2/config.json,/home/aaa/data/qj/stable-baselines3-master/risk_curriculum_metadrive/outputs/tuned_ablation_guard_only_nenv16_seed2_1m/runs/guard_only_ppo_s2/model/final_model.zip
guard_only,action_intervention,guard_only,ppo,2,0.2,20000,20011,11,1.0,0.0,0.991868197282127,0.0,0.0,0.0,0.0,1169.0,522.4616685991738,522.4616685991738,16.978083788444703,18.384156970988506,14.621226979014308,0.046193327630453376,0.0,991868.1972821271,550.7535062970995,51.69364375699494,0.3823271331252445,0.03912354440482907,0.31137724550898205,981.0,0.0,61.0,920.0,83.91787852865697,1781.196104579691,0.9904959403082786,0.895792996743694,1.2813367939088485,1.8843960808590006,14.821882950909531,18.639278801856562,15.81237889121781,19.893536792369552,0.9904959403082786,1.2813367939088485,/home/aaa/data/qj/stable-baselines3-master/risk_curriculum_metadrive/outputs/tuned_ablation_guard_only_nenv16_seed2_1m/runs/guard_only_ppo_s2/config.json,/home/aaa/data/qj/stable-baselines3-master/risk_curriculum_metadrive/outputs/tuned_ablation_guard_only_nenv16_seed2_1m/runs/guard_only_ppo_s2/model/final_model.zip
guard_only,action_intervention,guard_only,ppo,2,0.2,20000,20012,12,1.0,0.0,0.9917635751133081,0.0,0.0,0.0,0.0,1256.0,508.5811105495955,508.5811105495955,14.904068417031606,18.101048287526645,6.218697593459739,0.01194267515923567,0.0,991763.5751133082,519.0534103930013,32.233457483327165,0.4516200348384938,0.017187752778706513,0.029082774049217,782.0,79.0,17.0,686.0,62.261146496815286,1506.5886946160488,1.0617616141418322,0.9011194997583516,1.8019374983850867,4.844803957530535,8.138976222161181,17.000986506900517,9.200737836303013,18.55656649786397,1.0617616141418322,1.8019374983850867,/home/aaa/data/qj/stable-baselines3-master/risk_curriculum_metadrive/outputs/tuned_ablation_guard_only_nenv16_seed2_1m/runs/guard_only_ppo_s2/config.json,/home/aaa/data/qj/stable-baselines3-master/risk_curriculum_metadrive/outputs/tuned_ablation_guard_only_nenv16_seed2_1m/runs/guard_only_ppo_s2/model/final_model.zip
guard_only,action_intervention,guard_only,ppo,2,0.2,20000,20013,13,0.0,1.0,0.6292263306640827,1.0,1.0,0.0,0.0,913.0,390.7694623046708,390.7694623046708,16.680278630737796,18.289662991957428,11.371062562717732,0.03176341730558598,0.0,0.6292263306640827,422.548345566055,39.72525270508563,1.3038981932617058,0.015297110645155897,0.014634146341463415,690.0,42.0,14.0,634.0,75.5750273822563,1632.9492405789945,1.01838437977733,0.9000910067697987,1.4756450051208956,3.6046971176983766,14.321413773365359,24.934310602839105,15.339798153142688,26.27528181183152,1.01838437977733,1.4756450051208956,/home/aaa/data/qj/stable-baselines3-master/risk_curriculum_metadrive/outputs/tuned_ablation_guard_only_nenv16_seed2_1m/runs/guard_only_ppo_s2/config.json,/home/aaa/data/qj/stable-baselines3-master/risk_curriculum_metadrive/outputs/tuned_ablation_guard_only_nenv16_seed2_1m/runs/guard_only_ppo_s2/model/final_model.zip
guard_only,action_intervention,guard_only,ppo,2,0.2,20000,20014,14,0.0,0.0,0.9096058959266381,0.0,0.0,0.0,0.0,1500.0,452.14275945301847,452.14275945301847,11.892889703808892,11.596344862651138,4.800994619753494,0.03933333333333333,0.0,909605.8959266382,494.82207662474497,36.9366927353658,0.9253550167313551,0.046395003662001916,0.03954305799648506,662.0,224.0,59.0,379.0,44.13333333333333,1337.8546173921757,1.0879976833433223,0.9134150022873655,1.6830592983751556,4.8751569852174725,11.597772609617095,20.729699047660684,12.685770292960418,22.210495135368536,1.0879976833433223,1.6830592983751556,/home/aaa/data/qj/stable-baselines3-master/risk_curriculum_metadrive/outputs/tuned_ablation_guard_only_nenv16_seed2_1m/runs/guard_only_ppo_s2/config.json,/home/aaa/data/qj/stable-baselines3-master/risk_curriculum_metadrive/outputs/tuned_ablation_guard_only_nenv16_seed2_1m/runs/guard_only_ppo_s2/model/final_model.zip
guard_only,action_intervention,guard_only,ppo,2,0.2,20000,20015,15,1.0,0.0,0.9929258550998902,0.0,0.0,0.0,0.0,1435.0,590.8794329937239,590.8794329937239,14.784944731252388,18.108142086864504,5.600244976623281,0.009059233449477353,0.0,992925.8550998903,588.3592791901547,63.62432585724547,3.005601115667052,0.016704411448715796,0.02263374485596708,904.0,86.0,18.0,800.0,62.99651567944251,1536.4761498183695,0.9084397686693253,0.8659259910928085,1.2117708960431628,1.6332753689494015,7.095909061083548,9.49864780268399,8.004348829752873,10.474286098906303,0.9084397686693253,1.2117708960431628,/home/aaa/data/qj/stable-baselines3-master/risk_curriculum_metadrive/outputs/tuned_ablation_guard_only_nenv16_seed2_1m/runs/guard_only_ppo_s2/config.json,/home/aaa/data/qj/stable-baselines3-master/risk_curriculum_metadrive/outputs/tuned_ablation_guard_only_nenv16_seed2_1m/runs/guard_only_ppo_s2/model/final_model.zip
guard_only,action_intervention,guard_only,ppo,2,0.2,20000,20016,16,0.0,0.0,0.535697009149548,0.0,0.0,0.0,0.0,1500.0,355.50700979598844,355.50700979598844,9.233523208396852,7.269006000716063,2.170964176972245,0.044,0.0,535697.009149548,382.77648461152694,86.75885440329198,3.6870051213133244,0.03131404720202087,0.002152852529601722,554.0,213.0,11.0,330.0,36.93333333333334,1447.319838788542,0.9083228593323535,0.8690725080668926,1.1794511541665997,1.4155870753165798,13.712140564797059,18.26678474099026,14.620463424129412,19.199972141359467,0.9083228593323535,1.1794511541665997,/home/aaa/data/qj/stable-baselines3-master/risk_curriculum_metadrive/outputs/tuned_ablation_guard_only_nenv16_seed2_1m/runs/guard_only_ppo_s2/config.json,/home/aaa/data/qj/stable-baselines3-master/risk_curriculum_metadrive/outputs/tuned_ablation_guard_only_nenv16_seed2_1m/runs/guard_only_ppo_s2/model/final_model.zip
guard_only,action_intervention,guard_only,ppo,2,0.2,20000,20017,17,0.0,1.0,0.4561384274963708,1.0,1.0,0.0,0.0,740.0,263.34732875424106,263.34732875424106,13.711791039547714,17.935248996290095,5.100430626711661,0.0013513513513513514,0.0,0.4561384274963708,281.40154759975616,34.35316993902364,1.663663607033341,0.01351308599653115,0.008571428571428572,403.0,62.0,7.0,334.0,54.45945945945946,1432.1172127070035,0.9166431635290988,0.8865435011102818,1.1468472592241594,1.3880643116135616,10.441317830672897,12.650306690193247,11.357960994201996,13.571736552694347,0.9166431635290988,1.1468472592241594,/home/aaa/data/qj/stable-baselines3-master/risk_curriculum_metadrive/outputs/tuned_ablation_guard_only_nenv16_seed2_1m/runs/guard_only_ppo_s2/config.json,/home/aaa/data/qj/stable-baselines3-master/risk_curriculum_metadrive/outputs/tuned_ablation_guard_only_nenv16_seed2_1m/runs/guard_only_ppo_s2/model/final_model.zip
guard_only,action_intervention,guard_only,ppo,2,0.2,20000,20018,18,0.0,0.0,0.6504529216167466,0.0,0.0,0.0,0.0,1500.0,399.13509854176397,399.13509854176397,12.202651579012297,10.964595533250868,5.52246945309948,0.0,0.0,650452.9216167467,507.5825202162906,184.7083801038889,3.703058810106693,0.02323985526416362,0.0022271714922048997,674.0,187.0,8.0,479.0,44.93333333333333,1327.862905351421,0.9841876581097798,0.8939069957705215,1.265530849195784,1.6149193904129786,22.04487843667933,32.63225850023446,23.029066094789112,33.61271143367048,0.9841876581097798,1.265530849195784,/home/aaa/data/qj/stable-baselines3-master/risk_curriculum_metadrive/outputs/tuned_ablation_guard_only_nenv16_seed2_1m/runs/guard_only_ppo_s2/config.json,/home/aaa/data/qj/stable-baselines3-master/risk_curriculum_metadrive/outputs/tuned_ablation_guard_only_nenv16_seed2_1m/runs/guard_only_ppo_s2/model/final_model.zip
guard_only,action_intervention,guard_only,ppo,2,0.2,20000,20019,19,1.0,0.0,0.9900825283850442,0.0,0.0,0.0,0.0,1438.0,543.5829836473365,543.5829836473365,13.953148575762304,17.91728381910356,5.485505471985058,0.006954102920723227,0.0,990082.5283850442,556.5542540629327,34.04505019112816,3.517854170192658,0.01830234569006141,0.005873715124816446,806.0,138.0,15.0,653.0,56.05006954102921,1448.1966387213367,0.9551824673274221,0.9125865035457537,1.2758158067299512,1.7026615022041305,13.327271940125659,21.16907090385211,14.282454407453082,22.16804465861059,0.9551824673274221,1.2758158067299512,/home/aaa/data/qj/stable-baselines3-master/risk_curriculum_metadrive/outputs/tuned_ablation_guard_only_nenv16_seed2_1m/runs/guard_only_ppo_s2/config.json,/home/aaa/data/qj/stable-baselines3-master/risk_curriculum_metadrive/outputs/tuned_ablation_guard_only_nenv16_seed2_1m/runs/guard_only_ppo_s2/model/final_model.zip
guard_only,action_intervention,guard_only,ppo,2,0.25,10000,10000,0,0.0,1.0,0.39785791131865056,1.0,1.0,0.0,0.0,501.0,172.13354971378982,172.13354971378982,14.883077071741507,18.015093188394097,7.8925303783551115,0.033932135728542916,0.0,0.39785791131865056,206.76002506077202,16.379716132432282,0.09698109321562345,0.04300521439737468,0.0958904109589041,307.0,32.0,20.0,255.0,61.27744510978044,1484.813130148175,0.950221175910206,0.9119479946093634,1.294275003601797,1.5639789926353842,18.618698674213455,25.08452199981548,19.56891985012366,26.012841015472077,0.950221175910206,1.294275003601797,/home/aaa/data/qj/stable-baselines3-master/risk_curriculum_metadrive/outputs/tuned_ablation_guard_only_nenv16_seed2_1m/runs/guard_only_ppo_s2/config.json,/home/aaa/data/qj/stable-baselines3-master/risk_curriculum_metadrive/outputs/tuned_ablation_guard_only_nenv16_seed2_1m/runs/guard_only_ppo_s2/model/final_model.zip
guard_only,action_intervention,guard_only,ppo,2,0.25,10000,10001,1,1.0,0.0,0.9903121131851405,0.0,0.0,0.0,0.0,1128.0,470.8278057395587,470.8278057395587,16.269479245482128,18.23083680601138,9.334920404960066,0.007978723404255319,0.0,990312.1131851405,509.04509187639013,53.73914009542662,4.7159738964725575,0.00934487939750848,0.0026954177897574125,772.0,62.0,5.0,705.0,68.43971631205675,1516.565059402365,0.932503252617143,0.8987370019895025,1.2399296065268561,1.5178941740305167,11.483184053958992,15.750036892859496,12.415687306576135,16.730210804234957,0.932503252617143,1.2399296065268561,/home/aaa/data/qj/stable-baselines3-master/risk_curriculum_metadrive/outputs/tuned_ablation_guard_only_nenv16_seed2_1m/runs/guard_only_ppo_s2/config.json,/home/aaa/data/qj/stable-baselines3-master/risk_curriculum_metadrive/outputs/tuned_ablation_guard_only_nenv16_seed2_1m/runs/guard_only_ppo_s2/model/final_model.zip
guard_only,action_intervention,guard_only,ppo,2,0.25,10000,10002,2,0.0,1.0,0.6029008832878051,1.0,1.0,0.0,0.0,1049.0,298.6988713938583,298.6988713938583,11.546054646854724,15.18142330883732,1.1763007579762124,0.08579599618684461,0.0,0.6029008832878051,334.76222167310783,39.24851722858198,4.108153455531129,0.023759773516894674,0.0031847133757961785,539.0,117.0,8.0,414.0,51.382268827454716,1610.098049015604,0.9573980134433966,0.8851919992594048,1.3345066021429375,2.533494597300887,22.969650041010233,33.83458740427159,23.92704805445363,34.88693000108469,0.9573980134433966,1.3345066021429375,/home/aaa/data/qj/stable-baselines3-master/risk_curriculum_metadrive/outputs/tuned_ablation_guard_only_nenv16_seed2_1m/runs/guard_only_ppo_s2/config.json,/home/aaa/data/qj/stable-baselines3-master/risk_curriculum_metadrive/outputs/tuned_ablation_guard_only_nenv16_seed2_1m/runs/guard_only_ppo_s2/model/final_model.zip
guard_only,action_intervention,guard_only,ppo,2,0.25,10000,10003,3,0.0,0.0,0.6078214605387919,0.0,0.0,0.0,0.0,1500.0,250.92114687171548,250.92114687171548,6.9009171415926875,5.37991014396279,1.0215925095051943,0.09866666666666667,0.0,607821.460538792,284.2903242476935,140.27096882699956,2.0548040420625036,0.03654166554967651,0.005203816131830009,384.0,255.0,14.0,115.0,25.6,1350.731865448338,0.8843389439086119,0.8336484970641322,1.1202429937839042,1.3263996479508933,11.885542254400207,15.051075995143037,12.769881198308818,16.018839296884835,0.8843389439086119,1.1202429937839042,/home/aaa/data/qj/stable-baselines3-master/risk_curriculum_metadrive/outputs/tuned_ablation_guard_only_nenv16_seed2_1m/runs/guard_only_ppo_s2/config.json,/home/aaa/data/qj/stable-baselines3-master/risk_curriculum_metadrive/outputs/tuned_ablation_guard_only_nenv16_seed2_1m/runs/guard_only_ppo_s2/model/final_model.zip
guard_only,action_intervention,guard_only,ppo,2,0.25,10000,10004,4,0.0,1.0,0.38576624362315576,1.0,1.0,0.0,0.0,764.0,186.65567414081315,186.65567414081315,10.129769361041754,9.637289333573001,0.6742661563268044,0.10863874345549739,0.0,0.38576624362315576,213.16683245235947,29.763204701136623,6.7647374344293665,0.02419268441061112,0.0,329.0,108.0,2.0,219.0,43.06282722513089,1543.3920756575862,0.8599421335163304,0.8289844990940765,1.083135206863517,1.2383123212202918,15.771247484116767,17.986555901006795,16.631189617633098,18.83746014063945,0.8599421335163304,1.083135206863517,/home/aaa/data/qj/stable-baselines3-master/risk_curriculum_metadrive/outputs/tuned_ablation_guard_only_nenv16_seed2_1m/runs/guard_only_ppo_s2/config.json,/home/aaa/data/qj/stable-baselines3-master/risk_curriculum_metadrive/outputs/tuned_ablation_guard_only_nenv16_seed2_1m/runs/guard_only_ppo_s2/model/final_model.zip
guard_only,action_intervention,guard_only,ppo,2,0.25,10000,10005,5,1.0,0.0,0.9899253307738668,0.0,0.0,0.0,0.0,1194.0,427.21978111097775,427.21978111097775,14.848443946032686,18.075815382353394,5.728009670447102,0.04103852596314908,0.0,989925.3307738669,491.54507198275155,36.621328021628585,0.6586863775163049,0.033954657702056086,0.055248618784530384,747.0,79.0,39.0,629.0,62.562814070351756,1519.6978722354324,0.8722957299655253,0.823876507638488,1.111952445353381,1.3015966219245456,16.253472248187258,23.28853985090973,17.125767978152783,24.144586396869272,0.8722957299655253,1.111952445353381,/home/aaa/data/qj/stable-baselines3-master/risk_curriculum_metadrive/outputs/tuned_ablation_guard_only_nenv16_seed2_1m/runs/guard_only_ppo_s2/config.json,/home/aaa/data/qj/stable-baselines3-master/risk_curriculum_metadrive/outputs/tuned_ablation_guard_only_nenv16_seed2_1m/runs/guard_only_ppo_s2/model/final_model.zip
guard_only,action_intervention,guard_only,ppo,2,0.25,10000,10006,6,1.0,0.0,0.9928732872943857,0.0,0.0,0.0,0.0,1463.0,578.3915460646626,578.3915460646626,15.380121886379793,18.213815467847954,6.507347182204163,0.006151742993848257,0.0,992873.2872943857,624.1760320114251,68.21943565739912,4.255649261592001,0.008901838219682406,0.0025188916876574307,983.0,74.0,5.0,904.0,67.19070403280931,1574.8762361673107,0.8546726597260247,0.8202340104617178,1.0977516998536883,1.3245066380477508,10.672112198130998,19.016650199773718,11.526784857857024,19.839762707124457,0.8546726597260247,1.0977516998536883,/home/aaa/data/qj/stable-baselines3-master/risk_curriculum_metadrive/outputs/tuned_ablation_guard_only_nenv16_seed2_1m/runs/guard_only_ppo_s2/config.json,/home/aaa/data/qj/stable-baselines3-master/risk_curriculum_metadrive/outputs/tuned_ablation_guard_only_nenv16_seed2_1m/runs/guard_only_ppo_s2/model/final_model.zip
guard_only,action_intervention,guard_only,ppo,2,0.25,10000,10007,7,0.0,1.0,0.36095067931903874,1.0,1.0,0.0,0.0,1300.0,227.12363546650369,227.12363546650369,8.287989617269677,7.312678602051875,2.9552241127180134,0.025384615384615384,0.0,0.36095067931903874,298.49088786765725,68.1193162624715,2.611784010255382,0.02994568876438182,0.0027726432532347504,371.0,249.0,7.0,115.0,28.53846153846154,1242.9190138778752,0.8732625983359937,0.8378359998459928,1.1106747515441382,1.3224990098387932,23.56068748562113,33.88955594418803,24.433950083957125,34.80397559615085,0.8732625983359937,1.1106747515441382,/home/aaa/data/qj/stable-baselines3-master/risk_curriculum_metadrive/outputs/tuned_ablation_guard_only_nenv16_seed2_1m/runs/guard_only_ppo_s2/config.json,/home/aaa/data/qj/stable-baselines3-master/risk_curriculum_metadrive/outputs/tuned_ablation_guard_only_nenv16_seed2_1m/runs/guard_only_ppo_s2/model/final_model.zip
guard_only,action_intervention,guard_only,ppo,2,0.25,10000,10008,8,0.0,1.0,0.4165990113585315,1.0,1.0,0.0,0.0,746.0,186.9274418497248,186.9274418497248,10.019985508348338,8.98806633108294,2.558599198919293,0.029490616621983913,0.0,0.4165990113585315,206.81752922906514,73.0508462781691,7.145019640612395,0.033419834458060314,0.0,263.0,113.0,2.0,148.0,35.25469168900804,1271.6523641896367,0.8952958687538176,0.8649739975226112,1.1231104981561657,1.4128612441709258,11.098811325865883,13.48245250119362,11.9941071946197,14.427920246816939,0.8952958687538176,1.1231104981561657,/home/aaa/data/qj/stable-baselines3-master/risk_curriculum_metadrive/outputs/tuned_ablation_guard_only_nenv16_seed2_1m/runs/guard_only_ppo_s2/config.json,/home/aaa/data/qj/stable-baselines3-master/risk_curriculum_metadrive/outputs/tuned_ablation_guard_only_nenv16_seed2_1m/runs/guard_only_ppo_s2/model/final_model.zip
guard_only,action_intervention,guard_only,ppo,2,0.25,10000,10009,9,1.0,0.0,0.9891878047460814,0.0,0.0,0.0,0.0,988.0,450.65685683887165,450.65685683887165,16.932813560044945,18.381714330475788,12.624459438951225,0.0354251012145749,0.0,989187.8047460814,464.1841037348034,11.478683784976212,0.775314954099419,0.03353665485898847,0.47619047619047616,805.0,1.0,46.0,758.0,81.47773279352226,1734.2256951994004,0.8968362812238447,0.8680989994900301,1.1418665453675203,1.2977729929843917,5.947782151006432,9.018019543145783,6.844618432230278,9.901399691443658,0.8968362812238447,1.1418665453675203,/home/aaa/data/qj/stable-baselines3-master/risk_curriculum_metadrive/outputs/tuned_ablation_guard_only_nenv16_seed2_1m/runs/guard_only_ppo_s2/config.json,/home/aaa/data/qj/stable-baselines3-master/risk_curriculum_metadrive/outputs/tuned_ablation_guard_only_nenv16_seed2_1m/runs/guard_only_ppo_s2/model/final_model.zip
guard_only,action_intervention,guard_only,ppo,2,0.25,10000,10010,10,0.0,1.0,0.4035964821364566,1.0,1.0,0.0,0.0,796.0,202.92676078380052,202.92676078380052,10.364981073632,9.533319150063143,2.604452871226874,0.028894472361809045,0.0,0.4035964821364566,228.80961144282978,44.04560837891867,5.500325359035754,0.0243032663290752,0.0,305.0,133.0,2.0,170.0,38.31658291457287,1332.985961895255,0.9007810583157083,0.8429549998254515,1.128946754761273,1.6362938549718715,20.211614909079177,25.514600241876906,21.112395967394885,26.357002741860924,0.9007810583157083,1.128946754761273,/home/aaa/data/qj/stable-baselines3-master/risk_curriculum_metadrive/outputs/tuned_ablation_guard_only_nenv16_seed2_1m/runs/guard_only_ppo_s2/config.json,/home/aaa/data/qj/stable-baselines3-master/risk_curriculum_metadrive/outputs/tuned_ablation_guard_only_nenv16_seed2_1m/runs/guard_only_ppo_s2/model/final_model.zip
guard_only,action_intervention,guard_only,ppo,2,0.25,10000,10011,11,0.0,0.0,0.2843934997628715,0.0,0.0,0.0,0.0,1500.0,158.25883390149852,158.25883390149852,4.3917095515347615,0.8293312053002035,0.3843437899317394,0.538,0.0,284393.4997628715,171.39470274070126,47.80901622284533,2.243993081996056,0.12413070452486628,0.11365719523373052,640.0,304.0,199.0,137.0,42.66666666666667,3734.0710638428536,0.8312449978936153,0.8035569917410612,1.0515456087887287,1.2027243259944953,15.535367969966805,17.73019050087896,16.36661296786042,18.65062099750503,0.8312449978936153,1.0515456087887287,/home/aaa/data/qj/stable-baselines3-master/risk_curriculum_metadrive/outputs/tuned_ablation_guard_only_nenv16_seed2_1m/runs/guard_only_ppo_s2/config.json,/home/aaa/data/qj/stable-baselines3-master/risk_curriculum_metadrive/outputs/tuned_ablation_guard_only_nenv16_seed2_1m/runs/guard_only_ppo_s2/model/final_model.zip
guard_only,action_intervention,guard_only,ppo,2,0.25,10000,10012,12,1.0,0.0,0.9896663394533406,0.0,0.0,0.0,0.0,1160.0,405.1028987369812,405.1028987369812,13.60567257442962,17.496719687753668,0.050178542559224916,0.11896551724137931,0.0,989666.3394533406,437.47268991963455,39.23653938040518,0.030583337805486638,0.09543302400665248,0.1808695652173913,720.0,90.0,132.0,498.0,62.06896551724138,1645.817022617496,0.8138068405091401,0.7758894935250282,1.013969905761769,1.127862170833396,7.446210880165193,11.033899201720487,8.260017720674334,11.83863755868515,0.8138068405091401,1.013969905761769,/home/aaa/data/qj/stable-baselines3-master/risk_curriculum_metadrive/outputs/tuned_ablation_guard_only_nenv16_seed2_1m/runs/guard_only_ppo_s2/config.json,/home/aaa/data/qj/stable-baselines3-master/risk_curriculum_metadrive/outputs/tuned_ablation_guard_only_nenv16_seed2_1m/runs/guard_only_ppo_s2/model/final_model.zip
guard_only,action_intervention,guard_only,ppo,2,0.25,10000,10013,13,1.0,0.0,0.9924893603833851,0.0,0.0,0.0,0.0,1305.0,500.8414316511646,500.8414316511646,14.855911667737006,18.136387739578435,5.963940869237612,0.01839080459770115,0.0,992489.3603833851,537.5668346574838,52.113357084447365,4.403694100296522,0.016676922658970937,0.011472275334608031,839.0,74.0,24.0,741.0,64.29118773946361,1560.7361650846215,0.8187276415925623,0.7841070037102327,1.004292006837204,1.1501906317425892,13.436204893759834,22.260965799796395,14.254932535352395,23.076357986428775,0.8187276415925623,1.004292006837204,/home/aaa/data/qj/stable-baselines3-master/risk_curriculum_metadrive/outputs/tuned_ablation_guard_only_nenv16_seed2_1m/runs/guard_only_ppo_s2/config.json,/home/aaa/data/qj/stable-baselines3-master/risk_curriculum_metadrive/outputs/tuned_ablation_guard_only_nenv16_seed2_1m/runs/guard_only_ppo_s2/model/final_model.zip
guard_only,action_intervention,guard_only,ppo,2,0.25,10000,10014,14,0.0,0.0,0.5197789134506028,0.0,0.0,0.0,0.0,1500.0,412.6626948423067,412.6626948423067,10.333311699009357,8.339781929281289,2.2274168866360604,0.03,0.0,519778.9134506028,429.28803574124464,87.08879087020738,2.389176775454551,0.02372421177509957,0.0033076074972436605,634.0,182.0,11.0,441.0,42.266666666666666,1476.8638937381113,0.8324210093414877,0.7990020021679811,1.028625536855543,1.1500497756060213,23.365773785306374,28.108319498278433,24.19819479464786,28.961372689082054,0.8324210093414877,1.028625536855543,/home/aaa/data/qj/stable-baselines3-master/risk_curriculum_metadrive/outputs/tuned_ablation_guard_only_nenv16_seed2_1m/runs/guard_only_ppo_s2/config.json,/home/aaa/data/qj/stable-baselines3-master/risk_curriculum_metadrive/outputs/tuned_ablation_guard_only_nenv16_seed2_1m/runs/guard_only_ppo_s2/model/final_model.zip
guard_only,action_intervention,guard_only,ppo,2,0.25,10000,10015,15,0.0,0.0,0.30947634397885543,0.0,0.0,0.0,0.0,1500.0,211.80568085546682,211.80568085546682,5.403231470956851,3.327018040810466,0.4822292881930204,0.22533333333333333,0.0,309476.34397885547,219.42908555187427,93.212314034577,2.1074833185475392,0.07750343780681285,0.06287170773152082,500.0,227.0,115.0,158.0,33.33333333333333,2278.6404944562246,0.8102305298283076,0.7810230090399273,0.9920812903146725,1.069795458461158,13.093372693333853,16.433860704273684,13.90360322316216,17.244975595531287,0.8102305298283076,0.9920812903146725,/home/aaa/data/qj/stable-baselines3-master/risk_curriculum_metadrive/outputs/tuned_ablation_guard_only_nenv16_seed2_1m/runs/guard_only_ppo_s2/config.json,/home/aaa/data/qj/stable-baselines3-master/risk_curriculum_metadrive/outputs/tuned_ablation_guard_only_nenv16_seed2_1m/runs/guard_only_ppo_s2/model/final_model.zip
guard_only,action_intervention,guard_only,ppo,2,0.25,10000,10016,16,1.0,0.0,0.9900663490250029,0.0,0.0,0.0,0.0,1219.0,478.30548149545587,478.30548149545587,14.43917921982769,18.050161887046396,0.9686601267461386,0.10336341263330599,0.0,990066.3490250029,488.1683236637792,23.23217789810993,0.5359374977429071,0.07669445750266694,0.2396088019559902,828.0,79.0,115.0,634.0,67.9245283018868,1696.1362707554051,0.7864631631810232,0.764999000239186,0.9798528975807129,1.054393101658206,7.386739575117865,11.66113650688203,8.173202738298889,12.438482603465669,0.7864631631810232,0.9798528975807129,/home/aaa/data/qj/stable-baselines3-master/risk_curriculum_metadrive/outputs/tuned_ablation_guard_only_nenv16_seed2_1m/runs/guard_only_ppo_s2/config.json,/home/aaa/data/qj/stable-baselines3-master/risk_curriculum_metadrive/outputs/tuned_ablation_guard_only_nenv16_seed2_1m/runs/guard_only_ppo_s2/model/final_model.zip
guard_only,action_intervention,guard_only,ppo,2,0.25,10000,10017,17,0.0,0.0,0.47249734125483406,0.0,0.0,0.0,0.0,1500.0,304.81140470581556,304.81140470581556,8.95151717892558,7.8654811020329145,3.350920559775547,0.014666666666666666,0.0,472497.3412548341,371.4149754593564,50.171956404965336,2.0584381325971326,0.026199378231037927,0.003289473684210526,417.0,243.0,9.0,165.0,27.800000000000004,1122.7334048237155,0.8111013834713958,0.7736850020592101,1.0030614517745562,1.1299228187999688,24.669086187437642,33.62695924661239,25.480187570909038,34.4795890909154,0.8111013834713958,1.0030614517745562,/home/aaa/data/qj/stable-baselines3-master/risk_curriculum_metadrive/outputs/tuned_ablation_guard_only_nenv16_seed2_1m/runs/guard_only_ppo_s2/config.json,/home/aaa/data/qj/stable-baselines3-master/risk_curriculum_metadrive/outputs/tuned_ablation_guard_only_nenv16_seed2_1m/runs/guard_only_ppo_s2/model/final_model.zip
guard_only,action_intervention,guard_only,ppo,2,0.25,10000,10018,18,1.0,0.0,0.9916743633852012,0.0,0.0,0.0,0.0,1286.0,418.25689590396024,418.25689590396024,11.979298420204511,13.547817945290333,2.259637231514505,0.056765163297045104,0.0,991674.3633852012,426.16941758401117,77.19737553655227,2.291255251599352,0.028899283362539642,0.03017832647462277,621.0,135.0,32.0,454.0,48.289269051321924,1457.1669725164681,0.8217745466929249,0.7781935055390932,1.0177807562286034,1.1863829044159508,13.45518395116795,19.738217244594125,14.276958497860875,20.547030744637595,0.8217745466929249,1.0177807562286034,/home/aaa/data/qj/stable-baselines3-master/risk_curriculum_metadrive/outputs/tuned_ablation_guard_only_nenv16_seed2_1m/runs/guard_only_ppo_s2/config.json,/home/aaa/data/qj/stable-baselines3-master/risk_curriculum_metadrive/outputs/tuned_ablation_guard_only_nenv16_seed2_1m/runs/guard_only_ppo_s2/model/final_model.zip
guard_only,action_intervention,guard_only,ppo,2,0.25,10000,10019,19,0.0,0.0,0.8795465791896233,0.0,0.0,0.0,0.0,1500.0,565.7110593393685,565.7110593393685,14.449488959050234,18.047372325199674,5.285202525100284,0.016,0.0,879546.5791896234,600.9965844877449,51.815974451671025,2.6869385626141224,0.011494932054206302,0.007575757575757576,903.0,115.0,10.0,778.0,60.199999999999996,1502.504379071747,0.7706838293233886,0.7580495002912357,0.9920346448780037,1.1246345622930676,16.305830469325883,26.934262559370836,17.076514298649272,27.70392670208821,0.7706838293233886,0.9920346448780037,/home/aaa/data/qj/stable-baselines3-master/risk_curriculum_metadrive/outputs/tuned_ablation_guard_only_nenv16_seed2_1m/runs/guard_only_ppo_s2/config.json,/home/aaa/data/qj/stable-baselines3-master/risk_curriculum_metadrive/outputs/tuned_ablation_guard_only_nenv16_seed2_1m/runs/guard_only_ppo_s2/model/final_model.zip
guard_only,action_intervention,guard_only,ppo,2,0.25,20000,20000,0,1.0,0.0,0.986376648218814,0.0,0.0,0.0,0.0,1102.0,305.61287350400124,305.61287350400124,11.431099572573196,11.852654233739653,1.9393921606165099,0.07441016333938294,0.0,986376.648218814,348.87907293296763,36.85575407449763,0.059362967580935,0.06534425640042842,0.09597523219814241,514.0,106.0,81.0,327.0,46.64246823956443,1473.2898585142657,0.731852247092168,0.7309454958885908,0.9825012544752099,1.0794557775079738,6.974656008168216,13.401870198867982,7.706508255260384,14.24276679972536,0.731852247092168,0.9825012544752099,/home/aaa/data/qj/stable-baselines3-master/risk_curriculum_metadrive/outputs/tuned_ablation_guard_only_nenv16_seed2_1m/runs/guard_only_ppo_s2/config.json,/home/aaa/data/qj/stable-baselines3-master/risk_curriculum_metadrive/outputs/tuned_ablation_guard_only_nenv16_seed2_1m/runs/guard_only_ppo_s2/model/final_model.zip
guard_only,action_intervention,guard_only,ppo,2,0.25,20000,20001,1,0.0,1.0,0.7129833873763527,1.0,1.0,0.0,0.0,947.0,316.9451173100128,316.9451173100128,14.04446126969752,17.789130024489676,4.956796102750514,0.02006335797254488,0.0,0.7129833873763527,369.0786011963405,51.27412711858973,1.4336601703431453,0.038834333657736766,0.09289617486338798,515.0,68.0,40.0,407.0,54.38225976768744,1395.3667276581905,0.8327137181023234,0.7995149935595691,1.036639000813011,1.141334020649083,10.618347859833982,14.135785207326988,11.451061577936304,14.95199739729287,0.8327137181023234,1.036639000813011,/home/aaa/data/qj/stable-baselines3-master/risk_curriculum_metadrive/outputs/tuned_ablation_guard_only_nenv16_seed2_1m/runs/guard_only_ppo_s2/config.json,/home/aaa/data/qj/stable-baselines3-master/risk_curriculum_metadrive/outputs/tuned_ablation_guard_only_nenv16_seed2_1m/runs/guard_only_ppo_s2/model/final_model.zip
guard_only,action_intervention,guard_only,ppo,2,0.25,20000,20002,2,1.0,0.0,0.9895229364625092,0.0,0.0,0.0,0.0,1398.0,476.7154577144307,476.7154577144307,12.741341111941141,13.569333915876491,4.1937896545814395,0.026466380543633764,0.0,989522.9364625092,493.4427867615939,58.767576288032494,2.7913371273538394,0.022099319482240327,0.015625,647.0,157.0,22.0,468.0,46.280400572246066,1311.195578004461,0.8187186423559555,0.7831549955881201,1.0265928554872517,1.1536284592875745,10.722481068730014,17.969139053457184,11.54119971108597,18.813849751313683,0.8187186423559555,1.0265928554872517,/home/aaa/data/qj/stable-baselines3-master/risk_curriculum_metadrive/outputs/tuned_ablation_guard_only_nenv16_seed2_1m/runs/guard_only_ppo_s2/config.json,/home/aaa/data/qj/stable-baselines3-master/risk_curriculum_metadrive/outputs/tuned_ablation_guard_only_nenv16_seed2_1m/runs/guard_only_ppo_s2/model/final_model.zip
guard_only,action_intervention,guard_only,ppo,2,0.25,20000,20003,3,0.0,1.0,0.35322681307777254,1.0,1.0,0.0,0.0,1078.0,175.79764248614507,175.79764248614507,7.999702586274762,6.482769912954405,1.0563661559049857,0.08998144712430427,0.0,0.35322681307777254,238.01566088448558,104.05509413596515,4.81035752270097,0.03536139204596144,0.0011248593925759281,344.0,196.0,10.0,138.0,31.910946196660483,1445.2830486938044,0.8269886269627428,0.7878980031819083,1.0250576473481487,1.1476598182343878,17.200473827622112,22.32389169075759,18.027462454584853,23.15287409510347,0.8269886269627428,1.0250576473481487,/home/aaa/data/qj/stable-baselines3-master/risk_curriculum_metadrive/outputs/tuned_ablation_guard_only_nenv16_seed2_1m/runs/guard_only_ppo_s2/config.json,/home/aaa/data/qj/stable-baselines3-master/risk_curriculum_metadrive/outputs/tuned_ablation_guard_only_nenv16_seed2_1m/runs/guard_only_ppo_s2/model/final_model.zip
guard_only,action_intervention,guard_only,ppo,2,0.25,20000,20004,4,1.0,0.0,0.9911673864998073,0.0,0.0,0.0,0.0,1114.0,500.99378991697347,500.99378991697347,16.227681600470216,18.221604636641615,9.599789662836614,0.00807899461400359,0.0,991167.3864998074,501.52886225250705,41.7261628875694,5.045139791986523,0.010347262148474508,0.0,776.0,60.0,8.0,708.0,69.6588868940754,1547.2688780357844,0.8174134021521675,0.7913445006124675,1.022629952058196,1.110309667419642,7.073014694593844,12.622857701353496,7.890428096746012,13.445915305055676,0.8174134021521675,1.022629952058196,/home/aaa/data/qj/stable-baselines3-master/risk_curriculum_metadrive/outputs/tuned_ablation_guard_only_nenv16_seed2_1m/runs/guard_only_ppo_s2/config.json,/home/aaa/data/qj/stable-baselines3-master/risk_curriculum_metadrive/outputs/tuned_ablation_guard_only_nenv16_seed2_1m/runs/guard_only_ppo_s2/model/final_model.zip
guard_only,action_intervention,guard_only,ppo,2,0.25,20000,20005,5,0.0,0.0,0.6789431758777505,0.0,0.0,0.0,0.0,1500.0,350.1393969900805,350.1393969900805,9.378005027613314,7.187443588097107,3.073803925625159,0.0033333333333333335,0.0,678943.1758777506,390.0002926988594,43.228764731985045,2.09093234901035,0.027380677613035222,0.005591798695246971,568.0,232.0,12.0,324.0,37.86666666666667,1456.4091633607666,0.8277994766249321,0.788356497650966,1.0204874473856762,1.1242175693041645,19.474640864733374,26.217384302435676,20.302440341358306,27.04847379209241,0.8277994766249321,1.0204874473856762,/home/aaa/data/qj/stable-baselines3-master/risk_curriculum_metadrive/outputs/tuned_ablation_guard_only_nenv16_seed2_1m/runs/guard_only_ppo_s2/config.json,/home/aaa/data/qj/stable-baselines3-master/risk_curriculum_metadrive/outputs/tuned_ablation_guard_only_nenv16_seed2_1m/runs/guard_only_ppo_s2/model/final_model.zip
guard_only,action_intervention,guard_only,ppo,2,0.25,20000,20006,6,0.0,1.0,0.3697734943955632,1.0,1.0,0.0,0.0,645.0,189.40994846498316,189.40994846498316,11.815176507234945,17.29827484168205,1.3986762944624835,0.06821705426356589,0.0,0.3697734943955632,211.44413430004053,58.90525334025309,2.072379361067053,0.027667278778598616,0.025,352.0,68.0,10.0,274.0,54.57364341085271,1664.7423262189427,0.8261312744823869,0.7866050000302494,1.0208257939666507,1.1558831593720238,9.233908164233705,10.64796179998666,10.060039438716093,11.471145795076154,0.8261312744823869,1.0208257939666507,/home/aaa/data/qj/stable-baselines3-master/risk_curriculum_metadrive/outputs/tuned_ablation_guard_only_nenv16_seed2_1m/runs/guard_only_ppo_s2/config.json,/home/aaa/data/qj/stable-baselines3-master/risk_curriculum_metadrive/outputs/tuned_ablation_guard_only_nenv16_seed2_1m/runs/guard_only_ppo_s2/model/final_model.zip
guard_only,action_intervention,guard_only,ppo,2,0.25,20000,20007,7,1.0,0.0,0.9893468013906433,0.0,0.0,0.0,0.0,1001.0,431.790167672674,431.790167672674,15.751525952465483,18.232886020612916,7.600074724153558,0.03996003996003996,0.0,989346.8013906433,437.30336176022615,20.081691541399298,0.1003125190759119,0.04100310619025731,0.1902834008097166,712.0,32.0,49.0,631.0,71.12887112887113,1628.160362486283,0.8143176065812996,0.7816709985490888,1.0062049987027422,1.1290250113233924,6.911538673607125,9.872430993709713,7.725856280188424,10.763708996819332,0.8143176065812996,1.0062049987027422,/home/aaa/data/qj/stable-baselines3-master/risk_curriculum_metadrive/outputs/tuned_ablation_guard_only_nenv16_seed2_1m/runs/guard_only_ppo_s2/config.json,/home/aaa/data/qj/stable-baselines3-master/risk_curriculum_metadrive/outputs/tuned_ablation_guard_only_nenv16_seed2_1m/runs/guard_only_ppo_s2/model/final_model.zip
guard_only,action_intervention,guard_only,ppo,2,0.25,20000,20008,8,0.0,0.0,0.4055254471021447,0.0,0.0,0.0,0.0,1500.0,237.69397772571938,237.69397772571938,6.514732565296642,4.122043967920084,0.448289711037979,0.24466666666666667,0.0,405525.4471021447,265.8907906056594,61.824854566999434,1.2699478757652134,0.07546551128240085,0.08757062146892655,557.0,227.0,123.0,207.0,37.13333333333333,2094.845025400231,0.6842843928316142,0.6387975008692592,0.8974111398856621,1.0371446610952262,10.197158619121183,12.919438649987569,10.881443011952797,13.766803949692985,0.6842843928316142,0.8974111398856621,/home/aaa/data/qj/stable-baselines3-master/risk_curriculum_metadrive/outputs/tuned_ablation_guard_only_nenv16_seed2_1m/runs/guard_only_ppo_s2/config.json,/home/aaa/data/qj/stable-baselines3-master/risk_curriculum_metadrive/outputs/tuned_ablation_guard_only_nenv16_seed2_1m/runs/guard_only_ppo_s2/model/final_model.zip
guard_only,action_intervention,guard_only,ppo,2,0.25,20000,20009,9,1.0,0.0,0.9886200866061913,0.0,0.0,0.0,0.0,897.0,382.21850845803453,382.21850845803453,16.125038860543388,18.292111117045074,6.341189552369015,0.07692307692307693,0.0,988620.0866061914,401.2750574972552,29.883501643535105,0.8159570858050256,0.061914202038668494,0.5357142857142857,712.0,8.0,78.0,626.0,79.37569676700112,1774.344023375712,0.6439891685547418,0.6022680026944727,0.841487999423407,0.9426935960073023,6.495681420407791,10.048833594191818,7.139670588962533,10.726740807876922,0.6439891685547418,0.841487999423407,/home/aaa/data/qj/stable-baselines3-master/risk_curriculum_metadrive/outputs/tuned_ablation_guard_only_nenv16_seed2_1m/runs/guard_only_ppo_s2/config.json,/home/aaa/data/qj/stable-baselines3-master/risk_curriculum_metadrive/outputs/tuned_ablation_guard_only_nenv16_seed2_1m/runs/guard_only_ppo_s2/model/final_model.zip
guard_only,action_intervention,guard_only,ppo,2,0.25,20000,20010,10,1.0,0.0,0.9897289972006108,0.0,0.0,0.0,0.0,1267.0,418.55535051286347,418.55535051286347,12.679700555005876,13.280615874081295,4.64511905929468,0.007892659826361484,0.0,989728.9972006108,445.2375298764812,47.63305815538534,3.4404689801140393,0.01861912733009048,0.012213740458015267,632.0,137.0,13.0,482.0,49.881610102604576,1419.4670430754813,0.6195854894275136,0.5930879997322336,0.8232374006183819,0.9588790583075023,4.982113036060237,8.357991900993511,5.60169852548775,9.077635205176195,0.6195854894275136,0.8232374006183819,/home/aaa/data/qj/stable-baselines3-master/risk_curriculum_metadrive/outputs/tuned_ablation_guard_only_nenv16_seed2_1m/runs/guard_only_ppo_s2/config.json,/home/aaa/data/qj/stable-baselines3-master/risk_curriculum_metadrive/outputs/tuned_ablation_guard_only_nenv16_seed2_1m/runs/guard_only_ppo_s2/model/final_model.zip
guard_only,action_intervention,guard_only,ppo,2,0.25,20000,20011,11,0.0,1.0,0.6409791908939046,1.0,1.0,0.0,0.0,934.0,293.64701269494867,293.64701269494867,13.643228995461984,17.908387586402295,5.502219989289657,0.058886509635974305,0.0,0.6409791908939046,353.50667082256916,24.76514511238981,0.006054403877372042,0.055044996988018825,0.10309278350515463,550.0,77.0,53.0,420.0,58.886509635974306,1555.8405127694298,0.669963169961742,0.62500849890057,0.8757829506066627,0.9971512567426539,12.17584574052404,14.20069399755448,12.84580891048578,14.901870253379457,0.669963169961742,0.8757829506066627,/home/aaa/data/qj/stable-baselines3-master/risk_curriculum_metadrive/outputs/tuned_ablation_guard_only_nenv16_seed2_1m/runs/guard_only_ppo_s2/config.json,/home/aaa/data/qj/stable-baselines3-master/risk_curriculum_metadrive/outputs/tuned_ablation_guard_only_nenv16_seed2_1m/runs/guard_only_ppo_s2/model/final_model.zip
guard_only,action_intervention,guard_only,ppo,2,0.25,20000,20012,12,0.0,1.0,0.21519613641015242,1.0,1.0,0.0,0.0,217.0,88.11035171245763,88.11035171245763,17.66400475770057,18.404628545197433,17.88038569224016,0.0,0.0,0.21519613641015242,106.36671306828727,2.729494132421686,2.729494132421686,0.003560102099684453,1.0,174.0,0.0,0.0,174.0,80.18433179723502,1635.850116833941,0.6244555111676197,0.588748007430695,0.802780399681069,0.9141571610234679,3.827116299328858,4.4001241942169145,4.451571810496477,5.063394593889825,0.6244555111676197,0.802780399681069,/home/aaa/data/qj/stable-baselines3-master/risk_curriculum_metadrive/outputs/tuned_ablation_guard_only_nenv16_seed2_1m/runs/guard_only_ppo_s2/config.json,/home/aaa/data/qj/stable-baselines3-master/risk_curriculum_metadrive/outputs/tuned_ablation_guard_only_nenv16_seed2_1m/runs/guard_only_ppo_s2/model/final_model.zip
guard_only,action_intervention,guard_only,ppo,2,0.25,20000,20013,13,0.0,0.0,0.7377749130628771,0.0,0.0,0.0,0.0,1500.0,460.1402789538535,460.1402789538535,12.077505186226935,11.501399263753438,4.722843861809392,0.023333333333333334,0.0,737774.9130628771,502.6725854735624,26.63720803079956,2.243956884984431,0.02785277839935257,0.013033175355450236,718.0,199.0,28.0,491.0,47.86666666666667,1428.365144129712,0.6579817306871215,0.6202364966156892,0.8441555924946441,0.9438805058016441,13.030903769443588,18.807308444957016,13.68888550013071,19.53112354967743,0.6579817306871215,0.8441555924946441,/home/aaa/data/qj/stable-baselines3-master/risk_curriculum_metadrive/outputs/tuned_ablation_guard_only_nenv16_seed2_1m/runs/guard_only_ppo_s2/config.json,/home/aaa/data/qj/stable-baselines3-master/risk_curriculum_metadrive/outputs/tuned_ablation_guard_only_nenv16_seed2_1m/runs/guard_only_ppo_s2/model/final_model.zip
guard_only,action_intervention,guard_only,ppo,2,0.25,20000,20014,14,0.0,1.0,0.37002736779402323,1.0,1.0,0.0,0.0,583.0,165.75999763985268,165.75999763985268,12.235956285834062,11.183900121022583,6.348395697912096,0.0017152658662092624,0.0,0.37002736779402323,197.9460699258107,37.843956226505135,4.922242950535008,0.023510065468146348,0.002004008016032064,243.0,94.0,1.0,148.0,41.680960548885075,1227.6070956653766,0.6221782039053415,0.577591999899596,0.8198210955015384,0.9263014042517163,6.7355763243771305,8.235165898804553,7.357754528282472,8.916736392711755,0.6221782039053415,0.8198210955015384,/home/aaa/data/qj/stable-baselines3-master/risk_curriculum_metadrive/outputs/tuned_ablation_guard_only_nenv16_seed2_1m/runs/guard_only_ppo_s2/config.json,/home/aaa/data/qj/stable-baselines3-master/risk_curriculum_metadrive/outputs/tuned_ablation_guard_only_nenv16_seed2_1m/runs/guard_only_ppo_s2/model/final_model.zip
guard_only,action_intervention,guard_only,ppo,2,0.25,20000,20015,15,0.0,0.0,0.7762163209661714,0.0,0.0,0.0,0.0,1500.0,424.4299582268903,424.4299582268903,11.108866479595507,10.07503145811601,2.405512549983062,0.04,0.0,776216.3209661714,461.41488451937033,86.59575616425926,0.8235759557374782,0.026060753776579987,0.014285714285714285,696.0,162.0,21.0,513.0,46.400000000000006,1508.4038754514468,0.6264498384164957,0.5801805091323331,0.8402230028877966,0.9570289761177264,6.809523433708819,12.76935854621115,7.435973272125314,13.552117039216682,0.6264498384164957,0.8402230028877966,/home/aaa/data/qj/stable-baselines3-master/risk_curriculum_metadrive/outputs/tuned_ablation_guard_only_nenv16_seed2_1m/runs/guard_only_ppo_s2/config.json,/home/aaa/data/qj/stable-baselines3-master/risk_curriculum_metadrive/outputs/tuned_ablation_guard_only_nenv16_seed2_1m/runs/guard_only_ppo_s2/model/final_model.zip
guard_only,action_intervention,guard_only,ppo,2,0.25,20000,20016,16,0.0,0.0,0.529837451740438,0.0,0.0,0.0,0.0,1500.0,346.79968090396284,346.79968090396284,9.108695910573067,7.123461829756301,2.9135366535341034,0.016,0.0,529837.451740438,378.2890546796794,80.35163854898987,2.545429841929708,0.030210108512640034,0.002157497303128371,521.0,215.0,10.0,296.0,34.733333333333334,1377.2536993996898,0.6197691563963114,0.5848390064784326,0.7943025084387045,0.9255665270029567,9.3617248001392,12.266781900689239,9.98149395653551,12.958351713314187,0.6197691563963114,0.7943025084387045,/home/aaa/data/qj/stable-baselines3-master/risk_curriculum_metadrive/outputs/tuned_ablation_guard_only_nenv16_seed2_1m/runs/guard_only_ppo_s2/config.json,/home/aaa/data/qj/stable-baselines3-master/risk_curriculum_metadrive/outputs/tuned_ablation_guard_only_nenv16_seed2_1m/runs/guard_only_ppo_s2/model/final_model.zip
guard_only,action_intervention,guard_only,ppo,2,0.25,20000,20017,17,0.0,0.0,0.3420612522681052,0.0,0.0,0.0,0.0,1500.0,211.84601433761293,211.84601433761293,5.435693117722236,1.3529552564044167,0.35858231819039604,0.48933333333333334,0.0,342061.2522681052,216.56524482838293,24.808193983646344,2.669572716918021,0.09034553231634627,0.11990407673860912,746.0,300.0,153.0,293.0,49.733333333333334,3444.689384906463,0.6210881787604497,0.5764314919360913,0.8063352535828017,0.9285995822574477,6.636485365830595,7.830035345250505,7.257573544591044,8.531839401257454,0.6210881787604497,0.8063352535828017,/home/aaa/data/qj/stable-baselines3-master/risk_curriculum_metadrive/outputs/tuned_ablation_guard_only_nenv16_seed2_1m/runs/guard_only_ppo_s2/config.json,/home/aaa/data/qj/stable-baselines3-master/risk_curriculum_metadrive/outputs/tuned_ablation_guard_only_nenv16_seed2_1m/runs/guard_only_ppo_s2/model/final_model.zip
guard_only,action_intervention,guard_only,ppo,2,0.25,20000,20018,18,0.0,0.0,0.5971744206051076,0.0,0.0,0.0,0.0,1500.0,366.6583176402915,366.6583176402915,11.205497811422422,9.831008699420744,4.136837345304731,0.02,0.0,597174.4206051077,465.6769522194038,68.06573928424832,5.117278681717861,0.024319658498173368,0.0,638.0,207.0,4.0,427.0,42.53333333333333,1370.04847879911,0.6066771259453768,0.5679964961018413,0.7745629030978306,0.885853609215701,13.20618799974909,19.188633946760092,13.812865125694467,19.766829857690027,0.6066771259453768,0.7745629030978306,/home/aaa/data/qj/stable-baselines3-master/risk_curriculum_metadrive/outputs/tuned_ablation_guard_only_nenv16_seed2_1m/runs/guard_only_ppo_s2/config.json,/home/aaa/data/qj/stable-baselines3-master/risk_curriculum_metadrive/outputs/tuned_ablation_guard_only_nenv16_seed2_1m/runs/guard_only_ppo_s2/model/final_model.zip
guard_only,action_intervention,guard_only,ppo,2,0.25,20000,20019,19,1.0,0.0,0.9907797070604818,0.0,0.0,0.0,0.0,1401.0,506.8593931102129,506.8593931102129,14.321138027997003,16.329243438730874,7.193972228257381,0.009279086366880799,0.0,990779.7070604819,556.4990703034144,43.761825766905694,4.620421158310012,0.017794444887522423,0.0014005602240896359,732.0,161.0,9.0,562.0,52.24839400428265,1315.3660788703546,0.5748760480054625,0.5552130023716018,0.7451669953297824,0.8480499964207411,9.060282050708803,14.49528499506414,9.635158098714266,15.128010985790752,0.5748760480054625,0.7451669953297824,/home/aaa/data/qj/stable-baselines3-master/risk_curriculum_metadrive/outputs/tuned_ablation_guard_only_nenv16_seed2_1m/runs/guard_only_ppo_s2/config.json,/home/aaa/data/qj/stable-baselines3-master/risk_curriculum_metadrive/outputs/tuned_ablation_guard_only_nenv16_seed2_1m/runs/guard_only_ppo_s2/model/final_model.zip
