label,role,variant,algo,train_seed,density,scenario_start_seed,map_seed,episode,success,cost,route_completion,collision,crash_vehicle,crash_object,out_of_road,episode_length,reward,shaped_reward,mean_speed_kmh,median_speed_kmh,p10_speed_kmh,stop_ratio,low_progress,progress_per_cost,path_length_m,mean_ttc,min_ttc,ttc_risk_mean,ttc_dangerous_fraction,intervention_count,soft_guard_count,hard_shield_count,overspeed_guard_count,intervention_rate_per_100_steps,intervention_rate_per_km,policy_inference_ms_mean,policy_inference_ms_p50,policy_inference_ms_p95,policy_inference_ms_p99,env_step_wall_ms_mean,env_step_wall_ms_p95,control_loop_wall_ms_mean,control_loop_wall_ms_p95,total_action_latency_ms_mean,total_action_latency_ms_p95,source_config_json,source_model_path
guard_only,action_intervention,guard_only,ppo,0,0.08,10000,10000,0,1.0,0.0,0.9903638022920368,0.0,0.0,0.0,0.0,1041.0,497.43731418672775,497.43731418672775,18.192113497230537,18.445928324232888,17.95317291132905,0.0,0.0,990363.8022920368,525.6220575292491,3.115185223134775,1.5254624921464506,0.0021337211279695545,0.6666666666666666,896.0,0.0,3.0,893.0,86.07108549471661,1704.6468791887423,2.1790766862467534,0.9707800054457039,2.9997689998708665,9.932406595908098,7.00446099514984,21.503491996554658,9.183537681396594,24.029069987591356,2.1790766862467534,2.9997689998708665,/home/aaa/data/qj/stable-baselines3-master/risk_curriculum_metadrive/outputs/tuned_ablation_guard_only_nenv16_seed0_1m/runs/guard_only_ppo_s0/config.json,/home/aaa/data/qj/stable-baselines3-master/risk_curriculum_metadrive/outputs/tuned_ablation_guard_only_nenv16_seed0_1m/runs/guard_only_ppo_s0/model/final_model.zip
guard_only,action_intervention,guard_only,ppo,0,0.08,10000,10001,1,1.0,0.0,0.9901685275593852,0.0,0.0,0.0,0.0,1007.0,507.8619204579287,507.8619204579287,18.272682336045857,18.443411779625478,17.95871823742021,0.0,0.0,990168.5275593853,510.6985189856867,17.469358081558134,10.702152631896544,0.0001279586788765054,0.0,871.0,2.0,0.0,869.0,86.49453823237339,1705.5071977297262,1.0064539891976794,0.9602159989299253,1.4292539985035546,1.7922986211488015,2.7818227309023578,3.7834379050764255,3.788276720100037,4.972224595258012,1.0064539891976794,1.4292539985035546,/home/aaa/data/qj/stable-baselines3-master/risk_curriculum_metadrive/outputs/tuned_ablation_guard_only_nenv16_seed0_1m/runs/guard_only_ppo_s0/config.json,/home/aaa/data/qj/stable-baselines3-master/risk_curriculum_metadrive/outputs/tuned_ablation_guard_only_nenv16_seed0_1m/runs/guard_only_ppo_s0/model/final_model.zip
guard_only,action_intervention,guard_only,ppo,0,0.08,10000,10002,2,1.0,0.0,0.9909493746690875,0.0,0.0,0.0,0.0,1106.0,566.2097060162516,566.2097060162516,18.015127386806775,18.435289269540316,17.939665342596452,0.007233273056057866,0.0,990949.3746690876,553.0118215839818,10.44987635461434,5.4715757673656675,0.0033827955971177685,0.0,946.0,10.0,2.0,934.0,85.53345388788426,1710.6325092479742,1.1416825345837576,0.9895740004139952,1.8653055012691766,4.545631250948652,5.768600372452529,11.392246000468731,6.9102829070362874,13.460932739690179,1.1416825345837576,1.8653055012691766,/home/aaa/data/qj/stable-baselines3-master/risk_curriculum_metadrive/outputs/tuned_ablation_guard_only_nenv16_seed0_1m/runs/guard_only_ppo_s0/config.json,/home/aaa/data/qj/stable-baselines3-master/risk_curriculum_metadrive/outputs/tuned_ablation_guard_only_nenv16_seed0_1m/runs/guard_only_ppo_s0/model/final_model.zip
guard_only,action_intervention,guard_only,ppo,0,0.08,10000,10003,3,1.0,0.0,0.9900652468579791,0.0,0.0,0.0,0.0,915.0,483.66478091471953,483.66478091471953,18.321225536201062,18.472013560502262,17.968976643505524,0.0,0.0,990065.2468579792,465.2337539355946,,,0.0,0.0,802.0,0.0,0.0,802.0,87.65027322404372,1723.8646018599634,1.4074100360695445,0.9115150023717433,4.840328494901769,5.881787845282815,2.91765996508168,6.836758503050076,4.325070001151224,8.702445609378627,1.4074100360695445,4.840328494901769,/home/aaa/data/qj/stable-baselines3-master/risk_curriculum_metadrive/outputs/tuned_ablation_guard_only_nenv16_seed0_1m/runs/guard_only_ppo_s0/config.json,/home/aaa/data/qj/stable-baselines3-master/risk_curriculum_metadrive/outputs/tuned_ablation_guard_only_nenv16_seed0_1m/runs/guard_only_ppo_s0/model/final_model.zip
guard_only,action_intervention,guard_only,ppo,0,0.08,10000,10004,4,1.0,0.0,0.9917104361027876,0.0,0.0,0.0,0.0,1132.0,538.5969588505548,538.5969588505548,17.969796887150594,18.428253658935752,17.882834811929317,0.0,0.0,991710.4361027877,564.5311834258291,73.8690421618526,8.74191394276512,0.0007555025075663884,0.0,931.0,17.0,0.0,914.0,82.24381625441696,1649.1560206652773,1.6357802294021722,0.9706025011837482,5.110033146775095,6.873520572844429,7.174622195972028,14.702526849578135,8.8104024253742,16.795902456215117,1.6357802294021722,5.110033146775095,/home/aaa/data/qj/stable-baselines3-master/risk_curriculum_metadrive/outputs/tuned_ablation_guard_only_nenv16_seed0_1m/runs/guard_only_ppo_s0/config.json,/home/aaa/data/qj/stable-baselines3-master/risk_curriculum_metadrive/outputs/tuned_ablation_guard_only_nenv16_seed0_1m/runs/guard_only_ppo_s0/model/final_model.zip
guard_only,action_intervention,guard_only,ppo,0,0.08,10000,10005,5,1.0,0.0,0.9909475367618972,0.0,0.0,0.0,0.0,970.0,515.7345147020878,515.7345147020878,18.165738833983927,18.458230283251936,17.94791739534558,0.0,0.0,990947.5367618973,489.03457880644874,13.774192043424224,7.402056469767395,0.0006842171694856797,0.0,837.0,4.0,0.0,833.0,86.28865979381443,1711.535413391023,1.4683741969344466,0.9692149978945963,4.809974150703056,6.090417665109268,5.526918784766842,10.865310498047617,6.995292981701288,12.84461339964764,1.4683741969344466,4.809974150703056,/home/aaa/data/qj/stable-baselines3-master/risk_curriculum_metadrive/outputs/tuned_ablation_guard_only_nenv16_seed0_1m/runs/guard_only_ppo_s0/config.json,/home/aaa/data/qj/stable-baselines3-master/risk_curriculum_metadrive/outputs/tuned_ablation_guard_only_nenv16_seed0_1m/runs/guard_only_ppo_s0/model/final_model.zip
guard_only,action_intervention,guard_only,ppo,0,0.08,10000,10006,6,1.0,0.0,0.9925830658986233,0.0,0.0,0.0,0.0,1307.0,635.8592933535341,635.8592933535341,17.230227959958516,18.43620876116239,17.89271464925277,0.05508798775822494,0.0,992583.0658986233,625.075897779823,3.6075094387905047,0.03574537923317627,0.03959731583330163,0.6891891891891891,1145.0,0.0,74.0,1071.0,87.60520275439939,1831.77755544066,1.404502329231039,0.9661060030339286,4.543830006150529,6.175698158913305,4.193611135481848,9.39267880166881,5.5981134647128865,12.098850290931297,1.404502329231039,4.543830006150529,/home/aaa/data/qj/stable-baselines3-master/risk_curriculum_metadrive/outputs/tuned_ablation_guard_only_nenv16_seed0_1m/runs/guard_only_ppo_s0/config.json,/home/aaa/data/qj/stable-baselines3-master/risk_curriculum_metadrive/outputs/tuned_ablation_guard_only_nenv16_seed0_1m/runs/guard_only_ppo_s0/model/final_model.zip
guard_only,action_intervention,guard_only,ppo,0,0.08,10000,10007,7,0.0,0.0,0.9023586407908307,0.0,0.0,0.0,0.0,1500.0,721.6602745411888,721.6602745411888,17.84683966410868,18.362610446458213,16.266556576236976,0.0,0.0,902358.6407908307,743.1278238712534,19.100250151357145,1.745135798855475,0.003031256482194478,0.008733624454148471,1196.0,34.0,3.0,1159.0,79.73333333333333,1609.413564640269,1.6125416949992843,0.94320149946725,5.122406352165854,8.231996510003226,16.15452516680428,32.24032885191263,17.767066861803567,34.22969564780942,1.6125416949992843,5.122406352165854,/home/aaa/data/qj/stable-baselines3-master/risk_curriculum_metadrive/outputs/tuned_ablation_guard_only_nenv16_seed0_1m/runs/guard_only_ppo_s0/config.json,/home/aaa/data/qj/stable-baselines3-master/risk_curriculum_metadrive/outputs/tuned_ablation_guard_only_nenv16_seed0_1m/runs/guard_only_ppo_s0/model/final_model.zip
guard_only,action_intervention,guard_only,ppo,0,0.08,10000,10008,8,1.0,0.0,0.9904824735103441,0.0,0.0,0.0,0.0,984.0,498.3392308797553,498.3392308797553,18.24684722143736,18.445863749052656,17.9532260233361,0.0,0.0,990482.4735103442,498.320847359519,63.235013072070764,8.993077317697098,0.00033276601169873233,0.0,849.0,3.0,0.0,846.0,86.28048780487805,1703.7216173046836,1.4455680924791197,0.9410064958501607,4.945369548659073,6.543924497236722,5.212424872652486,11.70606224259245,6.657992965131605,13.770234643743601,1.4455680924791197,4.945369548659073,/home/aaa/data/qj/stable-baselines3-master/risk_curriculum_metadrive/outputs/tuned_ablation_guard_only_nenv16_seed0_1m/runs/guard_only_ppo_s0/config.json,/home/aaa/data/qj/stable-baselines3-master/risk_curriculum_metadrive/outputs/tuned_ablation_guard_only_nenv16_seed0_1m/runs/guard_only_ppo_s0/model/final_model.zip
guard_only,action_intervention,guard_only,ppo,0,0.08,10000,10009,9,1.0,0.0,0.9894916449239196,0.0,0.0,0.0,0.0,913.0,468.8637488928068,468.8637488928068,18.287428929871357,18.457571365277605,17.967421185815454,0.0,0.0,989491.6449239197,463.37096406602154,29.12798622102875,11.982881620329762,1.562466198451837e-06,0.0,793.0,1.0,0.0,792.0,86.8565169769989,1711.3717981841708,1.1618844218184123,0.9705570118967444,2.5080554041778664,4.915124108083546,2.960472057045229,7.04249339760281,4.122356478863642,8.951583612360992,1.1618844218184123,2.5080554041778664,/home/aaa/data/qj/stable-baselines3-master/risk_curriculum_metadrive/outputs/tuned_ablation_guard_only_nenv16_seed0_1m/runs/guard_only_ppo_s0/config.json,/home/aaa/data/qj/stable-baselines3-master/risk_curriculum_metadrive/outputs/tuned_ablation_guard_only_nenv16_seed0_1m/runs/guard_only_ppo_s0/model/final_model.zip
guard_only,action_intervention,guard_only,ppo,0,0.08,10000,10010,10,0.0,1.0,0.714063495185427,0.0,0.0,0.0,1.0,831.0,364.6824597855044,364.6824597855044,18.04185563447351,18.410067513805842,17.93343920008652,0.0,0.0,0.714063495185427,416.035149316909,19.53908376197778,2.7836980964009945,0.00262081188801075,0.25,701.0,1.0,3.0,697.0,84.35619735258724,1684.9537861187373,1.4301908471128173,0.9914230031426996,4.305922491766978,6.562294199829943,8.531935508746797,17.91555950330803,9.962126355859615,20.064255004399456,1.4301908471128173,4.305922491766978,/home/aaa/data/qj/stable-baselines3-master/risk_curriculum_metadrive/outputs/tuned_ablation_guard_only_nenv16_seed0_1m/runs/guard_only_ppo_s0/config.json,/home/aaa/data/qj/stable-baselines3-master/risk_curriculum_metadrive/outputs/tuned_ablation_guard_only_nenv16_seed0_1m/runs/guard_only_ppo_s0/model/final_model.zip
guard_only,action_intervention,guard_only,ppo,0,0.08,10000,10011,11,1.0,0.0,0.9919087614930904,0.0,0.0,0.0,0.0,1191.0,602.7056294642113,602.7056294642113,17.9693823349335,18.432293681161955,17.914553408431882,0.005037783375314861,0.0,991908.7614930904,594.0113814706299,54.06587637324619,1.9813048427282487,0.0061652853022521005,0.125,1007.0,7.0,9.0,991.0,84.55079764903442,1695.2537129960526,1.4740026128781556,0.942933009355329,5.00136300252052,7.80823240493191,7.597184495214631,16.113452496938407,9.071187108092786,18.878241498896386,1.4740026128781556,5.00136300252052,/home/aaa/data/qj/stable-baselines3-master/risk_curriculum_metadrive/outputs/tuned_ablation_guard_only_nenv16_seed0_1m/runs/guard_only_ppo_s0/config.json,/home/aaa/data/qj/stable-baselines3-master/risk_curriculum_metadrive/outputs/tuned_ablation_guard_only_nenv16_seed0_1m/runs/guard_only_ppo_s0/model/final_model.zip
guard_only,action_intervention,guard_only,ppo,0,0.08,10000,10012,12,1.0,0.0,0.9887865279263666,0.0,0.0,0.0,0.0,904.0,445.0736935903168,445.0736935903168,17.399074713489384,18.39271951960896,15.933229874583,0.018805309734513276,0.0,988786.5279263667,436.3916125160516,268.42610938653763,0.03253300020487312,0.019130230077601205,0.18095238095238095,737.0,7.0,20.0,710.0,81.52654867256636,1688.8500577514908,1.33879114371795,0.9432465012650937,4.351856149150989,6.9512873671192414,4.227575303200994,8.875961958256081,5.566366446918944,11.539379749592618,1.33879114371795,4.351856149150989,/home/aaa/data/qj/stable-baselines3-master/risk_curriculum_metadrive/outputs/tuned_ablation_guard_only_nenv16_seed0_1m/runs/guard_only_ppo_s0/config.json,/home/aaa/data/qj/stable-baselines3-master/risk_curriculum_metadrive/outputs/tuned_ablation_guard_only_nenv16_seed0_1m/runs/guard_only_ppo_s0/model/final_model.zip
guard_only,action_intervention,guard_only,ppo,0,0.08,10000,10013,13,1.0,0.0,0.9919231014991197,0.0,0.0,0.0,0.0,1058.0,552.4177439607481,552.4177439607481,18.32784969824762,18.45518694894771,17.9742381857966,0.0,0.0,991923.1014991197,538.2224893304107,,,0.0,0.0,927.0,0.0,0.0,927.0,87.61814744801512,1722.3360568846872,1.6057566032489226,0.9425235039088875,5.019474698929116,6.2053788769117135,6.403353381914633,14.65861380493152,8.009109985163557,16.918533843272595,1.6057566032489226,5.019474698929116,/home/aaa/data/qj/stable-baselines3-master/risk_curriculum_metadrive/outputs/tuned_ablation_guard_only_nenv16_seed0_1m/runs/guard_only_ppo_s0/config.json,/home/aaa/data/qj/stable-baselines3-master/risk_curriculum_metadrive/outputs/tuned_ablation_guard_only_nenv16_seed0_1m/runs/guard_only_ppo_s0/model/final_model.zip
guard_only,action_intervention,guard_only,ppo,0,0.08,10000,10014,14,0.0,0.0,0.9274419517663095,0.0,0.0,0.0,0.0,1500.0,757.7996049993242,757.7996049993242,18.32164082585045,18.449721567168496,17.96562688358534,0.0,0.0,927441.9517663096,762.9845859680983,19.923941503571275,3.662204973803041,0.0007696929490553337,0.1,1310.0,0.0,2.0,1308.0,87.33333333333333,1716.9416317078435,1.423155179344273,0.9241690058843233,4.762329901132033,6.903875447605969,9.073924014742564,19.112136954208836,10.497079194086837,20.95072573865764,1.423155179344273,4.762329901132033,/home/aaa/data/qj/stable-baselines3-master/risk_curriculum_metadrive/outputs/tuned_ablation_guard_only_nenv16_seed0_1m/runs/guard_only_ppo_s0/config.json,/home/aaa/data/qj/stable-baselines3-master/risk_curriculum_metadrive/outputs/tuned_ablation_guard_only_nenv16_seed0_1m/runs/guard_only_ppo_s0/model/final_model.zip
guard_only,action_intervention,guard_only,ppo,0,0.08,10000,10015,15,1.0,0.0,0.9932270196693251,0.0,0.0,0.0,0.0,1452.0,680.5322576699791,680.5322576699791,17.563707635659288,18.37777066580255,14.431168910056696,0.0,0.0,993227.0196693252,707.7762936556875,33.33943989902093,10.893097049692937,0.0009197694893410111,0.0,1146.0,36.0,0.0,1110.0,78.92561983471074,1619.155671463469,1.2509368595599195,0.9187645046040416,4.05333095768583,5.250062327395426,6.628395771178335,15.123281252454037,7.879332630738254,16.82348110043677,1.2509368595599195,4.05333095768583,/home/aaa/data/qj/stable-baselines3-master/risk_curriculum_metadrive/outputs/tuned_ablation_guard_only_nenv16_seed0_1m/runs/guard_only_ppo_s0/config.json,/home/aaa/data/qj/stable-baselines3-master/risk_curriculum_metadrive/outputs/tuned_ablation_guard_only_nenv16_seed0_1m/runs/guard_only_ppo_s0/model/final_model.zip
guard_only,action_intervention,guard_only,ppo,0,0.08,10000,10016,16,1.0,0.0,0.9902251216865813,0.0,0.0,0.0,0.0,964.0,498.9896691486836,498.9896691486836,18.174379375435752,18.39424030541084,17.928757264740035,0.001037344398340249,0.0,990225.1216865813,486.25036437102926,22.31682500550263,11.08949660241957,0.00027387568308168397,0.0,809.0,9.0,0.0,800.0,83.92116182572614,1663.75196663647,1.424621762358825,0.9302880062023178,4.846355546760604,8.474520867894173,3.8917586910833037,7.818392601620872,5.316380453442129,10.661331251321823,1.424621762358825,4.846355546760604,/home/aaa/data/qj/stable-baselines3-master/risk_curriculum_metadrive/outputs/tuned_ablation_guard_only_nenv16_seed0_1m/runs/guard_only_ppo_s0/config.json,/home/aaa/data/qj/stable-baselines3-master/risk_curriculum_metadrive/outputs/tuned_ablation_guard_only_nenv16_seed0_1m/runs/guard_only_ppo_s0/model/final_model.zip
guard_only,action_intervention,guard_only,ppo,0,0.08,10000,10017,17,0.0,0.0,0.9037824059563868,0.0,0.0,0.0,0.0,1500.0,690.4494426051873,690.4494426051873,17.071231078691763,18.348442046431167,11.333775414616648,0.0,0.0,903782.4059563868,710.6490151055536,23.524881290134587,8.566440673225404,0.0016100118516058537,0.0,1162.0,44.0,0.0,1118.0,77.46666666666667,1635.1250410547696,1.346352670690976,0.9460770015721209,4.852681204647524,5.956912084657233,10.003661856569428,21.808424097253006,11.350014527260404,23.457419056649087,1.346352670690976,4.852681204647524,/home/aaa/data/qj/stable-baselines3-master/risk_curriculum_metadrive/outputs/tuned_ablation_guard_only_nenv16_seed0_1m/runs/guard_only_ppo_s0/config.json,/home/aaa/data/qj/stable-baselines3-master/risk_curriculum_metadrive/outputs/tuned_ablation_guard_only_nenv16_seed0_1m/runs/guard_only_ppo_s0/model/final_model.zip
guard_only,action_intervention,guard_only,ppo,0,0.08,10000,10018,18,1.0,0.0,0.9911802079774136,0.0,0.0,0.0,0.0,907.0,421.03021691307634,421.03021691307634,17.00491410432773,18.337660207703323,11.360072714308371,0.008820286659316428,0.0,991180.2079774137,427.8301839089039,18.143957976356507,0.8113966064815026,0.011652293870978828,0.08029197080291971,692.0,23.0,11.0,658.0,76.2954796030871,1617.4641856203036,1.165664291842055,0.922028993954882,1.9227149998187063,5.43909031577641,4.466032588759067,7.739300296816507,5.631696880601122,9.92057589901378,1.165664291842055,1.9227149998187063,/home/aaa/data/qj/stable-baselines3-master/risk_curriculum_metadrive/outputs/tuned_ablation_guard_only_nenv16_seed0_1m/runs/guard_only_ppo_s0/config.json,/home/aaa/data/qj/stable-baselines3-master/risk_curriculum_metadrive/outputs/tuned_ablation_guard_only_nenv16_seed0_1m/runs/guard_only_ppo_s0/model/final_model.zip
guard_only,action_intervention,guard_only,ppo,0,0.08,10000,10019,19,1.0,0.0,0.9932076687346025,0.0,0.0,0.0,0.0,1352.0,680.6532072978345,680.6532072978345,18.162024445987257,18.462048999479272,17.956562230549167,0.004437869822485207,0.0,993207.6687346026,681.6430535592611,5.732438916287913,3.6320428234019477,0.003476827524248569,0.2222222222222222,1178.0,1.0,8.0,1169.0,87.13017751479289,1728.1772239135512,1.3567527904455583,0.9584670042386279,4.909477407636587,6.213469871727286,7.8036894621898405,20.892794805695303,9.160442252635399,22.57686974553508,1.3567527904455583,4.909477407636587,/home/aaa/data/qj/stable-baselines3-master/risk_curriculum_metadrive/outputs/tuned_ablation_guard_only_nenv16_seed0_1m/runs/guard_only_ppo_s0/config.json,/home/aaa/data/qj/stable-baselines3-master/risk_curriculum_metadrive/outputs/tuned_ablation_guard_only_nenv16_seed0_1m/runs/guard_only_ppo_s0/model/final_model.zip
guard_only,action_intervention,guard_only,ppo,0,0.08,20000,20000,0,1.0,0.0,0.9862270300628658,0.0,0.0,0.0,0.0,690.0,346.08776657868515,346.08776657868515,18.20461475966191,18.435359705046242,17.932504540496886,0.0,0.0,986227.0300628658,348.48320361807066,13.080855828640937,11.505517451361948,6.490760348390684e-05,0.0,589.0,2.0,0.0,587.0,85.3623188405797,1690.1818907907252,1.0842739122513128,0.8801770018180832,2.6573383445793293,5.051396285562079,2.8592258771085115,5.947537594329331,3.9434997893598243,7.379904550180069,1.0842739122513128,2.6573383445793293,/home/aaa/data/qj/stable-baselines3-master/risk_curriculum_metadrive/outputs/tuned_ablation_guard_only_nenv16_seed0_1m/runs/guard_only_ppo_s0/config.json,/home/aaa/data/qj/stable-baselines3-master/risk_curriculum_metadrive/outputs/tuned_ablation_guard_only_nenv16_seed0_1m/runs/guard_only_ppo_s0/model/final_model.zip
guard_only,action_intervention,guard_only,ppo,0,0.08,20000,20001,1,1.0,0.0,0.9887834363876614,0.0,0.0,0.0,0.0,1006.0,460.15728794106275,460.15728794106275,18.244832911582936,18.422105171665958,17.949728485166546,0.0,0.0,988783.4363876615,509.413920475946,32.96211972669306,8.679377831539519,0.0003835431107384719,0.0,862.0,2.0,0.0,860.0,85.6858846918489,1692.1406450664567,1.5193056432061844,0.925757507502567,4.85851250050473,7.105698306259018,4.455432659958764,9.31135475548217,5.974738303164949,11.778380499890773,1.5193056432061844,4.85851250050473,/home/aaa/data/qj/stable-baselines3-master/risk_curriculum_metadrive/outputs/tuned_ablation_guard_only_nenv16_seed0_1m/runs/guard_only_ppo_s0/config.json,/home/aaa/data/qj/stable-baselines3-master/risk_curriculum_metadrive/outputs/tuned_ablation_guard_only_nenv16_seed0_1m/runs/guard_only_ppo_s0/model/final_model.zip
guard_only,action_intervention,guard_only,ppo,0,0.08,20000,20002,2,1.0,0.0,0.9885943242190858,0.0,0.0,0.0,0.0,1003.0,496.75554126613594,496.75554126613594,17.663865647334013,18.435065572725147,17.899613282577945,0.01694915254237288,0.0,988594.3242190859,491.6493357547385,9.70215518854963,2.052960497312976,0.01604081125083866,0.5405405405405406,845.0,2.0,22.0,821.0,84.24725822532403,1718.7046509537686,1.1393428953484737,0.9248440037481487,2.5038075022166586,5.060184646572453,3.996132149610386,7.654876803280784,5.13547504495886,9.639830386731774,1.1393428953484737,2.5038075022166586,/home/aaa/data/qj/stable-baselines3-master/risk_curriculum_metadrive/outputs/tuned_ablation_guard_only_nenv16_seed0_1m/runs/guard_only_ppo_s0/config.json,/home/aaa/data/qj/stable-baselines3-master/risk_curriculum_metadrive/outputs/tuned_ablation_guard_only_nenv16_seed0_1m/runs/guard_only_ppo_s0/model/final_model.zip
guard_only,action_intervention,guard_only,ppo,0,0.08,20000,20003,3,1.0,0.0,0.9927355427790842,0.0,0.0,0.0,0.0,1334.0,706.14500898159,706.14500898159,18.267080230497854,18.426729351092142,17.956546928076662,0.0,0.0,992735.5427790842,676.4687248523154,27.756752749031875,8.991288877022756,0.0003087974973937861,0.0,1150.0,5.0,0.0,1145.0,86.20689655172413,1700.0046827753413,1.4488313943926088,0.9500084997853264,4.894964500272181,7.34800794700279,8.302631045699,20.6527262525924,9.751462440091608,22.711063448514324,1.4488313943926088,4.894964500272181,/home/aaa/data/qj/stable-baselines3-master/risk_curriculum_metadrive/outputs/tuned_ablation_guard_only_nenv16_seed0_1m/runs/guard_only_ppo_s0/config.json,/home/aaa/data/qj/stable-baselines3-master/risk_curriculum_metadrive/outputs/tuned_ablation_guard_only_nenv16_seed0_1m/runs/guard_only_ppo_s0/model/final_model.zip
guard_only,action_intervention,guard_only,ppo,0,0.08,20000,20004,4,1.0,0.0,0.9910390952649902,0.0,0.0,0.0,0.0,989.0,521.1547175328285,521.1547175328285,18.288267804768847,18.434281500816308,17.96761125568825,0.0,0.0,991039.0952649902,501.99385364964377,,,0.0,0.0,860.0,0.0,0.0,860.0,86.95652173913044,1713.168385922548,1.397410552048584,0.9688220015959814,4.829632004839368,5.9585097240051255,3.022510491433851,6.77215139439795,4.419921043482435,9.036955802002922,1.397410552048584,4.829632004839368,/home/aaa/data/qj/stable-baselines3-master/risk_curriculum_metadrive/outputs/tuned_ablation_guard_only_nenv16_seed0_1m/runs/guard_only_ppo_s0/config.json,/home/aaa/data/qj/stable-baselines3-master/risk_curriculum_metadrive/outputs/tuned_ablation_guard_only_nenv16_seed0_1m/runs/guard_only_ppo_s0/model/final_model.zip
guard_only,action_intervention,guard_only,ppo,0,0.08,20000,20005,5,1.0,0.0,0.9924817762912189,0.0,0.0,0.0,0.0,1143.0,586.4423654647409,586.4423654647409,18.243632726379573,18.424582166183292,17.9576682447033,0.0,0.0,992481.7762912189,578.819958727233,48.57121945399858,9.026771646349529,0.00030102079638425123,0.0,986.0,3.0,0.0,983.0,86.26421697287839,1703.4657930042963,1.3931756004362554,0.9639409981900826,4.644495800312141,6.749168300884776,5.938866696460926,12.698916693625504,7.332042296897182,15.064947602513703,1.3931756004362554,4.644495800312141,/home/aaa/data/qj/stable-baselines3-master/risk_curriculum_metadrive/outputs/tuned_ablation_guard_only_nenv16_seed0_1m/runs/guard_only_ppo_s0/config.json,/home/aaa/data/qj/stable-baselines3-master/risk_curriculum_metadrive/outputs/tuned_ablation_guard_only_nenv16_seed0_1m/runs/guard_only_ppo_s0/model/final_model.zip
guard_only,action_intervention,guard_only,ppo,0,0.08,20000,20006,6,1.0,0.0,0.9917802024195608,0.0,0.0,0.0,0.0,1142.0,584.6631251646161,584.6631251646161,18.11808811254398,18.397408559418366,17.933666594310544,0.0008756567425569177,0.0,991780.2024195609,574.3060705552774,21.25268457724801,6.767461604094981,0.0011379504083892204,0.0,964.0,8.0,1.0,955.0,84.41330998248687,1678.5474669768691,1.1584476436480786,0.9327030056738295,1.9615504927060163,5.219435230974339,3.4957253869077363,7.405296894285129,4.654173030555815,8.638725990749665,1.1584476436480786,1.9615504927060163,/home/aaa/data/qj/stable-baselines3-master/risk_curriculum_metadrive/outputs/tuned_ablation_guard_only_nenv16_seed0_1m/runs/guard_only_ppo_s0/config.json,/home/aaa/data/qj/stable-baselines3-master/risk_curriculum_metadrive/outputs/tuned_ablation_guard_only_nenv16_seed0_1m/runs/guard_only_ppo_s0/model/final_model.zip
guard_only,action_intervention,guard_only,ppo,0,0.08,20000,20007,7,1.0,0.0,0.9889867013896,0.0,0.0,0.0,0.0,945.0,429.2321723190237,429.2321723190237,16.69604487745828,18.386663035139666,11.695615144048782,0.07724867724867725,0.0,988986.7013896,437.7935360785986,8.566200549428562,0.04250755114687159,0.0549883315702926,0.5368421052631579,814.0,3.0,73.0,738.0,86.13756613756614,1859.3239344992514,1.1869709437839913,0.9969880047719926,2.138841804116963,4.860679757548495,2.981776777188609,6.244993003201671,4.1687477209726005,8.026272410643287,1.1869709437839913,2.138841804116963,/home/aaa/data/qj/stable-baselines3-master/risk_curriculum_metadrive/outputs/tuned_ablation_guard_only_nenv16_seed0_1m/runs/guard_only_ppo_s0/config.json,/home/aaa/data/qj/stable-baselines3-master/risk_curriculum_metadrive/outputs/tuned_ablation_guard_only_nenv16_seed0_1m/runs/guard_only_ppo_s0/model/final_model.zip
guard_only,action_intervention,guard_only,ppo,0,0.08,20000,20008,8,1.0,0.0,0.9940119052116637,0.0,0.0,0.0,0.0,1334.0,650.4034573779626,650.4034573779626,18.206033493294616,18.433136372634934,17.9481029276192,0.0,0.0,994011.9052116638,674.1579739604567,43.883460562984034,8.931653394572427,0.000717192745522101,0.0,1130.0,11.0,0.0,1119.0,84.70764617691154,1676.1649993719143,1.1152883223991008,0.9826809910009615,1.5648391963622996,4.996360074001138,5.061161991592683,9.769131241773714,6.176450313991784,10.995512452063847,1.1152883223991008,1.5648391963622996,/home/aaa/data/qj/stable-baselines3-master/risk_curriculum_metadrive/outputs/tuned_ablation_guard_only_nenv16_seed0_1m/runs/guard_only_ppo_s0/config.json,/home/aaa/data/qj/stable-baselines3-master/risk_curriculum_metadrive/outputs/tuned_ablation_guard_only_nenv16_seed0_1m/runs/guard_only_ppo_s0/model/final_model.zip
guard_only,action_intervention,guard_only,ppo,0,0.08,20000,20009,9,1.0,0.0,0.9878183853378318,0.0,0.0,0.0,0.0,837.0,407.6360608738114,407.6360608738114,17.273422324648735,18.368677102275207,14.853878600845633,0.02031063321385902,0.0,987818.3853378319,401.09408847171943,38.224114166279655,0.7266679354532901,0.019763249552129207,0.234375,673.0,5.0,22.0,646.0,80.40621266427718,1677.9105435443291,1.3534600288280882,0.9866259933914989,4.87570539989974,5.773748428910032,5.666436948327391,13.233284998568704,7.019896977155479,14.94962579163257,1.3534600288280882,4.87570539989974,/home/aaa/data/qj/stable-baselines3-master/risk_curriculum_metadrive/outputs/tuned_ablation_guard_only_nenv16_seed0_1m/runs/guard_only_ppo_s0/config.json,/home/aaa/data/qj/stable-baselines3-master/risk_curriculum_metadrive/outputs/tuned_ablation_guard_only_nenv16_seed0_1m/runs/guard_only_ppo_s0/model/final_model.zip
guard_only,action_intervention,guard_only,ppo,0,0.08,20000,20010,10,1.0,0.0,0.9897350704911726,0.0,0.0,0.0,0.0,879.0,471.08829198590576,471.08829198590576,18.27126700532988,18.433757798200684,17.9653089412035,0.0,0.0,989735.0704911726,445.713324693531,,,0.0,0.0,764.0,0.0,0.0,764.0,86.91695108077361,1714.1062599493082,1.2070860669054717,0.9175359882647172,3.9799117934308006,5.629342501051728,2.820566272622253,7.28815689944895,4.027652339527725,8.993064792593941,1.2070860669054717,3.9799117934308006,/home/aaa/data/qj/stable-baselines3-master/risk_curriculum_metadrive/outputs/tuned_ablation_guard_only_nenv16_seed0_1m/runs/guard_only_ppo_s0/config.json,/home/aaa/data/qj/stable-baselines3-master/risk_curriculum_metadrive/outputs/tuned_ablation_guard_only_nenv16_seed0_1m/runs/guard_only_ppo_s0/model/final_model.zip
guard_only,action_intervention,guard_only,ppo,0,0.08,20000,20011,11,1.0,0.0,0.991597936349401,0.0,0.0,0.0,0.0,1085.0,555.8848511674274,555.8848511674274,18.296960664005756,18.447172405992152,17.953121238897694,0.0,0.0,991597.936349401,551.0179346526758,0.025916782349074272,0.025916782349074272,0.0009196684498963844,1.0,942.0,0.0,1.0,941.0,86.82027649769584,1709.5632297227723,1.1177208589782621,0.9450620127609,2.068342009442856,4.998143807752065,5.9585902902398535,12.230460194405163,7.076311149218116,14.226336803403683,1.1177208589782621,2.068342009442856,/home/aaa/data/qj/stable-baselines3-master/risk_curriculum_metadrive/outputs/tuned_ablation_guard_only_nenv16_seed0_1m/runs/guard_only_ppo_s0/config.json,/home/aaa/data/qj/stable-baselines3-master/risk_curriculum_metadrive/outputs/tuned_ablation_guard_only_nenv16_seed0_1m/runs/guard_only_ppo_s0/model/final_model.zip
guard_only,action_intervention,guard_only,ppo,0,0.08,20000,20012,12,1.0,0.0,0.9917663762858988,0.0,0.0,0.0,0.0,1037.0,518.5989138751133,518.5989138751133,18.08051677847043,18.432147291130274,17.935724824554494,0.0,0.0,991766.3762858988,520.3381610907608,19.48352971504732,11.12521369927982,0.00048634673151265006,0.0,866.0,11.0,0.0,855.0,83.51012536162006,1664.302303303383,1.2501813276964324,0.9379160037497059,3.992856401600874,5.738149161334155,3.303101131286815,7.710837604827247,4.553282458983247,10.02377700060605,1.2501813276964324,3.992856401600874,/home/aaa/data/qj/stable-baselines3-master/risk_curriculum_metadrive/outputs/tuned_ablation_guard_only_nenv16_seed0_1m/runs/guard_only_ppo_s0/config.json,/home/aaa/data/qj/stable-baselines3-master/risk_curriculum_metadrive/outputs/tuned_ablation_guard_only_nenv16_seed0_1m/runs/guard_only_ppo_s0/model/final_model.zip
guard_only,action_intervention,guard_only,ppo,0,0.08,20000,20013,13,1.0,0.0,0.9929114672702011,0.0,0.0,0.0,0.0,1339.0,642.5834219781855,642.5834219781855,18.013282183330226,18.39129450694262,17.92206205552836,0.00597460791635549,0.0,992911.4672702011,669.5433604973889,23.956766006566948,2.1802241453121733,0.004856707193703599,0.10869565217391304,1130.0,7.0,9.0,1114.0,84.3913368185213,1687.7174305194335,1.3561353406045882,0.9508529910817742,4.71646650112234,6.077594920643605,6.857853128618347,15.33539981028298,8.213988469222935,17.753797199111425,1.3561353406045882,4.71646650112234,/home/aaa/data/qj/stable-baselines3-master/risk_curriculum_metadrive/outputs/tuned_ablation_guard_only_nenv16_seed0_1m/runs/guard_only_ppo_s0/config.json,/home/aaa/data/qj/stable-baselines3-master/risk_curriculum_metadrive/outputs/tuned_ablation_guard_only_nenv16_seed0_1m/runs/guard_only_ppo_s0/model/final_model.zip
guard_only,action_intervention,guard_only,ppo,0,0.08,20000,20014,14,1.0,0.0,0.9910231817568053,0.0,0.0,0.0,0.0,1068.0,547.0557970283128,547.0557970283128,18.148658637648595,18.406272514037937,17.93350428338042,0.0009363295880149813,0.0,991023.1817568053,537.9749493523311,23.194787098160532,10.058055318843081,0.00032713286548559866,0.0,903.0,8.0,0.0,895.0,84.5505617977528,1678.5168177200874,1.1704386500408437,0.891780000529252,3.8663000035739965,5.3617137385299385,3.790545581143667,9.756247953919228,4.9609842311845105,12.282768944714917,1.1704386500408437,3.8663000035739965,/home/aaa/data/qj/stable-baselines3-master/risk_curriculum_metadrive/outputs/tuned_ablation_guard_only_nenv16_seed0_1m/runs/guard_only_ppo_s0/config.json,/home/aaa/data/qj/stable-baselines3-master/risk_curriculum_metadrive/outputs/tuned_ablation_guard_only_nenv16_seed0_1m/runs/guard_only_ppo_s0/model/final_model.zip
guard_only,action_intervention,guard_only,ppo,0,0.08,20000,20015,15,1.0,0.0,0.9924254300511034,0.0,0.0,0.0,0.0,1158.0,577.1998620213488,577.1998620213488,18.342797714512994,18.462175288571117,17.980575981394214,0.0,0.0,992425.4300511035,589.6063563762143,,,0.0,0.0,1014.0,0.0,0.0,1014.0,87.56476683937824,1719.7914999291322,1.1021496090015181,0.9183475049212575,1.8229628964036173,5.229608048684902,3.319519150256025,7.3067230950982776,4.421668759257543,8.84641945376642,1.1021496090015181,1.8229628964036173,/home/aaa/data/qj/stable-baselines3-master/risk_curriculum_metadrive/outputs/tuned_ablation_guard_only_nenv16_seed0_1m/runs/guard_only_ppo_s0/config.json,/home/aaa/data/qj/stable-baselines3-master/risk_curriculum_metadrive/outputs/tuned_ablation_guard_only_nenv16_seed0_1m/runs/guard_only_ppo_s0/model/final_model.zip
guard_only,action_intervention,guard_only,ppo,0,0.08,20000,20016,16,1.0,0.0,0.9935346170176411,0.0,0.0,0.0,0.0,1403.0,738.7899385880123,738.7899385880123,18.360116127063304,18.460090312318787,17.97684391791614,0.0,0.0,993534.6170176412,715.1047847581322,,,0.0,0.0,1233.0,0.0,0.0,1233.0,87.88310762651462,1724.2228359820501,1.0339164199820021,0.9251969895558432,1.4029373953235333,4.131988893204834,4.071008786312252,8.254716692317743,5.104925206294253,9.522538784949575,1.0339164199820021,1.4029373953235333,/home/aaa/data/qj/stable-baselines3-master/risk_curriculum_metadrive/outputs/tuned_ablation_guard_only_nenv16_seed0_1m/runs/guard_only_ppo_s0/config.json,/home/aaa/data/qj/stable-baselines3-master/risk_curriculum_metadrive/outputs/tuned_ablation_guard_only_nenv16_seed0_1m/runs/guard_only_ppo_s0/model/final_model.zip
guard_only,action_intervention,guard_only,ppo,0,0.08,20000,20017,17,1.0,0.0,0.992199947956943,0.0,0.0,0.0,0.0,1220.0,589.4144608541081,589.4144608541081,18.202412650600156,18.43251247038107,17.936484220622738,0.0,0.0,992199.9479569431,616.4064556701094,15.519295686138657,1.1686414027980072,0.0022310026553298778,0.1875,1046.0,1.0,3.0,1042.0,85.73770491803279,1696.932260164066,1.0693491172101768,0.9638614938012324,1.5449949598405506,3.45941789040805,3.7344165785680907,4.812793357268674,4.803765695778267,6.344095196254781,1.0693491172101768,1.5449949598405506,/home/aaa/data/qj/stable-baselines3-master/risk_curriculum_metadrive/outputs/tuned_ablation_guard_only_nenv16_seed0_1m/runs/guard_only_ppo_s0/config.json,/home/aaa/data/qj/stable-baselines3-master/risk_curriculum_metadrive/outputs/tuned_ablation_guard_only_nenv16_seed0_1m/runs/guard_only_ppo_s0/model/final_model.zip
guard_only,action_intervention,guard_only,ppo,0,0.08,20000,20018,18,0.0,0.0,0.9662156028195633,0.0,0.0,0.0,0.0,1500.0,770.3388192784668,770.3388192784668,18.202519497200466,18.427332556235378,17.94307612774874,0.0,0.0,966215.6028195634,757.9812572004428,15.938619269882755,8.460790285014017,0.00043665091598737695,0.0,1285.0,9.0,0.0,1276.0,85.66666666666667,1695.2925785342882,1.110331894965687,0.9182060020975769,1.6670766483002795,4.798826716287294,8.336826467886567,18.044708391244054,9.447158362852255,20.43840215337695,1.110331894965687,1.6670766483002795,/home/aaa/data/qj/stable-baselines3-master/risk_curriculum_metadrive/outputs/tuned_ablation_guard_only_nenv16_seed0_1m/runs/guard_only_ppo_s0/config.json,/home/aaa/data/qj/stable-baselines3-master/risk_curriculum_metadrive/outputs/tuned_ablation_guard_only_nenv16_seed0_1m/runs/guard_only_ppo_s0/model/final_model.zip
guard_only,action_intervention,guard_only,ppo,0,0.08,20000,20019,19,1.0,0.0,0.9908687803258535,0.0,0.0,0.0,0.0,1097.0,551.4182595439835,551.4182595439835,18.290124038099115,18.42970468108314,17.96574322080369,0.0,0.0,990868.7803258535,556.9271210788493,,,0.0,0.0,954.0,0.0,0.0,954.0,86.96444849589791,1712.9709864945391,1.233153806891294,0.9141949994955212,4.1267066029831785,5.673732362920417,5.332429475912318,13.41695919400081,6.565583282803613,14.878120008506814,1.233153806891294,4.1267066029831785,/home/aaa/data/qj/stable-baselines3-master/risk_curriculum_metadrive/outputs/tuned_ablation_guard_only_nenv16_seed0_1m/runs/guard_only_ppo_s0/config.json,/home/aaa/data/qj/stable-baselines3-master/risk_curriculum_metadrive/outputs/tuned_ablation_guard_only_nenv16_seed0_1m/runs/guard_only_ppo_s0/model/final_model.zip
guard_only,action_intervention,guard_only,ppo,0,0.2,10000,10000,0,0.0,1.0,0.38704207735126084,1.0,1.0,0.0,0.0,433.0,183.3221892599915,183.3221892599915,16.80878885636863,18.35154467331361,11.697827494526985,0.03233256351039261,0.0,0.38704207735126084,201.88848794660714,8.156584318389292,0.3909971643273449,0.04532601170713524,0.47619047619047616,341.0,3.0,21.0,317.0,78.75288683602771,1689.0512355027558,1.2318339815116477,0.9517319995211437,3.230414396966804,5.6598020775709355,16.54312882482211,29.803131395601653,17.774962806333754,31.64879219839347,1.2318339815116477,3.230414396966804,/home/aaa/data/qj/stable-baselines3-master/risk_curriculum_metadrive/outputs/tuned_ablation_guard_only_nenv16_seed0_1m/runs/guard_only_ppo_s0/config.json,/home/aaa/data/qj/stable-baselines3-master/risk_curriculum_metadrive/outputs/tuned_ablation_guard_only_nenv16_seed0_1m/runs/guard_only_ppo_s0/model/final_model.zip
guard_only,action_intervention,guard_only,ppo,0,0.2,10000,10001,1,0.0,1.0,0.7466784771938579,1.0,1.0,0.0,0.0,811.0,353.37524669108905,353.37524669108905,17.02725529642535,18.30918404254202,12.595845699183442,0.013563501849568433,0.0,0.7466784771938579,383.0080199820408,100.4836132060182,0.1916248318171558,0.010217457027585421,0.005263157894736842,595.0,32.0,8.0,555.0,73.36621454993835,1553.4922742032907,1.2541624058576866,0.9190650016535074,4.164523503277451,5.373790288285817,11.854304938068822,21.866128998226486,13.108467343926508,23.48287350469036,1.2541624058576866,4.164523503277451,/home/aaa/data/qj/stable-baselines3-master/risk_curriculum_metadrive/outputs/tuned_ablation_guard_only_nenv16_seed0_1m/runs/guard_only_ppo_s0/config.json,/home/aaa/data/qj/stable-baselines3-master/risk_curriculum_metadrive/outputs/tuned_ablation_guard_only_nenv16_seed0_1m/runs/guard_only_ppo_s0/model/final_model.zip
guard_only,action_intervention,guard_only,ppo,0,0.2,10000,10002,2,0.0,1.0,0.52374023110474,1.0,1.0,0.0,0.0,608.0,269.3587066354447,269.3587066354447,17.153027927111154,18.322742711056048,12.55893212602875,0.0,0.0,0.52374023110474,289.2837362638291,34.088970032710655,0.30641025321832427,0.005534531563350518,0.007380073800738007,444.0,23.0,1.0,420.0,73.02631578947368,1534.825309346352,1.1008910659448272,0.9152334969257936,1.9733190507395186,4.9932266275573,17.18502288179623,26.399913150817156,18.285913947741058,27.53184620742104,1.1008910659448272,1.9733190507395186,/home/aaa/data/qj/stable-baselines3-master/risk_curriculum_metadrive/outputs/tuned_ablation_guard_only_nenv16_seed0_1m/runs/guard_only_ppo_s0/config.json,/home/aaa/data/qj/stable-baselines3-master/risk_curriculum_metadrive/outputs/tuned_ablation_guard_only_nenv16_seed0_1m/runs/guard_only_ppo_s0/model/final_model.zip
guard_only,action_intervention,guard_only,ppo,0,0.2,10000,10003,3,1.0,0.0,0.9903188682775228,0.0,0.0,0.0,0.0,998.0,404.66392489263154,404.66392489263154,16.852212021811916,18.253623276349845,11.98766939031289,0.0,0.0,990318.8682775229,466.5045695509046,43.46380329727038,3.4920505118779244,0.007676594389066536,0.002770083102493075,684.0,44.0,5.0,635.0,68.5370741482966,1466.2235798857753,1.2465731019993127,0.9019595017889515,4.070730748935603,5.841874760517381,8.277964817001,18.103903799783435,9.524537919000311,20.373216658481397,1.2465731019993127,4.070730748935603,/home/aaa/data/qj/stable-baselines3-master/risk_curriculum_metadrive/outputs/tuned_ablation_guard_only_nenv16_seed0_1m/runs/guard_only_ppo_s0/config.json,/home/aaa/data/qj/stable-baselines3-master/risk_curriculum_metadrive/outputs/tuned_ablation_guard_only_nenv16_seed0_1m/runs/guard_only_ppo_s0/model/final_model.zip
guard_only,action_intervention,guard_only,ppo,0,0.2,10000,10004,4,0.0,1.0,0.37426626386520556,1.0,1.0,0.0,0.0,760.0,174.1927559530248,174.1927559530248,9.883805070418166,9.201595132518262,0.6369657327799565,0.12894736842105264,0.0,0.37426626386520556,206.53989205913493,35.100212880094766,6.79431297549361,0.022510294013053243,0.0,349.0,111.0,2.0,236.0,45.921052631578945,1689.7462108679567,1.3651034924757703,0.9026825064211152,4.981340799713506,7.009135894331846,18.41902014365539,32.32013750384794,19.784123636131163,34.98110909422394,1.3651034924757703,4.981340799713506,/home/aaa/data/qj/stable-baselines3-master/risk_curriculum_metadrive/outputs/tuned_ablation_guard_only_nenv16_seed0_1m/runs/guard_only_ppo_s0/config.json,/home/aaa/data/qj/stable-baselines3-master/risk_curriculum_metadrive/outputs/tuned_ablation_guard_only_nenv16_seed0_1m/runs/guard_only_ppo_s0/model/final_model.zip
guard_only,action_intervention,guard_only,ppo,0,0.2,10000,10005,5,0.0,1.0,0.7806866271899625,1.0,1.0,0.0,0.0,1318.0,342.58778141868936,342.58778141868936,10.6137622092789,12.190233327355127,0.5010665625546241,0.15629742033383914,0.0,0.7806866271899625,385.2380898676699,31.832460879614647,0.5942006762843473,0.049951801140247706,0.050684931506849315,754.0,170.0,52.0,532.0,57.207890743550834,1957.231176852218,1.1657292865015698,0.8847424978739582,3.1881539471214584,5.024753842299105,15.041963156991587,34.43217054300475,16.20769244349316,35.599539799295584,1.1657292865015698,3.1881539471214584,/home/aaa/data/qj/stable-baselines3-master/risk_curriculum_metadrive/outputs/tuned_ablation_guard_only_nenv16_seed0_1m/runs/guard_only_ppo_s0/config.json,/home/aaa/data/qj/stable-baselines3-master/risk_curriculum_metadrive/outputs/tuned_ablation_guard_only_nenv16_seed0_1m/runs/guard_only_ppo_s0/model/final_model.zip
guard_only,action_intervention,guard_only,ppo,0,0.2,10000,10006,6,1.0,0.0,0.9926927793031263,0.0,0.0,0.0,0.0,1462.0,586.9432381673226,586.9432381673226,15.428368677001705,18.189148842957213,6.030422091763992,0.012311901504787962,0.0,992692.7793031263,625.6247502087322,43.37087457805309,0.5361656410028938,0.0080323283738124,0.01006036217303823,959.0,81.0,6.0,872.0,65.59507523939808,1532.8677448902736,1.1900092960983004,0.915225493372418,2.2570834429643596,5.331519457249704,9.831263725232176,23.734423910354977,11.021273021330476,25.656504394282823,1.1900092960983004,2.2570834429643596,/home/aaa/data/qj/stable-baselines3-master/risk_curriculum_metadrive/outputs/tuned_ablation_guard_only_nenv16_seed0_1m/runs/guard_only_ppo_s0/config.json,/home/aaa/data/qj/stable-baselines3-master/risk_curriculum_metadrive/outputs/tuned_ablation_guard_only_nenv16_seed0_1m/runs/guard_only_ppo_s0/model/final_model.zip
guard_only,action_intervention,guard_only,ppo,0,0.2,10000,10007,7,0.0,0.0,0.517991256759466,0.0,0.0,0.0,0.0,1500.0,200.7476333608941,200.7476333608941,10.33139557444722,9.284552825707983,5.1361298736651575,0.0026666666666666666,0.0,517991.256759466,429.571810714679,59.322255402055056,2.665913785747092,0.03480039171269906,0.0025996533795493936,439.0,269.0,16.0,154.0,29.26666666666667,1021.9478770490906,1.0458513678944048,0.8893584963516332,1.3151535022188907,4.243328664451836,23.95849435060518,31.5205694460019,25.004345718499582,32.55951065439148,1.0458513678944048,1.3151535022188907,/home/aaa/data/qj/stable-baselines3-master/risk_curriculum_metadrive/outputs/tuned_ablation_guard_only_nenv16_seed0_1m/runs/guard_only_ppo_s0/config.json,/home/aaa/data/qj/stable-baselines3-master/risk_curriculum_metadrive/outputs/tuned_ablation_guard_only_nenv16_seed0_1m/runs/guard_only_ppo_s0/model/final_model.zip
guard_only,action_intervention,guard_only,ppo,0,0.2,10000,10008,8,0.0,0.0,0.5307292157241694,0.0,0.0,0.0,0.0,1500.0,214.47952071809917,214.47952071809917,6.657406503258336,1.4513383916276528,0.3630099262103614,0.43133333333333335,0.0,530729.2157241694,268.33638691216413,28.875896024316415,2.7550188143263235,0.08761928760135779,0.09839572192513368,728.0,278.0,147.0,303.0,48.53333333333333,2713.0126047284816,0.9504460541744871,0.8781270080362447,1.205023788497783,1.531890933983959,11.227290398489762,13.42383449009503,12.177736452664249,14.474127168068662,0.9504460541744871,1.205023788497783,/home/aaa/data/qj/stable-baselines3-master/risk_curriculum_metadrive/outputs/tuned_ablation_guard_only_nenv16_seed0_1m/runs/guard_only_ppo_s0/config.json,/home/aaa/data/qj/stable-baselines3-master/risk_curriculum_metadrive/outputs/tuned_ablation_guard_only_nenv16_seed0_1m/runs/guard_only_ppo_s0/model/final_model.zip
guard_only,action_intervention,guard_only,ppo,0,0.2,10000,10009,9,1.0,0.0,0.9893815660876353,0.0,0.0,0.0,0.0,993.0,464.6726877485331,464.6726877485331,16.83962883111966,18.358871782409732,11.152589982871653,0.03121852970795569,0.0,989381.5660876354,463.91226226600816,20.641656817154253,1.0251877514259036,0.033171280512620166,0.35,789.0,5.0,42.0,742.0,79.45619335347432,1700.7526297021782,0.880309799577631,0.8437659998890013,1.1162345967022702,1.2723966001067315,4.990021787481364,7.051045005209744,5.8703315870589945,7.975768807227723,0.880309799577631,1.1162345967022702,/home/aaa/data/qj/stable-baselines3-master/risk_curriculum_metadrive/outputs/tuned_ablation_guard_only_nenv16_seed0_1m/runs/guard_only_ppo_s0/config.json,/home/aaa/data/qj/stable-baselines3-master/risk_curriculum_metadrive/outputs/tuned_ablation_guard_only_nenv16_seed0_1m/runs/guard_only_ppo_s0/model/final_model.zip
guard_only,action_intervention,guard_only,ppo,0,0.2,10000,10010,10,0.0,0.0,0.4499740346104851,0.0,0.0,0.0,0.0,1500.0,158.32138895879544,158.32138895879544,6.344343588645462,1.6130963218884113,0.3533219050898553,0.42333333333333334,0.0,449974.0346104851,256.54987486997857,48.65602203583438,2.6104194564037266,0.09349826742586874,0.05567226890756303,689.0,312.0,134.0,243.0,45.93333333333333,2685.6376380974284,0.9316347260028124,0.8760319979046471,1.1902097940037493,1.8525277500157245,18.61946460134156,24.554413255100368,19.55109932734437,25.536075505078767,0.9316347260028124,1.1902097940037493,/home/aaa/data/qj/stable-baselines3-master/risk_curriculum_metadrive/outputs/tuned_ablation_guard_only_nenv16_seed0_1m/runs/guard_only_ppo_s0/config.json,/home/aaa/data/qj/stable-baselines3-master/risk_curriculum_metadrive/outputs/tuned_ablation_guard_only_nenv16_seed0_1m/runs/guard_only_ppo_s0/model/final_model.zip
guard_only,action_intervention,guard_only,ppo,0,0.2,10000,10011,11,0.0,0.0,0.31784972875813444,0.0,0.0,0.0,0.0,1500.0,158.66507623895578,158.66507623895578,4.897353462149956,0.8534889291114327,0.3819261837079343,0.5186666666666667,0.0,317849.7287581345,192.67575173491045,23.543318564279367,1.4848600964484953,0.1284491157687873,0.13759479956663057,687.0,270.0,217.0,200.0,45.800000000000004,3565.5758122859015,1.0161478344137624,0.8898899977793917,1.4398021477973086,4.617226274858694,14.34525346402855,20.751769205526216,15.361401298442312,21.758203097851947,1.0161478344137624,1.4398021477973086,/home/aaa/data/qj/stable-baselines3-master/risk_curriculum_metadrive/outputs/tuned_ablation_guard_only_nenv16_seed0_1m/runs/guard_only_ppo_s0/config.json,/home/aaa/data/qj/stable-baselines3-master/risk_curriculum_metadrive/outputs/tuned_ablation_guard_only_nenv16_seed0_1m/runs/guard_only_ppo_s0/model/final_model.zip
guard_only,action_intervention,guard_only,ppo,0,0.2,10000,10012,12,1.0,0.0,0.9889793065894233,0.0,0.0,0.0,0.0,995.0,356.7149692603489,356.7149692603489,15.876085696398096,18.193709164620053,8.055204642002867,0.04120603015075377,0.0,988979.3065894234,438.1157467501131,120.78851555628887,0.6454001260381796,0.038142145238711705,0.12094395280235988,695.0,39.0,49.0,607.0,69.84924623115577,1586.338781829737,1.0265068459060118,0.9320600074715912,1.5377510935650205,3.3642791834426995,7.170860413093372,11.074478896625806,8.197367258999384,12.555039300059434,1.0265068459060118,1.5377510935650205,/home/aaa/data/qj/stable-baselines3-master/risk_curriculum_metadrive/outputs/tuned_ablation_guard_only_nenv16_seed0_1m/runs/guard_only_ppo_s0/config.json,/home/aaa/data/qj/stable-baselines3-master/risk_curriculum_metadrive/outputs/tuned_ablation_guard_only_nenv16_seed0_1m/runs/guard_only_ppo_s0/model/final_model.zip
guard_only,action_intervention,guard_only,ppo,0,0.2,10000,10013,13,1.0,0.0,0.9919824166887016,0.0,0.0,0.0,0.0,1127.0,539.7995888600562,539.7995888600562,17.23326589904352,18.332563648906554,13.535815001923927,0.012422360248447204,0.0,991982.4166887016,538.8604414992573,23.269791671365656,5.048826816815485,0.005459281847994854,0.0,867.0,39.0,4.0,824.0,76.9299023957409,1608.9509142437114,1.0587203078885696,0.9377929964102805,1.7731462052324798,2.9163954389514406,12.030002490713194,21.60913499828894,13.088722798601763,23.055188398575414,1.0587203078885696,1.7731462052324798,/home/aaa/data/qj/stable-baselines3-master/risk_curriculum_metadrive/outputs/tuned_ablation_guard_only_nenv16_seed0_1m/runs/guard_only_ppo_s0/config.json,/home/aaa/data/qj/stable-baselines3-master/risk_curriculum_metadrive/outputs/tuned_ablation_guard_only_nenv16_seed0_1m/runs/guard_only_ppo_s0/model/final_model.zip
guard_only,action_intervention,guard_only,ppo,0,0.2,10000,10014,14,0.0,0.0,0.5830458893559215,0.0,0.0,0.0,0.0,1500.0,355.77442536001803,355.77442536001803,11.696689344497122,10.21506425373287,4.335223016749283,0.004666666666666667,0.0,583045.8893559215,486.24846083973586,65.15935657596998,1.6484243944592238,0.022923324697918655,0.009720534629404616,665.0,169.0,12.0,484.0,44.333333333333336,1367.613583499197,1.0625500551250298,0.9392849970026873,1.7402571451384565,3.481170834566001,23.578132235241355,36.680426048405934,24.640682290366385,37.80834939898341,1.0625500551250298,1.7402571451384565,/home/aaa/data/qj/stable-baselines3-master/risk_curriculum_metadrive/outputs/tuned_ablation_guard_only_nenv16_seed0_1m/runs/guard_only_ppo_s0/config.json,/home/aaa/data/qj/stable-baselines3-master/risk_curriculum_metadrive/outputs/tuned_ablation_guard_only_nenv16_seed0_1m/runs/guard_only_ppo_s0/model/final_model.zip
guard_only,action_intervention,guard_only,ppo,0,0.2,10000,10015,15,0.0,1.0,0.2064692633374474,1.0,1.0,0.0,0.0,649.0,120.41755704566498,120.41755704566498,8.066788649375521,6.854414139387146,0.6822394462754096,0.12018489984591679,0.0,0.2064692633374474,143.78917678982754,62.79685130427316,7.069911396276502,0.026971191068508357,0.0,204.0,112.0,2.0,90.0,31.432973805855163,1418.7437785959432,0.9375412369985349,0.8734659932088107,1.2590482045197862,2.1026984043419357,9.387183958598705,10.146724196965806,10.32472519559724,11.196385000948796,0.9375412369985349,1.2590482045197862,/home/aaa/data/qj/stable-baselines3-master/risk_curriculum_metadrive/outputs/tuned_ablation_guard_only_nenv16_seed0_1m/runs/guard_only_ppo_s0/config.json,/home/aaa/data/qj/stable-baselines3-master/risk_curriculum_metadrive/outputs/tuned_ablation_guard_only_nenv16_seed0_1m/runs/guard_only_ppo_s0/model/final_model.zip
guard_only,action_intervention,guard_only,ppo,0,0.2,10000,10016,16,1.0,0.0,0.9909008410754755,0.0,0.0,0.0,0.0,1102.0,491.6890883171414,491.6890883171414,15.936354732144036,18.233815987743288,8.742108385439016,0.05898366606170599,0.0,990900.8410754756,487.2992212866592,21.022473381058774,0.542040564154556,0.054425644128291525,0.2689393939393939,810.0,36.0,75.0,699.0,73.502722323049,1662.2230543715737,1.0399268674670539,0.8994215095299296,1.590673006285215,2.919018748070812,7.128507241536673,12.27409639832331,8.168434109003726,13.433979397814255,1.0399268674670539,1.590673006285215,/home/aaa/data/qj/stable-baselines3-master/risk_curriculum_metadrive/outputs/tuned_ablation_guard_only_nenv16_seed0_1m/runs/guard_only_ppo_s0/config.json,/home/aaa/data/qj/stable-baselines3-master/risk_curriculum_metadrive/outputs/tuned_ablation_guard_only_nenv16_seed0_1m/runs/guard_only_ppo_s0/model/final_model.zip
guard_only,action_intervention,guard_only,ppo,0,0.2,10000,10017,17,0.0,1.0,0.47866632552415855,1.0,1.0,0.0,0.0,1499.0,332.47121525396375,332.47121525396375,9.10970844052838,7.442801522437642,1.4136296998170514,0.07471647765176785,0.0,0.47866632552415855,377.1295616199845,168.80536517920098,0.933384261318959,0.03052328582511734,0.005639097744360902,536.0,182.0,35.0,319.0,35.757171447631755,1421.2622253677946,1.012596313189591,0.9226539987139404,1.5490145015064625,3.239273256622254,24.197164783102824,32.48165000404697,25.209761096292414,33.46650281455368,1.012596313189591,1.5490145015064625,/home/aaa/data/qj/stable-baselines3-master/risk_curriculum_metadrive/outputs/tuned_ablation_guard_only_nenv16_seed0_1m/runs/guard_only_ppo_s0/config.json,/home/aaa/data/qj/stable-baselines3-master/risk_curriculum_metadrive/outputs/tuned_ablation_guard_only_nenv16_seed0_1m/runs/guard_only_ppo_s0/model/final_model.zip
guard_only,action_intervention,guard_only,ppo,0,0.2,10000,10018,18,1.0,0.0,0.9906434820322007,0.0,0.0,0.0,0.0,944.0,393.57786665690026,393.57786665690026,16.35639761306218,18.2607649821797,8.881681690829978,0.007415254237288136,0.0,990643.4820322007,428.24107722180446,32.27312763288546,2.574561265847463,0.011174146564062607,0.03125,666.0,38.0,10.0,618.0,70.55084745762711,1555.1987780356017,1.002122095180034,0.910213500901591,1.5749313526612232,2.6429512146569296,11.840170878959894,18.2306642011099,12.842292974139928,19.380334010929797,1.002122095180034,1.5749313526612232,/home/aaa/data/qj/stable-baselines3-master/risk_curriculum_metadrive/outputs/tuned_ablation_guard_only_nenv16_seed0_1m/runs/guard_only_ppo_s0/config.json,/home/aaa/data/qj/stable-baselines3-master/risk_curriculum_metadrive/outputs/tuned_ablation_guard_only_nenv16_seed0_1m/runs/guard_only_ppo_s0/model/final_model.zip
guard_only,action_intervention,guard_only,ppo,0,0.2,10000,10019,19,1.0,0.0,0.993094561924917,0.0,0.0,0.0,0.0,1451.0,644.6006329417429,644.6006329417429,16.946723074228554,18.291802261228554,11.853587617677604,0.004824259131633356,0.0,993094.561924917,682.3127540661258,42.226355116379395,5.171297083788101,0.0048279947943411896,0.0,1055.0,59.0,3.0,993.0,72.70847691247415,1546.2117536465623,0.9871053834229793,0.8826669945847243,1.292289001867175,2.086952001263853,14.148713770958494,28.360771495499648,15.135819154381473,29.341785004362464,0.9871053834229793,1.292289001867175,/home/aaa/data/qj/stable-baselines3-master/risk_curriculum_metadrive/outputs/tuned_ablation_guard_only_nenv16_seed0_1m/runs/guard_only_ppo_s0/config.json,/home/aaa/data/qj/stable-baselines3-master/risk_curriculum_metadrive/outputs/tuned_ablation_guard_only_nenv16_seed0_1m/runs/guard_only_ppo_s0/model/final_model.zip
guard_only,action_intervention,guard_only,ppo,0,0.2,20000,20000,0,1.0,0.0,0.9857058648507652,0.0,0.0,0.0,0.0,698.0,333.0122838057536,333.0122838057536,18.011222360967665,18.402414735989666,17.888509751241635,0.0,0.0,985705.8648507652,348.7505893397223,30.796042581431436,8.568863756861623,0.0007495206133039442,0.0,575.0,8.0,0.0,567.0,82.378223495702,1648.7427335639147,0.983081144569435,0.8664459965075366,1.209259541064966,2.4428354523843105,6.240390465637525,9.668196597340284,7.22347161020696,10.631433702656068,0.983081144569435,1.209259541064966,/home/aaa/data/qj/stable-baselines3-master/risk_curriculum_metadrive/outputs/tuned_ablation_guard_only_nenv16_seed0_1m/runs/guard_only_ppo_s0/config.json,/home/aaa/data/qj/stable-baselines3-master/risk_curriculum_metadrive/outputs/tuned_ablation_guard_only_nenv16_seed0_1m/runs/guard_only_ppo_s0/model/final_model.zip
guard_only,action_intervention,guard_only,ppo,0,0.2,20000,20001,1,1.0,0.0,0.989618905461987,0.0,0.0,0.0,0.0,1366.0,413.7808102406407,413.7808102406407,13.395275113594174,17.997030787692623,3.1906729136235037,0.014641288433382138,0.0,989618.9054619871,507.40459798207246,58.38795352458559,0.6507539278776535,0.02112921825959121,0.019762845849802372,796.0,105.0,16.0,675.0,58.27232796486091,1568.7678100783078,0.9950385149538491,0.8922060078475624,1.4963607427489478,4.069519692711759,7.772963762633679,12.87505900108954,8.768002277587529,13.93150475632865,0.9950385149538491,1.4963607427489478,/home/aaa/data/qj/stable-baselines3-master/risk_curriculum_metadrive/outputs/tuned_ablation_guard_only_nenv16_seed0_1m/runs/guard_only_ppo_s0/config.json,/home/aaa/data/qj/stable-baselines3-master/risk_curriculum_metadrive/outputs/tuned_ablation_guard_only_nenv16_seed0_1m/runs/guard_only_ppo_s0/model/final_model.zip
guard_only,action_intervention,guard_only,ppo,0,0.2,20000,20002,2,0.0,1.0,0.7715195071355212,1.0,1.0,0.0,0.0,1270.0,347.55554679569485,347.55554679569485,10.88637372608052,11.091889404382648,1.267426100337722,0.09212598425196851,0.0,0.7715195071355212,382.0968406990681,46.297837150746574,2.3098652639213877,0.03240226379349328,0.023076923076923078,591.0,157.0,34.0,400.0,46.53543307086614,1546.7283082444012,0.9490299322179475,0.8841564995236695,1.258226356003433,1.9318098849907925,11.758375337886383,16.565495300892497,12.70740527010433,17.65285694855265,0.9490299322179475,1.258226356003433,/home/aaa/data/qj/stable-baselines3-master/risk_curriculum_metadrive/outputs/tuned_ablation_guard_only_nenv16_seed0_1m/runs/guard_only_ppo_s0/config.json,/home/aaa/data/qj/stable-baselines3-master/risk_curriculum_metadrive/outputs/tuned_ablation_guard_only_nenv16_seed0_1m/runs/guard_only_ppo_s0/model/final_model.zip
guard_only,action_intervention,guard_only,ppo,0,0.2,20000,20003,3,0.0,1.0,0.21079627158232878,1.0,1.0,0.0,0.0,641.0,120.09641683402043,120.09641683402043,7.893617295553991,5.6682173989363855,1.279551146524518,0.07644305772230889,0.0,0.21079627158232878,139.78433630800285,276.574192302445,6.953503788140638,0.02732192474823679,0.0,223.0,112.0,2.0,109.0,34.789391575663025,1595.3146532000449,0.9053579160025381,0.8587680058553815,1.1399670038372278,1.5792815946042562,11.071345923627748,12.043801005347632,11.976703839630286,13.091594009893015,0.9053579160025381,1.1399670038372278,/home/aaa/data/qj/stable-baselines3-master/risk_curriculum_metadrive/outputs/tuned_ablation_guard_only_nenv16_seed0_1m/runs/guard_only_ppo_s0/config.json,/home/aaa/data/qj/stable-baselines3-master/risk_curriculum_metadrive/outputs/tuned_ablation_guard_only_nenv16_seed0_1m/runs/guard_only_ppo_s0/model/final_model.zip
guard_only,action_intervention,guard_only,ppo,0,0.2,20000,20004,4,1.0,0.0,0.9903128572465919,0.0,0.0,0.0,0.0,1124.0,428.93784824228976,428.93784824228976,16.138392643648686,18.224085227356504,9.216890802088148,0.020462633451957295,0.0,990312.857246592,503.2113604084285,53.11453880844075,1.1559211024642333,0.025911223883120817,0.1018867924528302,787.0,48.0,31.0,708.0,70.01779359430606,1563.9551526842242,0.9215862946317604,0.8661674946779385,1.1770838405936956,1.9517603435087891,7.789132784536996,12.35172605374828,8.710719079168756,13.286170846549792,0.9215862946317604,1.1770838405936956,/home/aaa/data/qj/stable-baselines3-master/risk_curriculum_metadrive/outputs/tuned_ablation_guard_only_nenv16_seed0_1m/runs/guard_only_ppo_s0/config.json,/home/aaa/data/qj/stable-baselines3-master/risk_curriculum_metadrive/outputs/tuned_ablation_guard_only_nenv16_seed0_1m/runs/guard_only_ppo_s0/model/final_model.zip
guard_only,action_intervention,guard_only,ppo,0,0.2,20000,20005,5,1.0,0.0,0.992658592697067,0.0,0.0,0.0,0.0,1450.0,436.5191826258507,436.5191826258507,14.420845521123988,16.896044975810355,7.301442600215094,0.0,0.0,992658.5926970671,580.0670229972641,30.650569321671675,6.030422854120339,0.014321942601775214,0.0,765.0,160.0,4.0,601.0,52.758620689655174,1318.8131192964026,0.9453703344655062,0.8816764966468327,1.2783690079231746,2.022737111838068,13.941752295068,20.075421300862217,14.887122629533506,20.993645035196096,0.9453703344655062,1.2783690079231746,/home/aaa/data/qj/stable-baselines3-master/risk_curriculum_metadrive/outputs/tuned_ablation_guard_only_nenv16_seed0_1m/runs/guard_only_ppo_s0/config.json,/home/aaa/data/qj/stable-baselines3-master/risk_curriculum_metadrive/outputs/tuned_ablation_guard_only_nenv16_seed0_1m/runs/guard_only_ppo_s0/model/final_model.zip
guard_only,action_intervention,guard_only,ppo,0,0.2,20000,20006,6,0.0,1.0,0.6845802059404077,1.0,1.0,0.0,0.0,920.0,330.04720027071653,330.04720027071653,15.478694508784201,18.1582306566172,6.364748762850483,0.003260869565217391,0.0,0.6845802059404077,395.3124294625518,34.869647846687826,0.6263044072807513,0.017918062670718486,0.02616279069767442,609.0,56.0,12.0,541.0,66.19565217391305,1540.5536345719454,0.9269488303644998,0.8768195039010607,1.2283510965062303,1.859683575603409,9.426887715206881,12.03368210044573,10.353836545571381,13.063690203853184,0.9269488303644998,1.2283510965062303,/home/aaa/data/qj/stable-baselines3-master/risk_curriculum_metadrive/outputs/tuned_ablation_guard_only_nenv16_seed0_1m/runs/guard_only_ppo_s0/config.json,/home/aaa/data/qj/stable-baselines3-master/risk_curriculum_metadrive/outputs/tuned_ablation_guard_only_nenv16_seed0_1m/runs/guard_only_ppo_s0/model/final_model.zip
guard_only,action_intervention,guard_only,ppo,0,0.2,20000,20007,7,1.0,0.0,0.9884271092037006,0.0,0.0,0.0,0.0,977.0,418.99332089150994,418.99332089150994,16.16750986303982,18.330788036604236,6.10157574260161,0.07983623336745138,0.0,988427.1092037007,438.25436086934224,28.805562234351754,0.08252158450258286,0.05522871204255863,0.22317596566523606,798.0,23.0,69.0,706.0,81.67860798362334,1820.8603752785236,0.9528933530075222,0.8621150045655668,1.2750013964250677,2.5323609233601063,6.5888325599797435,10.03056300105527,7.541725912987266,11.312144994735705,0.9528933530075222,1.2750013964250677,/home/aaa/data/qj/stable-baselines3-master/risk_curriculum_metadrive/outputs/tuned_ablation_guard_only_nenv16_seed0_1m/runs/guard_only_ppo_s0/config.json,/home/aaa/data/qj/stable-baselines3-master/risk_curriculum_metadrive/outputs/tuned_ablation_guard_only_nenv16_seed0_1m/runs/guard_only_ppo_s0/model/final_model.zip
guard_only,action_intervention,guard_only,ppo,0,0.2,20000,20008,8,0.0,1.0,0.3764820679435868,1.0,1.0,0.0,0.0,542.0,213.29463757302022,213.29463757302022,16.325024472248874,18.207240687919757,9.731835229682103,0.0,0.0,0.3764820679435868,245.45422710836243,17.977772575792386,2.7998525952063495,0.007415360856738947,0.009523809523809525,367.0,28.0,3.0,336.0,67.71217712177122,1495.1871243919459,0.9674932585377933,0.8934680008678697,1.3092339970171447,2.4228755295917006,12.185896815600241,16.68045739788795,13.153390074138034,17.972245354030733,0.9674932585377933,1.3092339970171447,/home/aaa/data/qj/stable-baselines3-master/risk_curriculum_metadrive/outputs/tuned_ablation_guard_only_nenv16_seed0_1m/runs/guard_only_ppo_s0/config.json,/home/aaa/data/qj/stable-baselines3-master/risk_curriculum_metadrive/outputs/tuned_ablation_guard_only_nenv16_seed0_1m/runs/guard_only_ppo_s0/model/final_model.zip
guard_only,action_intervention,guard_only,ppo,0,0.2,20000,20009,9,1.0,0.0,0.9885498743064406,0.0,0.0,0.0,0.0,970.0,387.0105837457197,387.0105837457197,14.96718160522654,18.206333867258028,0.575870100360013,0.1134020618556701,0.0,988549.8743064406,402.68637121591246,7.447460440199479,0.5592681720842803,0.09074039146518088,0.5783132530120482,742.0,8.0,124.0,610.0,76.49484536082474,1842.625062674779,0.9602213256359916,0.9113264968618751,1.2387232498440424,1.5884680113231282,9.384222454274404,14.07985260157147,10.344443779910396,15.152698000747476,0.9602213256359916,1.2387232498440424,/home/aaa/data/qj/stable-baselines3-master/risk_curriculum_metadrive/outputs/tuned_ablation_guard_only_nenv16_seed0_1m/runs/guard_only_ppo_s0/config.json,/home/aaa/data/qj/stable-baselines3-master/risk_curriculum_metadrive/outputs/tuned_ablation_guard_only_nenv16_seed0_1m/runs/guard_only_ppo_s0/model/final_model.zip
guard_only,action_intervention,guard_only,ppo,0,0.2,20000,20010,10,1.0,0.0,0.9890365554079389,0.0,0.0,0.0,0.0,934.0,446.6757848669475,446.6757848669475,17.20325099454416,18.317106156868938,13.404177465497105,0.008565310492505354,0.0,989036.5554079389,445.777676441603,57.3949632213682,3.260279181396693,0.010133595282733977,0.024930747922437674,708.0,27.0,11.0,670.0,75.80299785867237,1588.2356551623961,0.9425430814854001,0.9112095067393966,1.2291506012843452,1.5035723862820294,5.53516203418426,8.531481052341404,6.477705115669659,9.556956649612403,0.9425430814854001,1.2291506012843452,/home/aaa/data/qj/stable-baselines3-master/risk_curriculum_metadrive/outputs/tuned_ablation_guard_only_nenv16_seed0_1m/runs/guard_only_ppo_s0/config.json,/home/aaa/data/qj/stable-baselines3-master/risk_curriculum_metadrive/outputs/tuned_ablation_guard_only_nenv16_seed0_1m/runs/guard_only_ppo_s0/model/final_model.zip
guard_only,action_intervention,guard_only,ppo,0,0.2,20000,20011,11,1.0,0.0,0.9915430029425892,0.0,0.0,0.0,0.0,1432.0,534.765321792474,534.765321792474,13.88994557176022,18.13015321520897,0.013918419525871577,0.1627094972067039,0.0,991543.0029425892,551.7343040706897,18.582275411069507,0.022994597987633324,0.12468832083301892,0.3357798165137615,1084.0,48.0,229.0,807.0,75.69832402234637,1964.71379793183,0.9722656953236668,0.884118999238126,1.1766255505790468,1.6416514282173016,14.954644589434594,20.540329855430173,15.92691028475826,21.500964397273496,0.9722656953236668,1.1766255505790468,/home/aaa/data/qj/stable-baselines3-master/risk_curriculum_metadrive/outputs/tuned_ablation_guard_only_nenv16_seed0_1m/runs/guard_only_ppo_s0/config.json,/home/aaa/data/qj/stable-baselines3-master/risk_curriculum_metadrive/outputs/tuned_ablation_guard_only_nenv16_seed0_1m/runs/guard_only_ppo_s0/model/final_model.zip
guard_only,action_intervention,guard_only,ppo,0,0.2,20000,20012,12,1.0,0.0,0.9912668633077942,0.0,0.0,0.0,0.0,1179.0,501.25381167688954,501.25381167688954,15.9079437063408,18.24952274601707,7.591190558742565,0.007633587786259542,0.0,991266.8633077943,520.2988573577067,22.033803988117445,1.7752197838109969,0.01235809195448571,0.03536977491961415,830.0,50.0,14.0,766.0,70.39864291772689,1595.2370224587542,0.9637218576648997,0.900299011846073,1.281483202183153,1.7254778006463354,6.479042920931613,11.31584249960724,7.442764778596513,12.282923694874626,0.9637218576648997,1.281483202183153,/home/aaa/data/qj/stable-baselines3-master/risk_curriculum_metadrive/outputs/tuned_ablation_guard_only_nenv16_seed0_1m/runs/guard_only_ppo_s0/config.json,/home/aaa/data/qj/stable-baselines3-master/risk_curriculum_metadrive/outputs/tuned_ablation_guard_only_nenv16_seed0_1m/runs/guard_only_ppo_s0/model/final_model.zip
guard_only,action_intervention,guard_only,ppo,0,0.2,20000,20013,13,0.0,0.0,0.899545110133061,0.0,0.0,0.0,0.0,1500.0,524.044088118997,524.044088118997,14.5939436235909,18.108810822101994,3.874021237448922,0.025333333333333333,0.0,899545.1101330611,607.4485533780339,35.879704578507955,1.9477518759738988,0.024209927744617773,0.03896103896103896,965.0,94.0,37.0,834.0,64.33333333333333,1588.6118991206993,1.034331794847579,0.9151310005108826,1.5530840020801406,3.868991235067369,17.46604624723356,27.557260043977294,18.500378042081138,28.802690807788164,1.034331794847579,1.5530840020801406,/home/aaa/data/qj/stable-baselines3-master/risk_curriculum_metadrive/outputs/tuned_ablation_guard_only_nenv16_seed0_1m/runs/guard_only_ppo_s0/config.json,/home/aaa/data/qj/stable-baselines3-master/risk_curriculum_metadrive/outputs/tuned_ablation_guard_only_nenv16_seed0_1m/runs/guard_only_ppo_s0/model/final_model.zip
guard_only,action_intervention,guard_only,ppo,0,0.2,20000,20014,14,1.0,0.0,0.9914429929369702,0.0,0.0,0.0,0.0,1476.0,439.4037214354807,439.4037214354807,13.148390181095996,14.42748932787892,5.005388407740317,0.04200542005420054,0.0,991442.9929369703,538.3871996043007,39.709763381114314,2.5140774933645575,0.03547072147226528,0.023036649214659685,743.0,196.0,50.0,497.0,50.33875338753388,1380.0476693095302,0.9966297288008664,0.915090502530802,1.3486379975802265,2.7643172506941482,9.569099069755417,13.677639497473137,10.565728798556282,14.83921499675489,0.9966297288008664,1.3486379975802265,/home/aaa/data/qj/stable-baselines3-master/risk_curriculum_metadrive/outputs/tuned_ablation_guard_only_nenv16_seed0_1m/runs/guard_only_ppo_s0/config.json,/home/aaa/data/qj/stable-baselines3-master/risk_curriculum_metadrive/outputs/tuned_ablation_guard_only_nenv16_seed0_1m/runs/guard_only_ppo_s0/model/final_model.zip
guard_only,action_intervention,guard_only,ppo,0,0.2,20000,20015,15,1.0,0.0,0.9925390074010192,0.0,0.0,0.0,0.0,1423.0,550.3331993765928,550.3331993765928,14.958251595664374,18.14661445546263,5.480226035585132,0.005621925509486999,0.0,992539.0074010192,590.3675790856556,75.4051149629403,0.9557846019376577,0.014952962990856874,0.016018306636155607,910.0,77.0,15.0,818.0,63.949402670414614,1541.4125575956964,1.0256754953520717,0.9062339959200472,1.4324432107969187,4.269311237731011,9.080968092845096,13.284089107764885,10.106643588197167,14.57442180981161,1.0256754953520717,1.4324432107969187,/home/aaa/data/qj/stable-baselines3-master/risk_curriculum_metadrive/outputs/tuned_ablation_guard_only_nenv16_seed0_1m/runs/guard_only_ppo_s0/config.json,/home/aaa/data/qj/stable-baselines3-master/risk_curriculum_metadrive/outputs/tuned_ablation_guard_only_nenv16_seed0_1m/runs/guard_only_ppo_s0/model/final_model.zip
guard_only,action_intervention,guard_only,ppo,0,0.2,20000,20016,16,0.0,0.0,0.645837359636795,0.0,0.0,0.0,0.0,1500.0,319.3981958247374,319.3981958247374,11.17395070273339,11.284286617793226,3.1037289606991063,0.029333333333333333,0.0,645837.359636795,464.07971411806267,65.8211896813055,3.513151464935078,0.02042952498668645,0.002827521206409048,568.0,209.0,8.0,351.0,37.86666666666667,1223.9276631158668,0.9047280587838031,0.8599924985901453,1.1336497547745237,1.4860253452206962,14.470270960649941,20.485019593616016,15.374999019433744,21.47580745513551,0.9047280587838031,1.1336497547745237,/home/aaa/data/qj/stable-baselines3-master/risk_curriculum_metadrive/outputs/tuned_ablation_guard_only_nenv16_seed0_1m/runs/guard_only_ppo_s0/config.json,/home/aaa/data/qj/stable-baselines3-master/risk_curriculum_metadrive/outputs/tuned_ablation_guard_only_nenv16_seed0_1m/runs/guard_only_ppo_s0/model/final_model.zip
guard_only,action_intervention,guard_only,ppo,0,0.2,20000,20017,17,1.0,0.0,0.9921560104648673,0.0,0.0,0.0,0.0,1386.0,564.1260117056624,564.1260117056624,16.016259333656794,18.222215375686773,8.842233813601005,0.01948051948051948,0.0,992156.0104648673,615.8411141995202,27.810356937202084,2.1727515425503765,0.016592343528262714,0.05392156862745098,969.0,65.0,23.0,881.0,69.91341991341992,1573.4577923715292,0.9421409978192806,0.8920450054574758,1.2157199998910073,1.557397201395362,9.961198933516554,13.314721996721346,10.903339931335836,14.24779774970375,0.9421409978192806,1.2157199998910073,/home/aaa/data/qj/stable-baselines3-master/risk_curriculum_metadrive/outputs/tuned_ablation_guard_only_nenv16_seed0_1m/runs/guard_only_ppo_s0/config.json,/home/aaa/data/qj/stable-baselines3-master/risk_curriculum_metadrive/outputs/tuned_ablation_guard_only_nenv16_seed0_1m/runs/guard_only_ppo_s0/model/final_model.zip
guard_only,action_intervention,guard_only,ppo,0,0.2,20000,20018,18,0.0,0.0,0.5972343816000814,0.0,0.0,0.0,0.0,1500.0,413.8320705586001,413.8320705586001,11.230101477127503,9.304259503444072,3.8571844883377095,0.008,0.0,597234.3816000813,466.96637889404724,120.79749679187427,3.9949976150144653,0.02384684312251272,0.0012033694344163659,678.0,186.0,9.0,483.0,45.2,1451.9246580573104,0.9906545553531032,0.91517050168477,1.3915683368395546,2.142591546871699,21.547284271141205,30.75236204676911,22.537938826494308,31.928135859197937,0.9906545553531032,1.3915683368395546,/home/aaa/data/qj/stable-baselines3-master/risk_curriculum_metadrive/outputs/tuned_ablation_guard_only_nenv16_seed0_1m/runs/guard_only_ppo_s0/config.json,/home/aaa/data/qj/stable-baselines3-master/risk_curriculum_metadrive/outputs/tuned_ablation_guard_only_nenv16_seed0_1m/runs/guard_only_ppo_s0/model/final_model.zip
guard_only,action_intervention,guard_only,ppo,0,0.2,20000,20019,19,1.0,0.0,0.9907598785970246,0.0,0.0,0.0,0.0,1293.0,512.7060044291127,512.7060044291127,15.537923082572712,18.109165673849173,7.850262524836079,0.01237432327919567,0.0,990759.8785970247,557.3850865442922,31.33013905592728,4.0768360063481905,0.012183733191686355,0.00702576112412178,825.0,92.0,14.0,719.0,63.80510440835266,1480.1257154454597,0.9724669730541428,0.9156419982900843,1.3079294003546227,2.3027692030882405,13.299126762995185,22.04613559297286,14.271593736049327,22.970851804711856,0.9724669730541428,1.3079294003546227,/home/aaa/data/qj/stable-baselines3-master/risk_curriculum_metadrive/outputs/tuned_ablation_guard_only_nenv16_seed0_1m/runs/guard_only_ppo_s0/config.json,/home/aaa/data/qj/stable-baselines3-master/risk_curriculum_metadrive/outputs/tuned_ablation_guard_only_nenv16_seed0_1m/runs/guard_only_ppo_s0/model/final_model.zip
guard_only,action_intervention,guard_only,ppo,0,0.25,10000,10000,0,0.0,1.0,0.38097116136558884,1.0,1.0,0.0,0.0,399.0,180.18279656533068,180.18279656533068,17.92075662774409,18.414471578265584,17.890623184052707,0.0,0.0,0.38097116136558884,198.33253954656215,38.25445059347505,0.4818290413991841,0.0032050147756628455,0.014492753623188406,325.0,4.0,1.0,320.0,81.45363408521304,1638.6620205793329,0.955063415646616,0.9022000012919307,1.2706782974419173,1.5208931124652711,16.654583346054896,23.02547729195794,17.609646761701512,23.919148385175497,0.955063415646616,1.2706782974419173,/home/aaa/data/qj/stable-baselines3-master/risk_curriculum_metadrive/outputs/tuned_ablation_guard_only_nenv16_seed0_1m/runs/guard_only_ppo_s0/config.json,/home/aaa/data/qj/stable-baselines3-master/risk_curriculum_metadrive/outputs/tuned_ablation_guard_only_nenv16_seed0_1m/runs/guard_only_ppo_s0/model/final_model.zip
guard_only,action_intervention,guard_only,ppo,0,0.25,10000,10001,1,0.0,1.0,0.8526495411897622,1.0,1.0,0.0,0.0,1319.0,357.1164331659341,357.1164331659341,12.043783567765717,15.74656977004503,1.2401812364543925,0.08188021228203184,0.0,0.8526495411897622,439.5821448965104,50.16615014268517,0.47913156842917193,0.030717775954132335,0.025899280575539568,716.0,138.0,31.0,547.0,54.283548142532226,1628.8195694767492,0.9700211466099767,0.8935469959396869,1.3299017096869648,2.1641214567353004,13.682136141056608,17.919898896070663,14.652157287666585,18.980050798563752,0.9700211466099767,1.3299017096869648,/home/aaa/data/qj/stable-baselines3-master/risk_curriculum_metadrive/outputs/tuned_ablation_guard_only_nenv16_seed0_1m/runs/guard_only_ppo_s0/config.json,/home/aaa/data/qj/stable-baselines3-master/risk_curriculum_metadrive/outputs/tuned_ablation_guard_only_nenv16_seed0_1m/runs/guard_only_ppo_s0/model/final_model.zip
guard_only,action_intervention,guard_only,ppo,0,0.25,10000,10002,2,0.0,1.0,0.5582685210702312,0.0,0.0,0.0,1.0,988.0,162.35300638536478,162.35300638536478,11.318319585833382,11.659214302731215,3.1867952012270826,0.043522267206477734,0.0,0.5582685210702312,309.440028362436,32.75913802736871,0.023720518394568246,0.048338791092115425,0.059154929577464786,402.0,121.0,43.0,238.0,40.688259109311744,1299.1208736872006,0.9552013845957565,0.8986774992081337,1.2806715989427173,1.9517452963918909,25.360438169174834,35.78134084818885,26.31563955377059,36.74797411222244,0.9552013845957565,1.2806715989427173,/home/aaa/data/qj/stable-baselines3-master/risk_curriculum_metadrive/outputs/tuned_ablation_guard_only_nenv16_seed0_1m/runs/guard_only_ppo_s0/config.json,/home/aaa/data/qj/stable-baselines3-master/risk_curriculum_metadrive/outputs/tuned_ablation_guard_only_nenv16_seed0_1m/runs/guard_only_ppo_s0/model/final_model.zip
guard_only,action_intervention,guard_only,ppo,0,0.25,10000,10003,3,0.0,1.0,0.6518192101607693,1.0,1.0,0.0,0.0,1246.0,158.8096641808897,158.8096641808897,8.835151275737465,7.678422054633913,1.667695542933353,0.07062600321027288,0.0,0.6518192101607693,303.5202224508611,145.10841968700828,2.6752881248919125,0.031643979897725626,0.0020408163265306124,399.0,195.0,4.0,200.0,32.02247191011236,1314.5746823001116,0.9299176676211173,0.8779884956311435,1.2652900004468393,1.5095109498361123,11.994903682162375,16.450043007353088,12.924821349783493,17.382549493049737,0.9299176676211173,1.2652900004468393,/home/aaa/data/qj/stable-baselines3-master/risk_curriculum_metadrive/outputs/tuned_ablation_guard_only_nenv16_seed0_1m/runs/guard_only_ppo_s0/config.json,/home/aaa/data/qj/stable-baselines3-master/risk_curriculum_metadrive/outputs/tuned_ablation_guard_only_nenv16_seed0_1m/runs/guard_only_ppo_s0/model/final_model.zip
guard_only,action_intervention,guard_only,ppo,0,0.25,10000,10004,4,0.0,1.0,0.34469712048459544,1.0,1.0,0.0,0.0,809.0,161.51369135994156,161.51369135994156,8.523620327660701,7.295390636201791,1.2526474066236963,0.09270704573547589,0.0,0.34469712048459544,189.84647144100694,62.2935492624716,5.445666366416049,0.025653792514032513,0.0,256.0,129.0,4.0,123.0,31.64400494437577,1348.4580358900673,0.8970402891548208,0.8640879968879744,1.1112077976576984,1.2880873947869984,16.089089273225298,18.29702520626597,16.98612956238012,19.24652179586701,0.8970402891548208,1.1112077976576984,/home/aaa/data/qj/stable-baselines3-master/risk_curriculum_metadrive/outputs/tuned_ablation_guard_only_nenv16_seed0_1m/runs/guard_only_ppo_s0/config.json,/home/aaa/data/qj/stable-baselines3-master/risk_curriculum_metadrive/outputs/tuned_ablation_guard_only_nenv16_seed0_1m/runs/guard_only_ppo_s0/model/final_model.zip
guard_only,action_intervention,guard_only,ppo,0,0.25,10000,10005,5,0.0,1.0,0.778772179905353,1.0,1.0,0.0,0.0,1218.0,349.23765507378266,349.23765507378266,11.395966252888336,12.349680912386109,0.4623056482101187,0.13136288998357964,0.0,0.778772179905353,384.12489215830544,34.25407970529455,0.05313982880250858,0.07696341631860115,0.1204644412191582,696.0,117.0,113.0,466.0,57.14285714285714,1811.9106941738228,0.912856268371996,0.8728594984859228,1.151959102571709,1.3886650394124436,15.330018449116599,22.274873848800777,16.242874717488593,23.20316219629603,0.912856268371996,1.151959102571709,/home/aaa/data/qj/stable-baselines3-master/risk_curriculum_metadrive/outputs/tuned_ablation_guard_only_nenv16_seed0_1m/runs/guard_only_ppo_s0/config.json,/home/aaa/data/qj/stable-baselines3-master/risk_curriculum_metadrive/outputs/tuned_ablation_guard_only_nenv16_seed0_1m/runs/guard_only_ppo_s0/model/final_model.zip
guard_only,action_intervention,guard_only,ppo,0,0.25,10000,10006,6,0.0,1.0,0.5741293894007756,1.0,1.0,0.0,0.0,1253.0,318.2698490957636,318.2698490957636,10.404240151889526,8.489272444054393,0.5601786742267625,0.13248204309656825,0.0,0.5741293894007756,360.2615621073022,90.38254890682224,0.013339791610317625,0.07151842162922158,0.13358070500927643,681.0,117.0,87.0,477.0,54.349561053471675,1890.2932525373533,0.9086006286868815,0.8802829979686067,1.1291282047750426,1.3269808411132546,12.244366896986339,14.912807999644428,13.15296752567322,15.875114806112833,0.9086006286868815,1.1291282047750426,/home/aaa/data/qj/stable-baselines3-master/risk_curriculum_metadrive/outputs/tuned_ablation_guard_only_nenv16_seed0_1m/runs/guard_only_ppo_s0/config.json,/home/aaa/data/qj/stable-baselines3-master/risk_curriculum_metadrive/outputs/tuned_ablation_guard_only_nenv16_seed0_1m/runs/guard_only_ppo_s0/model/final_model.zip
guard_only,action_intervention,guard_only,ppo,0,0.25,10000,10007,7,0.0,0.0,0.19578609183701362,0.0,0.0,0.0,0.0,1500.0,109.97649986818367,109.97649986818367,4.144281998657168,0.627666589496802,0.37905752976262497,0.5893333333333334,1.0,195786.09183701364,161.3866914712227,16.13769083385826,1.3851262044115074,0.11388128373520998,0.03596403596403597,657.0,337.0,225.0,95.0,43.8,4070.967649257197,0.9079041028647529,0.869632996909786,1.1490726377815008,1.3253774578333832,18.19423063839592,19.131765691417964,19.10213474126067,20.1683580482495,0.9079041028647529,1.1490726377815008,/home/aaa/data/qj/stable-baselines3-master/risk_curriculum_metadrive/outputs/tuned_ablation_guard_only_nenv16_seed0_1m/runs/guard_only_ppo_s0/config.json,/home/aaa/data/qj/stable-baselines3-master/risk_curriculum_metadrive/outputs/tuned_ablation_guard_only_nenv16_seed0_1m/runs/guard_only_ppo_s0/model/final_model.zip
guard_only,action_intervention,guard_only,ppo,0,0.25,10000,10008,8,0.0,1.0,0.4808051511587196,1.0,1.0,0.0,0.0,806.0,155.39110432864555,155.39110432864555,10.771234842140348,10.751162876185983,1.7369740006911765,0.06823821339950373,0.0,0.4808051511587196,239.80658209649042,40.27788707247433,1.8866603810668963,0.025132400849231875,0.0074487895716946,326.0,109.0,8.0,209.0,40.44665012406948,1359.4289078722124,0.9033826971166622,0.8736439922358841,1.137629496952286,1.2952500488609076,11.000431210596158,13.563405998866074,11.90381390771282,14.519346008455614,0.9033826971166622,1.137629496952286,/home/aaa/data/qj/stable-baselines3-master/risk_curriculum_metadrive/outputs/tuned_ablation_guard_only_nenv16_seed0_1m/runs/guard_only_ppo_s0/config.json,/home/aaa/data/qj/stable-baselines3-master/risk_curriculum_metadrive/outputs/tuned_ablation_guard_only_nenv16_seed0_1m/runs/guard_only_ppo_s0/model/final_model.zip
guard_only,action_intervention,guard_only,ppo,0,0.25,10000,10009,9,1.0,0.0,0.9892747361070858,0.0,0.0,0.0,0.0,965.0,467.87979832051593,467.87979832051593,17.318562141799177,18.39431270902252,17.02626352469067,0.022797927461139896,0.0,989274.7361070858,463.6886767271831,14.884913900835507,1.9347125072737998,0.02187564142463789,0.45161290322580644,794.0,1.0,30.0,763.0,82.27979274611398,1712.355810808724,0.9170122218434096,0.8915369980968535,1.1506673996336758,1.3522820390062413,6.045389704803159,8.855659994878806,6.962401926646569,9.810407980694436,0.9170122218434096,1.1506673996336758,/home/aaa/data/qj/stable-baselines3-master/risk_curriculum_metadrive/outputs/tuned_ablation_guard_only_nenv16_seed0_1m/runs/guard_only_ppo_s0/config.json,/home/aaa/data/qj/stable-baselines3-master/risk_curriculum_metadrive/outputs/tuned_ablation_guard_only_nenv16_seed0_1m/runs/guard_only_ppo_s0/model/final_model.zip
guard_only,action_intervention,guard_only,ppo,0,0.25,10000,10010,10,0.0,1.0,0.4289113901590416,1.0,1.0,0.0,0.0,949.0,85.89519754027249,85.89519754027249,9.256782207193556,8.82252438719726,1.1090189298439725,0.0958904109589041,0.0,0.4289113901590416,242.79781139285328,68.27094156615257,5.159882136130152,0.03409443247291941,0.0,360.0,180.0,5.0,175.0,37.93466807165437,1482.7151774342417,0.9113932600675703,0.8670309907756746,1.1348480009473858,1.3529823930002742,20.55420819406218,25.76457659888547,21.46560145412975,26.714625998283736,0.9113932600675703,1.1348480009473858,/home/aaa/data/qj/stable-baselines3-master/risk_curriculum_metadrive/outputs/tuned_ablation_guard_only_nenv16_seed0_1m/runs/guard_only_ppo_s0/config.json,/home/aaa/data/qj/stable-baselines3-master/risk_curriculum_metadrive/outputs/tuned_ablation_guard_only_nenv16_seed0_1m/runs/guard_only_ppo_s0/model/final_model.zip
guard_only,action_intervention,guard_only,ppo,0,0.25,10000,10011,11,0.0,1.0,0.3496473514853697,1.0,1.0,0.0,0.0,805.0,174.05969147693085,174.05969147693085,9.279583643819219,8.829231831171587,2.154181202380203,0.04472049689440994,0.0,0.3496473514853697,206.28046417508426,41.295178413621855,1.2331572652392906,0.026827712500289466,0.0027472527472527475,236.0,113.0,15.0,108.0,29.316770186335404,1144.0734387706766,0.8678598994474499,0.8388800051761791,1.0623414011206478,1.2937135179527126,15.921921489589634,21.881809199112467,16.789781389037085,22.7641800098354,0.8678598994474499,1.0623414011206478,/home/aaa/data/qj/stable-baselines3-master/risk_curriculum_metadrive/outputs/tuned_ablation_guard_only_nenv16_seed0_1m/runs/guard_only_ppo_s0/config.json,/home/aaa/data/qj/stable-baselines3-master/risk_curriculum_metadrive/outputs/tuned_ablation_guard_only_nenv16_seed0_1m/runs/guard_only_ppo_s0/model/final_model.zip
guard_only,action_intervention,guard_only,ppo,0,0.25,10000,10012,12,1.0,0.0,0.9896148943367647,0.0,0.0,0.0,0.0,1114.0,389.9760436660482,389.9760436660482,14.164106612266743,17.97995438682996,3.1929560924762694,0.07540394973070018,0.0,989614.8943367648,437.47692287028275,44.63462136374369,0.6665543179168453,0.0516642494368643,0.08297872340425531,691.0,84.0,70.0,537.0,62.02872531418312,1579.5118870873332,0.6883002334596009,0.6705190025968477,0.9234226017724722,1.037836217146832,4.956447241190487,7.86715010908665,5.644747474650088,8.599313003651332,0.6883002334596009,0.9234226017724722,/home/aaa/data/qj/stable-baselines3-master/risk_curriculum_metadrive/outputs/tuned_ablation_guard_only_nenv16_seed0_1m/runs/guard_only_ppo_s0/config.json,/home/aaa/data/qj/stable-baselines3-master/risk_curriculum_metadrive/outputs/tuned_ablation_guard_only_nenv16_seed0_1m/runs/guard_only_ppo_s0/model/final_model.zip
guard_only,action_intervention,guard_only,ppo,0,0.25,10000,10013,13,1.0,0.0,0.9918498979176603,0.0,0.0,0.0,0.0,1191.0,521.4061252897595,521.4061252897595,16.307900886542015,18.244986323532483,9.15696198185669,0.010075566750629723,0.0,991849.8979176604,538.7971120297256,26.398417310056537,3.4692585944687147,0.010828861407141269,0.018421052631578946,836.0,54.0,13.0,769.0,70.19311502938706,1551.6044561758483,0.825745051170134,0.7905550010036677,1.0142289975192398,1.1563355030375533,13.586210639108094,21.17431550868787,14.411955690278228,22.04528299625963,0.825745051170134,1.0142289975192398,/home/aaa/data/qj/stable-baselines3-master/risk_curriculum_metadrive/outputs/tuned_ablation_guard_only_nenv16_seed0_1m/runs/guard_only_ppo_s0/config.json,/home/aaa/data/qj/stable-baselines3-master/risk_curriculum_metadrive/outputs/tuned_ablation_guard_only_nenv16_seed0_1m/runs/guard_only_ppo_s0/model/final_model.zip
guard_only,action_intervention,guard_only,ppo,0,0.25,10000,10014,14,0.0,0.0,0.5341548634976805,0.0,0.0,0.0,0.0,1500.0,364.29316931039847,364.29316931039847,10.645735936301335,8.792086850932147,3.7150766435904083,0.002,0.0,534154.8634976805,442.41514045984286,95.77756385910006,2.3463788515879354,0.02629822519318256,0.0041753653444676405,605.0,189.0,11.0,405.0,40.33333333333333,1367.4938867850854,0.8306254800700117,0.7957280031405389,1.0189043598074932,1.0944119389750995,21.952759007399436,29.198717951658182,22.783384487469448,30.038278006395554,0.8306254800700117,1.0189043598074932,/home/aaa/data/qj/stable-baselines3-master/risk_curriculum_metadrive/outputs/tuned_ablation_guard_only_nenv16_seed0_1m/runs/guard_only_ppo_s0/config.json,/home/aaa/data/qj/stable-baselines3-master/risk_curriculum_metadrive/outputs/tuned_ablation_guard_only_nenv16_seed0_1m/runs/guard_only_ppo_s0/model/final_model.zip
guard_only,action_intervention,guard_only,ppo,0,0.25,10000,10015,15,0.0,1.0,0.19056405225773568,1.0,1.0,0.0,0.0,615.0,108.69118383116817,108.69118383116817,7.810209882953592,6.480837400594809,1.2809173039197002,0.07967479674796749,1.0,0.19056405225773568,132.32164653314982,109.58238158024238,5.008069788285365,0.025743007435986096,0.0,183.0,100.0,5.0,78.0,29.756097560975608,1382.993673330342,0.8133390547832611,0.7823619962437078,1.0019068969995715,1.046448263223283,10.7756372016847,11.66059479874093,11.588976256467962,12.48254011006793,0.8133390547832611,1.0019068969995715,/home/aaa/data/qj/stable-baselines3-master/risk_curriculum_metadrive/outputs/tuned_ablation_guard_only_nenv16_seed0_1m/runs/guard_only_ppo_s0/config.json,/home/aaa/data/qj/stable-baselines3-master/risk_curriculum_metadrive/outputs/tuned_ablation_guard_only_nenv16_seed0_1m/runs/guard_only_ppo_s0/model/final_model.zip
guard_only,action_intervention,guard_only,ppo,0,0.25,10000,10016,16,1.0,0.0,0.9905411165347093,0.0,0.0,0.0,0.0,1124.0,446.61669066400793,446.61669066400793,15.616362455830588,18.184162344180905,7.50325262471034,0.05604982206405694,0.0,990541.1165347093,486.9969603298027,17.431009586886027,0.06601857104472764,0.055988850959890674,0.24149659863945577,801.0,41.0,74.0,686.0,71.26334519572953,1644.7741264289393,0.7999663601924203,0.7787590002408251,1.0000234971812458,1.0915337818732949,7.898757302612327,13.11297134234337,8.698723662804747,13.912767841975436,0.7999663601924203,1.0000234971812458,/home/aaa/data/qj/stable-baselines3-master/risk_curriculum_metadrive/outputs/tuned_ablation_guard_only_nenv16_seed0_1m/runs/guard_only_ppo_s0/config.json,/home/aaa/data/qj/stable-baselines3-master/risk_curriculum_metadrive/outputs/tuned_ablation_guard_only_nenv16_seed0_1m/runs/guard_only_ppo_s0/model/final_model.zip
guard_only,action_intervention,guard_only,ppo,0,0.25,10000,10017,17,0.0,1.0,0.313667081225836,1.0,1.0,0.0,0.0,1081.0,199.1622757473921,199.1622757473921,8.187098950527185,6.315540216708201,1.1225018753394385,0.0841813135985199,0.0,0.313667081225836,244.01517140036322,71.45536669868862,6.778406899145386,0.025409083148365513,0.0,382.0,170.0,1.0,211.0,35.337650323774284,1565.4764325011613,0.8221262015180901,0.7878309988882393,1.0084999958053231,1.1099877912783997,20.802053137990164,23.028233990771696,21.624179339508252,23.878959997091442,0.8221262015180901,1.0084999958053231,/home/aaa/data/qj/stable-baselines3-master/risk_curriculum_metadrive/outputs/tuned_ablation_guard_only_nenv16_seed0_1m/runs/guard_only_ppo_s0/config.json,/home/aaa/data/qj/stable-baselines3-master/risk_curriculum_metadrive/outputs/tuned_ablation_guard_only_nenv16_seed0_1m/runs/guard_only_ppo_s0/model/final_model.zip
guard_only,action_intervention,guard_only,ppo,0,0.25,10000,10018,18,1.0,0.0,0.9894152694588159,0.0,0.0,0.0,0.0,1259.0,391.6778527723267,391.6778527723267,12.618476260790528,17.864971326650103,0.01319531035504961,0.1715647339158062,0.0,989415.2694588159,440.3556514720811,19.085947169077105,0.018125938268829495,0.13332805303916184,0.264919941775837,833.0,67.0,221.0,545.0,66.16362192216044,1891.6527974952373,0.8275388150575413,0.7952209998620674,1.00794390309602,1.092131919867825,11.29962524871064,16.258153892704286,12.127164063768182,17.143276003480423,0.8275388150575413,1.00794390309602,/home/aaa/data/qj/stable-baselines3-master/risk_curriculum_metadrive/outputs/tuned_ablation_guard_only_nenv16_seed0_1m/runs/guard_only_ppo_s0/config.json,/home/aaa/data/qj/stable-baselines3-master/risk_curriculum_metadrive/outputs/tuned_ablation_guard_only_nenv16_seed0_1m/runs/guard_only_ppo_s0/model/final_model.zip
guard_only,action_intervention,guard_only,ppo,0,0.25,10000,10019,19,0.0,1.0,0.6385786826166359,1.0,1.0,0.0,0.0,1261.0,396.7317811132725,396.7317811132725,12.78587781086343,17.957986356998273,1.7254358464001367,0.07137192704203013,0.0,0.6385786826166359,445.8964721906841,41.42115639788561,3.3521266078862557,0.01861890944464804,0.0074211502782931356,728.0,112.0,15.0,601.0,57.73195876288659,1632.66597832305,0.8385892411307849,0.8016259962460026,1.0232790082227439,1.1237399943638597,18.95709800897506,26.163708011154085,19.795687250105843,27.01966701715719,0.8385892411307849,1.0232790082227439,/home/aaa/data/qj/stable-baselines3-master/risk_curriculum_metadrive/outputs/tuned_ablation_guard_only_nenv16_seed0_1m/runs/guard_only_ppo_s0/config.json,/home/aaa/data/qj/stable-baselines3-master/risk_curriculum_metadrive/outputs/tuned_ablation_guard_only_nenv16_seed0_1m/runs/guard_only_ppo_s0/model/final_model.zip
guard_only,action_intervention,guard_only,ppo,0,0.25,20000,20000,0,0.0,1.0,0.6040252134611986,0.0,0.0,0.0,1.0,570.0,147.62344816697293,147.62344816697293,13.453444730981593,14.326091785926309,6.0882160441586946,0.008771929824561403,0.0,0.6040252134611986,212.29156448005594,41.65298010039014,1.5854523273048866,0.022232523308929324,0.015772870662460567,270.0,56.0,6.0,208.0,47.368421052631575,1271.8357446810637,0.856450884199595,0.8237875008489937,1.045814654935384,1.1944149037299194,9.871421045401101,13.509538598009385,10.727871929600695,14.370381200569682,0.856450884199595,1.045814654935384,/home/aaa/data/qj/stable-baselines3-master/risk_curriculum_metadrive/outputs/tuned_ablation_guard_only_nenv16_seed0_1m/runs/guard_only_ppo_s0/config.json,/home/aaa/data/qj/stable-baselines3-master/risk_curriculum_metadrive/outputs/tuned_ablation_guard_only_nenv16_seed0_1m/runs/guard_only_ppo_s0/model/final_model.zip
guard_only,action_intervention,guard_only,ppo,0,0.25,20000,20001,1,1.0,0.0,0.9899771534452824,0.0,0.0,0.0,0.0,1121.0,425.08090449466766,425.08090449466766,16.317051268938382,18.235808688294128,8.107699944913888,0.0026761819803746653,0.0,989977.1534452824,507.4944938270902,29.63293676944098,3.317988619662698,0.007260295340639165,0.009584664536741214,787.0,51.0,6.0,730.0,70.20517395182873,1550.7557413384288,0.7524861435216489,0.7579909870401025,0.9996220032917336,1.1143149982672182,7.309714639254071,12.314314997638576,8.062200782775719,13.134546010405757,0.7524861435216489,0.9996220032917336,/home/aaa/data/qj/stable-baselines3-master/risk_curriculum_metadrive/outputs/tuned_ablation_guard_only_nenv16_seed0_1m/runs/guard_only_ppo_s0/config.json,/home/aaa/data/qj/stable-baselines3-master/risk_curriculum_metadrive/outputs/tuned_ablation_guard_only_nenv16_seed0_1m/runs/guard_only_ppo_s0/model/final_model.zip
guard_only,action_intervention,guard_only,ppo,0,0.25,20000,20002,2,0.0,1.0,0.7540798302337246,1.0,1.0,0.0,0.0,1337.0,320.1781209515641,320.1781209515641,10.156526534086174,8.882483610856369,1.4404564916003524,0.07853403141361257,0.0,0.7540798302337246,375.1898476764792,85.45287892607203,2.966922344026314,0.035132436706427884,0.01668806161745828,572.0,169.0,31.0,372.0,42.78234854151084,1524.5615081067635,0.7643082699101598,0.7640559924766421,0.9835084085352719,1.1174062429927292,12.42038559054687,18.124325198004954,13.18469386045703,18.962468195240945,0.7643082699101598,0.9835084085352719,/home/aaa/data/qj/stable-baselines3-master/risk_curriculum_metadrive/outputs/tuned_ablation_guard_only_nenv16_seed0_1m/runs/guard_only_ppo_s0/config.json,/home/aaa/data/qj/stable-baselines3-master/risk_curriculum_metadrive/outputs/tuned_ablation_guard_only_nenv16_seed0_1m/runs/guard_only_ppo_s0/model/final_model.zip
guard_only,action_intervention,guard_only,ppo,0,0.25,20000,20003,3,0.0,1.0,0.21041180516133645,1.0,1.0,0.0,0.0,564.0,122.28164925411781,122.28164925411781,8.94497551415952,5.817704287299815,1.4566746403245023,0.06914893617021277,0.0,0.21041180516133645,139.51450729152475,118.2820597539351,3.472493180924671,0.030694113137392336,0.0019157088122605363,210.0,93.0,2.0,115.0,37.234042553191486,1505.219808870422,0.8242855388576211,0.7870705012464896,1.0143795479962137,1.1542945454129951,13.27635987046367,14.284956097981194,14.100645409321292,15.171469646884361,0.8242855388576211,1.0143795479962137,/home/aaa/data/qj/stable-baselines3-master/risk_curriculum_metadrive/outputs/tuned_ablation_guard_only_nenv16_seed0_1m/runs/guard_only_ppo_s0/config.json,/home/aaa/data/qj/stable-baselines3-master/risk_curriculum_metadrive/outputs/tuned_ablation_guard_only_nenv16_seed0_1m/runs/guard_only_ppo_s0/model/final_model.zip
guard_only,action_intervention,guard_only,ppo,0,0.25,20000,20004,4,1.0,0.0,0.9903727983975399,0.0,0.0,0.0,0.0,1245.0,418.0673913906015,418.0673913906015,14.562306418985386,18.11699282313466,3.9139326384522173,0.06506024096385542,0.0,990372.7983975399,502.92704005339885,44.279769287629605,1.4670885463279246,0.044404671875228854,0.10071942446043165,847.0,76.0,70.0,701.0,68.03212851405623,1684.140904235471,0.820100173563603,0.7894370064605027,1.0251960076857358,1.1165222345152868,7.812966181544576,13.445520593086258,8.633066355108179,14.22228479932528,0.820100173563603,1.0251960076857358,/home/aaa/data/qj/stable-baselines3-master/risk_curriculum_metadrive/outputs/tuned_ablation_guard_only_nenv16_seed0_1m/runs/guard_only_ppo_s0/config.json,/home/aaa/data/qj/stable-baselines3-master/risk_curriculum_metadrive/outputs/tuned_ablation_guard_only_nenv16_seed0_1m/runs/guard_only_ppo_s0/model/final_model.zip
guard_only,action_intervention,guard_only,ppo,0,0.25,20000,20005,5,0.0,1.0,0.4329786886556702,0.0,0.0,0.0,1.0,618.0,199.1535672644972,199.1535672644972,15.261997528341448,18.040105342491252,5.363317861007885,0.0,0.0,0.4329786886556702,261.47016616785953,20.245636170583236,0.6206523478907425,0.012820859620501621,0.01694915254237288,368.0,45.0,6.0,317.0,59.54692556634305,1407.4263438672774,0.837184657015149,0.7925134996185079,1.0303823502908926,1.1408834229223435,15.403523461265538,16.692473455623258,16.240708118280686,17.59055199509021,0.837184657015149,1.0303823502908926,/home/aaa/data/qj/stable-baselines3-master/risk_curriculum_metadrive/outputs/tuned_ablation_guard_only_nenv16_seed0_1m/runs/guard_only_ppo_s0/config.json,/home/aaa/data/qj/stable-baselines3-master/risk_curriculum_metadrive/outputs/tuned_ablation_guard_only_nenv16_seed0_1m/runs/guard_only_ppo_s0/model/final_model.zip
guard_only,action_intervention,guard_only,ppo,0,0.25,20000,20006,6,0.0,1.0,0.39341881416155755,1.0,1.0,0.0,0.0,629.0,192.22512704510075,192.22512704510075,12.950436791646993,17.92254291942322,3.3055882923023847,0.006359300476947536,0.0,0.39341881416155755,226.11351070590192,36.99702348285616,2.31679757371935,0.02483457593066742,0.022321428571428572,356.0,58.0,10.0,288.0,56.59777424483307,1574.4304658691403,0.8368721194200689,0.7933570013847202,1.0573450068477541,1.2065723165869717,9.630294494241674,11.75120800617151,10.467166613661743,12.563964200671762,0.8368721194200689,1.0573450068477541,/home/aaa/data/qj/stable-baselines3-master/risk_curriculum_metadrive/outputs/tuned_ablation_guard_only_nenv16_seed0_1m/runs/guard_only_ppo_s0/config.json,/home/aaa/data/qj/stable-baselines3-master/risk_curriculum_metadrive/outputs/tuned_ablation_guard_only_nenv16_seed0_1m/runs/guard_only_ppo_s0/model/final_model.zip
guard_only,action_intervention,guard_only,ppo,0,0.25,20000,20007,7,1.0,0.0,0.9875210378212389,0.0,0.0,0.0,0.0,1085.0,383.748376794081,383.748376794081,14.960761028653726,18.19571311596897,1.4190249435621216,0.09585253456221199,0.0,987521.037821239,450.21362209080144,14.323102820225891,0.01936840537121119,0.07339574544257231,0.305019305019305,796.0,40.0,99.0,657.0,73.36405529953916,1768.049567899255,0.8089038923094135,0.7741970039205626,1.0012610058765858,1.1138088774168866,6.6784673936537375,9.608618001220748,7.487371285963151,10.421663796296343,0.8089038923094135,1.0012610058765858,/home/aaa/data/qj/stable-baselines3-master/risk_curriculum_metadrive/outputs/tuned_ablation_guard_only_nenv16_seed0_1m/runs/guard_only_ppo_s0/config.json,/home/aaa/data/qj/stable-baselines3-master/risk_curriculum_metadrive/outputs/tuned_ablation_guard_only_nenv16_seed0_1m/runs/guard_only_ppo_s0/model/final_model.zip
guard_only,action_intervention,guard_only,ppo,0,0.25,20000,20008,8,0.0,0.0,0.4042004742015448,0.0,0.0,0.0,0.0,1500.0,225.2357895320131,225.2357895320131,6.566554477529172,2.5650695479943586,0.41819193255544684,0.32066666666666666,0.0,404200.4742015448,266.5677603396108,63.428676712602886,2.9450886579316715,0.06491624978138433,0.049358341559723594,656.0,300.0,84.0,272.0,43.733333333333334,2460.912749404682,0.8415017159907924,0.8036075087147765,1.0242242911772337,1.122537112532882,16.82801314435589,19.33259044380975,17.66951486034668,20.187915037968196,0.8415017159907924,1.0242242911772337,/home/aaa/data/qj/stable-baselines3-master/risk_curriculum_metadrive/outputs/tuned_ablation_guard_only_nenv16_seed0_1m/runs/guard_only_ppo_s0/config.json,/home/aaa/data/qj/stable-baselines3-master/risk_curriculum_metadrive/outputs/tuned_ablation_guard_only_nenv16_seed0_1m/runs/guard_only_ppo_s0/model/final_model.zip
guard_only,action_intervention,guard_only,ppo,0,0.25,20000,20009,9,0.0,1.0,0.107429049617453,1.0,1.0,0.0,0.0,117.0,27.628195947760005,27.628195947760005,12.197908282253414,17.963055521306995,0.30281638354593987,0.18803418803418803,1.0,0.107429049617453,39.35973470063227,3.63288738194336,1.1479817736827085,0.16686549380739735,0.8214285714285714,82.0,0.0,27.0,55.0,70.08547008547008,2083.347375781035,0.8474749927886595,0.8131590002449229,1.0071608034195376,1.1094646068522707,8.396356700273811,10.069197590928525,9.243831693062472,10.93933758966159,0.8474749927886595,1.0071608034195376,/home/aaa/data/qj/stable-baselines3-master/risk_curriculum_metadrive/outputs/tuned_ablation_guard_only_nenv16_seed0_1m/runs/guard_only_ppo_s0/config.json,/home/aaa/data/qj/stable-baselines3-master/risk_curriculum_metadrive/outputs/tuned_ablation_guard_only_nenv16_seed0_1m/runs/guard_only_ppo_s0/model/final_model.zip
guard_only,action_intervention,guard_only,ppo,0,0.25,20000,20010,10,0.0,1.0,0.7017695350391343,1.0,1.0,0.0,0.0,1199.0,258.86073772024747,258.86073772024747,9.48114010214518,7.014740859483387,2.1976064175312278,0.03836530442035029,0.0,0.7017695350391343,314.89640281023486,144.09795533595397,2.1317035311412504,0.03196911355586718,0.01593625498007968,482.0,174.0,12.0,296.0,40.200166805671394,1530.6621342717158,0.83639464630249,0.8002319955267012,1.024333898385521,1.1498088581720367,9.277335619593732,13.248154793109274,10.113730265896223,14.050646792748008,0.83639464630249,1.024333898385521,/home/aaa/data/qj/stable-baselines3-master/risk_curriculum_metadrive/outputs/tuned_ablation_guard_only_nenv16_seed0_1m/runs/guard_only_ppo_s0/config.json,/home/aaa/data/qj/stable-baselines3-master/risk_curriculum_metadrive/outputs/tuned_ablation_guard_only_nenv16_seed0_1m/runs/guard_only_ppo_s0/model/final_model.zip
guard_only,action_intervention,guard_only,ppo,0,0.25,20000,20011,11,0.0,1.0,0.6234777052620257,1.0,1.0,0.0,0.0,951.0,309.900950075401,309.900950075401,13.075538369084317,18.019135706587765,0.3603271216290793,0.14090431125131442,0.0,0.6234777052620257,344.7225230608353,28.95272864945654,0.33398586751108666,0.0713745038269696,0.14215686274509803,654.0,90.0,81.0,483.0,68.76971608832808,1897.1780381306405,0.8350629946762905,0.79655199078843,1.0088365015690215,1.1287079978501424,18.23778661381643,21.258336993923876,19.072849608492717,22.094633495726157,0.8350629946762905,1.0088365015690215,/home/aaa/data/qj/stable-baselines3-master/risk_curriculum_metadrive/outputs/tuned_ablation_guard_only_nenv16_seed0_1m/runs/guard_only_ppo_s0/config.json,/home/aaa/data/qj/stable-baselines3-master/risk_curriculum_metadrive/outputs/tuned_ablation_guard_only_nenv16_seed0_1m/runs/guard_only_ppo_s0/model/final_model.zip
guard_only,action_intervention,guard_only,ppo,0,0.25,20000,20012,12,1.0,0.0,0.9911439963604897,0.0,0.0,0.0,0.0,1339.0,494.2968743441673,494.2968743441673,14.01662341394782,18.030004395767797,3.7190202794534066,0.020911127707244213,0.0,991143.9963604897,520.2769191235462,58.83541894427769,1.9928474370212907,0.01728937169519502,0.02018348623853211,795.0,105.0,14.0,676.0,59.37266616878267,1528.0324203873001,0.8084994092935945,0.7869959954405203,1.010087999748066,1.0897877902607431,7.943923315835791,14.464753307402134,8.752422725129385,15.298002894269302,0.8084994092935945,1.010087999748066,/home/aaa/data/qj/stable-baselines3-master/risk_curriculum_metadrive/outputs/tuned_ablation_guard_only_nenv16_seed0_1m/runs/guard_only_ppo_s0/config.json,/home/aaa/data/qj/stable-baselines3-master/risk_curriculum_metadrive/outputs/tuned_ablation_guard_only_nenv16_seed0_1m/runs/guard_only_ppo_s0/model/final_model.zip
guard_only,action_intervention,guard_only,ppo,0,0.25,20000,20013,13,0.0,0.0,0.7196686242602213,0.0,0.0,0.0,0.0,1500.0,439.1941881786093,439.1941881786093,11.745379687850114,13.03411811872163,2.392711024455764,0.044,0.0,719668.6242602213,488.8801518184359,23.697640176868877,3.355000474741901,0.024361048297567904,0.011834319526627219,702.0,193.0,26.0,483.0,46.800000000000004,1435.9347529017996,0.8461283359696002,0.8036599974730052,1.0244596429402009,1.1362035702040885,20.879883532693686,29.86773290176643,21.72601186866329,30.712126249272842,0.8461283359696002,1.0244596429402009,/home/aaa/data/qj/stable-baselines3-master/risk_curriculum_metadrive/outputs/tuned_ablation_guard_only_nenv16_seed0_1m/runs/guard_only_ppo_s0/config.json,/home/aaa/data/qj/stable-baselines3-master/risk_curriculum_metadrive/outputs/tuned_ablation_guard_only_nenv16_seed0_1m/runs/guard_only_ppo_s0/model/final_model.zip
guard_only,action_intervention,guard_only,ppo,0,0.25,20000,20014,14,0.0,1.0,0.7709047732354743,1.0,1.0,0.0,0.0,1267.0,226.21209745408208,226.21209745408208,11.856630241352947,11.882171254154756,4.945047436948746,0.003946329913180742,0.0,0.7709047732354743,417.0009067771365,58.716391877956895,4.064131286954402,0.024237616468000763,0.001899335232668566,456.0,226.0,7.0,223.0,35.99052880820837,1093.5228019628896,0.8387670671878251,0.7983429968589917,1.0329287892091088,1.1339190896251234,13.500340279207261,18.643519493343774,14.339107346395085,19.4887350051431,0.8387670671878251,1.0329287892091088,/home/aaa/data/qj/stable-baselines3-master/risk_curriculum_metadrive/outputs/tuned_ablation_guard_only_nenv16_seed0_1m/runs/guard_only_ppo_s0/config.json,/home/aaa/data/qj/stable-baselines3-master/risk_curriculum_metadrive/outputs/tuned_ablation_guard_only_nenv16_seed0_1m/runs/guard_only_ppo_s0/model/final_model.zip
guard_only,action_intervention,guard_only,ppo,0,0.25,20000,20015,15,0.0,1.0,0.1082320575848761,1.0,1.0,0.0,0.0,148.0,48.45435148105933,48.45435148105933,15.372471089229146,18.19320513016892,4.309674560411506,0.0472972972972973,1.0,0.1082320575848761,62.76724416390912,5.842830934300878,3.9163184616798805,0.03466874473929686,0.2,102.0,1.0,9.0,92.0,68.91891891891892,1625.0514318207001,0.8475588860951452,0.8129185007419437,1.0550443432293832,1.1579121588147245,5.868121059737294,6.625458197231637,6.71567994583244,7.447015093930531,0.8475588860951452,1.0550443432293832,/home/aaa/data/qj/stable-baselines3-master/risk_curriculum_metadrive/outputs/tuned_ablation_guard_only_nenv16_seed0_1m/runs/guard_only_ppo_s0/config.json,/home/aaa/data/qj/stable-baselines3-master/risk_curriculum_metadrive/outputs/tuned_ablation_guard_only_nenv16_seed0_1m/runs/guard_only_ppo_s0/model/final_model.zip
guard_only,action_intervention,guard_only,ppo,0,0.25,20000,20016,16,0.0,1.0,0.4073778586260056,1.0,1.0,0.0,0.0,1202.0,207.67208977862023,207.67208977862023,8.745949729227307,6.255945163108459,1.6400300542814987,0.064891846921797,0.0,0.4073778586260056,290.40843869744646,302.10974602309494,7.060583965586134,0.027996164756290604,0.0,481.0,173.0,1.0,307.0,40.01663893510815,1656.2879582886906,0.8213849941361734,0.7835100041120313,1.014659951761132,1.1152405237953644,14.162754857717117,15.889460007747402,14.984139851853291,16.6947361874918,0.8213849941361734,1.014659951761132,/home/aaa/data/qj/stable-baselines3-master/risk_curriculum_metadrive/outputs/tuned_ablation_guard_only_nenv16_seed0_1m/runs/guard_only_ppo_s0/config.json,/home/aaa/data/qj/stable-baselines3-master/risk_curriculum_metadrive/outputs/tuned_ablation_guard_only_nenv16_seed0_1m/runs/guard_only_ppo_s0/model/final_model.zip
guard_only,action_intervention,guard_only,ppo,0,0.25,20000,20017,17,0.0,0.0,0.7033897401033382,0.0,0.0,0.0,0.0,1500.0,379.36008467056,379.36008467056,10.551359999125546,9.368400018166199,2.935513294585001,0.029333333333333333,0.0,703389.7401033383,438.37058677837393,50.66714515428086,3.1006681376003473,0.023596773444245114,0.004352557127312296,581.0,191.0,12.0,378.0,38.733333333333334,1325.3626441267943,0.7290369867308376,0.729867497284431,0.9639366035116836,1.0594695346662775,10.38908032674226,13.655987499078037,11.118117313473098,14.29558220115723,0.7290369867308376,0.9639366035116836,/home/aaa/data/qj/stable-baselines3-master/risk_curriculum_metadrive/outputs/tuned_ablation_guard_only_nenv16_seed0_1m/runs/guard_only_ppo_s0/config.json,/home/aaa/data/qj/stable-baselines3-master/risk_curriculum_metadrive/outputs/tuned_ablation_guard_only_nenv16_seed0_1m/runs/guard_only_ppo_s0/model/final_model.zip
guard_only,action_intervention,guard_only,ppo,0,0.25,20000,20018,18,0.0,0.0,0.5300215820490591,0.0,0.0,0.0,0.0,1500.0,329.66206375260066,329.66206375260066,9.956293972352253,7.141974779451784,3.3264180776533347,0.005333333333333333,0.0,530021.5820490592,413.9260587858576,72.21073979853226,3.6199633345530735,0.026503716097006504,0.0011806375442739079,638.0,203.0,4.0,431.0,42.53333333333333,1541.3380879459583,0.6377129120519385,0.599054001213517,0.8105399108899292,0.927504495193716,13.364606686586436,18.646865592018003,14.002319598638374,19.28439689145307,0.6377129120519385,0.8105399108899292,/home/aaa/data/qj/stable-baselines3-master/risk_curriculum_metadrive/outputs/tuned_ablation_guard_only_nenv16_seed0_1m/runs/guard_only_ppo_s0/config.json,/home/aaa/data/qj/stable-baselines3-master/risk_curriculum_metadrive/outputs/tuned_ablation_guard_only_nenv16_seed0_1m/runs/guard_only_ppo_s0/model/final_model.zip
guard_only,action_intervention,guard_only,ppo,0,0.25,20000,20019,19,0.0,0.0,0.9497888018409124,0.0,0.0,0.0,0.0,1500.0,475.7365788064919,475.7365788064919,12.845040288086745,13.783198832360121,4.353116075829233,0.009333333333333334,0.0,949788.8018409124,534.3266954841037,38.91785124021285,1.2299836608481913,0.018675753241760493,0.002347417840375587,732.0,188.0,5.0,539.0,48.8,1369.9483970884198,0.6190491251278823,0.5819130019517615,0.8122425955662038,0.9212096440023743,9.091095139224004,14.640272102406016,9.710144264351888,15.235691642737947,0.6190491251278823,0.8122425955662038,/home/aaa/data/qj/stable-baselines3-master/risk_curriculum_metadrive/outputs/tuned_ablation_guard_only_nenv16_seed0_1m/runs/guard_only_ppo_s0/config.json,/home/aaa/data/qj/stable-baselines3-master/risk_curriculum_metadrive/outputs/tuned_ablation_guard_only_nenv16_seed0_1m/runs/guard_only_ppo_s0/model/final_model.zip
