label,role,variant,algo,train_seed,density,scenario_start_seed,map_seed,episode,success,cost,route_completion,collision,crash_vehicle,crash_object,out_of_road,episode_length,reward,shaped_reward,mean_speed_kmh,median_speed_kmh,p10_speed_kmh,stop_ratio,low_progress,progress_per_cost,path_length_m,mean_ttc,min_ttc,ttc_risk_mean,ttc_dangerous_fraction,intervention_count,soft_guard_count,hard_shield_count,overspeed_guard_count,intervention_rate_per_100_steps,intervention_rate_per_km,policy_inference_ms_mean,policy_inference_ms_p50,policy_inference_ms_p95,policy_inference_ms_p99,env_step_wall_ms_mean,env_step_wall_ms_p95,control_loop_wall_ms_mean,control_loop_wall_ms_p95,total_action_latency_ms_mean,total_action_latency_ms_p95,source_config_json,source_model_path
gated_risk,refinement,proposed_gated_risk,ppo,2,0.08,10000,10000,0,1.0,0.0,0.9911354921779989,0.0,0.0,0.0,0.0,1030.0,405.55658080851674,185.31526615643384,18.258621048897922,18.45027326585208,17.94967969986195,0.0,0.0,991135.492177999,521.9661740915207,15.109354707128345,6.757219588486208,0.0008032591800425828,0.0,886.0,2.0,1.0,883.0,86.01941747572816,1697.428002000471,1.6012126650803642,0.9666520054452121,4.700181650696321,5.836850926425543,5.612410450420903,12.644066599023063,7.213623115501267,14.44196020020172,1.6012126650803642,4.700181650696321,/home/aaa/data/qj/stable-baselines3-master/risk_curriculum_metadrive/outputs/gated_risk_proposed_nenv16_seed2_1m/runs/proposed_gated_risk_ppo_s2/config.json,/home/aaa/data/qj/stable-baselines3-master/risk_curriculum_metadrive/outputs/gated_risk_proposed_nenv16_seed2_1m/runs/proposed_gated_risk_ppo_s2/model/final_model.zip
gated_risk,refinement,proposed_gated_risk,ppo,2,0.08,10000,10001,1,1.0,0.0,0.9904430116347663,0.0,0.0,0.0,0.0,999.0,413.11655203003,217.95285127094647,18.315778516798538,18.461175882514144,17.97173522363346,0.0,0.0,990443.0116347664,507.82842700352273,24.279082964191723,21.33099772424696,0.0,0.0,869.0,0.0,0.0,869.0,86.98698698698699,1711.2078682313936,1.470178641654827,0.954850998823531,4.860546800773591,6.412218977638983,5.243443034918959,11.427700502099468,6.713621676573786,13.520523509941995,1.470178641654827,4.860546800773591,/home/aaa/data/qj/stable-baselines3-master/risk_curriculum_metadrive/outputs/gated_risk_proposed_nenv16_seed2_1m/runs/proposed_gated_risk_ppo_s2/config.json,/home/aaa/data/qj/stable-baselines3-master/risk_curriculum_metadrive/outputs/gated_risk_proposed_nenv16_seed2_1m/runs/proposed_gated_risk_ppo_s2/model/final_model.zip
gated_risk,refinement,proposed_gated_risk,ppo,2,0.08,10000,10002,2,1.0,0.0,0.9910621711984533,0.0,0.0,0.0,0.0,1124.0,456.45589091081075,215.79141724214224,17.661830210155482,18.409228365901228,17.894934659884957,0.016903914590747332,0.0,991062.1711984533,550.9430830019948,8.90316843147049,1.844037721039898,0.011737695165853091,0.2631578947368421,942.0,9.0,16.0,917.0,83.80782918149467,1709.7954926073357,1.688527724921792,0.9475039987592027,4.69968385004904,7.474642361630677,7.842460282728386,17.571402199973814,9.530988007650178,20.485608906164995,1.688527724921792,4.69968385004904,/home/aaa/data/qj/stable-baselines3-master/risk_curriculum_metadrive/outputs/gated_risk_proposed_nenv16_seed2_1m/runs/proposed_gated_risk_ppo_s2/config.json,/home/aaa/data/qj/stable-baselines3-master/risk_curriculum_metadrive/outputs/gated_risk_proposed_nenv16_seed2_1m/runs/proposed_gated_risk_ppo_s2/model/final_model.zip
gated_risk,refinement,proposed_gated_risk,ppo,2,0.08,10000,10003,3,1.0,0.0,0.9898512735401503,0.0,0.0,0.0,0.0,916.0,380.2272285762428,212.42811542315718,18.322289945710722,18.47247974738046,17.973303532316258,0.0,0.0,989851.2735401504,465.77411166365096,,,0.0,0.0,803.0,0.0,0.0,803.0,87.66375545851528,1724.0116612145882,1.3581806443736881,0.9695544940768741,4.2994980030925944,6.013015102507782,3.0929241056821417,8.092658503301209,4.45110475005583,10.29627274692757,1.3581806443736881,4.2994980030925944,/home/aaa/data/qj/stable-baselines3-master/risk_curriculum_metadrive/outputs/gated_risk_proposed_nenv16_seed2_1m/runs/proposed_gated_risk_ppo_s2/config.json,/home/aaa/data/qj/stable-baselines3-master/risk_curriculum_metadrive/outputs/gated_risk_proposed_nenv16_seed2_1m/runs/proposed_gated_risk_ppo_s2/model/final_model.zip
gated_risk,refinement,proposed_gated_risk,ppo,2,0.08,10000,10004,4,1.0,0.0,0.9911698756937724,0.0,0.0,0.0,0.0,1158.0,476.0813044154285,261.6678586835748,17.580775311015664,18.406670895377502,14.633516541557338,0.0,0.0,991169.8756937725,564.9642047781308,17.645120590751734,10.727020654090552,0.0007728898877086348,0.0,932.0,23.0,0.0,909.0,80.48359240069085,1649.6620354310928,1.1456112428691958,0.9809945040615276,1.8542763522418648,4.761007460037953,4.435956924289665,6.523563600785565,5.581568167158861,7.664710794051643,1.1456112428691958,1.8542763522418648,/home/aaa/data/qj/stable-baselines3-master/risk_curriculum_metadrive/outputs/gated_risk_proposed_nenv16_seed2_1m/runs/proposed_gated_risk_ppo_s2/config.json,/home/aaa/data/qj/stable-baselines3-master/risk_curriculum_metadrive/outputs/gated_risk_proposed_nenv16_seed2_1m/runs/proposed_gated_risk_ppo_s2/model/final_model.zip
gated_risk,refinement,proposed_gated_risk,ppo,2,0.08,10000,10005,5,1.0,0.0,0.9904364671733847,0.0,0.0,0.0,0.0,995.0,396.1943156134177,198.1895342744511,17.714240459193853,18.430722502169566,17.889169084302946,0.01306532663316583,0.0,990436.4671733847,489.1119602703078,19.97437779171361,3.3793960379813917,0.010429646809533968,0.16666666666666666,837.0,6.0,16.0,815.0,84.12060301507537,1711.2646346603992,1.4834876343357521,0.94949099002406,5.018762301187962,7.962829595780929,5.0195769533507955,11.812557103985455,6.503064587686548,13.383984292158855,1.4834876343357521,5.018762301187962,/home/aaa/data/qj/stable-baselines3-master/risk_curriculum_metadrive/outputs/gated_risk_proposed_nenv16_seed2_1m/runs/proposed_gated_risk_ppo_s2/config.json,/home/aaa/data/qj/stable-baselines3-master/risk_curriculum_metadrive/outputs/gated_risk_proposed_nenv16_seed2_1m/runs/proposed_gated_risk_ppo_s2/model/final_model.zip
gated_risk,refinement,proposed_gated_risk,ppo,2,0.08,10000,10006,6,1.0,0.0,0.99233884099172,0.0,0.0,0.0,0.0,1225.0,507.2807403672581,249.99168754045533,18.308276071315674,18.46953107099567,17.962903771734638,0.0,0.0,992338.84099172,622.5377069978803,68.27777828985609,9.679095623935266,0.0002024726769608239,0.0,1062.0,4.0,0.0,1058.0,86.6938775510204,1705.9207628103018,1.561974054891426,0.934488998609595,4.977357806637883,6.928257005056366,6.251353346861481,14.645357805420645,7.813327401752907,17.39427279680967,1.561974054891426,4.977357806637883,/home/aaa/data/qj/stable-baselines3-master/risk_curriculum_metadrive/outputs/gated_risk_proposed_nenv16_seed2_1m/runs/proposed_gated_risk_ppo_s2/config.json,/home/aaa/data/qj/stable-baselines3-master/risk_curriculum_metadrive/outputs/gated_risk_proposed_nenv16_seed2_1m/runs/proposed_gated_risk_ppo_s2/model/final_model.zip
gated_risk,refinement,proposed_gated_risk,ppo,2,0.08,10000,10007,7,0.0,0.0,0.8816682941425433,0.0,0.0,0.0,0.0,1500.0,595.8338345756972,238.41782924059993,17.341182823187392,18.33080613821747,13.054185630397027,0.0006666666666666666,0.0,881668.2941425433,722.0229548427432,18.76570026447215,6.618442129667123,0.002456774898358347,0.0,1171.0,42.0,2.0,1127.0,78.06666666666666,1621.832092935389,1.263598809154549,0.9262910025427118,3.7726961549196845,5.600029769266256,12.292265910412729,23.52645595528884,13.555864719567277,25.21156581206014,1.263598809154549,3.7726961549196845,/home/aaa/data/qj/stable-baselines3-master/risk_curriculum_metadrive/outputs/gated_risk_proposed_nenv16_seed2_1m/runs/proposed_gated_risk_ppo_s2/config.json,/home/aaa/data/qj/stable-baselines3-master/risk_curriculum_metadrive/outputs/gated_risk_proposed_nenv16_seed2_1m/runs/proposed_gated_risk_ppo_s2/model/final_model.zip
gated_risk,refinement,proposed_gated_risk,ppo,2,0.08,10000,10008,8,1.0,0.0,0.9904707369623644,0.0,0.0,0.0,0.0,990.0,412.71318590872846,228.39589069622315,18.153886896109007,18.42587223091442,17.927772630936843,0.0,0.0,990470.7369623645,498.7702126577672,53.00967204202748,11.447689064191385,0.00013745202109997248,0.0,845.0,5.0,0.0,840.0,85.35353535353535,1694.1669300925143,1.2686464978167975,0.97304299561074,3.8924389475141647,5.810365131619619,4.253687025041959,8.094781804538796,5.522333522858757,10.17661439764197,1.2686464978167975,3.8924389475141647,/home/aaa/data/qj/stable-baselines3-master/risk_curriculum_metadrive/outputs/gated_risk_proposed_nenv16_seed2_1m/runs/proposed_gated_risk_ppo_s2/config.json,/home/aaa/data/qj/stable-baselines3-master/risk_curriculum_metadrive/outputs/gated_risk_proposed_nenv16_seed2_1m/runs/proposed_gated_risk_ppo_s2/model/final_model.zip
gated_risk,refinement,proposed_gated_risk,ppo,2,0.08,10000,10009,9,1.0,0.0,0.9896313362601052,0.0,0.0,0.0,0.0,914.0,382.0616405651496,215.80400430304863,18.300225119110205,18.454769931067283,17.965806273715412,0.0,0.0,989631.3362601053,464.1881519528897,,,0.0,0.0,796.0,0.0,0.0,796.0,87.08971553610503,1714.8218812805583,1.4555328193647201,0.956074996793177,4.8902073431236195,5.989197477756534,3.666175336651382,7.918759750464233,5.121708156016102,10.830371095653389,1.4555328193647201,4.8902073431236195,/home/aaa/data/qj/stable-baselines3-master/risk_curriculum_metadrive/outputs/gated_risk_proposed_nenv16_seed2_1m/runs/proposed_gated_risk_ppo_s2/config.json,/home/aaa/data/qj/stable-baselines3-master/risk_curriculum_metadrive/outputs/gated_risk_proposed_nenv16_seed2_1m/runs/proposed_gated_risk_ppo_s2/model/final_model.zip
gated_risk,refinement,proposed_gated_risk,ppo,2,0.08,10000,10010,10,1.0,0.0,0.9918872717926996,0.0,0.0,0.0,0.0,1168.0,464.0155391666538,210.81425324961748,17.57071912591783,18.36608255176791,17.138844552591053,0.0008561643835616438,0.0,991887.2717926997,569.5886099711939,43.62603115084485,3.7280981559757453,0.0032675159488742686,0.016129032258064516,940.0,19.0,4.0,917.0,80.47945205479452,1650.3138994432122,1.754529256985522,0.9648904961068183,5.138196542247892,7.827271633286721,11.707844977972355,22.29148799815448,13.462374234957878,24.498921003396386,1.754529256985522,5.138196542247892,/home/aaa/data/qj/stable-baselines3-master/risk_curriculum_metadrive/outputs/gated_risk_proposed_nenv16_seed2_1m/runs/proposed_gated_risk_ppo_s2/config.json,/home/aaa/data/qj/stable-baselines3-master/risk_curriculum_metadrive/outputs/gated_risk_proposed_nenv16_seed2_1m/runs/proposed_gated_risk_ppo_s2/model/final_model.zip
gated_risk,refinement,proposed_gated_risk,ppo,2,0.08,10000,10011,11,1.0,0.0,0.9923328827600979,0.0,0.0,0.0,0.0,1228.0,481.38659261454603,234.0264419147352,17.43987080209995,18.35932702775997,13.227368541702713,0.0,0.0,992332.882760098,594.275326557326,35.98247220556046,7.606333512792923,0.0019131039251254472,0.0,947.0,36.0,0.0,911.0,77.1172638436482,1593.5374693848219,1.6421106971890578,0.9422674993402325,5.049551948468434,7.125773682928413,8.424013388478341,16.96628219942792,10.066124085667399,19.488436691608506,1.6421106971890578,5.049551948468434,/home/aaa/data/qj/stable-baselines3-master/risk_curriculum_metadrive/outputs/gated_risk_proposed_nenv16_seed2_1m/runs/proposed_gated_risk_ppo_s2/config.json,/home/aaa/data/qj/stable-baselines3-master/risk_curriculum_metadrive/outputs/gated_risk_proposed_nenv16_seed2_1m/runs/proposed_gated_risk_ppo_s2/model/final_model.zip
gated_risk,refinement,proposed_gated_risk,ppo,2,0.08,10000,10012,12,1.0,0.0,0.9894765717259839,0.0,0.0,0.0,0.0,897.0,377.520894547845,212.28350205481058,17.568857438800592,18.406079027984187,17.88567633178913,0.016722408026755852,0.0,989476.571725984,437.280150724632,6.631573770031581,3.330452604440515,0.010473518285891563,0.3333333333333333,751.0,9.0,12.0,730.0,83.72352285395763,1717.4344610783087,1.518801096063019,0.9835550008574501,4.508499390794896,5.981292719952762,4.809295951965402,8.883487607818095,6.328097048028421,11.561255410197186,1.518801096063019,4.508499390794896,/home/aaa/data/qj/stable-baselines3-master/risk_curriculum_metadrive/outputs/gated_risk_proposed_nenv16_seed2_1m/runs/proposed_gated_risk_ppo_s2/config.json,/home/aaa/data/qj/stable-baselines3-master/risk_curriculum_metadrive/outputs/gated_risk_proposed_nenv16_seed2_1m/runs/proposed_gated_risk_ppo_s2/model/final_model.zip
gated_risk,refinement,proposed_gated_risk,ppo,2,0.08,10000,10013,13,1.0,0.0,0.9921631841377545,0.0,0.0,0.0,0.0,1079.0,454.95003053213543,244.08300631668587,17.911129137901952,18.425763804575638,17.920575193833038,0.0074142724745134385,0.0,992163.1841377546,536.3648256202888,17.460907862325346,4.332148324942525,0.005863747791597654,0.044444444444444446,915.0,4.0,11.0,900.0,84.80074142724744,1705.9284209061095,1.4547023597342568,0.8907260053092614,5.010293000668752,7.600035400246273,6.083312351898566,15.056358005676882,7.538014711632822,17.392875404038893,1.4547023597342568,5.010293000668752,/home/aaa/data/qj/stable-baselines3-master/risk_curriculum_metadrive/outputs/gated_risk_proposed_nenv16_seed2_1m/runs/proposed_gated_risk_ppo_s2/config.json,/home/aaa/data/qj/stable-baselines3-master/risk_curriculum_metadrive/outputs/gated_risk_proposed_nenv16_seed2_1m/runs/proposed_gated_risk_ppo_s2/model/final_model.zip
gated_risk,refinement,proposed_gated_risk,ppo,2,0.08,10000,10014,14,0.0,0.0,0.9284023499925125,0.0,0.0,0.0,0.0,1500.0,641.1783655674292,286.6722423764553,18.2911618007003,18.453128730053802,17.965707469191415,0.0,0.0,928402.3499925125,761.6940740525283,44.94608164703092,6.750695207588285,0.00047572128456268214,0.0,1305.0,2.0,1.0,1302.0,87.0,1713.2862712937476,1.6147248887573369,0.9394990047439933,5.028006040811306,7.903503174165962,10.64898008411789,19.311698351521045,12.263704972875226,21.273773501161486,1.6147248887573369,5.028006040811306,/home/aaa/data/qj/stable-baselines3-master/risk_curriculum_metadrive/outputs/gated_risk_proposed_nenv16_seed2_1m/runs/proposed_gated_risk_ppo_s2/config.json,/home/aaa/data/qj/stable-baselines3-master/risk_curriculum_metadrive/outputs/gated_risk_proposed_nenv16_seed2_1m/runs/proposed_gated_risk_ppo_s2/model/final_model.zip
gated_risk,refinement,proposed_gated_risk,ppo,2,0.08,10000,10015,15,0.0,0.0,0.9656895158825781,0.0,0.0,0.0,0.0,1500.0,571.2049403040239,234.78059414062616,16.51744536953806,18.303855062416794,8.806273536818532,0.0,0.0,965689.5158825782,687.4421142200249,25.296162038212387,8.420337043495218,0.002655359714310719,0.0,1103.0,59.0,0.0,1044.0,73.53333333333333,1604.4987311425764,1.6889127747854218,0.9411080027348362,5.114161141682416,6.774582826328696,8.734486365613217,15.71675776140182,10.423399140398638,17.997901091439417,1.6889127747854218,5.114161141682416,/home/aaa/data/qj/stable-baselines3-master/risk_curriculum_metadrive/outputs/gated_risk_proposed_nenv16_seed2_1m/runs/proposed_gated_risk_ppo_s2/config.json,/home/aaa/data/qj/stable-baselines3-master/risk_curriculum_metadrive/outputs/gated_risk_proposed_nenv16_seed2_1m/runs/proposed_gated_risk_ppo_s2/model/final_model.zip
gated_risk,refinement,proposed_gated_risk,ppo,2,0.08,10000,10016,16,1.0,0.0,0.990712733338665,0.0,0.0,0.0,0.0,1012.0,403.92583356499347,186.68959889647056,17.401306242090925,18.34528929536642,15.579843821045046,0.017786561264822136,0.0,990712.7333386651,488.6739200635412,19.738252992485364,0.07699917394945054,0.019315186685729676,0.21904761904761905,814.0,11.0,23.0,780.0,80.43478260869566,1665.7324374792856,1.1021667758706661,0.8133024966809899,3.0313817500427813,7.881830170954329,3.747977261996797,9.770788155583432,4.850144037867463,11.592167754133694,1.1021667758706661,3.0313817500427813,/home/aaa/data/qj/stable-baselines3-master/risk_curriculum_metadrive/outputs/gated_risk_proposed_nenv16_seed2_1m/runs/proposed_gated_risk_ppo_s2/config.json,/home/aaa/data/qj/stable-baselines3-master/risk_curriculum_metadrive/outputs/gated_risk_proposed_nenv16_seed2_1m/runs/proposed_gated_risk_ppo_s2/model/final_model.zip
gated_risk,refinement,proposed_gated_risk,ppo,2,0.08,10000,10017,17,0.0,0.0,0.9728536998383185,0.0,0.0,0.0,0.0,1500.0,602.7566602082893,229.31410591788418,18.365213682716735,18.45894603660898,17.97719538092508,0.0,0.0,972853.6998383185,764.7955273157955,146.41787354046355,17.537525113747073,0.0,0.0,1319.0,0.0,0.0,1319.0,87.93333333333334,1724.6439772331005,1.3740690335301526,0.9396265086252242,4.86882375262212,6.01033330327482,10.648931226198329,21.99301110522356,12.023000259728482,24.85186034828075,1.3740690335301526,4.86882375262212,/home/aaa/data/qj/stable-baselines3-master/risk_curriculum_metadrive/outputs/gated_risk_proposed_nenv16_seed2_1m/runs/proposed_gated_risk_ppo_s2/config.json,/home/aaa/data/qj/stable-baselines3-master/risk_curriculum_metadrive/outputs/gated_risk_proposed_nenv16_seed2_1m/runs/proposed_gated_risk_ppo_s2/model/final_model.zip
gated_risk,refinement,proposed_gated_risk,ppo,2,0.08,10000,10018,18,1.0,0.0,0.9916635057210635,0.0,0.0,0.0,0.0,861.0,358.07631787658875,212.08493985963406,17.795737748139235,18.3898860424276,16.095899914283194,0.0,0.0,991663.5057210636,425.0816203826691,20.801958328907734,11.01547379532208,0.0007648822979697366,0.0,685.0,17.0,0.0,668.0,79.55865272938443,1611.4552291942096,1.2397965296043427,0.9052849927684292,4.0285860013682395,6.4397042006021366,5.2777498234724565,10.205116006545722,6.517546353076799,12.221864992170595,1.2397965296043427,4.0285860013682395,/home/aaa/data/qj/stable-baselines3-master/risk_curriculum_metadrive/outputs/gated_risk_proposed_nenv16_seed2_1m/runs/proposed_gated_risk_ppo_s2/config.json,/home/aaa/data/qj/stable-baselines3-master/risk_curriculum_metadrive/outputs/gated_risk_proposed_nenv16_seed2_1m/runs/proposed_gated_risk_ppo_s2/model/final_model.zip
gated_risk,refinement,proposed_gated_risk,ppo,2,0.08,10000,10019,19,1.0,0.0,0.9928502257165476,0.0,0.0,0.0,0.0,1366.0,593.8526934293109,326.77048781670294,17.947071343990576,18.423505449891305,17.895262857010312,0.0,0.0,992850.2257165476,680.4445554585783,26.38206625915857,10.949705230816976,0.0004224024936931409,0.0,1134.0,18.0,0.0,1116.0,83.01610541727672,1666.557533458039,1.6335235958547185,0.9741649992065504,5.0177047414763365,7.676367204112461,10.61593855272559,24.5264315053646,12.249462148580307,26.562988485238748,1.6335235958547185,5.0177047414763365,/home/aaa/data/qj/stable-baselines3-master/risk_curriculum_metadrive/outputs/gated_risk_proposed_nenv16_seed2_1m/runs/proposed_gated_risk_ppo_s2/config.json,/home/aaa/data/qj/stable-baselines3-master/risk_curriculum_metadrive/outputs/gated_risk_proposed_nenv16_seed2_1m/runs/proposed_gated_risk_ppo_s2/model/final_model.zip
gated_risk,refinement,proposed_gated_risk,ppo,2,0.08,20000,20000,0,1.0,0.0,0.9866520269531833,0.0,0.0,0.0,0.0,700.0,300.30321384529316,197.44623701876355,17.86153158938835,18.377876813642906,16.615041458008346,0.0,0.0,986652.0269531833,346.8038545114299,18.63528956074371,11.315587773143601,0.0005767817375452633,0.0,555.0,13.0,0.0,542.0,79.28571428571428,1600.3282339000311,1.353817240285155,0.9191604985971935,4.706728488235961,6.25621395272901,3.9980097866958073,8.068889148853483,5.3518270269809625,10.905757790169446,1.353817240285155,4.706728488235961,/home/aaa/data/qj/stable-baselines3-master/risk_curriculum_metadrive/outputs/gated_risk_proposed_nenv16_seed2_1m/runs/proposed_gated_risk_ppo_s2/config.json,/home/aaa/data/qj/stable-baselines3-master/risk_curriculum_metadrive/outputs/gated_risk_proposed_nenv16_seed2_1m/runs/proposed_gated_risk_ppo_s2/model/final_model.zip
gated_risk,refinement,proposed_gated_risk,ppo,2,0.08,20000,20001,1,1.0,0.0,0.9901299630372753,0.0,0.0,0.0,0.0,1029.0,437.88324966515864,235.2582912158642,18.05015456518305,18.386763352276045,17.90698841418809,0.0,0.0,990129.9630372754,515.4818196433156,5.636481285050554,3.283293077465564,0.0030920887827742697,0.6666666666666666,851.0,1.0,5.0,845.0,82.70165208940719,1650.8826646667073,1.2295523012425538,0.9436290129087865,3.6853491939837006,5.326670796494001,3.434654838792243,7.70914280146826,4.664207140034796,10.031145604443736,1.2295523012425538,3.6853491939837006,/home/aaa/data/qj/stable-baselines3-master/risk_curriculum_metadrive/outputs/gated_risk_proposed_nenv16_seed2_1m/runs/proposed_gated_risk_ppo_s2/config.json,/home/aaa/data/qj/stable-baselines3-master/risk_curriculum_metadrive/outputs/gated_risk_proposed_nenv16_seed2_1m/runs/proposed_gated_risk_ppo_s2/model/final_model.zip
gated_risk,refinement,proposed_gated_risk,ppo,2,0.08,20000,20002,2,1.0,0.0,0.9886661496437965,0.0,0.0,0.0,0.0,975.0,421.3536008126563,247.52360523581103,18.251990070037074,18.469068910437624,17.956689229929342,0.0,0.0,988666.1496437966,493.8824876167597,43.50839266407646,8.832156038257818,0.00045235332321101146,0.0,844.0,3.0,0.0,841.0,86.56410256410257,1708.9085382896237,1.4693235706848402,1.0412860137876123,4.304893701919353,6.495815499511076,5.167853078992966,10.3575064058532,6.637176649677806,12.776705094438512,1.4693235706848402,4.304893701919353,/home/aaa/data/qj/stable-baselines3-master/risk_curriculum_metadrive/outputs/gated_risk_proposed_nenv16_seed2_1m/runs/proposed_gated_risk_ppo_s2/config.json,/home/aaa/data/qj/stable-baselines3-master/risk_curriculum_metadrive/outputs/gated_risk_proposed_nenv16_seed2_1m/runs/proposed_gated_risk_ppo_s2/model/final_model.zip
gated_risk,refinement,proposed_gated_risk,ppo,2,0.08,20000,20003,3,1.0,0.0,0.9929661183047902,0.0,0.0,0.0,0.0,1338.0,537.7930516959054,248.25607277839828,18.217315013834376,18.42941631946801,17.955677498441865,0.0,0.0,992966.1183047902,676.6488673320974,45.224151212230666,6.7995932610577015,0.0005799838541281344,0.0,1153.0,4.0,1.0,1148.0,86.17339312406577,1703.985709081385,1.5613017684888995,0.9881119985948317,5.0809792992367875,6.250290995812975,7.608020943142293,14.614665208500737,9.169322711631192,16.672363406541976,1.5613017684888995,5.0809792992367875,/home/aaa/data/qj/stable-baselines3-master/risk_curriculum_metadrive/outputs/gated_risk_proposed_nenv16_seed2_1m/runs/proposed_gated_risk_ppo_s2/config.json,/home/aaa/data/qj/stable-baselines3-master/risk_curriculum_metadrive/outputs/gated_risk_proposed_nenv16_seed2_1m/runs/proposed_gated_risk_ppo_s2/model/final_model.zip
gated_risk,refinement,proposed_gated_risk,ppo,2,0.08,20000,20004,4,1.0,0.0,0.9906205376313901,0.0,0.0,0.0,0.0,995.0,416.4751434503135,233.8342754331334,18.128265269169702,18.41620688529751,17.935297546753638,0.0,0.0,990620.5376313902,500.6171702823243,43.90784329604616,10.498152689992724,0.00026368236386045576,0.0,849.0,5.0,0.0,844.0,85.32663316582915,1695.9066735989186,1.4681905707965686,0.9946819918695837,4.991502303164452,6.191743488307104,3.685261580733882,8.120101303211412,5.15345215153045,10.629891595453952,1.4681905707965686,4.991502303164452,/home/aaa/data/qj/stable-baselines3-master/risk_curriculum_metadrive/outputs/gated_risk_proposed_nenv16_seed2_1m/runs/proposed_gated_risk_ppo_s2/config.json,/home/aaa/data/qj/stable-baselines3-master/risk_curriculum_metadrive/outputs/gated_risk_proposed_nenv16_seed2_1m/runs/proposed_gated_risk_ppo_s2/model/final_model.zip
gated_risk,refinement,proposed_gated_risk,ppo,2,0.08,20000,20005,5,1.0,0.0,0.9928715962800021,0.0,0.0,0.0,0.0,1136.0,459.6259675736965,225.6868821507385,18.287125494993457,18.425906873701848,17.962037656043705,0.0008802816901408451,0.0,992871.5962800022,576.6465111203222,48.644422361635236,9.658817525270281,0.00017174167214860025,0.0,985.0,1.0,0.0,984.0,86.70774647887323,1708.1521885675147,1.4524037187328132,0.9634789967094548,4.967485248926096,7.804287946055463,5.459207913805637,12.613487004273338,6.91161163253845,14.607841254473897,1.4524037187328132,4.967485248926096,/home/aaa/data/qj/stable-baselines3-master/risk_curriculum_metadrive/outputs/gated_risk_proposed_nenv16_seed2_1m/runs/proposed_gated_risk_ppo_s2/config.json,/home/aaa/data/qj/stable-baselines3-master/risk_curriculum_metadrive/outputs/gated_risk_proposed_nenv16_seed2_1m/runs/proposed_gated_risk_ppo_s2/model/final_model.zip
gated_risk,refinement,proposed_gated_risk,ppo,2,0.08,20000,20006,6,1.0,0.0,0.9918775024373884,0.0,0.0,0.0,0.0,1135.0,503.5347979050891,296.21385461048055,18.282968136719635,18.41934318862499,17.966345808692132,0.000881057268722467,0.0,991877.5024373884,575.990344147326,51.34559907309827,41.34790346330388,0.0,0.0,981.0,0.0,0.0,981.0,86.43171806167402,1703.1535510412675,1.1596507095246646,0.9559940081089735,2.566969505278392,5.016244480211756,3.1492109972925135,7.170042897632811,4.308861706817178,9.085559894447215,1.1596507095246646,2.566969505278392,/home/aaa/data/qj/stable-baselines3-master/risk_curriculum_metadrive/outputs/gated_risk_proposed_nenv16_seed2_1m/runs/proposed_gated_risk_ppo_s2/config.json,/home/aaa/data/qj/stable-baselines3-master/risk_curriculum_metadrive/outputs/gated_risk_proposed_nenv16_seed2_1m/runs/proposed_gated_risk_ppo_s2/model/final_model.zip
gated_risk,refinement,proposed_gated_risk,ppo,2,0.08,20000,20007,7,1.0,0.0,0.9894010825466439,0.0,0.0,0.0,0.0,861.0,366.5401360198075,213.1416335368236,18.272606442728435,18.45018628552865,17.95085234830502,0.0,0.0,989401.082546644,436.574292881912,26.080997725008025,10.178761713663874,0.00019429392886040022,0.0,739.0,2.0,0.0,737.0,85.83042973286877,1692.7244962632062,1.2455668584532866,0.9364669967908412,1.577281000209041,5.163137003546579,3.4835813761912946,6.576635001692921,4.7291482346445814,8.530969003913924,1.2455668584532866,1.577281000209041,/home/aaa/data/qj/stable-baselines3-master/risk_curriculum_metadrive/outputs/gated_risk_proposed_nenv16_seed2_1m/runs/proposed_gated_risk_ppo_s2/config.json,/home/aaa/data/qj/stable-baselines3-master/risk_curriculum_metadrive/outputs/gated_risk_proposed_nenv16_seed2_1m/runs/proposed_gated_risk_ppo_s2/model/final_model.zip
gated_risk,refinement,proposed_gated_risk,ppo,2,0.08,20000,20008,8,0.0,1.0,0.36316294365511415,1.0,1.0,0.0,0.0,472.0,186.23076362921557,-31.69637314849173,18.030545251916873,18.428864999872154,17.93134038570985,0.0,0.0,0.36316294365511415,236.11211702793887,2.392504902252672,2.392504902252672,0.0016962385412689492,1.0,397.0,0.0,1.0,396.0,84.11016949152543,1681.4046013276968,1.3498914067587082,0.9350120089948177,4.82506949774688,6.890468374622291,6.25495190920986,12.189350603875937,7.604843315968568,14.064746254734928,1.3498914067587082,4.82506949774688,/home/aaa/data/qj/stable-baselines3-master/risk_curriculum_metadrive/outputs/gated_risk_proposed_nenv16_seed2_1m/runs/proposed_gated_risk_ppo_s2/config.json,/home/aaa/data/qj/stable-baselines3-master/risk_curriculum_metadrive/outputs/gated_risk_proposed_nenv16_seed2_1m/runs/proposed_gated_risk_ppo_s2/model/final_model.zip
gated_risk,refinement,proposed_gated_risk,ppo,2,0.08,20000,20009,9,1.0,0.0,0.9887417752008987,0.0,0.0,0.0,0.0,812.0,344.34797469114204,200.22647434641016,17.74801603699018,18.411069435469095,17.903789276318182,0.01600985221674877,0.0,988741.7752008988,399.84178187836864,6.113154927763121,2.2774230270988696,0.013766062761538765,0.75,684.0,0.0,15.0,669.0,84.23645320197043,1710.6766501157497,1.3379516996362413,0.9730810052133165,4.265941504127111,6.090889211773174,5.510041484301147,10.160302298027087,6.847993183937389,12.250397197931306,1.3379516996362413,4.265941504127111,/home/aaa/data/qj/stable-baselines3-master/risk_curriculum_metadrive/outputs/gated_risk_proposed_nenv16_seed2_1m/runs/proposed_gated_risk_ppo_s2/config.json,/home/aaa/data/qj/stable-baselines3-master/risk_curriculum_metadrive/outputs/gated_risk_proposed_nenv16_seed2_1m/runs/proposed_gated_risk_ppo_s2/model/final_model.zip
gated_risk,refinement,proposed_gated_risk,ppo,2,0.08,20000,20010,10,1.0,0.0,0.9890462503258745,0.0,0.0,0.0,0.0,878.0,384.7987605861082,241.31690101595643,18.268444866621056,18.435709833284616,17.961268615989077,0.0,0.0,989046.2503258745,445.11648907063636,76.55336730362166,13.54368490950523,0.0,0.0,762.0,0.0,0.0,762.0,86.78815489749431,1711.9114180447195,1.159329560696299,0.8863950060913339,4.053160147304878,5.125746656412958,2.6666844784392727,7.02165023976704,3.826014039135572,8.47402064682683,1.159329560696299,4.053160147304878,/home/aaa/data/qj/stable-baselines3-master/risk_curriculum_metadrive/outputs/gated_risk_proposed_nenv16_seed2_1m/runs/proposed_gated_risk_ppo_s2/config.json,/home/aaa/data/qj/stable-baselines3-master/risk_curriculum_metadrive/outputs/gated_risk_proposed_nenv16_seed2_1m/runs/proposed_gated_risk_ppo_s2/model/final_model.zip
gated_risk,refinement,proposed_gated_risk,ppo,2,0.08,20000,20011,11,1.0,0.0,0.9919787261490624,0.0,0.0,0.0,0.0,1099.0,436.3253916934232,200.38633222492217,17.982527000632373,18.4279436149255,17.924614371748365,0.009099181073703366,0.0,991978.7261490624,548.5036440378975,3.303929556284901,2.66457796225394,0.007912711959704367,1.0,942.0,0.0,12.0,930.0,85.71428571428571,1717.3997114500753,1.3509903219396087,0.9653369925217703,4.628379295172632,5.950499039608984,7.198767964194297,14.687921390577682,8.549758286133907,16.285147810413033,1.3509903219396087,4.628379295172632,/home/aaa/data/qj/stable-baselines3-master/risk_curriculum_metadrive/outputs/gated_risk_proposed_nenv16_seed2_1m/runs/proposed_gated_risk_ppo_s2/config.json,/home/aaa/data/qj/stable-baselines3-master/risk_curriculum_metadrive/outputs/gated_risk_proposed_nenv16_seed2_1m/runs/proposed_gated_risk_ppo_s2/model/final_model.zip
gated_risk,refinement,proposed_gated_risk,ppo,2,0.08,20000,20012,12,1.0,0.0,0.9918102701079378,0.0,0.0,0.0,0.0,1021.0,449.4345570322781,268.17061333026277,18.299184635887077,18.42795386621104,17.97330344296517,0.0,0.0,991810.2701079379,518.5534554720698,,,0.0,0.0,888.0,0.0,0.0,888.0,86.97355533790402,1712.456046005134,1.2244434184798412,0.9172809950541705,4.0746400045463815,5.824108203523791,3.748579071624885,8.835009997710586,4.973022490104726,11.364604011760093,1.2244434184798412,4.0746400045463815,/home/aaa/data/qj/stable-baselines3-master/risk_curriculum_metadrive/outputs/gated_risk_proposed_nenv16_seed2_1m/runs/proposed_gated_risk_ppo_s2/config.json,/home/aaa/data/qj/stable-baselines3-master/risk_curriculum_metadrive/outputs/gated_risk_proposed_nenv16_seed2_1m/runs/proposed_gated_risk_ppo_s2/model/final_model.zip
gated_risk,refinement,proposed_gated_risk,ppo,2,0.08,20000,20013,13,1.0,0.0,0.9934755559802599,0.0,0.0,0.0,0.0,1354.0,606.817935681347,344.92735122796057,17.847151311810755,18.3674592428791,17.881375509786864,0.0007385524372230429,0.0,993475.55598026,670.786203981978,18.51905662003382,8.515068125075473,0.001247793638691608,0.0,1096.0,20.0,0.0,1076.0,80.94534711964549,1633.9036096655414,1.2690388927319771,0.9480394946876913,4.466438045346873,5.365554499148857,7.187420454210629,16.224349303229246,8.456459346942605,18.19806709536351,1.2690388927319771,4.466438045346873,/home/aaa/data/qj/stable-baselines3-master/risk_curriculum_metadrive/outputs/gated_risk_proposed_nenv16_seed2_1m/runs/proposed_gated_risk_ppo_s2/config.json,/home/aaa/data/qj/stable-baselines3-master/risk_curriculum_metadrive/outputs/gated_risk_proposed_nenv16_seed2_1m/runs/proposed_gated_risk_ppo_s2/model/final_model.zip
gated_risk,refinement,proposed_gated_risk,ppo,2,0.08,20000,20014,14,1.0,0.0,0.9915190269463107,0.0,0.0,0.0,0.0,1064.0,455.96650920831445,255.45902837853214,18.277171825548894,18.42433334271735,17.96680729463979,0.0009398496240601503,0.0,991519.0269463108,539.7731386790156,33.23598146298849,12.509736426067034,0.0,0.0,922.0,0.0,0.0,922.0,86.65413533834587,1708.1250138834373,1.172136543867335,0.9511685057077557,2.536217097804177,5.053357823198885,4.038935246315209,9.36352215649094,5.211071790182544,11.783199744240843,1.172136543867335,2.536217097804177,/home/aaa/data/qj/stable-baselines3-master/risk_curriculum_metadrive/outputs/gated_risk_proposed_nenv16_seed2_1m/runs/proposed_gated_risk_ppo_s2/config.json,/home/aaa/data/qj/stable-baselines3-master/risk_curriculum_metadrive/outputs/gated_risk_proposed_nenv16_seed2_1m/runs/proposed_gated_risk_ppo_s2/model/final_model.zip
gated_risk,refinement,proposed_gated_risk,ppo,2,0.08,20000,20015,15,1.0,0.0,0.992699850707729,0.0,0.0,0.0,0.0,1156.0,525.304365426955,310.5566669455483,18.338153025285813,18.45536380116404,17.976712418808475,0.0,0.0,992699.8507077291,588.4229496866478,3643.6299064284303,3643.6299064284303,0.0,0.0,1009.0,0.0,0.0,1009.0,87.28373702422145,1714.7529689950425,1.1039390960564452,0.8966710083768703,2.1401330013759434,5.076703948725484,3.521351191162548,8.278822748252423,4.625290287218993,11.08430825479445,1.1039390960564452,2.1401330013759434,/home/aaa/data/qj/stable-baselines3-master/risk_curriculum_metadrive/outputs/gated_risk_proposed_nenv16_seed2_1m/runs/proposed_gated_risk_ppo_s2/config.json,/home/aaa/data/qj/stable-baselines3-master/risk_curriculum_metadrive/outputs/gated_risk_proposed_nenv16_seed2_1m/runs/proposed_gated_risk_ppo_s2/model/final_model.zip
gated_risk,refinement,proposed_gated_risk,ppo,2,0.08,20000,20016,16,1.0,0.0,0.993468209255533,0.0,0.0,0.0,0.0,1400.0,551.9165194309526,235.02444606639548,18.358970927174717,18.459832646745042,17.978492576821925,0.0,0.0,993468.2092555331,713.5313199161633,,,0.0,0.0,1230.0,0.0,0.0,1230.0,87.85714285714286,1723.8206167943958,1.1829001250277673,0.913394003873691,3.8859258544107425,5.241879371460526,5.0789220479366906,12.544190161133884,6.261822172964457,14.35042585071642,1.1829001250277673,3.8859258544107425,/home/aaa/data/qj/stable-baselines3-master/risk_curriculum_metadrive/outputs/gated_risk_proposed_nenv16_seed2_1m/runs/proposed_gated_risk_ppo_s2/config.json,/home/aaa/data/qj/stable-baselines3-master/risk_curriculum_metadrive/outputs/gated_risk_proposed_nenv16_seed2_1m/runs/proposed_gated_risk_ppo_s2/model/final_model.zip
gated_risk,refinement,proposed_gated_risk,ppo,2,0.08,20000,20017,17,0.0,1.0,0.7727004316352889,1.0,1.0,0.0,0.0,960.0,422.30786024703474,101.91050150681363,18.012467624534544,18.42322009320097,17.909345644486805,0.0,0.0,0.7727004316352889,479.87919958648916,149.96082621404364,0.5312272070915962,0.0019565247145977888,0.009174311926605505,789.0,13.0,0.0,776.0,82.1875,1644.1637826350454,1.300508769888135,0.9368890023324639,4.176219149667303,5.765018280217184,5.910181167701012,12.23116349938209,7.210689937589147,14.081232948228717,1.300508769888135,4.176219149667303,/home/aaa/data/qj/stable-baselines3-master/risk_curriculum_metadrive/outputs/gated_risk_proposed_nenv16_seed2_1m/runs/proposed_gated_risk_ppo_s2/config.json,/home/aaa/data/qj/stable-baselines3-master/risk_curriculum_metadrive/outputs/gated_risk_proposed_nenv16_seed2_1m/runs/proposed_gated_risk_ppo_s2/model/final_model.zip
gated_risk,refinement,proposed_gated_risk,ppo,2,0.08,20000,20018,18,0.0,0.0,0.9778614199924048,0.0,0.0,0.0,0.0,1500.0,613.7381821805685,247.58760064543895,18.344638005047212,18.444201768276084,17.971582206342426,0.0,0.0,977861.4199924049,763.934926208511,,,0.0,0.0,1314.0,0.0,0.0,1314.0,87.6,1720.0417927237854,1.4041111049979615,0.8996699980343692,4.802310808736365,6.5324123601021675,8.782268647055995,20.694860101502854,10.186379752053957,22.019923055631807,1.4041111049979615,4.802310808736365,/home/aaa/data/qj/stable-baselines3-master/risk_curriculum_metadrive/outputs/gated_risk_proposed_nenv16_seed2_1m/runs/proposed_gated_risk_ppo_s2/config.json,/home/aaa/data/qj/stable-baselines3-master/risk_curriculum_metadrive/outputs/gated_risk_proposed_nenv16_seed2_1m/runs/proposed_gated_risk_ppo_s2/model/final_model.zip
gated_risk,refinement,proposed_gated_risk,ppo,2,0.08,20000,20019,19,1.0,0.0,0.9907628727506761,0.0,0.0,0.0,0.0,1097.0,461.72758702765685,248.85538635899132,18.291253528310772,18.429372716087446,17.9688596391098,0.0009115770282588879,0.0,990762.8727506761,556.9541656856504,,,0.0,0.0,953.0,0.0,0.0,953.0,86.87329079307202,1711.0923280855416,0.9820704417390861,0.9111429972108454,1.3977185997646306,2.3948018421651756,4.439063386477674,7.288721000077203,5.421133828216759,8.331172814359888,0.9820704417390861,1.3977185997646306,/home/aaa/data/qj/stable-baselines3-master/risk_curriculum_metadrive/outputs/gated_risk_proposed_nenv16_seed2_1m/runs/proposed_gated_risk_ppo_s2/config.json,/home/aaa/data/qj/stable-baselines3-master/risk_curriculum_metadrive/outputs/gated_risk_proposed_nenv16_seed2_1m/runs/proposed_gated_risk_ppo_s2/model/final_model.zip
gated_risk,refinement,proposed_gated_risk,ppo,2,0.2,10000,10000,0,0.0,1.0,0.45674177075096783,1.0,1.0,0.0,0.0,555.0,179.74468611131945,-82.46710332403697,15.544393265073852,18.2133128893936,5.6970499566392,0.07027027027027027,0.0,0.45674177075096783,239.0755118676061,18.91881452515051,0.05749465318066552,0.07144005556293835,0.3359375,397.0,11.0,44.0,342.0,71.53153153153153,1660.5632124290858,1.0508396968230824,0.9186599927488714,1.7864023961010387,4.269852162688044,15.81806804455695,28.318124898942187,16.868907741380035,29.67496659839522,1.0508396968230824,1.7864023961010387,/home/aaa/data/qj/stable-baselines3-master/risk_curriculum_metadrive/outputs/gated_risk_proposed_nenv16_seed2_1m/runs/proposed_gated_risk_ppo_s2/config.json,/home/aaa/data/qj/stable-baselines3-master/risk_curriculum_metadrive/outputs/gated_risk_proposed_nenv16_seed2_1m/runs/proposed_gated_risk_ppo_s2/model/final_model.zip
gated_risk,refinement,proposed_gated_risk,ppo,2,0.2,10000,10001,1,1.0,0.0,0.9908962740541021,0.0,0.0,0.0,0.0,1109.0,424.94078660494114,198.7902777596646,16.55952557663247,18.33408516155911,9.089056925784654,0.05320108205590622,0.0,990896.2740541021,509.45086217068047,25.47557476468179,0.06137445537337773,0.037903621616779834,0.10335917312661498,867.0,29.0,53.0,785.0,78.1785392245266,1701.8324324859625,1.1124161125191825,0.88576901180204,2.8450860059820116,5.052447195630521,10.550878787164137,21.845609793672338,11.66329489968332,23.870246589649465,1.1124161125191825,2.8450860059820116,/home/aaa/data/qj/stable-baselines3-master/risk_curriculum_metadrive/outputs/gated_risk_proposed_nenv16_seed2_1m/runs/proposed_gated_risk_ppo_s2/config.json,/home/aaa/data/qj/stable-baselines3-master/risk_curriculum_metadrive/outputs/gated_risk_proposed_nenv16_seed2_1m/runs/proposed_gated_risk_ppo_s2/model/final_model.zip
gated_risk,refinement,proposed_gated_risk,ppo,2,0.2,10000,10002,2,0.0,1.0,0.5482141329807808,1.0,1.0,0.0,0.0,1277.0,250.0288777725226,-109.08359037289156,8.64719852593056,7.471440447527136,0.9492599497040864,0.10258418167580266,0.0,0.5482141329807808,304.14769889149744,41.561413551198946,1.6033366508888052,0.026237244927955695,0.0035650623885918,406.0,214.0,10.0,182.0,31.79326546593579,1334.8777632700014,1.1152315405264903,0.8728310058359057,3.0055862036533667,5.006936395075172,28.158242411210626,63.2291935995454,29.273473951737117,64.8825849959394,1.1152315405264903,3.0055862036533667,/home/aaa/data/qj/stable-baselines3-master/risk_curriculum_metadrive/outputs/gated_risk_proposed_nenv16_seed2_1m/runs/proposed_gated_risk_ppo_s2/config.json,/home/aaa/data/qj/stable-baselines3-master/risk_curriculum_metadrive/outputs/gated_risk_proposed_nenv16_seed2_1m/runs/proposed_gated_risk_ppo_s2/model/final_model.zip
gated_risk,refinement,proposed_gated_risk,ppo,2,0.2,10000,10003,3,1.0,0.0,0.9895203000659537,0.0,0.0,0.0,0.0,1153.0,407.98606059609966,209.18394288840076,14.566189853302374,17.944339609329703,7.853811324071357,0.0,0.0,989520.3000659538,465.5351189489143,53.21329961453354,4.3082197214832485,0.009721687737272838,0.0018587360594795538,639.0,97.0,1.0,541.0,55.42064180398959,1372.6139532560612,1.2089506627219193,0.8944170112954453,4.021035198820747,5.218804680625909,9.968000481368918,22.852232004515816,11.176951144090838,25.32343200582545,1.2089506627219193,4.021035198820747,/home/aaa/data/qj/stable-baselines3-master/risk_curriculum_metadrive/outputs/gated_risk_proposed_nenv16_seed2_1m/runs/proposed_gated_risk_ppo_s2/config.json,/home/aaa/data/qj/stable-baselines3-master/risk_curriculum_metadrive/outputs/gated_risk_proposed_nenv16_seed2_1m/runs/proposed_gated_risk_ppo_s2/model/final_model.zip
gated_risk,refinement,proposed_gated_risk,ppo,2,0.2,10000,10004,4,0.0,0.0,0.6520004957346923,0.0,0.0,0.0,0.0,1500.0,306.2719800321794,-17.044274392835003,8.836177695479249,8.61263693879669,0.5133157297672816,0.18,0.0,652000.4957346923,365.3903197096112,118.3538985233644,2.0012198708709645,0.020896511280991195,0.0016778523489932886,448.0,186.0,7.0,255.0,29.86666666666667,1226.0861217014224,1.0144054533545084,0.9046714985743165,1.5056951982842293,3.563064440531889,17.202016510476824,25.47986034551286,18.216421963831333,26.943573255266518,1.0144054533545084,1.5056951982842293,/home/aaa/data/qj/stable-baselines3-master/risk_curriculum_metadrive/outputs/gated_risk_proposed_nenv16_seed2_1m/runs/proposed_gated_risk_ppo_s2/config.json,/home/aaa/data/qj/stable-baselines3-master/risk_curriculum_metadrive/outputs/gated_risk_proposed_nenv16_seed2_1m/runs/proposed_gated_risk_ppo_s2/model/final_model.zip
gated_risk,refinement,proposed_gated_risk,ppo,2,0.2,10000,10005,5,1.0,0.0,0.9909389773365365,0.0,0.0,0.0,0.0,1123.0,405.24152676371426,174.61834001149748,15.725554234917777,18.172527379269315,8.824538330378413,0.05075690115761353,0.0,990938.9773365365,489.730295351163,28.219610305555054,0.7887226924491061,0.03254809144973128,0.05054945054945055,760.0,69.0,41.0,650.0,67.67586821015138,1551.8745873277842,0.9345052340764549,0.8819100039545447,1.2081470005796289,1.8634210879099515,11.31040933038403,17.06730040168622,12.244914564460483,17.983121295401357,0.9345052340764549,1.2081470005796289,/home/aaa/data/qj/stable-baselines3-master/risk_curriculum_metadrive/outputs/gated_risk_proposed_nenv16_seed2_1m/runs/proposed_gated_risk_ppo_s2/config.json,/home/aaa/data/qj/stable-baselines3-master/risk_curriculum_metadrive/outputs/gated_risk_proposed_nenv16_seed2_1m/runs/proposed_gated_risk_ppo_s2/model/final_model.zip
gated_risk,refinement,proposed_gated_risk,ppo,2,0.2,10000,10006,6,1.0,0.0,0.9924770392789217,0.0,0.0,0.0,0.0,1297.0,542.2342158492798,276.76959129221314,17.325179975021786,18.372454071598355,12.23778258066194,0.0,0.0,992477.0392789218,623.5729792181788,82.93110128642664,6.22179795374502,0.00360898234103063,0.0,1010.0,31.0,2.0,977.0,77.87201233616037,1619.698148669486,0.9597655306162733,0.8731730049476027,1.430961603182368,2.5346536008873906,9.098656204521568,16.66450120392256,10.05842173513784,17.613622799399312,0.9597655306162733,1.430961603182368,/home/aaa/data/qj/stable-baselines3-master/risk_curriculum_metadrive/outputs/gated_risk_proposed_nenv16_seed2_1m/runs/proposed_gated_risk_ppo_s2/config.json,/home/aaa/data/qj/stable-baselines3-master/risk_curriculum_metadrive/outputs/gated_risk_proposed_nenv16_seed2_1m/runs/proposed_gated_risk_ppo_s2/model/final_model.zip
gated_risk,refinement,proposed_gated_risk,ppo,2,0.2,10000,10007,7,0.0,1.0,0.1875905750090483,1.0,1.0,0.0,0.0,627.0,114.17795770200709,-138.06208712085143,8.766277342610996,6.812110272296731,1.4917655739609545,0.06220095693779904,1.0,0.1875905750090483,152.33749299139163,65.96505920269462,8.223915852279623,0.017268697030299273,0.0,221.0,108.0,0.0,113.0,35.24720893141946,1450.7262503820277,0.9032908404527078,0.8529720071237534,1.180456297879573,1.6933471555239523,14.483192030257253,17.847184692800507,15.38648287070996,19.246658882184406,0.9032908404527078,1.180456297879573,/home/aaa/data/qj/stable-baselines3-master/risk_curriculum_metadrive/outputs/gated_risk_proposed_nenv16_seed2_1m/runs/proposed_gated_risk_ppo_s2/config.json,/home/aaa/data/qj/stable-baselines3-master/risk_curriculum_metadrive/outputs/gated_risk_proposed_nenv16_seed2_1m/runs/proposed_gated_risk_ppo_s2/model/final_model.zip
gated_risk,refinement,proposed_gated_risk,ppo,2,0.2,10000,10008,8,0.0,0.0,0.6895502520293141,0.0,0.0,0.0,0.0,1500.0,266.2010630103211,-229.0206167311777,8.35704082003121,6.234326899542454,1.7441295997390927,0.054,0.0,689550.252029314,345.8275555772609,119.53094368516132,6.451465909750817,0.02622958097919194,0.0,481.0,243.0,2.0,236.0,32.06666666666666,1390.8666103749513,0.9512465627825198,0.8640050073154271,1.2615025065315422,3.5335649320040794,11.906967150813822,17.04512173819239,12.858213713596342,18.07735948168556,0.9512465627825198,1.2615025065315422,/home/aaa/data/qj/stable-baselines3-master/risk_curriculum_metadrive/outputs/gated_risk_proposed_nenv16_seed2_1m/runs/proposed_gated_risk_ppo_s2/config.json,/home/aaa/data/qj/stable-baselines3-master/risk_curriculum_metadrive/outputs/gated_risk_proposed_nenv16_seed2_1m/runs/proposed_gated_risk_ppo_s2/model/final_model.zip
gated_risk,refinement,proposed_gated_risk,ppo,2,0.2,10000,10009,9,1.0,0.0,0.9885201918547654,0.0,0.0,0.0,0.0,978.0,377.6580339751105,166.60050170316555,17.110704368750074,18.377117993635807,14.631913129519294,0.03169734151329243,0.0,988520.1918547654,464.2919089043498,71.90798275051617,1.6732303462156253,0.024549676159181213,0.2391304347826087,797.0,5.0,37.0,755.0,81.49284253578732,1716.5924813998695,0.9395521741092837,0.866261005285196,1.3058171054581178,2.1364458087191482,5.292161040787503,7.964500645175576,6.231713214896787,8.904808697116094,0.9395521741092837,1.3058171054581178,/home/aaa/data/qj/stable-baselines3-master/risk_curriculum_metadrive/outputs/gated_risk_proposed_nenv16_seed2_1m/runs/proposed_gated_risk_ppo_s2/config.json,/home/aaa/data/qj/stable-baselines3-master/risk_curriculum_metadrive/outputs/gated_risk_proposed_nenv16_seed2_1m/runs/proposed_gated_risk_ppo_s2/model/final_model.zip
gated_risk,refinement,proposed_gated_risk,ppo,2,0.2,10000,10010,10,0.0,1.0,0.6409066686115867,1.0,1.0,0.0,0.0,1064.0,285.36805539768716,-146.3429460299969,12.432303394483203,12.876170284949419,3.999411980300087,0.011278195488721804,0.0,0.6409066686115867,366.99584228599434,33.02625186749945,1.2574055971249924,0.021496933277858277,0.008130081300813009,471.0,144.0,14.0,313.0,44.266917293233085,1283.3932860551504,0.9594201529491562,0.8967405010480434,1.2891261052573095,1.8783024791628058,19.05773895042583,30.337458549183793,20.017159103374986,31.23861184649286,0.9594201529491562,1.2891261052573095,/home/aaa/data/qj/stable-baselines3-master/risk_curriculum_metadrive/outputs/gated_risk_proposed_nenv16_seed2_1m/runs/proposed_gated_risk_ppo_s2/config.json,/home/aaa/data/qj/stable-baselines3-master/risk_curriculum_metadrive/outputs/gated_risk_proposed_nenv16_seed2_1m/runs/proposed_gated_risk_ppo_s2/model/final_model.zip
gated_risk,refinement,proposed_gated_risk,ppo,2,0.2,10000,10011,11,0.0,1.0,0.2936751955793963,1.0,1.0,0.0,0.0,671.0,131.17837453322494,-102.04530386790444,9.333362204797638,7.462476028071333,0.5853161668547542,0.11326378539493294,0.0,0.2936751955793963,172.38250282076027,70.22990027521224,8.263015735856314,0.018985144225261503,0.0,284.0,101.0,0.0,183.0,42.32488822652757,1647.4989941136735,1.0272228151983853,0.9177530009765178,1.7995805028476752,2.8709729987895107,14.026117387586675,18.983656496857293,15.05334020278506,20.17608850292163,1.0272228151983853,1.7995805028476752,/home/aaa/data/qj/stable-baselines3-master/risk_curriculum_metadrive/outputs/gated_risk_proposed_nenv16_seed2_1m/runs/proposed_gated_risk_ppo_s2/config.json,/home/aaa/data/qj/stable-baselines3-master/risk_curriculum_metadrive/outputs/gated_risk_proposed_nenv16_seed2_1m/runs/proposed_gated_risk_ppo_s2/model/final_model.zip
gated_risk,refinement,proposed_gated_risk,ppo,2,0.2,10000,10012,12,1.0,0.0,0.9886940672922265,0.0,0.0,0.0,0.0,1040.0,384.76343240495737,182.63868675883174,15.160766810923334,18.15326543247184,5.181389886675862,0.07403846153846154,0.0,988694.0672922266,437.17222750529385,25.320691182908885,1.4649540736567925,0.04424891932209841,0.08374384236453201,724.0,56.0,63.0,605.0,69.61538461538461,1656.0978819068118,1.102116853661965,0.9332485060440376,2.30531515480834,4.028173951082848,7.275046638544434,12.803978095325874,8.3771634922064,14.102608456596498,1.102116853661965,2.30531515480834,/home/aaa/data/qj/stable-baselines3-master/risk_curriculum_metadrive/outputs/gated_risk_proposed_nenv16_seed2_1m/runs/proposed_gated_risk_ppo_s2/config.json,/home/aaa/data/qj/stable-baselines3-master/risk_curriculum_metadrive/outputs/gated_risk_proposed_nenv16_seed2_1m/runs/proposed_gated_risk_ppo_s2/model/final_model.zip
gated_risk,refinement,proposed_gated_risk,ppo,2,0.2,10000,10013,13,1.0,0.0,0.9926350159682824,0.0,0.0,0.0,0.0,1130.0,478.5352515266293,262.2446795128319,17.1632779709565,18.340362811641693,11.730910109646272,0.008849557522123894,0.0,992635.0159682825,538.1290987665452,44.54357351827291,2.8593996266857906,0.00938753688757919,0.05314009661835749,876.0,26.0,12.0,838.0,77.5221238938053,1627.8621654318533,1.0341209134878178,0.9161990019492805,1.8431089032674206,2.9597951113828493,12.118700999005252,19.105996948928805,13.15282191249307,20.188679462444266,1.0341209134878178,1.8431089032674206,/home/aaa/data/qj/stable-baselines3-master/risk_curriculum_metadrive/outputs/gated_risk_proposed_nenv16_seed2_1m/runs/proposed_gated_risk_ppo_s2/config.json,/home/aaa/data/qj/stable-baselines3-master/risk_curriculum_metadrive/outputs/gated_risk_proposed_nenv16_seed2_1m/runs/proposed_gated_risk_ppo_s2/model/final_model.zip
gated_risk,refinement,proposed_gated_risk,ppo,2,0.2,10000,10014,14,0.0,0.0,0.6141678476607668,0.0,0.0,0.0,0.0,1500.0,457.13600646539385,134.65221038696296,12.23326500956949,12.02359601452395,4.232722407170959,0.013333333333333334,0.0,614167.8476607668,508.82467507732696,34.66913437252852,2.9618551583670145,0.01376125841011518,0.0038809831824062097,692.0,145.0,6.0,541.0,46.13333333333333,1359.9969378348949,1.0370245263620745,0.9861435028142296,1.3985780497023368,2.0313060110493093,24.159992308540193,38.928160638170084,25.197016834902268,39.96330755398958,1.0370245263620745,1.3985780497023368,/home/aaa/data/qj/stable-baselines3-master/risk_curriculum_metadrive/outputs/gated_risk_proposed_nenv16_seed2_1m/runs/proposed_gated_risk_ppo_s2/config.json,/home/aaa/data/qj/stable-baselines3-master/risk_curriculum_metadrive/outputs/gated_risk_proposed_nenv16_seed2_1m/runs/proposed_gated_risk_ppo_s2/model/final_model.zip
gated_risk,refinement,proposed_gated_risk,ppo,2,0.2,10000,10015,15,0.0,0.0,0.5124966450749562,0.0,0.0,0.0,0.0,1500.0,339.56899199875477,5.875087551654568,8.703535502939815,7.595961673864565,2.257568253087762,0.042666666666666665,0.0,512496.6450749562,360.4824846613222,67.50432624621375,4.727846799436193,0.025210153766298055,0.0008097165991902834,458.0,240.0,3.0,215.0,30.533333333333335,1270.5194274010198,1.0255242885420255,0.9070444939425215,1.7350203015666916,3.0246169814199675,16.24457368905617,27.258378202532178,17.270097977598198,28.262303145311307,1.0255242885420255,1.7350203015666916,/home/aaa/data/qj/stable-baselines3-master/risk_curriculum_metadrive/outputs/gated_risk_proposed_nenv16_seed2_1m/runs/proposed_gated_risk_ppo_s2/config.json,/home/aaa/data/qj/stable-baselines3-master/risk_curriculum_metadrive/outputs/gated_risk_proposed_nenv16_seed2_1m/runs/proposed_gated_risk_ppo_s2/model/final_model.zip
gated_risk,refinement,proposed_gated_risk,ppo,2,0.2,10000,10016,16,1.0,0.0,0.9907835056548953,0.0,0.0,0.0,0.0,1071.0,431.55796760358817,173.06734580852284,16.459456741044438,18.292566057791703,9.826756802717393,0.05322128851540616,0.0,990783.5056548953,489.10237378934784,13.205826183267812,0.02589932740343578,0.05208750885161214,0.4267515923566879,835.0,11.0,67.0,757.0,77.96451914098974,1707.2090522292726,1.0466673128271213,0.902095009223558,1.9375665069674142,3.258754991111342,7.697742244865799,13.739089001319371,8.74440955769292,15.007593501650263,1.0466673128271213,1.9375665069674142,/home/aaa/data/qj/stable-baselines3-master/risk_curriculum_metadrive/outputs/gated_risk_proposed_nenv16_seed2_1m/runs/proposed_gated_risk_ppo_s2/config.json,/home/aaa/data/qj/stable-baselines3-master/risk_curriculum_metadrive/outputs/gated_risk_proposed_nenv16_seed2_1m/runs/proposed_gated_risk_ppo_s2/model/final_model.zip
gated_risk,refinement,proposed_gated_risk,ppo,2,0.2,10000,10017,17,0.0,0.0,0.5143942074823652,0.0,0.0,0.0,0.0,1500.0,335.55445574631295,-22.304514166494673,9.785065999604004,8.790476808753102,1.7317610754933497,0.06733333333333333,0.0,514394.2074823652,405.73974614378693,99.81924887963234,2.8049366408699865,0.020193528211223704,0.0017809439002671415,532.0,202.0,8.0,322.0,35.46666666666667,1311.1853227498907,0.980616894114064,0.9020689976750873,1.3369342588703148,2.8676938037096984,26.07073171202016,36.73104625195265,27.051348606134223,38.10577519980143,0.980616894114064,1.3369342588703148,/home/aaa/data/qj/stable-baselines3-master/risk_curriculum_metadrive/outputs/gated_risk_proposed_nenv16_seed2_1m/runs/proposed_gated_risk_ppo_s2/config.json,/home/aaa/data/qj/stable-baselines3-master/risk_curriculum_metadrive/outputs/gated_risk_proposed_nenv16_seed2_1m/runs/proposed_gated_risk_ppo_s2/model/final_model.zip
gated_risk,refinement,proposed_gated_risk,ppo,2,0.2,10000,10018,18,1.0,0.0,0.9907121849973171,0.0,0.0,0.0,0.0,1067.0,394.3416005111552,221.83824097800922,14.421481510522213,18.110914599981598,5.183452354469355,0.01780693533270853,0.0,990712.1849973171,426.52542895358823,32.540115594908414,3.1328189905774355,0.013896762000774367,0.014112903225806451,665.0,67.0,17.0,581.0,62.32427366447985,1559.109855727643,0.9761716392256308,0.9139660105574876,1.3163338066078718,2.0026981184491617,11.66693530166393,15.987875503196841,12.64310694088956,16.985247096454255,0.9761716392256308,1.3163338066078718,/home/aaa/data/qj/stable-baselines3-master/risk_curriculum_metadrive/outputs/gated_risk_proposed_nenv16_seed2_1m/runs/proposed_gated_risk_ppo_s2/config.json,/home/aaa/data/qj/stable-baselines3-master/risk_curriculum_metadrive/outputs/gated_risk_proposed_nenv16_seed2_1m/runs/proposed_gated_risk_ppo_s2/model/final_model.zip
gated_risk,refinement,proposed_gated_risk,ppo,2,0.2,10000,10019,19,0.0,0.0,0.9564378341576487,0.0,0.0,0.0,0.0,1500.0,556.9661651687946,219.49707230015298,15.735788730410961,18.192887331509674,7.706964957457352,0.025333333333333333,0.0,956437.8341576487,654.765867202702,30.716045795208757,4.445966578726917,0.006146322934557261,0.0026109660574412533,988.0,77.0,3.0,908.0,65.86666666666666,1508.9363228736167,0.9274343927487886,0.8542955038137734,1.2746329986839553,2.460390011110575,14.067372075476063,27.281047397264047,14.994806468224851,28.104108905245077,0.9274343927487886,1.2746329986839553,/home/aaa/data/qj/stable-baselines3-master/risk_curriculum_metadrive/outputs/gated_risk_proposed_nenv16_seed2_1m/runs/proposed_gated_risk_ppo_s2/config.json,/home/aaa/data/qj/stable-baselines3-master/risk_curriculum_metadrive/outputs/gated_risk_proposed_nenv16_seed2_1m/runs/proposed_gated_risk_ppo_s2/model/final_model.zip
gated_risk,refinement,proposed_gated_risk,ppo,2,0.2,20000,20000,0,0.0,1.0,0.8672800558714313,1.0,1.0,0.0,0.0,666.0,249.0735562240987,-13.46334220205847,16.585884272929817,18.281340047573032,11.468875752841623,0.03753753753753754,0.0,0.8672800558714313,306.2427978148221,18.918317274283307,1.3856111126093282,0.032604231918480435,0.15568862275449102,497.0,14.0,28.0,455.0,74.62462462462463,1622.8953090368655,0.9135771035873989,0.8519464972778223,1.1378177514416166,2.1272799451253386,6.832520991007765,9.680799998022849,7.7460980945951645,10.626528252032585,0.9135771035873989,1.1378177514416166,/home/aaa/data/qj/stable-baselines3-master/risk_curriculum_metadrive/outputs/gated_risk_proposed_nenv16_seed2_1m/runs/proposed_gated_risk_ppo_s2/config.json,/home/aaa/data/qj/stable-baselines3-master/risk_curriculum_metadrive/outputs/gated_risk_proposed_nenv16_seed2_1m/runs/proposed_gated_risk_ppo_s2/model/final_model.zip
gated_risk,refinement,proposed_gated_risk,ppo,2,0.2,20000,20001,1,0.0,1.0,0.7023697635265562,1.0,1.0,0.0,0.0,1309.0,284.8318286636608,-139.9249568093201,10.036211786872366,11.41773661644473,0.3434848757942979,0.23758594346829642,0.0,0.7023697635265562,362.97760163091266,56.97960627763708,2.410712887662663,0.023273906127438918,0.006060606060606061,638.0,149.0,10.0,479.0,48.739495798319325,1757.684212836744,0.9089439610623903,0.8670359966345131,1.1534772085724394,1.5072225726908122,7.956100256422643,9.912390998215411,8.865044217485034,10.834141599480061,0.9089439610623903,1.1534772085724394,/home/aaa/data/qj/stable-baselines3-master/risk_curriculum_metadrive/outputs/gated_risk_proposed_nenv16_seed2_1m/runs/proposed_gated_risk_ppo_s2/config.json,/home/aaa/data/qj/stable-baselines3-master/risk_curriculum_metadrive/outputs/gated_risk_proposed_nenv16_seed2_1m/runs/proposed_gated_risk_ppo_s2/model/final_model.zip
gated_risk,refinement,proposed_gated_risk,ppo,2,0.2,20000,20002,2,1.0,0.0,0.9888246920401779,0.0,0.0,0.0,0.0,1330.0,455.6796301300132,207.1314891075856,13.420413910520534,16.875013247025123,4.53247701159585,0.03383458646616541,0.0,988824.6920401779,494.65916848427486,25.580838751299556,3.009036288346136,0.025271083583787553,0.022091310751104567,702.0,116.0,37.0,549.0,52.78195488721804,1419.1589779909566,1.0069513789078752,0.8730425033718348,1.238409950019559,2.0358950762602053,9.410218589438504,14.250069896661444,10.417169968346379,15.200698646367528,1.0069513789078752,1.238409950019559,/home/aaa/data/qj/stable-baselines3-master/risk_curriculum_metadrive/outputs/gated_risk_proposed_nenv16_seed2_1m/runs/proposed_gated_risk_ppo_s2/config.json,/home/aaa/data/qj/stable-baselines3-master/risk_curriculum_metadrive/outputs/gated_risk_proposed_nenv16_seed2_1m/runs/proposed_gated_risk_ppo_s2/model/final_model.zip
gated_risk,refinement,proposed_gated_risk,ppo,2,0.2,20000,20003,3,0.0,0.0,0.676596424146859,0.0,0.0,0.0,0.0,1500.0,394.5205607655581,8.856357066050535,11.062595641204762,11.3618795957989,2.673912764854411,0.03933333333333333,0.0,676596.4241468591,459.7179344019572,28.94243517219446,2.4954024900955805,0.02321136225791372,0.004022526146419952,563.0,251.0,11.0,301.0,37.53333333333334,1224.663990393156,0.926731554500293,0.8611479934188537,1.2823388446122408,1.8801686458755282,18.7013568165324,25.78677059791516,19.628088371032693,26.765157342015293,0.926731554500293,1.2823388446122408,/home/aaa/data/qj/stable-baselines3-master/risk_curriculum_metadrive/outputs/gated_risk_proposed_nenv16_seed2_1m/runs/proposed_gated_risk_ppo_s2/config.json,/home/aaa/data/qj/stable-baselines3-master/risk_curriculum_metadrive/outputs/gated_risk_proposed_nenv16_seed2_1m/runs/proposed_gated_risk_ppo_s2/model/final_model.zip
gated_risk,refinement,proposed_gated_risk,ppo,2,0.2,20000,20004,4,1.0,0.0,0.9905147675115841,0.0,0.0,0.0,0.0,1150.0,438.6988902621229,186.43318659686818,15.761884356883478,18.194327789811616,8.066632585216222,0.01217391304347826,0.0,990514.7675115841,502.81047794235155,43.0558440160372,2.2327639898526592,0.012350871589731036,0.011235955056179775,778.0,65.0,8.0,705.0,67.65217391304348,1547.3026798960216,0.9486807297798805,0.8943334978539497,1.3215643055445978,1.9638615527946963,7.6588545939961,11.856149851519149,8.60753532377598,12.858922906161752,0.9486807297798805,1.3215643055445978,/home/aaa/data/qj/stable-baselines3-master/risk_curriculum_metadrive/outputs/gated_risk_proposed_nenv16_seed2_1m/runs/proposed_gated_risk_ppo_s2/config.json,/home/aaa/data/qj/stable-baselines3-master/risk_curriculum_metadrive/outputs/gated_risk_proposed_nenv16_seed2_1m/runs/proposed_gated_risk_ppo_s2/model/final_model.zip
gated_risk,refinement,proposed_gated_risk,ppo,2,0.2,20000,20005,5,0.0,0.0,0.6035833844007922,0.0,0.0,0.0,0.0,1500.0,302.0558267652285,-43.515360033605965,8.311683050475917,5.856254533106524,0.6091344732252231,0.14466666666666667,0.0,603583.3844007922,344.7183457046347,144.9764050394924,2.6339523372496836,0.029287665885587243,0.005055611729019211,577.0,207.0,8.0,362.0,38.46666666666667,1673.8302651707181,0.9467069113161415,0.8837800050969236,1.308688893186627,2.215385642630281,16.310164399445057,21.761388656159397,17.2568713107612,22.796030992321903,0.9467069113161415,1.308688893186627,/home/aaa/data/qj/stable-baselines3-master/risk_curriculum_metadrive/outputs/gated_risk_proposed_nenv16_seed2_1m/runs/proposed_gated_risk_ppo_s2/config.json,/home/aaa/data/qj/stable-baselines3-master/risk_curriculum_metadrive/outputs/gated_risk_proposed_nenv16_seed2_1m/runs/proposed_gated_risk_ppo_s2/model/final_model.zip
gated_risk,refinement,proposed_gated_risk,ppo,2,0.2,20000,20006,6,1.0,0.0,0.9920063196498725,0.0,0.0,0.0,0.0,1205.0,521.4771437849257,286.0622597796015,17.24132197180999,18.299958536173353,12.78561256779651,0.0008298755186721991,0.0,992006.3196498726,576.6164272001114,31.907401354256617,3.890634231373158,0.005863582460679625,0.0056022408963585435,907.0,42.0,5.0,860.0,75.26970954356847,1572.9694077640818,0.8887787676789253,0.828706004540436,1.168031193083152,1.8610513606108725,6.820604446560485,9.01770220079925,7.70938321423941,9.951246800483204,0.8887787676789253,1.168031193083152,/home/aaa/data/qj/stable-baselines3-master/risk_curriculum_metadrive/outputs/gated_risk_proposed_nenv16_seed2_1m/runs/proposed_gated_risk_ppo_s2/config.json,/home/aaa/data/qj/stable-baselines3-master/risk_curriculum_metadrive/outputs/gated_risk_proposed_nenv16_seed2_1m/runs/proposed_gated_risk_ppo_s2/model/final_model.zip
gated_risk,refinement,proposed_gated_risk,ppo,2,0.2,20000,20007,7,1.0,0.0,0.9891401654606389,0.0,0.0,0.0,0.0,999.0,365.7016614032455,155.60739005187878,15.780684549885748,18.290695949025107,3.9774066017302414,0.08208208208208208,0.0,989140.1654606389,437.27964168931993,14.055634708968931,0.0576617319580864,0.056489829557119745,0.34146341463414637,781.0,19.0,80.0,682.0,78.17817817817819,1786.0424441046532,0.9248622655569043,0.8692179981153458,1.2440815073205156,1.8213008489692564,5.272977611563799,8.135305291216353,6.197839877120703,9.121792099904267,0.9248622655569043,1.2440815073205156,/home/aaa/data/qj/stable-baselines3-master/risk_curriculum_metadrive/outputs/gated_risk_proposed_nenv16_seed2_1m/runs/proposed_gated_risk_ppo_s2/config.json,/home/aaa/data/qj/stable-baselines3-master/risk_curriculum_metadrive/outputs/gated_risk_proposed_nenv16_seed2_1m/runs/proposed_gated_risk_ppo_s2/model/final_model.zip
gated_risk,refinement,proposed_gated_risk,ppo,2,0.2,20000,20008,8,0.0,1.0,0.43013003049599036,1.0,1.0,0.0,0.0,882.0,220.10805005706573,-85.4859761311116,11.495025751726658,17.67686330289294,0.7695718205255185,0.12018140589569161,0.0,0.43013003049599036,280.70784121223267,44.843828919955165,2.3151168016646153,0.016019565122123106,0.008620689655172414,466.0,75.0,5.0,386.0,52.83446712018141,1660.089002101209,1.03553164275635,0.9266525012208149,1.5976697912265072,3.0186111289367354,14.089340497163477,22.716003449022523,15.124872139919827,23.86684379525831,1.03553164275635,1.5976697912265072,/home/aaa/data/qj/stable-baselines3-master/risk_curriculum_metadrive/outputs/gated_risk_proposed_nenv16_seed2_1m/runs/proposed_gated_risk_ppo_s2/config.json,/home/aaa/data/qj/stable-baselines3-master/risk_curriculum_metadrive/outputs/gated_risk_proposed_nenv16_seed2_1m/runs/proposed_gated_risk_ppo_s2/model/final_model.zip
gated_risk,refinement,proposed_gated_risk,ppo,2,0.2,20000,20009,9,0.0,1.0,0.7576413605630197,1.0,1.0,0.0,0.0,745.0,252.63451157746618,-38.3845965498881,14.85581442977412,18.229269123235362,0.44855590018558944,0.11409395973154363,0.0,0.7576413605630197,306.9585254656806,12.29302422152305,0.643557107044094,0.07673699297601391,0.4846153846153846,572.0,18.0,76.0,478.0,76.77852348993288,1863.4439266094018,0.9569887032196388,0.9088380029425025,1.2951594078913327,1.7429292009910518,8.785401274010246,14.099436806282023,9.742389977229884,14.989492195309134,0.9569887032196388,1.2951594078913327,/home/aaa/data/qj/stable-baselines3-master/risk_curriculum_metadrive/outputs/gated_risk_proposed_nenv16_seed2_1m/runs/proposed_gated_risk_ppo_s2/config.json,/home/aaa/data/qj/stable-baselines3-master/risk_curriculum_metadrive/outputs/gated_risk_proposed_nenv16_seed2_1m/runs/proposed_gated_risk_ppo_s2/model/final_model.zip
gated_risk,refinement,proposed_gated_risk,ppo,2,0.2,20000,20010,10,1.0,0.0,0.9894658477369999,0.0,0.0,0.0,0.0,968.0,382.8118188053047,202.64332971418696,16.596061230520384,18.12284466993507,12.532044834458468,0.011363636363636364,0.0,989465.8477369999,445.5391711194694,85.05546598102572,2.174057330885361,0.014423166832440486,0.031026252983293555,614.0,64.0,13.0,537.0,63.42975206611571,1378.1055399848526,1.099812064292429,0.8633049947093241,1.5087879946804603,4.7933999673114185,6.498726869564458,11.99418690157472,7.598538933856887,13.46831474438659,1.099812064292429,1.5087879946804603,/home/aaa/data/qj/stable-baselines3-master/risk_curriculum_metadrive/outputs/gated_risk_proposed_nenv16_seed2_1m/runs/proposed_gated_risk_ppo_s2/config.json,/home/aaa/data/qj/stable-baselines3-master/risk_curriculum_metadrive/outputs/gated_risk_proposed_nenv16_seed2_1m/runs/proposed_gated_risk_ppo_s2/model/final_model.zip
gated_risk,refinement,proposed_gated_risk,ppo,2,0.2,20000,20011,11,1.0,0.0,0.9918985369315947,0.0,0.0,0.0,0.0,1251.0,462.4259935462185,164.34418868946125,15.812142424407625,18.308908187300855,2.1776009366500997,0.0903277378097522,0.0,991898.5369315947,548.8382250943575,30.88466488217912,0.01804032188687688,0.06720175035864473,0.23697916666666666,996.0,17.0,115.0,864.0,79.61630695443645,1814.7424039729838,1.0012677657658229,0.9034719987539575,1.448218994482886,3.4928219974972308,15.441534737670171,22.984306007856503,16.442802503435995,24.22355300222989,1.0012677657658229,1.448218994482886,/home/aaa/data/qj/stable-baselines3-master/risk_curriculum_metadrive/outputs/gated_risk_proposed_nenv16_seed2_1m/runs/proposed_gated_risk_ppo_s2/config.json,/home/aaa/data/qj/stable-baselines3-master/risk_curriculum_metadrive/outputs/gated_risk_proposed_nenv16_seed2_1m/runs/proposed_gated_risk_ppo_s2/model/final_model.zip
gated_risk,refinement,proposed_gated_risk,ppo,2,0.2,20000,20012,12,0.0,1.0,0.6696367844215958,1.0,1.0,0.0,0.0,1218.0,285.9079014127387,-75.19749297222363,10.305101302060711,10.171071893980928,0.7176165616789336,0.12479474548440066,0.0,0.6696367844215958,346.91497286195477,50.24379957339912,2.6341647994313107,0.019790565129615644,0.013717421124828532,535.0,133.0,12.0,390.0,43.92446633825944,1542.1646277945129,1.0177317454736934,0.8880640016286634,1.399656145076731,3.7410022216499472,8.971460073701166,12.892116793955207,9.98919181917486,14.057777349080423,1.0177317454736934,1.399656145076731,/home/aaa/data/qj/stable-baselines3-master/risk_curriculum_metadrive/outputs/gated_risk_proposed_nenv16_seed2_1m/runs/proposed_gated_risk_ppo_s2/config.json,/home/aaa/data/qj/stable-baselines3-master/risk_curriculum_metadrive/outputs/gated_risk_proposed_nenv16_seed2_1m/runs/proposed_gated_risk_ppo_s2/model/final_model.zip
gated_risk,refinement,proposed_gated_risk,ppo,2,0.2,20000,20013,13,0.0,0.0,0.7808701647234945,0.0,0.0,0.0,0.0,1500.0,461.71370961854393,56.1214798659668,12.758200384906829,16.89695579007175,2.7989147719774516,0.034666666666666665,0.0,780870.1647234946,531.2645210236636,39.675474538303035,3.69541033800983,0.020794755255843077,0.0071633237822349575,827.0,172.0,16.0,639.0,55.13333333333333,1556.6633329974686,0.9147643567315148,0.8795155008556321,1.1918447467905933,1.4189515431644395,17.204382634100813,24.617937250150135,18.11914699083233,25.55559490210726,0.9147643567315148,1.1918447467905933,/home/aaa/data/qj/stable-baselines3-master/risk_curriculum_metadrive/outputs/gated_risk_proposed_nenv16_seed2_1m/runs/proposed_gated_risk_ppo_s2/config.json,/home/aaa/data/qj/stable-baselines3-master/risk_curriculum_metadrive/outputs/gated_risk_proposed_nenv16_seed2_1m/runs/proposed_gated_risk_ppo_s2/model/final_model.zip
gated_risk,refinement,proposed_gated_risk,ppo,2,0.2,20000,20014,14,0.0,1.0,0.5095700749720964,1.0,1.0,0.0,0.0,738.0,207.96542671993495,-111.46279821059393,13.364672870856385,12.89963532978633,7.981938012395765,0.0013550135501355014,0.0,0.5095700749720964,273.53123585107534,47.52017567311559,7.289109402323024,0.02270898768271426,0.0,307.0,118.0,0.0,189.0,41.59891598915989,1122.3581067251375,0.962772230180908,0.8751084969844669,1.2616009022167418,3.6391321111295802,11.45300625086851,14.871209990087657,12.415778481049419,16.715176608704493,0.962772230180908,1.2616009022167418,/home/aaa/data/qj/stable-baselines3-master/risk_curriculum_metadrive/outputs/gated_risk_proposed_nenv16_seed2_1m/runs/proposed_gated_risk_ppo_s2/config.json,/home/aaa/data/qj/stable-baselines3-master/risk_curriculum_metadrive/outputs/gated_risk_proposed_nenv16_seed2_1m/runs/proposed_gated_risk_ppo_s2/model/final_model.zip
gated_risk,refinement,proposed_gated_risk,ppo,2,0.2,20000,20015,15,1.0,0.0,0.993098418598242,0.0,0.0,0.0,0.0,1407.0,547.0175771338418,249.34108257779997,15.131757804251242,18.07694929690784,7.8863276840135885,0.022743425728500355,0.0,993098.418598242,590.4006409292447,79.05994323770938,1.2275616828274136,0.02017483581409422,0.03935185185185185,861.0,79.0,27.0,755.0,61.19402985074627,1458.3317501906045,0.9566659062959164,0.8472900080960244,1.3647074971231634,3.7550963927060397,7.940074361244918,12.913840092369362,8.896740267540833,13.971047310042195,0.9566659062959164,1.3647074971231634,/home/aaa/data/qj/stable-baselines3-master/risk_curriculum_metadrive/outputs/gated_risk_proposed_nenv16_seed2_1m/runs/proposed_gated_risk_ppo_s2/config.json,/home/aaa/data/qj/stable-baselines3-master/risk_curriculum_metadrive/outputs/gated_risk_proposed_nenv16_seed2_1m/runs/proposed_gated_risk_ppo_s2/model/final_model.zip
gated_risk,refinement,proposed_gated_risk,ppo,2,0.2,20000,20016,16,0.0,1.0,0.42198993894933656,1.0,1.0,0.0,0.0,1134.0,225.66065852465965,-127.08460237602638,9.571864219057012,7.551170162580606,1.507138960465334,0.07583774250440917,0.0,0.42198993894933656,299.7873658896978,151.19054565339877,7.2009886693140155,0.02306128603600898,0.0,473.0,159.0,0.0,314.0,41.710758377425044,1577.7849696775854,0.9823608803437576,0.8870324963936582,1.4708667506056363,3.0753615255525943,13.413845096052952,19.11637025114032,14.39620597639671,20.24919853938627,0.9823608803437576,1.4708667506056363,/home/aaa/data/qj/stable-baselines3-master/risk_curriculum_metadrive/outputs/gated_risk_proposed_nenv16_seed2_1m/runs/proposed_gated_risk_ppo_s2/config.json,/home/aaa/data/qj/stable-baselines3-master/risk_curriculum_metadrive/outputs/gated_risk_proposed_nenv16_seed2_1m/runs/proposed_gated_risk_ppo_s2/model/final_model.zip
gated_risk,refinement,proposed_gated_risk,ppo,2,0.2,20000,20017,17,0.0,1.0,0.7802190901764867,1.0,1.0,0.0,0.0,1188.0,434.08362503458545,72.25371536442348,14.69343426577157,17.966635423678532,7.5752950074426915,0.0,0.0,0.7802190901764867,483.8732931108818,52.389946796499785,3.4302448911966055,0.00909953770899489,0.0018867924528301887,673.0,99.0,3.0,571.0,56.64983164983165,1390.859982523935,0.9653037794411373,0.8593605016358197,1.415278601052705,3.381034770864037,11.25154397121867,17.594166648632324,12.216847750659808,18.85894018705585,0.9653037794411373,1.415278601052705,/home/aaa/data/qj/stable-baselines3-master/risk_curriculum_metadrive/outputs/gated_risk_proposed_nenv16_seed2_1m/runs/proposed_gated_risk_ppo_s2/config.json,/home/aaa/data/qj/stable-baselines3-master/risk_curriculum_metadrive/outputs/gated_risk_proposed_nenv16_seed2_1m/runs/proposed_gated_risk_ppo_s2/model/final_model.zip
gated_risk,refinement,proposed_gated_risk,ppo,2,0.2,20000,20018,18,0.0,1.0,0.6270170367502703,1.0,1.0,0.0,0.0,1325.0,394.4726464646656,-39.76907017302079,13.298347192037063,17.942810876484966,2.757175842885156,0.03320754716981132,0.0,0.6270170367502703,488.51305930863055,67.77690106205635,6.764645411124824,0.015278757720379843,0.0,742.0,133.0,2.0,607.0,56.00000000000001,1518.894911530344,0.9606839567400902,0.8947690075729042,1.316555793164298,1.8421740853227675,22.149905368821905,31.951092390227128,23.110589325561996,32.90940760925878,0.9606839567400902,1.316555793164298,/home/aaa/data/qj/stable-baselines3-master/risk_curriculum_metadrive/outputs/gated_risk_proposed_nenv16_seed2_1m/runs/proposed_gated_risk_ppo_s2/config.json,/home/aaa/data/qj/stable-baselines3-master/risk_curriculum_metadrive/outputs/gated_risk_proposed_nenv16_seed2_1m/runs/proposed_gated_risk_ppo_s2/model/final_model.zip
gated_risk,refinement,proposed_gated_risk,ppo,2,0.2,20000,20019,19,1.0,0.0,0.9903047330990886,0.0,0.0,0.0,0.0,1371.0,491.1471752705799,212.37241128892043,14.657015730060229,18.04538364490908,4.923309839064085,0.019693654266958426,0.0,990304.7330990887,557.3551344775766,32.4944269157854,3.1623383626520414,0.014105524607526308,0.005076142131979695,828.0,117.0,9.0,702.0,60.393873085339166,1485.587821445488,0.9421594238101813,0.8927460003178567,1.2899595021735877,1.6480254067573663,12.431836661841176,20.654275991546456,13.373996085651358,21.533899998757988,0.9421594238101813,1.2899595021735877,/home/aaa/data/qj/stable-baselines3-master/risk_curriculum_metadrive/outputs/gated_risk_proposed_nenv16_seed2_1m/runs/proposed_gated_risk_ppo_s2/config.json,/home/aaa/data/qj/stable-baselines3-master/risk_curriculum_metadrive/outputs/gated_risk_proposed_nenv16_seed2_1m/runs/proposed_gated_risk_ppo_s2/model/final_model.zip
gated_risk,refinement,proposed_gated_risk,ppo,2,0.25,10000,10000,0,0.0,1.0,0.4759666380061753,0.0,0.0,0.0,1.0,597.0,171.68600388864837,-239.0441018442716,15.484785176075194,18.16962506297206,5.367456206370741,0.008375209380234505,0.0,0.4759666380061753,256.1494414544021,24.36188311587162,0.5185497746607952,0.015608084196500447,0.037037037037037035,382.0,22.0,12.0,348.0,63.98659966499163,1491.3169352664816,0.9288891374408088,0.8873769984347746,1.2029130011796951,1.630618245108052,18.61981230164321,22.60975919489283,19.54870143908402,23.50403939781245,0.9288891374408088,1.2029130011796951,/home/aaa/data/qj/stable-baselines3-master/risk_curriculum_metadrive/outputs/gated_risk_proposed_nenv16_seed2_1m/runs/proposed_gated_risk_ppo_s2/config.json,/home/aaa/data/qj/stable-baselines3-master/risk_curriculum_metadrive/outputs/gated_risk_proposed_nenv16_seed2_1m/runs/proposed_gated_risk_ppo_s2/model/final_model.zip
gated_risk,refinement,proposed_gated_risk,ppo,2,0.25,10000,10001,1,1.0,0.0,0.9901408673867691,0.0,0.0,0.0,0.0,1181.0,428.3867429351612,179.09201283998067,15.582432859115304,18.122445114514846,8.024631926953688,0.011854360711261643,0.0,990140.8673867692,510.39858230219994,29.869332166661163,5.3503686218266635,0.012949776001378659,0.0,752.0,74.0,12.0,666.0,63.67485182049111,1473.3583244060644,0.9302115908302059,0.8991479990072548,1.1994559899903834,1.3841646024957306,11.682994402212147,14.636776002589613,12.613205993042353,15.580591003526933,0.9302115908302059,1.1994559899903834,/home/aaa/data/qj/stable-baselines3-master/risk_curriculum_metadrive/outputs/gated_risk_proposed_nenv16_seed2_1m/runs/proposed_gated_risk_ppo_s2/config.json,/home/aaa/data/qj/stable-baselines3-master/risk_curriculum_metadrive/outputs/gated_risk_proposed_nenv16_seed2_1m/runs/proposed_gated_risk_ppo_s2/model/final_model.zip
gated_risk,refinement,proposed_gated_risk,ppo,2,0.25,10000,10002,2,0.0,0.0,0.5408658300957867,0.0,0.0,0.0,0.0,1500.0,232.61864952170941,-248.43802934529907,7.289196768206936,6.733989437974555,0.3731569419352146,0.16266666666666665,0.0,540865.8300957867,300.0051407641388,43.345610934070315,0.08408840764927668,0.0836401122712454,0.07211538461538461,529.0,256.0,115.0,158.0,35.266666666666666,1763.303117581891,0.914895761195415,0.8946035013650544,1.1281127102847675,1.292789759900188,30.26327401928332,39.712400150165195,31.178169780478736,40.66980765273911,0.914895761195415,1.1281127102847675,/home/aaa/data/qj/stable-baselines3-master/risk_curriculum_metadrive/outputs/gated_risk_proposed_nenv16_seed2_1m/runs/proposed_gated_risk_ppo_s2/config.json,/home/aaa/data/qj/stable-baselines3-master/risk_curriculum_metadrive/outputs/gated_risk_proposed_nenv16_seed2_1m/runs/proposed_gated_risk_ppo_s2/model/final_model.zip
gated_risk,refinement,proposed_gated_risk,ppo,2,0.25,10000,10003,3,0.0,0.0,0.664351097548224,0.0,0.0,0.0,0.0,1500.0,259.579795510309,-109.30018597459237,7.540904258280783,7.142479815435509,1.725899725683666,0.068,0.0,664351.097548224,311.059407485437,92.19597507660387,5.016281902799205,0.02999702866182778,0.0,336.0,274.0,2.0,60.0,22.400000000000002,1080.1795152770958,0.8993839342341138,0.8472920017084107,1.1361777033016551,1.3245480356272308,11.861503648775397,15.977791558543675,12.760887583009511,16.985990109242262,0.8993839342341138,1.1361777033016551,/home/aaa/data/qj/stable-baselines3-master/risk_curriculum_metadrive/outputs/gated_risk_proposed_nenv16_seed2_1m/runs/proposed_gated_risk_ppo_s2/config.json,/home/aaa/data/qj/stable-baselines3-master/risk_curriculum_metadrive/outputs/gated_risk_proposed_nenv16_seed2_1m/runs/proposed_gated_risk_ppo_s2/model/final_model.zip
gated_risk,refinement,proposed_gated_risk,ppo,2,0.25,10000,10004,4,0.0,0.0,0.38651323082583533,0.0,0.0,0.0,0.0,1500.0,193.47807997056304,-64.81169656052406,5.371049570164028,1.0630032799358973,0.22192517478957222,0.48333333333333334,0.0,386513.2308258354,220.49829494883318,147.52306329893622,2.349780923524883,0.013607062726553593,0.001004016064257028,390.0,165.0,2.0,223.0,26.0,1768.7211599096483,0.8756864572351333,0.835008999274578,1.1088863953773398,1.3561288126220459,16.85192210805447,18.112785993434954,17.727608565289604,19.114926937618293,0.8756864572351333,1.1088863953773398,/home/aaa/data/qj/stable-baselines3-master/risk_curriculum_metadrive/outputs/gated_risk_proposed_nenv16_seed2_1m/runs/proposed_gated_risk_ppo_s2/config.json,/home/aaa/data/qj/stable-baselines3-master/risk_curriculum_metadrive/outputs/gated_risk_proposed_nenv16_seed2_1m/runs/proposed_gated_risk_ppo_s2/model/final_model.zip
gated_risk,refinement,proposed_gated_risk,ppo,2,0.25,10000,10005,5,0.0,0.0,0.7860762372406026,0.0,0.0,0.0,0.0,1500.0,354.31531693021594,0.06675728868405922,9.383883953989205,8.4589599369539,0.4732864871384256,0.13133333333333333,0.0,786076.2372406026,388.94250058518224,75.7033895701591,0.06326771467133303,0.07049675471237854,0.08179162609542356,677.0,202.0,104.0,371.0,45.13333333333333,1740.617183726185,0.8792725152646502,0.8372095107915811,1.1309429042739791,1.367132980376482,19.242777018148143,25.708578445483,20.122049533412792,26.564949033490848,0.8792725152646502,1.1309429042739791,/home/aaa/data/qj/stable-baselines3-master/risk_curriculum_metadrive/outputs/gated_risk_proposed_nenv16_seed2_1m/runs/proposed_gated_risk_ppo_s2/config.json,/home/aaa/data/qj/stable-baselines3-master/risk_curriculum_metadrive/outputs/gated_risk_proposed_nenv16_seed2_1m/runs/proposed_gated_risk_ppo_s2/model/final_model.zip
gated_risk,refinement,proposed_gated_risk,ppo,2,0.25,10000,10006,6,0.0,0.0,0.8153776743607053,0.0,0.0,0.0,0.0,1500.0,441.6191236904669,91.55860057292347,12.302443070549844,17.91356636682948,1.3717026128291316,0.084,0.0,815377.6743607053,511.0714679674647,119.26050672177257,0.5960613222397051,0.05219738204538995,0.12141652613827993,876.0,118.0,76.0,682.0,58.4,1714.0459894657374,0.8077616144243317,0.7864334984333254,1.0439561956445687,1.1940478869655635,10.478017857230347,14.488024057936855,11.285779471654678,15.393487187247956,0.8077616144243317,1.0439561956445687,/home/aaa/data/qj/stable-baselines3-master/risk_curriculum_metadrive/outputs/gated_risk_proposed_nenv16_seed2_1m/runs/proposed_gated_risk_ppo_s2/config.json,/home/aaa/data/qj/stable-baselines3-master/risk_curriculum_metadrive/outputs/gated_risk_proposed_nenv16_seed2_1m/runs/proposed_gated_risk_ppo_s2/model/final_model.zip
gated_risk,refinement,proposed_gated_risk,ppo,2,0.25,10000,10007,7,0.0,1.0,0.16685322389039936,1.0,1.0,0.0,0.0,546.0,107.67848960273331,-106.68399679278906,8.922169301611188,7.258848654533701,0.9525429778394708,0.10622710622710622,1.0,0.16685322389039936,134.67196579942544,36.467374313082836,7.512211356400451,0.023187567608988876,0.0,193.0,102.0,0.0,91.0,35.34798534798535,1433.1119238835927,0.6783111522244136,0.6358449973049574,0.8703787498234306,1.0078035433252783,9.956857293185175,10.825948498677462,10.63516844540959,11.504110509122256,0.6783111522244136,0.8703787498234306,/home/aaa/data/qj/stable-baselines3-master/risk_curriculum_metadrive/outputs/gated_risk_proposed_nenv16_seed2_1m/runs/proposed_gated_risk_ppo_s2/config.json,/home/aaa/data/qj/stable-baselines3-master/risk_curriculum_metadrive/outputs/gated_risk_proposed_nenv16_seed2_1m/runs/proposed_gated_risk_ppo_s2/model/final_model.zip
gated_risk,refinement,proposed_gated_risk,ppo,2,0.25,10000,10008,8,0.0,1.0,0.5020717262416745,1.0,1.0,0.0,0.0,910.0,193.32808817799435,-120.06424857432557,9.97459907766296,9.707288679781502,1.1072610364817006,0.08351648351648351,0.0,0.5020717262416745,250.5656078073905,123.57683926396255,7.126312930675444,0.02354295175351111,0.0,330.0,147.0,1.0,182.0,36.26373626373626,1317.0203320707549,0.6612700715777464,0.6163589932839386,0.8606641567894256,0.9674998631817286,6.713348146253598,8.271380302176112,7.374618217831345,8.956984494579956,0.6612700715777464,0.8606641567894256,/home/aaa/data/qj/stable-baselines3-master/risk_curriculum_metadrive/outputs/gated_risk_proposed_nenv16_seed2_1m/runs/proposed_gated_risk_ppo_s2/config.json,/home/aaa/data/qj/stable-baselines3-master/risk_curriculum_metadrive/outputs/gated_risk_proposed_nenv16_seed2_1m/runs/proposed_gated_risk_ppo_s2/model/final_model.zip
gated_risk,refinement,proposed_gated_risk,ppo,2,0.25,10000,10009,9,1.0,0.0,0.9888005307494063,0.0,0.0,0.0,0.0,981.0,379.8309792136921,166.1969961449356,17.068906259392786,18.367347499761088,12.759543090345767,0.024464831804281346,0.0,988800.5307494063,464.5589593655572,18.550786555706946,2.31518822281018,0.022669736393467754,0.2653061224489796,782.0,9.0,31.0,742.0,79.71457696228337,1683.3170133409296,0.6081222671908388,0.5827419954584911,0.8162369922501966,0.9521725995000457,3.6867242684138315,5.531237009563483,4.294846535604671,6.252805993426591,0.6081222671908388,0.8162369922501966,/home/aaa/data/qj/stable-baselines3-master/risk_curriculum_metadrive/outputs/gated_risk_proposed_nenv16_seed2_1m/runs/proposed_gated_risk_ppo_s2/config.json,/home/aaa/data/qj/stable-baselines3-master/risk_curriculum_metadrive/outputs/gated_risk_proposed_nenv16_seed2_1m/runs/proposed_gated_risk_ppo_s2/model/final_model.zip
gated_risk,refinement,proposed_gated_risk,ppo,2,0.25,10000,10010,10,0.0,1.0,0.4298942212560652,1.0,1.0,0.0,0.0,1030.0,203.11824057264357,-131.466763862966,8.581386150747159,8.139576606267198,0.8838758808389935,0.11359223300970873,0.0,0.4298942212560652,244.20530654709182,46.850706614978584,6.5606641908934105,0.029751162403542315,0.0,341.0,212.0,3.0,126.0,33.10679611650485,1396.3660528983737,0.6677928730761813,0.6312810000963509,0.8507581922458484,0.9776562421757266,11.78720500284876,13.858985053229842,12.45499787592494,14.589713549503356,0.6677928730761813,0.8507581922458484,/home/aaa/data/qj/stable-baselines3-master/risk_curriculum_metadrive/outputs/gated_risk_proposed_nenv16_seed2_1m/runs/proposed_gated_risk_ppo_s2/config.json,/home/aaa/data/qj/stable-baselines3-master/risk_curriculum_metadrive/outputs/gated_risk_proposed_nenv16_seed2_1m/runs/proposed_gated_risk_ppo_s2/model/final_model.zip
gated_risk,refinement,proposed_gated_risk,ppo,2,0.25,10000,10011,11,0.0,1.0,0.43591014012807955,1.0,1.0,0.0,0.0,1254.0,195.1597021660602,-257.69381039162477,7.4878290188388945,6.0605253086340625,1.2535525836541905,0.08054226475279107,0.0,0.43591014012807955,258.80808186631793,102.29376487043051,3.6771706685114616,0.02847558799439795,0.0009442870632672333,340.0,210.0,5.0,125.0,27.11323763955343,1313.7147709924302,0.7736844852109227,0.7673684958717786,0.9903173529892229,1.0647572144807784,17.24160336322568,23.79907585127512,18.0152878484366,24.60898319259286,0.7736844852109227,0.9903173529892229,/home/aaa/data/qj/stable-baselines3-master/risk_curriculum_metadrive/outputs/gated_risk_proposed_nenv16_seed2_1m/runs/proposed_gated_risk_ppo_s2/config.json,/home/aaa/data/qj/stable-baselines3-master/risk_curriculum_metadrive/outputs/gated_risk_proposed_nenv16_seed2_1m/runs/proposed_gated_risk_ppo_s2/model/final_model.zip
gated_risk,refinement,proposed_gated_risk,ppo,2,0.25,10000,10012,12,1.0,0.0,0.989698095496962,0.0,0.0,0.0,0.0,1175.0,399.73220683419504,140.5231202090017,13.440608702115956,15.061020825968807,6.05204616423338,0.06297872340425532,0.0,989698.095496962,437.64471886485967,36.17735402370056,0.5086842905102557,0.05808849105370794,0.10551948051948051,615.0,105.0,77.0,433.0,52.34042553191489,1405.2494489026517,0.7178335428916591,0.7165449933381751,0.9469596028793602,1.0253244923660532,5.6895568231591325,7.397950702579689,6.407390366050791,8.268996495462487,0.7178335428916591,0.9469596028793602,/home/aaa/data/qj/stable-baselines3-master/risk_curriculum_metadrive/outputs/gated_risk_proposed_nenv16_seed2_1m/runs/proposed_gated_risk_ppo_s2/config.json,/home/aaa/data/qj/stable-baselines3-master/risk_curriculum_metadrive/outputs/gated_risk_proposed_nenv16_seed2_1m/runs/proposed_gated_risk_ppo_s2/model/final_model.zip
gated_risk,refinement,proposed_gated_risk,ppo,2,0.25,10000,10013,13,1.0,0.0,0.9918717716490365,0.0,0.0,0.0,0.0,1433.0,492.0400104900539,218.19863200171875,13.541066980504194,17.959051151551233,4.076761754893303,0.01256106071179344,0.0,991871.7716490366,537.8715548710798,120.51838729005856,4.289242727721017,0.014881296185977852,0.0034602076124567475,811.0,121.0,6.0,684.0,56.59455687369156,1507.794923630764,0.6610818428700836,0.626244000159204,0.8577572065405548,0.9593381959712135,10.348072319632086,15.871934001916085,11.009154162502169,16.549816203769293,0.6610818428700836,0.8577572065405548,/home/aaa/data/qj/stable-baselines3-master/risk_curriculum_metadrive/outputs/gated_risk_proposed_nenv16_seed2_1m/runs/proposed_gated_risk_ppo_s2/config.json,/home/aaa/data/qj/stable-baselines3-master/risk_curriculum_metadrive/outputs/gated_risk_proposed_nenv16_seed2_1m/runs/proposed_gated_risk_ppo_s2/model/final_model.zip
gated_risk,refinement,proposed_gated_risk,ppo,2,0.25,10000,10014,14,0.0,0.0,0.5002009658597102,0.0,0.0,0.0,0.0,1500.0,371.840236483538,42.86971631367409,9.977463855771331,7.84590913918084,2.8282428926568666,0.025333333333333333,0.0,500200.96585971024,414.54617966761583,95.12507890037905,3.2404929089378967,0.01867525080193494,0.0022497187851518562,521.0,165.0,7.0,349.0,34.733333333333334,1256.7960472286566,0.6707982579537202,0.6370804985635914,0.8401177583436947,0.9412820088618901,14.451948374839654,18.862503357377136,15.122746632793374,19.55504315410508,0.6707982579537202,0.8401177583436947,/home/aaa/data/qj/stable-baselines3-master/risk_curriculum_metadrive/outputs/gated_risk_proposed_nenv16_seed2_1m/runs/proposed_gated_risk_ppo_s2/config.json,/home/aaa/data/qj/stable-baselines3-master/risk_curriculum_metadrive/outputs/gated_risk_proposed_nenv16_seed2_1m/runs/proposed_gated_risk_ppo_s2/model/final_model.zip
gated_risk,refinement,proposed_gated_risk,ppo,2,0.25,10000,10015,15,0.0,1.0,0.20442594237110973,1.0,1.0,0.0,0.0,670.0,116.22907703111447,-132.79806541778532,7.718961603029493,6.577711405716348,1.1773984360195295,0.08656716417910448,0.0,0.20442594237110973,142.3136752726597,94.46671582414739,7.495184925649178,0.02758917618016248,0.0,192.0,117.0,0.0,75.0,28.65671641791045,1349.1324683460386,0.6667027585277918,0.6352984928525984,0.846257496596081,0.9422343883488786,6.89084645924975,7.635730502806837,7.5575492177775425,8.289339351176748,0.6667027585277918,0.846257496596081,/home/aaa/data/qj/stable-baselines3-master/risk_curriculum_metadrive/outputs/gated_risk_proposed_nenv16_seed2_1m/runs/proposed_gated_risk_ppo_s2/config.json,/home/aaa/data/qj/stable-baselines3-master/risk_curriculum_metadrive/outputs/gated_risk_proposed_nenv16_seed2_1m/runs/proposed_gated_risk_ppo_s2/model/final_model.zip
gated_risk,refinement,proposed_gated_risk,ppo,2,0.25,10000,10016,16,0.0,1.0,0.2703482577494315,1.0,1.0,0.0,0.0,322.0,95.93076985963442,-117.18836370103219,14.560199454517663,18.19979968455547,0.6639635510757002,0.12422360248447205,0.0,0.2703482577494315,129.96758808637125,3.4161750214777102,0.45051687101979404,0.10440987939713965,0.6595744680851063,247.0,0.0,47.0,200.0,76.70807453416148,1900.4738307204234,0.6355063230799285,0.5951695056864992,0.8318086045619565,0.9100433943967803,4.403971751722701,5.8145163508015685,5.03947807480263,6.445896389777772,0.6355063230799285,0.8318086045619565,/home/aaa/data/qj/stable-baselines3-master/risk_curriculum_metadrive/outputs/gated_risk_proposed_nenv16_seed2_1m/runs/proposed_gated_risk_ppo_s2/config.json,/home/aaa/data/qj/stable-baselines3-master/risk_curriculum_metadrive/outputs/gated_risk_proposed_nenv16_seed2_1m/runs/proposed_gated_risk_ppo_s2/model/final_model.zip
gated_risk,refinement,proposed_gated_risk,ppo,2,0.25,10000,10017,17,0.0,0.0,0.43386833576570427,0.0,0.0,0.0,0.0,1500.0,296.9528902886813,-55.98631774095735,8.223586475027881,6.8120027466838575,2.1902806469326954,0.03933333333333333,0.0,433868.3357657043,340.9275657554311,80.23718013183759,2.870323643967135,0.02736914724070611,0.002654867256637168,453.0,239.0,5.0,209.0,30.2,1328.7279923999033,0.6867676045318755,0.641190999886021,0.8964743945398368,1.012265277240658,16.745608909909304,32.80994224769529,17.432376514441177,33.6184623913141,0.6867676045318755,0.8964743945398368,/home/aaa/data/qj/stable-baselines3-master/risk_curriculum_metadrive/outputs/gated_risk_proposed_nenv16_seed2_1m/runs/proposed_gated_risk_ppo_s2/config.json,/home/aaa/data/qj/stable-baselines3-master/risk_curriculum_metadrive/outputs/gated_risk_proposed_nenv16_seed2_1m/runs/proposed_gated_risk_ppo_s2/model/final_model.zip
gated_risk,refinement,proposed_gated_risk,ppo,2,0.25,10000,10018,18,0.0,0.0,0.31521982310962415,0.0,0.0,0.0,0.0,1500.0,111.93139132186343,-144.99671623403657,3.5680645581133423,0.6885804952301666,0.17906038986787542,0.66,0.0,315219.82310962415,145.31059447484571,281.72083132016144,2.6067686963058643,0.017618405751296744,0.000975609756097561,275.0,188.0,2.0,85.0,18.333333333333332,1892.497935156438,0.7779907897347584,0.7713140003033914,1.0063728506793266,1.134537402249407,11.370475274753213,13.724807395192329,12.148466064487971,14.582816342590377,0.7779907897347584,1.0063728506793266,/home/aaa/data/qj/stable-baselines3-master/risk_curriculum_metadrive/outputs/gated_risk_proposed_nenv16_seed2_1m/runs/proposed_gated_risk_ppo_s2/config.json,/home/aaa/data/qj/stable-baselines3-master/risk_curriculum_metadrive/outputs/gated_risk_proposed_nenv16_seed2_1m/runs/proposed_gated_risk_ppo_s2/model/final_model.zip
gated_risk,refinement,proposed_gated_risk,ppo,2,0.25,10000,10019,19,0.0,0.0,0.8908226948478242,0.0,0.0,0.0,0.0,1500.0,529.5176830970955,188.74449123965266,14.634906423157634,18.155638041409787,3.850502574029571,0.026,0.0,890822.6948478242,608.6747567689479,70.36429185886064,4.949315157817154,0.009840962040692474,0.001937984496124031,959.0,92.0,6.0,861.0,63.93333333333333,1575.5540858810991,0.7785583701430975,0.7663140058866702,1.0043446403869893,1.1124733554606792,16.89355102800376,32.92872975143837,17.67210939814686,33.65930740110343,0.7785583701430975,1.0043446403869893,/home/aaa/data/qj/stable-baselines3-master/risk_curriculum_metadrive/outputs/gated_risk_proposed_nenv16_seed2_1m/runs/proposed_gated_risk_ppo_s2/config.json,/home/aaa/data/qj/stable-baselines3-master/risk_curriculum_metadrive/outputs/gated_risk_proposed_nenv16_seed2_1m/runs/proposed_gated_risk_ppo_s2/model/final_model.zip
gated_risk,refinement,proposed_gated_risk,ppo,2,0.25,20000,20000,0,0.0,1.0,0.4735939076330151,1.0,1.0,0.0,0.0,482.0,128.79742932386864,-82.35492912008641,12.349674697321593,13.334015116166107,3.8902231452150753,0.01037344398340249,0.0,0.4735939076330151,164.8757156051012,54.84715574391026,2.343301187313067,0.017739674229355365,0.008356545961002786,195.0,57.0,6.0,132.0,40.45643153526971,1182.7090441084142,0.7580787690232713,0.7455349987139925,1.0041187044407707,1.1119875659642275,7.104631240735182,9.161140497599261,7.8627100097584535,9.772828745190052,0.7580787690232713,1.0041187044407707,/home/aaa/data/qj/stable-baselines3-master/risk_curriculum_metadrive/outputs/gated_risk_proposed_nenv16_seed2_1m/runs/proposed_gated_risk_ppo_s2/config.json,/home/aaa/data/qj/stable-baselines3-master/risk_curriculum_metadrive/outputs/gated_risk_proposed_nenv16_seed2_1m/runs/proposed_gated_risk_ppo_s2/model/final_model.zip
gated_risk,refinement,proposed_gated_risk,ppo,2,0.25,20000,20001,1,0.0,1.0,0.6923370543015266,1.0,1.0,0.0,0.0,1041.0,290.3045292071307,-91.72672738978298,12.47541299603724,16.103612849643497,1.4117169563956538,0.0787704130643612,0.0,0.6923370543015266,360.1471268749857,30.915381600208143,1.2462999073733403,0.019225330806131254,0.01593625498007968,521.0,97.0,11.0,413.0,50.048030739673386,1446.6310047250483,0.6991737365706329,0.665998988552019,0.9604439983377233,1.087907195324078,6.593394401461654,9.706191995064728,7.292568138032287,10.524435987463221,0.6991737365706329,0.9604439983377233,/home/aaa/data/qj/stable-baselines3-master/risk_curriculum_metadrive/outputs/gated_risk_proposed_nenv16_seed2_1m/runs/proposed_gated_risk_ppo_s2/config.json,/home/aaa/data/qj/stable-baselines3-master/risk_curriculum_metadrive/outputs/gated_risk_proposed_nenv16_seed2_1m/runs/proposed_gated_risk_ppo_s2/model/final_model.zip
gated_risk,refinement,proposed_gated_risk,ppo,2,0.25,20000,20002,2,0.0,0.0,0.7521272512487845,0.0,0.0,0.0,0.0,1500.0,331.6396929068008,-14.836314078769366,9.052960637346978,6.5141351914453836,0.7374437983553888,0.11066666666666666,0.0,752127.2512487846,374.6183401804315,120.51817123489305,3.410492948718509,0.036906901092512504,0.010559662090813094,638.0,200.0,41.0,397.0,42.53333333333333,1703.066645623151,0.7714912187269268,0.7593730042572133,1.0092011449160052,1.140284658613382,12.971723937817538,18.02125599788269,13.743215156544466,18.846393147396157,0.7714912187269268,1.0092011449160052,/home/aaa/data/qj/stable-baselines3-master/risk_curriculum_metadrive/outputs/gated_risk_proposed_nenv16_seed2_1m/runs/proposed_gated_risk_ppo_s2/config.json,/home/aaa/data/qj/stable-baselines3-master/risk_curriculum_metadrive/outputs/gated_risk_proposed_nenv16_seed2_1m/runs/proposed_gated_risk_ppo_s2/model/final_model.zip
gated_risk,refinement,proposed_gated_risk,ppo,2,0.25,20000,20003,3,0.0,1.0,0.3356590088816478,1.0,1.0,0.0,0.0,1255.0,192.37691232965255,-188.93254661128023,6.500340264044435,4.46344303911449,1.573410484966605,0.054183266932270914,0.0,0.3356590088816478,225.5329605935936,133.70388086979926,7.055397582159647,0.030426433185230414,0.0,367.0,236.0,3.0,128.0,29.243027888446214,1627.2566060147967,0.8196662891024457,0.7838110032025725,1.0058663974632507,1.1202596451039435,17.503154101253735,22.23482730332762,18.32282039035618,23.06346080295043,0.8196662891024457,1.0058663974632507,/home/aaa/data/qj/stable-baselines3-master/risk_curriculum_metadrive/outputs/gated_risk_proposed_nenv16_seed2_1m/runs/proposed_gated_risk_ppo_s2/config.json,/home/aaa/data/qj/stable-baselines3-master/risk_curriculum_metadrive/outputs/gated_risk_proposed_nenv16_seed2_1m/runs/proposed_gated_risk_ppo_s2/model/final_model.zip
gated_risk,refinement,proposed_gated_risk,ppo,2,0.25,20000,20004,4,1.0,0.0,0.9906285324282811,0.0,0.0,0.0,0.0,1247.0,434.8869140683991,191.02957099638962,14.504087527393551,18.11967365097586,5.492740460478649,0.009623095429029671,0.0,990628.5324282811,501.6565575888912,76.67058534889671,3.806213312041896,0.016893699689256372,0.022113022113022112,806.0,79.0,18.0,709.0,64.63512429831596,1606.6768943953864,0.8169537512925338,0.7854019931983203,1.0262187963235192,1.1140838349820112,7.191847062059797,12.526110495673494,8.008800813352332,13.330951107491273,0.8169537512925338,1.0262187963235192,/home/aaa/data/qj/stable-baselines3-master/risk_curriculum_metadrive/outputs/gated_risk_proposed_nenv16_seed2_1m/runs/proposed_gated_risk_ppo_s2/config.json,/home/aaa/data/qj/stable-baselines3-master/risk_curriculum_metadrive/outputs/gated_risk_proposed_nenv16_seed2_1m/runs/proposed_gated_risk_ppo_s2/model/final_model.zip
gated_risk,refinement,proposed_gated_risk,ppo,2,0.25,20000,20005,5,0.0,0.0,0.6741605215150772,0.0,0.0,0.0,0.0,1500.0,288.58303730526166,-204.54066563918875,9.302913319072532,6.7778362132397465,2.9189619977651016,0.013333333333333334,0.0,674160.5215150772,386.9254606133224,76.25911637285358,2.865163717521138,0.027229736890177877,0.003727865796831314,606.0,225.0,8.0,373.0,40.400000000000006,1566.193134562452,0.8238530140273118,0.7834149946575053,1.0254391461785417,1.1308401354472153,20.236690629972145,27.29984144170885,21.060543643999456,28.092168291914277,0.8238530140273118,1.0254391461785417,/home/aaa/data/qj/stable-baselines3-master/risk_curriculum_metadrive/outputs/gated_risk_proposed_nenv16_seed2_1m/runs/proposed_gated_risk_ppo_s2/config.json,/home/aaa/data/qj/stable-baselines3-master/risk_curriculum_metadrive/outputs/gated_risk_proposed_nenv16_seed2_1m/runs/proposed_gated_risk_ppo_s2/model/final_model.zip
gated_risk,refinement,proposed_gated_risk,ppo,2,0.25,20000,20006,6,0.0,0.0,0.8404959968743899,0.0,0.0,0.0,0.0,1500.0,426.71110607567306,54.563292942246036,11.714184132301943,11.43479583376422,3.1445466925361214,0.021333333333333333,0.0,840495.9968743899,487.4075826664407,28.330940909720148,2.4128026691128213,0.025766853989249886,0.017467248908296942,712.0,206.0,24.0,482.0,47.46666666666667,1460.7897482942114,0.827464891820758,0.7853274946683086,1.0358632949646562,1.1597850822727196,11.13795596717197,14.452322507713689,11.96542085899273,15.30373549903743,0.827464891820758,1.0358632949646562,/home/aaa/data/qj/stable-baselines3-master/risk_curriculum_metadrive/outputs/gated_risk_proposed_nenv16_seed2_1m/runs/proposed_gated_risk_ppo_s2/config.json,/home/aaa/data/qj/stable-baselines3-master/risk_curriculum_metadrive/outputs/gated_risk_proposed_nenv16_seed2_1m/runs/proposed_gated_risk_ppo_s2/model/final_model.zip
gated_risk,refinement,proposed_gated_risk,ppo,2,0.25,20000,20007,7,1.0,0.0,0.9884743391666506,0.0,0.0,0.0,0.0,1016.0,395.67597907726037,191.6521688798229,15.543698302129478,18.255581310647408,5.43297416758659,0.05019685039370079,0.0,988474.3391666507,437.967764984618,50.45893635146547,1.2662957087282156,0.041806377083136816,0.13564668769716087,746.0,26.0,57.0,663.0,73.4251968503937,1703.321704569286,0.7938903611751253,0.7662110001547262,1.0051272547570989,1.118140597100137,7.945614694122694,12.513239995314507,8.739505055297819,13.382143508351874,0.7938903611751253,1.0051272547570989,/home/aaa/data/qj/stable-baselines3-master/risk_curriculum_metadrive/outputs/gated_risk_proposed_nenv16_seed2_1m/runs/proposed_gated_risk_ppo_s2/config.json,/home/aaa/data/qj/stable-baselines3-master/risk_curriculum_metadrive/outputs/gated_risk_proposed_nenv16_seed2_1m/runs/proposed_gated_risk_ppo_s2/model/final_model.zip
gated_risk,refinement,proposed_gated_risk,ppo,2,0.25,20000,20008,8,0.0,1.0,0.40789694877964144,1.0,1.0,0.0,0.0,895.0,209.36574181262873,-133.30317398982035,10.740551376189764,10.110269829242181,1.5991998245669108,0.060335195530726256,0.0,0.40789694877964144,266.3114073795051,91.23734598896382,2.389637898974247,0.022845392568924636,0.005405405405405406,435.0,96.0,6.0,333.0,48.60335195530726,1633.4260867019732,0.8118029575867776,0.7748700008960441,0.9994716019718907,1.099056001694407,15.472383397194301,18.419885700859595,16.28418635478108,19.260182102152612,0.8118029575867776,0.9994716019718907,/home/aaa/data/qj/stable-baselines3-master/risk_curriculum_metadrive/outputs/gated_risk_proposed_nenv16_seed2_1m/runs/proposed_gated_risk_ppo_s2/config.json,/home/aaa/data/qj/stable-baselines3-master/risk_curriculum_metadrive/outputs/gated_risk_proposed_nenv16_seed2_1m/runs/proposed_gated_risk_ppo_s2/model/final_model.zip
gated_risk,refinement,proposed_gated_risk,ppo,2,0.25,20000,20009,9,0.0,1.0,0.7590328630510808,1.0,1.0,0.0,0.0,849.0,247.04675817998742,-82.268548801321,13.059402520786712,18.0533913393041,0.015502124619868113,0.1978798586572438,0.0,0.7590328630510808,307.4756506175737,27.32618774820717,0.03497030837568547,0.13900086077473495,0.5098039215686274,636.0,37.0,151.0,448.0,74.91166077738515,2068.4564736185635,0.8272169751011754,0.7875820010667667,1.019151406944729,1.1493060382781548,9.158033785757551,16.61052820563782,9.985250760858728,17.461273007211275,0.8272169751011754,1.019151406944729,/home/aaa/data/qj/stable-baselines3-master/risk_curriculum_metadrive/outputs/gated_risk_proposed_nenv16_seed2_1m/runs/proposed_gated_risk_ppo_s2/config.json,/home/aaa/data/qj/stable-baselines3-master/risk_curriculum_metadrive/outputs/gated_risk_proposed_nenv16_seed2_1m/runs/proposed_gated_risk_ppo_s2/model/final_model.zip
gated_risk,refinement,proposed_gated_risk,ppo,2,0.25,20000,20010,10,1.0,0.0,0.9890427916098621,0.0,0.0,0.0,0.0,1245.0,419.01904950966957,172.80927936130252,12.914787799554487,15.20799539945556,4.623285542359311,0.00963855421686747,0.0,989042.7916098621,445.67222341217115,86.85665729437018,2.2629870396363114,0.02513764228020408,0.025,633.0,126.0,19.0,488.0,50.84337349397591,1420.3263446700882,0.8000394635194217,0.7717419939581305,0.9903068013954905,1.1087679245974864,7.249598763929867,10.356918201432563,8.04963822744929,11.187972401967272,0.8000394635194217,0.9903068013954905,/home/aaa/data/qj/stable-baselines3-master/risk_curriculum_metadrive/outputs/gated_risk_proposed_nenv16_seed2_1m/runs/proposed_gated_risk_ppo_s2/config.json,/home/aaa/data/qj/stable-baselines3-master/risk_curriculum_metadrive/outputs/gated_risk_proposed_nenv16_seed2_1m/runs/proposed_gated_risk_ppo_s2/model/final_model.zip
gated_risk,refinement,proposed_gated_risk,ppo,2,0.25,20000,20011,11,1.0,0.0,0.9915366822768537,0.0,0.0,0.0,0.0,1470.0,476.87358824685947,151.64228366602276,13.477058007084201,18.035198942373036,0.10706663257163423,0.1435374149659864,0.0,991536.6822768537,549.1646723870482,29.02035848140341,0.35707635792808007,0.0987867396474342,0.26057529610829105,1021.0,78.0,187.0,756.0,69.45578231292518,1859.1873282052725,0.6939329401266027,0.6473780013038777,0.9617521063773893,1.1033028391830155,12.371927758537828,19.049989896302577,13.065860698664432,19.986340704053873,0.6939329401266027,0.9617521063773893,/home/aaa/data/qj/stable-baselines3-master/risk_curriculum_metadrive/outputs/gated_risk_proposed_nenv16_seed2_1m/runs/proposed_gated_risk_ppo_s2/config.json,/home/aaa/data/qj/stable-baselines3-master/risk_curriculum_metadrive/outputs/gated_risk_proposed_nenv16_seed2_1m/runs/proposed_gated_risk_ppo_s2/model/final_model.zip
gated_risk,refinement,proposed_gated_risk,ppo,2,0.25,20000,20012,12,0.0,1.0,0.6178167820660775,1.0,1.0,0.0,0.0,966.0,266.9525727659067,-76.90704913919402,11.918716383717253,15.960829425333717,1.6697841912068392,0.06832298136645963,0.0,0.6178167820660775,318.7007548637037,55.94983232504289,2.5283111364973356,0.026019500854959337,0.02178649237472767,513.0,100.0,12.0,401.0,53.105590062111794,1609.660448464864,0.6177746365575928,0.5717439998988993,0.8177407580660656,0.9417871544428635,5.732163348914641,9.15544400413637,6.349937985472233,9.769983993464848,0.6177746365575928,0.8177407580660656,/home/aaa/data/qj/stable-baselines3-master/risk_curriculum_metadrive/outputs/gated_risk_proposed_nenv16_seed2_1m/runs/proposed_gated_risk_ppo_s2/config.json,/home/aaa/data/qj/stable-baselines3-master/risk_curriculum_metadrive/outputs/gated_risk_proposed_nenv16_seed2_1m/runs/proposed_gated_risk_ppo_s2/model/final_model.zip
gated_risk,refinement,proposed_gated_risk,ppo,2,0.25,20000,20013,13,0.0,0.0,0.7301376946231716,0.0,0.0,0.0,0.0,1500.0,442.96980160202577,92.23951277152952,11.953146049598455,12.36737862440104,2.367462293621676,0.05333333333333334,0.0,730137.6946231716,497.51121753030276,46.30691604049661,2.640308917671241,0.022920505975706846,0.015384615384615385,712.0,158.0,27.0,527.0,47.46666666666667,1431.1235102083563,0.7923725740693044,0.7542309976997785,0.9829305454331916,1.1055873145232908,20.526026555346714,30.368564607488224,21.31839912941602,31.16878409709898,0.7923725740693044,0.9829305454331916,/home/aaa/data/qj/stable-baselines3-master/risk_curriculum_metadrive/outputs/gated_risk_proposed_nenv16_seed2_1m/runs/proposed_gated_risk_ppo_s2/config.json,/home/aaa/data/qj/stable-baselines3-master/risk_curriculum_metadrive/outputs/gated_risk_proposed_nenv16_seed2_1m/runs/proposed_gated_risk_ppo_s2/model/final_model.zip
gated_risk,refinement,proposed_gated_risk,ppo,2,0.25,20000,20014,14,0.0,1.0,0.41810957733842646,1.0,1.0,0.0,0.0,847.0,161.4219713217447,-236.0246262909833,9.496494691544513,8.839253649506707,4.808721641846663,0.0011806375442739079,0.0,0.41810957733842646,223.17632178663146,32.47928620885609,5.7221019440058205,0.030925644410310066,0.0,218.0,185.0,2.0,31.0,25.737898465171195,976.8061336203027,0.588648855765768,0.5561379948630929,0.7598168012918904,0.861495778954122,6.68800928211898,7.9788965012994595,7.2766581378847475,8.632511894393247,0.588648855765768,0.7598168012918904,/home/aaa/data/qj/stable-baselines3-master/risk_curriculum_metadrive/outputs/gated_risk_proposed_nenv16_seed2_1m/runs/proposed_gated_risk_ppo_s2/config.json,/home/aaa/data/qj/stable-baselines3-master/risk_curriculum_metadrive/outputs/gated_risk_proposed_nenv16_seed2_1m/runs/proposed_gated_risk_ppo_s2/model/final_model.zip
gated_risk,refinement,proposed_gated_risk,ppo,2,0.25,20000,20015,15,0.0,1.0,0.09657272220796166,1.0,1.0,0.0,0.0,134.0,36.407411246004315,-115.05276462843801,14.760856030005943,18.125848858798904,3.280553134224094,0.05970149253731343,1.0,0.09657272220796166,54.66232297065014,4.231744356624805,0.669507789632724,0.06280306179345617,0.6923076923076923,89.0,0.0,12.0,77.0,66.4179104477612,1628.1781520296313,0.5392213277093051,0.508905497554224,0.7268733417731708,0.8016938299988395,3.54233896338082,5.261811797390692,4.081560291090125,5.853990501782391,0.5392213277093051,0.7268733417731708,/home/aaa/data/qj/stable-baselines3-master/risk_curriculum_metadrive/outputs/gated_risk_proposed_nenv16_seed2_1m/runs/proposed_gated_risk_ppo_s2/config.json,/home/aaa/data/qj/stable-baselines3-master/risk_curriculum_metadrive/outputs/gated_risk_proposed_nenv16_seed2_1m/runs/proposed_gated_risk_ppo_s2/model/final_model.zip
gated_risk,refinement,proposed_gated_risk,ppo,2,0.25,20000,20016,16,0.0,1.0,0.40808664782426707,1.0,1.0,0.0,0.0,1279.0,208.61359969060757,-264.5331240744467,8.209743401384545,6.132436982414798,1.6322102896145834,0.06411258795934324,0.0,0.40808664782426707,289.78055064933864,115.36165797744187,4.767601433936393,0.02925248919776318,0.0010964912280701754,458.0,197.0,2.0,259.0,35.80922595777952,1580.50634859281,0.5973957832410248,0.5603939935099334,0.7733089951216242,0.8686573928571306,8.528135847620684,9.651560592465103,9.125531630861708,10.271685493353289,0.5973957832410248,0.7733089951216242,/home/aaa/data/qj/stable-baselines3-master/risk_curriculum_metadrive/outputs/gated_risk_proposed_nenv16_seed2_1m/runs/proposed_gated_risk_ppo_s2/config.json,/home/aaa/data/qj/stable-baselines3-master/risk_curriculum_metadrive/outputs/gated_risk_proposed_nenv16_seed2_1m/runs/proposed_gated_risk_ppo_s2/model/final_model.zip
gated_risk,refinement,proposed_gated_risk,ppo,2,0.25,20000,20017,17,0.0,0.0,0.8997198089296803,0.0,0.0,0.0,0.0,1500.0,494.84908282259437,109.32469853135815,13.342454746008181,14.862798204346749,5.331749305007535,0.010666666666666666,0.0,899719.8089296804,554.8237493317982,49.50145767312666,1.8047933716743305,0.021611735171892684,0.02316076294277929,717.0,124.0,32.0,561.0,47.8,1292.3022867415439,0.5631346400089873,0.533250997250434,0.734231059323065,0.8237374815507791,6.680717259955903,8.904365041234996,7.24385189996489,9.476998896570876,0.5631346400089873,0.734231059323065,/home/aaa/data/qj/stable-baselines3-master/risk_curriculum_metadrive/outputs/gated_risk_proposed_nenv16_seed2_1m/runs/proposed_gated_risk_ppo_s2/config.json,/home/aaa/data/qj/stable-baselines3-master/risk_curriculum_metadrive/outputs/gated_risk_proposed_nenv16_seed2_1m/runs/proposed_gated_risk_ppo_s2/model/final_model.zip
gated_risk,refinement,proposed_gated_risk,ppo,2,0.25,20000,20018,18,0.0,1.0,0.4346572226402245,1.0,1.0,0.0,0.0,1170.0,280.03710439785715,-124.8060382730852,10.399156944755337,7.5981239017102435,2.858859435021734,0.010256410256410256,0.0,0.4346572226402245,337.3322511460844,127.57989214047802,6.47960099844394,0.02274818307540356,0.0,526.0,151.0,2.0,373.0,44.95726495726496,1559.293539864386,0.5498166740812266,0.5216290010139346,0.7167809490056243,0.8136253964039494,10.556215994693359,12.145800091821002,11.106032668774585,12.679837952600792,0.5498166740812266,0.7167809490056243,/home/aaa/data/qj/stable-baselines3-master/risk_curriculum_metadrive/outputs/gated_risk_proposed_nenv16_seed2_1m/runs/proposed_gated_risk_ppo_s2/config.json,/home/aaa/data/qj/stable-baselines3-master/risk_curriculum_metadrive/outputs/gated_risk_proposed_nenv16_seed2_1m/runs/proposed_gated_risk_ppo_s2/model/final_model.zip
gated_risk,refinement,proposed_gated_risk,ppo,2,0.25,20000,20019,19,1.0,0.0,0.9908933094224274,0.0,0.0,0.0,0.0,1361.0,486.3168256726654,207.4803657411715,14.785998285573848,18.052208536853257,6.384162021290269,0.011756061719324026,0.0,990893.3094224274,558.2847573949632,28.53617502089724,3.315687309205047,0.014710469600717216,0.007575757575757576,827.0,102.0,13.0,712.0,60.76414401175606,1481.3229074332976,0.46451017198537414,0.46482699690386653,0.6265580013860017,0.721306001651101,7.527414078646819,12.697948011918925,7.991924250632193,13.212913007009774,0.46451017198537414,0.6265580013860017,/home/aaa/data/qj/stable-baselines3-master/risk_curriculum_metadrive/outputs/gated_risk_proposed_nenv16_seed2_1m/runs/proposed_gated_risk_ppo_s2/config.json,/home/aaa/data/qj/stable-baselines3-master/risk_curriculum_metadrive/outputs/gated_risk_proposed_nenv16_seed2_1m/runs/proposed_gated_risk_ppo_s2/model/final_model.zip
