label,role,variant,algo,train_seed,density,scenario_start_seed,map_seed,episode,success,cost,route_completion,collision,crash_vehicle,crash_object,out_of_road,episode_length,reward,shaped_reward,mean_speed_kmh,median_speed_kmh,p10_speed_kmh,stop_ratio,low_progress,progress_per_cost,path_length_m,mean_ttc,min_ttc,ttc_risk_mean,ttc_dangerous_fraction,intervention_count,soft_guard_count,hard_shield_count,overspeed_guard_count,intervention_rate_per_100_steps,intervention_rate_per_km,policy_inference_ms_mean,policy_inference_ms_p50,policy_inference_ms_p95,policy_inference_ms_p99,env_step_wall_ms_mean,env_step_wall_ms_p95,control_loop_wall_ms_mean,control_loop_wall_ms_p95,total_action_latency_ms_mean,total_action_latency_ms_p95,source_config_json,source_model_path,source_file
baseline,lower_bound,baseline,ppo,0,0.15,10000,10000,0,0.0,1.0,0.1316332835508133,1.0,1.0,0.0,0.0,68.0,44.274563614377016,44.274563614377016,35.035588083685674,36.96208287379398,8.241123833377321,0.0,1.0,0.1316332835508133,65.17146702378177,12.104739763246982,0.5707346739365338,0.2678008152820413,0.6481481481481481,0.0,0.0,0.0,0.0,0.0,0.0,4.193873234993696,0.8726730011403561,4.601539404393406,68.32839262657185,11.544731250871658,18.92015970879584,15.738604485865354,21.05377489424427,4.193873234993696,4.601539404393406,/home/aaa/data/qj/stable-baselines3-master/risk_curriculum_metadrive/outputs/tuned_compare_baseline_nenv16_seed0_1m/runs/baseline_ppo_s0/config.json,/home/aaa/data/qj/stable-baselines3-master/risk_curriculum_metadrive/outputs/tuned_compare_baseline_nenv16_seed0_1m/runs/baseline_ppo_s0/model/final_model.zip,results/ijmlc_control/raw_csv/p1_d015_core_parallel2_20260701_1648_baseline_s0_episodes.csv
baseline,lower_bound,baseline,ppo,0,0.15,10000,10001,1,0.0,1.0,0.2222494136685973,1.0,1.0,0.0,0.0,93.0,65.51512623812133,65.51512623812133,43.404933493231866,49.9290761879663,10.82145209296973,0.0,0.0,0.2222494136685973,111.06713200648149,1.356385022887711,0.5175778384785886,0.0880079280505033,0.9090909090909092,0.0,0.0,0.0,0.0,0.0,0.0,1.291558128638914,0.9150749974651262,4.15393219445832,5.475191207369787,7.887505376504944,14.164663400151763,9.179063505143858,15.94451620185282,1.291558128638914,4.15393219445832,/home/aaa/data/qj/stable-baselines3-master/risk_curriculum_metadrive/outputs/tuned_compare_baseline_nenv16_seed0_1m/runs/baseline_ppo_s0/config.json,/home/aaa/data/qj/stable-baselines3-master/risk_curriculum_metadrive/outputs/tuned_compare_baseline_nenv16_seed0_1m/runs/baseline_ppo_s0/model/final_model.zip,results/ijmlc_control/raw_csv/p1_d015_core_parallel2_20260701_1648_baseline_s0_episodes.csv
baseline,lower_bound,baseline,ppo,0,0.15,10000,10002,2,0.0,1.0,0.165246738567926,1.0,1.0,0.0,0.0,80.0,69.71157397567644,69.71157397567644,40.20595939817915,42.97479219393937,9.447930939272672,0.0,1.0,0.165246738567926,87.8826203505605,5.4048149832633055,0.5204306271281544,0.2441936060880782,0.5652173913043478,0.0,0.0,0.0,0.0,0.0,0.0,1.05875279969041,0.846752998768352,1.6805749968625556,5.09827095884247,8.88881754981412,15.41504575361614,9.947570349504533,17.296504934347464,1.05875279969041,1.6805749968625556,/home/aaa/data/qj/stable-baselines3-master/risk_curriculum_metadrive/outputs/tuned_compare_baseline_nenv16_seed0_1m/runs/baseline_ppo_s0/config.json,/home/aaa/data/qj/stable-baselines3-master/risk_curriculum_metadrive/outputs/tuned_compare_baseline_nenv16_seed0_1m/runs/baseline_ppo_s0/model/final_model.zip,results/ijmlc_control/raw_csv/p1_d015_core_parallel2_20260701_1648_baseline_s0_episodes.csv
baseline,lower_bound,baseline,ppo,0,0.15,10000,10003,3,0.0,1.0,0.372660512076618,0.0,0.0,0.0,1.0,119.0,81.90852171384593,81.90852171384593,53.510923388546914,65.18383434651058,14.060866735786812,0.0,0.0,0.372660512076618,175.3081578788873,3.631828295905312,0.5621274682573394,0.0923553885121166,0.8,0.0,0.0,0.0,0.0,0.0,0.0,1.4583286129822564,0.915878001251258,4.432642392930574,5.756360731611488,5.354752025259815,10.910206101834772,6.813080638242072,12.437275199044958,1.4583286129822564,4.432642392930574,/home/aaa/data/qj/stable-baselines3-master/risk_curriculum_metadrive/outputs/tuned_compare_baseline_nenv16_seed0_1m/runs/baseline_ppo_s0/config.json,/home/aaa/data/qj/stable-baselines3-master/risk_curriculum_metadrive/outputs/tuned_compare_baseline_nenv16_seed0_1m/runs/baseline_ppo_s0/model/final_model.zip,results/ijmlc_control/raw_csv/p1_d015_core_parallel2_20260701_1648_baseline_s0_episodes.csv
baseline,lower_bound,baseline,ppo,0,0.15,10000,10004,4,0.0,1.0,0.1729315466584124,1.0,1.0,0.0,0.0,80.0,22.85741652775617,22.85741652775617,42.41955233812735,44.47897825290505,9.714169539425074,0.0,1.0,0.1729315466584124,92.91542339820089,3.9093731046699824,0.4629124578879116,0.2275538310276189,0.6981132075471698,0.0,0.0,0.0,0.0,0.0,0.0,1.2778161872120108,0.9779039974091576,2.930138946248917,3.4029264051059696,8.655151249695336,18.84211415381287,9.932967436907347,21.27868239913368,1.2778161872120108,2.930138946248917,/home/aaa/data/qj/stable-baselines3-master/risk_curriculum_metadrive/outputs/tuned_compare_baseline_nenv16_seed0_1m/runs/baseline_ppo_s0/config.json,/home/aaa/data/qj/stable-baselines3-master/risk_curriculum_metadrive/outputs/tuned_compare_baseline_nenv16_seed0_1m/runs/baseline_ppo_s0/model/final_model.zip,results/ijmlc_control/raw_csv/p1_d015_core_parallel2_20260701_1648_baseline_s0_episodes.csv
baseline,lower_bound,baseline,ppo,0,0.15,10000,10005,5,0.0,1.0,0.1685689370637841,1.0,1.0,0.0,0.0,79.0,50.26837802781831,50.26837802781831,36.78121882323084,42.44265486925069,9.77190338671184,0.0,1.0,0.1685689370637841,79.53259492721466,2.305697290670501,0.2695275623370363,0.2864828197261746,1.0,0.0,0.0,0.0,0.0,0.0,0.0,1.338968823053815,0.9576510055921972,4.279747205146122,5.566494478262028,8.314697442154836,15.536911891831547,9.653666265208653,16.974053683225062,1.338968823053815,4.279747205146122,/home/aaa/data/qj/stable-baselines3-master/risk_curriculum_metadrive/outputs/tuned_compare_baseline_nenv16_seed0_1m/runs/baseline_ppo_s0/config.json,/home/aaa/data/qj/stable-baselines3-master/risk_curriculum_metadrive/outputs/tuned_compare_baseline_nenv16_seed0_1m/runs/baseline_ppo_s0/model/final_model.zip,results/ijmlc_control/raw_csv/p1_d015_core_parallel2_20260701_1648_baseline_s0_episodes.csv
baseline,lower_bound,baseline,ppo,0,0.15,10000,10006,6,0.0,1.0,0.1887612810249913,1.0,1.0,0.0,0.0,100.0,64.31312404321575,64.31312404321575,41.61755960079898,52.47198004990703,12.065865043029314,0.0,1.0,0.1887612810249913,114.6728669846736,5.97877413665541,0.7392199974759333,0.1474870946690731,0.5476190476190477,0.0,0.0,0.0,0.0,0.0,0.0,1.0391170805087313,0.9701309973024764,1.62311409949325,2.011020973004636,6.448424999980489,10.57068524096394,7.48754208048922,11.6313768477994,1.0391170805087313,1.62311409949325,/home/aaa/data/qj/stable-baselines3-master/risk_curriculum_metadrive/outputs/tuned_compare_baseline_nenv16_seed0_1m/runs/baseline_ppo_s0/config.json,/home/aaa/data/qj/stable-baselines3-master/risk_curriculum_metadrive/outputs/tuned_compare_baseline_nenv16_seed0_1m/runs/baseline_ppo_s0/model/final_model.zip,results/ijmlc_control/raw_csv/p1_d015_core_parallel2_20260701_1648_baseline_s0_episodes.csv
baseline,lower_bound,baseline,ppo,0,0.15,10000,10007,7,0.0,1.0,0.081200114988499,1.0,1.0,0.0,0.0,69.0,35.33606286860434,35.33606286860434,33.32628547208044,34.973186385258735,7.820084337424534,0.0,1.0,0.081200114988499,62.96233371923451,10.76688426319999,0.6893083678275269,0.2502610036582949,0.6166666666666667,0.0,0.0,0.0,0.0,0.0,0.0,1.4205403905193172,1.064855998265557,2.9890854028053555,3.7573372083716072,11.774219754759384,18.760386598296463,13.194760145278702,19.584446196677163,1.4205403905193172,2.9890854028053555,/home/aaa/data/qj/stable-baselines3-master/risk_curriculum_metadrive/outputs/tuned_compare_baseline_nenv16_seed0_1m/runs/baseline_ppo_s0/config.json,/home/aaa/data/qj/stable-baselines3-master/risk_curriculum_metadrive/outputs/tuned_compare_baseline_nenv16_seed0_1m/runs/baseline_ppo_s0/model/final_model.zip,results/ijmlc_control/raw_csv/p1_d015_core_parallel2_20260701_1648_baseline_s0_episodes.csv
baseline,lower_bound,baseline,ppo,0,0.15,10000,10008,8,0.0,1.0,0.227033745323106,1.0,1.0,0.0,0.0,97.0,52.24052116642154,52.24052116642154,41.55808647076455,50.88188894211466,11.215952406603533,0.0,0.0,0.227033745323106,111.1403246374542,1.8861599714962751,0.4485722827894419,0.1395045038090685,0.9047619047619048,0.0,0.0,0.0,0.0,0.0,0.0,1.1118304429362174,0.938789002248086,2.1304364112438607,3.5410579090239467,6.1154620006042,15.38012520177289,7.227292443540418,17.23509100556837,1.1118304429362174,2.1304364112438607,/home/aaa/data/qj/stable-baselines3-master/risk_curriculum_metadrive/outputs/tuned_compare_baseline_nenv16_seed0_1m/runs/baseline_ppo_s0/config.json,/home/aaa/data/qj/stable-baselines3-master/risk_curriculum_metadrive/outputs/tuned_compare_baseline_nenv16_seed0_1m/runs/baseline_ppo_s0/model/final_model.zip,results/ijmlc_control/raw_csv/p1_d015_core_parallel2_20260701_1648_baseline_s0_episodes.csv
baseline,lower_bound,baseline,ppo,0,0.15,10000,10009,9,0.0,1.0,0.1546409710992245,1.0,1.0,0.0,0.0,69.0,27.877316723028606,27.877316723028606,35.38891446107349,37.08661013891391,8.24329583063841,0.0,1.0,0.1546409710992245,66.48950338304203,10.528605120315884,0.5589853104051116,0.2656066855497558,0.7307692307692307,0.0,0.0,0.0,0.0,0.0,0.0,1.16236852266846,1.0188339947490022,2.113671996630728,4.24384000711143,5.676845507232297,11.007758602499962,6.839214029900757,12.123905809130518,1.16236852266846,2.113671996630728,/home/aaa/data/qj/stable-baselines3-master/risk_curriculum_metadrive/outputs/tuned_compare_baseline_nenv16_seed0_1m/runs/baseline_ppo_s0/config.json,/home/aaa/data/qj/stable-baselines3-master/risk_curriculum_metadrive/outputs/tuned_compare_baseline_nenv16_seed0_1m/runs/baseline_ppo_s0/model/final_model.zip,results/ijmlc_control/raw_csv/p1_d015_core_parallel2_20260701_1648_baseline_s0_episodes.csv
baseline,lower_bound,baseline,ppo,0,0.15,10000,10010,10,0.0,1.0,0.337197011558799,1.0,1.0,0.0,0.0,158.0,99.1780190872087,99.1780190872087,43.839673190500335,49.810253381032425,16.704705025585877,0.0063291139240506,0.0,0.337197011558799,191.12864189850464,6.26681370485442,0.1780393009117934,0.2809253383590403,0.9375,0.0,0.0,0.0,0.0,0.0,0.0,1.204406189134704,0.9760169923538342,2.368631701392588,4.516964627255225,12.746632759790142,24.151494507532338,13.951038948924849,26.15343155339361,1.204406189134704,2.368631701392588,/home/aaa/data/qj/stable-baselines3-master/risk_curriculum_metadrive/outputs/tuned_compare_baseline_nenv16_seed0_1m/runs/baseline_ppo_s0/config.json,/home/aaa/data/qj/stable-baselines3-master/risk_curriculum_metadrive/outputs/tuned_compare_baseline_nenv16_seed0_1m/runs/baseline_ppo_s0/model/final_model.zip,results/ijmlc_control/raw_csv/p1_d015_core_parallel2_20260701_1648_baseline_s0_episodes.csv
baseline,lower_bound,baseline,ppo,0,0.15,10000,10011,11,0.0,1.0,0.1532793185730695,1.0,1.0,0.0,0.0,80.0,52.36899861300084,52.36899861300084,40.09524245940489,43.54982725595843,9.600743083774036,0.0,1.0,0.1532793185730695,87.66890274559101,5.0226729575089015,0.3360558380535446,0.223287455757731,0.5967741935483871,0.0,0.0,0.0,0.0,0.0,0.0,1.1355625498254085,0.8925360016291961,2.503659950161815,5.120092543365892,10.19123446312733,19.17403574698255,11.326797012952738,20.216245816118317,1.1355625498254085,2.503659950161815,/home/aaa/data/qj/stable-baselines3-master/risk_curriculum_metadrive/outputs/tuned_compare_baseline_nenv16_seed0_1m/runs/baseline_ppo_s0/config.json,/home/aaa/data/qj/stable-baselines3-master/risk_curriculum_metadrive/outputs/tuned_compare_baseline_nenv16_seed0_1m/runs/baseline_ppo_s0/model/final_model.zip,results/ijmlc_control/raw_csv/p1_d015_core_parallel2_20260701_1648_baseline_s0_episodes.csv
baseline,lower_bound,baseline,ppo,0,0.15,10000,10012,12,0.0,1.0,0.1647960750465372,1.0,1.0,0.0,0.0,74.0,37.28055911705387,37.28055911705387,35.88674517230547,39.77143345845535,8.780485303425728,0.0,1.0,0.1647960750465372,72.68543540643535,1.3924658985751155,0.8419964924763443,0.1170011059921584,1.0,0.0,0.0,0.0,0.0,0.0,0.0,0.958018514014642,0.9087639991776086,1.3848549460817583,2.091425747494213,3.7843625812800727,4.764810603955993,4.742381095294715,5.75443160123541,0.958018514014642,1.3848549460817583,/home/aaa/data/qj/stable-baselines3-master/risk_curriculum_metadrive/outputs/tuned_compare_baseline_nenv16_seed0_1m/runs/baseline_ppo_s0/config.json,/home/aaa/data/qj/stable-baselines3-master/risk_curriculum_metadrive/outputs/tuned_compare_baseline_nenv16_seed0_1m/runs/baseline_ppo_s0/model/final_model.zip,results/ijmlc_control/raw_csv/p1_d015_core_parallel2_20260701_1648_baseline_s0_episodes.csv
baseline,lower_bound,baseline,ppo,0,0.15,10000,10013,13,0.0,1.0,0.141242211140361,0.0,0.0,0.0,1.0,82.0,25.31002961644388,25.31002961644388,37.366354848974375,43.03726237445099,9.73255551051388,0.0,1.0,0.141242211140361,84.16569041622002,,,0.0,0.0,0.0,0.0,0.0,0.0,0.0,0.0,0.9397748790655808,0.9081160023924896,1.1785156442783775,1.2700205235159951,5.598711621132679,6.649517138430383,6.53848650019826,7.711027951154392,0.9397748790655808,1.1785156442783775,/home/aaa/data/qj/stable-baselines3-master/risk_curriculum_metadrive/outputs/tuned_compare_baseline_nenv16_seed0_1m/runs/baseline_ppo_s0/config.json,/home/aaa/data/qj/stable-baselines3-master/risk_curriculum_metadrive/outputs/tuned_compare_baseline_nenv16_seed0_1m/runs/baseline_ppo_s0/model/final_model.zip,results/ijmlc_control/raw_csv/p1_d015_core_parallel2_20260701_1648_baseline_s0_episodes.csv
baseline,lower_bound,baseline,ppo,0,0.15,10000,10014,14,0.0,1.0,0.0828262420590595,0.0,0.0,0.0,1.0,68.0,23.51695999425823,23.51695999425823,35.245057685267895,36.67672186865654,8.158751233819226,0.0,1.0,0.0828262420590595,65.32466847470525,,,0.0,0.0,0.0,0.0,0.0,0.0,0.0,0.0,1.7093794569304652,0.926350498048123,5.0187425935291685,5.702163043897599,15.844684706227032,24.889519553107675,17.5540641631575,26.785901249968447,1.7093794569304652,5.0187425935291685,/home/aaa/data/qj/stable-baselines3-master/risk_curriculum_metadrive/outputs/tuned_compare_baseline_nenv16_seed0_1m/runs/baseline_ppo_s0/config.json,/home/aaa/data/qj/stable-baselines3-master/risk_curriculum_metadrive/outputs/tuned_compare_baseline_nenv16_seed0_1m/runs/baseline_ppo_s0/model/final_model.zip,results/ijmlc_control/raw_csv/p1_d015_core_parallel2_20260701_1648_baseline_s0_episodes.csv
baseline,lower_bound,baseline,ppo,0,0.15,10000,10015,15,0.0,1.0,0.2401545882047187,1.0,1.0,0.0,0.0,114.0,60.63371461168347,60.63371461168347,53.67984291168425,61.77020049679439,13.207988962510742,0.0,0.0,0.2401545882047187,168.22812958242736,1.4516047211809668,0.0766389514669693,0.3672900376321455,1.0,0.0,0.0,0.0,0.0,0.0,0.0,1.6692116921165092,0.9365239966427908,5.074817202694248,6.11854252914782,10.706715025630649,17.208130250219252,12.375926717747156,19.12439810548676,1.6692116921165092,5.074817202694248,/home/aaa/data/qj/stable-baselines3-master/risk_curriculum_metadrive/outputs/tuned_compare_baseline_nenv16_seed0_1m/runs/baseline_ppo_s0/config.json,/home/aaa/data/qj/stable-baselines3-master/risk_curriculum_metadrive/outputs/tuned_compare_baseline_nenv16_seed0_1m/runs/baseline_ppo_s0/model/final_model.zip,results/ijmlc_control/raw_csv/p1_d015_core_parallel2_20260701_1648_baseline_s0_episodes.csv
baseline,lower_bound,baseline,ppo,0,0.15,10000,10016,16,0.0,1.0,0.3013415816851306,0.0,0.0,0.0,1.0,116.0,102.50995091411453,102.50995091411453,48.30067106941192,57.57701443978373,12.347882080222028,0.0086206896551724,0.0,0.3013415816851306,154.2465234884409,,,0.0,0.0,0.0,0.0,0.0,0.0,0.0,0.0,1.332380940358893,0.9848579938989132,4.039874744194094,4.899090007529593,8.083350284668368,15.392063509352738,9.415731225027262,18.710364758590003,1.332380940358893,4.039874744194094,/home/aaa/data/qj/stable-baselines3-master/risk_curriculum_metadrive/outputs/tuned_compare_baseline_nenv16_seed0_1m/runs/baseline_ppo_s0/config.json,/home/aaa/data/qj/stable-baselines3-master/risk_curriculum_metadrive/outputs/tuned_compare_baseline_nenv16_seed0_1m/runs/baseline_ppo_s0/model/final_model.zip,results/ijmlc_control/raw_csv/p1_d015_core_parallel2_20260701_1648_baseline_s0_episodes.csv
baseline,lower_bound,baseline,ppo,0,0.15,10000,10017,17,0.0,1.0,0.1185985195788208,1.0,1.0,0.0,0.0,80.0,54.74363921610211,54.74363921610211,39.74291105436363,42.09320671631942,9.449305911889091,0.0,1.0,0.1185985195788208,87.522889450156,1.2471149612819012,0.3536469059853171,0.1407331889519287,1.0,0.0,0.0,0.0,0.0,0.0,0.0,1.257512810843764,0.9814839941100216,3.157041399390434,4.700090825936057,14.81994574987766,24.58171714824857,16.077458560721425,25.713733256270643,1.257512810843764,3.157041399390434,/home/aaa/data/qj/stable-baselines3-master/risk_curriculum_metadrive/outputs/tuned_compare_baseline_nenv16_seed0_1m/runs/baseline_ppo_s0/config.json,/home/aaa/data/qj/stable-baselines3-master/risk_curriculum_metadrive/outputs/tuned_compare_baseline_nenv16_seed0_1m/runs/baseline_ppo_s0/model/final_model.zip,results/ijmlc_control/raw_csv/p1_d015_core_parallel2_20260701_1648_baseline_s0_episodes.csv
baseline,lower_bound,baseline,ppo,0,0.15,10000,10018,18,0.0,1.0,0.3214533263294514,1.0,1.0,0.0,0.0,109.0,67.87220734598743,67.87220734598743,47.01335387449591,56.41725401183066,12.72710183172935,0.0,0.0,0.3214533263294514,140.96416104559972,3.6781606846140416,0.0267778580601543,0.1286359657773325,0.723404255319149,0.0,0.0,0.0,0.0,0.0,0.0,1.0350593569989683,0.99275799584575,1.3718429952859874,2.1073717897525066,6.934237366044518,7.97279680846259,7.969296723043486,9.069168407586403,1.0350593569989683,1.3718429952859874,/home/aaa/data/qj/stable-baselines3-master/risk_curriculum_metadrive/outputs/tuned_compare_baseline_nenv16_seed0_1m/runs/baseline_ppo_s0/config.json,/home/aaa/data/qj/stable-baselines3-master/risk_curriculum_metadrive/outputs/tuned_compare_baseline_nenv16_seed0_1m/runs/baseline_ppo_s0/model/final_model.zip,results/ijmlc_control/raw_csv/p1_d015_core_parallel2_20260701_1648_baseline_s0_episodes.csv
baseline,lower_bound,baseline,ppo,0,0.15,10000,10019,19,0.0,1.0,0.1019395119839215,1.0,1.0,0.0,0.0,75.0,23.833075971238465,23.833075971238465,36.92929155246125,40.54341700247609,9.11053053674617,0.0,1.0,0.1019395119839215,76.31569079251298,0.913634404027789,0.3046721603049582,0.1416606739937033,1.0,0.0,0.0,0.0,0.0,0.0,0.0,0.990068493022894,0.930905996938236,1.5300633036531508,1.8646868393989315,6.322196094164004,8.403060601267496,7.312264587186898,9.649131304468028,0.990068493022894,1.5300633036531508,/home/aaa/data/qj/stable-baselines3-master/risk_curriculum_metadrive/outputs/tuned_compare_baseline_nenv16_seed0_1m/runs/baseline_ppo_s0/config.json,/home/aaa/data/qj/stable-baselines3-master/risk_curriculum_metadrive/outputs/tuned_compare_baseline_nenv16_seed0_1m/runs/baseline_ppo_s0/model/final_model.zip,results/ijmlc_control/raw_csv/p1_d015_core_parallel2_20260701_1648_baseline_s0_episodes.csv
baseline,lower_bound,baseline,ppo,0,0.15,20000,20000,0,0.0,1.0,0.3004130415668,1.0,1.0,0.0,0.0,85.0,63.76633979545407,63.76633979545407,44.03112021078318,45.450945730447245,9.918747455300895,0.0,0.0,0.3004130415668,102.40421644307584,2.1036931195804995,0.2588281966267806,0.1280173112799244,0.8888888888888888,0.0,0.0,0.0,0.0,0.0,0.0,1.378969894722104,0.9006080072140321,4.740639808005653,5.693271720665494,4.70958464737872,8.660305209923536,6.088554542100824,12.994605588028207,1.378969894722104,4.740639808005653,/home/aaa/data/qj/stable-baselines3-master/risk_curriculum_metadrive/outputs/tuned_compare_baseline_nenv16_seed0_1m/runs/baseline_ppo_s0/config.json,/home/aaa/data/qj/stable-baselines3-master/risk_curriculum_metadrive/outputs/tuned_compare_baseline_nenv16_seed0_1m/runs/baseline_ppo_s0/model/final_model.zip,results/ijmlc_control/raw_csv/p1_d015_core_parallel2_20260701_1648_baseline_s0_episodes.csv
baseline,lower_bound,baseline,ppo,0,0.15,20000,20001,1,0.0,1.0,0.3267203574342759,1.0,1.0,0.0,0.0,143.0,45.75341991070623,45.75341991070623,41.8570127511634,49.1255984371865,15.33561538109342,0.0,0.0,0.3267203574342759,165.2835475254934,5.147750398290691,0.10369196264774,0.1945236551163344,0.7301587301587301,0.0,0.0,0.0,0.0,0.0,0.0,1.8926884486890316,0.9693669999251142,5.237299897999037,7.1035295052570335,9.384142426029824,16.399042497505437,11.276830874718856,19.49638719961513,1.8926884486890316,5.237299897999037,/home/aaa/data/qj/stable-baselines3-master/risk_curriculum_metadrive/outputs/tuned_compare_baseline_nenv16_seed0_1m/runs/baseline_ppo_s0/config.json,/home/aaa/data/qj/stable-baselines3-master/risk_curriculum_metadrive/outputs/tuned_compare_baseline_nenv16_seed0_1m/runs/baseline_ppo_s0/model/final_model.zip,results/ijmlc_control/raw_csv/p1_d015_core_parallel2_20260701_1648_baseline_s0_episodes.csv
baseline,lower_bound,baseline,ppo,0,0.15,20000,20002,2,0.0,1.0,0.2518005746700207,1.0,1.0,0.0,0.0,91.0,64.23034313918838,64.23034313918838,46.83899333536539,49.731908196816605,11.036218436255451,0.0,0.0,0.2518005746700207,117.7967814474279,1.7714133514072932,0.3394643914450125,0.2057780501300846,1.0,0.0,0.0,0.0,0.0,0.0,0.0,1.8983223729134937,1.1456929933046922,5.323369499819819,7.073347203549918,10.641844110028655,19.688425491040107,12.540166482942148,21.835124003700912,1.8983223729134937,5.323369499819819,/home/aaa/data/qj/stable-baselines3-master/risk_curriculum_metadrive/outputs/tuned_compare_baseline_nenv16_seed0_1m/runs/baseline_ppo_s0/config.json,/home/aaa/data/qj/stable-baselines3-master/risk_curriculum_metadrive/outputs/tuned_compare_baseline_nenv16_seed0_1m/runs/baseline_ppo_s0/model/final_model.zip,results/ijmlc_control/raw_csv/p1_d015_core_parallel2_20260701_1648_baseline_s0_episodes.csv
baseline,lower_bound,baseline,ppo,0,0.15,20000,20003,3,0.0,1.0,0.2304795744805981,1.0,1.0,0.0,0.0,112.0,91.1733502787901,91.1733502787901,50.04694073573604,56.54651715019606,12.332730773880751,0.0,0.0,0.2304795744805981,154.34948918738772,2.8275873610699644,0.4214875503790038,0.1206520739416373,0.967741935483871,0.0,0.0,0.0,0.0,0.0,0.0,1.6334051511616312,0.983617501333356,5.01730249961838,5.834776487754425,13.417730295259387,20.434086542081783,15.05113544642102,22.00214565818896,1.6334051511616312,5.01730249961838,/home/aaa/data/qj/stable-baselines3-master/risk_curriculum_metadrive/outputs/tuned_compare_baseline_nenv16_seed0_1m/runs/baseline_ppo_s0/config.json,/home/aaa/data/qj/stable-baselines3-master/risk_curriculum_metadrive/outputs/tuned_compare_baseline_nenv16_seed0_1m/runs/baseline_ppo_s0/model/final_model.zip,results/ijmlc_control/raw_csv/p1_d015_core_parallel2_20260701_1648_baseline_s0_episodes.csv
baseline,lower_bound,baseline,ppo,0,0.15,20000,20004,4,0.0,1.0,0.1232166353115201,1.0,1.0,0.0,0.0,66.0,38.098174826968695,38.098174826968695,32.32033213559961,34.16375732618176,7.663965961426931,0.0,1.0,0.1232166353115201,58.012388701947074,2.301968713222328,0.65745733798373,0.2800033557215619,0.9696969696969696,0.0,0.0,0.0,0.0,0.0,0.0,1.6010718796733825,0.9980910035665148,4.945139491610462,5.843460600590327,8.206367378465295,13.03489424753934,9.807439258138675,15.759397494548466,1.6010718796733825,4.945139491610462,/home/aaa/data/qj/stable-baselines3-master/risk_curriculum_metadrive/outputs/tuned_compare_baseline_nenv16_seed0_1m/runs/baseline_ppo_s0/config.json,/home/aaa/data/qj/stable-baselines3-master/risk_curriculum_metadrive/outputs/tuned_compare_baseline_nenv16_seed0_1m/runs/baseline_ppo_s0/model/final_model.zip,results/ijmlc_control/raw_csv/p1_d015_core_parallel2_20260701_1648_baseline_s0_episodes.csv
baseline,lower_bound,baseline,ppo,0,0.15,20000,20005,5,0.0,1.0,0.1453802963469545,1.0,1.0,0.0,0.0,80.0,54.48792356745904,54.48792356745904,36.57701473317218,40.41012316632533,8.922597155604038,0.0,1.0,0.1453802963469545,80.14934577401972,12.662871416374047,0.4333200639454446,0.2150716255251768,0.6346153846153846,0.0,0.0,0.0,0.0,0.0,0.0,1.66042205037229,0.9052609966602176,5.116855052619939,6.54008076598983,15.740504998757388,23.16601890197489,17.400927049129677,26.335607248620363,1.66042205037229,5.116855052619939,/home/aaa/data/qj/stable-baselines3-master/risk_curriculum_metadrive/outputs/tuned_compare_baseline_nenv16_seed0_1m/runs/baseline_ppo_s0/config.json,/home/aaa/data/qj/stable-baselines3-master/risk_curriculum_metadrive/outputs/tuned_compare_baseline_nenv16_seed0_1m/runs/baseline_ppo_s0/model/final_model.zip,results/ijmlc_control/raw_csv/p1_d015_core_parallel2_20260701_1648_baseline_s0_episodes.csv
baseline,lower_bound,baseline,ppo,0,0.15,20000,20006,6,0.0,1.0,0.1140358446220089,0.0,0.0,0.0,1.0,71.0,27.95477869868076,27.95477869868076,33.4959720616347,35.40494316611577,7.863295801631738,0.0140845070422535,1.0,0.1140358446220089,64.9263494473771,,,0.0,0.0,0.0,0.0,0.0,0.0,0.0,0.0,1.6096182389702962,0.9063409961527212,5.071333995147143,5.212280199339147,8.236535379464712,14.687656504975166,9.846153618435007,16.836791503010318,1.6096182389702962,5.071333995147143,/home/aaa/data/qj/stable-baselines3-master/risk_curriculum_metadrive/outputs/tuned_compare_baseline_nenv16_seed0_1m/runs/baseline_ppo_s0/config.json,/home/aaa/data/qj/stable-baselines3-master/risk_curriculum_metadrive/outputs/tuned_compare_baseline_nenv16_seed0_1m/runs/baseline_ppo_s0/model/final_model.zip,results/ijmlc_control/raw_csv/p1_d015_core_parallel2_20260701_1648_baseline_s0_episodes.csv
baseline,lower_bound,baseline,ppo,0,0.15,20000,20007,7,0.0,1.0,0.3263845812196639,1.0,1.0,0.0,0.0,123.0,66.65261377616174,66.65261377616174,43.603683830831024,52.81268719298306,14.374421025551012,0.0,0.0,0.3263845812196639,148.52641071667958,2.5998529465901856,0.3048545911410745,0.0960163699917224,0.75,0.0,0.0,0.0,0.0,0.0,0.0,1.800140448064142,0.9424900054000318,5.08697980112629,5.344009262335021,9.877111885329422,15.07528410293162,11.677252333393564,19.190095803060103,1.800140448064142,5.08697980112629,/home/aaa/data/qj/stable-baselines3-master/risk_curriculum_metadrive/outputs/tuned_compare_baseline_nenv16_seed0_1m/runs/baseline_ppo_s0/config.json,/home/aaa/data/qj/stable-baselines3-master/risk_curriculum_metadrive/outputs/tuned_compare_baseline_nenv16_seed0_1m/runs/baseline_ppo_s0/model/final_model.zip,results/ijmlc_control/raw_csv/p1_d015_core_parallel2_20260701_1648_baseline_s0_episodes.csv
baseline,lower_bound,baseline,ppo,0,0.15,20000,20008,8,0.0,1.0,0.2425144045314854,0.0,0.0,0.0,1.0,122.0,57.79088255705042,57.79088255705042,48.36917364156793,59.449552904356345,13.596951163074548,0.0,0.0,0.2425144045314854,162.65191698150585,,,0.0,0.0,0.0,0.0,0.0,0.0,0.0,0.0,1.4033093276771442,0.95362000138266,4.936344046291197,6.235595022299092,10.741521073810636,19.057376700948225,12.14483040148778,20.780151258804832,1.4033093276771442,4.936344046291197,/home/aaa/data/qj/stable-baselines3-master/risk_curriculum_metadrive/outputs/tuned_compare_baseline_nenv16_seed0_1m/runs/baseline_ppo_s0/config.json,/home/aaa/data/qj/stable-baselines3-master/risk_curriculum_metadrive/outputs/tuned_compare_baseline_nenv16_seed0_1m/runs/baseline_ppo_s0/model/final_model.zip,results/ijmlc_control/raw_csv/p1_d015_core_parallel2_20260701_1648_baseline_s0_episodes.csv
baseline,lower_bound,baseline,ppo,0,0.15,20000,20009,9,0.0,1.0,0.3660931984756739,0.0,0.0,0.0,1.0,119.0,102.94907713417524,102.94907713417524,51.243041902038776,58.98223420460573,13.14659879398711,0.0,0.0,0.3660931984756739,168.10970524414637,2.183819999025133,2.0332395626049906,0.0189323025275621,1.0,0.0,0.0,0.0,0.0,0.0,0.0,1.7013378326875008,0.9420679998584092,5.2982582012191415,7.678229366138106,9.73225778952914,17.628640201291997,11.43359562221664,20.063182097510435,1.7013378326875008,5.2982582012191415,/home/aaa/data/qj/stable-baselines3-master/risk_curriculum_metadrive/outputs/tuned_compare_baseline_nenv16_seed0_1m/runs/baseline_ppo_s0/config.json,/home/aaa/data/qj/stable-baselines3-master/risk_curriculum_metadrive/outputs/tuned_compare_baseline_nenv16_seed0_1m/runs/baseline_ppo_s0/model/final_model.zip,results/ijmlc_control/raw_csv/p1_d015_core_parallel2_20260701_1648_baseline_s0_episodes.csv
baseline,lower_bound,baseline,ppo,0,0.15,20000,20010,10,0.0,1.0,0.3464297762458037,1.0,1.0,0.0,0.0,108.0,111.85098608043047,111.85098608043047,51.154039910576685,55.048397743707845,12.043500297542211,0.0,0.0,0.3464297762458037,152.8729291304198,1.4787398951095092,0.324572322611517,0.208667265474992,1.0,0.0,0.0,0.0,0.0,0.0,0.0,1.1243735092715792,0.8567455006414093,4.555989946675246,5.017879825318232,4.238483056353828,7.158890205028001,5.362856565625407,8.275064100598682,1.1243735092715792,4.555989946675246,/home/aaa/data/qj/stable-baselines3-master/risk_curriculum_metadrive/outputs/tuned_compare_baseline_nenv16_seed0_1m/runs/baseline_ppo_s0/config.json,/home/aaa/data/qj/stable-baselines3-master/risk_curriculum_metadrive/outputs/tuned_compare_baseline_nenv16_seed0_1m/runs/baseline_ppo_s0/model/final_model.zip,results/ijmlc_control/raw_csv/p1_d015_core_parallel2_20260701_1648_baseline_s0_episodes.csv
baseline,lower_bound,baseline,ppo,0,0.15,20000,20011,11,0.0,1.0,0.1846635839201222,1.0,1.0,0.0,0.0,87.0,73.71432515719371,73.71432515719371,41.36393740760873,46.08518175668488,10.049275677548517,0.0,1.0,0.1846635839201222,98.55116558320476,0.341314875484856,0.0541457524429981,0.0749673468312781,1.0,0.0,0.0,0.0,0.0,0.0,0.0,0.8880851158722379,0.8788920094957575,1.121911303198431,1.235354416712653,10.212381782000833,13.878833701892292,11.10046689787307,14.754356699995698,0.8880851158722379,1.121911303198431,/home/aaa/data/qj/stable-baselines3-master/risk_curriculum_metadrive/outputs/tuned_compare_baseline_nenv16_seed0_1m/runs/baseline_ppo_s0/config.json,/home/aaa/data/qj/stable-baselines3-master/risk_curriculum_metadrive/outputs/tuned_compare_baseline_nenv16_seed0_1m/runs/baseline_ppo_s0/model/final_model.zip,results/ijmlc_control/raw_csv/p1_d015_core_parallel2_20260701_1648_baseline_s0_episodes.csv
baseline,lower_bound,baseline,ppo,0,0.15,20000,20012,12,0.0,1.0,0.1324055506549097,0.0,0.0,0.0,1.0,76.0,15.857151259189305,15.857151259189305,35.98082758207714,40.16664958318023,8.797853662156054,0.0,1.0,0.1324055506549097,74.86834417757389,,,0.0,0.0,0.0,0.0,0.0,0.0,0.0,0.0,1.0417608816504451,0.9557994999340736,1.7702489931252785,1.9516392530931623,4.868239999172817,6.260832255065907,5.910000880823263,7.279810502950568,1.0417608816504451,1.7702489931252785,/home/aaa/data/qj/stable-baselines3-master/risk_curriculum_metadrive/outputs/tuned_compare_baseline_nenv16_seed0_1m/runs/baseline_ppo_s0/config.json,/home/aaa/data/qj/stable-baselines3-master/risk_curriculum_metadrive/outputs/tuned_compare_baseline_nenv16_seed0_1m/runs/baseline_ppo_s0/model/final_model.zip,results/ijmlc_control/raw_csv/p1_d015_core_parallel2_20260701_1648_baseline_s0_episodes.csv
baseline,lower_bound,baseline,ppo,0,0.15,20000,20013,13,0.0,1.0,0.2277468766348045,0.0,0.0,0.0,1.0,142.0,62.66797289149265,62.66797289149265,46.61408064015173,53.27158641665231,14.85373963182985,0.0070422535211267,0.0,0.2277468766348045,182.65508238435103,1.4845944358867251,1.271461241536889,0.0396102035393045,1.0,0.0,0.0,0.0,0.0,0.0,0.0,1.3428692529461688,0.9456859988858924,4.2300684610381705,5.91501036673435,9.240244592713768,14.649173608631823,10.583113845659938,16.246864903223464,1.3428692529461688,4.2300684610381705,/home/aaa/data/qj/stable-baselines3-master/risk_curriculum_metadrive/outputs/tuned_compare_baseline_nenv16_seed0_1m/runs/baseline_ppo_s0/config.json,/home/aaa/data/qj/stable-baselines3-master/risk_curriculum_metadrive/outputs/tuned_compare_baseline_nenv16_seed0_1m/runs/baseline_ppo_s0/model/final_model.zip,results/ijmlc_control/raw_csv/p1_d015_core_parallel2_20260701_1648_baseline_s0_episodes.csv
baseline,lower_bound,baseline,ppo,0,0.15,20000,20014,14,0.0,1.0,0.1848581503360519,1.0,1.0,0.0,0.0,86.0,61.16071944749247,61.16071944749247,40.84638289176109,43.030141282896295,9.376983898994856,0.0116279069767441,1.0,0.1848581503360519,96.42106595936797,4.5569348432471815,0.4754766718786546,0.2079085896706874,0.5714285714285714,0.0,0.0,0.0,0.0,0.0,0.0,1.3697051758225465,0.9236830010195264,4.830533503991319,6.389343654154805,8.540337081581658,14.872329506033566,9.910042257404204,17.190903490700293,1.3697051758225465,4.830533503991319,/home/aaa/data/qj/stable-baselines3-master/risk_curriculum_metadrive/outputs/tuned_compare_baseline_nenv16_seed0_1m/runs/baseline_ppo_s0/config.json,/home/aaa/data/qj/stable-baselines3-master/risk_curriculum_metadrive/outputs/tuned_compare_baseline_nenv16_seed0_1m/runs/baseline_ppo_s0/model/final_model.zip,results/ijmlc_control/raw_csv/p1_d015_core_parallel2_20260701_1648_baseline_s0_episodes.csv
baseline,lower_bound,baseline,ppo,0,0.15,20000,20015,15,0.0,1.0,0.1081278198392413,1.0,1.0,0.0,0.0,67.0,23.933255313354152,23.933255313354152,34.69973624281449,36.47508042189257,8.08613061117159,0.0,1.0,0.1081278198392413,63.5484087560377,0.5227269951517184,0.2289023307338494,0.1069199523545858,1.0,0.0,0.0,0.0,0.0,0.0,0.0,2.026771866358511,0.992713001323864,5.080317796091548,7.147353562468208,8.559255744982163,12.570545396010855,10.586027611340674,15.78351619973545,2.026771866358511,5.080317796091548,/home/aaa/data/qj/stable-baselines3-master/risk_curriculum_metadrive/outputs/tuned_compare_baseline_nenv16_seed0_1m/runs/baseline_ppo_s0/config.json,/home/aaa/data/qj/stable-baselines3-master/risk_curriculum_metadrive/outputs/tuned_compare_baseline_nenv16_seed0_1m/runs/baseline_ppo_s0/model/final_model.zip,results/ijmlc_control/raw_csv/p1_d015_core_parallel2_20260701_1648_baseline_s0_episodes.csv
baseline,lower_bound,baseline,ppo,0,0.15,20000,20016,16,0.0,1.0,0.2824998430953436,1.0,1.0,0.0,0.0,135.0,105.9378254036678,105.9378254036678,54.28994577331596,64.61769503381433,15.313966347374894,0.0,0.0,0.2824998430953436,202.42213625594476,1.1096903376510747,0.3173472024131321,0.0461073737759872,1.0,0.0,0.0,0.0,0.0,0.0,0.0,1.252890319166774,0.8952320058597252,4.555089997302273,6.509670633240599,11.738834162544528,19.617582492355723,12.991724481711302,20.929991503362544,1.252890319166774,4.555089997302273,/home/aaa/data/qj/stable-baselines3-master/risk_curriculum_metadrive/outputs/tuned_compare_baseline_nenv16_seed0_1m/runs/baseline_ppo_s0/config.json,/home/aaa/data/qj/stable-baselines3-master/risk_curriculum_metadrive/outputs/tuned_compare_baseline_nenv16_seed0_1m/runs/baseline_ppo_s0/model/final_model.zip,results/ijmlc_control/raw_csv/p1_d015_core_parallel2_20260701_1648_baseline_s0_episodes.csv
baseline,lower_bound,baseline,ppo,0,0.15,20000,20017,17,0.0,1.0,0.1126404479316209,0.0,0.0,0.0,1.0,69.0,18.22402389349255,18.22402389349255,34.627484559803015,36.73461702936451,8.119516586263547,0.0,1.0,0.1126404479316209,65.17125224026216,,,0.0,0.0,0.0,0.0,0.0,0.0,0.0,0.0,1.478105550842778,0.922512001125142,5.246434203581884,6.533126317663114,9.709245739361284,16.852846203255464,11.187351290204065,19.31755580299068,1.478105550842778,5.246434203581884,/home/aaa/data/qj/stable-baselines3-master/risk_curriculum_metadrive/outputs/tuned_compare_baseline_nenv16_seed0_1m/runs/baseline_ppo_s0/config.json,/home/aaa/data/qj/stable-baselines3-master/risk_curriculum_metadrive/outputs/tuned_compare_baseline_nenv16_seed0_1m/runs/baseline_ppo_s0/model/final_model.zip,results/ijmlc_control/raw_csv/p1_d015_core_parallel2_20260701_1648_baseline_s0_episodes.csv
baseline,lower_bound,baseline,ppo,0,0.15,20000,20018,18,0.0,1.0,0.1283242094057602,0.0,0.0,0.0,1.0,120.0,36.41249166584975,36.41249166584975,36.69398020933577,38.841486900299145,13.34106597806558,0.0,1.0,0.1283242094057602,121.35982944249298,,,0.0,0.0,0.0,0.0,0.0,0.0,0.0,0.0,1.4796504417366425,0.9417795008630492,4.935039398696971,5.886880174366525,9.778663965941329,21.74289124523056,11.258314407677972,24.85138139600167,1.4796504417366425,4.935039398696971,/home/aaa/data/qj/stable-baselines3-master/risk_curriculum_metadrive/outputs/tuned_compare_baseline_nenv16_seed0_1m/runs/baseline_ppo_s0/config.json,/home/aaa/data/qj/stable-baselines3-master/risk_curriculum_metadrive/outputs/tuned_compare_baseline_nenv16_seed0_1m/runs/baseline_ppo_s0/model/final_model.zip,results/ijmlc_control/raw_csv/p1_d015_core_parallel2_20260701_1648_baseline_s0_episodes.csv
baseline,lower_bound,baseline,ppo,0,0.15,20000,20019,19,0.0,1.0,0.3641377372583774,1.0,1.0,0.0,0.0,178.0,73.09997699469758,73.09997699469758,43.50988848127587,49.176026283183134,18.751812452023824,0.0056179775280898,0.0,0.3641377372583774,213.9917042853209,9.148544262864169,0.4187679915630384,0.2011757501663136,0.6436781609195402,0.0,0.0,0.0,0.0,0.0,0.0,1.3588282357007946,0.937894503294956,4.390568502276438,5.970037006336494,12.251397274749149,27.155171894992243,13.610225510449943,29.873071092151804,1.3588282357007946,4.390568502276438,/home/aaa/data/qj/stable-baselines3-master/risk_curriculum_metadrive/outputs/tuned_compare_baseline_nenv16_seed0_1m/runs/baseline_ppo_s0/config.json,/home/aaa/data/qj/stable-baselines3-master/risk_curriculum_metadrive/outputs/tuned_compare_baseline_nenv16_seed0_1m/runs/baseline_ppo_s0/model/final_model.zip,results/ijmlc_control/raw_csv/p1_d015_core_parallel2_20260701_1648_baseline_s0_episodes.csv
baseline,lower_bound,baseline,ppo,1,0.15,10000,10000,0,0.0,1.0,0.1939239028472598,1.0,1.0,0.0,0.0,89.0,55.38366194231226,55.38366194231226,40.33480579920601,48.24208071809744,10.503411716449936,0.0,1.0,0.1939239028472598,98.43731460846811,5.895189522016773,0.6015752100082468,0.1554979400350418,0.4651162790697674,0.0,0.0,0.0,0.0,0.0,0.0,2.340867527135324,0.8294089930132031,1.198753595235757,19.15861883899253,7.319594583810265,9.306838398333634,9.66046211094559,12.588327191770055,2.340867527135324,1.198753595235757,/home/aaa/data/qj/stable-baselines3-master/risk_curriculum_metadrive/outputs/tuned_compare_baseline_nenv16_seed1_1m/runs/baseline_ppo_s1/config.json,/home/aaa/data/qj/stable-baselines3-master/risk_curriculum_metadrive/outputs/tuned_compare_baseline_nenv16_seed1_1m/runs/baseline_ppo_s1/model/final_model.zip,results/ijmlc_control/raw_csv/p1_d015_core_parallel2_20260701_1648_baseline_s1_episodes.csv
baseline,lower_bound,baseline,ppo,1,0.15,10000,10001,1,0.0,1.0,0.1905562180249405,1.0,1.0,0.0,0.0,82.0,49.618762051369394,49.618762051369394,41.61707810016119,44.14077566252921,9.68256366293742,0.0,1.0,0.1905562180249405,93.197825028851,0.8614787772716941,0.3466102999072827,0.1110334962195399,1.0,0.0,0.0,0.0,0.0,0.0,0.0,1.4627999152275506,0.9000164936878718,4.877403049613349,4.972887581388932,8.59762336519297,17.290808198595187,10.06042328042052,18.435528359987075,1.4627999152275506,4.877403049613349,/home/aaa/data/qj/stable-baselines3-master/risk_curriculum_metadrive/outputs/tuned_compare_baseline_nenv16_seed1_1m/runs/baseline_ppo_s1/config.json,/home/aaa/data/qj/stable-baselines3-master/risk_curriculum_metadrive/outputs/tuned_compare_baseline_nenv16_seed1_1m/runs/baseline_ppo_s1/model/final_model.zip,results/ijmlc_control/raw_csv/p1_d015_core_parallel2_20260701_1648_baseline_s1_episodes.csv
baseline,lower_bound,baseline,ppo,1,0.15,10000,10002,2,0.0,1.0,0.1222293381657371,1.0,1.0,0.0,0.0,69.0,35.16866093696711,35.16866093696711,33.915120692597384,37.02391724224807,8.230284650872735,0.0,1.0,0.1222293381657371,63.75675178120664,11.189013447997514,0.5683235018716012,0.2787711917253261,0.5362318840579711,0.0,0.0,0.0,0.0,0.0,0.0,1.0825082466961222,0.8342969958903268,2.9844499978935195,4.895137685816735,9.002644217537675,15.855102395289578,10.085152464233795,17.91682920302264,1.0825082466961222,2.9844499978935195,/home/aaa/data/qj/stable-baselines3-master/risk_curriculum_metadrive/outputs/tuned_compare_baseline_nenv16_seed1_1m/runs/baseline_ppo_s1/config.json,/home/aaa/data/qj/stable-baselines3-master/risk_curriculum_metadrive/outputs/tuned_compare_baseline_nenv16_seed1_1m/runs/baseline_ppo_s1/model/final_model.zip,results/ijmlc_control/raw_csv/p1_d015_core_parallel2_20260701_1648_baseline_s1_episodes.csv
baseline,lower_bound,baseline,ppo,1,0.15,10000,10003,3,0.0,1.0,0.253251742188994,1.0,1.0,0.0,0.0,91.0,82.78626565346092,82.78626565346092,46.21146494415343,50.5547060158903,11.001614178732112,0.0,0.0,0.253251742188994,115.5013745869524,4.3510525712295705,0.0465456732523267,0.2655309200370653,0.7333333333333333,0.0,0.0,0.0,0.0,0.0,0.0,1.3473483189815083,0.875619996804744,5.037538998294622,7.035653803904999,4.704280175456706,7.857047996367328,6.051628494438214,9.616389499569776,1.3473483189815083,5.037538998294622,/home/aaa/data/qj/stable-baselines3-master/risk_curriculum_metadrive/outputs/tuned_compare_baseline_nenv16_seed1_1m/runs/baseline_ppo_s1/config.json,/home/aaa/data/qj/stable-baselines3-master/risk_curriculum_metadrive/outputs/tuned_compare_baseline_nenv16_seed1_1m/runs/baseline_ppo_s1/model/final_model.zip,results/ijmlc_control/raw_csv/p1_d015_core_parallel2_20260701_1648_baseline_s1_episodes.csv
baseline,lower_bound,baseline,ppo,1,0.15,10000,10004,4,0.0,1.0,0.1757114605591173,1.0,1.0,0.0,0.0,85.0,77.36295701659695,77.36295701659695,40.4788435829002,43.81031203211626,10.39584539347835,0.0,1.0,0.1757114605591173,94.44201422783313,5.374143845768471,0.5749323917894278,0.2934420820078344,0.5822784810126582,0.0,0.0,0.0,0.0,0.0,0.0,1.4261730112861295,0.8787389961071312,4.95066280127503,5.895458998274989,9.020332669537952,15.796500988653856,10.446505680824082,17.01037519087549,1.4261730112861295,4.95066280127503,/home/aaa/data/qj/stable-baselines3-master/risk_curriculum_metadrive/outputs/tuned_compare_baseline_nenv16_seed1_1m/runs/baseline_ppo_s1/config.json,/home/aaa/data/qj/stable-baselines3-master/risk_curriculum_metadrive/outputs/tuned_compare_baseline_nenv16_seed1_1m/runs/baseline_ppo_s1/model/final_model.zip,results/ijmlc_control/raw_csv/p1_d015_core_parallel2_20260701_1648_baseline_s1_episodes.csv
baseline,lower_bound,baseline,ppo,1,0.15,10000,10005,5,0.0,1.0,0.1452605873563574,1.0,1.0,0.0,0.0,68.0,41.55021688798916,41.55021688798916,36.33668982396062,38.12909603139693,8.494557304604166,0.0,1.0,0.1452605873563574,67.53955469048933,11.31786421305574,0.5690664311768989,0.2760691908485018,0.6428571428571429,0.0,0.0,0.0,0.0,0.0,0.0,1.523932060937274,0.9619365009712056,4.881012697296683,5.139104228146606,10.200820000189946,16.99147885083221,11.72475206112722,19.70313436468132,1.523932060937274,4.881012697296683,/home/aaa/data/qj/stable-baselines3-master/risk_curriculum_metadrive/outputs/tuned_compare_baseline_nenv16_seed1_1m/runs/baseline_ppo_s1/config.json,/home/aaa/data/qj/stable-baselines3-master/risk_curriculum_metadrive/outputs/tuned_compare_baseline_nenv16_seed1_1m/runs/baseline_ppo_s1/model/final_model.zip,results/ijmlc_control/raw_csv/p1_d015_core_parallel2_20260701_1648_baseline_s1_episodes.csv
baseline,lower_bound,baseline,ppo,1,0.15,10000,10006,6,0.0,1.0,0.2876364516742744,0.0,0.0,0.0,1.0,151.0,102.3652622769234,102.3652622769234,45.030195686203015,51.5873750640472,17.756940276763984,0.0,0.0,0.2876364516742744,187.8268775687525,2.533391193906553,0.0433821265130058,0.1001512229464535,0.9655172413793104,0.0,0.0,0.0,0.0,0.0,0.0,1.0841643977031383,0.917865996598266,1.680702502198983,4.739547497592866,6.357528449888865,12.212022003950551,7.4416928475920034,14.288766506069804,1.0841643977031383,1.680702502198983,/home/aaa/data/qj/stable-baselines3-master/risk_curriculum_metadrive/outputs/tuned_compare_baseline_nenv16_seed1_1m/runs/baseline_ppo_s1/config.json,/home/aaa/data/qj/stable-baselines3-master/risk_curriculum_metadrive/outputs/tuned_compare_baseline_nenv16_seed1_1m/runs/baseline_ppo_s1/model/final_model.zip,results/ijmlc_control/raw_csv/p1_d015_core_parallel2_20260701_1648_baseline_s1_episodes.csv
baseline,lower_bound,baseline,ppo,1,0.15,10000,10007,7,0.0,1.0,0.0695945133968518,1.0,1.0,0.0,0.0,65.0,33.11740135742802,33.11740135742802,29.92859916786195,32.90390782167061,7.44796715717079,0.0,1.0,0.0695945133968518,53.31637326116553,5.874424292033568,0.7947540440442742,0.2627185121346276,0.660377358490566,0.0,0.0,0.0,0.0,0.0,0.0,2.216301553282672,0.9609789995010942,5.452324205543845,9.272453191224486,18.10092106103324,23.409653591807,20.317222614315916,26.689917990006503,2.216301553282672,5.452324205543845,/home/aaa/data/qj/stable-baselines3-master/risk_curriculum_metadrive/outputs/tuned_compare_baseline_nenv16_seed1_1m/runs/baseline_ppo_s1/config.json,/home/aaa/data/qj/stable-baselines3-master/risk_curriculum_metadrive/outputs/tuned_compare_baseline_nenv16_seed1_1m/runs/baseline_ppo_s1/model/final_model.zip,results/ijmlc_control/raw_csv/p1_d015_core_parallel2_20260701_1648_baseline_s1_episodes.csv
baseline,lower_bound,baseline,ppo,1,0.15,10000,10008,8,0.0,1.0,0.1472442564700821,0.0,0.0,0.0,1.0,74.0,46.30727082469605,46.30727082469605,35.75057000723421,39.701433864635405,8.800905741118111,0.0,1.0,0.1472442564700821,72.35647195985428,12.966581603422316,2.2862482966430293,0.0726692889148112,0.3584905660377358,0.0,0.0,0.0,0.0,0.0,0.0,1.7239434329550587,0.9202600049320608,5.014093497447902,6.358700131386271,6.543498364162342,12.00402974136523,8.267441797117401,14.353818455856526,1.7239434329550587,5.014093497447902,/home/aaa/data/qj/stable-baselines3-master/risk_curriculum_metadrive/outputs/tuned_compare_baseline_nenv16_seed1_1m/runs/baseline_ppo_s1/config.json,/home/aaa/data/qj/stable-baselines3-master/risk_curriculum_metadrive/outputs/tuned_compare_baseline_nenv16_seed1_1m/runs/baseline_ppo_s1/model/final_model.zip,results/ijmlc_control/raw_csv/p1_d015_core_parallel2_20260701_1648_baseline_s1_episodes.csv
baseline,lower_bound,baseline,ppo,1,0.15,10000,10009,9,0.0,1.0,0.1278213389878792,1.0,1.0,0.0,0.0,61.0,34.955362293732655,34.955362293732655,32.86535253576064,32.989800845314555,7.463354712046554,0.0,1.0,0.1278213389878792,54.30809541663417,10.90559026414,0.5266984512159941,0.2718476879369367,0.5409836065573771,0.0,0.0,0.0,0.0,0.0,0.0,1.846861016228566,1.0660620027920231,5.143122005392797,6.876763000036588,10.686776901358646,15.45292699302081,12.533637917587212,16.985984999337234,1.846861016228566,5.143122005392797,/home/aaa/data/qj/stable-baselines3-master/risk_curriculum_metadrive/outputs/tuned_compare_baseline_nenv16_seed1_1m/runs/baseline_ppo_s1/config.json,/home/aaa/data/qj/stable-baselines3-master/risk_curriculum_metadrive/outputs/tuned_compare_baseline_nenv16_seed1_1m/runs/baseline_ppo_s1/model/final_model.zip,results/ijmlc_control/raw_csv/p1_d015_core_parallel2_20260701_1648_baseline_s1_episodes.csv
baseline,lower_bound,baseline,ppo,1,0.15,10000,10010,10,0.0,1.0,0.2038795057055508,1.0,1.0,0.0,0.0,112.0,64.60106993638031,64.60106993638031,37.99352889251752,43.86073862807879,12.086475719894471,0.0089285714285714,0.0,0.2038795057055508,117.20267593276724,9.689750080276529,0.0411610838980053,0.27945147011847,0.6891891891891891,0.0,0.0,0.0,0.0,0.0,0.0,1.299942571547165,0.9614389928174204,4.134732200327558,5.202869529748568,13.56691159903026,24.244052497670044,14.866854170577426,26.540005143033337,1.299942571547165,4.134732200327558,/home/aaa/data/qj/stable-baselines3-master/risk_curriculum_metadrive/outputs/tuned_compare_baseline_nenv16_seed1_1m/runs/baseline_ppo_s1/config.json,/home/aaa/data/qj/stable-baselines3-master/risk_curriculum_metadrive/outputs/tuned_compare_baseline_nenv16_seed1_1m/runs/baseline_ppo_s1/model/final_model.zip,results/ijmlc_control/raw_csv/p1_d015_core_parallel2_20260701_1648_baseline_s1_episodes.csv
baseline,lower_bound,baseline,ppo,1,0.15,10000,10011,11,0.0,1.0,0.1599009194350392,1.0,1.0,0.0,0.0,86.0,65.88385665686343,65.88385665686343,38.84236395953285,45.50857586318013,10.261234948917028,0.0,1.0,0.1599009194350392,91.82382711658194,4.296425547358348,0.4288381318129043,0.2636015109686296,0.6666666666666666,0.0,0.0,0.0,0.0,0.0,0.0,1.5435942905876503,0.9585810039425268,4.899314997601323,6.733881304535324,10.499295231860488,19.36422749349731,12.04288952244814,22.2380342456745,1.5435942905876503,4.899314997601323,/home/aaa/data/qj/stable-baselines3-master/risk_curriculum_metadrive/outputs/tuned_compare_baseline_nenv16_seed1_1m/runs/baseline_ppo_s1/config.json,/home/aaa/data/qj/stable-baselines3-master/risk_curriculum_metadrive/outputs/tuned_compare_baseline_nenv16_seed1_1m/runs/baseline_ppo_s1/model/final_model.zip,results/ijmlc_control/raw_csv/p1_d015_core_parallel2_20260701_1648_baseline_s1_episodes.csv
baseline,lower_bound,baseline,ppo,1,0.15,10000,10012,12,0.0,1.0,0.1548238836836943,1.0,1.0,0.0,0.0,71.0,44.686088516466775,44.686088516466775,35.229569349997,38.1236705436,8.484600547049595,0.0,1.0,0.1548238836836943,68.54665089784936,1.0344693360691553,0.1209264851292794,0.1228755980372937,1.0,0.0,0.0,0.0,0.0,0.0,0.0,1.1622469723027882,0.8899649983504787,3.446952498052269,4.383970495837274,5.229768463989235,9.66616300138412,6.392015436292023,11.817632490419784,1.1622469723027882,3.446952498052269,/home/aaa/data/qj/stable-baselines3-master/risk_curriculum_metadrive/outputs/tuned_compare_baseline_nenv16_seed1_1m/runs/baseline_ppo_s1/config.json,/home/aaa/data/qj/stable-baselines3-master/risk_curriculum_metadrive/outputs/tuned_compare_baseline_nenv16_seed1_1m/runs/baseline_ppo_s1/model/final_model.zip,results/ijmlc_control/raw_csv/p1_d015_core_parallel2_20260701_1648_baseline_s1_episodes.csv
baseline,lower_bound,baseline,ppo,1,0.15,10000,10013,13,0.0,1.0,0.142463567721172,0.0,0.0,0.0,1.0,82.0,41.46452986656486,41.46452986656486,37.24447949400313,43.00870954881857,9.779575250065392,0.0,1.0,0.142463567721172,83.88189475774558,,,0.0,0.0,0.0,0.0,0.0,0.0,0.0,0.0,1.70138630577329,0.9847295004874468,4.821504097344588,6.316076807561324,11.195493206309392,15.996150956198107,12.896879512082684,18.043310801294865,1.70138630577329,4.821504097344588,/home/aaa/data/qj/stable-baselines3-master/risk_curriculum_metadrive/outputs/tuned_compare_baseline_nenv16_seed1_1m/runs/baseline_ppo_s1/config.json,/home/aaa/data/qj/stable-baselines3-master/risk_curriculum_metadrive/outputs/tuned_compare_baseline_nenv16_seed1_1m/runs/baseline_ppo_s1/model/final_model.zip,results/ijmlc_control/raw_csv/p1_d015_core_parallel2_20260701_1648_baseline_s1_episodes.csv
baseline,lower_bound,baseline,ppo,1,0.15,10000,10014,14,0.0,1.0,0.0823563119744157,0.0,0.0,0.0,1.0,69.0,40.62248990011088,40.62248990011088,34.26711708051366,37.12095558412855,8.302200683462626,0.0,1.0,0.0823563119744157,64.56878235344081,16.402255806446984,9.580184199377497,0.0,0.0,0.0,0.0,0.0,0.0,0.0,0.0,1.1385331738932545,0.933870003791526,2.244832596625195,4.473412236548022,13.356806608920822,25.38143940037116,14.495339782814076,27.00910839776043,1.1385331738932545,2.244832596625195,/home/aaa/data/qj/stable-baselines3-master/risk_curriculum_metadrive/outputs/tuned_compare_baseline_nenv16_seed1_1m/runs/baseline_ppo_s1/config.json,/home/aaa/data/qj/stable-baselines3-master/risk_curriculum_metadrive/outputs/tuned_compare_baseline_nenv16_seed1_1m/runs/baseline_ppo_s1/model/final_model.zip,results/ijmlc_control/raw_csv/p1_d015_core_parallel2_20260701_1648_baseline_s1_episodes.csv
baseline,lower_bound,baseline,ppo,1,0.15,10000,10015,15,0.0,1.0,0.1621254263241783,1.0,1.0,0.0,0.0,90.0,91.46763630522057,91.46763630522057,45.27560129855842,49.07528994210863,10.693927763649317,0.0,1.0,0.1621254263241783,111.95984624079249,3.0122950896366696,0.3189669098281106,0.1033613049500858,0.782608695652174,0.0,0.0,0.0,0.0,0.0,0.0,1.0013853114085376,0.95703850092832,1.3570362505561206,1.457098455284722,6.099465644122877,7.23118780151708,7.100850955531415,8.246503437840147,1.0013853114085376,1.3570362505561206,/home/aaa/data/qj/stable-baselines3-master/risk_curriculum_metadrive/outputs/tuned_compare_baseline_nenv16_seed1_1m/runs/baseline_ppo_s1/config.json,/home/aaa/data/qj/stable-baselines3-master/risk_curriculum_metadrive/outputs/tuned_compare_baseline_nenv16_seed1_1m/runs/baseline_ppo_s1/model/final_model.zip,results/ijmlc_control/raw_csv/p1_d015_core_parallel2_20260701_1648_baseline_s1_episodes.csv
baseline,lower_bound,baseline,ppo,1,0.15,10000,10016,16,0.0,1.0,0.3039354274547806,0.0,0.0,0.0,1.0,114.0,104.19085169988313,104.19085169988313,49.31876369075351,54.50536527334316,12.13600243695451,0.0087719298245614,0.0,0.3039354274547806,154.60332557205078,,,0.0,0.0,0.0,0.0,0.0,0.0,0.0,0.0,1.287201254040395,0.9090300081879832,4.198102092777842,5.048809631989571,7.032232859688648,11.310387797857398,8.319434113729043,12.996070703229632,1.287201254040395,4.198102092777842,/home/aaa/data/qj/stable-baselines3-master/risk_curriculum_metadrive/outputs/tuned_compare_baseline_nenv16_seed1_1m/runs/baseline_ppo_s1/config.json,/home/aaa/data/qj/stable-baselines3-master/risk_curriculum_metadrive/outputs/tuned_compare_baseline_nenv16_seed1_1m/runs/baseline_ppo_s1/model/final_model.zip,results/ijmlc_control/raw_csv/p1_d015_core_parallel2_20260701_1648_baseline_s1_episodes.csv
baseline,lower_bound,baseline,ppo,1,0.15,10000,10017,17,0.0,1.0,0.1828525465077233,1.0,1.0,0.0,0.0,104.0,96.71628430027286,96.71628430027286,47.16760705908343,54.88154287728301,12.065340261981492,0.0,1.0,0.1828525465077233,135.02837605502637,1.3784960490343665,0.3457265061866801,0.1880396282232155,1.0,0.0,0.0,0.0,0.0,0.0,0.0,1.2825154328591173,0.9890409928630106,3.144181549578206,5.358019346022047,10.911306952318856,18.943216001207475,12.193822385177974,21.42365645122481,1.2825154328591173,3.144181549578206,/home/aaa/data/qj/stable-baselines3-master/risk_curriculum_metadrive/outputs/tuned_compare_baseline_nenv16_seed1_1m/runs/baseline_ppo_s1/config.json,/home/aaa/data/qj/stable-baselines3-master/risk_curriculum_metadrive/outputs/tuned_compare_baseline_nenv16_seed1_1m/runs/baseline_ppo_s1/model/final_model.zip,results/ijmlc_control/raw_csv/p1_d015_core_parallel2_20260701_1648_baseline_s1_episodes.csv
baseline,lower_bound,baseline,ppo,1,0.15,10000,10018,18,0.0,1.0,0.3528697049596515,1.0,1.0,0.0,0.0,121.0,83.95833486659686,83.95833486659686,46.64193334457943,55.60356972882618,14.047107361543103,0.0,0.0,0.3528697049596515,155.5093869808013,4.410317996966255,0.5457596475662101,0.2005627792931742,0.6911764705882353,0.0,0.0,0.0,0.0,0.0,0.0,1.3748446694952396,0.975632996414788,3.84782999753952,5.409902596147729,10.06101767800956,18.03770399419591,11.435862347504802,20.275558985304087,1.3748446694952396,3.84782999753952,/home/aaa/data/qj/stable-baselines3-master/risk_curriculum_metadrive/outputs/tuned_compare_baseline_nenv16_seed1_1m/runs/baseline_ppo_s1/config.json,/home/aaa/data/qj/stable-baselines3-master/risk_curriculum_metadrive/outputs/tuned_compare_baseline_nenv16_seed1_1m/runs/baseline_ppo_s1/model/final_model.zip,results/ijmlc_control/raw_csv/p1_d015_core_parallel2_20260701_1648_baseline_s1_episodes.csv
baseline,lower_bound,baseline,ppo,1,0.15,10000,10019,19,0.0,1.0,0.1145011690154634,0.0,0.0,0.0,1.0,88.0,42.09233759945894,42.09233759945894,38.95669631751106,48.23827511453905,10.675347006423758,0.0,1.0,0.1145011690154634,94.01720352651674,2.1256126837878555,2.014263258323046,0.01959809533781,1.0,0.0,0.0,0.0,0.0,0.0,0.0,1.1144061247085284,0.9011125002871267,2.563111347262741,4.11557716608513,7.306524397129331,11.65478085313224,8.420930521837859,13.939568050409427,1.1144061247085284,2.563111347262741,/home/aaa/data/qj/stable-baselines3-master/risk_curriculum_metadrive/outputs/tuned_compare_baseline_nenv16_seed1_1m/runs/baseline_ppo_s1/config.json,/home/aaa/data/qj/stable-baselines3-master/risk_curriculum_metadrive/outputs/tuned_compare_baseline_nenv16_seed1_1m/runs/baseline_ppo_s1/model/final_model.zip,results/ijmlc_control/raw_csv/p1_d015_core_parallel2_20260701_1648_baseline_s1_episodes.csv
baseline,lower_bound,baseline,ppo,1,0.15,20000,20000,0,0.0,1.0,0.3400894031021425,0.0,0.0,0.0,1.0,93.0,77.49084447959304,77.49084447959304,46.39577083155582,49.69491184880869,10.789790632105548,0.0,0.0,0.3400894031021425,118.24383070373712,8.553380319309463,0.8611217383029786,0.1152472149409555,0.4727272727272727,0.0,0.0,0.0,0.0,0.0,0.0,1.23499029034984,0.9257079946110024,3.417173400521275,4.958538556820709,4.626250365168176,9.23635980580002,5.861240655518016,12.455767608480528,1.23499029034984,3.417173400521275,/home/aaa/data/qj/stable-baselines3-master/risk_curriculum_metadrive/outputs/tuned_compare_baseline_nenv16_seed1_1m/runs/baseline_ppo_s1/config.json,/home/aaa/data/qj/stable-baselines3-master/risk_curriculum_metadrive/outputs/tuned_compare_baseline_nenv16_seed1_1m/runs/baseline_ppo_s1/model/final_model.zip,results/ijmlc_control/raw_csv/p1_d015_core_parallel2_20260701_1648_baseline_s1_episodes.csv
baseline,lower_bound,baseline,ppo,1,0.15,20000,20001,1,0.0,1.0,0.2062905250497956,0.0,0.0,0.0,1.0,99.0,66.64055639057771,66.64055639057771,38.93476567696706,48.39324417134269,10.946846537060448,0.0,0.0,0.2062905250497956,105.99397752848228,,,0.0,0.0,0.0,0.0,0.0,0.0,0.0,0.0,1.1435928586940989,0.9492669923929498,1.7848545961896882,4.9542128492612365,5.148702878898922,7.815729705907869,6.292295737593021,9.571948983648324,1.1435928586940989,1.7848545961896882,/home/aaa/data/qj/stable-baselines3-master/risk_curriculum_metadrive/outputs/tuned_compare_baseline_nenv16_seed1_1m/runs/baseline_ppo_s1/config.json,/home/aaa/data/qj/stable-baselines3-master/risk_curriculum_metadrive/outputs/tuned_compare_baseline_nenv16_seed1_1m/runs/baseline_ppo_s1/model/final_model.zip,results/ijmlc_control/raw_csv/p1_d015_core_parallel2_20260701_1648_baseline_s1_episodes.csv
baseline,lower_bound,baseline,ppo,1,0.15,20000,20002,2,0.0,1.0,0.3070552654023251,0.0,0.0,0.0,1.0,108.0,113.39173392473144,113.39173392473144,50.972837731342416,60.24047767571161,12.968176139154238,0.0,0.0,0.3070552654023251,151.33746305052935,,,0.0,0.0,0.0,0.0,0.0,0.0,0.0,0.0,1.0280665185375797,0.920282007427886,1.5057338059705203,4.405790516029792,7.407004360478216,16.476630352553897,8.435070879015795,18.615248193236763,1.0280665185375797,1.5057338059705203,/home/aaa/data/qj/stable-baselines3-master/risk_curriculum_metadrive/outputs/tuned_compare_baseline_nenv16_seed1_1m/runs/baseline_ppo_s1/config.json,/home/aaa/data/qj/stable-baselines3-master/risk_curriculum_metadrive/outputs/tuned_compare_baseline_nenv16_seed1_1m/runs/baseline_ppo_s1/model/final_model.zip,results/ijmlc_control/raw_csv/p1_d015_core_parallel2_20260701_1648_baseline_s1_episodes.csv
baseline,lower_bound,baseline,ppo,1,0.15,20000,20003,3,0.0,1.0,0.2425270631290643,1.0,1.0,0.0,0.0,126.0,86.80253099909557,86.80253099909557,46.97069501731316,56.80411611586388,13.73950844442497,0.0,0.0,0.2425270631290643,163.1372049415905,5.76636474263231,0.0063242953170779,0.1731019985014151,0.4647887323943662,0.0,0.0,0.0,0.0,0.0,0.0,1.5112164602171452,0.9844165033427998,4.9464087569504045,5.810367747471901,12.8340093564013,20.745532001456013,14.345225816618443,22.273804745054804,1.5112164602171452,4.9464087569504045,/home/aaa/data/qj/stable-baselines3-master/risk_curriculum_metadrive/outputs/tuned_compare_baseline_nenv16_seed1_1m/runs/baseline_ppo_s1/config.json,/home/aaa/data/qj/stable-baselines3-master/risk_curriculum_metadrive/outputs/tuned_compare_baseline_nenv16_seed1_1m/runs/baseline_ppo_s1/model/final_model.zip,results/ijmlc_control/raw_csv/p1_d015_core_parallel2_20260701_1648_baseline_s1_episodes.csv
baseline,lower_bound,baseline,ppo,1,0.15,20000,20004,4,0.0,1.0,0.2774815058317031,1.0,1.0,0.0,0.0,104.0,106.4585747168065,106.4585747168065,47.7560413980632,52.75806795670576,11.563279901430851,0.0,0.0,0.2774815058317031,136.93451715194095,2.4647276851140085,0.4523046138485181,0.190159382506111,0.9743589743589745,0.0,0.0,0.0,0.0,0.0,0.0,1.4638031445009312,0.9400085036759264,4.8478203410923,5.635906608513323,7.267332884601694,13.572571797703858,8.731136029102625,15.039046512538334,1.4638031445009312,4.8478203410923,/home/aaa/data/qj/stable-baselines3-master/risk_curriculum_metadrive/outputs/tuned_compare_baseline_nenv16_seed1_1m/runs/baseline_ppo_s1/config.json,/home/aaa/data/qj/stable-baselines3-master/risk_curriculum_metadrive/outputs/tuned_compare_baseline_nenv16_seed1_1m/runs/baseline_ppo_s1/model/final_model.zip,results/ijmlc_control/raw_csv/p1_d015_core_parallel2_20260701_1648_baseline_s1_episodes.csv
baseline,lower_bound,baseline,ppo,1,0.15,20000,20005,5,0.0,1.0,0.2383169513294188,1.0,1.0,0.0,0.0,105.0,82.08925667660405,82.08925667660405,45.49416066051935,52.32558145280079,11.476396744085276,0.0,0.0,0.2383169513294188,131.7421289097975,1.5356244853015664,0.3695510316679153,0.1319762100837498,1.0,0.0,0.0,0.0,0.0,0.0,0.0,1.3043285432061005,1.0199629905400798,3.145653006504289,5.406129912007595,10.511347200233669,13.076743003330192,11.815675743439767,14.661778800655156,1.3043285432061005,3.145653006504289,/home/aaa/data/qj/stable-baselines3-master/risk_curriculum_metadrive/outputs/tuned_compare_baseline_nenv16_seed1_1m/runs/baseline_ppo_s1/config.json,/home/aaa/data/qj/stable-baselines3-master/risk_curriculum_metadrive/outputs/tuned_compare_baseline_nenv16_seed1_1m/runs/baseline_ppo_s1/model/final_model.zip,results/ijmlc_control/raw_csv/p1_d015_core_parallel2_20260701_1648_baseline_s1_episodes.csv
baseline,lower_bound,baseline,ppo,1,0.15,20000,20006,6,0.0,1.0,0.1160390540820771,0.0,0.0,0.0,1.0,71.0,41.57038655622302,41.57038655622302,33.470828308416216,35.39103701649024,7.879608246325095,0.0140845070422535,1.0,0.1160390540820771,64.9079782670969,,,0.0,0.0,0.0,0.0,0.0,0.0,0.0,0.0,1.1479111692071302,1.0083609959110618,1.9476939996820877,2.2171795964823096,5.978178732387367,7.267899003636558,7.126089901594497,8.263085997896269,1.1479111692071302,1.9476939996820877,/home/aaa/data/qj/stable-baselines3-master/risk_curriculum_metadrive/outputs/tuned_compare_baseline_nenv16_seed1_1m/runs/baseline_ppo_s1/config.json,/home/aaa/data/qj/stable-baselines3-master/risk_curriculum_metadrive/outputs/tuned_compare_baseline_nenv16_seed1_1m/runs/baseline_ppo_s1/model/final_model.zip,results/ijmlc_control/raw_csv/p1_d015_core_parallel2_20260701_1648_baseline_s1_episodes.csv
baseline,lower_bound,baseline,ppo,1,0.15,20000,20007,7,0.0,1.0,0.1766653808989569,0.0,0.0,0.0,1.0,75.0,48.267273031241984,48.267273031241984,37.3038628063558,41.34671662281035,9.16188945812787,0.0,1.0,0.1766653808989569,76.53987111559756,,,0.0,0.0,0.0,0.0,0.0,0.0,0.0,0.0,1.0104763207103435,0.938411001698114,1.510983999469317,2.195447409467306,4.840325159408773,5.834191196481695,5.850801480119117,7.732420605316289,1.0104763207103435,1.510983999469317,/home/aaa/data/qj/stable-baselines3-master/risk_curriculum_metadrive/outputs/tuned_compare_baseline_nenv16_seed1_1m/runs/baseline_ppo_s1/config.json,/home/aaa/data/qj/stable-baselines3-master/risk_curriculum_metadrive/outputs/tuned_compare_baseline_nenv16_seed1_1m/runs/baseline_ppo_s1/model/final_model.zip,results/ijmlc_control/raw_csv/p1_d015_core_parallel2_20260701_1648_baseline_s1_episodes.csv
baseline,lower_bound,baseline,ppo,1,0.15,20000,20008,8,0.0,1.0,0.1572650612431501,1.0,1.0,0.0,0.0,86.0,63.33170897968931,63.33170897968931,42.2802268208204,45.28656879906646,9.91275285769662,0.0,1.0,0.1572650612431501,99.78994648271154,1.2366782427056389,0.4453697389569218,0.1225267548886536,1.0,0.0,0.0,0.0,0.0,0.0,0.0,2.061605965007952,0.99539050279418,5.34860550033045,6.037818947515916,14.033755908014935,19.125851500575664,16.09536187302289,21.893252240261063,2.061605965007952,5.34860550033045,/home/aaa/data/qj/stable-baselines3-master/risk_curriculum_metadrive/outputs/tuned_compare_baseline_nenv16_seed1_1m/runs/baseline_ppo_s1/config.json,/home/aaa/data/qj/stable-baselines3-master/risk_curriculum_metadrive/outputs/tuned_compare_baseline_nenv16_seed1_1m/runs/baseline_ppo_s1/model/final_model.zip,results/ijmlc_control/raw_csv/p1_d015_core_parallel2_20260701_1648_baseline_s1_episodes.csv
baseline,lower_bound,baseline,ppo,1,0.15,20000,20009,9,0.0,1.0,0.3723873959486571,0.0,0.0,0.0,1.0,128.0,87.50933939861544,87.50933939861544,45.61917834893451,52.84906285050691,14.056339800477131,0.0,0.0,0.3723873959486571,161.05280855027283,2.7000876811146446,2.4429309199460585,0.0179680649912918,1.0,0.0,0.0,0.0,0.0,0.0,0.0,1.3480769223406242,0.9091795000131242,4.743796800903508,5.76822921386338,10.821231093586904,18.761108999751738,12.169308015927529,21.24958440836053,1.3480769223406242,4.743796800903508,/home/aaa/data/qj/stable-baselines3-master/risk_curriculum_metadrive/outputs/tuned_compare_baseline_nenv16_seed1_1m/runs/baseline_ppo_s1/config.json,/home/aaa/data/qj/stable-baselines3-master/risk_curriculum_metadrive/outputs/tuned_compare_baseline_nenv16_seed1_1m/runs/baseline_ppo_s1/model/final_model.zip,results/ijmlc_control/raw_csv/p1_d015_core_parallel2_20260701_1648_baseline_s1_episodes.csv
baseline,lower_bound,baseline,ppo,1,0.15,20000,20010,10,0.0,1.0,0.455605559447548,0.0,0.0,0.0,1.0,136.0,135.94837463742184,135.94837463742184,55.408978835096406,66.78922651168489,14.947896969887974,0.0,0.0,0.455605559447548,207.82953119991248,1.9115861580236395,0.7487659552965906,0.0681267759259491,1.0,0.0,0.0,0.0,0.0,0.0,0.0,1.379896462929216,0.9435475076315925,4.822392500500428,6.560228361195188,6.248293691789834,11.17479525419185,7.62819015471905,13.22735175199341,1.379896462929216,4.822392500500428,/home/aaa/data/qj/stable-baselines3-master/risk_curriculum_metadrive/outputs/tuned_compare_baseline_nenv16_seed1_1m/runs/baseline_ppo_s1/config.json,/home/aaa/data/qj/stable-baselines3-master/risk_curriculum_metadrive/outputs/tuned_compare_baseline_nenv16_seed1_1m/runs/baseline_ppo_s1/model/final_model.zip,results/ijmlc_control/raw_csv/p1_d015_core_parallel2_20260701_1648_baseline_s1_episodes.csv
baseline,lower_bound,baseline,ppo,1,0.15,20000,20011,11,0.0,1.0,0.2233704424314993,0.0,0.0,0.0,1.0,97.0,37.3092198961433,37.3092198961433,46.66649685507894,51.22934861482798,11.097408663716966,0.0,0.0,0.2233704424314993,124.26505084103428,7.857410305019985,0.0257841057880343,0.0760897127054275,0.3478260869565217,0.0,0.0,0.0,0.0,0.0,0.0,1.726498102892872,0.9223300003213808,4.9822183966171,6.540725764934901,16.69335298986683,25.50910099816973,18.419851092759703,28.40784779691603,1.726498102892872,4.9822183966171,/home/aaa/data/qj/stable-baselines3-master/risk_curriculum_metadrive/outputs/tuned_compare_baseline_nenv16_seed1_1m/runs/baseline_ppo_s1/config.json,/home/aaa/data/qj/stable-baselines3-master/risk_curriculum_metadrive/outputs/tuned_compare_baseline_nenv16_seed1_1m/runs/baseline_ppo_s1/model/final_model.zip,results/ijmlc_control/raw_csv/p1_d015_core_parallel2_20260701_1648_baseline_s1_episodes.csv
baseline,lower_bound,baseline,ppo,1,0.15,20000,20012,12,0.0,1.0,0.1333151134493008,0.0,0.0,0.0,1.0,75.0,42.71522278066234,42.71522278066234,35.70344186284987,39.73359345083244,8.788957281334296,0.0,1.0,0.1333151134493008,73.31724737010362,,,0.0,0.0,0.0,0.0,0.0,0.0,0.0,0.0,1.7703677333580952,0.9901550074573606,5.403893900802358,6.060941611940509,7.6698879461036995,13.14298630313715,9.440255679461794,14.863214700017124,1.7703677333580952,5.403893900802358,/home/aaa/data/qj/stable-baselines3-master/risk_curriculum_metadrive/outputs/tuned_compare_baseline_nenv16_seed1_1m/runs/baseline_ppo_s1/config.json,/home/aaa/data/qj/stable-baselines3-master/risk_curriculum_metadrive/outputs/tuned_compare_baseline_nenv16_seed1_1m/runs/baseline_ppo_s1/model/final_model.zip,results/ijmlc_control/raw_csv/p1_d015_core_parallel2_20260701_1648_baseline_s1_episodes.csv
baseline,lower_bound,baseline,ppo,1,0.15,20000,20013,13,0.0,1.0,0.233487313634239,0.0,0.0,0.0,1.0,145.0,108.61991604417209,108.61991604417209,45.88877895078817,52.29260168139368,15.25042891703986,0.0068965517241379,0.0,0.233487313634239,183.7880688328657,2.8506612175690877,2.6231494881625887,0.0177876313028765,1.0,0.0,0.0,0.0,0.0,0.0,0.0,1.4992239855928349,0.9469369979342446,4.992835389566606,9.112842560862193,10.280286675672336,18.041492192423902,11.77951066126517,20.5662645981647,1.4992239855928349,4.992835389566606,/home/aaa/data/qj/stable-baselines3-master/risk_curriculum_metadrive/outputs/tuned_compare_baseline_nenv16_seed1_1m/runs/baseline_ppo_s1/config.json,/home/aaa/data/qj/stable-baselines3-master/risk_curriculum_metadrive/outputs/tuned_compare_baseline_nenv16_seed1_1m/runs/baseline_ppo_s1/model/final_model.zip,results/ijmlc_control/raw_csv/p1_d015_core_parallel2_20260701_1648_baseline_s1_episodes.csv
baseline,lower_bound,baseline,ppo,1,0.15,20000,20014,14,0.0,1.0,0.2309796459673835,1.0,1.0,0.0,0.0,103.0,77.35911678659942,77.35911678659942,43.13170194985145,48.22003369900006,11.08085078236762,0.0097087378640776,0.0,0.2309796459673835,122.20630171352369,5.534357196220439,0.4761880644091563,0.2751381327180076,0.6463414634146342,0.0,0.0,0.0,0.0,0.0,0.0,1.3946988737126993,0.9883530001388864,4.447009199066083,5.108651510090567,7.953231097470281,13.424860397935843,9.347929971182982,14.736363578413146,1.3946988737126993,4.447009199066083,/home/aaa/data/qj/stable-baselines3-master/risk_curriculum_metadrive/outputs/tuned_compare_baseline_nenv16_seed1_1m/runs/baseline_ppo_s1/config.json,/home/aaa/data/qj/stable-baselines3-master/risk_curriculum_metadrive/outputs/tuned_compare_baseline_nenv16_seed1_1m/runs/baseline_ppo_s1/model/final_model.zip,results/ijmlc_control/raw_csv/p1_d015_core_parallel2_20260701_1648_baseline_s1_episodes.csv
baseline,lower_bound,baseline,ppo,1,0.15,20000,20015,15,0.0,1.0,0.1213000442834381,1.0,1.0,0.0,0.0,77.0,42.377124562095744,42.377124562095744,37.012571833387696,41.88293674041179,9.259193245027802,0.0,1.0,0.1213000442834381,77.97742592749093,1.1877832514777378,0.920607372249364,0.0693130317913138,1.0,0.0,0.0,0.0,0.0,0.0,0.0,0.9537749608537158,0.9205870010191576,1.2644827918848025,1.5765111258951936,4.012834117823438,4.623300206731074,4.966609078677154,5.787196601158939,0.9537749608537158,1.2644827918848025,/home/aaa/data/qj/stable-baselines3-master/risk_curriculum_metadrive/outputs/tuned_compare_baseline_nenv16_seed1_1m/runs/baseline_ppo_s1/config.json,/home/aaa/data/qj/stable-baselines3-master/risk_curriculum_metadrive/outputs/tuned_compare_baseline_nenv16_seed1_1m/runs/baseline_ppo_s1/model/final_model.zip,results/ijmlc_control/raw_csv/p1_d015_core_parallel2_20260701_1648_baseline_s1_episodes.csv
baseline,lower_bound,baseline,ppo,1,0.15,20000,20016,16,0.0,1.0,0.2456973032643205,1.0,1.0,0.0,0.0,133.0,69.19094560053415,69.19094560053415,47.8005821088169,54.29734265271982,15.12483775842758,0.0,0.0,0.2456973032643205,175.64956990484197,3.2811602104485176,0.7320083594385806,0.1224197081127537,0.8064516129032258,0.0,0.0,0.0,0.0,0.0,0.0,0.9895638642391484,0.8877130021573976,1.3595611992059269,3.092611358151776,8.132835413452721,10.347628200543111,9.12239927769187,11.3089043967193,0.9895638642391484,1.3595611992059269,/home/aaa/data/qj/stable-baselines3-master/risk_curriculum_metadrive/outputs/tuned_compare_baseline_nenv16_seed1_1m/runs/baseline_ppo_s1/config.json,/home/aaa/data/qj/stable-baselines3-master/risk_curriculum_metadrive/outputs/tuned_compare_baseline_nenv16_seed1_1m/runs/baseline_ppo_s1/model/final_model.zip,results/ijmlc_control/raw_csv/p1_d015_core_parallel2_20260701_1648_baseline_s1_episodes.csv
baseline,lower_bound,baseline,ppo,1,0.15,20000,20017,17,0.0,1.0,0.1144326001008309,0.0,0.0,0.0,1.0,68.0,43.33866530777559,43.33866530777559,34.818108988867,36.27507496701618,8.112890105885551,0.0,1.0,0.1144326001008309,64.52578850542254,,,0.0,0.0,0.0,0.0,0.0,0.0,0.0,0.0,1.0857285449353238,0.9634369998821056,2.197837355925003,2.594487401220249,7.079237162756994,9.172755853069248,8.164965707692318,10.683055206754942,1.0857285449353238,2.197837355925003,/home/aaa/data/qj/stable-baselines3-master/risk_curriculum_metadrive/outputs/tuned_compare_baseline_nenv16_seed1_1m/runs/baseline_ppo_s1/config.json,/home/aaa/data/qj/stable-baselines3-master/risk_curriculum_metadrive/outputs/tuned_compare_baseline_nenv16_seed1_1m/runs/baseline_ppo_s1/model/final_model.zip,results/ijmlc_control/raw_csv/p1_d015_core_parallel2_20260701_1648_baseline_s1_episodes.csv
baseline,lower_bound,baseline,ppo,1,0.15,20000,20018,18,0.0,1.0,0.1018162794719428,0.0,0.0,0.0,1.0,86.0,34.3627831128752,34.3627831128752,36.87620535411815,42.7739122658037,9.799454993123398,0.0,1.0,0.1018162794719428,87.14438096672654,,,0.0,0.0,0.0,0.0,0.0,0.0,0.0,0.0,1.5084049527379035,0.9065354970516636,4.815138250705786,5.329549445741578,11.751777790608642,15.883559997746488,13.260182743346546,18.20760924238129,1.5084049527379035,4.815138250705786,/home/aaa/data/qj/stable-baselines3-master/risk_curriculum_metadrive/outputs/tuned_compare_baseline_nenv16_seed1_1m/runs/baseline_ppo_s1/config.json,/home/aaa/data/qj/stable-baselines3-master/risk_curriculum_metadrive/outputs/tuned_compare_baseline_nenv16_seed1_1m/runs/baseline_ppo_s1/model/final_model.zip,results/ijmlc_control/raw_csv/p1_d015_core_parallel2_20260701_1648_baseline_s1_episodes.csv
baseline,lower_bound,baseline,ppo,1,0.15,20000,20019,19,0.0,1.0,0.1060046939968944,0.0,0.0,0.0,1.0,67.0,34.8061794014317,34.8061794014317,31.91802215206906,34.0596027121559,7.650035326973312,0.0,1.0,0.1060046939968944,58.30690253507235,18.97798002640961,2.737771837662456,0.0265143235937941,0.1590909090909091,0.0,0.0,0.0,0.0,0.0,0.0,1.1375844923852343,0.9134839929174632,3.0499247965053646,4.604893597133925,9.68238790958265,15.66751089703757,10.819972401967885,16.92896790773375,1.1375844923852343,3.0499247965053646,/home/aaa/data/qj/stable-baselines3-master/risk_curriculum_metadrive/outputs/tuned_compare_baseline_nenv16_seed1_1m/runs/baseline_ppo_s1/config.json,/home/aaa/data/qj/stable-baselines3-master/risk_curriculum_metadrive/outputs/tuned_compare_baseline_nenv16_seed1_1m/runs/baseline_ppo_s1/model/final_model.zip,results/ijmlc_control/raw_csv/p1_d015_core_parallel2_20260701_1648_baseline_s1_episodes.csv
baseline,lower_bound,baseline,ppo,2,0.15,10000,10000,0,0.0,1.0,0.4112157431147818,0.0,0.0,0.0,1.0,166.0,109.00114035691972,109.00114035691972,47.56350290454783,52.022956839485175,18.66771803805681,0.0,0.0,0.4112157431147818,218.4102122318831,2.836254811682946,0.4229257289249748,0.1476031582517866,0.8846153846153846,0.0,0.0,0.0,0.0,0.0,0.0,1.8259189940192344,0.9485765040153638,1.684282502537826,2.9868541532778163,10.610105210518274,20.073962503374787,12.436024204537508,22.002734498528294,1.8259189940192344,1.684282502537826,/home/aaa/data/qj/stable-baselines3-master/risk_curriculum_metadrive/outputs/tuned_compare_baseline_nenv16_seed2_1m/runs/baseline_ppo_s2/config.json,/home/aaa/data/qj/stable-baselines3-master/risk_curriculum_metadrive/outputs/tuned_compare_baseline_nenv16_seed2_1m/runs/baseline_ppo_s2/model/final_model.zip,results/ijmlc_control/raw_csv/p1_d015_core_parallel2_20260701_1648_baseline_s2_episodes.csv
baseline,lower_bound,baseline,ppo,2,0.15,10000,10001,1,0.0,1.0,0.1845048332473873,1.0,1.0,0.0,0.0,82.0,50.18010377540905,50.18010377540905,40.12546804597131,43.513678508499744,9.659435356806402,0.0,1.0,0.1845048332473873,90.1881490464452,11.216194860604997,0.5542686966810042,0.1529699010810562,0.5666666666666667,0.0,0.0,0.0,0.0,0.0,0.0,0.9335793908642854,0.898603509995155,1.217191699106479,1.5483762485382604,5.736133681571895,6.869225702394033,6.66971307243618,7.840401310386369,0.9335793908642854,1.217191699106479,/home/aaa/data/qj/stable-baselines3-master/risk_curriculum_metadrive/outputs/tuned_compare_baseline_nenv16_seed2_1m/runs/baseline_ppo_s2/config.json,/home/aaa/data/qj/stable-baselines3-master/risk_curriculum_metadrive/outputs/tuned_compare_baseline_nenv16_seed2_1m/runs/baseline_ppo_s2/model/final_model.zip,results/ijmlc_control/raw_csv/p1_d015_core_parallel2_20260701_1648_baseline_s2_episodes.csv
baseline,lower_bound,baseline,ppo,2,0.15,10000,10002,2,0.0,1.0,0.1163460700405344,1.0,1.0,0.0,0.0,65.0,37.83002928972629,37.83002928972629,34.04916256664217,34.82715108696818,7.768744556809637,0.0,1.0,0.1163460700405344,60.42474060460559,11.967818200682103,0.4680513694019442,0.2872408012906862,0.6862745098039216,0.0,0.0,0.0,0.0,0.0,0.0,0.9673548759355282,0.9553129930282012,1.25964859907981,1.3958829152397811,7.102367244302654,8.253813988994807,8.06972212023818,9.329406393226236,0.9673548759355282,1.25964859907981,/home/aaa/data/qj/stable-baselines3-master/risk_curriculum_metadrive/outputs/tuned_compare_baseline_nenv16_seed2_1m/runs/baseline_ppo_s2/config.json,/home/aaa/data/qj/stable-baselines3-master/risk_curriculum_metadrive/outputs/tuned_compare_baseline_nenv16_seed2_1m/runs/baseline_ppo_s2/model/final_model.zip,results/ijmlc_control/raw_csv/p1_d015_core_parallel2_20260701_1648_baseline_s2_episodes.csv
baseline,lower_bound,baseline,ppo,2,0.15,10000,10003,3,0.0,1.0,0.3589930961732038,1.0,1.0,0.0,0.0,124.0,103.0530565388329,103.0530565388329,48.64177355076978,60.00828216034627,14.59556312203621,0.0,0.0,0.3589930961732038,166.5627887145235,6.108161423457481,0.109247845691184,0.2931644994946623,0.7362637362637363,0.0,0.0,0.0,0.0,0.0,0.0,0.944976903654958,0.9061379969352856,1.251750654046191,1.4340142691798967,4.195911136541268,5.816518705250928,5.140888040196225,6.770098950073589,0.944976903654958,1.251750654046191,/home/aaa/data/qj/stable-baselines3-master/risk_curriculum_metadrive/outputs/tuned_compare_baseline_nenv16_seed2_1m/runs/baseline_ppo_s2/config.json,/home/aaa/data/qj/stable-baselines3-master/risk_curriculum_metadrive/outputs/tuned_compare_baseline_nenv16_seed2_1m/runs/baseline_ppo_s2/model/final_model.zip,results/ijmlc_control/raw_csv/p1_d015_core_parallel2_20260701_1648_baseline_s2_episodes.csv
baseline,lower_bound,baseline,ppo,2,0.15,10000,10004,4,0.0,1.0,0.1519997870362978,1.0,1.0,0.0,0.0,75.0,65.58883008193563,65.58883008193563,39.21254668650992,40.77446474854553,9.285086225695316,0.0,1.0,0.1519997870362978,80.94228191378674,3.1279551394298,0.4495104384517761,0.2616948613804117,0.8085106382978723,0.0,0.0,0.0,0.0,0.0,0.0,0.993056040412436,0.97227499645669,1.2404077089740897,1.529659634106795,6.409622773256463,9.340724698267875,7.402678813668899,10.54838668787852,0.993056040412436,1.2404077089740897,/home/aaa/data/qj/stable-baselines3-master/risk_curriculum_metadrive/outputs/tuned_compare_baseline_nenv16_seed2_1m/runs/baseline_ppo_s2/config.json,/home/aaa/data/qj/stable-baselines3-master/risk_curriculum_metadrive/outputs/tuned_compare_baseline_nenv16_seed2_1m/runs/baseline_ppo_s2/model/final_model.zip,results/ijmlc_control/raw_csv/p1_d015_core_parallel2_20260701_1648_baseline_s2_episodes.csv
baseline,lower_bound,baseline,ppo,2,0.15,10000,10005,5,0.0,1.0,0.3413191280786246,1.0,1.0,0.0,0.0,175.0,94.74920803251996,94.74920803251996,35.040802023979005,37.787222630867376,18.758530700109667,0.0,0.0,0.3413191280786246,169.64168097162806,6.498963058120488,0.6165628941625613,0.2387352877720402,0.7,0.0,0.0,0.0,0.0,0.0,0.0,0.9808103948099804,0.9586810047039762,1.2146407054387958,1.8190410034731013,7.214706263538184,9.23665789887309,8.195516658348165,10.181367603945546,0.9808103948099804,1.2146407054387958,/home/aaa/data/qj/stable-baselines3-master/risk_curriculum_metadrive/outputs/tuned_compare_baseline_nenv16_seed2_1m/runs/baseline_ppo_s2/config.json,/home/aaa/data/qj/stable-baselines3-master/risk_curriculum_metadrive/outputs/tuned_compare_baseline_nenv16_seed2_1m/runs/baseline_ppo_s2/model/final_model.zip,results/ijmlc_control/raw_csv/p1_d015_core_parallel2_20260701_1648_baseline_s2_episodes.csv
baseline,lower_bound,baseline,ppo,2,0.15,10000,10006,6,0.0,1.0,0.1695384858554169,0.0,0.0,0.0,1.0,94.0,72.58168542893729,72.58168542893729,40.402238771386045,51.084413912060526,11.403500985778232,0.0,1.0,0.1695384858554169,104.3151691805767,4.549384112310904,0.8350203961879988,0.0619232289426232,0.6,0.0,0.0,0.0,0.0,0.0,0.0,1.705381968349684,0.9651140062487684,4.985789898637449,7.929548474348847,11.615275020805248,16.69633559940848,13.320656989154932,19.02209115505684,1.705381968349684,4.985789898637449,/home/aaa/data/qj/stable-baselines3-master/risk_curriculum_metadrive/outputs/tuned_compare_baseline_nenv16_seed2_1m/runs/baseline_ppo_s2/config.json,/home/aaa/data/qj/stable-baselines3-master/risk_curriculum_metadrive/outputs/tuned_compare_baseline_nenv16_seed2_1m/runs/baseline_ppo_s2/model/final_model.zip,results/ijmlc_control/raw_csv/p1_d015_core_parallel2_20260701_1648_baseline_s2_episodes.csv
baseline,lower_bound,baseline,ppo,2,0.15,10000,10007,7,0.0,1.0,0.1897094013518371,1.0,1.0,0.0,0.0,117.0,91.6913583885907,91.6913583885907,48.00456744154764,53.83758750621711,12.663184774694123,0.0085470085470085,1.0,0.1897094013518371,154.9037390273766,5.896267303403094,0.2823427285713466,0.1384534689023126,0.4363636363636363,0.0,0.0,0.0,0.0,0.0,0.0,1.1160738898528757,0.9408059995621444,1.968459199997596,4.558830809546636,10.773255041766609,15.472834007232448,11.889328931619485,17.499183397740126,1.1160738898528757,1.968459199997596,/home/aaa/data/qj/stable-baselines3-master/risk_curriculum_metadrive/outputs/tuned_compare_baseline_nenv16_seed2_1m/runs/baseline_ppo_s2/config.json,/home/aaa/data/qj/stable-baselines3-master/risk_curriculum_metadrive/outputs/tuned_compare_baseline_nenv16_seed2_1m/runs/baseline_ppo_s2/model/final_model.zip,results/ijmlc_control/raw_csv/p1_d015_core_parallel2_20260701_1648_baseline_s2_episodes.csv
baseline,lower_bound,baseline,ppo,2,0.15,10000,10008,8,0.0,1.0,0.1574007467346378,1.0,1.0,0.0,0.0,75.0,55.92926559280117,55.92926559280117,36.62250363690669,39.825408617345886,8.873537022616018,0.0,1.0,0.1574007467346378,75.44829637196096,16.643872746062577,0.7902420367199107,0.0927353143671076,0.3823529411764705,0.0,0.0,0.0,0.0,0.0,0.0,2.038736760344667,1.140544991358183,5.3964130973326965,7.419195821275938,7.555066146305762,13.171151593269313,9.59380290665043,15.603872698557096,2.038736760344667,5.3964130973326965,/home/aaa/data/qj/stable-baselines3-master/risk_curriculum_metadrive/outputs/tuned_compare_baseline_nenv16_seed2_1m/runs/baseline_ppo_s2/config.json,/home/aaa/data/qj/stable-baselines3-master/risk_curriculum_metadrive/outputs/tuned_compare_baseline_nenv16_seed2_1m/runs/baseline_ppo_s2/model/final_model.zip,results/ijmlc_control/raw_csv/p1_d015_core_parallel2_20260701_1648_baseline_s2_episodes.csv
baseline,lower_bound,baseline,ppo,2,0.15,10000,10009,9,0.0,1.0,0.4615290212220528,1.0,1.0,0.0,0.0,152.0,152.8402380782067,152.8402380782067,49.18608031731948,58.70352967298095,17.15157920664342,0.0,0.0,0.4615290212220528,206.6860285702252,8.18321764228693,0.6050696632072949,0.214698113576973,0.7439024390243902,0.0,0.0,0.0,0.0,0.0,0.0,1.2964488347566463,0.9685390032245778,4.3409176949353325,6.181390802667024,6.529216204159495,12.806283645477375,7.825665038916141,14.587881712213855,1.2964488347566463,4.3409176949353325,/home/aaa/data/qj/stable-baselines3-master/risk_curriculum_metadrive/outputs/tuned_compare_baseline_nenv16_seed2_1m/runs/baseline_ppo_s2/config.json,/home/aaa/data/qj/stable-baselines3-master/risk_curriculum_metadrive/outputs/tuned_compare_baseline_nenv16_seed2_1m/runs/baseline_ppo_s2/model/final_model.zip,results/ijmlc_control/raw_csv/p1_d015_core_parallel2_20260701_1648_baseline_s2_episodes.csv
baseline,lower_bound,baseline,ppo,2,0.15,10000,10010,10,0.0,1.0,0.162347247602468,1.0,1.0,0.0,0.0,91.0,53.735380042049165,53.735380042049165,35.91953799019671,43.02069028578498,9.955720769577615,0.0109890109890109,1.0,0.162347247602468,89.84910990680713,3.48802473959154,1.29708149095684,0.1611241892834262,0.7333333333333333,0.0,0.0,0.0,0.0,0.0,0.0,0.9977664936981216,0.9272489987779408,1.444141504180152,2.178160988842125,8.156708769172758,13.374423499044497,9.15447526287088,14.82333099556854,0.9977664936981216,1.444141504180152,/home/aaa/data/qj/stable-baselines3-master/risk_curriculum_metadrive/outputs/tuned_compare_baseline_nenv16_seed2_1m/runs/baseline_ppo_s2/config.json,/home/aaa/data/qj/stable-baselines3-master/risk_curriculum_metadrive/outputs/tuned_compare_baseline_nenv16_seed2_1m/runs/baseline_ppo_s2/model/final_model.zip,results/ijmlc_control/raw_csv/p1_d015_core_parallel2_20260701_1648_baseline_s2_episodes.csv
baseline,lower_bound,baseline,ppo,2,0.15,10000,10011,11,0.0,1.0,0.2084710928639117,1.0,1.0,0.0,0.0,98.0,85.64425205382851,85.64425205382851,44.9587537416477,52.07949512396905,11.54914561488099,0.0,0.0,0.2084710928639117,121.24934640388234,4.703566048413631,0.4232941003869925,0.2603510708802307,0.5584415584415584,0.0,0.0,0.0,0.0,0.0,0.0,1.4357106627692109,0.9399615009897389,5.190896902058739,7.405379930714845,11.245990898139414,19.483065601525595,12.681701560908625,20.88121630440582,1.4357106627692109,5.190896902058739,/home/aaa/data/qj/stable-baselines3-master/risk_curriculum_metadrive/outputs/tuned_compare_baseline_nenv16_seed2_1m/runs/baseline_ppo_s2/config.json,/home/aaa/data/qj/stable-baselines3-master/risk_curriculum_metadrive/outputs/tuned_compare_baseline_nenv16_seed2_1m/runs/baseline_ppo_s2/model/final_model.zip,results/ijmlc_control/raw_csv/p1_d015_core_parallel2_20260701_1648_baseline_s2_episodes.csv
baseline,lower_bound,baseline,ppo,2,0.15,10000,10012,12,0.0,1.0,0.1488795603458549,1.0,1.0,0.0,0.0,68.0,39.79453178227337,39.79453178227337,34.31069656432167,36.32558901741255,8.136146155394526,0.0,1.0,0.1488795603458549,63.59484413826746,0.8590337673581548,0.1969955425618441,0.1583310618363058,1.0,0.0,0.0,0.0,0.0,0.0,0.0,1.6501126753128654,0.9741289977682754,5.024474000674672,6.623459723632547,6.616624572737184,12.058108991914196,8.266737248050049,13.191496646322776,1.6501126753128654,5.024474000674672,/home/aaa/data/qj/stable-baselines3-master/risk_curriculum_metadrive/outputs/tuned_compare_baseline_nenv16_seed2_1m/runs/baseline_ppo_s2/config.json,/home/aaa/data/qj/stable-baselines3-master/risk_curriculum_metadrive/outputs/tuned_compare_baseline_nenv16_seed2_1m/runs/baseline_ppo_s2/model/final_model.zip,results/ijmlc_control/raw_csv/p1_d015_core_parallel2_20260701_1648_baseline_s2_episodes.csv
baseline,lower_bound,baseline,ppo,2,0.15,10000,10013,13,0.0,1.0,0.1774838993183091,0.0,0.0,0.0,1.0,120.0,51.2948404202969,51.2948404202969,30.833169154822272,26.244128311915773,13.846705259108829,0.0,1.0,0.1774838993183091,102.18774818733424,7.830784970007022,7.677140679502751,0.0,0.0,0.0,0.0,0.0,0.0,0.0,0.0,1.2939538167605251,0.958541000727564,3.1953792080457784,5.881372787844159,8.249671059820685,17.10163035968435,9.54362487658121,19.866217352682725,1.2939538167605251,3.1953792080457784,/home/aaa/data/qj/stable-baselines3-master/risk_curriculum_metadrive/outputs/tuned_compare_baseline_nenv16_seed2_1m/runs/baseline_ppo_s2/config.json,/home/aaa/data/qj/stable-baselines3-master/risk_curriculum_metadrive/outputs/tuned_compare_baseline_nenv16_seed2_1m/runs/baseline_ppo_s2/model/final_model.zip,results/ijmlc_control/raw_csv/p1_d015_core_parallel2_20260701_1648_baseline_s2_episodes.csv
baseline,lower_bound,baseline,ppo,2,0.15,10000,10014,14,0.0,1.0,0.0893445261126217,0.0,0.0,0.0,1.0,72.0,44.92447162134199,44.92447162134199,35.015145313684506,38.47908752677546,8.60606989330863,0.0,1.0,0.0893445261126217,69.11150547582392,3.78115714502511,3.1155813839359863,0.0102230577757127,0.6666666666666666,0.0,0.0,0.0,0.0,0.0,0.0,1.207404320060353,0.9482159948674962,3.0684139055665582,4.438679207087263,11.935320874828095,23.45137819938828,13.142725194888447,26.312439193861792,1.207404320060353,3.0684139055665582,/home/aaa/data/qj/stable-baselines3-master/risk_curriculum_metadrive/outputs/tuned_compare_baseline_nenv16_seed2_1m/runs/baseline_ppo_s2/config.json,/home/aaa/data/qj/stable-baselines3-master/risk_curriculum_metadrive/outputs/tuned_compare_baseline_nenv16_seed2_1m/runs/baseline_ppo_s2/model/final_model.zip,results/ijmlc_control/raw_csv/p1_d015_core_parallel2_20260701_1648_baseline_s2_episodes.csv
baseline,lower_bound,baseline,ppo,2,0.15,10000,10015,15,0.0,1.0,0.1794994047338708,1.0,1.0,0.0,0.0,100.0,99.65751705456093,99.65751705456093,45.23722632612501,53.23886435166024,11.76306050346631,0.0,1.0,0.1794994047338708,124.57938153421964,4.799046495936815,0.528502526227108,0.2024160686190748,0.5230769230769231,0.0,0.0,0.0,0.0,0.0,0.0,1.651933600223856,0.9321389952674508,5.037372705555754,8.297143775707813,9.369108040409628,14.569763602048624,11.021041640633484,18.085847702604948,1.651933600223856,5.037372705555754,/home/aaa/data/qj/stable-baselines3-master/risk_curriculum_metadrive/outputs/tuned_compare_baseline_nenv16_seed2_1m/runs/baseline_ppo_s2/config.json,/home/aaa/data/qj/stable-baselines3-master/risk_curriculum_metadrive/outputs/tuned_compare_baseline_nenv16_seed2_1m/runs/baseline_ppo_s2/model/final_model.zip,results/ijmlc_control/raw_csv/p1_d015_core_parallel2_20260701_1648_baseline_s2_episodes.csv
baseline,lower_bound,baseline,ppo,2,0.15,10000,10016,16,0.0,1.0,0.3013292695988874,0.0,0.0,0.0,1.0,123.0,89.85857249661875,89.85857249661875,45.46047344427386,54.9197333324834,12.988375404263412,0.008130081300813,0.0,0.3013292695988874,154.11150803426835,,,0.0,0.0,0.0,0.0,0.0,0.0,0.0,0.0,1.0563479101132012,0.9212940058205276,1.9213769948692048,2.998224582406692,6.166463015540465,9.69101689988747,7.222810925653667,10.982263102778232,1.0563479101132012,1.9213769948692048,/home/aaa/data/qj/stable-baselines3-master/risk_curriculum_metadrive/outputs/tuned_compare_baseline_nenv16_seed2_1m/runs/baseline_ppo_s2/config.json,/home/aaa/data/qj/stable-baselines3-master/risk_curriculum_metadrive/outputs/tuned_compare_baseline_nenv16_seed2_1m/runs/baseline_ppo_s2/model/final_model.zip,results/ijmlc_control/raw_csv/p1_d015_core_parallel2_20260701_1648_baseline_s2_episodes.csv
baseline,lower_bound,baseline,ppo,2,0.15,10000,10017,17,0.0,1.0,0.2270802451140198,1.0,1.0,0.0,0.0,146.0,118.6877933342225,118.6877933342225,42.62143854675735,46.21233994435069,16.529910577057947,0.0,0.0,0.2270802451140198,171.97573935860672,2.2206025160600955,0.1376688293799622,0.2210827972033107,0.9827586206896552,0.0,0.0,0.0,0.0,0.0,0.0,1.09450188337838,0.9307785003329628,2.1716084957006387,3.3628541925281805,12.194024582715604,22.64582275529392,13.288526466093982,24.002730759093534,1.09450188337838,2.1716084957006387,/home/aaa/data/qj/stable-baselines3-master/risk_curriculum_metadrive/outputs/tuned_compare_baseline_nenv16_seed2_1m/runs/baseline_ppo_s2/config.json,/home/aaa/data/qj/stable-baselines3-master/risk_curriculum_metadrive/outputs/tuned_compare_baseline_nenv16_seed2_1m/runs/baseline_ppo_s2/model/final_model.zip,results/ijmlc_control/raw_csv/p1_d015_core_parallel2_20260701_1648_baseline_s2_episodes.csv
baseline,lower_bound,baseline,ppo,2,0.15,10000,10018,18,0.0,1.0,0.1335554290080442,1.0,1.0,0.0,0.0,61.0,38.43281295448356,38.43281295448356,33.114637355705625,33.364266997260415,7.531180382652883,0.0,1.0,0.1335554290080442,54.75897577458467,12.831732686471277,0.3363973822473199,0.2923763739405348,0.6470588235294118,0.0,0.0,0.0,0.0,0.0,0.0,1.6839750837267484,0.9398630063515157,5.967071992927231,8.603612607112149,6.858476410432886,12.525886995717885,8.542451494159636,16.126015994814225,1.6839750837267484,5.967071992927231,/home/aaa/data/qj/stable-baselines3-master/risk_curriculum_metadrive/outputs/tuned_compare_baseline_nenv16_seed2_1m/runs/baseline_ppo_s2/config.json,/home/aaa/data/qj/stable-baselines3-master/risk_curriculum_metadrive/outputs/tuned_compare_baseline_nenv16_seed2_1m/runs/baseline_ppo_s2/model/final_model.zip,results/ijmlc_control/raw_csv/p1_d015_core_parallel2_20260701_1648_baseline_s2_episodes.csv
baseline,lower_bound,baseline,ppo,2,0.15,10000,10019,19,0.0,1.0,0.3219825962671792,1.0,1.0,0.0,0.0,172.0,169.71130506098814,169.71130506098814,49.84582780989543,53.90137376663228,19.91651823661266,0.0,0.0,0.3219825962671792,237.40498416440448,1.4981708017017006,0.8423627904289521,0.0977254659990223,1.0,0.0,0.0,0.0,0.0,0.0,0.0,1.8078586275974928,0.8903674970497377,7.378730697382706,9.999610452650805,12.374378645100204,21.86584334995132,14.182237272697696,23.54295918703428,1.8078586275974928,7.378730697382706,/home/aaa/data/qj/stable-baselines3-master/risk_curriculum_metadrive/outputs/tuned_compare_baseline_nenv16_seed2_1m/runs/baseline_ppo_s2/config.json,/home/aaa/data/qj/stable-baselines3-master/risk_curriculum_metadrive/outputs/tuned_compare_baseline_nenv16_seed2_1m/runs/baseline_ppo_s2/model/final_model.zip,results/ijmlc_control/raw_csv/p1_d015_core_parallel2_20260701_1648_baseline_s2_episodes.csv
baseline,lower_bound,baseline,ppo,2,0.15,20000,20000,0,0.0,1.0,0.3281773900520456,0.0,0.0,0.0,1.0,93.0,82.44831894642721,82.44831894642721,44.99751652258365,49.57022044989932,10.771580970488788,0.0,0.0,0.3281773900520456,114.7546575808301,6.661826085372539,1.6053276715520366,0.0438962872456945,0.3142857142857143,0.0,0.0,0.0,0.0,0.0,0.0,1.2184017524373547,0.9684700053185225,3.208580997306852,3.946647082339037,5.375534289307462,13.846710193320174,6.593936041744817,16.343611996853724,1.2184017524373547,3.208580997306852,/home/aaa/data/qj/stable-baselines3-master/risk_curriculum_metadrive/outputs/tuned_compare_baseline_nenv16_seed2_1m/runs/baseline_ppo_s2/config.json,/home/aaa/data/qj/stable-baselines3-master/risk_curriculum_metadrive/outputs/tuned_compare_baseline_nenv16_seed2_1m/runs/baseline_ppo_s2/model/final_model.zip,results/ijmlc_control/raw_csv/p1_d015_core_parallel2_20260701_1648_baseline_s2_episodes.csv
baseline,lower_bound,baseline,ppo,2,0.15,20000,20001,1,0.0,1.0,0.1272029878578415,1.0,1.0,0.0,0.0,69.0,42.77519453438678,42.77519453438678,32.49245142465839,33.2326151796165,7.892944119038202,0.0,1.0,0.1272029878578415,61.61131362881494,13.429786298799312,0.6145798267627712,0.2233525574710496,0.5555555555555556,0.0,0.0,0.0,0.0,0.0,0.0,1.6211070007715456,0.9726100106490776,5.046888996730557,5.480591679224743,6.914430464098257,12.786187205347227,8.535537464869803,14.418368597398512,1.6211070007715456,5.046888996730557,/home/aaa/data/qj/stable-baselines3-master/risk_curriculum_metadrive/outputs/tuned_compare_baseline_nenv16_seed2_1m/runs/baseline_ppo_s2/config.json,/home/aaa/data/qj/stable-baselines3-master/risk_curriculum_metadrive/outputs/tuned_compare_baseline_nenv16_seed2_1m/runs/baseline_ppo_s2/model/final_model.zip,results/ijmlc_control/raw_csv/p1_d015_core_parallel2_20260701_1648_baseline_s2_episodes.csv
baseline,lower_bound,baseline,ppo,2,0.15,20000,20002,2,0.0,1.0,0.2944913795843061,0.0,0.0,0.0,1.0,108.0,102.39155252131998,102.39155252131998,48.52940959816632,59.73674246527544,12.948962941777504,0.0,0.0,0.2944913795843061,144.23237928086476,1.8690899487446229,0.8978813798665357,0.0869697236459827,1.0,0.0,0.0,0.0,0.0,0.0,0.0,1.4408304806339505,0.9752445039339364,3.750035857228794,6.674826650996686,10.03644586159714,17.756519605609352,11.477276342231091,22.10148244703304,1.4408304806339505,3.750035857228794,/home/aaa/data/qj/stable-baselines3-master/risk_curriculum_metadrive/outputs/tuned_compare_baseline_nenv16_seed2_1m/runs/baseline_ppo_s2/config.json,/home/aaa/data/qj/stable-baselines3-master/risk_curriculum_metadrive/outputs/tuned_compare_baseline_nenv16_seed2_1m/runs/baseline_ppo_s2/model/final_model.zip,results/ijmlc_control/raw_csv/p1_d015_core_parallel2_20260701_1648_baseline_s2_episodes.csv
baseline,lower_bound,baseline,ppo,2,0.15,20000,20003,3,0.0,1.0,0.2550816474303746,1.0,1.0,0.0,0.0,136.0,87.7278367869682,87.7278367869682,45.71416822571979,53.46498836217184,14.710738897701168,0.0073529411764705,0.0,0.2550816474303746,171.91691550213346,5.876265866608287,0.06079323611455,0.251849016470791,0.6736842105263158,0.0,0.0,0.0,0.0,0.0,0.0,1.191275162401486,0.9717455031932332,3.06133375124773,4.698965202987893,9.819934367709829,14.010215239977695,11.011209530111314,15.227710748149548,1.191275162401486,3.06133375124773,/home/aaa/data/qj/stable-baselines3-master/risk_curriculum_metadrive/outputs/tuned_compare_baseline_nenv16_seed2_1m/runs/baseline_ppo_s2/config.json,/home/aaa/data/qj/stable-baselines3-master/risk_curriculum_metadrive/outputs/tuned_compare_baseline_nenv16_seed2_1m/runs/baseline_ppo_s2/model/final_model.zip,results/ijmlc_control/raw_csv/p1_d015_core_parallel2_20260701_1648_baseline_s2_episodes.csv
baseline,lower_bound,baseline,ppo,2,0.15,20000,20004,4,0.0,1.0,0.1454772102741726,1.0,1.0,0.0,0.0,74.0,44.68010046995881,44.68010046995881,34.06294101703223,37.15688530785074,8.449547062253167,0.0,1.0,0.1454772102741726,69.48035669134283,6.5608757879290485,0.5860706966773666,0.2580642345462723,0.5428571428571428,0.0,0.0,0.0,0.0,0.0,0.0,1.228033986597045,0.9880049983621576,3.15805564605398,3.426403131306869,5.515046717600607,7.948338302230694,6.743080704197652,9.19251824670937,1.228033986597045,3.15805564605398,/home/aaa/data/qj/stable-baselines3-master/risk_curriculum_metadrive/outputs/tuned_compare_baseline_nenv16_seed2_1m/runs/baseline_ppo_s2/config.json,/home/aaa/data/qj/stable-baselines3-master/risk_curriculum_metadrive/outputs/tuned_compare_baseline_nenv16_seed2_1m/runs/baseline_ppo_s2/model/final_model.zip,results/ijmlc_control/raw_csv/p1_d015_core_parallel2_20260701_1648_baseline_s2_episodes.csv
baseline,lower_bound,baseline,ppo,2,0.15,20000,20005,5,0.0,1.0,0.1681060877261253,1.0,1.0,0.0,0.0,84.0,54.52976601309945,54.52976601309945,39.92644858891702,42.60280163896184,9.343542263810022,0.0,1.0,0.1681060877261253,92.20403175699664,1.186411432270582,0.5156443359964459,0.1543595372652383,1.0,0.0,0.0,0.0,0.0,0.0,0.0,1.137090988777345,0.9670954968896694,2.044384239707141,3.571843931858895,10.37892007124832,14.344949345104396,11.516011060025663,15.275387439032784,1.137090988777345,2.044384239707141,/home/aaa/data/qj/stable-baselines3-master/risk_curriculum_metadrive/outputs/tuned_compare_baseline_nenv16_seed2_1m/runs/baseline_ppo_s2/config.json,/home/aaa/data/qj/stable-baselines3-master/risk_curriculum_metadrive/outputs/tuned_compare_baseline_nenv16_seed2_1m/runs/baseline_ppo_s2/model/final_model.zip,results/ijmlc_control/raw_csv/p1_d015_core_parallel2_20260701_1648_baseline_s2_episodes.csv
baseline,lower_bound,baseline,ppo,2,0.15,20000,20006,6,0.0,1.0,0.1185644848439176,0.0,0.0,0.0,1.0,72.0,42.63104031368559,42.63104031368559,33.45864673944276,35.45161819986173,7.947898041965738,0.0138888888888888,1.0,0.1185644848439176,65.8756336006136,,,0.0,0.0,0.0,0.0,0.0,0.0,0.0,0.0,1.5063692919486331,0.995167501969263,4.661108004802374,5.145283607416786,7.595700722352679,15.736213647323895,9.102070014301312,17.64809629894444,1.5063692919486331,4.661108004802374,/home/aaa/data/qj/stable-baselines3-master/risk_curriculum_metadrive/outputs/tuned_compare_baseline_nenv16_seed2_1m/runs/baseline_ppo_s2/config.json,/home/aaa/data/qj/stable-baselines3-master/risk_curriculum_metadrive/outputs/tuned_compare_baseline_nenv16_seed2_1m/runs/baseline_ppo_s2/model/final_model.zip,results/ijmlc_control/raw_csv/p1_d015_core_parallel2_20260701_1648_baseline_s2_episodes.csv
baseline,lower_bound,baseline,ppo,2,0.15,20000,20007,7,0.0,1.0,0.1752684922738951,0.0,0.0,0.0,1.0,77.0,41.76776063115016,41.76776063115016,35.85703332218868,41.95360988768066,9.351873141909005,0.0,1.0,0.1752684922738951,75.6351317740797,8.971772630709998,8.971772630709998,0.0,0.0,0.0,0.0,0.0,0.0,0.0,0.0,1.2285347389928123,0.9009839995997028,4.920324595877901,5.401034120586698,6.063150701584754,12.512348595191726,7.291685440577567,14.181269609252922,1.2285347389928123,4.920324595877901,/home/aaa/data/qj/stable-baselines3-master/risk_curriculum_metadrive/outputs/tuned_compare_baseline_nenv16_seed2_1m/runs/baseline_ppo_s2/config.json,/home/aaa/data/qj/stable-baselines3-master/risk_curriculum_metadrive/outputs/tuned_compare_baseline_nenv16_seed2_1m/runs/baseline_ppo_s2/model/final_model.zip,results/ijmlc_control/raw_csv/p1_d015_core_parallel2_20260701_1648_baseline_s2_episodes.csv
baseline,lower_bound,baseline,ppo,2,0.15,20000,20008,8,0.0,1.0,0.1681106467310515,1.0,1.0,0.0,0.0,93.0,70.4317124992418,70.4317124992418,41.90454034640337,47.870505530622886,10.63659521931686,0.0,1.0,0.1681106467310515,107.24487470906564,1.297816695372786,0.7262840206891521,0.1114635833651204,1.0,0.0,0.0,0.0,0.0,0.0,0.0,1.338347042497668,0.9287770080845804,4.635549802333112,5.246218321262854,11.525381107530457,20.211344596464187,12.863728150028123,22.30943879985716,1.338347042497668,4.635549802333112,/home/aaa/data/qj/stable-baselines3-master/risk_curriculum_metadrive/outputs/tuned_compare_baseline_nenv16_seed2_1m/runs/baseline_ppo_s2/config.json,/home/aaa/data/qj/stable-baselines3-master/risk_curriculum_metadrive/outputs/tuned_compare_baseline_nenv16_seed2_1m/runs/baseline_ppo_s2/model/final_model.zip,results/ijmlc_control/raw_csv/p1_d015_core_parallel2_20260701_1648_baseline_s2_episodes.csv
baseline,lower_bound,baseline,ppo,2,0.15,20000,20009,9,0.0,1.0,0.3734875121661598,0.0,0.0,0.0,1.0,125.0,95.48006076161631,95.48006076161631,46.45416827516275,52.00658869937868,13.708550138394603,0.0,0.0,0.3734875121661598,160.21797817026857,,,0.0,0.0,0.0,0.0,0.0,0.0,0.0,0.0,1.274767696391791,0.9532580006634817,4.401757800951598,5.229676954913884,9.731328040361404,16.845453006681055,11.006095736753196,19.401220604777336,1.274767696391791,4.401757800951598,/home/aaa/data/qj/stable-baselines3-master/risk_curriculum_metadrive/outputs/tuned_compare_baseline_nenv16_seed2_1m/runs/baseline_ppo_s2/config.json,/home/aaa/data/qj/stable-baselines3-master/risk_curriculum_metadrive/outputs/tuned_compare_baseline_nenv16_seed2_1m/runs/baseline_ppo_s2/model/final_model.zip,results/ijmlc_control/raw_csv/p1_d015_core_parallel2_20260701_1648_baseline_s2_episodes.csv
baseline,lower_bound,baseline,ppo,2,0.15,20000,20010,10,0.0,1.0,0.2534156386298635,1.0,1.0,0.0,0.0,94.0,81.48167270786452,81.48167270786452,42.69200372575197,47.479640228986256,10.589283133155918,0.0,0.0,0.2534156386298635,110.68023700924527,2.0230123164527285,0.3864027796927408,0.1642715904419121,0.96,0.0,0.0,0.0,0.0,0.0,0.0,1.0295387562129032,0.9288509972975588,1.238424142502481,5.020265655475667,3.6931289054956182,9.044549505051686,4.722667661708522,11.24995935388141,1.0295387562129032,1.238424142502481,/home/aaa/data/qj/stable-baselines3-master/risk_curriculum_metadrive/outputs/tuned_compare_baseline_nenv16_seed2_1m/runs/baseline_ppo_s2/config.json,/home/aaa/data/qj/stable-baselines3-master/risk_curriculum_metadrive/outputs/tuned_compare_baseline_nenv16_seed2_1m/runs/baseline_ppo_s2/model/final_model.zip,results/ijmlc_control/raw_csv/p1_d015_core_parallel2_20260701_1648_baseline_s2_episodes.csv
baseline,lower_bound,baseline,ppo,2,0.15,20000,20011,11,0.0,1.0,0.4215070323717308,1.0,1.0,0.0,0.0,190.0,118.7325057508756,118.7325057508756,44.28755119183357,47.903510531825184,20.77167665254851,0.0,0.0,0.4215070323717308,232.90107466587355,10.747210639594991,0.8778654851199528,0.0948681238939418,0.5147058823529411,0.0,0.0,0.0,0.0,0.0,0.0,1.4530903524198373,0.9646289981901646,4.64972285699332,5.2413941749546,17.28021876341173,29.138556946418245,18.73330911583157,31.091818901040813,1.4530903524198373,4.64972285699332,/home/aaa/data/qj/stable-baselines3-master/risk_curriculum_metadrive/outputs/tuned_compare_baseline_nenv16_seed2_1m/runs/baseline_ppo_s2/config.json,/home/aaa/data/qj/stable-baselines3-master/risk_curriculum_metadrive/outputs/tuned_compare_baseline_nenv16_seed2_1m/runs/baseline_ppo_s2/model/final_model.zip,results/ijmlc_control/raw_csv/p1_d015_core_parallel2_20260701_1648_baseline_s2_episodes.csv
baseline,lower_bound,baseline,ppo,2,0.15,20000,20012,12,0.0,1.0,0.1330424289169639,0.0,0.0,0.0,1.0,79.0,42.4821097401046,42.4821097401046,34.12580062225836,35.42801304288994,9.200041974666751,0.0,1.0,0.1330424289169639,74.21494311818194,,,0.0,0.0,0.0,0.0,0.0,0.0,0.0,0.0,1.0683400375190886,0.877637998200953,1.381232109270058,5.18502589809941,5.231121822799662,8.662536807241848,6.29946186031875,11.319165787426751,1.0683400375190886,1.381232109270058,/home/aaa/data/qj/stable-baselines3-master/risk_curriculum_metadrive/outputs/tuned_compare_baseline_nenv16_seed2_1m/runs/baseline_ppo_s2/config.json,/home/aaa/data/qj/stable-baselines3-master/risk_curriculum_metadrive/outputs/tuned_compare_baseline_nenv16_seed2_1m/runs/baseline_ppo_s2/model/final_model.zip,results/ijmlc_control/raw_csv/p1_d015_core_parallel2_20260701_1648_baseline_s2_episodes.csv
baseline,lower_bound,baseline,ppo,2,0.15,20000,20013,13,0.0,1.0,0.2280378244072648,0.0,0.0,0.0,1.0,144.0,121.32045447540406,121.32045447540406,46.56292901958487,53.56821710675269,15.148774868297364,0.0069444444444444,0.0,0.2280378244072648,184.9064619402577,2.274809963382028,2.110335184599577,0.0151399446478776,1.0,0.0,0.0,0.0,0.0,0.0,0.0,1.263872181071848,0.9658464987296612,3.888394896785029,4.925485858693718,9.359826118472686,17.25863719766494,10.623698299544534,19.864393192983695,1.263872181071848,3.888394896785029,/home/aaa/data/qj/stable-baselines3-master/risk_curriculum_metadrive/outputs/tuned_compare_baseline_nenv16_seed2_1m/runs/baseline_ppo_s2/config.json,/home/aaa/data/qj/stable-baselines3-master/risk_curriculum_metadrive/outputs/tuned_compare_baseline_nenv16_seed2_1m/runs/baseline_ppo_s2/model/final_model.zip,results/ijmlc_control/raw_csv/p1_d015_core_parallel2_20260701_1648_baseline_s2_episodes.csv
baseline,lower_bound,baseline,ppo,2,0.15,20000,20014,14,0.0,1.0,0.1040730035302212,1.0,1.0,0.0,0.0,63.0,33.38907247941621,33.38907247941621,30.324196802100303,31.519945912291632,7.065813565189901,0.0158730158730158,1.0,0.1040730035302212,52.09203058058982,11.84778792140768,0.5213202537205814,0.2754553335082667,0.5238095238095238,0.0,0.0,0.0,0.0,0.0,0.0,1.0977771109162224,0.9226290130754932,1.374148995091673,4.447193332598546,7.402350746339098,13.455472700297832,8.50012785725532,14.723545193555765,1.0977771109162224,1.374148995091673,/home/aaa/data/qj/stable-baselines3-master/risk_curriculum_metadrive/outputs/tuned_compare_baseline_nenv16_seed2_1m/runs/baseline_ppo_s2/config.json,/home/aaa/data/qj/stable-baselines3-master/risk_curriculum_metadrive/outputs/tuned_compare_baseline_nenv16_seed2_1m/runs/baseline_ppo_s2/model/final_model.zip,results/ijmlc_control/raw_csv/p1_d015_core_parallel2_20260701_1648_baseline_s2_episodes.csv
baseline,lower_bound,baseline,ppo,2,0.15,20000,20015,15,0.0,1.0,0.1167952361406512,1.0,1.0,0.0,0.0,74.0,43.36162783273196,43.36162783273196,36.040138439387015,39.10130543897205,8.928311236042221,0.0,1.0,0.1167952361406512,73.26579086982736,0.8636805607974039,0.2681642096806644,0.1453301424584696,1.0,0.0,0.0,0.0,0.0,0.0,0.0,1.2099630408999007,0.9217759943567216,3.851362149725898,5.23911308511742,5.912240580860148,11.277321347006364,7.122203621760049,12.777622198336758,1.2099630408999007,3.851362149725898,/home/aaa/data/qj/stable-baselines3-master/risk_curriculum_metadrive/outputs/tuned_compare_baseline_nenv16_seed2_1m/runs/baseline_ppo_s2/config.json,/home/aaa/data/qj/stable-baselines3-master/risk_curriculum_metadrive/outputs/tuned_compare_baseline_nenv16_seed2_1m/runs/baseline_ppo_s2/model/final_model.zip,results/ijmlc_control/raw_csv/p1_d015_core_parallel2_20260701_1648_baseline_s2_episodes.csv
baseline,lower_bound,baseline,ppo,2,0.15,20000,20016,16,0.0,1.0,0.271128518096406,1.0,1.0,0.0,0.0,126.0,131.64395311102498,131.64395311102498,54.88674428327615,62.81380111774405,14.357687510580131,0.0,0.0,0.271128518096406,190.98816670492985,1.220746297650315,0.3015766416867876,0.0542684292714496,0.8888888888888888,0.0,0.0,0.0,0.0,0.0,0.0,1.7083001825200868,0.9779930041986518,5.00475100488984,6.188940002175514,12.31893846852472,19.722339246072806,14.027238651044808,21.158630759600783,1.7083001825200868,5.00475100488984,/home/aaa/data/qj/stable-baselines3-master/risk_curriculum_metadrive/outputs/tuned_compare_baseline_nenv16_seed2_1m/runs/baseline_ppo_s2/config.json,/home/aaa/data/qj/stable-baselines3-master/risk_curriculum_metadrive/outputs/tuned_compare_baseline_nenv16_seed2_1m/runs/baseline_ppo_s2/model/final_model.zip,results/ijmlc_control/raw_csv/p1_d015_core_parallel2_20260701_1648_baseline_s2_episodes.csv
baseline,lower_bound,baseline,ppo,2,0.15,20000,20017,17,0.0,1.0,0.1114166191290608,0.0,0.0,0.0,1.0,68.0,44.90872685566173,44.90872685566173,34.34544849823406,35.90716079122866,8.097440636460218,0.0,1.0,0.1114166191290608,63.75905906873352,18.26295713084861,10.027144100257528,0.0,0.0,0.0,0.0,0.0,0.0,0.0,0.0,1.6661251622067272,0.9741985049913636,4.813646603724919,5.012670631840592,10.225893161773188,16.107001157070044,11.892018323979917,19.31396623767796,1.6661251622067272,4.813646603724919,/home/aaa/data/qj/stable-baselines3-master/risk_curriculum_metadrive/outputs/tuned_compare_baseline_nenv16_seed2_1m/runs/baseline_ppo_s2/config.json,/home/aaa/data/qj/stable-baselines3-master/risk_curriculum_metadrive/outputs/tuned_compare_baseline_nenv16_seed2_1m/runs/baseline_ppo_s2/model/final_model.zip,results/ijmlc_control/raw_csv/p1_d015_core_parallel2_20260701_1648_baseline_s2_episodes.csv
baseline,lower_bound,baseline,ppo,2,0.15,20000,20018,18,0.0,1.0,0.1257828242553302,0.0,0.0,0.0,1.0,122.0,40.69324015220015,40.69324015220015,32.27229067317181,29.9985079548866,13.48888751215466,0.0,1.0,0.1257828242553302,108.71388190284554,7.977976664438812,7.977976664438812,0.0,0.0,0.0,0.0,0.0,0.0,0.0,0.0,1.724572098416994,0.9925345002557152,5.110427447652909,6.355069915589411,12.3034927217036,26.2843643009546,14.028064820120592,28.641211196372744,1.724572098416994,5.110427447652909,/home/aaa/data/qj/stable-baselines3-master/risk_curriculum_metadrive/outputs/tuned_compare_baseline_nenv16_seed2_1m/runs/baseline_ppo_s2/config.json,/home/aaa/data/qj/stable-baselines3-master/risk_curriculum_metadrive/outputs/tuned_compare_baseline_nenv16_seed2_1m/runs/baseline_ppo_s2/model/final_model.zip,results/ijmlc_control/raw_csv/p1_d015_core_parallel2_20260701_1648_baseline_s2_episodes.csv
baseline,lower_bound,baseline,ppo,2,0.15,20000,20019,19,0.0,1.0,0.1640973513105883,1.0,1.0,0.0,0.0,92.0,74.44218906615845,74.44218906615845,37.90381731897253,45.55096720142497,10.162020806269146,0.0,1.0,0.1640973513105883,95.9565263615265,2.949282229658706,0.0424124051949168,0.142929509259682,0.7727272727272727,0.0,0.0,0.0,0.0,0.0,0.0,1.1343939986545593,0.9211444994434714,2.171421149250823,4.806517736578827,6.522472565215455,11.48514520318713,7.656866563870015,13.558133099286357,1.1343939986545593,2.171421149250823,/home/aaa/data/qj/stable-baselines3-master/risk_curriculum_metadrive/outputs/tuned_compare_baseline_nenv16_seed2_1m/runs/baseline_ppo_s2/config.json,/home/aaa/data/qj/stable-baselines3-master/risk_curriculum_metadrive/outputs/tuned_compare_baseline_nenv16_seed2_1m/runs/baseline_ppo_s2/model/final_model.zip,results/ijmlc_control/raw_csv/p1_d015_core_parallel2_20260701_1648_baseline_s2_episodes.csv
gated_risk,refinement,proposed_gated_risk,ppo,0,0.15,10000,10000,0,0.0,1.0,0.7259447118663189,1.0,1.0,0.0,0.0,1312.0,308.2435716455924,-138.42556964821708,10.552376605935562,10.00517073460567,0.559295318656655,0.135670731707317,0.0,0.7259447118663189,382.654408153711,37.72376281205859,0.0122340542830672,0.0843289264958775,0.1477611940298507,693.0,127.0,111.0,455.0,52.82012195121951,1811.0336252068585,1.3707882596862897,0.9316084906458856,4.404229201463751,5.815418755955762,15.666661040906948,28.868729348323544,17.037449300593234,30.618394240445923,1.3707882596862897,4.404229201463751,/home/aaa/data/qj/stable-baselines3-master/risk_curriculum_metadrive/outputs/gated_risk_proposed_nenv16_seed0_1m/runs/proposed_gated_risk_ppo_s0/config.json,/home/aaa/data/qj/stable-baselines3-master/risk_curriculum_metadrive/outputs/gated_risk_proposed_nenv16_seed0_1m/runs/proposed_gated_risk_ppo_s0/model/final_model.zip,results/ijmlc_control/raw_csv/p1_d015_core_parallel2_20260701_1648_gated_risk_s0_episodes.csv
gated_risk,refinement,proposed_gated_risk,ppo,0,0.15,10000,10001,1,0.0,1.0,0.920374737837188,1.0,1.0,0.0,0.0,974.0,420.8749347914803,88.47295250397548,17.486445848769623,18.367240354454985,16.032002742736,0.0092402464065708,0.0,0.920374737837188,472.5560224652099,42.59068978077293,0.0956888797343892,0.0128819644996539,0.0526315789473684,780.0,9.0,14.0,757.0,80.08213552361396,1650.5979458920651,1.355364106655158,0.9316139985457994,4.255408600874941,6.341386047424741,9.145168487808608,16.447530552977685,10.500532594463763,18.67186359959304,1.355364106655158,4.255408600874941,/home/aaa/data/qj/stable-baselines3-master/risk_curriculum_metadrive/outputs/gated_risk_proposed_nenv16_seed0_1m/runs/proposed_gated_risk_ppo_s0/config.json,/home/aaa/data/qj/stable-baselines3-master/risk_curriculum_metadrive/outputs/gated_risk_proposed_nenv16_seed0_1m/runs/proposed_gated_risk_ppo_s0/model/final_model.zip,results/ijmlc_control/raw_csv/p1_d015_core_parallel2_20260701_1648_gated_risk_s0_episodes.csv
gated_risk,refinement,proposed_gated_risk,ppo,0,0.15,10000,10002,2,1.0,0.0,0.9916059542743324,0.0,0.0,0.0,0.0,1373.0,518.0012896432718,232.7009527508588,14.493379655135866,18.0215586513042,5.557253591356153,0.0604515659140568,0.0,991605.9542743324,551.7770216998119,32.206007793186565,0.5616689726402887,0.0498644589233067,0.0927672955974842,860.0,83.0,88.0,689.0,62.63656227239621,1558.600605278328,1.2663483196974292,0.9268900030292572,4.109235407668165,5.361356196808625,15.393211556565817,33.00237319490407,16.659559876263245,34.67075460066552,1.2663483196974292,4.109235407668165,/home/aaa/data/qj/stable-baselines3-master/risk_curriculum_metadrive/outputs/gated_risk_proposed_nenv16_seed0_1m/runs/proposed_gated_risk_ppo_s0/config.json,/home/aaa/data/qj/stable-baselines3-master/risk_curriculum_metadrive/outputs/gated_risk_proposed_nenv16_seed0_1m/runs/proposed_gated_risk_ppo_s0/model/final_model.zip,results/ijmlc_control/raw_csv/p1_d015_core_parallel2_20260701_1648_gated_risk_s0_episodes.csv
gated_risk,refinement,proposed_gated_risk,ppo,0,0.15,10000,10003,3,1.0,0.0,0.9899651273752004,0.0,0.0,0.0,0.0,1052.0,455.243015268748,284.7341140783236,15.962147620586592,18.180222821104444,8.905329011285382,0.0,0.0,989965.1273752004,465.65901607942976,45.916623015983056,5.6577695150123954,0.0055327822796205,0.0,684.0,60.0,1.0,623.0,65.0190114068441,1468.885979614162,1.336669244046235,0.9059440053533764,4.618450698762899,5.718596864608117,7.892258815490486,16.2340738948842,9.228928059536722,18.310495045443524,1.336669244046235,4.618450698762899,/home/aaa/data/qj/stable-baselines3-master/risk_curriculum_metadrive/outputs/gated_risk_proposed_nenv16_seed0_1m/runs/proposed_gated_risk_ppo_s0/config.json,/home/aaa/data/qj/stable-baselines3-master/risk_curriculum_metadrive/outputs/gated_risk_proposed_nenv16_seed0_1m/runs/proposed_gated_risk_ppo_s0/model/final_model.zip,results/ijmlc_control/raw_csv/p1_d015_core_parallel2_20260701_1648_gated_risk_s0_episodes.csv
gated_risk,refinement,proposed_gated_risk,ppo,0,0.15,10000,10004,4,0.0,0.0,0.9460029002275292,0.0,0.0,0.0,0.0,1500.0,473.526790214958,129.99869509517018,12.971016720510544,13.414689377154666,5.332731270721848,0.0046666666666666,0.0,946002.9002275292,539.0867148746897,47.69440019475128,1.9763786399587653,0.0148825768331933,0.0059311981020166,721.0,139.0,12.0,570.0,48.06666666666667,1337.4471677856054,1.1323578768836644,0.9435519968974404,2.2478810918983068,4.980740527098533,13.614433644048404,20.92521425511222,14.746791520932067,22.506588145915885,1.1323578768836644,2.2478810918983068,/home/aaa/data/qj/stable-baselines3-master/risk_curriculum_metadrive/outputs/gated_risk_proposed_nenv16_seed0_1m/runs/proposed_gated_risk_ppo_s0/config.json,/home/aaa/data/qj/stable-baselines3-master/risk_curriculum_metadrive/outputs/gated_risk_proposed_nenv16_seed0_1m/runs/proposed_gated_risk_ppo_s0/model/final_model.zip,results/ijmlc_control/raw_csv/p1_d015_core_parallel2_20260701_1648_gated_risk_s0_episodes.csv
gated_risk,refinement,proposed_gated_risk,ppo,0,0.15,10000,10005,5,1.0,0.0,0.9902389311914545,0.0,0.0,0.0,0.0,1022.0,461.353854067765,261.85305897760776,17.251467098639782,18.395296438940925,16.390074036200353,0.0264187866927592,0.0,990238.9311914544,489.17932553080897,20.77654187827671,1.3552902288099655,0.0172320359259218,0.1780821917808219,838.0,18.0,19.0,801.0,81.99608610567515,1713.0732152072972,1.0337787603011943,0.9290969974244944,1.5516201485297636,2.761257295496761,7.643683696883423,12.365780437539795,8.677462457184618,13.3291607387946,1.0337787603011943,1.5516201485297636,/home/aaa/data/qj/stable-baselines3-master/risk_curriculum_metadrive/outputs/gated_risk_proposed_nenv16_seed0_1m/runs/proposed_gated_risk_ppo_s0/config.json,/home/aaa/data/qj/stable-baselines3-master/risk_curriculum_metadrive/outputs/gated_risk_proposed_nenv16_seed0_1m/runs/proposed_gated_risk_ppo_s0/model/final_model.zip,results/ijmlc_control/raw_csv/p1_d015_core_parallel2_20260701_1648_gated_risk_s0_episodes.csv
gated_risk,refinement,proposed_gated_risk,ppo,0,0.15,10000,10006,6,1.0,0.0,0.9925758803196107,0.0,0.0,0.0,0.0,1251.0,599.9515028653403,352.68924595099634,17.973167195378775,18.426571718717117,17.908837115788007,0.0015987210231814,0.0,992575.8803196108,624.0284483121142,29.58433990264648,1.7213979817391465,0.0028301715930643,0.0412371134020618,1043.0,10.0,4.0,1029.0,83.37330135891287,1671.3981595248251,0.9672576857959296,0.9049939981196076,1.3986035046400502,2.0772709976881742,5.88347448533143,10.393953503808008,6.850732171127359,11.36867950845044,0.9672576857959296,1.3986035046400502,/home/aaa/data/qj/stable-baselines3-master/risk_curriculum_metadrive/outputs/gated_risk_proposed_nenv16_seed0_1m/runs/proposed_gated_risk_ppo_s0/config.json,/home/aaa/data/qj/stable-baselines3-master/risk_curriculum_metadrive/outputs/gated_risk_proposed_nenv16_seed0_1m/runs/proposed_gated_risk_ppo_s0/model/final_model.zip,results/ijmlc_control/raw_csv/p1_d015_core_parallel2_20260701_1648_gated_risk_s0_episodes.csv
gated_risk,refinement,proposed_gated_risk,ppo,0,0.15,10000,10007,7,0.0,0.0,0.7048011467755438,0.0,0.0,0.0,0.0,1500.0,508.8778373884807,100.91112481898882,13.891848107713658,17.081562113617373,5.8413109370107,0.0006666666666666,0.0,704801.1467755439,577.9401758818007,25.77095911402439,6.464654686701918,0.0110262889218867,0.0,771.0,172.0,1.0,598.0,51.4,1334.0481111624322,0.9161598327433844,0.8510705010849051,1.3079590957204343,2.4640008562710127,14.384503277532836,21.29739766023704,15.30066311027622,22.201278194552287,0.9161598327433844,1.3079590957204343,/home/aaa/data/qj/stable-baselines3-master/risk_curriculum_metadrive/outputs/gated_risk_proposed_nenv16_seed0_1m/runs/proposed_gated_risk_ppo_s0/config.json,/home/aaa/data/qj/stable-baselines3-master/risk_curriculum_metadrive/outputs/gated_risk_proposed_nenv16_seed0_1m/runs/proposed_gated_risk_ppo_s0/model/final_model.zip,results/ijmlc_control/raw_csv/p1_d015_core_parallel2_20260701_1648_gated_risk_s0_episodes.csv
gated_risk,refinement,proposed_gated_risk,ppo,0,0.15,10000,10008,8,1.0,0.0,0.9901046430990326,0.0,0.0,0.0,0.0,1149.0,468.0474278135026,259.5770336127464,15.606747928237068,18.2216291563293,6.308629781713636,0.06266318537859,0.0,990104.6430990326,497.3504030586604,24.891349207770418,0.0734606369401275,0.0561744641302071,0.180722891566265,835.0,42.0,75.0,718.0,72.67188859878155,1678.8967996503568,0.7531795376349237,0.7063079974614084,1.0904410009970882,1.4385039173066616,3.7196351652712663,5.805338395293797,4.472814702906191,6.5871282073203465,0.7531795376349237,1.0904410009970882,/home/aaa/data/qj/stable-baselines3-master/risk_curriculum_metadrive/outputs/gated_risk_proposed_nenv16_seed0_1m/runs/proposed_gated_risk_ppo_s0/config.json,/home/aaa/data/qj/stable-baselines3-master/risk_curriculum_metadrive/outputs/gated_risk_proposed_nenv16_seed0_1m/runs/proposed_gated_risk_ppo_s0/model/final_model.zip,results/ijmlc_control/raw_csv/p1_d015_core_parallel2_20260701_1648_gated_risk_s0_episodes.csv
gated_risk,refinement,proposed_gated_risk,ppo,0,0.15,10000,10009,9,1.0,0.0,0.98906352662386,0.0,0.0,0.0,0.0,969.0,451.33755301025866,251.6224884009727,17.260443006956006,18.358612552107328,15.92797887091688,0.022703818369453,0.0,989063.52662386,464.0291874306183,26.55970198910435,1.3093637533981684,0.0248992269107414,0.5,784.0,2.0,30.0,752.0,80.90815273477813,1689.5488931226416,0.7291775121943692,0.6891819939482957,1.083176795509644,1.5556470799492654,2.7336038213005285,4.3740799970692015,3.462781333494898,5.344155995408072,0.7291775121943692,1.083176795509644,/home/aaa/data/qj/stable-baselines3-master/risk_curriculum_metadrive/outputs/gated_risk_proposed_nenv16_seed0_1m/runs/proposed_gated_risk_ppo_s0/config.json,/home/aaa/data/qj/stable-baselines3-master/risk_curriculum_metadrive/outputs/gated_risk_proposed_nenv16_seed0_1m/runs/proposed_gated_risk_ppo_s0/model/final_model.zip,results/ijmlc_control/raw_csv/p1_d015_core_parallel2_20260701_1648_gated_risk_s0_episodes.csv
gated_risk,refinement,proposed_gated_risk,ppo,0,0.15,10000,10010,10,1.0,0.0,0.9913299479305304,0.0,0.0,0.0,0.0,1387.0,463.176936850963,66.22181967414423,14.773893225339378,18.011285955817375,7.048982779306972,0.0064888248017303,0.0,991329.9479305304,568.4035571955204,37.01850805453992,2.098942657056803,0.013249211619061,0.0042918454935622,816.0,118.0,8.0,690.0,58.83201153568854,1435.5997418913248,0.824087302039932,0.7627030136063695,1.2198772063129584,2.2151643194956714,9.546715453939068,17.704054708883632,10.370802755978998,18.631119900965132,0.824087302039932,1.2198772063129584,/home/aaa/data/qj/stable-baselines3-master/risk_curriculum_metadrive/outputs/gated_risk_proposed_nenv16_seed0_1m/runs/proposed_gated_risk_ppo_s0/config.json,/home/aaa/data/qj/stable-baselines3-master/risk_curriculum_metadrive/outputs/gated_risk_proposed_nenv16_seed0_1m/runs/proposed_gated_risk_ppo_s0/model/final_model.zip,results/ijmlc_control/raw_csv/p1_d015_core_parallel2_20260701_1648_gated_risk_s0_episodes.csv
gated_risk,refinement,proposed_gated_risk,ppo,0,0.15,10000,10011,11,0.0,1.0,0.8152674087378704,1.0,1.0,0.0,0.0,1075.0,437.4589364475895,75.61957385637251,16.34442659235956,18.21799128716748,9.898862845617389,0.0065116279069767,0.0,0.8152674087378704,487.5487373884173,43.47861711149691,0.703705863283678,0.0146821495794122,0.0278372591006423,732.0,51.0,13.0,668.0,68.09302325581396,1501.388361543094,0.8943890454653693,0.840589011204429,1.2055574974510814,2.041905560181476,9.4970720244956,13.685247802641245,10.39146106996097,14.56323500169674,0.8943890454653693,1.2055574974510814,/home/aaa/data/qj/stable-baselines3-master/risk_curriculum_metadrive/outputs/gated_risk_proposed_nenv16_seed0_1m/runs/proposed_gated_risk_ppo_s0/config.json,/home/aaa/data/qj/stable-baselines3-master/risk_curriculum_metadrive/outputs/gated_risk_proposed_nenv16_seed0_1m/runs/proposed_gated_risk_ppo_s0/model/final_model.zip,results/ijmlc_control/raw_csv/p1_d015_core_parallel2_20260701_1648_gated_risk_s0_episodes.csv
gated_risk,refinement,proposed_gated_risk,ppo,0,0.15,10000,10012,12,1.0,0.0,0.9892313471147864,0.0,0.0,0.0,0.0,897.0,424.5884934565891,266.47144923473536,17.536198730202077,18.389833051679023,17.81161943637512,0.0167224080267558,0.0,989231.3471147864,436.41738271583614,140.88944939109277,3.432356660507473,0.0112194367723248,0.0761904761904762,731.0,8.0,14.0,709.0,81.4938684503902,1675.0020254715084,0.8127696966367474,0.7692189974477515,1.143163605593145,1.6343723156023762,3.847114287415824,5.759116596891544,4.659883984052571,6.665972186601721,0.8127696966367474,1.143163605593145,/home/aaa/data/qj/stable-baselines3-master/risk_curriculum_metadrive/outputs/gated_risk_proposed_nenv16_seed0_1m/runs/proposed_gated_risk_ppo_s0/config.json,/home/aaa/data/qj/stable-baselines3-master/risk_curriculum_metadrive/outputs/gated_risk_proposed_nenv16_seed0_1m/runs/proposed_gated_risk_ppo_s0/model/final_model.zip,results/ijmlc_control/raw_csv/p1_d015_core_parallel2_20260701_1648_gated_risk_s0_episodes.csv
gated_risk,refinement,proposed_gated_risk,ppo,0,0.15,10000,10013,13,1.0,0.0,0.9924115911227008,0.0,0.0,0.0,0.0,1114.0,514.7389988054576,307.05067120921865,17.397430838241164,18.378227321746607,16.919370430891554,0.0251346499102333,0.0,992411.591122701,537.7732844870222,35.258302160936495,4.058539159139669,0.010993425904987,0.0214285714285714,912.0,24.0,17.0,871.0,81.86714542190305,1695.8819381850658,0.7131795369604264,0.665150502754841,1.00934535585111,1.3660334785527075,4.950322267520296,8.4728306515899,5.663501804480722,9.276244909415253,0.7131795369604264,1.00934535585111,/home/aaa/data/qj/stable-baselines3-master/risk_curriculum_metadrive/outputs/gated_risk_proposed_nenv16_seed0_1m/runs/proposed_gated_risk_ppo_s0/config.json,/home/aaa/data/qj/stable-baselines3-master/risk_curriculum_metadrive/outputs/gated_risk_proposed_nenv16_seed0_1m/runs/proposed_gated_risk_ppo_s0/model/final_model.zip,results/ijmlc_control/raw_csv/p1_d015_core_parallel2_20260701_1648_gated_risk_s0_episodes.csv
gated_risk,refinement,proposed_gated_risk,ppo,0,0.15,10000,10014,14,0.0,0.0,0.7317421497722961,0.0,0.0,0.0,0.0,1500.0,561.2069972675289,207.67617194656196,14.454438146665266,17.907274141280574,6.224254419543345,0.004,0.0,731742.1497722962,601.1435862285654,59.49203498056296,2.709225473568184,0.0129439137672773,0.0040760869565217,808.0,120.0,9.0,679.0,53.86666666666666,1344.1048337040463,0.7453107713954523,0.6946040011825971,1.0966490575810894,1.6218189636128957,10.45334413087888,15.153117643785665,11.198654902274331,15.94207804373582,0.7453107713954523,1.0966490575810894,/home/aaa/data/qj/stable-baselines3-master/risk_curriculum_metadrive/outputs/gated_risk_proposed_nenv16_seed0_1m/runs/proposed_gated_risk_ppo_s0/config.json,/home/aaa/data/qj/stable-baselines3-master/risk_curriculum_metadrive/outputs/gated_risk_proposed_nenv16_seed0_1m/runs/proposed_gated_risk_ppo_s0/model/final_model.zip,results/ijmlc_control/raw_csv/p1_d015_core_parallel2_20260701_1648_gated_risk_s0_episodes.csv
gated_risk,refinement,proposed_gated_risk,ppo,0,0.15,10000,10015,15,0.0,0.0,0.6902177804049197,0.0,0.0,0.0,0.0,1500.0,431.5428583549048,52.037548677566456,11.670685701715572,11.547331595937596,3.4873538663836503,0.006,0.0,690217.7804049196,485.0720335330364,95.55674195330944,5.339621700817626,0.0169751429153109,0.0,668.0,174.0,3.0,491.0,44.53333333333334,1377.1150547158993,0.7447841841591677,0.716089503839612,1.0658420986146666,1.5041305863996968,8.04354961431818,13.673335497878725,8.788333798477348,14.535557507770136,0.7447841841591677,1.0658420986146666,/home/aaa/data/qj/stable-baselines3-master/risk_curriculum_metadrive/outputs/gated_risk_proposed_nenv16_seed0_1m/runs/proposed_gated_risk_ppo_s0/config.json,/home/aaa/data/qj/stable-baselines3-master/risk_curriculum_metadrive/outputs/gated_risk_proposed_nenv16_seed0_1m/runs/proposed_gated_risk_ppo_s0/model/final_model.zip,results/ijmlc_control/raw_csv/p1_d015_core_parallel2_20260701_1648_gated_risk_s0_episodes.csv
gated_risk,refinement,proposed_gated_risk,ppo,0,0.15,10000,10016,16,1.0,0.0,0.9898531445606142,0.0,0.0,0.0,0.0,1089.0,461.5335844343199,207.5922596592477,16.137233214464047,18.23867721481621,8.564653687970043,0.0578512396694214,0.0,989853.1445606144,487.5511856912871,13.189380289542513,0.0899466007233674,0.0576046377890993,0.3333333333333333,814.0,23.0,75.0,716.0,74.74747474747475,1669.568291267406,0.6790000046986088,0.6347400048980489,1.00221979082562,1.4117088401690003,3.2054957714255923,5.240282401791773,3.884495776124201,6.047070203931068,0.6790000046986088,1.00221979082562,/home/aaa/data/qj/stable-baselines3-master/risk_curriculum_metadrive/outputs/gated_risk_proposed_nenv16_seed0_1m/runs/proposed_gated_risk_ppo_s0/config.json,/home/aaa/data/qj/stable-baselines3-master/risk_curriculum_metadrive/outputs/gated_risk_proposed_nenv16_seed0_1m/runs/proposed_gated_risk_ppo_s0/model/final_model.zip,results/ijmlc_control/raw_csv/p1_d015_core_parallel2_20260701_1648_gated_risk_s0_episodes.csv
gated_risk,refinement,proposed_gated_risk,ppo,0,0.15,10000,10017,17,0.0,1.0,0.5304534940027341,1.0,1.0,0.0,0.0,1279.0,376.8996719312885,-12.731702300521777,11.832108836968516,12.510193234263845,1.9402713363897357,0.0594214229867083,0.0,0.5304534940027341,418.6570667120203,101.67972335229902,6.1099796984914,0.0172538905633179,0.0,611.0,149.0,5.0,457.0,47.77169663799843,1459.4283689000424,0.7756780357195823,0.7494409946957603,1.0523681921768,1.4209184094215768,12.961808577187828,22.423776898358483,13.73748661290741,23.266620803042315,0.7756780357195823,1.0523681921768,/home/aaa/data/qj/stable-baselines3-master/risk_curriculum_metadrive/outputs/gated_risk_proposed_nenv16_seed0_1m/runs/proposed_gated_risk_ppo_s0/config.json,/home/aaa/data/qj/stable-baselines3-master/risk_curriculum_metadrive/outputs/gated_risk_proposed_nenv16_seed0_1m/runs/proposed_gated_risk_ppo_s0/model/final_model.zip,results/ijmlc_control/raw_csv/p1_d015_core_parallel2_20260701_1648_gated_risk_s0_episodes.csv
gated_risk,refinement,proposed_gated_risk,ppo,0,0.15,10000,10018,18,0.0,0.0,0.3637126744351078,0.0,0.0,0.0,0.0,1500.0,139.3748988909729,-137.41429984537086,4.159432626627616,0.8352067872549676,0.3716692685167493,0.5253333333333333,0.0,363712.6744351079,161.8745442213692,26.768715138861825,2.1177157858939077,0.1209701096811603,0.1040299906279287,655.0,313.0,184.0,158.0,43.66666666666666,4046.343439301143,0.7528302761784289,0.7356170026469044,1.032339810626581,1.5301781136076895,5.962765175218617,7.693906551139662,6.7155954513970455,8.57846669605351,0.7528302761784289,1.032339810626581,/home/aaa/data/qj/stable-baselines3-master/risk_curriculum_metadrive/outputs/gated_risk_proposed_nenv16_seed0_1m/runs/proposed_gated_risk_ppo_s0/config.json,/home/aaa/data/qj/stable-baselines3-master/risk_curriculum_metadrive/outputs/gated_risk_proposed_nenv16_seed0_1m/runs/proposed_gated_risk_ppo_s0/model/final_model.zip,results/ijmlc_control/raw_csv/p1_d015_core_parallel2_20260701_1648_gated_risk_s0_episodes.csv
gated_risk,refinement,proposed_gated_risk,ppo,0,0.15,10000,10019,19,1.0,0.0,0.9931253099052068,0.0,0.0,0.0,0.0,1460.0,665.317644119603,372.402361490981,16.844757020621064,18.31391304414182,11.160848839864272,0.0157534246575342,0.0,993125.3099052068,682.3472828895538,23.037295297774904,3.4396949585891297,0.0092298739952151,0.0134680134680134,1101.0,53.0,12.0,1036.0,75.41095890410959,1613.5478628090475,0.7274849937047828,0.6931360039743595,1.021680101257516,1.2933602539123972,7.256472341585521,16.439079093834152,7.983957335290304,17.26340770110255,0.7274849937047828,1.021680101257516,/home/aaa/data/qj/stable-baselines3-master/risk_curriculum_metadrive/outputs/gated_risk_proposed_nenv16_seed0_1m/runs/proposed_gated_risk_ppo_s0/config.json,/home/aaa/data/qj/stable-baselines3-master/risk_curriculum_metadrive/outputs/gated_risk_proposed_nenv16_seed0_1m/runs/proposed_gated_risk_ppo_s0/model/final_model.zip,results/ijmlc_control/raw_csv/p1_d015_core_parallel2_20260701_1648_gated_risk_s0_episodes.csv
gated_risk,refinement,proposed_gated_risk,ppo,0,0.15,20000,20000,0,0.0,1.0,0.4792641818867933,1.0,1.0,0.0,0.0,340.0,144.7526251107106,-29.825220509001312,17.66365681231836,18.38259322244264,17.870110930741173,0.0,0.0,0.4792641818867933,166.28891542421752,17.66918940043366,4.4547238307612895,0.0036142962222516,0.1,272.0,1.0,2.0,269.0,80.0,1635.707342886351,0.8563562291622956,0.8266840013675392,1.134627601277316,1.3151386691606606,4.642487020507414,7.664755950827384,5.49884324966971,8.566351305489661,0.8563562291622956,1.134627601277316,/home/aaa/data/qj/stable-baselines3-master/risk_curriculum_metadrive/outputs/gated_risk_proposed_nenv16_seed0_1m/runs/proposed_gated_risk_ppo_s0/config.json,/home/aaa/data/qj/stable-baselines3-master/risk_curriculum_metadrive/outputs/gated_risk_proposed_nenv16_seed0_1m/runs/proposed_gated_risk_ppo_s0/model/final_model.zip,results/ijmlc_control/raw_csv/p1_d015_core_parallel2_20260701_1648_gated_risk_s0_episodes.csv
gated_risk,refinement,proposed_gated_risk,ppo,0,0.15,20000,20001,1,1.0,0.0,0.9903012399387372,0.0,0.0,0.0,0.0,1079.0,481.9530557414177,253.3198703219792,17.184615603105122,18.280901184237745,13.461243912548277,0.0111214087117701,0.0,990301.2399387372,514.4848325825748,31.64520886902685,0.7316412629458168,0.0182603461637325,0.0949367088607595,790.0,28.0,20.0,742.0,73.2159406858202,1535.516598291953,0.8409247220815587,0.8092719945125282,1.0882262053200975,1.3179760595085104,4.876804369746361,7.227348092419561,5.717729091827919,8.163524797419084,0.8409247220815587,1.0882262053200975,/home/aaa/data/qj/stable-baselines3-master/risk_curriculum_metadrive/outputs/gated_risk_proposed_nenv16_seed0_1m/runs/proposed_gated_risk_ppo_s0/config.json,/home/aaa/data/qj/stable-baselines3-master/risk_curriculum_metadrive/outputs/gated_risk_proposed_nenv16_seed0_1m/runs/proposed_gated_risk_ppo_s0/model/final_model.zip,results/ijmlc_control/raw_csv/p1_d015_core_parallel2_20260701_1648_gated_risk_s0_episodes.csv
gated_risk,refinement,proposed_gated_risk,ppo,0,0.15,20000,20002,2,1.0,0.0,0.9891546509727324,0.0,0.0,0.0,0.0,1098.0,478.84309864669774,282.9033890512948,16.194598379837704,18.20772345907877,9.56969213145733,0.0255009107468123,0.0,989154.6509727323,493.15093685767977,24.250940321781755,4.127043094701385,0.0173485041546512,0.0191256830601092,755.0,51.0,25.0,679.0,68.76138433515483,1530.9714401250103,0.8834770762474821,0.8478029922116548,1.1991011997452006,1.637857319728937,6.592238489273899,10.368915600702168,7.475715565521381,11.228648445830911,0.8834770762474821,1.1991011997452006,/home/aaa/data/qj/stable-baselines3-master/risk_curriculum_metadrive/outputs/gated_risk_proposed_nenv16_seed0_1m/runs/proposed_gated_risk_ppo_s0/config.json,/home/aaa/data/qj/stable-baselines3-master/risk_curriculum_metadrive/outputs/gated_risk_proposed_nenv16_seed0_1m/runs/proposed_gated_risk_ppo_s0/model/final_model.zip,results/ijmlc_control/raw_csv/p1_d015_core_parallel2_20260701_1648_gated_risk_s0_episodes.csv
gated_risk,refinement,proposed_gated_risk,ppo,0,0.15,20000,20003,3,0.0,0.0,0.8768871261557574,0.0,0.0,0.0,0.0,1500.0,535.787125825482,201.0718832058106,14.334290765111724,17.946226128501657,5.965264935594293,0.0006666666666666,0.0,876887.1261557575,596.3336027008113,59.32942739951452,4.100788933714318,0.0101633625799976,0.0021186440677966,838.0,139.0,5.0,694.0,55.86666666666667,1405.253697267226,0.7759704997782441,0.7618844902026467,1.080392051517265,1.38118180053425,9.076264704044055,14.225657497445354,9.852235203822298,15.07140609101043,0.7759704997782441,1.080392051517265,/home/aaa/data/qj/stable-baselines3-master/risk_curriculum_metadrive/outputs/gated_risk_proposed_nenv16_seed0_1m/runs/proposed_gated_risk_ppo_s0/config.json,/home/aaa/data/qj/stable-baselines3-master/risk_curriculum_metadrive/outputs/gated_risk_proposed_nenv16_seed0_1m/runs/proposed_gated_risk_ppo_s0/model/final_model.zip,results/ijmlc_control/raw_csv/p1_d015_core_parallel2_20260701_1648_gated_risk_s0_episodes.csv
gated_risk,refinement,proposed_gated_risk,ppo,0,0.15,20000,20004,4,1.0,0.0,0.9912002561724867,0.0,0.0,0.0,0.0,1009.0,479.0081983840813,302.1833396417665,17.914325505754622,18.38874637215782,17.91480777169411,0.0089197224975222,0.0,991200.2561724868,501.5844746364753,29.771063567713124,4.774077897918625,0.0051774449826542,0.0142857142857142,848.0,4.0,9.0,835.0,84.0436075322101,1690.6424398693566,0.5495977140825778,0.5084180011181161,0.7826432061847298,1.006994321942329,2.309532030907273,3.711822992772795,2.859129744989851,4.348812592797912,0.5495977140825778,0.7826432061847298,/home/aaa/data/qj/stable-baselines3-master/risk_curriculum_metadrive/outputs/gated_risk_proposed_nenv16_seed0_1m/runs/proposed_gated_risk_ppo_s0/config.json,/home/aaa/data/qj/stable-baselines3-master/risk_curriculum_metadrive/outputs/gated_risk_proposed_nenv16_seed0_1m/runs/proposed_gated_risk_ppo_s0/model/final_model.zip,results/ijmlc_control/raw_csv/p1_d015_core_parallel2_20260701_1648_gated_risk_s0_episodes.csv
gated_risk,refinement,proposed_gated_risk,ppo,0,0.15,20000,20005,5,1.0,0.0,0.9921465568934544,0.0,0.0,0.0,0.0,1321.0,550.2481885872899,295.83520022714634,15.752476027541986,18.09589781837617,8.41085323835191,0.0007570022710068,0.0,992146.5568934544,577.3113828617488,23.19810047760552,5.837947576147236,0.0093508638046121,0.0,826.0,93.0,8.0,725.0,62.52838758516276,1430.770333862975,0.6324317686039959,0.5884550046175718,0.8837960049277171,1.1509283969644457,5.536672769784226,8.185104990843683,6.169104538388222,8.832552994135767,0.6324317686039959,0.8837960049277171,/home/aaa/data/qj/stable-baselines3-master/risk_curriculum_metadrive/outputs/gated_risk_proposed_nenv16_seed0_1m/runs/proposed_gated_risk_ppo_s0/config.json,/home/aaa/data/qj/stable-baselines3-master/risk_curriculum_metadrive/outputs/gated_risk_proposed_nenv16_seed0_1m/runs/proposed_gated_risk_ppo_s0/model/final_model.zip,results/ijmlc_control/raw_csv/p1_d015_core_parallel2_20260701_1648_gated_risk_s0_episodes.csv
gated_risk,refinement,proposed_gated_risk,ppo,0,0.15,20000,20006,6,0.0,1.0,0.0966041610703834,1.0,1.0,0.0,0.0,129.0,40.02948646822393,-97.43440040275648,14.502677089539754,18.057109304543545,3.5251379565499392,0.0387596899224806,1.0,0.0966041610703834,51.46569576714719,13.748429752712877,3.7002685259098778,0.0199797425209332,0.1428571428571428,76.0,5.0,3.0,68.0,58.91472868217055,1476.7117954424727,0.6073453333210778,0.5556969990720972,0.7995077990926802,0.8831602410646155,3.391497504045508,4.051408194936811,3.998842837366586,4.686040602973662,0.6073453333210778,0.7995077990926802,/home/aaa/data/qj/stable-baselines3-master/risk_curriculum_metadrive/outputs/gated_risk_proposed_nenv16_seed0_1m/runs/proposed_gated_risk_ppo_s0/config.json,/home/aaa/data/qj/stable-baselines3-master/risk_curriculum_metadrive/outputs/gated_risk_proposed_nenv16_seed0_1m/runs/proposed_gated_risk_ppo_s0/model/final_model.zip,results/ijmlc_control/raw_csv/p1_d015_core_parallel2_20260701_1648_gated_risk_s0_episodes.csv
gated_risk,refinement,proposed_gated_risk,ppo,0,0.15,20000,20007,7,1.0,0.0,0.9889597628921531,0.0,0.0,0.0,0.0,1028.0,423.7087130073332,224.9914109362299,15.295137499387796,18.25444676185948,3.142234384299536,0.0836575875486381,0.0,988959.7628921532,436.0287381537431,21.76553431415047,0.6358572983520723,0.0690280370377128,0.3588709677419355,780.0,16.0,94.0,670.0,75.87548638132296,1788.8729153558063,0.593347489187319,0.5463814959512092,0.8380484570807311,1.2207585919532016,3.074510170286453,4.383461247925879,3.6678576594737726,5.1115512498654425,0.593347489187319,0.8380484570807311,/home/aaa/data/qj/stable-baselines3-master/risk_curriculum_metadrive/outputs/gated_risk_proposed_nenv16_seed0_1m/runs/proposed_gated_risk_ppo_s0/config.json,/home/aaa/data/qj/stable-baselines3-master/risk_curriculum_metadrive/outputs/gated_risk_proposed_nenv16_seed0_1m/runs/proposed_gated_risk_ppo_s0/model/final_model.zip,results/ijmlc_control/raw_csv/p1_d015_core_parallel2_20260701_1648_gated_risk_s0_episodes.csv
gated_risk,refinement,proposed_gated_risk,ppo,0,0.15,20000,20008,8,1.0,0.0,0.9939459712947256,0.0,0.0,0.0,0.0,1496.0,649.3350181484162,349.8781320850022,16.219535840401274,18.244362597723,8.072877129365652,0.0106951871657754,0.0,993945.9712947255,673.2398273546398,64.7561419249208,0.5727509101052992,0.0154638393549636,0.0373831775700934,1060.0,63.0,21.0,976.0,70.85561497326202,1574.476073652767,0.6569665160774375,0.613690004684031,0.9241102525265888,1.4715483943291463,5.05797937822696,6.976281503739301,5.714945894304397,7.765139489492867,0.6569665160774375,0.9241102525265888,/home/aaa/data/qj/stable-baselines3-master/risk_curriculum_metadrive/outputs/gated_risk_proposed_nenv16_seed0_1m/runs/proposed_gated_risk_ppo_s0/config.json,/home/aaa/data/qj/stable-baselines3-master/risk_curriculum_metadrive/outputs/gated_risk_proposed_nenv16_seed0_1m/runs/proposed_gated_risk_ppo_s0/model/final_model.zip,results/ijmlc_control/raw_csv/p1_d015_core_parallel2_20260701_1648_gated_risk_s0_episodes.csv
gated_risk,refinement,proposed_gated_risk,ppo,0,0.15,20000,20009,9,1.0,0.0,0.9879356730145584,0.0,0.0,0.0,0.0,885.0,391.5930450866844,224.62301046776184,16.302968274489263,18.314622490349187,5.958396151962654,0.0689265536723163,0.0,987935.6730145584,400.1932997506824,157.80940507560285,0.3583440281037687,0.0570196751292584,0.7894736842105263,711.0,3.0,66.0,642.0,80.33898305084746,1776.6414391319097,0.6499390984361855,0.6061989988666028,0.912279600743204,1.5096181980334218,4.010973571724716,6.015249007032253,4.660912670160902,6.717270205263048,0.6499390984361855,0.912279600743204,/home/aaa/data/qj/stable-baselines3-master/risk_curriculum_metadrive/outputs/gated_risk_proposed_nenv16_seed0_1m/runs/proposed_gated_risk_ppo_s0/config.json,/home/aaa/data/qj/stable-baselines3-master/risk_curriculum_metadrive/outputs/gated_risk_proposed_nenv16_seed0_1m/runs/proposed_gated_risk_ppo_s0/model/final_model.zip,results/ijmlc_control/raw_csv/p1_d015_core_parallel2_20260701_1648_gated_risk_s0_episodes.csv
gated_risk,refinement,proposed_gated_risk,ppo,0,0.15,20000,20010,10,1.0,0.0,0.9892640785337004,0.0,0.0,0.0,0.0,899.0,435.2527081901663,279.8665923418285,17.864419524542978,18.38991322198552,17.90466032624004,0.0077864293659621,0.0,989264.0785337004,445.6368067546193,104.03940394103265,2.7080814073832107,0.0082112352396385,0.101010101010101,751.0,3.0,10.0,738.0,83.53726362625139,1685.228842449548,0.5512368554589717,0.5037460068706423,0.81633059453452,1.1949596286285646,2.266970329070557,3.803736298868893,2.8182071845295287,4.571359492547344,0.5512368554589717,0.81633059453452,/home/aaa/data/qj/stable-baselines3-master/risk_curriculum_metadrive/outputs/gated_risk_proposed_nenv16_seed0_1m/runs/proposed_gated_risk_ppo_s0/config.json,/home/aaa/data/qj/stable-baselines3-master/risk_curriculum_metadrive/outputs/gated_risk_proposed_nenv16_seed0_1m/runs/proposed_gated_risk_ppo_s0/model/final_model.zip,results/ijmlc_control/raw_csv/p1_d015_core_parallel2_20260701_1648_gated_risk_s0_episodes.csv
gated_risk,refinement,proposed_gated_risk,ppo,0,0.15,20000,20011,11,1.0,0.0,0.9914466474658024,0.0,0.0,0.0,0.0,1237.0,513.2730200825144,251.8321028450039,16.055870156802605,18.258212423179558,6.230082658213827,0.0654810024252223,0.0,991446.6474658024,550.9720396000424,15.954419299969633,0.0943150547936387,0.0564274802288446,0.281786941580756,937.0,26.0,87.0,824.0,75.74777687954729,1700.630762824517,0.651869940216312,0.5999109998811036,0.8996435964945705,1.102339283679613,6.116627785005466,8.920864004176112,6.768497725221778,9.57259340793826,0.651869940216312,0.8996435964945705,/home/aaa/data/qj/stable-baselines3-master/risk_curriculum_metadrive/outputs/gated_risk_proposed_nenv16_seed0_1m/runs/proposed_gated_risk_ppo_s0/config.json,/home/aaa/data/qj/stable-baselines3-master/risk_curriculum_metadrive/outputs/gated_risk_proposed_nenv16_seed0_1m/runs/proposed_gated_risk_ppo_s0/model/final_model.zip,results/ijmlc_control/raw_csv/p1_d015_core_parallel2_20260701_1648_gated_risk_s0_episodes.csv
gated_risk,refinement,proposed_gated_risk,ppo,0,0.15,20000,20012,12,1.0,0.0,0.9920472137642744,0.0,0.0,0.0,0.0,1045.0,506.2713930510772,316.9741876771765,17.920037127514043,18.388205397146702,17.894311032663865,0.0057416267942583,0.0,992047.2137642744,519.6721051457992,48.8826367370422,3.756819419592461,0.0049004074317963,0.0117647058823529,865.0,7.0,9.0,849.0,82.77511961722487,1664.511124293107,0.5966906344020098,0.5553679948206991,0.863823399413377,1.3184443139471111,2.744378816168176,4.491063999012113,3.3410694505701857,5.243186195730232,0.5966906344020098,0.863823399413377,/home/aaa/data/qj/stable-baselines3-master/risk_curriculum_metadrive/outputs/gated_risk_proposed_nenv16_seed0_1m/runs/proposed_gated_risk_ppo_s0/config.json,/home/aaa/data/qj/stable-baselines3-master/risk_curriculum_metadrive/outputs/gated_risk_proposed_nenv16_seed0_1m/runs/proposed_gated_risk_ppo_s0/model/final_model.zip,results/ijmlc_control/raw_csv/p1_d015_core_parallel2_20260701_1648_gated_risk_s0_episodes.csv
gated_risk,refinement,proposed_gated_risk,ppo,0,0.15,20000,20013,13,0.0,0.0,0.7684552632676003,0.0,0.0,0.0,0.0,1500.0,489.4976150346544,-3.545916717738386,12.624793203179037,17.9749738373885,1.4587420222680072,0.0686666666666666,0.0,768455.2632676003,525.1056421866297,69.74661940969456,1.365318964036503,0.0317428684391808,0.0344262295081967,891.0,123.0,45.0,723.0,59.4,1696.8014213096694,0.6630529060300129,0.6056095007807016,0.9464877446589526,1.3651422783732412,7.434468848116619,10.689949803054333,8.097521754146632,11.448754406592345,0.6630529060300129,0.9464877446589526,/home/aaa/data/qj/stable-baselines3-master/risk_curriculum_metadrive/outputs/gated_risk_proposed_nenv16_seed0_1m/runs/proposed_gated_risk_ppo_s0/config.json,/home/aaa/data/qj/stable-baselines3-master/risk_curriculum_metadrive/outputs/gated_risk_proposed_nenv16_seed0_1m/runs/proposed_gated_risk_ppo_s0/model/final_model.zip,results/ijmlc_control/raw_csv/p1_d015_core_parallel2_20260701_1648_gated_risk_s0_episodes.csv
gated_risk,refinement,proposed_gated_risk,ppo,0,0.15,20000,20014,14,1.0,0.0,0.9912015458538018,0.0,0.0,0.0,0.0,1305.0,505.8335095145014,233.994387477542,14.876496628091669,18.104663674428764,5.444359041291278,0.0007662835249042,0.0,991201.545853802,538.6849638140211,116.75034165364634,3.5843484688933325,0.0133244514625076,0.0037735849056603,823.0,100.0,6.0,717.0,63.06513409961686,1527.79463932492,0.6832254054430708,0.6442469893954694,0.9855885989964008,1.300872602732852,4.153114888971846,5.855426803464069,4.836340294414917,6.630652392050251,0.6832254054430708,0.9855885989964008,/home/aaa/data/qj/stable-baselines3-master/risk_curriculum_metadrive/outputs/gated_risk_proposed_nenv16_seed0_1m/runs/proposed_gated_risk_ppo_s0/config.json,/home/aaa/data/qj/stable-baselines3-master/risk_curriculum_metadrive/outputs/gated_risk_proposed_nenv16_seed0_1m/runs/proposed_gated_risk_ppo_s0/model/final_model.zip,results/ijmlc_control/raw_csv/p1_d015_core_parallel2_20260701_1648_gated_risk_s0_episodes.csv
gated_risk,refinement,proposed_gated_risk,ppo,0,0.15,20000,20015,15,1.0,0.0,0.993132072911418,0.0,0.0,0.0,0.0,1210.0,580.564798593808,336.7512693012811,17.54365125096902,18.37467250191888,17.868527655580486,0.0132231404958677,0.0,993132.072911418,589.1322941166281,29.276302881061422,3.327746798391901,0.0102822313116635,0.1428571428571428,992.0,8.0,20.0,964.0,81.98347107438016,1683.832324091909,0.6455453423723533,0.5881679971935228,0.9739132459799292,1.851833378605081,2.8588376065460226,4.683649350045016,3.504382948918376,5.4744899018260185,0.6455453423723533,0.9739132459799292,/home/aaa/data/qj/stable-baselines3-master/risk_curriculum_metadrive/outputs/gated_risk_proposed_nenv16_seed0_1m/runs/proposed_gated_risk_ppo_s0/config.json,/home/aaa/data/qj/stable-baselines3-master/risk_curriculum_metadrive/outputs/gated_risk_proposed_nenv16_seed0_1m/runs/proposed_gated_risk_ppo_s0/model/final_model.zip,results/ijmlc_control/raw_csv/p1_d015_core_parallel2_20260701_1648_gated_risk_s0_episodes.csv
gated_risk,refinement,proposed_gated_risk,ppo,0,0.15,20000,20016,16,0.0,1.0,0.6609952437940002,1.0,1.0,0.0,0.0,1422.0,384.880820163766,-116.09404718616656,12.03721040573621,12.32899937360616,2.663887779328558,0.0443037974683544,0.0,0.6609952437940002,473.900536781084,104.18576249201378,7.549659660303396,0.0157255282563578,0.0,664.0,172.0,0.0,492.0,46.69479606188467,1401.1378938503533,0.6994264442636566,0.6425145038519986,0.9999644942581656,1.8969169993943067,6.332579049989601,9.074608445371268,7.032005494253258,9.79868004869786,0.6994264442636566,0.9999644942581656,/home/aaa/data/qj/stable-baselines3-master/risk_curriculum_metadrive/outputs/gated_risk_proposed_nenv16_seed0_1m/runs/proposed_gated_risk_ppo_s0/config.json,/home/aaa/data/qj/stable-baselines3-master/risk_curriculum_metadrive/outputs/gated_risk_proposed_nenv16_seed0_1m/runs/proposed_gated_risk_ppo_s0/model/final_model.zip,results/ijmlc_control/raw_csv/p1_d015_core_parallel2_20260701_1648_gated_risk_s0_episodes.csv
gated_risk,refinement,proposed_gated_risk,ppo,0,0.15,20000,20017,17,0.0,1.0,0.4592119628092747,1.0,1.0,0.0,0.0,670.0,252.3421263300665,-6.2497244955928295,15.233047884292292,18.16683587239247,5.252863446348645,0.0044776119402985,0.0,0.4592119628092747,282.9899895079413,34.831741235332274,0.857724597787517,0.0103128995236111,0.0147783251231527,441.0,32.0,5.0,404.0,65.82089552238806,1558.3590103904528,0.6683564910607815,0.6217690097400919,0.9672343046986498,1.3585841118765458,4.48682504982354,6.44374844850972,5.155181540884321,7.293850761925565,0.6683564910607815,0.9672343046986498,/home/aaa/data/qj/stable-baselines3-master/risk_curriculum_metadrive/outputs/gated_risk_proposed_nenv16_seed0_1m/runs/proposed_gated_risk_ppo_s0/config.json,/home/aaa/data/qj/stable-baselines3-master/risk_curriculum_metadrive/outputs/gated_risk_proposed_nenv16_seed0_1m/runs/proposed_gated_risk_ppo_s0/model/final_model.zip,results/ijmlc_control/raw_csv/p1_d015_core_parallel2_20260701_1648_gated_risk_s0_episodes.csv
gated_risk,refinement,proposed_gated_risk,ppo,0,0.15,20000,20018,18,0.0,0.0,0.9036469952935348,0.0,0.0,0.0,0.0,1500.0,634.7767487177092,291.19250297458746,17.004798171578916,18.310954635275717,11.276932877244988,0.0046666666666666,0.0,903646.995293535,707.8502293762931,62.24991689942279,6.071001405669649,0.0029717381556817,0.0,1137.0,46.0,2.0,1089.0,75.8,1606.2719948566564,0.7627847813710105,0.7200979962362908,1.158478959405329,1.7569585167802868,10.461990512732882,21.810226251545828,11.224775294103893,22.56395911826985,0.7627847813710105,1.158478959405329,/home/aaa/data/qj/stable-baselines3-master/risk_curriculum_metadrive/outputs/gated_risk_proposed_nenv16_seed0_1m/runs/proposed_gated_risk_ppo_s0/config.json,/home/aaa/data/qj/stable-baselines3-master/risk_curriculum_metadrive/outputs/gated_risk_proposed_nenv16_seed0_1m/runs/proposed_gated_risk_ppo_s0/model/final_model.zip,results/ijmlc_control/raw_csv/p1_d015_core_parallel2_20260701_1648_gated_risk_s0_episodes.csv
gated_risk,refinement,proposed_gated_risk,ppo,0,0.15,20000,20019,19,1.0,0.0,0.9901516352984286,0.0,0.0,0.0,0.0,1127.0,535.691069982639,328.7839272407547,17.8206759156135,18.35838896186648,17.88078722106055,0.0044365572315882,0.0,990151.6352984288,557.3732558949703,37.87433074095896,6.080195109549705,0.0027101351750551,0.0,919.0,19.0,2.0,898.0,81.54392191659272,1648.8053387570028,0.6291956975900121,0.5679699970642105,0.9202619999996388,1.7794523169868632,4.698192943284203,8.318647491978483,5.327388640874216,9.075014501286203,0.6291956975900121,0.9202619999996388,/home/aaa/data/qj/stable-baselines3-master/risk_curriculum_metadrive/outputs/gated_risk_proposed_nenv16_seed0_1m/runs/proposed_gated_risk_ppo_s0/config.json,/home/aaa/data/qj/stable-baselines3-master/risk_curriculum_metadrive/outputs/gated_risk_proposed_nenv16_seed0_1m/runs/proposed_gated_risk_ppo_s0/model/final_model.zip,results/ijmlc_control/raw_csv/p1_d015_core_parallel2_20260701_1648_gated_risk_s0_episodes.csv
gated_risk,refinement,proposed_gated_risk,ppo,1,0.15,10000,10000,0,1.0,0.0,0.9903400085248592,0.0,0.0,0.0,0.0,1212.0,491.36152243635394,228.45795778796676,15.619921913884715,18.16363885281297,7.11446975042019,0.0379537953795379,0.0,990340.0085248592,525.0485488362974,46.74258545735346,0.0355622803168871,0.0361063351671,0.1094147582697201,814.0,52.0,51.0,711.0,67.16171617161716,1550.3328250389918,1.4730479845041586,0.9466109986533412,4.785598551825388,5.396406629442937,15.370590250955749,30.406377202598375,16.843638235459906,32.49246369450702,1.4730479845041586,4.785598551825388,/home/aaa/data/qj/stable-baselines3-master/risk_curriculum_metadrive/outputs/gated_risk_proposed_nenv16_seed1_1m/runs/proposed_gated_risk_ppo_s1/config.json,/home/aaa/data/qj/stable-baselines3-master/risk_curriculum_metadrive/outputs/gated_risk_proposed_nenv16_seed1_1m/runs/proposed_gated_risk_ppo_s1/model/final_model.zip,results/ijmlc_control/raw_csv/p1_d015_core_parallel2_20260701_1648_gated_risk_s1_episodes.csv
gated_risk,refinement,proposed_gated_risk,ppo,1,0.15,10000,10001,1,1.0,0.0,0.99084334553316,0.0,0.0,0.0,0.0,1023.0,504.73282149751645,309.1329833946725,17.966340919117602,18.431404978070344,17.932708964314813,0.0087976539589442,0.0,990843.34553316,510.072296404987,32.02141422957962,0.0789522400731058,0.009387783885654,0.4347826086956521,871.0,0.0,10.0,861.0,85.14173998044966,1707.601071728161,1.274140462283758,0.904897999134846,4.461269707826428,6.769949699519196,7.522703487386099,15.306954202242196,8.796843949669856,17.33607340429444,1.274140462283758,4.461269707826428,/home/aaa/data/qj/stable-baselines3-master/risk_curriculum_metadrive/outputs/gated_risk_proposed_nenv16_seed1_1m/runs/proposed_gated_risk_ppo_s1/config.json,/home/aaa/data/qj/stable-baselines3-master/risk_curriculum_metadrive/outputs/gated_risk_proposed_nenv16_seed1_1m/runs/proposed_gated_risk_ppo_s1/model/final_model.zip,results/ijmlc_control/raw_csv/p1_d015_core_parallel2_20260701_1648_gated_risk_s1_episodes.csv
gated_risk,refinement,proposed_gated_risk,ppo,1,0.15,10000,10002,2,1.0,0.0,0.9913143847473566,0.0,0.0,0.0,0.0,1335.0,544.4421078756025,255.6755452306255,14.953767598085726,18.08300020092738,5.678238155502807,0.0374531835205992,0.0,991314.3847473566,553.4238649258441,81.81664155386919,0.3636755198588152,0.0362470870516673,0.087890625,831.0,65.0,55.0,711.0,62.24719101123596,1501.5615564597124,1.2844912067521363,0.924230000237003,4.061570395424494,5.458718185545882,17.81064428444446,39.83988768886775,19.0951354911966,41.37605510331922,1.2844912067521363,4.061570395424494,/home/aaa/data/qj/stable-baselines3-master/risk_curriculum_metadrive/outputs/gated_risk_proposed_nenv16_seed1_1m/runs/proposed_gated_risk_ppo_s1/config.json,/home/aaa/data/qj/stable-baselines3-master/risk_curriculum_metadrive/outputs/gated_risk_proposed_nenv16_seed1_1m/runs/proposed_gated_risk_ppo_s1/model/final_model.zip,results/ijmlc_control/raw_csv/p1_d015_core_parallel2_20260701_1648_gated_risk_s1_episodes.csv
gated_risk,refinement,proposed_gated_risk,ppo,1,0.15,10000,10003,3,1.0,0.0,0.9904488384211672,0.0,0.0,0.0,0.0,999.0,473.13028741963126,299.96737144171937,16.79653513267333,18.29488932639117,10.543408481585129,0.0,0.0,990448.8384211672,465.4331421987957,34.468907663200824,1.525497883625431,0.0053040741017507,0.0058309037900874,713.0,38.0,3.0,672.0,71.37137137137137,1531.9063800047643,1.2972174132861816,0.906408007722348,4.514875903259963,6.03315428161295,7.746329444621502,18.30311609664932,9.043546857907684,20.23799521266482,1.2972174132861816,4.514875903259963,/home/aaa/data/qj/stable-baselines3-master/risk_curriculum_metadrive/outputs/gated_risk_proposed_nenv16_seed1_1m/runs/proposed_gated_risk_ppo_s1/config.json,/home/aaa/data/qj/stable-baselines3-master/risk_curriculum_metadrive/outputs/gated_risk_proposed_nenv16_seed1_1m/runs/proposed_gated_risk_ppo_s1/model/final_model.zip,results/ijmlc_control/raw_csv/p1_d015_core_parallel2_20260701_1648_gated_risk_s1_episodes.csv
gated_risk,refinement,proposed_gated_risk,ppo,1,0.15,10000,10004,4,0.0,1.0,0.6929760731639959,1.0,1.0,0.0,0.0,1286.0,350.5558341388608,-60.03889729085505,11.02383472119018,10.908858571763597,2.9178199650483814,0.0248833592534992,0.0,0.6929760731639959,392.4668594870253,63.7646072726231,2.840894770260661,0.0169683576440478,0.0010741138560687,467.0,170.0,3.0,294.0,36.31415241057543,1189.909386515828,1.1776668621992263,0.9469095020904206,2.875483998650452,4.903837609163022,16.00700446417326,24.150983252184236,17.184671326372488,25.310801749583334,1.1776668621992263,2.875483998650452,/home/aaa/data/qj/stable-baselines3-master/risk_curriculum_metadrive/outputs/gated_risk_proposed_nenv16_seed1_1m/runs/proposed_gated_risk_ppo_s1/config.json,/home/aaa/data/qj/stable-baselines3-master/risk_curriculum_metadrive/outputs/gated_risk_proposed_nenv16_seed1_1m/runs/proposed_gated_risk_ppo_s1/model/final_model.zip,results/ijmlc_control/raw_csv/p1_d015_core_parallel2_20260701_1648_gated_risk_s1_episodes.csv
gated_risk,refinement,proposed_gated_risk,ppo,1,0.15,10000,10005,5,1.0,0.0,0.9906524928602922,0.0,0.0,0.0,0.0,1065.0,507.009866745314,275.3557395223756,16.579070454441155,18.34635527424655,8.864620615197346,0.0460093896713615,0.0,990652.4928602924,489.7916948125207,36.20380637199353,0.3092287307809471,0.0334804695388218,0.2384615384615384,840.0,10.0,51.0,779.0,78.87323943661971,1715.0147887287674,1.0204665252568306,0.910193004528992,1.6003154072677714,3.369208804797347,7.3524152224270205,12.831376201938834,8.37288174768385,13.91282960830722,1.0204665252568306,1.6003154072677714,/home/aaa/data/qj/stable-baselines3-master/risk_curriculum_metadrive/outputs/gated_risk_proposed_nenv16_seed1_1m/runs/proposed_gated_risk_ppo_s1/config.json,/home/aaa/data/qj/stable-baselines3-master/risk_curriculum_metadrive/outputs/gated_risk_proposed_nenv16_seed1_1m/runs/proposed_gated_risk_ppo_s1/model/final_model.zip,results/ijmlc_control/raw_csv/p1_d015_core_parallel2_20260701_1648_gated_risk_s1_episodes.csv
gated_risk,refinement,proposed_gated_risk,ppo,1,0.15,10000,10006,6,1.0,0.0,0.9928380160195602,0.0,0.0,0.0,0.0,1258.0,601.2783201309171,356.91619577713664,17.90910190505034,18.41171908763488,17.812258524533025,0.0,0.0,992838.0160195604,625.2672185165414,32.753059537498174,7.7982428552467455,0.0011247136524133,0.0,1023.0,18.0,0.0,1005.0,81.31955484896662,1636.100485848414,0.9979986247350424,0.8879199958755635,1.622719008446437,3.1056900082330814,7.169526108980252,13.38161505409516,8.167524733715295,14.431953653547676,0.9979986247350424,1.622719008446437,/home/aaa/data/qj/stable-baselines3-master/risk_curriculum_metadrive/outputs/gated_risk_proposed_nenv16_seed1_1m/runs/proposed_gated_risk_ppo_s1/config.json,/home/aaa/data/qj/stable-baselines3-master/risk_curriculum_metadrive/outputs/gated_risk_proposed_nenv16_seed1_1m/runs/proposed_gated_risk_ppo_s1/model/final_model.zip,results/ijmlc_control/raw_csv/p1_d015_core_parallel2_20260701_1648_gated_risk_s1_episodes.csv
gated_risk,refinement,proposed_gated_risk,ppo,1,0.15,10000,10007,7,0.0,0.0,0.5515821995573058,0.0,0.0,0.0,0.0,1500.0,412.4830665787186,11.769925106021333,10.990713634630907,10.961812072044802,2.7725999195112543,0.0293333333333333,0.0,551582.1995573058,456.7665555104566,33.408895608816,0.4819633511682651,0.0246165688877679,0.0086505190311418,549.0,228.0,16.0,305.0,36.6,1201.9268779135296,0.8838742040776802,0.8375740071642213,1.220831149839796,1.7705840335111132,14.012942114728505,22.754812800849315,14.896816318806184,23.58924750369624,0.8838742040776802,1.220831149839796,/home/aaa/data/qj/stable-baselines3-master/risk_curriculum_metadrive/outputs/gated_risk_proposed_nenv16_seed1_1m/runs/proposed_gated_risk_ppo_s1/config.json,/home/aaa/data/qj/stable-baselines3-master/risk_curriculum_metadrive/outputs/gated_risk_proposed_nenv16_seed1_1m/runs/proposed_gated_risk_ppo_s1/model/final_model.zip,results/ijmlc_control/raw_csv/p1_d015_core_parallel2_20260701_1648_gated_risk_s1_episodes.csv
gated_risk,refinement,proposed_gated_risk,ppo,1,0.15,10000,10008,8,1.0,0.0,0.9906177596841128,0.0,0.0,0.0,0.0,1481.0,497.4625683506691,217.65505487103135,12.142668136124076,14.890942572091744,2.1526203302238565,0.0621201890614449,0.0,990617.7596841129,498.1196775059411,42.1739251123752,0.0443283729530233,0.0428190390172259,0.0583126550868486,802.0,134.0,64.0,604.0,54.152599594868335,1610.054844682249,0.8945182674912017,0.847834991873242,1.2307760043768212,1.8413138022879147,6.609259404856815,9.62354999501258,7.503777672348017,10.569220990873871,0.8945182674912017,1.2307760043768212,/home/aaa/data/qj/stable-baselines3-master/risk_curriculum_metadrive/outputs/gated_risk_proposed_nenv16_seed1_1m/runs/proposed_gated_risk_ppo_s1/config.json,/home/aaa/data/qj/stable-baselines3-master/risk_curriculum_metadrive/outputs/gated_risk_proposed_nenv16_seed1_1m/runs/proposed_gated_risk_ppo_s1/model/final_model.zip,results/ijmlc_control/raw_csv/p1_d015_core_parallel2_20260701_1648_gated_risk_s1_episodes.csv
gated_risk,refinement,proposed_gated_risk,ppo,1,0.15,10000,10009,9,1.0,0.0,0.9891651869712094,0.0,0.0,0.0,0.0,967.0,454.0845794267422,252.8927199073052,17.287852861844293,18.363041047735965,15.388364283482485,0.0186142709410548,0.0,989165.1869712094,463.7868419843744,18.884365353091287,0.6854258431606433,0.0196198841086012,0.3692307692307692,769.0,3.0,24.0,742.0,79.52430196483971,1658.0892996224948,0.8750894249012624,0.8071299962466583,1.2336137995589522,2.22547727666097,3.978060171510851,5.032562302949373,4.853149596412114,6.033988103445153,0.8750894249012624,1.2336137995589522,/home/aaa/data/qj/stable-baselines3-master/risk_curriculum_metadrive/outputs/gated_risk_proposed_nenv16_seed1_1m/runs/proposed_gated_risk_ppo_s1/config.json,/home/aaa/data/qj/stable-baselines3-master/risk_curriculum_metadrive/outputs/gated_risk_proposed_nenv16_seed1_1m/runs/proposed_gated_risk_ppo_s1/model/final_model.zip,results/ijmlc_control/raw_csv/p1_d015_core_parallel2_20260701_1648_gated_risk_s1_episodes.csv
gated_risk,refinement,proposed_gated_risk,ppo,1,0.15,10000,10010,10,0.0,0.0,0.9844320121723984,0.0,0.0,0.0,0.0,1500.0,496.6650743119882,83.46957848066613,13.587297757129985,16.380543263159257,4.625010627870926,0.0153333333333333,0.0,984432.0121723984,565.1473595502954,30.705020643931093,1.556579653107328,0.0225043263060921,0.0198675496688741,762.0,149.0,25.0,588.0,50.8,1348.320906261238,0.8278155921628544,0.7759400032227859,1.1635559094429482,1.8615443153248636,9.395360385892369,16.846381209325045,10.223175978055224,17.76334454625612,0.8278155921628544,1.1635559094429482,/home/aaa/data/qj/stable-baselines3-master/risk_curriculum_metadrive/outputs/gated_risk_proposed_nenv16_seed1_1m/runs/proposed_gated_risk_ppo_s1/config.json,/home/aaa/data/qj/stable-baselines3-master/risk_curriculum_metadrive/outputs/gated_risk_proposed_nenv16_seed1_1m/runs/proposed_gated_risk_ppo_s1/model/final_model.zip,results/ijmlc_control/raw_csv/p1_d015_core_parallel2_20260701_1648_gated_risk_s1_episodes.csv
gated_risk,refinement,proposed_gated_risk,ppo,1,0.15,10000,10011,11,0.0,1.0,0.4866414014380902,1.0,1.0,0.0,0.0,1255.0,234.343073958717,-279.1191707069958,8.364921069518353,6.290444677287105,1.1072223439007935,0.095617529880478,0.0,0.4866414014380902,289.17647933406306,72.109233158914,2.2331484298049324,0.0300271123306546,0.0021231422505307,453.0,192.0,10.0,251.0,36.09561752988048,1566.5174465198618,0.9014295459891004,0.8568339981138706,1.2145304033765567,1.8364445626502877,10.672783608763083,13.518528596614487,11.574213154752186,14.46529351233039,0.9014295459891004,1.2145304033765567,/home/aaa/data/qj/stable-baselines3-master/risk_curriculum_metadrive/outputs/gated_risk_proposed_nenv16_seed1_1m/runs/proposed_gated_risk_ppo_s1/config.json,/home/aaa/data/qj/stable-baselines3-master/risk_curriculum_metadrive/outputs/gated_risk_proposed_nenv16_seed1_1m/runs/proposed_gated_risk_ppo_s1/model/final_model.zip,results/ijmlc_control/raw_csv/p1_d015_core_parallel2_20260701_1648_gated_risk_s1_episodes.csv
gated_risk,refinement,proposed_gated_risk,ppo,1,0.15,10000,10012,12,1.0,0.0,0.9894091596536924,0.0,0.0,0.0,0.0,1029.0,444.5314940553503,249.63712822431089,15.315340380897704,18.25036175306008,0.8530794473198712,0.1049562682215743,0.0,989409.1596536924,437.0506425844617,43.09291974424172,0.7662551375081932,0.0682532449901648,0.2265193370165746,800.0,39.0,87.0,674.0,77.74538386783286,1830.4514901734688,0.848775532697255,0.8121100108837709,1.1209853953914712,1.466900720843114,4.420601774554766,6.828885394497772,5.269377307252021,7.7619475923711425,0.848775532697255,1.1209853953914712,/home/aaa/data/qj/stable-baselines3-master/risk_curriculum_metadrive/outputs/gated_risk_proposed_nenv16_seed1_1m/runs/proposed_gated_risk_ppo_s1/config.json,/home/aaa/data/qj/stable-baselines3-master/risk_curriculum_metadrive/outputs/gated_risk_proposed_nenv16_seed1_1m/runs/proposed_gated_risk_ppo_s1/model/final_model.zip,results/ijmlc_control/raw_csv/p1_d015_core_parallel2_20260701_1648_gated_risk_s1_episodes.csv
gated_risk,refinement,proposed_gated_risk,ppo,1,0.15,10000,10013,13,1.0,0.0,0.9925757520699618,0.0,0.0,0.0,0.0,1122.0,554.5611610731368,331.22505043050535,17.31028442293545,18.36572098232396,15.234576346590543,0.0142602495543672,0.0,992575.752069962,538.9445961243526,33.69802872283273,3.127487533456952,0.0126891623635092,0.0875912408759124,902.0,14.0,19.0,869.0,80.3921568627451,1673.6414215606649,0.8362549642811042,0.7841635015211068,1.1070583539549264,1.7196560034062685,6.760577218252842,11.633800197887467,7.596832182533946,12.492975651548475,0.8362549642811042,1.1070583539549264,/home/aaa/data/qj/stable-baselines3-master/risk_curriculum_metadrive/outputs/gated_risk_proposed_nenv16_seed1_1m/runs/proposed_gated_risk_ppo_s1/config.json,/home/aaa/data/qj/stable-baselines3-master/risk_curriculum_metadrive/outputs/gated_risk_proposed_nenv16_seed1_1m/runs/proposed_gated_risk_ppo_s1/model/final_model.zip,results/ijmlc_control/raw_csv/p1_d015_core_parallel2_20260701_1648_gated_risk_s1_episodes.csv
gated_risk,refinement,proposed_gated_risk,ppo,1,0.15,10000,10014,14,0.0,0.0,0.7829779168019546,0.0,0.0,0.0,0.0,1500.0,611.5256963607075,251.47903410311227,15.38923878956395,17.990554131033655,9.049473091844442,0.0006666666666666,0.0,782977.9168019546,640.3641601616375,39.20877596057171,2.7584296131644823,0.0110464310692573,0.006006006006006,853.0,120.0,7.0,726.0,56.86666666666667,1332.054560618586,0.8844434225660128,0.8374810058739968,1.1677860013151071,1.6294177967938588,14.759102781914407,23.4578840987524,15.64354620448042,24.301707558333877,0.8844434225660128,1.1677860013151071,/home/aaa/data/qj/stable-baselines3-master/risk_curriculum_metadrive/outputs/gated_risk_proposed_nenv16_seed1_1m/runs/proposed_gated_risk_ppo_s1/config.json,/home/aaa/data/qj/stable-baselines3-master/risk_curriculum_metadrive/outputs/gated_risk_proposed_nenv16_seed1_1m/runs/proposed_gated_risk_ppo_s1/model/final_model.zip,results/ijmlc_control/raw_csv/p1_d015_core_parallel2_20260701_1648_gated_risk_s1_episodes.csv
gated_risk,refinement,proposed_gated_risk,ppo,1,0.15,10000,10015,15,0.0,0.0,0.6974299887550901,0.0,0.0,0.0,0.0,1500.0,461.7578591316485,113.602743275158,11.79384580423902,11.239907794344468,3.762953161151503,0.01,0.0,697429.9887550902,490.2016560224682,72.47617644798233,0.4628995680392155,0.019933180855201,0.006150061500615,671.0,161.0,13.0,497.0,44.73333333333333,1368.8244251244328,0.7843499052202484,0.7551790040452033,1.063996255834354,1.2880833428062033,8.82031223384547,13.405531892931322,9.604662139065718,14.27152100004605,0.7843499052202484,1.063996255834354,/home/aaa/data/qj/stable-baselines3-master/risk_curriculum_metadrive/outputs/gated_risk_proposed_nenv16_seed1_1m/runs/proposed_gated_risk_ppo_s1/config.json,/home/aaa/data/qj/stable-baselines3-master/risk_curriculum_metadrive/outputs/gated_risk_proposed_nenv16_seed1_1m/runs/proposed_gated_risk_ppo_s1/model/final_model.zip,results/ijmlc_control/raw_csv/p1_d015_core_parallel2_20260701_1648_gated_risk_s1_episodes.csv
gated_risk,refinement,proposed_gated_risk,ppo,1,0.15,10000,10016,16,0.0,1.0,0.4055830685251971,1.0,1.0,0.0,0.0,449.0,181.5331392093815,-69.51466665747486,15.790893169506427,18.252831454825163,3.951285171194967,0.0757238307349666,0.0,0.4055830685251971,196.5648079601288,1.6326374139468318,0.0118227358419819,0.0808146304035324,1.0,341.0,0.0,41.0,300.0,75.94654788418708,1734.7968008045898,0.6135573835521293,0.5695839936379343,0.8351463970029723,1.1029520776355637,2.909365220583678,3.9160974003607407,3.522922604135808,4.6286864002468056,0.6135573835521293,0.8351463970029723,/home/aaa/data/qj/stable-baselines3-master/risk_curriculum_metadrive/outputs/gated_risk_proposed_nenv16_seed1_1m/runs/proposed_gated_risk_ppo_s1/config.json,/home/aaa/data/qj/stable-baselines3-master/risk_curriculum_metadrive/outputs/gated_risk_proposed_nenv16_seed1_1m/runs/proposed_gated_risk_ppo_s1/model/final_model.zip,results/ijmlc_control/raw_csv/p1_d015_core_parallel2_20260701_1648_gated_risk_s1_episodes.csv
gated_risk,refinement,proposed_gated_risk,ppo,1,0.15,10000,10017,17,0.0,0.0,0.5195300079385203,0.0,0.0,0.0,0.0,1500.0,379.9385290919413,10.761800516389464,9.933901939739847,8.61715756212421,0.571389907429,0.1493333333333333,0.0,519530.00793852034,410.3508587242145,147.81213539710248,5.149385120921608,0.0364522058159381,0.0,739.0,196.0,33.0,510.0,49.266666666666666,1800.8979006344946,0.7189129887750217,0.6777779999538325,1.0304027375241274,1.3547270107665097,11.930561887430182,22.25518234190531,12.649474876205204,23.170952451619087,0.7189129887750217,1.0304027375241274,/home/aaa/data/qj/stable-baselines3-master/risk_curriculum_metadrive/outputs/gated_risk_proposed_nenv16_seed1_1m/runs/proposed_gated_risk_ppo_s1/config.json,/home/aaa/data/qj/stable-baselines3-master/risk_curriculum_metadrive/outputs/gated_risk_proposed_nenv16_seed1_1m/runs/proposed_gated_risk_ppo_s1/model/final_model.zip,results/ijmlc_control/raw_csv/p1_d015_core_parallel2_20260701_1648_gated_risk_s1_episodes.csv
gated_risk,refinement,proposed_gated_risk,ppo,1,0.15,10000,10018,18,1.0,0.0,0.9904745699405352,0.0,0.0,0.0,0.0,992.0,422.6889321245832,241.5672008353553,15.54351718945166,18.19947734953047,4.606913760388916,0.03125,0.0,990474.5699405352,427.3656317144025,67.54471819490158,3.06293464407951,0.0163714558812524,0.0376811594202898,668.0,44.0,18.0,606.0,67.33870967741935,1563.0643889642658,0.8150403398230405,0.7755850019748323,1.0898304957663638,1.6022279042226732,6.622460655351812,9.532923002552709,7.437500995174853,10.376180204912089,0.8150403398230405,1.0898304957663638,/home/aaa/data/qj/stable-baselines3-master/risk_curriculum_metadrive/outputs/gated_risk_proposed_nenv16_seed1_1m/runs/proposed_gated_risk_ppo_s1/config.json,/home/aaa/data/qj/stable-baselines3-master/risk_curriculum_metadrive/outputs/gated_risk_proposed_nenv16_seed1_1m/runs/proposed_gated_risk_ppo_s1/model/final_model.zip,results/ijmlc_control/raw_csv/p1_d015_core_parallel2_20260701_1648_gated_risk_s1_episodes.csv
gated_risk,refinement,proposed_gated_risk,ppo,1,0.15,10000,10019,19,1.0,0.0,0.9929710644991148,0.0,0.0,0.0,0.0,1393.0,674.8683504904562,384.7450167577333,17.634733434348682,18.395166495097737,16.838250232996252,0.009332376166547,0.0,992971.0644991148,681.7376404156626,19.00762391896202,4.89068411910529,0.0055876949786893,0.0059171597633136,1119.0,28.0,8.0,1083.0,80.33022254127782,1641.3938935772037,0.6744990879992372,0.6287610012805089,0.9456958010559902,1.2916454090736784,5.904379677044095,12.139130407012996,6.578878765043332,12.843167211394755,0.6744990879992372,0.9456958010559902,/home/aaa/data/qj/stable-baselines3-master/risk_curriculum_metadrive/outputs/gated_risk_proposed_nenv16_seed1_1m/runs/proposed_gated_risk_ppo_s1/config.json,/home/aaa/data/qj/stable-baselines3-master/risk_curriculum_metadrive/outputs/gated_risk_proposed_nenv16_seed1_1m/runs/proposed_gated_risk_ppo_s1/model/final_model.zip,results/ijmlc_control/raw_csv/p1_d015_core_parallel2_20260701_1648_gated_risk_s1_episodes.csv
gated_risk,refinement,proposed_gated_risk,ppo,1,0.15,20000,20000,0,1.0,0.0,0.9862312394104584,0.0,0.0,0.0,0.0,734.0,347.0524759235431,220.19564292238292,17.094317240388083,18.29251333821844,13.32296149801924,0.0136239782016348,0.0,986231.2394104586,347.9512265877372,28.53392478780449,1.8504192744705676,0.0159045814695786,0.0939597315436241,540.0,15.0,14.0,511.0,73.56948228882834,1551.9416479592062,0.6353015707016222,0.5895380018046126,0.8825915967463516,1.3024434179533215,3.119112860517829,4.25098845444154,3.754414431219451,4.946028594713426,0.6353015707016222,0.8825915967463516,/home/aaa/data/qj/stable-baselines3-master/risk_curriculum_metadrive/outputs/gated_risk_proposed_nenv16_seed1_1m/runs/proposed_gated_risk_ppo_s1/config.json,/home/aaa/data/qj/stable-baselines3-master/risk_curriculum_metadrive/outputs/gated_risk_proposed_nenv16_seed1_1m/runs/proposed_gated_risk_ppo_s1/model/final_model.zip,results/ijmlc_control/raw_csv/p1_d015_core_parallel2_20260701_1648_gated_risk_s1_episodes.csv
gated_risk,refinement,proposed_gated_risk,ppo,1,0.15,20000,20001,1,1.0,0.0,0.989946443156089,0.0,0.0,0.0,0.0,1103.0,463.0569226411616,255.0895528021156,16.644467987549827,18.260259332691884,10.531252740464293,0.0163191296464188,0.0,989946.443156089,509.2779545162975,52.322630645838885,3.544205724486971,0.0057754169979162,0.0055555555555555,797.0,47.0,3.0,747.0,72.25747960108794,1564.9607310353251,0.5967849110914284,0.5552260117838159,0.8350272095412946,1.0326955511118288,3.043987123555409,4.752877111604903,3.6407720346468375,5.413193897402379,0.5967849110914284,0.8350272095412946,/home/aaa/data/qj/stable-baselines3-master/risk_curriculum_metadrive/outputs/gated_risk_proposed_nenv16_seed1_1m/runs/proposed_gated_risk_ppo_s1/config.json,/home/aaa/data/qj/stable-baselines3-master/risk_curriculum_metadrive/outputs/gated_risk_proposed_nenv16_seed1_1m/runs/proposed_gated_risk_ppo_s1/model/final_model.zip,results/ijmlc_control/raw_csv/p1_d015_core_parallel2_20260701_1648_gated_risk_s1_episodes.csv
gated_risk,refinement,proposed_gated_risk,ppo,1,0.15,20000,20002,2,1.0,0.0,0.9890156513687706,0.0,0.0,0.0,0.0,1147.0,485.1235327944845,274.9404335653074,15.467268270106365,18.157560004573348,6.970394832096635,0.012205754141238,0.0,989015.6513687706,491.9759137720287,36.07616430207279,4.451429549342921,0.011542827899442,0.0046403712296983,741.0,67.0,11.0,663.0,64.60331299040976,1506.17129671792,0.5983392449925875,0.5526479944819584,0.8547417004592718,1.106248624564614,4.604895327064337,10.549070597335232,5.203234572056925,11.357216798933225,0.5983392449925875,0.8547417004592718,/home/aaa/data/qj/stable-baselines3-master/risk_curriculum_metadrive/outputs/gated_risk_proposed_nenv16_seed1_1m/runs/proposed_gated_risk_ppo_s1/config.json,/home/aaa/data/qj/stable-baselines3-master/risk_curriculum_metadrive/outputs/gated_risk_proposed_nenv16_seed1_1m/runs/proposed_gated_risk_ppo_s1/model/final_model.zip,results/ijmlc_control/raw_csv/p1_d015_core_parallel2_20260701_1648_gated_risk_s1_episodes.csv
gated_risk,refinement,proposed_gated_risk,ppo,1,0.15,20000,20003,3,0.0,0.0,0.7210857651221245,0.0,0.0,0.0,0.0,1500.0,449.7502076902453,106.89703631998042,11.799922659684308,12.122268715079468,2.880550078982113,0.0353333333333333,0.0,721085.7651221246,490.4917159431952,55.249742610289246,4.139896768386846,0.0180423760235421,0.0019065776930409,637.0,206.0,11.0,420.0,42.46666666666667,1298.6967553062043,0.6499040013683649,0.5907035010750405,0.9001185462693684,1.2020034802844746,7.79896652623817,11.783308762096569,8.448870527606536,12.450876251386944,0.6499040013683649,0.9001185462693684,/home/aaa/data/qj/stable-baselines3-master/risk_curriculum_metadrive/outputs/gated_risk_proposed_nenv16_seed1_1m/runs/proposed_gated_risk_ppo_s1/config.json,/home/aaa/data/qj/stable-baselines3-master/risk_curriculum_metadrive/outputs/gated_risk_proposed_nenv16_seed1_1m/runs/proposed_gated_risk_ppo_s1/model/final_model.zip,results/ijmlc_control/raw_csv/p1_d015_core_parallel2_20260701_1648_gated_risk_s1_episodes.csv
gated_risk,refinement,proposed_gated_risk,ppo,1,0.15,20000,20004,4,1.0,0.0,0.9906798749135944,0.0,0.0,0.0,0.0,1050.0,516.0483026688248,289.8963455867679,17.23690665781765,18.35758837780968,15.078484929172916,0.019047619047619,0.0,990679.8749135946,502.1292302488338,40.059799117444,0.920570150782727,0.0181647020299955,0.1089743589743589,841.0,9.0,23.0,809.0,80.0952380952381,1674.8676423064164,0.5667481133076806,0.5263630009721965,0.8332315497682429,1.055894831661135,2.591577045733131,4.112779945717193,3.158325159040812,4.762824496719986,0.5667481133076806,0.8332315497682429,/home/aaa/data/qj/stable-baselines3-master/risk_curriculum_metadrive/outputs/gated_risk_proposed_nenv16_seed1_1m/runs/proposed_gated_risk_ppo_s1/config.json,/home/aaa/data/qj/stable-baselines3-master/risk_curriculum_metadrive/outputs/gated_risk_proposed_nenv16_seed1_1m/runs/proposed_gated_risk_ppo_s1/model/final_model.zip,results/ijmlc_control/raw_csv/p1_d015_core_parallel2_20260701_1648_gated_risk_s1_episodes.csv
gated_risk,refinement,proposed_gated_risk,ppo,1,0.15,20000,20005,5,1.0,0.0,0.9929539665387525,0.0,0.0,0.0,0.0,1295.0,574.7821419458851,322.13473266948006,16.110834220301268,18.098207565849226,10.235011618096111,0.0,0.0,992953.9665387524,578.8842011555128,22.623902016096896,3.883496771482484,0.0090929614355102,0.0015748031496062,809.0,99.0,4.0,706.0,62.47104247104247,1397.5161152872238,0.6496703490533086,0.5991959915263578,0.8965391927631572,1.3199705438455542,5.557492055366549,8.441226900322363,6.207162404419858,9.1107807966182,0.6496703490533086,0.8965391927631572,/home/aaa/data/qj/stable-baselines3-master/risk_curriculum_metadrive/outputs/gated_risk_proposed_nenv16_seed1_1m/runs/proposed_gated_risk_ppo_s1/config.json,/home/aaa/data/qj/stable-baselines3-master/risk_curriculum_metadrive/outputs/gated_risk_proposed_nenv16_seed1_1m/runs/proposed_gated_risk_ppo_s1/model/final_model.zip,results/ijmlc_control/raw_csv/p1_d015_core_parallel2_20260701_1648_gated_risk_s1_episodes.csv
gated_risk,refinement,proposed_gated_risk,ppo,1,0.15,20000,20006,6,0.0,1.0,0.6859248682356487,1.0,1.0,0.0,0.0,815.0,381.6994455470128,86.00459807651629,17.504724335383184,18.322248039192864,15.728798217189292,0.0012269938650306,0.0,0.6859248682356487,395.8639671999324,18.80111949584633,3.439068083598293,0.0046021942210946,0.018348623853211,631.0,18.0,3.0,610.0,77.42331288343559,1593.9819035899052,0.6430389640454283,0.6051119999028742,0.9108930069487542,1.4720135022071217,3.5922496001617525,4.879960398830007,4.235288564207181,5.600454799423459,0.6430389640454283,0.9108930069487542,/home/aaa/data/qj/stable-baselines3-master/risk_curriculum_metadrive/outputs/gated_risk_proposed_nenv16_seed1_1m/runs/proposed_gated_risk_ppo_s1/config.json,/home/aaa/data/qj/stable-baselines3-master/risk_curriculum_metadrive/outputs/gated_risk_proposed_nenv16_seed1_1m/runs/proposed_gated_risk_ppo_s1/model/final_model.zip,results/ijmlc_control/raw_csv/p1_d015_core_parallel2_20260701_1648_gated_risk_s1_episodes.csv
gated_risk,refinement,proposed_gated_risk,ppo,1,0.15,20000,20007,7,0.0,1.0,0.6101194686236904,1.0,1.0,0.0,0.0,714.0,226.2369769649457,-37.12864796275326,13.588613587390212,18.11646947581252,0.01331686530502,0.2072829131652661,0.0,0.6101194686236904,268.8582627905762,9.06097983647332,0.0888555744857908,0.1341870554761526,0.4492753623188406,562.0,35.0,123.0,404.0,78.71148459383754,2090.3207294683853,0.6100904929680888,0.5764029992860742,0.8624229463748634,1.0924127943872008,2.853564376604002,3.854861150466605,3.4636548695720912,4.567283658252564,0.6100904929680888,0.8624229463748634,/home/aaa/data/qj/stable-baselines3-master/risk_curriculum_metadrive/outputs/gated_risk_proposed_nenv16_seed1_1m/runs/proposed_gated_risk_ppo_s1/config.json,/home/aaa/data/qj/stable-baselines3-master/risk_curriculum_metadrive/outputs/gated_risk_proposed_nenv16_seed1_1m/runs/proposed_gated_risk_ppo_s1/model/final_model.zip,results/ijmlc_control/raw_csv/p1_d015_core_parallel2_20260701_1648_gated_risk_s1_episodes.csv
gated_risk,refinement,proposed_gated_risk,ppo,1,0.15,20000,20008,8,0.0,0.0,0.99315123451896,0.0,0.0,0.0,0.0,1500.0,638.7149276803251,283.9140172849169,16.17887744671519,18.20466585948334,9.220220922070384,0.016,0.0,993151.23451896,673.3336187077914,30.835755319541168,1.693190685446959,0.0180093678057662,0.0482374768089053,1030.0,72.0,28.0,930.0,68.66666666666667,1529.7023219733103,0.6256532669358421,0.5749264964833856,0.8676340468809939,1.2265292533265892,4.832784562614203,6.860627143032616,5.4584378295500455,7.522226295259315,0.6256532669358421,0.8676340468809939,/home/aaa/data/qj/stable-baselines3-master/risk_curriculum_metadrive/outputs/gated_risk_proposed_nenv16_seed1_1m/runs/proposed_gated_risk_ppo_s1/config.json,/home/aaa/data/qj/stable-baselines3-master/risk_curriculum_metadrive/outputs/gated_risk_proposed_nenv16_seed1_1m/runs/proposed_gated_risk_ppo_s1/model/final_model.zip,results/ijmlc_control/raw_csv/p1_d015_core_parallel2_20260701_1648_gated_risk_s1_episodes.csv
gated_risk,refinement,proposed_gated_risk,ppo,1,0.15,20000,20009,9,1.0,0.0,0.987871448708622,0.0,0.0,0.0,0.0,980.0,399.75913302129663,144.75605118201346,14.803935073357144,18.15150286753821,1.8825450711581424,0.0908163265306122,0.0,987871.448708622,402.2032270475881,14.791907461392462,0.6757292630404842,0.0768858079011739,0.5066666666666667,685.0,10.0,101.0,574.0,69.89795918367348,1703.11910480756,0.6730897656501726,0.6394944939529523,0.9671413456089788,1.438459236378551,4.006375384006806,6.080161502904957,4.679465149656979,6.7993220007338095,0.6730897656501726,0.9671413456089788,/home/aaa/data/qj/stable-baselines3-master/risk_curriculum_metadrive/outputs/gated_risk_proposed_nenv16_seed1_1m/runs/proposed_gated_risk_ppo_s1/config.json,/home/aaa/data/qj/stable-baselines3-master/risk_curriculum_metadrive/outputs/gated_risk_proposed_nenv16_seed1_1m/runs/proposed_gated_risk_ppo_s1/model/final_model.zip,results/ijmlc_control/raw_csv/p1_d015_core_parallel2_20260701_1648_gated_risk_s1_episodes.csv
gated_risk,refinement,proposed_gated_risk,ppo,1,0.15,20000,20010,10,1.0,0.0,0.9896597027843994,0.0,0.0,0.0,0.0,895.0,465.3346479535799,305.72968123437295,17.952828331951277,18.4110159956874,17.924530822514775,0.0067039106145251,0.0,989659.7027843996,445.8803603464875,4.396857098688059,3.4082075927203537,0.0056634211555396,0.875,758.0,0.0,8.0,750.0,84.6927374301676,1700.0075971297963,0.5575550313454964,0.51852100295946,0.8217149006668477,0.9919909585732952,2.150843767631362,3.440664103254676,2.7083987989768583,4.1896459966665125,0.5575550313454964,0.8217149006668477,/home/aaa/data/qj/stable-baselines3-master/risk_curriculum_metadrive/outputs/gated_risk_proposed_nenv16_seed1_1m/runs/proposed_gated_risk_ppo_s1/config.json,/home/aaa/data/qj/stable-baselines3-master/risk_curriculum_metadrive/outputs/gated_risk_proposed_nenv16_seed1_1m/runs/proposed_gated_risk_ppo_s1/model/final_model.zip,results/ijmlc_control/raw_csv/p1_d015_core_parallel2_20260701_1648_gated_risk_s1_episodes.csv
gated_risk,refinement,proposed_gated_risk,ppo,1,0.15,20000,20011,11,1.0,0.0,0.9917098176755968,0.0,0.0,0.0,0.0,1217.0,554.3363426031806,301.14831892065274,16.329529093181424,18.35161721509209,4.037942421111548,0.0887428101889893,0.0,991709.8176755968,551.4949166670191,10.438710064503338,0.070077744226463,0.0722499201622046,0.7333333333333333,1026.0,1.0,110.0,915.0,84.30566967953985,1860.3979275106844,0.6538836032146628,0.5960270063951612,0.9052489942405372,1.312635124777443,5.521559417622751,7.453373997122981,6.175443020837413,8.156829202198425,0.6538836032146628,0.9052489942405372,/home/aaa/data/qj/stable-baselines3-master/risk_curriculum_metadrive/outputs/gated_risk_proposed_nenv16_seed1_1m/runs/proposed_gated_risk_ppo_s1/config.json,/home/aaa/data/qj/stable-baselines3-master/risk_curriculum_metadrive/outputs/gated_risk_proposed_nenv16_seed1_1m/runs/proposed_gated_risk_ppo_s1/model/final_model.zip,results/ijmlc_control/raw_csv/p1_d015_core_parallel2_20260701_1648_gated_risk_s1_episodes.csv
gated_risk,refinement,proposed_gated_risk,ppo,1,0.15,20000,20012,12,1.0,0.0,0.9914765526903172,0.0,0.0,0.0,0.0,1121.0,525.1657564269034,300.11951671419376,16.71476224691364,18.27162638141912,12.122419549872877,0.0276538804638715,0.0,991476.5526903174,519.8442294713983,32.4529858514709,1.9079779670468855,0.0262771570363073,0.1567796610169491,825.0,33.0,37.0,755.0,73.5950044603033,1587.0138653628958,0.6342545315611029,0.6018220010446385,0.9574209980200976,1.2962621985934673,2.9571291856716133,4.74299699999392,3.5913837172327163,5.429466997156851,0.6342545315611029,0.9574209980200976,/home/aaa/data/qj/stable-baselines3-master/risk_curriculum_metadrive/outputs/gated_risk_proposed_nenv16_seed1_1m/runs/proposed_gated_risk_ppo_s1/config.json,/home/aaa/data/qj/stable-baselines3-master/risk_curriculum_metadrive/outputs/gated_risk_proposed_nenv16_seed1_1m/runs/proposed_gated_risk_ppo_s1/model/final_model.zip,results/ijmlc_control/raw_csv/p1_d015_core_parallel2_20260701_1648_gated_risk_s1_episodes.csv
gated_risk,refinement,proposed_gated_risk,ppo,1,0.15,20000,20013,13,0.0,1.0,0.7973063047473752,1.0,1.0,0.0,0.0,1464.0,488.5163901331055,-11.77378078049297,13.305584131074047,18.08280552516732,0.9674285784098516,0.1051912568306011,0.0,0.7973063047473752,539.4680156866283,93.24495686099236,2.1485085037168417,0.0277764000017534,0.0222717149220489,932.0,96.0,44.0,792.0,63.66120218579236,1727.6279091611425,0.712161151086498,0.6715979980072007,1.012236940732691,1.393716548045628,7.693973080468361,11.43598959315568,8.406134231554859,12.147010451735696,0.712161151086498,1.012236940732691,/home/aaa/data/qj/stable-baselines3-master/risk_curriculum_metadrive/outputs/gated_risk_proposed_nenv16_seed1_1m/runs/proposed_gated_risk_ppo_s1/config.json,/home/aaa/data/qj/stable-baselines3-master/risk_curriculum_metadrive/outputs/gated_risk_proposed_nenv16_seed1_1m/runs/proposed_gated_risk_ppo_s1/model/final_model.zip,results/ijmlc_control/raw_csv/p1_d015_core_parallel2_20260701_1648_gated_risk_s1_episodes.csv
gated_risk,refinement,proposed_gated_risk,ppo,1,0.15,20000,20014,14,1.0,0.0,0.991304875732122,0.0,0.0,0.0,0.0,1086.0,543.8061372733079,346.1925727095094,17.8510613752855,18.35532410179033,17.176328058177567,0.0009208103130755,0.0,991304.875732122,538.0687882353977,62.50891798504718,8.56617924711145,0.0017162101028054,0.0,873.0,24.0,0.0,849.0,80.38674033149171,1622.4691323631923,0.6540402689832692,0.5774804958491586,0.9934939953382128,1.941140650160379,3.509874507969436,5.232027502643177,4.163914776952705,6.040362000931054,0.6540402689832692,0.9934939953382128,/home/aaa/data/qj/stable-baselines3-master/risk_curriculum_metadrive/outputs/gated_risk_proposed_nenv16_seed1_1m/runs/proposed_gated_risk_ppo_s1/config.json,/home/aaa/data/qj/stable-baselines3-master/risk_curriculum_metadrive/outputs/gated_risk_proposed_nenv16_seed1_1m/runs/proposed_gated_risk_ppo_s1/model/final_model.zip,results/ijmlc_control/raw_csv/p1_d015_core_parallel2_20260701_1648_gated_risk_s1_episodes.csv
gated_risk,refinement,proposed_gated_risk,ppo,1,0.15,20000,20015,15,0.0,1.0,0.4022611530894772,1.0,1.0,0.0,0.0,624.0,210.6406718675128,-37.88510239385511,13.795274315975254,18.18776151529203,0.6900259875830809,0.1201923076923077,0.0,0.4022611530894772,237.7658864097869,22.407722012368936,1.8161498714963364,0.023892704138377,0.0615384615384615,424.0,41.0,9.0,374.0,67.94871794871796,1783.2667520236298,0.6638795625221041,0.6025674956617877,0.9753359910973814,1.879580761451504,3.2120785481077827,4.514298245339889,3.875958110629887,5.377697840594919,0.6638795625221041,0.9753359910973814,/home/aaa/data/qj/stable-baselines3-master/risk_curriculum_metadrive/outputs/gated_risk_proposed_nenv16_seed1_1m/runs/proposed_gated_risk_ppo_s1/config.json,/home/aaa/data/qj/stable-baselines3-master/risk_curriculum_metadrive/outputs/gated_risk_proposed_nenv16_seed1_1m/runs/proposed_gated_risk_ppo_s1/model/final_model.zip,results/ijmlc_control/raw_csv/p1_d015_core_parallel2_20260701_1648_gated_risk_s1_episodes.csv
gated_risk,refinement,proposed_gated_risk,ppo,1,0.15,20000,20016,16,0.0,0.0,0.6659486374164946,0.0,0.0,0.0,0.0,1500.0,463.2898875911181,134.70938882661616,11.506153013688971,12.876386626964097,1.5670440965756245,0.0653333333333333,0.0,665948.6374164945,477.8134697641076,96.94733700123082,5.370914457857964,0.0169826614343047,0.0,726.0,173.0,2.0,551.0,48.4,1519.4213766272012,0.6939776019620089,0.6310679964371957,1.017072945978725,1.4594740133907178,6.538304422196234,9.53423060418572,7.232282024158242,10.344082855590386,0.6939776019620089,1.017072945978725,/home/aaa/data/qj/stable-baselines3-master/risk_curriculum_metadrive/outputs/gated_risk_proposed_nenv16_seed1_1m/runs/proposed_gated_risk_ppo_s1/config.json,/home/aaa/data/qj/stable-baselines3-master/risk_curriculum_metadrive/outputs/gated_risk_proposed_nenv16_seed1_1m/runs/proposed_gated_risk_ppo_s1/model/final_model.zip,results/ijmlc_control/raw_csv/p1_d015_core_parallel2_20260701_1648_gated_risk_s1_episodes.csv
gated_risk,refinement,proposed_gated_risk,ppo,1,0.15,20000,20017,17,1.0,0.0,0.9934379454757256,0.0,0.0,0.0,0.0,1254.0,612.3003076575512,347.8088770639934,17.677702810153253,18.37411624056232,17.03136524281635,0.0047846889952153,0.0,993437.9454757258,615.2276301776524,28.752320581979127,1.8336765446684236,0.0079357265585338,0.0291666666666666,996.0,11.0,14.0,971.0,79.42583732057416,1618.9129862590798,0.6746075600024537,0.6186099999467842,1.014415750250918,1.4135510651976824,4.439650656469018,6.365572701179188,5.114258216471471,7.109194847726029,0.6746075600024537,1.014415750250918,/home/aaa/data/qj/stable-baselines3-master/risk_curriculum_metadrive/outputs/gated_risk_proposed_nenv16_seed1_1m/runs/proposed_gated_risk_ppo_s1/config.json,/home/aaa/data/qj/stable-baselines3-master/risk_curriculum_metadrive/outputs/gated_risk_proposed_nenv16_seed1_1m/runs/proposed_gated_risk_ppo_s1/model/final_model.zip,results/ijmlc_control/raw_csv/p1_d015_core_parallel2_20260701_1648_gated_risk_s1_episodes.csv
gated_risk,refinement,proposed_gated_risk,ppo,1,0.15,20000,20018,18,0.0,0.0,0.7334675010599543,0.0,0.0,0.0,0.0,1500.0,554.7684873903385,207.0153532829881,13.8199629313867,17.97143259293624,3.337273443819786,0.0226666666666666,0.0,733467.5010599543,574.590583014328,36.49040262665069,6.128625987062957,0.0125634360720843,0.0,854.0,136.0,3.0,715.0,56.93333333333334,1486.2756634817747,0.6815368780711045,0.5998534979880787,1.011927503714105,1.8632073717890307,10.18258186140641,17.85627645149361,10.864118739477512,18.535212037386373,0.6815368780711045,1.011927503714105,/home/aaa/data/qj/stable-baselines3-master/risk_curriculum_metadrive/outputs/gated_risk_proposed_nenv16_seed1_1m/runs/proposed_gated_risk_ppo_s1/config.json,/home/aaa/data/qj/stable-baselines3-master/risk_curriculum_metadrive/outputs/gated_risk_proposed_nenv16_seed1_1m/runs/proposed_gated_risk_ppo_s1/model/final_model.zip,results/ijmlc_control/raw_csv/p1_d015_core_parallel2_20260701_1648_gated_risk_s1_episodes.csv
gated_risk,refinement,proposed_gated_risk,ppo,1,0.15,20000,20019,19,1.0,0.0,0.9910919629010974,0.0,0.0,0.0,0.0,1120.0,554.6216937120973,343.9171727919103,17.925584360740938,18.394160252205623,17.90754642660636,0.0044642857142857,0.0,991091.9629010974,557.1893617351698,29.52559916544976,4.719581346179105,0.0032080588136689,0.0086206896551724,934.0,10.0,4.0,920.0,83.39285714285715,1676.2703384920817,0.5139992508572634,0.4673135044868104,0.7838846089725847,1.577900581178255,4.3219266883560135,7.468614195386181,4.8359259392132765,8.110263565322384,0.5139992508572634,0.7838846089725847,/home/aaa/data/qj/stable-baselines3-master/risk_curriculum_metadrive/outputs/gated_risk_proposed_nenv16_seed1_1m/runs/proposed_gated_risk_ppo_s1/config.json,/home/aaa/data/qj/stable-baselines3-master/risk_curriculum_metadrive/outputs/gated_risk_proposed_nenv16_seed1_1m/runs/proposed_gated_risk_ppo_s1/model/final_model.zip,results/ijmlc_control/raw_csv/p1_d015_core_parallel2_20260701_1648_gated_risk_s1_episodes.csv
gated_risk,refinement,proposed_gated_risk,ppo,2,0.15,10000,10000,0,0.0,1.0,0.3861271916975376,1.0,1.0,0.0,0.0,430.0,146.91601269400837,-83.28677682371867,16.8063078439981,18.32654828951064,10.62307595413109,0.0186046511627906,0.0,0.3861271916975376,200.40254551241705,22.240358958831017,0.886801401498803,0.0291372370363615,0.2121212121212121,334.0,5.0,14.0,315.0,77.67441860465117,1666.645496672622,1.7869573532871708,0.8789194980636239,3.8753770983021214,5.99386693938867,11.000681523677654,23.38976475584786,12.787638876964824,26.28840349207165,1.7869573532871708,3.8753770983021214,/home/aaa/data/qj/stable-baselines3-master/risk_curriculum_metadrive/outputs/gated_risk_proposed_nenv16_seed2_1m/runs/proposed_gated_risk_ppo_s2/config.json,/home/aaa/data/qj/stable-baselines3-master/risk_curriculum_metadrive/outputs/gated_risk_proposed_nenv16_seed2_1m/runs/proposed_gated_risk_ppo_s2/model/final_model.zip,results/ijmlc_control/raw_csv/p1_d015_core_parallel2_20260701_1648_gated_risk_s2_episodes.csv
gated_risk,refinement,proposed_gated_risk,ppo,2,0.15,10000,10001,1,1.0,0.0,0.99094530460372,0.0,0.0,0.0,0.0,1031.0,417.1123622426151,209.96529258708853,17.790075487869565,18.40507747787679,17.892121515487386,0.0038797284190106,0.0,990945.3046037202,508.98582231706354,113.19350994764434,5.022735601246267,0.0025360262686823,0.0,851.0,11.0,3.0,837.0,82.54122211445198,1671.952267994382,1.1371479931847075,0.9352710039820522,2.192252497479785,5.157106500701056,7.3297716876963666,12.989242997718977,8.466919680881073,14.707431000715587,1.1371479931847075,2.192252497479785,/home/aaa/data/qj/stable-baselines3-master/risk_curriculum_metadrive/outputs/gated_risk_proposed_nenv16_seed2_1m/runs/proposed_gated_risk_ppo_s2/config.json,/home/aaa/data/qj/stable-baselines3-master/risk_curriculum_metadrive/outputs/gated_risk_proposed_nenv16_seed2_1m/runs/proposed_gated_risk_ppo_s2/model/final_model.zip,results/ijmlc_control/raw_csv/p1_d015_core_parallel2_20260701_1648_gated_risk_s2_episodes.csv
gated_risk,refinement,proposed_gated_risk,ppo,2,0.15,10000,10002,2,0.0,1.0,0.6198960646013392,1.0,1.0,0.0,0.0,1086.0,269.40545041551445,-97.67557191923116,11.448964610421664,17.893865382072583,1.1061108823025436,0.083793738489871,0.0,0.6198960646013392,343.8991975472349,52.99671255477037,2.805615117874677,0.0229697066622864,0.0105263157894736,600.0,103.0,8.0,489.0,55.24861878453039,1744.6972958335832,1.452417032033999,0.9587799941073172,4.970071000570897,6.089897101628599,22.27908475039905,41.64307274550083,23.73150178243305,43.606882256426616,1.452417032033999,4.970071000570897,/home/aaa/data/qj/stable-baselines3-master/risk_curriculum_metadrive/outputs/gated_risk_proposed_nenv16_seed2_1m/runs/proposed_gated_risk_ppo_s2/config.json,/home/aaa/data/qj/stable-baselines3-master/risk_curriculum_metadrive/outputs/gated_risk_proposed_nenv16_seed2_1m/runs/proposed_gated_risk_ppo_s2/model/final_model.zip,results/ijmlc_control/raw_csv/p1_d015_core_parallel2_20260701_1648_gated_risk_s2_episodes.csv
gated_risk,refinement,proposed_gated_risk,ppo,2,0.15,10000,10003,3,1.0,0.0,0.989899309657118,0.0,0.0,0.0,0.0,1046.0,401.2833055815609,210.61191993284737,16.060906704099388,18.171911078038683,9.127604351645871,0.0,0.0,989899.309657118,465.878773877825,57.426201179609606,7.887527959697973,0.0066385506474185,0.0,679.0,63.0,0.0,616.0,64.91395793499044,1457.4606916477917,1.103427312699686,0.9408205005456692,2.2446914917964023,3.3141767060442358,6.263454121614968,11.60473649360938,7.366881434314655,12.829430736019276,1.103427312699686,2.2446914917964023,/home/aaa/data/qj/stable-baselines3-master/risk_curriculum_metadrive/outputs/gated_risk_proposed_nenv16_seed2_1m/runs/proposed_gated_risk_ppo_s2/config.json,/home/aaa/data/qj/stable-baselines3-master/risk_curriculum_metadrive/outputs/gated_risk_proposed_nenv16_seed2_1m/runs/proposed_gated_risk_ppo_s2/model/final_model.zip,results/ijmlc_control/raw_csv/p1_d015_core_parallel2_20260701_1648_gated_risk_s2_episodes.csv
gated_risk,refinement,proposed_gated_risk,ppo,2,0.15,10000,10004,4,1.0,0.0,0.9911060001104542,0.0,0.0,0.0,0.0,1446.0,491.8696979074174,192.12947960480503,14.095642229497209,18.04149208504714,3.70422859953319,0.0193637621023513,0.0,991106.0001104544,565.0222737215878,98.5794941668284,4.053941855362711,0.0098368548228282,0.0032786885245901,848.0,99.0,3.0,746.0,58.64453665283541,1500.8257894233889,1.0881155132041358,0.9461230001761578,1.7294302488153337,4.885227246995782,14.053244315368609,23.25294849288184,15.141359828572744,24.724914004764287,1.0881155132041358,1.7294302488153337,/home/aaa/data/qj/stable-baselines3-master/risk_curriculum_metadrive/outputs/gated_risk_proposed_nenv16_seed2_1m/runs/proposed_gated_risk_ppo_s2/config.json,/home/aaa/data/qj/stable-baselines3-master/risk_curriculum_metadrive/outputs/gated_risk_proposed_nenv16_seed2_1m/runs/proposed_gated_risk_ppo_s2/model/final_model.zip,results/ijmlc_control/raw_csv/p1_d015_core_parallel2_20260701_1648_gated_risk_s2_episodes.csv
gated_risk,refinement,proposed_gated_risk,ppo,2,0.15,10000,10005,5,1.0,0.0,0.99046487167628,0.0,0.0,0.0,0.0,1034.0,395.4131100638159,174.94808522949126,17.05639274897172,18.390442465595807,14.065172624962678,0.0386847195357833,0.0,990464.87167628,489.3561178309725,27.28935632725149,1.048452865526745,0.0231816165905475,0.1209677419354838,849.0,22.0,31.0,796.0,82.1083172147002,1734.9328414715997,1.0295876699005078,0.9488700015936048,1.4959062995330892,2.586293167987603,6.906888519490441,11.092280950833809,7.936476189390949,12.229998703696763,1.0295876699005078,1.4959062995330892,/home/aaa/data/qj/stable-baselines3-master/risk_curriculum_metadrive/outputs/gated_risk_proposed_nenv16_seed2_1m/runs/proposed_gated_risk_ppo_s2/config.json,/home/aaa/data/qj/stable-baselines3-master/risk_curriculum_metadrive/outputs/gated_risk_proposed_nenv16_seed2_1m/runs/proposed_gated_risk_ppo_s2/model/final_model.zip,results/ijmlc_control/raw_csv/p1_d015_core_parallel2_20260701_1648_gated_risk_s2_episodes.csv
gated_risk,refinement,proposed_gated_risk,ppo,2,0.15,10000,10006,6,1.0,0.0,0.9923117669537584,0.0,0.0,0.0,0.0,1352.0,531.3885860502647,252.38099589348812,16.602200461698164,18.292698875618527,9.726028131783304,0.0029585798816568,0.0,992311.7669537584,622.7823860671823,23.624496600195258,1.9194152318758548,0.0073969447751444,0.0239361702127659,977.0,49.0,9.0,919.0,72.26331360946746,1568.7662686956703,0.979552555825584,0.9129240061156452,1.4648512515123004,2.3851768631720915,7.029152658466455,14.09142195698223,8.00870521429204,15.24086994395475,0.979552555825584,1.4648512515123004,/home/aaa/data/qj/stable-baselines3-master/risk_curriculum_metadrive/outputs/gated_risk_proposed_nenv16_seed2_1m/runs/proposed_gated_risk_ppo_s2/config.json,/home/aaa/data/qj/stable-baselines3-master/risk_curriculum_metadrive/outputs/gated_risk_proposed_nenv16_seed2_1m/runs/proposed_gated_risk_ppo_s2/model/final_model.zip,results/ijmlc_control/raw_csv/p1_d015_core_parallel2_20260701_1648_gated_risk_s2_episodes.csv
gated_risk,refinement,proposed_gated_risk,ppo,2,0.15,10000,10007,7,0.0,1.0,0.4667593805562122,1.0,1.0,0.0,0.0,1459.0,314.0811461139917,-133.83167450146644,9.550406326200935,8.911187349148914,2.2668447208140554,0.0418094585332419,0.0,0.4667593805562122,386.06990355337854,42.381764226627766,3.8023460467763033,0.0240795746142742,0.0015220700152207,472.0,259.0,7.0,206.0,32.350925291295404,1222.576522167936,0.9817529180664996,0.924292005947791,1.3842010041116728,1.9224182813195525,16.13278565594015,22.707292404084,17.114538574006648,23.74769791058497,0.9817529180664996,1.3842010041116728,/home/aaa/data/qj/stable-baselines3-master/risk_curriculum_metadrive/outputs/gated_risk_proposed_nenv16_seed2_1m/runs/proposed_gated_risk_ppo_s2/config.json,/home/aaa/data/qj/stable-baselines3-master/risk_curriculum_metadrive/outputs/gated_risk_proposed_nenv16_seed2_1m/runs/proposed_gated_risk_ppo_s2/model/final_model.zip,results/ijmlc_control/raw_csv/p1_d015_core_parallel2_20260701_1648_gated_risk_s2_episodes.csv
gated_risk,refinement,proposed_gated_risk,ppo,2,0.15,10000,10008,8,1.0,0.0,0.9910384247589716,0.0,0.0,0.0,0.0,1425.0,415.73109327656255,121.29570855540852,12.616765919371396,13.153429421907262,5.079578873334071,0.0512280701754385,0.0,991038.4247589716,498.1579594885425,35.130459631054435,0.0454325891165986,0.0488074418718264,0.054229934924078,701.0,153.0,75.0,473.0,49.19298245614035,1407.1841805352562,0.8566978295423548,0.8137889963109046,1.1610302055487407,1.518851595465094,6.726337971447624,10.407816994120369,7.583035800989979,11.314882594160734,0.8566978295423548,1.1610302055487407,/home/aaa/data/qj/stable-baselines3-master/risk_curriculum_metadrive/outputs/gated_risk_proposed_nenv16_seed2_1m/runs/proposed_gated_risk_ppo_s2/config.json,/home/aaa/data/qj/stable-baselines3-master/risk_curriculum_metadrive/outputs/gated_risk_proposed_nenv16_seed2_1m/runs/proposed_gated_risk_ppo_s2/model/final_model.zip,results/ijmlc_control/raw_csv/p1_d015_core_parallel2_20260701_1648_gated_risk_s2_episodes.csv
gated_risk,refinement,proposed_gated_risk,ppo,2,0.15,10000,10009,9,1.0,0.0,0.9896019378591971,0.0,0.0,0.0,0.0,969.0,378.1031137867449,160.6381636531267,17.28293471479489,18.396912133298184,16.779265249145162,0.0247678018575851,0.0,989601.9378591971,464.6896780841096,11.539238797769894,0.6618015898724255,0.0256635319563238,0.5957446808510638,797.0,1.0,31.0,765.0,82.24974200206398,1715.1230973883216,0.7713811063853797,0.7285249885171652,1.1908935935935003,1.731964069767853,3.045273815285053,4.839270998490973,3.8166549216704326,5.700181197607888,0.7713811063853797,1.1908935935935003,/home/aaa/data/qj/stable-baselines3-master/risk_curriculum_metadrive/outputs/gated_risk_proposed_nenv16_seed2_1m/runs/proposed_gated_risk_ppo_s2/config.json,/home/aaa/data/qj/stable-baselines3-master/risk_curriculum_metadrive/outputs/gated_risk_proposed_nenv16_seed2_1m/runs/proposed_gated_risk_ppo_s2/model/final_model.zip,results/ijmlc_control/raw_csv/p1_d015_core_parallel2_20260701_1648_gated_risk_s2_episodes.csv
gated_risk,refinement,proposed_gated_risk,ppo,2,0.15,10000,10010,10,1.0,0.0,0.992072719453222,0.0,0.0,0.0,0.0,1362.0,451.0891777102032,129.08282325399273,15.105948306695606,18.066167433186603,7.240297796070746,0.0102790014684287,0.0,992072.719453222,570.819478091304,58.77667882594162,4.9814850418231975,0.0092275273001641,0.0014265335235378,837.0,111.0,5.0,721.0,61.45374449339207,1466.3129625477145,0.8612733683292446,0.8188524952856824,1.1782513895013835,1.880667645891665,11.703234798028427,20.523888694879144,12.564508166357673,21.39194394039805,0.8612733683292446,1.1782513895013835,/home/aaa/data/qj/stable-baselines3-master/risk_curriculum_metadrive/outputs/gated_risk_proposed_nenv16_seed2_1m/runs/proposed_gated_risk_ppo_s2/config.json,/home/aaa/data/qj/stable-baselines3-master/risk_curriculum_metadrive/outputs/gated_risk_proposed_nenv16_seed2_1m/runs/proposed_gated_risk_ppo_s2/model/final_model.zip,results/ijmlc_control/raw_csv/p1_d015_core_parallel2_20260701_1648_gated_risk_s2_episodes.csv
gated_risk,refinement,proposed_gated_risk,ppo,2,0.15,10000,10011,11,0.0,0.0,0.8464603857503203,0.0,0.0,0.0,0.0,1500.0,418.06492844582414,77.11391105731177,12.205834533676793,12.359585024909904,4.156235687448777,0.026,0.0,846460.3857503204,506.7853415336487,33.15829388991685,3.849072711500829,0.015851945857973,0.0027985074626865,653.0,180.0,13.0,460.0,43.53333333333333,1288.5139850806895,0.8958203112124465,0.844959999085404,1.2215552953421136,2.0710647563100792,10.254410236724652,12.792483752855333,11.1502305479371,13.83370026233024,0.8958203112124465,1.2215552953421136,/home/aaa/data/qj/stable-baselines3-master/risk_curriculum_metadrive/outputs/gated_risk_proposed_nenv16_seed2_1m/runs/proposed_gated_risk_ppo_s2/config.json,/home/aaa/data/qj/stable-baselines3-master/risk_curriculum_metadrive/outputs/gated_risk_proposed_nenv16_seed2_1m/runs/proposed_gated_risk_ppo_s2/model/final_model.zip,results/ijmlc_control/raw_csv/p1_d015_core_parallel2_20260701_1648_gated_risk_s2_episodes.csv
gated_risk,refinement,proposed_gated_risk,ppo,2,0.15,10000,10012,12,1.0,0.0,0.989073023137606,0.0,0.0,0.0,0.0,964.0,387.82034750835726,206.58578236513628,16.352882035807255,18.288637092675344,8.908600393534572,0.0363070539419087,0.0,989073.023137606,437.27452435049577,58.4219566144001,1.1148352584997805,0.0312630586525353,0.0934579439252336,719.0,24.0,41.0,654.0,74.5850622406639,1644.2759867338814,0.8626937906153228,0.8175440016202629,1.1790791621024237,1.50702367303893,5.016000370127419,8.489033556543289,5.878694160742742,9.399422859132754,0.8626937906153228,1.1790791621024237,/home/aaa/data/qj/stable-baselines3-master/risk_curriculum_metadrive/outputs/gated_risk_proposed_nenv16_seed2_1m/runs/proposed_gated_risk_ppo_s2/config.json,/home/aaa/data/qj/stable-baselines3-master/risk_curriculum_metadrive/outputs/gated_risk_proposed_nenv16_seed2_1m/runs/proposed_gated_risk_ppo_s2/model/final_model.zip,results/ijmlc_control/raw_csv/p1_d015_core_parallel2_20260701_1648_gated_risk_s2_episodes.csv
gated_risk,refinement,proposed_gated_risk,ppo,2,0.15,10000,10013,13,1.0,0.0,0.9919715471589236,0.0,0.0,0.0,0.0,1100.0,459.1332304578666,246.19849924848927,17.59497543111421,18.420719414174005,17.899012774299642,0.0236363636363636,0.0,991971.5471589236,537.0876636564612,47.19003996383374,4.165762714506305,0.0085166054818716,0.0256410256410256,933.0,19.0,11.0,903.0,84.81818181818181,1737.1465835729514,0.870285970198562,0.8316264938912354,1.1457267028163185,1.5335940444492733,7.565951622779142,12.280565600667614,8.436237592977704,13.18225124341552,0.870285970198562,1.1457267028163185,/home/aaa/data/qj/stable-baselines3-master/risk_curriculum_metadrive/outputs/gated_risk_proposed_nenv16_seed2_1m/runs/proposed_gated_risk_ppo_s2/config.json,/home/aaa/data/qj/stable-baselines3-master/risk_curriculum_metadrive/outputs/gated_risk_proposed_nenv16_seed2_1m/runs/proposed_gated_risk_ppo_s2/model/final_model.zip,results/ijmlc_control/raw_csv/p1_d015_core_parallel2_20260701_1648_gated_risk_s2_episodes.csv
gated_risk,refinement,proposed_gated_risk,ppo,2,0.15,10000,10014,14,0.0,0.0,0.73478392106404,0.0,0.0,0.0,0.0,1500.0,523.7690193190939,203.2313169197124,14.464941825633682,18.085897495553013,5.228105430948935,0.0126666666666666,0.0,734783.92106404,601.9151878411243,55.26995355430292,5.958016592280013,0.0069462889893223,0.0,913.0,100.0,1.0,812.0,60.86666666666667,1516.8249920302503,0.8570117260290621,0.8090914998319931,1.1318279503029771,1.4396467883489097,14.830119244705807,22.92876669598627,15.68713097073487,23.819237941643223,0.8570117260290621,1.1318279503029771,/home/aaa/data/qj/stable-baselines3-master/risk_curriculum_metadrive/outputs/gated_risk_proposed_nenv16_seed2_1m/runs/proposed_gated_risk_ppo_s2/config.json,/home/aaa/data/qj/stable-baselines3-master/risk_curriculum_metadrive/outputs/gated_risk_proposed_nenv16_seed2_1m/runs/proposed_gated_risk_ppo_s2/model/final_model.zip,results/ijmlc_control/raw_csv/p1_d015_core_parallel2_20260701_1648_gated_risk_s2_episodes.csv
gated_risk,refinement,proposed_gated_risk,ppo,2,0.15,10000,10015,15,0.0,0.0,0.6736697234711738,0.0,0.0,0.0,0.0,1500.0,429.3514572197537,71.43267103563534,11.387647726058946,11.058735869429752,3.4556368939550577,0.0253333333333333,0.0,673669.7234711739,472.8940671426965,88.96843633383048,1.6737985275966594,0.0224892823660277,0.0075258701787394,576.0,180.0,14.0,382.0,38.4,1218.0317750237098,0.7230174251890276,0.6846249962109141,1.014859251154121,1.3224507002450987,6.684630762708063,10.468895208759932,7.407648187897091,11.236766247748164,0.7230174251890276,1.014859251154121,/home/aaa/data/qj/stable-baselines3-master/risk_curriculum_metadrive/outputs/gated_risk_proposed_nenv16_seed2_1m/runs/proposed_gated_risk_ppo_s2/config.json,/home/aaa/data/qj/stable-baselines3-master/risk_curriculum_metadrive/outputs/gated_risk_proposed_nenv16_seed2_1m/runs/proposed_gated_risk_ppo_s2/model/final_model.zip,results/ijmlc_control/raw_csv/p1_d015_core_parallel2_20260701_1648_gated_risk_s2_episodes.csv
gated_risk,refinement,proposed_gated_risk,ppo,2,0.15,10000,10016,16,1.0,0.0,0.9900323424956472,0.0,0.0,0.0,0.0,1039.0,406.254634934886,165.75089832642476,16.941644036756045,18.35037573468427,13.331762982412744,0.0423484119345524,0.0,990032.3424956471,488.44095022425887,15.783993212889422,0.6889360145308802,0.0396661203286519,0.6144578313253012,851.0,0.0,51.0,800.0,81.90567853705485,1742.2781599480525,0.682073131985057,0.6362339918268844,1.0125172120751813,1.339814445527736,3.1506833186052887,5.779177699878346,3.8327564505903458,6.908136783749795,0.682073131985057,1.0125172120751813,/home/aaa/data/qj/stable-baselines3-master/risk_curriculum_metadrive/outputs/gated_risk_proposed_nenv16_seed2_1m/runs/proposed_gated_risk_ppo_s2/config.json,/home/aaa/data/qj/stable-baselines3-master/risk_curriculum_metadrive/outputs/gated_risk_proposed_nenv16_seed2_1m/runs/proposed_gated_risk_ppo_s2/model/final_model.zip,results/ijmlc_control/raw_csv/p1_d015_core_parallel2_20260701_1648_gated_risk_s2_episodes.csv
gated_risk,refinement,proposed_gated_risk,ppo,2,0.15,10000,10017,17,0.0,0.0,0.500860233090708,0.0,0.0,0.0,0.0,1500.0,342.941989115197,-11.544183229534672,9.512660686013438,7.84103764677627,0.9528015596542592,0.108,0.0,500860.2330907081,394.755840301421,114.79925008507972,1.025569195104927,0.0242163006698969,0.0130391173520561,587.0,135.0,22.0,430.0,39.13333333333333,1486.9950994310518,0.8327163079423675,0.7903305013314821,1.049560451792786,1.3781339819252023,14.600858005394306,18.30791385218617,15.433574313336672,19.20942890938022,0.8327163079423675,1.049560451792786,/home/aaa/data/qj/stable-baselines3-master/risk_curriculum_metadrive/outputs/gated_risk_proposed_nenv16_seed2_1m/runs/proposed_gated_risk_ppo_s2/config.json,/home/aaa/data/qj/stable-baselines3-master/risk_curriculum_metadrive/outputs/gated_risk_proposed_nenv16_seed2_1m/runs/proposed_gated_risk_ppo_s2/model/final_model.zip,results/ijmlc_control/raw_csv/p1_d015_core_parallel2_20260701_1648_gated_risk_s2_episodes.csv
gated_risk,refinement,proposed_gated_risk,ppo,2,0.15,10000,10018,18,1.0,0.0,0.9911716428487628,0.0,0.0,0.0,0.0,1186.0,392.7361994420142,165.26226474271695,12.998992054191396,17.878712797557256,2.0162682584573397,0.0581787521079258,0.0,991171.6428487628,426.6630639915239,30.94024840344123,2.909597356815099,0.0220933083131205,0.0272572402044293,650.0,103.0,22.0,525.0,54.80607082630692,1523.450363664273,0.8695333753447448,0.819567998405546,1.1247319998801686,1.7444447039451918,8.486972669438199,12.215713002660776,9.356506044782943,13.174739502574084,0.8695333753447448,1.1247319998801686,/home/aaa/data/qj/stable-baselines3-master/risk_curriculum_metadrive/outputs/gated_risk_proposed_nenv16_seed2_1m/runs/proposed_gated_risk_ppo_s2/config.json,/home/aaa/data/qj/stable-baselines3-master/risk_curriculum_metadrive/outputs/gated_risk_proposed_nenv16_seed2_1m/runs/proposed_gated_risk_ppo_s2/model/final_model.zip,results/ijmlc_control/raw_csv/p1_d015_core_parallel2_20260701_1648_gated_risk_s2_episodes.csv
gated_risk,refinement,proposed_gated_risk,ppo,2,0.15,10000,10019,19,1.0,0.0,0.993255049996233,0.0,0.0,0.0,0.0,1459.0,602.0814979672137,307.32126676981414,16.83381679510124,18.295372464067157,11.387603908962156,0.0130226182316655,0.0,993255.0499962332,681.4020615749827,23.23517653626733,5.229718767543602,0.0053573954716616,0.0,1071.0,61.0,5.0,1005.0,73.40644276901988,1571.7592599067084,0.6679240684491768,0.629889007541351,0.9502843022346495,1.324881104519591,6.2129782010338985,12.801806401694192,6.880902269483076,13.43627429450862,0.6679240684491768,0.9502843022346495,/home/aaa/data/qj/stable-baselines3-master/risk_curriculum_metadrive/outputs/gated_risk_proposed_nenv16_seed2_1m/runs/proposed_gated_risk_ppo_s2/config.json,/home/aaa/data/qj/stable-baselines3-master/risk_curriculum_metadrive/outputs/gated_risk_proposed_nenv16_seed2_1m/runs/proposed_gated_risk_ppo_s2/model/final_model.zip,results/ijmlc_control/raw_csv/p1_d015_core_parallel2_20260701_1648_gated_risk_s2_episodes.csv
gated_risk,refinement,proposed_gated_risk,ppo,2,0.15,20000,20000,0,1.0,0.0,0.9862212295307772,0.0,0.0,0.0,0.0,738.0,310.2577626901382,174.20626722527362,16.970015343703867,18.306484721106763,12.493409216062036,0.021680216802168,0.0,986221.2295307772,347.335169528624,31.57544976499724,0.9718171513887244,0.0219384859120639,0.1088435374149659,562.0,11.0,22.0,529.0,76.15176151761518,1618.0336726704131,0.6556513038475563,0.6205315075931139,0.9440518901101312,1.1653399674105458,3.1390447076630896,4.77046880769194,3.7946960115106463,5.627498843387002,0.6556513038475563,0.9440518901101312,/home/aaa/data/qj/stable-baselines3-master/risk_curriculum_metadrive/outputs/gated_risk_proposed_nenv16_seed2_1m/runs/proposed_gated_risk_ppo_s2/config.json,/home/aaa/data/qj/stable-baselines3-master/risk_curriculum_metadrive/outputs/gated_risk_proposed_nenv16_seed2_1m/runs/proposed_gated_risk_ppo_s2/model/final_model.zip,results/ijmlc_control/raw_csv/p1_d015_core_parallel2_20260701_1648_gated_risk_s2_episodes.csv
gated_risk,refinement,proposed_gated_risk,ppo,2,0.15,20000,20001,1,1.0,0.0,0.9907579573547212,0.0,0.0,0.0,0.0,1118.0,451.802332247756,222.4433084410445,16.651069495666814,18.244485971217888,10.306638313093496,0.0053667262969588,0.0,990757.9573547211,516.490757109747,36.48623111746662,2.808424868278641,0.0092766567007987,0.0085836909871244,791.0,45.0,9.0,737.0,70.75134168157425,1531.489168221308,0.6238321880647523,0.5798879938083701,0.8713845440070144,1.0661663896462386,3.200793755735347,4.726476791984169,3.8246259438001,5.440259155875537,0.6238321880647523,0.8713845440070144,/home/aaa/data/qj/stable-baselines3-master/risk_curriculum_metadrive/outputs/gated_risk_proposed_nenv16_seed2_1m/runs/proposed_gated_risk_ppo_s2/config.json,/home/aaa/data/qj/stable-baselines3-master/risk_curriculum_metadrive/outputs/gated_risk_proposed_nenv16_seed2_1m/runs/proposed_gated_risk_ppo_s2/model/final_model.zip,results/ijmlc_control/raw_csv/p1_d015_core_parallel2_20260701_1648_gated_risk_s2_episodes.csv
gated_risk,refinement,proposed_gated_risk,ppo,2,0.15,20000,20002,2,1.0,0.0,0.988767921532126,0.0,0.0,0.0,0.0,1102.0,422.9502600214874,204.3216791410817,16.162207789650893,18.299995517288263,7.094914976333468,0.0181488203266787,0.0,988767.921532126,494.0899374114933,85.46891222209979,3.7956647607877865,0.0153359136357423,0.0381679389312977,808.0,34.0,24.0,750.0,73.32123411978222,1635.329802976887,0.5876633554848947,0.560401997063309,0.8189885076717474,1.0089745451114145,3.2779714874744696,5.534392942354316,3.865634842959365,6.194679555483162,0.5876633554848947,0.8189885076717474,/home/aaa/data/qj/stable-baselines3-master/risk_curriculum_metadrive/outputs/gated_risk_proposed_nenv16_seed2_1m/runs/proposed_gated_risk_ppo_s2/config.json,/home/aaa/data/qj/stable-baselines3-master/risk_curriculum_metadrive/outputs/gated_risk_proposed_nenv16_seed2_1m/runs/proposed_gated_risk_ppo_s2/model/final_model.zip,results/ijmlc_control/raw_csv/p1_d015_core_parallel2_20260701_1648_gated_risk_s2_episodes.csv
gated_risk,refinement,proposed_gated_risk,ppo,2,0.15,20000,20003,3,0.0,1.0,0.6827948385825827,1.0,1.0,0.0,0.0,1227.0,370.60428122759527,-16.980140684068317,13.634558478456102,17.934269924183017,3.0660358830239964,0.0342298288508557,0.0,0.6827948385825827,464.1903591257464,30.259578578831675,1.4772688013405413,0.0228094099074211,0.022020725388601,703.0,117.0,24.0,562.0,57.29421352893236,1514.4648874742388,0.6350283033153598,0.5864020058652386,0.8785029989667238,1.056363501120359,8.068986547039291,11.881927991635168,8.70401485035465,12.542991101508962,0.6350283033153598,0.8785029989667238,/home/aaa/data/qj/stable-baselines3-master/risk_curriculum_metadrive/outputs/gated_risk_proposed_nenv16_seed2_1m/runs/proposed_gated_risk_ppo_s2/config.json,/home/aaa/data/qj/stable-baselines3-master/risk_curriculum_metadrive/outputs/gated_risk_proposed_nenv16_seed2_1m/runs/proposed_gated_risk_ppo_s2/model/final_model.zip,results/ijmlc_control/raw_csv/p1_d015_core_parallel2_20260701_1648_gated_risk_s2_episodes.csv
gated_risk,refinement,proposed_gated_risk,ppo,2,0.15,20000,20004,4,1.0,0.0,0.9905938128980076,0.0,0.0,0.0,0.0,1027.0,412.9420451816504,208.20041317810697,17.57888094558506,18.351195441032058,15.970313150866058,0.0126582278481012,0.0,990593.8128980076,500.9597533051127,37.43695699391285,3.839530993521148,0.010122756504907,0.0452488687782805,810.0,21.0,15.0,774.0,78.87049659201558,1616.896356755159,0.5876339144161163,0.5488839960889891,0.8593483973527326,1.173277640191373,2.882002686622381,4.456301104801241,3.4696366010384976,5.0502143989433534,0.5876339144161163,0.8593483973527326,/home/aaa/data/qj/stable-baselines3-master/risk_curriculum_metadrive/outputs/gated_risk_proposed_nenv16_seed2_1m/runs/proposed_gated_risk_ppo_s2/config.json,/home/aaa/data/qj/stable-baselines3-master/risk_curriculum_metadrive/outputs/gated_risk_proposed_nenv16_seed2_1m/runs/proposed_gated_risk_ppo_s2/model/final_model.zip,results/ijmlc_control/raw_csv/p1_d015_core_parallel2_20260701_1648_gated_risk_s2_episodes.csv
gated_risk,refinement,proposed_gated_risk,ppo,2,0.15,20000,20005,5,0.0,0.0,0.9773244401330584,0.0,0.0,0.0,0.0,1500.0,485.6820454227092,122.24722473949862,13.662717979306944,15.77987659307476,4.791682155703548,0.0146666666666666,0.0,977324.4401330583,568.4503548257676,29.36415317841072,1.7948313680138248,0.0153237188672304,0.0074534161490683,762.0,160.0,10.0,592.0,50.8,1340.48645326918,0.6488473410136066,0.5953599975327961,0.8932933524192777,1.186438162694685,6.312732937415906,8.730633587401826,6.961580278429513,9.449161895463476,0.6488473410136066,0.8932933524192777,/home/aaa/data/qj/stable-baselines3-master/risk_curriculum_metadrive/outputs/gated_risk_proposed_nenv16_seed2_1m/runs/proposed_gated_risk_ppo_s2/config.json,/home/aaa/data/qj/stable-baselines3-master/risk_curriculum_metadrive/outputs/gated_risk_proposed_nenv16_seed2_1m/runs/proposed_gated_risk_ppo_s2/model/final_model.zip,results/ijmlc_control/raw_csv/p1_d015_core_parallel2_20260701_1648_gated_risk_s2_episodes.csv
gated_risk,refinement,proposed_gated_risk,ppo,2,0.15,20000,20006,6,0.0,1.0,0.6905821198781164,1.0,1.0,0.0,0.0,795.0,327.5844488064007,42.08361304128266,18.1178094008572,18.396969168385976,17.93304972418433,0.0012578616352201,0.0,0.6905821198781164,399.5716859304002,163.78932640523485,4.498987304257213,0.001712718085384,0.025,671.0,1.0,2.0,668.0,84.40251572327044,1679.29816758057,0.6127262100139516,0.5590329965343699,0.8736995048820972,1.3889535079942987,3.0583029296600595,3.868515892827417,3.671029139674011,4.613922203134279,0.6127262100139516,0.8736995048820972,/home/aaa/data/qj/stable-baselines3-master/risk_curriculum_metadrive/outputs/gated_risk_proposed_nenv16_seed2_1m/runs/proposed_gated_risk_ppo_s2/config.json,/home/aaa/data/qj/stable-baselines3-master/risk_curriculum_metadrive/outputs/gated_risk_proposed_nenv16_seed2_1m/runs/proposed_gated_risk_ppo_s2/model/final_model.zip,results/ijmlc_control/raw_csv/p1_d015_core_parallel2_20260701_1648_gated_risk_s2_episodes.csv
gated_risk,refinement,proposed_gated_risk,ppo,2,0.15,20000,20007,7,1.0,0.0,0.988513851239669,0.0,0.0,0.0,0.0,1014.0,367.3788364511984,155.87615885369013,15.507595323807925,18.2840233333968,0.6764551430551875,0.1045364891518737,0.0,988513.851239669,436.2124635819322,11.444680083495236,0.5955681055226242,0.0728230265478136,0.396551724137931,809.0,17.0,103.0,689.0,79.78303747534517,1854.6008368420876,0.6145082320840028,0.5743885049014352,0.8916759034036658,1.2730963678041007,2.625335235613296,3.636641948105534,3.239843467697299,4.3807252986880485,0.6145082320840028,0.8916759034036658,/home/aaa/data/qj/stable-baselines3-master/risk_curriculum_metadrive/outputs/gated_risk_proposed_nenv16_seed2_1m/runs/proposed_gated_risk_ppo_s2/config.json,/home/aaa/data/qj/stable-baselines3-master/risk_curriculum_metadrive/outputs/gated_risk_proposed_nenv16_seed2_1m/runs/proposed_gated_risk_ppo_s2/model/final_model.zip,results/ijmlc_control/raw_csv/p1_d015_core_parallel2_20260701_1648_gated_risk_s2_episodes.csv
gated_risk,refinement,proposed_gated_risk,ppo,2,0.15,20000,20008,8,0.0,1.0,0.7287994725741717,1.0,1.0,0.0,0.0,1306.0,412.82720854107583,-24.45124516614534,13.502155182631824,17.97372787925447,2.537678608055179,0.0336906584992343,0.0,0.7287994725741717,489.0369819659276,39.89774616625926,0.4969703060437118,0.0174290580369855,0.0152838427947598,743.0,97.0,11.0,635.0,56.891271056661566,1519.312500688888,0.6398682265465253,0.5812995004816912,0.8760767486819532,1.0960928513668489,5.784053614793704,7.307579002372222,6.4239218413402295,7.963303749420447,0.6398682265465253,0.8760767486819532,/home/aaa/data/qj/stable-baselines3-master/risk_curriculum_metadrive/outputs/gated_risk_proposed_nenv16_seed2_1m/runs/proposed_gated_risk_ppo_s2/config.json,/home/aaa/data/qj/stable-baselines3-master/risk_curriculum_metadrive/outputs/gated_risk_proposed_nenv16_seed2_1m/runs/proposed_gated_risk_ppo_s2/model/final_model.zip,results/ijmlc_control/raw_csv/p1_d015_core_parallel2_20260701_1648_gated_risk_s2_episodes.csv
gated_risk,refinement,proposed_gated_risk,ppo,2,0.15,20000,20009,9,1.0,0.0,0.9887908011676488,0.0,0.0,0.0,0.0,871.0,358.5797693804748,187.8590465082101,16.600166107279442,18.322306839825224,10.068986361649216,0.052812858783008,0.0,988790.8011676488,401.1282178223565,27.63563077667289,1.9349690365582068,0.0439612359963264,0.4476190476190476,694.0,4.0,56.0,634.0,79.67853042479908,1730.1201191169866,0.636791196406095,0.5898179952055216,0.9006309992400929,1.1761521978769407,4.201899731204145,6.882054498419166,4.838690927610241,7.548783985839691,0.636791196406095,0.9006309992400929,/home/aaa/data/qj/stable-baselines3-master/risk_curriculum_metadrive/outputs/gated_risk_proposed_nenv16_seed2_1m/runs/proposed_gated_risk_ppo_s2/config.json,/home/aaa/data/qj/stable-baselines3-master/risk_curriculum_metadrive/outputs/gated_risk_proposed_nenv16_seed2_1m/runs/proposed_gated_risk_ppo_s2/model/final_model.zip,results/ijmlc_control/raw_csv/p1_d015_core_parallel2_20260701_1648_gated_risk_s2_episodes.csv
gated_risk,refinement,proposed_gated_risk,ppo,2,0.15,20000,20010,10,1.0,0.0,0.9895826372961212,0.0,0.0,0.0,0.0,897.0,383.4610436574165,220.2201674041381,17.90133796834774,18.41208118369092,17.924320652681303,0.007803790412486,0.0,989582.6372961212,445.5929402454002,18.7326049037147,2.29814819423025,0.0085470427848015,0.0775193798449612,757.0,2.0,10.0,745.0,84.39241917502787,1698.8599495833562,0.6257039555810483,0.6009770004311576,0.9085256024263798,1.3344185147434462,2.6475921953910726,4.365974999382161,3.273296150972121,5.072002197266556,0.6257039555810483,0.9085256024263798,/home/aaa/data/qj/stable-baselines3-master/risk_curriculum_metadrive/outputs/gated_risk_proposed_nenv16_seed2_1m/runs/proposed_gated_risk_ppo_s2/config.json,/home/aaa/data/qj/stable-baselines3-master/risk_curriculum_metadrive/outputs/gated_risk_proposed_nenv16_seed2_1m/runs/proposed_gated_risk_ppo_s2/model/final_model.zip,results/ijmlc_control/raw_csv/p1_d015_core_parallel2_20260701_1648_gated_risk_s2_episodes.csv
gated_risk,refinement,proposed_gated_risk,ppo,2,0.15,20000,20011,11,1.0,0.0,0.9917470649727942,0.0,0.0,0.0,0.0,1182.0,442.2890562820985,178.57632329096492,16.74538646871186,18.360205611499545,10.570186418249069,0.0592216582064297,0.0,991747.0649727944,549.2298287907856,4.151722962682891,1.9628002089898209,0.0414989268047647,0.76,989.0,0.0,75.0,914.0,83.67174280879864,1800.7033634306358,0.6374860759655111,0.5897634910070337,0.8977627512649633,1.1583743097435224,5.323468429772062,7.503205798275304,5.960954505737572,8.18581736239139,0.6374860759655111,0.8977627512649633,/home/aaa/data/qj/stable-baselines3-master/risk_curriculum_metadrive/outputs/gated_risk_proposed_nenv16_seed2_1m/runs/proposed_gated_risk_ppo_s2/config.json,/home/aaa/data/qj/stable-baselines3-master/risk_curriculum_metadrive/outputs/gated_risk_proposed_nenv16_seed2_1m/runs/proposed_gated_risk_ppo_s2/model/final_model.zip,results/ijmlc_control/raw_csv/p1_d015_core_parallel2_20260701_1648_gated_risk_s2_episodes.csv
gated_risk,refinement,proposed_gated_risk,ppo,2,0.15,20000,20012,12,1.0,0.0,0.9912752987935436,0.0,0.0,0.0,0.0,1095.0,460.8651014794417,254.3250882095658,17.077177337360368,18.285044105822625,12.51057855727933,0.0054794520547945,0.0,991275.2987935436,518.8127356150131,23.056362627798624,3.0199639382711903,0.0081921726418102,0.0253623188405797,798.0,38.0,11.0,749.0,72.87671232876713,1538.1272378636415,0.6590316348127621,0.6263410032261163,0.9736533043906092,1.3142631491064063,3.270187150563653,6.0233682044781744,3.929218785376416,6.826770899351686,0.6590316348127621,0.9736533043906092,/home/aaa/data/qj/stable-baselines3-master/risk_curriculum_metadrive/outputs/gated_risk_proposed_nenv16_seed2_1m/runs/proposed_gated_risk_ppo_s2/config.json,/home/aaa/data/qj/stable-baselines3-master/risk_curriculum_metadrive/outputs/gated_risk_proposed_nenv16_seed2_1m/runs/proposed_gated_risk_ppo_s2/model/final_model.zip,results/ijmlc_control/raw_csv/p1_d015_core_parallel2_20260701_1648_gated_risk_s2_episodes.csv
gated_risk,refinement,proposed_gated_risk,ppo,2,0.15,20000,20013,13,1.0,0.0,0.9944829263223806,0.0,0.0,0.0,0.0,1471.0,616.3527514282455,298.9079179802459,16.452407301184806,18.28010734246302,7.866361058627818,0.0278721957851801,0.0,994482.9263223804,671.6830584559162,21.690642391045635,3.33461444817008,0.011805188775697,0.0412371134020618,1088.0,43.0,21.0,1024.0,73.96329027872196,1619.8115856921042,0.6896948823239971,0.6394099909812212,0.9878354976535776,1.3604264080640844,6.28570798927303,9.37542650353862,6.975402871597027,10.122238003532402,0.6896948823239971,0.9878354976535776,/home/aaa/data/qj/stable-baselines3-master/risk_curriculum_metadrive/outputs/gated_risk_proposed_nenv16_seed2_1m/runs/proposed_gated_risk_ppo_s2/config.json,/home/aaa/data/qj/stable-baselines3-master/risk_curriculum_metadrive/outputs/gated_risk_proposed_nenv16_seed2_1m/runs/proposed_gated_risk_ppo_s2/model/final_model.zip,results/ijmlc_control/raw_csv/p1_d015_core_parallel2_20260701_1648_gated_risk_s2_episodes.csv
gated_risk,refinement,proposed_gated_risk,ppo,2,0.15,20000,20014,14,1.0,0.0,0.9915936752248612,0.0,0.0,0.0,0.0,1067.0,452.4170235058306,248.97300861862124,18.2316820746892,18.40736120088406,17.95243811851666,0.0009372071227741,0.0,991593.6752248614,539.9516593035083,34.76391034072536,9.996588076552426,0.0004062101480283,0.0,908.0,6.0,0.0,902.0,85.09840674789129,1681.63202085765,0.6749889837339434,0.626748995273374,0.9931137014064004,2.21222692169249,3.544274864070451,5.390347503998782,4.2192638478043945,6.2084801014862006,0.6749889837339434,0.9931137014064004,/home/aaa/data/qj/stable-baselines3-master/risk_curriculum_metadrive/outputs/gated_risk_proposed_nenv16_seed2_1m/runs/proposed_gated_risk_ppo_s2/config.json,/home/aaa/data/qj/stable-baselines3-master/risk_curriculum_metadrive/outputs/gated_risk_proposed_nenv16_seed2_1m/runs/proposed_gated_risk_ppo_s2/model/final_model.zip,results/ijmlc_control/raw_csv/p1_d015_core_parallel2_20260701_1648_gated_risk_s2_episodes.csv
gated_risk,refinement,proposed_gated_risk,ppo,2,0.15,20000,20015,15,1.0,0.0,0.9928755210960936,0.0,0.0,0.0,0.0,1176.0,524.5435503285208,297.5848865008994,18.03643622639433,18.435016265996648,17.932646185098,0.0068027210884353,0.0,992875.5210960936,588.7156532498113,1139.0224662112228,4.019726862655182,0.0049822802580177,0.1052631578947368,1005.0,3.0,10.0,992.0,85.45918367346938,1707.1059593068874,0.6131986021104808,0.5519830010598525,0.9321447505499236,1.8686149924178608,2.5338503298810786,3.944806747313123,3.1470489319915598,4.808116249478189,0.6131986021104808,0.9321447505499236,/home/aaa/data/qj/stable-baselines3-master/risk_curriculum_metadrive/outputs/gated_risk_proposed_nenv16_seed2_1m/runs/proposed_gated_risk_ppo_s2/config.json,/home/aaa/data/qj/stable-baselines3-master/risk_curriculum_metadrive/outputs/gated_risk_proposed_nenv16_seed2_1m/runs/proposed_gated_risk_ppo_s2/model/final_model.zip,results/ijmlc_control/raw_csv/p1_d015_core_parallel2_20260701_1648_gated_risk_s2_episodes.csv
gated_risk,refinement,proposed_gated_risk,ppo,2,0.15,20000,20016,16,0.0,0.0,0.6980961859474439,0.0,0.0,0.0,0.0,1500.0,401.1745661247314,60.33959553137549,12.025722197745042,13.161399920629515,3.0588594355705903,0.0173333333333333,0.0,698096.1859474439,499.9513602184798,54.74006847382248,7.949504771450464,0.0151079835954571,0.0,725.0,170.0,0.0,555.0,48.333333333333336,1450.141069089548,0.7094197241628232,0.6543260024045594,1.0365014932176562,1.680826382653321,6.847971626373085,9.783682944544124,7.557391350535909,10.546720893034944,0.7094197241628232,1.0365014932176562,/home/aaa/data/qj/stable-baselines3-master/risk_curriculum_metadrive/outputs/gated_risk_proposed_nenv16_seed2_1m/runs/proposed_gated_risk_ppo_s2/config.json,/home/aaa/data/qj/stable-baselines3-master/risk_curriculum_metadrive/outputs/gated_risk_proposed_nenv16_seed2_1m/runs/proposed_gated_risk_ppo_s2/model/final_model.zip,results/ijmlc_control/raw_csv/p1_d015_core_parallel2_20260701_1648_gated_risk_s2_episodes.csv
gated_risk,refinement,proposed_gated_risk,ppo,2,0.15,20000,20017,17,0.0,1.0,0.7878433951589303,1.0,1.0,0.0,0.0,1046.0,411.90747031388594,58.406339271568015,16.814770867366782,18.303850645020127,10.356900190709393,0.0,0.0,0.7878433951589303,488.2361426491596,27.669228302371167,1.4309146843103184,0.0056819604496631,0.0087336244541484,761.0,36.0,5.0,720.0,72.75334608030593,1558.6719898916726,0.6970613355700276,0.6331429976853542,1.049956994393142,1.6911678452743182,5.034793486737314,8.04662425434799,5.731854822307342,8.748459247726714,0.6970613355700276,1.049956994393142,/home/aaa/data/qj/stable-baselines3-master/risk_curriculum_metadrive/outputs/gated_risk_proposed_nenv16_seed2_1m/runs/proposed_gated_risk_ppo_s2/config.json,/home/aaa/data/qj/stable-baselines3-master/risk_curriculum_metadrive/outputs/gated_risk_proposed_nenv16_seed2_1m/runs/proposed_gated_risk_ppo_s2/model/final_model.zip,results/ijmlc_control/raw_csv/p1_d015_core_parallel2_20260701_1648_gated_risk_s2_episodes.csv
gated_risk,refinement,proposed_gated_risk,ppo,2,0.15,20000,20018,18,0.0,0.0,0.7355725374923943,0.0,0.0,0.0,0.0,1500.0,465.2981089123057,56.3785283818324,13.808884743968228,17.911654438518767,4.5622133827610485,0.0126666666666666,0.0,735572.5374923943,574.3586924389509,32.368904574209566,5.884773708735411,0.0115994899361696,0.0,824.0,140.0,5.0,679.0,54.93333333333334,1434.6435613274605,0.6946498460116951,0.6228374986676499,1.017241957015358,1.7778062386787494,9.729009310161928,17.6289908515173,10.423659156173622,18.35894940595608,0.6946498460116951,1.017241957015358,/home/aaa/data/qj/stable-baselines3-master/risk_curriculum_metadrive/outputs/gated_risk_proposed_nenv16_seed2_1m/runs/proposed_gated_risk_ppo_s2/config.json,/home/aaa/data/qj/stable-baselines3-master/risk_curriculum_metadrive/outputs/gated_risk_proposed_nenv16_seed2_1m/runs/proposed_gated_risk_ppo_s2/model/final_model.zip,results/ijmlc_control/raw_csv/p1_d015_core_parallel2_20260701_1648_gated_risk_s2_episodes.csv
gated_risk,refinement,proposed_gated_risk,ppo,2,0.15,20000,20019,19,1.0,0.0,0.9901482120283194,0.0,0.0,0.0,0.0,1118.0,459.70150594922046,234.86830160146596,17.945392672836366,18.390780580571857,17.91813289489967,0.0080500894454382,0.0,990148.2120283194,556.8358628181592,23.343274810910756,5.282276041798924,0.0040580316729109,0.0,939.0,10.0,6.0,923.0,83.98926654740609,1686.3138003498898,0.5423109123544944,0.5090264967293479,0.8001135021913788,1.3888142284122236,4.54500622997162,7.602006942033767,5.087317142326115,8.23037604350247,0.5423109123544944,0.8001135021913788,/home/aaa/data/qj/stable-baselines3-master/risk_curriculum_metadrive/outputs/gated_risk_proposed_nenv16_seed2_1m/runs/proposed_gated_risk_ppo_s2/config.json,/home/aaa/data/qj/stable-baselines3-master/risk_curriculum_metadrive/outputs/gated_risk_proposed_nenv16_seed2_1m/runs/proposed_gated_risk_ppo_s2/model/final_model.zip,results/ijmlc_control/raw_csv/p1_d015_core_parallel2_20260701_1648_gated_risk_s2_episodes.csv
shield_only,execution_intervention,shield_only,ppo,0,0.15,10000,10000,0,0.0,1.0,0.383657399855181,1.0,1.0,0.0,0.0,467.0,178.97247115933916,178.97247115933916,15.43179895864229,18.27895765071508,2.136093406003549,0.0877944325481798,0.0,0.383657399855181,199.9103893542008,12.107412428528002,0.0098888507311188,0.0845784971647007,0.5348837209302325,369.0,5.0,48.0,316.0,79.01498929336188,1845.827028760404,1.665554334287635,0.8763789955992252,4.090284393168984,5.319978780171362,10.71402547716231,20.585061593737912,12.379579811449943,22.181854891823605,1.665554334287635,4.090284393168984,/home/aaa/data/qj/stable-baselines3-master/risk_curriculum_metadrive/outputs/tuned_compare_shield_only_nenv16_seed0_1m/runs/shield_only_ppo_s0/config.json,/home/aaa/data/qj/stable-baselines3-master/risk_curriculum_metadrive/outputs/tuned_compare_shield_only_nenv16_seed0_1m/runs/shield_only_ppo_s0/model/final_model.zip,results/ijmlc_control/raw_csv/p1_d015_core_parallel2_20260701_1648_shield_only_s0_episodes.csv
shield_only,execution_intervention,shield_only,ppo,0,0.15,10000,10001,1,1.0,0.0,0.990359081736346,0.0,0.0,0.0,0.0,1007.0,480.1481917060246,480.1481917060246,18.26519087508187,18.432754079524717,17.946647263924906,0.0,0.0,990359.081736346,510.4522870380437,47.37913436025514,10.19432933853098,0.0004237119382567,0.0,862.0,4.0,0.0,858.0,85.60079443892751,1688.6984775831863,1.400063890690847,0.949867011513561,4.768718093691859,5.803995583555659,9.898677914741642,19.675951100362,11.298741805432488,21.496143002877943,1.400063890690847,4.768718093691859,/home/aaa/data/qj/stable-baselines3-master/risk_curriculum_metadrive/outputs/tuned_compare_shield_only_nenv16_seed0_1m/runs/shield_only_ppo_s0/config.json,/home/aaa/data/qj/stable-baselines3-master/risk_curriculum_metadrive/outputs/tuned_compare_shield_only_nenv16_seed0_1m/runs/shield_only_ppo_s0/model/final_model.zip,results/ijmlc_control/raw_csv/p1_d015_core_parallel2_20260701_1648_shield_only_s0_episodes.csv
shield_only,execution_intervention,shield_only,ppo,0,0.15,10000,10002,2,0.0,1.0,0.5407514179232037,1.0,1.0,0.0,0.0,623.0,267.1919609542095,267.1919609542095,17.322242905944638,18.29972815945983,13.66449022785884,0.0,0.0,0.5407514179232037,299.12677115308816,39.52764091104709,1.9683561211710725,0.0072999459578379,0.015625,451.0,17.0,6.0,428.0,72.3916532905297,1507.7219543455226,1.525187511589411,0.9883589955279604,4.857216599339153,5.739385720808051,17.26276373679329,30.196487404464275,18.7879512483827,32.768031195155345,1.525187511589411,4.857216599339153,/home/aaa/data/qj/stable-baselines3-master/risk_curriculum_metadrive/outputs/tuned_compare_shield_only_nenv16_seed0_1m/runs/shield_only_ppo_s0/config.json,/home/aaa/data/qj/stable-baselines3-master/risk_curriculum_metadrive/outputs/tuned_compare_shield_only_nenv16_seed0_1m/runs/shield_only_ppo_s0/model/final_model.zip,results/ijmlc_control/raw_csv/p1_d015_core_parallel2_20260701_1648_shield_only_s0_episodes.csv
shield_only,execution_intervention,shield_only,ppo,0,0.15,10000,10003,3,1.0,0.0,0.9904607742525712,0.0,0.0,0.0,0.0,940.0,449.0257418731956,449.0257418731956,17.842819870284693,18.3852213944078,16.179559253619775,0.0,0.0,990460.7742525712,465.3654725723656,38.28945370814244,9.907296247237715,0.0011802847647857,0.0,748.0,20.0,0.0,728.0,79.57446808510639,1607.3388424485745,1.5157824966429851,0.9398780021001584,4.934600506385322,7.304965332295979,7.119965040065507,16.46706740211812,8.635747536708491,19.04023841343587,1.5157824966429851,4.934600506385322,/home/aaa/data/qj/stable-baselines3-master/risk_curriculum_metadrive/outputs/tuned_compare_shield_only_nenv16_seed0_1m/runs/shield_only_ppo_s0/config.json,/home/aaa/data/qj/stable-baselines3-master/risk_curriculum_metadrive/outputs/tuned_compare_shield_only_nenv16_seed0_1m/runs/shield_only_ppo_s0/model/final_model.zip,results/ijmlc_control/raw_csv/p1_d015_core_parallel2_20260701_1648_shield_only_s0_episodes.csv
shield_only,execution_intervention,shield_only,ppo,0,0.15,10000,10004,4,0.0,0.0,0.9432876134782432,0.0,0.0,0.0,0.0,1500.0,511.4726611204316,511.4726611204316,12.931683763362928,14.447206343527018,4.68235960481513,0.0013333333333333,0.0,943287.6134782432,537.5808486498605,37.15731245155108,0.8792320589487368,0.0137114731256948,0.0062189054726368,731.0,140.0,12.0,579.0,48.73333333333333,1359.795464879215,1.2184089300086878,0.9300515012000689,3.8793640960648177,5.118322927010013,15.768395771786649,35.68086624945863,16.986804701795336,37.5469881168101,1.2184089300086878,3.8793640960648177,/home/aaa/data/qj/stable-baselines3-master/risk_curriculum_metadrive/outputs/tuned_compare_shield_only_nenv16_seed0_1m/runs/shield_only_ppo_s0/config.json,/home/aaa/data/qj/stable-baselines3-master/risk_curriculum_metadrive/outputs/tuned_compare_shield_only_nenv16_seed0_1m/runs/shield_only_ppo_s0/model/final_model.zip,results/ijmlc_control/raw_csv/p1_d015_core_parallel2_20260701_1648_shield_only_s0_episodes.csv
shield_only,execution_intervention,shield_only,ppo,0,0.15,10000,10005,5,1.0,0.0,0.9904616371689968,0.0,0.0,0.0,0.0,1032.0,493.1156632820746,493.1156632820746,17.077953350145258,18.404415586654704,12.992309132587046,0.0339147286821705,0.0,990461.6371689969,489.0480291213967,106.60856232034986,0.0411842772578975,0.0241925633493591,0.1454545454545454,847.0,11.0,35.0,801.0,82.07364341085271,1731.9362303160383,1.0906521140917227,0.907923502381891,2.208293590956596,4.8966958044911735,8.08334687380991,15.577072446467351,9.173998987901632,16.89512774173636,1.0906521140917227,2.208293590956596,/home/aaa/data/qj/stable-baselines3-master/risk_curriculum_metadrive/outputs/tuned_compare_shield_only_nenv16_seed0_1m/runs/shield_only_ppo_s0/config.json,/home/aaa/data/qj/stable-baselines3-master/risk_curriculum_metadrive/outputs/tuned_compare_shield_only_nenv16_seed0_1m/runs/shield_only_ppo_s0/model/final_model.zip,results/ijmlc_control/raw_csv/p1_d015_core_parallel2_20260701_1648_shield_only_s0_episodes.csv
shield_only,execution_intervention,shield_only,ppo,0,0.15,10000,10006,6,1.0,0.0,0.9920917679047152,0.0,0.0,0.0,0.0,1323.0,591.362008767881,591.362008767881,17.00841473695758,18.32133548978645,11.0651756056088,0.0,0.0,992091.7679047151,624.3494886620748,23.1265367595443,8.06676807876053,0.0022512670383016,0.0,980.0,48.0,0.0,932.0,74.07407407407408,1569.6337032325475,1.039051957081233,0.9293850016547368,1.6409871066571209,3.213633179839233,6.870196172947314,11.772914804168977,7.909248130028548,12.819907402445097,1.039051957081233,1.6409871066571209,/home/aaa/data/qj/stable-baselines3-master/risk_curriculum_metadrive/outputs/tuned_compare_shield_only_nenv16_seed0_1m/runs/shield_only_ppo_s0/config.json,/home/aaa/data/qj/stable-baselines3-master/risk_curriculum_metadrive/outputs/tuned_compare_shield_only_nenv16_seed0_1m/runs/shield_only_ppo_s0/model/final_model.zip,results/ijmlc_control/raw_csv/p1_d015_core_parallel2_20260701_1648_shield_only_s0_episodes.csv
shield_only,execution_intervention,shield_only,ppo,0,0.15,10000,10007,7,0.0,0.0,0.6015067871434842,0.0,0.0,0.0,0.0,1500.0,403.1052929113002,403.1052929113002,11.925701697784833,11.920689018625756,5.603317643216358,0.0033333333333333,0.0,601506.7871434842,496.2200800417975,33.76831821040668,5.367059920915615,0.0202848245512321,0.0,529.0,250.0,9.0,270.0,35.266666666666666,1066.0592371744438,1.002830855946134,0.9162779970210976,1.5060362035001162,2.813494648726191,19.52565528428143,33.534047604189254,20.528486140227567,34.3898177081428,1.002830855946134,1.5060362035001162,/home/aaa/data/qj/stable-baselines3-master/risk_curriculum_metadrive/outputs/tuned_compare_shield_only_nenv16_seed0_1m/runs/shield_only_ppo_s0/config.json,/home/aaa/data/qj/stable-baselines3-master/risk_curriculum_metadrive/outputs/tuned_compare_shield_only_nenv16_seed0_1m/runs/shield_only_ppo_s0/model/final_model.zip,results/ijmlc_control/raw_csv/p1_d015_core_parallel2_20260701_1648_shield_only_s0_episodes.csv
shield_only,execution_intervention,shield_only,ppo,0,0.15,10000,10008,8,1.0,0.0,0.9909458910146478,0.0,0.0,0.0,0.0,1069.0,483.2639509746009,483.2639509746009,16.792294232688143,18.312157296177983,11.013186109556322,0.0093545369504209,0.0,990945.891014648,498.0243930373153,23.66927279261384,3.500617112390544,0.0101233936173602,0.03125,813.0,29.0,14.0,770.0,76.05238540692237,1632.4501598038887,0.8677260757888292,0.8305809897137806,1.154161000158637,1.5390493214363217,5.210771488103213,7.226384000387042,6.078497563892042,8.172225995804183,0.8677260757888292,1.154161000158637,/home/aaa/data/qj/stable-baselines3-master/risk_curriculum_metadrive/outputs/tuned_compare_shield_only_nenv16_seed0_1m/runs/shield_only_ppo_s0/config.json,/home/aaa/data/qj/stable-baselines3-master/risk_curriculum_metadrive/outputs/tuned_compare_shield_only_nenv16_seed0_1m/runs/shield_only_ppo_s0/model/final_model.zip,results/ijmlc_control/raw_csv/p1_d015_core_parallel2_20260701_1648_shield_only_s0_episodes.csv
shield_only,execution_intervention,shield_only,ppo,0,0.15,10000,10009,9,0.0,1.0,0.6119506354227255,1.0,1.0,0.0,0.0,560.0,265.4522492344331,265.4522492344331,18.176071151172252,18.44041448691704,17.943941655382144,0.0,0.0,0.6119506354227255,282.3125385580978,21.3382198779233,11.287373960569704,0.0001060455415818,0.0,478.0,1.0,0.0,477.0,85.35714285714285,1693.1589451937546,0.8432717268598415,0.7895879971329123,1.1223249479371584,1.7643297316681084,4.303107598077206,4.914718141662888,5.146379324937048,5.887856738991104,0.8432717268598415,1.1223249479371584,/home/aaa/data/qj/stable-baselines3-master/risk_curriculum_metadrive/outputs/tuned_compare_shield_only_nenv16_seed0_1m/runs/shield_only_ppo_s0/config.json,/home/aaa/data/qj/stable-baselines3-master/risk_curriculum_metadrive/outputs/tuned_compare_shield_only_nenv16_seed0_1m/runs/shield_only_ppo_s0/model/final_model.zip,results/ijmlc_control/raw_csv/p1_d015_core_parallel2_20260701_1648_shield_only_s0_episodes.csv
shield_only,execution_intervention,shield_only,ppo,0,0.15,10000,10010,10,0.0,1.0,0.5089640290643896,1.0,1.0,0.0,0.0,843.0,214.774375061784,214.774375061784,12.336375797952115,14.816668811804451,2.290220507903601,0.0367734282325029,0.0,0.5089640290643896,288.472915246653,29.30135656784532,5.753834164261527,0.0212922318024137,0.0,442.0,103.0,2.0,337.0,52.431791221826806,1532.20623718548,0.9215462512738808,0.871433992870152,1.2387099050101824,2.0526361375232285,10.980332506599469,13.17255649191793,11.901878757873348,14.221498198457994,0.9215462512738808,1.2387099050101824,/home/aaa/data/qj/stable-baselines3-master/risk_curriculum_metadrive/outputs/tuned_compare_shield_only_nenv16_seed0_1m/runs/shield_only_ppo_s0/config.json,/home/aaa/data/qj/stable-baselines3-master/risk_curriculum_metadrive/outputs/tuned_compare_shield_only_nenv16_seed0_1m/runs/shield_only_ppo_s0/model/final_model.zip,results/ijmlc_control/raw_csv/p1_d015_core_parallel2_20260701_1648_shield_only_s0_episodes.csv
shield_only,execution_intervention,shield_only,ppo,0,0.15,10000,10011,11,0.0,1.0,0.4849526488002139,1.0,1.0,0.0,0.0,1114.0,222.41124077418596,222.41124077418596,9.400562016628657,7.987106009828759,1.6091519549569415,0.0736086175942549,0.0,0.4849526488002139,288.9452341725968,121.64071033270564,2.0682606773818097,0.0261412832285551,0.0046620046620046,405.0,162.0,8.0,235.0,36.35547576301616,1401.6496972505167,0.9060527790517336,0.8604965041740797,1.2191021487524265,1.8931514967698555,10.467026989306245,12.973779098683735,11.373079768357975,13.941478690685472,0.9060527790517336,1.2191021487524265,/home/aaa/data/qj/stable-baselines3-master/risk_curriculum_metadrive/outputs/tuned_compare_shield_only_nenv16_seed0_1m/runs/shield_only_ppo_s0/config.json,/home/aaa/data/qj/stable-baselines3-master/risk_curriculum_metadrive/outputs/tuned_compare_shield_only_nenv16_seed0_1m/runs/shield_only_ppo_s0/model/final_model.zip,results/ijmlc_control/raw_csv/p1_d015_core_parallel2_20260701_1648_shield_only_s0_episodes.csv
shield_only,execution_intervention,shield_only,ppo,0,0.15,10000,10012,12,1.0,0.0,0.9894676765196224,0.0,0.0,0.0,0.0,884.0,425.08693353465856,425.08693353465856,17.781574149659356,18.42951824202597,17.919967774658197,0.0158371040723981,0.0,989467.6765196224,436.1772188629072,56.15345614045464,0.2876524082940214,0.0174974937262578,0.0909090909090909,752.0,1.0,17.0,734.0,85.06787330316742,1724.0698676570669,0.8907557884705299,0.8324750015162863,1.2110578492865898,2.1953969806781948,4.561765165146829,6.430969852226549,5.452520953617359,7.348296241252683,0.8907557884705299,1.2110578492865898,/home/aaa/data/qj/stable-baselines3-master/risk_curriculum_metadrive/outputs/tuned_compare_shield_only_nenv16_seed0_1m/runs/shield_only_ppo_s0/config.json,/home/aaa/data/qj/stable-baselines3-master/risk_curriculum_metadrive/outputs/tuned_compare_shield_only_nenv16_seed0_1m/runs/shield_only_ppo_s0/model/final_model.zip,results/ijmlc_control/raw_csv/p1_d015_core_parallel2_20260701_1648_shield_only_s0_episodes.csv
shield_only,execution_intervention,shield_only,ppo,0,0.15,10000,10013,13,1.0,0.0,0.9917672153348478,0.0,0.0,0.0,0.0,1088.0,538.4146134804619,538.4146134804619,17.821727053100183,18.41940626243656,17.911939718502374,0.0091911764705882,0.0,991767.2153348478,538.1536121396086,30.92979675655737,4.37338536199633,0.0055326967134026,0.0113636363636363,920.0,11.0,7.0,902.0,84.55882352941177,1709.5490567130712,0.8638224467444268,0.8061830012593418,1.149061541946138,1.938711166876597,6.479030593936841,11.781805798091227,7.342853040681268,12.66543284727959,0.8638224467444268,1.149061541946138,/home/aaa/data/qj/stable-baselines3-master/risk_curriculum_metadrive/outputs/tuned_compare_shield_only_nenv16_seed0_1m/runs/shield_only_ppo_s0/config.json,/home/aaa/data/qj/stable-baselines3-master/risk_curriculum_metadrive/outputs/tuned_compare_shield_only_nenv16_seed0_1m/runs/shield_only_ppo_s0/model/final_model.zip,results/ijmlc_control/raw_csv/p1_d015_core_parallel2_20260701_1648_shield_only_s0_episodes.csv
shield_only,execution_intervention,shield_only,ppo,0,0.15,10000,10014,14,0.0,0.0,0.8104422180664073,0.0,0.0,0.0,0.0,1500.0,641.3557489646801,641.3557489646801,15.94521501272296,18.17023545093545,9.03845406059589,0.0,0.0,810442.2180664073,663.6300970510224,34.15223015727818,3.939938910282714,0.0077329905563374,0.0015576323987538,981.0,93.0,2.0,886.0,65.4,1478.233136741803,0.8463863206949706,0.803414499387145,1.1971786414505912,1.8011732187005691,11.623391991422976,18.59017720635165,12.469778312117947,19.496317092125533,0.8463863206949706,1.1971786414505912,/home/aaa/data/qj/stable-baselines3-master/risk_curriculum_metadrive/outputs/tuned_compare_shield_only_nenv16_seed0_1m/runs/shield_only_ppo_s0/config.json,/home/aaa/data/qj/stable-baselines3-master/risk_curriculum_metadrive/outputs/tuned_compare_shield_only_nenv16_seed0_1m/runs/shield_only_ppo_s0/model/final_model.zip,results/ijmlc_control/raw_csv/p1_d015_core_parallel2_20260701_1648_shield_only_s0_episodes.csv
shield_only,execution_intervention,shield_only,ppo,0,0.15,10000,10015,15,1.0,0.0,0.9935566126593794,0.0,0.0,0.0,0.0,1483.0,689.0240483841478,689.0240483841478,17.199266868707554,18.29729531184335,12.524633337639568,0.0,0.0,993556.6126593796,707.7595544905357,27.54304106403047,7.983546552872499,0.0035919016394091,0.0,1080.0,61.0,0.0,1019.0,72.82535401213755,1525.9419574736974,0.8729323202928444,0.8273480052594095,1.1601482983678577,1.735786434437617,7.632677127324253,12.763286403787784,8.505609447617097,13.60919999569887,0.8729323202928444,1.1601482983678577,/home/aaa/data/qj/stable-baselines3-master/risk_curriculum_metadrive/outputs/tuned_compare_shield_only_nenv16_seed0_1m/runs/shield_only_ppo_s0/config.json,/home/aaa/data/qj/stable-baselines3-master/risk_curriculum_metadrive/outputs/tuned_compare_shield_only_nenv16_seed0_1m/runs/shield_only_ppo_s0/model/final_model.zip,results/ijmlc_control/raw_csv/p1_d015_core_parallel2_20260701_1648_shield_only_s0_episodes.csv
shield_only,execution_intervention,shield_only,ppo,0,0.15,10000,10016,16,0.0,1.0,0.2754349226809605,1.0,1.0,0.0,0.0,267.0,113.66234416653838,113.66234416653838,17.822146330055446,18.37154331480288,17.90139548595464,0.0037453183520599,0.0,0.2754349226809605,131.7120292675352,,,0.0,0.0,218.0,0.0,0.0,218.0,81.64794007490637,1655.1259684656102,0.9089100413540664,0.8767849940340966,1.1982121970504522,1.5171227778773757,4.784458347819466,6.0607653969782405,5.693368389173533,7.148677509394474,0.9089100413540664,1.1982121970504522,/home/aaa/data/qj/stable-baselines3-master/risk_curriculum_metadrive/outputs/tuned_compare_shield_only_nenv16_seed0_1m/runs/shield_only_ppo_s0/config.json,/home/aaa/data/qj/stable-baselines3-master/risk_curriculum_metadrive/outputs/tuned_compare_shield_only_nenv16_seed0_1m/runs/shield_only_ppo_s0/model/final_model.zip,results/ijmlc_control/raw_csv/p1_d015_core_parallel2_20260701_1648_shield_only_s0_episodes.csv
shield_only,execution_intervention,shield_only,ppo,0,0.15,10000,10017,17,0.0,0.0,0.8073607634506466,0.0,0.0,0.0,0.0,1500.0,458.6932818070941,458.6932818070941,15.49553555997532,18.106386535245235,8.318146065083187,0.0026666666666666,0.0,807360.7634506465,644.7766632769552,21.82138174738029,1.5192214230989076,0.0104528004392794,0.0094850948509485,925.0,97.0,11.0,817.0,61.66666666666667,1434.6052713801128,0.8946563064819202,0.8539845002815127,1.2027051503537225,1.5860711476125289,17.73110924390494,29.267594552220544,18.62576555038686,30.158508564636577,0.8946563064819202,1.2027051503537225,/home/aaa/data/qj/stable-baselines3-master/risk_curriculum_metadrive/outputs/tuned_compare_shield_only_nenv16_seed0_1m/runs/shield_only_ppo_s0/config.json,/home/aaa/data/qj/stable-baselines3-master/risk_curriculum_metadrive/outputs/tuned_compare_shield_only_nenv16_seed0_1m/runs/shield_only_ppo_s0/model/final_model.zip,results/ijmlc_control/raw_csv/p1_d015_core_parallel2_20260701_1648_shield_only_s0_episodes.csv
shield_only,execution_intervention,shield_only,ppo,0,0.15,10000,10018,18,1.0,0.0,0.9900743312696948,0.0,0.0,0.0,0.0,975.0,394.0430650533944,394.0430650533944,15.825191731966893,18.228439234826705,7.034368021465276,0.0184615384615384,0.0,990074.3312696948,427.8903689805415,34.17899952429263,2.8377906371123625,0.0150727504926116,0.0413533834586466,686.0,42.0,20.0,624.0,70.35897435897436,1603.2143972635106,0.8266835703920478,0.7771730015520006,1.040456802002154,1.2233256793115286,6.944916037594876,8.687531096802559,7.771599607986923,9.540258096239995,0.8266835703920478,1.040456802002154,/home/aaa/data/qj/stable-baselines3-master/risk_curriculum_metadrive/outputs/tuned_compare_shield_only_nenv16_seed0_1m/runs/shield_only_ppo_s0/config.json,/home/aaa/data/qj/stable-baselines3-master/risk_curriculum_metadrive/outputs/tuned_compare_shield_only_nenv16_seed0_1m/runs/shield_only_ppo_s0/model/final_model.zip,results/ijmlc_control/raw_csv/p1_d015_core_parallel2_20260701_1648_shield_only_s0_episodes.csv
shield_only,execution_intervention,shield_only,ppo,0,0.15,10000,10019,19,1.0,0.0,0.9930768251654616,0.0,0.0,0.0,0.0,1350.0,676.1722422688749,676.1722422688749,18.16652968079659,18.46092260637253,17.954408731263676,0.0044444444444444,0.0,993076.8251654616,680.769510075798,5.730082187131119,3.840834667005661,0.0030962557100587,0.25,1175.0,0.0,8.0,1167.0,87.03703703703704,1725.98799242518,0.8292901936564939,0.7793219920131378,1.083360446500592,1.465257184463553,8.326517750575915,14.196482503757576,9.155807944232407,15.067890789941885,0.8292901936564939,1.083360446500592,/home/aaa/data/qj/stable-baselines3-master/risk_curriculum_metadrive/outputs/tuned_compare_shield_only_nenv16_seed0_1m/runs/shield_only_ppo_s0/config.json,/home/aaa/data/qj/stable-baselines3-master/risk_curriculum_metadrive/outputs/tuned_compare_shield_only_nenv16_seed0_1m/runs/shield_only_ppo_s0/model/final_model.zip,results/ijmlc_control/raw_csv/p1_d015_core_parallel2_20260701_1648_shield_only_s0_episodes.csv
shield_only,execution_intervention,shield_only,ppo,0,0.15,20000,20000,0,1.0,0.0,0.9860414270097808,0.0,0.0,0.0,0.0,744.0,284.08534034207605,284.08534034207605,17.006784887696817,18.37032691915443,13.989418137510444,0.0470430107526881,0.0,986041.4270097808,350.997046768095,14.710206414566052,0.0488908266355175,0.0434560830117863,0.3689320388349514,617.0,3.0,39.0,575.0,82.93010752688173,1757.8495479697128,0.7573268387830624,0.7406294971588068,1.0470224500750192,1.4433959790039814,4.140846026911599,6.38918115218985,4.8981728656946615,7.279265845863847,0.7573268387830624,1.0470224500750192,/home/aaa/data/qj/stable-baselines3-master/risk_curriculum_metadrive/outputs/tuned_compare_shield_only_nenv16_seed0_1m/runs/shield_only_ppo_s0/config.json,/home/aaa/data/qj/stable-baselines3-master/risk_curriculum_metadrive/outputs/tuned_compare_shield_only_nenv16_seed0_1m/runs/shield_only_ppo_s0/model/final_model.zip,results/ijmlc_control/raw_csv/p1_d015_core_parallel2_20260701_1648_shield_only_s0_episodes.csv
shield_only,execution_intervention,shield_only,ppo,0,0.15,20000,20001,1,1.0,0.0,0.9900959302519344,0.0,0.0,0.0,0.0,1019.0,458.7730001805661,458.7730001805661,17.98969853969473,18.38324080009189,17.891936002455385,0.0,0.0,990095.9302519346,508.7372458753199,35.21883836392385,7.631720474986917,0.0013987133687345,0.0,835.0,13.0,0.0,822.0,81.94308145240431,1641.318788372416,0.7345511181480173,0.7327319908654317,1.0285025971825232,1.315923869260586,3.419037439812535,5.192826806160155,4.1535885579605525,6.11136350344168,0.7345511181480173,1.0285025971825232,/home/aaa/data/qj/stable-baselines3-master/risk_curriculum_metadrive/outputs/tuned_compare_shield_only_nenv16_seed0_1m/runs/shield_only_ppo_s0/config.json,/home/aaa/data/qj/stable-baselines3-master/risk_curriculum_metadrive/outputs/tuned_compare_shield_only_nenv16_seed0_1m/runs/shield_only_ppo_s0/model/final_model.zip,results/ijmlc_control/raw_csv/p1_d015_core_parallel2_20260701_1648_shield_only_s0_episodes.csv
shield_only,execution_intervention,shield_only,ppo,0,0.15,20000,20002,2,1.0,0.0,0.9892272315840432,0.0,0.0,0.0,0.0,1119.0,475.6340716793146,475.6340716793146,15.854752092755833,18.215367074444814,7.772624666477501,0.0214477211796246,0.0,989227.2315840432,491.9639578522722,87.94419242485723,3.704419159172237,0.0133307520058169,0.0085470085470085,761.0,59.0,14.0,688.0,68.0071492403932,1546.8612849653398,0.6856582484300014,0.6454579997807741,0.9516218007775016,1.2361413738108238,3.908906509201217,5.674259101215284,4.594564757631218,6.3653670847998,0.6856582484300014,0.9516218007775016,/home/aaa/data/qj/stable-baselines3-master/risk_curriculum_metadrive/outputs/tuned_compare_shield_only_nenv16_seed0_1m/runs/shield_only_ppo_s0/config.json,/home/aaa/data/qj/stable-baselines3-master/risk_curriculum_metadrive/outputs/tuned_compare_shield_only_nenv16_seed0_1m/runs/shield_only_ppo_s0/model/final_model.zip,results/ijmlc_control/raw_csv/p1_d015_core_parallel2_20260701_1648_shield_only_s0_episodes.csv
shield_only,execution_intervention,shield_only,ppo,0,0.15,20000,20003,3,0.0,0.0,0.8469014508106664,0.0,0.0,0.0,0.0,1500.0,522.1707014298192,522.1707014298192,13.879095747954231,17.893499215611058,4.658085098021234,0.014,0.0,846901.4508106664,577.3917876757669,27.074573270672573,2.201394141969993,0.0243271947547898,0.0265588914549653,825.0,143.0,27.0,655.0,55.00000000000001,1428.839165380158,0.73206691260566,0.717447001079563,1.0192156514676751,1.3475431033293712,11.133435532722311,25.4415314499056,11.865502445327971,26.320240479253695,0.73206691260566,1.0192156514676751,/home/aaa/data/qj/stable-baselines3-master/risk_curriculum_metadrive/outputs/tuned_compare_shield_only_nenv16_seed0_1m/runs/shield_only_ppo_s0/config.json,/home/aaa/data/qj/stable-baselines3-master/risk_curriculum_metadrive/outputs/tuned_compare_shield_only_nenv16_seed0_1m/runs/shield_only_ppo_s0/model/final_model.zip,results/ijmlc_control/raw_csv/p1_d015_core_parallel2_20260701_1648_shield_only_s0_episodes.csv
shield_only,execution_intervention,shield_only,ppo,0,0.15,20000,20004,4,1.0,0.0,0.9903030961585202,0.0,0.0,0.0,0.0,1011.0,497.3158699677471,497.3158699677471,17.886516034297,18.397426777663465,17.912870270888334,0.009891196834817,0.0,990303.0961585202,501.8355505023858,35.69210115716513,4.915772909534191,0.0055856547830582,0.0071942446043165,848.0,8.0,9.0,831.0,83.87734915924827,1689.7965860550737,0.585380794008794,0.5373159947339445,0.8396515040658414,1.2611477010068477,2.750047685427736,4.118249999010004,3.33542847943653,4.7010390044306405,0.585380794008794,0.8396515040658414,/home/aaa/data/qj/stable-baselines3-master/risk_curriculum_metadrive/outputs/tuned_compare_shield_only_nenv16_seed0_1m/runs/shield_only_ppo_s0/config.json,/home/aaa/data/qj/stable-baselines3-master/risk_curriculum_metadrive/outputs/tuned_compare_shield_only_nenv16_seed0_1m/runs/shield_only_ppo_s0/model/final_model.zip,results/ijmlc_control/raw_csv/p1_d015_core_parallel2_20260701_1648_shield_only_s0_episodes.csv
shield_only,execution_intervention,shield_only,ppo,0,0.15,20000,20005,5,1.0,0.0,0.992780276285,0.0,0.0,0.0,0.0,1428.0,509.72490062260175,509.72490062260175,14.611807029242652,17.906496519712057,7.368615998641207,0.0,0.0,992780.276285,578.8520560015754,22.99023301804405,3.531512744360134,0.0118864836584743,0.0025706940874035,790.0,143.0,6.0,641.0,55.32212885154062,1364.77013739388,0.6592418300619718,0.6090210008551367,0.9057581446541008,1.1651219305349516,6.4052027724649045,9.37793579942081,7.064444602526876,10.023330247349802,0.6592418300619718,0.9057581446541008,/home/aaa/data/qj/stable-baselines3-master/risk_curriculum_metadrive/outputs/tuned_compare_shield_only_nenv16_seed0_1m/runs/shield_only_ppo_s0/config.json,/home/aaa/data/qj/stable-baselines3-master/risk_curriculum_metadrive/outputs/tuned_compare_shield_only_nenv16_seed0_1m/runs/shield_only_ppo_s0/model/final_model.zip,results/ijmlc_control/raw_csv/p1_d015_core_parallel2_20260701_1648_shield_only_s0_episodes.csv
shield_only,execution_intervention,shield_only,ppo,0,0.15,20000,20006,6,0.0,1.0,0.683032029971373,1.0,1.0,0.0,0.0,788.0,368.5269920792482,368.5269920792482,17.999799805888873,18.38687895451632,17.928177162252403,0.0012690355329949,0.0,0.683032029971373,393.8320032978823,306.68314887463373,0.6910928964099713,0.006918813024822,0.2142857142857142,664.0,1.0,6.0,657.0,84.26395939086294,1685.9980764381178,0.5919770026658685,0.5369159989641048,0.8065836496825796,1.0388524667359882,3.3620718581568587,4.280025450134416,3.954048860822728,5.177093558449995,0.5919770026658685,0.8065836496825796,/home/aaa/data/qj/stable-baselines3-master/risk_curriculum_metadrive/outputs/tuned_compare_shield_only_nenv16_seed0_1m/runs/shield_only_ppo_s0/config.json,/home/aaa/data/qj/stable-baselines3-master/risk_curriculum_metadrive/outputs/tuned_compare_shield_only_nenv16_seed0_1m/runs/shield_only_ppo_s0/model/final_model.zip,results/ijmlc_control/raw_csv/p1_d015_core_parallel2_20260701_1648_shield_only_s0_episodes.csv
shield_only,execution_intervention,shield_only,ppo,0,0.15,20000,20007,7,0.0,1.0,0.5141959671000199,0.0,0.0,0.0,1.0,531.0,179.13151823537706,179.13151823537706,15.73179021911915,18.27847489119253,3.2721315891207725,0.0790960451977401,0.0,0.5141959671000199,231.50876849834145,37.79436503886749,0.0413157027687857,0.0666054247871822,0.5324675324675324,408.0,4.0,46.0,358.0,76.8361581920904,1762.3522540699057,0.6229775349542467,0.5802469968330115,0.8805189936538227,1.050503503938672,3.4322549305394072,4.326461501477752,4.055232465493655,4.981896498065908,0.6229775349542467,0.8805189936538227,/home/aaa/data/qj/stable-baselines3-master/risk_curriculum_metadrive/outputs/tuned_compare_shield_only_nenv16_seed0_1m/runs/shield_only_ppo_s0/config.json,/home/aaa/data/qj/stable-baselines3-master/risk_curriculum_metadrive/outputs/tuned_compare_shield_only_nenv16_seed0_1m/runs/shield_only_ppo_s0/model/final_model.zip,results/ijmlc_control/raw_csv/p1_d015_core_parallel2_20260701_1648_shield_only_s0_episodes.csv
shield_only,execution_intervention,shield_only,ppo,0,0.15,20000,20008,8,0.0,1.0,0.7458450185905153,1.0,1.0,0.0,0.0,1111.0,437.05657404460754,437.05657404460754,16.294726647879077,18.19965844933345,10.274023684958872,0.0009000900090009,0.0,0.7458450185905153,502.5067344411041,37.09808312777284,0.4708421961040657,0.010805545774132,0.016867469879518,738.0,62.0,8.0,668.0,66.42664266426642,1468.637033931128,0.6780254644867574,0.6265279953368008,0.9753794947755524,1.50200189673342,5.681354720175327,7.958513502671849,6.3593801846620845,8.720005498616956,0.6780254644867574,0.9753794947755524,/home/aaa/data/qj/stable-baselines3-master/risk_curriculum_metadrive/outputs/tuned_compare_shield_only_nenv16_seed0_1m/runs/shield_only_ppo_s0/config.json,/home/aaa/data/qj/stable-baselines3-master/risk_curriculum_metadrive/outputs/tuned_compare_shield_only_nenv16_seed0_1m/runs/shield_only_ppo_s0/model/final_model.zip,results/ijmlc_control/raw_csv/p1_d015_core_parallel2_20260701_1648_shield_only_s0_episodes.csv
shield_only,execution_intervention,shield_only,ppo,0,0.15,20000,20009,9,0.0,1.0,0.7641286791651535,1.0,1.0,0.0,0.0,690.0,280.2710307174251,280.2710307174251,16.143774183670324,18.271502530855397,8.208241556925822,0.0536231884057971,0.0,0.7641286791651535,309.0020769872774,19.98212285679061,1.2726256507706513,0.0472580117721678,0.33,523.0,9.0,46.0,468.0,75.79710144927536,1692.5452576214675,0.6316711912496838,0.5767615075455979,0.8710711001185699,1.0990260553080593,3.953405032128406,6.754880460357526,4.58507622337809,7.409164942509959,0.6316711912496838,0.8710711001185699,/home/aaa/data/qj/stable-baselines3-master/risk_curriculum_metadrive/outputs/tuned_compare_shield_only_nenv16_seed0_1m/runs/shield_only_ppo_s0/config.json,/home/aaa/data/qj/stable-baselines3-master/risk_curriculum_metadrive/outputs/tuned_compare_shield_only_nenv16_seed0_1m/runs/shield_only_ppo_s0/model/final_model.zip,results/ijmlc_control/raw_csv/p1_d015_core_parallel2_20260701_1648_shield_only_s0_episodes.csv
shield_only,execution_intervention,shield_only,ppo,0,0.15,20000,20010,10,1.0,0.0,0.9900636856172444,0.0,0.0,0.0,0.0,933.0,448.7412649675175,448.7412649675175,17.221095492997254,18.2824883959119,13.656758305185985,0.0085744908896034,0.0,990063.6856172445,445.7364008157136,23.96252280437324,2.1169878760591114,0.0108953196760559,0.0395256916996047,680.0,35.0,10.0,635.0,72.88317256162915,1525.5653313383775,0.614197920989904,0.5670630052918568,0.9185912000248208,1.2647799128899346,2.5717306056661062,3.8498152047395706,3.1859285266560105,4.600743591436185,0.614197920989904,0.9185912000248208,/home/aaa/data/qj/stable-baselines3-master/risk_curriculum_metadrive/outputs/tuned_compare_shield_only_nenv16_seed0_1m/runs/shield_only_ppo_s0/config.json,/home/aaa/data/qj/stable-baselines3-master/risk_curriculum_metadrive/outputs/tuned_compare_shield_only_nenv16_seed0_1m/runs/shield_only_ppo_s0/model/final_model.zip,results/ijmlc_control/raw_csv/p1_d015_core_parallel2_20260701_1648_shield_only_s0_episodes.csv
shield_only,execution_intervention,shield_only,ppo,0,0.15,20000,20011,11,1.0,0.0,0.9909868081312252,0.0,0.0,0.0,0.0,1196.0,525.2685990277334,525.2685990277334,16.618488161662302,18.33798862349696,11.079743074524767,0.0618729096989966,0.0,990986.8081312254,551.504082124207,19.84053742642159,0.0140354860524749,0.0590809326794225,0.3041825095057034,975.0,11.0,80.0,884.0,81.52173913043478,1767.892626006738,0.6503918867203544,0.5846324929734692,0.88957375191967,1.247079994209341,6.580694016623704,9.247108493582346,7.231085903344058,9.906572988256812,0.6503918867203544,0.88957375191967,/home/aaa/data/qj/stable-baselines3-master/risk_curriculum_metadrive/outputs/tuned_compare_shield_only_nenv16_seed0_1m/runs/shield_only_ppo_s0/config.json,/home/aaa/data/qj/stable-baselines3-master/risk_curriculum_metadrive/outputs/tuned_compare_shield_only_nenv16_seed0_1m/runs/shield_only_ppo_s0/model/final_model.zip,results/ijmlc_control/raw_csv/p1_d015_core_parallel2_20260701_1648_shield_only_s0_episodes.csv
shield_only,execution_intervention,shield_only,ppo,0,0.15,20000,20012,12,1.0,0.0,0.9910816355938606,0.0,0.0,0.0,0.0,1087.0,500.7557442270556,500.7557442270556,17.241323119119112,18.350574534281723,12.298301076385354,0.0055197792088316,0.0,991081.6355938606,520.01928506632,31.44086983170588,3.289759116236568,0.0068951818655907,0.0391061452513966,847.0,25.0,9.0,813.0,77.92088316467341,1628.7857476131464,0.6217374673058392,0.5826870037708431,0.902384496293962,1.1108657965087343,2.9105062703678057,4.682308489282152,3.5322437376736446,5.37077810295159,0.6217374673058392,0.902384496293962,/home/aaa/data/qj/stable-baselines3-master/risk_curriculum_metadrive/outputs/tuned_compare_shield_only_nenv16_seed0_1m/runs/shield_only_ppo_s0/config.json,/home/aaa/data/qj/stable-baselines3-master/risk_curriculum_metadrive/outputs/tuned_compare_shield_only_nenv16_seed0_1m/runs/shield_only_ppo_s0/model/final_model.zip,results/ijmlc_control/raw_csv/p1_d015_core_parallel2_20260701_1648_shield_only_s0_episodes.csv
shield_only,execution_intervention,shield_only,ppo,0,0.15,20000,20013,13,1.0,0.0,0.992599580379987,0.0,0.0,0.0,0.0,1448.0,647.1355476690001,647.1355476690001,16.673688536619167,18.29348051333069,10.377179629424162,0.0103591160220994,0.0,992599.580379987,670.0978503243213,41.6626878278338,1.21091903476855,0.0136807664149786,0.0603448275862069,1097.0,42.0,21.0,1034.0,75.75966850828729,1637.0743458870402,0.672702711968035,0.6159399999887682,0.9870483103441072,1.4069703152927102,5.881632657026041,8.80860184552148,6.554335368994076,9.522675399784928,0.672702711968035,0.9870483103441072,/home/aaa/data/qj/stable-baselines3-master/risk_curriculum_metadrive/outputs/tuned_compare_shield_only_nenv16_seed0_1m/runs/shield_only_ppo_s0/config.json,/home/aaa/data/qj/stable-baselines3-master/risk_curriculum_metadrive/outputs/tuned_compare_shield_only_nenv16_seed0_1m/runs/shield_only_ppo_s0/model/final_model.zip,results/ijmlc_control/raw_csv/p1_d015_core_parallel2_20260701_1648_shield_only_s0_episodes.csv
shield_only,execution_intervention,shield_only,ppo,0,0.15,20000,20014,14,1.0,0.0,0.9908251200116164,0.0,0.0,0.0,0.0,1091.0,510.44151857801256,510.44151857801256,17.749685733572683,18.35414427595061,15.95415395011247,0.0009165902841429,0.0,990825.1200116164,537.465642733271,56.22088935934588,6.744260256254015,0.0018562510115528,0.0,861.0,29.0,1.0,831.0,78.91842346471127,1601.962863377464,0.6599368934585106,0.623441010247916,0.957297503191512,1.1525082998559804,3.588690749473279,5.455029997392558,4.2486276429317895,6.190802494529635,0.6599368934585106,0.957297503191512,/home/aaa/data/qj/stable-baselines3-master/risk_curriculum_metadrive/outputs/tuned_compare_shield_only_nenv16_seed0_1m/runs/shield_only_ppo_s0/config.json,/home/aaa/data/qj/stable-baselines3-master/risk_curriculum_metadrive/outputs/tuned_compare_shield_only_nenv16_seed0_1m/runs/shield_only_ppo_s0/model/final_model.zip,results/ijmlc_control/raw_csv/p1_d015_core_parallel2_20260701_1648_shield_only_s0_episodes.csv
shield_only,execution_intervention,shield_only,ppo,0,0.15,20000,20015,15,0.0,1.0,0.3043879875692429,1.0,1.0,0.0,0.0,371.0,151.87942620126546,151.87942620126546,17.07788932634024,18.327414435120065,12.920278921971557,0.0188679245283018,0.0,0.3043879875692429,175.4680040774374,17.15372154383325,1.9174067770803604,0.020384789886588,0.375,287.0,3.0,9.0,275.0,77.35849056603774,1635.6258310964852,0.5966492640193441,0.5601000011665747,0.8673249976709485,1.1626818974036732,2.7542496663317424,4.346326008089818,3.3508989303510868,5.04738151357742,0.5966492640193441,0.8673249976709485,/home/aaa/data/qj/stable-baselines3-master/risk_curriculum_metadrive/outputs/tuned_compare_shield_only_nenv16_seed0_1m/runs/shield_only_ppo_s0/config.json,/home/aaa/data/qj/stable-baselines3-master/risk_curriculum_metadrive/outputs/tuned_compare_shield_only_nenv16_seed0_1m/runs/shield_only_ppo_s0/model/final_model.zip,results/ijmlc_control/raw_csv/p1_d015_core_parallel2_20260701_1648_shield_only_s0_episodes.csv
shield_only,execution_intervention,shield_only,ppo,0,0.15,20000,20016,16,0.0,0.0,0.7157726746872151,0.0,0.0,0.0,0.0,1500.0,449.1788512416194,449.1788512416194,12.346602596927786,11.871241119319102,4.764385406205252,0.0,0.0,715772.6746872151,513.480875786727,43.91865099795551,3.7941530692163634,0.0161844031166352,0.0031479538300104,708.0,169.0,4.0,535.0,47.2,1378.8244769880507,0.7110558938002214,0.66938299278263,1.0312506929039955,1.437230532756075,6.672502464576003,10.098889256914845,7.383558358376224,10.985367901594142,0.7110558938002214,1.0312506929039955,/home/aaa/data/qj/stable-baselines3-master/risk_curriculum_metadrive/outputs/tuned_compare_shield_only_nenv16_seed0_1m/runs/shield_only_ppo_s0/config.json,/home/aaa/data/qj/stable-baselines3-master/risk_curriculum_metadrive/outputs/tuned_compare_shield_only_nenv16_seed0_1m/runs/shield_only_ppo_s0/model/final_model.zip,results/ijmlc_control/raw_csv/p1_d015_core_parallel2_20260701_1648_shield_only_s0_episodes.csv
shield_only,execution_intervention,shield_only,ppo,0,0.15,20000,20017,17,0.0,1.0,0.7947657034099865,1.0,1.0,0.0,0.0,1230.0,440.4964444267913,440.4964444267913,14.351049741118551,18.02419215844809,5.549426445028683,0.0,0.0,0.7947657034099865,489.431820995278,34.12086171797377,3.9720223852675622,0.0104862064636311,0.0036429872495446,723.0,97.0,3.0,623.0,58.78048780487804,1477.2231166534132,0.7316786691624997,0.6929339942871593,1.052138854720397,2.067918422108051,5.572706849678188,9.400085252855206,6.3043855188406885,10.23172835848527,0.7316786691624997,1.052138854720397,/home/aaa/data/qj/stable-baselines3-master/risk_curriculum_metadrive/outputs/tuned_compare_shield_only_nenv16_seed0_1m/runs/shield_only_ppo_s0/config.json,/home/aaa/data/qj/stable-baselines3-master/risk_curriculum_metadrive/outputs/tuned_compare_shield_only_nenv16_seed0_1m/runs/shield_only_ppo_s0/model/final_model.zip,results/ijmlc_control/raw_csv/p1_d015_core_parallel2_20260701_1648_shield_only_s0_episodes.csv
shield_only,execution_intervention,shield_only,ppo,0,0.15,20000,20018,18,0.0,1.0,0.6409245440992934,1.0,1.0,0.0,0.0,1315.0,465.67341246568645,465.67341246568645,13.744472813681746,18.08666811079336,2.6211347833729333,0.0418250950570342,0.0,0.6409245440992934,501.0784103324777,51.15085616460588,7.365008382687508,0.0127345403277721,0.0,825.0,110.0,0.0,715.0,62.737642585551335,1646.4489049779504,0.7320276918903369,0.6620729982387275,1.0981143073877315,1.925217483949381,8.844914401552955,13.595244602765886,9.576942093443291,14.439770199533084,0.7320276918903369,1.0981143073877315,/home/aaa/data/qj/stable-baselines3-master/risk_curriculum_metadrive/outputs/tuned_compare_shield_only_nenv16_seed0_1m/runs/shield_only_ppo_s0/config.json,/home/aaa/data/qj/stable-baselines3-master/risk_curriculum_metadrive/outputs/tuned_compare_shield_only_nenv16_seed0_1m/runs/shield_only_ppo_s0/model/final_model.zip,results/ijmlc_control/raw_csv/p1_d015_core_parallel2_20260701_1648_shield_only_s0_episodes.csv
shield_only,execution_intervention,shield_only,ppo,0,0.15,20000,20019,19,1.0,0.0,0.9910685218177644,0.0,0.0,0.0,0.0,1120.0,553.6911120057961,553.6911120057961,17.90807538301296,18.402338868119998,17.925066229166017,0.00625,0.0,991068.5218177644,556.6820930505083,26.4142521017067,5.194444086980718,0.0031690362356763,0.0,946.0,11.0,3.0,932.0,84.46428571428571,1699.3541049903477,0.6857865958668948,0.6199604977155104,1.0143941035494206,1.495995087898333,4.482761504446638,7.755409304809291,5.168548100313534,8.531992747157346,0.6857865958668948,1.0143941035494206,/home/aaa/data/qj/stable-baselines3-master/risk_curriculum_metadrive/outputs/tuned_compare_shield_only_nenv16_seed0_1m/runs/shield_only_ppo_s0/config.json,/home/aaa/data/qj/stable-baselines3-master/risk_curriculum_metadrive/outputs/tuned_compare_shield_only_nenv16_seed0_1m/runs/shield_only_ppo_s0/model/final_model.zip,results/ijmlc_control/raw_csv/p1_d015_core_parallel2_20260701_1648_shield_only_s0_episodes.csv
shield_only,execution_intervention,shield_only,ppo,1,0.15,10000,10000,0,0.0,1.0,0.3932305284976667,1.0,1.0,0.0,0.0,443.0,189.5890560832733,189.5890560832733,16.706053659499908,18.33985841404393,10.174370437330175,0.0203160270880361,0.0,0.3932305284976667,205.15009064943047,17.438845075014207,0.4326100584153931,0.0285247023164468,0.35,337.0,3.0,13.0,321.0,76.07223476297969,1642.6997372176666,1.7968297155671722,0.8746579987928271,4.873536100785713,5.741168477688913,12.904427327633767,25.34065030922648,14.70125704320094,27.63975139969261,1.7968297155671722,4.873536100785713,/home/aaa/data/qj/stable-baselines3-master/risk_curriculum_metadrive/outputs/tuned_compare_shield_only_nenv16_seed1_1m/runs/shield_only_ppo_s1/config.json,/home/aaa/data/qj/stable-baselines3-master/risk_curriculum_metadrive/outputs/tuned_compare_shield_only_nenv16_seed1_1m/runs/shield_only_ppo_s1/model/final_model.zip,results/ijmlc_control/raw_csv/p1_d015_core_parallel2_20260701_1648_shield_only_s1_episodes.csv
shield_only,execution_intervention,shield_only,ppo,1,0.15,10000,10001,1,1.0,0.0,0.990815605590371,0.0,0.0,0.0,0.0,1027.0,513.552973437118,513.552973437118,17.89016634786075,18.399915055800825,17.893579203043608,0.0068159688412852,0.0,990815.605590371,509.852139571197,63.42901118185446,0.03079465912757,0.010142236772797,0.0806451612903225,846.0,8.0,10.0,828.0,82.37585199610517,1659.3045989990642,1.292564965606129,0.9660859941504896,3.776667606143746,5.652077879640276,8.82535683073726,15.739772703091145,10.117921796343389,18.01311601011548,1.292564965606129,3.776667606143746,/home/aaa/data/qj/stable-baselines3-master/risk_curriculum_metadrive/outputs/tuned_compare_shield_only_nenv16_seed1_1m/runs/shield_only_ppo_s1/config.json,/home/aaa/data/qj/stable-baselines3-master/risk_curriculum_metadrive/outputs/tuned_compare_shield_only_nenv16_seed1_1m/runs/shield_only_ppo_s1/model/final_model.zip,results/ijmlc_control/raw_csv/p1_d015_core_parallel2_20260701_1648_shield_only_s1_episodes.csv
shield_only,execution_intervention,shield_only,ppo,1,0.15,10000,10002,2,1.0,0.0,0.9918026141642552,0.0,0.0,0.0,0.0,1154.0,553.3467520072832,553.3467520072832,17.278095694138386,18.39425014572959,17.871765446314942,0.0398613518197573,0.0,991802.6141642552,553.349773255971,31.804574530975916,0.0380469907277867,0.028769779526012,0.1691542288557214,979.0,6.0,46.0,927.0,84.83535528596187,1769.2245435277878,1.2688894549687757,0.9654429959482512,3.5910639584471893,5.28288328961935,12.54130038911956,26.73614715167787,13.810189844088336,29.567882662377077,1.2688894549687757,3.5910639584471893,/home/aaa/data/qj/stable-baselines3-master/risk_curriculum_metadrive/outputs/tuned_compare_shield_only_nenv16_seed1_1m/runs/shield_only_ppo_s1/config.json,/home/aaa/data/qj/stable-baselines3-master/risk_curriculum_metadrive/outputs/tuned_compare_shield_only_nenv16_seed1_1m/runs/shield_only_ppo_s1/model/final_model.zip,results/ijmlc_control/raw_csv/p1_d015_core_parallel2_20260701_1648_shield_only_s1_episodes.csv
shield_only,execution_intervention,shield_only,ppo,1,0.15,10000,10003,3,1.0,0.0,0.9901069963856712,0.0,0.0,0.0,0.0,964.0,479.5882892297118,479.5882892297118,17.395200587046755,18.35665079260185,12.73135327669719,0.0,0.0,990106.9963856712,465.2351344002293,39.28869000388151,8.466498422182127,0.0024796007599767,0.0,742.0,27.0,0.0,715.0,76.97095435684648,1594.8924428430578,1.055588522729492,0.98068449733546,1.5826494513021307,2.5025081219791905,5.2576553538362925,8.47246860139421,6.313243876565784,9.610431402688842,1.055588522729492,1.5826494513021307,/home/aaa/data/qj/stable-baselines3-master/risk_curriculum_metadrive/outputs/tuned_compare_shield_only_nenv16_seed1_1m/runs/shield_only_ppo_s1/config.json,/home/aaa/data/qj/stable-baselines3-master/risk_curriculum_metadrive/outputs/tuned_compare_shield_only_nenv16_seed1_1m/runs/shield_only_ppo_s1/model/final_model.zip,results/ijmlc_control/raw_csv/p1_d015_core_parallel2_20260701_1648_shield_only_s1_episodes.csv
shield_only,execution_intervention,shield_only,ppo,1,0.15,10000,10004,4,0.0,1.0,0.7024908551454295,1.0,1.0,0.0,0.0,1387.0,347.161145016922,347.161145016922,10.396682601840253,8.717943466726508,1.784534916499525,0.053352559480894,0.0,0.7024908551454295,398.5559037695713,75.75838706434475,3.1368009917111674,0.0257988634023401,0.0049382716049382,599.0,169.0,12.0,418.0,43.186733958183126,1502.9259241542115,1.1253537318064772,0.9907259955070912,1.689041404461023,4.383648411312615,18.55905732382218,34.503485595632824,19.684411055628654,36.0828011922422,1.1253537318064772,1.689041404461023,/home/aaa/data/qj/stable-baselines3-master/risk_curriculum_metadrive/outputs/tuned_compare_shield_only_nenv16_seed1_1m/runs/shield_only_ppo_s1/config.json,/home/aaa/data/qj/stable-baselines3-master/risk_curriculum_metadrive/outputs/tuned_compare_shield_only_nenv16_seed1_1m/runs/shield_only_ppo_s1/model/final_model.zip,results/ijmlc_control/raw_csv/p1_d015_core_parallel2_20260701_1648_shield_only_s1_episodes.csv
shield_only,execution_intervention,shield_only,ppo,1,0.15,10000,10005,5,1.0,0.0,0.9902642298914776,0.0,0.0,0.0,0.0,1026.0,510.5242202843988,510.5242202843988,17.189435737961112,18.38718229963736,14.198781026000182,0.0282651072124756,0.0,990264.2298914776,489.31382915159344,21.65952851937209,4.997287342454517,0.0111983384840026,0.01,835.0,31.0,10.0,794.0,81.38401559454192,1706.471287451208,1.0378318633828594,0.9415880049346016,1.6186797511181794,3.005812755873194,7.982798144287115,13.145813001756324,9.020630007669975,14.226651495846454,1.0378318633828594,1.6186797511181794,/home/aaa/data/qj/stable-baselines3-master/risk_curriculum_metadrive/outputs/tuned_compare_shield_only_nenv16_seed1_1m/runs/shield_only_ppo_s1/config.json,/home/aaa/data/qj/stable-baselines3-master/risk_curriculum_metadrive/outputs/tuned_compare_shield_only_nenv16_seed1_1m/runs/shield_only_ppo_s1/model/final_model.zip,results/ijmlc_control/raw_csv/p1_d015_core_parallel2_20260701_1648_shield_only_s1_episodes.csv
shield_only,execution_intervention,shield_only,ppo,1,0.15,10000,10006,6,1.0,0.0,0.9921468228856362,0.0,0.0,0.0,0.0,1318.0,617.6796234329885,617.6796234329885,17.07741546152628,18.35635355081176,11.400721642637736,0.0121396054628224,0.0,992146.8228856362,624.5862277989683,35.91057257224044,1.2596708899345128,0.0139702313721504,0.094059405940594,1027.0,31.0,19.0,977.0,77.92109256449166,1644.288577446114,1.0146394269791756,0.9142595008597708,1.4895327425620049,2.9670394324057194,7.193913860303068,13.778094750887249,8.208553287282244,15.013401942997008,1.0146394269791756,1.4895327425620049,/home/aaa/data/qj/stable-baselines3-master/risk_curriculum_metadrive/outputs/tuned_compare_shield_only_nenv16_seed1_1m/runs/shield_only_ppo_s1/config.json,/home/aaa/data/qj/stable-baselines3-master/risk_curriculum_metadrive/outputs/tuned_compare_shield_only_nenv16_seed1_1m/runs/shield_only_ppo_s1/model/final_model.zip,results/ijmlc_control/raw_csv/p1_d015_core_parallel2_20260701_1648_shield_only_s1_episodes.csv
shield_only,execution_intervention,shield_only,ppo,1,0.15,10000,10007,7,0.0,0.0,0.6087426442490099,0.0,0.0,0.0,0.0,1500.0,459.1404767301974,459.1404767301974,12.171172002440985,11.638445659427948,5.047963872488606,0.0073333333333333,0.0,608742.6442490099,506.196941630445,37.77433209474737,4.753326071339611,0.015798189482072,0.0008532423208191,684.0,201.0,2.0,481.0,45.6,1351.252731391179,1.024100318114506,0.9207095063175076,1.579500856314553,3.003674263163702,17.832800321504084,24.068773805629466,18.85690063961859,24.96842945474782,1.024100318114506,1.579500856314553,/home/aaa/data/qj/stable-baselines3-master/risk_curriculum_metadrive/outputs/tuned_compare_shield_only_nenv16_seed1_1m/runs/shield_only_ppo_s1/config.json,/home/aaa/data/qj/stable-baselines3-master/risk_curriculum_metadrive/outputs/tuned_compare_shield_only_nenv16_seed1_1m/runs/shield_only_ppo_s1/model/final_model.zip,results/ijmlc_control/raw_csv/p1_d015_core_parallel2_20260701_1648_shield_only_s1_episodes.csv
shield_only,execution_intervention,shield_only,ppo,1,0.15,10000,10008,8,1.0,0.0,0.9907553236330524,0.0,0.0,0.0,0.0,1116.0,497.0955258004941,497.0955258004941,16.07699173120669,18.20946287074052,8.611610316486061,0.0,0.0,990755.3236330524,497.6530181924446,41.19138258201536,4.399925463056932,0.0061811219511685,0.0022172949002217,746.0,59.0,4.0,683.0,66.84587813620072,1499.0364224245868,0.8655869426427111,0.8183270037989132,1.182600753963925,1.7079817967896782,5.783538830675303,7.816957750037545,6.649125773318014,8.742791003896855,0.8655869426427111,1.182600753963925,/home/aaa/data/qj/stable-baselines3-master/risk_curriculum_metadrive/outputs/tuned_compare_shield_only_nenv16_seed1_1m/runs/shield_only_ppo_s1/config.json,/home/aaa/data/qj/stable-baselines3-master/risk_curriculum_metadrive/outputs/tuned_compare_shield_only_nenv16_seed1_1m/runs/shield_only_ppo_s1/model/final_model.zip,results/ijmlc_control/raw_csv/p1_d015_core_parallel2_20260701_1648_shield_only_s1_episodes.csv
shield_only,execution_intervention,shield_only,ppo,1,0.15,10000,10009,9,1.0,0.0,0.9897430031065384,0.0,0.0,0.0,0.0,984.0,479.54435044595306,479.54435044595306,17.003652205929335,18.36079324498597,12.9779209297554,0.032520325203252,0.0,989743.0031065386,464.20628330436944,3.911601670453379,1.9700304074128463,0.0287697095055011,0.8095238095238095,801.0,0.0,42.0,759.0,81.40243902439023,1725.525975861905,0.8705310945485943,0.8166510015144013,1.191250302508706,1.921417326084336,3.932746555967345,4.882740652101347,4.803277650515939,5.806704603310209,0.8705310945485943,1.191250302508706,/home/aaa/data/qj/stable-baselines3-master/risk_curriculum_metadrive/outputs/tuned_compare_shield_only_nenv16_seed1_1m/runs/shield_only_ppo_s1/config.json,/home/aaa/data/qj/stable-baselines3-master/risk_curriculum_metadrive/outputs/tuned_compare_shield_only_nenv16_seed1_1m/runs/shield_only_ppo_s1/model/final_model.zip,results/ijmlc_control/raw_csv/p1_d015_core_parallel2_20260701_1648_shield_only_s1_episodes.csv
shield_only,execution_intervention,shield_only,ppo,1,0.15,10000,10010,10,0.0,1.0,0.7071678435740367,0.0,0.0,0.0,1.0,1145.0,357.0610230852172,357.0610230852172,12.75549616682001,15.301035955177165,2.761418473228126,0.0296943231441048,0.0,0.7071678435740367,404.9830767592188,51.69370769134444,1.7141535638432723,0.0202517632245817,0.0057388809182209,556.0,140.0,6.0,410.0,48.5589519650655,1372.8968737391658,0.921162860046088,0.8747510000830516,1.2854786065872756,1.858030481380406,12.9832389324753,20.327021199045703,13.904401792521387,21.239795006113127,0.921162860046088,1.2854786065872756,/home/aaa/data/qj/stable-baselines3-master/risk_curriculum_metadrive/outputs/tuned_compare_shield_only_nenv16_seed1_1m/runs/shield_only_ppo_s1/config.json,/home/aaa/data/qj/stable-baselines3-master/risk_curriculum_metadrive/outputs/tuned_compare_shield_only_nenv16_seed1_1m/runs/shield_only_ppo_s1/model/final_model.zip,results/ijmlc_control/raw_csv/p1_d015_core_parallel2_20260701_1648_shield_only_s1_episodes.csv
shield_only,execution_intervention,shield_only,ppo,1,0.15,10000,10011,11,0.0,0.0,0.9045919364889994,0.0,0.0,0.0,0.0,1500.0,524.783548524634,524.783548524634,13.042893405985025,14.094583992187983,4.224636981411155,0.0326666666666666,0.0,904591.9364889994,541.8500262129777,26.938380595991504,1.2080372604830094,0.0255671577720306,0.0205908683974932,707.0,163.0,32.0,512.0,47.13333333333333,1304.7890851667305,0.8865159322449472,0.8336384998983704,1.2211901521368418,2.04753062207601,9.658309843953854,13.88724881107919,10.5448257761988,14.85050535047776,0.8865159322449472,1.2211901521368418,/home/aaa/data/qj/stable-baselines3-master/risk_curriculum_metadrive/outputs/tuned_compare_shield_only_nenv16_seed1_1m/runs/shield_only_ppo_s1/config.json,/home/aaa/data/qj/stable-baselines3-master/risk_curriculum_metadrive/outputs/tuned_compare_shield_only_nenv16_seed1_1m/runs/shield_only_ppo_s1/model/final_model.zip,results/ijmlc_control/raw_csv/p1_d015_core_parallel2_20260701_1648_shield_only_s1_episodes.csv
shield_only,execution_intervention,shield_only,ppo,1,0.15,10000,10012,12,1.0,0.0,0.9889882431129512,0.0,0.0,0.0,0.0,963.0,444.2117509316411,444.2117509316411,16.31274897048197,18.28801857585716,9.020086562912692,0.0643821391484942,0.0,988988.2431129512,435.7799608489397,25.02949201556101,0.3757685536709926,0.0569864303747102,0.2518796992481203,752.0,16.0,68.0,668.0,78.08930425752855,1725.6415337112664,0.8949105411475169,0.83085399819538,1.2177277021692134,2.100278166180942,4.393018686622048,6.157645799976308,5.287929227769564,7.094456294726115,0.8949105411475169,1.2177277021692134,/home/aaa/data/qj/stable-baselines3-master/risk_curriculum_metadrive/outputs/tuned_compare_shield_only_nenv16_seed1_1m/runs/shield_only_ppo_s1/config.json,/home/aaa/data/qj/stable-baselines3-master/risk_curriculum_metadrive/outputs/tuned_compare_shield_only_nenv16_seed1_1m/runs/shield_only_ppo_s1/model/final_model.zip,results/ijmlc_control/raw_csv/p1_d015_core_parallel2_20260701_1648_shield_only_s1_episodes.csv
shield_only,execution_intervention,shield_only,ppo,1,0.15,10000,10013,13,1.0,0.0,0.9925326948354276,0.0,0.0,0.0,0.0,1100.0,555.9607813500115,555.9607813500115,17.636852080989513,18.37201607944444,15.903263420620195,0.0081818181818181,0.0,992532.6948354276,538.3527313655919,35.44669138469658,4.685914715262772,0.0053767124325046,0.0052083333333333,870.0,27.0,5.0,838.0,79.0909090909091,1616.0408396055643,0.890908037121831,0.8556284956284799,1.1928321589948607,1.630731341865612,7.348640122733989,12.318465700809613,8.23954815985582,13.209076406201348,0.890908037121831,1.1928321589948607,/home/aaa/data/qj/stable-baselines3-master/risk_curriculum_metadrive/outputs/tuned_compare_shield_only_nenv16_seed1_1m/runs/shield_only_ppo_s1/config.json,/home/aaa/data/qj/stable-baselines3-master/risk_curriculum_metadrive/outputs/tuned_compare_shield_only_nenv16_seed1_1m/runs/shield_only_ppo_s1/model/final_model.zip,results/ijmlc_control/raw_csv/p1_d015_core_parallel2_20260701_1648_shield_only_s1_episodes.csv
shield_only,execution_intervention,shield_only,ppo,1,0.15,10000,10014,14,0.0,0.0,0.7709225725322826,0.0,0.0,0.0,0.0,1500.0,605.2570295674308,605.2570295674308,15.160164626502006,18.097764504346003,7.417303094226407,0.002,0.0,770922.5725322826,630.9857603556136,78.87889477309947,4.687264569867534,0.0095014757479689,0.0034246575342465,927.0,106.0,4.0,817.0,61.8,1469.1298254933004,0.8545561056913963,0.8062804918154143,1.1452443577582014,1.5560998674482107,12.200640634905236,19.59171460621292,13.055196740596632,20.41376565102837,0.8545561056913963,1.1452443577582014,/home/aaa/data/qj/stable-baselines3-master/risk_curriculum_metadrive/outputs/tuned_compare_shield_only_nenv16_seed1_1m/runs/shield_only_ppo_s1/config.json,/home/aaa/data/qj/stable-baselines3-master/risk_curriculum_metadrive/outputs/tuned_compare_shield_only_nenv16_seed1_1m/runs/shield_only_ppo_s1/model/final_model.zip,results/ijmlc_control/raw_csv/p1_d015_core_parallel2_20260701_1648_shield_only_s1_episodes.csv
shield_only,execution_intervention,shield_only,ppo,1,0.15,10000,10015,15,0.0,0.0,0.753787008201429,0.0,0.0,0.0,0.0,1500.0,516.057167416229,516.057167416229,12.866289228348062,12.22099680785819,5.776624099486234,0.0006666666666666,0.0,753787.008201429,534.9774655911892,74.5127243195372,4.825080419588499,0.0175067874977504,0.0013986013986013,740.0,154.0,4.0,582.0,49.333333333333336,1383.2358325266016,0.7651408615735514,0.7449650001944974,1.0634985483193302,1.4087942475453017,7.604750466533005,12.61036504729418,8.369891328106556,13.534539255488198,0.7651408615735514,1.0634985483193302,/home/aaa/data/qj/stable-baselines3-master/risk_curriculum_metadrive/outputs/tuned_compare_shield_only_nenv16_seed1_1m/runs/shield_only_ppo_s1/config.json,/home/aaa/data/qj/stable-baselines3-master/risk_curriculum_metadrive/outputs/tuned_compare_shield_only_nenv16_seed1_1m/runs/shield_only_ppo_s1/model/final_model.zip,results/ijmlc_control/raw_csv/p1_d015_core_parallel2_20260701_1648_shield_only_s1_episodes.csv
shield_only,execution_intervention,shield_only,ppo,1,0.15,10000,10016,16,1.0,0.0,0.990358911634072,0.0,0.0,0.0,0.0,1042.0,495.9730476048557,495.9730476048557,16.833914480697246,18.29895449526535,12.45416841672528,0.0268714011516314,0.0,990358.911634072,486.71485281465976,10.03309535988617,0.8758196833783117,0.0325618607473087,0.3727272727272727,799.0,14.0,41.0,744.0,76.67946257197697,1641.6182809696545,0.6791046993779475,0.63626700284658,0.9688872552942484,1.5094272611895525,3.1490896842382123,4.943540996464435,3.82819438361616,5.760640939115547,0.6791046993779475,0.9688872552942484,/home/aaa/data/qj/stable-baselines3-master/risk_curriculum_metadrive/outputs/tuned_compare_shield_only_nenv16_seed1_1m/runs/shield_only_ppo_s1/config.json,/home/aaa/data/qj/stable-baselines3-master/risk_curriculum_metadrive/outputs/tuned_compare_shield_only_nenv16_seed1_1m/runs/shield_only_ppo_s1/model/final_model.zip,results/ijmlc_control/raw_csv/p1_d015_core_parallel2_20260701_1648_shield_only_s1_episodes.csv
shield_only,execution_intervention,shield_only,ppo,1,0.15,10000,10017,17,0.0,0.0,0.5106055214071727,0.0,0.0,0.0,0.0,1500.0,385.826624347027,385.826624347027,9.79074535470079,9.2341001022428,0.5864526906306834,0.1566666666666666,0.0,510605.5214071728,403.32298933481707,37.77618377767428,3.304995865918651,0.050560407532369,0.030938123752495,703.0,184.0,83.0,436.0,46.86666666666667,1743.019908583508,0.8004499233987493,0.769442500313744,1.0530037005082702,1.4182458924187813,14.726806773338469,22.50038270285586,15.527256696737217,23.43090054782806,0.8004499233987493,1.0530037005082702,/home/aaa/data/qj/stable-baselines3-master/risk_curriculum_metadrive/outputs/tuned_compare_shield_only_nenv16_seed1_1m/runs/shield_only_ppo_s1/config.json,/home/aaa/data/qj/stable-baselines3-master/risk_curriculum_metadrive/outputs/tuned_compare_shield_only_nenv16_seed1_1m/runs/shield_only_ppo_s1/model/final_model.zip,results/ijmlc_control/raw_csv/p1_d015_core_parallel2_20260701_1648_shield_only_s1_episodes.csv
shield_only,execution_intervention,shield_only,ppo,1,0.15,10000,10018,18,1.0,0.0,0.991523733235691,0.0,0.0,0.0,0.0,967.0,436.77137577744463,436.77137577744463,15.920484428427546,18.213995777889515,8.253599023255266,0.0186142709410548,0.0,991523.733235691,426.9417412207456,68.24209771311645,3.283617745530393,0.0174689454530776,0.0437710437710437,664.0,39.0,22.0,603.0,68.66597724922441,1555.247322741128,0.8690385083521542,0.8380810031667352,1.0879789013415573,1.3887921551940965,7.504756204046418,9.780799104191829,8.373794712398572,10.688953110366125,0.8690385083521542,1.0879789013415573,/home/aaa/data/qj/stable-baselines3-master/risk_curriculum_metadrive/outputs/tuned_compare_shield_only_nenv16_seed1_1m/runs/shield_only_ppo_s1/config.json,/home/aaa/data/qj/stable-baselines3-master/risk_curriculum_metadrive/outputs/tuned_compare_shield_only_nenv16_seed1_1m/runs/shield_only_ppo_s1/model/final_model.zip,results/ijmlc_control/raw_csv/p1_d015_core_parallel2_20260701_1648_shield_only_s1_episodes.csv
shield_only,execution_intervention,shield_only,ppo,1,0.15,10000,10019,19,1.0,0.0,0.9929426594784818,0.0,0.0,0.0,0.0,1389.0,695.6593577955935,695.6593577955935,17.69400893207797,18.4134313388431,17.88741255369185,0.0122390208783297,0.0,992942.659478482,682.1390006357068,46.05498692417503,2.475871469766062,0.0083253450160834,0.1038961038961039,1158.0,15.0,15.0,1128.0,83.36933045356372,1697.6012204562758,0.7891339491958924,0.7678670081077144,1.0937544051557777,1.3899910828331334,7.542763414079138,14.510540201445108,8.331897363275031,15.411624789703636,0.7891339491958924,1.0937544051557777,/home/aaa/data/qj/stable-baselines3-master/risk_curriculum_metadrive/outputs/tuned_compare_shield_only_nenv16_seed1_1m/runs/shield_only_ppo_s1/config.json,/home/aaa/data/qj/stable-baselines3-master/risk_curriculum_metadrive/outputs/tuned_compare_shield_only_nenv16_seed1_1m/runs/shield_only_ppo_s1/model/final_model.zip,results/ijmlc_control/raw_csv/p1_d015_core_parallel2_20260701_1648_shield_only_s1_episodes.csv
shield_only,execution_intervention,shield_only,ppo,1,0.15,20000,20000,0,0.0,1.0,0.610647352627896,0.0,0.0,0.0,1.0,468.0,178.44778512063206,178.44778512063206,17.244755279226435,18.29622890445787,13.141229979342896,0.0,0.0,0.610647352627896,223.67685781436904,43.40378591461378,4.553181571711802,0.0036232276155123,0.0117647058823529,334.0,13.0,2.0,319.0,71.36752136752136,1493.225554327077,0.6546210343392295,0.6105089996708557,0.904469996021362,1.109676477208266,3.178311627947489,4.628702103946125,3.832932662286718,5.365030904795276,0.6546210343392295,0.904469996021362,/home/aaa/data/qj/stable-baselines3-master/risk_curriculum_metadrive/outputs/tuned_compare_shield_only_nenv16_seed1_1m/runs/shield_only_ppo_s1/config.json,/home/aaa/data/qj/stable-baselines3-master/risk_curriculum_metadrive/outputs/tuned_compare_shield_only_nenv16_seed1_1m/runs/shield_only_ppo_s1/model/final_model.zip,results/ijmlc_control/raw_csv/p1_d015_core_parallel2_20260701_1648_shield_only_s1_episodes.csv
shield_only,execution_intervention,shield_only,ppo,1,0.15,20000,20001,1,1.0,0.0,0.9905367320547176,0.0,0.0,0.0,0.0,1063.0,440.1713125728345,440.1713125728345,17.23717181428227,18.328138746062383,13.634833191734042,0.0084666039510818,0.0,990536.7320547176,508.4293265217776,40.20037272742637,0.1919257021548103,0.0130026113920555,0.0681818181818181,826.0,17.0,14.0,795.0,77.70460959548447,1624.6112427281864,0.6515035539473866,0.5986570031382143,0.9438756096642464,1.3779216801049186,3.193708783491893,4.927262003184296,3.84521233743928,5.708324504666962,0.6515035539473866,0.9438756096642464,/home/aaa/data/qj/stable-baselines3-master/risk_curriculum_metadrive/outputs/tuned_compare_shield_only_nenv16_seed1_1m/runs/shield_only_ppo_s1/config.json,/home/aaa/data/qj/stable-baselines3-master/risk_curriculum_metadrive/outputs/tuned_compare_shield_only_nenv16_seed1_1m/runs/shield_only_ppo_s1/model/final_model.zip,results/ijmlc_control/raw_csv/p1_d015_core_parallel2_20260701_1648_shield_only_s1_episodes.csv
shield_only,execution_intervention,shield_only,ppo,1,0.15,20000,20002,2,1.0,0.0,0.989391632601406,0.0,0.0,0.0,0.0,1132.0,505.1829390198328,505.1829390198328,15.693951968440084,18.195315690388227,7.536598199688585,0.0326855123674911,0.0,989391.632601406,492.6315259960911,26.75738828389075,3.697110385165869,0.0213258415351703,0.02803738317757,766.0,59.0,35.0,672.0,67.6678445229682,1554.914697046973,0.6650850936441761,0.6165170052554458,0.9291129499615636,1.266201244725388,4.123318264469757,6.665295649145265,4.788403358113933,7.52289225201821,0.6650850936441761,0.9291129499615636,/home/aaa/data/qj/stable-baselines3-master/risk_curriculum_metadrive/outputs/tuned_compare_shield_only_nenv16_seed1_1m/runs/shield_only_ppo_s1/config.json,/home/aaa/data/qj/stable-baselines3-master/risk_curriculum_metadrive/outputs/tuned_compare_shield_only_nenv16_seed1_1m/runs/shield_only_ppo_s1/model/final_model.zip,results/ijmlc_control/raw_csv/p1_d015_core_parallel2_20260701_1648_shield_only_s1_episodes.csv
shield_only,execution_intervention,shield_only,ppo,1,0.15,20000,20003,3,1.0,0.0,0.993104418724302,0.0,0.0,0.0,0.0,1451.0,688.3527933452059,688.3527933452059,16.814930702102426,18.309530798474672,9.486179549411082,0.0020675396278428,0.0,993104.418724302,677.1099900708628,54.03112838763016,1.5009660021164792,0.0081970493344988,0.0157303370786516,1097.0,46.0,8.0,1043.0,75.60303239145418,1620.1208313071763,0.6427377214412822,0.602029002038762,0.8853679973981343,1.049412501743063,6.99856956056738,13.156641492969356,7.641307282008662,13.775847997749224,0.6427377214412822,0.8853679973981343,/home/aaa/data/qj/stable-baselines3-master/risk_curriculum_metadrive/outputs/tuned_compare_shield_only_nenv16_seed1_1m/runs/shield_only_ppo_s1/config.json,/home/aaa/data/qj/stable-baselines3-master/risk_curriculum_metadrive/outputs/tuned_compare_shield_only_nenv16_seed1_1m/runs/shield_only_ppo_s1/model/final_model.zip,results/ijmlc_control/raw_csv/p1_d015_core_parallel2_20260701_1648_shield_only_s1_episodes.csv
shield_only,execution_intervention,shield_only,ppo,1,0.15,20000,20004,4,1.0,0.0,0.9909151359671008,0.0,0.0,0.0,0.0,1026.0,525.934540902945,525.934540902945,17.62394821492537,18.360574945067395,16.48867226096475,0.0077972709551656,0.0,990915.135967101,501.77505350213903,34.437320985604096,5.873031741263992,0.0049934482173609,0.0,829.0,23.0,3.0,803.0,80.79922027290448,1652.1347448702252,0.5427606500812069,0.5164354952285066,0.765398010116769,0.9621752469683996,2.550057154244128,3.766804758924991,3.092817804325335,4.418752498168033,0.5427606500812069,0.765398010116769,/home/aaa/data/qj/stable-baselines3-master/risk_curriculum_metadrive/outputs/tuned_compare_shield_only_nenv16_seed1_1m/runs/shield_only_ppo_s1/config.json,/home/aaa/data/qj/stable-baselines3-master/risk_curriculum_metadrive/outputs/tuned_compare_shield_only_nenv16_seed1_1m/runs/shield_only_ppo_s1/model/final_model.zip,results/ijmlc_control/raw_csv/p1_d015_core_parallel2_20260701_1648_shield_only_s1_episodes.csv
shield_only,execution_intervention,shield_only,ppo,1,0.15,20000,20005,5,1.0,0.0,0.9925304739255408,0.0,0.0,0.0,0.0,1260.0,575.1444335909995,575.1444335909995,16.538574708233835,18.17883975656456,10.900170031089864,0.0,0.0,992530.4739255408,578.2369113471602,41.171128875629634,5.2989956867605885,0.006760060553317,0.0,845.0,81.0,1.0,763.0,67.06349206349206,1461.338740951944,0.6402400372381736,0.5916890077060089,0.908056299522286,1.2452819413738363,5.703345928452022,8.714339797734283,6.343585965690195,9.51603539288044,0.6402400372381736,0.908056299522286,/home/aaa/data/qj/stable-baselines3-master/risk_curriculum_metadrive/outputs/tuned_compare_shield_only_nenv16_seed1_1m/runs/shield_only_ppo_s1/config.json,/home/aaa/data/qj/stable-baselines3-master/risk_curriculum_metadrive/outputs/tuned_compare_shield_only_nenv16_seed1_1m/runs/shield_only_ppo_s1/model/final_model.zip,results/ijmlc_control/raw_csv/p1_d015_core_parallel2_20260701_1648_shield_only_s1_episodes.csv
shield_only,execution_intervention,shield_only,ppo,1,0.15,20000,20006,6,1.0,0.0,0.9913622039237564,0.0,0.0,0.0,0.0,1161.0,578.9394869960447,578.9394869960447,17.780457476879878,18.3515299501991,17.700469829309018,0.0008613264427217,0.0,991362.2039237564,572.9555848848861,114.91517465351258,7.002736356636331,0.0022827857386948,0.0,935.0,22.0,2.0,911.0,80.53402239448751,1631.8891458015078,0.5888796312837564,0.5449729942483827,0.8461889956379309,1.0222456039628018,3.167035443572232,4.1002180078066885,3.755915074855989,4.803096991963685,0.5888796312837564,0.8461889956379309,/home/aaa/data/qj/stable-baselines3-master/risk_curriculum_metadrive/outputs/tuned_compare_shield_only_nenv16_seed1_1m/runs/shield_only_ppo_s1/config.json,/home/aaa/data/qj/stable-baselines3-master/risk_curriculum_metadrive/outputs/tuned_compare_shield_only_nenv16_seed1_1m/runs/shield_only_ppo_s1/model/final_model.zip,results/ijmlc_control/raw_csv/p1_d015_core_parallel2_20260701_1648_shield_only_s1_episodes.csv
shield_only,execution_intervention,shield_only,ppo,1,0.15,20000,20007,7,0.0,1.0,0.5180815690805036,1.0,1.0,0.0,0.0,527.0,199.92028126391415,199.92028126391415,15.507365778889389,18.308727106347103,0.0140884420977645,0.127134724857685,0.0,0.5180815690805036,226.51794392813963,3.815254127939996,0.505458079526216,0.0893022557198197,0.6666666666666666,441.0,0.0,69.0,372.0,83.68121442125236,1946.8656317130556,0.6170204440326177,0.5707890086341649,0.8711673974175937,1.154082156717778,3.20360705124915,4.102649899141397,3.820627495281768,4.75292399933096,0.6170204440326177,0.8711673974175937,/home/aaa/data/qj/stable-baselines3-master/risk_curriculum_metadrive/outputs/tuned_compare_shield_only_nenv16_seed1_1m/runs/shield_only_ppo_s1/config.json,/home/aaa/data/qj/stable-baselines3-master/risk_curriculum_metadrive/outputs/tuned_compare_shield_only_nenv16_seed1_1m/runs/shield_only_ppo_s1/model/final_model.zip,results/ijmlc_control/raw_csv/p1_d015_core_parallel2_20260701_1648_shield_only_s1_episodes.csv
shield_only,execution_intervention,shield_only,ppo,1,0.15,20000,20008,8,0.0,0.0,0.9367304610355373,0.0,0.0,0.0,0.0,1500.0,581.4872630486027,581.4872630486027,15.24792020809809,18.127906788276395,5.410434590563494,0.016,0.0,936730.4610355372,634.4475152030313,33.47625458404469,1.055453053482105,0.0205088919827766,0.041970802919708,964.0,83.0,32.0,849.0,64.26666666666667,1519.4322255190923,0.6927731362714743,0.6486049969680607,0.9907760540954766,1.3830272435734514,5.954440391418757,7.771475954359629,6.647213527690231,8.570132758177351,0.6927731362714743,0.9907760540954766,/home/aaa/data/qj/stable-baselines3-master/risk_curriculum_metadrive/outputs/tuned_compare_shield_only_nenv16_seed1_1m/runs/shield_only_ppo_s1/config.json,/home/aaa/data/qj/stable-baselines3-master/risk_curriculum_metadrive/outputs/tuned_compare_shield_only_nenv16_seed1_1m/runs/shield_only_ppo_s1/model/final_model.zip,results/ijmlc_control/raw_csv/p1_d015_core_parallel2_20260701_1648_shield_only_s1_episodes.csv
shield_only,execution_intervention,shield_only,ppo,1,0.15,20000,20009,9,0.0,1.0,0.1396773133661436,1.0,1.0,0.0,0.0,115.0,41.19019195611435,41.19019195611435,16.49419920383649,18.31806269418398,9.14527383591042,0.017391304347826,1.0,0.1396773133661436,52.43342730972638,24.91529064720657,0.7471010335771794,0.0485374369442355,0.8571428571428571,86.0,0.0,6.0,80.0,74.78260869565217,1640.1750641245424,0.6363954950559317,0.5816729972139001,0.8647612950881012,1.4321411380660718,3.251611895646657,4.078228602884337,3.888007390702589,4.703827889170498,0.6363954950559317,0.8647612950881012,/home/aaa/data/qj/stable-baselines3-master/risk_curriculum_metadrive/outputs/tuned_compare_shield_only_nenv16_seed1_1m/runs/shield_only_ppo_s1/config.json,/home/aaa/data/qj/stable-baselines3-master/risk_curriculum_metadrive/outputs/tuned_compare_shield_only_nenv16_seed1_1m/runs/shield_only_ppo_s1/model/final_model.zip,results/ijmlc_control/raw_csv/p1_d015_core_parallel2_20260701_1648_shield_only_s1_episodes.csv
shield_only,execution_intervention,shield_only,ppo,1,0.15,20000,20010,10,1.0,0.0,0.9895301882442052,0.0,0.0,0.0,0.0,906.0,468.1445229583198,468.1445229583198,17.734330898711743,18.376107021238,17.874050686310355,0.009933774834437,0.0,989530.1882442052,445.8146489526056,24.19000460328761,2.2599861183910264,0.0097890181026923,0.1527777777777778,740.0,9.0,11.0,720.0,81.67770419426049,1659.8826479536997,0.5837529635401988,0.5331939973984845,0.8537997455277946,1.183839402801823,2.3095198310201086,3.380050249688793,2.8932727945603074,4.085941003722837,0.5837529635401988,0.8537997455277946,/home/aaa/data/qj/stable-baselines3-master/risk_curriculum_metadrive/outputs/tuned_compare_shield_only_nenv16_seed1_1m/runs/shield_only_ppo_s1/config.json,/home/aaa/data/qj/stable-baselines3-master/risk_curriculum_metadrive/outputs/tuned_compare_shield_only_nenv16_seed1_1m/runs/shield_only_ppo_s1/model/final_model.zip,results/ijmlc_control/raw_csv/p1_d015_core_parallel2_20260701_1648_shield_only_s1_episodes.csv
shield_only,execution_intervention,shield_only,ppo,1,0.15,20000,20011,11,1.0,0.0,0.9916181419132192,0.0,0.0,0.0,0.0,1280.0,560.4436902222479,560.4436902222479,15.504516042978102,18.290396144957064,0.0627332193341194,0.11875,0.0,991618.1419132194,550.5873262300513,14.111265833437018,0.0582068229123143,0.0852150707601016,0.4111111111111111,1057.0,15.0,151.0,891.0,82.578125,1919.768126951681,0.6583056725730785,0.5957904941169545,0.8906089999072718,1.233779096946819,5.910651331112149,7.98423339438159,6.568957003685227,8.642884450091515,0.6583056725730785,0.8906089999072718,/home/aaa/data/qj/stable-baselines3-master/risk_curriculum_metadrive/outputs/tuned_compare_shield_only_nenv16_seed1_1m/runs/shield_only_ppo_s1/config.json,/home/aaa/data/qj/stable-baselines3-master/risk_curriculum_metadrive/outputs/tuned_compare_shield_only_nenv16_seed1_1m/runs/shield_only_ppo_s1/model/final_model.zip,results/ijmlc_control/raw_csv/p1_d015_core_parallel2_20260701_1648_shield_only_s1_episodes.csv
shield_only,execution_intervention,shield_only,ppo,1,0.15,20000,20012,12,1.0,0.0,0.9912646349187132,0.0,0.0,0.0,0.0,1041.0,535.6558301128374,535.6558301128374,17.97683068634736,18.413658695817084,17.93033920518561,0.0076849183477425,0.0,991264.6349187132,519.356990832762,107.7944231158294,2.986162783856531,0.0071948946312116,0.0862068965517241,889.0,0.0,11.0,878.0,85.39865513928915,1711.732037291988,0.6353396378407447,0.5984309973428026,0.9286330023314804,1.3185630028601734,2.8227212739075958,4.7394619905389845,3.45806091174834,5.50122102140449,0.6353396378407447,0.9286330023314804,/home/aaa/data/qj/stable-baselines3-master/risk_curriculum_metadrive/outputs/tuned_compare_shield_only_nenv16_seed1_1m/runs/shield_only_ppo_s1/config.json,/home/aaa/data/qj/stable-baselines3-master/risk_curriculum_metadrive/outputs/tuned_compare_shield_only_nenv16_seed1_1m/runs/shield_only_ppo_s1/model/final_model.zip,results/ijmlc_control/raw_csv/p1_d015_core_parallel2_20260701_1648_shield_only_s1_episodes.csv
shield_only,execution_intervention,shield_only,ppo,1,0.15,20000,20013,13,1.0,0.0,0.9936607151556472,0.0,0.0,0.0,0.0,1481.0,661.8567486000491,661.8567486000491,16.27972481123866,18.259651668731497,7.781860957694031,0.0155300472653612,0.0,993660.7151556473,669.0619068173984,44.450634151500815,3.8657224258888063,0.0116747225423414,0.0137457044673539,1081.0,66.0,15.0,1000.0,72.99122214719785,1615.69503357636,0.664094488861924,0.6137050077086315,0.9294759947806596,1.3056458003120512,6.4036493401141685,10.48134799930267,7.067743828976093,11.282709005172364,0.664094488861924,0.9294759947806596,/home/aaa/data/qj/stable-baselines3-master/risk_curriculum_metadrive/outputs/tuned_compare_shield_only_nenv16_seed1_1m/runs/shield_only_ppo_s1/config.json,/home/aaa/data/qj/stable-baselines3-master/risk_curriculum_metadrive/outputs/tuned_compare_shield_only_nenv16_seed1_1m/runs/shield_only_ppo_s1/model/final_model.zip,results/ijmlc_control/raw_csv/p1_d015_core_parallel2_20260701_1648_shield_only_s1_episodes.csv
shield_only,execution_intervention,shield_only,ppo,1,0.15,20000,20014,14,1.0,0.0,0.9913183478736404,0.0,0.0,0.0,0.0,1148.0,533.1013790396204,533.1013790396204,16.885498425470853,18.231246594689956,12.233883587284634,0.0043554006968641,0.0,991318.3478736402,537.9490825046282,37.57750380969439,2.200891618444572,0.0091412531136855,0.0059880239520958,808.0,59.0,6.0,743.0,70.38327526132404,1502.000888705017,0.6712968345104395,0.6282024914980866,1.002582906221505,1.4213927680975726,4.296214461507306,6.377503198746125,4.967511296017746,7.118831291882088,0.6712968345104395,1.002582906221505,/home/aaa/data/qj/stable-baselines3-master/risk_curriculum_metadrive/outputs/tuned_compare_shield_only_nenv16_seed1_1m/runs/shield_only_ppo_s1/config.json,/home/aaa/data/qj/stable-baselines3-master/risk_curriculum_metadrive/outputs/tuned_compare_shield_only_nenv16_seed1_1m/runs/shield_only_ppo_s1/model/final_model.zip,results/ijmlc_control/raw_csv/p1_d015_core_parallel2_20260701_1648_shield_only_s1_episodes.csv
shield_only,execution_intervention,shield_only,ppo,1,0.15,20000,20015,15,1.0,0.0,0.993294752782914,0.0,0.0,0.0,0.0,1183.0,576.0254676938764,576.0254676938764,17.92772703770057,18.41424535588792,17.936765749294505,0.007607776838546,0.0,993294.7527829142,588.6536289088847,30.726591444722043,2.488530603158401,0.0068930296653031,0.28,1002.0,1.0,14.0,987.0,84.69991546914623,1702.1894553802122,0.6408279595905655,0.5933689972152933,0.965357602399307,1.319156234094409,2.7786327575496577,4.122477903729303,3.419460717140223,4.833848707494325,0.6408279595905655,0.965357602399307,/home/aaa/data/qj/stable-baselines3-master/risk_curriculum_metadrive/outputs/tuned_compare_shield_only_nenv16_seed1_1m/runs/shield_only_ppo_s1/config.json,/home/aaa/data/qj/stable-baselines3-master/risk_curriculum_metadrive/outputs/tuned_compare_shield_only_nenv16_seed1_1m/runs/shield_only_ppo_s1/model/final_model.zip,results/ijmlc_control/raw_csv/p1_d015_core_parallel2_20260701_1648_shield_only_s1_episodes.csv
shield_only,execution_intervention,shield_only,ppo,1,0.15,20000,20016,16,0.0,0.0,0.7260246472265779,0.0,0.0,0.0,0.0,1500.0,492.7390836078499,492.7390836078499,12.52098996359854,13.661831553889051,3.9002500623146927,0.006,0.0,726024.647226578,520.5756170820373,33.54474655290142,5.791303881176098,0.0138498180509575,0.0,685.0,175.0,3.0,507.0,45.66666666666666,1315.85110313004,0.731147133987785,0.6828529949416406,1.0341677480028009,1.952582367666764,6.714917842609187,12.561849648773205,7.446064976596972,13.386991762672553,0.731147133987785,1.0341677480028009,/home/aaa/data/qj/stable-baselines3-master/risk_curriculum_metadrive/outputs/tuned_compare_shield_only_nenv16_seed1_1m/runs/shield_only_ppo_s1/config.json,/home/aaa/data/qj/stable-baselines3-master/risk_curriculum_metadrive/outputs/tuned_compare_shield_only_nenv16_seed1_1m/runs/shield_only_ppo_s1/model/final_model.zip,results/ijmlc_control/raw_csv/p1_d015_core_parallel2_20260701_1648_shield_only_s1_episodes.csv
shield_only,execution_intervention,shield_only,ppo,1,0.15,20000,20017,17,1.0,0.0,0.9933672317597192,0.0,0.0,0.0,0.0,1280.0,591.5748875653555,591.5748875653555,17.311713955534493,18.33802540804478,13.255698801859356,0.00625,0.0,993367.2317597192,614.944698093927,45.52793292624323,2.6212906355088066,0.0115337595025635,0.0580357142857142,981.0,23.0,18.0,940.0,76.640625,1595.2654003533853,0.6794391108201125,0.6287015057750978,0.9852383533143436,1.554037427558797,4.443758815114052,6.916132256446872,5.123197925934164,7.718934201693627,0.6794391108201125,0.9852383533143436,/home/aaa/data/qj/stable-baselines3-master/risk_curriculum_metadrive/outputs/tuned_compare_shield_only_nenv16_seed1_1m/runs/shield_only_ppo_s1/config.json,/home/aaa/data/qj/stable-baselines3-master/risk_curriculum_metadrive/outputs/tuned_compare_shield_only_nenv16_seed1_1m/runs/shield_only_ppo_s1/model/final_model.zip,results/ijmlc_control/raw_csv/p1_d015_core_parallel2_20260701_1648_shield_only_s1_episodes.csv
shield_only,execution_intervention,shield_only,ppo,1,0.15,20000,20018,18,0.0,0.0,0.822781428399962,0.0,0.0,0.0,0.0,1500.0,593.9486112312694,593.9486112312694,15.534696753391348,18.07249332089741,8.999741970436045,0.0053333333333333,0.0,822781.4283999621,646.3327088433099,60.89126602827129,4.06522052432838,0.0122237149314935,0.0018115942028985,913.0,115.0,5.0,793.0,60.86666666666667,1412.5851709314284,0.7697572946587267,0.7264180021593347,1.134304653533036,1.8526346472208384,10.575019553332822,16.09760220380849,11.344776847991549,16.868769757275004,0.7697572946587267,1.134304653533036,/home/aaa/data/qj/stable-baselines3-master/risk_curriculum_metadrive/outputs/tuned_compare_shield_only_nenv16_seed1_1m/runs/shield_only_ppo_s1/config.json,/home/aaa/data/qj/stable-baselines3-master/risk_curriculum_metadrive/outputs/tuned_compare_shield_only_nenv16_seed1_1m/runs/shield_only_ppo_s1/model/final_model.zip,results/ijmlc_control/raw_csv/p1_d015_core_parallel2_20260701_1648_shield_only_s1_episodes.csv
shield_only,execution_intervention,shield_only,ppo,1,0.15,20000,20019,19,1.0,0.0,0.9904418652586696,0.0,0.0,0.0,0.0,1209.0,557.0293931139943,557.0293931139943,16.602738040308104,18.23789611322517,10.333425530716996,0.0057899090157154,0.0,990441.8652586696,556.9680464480264,35.17719822588214,3.5673718392764804,0.0094245340461752,0.0116731517509727,860.0,58.0,8.0,794.0,71.13316790736147,1544.0742166171128,0.6460725193974394,0.5861899990122765,0.9748734009917814,1.8289964023279104,5.467969275574023,8.562721800990403,6.114041794971463,9.277664389810525,0.6460725193974394,0.9748734009917814,/home/aaa/data/qj/stable-baselines3-master/risk_curriculum_metadrive/outputs/tuned_compare_shield_only_nenv16_seed1_1m/runs/shield_only_ppo_s1/config.json,/home/aaa/data/qj/stable-baselines3-master/risk_curriculum_metadrive/outputs/tuned_compare_shield_only_nenv16_seed1_1m/runs/shield_only_ppo_s1/model/final_model.zip,results/ijmlc_control/raw_csv/p1_d015_core_parallel2_20260701_1648_shield_only_s1_episodes.csv
shield_only,execution_intervention,shield_only,ppo,2,0.15,10000,10000,0,0.0,1.0,0.3877575476762394,1.0,1.0,0.0,0.0,413.0,186.57390587413389,186.57390587413389,17.619499022765595,18.38874047403736,17.550869268510272,0.009685230024213,0.0,0.3877575476762394,201.9391184944048,10.59684226969986,0.7963372550407466,0.0200556206992366,0.3333333333333333,339.0,3.0,9.0,327.0,82.08232445520581,1678.7237783718108,1.5337081093943763,0.8810629951767623,3.6685915983980495,5.874419355532152,12.5355055084191,25.63533739885315,14.069213617813478,27.498345999629237,1.5337081093943763,3.6685915983980495,/home/aaa/data/qj/stable-baselines3-master/risk_curriculum_metadrive/outputs/tuned_compare_shield_only_nenv16_seed2_1m/runs/shield_only_ppo_s2/config.json,/home/aaa/data/qj/stable-baselines3-master/risk_curriculum_metadrive/outputs/tuned_compare_shield_only_nenv16_seed2_1m/runs/shield_only_ppo_s2/model/final_model.zip,results/ijmlc_control/raw_csv/p1_d015_core_parallel2_20260701_1648_shield_only_s2_episodes.csv
shield_only,execution_intervention,shield_only,ppo,2,0.15,10000,10001,1,1.0,0.0,0.990206877477452,0.0,0.0,0.0,0.0,1041.0,511.7501559265002,511.7501559265002,17.654838889122043,18.374428272803343,16.547228232734177,0.004803073967339,0.0,990206.877477452,509.9809280151056,62.51659829410768,5.505909083836682,0.0032376700809994,0.0,834.0,21.0,2.0,811.0,80.11527377521614,1635.3552734726918,1.4229591134021964,0.9634470043238252,4.736210001283325,6.09230740519706,10.375446282223956,20.622302996343933,11.798405395626151,22.45506401231978,1.4229591134021964,4.736210001283325,/home/aaa/data/qj/stable-baselines3-master/risk_curriculum_metadrive/outputs/tuned_compare_shield_only_nenv16_seed2_1m/runs/shield_only_ppo_s2/config.json,/home/aaa/data/qj/stable-baselines3-master/risk_curriculum_metadrive/outputs/tuned_compare_shield_only_nenv16_seed2_1m/runs/shield_only_ppo_s2/model/final_model.zip,results/ijmlc_control/raw_csv/p1_d015_core_parallel2_20260701_1648_shield_only_s2_episodes.csv
shield_only,execution_intervention,shield_only,ppo,2,0.15,10000,10002,2,1.0,0.0,0.991527433990666,0.0,0.0,0.0,0.0,1291.0,541.8949939238868,541.8949939238868,15.444648497936326,18.186589304900934,5.879916302769163,0.0333075135553834,0.0,991527.433990666,552.9889574777812,43.14451609509315,2.7096003185247963,0.019371560680858,0.0207156308851224,877.0,80.0,24.0,773.0,67.93183578621223,1585.92678595257,1.2347600990673708,0.9545659995637834,3.532217502652202,5.885640703490931,15.308193639684562,33.74661900306819,16.542953738751933,35.825220998958685,1.2347600990673708,3.532217502652202,/home/aaa/data/qj/stable-baselines3-master/risk_curriculum_metadrive/outputs/tuned_compare_shield_only_nenv16_seed2_1m/runs/shield_only_ppo_s2/config.json,/home/aaa/data/qj/stable-baselines3-master/risk_curriculum_metadrive/outputs/tuned_compare_shield_only_nenv16_seed2_1m/runs/shield_only_ppo_s2/model/final_model.zip,results/ijmlc_control/raw_csv/p1_d015_core_parallel2_20260701_1648_shield_only_s2_episodes.csv
shield_only,execution_intervention,shield_only,ppo,2,0.15,10000,10003,3,1.0,0.0,0.990512651433389,0.0,0.0,0.0,0.0,1034.0,454.4498134666812,454.4498134666812,16.241059708029788,18.182939807178265,10.023189947860269,0.0,0.0,990512.651433389,465.739309979912,45.00532249740322,5.07452845401215,0.0079972148614678,0.0,676.0,56.0,4.0,616.0,65.37717601547389,1451.455751135022,1.1976698201658147,0.924823500099592,3.007267793145726,6.077509235910835,7.147170111972242,17.028550752002044,8.344839932138058,19.49825880510616,1.1976698201658147,3.007267793145726,/home/aaa/data/qj/stable-baselines3-master/risk_curriculum_metadrive/outputs/tuned_compare_shield_only_nenv16_seed2_1m/runs/shield_only_ppo_s2/config.json,/home/aaa/data/qj/stable-baselines3-master/risk_curriculum_metadrive/outputs/tuned_compare_shield_only_nenv16_seed2_1m/runs/shield_only_ppo_s2/model/final_model.zip,results/ijmlc_control/raw_csv/p1_d015_core_parallel2_20260701_1648_shield_only_s2_episodes.csv
shield_only,execution_intervention,shield_only,ppo,2,0.15,10000,10004,4,0.0,0.0,0.3888212830511451,0.0,0.0,0.0,0.0,1500.0,216.8199389588772,216.8199389588772,5.510591251128858,1.2906764509236317,0.3065130747423338,0.4613333333333333,0.0,388821.2830511452,219.3055423453229,30.29273074882316,1.993403560480445,0.1258702170186497,0.1277372262773722,690.0,246.0,201.0,243.0,46.0,3146.2953130181827,1.2863612755512197,0.93681499856757,4.363900898897553,6.097661387902917,13.513679722159091,24.608022697793785,14.800040997710312,26.945172696287045,1.2863612755512197,4.363900898897553,/home/aaa/data/qj/stable-baselines3-master/risk_curriculum_metadrive/outputs/tuned_compare_shield_only_nenv16_seed2_1m/runs/shield_only_ppo_s2/config.json,/home/aaa/data/qj/stable-baselines3-master/risk_curriculum_metadrive/outputs/tuned_compare_shield_only_nenv16_seed2_1m/runs/shield_only_ppo_s2/model/final_model.zip,results/ijmlc_control/raw_csv/p1_d015_core_parallel2_20260701_1648_shield_only_s2_episodes.csv
shield_only,execution_intervention,shield_only,ppo,2,0.15,10000,10005,5,1.0,0.0,0.9904904746761511,0.0,0.0,0.0,0.0,1058.0,506.9605397161367,506.9605397161367,16.66539861950818,18.35954632149385,9.68693801638442,0.0406427221172022,0.0,990490.4746761512,489.2118546926347,27.77422396195802,1.8410554405549784,0.0287404519491633,0.1421800947867298,848.0,24.0,39.0,785.0,80.15122873345936,1733.4003496967323,1.0404909461456535,0.948060493101366,1.6201061567699062,2.7378116335603537,8.376575489860778,14.33333045715699,9.417066436006431,15.449237098073354,1.0404909461456535,1.6201061567699062,/home/aaa/data/qj/stable-baselines3-master/risk_curriculum_metadrive/outputs/tuned_compare_shield_only_nenv16_seed2_1m/runs/shield_only_ppo_s2/config.json,/home/aaa/data/qj/stable-baselines3-master/risk_curriculum_metadrive/outputs/tuned_compare_shield_only_nenv16_seed2_1m/runs/shield_only_ppo_s2/model/final_model.zip,results/ijmlc_control/raw_csv/p1_d015_core_parallel2_20260701_1648_shield_only_s2_episodes.csv
shield_only,execution_intervention,shield_only,ppo,2,0.15,10000,10006,6,1.0,0.0,0.9927136101258084,0.0,0.0,0.0,0.0,1249.0,640.166736162493,640.166736162493,18.00904311895706,18.42413911714147,17.879627394050907,0.0,0.0,992713.6101258084,624.2844735734176,36.20643708624676,8.98048829415576,0.0010949646210275,0.0,1027.0,19.0,0.0,1008.0,82.2257806244996,1645.083360989951,1.0167554149996405,0.9285800042562188,1.4771917951293287,2.976933199097398,7.118774621258192,13.730511802714316,8.135530036257832,14.78679960418958,1.0167554149996405,1.4771917951293287,/home/aaa/data/qj/stable-baselines3-master/risk_curriculum_metadrive/outputs/tuned_compare_shield_only_nenv16_seed2_1m/runs/shield_only_ppo_s2/config.json,/home/aaa/data/qj/stable-baselines3-master/risk_curriculum_metadrive/outputs/tuned_compare_shield_only_nenv16_seed2_1m/runs/shield_only_ppo_s2/model/final_model.zip,results/ijmlc_control/raw_csv/p1_d015_core_parallel2_20260701_1648_shield_only_s2_episodes.csv
shield_only,execution_intervention,shield_only,ppo,2,0.15,10000,10007,7,0.0,0.0,0.689841767669251,0.0,0.0,0.0,0.0,1500.0,500.1588707015467,500.1588707015467,13.60925497958295,14.40859972813822,6.670649568146881,0.0053333333333333,0.0,689841.767669251,566.4594751029291,30.67950820970121,3.017666534954912,0.0167448737804773,0.0068093385214007,706.0,188.0,13.0,505.0,47.06666666666667,1246.3380542301204,1.0403363965354704,0.9199839987559244,1.4857159563689493,2.289623021497391,18.944780963958085,28.098533246520677,19.98511736049356,29.06148345573456,1.0403363965354704,1.4857159563689493,/home/aaa/data/qj/stable-baselines3-master/risk_curriculum_metadrive/outputs/tuned_compare_shield_only_nenv16_seed2_1m/runs/shield_only_ppo_s2/config.json,/home/aaa/data/qj/stable-baselines3-master/risk_curriculum_metadrive/outputs/tuned_compare_shield_only_nenv16_seed2_1m/runs/shield_only_ppo_s2/model/final_model.zip,results/ijmlc_control/raw_csv/p1_d015_core_parallel2_20260701_1648_shield_only_s2_episodes.csv
shield_only,execution_intervention,shield_only,ppo,2,0.15,10000,10008,8,1.0,0.0,0.9909599454479764,0.0,0.0,0.0,0.0,1129.0,515.4365871403063,515.4365871403063,15.928925290916377,18.09780375504827,10.077820928846968,0.007971656333038,0.0,990959.9454479764,498.6857596823365,26.452961642659503,3.9744573733785953,0.010192194316103,0.0096899224806201,702.0,76.0,12.0,614.0,62.17891939769707,1407.7001124860171,0.7614334525396731,0.7045639940770343,1.1568621994229031,1.8111750727985068,4.437898018558145,6.814188603311775,5.1993314710978185,7.516692002536729,0.7614334525396731,1.1568621994229031,/home/aaa/data/qj/stable-baselines3-master/risk_curriculum_metadrive/outputs/tuned_compare_shield_only_nenv16_seed2_1m/runs/shield_only_ppo_s2/config.json,/home/aaa/data/qj/stable-baselines3-master/risk_curriculum_metadrive/outputs/tuned_compare_shield_only_nenv16_seed2_1m/runs/shield_only_ppo_s2/model/final_model.zip,results/ijmlc_control/raw_csv/p1_d015_core_parallel2_20260701_1648_shield_only_s2_episodes.csv
shield_only,execution_intervention,shield_only,ppo,2,0.15,10000,10009,9,1.0,0.0,0.9892879286029642,0.0,0.0,0.0,0.0,969.0,481.8540815101975,481.8540815101975,17.262671562802677,18.391554071042425,17.30974457906073,0.0278637770897832,0.0,989287.9286029644,464.1099927036787,2.6835946699450206,1.4873415928485745,0.0264397468087215,1.0,801.0,0.0,33.0,768.0,82.6625386996904,1725.8839770584646,0.7833768657337292,0.7482830114895478,1.1506342008942736,1.5642660390585652,3.0085840598413127,4.1573301976313815,3.791960925575042,5.060774399316869,0.7833768657337292,1.1506342008942736,/home/aaa/data/qj/stable-baselines3-master/risk_curriculum_metadrive/outputs/tuned_compare_shield_only_nenv16_seed2_1m/runs/shield_only_ppo_s2/config.json,/home/aaa/data/qj/stable-baselines3-master/risk_curriculum_metadrive/outputs/tuned_compare_shield_only_nenv16_seed2_1m/runs/shield_only_ppo_s2/model/final_model.zip,results/ijmlc_control/raw_csv/p1_d015_core_parallel2_20260701_1648_shield_only_s2_episodes.csv
shield_only,execution_intervention,shield_only,ppo,2,0.15,10000,10010,10,0.0,1.0,0.4928657422695232,1.0,1.0,0.0,0.0,718.0,252.7402116201834,252.7402116201834,14.043798478352183,16.76651461260706,6.210580343830433,0.0013927576601671,0.0,0.4928657422695232,279.57514678773595,39.37762329792879,0.7195721371022861,0.0117719611301097,0.0067114093959731,374.0,79.0,3.0,292.0,52.089136490250695,1337.744088833315,0.9282967909501896,0.885384994035121,1.2458123484975658,1.704069583647658,10.799842809043527,13.806624350399945,11.72813959999372,14.662302297801943,0.9282967909501896,1.2458123484975658,/home/aaa/data/qj/stable-baselines3-master/risk_curriculum_metadrive/outputs/tuned_compare_shield_only_nenv16_seed2_1m/runs/shield_only_ppo_s2/config.json,/home/aaa/data/qj/stable-baselines3-master/risk_curriculum_metadrive/outputs/tuned_compare_shield_only_nenv16_seed2_1m/runs/shield_only_ppo_s2/model/final_model.zip,results/ijmlc_control/raw_csv/p1_d015_core_parallel2_20260701_1648_shield_only_s2_episodes.csv
shield_only,execution_intervention,shield_only,ppo,2,0.15,10000,10011,11,1.0,0.0,0.992530084998404,0.0,0.0,0.0,0.0,1381.0,619.2266733630556,619.2266733630556,15.528797384471854,18.057736778190915,9.0447848823346,0.0065170166545981,0.0,992530.084998404,594.6779314005878,55.695043902605335,1.1566703274199193,0.0129507183242415,0.0148698884758364,832.0,99.0,13.0,720.0,60.24619840695149,1399.0766363911812,0.9124168753999088,0.8585519972257316,1.2209830019855872,2.252456004498528,8.514206473513541,11.257210004259832,9.42662334891345,12.491001005400904,0.9124168753999088,1.2209830019855872,/home/aaa/data/qj/stable-baselines3-master/risk_curriculum_metadrive/outputs/tuned_compare_shield_only_nenv16_seed2_1m/runs/shield_only_ppo_s2/config.json,/home/aaa/data/qj/stable-baselines3-master/risk_curriculum_metadrive/outputs/tuned_compare_shield_only_nenv16_seed2_1m/runs/shield_only_ppo_s2/model/final_model.zip,results/ijmlc_control/raw_csv/p1_d015_core_parallel2_20260701_1648_shield_only_s2_episodes.csv
shield_only,execution_intervention,shield_only,ppo,2,0.15,10000,10012,12,1.0,0.0,0.9890328401409,0.0,0.0,0.0,0.0,933.0,453.4797651789871,453.4797651789871,16.877302900071587,18.316560796819942,12.81009855834874,0.0267952840300107,0.0,989032.8401409,436.7695282833664,45.12587468034537,0.7334173578460793,0.0245905144059382,0.07421875,694.0,26.0,27.0,641.0,74.38370846730975,1588.938685186271,0.8690971521642469,0.8175959956133738,1.132016204064712,1.8613066489342596,4.666392234958721,7.114038596046157,5.5354893871229685,8.205524203367531,0.8690971521642469,1.132016204064712,/home/aaa/data/qj/stable-baselines3-master/risk_curriculum_metadrive/outputs/tuned_compare_shield_only_nenv16_seed2_1m/runs/shield_only_ppo_s2/config.json,/home/aaa/data/qj/stable-baselines3-master/risk_curriculum_metadrive/outputs/tuned_compare_shield_only_nenv16_seed2_1m/runs/shield_only_ppo_s2/model/final_model.zip,results/ijmlc_control/raw_csv/p1_d015_core_parallel2_20260701_1648_shield_only_s2_episodes.csv
shield_only,execution_intervention,shield_only,ppo,2,0.15,10000,10013,13,1.0,0.0,0.9924475505771028,0.0,0.0,0.0,0.0,1077.0,552.2182265889516,552.2182265889516,17.99538043075417,18.42832946126343,17.926317488036936,0.0074280408542246,0.0,992447.5505771028,537.9044656958364,11.69121787368587,5.192408821001225,0.0032660814813758,0.0,922.0,10.0,2.0,910.0,85.60817084493965,1714.0590175381708,0.9157767697517823,0.8670530078234151,1.2855912005761636,1.9652603176655252,6.896531812125902,11.393263403442688,7.812308581877684,12.41031899990048,0.9157767697517823,1.2855912005761636,/home/aaa/data/qj/stable-baselines3-master/risk_curriculum_metadrive/outputs/tuned_compare_shield_only_nenv16_seed2_1m/runs/shield_only_ppo_s2/config.json,/home/aaa/data/qj/stable-baselines3-master/risk_curriculum_metadrive/outputs/tuned_compare_shield_only_nenv16_seed2_1m/runs/shield_only_ppo_s2/model/final_model.zip,results/ijmlc_control/raw_csv/p1_d015_core_parallel2_20260701_1648_shield_only_s2_episodes.csv
shield_only,execution_intervention,shield_only,ppo,2,0.15,10000,10014,14,0.0,0.0,0.7489618329229766,0.0,0.0,0.0,0.0,1500.0,595.5225143976845,595.5225143976845,14.750844381823374,18.027370239808825,6.515751970019029,0.0026666666666666,0.0,748961.8329229766,613.843158898047,36.72934080077325,3.330325593656886,0.0117345511290056,0.0083752093802345,877.0,113.0,10.0,754.0,58.46666666666667,1428.703712483111,0.9004649970350632,0.8576225009164773,1.1878026009071618,1.5862809927784836,14.18771195327281,20.860947044275235,15.088176950307874,21.73334836552385,0.9004649970350632,1.1878026009071618,/home/aaa/data/qj/stable-baselines3-master/risk_curriculum_metadrive/outputs/tuned_compare_shield_only_nenv16_seed2_1m/runs/shield_only_ppo_s2/config.json,/home/aaa/data/qj/stable-baselines3-master/risk_curriculum_metadrive/outputs/tuned_compare_shield_only_nenv16_seed2_1m/runs/shield_only_ppo_s2/model/final_model.zip,results/ijmlc_control/raw_csv/p1_d015_core_parallel2_20260701_1648_shield_only_s2_episodes.csv
shield_only,execution_intervention,shield_only,ppo,2,0.15,10000,10015,15,0.0,0.0,0.2406932004697656,0.0,0.0,0.0,0.0,1500.0,172.52165374358148,172.52165374358148,4.473146321968644,0.8309241984731325,0.2727349887494692,0.566,0.0,240693.2004697656,174.2951498170411,14.702068240819576,2.0342712326391537,0.1563442266803913,0.1701461377870563,693.0,210.0,305.0,178.0,46.2,3976.014253566133,0.8032781054304602,0.7611999972141348,1.1474785453174263,1.5765707723039666,5.324353394467228,6.9863203971181065,6.127631499897689,7.951907757524167,0.8032781054304602,1.1474785453174263,/home/aaa/data/qj/stable-baselines3-master/risk_curriculum_metadrive/outputs/tuned_compare_shield_only_nenv16_seed2_1m/runs/shield_only_ppo_s2/config.json,/home/aaa/data/qj/stable-baselines3-master/risk_curriculum_metadrive/outputs/tuned_compare_shield_only_nenv16_seed2_1m/runs/shield_only_ppo_s2/model/final_model.zip,results/ijmlc_control/raw_csv/p1_d015_core_parallel2_20260701_1648_shield_only_s2_episodes.csv
shield_only,execution_intervention,shield_only,ppo,2,0.15,10000,10016,16,1.0,0.0,0.9906216141903268,0.0,0.0,0.0,0.0,1040.0,502.7430361253839,502.7430361253839,16.901973368079418,18.347478980337883,12.84066550797152,0.0451923076923076,0.0,990621.614190327,487.744096860374,30.79797178885258,0.1394220854780731,0.043061700575807,0.7681159420289855,854.0,1.0,55.0,798.0,82.11538461538461,1750.918166918325,0.84400949427408,0.8083545035333373,1.0829950515471864,1.3702769056544617,4.521757757734472,6.974245099263498,5.365767252008552,7.87295894915587,0.84400949427408,1.0829950515471864,/home/aaa/data/qj/stable-baselines3-master/risk_curriculum_metadrive/outputs/tuned_compare_shield_only_nenv16_seed2_1m/runs/shield_only_ppo_s2/config.json,/home/aaa/data/qj/stable-baselines3-master/risk_curriculum_metadrive/outputs/tuned_compare_shield_only_nenv16_seed2_1m/runs/shield_only_ppo_s2/model/final_model.zip,results/ijmlc_control/raw_csv/p1_d015_core_parallel2_20260701_1648_shield_only_s2_episodes.csv
shield_only,execution_intervention,shield_only,ppo,2,0.15,10000,10017,17,0.0,0.0,0.6918471899727667,0.0,0.0,0.0,0.0,1500.0,534.8433553436217,534.8433553436217,13.029273087845668,16.65448132952546,4.878667406256525,0.0006666666666666,0.0,691847.1899727668,542.0059688142175,86.49321126789847,4.621307244080365,0.0164040236255022,0.0012886597938144,795.0,145.0,3.0,647.0,53.0,1466.7735149472144,0.8337751377548557,0.8003969996934757,1.1370909523975563,1.5744353456830138,15.182405592669966,21.95376489326009,16.01618073042482,22.90404280356597,0.8337751377548557,1.1370909523975563,/home/aaa/data/qj/stable-baselines3-master/risk_curriculum_metadrive/outputs/tuned_compare_shield_only_nenv16_seed2_1m/runs/shield_only_ppo_s2/config.json,/home/aaa/data/qj/stable-baselines3-master/risk_curriculum_metadrive/outputs/tuned_compare_shield_only_nenv16_seed2_1m/runs/shield_only_ppo_s2/model/final_model.zip,results/ijmlc_control/raw_csv/p1_d015_core_parallel2_20260701_1648_shield_only_s2_episodes.csv
shield_only,execution_intervention,shield_only,ppo,2,0.15,10000,10018,18,1.0,0.0,0.991135054396772,0.0,0.0,0.0,0.0,897.0,437.3404076674716,437.3404076674716,17.156938740336077,18.33478073023766,13.109452070510937,0.0111482720178372,0.0,991135.054396772,426.9186413726658,37.50408884601024,1.6103055049296668,0.0143242376597309,0.0440251572327044,680.0,20.0,16.0,644.0,75.8082497212932,1592.809341408951,0.7619604536579038,0.7549529982497916,1.0319433989934623,1.2944395240629076,6.59101527425839,11.219519804581068,7.352975727916293,12.071415592799896,0.7619604536579038,1.0319433989934623,/home/aaa/data/qj/stable-baselines3-master/risk_curriculum_metadrive/outputs/tuned_compare_shield_only_nenv16_seed2_1m/runs/shield_only_ppo_s2/config.json,/home/aaa/data/qj/stable-baselines3-master/risk_curriculum_metadrive/outputs/tuned_compare_shield_only_nenv16_seed2_1m/runs/shield_only_ppo_s2/model/final_model.zip,results/ijmlc_control/raw_csv/p1_d015_core_parallel2_20260701_1648_shield_only_s2_episodes.csv
shield_only,execution_intervention,shield_only,ppo,2,0.15,10000,10019,19,1.0,0.0,0.99326944599833,0.0,0.0,0.0,0.0,1386.0,702.0513761827773,702.0513761827773,17.71528038927875,18.41327256669545,17.58754892420852,0.005050505050505,0.0,993269.44599833,681.4841255157893,26.88213254366766,2.3605191509047376,0.0055102639709183,0.056910569105691,1135.0,19.0,10.0,1106.0,81.8903318903319,1665.4826686402444,0.7968849525833133,0.7718710039625876,1.0549589969741646,1.3468536904838402,7.823050046913896,12.955250254890416,8.61993499949721,13.808338506350992,0.7968849525833133,1.0549589969741646,/home/aaa/data/qj/stable-baselines3-master/risk_curriculum_metadrive/outputs/tuned_compare_shield_only_nenv16_seed2_1m/runs/shield_only_ppo_s2/config.json,/home/aaa/data/qj/stable-baselines3-master/risk_curriculum_metadrive/outputs/tuned_compare_shield_only_nenv16_seed2_1m/runs/shield_only_ppo_s2/model/final_model.zip,results/ijmlc_control/raw_csv/p1_d015_core_parallel2_20260701_1648_shield_only_s2_episodes.csv
shield_only,execution_intervention,shield_only,ppo,2,0.15,20000,20000,0,1.0,0.0,0.9864503978108582,0.0,0.0,0.0,0.0,727.0,331.4512962911737,331.4512962911737,17.301351261809458,18.37679720103174,15.701311520372109,0.0288858321870701,0.0,986450.3978108582,348.8778889986721,23.16893132890903,0.0550508118241383,0.030177624320518,0.2285714285714285,588.0,7.0,24.0,557.0,80.88033012379643,1685.4034564576205,0.8496453896819189,0.8023700065677986,1.147572699119337,1.4277871607919226,4.566307562483287,6.764713999291416,5.415952952165205,7.668905102764256,0.8496453896819189,1.147572699119337,/home/aaa/data/qj/stable-baselines3-master/risk_curriculum_metadrive/outputs/tuned_compare_shield_only_nenv16_seed2_1m/runs/shield_only_ppo_s2/config.json,/home/aaa/data/qj/stable-baselines3-master/risk_curriculum_metadrive/outputs/tuned_compare_shield_only_nenv16_seed2_1m/runs/shield_only_ppo_s2/model/final_model.zip,results/ijmlc_control/raw_csv/p1_d015_core_parallel2_20260701_1648_shield_only_s2_episodes.csv
shield_only,execution_intervention,shield_only,ppo,2,0.15,20000,20001,1,1.0,0.0,0.9899044029743448,0.0,0.0,0.0,0.0,1185.0,494.3193295820364,494.3193295820364,15.641860465367802,18.17447037079879,6.972119407029754,0.0084388185654008,0.0,989904.4029743448,514.2467992542458,33.800738514731655,1.287546886590717,0.0177031492998694,0.0441176470588235,786.0,63.0,17.0,706.0,66.32911392405063,1528.4489881898091,0.8293096750251603,0.787754004704766,1.0796035989187658,1.345261040842171,5.223660391557938,7.954230596078559,6.052970066583098,8.907388203078881,0.8293096750251603,1.0796035989187658,/home/aaa/data/qj/stable-baselines3-master/risk_curriculum_metadrive/outputs/tuned_compare_shield_only_nenv16_seed2_1m/runs/shield_only_ppo_s2/config.json,/home/aaa/data/qj/stable-baselines3-master/risk_curriculum_metadrive/outputs/tuned_compare_shield_only_nenv16_seed2_1m/runs/shield_only_ppo_s2/model/final_model.zip,results/ijmlc_control/raw_csv/p1_d015_core_parallel2_20260701_1648_shield_only_s2_episodes.csv
shield_only,execution_intervention,shield_only,ppo,2,0.15,20000,20002,2,1.0,0.0,0.9886849702165736,0.0,0.0,0.0,0.0,1062.0,511.3738714807586,511.3738714807586,16.710071782696403,18.298760076123536,10.87200622085743,0.0178907721280602,0.0,988684.9702165736,492.2915943709309,33.78077161354908,2.169792248626693,0.0168966094512344,0.064516129032258,779.0,35.0,23.0,721.0,73.35216572504709,1582.3954926458498,0.8491174237162011,0.8017834989004768,1.0950729483738542,1.5237303846515724,6.105201429424465,10.118566199525958,6.9543188531406654,11.037766509980427,0.8491174237162011,1.0950729483738542,/home/aaa/data/qj/stable-baselines3-master/risk_curriculum_metadrive/outputs/tuned_compare_shield_only_nenv16_seed2_1m/runs/shield_only_ppo_s2/config.json,/home/aaa/data/qj/stable-baselines3-master/risk_curriculum_metadrive/outputs/tuned_compare_shield_only_nenv16_seed2_1m/runs/shield_only_ppo_s2/model/final_model.zip,results/ijmlc_control/raw_csv/p1_d015_core_parallel2_20260701_1648_shield_only_s2_episodes.csv
shield_only,execution_intervention,shield_only,ppo,2,0.15,20000,20003,3,0.0,1.0,0.7383167431771464,0.0,0.0,0.0,1.0,1385.0,420.6564269034769,420.6564269034769,12.965674846243298,15.02514093930475,3.8904463470705752,0.0129963898916967,0.0,0.7383167431771464,497.86166892493816,56.35740236333469,7.302570583967208,0.0136858074593996,0.0,675.0,169.0,0.0,506.0,48.73646209386281,1355.7982912353284,0.7525887535313407,0.7410599937429652,1.027661602711305,1.243551201187078,10.530075087318776,13.427727203816175,11.282663840850116,14.263630806817671,0.7525887535313407,1.027661602711305,/home/aaa/data/qj/stable-baselines3-master/risk_curriculum_metadrive/outputs/tuned_compare_shield_only_nenv16_seed2_1m/runs/shield_only_ppo_s2/config.json,/home/aaa/data/qj/stable-baselines3-master/risk_curriculum_metadrive/outputs/tuned_compare_shield_only_nenv16_seed2_1m/runs/shield_only_ppo_s2/model/final_model.zip,results/ijmlc_control/raw_csv/p1_d015_core_parallel2_20260701_1648_shield_only_s2_episodes.csv
shield_only,execution_intervention,shield_only,ppo,2,0.15,20000,20004,4,1.0,0.0,0.9909383294880936,0.0,0.0,0.0,0.0,1014.0,523.8749922932138,523.8749922932138,17.822279412045763,18.395995406907964,17.905178520199087,0.0078895463510848,0.0,990938.3294880936,501.52730714408966,33.28555673060864,5.467134199092999,0.0049153217953224,0.0,850.0,10.0,6.0,834.0,83.82642998027613,1694.8229695413047,0.5960967018890343,0.5567659973166883,0.8687324450875165,1.1775826342636724,2.7983150058538477,4.367305053892776,3.394411707742882,5.1575329365732605,0.5960967018890343,0.8687324450875165,/home/aaa/data/qj/stable-baselines3-master/risk_curriculum_metadrive/outputs/tuned_compare_shield_only_nenv16_seed2_1m/runs/shield_only_ppo_s2/config.json,/home/aaa/data/qj/stable-baselines3-master/risk_curriculum_metadrive/outputs/tuned_compare_shield_only_nenv16_seed2_1m/runs/shield_only_ppo_s2/model/final_model.zip,results/ijmlc_control/raw_csv/p1_d015_core_parallel2_20260701_1648_shield_only_s2_episodes.csv
shield_only,execution_intervention,shield_only,ppo,2,0.15,20000,20005,5,1.0,0.0,0.9926592901730884,0.0,0.0,0.0,0.0,1351.0,596.2976146927849,596.2976146927849,15.422741795870772,18.000703926092974,9.023800628954566,0.0,0.0,992659.2901730884,578.0909151662559,55.68612197504864,6.729229352647332,0.0090792957717075,0.0,786.0,127.0,2.0,657.0,58.17912657290896,1359.64772906689,0.6508857843677736,0.5985689931549132,0.8904369969968684,1.256179006304592,5.623379514450025,7.990419493580703,6.274265298817799,8.690842994838022,0.6508857843677736,0.8904369969968684,/home/aaa/data/qj/stable-baselines3-master/risk_curriculum_metadrive/outputs/tuned_compare_shield_only_nenv16_seed2_1m/runs/shield_only_ppo_s2/config.json,/home/aaa/data/qj/stable-baselines3-master/risk_curriculum_metadrive/outputs/tuned_compare_shield_only_nenv16_seed2_1m/runs/shield_only_ppo_s2/model/final_model.zip,results/ijmlc_control/raw_csv/p1_d015_core_parallel2_20260701_1648_shield_only_s2_episodes.csv
shield_only,execution_intervention,shield_only,ppo,2,0.15,20000,20006,6,1.0,0.0,0.991874972340872,0.0,0.0,0.0,0.0,1244.0,572.9405166376202,572.9405166376202,16.615115092585594,18.280757736394392,9.957936303536735,0.0056270096463022,0.0,991874.972340872,573.6661246555068,28.348465313848045,1.7687969145127125,0.0066904749016941,0.0111111111111111,921.0,52.0,4.0,865.0,74.03536977491962,1605.463457604493,0.6365586471378165,0.592752498050686,0.9016485513711812,1.2599202706769557,3.683111524153512,5.173303142510121,4.319670171291328,5.879591486154823,0.6365586471378165,0.9016485513711812,/home/aaa/data/qj/stable-baselines3-master/risk_curriculum_metadrive/outputs/tuned_compare_shield_only_nenv16_seed2_1m/runs/shield_only_ppo_s2/config.json,/home/aaa/data/qj/stable-baselines3-master/risk_curriculum_metadrive/outputs/tuned_compare_shield_only_nenv16_seed2_1m/runs/shield_only_ppo_s2/model/final_model.zip,results/ijmlc_control/raw_csv/p1_d015_core_parallel2_20260701_1648_shield_only_s2_episodes.csv
shield_only,execution_intervention,shield_only,ppo,2,0.15,20000,20007,7,1.0,0.0,0.9896097039970208,0.0,0.0,0.0,0.0,940.0,429.3012935115465,429.3012935115465,16.777933544082693,18.357822671985797,11.989869895674271,0.051063829787234,0.0,989609.7039970208,437.55950191362376,27.89672745877165,0.8935439743217348,0.0463386210304229,0.4104477611940298,765.0,5.0,55.0,705.0,81.38297872340425,1748.3336475481556,0.6201919821212365,0.5790145005448721,0.878245306375902,1.2170061474898832,2.975660250964946,4.388306842156453,3.595852233086182,5.076987342181382,0.6201919821212365,0.878245306375902,/home/aaa/data/qj/stable-baselines3-master/risk_curriculum_metadrive/outputs/tuned_compare_shield_only_nenv16_seed2_1m/runs/shield_only_ppo_s2/config.json,/home/aaa/data/qj/stable-baselines3-master/risk_curriculum_metadrive/outputs/tuned_compare_shield_only_nenv16_seed2_1m/runs/shield_only_ppo_s2/model/final_model.zip,results/ijmlc_control/raw_csv/p1_d015_core_parallel2_20260701_1648_shield_only_s2_episodes.csv
shield_only,execution_intervention,shield_only,ppo,2,0.15,20000,20008,8,0.0,0.0,0.8338369322484751,0.0,0.0,0.0,0.0,1500.0,527.865424891989,527.865424891989,13.545073657093388,17.873792471060895,3.4817913960723037,0.0333333333333333,0.0,833836.9322484751,563.2850425645297,37.601908729286194,1.3699603825825668,0.0289495228767164,0.0432960893854748,821.0,119.0,45.0,657.0,54.73333333333333,1457.5213931869075,0.6777168926006804,0.6267789940466173,0.9409753474756144,1.4651765608869023,6.381789274445812,8.626175510289613,7.059506167046493,9.33193201199174,0.6777168926006804,0.9409753474756144,/home/aaa/data/qj/stable-baselines3-master/risk_curriculum_metadrive/outputs/tuned_compare_shield_only_nenv16_seed2_1m/runs/shield_only_ppo_s2/config.json,/home/aaa/data/qj/stable-baselines3-master/risk_curriculum_metadrive/outputs/tuned_compare_shield_only_nenv16_seed2_1m/runs/shield_only_ppo_s2/model/final_model.zip,results/ijmlc_control/raw_csv/p1_d015_core_parallel2_20260701_1648_shield_only_s2_episodes.csv
shield_only,execution_intervention,shield_only,ppo,2,0.15,20000,20009,9,0.0,1.0,0.7675458916814628,1.0,1.0,0.0,0.0,679.0,294.463930816898,294.463930816898,16.500398436603184,18.32298251962798,9.236685115791706,0.0589101620029455,0.0,0.7675458916814628,310.7736194628372,21.000413861372813,1.4702218463357832,0.0473965090480267,0.4761904761904761,541.0,4.0,45.0,492.0,79.6759941089838,1740.817000281755,0.6166853424537494,0.5662599869538099,0.8639678955660204,1.1105762582155878,3.797513424121056,6.479496396786999,4.414198766574805,7.150475194794126,0.6166853424537494,0.8639678955660204,/home/aaa/data/qj/stable-baselines3-master/risk_curriculum_metadrive/outputs/tuned_compare_shield_only_nenv16_seed2_1m/runs/shield_only_ppo_s2/config.json,/home/aaa/data/qj/stable-baselines3-master/risk_curriculum_metadrive/outputs/tuned_compare_shield_only_nenv16_seed2_1m/runs/shield_only_ppo_s2/model/final_model.zip,results/ijmlc_control/raw_csv/p1_d015_core_parallel2_20260701_1648_shield_only_s2_episodes.csv
shield_only,execution_intervention,shield_only,ppo,2,0.15,20000,20010,10,1.0,0.0,0.9900679822564624,0.0,0.0,0.0,0.0,909.0,468.3091107744325,468.3091107744325,17.683587003522568,18.37361533795671,17.867189139584802,0.0143014301430143,0.0,990067.9822564626,446.0153666772902,33.63070552123673,2.211176558908438,0.0132523126456046,0.0888888888888888,742.0,10.0,16.0,716.0,81.62816281628163,1663.6198109668862,0.628826638294473,0.6041320011718199,0.9139684058027338,1.16956244513858,2.395383532367016,3.57746539812069,3.024210170661489,4.313826005090959,0.628826638294473,0.9139684058027338,/home/aaa/data/qj/stable-baselines3-master/risk_curriculum_metadrive/outputs/tuned_compare_shield_only_nenv16_seed2_1m/runs/shield_only_ppo_s2/config.json,/home/aaa/data/qj/stable-baselines3-master/risk_curriculum_metadrive/outputs/tuned_compare_shield_only_nenv16_seed2_1m/runs/shield_only_ppo_s2/model/final_model.zip,results/ijmlc_control/raw_csv/p1_d015_core_parallel2_20260701_1648_shield_only_s2_episodes.csv
shield_only,execution_intervention,shield_only,ppo,2,0.15,20000,20011,11,1.0,0.0,0.991374803345165,0.0,0.0,0.0,0.0,1253.0,558.2253985533707,558.2253985533707,15.826280156444676,18.33104503492306,1.048994670182987,0.0981644054269752,0.0,991374.8033451652,550.2219886628728,3.492989965710367,0.0211981419422669,0.0778293963479769,0.781021897810219,1040.0,7.0,128.0,905.0,83.00079808459697,1890.1461981324403,0.6646214901807466,0.611447001574561,0.9251515992218629,1.2110659258905798,5.366323793037324,7.093038002494723,6.03094528321807,7.856469994294457,0.6646214901807466,0.9251515992218629,/home/aaa/data/qj/stable-baselines3-master/risk_curriculum_metadrive/outputs/tuned_compare_shield_only_nenv16_seed2_1m/runs/shield_only_ppo_s2/config.json,/home/aaa/data/qj/stable-baselines3-master/risk_curriculum_metadrive/outputs/tuned_compare_shield_only_nenv16_seed2_1m/runs/shield_only_ppo_s2/model/final_model.zip,results/ijmlc_control/raw_csv/p1_d015_core_parallel2_20260701_1648_shield_only_s2_episodes.csv
shield_only,execution_intervention,shield_only,ppo,2,0.15,20000,20012,12,1.0,0.0,0.991652351417218,0.0,0.0,0.0,0.0,1092.0,539.6866969715843,539.6866969715843,17.147564590170266,18.31857152750092,13.250622135513384,0.0073260073260073,0.0,991652.351417218,519.5688222990442,55.49459029536119,2.535961365561662,0.0083731607272867,0.0472103004291845,835.0,30.0,11.0,794.0,76.46520146520146,1607.1018201307804,0.6094183389148837,0.5669844977091998,0.892353650124278,1.1681888328166654,3.025992388300591,5.21812014412717,3.6354107272154743,5.873405546299183,0.6094183389148837,0.892353650124278,/home/aaa/data/qj/stable-baselines3-master/risk_curriculum_metadrive/outputs/tuned_compare_shield_only_nenv16_seed2_1m/runs/shield_only_ppo_s2/config.json,/home/aaa/data/qj/stable-baselines3-master/risk_curriculum_metadrive/outputs/tuned_compare_shield_only_nenv16_seed2_1m/runs/shield_only_ppo_s2/model/final_model.zip,results/ijmlc_control/raw_csv/p1_d015_core_parallel2_20260701_1648_shield_only_s2_episodes.csv
shield_only,execution_intervention,shield_only,ppo,2,0.15,20000,20013,13,1.0,0.0,0.9930765674109938,0.0,0.0,0.0,0.0,1378.0,685.2309428143566,685.2309428143566,17.507483945530126,18.36337696282336,17.83642675853904,0.0094339622641509,0.0,993076.567410994,669.670875717852,49.691430840539965,2.1534384223509457,0.00800422079942,0.0423728813559322,1124.0,22.0,13.0,1089.0,81.56748911465893,1678.4364390867845,0.6920823241866677,0.6531969993375242,0.9967031997803129,1.3293045396858367,5.277742798415152,8.388637309690237,5.96982512260182,9.124005097692134,0.6920823241866677,0.9967031997803129,/home/aaa/data/qj/stable-baselines3-master/risk_curriculum_metadrive/outputs/tuned_compare_shield_only_nenv16_seed2_1m/runs/shield_only_ppo_s2/config.json,/home/aaa/data/qj/stable-baselines3-master/risk_curriculum_metadrive/outputs/tuned_compare_shield_only_nenv16_seed2_1m/runs/shield_only_ppo_s2/model/final_model.zip,results/ijmlc_control/raw_csv/p1_d015_core_parallel2_20260701_1648_shield_only_s2_episodes.csv
shield_only,execution_intervention,shield_only,ppo,2,0.15,20000,20014,14,1.0,0.0,0.9908809585324208,0.0,0.0,0.0,0.0,1101.0,540.4371911646075,540.4371911646075,17.61932612775893,18.33973771249628,14.660319350697597,0.0009082652134423,0.0,990880.9585324208,538.3952318181935,25.763688208863226,6.664601138958639,0.0021975910241727,0.0,864.0,31.0,1.0,832.0,78.4741144414169,1604.7690412900192,0.6743594989014348,0.615672004641965,1.041416006046347,1.8203219951828944,3.2132267873588534,5.093423998914659,3.887586286260288,5.8966840006178245,0.6743594989014348,1.041416006046347,/home/aaa/data/qj/stable-baselines3-master/risk_curriculum_metadrive/outputs/tuned_compare_shield_only_nenv16_seed2_1m/runs/shield_only_ppo_s2/config.json,/home/aaa/data/qj/stable-baselines3-master/risk_curriculum_metadrive/outputs/tuned_compare_shield_only_nenv16_seed2_1m/runs/shield_only_ppo_s2/model/final_model.zip,results/ijmlc_control/raw_csv/p1_d015_core_parallel2_20260701_1648_shield_only_s2_episodes.csv
shield_only,execution_intervention,shield_only,ppo,2,0.15,20000,20015,15,1.0,0.0,0.9930718891038444,0.0,0.0,0.0,0.0,1223.0,601.5436435086331,601.5436435086331,17.390867066428722,18.35586291411599,14.601711406569391,0.0114472608340147,0.0,993071.8891038444,590.2020583374762,18.61595185199901,2.057614007133944,0.0106461856973166,0.044776119402985,953.0,27.0,18.0,908.0,77.92313982011447,1614.7012477124856,0.6612620376366878,0.6103400082793087,1.005882197932804,1.8351468504988584,3.21869773121114,5.577655303932261,3.879959768847828,6.197277797036804,0.6612620376366878,1.005882197932804,/home/aaa/data/qj/stable-baselines3-master/risk_curriculum_metadrive/outputs/tuned_compare_shield_only_nenv16_seed2_1m/runs/shield_only_ppo_s2/config.json,/home/aaa/data/qj/stable-baselines3-master/risk_curriculum_metadrive/outputs/tuned_compare_shield_only_nenv16_seed2_1m/runs/shield_only_ppo_s2/model/final_model.zip,results/ijmlc_control/raw_csv/p1_d015_core_parallel2_20260701_1648_shield_only_s2_episodes.csv
shield_only,execution_intervention,shield_only,ppo,2,0.15,20000,20016,16,0.0,0.0,0.6530232502353972,0.0,0.0,0.0,0.0,1500.0,441.1403656496373,441.1403656496373,11.29753195210553,11.679744445141203,1.1109622059263853,0.094,0.0,653023.2502353973,468.0734197093553,44.81784877225119,4.947299216160039,0.0184886833703471,0.001150747986191,742.0,178.0,4.0,560.0,49.46666666666666,1585.2213963799445,0.7115593507575492,0.6459545038524084,1.0725400446972344,1.6473455683444629,6.274584410411383,8.648859859385993,6.9861437611689325,9.382662754796913,0.7115593507575492,1.0725400446972344,/home/aaa/data/qj/stable-baselines3-master/risk_curriculum_metadrive/outputs/tuned_compare_shield_only_nenv16_seed2_1m/runs/shield_only_ppo_s2/config.json,/home/aaa/data/qj/stable-baselines3-master/risk_curriculum_metadrive/outputs/tuned_compare_shield_only_nenv16_seed2_1m/runs/shield_only_ppo_s2/model/final_model.zip,results/ijmlc_control/raw_csv/p1_d015_core_parallel2_20260701_1648_shield_only_s2_episodes.csv
shield_only,execution_intervention,shield_only,ppo,2,0.15,20000,20017,17,1.0,0.0,0.9932845237272698,0.0,0.0,0.0,0.0,1357.0,626.3468882295434,626.3468882295434,16.37169943945372,18.292849548836426,7.445150392085373,0.0014738393515106,0.0,993284.5237272698,616.4360529752705,57.36596712527772,3.177531792764062,0.0069268226997324,0.006269592476489,993.0,47.0,7.0,939.0,73.17612380250551,1610.872685345411,0.6930181833096302,0.617967001744546,1.1386933911126107,1.7758245981531218,4.352004503473185,6.639710007584655,5.045022686782815,7.456471800105647,0.6930181833096302,1.1386933911126107,/home/aaa/data/qj/stable-baselines3-master/risk_curriculum_metadrive/outputs/tuned_compare_shield_only_nenv16_seed2_1m/runs/shield_only_ppo_s2/config.json,/home/aaa/data/qj/stable-baselines3-master/risk_curriculum_metadrive/outputs/tuned_compare_shield_only_nenv16_seed2_1m/runs/shield_only_ppo_s2/model/final_model.zip,results/ijmlc_control/raw_csv/p1_d015_core_parallel2_20260701_1648_shield_only_s2_episodes.csv
shield_only,execution_intervention,shield_only,ppo,2,0.15,20000,20018,18,0.0,0.0,0.7767201251354475,0.0,0.0,0.0,0.0,1500.0,582.5417082352478,582.5417082352478,14.606425123596678,17.95437124248542,6.942631955749798,0.0,0.0,776720.1251354476,607.6500088620676,27.188957122899577,8.132717930597085,0.0077118959502038,0.0,845.0,142.0,0.0,703.0,56.333333333333336,1390.6031229760245,0.7211265573084044,0.6490904997917823,1.08968845452182,1.9130393631348848,8.727418039896293,14.782164642383576,9.448544597204696,15.557151581015203,0.7211265573084044,1.08968845452182,/home/aaa/data/qj/stable-baselines3-master/risk_curriculum_metadrive/outputs/tuned_compare_shield_only_nenv16_seed2_1m/runs/shield_only_ppo_s2/config.json,/home/aaa/data/qj/stable-baselines3-master/risk_curriculum_metadrive/outputs/tuned_compare_shield_only_nenv16_seed2_1m/runs/shield_only_ppo_s2/model/final_model.zip,results/ijmlc_control/raw_csv/p1_d015_core_parallel2_20260701_1648_shield_only_s2_episodes.csv
shield_only,execution_intervention,shield_only,ppo,2,0.15,20000,20019,19,1.0,0.0,0.9909104467649256,0.0,0.0,0.0,0.0,1201.0,570.0994424028347,570.0994424028347,16.715659335496767,18.236620854141183,11.544338123409396,0.0041631973355537,0.0,990910.4467649256,557.0805844640548,19.993071431434423,5.331397612725828,0.0081469706316218,0.0,844.0,65.0,5.0,774.0,70.27477102414655,1515.041133253601,0.5951588217575773,0.5562820006161928,0.863606997882016,1.4349750126712024,5.3263264777285,8.553691004635766,5.921485299486077,9.202843997627497,0.5951588217575773,0.863606997882016,/home/aaa/data/qj/stable-baselines3-master/risk_curriculum_metadrive/outputs/tuned_compare_shield_only_nenv16_seed2_1m/runs/shield_only_ppo_s2/config.json,/home/aaa/data/qj/stable-baselines3-master/risk_curriculum_metadrive/outputs/tuned_compare_shield_only_nenv16_seed2_1m/runs/shield_only_ppo_s2/model/final_model.zip,results/ijmlc_control/raw_csv/p1_d015_core_parallel2_20260701_1648_shield_only_s2_episodes.csv
guard_only,action_intervention,guard_only,ppo,0,0.15,10000,10000,0,0.0,1.0,0.3909635842405593,1.0,1.0,0.0,0.0,430.0,191.438245725488,191.438245725488,17.082594254864315,18.38699484924852,13.919176443086505,0.0325581395348837,0.0,0.3909635842405593,203.7313506138203,33.6453730469714,2.1409414962187645,0.0318854202081431,0.6666666666666666,354.0,0.0,17.0,337.0,82.32558139534883,1737.5823550643368,0.9580167744452198,0.6819964983151294,1.109963800263358,1.8148811219725725,5.393377978856903,7.104854650970083,6.351394753302123,7.901389350445242,0.9580167744452198,1.109963800263358,/home/aaa/data/qj/stable-baselines3-master/risk_curriculum_metadrive/outputs/tuned_ablation_guard_only_nenv16_seed0_1m/runs/guard_only_ppo_s0/config.json,/home/aaa/data/qj/stable-baselines3-master/risk_curriculum_metadrive/outputs/tuned_ablation_guard_only_nenv16_seed0_1m/runs/guard_only_ppo_s0/model/final_model.zip,results/ijmlc_control/raw_csv/p1_d015_nonmotion_parallel_20260701_1645_guard_only_s0_episodes.csv
guard_only,action_intervention,guard_only,ppo,0,0.15,10000,10001,1,1.0,0.0,0.9901723430786352,0.0,0.0,0.0,0.0,1021.0,488.6925911441404,488.6925911441404,18.053735202680663,18.423390379932027,17.910774906671904,0.0,0.0,990172.3430786352,511.536287076843,39.4306289362886,5.630665194528578,0.0012193269455392,0.0,849.0,9.0,2.0,838.0,83.15377081292851,1659.706303245039,0.7722467041483658,0.7296879921341315,1.0998060024576262,1.65295940241776,3.935178188882685,5.841316000442021,4.707424893031051,6.744851998519152,0.7722467041483658,1.0998060024576262,/home/aaa/data/qj/stable-baselines3-master/risk_curriculum_metadrive/outputs/tuned_ablation_guard_only_nenv16_seed0_1m/runs/guard_only_ppo_s0/config.json,/home/aaa/data/qj/stable-baselines3-master/risk_curriculum_metadrive/outputs/tuned_ablation_guard_only_nenv16_seed0_1m/runs/guard_only_ppo_s0/model/final_model.zip,results/ijmlc_control/raw_csv/p1_d015_nonmotion_parallel_20260701_1645_guard_only_s0_episodes.csv
guard_only,action_intervention,guard_only,ppo,0,0.15,10000,10002,2,0.0,1.0,0.6224403447265948,0.0,0.0,0.0,1.0,791.0,304.80069419771144,304.80069419771144,16.24763875597599,18.262253532231583,8.08222351552967,0.0037926675094816,0.0,0.6224403447265948,356.4367050354685,70.24569885059549,1.088703745631814,0.0095423658826119,0.0128755364806866,560.0,26.0,8.0,526.0,70.79646017699115,1571.106432330742,0.8908764220548702,0.839578002342023,1.221976002852898,2.0774415999767397,11.201312145596932,15.998207993106917,12.092188567651805,16.915892490942497,0.8908764220548702,1.221976002852898,/home/aaa/data/qj/stable-baselines3-master/risk_curriculum_metadrive/outputs/tuned_ablation_guard_only_nenv16_seed0_1m/runs/guard_only_ppo_s0/config.json,/home/aaa/data/qj/stable-baselines3-master/risk_curriculum_metadrive/outputs/tuned_ablation_guard_only_nenv16_seed0_1m/runs/guard_only_ppo_s0/model/final_model.zip,results/ijmlc_control/raw_csv/p1_d015_nonmotion_parallel_20260701_1645_guard_only_s0_episodes.csv
guard_only,action_intervention,guard_only,ppo,0,0.15,10000,10003,3,1.0,0.0,0.9903238179823636,0.0,0.0,0.0,0.0,940.0,470.0032190996423,470.0032190996423,17.841710142782983,18.40887205023552,17.65992518968131,0.0,0.0,990323.8179823636,465.3544131023834,72.62303414759691,10.7934258932249,0.0006165748931326,0.0,767.0,15.0,0.0,752.0,81.59574468085107,1648.2061379554405,0.7736799212115658,0.7434379949700087,1.1386490972654426,1.60833399539115,3.393121213841678,4.908895956032211,4.166801135053244,5.854450199694838,0.7736799212115658,1.1386490972654426,/home/aaa/data/qj/stable-baselines3-master/risk_curriculum_metadrive/outputs/tuned_ablation_guard_only_nenv16_seed0_1m/runs/guard_only_ppo_s0/config.json,/home/aaa/data/qj/stable-baselines3-master/risk_curriculum_metadrive/outputs/tuned_ablation_guard_only_nenv16_seed0_1m/runs/guard_only_ppo_s0/model/final_model.zip,results/ijmlc_control/raw_csv/p1_d015_nonmotion_parallel_20260701_1645_guard_only_s0_episodes.csv
guard_only,action_intervention,guard_only,ppo,0,0.15,10000,10004,4,1.0,0.0,0.9913797905637236,0.0,0.0,0.0,0.0,1500.0,519.9754540176814,519.9754540176814,13.576437808227146,15.349986146545753,5.622290940242684,0.0,0.0,991379.7905637237,564.4623818994532,57.901028631076464,0.2807936152380642,0.0126695802816199,0.0043956043956043,730.0,134.0,10.0,586.0,48.66666666666667,1293.2659879716016,0.8446744241130849,0.8084810033324175,1.157236746075796,1.7219267130712976,10.241855695601163,16.602596294978866,11.086530119714247,17.743319259170676,0.8446744241130849,1.157236746075796,/home/aaa/data/qj/stable-baselines3-master/risk_curriculum_metadrive/outputs/tuned_ablation_guard_only_nenv16_seed0_1m/runs/guard_only_ppo_s0/config.json,/home/aaa/data/qj/stable-baselines3-master/risk_curriculum_metadrive/outputs/tuned_ablation_guard_only_nenv16_seed0_1m/runs/guard_only_ppo_s0/model/final_model.zip,results/ijmlc_control/raw_csv/p1_d015_nonmotion_parallel_20260701_1645_guard_only_s0_episodes.csv
guard_only,action_intervention,guard_only,ppo,0,0.15,10000,10005,5,1.0,0.0,0.9905500135906956,0.0,0.0,0.0,0.0,1060.0,508.67918293111126,508.67918293111126,16.649501082140713,18.329800091562262,11.230110908838276,0.040566037735849,0.0,990550.0135906956,489.5883248800741,22.33865928367197,0.7879480971225126,0.0247430117641098,0.0615384615384615,818.0,35.0,34.0,749.0,77.16981132075472,1670.7914760842614,0.8619472376627734,0.8147765038302168,1.2076298567990305,1.6962350695393995,6.633452545930544,11.381444389553508,7.495399783593317,12.20921469575842,0.8619472376627734,1.2076298567990305,/home/aaa/data/qj/stable-baselines3-master/risk_curriculum_metadrive/outputs/tuned_ablation_guard_only_nenv16_seed0_1m/runs/guard_only_ppo_s0/config.json,/home/aaa/data/qj/stable-baselines3-master/risk_curriculum_metadrive/outputs/tuned_ablation_guard_only_nenv16_seed0_1m/runs/guard_only_ppo_s0/model/final_model.zip,results/ijmlc_control/raw_csv/p1_d015_nonmotion_parallel_20260701_1645_guard_only_s0_episodes.csv
guard_only,action_intervention,guard_only,ppo,0,0.15,10000,10006,6,1.0,0.0,0.9926368472324428,0.0,0.0,0.0,0.0,1231.0,620.3752902984206,620.3752902984206,18.296755671394724,18.467674349707544,17.96539048142233,0.0,0.0,992636.8472324428,625.224343909371,27.97531254470864,7.314382433559687,0.00050251317127,0.0,1074.0,3.0,0.0,1071.0,87.24614134849715,1717.7834012101118,0.7159538783701772,0.6865030009066686,1.0726295004133135,1.487785100471229,4.032415256908906,7.345422498474363,4.748369135279083,8.054421006818302,0.7159538783701772,1.0726295004133135,/home/aaa/data/qj/stable-baselines3-master/risk_curriculum_metadrive/outputs/tuned_ablation_guard_only_nenv16_seed0_1m/runs/guard_only_ppo_s0/config.json,/home/aaa/data/qj/stable-baselines3-master/risk_curriculum_metadrive/outputs/tuned_ablation_guard_only_nenv16_seed0_1m/runs/guard_only_ppo_s0/model/final_model.zip,results/ijmlc_control/raw_csv/p1_d015_nonmotion_parallel_20260701_1645_guard_only_s0_episodes.csv
guard_only,action_intervention,guard_only,ppo,0,0.15,10000,10007,7,0.0,0.0,0.6414947531183449,0.0,0.0,0.0,0.0,1500.0,485.4878070485997,485.4878070485997,12.673001415636948,14.358932474706243,3.510433400974138,0.0186666666666666,0.0,641494.7531183449,527.1406359074102,26.99236350597089,5.303144282017414,0.0105974033652175,0.0,720.0,193.0,2.0,525.0,48.0,1365.8594138936096,0.6947955919798309,0.6808054968132637,0.9525427529297305,1.2022458086721597,9.003430491352143,13.724750310939273,9.698226083331974,14.4360074569704,0.6947955919798309,0.9525427529297305,/home/aaa/data/qj/stable-baselines3-master/risk_curriculum_metadrive/outputs/tuned_ablation_guard_only_nenv16_seed0_1m/runs/guard_only_ppo_s0/config.json,/home/aaa/data/qj/stable-baselines3-master/risk_curriculum_metadrive/outputs/tuned_ablation_guard_only_nenv16_seed0_1m/runs/guard_only_ppo_s0/model/final_model.zip,results/ijmlc_control/raw_csv/p1_d015_nonmotion_parallel_20260701_1645_guard_only_s0_episodes.csv
guard_only,action_intervention,guard_only,ppo,0,0.15,10000,10008,8,0.0,1.0,0.8436976574147621,1.0,1.0,0.0,0.0,1005.0,355.1595309781817,355.1595309781817,15.172592166356823,18.1305970023562,6.586488251879766,0.0497512437810945,0.0,0.8436976574147621,423.0538863767909,40.7773652358388,0.5984266571885565,0.0466441031375475,0.121580547112462,675.0,46.0,62.0,567.0,67.16417910447761,1595.5414232947492,0.6466602249649024,0.6127759988885373,0.9271228045690802,1.2046689965063706,4.3585436284282615,6.332816410576925,5.005203853393163,7.097854191670193,0.6466602249649024,0.9271228045690802,/home/aaa/data/qj/stable-baselines3-master/risk_curriculum_metadrive/outputs/tuned_ablation_guard_only_nenv16_seed0_1m/runs/guard_only_ppo_s0/config.json,/home/aaa/data/qj/stable-baselines3-master/risk_curriculum_metadrive/outputs/tuned_ablation_guard_only_nenv16_seed0_1m/runs/guard_only_ppo_s0/model/final_model.zip,results/ijmlc_control/raw_csv/p1_d015_nonmotion_parallel_20260701_1645_guard_only_s0_episodes.csv
guard_only,action_intervention,guard_only,ppo,0,0.15,10000,10009,9,1.0,0.0,0.988921263418542,0.0,0.0,0.0,0.0,980.0,468.6740246388406,468.6740246388406,17.046206178076535,18.378369342986623,13.857924707603903,0.0346938775510204,0.0,988921.263418542,463.4809209137984,3.704185981631884,1.4025980038699106,0.0303333335705636,0.7906976744186046,809.0,0.0,43.0,766.0,82.55102040816327,1745.4871678535908,0.5772888430273065,0.5386869961512275,0.8174205911927857,1.0527408162306535,2.3081872317487404,2.904693841992412,2.885476074776047,3.61800850223517,0.5772888430273065,0.8174205911927857,/home/aaa/data/qj/stable-baselines3-master/risk_curriculum_metadrive/outputs/tuned_ablation_guard_only_nenv16_seed0_1m/runs/guard_only_ppo_s0/config.json,/home/aaa/data/qj/stable-baselines3-master/risk_curriculum_metadrive/outputs/tuned_ablation_guard_only_nenv16_seed0_1m/runs/guard_only_ppo_s0/model/final_model.zip,results/ijmlc_control/raw_csv/p1_d015_nonmotion_parallel_20260701_1645_guard_only_s0_episodes.csv
guard_only,action_intervention,guard_only,ppo,0,0.15,10000,10010,10,0.0,1.0,0.6340919263569239,0.0,0.0,0.0,1.0,833.0,316.89986617576875,316.89986617576875,15.696158130739922,18.100038063469743,8.131483784299531,0.0,0.0,0.6340919263569239,362.75423016587393,31.849893208208183,0.0623562357648548,0.0091736594996583,0.005420054200542,523.0,64.0,3.0,456.0,62.78511404561825,1441.747487715999,0.6773739811122453,0.6678740028291941,0.9249464026652277,1.0743556445231657,7.547451526104497,11.655177603824995,8.224825507216742,12.418706010794269,0.6773739811122453,0.9249464026652277,/home/aaa/data/qj/stable-baselines3-master/risk_curriculum_metadrive/outputs/tuned_ablation_guard_only_nenv16_seed0_1m/runs/guard_only_ppo_s0/config.json,/home/aaa/data/qj/stable-baselines3-master/risk_curriculum_metadrive/outputs/tuned_ablation_guard_only_nenv16_seed0_1m/runs/guard_only_ppo_s0/model/final_model.zip,results/ijmlc_control/raw_csv/p1_d015_nonmotion_parallel_20260701_1645_guard_only_s0_episodes.csv
guard_only,action_intervention,guard_only,ppo,0,0.15,10000,10011,11,0.0,1.0,0.8157906870503819,1.0,1.0,0.0,0.0,1102.0,430.04683337659947,430.04683337659947,15.949442879222063,18.034941761668627,10.315996438805085,0.0,0.0,0.8157906870503819,487.6542054386448,28.731870826754665,0.7199674625971232,0.0095005933846422,0.0055478502080443,642.0,85.0,5.0,552.0,58.25771324863885,1316.506641058332,0.6617775599209392,0.6231869992916472,0.8992773589852733,1.0945694841211662,6.268860280180786,8.15767745662015,6.930637840101725,8.930615601275349,0.6617775599209392,0.8992773589852733,/home/aaa/data/qj/stable-baselines3-master/risk_curriculum_metadrive/outputs/tuned_ablation_guard_only_nenv16_seed0_1m/runs/guard_only_ppo_s0/config.json,/home/aaa/data/qj/stable-baselines3-master/risk_curriculum_metadrive/outputs/tuned_ablation_guard_only_nenv16_seed0_1m/runs/guard_only_ppo_s0/model/final_model.zip,results/ijmlc_control/raw_csv/p1_d015_nonmotion_parallel_20260701_1645_guard_only_s0_episodes.csv
guard_only,action_intervention,guard_only,ppo,0,0.15,10000,10012,12,1.0,0.0,0.9888324125906144,0.0,0.0,0.0,0.0,949.0,436.0584827298572,436.0584827298572,16.593877008968754,18.31027026740937,10.810357448145371,0.0347734457323498,0.0,988832.4125906144,436.8220239253184,31.82735901679812,3.0136692560232032,0.0250795802299987,0.1111111111111111,720.0,27.0,32.0,661.0,75.86933614330874,1648.26854088084,0.6293997563727424,0.6113279960118234,0.8648482034914193,1.03799928619992,2.9650926626920637,4.142418605624697,3.5944924190648053,4.816387614118866,0.6293997563727424,0.8648482034914193,/home/aaa/data/qj/stable-baselines3-master/risk_curriculum_metadrive/outputs/tuned_ablation_guard_only_nenv16_seed0_1m/runs/guard_only_ppo_s0/config.json,/home/aaa/data/qj/stable-baselines3-master/risk_curriculum_metadrive/outputs/tuned_ablation_guard_only_nenv16_seed0_1m/runs/guard_only_ppo_s0/model/final_model.zip,results/ijmlc_control/raw_csv/p1_d015_nonmotion_parallel_20260701_1645_guard_only_s0_episodes.csv
guard_only,action_intervention,guard_only,ppo,0,0.15,10000,10013,13,1.0,0.0,0.9918762964091252,0.0,0.0,0.0,0.0,1108.0,540.6893282242062,540.6893282242062,17.529918462618575,18.38062076292601,16.11689428589557,0.0144404332129963,0.0,991876.2964091252,539.0016422005951,33.72538809005372,4.6627003192416,0.0080148366482384,0.0167597765363128,897.0,20.0,13.0,864.0,80.95667870036101,1664.187879535573,0.7151087221288372,0.6807730023865588,1.046028455311898,1.641025819262723,5.202085111898665,7.487687197863124,5.917193834027502,8.279874956497222,0.7151087221288372,1.046028455311898,/home/aaa/data/qj/stable-baselines3-master/risk_curriculum_metadrive/outputs/tuned_ablation_guard_only_nenv16_seed0_1m/runs/guard_only_ppo_s0/config.json,/home/aaa/data/qj/stable-baselines3-master/risk_curriculum_metadrive/outputs/tuned_ablation_guard_only_nenv16_seed0_1m/runs/guard_only_ppo_s0/model/final_model.zip,results/ijmlc_control/raw_csv/p1_d015_nonmotion_parallel_20260701_1645_guard_only_s0_episodes.csv
guard_only,action_intervention,guard_only,ppo,0,0.15,10000,10014,14,0.0,1.0,0.7973328885887548,1.0,1.0,0.0,0.0,1491.0,602.538079895241,602.538079895241,15.819077244429332,18.13448867918608,8.675049044906292,0.0,0.0,0.7973328885887548,654.4756347921253,33.96363035112473,0.2478149894748759,0.010566835978224,0.0068143100511073,945.0,86.0,10.0,849.0,63.38028169014085,1443.9040198954865,0.7396625160040693,0.7129040022846311,1.019254996208474,1.4835989015409687,8.858153028702935,13.107560502248816,9.597815544707004,13.90624349733116,0.7396625160040693,1.019254996208474,/home/aaa/data/qj/stable-baselines3-master/risk_curriculum_metadrive/outputs/tuned_ablation_guard_only_nenv16_seed0_1m/runs/guard_only_ppo_s0/config.json,/home/aaa/data/qj/stable-baselines3-master/risk_curriculum_metadrive/outputs/tuned_ablation_guard_only_nenv16_seed0_1m/runs/guard_only_ppo_s0/model/final_model.zip,results/ijmlc_control/raw_csv/p1_d015_nonmotion_parallel_20260701_1645_guard_only_s0_episodes.csv
guard_only,action_intervention,guard_only,ppo,0,0.15,10000,10015,15,0.0,1.0,0.2350096137296976,1.0,1.0,0.0,0.0,696.0,141.89352179788557,141.89352179788557,8.607697462631343,5.779144617700071,0.5915187600608627,0.1494252873563218,0.0,0.2350096137296976,164.33179247492683,40.470690283999055,7.080749655418101,0.0230999108229007,0.0,292.0,115.0,2.0,175.0,41.95402298850575,1776.8929286434477,0.6702006868317244,0.6176210008561611,0.9558425008435734,1.308912904642056,3.92622896677118,4.526845998043427,4.596429653602904,5.298880245391047,0.6702006868317244,0.9558425008435734,/home/aaa/data/qj/stable-baselines3-master/risk_curriculum_metadrive/outputs/tuned_ablation_guard_only_nenv16_seed0_1m/runs/guard_only_ppo_s0/config.json,/home/aaa/data/qj/stable-baselines3-master/risk_curriculum_metadrive/outputs/tuned_ablation_guard_only_nenv16_seed0_1m/runs/guard_only_ppo_s0/model/final_model.zip,results/ijmlc_control/raw_csv/p1_d015_nonmotion_parallel_20260701_1645_guard_only_s0_episodes.csv
guard_only,action_intervention,guard_only,ppo,0,0.15,10000,10016,16,0.0,1.0,0.4137495529706174,1.0,1.0,0.0,0.0,438.0,187.59963031334777,187.59963031334777,16.51418572188363,18.315717874896777,8.822559145459378,0.0388127853881278,0.0,0.4137495529706174,200.5124749230132,4.397975864498478,0.4507950228246764,0.0347124389748927,0.6666666666666666,338.0,0.0,23.0,315.0,77.1689497716895,1685.680654681337,0.643563221477729,0.5978050030535087,0.929812293179566,1.232628713187296,2.8388062100971787,3.667920357111143,3.482369431574908,4.36777284994605,0.643563221477729,0.929812293179566,/home/aaa/data/qj/stable-baselines3-master/risk_curriculum_metadrive/outputs/tuned_ablation_guard_only_nenv16_seed0_1m/runs/guard_only_ppo_s0/config.json,/home/aaa/data/qj/stable-baselines3-master/risk_curriculum_metadrive/outputs/tuned_ablation_guard_only_nenv16_seed0_1m/runs/guard_only_ppo_s0/model/final_model.zip,results/ijmlc_control/raw_csv/p1_d015_nonmotion_parallel_20260701_1645_guard_only_s0_episodes.csv
guard_only,action_intervention,guard_only,ppo,0,0.15,10000,10017,17,0.0,0.0,0.7445815607517116,0.0,0.0,0.0,0.0,1500.0,528.3027940803403,528.3027940803403,14.021050191944989,16.516555716062314,6.687032674263876,0.0,0.0,744581.5607517116,583.218545640667,22.586754759964503,5.569222025271318,0.0093863744873204,0.0,789.0,141.0,6.0,642.0,52.6,1352.837638476125,0.7918274647575648,0.7172840050770901,1.0734708994277753,2.1149316473747586,10.269102311955066,15.85894609306706,11.060929776712632,16.816915707022417,0.7918274647575648,1.0734708994277753,/home/aaa/data/qj/stable-baselines3-master/risk_curriculum_metadrive/outputs/tuned_ablation_guard_only_nenv16_seed0_1m/runs/guard_only_ppo_s0/config.json,/home/aaa/data/qj/stable-baselines3-master/risk_curriculum_metadrive/outputs/tuned_ablation_guard_only_nenv16_seed0_1m/runs/guard_only_ppo_s0/model/final_model.zip,results/ijmlc_control/raw_csv/p1_d015_nonmotion_parallel_20260701_1645_guard_only_s0_episodes.csv
guard_only,action_intervention,guard_only,ppo,0,0.15,10000,10018,18,1.0,0.0,0.990558682066715,0.0,0.0,0.0,0.0,884.0,407.1932254519097,407.1932254519097,17.44282768581619,18.33269206244367,13.7657155423232,0.0,0.0,990558.6820667152,427.735662324782,29.05344584440907,5.441467733898744,0.0032299393204396,0.0,661.0,29.0,1.0,631.0,74.77375565610859,1545.3469472416805,1.3002442382256305,0.8353919911314733,4.552224791405002,9.894291888776898,12.982488190248237,31.25574964724364,14.282732428473864,32.95873598835894,1.3002442382256305,4.552224791405002,/home/aaa/data/qj/stable-baselines3-master/risk_curriculum_metadrive/outputs/tuned_ablation_guard_only_nenv16_seed0_1m/runs/guard_only_ppo_s0/config.json,/home/aaa/data/qj/stable-baselines3-master/risk_curriculum_metadrive/outputs/tuned_ablation_guard_only_nenv16_seed0_1m/runs/guard_only_ppo_s0/model/final_model.zip,results/ijmlc_control/raw_csv/p1_d015_nonmotion_parallel_20260701_1645_guard_only_s0_episodes.csv
guard_only,action_intervention,guard_only,ppo,0,0.15,10000,10019,19,1.0,0.0,0.9928175808856792,0.0,0.0,0.0,0.0,1431.0,665.7501152284533,665.7501152284533,17.17302843070964,18.35083651402324,11.971128241756157,0.0048916841369671,0.0,992817.5808856792,681.9359070392645,101.83592159279011,6.708051448066147,0.0028624770212789,0.0,1084.0,51.0,1.0,1032.0,75.75122292103424,1589.5922018630197,1.2029543178397473,0.9462309972150252,2.8442730035749264,5.378972298058222,12.266686428228056,30.55867199873319,13.469640746067803,33.258501505770255,1.2029543178397473,2.8442730035749264,/home/aaa/data/qj/stable-baselines3-master/risk_curriculum_metadrive/outputs/tuned_ablation_guard_only_nenv16_seed0_1m/runs/guard_only_ppo_s0/config.json,/home/aaa/data/qj/stable-baselines3-master/risk_curriculum_metadrive/outputs/tuned_ablation_guard_only_nenv16_seed0_1m/runs/guard_only_ppo_s0/model/final_model.zip,results/ijmlc_control/raw_csv/p1_d015_nonmotion_parallel_20260701_1645_guard_only_s0_episodes.csv
guard_only,action_intervention,guard_only,ppo,0,0.15,20000,20000,0,1.0,0.0,0.9869170924806164,0.0,0.0,0.0,0.0,719.0,325.7545936579809,325.7545936579809,17.522147225924282,18.38773025867185,17.56017548347971,0.0125173852573018,0.0,986917.0924806166,349.47694325130414,142.99538850970794,0.028668966692357,0.0156144069920646,0.2352941176470588,586.0,4.0,13.0,569.0,81.50208623087622,1676.7915918808278,1.6656469189850431,0.9226479887729512,4.991001698363107,6.517756868852304,8.0038609154139,14.90900200296892,9.669507834398944,17.25852629897418,1.6656469189850431,4.991001698363107,/home/aaa/data/qj/stable-baselines3-master/risk_curriculum_metadrive/outputs/tuned_ablation_guard_only_nenv16_seed0_1m/runs/guard_only_ppo_s0/config.json,/home/aaa/data/qj/stable-baselines3-master/risk_curriculum_metadrive/outputs/tuned_ablation_guard_only_nenv16_seed0_1m/runs/guard_only_ppo_s0/model/final_model.zip,results/ijmlc_control/raw_csv/p1_d015_nonmotion_parallel_20260701_1645_guard_only_s0_episodes.csv
guard_only,action_intervention,guard_only,ppo,0,0.15,20000,20001,1,1.0,0.0,0.9899664060394776,0.0,0.0,0.0,0.0,1076.0,425.5823839121553,425.5823839121553,16.981560914178313,18.30588353878503,10.958270489668012,0.0,0.0,989966.4060394776,507.0494422179039,28.354737686202693,1.148078249600018,0.009317413498724,0.0300751879699248,814.0,31.0,6.0,777.0,75.65055762081785,1605.3661284774364,1.2221284552760117,0.9457300111535004,3.335006746056024,5.531196748052025,7.0501714844220285,12.999424750887556,8.27229993969804,14.66672449168982,1.2221284552760117,3.335006746056024,/home/aaa/data/qj/stable-baselines3-master/risk_curriculum_metadrive/outputs/tuned_ablation_guard_only_nenv16_seed0_1m/runs/guard_only_ppo_s0/config.json,/home/aaa/data/qj/stable-baselines3-master/risk_curriculum_metadrive/outputs/tuned_ablation_guard_only_nenv16_seed0_1m/runs/guard_only_ppo_s0/model/final_model.zip,results/ijmlc_control/raw_csv/p1_d015_nonmotion_parallel_20260701_1645_guard_only_s0_episodes.csv
guard_only,action_intervention,guard_only,ppo,0,0.15,20000,20002,2,1.0,0.0,0.9892347022278069,0.0,0.0,0.0,0.0,1174.0,492.56190943848304,492.56190943848304,15.126362260566186,18.135627484363496,6.395708537003329,0.024701873935264,0.0,989234.7022278068,492.4311862019116,18.145045801098345,2.989303601290856,0.0187974701434717,0.0325581395348837,763.0,71.0,26.0,666.0,64.99148211243612,1549.455073885485,1.352243940420314,0.9198019979521632,4.915352402167626,6.048592425649984,9.275606205645577,18.89221464152797,10.62785014606589,20.883376651181603,1.352243940420314,4.915352402167626,/home/aaa/data/qj/stable-baselines3-master/risk_curriculum_metadrive/outputs/tuned_ablation_guard_only_nenv16_seed0_1m/runs/guard_only_ppo_s0/config.json,/home/aaa/data/qj/stable-baselines3-master/risk_curriculum_metadrive/outputs/tuned_ablation_guard_only_nenv16_seed0_1m/runs/guard_only_ppo_s0/model/final_model.zip,results/ijmlc_control/raw_csv/p1_d015_nonmotion_parallel_20260701_1645_guard_only_s0_episodes.csv
guard_only,action_intervention,guard_only,ppo,0,0.15,20000,20003,3,0.0,0.0,0.8381955733602152,0.0,0.0,0.0,0.0,1500.0,396.6880567270259,396.6880567270259,13.741637279978075,17.8834887385497,3.435213679090905,0.028,0.0,838195.5733602153,571.5636820833101,50.98124488781701,1.7342141007451295,0.0205169184194676,0.0208333333333333,816.0,150.0,21.0,645.0,54.400000000000006,1427.6624382881298,1.1713737906635897,0.952619499003049,2.758434086717898,4.948216960183345,15.377885682372533,21.799576848570723,16.54925947303612,23.005897316761544,1.1713737906635897,2.758434086717898,/home/aaa/data/qj/stable-baselines3-master/risk_curriculum_metadrive/outputs/tuned_ablation_guard_only_nenv16_seed0_1m/runs/guard_only_ppo_s0/config.json,/home/aaa/data/qj/stable-baselines3-master/risk_curriculum_metadrive/outputs/tuned_ablation_guard_only_nenv16_seed0_1m/runs/guard_only_ppo_s0/model/final_model.zip,results/ijmlc_control/raw_csv/p1_d015_nonmotion_parallel_20260701_1645_guard_only_s0_episodes.csv
guard_only,action_intervention,guard_only,ppo,0,0.15,20000,20004,4,1.0,0.0,0.9908834559690668,0.0,0.0,0.0,0.0,1018.0,509.3603480275772,509.3603480275772,17.779277179796377,18.381564090150544,17.875907511736713,0.0078585461689587,0.0,990883.4559690668,502.2859411416614,31.27029973934521,5.97573562400844,0.0044395976473137,0.0,836.0,20.0,3.0,813.0,82.12180746561886,1664.3906020937586,0.9469896718362906,0.8855574924382381,1.362633309327066,2.1609921545314195,5.069573928435307,8.071365702198818,6.016563600271598,9.130162493966054,0.9469896718362906,1.362633309327066,/home/aaa/data/qj/stable-baselines3-master/risk_curriculum_metadrive/outputs/tuned_ablation_guard_only_nenv16_seed0_1m/runs/guard_only_ppo_s0/config.json,/home/aaa/data/qj/stable-baselines3-master/risk_curriculum_metadrive/outputs/tuned_ablation_guard_only_nenv16_seed0_1m/runs/guard_only_ppo_s0/model/final_model.zip,results/ijmlc_control/raw_csv/p1_d015_nonmotion_parallel_20260701_1645_guard_only_s0_episodes.csv
guard_only,action_intervention,guard_only,ppo,0,0.15,20000,20005,5,1.0,0.0,0.992639295000474,0.0,0.0,0.0,0.0,1442.0,524.5971575633212,524.5971575633212,14.470906601598918,18.038818900121115,6.344375024349009,0.0,0.0,992639.295000474,578.927793397457,36.2805966496308,6.880231455499031,0.0093353154162005,0.0,872.0,126.0,1.0,745.0,60.47156726768377,1506.2327460263032,1.0106934188745158,0.895227502041962,1.4623249939177188,2.645728058705567,11.759792851902874,18.609911152452696,12.770486270777392,19.67372905710363,1.0106934188745158,1.4623249939177188,/home/aaa/data/qj/stable-baselines3-master/risk_curriculum_metadrive/outputs/tuned_ablation_guard_only_nenv16_seed0_1m/runs/guard_only_ppo_s0/config.json,/home/aaa/data/qj/stable-baselines3-master/risk_curriculum_metadrive/outputs/tuned_ablation_guard_only_nenv16_seed0_1m/runs/guard_only_ppo_s0/model/final_model.zip,results/ijmlc_control/raw_csv/p1_d015_nonmotion_parallel_20260701_1645_guard_only_s0_episodes.csv
guard_only,action_intervention,guard_only,ppo,0,0.15,20000,20006,6,0.0,1.0,0.6858807586666471,1.0,1.0,0.0,0.0,789.0,368.3202981150071,368.3202981150071,18.067198359919846,18.404743757013804,17.932379825673014,0.0012674271229404,0.0,0.6858807586666471,395.5801425744317,59.68058635348661,3.691739056301413,0.0021960290960652,0.0217391304347826,666.0,2.0,2.0,662.0,84.4106463878327,1683.6032154336126,1.0425011270937152,0.9483509929850698,1.6296023968607187,2.8116116375895217,6.057785463868935,7.711733790347351,7.100286590962651,8.879048397648146,1.0425011270937152,1.6296023968607187,/home/aaa/data/qj/stable-baselines3-master/risk_curriculum_metadrive/outputs/tuned_ablation_guard_only_nenv16_seed0_1m/runs/guard_only_ppo_s0/config.json,/home/aaa/data/qj/stable-baselines3-master/risk_curriculum_metadrive/outputs/tuned_ablation_guard_only_nenv16_seed0_1m/runs/guard_only_ppo_s0/model/final_model.zip,results/ijmlc_control/raw_csv/p1_d015_nonmotion_parallel_20260701_1645_guard_only_s0_episodes.csv
guard_only,action_intervention,guard_only,ppo,0,0.15,20000,20007,7,1.0,0.0,0.9881312423539422,0.0,0.0,0.0,0.0,977.0,426.5701506746504,426.5701506746504,16.151407567935685,18.3267946111307,6.257908498727361,0.0777891504605936,0.0,988131.2423539422,437.7480477678517,53.60549678495363,0.0294364558190828,0.0567260550570378,0.3023255813953488,778.0,13.0,79.0,686.0,79.63152507676561,1777.2780574742667,0.9047473652748022,0.8577420085202903,1.2215928087243806,1.5711905609350654,4.927522642817968,6.543593003880233,5.83227000809277,7.4784126074519,0.9047473652748022,1.2215928087243806,/home/aaa/data/qj/stable-baselines3-master/risk_curriculum_metadrive/outputs/tuned_ablation_guard_only_nenv16_seed0_1m/runs/guard_only_ppo_s0/config.json,/home/aaa/data/qj/stable-baselines3-master/risk_curriculum_metadrive/outputs/tuned_ablation_guard_only_nenv16_seed0_1m/runs/guard_only_ppo_s0/model/final_model.zip,results/ijmlc_control/raw_csv/p1_d015_nonmotion_parallel_20260701_1645_guard_only_s0_episodes.csv
guard_only,action_intervention,guard_only,ppo,0,0.15,20000,20008,8,1.0,0.0,0.9939152662835882,0.0,0.0,0.0,0.0,1373.0,632.3790511821262,632.3790511821262,17.690582832694794,18.38890275742943,17.88337781092936,0.0160233066278222,0.0,993915.2662835884,674.1852717419868,75.84190320848087,1.4221110434104225,0.0145981353596104,0.0675675675675675,1137.0,14.0,25.0,1098.0,82.81136198106337,1686.4800339855751,0.8852911763273393,0.831454002764076,1.1786918010329823,1.8190249934559688,7.500654756621806,10.711364401504396,8.385945932949145,11.632688995450737,0.8852911763273393,1.1786918010329823,/home/aaa/data/qj/stable-baselines3-master/risk_curriculum_metadrive/outputs/tuned_ablation_guard_only_nenv16_seed0_1m/runs/guard_only_ppo_s0/config.json,/home/aaa/data/qj/stable-baselines3-master/risk_curriculum_metadrive/outputs/tuned_ablation_guard_only_nenv16_seed0_1m/runs/guard_only_ppo_s0/model/final_model.zip,results/ijmlc_control/raw_csv/p1_d015_nonmotion_parallel_20260701_1645_guard_only_s0_episodes.csv
guard_only,action_intervention,guard_only,ppo,0,0.15,20000,20009,9,0.0,1.0,0.7610046137394973,1.0,1.0,0.0,0.0,663.0,291.11778356396326,291.11778356396326,16.734925907973548,18.34783239106581,11.303839587520466,0.0467571644042232,0.0,0.7610046137394973,307.7091042865774,30.446155877228737,0.3999103556107459,0.0432667368829633,0.6031746031746031,535.0,1.0,38.0,496.0,80.69381598793363,1738.6550886766763,0.8681275760934043,0.8234319975599647,1.2475191018893383,1.7822624972905032,5.607779454113284,7.228925311937927,6.475907030206688,8.050111003103666,0.8681275760934043,1.2475191018893383,/home/aaa/data/qj/stable-baselines3-master/risk_curriculum_metadrive/outputs/tuned_ablation_guard_only_nenv16_seed0_1m/runs/guard_only_ppo_s0/config.json,/home/aaa/data/qj/stable-baselines3-master/risk_curriculum_metadrive/outputs/tuned_ablation_guard_only_nenv16_seed0_1m/runs/guard_only_ppo_s0/model/final_model.zip,results/ijmlc_control/raw_csv/p1_d015_nonmotion_parallel_20260701_1645_guard_only_s0_episodes.csv
guard_only,action_intervention,guard_only,ppo,0,0.15,20000,20010,10,1.0,0.0,0.9895651237091752,0.0,0.0,0.0,0.0,900.0,467.9222779174859,467.9222779174859,17.850468959867953,18.400572179541477,17.900887370443392,0.0088888888888888,0.0,989565.1237091752,445.77356882567744,24.119869090310942,1.7292100908738632,0.0093895370550429,0.1030927835051546,747.0,6.0,10.0,731.0,83.0,1675.7386535228136,0.7307336511601332,0.7007215099292807,1.075177303573582,1.3837797491578383,2.682877897524224,4.41190479978104,3.413611548684356,5.167124291619984,0.7307336511601332,1.075177303573582,/home/aaa/data/qj/stable-baselines3-master/risk_curriculum_metadrive/outputs/tuned_ablation_guard_only_nenv16_seed0_1m/runs/guard_only_ppo_s0/config.json,/home/aaa/data/qj/stable-baselines3-master/risk_curriculum_metadrive/outputs/tuned_ablation_guard_only_nenv16_seed0_1m/runs/guard_only_ppo_s0/model/final_model.zip,results/ijmlc_control/raw_csv/p1_d015_nonmotion_parallel_20260701_1645_guard_only_s0_episodes.csv
guard_only,action_intervention,guard_only,ppo,0,0.15,20000,20011,11,1.0,0.0,0.9918672205924772,0.0,0.0,0.0,0.0,1307.0,555.1415952252346,555.1415952252346,15.205929787866744,18.29912735968485,0.0147812168701934,0.1469013006885998,0.0,991867.2205924772,551.4199967453834,11.251150143737108,0.0032431924943165,0.0967848626605025,0.4621513944223107,1108.0,19.0,180.0,909.0,84.7742922723795,2009.3576702689213,0.8891911913511467,0.8328139956574887,1.2209666077978911,1.885231277265122,8.783976465218961,12.29774909152184,9.673167656570108,13.186711496382486,0.8891911913511467,1.2209666077978911,/home/aaa/data/qj/stable-baselines3-master/risk_curriculum_metadrive/outputs/tuned_ablation_guard_only_nenv16_seed0_1m/runs/guard_only_ppo_s0/config.json,/home/aaa/data/qj/stable-baselines3-master/risk_curriculum_metadrive/outputs/tuned_ablation_guard_only_nenv16_seed0_1m/runs/guard_only_ppo_s0/model/final_model.zip,results/ijmlc_control/raw_csv/p1_d015_nonmotion_parallel_20260701_1645_guard_only_s0_episodes.csv
guard_only,action_intervention,guard_only,ppo,0,0.15,20000,20012,12,1.0,0.0,0.9916296037550604,0.0,0.0,0.0,0.0,1095.0,502.0191553946093,502.0191553946093,17.13358499508033,18.304788815761206,13.286480340108472,0.0082191780821917,0.0,991629.6037550606,520.5564682007563,22.686236084151705,1.0786202465954648,0.0111725001821259,0.0461538461538461,822.0,33.0,13.0,776.0,75.06849315068493,1579.07940869729,0.8723492476053655,0.8065290021477267,1.2489077955251553,2.235399920900817,4.923278776254743,8.428904095489997,5.795628023860108,9.242815588368105,0.8723492476053655,1.2489077955251553,/home/aaa/data/qj/stable-baselines3-master/risk_curriculum_metadrive/outputs/tuned_ablation_guard_only_nenv16_seed0_1m/runs/guard_only_ppo_s0/config.json,/home/aaa/data/qj/stable-baselines3-master/risk_curriculum_metadrive/outputs/tuned_ablation_guard_only_nenv16_seed0_1m/runs/guard_only_ppo_s0/model/final_model.zip,results/ijmlc_control/raw_csv/p1_d015_nonmotion_parallel_20260701_1645_guard_only_s0_episodes.csv
guard_only,action_intervention,guard_only,ppo,0,0.15,20000,20013,13,0.0,0.0,0.7702076720979436,0.0,0.0,0.0,0.0,1500.0,482.9399306282064,482.9399306282064,12.64337646838782,17.988530482843096,1.489695717274203,0.07,0.0,770207.6720979436,525.9061576604436,32.26122506666684,1.674470856334905,0.029186128113569,0.044776119402985,904.0,134.0,34.0,736.0,60.266666666666666,1718.9378500939256,0.8901776679170629,0.8416544951614924,1.2166389409685507,1.9467877798888364,13.01030616640734,18.746338797791395,13.900483834324405,19.6860873948026,0.8901776679170629,1.2166389409685507,/home/aaa/data/qj/stable-baselines3-master/risk_curriculum_metadrive/outputs/tuned_ablation_guard_only_nenv16_seed0_1m/runs/guard_only_ppo_s0/config.json,/home/aaa/data/qj/stable-baselines3-master/risk_curriculum_metadrive/outputs/tuned_ablation_guard_only_nenv16_seed0_1m/runs/guard_only_ppo_s0/model/final_model.zip,results/ijmlc_control/raw_csv/p1_d015_nonmotion_parallel_20260701_1645_guard_only_s0_episodes.csv
guard_only,action_intervention,guard_only,ppo,0,0.15,20000,20014,14,1.0,0.0,0.9915286888199512,0.0,0.0,0.0,0.0,1344.0,491.96675510726527,491.96675510726527,14.429647599327083,17.917106402897524,5.786481576239261,0.0007440476190476,0.0,991528.6888199511,538.1409240435188,41.490124298614674,5.194248197821898,0.0159905965837278,0.0,747.0,150.0,1.0,596.0,55.58035714285714,1388.1122334780678,0.8597352869920931,0.7991710008354858,1.1918564458028411,1.7489656078396256,6.856613584767772,9.238213847129373,7.716348871759865,10.135495995928066,0.8597352869920931,1.1918564458028411,/home/aaa/data/qj/stable-baselines3-master/risk_curriculum_metadrive/outputs/tuned_ablation_guard_only_nenv16_seed0_1m/runs/guard_only_ppo_s0/config.json,/home/aaa/data/qj/stable-baselines3-master/risk_curriculum_metadrive/outputs/tuned_ablation_guard_only_nenv16_seed0_1m/runs/guard_only_ppo_s0/model/final_model.zip,results/ijmlc_control/raw_csv/p1_d015_nonmotion_parallel_20260701_1645_guard_only_s0_episodes.csv
guard_only,action_intervention,guard_only,ppo,0,0.15,20000,20015,15,1.0,0.0,0.9925934865037268,0.0,0.0,0.0,0.0,1187.0,558.0851774692758,558.0851774692758,17.9138124975173,18.43580011615449,17.918534022670958,0.0067396798652064,0.0,992593.4865037268,590.1852942859317,20.43635510720357,2.2192864186771906,0.0076534778938477,0.2,1003.0,2.0,14.0,987.0,84.49873631002527,1699.46626883263,0.806799691027068,0.7676410023123026,1.0680537990992889,1.4507088332902651,4.380983865923144,6.517297100799624,5.187783556950213,7.45917681051651,0.806799691027068,1.0680537990992889,/home/aaa/data/qj/stable-baselines3-master/risk_curriculum_metadrive/outputs/tuned_ablation_guard_only_nenv16_seed0_1m/runs/guard_only_ppo_s0/config.json,/home/aaa/data/qj/stable-baselines3-master/risk_curriculum_metadrive/outputs/tuned_ablation_guard_only_nenv16_seed0_1m/runs/guard_only_ppo_s0/model/final_model.zip,results/ijmlc_control/raw_csv/p1_d015_nonmotion_parallel_20260701_1645_guard_only_s0_episodes.csv
guard_only,action_intervention,guard_only,ppo,0,0.15,20000,20016,16,0.0,0.0,0.750077521630458,0.0,0.0,0.0,0.0,1500.0,403.5275771099606,403.5275771099606,12.950430027463115,12.899434259830052,6.302021755324137,0.002,0.0,750077.5216304581,538.4245553414248,57.98801262795369,5.14546827843427,0.0177631588252656,0.0,635.0,182.0,9.0,444.0,42.333333333333336,1179.3667166560317,0.8943981503446897,0.8527480022166856,1.199699040444102,1.630015254631871,10.365657683229074,15.079582601902075,11.260055833573764,16.042627959541278,0.8943981503446897,1.199699040444102,/home/aaa/data/qj/stable-baselines3-master/risk_curriculum_metadrive/outputs/tuned_ablation_guard_only_nenv16_seed0_1m/runs/guard_only_ppo_s0/config.json,/home/aaa/data/qj/stable-baselines3-master/risk_curriculum_metadrive/outputs/tuned_ablation_guard_only_nenv16_seed0_1m/runs/guard_only_ppo_s0/model/final_model.zip,results/ijmlc_control/raw_csv/p1_d015_nonmotion_parallel_20260701_1645_guard_only_s0_episodes.csv
guard_only,action_intervention,guard_only,ppo,0,0.15,20000,20017,17,0.0,1.0,0.7987973013415144,1.0,1.0,0.0,0.0,1162.0,411.4391362347328,411.4391362347328,15.312725525068805,18.008009195159573,8.074567709365965,0.0,0.0,0.7987973013415144,493.45915217925136,34.92231332762036,1.105969695076234,0.0109982414583389,0.0037174721189591,655.0,80.0,8.0,567.0,56.36833046471601,1327.3641741314143,0.9031338717666432,0.8661909960210323,1.1859916012326723,1.5963291171647225,9.287503079287111,12.232087703887371,10.190636951053754,13.19529059328488,0.9031338717666432,1.1859916012326723,/home/aaa/data/qj/stable-baselines3-master/risk_curriculum_metadrive/outputs/tuned_ablation_guard_only_nenv16_seed0_1m/runs/guard_only_ppo_s0/config.json,/home/aaa/data/qj/stable-baselines3-master/risk_curriculum_metadrive/outputs/tuned_ablation_guard_only_nenv16_seed0_1m/runs/guard_only_ppo_s0/model/final_model.zip,results/ijmlc_control/raw_csv/p1_d015_nonmotion_parallel_20260701_1645_guard_only_s0_episodes.csv
guard_only,action_intervention,guard_only,ppo,0,0.15,20000,20018,18,0.0,1.0,0.6657880458393842,1.0,1.0,0.0,0.0,1444.0,483.67090669403626,483.67090669403626,13.010033404781302,16.60042081447891,2.7674535726451395,0.0346260387811634,0.0,0.6657880458393842,520.731850231283,50.83124571556584,6.716259289616979,0.0145109047169219,0.0,765.0,159.0,2.0,604.0,52.97783933518006,1469.086247864857,0.8576231280798376,0.8188499996322207,1.089541297551477,1.2986835803894778,15.381975777156509,23.662197549128905,16.239598905236345,24.50953070583637,0.8576231280798376,1.089541297551477,/home/aaa/data/qj/stable-baselines3-master/risk_curriculum_metadrive/outputs/tuned_ablation_guard_only_nenv16_seed0_1m/runs/guard_only_ppo_s0/config.json,/home/aaa/data/qj/stable-baselines3-master/risk_curriculum_metadrive/outputs/tuned_ablation_guard_only_nenv16_seed0_1m/runs/guard_only_ppo_s0/model/final_model.zip,results/ijmlc_control/raw_csv/p1_d015_nonmotion_parallel_20260701_1645_guard_only_s0_episodes.csv
guard_only,action_intervention,guard_only,ppo,0,0.15,20000,20019,19,1.0,0.0,0.9906609520630582,0.0,0.0,0.0,0.0,1132.0,541.0150368450694,541.0150368450694,17.72601781959536,18.35232410324908,16.219552230694962,0.0053003533568904,0.0,990660.9520630582,556.8862491613414,60.86119522655981,4.818626851823753,0.0042870242484251,0.0054945054945054,905.0,25.0,5.0,875.0,79.9469964664311,1625.1074638005705,0.785270142498037,0.7522450032411143,1.0943010995106306,1.4910492887429438,5.564107581886279,8.012881795730209,6.349377724384316,8.870418449805584,0.785270142498037,1.0943010995106306,/home/aaa/data/qj/stable-baselines3-master/risk_curriculum_metadrive/outputs/tuned_ablation_guard_only_nenv16_seed0_1m/runs/guard_only_ppo_s0/config.json,/home/aaa/data/qj/stable-baselines3-master/risk_curriculum_metadrive/outputs/tuned_ablation_guard_only_nenv16_seed0_1m/runs/guard_only_ppo_s0/model/final_model.zip,results/ijmlc_control/raw_csv/p1_d015_nonmotion_parallel_20260701_1645_guard_only_s0_episodes.csv
guard_only,action_intervention,guard_only,ppo,1,0.15,10000,10000,0,1.0,0.0,0.9916559784345008,0.0,0.0,0.0,0.0,1093.0,464.3143294195244,464.3143294195244,17.25065951249809,18.32791013127128,13.052571048604506,0.010978956999085,0.0,991655.978434501,523.142393387788,25.47008319898859,1.503676210658322,0.0139753157479104,0.0617283950617283,838.0,24.0,17.0,797.0,76.66971637694418,1601.85832880651,0.8071270548958589,0.6777969974791631,1.06904639978893,1.605868477490728,5.335482755627024,7.4267510004574415,6.142609810522883,8.263887799694201,0.8071270548958589,1.06904639978893,/home/aaa/data/qj/stable-baselines3-master/risk_curriculum_metadrive/outputs/tuned_ablation_guard_only_nenv16_seed1_1m/runs/guard_only_ppo_s1/config.json,/home/aaa/data/qj/stable-baselines3-master/risk_curriculum_metadrive/outputs/tuned_ablation_guard_only_nenv16_seed1_1m/runs/guard_only_ppo_s1/model/final_model.zip,results/ijmlc_control/raw_csv/p1_d015_nonmotion_parallel_20260701_1645_guard_only_s1_episodes.csv
guard_only,action_intervention,guard_only,ppo,1,0.15,10000,10001,1,0.0,1.0,0.9309065318639568,0.0,0.0,0.0,1.0,967.0,441.5920382662897,441.5920382662897,18.06245891172989,18.39895324539022,17.905387702772355,0.0,0.0,0.9309065318639568,484.67819198167655,31.63553933304589,2.863631290031183,0.0021542422044833,0.0198019801980198,791.0,9.0,2.0,780.0,81.79937952430197,1632.010709551182,0.8747544269311756,0.815366001916118,1.2374192883726207,2.0654011610895395,6.1566612926480815,8.277259198075626,7.0314157195792575,9.218962493469007,0.8747544269311756,1.2374192883726207,/home/aaa/data/qj/stable-baselines3-master/risk_curriculum_metadrive/outputs/tuned_ablation_guard_only_nenv16_seed1_1m/runs/guard_only_ppo_s1/config.json,/home/aaa/data/qj/stable-baselines3-master/risk_curriculum_metadrive/outputs/tuned_ablation_guard_only_nenv16_seed1_1m/runs/guard_only_ppo_s1/model/final_model.zip,results/ijmlc_control/raw_csv/p1_d015_nonmotion_parallel_20260701_1645_guard_only_s1_episodes.csv
guard_only,action_intervention,guard_only,ppo,1,0.15,10000,10002,2,1.0,0.0,0.9916173217769312,0.0,0.0,0.0,0.0,1203.0,488.5299935813708,488.5299935813708,16.522544237536987,18.26392195446668,9.717557243101682,0.0024937655860349,0.0,991617.3217769312,551.4164907318691,53.709041818666726,0.9195332112543394,0.0071906040716009,0.0097799511002444,846.0,50.0,6.0,790.0,70.32418952618454,1534.2305031123465,0.8420080749062722,0.7960910006659105,1.1882623992278238,1.6660797924851078,8.820413551057193,13.377475895686077,9.662421625963464,14.306621297146192,0.8420080749062722,1.1882623992278238,/home/aaa/data/qj/stable-baselines3-master/risk_curriculum_metadrive/outputs/tuned_ablation_guard_only_nenv16_seed1_1m/runs/guard_only_ppo_s1/config.json,/home/aaa/data/qj/stable-baselines3-master/risk_curriculum_metadrive/outputs/tuned_ablation_guard_only_nenv16_seed1_1m/runs/guard_only_ppo_s1/model/final_model.zip,results/ijmlc_control/raw_csv/p1_d015_nonmotion_parallel_20260701_1645_guard_only_s1_episodes.csv
guard_only,action_intervention,guard_only,ppo,1,0.15,10000,10003,3,1.0,0.0,0.9900915211371396,0.0,0.0,0.0,0.0,976.0,443.7651164704228,443.7651164704228,17.2186060248491,18.366010621508387,11.738986518102314,0.0,0.0,990091.5211371396,466.2629066375924,52.487400965574224,6.53956117732907,0.0026374993658083,0.0,754.0,26.0,1.0,727.0,77.25409836065575,1617.113412339391,0.6605375387838738,0.6277755092014559,0.9763145062606782,1.1531747513799928,2.892736184310438,5.0536875023681205,3.553273723094312,5.806784247397445,0.6605375387838738,0.9763145062606782,/home/aaa/data/qj/stable-baselines3-master/risk_curriculum_metadrive/outputs/tuned_ablation_guard_only_nenv16_seed1_1m/runs/guard_only_ppo_s1/config.json,/home/aaa/data/qj/stable-baselines3-master/risk_curriculum_metadrive/outputs/tuned_ablation_guard_only_nenv16_seed1_1m/runs/guard_only_ppo_s1/model/final_model.zip,results/ijmlc_control/raw_csv/p1_d015_nonmotion_parallel_20260701_1645_guard_only_s1_episodes.csv
guard_only,action_intervention,guard_only,ppo,1,0.15,10000,10004,4,1.0,0.0,0.991134357152804,0.0,0.0,0.0,0.0,1334.0,540.0133778266489,540.0133778266489,15.29488320740998,18.08822131010411,7.721180539426933,0.0149925037481259,0.0,991134.357152804,565.5836792867316,58.90067007156839,2.008412616256132,0.0121798810270247,0.011456628477905,797.0,89.0,10.0,698.0,59.74512743628186,1409.1637173921142,0.831543686435798,0.800323992734775,1.2008288540528151,1.7541131102188994,9.899352921189209,15.613014053087682,10.730896607625006,16.516414001671365,0.831543686435798,1.2008288540528151,/home/aaa/data/qj/stable-baselines3-master/risk_curriculum_metadrive/outputs/tuned_ablation_guard_only_nenv16_seed1_1m/runs/guard_only_ppo_s1/config.json,/home/aaa/data/qj/stable-baselines3-master/risk_curriculum_metadrive/outputs/tuned_ablation_guard_only_nenv16_seed1_1m/runs/guard_only_ppo_s1/model/final_model.zip,results/ijmlc_control/raw_csv/p1_d015_nonmotion_parallel_20260701_1645_guard_only_s1_episodes.csv
guard_only,action_intervention,guard_only,ppo,1,0.15,10000,10005,5,1.0,0.0,0.9900125133512618,0.0,0.0,0.0,0.0,1055.0,470.5827394089634,470.5827394089634,16.733512025108272,18.352575556517085,9.982776713254417,0.0293838862559241,0.0,990012.5133512618,489.8158669003042,16.52776675354983,0.9176500285871246,0.0235457026132118,0.2142857142857142,823.0,23.0,30.0,770.0,78.00947867298578,1680.223234106688,0.8026876338284189,0.774543994339183,1.1520186992129309,1.5206885640509429,6.660221486285624,12.697507903794758,7.462909120114044,13.526232603180688,0.8026876338284189,1.1520186992129309,/home/aaa/data/qj/stable-baselines3-master/risk_curriculum_metadrive/outputs/tuned_ablation_guard_only_nenv16_seed1_1m/runs/guard_only_ppo_s1/config.json,/home/aaa/data/qj/stable-baselines3-master/risk_curriculum_metadrive/outputs/tuned_ablation_guard_only_nenv16_seed1_1m/runs/guard_only_ppo_s1/model/final_model.zip,results/ijmlc_control/raw_csv/p1_d015_nonmotion_parallel_20260701_1645_guard_only_s1_episodes.csv
guard_only,action_intervention,guard_only,ppo,1,0.15,10000,10006,6,1.0,0.0,0.9924086472754312,0.0,0.0,0.0,0.0,1365.0,581.5945515915295,581.5945515915295,16.491697897470424,18.25880397645992,10.56151281645406,0.0102564102564102,0.0,992408.6472754312,624.4898340645433,18.6105932037215,0.1381573367538734,0.0146140059815546,0.0485175202156334,955.0,56.0,18.0,881.0,69.96336996336996,1529.248272600859,0.7043021099855987,0.6905979971634224,1.046709399088286,1.27876059268601,4.338443180142762,7.300298204063438,5.0427452901283605,7.961355219595134,0.7043021099855987,1.046709399088286,/home/aaa/data/qj/stable-baselines3-master/risk_curriculum_metadrive/outputs/tuned_ablation_guard_only_nenv16_seed1_1m/runs/guard_only_ppo_s1/config.json,/home/aaa/data/qj/stable-baselines3-master/risk_curriculum_metadrive/outputs/tuned_ablation_guard_only_nenv16_seed1_1m/runs/guard_only_ppo_s1/model/final_model.zip,results/ijmlc_control/raw_csv/p1_d015_nonmotion_parallel_20260701_1645_guard_only_s1_episodes.csv
guard_only,action_intervention,guard_only,ppo,1,0.15,10000,10007,7,0.0,0.0,0.5781568764481034,0.0,0.0,0.0,0.0,1500.0,380.8800386452099,380.8800386452099,11.47053218725555,11.77321557483502,3.6147571715833817,0.0106666666666666,0.0,578156.8764481035,476.9949475335968,37.387948982478335,1.934191114751553,0.0226986220197067,0.0041771094402673,593.0,225.0,9.0,359.0,39.53333333333333,1243.1997509957534,0.687238100382577,0.6662529995082878,0.9486359493166674,1.2834868472418748,11.159133630775614,18.72019466027268,11.846371731158191,19.423051154444693,0.687238100382577,0.9486359493166674,/home/aaa/data/qj/stable-baselines3-master/risk_curriculum_metadrive/outputs/tuned_ablation_guard_only_nenv16_seed1_1m/runs/guard_only_ppo_s1/config.json,/home/aaa/data/qj/stable-baselines3-master/risk_curriculum_metadrive/outputs/tuned_ablation_guard_only_nenv16_seed1_1m/runs/guard_only_ppo_s1/model/final_model.zip,results/ijmlc_control/raw_csv/p1_d015_nonmotion_parallel_20260701_1645_guard_only_s1_episodes.csv
guard_only,action_intervention,guard_only,ppo,1,0.15,10000,10008,8,0.0,0.0,0.4888677328069247,0.0,0.0,0.0,0.0,1500.0,211.46975094966356,211.46975094966356,6.064394812763216,1.617465129056071,0.0944765513397368,0.426,0.0,488867.7328069248,245.86817330726524,194.043418188302,5.803572926399019,0.0638077142603247,0.0,577.0,264.0,84.0,229.0,38.46666666666667,2346.7860530240905,0.658122080155105,0.6535054999403656,0.9129001467954369,1.0746536865190135,4.3040114457544405,7.224910600052681,4.962133525909546,7.964217507105786,0.658122080155105,0.9129001467954369,/home/aaa/data/qj/stable-baselines3-master/risk_curriculum_metadrive/outputs/tuned_ablation_guard_only_nenv16_seed1_1m/runs/guard_only_ppo_s1/config.json,/home/aaa/data/qj/stable-baselines3-master/risk_curriculum_metadrive/outputs/tuned_ablation_guard_only_nenv16_seed1_1m/runs/guard_only_ppo_s1/model/final_model.zip,results/ijmlc_control/raw_csv/p1_d015_nonmotion_parallel_20260701_1645_guard_only_s1_episodes.csv
guard_only,action_intervention,guard_only,ppo,1,0.15,10000,10009,9,0.0,1.0,0.6138368617054539,1.0,1.0,0.0,0.0,563.0,270.6850522490183,270.6850522490183,18.165017332666817,18.463827984571093,17.957951470417346,0.0,0.0,0.6138368617054539,283.9402503070244,1.6055606743819848,0.7260374266162745,0.0046156480131518,1.0,484.0,0.0,2.0,482.0,85.96802841918296,1704.5839731304427,0.5998265324749771,0.5729490076191723,0.844760595646221,1.0004376800497994,2.5224258721697344,2.9183487975387834,3.1222524046447115,3.657501100678928,0.5998265324749771,0.844760595646221,/home/aaa/data/qj/stable-baselines3-master/risk_curriculum_metadrive/outputs/tuned_ablation_guard_only_nenv16_seed1_1m/runs/guard_only_ppo_s1/config.json,/home/aaa/data/qj/stable-baselines3-master/risk_curriculum_metadrive/outputs/tuned_ablation_guard_only_nenv16_seed1_1m/runs/guard_only_ppo_s1/model/final_model.zip,results/ijmlc_control/raw_csv/p1_d015_nonmotion_parallel_20260701_1645_guard_only_s1_episodes.csv
guard_only,action_intervention,guard_only,ppo,1,0.15,10000,10010,10,0.0,1.0,0.6844544187961911,1.0,1.0,0.0,0.0,898.0,258.6758601667503,258.6758601667503,15.70677584376018,18.062073013570743,8.375163156964048,0.0,0.0,0.6844544187961911,391.2968445775121,29.5742667432679,4.057037243595999,0.0077728504702566,0.0023148148148148,551.0,69.0,5.0,477.0,61.358574610244986,1408.1381121151676,0.6659908971848031,0.653550996503327,0.9044612437719478,1.0540646428125904,7.567997483420186,11.590850540960671,8.23398838060499,12.366659899271326,0.6659908971848031,0.9044612437719478,/home/aaa/data/qj/stable-baselines3-master/risk_curriculum_metadrive/outputs/tuned_ablation_guard_only_nenv16_seed1_1m/runs/guard_only_ppo_s1/config.json,/home/aaa/data/qj/stable-baselines3-master/risk_curriculum_metadrive/outputs/tuned_ablation_guard_only_nenv16_seed1_1m/runs/guard_only_ppo_s1/model/final_model.zip,results/ijmlc_control/raw_csv/p1_d015_nonmotion_parallel_20260701_1645_guard_only_s1_episodes.csv
guard_only,action_intervention,guard_only,ppo,1,0.15,10000,10011,11,0.0,0.0,0.9304024851104132,0.0,0.0,0.0,0.0,1500.0,460.25928875427024,460.25928875427024,13.408471410145646,14.357369192166342,5.613892362529025,0.0166666666666666,0.0,930402.4851104134,557.1711634469515,29.58589407635685,2.7020222671176803,0.0160825331378623,0.0080482897384305,715.0,168.0,14.0,533.0,47.66666666666667,1283.2681353726869,0.7279637702546703,0.7004055005381815,1.0599705477943642,1.5494068778934886,5.844641261268407,8.173115456156665,6.572605031523078,9.03671600462985,0.7279637702546703,1.0599705477943642,/home/aaa/data/qj/stable-baselines3-master/risk_curriculum_metadrive/outputs/tuned_ablation_guard_only_nenv16_seed1_1m/runs/guard_only_ppo_s1/config.json,/home/aaa/data/qj/stable-baselines3-master/risk_curriculum_metadrive/outputs/tuned_ablation_guard_only_nenv16_seed1_1m/runs/guard_only_ppo_s1/model/final_model.zip,results/ijmlc_control/raw_csv/p1_d015_nonmotion_parallel_20260701_1645_guard_only_s1_episodes.csv
guard_only,action_intervention,guard_only,ppo,1,0.15,10000,10012,12,1.0,0.0,0.989227577058212,0.0,0.0,0.0,0.0,921.0,440.2882955491068,440.2882955491068,17.109758869734314,18.351961452236218,13.317100498594392,0.019543973941368,0.0,989227.577058212,437.1529185901826,58.331119873630286,2.9529721250197447,0.0139221405164639,0.0693641618497109,724.0,19.0,15.0,690.0,78.61020629750271,1656.1710312604084,0.6522655245919038,0.6339199899230152,0.941311998758465,1.1688170052366325,2.7331841194765323,3.668887991807424,3.385449644068436,4.450420994544402,0.6522655245919038,0.941311998758465,/home/aaa/data/qj/stable-baselines3-master/risk_curriculum_metadrive/outputs/tuned_ablation_guard_only_nenv16_seed1_1m/runs/guard_only_ppo_s1/config.json,/home/aaa/data/qj/stable-baselines3-master/risk_curriculum_metadrive/outputs/tuned_ablation_guard_only_nenv16_seed1_1m/runs/guard_only_ppo_s1/model/final_model.zip,results/ijmlc_control/raw_csv/p1_d015_nonmotion_parallel_20260701_1645_guard_only_s1_episodes.csv
guard_only,action_intervention,guard_only,ppo,1,0.15,10000,10013,13,1.0,0.0,0.9925058648468744,0.0,0.0,0.0,0.0,1091.0,554.994569213092,554.994569213092,17.76799326411961,18.414241844613866,17.90260927044283,0.0119156736938588,0.0,992505.8648468744,537.9640917409629,12.721538978770822,2.9767887742839134,0.0080103230106644,0.1578947368421052,919.0,7.0,12.0,900.0,84.2346471127406,1708.2924568922922,0.6679515269237949,0.6550139951286837,0.9531050018267706,1.1894203096744598,4.209859733397011,7.514632503443863,4.877811260320806,8.181488003174309,0.6679515269237949,0.9531050018267706,/home/aaa/data/qj/stable-baselines3-master/risk_curriculum_metadrive/outputs/tuned_ablation_guard_only_nenv16_seed1_1m/runs/guard_only_ppo_s1/config.json,/home/aaa/data/qj/stable-baselines3-master/risk_curriculum_metadrive/outputs/tuned_ablation_guard_only_nenv16_seed1_1m/runs/guard_only_ppo_s1/model/final_model.zip,results/ijmlc_control/raw_csv/p1_d015_nonmotion_parallel_20260701_1645_guard_only_s1_episodes.csv
guard_only,action_intervention,guard_only,ppo,1,0.15,10000,10014,14,0.0,0.0,0.7452453238786584,0.0,0.0,0.0,0.0,1500.0,541.2613731118075,541.2613731118075,14.646260104548263,17.89877327426453,7.362389834874405,0.0073333333333333,0.0,745245.3238786585,609.2574371110946,30.241997226980768,2.111183598098365,0.0099949696099302,0.0040214477211796,810.0,135.0,6.0,669.0,54.0,1329.4872588519606,0.7037699134671129,0.6837399923824705,0.9679338058049324,1.3209603013820015,9.782642097289983,14.27593839907786,10.486412010757098,15.011343365040377,0.7037699134671129,0.9679338058049324,/home/aaa/data/qj/stable-baselines3-master/risk_curriculum_metadrive/outputs/tuned_ablation_guard_only_nenv16_seed1_1m/runs/guard_only_ppo_s1/config.json,/home/aaa/data/qj/stable-baselines3-master/risk_curriculum_metadrive/outputs/tuned_ablation_guard_only_nenv16_seed1_1m/runs/guard_only_ppo_s1/model/final_model.zip,results/ijmlc_control/raw_csv/p1_d015_nonmotion_parallel_20260701_1645_guard_only_s1_episodes.csv
guard_only,action_intervention,guard_only,ppo,1,0.15,10000,10015,15,0.0,0.0,0.6438566672181348,0.0,0.0,0.0,0.0,1500.0,395.7632779821692,395.7632779821692,10.847979204610269,10.314381391895829,2.7255134572988178,0.0293333333333333,0.0,643856.6672181349,450.4406738373039,84.39756076774671,1.376153908441918,0.0192853559224905,0.0018467220683287,574.0,202.0,5.0,367.0,38.266666666666666,1274.3076576768574,0.9361243007006124,0.746304496715311,1.7489368561655263,5.104947575600818,11.508568942692364,35.43321060496963,12.444693243392976,37.42583251078031,0.9361243007006124,1.7489368561655263,/home/aaa/data/qj/stable-baselines3-master/risk_curriculum_metadrive/outputs/tuned_ablation_guard_only_nenv16_seed1_1m/runs/guard_only_ppo_s1/config.json,/home/aaa/data/qj/stable-baselines3-master/risk_curriculum_metadrive/outputs/tuned_ablation_guard_only_nenv16_seed1_1m/runs/guard_only_ppo_s1/model/final_model.zip,results/ijmlc_control/raw_csv/p1_d015_nonmotion_parallel_20260701_1645_guard_only_s1_episodes.csv
guard_only,action_intervention,guard_only,ppo,1,0.15,10000,10016,16,0.0,1.0,0.2674100603899102,1.0,1.0,0.0,0.0,279.0,110.52295252931413,110.52295252931413,16.585059632318405,18.301238629720263,9.511737417727003,0.03584229390681,0.0,0.2674100603899102,128.0740048086993,2.426497936430081,0.3750130609639527,0.0371730964236585,1.0,213.0,0.0,12.0,201.0,76.34408602150538,1663.100957279757,1.1058629963607076,0.8777809998719022,2.817582212446721,4.998405206133612,5.830215741611106,11.56722840678412,6.936078737971814,13.21803359896876,1.1058629963607076,2.817582212446721,/home/aaa/data/qj/stable-baselines3-master/risk_curriculum_metadrive/outputs/tuned_ablation_guard_only_nenv16_seed1_1m/runs/guard_only_ppo_s1/config.json,/home/aaa/data/qj/stable-baselines3-master/risk_curriculum_metadrive/outputs/tuned_ablation_guard_only_nenv16_seed1_1m/runs/guard_only_ppo_s1/model/final_model.zip,results/ijmlc_control/raw_csv/p1_d015_nonmotion_parallel_20260701_1645_guard_only_s1_episodes.csv
guard_only,action_intervention,guard_only,ppo,1,0.15,10000,10017,17,0.0,0.0,0.7171426245446718,0.0,0.0,0.0,0.0,1500.0,452.5459992349234,452.5459992349234,13.51090935619106,15.822898740460955,5.284908523139318,0.008,0.0,717142.6245446719,561.8119330505293,29.59965364706721,1.07268810057417,0.0120461843409099,0.002262443438914,761.0,144.0,10.0,607.0,50.73333333333333,1354.5458101395573,1.3582122028359056,0.9761925030034037,4.637400950741719,5.737912602489813,21.526581576482084,39.386981953430215,22.884793779317988,41.75496439929702,1.3582122028359056,4.637400950741719,/home/aaa/data/qj/stable-baselines3-master/risk_curriculum_metadrive/outputs/tuned_ablation_guard_only_nenv16_seed1_1m/runs/guard_only_ppo_s1/config.json,/home/aaa/data/qj/stable-baselines3-master/risk_curriculum_metadrive/outputs/tuned_ablation_guard_only_nenv16_seed1_1m/runs/guard_only_ppo_s1/model/final_model.zip,results/ijmlc_control/raw_csv/p1_d015_nonmotion_parallel_20260701_1645_guard_only_s1_episodes.csv
guard_only,action_intervention,guard_only,ppo,1,0.15,10000,10018,18,1.0,0.0,0.991405682552062,0.0,0.0,0.0,0.0,887.0,384.11906033621045,384.11906033621045,17.310158726430068,18.369500039267383,14.403798920298204,0.0169109357384441,0.0,991405.682552062,425.9676299316782,41.59893077454511,2.083828600905132,0.0180567635005282,0.1098901098901098,712.0,8.0,20.0,684.0,80.27057497181511,1671.4885122003263,1.3361156897863746,0.939560995902866,4.806716591701842,5.7591638967278405,11.816714357688005,23.00149089132901,13.15283004747438,25.270594295579937,1.3361156897863746,4.806716591701842,/home/aaa/data/qj/stable-baselines3-master/risk_curriculum_metadrive/outputs/tuned_ablation_guard_only_nenv16_seed1_1m/runs/guard_only_ppo_s1/config.json,/home/aaa/data/qj/stable-baselines3-master/risk_curriculum_metadrive/outputs/tuned_ablation_guard_only_nenv16_seed1_1m/runs/guard_only_ppo_s1/model/final_model.zip,results/ijmlc_control/raw_csv/p1_d015_nonmotion_parallel_20260701_1645_guard_only_s1_episodes.csv
guard_only,action_intervention,guard_only,ppo,1,0.15,10000,10019,19,1.0,0.0,0.99323556275274,0.0,0.0,0.0,0.0,1393.0,663.074297397434,663.074297397434,17.63261460884036,18.38012534765217,14.786835643654763,0.0028715003589375,0.0,993235.56275274,681.6419766606253,34.47036371099188,6.171146775619211,0.003466898467182,0.0,1091.0,35.0,2.0,1054.0,78.32017229002155,1600.5469694586975,1.209375168350963,0.9509459923719988,3.3788625936722343,5.232022086274808,13.118106518397896,29.275913003948517,14.32748168674886,30.535383199458007,1.209375168350963,3.3788625936722343,/home/aaa/data/qj/stable-baselines3-master/risk_curriculum_metadrive/outputs/tuned_ablation_guard_only_nenv16_seed1_1m/runs/guard_only_ppo_s1/config.json,/home/aaa/data/qj/stable-baselines3-master/risk_curriculum_metadrive/outputs/tuned_ablation_guard_only_nenv16_seed1_1m/runs/guard_only_ppo_s1/model/final_model.zip,results/ijmlc_control/raw_csv/p1_d015_nonmotion_parallel_20260701_1645_guard_only_s1_episodes.csv
guard_only,action_intervention,guard_only,ppo,1,0.15,20000,20000,0,1.0,0.0,0.9868238117975696,0.0,0.0,0.0,0.0,716.0,339.9162511417273,339.9162511417273,17.519285281467692,18.35333534387064,17.305253967792034,0.0111731843575419,0.0,986823.8117975696,347.93887378237,39.26089316372258,0.5439797982455378,0.0167405340721358,0.2063492063492063,574.0,4.0,13.0,557.0,80.16759776536313,1649.7150598901674,1.0056050828478869,0.9244639950338752,1.5203155016934031,2.136897147283892,5.048137760210448,7.649219507584348,6.053742843058335,8.594026996433968,1.0056050828478869,1.5203155016934031,/home/aaa/data/qj/stable-baselines3-master/risk_curriculum_metadrive/outputs/tuned_ablation_guard_only_nenv16_seed1_1m/runs/guard_only_ppo_s1/config.json,/home/aaa/data/qj/stable-baselines3-master/risk_curriculum_metadrive/outputs/tuned_ablation_guard_only_nenv16_seed1_1m/runs/guard_only_ppo_s1/model/final_model.zip,results/ijmlc_control/raw_csv/p1_d015_nonmotion_parallel_20260701_1645_guard_only_s1_episodes.csv
guard_only,action_intervention,guard_only,ppo,1,0.15,20000,20001,1,0.0,1.0,0.5878500920043792,1.0,1.0,0.0,0.0,596.0,268.76333301138226,268.76333301138226,18.14455272021396,18.4006511232402,17.95030027380374,0.0,0.0,0.5878500920043792,300.1635982902152,0.9106168191150426,0.9106168191150426,0.0015505289682445,1.0,508.0,0.0,0.0,508.0,85.23489932885906,1692.4104151657882,1.0673802181867016,0.9834340016823262,1.6195764983422123,2.6347131555667107,6.386363716821824,8.554795502277557,7.453743935008525,9.65799424375291,1.0673802181867016,1.6195764983422123,/home/aaa/data/qj/stable-baselines3-master/risk_curriculum_metadrive/outputs/tuned_ablation_guard_only_nenv16_seed1_1m/runs/guard_only_ppo_s1/config.json,/home/aaa/data/qj/stable-baselines3-master/risk_curriculum_metadrive/outputs/tuned_ablation_guard_only_nenv16_seed1_1m/runs/guard_only_ppo_s1/model/final_model.zip,results/ijmlc_control/raw_csv/p1_d015_nonmotion_parallel_20260701_1645_guard_only_s1_episodes.csv
guard_only,action_intervention,guard_only,ppo,1,0.15,20000,20002,2,1.0,0.0,0.989415840400322,0.0,0.0,0.0,0.0,1088.0,439.4281564967292,439.4281564967292,16.385615429585386,18.253176410092344,9.352610939558462,0.0128676470588235,0.0,989415.840400322,494.4987305021276,43.302035179799134,1.816569308543993,0.0143804248725462,0.0323529411764705,762.0,44.0,17.0,701.0,70.03676470588235,1540.9544109976669,1.0548701376030616,0.9394150038133376,1.6155110082763693,4.296540788927807,7.412034704643969,12.939185844879828,8.46690484224703,14.2035975499311,1.0548701376030616,1.6155110082763693,/home/aaa/data/qj/stable-baselines3-master/risk_curriculum_metadrive/outputs/tuned_ablation_guard_only_nenv16_seed1_1m/runs/guard_only_ppo_s1/config.json,/home/aaa/data/qj/stable-baselines3-master/risk_curriculum_metadrive/outputs/tuned_ablation_guard_only_nenv16_seed1_1m/runs/guard_only_ppo_s1/model/final_model.zip,results/ijmlc_control/raw_csv/p1_d015_nonmotion_parallel_20260701_1645_guard_only_s1_episodes.csv
guard_only,action_intervention,guard_only,ppo,1,0.15,20000,20003,3,0.0,0.0,0.7166346623768646,0.0,0.0,0.0,0.0,1500.0,367.8470530489415,367.8470530489415,11.7508137169447,11.866363694603187,3.6864151594338455,0.012,0.0,716634.6623768646,488.7669792970061,25.574060815187277,3.038690101965729,0.0150914717386389,0.000836820083682,624.0,209.0,6.0,409.0,41.6,1276.6819904599522,1.008300521343093,0.9503570036031306,1.5040684607811272,2.0706072881876025,17.612743608061766,28.14131735722182,18.62104412940486,29.706058446026866,1.008300521343093,1.5040684607811272,/home/aaa/data/qj/stable-baselines3-master/risk_curriculum_metadrive/outputs/tuned_ablation_guard_only_nenv16_seed1_1m/runs/guard_only_ppo_s1/config.json,/home/aaa/data/qj/stable-baselines3-master/risk_curriculum_metadrive/outputs/tuned_ablation_guard_only_nenv16_seed1_1m/runs/guard_only_ppo_s1/model/final_model.zip,results/ijmlc_control/raw_csv/p1_d015_nonmotion_parallel_20260701_1645_guard_only_s1_episodes.csv
guard_only,action_intervention,guard_only,ppo,1,0.15,20000,20004,4,1.0,0.0,0.9904222691259048,0.0,0.0,0.0,0.0,1023.0,513.9653139436996,513.9653139436996,17.65117136996238,18.38409119591837,17.887766431590325,0.0117302052785923,0.0,990422.2691259048,501.110902621112,60.35287069864772,4.882248940915636,0.0080514152759843,0.0054347826086956,847.0,9.0,14.0,824.0,82.79569892473118,1690.244605674472,0.8496711739023259,0.7992649916559458,1.1562948988284916,1.7173639158136202,4.862753973861511,7.964711109525523,5.712425147763836,8.796552088460885,0.8496711739023259,1.1562948988284916,/home/aaa/data/qj/stable-baselines3-master/risk_curriculum_metadrive/outputs/tuned_ablation_guard_only_nenv16_seed1_1m/runs/guard_only_ppo_s1/config.json,/home/aaa/data/qj/stable-baselines3-master/risk_curriculum_metadrive/outputs/tuned_ablation_guard_only_nenv16_seed1_1m/runs/guard_only_ppo_s1/model/final_model.zip,results/ijmlc_control/raw_csv/p1_d015_nonmotion_parallel_20260701_1645_guard_only_s1_episodes.csv
guard_only,action_intervention,guard_only,ppo,1,0.15,20000,20005,5,1.0,0.0,0.9926640450753544,0.0,0.0,0.0,0.0,1350.0,490.20375032750746,490.20375032750746,15.424380748088351,18.033237402486684,9.093837097365924,0.0037037037037037,0.0,992664.0450753544,577.716724195398,29.920904201849968,1.2471126787195623,0.010251528441736,0.0057887120115774,801.0,112.0,9.0,680.0,59.333333333333336,1386.4926640570684,0.8979314711608889,0.8580784924561158,1.2170410496764816,1.6434835031395771,9.556528333665078,13.224430352420312,10.454459804825968,14.360146859689848,0.8979314711608889,1.2170410496764816,/home/aaa/data/qj/stable-baselines3-master/risk_curriculum_metadrive/outputs/tuned_ablation_guard_only_nenv16_seed1_1m/runs/guard_only_ppo_s1/config.json,/home/aaa/data/qj/stable-baselines3-master/risk_curriculum_metadrive/outputs/tuned_ablation_guard_only_nenv16_seed1_1m/runs/guard_only_ppo_s1/model/final_model.zip,results/ijmlc_control/raw_csv/p1_d015_nonmotion_parallel_20260701_1645_guard_only_s1_episodes.csv
guard_only,action_intervention,guard_only,ppo,1,0.15,20000,20006,6,1.0,0.0,0.9917449210450984,0.0,0.0,0.0,0.0,1144.0,590.2293121230799,590.2293121230799,18.07814440376537,18.37995595345508,17.910548644807626,0.0008741258741258,0.0,991744.9210450985,574.0354616579755,56.07603866811768,5.530958901482006,0.0015250423437266,0.0,952.0,9.0,3.0,940.0,83.21678321678321,1658.4341274846624,0.8754018417294374,0.817419495433569,1.1895295603608245,1.9886089673673255,4.785992224706651,6.190709503425751,5.661394066436088,7.143300008465302,0.8754018417294374,1.1895295603608245,/home/aaa/data/qj/stable-baselines3-master/risk_curriculum_metadrive/outputs/tuned_ablation_guard_only_nenv16_seed1_1m/runs/guard_only_ppo_s1/config.json,/home/aaa/data/qj/stable-baselines3-master/risk_curriculum_metadrive/outputs/tuned_ablation_guard_only_nenv16_seed1_1m/runs/guard_only_ppo_s1/model/final_model.zip,results/ijmlc_control/raw_csv/p1_d015_nonmotion_parallel_20260701_1645_guard_only_s1_episodes.csv
guard_only,action_intervention,guard_only,ppo,1,0.15,20000,20007,7,1.0,0.0,0.9897555584459052,0.0,0.0,0.0,0.0,1017.0,429.1024646859829,429.1024646859829,15.481378282486414,18.245104334377725,0.6526844464866319,0.1022615535889872,0.0,989755.5584459052,436.71492605960174,17.52088840016352,0.0048347808926278,0.078650031976799,0.32421875,791.0,24.0,103.0,664.0,77.77777777777779,1811.2502064837747,0.8810889718907811,0.835451006423682,1.19626639643684,1.8970626429654665,4.706042419870992,6.7848579958081245,5.5871313917617735,7.704181005829014,0.8810889718907811,1.19626639643684,/home/aaa/data/qj/stable-baselines3-master/risk_curriculum_metadrive/outputs/tuned_ablation_guard_only_nenv16_seed1_1m/runs/guard_only_ppo_s1/config.json,/home/aaa/data/qj/stable-baselines3-master/risk_curriculum_metadrive/outputs/tuned_ablation_guard_only_nenv16_seed1_1m/runs/guard_only_ppo_s1/model/final_model.zip,results/ijmlc_control/raw_csv/p1_d015_nonmotion_parallel_20260701_1645_guard_only_s1_episodes.csv
guard_only,action_intervention,guard_only,ppo,1,0.15,20000,20008,8,0.0,0.0,0.9822494120190992,0.0,0.0,0.0,0.0,1500.0,596.4458119662189,596.4458119662189,16.00615025798872,18.25557517587298,5.833668413402581,0.016,0.0,982249.4120190992,666.2028725628971,72.27248692305369,0.9730885282689592,0.0178932623452519,0.061269146608315,1082.0,59.0,29.0,994.0,72.13333333333334,1624.1298928020562,0.8970732452677718,0.83750749763567,1.2160884427430574,2.0721086658886625,8.275589329879343,11.362341652420582,9.172662575147116,12.230789850582369,0.8970732452677718,1.2160884427430574,/home/aaa/data/qj/stable-baselines3-master/risk_curriculum_metadrive/outputs/tuned_ablation_guard_only_nenv16_seed1_1m/runs/guard_only_ppo_s1/config.json,/home/aaa/data/qj/stable-baselines3-master/risk_curriculum_metadrive/outputs/tuned_ablation_guard_only_nenv16_seed1_1m/runs/guard_only_ppo_s1/model/final_model.zip,results/ijmlc_control/raw_csv/p1_d015_nonmotion_parallel_20260701_1645_guard_only_s1_episodes.csv
guard_only,action_intervention,guard_only,ppo,1,0.15,20000,20009,9,1.0,0.0,0.9890397137164486,0.0,0.0,0.0,0.0,863.0,392.19068734889305,392.19068734889305,16.724874387393633,18.32742351037008,10.28449206255851,0.0382387022016222,0.0,989039.7137164486,400.3587088652128,61.77382748899421,0.988801083934001,0.0330969018590137,0.4393939393939394,684.0,2.0,41.0,641.0,79.25840092699885,1708.467893551629,0.8800631747305877,0.8486370061291382,1.1438010100391691,1.5190167023683894,6.966676764508686,11.314214197045658,7.846739939239274,12.149170387419872,0.8800631747305877,1.1438010100391691,/home/aaa/data/qj/stable-baselines3-master/risk_curriculum_metadrive/outputs/tuned_ablation_guard_only_nenv16_seed1_1m/runs/guard_only_ppo_s1/config.json,/home/aaa/data/qj/stable-baselines3-master/risk_curriculum_metadrive/outputs/tuned_ablation_guard_only_nenv16_seed1_1m/runs/guard_only_ppo_s1/model/final_model.zip,results/ijmlc_control/raw_csv/p1_d015_nonmotion_parallel_20260701_1645_guard_only_s1_episodes.csv
guard_only,action_intervention,guard_only,ppo,1,0.15,20000,20010,10,1.0,0.0,0.989100988386886,0.0,0.0,0.0,0.0,907.0,457.8074983543735,457.8074983543735,17.710640821526187,18.368037422835258,17.017708922386856,0.0077177508269018,0.0,989100.988386886,445.6998648382967,50.97279780557568,2.81502397271592,0.0083641345831506,0.0510204081632653,729.0,13.0,10.0,706.0,80.37486218302095,1635.6298431108717,0.8470025842818365,0.7969849975779653,1.1471571007859889,1.5677023463649666,4.1057802547119016,6.170870205096434,4.952782838993738,7.134958798997103,0.8470025842818365,1.1471571007859889,/home/aaa/data/qj/stable-baselines3-master/risk_curriculum_metadrive/outputs/tuned_ablation_guard_only_nenv16_seed1_1m/runs/guard_only_ppo_s1/config.json,/home/aaa/data/qj/stable-baselines3-master/risk_curriculum_metadrive/outputs/tuned_ablation_guard_only_nenv16_seed1_1m/runs/guard_only_ppo_s1/model/final_model.zip,results/ijmlc_control/raw_csv/p1_d015_nonmotion_parallel_20260701_1645_guard_only_s1_episodes.csv
guard_only,action_intervention,guard_only,ppo,1,0.15,20000,20011,11,1.0,0.0,0.9915622347566908,0.0,0.0,0.0,0.0,1169.0,549.0632290581157,549.0632290581157,16.96059258386435,18.37241125560494,14.35903835044055,0.0496150556030795,0.0,991562.2347566908,550.219079239608,2.7873359998104883,0.0694186399894877,0.0426877074431364,0.8923076923076924,983.0,0.0,65.0,918.0,84.08896492728827,1786.5610937346753,0.8655622632953182,0.8223050099331886,1.1367705999873574,1.4486865239450692,8.981158765693836,11.104937596246598,9.846721028989156,11.957149600493722,0.8655622632953182,1.1367705999873574,/home/aaa/data/qj/stable-baselines3-master/risk_curriculum_metadrive/outputs/tuned_ablation_guard_only_nenv16_seed1_1m/runs/guard_only_ppo_s1/config.json,/home/aaa/data/qj/stable-baselines3-master/risk_curriculum_metadrive/outputs/tuned_ablation_guard_only_nenv16_seed1_1m/runs/guard_only_ppo_s1/model/final_model.zip,results/ijmlc_control/raw_csv/p1_d015_nonmotion_parallel_20260701_1645_guard_only_s1_episodes.csv
guard_only,action_intervention,guard_only,ppo,1,0.15,20000,20012,12,1.0,0.0,0.9910718909303748,0.0,0.0,0.0,0.0,1046.0,536.1251716533851,536.1251716533851,17.88608952832558,18.397233455807104,17.888732979971728,0.0076481835564053,0.0,991071.8909303749,519.1883393856169,40.977552733855184,2.4513885427509776,0.007459967699172,0.072463768115942,867.0,8.0,10.0,849.0,82.88718929254301,1669.91423772338,0.818483801061122,0.7777624996379018,1.1074267531512303,1.4969509495131177,4.252438112616697,6.938640002772445,5.070921913677818,7.837907007342437,0.818483801061122,1.1074267531512303,/home/aaa/data/qj/stable-baselines3-master/risk_curriculum_metadrive/outputs/tuned_ablation_guard_only_nenv16_seed1_1m/runs/guard_only_ppo_s1/config.json,/home/aaa/data/qj/stable-baselines3-master/risk_curriculum_metadrive/outputs/tuned_ablation_guard_only_nenv16_seed1_1m/runs/guard_only_ppo_s1/model/final_model.zip,results/ijmlc_control/raw_csv/p1_d015_nonmotion_parallel_20260701_1645_guard_only_s1_episodes.csv
guard_only,action_intervention,guard_only,ppo,1,0.15,20000,20013,13,1.0,0.0,0.9943874117155426,0.0,0.0,0.0,0.0,1396.0,620.091167419768,620.091167419768,17.303237857385916,18.30364905420748,14.559654761317182,0.0136103151862464,0.0,994387.4117155428,670.419146415131,27.392999184179143,2.48224693748514,0.0112796039883934,0.0377358490566037,1071.0,40.0,18.0,1013.0,76.71919770773638,1597.508074951107,0.8754938627111379,0.8336894970852882,1.1744777475541923,1.5571707474009575,8.715209334826127,13.94163274380844,9.590703197537266,14.828686740656847,0.8754938627111379,1.1744777475541923,/home/aaa/data/qj/stable-baselines3-master/risk_curriculum_metadrive/outputs/tuned_ablation_guard_only_nenv16_seed1_1m/runs/guard_only_ppo_s1/config.json,/home/aaa/data/qj/stable-baselines3-master/risk_curriculum_metadrive/outputs/tuned_ablation_guard_only_nenv16_seed1_1m/runs/guard_only_ppo_s1/model/final_model.zip,results/ijmlc_control/raw_csv/p1_d015_nonmotion_parallel_20260701_1645_guard_only_s1_episodes.csv
guard_only,action_intervention,guard_only,ppo,1,0.15,20000,20014,14,1.0,0.0,0.9914053228793572,0.0,0.0,0.0,0.0,1137.0,496.1134380333348,496.1134380333348,17.1318340998387,18.29227324740736,12.21984050766962,0.0008795074758135,0.0,991405.3228793574,540.6142712791437,31.152667551652208,4.192530983998951,0.0052913767581377,0.0024213075060532,855.0,40.0,5.0,810.0,75.19788918205805,1581.5342757729838,0.8512655444426435,0.8018049993552268,1.103373197838664,1.674451688304557,6.155649401479308,9.047481999732554,7.006914945921952,10.017610405338928,0.8512655444426435,1.103373197838664,/home/aaa/data/qj/stable-baselines3-master/risk_curriculum_metadrive/outputs/tuned_ablation_guard_only_nenv16_seed1_1m/runs/guard_only_ppo_s1/config.json,/home/aaa/data/qj/stable-baselines3-master/risk_curriculum_metadrive/outputs/tuned_ablation_guard_only_nenv16_seed1_1m/runs/guard_only_ppo_s1/model/final_model.zip,results/ijmlc_control/raw_csv/p1_d015_nonmotion_parallel_20260701_1645_guard_only_s1_episodes.csv
guard_only,action_intervention,guard_only,ppo,1,0.15,20000,20015,15,1.0,0.0,0.9930453456522572,0.0,0.0,0.0,0.0,1165.0,593.8445147268936,593.8445147268936,18.203653320492275,18.426051839685385,17.922822045186493,0.0,0.0,993045.3456522572,588.6065445917137,49.28593631569168,4.245463804181926,0.0010754218048907,0.0123456790123456,984.0,7.0,1.0,976.0,84.46351931330473,1671.7449186409413,0.8133230610728631,0.7782530010445043,1.1136034067021685,1.527186124585568,4.454440702252038,6.646138394717126,5.2677637633249015,7.574725386803038,0.8133230610728631,1.1136034067021685,/home/aaa/data/qj/stable-baselines3-master/risk_curriculum_metadrive/outputs/tuned_ablation_guard_only_nenv16_seed1_1m/runs/guard_only_ppo_s1/config.json,/home/aaa/data/qj/stable-baselines3-master/risk_curriculum_metadrive/outputs/tuned_ablation_guard_only_nenv16_seed1_1m/runs/guard_only_ppo_s1/model/final_model.zip,results/ijmlc_control/raw_csv/p1_d015_nonmotion_parallel_20260701_1645_guard_only_s1_episodes.csv
guard_only,action_intervention,guard_only,ppo,1,0.15,20000,20016,16,0.0,0.0,0.675050092738865,0.0,0.0,0.0,0.0,1500.0,411.9881087641122,411.9881087641122,11.655683492590615,10.648063855485798,4.253562257658381,0.01,0.0,675050.092738865,484.4735299334823,41.992805934405446,4.810680734211962,0.0223663674696628,0.0031982942430703,641.0,176.0,12.0,453.0,42.73333333333333,1323.0857010660802,0.6867170240536021,0.6363069915096276,0.925391391501762,1.1532475939020514,6.562184090105196,10.148034946178084,7.248901114158798,10.859818994504169,0.6867170240536021,0.925391391501762,/home/aaa/data/qj/stable-baselines3-master/risk_curriculum_metadrive/outputs/tuned_ablation_guard_only_nenv16_seed1_1m/runs/guard_only_ppo_s1/config.json,/home/aaa/data/qj/stable-baselines3-master/risk_curriculum_metadrive/outputs/tuned_ablation_guard_only_nenv16_seed1_1m/runs/guard_only_ppo_s1/model/final_model.zip,results/ijmlc_control/raw_csv/p1_d015_nonmotion_parallel_20260701_1645_guard_only_s1_episodes.csv
guard_only,action_intervention,guard_only,ppo,1,0.15,20000,20017,17,0.0,1.0,0.7359136580554656,1.0,1.0,0.0,0.0,1123.0,402.2106687985307,402.2106687985307,14.702148967281422,18.142567618131597,4.99541891795486,0.0142475512021371,0.0,0.7359136580554656,457.8176151527514,44.42792514205607,3.378057814688856,0.0142349108115984,0.0125,728.0,64.0,14.0,650.0,64.82635796972396,1590.1528816384707,0.8316919475053466,0.7850969996070489,1.0336210951209068,1.3199978429474863,7.391705713281491,10.770017010509036,8.223397660786837,11.577426409348844,0.8316919475053466,1.0336210951209068,/home/aaa/data/qj/stable-baselines3-master/risk_curriculum_metadrive/outputs/tuned_ablation_guard_only_nenv16_seed1_1m/runs/guard_only_ppo_s1/config.json,/home/aaa/data/qj/stable-baselines3-master/risk_curriculum_metadrive/outputs/tuned_ablation_guard_only_nenv16_seed1_1m/runs/guard_only_ppo_s1/model/final_model.zip,results/ijmlc_control/raw_csv/p1_d015_nonmotion_parallel_20260701_1645_guard_only_s1_episodes.csv
guard_only,action_intervention,guard_only,ppo,1,0.15,20000,20018,18,0.0,0.0,0.7015009532902212,0.0,0.0,0.0,0.0,1500.0,475.6801815162235,475.6801815162235,13.186815821376689,14.54362740824641,4.387493831834807,0.0126666666666666,0.0,701500.9532902213,548.5620855918595,26.079793036272427,6.440536064963371,0.0129815848887062,0.0,748.0,172.0,3.0,573.0,49.86666666666667,1363.5648901855131,0.8338364743200751,0.7959310023579746,1.112635160825448,1.4065300486981869,12.081479907986552,18.07345695706317,12.915316382306628,19.009368201659527,0.8338364743200751,1.112635160825448,/home/aaa/data/qj/stable-baselines3-master/risk_curriculum_metadrive/outputs/tuned_ablation_guard_only_nenv16_seed1_1m/runs/guard_only_ppo_s1/config.json,/home/aaa/data/qj/stable-baselines3-master/risk_curriculum_metadrive/outputs/tuned_ablation_guard_only_nenv16_seed1_1m/runs/guard_only_ppo_s1/model/final_model.zip,results/ijmlc_control/raw_csv/p1_d015_nonmotion_parallel_20260701_1645_guard_only_s1_episodes.csv
guard_only,action_intervention,guard_only,ppo,1,0.15,20000,20019,19,1.0,0.0,0.9905313888452766,0.0,0.0,0.0,0.0,1148.0,541.2328299609554,541.2328299609554,17.497879517169558,18.33699033122925,14.509478733152656,0.0060975609756097,0.0,990531.3888452768,557.4672885816638,36.4241700932149,5.211877469676096,0.0050487025693452,0.0,901.0,30.0,6.0,865.0,78.48432055749129,1616.238330848738,0.8462695523786995,0.8074384968494996,1.0872708022361617,1.3266678880609104,7.666867961715631,12.437796151061772,8.51313751409433,13.308455153310206,0.8462695523786995,1.0872708022361617,/home/aaa/data/qj/stable-baselines3-master/risk_curriculum_metadrive/outputs/tuned_ablation_guard_only_nenv16_seed1_1m/runs/guard_only_ppo_s1/config.json,/home/aaa/data/qj/stable-baselines3-master/risk_curriculum_metadrive/outputs/tuned_ablation_guard_only_nenv16_seed1_1m/runs/guard_only_ppo_s1/model/final_model.zip,results/ijmlc_control/raw_csv/p1_d015_nonmotion_parallel_20260701_1645_guard_only_s1_episodes.csv
guard_only,action_intervention,guard_only,ppo,2,0.15,10000,10000,0,1.0,0.0,0.9909096126806044,0.0,0.0,0.0,0.0,1071.0,492.6286043006849,492.6286043006849,17.611171243261765,18.39005545188756,17.745172836867063,0.0,0.0,990909.6126806046,523.4289636685905,43.61023897236119,0.0005182430230935,0.0045158746366937,0.0363636363636363,866.0,13.0,5.0,848.0,80.85901027077497,1654.474742724227,0.9719122830129652,0.8135109965223819,1.183001499157399,1.7776951033738435,7.832315038232243,11.65097799821524,8.804227321245207,12.62659351050388,0.9719122830129652,1.183001499157399,/home/aaa/data/qj/stable-baselines3-master/risk_curriculum_metadrive/outputs/tuned_ablation_guard_only_nenv16_seed2_1m/runs/guard_only_ppo_s2/config.json,/home/aaa/data/qj/stable-baselines3-master/risk_curriculum_metadrive/outputs/tuned_ablation_guard_only_nenv16_seed2_1m/runs/guard_only_ppo_s2/model/final_model.zip,results/ijmlc_control/raw_csv/p1_d015_nonmotion_parallel_20260701_1645_guard_only_s2_episodes.csv
guard_only,action_intervention,guard_only,ppo,2,0.15,10000,10001,1,0.0,1.0,0.7430135429284728,1.0,1.0,0.0,0.0,752.0,337.29340021300965,337.29340021300965,18.23352940620435,18.437493537987848,17.945358507924542,0.0,0.0,0.7430135429284728,380.4608336685943,55.972290773341264,11.23885989116786,0.0001195265349829,0.0,646.0,2.0,0.0,644.0,85.90425531914893,1697.940872838194,0.8731309521186011,0.8125840031425469,1.235829197685234,2.0725800478248857,5.5016178644399725,6.774353850778425,6.374748816558574,7.742767343734158,0.8731309521186011,1.235829197685234,/home/aaa/data/qj/stable-baselines3-master/risk_curriculum_metadrive/outputs/tuned_ablation_guard_only_nenv16_seed2_1m/runs/guard_only_ppo_s2/config.json,/home/aaa/data/qj/stable-baselines3-master/risk_curriculum_metadrive/outputs/tuned_ablation_guard_only_nenv16_seed2_1m/runs/guard_only_ppo_s2/model/final_model.zip,results/ijmlc_control/raw_csv/p1_d015_nonmotion_parallel_20260701_1645_guard_only_s2_episodes.csv
guard_only,action_intervention,guard_only,ppo,2,0.15,10000,10002,2,1.0,0.0,0.9909608445334616,0.0,0.0,0.0,0.0,1276.0,504.69028407941,504.69028407941,15.615391070513194,18.21114008298577,6.803231958013832,0.0658307210031347,0.0,990960.8445334616,552.7601508919455,37.37393169631946,0.0645623305066839,0.0586495635553787,0.1666666666666666,926.0,46.0,90.0,790.0,72.5705329153605,1675.229298830219,0.8591270579414173,0.819752000097651,1.1590169997361954,1.6522472469659988,10.051078605232943,15.290015500795562,10.91020566317436,16.173998246813426,0.8591270579414173,1.1590169997361954,/home/aaa/data/qj/stable-baselines3-master/risk_curriculum_metadrive/outputs/tuned_ablation_guard_only_nenv16_seed2_1m/runs/guard_only_ppo_s2/config.json,/home/aaa/data/qj/stable-baselines3-master/risk_curriculum_metadrive/outputs/tuned_ablation_guard_only_nenv16_seed2_1m/runs/guard_only_ppo_s2/model/final_model.zip,results/ijmlc_control/raw_csv/p1_d015_nonmotion_parallel_20260701_1645_guard_only_s2_episodes.csv
guard_only,action_intervention,guard_only,ppo,2,0.15,10000,10003,3,1.0,0.0,0.9900339962502108,0.0,0.0,0.0,0.0,966.0,474.0480178925441,474.0480178925441,17.37367148673956,18.30308097946657,13.589754100201151,0.0,0.0,990033.9962502108,465.5427903682611,133.70437927865933,10.43760639917534,0.001985091480751,0.0,698.0,39.0,0.0,659.0,72.2567287784679,1499.325119926907,0.8313090360271995,0.7923320008558221,1.127040999563178,1.790857691958083,4.5268081625591865,7.797438498528209,5.358117198586386,8.685600758326473,0.8313090360271995,1.127040999563178,/home/aaa/data/qj/stable-baselines3-master/risk_curriculum_metadrive/outputs/tuned_ablation_guard_only_nenv16_seed2_1m/runs/guard_only_ppo_s2/config.json,/home/aaa/data/qj/stable-baselines3-master/risk_curriculum_metadrive/outputs/tuned_ablation_guard_only_nenv16_seed2_1m/runs/guard_only_ppo_s2/model/final_model.zip,results/ijmlc_control/raw_csv/p1_d015_nonmotion_parallel_20260701_1645_guard_only_s2_episodes.csv
guard_only,action_intervention,guard_only,ppo,2,0.15,10000,10004,4,0.0,1.0,0.3781870827357108,1.0,1.0,0.0,0.0,761.0,195.7332262772804,195.7332262772804,9.97025553191308,8.832868190400054,0.637212551924364,0.1261498028909329,0.0,0.3781870827357108,208.7454378832692,41.123728747207245,6.918457337630069,0.0207410696964793,0.0,360.0,105.0,3.0,252.0,47.306176084099874,1724.588588141086,0.8797616504791159,0.8339320047525689,1.2809839972760528,1.7173522035591295,8.870903363844665,10.09277800039854,9.75066501432378,11.087275997851975,0.8797616504791159,1.2809839972760528,/home/aaa/data/qj/stable-baselines3-master/risk_curriculum_metadrive/outputs/tuned_ablation_guard_only_nenv16_seed2_1m/runs/guard_only_ppo_s2/config.json,/home/aaa/data/qj/stable-baselines3-master/risk_curriculum_metadrive/outputs/tuned_ablation_guard_only_nenv16_seed2_1m/runs/guard_only_ppo_s2/model/final_model.zip,results/ijmlc_control/raw_csv/p1_d015_nonmotion_parallel_20260701_1645_guard_only_s2_episodes.csv
guard_only,action_intervention,guard_only,ppo,2,0.15,10000,10005,5,1.0,0.0,0.9900815504559966,0.0,0.0,0.0,0.0,985.0,464.4981172914971,464.4981172914971,17.885346827287275,18.434982579780296,17.907710047789084,0.0091370558375634,0.0,990081.5504559968,488.8712976612386,17.63473050660249,5.848474167334781,0.003609038350354,0.0,830.0,14.0,2.0,814.0,84.26395939086294,1697.78836264416,0.8070266825681184,0.7796700083417818,1.1622788006206974,1.502990326844155,6.735757002069232,12.316469789948314,7.54278368463735,13.167386793065816,0.8070266825681184,1.1622788006206974,/home/aaa/data/qj/stable-baselines3-master/risk_curriculum_metadrive/outputs/tuned_ablation_guard_only_nenv16_seed2_1m/runs/guard_only_ppo_s2/config.json,/home/aaa/data/qj/stable-baselines3-master/risk_curriculum_metadrive/outputs/tuned_ablation_guard_only_nenv16_seed2_1m/runs/guard_only_ppo_s2/model/final_model.zip,results/ijmlc_control/raw_csv/p1_d015_nonmotion_parallel_20260701_1645_guard_only_s2_episodes.csv
guard_only,action_intervention,guard_only,ppo,2,0.15,10000,10006,6,1.0,0.0,0.992312059836842,0.0,0.0,0.0,0.0,1434.0,589.6958748905383,589.6958748905383,15.658502157818011,18.234859019825485,6.497170801250037,0.00976290097629,0.0,992312.059836842,622.8536361086328,38.94047873984574,1.2058447488525454,0.0068827933015902,0.0110864745011086,973.0,71.0,5.0,897.0,67.85216178521618,1562.1647584478378,0.6780100530949473,0.6562795024365187,0.9960828465409572,1.3118971674703062,3.725382396701277,6.3727157008543145,4.403392449796224,7.098526649497216,0.6780100530949473,0.9960828465409572,/home/aaa/data/qj/stable-baselines3-master/risk_curriculum_metadrive/outputs/tuned_ablation_guard_only_nenv16_seed2_1m/runs/guard_only_ppo_s2/config.json,/home/aaa/data/qj/stable-baselines3-master/risk_curriculum_metadrive/outputs/tuned_ablation_guard_only_nenv16_seed2_1m/runs/guard_only_ppo_s2/model/final_model.zip,results/ijmlc_control/raw_csv/p1_d015_nonmotion_parallel_20260701_1645_guard_only_s2_episodes.csv
guard_only,action_intervention,guard_only,ppo,2,0.15,10000,10007,7,0.0,0.0,0.5231567099981622,0.0,0.0,0.0,0.0,1500.0,406.2272808513671,406.2272808513671,10.448000192714543,10.808113317113497,1.4428518182630532,0.0713333333333333,0.0,523156.70999816223,433.2931678847968,39.74073004259356,0.7162175888261646,0.0319797431480925,0.0072756669361358,558.0,268.0,21.0,269.0,37.2,1287.811674308144,0.6831803071933488,0.6639000057475641,0.9461515517614316,1.169736691081198,10.218850690648347,14.724173297145173,10.902030997841695,15.502201498748034,0.6831803071933488,0.9461515517614316,/home/aaa/data/qj/stable-baselines3-master/risk_curriculum_metadrive/outputs/tuned_ablation_guard_only_nenv16_seed2_1m/runs/guard_only_ppo_s2/config.json,/home/aaa/data/qj/stable-baselines3-master/risk_curriculum_metadrive/outputs/tuned_ablation_guard_only_nenv16_seed2_1m/runs/guard_only_ppo_s2/model/final_model.zip,results/ijmlc_control/raw_csv/p1_d015_nonmotion_parallel_20260701_1645_guard_only_s2_episodes.csv
guard_only,action_intervention,guard_only,ppo,2,0.15,10000,10008,8,1.0,0.0,0.9907058168067104,0.0,0.0,0.0,0.0,1121.0,491.9146785730279,491.9146785730279,16.045565398061132,18.1527876514651,10.379715512055354,0.0285459411239964,0.0,990705.8168067104,498.8768576513102,32.69814053087194,0.0453610513779311,0.0320941720900193,0.0851063829787234,747.0,61.0,36.0,650.0,66.63693131132918,1497.363504727083,0.6104521768174469,0.5664019990945235,0.8667479996802285,1.0565440024947743,3.669039784769368,5.848072993103415,4.279491961586815,6.530972008476965,0.6104521768174469,0.8667479996802285,/home/aaa/data/qj/stable-baselines3-master/risk_curriculum_metadrive/outputs/tuned_ablation_guard_only_nenv16_seed2_1m/runs/guard_only_ppo_s2/config.json,/home/aaa/data/qj/stable-baselines3-master/risk_curriculum_metadrive/outputs/tuned_ablation_guard_only_nenv16_seed2_1m/runs/guard_only_ppo_s2/model/final_model.zip,results/ijmlc_control/raw_csv/p1_d015_nonmotion_parallel_20260701_1645_guard_only_s2_episodes.csv
guard_only,action_intervention,guard_only,ppo,2,0.15,10000,10009,9,1.0,0.0,0.9892663706188176,0.0,0.0,0.0,0.0,950.0,454.00682979163474,454.00682979163474,17.595179990256273,18.418152952356976,17.90220245702697,0.0189473684210526,0.0,989266.3706188176,463.8307284921133,2.720458777635132,1.5457553859710536,0.0187218814135431,1.0,799.0,0.0,23.0,776.0,84.10526315789474,1722.6111831734445,0.5915897548210954,0.5729285039706156,0.8233366046624722,0.961086185852764,2.347440222066852,2.929137946193805,2.939029976887947,3.6592435564671177,0.5915897548210954,0.8233366046624722,/home/aaa/data/qj/stable-baselines3-master/risk_curriculum_metadrive/outputs/tuned_ablation_guard_only_nenv16_seed2_1m/runs/guard_only_ppo_s2/config.json,/home/aaa/data/qj/stable-baselines3-master/risk_curriculum_metadrive/outputs/tuned_ablation_guard_only_nenv16_seed2_1m/runs/guard_only_ppo_s2/model/final_model.zip,results/ijmlc_control/raw_csv/p1_d015_nonmotion_parallel_20260701_1645_guard_only_s2_episodes.csv
guard_only,action_intervention,guard_only,ppo,2,0.15,10000,10010,10,0.0,1.0,0.6956166961081295,1.0,1.0,0.0,0.0,1200.0,334.8275475752966,334.8275475752966,11.95136645741623,12.414946267122362,3.255194101132118,0.0208333333333333,0.0,0.6956166961081295,397.9056622143887,25.42710465108068,3.3547448298924354,0.0224635853337614,0.0025094102885821,551.0,166.0,6.0,379.0,45.91666666666666,1384.7503373880745,0.666690788239066,0.6582990026799962,0.9136663036770188,1.0480830892629456,8.996646893441115,12.953860001289286,9.66333768168018,13.64588085853029,0.666690788239066,0.9136663036770188,/home/aaa/data/qj/stable-baselines3-master/risk_curriculum_metadrive/outputs/tuned_ablation_guard_only_nenv16_seed2_1m/runs/guard_only_ppo_s2/config.json,/home/aaa/data/qj/stable-baselines3-master/risk_curriculum_metadrive/outputs/tuned_ablation_guard_only_nenv16_seed2_1m/runs/guard_only_ppo_s2/model/final_model.zip,results/ijmlc_control/raw_csv/p1_d015_nonmotion_parallel_20260701_1645_guard_only_s2_episodes.csv
guard_only,action_intervention,guard_only,ppo,2,0.15,10000,10011,11,0.0,0.0,0.8460961023741775,0.0,0.0,0.0,0.0,1500.0,492.38347818943487,492.38347818943487,12.180800609936028,12.367984216772197,4.427948933631652,0.018,0.0,846096.1023741775,506.2124845677722,28.81792734961884,1.1811406398672133,0.0191535080431791,0.010717230008244,598.0,195.0,15.0,388.0,39.86666666666667,1181.3221092533904,0.7089793066940425,0.6783525022910908,1.019738002651138,1.571288992563495,6.002663259734011,7.901730243611382,6.711642566428054,8.692333858198253,0.7089793066940425,1.019738002651138,/home/aaa/data/qj/stable-baselines3-master/risk_curriculum_metadrive/outputs/tuned_ablation_guard_only_nenv16_seed2_1m/runs/guard_only_ppo_s2/config.json,/home/aaa/data/qj/stable-baselines3-master/risk_curriculum_metadrive/outputs/tuned_ablation_guard_only_nenv16_seed2_1m/runs/guard_only_ppo_s2/model/final_model.zip,results/ijmlc_control/raw_csv/p1_d015_nonmotion_parallel_20260701_1645_guard_only_s2_episodes.csv
guard_only,action_intervention,guard_only,ppo,2,0.15,10000,10012,12,1.0,0.0,0.9893144404129396,0.0,0.0,0.0,0.0,933.0,440.1000446587951,440.1000446587951,16.87988150516872,18.309610689625117,12.950385032432392,0.0257234726688102,0.0,989314.4404129398,436.9036076216804,33.083170599436535,1.534388683812624,0.0280996554297035,0.1058394160583941,699.0,21.0,32.0,646.0,74.91961414790997,1599.8952350269258,0.6723866366978689,0.6500180024886504,0.9485323971603064,1.4390400773845609,3.10579465796631,4.8400443978607655,3.7781812946641775,5.529180806479417,0.6723866366978689,0.9485323971603064,/home/aaa/data/qj/stable-baselines3-master/risk_curriculum_metadrive/outputs/tuned_ablation_guard_only_nenv16_seed2_1m/runs/guard_only_ppo_s2/config.json,/home/aaa/data/qj/stable-baselines3-master/risk_curriculum_metadrive/outputs/tuned_ablation_guard_only_nenv16_seed2_1m/runs/guard_only_ppo_s2/model/final_model.zip,results/ijmlc_control/raw_csv/p1_d015_nonmotion_parallel_20260701_1645_guard_only_s2_episodes.csv
guard_only,action_intervention,guard_only,ppo,2,0.15,10000,10013,13,1.0,0.0,0.992038920209748,0.0,0.0,0.0,0.0,1074.0,525.5477120103943,525.5477120103943,18.017286939527857,18.43241773528292,17.928190879328202,0.0065176908752327,0.0,992038.920209748,537.0324561220682,51.98932131794376,4.991686155897113,0.0030105421412479,0.0125,917.0,8.0,3.0,906.0,85.38175046554935,1707.531806590782,0.6801677018285207,0.6612830038648099,0.9408205427462234,1.332512721128296,4.865768231031267,7.681255193892866,5.545935932859788,8.340011895779753,0.6801677018285207,0.9408205427462234,/home/aaa/data/qj/stable-baselines3-master/risk_curriculum_metadrive/outputs/tuned_ablation_guard_only_nenv16_seed2_1m/runs/guard_only_ppo_s2/config.json,/home/aaa/data/qj/stable-baselines3-master/risk_curriculum_metadrive/outputs/tuned_ablation_guard_only_nenv16_seed2_1m/runs/guard_only_ppo_s2/model/final_model.zip,results/ijmlc_control/raw_csv/p1_d015_nonmotion_parallel_20260701_1645_guard_only_s2_episodes.csv
guard_only,action_intervention,guard_only,ppo,2,0.15,10000,10014,14,0.0,0.0,0.7961965481139051,0.0,0.0,0.0,0.0,1500.0,626.5005939848022,626.5005939848022,15.658522105571777,18.159512124241463,8.322418115154683,0.0,0.0,796196.5481139051,651.7215717499379,27.816068334646708,6.702989747844256,0.0064958701250084,0.0,970.0,96.0,2.0,872.0,64.66666666666666,1488.3656488390477,0.6949956660779814,0.6739944947184995,0.9686018041975332,1.199317427672213,9.472575616139997,13.841687641252063,10.167571282217978,14.518575349939056,0.6949956660779814,0.9686018041975332,/home/aaa/data/qj/stable-baselines3-master/risk_curriculum_metadrive/outputs/tuned_ablation_guard_only_nenv16_seed2_1m/runs/guard_only_ppo_s2/config.json,/home/aaa/data/qj/stable-baselines3-master/risk_curriculum_metadrive/outputs/tuned_ablation_guard_only_nenv16_seed2_1m/runs/guard_only_ppo_s2/model/final_model.zip,results/ijmlc_control/raw_csv/p1_d015_nonmotion_parallel_20260701_1645_guard_only_s2_episodes.csv
guard_only,action_intervention,guard_only,ppo,2,0.15,10000,10015,15,0.0,0.0,0.7288238087076038,0.0,0.0,0.0,0.0,1500.0,477.6735657866729,477.6735657866729,12.385802737627053,13.13624865330386,3.614642322009781,0.014,0.0,728823.8087076038,514.7108544039986,67.92351286189594,3.1538877503352336,0.0153553825642206,0.001230012300123,739.0,153.0,4.0,582.0,49.266666666666666,1435.75755917507,1.081185020399668,0.7462130015483126,2.358697055751688,9.03359936302877,12.15663055353798,36.917050804913735,13.237815573937649,40.46462496262392,1.081185020399668,2.358697055751688,/home/aaa/data/qj/stable-baselines3-master/risk_curriculum_metadrive/outputs/tuned_ablation_guard_only_nenv16_seed2_1m/runs/guard_only_ppo_s2/config.json,/home/aaa/data/qj/stable-baselines3-master/risk_curriculum_metadrive/outputs/tuned_ablation_guard_only_nenv16_seed2_1m/runs/guard_only_ppo_s2/model/final_model.zip,results/ijmlc_control/raw_csv/p1_d015_nonmotion_parallel_20260701_1645_guard_only_s2_episodes.csv
guard_only,action_intervention,guard_only,ppo,2,0.15,10000,10016,16,1.0,0.0,0.990601595628082,0.0,0.0,0.0,0.0,1040.0,483.8564400703077,483.8564400703077,16.91158610409736,18.322860638708203,13.825277949012934,0.035576923076923,0.0,990601.5956280822,488.0066312782339,45.98105953595903,1.2852186747181016,0.0337344610026823,0.2444444444444444,822.0,10.0,47.0,765.0,79.03846153846153,1684.4033406819462,1.1330376817568322,0.8787424958427437,2.917874899867454,5.08407185669057,6.126581572173634,13.592755948047849,7.259619253930466,15.22201654370292,1.1330376817568322,2.917874899867454,/home/aaa/data/qj/stable-baselines3-master/risk_curriculum_metadrive/outputs/tuned_ablation_guard_only_nenv16_seed2_1m/runs/guard_only_ppo_s2/config.json,/home/aaa/data/qj/stable-baselines3-master/risk_curriculum_metadrive/outputs/tuned_ablation_guard_only_nenv16_seed2_1m/runs/guard_only_ppo_s2/model/final_model.zip,results/ijmlc_control/raw_csv/p1_d015_nonmotion_parallel_20260701_1645_guard_only_s2_episodes.csv
guard_only,action_intervention,guard_only,ppo,2,0.15,10000,10017,17,0.0,0.0,0.557784894468815,0.0,0.0,0.0,0.0,1500.0,421.2920940669527,421.2920940669527,10.659632631818688,11.339756240104345,0.9545256172595292,0.1006666666666666,0.0,557784.894468815,440.5185000595571,39.81436096530782,1.8194481297412144,0.0382827113949588,0.0211946050096339,717.0,199.0,52.0,466.0,47.8,1627.627443349288,1.4700061239127535,0.9716234999359584,4.908549850370036,6.044165778148454,29.79368992099383,57.00341865085648,31.263696044906585,58.64037700157496,1.4700061239127535,4.908549850370036,/home/aaa/data/qj/stable-baselines3-master/risk_curriculum_metadrive/outputs/tuned_ablation_guard_only_nenv16_seed2_1m/runs/guard_only_ppo_s2/config.json,/home/aaa/data/qj/stable-baselines3-master/risk_curriculum_metadrive/outputs/tuned_ablation_guard_only_nenv16_seed2_1m/runs/guard_only_ppo_s2/model/final_model.zip,results/ijmlc_control/raw_csv/p1_d015_nonmotion_parallel_20260701_1645_guard_only_s2_episodes.csv
guard_only,action_intervention,guard_only,ppo,2,0.15,10000,10018,18,1.0,0.0,0.990683268592082,0.0,0.0,0.0,0.0,942.0,423.1194204711501,423.1194204711501,16.309225276672986,18.254858068740184,9.824346952366293,0.0286624203821656,0.0,990683.268592082,426.0699742700936,54.62994846468771,2.630855141593414,0.0199130664237895,0.0392156862745098,678.0,38.0,26.0,614.0,71.97452229299363,1591.2879126521204,1.206382814470497,0.9161464986391366,3.980139807390514,5.103368014097216,11.93019581822154,24.607710902637333,13.136578632692036,26.74175538486451,1.206382814470497,3.980139807390514,/home/aaa/data/qj/stable-baselines3-master/risk_curriculum_metadrive/outputs/tuned_ablation_guard_only_nenv16_seed2_1m/runs/guard_only_ppo_s2/config.json,/home/aaa/data/qj/stable-baselines3-master/risk_curriculum_metadrive/outputs/tuned_ablation_guard_only_nenv16_seed2_1m/runs/guard_only_ppo_s2/model/final_model.zip,results/ijmlc_control/raw_csv/p1_d015_nonmotion_parallel_20260701_1645_guard_only_s2_episodes.csv
guard_only,action_intervention,guard_only,ppo,2,0.15,10000,10019,19,1.0,0.0,0.993422295578796,0.0,0.0,0.0,0.0,1423.0,664.1374586862224,664.1374586862224,17.246705525672322,18.362097365674977,13.27220116740201,0.0133520730850316,0.0,993422.295578796,681.0056716512074,29.92840146997043,6.026580934471995,0.0044070903789092,0.0,1114.0,51.0,2.0,1061.0,78.28531271960647,1635.816038505125,1.0359325549861895,0.9217869956046344,1.787358196452257,3.056830514397006,10.818533775093869,23.87929720425745,11.854466330080056,25.318318793142662,1.0359325549861895,1.787358196452257,/home/aaa/data/qj/stable-baselines3-master/risk_curriculum_metadrive/outputs/tuned_ablation_guard_only_nenv16_seed2_1m/runs/guard_only_ppo_s2/config.json,/home/aaa/data/qj/stable-baselines3-master/risk_curriculum_metadrive/outputs/tuned_ablation_guard_only_nenv16_seed2_1m/runs/guard_only_ppo_s2/model/final_model.zip,results/ijmlc_control/raw_csv/p1_d015_nonmotion_parallel_20260701_1645_guard_only_s2_episodes.csv
guard_only,action_intervention,guard_only,ppo,2,0.15,20000,20000,0,1.0,0.0,0.9859903964398864,0.0,0.0,0.0,0.0,728.0,347.80193940200263,347.80193940200263,17.232347448079594,18.381271101936434,14.79060540644656,0.0315934065934065,0.0,985990.3964398864,347.9870349235795,29.636393907341,0.0607202484252367,0.0323346914779103,0.2826086956521739,597.0,4.0,27.0,566.0,82.0054945054945,1715.5811570138112,1.008729440929908,0.8802015072433278,1.9551895944459825,3.2588213185954378,5.604507456235217,8.886605949373916,6.613236897165125,9.9566703538585,1.008729440929908,1.9551895944459825,/home/aaa/data/qj/stable-baselines3-master/risk_curriculum_metadrive/outputs/tuned_ablation_guard_only_nenv16_seed2_1m/runs/guard_only_ppo_s2/config.json,/home/aaa/data/qj/stable-baselines3-master/risk_curriculum_metadrive/outputs/tuned_ablation_guard_only_nenv16_seed2_1m/runs/guard_only_ppo_s2/model/final_model.zip,results/ijmlc_control/raw_csv/p1_d015_nonmotion_parallel_20260701_1645_guard_only_s2_episodes.csv
guard_only,action_intervention,guard_only,ppo,2,0.15,20000,20001,1,1.0,0.0,0.9894115003929784,0.0,0.0,0.0,0.0,1138.0,489.8321937849756,489.8321937849756,16.302660047758767,18.247989635714006,8.721917805404042,0.0035149384885764,0.0,989411.5003929784,514.7565831411906,60.32742003518749,2.0660251742322058,0.0125785113835272,0.0206611570247933,794.0,43.0,14.0,737.0,69.77152899824253,1542.476630711135,1.0316271942870172,0.8988725021481514,1.9200687544071116,3.358830029901582,6.147659436116439,9.423776904441182,7.179286630403456,10.548529852530915,1.0316271942870172,1.9200687544071116,/home/aaa/data/qj/stable-baselines3-master/risk_curriculum_metadrive/outputs/tuned_ablation_guard_only_nenv16_seed2_1m/runs/guard_only_ppo_s2/config.json,/home/aaa/data/qj/stable-baselines3-master/risk_curriculum_metadrive/outputs/tuned_ablation_guard_only_nenv16_seed2_1m/runs/guard_only_ppo_s2/model/final_model.zip,results/ijmlc_control/raw_csv/p1_d015_nonmotion_parallel_20260701_1645_guard_only_s2_episodes.csv
guard_only,action_intervention,guard_only,ppo,2,0.15,20000,20002,2,1.0,0.0,0.9889979265001976,0.0,0.0,0.0,0.0,1084.0,493.61865121340406,493.61865121340406,16.404340505033545,18.28054877537258,9.617047356943306,0.0230627306273062,0.0,988997.9265001976,493.26089402605686,17.36082670522246,3.9695178856399385,0.015720527073989,0.0217391304347826,786.0,43.0,22.0,721.0,72.50922509225092,1593.4772237559116,0.9403718521387224,0.8568574994569644,1.425409096555086,2.6424285519169657,6.473780772906498,9.912042738869784,7.414152625045219,10.927100949629674,0.9403718521387224,1.425409096555086,/home/aaa/data/qj/stable-baselines3-master/risk_curriculum_metadrive/outputs/tuned_ablation_guard_only_nenv16_seed2_1m/runs/guard_only_ppo_s2/config.json,/home/aaa/data/qj/stable-baselines3-master/risk_curriculum_metadrive/outputs/tuned_ablation_guard_only_nenv16_seed2_1m/runs/guard_only_ppo_s2/model/final_model.zip,results/ijmlc_control/raw_csv/p1_d015_nonmotion_parallel_20260701_1645_guard_only_s2_episodes.csv
guard_only,action_intervention,guard_only,ppo,2,0.15,20000,20003,3,0.0,0.0,0.7960056681840748,0.0,0.0,0.0,0.0,1500.0,483.7340480258166,483.7340480258166,13.063257295785922,15.42782135245742,2.603448212662918,0.0566666666666666,0.0,796005.6681840748,543.0771077560635,26.51828999261408,1.7202348337293376,0.0303763892443952,0.0184804928131416,792.0,162.0,52.0,578.0,52.8,1458.3564445801433,0.924675236135954,0.8781700016697869,1.2739742509438656,1.7090133512101595,15.590665419983756,22.347459957381943,16.515340656119708,23.293080050643766,0.924675236135954,1.2739742509438656,/home/aaa/data/qj/stable-baselines3-master/risk_curriculum_metadrive/outputs/tuned_ablation_guard_only_nenv16_seed2_1m/runs/guard_only_ppo_s2/config.json,/home/aaa/data/qj/stable-baselines3-master/risk_curriculum_metadrive/outputs/tuned_ablation_guard_only_nenv16_seed2_1m/runs/guard_only_ppo_s2/model/final_model.zip,results/ijmlc_control/raw_csv/p1_d015_nonmotion_parallel_20260701_1645_guard_only_s2_episodes.csv
guard_only,action_intervention,guard_only,ppo,2,0.15,20000,20004,4,1.0,0.0,0.9903239990531808,0.0,0.0,0.0,0.0,1010.0,499.68464132798925,499.68464132798925,17.873945480317683,18.406183400553147,17.912933006516283,0.0099009900990099,0.0,990323.9990531808,500.995519742515,25.90563654952786,5.588622877042018,0.005578306981742,0.0,847.0,11.0,7.0,829.0,83.86138613861385,1690.6338811878256,0.8625612486704797,0.8312744976137765,1.2003616509900894,1.6108295314188543,3.5376749317551326,4.935521095467266,4.400236180425613,5.916176395840012,0.8625612486704797,1.2003616509900894,/home/aaa/data/qj/stable-baselines3-master/risk_curriculum_metadrive/outputs/tuned_ablation_guard_only_nenv16_seed2_1m/runs/guard_only_ppo_s2/config.json,/home/aaa/data/qj/stable-baselines3-master/risk_curriculum_metadrive/outputs/tuned_ablation_guard_only_nenv16_seed2_1m/runs/guard_only_ppo_s2/model/final_model.zip,results/ijmlc_control/raw_csv/p1_d015_nonmotion_parallel_20260701_1645_guard_only_s2_episodes.csv
guard_only,action_intervention,guard_only,ppo,2,0.15,20000,20005,5,1.0,0.0,0.9922566441805664,0.0,0.0,0.0,0.0,1313.0,566.1922525117749,566.1922525117749,15.836858395545793,18.184889955640458,7.576442382844975,0.0,0.0,992256.6441805664,577.0032544161957,29.92446824526396,4.1653462274616695,0.0065913755529901,0.0016920473773265,880.0,83.0,4.0,793.0,67.02208682406702,1525.1213806243995,0.8935605294868401,0.8452939946437255,1.2284886033739892,2.0342330442508607,9.143064935447033,14.055208602803758,10.036625464933872,14.976696600206196,0.8935605294868401,1.2284886033739892,/home/aaa/data/qj/stable-baselines3-master/risk_curriculum_metadrive/outputs/tuned_ablation_guard_only_nenv16_seed2_1m/runs/guard_only_ppo_s2/config.json,/home/aaa/data/qj/stable-baselines3-master/risk_curriculum_metadrive/outputs/tuned_ablation_guard_only_nenv16_seed2_1m/runs/guard_only_ppo_s2/model/final_model.zip,results/ijmlc_control/raw_csv/p1_d015_nonmotion_parallel_20260701_1645_guard_only_s2_episodes.csv
guard_only,action_intervention,guard_only,ppo,2,0.15,20000,20006,6,0.0,1.0,0.6787975914210819,1.0,1.0,0.0,0.0,823.0,355.2527005459977,355.2527005459977,17.166183617401263,18.304185096650382,12.991725386785804,0.0012150668286755,0.0,0.6787975914210819,392.0251313720661,149.5439023247267,0.7426934102126305,0.0085054439014944,0.023391812865497,623.0,23.0,6.0,594.0,75.69866342648845,1589.1838306884426,0.7922186285375028,0.7376229914370924,1.18409970018547,2.0589648035820534,4.896270860105222,6.202875006420072,5.688489488642725,7.175850498606451,0.7922186285375028,1.18409970018547,/home/aaa/data/qj/stable-baselines3-master/risk_curriculum_metadrive/outputs/tuned_ablation_guard_only_nenv16_seed2_1m/runs/guard_only_ppo_s2/config.json,/home/aaa/data/qj/stable-baselines3-master/risk_curriculum_metadrive/outputs/tuned_ablation_guard_only_nenv16_seed2_1m/runs/guard_only_ppo_s2/model/final_model.zip,results/ijmlc_control/raw_csv/p1_d015_nonmotion_parallel_20260701_1645_guard_only_s2_episodes.csv
guard_only,action_intervention,guard_only,ppo,2,0.15,20000,20007,7,1.0,0.0,0.9888815565097164,0.0,0.0,0.0,0.0,894.0,416.809783211697,416.809783211697,17.605345870485028,18.38223908262844,14.917852548443191,0.0022371364653243,0.0,988881.5565097164,436.6199392912836,22.85543150088358,0.9734176114810376,0.0045824122091648,0.0254237288135593,704.0,16.0,3.0,685.0,78.74720357941834,1612.3862807152707,0.7104692048185101,0.662421494780574,1.0508480962016615,1.7039097103406573,3.699668494278593,5.509466500370763,4.410137699097104,6.279796004673696,0.7104692048185101,1.0508480962016615,/home/aaa/data/qj/stable-baselines3-master/risk_curriculum_metadrive/outputs/tuned_ablation_guard_only_nenv16_seed2_1m/runs/guard_only_ppo_s2/config.json,/home/aaa/data/qj/stable-baselines3-master/risk_curriculum_metadrive/outputs/tuned_ablation_guard_only_nenv16_seed2_1m/runs/guard_only_ppo_s2/model/final_model.zip,results/ijmlc_control/raw_csv/p1_d015_nonmotion_parallel_20260701_1645_guard_only_s2_episodes.csv
guard_only,action_intervention,guard_only,ppo,2,0.15,20000,20008,8,0.0,0.0,0.7290377553163733,0.0,0.0,0.0,0.0,1500.0,457.0256875918883,457.0256875918883,11.843744251281278,17.9212756614077,0.54882014381747,0.134,0.0,729037.7553163733,489.47664310366383,28.50048862509898,0.19986742486848,0.0595548806556635,0.0643712574850299,923.0,112.0,121.0,690.0,61.53333333333333,1885.6875256548703,0.7712978765969941,0.7230075061670505,1.1375236441381271,1.7022876073315272,7.587933126681794,10.603212251589865,8.359231003278788,11.450428341777291,0.7712978765969941,1.1375236441381271,/home/aaa/data/qj/stable-baselines3-master/risk_curriculum_metadrive/outputs/tuned_ablation_guard_only_nenv16_seed2_1m/runs/guard_only_ppo_s2/config.json,/home/aaa/data/qj/stable-baselines3-master/risk_curriculum_metadrive/outputs/tuned_ablation_guard_only_nenv16_seed2_1m/runs/guard_only_ppo_s2/model/final_model.zip,results/ijmlc_control/raw_csv/p1_d015_nonmotion_parallel_20260701_1645_guard_only_s2_episodes.csv
guard_only,action_intervention,guard_only,ppo,2,0.15,20000,20009,9,1.0,0.0,0.9879163673355836,0.0,0.0,0.0,0.0,849.0,388.2712452009629,388.2712452009629,16.978170099219145,18.337822200648265,12.478619581340016,0.0259128386336866,0.0,987916.3673355838,399.91018549900144,25.97873004439373,0.9442896546588616,0.0275412001066385,0.313953488372093,676.0,8.0,29.0,639.0,79.62308598351001,1690.379551489788,0.7974294355396648,0.7705129974056035,1.1659645882900804,1.5522163570858536,5.642501114104826,10.727619202225467,6.439930549644491,11.642817998654207,0.7974294355396648,1.1659645882900804,/home/aaa/data/qj/stable-baselines3-master/risk_curriculum_metadrive/outputs/tuned_ablation_guard_only_nenv16_seed2_1m/runs/guard_only_ppo_s2/config.json,/home/aaa/data/qj/stable-baselines3-master/risk_curriculum_metadrive/outputs/tuned_ablation_guard_only_nenv16_seed2_1m/runs/guard_only_ppo_s2/model/final_model.zip,results/ijmlc_control/raw_csv/p1_d015_nonmotion_parallel_20260701_1645_guard_only_s2_episodes.csv
guard_only,action_intervention,guard_only,ppo,2,0.15,20000,20010,10,1.0,0.0,0.9900339452943094,0.0,0.0,0.0,0.0,903.0,448.3171230459002,448.3171230459002,17.78951340622896,18.388550805497623,17.895922902430772,0.0121816168327796,0.0,990033.9452943096,445.74470965761407,42.48236561414841,0.1980200215248272,0.0136825731027068,0.1181818181818181,747.0,7.0,13.0,727.0,82.72425249169434,1675.8471470671775,0.8105019501377937,0.7724960014456883,1.0907987045357004,1.6758780102827606,3.613078118841977,5.3499610046856105,4.423580068979771,6.326362998515833,0.8105019501377937,1.0907987045357004,/home/aaa/data/qj/stable-baselines3-master/risk_curriculum_metadrive/outputs/tuned_ablation_guard_only_nenv16_seed2_1m/runs/guard_only_ppo_s2/config.json,/home/aaa/data/qj/stable-baselines3-master/risk_curriculum_metadrive/outputs/tuned_ablation_guard_only_nenv16_seed2_1m/runs/guard_only_ppo_s2/model/final_model.zip,results/ijmlc_control/raw_csv/p1_d015_nonmotion_parallel_20260701_1645_guard_only_s2_episodes.csv
guard_only,action_intervention,guard_only,ppo,2,0.15,20000,20011,11,1.0,0.0,0.9918433805590826,0.0,0.0,0.0,0.0,1130.0,521.0299810674464,521.0299810674464,17.53132708767035,18.41586184923088,17.907386774007765,0.0336283185840707,0.0,991843.3805590826,549.8183131216964,36.31950887726389,0.229650020905432,0.0293544959549811,0.4456521739130434,973.0,0.0,41.0,932.0,86.1061946902655,1769.6755033051015,0.8734822755785602,0.8233180051320232,1.1538333070348017,1.5592087141703836,10.463851237135415,14.577432742953532,11.337333512713975,15.468172247346956,0.8734822755785602,1.1538333070348017,/home/aaa/data/qj/stable-baselines3-master/risk_curriculum_metadrive/outputs/tuned_ablation_guard_only_nenv16_seed2_1m/runs/guard_only_ppo_s2/config.json,/home/aaa/data/qj/stable-baselines3-master/risk_curriculum_metadrive/outputs/tuned_ablation_guard_only_nenv16_seed2_1m/runs/guard_only_ppo_s2/model/final_model.zip,results/ijmlc_control/raw_csv/p1_d015_nonmotion_parallel_20260701_1645_guard_only_s2_episodes.csv
guard_only,action_intervention,guard_only,ppo,2,0.15,20000,20012,12,1.0,0.0,0.9910603170577864,0.0,0.0,0.0,0.0,1119.0,513.3998732588711,513.3998732588711,16.706290058527525,18.24941356138239,11.089531357768152,0.0062555853440571,0.0,991060.3170577864,518.612389864614,27.02308081099684,1.3927027456524697,0.0106924241905028,0.0309597523219814,785.0,50.0,11.0,724.0,70.15192135835568,1513.654543048861,0.7947441478398436,0.7724229944869876,1.1043428079574364,1.5632826994988085,4.8101772063823125,8.383448688255157,5.6049213542221565,9.26870909024728,0.7947441478398436,1.1043428079574364,/home/aaa/data/qj/stable-baselines3-master/risk_curriculum_metadrive/outputs/tuned_ablation_guard_only_nenv16_seed2_1m/runs/guard_only_ppo_s2/config.json,/home/aaa/data/qj/stable-baselines3-master/risk_curriculum_metadrive/outputs/tuned_ablation_guard_only_nenv16_seed2_1m/runs/guard_only_ppo_s2/model/final_model.zip,results/ijmlc_control/raw_csv/p1_d015_nonmotion_parallel_20260701_1645_guard_only_s2_episodes.csv
guard_only,action_intervention,guard_only,ppo,2,0.15,20000,20013,13,1.0,0.0,0.9940628406218076,0.0,0.0,0.0,0.0,1375.0,674.8477521282105,674.8477521282105,17.545563445561914,18.364070157216197,17.866257952704657,0.0138181818181818,0.0,994062.8406218076,669.6273468802167,57.33062928710351,2.454691105033599,0.0140032824365258,0.1652892561983471,1122.0,8.0,29.0,1085.0,81.6,1675.5588092800874,0.8310238662577997,0.8013470069272444,1.1005705935531296,1.5278193043195645,8.206943699105812,14.085437802714294,9.037967565363612,15.001967709395103,0.8310238662577997,1.1005705935531296,/home/aaa/data/qj/stable-baselines3-master/risk_curriculum_metadrive/outputs/tuned_ablation_guard_only_nenv16_seed2_1m/runs/guard_only_ppo_s2/config.json,/home/aaa/data/qj/stable-baselines3-master/risk_curriculum_metadrive/outputs/tuned_ablation_guard_only_nenv16_seed2_1m/runs/guard_only_ppo_s2/model/final_model.zip,results/ijmlc_control/raw_csv/p1_d015_nonmotion_parallel_20260701_1645_guard_only_s2_episodes.csv
guard_only,action_intervention,guard_only,ppo,2,0.15,20000,20014,14,1.0,0.0,0.9917332540242024,0.0,0.0,0.0,0.0,1140.0,541.7534043279333,541.7534043279333,17.06847296864597,18.22920555130696,12.795646935996364,0.0008771929824561,0.0,991733.2540242026,540.0159176829652,25.799468845364203,2.0813280765020923,0.00653234985255,0.0044742729306487,796.0,63.0,5.0,728.0,69.82456140350877,1474.030623792314,0.736158647550997,0.6973865019972436,1.107317206333391,1.525506190228042,4.196520755373824,6.611889798659831,4.932679402924821,7.476404662156709,0.736158647550997,1.107317206333391,/home/aaa/data/qj/stable-baselines3-master/risk_curriculum_metadrive/outputs/tuned_ablation_guard_only_nenv16_seed2_1m/runs/guard_only_ppo_s2/config.json,/home/aaa/data/qj/stable-baselines3-master/risk_curriculum_metadrive/outputs/tuned_ablation_guard_only_nenv16_seed2_1m/runs/guard_only_ppo_s2/model/final_model.zip,results/ijmlc_control/raw_csv/p1_d015_nonmotion_parallel_20260701_1645_guard_only_s2_episodes.csv
guard_only,action_intervention,guard_only,ppo,2,0.15,20000,20015,15,0.0,1.0,0.3123492399458388,1.0,1.0,0.0,0.0,390.0,160.35923403996915,160.35923403996915,16.54033152226001,18.33842817261736,8.083814226802106,0.041025641025641,0.0,0.3123492399458388,178.7096460757462,9.032575181262422,3.3506360479728388,0.0285626057796407,0.3478260869565217,309.0,2.0,18.0,289.0,79.23076923076923,1729.0616750985569,0.7970552536649987,0.7557264980277978,1.0340532520785926,1.2749239476397636,4.273860741075343,6.550177151075331,5.070915994740342,7.396385741594713,0.7970552536649987,1.0340532520785926,/home/aaa/data/qj/stable-baselines3-master/risk_curriculum_metadrive/outputs/tuned_ablation_guard_only_nenv16_seed2_1m/runs/guard_only_ppo_s2/config.json,/home/aaa/data/qj/stable-baselines3-master/risk_curriculum_metadrive/outputs/tuned_ablation_guard_only_nenv16_seed2_1m/runs/guard_only_ppo_s2/model/final_model.zip,results/ijmlc_control/raw_csv/p1_d015_nonmotion_parallel_20260701_1645_guard_only_s2_episodes.csv
guard_only,action_intervention,guard_only,ppo,2,0.15,20000,20016,16,0.0,0.0,0.7330941867833328,0.0,0.0,0.0,0.0,1500.0,495.51765697627934,495.51765697627934,12.64580421437457,12.7897310111005,4.944413163806557,0.006,0.0,733094.1867833328,525.7777554901891,28.627370806284503,3.6403483853878527,0.0141547199047088,0.0009765625,698.0,168.0,7.0,523.0,46.53333333333333,1327.557114601104,0.7870004380044217,0.7657349997316487,1.0218098017503507,1.250156585156219,8.759801080072066,11.876798342564143,9.546801518076489,12.706258300022457,0.7870004380044217,1.0218098017503507,/home/aaa/data/qj/stable-baselines3-master/risk_curriculum_metadrive/outputs/tuned_ablation_guard_only_nenv16_seed2_1m/runs/guard_only_ppo_s2/config.json,/home/aaa/data/qj/stable-baselines3-master/risk_curriculum_metadrive/outputs/tuned_ablation_guard_only_nenv16_seed2_1m/runs/guard_only_ppo_s2/model/final_model.zip,results/ijmlc_control/raw_csv/p1_d015_nonmotion_parallel_20260701_1645_guard_only_s2_episodes.csv
guard_only,action_intervention,guard_only,ppo,2,0.15,20000,20017,17,0.0,1.0,0.7880988318232099,1.0,1.0,0.0,0.0,1365.0,460.0288257463384,460.0288257463384,12.83711791547172,16.55382886314643,3.55439756512219,0.0124542124542124,0.0,0.7880988318232099,485.7135336493127,37.82408508856204,0.9483279532723096,0.0196452747088429,0.0121580547112462,711.0,129.0,13.0,569.0,52.087912087912095,1463.8257959543396,0.6940508313880442,0.64759400265757,0.93871399294585,1.2049432779895115,6.450459807580286,9.912209393223746,7.14451063896833,10.76645238790661,0.6940508313880442,0.93871399294585,/home/aaa/data/qj/stable-baselines3-master/risk_curriculum_metadrive/outputs/tuned_ablation_guard_only_nenv16_seed2_1m/runs/guard_only_ppo_s2/config.json,/home/aaa/data/qj/stable-baselines3-master/risk_curriculum_metadrive/outputs/tuned_ablation_guard_only_nenv16_seed2_1m/runs/guard_only_ppo_s2/model/final_model.zip,results/ijmlc_control/raw_csv/p1_d015_nonmotion_parallel_20260701_1645_guard_only_s2_episodes.csv
guard_only,action_intervention,guard_only,ppo,2,0.15,20000,20018,18,0.0,0.0,0.8541581421659007,0.0,0.0,0.0,0.0,1500.0,624.7428008704795,624.7428008704795,16.050317539805654,18.256041886261656,6.516465206529736,0.0166666666666666,0.0,854158.1421659007,667.8733813558314,53.0189012742209,4.430838128136679,0.0062247004407082,0.0017421602787456,1063.0,76.0,3.0,984.0,70.86666666666666,1591.619054860418,0.7971577127367103,0.7617554947501048,1.0683786451409103,1.3743424403946842,11.539120957109844,18.18309750160552,12.336278669846555,19.136470300873043,0.7971577127367103,1.0683786451409103,/home/aaa/data/qj/stable-baselines3-master/risk_curriculum_metadrive/outputs/tuned_ablation_guard_only_nenv16_seed2_1m/runs/guard_only_ppo_s2/config.json,/home/aaa/data/qj/stable-baselines3-master/risk_curriculum_metadrive/outputs/tuned_ablation_guard_only_nenv16_seed2_1m/runs/guard_only_ppo_s2/model/final_model.zip,results/ijmlc_control/raw_csv/p1_d015_nonmotion_parallel_20260701_1645_guard_only_s2_episodes.csv
guard_only,action_intervention,guard_only,ppo,2,0.15,20000,20019,19,0.0,1.0,0.7443837086037459,1.0,1.0,0.0,0.0,876.0,362.7456548704145,362.7456548704145,16.890350506700003,18.15718180813916,13.306101387550065,0.0091324200913242,0.0,0.7443837086037459,410.4193068843463,21.63024946967076,4.98370763082778,0.0084096148425113,0.0033557046979865,581.0,57.0,6.0,518.0,66.32420091324201,1415.6254110231769,0.6776594019776155,0.6548669989570044,0.899723239854211,1.0857157467398793,6.376090354206929,9.10231350644608,7.053749756184545,9.737335003592309,0.6776594019776155,0.899723239854211,/home/aaa/data/qj/stable-baselines3-master/risk_curriculum_metadrive/outputs/tuned_ablation_guard_only_nenv16_seed2_1m/runs/guard_only_ppo_s2/config.json,/home/aaa/data/qj/stable-baselines3-master/risk_curriculum_metadrive/outputs/tuned_ablation_guard_only_nenv16_seed2_1m/runs/guard_only_ppo_s2/model/final_model.zip,results/ijmlc_control/raw_csv/p1_d015_nonmotion_parallel_20260701_1645_guard_only_s2_episodes.csv
no_action_guard,no_guard_negative_control,no_action_guard,ppo,0,0.15,10000,10000,0,0.0,1.0,0.3924328812682152,1.0,1.0,0.0,0.0,203.0,116.70734286660296,-1226.368319199658,37.035581184518826,39.6829533763738,21.73779334537315,0.0,0.0,0.3924328812682152,207.84460697797667,3.37480975571802,0.8129955960686635,0.1805766430453124,0.8235294117647058,0.0,0.0,0.0,0.0,0.0,0.0,1.5466965024137016,0.8183710015146062,1.2584960059029977,2.27271993499016,8.150405265471733,10.76315140671795,9.697101767885435,11.65493269218132,1.5466965024137016,1.2584960059029977,/home/aaa/data/qj/stable-baselines3-master/risk_curriculum_metadrive/outputs/tuned_ablation_no_action_guard_nenv16_seed0_1m/runs/no_action_guard_ppo_s0/config.json,/home/aaa/data/qj/stable-baselines3-master/risk_curriculum_metadrive/outputs/tuned_ablation_no_action_guard_nenv16_seed0_1m/runs/no_action_guard_ppo_s0/model/final_model.zip,results/ijmlc_control/raw_csv/p1_d015_nonmotion_parallel_20260701_1645_no_action_guard_s0_episodes.csv
no_action_guard,no_guard_negative_control,no_action_guard,ppo,0,0.15,10000,10001,1,0.0,1.0,0.3122860985365805,0.0,0.0,0.0,1.0,138.0,70.59834268153607,-1356.2327631789765,42.487670982587616,45.94756514783491,15.633397793357265,0.0,0.0,0.3122860985365805,162.01778000879406,16.155503745583946,15.784524620498116,0.0,0.0,0.0,0.0,0.0,0.0,0.0,0.0,0.8570657756417464,0.8097674945020117,1.1933893998502754,1.793555815529543,4.570591905022688,6.849302903719945,5.427657680664434,7.623507209063973,0.8570657756417464,1.1933893998502754,/home/aaa/data/qj/stable-baselines3-master/risk_curriculum_metadrive/outputs/tuned_ablation_no_action_guard_nenv16_seed0_1m/runs/no_action_guard_ppo_s0/config.json,/home/aaa/data/qj/stable-baselines3-master/risk_curriculum_metadrive/outputs/tuned_ablation_no_action_guard_nenv16_seed0_1m/runs/no_action_guard_ppo_s0/model/final_model.zip,results/ijmlc_control/raw_csv/p1_d015_nonmotion_parallel_20260701_1645_no_action_guard_s0_episodes.csv
no_action_guard,no_guard_negative_control,no_action_guard,ppo,0,0.15,10000,10002,2,0.0,1.0,0.1469671650879723,1.0,1.0,0.0,0.0,79.0,52.365284903337226,-808.6193530322425,35.86205063421509,40.97698968004275,9.339946939693188,0.0,1.0,0.1469671650879723,77.81435381717422,11.443634870046589,0.8130841619897056,0.502115007356976,0.5466666666666666,0.0,0.0,0.0,0.0,0.0,0.0,0.8733769732489121,0.8160779980244115,1.2307038006838409,1.4447925388230942,6.411428127107741,7.141026305907872,7.284805100356653,8.326172012311872,0.8733769732489121,1.2307038006838409,/home/aaa/data/qj/stable-baselines3-master/risk_curriculum_metadrive/outputs/tuned_ablation_no_action_guard_nenv16_seed0_1m/runs/no_action_guard_ppo_s0/config.json,/home/aaa/data/qj/stable-baselines3-master/risk_curriculum_metadrive/outputs/tuned_ablation_no_action_guard_nenv16_seed0_1m/runs/no_action_guard_ppo_s0/model/final_model.zip,results/ijmlc_control/raw_csv/p1_d015_nonmotion_parallel_20260701_1645_no_action_guard_s0_episodes.csv
no_action_guard,no_guard_negative_control,no_action_guard,ppo,0,0.15,10000,10003,3,0.0,1.0,0.2189573710763002,0.0,0.0,0.0,1.0,94.0,57.22960746987485,-887.3027026876898,39.08738423648879,47.15485340548078,11.333460495495562,0.0,0.0,0.2189573710763002,101.02823296302168,2.228623170807657,0.7262791085961338,0.1386010897757779,1.0,0.0,0.0,0.0,0.0,0.0,0.0,0.89084487355765,0.8421520033152774,1.254744258767459,1.765709041210355,3.304165893573651,3.8011210039258,4.195010767131301,5.159102899779099,0.89084487355765,1.254744258767459,/home/aaa/data/qj/stable-baselines3-master/risk_curriculum_metadrive/outputs/tuned_ablation_no_action_guard_nenv16_seed0_1m/runs/no_action_guard_ppo_s0/config.json,/home/aaa/data/qj/stable-baselines3-master/risk_curriculum_metadrive/outputs/tuned_ablation_no_action_guard_nenv16_seed0_1m/runs/no_action_guard_ppo_s0/model/final_model.zip,results/ijmlc_control/raw_csv/p1_d015_nonmotion_parallel_20260701_1645_no_action_guard_s0_episodes.csv
no_action_guard,no_guard_negative_control,no_action_guard,ppo,0,0.15,10000,10004,4,0.0,1.0,0.2156502215391628,1.0,1.0,0.0,0.0,109.0,66.6968690735982,-1054.9578268905557,39.42399858404204,42.77754759256059,13.043649155311964,0.0,0.0,0.2156502215391628,118.64463051852636,3.784184526096943,1.4288955380759505,0.2940439545994287,0.9523809523809524,0.0,0.0,0.0,0.0,0.0,0.0,0.8298111297168829,0.80942599743139,1.0532768064877018,1.2423572817351671,6.40295087127549,8.070904805208556,7.232762000992371,8.917172404471785,0.8298111297168829,1.0532768064877018,/home/aaa/data/qj/stable-baselines3-master/risk_curriculum_metadrive/outputs/tuned_ablation_no_action_guard_nenv16_seed0_1m/runs/no_action_guard_ppo_s0/config.json,/home/aaa/data/qj/stable-baselines3-master/risk_curriculum_metadrive/outputs/tuned_ablation_no_action_guard_nenv16_seed0_1m/runs/no_action_guard_ppo_s0/model/final_model.zip,results/ijmlc_control/raw_csv/p1_d015_nonmotion_parallel_20260701_1645_no_action_guard_s0_episodes.csv
no_action_guard,no_guard_negative_control,no_action_guard,ppo,0,0.15,10000,10005,5,0.0,1.0,0.3398510230965119,1.0,1.0,0.0,0.0,185.0,107.67606537772232,-891.1452992290533,33.12191084713811,37.366019187153775,20.20775282171775,0.0,0.0,0.3398510230965119,169.7776283802421,6.955896046746469,0.7326785739175536,0.1997153494031743,0.3132530120481928,0.0,0.0,0.0,0.0,0.0,0.0,0.8995635730743006,0.8784749952610582,1.2537045957287771,1.6238966496894136,6.6820703186503785,8.706394798355177,7.581633891724679,9.710316194104962,0.8995635730743006,1.2537045957287771,/home/aaa/data/qj/stable-baselines3-master/risk_curriculum_metadrive/outputs/tuned_ablation_no_action_guard_nenv16_seed0_1m/runs/no_action_guard_ppo_s0/config.json,/home/aaa/data/qj/stable-baselines3-master/risk_curriculum_metadrive/outputs/tuned_ablation_no_action_guard_nenv16_seed0_1m/runs/no_action_guard_ppo_s0/model/final_model.zip,results/ijmlc_control/raw_csv/p1_d015_nonmotion_parallel_20260701_1645_no_action_guard_s0_episodes.csv
no_action_guard,no_guard_negative_control,no_action_guard,ppo,0,0.15,10000,10006,6,0.0,1.0,0.1273270522486624,0.0,0.0,0.0,1.0,75.0,48.328284657489874,-682.9987960700714,37.79967194270461,41.98369054347082,9.314259886682311,0.0,1.0,0.1273270522486624,77.52187712472367,,,0.0,0.0,0.0,0.0,0.0,0.0,0.0,0.0,0.8398430926414827,0.7943029922898859,1.2527244922239331,1.641433469194456,4.224134478912068,4.933875500864815,5.063977571553551,5.985417793272063,0.8398430926414827,1.2527244922239331,/home/aaa/data/qj/stable-baselines3-master/risk_curriculum_metadrive/outputs/tuned_ablation_no_action_guard_nenv16_seed0_1m/runs/no_action_guard_ppo_s0/config.json,/home/aaa/data/qj/stable-baselines3-master/risk_curriculum_metadrive/outputs/tuned_ablation_no_action_guard_nenv16_seed0_1m/runs/no_action_guard_ppo_s0/model/final_model.zip,results/ijmlc_control/raw_csv/p1_d015_nonmotion_parallel_20260701_1645_no_action_guard_s0_episodes.csv
no_action_guard,no_guard_negative_control,no_action_guard,ppo,0,0.15,10000,10007,7,0.0,1.0,0.1306475320413406,1.0,1.0,0.0,0.0,95.0,73.59169846367203,-1124.8038680829973,40.13462280739024,48.20253910831723,10.478864218979156,0.0,1.0,0.1306475320413406,104.84894034944269,5.37649679341876,0.7635206899361227,0.4696239619172894,0.5125,0.0,0.0,0.0,0.0,0.0,0.0,0.9050622531886848,0.856093000038527,1.1950357045861892,2.1673952546552755,7.922880652078771,8.808967396907974,8.827942905267456,9.927226793661248,0.9050622531886848,1.1950357045861892,/home/aaa/data/qj/stable-baselines3-master/risk_curriculum_metadrive/outputs/tuned_ablation_no_action_guard_nenv16_seed0_1m/runs/no_action_guard_ppo_s0/config.json,/home/aaa/data/qj/stable-baselines3-master/risk_curriculum_metadrive/outputs/tuned_ablation_no_action_guard_nenv16_seed0_1m/runs/no_action_guard_ppo_s0/model/final_model.zip,results/ijmlc_control/raw_csv/p1_d015_nonmotion_parallel_20260701_1645_no_action_guard_s0_episodes.csv
no_action_guard,no_guard_negative_control,no_action_guard,ppo,0,0.15,10000,10008,8,0.0,1.0,0.1494108429171377,0.0,0.0,0.0,1.0,77.0,46.79159047595812,-545.9600553971549,34.618511809705474,41.15619140721496,9.117018688986157,0.0,1.0,0.1494108429171377,73.03803621062076,,,0.0,0.0,0.0,0.0,0.0,0.0,0.0,0.0,0.7935911551187443,0.7743110036244616,1.0403835942270236,1.1940371099626643,3.432799896071121,4.018789794645272,4.226391051189865,4.9101993994554505,0.7935911551187443,1.0403835942270236,/home/aaa/data/qj/stable-baselines3-master/risk_curriculum_metadrive/outputs/tuned_ablation_no_action_guard_nenv16_seed0_1m/runs/no_action_guard_ppo_s0/config.json,/home/aaa/data/qj/stable-baselines3-master/risk_curriculum_metadrive/outputs/tuned_ablation_no_action_guard_nenv16_seed0_1m/runs/no_action_guard_ppo_s0/model/final_model.zip,results/ijmlc_control/raw_csv/p1_d015_nonmotion_parallel_20260701_1645_no_action_guard_s0_episodes.csv
no_action_guard,no_guard_negative_control,no_action_guard,ppo,0,0.15,10000,10009,9,0.0,1.0,0.4097749700113088,1.0,1.0,0.0,0.0,177.0,104.66218223568777,-1548.0150419200909,38.98332883333277,40.91593539118142,19.827659603196235,0.0,0.0,0.4097749700113088,190.58896902686388,9.901752747676262,0.0681296757330672,0.3335095959777769,0.5229357798165137,0.0,0.0,0.0,0.0,0.0,0.0,0.8763929992278848,0.8331370045198128,1.1939490039367229,1.6217243589926529,4.757866276461647,5.414736401871778,5.634259275689532,6.384012999478728,0.8763929992278848,1.1939490039367229,/home/aaa/data/qj/stable-baselines3-master/risk_curriculum_metadrive/outputs/tuned_ablation_no_action_guard_nenv16_seed0_1m/runs/no_action_guard_ppo_s0/config.json,/home/aaa/data/qj/stable-baselines3-master/risk_curriculum_metadrive/outputs/tuned_ablation_no_action_guard_nenv16_seed0_1m/runs/no_action_guard_ppo_s0/model/final_model.zip,results/ijmlc_control/raw_csv/p1_d015_nonmotion_parallel_20260701_1645_no_action_guard_s0_episodes.csv
no_action_guard,no_guard_negative_control,no_action_guard,ppo,0,0.15,10000,10010,10,0.0,1.0,0.4077300490980867,1.0,1.0,0.0,0.0,306.0,120.17296835629068,-1158.711228977511,28.11020534187816,27.889811583488395,20.187127334067256,0.0032679738562091,0.0,0.4077300490980867,238.5117410852725,8.233250401440904,0.8111446642789093,0.2461392647171001,0.5693430656934306,0.0,0.0,0.0,0.0,0.0,0.0,0.8882891764906935,0.8592169979237951,1.1653842484520285,1.4926039424608453,9.23168060161117,11.193002996151336,10.119969778101863,12.20217800073442,0.8882891764906935,1.1653842484520285,/home/aaa/data/qj/stable-baselines3-master/risk_curriculum_metadrive/outputs/tuned_ablation_no_action_guard_nenv16_seed0_1m/runs/no_action_guard_ppo_s0/config.json,/home/aaa/data/qj/stable-baselines3-master/risk_curriculum_metadrive/outputs/tuned_ablation_no_action_guard_nenv16_seed0_1m/runs/no_action_guard_ppo_s0/model/final_model.zip,results/ijmlc_control/raw_csv/p1_d015_nonmotion_parallel_20260701_1645_no_action_guard_s0_episodes.csv
no_action_guard,no_guard_negative_control,no_action_guard,ppo,0,0.15,10000,10011,11,0.0,1.0,0.1456036181762698,1.0,1.0,0.0,0.0,89.0,56.81987402169791,-679.468929152228,34.21861816548957,41.23302800553923,10.592330136788396,0.0,1.0,0.1456036181762698,83.64710150045826,3.51561098077758,0.7866962427326484,0.3257115634720218,0.6829268292682927,0.0,0.0,0.0,0.0,0.0,0.0,0.9070125618083612,0.8088969916570932,1.323893200606107,1.974282199516893,6.393710291601739,7.200299599207938,7.300722853410099,8.269733190536499,0.9070125618083612,1.323893200606107,/home/aaa/data/qj/stable-baselines3-master/risk_curriculum_metadrive/outputs/tuned_ablation_no_action_guard_nenv16_seed0_1m/runs/no_action_guard_ppo_s0/config.json,/home/aaa/data/qj/stable-baselines3-master/risk_curriculum_metadrive/outputs/tuned_ablation_no_action_guard_nenv16_seed0_1m/runs/no_action_guard_ppo_s0/model/final_model.zip,results/ijmlc_control/raw_csv/p1_d015_nonmotion_parallel_20260701_1645_no_action_guard_s0_episodes.csv
no_action_guard,no_guard_negative_control,no_action_guard,ppo,0,0.15,10000,10012,12,0.0,1.0,0.1598849923395334,1.0,1.0,0.0,0.0,77.0,41.701512730145375,-677.8514999601989,35.55083422412382,40.31403747623718,9.121820095861112,0.0,1.0,0.1598849923395334,75.56443606662505,1.015720855726939,0.175961027268289,0.2139794638494752,1.0,0.0,0.0,0.0,0.0,0.0,0.0,0.8473554679023271,0.794328996562399,1.049531597527675,2.417592041310853,3.3278664027479805,3.967627402744256,4.175221870650308,4.936712604830973,0.8473554679023271,1.049531597527675,/home/aaa/data/qj/stable-baselines3-master/risk_curriculum_metadrive/outputs/tuned_ablation_no_action_guard_nenv16_seed0_1m/runs/no_action_guard_ppo_s0/config.json,/home/aaa/data/qj/stable-baselines3-master/risk_curriculum_metadrive/outputs/tuned_ablation_no_action_guard_nenv16_seed0_1m/runs/no_action_guard_ppo_s0/model/final_model.zip,results/ijmlc_control/raw_csv/p1_d015_nonmotion_parallel_20260701_1645_no_action_guard_s0_episodes.csv
no_action_guard,no_guard_negative_control,no_action_guard,ppo,0,0.15,10000,10013,13,0.0,1.0,0.1355477479941087,0.0,0.0,0.0,1.0,85.0,42.19718130239581,-686.0635649571033,37.25091445237786,45.86681792748746,10.103205264338389,0.0,1.0,0.1355477479941087,86.84984581026747,,,0.0,0.0,0.0,0.0,0.0,0.0,0.0,0.0,0.8467374119551524,0.766626006225124,1.1685553938150404,1.418022718280552,4.925045210984536,6.172833405435085,5.771782622939688,7.083123395568691,0.8467374119551524,1.1685553938150404,/home/aaa/data/qj/stable-baselines3-master/risk_curriculum_metadrive/outputs/tuned_ablation_no_action_guard_nenv16_seed0_1m/runs/no_action_guard_ppo_s0/config.json,/home/aaa/data/qj/stable-baselines3-master/risk_curriculum_metadrive/outputs/tuned_ablation_no_action_guard_nenv16_seed0_1m/runs/no_action_guard_ppo_s0/model/final_model.zip,results/ijmlc_control/raw_csv/p1_d015_nonmotion_parallel_20260701_1645_no_action_guard_s0_episodes.csv
no_action_guard,no_guard_negative_control,no_action_guard,ppo,0,0.15,10000,10014,14,0.0,1.0,0.0825606853669978,0.0,0.0,0.0,1.0,69.0,40.18192473720806,-546.2234776081273,34.35963993079579,36.75173653645561,8.31257736185442,0.0,1.0,0.0825606853669978,64.71366773103675,5.330864057225977,5.330864057225977,0.0080545120081811,0.0,0.0,0.0,0.0,0.0,0.0,0.0,0.8530563059468768,0.8310870034620166,1.082923001376912,1.422266160952853,7.93751272515468,9.470610594144093,8.790569031101557,10.45945120276883,0.8530563059468768,1.082923001376912,/home/aaa/data/qj/stable-baselines3-master/risk_curriculum_metadrive/outputs/tuned_ablation_no_action_guard_nenv16_seed0_1m/runs/no_action_guard_ppo_s0/config.json,/home/aaa/data/qj/stable-baselines3-master/risk_curriculum_metadrive/outputs/tuned_ablation_no_action_guard_nenv16_seed0_1m/runs/no_action_guard_ppo_s0/model/final_model.zip,results/ijmlc_control/raw_csv/p1_d015_nonmotion_parallel_20260701_1645_no_action_guard_s0_episodes.csv
no_action_guard,no_guard_negative_control,no_action_guard,ppo,0,0.15,10000,10015,15,0.0,1.0,0.1036574881500966,1.0,1.0,0.0,0.0,70.0,55.372921477946,-820.4996035078334,36.62043101305168,38.3402384966039,8.532383324366482,0.0,1.0,0.1036574881500966,69.79813451213579,10.078265792644288,0.4951042903496924,0.5357807979414372,0.5142857142857142,0.0,0.0,0.0,0.0,0.0,0.0,0.864349042863718,0.8277544984593987,1.147533846233273,1.423768719250802,4.98803775720132,5.5882631946587935,5.852386800065038,6.676582249929197,0.864349042863718,1.147533846233273,/home/aaa/data/qj/stable-baselines3-master/risk_curriculum_metadrive/outputs/tuned_ablation_no_action_guard_nenv16_seed0_1m/runs/no_action_guard_ppo_s0/config.json,/home/aaa/data/qj/stable-baselines3-master/risk_curriculum_metadrive/outputs/tuned_ablation_no_action_guard_nenv16_seed0_1m/runs/no_action_guard_ppo_s0/model/final_model.zip,results/ijmlc_control/raw_csv/p1_d015_nonmotion_parallel_20260701_1645_no_action_guard_s0_episodes.csv
no_action_guard,no_guard_negative_control,no_action_guard,ppo,0,0.15,10000,10016,16,0.0,1.0,0.3023295908942113,0.0,0.0,0.0,1.0,153.0,87.79754925004774,-958.5606417781232,37.15960724258703,38.4857684108253,16.00782135014544,0.0065359477124183,0.0,0.3023295908942113,157.31439083187038,,,0.0,0.0,0.0,0.0,0.0,0.0,0.0,0.0,0.8863484641206847,0.8462880068691447,1.2021132104564458,1.6644096787786111,4.959017764229109,5.884865994448774,5.845366228349793,6.896434602094814,0.8863484641206847,1.2021132104564458,/home/aaa/data/qj/stable-baselines3-master/risk_curriculum_metadrive/outputs/tuned_ablation_no_action_guard_nenv16_seed0_1m/runs/no_action_guard_ppo_s0/config.json,/home/aaa/data/qj/stable-baselines3-master/risk_curriculum_metadrive/outputs/tuned_ablation_no_action_guard_nenv16_seed0_1m/runs/no_action_guard_ppo_s0/model/final_model.zip,results/ijmlc_control/raw_csv/p1_d015_nonmotion_parallel_20260701_1645_no_action_guard_s0_episodes.csv
no_action_guard,no_guard_negative_control,no_action_guard,ppo,0,0.15,10000,10017,17,0.0,1.0,0.2017595210853797,1.0,1.0,0.0,0.0,156.0,83.83328183204281,-1237.8241625482628,37.02128799647738,37.825465759334826,17.619786173039017,0.0,0.0,0.2017595210853797,159.67541370734602,14.123040718423384,0.9114257446266936,0.2582135710825622,0.336734693877551,0.0,0.0,0.0,0.0,0.0,0.0,0.8321960127572171,0.803078495664522,1.1131250030302908,1.2169678033387747,7.366269076905715,9.159214754618006,8.198465089662932,10.13670824613655,0.8321960127572171,1.1131250030302908,/home/aaa/data/qj/stable-baselines3-master/risk_curriculum_metadrive/outputs/tuned_ablation_no_action_guard_nenv16_seed0_1m/runs/no_action_guard_ppo_s0/config.json,/home/aaa/data/qj/stable-baselines3-master/risk_curriculum_metadrive/outputs/tuned_ablation_no_action_guard_nenv16_seed0_1m/runs/no_action_guard_ppo_s0/model/final_model.zip,results/ijmlc_control/raw_csv/p1_d015_nonmotion_parallel_20260701_1645_no_action_guard_s0_episodes.csv
no_action_guard,no_guard_negative_control,no_action_guard,ppo,0,0.15,10000,10018,18,0.0,1.0,0.2325500271076781,1.0,1.0,0.0,0.0,96.0,66.69433592024588,-1007.4415962114168,37.78929503738761,46.62816699352366,11.35211628133817,0.0,0.0,0.2325500271076781,99.72907763810063,4.5972712848943775,1.0733142746486473,0.5401495873947124,0.6867469879518072,0.0,0.0,0.0,0.0,0.0,0.0,0.645393833565322,0.5829959991388023,0.8923132518248167,1.0590217563731128,3.55800087542472,4.356680503406096,4.203394708990042,5.023596753744641,0.645393833565322,0.8923132518248167,/home/aaa/data/qj/stable-baselines3-master/risk_curriculum_metadrive/outputs/tuned_ablation_no_action_guard_nenv16_seed0_1m/runs/no_action_guard_ppo_s0/config.json,/home/aaa/data/qj/stable-baselines3-master/risk_curriculum_metadrive/outputs/tuned_ablation_no_action_guard_nenv16_seed0_1m/runs/no_action_guard_ppo_s0/model/final_model.zip,results/ijmlc_control/raw_csv/p1_d015_nonmotion_parallel_20260701_1645_no_action_guard_s0_episodes.csv
no_action_guard,no_guard_negative_control,no_action_guard,ppo,0,0.15,10000,10019,19,0.0,1.0,0.2854568947037995,1.0,1.0,0.0,0.0,230.0,138.27415291353637,-1047.5848552824164,33.63990985938945,33.830542968982016,25.33124785702114,0.0,0.0,0.2854568947037995,214.1725207626408,3.588297679511802,1.3050550203317608,0.1584813480671689,0.8269230769230769,0.0,0.0,0.0,0.0,0.0,0.0,0.6880089918369144,0.6911855016369373,0.973451301979366,1.071619322465267,4.401258338538869,6.798663600056898,5.089267330375783,7.677414650243008,0.6880089918369144,0.973451301979366,/home/aaa/data/qj/stable-baselines3-master/risk_curriculum_metadrive/outputs/tuned_ablation_no_action_guard_nenv16_seed0_1m/runs/no_action_guard_ppo_s0/config.json,/home/aaa/data/qj/stable-baselines3-master/risk_curriculum_metadrive/outputs/tuned_ablation_no_action_guard_nenv16_seed0_1m/runs/no_action_guard_ppo_s0/model/final_model.zip,results/ijmlc_control/raw_csv/p1_d015_nonmotion_parallel_20260701_1645_no_action_guard_s0_episodes.csv
no_action_guard,no_guard_negative_control,no_action_guard,ppo,0,0.15,20000,20000,0,0.0,1.0,0.2855715261343365,0.0,0.0,0.0,1.0,96.0,64.58823686384395,-783.9391682746044,37.58382776516482,45.21787849126958,11.108627432413227,0.0,0.0,0.2855715261343365,99.25938280863224,7.018919377127669,3.455649718612776,0.1210679318059247,0.1428571428571428,0.0,0.0,0.0,0.0,0.0,0.0,0.8505943754547237,0.8354575038538314,1.1530532574397512,1.266766651679063,3.103787156608936,3.7936722474114495,3.954381532063659,4.829419005545788,0.8505943754547237,1.1530532574397512,/home/aaa/data/qj/stable-baselines3-master/risk_curriculum_metadrive/outputs/tuned_ablation_no_action_guard_nenv16_seed0_1m/runs/no_action_guard_ppo_s0/config.json,/home/aaa/data/qj/stable-baselines3-master/risk_curriculum_metadrive/outputs/tuned_ablation_no_action_guard_nenv16_seed0_1m/runs/no_action_guard_ppo_s0/model/final_model.zip,results/ijmlc_control/raw_csv/p1_d015_nonmotion_parallel_20260701_1645_no_action_guard_s0_episodes.csv
no_action_guard,no_guard_negative_control,no_action_guard,ppo,0,0.15,20000,20001,1,0.0,1.0,0.3206477019577555,1.0,1.0,0.0,0.0,198.0,95.70666270008,-805.8821050270474,29.93198140384217,28.534933014084476,19.96445516227921,0.0,0.0,0.3206477019577555,164.13813488180483,21.01017010631888,0.2880564165886816,0.1935535217305694,0.32,0.0,0.0,0.0,0.0,0.0,0.0,0.8566217124226945,0.825680501293391,1.1560453473066443,1.323521884332877,4.956464308156453,6.226863454503473,5.813086020579148,7.034051945083773,0.8566217124226945,1.1560453473066443,/home/aaa/data/qj/stable-baselines3-master/risk_curriculum_metadrive/outputs/tuned_ablation_no_action_guard_nenv16_seed0_1m/runs/no_action_guard_ppo_s0/config.json,/home/aaa/data/qj/stable-baselines3-master/risk_curriculum_metadrive/outputs/tuned_ablation_no_action_guard_nenv16_seed0_1m/runs/no_action_guard_ppo_s0/model/final_model.zip,results/ijmlc_control/raw_csv/p1_d015_nonmotion_parallel_20260701_1645_no_action_guard_s0_episodes.csv
no_action_guard,no_guard_negative_control,no_action_guard,ppo,0,0.15,20000,20002,2,0.0,1.0,0.4597661146731526,1.0,1.0,0.0,0.0,243.0,127.1246000301342,-1126.9430143064214,34.16338656131668,36.98108524434066,20.208239348336825,0.0,0.0,0.4597661146731526,230.2311574931072,18.46388715130854,0.434780417750834,0.0998616853892002,0.45,0.0,0.0,0.0,0.0,0.0,0.0,0.8952234732873409,0.8614570106146857,1.23022510233568,1.7429424516740244,6.419095938566328,8.012316506938078,7.31431941185367,8.97547260101419,0.8952234732873409,1.23022510233568,/home/aaa/data/qj/stable-baselines3-master/risk_curriculum_metadrive/outputs/tuned_ablation_no_action_guard_nenv16_seed0_1m/runs/no_action_guard_ppo_s0/config.json,/home/aaa/data/qj/stable-baselines3-master/risk_curriculum_metadrive/outputs/tuned_ablation_no_action_guard_nenv16_seed0_1m/runs/no_action_guard_ppo_s0/model/final_model.zip,results/ijmlc_control/raw_csv/p1_d015_nonmotion_parallel_20260701_1645_no_action_guard_s0_episodes.csv
no_action_guard,no_guard_negative_control,no_action_guard,ppo,0,0.15,20000,20003,3,0.0,1.0,0.0843374597161974,1.0,1.0,0.0,0.0,67.0,34.483985926725374,-521.6385630860142,28.82015591849906,32.139569655740104,7.718061722211594,0.0,1.0,0.0843374597161974,53.083184745103736,12.479587182900511,0.5374235371454421,0.4779813498117332,0.5573770491803278,0.0,0.0,0.0,0.0,0.0,0.0,0.9097962524244952,0.8553579973522574,1.3140918934368522,1.9057208381127584,6.393541940296792,7.234225804859307,7.303338192721287,8.271895196230616,0.9097962524244952,1.3140918934368522,/home/aaa/data/qj/stable-baselines3-master/risk_curriculum_metadrive/outputs/tuned_ablation_no_action_guard_nenv16_seed0_1m/runs/no_action_guard_ppo_s0/config.json,/home/aaa/data/qj/stable-baselines3-master/risk_curriculum_metadrive/outputs/tuned_ablation_no_action_guard_nenv16_seed0_1m/runs/no_action_guard_ppo_s0/model/final_model.zip,results/ijmlc_control/raw_csv/p1_d015_nonmotion_parallel_20260701_1645_no_action_guard_s0_episodes.csv
no_action_guard,no_guard_negative_control,no_action_guard,ppo,0,0.15,20000,20004,4,0.0,1.0,0.1769277987130595,1.0,1.0,0.0,0.0,91.0,59.03173731364922,-801.0372872322281,34.341725381970086,40.25203608782684,10.236251651684965,0.0,1.0,0.1769277987130595,85.9175048055984,10.924057561100724,1.392484121573467,0.5017985521738086,0.5581395348837209,0.0,0.0,0.0,0.0,0.0,0.0,0.8224035051311008,0.7948810089146718,1.0331924931961112,1.600548997521397,4.151942703334338,4.797150497324765,4.974346208465439,5.692632010322996,0.8224035051311008,1.0331924931961112,/home/aaa/data/qj/stable-baselines3-master/risk_curriculum_metadrive/outputs/tuned_ablation_no_action_guard_nenv16_seed0_1m/runs/no_action_guard_ppo_s0/config.json,/home/aaa/data/qj/stable-baselines3-master/risk_curriculum_metadrive/outputs/tuned_ablation_no_action_guard_nenv16_seed0_1m/runs/no_action_guard_ppo_s0/model/final_model.zip,results/ijmlc_control/raw_csv/p1_d015_nonmotion_parallel_20260701_1645_no_action_guard_s0_episodes.csv
no_action_guard,no_guard_negative_control,no_action_guard,ppo,0,0.15,20000,20005,5,0.0,1.0,0.4088092395371011,0.0,0.0,0.0,1.0,295.0,118.589732351313,-1392.659017311125,32.17578754992844,31.79408531598794,26.062651624685973,0.0,0.0,0.4088092395371011,262.9104963061196,12.691831461652708,1.9247712861188515,0.2222224961682375,0.4267515923566879,0.0,0.0,0.0,0.0,0.0,0.0,0.8861880000163722,0.8386539993807673,1.210382596764248,1.89251428062562,8.602934315015357,9.418746999290306,9.489122315031729,10.408261900010984,0.8861880000163722,1.210382596764248,/home/aaa/data/qj/stable-baselines3-master/risk_curriculum_metadrive/outputs/tuned_ablation_no_action_guard_nenv16_seed0_1m/runs/no_action_guard_ppo_s0/config.json,/home/aaa/data/qj/stable-baselines3-master/risk_curriculum_metadrive/outputs/tuned_ablation_no_action_guard_nenv16_seed0_1m/runs/no_action_guard_ppo_s0/model/final_model.zip,results/ijmlc_control/raw_csv/p1_d015_nonmotion_parallel_20260701_1645_no_action_guard_s0_episodes.csv
no_action_guard,no_guard_negative_control,no_action_guard,ppo,0,0.15,20000,20006,6,0.0,1.0,0.185192002481342,0.0,0.0,0.0,1.0,115.0,54.40099130813533,-811.8158024891939,35.132956226252595,37.907139873372586,12.221937230119638,0.008695652173913,1.0,0.185192002481342,111.62125534651544,1.966998384248656,1.0263638639187636,0.1163246564145083,1.0,0.0,0.0,0.0,0.0,0.0,0.0,0.8912066433011837,0.8274400024674833,1.2621239991858602,1.7880649652215652,5.080194373326578,6.031841703224927,5.9714010166277625,7.028682706004474,0.8912066433011837,1.2621239991858602,/home/aaa/data/qj/stable-baselines3-master/risk_curriculum_metadrive/outputs/tuned_ablation_no_action_guard_nenv16_seed0_1m/runs/no_action_guard_ppo_s0/config.json,/home/aaa/data/qj/stable-baselines3-master/risk_curriculum_metadrive/outputs/tuned_ablation_no_action_guard_nenv16_seed0_1m/runs/no_action_guard_ppo_s0/model/final_model.zip,results/ijmlc_control/raw_csv/p1_d015_nonmotion_parallel_20260701_1645_no_action_guard_s0_episodes.csv
no_action_guard,no_guard_negative_control,no_action_guard,ppo,0,0.15,20000,20007,7,0.0,1.0,0.2877265618402108,0.0,0.0,0.0,1.0,123.0,64.74530739558858,-1041.368316313223,36.977021477756615,41.19188991667375,13.565635417416944,0.0,0.0,0.2877265618402108,125.44477251187176,10.842775866886967,1.6111574851912007,0.3577946317829443,0.4659090909090909,0.0,0.0,0.0,0.0,0.0,0.0,0.8906796747322641,0.8319690095959231,1.1778976913774384,2.017892920412124,4.530034145947008,5.46109109709505,5.420713820679272,6.437693399493583,0.8906796747322641,1.1778976913774384,/home/aaa/data/qj/stable-baselines3-master/risk_curriculum_metadrive/outputs/tuned_ablation_no_action_guard_nenv16_seed0_1m/runs/no_action_guard_ppo_s0/config.json,/home/aaa/data/qj/stable-baselines3-master/risk_curriculum_metadrive/outputs/tuned_ablation_no_action_guard_nenv16_seed0_1m/runs/no_action_guard_ppo_s0/model/final_model.zip,results/ijmlc_control/raw_csv/p1_d015_nonmotion_parallel_20260701_1645_no_action_guard_s0_episodes.csv
no_action_guard,no_guard_negative_control,no_action_guard,ppo,0,0.15,20000,20008,8,0.0,1.0,0.2982385164541561,1.0,1.0,0.0,0.0,212.0,89.88640513708776,-1505.6041382720791,36.2667222108328,33.81872870300755,21.88655975613337,0.0,0.0,0.2982385164541561,213.00760957345292,7.23757236083202,0.6640046220450905,0.087129213416176,0.4722222222222222,0.0,0.0,0.0,0.0,0.0,0.0,0.9300836034801148,0.8882910042302683,1.3009724047151394,1.7329549432906777,7.7687361698959,10.554775198397692,8.698819773376014,11.555908303853355,0.9300836034801148,1.3009724047151394,/home/aaa/data/qj/stable-baselines3-master/risk_curriculum_metadrive/outputs/tuned_ablation_no_action_guard_nenv16_seed0_1m/runs/no_action_guard_ppo_s0/config.json,/home/aaa/data/qj/stable-baselines3-master/risk_curriculum_metadrive/outputs/tuned_ablation_no_action_guard_nenv16_seed0_1m/runs/no_action_guard_ppo_s0/model/final_model.zip,results/ijmlc_control/raw_csv/p1_d015_nonmotion_parallel_20260701_1645_no_action_guard_s0_episodes.csv
no_action_guard,no_guard_negative_control,no_action_guard,ppo,0,0.15,20000,20009,9,0.0,1.0,0.4260459617433419,0.0,0.0,0.0,1.0,202.0,92.6986030229784,-877.4263411737012,32.21721782037522,32.448932689746954,19.25460422568772,0.0,0.0,0.4260459617433419,180.3064087329064,5.1925397035083565,3.811040750162708,0.0084250746243708,0.6666666666666666,0.0,0.0,0.0,0.0,0.0,0.0,0.8904254898898036,0.8412869938183576,1.2020760965242514,2.0029280366725306,6.08728375282406,7.314524846879067,6.977709242713863,8.289538737153634,0.8904254898898036,1.2020760965242514,/home/aaa/data/qj/stable-baselines3-master/risk_curriculum_metadrive/outputs/tuned_ablation_no_action_guard_nenv16_seed0_1m/runs/no_action_guard_ppo_s0/config.json,/home/aaa/data/qj/stable-baselines3-master/risk_curriculum_metadrive/outputs/tuned_ablation_no_action_guard_nenv16_seed0_1m/runs/no_action_guard_ppo_s0/model/final_model.zip,results/ijmlc_control/raw_csv/p1_d015_nonmotion_parallel_20260701_1645_no_action_guard_s0_episodes.csv
no_action_guard,no_guard_negative_control,no_action_guard,ppo,0,0.15,20000,20010,10,0.0,1.0,0.1534248909003292,1.0,1.0,0.0,0.0,71.0,50.83568625663232,-468.13181797937744,33.533887048777906,36.86374632307332,8.243886775283823,0.0,1.0,0.1534248909003292,65.02062757476901,,,0.0,0.0,0.0,0.0,0.0,0.0,0.0,0.0,0.7920623234305925,0.7350980013143271,1.0717509940150194,1.6280238982290025,2.694634774586671,3.1884069976513274,3.486697098017264,4.197518996079452,0.7920623234305925,1.0717509940150194,/home/aaa/data/qj/stable-baselines3-master/risk_curriculum_metadrive/outputs/tuned_ablation_no_action_guard_nenv16_seed0_1m/runs/no_action_guard_ppo_s0/config.json,/home/aaa/data/qj/stable-baselines3-master/risk_curriculum_metadrive/outputs/tuned_ablation_no_action_guard_nenv16_seed0_1m/runs/no_action_guard_ppo_s0/model/final_model.zip,results/ijmlc_control/raw_csv/p1_d015_nonmotion_parallel_20260701_1645_no_action_guard_s0_episodes.csv
no_action_guard,no_guard_negative_control,no_action_guard,ppo,0,0.15,20000,20011,11,0.0,1.0,0.4767775951439993,1.0,1.0,0.0,0.0,236.0,148.34401899481026,-1926.925684964136,40.52169620440005,41.46114841336804,25.652090868702864,0.0,0.0,0.4767775951439993,264.94929121195975,22.21631061659475,0.3171649033996714,0.1808645727893758,0.5443037974683544,0.0,0.0,0.0,0.0,0.0,0.0,0.8595792626122494,0.8121829960145988,1.1531122472661082,1.820849448995432,10.42931624964448,12.851211493398296,11.288895512256728,13.725310505833477,0.8595792626122494,1.1531122472661082,/home/aaa/data/qj/stable-baselines3-master/risk_curriculum_metadrive/outputs/tuned_ablation_no_action_guard_nenv16_seed0_1m/runs/no_action_guard_ppo_s0/config.json,/home/aaa/data/qj/stable-baselines3-master/risk_curriculum_metadrive/outputs/tuned_ablation_no_action_guard_nenv16_seed0_1m/runs/no_action_guard_ppo_s0/model/final_model.zip,results/ijmlc_control/raw_csv/p1_d015_nonmotion_parallel_20260701_1645_no_action_guard_s0_episodes.csv
no_action_guard,no_guard_negative_control,no_action_guard,ppo,0,0.15,20000,20012,12,0.0,1.0,0.1299650682551181,0.0,0.0,0.0,1.0,77.0,39.31754489138193,-613.8837137300138,35.708955103313144,40.61891512382739,8.989546458954957,0.0,1.0,0.1299650682551181,75.21467723217526,,,0.0,0.0,0.0,0.0,0.0,0.0,0.0,0.0,0.8657607017462928,0.8063340064836666,1.225096598500386,1.951036206446586,3.830754337038591,4.498140199575573,4.696515038784884,5.444780399557203,0.8657607017462928,1.225096598500386,/home/aaa/data/qj/stable-baselines3-master/risk_curriculum_metadrive/outputs/tuned_ablation_no_action_guard_nenv16_seed0_1m/runs/no_action_guard_ppo_s0/config.json,/home/aaa/data/qj/stable-baselines3-master/risk_curriculum_metadrive/outputs/tuned_ablation_no_action_guard_nenv16_seed0_1m/runs/no_action_guard_ppo_s0/model/final_model.zip,results/ijmlc_control/raw_csv/p1_d015_nonmotion_parallel_20260701_1645_no_action_guard_s0_episodes.csv
no_action_guard,no_guard_negative_control,no_action_guard,ppo,0,0.15,20000,20013,13,0.0,1.0,0.1106631005470958,0.0,0.0,0.0,1.0,82.0,50.50475972954818,-658.0467250572035,36.3176563660361,40.81773742605069,9.008358212709282,0.0121951219512195,1.0,0.1106631005470958,81.58861116930677,,,0.0,0.0,0.0,0.0,0.0,0.0,0.0,0.0,0.8297806945359675,0.7919074996607378,1.1050819055526515,1.1387157189892605,4.970489158905566,5.343850456119981,5.800269853441533,6.341779115609825,0.8297806945359675,1.1050819055526515,/home/aaa/data/qj/stable-baselines3-master/risk_curriculum_metadrive/outputs/tuned_ablation_no_action_guard_nenv16_seed0_1m/runs/no_action_guard_ppo_s0/config.json,/home/aaa/data/qj/stable-baselines3-master/risk_curriculum_metadrive/outputs/tuned_ablation_no_action_guard_nenv16_seed0_1m/runs/no_action_guard_ppo_s0/model/final_model.zip,results/ijmlc_control/raw_csv/p1_d015_nonmotion_parallel_20260701_1645_no_action_guard_s0_episodes.csv
no_action_guard,no_guard_negative_control,no_action_guard,ppo,0,0.15,20000,20014,14,0.0,1.0,0.1222796523556009,1.0,1.0,0.0,0.0,76.0,37.80600362144288,-577.2529137007143,29.914551047706677,34.8042145368896,8.39093726602269,0.0131578947368421,1.0,0.1222796523556009,62.453993988810446,12.26850568842737,1.0207263928570431,0.4606743085262743,0.5909090909090909,0.0,0.0,0.0,0.0,0.0,0.0,0.8489057639197103,0.8093325013760477,1.1299754987703636,1.1543510008777955,4.569608605379472,5.288447999191703,5.4185143692991815,6.279722001636401,0.8489057639197103,1.1299754987703636,/home/aaa/data/qj/stable-baselines3-master/risk_curriculum_metadrive/outputs/tuned_ablation_no_action_guard_nenv16_seed0_1m/runs/no_action_guard_ppo_s0/config.json,/home/aaa/data/qj/stable-baselines3-master/risk_curriculum_metadrive/outputs/tuned_ablation_no_action_guard_nenv16_seed0_1m/runs/no_action_guard_ppo_s0/model/final_model.zip,results/ijmlc_control/raw_csv/p1_d015_nonmotion_parallel_20260701_1645_no_action_guard_s0_episodes.csv
no_action_guard,no_guard_negative_control,no_action_guard,ppo,0,0.15,20000,20015,15,0.0,1.0,0.1250059544994521,0.0,0.0,0.0,1.0,89.0,41.127527829904,-746.1544499705368,36.95444421969698,45.38951100153559,10.543039107923391,0.0,1.0,0.1250059544994521,90.25299504375506,2.0800997955944176,1.989047509144428,0.0278648882146224,1.0,0.0,0.0,0.0,0.0,0.0,0.0,0.8572969437521892,0.8340290078194812,1.1535915953572833,1.5583524043904622,3.6576186629532823,4.3120014044689015,4.514915606705472,5.274789800751023,0.8572969437521892,1.1535915953572833,/home/aaa/data/qj/stable-baselines3-master/risk_curriculum_metadrive/outputs/tuned_ablation_no_action_guard_nenv16_seed0_1m/runs/no_action_guard_ppo_s0/config.json,/home/aaa/data/qj/stable-baselines3-master/risk_curriculum_metadrive/outputs/tuned_ablation_no_action_guard_nenv16_seed0_1m/runs/no_action_guard_ppo_s0/model/final_model.zip,results/ijmlc_control/raw_csv/p1_d015_nonmotion_parallel_20260701_1645_no_action_guard_s0_episodes.csv
no_action_guard,no_guard_negative_control,no_action_guard,ppo,0,0.15,20000,20016,16,0.0,1.0,0.3572420049540516,1.0,1.0,0.0,0.0,277.0,140.34414164907048,-1286.6118409375192,33.180368212355745,33.50587857601195,27.165112600422475,0.0,0.0,0.3572420049540516,254.64905767391895,17.217317265875835,0.0189884613734383,0.2216430086012916,0.3655172413793103,0.0,0.0,0.0,0.0,0.0,0.0,0.798204014406015,0.763206000556238,1.1801487940829247,1.3891523180063816,5.643060671332433,7.507878408068791,6.441264685738449,8.496090798871592,0.798204014406015,1.1801487940829247,/home/aaa/data/qj/stable-baselines3-master/risk_curriculum_metadrive/outputs/tuned_ablation_no_action_guard_nenv16_seed0_1m/runs/no_action_guard_ppo_s0/config.json,/home/aaa/data/qj/stable-baselines3-master/risk_curriculum_metadrive/outputs/tuned_ablation_no_action_guard_nenv16_seed0_1m/runs/no_action_guard_ppo_s0/model/final_model.zip,results/ijmlc_control/raw_csv/p1_d015_nonmotion_parallel_20260701_1645_no_action_guard_s0_episodes.csv
no_action_guard,no_guard_negative_control,no_action_guard,ppo,0,0.15,20000,20017,17,0.0,1.0,0.1133224121622816,0.0,0.0,0.0,1.0,69.0,39.43677633210333,-537.5438947175426,34.196848831665704,36.38094080781476,8.21027661966852,0.0,1.0,0.1133224121622816,64.3938822062993,,,0.0,0.0,0.0,0.0,0.0,0.0,0.0,0.0,0.7569475506054426,0.7136310014175251,1.086793799186125,1.323458640836179,3.8344944918788015,5.072299600578844,4.591442042484245,6.018623194540851,0.7569475506054426,1.086793799186125,/home/aaa/data/qj/stable-baselines3-master/risk_curriculum_metadrive/outputs/tuned_ablation_no_action_guard_nenv16_seed0_1m/runs/no_action_guard_ppo_s0/config.json,/home/aaa/data/qj/stable-baselines3-master/risk_curriculum_metadrive/outputs/tuned_ablation_no_action_guard_nenv16_seed0_1m/runs/no_action_guard_ppo_s0/model/final_model.zip,results/ijmlc_control/raw_csv/p1_d015_nonmotion_parallel_20260701_1645_no_action_guard_s0_episodes.csv
no_action_guard,no_guard_negative_control,no_action_guard,ppo,0,0.15,20000,20018,18,0.0,1.0,0.1261741119938495,0.0,0.0,0.0,1.0,129.0,44.07285187242519,-758.6519691132369,32.63561471756584,33.379265810707416,14.274554464379417,0.0,1.0,0.1261741119938495,116.37083092560869,3.3429955988653144,3.283293368841685,0.0167771403122765,1.0,0.0,0.0,0.0,0.0,0.0,0.0,0.7561979303903545,0.7199619867606089,1.090692399884574,1.2843246391275898,4.536916155281455,9.341128397500142,5.293114085671809,10.257473005913198,0.7561979303903545,1.090692399884574,/home/aaa/data/qj/stable-baselines3-master/risk_curriculum_metadrive/outputs/tuned_ablation_no_action_guard_nenv16_seed0_1m/runs/no_action_guard_ppo_s0/config.json,/home/aaa/data/qj/stable-baselines3-master/risk_curriculum_metadrive/outputs/tuned_ablation_no_action_guard_nenv16_seed0_1m/runs/no_action_guard_ppo_s0/model/final_model.zip,results/ijmlc_control/raw_csv/p1_d015_nonmotion_parallel_20260701_1645_no_action_guard_s0_episodes.csv
no_action_guard,no_guard_negative_control,no_action_guard,ppo,0,0.15,20000,20019,19,0.0,1.0,0.1080285535876705,0.0,0.0,0.0,1.0,71.0,32.25531859861216,-569.6113129598402,30.75449704202376,36.1949117227833,8.054260211798915,0.0,1.0,0.1080285535876705,59.68841372066981,12.625438724781612,2.2442032466063777,0.3661631884984514,0.4561403508771929,0.0,0.0,0.0,0.0,0.0,0.0,0.6578301131220299,0.629265996394679,0.8937155071180314,1.2668849914916764,3.0612963519032887,3.616078000050038,3.7191264650253184,4.4773205081583,0.6578301131220299,0.8937155071180314,/home/aaa/data/qj/stable-baselines3-master/risk_curriculum_metadrive/outputs/tuned_ablation_no_action_guard_nenv16_seed0_1m/runs/no_action_guard_ppo_s0/config.json,/home/aaa/data/qj/stable-baselines3-master/risk_curriculum_metadrive/outputs/tuned_ablation_no_action_guard_nenv16_seed0_1m/runs/no_action_guard_ppo_s0/model/final_model.zip,results/ijmlc_control/raw_csv/p1_d015_nonmotion_parallel_20260701_1645_no_action_guard_s0_episodes.csv
no_action_guard,no_guard_negative_control,no_action_guard,ppo,1,0.15,10000,10000,0,0.0,1.0,0.347307549315789,1.0,1.0,0.0,0.0,166.0,84.74902241422095,-1402.9404567145934,40.04415573547618,43.53055247574224,18.30105402905204,0.0,0.0,0.347307549315789,183.98571446948608,4.25323383710812,0.5817002724437877,0.1594597593136504,0.6585365853658537,0.0,0.0,0.0,0.0,0.0,0.0,2.705069036147254,0.799924491730053,1.3789752483717166,8.710172653809423,8.979981669073318,11.691381005221048,11.685050705220572,12.635333765501857,2.705069036147254,1.3789752483717166,/home/aaa/data/qj/stable-baselines3-master/risk_curriculum_metadrive/outputs/tuned_ablation_no_action_guard_nenv16_seed1_1m/runs/no_action_guard_ppo_s1/config.json,/home/aaa/data/qj/stable-baselines3-master/risk_curriculum_metadrive/outputs/tuned_ablation_no_action_guard_nenv16_seed1_1m/runs/no_action_guard_ppo_s1/model/final_model.zip,results/ijmlc_control/raw_csv/p1_d015_nonmotion_parallel_20260701_1645_no_action_guard_s1_episodes.csv
no_action_guard,no_guard_negative_control,no_action_guard,ppo,1,0.15,10000,10001,1,0.0,1.0,0.3453544848043775,1.0,1.0,0.0,0.0,182.0,81.09160764330623,-1452.3230204850065,38.96508117732692,41.84683588307603,20.315285465677263,0.0,0.0,0.3453544848043775,196.27669299611236,8.477645030180824,0.8932791646692874,0.2564058764599545,0.6666666666666666,0.0,0.0,0.0,0.0,0.0,0.0,0.9044622251627056,0.8663670014357194,1.2463330036553084,1.5304737811675275,5.870587033044373,7.474277650180738,6.775049258207078,8.431537939031841,0.9044622251627056,1.2463330036553084,/home/aaa/data/qj/stable-baselines3-master/risk_curriculum_metadrive/outputs/tuned_ablation_no_action_guard_nenv16_seed1_1m/runs/no_action_guard_ppo_s1/config.json,/home/aaa/data/qj/stable-baselines3-master/risk_curriculum_metadrive/outputs/tuned_ablation_no_action_guard_nenv16_seed1_1m/runs/no_action_guard_ppo_s1/model/final_model.zip,results/ijmlc_control/raw_csv/p1_d015_nonmotion_parallel_20260701_1645_no_action_guard_s1_episodes.csv
no_action_guard,no_guard_negative_control,no_action_guard,ppo,1,0.15,10000,10002,2,0.0,1.0,0.1027812159105795,1.0,1.0,0.0,0.0,61.0,38.12142641471069,-603.4538284043563,31.729725635962374,32.22329390201367,7.210491412075045,0.0,1.0,0.1027812159105795,52.7959343420587,11.487564837058269,0.610844382308161,0.513151588368731,0.559322033898305,0.0,0.0,0.0,0.0,0.0,0.0,0.8690212784071651,0.8059799874899909,1.1272929987171665,1.6832429915666574,6.3633028521359,7.286424006451853,7.232324130543064,8.333214005688205,0.8690212784071651,1.1272929987171665,/home/aaa/data/qj/stable-baselines3-master/risk_curriculum_metadrive/outputs/tuned_ablation_no_action_guard_nenv16_seed1_1m/runs/no_action_guard_ppo_s1/config.json,/home/aaa/data/qj/stable-baselines3-master/risk_curriculum_metadrive/outputs/tuned_ablation_no_action_guard_nenv16_seed1_1m/runs/no_action_guard_ppo_s1/model/final_model.zip,results/ijmlc_control/raw_csv/p1_d015_nonmotion_parallel_20260701_1645_no_action_guard_s1_episodes.csv
no_action_guard,no_guard_negative_control,no_action_guard,ppo,1,0.15,10000,10003,3,0.0,1.0,0.2629302233865697,0.0,0.0,0.0,1.0,101.0,79.87622254385298,-1146.750978037962,43.55960051058957,54.36496101438089,12.10494447738145,0.0,0.0,0.2629302233865697,120.92883610009876,2.327431616296192,0.8150497293865452,0.0798066698325396,1.0,0.0,0.0,0.0,0.0,0.0,0.0,0.898687990634739,0.821309004095383,1.2197429896332324,1.7992780049098656,3.479329920587093,4.702097998233512,4.378017911221832,5.5074150004656985,0.898687990634739,1.2197429896332324,/home/aaa/data/qj/stable-baselines3-master/risk_curriculum_metadrive/outputs/tuned_ablation_no_action_guard_nenv16_seed1_1m/runs/no_action_guard_ppo_s1/config.json,/home/aaa/data/qj/stable-baselines3-master/risk_curriculum_metadrive/outputs/tuned_ablation_no_action_guard_nenv16_seed1_1m/runs/no_action_guard_ppo_s1/model/final_model.zip,results/ijmlc_control/raw_csv/p1_d015_nonmotion_parallel_20260701_1645_no_action_guard_s1_episodes.csv
no_action_guard,no_guard_negative_control,no_action_guard,ppo,1,0.15,10000,10004,4,0.0,1.0,0.2740241882299819,1.0,1.0,0.0,0.0,136.0,89.77740768602004,-1174.857268255892,40.56575044898489,45.24401071690664,16.036202694817774,0.0,0.0,0.2740241882299819,152.3799563321634,4.184019995923554,1.3405564202037152,0.1824647255093368,0.8157894736842105,0.0,0.0,0.0,0.0,0.0,0.0,0.929373544161482,0.8521624986315146,1.477991747378837,1.8661057954886944,6.922959544253365,8.549462996597867,7.852333088414846,9.580142992490437,0.929373544161482,1.477991747378837,/home/aaa/data/qj/stable-baselines3-master/risk_curriculum_metadrive/outputs/tuned_ablation_no_action_guard_nenv16_seed1_1m/runs/no_action_guard_ppo_s1/config.json,/home/aaa/data/qj/stable-baselines3-master/risk_curriculum_metadrive/outputs/tuned_ablation_no_action_guard_nenv16_seed1_1m/runs/no_action_guard_ppo_s1/model/final_model.zip,results/ijmlc_control/raw_csv/p1_d015_nonmotion_parallel_20260701_1645_no_action_guard_s1_episodes.csv
no_action_guard,no_guard_negative_control,no_action_guard,ppo,1,0.15,10000,10005,5,0.0,1.0,0.3422995766851479,1.0,1.0,0.0,0.0,151.0,94.8235289629726,-1536.1664103175267,41.03223433389564,44.56067027354462,17.315923261864743,0.0,0.0,0.3422995766851479,171.2654429327256,4.180825150749412,0.0399523683138209,0.4021454482081215,0.6630434782608695,0.0,0.0,0.0,0.0,0.0,0.0,0.8918046291157393,0.8599220018368214,1.2220029966556467,1.5908829955151305,6.603280522853648,8.753643494856078,7.495085151969388,9.640940006647725,0.8918046291157393,1.2220029966556467,/home/aaa/data/qj/stable-baselines3-master/risk_curriculum_metadrive/outputs/tuned_ablation_no_action_guard_nenv16_seed1_1m/runs/no_action_guard_ppo_s1/config.json,/home/aaa/data/qj/stable-baselines3-master/risk_curriculum_metadrive/outputs/tuned_ablation_no_action_guard_nenv16_seed1_1m/runs/no_action_guard_ppo_s1/model/final_model.zip,results/ijmlc_control/raw_csv/p1_d015_nonmotion_parallel_20260701_1645_no_action_guard_s1_episodes.csv
no_action_guard,no_guard_negative_control,no_action_guard,ppo,1,0.15,10000,10006,6,0.0,1.0,0.1388457023557541,0.0,0.0,0.0,1.0,81.0,54.92718057666583,-782.7603811471588,38.276381684025225,44.44572987765855,9.988162251055131,0.0,1.0,0.1388457023557541,84.89059847088386,18.206756039792715,2.513711929939352,0.1464397361939096,0.0476190476190476,0.0,0.0,0.0,0.0,0.0,0.0,0.8545846672567688,0.7888589898357168,1.3474930019583553,1.8713208002736796,4.527002433422712,5.316950002452359,5.38158710067948,6.259595000301488,0.8545846672567688,1.3474930019583553,/home/aaa/data/qj/stable-baselines3-master/risk_curriculum_metadrive/outputs/tuned_ablation_no_action_guard_nenv16_seed1_1m/runs/no_action_guard_ppo_s1/config.json,/home/aaa/data/qj/stable-baselines3-master/risk_curriculum_metadrive/outputs/tuned_ablation_no_action_guard_nenv16_seed1_1m/runs/no_action_guard_ppo_s1/model/final_model.zip,results/ijmlc_control/raw_csv/p1_d015_nonmotion_parallel_20260701_1645_no_action_guard_s1_episodes.csv
no_action_guard,no_guard_negative_control,no_action_guard,ppo,1,0.15,10000,10007,7,0.0,1.0,0.0676577739779203,1.0,1.0,0.0,0.0,62.0,37.338446920224,-586.3317288849194,30.620180623197097,30.85967892506225,6.924847910861174,0.0161290322580645,1.0,0.0676577739779203,51.61644955425401,11.675059371085558,0.4415066107113404,0.5124423722308383,0.4838709677419355,0.0,0.0,0.0,0.0,0.0,0.0,0.8976889195412607,0.8409869988099672,1.1730772050213998,1.8532506994961295,7.623784807595169,8.69759545166744,8.52147372713643,9.605574302986495,0.8976889195412607,1.1730772050213998,/home/aaa/data/qj/stable-baselines3-master/risk_curriculum_metadrive/outputs/tuned_ablation_no_action_guard_nenv16_seed1_1m/runs/no_action_guard_ppo_s1/config.json,/home/aaa/data/qj/stable-baselines3-master/risk_curriculum_metadrive/outputs/tuned_ablation_no_action_guard_nenv16_seed1_1m/runs/no_action_guard_ppo_s1/model/final_model.zip,results/ijmlc_control/raw_csv/p1_d015_nonmotion_parallel_20260701_1645_no_action_guard_s1_episodes.csv
no_action_guard,no_guard_negative_control,no_action_guard,ppo,1,0.15,10000,10008,8,0.0,1.0,0.1576800810375769,0.0,0.0,0.0,1.0,80.0,44.96131506497433,-781.9365224278013,35.4142579988389,39.765196141629445,8.804477201653677,0.0,1.0,0.1576800810375769,77.58609598074848,13.996621840273882,1.288746972661634,0.3514510909555374,0.390625,0.0,0.0,0.0,0.0,0.0,0.0,0.8802695121630677,0.8409724905504845,1.1816419500974005,1.7281046637799578,3.883266137017927,4.387356399092823,4.763535649180994,5.45041725054034,0.8802695121630677,1.1816419500974005,/home/aaa/data/qj/stable-baselines3-master/risk_curriculum_metadrive/outputs/tuned_ablation_no_action_guard_nenv16_seed1_1m/runs/no_action_guard_ppo_s1/config.json,/home/aaa/data/qj/stable-baselines3-master/risk_curriculum_metadrive/outputs/tuned_ablation_no_action_guard_nenv16_seed1_1m/runs/no_action_guard_ppo_s1/model/final_model.zip,results/ijmlc_control/raw_csv/p1_d015_nonmotion_parallel_20260701_1645_no_action_guard_s1_episodes.csv
no_action_guard,no_guard_negative_control,no_action_guard,ppo,1,0.15,10000,10009,9,0.0,1.0,0.1388303067298346,1.0,1.0,0.0,0.0,65.0,36.45802331903551,-670.5491510004028,33.550946052373924,34.77830356382759,7.885891459411906,0.0,1.0,0.1388303067298346,59.62332486079464,10.955104505834296,0.7011750612791419,0.4913189882545191,0.5166666666666667,0.0,0.0,0.0,0.0,0.0,0.0,0.8291812450177252,0.8015720086405054,1.0772716050269082,1.2255697982618583,3.894890691914882,4.687439600820653,4.724071936932607,5.660482597886585,0.8291812450177252,1.0772716050269082,/home/aaa/data/qj/stable-baselines3-master/risk_curriculum_metadrive/outputs/tuned_ablation_no_action_guard_nenv16_seed1_1m/runs/no_action_guard_ppo_s1/config.json,/home/aaa/data/qj/stable-baselines3-master/risk_curriculum_metadrive/outputs/tuned_ablation_no_action_guard_nenv16_seed1_1m/runs/no_action_guard_ppo_s1/model/final_model.zip,results/ijmlc_control/raw_csv/p1_d015_nonmotion_parallel_20260701_1645_no_action_guard_s1_episodes.csv
no_action_guard,no_guard_negative_control,no_action_guard,ppo,1,0.15,10000,10010,10,0.0,1.0,0.1420472014735827,0.0,0.0,0.0,1.0,86.0,47.50518125240501,-794.4226425717204,34.50113829197828,42.953965836689285,9.504263244591767,0.0,1.0,0.1420472014735827,81.41215273990431,10.559493517276035,0.5504482274391005,0.4345031910506713,0.6176470588235294,0.0,0.0,0.0,0.0,0.0,0.0,0.9213305240210016,0.8892000041669235,1.1262270018050913,1.7935158488398957,6.634134987740084,7.607246003317414,7.555465511761086,8.555376007279847,0.9213305240210016,1.1262270018050913,/home/aaa/data/qj/stable-baselines3-master/risk_curriculum_metadrive/outputs/tuned_ablation_no_action_guard_nenv16_seed1_1m/runs/no_action_guard_ppo_s1/config.json,/home/aaa/data/qj/stable-baselines3-master/risk_curriculum_metadrive/outputs/tuned_ablation_no_action_guard_nenv16_seed1_1m/runs/no_action_guard_ppo_s1/model/final_model.zip,results/ijmlc_control/raw_csv/p1_d015_nonmotion_parallel_20260701_1645_no_action_guard_s1_episodes.csv
no_action_guard,no_guard_negative_control,no_action_guard,ppo,1,0.15,10000,10011,11,0.0,1.0,0.3808062906435143,1.0,1.0,0.0,0.0,188.0,133.71875818894878,-2075.8141551498124,43.840975366228754,46.51390475234466,21.29367839360928,0.0,0.0,0.3808062906435143,228.0055492830093,4.285515063979115,0.8834820062910684,0.4126815742139642,0.65,0.0,0.0,0.0,0.0,0.0,0.0,0.8790459578449372,0.8310679986607283,1.166740246117115,1.4670079457573586,7.545146409609786,10.319548448751448,8.424192367454724,11.20959485633648,0.8790459578449372,1.166740246117115,/home/aaa/data/qj/stable-baselines3-master/risk_curriculum_metadrive/outputs/tuned_ablation_no_action_guard_nenv16_seed1_1m/runs/no_action_guard_ppo_s1/config.json,/home/aaa/data/qj/stable-baselines3-master/risk_curriculum_metadrive/outputs/tuned_ablation_no_action_guard_nenv16_seed1_1m/runs/no_action_guard_ppo_s1/model/final_model.zip,results/ijmlc_control/raw_csv/p1_d015_nonmotion_parallel_20260701_1645_no_action_guard_s1_episodes.csv
no_action_guard,no_guard_negative_control,no_action_guard,ppo,1,0.15,10000,10012,12,0.0,1.0,0.1704918928720127,0.0,0.0,0.0,1.0,100.0,43.00648868397002,-868.7935983864456,38.57402739293892,47.376537689559214,11.570355852364557,0.0,1.0,0.1704918928720127,105.98421834097798,,,0.0,0.0,0.0,0.0,0.0,0.0,0.0,0.0,0.8585265396686736,0.8110874914564192,1.1906314015504904,1.5203659304825146,3.7402013897371935,4.483761658048024,4.598727929405868,5.370131197560113,0.8585265396686736,1.1906314015504904,/home/aaa/data/qj/stable-baselines3-master/risk_curriculum_metadrive/outputs/tuned_ablation_no_action_guard_nenv16_seed1_1m/runs/no_action_guard_ppo_s1/config.json,/home/aaa/data/qj/stable-baselines3-master/risk_curriculum_metadrive/outputs/tuned_ablation_no_action_guard_nenv16_seed1_1m/runs/no_action_guard_ppo_s1/model/final_model.zip,results/ijmlc_control/raw_csv/p1_d015_nonmotion_parallel_20260701_1645_no_action_guard_s1_episodes.csv
no_action_guard,no_guard_negative_control,no_action_guard,ppo,1,0.15,10000,10013,13,0.0,1.0,0.1379126112484025,0.0,0.0,0.0,1.0,89.0,37.92213344688229,-632.3223648942891,35.32097569910747,43.77556906949776,10.536885614390709,0.0,1.0,0.1379126112484025,86.34440882255646,2.4239834491628223,2.2924060663272576,0.02689892289561,1.0,0.0,0.0,0.0,0.0,0.0,0.0,0.8669244615999416,0.8223890035878867,1.1776861996622752,1.6018723673187203,5.240407112620907,6.461602804483846,6.107331574220849,7.305956000345759,0.8669244615999416,1.1776861996622752,/home/aaa/data/qj/stable-baselines3-master/risk_curriculum_metadrive/outputs/tuned_ablation_no_action_guard_nenv16_seed1_1m/runs/no_action_guard_ppo_s1/config.json,/home/aaa/data/qj/stable-baselines3-master/risk_curriculum_metadrive/outputs/tuned_ablation_no_action_guard_nenv16_seed1_1m/runs/no_action_guard_ppo_s1/model/final_model.zip,results/ijmlc_control/raw_csv/p1_d015_nonmotion_parallel_20260701_1645_no_action_guard_s1_episodes.csv
no_action_guard,no_guard_negative_control,no_action_guard,ppo,1,0.15,10000,10014,14,0.0,1.0,0.128785464868476,0.0,0.0,0.0,1.0,158.0,56.96406483849718,-934.3576161448076,34.8236360246428,37.26892825237758,17.803967249492644,0.0,1.0,0.128785464868476,152.14652955149452,2.2553164918145705,2.1692924370369706,0.0154188030192807,1.0,0.0,0.0,0.0,0.0,0.0,0.0,0.737073235276385,0.7120640075299889,1.069271395681426,1.211452210554854,5.951318012781093,6.869676057976903,6.688391248057479,7.626682839327259,0.737073235276385,1.069271395681426,/home/aaa/data/qj/stable-baselines3-master/risk_curriculum_metadrive/outputs/tuned_ablation_no_action_guard_nenv16_seed1_1m/runs/no_action_guard_ppo_s1/config.json,/home/aaa/data/qj/stable-baselines3-master/risk_curriculum_metadrive/outputs/tuned_ablation_no_action_guard_nenv16_seed1_1m/runs/no_action_guard_ppo_s1/model/final_model.zip,results/ijmlc_control/raw_csv/p1_d015_nonmotion_parallel_20260701_1645_no_action_guard_s1_episodes.csv
no_action_guard,no_guard_negative_control,no_action_guard,ppo,1,0.15,10000,10015,15,0.0,1.0,0.2634601001039936,1.0,1.0,0.0,0.0,162.0,106.30590601388546,-1529.585077002468,41.88092249942938,43.38904390183137,18.47136847393802,0.0,0.0,0.2634601001039936,187.5974422406765,5.698206645784492,1.152522353429359,0.241088561093965,0.5205479452054794,0.0,0.0,0.0,0.0,0.0,0.0,0.7506496667140451,0.6958615049370565,1.056398891523713,2.042007440613815,3.8953367101508594,5.278105557226809,4.645986376864904,5.983205214579356,0.7506496667140451,1.056398891523713,/home/aaa/data/qj/stable-baselines3-master/risk_curriculum_metadrive/outputs/tuned_ablation_no_action_guard_nenv16_seed1_1m/runs/no_action_guard_ppo_s1/config.json,/home/aaa/data/qj/stable-baselines3-master/risk_curriculum_metadrive/outputs/tuned_ablation_no_action_guard_nenv16_seed1_1m/runs/no_action_guard_ppo_s1/model/final_model.zip,results/ijmlc_control/raw_csv/p1_d015_nonmotion_parallel_20260701_1645_no_action_guard_s1_episodes.csv
no_action_guard,no_guard_negative_control,no_action_guard,ppo,1,0.15,10000,10016,16,0.0,1.0,0.2925714670040515,0.0,0.0,0.0,1.0,142.0,79.03311505869476,-1044.518205233834,39.47712749753047,43.54808471349209,14.922782234341058,0.0070422535211267,0.0,0.2925714670040515,154.84892537680958,,,0.0,0.0,0.0,0.0,0.0,0.0,0.0,0.0,0.7142192258009307,0.673941511195153,0.9886464489682112,1.810689258709317,3.521176182659192,4.759803241904592,4.235395408460123,5.585288445581681,0.7142192258009307,0.9886464489682112,/home/aaa/data/qj/stable-baselines3-master/risk_curriculum_metadrive/outputs/tuned_ablation_no_action_guard_nenv16_seed1_1m/runs/no_action_guard_ppo_s1/config.json,/home/aaa/data/qj/stable-baselines3-master/risk_curriculum_metadrive/outputs/tuned_ablation_no_action_guard_nenv16_seed1_1m/runs/no_action_guard_ppo_s1/model/final_model.zip,results/ijmlc_control/raw_csv/p1_d015_nonmotion_parallel_20260701_1645_no_action_guard_s1_episodes.csv
no_action_guard,no_guard_negative_control,no_action_guard,ppo,1,0.15,10000,10017,17,0.0,1.0,0.1600764398876926,1.0,1.0,0.0,0.0,122.0,57.58500532808915,-972.1523880149454,38.31664858911979,41.098622123021,13.988630031437722,0.0,1.0,0.1600764398876926,129.1386072153242,8.95004113805416,1.2713900118739343,0.0203340028350053,0.4,0.0,0.0,0.0,0.0,0.0,0.0,0.9039153023355748,0.8327344985445961,1.2430907481757458,1.8110091405105764,8.455230148087377,9.545655942201847,9.359145450422952,10.613700097019318,0.9039153023355748,1.2430907481757458,/home/aaa/data/qj/stable-baselines3-master/risk_curriculum_metadrive/outputs/tuned_ablation_no_action_guard_nenv16_seed1_1m/runs/no_action_guard_ppo_s1/config.json,/home/aaa/data/qj/stable-baselines3-master/risk_curriculum_metadrive/outputs/tuned_ablation_no_action_guard_nenv16_seed1_1m/runs/no_action_guard_ppo_s1/model/final_model.zip,results/ijmlc_control/raw_csv/p1_d015_nonmotion_parallel_20260701_1645_no_action_guard_s1_episodes.csv
no_action_guard,no_guard_negative_control,no_action_guard,ppo,1,0.15,10000,10018,18,0.0,1.0,0.1899035178142158,1.0,1.0,0.0,0.0,79.0,56.35180627808634,-850.9338441341246,36.98161681890774,41.22947865390892,9.514262644644544,0.0,1.0,0.1899035178142158,80.25038305905899,5.414446470971794,0.6430963212036452,0.4593469054330374,0.711864406779661,0.0,0.0,0.0,0.0,0.0,0.0,0.917450178199436,0.8841689996188506,1.266535099421162,1.5862945414846763,5.253182771826411,6.018281195429154,6.170632950025847,7.25979629351059,0.917450178199436,1.266535099421162,/home/aaa/data/qj/stable-baselines3-master/risk_curriculum_metadrive/outputs/tuned_ablation_no_action_guard_nenv16_seed1_1m/runs/no_action_guard_ppo_s1/config.json,/home/aaa/data/qj/stable-baselines3-master/risk_curriculum_metadrive/outputs/tuned_ablation_no_action_guard_nenv16_seed1_1m/runs/no_action_guard_ppo_s1/model/final_model.zip,results/ijmlc_control/raw_csv/p1_d015_nonmotion_parallel_20260701_1645_no_action_guard_s1_episodes.csv
no_action_guard,no_guard_negative_control,no_action_guard,ppo,1,0.15,10000,10019,19,0.0,1.0,0.1122076446281887,0.0,0.0,0.0,1.0,86.0,47.78835285978068,-874.8217004527969,39.43534844377318,44.90949601469505,10.45604679003436,0.0,1.0,0.1122076446281887,92.91006996700078,1.8363412338590928,1.261471279274485,0.0886365590070427,1.0,0.0,0.0,0.0,0.0,0.0,0.0,0.873186836373819,0.8464160055154935,1.140715252404334,1.4703925939102205,5.608449326415254,6.947645499167265,6.481636162789073,7.810254992364207,0.873186836373819,1.140715252404334,/home/aaa/data/qj/stable-baselines3-master/risk_curriculum_metadrive/outputs/tuned_ablation_no_action_guard_nenv16_seed1_1m/runs/no_action_guard_ppo_s1/config.json,/home/aaa/data/qj/stable-baselines3-master/risk_curriculum_metadrive/outputs/tuned_ablation_no_action_guard_nenv16_seed1_1m/runs/no_action_guard_ppo_s1/model/final_model.zip,results/ijmlc_control/raw_csv/p1_d015_nonmotion_parallel_20260701_1645_no_action_guard_s1_episodes.csv
no_action_guard,no_guard_negative_control,no_action_guard,ppo,1,0.15,20000,20000,0,0.0,1.0,0.2948034756846418,0.0,0.0,0.0,1.0,91.0,71.68201281062484,-1012.1223645856256,41.21153258666282,48.458410450882525,10.587362461356118,0.0,0.0,0.2948034756846418,102.92028956371664,4.373157933781299,2.141291526739015,0.1746071901606845,0.68,0.0,0.0,0.0,0.0,0.0,0.0,0.8457418349520355,0.8238549926318228,1.1332584981573746,1.322694303235039,3.035108813252249,3.7317800015443936,3.880850648204284,4.719714503153227,0.8457418349520355,1.1332584981573746,/home/aaa/data/qj/stable-baselines3-master/risk_curriculum_metadrive/outputs/tuned_ablation_no_action_guard_nenv16_seed1_1m/runs/no_action_guard_ppo_s1/config.json,/home/aaa/data/qj/stable-baselines3-master/risk_curriculum_metadrive/outputs/tuned_ablation_no_action_guard_nenv16_seed1_1m/runs/no_action_guard_ppo_s1/model/final_model.zip,results/ijmlc_control/raw_csv/p1_d015_nonmotion_parallel_20260701_1645_no_action_guard_s1_episodes.csv
no_action_guard,no_guard_negative_control,no_action_guard,ppo,1,0.15,20000,20001,1,0.0,1.0,0.1670905044179617,0.0,0.0,0.0,1.0,83.0,45.14535076117193,-707.1321434735787,37.04390577058668,40.97042564545168,9.324633238406548,0.0,1.0,0.1670905044179617,84.25209899013136,11.154905707953713,9.18536994268004,0.0131341826953503,0.0,0.0,0.0,0.0,0.0,0.0,0.0,0.8090261204437499,0.7714879902778193,1.062469504540786,1.2855561007745562,4.040794843823245,4.768338600115385,4.8498209642669945,5.666268695495091,0.8090261204437499,1.062469504540786,/home/aaa/data/qj/stable-baselines3-master/risk_curriculum_metadrive/outputs/tuned_ablation_no_action_guard_nenv16_seed1_1m/runs/no_action_guard_ppo_s1/config.json,/home/aaa/data/qj/stable-baselines3-master/risk_curriculum_metadrive/outputs/tuned_ablation_no_action_guard_nenv16_seed1_1m/runs/no_action_guard_ppo_s1/model/final_model.zip,results/ijmlc_control/raw_csv/p1_d015_nonmotion_parallel_20260701_1645_no_action_guard_s1_episodes.csv
no_action_guard,no_guard_negative_control,no_action_guard,ppo,1,0.15,20000,20002,2,0.0,1.0,0.1508557535942355,1.0,1.0,0.0,0.0,73.0,45.21018392049797,-502.82617496800543,34.57074228266451,40.31611817808214,9.091238810255328,0.0,1.0,0.1508557535942355,69.10521061110487,0.2052840159222487,0.2052840159222487,0.0134642876530567,1.0,0.0,0.0,0.0,0.0,0.0,0.0,0.8196373849274744,0.7948990096338093,1.1259212042205031,1.2251403997652233,4.624232957785477,5.847079397062771,5.443870342712952,6.692178803496063,0.8196373849274744,1.1259212042205031,/home/aaa/data/qj/stable-baselines3-master/risk_curriculum_metadrive/outputs/tuned_ablation_no_action_guard_nenv16_seed1_1m/runs/no_action_guard_ppo_s1/config.json,/home/aaa/data/qj/stable-baselines3-master/risk_curriculum_metadrive/outputs/tuned_ablation_no_action_guard_nenv16_seed1_1m/runs/no_action_guard_ppo_s1/model/final_model.zip,results/ijmlc_control/raw_csv/p1_d015_nonmotion_parallel_20260701_1645_no_action_guard_s1_episodes.csv
no_action_guard,no_guard_negative_control,no_action_guard,ppo,1,0.15,20000,20003,3,0.0,1.0,0.2470032967735645,1.0,1.0,0.0,0.0,136.0,91.76737262817564,-1652.535723924197,44.300459541746655,51.08398614004973,14.78905194167023,0.0,0.0,0.2470032967735645,166.41429953270193,4.335002468565728,1.0994175894854756,0.2960801601928237,0.6984126984126984,0.0,0.0,0.0,0.0,0.0,0.0,0.861333073450677,0.8091114941635169,1.073908744729124,1.8532244510424845,7.433031771891846,12.708055499388138,8.294364845342523,13.298596011736665,0.861333073450677,1.073908744729124,/home/aaa/data/qj/stable-baselines3-master/risk_curriculum_metadrive/outputs/tuned_ablation_no_action_guard_nenv16_seed1_1m/runs/no_action_guard_ppo_s1/config.json,/home/aaa/data/qj/stable-baselines3-master/risk_curriculum_metadrive/outputs/tuned_ablation_no_action_guard_nenv16_seed1_1m/runs/no_action_guard_ppo_s1/model/final_model.zip,results/ijmlc_control/raw_csv/p1_d015_nonmotion_parallel_20260701_1645_no_action_guard_s1_episodes.csv
no_action_guard,no_guard_negative_control,no_action_guard,ppo,1,0.15,20000,20004,4,0.0,1.0,0.4448493141750271,1.0,1.0,0.0,0.0,152.0,152.34366009898145,-2679.372287067148,53.31442360557728,65.51855113560484,16.482459604401285,0.0,0.0,0.4448493141750271,223.85478692303943,2.1838918090629904,0.4853339345603928,0.2206471687655797,1.0,0.0,0.0,0.0,0.0,0.0,0.0,0.830546901469413,0.813149003079161,1.0632764046022205,1.2750905203574807,4.230181711471615,5.138975058798678,5.060728612941028,5.910065914940786,0.830546901469413,1.0632764046022205,/home/aaa/data/qj/stable-baselines3-master/risk_curriculum_metadrive/outputs/tuned_ablation_no_action_guard_nenv16_seed1_1m/runs/no_action_guard_ppo_s1/config.json,/home/aaa/data/qj/stable-baselines3-master/risk_curriculum_metadrive/outputs/tuned_ablation_no_action_guard_nenv16_seed1_1m/runs/no_action_guard_ppo_s1/model/final_model.zip,results/ijmlc_control/raw_csv/p1_d015_nonmotion_parallel_20260701_1645_no_action_guard_s1_episodes.csv
no_action_guard,no_guard_negative_control,no_action_guard,ppo,1,0.15,20000,20005,5,0.0,1.0,0.3397641557674017,1.0,1.0,0.0,0.0,228.0,81.2605243127951,-1377.9473096126517,35.22672994497245,36.29865462861272,22.10266365855394,0.0,0.0,0.3397641557674017,222.67816571850008,14.8324008233386,0.6202471575273664,0.1761921566881731,0.4302325581395348,0.0,0.0,0.0,0.0,0.0,0.0,0.8858198115169152,0.8380950021091849,1.203425652784062,1.82633440912468,8.778170070926487,9.67191405725316,9.663989882443405,10.710136245324977,0.8858198115169152,1.203425652784062,/home/aaa/data/qj/stable-baselines3-master/risk_curriculum_metadrive/outputs/tuned_ablation_no_action_guard_nenv16_seed1_1m/runs/no_action_guard_ppo_s1/config.json,/home/aaa/data/qj/stable-baselines3-master/risk_curriculum_metadrive/outputs/tuned_ablation_no_action_guard_nenv16_seed1_1m/runs/no_action_guard_ppo_s1/model/final_model.zip,results/ijmlc_control/raw_csv/p1_d015_nonmotion_parallel_20260701_1645_no_action_guard_s1_episodes.csv
no_action_guard,no_guard_negative_control,no_action_guard,ppo,1,0.15,20000,20006,6,0.0,1.0,0.1151318504662126,0.0,0.0,0.0,1.0,71.0,39.30318899776327,-540.9042690546672,33.36957964137624,35.13922994966804,7.888826799667315,0.0140845070422535,1.0,0.1151318504662126,64.7005621076947,4.71011380233644,4.688023128537756,0.0256686133720547,1.0,0.0,0.0,0.0,0.0,0.0,0.0,0.832800789077071,0.7979530055308715,1.2459274948923849,1.332323403039481,4.611482025775075,5.715092993341386,5.444282814852146,6.665198488917667,0.832800789077071,1.2459274948923849,/home/aaa/data/qj/stable-baselines3-master/risk_curriculum_metadrive/outputs/tuned_ablation_no_action_guard_nenv16_seed1_1m/runs/no_action_guard_ppo_s1/config.json,/home/aaa/data/qj/stable-baselines3-master/risk_curriculum_metadrive/outputs/tuned_ablation_no_action_guard_nenv16_seed1_1m/runs/no_action_guard_ppo_s1/model/final_model.zip,results/ijmlc_control/raw_csv/p1_d015_nonmotion_parallel_20260701_1645_no_action_guard_s1_episodes.csv
no_action_guard,no_guard_negative_control,no_action_guard,ppo,1,0.15,20000,20007,7,0.0,1.0,0.1443997228010281,1.0,1.0,0.0,0.0,68.0,39.08374850677903,-551.5369845836278,32.35140139436665,36.71332901257541,8.399299952523675,0.0,1.0,0.1443997228010281,60.190127684663615,6.558664116781978,0.815491888911291,0.3290130680138015,0.625,0.0,0.0,0.0,0.0,0.0,0.0,0.7616175149879008,0.7311969966394827,1.2194971001008523,1.5091608767397695,2.784673265148954,3.239538051275304,3.5462907801368546,4.167877555300947,0.7616175149879008,1.2194971001008523,/home/aaa/data/qj/stable-baselines3-master/risk_curriculum_metadrive/outputs/tuned_ablation_no_action_guard_nenv16_seed1_1m/runs/no_action_guard_ppo_s1/config.json,/home/aaa/data/qj/stable-baselines3-master/risk_curriculum_metadrive/outputs/tuned_ablation_no_action_guard_nenv16_seed1_1m/runs/no_action_guard_ppo_s1/model/final_model.zip,results/ijmlc_control/raw_csv/p1_d015_nonmotion_parallel_20260701_1645_no_action_guard_s1_episodes.csv
no_action_guard,no_guard_negative_control,no_action_guard,ppo,1,0.15,20000,20008,8,0.0,1.0,0.2416900804704339,1.0,1.0,0.0,0.0,136.0,88.29424672549241,-1506.2733905357732,43.57228244857591,47.53477439949141,15.13002867620478,0.0,0.0,0.2416900804704339,163.73051847593564,2.0320359880280456,1.161312387489012,0.1465877060584111,0.9583333333333334,0.0,0.0,0.0,0.0,0.0,0.0,0.7613002940428594,0.74646549182944,1.068660756573081,1.20270074767177,5.17422255132474,7.549567497335374,5.9355228453676,8.483699246426113,0.7613002940428594,1.068660756573081,/home/aaa/data/qj/stable-baselines3-master/risk_curriculum_metadrive/outputs/tuned_ablation_no_action_guard_nenv16_seed1_1m/runs/no_action_guard_ppo_s1/config.json,/home/aaa/data/qj/stable-baselines3-master/risk_curriculum_metadrive/outputs/tuned_ablation_no_action_guard_nenv16_seed1_1m/runs/no_action_guard_ppo_s1/model/final_model.zip,results/ijmlc_control/raw_csv/p1_d015_nonmotion_parallel_20260701_1645_no_action_guard_s1_episodes.csv
no_action_guard,no_guard_negative_control,no_action_guard,ppo,1,0.15,20000,20009,9,0.0,1.0,0.4240370956309285,0.0,0.0,0.0,1.0,187.0,76.61420261852685,-1147.7371469169684,35.81606557736104,35.5435828060903,20.137946288351973,0.0,0.0,0.4240370956309285,185.36046713038303,4.689793323348941,4.656009086316926,0.0097730035784105,1.0,0.0,0.0,0.0,0.0,0.0,0.0,0.7403395502867904,0.6855480023659766,1.0877441003685815,1.659034037729723,3.946630219523645,4.842968804587144,4.686969769810436,5.862522590905427,0.7403395502867904,1.0877441003685815,/home/aaa/data/qj/stable-baselines3-master/risk_curriculum_metadrive/outputs/tuned_ablation_no_action_guard_nenv16_seed1_1m/runs/no_action_guard_ppo_s1/config.json,/home/aaa/data/qj/stable-baselines3-master/risk_curriculum_metadrive/outputs/tuned_ablation_no_action_guard_nenv16_seed1_1m/runs/no_action_guard_ppo_s1/model/final_model.zip,results/ijmlc_control/raw_csv/p1_d015_nonmotion_parallel_20260701_1645_no_action_guard_s1_episodes.csv
no_action_guard,no_guard_negative_control,no_action_guard,ppo,1,0.15,20000,20010,10,0.0,1.0,0.3284853898137717,1.0,1.0,0.0,0.0,118.0,96.69382506485591,-1373.658131107689,44.88998841859203,51.7732891775789,13.09774062236334,0.0,0.0,0.3284853898137717,146.3103615534259,2.087617902952853,0.4955522101061265,0.1050040476382113,1.0,0.0,0.0,0.0,0.0,0.0,0.0,0.7117220840142582,0.6804565055062994,1.1135207954794168,1.7849164262588595,2.218820669903357,3.763268151669762,2.930542753917615,4.692817301111062,0.7117220840142582,1.1135207954794168,/home/aaa/data/qj/stable-baselines3-master/risk_curriculum_metadrive/outputs/tuned_ablation_no_action_guard_nenv16_seed1_1m/runs/no_action_guard_ppo_s1/config.json,/home/aaa/data/qj/stable-baselines3-master/risk_curriculum_metadrive/outputs/tuned_ablation_no_action_guard_nenv16_seed1_1m/runs/no_action_guard_ppo_s1/model/final_model.zip,results/ijmlc_control/raw_csv/p1_d015_nonmotion_parallel_20260701_1645_no_action_guard_s1_episodes.csv
no_action_guard,no_guard_negative_control,no_action_guard,ppo,1,0.15,20000,20011,11,0.0,1.0,0.1036147370667531,1.0,1.0,0.0,0.0,63.0,36.21883111950886,-595.3887656895289,30.99862781252595,31.519087221615404,7.360453093027433,0.0,1.0,0.1036147370667531,52.98380895531791,11.14943080471782,0.5098575674631608,0.5221056143971511,0.5396825396825397,0.0,0.0,0.0,0.0,0.0,0.0,0.7807048885816974,0.7497420010622591,1.0723289058660157,1.3658324666903372,6.0661907140572096,7.649253695853986,6.846895602638907,8.555662404978648,0.7807048885816974,1.0723289058660157,/home/aaa/data/qj/stable-baselines3-master/risk_curriculum_metadrive/outputs/tuned_ablation_no_action_guard_nenv16_seed1_1m/runs/no_action_guard_ppo_s1/config.json,/home/aaa/data/qj/stable-baselines3-master/risk_curriculum_metadrive/outputs/tuned_ablation_no_action_guard_nenv16_seed1_1m/runs/no_action_guard_ppo_s1/model/final_model.zip,results/ijmlc_control/raw_csv/p1_d015_nonmotion_parallel_20260701_1645_no_action_guard_s1_episodes.csv
no_action_guard,no_guard_negative_control,no_action_guard,ppo,1,0.15,20000,20012,12,0.0,1.0,0.1307747798846311,0.0,0.0,0.0,1.0,78.0,37.825628925018975,-577.5225230385546,34.88422143373948,41.09601374812593,9.102642547355575,0.0,1.0,0.1307747798846311,74.49737639061163,,,0.0,0.0,0.0,0.0,0.0,0.0,0.0,0.0,0.7429897301242304,0.6906514972797595,1.0368354960519344,1.5151299869467043,2.6707492305341964,3.379470496292924,3.413738960658427,4.192214808426796,0.7429897301242304,1.0368354960519344,/home/aaa/data/qj/stable-baselines3-master/risk_curriculum_metadrive/outputs/tuned_ablation_no_action_guard_nenv16_seed1_1m/runs/no_action_guard_ppo_s1/config.json,/home/aaa/data/qj/stable-baselines3-master/risk_curriculum_metadrive/outputs/tuned_ablation_no_action_guard_nenv16_seed1_1m/runs/no_action_guard_ppo_s1/model/final_model.zip,results/ijmlc_control/raw_csv/p1_d015_nonmotion_parallel_20260701_1645_no_action_guard_s1_episodes.csv
no_action_guard,no_guard_negative_control,no_action_guard,ppo,1,0.15,20000,20013,13,0.0,1.0,0.105902557229445,1.0,1.0,0.0,0.0,80.0,45.23293590622046,-546.3236746127544,34.6097303606301,39.94397947009449,8.814074268257992,0.0125,1.0,0.105902557229445,75.8920769595591,,,0.0,0.0,0.0,0.0,0.0,0.0,0.0,0.0,0.7390080116238096,0.6843950031907298,1.0247088473988697,1.846049351588588,3.317628675722517,3.7622556039423216,4.056636687346327,4.71525349857984,0.7390080116238096,1.0247088473988697,/home/aaa/data/qj/stable-baselines3-master/risk_curriculum_metadrive/outputs/tuned_ablation_no_action_guard_nenv16_seed1_1m/runs/no_action_guard_ppo_s1/config.json,/home/aaa/data/qj/stable-baselines3-master/risk_curriculum_metadrive/outputs/tuned_ablation_no_action_guard_nenv16_seed1_1m/runs/no_action_guard_ppo_s1/model/final_model.zip,results/ijmlc_control/raw_csv/p1_d015_nonmotion_parallel_20260701_1645_no_action_guard_s1_episodes.csv
no_action_guard,no_guard_negative_control,no_action_guard,ppo,1,0.15,20000,20014,14,0.0,1.0,0.0966494676030745,1.0,1.0,0.0,0.0,62.0,32.70158819741977,-457.6950377507766,28.35120468281022,28.94073542840284,7.028965021550454,0.0161290322580645,1.0,0.0966494676030745,48.10927399045596,4.826128447337412,0.6131056947943234,0.3600504173687587,0.5405405405405406,0.0,0.0,0.0,0.0,0.0,0.0,0.672714645794082,0.6437905030907132,1.0280329537636128,1.427643983915914,2.890388595856606,3.565313103172229,3.5631032416506883,4.486585457198089,0.672714645794082,1.0280329537636128,/home/aaa/data/qj/stable-baselines3-master/risk_curriculum_metadrive/outputs/tuned_ablation_no_action_guard_nenv16_seed1_1m/runs/no_action_guard_ppo_s1/config.json,/home/aaa/data/qj/stable-baselines3-master/risk_curriculum_metadrive/outputs/tuned_ablation_no_action_guard_nenv16_seed1_1m/runs/no_action_guard_ppo_s1/model/final_model.zip,results/ijmlc_control/raw_csv/p1_d015_nonmotion_parallel_20260701_1645_no_action_guard_s1_episodes.csv
no_action_guard,no_guard_negative_control,no_action_guard,ppo,1,0.15,20000,20015,15,0.0,1.0,0.1268650618512138,0.0,0.0,0.0,1.0,110.0,41.090538596480776,-854.6703183051059,37.35618340364602,44.26588230669259,12.812311374654143,0.0,1.0,0.1268650618512138,113.29228785616372,,,0.0,0.0,0.0,0.0,0.0,0.0,0.0,0.0,0.7155749733845534,0.7118700013961643,0.9321254117821808,1.1379118244803976,2.6064526821507816,3.085527499206364,3.322027655535335,3.945601248415187,0.7155749733845534,0.9321254117821808,/home/aaa/data/qj/stable-baselines3-master/risk_curriculum_metadrive/outputs/tuned_ablation_no_action_guard_nenv16_seed1_1m/runs/no_action_guard_ppo_s1/config.json,/home/aaa/data/qj/stable-baselines3-master/risk_curriculum_metadrive/outputs/tuned_ablation_no_action_guard_nenv16_seed1_1m/runs/no_action_guard_ppo_s1/model/final_model.zip,results/ijmlc_control/raw_csv/p1_d015_nonmotion_parallel_20260701_1645_no_action_guard_s1_episodes.csv
no_action_guard,no_guard_negative_control,no_action_guard,ppo,1,0.15,20000,20016,16,0.0,1.0,0.4060766779188,1.0,1.0,0.0,0.0,298.0,131.70196421398262,-1968.5543374822144,36.25556242638922,39.628466180013234,25.10435746022524,0.0,0.0,0.4060766779188,299.0863703976241,19.37001947026752,0.002386735331084,0.263400632786246,0.676923076923077,0.0,0.0,0.0,0.0,0.0,0.0,0.7933507518254489,0.7518525017076172,1.1516496946569514,1.7251055910310238,5.346705530373217,7.295562043145764,6.140056282198666,8.181050850544125,0.7933507518254489,1.1516496946569514,/home/aaa/data/qj/stable-baselines3-master/risk_curriculum_metadrive/outputs/tuned_ablation_no_action_guard_nenv16_seed1_1m/runs/no_action_guard_ppo_s1/config.json,/home/aaa/data/qj/stable-baselines3-master/risk_curriculum_metadrive/outputs/tuned_ablation_no_action_guard_nenv16_seed1_1m/runs/no_action_guard_ppo_s1/model/final_model.zip,results/ijmlc_control/raw_csv/p1_d015_nonmotion_parallel_20260701_1645_no_action_guard_s1_episodes.csv
no_action_guard,no_guard_negative_control,no_action_guard,ppo,1,0.15,20000,20017,17,0.0,1.0,0.200031399716508,1.0,1.0,0.0,0.0,125.0,87.70223164080184,-744.506731202247,35.27323387806319,39.269397152101945,14.115836845152922,0.0,0.0,0.200031399716508,121.42919550198256,3.443325800859081,1.1436484994933462,0.1597245850506305,0.6785714285714286,0.0,0.0,0.0,0.0,0.0,0.0,0.7557296161539853,0.7184529968071729,1.1564906046260146,1.9375445228070023,4.291255257092416,6.189339008415118,5.0469848732464015,6.938520204857923,0.7557296161539853,1.1564906046260146,/home/aaa/data/qj/stable-baselines3-master/risk_curriculum_metadrive/outputs/tuned_ablation_no_action_guard_nenv16_seed1_1m/runs/no_action_guard_ppo_s1/config.json,/home/aaa/data/qj/stable-baselines3-master/risk_curriculum_metadrive/outputs/tuned_ablation_no_action_guard_nenv16_seed1_1m/runs/no_action_guard_ppo_s1/model/final_model.zip,results/ijmlc_control/raw_csv/p1_d015_nonmotion_parallel_20260701_1645_no_action_guard_s1_episodes.csv
no_action_guard,no_guard_negative_control,no_action_guard,ppo,1,0.15,20000,20018,18,0.0,1.0,0.0908872772936042,0.0,0.0,0.0,1.0,79.0,40.11217876763666,-687.3678445861523,36.62816938415188,41.12131034147238,9.102388993830674,0.0,1.0,0.0908872772936042,79.102085000018,,,0.0,0.0,0.0,0.0,0.0,0.0,0.0,0.0,0.7275815204351763,0.6854480016045272,1.12865920382319,1.5297551444382405,3.662293303103622,4.417158302385358,4.389874823538799,5.382136900152545,0.7275815204351763,1.12865920382319,/home/aaa/data/qj/stable-baselines3-master/risk_curriculum_metadrive/outputs/tuned_ablation_no_action_guard_nenv16_seed1_1m/runs/no_action_guard_ppo_s1/config.json,/home/aaa/data/qj/stable-baselines3-master/risk_curriculum_metadrive/outputs/tuned_ablation_no_action_guard_nenv16_seed1_1m/runs/no_action_guard_ppo_s1/model/final_model.zip,results/ijmlc_control/raw_csv/p1_d015_nonmotion_parallel_20260701_1645_no_action_guard_s1_episodes.csv
no_action_guard,no_guard_negative_control,no_action_guard,ppo,1,0.15,20000,20019,19,0.0,1.0,0.1169882347938234,0.0,0.0,0.0,1.0,74.0,41.68370044776926,-499.829050020671,32.62017308106978,35.73752110018768,7.834841798226271,0.0135135135135135,1.0,0.1169882347938234,65.99307214074722,,,0.0,0.0,0.0,0.0,0.0,0.0,0.0,0.0,0.7534728912916664,0.7217900056275539,0.9841378996497948,1.639722394902491,3.429945311123644,4.183960946829756,4.18341820241531,5.120677842933218,0.7534728912916664,0.9841378996497948,/home/aaa/data/qj/stable-baselines3-master/risk_curriculum_metadrive/outputs/tuned_ablation_no_action_guard_nenv16_seed1_1m/runs/no_action_guard_ppo_s1/config.json,/home/aaa/data/qj/stable-baselines3-master/risk_curriculum_metadrive/outputs/tuned_ablation_no_action_guard_nenv16_seed1_1m/runs/no_action_guard_ppo_s1/model/final_model.zip,results/ijmlc_control/raw_csv/p1_d015_nonmotion_parallel_20260701_1645_no_action_guard_s1_episodes.csv
no_action_guard,no_guard_negative_control,no_action_guard,ppo,2,0.15,10000,10000,0,0.0,1.0,0.3494371807820046,1.0,1.0,0.0,0.0,198.0,72.53388925992394,-1476.7357011236977,36.77833358738634,38.43867996901739,21.33351887092907,0.0,0.0,0.3494371807820046,201.13558770310885,5.520980122726736,0.046219085382254,0.2748709668533623,0.5952380952380952,0.0,0.0,0.0,0.0,0.0,0.0,1.5133166865908982,0.8307759999297559,1.196972393518081,2.400681221915875,8.566986489717642,12.148561697540572,10.08030317630854,13.050233336252855,1.5133166865908982,1.196972393518081,/home/aaa/data/qj/stable-baselines3-master/risk_curriculum_metadrive/outputs/tuned_ablation_no_action_guard_nenv16_seed2_1m/runs/no_action_guard_ppo_s2/config.json,/home/aaa/data/qj/stable-baselines3-master/risk_curriculum_metadrive/outputs/tuned_ablation_no_action_guard_nenv16_seed2_1m/runs/no_action_guard_ppo_s2/model/final_model.zip,results/ijmlc_control/raw_csv/p1_d015_nonmotion_parallel_20260701_1645_no_action_guard_s2_episodes.csv
no_action_guard,no_guard_negative_control,no_action_guard,ppo,2,0.15,10000,10001,1,0.0,1.0,0.4616258267318689,0.0,0.0,0.0,1.0,200.0,113.62369739401298,-1911.841026970657,43.463496017407714,47.10078363244004,22.05897332179823,0.0,0.0,0.4616258267318689,240.2911906348769,8.306089840478625,0.9364085910761218,0.1425234184546849,0.5,0.0,0.0,0.0,0.0,0.0,0.0,0.936226505509694,0.8786745020188391,1.4317377965198823,1.9168722779431815,5.673798019779497,7.20987145032268,6.610024525289191,8.224161056568844,0.936226505509694,1.4317377965198823,/home/aaa/data/qj/stable-baselines3-master/risk_curriculum_metadrive/outputs/tuned_ablation_no_action_guard_nenv16_seed2_1m/runs/no_action_guard_ppo_s2/config.json,/home/aaa/data/qj/stable-baselines3-master/risk_curriculum_metadrive/outputs/tuned_ablation_no_action_guard_nenv16_seed2_1m/runs/no_action_guard_ppo_s2/model/final_model.zip,results/ijmlc_control/raw_csv/p1_d015_nonmotion_parallel_20260701_1645_no_action_guard_s2_episodes.csv
no_action_guard,no_guard_negative_control,no_action_guard,ppo,2,0.15,10000,10002,2,0.0,1.0,0.1657134464591547,1.0,1.0,0.0,0.0,92.0,44.93824989317002,-804.9262131004667,35.41296464887131,41.78595702841211,10.63836821498316,0.0,1.0,0.1657134464591547,89.46667994254791,11.6866813749494,0.8514719285543749,0.3838643197925412,0.5074626865671642,0.0,0.0,0.0,0.0,0.0,0.0,0.905538814707973,0.8677794976392761,1.4242580036807342,1.6693674889393166,6.4836379131757775,7.15309544102638,7.389176727883751,8.180586994421901,0.905538814707973,1.4242580036807342,/home/aaa/data/qj/stable-baselines3-master/risk_curriculum_metadrive/outputs/tuned_ablation_no_action_guard_nenv16_seed2_1m/runs/no_action_guard_ppo_s2/config.json,/home/aaa/data/qj/stable-baselines3-master/risk_curriculum_metadrive/outputs/tuned_ablation_no_action_guard_nenv16_seed2_1m/runs/no_action_guard_ppo_s2/model/final_model.zip,results/ijmlc_control/raw_csv/p1_d015_nonmotion_parallel_20260701_1645_no_action_guard_s2_episodes.csv
no_action_guard,no_guard_negative_control,no_action_guard,ppo,2,0.15,10000,10003,3,0.0,1.0,0.1499817529259051,1.0,1.0,0.0,0.0,67.0,37.98354230191814,-798.0969135837461,36.303960748063055,37.24228734507436,8.279773941331106,0.0,1.0,0.1499817529259051,66.42921598672272,10.041535258593957,0.525380935774671,0.5149624830211897,0.6428571428571429,0.0,0.0,0.0,0.0,0.0,0.0,0.913986448179444,0.8737309981370345,1.2769742010277694,1.71700691949809,3.1352088367045203,3.596088004997,4.0491952848839645,4.63922870112583,0.913986448179444,1.2769742010277694,/home/aaa/data/qj/stable-baselines3-master/risk_curriculum_metadrive/outputs/tuned_ablation_no_action_guard_nenv16_seed2_1m/runs/no_action_guard_ppo_s2/config.json,/home/aaa/data/qj/stable-baselines3-master/risk_curriculum_metadrive/outputs/tuned_ablation_no_action_guard_nenv16_seed2_1m/runs/no_action_guard_ppo_s2/model/final_model.zip,results/ijmlc_control/raw_csv/p1_d015_nonmotion_parallel_20260701_1645_no_action_guard_s2_episodes.csv
no_action_guard,no_guard_negative_control,no_action_guard,ppo,2,0.15,10000,10004,4,0.0,1.0,0.2433847807649196,1.0,1.0,0.0,0.0,105.0,75.35781017829797,-1502.801201556905,46.05616488700882,57.153761412126336,12.562919228597638,0.0,0.0,0.2433847807649196,133.13612464115306,1.8078525678496349,0.2683989688629818,0.3316492418398134,0.926829268292683,0.0,0.0,0.0,0.0,0.0,0.0,0.8730449529442316,0.8684640051797032,1.103736602817662,1.2314445246011017,6.772488085525332,8.564838199527003,7.645533038469564,9.524029993917791,0.8730449529442316,1.103736602817662,/home/aaa/data/qj/stable-baselines3-master/risk_curriculum_metadrive/outputs/tuned_ablation_no_action_guard_nenv16_seed2_1m/runs/no_action_guard_ppo_s2/config.json,/home/aaa/data/qj/stable-baselines3-master/risk_curriculum_metadrive/outputs/tuned_ablation_no_action_guard_nenv16_seed2_1m/runs/no_action_guard_ppo_s2/model/final_model.zip,results/ijmlc_control/raw_csv/p1_d015_nonmotion_parallel_20260701_1645_no_action_guard_s2_episodes.csv
no_action_guard,no_guard_negative_control,no_action_guard,ppo,2,0.15,10000,10005,5,0.0,1.0,0.3000867171730759,1.0,1.0,0.0,0.0,160.0,67.91047350375179,-986.4658438265432,34.12864410167284,37.38429252826018,17.754083462956626,0.0,0.0,0.3000867171730759,150.9670926174428,8.115406375453116,0.7576721223813806,0.2184639770678663,0.3012048192771084,0.0,0.0,0.0,0.0,0.0,0.0,0.8746628001063073,0.8260035028797574,1.167077898571733,1.7878876277245574,5.860075061536918,6.659324745851336,6.734737861643225,7.718965654203203,0.8746628001063073,1.167077898571733,/home/aaa/data/qj/stable-baselines3-master/risk_curriculum_metadrive/outputs/tuned_ablation_no_action_guard_nenv16_seed2_1m/runs/no_action_guard_ppo_s2/config.json,/home/aaa/data/qj/stable-baselines3-master/risk_curriculum_metadrive/outputs/tuned_ablation_no_action_guard_nenv16_seed2_1m/runs/no_action_guard_ppo_s2/model/final_model.zip,results/ijmlc_control/raw_csv/p1_d015_nonmotion_parallel_20260701_1645_no_action_guard_s2_episodes.csv
no_action_guard,no_guard_negative_control,no_action_guard,ppo,2,0.15,10000,10006,6,1.0,1.0,0.1205114724790027,0.0,0.0,0.0,1.0,71.0,70.30491206596722,-635.3990114873893,37.89610102847314,39.451291974402025,8.843157854452123,0.0,1.0,0.1205114724790027,73.32538174912743,8.919215680202612,8.737754610828524,0.0108478321119626,0.0,0.0,0.0,0.0,0.0,0.0,0.0,0.8697228167619241,0.833133002743125,1.176778503577225,2.219153207261115,4.288554323991288,4.949630994815379,5.158277140753213,5.832407492562197,0.8697228167619241,1.176778503577225,/home/aaa/data/qj/stable-baselines3-master/risk_curriculum_metadrive/outputs/tuned_ablation_no_action_guard_nenv16_seed2_1m/runs/no_action_guard_ppo_s2/config.json,/home/aaa/data/qj/stable-baselines3-master/risk_curriculum_metadrive/outputs/tuned_ablation_no_action_guard_nenv16_seed2_1m/runs/no_action_guard_ppo_s2/model/final_model.zip,results/ijmlc_control/raw_csv/p1_d015_nonmotion_parallel_20260701_1645_no_action_guard_s2_episodes.csv
no_action_guard,no_guard_negative_control,no_action_guard,ppo,2,0.15,10000,10007,7,0.0,1.0,0.1891509369986123,1.0,1.0,0.0,0.0,149.0,69.69993424132598,-1315.181718228004,38.78753527977952,44.46217544584062,15.843204084813548,0.0067114093959731,1.0,0.1891509369986123,160.01743122143196,7.5893192414036434,0.4590789996074674,0.316591224459064,0.6625,0.0,0.0,0.0,0.0,0.0,0.0,0.926394745099652,0.8553009975003079,1.3960417913040146,2.4448518356075533,8.170957738692222,8.780764800030738,9.097352483791877,9.924301606952213,0.926394745099652,1.3960417913040146,/home/aaa/data/qj/stable-baselines3-master/risk_curriculum_metadrive/outputs/tuned_ablation_no_action_guard_nenv16_seed2_1m/runs/no_action_guard_ppo_s2/config.json,/home/aaa/data/qj/stable-baselines3-master/risk_curriculum_metadrive/outputs/tuned_ablation_no_action_guard_nenv16_seed2_1m/runs/no_action_guard_ppo_s2/model/final_model.zip,results/ijmlc_control/raw_csv/p1_d015_nonmotion_parallel_20260701_1645_no_action_guard_s2_episodes.csv
no_action_guard,no_guard_negative_control,no_action_guard,ppo,2,0.15,10000,10008,8,0.0,1.0,0.1186391619799521,0.0,0.0,0.0,1.0,66.0,27.134173735470743,-561.1483749634613,31.92283226963815,34.213937829267735,7.905948622497627,0.0,1.0,0.1186391619799521,57.38454844863462,11.52357373087716,2.773767214269318,0.2641900153488791,0.2666666666666666,0.0,0.0,0.0,0.0,0.0,0.0,0.8624386504049074,0.7716335021541454,1.2139607497374527,2.2719839951605527,3.618692483790007,4.150703753111884,4.481131134194914,5.320782496710308,0.8624386504049074,1.2139607497374527,/home/aaa/data/qj/stable-baselines3-master/risk_curriculum_metadrive/outputs/tuned_ablation_no_action_guard_nenv16_seed2_1m/runs/no_action_guard_ppo_s2/config.json,/home/aaa/data/qj/stable-baselines3-master/risk_curriculum_metadrive/outputs/tuned_ablation_no_action_guard_nenv16_seed2_1m/runs/no_action_guard_ppo_s2/model/final_model.zip,results/ijmlc_control/raw_csv/p1_d015_nonmotion_parallel_20260701_1645_no_action_guard_s2_episodes.csv
no_action_guard,no_guard_negative_control,no_action_guard,ppo,2,0.15,10000,10009,9,0.0,1.0,0.3624515887969615,0.0,0.0,0.0,1.0,134.0,69.99959143198903,-1645.214637854008,45.56122423430214,49.4342092578151,15.225500011171768,0.0,0.0,0.3624515887969615,168.6377450517252,8.576616709238854,5.987025738899511,0.014926970164108,0.0,0.0,0.0,0.0,0.0,0.0,0.0,0.8830225306698608,0.8512745043844916,1.1570005604880862,1.8280628049978904,4.249131500633232,4.99036239925772,5.1321540313030924,5.926459353941027,0.8830225306698608,1.1570005604880862,/home/aaa/data/qj/stable-baselines3-master/risk_curriculum_metadrive/outputs/tuned_ablation_no_action_guard_nenv16_seed2_1m/runs/no_action_guard_ppo_s2/config.json,/home/aaa/data/qj/stable-baselines3-master/risk_curriculum_metadrive/outputs/tuned_ablation_no_action_guard_nenv16_seed2_1m/runs/no_action_guard_ppo_s2/model/final_model.zip,results/ijmlc_control/raw_csv/p1_d015_nonmotion_parallel_20260701_1645_no_action_guard_s2_episodes.csv
no_action_guard,no_guard_negative_control,no_action_guard,ppo,2,0.15,10000,10010,10,0.0,1.0,0.2275640146437491,1.0,1.0,0.0,0.0,129.0,63.914662191105776,-917.1446899866364,36.20493992304328,40.37442497567398,13.735500565311732,0.0077519379844961,0.0,0.2275640146437491,129.0742544317547,12.23484734360358,0.5100464744056523,0.2307467526834775,0.4339622641509434,0.0,0.0,0.0,0.0,0.0,0.0,0.8986383413015179,0.8369699935428798,1.185070798965171,2.103656794060953,7.540146736432653,10.333801805973051,8.438785077734172,11.362673988332972,0.8986383413015179,1.185070798965171,/home/aaa/data/qj/stable-baselines3-master/risk_curriculum_metadrive/outputs/tuned_ablation_no_action_guard_nenv16_seed2_1m/runs/no_action_guard_ppo_s2/config.json,/home/aaa/data/qj/stable-baselines3-master/risk_curriculum_metadrive/outputs/tuned_ablation_no_action_guard_nenv16_seed2_1m/runs/no_action_guard_ppo_s2/model/final_model.zip,results/ijmlc_control/raw_csv/p1_d015_nonmotion_parallel_20260701_1645_no_action_guard_s2_episodes.csv
no_action_guard,no_guard_negative_control,no_action_guard,ppo,2,0.15,10000,10011,11,0.0,1.0,0.3427620014739486,1.0,1.0,0.0,0.0,166.0,84.8983807015908,-2033.1238381966984,44.76557091116047,48.74997493309756,18.733337377111013,0.0,0.0,0.3427620014739486,205.5977392763248,7.964500165479252,0.0955310447660341,0.4006596032294117,0.7128712871287128,0.0,0.0,0.0,0.0,0.0,0.0,0.9100759403320052,0.838504005514551,1.345397755358135,2.198948751174612,7.024400807823845,9.764922007889254,7.934476748155851,10.644239249813836,0.9100759403320052,1.345397755358135,/home/aaa/data/qj/stable-baselines3-master/risk_curriculum_metadrive/outputs/tuned_ablation_no_action_guard_nenv16_seed2_1m/runs/no_action_guard_ppo_s2/config.json,/home/aaa/data/qj/stable-baselines3-master/risk_curriculum_metadrive/outputs/tuned_ablation_no_action_guard_nenv16_seed2_1m/runs/no_action_guard_ppo_s2/model/final_model.zip,results/ijmlc_control/raw_csv/p1_d015_nonmotion_parallel_20260701_1645_no_action_guard_s2_episodes.csv
no_action_guard,no_guard_negative_control,no_action_guard,ppo,2,0.15,10000,10012,12,0.0,1.0,0.1709785036634208,0.0,0.0,0.0,1.0,112.0,35.081371953534834,-915.6382081813308,36.97644723626117,42.67042094433319,12.812682898602914,0.0,1.0,0.1709785036634208,114.25687785014622,1.2916292204957005,0.4044510023857117,0.0796753778236927,1.0,0.0,0.0,0.0,0.0,0.0,0.0,0.8398566960750031,0.825724499009084,1.1060074473789427,1.3417833094717937,3.666911284329087,4.20485074428143,4.50676798040409,5.189107001206139,0.8398566960750031,1.1060074473789427,/home/aaa/data/qj/stable-baselines3-master/risk_curriculum_metadrive/outputs/tuned_ablation_no_action_guard_nenv16_seed2_1m/runs/no_action_guard_ppo_s2/config.json,/home/aaa/data/qj/stable-baselines3-master/risk_curriculum_metadrive/outputs/tuned_ablation_no_action_guard_nenv16_seed2_1m/runs/no_action_guard_ppo_s2/model/final_model.zip,results/ijmlc_control/raw_csv/p1_d015_nonmotion_parallel_20260701_1645_no_action_guard_s2_episodes.csv
no_action_guard,no_guard_negative_control,no_action_guard,ppo,2,0.15,10000,10013,13,0.0,1.0,0.1365281364123465,0.0,0.0,0.0,1.0,84.0,38.44730621211146,-698.096161953675,37.35419175757405,44.59781117697366,9.96674167208432,0.0,1.0,0.1365281364123465,85.99689025816743,,,0.0,0.0,0.0,0.0,0.0,0.0,0.0,0.0,0.8672258099111441,0.8192859968403354,1.1597398988669734,1.988619337353157,5.06831660684492,6.088039709720761,5.935542416756063,6.995532346627442,0.8672258099111441,1.1597398988669734,/home/aaa/data/qj/stable-baselines3-master/risk_curriculum_metadrive/outputs/tuned_ablation_no_action_guard_nenv16_seed2_1m/runs/no_action_guard_ppo_s2/config.json,/home/aaa/data/qj/stable-baselines3-master/risk_curriculum_metadrive/outputs/tuned_ablation_no_action_guard_nenv16_seed2_1m/runs/no_action_guard_ppo_s2/model/final_model.zip,results/ijmlc_control/raw_csv/p1_d015_nonmotion_parallel_20260701_1645_no_action_guard_s2_episodes.csv
no_action_guard,no_guard_negative_control,no_action_guard,ppo,2,0.15,10000,10014,14,0.0,1.0,0.0834360870764375,0.0,0.0,0.0,1.0,68.0,40.44551924133563,-578.2147054317256,35.186887514839434,36.72013400515678,8.171988680648234,0.0,1.0,0.0834360870764375,65.20877885104579,,,0.0,0.0,0.0,0.0,0.0,0.0,0.0,0.0,0.9002651758611833,0.8696515069459565,1.2578870497236492,1.6415085022163105,8.303133057565633,10.375028042471968,9.203398233426816,11.176042116130702,0.9002651758611833,1.2578870497236492,/home/aaa/data/qj/stable-baselines3-master/risk_curriculum_metadrive/outputs/tuned_ablation_no_action_guard_nenv16_seed2_1m/runs/no_action_guard_ppo_s2/config.json,/home/aaa/data/qj/stable-baselines3-master/risk_curriculum_metadrive/outputs/tuned_ablation_no_action_guard_nenv16_seed2_1m/runs/no_action_guard_ppo_s2/model/final_model.zip,results/ijmlc_control/raw_csv/p1_d015_nonmotion_parallel_20260701_1645_no_action_guard_s2_episodes.csv
no_action_guard,no_guard_negative_control,no_action_guard,ppo,2,0.15,10000,10015,15,0.0,1.0,0.1315014718257957,1.0,1.0,0.0,0.0,80.0,36.70851366239951,-1068.5592058477375,41.27339137867586,43.47088318419342,9.556082883696655,0.0,1.0,0.1315014718257957,90.120356373301,5.600672260455151,0.0440873139708803,0.3399642861633201,0.4117647058823529,0.0,0.0,0.0,0.0,0.0,0.0,0.9145884630925138,0.8610759978182614,1.4134591510810424,1.989948032714891,5.190039887565945,5.923194496426731,6.104628350658459,6.8724176548130345,0.9145884630925138,1.4134591510810424,/home/aaa/data/qj/stable-baselines3-master/risk_curriculum_metadrive/outputs/tuned_ablation_no_action_guard_nenv16_seed2_1m/runs/no_action_guard_ppo_s2/config.json,/home/aaa/data/qj/stable-baselines3-master/risk_curriculum_metadrive/outputs/tuned_ablation_no_action_guard_nenv16_seed2_1m/runs/no_action_guard_ppo_s2/model/final_model.zip,results/ijmlc_control/raw_csv/p1_d015_nonmotion_parallel_20260701_1645_no_action_guard_s2_episodes.csv
no_action_guard,no_guard_negative_control,no_action_guard,ppo,2,0.15,10000,10016,16,0.0,1.0,0.2968522313713662,0.0,0.0,0.0,1.0,135.0,90.81413410115636,-1105.0621988210155,41.16249247756208,48.6658232996291,14.190654943032902,0.0074074074074074,0.0,0.2968522313713662,153.29160604689866,,,0.0,0.0,0.0,0.0,0.0,0.0,0.0,0.0,0.8738645851499988,0.8527239988325164,1.143213696195744,1.271025142923463,5.024392259440868,6.049567398440559,5.8982568445908665,7.010510998952668,0.8738645851499988,1.143213696195744,/home/aaa/data/qj/stable-baselines3-master/risk_curriculum_metadrive/outputs/tuned_ablation_no_action_guard_nenv16_seed2_1m/runs/no_action_guard_ppo_s2/config.json,/home/aaa/data/qj/stable-baselines3-master/risk_curriculum_metadrive/outputs/tuned_ablation_no_action_guard_nenv16_seed2_1m/runs/no_action_guard_ppo_s2/model/final_model.zip,results/ijmlc_control/raw_csv/p1_d015_nonmotion_parallel_20260701_1645_no_action_guard_s2_episodes.csv
no_action_guard,no_guard_negative_control,no_action_guard,ppo,2,0.15,10000,10017,17,0.0,1.0,0.1917670706887538,1.0,1.0,0.0,0.0,122.0,75.0530897611608,-1361.2926532548072,43.96857979346896,51.17978867960667,13.96229441953717,0.0,1.0,0.1917670706887538,147.96041501681265,3.449106473196017,0.388023126076317,0.0700892912033113,0.75,0.0,0.0,0.0,0.0,0.0,0.0,0.7886294504297424,0.7772195021971129,1.0438437973789405,1.3118659610336163,6.15416696716432,8.695042506587924,6.942796417594063,9.59644315735204,0.7886294504297424,1.0438437973789405,/home/aaa/data/qj/stable-baselines3-master/risk_curriculum_metadrive/outputs/tuned_ablation_no_action_guard_nenv16_seed2_1m/runs/no_action_guard_ppo_s2/config.json,/home/aaa/data/qj/stable-baselines3-master/risk_curriculum_metadrive/outputs/tuned_ablation_no_action_guard_nenv16_seed2_1m/runs/no_action_guard_ppo_s2/model/final_model.zip,results/ijmlc_control/raw_csv/p1_d015_nonmotion_parallel_20260701_1645_no_action_guard_s2_episodes.csv
no_action_guard,no_guard_negative_control,no_action_guard,ppo,2,0.15,10000,10018,18,0.0,1.0,0.2617377300484471,1.0,1.0,0.0,0.0,125.0,44.68073644897073,-891.2809034581943,33.78873156220773,37.291556718504566,14.365482613298171,0.0,0.0,0.2617377300484471,116.51483025704924,10.06768918795338,1.4556473940195938,0.3666391351761788,0.5432098765432098,0.0,0.0,0.0,0.0,0.0,0.0,0.7876400081440806,0.7523759995820001,1.1117073969217015,1.247041601454839,5.47438979963772,6.588502004160546,6.262029807781801,7.546537194866687,0.7876400081440806,1.1117073969217015,/home/aaa/data/qj/stable-baselines3-master/risk_curriculum_metadrive/outputs/tuned_ablation_no_action_guard_nenv16_seed2_1m/runs/no_action_guard_ppo_s2/config.json,/home/aaa/data/qj/stable-baselines3-master/risk_curriculum_metadrive/outputs/tuned_ablation_no_action_guard_nenv16_seed2_1m/runs/no_action_guard_ppo_s2/model/final_model.zip,results/ijmlc_control/raw_csv/p1_d015_nonmotion_parallel_20260701_1645_no_action_guard_s2_episodes.csv
no_action_guard,no_guard_negative_control,no_action_guard,ppo,2,0.15,10000,10019,19,0.0,1.0,0.1084601645632147,1.0,1.0,0.0,0.0,88.0,32.379010272873344,-736.093091974167,36.757560783577794,44.185132178574335,10.656927790818155,0.0,1.0,0.1084601645632147,89.44102531481933,1.283307049948011,0.3169444226431509,0.1420773686559923,1.0,0.0,0.0,0.0,0.0,0.0,0.0,0.8746695783140074,0.8702314953552559,1.1295212010736573,1.217944781674305,5.648352409314777,7.102359148848335,6.523021987628784,7.956957950227661,0.8746695783140074,1.1295212010736573,/home/aaa/data/qj/stable-baselines3-master/risk_curriculum_metadrive/outputs/tuned_ablation_no_action_guard_nenv16_seed2_1m/runs/no_action_guard_ppo_s2/config.json,/home/aaa/data/qj/stable-baselines3-master/risk_curriculum_metadrive/outputs/tuned_ablation_no_action_guard_nenv16_seed2_1m/runs/no_action_guard_ppo_s2/model/final_model.zip,results/ijmlc_control/raw_csv/p1_d015_nonmotion_parallel_20260701_1645_no_action_guard_s2_episodes.csv
no_action_guard,no_guard_negative_control,no_action_guard,ppo,2,0.15,20000,20000,0,0.0,1.0,0.3032072360768321,0.0,0.0,0.0,1.0,92.0,57.771719809609706,-1096.3276424346857,42.1705821278086,47.86115133418587,10.66101866811214,0.0,0.0,0.3032072360768321,106.42497838118952,6.281316662334828,2.12759538429396,0.1605789705322648,0.4193548387096774,0.0,0.0,0.0,0.0,0.0,0.0,0.8534524352833851,0.8463244957965799,1.0829762992216274,1.1749371442419954,3.1540509778057206,3.821263698046096,4.007503413089106,4.812708052486414,0.8534524352833851,1.0829762992216274,/home/aaa/data/qj/stable-baselines3-master/risk_curriculum_metadrive/outputs/tuned_ablation_no_action_guard_nenv16_seed2_1m/runs/no_action_guard_ppo_s2/config.json,/home/aaa/data/qj/stable-baselines3-master/risk_curriculum_metadrive/outputs/tuned_ablation_no_action_guard_nenv16_seed2_1m/runs/no_action_guard_ppo_s2/model/final_model.zip,results/ijmlc_control/raw_csv/p1_d015_nonmotion_parallel_20260701_1645_no_action_guard_s2_episodes.csv
no_action_guard,no_guard_negative_control,no_action_guard,ppo,2,0.15,20000,20001,1,0.0,1.0,0.1115156269000178,0.0,0.0,0.0,1.0,63.0,15.59061625644366,-642.3092068352129,31.150842667923676,31.043584639134675,7.168606478623394,0.0158730158730158,1.0,0.1115156269000178,53.22723447731397,11.459070652105078,0.4587817923158827,0.4851352624306846,0.673469387755102,0.0,0.0,0.0,0.0,0.0,0.0,0.8803561746996517,0.8752319990890101,1.134408604411874,1.2928979136631829,4.210339095729906,4.8791023989906535,5.090695270429557,5.959136001183651,0.8803561746996517,1.134408604411874,/home/aaa/data/qj/stable-baselines3-master/risk_curriculum_metadrive/outputs/tuned_ablation_no_action_guard_nenv16_seed2_1m/runs/no_action_guard_ppo_s2/config.json,/home/aaa/data/qj/stable-baselines3-master/risk_curriculum_metadrive/outputs/tuned_ablation_no_action_guard_nenv16_seed2_1m/runs/no_action_guard_ppo_s2/model/final_model.zip,results/ijmlc_control/raw_csv/p1_d015_nonmotion_parallel_20260701_1645_no_action_guard_s2_episodes.csv
no_action_guard,no_guard_negative_control,no_action_guard,ppo,2,0.15,20000,20002,2,0.0,1.0,0.1515490506222733,1.0,1.0,0.0,0.0,74.0,50.3600349671411,-484.9935038657033,34.216534504104786,39.020015202807656,9.167101135732036,0.0,1.0,0.1515490506222733,69.0450936778471,,,0.0,0.0,0.0,0.0,0.0,0.0,0.0,0.0,0.8443242575693246,0.8148365013767034,1.140409602521686,1.271662064245902,4.800037769765933,6.070167699363083,5.644362027335258,6.8373309972230345,0.8443242575693246,1.140409602521686,/home/aaa/data/qj/stable-baselines3-master/risk_curriculum_metadrive/outputs/tuned_ablation_no_action_guard_nenv16_seed2_1m/runs/no_action_guard_ppo_s2/config.json,/home/aaa/data/qj/stable-baselines3-master/risk_curriculum_metadrive/outputs/tuned_ablation_no_action_guard_nenv16_seed2_1m/runs/no_action_guard_ppo_s2/model/final_model.zip,results/ijmlc_control/raw_csv/p1_d015_nonmotion_parallel_20260701_1645_no_action_guard_s2_episodes.csv
no_action_guard,no_guard_negative_control,no_action_guard,ppo,2,0.15,20000,20003,3,0.0,1.0,0.2042471194473962,1.0,1.0,0.0,0.0,113.0,63.83090611666391,-1458.6193566425727,43.866860818839534,52.09120309188271,12.370931700526102,0.0,0.0,0.2042471194473962,136.33974056913672,7.8114063492705315,0.1047883746941152,0.337252078699043,0.6,0.0,0.0,0.0,0.0,0.0,0.0,0.8830046381665377,0.8532719948561862,1.144093394395895,1.2646851572208104,6.9444471156581065,7.853644603164867,7.827451753824644,8.911149192135781,0.8830046381665377,1.144093394395895,/home/aaa/data/qj/stable-baselines3-master/risk_curriculum_metadrive/outputs/tuned_ablation_no_action_guard_nenv16_seed2_1m/runs/no_action_guard_ppo_s2/config.json,/home/aaa/data/qj/stable-baselines3-master/risk_curriculum_metadrive/outputs/tuned_ablation_no_action_guard_nenv16_seed2_1m/runs/no_action_guard_ppo_s2/model/final_model.zip,results/ijmlc_control/raw_csv/p1_d015_nonmotion_parallel_20260701_1645_no_action_guard_s2_episodes.csv
no_action_guard,no_guard_negative_control,no_action_guard,ppo,2,0.15,20000,20004,4,0.0,1.0,0.0994204830893821,1.0,1.0,0.0,0.0,60.0,28.136602432436867,-494.9619716625188,28.1412209682972,27.9398301530378,6.9323188839299945,0.0166666666666666,1.0,0.0994204830893821,45.99313270619113,12.303143484346394,0.3946713042043824,0.4772011940953388,0.5769230769230769,0.0,0.0,0.0,0.0,0.0,0.0,0.9078637830195172,0.8947429960244335,1.2922306545078752,1.4286221770453265,4.24339931535845,5.037138904299354,5.151263098377967,6.1574054961965885,0.9078637830195172,1.2922306545078752,/home/aaa/data/qj/stable-baselines3-master/risk_curriculum_metadrive/outputs/tuned_ablation_no_action_guard_nenv16_seed2_1m/runs/no_action_guard_ppo_s2/config.json,/home/aaa/data/qj/stable-baselines3-master/risk_curriculum_metadrive/outputs/tuned_ablation_no_action_guard_nenv16_seed2_1m/runs/no_action_guard_ppo_s2/model/final_model.zip,results/ijmlc_control/raw_csv/p1_d015_nonmotion_parallel_20260701_1645_no_action_guard_s2_episodes.csv
no_action_guard,no_guard_negative_control,no_action_guard,ppo,2,0.15,20000,20005,5,0.0,1.0,0.1146965905065338,1.0,1.0,0.0,0.0,73.0,25.3247507771886,-619.6982062855543,31.38895629744383,36.05668602644518,8.126017908783602,0.0136986301369863,1.0,0.1146965905065338,62.7867156965525,11.615731597647088,1.1785125440744972,0.4480988905817634,0.6,0.0,0.0,0.0,0.0,0.0,0.0,0.8888504241054164,0.8665509958518669,1.146686999709345,1.4207792695378894,7.678726848895814,9.371601001475938,8.56757727300123,10.31071160105057,0.8888504241054164,1.146686999709345,/home/aaa/data/qj/stable-baselines3-master/risk_curriculum_metadrive/outputs/tuned_ablation_no_action_guard_nenv16_seed2_1m/runs/no_action_guard_ppo_s2/config.json,/home/aaa/data/qj/stable-baselines3-master/risk_curriculum_metadrive/outputs/tuned_ablation_no_action_guard_nenv16_seed2_1m/runs/no_action_guard_ppo_s2/model/final_model.zip,results/ijmlc_control/raw_csv/p1_d015_nonmotion_parallel_20260701_1645_no_action_guard_s2_episodes.csv
no_action_guard,no_guard_negative_control,no_action_guard,ppo,2,0.15,20000,20006,6,0.0,1.0,0.1132964316439059,0.0,0.0,0.0,1.0,72.0,37.73578117233227,-512.3908838824141,32.888106496631,35.596968129036576,7.947869014590555,0.0138888888888888,1.0,0.1132964316439059,64.68007313803184,,,0.0,0.0,0.0,0.0,0.0,0.0,0.0,0.0,0.819221653121834,0.7374085034825839,1.0655026489985175,2.177852081804305,4.52512329118488,5.751449153467547,5.344344944306714,6.711521900433581,0.819221653121834,1.0655026489985175,/home/aaa/data/qj/stable-baselines3-master/risk_curriculum_metadrive/outputs/tuned_ablation_no_action_guard_nenv16_seed2_1m/runs/no_action_guard_ppo_s2/config.json,/home/aaa/data/qj/stable-baselines3-master/risk_curriculum_metadrive/outputs/tuned_ablation_no_action_guard_nenv16_seed2_1m/runs/no_action_guard_ppo_s2/model/final_model.zip,results/ijmlc_control/raw_csv/p1_d015_nonmotion_parallel_20260701_1645_no_action_guard_s2_episodes.csv
no_action_guard,no_guard_negative_control,no_action_guard,ppo,2,0.15,20000,20007,7,0.0,1.0,0.1391054050085637,0.0,0.0,0.0,1.0,71.0,27.269619613402497,-495.4013097422005,30.64220738346608,34.188897027252345,8.573219965580003,0.0,1.0,0.1391054050085637,59.41545078216044,16.205296030859223,3.5374198939993,0.2010357417488146,0.1621621621621621,0.0,0.0,0.0,0.0,0.0,0.0,0.8800023653082104,0.8560420101275668,1.206059991091024,1.3848449059878467,4.090189535751231,4.613437507941853,4.970191901059441,5.662528485117946,0.8800023653082104,1.206059991091024,/home/aaa/data/qj/stable-baselines3-master/risk_curriculum_metadrive/outputs/tuned_ablation_no_action_guard_nenv16_seed2_1m/runs/no_action_guard_ppo_s2/config.json,/home/aaa/data/qj/stable-baselines3-master/risk_curriculum_metadrive/outputs/tuned_ablation_no_action_guard_nenv16_seed2_1m/runs/no_action_guard_ppo_s2/model/final_model.zip,results/ijmlc_control/raw_csv/p1_d015_nonmotion_parallel_20260701_1645_no_action_guard_s2_episodes.csv
no_action_guard,no_guard_negative_control,no_action_guard,ppo,2,0.15,20000,20008,8,0.0,1.0,0.1446817209411742,1.0,1.0,0.0,0.0,82.0,45.06927511456384,-965.6538845951018,40.70111785743679,43.110896744047935,9.472916441821308,0.0,1.0,0.1446817209411742,91.40011486448375,8.128523397190712,0.4780556970462434,0.1720310641654177,0.4333333333333333,0.0,0.0,0.0,0.0,0.0,0.0,0.937392840924298,0.8873670012690127,1.269492043502396,2.0407922958838745,6.519020621830927,7.893407597293844,7.456413462755225,8.972207853366854,0.937392840924298,1.269492043502396,/home/aaa/data/qj/stable-baselines3-master/risk_curriculum_metadrive/outputs/tuned_ablation_no_action_guard_nenv16_seed2_1m/runs/no_action_guard_ppo_s2/config.json,/home/aaa/data/qj/stable-baselines3-master/risk_curriculum_metadrive/outputs/tuned_ablation_no_action_guard_nenv16_seed2_1m/runs/no_action_guard_ppo_s2/model/final_model.zip,results/ijmlc_control/raw_csv/p1_d015_nonmotion_parallel_20260701_1645_no_action_guard_s2_episodes.csv
no_action_guard,no_guard_negative_control,no_action_guard,ppo,2,0.15,20000,20009,9,0.0,1.0,0.3764466700541743,0.0,0.0,0.0,1.0,127.0,97.26709831632266,-1501.2575726259045,45.67698184952745,53.80619267919809,13.933052995103107,0.0,0.0,0.3764466700541743,159.8537835021237,,,0.0,0.0,0.0,0.0,0.0,0.0,0.0,0.0,0.920881252547022,0.8727889944566414,1.2215344031574205,1.935730544792022,5.812769471557708,7.639291499799583,6.73365072410473,8.544512496155221,0.920881252547022,1.2215344031574205,/home/aaa/data/qj/stable-baselines3-master/risk_curriculum_metadrive/outputs/tuned_ablation_no_action_guard_nenv16_seed2_1m/runs/no_action_guard_ppo_s2/config.json,/home/aaa/data/qj/stable-baselines3-master/risk_curriculum_metadrive/outputs/tuned_ablation_no_action_guard_nenv16_seed2_1m/runs/no_action_guard_ppo_s2/model/final_model.zip,results/ijmlc_control/raw_csv/p1_d015_nonmotion_parallel_20260701_1645_no_action_guard_s2_episodes.csv
no_action_guard,no_guard_negative_control,no_action_guard,ppo,2,0.15,20000,20010,10,0.0,1.0,0.2925449959238848,0.0,0.0,0.0,1.0,108.0,82.82249967162795,-1217.110686508238,43.65860248216335,52.17091897255774,12.03449958949929,0.0,0.0,0.2925449959238848,129.66722364310743,2.541653151842349,2.19792259385722,0.0583848570873929,1.0,0.0,0.0,0.0,0.0,0.0,0.0,0.8263161754358508,0.7857399978092872,1.1279666003247255,2.1250199497444484,3.032724676611704,5.573008353530895,3.8590408520475545,6.267789199046092,0.8263161754358508,1.1279666003247255,/home/aaa/data/qj/stable-baselines3-master/risk_curriculum_metadrive/outputs/tuned_ablation_no_action_guard_nenv16_seed2_1m/runs/no_action_guard_ppo_s2/config.json,/home/aaa/data/qj/stable-baselines3-master/risk_curriculum_metadrive/outputs/tuned_ablation_no_action_guard_nenv16_seed2_1m/runs/no_action_guard_ppo_s2/model/final_model.zip,results/ijmlc_control/raw_csv/p1_d015_nonmotion_parallel_20260701_1645_no_action_guard_s2_episodes.csv
no_action_guard,no_guard_negative_control,no_action_guard,ppo,2,0.15,20000,20011,11,0.0,1.0,0.3890356666073161,1.0,1.0,0.0,0.0,201.0,67.84133104802319,-1857.580712687648,40.505148815715565,41.99117933704671,21.86343467966153,0.0,0.0,0.3890356666073161,225.3643981629384,3.4731164198363027,0.3959484821993186,0.1917049043296598,0.8703703703703703,0.0,0.0,0.0,0.0,0.0,0.0,0.8932502283071821,0.8470000029774383,1.238411001395434,2.0985129958717152,9.9748692881265,10.948540992103515,10.86811951643368,12.221671000588683,0.8932502283071821,1.238411001395434,/home/aaa/data/qj/stable-baselines3-master/risk_curriculum_metadrive/outputs/tuned_ablation_no_action_guard_nenv16_seed2_1m/runs/no_action_guard_ppo_s2/config.json,/home/aaa/data/qj/stable-baselines3-master/risk_curriculum_metadrive/outputs/tuned_ablation_no_action_guard_nenv16_seed2_1m/runs/no_action_guard_ppo_s2/model/final_model.zip,results/ijmlc_control/raw_csv/p1_d015_nonmotion_parallel_20260701_1645_no_action_guard_s2_episodes.csv
no_action_guard,no_guard_negative_control,no_action_guard,ppo,2,0.15,20000,20012,12,0.0,1.0,0.1313239551306222,0.0,0.0,0.0,1.0,77.0,37.16480796889181,-616.6235671285564,35.399744630101225,40.63416075634404,8.97487344910487,0.0,1.0,0.1313239551306222,74.62332474056204,2.010558587035042,1.67709516569494,0.0324332513407953,1.0,0.0,0.0,0.0,0.0,0.0,0.0,0.8518540904427843,0.8343280060216784,1.057804806623608,1.3747246452840012,3.813050221462807,4.458937802701257,4.664904311905591,5.454597403877415,0.8518540904427843,1.057804806623608,/home/aaa/data/qj/stable-baselines3-master/risk_curriculum_metadrive/outputs/tuned_ablation_no_action_guard_nenv16_seed2_1m/runs/no_action_guard_ppo_s2/config.json,/home/aaa/data/qj/stable-baselines3-master/risk_curriculum_metadrive/outputs/tuned_ablation_no_action_guard_nenv16_seed2_1m/runs/no_action_guard_ppo_s2/model/final_model.zip,results/ijmlc_control/raw_csv/p1_d015_nonmotion_parallel_20260701_1645_no_action_guard_s2_episodes.csv
no_action_guard,no_guard_negative_control,no_action_guard,ppo,2,0.15,20000,20013,13,0.0,1.0,0.1347653937766962,0.0,0.0,0.0,1.0,98.0,62.57981234381883,-751.9569833343628,37.6554534225073,47.2586072958112,10.579569443639883,0.010204081632653,1.0,0.1347653937766962,101.40736926483834,,,0.0,0.0,0.0,0.0,0.0,0.0,0.0,0.0,0.9133618165220952,0.8397720084758475,1.4364056034537496,2.3022164036228787,5.057976713905358,5.413432203204138,5.971338530427453,6.691960646276124,0.9133618165220952,1.4364056034537496,/home/aaa/data/qj/stable-baselines3-master/risk_curriculum_metadrive/outputs/tuned_ablation_no_action_guard_nenv16_seed2_1m/runs/no_action_guard_ppo_s2/config.json,/home/aaa/data/qj/stable-baselines3-master/risk_curriculum_metadrive/outputs/tuned_ablation_no_action_guard_nenv16_seed2_1m/runs/no_action_guard_ppo_s2/model/final_model.zip,results/ijmlc_control/raw_csv/p1_d015_nonmotion_parallel_20260701_1645_no_action_guard_s2_episodes.csv
no_action_guard,no_guard_negative_control,no_action_guard,ppo,2,0.15,20000,20014,14,0.0,1.0,0.4722925330098628,1.0,1.0,0.0,0.0,242.0,132.86911323361792,-1891.8852241978843,39.51605704277311,39.224964642495216,24.581463614161404,0.0041322314049586,0.0,0.4722925330098628,264.7492497519345,6.3096103902915255,0.0128261824897238,0.2201348780835576,0.5263157894736842,0.0,0.0,0.0,0.0,0.0,0.0,0.8679133963656673,0.8338644984178245,1.1381256001186555,1.703779877134366,5.469764715042793,7.923029691301053,6.33767811140846,8.815488386608195,0.8679133963656673,1.1381256001186555,/home/aaa/data/qj/stable-baselines3-master/risk_curriculum_metadrive/outputs/tuned_ablation_no_action_guard_nenv16_seed2_1m/runs/no_action_guard_ppo_s2/config.json,/home/aaa/data/qj/stable-baselines3-master/risk_curriculum_metadrive/outputs/tuned_ablation_no_action_guard_nenv16_seed2_1m/runs/no_action_guard_ppo_s2/model/final_model.zip,results/ijmlc_control/raw_csv/p1_d015_nonmotion_parallel_20260701_1645_no_action_guard_s2_episodes.csv
no_action_guard,no_guard_negative_control,no_action_guard,ppo,2,0.15,20000,20015,15,0.0,1.0,0.1256134036749014,0.0,0.0,0.0,1.0,101.0,33.409800199318816,-1105.8022955712006,41.281533005008285,49.5537405728868,11.823312175991225,0.0,1.0,0.1256134036749014,114.69067216533156,0.605467412252616,0.2990129880571703,0.0658100066949106,1.0,0.0,0.0,0.0,0.0,0.0,0.0,0.8646338327446639,0.8171399967977777,1.1766229872591794,1.9286280003143477,3.84032437655646,4.492417996516451,4.704958209301124,5.475690995808691,0.8646338327446639,1.1766229872591794,/home/aaa/data/qj/stable-baselines3-master/risk_curriculum_metadrive/outputs/tuned_ablation_no_action_guard_nenv16_seed2_1m/runs/no_action_guard_ppo_s2/config.json,/home/aaa/data/qj/stable-baselines3-master/risk_curriculum_metadrive/outputs/tuned_ablation_no_action_guard_nenv16_seed2_1m/runs/no_action_guard_ppo_s2/model/final_model.zip,results/ijmlc_control/raw_csv/p1_d015_nonmotion_parallel_20260701_1645_no_action_guard_s2_episodes.csv
no_action_guard,no_guard_negative_control,no_action_guard,ppo,2,0.15,20000,20016,16,0.0,1.0,0.3129404440803819,0.0,0.0,0.0,1.0,241.0,70.88000124031012,-1385.1864596751157,34.70838246132574,34.351747173816925,26.5675030789409,0.0,0.0,0.3129404440803819,231.53913343551528,56.81158390111146,2.249353744423668,0.1597707041293071,0.3298969072164948,0.0,0.0,0.0,0.0,0.0,0.0,0.8938348299245972,0.8336320024682209,1.2451450020307675,1.8043012038106097,7.297219361308517,8.13697199919261,8.191054191233114,9.188123003696091,0.8938348299245972,1.2451450020307675,/home/aaa/data/qj/stable-baselines3-master/risk_curriculum_metadrive/outputs/tuned_ablation_no_action_guard_nenv16_seed2_1m/runs/no_action_guard_ppo_s2/config.json,/home/aaa/data/qj/stable-baselines3-master/risk_curriculum_metadrive/outputs/tuned_ablation_no_action_guard_nenv16_seed2_1m/runs/no_action_guard_ppo_s2/model/final_model.zip,results/ijmlc_control/raw_csv/p1_d015_nonmotion_parallel_20260701_1645_no_action_guard_s2_episodes.csv
no_action_guard,no_guard_negative_control,no_action_guard,ppo,2,0.15,20000,20017,17,0.0,1.0,0.1249572734129883,0.0,0.0,0.0,1.0,74.0,40.13418792812158,-593.4441778610109,34.82816834743718,38.73284823590981,8.626624766012727,0.0,1.0,0.1249572734129883,70.49578165423178,17.61117112316579,3.552611792169177,0.0416660608357889,0.1428571428571428,0.0,0.0,0.0,0.0,0.0,0.0,0.8342780133102063,0.7711639991612174,1.1065554950619114,1.3025238440604865,5.972033214159121,7.27745935000712,6.806311227469328,8.14570995135,0.8342780133102063,1.1065554950619114,/home/aaa/data/qj/stable-baselines3-master/risk_curriculum_metadrive/outputs/tuned_ablation_no_action_guard_nenv16_seed2_1m/runs/no_action_guard_ppo_s2/config.json,/home/aaa/data/qj/stable-baselines3-master/risk_curriculum_metadrive/outputs/tuned_ablation_no_action_guard_nenv16_seed2_1m/runs/no_action_guard_ppo_s2/model/final_model.zip,results/ijmlc_control/raw_csv/p1_d015_nonmotion_parallel_20260701_1645_no_action_guard_s2_episodes.csv
no_action_guard,no_guard_negative_control,no_action_guard,ppo,2,0.15,20000,20018,18,0.0,1.0,0.129547782300842,0.0,0.0,0.0,1.0,122.0,39.74606244512511,-881.1388931301111,35.608280989553776,36.22850034126061,13.510880139400744,0.0,1.0,0.129547782300842,119.95061808143222,5.294889108972124,5.283848911710932,0.009159987556049,0.0,0.0,0.0,0.0,0.0,0.0,0.0,0.8542244676853622,0.815274499473162,1.1320601013721894,2.0215789388748764,6.067582081786746,11.631493756431157,6.921806549472108,12.53191085488652,0.8542244676853622,1.1320601013721894,/home/aaa/data/qj/stable-baselines3-master/risk_curriculum_metadrive/outputs/tuned_ablation_no_action_guard_nenv16_seed2_1m/runs/no_action_guard_ppo_s2/config.json,/home/aaa/data/qj/stable-baselines3-master/risk_curriculum_metadrive/outputs/tuned_ablation_no_action_guard_nenv16_seed2_1m/runs/no_action_guard_ppo_s2/model/final_model.zip,results/ijmlc_control/raw_csv/p1_d015_nonmotion_parallel_20260701_1645_no_action_guard_s2_episodes.csv
no_action_guard,no_guard_negative_control,no_action_guard,ppo,2,0.15,20000,20019,19,0.0,1.0,0.098681864546756,0.0,0.0,0.0,1.0,63.0,-3.270017911484981,-460.4201106759064,30.931264618212275,32.03315365289188,7.115057297419112,0.0158730158730158,1.0,0.098681864546756,52.940893073365466,,,0.0,0.0,0.0,0.0,0.0,0.0,0.0,0.0,0.8525884916288926,0.8001589885680005,1.0827563077327795,1.6243385153939034,4.941727541061858,5.643685498216655,5.79431603269075,6.56591049337294,0.8525884916288926,1.0827563077327795,/home/aaa/data/qj/stable-baselines3-master/risk_curriculum_metadrive/outputs/tuned_ablation_no_action_guard_nenv16_seed2_1m/runs/no_action_guard_ppo_s2/config.json,/home/aaa/data/qj/stable-baselines3-master/risk_curriculum_metadrive/outputs/tuned_ablation_no_action_guard_nenv16_seed2_1m/runs/no_action_guard_ppo_s2/model/final_model.zip,results/ijmlc_control/raw_csv/p1_d015_nonmotion_parallel_20260701_1645_no_action_guard_s2_episodes.csv
risk_only,non_motion_negative_control,risk,ppo,0,0.15,10000,10000,0,0.0,0.0,0.0093843484844785,0.0,0.0,0.0,0.0,1500.0,-0.0070849810471638,-224.75071978892325,0.0139097931390217,0.0124776658419207,0.0124692360057764,1.0,1.0,9384.348484478516,0.1524829684977964,12810.835401184528,863.177267797417,0.0,0.0,0.0,0.0,0.0,0.0,0.0,0.0,0.7546703407521514,0.6481605014414527,1.0400763960205948,1.5168476365215604,2.869735215926388,3.889558059017872,3.624405556678539,4.733354289783165,0.7546703407521514,1.0400763960205948,/home/aaa/data/qj/stable-baselines3-master/risk_curriculum_metadrive/outputs/tuned_compare_risk_nenv16_seed0_1m/runs/risk_ppo_s0/config.json,/home/aaa/data/qj/stable-baselines3-master/risk_curriculum_metadrive/outputs/tuned_compare_risk_nenv16_seed0_1m/runs/risk_ppo_s0/model/final_model.zip,results/ijmlc_control/raw_csv/p1_d015_nonmotion_parallel_20260701_1645_risk_only_s0_episodes.csv
risk_only,non_motion_negative_control,risk,ppo,0,0.15,10000,10001,1,0.0,0.0,0.0096502523376753,0.0,0.0,0.0,0.0,1500.0,0.0152390172956091,-224.51336922279685,0.0131820084217913,0.0124778014385341,0.0124693547719314,1.0,1.0,9650.252337675342,0.127657415791671,,,0.0,0.0,0.0,0.0,0.0,0.0,0.0,0.0,0.8769502376380842,0.8400044971494935,1.215651491656899,1.9999095458479128,3.034863828846331,3.387657197890803,3.911814066484416,4.491884657909395,0.8769502376380842,1.215651491656899,/home/aaa/data/qj/stable-baselines3-master/risk_curriculum_metadrive/outputs/tuned_compare_risk_nenv16_seed0_1m/runs/risk_ppo_s0/config.json,/home/aaa/data/qj/stable-baselines3-master/risk_curriculum_metadrive/outputs/tuned_compare_risk_nenv16_seed0_1m/runs/risk_ppo_s0/model/final_model.zip,results/ijmlc_control/raw_csv/p1_d015_nonmotion_parallel_20260701_1645_risk_only_s0_episodes.csv
risk_only,non_motion_negative_control,risk,ppo,0,0.15,10000,10002,2,0.0,0.0,0.0089113599740397,0.0,0.0,0.0,0.0,1500.0,-0.0083074753874354,-224.6952550832937,0.0139464636029475,0.0124778018333449,0.0124692338293731,1.0,1.0,8911.359974039755,0.1543703859217396,,,0.0,0.0,0.0,0.0,0.0,0.0,0.0,0.0,0.7676873961463571,0.7285565006895922,1.1371929555025415,2.015818814106751,3.56808941794831,5.16127058872371,4.335776814094667,6.165230142505607,0.7676873961463571,1.1371929555025415,/home/aaa/data/qj/stable-baselines3-master/risk_curriculum_metadrive/outputs/tuned_compare_risk_nenv16_seed0_1m/runs/risk_ppo_s0/config.json,/home/aaa/data/qj/stable-baselines3-master/risk_curriculum_metadrive/outputs/tuned_compare_risk_nenv16_seed0_1m/runs/risk_ppo_s0/model/final_model.zip,results/ijmlc_control/raw_csv/p1_d015_nonmotion_parallel_20260701_1645_risk_only_s0_episodes.csv
risk_only,non_motion_negative_control,risk,ppo,0,0.15,10000,10003,3,0.0,0.0,0.0105357909016466,0.0,0.0,0.0,0.0,1500.0,-0.0080226965784647,-224.6546706863848,0.0139376800641717,0.0124777949348869,0.0124693592431774,1.0,1.0,10535.790901646684,0.1538683028664041,38087.5271886087,729.0901332432817,0.0,0.0,0.0,0.0,0.0,0.0,0.0,0.0,0.6656118173947713,0.6436625044443645,1.0196945047937331,1.4422483425005332,1.996520049297639,2.800422651489498,2.6621318666924103,3.6824664392042905,0.6656118173947713,1.0196945047937331,/home/aaa/data/qj/stable-baselines3-master/risk_curriculum_metadrive/outputs/tuned_compare_risk_nenv16_seed0_1m/runs/risk_ppo_s0/config.json,/home/aaa/data/qj/stable-baselines3-master/risk_curriculum_metadrive/outputs/tuned_compare_risk_nenv16_seed0_1m/runs/risk_ppo_s0/model/final_model.zip,results/ijmlc_control/raw_csv/p1_d015_nonmotion_parallel_20260701_1645_risk_only_s0_episodes.csv
risk_only,non_motion_negative_control,risk,ppo,0,0.15,10000,10004,4,0.0,0.0,0.0088571308409052,0.0,0.0,0.0,0.0,1500.0,-0.0050555727399297,-224.67418068699644,0.0138564940626159,0.0124775874747828,0.0124695544085707,1.0,1.0,8857.1308409052,0.1494512306411067,7545.078052380272,659.9264839724672,0.0,0.0,0.0,0.0,0.0,0.0,0.0,0.0,0.7328617211508875,0.7075969988363795,1.0128136877028735,1.4331947133177891,3.236012038202413,4.418695589993148,3.968873759353301,5.330002895789221,0.7328617211508875,1.0128136877028735,/home/aaa/data/qj/stable-baselines3-master/risk_curriculum_metadrive/outputs/tuned_compare_risk_nenv16_seed0_1m/runs/risk_ppo_s0/config.json,/home/aaa/data/qj/stable-baselines3-master/risk_curriculum_metadrive/outputs/tuned_compare_risk_nenv16_seed0_1m/runs/risk_ppo_s0/model/final_model.zip,results/ijmlc_control/raw_csv/p1_d015_nonmotion_parallel_20260701_1645_risk_only_s0_episodes.csv
risk_only,non_motion_negative_control,risk,ppo,0,0.15,10000,10005,5,0.0,0.0,0.0100377009211108,0.0,0.0,0.0,0.0,1500.0,-0.0081963984236827,-224.64839286583504,0.013943250287962,0.0124777932578765,0.0124692999290612,1.0,1.0,10037.700921110898,0.1541335329701313,18104.614104315137,895.987235178771,0.0,0.0,0.0,0.0,0.0,0.0,0.0,0.0,0.8342571488465182,0.7844845022191294,1.1526553520525338,1.972842581599252,3.229035816747152,3.385589642857667,4.063292965593671,4.477586185385007,0.8342571488465182,1.1526553520525338,/home/aaa/data/qj/stable-baselines3-master/risk_curriculum_metadrive/outputs/tuned_compare_risk_nenv16_seed0_1m/runs/risk_ppo_s0/config.json,/home/aaa/data/qj/stable-baselines3-master/risk_curriculum_metadrive/outputs/tuned_compare_risk_nenv16_seed0_1m/runs/risk_ppo_s0/model/final_model.zip,results/ijmlc_control/raw_csv/p1_d015_nonmotion_parallel_20260701_1645_risk_only_s0_episodes.csv
risk_only,non_motion_negative_control,risk,ppo,0,0.15,10000,10006,6,0.0,0.0,0.0078908644949458,0.0,0.0,0.0,0.0,1500.0,-0.0079842298751403,-224.7928124948388,0.0139370920862899,0.0124777978493281,0.0124693732249069,1.0,1.0,7890.864494945827,0.1538381817454569,12761.057657456298,728.6543166898188,0.0,0.0,0.0,0.0,0.0,0.0,0.0,0.0,0.84354780682285,0.7984214971656911,1.163361298677046,1.6381631827971417,3.1617742545107226,3.2924646606261376,4.0053220613335725,4.405761133966735,0.84354780682285,1.163361298677046,/home/aaa/data/qj/stable-baselines3-master/risk_curriculum_metadrive/outputs/tuned_compare_risk_nenv16_seed0_1m/runs/risk_ppo_s0/config.json,/home/aaa/data/qj/stable-baselines3-master/risk_curriculum_metadrive/outputs/tuned_compare_risk_nenv16_seed0_1m/runs/risk_ppo_s0/model/final_model.zip,results/ijmlc_control/raw_csv/p1_d015_nonmotion_parallel_20260701_1645_risk_only_s0_episodes.csv
risk_only,non_motion_negative_control,risk,ppo,0,0.15,10000,10007,7,0.0,0.0,0.0059855791875688,0.0,0.0,0.0,0.0,1500.0,0.0168610426422941,-224.64663800305385,0.0131123800856082,0.0124774505944448,0.0124692918669131,1.0,1.0,5985.579187568809,0.1258204336947037,,,0.0,0.0,0.0,0.0,0.0,0.0,0.0,0.0,0.8120401440828573,0.7811940085957758,1.1661496049782727,1.595764088560827,4.781714355398435,5.818436759000178,5.593754499481292,6.836580746312393,0.8120401440828573,1.1661496049782727,/home/aaa/data/qj/stable-baselines3-master/risk_curriculum_metadrive/outputs/tuned_compare_risk_nenv16_seed0_1m/runs/risk_ppo_s0/config.json,/home/aaa/data/qj/stable-baselines3-master/risk_curriculum_metadrive/outputs/tuned_compare_risk_nenv16_seed0_1m/runs/risk_ppo_s0/model/final_model.zip,results/ijmlc_control/raw_csv/p1_d015_nonmotion_parallel_20260701_1645_risk_only_s0_episodes.csv
risk_only,non_motion_negative_control,risk,ppo,0,0.15,10000,10008,8,0.0,0.0,0.0098570554135302,0.0,0.0,0.0,0.0,1500.0,0.0151106663446173,-224.50212669215716,0.0131865413992461,0.0124778127771815,0.0124692245992999,1.0,1.0,9857.055413530295,0.1277985592943374,,,0.0,0.0,0.0,0.0,0.0,0.0,0.0,0.0,0.6792722727016857,0.6613259974983521,1.0058654021122493,1.2604780476249289,2.1445916185039096,2.744412391621154,2.8238638912055958,3.710065149061848,0.6792722727016857,1.0058654021122493,/home/aaa/data/qj/stable-baselines3-master/risk_curriculum_metadrive/outputs/tuned_compare_risk_nenv16_seed0_1m/runs/risk_ppo_s0/config.json,/home/aaa/data/qj/stable-baselines3-master/risk_curriculum_metadrive/outputs/tuned_compare_risk_nenv16_seed0_1m/runs/risk_ppo_s0/model/final_model.zip,results/ijmlc_control/raw_csv/p1_d015_nonmotion_parallel_20260701_1645_risk_only_s0_episodes.csv
risk_only,non_motion_negative_control,risk,ppo,0,0.15,10000,10009,9,0.0,0.0,0.0106696979713217,0.0,0.0,0.0,0.0,1500.0,-0.0075217339192844,-224.6656895119078,0.0139234322899299,0.0124777810335119,0.0124694240186203,1.0,1.0,10669.697971321732,0.1531675735197664,37654.27188246632,717.3463312972492,0.0,0.0,0.0,0.0,0.0,0.0,0.0,0.0,0.5607743712122707,0.518787004693877,0.8478098512568977,1.1310267982480582,1.4635135928595748,1.8895657027314876,2.0242879640718456,2.6801326479471754,0.5607743712122707,0.8478098512568977,/home/aaa/data/qj/stable-baselines3-master/risk_curriculum_metadrive/outputs/tuned_compare_risk_nenv16_seed0_1m/runs/risk_ppo_s0/config.json,/home/aaa/data/qj/stable-baselines3-master/risk_curriculum_metadrive/outputs/tuned_compare_risk_nenv16_seed0_1m/runs/risk_ppo_s0/model/final_model.zip,results/ijmlc_control/raw_csv/p1_d015_nonmotion_parallel_20260701_1645_risk_only_s0_episodes.csv
risk_only,non_motion_negative_control,risk,ppo,0,0.15,10000,10010,10,0.0,0.0,0.0086613901195352,0.0,0.0,0.0,0.0,1500.0,0.0136314580701866,-224.56431365835263,0.0132357709982454,0.0124776245877359,0.0124692427937254,1.0,1.0,8661.390119535265,0.1297675673461729,,,0.0,0.0,0.0,0.0,0.0,0.0,0.0,0.0,0.6112781613095043,0.5691115002264269,0.8813570006168447,1.2195541607798075,2.8243977351521607,3.597635204641846,3.435675896461665,4.376169550232588,0.6112781613095043,0.8813570006168447,/home/aaa/data/qj/stable-baselines3-master/risk_curriculum_metadrive/outputs/tuned_compare_risk_nenv16_seed0_1m/runs/risk_ppo_s0/config.json,/home/aaa/data/qj/stable-baselines3-master/risk_curriculum_metadrive/outputs/tuned_compare_risk_nenv16_seed0_1m/runs/risk_ppo_s0/model/final_model.zip,results/ijmlc_control/raw_csv/p1_d015_nonmotion_parallel_20260701_1645_risk_only_s0_episodes.csv
risk_only,non_motion_negative_control,risk,ppo,0,0.15,10000,10011,11,0.0,0.0,0.0082899563725096,0.0,0.0,0.0,0.0,1500.0,-0.0050627222278503,-224.6892198882452,0.0138565139457047,0.0124776140085109,0.0124695204904218,1.0,1.0,8289.956372509698,0.1494389228580009,5746.229062216192,659.9454505003566,0.0,0.0,0.0,0.0,0.0,0.0,0.0,0.0,0.6061630544815367,0.5960784983471967,0.8452897003735416,1.0092505185457412,2.5717573770186086,2.935729899763828,3.1779204315001457,3.6762985539098727,0.6061630544815367,0.8452897003735416,/home/aaa/data/qj/stable-baselines3-master/risk_curriculum_metadrive/outputs/tuned_compare_risk_nenv16_seed0_1m/runs/risk_ppo_s0/config.json,/home/aaa/data/qj/stable-baselines3-master/risk_curriculum_metadrive/outputs/tuned_compare_risk_nenv16_seed0_1m/runs/risk_ppo_s0/model/final_model.zip,results/ijmlc_control/raw_csv/p1_d015_nonmotion_parallel_20260701_1645_risk_only_s0_episodes.csv
risk_only,non_motion_negative_control,risk,ppo,0,0.15,10000,10012,12,0.0,0.0,0.0112237619784623,0.0,0.0,0.0,0.0,1500.0,0.0147992360774958,-224.4410721679697,0.01320128754052,0.0124778112667389,0.0124692410604785,1.0,1.0,11223.761978462371,0.128255887463036,,,0.0,0.0,0.0,0.0,0.0,0.0,0.0,0.0,0.5431345995166339,0.5088480102131143,0.8105045490083285,1.0572553491510914,1.599521155100471,2.196119560539954,2.142655754617105,2.946873304608743,0.5431345995166339,0.8105045490083285,/home/aaa/data/qj/stable-baselines3-master/risk_curriculum_metadrive/outputs/tuned_compare_risk_nenv16_seed0_1m/runs/risk_ppo_s0/config.json,/home/aaa/data/qj/stable-baselines3-master/risk_curriculum_metadrive/outputs/tuned_compare_risk_nenv16_seed0_1m/runs/risk_ppo_s0/model/final_model.zip,results/ijmlc_control/raw_csv/p1_d015_nonmotion_parallel_20260701_1645_risk_only_s0_episodes.csv
risk_only,non_motion_negative_control,risk,ppo,0,0.15,10000,10013,13,0.0,0.0,0.0089528212412996,0.0,0.0,0.0,0.0,1500.0,0.016859618495151,-224.5255971732492,0.0131123308300732,0.0124774469941201,0.0124694690060803,1.0,1.0,8952.821241299609,0.1257159002468501,,,0.0,0.0,0.0,0.0,0.0,0.0,0.0,0.0,0.5885195480756616,0.5639095106744207,0.8367315436771605,1.0759437685192093,2.2105602884936766,2.511883142142324,2.7990798365693386,3.289228356879903,0.5885195480756616,0.8367315436771605,/home/aaa/data/qj/stable-baselines3-master/risk_curriculum_metadrive/outputs/tuned_compare_risk_nenv16_seed0_1m/runs/risk_ppo_s0/config.json,/home/aaa/data/qj/stable-baselines3-master/risk_curriculum_metadrive/outputs/tuned_compare_risk_nenv16_seed0_1m/runs/risk_ppo_s0/model/final_model.zip,results/ijmlc_control/raw_csv/p1_d015_nonmotion_parallel_20260701_1645_risk_only_s0_episodes.csv
risk_only,non_motion_negative_control,risk,ppo,0,0.15,10000,10014,14,0.0,0.0,0.005964104314394,0.0,0.0,0.0,0.0,1500.0,0.0168587555464846,-224.6433182532416,0.0131122948383281,0.0124774626518699,0.0124692732500845,1.0,1.0,5964.104314394022,0.1257141864138146,,,0.0,0.0,0.0,0.0,0.0,0.0,0.0,0.0,0.6196647982287686,0.5821064987685531,0.8693111027241683,1.042365050234366,3.0857447468927908,3.2772043537988798,3.70540954512156,4.0848230026313095,0.6196647982287686,0.8693111027241683,/home/aaa/data/qj/stable-baselines3-master/risk_curriculum_metadrive/outputs/tuned_compare_risk_nenv16_seed0_1m/runs/risk_ppo_s0/config.json,/home/aaa/data/qj/stable-baselines3-master/risk_curriculum_metadrive/outputs/tuned_compare_risk_nenv16_seed0_1m/runs/risk_ppo_s0/model/final_model.zip,results/ijmlc_control/raw_csv/p1_d015_nonmotion_parallel_20260701_1645_risk_only_s0_episodes.csv
risk_only,non_motion_negative_control,risk,ppo,0,0.15,10000,10015,15,0.0,0.0,0.0069481704936661,0.0,0.0,0.0,0.0,1500.0,-0.0050611060151259,-224.74329637231497,0.0138564937613868,0.0124776289398688,0.0124694478184134,1.0,1.0,6948.170493666152,0.1494512293454553,7391.204006967258,1239.1017396460752,0.0,0.0,0.0,0.0,0.0,0.0,0.0,0.0,0.5828018700800991,0.5531659990083426,0.8185331993445288,0.9761415807588492,2.286806701381769,2.574102346261497,2.8696085714618675,3.343131559086032,0.5828018700800991,0.8185331993445288,/home/aaa/data/qj/stable-baselines3-master/risk_curriculum_metadrive/outputs/tuned_compare_risk_nenv16_seed0_1m/runs/risk_ppo_s0/config.json,/home/aaa/data/qj/stable-baselines3-master/risk_curriculum_metadrive/outputs/tuned_compare_risk_nenv16_seed0_1m/runs/risk_ppo_s0/model/final_model.zip,results/ijmlc_control/raw_csv/p1_d015_nonmotion_parallel_20260701_1645_risk_only_s0_episodes.csv
risk_only,non_motion_negative_control,risk,ppo,0,0.15,10000,10016,16,0.0,0.0,0.0100814388163835,0.0,0.0,0.0,0.0,1500.0,0.0117270921660083,-224.49889240024183,0.0133094811589615,0.0124776202835713,0.0124693216467671,1.0,1.0,10081.43881638354,0.1320912979114667,,,0.0,0.0,0.0,0.0,0.0,0.0,0.0,0.0,0.5581713904975913,0.5291339984978549,0.7816159501089714,0.9326545310614164,1.922486227636303,2.031570793769788,2.480657618133894,2.7613046004262287,0.5581713904975913,0.7816159501089714,/home/aaa/data/qj/stable-baselines3-master/risk_curriculum_metadrive/outputs/tuned_compare_risk_nenv16_seed0_1m/runs/risk_ppo_s0/config.json,/home/aaa/data/qj/stable-baselines3-master/risk_curriculum_metadrive/outputs/tuned_compare_risk_nenv16_seed0_1m/runs/risk_ppo_s0/model/final_model.zip,results/ijmlc_control/raw_csv/p1_d015_nonmotion_parallel_20260701_1645_risk_only_s0_episodes.csv
risk_only,non_motion_negative_control,risk,ppo,0,0.15,10000,10017,17,0.0,0.0,0.006244726460349,0.0,0.0,0.0,0.0,1500.0,-0.0079276357973064,-224.8328166357513,0.0139346846641457,0.0124778278210558,0.0124690071852036,1.0,1.0,6244.726460349055,0.1537218740530202,,,0.0,0.0,0.0,0.0,0.0,0.0,0.0,0.0,0.6194243445643224,0.5745244998252019,0.8842005474434699,1.0640924566541798,3.156128796719713,3.5309360588144045,3.775553141284036,4.335679661744507,0.6194243445643224,0.8842005474434699,/home/aaa/data/qj/stable-baselines3-master/risk_curriculum_metadrive/outputs/tuned_compare_risk_nenv16_seed0_1m/runs/risk_ppo_s0/config.json,/home/aaa/data/qj/stable-baselines3-master/risk_curriculum_metadrive/outputs/tuned_compare_risk_nenv16_seed0_1m/runs/risk_ppo_s0/model/final_model.zip,results/ijmlc_control/raw_csv/p1_d015_nonmotion_parallel_20260701_1645_risk_only_s0_episodes.csv
risk_only,non_motion_negative_control,risk,ppo,0,0.15,10000,10018,18,0.0,0.0,0.0111923663285278,0.0,0.0,0.0,0.0,1500.0,-0.0076118111667404,-224.6089261585092,0.0139254850689188,0.012477796546656,0.012469427137283,1.0,1.0,11192.366328527803,0.1532471401321221,16824.65014367282,7325.468204981053,0.0,0.0,0.0,0.0,0.0,0.0,0.0,0.0,0.6415698348137084,0.6189450068632141,0.94997589403647,1.4441429344878998,2.255618729211468,2.782577995822066,2.897188564025176,3.72225709434133,0.6415698348137084,0.94997589403647,/home/aaa/data/qj/stable-baselines3-master/risk_curriculum_metadrive/outputs/tuned_compare_risk_nenv16_seed0_1m/runs/risk_ppo_s0/config.json,/home/aaa/data/qj/stable-baselines3-master/risk_curriculum_metadrive/outputs/tuned_compare_risk_nenv16_seed0_1m/runs/risk_ppo_s0/model/final_model.zip,results/ijmlc_control/raw_csv/p1_d015_nonmotion_parallel_20260701_1645_risk_only_s0_episodes.csv
risk_only,non_motion_negative_control,risk,ppo,0,0.15,10000,10019,19,0.0,0.0,0.0070092261081564,0.0,0.0,0.0,0.0,1500.0,0.0201627240312874,-224.59581435378263,0.0130057689696546,0.0124777721577297,0.0124692913836258,1.0,1.0,7009.226108156466,0.1216018899627816,,,0.0,0.0,0.0,0.0,0.0,0.0,0.0,0.0,0.6924680966573457,0.659748497128021,1.0440188569191378,1.6623520287976137,2.716234144550981,3.2924586921581063,3.4087022412083265,4.323570851556724,0.6924680966573457,1.0440188569191378,/home/aaa/data/qj/stable-baselines3-master/risk_curriculum_metadrive/outputs/tuned_compare_risk_nenv16_seed0_1m/runs/risk_ppo_s0/config.json,/home/aaa/data/qj/stable-baselines3-master/risk_curriculum_metadrive/outputs/tuned_compare_risk_nenv16_seed0_1m/runs/risk_ppo_s0/model/final_model.zip,results/ijmlc_control/raw_csv/p1_d015_nonmotion_parallel_20260701_1645_risk_only_s0_episodes.csv
risk_only,non_motion_negative_control,risk,ppo,0,0.15,20000,20000,0,0.0,0.0,0.0140230885503177,0.0,0.0,0.0,0.0,1500.0,0.0149934487335464,-224.3338476452144,0.0131890922787013,0.0124778123047781,0.0124691951847648,1.0,1.0,14023.08855031772,0.127864058332476,,,0.0,0.0,0.0,0.0,0.0,0.0,0.0,0.0,0.5377539753584036,0.5085630036774091,0.8044369104027281,1.003062268719077,1.4395710328244604,1.6659385968523566,1.977325008182864,2.394618749531219,0.5377539753584036,0.8044369104027281,/home/aaa/data/qj/stable-baselines3-master/risk_curriculum_metadrive/outputs/tuned_compare_risk_nenv16_seed0_1m/runs/risk_ppo_s0/config.json,/home/aaa/data/qj/stable-baselines3-master/risk_curriculum_metadrive/outputs/tuned_compare_risk_nenv16_seed0_1m/runs/risk_ppo_s0/model/final_model.zip,results/ijmlc_control/raw_csv/p1_d015_nonmotion_parallel_20260701_1645_risk_only_s0_episodes.csv
risk_only,non_motion_negative_control,risk,ppo,0,0.15,20000,20001,1,0.0,0.0,0.0097547848888851,0.0,0.0,0.0,0.0,1500.0,0.0182191269793624,-224.4955398776985,0.0130793085487162,0.0124777984386163,0.0124693272390395,1.0,1.0,9754.784888885117,0.1239452369818797,,,0.0,0.0,0.0,0.0,0.0,0.0,0.0,0.0,0.5853434172264921,0.5617804999928921,0.8778633433394132,1.1322967389423864,1.7038055868567124,2.081119899230543,2.2891490040832045,2.8547097033879254,0.5853434172264921,0.8778633433394132,/home/aaa/data/qj/stable-baselines3-master/risk_curriculum_metadrive/outputs/tuned_compare_risk_nenv16_seed0_1m/runs/risk_ppo_s0/config.json,/home/aaa/data/qj/stable-baselines3-master/risk_curriculum_metadrive/outputs/tuned_compare_risk_nenv16_seed0_1m/runs/risk_ppo_s0/model/final_model.zip,results/ijmlc_control/raw_csv/p1_d015_nonmotion_parallel_20260701_1645_risk_only_s0_episodes.csv
risk_only,non_motion_negative_control,risk,ppo,0,0.15,20000,20002,2,0.0,0.0,0.010279526242191,0.0,0.0,0.0,0.0,1500.0,0.0168618507272889,-224.4731547462467,0.0131123035304492,0.0124774550719535,0.0124693122710179,1.0,1.0,10279.526242191068,0.1258173316566684,,,0.0,0.0,0.0,0.0,0.0,0.0,0.0,0.0,0.623755779544202,0.59548450371949,0.888815911457641,1.2643053125066217,2.185875130603866,2.701707903906936,2.809630910148068,3.500749848171836,0.623755779544202,0.888815911457641,/home/aaa/data/qj/stable-baselines3-master/risk_curriculum_metadrive/outputs/tuned_compare_risk_nenv16_seed0_1m/runs/risk_ppo_s0/config.json,/home/aaa/data/qj/stable-baselines3-master/risk_curriculum_metadrive/outputs/tuned_compare_risk_nenv16_seed0_1m/runs/risk_ppo_s0/model/final_model.zip,results/ijmlc_control/raw_csv/p1_d015_nonmotion_parallel_20260701_1645_risk_only_s0_episodes.csv
risk_only,non_motion_negative_control,risk,ppo,0,0.15,20000,20003,3,0.0,0.0,0.0072913959513414,0.0,0.0,0.0,0.0,1500.0,-0.0061410866937585,-224.74286436864955,0.0138796475845849,0.0124776175693354,0.0124694462098788,1.0,1.0,7291.395951341452,0.1517095492932111,,,0.0,0.0,0.0,0.0,0.0,0.0,0.0,0.0,0.6290848119436608,0.6026344926794991,0.8854579384205862,1.1826021132583262,2.8832640671656318,3.793383145966798,3.512348879109292,4.512352900201222,0.6290848119436608,0.8854579384205862,/home/aaa/data/qj/stable-baselines3-master/risk_curriculum_metadrive/outputs/tuned_compare_risk_nenv16_seed0_1m/runs/risk_ppo_s0/config.json,/home/aaa/data/qj/stable-baselines3-master/risk_curriculum_metadrive/outputs/tuned_compare_risk_nenv16_seed0_1m/runs/risk_ppo_s0/model/final_model.zip,results/ijmlc_control/raw_csv/p1_d015_nonmotion_parallel_20260701_1645_risk_only_s0_episodes.csv
risk_only,non_motion_negative_control,risk,ppo,0,0.15,20000,20004,4,0.0,0.0,0.009795794477071,0.0,0.0,0.0,0.0,1500.0,0.0148472551165362,-224.4994821702793,0.0132005458868161,0.0124778099486511,0.0124693515215424,1.0,1.0,9795.794477071062,0.1282012913417181,,,0.0,0.0,0.0,0.0,0.0,0.0,0.0,0.0,0.6055113065328138,0.5865034981979989,0.8671934527228586,1.432580657710787,1.7533247024791003,2.5417740042030346,2.3588360090119145,3.2774950006569266,0.6055113065328138,0.8671934527228586,/home/aaa/data/qj/stable-baselines3-master/risk_curriculum_metadrive/outputs/tuned_compare_risk_nenv16_seed0_1m/runs/risk_ppo_s0/config.json,/home/aaa/data/qj/stable-baselines3-master/risk_curriculum_metadrive/outputs/tuned_compare_risk_nenv16_seed0_1m/runs/risk_ppo_s0/model/final_model.zip,results/ijmlc_control/raw_csv/p1_d015_nonmotion_parallel_20260701_1645_risk_only_s0_episodes.csv
risk_only,non_motion_negative_control,risk,ppo,0,0.15,20000,20005,5,0.0,0.0,0.0083567139774306,0.0,0.0,0.0,0.0,1500.0,0.0168557422352063,-224.5563917123602,0.0131126907480232,0.0124774466660098,0.0124694762227602,1.0,1.0,8356.713977430616,0.1258321391733353,,,0.0,0.0,0.0,0.0,0.0,0.0,0.0,0.0,0.6809490361871818,0.6560609981534071,0.9985882497858256,1.359445930283982,2.8610974015609827,3.73466705204919,3.5420464377481644,4.619888413435547,0.6809490361871818,0.9985882497858256,/home/aaa/data/qj/stable-baselines3-master/risk_curriculum_metadrive/outputs/tuned_compare_risk_nenv16_seed0_1m/runs/risk_ppo_s0/config.json,/home/aaa/data/qj/stable-baselines3-master/risk_curriculum_metadrive/outputs/tuned_compare_risk_nenv16_seed0_1m/runs/risk_ppo_s0/model/final_model.zip,results/ijmlc_control/raw_csv/p1_d015_nonmotion_parallel_20260701_1645_risk_only_s0_episodes.csv
risk_only,non_motion_negative_control,risk,ppo,0,0.15,20000,20006,6,0.0,0.0,0.0085743051963136,0.0,0.0,0.0,0.0,1500.0,0.0145302467793923,-224.5447322646112,0.0132023317479638,0.0124776386100412,0.0124693451607728,1.0,1.0,8574.305196313673,0.1286269434185132,,,0.0,0.0,0.0,0.0,0.0,0.0,0.0,0.0,0.886089758501233,0.7508059934480116,1.281768808257766,5.23014502134174,3.0403691656635297,7.430267656309296,3.9264589241647623,9.286134958529123,0.886089758501233,1.281768808257766,/home/aaa/data/qj/stable-baselines3-master/risk_curriculum_metadrive/outputs/tuned_compare_risk_nenv16_seed0_1m/runs/risk_ppo_s0/config.json,/home/aaa/data/qj/stable-baselines3-master/risk_curriculum_metadrive/outputs/tuned_compare_risk_nenv16_seed0_1m/runs/risk_ppo_s0/model/final_model.zip,results/ijmlc_control/raw_csv/p1_d015_nonmotion_parallel_20260701_1645_risk_only_s0_episodes.csv
risk_only,non_motion_negative_control,risk,ppo,0,0.15,20000,20007,7,0.0,0.0,0.0112316584412409,0.0,0.0,0.0,0.0,1500.0,0.0151180049056301,-224.44727960047865,0.0131863264612049,0.0124778171835394,0.0124693375066612,1.0,1.0,11231.65844124095,0.1277933380475308,,,0.0,0.0,0.0,0.0,0.0,0.0,0.0,0.0,1.45244876924941,0.794790503277909,5.268538410746253,15.576122791244416,5.4498506274734,16.48449335552868,6.90229939672281,18.82403789713862,1.45244876924941,5.268538410746253,/home/aaa/data/qj/stable-baselines3-master/risk_curriculum_metadrive/outputs/tuned_compare_risk_nenv16_seed0_1m/runs/risk_ppo_s0/config.json,/home/aaa/data/qj/stable-baselines3-master/risk_curriculum_metadrive/outputs/tuned_compare_risk_nenv16_seed0_1m/runs/risk_ppo_s0/model/final_model.zip,results/ijmlc_control/raw_csv/p1_d015_nonmotion_parallel_20260701_1645_risk_only_s0_episodes.csv
risk_only,non_motion_negative_control,risk,ppo,0,0.15,20000,20008,8,0.0,0.0,0.0072578632078468,0.0,0.0,0.0,0.0,1500.0,0.0183671075343187,-224.5937905504433,0.013078549473181,0.01247779427079,0.0124693311566208,1.0,1.0,7257.863207846889,0.1239391309374742,,,0.0,0.0,0.0,0.0,0.0,0.0,0.0,0.0,1.4402259214936446,0.9440110006835312,4.676935356110334,6.453041782951913,6.7997568938978175,12.506033602403477,8.239982815391462,14.354203402035637,1.4402259214936446,4.676935356110334,/home/aaa/data/qj/stable-baselines3-master/risk_curriculum_metadrive/outputs/tuned_compare_risk_nenv16_seed0_1m/runs/risk_ppo_s0/config.json,/home/aaa/data/qj/stable-baselines3-master/risk_curriculum_metadrive/outputs/tuned_compare_risk_nenv16_seed0_1m/runs/risk_ppo_s0/model/final_model.zip,results/ijmlc_control/raw_csv/p1_d015_nonmotion_parallel_20260701_1645_risk_only_s0_episodes.csv
risk_only,non_motion_negative_control,risk,ppo,0,0.15,20000,20009,9,0.0,0.0,0.0122138903996658,0.0,0.0,0.0,0.0,1500.0,0.0114951495501483,-224.4139644474673,0.0133122633523739,0.0124778452759512,0.0124689415592929,1.0,1.0,12213.890399665815,0.1322716833243429,,,0.0,0.0,0.0,0.0,0.0,0.0,0.0,0.0,1.2511428428212337,0.9294660048908554,4.090368642209795,5.482574047637171,5.635190183413215,11.261401199590182,6.886333026234449,13.117138358211378,1.2511428428212337,4.090368642209795,/home/aaa/data/qj/stable-baselines3-master/risk_curriculum_metadrive/outputs/tuned_compare_risk_nenv16_seed0_1m/runs/risk_ppo_s0/config.json,/home/aaa/data/qj/stable-baselines3-master/risk_curriculum_metadrive/outputs/tuned_compare_risk_nenv16_seed0_1m/runs/risk_ppo_s0/model/final_model.zip,results/ijmlc_control/raw_csv/p1_d015_nonmotion_parallel_20260701_1645_risk_only_s0_episodes.csv
risk_only,non_motion_negative_control,risk,ppo,0,0.15,20000,20010,10,0.0,0.0,0.0109917067339616,0.0,0.0,0.0,0.0,1500.0,0.0146689592410996,-224.4488991295981,0.0132028516334011,0.0124776302424319,0.0124693192045524,1.0,1.0,10991.706733961646,0.1285147243087971,,,0.0,0.0,0.0,0.0,0.0,0.0,0.0,0.0,1.436618464930992,0.8997880067909136,4.95904290364706,7.046235787856857,3.921922449759829,8.751788444351405,5.3585409146908205,10.611950653401436,1.436618464930992,4.95904290364706,/home/aaa/data/qj/stable-baselines3-master/risk_curriculum_metadrive/outputs/tuned_compare_risk_nenv16_seed0_1m/runs/risk_ppo_s0/config.json,/home/aaa/data/qj/stable-baselines3-master/risk_curriculum_metadrive/outputs/tuned_compare_risk_nenv16_seed0_1m/runs/risk_ppo_s0/model/final_model.zip,results/ijmlc_control/raw_csv/p1_d015_nonmotion_parallel_20260701_1645_risk_only_s0_episodes.csv
risk_only,non_motion_negative_control,risk,ppo,0,0.15,20000,20011,11,0.0,0.0,0.0089426651407638,0.0,0.0,0.0,0.0,1500.0,-0.0081991372742694,-224.7483768802702,0.0139446898890183,0.0124777915073497,0.0124693612413932,1.0,1.0,8942.665140763822,0.1542025012096267,5897.624857474308,592.9666354690862,0.0,0.0,0.0,0.0,0.0,0.0,0.0,0.0,1.1652355738139402,0.9441755028092302,2.4800099497952037,5.17773817948182,6.093380726097773,11.750893010321304,7.258616299911712,13.455261938361216,1.1652355738139402,2.4800099497952037,/home/aaa/data/qj/stable-baselines3-master/risk_curriculum_metadrive/outputs/tuned_compare_risk_nenv16_seed0_1m/runs/risk_ppo_s0/config.json,/home/aaa/data/qj/stable-baselines3-master/risk_curriculum_metadrive/outputs/tuned_compare_risk_nenv16_seed0_1m/runs/risk_ppo_s0/model/final_model.zip,results/ijmlc_control/raw_csv/p1_d015_nonmotion_parallel_20260701_1645_risk_only_s0_episodes.csv
risk_only,non_motion_negative_control,risk,ppo,0,0.15,20000,20012,12,0.0,0.0,0.0093285213418195,0.0,0.0,0.0,0.0,1500.0,0.0186671982997337,-224.50669672282297,0.0130547393422804,0.0124774584569305,0.0124694632964815,1.0,1.0,9328.521341819518,0.12369448342934,,,0.0,0.0,0.0,0.0,0.0,0.0,0.0,0.0,1.2275078818687082,0.8882050024112687,4.5713955936662325,5.181081411719787,4.526255972702832,8.605348195851544,5.753763854571541,11.69157985932543,1.2275078818687082,4.5713955936662325,/home/aaa/data/qj/stable-baselines3-master/risk_curriculum_metadrive/outputs/tuned_compare_risk_nenv16_seed0_1m/runs/risk_ppo_s0/config.json,/home/aaa/data/qj/stable-baselines3-master/risk_curriculum_metadrive/outputs/tuned_compare_risk_nenv16_seed0_1m/runs/risk_ppo_s0/model/final_model.zip,results/ijmlc_control/raw_csv/p1_d015_nonmotion_parallel_20260701_1645_risk_only_s0_episodes.csv
risk_only,non_motion_negative_control,risk,ppo,0,0.15,20000,20013,13,0.0,0.0,0.0074598968208042,0.0,0.0,0.0,0.0,1500.0,0.019926807474611,-224.57721049594767,0.0130166108033038,0.0124777920712492,0.0124693603396802,1.0,1.0,7459.89682080425,0.1218681775978244,,,0.0,0.0,0.0,0.0,0.0,0.0,0.0,0.0,1.14382538421584,0.9230744981323368,2.3662847968807887,5.186406829452608,6.066694677361132,11.5179322026961,7.210520061576972,13.537611198989907,1.14382538421584,2.3662847968807887,/home/aaa/data/qj/stable-baselines3-master/risk_curriculum_metadrive/outputs/tuned_compare_risk_nenv16_seed0_1m/runs/risk_ppo_s0/config.json,/home/aaa/data/qj/stable-baselines3-master/risk_curriculum_metadrive/outputs/tuned_compare_risk_nenv16_seed0_1m/runs/risk_ppo_s0/model/final_model.zip,results/ijmlc_control/raw_csv/p1_d015_nonmotion_parallel_20260701_1645_risk_only_s0_episodes.csv
risk_only,non_motion_negative_control,risk,ppo,0,0.15,20000,20014,14,0.0,0.0,0.0091299920562606,0.0,0.0,0.0,0.0,1500.0,0.0046526343403782,-224.5764973200324,0.0135528749119303,0.0124776360897102,0.0124692694333364,1.0,1.0,9129.992056260664,0.1392070363000825,,,0.0,0.0,0.0,0.0,0.0,0.0,0.0,0.0,0.9974903355468996,0.8898544983821921,1.4250012492993842,4.068274090968769,3.5566929306466286,5.291186856629785,4.554183266193529,7.236929552163927,0.9974903355468996,1.4250012492993842,/home/aaa/data/qj/stable-baselines3-master/risk_curriculum_metadrive/outputs/tuned_compare_risk_nenv16_seed0_1m/runs/risk_ppo_s0/config.json,/home/aaa/data/qj/stable-baselines3-master/risk_curriculum_metadrive/outputs/tuned_compare_risk_nenv16_seed0_1m/runs/risk_ppo_s0/model/final_model.zip,results/ijmlc_control/raw_csv/p1_d015_nonmotion_parallel_20260701_1645_risk_only_s0_episodes.csv
risk_only,non_motion_negative_control,risk,ppo,0,0.15,20000,20015,15,0.0,0.0,0.0083531886109388,0.0,0.0,0.0,0.0,1500.0,0.0186894178761472,-224.54544911671965,0.0130540589847752,0.0124774299945308,0.0124694625048341,1.0,1.0,8353.188610938807,0.1236796283640103,,,0.0,0.0,0.0,0.0,0.0,0.0,0.0,0.0,1.0547803627171863,0.9282245009671896,1.567392451397609,4.948136069288012,3.447216400692317,6.3778285060834605,4.501996763409504,8.085186543030431,1.0547803627171863,1.567392451397609,/home/aaa/data/qj/stable-baselines3-master/risk_curriculum_metadrive/outputs/tuned_compare_risk_nenv16_seed0_1m/runs/risk_ppo_s0/config.json,/home/aaa/data/qj/stable-baselines3-master/risk_curriculum_metadrive/outputs/tuned_compare_risk_nenv16_seed0_1m/runs/risk_ppo_s0/model/final_model.zip,results/ijmlc_control/raw_csv/p1_d015_nonmotion_parallel_20260701_1645_risk_only_s0_episodes.csv
risk_only,non_motion_negative_control,risk,ppo,0,0.15,20000,20016,16,0.0,0.0,0.0069088576297643,0.0,0.0,0.0,0.0,1500.0,0.0152381752790568,-224.6230651686163,0.013182048445602,0.0124778047827207,0.0124693871391722,1.0,1.0,6908.857629764306,0.1276584026626921,,,0.0,0.0,0.0,0.0,0.0,0.0,0.0,0.0,1.0929243771824986,0.9136209991993384,2.258057602739427,4.741306519135833,4.544004566123476,7.041499456681777,5.636928943305975,8.18212105732527,1.0929243771824986,2.258057602739427,/home/aaa/data/qj/stable-baselines3-master/risk_curriculum_metadrive/outputs/tuned_compare_risk_nenv16_seed0_1m/runs/risk_ppo_s0/config.json,/home/aaa/data/qj/stable-baselines3-master/risk_curriculum_metadrive/outputs/tuned_compare_risk_nenv16_seed0_1m/runs/risk_ppo_s0/model/final_model.zip,results/ijmlc_control/raw_csv/p1_d015_nonmotion_parallel_20260701_1645_risk_only_s0_episodes.csv
risk_only,non_motion_negative_control,risk,ppo,0,0.15,20000,20017,17,0.0,0.0,0.0081892435293774,0.0,0.0,0.0,0.0,1500.0,0.0188990934536368,-224.54970951298097,0.0130472849705173,0.0124774524230222,0.012469259538779,1.0,1.0,8189.243529377412,0.1234037869213429,,,0.0,0.0,0.0,0.0,0.0,0.0,0.0,0.0,1.042085741607783,0.9094334964174776,2.055308659328144,2.9687046911567445,4.515483146601279,6.5591035039688,5.557568888209062,7.650734752678544,1.042085741607783,2.055308659328144,/home/aaa/data/qj/stable-baselines3-master/risk_curriculum_metadrive/outputs/tuned_compare_risk_nenv16_seed0_1m/runs/risk_ppo_s0/config.json,/home/aaa/data/qj/stable-baselines3-master/risk_curriculum_metadrive/outputs/tuned_compare_risk_nenv16_seed0_1m/runs/risk_ppo_s0/model/final_model.zip,results/ijmlc_control/raw_csv/p1_d015_nonmotion_parallel_20260701_1645_risk_only_s0_episodes.csv
risk_only,non_motion_negative_control,risk,ppo,0,0.15,20000,20018,18,0.0,0.0,0.0063421537049909,0.0,0.0,0.0,0.0,1500.0,0.0105134394866293,-224.6511296851795,0.0133425238972378,0.0124776256134207,0.012469315375153,1.0,1.0,6342.1537049909975,0.1337435007321185,,,0.0,0.0,0.0,0.0,0.0,0.0,0.0,0.0,0.9983553594890204,0.9068655053852126,1.495920502202352,2.7612672650138848,5.45428030549859,6.992844201158732,6.452635664987611,8.128627048427006,0.9983553594890204,1.495920502202352,/home/aaa/data/qj/stable-baselines3-master/risk_curriculum_metadrive/outputs/tuned_compare_risk_nenv16_seed0_1m/runs/risk_ppo_s0/config.json,/home/aaa/data/qj/stable-baselines3-master/risk_curriculum_metadrive/outputs/tuned_compare_risk_nenv16_seed0_1m/runs/risk_ppo_s0/model/final_model.zip,results/ijmlc_control/raw_csv/p1_d015_nonmotion_parallel_20260701_1645_risk_only_s0_episodes.csv
risk_only,non_motion_negative_control,risk,ppo,0,0.15,20000,20019,19,0.0,0.0,0.0088267222343251,0.0,0.0,0.0,0.0,1500.0,-0.0006170440795246,-224.6500363815176,0.0137245506854072,0.0124778213100463,0.0124693049064792,1.0,1.0,8826.72223432513,0.1444688102265231,7867.273102941263,668.3376556217169,0.0,0.0,0.0,0.0,0.0,0.0,0.0,0.0,0.8986853717942722,0.8711885020602494,1.2025460018776355,1.5706101531395686,4.064367148122983,4.6287913086416665,4.963052519917255,5.718168146267999,0.8986853717942722,1.2025460018776355,/home/aaa/data/qj/stable-baselines3-master/risk_curriculum_metadrive/outputs/tuned_compare_risk_nenv16_seed0_1m/runs/risk_ppo_s0/config.json,/home/aaa/data/qj/stable-baselines3-master/risk_curriculum_metadrive/outputs/tuned_compare_risk_nenv16_seed0_1m/runs/risk_ppo_s0/model/final_model.zip,results/ijmlc_control/raw_csv/p1_d015_nonmotion_parallel_20260701_1645_risk_only_s0_episodes.csv
risk_only,non_motion_negative_control,risk,ppo,1,0.15,10000,10000,0,0.0,0.0,0.0093830657877806,0.0,0.0,0.0,0.0,1500.0,-0.0116829707679746,-224.77173367904524,0.0141305489348189,0.0124779611784278,0.0124694603215948,1.0,1.0,9383.065787780664,0.1563056749930884,1043.372903849354,373.5067594196957,0.0,0.0,0.0,0.0,0.0,0.0,0.0,0.0,1.0013080600474495,0.8583760063629597,1.268191311828559,1.9798986408568449,4.482040824261882,4.820200550602749,5.483348884309332,5.971644911915064,1.0013080600474495,1.268191311828559,/home/aaa/data/qj/stable-baselines3-master/risk_curriculum_metadrive/outputs/tuned_compare_risk_nenv16_seed1_1m/runs/risk_ppo_s1/config.json,/home/aaa/data/qj/stable-baselines3-master/risk_curriculum_metadrive/outputs/tuned_compare_risk_nenv16_seed1_1m/runs/risk_ppo_s1/model/final_model.zip,results/ijmlc_control/raw_csv/p1_d015_nonmotion_parallel_20260701_1645_risk_only_s1_episodes.csv
risk_only,non_motion_negative_control,risk,ppo,1,0.15,10000,10001,1,0.0,0.0,0.009650335972646,0.0,0.0,0.0,0.0,1500.0,0.01744968659908,-224.50354447210512,0.0131011338612351,0.0124776152709753,0.0124694560794228,1.0,1.0,9650.335972646,0.1250985426107512,,,0.0,0.0,0.0,0.0,0.0,0.0,0.0,0.0,0.8166035214186801,0.7722814989392646,1.1129692553367931,1.7837174244050398,2.915600274437262,3.02448779984843,3.732203795855943,4.071822886908194,0.8166035214186801,1.1129692553367931,/home/aaa/data/qj/stable-baselines3-master/risk_curriculum_metadrive/outputs/tuned_compare_risk_nenv16_seed1_1m/runs/risk_ppo_s1/config.json,/home/aaa/data/qj/stable-baselines3-master/risk_curriculum_metadrive/outputs/tuned_compare_risk_nenv16_seed1_1m/runs/risk_ppo_s1/model/final_model.zip,results/ijmlc_control/raw_csv/p1_d015_nonmotion_parallel_20260701_1645_risk_only_s1_episodes.csv
risk_only,non_motion_negative_control,risk,ppo,1,0.15,10000,10002,2,0.0,0.0,0.0089093313849909,0.0,0.0,0.0,0.0,1500.0,-0.012990716705539,-224.70644033116736,0.0141450474117686,0.0124779908998356,0.0124690877983065,1.0,1.0,8909.33138499092,0.1574018174009152,,,0.0,0.0,0.0,0.0,0.0,0.0,0.0,0.0,0.797335918963654,0.7593530026497319,1.1085381447628606,1.6318345563195171,4.169265163402694,4.89551145437872,4.966601082366348,5.929986538831145,0.797335918963654,1.1085381447628606,/home/aaa/data/qj/stable-baselines3-master/risk_curriculum_metadrive/outputs/tuned_compare_risk_nenv16_seed1_1m/runs/risk_ppo_s1/config.json,/home/aaa/data/qj/stable-baselines3-master/risk_curriculum_metadrive/outputs/tuned_compare_risk_nenv16_seed1_1m/runs/risk_ppo_s1/model/final_model.zip,results/ijmlc_control/raw_csv/p1_d015_nonmotion_parallel_20260701_1645_risk_only_s1_episodes.csv
risk_only,non_motion_negative_control,risk,ppo,1,0.15,10000,10003,3,0.0,0.0,0.010537086442265,0.0,0.0,0.0,0.0,1500.0,0.0172838509949024,-224.46516101263637,0.0131013335454912,0.0124774584176856,0.0124691042748183,1.0,1.0,10537.086442265028,0.1253586268991787,,,0.0,0.0,0.0,0.0,0.0,0.0,0.0,0.0,0.602352753795761,0.5647580037475564,0.863466892769793,1.1202350804524028,1.7040801693898782,2.092462505970616,2.306432923185639,2.828350484196562,0.602352753795761,0.863466892769793,/home/aaa/data/qj/stable-baselines3-master/risk_curriculum_metadrive/outputs/tuned_compare_risk_nenv16_seed1_1m/runs/risk_ppo_s1/config.json,/home/aaa/data/qj/stable-baselines3-master/risk_curriculum_metadrive/outputs/tuned_compare_risk_nenv16_seed1_1m/runs/risk_ppo_s1/model/final_model.zip,results/ijmlc_control/raw_csv/p1_d015_nonmotion_parallel_20260701_1645_risk_only_s1_episodes.csv
risk_only,non_motion_negative_control,risk,ppo,1,0.15,10000,10004,4,0.0,0.0,0.008858212457748,0.0,0.0,0.0,0.0,1500.0,-0.0045543853902789,-224.6753981406372,0.0138322989928188,0.0124778048622305,0.0124692636531612,1.0,1.0,8858.212457748026,0.1503765545145253,6514.883391802841,3683.57553950525,0.0,0.0,0.0,0.0,0.0,0.0,0.0,0.0,0.6798921371422088,0.6406555039575323,1.0016819527663754,1.490067248232662,2.7758310819917824,3.765112955443328,3.4557232191339917,4.520624137512641,0.6798921371422088,1.0016819527663754,/home/aaa/data/qj/stable-baselines3-master/risk_curriculum_metadrive/outputs/tuned_compare_risk_nenv16_seed1_1m/runs/risk_ppo_s1/config.json,/home/aaa/data/qj/stable-baselines3-master/risk_curriculum_metadrive/outputs/tuned_compare_risk_nenv16_seed1_1m/runs/risk_ppo_s1/model/final_model.zip,results/ijmlc_control/raw_csv/p1_d015_nonmotion_parallel_20260701_1645_risk_only_s1_episodes.csv
risk_only,non_motion_negative_control,risk,ppo,1,0.15,10000,10005,5,0.0,0.0,0.0100357275908628,0.0,0.0,0.0,0.0,1500.0,-0.0086298493994719,-224.61648841890036,0.0140115274717119,0.0124777818147269,0.0124694307589067,1.0,1.0,10035.727590862853,0.1521253358500945,,,0.0,0.0,0.0,0.0,0.0,0.0,0.0,0.0,0.6678650966690233,0.642620500002522,0.9515262929198796,1.471654302004025,2.1651247600093484,2.497927897638874,2.832989856678372,3.364410054928157,0.6678650966690233,0.9515262929198796,/home/aaa/data/qj/stable-baselines3-master/risk_curriculum_metadrive/outputs/tuned_compare_risk_nenv16_seed1_1m/runs/risk_ppo_s1/config.json,/home/aaa/data/qj/stable-baselines3-master/risk_curriculum_metadrive/outputs/tuned_compare_risk_nenv16_seed1_1m/runs/risk_ppo_s1/model/final_model.zip,results/ijmlc_control/raw_csv/p1_d015_nonmotion_parallel_20260701_1645_risk_only_s1_episodes.csv
risk_only,non_motion_negative_control,risk,ppo,1,0.15,10000,10006,6,0.0,0.0,0.0078899430425337,0.0,0.0,0.0,0.0,1500.0,-0.0066651532336939,-224.7282943788832,0.0139969911813738,0.0124777946647987,0.012469468973669,1.0,1.0,7889.943042533774,0.1503024770248912,5471.024694727543,349.9315506998008,0.0,0.0,0.0,0.0,0.0,0.0,0.0,0.0,0.6491354369112136,0.6024955000611953,0.9732146529131566,1.6330851872044143,2.0761777958153598,2.58428199813352,2.725313232726573,3.5310114042658824,0.6491354369112136,0.9732146529131566,/home/aaa/data/qj/stable-baselines3-master/risk_curriculum_metadrive/outputs/tuned_compare_risk_nenv16_seed1_1m/runs/risk_ppo_s1/config.json,/home/aaa/data/qj/stable-baselines3-master/risk_curriculum_metadrive/outputs/tuned_compare_risk_nenv16_seed1_1m/runs/risk_ppo_s1/model/final_model.zip,results/ijmlc_control/raw_csv/p1_d015_nonmotion_parallel_20260701_1645_risk_only_s1_episodes.csv
risk_only,non_motion_negative_control,risk,ppo,1,0.15,10000,10007,7,0.0,0.0,0.0059855421344668,0.0,0.0,0.0,0.0,1500.0,0.0152590333813392,-224.65184810743855,0.0131805250604989,0.0124778122218561,0.0124692938336168,1.0,1.0,5985.5421344668175,0.1276156177212042,,,0.0,0.0,0.0,0.0,0.0,0.0,0.0,0.0,0.7127037413980967,0.6824244992458262,1.0035660474386527,1.3442433963064102,3.682854641393836,4.610981952282599,4.395558382791933,5.486137144180248,0.7127037413980967,1.0035660474386527,/home/aaa/data/qj/stable-baselines3-master/risk_curriculum_metadrive/outputs/tuned_compare_risk_nenv16_seed1_1m/runs/risk_ppo_s1/config.json,/home/aaa/data/qj/stable-baselines3-master/risk_curriculum_metadrive/outputs/tuned_compare_risk_nenv16_seed1_1m/runs/risk_ppo_s1/model/final_model.zip,results/ijmlc_control/raw_csv/p1_d015_nonmotion_parallel_20260701_1645_risk_only_s1_episodes.csv
risk_only,non_motion_negative_control,risk,ppo,1,0.15,10000,10008,8,0.0,0.0,0.009855478294277,0.0,0.0,0.0,0.0,1500.0,-0.0063476652848511,-224.67165884230357,0.0138835260423921,0.0124776290620006,0.0124693195772695,1.0,1.0,9855.478294277047,0.1511383614957998,6492.63149702223,558.7679452277316,0.0,0.0,0.0,0.0,0.0,0.0,0.0,0.0,0.6408183932556616,0.6147319945739582,1.0118379890627691,1.3408421240455934,1.826288040698273,2.526759900501929,2.467106433953935,3.4173580002971,0.6408183932556616,1.0118379890627691,/home/aaa/data/qj/stable-baselines3-master/risk_curriculum_metadrive/outputs/tuned_compare_risk_nenv16_seed1_1m/runs/risk_ppo_s1/config.json,/home/aaa/data/qj/stable-baselines3-master/risk_curriculum_metadrive/outputs/tuned_compare_risk_nenv16_seed1_1m/runs/risk_ppo_s1/model/final_model.zip,results/ijmlc_control/raw_csv/p1_d015_nonmotion_parallel_20260701_1645_risk_only_s1_episodes.csv
risk_only,non_motion_negative_control,risk,ppo,1,0.15,10000,10009,9,0.0,0.0,0.0106710902810045,0.0,0.0,0.0,0.0,1500.0,0.0160430142176267,-224.4662752262808,0.0131528386198278,0.0124776275161221,0.012469275510895,1.0,1.0,10671.09028100453,0.1266946632879906,,,0.0,0.0,0.0,0.0,0.0,0.0,0.0,0.0,0.6131265605411803,0.5915110014029779,0.9009883462567814,1.224679584702244,1.535868193410958,2.158220295677893,2.148994753952138,2.9392017662758008,0.6131265605411803,0.9009883462567814,/home/aaa/data/qj/stable-baselines3-master/risk_curriculum_metadrive/outputs/tuned_compare_risk_nenv16_seed1_1m/runs/risk_ppo_s1/config.json,/home/aaa/data/qj/stable-baselines3-master/risk_curriculum_metadrive/outputs/tuned_compare_risk_nenv16_seed1_1m/runs/risk_ppo_s1/model/final_model.zip,results/ijmlc_control/raw_csv/p1_d015_nonmotion_parallel_20260701_1645_risk_only_s1_episodes.csv
risk_only,non_motion_negative_control,risk,ppo,1,0.15,10000,10010,10,0.0,0.0,0.0086607302044118,0.0,0.0,0.0,0.0,1500.0,-0.0018145506115386,-224.69868807992188,0.0137564977386371,0.0124779924354801,0.0124692849204297,1.0,1.0,8660.730204411831,0.1473078852684625,,,0.0,0.0,0.0,0.0,0.0,0.0,0.0,0.0,0.6598693841757873,0.6411164940800518,0.940147850633366,1.2579920963617035,3.084943749466523,4.088106394192437,3.7448131336423103,4.891742999461711,0.6598693841757873,0.940147850633366,/home/aaa/data/qj/stable-baselines3-master/risk_curriculum_metadrive/outputs/tuned_compare_risk_nenv16_seed1_1m/runs/risk_ppo_s1/config.json,/home/aaa/data/qj/stable-baselines3-master/risk_curriculum_metadrive/outputs/tuned_compare_risk_nenv16_seed1_1m/runs/risk_ppo_s1/model/final_model.zip,results/ijmlc_control/raw_csv/p1_d015_nonmotion_parallel_20260701_1645_risk_only_s1_episodes.csv
risk_only,non_motion_negative_control,risk,ppo,1,0.15,10000,10011,11,0.0,0.0,0.0082910129484437,0.0,0.0,0.0,0.0,1500.0,-0.0037309868333526,-224.68171499518107,0.0138033706921972,0.0124779710814967,0.0124693609313364,1.0,1.0,8291.012948443728,0.1494850438641987,,,0.0,0.0,0.0,0.0,0.0,0.0,0.0,0.0,0.6260835654975381,0.6225460019777529,0.8639518047857564,1.090392790501937,2.6285723376786336,3.064833048847504,3.254655903176172,3.852334051771322,0.6260835654975381,0.8639518047857564,/home/aaa/data/qj/stable-baselines3-master/risk_curriculum_metadrive/outputs/tuned_compare_risk_nenv16_seed1_1m/runs/risk_ppo_s1/config.json,/home/aaa/data/qj/stable-baselines3-master/risk_curriculum_metadrive/outputs/tuned_compare_risk_nenv16_seed1_1m/runs/risk_ppo_s1/model/final_model.zip,results/ijmlc_control/raw_csv/p1_d015_nonmotion_parallel_20260701_1645_risk_only_s1_episodes.csv
risk_only,non_motion_negative_control,risk,ppo,1,0.15,10000,10012,12,0.0,0.0,0.0112238624573768,0.0,0.0,0.0,0.0,1500.0,0.0170278397450219,-224.43459011283383,0.0131074162779764,0.0124774603435916,0.0124694023618549,1.0,1.0,11223.862457376852,0.1255221281402866,,,0.0,0.0,0.0,0.0,0.0,0.0,0.0,0.0,0.5531683268006115,0.5177865023142658,0.8078957995167002,1.0638500445929822,1.6489939974756755,2.092049246130045,2.202162324276287,2.8596142474270883,0.5531683268006115,0.8078957995167002,/home/aaa/data/qj/stable-baselines3-master/risk_curriculum_metadrive/outputs/tuned_compare_risk_nenv16_seed1_1m/runs/risk_ppo_s1/config.json,/home/aaa/data/qj/stable-baselines3-master/risk_curriculum_metadrive/outputs/tuned_compare_risk_nenv16_seed1_1m/runs/risk_ppo_s1/model/final_model.zip,results/ijmlc_control/raw_csv/p1_d015_nonmotion_parallel_20260701_1645_risk_only_s1_episodes.csv
risk_only,non_motion_negative_control,risk,ppo,1,0.15,10000,10013,13,0.0,0.0,0.0089527538828567,0.0,0.0,0.0,0.0,1500.0,0.0149059873468006,-224.53093375535232,0.0131963827393876,0.0124777945553013,0.0124695176917245,1.0,1.0,8952.753882856756,0.1279602954740116,,,0.0,0.0,0.0,0.0,0.0,0.0,0.0,0.0,0.5963513705840645,0.5638759976136498,0.8392896939767525,1.0956155929306988,2.296777821398185,2.6468291420314927,2.8931291919822493,3.49790848486009,0.5963513705840645,0.8392896939767525,/home/aaa/data/qj/stable-baselines3-master/risk_curriculum_metadrive/outputs/tuned_compare_risk_nenv16_seed1_1m/runs/risk_ppo_s1/config.json,/home/aaa/data/qj/stable-baselines3-master/risk_curriculum_metadrive/outputs/tuned_compare_risk_nenv16_seed1_1m/runs/risk_ppo_s1/model/final_model.zip,results/ijmlc_control/raw_csv/p1_d015_nonmotion_parallel_20260701_1645_risk_only_s1_episodes.csv
risk_only,non_motion_negative_control,risk,ppo,1,0.15,10000,10014,14,0.0,0.0,0.005963744200794,0.0,0.0,0.0,0.0,1500.0,-0.001966218604101,-224.71888105888908,0.0137389483955552,0.0124779627320873,0.0124694240154623,1.0,1.0,5963.744200794044,0.1474733630752431,,,0.0,0.0,0.0,0.0,0.0,0.0,0.0,0.0,0.6437442586369192,0.6195054957061075,0.8915882579458411,1.0398360317049082,3.3315094014202864,3.594125503150281,3.9752536600572057,4.410669256321853,0.6437442586369192,0.8915882579458411,/home/aaa/data/qj/stable-baselines3-master/risk_curriculum_metadrive/outputs/tuned_compare_risk_nenv16_seed1_1m/runs/risk_ppo_s1/config.json,/home/aaa/data/qj/stable-baselines3-master/risk_curriculum_metadrive/outputs/tuned_compare_risk_nenv16_seed1_1m/runs/risk_ppo_s1/model/final_model.zip,results/ijmlc_control/raw_csv/p1_d015_nonmotion_parallel_20260701_1645_risk_only_s1_episodes.csv
risk_only,non_motion_negative_control,risk,ppo,1,0.15,10000,10015,15,0.0,0.0,0.0069495365622869,0.0,0.0,0.0,0.0,1500.0,0.0156570448291128,-224.61248347545487,0.0131625051981047,0.0124778369466408,0.0124691870588423,1.0,1.0,6949.53656228695,0.1269975134070984,,,0.0,0.0,0.0,0.0,0.0,0.0,0.0,0.0,0.6315457619008763,0.6303330010268837,0.8892806457879485,1.072439895797288,2.4127907232226184,3.4007473004749045,3.044336485123494,4.187029806053033,0.6315457619008763,0.8892806457879485,/home/aaa/data/qj/stable-baselines3-master/risk_curriculum_metadrive/outputs/tuned_compare_risk_nenv16_seed1_1m/runs/risk_ppo_s1/config.json,/home/aaa/data/qj/stable-baselines3-master/risk_curriculum_metadrive/outputs/tuned_compare_risk_nenv16_seed1_1m/runs/risk_ppo_s1/model/final_model.zip,results/ijmlc_control/raw_csv/p1_d015_nonmotion_parallel_20260701_1645_risk_only_s1_episodes.csv
risk_only,non_motion_negative_control,risk,ppo,1,0.15,10000,10016,16,0.0,0.0,0.0100816260441921,0.0,0.0,0.0,0.0,1500.0,0.0167955292444968,-224.48162856512332,0.013118311096106,0.0124774435280401,0.0124697583221866,1.0,1.0,10081.62604419212,0.1259548257943782,,,0.0,0.0,0.0,0.0,0.0,0.0,0.0,0.0,0.5922851313371211,0.5755160018452443,0.81094281267724,0.9940299922891428,2.072553461242933,2.986483299173414,2.664838592580054,3.634484499343671,0.5922851313371211,0.81094281267724,/home/aaa/data/qj/stable-baselines3-master/risk_curriculum_metadrive/outputs/tuned_compare_risk_nenv16_seed1_1m/runs/risk_ppo_s1/config.json,/home/aaa/data/qj/stable-baselines3-master/risk_curriculum_metadrive/outputs/tuned_compare_risk_nenv16_seed1_1m/runs/risk_ppo_s1/model/final_model.zip,results/ijmlc_control/raw_csv/p1_d015_nonmotion_parallel_20260701_1645_risk_only_s1_episodes.csv
risk_only,non_motion_negative_control,risk,ppo,1,0.15,10000,10017,17,0.0,0.0,0.006245465798694,0.0,0.0,0.0,0.0,1500.0,0.0154856799960798,-224.64405742262807,0.0131684964146324,0.0124778190121673,0.0124690168365173,1.0,1.0,6245.465798694074,0.1272271821453245,,,0.0,0.0,0.0,0.0,0.0,0.0,0.0,0.0,0.5991612740423685,0.5623679971904494,0.8520820498233661,1.0368427324283402,2.9713405997511777,3.2282861051498912,3.570501873793546,3.987802453775657,0.5991612740423685,0.8520820498233661,/home/aaa/data/qj/stable-baselines3-master/risk_curriculum_metadrive/outputs/tuned_compare_risk_nenv16_seed1_1m/runs/risk_ppo_s1/config.json,/home/aaa/data/qj/stable-baselines3-master/risk_curriculum_metadrive/outputs/tuned_compare_risk_nenv16_seed1_1m/runs/risk_ppo_s1/model/final_model.zip,results/ijmlc_control/raw_csv/p1_d015_nonmotion_parallel_20260701_1645_risk_only_s1_episodes.csv
risk_only,non_motion_negative_control,risk,ppo,1,0.15,10000,10018,18,0.0,0.0,0.0111926989412321,0.0,0.0,0.0,0.0,1500.0,-0.0075907600093067,-224.61359533844404,0.0139237310275166,0.0124778045948737,0.0124693633899671,1.0,1.0,11192.698941232104,0.1536044261182402,12506.562974400757,5997.736315577533,0.0,0.0,0.0,0.0,0.0,0.0,0.0,0.0,0.6090394545268888,0.5817095006932504,0.898512998537626,1.2543305658618915,2.157435824570712,2.4015706017962657,2.7664752790976004,3.2973512003081846,0.6090394545268888,0.898512998537626,/home/aaa/data/qj/stable-baselines3-master/risk_curriculum_metadrive/outputs/tuned_compare_risk_nenv16_seed1_1m/runs/risk_ppo_s1/config.json,/home/aaa/data/qj/stable-baselines3-master/risk_curriculum_metadrive/outputs/tuned_compare_risk_nenv16_seed1_1m/runs/risk_ppo_s1/model/final_model.zip,results/ijmlc_control/raw_csv/p1_d015_nonmotion_parallel_20260701_1645_risk_only_s1_episodes.csv
risk_only,non_motion_negative_control,risk,ppo,1,0.15,10000,10019,19,0.0,0.0,0.0070090271852517,0.0,0.0,0.0,0.0,1500.0,0.0134531034695105,-224.61499434352348,0.0132464143630353,0.0124776249171728,0.0124691476423553,1.0,1.0,7009.0271852517935,0.1301523936384248,,,0.0,0.0,0.0,0.0,0.0,0.0,0.0,0.0,0.6976920414114526,0.6583524955203757,1.0935552571027074,1.9873852233286016,2.706702072590512,3.344966899749124,3.4043941140019647,4.349068998999428,0.6976920414114526,1.0935552571027074,/home/aaa/data/qj/stable-baselines3-master/risk_curriculum_metadrive/outputs/tuned_compare_risk_nenv16_seed1_1m/runs/risk_ppo_s1/config.json,/home/aaa/data/qj/stable-baselines3-master/risk_curriculum_metadrive/outputs/tuned_compare_risk_nenv16_seed1_1m/runs/risk_ppo_s1/model/final_model.zip,results/ijmlc_control/raw_csv/p1_d015_nonmotion_parallel_20260701_1645_risk_only_s1_episodes.csv
risk_only,non_motion_negative_control,risk,ppo,1,0.15,20000,20000,0,0.0,0.0,0.0140232154251557,0.0,0.0,0.0,0.0,1500.0,0.0172737346932795,-224.32549807310207,0.0131016553060453,0.0124774617798713,0.0124692156738102,1.0,1.0,14023.215425155797,0.1253795342516582,,,0.0,0.0,0.0,0.0,0.0,0.0,0.0,0.0,0.5583166669336302,0.5431639947346412,0.8180489458027296,1.0405369034560863,1.4438323864984948,1.7296063517278524,2.002149053432125,2.476767463667784,0.5583166669336302,0.8180489458027296,/home/aaa/data/qj/stable-baselines3-master/risk_curriculum_metadrive/outputs/tuned_compare_risk_nenv16_seed1_1m/runs/risk_ppo_s1/config.json,/home/aaa/data/qj/stable-baselines3-master/risk_curriculum_metadrive/outputs/tuned_compare_risk_nenv16_seed1_1m/runs/risk_ppo_s1/model/final_model.zip,results/ijmlc_control/raw_csv/p1_d015_nonmotion_parallel_20260701_1645_risk_only_s1_episodes.csv
risk_only,non_motion_negative_control,risk,ppo,1,0.15,20000,20001,1,0.0,0.0,0.0097537211730799,0.0,0.0,0.0,0.0,1500.0,-0.0045892321039099,-224.6787919341015,0.0138417903472683,0.0124778051092564,0.0124692544324916,1.0,1.0,9753.721173079915,0.1503242562657695,9111.599118122838,909.5315669730428,0.0,0.0,0.0,0.0,0.0,0.0,0.0,0.0,0.5571054245907968,0.5261895057628863,0.8108984977297949,1.0539092491671909,1.7850118879869117,2.0318873619544315,2.342117312577708,2.758480255579343,0.5571054245907968,0.8108984977297949,/home/aaa/data/qj/stable-baselines3-master/risk_curriculum_metadrive/outputs/tuned_compare_risk_nenv16_seed1_1m/runs/risk_ppo_s1/config.json,/home/aaa/data/qj/stable-baselines3-master/risk_curriculum_metadrive/outputs/tuned_compare_risk_nenv16_seed1_1m/runs/risk_ppo_s1/model/final_model.zip,results/ijmlc_control/raw_csv/p1_d015_nonmotion_parallel_20260701_1645_risk_only_s1_episodes.csv
risk_only,non_motion_negative_control,risk,ppo,1,0.15,20000,20002,2,0.0,0.0,0.0102794537969513,0.0,0.0,0.0,0.0,1500.0,0.0149844814699783,-224.4786593509965,0.0131890642319215,0.0124778104068965,0.0124692873499225,1.0,1.0,10279.45379695136,0.1278684279467076,,,0.0,0.0,0.0,0.0,0.0,0.0,0.0,0.0,0.6229206154239364,0.618713500443846,0.8702405000803991,1.2079197670391295,2.138255847336646,2.36768809845671,2.761176462760583,3.1896620610496025,0.6229206154239364,0.8702405000803991,/home/aaa/data/qj/stable-baselines3-master/risk_curriculum_metadrive/outputs/tuned_compare_risk_nenv16_seed1_1m/runs/risk_ppo_s1/config.json,/home/aaa/data/qj/stable-baselines3-master/risk_curriculum_metadrive/outputs/tuned_compare_risk_nenv16_seed1_1m/runs/risk_ppo_s1/model/final_model.zip,results/ijmlc_control/raw_csv/p1_d015_nonmotion_parallel_20260701_1645_risk_only_s1_episodes.csv
risk_only,non_motion_negative_control,risk,ppo,1,0.15,20000,20003,3,0.0,0.0,0.0072912653883227,0.0,0.0,0.0,0.0,1500.0,-0.0058850497536118,-224.7408695255588,0.0138749072099037,0.0124776445348376,0.0124691504863405,1.0,1.0,7291.265388322762,0.1512171074973104,,,0.0,0.0,0.0,0.0,0.0,0.0,0.0,0.0,0.6433324378740508,0.6362214990076609,0.9293565024563576,1.3785788844688796,2.8042346773048243,3.1293622007069644,3.447567115178875,3.9389628364006057,0.6433324378740508,0.9293565024563576,/home/aaa/data/qj/stable-baselines3-master/risk_curriculum_metadrive/outputs/tuned_compare_risk_nenv16_seed1_1m/runs/risk_ppo_s1/config.json,/home/aaa/data/qj/stable-baselines3-master/risk_curriculum_metadrive/outputs/tuned_compare_risk_nenv16_seed1_1m/runs/risk_ppo_s1/model/final_model.zip,results/ijmlc_control/raw_csv/p1_d015_nonmotion_parallel_20260701_1645_risk_only_s1_episodes.csv
risk_only,non_motion_negative_control,risk,ppo,1,0.15,20000,20004,4,0.0,0.0,0.0097948232989207,0.0,0.0,0.0,0.0,1500.0,-0.0085299068979599,-224.63431992845943,0.0140538254745352,0.0124778070698922,0.0124694000377178,1.0,1.0,9794.823298920755,0.1542530389827151,9098.266887378504,513.0506005179147,0.0,0.0,0.0,0.0,0.0,0.0,0.0,0.0,0.5657673232878248,0.520216504810378,0.8518418508174362,1.3651750750432257,1.8055155146478985,2.157642306701746,2.371282837935724,3.063215244037564,0.5657673232878248,0.8518418508174362,/home/aaa/data/qj/stable-baselines3-master/risk_curriculum_metadrive/outputs/tuned_compare_risk_nenv16_seed1_1m/runs/risk_ppo_s1/config.json,/home/aaa/data/qj/stable-baselines3-master/risk_curriculum_metadrive/outputs/tuned_compare_risk_nenv16_seed1_1m/runs/risk_ppo_s1/model/final_model.zip,results/ijmlc_control/raw_csv/p1_d015_nonmotion_parallel_20260701_1645_risk_only_s1_episodes.csv
risk_only,non_motion_negative_control,risk,ppo,1,0.15,20000,20005,5,0.0,0.0,0.0083558791127238,0.0,0.0,0.0,0.0,1500.0,-0.0030403123196777,-224.71054592762087,0.0137920588509044,0.0124779752513934,0.0124692742145212,1.0,1.0,8355.87911272388,0.1485065150613922,9100.072358766867,913.52979713251,0.0,0.0,0.0,0.0,0.0,0.0,0.0,0.0,0.6318221907131374,0.6105655047576874,0.9055098984390496,1.2543133040890098,2.752207902541462,3.366123890737072,3.3840300932545992,4.232460040657315,0.6318221907131374,0.9055098984390496,/home/aaa/data/qj/stable-baselines3-master/risk_curriculum_metadrive/outputs/tuned_compare_risk_nenv16_seed1_1m/runs/risk_ppo_s1/config.json,/home/aaa/data/qj/stable-baselines3-master/risk_curriculum_metadrive/outputs/tuned_compare_risk_nenv16_seed1_1m/runs/risk_ppo_s1/model/final_model.zip,results/ijmlc_control/raw_csv/p1_d015_nonmotion_parallel_20260701_1645_risk_only_s1_episodes.csv
risk_only,non_motion_negative_control,risk,ppo,1,0.15,20000,20006,6,0.0,0.0,0.0085736723332807,0.0,0.0,0.0,0.0,1500.0,0.0042413060445758,-224.584841463936,0.0135589954011942,0.0124776382431986,0.01246918506237,1.0,1.0,8573.67233328077,0.1400946399432498,,,0.0,0.0,0.0,0.0,0.0,0.0,0.0,0.0,0.6472735615000905,0.635804004559759,0.9379640432598534,1.2944540927128396,1.84144420400844,2.590203555882908,2.48871776550853,3.3714359007717576,0.6472735615000905,0.9379640432598534,/home/aaa/data/qj/stable-baselines3-master/risk_curriculum_metadrive/outputs/tuned_compare_risk_nenv16_seed1_1m/runs/risk_ppo_s1/config.json,/home/aaa/data/qj/stable-baselines3-master/risk_curriculum_metadrive/outputs/tuned_compare_risk_nenv16_seed1_1m/runs/risk_ppo_s1/model/final_model.zip,results/ijmlc_control/raw_csv/p1_d015_nonmotion_parallel_20260701_1645_risk_only_s1_episodes.csv
risk_only,non_motion_negative_control,risk,ppo,1,0.15,20000,20007,7,0.0,0.0,0.0112284922025412,0.0,0.0,0.0,0.0,1500.0,-0.0053134558322105,-224.57891888033657,0.0138682551052487,0.0124776270278719,0.0124695556358032,1.0,1.0,11228.492202541256,0.1485774421459793,,,0.0,0.0,0.0,0.0,0.0,0.0,0.0,0.0,1.5662039633316454,0.9130524995271116,4.98006234920467,15.27786369755631,5.99104393828505,15.938498448667804,7.557247901616695,18.877210008213293,1.5662039633316454,4.98006234920467,/home/aaa/data/qj/stable-baselines3-master/risk_curriculum_metadrive/outputs/tuned_compare_risk_nenv16_seed1_1m/runs/risk_ppo_s1/config.json,/home/aaa/data/qj/stable-baselines3-master/risk_curriculum_metadrive/outputs/tuned_compare_risk_nenv16_seed1_1m/runs/risk_ppo_s1/model/final_model.zip,results/ijmlc_control/raw_csv/p1_d015_nonmotion_parallel_20260701_1645_risk_only_s1_episodes.csv
risk_only,non_motion_negative_control,risk,ppo,1,0.15,20000,20008,8,0.0,0.0,0.0072570565639419,0.0,0.0,0.0,0.0,1500.0,-0.0077980290863905,-224.80422344652223,0.0139315137571575,0.0124777818027545,0.0124692965854414,1.0,1.0,7257.056563941979,0.1538909721700359,34701.687772760844,4564.534991410212,0.0,0.0,0.0,0.0,0.0,0.0,0.0,0.0,1.2889507598204848,0.8975599994300865,4.348101204959671,5.962759074027416,6.462499366947061,12.154514346912038,7.751450126767547,13.794047146802768,1.2889507598204848,4.348101204959671,/home/aaa/data/qj/stable-baselines3-master/risk_curriculum_metadrive/outputs/tuned_compare_risk_nenv16_seed1_1m/runs/risk_ppo_s1/config.json,/home/aaa/data/qj/stable-baselines3-master/risk_curriculum_metadrive/outputs/tuned_compare_risk_nenv16_seed1_1m/runs/risk_ppo_s1/model/final_model.zip,results/ijmlc_control/raw_csv/p1_d015_nonmotion_parallel_20260701_1645_risk_only_s1_episodes.csv
risk_only,non_motion_negative_control,risk,ppo,1,0.15,20000,20009,9,0.0,0.0,0.0122141207202115,0.0,0.0,0.0,0.0,1500.0,0.0167844954592363,-224.3961459790592,0.013118890033277,0.012477468326118,0.0124692298842994,1.0,1.0,12214.120720211591,0.1259754674307324,,,0.0,0.0,0.0,0.0,0.0,0.0,0.0,0.0,1.2291036040405745,0.9332024928880857,3.8281521985481946,5.278215102589456,5.088284841564018,9.692174341762437,6.317388445604593,12.391373245918656,1.2291036040405745,3.8281521985481946,/home/aaa/data/qj/stable-baselines3-master/risk_curriculum_metadrive/outputs/tuned_compare_risk_nenv16_seed1_1m/runs/risk_ppo_s1/config.json,/home/aaa/data/qj/stable-baselines3-master/risk_curriculum_metadrive/outputs/tuned_compare_risk_nenv16_seed1_1m/runs/risk_ppo_s1/model/final_model.zip,results/ijmlc_control/raw_csv/p1_d015_nonmotion_parallel_20260701_1645_risk_only_s1_episodes.csv
risk_only,non_motion_negative_control,risk,ppo,1,0.15,20000,20010,10,0.0,0.0,0.0109918061823201,0.0,0.0,0.0,0.0,1500.0,0.0169243862520609,-224.44279239825505,0.0131103422572639,0.0124774618127362,0.0124691770817098,1.0,1.0,10991.80618232012,0.1256394972079865,,,0.0,0.0,0.0,0.0,0.0,0.0,0.0,0.0,1.3478568993450608,0.9515965066384524,4.19196574948728,5.841636889526853,3.762298806551068,7.453650551178723,5.110155705896129,9.425053602899425,1.3478568993450608,4.19196574948728,/home/aaa/data/qj/stable-baselines3-master/risk_curriculum_metadrive/outputs/tuned_compare_risk_nenv16_seed1_1m/runs/risk_ppo_s1/config.json,/home/aaa/data/qj/stable-baselines3-master/risk_curriculum_metadrive/outputs/tuned_compare_risk_nenv16_seed1_1m/runs/risk_ppo_s1/model/final_model.zip,results/ijmlc_control/raw_csv/p1_d015_nonmotion_parallel_20260701_1645_risk_only_s1_episodes.csv
risk_only,non_motion_negative_control,risk,ppo,1,0.15,20000,20011,11,0.0,0.0,0.0089437034479054,0.0,0.0,0.0,0.0,1500.0,0.0170365252026515,-224.5321525121176,0.0131072653478358,0.0124774522741638,0.0124695826419515,1.0,1.0,8943.703447905418,0.1255166936202923,,,0.0,0.0,0.0,0.0,0.0,0.0,0.0,0.0,1.2673028498635783,0.946520500292536,4.2162335084867655,5.7758245200966485,6.053529514611,11.96364710049238,7.320832364474579,13.627659141639016,1.2673028498635783,4.2162335084867655,/home/aaa/data/qj/stable-baselines3-master/risk_curriculum_metadrive/outputs/tuned_compare_risk_nenv16_seed1_1m/runs/risk_ppo_s1/config.json,/home/aaa/data/qj/stable-baselines3-master/risk_curriculum_metadrive/outputs/tuned_compare_risk_nenv16_seed1_1m/runs/risk_ppo_s1/model/final_model.zip,results/ijmlc_control/raw_csv/p1_d015_nonmotion_parallel_20260701_1645_risk_only_s1_episodes.csv
risk_only,non_motion_negative_control,risk,ppo,1,0.15,20000,20012,12,0.0,0.0,0.0093284005177659,0.0,0.0,0.0,0.0,1500.0,0.0154498372858143,-224.51556804548903,0.0131708484168975,0.0124777954579932,0.0124692973547265,1.0,1.0,9328.400517765916,0.1272773661437278,,,0.0,0.0,0.0,0.0,0.0,0.0,0.0,0.0,1.4260177177978524,0.9464459944865666,4.728256599628367,6.285084577393718,5.128692158633688,9.470008595963009,6.554709876431541,12.005118054366903,1.4260177177978524,4.728256599628367,/home/aaa/data/qj/stable-baselines3-master/risk_curriculum_metadrive/outputs/tuned_compare_risk_nenv16_seed1_1m/runs/risk_ppo_s1/config.json,/home/aaa/data/qj/stable-baselines3-master/risk_curriculum_metadrive/outputs/tuned_compare_risk_nenv16_seed1_1m/runs/risk_ppo_s1/model/final_model.zip,results/ijmlc_control/raw_csv/p1_d015_nonmotion_parallel_20260701_1645_risk_only_s1_episodes.csv
risk_only,non_motion_negative_control,risk,ppo,1,0.15,20000,20013,13,0.0,0.0,0.0074596808448712,0.0,0.0,0.0,0.0,1500.0,0.0128211622091179,-224.59518988148483,0.0132730263802783,0.0124777888776,0.0124693495716357,1.0,1.0,7459.680844871263,0.1305954606718438,,,0.0,0.0,0.0,0.0,0.0,0.0,0.0,0.0,1.2294140653684735,0.9611219938960858,3.238574098213572,5.08494040055666,6.846550877923922,13.123382539924933,8.075964943292396,14.923781998368211,1.2294140653684735,3.238574098213572,/home/aaa/data/qj/stable-baselines3-master/risk_curriculum_metadrive/outputs/tuned_compare_risk_nenv16_seed1_1m/runs/risk_ppo_s1/config.json,/home/aaa/data/qj/stable-baselines3-master/risk_curriculum_metadrive/outputs/tuned_compare_risk_nenv16_seed1_1m/runs/risk_ppo_s1/model/final_model.zip,results/ijmlc_control/raw_csv/p1_d015_nonmotion_parallel_20260701_1645_risk_only_s1_episodes.csv
risk_only,non_motion_negative_control,risk,ppo,1,0.15,20000,20014,14,0.0,0.0,0.0091301833717757,0.0,0.0,0.0,0.0,1500.0,0.0036305578858405,-224.58811997472824,0.0135936168433215,0.0124779733770383,0.0124691558461894,1.0,1.0,9130.183371775747,0.1405807123503037,,,0.0,0.0,0.0,0.0,0.0,0.0,0.0,0.0,1.1523806811698405,0.911428505787626,2.9277923931658703,5.544163356971692,4.1808013805518085,7.763004803564397,5.333182061721648,10.894574258418288,1.1523806811698405,2.9277923931658703,/home/aaa/data/qj/stable-baselines3-master/risk_curriculum_metadrive/outputs/tuned_compare_risk_nenv16_seed1_1m/runs/risk_ppo_s1/config.json,/home/aaa/data/qj/stable-baselines3-master/risk_curriculum_metadrive/outputs/tuned_compare_risk_nenv16_seed1_1m/runs/risk_ppo_s1/model/final_model.zip,results/ijmlc_control/raw_csv/p1_d015_nonmotion_parallel_20260701_1645_risk_only_s1_episodes.csv
risk_only,non_motion_negative_control,risk,ppo,1,0.15,20000,20015,15,0.0,0.0,0.0083530772374135,0.0,0.0,0.0,0.0,1500.0,0.0154290866984734,-224.55427724957727,0.0131724036338943,0.0124777975375707,0.0124691930635348,1.0,1.0,8353.077237413594,0.1273292553902891,,,0.0,0.0,0.0,0.0,0.0,0.0,0.0,0.0,0.948075494117802,0.8924194989958778,1.3886285974876955,1.8587071505316992,3.223748386692023,3.649288541055285,4.171823880809825,4.812620233860798,0.948075494117802,1.3886285974876955,/home/aaa/data/qj/stable-baselines3-master/risk_curriculum_metadrive/outputs/tuned_compare_risk_nenv16_seed1_1m/runs/risk_ppo_s1/config.json,/home/aaa/data/qj/stable-baselines3-master/risk_curriculum_metadrive/outputs/tuned_compare_risk_nenv16_seed1_1m/runs/risk_ppo_s1/model/final_model.zip,results/ijmlc_control/raw_csv/p1_d015_nonmotion_parallel_20260701_1645_risk_only_s1_episodes.csv
risk_only,non_motion_negative_control,risk,ppo,1,0.15,20000,20016,16,0.0,0.0,0.0069079910673161,0.0,0.0,0.0,0.0,1500.0,-0.0075227253700155,-224.83943560105365,0.01392598270574,0.0124777999048354,0.0124693079725928,1.0,1.0,6907.991067316154,0.1532162689073666,1138.730186580516,581.1050163095691,0.0,0.0,0.0,0.0,0.0,0.0,0.0,0.0,1.0115144791974064,0.9214639940182678,1.4199363424268086,4.188533809356158,4.224178023985587,5.827340693213039,5.235692503182993,7.270703597168898,1.0115144791974064,1.4199363424268086,/home/aaa/data/qj/stable-baselines3-master/risk_curriculum_metadrive/outputs/tuned_compare_risk_nenv16_seed1_1m/runs/risk_ppo_s1/config.json,/home/aaa/data/qj/stable-baselines3-master/risk_curriculum_metadrive/outputs/tuned_compare_risk_nenv16_seed1_1m/runs/risk_ppo_s1/model/final_model.zip,results/ijmlc_control/raw_csv/p1_d015_nonmotion_parallel_20260701_1645_risk_only_s1_episodes.csv
risk_only,non_motion_negative_control,risk,ppo,1,0.15,20000,20017,17,0.0,0.0,0.0081864381897057,0.0,0.0,0.0,0.0,1500.0,-0.0124469087127457,-224.6834260117078,0.0141216763329866,0.0124780010581364,0.0124693018549345,1.0,1.0,8186.438189705756,0.1566520245862336,,,0.0,0.0,0.0,0.0,0.0,0.0,0.0,0.0,1.0071304894809143,0.9049709988175892,1.5027227520477022,2.6622191957721943,4.538291465752991,5.941237753722817,5.5454219552339055,7.12144939461723,1.0071304894809143,1.5027227520477022,/home/aaa/data/qj/stable-baselines3-master/risk_curriculum_metadrive/outputs/tuned_compare_risk_nenv16_seed1_1m/runs/risk_ppo_s1/config.json,/home/aaa/data/qj/stable-baselines3-master/risk_curriculum_metadrive/outputs/tuned_compare_risk_nenv16_seed1_1m/runs/risk_ppo_s1/model/final_model.zip,results/ijmlc_control/raw_csv/p1_d015_nonmotion_parallel_20260701_1645_risk_only_s1_episodes.csv
risk_only,non_motion_negative_control,risk,ppo,1,0.15,20000,20018,18,0.0,0.0,0.0063422920256737,0.0,0.0,0.0,0.0,1500.0,0.0167151470569666,-224.6300410261308,0.0131215531203112,0.0124774469282416,0.0124693767597214,1.0,1.0,6342.292025673744,0.1262818110981021,,,0.0,0.0,0.0,0.0,0.0,0.0,0.0,0.0,1.0675824066468824,0.9132004997809418,1.81070819744491,3.269802576687652,5.729400673444616,7.862668547750218,6.796983080091498,9.112413202092284,1.0675824066468824,1.81070819744491,/home/aaa/data/qj/stable-baselines3-master/risk_curriculum_metadrive/outputs/tuned_compare_risk_nenv16_seed1_1m/runs/risk_ppo_s1/config.json,/home/aaa/data/qj/stable-baselines3-master/risk_curriculum_metadrive/outputs/tuned_compare_risk_nenv16_seed1_1m/runs/risk_ppo_s1/model/final_model.zip,results/ijmlc_control/raw_csv/p1_d015_nonmotion_parallel_20260701_1645_risk_only_s1_episodes.csv
risk_only,non_motion_negative_control,risk,ppo,1,0.15,20000,20019,19,0.0,0.0,0.008828651025586,0.0,0.0,0.0,0.0,1500.0,0.0006349658982376,-224.6356493011677,0.0138515203543436,0.0124777803306031,0.012469370998999,1.0,1.0,8828.651025586036,0.1454004962070828,8379.988219329607,381.4025957456703,0.0,0.0,0.0,0.0,0.0,0.0,0.0,0.0,0.9159162022309224,0.8623625035397708,1.240348854480544,2.062285246647661,4.15592648513848,4.6944287496444295,5.071842687369402,5.980880309653003,0.9159162022309224,1.240348854480544,/home/aaa/data/qj/stable-baselines3-master/risk_curriculum_metadrive/outputs/tuned_compare_risk_nenv16_seed1_1m/runs/risk_ppo_s1/config.json,/home/aaa/data/qj/stable-baselines3-master/risk_curriculum_metadrive/outputs/tuned_compare_risk_nenv16_seed1_1m/runs/risk_ppo_s1/model/final_model.zip,results/ijmlc_control/raw_csv/p1_d015_nonmotion_parallel_20260701_1645_risk_only_s1_episodes.csv
risk_only,non_motion_negative_control,risk,ppo,2,0.15,10000,10000,0,0.0,0.0,0.0093838014389181,0.0,0.0,0.0,0.0,1500.0,-0.0096019938824153,-224.72910004046864,0.0141063967542067,0.0124778236224054,0.0124690755879147,1.0,1.0,9383.801438918175,0.1542165610176882,,,0.0,0.0,0.0,0.0,0.0,0.0,0.0,0.0,0.9125907246683104,0.7703219962422736,1.1683646946039516,1.7174033907940611,3.688813222688623,4.0761288961221,4.601403947356933,5.196114454884082,0.9125907246683104,1.1683646946039516,/home/aaa/data/qj/stable-baselines3-master/risk_curriculum_metadrive/outputs/tuned_compare_risk_nenv16_seed2_1m/runs/risk_ppo_s2/config.json,/home/aaa/data/qj/stable-baselines3-master/risk_curriculum_metadrive/outputs/tuned_compare_risk_nenv16_seed2_1m/runs/risk_ppo_s2/model/final_model.zip,results/ijmlc_control/raw_csv/p1_d015_nonmotion_parallel_20260701_1645_risk_only_s2_episodes.csv
risk_only,non_motion_negative_control,risk,ppo,2,0.15,10000,10001,1,0.0,0.0,0.0096503212675962,0.0,0.0,0.0,0.0,1500.0,0.0169894599264423,-224.5054736781401,0.0131091800577301,0.0124774541404928,0.0124692865948819,1.0,1.0,9650.321267596211,0.1256948928577222,,,0.0,0.0,0.0,0.0,0.0,0.0,0.0,0.0,0.6310221221065149,0.5792430019937456,0.9637176990509032,1.658996619662502,1.8250870541184363,2.338227898871991,2.456109176224951,3.1286332043237053,0.6310221221065149,0.9637176990509032,/home/aaa/data/qj/stable-baselines3-master/risk_curriculum_metadrive/outputs/tuned_compare_risk_nenv16_seed2_1m/runs/risk_ppo_s2/config.json,/home/aaa/data/qj/stable-baselines3-master/risk_curriculum_metadrive/outputs/tuned_compare_risk_nenv16_seed2_1m/runs/risk_ppo_s2/model/final_model.zip,results/ijmlc_control/raw_csv/p1_d015_nonmotion_parallel_20260701_1645_risk_only_s2_episodes.csv
risk_only,non_motion_negative_control,risk,ppo,2,0.15,10000,10002,2,0.0,0.0,0.008910337191695,0.0,0.0,0.0,0.0,1500.0,-0.0107160299085807,-224.68370553220996,0.0141220760741601,0.0124779355405982,0.0124695699311146,1.0,1.0,8910.337191695047,0.1554054000896864,,,0.0,0.0,0.0,0.0,0.0,0.0,0.0,0.0,0.6877369391731918,0.6563645001733676,1.0149713460123166,1.772498095670016,2.955529093199099,3.720210854226024,3.6432660323722903,4.611767809547018,0.6877369391731918,1.0149713460123166,/home/aaa/data/qj/stable-baselines3-master/risk_curriculum_metadrive/outputs/tuned_compare_risk_nenv16_seed2_1m/runs/risk_ppo_s2/config.json,/home/aaa/data/qj/stable-baselines3-master/risk_curriculum_metadrive/outputs/tuned_compare_risk_nenv16_seed2_1m/runs/risk_ppo_s2/model/final_model.zip,results/ijmlc_control/raw_csv/p1_d015_nonmotion_parallel_20260701_1645_risk_only_s2_episodes.csv
risk_only,non_motion_negative_control,risk,ppo,2,0.15,10000,10003,3,0.0,0.0,0.0105370473050968,0.0,0.0,0.0,0.0,1500.0,0.0164595680929036,-224.46815345473777,0.0131293964725331,0.0124774561827574,0.0124690943682447,1.0,1.0,10537.047305096852,0.1264326495897597,,,0.0,0.0,0.0,0.0,0.0,0.0,0.0,0.0,0.7703634866144663,0.7382094991044141,1.0869547579204664,1.5236660375376223,2.459803596730732,2.6759314598166384,3.2301670833451985,3.71099765834515,0.7703634866144663,1.0869547579204664,/home/aaa/data/qj/stable-baselines3-master/risk_curriculum_metadrive/outputs/tuned_compare_risk_nenv16_seed2_1m/runs/risk_ppo_s2/config.json,/home/aaa/data/qj/stable-baselines3-master/risk_curriculum_metadrive/outputs/tuned_compare_risk_nenv16_seed2_1m/runs/risk_ppo_s2/model/final_model.zip,results/ijmlc_control/raw_csv/p1_d015_nonmotion_parallel_20260701_1645_risk_only_s2_episodes.csv
risk_only,non_motion_negative_control,risk,ppo,2,0.15,10000,10004,4,0.0,0.0,0.0088589751579242,0.0,0.0,0.0,0.0,1500.0,0.0186279701099043,-224.5274592542114,0.0130683410394129,0.0124776361496494,0.0124695286266063,1.0,1.0,8858.97515792425,0.1237402895467546,,,0.0,0.0,0.0,0.0,0.0,0.0,0.0,0.0,0.83925516345577,0.7944864992168732,1.117802204680629,1.6470356691570485,4.070538943953579,4.163546852214495,4.90979410740935,5.229927810432855,0.83925516345577,1.117802204680629,/home/aaa/data/qj/stable-baselines3-master/risk_curriculum_metadrive/outputs/tuned_compare_risk_nenv16_seed2_1m/runs/risk_ppo_s2/config.json,/home/aaa/data/qj/stable-baselines3-master/risk_curriculum_metadrive/outputs/tuned_compare_risk_nenv16_seed2_1m/runs/risk_ppo_s2/model/final_model.zip,results/ijmlc_control/raw_csv/p1_d015_nonmotion_parallel_20260701_1645_risk_only_s2_episodes.csv
risk_only,non_motion_negative_control,risk,ppo,2,0.15,10000,10005,5,0.0,0.0,0.0100369389326381,0.0,0.0,0.0,0.0,1500.0,-0.0057249869495103,-224.58884311780488,0.013998633907174,0.012477647778623,0.0124690323406182,1.0,1.0,10036.93893263818,0.1497674753861278,8527.423014339052,372.1274760939543,0.0,0.0,0.0,0.0,0.0,0.0,0.0,0.0,0.678812033283369,0.6519195012515411,0.985479899100028,1.741226622543763,2.1609427565611745,2.94828894911916,2.839754789844543,3.885133893345482,0.678812033283369,0.985479899100028,/home/aaa/data/qj/stable-baselines3-master/risk_curriculum_metadrive/outputs/tuned_compare_risk_nenv16_seed2_1m/runs/risk_ppo_s2/config.json,/home/aaa/data/qj/stable-baselines3-master/risk_curriculum_metadrive/outputs/tuned_compare_risk_nenv16_seed2_1m/runs/risk_ppo_s2/model/final_model.zip,results/ijmlc_control/raw_csv/p1_d015_nonmotion_parallel_20260701_1645_risk_only_s2_episodes.csv
risk_only,non_motion_negative_control,risk,ppo,2,0.15,10000,10006,6,0.0,0.0,0.0078918242785756,0.0,0.0,0.0,0.0,1500.0,0.0168471014491669,-224.5753925962977,0.0131134537140584,0.0124774461350053,0.0124694361884721,1.0,1.0,7891.824278575672,0.1258639182284447,,,0.0,0.0,0.0,0.0,0.0,0.0,0.0,0.0,0.6333598988324715,0.5849340013810433,0.9529758484859484,1.568967104394687,1.888986984772297,2.3790922590706027,2.5223468836047687,3.4390722947136965,0.6333598988324715,0.9529758484859484,/home/aaa/data/qj/stable-baselines3-master/risk_curriculum_metadrive/outputs/tuned_compare_risk_nenv16_seed2_1m/runs/risk_ppo_s2/config.json,/home/aaa/data/qj/stable-baselines3-master/risk_curriculum_metadrive/outputs/tuned_compare_risk_nenv16_seed2_1m/runs/risk_ppo_s2/model/final_model.zip,results/ijmlc_control/raw_csv/p1_d015_nonmotion_parallel_20260701_1645_risk_only_s2_episodes.csv
risk_only,non_motion_negative_control,risk,ppo,2,0.15,10000,10007,7,0.0,0.0,0.0059836997402262,0.0,0.0,0.0,0.0,1500.0,-0.0008569639295562,-224.69237250094497,0.0138444207468204,0.0124779681602683,0.0124694322339299,1.0,1.0,5983.699740226226,0.1424403405193081,44644.74912487945,424.42051193104174,0.0,0.0,0.0,0.0,0.0,0.0,0.0,0.0,0.7179977161576971,0.6898695064592175,1.0394396478659471,1.4453997560485712,3.846982994689218,5.11001111153746,4.564980710846915,5.89333858442842,0.7179977161576971,1.0394396478659471,/home/aaa/data/qj/stable-baselines3-master/risk_curriculum_metadrive/outputs/tuned_compare_risk_nenv16_seed2_1m/runs/risk_ppo_s2/config.json,/home/aaa/data/qj/stable-baselines3-master/risk_curriculum_metadrive/outputs/tuned_compare_risk_nenv16_seed2_1m/runs/risk_ppo_s2/model/final_model.zip,results/ijmlc_control/raw_csv/p1_d015_nonmotion_parallel_20260701_1645_risk_only_s2_episodes.csv
risk_only,non_motion_negative_control,risk,ppo,2,0.15,10000,10008,8,0.0,0.0,0.0098571145555022,0.0,0.0,0.0,0.0,1500.0,0.0166867840068003,-224.4958917929461,0.0131230865796049,0.0124774471707906,0.0124692665048398,1.0,1.0,9857.114555502292,0.1262175322070913,,,0.0,0.0,0.0,0.0,0.0,0.0,0.0,0.0,0.6199605392660791,0.5832085007568821,0.9514738550933542,1.327554122544825,1.6906410672236234,2.2095018946856726,2.3106016064897026,3.037531857989961,0.6199605392660791,0.9514738550933542,/home/aaa/data/qj/stable-baselines3-master/risk_curriculum_metadrive/outputs/tuned_compare_risk_nenv16_seed2_1m/runs/risk_ppo_s2/config.json,/home/aaa/data/qj/stable-baselines3-master/risk_curriculum_metadrive/outputs/tuned_compare_risk_nenv16_seed2_1m/runs/risk_ppo_s2/model/final_model.zip,results/ijmlc_control/raw_csv/p1_d015_nonmotion_parallel_20260701_1645_risk_only_s2_episodes.csv
risk_only,non_motion_negative_control,risk,ppo,2,0.15,10000,10009,9,0.0,0.0,0.0106712406911016,0.0,0.0,0.0,0.0,1500.0,0.0193297228346731,-224.45467266668365,0.0130285940504051,0.0124774395811325,0.0124694468801826,1.0,1.0,10671.24069110165,0.1227731667690922,,,0.0,0.0,0.0,0.0,0.0,0.0,0.0,0.0,0.5988397553834753,0.5770604984718375,0.9156000523944384,1.2008730688830838,1.411425602224578,1.9026759036933072,2.0102653576080534,2.657204393472057,0.5988397553834753,0.9156000523944384,/home/aaa/data/qj/stable-baselines3-master/risk_curriculum_metadrive/outputs/tuned_compare_risk_nenv16_seed2_1m/runs/risk_ppo_s2/config.json,/home/aaa/data/qj/stable-baselines3-master/risk_curriculum_metadrive/outputs/tuned_compare_risk_nenv16_seed2_1m/runs/risk_ppo_s2/model/final_model.zip,results/ijmlc_control/raw_csv/p1_d015_nonmotion_parallel_20260701_1645_risk_only_s2_episodes.csv
risk_only,non_motion_negative_control,risk,ppo,2,0.15,10000,10010,10,0.0,0.0,0.0086617720454129,0.0,0.0,0.0,0.0,1500.0,0.0047539526547065,-224.63497252269457,0.0137360997878566,0.0124779679010822,0.012469362806401,1.0,1.0,8661.772045412954,0.1408626247844977,49715.98773540333,464.57486619901545,0.0,0.0,0.0,0.0,0.0,0.0,0.0,0.0,0.6415959115547594,0.6081249957787804,0.9344555532152298,1.297239798150258,2.943717186106369,3.756637408514505,3.5853130976611283,4.501744951267028,0.6415959115547594,0.9344555532152298,/home/aaa/data/qj/stable-baselines3-master/risk_curriculum_metadrive/outputs/tuned_compare_risk_nenv16_seed2_1m/runs/risk_ppo_s2/config.json,/home/aaa/data/qj/stable-baselines3-master/risk_curriculum_metadrive/outputs/tuned_compare_risk_nenv16_seed2_1m/runs/risk_ppo_s2/model/final_model.zip,results/ijmlc_control/raw_csv/p1_d015_nonmotion_parallel_20260701_1645_risk_only_s2_episodes.csv
risk_only,non_motion_negative_control,risk,ppo,2,0.15,10000,10011,11,0.0,0.0,0.0082890474645126,0.0,0.0,0.0,0.0,1500.0,-0.0108862824792453,-224.72457227317588,0.014075640556982,0.012477981049808,0.0124693041246434,1.0,1.0,8289.047464512636,0.1546733668269589,,,0.0,0.0,0.0,0.0,0.0,0.0,0.0,0.0,0.6021437200445993,0.5649149970849976,0.8723357976123224,1.2345741868193725,2.595953246753197,3.6129037536738897,3.1980969667977965,4.368249241815647,0.6021437200445993,0.8723357976123224,/home/aaa/data/qj/stable-baselines3-master/risk_curriculum_metadrive/outputs/tuned_compare_risk_nenv16_seed2_1m/runs/risk_ppo_s2/config.json,/home/aaa/data/qj/stable-baselines3-master/risk_curriculum_metadrive/outputs/tuned_compare_risk_nenv16_seed2_1m/runs/risk_ppo_s2/model/final_model.zip,results/ijmlc_control/raw_csv/p1_d015_nonmotion_parallel_20260701_1645_risk_only_s2_episodes.csv
risk_only,non_motion_negative_control,risk,ppo,2,0.15,10000,10012,12,0.0,0.0,0.0112237919083517,0.0,0.0,0.0,0.0,1500.0,0.0154158013201342,-224.43917061961105,0.0131732103101788,0.0124777828647725,0.0124693661230696,1.0,1.0,11223.791908351792,0.1272783820250206,,,0.0,0.0,0.0,0.0,0.0,0.0,0.0,0.0,0.5269189700096225,0.4977330027031712,0.777276094595436,0.9509105591860134,1.5823961014005663,2.0177383543341416,2.109315071410189,2.704018432996236,0.5269189700096225,0.777276094595436,/home/aaa/data/qj/stable-baselines3-master/risk_curriculum_metadrive/outputs/tuned_compare_risk_nenv16_seed2_1m/runs/risk_ppo_s2/config.json,/home/aaa/data/qj/stable-baselines3-master/risk_curriculum_metadrive/outputs/tuned_compare_risk_nenv16_seed2_1m/runs/risk_ppo_s2/model/final_model.zip,results/ijmlc_control/raw_csv/p1_d015_nonmotion_parallel_20260701_1645_risk_only_s2_episodes.csv
risk_only,non_motion_negative_control,risk,ppo,2,0.15,10000,10013,13,0.0,0.0,0.0089528152728299,0.0,0.0,0.0,0.0,1500.0,0.0167481853289818,-224.5259455665148,0.0131204754285975,0.0124774574253113,0.0124692495837568,1.0,1.0,8952.81527282999,0.1260251473036018,,,0.0,0.0,0.0,0.0,0.0,0.0,0.0,0.0,0.5896184132143389,0.5588499989244156,0.8452264526567888,1.1994053584930948,2.25377486407524,3.1897988970740685,2.8433932772895787,3.927491613285383,0.5896184132143389,0.8452264526567888,/home/aaa/data/qj/stable-baselines3-master/risk_curriculum_metadrive/outputs/tuned_compare_risk_nenv16_seed2_1m/runs/risk_ppo_s2/config.json,/home/aaa/data/qj/stable-baselines3-master/risk_curriculum_metadrive/outputs/tuned_compare_risk_nenv16_seed2_1m/runs/risk_ppo_s2/model/final_model.zip,results/ijmlc_control/raw_csv/p1_d015_nonmotion_parallel_20260701_1645_risk_only_s2_episodes.csv
risk_only,non_motion_negative_control,risk,ppo,2,0.15,10000,10014,14,0.0,0.0,0.0059640878423208,0.0,0.0,0.0,0.0,1500.0,0.0161975391624486,-224.64488744551588,0.0131373782041767,0.0124774567252277,0.0124690155611212,1.0,1.0,5964.087842320837,0.1265566711137311,,,0.0,0.0,0.0,0.0,0.0,0.0,0.0,0.0,0.6094437444796009,0.5694985084119253,0.8704068546649067,1.1269775497203227,3.140878528065514,4.349545045988634,3.750322272545114,5.010110103467013,0.6094437444796009,0.8704068546649067,/home/aaa/data/qj/stable-baselines3-master/risk_curriculum_metadrive/outputs/tuned_compare_risk_nenv16_seed2_1m/runs/risk_ppo_s2/config.json,/home/aaa/data/qj/stable-baselines3-master/risk_curriculum_metadrive/outputs/tuned_compare_risk_nenv16_seed2_1m/runs/risk_ppo_s2/model/final_model.zip,results/ijmlc_control/raw_csv/p1_d015_nonmotion_parallel_20260701_1645_risk_only_s2_episodes.csv
risk_only,non_motion_negative_control,risk,ppo,2,0.15,10000,10015,15,0.0,0.0,0.0069472101421308,0.0,0.0,0.0,0.0,1500.0,-0.0113176076750701,-224.78042086067413,0.0140861473988743,0.0124779775259469,0.0124693392431529,1.0,1.0,6947.210142130891,0.1551207849226765,,,0.0,0.0,0.0,0.0,0.0,0.0,0.0,0.0,0.5761347183239801,0.5422644971986301,0.8098602920654229,0.9909746506309602,2.203998282551765,2.3705612533376548,2.780133000875745,3.118668159004301,0.5761347183239801,0.8098602920654229,/home/aaa/data/qj/stable-baselines3-master/risk_curriculum_metadrive/outputs/tuned_compare_risk_nenv16_seed2_1m/runs/risk_ppo_s2/config.json,/home/aaa/data/qj/stable-baselines3-master/risk_curriculum_metadrive/outputs/tuned_compare_risk_nenv16_seed2_1m/runs/risk_ppo_s2/model/final_model.zip,results/ijmlc_control/raw_csv/p1_d015_nonmotion_parallel_20260701_1645_risk_only_s2_episodes.csv
risk_only,non_motion_negative_control,risk,ppo,2,0.15,10000,10016,16,0.0,0.0,0.0100813802476844,0.0,0.0,0.0,0.0,1500.0,0.0100198841456449,-224.506230593334,0.0133659775649958,0.0124776521202291,0.0124695037385263,1.0,1.0,10081.380247684445,0.1343008382630419,,,0.0,0.0,0.0,0.0,0.0,0.0,0.0,0.0,0.5549924807758847,0.51294949662406,0.8126949491270351,1.038467778416816,1.917812252116467,2.149876850307919,2.472804732892352,2.9298852459760383,0.5549924807758847,0.8126949491270351,/home/aaa/data/qj/stable-baselines3-master/risk_curriculum_metadrive/outputs/tuned_compare_risk_nenv16_seed2_1m/runs/risk_ppo_s2/config.json,/home/aaa/data/qj/stable-baselines3-master/risk_curriculum_metadrive/outputs/tuned_compare_risk_nenv16_seed2_1m/runs/risk_ppo_s2/model/final_model.zip,results/ijmlc_control/raw_csv/p1_d015_nonmotion_parallel_20260701_1645_risk_only_s2_episodes.csv
risk_only,non_motion_negative_control,risk,ppo,2,0.15,10000,10017,17,0.0,0.0,0.0062442244478283,0.0,0.0,0.0,0.0,1500.0,-0.0192661655187286,-224.7934536965176,0.0144093478784802,0.0124779864520839,0.0124692783642027,1.0,1.0,6244.224447828383,0.1645443107954532,49166.90471890919,420.7863241758149,0.0,0.0,0.0,0.0,0.0,0.0,0.0,0.0,0.6060365144512616,0.5817304918309674,0.8345376954821404,1.0163888819806743,3.1717959238158078,3.5969319615105637,3.777832438267069,4.464476412977091,0.6060365144512616,0.8345376954821404,/home/aaa/data/qj/stable-baselines3-master/risk_curriculum_metadrive/outputs/tuned_compare_risk_nenv16_seed2_1m/runs/risk_ppo_s2/config.json,/home/aaa/data/qj/stable-baselines3-master/risk_curriculum_metadrive/outputs/tuned_compare_risk_nenv16_seed2_1m/runs/risk_ppo_s2/model/final_model.zip,results/ijmlc_control/raw_csv/p1_d015_nonmotion_parallel_20260701_1645_risk_only_s2_episodes.csv
risk_only,non_motion_negative_control,risk,ppo,2,0.15,10000,10018,18,0.0,0.0,0.0111916755175265,0.0,0.0,0.0,0.0,1500.0,-0.0162704993761622,-224.5779031835602,0.0143314425175958,0.012477781183668,0.0124696478416265,1.0,1.0,11191.675517526564,0.1615079655613915,7606.339308576973,1347.7476634850757,0.0,0.0,0.0,0.0,0.0,0.0,0.0,0.0,0.5701736026773384,0.5309969928930514,0.8271626982605085,0.9673279397247824,2.161698848329252,2.37754109693924,2.73187245100659,3.138009391841478,0.5701736026773384,0.8271626982605085,/home/aaa/data/qj/stable-baselines3-master/risk_curriculum_metadrive/outputs/tuned_compare_risk_nenv16_seed2_1m/runs/risk_ppo_s2/config.json,/home/aaa/data/qj/stable-baselines3-master/risk_curriculum_metadrive/outputs/tuned_compare_risk_nenv16_seed2_1m/runs/risk_ppo_s2/model/final_model.zip,results/ijmlc_control/raw_csv/p1_d015_nonmotion_parallel_20260701_1645_risk_only_s2_episodes.csv
risk_only,non_motion_negative_control,risk,ppo,2,0.15,10000,10019,19,0.0,0.0,0.0070091693684017,0.0,0.0,0.0,0.0,1500.0,0.0184953709924616,-224.59963474458016,0.0130668819445651,0.0124775997428801,0.0124693897067223,1.0,1.0,7009.169368401776,0.1237027852299521,,,0.0,0.0,0.0,0.0,0.0,0.0,0.0,0.0,0.6177432739447491,0.5634480039589107,0.9324624603323172,1.2971393061161505,2.609651230634578,2.967254449322354,3.2273945045793275,3.87769726512488,0.6177432739447491,0.9324624603323172,/home/aaa/data/qj/stable-baselines3-master/risk_curriculum_metadrive/outputs/tuned_compare_risk_nenv16_seed2_1m/runs/risk_ppo_s2/config.json,/home/aaa/data/qj/stable-baselines3-master/risk_curriculum_metadrive/outputs/tuned_compare_risk_nenv16_seed2_1m/runs/risk_ppo_s2/model/final_model.zip,results/ijmlc_control/raw_csv/p1_d015_nonmotion_parallel_20260701_1645_risk_only_s2_episodes.csv
risk_only,non_motion_negative_control,risk,ppo,2,0.15,20000,20000,0,0.0,0.0,0.0140231620041713,0.0,0.0,0.0,0.0,1500.0,0.0163521332398992,-224.32875279117707,0.0131300124400856,0.012477453922738,0.0124694942086345,1.0,1.0,14023.16200417134,0.1264452062804809,,,0.0,0.0,0.0,0.0,0.0,0.0,0.0,0.0,0.6588312308401024,0.5948830075794831,1.1211267534235958,2.162190744857071,1.5680854247475509,2.1241047521471046,2.226916655587653,3.1755717158375774,0.6588312308401024,1.1211267534235958,/home/aaa/data/qj/stable-baselines3-master/risk_curriculum_metadrive/outputs/tuned_compare_risk_nenv16_seed2_1m/runs/risk_ppo_s2/config.json,/home/aaa/data/qj/stable-baselines3-master/risk_curriculum_metadrive/outputs/tuned_compare_risk_nenv16_seed2_1m/runs/risk_ppo_s2/model/final_model.zip,results/ijmlc_control/raw_csv/p1_d015_nonmotion_parallel_20260701_1645_risk_only_s2_episodes.csv
risk_only,non_motion_negative_control,risk,ppo,2,0.15,20000,20001,1,0.0,0.0,0.0097548322683663,0.0,0.0,0.0,0.0,1500.0,0.0193311828025467,-224.49188255949937,0.0130288031172506,0.0124774527888107,0.0124693822748041,1.0,1.0,9754.832268366396,0.1227893948080385,,,0.0,0.0,0.0,0.0,0.0,0.0,0.0,0.0,0.5908611048362218,0.5693935017916374,0.8829758466163184,1.08910697439569,1.7452863958412006,2.332176104391692,2.336147500677422,3.00862289732322,0.5908611048362218,0.8829758466163184,/home/aaa/data/qj/stable-baselines3-master/risk_curriculum_metadrive/outputs/tuned_compare_risk_nenv16_seed2_1m/runs/risk_ppo_s2/config.json,/home/aaa/data/qj/stable-baselines3-master/risk_curriculum_metadrive/outputs/tuned_compare_risk_nenv16_seed2_1m/runs/risk_ppo_s2/model/final_model.zip,results/ijmlc_control/raw_csv/p1_d015_nonmotion_parallel_20260701_1645_risk_only_s2_episodes.csv
risk_only,non_motion_negative_control,risk,ppo,2,0.15,20000,20002,2,0.0,0.0,0.0102795252632013,0.0,0.0,0.0,0.0,1500.0,0.0168419117581735,-224.473213998938,0.0131133160252263,0.0124774432884864,0.0124694150456235,1.0,1.0,10279.525263201342,0.1258570028976758,,,0.0,0.0,0.0,0.0,0.0,0.0,0.0,0.0,0.5957795436261222,0.5718454995076172,0.8425457977864425,1.068123294389807,2.149707814154681,2.901498603750952,2.745487357780803,3.481624455889687,0.5957795436261222,0.8425457977864425,/home/aaa/data/qj/stable-baselines3-master/risk_curriculum_metadrive/outputs/tuned_compare_risk_nenv16_seed2_1m/runs/risk_ppo_s2/config.json,/home/aaa/data/qj/stable-baselines3-master/risk_curriculum_metadrive/outputs/tuned_compare_risk_nenv16_seed2_1m/runs/risk_ppo_s2/model/final_model.zip,results/ijmlc_control/raw_csv/p1_d015_nonmotion_parallel_20260701_1645_risk_only_s2_episodes.csv
risk_only,non_motion_negative_control,risk,ppo,2,0.15,20000,20003,3,0.0,0.0,0.0072920314043313,0.0,0.0,0.0,0.0,1500.0,-0.0056673548370478,-224.72199312931008,0.0140150280469458,0.0124776279768374,0.0124691820377794,1.0,1.0,7292.031404331351,0.1517149819555497,,,0.0,0.0,0.0,0.0,0.0,0.0,0.0,0.0,0.6534448733048824,0.6247290002647787,0.9332556946901605,1.3785571743210303,2.8497573120500115,3.204685204400448,3.503202185354894,4.069000804156531,0.6534448733048824,0.9332556946901605,/home/aaa/data/qj/stable-baselines3-master/risk_curriculum_metadrive/outputs/tuned_compare_risk_nenv16_seed2_1m/runs/risk_ppo_s2/config.json,/home/aaa/data/qj/stable-baselines3-master/risk_curriculum_metadrive/outputs/tuned_compare_risk_nenv16_seed2_1m/runs/risk_ppo_s2/model/final_model.zip,results/ijmlc_control/raw_csv/p1_d015_nonmotion_parallel_20260701_1645_risk_only_s2_episodes.csv
risk_only,non_motion_negative_control,risk,ppo,2,0.15,20000,20004,4,0.0,0.0,0.0097958289954106,0.0,0.0,0.0,0.0,1500.0,0.0156578163045917,-224.496715834077,0.0131625799774148,0.0124777878611886,0.0124693635862848,1.0,1.0,9795.8289954107,0.1270219759137714,,,0.0,0.0,0.0,0.0,0.0,0.0,0.0,0.0,0.5499327420936121,0.5067985039204359,0.7964964876009613,1.1958458901790434,1.624308259371901,1.887810001062462,2.174241001465513,2.6320268581912387,0.5499327420936121,0.7964964876009613,/home/aaa/data/qj/stable-baselines3-master/risk_curriculum_metadrive/outputs/tuned_compare_risk_nenv16_seed2_1m/runs/risk_ppo_s2/config.json,/home/aaa/data/qj/stable-baselines3-master/risk_curriculum_metadrive/outputs/tuned_compare_risk_nenv16_seed2_1m/runs/risk_ppo_s2/model/final_model.zip,results/ijmlc_control/raw_csv/p1_d015_nonmotion_parallel_20260701_1645_risk_only_s2_episodes.csv
risk_only,non_motion_negative_control,risk,ppo,2,0.15,20000,20005,5,0.0,0.0,0.0083567497914552,0.0,0.0,0.0,0.0,1500.0,0.0178700435901544,-224.5524720026994,0.0130960957590449,0.0124778060353161,0.0124694085632921,1.0,1.0,8356.749791455213,0.1245434313145224,,,0.0,0.0,0.0,0.0,0.0,0.0,0.0,0.0,0.6101155853830278,0.561346510949079,0.8942157473939005,1.1949942627688868,2.592448821136107,2.9515932023059577,3.202564406519135,3.7782656872877847,0.6101155853830278,0.8942157473939005,/home/aaa/data/qj/stable-baselines3-master/risk_curriculum_metadrive/outputs/tuned_compare_risk_nenv16_seed2_1m/runs/risk_ppo_s2/config.json,/home/aaa/data/qj/stable-baselines3-master/risk_curriculum_metadrive/outputs/tuned_compare_risk_nenv16_seed2_1m/runs/risk_ppo_s2/model/final_model.zip,results/ijmlc_control/raw_csv/p1_d015_nonmotion_parallel_20260701_1645_risk_only_s2_episodes.csv
risk_only,non_motion_negative_control,risk,ppo,2,0.15,20000,20006,6,0.0,0.0,0.0085743125456908,0.0,0.0,0.0,0.0,1500.0,0.0147567982752145,-224.5441343495581,0.0132003059902808,0.0124777812100284,0.0124694859153762,1.0,1.0,8574.31254569083,0.1283462339228503,,,0.0,0.0,0.0,0.0,0.0,0.0,0.0,0.0,0.5849556424849046,0.5572785012191162,0.8563465504266786,1.2650815374217927,1.7265497505820049,2.3246432072482994,2.311505393066909,3.162530605914071,0.5849556424849046,0.8563465504266786,/home/aaa/data/qj/stable-baselines3-master/risk_curriculum_metadrive/outputs/tuned_compare_risk_nenv16_seed2_1m/runs/risk_ppo_s2/config.json,/home/aaa/data/qj/stable-baselines3-master/risk_curriculum_metadrive/outputs/tuned_compare_risk_nenv16_seed2_1m/runs/risk_ppo_s2/model/final_model.zip,results/ijmlc_control/raw_csv/p1_d015_nonmotion_parallel_20260701_1645_risk_only_s2_episodes.csv
risk_only,non_motion_negative_control,risk,ppo,2,0.15,20000,20007,7,0.0,0.0,0.0112317258307808,0.0,0.0,0.0,0.0,1500.0,0.016709934422459,-224.44093140845123,0.0131222126179077,0.0124774579270253,0.0124695056018674,1.0,1.0,11231.725830780844,0.1261890864157119,,,0.0,0.0,0.0,0.0,0.0,0.0,0.0,0.0,0.6476441046009617,0.6347300004563294,0.9545700057060456,1.2286479557224077,1.8523002188497533,2.6157071035413537,2.499944323450715,3.349856535351136,0.6476441046009617,0.9545700057060456,/home/aaa/data/qj/stable-baselines3-master/risk_curriculum_metadrive/outputs/tuned_compare_risk_nenv16_seed2_1m/runs/risk_ppo_s2/config.json,/home/aaa/data/qj/stable-baselines3-master/risk_curriculum_metadrive/outputs/tuned_compare_risk_nenv16_seed2_1m/runs/risk_ppo_s2/model/final_model.zip,results/ijmlc_control/raw_csv/p1_d015_nonmotion_parallel_20260701_1645_risk_only_s2_episodes.csv
risk_only,non_motion_negative_control,risk,ppo,2,0.15,20000,20008,8,0.0,0.0,0.0072578950035792,0.0,0.0,0.0,0.0,1500.0,0.0193281649226437,-224.5908296602892,0.0130284882300798,0.0124774363197729,0.0124695035161233,1.0,1.0,7257.895003579216,0.1227626698123236,,,0.0,0.0,0.0,0.0,0.0,0.0,0.0,0.0,1.5472445753208983,0.8151634974638,6.590229954599633,12.828192782180846,7.002339272439713,17.160769950714894,8.54958384776061,20.105994743062165,1.5472445753208983,6.590229954599633,/home/aaa/data/qj/stable-baselines3-master/risk_curriculum_metadrive/outputs/tuned_compare_risk_nenv16_seed2_1m/runs/risk_ppo_s2/config.json,/home/aaa/data/qj/stable-baselines3-master/risk_curriculum_metadrive/outputs/tuned_compare_risk_nenv16_seed2_1m/runs/risk_ppo_s2/model/final_model.zip,results/ijmlc_control/raw_csv/p1_d015_nonmotion_parallel_20260701_1645_risk_only_s2_episodes.csv
risk_only,non_motion_negative_control,risk,ppo,2,0.15,20000,20009,9,0.0,0.0,0.0122138217687961,0.0,0.0,0.0,0.0,1500.0,0.0098469846868738,-224.42106223805456,0.0133696486028749,0.0124776228912223,0.0124690466455775,1.0,1.0,12213.821768796117,0.1343949605442967,,,0.0,0.0,0.0,0.0,0.0,0.0,0.0,0.0,1.4326118334623363,0.9132479972322473,4.886190305114724,6.997804233251372,5.957476982361793,11.34468879608903,7.390088815824129,13.091106206411496,1.4326118334623363,4.886190305114724,/home/aaa/data/qj/stable-baselines3-master/risk_curriculum_metadrive/outputs/tuned_compare_risk_nenv16_seed2_1m/runs/risk_ppo_s2/config.json,/home/aaa/data/qj/stable-baselines3-master/risk_curriculum_metadrive/outputs/tuned_compare_risk_nenv16_seed2_1m/runs/risk_ppo_s2/model/final_model.zip,results/ijmlc_control/raw_csv/p1_d015_nonmotion_parallel_20260701_1645_risk_only_s2_episodes.csv
risk_only,non_motion_negative_control,risk,ppo,2,0.15,20000,20010,10,0.0,0.0,0.0109917234831588,0.0,0.0,0.0,0.0,1500.0,0.014959486042523,-224.44793482131803,0.0131899878240784,0.0124777865121817,0.0124697533355715,1.0,1.0,10991.723483158865,0.1277860351889294,,,0.0,0.0,0.0,0.0,0.0,0.0,0.0,0.0,1.407787718072844,0.9271734961657784,4.9352317553712055,7.1390496198728215,3.799634176742984,7.686466445738914,5.207421894815828,10.524326515587743,1.407787718072844,4.9352317553712055,/home/aaa/data/qj/stable-baselines3-master/risk_curriculum_metadrive/outputs/tuned_compare_risk_nenv16_seed2_1m/runs/risk_ppo_s2/config.json,/home/aaa/data/qj/stable-baselines3-master/risk_curriculum_metadrive/outputs/tuned_compare_risk_nenv16_seed2_1m/runs/risk_ppo_s2/model/final_model.zip,results/ijmlc_control/raw_csv/p1_d015_nonmotion_parallel_20260701_1645_risk_only_s2_episodes.csv
risk_only,non_motion_negative_control,risk,ppo,2,0.15,20000,20011,11,0.0,0.0,0.0089419845768539,0.0,0.0,0.0,0.0,1500.0,-0.0106197773914874,-224.73824761326145,0.0141221410657978,0.0124779991351301,0.0124690670197238,1.0,1.0,8941.984576853949,0.1556894892544649,,,0.0,0.0,0.0,0.0,0.0,0.0,0.0,0.0,1.0290932812398144,0.9204684974974952,1.444044005620526,4.307896148093276,5.076954017985069,8.720453348360024,6.106047299224883,10.029099536768625,1.0290932812398144,1.444044005620526,/home/aaa/data/qj/stable-baselines3-master/risk_curriculum_metadrive/outputs/tuned_compare_risk_nenv16_seed2_1m/runs/risk_ppo_s2/config.json,/home/aaa/data/qj/stable-baselines3-master/risk_curriculum_metadrive/outputs/tuned_compare_risk_nenv16_seed2_1m/runs/risk_ppo_s2/model/final_model.zip,results/ijmlc_control/raw_csv/p1_d015_nonmotion_parallel_20260701_1645_risk_only_s2_episodes.csv
risk_only,non_motion_negative_control,risk,ppo,2,0.15,20000,20012,12,0.0,0.0,0.0093285533246572,0.0,0.0,0.0,0.0,1500.0,0.0194094793289159,-224.5048775685839,0.013027998495165,0.0124774475899104,0.0124693890403524,1.0,1.0,9328.553324657238,0.1227305699930917,,,0.0,0.0,0.0,0.0,0.0,0.0,0.0,0.0,1.677817326950996,0.9380669944221154,5.204930953186703,7.788805972231785,5.693991553348799,10.760036342253445,7.371808880299795,12.764735010568984,1.677817326950996,5.204930953186703,/home/aaa/data/qj/stable-baselines3-master/risk_curriculum_metadrive/outputs/tuned_compare_risk_nenv16_seed2_1m/runs/risk_ppo_s2/config.json,/home/aaa/data/qj/stable-baselines3-master/risk_curriculum_metadrive/outputs/tuned_compare_risk_nenv16_seed2_1m/runs/risk_ppo_s2/model/final_model.zip,results/ijmlc_control/raw_csv/p1_d015_nonmotion_parallel_20260701_1645_risk_only_s2_episodes.csv
risk_only,non_motion_negative_control,risk,ppo,2,0.15,20000,20013,13,0.0,0.0,0.0074598442477152,0.0,0.0,0.0,0.0,1500.0,0.0184332137600583,-224.58020354280052,0.0130687508287223,0.0124776185261986,0.0124693655548035,1.0,1.0,7459.844247715298,0.1237396831245878,,,0.0,0.0,0.0,0.0,0.0,0.0,0.0,0.0,1.177319297819243,0.9532149997539818,2.609616503468714,4.944664686190662,6.204786338969522,11.237894848454742,7.382105636788765,13.358154746674698,1.177319297819243,2.609616503468714,/home/aaa/data/qj/stable-baselines3-master/risk_curriculum_metadrive/outputs/tuned_compare_risk_nenv16_seed2_1m/runs/risk_ppo_s2/config.json,/home/aaa/data/qj/stable-baselines3-master/risk_curriculum_metadrive/outputs/tuned_compare_risk_nenv16_seed2_1m/runs/risk_ppo_s2/model/final_model.zip,results/ijmlc_control/raw_csv/p1_d015_nonmotion_parallel_20260701_1645_risk_only_s2_episodes.csv
risk_only,non_motion_negative_control,risk,ppo,2,0.15,20000,20014,14,0.0,0.0,0.0091271275412302,0.0,0.0,0.0,0.0,1500.0,0.0047186893367263,-224.53725559996556,0.0136436938674869,0.0124778014881465,0.0124692236825524,1.0,1.0,9127.127541230264,0.1351447312478939,9419.11543135942,420.36357627751136,0.0,0.0,0.0,0.0,0.0,0.0,0.0,0.0,1.3532417658813454,0.921950995689258,4.720416152849791,6.152477888099384,4.958077950228471,9.713944945542604,6.311319716109817,12.316314846975729,1.3532417658813454,4.720416152849791,/home/aaa/data/qj/stable-baselines3-master/risk_curriculum_metadrive/outputs/tuned_compare_risk_nenv16_seed2_1m/runs/risk_ppo_s2/config.json,/home/aaa/data/qj/stable-baselines3-master/risk_curriculum_metadrive/outputs/tuned_compare_risk_nenv16_seed2_1m/runs/risk_ppo_s2/model/final_model.zip,results/ijmlc_control/raw_csv/p1_d015_nonmotion_parallel_20260701_1645_risk_only_s2_episodes.csv
risk_only,non_motion_negative_control,risk,ppo,2,0.15,20000,20015,15,0.0,0.0,0.0083532172498452,0.0,0.0,0.0,0.0,1500.0,0.0194143316781634,-224.54369275805536,0.013027918652077,0.0124774597343487,0.0124692818498034,1.0,1.0,8353.217249845291,0.1227312740514553,,,0.0,0.0,0.0,0.0,0.0,0.0,0.0,0.0,1.3559843089218095,0.9184744922094978,4.839779697795165,6.015109173895325,4.337752348966508,8.049022098566631,5.693736657888318,11.220239513932029,1.3559843089218095,4.839779697795165,/home/aaa/data/qj/stable-baselines3-master/risk_curriculum_metadrive/outputs/tuned_compare_risk_nenv16_seed2_1m/runs/risk_ppo_s2/config.json,/home/aaa/data/qj/stable-baselines3-master/risk_curriculum_metadrive/outputs/tuned_compare_risk_nenv16_seed2_1m/runs/risk_ppo_s2/model/final_model.zip,results/ijmlc_control/raw_csv/p1_d015_nonmotion_parallel_20260701_1645_risk_only_s2_episodes.csv
risk_only,non_motion_negative_control,risk,ppo,2,0.15,20000,20016,16,0.0,0.0,0.0069072475475238,0.0,0.0,0.0,0.0,1500.0,-0.0105814050600647,-224.83466887668047,0.0141140984442838,0.0124779870289107,0.0124691691566655,1.0,1.0,6907.247547523891,0.1552370864175357,5582.870349675647,393.61694439047255,0.0,0.0,0.0,0.0,0.0,0.0,0.0,0.0,0.9926930805183172,0.9043344980455004,1.3969110514153726,3.1258753204019727,4.336249987361953,5.563160446763504,5.32894306788027,6.8137270041916045,0.9926930805183172,1.3969110514153726,/home/aaa/data/qj/stable-baselines3-master/risk_curriculum_metadrive/outputs/tuned_compare_risk_nenv16_seed2_1m/runs/risk_ppo_s2/config.json,/home/aaa/data/qj/stable-baselines3-master/risk_curriculum_metadrive/outputs/tuned_compare_risk_nenv16_seed2_1m/runs/risk_ppo_s2/model/final_model.zip,results/ijmlc_control/raw_csv/p1_d015_nonmotion_parallel_20260701_1645_risk_only_s2_episodes.csv
risk_only,non_motion_negative_control,risk,ppo,2,0.15,20000,20017,17,0.0,0.0,0.0081892645869729,0.0,0.0,0.0,0.0,1500.0,0.0194807813343475,-224.54857424231704,0.0130264324077181,0.0124774709643044,0.0124693900423232,1.0,1.0,8189.264586972946,0.1226846845401783,,,0.0,0.0,0.0,0.0,0.0,0.0,0.0,0.0,0.9734959061315748,0.9166914969682692,1.3711259874980894,2.2444959334097803,4.164447006837388,4.964739201386674,5.137942912968962,6.568320155929541,0.9734959061315748,1.3711259874980894,/home/aaa/data/qj/stable-baselines3-master/risk_curriculum_metadrive/outputs/tuned_compare_risk_nenv16_seed2_1m/runs/risk_ppo_s2/config.json,/home/aaa/data/qj/stable-baselines3-master/risk_curriculum_metadrive/outputs/tuned_compare_risk_nenv16_seed2_1m/runs/risk_ppo_s2/model/final_model.zip,results/ijmlc_control/raw_csv/p1_d015_nonmotion_parallel_20260701_1645_risk_only_s2_episodes.csv
risk_only,non_motion_negative_control,risk,ppo,2,0.15,20000,20018,18,0.0,0.0,0.0063421259200503,0.0,0.0,0.0,0.0,1500.0,0.0091034290451592,-224.6569654456302,0.0133907309725206,0.0124778101346477,0.0124692994466377,1.0,1.0,6342.12592005036,0.1352542435003019,,,0.0,0.0,0.0,0.0,0.0,0.0,0.0,0.0,1.0125713612360414,0.9093909902730956,1.4586220611818128,3.5209681442938736,5.77911862374943,8.380319199204676,6.791689984985472,9.601627498341257,1.0125713612360414,1.4586220611818128,/home/aaa/data/qj/stable-baselines3-master/risk_curriculum_metadrive/outputs/tuned_compare_risk_nenv16_seed2_1m/runs/risk_ppo_s2/config.json,/home/aaa/data/qj/stable-baselines3-master/risk_curriculum_metadrive/outputs/tuned_compare_risk_nenv16_seed2_1m/runs/risk_ppo_s2/model/final_model.zip,results/ijmlc_control/raw_csv/p1_d015_nonmotion_parallel_20260701_1645_risk_only_s2_episodes.csv
risk_only,non_motion_negative_control,risk,ppo,2,0.15,20000,20019,19,0.0,0.0,0.0088286224384444,0.0,0.0,0.0,0.0,1500.0,-0.000158900705234,-224.650649465022,0.0138535323926706,0.0124779936712637,0.0124692945630574,1.0,1.0,8828.622438444418,0.1464146349612085,,,0.0,0.0,0.0,0.0,0.0,0.0,0.0,0.0,0.9974973365897312,0.8947264941525646,1.6506034000485668,2.540640558727318,4.389880052321435,5.819988151779398,5.387377388911166,7.125985247694189,0.9974973365897312,1.6506034000485668,/home/aaa/data/qj/stable-baselines3-master/risk_curriculum_metadrive/outputs/tuned_compare_risk_nenv16_seed2_1m/runs/risk_ppo_s2/config.json,/home/aaa/data/qj/stable-baselines3-master/risk_curriculum_metadrive/outputs/tuned_compare_risk_nenv16_seed2_1m/runs/risk_ppo_s2/model/final_model.zip,results/ijmlc_control/raw_csv/p1_d015_nonmotion_parallel_20260701_1645_risk_only_s2_episodes.csv
