/home/aaa/data/qj/stable-baselines3-master/stable_baselines3/common/on_policy_algorithm.py:150: UserWarning: You are trying to run PPO on the GPU, but it is primarily intended to run on the CPU when not using a CNN policy (you are using ActorCriticPolicy which should be a MlpPolicy). See https://github.com/DLR-RM/stable-baselines3/issues/1245 for more info. You can pass `device='cpu'` or `export CUDA_VISIBLE_DEVICES=` to force using the CPU.Note: The model will train, but the GPU utilization will be poor and the training might take longer than on CPU.
  warnings.warn(
Using cuda device
Logging to outputs/iscsic_main_nenv10_1p5m_ent001/runs/proposed_ppo_s0/tensorboard/proposed_ppo_s0_1
------------------------------------
| paper/                |          |
|    accel_variation    | 0.812    |
|    base_reward        | 6.53     |
|    collision          | 0        |
|    crash_object       | 0        |
|    crash_vehicle      | 0        |
|    episode_cost       | 0        |
|    episode_length     | 600      |
|    jerk               | 0.636    |
|    lane_deviation     | 0.202    |
|    max_lane_deviation | 0.305    |
|    mean_speed_kmh     | 0.718    |
|    min_ttc            | nan      |
|    out_of_road        | 0        |
|    route_completion   | 0.127    |
|    shaped_reward      | -106     |
|    steering_variation | 0.793    |
|    success            | 0        |
|    ttc_risk           | 0        |
| rollout/              |          |
|    ep_len_mean        | 600      |
|    ep_rew_mean        | -106     |
|    success_rate       | 0        |
| time/                 |          |
|    fps                | 3711     |
|    iterations         | 1        |
|    time_elapsed       | 2        |
|    total_timesteps    | 10240    |
------------------------------------
--------------------------------------------
| curriculum/                |             |
|    stage                   | 0           |
|    window_cost             | 0           |
|    window_route_completion | 0.12        |
|    window_success          | 0           |
| paper/                     |             |
|    accel_variation         | 0.78        |
|    base_reward             | 11          |
|    collision               | 0           |
|    crash_object            | 0           |
|    crash_vehicle           | 0           |
|    episode_cost            | 0           |
|    episode_length          | 600         |
|    jerk                    | 0.639       |
|    lane_deviation          | 0.0747      |
|    max_lane_deviation      | 0.202       |
|    mean_speed_kmh          | 0.999       |
|    min_ttc                 | nan         |
|    out_of_road             | 0           |
|    route_completion        | 0.16        |
|    shaped_reward           | -83.3       |
|    steering_variation      | 0.829       |
|    success                 | 0           |
|    ttc_risk                | 0           |
| rollout/                   |             |
|    ep_len_mean             | 600         |
|    ep_rew_mean             | -122        |
|    success_rate            | 0           |
| time/                      |             |
|    fps                     | 3252        |
|    iterations              | 2           |
|    time_elapsed            | 6           |
|    total_timesteps         | 20480       |
| train/                     |             |
|    approx_kl               | 0.007442946 |
|    clip_fraction           | 0.091       |
|    clip_range              | 0.2         |
|    entropy_loss            | -2.83       |
|    explained_variance      | -0.00426    |
|    learning_rate           | 0.0003      |
|    loss                    | 0.17        |
|    n_updates               | 10          |
|    policy_gradient_loss    | -0.00479    |
|    std                     | 0.997       |
|    value_loss              | 0.615       |
--------------------------------------------
-------------------------------------------
| curriculum/                |            |
|    stage                   | 0          |
|    window_cost             | 0          |
|    window_route_completion | 0.132      |
|    window_success          | 0          |
| paper/                     |            |
|    accel_variation         | 0.778      |
|    base_reward             | 7.1        |
|    collision               | 0          |
|    crash_object            | 0          |
|    crash_vehicle           | 0          |
|    episode_cost            | 0          |
|    episode_length          | 600        |
|    jerk                    | 0.626      |
|    lane_deviation          | 0.408      |
|    max_lane_deviation      | 1          |
|    mean_speed_kmh          | 0.95       |
|    min_ttc                 | nan        |
|    out_of_road             | 0          |
|    route_completion        | 0.169      |
|    shaped_reward           | -160       |
|    steering_variation      | 0.79       |
|    success                 | 0          |
|    ttc_risk                | 0          |
| rollout/                   |            |
|    ep_len_mean             | 600        |
|    ep_rew_mean             | -122       |
|    success_rate            | 0          |
| time/                      |            |
|    fps                     | 3187       |
|    iterations              | 3          |
|    time_elapsed            | 9          |
|    total_timesteps         | 30720      |
| train/                     |            |
|    approx_kl               | 0.00549701 |
|    clip_fraction           | 0.0515     |
|    clip_range              | 0.2        |
|    entropy_loss            | -2.83      |
|    explained_variance      | -0.154     |
|    learning_rate           | 0.0003     |
|    loss                    | 4.6        |
|    n_updates               | 20         |
|    policy_gradient_loss    | -0.00146   |
|    std                     | 0.994      |
|    value_loss              | 6.93       |
-------------------------------------------
---------------------------------------------
| curriculum/                |              |
|    stage                   | 0            |
|    window_cost             | 0            |
|    window_route_completion | 0.135        |
|    window_success          | 0            |
| paper/                     |              |
|    accel_variation         | 0.788        |
|    base_reward             | 10.6         |
|    collision               | 0            |
|    crash_object            | 0            |
|    crash_vehicle           | 0            |
|    episode_cost            | 0            |
|    episode_length          | 600          |
|    jerk                    | 0.622        |
|    lane_deviation          | 0.136        |
|    max_lane_deviation      | 0.352        |
|    mean_speed_kmh          | 0.986        |
|    min_ttc                 | nan          |
|    out_of_road             | 0            |
|    route_completion        | 0.137        |
|    shaped_reward           | -90.8        |
|    steering_variation      | 0.794        |
|    success                 | 0            |
|    ttc_risk                | 0            |
| rollout/                   |              |
|    ep_len_mean             | 600          |
|    ep_rew_mean             | -138         |
|    success_rate            | 0            |
| time/                      |              |
|    fps                     | 3158         |
|    iterations              | 4            |
|    time_elapsed            | 12           |
|    total_timesteps         | 40960        |
| train/                     |              |
|    approx_kl               | 0.0052779354 |
|    clip_fraction           | 0.0512       |
|    clip_range              | 0.2          |
|    entropy_loss            | -2.83        |
|    explained_variance      | 0.54         |
|    learning_rate           | 0.0003       |
|    loss                    | 0.637        |
|    n_updates               | 30           |
|    policy_gradient_loss    | -0.00264     |
|    std                     | 0.999        |
|    value_loss              | 2.03         |
---------------------------------------------
---------------------------------------------
| curriculum/                |              |
|    stage                   | 0            |
|    window_cost             | 0            |
|    window_route_completion | 0.149        |
|    window_success          | 0            |
| paper/                     |              |
|    accel_variation         | 0.765        |
|    base_reward             | 5.47         |
|    collision               | 0            |
|    crash_object            | 0            |
|    crash_vehicle           | 0            |
|    episode_cost            | 0            |
|    episode_length          | 600          |
|    jerk                    | 0.617        |
|    lane_deviation          | 0.616        |
|    max_lane_deviation      | 0.999        |
|    mean_speed_kmh          | 0.999        |
|    min_ttc                 | nan          |
|    out_of_road             | 0            |
|    route_completion        | 0.142        |
|    shaped_reward           | -219         |
|    steering_variation      | 0.862        |
|    success                 | 0            |
|    ttc_risk                | 0            |
| rollout/                   |              |
|    ep_len_mean             | 600          |
|    ep_rew_mean             | -139         |
|    success_rate            | 0            |
| time/                      |              |
|    fps                     | 3139         |
|    iterations              | 5            |
|    time_elapsed            | 16           |
|    total_timesteps         | 51200        |
| train/                     |              |
|    approx_kl               | 0.0033787997 |
|    clip_fraction           | 0.0159       |
|    clip_range              | 0.2          |
|    entropy_loss            | -2.84        |
|    explained_variance      | 0.508        |
|    learning_rate           | 0.0003       |
|    loss                    | 5.2          |
|    n_updates               | 40           |
|    policy_gradient_loss    | -0.000724    |
|    std                     | 1            |
|    value_loss              | 16.1         |
---------------------------------------------
---------------------------------------------
| curriculum/                |              |
|    stage                   | 0            |
|    window_cost             | 0.1          |
|    window_route_completion | 0.174        |
|    window_success          | 0            |
| paper/                     |              |
|    accel_variation         | 0.777        |
|    base_reward             | -3.29        |
|    collision               | 0            |
|    crash_object            | 0            |
|    crash_vehicle           | 0            |
|    episode_cost            | 1            |
|    episode_length          | 600          |
|    jerk                    | 0.616        |
|    lane_deviation          | 0.473        |
|    max_lane_deviation      | 1.03         |
|    mean_speed_kmh          | 1.23         |
|    min_ttc                 | nan          |
|    out_of_road             | 1            |
|    route_completion        | 0.188        |
|    shaped_reward           | -272         |
|    steering_variation      | 0.791        |
|    success                 | 0            |
|    ttc_risk                | 0            |
| rollout/                   |              |
|    ep_len_mean             | 594          |
|    ep_rew_mean             | -144         |
|    success_rate            | 0            |
| time/                      |              |
|    fps                     | 3104         |
|    iterations              | 6            |
|    time_elapsed            | 19           |
|    total_timesteps         | 61440        |
| train/                     |              |
|    approx_kl               | 0.0038978055 |
|    clip_fraction           | 0.0476       |
|    clip_range              | 0.2          |
|    entropy_loss            | -2.83        |
|    explained_variance      | 0.891        |
|    learning_rate           | 0.0003       |
|    loss                    | 1.43         |
|    n_updates               | 50           |
|    policy_gradient_loss    | -0.00194     |
|    std                     | 0.996        |
|    value_loss              | 3.85         |
---------------------------------------------
--------------------------------------------
| curriculum/                |             |
|    stage                   | 0           |
|    window_cost             | 0.167       |
|    window_route_completion | 0.191       |
|    window_success          | 0           |
| paper/                     |             |
|    accel_variation         | 0.669       |
|    base_reward             | -3.39       |
|    collision               | 0           |
|    crash_object            | 0           |
|    crash_vehicle           | 0           |
|    episode_cost            | 1           |
|    episode_length          | 481         |
|    jerk                    | 0.522       |
|    lane_deviation          | 0.467       |
|    max_lane_deviation      | 1.03        |
|    mean_speed_kmh          | 1.31        |
|    min_ttc                 | nan         |
|    out_of_road             | 1           |
|    route_completion        | 0.165       |
|    shaped_reward           | -240        |
|    steering_variation      | 0.862       |
|    success                 | 0           |
|    ttc_risk                | 0           |
| rollout/                   |             |
|    ep_len_mean             | 590         |
|    ep_rew_mean             | -147        |
|    success_rate            | 0           |
| time/                      |             |
|    fps                     | 3058        |
|    iterations              | 7           |
|    time_elapsed            | 23          |
|    total_timesteps         | 71680       |
| train/                     |             |
|    approx_kl               | 0.005608872 |
|    clip_fraction           | 0.0324      |
|    clip_range              | 0.2         |
|    entropy_loss            | -2.83       |
|    explained_variance      | 0.681       |
|    learning_rate           | 0.0003      |
|    loss                    | 12.1        |
|    n_updates               | 60          |
|    policy_gradient_loss    | -0.00143    |
|    std                     | 0.996       |
|    value_loss              | 25.2        |
--------------------------------------------
---------------------------------------------
| curriculum/                |              |
|    stage                   | 0            |
|    window_cost             | 0.267        |
|    window_route_completion | 0.217        |
|    window_success          | 0            |
| paper/                     |              |
|    accel_variation         | 0.688        |
|    base_reward             | 0.116        |
|    collision               | 0            |
|    crash_object            | 0            |
|    crash_vehicle           | 0            |
|    episode_cost            | 1            |
|    episode_length          | 528          |
|    jerk                    | 0.537        |
|    lane_deviation          | 0.422        |
|    max_lane_deviation      | 1.03         |
|    mean_speed_kmh          | 1.56         |
|    min_ttc                 | nan          |
|    out_of_road             | 1            |
|    route_completion        | 0.191        |
|    shaped_reward           | -238         |
|    steering_variation      | 0.845        |
|    success                 | 0            |
|    ttc_risk                | 0            |
| rollout/                   |              |
|    ep_len_mean             | 580          |
|    ep_rew_mean             | -158         |
|    success_rate            | 0            |
| time/                      |              |
|    fps                     | 2999         |
|    iterations              | 8            |
|    time_elapsed            | 27           |
|    total_timesteps         | 81920        |
| train/                     |              |
|    approx_kl               | 0.0051153386 |
|    clip_fraction           | 0.0274       |
|    clip_range              | 0.2          |
|    entropy_loss            | -2.83        |
|    explained_variance      | 0.751        |
|    learning_rate           | 0.0003       |
|    loss                    | 5.01         |
|    n_updates               | 70           |
|    policy_gradient_loss    | -0.000191    |
|    std                     | 0.994        |
|    value_loss              | 20.7         |
---------------------------------------------
---------------------------------------------
| curriculum/                |              |
|    stage                   | 0            |
|    window_cost             | 0.233        |
|    window_route_completion | 0.237        |
|    window_success          | 0            |
| paper/                     |              |
|    accel_variation         | 0.744        |
|    base_reward             | 13.8         |
|    collision               | 0            |
|    crash_object            | 0            |
|    crash_vehicle           | 0            |
|    episode_cost            | 0            |
|    episode_length          | 600          |
|    jerk                    | 0.576        |
|    lane_deviation          | 0.273        |
|    max_lane_deviation      | 0.992        |
|    mean_speed_kmh          | 1.34         |
|    min_ttc                 | nan          |
|    out_of_road             | 0            |
|    route_completion        | 0.221        |
|    shaped_reward           | -118         |
|    steering_variation      | 0.811        |
|    success                 | 0            |
|    ttc_risk                | 0            |
| rollout/                   |              |
|    ep_len_mean             | 580          |
|    ep_rew_mean             | -169         |
|    success_rate            | 0            |
| time/                      |              |
|    fps                     | 2960         |
|    iterations              | 9            |
|    time_elapsed            | 31           |
|    total_timesteps         | 92160        |
| train/                     |              |
|    approx_kl               | 0.0033551597 |
|    clip_fraction           | 0.0411       |
|    clip_range              | 0.2          |
|    entropy_loss            | -2.82        |
|    explained_variance      | 0.65         |
|    learning_rate           | 0.0003       |
|    loss                    | 20.4         |
|    n_updates               | 80           |
|    policy_gradient_loss    | -0.00172     |
|    std                     | 0.993        |
|    value_loss              | 34.8         |
---------------------------------------------
--------------------------------------------
| curriculum/                |             |
|    stage                   | 0           |
|    window_cost             | 0.0667      |
|    window_route_completion | 0.244       |
|    window_success          | 0           |
| paper/                     |             |
|    accel_variation         | 0.675       |
|    base_reward             | 8.56        |
|    collision               | 0           |
|    crash_object            | 0           |
|    crash_vehicle           | 0           |
|    episode_cost            | 1           |
|    episode_length          | 567         |
|    jerk                    | 0.583       |
|    lane_deviation          | 0.292       |
|    max_lane_deviation      | 1.03        |
|    mean_speed_kmh          | 1.97        |
|    min_ttc                 | nan         |
|    out_of_road             | 1           |
|    route_completion        | 0.251       |
|    shaped_reward           | -210        |
|    steering_variation      | 0.793       |
|    success                 | 0           |
|    ttc_risk                | 0           |
| rollout/                   |             |
|    ep_len_mean             | 578         |
|    ep_rew_mean             | -167        |
|    success_rate            | 0           |
| time/                      |             |
|    fps                     | 2926        |
|    iterations              | 10          |
|    time_elapsed            | 34          |
|    total_timesteps         | 102400      |
| train/                     |             |
|    approx_kl               | 0.004725375 |
|    clip_fraction           | 0.035       |
|    clip_range              | 0.2         |
|    entropy_loss            | -2.82       |
|    explained_variance      | 0.889       |
|    learning_rate           | 0.0003      |
|    loss                    | 6.31        |
|    n_updates               | 90          |
|    policy_gradient_loss    | -0.00224    |
|    std                     | 0.991       |
|    value_loss              | 18.7        |
--------------------------------------------
---------------------------------------------
| curriculum/                |              |
|    stage                   | 0            |
|    window_cost             | 0.1          |
|    window_route_completion | 0.261        |
|    window_success          | 0            |
| paper/                     |              |
|    accel_variation         | 0.709        |
|    base_reward             | 6.55         |
|    collision               | 0            |
|    crash_object            | 0            |
|    crash_vehicle           | 0            |
|    episode_cost            | 0            |
|    episode_length          | 600          |
|    jerk                    | 0.56         |
|    lane_deviation          | 1.34         |
|    max_lane_deviation      | 2            |
|    mean_speed_kmh          | 1.77         |
|    min_ttc                 | nan          |
|    out_of_road             | 0            |
|    route_completion        | 0.265        |
|    shaped_reward           | -743         |
|    steering_variation      | 0.776        |
|    success                 | 0            |
|    ttc_risk                | 0            |
| rollout/                   |              |
|    ep_len_mean             | 576          |
|    ep_rew_mean             | -191         |
|    success_rate            | 0            |
| time/                      |              |
|    fps                     | 2906         |
|    iterations              | 11           |
|    time_elapsed            | 38           |
|    total_timesteps         | 112640       |
| train/                     |              |
|    approx_kl               | 0.0064343773 |
|    clip_fraction           | 0.0599       |
|    clip_range              | 0.2          |
|    entropy_loss            | -2.81        |
|    explained_variance      | 0.898        |
|    learning_rate           | 0.0003       |
|    loss                    | 2.9          |
|    n_updates               | 100          |
|    policy_gradient_loss    | -0.00186     |
|    std                     | 0.985        |
|    value_loss              | 18.4         |
---------------------------------------------
--------------------------------------------
| curriculum/                |             |
|    stage                   | 0           |
|    window_cost             | 0.0333      |
|    window_route_completion | 0.286       |
|    window_success          | 0           |
| paper/                     |             |
|    accel_variation         | 0.656       |
|    base_reward             | 17.7        |
|    collision               | 0           |
|    crash_object            | 0           |
|    crash_vehicle           | 0           |
|    episode_cost            | 0           |
|    episode_length          | 600         |
|    jerk                    | 0.559       |
|    lane_deviation          | 0.461       |
|    max_lane_deviation      | 0.995       |
|    mean_speed_kmh          | 2.1         |
|    min_ttc                 | nan         |
|    out_of_road             | 0           |
|    route_completion        | 0.273       |
|    shaped_reward           | -121        |
|    steering_variation      | 0.81        |
|    success                 | 0           |
|    ttc_risk                | 0           |
| rollout/                   |             |
|    ep_len_mean             | 585         |
|    ep_rew_mean             | -202        |
|    success_rate            | 0           |
| time/                      |             |
|    fps                     | 2898        |
|    iterations              | 12          |
|    time_elapsed            | 42          |
|    total_timesteps         | 122880      |
| train/                     |             |
|    approx_kl               | 0.005521008 |
|    clip_fraction           | 0.0568      |
|    clip_range              | 0.2         |
|    entropy_loss            | -2.8        |
|    explained_variance      | 0.93        |
|    learning_rate           | 0.0003      |
|    loss                    | 15.4        |
|    n_updates               | 110         |
|    policy_gradient_loss    | -0.0042     |
|    std                     | 0.98        |
|    value_loss              | 41          |
--------------------------------------------
---------------------------------------------
| curriculum/                |              |
|    stage                   | 0            |
|    window_cost             | 0            |
|    window_route_completion | 0.3          |
|    window_success          | 0            |
| paper/                     |              |
|    accel_variation         | 0.624        |
|    base_reward             | 23.6         |
|    collision               | 0            |
|    crash_object            | 0            |
|    crash_vehicle           | 0            |
|    episode_cost            | 0            |
|    episode_length          | 600          |
|    jerk                    | 0.513        |
|    lane_deviation          | 0.266        |
|    max_lane_deviation      | 0.566        |
|    mean_speed_kmh          | 1.99         |
|    min_ttc                 | nan          |
|    out_of_road             | 0            |
|    route_completion        | 0.282        |
|    shaped_reward           | -72.5        |
|    steering_variation      | 0.792        |
|    success                 | 0            |
|    ttc_risk                | 0            |
| rollout/                   |              |
|    ep_len_mean             | 589          |
|    ep_rew_mean             | -210         |
|    success_rate            | 0            |
| time/                      |              |
|    fps                     | 2889         |
|    iterations              | 13           |
|    time_elapsed            | 46           |
|    total_timesteps         | 133120       |
| train/                     |              |
|    approx_kl               | 0.0035531383 |
|    clip_fraction           | 0.0406       |
|    clip_range              | 0.2          |
|    entropy_loss            | -2.8         |
|    explained_variance      | 0.935        |
|    learning_rate           | 0.0003       |
|    loss                    | 11           |
|    n_updates               | 120          |
|    policy_gradient_loss    | -0.00214     |
|    std                     | 0.979        |
|    value_loss              | 22.8         |
---------------------------------------------
--------------------------------------------
| curriculum/                |             |
|    stage                   | 0           |
|    window_cost             | 0.0667      |
|    window_route_completion | 0.327       |
|    window_success          | 0           |
| paper/                     |             |
|    accel_variation         | 0.635       |
|    base_reward             | 17.8        |
|    collision               | 0           |
|    crash_object            | 0           |
|    crash_vehicle           | 0           |
|    episode_cost            | 0           |
|    episode_length          | 600         |
|    jerk                    | 0.514       |
|    lane_deviation          | 0.526       |
|    max_lane_deviation      | 0.99        |
|    mean_speed_kmh          | 2.38        |
|    min_ttc                 | nan         |
|    out_of_road             | 0           |
|    route_completion        | 0.322       |
|    shaped_reward           | -144        |
|    steering_variation      | 0.766       |
|    success                 | 0           |
|    ttc_risk                | 0           |
| rollout/                   |             |
|    ep_len_mean             | 595         |
|    ep_rew_mean             | -205        |
|    success_rate            | 0           |
| time/                      |             |
|    fps                     | 2874        |
|    iterations              | 14          |
|    time_elapsed            | 49          |
|    total_timesteps         | 143360      |
| train/                     |             |
|    approx_kl               | 0.006364879 |
|    clip_fraction           | 0.112       |
|    clip_range              | 0.2         |
|    entropy_loss            | -2.79       |
|    explained_variance      | 0.953       |
|    learning_rate           | 0.0003      |
|    loss                    | 11.2        |
|    n_updates               | 130         |
|    policy_gradient_loss    | -0.00628    |
|    std                     | 0.976       |
|    value_loss              | 22.7        |
--------------------------------------------
--------------------------------------------
| curriculum/                |             |
|    stage                   | 0           |
|    window_cost             | 0.0333      |
|    window_route_completion | 0.333       |
|    window_success          | 0           |
| paper/                     |             |
|    accel_variation         | 0.67        |
|    base_reward             | 18.7        |
|    collision               | 0           |
|    crash_object            | 0           |
|    crash_vehicle           | 0           |
|    episode_cost            | 0           |
|    episode_length          | 600         |
|    jerk                    | 0.548       |
|    lane_deviation          | 0.363       |
|    max_lane_deviation      | 1.2         |
|    mean_speed_kmh          | 1.81        |
|    min_ttc                 | nan         |
|    out_of_road             | 0           |
|    route_completion        | 0.328       |
|    shaped_reward           | -128        |
|    steering_variation      | 0.803       |
|    success                 | 0           |
|    ttc_risk                | 0           |
| rollout/                   |             |
|    ep_len_mean             | 595         |
|    ep_rew_mean             | -194        |
|    success_rate            | 0           |
| time/                      |             |
|    fps                     | 2864        |
|    iterations              | 15          |
|    time_elapsed            | 53          |
|    total_timesteps         | 153600      |
| train/                     |             |
|    approx_kl               | 0.009272181 |
|    clip_fraction           | 0.0943      |
|    clip_range              | 0.2         |
|    entropy_loss            | -2.78       |
|    explained_variance      | 0.83        |
|    learning_rate           | 0.0003      |
|    loss                    | 8.75        |
|    n_updates               | 140         |
|    policy_gradient_loss    | -0.00114    |
|    std                     | 0.968       |
|    value_loss              | 20.5        |
--------------------------------------------
--------------------------------------------
| curriculum/                |             |
|    stage                   | 0           |
|    window_cost             | 0           |
|    window_route_completion | 0.313       |
|    window_success          | 0           |
| paper/                     |             |
|    accel_variation         | 0.701       |
|    base_reward             | 21          |
|    collision               | 0           |
|    crash_object            | 0           |
|    crash_vehicle           | 0           |
|    episode_cost            | 0           |
|    episode_length          | 600         |
|    jerk                    | 0.553       |
|    lane_deviation          | 0.269       |
|    max_lane_deviation      | 0.753       |
|    mean_speed_kmh          | 2.09        |
|    min_ttc                 | nan         |
|    out_of_road             | 0           |
|    route_completion        | 0.391       |
|    shaped_reward           | -80.6       |
|    steering_variation      | 0.774       |
|    success                 | 0           |
|    ttc_risk                | 0           |
| rollout/                   |             |
|    ep_len_mean             | 598         |
|    ep_rew_mean             | -184        |
|    success_rate            | 0           |
| time/                      |             |
|    fps                     | 2862        |
|    iterations              | 16          |
|    time_elapsed            | 57          |
|    total_timesteps         | 163840      |
| train/                     |             |
|    approx_kl               | 0.016463177 |
|    clip_fraction           | 0.244       |
|    clip_range              | 0.2         |
|    entropy_loss            | -2.77       |
|    explained_variance      | 0.942       |
|    learning_rate           | 0.0003      |
|    loss                    | 9.89        |
|    n_updates               | 150         |
|    policy_gradient_loss    | -0.00519    |
|    std                     | 0.969       |
|    value_loss              | 18.8        |
--------------------------------------------
--------------------------------------------
| curriculum/                |             |
|    stage                   | 0           |
|    window_cost             | 0           |
|    window_route_completion | 0.345       |
|    window_success          | 0           |
| paper/                     |             |
|    accel_variation         | 0.613       |
|    base_reward             | 25.8        |
|    collision               | 0           |
|    crash_object            | 0           |
|    crash_vehicle           | 0           |
|    episode_cost            | 0           |
|    episode_length          | 600         |
|    jerk                    | 0.516       |
|    lane_deviation          | 0.357       |
|    max_lane_deviation      | 0.826       |
|    mean_speed_kmh          | 2.58        |
|    min_ttc                 | nan         |
|    out_of_road             | 0           |
|    route_completion        | 0.382       |
|    shaped_reward           | -82.7       |
|    steering_variation      | 0.802       |
|    success                 | 0           |
|    ttc_risk                | 0           |
| rollout/                   |             |
|    ep_len_mean             | 599         |
|    ep_rew_mean             | -146        |
|    success_rate            | 0           |
| time/                      |             |
|    fps                     | 2848        |
|    iterations              | 17          |
|    time_elapsed            | 61          |
|    total_timesteps         | 174080      |
| train/                     |             |
|    approx_kl               | 0.014126951 |
|    clip_fraction           | 0.142       |
|    clip_range              | 0.2         |
|    entropy_loss            | -2.75       |
|    explained_variance      | 0.859       |
|    learning_rate           | 0.0003      |
|    loss                    | 1.96        |
|    n_updates               | 160         |
|    policy_gradient_loss    | -0.00701    |
|    std                     | 0.949       |
|    value_loss              | 5.92        |
--------------------------------------------
--------------------------------------------
| curriculum/                |             |
|    stage                   | 0           |
|    window_cost             | 0           |
|    window_route_completion | 0.368       |
|    window_success          | 0           |
| paper/                     |             |
|    accel_variation         | 0.559       |
|    base_reward             | 32.3        |
|    collision               | 0           |
|    crash_object            | 0           |
|    crash_vehicle           | 0           |
|    episode_cost            | 0           |
|    episode_length          | 600         |
|    jerk                    | 0.456       |
|    lane_deviation          | 0.264       |
|    max_lane_deviation      | 0.592       |
|    mean_speed_kmh          | 2.63        |
|    min_ttc                 | nan         |
|    out_of_road             | 0           |
|    route_completion        | 0.389       |
|    shaped_reward           | -51.2       |
|    steering_variation      | 0.804       |
|    success                 | 0           |
|    ttc_risk                | 0           |
| rollout/                   |             |
|    ep_len_mean             | 599         |
|    ep_rew_mean             | -123        |
|    success_rate            | 0           |
| time/                      |             |
|    fps                     | 2843        |
|    iterations              | 18          |
|    time_elapsed            | 64          |
|    total_timesteps         | 184320      |
| train/                     |             |
|    approx_kl               | 0.009944415 |
|    clip_fraction           | 0.218       |
|    clip_range              | 0.2         |
|    entropy_loss            | -2.71       |
|    explained_variance      | 0.853       |
|    learning_rate           | 0.0003      |
|    loss                    | 2.98        |
|    n_updates               | 170         |
|    policy_gradient_loss    | 0.000596    |
|    std                     | 0.926       |
|    value_loss              | 6.6         |
--------------------------------------------
--------------------------------------------
| curriculum/                |             |
|    stage                   | 0           |
|    window_cost             | 0           |
|    window_route_completion | 0.423       |
|    window_success          | 0           |
| paper/                     |             |
|    accel_variation         | 0.542       |
|    base_reward             | 38.2        |
|    collision               | 0           |
|    crash_object            | 0           |
|    crash_vehicle           | 0           |
|    episode_cost            | 0           |
|    episode_length          | 600         |
|    jerk                    | 0.427       |
|    lane_deviation          | 0.368       |
|    max_lane_deviation      | 0.787       |
|    mean_speed_kmh          | 3.59        |
|    min_ttc                 | nan         |
|    out_of_road             | 0           |
|    route_completion        | 0.618       |
|    shaped_reward           | -59.7       |
|    steering_variation      | 0.783       |
|    success                 | 0           |
|    ttc_risk                | 0           |
| rollout/                   |             |
|    ep_len_mean             | 600         |
|    ep_rew_mean             | -103        |
|    success_rate            | 0           |
| time/                      |             |
|    fps                     | 2841        |
|    iterations              | 19          |
|    time_elapsed            | 68          |
|    total_timesteps         | 194560      |
| train/                     |             |
|    approx_kl               | 0.024299357 |
|    clip_fraction           | 0.242       |
|    clip_range              | 0.2         |
|    entropy_loss            | -2.64       |
|    explained_variance      | 0.773       |
|    learning_rate           | 0.0003      |
|    loss                    | 1.53        |
|    n_updates               | 180         |
|    policy_gradient_loss    | -0.0011     |
|    std                     | 0.892       |
|    value_loss              | 3.66        |
--------------------------------------------
--------------------------------------------
| curriculum/                |             |
|    stage                   | 0           |
|    window_cost             | 0.1         |
|    window_route_completion | 0.54        |
|    window_success          | 0           |
| paper/                     |             |
|    accel_variation         | 0.496       |
|    base_reward             | 40.3        |
|    collision               | 0           |
|    crash_object            | 0           |
|    crash_vehicle           | 0           |
|    episode_cost            | 0           |
|    episode_length          | 600         |
|    jerk                    | 0.429       |
|    lane_deviation          | 0.444       |
|    max_lane_deviation      | 1.24        |
|    mean_speed_kmh          | 4.55        |
|    min_ttc                 | nan         |
|    out_of_road             | 0           |
|    route_completion        | 0.627       |
|    shaped_reward           | -81         |
|    steering_variation      | 0.786       |
|    success                 | 0           |
|    ttc_risk                | 0           |
| rollout/                   |             |
|    ep_len_mean             | 588         |
|    ep_rew_mean             | -91.1       |
|    success_rate            | 0           |
| time/                      |             |
|    fps                     | 2830        |
|    iterations              | 20          |
|    time_elapsed            | 72          |
|    total_timesteps         | 204800      |
| train/                     |             |
|    approx_kl               | 0.029765671 |
|    clip_fraction           | 0.293       |
|    clip_range              | 0.2         |
|    entropy_loss            | -2.57       |
|    explained_variance      | 0.748       |
|    learning_rate           | 0.0003      |
|    loss                    | 3.76        |
|    n_updates               | 190         |
|    policy_gradient_loss    | -0.00918    |
|    std                     | 0.866       |
|    value_loss              | 6.5         |
--------------------------------------------
--------------------------------------------
| curriculum/                |             |
|    stage                   | 1           |
|    window_cost             | 0.1         |
|    window_route_completion | 0.607       |
|    window_success          | 0           |
| paper/                     |             |
|    accel_variation         | 0.481       |
|    base_reward             | 81.8        |
|    collision               | 0           |
|    crash_object            | 0           |
|    crash_vehicle           | 0           |
|    episode_cost            | 0           |
|    episode_length          | 686         |
|    jerk                    | 0.392       |
|    lane_deviation          | 0.329       |
|    max_lane_deviation      | 0.735       |
|    mean_speed_kmh          | 4.74        |
|    min_ttc                 | nan         |
|    out_of_road             | 0           |
|    route_completion        | 0.949       |
|    shaped_reward           | 29.8        |
|    steering_variation      | 0.75        |
|    success                 | 1           |
|    ttc_risk                | 0           |
| rollout/                   |             |
|    ep_len_mean             | 587         |
|    ep_rew_mean             | -72.1       |
|    success_rate            | 0.02        |
| time/                      |             |
|    fps                     | 2822        |
|    iterations              | 21          |
|    time_elapsed            | 76          |
|    total_timesteps         | 215040      |
| train/                     |             |
|    approx_kl               | 0.012001595 |
|    clip_fraction           | 0.142       |
|    clip_range              | 0.2         |
|    entropy_loss            | -2.53       |
|    explained_variance      | 0.376       |
|    learning_rate           | 0.0003      |
|    loss                    | 6.49        |
|    n_updates               | 200         |
|    policy_gradient_loss    | -0.00169    |
|    std                     | 0.854       |
|    value_loss              | 22.6        |
--------------------------------------------
-----------------------------------------
| paper/                  |             |
|    accel_variation      | 0.479       |
|    base_reward          | 95.6        |
|    collision            | 0           |
|    crash_object         | 0           |
|    crash_vehicle        | 0           |
|    episode_cost         | 0           |
|    episode_length       | 800         |
|    jerk                 | 0.397       |
|    lane_deviation       | 0.339       |
|    max_lane_deviation   | 0.997       |
|    mean_speed_kmh       | 6.58        |
|    min_ttc              | nan         |
|    out_of_road          | 0           |
|    route_completion     | 0.312       |
|    shaped_reward        | -39.5       |
|    steering_variation   | 0.733       |
|    success              | 0           |
|    ttc_risk             | 0           |
| rollout/                |             |
|    ep_len_mean          | 605         |
|    ep_rew_mean          | -56         |
|    success_rate         | 0.07        |
| time/                   |             |
|    fps                  | 2748        |
|    iterations           | 22          |
|    time_elapsed         | 81          |
|    total_timesteps      | 225280      |
| train/                  |             |
|    approx_kl            | 0.020287275 |
|    clip_fraction        | 0.177       |
|    clip_range           | 0.2         |
|    entropy_loss         | -2.49       |
|    explained_variance   | 0.444       |
|    learning_rate        | 0.0003      |
|    loss                 | 10.8        |
|    n_updates            | 210         |
|    policy_gradient_loss | -0.00552    |
|    std                  | 0.833       |
|    value_loss           | 16.3        |
-----------------------------------------
--------------------------------------------
| curriculum/                |             |
|    stage                   | 1           |
|    window_cost             | 0.1         |
|    window_route_completion | 0.501       |
|    window_success          | 0.2         |
| paper/                     |             |
|    accel_variation         | 0.462       |
|    base_reward             | 105         |
|    collision               | 0           |
|    crash_object            | 0           |
|    crash_vehicle           | 0           |
|    episode_cost            | 0           |
|    episode_length          | 800         |
|    jerk                    | 0.377       |
|    lane_deviation          | 0.17        |
|    max_lane_deviation      | 0.809       |
|    mean_speed_kmh          | 5.78        |
|    min_ttc                 | nan         |
|    out_of_road             | 0           |
|    route_completion        | 0.319       |
|    shaped_reward           | 6.94        |
|    steering_variation      | 0.708       |
|    success                 | 0           |
|    ttc_risk                | 0           |
| rollout/                   |             |
|    ep_len_mean             | 626         |
|    ep_rew_mean             | -50.6       |
|    success_rate            | 0.07        |
| time/                      |             |
|    fps                     | 2681        |
|    iterations              | 23          |
|    time_elapsed            | 87          |
|    total_timesteps         | 235520      |
| train/                     |             |
|    approx_kl               | 0.007756333 |
|    clip_fraction           | 0.139       |
|    clip_range              | 0.2         |
|    entropy_loss            | -2.47       |
|    explained_variance      | 0.114       |
|    learning_rate           | 0.0003      |
|    loss                    | 14.2        |
|    n_updates               | 220         |
|    policy_gradient_loss    | -0.00195    |
|    std                     | 0.828       |
|    value_loss              | 26.4        |
--------------------------------------------
--------------------------------------------
| curriculum/                |             |
|    stage                   | 1           |
|    window_cost             | 0.333       |
|    window_route_completion | 0.353       |
|    window_success          | 0           |
| paper/                     |             |
|    accel_variation         | 0.417       |
|    base_reward             | 97          |
|    collision               | 0           |
|    crash_object            | 0           |
|    crash_vehicle           | 0           |
|    episode_cost            | 0           |
|    episode_length          | 800         |
|    jerk                    | 0.343       |
|    lane_deviation          | 0.37        |
|    max_lane_deviation      | 0.984       |
|    mean_speed_kmh          | 7.13        |
|    min_ttc                 | nan         |
|    out_of_road             | 0           |
|    route_completion        | 0.591       |
|    shaped_reward           | -26.7       |
|    steering_variation      | 0.748       |
|    success                 | 0           |
|    ttc_risk                | 0           |
| rollout/                   |             |
|    ep_len_mean             | 622         |
|    ep_rew_mean             | -49         |
|    success_rate            | 0.07        |
| time/                      |             |
|    fps                     | 2616        |
|    iterations              | 24          |
|    time_elapsed            | 93          |
|    total_timesteps         | 245760      |
| train/                     |             |
|    approx_kl               | 0.013247651 |
|    clip_fraction           | 0.215       |
|    clip_range              | 0.2         |
|    entropy_loss            | -2.45       |
|    explained_variance      | 0.489       |
|    learning_rate           | 0.0003      |
|    loss                    | 7.3         |
|    n_updates               | 230         |
|    policy_gradient_loss    | 0.00508     |
|    std                     | 0.823       |
|    value_loss              | 7.51        |
--------------------------------------------
--------------------------------------------
| curriculum/                |             |
|    stage                   | 1           |
|    window_cost             | 0.4         |
|    window_route_completion | 0.383       |
|    window_success          | 0           |
| paper/                     |             |
|    accel_variation         | 0.419       |
|    base_reward             | 109         |
|    collision               | 0           |
|    crash_object            | 0           |
|    crash_vehicle           | 0           |
|    episode_cost            | 0           |
|    episode_length          | 800         |
|    jerk                    | 0.363       |
|    lane_deviation          | 0.35        |
|    max_lane_deviation      | 0.998       |
|    mean_speed_kmh          | 7.6         |
|    min_ttc                 | nan         |
|    out_of_road             | 0           |
|    route_completion        | 0.383       |
|    shaped_reward           | -21.5       |
|    steering_variation      | 0.697       |
|    success                 | 0           |
|    ttc_risk                | 0           |
| rollout/                   |             |
|    ep_len_mean             | 621         |
|    ep_rew_mean             | -47.7       |
|    success_rate            | 0.07        |
| time/                      |             |
|    fps                     | 2539        |
|    iterations              | 25          |
|    time_elapsed            | 100         |
|    total_timesteps         | 256000      |
| train/                     |             |
|    approx_kl               | 0.011368784 |
|    clip_fraction           | 0.154       |
|    clip_range              | 0.2         |
|    entropy_loss            | -2.45       |
|    explained_variance      | 0.366       |
|    learning_rate           | 0.0003      |
|    loss                    | 12.4        |
|    n_updates               | 240         |
|    policy_gradient_loss    | -0.00635    |
|    std                     | 0.824       |
|    value_loss              | 47.6        |
--------------------------------------------
---------------------------------------------
| curriculum/                |              |
|    stage                   | 1            |
|    window_cost             | 0.267        |
|    window_route_completion | 0.41         |
|    window_success          | 0            |
| paper/                     |              |
|    accel_variation         | 0.439        |
|    base_reward             | 112          |
|    collision               | 0            |
|    crash_object            | 0            |
|    crash_vehicle           | 0            |
|    episode_cost            | 0            |
|    episode_length          | 800          |
|    jerk                    | 0.376        |
|    lane_deviation          | 0.277        |
|    max_lane_deviation      | 0.966        |
|    mean_speed_kmh          | 7.05         |
|    min_ttc                 | nan          |
|    out_of_road             | 0            |
|    route_completion        | 0.541        |
|    shaped_reward           | -0.24        |
|    steering_variation      | 0.709        |
|    success                 | 0            |
|    ttc_risk                | 0            |
| rollout/                   |              |
|    ep_len_mean             | 648          |
|    ep_rew_mean             | -40.8        |
|    success_rate            | 0.07         |
| time/                      |              |
|    fps                     | 2486         |
|    iterations              | 26           |
|    time_elapsed            | 107          |
|    total_timesteps         | 266240       |
| train/                     |              |
|    approx_kl               | 0.0120409755 |
|    clip_fraction           | 0.18         |
|    clip_range              | 0.2          |
|    entropy_loss            | -2.45        |
|    explained_variance      | 0.517        |
|    learning_rate           | 0.0003       |
|    loss                    | 19.8         |
|    n_updates               | 250          |
|    policy_gradient_loss    | -0.0066      |
|    std                     | 0.823        |
|    value_loss              | 52.5         |
---------------------------------------------
--------------------------------------------
| curriculum/                |             |
|    stage                   | 1           |
|    window_cost             | 0.167       |
|    window_route_completion | 0.417       |
|    window_success          | 0           |
| paper/                     |             |
|    accel_variation         | 0.445       |
|    base_reward             | 38.8        |
|    collision               | 0           |
|    crash_object            | 0           |
|    crash_vehicle           | 0           |
|    episode_cost            | 0           |
|    episode_length          | 800         |
|    jerk                    | 0.373       |
|    lane_deviation          | 0.884       |
|    max_lane_deviation      | 2           |
|    mean_speed_kmh          | 4.7         |
|    min_ttc                 | nan         |
|    out_of_road             | 0           |
|    route_completion        | 0.221       |
|    shaped_reward           | -467        |
|    steering_variation      | 0.635       |
|    success                 | 0           |
|    ttc_risk                | 0           |
| rollout/                   |             |
|    ep_len_mean             | 675         |
|    ep_rew_mean             | -43.6       |
|    success_rate            | 0.07        |
| time/                      |             |
|    fps                     | 2433        |
|    iterations              | 27          |
|    time_elapsed            | 113         |
|    total_timesteps         | 276480      |
| train/                     |             |
|    approx_kl               | 0.021974582 |
|    clip_fraction           | 0.246       |
|    clip_range              | 0.2         |
|    entropy_loss            | -2.43       |
|    explained_variance      | 0.592       |
|    learning_rate           | 0.0003      |
|    loss                    | 2.7         |
|    n_updates               | 260         |
|    policy_gradient_loss    | 0.00418     |
|    std                     | 0.812       |
|    value_loss              | 11.7        |
--------------------------------------------
--------------------------------------------
| curriculum/                |             |
|    stage                   | 1           |
|    window_cost             | 0.233       |
|    window_route_completion | 0.442       |
|    window_success          | 0           |
| paper/                     |             |
|    accel_variation         | 0.401       |
|    base_reward             | 128         |
|    collision               | 0           |
|    crash_object            | 0           |
|    crash_vehicle           | 0           |
|    episode_cost            | 0           |
|    episode_length          | 800         |
|    jerk                    | 0.353       |
|    lane_deviation          | 0.282       |
|    max_lane_deviation      | 0.942       |
|    mean_speed_kmh          | 7.96        |
|    min_ttc                 | nan         |
|    out_of_road             | 0           |
|    route_completion        | 0.68        |
|    shaped_reward           | 16.3        |
|    steering_variation      | 0.683       |
|    success                 | 0           |
|    ttc_risk                | 0           |
| rollout/                   |             |
|    ep_len_mean             | 686         |
|    ep_rew_mean             | -47.8       |
|    success_rate            | 0           |
| time/                      |             |
|    fps                     | 2389        |
|    iterations              | 28          |
|    time_elapsed            | 119         |
|    total_timesteps         | 286720      |
| train/                     |             |
|    approx_kl               | 0.014748737 |
|    clip_fraction           | 0.174       |
|    clip_range              | 0.2         |
|    entropy_loss            | -2.43       |
|    explained_variance      | 0.68        |
|    learning_rate           | 0.0003      |
|    loss                    | 7.15        |
|    n_updates               | 270         |
|    policy_gradient_loss    | 0.000758    |
|    std                     | 0.818       |
|    value_loss              | 18.3        |
--------------------------------------------
--------------------------------------------
| curriculum/                |             |
|    stage                   | 1           |
|    window_cost             | 0.2         |
|    window_route_completion | 0.471       |
|    window_success          | 0           |
| paper/                     |             |
|    accel_variation         | 0.392       |
|    base_reward             | 156         |
|    collision               | 0           |
|    crash_object            | 0           |
|    crash_vehicle           | 0           |
|    episode_cost            | 0           |
|    episode_length          | 800         |
|    jerk                    | 0.34        |
|    lane_deviation          | 0.226       |
|    max_lane_deviation      | 0.953       |
|    mean_speed_kmh          | 8.82        |
|    min_ttc                 | nan         |
|    out_of_road             | 0           |
|    route_completion        | 0.505       |
|    shaped_reward           | 39.1        |
|    steering_variation      | 0.729       |
|    success                 | 0           |
|    ttc_risk                | 0           |
| rollout/                   |             |
|    ep_len_mean             | 690         |
|    ep_rew_mean             | -46.8       |
|    success_rate            | 0           |
| time/                      |             |
|    fps                     | 2356        |
|    iterations              | 29          |
|    time_elapsed            | 126         |
|    total_timesteps         | 296960      |
| train/                     |             |
|    approx_kl               | 0.010235271 |
|    clip_fraction           | 0.165       |
|    clip_range              | 0.2         |
|    entropy_loss            | -2.43       |
|    explained_variance      | 0.698       |
|    learning_rate           | 0.0003      |
|    loss                    | 6.5         |
|    n_updates               | 280         |
|    policy_gradient_loss    | -0.00474    |
|    std                     | 0.816       |
|    value_loss              | 33.3        |
--------------------------------------------
--------------------------------------------
| curriculum/                |             |
|    stage                   | 0           |
|    window_cost             | 0.833       |
|    window_route_completion | 0.209       |
|    window_success          | 0           |
| paper/                     |             |
|    accel_variation         | 0.443       |
|    base_reward             | -6.68       |
|    collision               | 0           |
|    crash_object            | 0           |
|    crash_vehicle           | 0           |
|    episode_cost            | 1           |
|    episode_length          | 75          |
|    jerk                    | 0.322       |
|    lane_deviation          | 0.446       |
|    max_lane_deviation      | 1.05        |
|    mean_speed_kmh          | 5.48        |
|    min_ttc                 | nan         |
|    out_of_road             | 1           |
|    route_completion        | 0.12        |
|    shaped_reward           | -114        |
|    steering_variation      | 0.602       |
|    success                 | 0           |
|    ttc_risk                | 0           |
| rollout/                   |             |
|    ep_len_mean             | 522         |
|    ep_rew_mean             | -73.6       |
|    success_rate            | 0           |
| time/                      |             |
|    fps                     | 2292        |
|    iterations              | 30          |
|    time_elapsed            | 134         |
|    total_timesteps         | 307200      |
| train/                     |             |
|    approx_kl               | 0.031038785 |
|    clip_fraction           | 0.181       |
|    clip_range              | 0.2         |
|    entropy_loss            | -2.42       |
|    explained_variance      | 0.743       |
|    learning_rate           | 0.0003      |
|    loss                    | 2.15        |
|    n_updates               | 290         |
|    policy_gradient_loss    | 0.00315     |
|    std                     | 0.807       |
|    value_loss              | 12.2        |
--------------------------------------------
--------------------------------------------
| curriculum/                |             |
|    stage                   | 0           |
|    window_cost             | 0.8         |
|    window_route_completion | 0.489       |
|    window_success          | 0.2         |
| paper/                     |             |
|    accel_variation         | 0.348       |
|    base_reward             | -3.69       |
|    collision               | 0           |
|    crash_object            | 0           |
|    crash_vehicle           | 0           |
|    episode_cost            | 1           |
|    episode_length          | 305         |
|    jerk                    | 0.308       |
|    lane_deviation          | 0.787       |
|    max_lane_deviation      | 1.03        |
|    mean_speed_kmh          | 4.61        |
|    min_ttc                 | nan         |
|    out_of_road             | 1           |
|    route_completion        | 0.467       |
|    shaped_reward           | -211        |
|    steering_variation      | 0.572       |
|    success                 | 0           |
|    ttc_risk                | 0           |
| rollout/                   |             |
|    ep_len_mean             | 310         |
|    ep_rew_mean             | -105        |
|    success_rate            | 0.07        |
| time/                      |             |
|    fps                     | 2289        |
|    iterations              | 31          |
|    time_elapsed            | 138         |
|    total_timesteps         | 317440      |
| train/                     |             |
|    approx_kl               | 0.006462557 |
|    clip_fraction           | 0.116       |
|    clip_range              | 0.2         |
|    entropy_loss            | -2.41       |
|    explained_variance      | 0.317       |
|    learning_rate           | 0.0003      |
|    loss                    | 115         |
|    n_updates               | 300         |
|    policy_gradient_loss    | -0.00947    |
|    std                     | 0.811       |
|    value_loss              | 240         |
--------------------------------------------
--------------------------------------------
| curriculum/                |             |
|    stage                   | 0           |
|    window_cost             | 0.367       |
|    window_route_completion | 0.789       |
|    window_success          | 0.633       |
| paper/                     |             |
|    accel_variation         | 0.385       |
|    base_reward             | 73.3        |
|    collision               | 0           |
|    crash_object            | 0           |
|    crash_vehicle           | 0           |
|    episode_cost            | 0           |
|    episode_length          | 429         |
|    jerk                    | 0.324       |
|    lane_deviation          | 0.492       |
|    max_lane_deviation      | 0.886       |
|    mean_speed_kmh          | 8.47        |
|    min_ttc                 | nan         |
|    out_of_road             | 0           |
|    route_completion        | 0.955       |
|    shaped_reward           | 35.8        |
|    steering_variation      | 0.702       |
|    success                 | 1           |
|    ttc_risk                | 0           |
| rollout/                   |             |
|    ep_len_mean             | 263         |
|    ep_rew_mean             | -85.8       |
|    success_rate            | 0.26        |
| time/                      |             |
|    fps                     | 2294        |
|    iterations              | 32          |
|    time_elapsed            | 142         |
|    total_timesteps         | 327680      |
| train/                     |             |
|    approx_kl               | 0.009639668 |
|    clip_fraction           | 0.174       |
|    clip_range              | 0.2         |
|    entropy_loss            | -2.42       |
|    explained_variance      | 0.367       |
|    learning_rate           | 0.0003      |
|    loss                    | 121         |
|    n_updates               | 310         |
|    policy_gradient_loss    | -0.0107     |
|    std                     | 0.811       |
|    value_loss              | 203         |
--------------------------------------------
--------------------------------------------
| curriculum/                |             |
|    stage                   | 0           |
|    window_cost             | 0.267       |
|    window_route_completion | 0.869       |
|    window_success          | 0.667       |
| paper/                     |             |
|    accel_variation         | 0.398       |
|    base_reward             | 80.9        |
|    collision               | 0           |
|    crash_object            | 0           |
|    crash_vehicle           | 0           |
|    episode_cost            | 0           |
|    episode_length          | 361         |
|    jerk                    | 0.33        |
|    lane_deviation          | 0.335       |
|    max_lane_deviation      | 0.99        |
|    mean_speed_kmh          | 9.36        |
|    min_ttc                 | nan         |
|    out_of_road             | 0           |
|    route_completion        | 0.951       |
|    shaped_reward           | 75.8        |
|    steering_variation      | 0.68        |
|    success                 | 1           |
|    ttc_risk                | 0           |
| rollout/                   |             |
|    ep_len_mean             | 316         |
|    ep_rew_mean             | -50.9       |
|    success_rate            | 0.43        |
| time/                      |             |
|    fps                     | 2302        |
|    iterations              | 33          |
|    time_elapsed            | 146         |
|    total_timesteps         | 337920      |
| train/                     |             |
|    approx_kl               | 0.014120539 |
|    clip_fraction           | 0.157       |
|    clip_range              | 0.2         |
|    entropy_loss            | -2.42       |
|    explained_variance      | 0.333       |
|    learning_rate           | 0.0003      |
|    loss                    | 61.6        |
|    n_updates               | 320         |
|    policy_gradient_loss    | -0.00608    |
|    std                     | 0.811       |
|    value_loss              | 106         |
--------------------------------------------
--------------------------------------------
| curriculum/                |             |
|    stage                   | 1           |
|    window_cost             | 0.233       |
|    window_route_completion | 0.891       |
|    window_success          | 0.7         |
| paper/                     |             |
|    accel_variation         | 0.405       |
|    base_reward             | 179         |
|    collision               | 0           |
|    crash_object            | 0           |
|    crash_vehicle           | 0           |
|    episode_cost            | 0           |
|    episode_length          | 800         |
|    jerk                    | 0.327       |
|    lane_deviation          | 0.237       |
|    max_lane_deviation      | 0.852       |
|    mean_speed_kmh          | 10.4        |
|    min_ttc                 | nan         |
|    out_of_road             | 0           |
|    route_completion        | 0.908       |
|    shaped_reward           | 67.2        |
|    steering_variation      | 0.644       |
|    success                 | 0           |
|    ttc_risk                | 0           |
| rollout/                   |             |
|    ep_len_mean             | 368         |
|    ep_rew_mean             | -23.3       |
|    success_rate            | 0.52        |
| time/                      |             |
|    fps                     | 2279        |
|    iterations              | 34          |
|    time_elapsed            | 152         |
|    total_timesteps         | 348160      |
| train/                     |             |
|    approx_kl               | 0.018705178 |
|    clip_fraction           | 0.158       |
|    clip_range              | 0.2         |
|    entropy_loss            | -2.42       |
|    explained_variance      | 0.567       |
|    learning_rate           | 0.0003      |
|    loss                    | 20.1        |
|    n_updates               | 330         |
|    policy_gradient_loss    | -0.00498    |
|    std                     | 0.811       |
|    value_loss              | 69.7        |
--------------------------------------------
--------------------------------------------
| curriculum/                |             |
|    stage                   | 1           |
|    window_cost             | 0.0667      |
|    window_route_completion | 0.73        |
|    window_success          | 0.333       |
| paper/                     |             |
|    accel_variation         | 0.385       |
|    base_reward             | 165         |
|    collision               | 0           |
|    crash_object            | 0           |
|    crash_vehicle           | 0           |
|    episode_cost            | 0           |
|    episode_length          | 800         |
|    jerk                    | 0.334       |
|    lane_deviation          | 0.198       |
|    max_lane_deviation      | 0.883       |
|    mean_speed_kmh          | 9.42        |
|    min_ttc                 | nan         |
|    out_of_road             | 0           |
|    route_completion        | 0.632       |
|    shaped_reward           | 57.1        |
|    steering_variation      | 0.682       |
|    success                 | 0           |
|    ttc_risk                | 0           |
| rollout/                   |             |
|    ep_len_mean             | 449         |
|    ep_rew_mean             | -8.56       |
|    success_rate            | 0.5         |
| time/                      |             |
|    fps                     | 2257        |
|    iterations              | 35          |
|    time_elapsed            | 158         |
|    total_timesteps         | 358400      |
| train/                     |             |
|    approx_kl               | 0.019392513 |
|    clip_fraction           | 0.173       |
|    clip_range              | 0.2         |
|    entropy_loss            | -2.41       |
|    explained_variance      | 0.786       |
|    learning_rate           | 0.0003      |
|    loss                    | 13.2        |
|    n_updates               | 340         |
|    policy_gradient_loss    | 0.00663     |
|    std                     | 0.803       |
|    value_loss              | 21.5        |
--------------------------------------------
--------------------------------------------
| curriculum/                |             |
|    stage                   | 1           |
|    window_cost             | 0.0333      |
|    window_route_completion | 0.673       |
|    window_success          | 0.0667      |
| paper/                     |             |
|    accel_variation         | 0.344       |
|    base_reward             | 182         |
|    collision               | 0           |
|    crash_object            | 0           |
|    crash_vehicle           | 0           |
|    episode_cost            | 0           |
|    episode_length          | 800         |
|    jerk                    | 0.324       |
|    lane_deviation          | 0.224       |
|    max_lane_deviation      | 0.859       |
|    mean_speed_kmh          | 11.1        |
|    min_ttc                 | 7.43        |
|    out_of_road             | 0           |
|    route_completion        | 0.495       |
|    shaped_reward           | 56.9        |
|    steering_variation      | 0.645       |
|    success                 | 0           |
|    ttc_risk                | 0           |
| rollout/                   |             |
|    ep_len_mean             | 512         |
|    ep_rew_mean             | 10.2        |
|    success_rate            | 0.51        |
| time/                      |             |
|    fps                     | 2236        |
|    iterations              | 36          |
|    time_elapsed            | 164         |
|    total_timesteps         | 368640      |
| train/                     |             |
|    approx_kl               | 0.007878338 |
|    clip_fraction           | 0.161       |
|    clip_range              | 0.2         |
|    entropy_loss            | -2.4        |
|    explained_variance      | 0.872       |
|    learning_rate           | 0.0003      |
|    loss                    | 3.57        |
|    n_updates               | 350         |
|    policy_gradient_loss    | 0.00346     |
|    std                     | 0.8         |
|    value_loss              | 14.7        |
--------------------------------------------
--------------------------------------------
| curriculum/                |             |
|    stage                   | 1           |
|    window_cost             | 0.167       |
|    window_route_completion | 0.608       |
|    window_success          | 0.0333      |
| paper/                     |             |
|    accel_variation         | 0.332       |
|    base_reward             | 166         |
|    collision               | 0           |
|    crash_object            | 0           |
|    crash_vehicle           | 0           |
|    episode_cost            | 0           |
|    episode_length          | 800         |
|    jerk                    | 0.29        |
|    lane_deviation          | 0.432       |
|    max_lane_deviation      | 1.09        |
|    mean_speed_kmh          | 12.9        |
|    min_ttc                 | 9.03        |
|    out_of_road             | 0           |
|    route_completion        | 0.756       |
|    shaped_reward           | -8.68       |
|    steering_variation      | 0.645       |
|    success                 | 0           |
|    ttc_risk                | 0           |
| rollout/                   |             |
|    ep_len_mean             | 566         |
|    ep_rew_mean             | -0.496      |
|    success_rate            | 0.42        |
| time/                      |             |
|    fps                     | 2205        |
|    iterations              | 37          |
|    time_elapsed            | 171         |
|    total_timesteps         | 378880      |
| train/                     |             |
|    approx_kl               | 0.041917723 |
|    clip_fraction           | 0.34        |
|    clip_range              | 0.2         |
|    entropy_loss            | -2.38       |
|    explained_variance      | 0.892       |
|    learning_rate           | 0.0003      |
|    loss                    | 4.84        |
|    n_updates               | 360         |
|    policy_gradient_loss    | 0.0392      |
|    std                     | 0.787       |
|    value_loss              | 5.91        |
--------------------------------------------
--------------------------------------------
| curriculum/                |             |
|    stage                   | 1           |
|    window_cost             | 0.2         |
|    window_route_completion | 0.642       |
|    window_success          | 0.0333      |
| paper/                     |             |
|    accel_variation         | 0.332       |
|    base_reward             | 92.9        |
|    collision               | 0           |
|    crash_object            | 0           |
|    crash_vehicle           | 0           |
|    episode_cost            | 1           |
|    episode_length          | 671         |
|    jerk                    | 0.279       |
|    lane_deviation          | 0.72        |
|    max_lane_deviation      | 2           |
|    mean_speed_kmh          | 13.5        |
|    min_ttc                 | nan         |
|    out_of_road             | 1           |
|    route_completion        | 1           |
|    shaped_reward           | -292        |
|    steering_variation      | 0.6         |
|    success                 | 0           |
|    ttc_risk                | 0           |
| rollout/                   |             |
|    ep_len_mean             | 625         |
|    ep_rew_mean             | -23.5       |
|    success_rate            | 0.33        |
| time/                      |             |
|    fps                     | 2182        |
|    iterations              | 38          |
|    time_elapsed            | 178         |
|    total_timesteps         | 389120      |
| train/                     |             |
|    approx_kl               | 0.013096037 |
|    clip_fraction           | 0.269       |
|    clip_range              | 0.2         |
|    entropy_loss            | -2.36       |
|    explained_variance      | 0.108       |
|    learning_rate           | 0.0003      |
|    loss                    | 27.9        |
|    n_updates               | 370         |
|    policy_gradient_loss    | 0.00231     |
|    std                     | 0.788       |
|    value_loss              | 53.3        |
--------------------------------------------
--------------------------------------------
| curriculum/                |             |
|    stage                   | 1           |
|    window_cost             | 0.167       |
|    window_route_completion | 0.708       |
|    window_success          | 0.133       |
| paper/                     |             |
|    accel_variation         | 0.312       |
|    base_reward             | 160         |
|    collision               | 0           |
|    crash_object            | 0           |
|    crash_vehicle           | 0           |
|    episode_cost            | 0           |
|    episode_length          | 689         |
|    jerk                    | 0.276       |
|    lane_deviation          | 0.486       |
|    max_lane_deviation      | 1.42        |
|    mean_speed_kmh          | 13.5        |
|    min_ttc                 | nan         |
|    out_of_road             | 0           |
|    route_completion        | 0.992       |
|    shaped_reward           | 23.6        |
|    steering_variation      | 0.605       |
|    success                 | 1           |
|    ttc_risk                | 0           |
| rollout/                   |             |
|    ep_len_mean             | 660         |
|    ep_rew_mean             | -29         |
|    success_rate            | 0.29        |
| time/                      |             |
|    fps                     | 2176        |
|    iterations              | 39          |
|    time_elapsed            | 183         |
|    total_timesteps         | 399360      |
| train/                     |             |
|    approx_kl               | 0.015274821 |
|    clip_fraction           | 0.242       |
|    clip_range              | 0.2         |
|    entropy_loss            | -2.34       |
|    explained_variance      | 0.321       |
|    learning_rate           | 0.0003      |
|    loss                    | 18.9        |
|    n_updates               | 380         |
|    policy_gradient_loss    | -0.00213    |
|    std                     | 0.775       |
|    value_loss              | 41          |
--------------------------------------------
--------------------------------------------
| curriculum/                |             |
|    stage                   | 1           |
|    window_cost             | 0.133       |
|    window_route_completion | 0.778       |
|    window_success          | 0.267       |
| paper/                     |             |
|    accel_variation         | 0.341       |
|    base_reward             | 188         |
|    collision               | 0           |
|    crash_object            | 0           |
|    crash_vehicle           | 0           |
|    episode_cost            | 0           |
|    episode_length          | 649         |
|    jerk                    | 0.313       |
|    lane_deviation          | 0.322       |
|    max_lane_deviation      | 1.04        |
|    mean_speed_kmh          | 13.4        |
|    min_ttc                 | nan         |
|    out_of_road             | 0           |
|    route_completion        | 0.978       |
|    shaped_reward           | 101         |
|    steering_variation      | 0.619       |
|    success                 | 1           |
|    ttc_risk                | 0           |
| rollout/                   |             |
|    ep_len_mean             | 698         |
|    ep_rew_mean             | -30.7       |
|    success_rate            | 0.25        |
| time/                      |             |
|    fps                     | 2161        |
|    iterations              | 40          |
|    time_elapsed            | 189         |
|    total_timesteps         | 409600      |
| train/                     |             |
|    approx_kl               | 0.027060632 |
|    clip_fraction           | 0.272       |
|    clip_range              | 0.2         |
|    entropy_loss            | -2.31       |
|    explained_variance      | 0.335       |
|    learning_rate           | 0.0003      |
|    loss                    | 5.1         |
|    n_updates               | 390         |
|    policy_gradient_loss    | 0.00154     |
|    std                     | 0.766       |
|    value_loss              | 22.6        |
--------------------------------------------
--------------------------------------------
| curriculum/                |             |
|    stage                   | 2           |
|    window_cost             | 0.133       |
|    window_route_completion | 0.791       |
|    window_success          | 0.3         |
| paper/                     |             |
|    accel_variation         | 0.308       |
|    base_reward             | 250         |
|    collision               | 0           |
|    crash_object            | 0           |
|    crash_vehicle           | 0           |
|    episode_cost            | 0           |
|    episode_length          | 829         |
|    jerk                    | 0.292       |
|    lane_deviation          | 0.366       |
|    max_lane_deviation      | 1.71        |
|    mean_speed_kmh          | 15.4        |
|    min_ttc                 | nan         |
|    out_of_road             | 0           |
|    route_completion        | 0.985       |
|    shaped_reward           | 82.1        |
|    steering_variation      | 0.611       |
|    success                 | 1           |
|    ttc_risk                | 0           |
| rollout/                   |             |
|    ep_len_mean             | 753         |
|    ep_rew_mean             | -35.4       |
|    success_rate            | 0.2         |
| time/                      |             |
|    fps                     | 2113        |
|    iterations              | 41          |
|    time_elapsed            | 198         |
|    total_timesteps         | 419840      |
| train/                     |             |
|    approx_kl               | 0.070985414 |
|    clip_fraction           | 0.262       |
|    clip_range              | 0.2         |
|    entropy_loss            | -2.29       |
|    explained_variance      | 0.562       |
|    learning_rate           | 0.0003      |
|    loss                    | 9.89        |
|    n_updates               | 400         |
|    policy_gradient_loss    | 0.00825     |
|    std                     | 0.757       |
|    value_loss              | 16.6        |
--------------------------------------------
-----------------------------------------
| paper/                  |             |
|    accel_variation      | 0.301       |
|    base_reward          | 270         |
|    collision            | 0           |
|    crash_object         | 0           |
|    crash_vehicle        | 0           |
|    episode_cost         | 0           |
|    episode_length       | 1000        |
|    jerk                 | 0.286       |
|    lane_deviation       | 0.335       |
|    max_lane_deviation   | 1.24        |
|    mean_speed_kmh       | 13.9        |
|    min_ttc              | 1.25        |
|    out_of_road          | 0           |
|    route_completion     | 0.674       |
|    shaped_reward        | 16.2        |
|    steering_variation   | 0.61        |
|    success              | 0           |
|    ttc_risk             | 0.0134      |
| rollout/                |             |
|    ep_len_mean          | 791         |
|    ep_rew_mean          | -40         |
|    success_rate         | 0.15        |
| time/                   |             |
|    fps                  | 2060        |
|    iterations           | 42          |
|    time_elapsed         | 208         |
|    total_timesteps      | 430080      |
| train/                  |             |
|    approx_kl            | 0.009862621 |
|    clip_fraction        | 0.13        |
|    clip_range           | 0.2         |
|    entropy_loss         | -2.27       |
|    explained_variance   | 0.498       |
|    learning_rate        | 0.0003      |
|    loss                 | 8.86        |
|    n_updates            | 410         |
|    policy_gradient_loss | -0.00284    |
|    std                  | 0.75        |
|    value_loss           | 22.2        |
-----------------------------------------
--------------------------------------------
| curriculum/                |             |
|    stage                   | 2           |
|    window_cost             | 0.2         |
|    window_route_completion | 0.716       |
|    window_success          | 0.133       |
| paper/                     |             |
|    accel_variation         | 0.242       |
|    base_reward             | 270         |
|    collision               | 0           |
|    crash_object            | 0           |
|    crash_vehicle           | 0           |
|    episode_cost            | 0           |
|    episode_length          | 1000        |
|    jerk                    | 0.238       |
|    lane_deviation          | 0.34        |
|    max_lane_deviation      | 1.18        |
|    mean_speed_kmh          | 13.8        |
|    min_ttc                 | 0.0185      |
|    out_of_road             | 0           |
|    route_completion        | 0.715       |
|    shaped_reward           | -82.7       |
|    steering_variation      | 0.623       |
|    success                 | 0           |
|    ttc_risk                | 0.0607      |
| rollout/                   |             |
|    ep_len_mean             | 799         |
|    ep_rew_mean             | -45.3       |
|    success_rate            | 0.16        |
| time/                      |             |
|    fps                     | 2003        |
|    iterations              | 43          |
|    time_elapsed            | 219         |
|    total_timesteps         | 440320      |
| train/                     |             |
|    approx_kl               | 0.008522697 |
|    clip_fraction           | 0.166       |
|    clip_range              | 0.2         |
|    entropy_loss            | -2.25       |
|    explained_variance      | 0.589       |
|    learning_rate           | 0.0003      |
|    loss                    | 4.11        |
|    n_updates               | 420         |
|    policy_gradient_loss    | 0.000992    |
|    std                     | 0.745       |
|    value_loss              | 17.1        |
--------------------------------------------
--------------------------------------------
| curriculum/                |             |
|    stage                   | 2           |
|    window_cost             | 0.233       |
|    window_route_completion | 0.69        |
|    window_success          | 0.1         |
| paper/                     |             |
|    accel_variation         | 0.303       |
|    base_reward             | 297         |
|    collision               | 0           |
|    crash_object            | 0           |
|    crash_vehicle           | 0           |
|    episode_cost            | 0           |
|    episode_length          | 975         |
|    jerk                    | 0.268       |
|    lane_deviation          | 0.369       |
|    max_lane_deviation      | 1.17        |
|    mean_speed_kmh          | 15.4        |
|    min_ttc                 | 3.15        |
|    out_of_road             | 0           |
|    route_completion        | 0.988       |
|    shaped_reward           | 103         |
|    steering_variation      | 0.576       |
|    success                 | 1           |
|    ttc_risk                | 0.00261     |
| rollout/                   |             |
|    ep_len_mean             | 819         |
|    ep_rew_mean             | -48.2       |
|    success_rate            | 0.16        |
| time/                      |             |
|    fps                     | 1956        |
|    iterations              | 44          |
|    time_elapsed            | 230         |
|    total_timesteps         | 450560      |
| train/                     |             |
|    approx_kl               | 0.010035323 |
|    clip_fraction           | 0.123       |
|    clip_range              | 0.2         |
|    entropy_loss            | -2.24       |
|    explained_variance      | 0.541       |
|    learning_rate           | 0.0003      |
|    loss                    | 19.3        |
|    n_updates               | 430         |
|    policy_gradient_loss    | -0.00266    |
|    std                     | 0.744       |
|    value_loss              | 35.7        |
--------------------------------------------
--------------------------------------------
| curriculum/                |             |
|    stage                   | 2           |
|    window_cost             | 0.3         |
|    window_route_completion | 0.666       |
|    window_success          | 0.0333      |
| paper/                     |             |
|    accel_variation         | 0.317       |
|    base_reward             | 328         |
|    collision               | 0           |
|    crash_object            | 0           |
|    crash_vehicle           | 0           |
|    episode_cost            | 0           |
|    episode_length          | 1000        |
|    jerk                    | 0.281       |
|    lane_deviation          | 0.298       |
|    max_lane_deviation      | 0.976       |
|    mean_speed_kmh          | 16.3        |
|    min_ttc                 | 21.4        |
|    out_of_road             | 0           |
|    route_completion        | 0.837       |
|    shaped_reward           | 102         |
|    steering_variation      | 0.577       |
|    success                 | 0           |
|    ttc_risk                | 0           |
| rollout/                   |             |
|    ep_len_mean             | 832         |
|    ep_rew_mean             | -36.4       |
|    success_rate            | 0.16        |
| time/                      |             |
|    fps                     | 1914        |
|    iterations              | 45          |
|    time_elapsed            | 240         |
|    total_timesteps         | 460800      |
| train/                     |             |
|    approx_kl               | 0.008473853 |
|    clip_fraction           | 0.128       |
|    clip_range              | 0.2         |
|    entropy_loss            | -2.23       |
|    explained_variance      | 0.661       |
|    learning_rate           | 0.0003      |
|    loss                    | 20.1        |
|    n_updates               | 440         |
|    policy_gradient_loss    | -0.00126    |
|    std                     | 0.738       |
|    value_loss              | 24.5        |
--------------------------------------------
--------------------------------------------
| curriculum/                |             |
|    stage                   | 2           |
|    window_cost             | 0.267       |
|    window_route_completion | 0.729       |
|    window_success          | 0.0333      |
| paper/                     |             |
|    accel_variation         | 0.355       |
|    base_reward             | 333         |
|    collision               | 0           |
|    crash_object            | 0           |
|    crash_vehicle           | 0           |
|    episode_cost            | 0           |
|    episode_length          | 1000        |
|    jerk                    | 0.328       |
|    lane_deviation          | 0.335       |
|    max_lane_deviation      | 1.31        |
|    mean_speed_kmh          | 17.5        |
|    min_ttc                 | 11          |
|    out_of_road             | 0           |
|    route_completion        | 0.74        |
|    shaped_reward           | 81.7        |
|    steering_variation      | 0.596       |
|    success                 | 0           |
|    ttc_risk                | 0           |
| rollout/                   |             |
|    ep_len_mean             | 862         |
|    ep_rew_mean             | -17.5       |
|    success_rate            | 0.16        |
| time/                      |             |
|    fps                     | 1868        |
|    iterations              | 46          |
|    time_elapsed            | 252         |
|    total_timesteps         | 471040      |
| train/                     |             |
|    approx_kl               | 0.014598203 |
|    clip_fraction           | 0.141       |
|    clip_range              | 0.2         |
|    entropy_loss            | -2.22       |
|    explained_variance      | 0.521       |
|    learning_rate           | 0.0003      |
|    loss                    | 23.9        |
|    n_updates               | 450         |
|    policy_gradient_loss    | -0.00114    |
|    std                     | 0.732       |
|    value_loss              | 23.3        |
--------------------------------------------
--------------------------------------------
| curriculum/                |             |
|    stage                   | 2           |
|    window_cost             | 0.3         |
|    window_route_completion | 0.701       |
|    window_success          | 0.0667      |
| paper/                     |             |
|    accel_variation         | 0.356       |
|    base_reward             | 312         |
|    collision               | 0           |
|    crash_object            | 0           |
|    crash_vehicle           | 0           |
|    episode_cost            | 0           |
|    episode_length          | 744         |
|    jerk                    | 0.332       |
|    lane_deviation          | 0.222       |
|    max_lane_deviation      | 0.9         |
|    mean_speed_kmh          | 17.6        |
|    min_ttc                 | 15.7        |
|    out_of_road             | 0           |
|    route_completion        | 0.987       |
|    shaped_reward           | 182         |
|    steering_variation      | 0.624       |
|    success                 | 1           |
|    ttc_risk                | 0           |
| rollout/                   |             |
|    ep_len_mean             | 872         |
|    ep_rew_mean             | 9.52        |
|    success_rate            | 0.17        |
| time/                      |             |
|    fps                     | 1827        |
|    iterations              | 47          |
|    time_elapsed            | 263         |
|    total_timesteps         | 481280      |
| train/                     |             |
|    approx_kl               | 0.009008758 |
|    clip_fraction           | 0.191       |
|    clip_range              | 0.2         |
|    entropy_loss            | -2.21       |
|    explained_variance      | 0.622       |
|    learning_rate           | 0.0003      |
|    loss                    | 10.7        |
|    n_updates               | 460         |
|    policy_gradient_loss    | 0.00338     |
|    std                     | 0.732       |
|    value_loss              | 23          |
--------------------------------------------
--------------------------------------------
| curriculum/                |             |
|    stage                   | 2           |
|    window_cost             | 0.267       |
|    window_route_completion | 0.715       |
|    window_success          | 0.1         |
| paper/                     |             |
|    accel_variation         | 0.31        |
|    base_reward             | 324         |
|    collision               | 0           |
|    crash_object            | 0           |
|    crash_vehicle           | 0           |
|    episode_cost            | 0           |
|    episode_length          | 1000        |
|    jerk                    | 0.298       |
|    lane_deviation          | 0.208       |
|    max_lane_deviation      | 0.744       |
|    mean_speed_kmh          | 14.4        |
|    min_ttc                 | 0.0996      |
|    out_of_road             | 0           |
|    route_completion        | 0.758       |
|    shaped_reward           | 78.1        |
|    steering_variation      | 0.6         |
|    success                 | 0           |
|    ttc_risk                | 0.0264      |
| rollout/                   |             |
|    ep_len_mean             | 896         |
|    ep_rew_mean             | 20.5        |
|    success_rate            | 0.14        |
| time/                      |             |
|    fps                     | 1797        |
|    iterations              | 48          |
|    time_elapsed            | 273         |
|    total_timesteps         | 491520      |
| train/                     |             |
|    approx_kl               | 0.010115096 |
|    clip_fraction           | 0.114       |
|    clip_range              | 0.2         |
|    entropy_loss            | -2.2        |
|    explained_variance      | 0.635       |
|    learning_rate           | 0.0003      |
|    loss                    | 21.2        |
|    n_updates               | 470         |
|    policy_gradient_loss    | -0.0024     |
|    std                     | 0.731       |
|    value_loss              | 29.7        |
--------------------------------------------
-------------------------------------------
| curriculum/                |            |
|    stage                   | 2          |
|    window_cost             | 0.167      |
|    window_route_completion | 0.703      |
|    window_success          | 0.1        |
| paper/                     |            |
|    accel_variation         | 0.355      |
|    base_reward             | 199        |
|    collision               | 0          |
|    crash_object            | 0          |
|    crash_vehicle           | 0          |
|    episode_cost            | 0          |
|    episode_length          | 1000       |
|    jerk                    | 0.333      |
|    lane_deviation          | 0.463      |
|    max_lane_deviation      | 1.64       |
|    mean_speed_kmh          | 14         |
|    min_ttc                 | 0.035      |
|    out_of_road             | 0          |
|    route_completion        | 0.786      |
|    shaped_reward           | -98.7      |
|    steering_variation      | 0.591      |
|    success                 | 0          |
|    ttc_risk                | 0.0241     |
| rollout/                   |            |
|    ep_len_mean             | 909        |
|    ep_rew_mean             | 22.7       |
|    success_rate            | 0.09       |
| time/                      |            |
|    fps                     | 1764       |
|    iterations              | 49         |
|    time_elapsed            | 284        |
|    total_timesteps         | 501760     |
| train/                     |            |
|    approx_kl               | 0.07519833 |
|    clip_fraction           | 0.235      |
|    clip_range              | 0.2        |
|    entropy_loss            | -2.2       |
|    explained_variance      | 0.69       |
|    learning_rate           | 0.0003     |
|    loss                    | 2.7        |
|    n_updates               | 480        |
|    policy_gradient_loss    | 0.0117     |
|    std                     | 0.726      |
|    value_loss              | 8.09       |
-------------------------------------------
-------------------------------------------
| curriculum/                |            |
|    stage                   | 2          |
|    window_cost             | 0.3        |
|    window_route_completion | 0.637      |
|    window_success          | 0          |
| paper/                     |            |
|    accel_variation         | 0.326      |
|    base_reward             | 351        |
|    collision               | 0          |
|    crash_object            | 0          |
|    crash_vehicle           | 0          |
|    episode_cost            | 0          |
|    episode_length          | 1000       |
|    jerk                    | 0.294      |
|    lane_deviation          | 0.247      |
|    max_lane_deviation      | 1.05       |
|    mean_speed_kmh          | 16.2       |
|    min_ttc                 | 14         |
|    out_of_road             | 0          |
|    route_completion        | 0.73       |
|    shaped_reward           | 132        |
|    steering_variation      | 0.605      |
|    success                 | 0          |
|    ttc_risk                | 0          |
| rollout/                   |            |
|    ep_len_mean             | 890        |
|    ep_rew_mean             | 15.8       |
|    success_rate            | 0.06       |
| time/                      |            |
|    fps                     | 1736       |
|    iterations              | 50         |
|    time_elapsed            | 294        |
|    total_timesteps         | 512000     |
| train/                     |            |
|    approx_kl               | 0.05565522 |
|    clip_fraction           | 0.214      |
|    clip_range              | 0.2        |
|    entropy_loss            | -2.18      |
|    explained_variance      | 0.649      |
|    learning_rate           | 0.0003     |
|    loss                    | 7.2        |
|    n_updates               | 490        |
|    policy_gradient_loss    | 0.00337    |
|    std                     | 0.722      |
|    value_loss              | 21.6       |
-------------------------------------------
--------------------------------------------
| curriculum/                |             |
|    stage                   | 2           |
|    window_cost             | 0.267       |
|    window_route_completion | 0.678       |
|    window_success          | 0.0333      |
| paper/                     |             |
|    accel_variation         | 0.375       |
|    base_reward             | 373         |
|    collision               | 0           |
|    crash_object            | 0           |
|    crash_vehicle           | 0           |
|    episode_cost            | 0           |
|    episode_length          | 1000        |
|    jerk                    | 0.336       |
|    lane_deviation          | 0.256       |
|    max_lane_deviation      | 0.979       |
|    mean_speed_kmh          | 17.4        |
|    min_ttc                 | 10.1        |
|    out_of_road             | 0           |
|    route_completion        | 0.923       |
|    shaped_reward           | 144         |
|    steering_variation      | 0.568       |
|    success                 | 0           |
|    ttc_risk                | 0           |
| rollout/                   |             |
|    ep_len_mean             | 891         |
|    ep_rew_mean             | 18.3        |
|    success_rate            | 0.05        |
| time/                      |             |
|    fps                     | 1708        |
|    iterations              | 51          |
|    time_elapsed            | 305         |
|    total_timesteps         | 522240      |
| train/                     |             |
|    approx_kl               | 0.011548156 |
|    clip_fraction           | 0.159       |
|    clip_range              | 0.2         |
|    entropy_loss            | -2.18       |
|    explained_variance      | 0.719       |
|    learning_rate           | 0.0003      |
|    loss                    | 9.82        |
|    n_updates               | 500         |
|    policy_gradient_loss    | -0.00162    |
|    std                     | 0.725       |
|    value_loss              | 32.7        |
--------------------------------------------
--------------------------------------------
| curriculum/                |             |
|    stage                   | 2           |
|    window_cost             | 0.267       |
|    window_route_completion | 0.713       |
|    window_success          | 0.0333      |
| paper/                     |             |
|    accel_variation         | 0.356       |
|    base_reward             | 344         |
|    collision               | 0           |
|    crash_object            | 0           |
|    crash_vehicle           | 0           |
|    episode_cost            | 0           |
|    episode_length          | 1000        |
|    jerk                    | 0.338       |
|    lane_deviation          | 0.278       |
|    max_lane_deviation      | 0.789       |
|    mean_speed_kmh          | 16.3        |
|    min_ttc                 | 3.85        |
|    out_of_road             | 0           |
|    route_completion        | 0.919       |
|    shaped_reward           | 125         |
|    steering_variation      | 0.595       |
|    success                 | 0           |
|    ttc_risk                | 0.000554    |
| rollout/                   |             |
|    ep_len_mean             | 900         |
|    ep_rew_mean             | 21.8        |
|    success_rate            | 0.05        |
| time/                      |             |
|    fps                     | 1677        |
|    iterations              | 52          |
|    time_elapsed            | 317         |
|    total_timesteps         | 532480      |
| train/                     |             |
|    approx_kl               | 0.015816057 |
|    clip_fraction           | 0.194       |
|    clip_range              | 0.2         |
|    entropy_loss            | -2.17       |
|    explained_variance      | 0.789       |
|    learning_rate           | 0.0003      |
|    loss                    | 4.5         |
|    n_updates               | 510         |
|    policy_gradient_loss    | -0.000157   |
|    std                     | 0.715       |
|    value_loss              | 12.5        |
--------------------------------------------
--------------------------------------------
| curriculum/                |             |
|    stage                   | 2           |
|    window_cost             | 0.2         |
|    window_route_completion | 0.753       |
|    window_success          | 0.0667      |
| paper/                     |             |
|    accel_variation         | 0.356       |
|    base_reward             | 224         |
|    collision               | 1           |
|    crash_object            | 0           |
|    crash_vehicle           | 1           |
|    episode_cost            | 1           |
|    episode_length          | 602         |
|    jerk                    | 0.342       |
|    lane_deviation          | 0.239       |
|    max_lane_deviation      | 0.84        |
|    mean_speed_kmh          | 17.8        |
|    min_ttc                 | 0.693       |
|    out_of_road             | 0           |
|    route_completion        | 0.488       |
|    shaped_reward           | -17.2       |
|    steering_variation      | 0.521       |
|    success                 | 0           |
|    ttc_risk                | 0.00612     |
| rollout/                   |             |
|    ep_len_mean             | 905         |
|    ep_rew_mean             | 28.1        |
|    success_rate            | 0.05        |
| time/                      |             |
|    fps                     | 1651        |
|    iterations              | 53          |
|    time_elapsed            | 328         |
|    total_timesteps         | 542720      |
| train/                     |             |
|    approx_kl               | 0.019983966 |
|    clip_fraction           | 0.169       |
|    clip_range              | 0.2         |
|    entropy_loss            | -2.15       |
|    explained_variance      | 0.766       |
|    learning_rate           | 0.0003      |
|    loss                    | 8.35        |
|    n_updates               | 520         |
|    policy_gradient_loss    | -0.00123    |
|    std                     | 0.718       |
|    value_loss              | 24.1        |
--------------------------------------------
--------------------------------------------
| curriculum/                |             |
|    stage                   | 2           |
|    window_cost             | 0.167       |
|    window_route_completion | 0.712       |
|    window_success          | 0.0333      |
| paper/                     |             |
|    accel_variation         | 0.348       |
|    base_reward             | 350         |
|    collision               | 0           |
|    crash_object            | 0           |
|    crash_vehicle           | 0           |
|    episode_cost            | 0           |
|    episode_length          | 1000        |
|    jerk                    | 0.307       |
|    lane_deviation          | 0.212       |
|    max_lane_deviation      | 0.924       |
|    mean_speed_kmh          | 15.3        |
|    min_ttc                 | 0.218       |
|    out_of_road             | 0           |
|    route_completion        | 0.831       |
|    shaped_reward           | 115         |
|    steering_variation      | 0.591       |
|    success                 | 0           |
|    ttc_risk                | 0.0142      |
| rollout/                   |             |
|    ep_len_mean             | 915         |
|    ep_rew_mean             | 36.1        |
|    success_rate            | 0.05        |
| time/                      |             |
|    fps                     | 1626        |
|    iterations              | 54          |
|    time_elapsed            | 339         |
|    total_timesteps         | 552960      |
| train/                     |             |
|    approx_kl               | 0.025909115 |
|    clip_fraction           | 0.168       |
|    clip_range              | 0.2         |
|    entropy_loss            | -2.16       |
|    explained_variance      | 0.499       |
|    learning_rate           | 0.0003      |
|    loss                    | 15.3        |
|    n_updates               | 530         |
|    policy_gradient_loss    | 0.00187     |
|    std                     | 0.717       |
|    value_loss              | 37.3        |
--------------------------------------------
---------------------------------------------
| curriculum/                |              |
|    stage                   | 2            |
|    window_cost             | 0.0667       |
|    window_route_completion | 0.727        |
|    window_success          | 0.0667       |
| paper/                     |              |
|    accel_variation         | 0.378        |
|    base_reward             | 309          |
|    collision               | 0            |
|    crash_object            | 0            |
|    crash_vehicle           | 0            |
|    episode_cost            | 0            |
|    episode_length          | 1000         |
|    jerk                    | 0.326        |
|    lane_deviation          | 0.247        |
|    max_lane_deviation      | 1.07         |
|    mean_speed_kmh          | 14.3         |
|    min_ttc                 | 10.4         |
|    out_of_road             | 0            |
|    route_completion        | 0.678        |
|    shaped_reward           | 106          |
|    steering_variation      | 0.591        |
|    success                 | 0            |
|    ttc_risk                | 0            |
| rollout/                   |              |
|    ep_len_mean             | 917          |
|    ep_rew_mean             | 47           |
|    success_rate            | 0.06         |
| time/                      |              |
|    fps                     | 1609         |
|    iterations              | 55           |
|    time_elapsed            | 349          |
|    total_timesteps         | 563200       |
| train/                     |              |
|    approx_kl               | 0.0075432817 |
|    clip_fraction           | 0.254        |
|    clip_range              | 0.2          |
|    entropy_loss            | -2.16        |
|    explained_variance      | 0.687        |
|    learning_rate           | 0.0003       |
|    loss                    | 4.08         |
|    n_updates               | 540          |
|    policy_gradient_loss    | 0.0145       |
|    std                     | 0.714        |
|    value_loss              | 9.63         |
---------------------------------------------
--------------------------------------------
| curriculum/                |             |
|    stage                   | 2           |
|    window_cost             | 0.1         |
|    window_route_completion | 0.728       |
|    window_success          | 0.1         |
| paper/                     |             |
|    accel_variation         | 0.343       |
|    base_reward             | 314         |
|    collision               | 0           |
|    crash_object            | 0           |
|    crash_vehicle           | 0           |
|    episode_cost            | 0           |
|    episode_length          | 1000        |
|    jerk                    | 0.296       |
|    lane_deviation          | 0.22        |
|    max_lane_deviation      | 0.999       |
|    mean_speed_kmh          | 14.3        |
|    min_ttc                 | 0.0506      |
|    out_of_road             | 0           |
|    route_completion        | 0.844       |
|    shaped_reward           | 62.8        |
|    steering_variation      | 0.568       |
|    success                 | 0           |
|    ttc_risk                | 0.0265      |
| rollout/                   |             |
|    ep_len_mean             | 925         |
|    ep_rew_mean             | 53.8        |
|    success_rate            | 0.07        |
| time/                      |             |
|    fps                     | 1588        |
|    iterations              | 56          |
|    time_elapsed            | 361         |
|    total_timesteps         | 573440      |
| train/                     |             |
|    approx_kl               | 0.009262291 |
|    clip_fraction           | 0.22        |
|    clip_range              | 0.2         |
|    entropy_loss            | -2.13       |
|    explained_variance      | 0.685       |
|    learning_rate           | 0.0003      |
|    loss                    | 2.01        |
|    n_updates               | 550         |
|    policy_gradient_loss    | 0.00823     |
|    std                     | 0.703       |
|    value_loss              | 4.97        |
--------------------------------------------
--------------------------------------------
| curriculum/                |             |
|    stage                   | 2           |
|    window_cost             | 0.167       |
|    window_route_completion | 0.714       |
|    window_success          | 0.0667      |
| paper/                     |             |
|    accel_variation         | 0.338       |
|    base_reward             | 301         |
|    collision               | 0           |
|    crash_object            | 0           |
|    crash_vehicle           | 0           |
|    episode_cost            | 1           |
|    episode_length          | 900         |
|    jerk                    | 0.299       |
|    lane_deviation          | 0.297       |
|    max_lane_deviation      | 2           |
|    mean_speed_kmh          | 16.3        |
|    min_ttc                 | 10.6        |
|    out_of_road             | 1           |
|    route_completion        | 0.793       |
|    shaped_reward           | -44.4       |
|    steering_variation      | 0.586       |
|    success                 | 0           |
|    ttc_risk                | 0           |
| rollout/                   |             |
|    ep_len_mean             | 919         |
|    ep_rew_mean             | 51.7        |
|    success_rate            | 0.05        |
| time/                      |             |
|    fps                     | 1568        |
|    iterations              | 57          |
|    time_elapsed            | 372         |
|    total_timesteps         | 583680      |
| train/                     |             |
|    approx_kl               | 0.015464654 |
|    clip_fraction           | 0.16        |
|    clip_range              | 0.2         |
|    entropy_loss            | -2.12       |
|    explained_variance      | 0.503       |
|    learning_rate           | 0.0003      |
|    loss                    | 12.9        |
|    n_updates               | 560         |
|    policy_gradient_loss    | -0.00238    |
|    std                     | 0.706       |
|    value_loss              | 22.4        |
--------------------------------------------
--------------------------------------------
| curriculum/                |             |
|    stage                   | 2           |
|    window_cost             | 0.2         |
|    window_route_completion | 0.708       |
|    window_success          | 0.0333      |
| paper/                     |             |
|    accel_variation         | 0.316       |
|    base_reward             | 352         |
|    collision               | 0           |
|    crash_object            | 0           |
|    crash_vehicle           | 0           |
|    episode_cost            | 0           |
|    episode_length          | 1000        |
|    jerk                    | 0.296       |
|    lane_deviation          | 0.183       |
|    max_lane_deviation      | 0.705       |
|    mean_speed_kmh          | 14.9        |
|    min_ttc                 | 0.442       |
|    out_of_road             | 0           |
|    route_completion        | 0.707       |
|    shaped_reward           | 95.4        |
|    steering_variation      | 0.551       |
|    success                 | 0           |
|    ttc_risk                | 0.0254      |
| rollout/                   |             |
|    ep_len_mean             | 925         |
|    ep_rew_mean             | 62.1        |
|    success_rate            | 0.06        |
| time/                      |             |
|    fps                     | 1549        |
|    iterations              | 58          |
|    time_elapsed            | 383         |
|    total_timesteps         | 593920      |
| train/                     |             |
|    approx_kl               | 0.013835728 |
|    clip_fraction           | 0.21        |
|    clip_range              | 0.2         |
|    entropy_loss            | -2.12       |
|    explained_variance      | 0.511       |
|    learning_rate           | 0.0003      |
|    loss                    | 2.18        |
|    n_updates               | 570         |
|    policy_gradient_loss    | 0.00298     |
|    std                     | 0.71        |
|    value_loss              | 13.3        |
--------------------------------------------
-------------------------------------------
| curriculum/                |            |
|    stage                   | 2          |
|    window_cost             | 0.167      |
|    window_route_completion | 0.747      |
|    window_success          | 0.0333     |
| paper/                     |            |
|    accel_variation         | 0.339      |
|    base_reward             | 366        |
|    collision               | 0          |
|    crash_object            | 0          |
|    crash_vehicle           | 0          |
|    episode_cost            | 0          |
|    episode_length          | 1000       |
|    jerk                    | 0.313      |
|    lane_deviation          | 0.224      |
|    max_lane_deviation      | 0.859      |
|    mean_speed_kmh          | 17         |
|    min_ttc                 | 10.1       |
|    out_of_road             | 0          |
|    route_completion        | 0.755      |
|    shaped_reward           | 150        |
|    steering_variation      | 0.549      |
|    success                 | 0          |
|    ttc_risk                | 0          |
| rollout/                   |            |
|    ep_len_mean             | 941        |
|    ep_rew_mean             | 81.5       |
|    success_rate            | 0.06       |
| time/                      |            |
|    fps                     | 1535       |
|    iterations              | 59         |
|    time_elapsed            | 393        |
|    total_timesteps         | 604160     |
| train/                     |            |
|    approx_kl               | 0.01349054 |
|    clip_fraction           | 0.226      |
|    clip_range              | 0.2        |
|    entropy_loss            | -2.11      |
|    explained_variance      | 0.632      |
|    learning_rate           | 0.0003     |
|    loss                    | 2.69       |
|    n_updates               | 580        |
|    policy_gradient_loss    | 0.00469    |
|    std                     | 0.706      |
|    value_loss              | 14.5       |
-------------------------------------------
-------------------------------------------
| curriculum/                |            |
|    stage                   | 2          |
|    window_cost             | 0.167      |
|    window_route_completion | 0.789      |
|    window_success          | 0.2        |
| paper/                     |            |
|    accel_variation         | 0.345      |
|    base_reward             | 358        |
|    collision               | 0          |
|    crash_object            | 0          |
|    crash_vehicle           | 0          |
|    episode_cost            | 0          |
|    episode_length          | 960        |
|    jerk                    | 0.327      |
|    lane_deviation          | 0.206      |
|    max_lane_deviation      | 0.794      |
|    mean_speed_kmh          | 15.5       |
|    min_ttc                 | 1.65       |
|    out_of_road             | 0          |
|    route_completion        | 0.989      |
|    shaped_reward           | 174        |
|    steering_variation      | 0.534      |
|    success                 | 1          |
|    ttc_risk                | 0.0111     |
| rollout/                   |            |
|    ep_len_mean             | 940        |
|    ep_rew_mean             | 96.4       |
|    success_rate            | 0.11       |
| time/                      |            |
|    fps                     | 1524       |
|    iterations              | 60         |
|    time_elapsed            | 403        |
|    total_timesteps         | 614400     |
| train/                     |            |
|    approx_kl               | 0.03477802 |
|    clip_fraction           | 0.344      |
|    clip_range              | 0.2        |
|    entropy_loss            | -2.1       |
|    explained_variance      | 0.509      |
|    learning_rate           | 0.0003     |
|    loss                    | 8.31       |
|    n_updates               | 590        |
|    policy_gradient_loss    | 0.0188     |
|    std                     | 0.707      |
|    value_loss              | 12.8       |
-------------------------------------------
-------------------------------------------
| curriculum/                |            |
|    stage                   | 3          |
|    window_cost             | 0.133      |
|    window_route_completion | 0.835      |
|    window_success          | 0.267      |
| paper/                     |            |
|    accel_variation         | 0.381      |
|    base_reward             | 422        |
|    collision               | 0          |
|    crash_object            | 0          |
|    crash_vehicle           | 0          |
|    episode_cost            | 0          |
|    episode_length          | 1111       |
|    jerk                    | 0.346      |
|    lane_deviation          | 0.164      |
|    max_lane_deviation      | 0.68       |
|    mean_speed_kmh          | 15.4       |
|    min_ttc                 | 0.369      |
|    out_of_road             | 0          |
|    route_completion        | 0.989      |
|    shaped_reward           | 146        |
|    steering_variation      | 0.558      |
|    success                 | 1          |
|    ttc_risk                | 0.0334     |
| rollout/                   |            |
|    ep_len_mean             | 949        |
|    ep_rew_mean             | 112        |
|    success_rate            | 0.14       |
| time/                      |            |
|    fps                     | 1511       |
|    iterations              | 61         |
|    time_elapsed            | 413        |
|    total_timesteps         | 624640     |
| train/                     |            |
|    approx_kl               | 0.01445196 |
|    clip_fraction           | 0.21       |
|    clip_range              | 0.2        |
|    entropy_loss            | -2.1       |
|    explained_variance      | 0.62       |
|    learning_rate           | 0.0003     |
|    loss                    | 3.44       |
|    n_updates               | 600        |
|    policy_gradient_loss    | 0.00731    |
|    std                     | 0.704      |
|    value_loss              | 13.9       |
-------------------------------------------
-----------------------------------------
| paper/                  |             |
|    accel_variation      | 0.351       |
|    base_reward          | 444         |
|    collision            | 0           |
|    crash_object         | 0           |
|    crash_vehicle        | 0           |
|    episode_cost         | 0           |
|    episode_length       | 1200        |
|    jerk                 | 0.335       |
|    lane_deviation       | 0.253       |
|    max_lane_deviation   | 0.99        |
|    mean_speed_kmh       | 17.8        |
|    min_ttc              | 12.7        |
|    out_of_road          | 0           |
|    route_completion     | 0.956       |
|    shaped_reward        | 172         |
|    steering_variation   | 0.519       |
|    success              | 0           |
|    ttc_risk             | 0           |
| rollout/                |             |
|    ep_len_mean          | 958         |
|    ep_rew_mean          | 120         |
|    success_rate         | 0.19        |
| time/                   |             |
|    fps                  | 1479        |
|    iterations           | 62          |
|    time_elapsed         | 429         |
|    total_timesteps      | 634880      |
| train/                  |             |
|    approx_kl            | 0.016831562 |
|    clip_fraction        | 0.277       |
|    clip_range           | 0.2         |
|    entropy_loss         | -2.08       |
|    explained_variance   | 0.68        |
|    learning_rate        | 0.0003      |
|    loss                 | 2.32        |
|    n_updates            | 610         |
|    policy_gradient_loss | 0.0116      |
|    std                  | 0.698       |
|    value_loss           | 7.72        |
-----------------------------------------
-----------------------------------------
| paper/                  |             |
|    accel_variation      | 0.435       |
|    base_reward          | 362         |
|    collision            | 0           |
|    crash_object         | 0           |
|    crash_vehicle        | 0           |
|    episode_cost         | 0           |
|    episode_length       | 1200        |
|    jerk                 | 0.37        |
|    lane_deviation       | 0.243       |
|    max_lane_deviation   | 0.89        |
|    mean_speed_kmh       | 13.7        |
|    min_ttc              | 3.16        |
|    out_of_road          | 0           |
|    route_completion     | 0.592       |
|    shaped_reward        | 126         |
|    steering_variation   | 0.547       |
|    success              | 0           |
|    ttc_risk             | 0.00101     |
| rollout/                |             |
|    ep_len_mean          | 978         |
|    ep_rew_mean          | 122         |
|    success_rate         | 0.2         |
| time/                   |             |
|    fps                  | 1438        |
|    iterations           | 63          |
|    time_elapsed         | 448         |
|    total_timesteps      | 645120      |
| train/                  |             |
|    approx_kl            | 0.011459591 |
|    clip_fraction        | 0.25        |
|    clip_range           | 0.2         |
|    entropy_loss         | -2.05       |
|    explained_variance   | 0.648       |
|    learning_rate        | 0.0003      |
|    loss                 | 1.54        |
|    n_updates            | 620         |
|    policy_gradient_loss | 0.00904     |
|    std                  | 0.689       |
|    value_loss           | 9.83        |
-----------------------------------------
---------------------------------------
| paper/                  |           |
|    accel_variation      | 0.428     |
|    base_reward          | 269       |
|    collision            | 1         |
|    crash_object         | 0         |
|    crash_vehicle        | 1         |
|    episode_cost         | 1         |
|    episode_length       | 781       |
|    jerk                 | 0.392     |
|    lane_deviation       | 0.271     |
|    max_lane_deviation   | 1.02      |
|    mean_speed_kmh       | 17.2      |
|    min_ttc              | 0.72      |
|    out_of_road          | 0         |
|    route_completion     | 0.513     |
|    shaped_reward        | -45       |
|    steering_variation   | 0.516     |
|    success              | 0         |
|    ttc_risk             | 0.0185    |
| rollout/                |           |
|    ep_len_mean          | 994       |
|    ep_rew_mean          | 121       |
|    success_rate         | 0.19      |
| time/                   |           |
|    fps                  | 1391      |
|    iterations           | 64        |
|    time_elapsed         | 471       |
|    total_timesteps      | 655360    |
| train/                  |           |
|    approx_kl            | 0.1689957 |
|    clip_fraction        | 0.22      |
|    clip_range           | 0.2       |
|    entropy_loss         | -2.03     |
|    explained_variance   | 0.803     |
|    learning_rate        | 0.0003    |
|    loss                 | 3.88      |
|    n_updates            | 630       |
|    policy_gradient_loss | 0.00872   |
|    std                  | 0.683     |
|    value_loss           | 12.6      |
---------------------------------------
-------------------------------------------
| curriculum/                |            |
|    stage                   | 3          |
|    window_cost             | 0.2        |
|    window_route_completion | 0.693      |
|    window_success          | 0.0667     |
| paper/                     |            |
|    accel_variation         | 0.407      |
|    base_reward             | 339        |
|    collision               | 1          |
|    crash_object            | 0          |
|    crash_vehicle           | 1          |
|    episode_cost            | 1          |
|    episode_length          | 891        |
|    jerk                    | 0.385      |
|    lane_deviation          | 0.23       |
|    max_lane_deviation      | 0.865      |
|    mean_speed_kmh          | 17.6       |
|    min_ttc                 | 0.78       |
|    out_of_road             | 0          |
|    route_completion        | 0.616      |
|    shaped_reward           | 28.5       |
|    steering_variation      | 0.54       |
|    success                 | 0          |
|    ttc_risk                | 0.0036     |
| rollout/                   |            |
|    ep_len_mean             | 1e+03      |
|    ep_rew_mean             | 116        |
|    success_rate            | 0.19       |
| time/                      |            |
|    fps                     | 1357       |
|    iterations              | 65         |
|    time_elapsed            | 490        |
|    total_timesteps         | 665600     |
| train/                     |            |
|    approx_kl               | 0.02782842 |
|    clip_fraction           | 0.212      |
|    clip_range              | 0.2        |
|    entropy_loss            | -2.03      |
|    explained_variance      | 0.765      |
|    learning_rate           | 0.0003     |
|    loss                    | 3.26       |
|    n_updates               | 640        |
|    policy_gradient_loss    | 0.00469    |
|    std                     | 0.69       |
|    value_loss              | 11.3       |
-------------------------------------------
--------------------------------------------
| curriculum/                |             |
|    stage                   | 3           |
|    window_cost             | 0.267       |
|    window_route_completion | 0.623       |
|    window_success          | 0.0333      |
| paper/                     |             |
|    accel_variation         | 0.376       |
|    base_reward             | 398         |
|    collision               | 0           |
|    crash_object            | 0           |
|    crash_vehicle           | 0           |
|    episode_cost            | 0           |
|    episode_length          | 1200        |
|    jerk                    | 0.364       |
|    lane_deviation          | 0.249       |
|    max_lane_deviation      | 1.01        |
|    mean_speed_kmh          | 15.1        |
|    min_ttc                 | 0.0267      |
|    out_of_road             | 0           |
|    route_completion        | 0.625       |
|    shaped_reward           | 65.8        |
|    steering_variation      | 0.576       |
|    success                 | 0           |
|    ttc_risk                | 0.0267      |
| rollout/                   |             |
|    ep_len_mean             | 1.01e+03    |
|    ep_rew_mean             | 110         |
|    success_rate            | 0.17        |
| time/                      |             |
|    fps                     | 1331        |
|    iterations              | 66          |
|    time_elapsed            | 507         |
|    total_timesteps         | 675840      |
| train/                     |             |
|    approx_kl               | 0.025589157 |
|    clip_fraction           | 0.13        |
|    clip_range              | 0.2         |
|    entropy_loss            | -2.04       |
|    explained_variance      | 0.658       |
|    learning_rate           | 0.0003      |
|    loss                    | 14.4        |
|    n_updates               | 650         |
|    policy_gradient_loss    | 0.000588    |
|    std                     | 0.69        |
|    value_loss              | 25.9        |
--------------------------------------------
-------------------------------------------
| curriculum/                |            |
|    stage                   | 3          |
|    window_cost             | 0.333      |
|    window_route_completion | 0.6        |
|    window_success          | 0          |
| paper/                     |            |
|    accel_variation         | 0.38       |
|    base_reward             | 440        |
|    collision               | 0          |
|    crash_object            | 0          |
|    crash_vehicle           | 0          |
|    episode_cost            | 0          |
|    episode_length          | 1200       |
|    jerk                    | 0.355      |
|    lane_deviation          | 0.186      |
|    max_lane_deviation      | 0.79       |
|    mean_speed_kmh          | 15.9       |
|    min_ttc                 | 0.46       |
|    out_of_road             | 0          |
|    route_completion        | 0.676      |
|    shaped_reward           | 106        |
|    steering_variation      | 0.525      |
|    success                 | 0          |
|    ttc_risk                | 0.0298     |
| rollout/                   |            |
|    ep_len_mean             | 1.03e+03   |
|    ep_rew_mean             | 107        |
|    success_rate            | 0.17       |
| time/                      |            |
|    fps                     | 1308       |
|    iterations              | 67         |
|    time_elapsed            | 524        |
|    total_timesteps         | 686080     |
| train/                     |            |
|    approx_kl               | 0.00786944 |
|    clip_fraction           | 0.112      |
|    clip_range              | 0.2        |
|    entropy_loss            | -2.04      |
|    explained_variance      | 0.792      |
|    learning_rate           | 0.0003     |
|    loss                    | 12.7       |
|    n_updates               | 660        |
|    policy_gradient_loss    | -0.000195  |
|    std                     | 0.692      |
|    value_loss              | 23.2       |
-------------------------------------------
---------------------------------------------
| curriculum/                |              |
|    stage                   | 3            |
|    window_cost             | 0.267        |
|    window_route_completion | 0.618        |
|    window_success          | 0            |
| paper/                     |              |
|    accel_variation         | 0.414        |
|    base_reward             | 340          |
|    collision               | 1            |
|    crash_object            | 0            |
|    crash_vehicle           | 1            |
|    episode_cost            | 1            |
|    episode_length          | 1073         |
|    jerk                    | 0.376        |
|    lane_deviation          | 0.179        |
|    max_lane_deviation      | 0.637        |
|    mean_speed_kmh          | 13.6         |
|    min_ttc                 | 0.376        |
|    out_of_road             | 0            |
|    route_completion        | 0.483        |
|    shaped_reward           | -69.2        |
|    steering_variation      | 0.539        |
|    success                 | 0            |
|    ttc_risk                | 0.0437       |
| rollout/                   |              |
|    ep_len_mean             | 1.05e+03     |
|    ep_rew_mean             | 100          |
|    success_rate            | 0.16         |
| time/                      |              |
|    fps                     | 1280         |
|    iterations              | 68           |
|    time_elapsed            | 543          |
|    total_timesteps         | 696320       |
| train/                     |              |
|    approx_kl               | 0.0038864408 |
|    clip_fraction           | 0.107        |
|    clip_range              | 0.2          |
|    entropy_loss            | -2.04        |
|    explained_variance      | 0.665        |
|    learning_rate           | 0.0003       |
|    loss                    | 9.48         |
|    n_updates               | 670          |
|    policy_gradient_loss    | -0.00103     |
|    std                     | 0.692        |
|    value_loss              | 26.6         |
---------------------------------------------
--------------------------------------------
| curriculum/                |             |
|    stage                   | 3           |
|    window_cost             | 0.167       |
|    window_route_completion | 0.648       |
|    window_success          | 0           |
| paper/                     |             |
|    accel_variation         | 0.354       |
|    base_reward             | 362         |
|    collision               | 0           |
|    crash_object            | 0           |
|    crash_vehicle           | 0           |
|    episode_cost            | 0           |
|    episode_length          | 1200        |
|    jerk                    | 0.324       |
|    lane_deviation          | 0.223       |
|    max_lane_deviation      | 1.31        |
|    mean_speed_kmh          | 14.2        |
|    min_ttc                 | 0.0117      |
|    out_of_road             | 0           |
|    route_completion        | 0.691       |
|    shaped_reward           | -27.3       |
|    steering_variation      | 0.534       |
|    success                 | 0           |
|    ttc_risk                | 0.0557      |
| rollout/                   |             |
|    ep_len_mean             | 1.07e+03    |
|    ep_rew_mean             | 102         |
|    success_rate            | 0.16        |
| time/                      |             |
|    fps                     | 1256        |
|    iterations              | 69          |
|    time_elapsed            | 562         |
|    total_timesteps         | 706560      |
| train/                     |             |
|    approx_kl               | 0.018822273 |
|    clip_fraction           | 0.164       |
|    clip_range              | 0.2         |
|    entropy_loss            | -2.04       |
|    explained_variance      | 0.839       |
|    learning_rate           | 0.0003      |
|    loss                    | 8.73        |
|    n_updates               | 680         |
|    policy_gradient_loss    | 0.00528     |
|    std                     | 0.692       |
|    value_loss              | 14.8        |
--------------------------------------------
--------------------------------------------
| curriculum/                |             |
|    stage                   | 3           |
|    window_cost             | 0.233       |
|    window_route_completion | 0.625       |
|    window_success          | 0           |
| paper/                     |             |
|    accel_variation         | 0.442       |
|    base_reward             | 309         |
|    collision               | 1           |
|    crash_object            | 0           |
|    crash_vehicle           | 1           |
|    episode_cost            | 1           |
|    episode_length          | 1025        |
|    jerk                    | 0.392       |
|    lane_deviation          | 0.164       |
|    max_lane_deviation      | 0.723       |
|    mean_speed_kmh          | 13.1        |
|    min_ttc                 | 0.293       |
|    out_of_road             | 0           |
|    route_completion        | 0.627       |
|    shaped_reward           | -68.2       |
|    steering_variation      | 0.543       |
|    success                 | 0           |
|    ttc_risk                | 0.0407      |
| rollout/                   |             |
|    ep_len_mean             | 1.08e+03    |
|    ep_rew_mean             | 90.1        |
|    success_rate            | 0.15        |
| time/                      |             |
|    fps                     | 1226        |
|    iterations              | 70          |
|    time_elapsed            | 584         |
|    total_timesteps         | 716800      |
| train/                     |             |
|    approx_kl               | 0.013337863 |
|    clip_fraction           | 0.233       |
|    clip_range              | 0.2         |
|    entropy_loss            | -2.04       |
|    explained_variance      | 0.829       |
|    learning_rate           | 0.0003      |
|    loss                    | 3.32        |
|    n_updates               | 690         |
|    policy_gradient_loss    | 0.00873     |
|    std                     | 0.693       |
|    value_loss              | 8.34        |
--------------------------------------------
--------------------------------------------
| curriculum/                |             |
|    stage                   | 3           |
|    window_cost             | 0.3         |
|    window_route_completion | 0.557       |
|    window_success          | 0           |
| paper/                     |             |
|    accel_variation         | 0.414       |
|    base_reward             | 449         |
|    collision               | 0           |
|    crash_object            | 0           |
|    crash_vehicle           | 0           |
|    episode_cost            | 0           |
|    episode_length          | 1200        |
|    jerk                    | 0.372       |
|    lane_deviation          | 0.225       |
|    max_lane_deviation      | 0.86        |
|    mean_speed_kmh          | 16.9        |
|    min_ttc                 | 2.49        |
|    out_of_road             | 0           |
|    route_completion        | 0.455       |
|    shaped_reward           | 171         |
|    steering_variation      | 0.5         |
|    success                 | 0           |
|    ttc_risk                | 0.000985    |
| rollout/                   |             |
|    ep_len_mean             | 1.09e+03    |
|    ep_rew_mean             | 82.5        |
|    success_rate            | 0.11        |
| time/                      |             |
|    fps                     | 1202        |
|    iterations              | 71          |
|    time_elapsed            | 604         |
|    total_timesteps         | 727040      |
| train/                     |             |
|    approx_kl               | 0.013563109 |
|    clip_fraction           | 0.121       |
|    clip_range              | 0.2         |
|    entropy_loss            | -2.04       |
|    explained_variance      | 0.688       |
|    learning_rate           | 0.0003      |
|    loss                    | 7.51        |
|    n_updates               | 700         |
|    policy_gradient_loss    | -0.00198    |
|    std                     | 0.693       |
|    value_loss              | 24.1        |
--------------------------------------------
---------------------------------------------
| curriculum/                |              |
|    stage                   | 3            |
|    window_cost             | 0.467        |
|    window_route_completion | 0.497        |
|    window_success          | 0            |
| paper/                     |              |
|    accel_variation         | 0.403        |
|    base_reward             | 355          |
|    collision               | 0            |
|    crash_object            | 0            |
|    crash_vehicle           | 0            |
|    episode_cost            | 0            |
|    episode_length          | 1200         |
|    jerk                    | 0.369        |
|    lane_deviation          | 0.276        |
|    max_lane_deviation      | 0.906        |
|    mean_speed_kmh          | 15.2         |
|    min_ttc                 | 3.84         |
|    out_of_road             | 0            |
|    route_completion        | 0.614        |
|    shaped_reward           | 106          |
|    steering_variation      | 0.535        |
|    success                 | 0            |
|    ttc_risk                | 0.000795     |
| rollout/                   |              |
|    ep_len_mean             | 1.09e+03     |
|    ep_rew_mean             | 67.4         |
|    success_rate            | 0.04         |
| time/                      |              |
|    fps                     | 1178         |
|    iterations              | 72           |
|    time_elapsed            | 625          |
|    total_timesteps         | 737280       |
| train/                     |              |
|    approx_kl               | 0.0072264173 |
|    clip_fraction           | 0.239        |
|    clip_range              | 0.2          |
|    entropy_loss            | -2.04        |
|    explained_variance      | 0.638        |
|    learning_rate           | 0.0003       |
|    loss                    | 16.6         |
|    n_updates               | 710          |
|    policy_gradient_loss    | 0.00645      |
|    std                     | 0.694        |
|    value_loss              | 23.2         |
---------------------------------------------
--------------------------------------------
| curriculum/                |             |
|    stage                   | 3           |
|    window_cost             | 0.467       |
|    window_route_completion | 0.507       |
|    window_success          | 0           |
| paper/                     |             |
|    accel_variation         | 0.377       |
|    base_reward             | 137         |
|    collision               | 1           |
|    crash_object            | 0           |
|    crash_vehicle           | 1           |
|    episode_cost            | 1           |
|    episode_length          | 464         |
|    jerk                    | 0.358       |
|    lane_deviation          | 0.215       |
|    max_lane_deviation      | 0.935       |
|    mean_speed_kmh          | 14.5        |
|    min_ttc                 | 0.344       |
|    out_of_road             | 0           |
|    route_completion        | 0.24        |
|    shaped_reward           | -102        |
|    steering_variation      | 0.478       |
|    success                 | 0           |
|    ttc_risk                | 0.0499      |
| rollout/                   |             |
|    ep_len_mean             | 1.08e+03    |
|    ep_rew_mean             | 53          |
|    success_rate            | 0.01        |
| time/                      |             |
|    fps                     | 1160        |
|    iterations              | 73          |
|    time_elapsed            | 644         |
|    total_timesteps         | 747520      |
| train/                     |             |
|    approx_kl               | 0.010035938 |
|    clip_fraction           | 0.151       |
|    clip_range              | 0.2         |
|    entropy_loss            | -2.05       |
|    explained_variance      | 0.81        |
|    learning_rate           | 0.0003      |
|    loss                    | 3.83        |
|    n_updates               | 720         |
|    policy_gradient_loss    | -0.00278    |
|    std                     | 0.705       |
|    value_loss              | 20.8        |
--------------------------------------------
-------------------------------------------
| curriculum/                |            |
|    stage                   | 3          |
|    window_cost             | 0.367      |
|    window_route_completion | 0.58       |
|    window_success          | 0          |
| paper/                     |            |
|    accel_variation         | 0.405      |
|    base_reward             | 335        |
|    collision               | 0          |
|    crash_object            | 0          |
|    crash_vehicle           | 0          |
|    episode_cost            | 0          |
|    episode_length          | 1200       |
|    jerk                    | 0.357      |
|    lane_deviation          | 0.219      |
|    max_lane_deviation      | 0.777      |
|    mean_speed_kmh          | 12.3       |
|    min_ttc                 | 0.184      |
|    out_of_road             | 0          |
|    route_completion        | 0.436      |
|    shaped_reward           | 10.3       |
|    steering_variation      | 0.529      |
|    success                 | 0          |
|    ttc_risk                | 0.0388     |
| rollout/                   |            |
|    ep_len_mean             | 1.08e+03   |
|    ep_rew_mean             | 56.1       |
|    success_rate            | 0          |
| time/                      |            |
|    fps                     | 1143       |
|    iterations              | 74         |
|    time_elapsed            | 662        |
|    total_timesteps         | 757760     |
| train/                     |            |
|    approx_kl               | 0.04342112 |
|    clip_fraction           | 0.175      |
|    clip_range              | 0.2        |
|    entropy_loss            | -2.07      |
|    explained_variance      | 0.731      |
|    learning_rate           | 0.0003     |
|    loss                    | 7.89       |
|    n_updates               | 730        |
|    policy_gradient_loss    | -0.000992  |
|    std                     | 0.712      |
|    value_loss              | 38.3       |
-------------------------------------------
---------------------------------------------
| curriculum/                |              |
|    stage                   | 3            |
|    window_cost             | 0.333        |
|    window_route_completion | 0.591        |
|    window_success          | 0            |
| paper/                     |              |
|    accel_variation         | 0.385        |
|    base_reward             | 409          |
|    collision               | 0            |
|    crash_object            | 0            |
|    crash_vehicle           | 0            |
|    episode_cost            | 0            |
|    episode_length          | 1200         |
|    jerk                    | 0.343        |
|    lane_deviation          | 0.227        |
|    max_lane_deviation      | 1.51         |
|    mean_speed_kmh          | 15.3         |
|    min_ttc                 | 1.82         |
|    out_of_road             | 0            |
|    route_completion        | 0.618        |
|    shaped_reward           | 148          |
|    steering_variation      | 0.513        |
|    success                 | 0            |
|    ttc_risk                | 0.00222      |
| rollout/                   |              |
|    ep_len_mean             | 1.07e+03     |
|    ep_rew_mean             | 55.3         |
|    success_rate            | 0            |
| time/                      |              |
|    fps                     | 1126         |
|    iterations              | 75           |
|    time_elapsed            | 681          |
|    total_timesteps         | 768000       |
| train/                     |              |
|    approx_kl               | 0.0138617875 |
|    clip_fraction           | 0.224        |
|    clip_range              | 0.2          |
|    entropy_loss            | -2.06        |
|    explained_variance      | 0.825        |
|    learning_rate           | 0.0003       |
|    loss                    | 1.88         |
|    n_updates               | 740          |
|    policy_gradient_loss    | 0.00424      |
|    std                     | 0.71         |
|    value_loss              | 4.79         |
---------------------------------------------
-------------------------------------------
| curriculum/                |            |
|    stage                   | 3          |
|    window_cost             | 0.167      |
|    window_route_completion | 0.622      |
|    window_success          | 0          |
| paper/                     |            |
|    accel_variation         | 0.432      |
|    base_reward             | 467        |
|    collision               | 0          |
|    crash_object            | 0          |
|    crash_vehicle           | 0          |
|    episode_cost            | 0          |
|    episode_length          | 1200       |
|    jerk                    | 0.393      |
|    lane_deviation          | 0.191      |
|    max_lane_deviation      | 0.654      |
|    mean_speed_kmh          | 16.6       |
|    min_ttc                 | 3.63       |
|    out_of_road             | 0          |
|    route_completion        | 0.858      |
|    shaped_reward           | 199        |
|    steering_variation      | 0.533      |
|    success                 | 0          |
|    ttc_risk                | 0.00162    |
| rollout/                   |            |
|    ep_len_mean             | 1.08e+03   |
|    ep_rew_mean             | 60.8       |
|    success_rate            | 0          |
| time/                      |            |
|    fps                     | 1112       |
|    iterations              | 76         |
|    time_elapsed            | 699        |
|    total_timesteps         | 778240     |
| train/                     |            |
|    approx_kl               | 0.03578574 |
|    clip_fraction           | 0.161      |
|    clip_range              | 0.2        |
|    entropy_loss            | -2.06      |
|    explained_variance      | 0.726      |
|    learning_rate           | 0.0003     |
|    loss                    | 5.16       |
|    n_updates               | 750        |
|    policy_gradient_loss    | -0.00161   |
|    std                     | 0.711      |
|    value_loss              | 13.8       |
-------------------------------------------
--------------------------------------------
| curriculum/                |             |
|    stage                   | 3           |
|    window_cost             | 0.2         |
|    window_route_completion | 0.609       |
|    window_success          | 0           |
| paper/                     |             |
|    accel_variation         | 0.6         |
|    base_reward             | 261         |
|    collision               | 0           |
|    crash_object            | 0           |
|    crash_vehicle           | 0           |
|    episode_cost            | 0           |
|    episode_length          | 1200        |
|    jerk                    | 0.48        |
|    lane_deviation          | 0.297       |
|    max_lane_deviation      | 0.954       |
|    mean_speed_kmh          | 10.9        |
|    min_ttc                 | 1.95        |
|    out_of_road             | 0           |
|    route_completion        | 0.498       |
|    shaped_reward           | -28.6       |
|    steering_variation      | 0.513       |
|    success                 | 0           |
|    ttc_risk                | 0.014       |
| rollout/                   |             |
|    ep_len_mean             | 1.08e+03    |
|    ep_rew_mean             | 67.1        |
|    success_rate            | 0           |
| time/                      |             |
|    fps                     | 1098        |
|    iterations              | 77          |
|    time_elapsed            | 717         |
|    total_timesteps         | 788480      |
| train/                     |             |
|    approx_kl               | 0.017836355 |
|    clip_fraction           | 0.243       |
|    clip_range              | 0.2         |
|    entropy_loss            | -2.06       |
|    explained_variance      | 0.737       |
|    learning_rate           | 0.0003      |
|    loss                    | 1.77        |
|    n_updates               | 760         |
|    policy_gradient_loss    | 0.00468     |
|    std                     | 0.711       |
|    value_loss              | 6.14        |
--------------------------------------------
--------------------------------------------
| curriculum/                |             |
|    stage                   | 3           |
|    window_cost             | 0.1         |
|    window_route_completion | 0.643       |
|    window_success          | 0           |
| paper/                     |             |
|    accel_variation         | 0.423       |
|    base_reward             | 386         |
|    collision               | 0           |
|    crash_object            | 0           |
|    crash_vehicle           | 0           |
|    episode_cost            | 0           |
|    episode_length          | 1200        |
|    jerk                    | 0.375       |
|    lane_deviation          | 0.179       |
|    max_lane_deviation      | 0.904       |
|    mean_speed_kmh          | 13.6        |
|    min_ttc                 | 3           |
|    out_of_road             | 0           |
|    route_completion        | 0.567       |
|    shaped_reward           | 150         |
|    steering_variation      | 0.511       |
|    success                 | 0           |
|    ttc_risk                | 0.000749    |
| rollout/                   |             |
|    ep_len_mean             | 1.09e+03    |
|    ep_rew_mean             | 74.6        |
|    success_rate            | 0           |
| time/                      |             |
|    fps                     | 1086        |
|    iterations              | 78          |
|    time_elapsed            | 735         |
|    total_timesteps         | 798720      |
| train/                     |             |
|    approx_kl               | 0.018129807 |
|    clip_fraction           | 0.151       |
|    clip_range              | 0.2         |
|    entropy_loss            | -2.05       |
|    explained_variance      | 0.763       |
|    learning_rate           | 0.0003      |
|    loss                    | 4.87        |
|    n_updates               | 770         |
|    policy_gradient_loss    | -0.00183    |
|    std                     | 0.712       |
|    value_loss              | 11.4        |
--------------------------------------------
--------------------------------------------
| curriculum/                |             |
|    stage                   | 3           |
|    window_cost             | 0.1         |
|    window_route_completion | 0.652       |
|    window_success          | 0           |
| paper/                     |             |
|    accel_variation         | 0.471       |
|    base_reward             | 357         |
|    collision               | 0           |
|    crash_object            | 0           |
|    crash_vehicle           | 0           |
|    episode_cost            | 0           |
|    episode_length          | 1200        |
|    jerk                    | 0.411       |
|    lane_deviation          | 0.236       |
|    max_lane_deviation      | 0.752       |
|    mean_speed_kmh          | 13.3        |
|    min_ttc                 | 4.99        |
|    out_of_road             | 0           |
|    route_completion        | 0.638       |
|    shaped_reward           | 121         |
|    steering_variation      | 0.52        |
|    success                 | 0           |
|    ttc_risk                | 2.11e-06    |
| rollout/                   |             |
|    ep_len_mean             | 1.09e+03    |
|    ep_rew_mean             | 75.3        |
|    success_rate            | 0           |
| time/                      |             |
|    fps                     | 1074        |
|    iterations              | 79          |
|    time_elapsed            | 752         |
|    total_timesteps         | 808960      |
| train/                     |             |
|    approx_kl               | 0.022624915 |
|    clip_fraction           | 0.227       |
|    clip_range              | 0.2         |
|    entropy_loss            | -2.03       |
|    explained_variance      | 0.764       |
|    learning_rate           | 0.0003      |
|    loss                    | 1.83        |
|    n_updates               | 780         |
|    policy_gradient_loss    | 0.00753     |
|    std                     | 0.698       |
|    value_loss              | 4.56        |
--------------------------------------------
--------------------------------------------
| curriculum/                |             |
|    stage                   | 3           |
|    window_cost             | 0.1         |
|    window_route_completion | 0.634       |
|    window_success          | 0           |
| paper/                     |             |
|    accel_variation         | 0.431       |
|    base_reward             | 435         |
|    collision               | 0           |
|    crash_object            | 0           |
|    crash_vehicle           | 0           |
|    episode_cost            | 0           |
|    episode_length          | 1200        |
|    jerk                    | 0.386       |
|    lane_deviation          | 0.219       |
|    max_lane_deviation      | 1.02        |
|    mean_speed_kmh          | 16.2        |
|    min_ttc                 | 3.68        |
|    out_of_road             | 0           |
|    route_completion        | 0.701       |
|    shaped_reward           | 170         |
|    steering_variation      | 0.496       |
|    success                 | 0           |
|    ttc_risk                | 0.0007      |
| rollout/                   |             |
|    ep_len_mean             | 1.1e+03     |
|    ep_rew_mean             | 74.2        |
|    success_rate            | 0           |
| time/                      |             |
|    fps                     | 1057        |
|    iterations              | 80          |
|    time_elapsed            | 774         |
|    total_timesteps         | 819200      |
| train/                     |             |
|    approx_kl               | 0.036649436 |
|    clip_fraction           | 0.187       |
|    clip_range              | 0.2         |
|    entropy_loss            | -2          |
|    explained_variance      | 0.745       |
|    learning_rate           | 0.0003      |
|    loss                    | 1.73        |
|    n_updates               | 790         |
|    policy_gradient_loss    | 0.00112     |
|    std                     | 0.69        |
|    value_loss              | 8.31        |
--------------------------------------------
-------------------------------------------
| curriculum/                |            |
|    stage                   | 3          |
|    window_cost             | 0.133      |
|    window_route_completion | 0.64       |
|    window_success          | 0          |
| paper/                     |            |
|    accel_variation         | 0.459      |
|    base_reward             | 396        |
|    collision               | 0          |
|    crash_object            | 0          |
|    crash_vehicle           | 0          |
|    episode_cost            | 0          |
|    episode_length          | 1200       |
|    jerk                    | 0.409      |
|    lane_deviation          | 0.268      |
|    max_lane_deviation      | 0.915      |
|    mean_speed_kmh          | 15.6       |
|    min_ttc                 | 5.99       |
|    out_of_road             | 0          |
|    route_completion        | 0.715      |
|    shaped_reward           | 135        |
|    steering_variation      | 0.514      |
|    success                 | 0          |
|    ttc_risk                | 0          |
| rollout/                   |            |
|    ep_len_mean             | 1.1e+03    |
|    ep_rew_mean             | 77.3       |
|    success_rate            | 0          |
| time/                      |            |
|    fps                     | 1043       |
|    iterations              | 81         |
|    time_elapsed            | 794        |
|    total_timesteps         | 829440     |
| train/                     |            |
|    approx_kl               | 0.01178211 |
|    clip_fraction           | 0.216      |
|    clip_range              | 0.2        |
|    entropy_loss            | -1.97      |
|    explained_variance      | 0.673      |
|    learning_rate           | 0.0003     |
|    loss                    | 2.66       |
|    n_updates               | 800        |
|    policy_gradient_loss    | 0.00327    |
|    std                     | 0.683      |
|    value_loss              | 5.29       |
-------------------------------------------
--------------------------------------------
| curriculum/                |             |
|    stage                   | 3           |
|    window_cost             | 0.2         |
|    window_route_completion | 0.648       |
|    window_success          | 0           |
| paper/                     |             |
|    accel_variation         | 0.408       |
|    base_reward             | 438         |
|    collision               | 0           |
|    crash_object            | 0           |
|    crash_vehicle           | 0           |
|    episode_cost            | 0           |
|    episode_length          | 1200        |
|    jerk                    | 0.367       |
|    lane_deviation          | 0.217       |
|    max_lane_deviation      | 0.579       |
|    mean_speed_kmh          | 15.9        |
|    min_ttc                 | 2.96        |
|    out_of_road             | 0           |
|    route_completion        | 0.832       |
|    shaped_reward           | 167         |
|    steering_variation      | 0.485       |
|    success                 | 0           |
|    ttc_risk                | 0.00522     |
| rollout/                   |             |
|    ep_len_mean             | 1.11e+03    |
|    ep_rew_mean             | 77          |
|    success_rate            | 0           |
| time/                      |             |
|    fps                     | 1029        |
|    iterations              | 82          |
|    time_elapsed            | 815         |
|    total_timesteps         | 839680      |
| train/                     |             |
|    approx_kl               | 0.019570678 |
|    clip_fraction           | 0.179       |
|    clip_range              | 0.2         |
|    entropy_loss            | -1.96       |
|    explained_variance      | 0.608       |
|    learning_rate           | 0.0003      |
|    loss                    | 2.46        |
|    n_updates               | 810         |
|    policy_gradient_loss    | -0.0033     |
|    std                     | 0.684       |
|    value_loss              | 9.63        |
--------------------------------------------
--------------------------------------------
| curriculum/                |             |
|    stage                   | 3           |
|    window_cost             | 0.2         |
|    window_route_completion | 0.621       |
|    window_success          | 0           |
| paper/                     |             |
|    accel_variation         | 0.404       |
|    base_reward             | 198         |
|    collision               | 0           |
|    crash_object            | 0           |
|    crash_vehicle           | 0           |
|    episode_cost            | 1           |
|    episode_length          | 597         |
|    jerk                    | 0.382       |
|    lane_deviation          | 0.302       |
|    max_lane_deviation      | 2           |
|    mean_speed_kmh          | 17          |
|    min_ttc                 | 1.49        |
|    out_of_road             | 1           |
|    route_completion        | 0.421       |
|    shaped_reward           | -88.8       |
|    steering_variation      | 0.494       |
|    success                 | 0           |
|    ttc_risk                | 0.0229      |
| rollout/                   |             |
|    ep_len_mean             | 1.12e+03    |
|    ep_rew_mean             | 80.6        |
|    success_rate            | 0           |
| time/                      |             |
|    fps                     | 1015        |
|    iterations              | 83          |
|    time_elapsed            | 836         |
|    total_timesteps         | 849920      |
| train/                     |             |
|    approx_kl               | 0.007555847 |
|    clip_fraction           | 0.133       |
|    clip_range              | 0.2         |
|    entropy_loss            | -1.96       |
|    explained_variance      | 0.774       |
|    learning_rate           | 0.0003      |
|    loss                    | 5.86        |
|    n_updates               | 820         |
|    policy_gradient_loss    | -7.09e-05   |
|    std                     | 0.683       |
|    value_loss              | 19.3        |
--------------------------------------------
-------------------------------------------
| curriculum/                |            |
|    stage                   | 3          |
|    window_cost             | 0.233      |
|    window_route_completion | 0.609      |
|    window_success          | 0.0333     |
| paper/                     |            |
|    accel_variation         | 0.427      |
|    base_reward             | 468        |
|    collision               | 0          |
|    crash_object            | 0          |
|    crash_vehicle           | 0          |
|    episode_cost            | 0          |
|    episode_length          | 1200       |
|    jerk                    | 0.414      |
|    lane_deviation          | 0.174      |
|    max_lane_deviation      | 0.614      |
|    mean_speed_kmh          | 16.4       |
|    min_ttc                 | 0.804      |
|    out_of_road             | 0          |
|    route_completion        | 0.641      |
|    shaped_reward           | 178        |
|    steering_variation      | 0.476      |
|    success                 | 0          |
|    ttc_risk                | 0.0107     |
| rollout/                   |            |
|    ep_len_mean             | 1.12e+03   |
|    ep_rew_mean             | 84.7       |
|    success_rate            | 0.01       |
| time/                      |            |
|    fps                     | 1005       |
|    iterations              | 84         |
|    time_elapsed            | 855        |
|    total_timesteps         | 860160     |
| train/                     |            |
|    approx_kl               | 0.02552549 |
|    clip_fraction           | 0.151      |
|    clip_range              | 0.2        |
|    entropy_loss            | -1.96      |
|    explained_variance      | 0.741      |
|    learning_rate           | 0.0003     |
|    loss                    | 8.42       |
|    n_updates               | 830        |
|    policy_gradient_loss    | -0.00097   |
|    std                     | 0.685      |
|    value_loss              | 18.4       |
-------------------------------------------
------------------------------------------
| curriculum/                |           |
|    stage                   | 3         |
|    window_cost             | 0.267     |
|    window_route_completion | 0.598     |
|    window_success          | 0.0333    |
| paper/                     |           |
|    accel_variation         | 0.358     |
|    base_reward             | 395       |
|    collision               | 0         |
|    crash_object            | 0         |
|    crash_vehicle           | 0         |
|    episode_cost            | 0         |
|    episode_length          | 1200      |
|    jerk                    | 0.376     |
|    lane_deviation          | 0.236     |
|    max_lane_deviation      | 0.775     |
|    mean_speed_kmh          | 15.3      |
|    min_ttc                 | 0.622     |
|    out_of_road             | 0         |
|    route_completion        | 0.815     |
|    shaped_reward           | 21.5      |
|    steering_variation      | 0.471     |
|    success                 | 0         |
|    ttc_risk                | 0.0465    |
| rollout/                   |           |
|    ep_len_mean             | 1.11e+03  |
|    ep_rew_mean             | 78.2      |
|    success_rate            | 0.01      |
| time/                      |           |
|    fps                     | 994       |
|    iterations              | 85        |
|    time_elapsed            | 875       |
|    total_timesteps         | 870400    |
| train/                     |           |
|    approx_kl               | 0.0098803 |
|    clip_fraction           | 0.135     |
|    clip_range              | 0.2       |
|    entropy_loss            | -1.97     |
|    explained_variance      | 0.624     |
|    learning_rate           | 0.0003    |
|    loss                    | 6.28      |
|    n_updates               | 840       |
|    policy_gradient_loss    | -9.86e-05 |
|    std                     | 0.689     |
|    value_loss              | 22.1      |
------------------------------------------
--------------------------------------------
| curriculum/                |             |
|    stage                   | 3           |
|    window_cost             | 0.333       |
|    window_route_completion | 0.613       |
|    window_success          | 0.0333      |
| paper/                     |             |
|    accel_variation         | 0.452       |
|    base_reward             | 475         |
|    collision               | 0           |
|    crash_object            | 0           |
|    crash_vehicle           | 0           |
|    episode_cost            | 0           |
|    episode_length          | 1200        |
|    jerk                    | 0.422       |
|    lane_deviation          | 0.193       |
|    max_lane_deviation      | 0.779       |
|    mean_speed_kmh          | 16.7        |
|    min_ttc                 | 2.52        |
|    out_of_road             | 0           |
|    route_completion        | 0.897       |
|    shaped_reward           | 184         |
|    steering_variation      | 0.489       |
|    success                 | 0           |
|    ttc_risk                | 0.00703     |
| rollout/                   |             |
|    ep_len_mean             | 1.12e+03    |
|    ep_rew_mean             | 78.7        |
|    success_rate            | 0.01        |
| time/                      |             |
|    fps                     | 984         |
|    iterations              | 86          |
|    time_elapsed            | 894         |
|    total_timesteps         | 880640      |
| train/                     |             |
|    approx_kl               | 0.036096852 |
|    clip_fraction           | 0.177       |
|    clip_range              | 0.2         |
|    entropy_loss            | -1.97       |
|    explained_variance      | 0.746       |
|    learning_rate           | 0.0003      |
|    loss                    | 4.02        |
|    n_updates               | 850         |
|    policy_gradient_loss    | 0.000745    |
|    std                     | 0.691       |
|    value_loss              | 17.7        |
--------------------------------------------
--------------------------------------------
| curriculum/                |             |
|    stage                   | 3           |
|    window_cost             | 0.267       |
|    window_route_completion | 0.633       |
|    window_success          | 0           |
| paper/                     |             |
|    accel_variation         | 0.459       |
|    base_reward             | 428         |
|    collision               | 0           |
|    crash_object            | 0           |
|    crash_vehicle           | 0           |
|    episode_cost            | 0           |
|    episode_length          | 1200        |
|    jerk                    | 0.434       |
|    lane_deviation          | 0.175       |
|    max_lane_deviation      | 0.641       |
|    mean_speed_kmh          | 14.9        |
|    min_ttc                 | 4.59        |
|    out_of_road             | 0           |
|    route_completion        | 0.535       |
|    shaped_reward           | 180         |
|    steering_variation      | 0.504       |
|    success                 | 0           |
|    ttc_risk                | 6.94e-05    |
| rollout/                   |             |
|    ep_len_mean             | 1.12e+03    |
|    ep_rew_mean             | 80.9        |
|    success_rate            | 0.01        |
| time/                      |             |
|    fps                     | 972         |
|    iterations              | 87          |
|    time_elapsed            | 915         |
|    total_timesteps         | 890880      |
| train/                     |             |
|    approx_kl               | 0.007102242 |
|    clip_fraction           | 0.14        |
|    clip_range              | 0.2         |
|    entropy_loss            | -1.97       |
|    explained_variance      | 0.768       |
|    learning_rate           | 0.0003      |
|    loss                    | 8.81        |
|    n_updates               | 860         |
|    policy_gradient_loss    | -0.00162    |
|    std                     | 0.689       |
|    value_loss              | 23.5        |
--------------------------------------------
-------------------------------------------
| curriculum/                |            |
|    stage                   | 3          |
|    window_cost             | 0.367      |
|    window_route_completion | 0.587      |
|    window_success          | 0          |
| paper/                     |            |
|    accel_variation         | 0.47       |
|    base_reward             | 394        |
|    collision               | 0          |
|    crash_object            | 0          |
|    crash_vehicle           | 0          |
|    episode_cost            | 0          |
|    episode_length          | 1200       |
|    jerk                    | 0.437      |
|    lane_deviation          | 0.284      |
|    max_lane_deviation      | 0.883      |
|    mean_speed_kmh          | 17.6       |
|    min_ttc                 | 2.77       |
|    out_of_road             | 0          |
|    route_completion        | 0.705      |
|    shaped_reward           | 124        |
|    steering_variation      | 0.488      |
|    success                 | 0          |
|    ttc_risk                | 0.00119    |
| rollout/                   |            |
|    ep_len_mean             | 1.08e+03   |
|    ep_rew_mean             | 73         |
|    success_rate            | 0.01       |
| time/                      |            |
|    fps                     | 963        |
|    iterations              | 88         |
|    time_elapsed            | 935        |
|    total_timesteps         | 901120     |
| train/                     |            |
|    approx_kl               | 0.03443154 |
|    clip_fraction           | 0.24       |
|    clip_range              | 0.2        |
|    entropy_loss            | -1.95      |
|    explained_variance      | 0.826      |
|    learning_rate           | 0.0003     |
|    loss                    | 3.58       |
|    n_updates               | 870        |
|    policy_gradient_loss    | 0.00737    |
|    std                     | 0.683      |
|    value_loss              | 9.29       |
-------------------------------------------
--------------------------------------------
| curriculum/                |             |
|    stage                   | 3           |
|    window_cost             | 0.567       |
|    window_route_completion | 0.496       |
|    window_success          | 0           |
| paper/                     |             |
|    accel_variation         | 0.345       |
|    base_reward             | 7.81        |
|    collision               | 0           |
|    crash_object            | 0           |
|    crash_vehicle           | 0           |
|    episode_cost            | 1           |
|    episode_length          | 81          |
|    jerk                    | 0.264       |
|    lane_deviation          | 0.43        |
|    max_lane_deviation      | 1.07        |
|    mean_speed_kmh          | 15.9        |
|    min_ttc                 | nan         |
|    out_of_road             | 1           |
|    route_completion        | 0.057       |
|    shaped_reward           | -107        |
|    steering_variation      | 0.465       |
|    success                 | 0           |
|    ttc_risk                | 0           |
| rollout/                   |             |
|    ep_len_mean             | 1.02e+03    |
|    ep_rew_mean             | 59.1        |
|    success_rate            | 0.01        |
| time/                      |             |
|    fps                     | 950         |
|    iterations              | 89          |
|    time_elapsed            | 958         |
|    total_timesteps         | 911360      |
| train/                     |             |
|    approx_kl               | 0.009513093 |
|    clip_fraction           | 0.134       |
|    clip_range              | 0.2         |
|    entropy_loss            | -1.95       |
|    explained_variance      | 0.613       |
|    learning_rate           | 0.0003      |
|    loss                    | 21.1        |
|    n_updates               | 880         |
|    policy_gradient_loss    | -0.00395    |
|    std                     | 0.691       |
|    value_loss              | 52.5        |
--------------------------------------------
--------------------------------------------
| curriculum/                |             |
|    stage                   | 3           |
|    window_cost             | 0.567       |
|    window_route_completion | 0.517       |
|    window_success          | 0           |
| paper/                     |             |
|    accel_variation         | 0.498       |
|    base_reward             | 279         |
|    collision               | 1           |
|    crash_object            | 0           |
|    crash_vehicle           | 1           |
|    episode_cost            | 1           |
|    episode_length          | 938         |
|    jerk                    | 0.42        |
|    lane_deviation          | 0.256       |
|    max_lane_deviation      | 0.834       |
|    mean_speed_kmh          | 14.9        |
|    min_ttc                 | 0.141       |
|    out_of_road             | 0           |
|    route_completion        | 0.476       |
|    shaped_reward           | -68.3       |
|    steering_variation      | 0.476       |
|    success                 | 0           |
|    ttc_risk                | 0.0268      |
| rollout/                   |             |
|    ep_len_mean             | 1.01e+03    |
|    ep_rew_mean             | 54          |
|    success_rate            | 0.01        |
| time/                      |             |
|    fps                     | 943         |
|    iterations              | 90          |
|    time_elapsed            | 977         |
|    total_timesteps         | 921600      |
| train/                     |             |
|    approx_kl               | 0.011033592 |
|    clip_fraction           | 0.161       |
|    clip_range              | 0.2         |
|    entropy_loss            | -1.96       |
|    explained_variance      | 0.414       |
|    learning_rate           | 0.0003      |
|    loss                    | 13.9        |
|    n_updates               | 890         |
|    policy_gradient_loss    | -0.0033     |
|    std                     | 0.694       |
|    value_loss              | 62.3        |
--------------------------------------------
--------------------------------------------
| curriculum/                |             |
|    stage                   | 3           |
|    window_cost             | 0.567       |
|    window_route_completion | 0.54        |
|    window_success          | 0           |
| paper/                     |             |
|    accel_variation         | 0.458       |
|    base_reward             | 237         |
|    collision               | 1           |
|    crash_object            | 0           |
|    crash_vehicle           | 1           |
|    episode_cost            | 1           |
|    episode_length          | 663         |
|    jerk                    | 0.461       |
|    lane_deviation          | 0.226       |
|    max_lane_deviation      | 0.736       |
|    mean_speed_kmh          | 17          |
|    min_ttc                 | 2.17        |
|    out_of_road             | 0           |
|    route_completion        | 0.356       |
|    shaped_reward           | -10.8       |
|    steering_variation      | 0.485       |
|    success                 | 0           |
|    ttc_risk                | 0.00289     |
| rollout/                   |             |
|    ep_len_mean             | 990         |
|    ep_rew_mean             | 53.1        |
|    success_rate            | 0.01        |
| time/                      |             |
|    fps                     | 935         |
|    iterations              | 91          |
|    time_elapsed            | 996         |
|    total_timesteps         | 931840      |
| train/                     |             |
|    approx_kl               | 0.017150203 |
|    clip_fraction           | 0.186       |
|    clip_range              | 0.2         |
|    entropy_loss            | -1.96       |
|    explained_variance      | 0.612       |
|    learning_rate           | 0.0003      |
|    loss                    | 13.8        |
|    n_updates               | 900         |
|    policy_gradient_loss    | -0.00415    |
|    std                     | 0.697       |
|    value_loss              | 31.4        |
--------------------------------------------
--------------------------------------------
| curriculum/                |             |
|    stage                   | 3           |
|    window_cost             | 0.433       |
|    window_route_completion | 0.587       |
|    window_success          | 0.0333      |
| paper/                     |             |
|    accel_variation         | 0.477       |
|    base_reward             | 194         |
|    collision               | 1           |
|    crash_object            | 0           |
|    crash_vehicle           | 1           |
|    episode_cost            | 1           |
|    episode_length          | 548         |
|    jerk                    | 0.439       |
|    lane_deviation          | 0.274       |
|    max_lane_deviation      | 0.996       |
|    mean_speed_kmh          | 18          |
|    min_ttc                 | 0.444       |
|    out_of_road             | 0           |
|    route_completion        | 0.374       |
|    shaped_reward           | -39.3       |
|    steering_variation      | 0.468       |
|    success                 | 0           |
|    ttc_risk                | 0.00488     |
| rollout/                   |             |
|    ep_len_mean             | 978         |
|    ep_rew_mean             | 55          |
|    success_rate            | 0.02        |
| time/                      |             |
|    fps                     | 926         |
|    iterations              | 92          |
|    time_elapsed            | 1016        |
|    total_timesteps         | 942080      |
| train/                     |             |
|    approx_kl               | 0.039014656 |
|    clip_fraction           | 0.192       |
|    clip_range              | 0.2         |
|    entropy_loss            | -1.96       |
|    explained_variance      | 0.478       |
|    learning_rate           | 0.0003      |
|    loss                    | 16.3        |
|    n_updates               | 910         |
|    policy_gradient_loss    | 0.000902    |
|    std                     | 0.691       |
|    value_loss              | 36.5        |
--------------------------------------------
