/home/aaa/data/qj/stable-baselines3-master/stable_baselines3/common/on_policy_algorithm.py:150: UserWarning: You are trying to run PPO on the GPU, but it is primarily intended to run on the CPU when not using a CNN policy (you are using ActorCriticPolicy which should be a MlpPolicy). See https://github.com/DLR-RM/stable-baselines3/issues/1245 for more info. You can pass `device='cpu'` or `export CUDA_VISIBLE_DEVICES=` to force using the CPU.Note: The model will train, but the GPU utilization will be poor and the training might take longer than on CPU.
  warnings.warn(
Using cuda device
Logging to outputs/defensive_ttc12_v18_nenv10_steps_diag_1p5m/runs/defensive_proposed_ppo_s28/tensorboard/proposed_ppo_s28_1
------------------------------------
| paper/                |          |
|    accel_variation    | 0.821    |
|    base_reward        | 6.63     |
|    collision          | 0        |
|    crash_object       | 0        |
|    crash_vehicle      | 0        |
|    episode_cost       | 0        |
|    episode_length     | 600      |
|    jerk               | 0.637    |
|    lane_deviation     | 0.0317   |
|    max_lane_deviation | 0.145    |
|    mean_speed_kmh     | 0.732    |
|    min_ttc            | nan      |
|    out_of_road        | 0        |
|    route_completion   | 0.098    |
|    shaped_reward      | -90.6    |
|    steering_variation | 0.832    |
|    success            | 0        |
|    ttc_risk           | 0        |
| rollout/              |          |
|    ep_len_mean        | 600      |
|    ep_rew_mean        | -97.5    |
|    success_rate       | 0        |
| time/                 |          |
|    fps                | 3747     |
|    iterations         | 1        |
|    time_elapsed       | 2        |
|    total_timesteps    | 10240    |
------------------------------------
--------------------------------------------
| curriculum/                |             |
|    stage                   | 0           |
|    window_cost             | 0           |
|    window_route_completion | 0.108       |
|    window_success          | 0           |
| paper/                     |             |
|    accel_variation         | 0.756       |
|    base_reward             | 9.12        |
|    collision               | 0           |
|    crash_object            | 0           |
|    crash_vehicle           | 0           |
|    episode_cost            | 0           |
|    episode_length          | 600         |
|    jerk                    | 0.588       |
|    lane_deviation          | 0.0812      |
|    max_lane_deviation      | 0.384       |
|    mean_speed_kmh          | 0.873       |
|    min_ttc                 | nan         |
|    out_of_road             | 0           |
|    route_completion        | 0.16        |
|    shaped_reward           | -86.5       |
|    steering_variation      | 0.787       |
|    success                 | 0           |
|    ttc_risk                | 0           |
| rollout/                   |             |
|    ep_len_mean             | 600         |
|    ep_rew_mean             | -98.7       |
|    success_rate            | 0           |
| time/                      |             |
|    fps                     | 3270        |
|    iterations              | 2           |
|    time_elapsed            | 6           |
|    total_timesteps         | 20480       |
| train/                     |             |
|    approx_kl               | 0.009824963 |
|    clip_fraction           | 0.131       |
|    clip_range              | 0.2         |
|    entropy_loss            | -2.81       |
|    explained_variance      | -0.00228    |
|    learning_rate           | 0.0003      |
|    loss                    | 0.112       |
|    n_updates               | 10          |
|    policy_gradient_loss    | -0.00936    |
|    std                     | 0.98        |
|    value_loss              | 0.28        |
--------------------------------------------
--------------------------------------------
| curriculum/                |             |
|    stage                   | 0           |
|    window_cost             | 0.0333      |
|    window_route_completion | 0.133       |
|    window_success          | 0           |
| paper/                     |             |
|    accel_variation         | 0.816       |
|    base_reward             | 5.23        |
|    collision               | 0           |
|    crash_object            | 0           |
|    crash_vehicle           | 0           |
|    episode_cost            | 0           |
|    episode_length          | 600         |
|    jerk                    | 0.593       |
|    lane_deviation          | 0.523       |
|    max_lane_deviation      | 0.976       |
|    mean_speed_kmh          | 0.942       |
|    min_ttc                 | nan         |
|    out_of_road             | 0           |
|    route_completion        | 0.125       |
|    shaped_reward           | -187        |
|    steering_variation      | 0.8         |
|    success                 | 0           |
|    ttc_risk                | 0           |
| rollout/                   |             |
|    ep_len_mean             | 600         |
|    ep_rew_mean             | -108        |
|    success_rate            | 0           |
| time/                      |             |
|    fps                     | 3184        |
|    iterations              | 3           |
|    time_elapsed            | 9           |
|    total_timesteps         | 30720       |
| train/                     |             |
|    approx_kl               | 0.010427966 |
|    clip_fraction           | 0.147       |
|    clip_range              | 0.2         |
|    entropy_loss            | -2.78       |
|    explained_variance      | -0.0231     |
|    learning_rate           | 0.0003      |
|    loss                    | 0.189       |
|    n_updates               | 20          |
|    policy_gradient_loss    | -0.0126     |
|    std                     | 0.966       |
|    value_loss              | 0.46        |
--------------------------------------------
--------------------------------------------
| curriculum/                |             |
|    stage                   | 0           |
|    window_cost             | 0.0667      |
|    window_route_completion | 0.156       |
|    window_success          | 0           |
| paper/                     |             |
|    accel_variation         | 0.731       |
|    base_reward             | 7.34        |
|    collision               | 0           |
|    crash_object            | 0           |
|    crash_vehicle           | 0           |
|    episode_cost            | 0           |
|    episode_length          | 600         |
|    jerk                    | 0.6         |
|    lane_deviation          | 0.554       |
|    max_lane_deviation      | 0.999       |
|    mean_speed_kmh          | 1.13        |
|    min_ttc                 | nan         |
|    out_of_road             | 0           |
|    route_completion        | 0.202       |
|    shaped_reward           | -199        |
|    steering_variation      | 0.77        |
|    success                 | 0           |
|    ttc_risk                | 0           |
| rollout/                   |             |
|    ep_len_mean             | 597         |
|    ep_rew_mean             | -111        |
|    success_rate            | 0           |
| time/                      |             |
|    fps                     | 3110        |
|    iterations              | 4           |
|    time_elapsed            | 13          |
|    total_timesteps         | 40960       |
| train/                     |             |
|    approx_kl               | 0.008252526 |
|    clip_fraction           | 0.0402      |
|    clip_range              | 0.2         |
|    entropy_loss            | -2.76       |
|    explained_variance      | -0.0031     |
|    learning_rate           | 0.0003      |
|    loss                    | 11.2        |
|    n_updates               | 30          |
|    policy_gradient_loss    | -0.00126    |
|    std                     | 0.963       |
|    value_loss              | 23.6        |
--------------------------------------------
--------------------------------------------
| curriculum/                |             |
|    stage                   | 0           |
|    window_cost             | 0.0333      |
|    window_route_completion | 0.193       |
|    window_success          | 0           |
| paper/                     |             |
|    accel_variation         | 0.723       |
|    base_reward             | 17.8        |
|    collision               | 0           |
|    crash_object            | 0           |
|    crash_vehicle           | 0           |
|    episode_cost            | 0           |
|    episode_length          | 600         |
|    jerk                    | 0.599       |
|    lane_deviation          | 0.174       |
|    max_lane_deviation      | 0.353       |
|    mean_speed_kmh          | 1.48        |
|    min_ttc                 | nan         |
|    out_of_road             | 0           |
|    route_completion        | 0.236       |
|    shaped_reward           | -70.2       |
|    steering_variation      | 0.772       |
|    success                 | 0           |
|    ttc_risk                | 0           |
| rollout/                   |             |
|    ep_len_mean             | 598         |
|    ep_rew_mean             | -113        |
|    success_rate            | 0           |
| time/                      |             |
|    fps                     | 3101        |
|    iterations              | 5           |
|    time_elapsed            | 16          |
|    total_timesteps         | 51200       |
| train/                     |             |
|    approx_kl               | 0.008642284 |
|    clip_fraction           | 0.081       |
|    clip_range              | 0.2         |
|    entropy_loss            | -2.76       |
|    explained_variance      | 0.216       |
|    learning_rate           | 0.0003      |
|    loss                    | 3.44        |
|    n_updates               | 40          |
|    policy_gradient_loss    | -0.00206    |
|    std                     | 0.962       |
|    value_loss              | 21.5        |
--------------------------------------------
---------------------------------------------
| curriculum/                |              |
|    stage                   | 0            |
|    window_cost             | 0.0667       |
|    window_route_completion | 0.235        |
|    window_success          | 0            |
| paper/                     |              |
|    accel_variation         | 0.603        |
|    base_reward             | -4.92        |
|    collision               | 0            |
|    crash_object            | 0            |
|    crash_vehicle           | 0            |
|    episode_cost            | 1            |
|    episode_length          | 107          |
|    jerk                    | 0.487        |
|    lane_deviation          | 0.224        |
|    max_lane_deviation      | 1.03         |
|    mean_speed_kmh          | 3.06         |
|    min_ttc                 | nan          |
|    out_of_road             | 1            |
|    route_completion        | 0.143        |
|    shaped_reward           | -172         |
|    steering_variation      | 0.671        |
|    success                 | 0            |
|    ttc_risk                | 0            |
| rollout/                   |              |
|    ep_len_mean             | 593          |
|    ep_rew_mean             | -141         |
|    success_rate            | 0            |
| time/                      |              |
|    fps                     | 3035         |
|    iterations              | 6            |
|    time_elapsed            | 20           |
|    total_timesteps         | 61440        |
| train/                     |              |
|    approx_kl               | 0.0046586473 |
|    clip_fraction           | 0.0654       |
|    clip_range              | 0.2          |
|    entropy_loss            | -2.75        |
|    explained_variance      | 0.508        |
|    learning_rate           | 0.0003       |
|    loss                    | 2.57         |
|    n_updates               | 50           |
|    policy_gradient_loss    | -0.00332     |
|    std                     | 0.952        |
|    value_loss              | 7.94         |
---------------------------------------------
---------------------------------------------
| curriculum/                |              |
|    stage                   | 0            |
|    window_cost             | 0.1          |
|    window_route_completion | 0.238        |
|    window_success          | 0            |
| paper/                     |              |
|    accel_variation         | 0.687        |
|    base_reward             | 17.1         |
|    collision               | 0            |
|    crash_object            | 0            |
|    crash_vehicle           | 0            |
|    episode_cost            | 0            |
|    episode_length          | 600          |
|    jerk                    | 0.556        |
|    lane_deviation          | 0.299        |
|    max_lane_deviation      | 0.998        |
|    mean_speed_kmh          | 1.57         |
|    min_ttc                 | nan          |
|    out_of_road             | 0            |
|    route_completion        | 0.24         |
|    shaped_reward           | -110         |
|    steering_variation      | 0.835        |
|    success                 | 0            |
|    ttc_risk                | 0            |
| rollout/                   |              |
|    ep_len_mean             | 592          |
|    ep_rew_mean             | -152         |
|    success_rate            | 0            |
| time/                      |              |
|    fps                     | 3014         |
|    iterations              | 7            |
|    time_elapsed            | 23           |
|    total_timesteps         | 71680        |
| train/                     |              |
|    approx_kl               | 0.0017360512 |
|    clip_fraction           | 0.00767      |
|    clip_range              | 0.2          |
|    entropy_loss            | -2.74        |
|    explained_variance      | 0.198        |
|    learning_rate           | 0.0003       |
|    loss                    | 8.45         |
|    n_updates               | 60           |
|    policy_gradient_loss    | 0.000155     |
|    std                     | 0.951        |
|    value_loss              | 73.6         |
---------------------------------------------
---------------------------------------------
| curriculum/                |              |
|    stage                   | 0            |
|    window_cost             | 0.0667       |
|    window_route_completion | 0.241        |
|    window_success          | 0            |
| paper/                     |              |
|    accel_variation         | 0.632        |
|    base_reward             | -6.11        |
|    collision               | 0            |
|    crash_object            | 0            |
|    crash_vehicle           | 0            |
|    episode_cost            | 1            |
|    episode_length          | 291          |
|    jerk                    | 0.544        |
|    lane_deviation          | 0.475        |
|    max_lane_deviation      | 1.03         |
|    mean_speed_kmh          | 1.39         |
|    min_ttc                 | nan          |
|    out_of_road             | 1            |
|    route_completion        | 0.144        |
|    shaped_reward           | -250         |
|    steering_variation      | 0.837        |
|    success                 | 0            |
|    ttc_risk                | 0            |
| rollout/                   |              |
|    ep_len_mean             | 586          |
|    ep_rew_mean             | -167         |
|    success_rate            | 0            |
| time/                      |              |
|    fps                     | 2995         |
|    iterations              | 8            |
|    time_elapsed            | 27           |
|    total_timesteps         | 81920        |
| train/                     |              |
|    approx_kl               | 0.0028332896 |
|    clip_fraction           | 0.0209       |
|    clip_range              | 0.2          |
|    entropy_loss            | -2.74        |
|    explained_variance      | 0.646        |
|    learning_rate           | 0.0003       |
|    loss                    | 4.9          |
|    n_updates               | 70           |
|    policy_gradient_loss    | -0.00139     |
|    std                     | 0.95         |
|    value_loss              | 38.4         |
---------------------------------------------
---------------------------------------------
| curriculum/                |              |
|    stage                   | 0            |
|    window_cost             | 0.2          |
|    window_route_completion | 0.254        |
|    window_success          | 0            |
| paper/                     |              |
|    accel_variation         | 0.633        |
|    base_reward             | 4.67         |
|    collision               | 0            |
|    crash_object            | 0            |
|    crash_vehicle           | 0            |
|    episode_cost            | 0            |
|    episode_length          | 600          |
|    jerk                    | 0.5          |
|    lane_deviation          | 1.53         |
|    max_lane_deviation      | 2            |
|    mean_speed_kmh          | 1.99         |
|    min_ttc                 | nan          |
|    out_of_road             | 0            |
|    route_completion        | 0.335        |
|    shaped_reward           | -859         |
|    steering_variation      | 0.791        |
|    success                 | 0            |
|    ttc_risk                | 0            |
| rollout/                   |              |
|    ep_len_mean             | 572          |
|    ep_rew_mean             | -197         |
|    success_rate            | 0            |
| time/                      |              |
|    fps                     | 2958         |
|    iterations              | 9            |
|    time_elapsed            | 31           |
|    total_timesteps         | 92160        |
| train/                     |              |
|    approx_kl               | 0.0020012637 |
|    clip_fraction           | 0.0279       |
|    clip_range              | 0.2          |
|    entropy_loss            | -2.73        |
|    explained_variance      | 0.717        |
|    learning_rate           | 0.0003       |
|    loss                    | 5.36         |
|    n_updates               | 80           |
|    policy_gradient_loss    | -0.000942    |
|    std                     | 0.948        |
|    value_loss              | 45           |
---------------------------------------------
---------------------------------------------
| curriculum/                |              |
|    stage                   | 0            |
|    window_cost             | 0.3          |
|    window_route_completion | 0.274        |
|    window_success          | 0            |
| paper/                     |              |
|    accel_variation         | 0.617        |
|    base_reward             | 19.1         |
|    collision               | 0            |
|    crash_object            | 0            |
|    crash_vehicle           | 0            |
|    episode_cost            | 0            |
|    episode_length          | 600          |
|    jerk                    | 0.539        |
|    lane_deviation          | 0.49         |
|    max_lane_deviation      | 0.785        |
|    mean_speed_kmh          | 2.2          |
|    min_ttc                 | nan          |
|    out_of_road             | 0            |
|    route_completion        | 0.356        |
|    shaped_reward           | -126         |
|    steering_variation      | 0.798        |
|    success                 | 0            |
|    ttc_risk                | 0            |
| rollout/                   |              |
|    ep_len_mean             | 566          |
|    ep_rew_mean             | -219         |
|    success_rate            | 0            |
| time/                      |              |
|    fps                     | 2937         |
|    iterations              | 10           |
|    time_elapsed            | 34           |
|    total_timesteps         | 102400       |
| train/                     |              |
|    approx_kl               | 0.0023690131 |
|    clip_fraction           | 0.00895      |
|    clip_range              | 0.2          |
|    entropy_loss            | -2.73        |
|    explained_variance      | 0.746        |
|    learning_rate           | 0.0003       |
|    loss                    | 42.5         |
|    n_updates               | 90           |
|    policy_gradient_loss    | -0.00199     |
|    std                     | 0.948        |
|    value_loss              | 106          |
---------------------------------------------
---------------------------------------------
| curriculum/                |              |
|    stage                   | 0            |
|    window_cost             | 0.167        |
|    window_route_completion | 0.305        |
|    window_success          | 0            |
| paper/                     |              |
|    accel_variation         | 0.657        |
|    base_reward             | 18.7         |
|    collision               | 0            |
|    crash_object            | 0            |
|    crash_vehicle           | 0            |
|    episode_cost            | 0            |
|    episode_length          | 600          |
|    jerk                    | 0.524        |
|    lane_deviation          | 0.451        |
|    max_lane_deviation      | 0.997        |
|    mean_speed_kmh          | 2.19         |
|    min_ttc                 | nan          |
|    out_of_road             | 0            |
|    route_completion        | 0.33         |
|    shaped_reward           | -121         |
|    steering_variation      | 0.847        |
|    success                 | 0            |
|    ttc_risk                | 0            |
| rollout/                   |              |
|    ep_len_mean             | 554          |
|    ep_rew_mean             | -231         |
|    success_rate            | 0            |
| time/                      |              |
|    fps                     | 2910         |
|    iterations              | 11           |
|    time_elapsed            | 38           |
|    total_timesteps         | 112640       |
| train/                     |              |
|    approx_kl               | 0.0039230967 |
|    clip_fraction           | 0.0299       |
|    clip_range              | 0.2          |
|    entropy_loss            | -2.73        |
|    explained_variance      | 0.819        |
|    learning_rate           | 0.0003       |
|    loss                    | 18.3         |
|    n_updates               | 100          |
|    policy_gradient_loss    | -0.00118     |
|    std                     | 0.948        |
|    value_loss              | 78.3         |
---------------------------------------------
---------------------------------------------
| curriculum/                |              |
|    stage                   | 0            |
|    window_cost             | 0.0667       |
|    window_route_completion | 0.346        |
|    window_success          | 0            |
| paper/                     |              |
|    accel_variation         | 0.6          |
|    base_reward             | 5.69         |
|    collision               | 0            |
|    crash_object            | 0            |
|    crash_vehicle           | 0            |
|    episode_cost            | 1            |
|    episode_length          | 430          |
|    jerk                    | 0.489        |
|    lane_deviation          | 0.313        |
|    max_lane_deviation      | 1.03         |
|    mean_speed_kmh          | 2.17         |
|    min_ttc                 | nan          |
|    out_of_road             | 1            |
|    route_completion        | 0.231        |
|    shaped_reward           | -233         |
|    steering_variation      | 0.806        |
|    success                 | 0            |
|    ttc_risk                | 0            |
| rollout/                   |              |
|    ep_len_mean             | 558          |
|    ep_rew_mean             | -210         |
|    success_rate            | 0            |
| time/                      |              |
|    fps                     | 2879         |
|    iterations              | 12           |
|    time_elapsed            | 42           |
|    total_timesteps         | 122880       |
| train/                     |              |
|    approx_kl               | 0.0030958257 |
|    clip_fraction           | 0.024        |
|    clip_range              | 0.2          |
|    entropy_loss            | -2.73        |
|    explained_variance      | 0.867        |
|    learning_rate           | 0.0003       |
|    loss                    | 30.4         |
|    n_updates               | 110          |
|    policy_gradient_loss    | -0.00203     |
|    std                     | 0.947        |
|    value_loss              | 66.4         |
---------------------------------------------
---------------------------------------------
| curriculum/                |              |
|    stage                   | 0            |
|    window_cost             | 0.0333       |
|    window_route_completion | 0.371        |
|    window_success          | 0            |
| paper/                     |              |
|    accel_variation         | 0.567        |
|    base_reward             | 20.8         |
|    collision               | 0            |
|    crash_object            | 0            |
|    crash_vehicle           | 0            |
|    episode_cost            | 0            |
|    episode_length          | 600          |
|    jerk                    | 0.497        |
|    lane_deviation          | 0.55         |
|    max_lane_deviation      | 2            |
|    mean_speed_kmh          | 2.81         |
|    min_ttc                 | nan          |
|    out_of_road             | 0            |
|    route_completion        | 0.426        |
|    shaped_reward           | -189         |
|    steering_variation      | 0.808        |
|    success                 | 0            |
|    ttc_risk                | 0            |
| rollout/                   |              |
|    ep_len_mean             | 561          |
|    ep_rew_mean             | -213         |
|    success_rate            | 0            |
| time/                      |              |
|    fps                     | 2858         |
|    iterations              | 13           |
|    time_elapsed            | 46           |
|    total_timesteps         | 133120       |
| train/                     |              |
|    approx_kl               | 0.0085471235 |
|    clip_fraction           | 0.091        |
|    clip_range              | 0.2          |
|    entropy_loss            | -2.72        |
|    explained_variance      | 0.831        |
|    learning_rate           | 0.0003       |
|    loss                    | 6.56         |
|    n_updates               | 120          |
|    policy_gradient_loss    | 5.73e-05     |
|    std                     | 0.943        |
|    value_loss              | 21.9         |
---------------------------------------------
--------------------------------------------
| curriculum/                |             |
|    stage                   | 0           |
|    window_cost             | 0.0333      |
|    window_route_completion | 0.406       |
|    window_success          | 0           |
| paper/                     |             |
|    accel_variation         | 0.568       |
|    base_reward             | 22.3        |
|    collision               | 0           |
|    crash_object            | 0           |
|    crash_vehicle           | 0           |
|    episode_cost            | 0           |
|    episode_length          | 600         |
|    jerk                    | 0.517       |
|    lane_deviation          | 0.43        |
|    max_lane_deviation      | 0.999       |
|    mean_speed_kmh          | 2.95        |
|    min_ttc                 | nan         |
|    out_of_road             | 0           |
|    route_completion        | 0.5         |
|    shaped_reward           | -90.1       |
|    steering_variation      | 0.736       |
|    success                 | 0           |
|    ttc_risk                | 0           |
| rollout/                   |             |
|    ep_len_mean             | 566         |
|    ep_rew_mean             | -204        |
|    success_rate            | 0           |
| time/                      |             |
|    fps                     | 2839        |
|    iterations              | 14          |
|    time_elapsed            | 50          |
|    total_timesteps         | 143360      |
| train/                     |             |
|    approx_kl               | 0.007845369 |
|    clip_fraction           | 0.124       |
|    clip_range              | 0.2         |
|    entropy_loss            | -2.72       |
|    explained_variance      | 0.918       |
|    learning_rate           | 0.0003      |
|    loss                    | 36.9        |
|    n_updates               | 130         |
|    policy_gradient_loss    | -0.00458    |
|    std                     | 0.939       |
|    value_loss              | 51.1        |
--------------------------------------------
---------------------------------------------
| curriculum/                |              |
|    stage                   | 0            |
|    window_cost             | 0.133        |
|    window_route_completion | 0.392        |
|    window_success          | 0            |
| paper/                     |              |
|    accel_variation         | 0.59         |
|    base_reward             | 33.9         |
|    collision               | 0            |
|    crash_object            | 0            |
|    crash_vehicle           | 0            |
|    episode_cost            | 0            |
|    episode_length          | 600          |
|    jerk                    | 0.477        |
|    lane_deviation          | 0.225        |
|    max_lane_deviation      | 0.998        |
|    mean_speed_kmh          | 2.78         |
|    min_ttc                 | nan          |
|    out_of_road             | 0            |
|    route_completion        | 0.511        |
|    shaped_reward           | -45.3        |
|    steering_variation      | 0.789        |
|    success                 | 0            |
|    ttc_risk                | 0            |
| rollout/                   |              |
|    ep_len_mean             | 570          |
|    ep_rew_mean             | -168         |
|    success_rate            | 0            |
| time/                      |              |
|    fps                     | 2830         |
|    iterations              | 15           |
|    time_elapsed            | 54           |
|    total_timesteps         | 153600       |
| train/                     |              |
|    approx_kl               | 0.0075472957 |
|    clip_fraction           | 0.139        |
|    clip_range              | 0.2          |
|    entropy_loss            | -2.71        |
|    explained_variance      | 0.896        |
|    learning_rate           | 0.0003       |
|    loss                    | 6.76         |
|    n_updates               | 140          |
|    policy_gradient_loss    | -0.00119     |
|    std                     | 0.935        |
|    value_loss              | 26.3         |
---------------------------------------------
--------------------------------------------
| curriculum/                |             |
|    stage                   | 0           |
|    window_cost             | 0.867       |
|    window_route_completion | 0.355       |
|    window_success          | 0           |
| paper/                     |             |
|    accel_variation         | 0.471       |
|    base_reward             | 51.2        |
|    collision               | 0           |
|    crash_object            | 0           |
|    crash_vehicle           | 0           |
|    episode_cost            | 0           |
|    episode_length          | 600         |
|    jerk                    | 0.391       |
|    lane_deviation          | 0.289       |
|    max_lane_deviation      | 0.984       |
|    mean_speed_kmh          | 4.35        |
|    min_ttc                 | nan         |
|    out_of_road             | 0           |
|    route_completion        | 0.753       |
|    shaped_reward           | -12.7       |
|    steering_variation      | 0.82        |
|    success                 | 0           |
|    ttc_risk                | 0           |
| rollout/                   |             |
|    ep_len_mean             | 497         |
|    ep_rew_mean             | -162        |
|    success_rate            | 0           |
| time/                      |             |
|    fps                     | 2793        |
|    iterations              | 16          |
|    time_elapsed            | 58          |
|    total_timesteps         | 163840      |
| train/                     |             |
|    approx_kl               | 0.013082812 |
|    clip_fraction           | 0.151       |
|    clip_range              | 0.2         |
|    entropy_loss            | -2.69       |
|    explained_variance      | 0.664       |
|    learning_rate           | 0.0003      |
|    loss                    | 11.8        |
|    n_updates               | 150         |
|    policy_gradient_loss    | 0.00191     |
|    std                     | 0.921       |
|    value_loss              | 42.2        |
--------------------------------------------
--------------------------------------------
| curriculum/                |             |
|    stage                   | 0           |
|    window_cost             | 0.433       |
|    window_route_completion | 0.532       |
|    window_success          | 0           |
| paper/                     |             |
|    accel_variation         | 0.516       |
|    base_reward             | 31          |
|    collision               | 0           |
|    crash_object            | 0           |
|    crash_vehicle           | 0           |
|    episode_cost            | 0           |
|    episode_length          | 600         |
|    jerk                    | 0.424       |
|    lane_deviation          | 0.433       |
|    max_lane_deviation      | 0.994       |
|    mean_speed_kmh          | 3.65        |
|    min_ttc                 | nan         |
|    out_of_road             | 0           |
|    route_completion        | 0.579       |
|    shaped_reward           | -75         |
|    steering_variation      | 0.804       |
|    success                 | 0           |
|    ttc_risk                | 0           |
| rollout/                   |             |
|    ep_len_mean             | 494         |
|    ep_rew_mean             | -152        |
|    success_rate            | 0           |
| time/                      |             |
|    fps                     | 2792        |
|    iterations              | 17          |
|    time_elapsed            | 62          |
|    total_timesteps         | 174080      |
| train/                     |             |
|    approx_kl               | 0.007867508 |
|    clip_fraction           | 0.12        |
|    clip_range              | 0.2         |
|    entropy_loss            | -2.67       |
|    explained_variance      | 0.583       |
|    learning_rate           | 0.0003      |
|    loss                    | 145         |
|    n_updates               | 160         |
|    policy_gradient_loss    | -0.00686    |
|    std                     | 0.92        |
|    value_loss              | 276         |
--------------------------------------------
--------------------------------------------
| curriculum/                |             |
|    stage                   | 1           |
|    window_cost             | 0.233       |
|    window_route_completion | 0.604       |
|    window_success          | 0.0333      |
| paper/                     |             |
|    accel_variation         | 0.475       |
|    base_reward             | 65.7        |
|    collision               | 0           |
|    crash_object            | 0           |
|    crash_vehicle           | 0           |
|    episode_cost            | 0           |
|    episode_length          | 800         |
|    jerk                    | 0.433       |
|    lane_deviation          | 0.372       |
|    max_lane_deviation      | 0.996       |
|    mean_speed_kmh          | 4.66        |
|    min_ttc                 | nan         |
|    out_of_road             | 0           |
|    route_completion        | 0.803       |
|    shaped_reward           | -53         |
|    steering_variation      | 0.758       |
|    success                 | 0           |
|    ttc_risk                | 0           |
| rollout/                   |             |
|    ep_len_mean             | 501         |
|    ep_rew_mean             | -123        |
|    success_rate            | 0.03        |
| time/                      |             |
|    fps                     | 2764        |
|    iterations              | 18          |
|    time_elapsed            | 66          |
|    total_timesteps         | 184320      |
| train/                     |             |
|    approx_kl               | 0.007458476 |
|    clip_fraction           | 0.128       |
|    clip_range              | 0.2         |
|    entropy_loss            | -2.66       |
|    explained_variance      | 0.63        |
|    learning_rate           | 0.0003      |
|    loss                    | 8.32        |
|    n_updates               | 170         |
|    policy_gradient_loss    | -0.00441    |
|    std                     | 0.913       |
|    value_loss              | 26.5        |
--------------------------------------------
------------------------------------------
| paper/                  |              |
|    accel_variation      | 0.436        |
|    base_reward          | 91.1         |
|    collision            | 0            |
|    crash_object         | 0            |
|    crash_vehicle        | 0            |
|    episode_cost         | 0            |
|    episode_length       | 800          |
|    jerk                 | 0.399        |
|    lane_deviation       | 0.214        |
|    max_lane_deviation   | 0.993        |
|    mean_speed_kmh       | 5.2          |
|    min_ttc              | nan          |
|    out_of_road          | 0            |
|    route_completion     | 0.45         |
|    shaped_reward        | -1.55        |
|    steering_variation   | 0.733        |
|    success              | 0            |
|    ttc_risk             | 0            |
| rollout/                |              |
|    ep_len_mean          | 519          |
|    ep_rew_mean          | -119         |
|    success_rate         | 0.04         |
| time/                   |              |
|    fps                  | 2699         |
|    iterations           | 19           |
|    time_elapsed         | 72           |
|    total_timesteps      | 194560       |
| train/                  |              |
|    approx_kl            | 0.0072716484 |
|    clip_fraction        | 0.124        |
|    clip_range           | 0.2          |
|    entropy_loss         | -2.65        |
|    explained_variance   | 0.551        |
|    learning_rate        | 0.0003       |
|    loss                 | 36.4         |
|    n_updates            | 180          |
|    policy_gradient_loss | -0.00249     |
|    std                  | 0.905        |
|    value_loss           | 59           |
------------------------------------------
--------------------------------------------
| curriculum/                |             |
|    stage                   | 0           |
|    window_cost             | 0.1         |
|    window_route_completion | 0.456       |
|    window_success          | 0.0333      |
| paper/                     |             |
|    accel_variation         | 0.444       |
|    base_reward             | 59.4        |
|    collision               | 0           |
|    crash_object            | 0           |
|    crash_vehicle           | 0           |
|    episode_cost            | 0           |
|    episode_length          | 600         |
|    jerk                    | 0.396       |
|    lane_deviation          | 0.421       |
|    max_lane_deviation      | 2           |
|    mean_speed_kmh          | 6.34        |
|    min_ttc                 | nan         |
|    out_of_road             | 0           |
|    route_completion        | 0.291       |
|    shaped_reward           | -80.6       |
|    steering_variation      | 0.711       |
|    success                 | 0           |
|    ttc_risk                | 0           |
| rollout/                   |             |
|    ep_len_mean             | 544         |
|    ep_rew_mean             | -112        |
|    success_rate            | 0.04        |
| time/                      |             |
|    fps                     | 2617        |
|    iterations              | 20          |
|    time_elapsed            | 78          |
|    total_timesteps         | 204800      |
| train/                     |             |
|    approx_kl               | 0.018860394 |
|    clip_fraction           | 0.202       |
|    clip_range              | 0.2         |
|    entropy_loss            | -2.62       |
|    explained_variance      | 0.227       |
|    learning_rate           | 0.0003      |
|    loss                    | 50.2        |
|    n_updates               | 190         |
|    policy_gradient_loss    | 0.00382     |
|    std                     | 0.888       |
|    value_loss              | 43          |
--------------------------------------------
-----------------------------------------
| paper/                  |             |
|    accel_variation      | 0.504       |
|    base_reward          | 49.8        |
|    collision            | 0           |
|    crash_object         | 0           |
|    crash_vehicle        | 0           |
|    episode_cost         | 0           |
|    episode_length       | 600         |
|    jerk                 | 0.411       |
|    lane_deviation       | 0.372       |
|    max_lane_deviation   | 0.992       |
|    mean_speed_kmh       | 4.82        |
|    min_ttc              | nan         |
|    out_of_road          | 0           |
|    route_completion     | 0.669       |
|    shaped_reward        | -40.5       |
|    steering_variation   | 0.755       |
|    success              | 0           |
|    ttc_risk             | 0           |
| rollout/                |             |
|    ep_len_mean          | 573         |
|    ep_rew_mean          | -93.4       |
|    success_rate         | 0.04        |
| time/                   |             |
|    fps                  | 2604        |
|    iterations           | 21          |
|    time_elapsed         | 82          |
|    total_timesteps      | 215040      |
| train/                  |             |
|    approx_kl            | 0.040680222 |
|    clip_fraction        | 0.192       |
|    clip_range           | 0.2         |
|    entropy_loss         | -2.59       |
|    explained_variance   | 0.604       |
|    learning_rate        | 0.0003      |
|    loss                 | 13.9        |
|    n_updates            | 200         |
|    policy_gradient_loss | -0.00307    |
|    std                  | 0.885       |
|    value_loss           | 33.3        |
-----------------------------------------
--------------------------------------------
| curriculum/                |             |
|    stage                   | 1           |
|    window_cost             | 0           |
|    window_route_completion | 0.616       |
|    window_success          | 0.1         |
| paper/                     |             |
|    accel_variation         | 0.441       |
|    base_reward             | 91.9        |
|    collision               | 0           |
|    crash_object            | 0           |
|    crash_vehicle           | 0           |
|    episode_cost            | 0           |
|    episode_length          | 577         |
|    jerk                    | 0.371       |
|    lane_deviation          | 0.25        |
|    max_lane_deviation      | 0.561       |
|    mean_speed_kmh          | 5.77        |
|    min_ttc                 | nan         |
|    out_of_road             | 0           |
|    route_completion        | 0.951       |
|    shaped_reward           | 92.3        |
|    steering_variation      | 0.781       |
|    success                 | 1           |
|    ttc_risk                | 0           |
| rollout/                   |             |
|    ep_len_mean             | 616         |
|    ep_rew_mean             | -60.6       |
|    success_rate            | 0.11        |
| time/                      |             |
|    fps                     | 2598        |
|    iterations              | 22          |
|    time_elapsed            | 86          |
|    total_timesteps         | 225280      |
| train/                     |             |
|    approx_kl               | 0.012844281 |
|    clip_fraction           | 0.196       |
|    clip_range              | 0.2         |
|    entropy_loss            | -2.56       |
|    explained_variance      | 0.379       |
|    learning_rate           | 0.0003      |
|    loss                    | 2.24        |
|    n_updates               | 210         |
|    policy_gradient_loss    | 0.00026     |
|    std                     | 0.864       |
|    value_loss              | 4.78        |
--------------------------------------------
-----------------------------------------
| paper/                  |             |
|    accel_variation      | 0.398       |
|    base_reward          | 131         |
|    collision            | 0           |
|    crash_object         | 0           |
|    crash_vehicle        | 0           |
|    episode_cost         | 0           |
|    episode_length       | 800         |
|    jerk                 | 0.346       |
|    lane_deviation       | 0.288       |
|    max_lane_deviation   | 1.09        |
|    mean_speed_kmh       | 8.37        |
|    min_ttc              | nan         |
|    out_of_road          | 0           |
|    route_completion     | 0.627       |
|    shaped_reward        | 16          |
|    steering_variation   | 0.698       |
|    success              | 0           |
|    ttc_risk             | 0           |
| rollout/                |             |
|    ep_len_mean          | 658         |
|    ep_rew_mean          | -42.7       |
|    success_rate         | 0.17        |
| time/                   |             |
|    fps                  | 2540        |
|    iterations           | 23          |
|    time_elapsed         | 92          |
|    total_timesteps      | 235520      |
| train/                  |             |
|    approx_kl            | 0.006933987 |
|    clip_fraction        | 0.156       |
|    clip_range           | 0.2         |
|    entropy_loss         | -2.53       |
|    explained_variance   | 0.172       |
|    learning_rate        | 0.0003      |
|    loss                 | 29.9        |
|    n_updates            | 220         |
|    policy_gradient_loss | -0.000251   |
|    std                  | 0.853       |
|    value_loss           | 36          |
-----------------------------------------
--------------------------------------------
| curriculum/                |             |
|    stage                   | 1           |
|    window_cost             | 0           |
|    window_route_completion | 0.686       |
|    window_success          | 0.3         |
| paper/                     |             |
|    accel_variation         | 0.365       |
|    base_reward             | 159         |
|    collision               | 0           |
|    crash_object            | 0           |
|    crash_vehicle           | 0           |
|    episode_cost            | 0           |
|    episode_length          | 800         |
|    jerk                    | 0.312       |
|    lane_deviation          | 0.288       |
|    max_lane_deviation      | 0.811       |
|    mean_speed_kmh          | 9.89        |
|    min_ttc                 | nan         |
|    out_of_road             | 0           |
|    route_completion        | 0.689       |
|    shaped_reward           | 42.3        |
|    steering_variation      | 0.654       |
|    success                 | 0           |
|    ttc_risk                | 0           |
| rollout/                   |             |
|    ep_len_mean             | 687         |
|    ep_rew_mean             | -30.2       |
|    success_rate            | 0.18        |
| time/                      |             |
|    fps                     | 2503        |
|    iterations              | 24          |
|    time_elapsed            | 98          |
|    total_timesteps         | 245760      |
| train/                     |             |
|    approx_kl               | 0.007879248 |
|    clip_fraction           | 0.147       |
|    clip_range              | 0.2         |
|    entropy_loss            | -2.5        |
|    explained_variance      | 0.487       |
|    learning_rate           | 0.0003      |
|    loss                    | 16.5        |
|    n_updates               | 230         |
|    policy_gradient_loss    | -0.00119    |
|    std                     | 0.841       |
|    value_loss              | 26.7        |
--------------------------------------------
--------------------------------------------
| curriculum/                |             |
|    stage                   | 0           |
|    window_cost             | 0.0667      |
|    window_route_completion | 0.619       |
|    window_success          | 0.0333      |
| paper/                     |             |
|    accel_variation         | 0.302       |
|    base_reward             | 48.5        |
|    collision               | 0           |
|    crash_object            | 0           |
|    crash_vehicle           | 0           |
|    episode_cost            | 1           |
|    episode_length          | 556         |
|    jerk                    | 0.27        |
|    lane_deviation          | 0.951       |
|    max_lane_deviation      | 2           |
|    mean_speed_kmh          | 13.2        |
|    min_ttc                 | nan         |
|    out_of_road             | 1           |
|    route_completion        | 0.585       |
|    shaped_reward           | -490        |
|    steering_variation      | 0.681       |
|    success                 | 0           |
|    ttc_risk                | 0           |
| rollout/                   |             |
|    ep_len_mean             | 655         |
|    ep_rew_mean             | -68.7       |
|    success_rate            | 0.18        |
| time/                      |             |
|    fps                     | 2471        |
|    iterations              | 25          |
|    time_elapsed            | 103         |
|    total_timesteps         | 256000      |
| train/                     |             |
|    approx_kl               | 0.034350052 |
|    clip_fraction           | 0.219       |
|    clip_range              | 0.2         |
|    entropy_loss            | -2.46       |
|    explained_variance      | 0.707       |
|    learning_rate           | 0.0003      |
|    loss                    | 9.09        |
|    n_updates               | 240         |
|    policy_gradient_loss    | 0.0128      |
|    std                     | 0.816       |
|    value_loss              | 7.97        |
--------------------------------------------
---------------------------------------------
| curriculum/                |              |
|    stage                   | 0            |
|    window_cost             | 0.4          |
|    window_route_completion | 0.975        |
|    window_success          | 0.6          |
| paper/                     |              |
|    accel_variation         | 0.311        |
|    base_reward             | 67.9         |
|    collision               | 0            |
|    crash_object            | 0            |
|    crash_vehicle           | 0            |
|    episode_cost            | 0            |
|    episode_length          | 388          |
|    jerk                    | 0.25         |
|    lane_deviation          | 0.65         |
|    max_lane_deviation      | 1.56         |
|    mean_speed_kmh          | 11.4         |
|    min_ttc                 | nan          |
|    out_of_road             | 0            |
|    route_completion        | 0.963        |
|    shaped_reward           | 9.2          |
|    steering_variation      | 0.674        |
|    success                 | 1            |
|    ttc_risk                | 0            |
| rollout/                   |              |
|    ep_len_mean             | 545          |
|    ep_rew_mean             | -98.9        |
|    success_rate            | 0.36         |
| time/                      |              |
|    fps                     | 2464         |
|    iterations              | 26           |
|    time_elapsed            | 108          |
|    total_timesteps         | 266240       |
| train/                     |              |
|    approx_kl               | 0.0063437126 |
|    clip_fraction           | 0.108        |
|    clip_range              | 0.2          |
|    entropy_loss            | -2.42        |
|    explained_variance      | 0.218        |
|    learning_rate           | 0.0003       |
|    loss                    | 93.8         |
|    n_updates               | 250          |
|    policy_gradient_loss    | -0.0049      |
|    std                     | 0.809        |
|    value_loss              | 198          |
---------------------------------------------
--------------------------------------------
| curriculum/                |             |
|    stage                   | 1           |
|    window_cost             | 0.233       |
|    window_route_completion | 0.966       |
|    window_success          | 0.767       |
| paper/                     |             |
|    accel_variation         | 0.31        |
|    base_reward             | 65.6        |
|    collision               | 0           |
|    crash_object            | 0           |
|    crash_vehicle           | 0           |
|    episode_cost            | 0           |
|    episode_length          | 316         |
|    jerk                    | 0.285       |
|    lane_deviation          | 0.736       |
|    max_lane_deviation      | 2           |
|    mean_speed_kmh          | 13.5        |
|    min_ttc                 | nan         |
|    out_of_road             | 0           |
|    route_completion        | 0.961       |
|    shaped_reward           | -14.4       |
|    steering_variation      | 0.737       |
|    success                 | 1           |
|    ttc_risk                | 0           |
| rollout/                   |             |
|    ep_len_mean             | 452         |
|    ep_rew_mean             | -114        |
|    success_rate            | 0.48        |
| time/                      |             |
|    fps                     | 2437        |
|    iterations              | 27          |
|    time_elapsed            | 113         |
|    total_timesteps         | 276480      |
| train/                     |             |
|    approx_kl               | 0.008179188 |
|    clip_fraction           | 0.137       |
|    clip_range              | 0.2         |
|    entropy_loss            | -2.41       |
|    explained_variance      | 0.164       |
|    learning_rate           | 0.0003      |
|    loss                    | 189         |
|    n_updates               | 260         |
|    policy_gradient_loss    | -0.00744    |
|    std                     | 0.807       |
|    value_loss              | 340         |
--------------------------------------------
------------------------------------------
| paper/                  |              |
|    accel_variation      | 0.285        |
|    base_reward          | 47           |
|    collision            | 0            |
|    crash_object         | 0            |
|    crash_vehicle        | 0            |
|    episode_cost         | 1            |
|    episode_length       | 322          |
|    jerk                 | 0.246        |
|    lane_deviation       | 0.503        |
|    max_lane_deviation   | 1.68         |
|    mean_speed_kmh       | 13           |
|    min_ttc              | nan          |
|    out_of_road          | 1            |
|    route_completion     | 0.317        |
|    shaped_reward        | -190         |
|    steering_variation   | 0.621        |
|    success              | 0            |
|    ttc_risk             | 0            |
| rollout/                |              |
|    ep_len_mean          | 422          |
|    ep_rew_mean          | -141         |
|    success_rate         | 0.5          |
| time/                   |              |
|    fps                  | 2394         |
|    iterations           | 28           |
|    time_elapsed         | 119          |
|    total_timesteps      | 286720       |
| train/                  |              |
|    approx_kl            | 0.0077615036 |
|    clip_fraction        | 0.119        |
|    clip_range           | 0.2          |
|    entropy_loss         | -2.41        |
|    explained_variance   | 0.404        |
|    learning_rate        | 0.0003       |
|    loss                 | 120          |
|    n_updates            | 270          |
|    policy_gradient_loss | -0.00746     |
|    std                  | 0.804        |
|    value_loss           | 265          |
------------------------------------------
--------------------------------------------
| curriculum/                |             |
|    stage                   | 1           |
|    window_cost             | 0.4         |
|    window_route_completion | 0.632       |
|    window_success          | 0.2         |
| paper/                     |             |
|    accel_variation         | 0.302       |
|    base_reward             | 197         |
|    collision               | 0           |
|    crash_object            | 0           |
|    crash_vehicle           | 0           |
|    episode_cost            | 0           |
|    episode_length          | 678         |
|    jerk                    | 0.279       |
|    lane_deviation          | 0.344       |
|    max_lane_deviation      | 0.922       |
|    mean_speed_kmh          | 14          |
|    min_ttc                 | nan         |
|    out_of_road             | 0           |
|    route_completion        | 0.982       |
|    shaped_reward           | 121         |
|    steering_variation      | 0.64        |
|    success                 | 1           |
|    ttc_risk                | 0           |
| rollout/                   |             |
|    ep_len_mean             | 418         |
|    ep_rew_mean             | -115        |
|    success_rate            | 0.52        |
| time/                      |             |
|    fps                     | 2347        |
|    iterations              | 29          |
|    time_elapsed            | 126         |
|    total_timesteps         | 296960      |
| train/                     |             |
|    approx_kl               | 0.009567851 |
|    clip_fraction           | 0.122       |
|    clip_range              | 0.2         |
|    entropy_loss            | -2.39       |
|    explained_variance      | 0.483       |
|    learning_rate           | 0.0003      |
|    loss                    | 44.5        |
|    n_updates               | 280         |
|    policy_gradient_loss    | -0.00626    |
|    std                     | 0.796       |
|    value_loss              | 104         |
--------------------------------------------
--------------------------------------------
| curriculum/                |             |
|    stage                   | 1           |
|    window_cost             | 0.267       |
|    window_route_completion | 0.711       |
|    window_success          | 0.2         |
| paper/                     |             |
|    accel_variation         | 0.302       |
|    base_reward             | 208         |
|    collision               | 0           |
|    crash_object            | 0           |
|    crash_vehicle           | 0           |
|    episode_cost            | 0           |
|    episode_length          | 705         |
|    jerk                    | 0.278       |
|    lane_deviation          | 0.311       |
|    max_lane_deviation      | 1.49        |
|    mean_speed_kmh          | 13.5        |
|    min_ttc                 | nan         |
|    out_of_road             | 0           |
|    route_completion        | 0.983       |
|    shaped_reward           | 133         |
|    steering_variation      | 0.645       |
|    success                 | 1           |
|    ttc_risk                | 0           |
| rollout/                   |             |
|    ep_len_mean             | 463         |
|    ep_rew_mean             | -80.3       |
|    success_rate            | 0.49        |
| time/                      |             |
|    fps                     | 2305        |
|    iterations              | 30          |
|    time_elapsed            | 133         |
|    total_timesteps         | 307200      |
| train/                     |             |
|    approx_kl               | 0.004417391 |
|    clip_fraction           | 0.0781      |
|    clip_range              | 0.2         |
|    entropy_loss            | -2.37       |
|    explained_variance      | 0.586       |
|    learning_rate           | 0.0003      |
|    loss                    | 85.6        |
|    n_updates               | 290         |
|    policy_gradient_loss    | -0.00155    |
|    std                     | 0.787       |
|    value_loss              | 98.3        |
--------------------------------------------
-------------------------------------------
| curriculum/                |            |
|    stage                   | 1          |
|    window_cost             | 0.167      |
|    window_route_completion | 0.757      |
|    window_success          | 0.2        |
| paper/                     |            |
|    accel_variation         | 0.317      |
|    base_reward             | 185        |
|    collision               | 0          |
|    crash_object            | 0          |
|    crash_vehicle           | 0          |
|    episode_cost            | 0          |
|    episode_length          | 800        |
|    jerk                    | 0.286      |
|    lane_deviation          | 0.388      |
|    max_lane_deviation      | 1.35       |
|    mean_speed_kmh          | 13.5       |
|    min_ttc                 | nan        |
|    out_of_road             | 0          |
|    route_completion        | 0.768      |
|    shaped_reward           | 12.7       |
|    steering_variation      | 0.626      |
|    success                 | 0          |
|    ttc_risk                | 0          |
| rollout/                   |            |
|    ep_len_mean             | 514        |
|    ep_rew_mean             | -70.9      |
|    success_rate            | 0.42       |
| time/                      |            |
|    fps                     | 2276       |
|    iterations              | 31         |
|    time_elapsed            | 139        |
|    total_timesteps         | 317440     |
| train/                     |            |
|    approx_kl               | 0.01638819 |
|    clip_fraction           | 0.161      |
|    clip_range              | 0.2        |
|    entropy_loss            | -2.35      |
|    explained_variance      | 0.675      |
|    learning_rate           | 0.0003     |
|    loss                    | 25.7       |
|    n_updates               | 300        |
|    policy_gradient_loss    | 4.25e-05   |
|    std                     | 0.778      |
|    value_loss              | 43.4       |
-------------------------------------------
--------------------------------------------
| curriculum/                |             |
|    stage                   | 1           |
|    window_cost             | 0.167       |
|    window_route_completion | 0.811       |
|    window_success          | 0.267       |
| paper/                     |             |
|    accel_variation         | 0.314       |
|    base_reward             | 224         |
|    collision               | 0           |
|    crash_object            | 0           |
|    crash_vehicle           | 0           |
|    episode_cost            | 0           |
|    episode_length          | 800         |
|    jerk                    | 0.295       |
|    lane_deviation          | 0.37        |
|    max_lane_deviation      | 1.44        |
|    mean_speed_kmh          | 15.5        |
|    min_ttc                 | nan         |
|    out_of_road             | 0           |
|    route_completion        | 0.967       |
|    shaped_reward           | 46.7        |
|    steering_variation      | 0.632       |
|    success                 | 0           |
|    ttc_risk                | 0           |
| rollout/                   |             |
|    ep_len_mean             | 582         |
|    ep_rew_mean             | -45.6       |
|    success_rate            | 0.36        |
| time/                      |             |
|    fps                     | 2237        |
|    iterations              | 32          |
|    time_elapsed            | 146         |
|    total_timesteps         | 327680      |
| train/                     |             |
|    approx_kl               | 0.011493619 |
|    clip_fraction           | 0.204       |
|    clip_range              | 0.2         |
|    entropy_loss            | -2.32       |
|    explained_variance      | 0.512       |
|    learning_rate           | 0.0003      |
|    loss                    | 96.1        |
|    n_updates               | 310         |
|    policy_gradient_loss    | 0.00346     |
|    std                     | 0.765       |
|    value_loss              | 50.8        |
--------------------------------------------
------------------------------------------
| curriculum/                |           |
|    stage                   | 1         |
|    window_cost             | 0.2       |
|    window_route_completion | 0.778     |
|    window_success          | 0.167     |
| paper/                     |           |
|    accel_variation         | 0.326     |
|    base_reward             | 201       |
|    collision               | 0         |
|    crash_object            | 0         |
|    crash_vehicle           | 0         |
|    episode_cost            | 0         |
|    episode_length          | 800       |
|    jerk                    | 0.302     |
|    lane_deviation          | 0.449     |
|    max_lane_deviation      | 2         |
|    mean_speed_kmh          | 15.3      |
|    min_ttc                 | nan       |
|    out_of_road             | 0         |
|    route_completion        | 0.825     |
|    shaped_reward           | -14.4     |
|    steering_variation      | 0.621     |
|    success                 | 0         |
|    ttc_risk                | 0         |
| rollout/                   |           |
|    ep_len_mean             | 637       |
|    ep_rew_mean             | -51.8     |
|    success_rate            | 0.25      |
| time/                      |           |
|    fps                     | 2207      |
|    iterations              | 33        |
|    time_elapsed            | 153       |
|    total_timesteps         | 337920    |
| train/                     |           |
|    approx_kl               | 0.1011043 |
|    clip_fraction           | 0.176     |
|    clip_range              | 0.2       |
|    entropy_loss            | -2.3      |
|    explained_variance      | 0.474     |
|    learning_rate           | 0.0003    |
|    loss                    | 49.9      |
|    n_updates               | 320       |
|    policy_gradient_loss    | 0.00544   |
|    std                     | 0.762     |
|    value_loss              | 59.8      |
------------------------------------------
--------------------------------------------
| curriculum/                |             |
|    stage                   | 1           |
|    window_cost             | 0.2         |
|    window_route_completion | 0.792       |
|    window_success          | 0.233       |
| paper/                     |             |
|    accel_variation         | 0.331       |
|    base_reward             | 211         |
|    collision               | 0           |
|    crash_object            | 0           |
|    crash_vehicle           | 0           |
|    episode_cost            | 0           |
|    episode_length          | 718         |
|    jerk                    | 0.319       |
|    lane_deviation          | 0.401       |
|    max_lane_deviation      | 1.08        |
|    mean_speed_kmh          | 15.5        |
|    min_ttc                 | nan         |
|    out_of_road             | 0           |
|    route_completion        | 0.984       |
|    shaped_reward           | 108         |
|    steering_variation      | 0.62        |
|    success                 | 1           |
|    ttc_risk                | 0           |
| rollout/                   |             |
|    ep_len_mean             | 704         |
|    ep_rew_mean             | -28.1       |
|    success_rate            | 0.22        |
| time/                      |             |
|    fps                     | 2178        |
|    iterations              | 34          |
|    time_elapsed            | 159         |
|    total_timesteps         | 348160      |
| train/                     |             |
|    approx_kl               | 0.011873168 |
|    clip_fraction           | 0.136       |
|    clip_range              | 0.2         |
|    entropy_loss            | -2.28       |
|    explained_variance      | 0.651       |
|    learning_rate           | 0.0003      |
|    loss                    | 19.8        |
|    n_updates               | 330         |
|    policy_gradient_loss    | -0.00272    |
|    std                     | 0.756       |
|    value_loss              | 50.6        |
--------------------------------------------
--------------------------------------------
| curriculum/                |             |
|    stage                   | 2           |
|    window_cost             | 0.2         |
|    window_route_completion | 0.799       |
|    window_success          | 0.3         |
| paper/                     |             |
|    accel_variation         | 0.349       |
|    base_reward             | 240         |
|    collision               | 0           |
|    crash_object            | 0           |
|    crash_vehicle           | 0           |
|    episode_cost            | 0           |
|    episode_length          | 732         |
|    jerk                    | 0.309       |
|    lane_deviation          | 0.318       |
|    max_lane_deviation      | 0.995       |
|    mean_speed_kmh          | 15.4        |
|    min_ttc                 | 20.5        |
|    out_of_road             | 0           |
|    route_completion        | 0.984       |
|    shaped_reward           | 145         |
|    steering_variation      | 0.59        |
|    success                 | 1           |
|    ttc_risk                | 0           |
| rollout/                   |             |
|    ep_len_mean             | 705         |
|    ep_rew_mean             | -4.94       |
|    success_rate            | 0.24        |
| time/                      |             |
|    fps                     | 2157        |
|    iterations              | 35          |
|    time_elapsed            | 166         |
|    total_timesteps         | 358400      |
| train/                     |             |
|    approx_kl               | 0.016420247 |
|    clip_fraction           | 0.169       |
|    clip_range              | 0.2         |
|    entropy_loss            | -2.27       |
|    explained_variance      | 0.721       |
|    learning_rate           | 0.0003      |
|    loss                    | 26.6        |
|    n_updates               | 340         |
|    policy_gradient_loss    | 0.000179    |
|    std                     | 0.75        |
|    value_loss              | 48          |
--------------------------------------------
-----------------------------------------
| paper/                  |             |
|    accel_variation      | 0.337       |
|    base_reward          | 287         |
|    collision            | 0           |
|    crash_object         | 0           |
|    crash_vehicle        | 0           |
|    episode_cost         | 0           |
|    episode_length       | 1000        |
|    jerk                 | 0.314       |
|    lane_deviation       | 0.342       |
|    max_lane_deviation   | 0.979       |
|    mean_speed_kmh       | 14.9        |
|    min_ttc              | 10.8        |
|    out_of_road          | 0           |
|    route_completion     | 0.589       |
|    shaped_reward        | 62.2        |
|    steering_variation   | 0.636       |
|    success              | 0           |
|    ttc_risk             | 0.000168    |
| rollout/                |             |
|    ep_len_mean          | 717         |
|    ep_rew_mean          | 11.7        |
|    success_rate         | 0.28        |
| time/                   |             |
|    fps                  | 2093        |
|    iterations           | 36          |
|    time_elapsed         | 176         |
|    total_timesteps      | 368640      |
| train/                  |             |
|    approx_kl            | 0.011938056 |
|    clip_fraction        | 0.176       |
|    clip_range           | 0.2         |
|    entropy_loss         | -2.25       |
|    explained_variance   | 0.788       |
|    learning_rate        | 0.0003      |
|    loss                 | 25.3        |
|    n_updates            | 350         |
|    policy_gradient_loss | 0.00235     |
|    std                  | 0.747       |
|    value_loss           | 42.6        |
-----------------------------------------
-----------------------------------------
| paper/                  |             |
|    accel_variation      | 0.34        |
|    base_reward          | 262         |
|    collision            | 0           |
|    crash_object         | 0           |
|    crash_vehicle        | 0           |
|    episode_cost         | 0           |
|    episode_length       | 1000        |
|    jerk                 | 0.32        |
|    lane_deviation       | 0.354       |
|    max_lane_deviation   | 1.2         |
|    mean_speed_kmh       | 14          |
|    min_ttc              | 0.0938      |
|    out_of_road          | 0           |
|    route_completion     | 0.777       |
|    shaped_reward        | -174        |
|    steering_variation   | 0.646       |
|    success              | 0           |
|    ttc_risk             | 0.0353      |
| rollout/                |             |
|    ep_len_mean          | 743         |
|    ep_rew_mean          | 11.5        |
|    success_rate         | 0.26        |
| time/                   |             |
|    fps                  | 2020        |
|    iterations           | 37          |
|    time_elapsed         | 187         |
|    total_timesteps      | 378880      |
| train/                  |             |
|    approx_kl            | 0.007735194 |
|    clip_fraction        | 0.143       |
|    clip_range           | 0.2         |
|    entropy_loss         | -2.24       |
|    explained_variance   | 0.652       |
|    learning_rate        | 0.0003      |
|    loss                 | 38.6        |
|    n_updates            | 360         |
|    policy_gradient_loss | 0.00113     |
|    std                  | 0.743       |
|    value_loss           | 71          |
-----------------------------------------
--------------------------------------------
| curriculum/                |             |
|    stage                   | 2           |
|    window_cost             | 0.1         |
|    window_route_completion | 0.741       |
|    window_success          | 0.233       |
| paper/                     |             |
|    accel_variation         | 0.358       |
|    base_reward             | 307         |
|    collision               | 0           |
|    crash_object            | 0           |
|    crash_vehicle           | 0           |
|    episode_cost            | 0           |
|    episode_length          | 1000        |
|    jerk                    | 0.306       |
|    lane_deviation          | 0.299       |
|    max_lane_deviation      | 0.99        |
|    mean_speed_kmh          | 15.2        |
|    min_ttc                 | 0.896       |
|    out_of_road             | 0           |
|    route_completion        | 0.788       |
|    shaped_reward           | -7.16       |
|    steering_variation      | 0.609       |
|    success                 | 0           |
|    ttc_risk                | 0.017       |
| rollout/                   |             |
|    ep_len_mean             | 762         |
|    ep_rew_mean             | 7.45        |
|    success_rate            | 0.26        |
| time/                      |             |
|    fps                     | 1963        |
|    iterations              | 38          |
|    time_elapsed            | 198         |
|    total_timesteps         | 389120      |
| train/                     |             |
|    approx_kl               | 0.017314726 |
|    clip_fraction           | 0.258       |
|    clip_range              | 0.2         |
|    entropy_loss            | -2.22       |
|    explained_variance      | 0.547       |
|    learning_rate           | 0.0003      |
|    loss                    | 11.7        |
|    n_updates               | 370         |
|    policy_gradient_loss    | 0.00868     |
|    std                     | 0.732       |
|    value_loss              | 66.6        |
--------------------------------------------
---------------------------------------------
| curriculum/                |              |
|    stage                   | 2            |
|    window_cost             | 0.133        |
|    window_route_completion | 0.667        |
|    window_success          | 0.0333       |
| paper/                     |              |
|    accel_variation         | 0.289        |
|    base_reward             | 292          |
|    collision               | 0            |
|    crash_object            | 0            |
|    crash_vehicle           | 0            |
|    episode_cost            | 0            |
|    episode_length          | 1000         |
|    jerk                    | 0.287        |
|    lane_deviation          | 0.305        |
|    max_lane_deviation      | 1.35         |
|    mean_speed_kmh          | 14.5         |
|    min_ttc                 | 0.0359       |
|    out_of_road             | 0            |
|    route_completion        | 0.8          |
|    shaped_reward           | -192         |
|    steering_variation      | 0.625        |
|    success                 | 0            |
|    ttc_risk                | 0.0454       |
| rollout/                   |              |
|    ep_len_mean             | 788          |
|    ep_rew_mean             | 4.37         |
|    success_rate            | 0.22         |
| time/                      |              |
|    fps                     | 1903         |
|    iterations              | 39           |
|    time_elapsed            | 209          |
|    total_timesteps         | 399360       |
| train/                     |              |
|    approx_kl               | 0.0063641528 |
|    clip_fraction           | 0.116        |
|    clip_range              | 0.2          |
|    entropy_loss            | -2.21        |
|    explained_variance      | 0.798        |
|    learning_rate           | 0.0003       |
|    loss                    | 19.9         |
|    n_updates               | 380          |
|    policy_gradient_loss    | -0.00261     |
|    std                     | 0.738        |
|    value_loss              | 51.5         |
---------------------------------------------
--------------------------------------------
| curriculum/                |             |
|    stage                   | 2           |
|    window_cost             | 0.133       |
|    window_route_completion | 0.688       |
|    window_success          | 0.0333      |
| paper/                     |             |
|    accel_variation         | 0.326       |
|    base_reward             | 302         |
|    collision               | 0           |
|    crash_object            | 0           |
|    crash_vehicle           | 0           |
|    episode_cost            | 0           |
|    episode_length          | 1000        |
|    jerk                    | 0.305       |
|    lane_deviation          | 0.321       |
|    max_lane_deviation      | 1.12        |
|    mean_speed_kmh          | 15.5        |
|    min_ttc                 | 8.22        |
|    out_of_road             | 0           |
|    route_completion        | 0.663       |
|    shaped_reward           | 76.8        |
|    steering_variation      | 0.633       |
|    success                 | 0           |
|    ttc_risk                | 0.000856    |
| rollout/                   |             |
|    ep_len_mean             | 814         |
|    ep_rew_mean             | 0.679       |
|    success_rate            | 0.19        |
| time/                      |             |
|    fps                     | 1859        |
|    iterations              | 40          |
|    time_elapsed            | 220         |
|    total_timesteps         | 409600      |
| train/                     |             |
|    approx_kl               | 0.009059295 |
|    clip_fraction           | 0.187       |
|    clip_range              | 0.2         |
|    entropy_loss            | -2.22       |
|    explained_variance      | 0.681       |
|    learning_rate           | 0.0003      |
|    loss                    | 10.5        |
|    n_updates               | 390         |
|    policy_gradient_loss    | 0.00468     |
|    std                     | 0.739       |
|    value_loss              | 44.7        |
--------------------------------------------
---------------------------------------------
| curriculum/                |              |
|    stage                   | 2            |
|    window_cost             | 0.2          |
|    window_route_completion | 0.692        |
|    window_success          | 0            |
| paper/                     |              |
|    accel_variation         | 0.339        |
|    base_reward             | 273          |
|    collision               | 1            |
|    crash_object            | 0            |
|    crash_vehicle           | 1            |
|    episode_cost            | 1            |
|    episode_length          | 853          |
|    jerk                    | 0.326        |
|    lane_deviation          | 0.304        |
|    max_lane_deviation      | 1.4          |
|    mean_speed_kmh          | 16.4         |
|    min_ttc                 | nan          |
|    out_of_road             | 0            |
|    route_completion        | 0.774        |
|    shaped_reward           | -74.3        |
|    steering_variation      | 0.599        |
|    success                 | 0            |
|    ttc_risk                | 0            |
| rollout/                   |              |
|    ep_len_mean             | 842          |
|    ep_rew_mean             | -7.39        |
|    success_rate            | 0.19         |
| time/                      |              |
|    fps                     | 1817         |
|    iterations              | 41           |
|    time_elapsed            | 230          |
|    total_timesteps         | 419840       |
| train/                     |              |
|    approx_kl               | 0.0070210644 |
|    clip_fraction           | 0.115        |
|    clip_range              | 0.2          |
|    entropy_loss            | -2.23        |
|    explained_variance      | 0.521        |
|    learning_rate           | 0.0003       |
|    loss                    | 17.5         |
|    n_updates               | 400          |
|    policy_gradient_loss    | -0.00104     |
|    std                     | 0.741        |
|    value_loss              | 86.8         |
---------------------------------------------
--------------------------------------------
| curriculum/                |             |
|    stage                   | 2           |
|    window_cost             | 0.3         |
|    window_route_completion | 0.655       |
|    window_success          | 0           |
| paper/                     |             |
|    accel_variation         | 0.377       |
|    base_reward             | 69.3        |
|    collision               | 0           |
|    crash_object            | 0           |
|    crash_vehicle           | 0           |
|    episode_cost            | 1           |
|    episode_length          | 282         |
|    jerk                    | 0.373       |
|    lane_deviation          | 0.413       |
|    max_lane_deviation      | 2           |
|    mean_speed_kmh          | 16.2        |
|    min_ttc                 | 13.4        |
|    out_of_road             | 1           |
|    route_completion        | 0.234       |
|    shaped_reward           | -174        |
|    steering_variation      | 0.549       |
|    success                 | 0           |
|    ttc_risk                | 0           |
| rollout/                   |             |
|    ep_len_mean             | 846         |
|    ep_rew_mean             | -13         |
|    success_rate            | 0.16        |
| time/                      |             |
|    fps                     | 1775        |
|    iterations              | 42          |
|    time_elapsed            | 242         |
|    total_timesteps         | 430080      |
| train/                     |             |
|    approx_kl               | 0.015260031 |
|    clip_fraction           | 0.139       |
|    clip_range              | 0.2         |
|    entropy_loss            | -2.23       |
|    explained_variance      | 0.729       |
|    learning_rate           | 0.0003      |
|    loss                    | 31.7        |
|    n_updates               | 410         |
|    policy_gradient_loss    | -0.00158    |
|    std                     | 0.739       |
|    value_loss              | 72.6        |
--------------------------------------------
--------------------------------------------
| curriculum/                |             |
|    stage                   | 2           |
|    window_cost             | 0.233       |
|    window_route_completion | 0.668       |
|    window_success          | 0.0333      |
| paper/                     |             |
|    accel_variation         | 0.305       |
|    base_reward             | 291         |
|    collision               | 0           |
|    crash_object            | 0           |
|    crash_vehicle           | 0           |
|    episode_cost            | 0           |
|    episode_length          | 1000        |
|    jerk                    | 0.315       |
|    lane_deviation          | 0.347       |
|    max_lane_deviation      | 1.37        |
|    mean_speed_kmh          | 15.5        |
|    min_ttc                 | 2.19        |
|    out_of_road             | 0           |
|    route_completion        | 0.656       |
|    shaped_reward           | 4.53        |
|    steering_variation      | 0.611       |
|    success                 | 0           |
|    ttc_risk                | 0.0086      |
| rollout/                   |             |
|    ep_len_mean             | 877         |
|    ep_rew_mean             | -13         |
|    success_rate            | 0.13        |
| time/                      |             |
|    fps                     | 1741        |
|    iterations              | 43          |
|    time_elapsed            | 252         |
|    total_timesteps         | 440320      |
| train/                     |             |
|    approx_kl               | 0.022776758 |
|    clip_fraction           | 0.138       |
|    clip_range              | 0.2         |
|    entropy_loss            | -2.22       |
|    explained_variance      | 0.668       |
|    learning_rate           | 0.0003      |
|    loss                    | 92.2        |
|    n_updates               | 420         |
|    policy_gradient_loss    | 0.000169    |
|    std                     | 0.734       |
|    value_loss              | 110         |
--------------------------------------------
--------------------------------------------
| curriculum/                |             |
|    stage                   | 2           |
|    window_cost             | 0.167       |
|    window_route_completion | 0.677       |
|    window_success          | 0.0667      |
| paper/                     |             |
|    accel_variation         | 0.33        |
|    base_reward             | 252         |
|    collision               | 0           |
|    crash_object            | 0           |
|    crash_vehicle           | 0           |
|    episode_cost            | 0           |
|    episode_length          | 1000        |
|    jerk                    | 0.319       |
|    lane_deviation          | 0.332       |
|    max_lane_deviation      | 1.2         |
|    mean_speed_kmh          | 14.8        |
|    min_ttc                 | 0.305       |
|    out_of_road             | 0           |
|    route_completion        | 0.692       |
|    shaped_reward           | -118        |
|    steering_variation      | 0.622       |
|    success                 | 0           |
|    ttc_risk                | 0.027       |
| rollout/                   |             |
|    ep_len_mean             | 911         |
|    ep_rew_mean             | -16.9       |
|    success_rate            | 0.1         |
| time/                      |             |
|    fps                     | 1708        |
|    iterations              | 44          |
|    time_elapsed            | 263         |
|    total_timesteps         | 450560      |
| train/                     |             |
|    approx_kl               | 0.032698624 |
|    clip_fraction           | 0.181       |
|    clip_range              | 0.2         |
|    entropy_loss            | -2.2        |
|    explained_variance      | 0.751       |
|    learning_rate           | 0.0003      |
|    loss                    | 49.8        |
|    n_updates               | 430         |
|    policy_gradient_loss    | 0.0031      |
|    std                     | 0.726       |
|    value_loss              | 67.5        |
--------------------------------------------
-------------------------------------------
| curriculum/                |            |
|    stage                   | 2          |
|    window_cost             | 0.0667     |
|    window_route_completion | 0.73       |
|    window_success          | 0.0333     |
| paper/                     |            |
|    accel_variation         | 0.304      |
|    base_reward             | 283        |
|    collision               | 0          |
|    crash_object            | 0          |
|    crash_vehicle           | 0          |
|    episode_cost            | 0          |
|    episode_length          | 1000       |
|    jerk                    | 0.297      |
|    lane_deviation          | 0.361      |
|    max_lane_deviation      | 1.01       |
|    mean_speed_kmh          | 16.2       |
|    min_ttc                 | 11.1       |
|    out_of_road             | 0          |
|    route_completion        | 0.76       |
|    shaped_reward           | 55.7       |
|    steering_variation      | 0.604      |
|    success                 | 0          |
|    ttc_risk                | 7.67e-05   |
| rollout/                   |            |
|    ep_len_mean             | 937        |
|    ep_rew_mean             | -21.8      |
|    success_rate            | 0.03       |
| time/                      |            |
|    fps                     | 1683       |
|    iterations              | 45         |
|    time_elapsed            | 273        |
|    total_timesteps         | 460800     |
| train/                     |            |
|    approx_kl               | 0.01205113 |
|    clip_fraction           | 0.216      |
|    clip_range              | 0.2        |
|    entropy_loss            | -2.19      |
|    explained_variance      | 0.684      |
|    learning_rate           | 0.0003     |
|    loss                    | 20.8       |
|    n_updates               | 440        |
|    policy_gradient_loss    | 0.00749    |
|    std                     | 0.724      |
|    value_loss              | 61.5       |
-------------------------------------------
--------------------------------------------
| curriculum/                |             |
|    stage                   | 2           |
|    window_cost             | 0.0333      |
|    window_route_completion | 0.782       |
|    window_success          | 0.133       |
| paper/                     |             |
|    accel_variation         | 0.312       |
|    base_reward             | 317         |
|    collision               | 0           |
|    crash_object            | 0           |
|    crash_vehicle           | 0           |
|    episode_cost            | 0           |
|    episode_length          | 1000        |
|    jerk                    | 0.343       |
|    lane_deviation          | 0.274       |
|    max_lane_deviation      | 0.917       |
|    mean_speed_kmh          | 15.4        |
|    min_ttc                 | 1.62        |
|    out_of_road             | 0           |
|    route_completion        | 0.724       |
|    shaped_reward           | 32.3        |
|    steering_variation      | 0.562       |
|    success                 | 0           |
|    ttc_risk                | 0.0131      |
| rollout/                   |             |
|    ep_len_mean             | 941         |
|    ep_rew_mean             | -10.9       |
|    success_rate            | 0.06        |
| time/                      |             |
|    fps                     | 1660        |
|    iterations              | 46          |
|    time_elapsed            | 283         |
|    total_timesteps         | 471040      |
| train/                     |             |
|    approx_kl               | 0.017714014 |
|    clip_fraction           | 0.206       |
|    clip_range              | 0.2         |
|    entropy_loss            | -2.16       |
|    explained_variance      | 0.614       |
|    learning_rate           | 0.0003      |
|    loss                    | 15.7        |
|    n_updates               | 450         |
|    policy_gradient_loss    | 0.00303     |
|    std                     | 0.709       |
|    value_loss              | 45.4        |
--------------------------------------------
---------------------------------------------
| curriculum/                |              |
|    stage                   | 2            |
|    window_cost             | 0.1          |
|    window_route_completion | 0.775        |
|    window_success          | 0.133        |
| paper/                     |              |
|    accel_variation         | 0.36         |
|    base_reward             | 277          |
|    collision               | 1            |
|    crash_object            | 0            |
|    crash_vehicle           | 1            |
|    episode_cost            | 1            |
|    episode_length          | 925          |
|    jerk                    | 0.321        |
|    lane_deviation          | 0.325        |
|    max_lane_deviation      | 0.996        |
|    mean_speed_kmh          | 15.2         |
|    min_ttc                 | 0.0403       |
|    out_of_road             | 0            |
|    route_completion        | 0.866        |
|    shaped_reward           | -431         |
|    steering_variation      | 0.579        |
|    success                 | 0            |
|    ttc_risk                | 0.0613       |
| rollout/                   |              |
|    ep_len_mean             | 936          |
|    ep_rew_mean             | -8.73        |
|    success_rate            | 0.06         |
| time/                      |              |
|    fps                     | 1631         |
|    iterations              | 47           |
|    time_elapsed            | 294          |
|    total_timesteps         | 481280       |
| train/                     |              |
|    approx_kl               | 0.0074000536 |
|    clip_fraction           | 0.138        |
|    clip_range              | 0.2          |
|    entropy_loss            | -2.13        |
|    explained_variance      | 0.69         |
|    learning_rate           | 0.0003       |
|    loss                    | 17.7         |
|    n_updates               | 460          |
|    policy_gradient_loss    | 0.00447      |
|    std                     | 0.702        |
|    value_loss              | 36.6         |
---------------------------------------------
--------------------------------------------
| curriculum/                |             |
|    stage                   | 2           |
|    window_cost             | 0.133       |
|    window_route_completion | 0.761       |
|    window_success          | 0.1         |
| paper/                     |             |
|    accel_variation         | 0.392       |
|    base_reward             | 335         |
|    collision               | 0           |
|    crash_object            | 0           |
|    crash_vehicle           | 0           |
|    episode_cost            | 0           |
|    episode_length          | 1000        |
|    jerk                    | 0.36        |
|    lane_deviation          | 0.3         |
|    max_lane_deviation      | 0.982       |
|    mean_speed_kmh          | 16.7        |
|    min_ttc                 | 9.61        |
|    out_of_road             | 0           |
|    route_completion        | 0.714       |
|    shaped_reward           | 109         |
|    steering_variation      | 0.571       |
|    success                 | 0           |
|    ttc_risk                | 0.000207    |
| rollout/                   |             |
|    ep_len_mean             | 937         |
|    ep_rew_mean             | -3.57       |
|    success_rate            | 0.06        |
| time/                      |             |
|    fps                     | 1609        |
|    iterations              | 48          |
|    time_elapsed            | 305         |
|    total_timesteps         | 491520      |
| train/                     |             |
|    approx_kl               | 0.011480591 |
|    clip_fraction           | 0.144       |
|    clip_range              | 0.2         |
|    entropy_loss            | -2.12       |
|    explained_variance      | 0.642       |
|    learning_rate           | 0.0003      |
|    loss                    | 33.5        |
|    n_updates               | 470         |
|    policy_gradient_loss    | 0.00124     |
|    std                     | 0.701       |
|    value_loss              | 58.3        |
--------------------------------------------
--------------------------------------------
| curriculum/                |             |
|    stage                   | 2           |
|    window_cost             | 0.2         |
|    window_route_completion | 0.716       |
|    window_success          | 0.0333      |
| paper/                     |             |
|    accel_variation         | 0.358       |
|    base_reward             | 332         |
|    collision               | 0           |
|    crash_object            | 0           |
|    crash_vehicle           | 0           |
|    episode_cost            | 0           |
|    episode_length          | 1000        |
|    jerk                    | 0.354       |
|    lane_deviation          | 0.27        |
|    max_lane_deviation      | 1.05        |
|    mean_speed_kmh          | 16.4        |
|    min_ttc                 | 8.97        |
|    out_of_road             | 0           |
|    route_completion        | 0.855       |
|    shaped_reward           | 121         |
|    steering_variation      | 0.589       |
|    success                 | 0           |
|    ttc_risk                | 0.000363    |
| rollout/                   |             |
|    ep_len_mean             | 915         |
|    ep_rew_mean             | 2.76        |
|    success_rate            | 0.06        |
| time/                      |             |
|    fps                     | 1584        |
|    iterations              | 49          |
|    time_elapsed            | 316         |
|    total_timesteps         | 501760      |
| train/                     |             |
|    approx_kl               | 0.011142475 |
|    clip_fraction           | 0.224       |
|    clip_range              | 0.2         |
|    entropy_loss            | -2.12       |
|    explained_variance      | 0.543       |
|    learning_rate           | 0.0003      |
|    loss                    | 8.11        |
|    n_updates               | 480         |
|    policy_gradient_loss    | 0.00481     |
|    std                     | 0.702       |
|    value_loss              | 37          |
--------------------------------------------
--------------------------------------------
| curriculum/                |             |
|    stage                   | 2           |
|    window_cost             | 0.233       |
|    window_route_completion | 0.669       |
|    window_success          | 0.0667      |
| paper/                     |             |
|    accel_variation         | 0.346       |
|    base_reward             | 327         |
|    collision               | 0           |
|    crash_object            | 0           |
|    crash_vehicle           | 0           |
|    episode_cost            | 0           |
|    episode_length          | 1000        |
|    jerk                    | 0.317       |
|    lane_deviation          | 0.272       |
|    max_lane_deviation      | 0.983       |
|    mean_speed_kmh          | 15.6        |
|    min_ttc                 | 3.64        |
|    out_of_road             | 0           |
|    route_completion        | 0.637       |
|    shaped_reward           | 9.76        |
|    steering_variation      | 0.583       |
|    success                 | 0           |
|    ttc_risk                | 0.0163      |
| rollout/                   |             |
|    ep_len_mean             | 904         |
|    ep_rew_mean             | 7.03        |
|    success_rate            | 0.08        |
| time/                      |             |
|    fps                     | 1562        |
|    iterations              | 50          |
|    time_elapsed            | 327         |
|    total_timesteps         | 512000      |
| train/                     |             |
|    approx_kl               | 0.023995861 |
|    clip_fraction           | 0.175       |
|    clip_range              | 0.2         |
|    entropy_loss            | -2.11       |
|    explained_variance      | 0.426       |
|    learning_rate           | 0.0003      |
|    loss                    | 128         |
|    n_updates               | 490         |
|    policy_gradient_loss    | 0.000966    |
|    std                     | 0.699       |
|    value_loss              | 122         |
--------------------------------------------
--------------------------------------------
| curriculum/                |             |
|    stage                   | 2           |
|    window_cost             | 0.167       |
|    window_route_completion | 0.709       |
|    window_success          | 0.133       |
| paper/                     |             |
|    accel_variation         | 0.343       |
|    base_reward             | 283         |
|    collision               | 0           |
|    crash_object            | 0           |
|    crash_vehicle           | 0           |
|    episode_cost            | 0           |
|    episode_length          | 1000        |
|    jerk                    | 0.328       |
|    lane_deviation          | 0.375       |
|    max_lane_deviation      | 1.41        |
|    mean_speed_kmh          | 15.9        |
|    min_ttc                 | 2.53        |
|    out_of_road             | 0           |
|    route_completion        | 0.739       |
|    shaped_reward           | -3.19       |
|    steering_variation      | 0.538       |
|    success                 | 0           |
|    ttc_risk                | 0.0094      |
| rollout/                   |             |
|    ep_len_mean             | 919         |
|    ep_rew_mean             | 14.9        |
|    success_rate            | 0.1         |
| time/                      |             |
|    fps                     | 1544        |
|    iterations              | 51          |
|    time_elapsed            | 338         |
|    total_timesteps         | 522240      |
| train/                     |             |
|    approx_kl               | 0.006713706 |
|    clip_fraction           | 0.126       |
|    clip_range              | 0.2         |
|    entropy_loss            | -2.1        |
|    explained_variance      | 0.667       |
|    learning_rate           | 0.0003      |
|    loss                    | 47.2        |
|    n_updates               | 500         |
|    policy_gradient_loss    | 0.000779    |
|    std                     | 0.694       |
|    value_loss              | 90.6        |
--------------------------------------------
--------------------------------------------
| curriculum/                |             |
|    stage                   | 2           |
|    window_cost             | 0.133       |
|    window_route_completion | 0.734       |
|    window_success          | 0.167       |
| paper/                     |             |
|    accel_variation         | 0.385       |
|    base_reward             | 331         |
|    collision               | 0           |
|    crash_object            | 0           |
|    crash_vehicle           | 0           |
|    episode_cost            | 0           |
|    episode_length          | 973         |
|    jerk                    | 0.391       |
|    lane_deviation          | 0.255       |
|    max_lane_deviation      | 0.843       |
|    mean_speed_kmh          | 15.2        |
|    min_ttc                 | 0.878       |
|    out_of_road             | 0           |
|    route_completion        | 0.988       |
|    shaped_reward           | -106        |
|    steering_variation      | 0.587       |
|    success                 | 1           |
|    ttc_risk                | 0.05        |
| rollout/                   |             |
|    ep_len_mean             | 918         |
|    ep_rew_mean             | 12.6        |
|    success_rate            | 0.11        |
| time/                      |             |
|    fps                     | 1527        |
|    iterations              | 52          |
|    time_elapsed            | 348         |
|    total_timesteps         | 532480      |
| train/                     |             |
|    approx_kl               | 0.015780563 |
|    clip_fraction           | 0.132       |
|    clip_range              | 0.2         |
|    entropy_loss            | -2.09       |
|    explained_variance      | 0.628       |
|    learning_rate           | 0.0003      |
|    loss                    | 28          |
|    n_updates               | 510         |
|    policy_gradient_loss    | 0.000233    |
|    std                     | 0.696       |
|    value_loss              | 79.4        |
--------------------------------------------
--------------------------------------------
| curriculum/                |             |
|    stage                   | 2           |
|    window_cost             | 0.133       |
|    window_route_completion | 0.756       |
|    window_success          | 0.233       |
| paper/                     |             |
|    accel_variation         | 0.396       |
|    base_reward             | 354         |
|    collision               | 0           |
|    crash_object            | 0           |
|    crash_vehicle           | 0           |
|    episode_cost            | 0           |
|    episode_length          | 1000        |
|    jerk                    | 0.372       |
|    lane_deviation          | 0.267       |
|    max_lane_deviation      | 1.15        |
|    mean_speed_kmh          | 16.5        |
|    min_ttc                 | 3.86        |
|    out_of_road             | 0           |
|    route_completion        | 0.722       |
|    shaped_reward           | 97.9        |
|    steering_variation      | 0.566       |
|    success                 | 0           |
|    ttc_risk                | 0.00562     |
| rollout/                   |             |
|    ep_len_mean             | 909         |
|    ep_rew_mean             | 19.3        |
|    success_rate            | 0.14        |
| time/                      |             |
|    fps                     | 1509        |
|    iterations              | 53          |
|    time_elapsed            | 359         |
|    total_timesteps         | 542720      |
| train/                     |             |
|    approx_kl               | 0.009558454 |
|    clip_fraction           | 0.131       |
|    clip_range              | 0.2         |
|    entropy_loss            | -2.09       |
|    explained_variance      | 0.776       |
|    learning_rate           | 0.0003      |
|    loss                    | 26.7        |
|    n_updates               | 520         |
|    policy_gradient_loss    | 0.000769    |
|    std                     | 0.691       |
|    value_loss              | 59.6        |
--------------------------------------------
--------------------------------------------
| curriculum/                |             |
|    stage                   | 2           |
|    window_cost             | 0.133       |
|    window_route_completion | 0.802       |
|    window_success          | 0.233       |
| paper/                     |             |
|    accel_variation         | 0.396       |
|    base_reward             | 367         |
|    collision               | 0           |
|    crash_object            | 0           |
|    crash_vehicle           | 0           |
|    episode_cost            | 0           |
|    episode_length          | 1000        |
|    jerk                    | 0.372       |
|    lane_deviation          | 0.232       |
|    max_lane_deviation      | 0.67        |
|    mean_speed_kmh          | 16.6        |
|    min_ttc                 | 7.52        |
|    out_of_road             | 0           |
|    route_completion        | 0.857       |
|    shaped_reward           | 157         |
|    steering_variation      | 0.579       |
|    success                 | 0           |
|    ttc_risk                | 0.00112     |
| rollout/                   |             |
|    ep_len_mean             | 904         |
|    ep_rew_mean             | 23.8        |
|    success_rate            | 0.15        |
| time/                      |             |
|    fps                     | 1498        |
|    iterations              | 54          |
|    time_elapsed            | 369         |
|    total_timesteps         | 552960      |
| train/                     |             |
|    approx_kl               | 0.011157116 |
|    clip_fraction           | 0.199       |
|    clip_range              | 0.2         |
|    entropy_loss            | -2.08       |
|    explained_variance      | 0.705       |
|    learning_rate           | 0.0003      |
|    loss                    | 12          |
|    n_updates               | 530         |
|    policy_gradient_loss    | 0.00389     |
|    std                     | 0.691       |
|    value_loss              | 35.1        |
--------------------------------------------
--------------------------------------------
| curriculum/                |             |
|    stage                   | 2           |
|    window_cost             | 0.1         |
|    window_route_completion | 0.799       |
|    window_success          | 0.133       |
| paper/                     |             |
|    accel_variation         | 0.393       |
|    base_reward             | 358         |
|    collision               | 0           |
|    crash_object            | 0           |
|    crash_vehicle           | 0           |
|    episode_cost            | 0           |
|    episode_length          | 1000        |
|    jerk                    | 0.359       |
|    lane_deviation          | 0.259       |
|    max_lane_deviation      | 0.982       |
|    mean_speed_kmh          | 16.8        |
|    min_ttc                 | 3.35        |
|    out_of_road             | 0           |
|    route_completion        | 0.643       |
|    shaped_reward           | 123         |
|    steering_variation      | 0.56        |
|    success                 | 0           |
|    ttc_risk                | 0.00227     |
| rollout/                   |             |
|    ep_len_mean             | 911         |
|    ep_rew_mean             | 24.9        |
|    success_rate            | 0.13        |
| time/                      |             |
|    fps                     | 1478        |
|    iterations              | 55          |
|    time_elapsed            | 380         |
|    total_timesteps         | 563200      |
| train/                     |             |
|    approx_kl               | 0.012395626 |
|    clip_fraction           | 0.171       |
|    clip_range              | 0.2         |
|    entropy_loss            | -2.07       |
|    explained_variance      | 0.662       |
|    learning_rate           | 0.0003      |
|    loss                    | 18.6        |
|    n_updates               | 540         |
|    policy_gradient_loss    | 0.0022      |
|    std                     | 0.69        |
|    value_loss              | 49.6        |
--------------------------------------------
--------------------------------------------
| curriculum/                |             |
|    stage                   | 2           |
|    window_cost             | 0.1         |
|    window_route_completion | 0.796       |
|    window_success          | 0.0667      |
| paper/                     |             |
|    accel_variation         | 0.416       |
|    base_reward             | 138         |
|    collision               | 1           |
|    crash_object            | 0           |
|    crash_vehicle           | 1           |
|    episode_cost            | 1           |
|    episode_length          | 475         |
|    jerk                    | 0.407       |
|    lane_deviation          | 0.35        |
|    max_lane_deviation      | 0.99        |
|    mean_speed_kmh          | 16.5        |
|    min_ttc                 | 0.016       |
|    out_of_road             | 0           |
|    route_completion        | 0.337       |
|    shaped_reward           | -145        |
|    steering_variation      | 0.571       |
|    success                 | 0           |
|    ttc_risk                | 0.00647     |
| rollout/                   |             |
|    ep_len_mean             | 916         |
|    ep_rew_mean             | 19          |
|    success_rate            | 0.12        |
| time/                      |             |
|    fps                     | 1463        |
|    iterations              | 56          |
|    time_elapsed            | 391         |
|    total_timesteps         | 573440      |
| train/                     |             |
|    approx_kl               | 0.010883087 |
|    clip_fraction           | 0.205       |
|    clip_range              | 0.2         |
|    entropy_loss            | -2.05       |
|    explained_variance      | 0.695       |
|    learning_rate           | 0.0003      |
|    loss                    | 7.3         |
|    n_updates               | 550         |
|    policy_gradient_loss    | 0.00537     |
|    std                     | 0.679       |
|    value_loss              | 35.8        |
--------------------------------------------
--------------------------------------------
| curriculum/                |             |
|    stage                   | 2           |
|    window_cost             | 0.2         |
|    window_route_completion | 0.728       |
|    window_success          | 0           |
| paper/                     |             |
|    accel_variation         | 0.415       |
|    base_reward             | 287         |
|    collision               | 0           |
|    crash_object            | 0           |
|    crash_vehicle           | 0           |
|    episode_cost            | 0           |
|    episode_length          | 1000        |
|    jerk                    | 0.419       |
|    lane_deviation          | 0.438       |
|    max_lane_deviation      | 1.45        |
|    mean_speed_kmh          | 17.3        |
|    min_ttc                 | 14.7        |
|    out_of_road             | 0           |
|    route_completion        | 0.773       |
|    shaped_reward           | 19          |
|    steering_variation      | 0.578       |
|    success                 | 0           |
|    ttc_risk                | 0           |
| rollout/                   |             |
|    ep_len_mean             | 902         |
|    ep_rew_mean             | 12.3        |
|    success_rate            | 0.12        |
| time/                      |             |
|    fps                     | 1449        |
|    iterations              | 57          |
|    time_elapsed            | 402         |
|    total_timesteps         | 583680      |
| train/                     |             |
|    approx_kl               | 0.016098574 |
|    clip_fraction           | 0.164       |
|    clip_range              | 0.2         |
|    entropy_loss            | -2.03       |
|    explained_variance      | 0.729       |
|    learning_rate           | 0.0003      |
|    loss                    | 11.3        |
|    n_updates               | 560         |
|    policy_gradient_loss    | 0.00285     |
|    std                     | 0.675       |
|    value_loss              | 61.9        |
--------------------------------------------
--------------------------------------------
| curriculum/                |             |
|    stage                   | 2           |
|    window_cost             | 0.267       |
|    window_route_completion | 0.737       |
|    window_success          | 0.0333      |
| paper/                     |             |
|    accel_variation         | 0.402       |
|    base_reward             | 272         |
|    collision               | 1           |
|    crash_object            | 0           |
|    crash_vehicle           | 1           |
|    episode_cost            | 1           |
|    episode_length          | 824         |
|    jerk                    | 0.358       |
|    lane_deviation          | 0.302       |
|    max_lane_deviation      | 0.877       |
|    mean_speed_kmh          | 17          |
|    min_ttc                 | 7.02        |
|    out_of_road             | 0           |
|    route_completion        | 0.885       |
|    shaped_reward           | -59.6       |
|    steering_variation      | 0.523       |
|    success                 | 0           |
|    ttc_risk                | 0.000738    |
| rollout/                   |             |
|    ep_len_mean             | 916         |
|    ep_rew_mean             | 9.56        |
|    success_rate            | 0.12        |
| time/                      |             |
|    fps                     | 1438        |
|    iterations              | 58          |
|    time_elapsed            | 412         |
|    total_timesteps         | 593920      |
| train/                     |             |
|    approx_kl               | 0.012517275 |
|    clip_fraction           | 0.13        |
|    clip_range              | 0.2         |
|    entropy_loss            | -2.03       |
|    explained_variance      | 0.462       |
|    learning_rate           | 0.0003      |
|    loss                    | 28.5        |
|    n_updates               | 570         |
|    policy_gradient_loss    | -0.00104    |
|    std                     | 0.677       |
|    value_loss              | 75          |
--------------------------------------------
--------------------------------------------
| curriculum/                |             |
|    stage                   | 2           |
|    window_cost             | 0.267       |
|    window_route_completion | 0.745       |
|    window_success          | 0.0333      |
| paper/                     |             |
|    accel_variation         | 0.404       |
|    base_reward             | 339         |
|    collision               | 0           |
|    crash_object            | 0           |
|    crash_vehicle           | 0           |
|    episode_cost            | 0           |
|    episode_length          | 1000        |
|    jerk                    | 0.421       |
|    lane_deviation          | 0.315       |
|    max_lane_deviation      | 0.976       |
|    mean_speed_kmh          | 17          |
|    min_ttc                 | 11.2        |
|    out_of_road             | 0           |
|    route_completion        | 0.68        |
|    shaped_reward           | 105         |
|    steering_variation      | 0.539       |
|    success                 | 0           |
|    ttc_risk                | 8.17e-05    |
| rollout/                   |             |
|    ep_len_mean             | 929         |
|    ep_rew_mean             | 16.7        |
|    success_rate            | 0.11        |
| time/                      |             |
|    fps                     | 1423        |
|    iterations              | 59          |
|    time_elapsed            | 424         |
|    total_timesteps         | 604160      |
| train/                     |             |
|    approx_kl               | 0.011170737 |
|    clip_fraction           | 0.193       |
|    clip_range              | 0.2         |
|    entropy_loss            | -2.02       |
|    explained_variance      | 0.607       |
|    learning_rate           | 0.0003      |
|    loss                    | 15.2        |
|    n_updates               | 580         |
|    policy_gradient_loss    | 9.47e-05    |
|    std                     | 0.673       |
|    value_loss              | 70          |
--------------------------------------------
--------------------------------------------
| curriculum/                |             |
|    stage                   | 2           |
|    window_cost             | 0.233       |
|    window_route_completion | 0.761       |
|    window_success          | 0           |
| paper/                     |             |
|    accel_variation         | 0.412       |
|    base_reward             | 236         |
|    collision               | 1           |
|    crash_object            | 0           |
|    crash_vehicle           | 1           |
|    episode_cost            | 1           |
|    episode_length          | 746         |
|    jerk                    | 0.412       |
|    lane_deviation          | 0.307       |
|    max_lane_deviation      | 0.996       |
|    mean_speed_kmh          | 16.5        |
|    min_ttc                 | 6.03        |
|    out_of_road             | 0           |
|    route_completion        | 0.736       |
|    shaped_reward           | -86.6       |
|    steering_variation      | 0.547       |
|    success                 | 0           |
|    ttc_risk                | 0.00177     |
| rollout/                   |             |
|    ep_len_mean             | 929         |
|    ep_rew_mean             | 11.9        |
|    success_rate            | 0.09        |
| time/                      |             |
|    fps                     | 1409        |
|    iterations              | 60          |
|    time_elapsed            | 435         |
|    total_timesteps         | 614400      |
| train/                     |             |
|    approx_kl               | 0.008447418 |
|    clip_fraction           | 0.222       |
|    clip_range              | 0.2         |
|    entropy_loss            | -2.01       |
|    explained_variance      | 0.717       |
|    learning_rate           | 0.0003      |
|    loss                    | 10.9        |
|    n_updates               | 590         |
|    policy_gradient_loss    | 0.00524     |
|    std                     | 0.675       |
|    value_loss              | 24          |
--------------------------------------------
--------------------------------------------
| curriculum/                |             |
|    stage                   | 2           |
|    window_cost             | 0.2         |
|    window_route_completion | 0.745       |
|    window_success          | 0           |
| paper/                     |             |
|    accel_variation         | 0.434       |
|    base_reward             | 298         |
|    collision               | 0           |
|    crash_object            | 0           |
|    crash_vehicle           | 0           |
|    episode_cost            | 0           |
|    episode_length          | 1000        |
|    jerk                    | 0.452       |
|    lane_deviation          | 0.398       |
|    max_lane_deviation      | 1.47        |
|    mean_speed_kmh          | 17.2        |
|    min_ttc                 | 10.3        |
|    out_of_road             | 0           |
|    route_completion        | 0.801       |
|    shaped_reward           | 47.4        |
|    steering_variation      | 0.518       |
|    success                 | 0           |
|    ttc_risk                | 0.000374    |
| rollout/                   |             |
|    ep_len_mean             | 921         |
|    ep_rew_mean             | 9.52        |
|    success_rate            | 0.06        |
| time/                      |             |
|    fps                     | 1396        |
|    iterations              | 61          |
|    time_elapsed            | 447         |
|    total_timesteps         | 624640      |
| train/                     |             |
|    approx_kl               | 0.034654416 |
|    clip_fraction           | 0.193       |
|    clip_range              | 0.2         |
|    entropy_loss            | -2.01       |
|    explained_variance      | 0.556       |
|    learning_rate           | 0.0003      |
|    loss                    | 56.3        |
|    n_updates               | 600         |
|    policy_gradient_loss    | 0.00249     |
|    std                     | 0.671       |
|    value_loss              | 62.4        |
--------------------------------------------
---------------------------------------------
| curriculum/                |              |
|    stage                   | 2            |
|    window_cost             | 0.167        |
|    window_route_completion | 0.747        |
|    window_success          | 0            |
| paper/                     |              |
|    accel_variation         | 0.421        |
|    base_reward             | 323          |
|    collision               | 0            |
|    crash_object            | 0            |
|    crash_vehicle           | 0            |
|    episode_cost            | 0            |
|    episode_length          | 1000         |
|    jerk                    | 0.387        |
|    lane_deviation          | 0.321        |
|    max_lane_deviation      | 1.42         |
|    mean_speed_kmh          | 17.3         |
|    min_ttc                 | 13.1         |
|    out_of_road             | 0            |
|    route_completion        | 0.751        |
|    shaped_reward           | 91.4         |
|    steering_variation      | 0.546        |
|    success                 | 0            |
|    ttc_risk                | 0            |
| rollout/                   |              |
|    ep_len_mean             | 935          |
|    ep_rew_mean             | 15.6         |
|    success_rate            | 0.03         |
| time/                      |              |
|    fps                     | 1383         |
|    iterations              | 62           |
|    time_elapsed            | 458          |
|    total_timesteps         | 634880       |
| train/                     |              |
|    approx_kl               | 0.0072818855 |
|    clip_fraction           | 0.0971       |
|    clip_range              | 0.2          |
|    entropy_loss            | -2.01        |
|    explained_variance      | 0.633        |
|    learning_rate           | 0.0003       |
|    loss                    | 21.1         |
|    n_updates               | 610          |
|    policy_gradient_loss    | -0.00197     |
|    std                     | 0.673        |
|    value_loss              | 94.8         |
---------------------------------------------
--------------------------------------------
| curriculum/                |             |
|    stage                   | 2           |
|    window_cost             | 0.1         |
|    window_route_completion | 0.78        |
|    window_success          | 0.1         |
| paper/                     |             |
|    accel_variation         | 0.424       |
|    base_reward             | 351         |
|    collision               | 0           |
|    crash_object            | 0           |
|    crash_vehicle           | 0           |
|    episode_cost            | 0           |
|    episode_length          | 1000        |
|    jerk                    | 0.422       |
|    lane_deviation          | 0.294       |
|    max_lane_deviation      | 0.986       |
|    mean_speed_kmh          | 17.1        |
|    min_ttc                 | 4.6         |
|    out_of_road             | 0           |
|    route_completion        | 0.962       |
|    shaped_reward           | 122         |
|    steering_variation      | 0.555       |
|    success                 | 0           |
|    ttc_risk                | 0.00121     |
| rollout/                   |             |
|    ep_len_mean             | 932         |
|    ep_rew_mean             | 18.5        |
|    success_rate            | 0.05        |
| time/                      |             |
|    fps                     | 1375        |
|    iterations              | 63          |
|    time_elapsed            | 469         |
|    total_timesteps         | 645120      |
| train/                     |             |
|    approx_kl               | 0.007936706 |
|    clip_fraction           | 0.221       |
|    clip_range              | 0.2         |
|    entropy_loss            | -2          |
|    explained_variance      | 0.614       |
|    learning_rate           | 0.0003      |
|    loss                    | 19.4        |
|    n_updates               | 620         |
|    policy_gradient_loss    | 0.00693     |
|    std                     | 0.666       |
|    value_loss              | 42.1        |
--------------------------------------------
--------------------------------------------
| curriculum/                |             |
|    stage                   | 2           |
|    window_cost             | 0.1         |
|    window_route_completion | 0.769       |
|    window_success          | 0.133       |
| paper/                     |             |
|    accel_variation         | 0.468       |
|    base_reward             | 320         |
|    collision               | 0           |
|    crash_object            | 0           |
|    crash_vehicle           | 0           |
|    episode_cost            | 0           |
|    episode_length          | 1000        |
|    jerk                    | 0.431       |
|    lane_deviation          | 0.321       |
|    max_lane_deviation      | 0.985       |
|    mean_speed_kmh          | 16.4        |
|    min_ttc                 | 0.0997      |
|    out_of_road             | 0           |
|    route_completion        | 0.857       |
|    shaped_reward           | -47.6       |
|    steering_variation      | 0.512       |
|    success                 | 0           |
|    ttc_risk                | 0.0242      |
| rollout/                   |             |
|    ep_len_mean             | 922         |
|    ep_rew_mean             | 14.5        |
|    success_rate            | 0.05        |
| time/                      |             |
|    fps                     | 1364        |
|    iterations              | 64          |
|    time_elapsed            | 480         |
|    total_timesteps         | 655360      |
| train/                     |             |
|    approx_kl               | 0.014142862 |
|    clip_fraction           | 0.173       |
|    clip_range              | 0.2         |
|    entropy_loss            | -1.97       |
|    explained_variance      | 0.741       |
|    learning_rate           | 0.0003      |
|    loss                    | 13.5        |
|    n_updates               | 630         |
|    policy_gradient_loss    | 0.00159     |
|    std                     | 0.657       |
|    value_loss              | 50.3        |
--------------------------------------------
--------------------------------------------
| curriculum/                |             |
|    stage                   | 2           |
|    window_cost             | 0.1         |
|    window_route_completion | 0.761       |
|    window_success          | 0.167       |
| paper/                     |             |
|    accel_variation         | 0.479       |
|    base_reward             | 398         |
|    collision               | 0           |
|    crash_object            | 0           |
|    crash_vehicle           | 0           |
|    episode_cost            | 0           |
|    episode_length          | 1000        |
|    jerk                    | 0.436       |
|    lane_deviation          | 0.208       |
|    max_lane_deviation      | 0.728       |
|    mean_speed_kmh          | 17.4        |
|    min_ttc                 | 8.92        |
|    out_of_road             | 0           |
|    route_completion        | 0.744       |
|    shaped_reward           | 177         |
|    steering_variation      | 0.519       |
|    success                 | 0           |
|    ttc_risk                | 0.000256    |
| rollout/                   |             |
|    ep_len_mean             | 921         |
|    ep_rew_mean             | 31.8        |
|    success_rate            | 0.07        |
| time/                      |             |
|    fps                     | 1355        |
|    iterations              | 65          |
|    time_elapsed            | 490         |
|    total_timesteps         | 665600      |
| train/                     |             |
|    approx_kl               | 0.016682616 |
|    clip_fraction           | 0.165       |
|    clip_range              | 0.2         |
|    entropy_loss            | -1.95       |
|    explained_variance      | 0.656       |
|    learning_rate           | 0.0003      |
|    loss                    | 39.7        |
|    n_updates               | 640         |
|    policy_gradient_loss    | -2.14e-05   |
|    std                     | 0.656       |
|    value_loss              | 60.8        |
--------------------------------------------
--------------------------------------------
| curriculum/                |             |
|    stage                   | 2           |
|    window_cost             | 0.167       |
|    window_route_completion | 0.766       |
|    window_success          | 0.1         |
| paper/                     |             |
|    accel_variation         | 0.47        |
|    base_reward             | 356         |
|    collision               | 0           |
|    crash_object            | 0           |
|    crash_vehicle           | 0           |
|    episode_cost            | 0           |
|    episode_length          | 1000        |
|    jerk                    | 0.449       |
|    lane_deviation          | 0.295       |
|    max_lane_deviation      | 1.03        |
|    mean_speed_kmh          | 17.4        |
|    min_ttc                 | 15.5        |
|    out_of_road             | 0           |
|    route_completion        | 0.828       |
|    shaped_reward           | 126         |
|    steering_variation      | 0.52        |
|    success                 | 0           |
|    ttc_risk                | 0           |
| rollout/                   |             |
|    ep_len_mean             | 932         |
|    ep_rew_mean             | 32.1        |
|    success_rate            | 0.07        |
| time/                      |             |
|    fps                     | 1350        |
|    iterations              | 66          |
|    time_elapsed            | 500         |
|    total_timesteps         | 675840      |
| train/                     |             |
|    approx_kl               | 0.028132621 |
|    clip_fraction           | 0.322       |
|    clip_range              | 0.2         |
|    entropy_loss            | -1.94       |
|    explained_variance      | 0.719       |
|    learning_rate           | 0.0003      |
|    loss                    | 25.9        |
|    n_updates               | 650         |
|    policy_gradient_loss    | 0.0157      |
|    std                     | 0.652       |
|    value_loss              | 28.1        |
--------------------------------------------
--------------------------------------------
| curriculum/                |             |
|    stage                   | 2           |
|    window_cost             | 0.167       |
|    window_route_completion | 0.796       |
|    window_success          | 0.1         |
| paper/                     |             |
|    accel_variation         | 0.485       |
|    base_reward             | 332         |
|    collision               | 0           |
|    crash_object            | 0           |
|    crash_vehicle           | 0           |
|    episode_cost            | 0           |
|    episode_length          | 1000        |
|    jerk                    | 0.451       |
|    lane_deviation          | 0.337       |
|    max_lane_deviation      | 0.966       |
|    mean_speed_kmh          | 17.5        |
|    min_ttc                 | 9.85        |
|    out_of_road             | 0           |
|    route_completion        | 0.927       |
|    shaped_reward           | 102         |
|    steering_variation      | 0.494       |
|    success                 | 0           |
|    ttc_risk                | 0.000179    |
| rollout/                   |             |
|    ep_len_mean             | 938         |
|    ep_rew_mean             | 32.5        |
|    success_rate            | 0.08        |
| time/                      |             |
|    fps                     | 1341        |
|    iterations              | 67          |
|    time_elapsed            | 511         |
|    total_timesteps         | 686080      |
| train/                     |             |
|    approx_kl               | 0.017937819 |
|    clip_fraction           | 0.103       |
|    clip_range              | 0.2         |
|    entropy_loss            | -1.93       |
|    explained_variance      | 0.601       |
|    learning_rate           | 0.0003      |
|    loss                    | 29.9        |
|    n_updates               | 660         |
|    policy_gradient_loss    | -0.00074    |
|    std                     | 0.652       |
|    value_loss              | 124         |
--------------------------------------------
--------------------------------------------
| curriculum/                |             |
|    stage                   | 2           |
|    window_cost             | 0.267       |
|    window_route_completion | 0.761       |
|    window_success          | 0.1         |
| paper/                     |             |
|    accel_variation         | 0.434       |
|    base_reward             | 293         |
|    collision               | 0           |
|    crash_object            | 0           |
|    crash_vehicle           | 0           |
|    episode_cost            | 0           |
|    episode_length          | 1000        |
|    jerk                    | 0.442       |
|    lane_deviation          | 0.425       |
|    max_lane_deviation      | 1           |
|    mean_speed_kmh          | 17.4        |
|    min_ttc                 | 8.81        |
|    out_of_road             | 0           |
|    route_completion        | 0.778       |
|    shaped_reward           | 39          |
|    steering_variation      | 0.47        |
|    success                 | 0           |
|    ttc_risk                | 0.000391    |
| rollout/                   |             |
|    ep_len_mean             | 925         |
|    ep_rew_mean             | 34.4        |
|    success_rate            | 0.09        |
| time/                      |             |
|    fps                     | 1330        |
|    iterations              | 68          |
|    time_elapsed            | 523         |
|    total_timesteps         | 696320      |
| train/                     |             |
|    approx_kl               | 0.027545065 |
|    clip_fraction           | 0.162       |
|    clip_range              | 0.2         |
|    entropy_loss            | -1.91       |
|    explained_variance      | 0.578       |
|    learning_rate           | 0.0003      |
|    loss                    | 11.2        |
|    n_updates               | 670         |
|    policy_gradient_loss    | -0.000496   |
|    std                     | 0.643       |
|    value_loss              | 61.1        |
--------------------------------------------
--------------------------------------------
| curriculum/                |             |
|    stage                   | 2           |
|    window_cost             | 0.167       |
|    window_route_completion | 0.772       |
|    window_success          | 0.133       |
| paper/                     |             |
|    accel_variation         | 0.509       |
|    base_reward             | 367         |
|    collision               | 0           |
|    crash_object            | 0           |
|    crash_vehicle           | 0           |
|    episode_cost            | 0           |
|    episode_length          | 1000        |
|    jerk                    | 0.471       |
|    lane_deviation          | 0.279       |
|    max_lane_deviation      | 0.977       |
|    mean_speed_kmh          | 17.6        |
|    min_ttc                 | 12.7        |
|    out_of_road             | 0           |
|    route_completion        | 0.883       |
|    shaped_reward           | 143         |
|    steering_variation      | 0.504       |
|    success                 | 0           |
|    ttc_risk                | 0           |
| rollout/                   |             |
|    ep_len_mean             | 923         |
|    ep_rew_mean             | 37.2        |
|    success_rate            | 0.11        |
| time/                      |             |
|    fps                     | 1324        |
|    iterations              | 69          |
|    time_elapsed            | 533         |
|    total_timesteps         | 706560      |
| train/                     |             |
|    approx_kl               | 0.013667497 |
|    clip_fraction           | 0.239       |
|    clip_range              | 0.2         |
|    entropy_loss            | -1.89       |
|    explained_variance      | 0.513       |
|    learning_rate           | 0.0003      |
|    loss                    | 39.1        |
|    n_updates               | 680         |
|    policy_gradient_loss    | 0.00327     |
|    std                     | 0.642       |
|    value_loss              | 58.3        |
--------------------------------------------
--------------------------------------------
| curriculum/                |             |
|    stage                   | 2           |
|    window_cost             | 0.167       |
|    window_route_completion | 0.789       |
|    window_success          | 0.2         |
| paper/                     |             |
|    accel_variation         | 0.464       |
|    base_reward             | 305         |
|    collision               | 0           |
|    crash_object            | 0           |
|    crash_vehicle           | 0           |
|    episode_cost            | 0           |
|    episode_length          | 1000        |
|    jerk                    | 0.444       |
|    lane_deviation          | 0.379       |
|    max_lane_deviation      | 1.27        |
|    mean_speed_kmh          | 16.6        |
|    min_ttc                 | 1.72        |
|    out_of_road             | 0           |
|    route_completion        | 0.827       |
|    shaped_reward           | -66.9       |
|    steering_variation      | 0.484       |
|    success                 | 0           |
|    ttc_risk                | 0.0212      |
| rollout/                   |             |
|    ep_len_mean             | 921         |
|    ep_rew_mean             | 38          |
|    success_rate            | 0.15        |
| time/                      |             |
|    fps                     | 1316        |
|    iterations              | 70          |
|    time_elapsed            | 544         |
|    total_timesteps         | 716800      |
| train/                     |             |
|    approx_kl               | 0.016924378 |
|    clip_fraction           | 0.241       |
|    clip_range              | 0.2         |
|    entropy_loss            | -1.89       |
|    explained_variance      | 0.706       |
|    learning_rate           | 0.0003      |
|    loss                    | 14.7        |
|    n_updates               | 690         |
|    policy_gradient_loss    | 0.00955     |
|    std                     | 0.64        |
|    value_loss              | 26.3        |
--------------------------------------------
--------------------------------------------
| curriculum/                |             |
|    stage                   | 2           |
|    window_cost             | 0.167       |
|    window_route_completion | 0.825       |
|    window_success          | 0.267       |
| paper/                     |             |
|    accel_variation         | 0.475       |
|    base_reward             | 342         |
|    collision               | 0           |
|    crash_object            | 0           |
|    crash_vehicle           | 0           |
|    episode_cost            | 0           |
|    episode_length          | 1000        |
|    jerk                    | 0.468       |
|    lane_deviation          | 0.3         |
|    max_lane_deviation      | 1.02        |
|    mean_speed_kmh          | 16.8        |
|    min_ttc                 | 5.67        |
|    out_of_road             | 0           |
|    route_completion        | 0.769       |
|    shaped_reward           | 62.7        |
|    steering_variation      | 0.485       |
|    success                 | 0           |
|    ttc_risk                | 0.00881     |
| rollout/                   |             |
|    ep_len_mean             | 916         |
|    ep_rew_mean             | 28.9        |
|    success_rate            | 0.18        |
| time/                      |             |
|    fps                     | 1309        |
|    iterations              | 71          |
|    time_elapsed            | 555         |
|    total_timesteps         | 727040      |
| train/                     |             |
|    approx_kl               | 0.051301073 |
|    clip_fraction           | 0.187       |
|    clip_range              | 0.2         |
|    entropy_loss            | -1.88       |
|    explained_variance      | 0.617       |
|    learning_rate           | 0.0003      |
|    loss                    | 22.8        |
|    n_updates               | 700         |
|    policy_gradient_loss    | -0.000916   |
|    std                     | 0.641       |
|    value_loss              | 37          |
--------------------------------------------
--------------------------------------------
| curriculum/                |             |
|    stage                   | 2           |
|    window_cost             | 0.2         |
|    window_route_completion | 0.771       |
|    window_success          | 0.133       |
| paper/                     |             |
|    accel_variation         | 0.504       |
|    base_reward             | 362         |
|    collision               | 0           |
|    crash_object            | 0           |
|    crash_vehicle           | 0           |
|    episode_cost            | 0           |
|    episode_length          | 1000        |
|    jerk                    | 0.477       |
|    lane_deviation          | 0.25        |
|    max_lane_deviation      | 0.868       |
|    mean_speed_kmh          | 16.9        |
|    min_ttc                 | 2.57        |
|    out_of_road             | 0           |
|    route_completion        | 0.952       |
|    shaped_reward           | 11          |
|    steering_variation      | 0.49        |
|    success                 | 0           |
|    ttc_risk                | 0.0224      |
| rollout/                   |             |
|    ep_len_mean             | 916         |
|    ep_rew_mean             | 24.9        |
|    success_rate            | 0.15        |
| time/                      |             |
|    fps                     | 1302        |
|    iterations              | 72          |
|    time_elapsed            | 565         |
|    total_timesteps         | 737280      |
| train/                     |             |
|    approx_kl               | 0.012381345 |
|    clip_fraction           | 0.137       |
|    clip_range              | 0.2         |
|    entropy_loss            | -1.87       |
|    explained_variance      | 0.7         |
|    learning_rate           | 0.0003      |
|    loss                    | 34.7        |
|    n_updates               | 710         |
|    policy_gradient_loss    | -0.00124    |
|    std                     | 0.637       |
|    value_loss              | 55.7        |
--------------------------------------------
--------------------------------------------
| curriculum/                |             |
|    stage                   | 2           |
|    window_cost             | 0.167       |
|    window_route_completion | 0.793       |
|    window_success          | 0.133       |
| paper/                     |             |
|    accel_variation         | 0.492       |
|    base_reward             | 256         |
|    collision               | 0           |
|    crash_object            | 0           |
|    crash_vehicle           | 0           |
|    episode_cost            | 0           |
|    episode_length          | 1000        |
|    jerk                    | 0.423       |
|    lane_deviation          | 0.485       |
|    max_lane_deviation      | 1.12        |
|    mean_speed_kmh          | 16.6        |
|    min_ttc                 | 2.73        |
|    out_of_road             | 0           |
|    route_completion        | 0.932       |
|    shaped_reward           | -125        |
|    steering_variation      | 0.486       |
|    success                 | 0           |
|    ttc_risk                | 0.02        |
| rollout/                   |             |
|    ep_len_mean             | 920         |
|    ep_rew_mean             | 17.1        |
|    success_rate            | 0.15        |
| time/                      |             |
|    fps                     | 1297        |
|    iterations              | 73          |
|    time_elapsed            | 576         |
|    total_timesteps         | 747520      |
| train/                     |             |
|    approx_kl               | 0.020864528 |
|    clip_fraction           | 0.143       |
|    clip_range              | 0.2         |
|    entropy_loss            | -1.85       |
|    explained_variance      | 0.589       |
|    learning_rate           | 0.0003      |
|    loss                    | 32.6        |
|    n_updates               | 720         |
|    policy_gradient_loss    | -0.0015     |
|    std                     | 0.631       |
|    value_loss              | 48.2        |
--------------------------------------------
--------------------------------------------
| curriculum/                |             |
|    stage                   | 2           |
|    window_cost             | 0.133       |
|    window_route_completion | 0.774       |
|    window_success          | 0.1         |
| paper/                     |             |
|    accel_variation         | 0.487       |
|    base_reward             | 394         |
|    collision               | 0           |
|    crash_object            | 0           |
|    crash_vehicle           | 0           |
|    episode_cost            | 0           |
|    episode_length          | 996         |
|    jerk                    | 0.455       |
|    lane_deviation          | 0.212       |
|    max_lane_deviation      | 0.692       |
|    mean_speed_kmh          | 16.5        |
|    min_ttc                 | 2.23        |
|    out_of_road             | 0           |
|    route_completion        | 0.989       |
|    shaped_reward           | 97.3        |
|    steering_variation      | 0.456       |
|    success                 | 1           |
|    ttc_risk                | 0.0234      |
| rollout/                   |             |
|    ep_len_mean             | 914         |
|    ep_rew_mean             | 5.92        |
|    success_rate            | 0.15        |
| time/                      |             |
|    fps                     | 1289        |
|    iterations              | 74          |
|    time_elapsed            | 587         |
|    total_timesteps         | 757760      |
| train/                     |             |
|    approx_kl               | 0.007280131 |
|    clip_fraction           | 0.174       |
|    clip_range              | 0.2         |
|    entropy_loss            | -1.83       |
|    explained_variance      | 0.706       |
|    learning_rate           | 0.0003      |
|    loss                    | 29.7        |
|    n_updates               | 730         |
|    policy_gradient_loss    | 0.000949    |
|    std                     | 0.629       |
|    value_loss              | 55.4        |
--------------------------------------------
-------------------------------------------
| curriculum/                |            |
|    stage                   | 2          |
|    window_cost             | 0.1        |
|    window_route_completion | 0.813      |
|    window_success          | 0.133      |
| paper/                     |            |
|    accel_variation         | 0.48       |
|    base_reward             | 397        |
|    collision               | 0          |
|    crash_object            | 0          |
|    crash_vehicle           | 0          |
|    episode_cost            | 0          |
|    episode_length          | 1000       |
|    jerk                    | 0.444      |
|    lane_deviation          | 0.192      |
|    max_lane_deviation      | 0.994      |
|    mean_speed_kmh          | 17.1       |
|    min_ttc                 | 1.55       |
|    out_of_road             | 0          |
|    route_completion        | 0.741      |
|    shaped_reward           | 130        |
|    steering_variation      | 0.471      |
|    success                 | 0          |
|    ttc_risk                | 0.00843    |
| rollout/                   |            |
|    ep_len_mean             | 923        |
|    ep_rew_mean             | 18.8       |
|    success_rate            | 0.16       |
| time/                      |            |
|    fps                     | 1285       |
|    iterations              | 75         |
|    time_elapsed            | 597        |
|    total_timesteps         | 768000     |
| train/                     |            |
|    approx_kl               | 0.02345487 |
|    clip_fraction           | 0.272      |
|    clip_range              | 0.2        |
|    entropy_loss            | -1.84      |
|    explained_variance      | 0.714      |
|    learning_rate           | 0.0003     |
|    loss                    | 29.1       |
|    n_updates               | 740        |
|    policy_gradient_loss    | 0.011      |
|    std                     | 0.634      |
|    value_loss              | 43.1       |
-------------------------------------------
--------------------------------------------
| curriculum/                |             |
|    stage                   | 2           |
|    window_cost             | 0.1         |
|    window_route_completion | 0.811       |
|    window_success          | 0.133       |
| paper/                     |             |
|    accel_variation         | 0.485       |
|    base_reward             | 386         |
|    collision               | 0           |
|    crash_object            | 0           |
|    crash_vehicle           | 0           |
|    episode_cost            | 0           |
|    episode_length          | 1000        |
|    jerk                    | 0.457       |
|    lane_deviation          | 0.202       |
|    max_lane_deviation      | 0.599       |
|    mean_speed_kmh          | 16.8        |
|    min_ttc                 | 0.621       |
|    out_of_road             | 0           |
|    route_completion        | 0.717       |
|    shaped_reward           | 4.23        |
|    steering_variation      | 0.452       |
|    success                 | 0           |
|    ttc_risk                | 0.0279      |
| rollout/                   |             |
|    ep_len_mean             | 921         |
|    ep_rew_mean             | 19.1        |
|    success_rate            | 0.16        |
| time/                      |             |
|    fps                     | 1281        |
|    iterations              | 76          |
|    time_elapsed            | 607         |
|    total_timesteps         | 778240      |
| train/                     |             |
|    approx_kl               | 0.005517254 |
|    clip_fraction           | 0.119       |
|    clip_range              | 0.2         |
|    entropy_loss            | -1.85       |
|    explained_variance      | 0.743       |
|    learning_rate           | 0.0003      |
|    loss                    | 11.8        |
|    n_updates               | 750         |
|    policy_gradient_loss    | -0.000938   |
|    std                     | 0.638       |
|    value_loss              | 65.5        |
--------------------------------------------
---------------------------------------------
| curriculum/                |              |
|    stage                   | 2            |
|    window_cost             | 0.0667       |
|    window_route_completion | 0.859        |
|    window_success          | 0.167        |
| paper/                     |              |
|    accel_variation         | 0.517        |
|    base_reward             | 413          |
|    collision               | 0            |
|    crash_object            | 0            |
|    crash_vehicle           | 0            |
|    episode_cost            | 0            |
|    episode_length          | 1000         |
|    jerk                    | 0.47         |
|    lane_deviation          | 0.187        |
|    max_lane_deviation      | 0.614        |
|    mean_speed_kmh          | 17.5         |
|    min_ttc                 | 16           |
|    out_of_road             | 0            |
|    route_completion        | 0.869        |
|    shaped_reward           | 199          |
|    steering_variation      | 0.464        |
|    success                 | 0            |
|    ttc_risk                | 0            |
| rollout/                   |              |
|    ep_len_mean             | 934          |
|    ep_rew_mean             | 31.2         |
|    success_rate            | 0.17         |
| time/                      |              |
|    fps                     | 1277         |
|    iterations              | 77           |
|    time_elapsed            | 617          |
|    total_timesteps         | 788480       |
| train/                     |              |
|    approx_kl               | 0.0067021227 |
|    clip_fraction           | 0.219        |
|    clip_range              | 0.2          |
|    entropy_loss            | -1.84        |
|    explained_variance      | 0.83         |
|    learning_rate           | 0.0003       |
|    loss                    | 22           |
|    n_updates               | 760          |
|    policy_gradient_loss    | 0.0055       |
|    std                     | 0.634        |
|    value_loss              | 27.3         |
---------------------------------------------
--------------------------------------------
| curriculum/                |             |
|    stage                   | 2           |
|    window_cost             | 0.133       |
|    window_route_completion | 0.812       |
|    window_success          | 0.133       |
| paper/                     |             |
|    accel_variation         | 0.482       |
|    base_reward             | 352         |
|    collision               | 0           |
|    crash_object            | 0           |
|    crash_vehicle           | 0           |
|    episode_cost            | 0           |
|    episode_length          | 873         |
|    jerk                    | 0.483       |
|    lane_deviation          | 0.202       |
|    max_lane_deviation      | 0.762       |
|    mean_speed_kmh          | 16.4        |
|    min_ttc                 | 0.481       |
|    out_of_road             | 0           |
|    route_completion        | 0.988       |
|    shaped_reward           | 72.9        |
|    steering_variation      | 0.445       |
|    success                 | 1           |
|    ttc_risk                | 0.0292      |
| rollout/                   |             |
|    ep_len_mean             | 930         |
|    ep_rew_mean             | 35.1        |
|    success_rate            | 0.17        |
| time/                      |             |
|    fps                     | 1270        |
|    iterations              | 78          |
|    time_elapsed            | 628         |
|    total_timesteps         | 798720      |
| train/                     |             |
|    approx_kl               | 0.006061898 |
|    clip_fraction           | 0.191       |
|    clip_range              | 0.2         |
|    entropy_loss            | -1.83       |
|    explained_variance      | 0.695       |
|    learning_rate           | 0.0003      |
|    loss                    | 57.6        |
|    n_updates               | 770         |
|    policy_gradient_loss    | 0.00452     |
|    std                     | 0.628       |
|    value_loss              | 54.7        |
--------------------------------------------
--------------------------------------------
| curriculum/                |             |
|    stage                   | 2           |
|    window_cost             | 0.267       |
|    window_route_completion | 0.728       |
|    window_success          | 0.1         |
| paper/                     |             |
|    accel_variation         | 0.488       |
|    base_reward             | 385         |
|    collision               | 0           |
|    crash_object            | 0           |
|    crash_vehicle           | 0           |
|    episode_cost            | 0           |
|    episode_length          | 1000        |
|    jerk                    | 0.446       |
|    lane_deviation          | 0.203       |
|    max_lane_deviation      | 0.807       |
|    mean_speed_kmh          | 16.7        |
|    min_ttc                 | 7.22        |
|    out_of_road             | 0           |
|    route_completion        | 0.811       |
|    shaped_reward           | 167         |
|    steering_variation      | 0.464       |
|    success                 | 0           |
|    ttc_risk                | 0.00202     |
| rollout/                   |             |
|    ep_len_mean             | 921         |
|    ep_rew_mean             | 37.7        |
|    success_rate            | 0.13        |
| time/                      |             |
|    fps                     | 1266        |
|    iterations              | 79          |
|    time_elapsed            | 638         |
|    total_timesteps         | 808960      |
| train/                     |             |
|    approx_kl               | 0.009553874 |
|    clip_fraction           | 0.174       |
|    clip_range              | 0.2         |
|    entropy_loss            | -1.81       |
|    explained_variance      | 0.656       |
|    learning_rate           | 0.0003      |
|    loss                    | 26.2        |
|    n_updates               | 780         |
|    policy_gradient_loss    | 0.000335    |
|    std                     | 0.627       |
|    value_loss              | 55          |
--------------------------------------------
--------------------------------------------
| curriculum/                |             |
|    stage                   | 2           |
|    window_cost             | 0.267       |
|    window_route_completion | 0.722       |
|    window_success          | 0.0333      |
| paper/                     |             |
|    accel_variation         | 0.506       |
|    base_reward             | 293         |
|    collision               | 0           |
|    crash_object            | 0           |
|    crash_vehicle           | 0           |
|    episode_cost            | 0           |
|    episode_length          | 1000        |
|    jerk                    | 0.484       |
|    lane_deviation          | 0.315       |
|    max_lane_deviation      | 0.99        |
|    mean_speed_kmh          | 13.7        |
|    min_ttc                 | 7.65        |
|    out_of_road             | 0           |
|    route_completion        | 0.728       |
|    shaped_reward           | 47.3        |
|    steering_variation      | 0.445       |
|    success                 | 0           |
|    ttc_risk                | 0.00503     |
| rollout/                   |             |
|    ep_len_mean             | 924         |
|    ep_rew_mean             | 47.1        |
|    success_rate            | 0.1         |
| time/                      |             |
|    fps                     | 1260        |
|    iterations              | 80          |
|    time_elapsed            | 649         |
|    total_timesteps         | 819200      |
| train/                     |             |
|    approx_kl               | 0.006208001 |
|    clip_fraction           | 0.184       |
|    clip_range              | 0.2         |
|    entropy_loss            | -1.81       |
|    explained_variance      | 0.761       |
|    learning_rate           | 0.0003      |
|    loss                    | 31.2        |
|    n_updates               | 790         |
|    policy_gradient_loss    | 0.00402     |
|    std                     | 0.628       |
|    value_loss              | 80.2        |
--------------------------------------------
--------------------------------------------
| curriculum/                |             |
|    stage                   | 2           |
|    window_cost             | 0.2         |
|    window_route_completion | 0.75        |
|    window_success          | 0.1         |
| paper/                     |             |
|    accel_variation         | 0.492       |
|    base_reward             | 360         |
|    collision               | 0           |
|    crash_object            | 0           |
|    crash_vehicle           | 0           |
|    episode_cost            | 0           |
|    episode_length          | 991         |
|    jerk                    | 0.47        |
|    lane_deviation          | 0.313       |
|    max_lane_deviation      | 0.969       |
|    mean_speed_kmh          | 17.5        |
|    min_ttc                 | 11          |
|    out_of_road             | 0           |
|    route_completion        | 0.991       |
|    shaped_reward           | 184         |
|    steering_variation      | 0.455       |
|    success                 | 1           |
|    ttc_risk                | 0.000161    |
| rollout/                   |             |
|    ep_len_mean             | 935         |
|    ep_rew_mean             | 55.3        |
|    success_rate            | 0.13        |
| time/                      |             |
|    fps                     | 1253        |
|    iterations              | 81          |
|    time_elapsed            | 661         |
|    total_timesteps         | 829440      |
| train/                     |             |
|    approx_kl               | 0.028034192 |
|    clip_fraction           | 0.261       |
|    clip_range              | 0.2         |
|    entropy_loss            | -1.82       |
|    explained_variance      | 0.549       |
|    learning_rate           | 0.0003      |
|    loss                    | 12.3        |
|    n_updates               | 800         |
|    policy_gradient_loss    | 0.00765     |
|    std                     | 0.632       |
|    value_loss              | 58.1        |
--------------------------------------------
--------------------------------------------
| curriculum/                |             |
|    stage                   | 2           |
|    window_cost             | 0.0667      |
|    window_route_completion | 0.837       |
|    window_success          | 0.167       |
| paper/                     |             |
|    accel_variation         | 0.467       |
|    base_reward             | 344         |
|    collision               | 0           |
|    crash_object            | 0           |
|    crash_vehicle           | 0           |
|    episode_cost            | 0           |
|    episode_length          | 1000        |
|    jerk                    | 0.428       |
|    lane_deviation          | 0.297       |
|    max_lane_deviation      | 0.98        |
|    mean_speed_kmh          | 17.2        |
|    min_ttc                 | 2.04e+03    |
|    out_of_road             | 0           |
|    route_completion        | 0.886       |
|    shaped_reward           | 127         |
|    steering_variation      | 0.48        |
|    success                 | 0           |
|    ttc_risk                | 0           |
| rollout/                   |             |
|    ep_len_mean             | 934         |
|    ep_rew_mean             | 68.1        |
|    success_rate            | 0.13        |
| time/                      |             |
|    fps                     | 1250        |
|    iterations              | 82          |
|    time_elapsed            | 671         |
|    total_timesteps         | 839680      |
| train/                     |             |
|    approx_kl               | 0.008702148 |
|    clip_fraction           | 0.214       |
|    clip_range              | 0.2         |
|    entropy_loss            | -1.81       |
|    explained_variance      | 0.724       |
|    learning_rate           | 0.0003      |
|    loss                    | 8.39        |
|    n_updates               | 810         |
|    policy_gradient_loss    | 0.00687     |
|    std                     | 0.624       |
|    value_loss              | 19.3        |
--------------------------------------------
--------------------------------------------
| curriculum/                |             |
|    stage                   | 2           |
|    window_cost             | 0.0333      |
|    window_route_completion | 0.831       |
|    window_success          | 0.133       |
| paper/                     |             |
|    accel_variation         | 0.532       |
|    base_reward             | 360         |
|    collision               | 0           |
|    crash_object            | 0           |
|    crash_vehicle           | 0           |
|    episode_cost            | 0           |
|    episode_length          | 1000        |
|    jerk                    | 0.468       |
|    lane_deviation          | 0.286       |
|    max_lane_deviation      | 0.921       |
|    mean_speed_kmh          | 17.4        |
|    min_ttc                 | 11          |
|    out_of_road             | 0           |
|    route_completion        | 0.597       |
|    shaped_reward           | 124         |
|    steering_variation      | 0.438       |
|    success                 | 0           |
|    ttc_risk                | 0.000157    |
| rollout/                   |             |
|    ep_len_mean             | 941         |
|    ep_rew_mean             | 77.8        |
|    success_rate            | 0.13        |
| time/                      |             |
|    fps                     | 1246        |
|    iterations              | 83          |
|    time_elapsed            | 681         |
|    total_timesteps         | 849920      |
| train/                     |             |
|    approx_kl               | 0.012534156 |
|    clip_fraction           | 0.212       |
|    clip_range              | 0.2         |
|    entropy_loss            | -1.78       |
|    explained_variance      | 0.77        |
|    learning_rate           | 0.0003      |
|    loss                    | 9.94        |
|    n_updates               | 820         |
|    policy_gradient_loss    | 0.0085      |
|    std                     | 0.614       |
|    value_loss              | 31.2        |
--------------------------------------------
--------------------------------------------
| curriculum/                |             |
|    stage                   | 2           |
|    window_cost             | 0.0333      |
|    window_route_completion | 0.841       |
|    window_success          | 0.167       |
| paper/                     |             |
|    accel_variation         | 0.515       |
|    base_reward             | 332         |
|    collision               | 0           |
|    crash_object            | 0           |
|    crash_vehicle           | 0           |
|    episode_cost            | 0           |
|    episode_length          | 1000        |
|    jerk                    | 0.455       |
|    lane_deviation          | 0.288       |
|    max_lane_deviation      | 0.996       |
|    mean_speed_kmh          | 15.9        |
|    min_ttc                 | 0.0753      |
|    out_of_road             | 0           |
|    route_completion        | 0.711       |
|    shaped_reward           | 87.7        |
|    steering_variation      | 0.433       |
|    success                 | 0           |
|    ttc_risk                | 0.00505     |
| rollout/                   |             |
|    ep_len_mean             | 940         |
|    ep_rew_mean             | 83.5        |
|    success_rate            | 0.13        |
| time/                      |             |
|    fps                     | 1240        |
|    iterations              | 84          |
|    time_elapsed            | 693         |
|    total_timesteps         | 860160      |
| train/                     |             |
|    approx_kl               | 0.033533584 |
|    clip_fraction           | 0.297       |
|    clip_range              | 0.2         |
|    entropy_loss            | -1.74       |
|    explained_variance      | 0.351       |
|    learning_rate           | 0.0003      |
|    loss                    | 2.65        |
|    n_updates               | 830         |
|    policy_gradient_loss    | 0.0117      |
|    std                     | 0.61        |
|    value_loss              | 12.7        |
--------------------------------------------
--------------------------------------------
| curriculum/                |             |
|    stage                   | 2           |
|    window_cost             | 0.0667      |
|    window_route_completion | 0.813       |
|    window_success          | 0.1         |
| paper/                     |             |
|    accel_variation         | 0.517       |
|    base_reward             | 401         |
|    collision               | 0           |
|    crash_object            | 0           |
|    crash_vehicle           | 0           |
|    episode_cost            | 0           |
|    episode_length          | 1000        |
|    jerk                    | 0.474       |
|    lane_deviation          | 0.203       |
|    max_lane_deviation      | 1           |
|    mean_speed_kmh          | 17.5        |
|    min_ttc                 | 12          |
|    out_of_road             | 0           |
|    route_completion        | 0.836       |
|    shaped_reward           | 185         |
|    steering_variation      | 0.419       |
|    success                 | 0           |
|    ttc_risk                | 0           |
| rollout/                   |             |
|    ep_len_mean             | 937         |
|    ep_rew_mean             | 87.8        |
|    success_rate            | 0.12        |
| time/                      |             |
|    fps                     | 1237        |
|    iterations              | 85          |
|    time_elapsed            | 703         |
|    total_timesteps         | 870400      |
| train/                     |             |
|    approx_kl               | 0.016016152 |
|    clip_fraction           | 0.142       |
|    clip_range              | 0.2         |
|    entropy_loss            | -1.73       |
|    explained_variance      | 0.631       |
|    learning_rate           | 0.0003      |
|    loss                    | 14.6        |
|    n_updates               | 840         |
|    policy_gradient_loss    | -3.64e-05   |
|    std                     | 0.604       |
|    value_loss              | 27          |
--------------------------------------------
--------------------------------------------
| curriculum/                |             |
|    stage                   | 2           |
|    window_cost             | 0.1         |
|    window_route_completion | 0.759       |
|    window_success          | 0.1         |
| paper/                     |             |
|    accel_variation         | 0.489       |
|    base_reward             | 64.2        |
|    collision               | 0           |
|    crash_object            | 0           |
|    crash_vehicle           | 0           |
|    episode_cost            | 1           |
|    episode_length          | 242         |
|    jerk                    | 0.449       |
|    lane_deviation          | 0.264       |
|    max_lane_deviation      | 1.04        |
|    mean_speed_kmh          | 16.9        |
|    min_ttc                 | nan         |
|    out_of_road             | 1           |
|    route_completion        | 0.169       |
|    shaped_reward           | -138        |
|    steering_variation      | 0.41        |
|    success                 | 0           |
|    ttc_risk                | 0           |
| rollout/                   |             |
|    ep_len_mean             | 923         |
|    ep_rew_mean             | 83.2        |
|    success_rate            | 0.11        |
| time/                      |             |
|    fps                     | 1231        |
|    iterations              | 86          |
|    time_elapsed            | 715         |
|    total_timesteps         | 880640      |
| train/                     |             |
|    approx_kl               | 0.040926673 |
|    clip_fraction           | 0.219       |
|    clip_range              | 0.2         |
|    entropy_loss            | -1.72       |
|    explained_variance      | 0.791       |
|    learning_rate           | 0.0003      |
|    loss                    | 8.8         |
|    n_updates               | 850         |
|    policy_gradient_loss    | 0.00674     |
|    std                     | 0.608       |
|    value_loss              | 21.8        |
--------------------------------------------
---------------------------------------------
| curriculum/                |              |
|    stage                   | 2            |
|    window_cost             | 0.133        |
|    window_route_completion | 0.748        |
|    window_success          | 0.1          |
| paper/                     |              |
|    accel_variation         | 0.5          |
|    base_reward             | 367          |
|    collision               | 0            |
|    crash_object            | 0            |
|    crash_vehicle           | 0            |
|    episode_cost            | 0            |
|    episode_length          | 1000         |
|    jerk                    | 0.468        |
|    lane_deviation          | 0.275        |
|    max_lane_deviation      | 0.987        |
|    mean_speed_kmh          | 17.4         |
|    min_ttc                 | 9.19         |
|    out_of_road             | 0            |
|    route_completion        | 0.786        |
|    shaped_reward           | 136          |
|    steering_variation      | 0.431        |
|    success                 | 0            |
|    ttc_risk                | 0.000422     |
| rollout/                   |              |
|    ep_len_mean             | 925          |
|    ep_rew_mean             | 85.6         |
|    success_rate            | 0.12         |
| time/                      |              |
|    fps                     | 1226         |
|    iterations              | 87           |
|    time_elapsed            | 726          |
|    total_timesteps         | 890880       |
| train/                     |              |
|    approx_kl               | 0.0107934335 |
|    clip_fraction           | 0.174        |
|    clip_range              | 0.2          |
|    entropy_loss            | -1.71        |
|    explained_variance      | 0.49         |
|    learning_rate           | 0.0003       |
|    loss                    | 13.9         |
|    n_updates               | 860          |
|    policy_gradient_loss    | -0.00146     |
|    std                     | 0.599        |
|    value_loss              | 56.2         |
---------------------------------------------
--------------------------------------------
| curriculum/                |             |
|    stage                   | 2           |
|    window_cost             | 0.2         |
|    window_route_completion | 0.74        |
|    window_success          | 0.167       |
| paper/                     |             |
|    accel_variation         | 0.516       |
|    base_reward             | 395         |
|    collision               | 0           |
|    crash_object            | 0           |
|    crash_vehicle           | 0           |
|    episode_cost            | 0           |
|    episode_length          | 1000        |
|    jerk                    | 0.484       |
|    lane_deviation          | 0.201       |
|    max_lane_deviation      | 0.632       |
|    mean_speed_kmh          | 17.1        |
|    min_ttc                 | 7.16        |
|    out_of_road             | 0           |
|    route_completion        | 0.845       |
|    shaped_reward           | 166         |
|    steering_variation      | 0.417       |
|    success                 | 0           |
|    ttc_risk                | 0.00294     |
| rollout/                   |             |
|    ep_len_mean             | 928         |
|    ep_rew_mean             | 97.3        |
|    success_rate            | 0.13        |
| time/                      |             |
|    fps                     | 1222        |
|    iterations              | 88          |
|    time_elapsed            | 737         |
|    total_timesteps         | 901120      |
| train/                     |             |
|    approx_kl               | 0.009474757 |
|    clip_fraction           | 0.13        |
|    clip_range              | 0.2         |
|    entropy_loss            | -1.68       |
|    explained_variance      | 0.693       |
|    learning_rate           | 0.0003      |
|    loss                    | 21.2        |
|    n_updates               | 870         |
|    policy_gradient_loss    | -0.00337    |
|    std                     | 0.592       |
|    value_loss              | 40.3        |
--------------------------------------------
--------------------------------------------
| curriculum/                |             |
|    stage                   | 2           |
|    window_cost             | 0.133       |
|    window_route_completion | 0.761       |
|    window_success          | 0.133       |
| paper/                     |             |
|    accel_variation         | 0.515       |
|    base_reward             | 392         |
|    collision               | 0           |
|    crash_object            | 0           |
|    crash_vehicle           | 0           |
|    episode_cost            | 0           |
|    episode_length          | 1000        |
|    jerk                    | 0.504       |
|    lane_deviation          | 0.225       |
|    max_lane_deviation      | 0.991       |
|    mean_speed_kmh          | 17.5        |
|    min_ttc                 | 4           |
|    out_of_road             | 0           |
|    route_completion        | 0.751       |
|    shaped_reward           | 160         |
|    steering_variation      | 0.403       |
|    success                 | 0           |
|    ttc_risk                | 0.00178     |
| rollout/                   |             |
|    ep_len_mean             | 932         |
|    ep_rew_mean             | 101         |
|    success_rate            | 0.14        |
| time/                      |             |
|    fps                     | 1218        |
|    iterations              | 89          |
|    time_elapsed            | 747         |
|    total_timesteps         | 911360      |
| train/                     |             |
|    approx_kl               | 0.049610835 |
|    clip_fraction           | 0.248       |
|    clip_range              | 0.2         |
|    entropy_loss            | -1.65       |
|    explained_variance      | 0.402       |
|    learning_rate           | 0.0003      |
|    loss                    | 7.88        |
|    n_updates               | 880         |
|    policy_gradient_loss    | 0.00405     |
|    std                     | 0.584       |
|    value_loss              | 45          |
--------------------------------------------
-------------------------------------------
| curriculum/                |            |
|    stage                   | 2          |
|    window_cost             | 0.167      |
|    window_route_completion | 0.754      |
|    window_success          | 0.167      |
| paper/                     |            |
|    accel_variation         | 0.541      |
|    base_reward             | 398        |
|    collision               | 0          |
|    crash_object            | 0          |
|    crash_vehicle           | 0          |
|    episode_cost            | 0          |
|    episode_length          | 1000       |
|    jerk                    | 0.485      |
|    lane_deviation          | 0.222      |
|    max_lane_deviation      | 0.72       |
|    mean_speed_kmh          | 17.7       |
|    min_ttc                 | 11.6       |
|    out_of_road             | 0          |
|    route_completion        | 0.911      |
|    shaped_reward           | 183        |
|    steering_variation      | 0.421      |
|    success                 | 0          |
|    ttc_risk                | 4.86e-05   |
| rollout/                   |            |
|    ep_len_mean             | 919        |
|    ep_rew_mean             | 91.1       |
|    success_rate            | 0.15       |
| time/                      |            |
|    fps                     | 1216       |
|    iterations              | 90         |
|    time_elapsed            | 757        |
|    total_timesteps         | 921600     |
| train/                     |            |
|    approx_kl               | 0.01419664 |
|    clip_fraction           | 0.204      |
|    clip_range              | 0.2        |
|    entropy_loss            | -1.64      |
|    explained_variance      | 0.533      |
|    learning_rate           | 0.0003     |
|    loss                    | 7.84       |
|    n_updates               | 890        |
|    policy_gradient_loss    | 0.00409    |
|    std                     | 0.586      |
|    value_loss              | 27.1       |
-------------------------------------------
--------------------------------------------
| curriculum/                |             |
|    stage                   | 2           |
|    window_cost             | 0.2         |
|    window_route_completion | 0.735       |
|    window_success          | 0.233       |
| paper/                     |             |
|    accel_variation         | 0.468       |
|    base_reward             | 329         |
|    collision               | 0           |
|    crash_object            | 0           |
|    crash_vehicle           | 0           |
|    episode_cost            | 0           |
|    episode_length          | 938         |
|    jerk                    | 0.432       |
|    lane_deviation          | 0.225       |
|    max_lane_deviation      | 0.998       |
|    mean_speed_kmh          | 15.4        |
|    min_ttc                 | 0.182       |
|    out_of_road             | 0           |
|    route_completion        | 0.988       |
|    shaped_reward           | -170        |
|    steering_variation      | 0.398       |
|    success                 | 1           |
|    ttc_risk                | 0.065       |
| rollout/                   |             |
|    ep_len_mean             | 903         |
|    ep_rew_mean             | 81          |
|    success_rate            | 0.15        |
| time/                      |             |
|    fps                     | 1211        |
|    iterations              | 91          |
|    time_elapsed            | 769         |
|    total_timesteps         | 931840      |
| train/                     |             |
|    approx_kl               | 0.018930435 |
|    clip_fraction           | 0.172       |
|    clip_range              | 0.2         |
|    entropy_loss            | -1.63       |
|    explained_variance      | 0.703       |
|    learning_rate           | 0.0003      |
|    loss                    | 26.5        |
|    n_updates               | 900         |
|    policy_gradient_loss    | 0.00364     |
|    std                     | 0.582       |
|    value_loss              | 73.9        |
--------------------------------------------
--------------------------------------------
| curriculum/                |             |
|    stage                   | 2           |
|    window_cost             | 0.133       |
|    window_route_completion | 0.798       |
|    window_success          | 0.333       |
| paper/                     |             |
|    accel_variation         | 0.558       |
|    base_reward             | 396         |
|    collision               | 0           |
|    crash_object            | 0           |
|    crash_vehicle           | 0           |
|    episode_cost            | 0           |
|    episode_length          | 986         |
|    jerk                    | 0.487       |
|    lane_deviation          | 0.216       |
|    max_lane_deviation      | 0.905       |
|    mean_speed_kmh          | 17.7        |
|    min_ttc                 | 10.9        |
|    out_of_road             | 0           |
|    route_completion        | 0.989       |
|    shaped_reward           | 239         |
|    steering_variation      | 0.42        |
|    success                 | 1           |
|    ttc_risk                | 0.000108    |
| rollout/                   |             |
|    ep_len_mean             | 899         |
|    ep_rew_mean             | 80.3        |
|    success_rate            | 0.18        |
| time/                      |             |
|    fps                     | 1209        |
|    iterations              | 92          |
|    time_elapsed            | 778         |
|    total_timesteps         | 942080      |
| train/                     |             |
|    approx_kl               | 0.008247649 |
|    clip_fraction           | 0.144       |
|    clip_range              | 0.2         |
|    entropy_loss            | -1.62       |
|    explained_variance      | 0.774       |
|    learning_rate           | 0.0003      |
|    loss                    | 31          |
|    n_updates               | 910         |
|    policy_gradient_loss    | -0.00013    |
|    std                     | 0.577       |
|    value_loss              | 91.7        |
--------------------------------------------
--------------------------------------------
| curriculum/                |             |
|    stage                   | 2           |
|    window_cost             | 0.167       |
|    window_route_completion | 0.771       |
|    window_success          | 0.3         |
| paper/                     |             |
|    accel_variation         | 0.544       |
|    base_reward             | 365         |
|    collision               | 0           |
|    crash_object            | 0           |
|    crash_vehicle           | 0           |
|    episode_cost            | 0           |
|    episode_length          | 1000        |
|    jerk                    | 0.479       |
|    lane_deviation          | 0.234       |
|    max_lane_deviation      | 0.824       |
|    mean_speed_kmh          | 17.5        |
|    min_ttc                 | 5.69        |
|    out_of_road             | 0           |
|    route_completion        | 0.914       |
|    shaped_reward           | 149         |
|    steering_variation      | 0.383       |
|    success                 | 0           |
|    ttc_risk                | 0.00208     |
| rollout/                   |             |
|    ep_len_mean             | 887         |
|    ep_rew_mean             | 79.1        |
|    success_rate            | 0.19        |
| time/                      |             |
|    fps                     | 1206        |
|    iterations              | 93          |
|    time_elapsed            | 789         |
|    total_timesteps         | 952320      |
| train/                     |             |
|    approx_kl               | 0.011001726 |
|    clip_fraction           | 0.178       |
|    clip_range              | 0.2         |
|    entropy_loss            | -1.59       |
|    explained_variance      | 0.609       |
|    learning_rate           | 0.0003      |
|    loss                    | 4.09        |
|    n_updates               | 920         |
|    policy_gradient_loss    | 0.00125     |
|    std                     | 0.57        |
|    value_loss              | 42.5        |
--------------------------------------------
--------------------------------------------
| curriculum/                |             |
|    stage                   | 2           |
|    window_cost             | 0.1         |
|    window_route_completion | 0.821       |
|    window_success          | 0.3         |
| paper/                     |             |
|    accel_variation         | 0.539       |
|    base_reward             | 388         |
|    collision               | 0           |
|    crash_object            | 0           |
|    crash_vehicle           | 0           |
|    episode_cost            | 0           |
|    episode_length          | 1000        |
|    jerk                    | 0.491       |
|    lane_deviation          | 0.249       |
|    max_lane_deviation      | 0.762       |
|    mean_speed_kmh          | 17.8        |
|    min_ttc                 | 12.3        |
|    out_of_road             | 0           |
|    route_completion        | 0.631       |
|    shaped_reward           | 158         |
|    steering_variation      | 0.375       |
|    success                 | 0           |
|    ttc_risk                | 0           |
| rollout/                   |             |
|    ep_len_mean             | 886         |
|    ep_rew_mean             | 81.2        |
|    success_rate            | 0.21        |
| time/                      |             |
|    fps                     | 1203        |
|    iterations              | 94          |
|    time_elapsed            | 799         |
|    total_timesteps         | 962560      |
| train/                     |             |
|    approx_kl               | 0.010120427 |
|    clip_fraction           | 0.11        |
|    clip_range              | 0.2         |
|    entropy_loss            | -1.57       |
|    explained_variance      | 0.571       |
|    learning_rate           | 0.0003      |
|    loss                    | 87.3        |
|    n_updates               | 930         |
|    policy_gradient_loss    | 0.00145     |
|    std                     | 0.564       |
|    value_loss              | 102         |
--------------------------------------------
-------------------------------------------
| curriculum/                |            |
|    stage                   | 2          |
|    window_cost             | 0.1        |
|    window_route_completion | 0.815      |
|    window_success          | 0.233      |
| paper/                     |            |
|    accel_variation         | 0.515      |
|    base_reward             | 352        |
|    collision               | 0          |
|    crash_object            | 0          |
|    crash_vehicle           | 0          |
|    episode_cost            | 0          |
|    episode_length          | 1000       |
|    jerk                    | 0.482      |
|    lane_deviation          | 0.254      |
|    max_lane_deviation      | 0.996      |
|    mean_speed_kmh          | 16.7       |
|    min_ttc                 | 0.711      |
|    out_of_road             | 0          |
|    route_completion        | 0.852      |
|    shaped_reward           | -107       |
|    steering_variation      | 0.396      |
|    success                 | 0          |
|    ttc_risk                | 0.0403     |
| rollout/                   |            |
|    ep_len_mean             | 902        |
|    ep_rew_mean             | 85.1       |
|    success_rate            | 0.22       |
| time/                      |            |
|    fps                     | 1199       |
|    iterations              | 95         |
|    time_elapsed            | 811        |
|    total_timesteps         | 972800     |
| train/                     |            |
|    approx_kl               | 0.03920439 |
|    clip_fraction           | 0.234      |
|    clip_range              | 0.2        |
|    entropy_loss            | -1.55      |
|    explained_variance      | 0.72       |
|    learning_rate           | 0.0003     |
|    loss                    | 10.9       |
|    n_updates               | 940        |
|    policy_gradient_loss    | 0.00998    |
|    std                     | 0.566      |
|    value_loss              | 33.4       |
-------------------------------------------
--------------------------------------------
| curriculum/                |             |
|    stage                   | 2           |
|    window_cost             | 0.1         |
|    window_route_completion | 0.804       |
|    window_success          | 0.133       |
| paper/                     |             |
|    accel_variation         | 0.534       |
|    base_reward             | 349         |
|    collision               | 0           |
|    crash_object            | 0           |
|    crash_vehicle           | 0           |
|    episode_cost            | 0           |
|    episode_length          | 1000        |
|    jerk                    | 0.475       |
|    lane_deviation          | 0.293       |
|    max_lane_deviation      | 1.18        |
|    mean_speed_kmh          | 17.8        |
|    min_ttc                 | nan         |
|    out_of_road             | 0           |
|    route_completion        | 0.869       |
|    shaped_reward           | 132         |
|    steering_variation      | 0.403       |
|    success                 | 0           |
|    ttc_risk                | 0           |
| rollout/                   |             |
|    ep_len_mean             | 903         |
|    ep_rew_mean             | 79.6        |
|    success_rate            | 0.21        |
| time/                      |             |
|    fps                     | 1194        |
|    iterations              | 96          |
|    time_elapsed            | 823         |
|    total_timesteps         | 983040      |
| train/                     |             |
|    approx_kl               | 0.026666027 |
|    clip_fraction           | 0.146       |
|    clip_range              | 0.2         |
|    entropy_loss            | -1.55       |
|    explained_variance      | 0.81        |
|    learning_rate           | 0.0003      |
|    loss                    | 18.6        |
|    n_updates               | 950         |
|    policy_gradient_loss    | 0.0027      |
|    std                     | 0.556       |
|    value_loss              | 30.1        |
--------------------------------------------
--------------------------------------------
| curriculum/                |             |
|    stage                   | 2           |
|    window_cost             | 0.167       |
|    window_route_completion | 0.763       |
|    window_success          | 0.133       |
| paper/                     |             |
|    accel_variation         | 0.507       |
|    base_reward             | 337         |
|    collision               | 0           |
|    crash_object            | 0           |
|    crash_vehicle           | 0           |
|    episode_cost            | 0           |
|    episode_length          | 1000        |
|    jerk                    | 0.449       |
|    lane_deviation          | 0.281       |
|    max_lane_deviation      | 1           |
|    mean_speed_kmh          | 16.7        |
|    min_ttc                 | 0.512       |
|    out_of_road             | 0           |
|    route_completion        | 0.89        |
|    shaped_reward           | -41.2       |
|    steering_variation      | 0.387       |
|    success                 | 0           |
|    ttc_risk                | 0.0275      |
| rollout/                   |             |
|    ep_len_mean             | 898         |
|    ep_rew_mean             | 66.9        |
|    success_rate            | 0.21        |
| time/                      |             |
|    fps                     | 1189        |
|    iterations              | 97          |
|    time_elapsed            | 834         |
|    total_timesteps         | 993280      |
| train/                     |             |
|    approx_kl               | 0.034056913 |
|    clip_fraction           | 0.209       |
|    clip_range              | 0.2         |
|    entropy_loss            | -1.52       |
|    explained_variance      | 0.527       |
|    learning_rate           | 0.0003      |
|    loss                    | 49          |
|    n_updates               | 960         |
|    policy_gradient_loss    | 0.0011      |
|    std                     | 0.553       |
|    value_loss              | 81.5        |
--------------------------------------------
--------------------------------------------
| curriculum/                |             |
|    stage                   | 2           |
|    window_cost             | 0.233       |
|    window_route_completion | 0.711       |
|    window_success          | 0.133       |
| paper/                     |             |
|    accel_variation         | 0.49        |
|    base_reward             | 380         |
|    collision               | 0           |
|    crash_object            | 0           |
|    crash_vehicle           | 0           |
|    episode_cost            | 0           |
|    episode_length          | 934         |
|    jerk                    | 0.498       |
|    lane_deviation          | 0.23        |
|    max_lane_deviation      | 0.85        |
|    mean_speed_kmh          | 17.3        |
|    min_ttc                 | 2.06        |
|    out_of_road             | 0           |
|    route_completion        | 0.989       |
|    shaped_reward           | 170         |
|    steering_variation      | 0.383       |
|    success                 | 1           |
|    ttc_risk                | 0.0109      |
| rollout/                   |             |
|    ep_len_mean             | 879         |
|    ep_rew_mean             | 59.3        |
|    success_rate            | 0.22        |
| time/                      |             |
|    fps                     | 1186        |
|    iterations              | 98          |
|    time_elapsed            | 845         |
|    total_timesteps         | 1003520     |
| train/                     |             |
|    approx_kl               | 0.022692962 |
|    clip_fraction           | 0.171       |
|    clip_range              | 0.2         |
|    entropy_loss            | -1.49       |
|    explained_variance      | 0.485       |
|    learning_rate           | 0.0003      |
|    loss                    | 9.57        |
|    n_updates               | 970         |
|    policy_gradient_loss    | -0.00158    |
|    std                     | 0.546       |
|    value_loss              | 54          |
--------------------------------------------
---------------------------------------------
| curriculum/                |              |
|    stage                   | 2            |
|    window_cost             | 0.2          |
|    window_route_completion | 0.75         |
|    window_success          | 0.133        |
| paper/                     |              |
|    accel_variation         | 0.544        |
|    base_reward             | 411          |
|    collision               | 0            |
|    crash_object            | 0            |
|    crash_vehicle           | 0            |
|    episode_cost            | 0            |
|    episode_length          | 1000         |
|    jerk                    | 0.522        |
|    lane_deviation          | 0.207        |
|    max_lane_deviation      | 0.78         |
|    mean_speed_kmh          | 17.9         |
|    min_ttc                 | 23.5         |
|    out_of_road             | 0            |
|    route_completion        | 0.81         |
|    shaped_reward           | 190          |
|    steering_variation      | 0.391        |
|    success                 | 0            |
|    ttc_risk                | 0            |
| rollout/                   |              |
|    ep_len_mean             | 897          |
|    ep_rew_mean             | 73.3         |
|    success_rate            | 0.19         |
| time/                      |              |
|    fps                     | 1184         |
|    iterations              | 99           |
|    time_elapsed            | 855          |
|    total_timesteps         | 1013760      |
| train/                     |              |
|    approx_kl               | 0.0070361597 |
|    clip_fraction           | 0.156        |
|    clip_range              | 0.2          |
|    entropy_loss            | -1.47        |
|    explained_variance      | 0.539        |
|    learning_rate           | 0.0003       |
|    loss                    | 13.1         |
|    n_updates               | 980          |
|    policy_gradient_loss    | 0.00177      |
|    std                     | 0.544        |
|    value_loss              | 83.1         |
---------------------------------------------
--------------------------------------------
| curriculum/                |             |
|    stage                   | 2           |
|    window_cost             | 0.1         |
|    window_route_completion | 0.816       |
|    window_success          | 0.233       |
| paper/                     |             |
|    accel_variation         | 0.544       |
|    base_reward             | 436         |
|    collision               | 0           |
|    crash_object            | 0           |
|    crash_vehicle           | 0           |
|    episode_cost            | 0           |
|    episode_length          | 993         |
|    jerk                    | 0.496       |
|    lane_deviation          | 0.178       |
|    max_lane_deviation      | 0.782       |
|    mean_speed_kmh          | 17.8        |
|    min_ttc                 | 9.32        |
|    out_of_road             | 0           |
|    route_completion        | 0.989       |
|    shaped_reward           | 270         |
|    steering_variation      | 0.373       |
|    success                 | 1           |
|    ttc_risk                | 0.000403    |
| rollout/                   |             |
|    ep_len_mean             | 912         |
|    ep_rew_mean             | 84.2        |
|    success_rate            | 0.23        |
| time/                      |             |
|    fps                     | 1182        |
|    iterations              | 100         |
|    time_elapsed            | 866         |
|    total_timesteps         | 1024000     |
| train/                     |             |
|    approx_kl               | 0.012610796 |
|    clip_fraction           | 0.141       |
|    clip_range              | 0.2         |
|    entropy_loss            | -1.45       |
|    explained_variance      | 0.668       |
|    learning_rate           | 0.0003      |
|    loss                    | 5.95        |
|    n_updates               | 990         |
|    policy_gradient_loss    | 0.000597    |
|    std                     | 0.538       |
|    value_loss              | 24.3        |
--------------------------------------------
--------------------------------------------
| curriculum/                |             |
|    stage                   | 2           |
|    window_cost             | 0           |
|    window_route_completion | 0.865       |
|    window_success          | 0.267       |
| paper/                     |             |
|    accel_variation         | 0.521       |
|    base_reward             | 372         |
|    collision               | 0           |
|    crash_object            | 0           |
|    crash_vehicle           | 0           |
|    episode_cost            | 0           |
|    episode_length          | 1000        |
|    jerk                    | 0.482       |
|    lane_deviation          | 0.239       |
|    max_lane_deviation      | 0.988       |
|    mean_speed_kmh          | 17.2        |
|    min_ttc                 | 1.6         |
|    out_of_road             | 0           |
|    route_completion        | 0.93        |
|    shaped_reward           | 46.4        |
|    steering_variation      | 0.359       |
|    success                 | 0           |
|    ttc_risk                | 0.0191      |
| rollout/                   |             |
|    ep_len_mean             | 916         |
|    ep_rew_mean             | 89.9        |
|    success_rate            | 0.2         |
| time/                      |             |
|    fps                     | 1178        |
|    iterations              | 101         |
|    time_elapsed            | 877         |
|    total_timesteps         | 1034240     |
| train/                     |             |
|    approx_kl               | 0.015937477 |
|    clip_fraction           | 0.26        |
|    clip_range              | 0.2         |
|    entropy_loss            | -1.44       |
|    explained_variance      | 0.796       |
|    learning_rate           | 0.0003      |
|    loss                    | 3.52        |
|    n_updates               | 1000        |
|    policy_gradient_loss    | 0.0122      |
|    std                     | 0.54        |
|    value_loss              | 12.7        |
--------------------------------------------
--------------------------------------------
| curriculum/                |             |
|    stage                   | 2           |
|    window_cost             | 0           |
|    window_route_completion | 0.85        |
|    window_success          | 0.3         |
| paper/                     |             |
|    accel_variation         | 0.53        |
|    base_reward             | 405         |
|    collision               | 0           |
|    crash_object            | 0           |
|    crash_vehicle           | 0           |
|    episode_cost            | 0           |
|    episode_length          | 1000        |
|    jerk                    | 0.474       |
|    lane_deviation          | 0.187       |
|    max_lane_deviation      | 0.651       |
|    mean_speed_kmh          | 17.5        |
|    min_ttc                 | 2.72        |
|    out_of_road             | 0           |
|    route_completion        | 0.852       |
|    shaped_reward           | 145         |
|    steering_variation      | 0.373       |
|    success                 | 0           |
|    ttc_risk                | 0.00838     |
| rollout/                   |             |
|    ep_len_mean             | 933         |
|    ep_rew_mean             | 100         |
|    success_rate            | 0.21        |
| time/                      |             |
|    fps                     | 1174        |
|    iterations              | 102         |
|    time_elapsed            | 889         |
|    total_timesteps         | 1044480     |
| train/                     |             |
|    approx_kl               | 0.016203001 |
|    clip_fraction           | 0.12        |
|    clip_range              | 0.2         |
|    entropy_loss            | -1.44       |
|    explained_variance      | 0.665       |
|    learning_rate           | 0.0003      |
|    loss                    | 22.3        |
|    n_updates               | 1010        |
|    policy_gradient_loss    | -0.00151    |
|    std                     | 0.538       |
|    value_loss              | 32.5        |
--------------------------------------------
--------------------------------------------
| curriculum/                |             |
|    stage                   | 2           |
|    window_cost             | 0           |
|    window_route_completion | 0.842       |
|    window_success          | 0.267       |
| paper/                     |             |
|    accel_variation         | 0.495       |
|    base_reward             | 384         |
|    collision               | 0           |
|    crash_object            | 0           |
|    crash_vehicle           | 0           |
|    episode_cost            | 0           |
|    episode_length          | 1000        |
|    jerk                    | 0.473       |
|    lane_deviation          | 0.215       |
|    max_lane_deviation      | 0.648       |
|    mean_speed_kmh          | 17          |
|    min_ttc                 | 1.21        |
|    out_of_road             | 0           |
|    route_completion        | 0.63        |
|    shaped_reward           | -25.4       |
|    steering_variation      | 0.368       |
|    success                 | 0           |
|    ttc_risk                | 0.0315      |
| rollout/                   |             |
|    ep_len_mean             | 932         |
|    ep_rew_mean             | 96.7        |
|    success_rate            | 0.21        |
| time/                      |             |
|    fps                     | 1170        |
|    iterations              | 103         |
|    time_elapsed            | 900         |
|    total_timesteps         | 1054720     |
| train/                     |             |
|    approx_kl               | 0.015012073 |
|    clip_fraction           | 0.197       |
|    clip_range              | 0.2         |
|    entropy_loss            | -1.42       |
|    explained_variance      | 0.789       |
|    learning_rate           | 0.0003      |
|    loss                    | 11.6        |
|    n_updates               | 1020        |
|    policy_gradient_loss    | 0.00505     |
|    std                     | 0.533       |
|    value_loss              | 26.1        |
--------------------------------------------
--------------------------------------------
| curriculum/                |             |
|    stage                   | 2           |
|    window_cost             | 0.1         |
|    window_route_completion | 0.797       |
|    window_success          | 0.233       |
| paper/                     |             |
|    accel_variation         | 0.542       |
|    base_reward             | 421         |
|    collision               | 0           |
|    crash_object            | 0           |
|    crash_vehicle           | 0           |
|    episode_cost            | 0           |
|    episode_length          | 1000        |
|    jerk                    | 0.493       |
|    lane_deviation          | 0.183       |
|    max_lane_deviation      | 0.63        |
|    mean_speed_kmh          | 17.8        |
|    min_ttc                 | 7.82        |
|    out_of_road             | 0           |
|    route_completion        | 0.634       |
|    shaped_reward           | 191         |
|    steering_variation      | 0.369       |
|    success                 | 0           |
|    ttc_risk                | 0.000584    |
| rollout/                   |             |
|    ep_len_mean             | 924         |
|    ep_rew_mean             | 93.1        |
|    success_rate            | 0.2         |
| time/                      |             |
|    fps                     | 1167        |
|    iterations              | 104         |
|    time_elapsed            | 912         |
|    total_timesteps         | 1064960     |
| train/                     |             |
|    approx_kl               | 0.011978554 |
|    clip_fraction           | 0.162       |
|    clip_range              | 0.2         |
|    entropy_loss            | -1.4        |
|    explained_variance      | 0.685       |
|    learning_rate           | 0.0003      |
|    loss                    | 5.56        |
|    n_updates               | 1030        |
|    policy_gradient_loss    | 0.00244     |
|    std                     | 0.525       |
|    value_loss              | 24.5        |
--------------------------------------------
--------------------------------------------
| curriculum/                |             |
|    stage                   | 2           |
|    window_cost             | 0.167       |
|    window_route_completion | 0.794       |
|    window_success          | 0.233       |
| paper/                     |             |
|    accel_variation         | 0.478       |
|    base_reward             | 355         |
|    collision               | 0           |
|    crash_object            | 0           |
|    crash_vehicle           | 0           |
|    episode_cost            | 0           |
|    episode_length          | 1000        |
|    jerk                    | 0.465       |
|    lane_deviation          | 0.219       |
|    max_lane_deviation      | 1.1         |
|    mean_speed_kmh          | 16.1        |
|    min_ttc                 | 0.0674      |
|    out_of_road             | 0           |
|    route_completion        | 0.893       |
|    shaped_reward           | -194        |
|    steering_variation      | 0.36        |
|    success                 | 0           |
|    ttc_risk                | 0.0564      |
| rollout/                   |             |
|    ep_len_mean             | 919         |
|    ep_rew_mean             | 103         |
|    success_rate            | 0.23        |
| time/                      |             |
|    fps                     | 1164        |
|    iterations              | 105         |
|    time_elapsed            | 923         |
|    total_timesteps         | 1075200     |
| train/                     |             |
|    approx_kl               | 0.013155127 |
|    clip_fraction           | 0.129       |
|    clip_range              | 0.2         |
|    entropy_loss            | -1.37       |
|    explained_variance      | 0.604       |
|    learning_rate           | 0.0003      |
|    loss                    | 29.8        |
|    n_updates               | 1040        |
|    policy_gradient_loss    | -0.0038     |
|    std                     | 0.52        |
|    value_loss              | 74.8        |
--------------------------------------------
--------------------------------------------
| curriculum/                |             |
|    stage                   | 2           |
|    window_cost             | 0.2         |
|    window_route_completion | 0.76        |
|    window_success          | 0.167       |
| paper/                     |             |
|    accel_variation         | 0.494       |
|    base_reward             | 375         |
|    collision               | 0           |
|    crash_object            | 0           |
|    crash_vehicle           | 0           |
|    episode_cost            | 0           |
|    episode_length          | 1000        |
|    jerk                    | 0.458       |
|    lane_deviation          | 0.231       |
|    max_lane_deviation      | 0.73        |
|    mean_speed_kmh          | 16.7        |
|    min_ttc                 | 0.059       |
|    out_of_road             | 0           |
|    route_completion        | 0.842       |
|    shaped_reward           | -62.6       |
|    steering_variation      | 0.349       |
|    success                 | 0           |
|    ttc_risk                | 0.037       |
| rollout/                   |             |
|    ep_len_mean             | 927         |
|    ep_rew_mean             | 105         |
|    success_rate            | 0.22        |
| time/                      |             |
|    fps                     | 1162        |
|    iterations              | 106         |
|    time_elapsed            | 933         |
|    total_timesteps         | 1085440     |
| train/                     |             |
|    approx_kl               | 0.020601453 |
|    clip_fraction           | 0.157       |
|    clip_range              | 0.2         |
|    entropy_loss            | -1.35       |
|    explained_variance      | 0.719       |
|    learning_rate           | 0.0003      |
|    loss                    | 32.2        |
|    n_updates               | 1050        |
|    policy_gradient_loss    | 1.67e-05    |
|    std                     | 0.516       |
|    value_loss              | 56.3        |
--------------------------------------------
--------------------------------------------
| curriculum/                |             |
|    stage                   | 2           |
|    window_cost             | 0.1         |
|    window_route_completion | 0.811       |
|    window_success          | 0.167       |
| paper/                     |             |
|    accel_variation         | 0.514       |
|    base_reward             | 372         |
|    collision               | 0           |
|    crash_object            | 0           |
|    crash_vehicle           | 0           |
|    episode_cost            | 0           |
|    episode_length          | 888         |
|    jerk                    | 0.478       |
|    lane_deviation          | 0.198       |
|    max_lane_deviation      | 0.617       |
|    mean_speed_kmh          | 17          |
|    min_ttc                 | 0.00907     |
|    out_of_road             | 0           |
|    route_completion        | 0.989       |
|    shaped_reward           | 112         |
|    steering_variation      | 0.362       |
|    success                 | 1           |
|    ttc_risk                | 0.0241      |
| rollout/                   |             |
|    ep_len_mean             | 950         |
|    ep_rew_mean             | 116         |
|    success_rate            | 0.24        |
| time/                      |             |
|    fps                     | 1157        |
|    iterations              | 107         |
|    time_elapsed            | 946         |
|    total_timesteps         | 1095680     |
| train/                     |             |
|    approx_kl               | 0.019842686 |
|    clip_fraction           | 0.129       |
|    clip_range              | 0.2         |
|    entropy_loss            | -1.34       |
|    explained_variance      | 0.775       |
|    learning_rate           | 0.0003      |
|    loss                    | 19.3        |
|    n_updates               | 1060        |
|    policy_gradient_loss    | -0.000471   |
|    std                     | 0.512       |
|    value_loss              | 78          |
--------------------------------------------
--------------------------------------------
| curriculum/                |             |
|    stage                   | 2           |
|    window_cost             | 0           |
|    window_route_completion | 0.85        |
|    window_success          | 0.2         |
| paper/                     |             |
|    accel_variation         | 0.533       |
|    base_reward             | 395         |
|    collision               | 0           |
|    crash_object            | 0           |
|    crash_vehicle           | 0           |
|    episode_cost            | 0           |
|    episode_length          | 997         |
|    jerk                    | 0.512       |
|    lane_deviation          | 0.277       |
|    max_lane_deviation      | 0.993       |
|    mean_speed_kmh          | 17.9        |
|    min_ttc                 | 15.7        |
|    out_of_road             | 0           |
|    route_completion        | 0.99        |
|    shaped_reward           | 217         |
|    steering_variation      | 0.348       |
|    success                 | 1           |
|    ttc_risk                | 0           |
| rollout/                   |             |
|    ep_len_mean             | 949         |
|    ep_rew_mean             | 115         |
|    success_rate            | 0.25        |
| time/                      |             |
|    fps                     | 1156        |
|    iterations              | 108         |
|    time_elapsed            | 956         |
|    total_timesteps         | 1105920     |
| train/                     |             |
|    approx_kl               | 0.010982038 |
|    clip_fraction           | 0.191       |
|    clip_range              | 0.2         |
|    entropy_loss            | -1.33       |
|    explained_variance      | 0.829       |
|    learning_rate           | 0.0003      |
|    loss                    | 18.5        |
|    n_updates               | 1070        |
|    policy_gradient_loss    | 0.00367     |
|    std                     | 0.513       |
|    value_loss              | 32.3        |
--------------------------------------------
--------------------------------------------
| curriculum/                |             |
|    stage                   | 2           |
|    window_cost             | 0.1         |
|    window_route_completion | 0.801       |
|    window_success          | 0.267       |
| paper/                     |             |
|    accel_variation         | 0.539       |
|    base_reward             | 404         |
|    collision               | 0           |
|    crash_object            | 0           |
|    crash_vehicle           | 0           |
|    episode_cost            | 0           |
|    episode_length          | 1000        |
|    jerk                    | 0.488       |
|    lane_deviation          | 0.215       |
|    max_lane_deviation      | 0.924       |
|    mean_speed_kmh          | 17.8        |
|    min_ttc                 | 9.89        |
|    out_of_road             | 0           |
|    route_completion        | 0.686       |
|    shaped_reward           | 176         |
|    steering_variation      | 0.363       |
|    success                 | 0           |
|    ttc_risk                | 0.00022     |
| rollout/                   |             |
|    ep_len_mean             | 924         |
|    ep_rew_mean             | 104         |
|    success_rate            | 0.24        |
| time/                      |             |
|    fps                     | 1152        |
|    iterations              | 109         |
|    time_elapsed            | 968         |
|    total_timesteps         | 1116160     |
| train/                     |             |
|    approx_kl               | 0.011313966 |
|    clip_fraction           | 0.168       |
|    clip_range              | 0.2         |
|    entropy_loss            | -1.33       |
|    explained_variance      | 0.747       |
|    learning_rate           | 0.0003      |
|    loss                    | 7.99        |
|    n_updates               | 1080        |
|    policy_gradient_loss    | 0.00443     |
|    std                     | 0.51        |
|    value_loss              | 41.6        |
--------------------------------------------
--------------------------------------------
| curriculum/                |             |
|    stage                   | 2           |
|    window_cost             | 0.133       |
|    window_route_completion | 0.836       |
|    window_success          | 0.367       |
| paper/                     |             |
|    accel_variation         | 0.479       |
|    base_reward             | 336         |
|    collision               | 0           |
|    crash_object            | 0           |
|    crash_vehicle           | 0           |
|    episode_cost            | 0           |
|    episode_length          | 878         |
|    jerk                    | 0.472       |
|    lane_deviation          | 0.228       |
|    max_lane_deviation      | 0.933       |
|    mean_speed_kmh          | 16.4        |
|    min_ttc                 | 0.347       |
|    out_of_road             | 0           |
|    route_completion        | 0.988       |
|    shaped_reward           | -44.3       |
|    steering_variation      | 0.342       |
|    success                 | 1           |
|    ttc_risk                | 0.0473      |
| rollout/                   |             |
|    ep_len_mean             | 920         |
|    ep_rew_mean             | 99.6        |
|    success_rate            | 0.26        |
| time/                      |             |
|    fps                     | 1151        |
|    iterations              | 110         |
|    time_elapsed            | 978         |
|    total_timesteps         | 1126400     |
| train/                     |             |
|    approx_kl               | 0.018096413 |
|    clip_fraction           | 0.225       |
|    clip_range              | 0.2         |
|    entropy_loss            | -1.32       |
|    explained_variance      | 0.681       |
|    learning_rate           | 0.0003      |
|    loss                    | 18.9        |
|    n_updates               | 1090        |
|    policy_gradient_loss    | 0.00196     |
|    std                     | 0.507       |
|    value_loss              | 68.2        |
--------------------------------------------
-------------------------------------------
| curriculum/                |            |
|    stage                   | 2          |
|    window_cost             | 0.167      |
|    window_route_completion | 0.828      |
|    window_success          | 0.233      |
| paper/                     |            |
|    accel_variation         | 0.548      |
|    base_reward             | 398        |
|    collision               | 0          |
|    crash_object            | 0          |
|    crash_vehicle           | 0          |
|    episode_cost            | 0          |
|    episode_length          | 1000       |
|    jerk                    | 0.473      |
|    lane_deviation          | 0.234      |
|    max_lane_deviation      | 0.974      |
|    mean_speed_kmh          | 17.9       |
|    min_ttc                 | nan        |
|    out_of_road             | 0          |
|    route_completion        | 0.693      |
|    shaped_reward           | 166        |
|    steering_variation      | 0.372      |
|    success                 | 0          |
|    ttc_risk                | 0          |
| rollout/                   |            |
|    ep_len_mean             | 917        |
|    ep_rew_mean             | 97.3       |
|    success_rate            | 0.23       |
| time/                      |            |
|    fps                     | 1149       |
|    iterations              | 111        |
|    time_elapsed            | 989        |
|    total_timesteps         | 1136640    |
| train/                     |            |
|    approx_kl               | 0.03095529 |
|    clip_fraction           | 0.168      |
|    clip_range              | 0.2        |
|    entropy_loss            | -1.31      |
|    explained_variance      | 0.775      |
|    learning_rate           | 0.0003     |
|    loss                    | 12.1       |
|    n_updates               | 1100       |
|    policy_gradient_loss    | -0.00125   |
|    std                     | 0.506      |
|    value_loss              | 57.3       |
-------------------------------------------
--------------------------------------------
| curriculum/                |             |
|    stage                   | 2           |
|    window_cost             | 0.167       |
|    window_route_completion | 0.834       |
|    window_success          | 0.2         |
| paper/                     |             |
|    accel_variation         | 0.549       |
|    base_reward             | 428         |
|    collision               | 0           |
|    crash_object            | 0           |
|    crash_vehicle           | 0           |
|    episode_cost            | 0           |
|    episode_length          | 1000        |
|    jerk                    | 0.492       |
|    lane_deviation          | 0.18        |
|    max_lane_deviation      | 0.653       |
|    mean_speed_kmh          | 18          |
|    min_ttc                 | 328         |
|    out_of_road             | 0           |
|    route_completion        | 0.898       |
|    shaped_reward           | 210         |
|    steering_variation      | 0.329       |
|    success                 | 0           |
|    ttc_risk                | 0           |
| rollout/                   |             |
|    ep_len_mean             | 917         |
|    ep_rew_mean             | 97.7        |
|    success_rate            | 0.22        |
| time/                      |             |
|    fps                     | 1146        |
|    iterations              | 112         |
|    time_elapsed            | 1000        |
|    total_timesteps         | 1146880     |
| train/                     |             |
|    approx_kl               | 0.014839781 |
|    clip_fraction           | 0.265       |
|    clip_range              | 0.2         |
|    entropy_loss            | -1.31       |
|    explained_variance      | 0.65        |
|    learning_rate           | 0.0003      |
|    loss                    | 13.5        |
|    n_updates               | 1110        |
|    policy_gradient_loss    | 0.0062      |
|    std                     | 0.507       |
|    value_loss              | 34.8        |
--------------------------------------------
-------------------------------------------
| curriculum/                |            |
|    stage                   | 2          |
|    window_cost             | 0.133      |
|    window_route_completion | 0.815      |
|    window_success          | 0.133      |
| paper/                     |            |
|    accel_variation         | 0.5        |
|    base_reward             | 365        |
|    collision               | 0          |
|    crash_object            | 0          |
|    crash_vehicle           | 0          |
|    episode_cost            | 0          |
|    episode_length          | 946        |
|    jerk                    | 0.457      |
|    lane_deviation          | 0.267      |
|    max_lane_deviation      | 0.855      |
|    mean_speed_kmh          | 16.6       |
|    min_ttc                 | 0.0498     |
|    out_of_road             | 0          |
|    route_completion        | 0.988      |
|    shaped_reward           | -20.8      |
|    steering_variation      | 0.351      |
|    success                 | 1          |
|    ttc_risk                | 0.0399     |
| rollout/                   |            |
|    ep_len_mean             | 927        |
|    ep_rew_mean             | 103        |
|    success_rate            | 0.23       |
| time/                      |            |
|    fps                     | 1144       |
|    iterations              | 113        |
|    time_elapsed            | 1010       |
|    total_timesteps         | 1157120    |
| train/                     |            |
|    approx_kl               | 0.03907366 |
|    clip_fraction           | 0.263      |
|    clip_range              | 0.2        |
|    entropy_loss            | -1.32      |
|    explained_variance      | 0.519      |
|    learning_rate           | 0.0003     |
|    loss                    | 8.66       |
|    n_updates               | 1120       |
|    policy_gradient_loss    | 0.00354    |
|    std                     | 0.51       |
|    value_loss              | 40.8       |
-------------------------------------------
--------------------------------------------
| curriculum/                |             |
|    stage                   | 2           |
|    window_cost             | 0.1         |
|    window_route_completion | 0.836       |
|    window_success          | 0.3         |
| paper/                     |             |
|    accel_variation         | 0.527       |
|    base_reward             | 357         |
|    collision               | 0           |
|    crash_object            | 0           |
|    crash_vehicle           | 0           |
|    episode_cost            | 0           |
|    episode_length          | 822         |
|    jerk                    | 0.511       |
|    lane_deviation          | 0.207       |
|    max_lane_deviation      | 0.593       |
|    mean_speed_kmh          | 17.9        |
|    min_ttc                 | nan         |
|    out_of_road             | 0           |
|    route_completion        | 0.989       |
|    shaped_reward           | 234         |
|    steering_variation      | 0.355       |
|    success                 | 1           |
|    ttc_risk                | 0           |
| rollout/                   |             |
|    ep_len_mean             | 929         |
|    ep_rew_mean             | 106         |
|    success_rate            | 0.25        |
| time/                      |             |
|    fps                     | 1142        |
|    iterations              | 114         |
|    time_elapsed            | 1021        |
|    total_timesteps         | 1167360     |
| train/                     |             |
|    approx_kl               | 0.010269399 |
|    clip_fraction           | 0.203       |
|    clip_range              | 0.2         |
|    entropy_loss            | -1.32       |
|    explained_variance      | 0.771       |
|    learning_rate           | 0.0003      |
|    loss                    | 16.5        |
|    n_updates               | 1130        |
|    policy_gradient_loss    | 0.00303     |
|    std                     | 0.514       |
|    value_loss              | 35.7        |
--------------------------------------------
--------------------------------------------
| curriculum/                |             |
|    stage                   | 2           |
|    window_cost             | 0.1         |
|    window_route_completion | 0.857       |
|    window_success          | 0.333       |
| paper/                     |             |
|    accel_variation         | 0.532       |
|    base_reward             | 412         |
|    collision               | 0           |
|    crash_object            | 0           |
|    crash_vehicle           | 0           |
|    episode_cost            | 0           |
|    episode_length          | 1000        |
|    jerk                    | 0.476       |
|    lane_deviation          | 0.207       |
|    max_lane_deviation      | 0.847       |
|    mean_speed_kmh          | 17.9        |
|    min_ttc                 | 11.3        |
|    out_of_road             | 0           |
|    route_completion        | 0.946       |
|    shaped_reward           | 194         |
|    steering_variation      | 0.355       |
|    success                 | 0           |
|    ttc_risk                | 5.97e-05    |
| rollout/                   |             |
|    ep_len_mean             | 932         |
|    ep_rew_mean             | 111         |
|    success_rate            | 0.26        |
| time/                      |             |
|    fps                     | 1140        |
|    iterations              | 115         |
|    time_elapsed            | 1032        |
|    total_timesteps         | 1177600     |
| train/                     |             |
|    approx_kl               | 0.015180154 |
|    clip_fraction           | 0.181       |
|    clip_range              | 0.2         |
|    entropy_loss            | -1.32       |
|    explained_variance      | 0.651       |
|    learning_rate           | 0.0003      |
|    loss                    | 10.3        |
|    n_updates               | 1140        |
|    policy_gradient_loss    | 0.00199     |
|    std                     | 0.507       |
|    value_loss              | 30.7        |
--------------------------------------------
--------------------------------------------
| curriculum/                |             |
|    stage                   | 2           |
|    window_cost             | 0.1         |
|    window_route_completion | 0.858       |
|    window_success          | 0.333       |
| paper/                     |             |
|    accel_variation         | 0.505       |
|    base_reward             | 392         |
|    collision               | 0           |
|    crash_object            | 0           |
|    crash_vehicle           | 0           |
|    episode_cost            | 0           |
|    episode_length          | 1000        |
|    jerk                    | 0.474       |
|    lane_deviation          | 0.218       |
|    max_lane_deviation      | 0.815       |
|    mean_speed_kmh          | 17.3        |
|    min_ttc                 | 2.69        |
|    out_of_road             | 0           |
|    route_completion        | 0.929       |
|    shaped_reward           | 76.5        |
|    steering_variation      | 0.33        |
|    success                 | 0           |
|    ttc_risk                | 0.0168      |
| rollout/                   |             |
|    ep_len_mean             | 932         |
|    ep_rew_mean             | 118         |
|    success_rate            | 0.27        |
| time/                      |             |
|    fps                     | 1138        |
|    iterations              | 116         |
|    time_elapsed            | 1043        |
|    total_timesteps         | 1187840     |
| train/                     |             |
|    approx_kl               | 0.042522766 |
|    clip_fraction           | 0.261       |
|    clip_range              | 0.2         |
|    entropy_loss            | -1.3        |
|    explained_variance      | 0.629       |
|    learning_rate           | 0.0003      |
|    loss                    | 2.58        |
|    n_updates               | 1150        |
|    policy_gradient_loss    | 0.00601     |
|    std                     | 0.506       |
|    value_loss              | 17.8        |
--------------------------------------------
--------------------------------------------
| curriculum/                |             |
|    stage                   | 2           |
|    window_cost             | 0.133       |
|    window_route_completion | 0.854       |
|    window_success          | 0.2         |
| paper/                     |             |
|    accel_variation         | 0.539       |
|    base_reward             | 411         |
|    collision               | 0           |
|    crash_object            | 0           |
|    crash_vehicle           | 0           |
|    episode_cost            | 0           |
|    episode_length          | 1000        |
|    jerk                    | 0.472       |
|    lane_deviation          | 0.169       |
|    max_lane_deviation      | 0.74        |
|    mean_speed_kmh          | 17.1        |
|    min_ttc                 | 1.31        |
|    out_of_road             | 0           |
|    route_completion        | 0.887       |
|    shaped_reward           | 171         |
|    steering_variation      | 0.346       |
|    success                 | 0           |
|    ttc_risk                | 0.00535     |
| rollout/                   |             |
|    ep_len_mean             | 930         |
|    ep_rew_mean             | 122         |
|    success_rate            | 0.26        |
| time/                      |             |
|    fps                     | 1136        |
|    iterations              | 117         |
|    time_elapsed            | 1054        |
|    total_timesteps         | 1198080     |
| train/                     |             |
|    approx_kl               | 0.029139474 |
|    clip_fraction           | 0.175       |
|    clip_range              | 0.2         |
|    entropy_loss            | -1.3        |
|    explained_variance      | 0.767       |
|    learning_rate           | 0.0003      |
|    loss                    | 3.58        |
|    n_updates               | 1160        |
|    policy_gradient_loss    | 0.00186     |
|    std                     | 0.51        |
|    value_loss              | 18.2        |
--------------------------------------------
--------------------------------------------
| curriculum/                |             |
|    stage                   | 2           |
|    window_cost             | 0.2         |
|    window_route_completion | 0.784       |
|    window_success          | 0.133       |
| paper/                     |             |
|    accel_variation         | 0.475       |
|    base_reward             | 157         |
|    collision               | 0           |
|    crash_object            | 0           |
|    crash_vehicle           | 0           |
|    episode_cost            | 1           |
|    episode_length          | 481         |
|    jerk                    | 0.45        |
|    lane_deviation          | 0.347       |
|    max_lane_deviation      | 2           |
|    mean_speed_kmh          | 17          |
|    min_ttc                 | 3.04        |
|    out_of_road             | 1           |
|    route_completion        | 0.37        |
|    shaped_reward           | -180        |
|    steering_variation      | 0.329       |
|    success                 | 0           |
|    ttc_risk                | 0.00986     |
| rollout/                   |             |
|    ep_len_mean             | 934         |
|    ep_rew_mean             | 116         |
|    success_rate            | 0.21        |
| time/                      |             |
|    fps                     | 1133        |
|    iterations              | 118         |
|    time_elapsed            | 1065        |
|    total_timesteps         | 1208320     |
| train/                     |             |
|    approx_kl               | 0.028554797 |
|    clip_fraction           | 0.319       |
|    clip_range              | 0.2         |
|    entropy_loss            | -1.3        |
|    explained_variance      | 0.682       |
|    learning_rate           | 0.0003      |
|    loss                    | 22.9        |
|    n_updates               | 1170        |
|    policy_gradient_loss    | 0.00875     |
|    std                     | 0.512       |
|    value_loss              | 26.9        |
--------------------------------------------
--------------------------------------------
| curriculum/                |             |
|    stage                   | 2           |
|    window_cost             | 0.233       |
|    window_route_completion | 0.758       |
|    window_success          | 0.0667      |
| paper/                     |             |
|    accel_variation         | 0.543       |
|    base_reward             | 390         |
|    collision               | 0           |
|    crash_object            | 0           |
|    crash_vehicle           | 0           |
|    episode_cost            | 0           |
|    episode_length          | 1000        |
|    jerk                    | 0.487       |
|    lane_deviation          | 0.242       |
|    max_lane_deviation      | 0.781       |
|    mean_speed_kmh          | 18          |
|    min_ttc                 | nan         |
|    out_of_road             | 0           |
|    route_completion        | 0.723       |
|    shaped_reward           | 166         |
|    steering_variation      | 0.328       |
|    success                 | 0           |
|    ttc_risk                | 0           |
| rollout/                   |             |
|    ep_len_mean             | 934         |
|    ep_rew_mean             | 117         |
|    success_rate            | 0.19        |
| time/                      |             |
|    fps                     | 1130        |
|    iterations              | 119         |
|    time_elapsed            | 1077        |
|    total_timesteps         | 1218560     |
| train/                     |             |
|    approx_kl               | 0.014073877 |
|    clip_fraction           | 0.15        |
|    clip_range              | 0.2         |
|    entropy_loss            | -1.3        |
|    explained_variance      | 0.608       |
|    learning_rate           | 0.0003      |
|    loss                    | 27.5        |
|    n_updates               | 1180        |
|    policy_gradient_loss    | -0.0036     |
|    std                     | 0.513       |
|    value_loss              | 62.7        |
--------------------------------------------
--------------------------------------------
| curriculum/                |             |
|    stage                   | 2           |
|    window_cost             | 0.2         |
|    window_route_completion | 0.731       |
|    window_success          | 0.0667      |
| paper/                     |             |
|    accel_variation         | 0.508       |
|    base_reward             | 414         |
|    collision               | 0           |
|    crash_object            | 0           |
|    crash_vehicle           | 0           |
|    episode_cost            | 0           |
|    episode_length          | 1000        |
|    jerk                    | 0.463       |
|    lane_deviation          | 0.152       |
|    max_lane_deviation      | 0.591       |
|    mean_speed_kmh          | 17          |
|    min_ttc                 | 0.859       |
|    out_of_road             | 0           |
|    route_completion        | 0.971       |
|    shaped_reward           | 7.12        |
|    steering_variation      | 0.328       |
|    success                 | 0           |
|    ttc_risk                | 0.0332      |
| rollout/                   |             |
|    ep_len_mean             | 937         |
|    ep_rew_mean             | 118         |
|    success_rate            | 0.18        |
| time/                      |             |
|    fps                     | 1128        |
|    iterations              | 120         |
|    time_elapsed            | 1089        |
|    total_timesteps         | 1228800     |
| train/                     |             |
|    approx_kl               | 0.013958076 |
|    clip_fraction           | 0.242       |
|    clip_range              | 0.2         |
|    entropy_loss            | -1.29       |
|    explained_variance      | 0.58        |
|    learning_rate           | 0.0003      |
|    loss                    | 17.2        |
|    n_updates               | 1190        |
|    policy_gradient_loss    | 0.00521     |
|    std                     | 0.508       |
|    value_loss              | 18.8        |
--------------------------------------------
------------------------------------------
| curriculum/                |           |
|    stage                   | 2         |
|    window_cost             | 0.1       |
|    window_route_completion | 0.767     |
|    window_success          | 0.1       |
| paper/                     |           |
|    accel_variation         | 0.528     |
|    base_reward             | 453       |
|    collision               | 0         |
|    crash_object            | 0         |
|    crash_vehicle           | 0         |
|    episode_cost            | 0         |
|    episode_length          | 972       |
|    jerk                    | 0.469     |
|    lane_deviation          | 0.124     |
|    max_lane_deviation      | 0.455     |
|    mean_speed_kmh          | 17.6      |
|    min_ttc                 | 1.93      |
|    out_of_road             | 0         |
|    route_completion        | 0.99      |
|    shaped_reward           | 233       |
|    steering_variation      | 0.318     |
|    success                 | 1         |
|    ttc_risk                | 0.0104    |
| rollout/                   |           |
|    ep_len_mean             | 929       |
|    ep_rew_mean             | 118       |
|    success_rate            | 0.19      |
| time/                      |           |
|    fps                     | 1125      |
|    iterations              | 121       |
|    time_elapsed            | 1101      |
|    total_timesteps         | 1239040   |
| train/                     |           |
|    approx_kl               | 0.0062702 |
|    clip_fraction           | 0.129     |
|    clip_range              | 0.2       |
|    entropy_loss            | -1.27     |
|    explained_variance      | 0.606     |
|    learning_rate           | 0.0003    |
|    loss                    | 9.32      |
|    n_updates               | 1200      |
|    policy_gradient_loss    | 0.00122   |
|    std                     | 0.504     |
|    value_loss              | 32.8      |
------------------------------------------
--------------------------------------------
| curriculum/                |             |
|    stage                   | 2           |
|    window_cost             | 0.0667      |
|    window_route_completion | 0.78        |
|    window_success          | 0.167       |
| paper/                     |             |
|    accel_variation         | 0.523       |
|    base_reward             | 385         |
|    collision               | 0           |
|    crash_object            | 0           |
|    crash_vehicle           | 0           |
|    episode_cost            | 0           |
|    episode_length          | 1000        |
|    jerk                    | 0.488       |
|    lane_deviation          | 0.199       |
|    max_lane_deviation      | 0.803       |
|    mean_speed_kmh          | 16.7        |
|    min_ttc                 | 5.92        |
|    out_of_road             | 0           |
|    route_completion        | 0.679       |
|    shaped_reward           | 159         |
|    steering_variation      | 0.313       |
|    success                 | 0           |
|    ttc_risk                | 0.00239     |
| rollout/                   |             |
|    ep_len_mean             | 930         |
|    ep_rew_mean             | 115         |
|    success_rate            | 0.19        |
| time/                      |             |
|    fps                     | 1122        |
|    iterations              | 122         |
|    time_elapsed            | 1113        |
|    total_timesteps         | 1249280     |
| train/                     |             |
|    approx_kl               | 0.010391292 |
|    clip_fraction           | 0.108       |
|    clip_range              | 0.2         |
|    entropy_loss            | -1.26       |
|    explained_variance      | 0.673       |
|    learning_rate           | 0.0003      |
|    loss                    | 29.8        |
|    n_updates               | 1210        |
|    policy_gradient_loss    | -0.000571   |
|    std                     | 0.502       |
|    value_loss              | 48.8        |
--------------------------------------------
--------------------------------------------
| curriculum/                |             |
|    stage                   | 2           |
|    window_cost             | 0.0667      |
|    window_route_completion | 0.807       |
|    window_success          | 0.2         |
| paper/                     |             |
|    accel_variation         | 0.51        |
|    base_reward             | 427         |
|    collision               | 0           |
|    crash_object            | 0           |
|    crash_vehicle           | 0           |
|    episode_cost            | 0           |
|    episode_length          | 1000        |
|    jerk                    | 0.493       |
|    lane_deviation          | 0.185       |
|    max_lane_deviation      | 0.613       |
|    mean_speed_kmh          | 18          |
|    min_ttc                 | nan         |
|    out_of_road             | 0           |
|    route_completion        | 0.663       |
|    shaped_reward           | 201         |
|    steering_variation      | 0.314       |
|    success                 | 0           |
|    ttc_risk                | 0           |
| rollout/                   |             |
|    ep_len_mean             | 942         |
|    ep_rew_mean             | 125         |
|    success_rate            | 0.17        |
| time/                      |             |
|    fps                     | 1121        |
|    iterations              | 123         |
|    time_elapsed            | 1122        |
|    total_timesteps         | 1259520     |
| train/                     |             |
|    approx_kl               | 0.009049828 |
|    clip_fraction           | 0.208       |
|    clip_range              | 0.2         |
|    entropy_loss            | -1.26       |
|    explained_variance      | 0.775       |
|    learning_rate           | 0.0003      |
|    loss                    | 25          |
|    n_updates               | 1220        |
|    policy_gradient_loss    | 0.00994     |
|    std                     | 0.503       |
|    value_loss              | 42.8        |
--------------------------------------------
--------------------------------------------
| curriculum/                |             |
|    stage                   | 2           |
|    window_cost             | 0.0333      |
|    window_route_completion | 0.851       |
|    window_success          | 0.233       |
| paper/                     |             |
|    accel_variation         | 0.49        |
|    base_reward             | 396         |
|    collision               | 0           |
|    crash_object            | 0           |
|    crash_vehicle           | 0           |
|    episode_cost            | 0           |
|    episode_length          | 1000        |
|    jerk                    | 0.45        |
|    lane_deviation          | 0.199       |
|    max_lane_deviation      | 0.952       |
|    mean_speed_kmh          | 17.1        |
|    min_ttc                 | 0.497       |
|    out_of_road             | 0           |
|    route_completion        | 0.957       |
|    shaped_reward           | 75.2        |
|    steering_variation      | 0.314       |
|    success                 | 0           |
|    ttc_risk                | 0.0186      |
| rollout/                   |             |
|    ep_len_mean             | 943         |
|    ep_rew_mean             | 128         |
|    success_rate            | 0.18        |
| time/                      |             |
|    fps                     | 1120        |
|    iterations              | 124         |
|    time_elapsed            | 1133        |
|    total_timesteps         | 1269760     |
| train/                     |             |
|    approx_kl               | 0.011531998 |
|    clip_fraction           | 0.129       |
|    clip_range              | 0.2         |
|    entropy_loss            | -1.26       |
|    explained_variance      | 0.687       |
|    learning_rate           | 0.0003      |
|    loss                    | 9.28        |
|    n_updates               | 1230        |
|    policy_gradient_loss    | -0.00199    |
|    std                     | 0.503       |
|    value_loss              | 29          |
--------------------------------------------
--------------------------------------------
| curriculum/                |             |
|    stage                   | 2           |
|    window_cost             | 0.0667      |
|    window_route_completion | 0.891       |
|    window_success          | 0.333       |
| paper/                     |             |
|    accel_variation         | 0.532       |
|    base_reward             | 414         |
|    collision               | 0           |
|    crash_object            | 0           |
|    crash_vehicle           | 0           |
|    episode_cost            | 0           |
|    episode_length          | 1000        |
|    jerk                    | 0.502       |
|    lane_deviation          | 0.209       |
|    max_lane_deviation      | 0.765       |
|    mean_speed_kmh          | 18          |
|    min_ttc                 | 13.3        |
|    out_of_road             | 0           |
|    route_completion        | 0.87        |
|    shaped_reward           | 192         |
|    steering_variation      | 0.315       |
|    success                 | 0           |
|    ttc_risk                | 0           |
| rollout/                   |             |
|    ep_len_mean             | 941         |
|    ep_rew_mean             | 119         |
|    success_rate            | 0.18        |
| time/                      |             |
|    fps                     | 1119        |
|    iterations              | 125         |
|    time_elapsed            | 1143        |
|    total_timesteps         | 1280000     |
| train/                     |             |
|    approx_kl               | 0.007830123 |
|    clip_fraction           | 0.213       |
|    clip_range              | 0.2         |
|    entropy_loss            | -1.25       |
|    explained_variance      | 0.754       |
|    learning_rate           | 0.0003      |
|    loss                    | 10.4        |
|    n_updates               | 1240        |
|    policy_gradient_loss    | 0.00541     |
|    std                     | 0.498       |
|    value_loss              | 22.6        |
--------------------------------------------
-------------------------------------------
| curriculum/                |            |
|    stage                   | 2          |
|    window_cost             | 0.1        |
|    window_route_completion | 0.836      |
|    window_success          | 0.233      |
| paper/                     |            |
|    accel_variation         | 0.519      |
|    base_reward             | 414        |
|    collision               | 0          |
|    crash_object            | 0          |
|    crash_vehicle           | 0          |
|    episode_cost            | 0          |
|    episode_length          | 1000       |
|    jerk                    | 0.505      |
|    lane_deviation          | 0.209      |
|    max_lane_deviation      | 0.794      |
|    mean_speed_kmh          | 18         |
|    min_ttc                 | nan        |
|    out_of_road             | 0          |
|    route_completion        | 0.747      |
|    shaped_reward           | 191        |
|    steering_variation      | 0.31       |
|    success                 | 0          |
|    ttc_risk                | 0          |
| rollout/                   |            |
|    ep_len_mean             | 931        |
|    ep_rew_mean             | 119        |
|    success_rate            | 0.18       |
| time/                      |            |
|    fps                     | 1118       |
|    iterations              | 126        |
|    time_elapsed            | 1153       |
|    total_timesteps         | 1290240    |
| train/                     |            |
|    approx_kl               | 0.01688267 |
|    clip_fraction           | 0.194      |
|    clip_range              | 0.2        |
|    entropy_loss            | -1.24      |
|    explained_variance      | 0.663      |
|    learning_rate           | 0.0003     |
|    loss                    | 34.9       |
|    n_updates               | 1250       |
|    policy_gradient_loss    | 0.00389    |
|    std                     | 0.497      |
|    value_loss              | 44         |
-------------------------------------------
--------------------------------------------
| curriculum/                |             |
|    stage                   | 2           |
|    window_cost             | 0.133       |
|    window_route_completion | 0.81        |
|    window_success          | 0.2         |
| paper/                     |             |
|    accel_variation         | 0.5         |
|    base_reward             | 406         |
|    collision               | 0           |
|    crash_object            | 0           |
|    crash_vehicle           | 0           |
|    episode_cost            | 0           |
|    episode_length          | 1000        |
|    jerk                    | 0.478       |
|    lane_deviation          | 0.218       |
|    max_lane_deviation      | 0.74        |
|    mean_speed_kmh          | 17.9        |
|    min_ttc                 | 9.58        |
|    out_of_road             | 0           |
|    route_completion        | 0.872       |
|    shaped_reward           | 184         |
|    steering_variation      | 0.307       |
|    success                 | 0           |
|    ttc_risk                | 0.000527    |
| rollout/                   |             |
|    ep_len_mean             | 927         |
|    ep_rew_mean             | 120         |
|    success_rate            | 0.19        |
| time/                      |             |
|    fps                     | 1116        |
|    iterations              | 127         |
|    time_elapsed            | 1164        |
|    total_timesteps         | 1300480     |
| train/                     |             |
|    approx_kl               | 0.018356124 |
|    clip_fraction           | 0.219       |
|    clip_range              | 0.2         |
|    entropy_loss            | -1.23       |
|    explained_variance      | 0.523       |
|    learning_rate           | 0.0003      |
|    loss                    | 8.28        |
|    n_updates               | 1260        |
|    policy_gradient_loss    | 0.00115     |
|    std                     | 0.497       |
|    value_loss              | 29.7        |
--------------------------------------------
--------------------------------------------
| curriculum/                |             |
|    stage                   | 2           |
|    window_cost             | 0.133       |
|    window_route_completion | 0.794       |
|    window_success          | 0.267       |
| paper/                     |             |
|    accel_variation         | 0.446       |
|    base_reward             | 29.4        |
|    collision               | 1           |
|    crash_object            | 0           |
|    crash_vehicle           | 1           |
|    episode_cost            | 1           |
|    episode_length          | 101         |
|    jerk                    | 0.396       |
|    lane_deviation          | 0.157       |
|    max_lane_deviation      | 0.491       |
|    mean_speed_kmh          | 16.4        |
|    min_ttc                 | 0.442       |
|    out_of_road             | 0           |
|    route_completion        | 0.109       |
|    shaped_reward           | -156        |
|    steering_variation      | 0.274       |
|    success                 | 0           |
|    ttc_risk                | 0.019       |
| rollout/                   |             |
|    ep_len_mean             | 931         |
|    ep_rew_mean             | 126         |
|    success_rate            | 0.23        |
| time/                      |             |
|    fps                     | 1115        |
|    iterations              | 128         |
|    time_elapsed            | 1175        |
|    total_timesteps         | 1310720     |
| train/                     |             |
|    approx_kl               | 0.030572006 |
|    clip_fraction           | 0.301       |
|    clip_range              | 0.2         |
|    entropy_loss            | -1.23       |
|    explained_variance      | 0.621       |
|    learning_rate           | 0.0003      |
|    loss                    | 6.09        |
|    n_updates               | 1270        |
|    policy_gradient_loss    | 0.00869     |
|    std                     | 0.495       |
|    value_loss              | 16.3        |
--------------------------------------------
--------------------------------------------
| curriculum/                |             |
|    stage                   | 2           |
|    window_cost             | 0.1         |
|    window_route_completion | 0.846       |
|    window_success          | 0.267       |
| paper/                     |             |
|    accel_variation         | 0.485       |
|    base_reward             | 374         |
|    collision               | 0           |
|    crash_object            | 0           |
|    crash_vehicle           | 0           |
|    episode_cost            | 0           |
|    episode_length          | 1000        |
|    jerk                    | 0.423       |
|    lane_deviation          | 0.223       |
|    max_lane_deviation      | 0.785       |
|    mean_speed_kmh          | 16.4        |
|    min_ttc                 | 0.00695     |
|    out_of_road             | 0           |
|    route_completion        | 0.835       |
|    shaped_reward           | -160        |
|    steering_variation      | 0.323       |
|    success                 | 0           |
|    ttc_risk                | 0.053       |
| rollout/                   |             |
|    ep_len_mean             | 937         |
|    ep_rew_mean             | 131         |
|    success_rate            | 0.24        |
| time/                      |             |
|    fps                     | 1113        |
|    iterations              | 129         |
|    time_elapsed            | 1186        |
|    total_timesteps         | 1320960     |
| train/                     |             |
|    approx_kl               | 0.012013731 |
|    clip_fraction           | 0.198       |
|    clip_range              | 0.2         |
|    entropy_loss            | -1.23       |
|    explained_variance      | 0.699       |
|    learning_rate           | 0.0003      |
|    loss                    | 4.73        |
|    n_updates               | 1280        |
|    policy_gradient_loss    | 0.00143     |
|    std                     | 0.5         |
|    value_loss              | 31          |
--------------------------------------------
--------------------------------------------
| curriculum/                |             |
|    stage                   | 2           |
|    window_cost             | 0.133       |
|    window_route_completion | 0.824       |
|    window_success          | 0.167       |
| paper/                     |             |
|    accel_variation         | 0.544       |
|    base_reward             | 403         |
|    collision               | 0           |
|    crash_object            | 0           |
|    crash_vehicle           | 0           |
|    episode_cost            | 0           |
|    episode_length          | 1000        |
|    jerk                    | 0.503       |
|    lane_deviation          | 0.163       |
|    max_lane_deviation      | 0.568       |
|    mean_speed_kmh          | 16.7        |
|    min_ttc                 | 8.1         |
|    out_of_road             | 0           |
|    route_completion        | 0.695       |
|    shaped_reward           | 180         |
|    steering_variation      | 0.316       |
|    success                 | 0           |
|    ttc_risk                | 0.00251     |
| rollout/                   |             |
|    ep_len_mean             | 935         |
|    ep_rew_mean             | 130         |
|    success_rate            | 0.24        |
| time/                      |             |
|    fps                     | 1111        |
|    iterations              | 130         |
|    time_elapsed            | 1197        |
|    total_timesteps         | 1331200     |
| train/                     |             |
|    approx_kl               | 0.015287748 |
|    clip_fraction           | 0.136       |
|    clip_range              | 0.2         |
|    entropy_loss            | -1.24       |
|    explained_variance      | 0.734       |
|    learning_rate           | 0.0003      |
|    loss                    | 10.9        |
|    n_updates               | 1290        |
|    policy_gradient_loss    | -0.00199    |
|    std                     | 0.503       |
|    value_loss              | 32.2        |
--------------------------------------------
---------------------------------------------
| curriculum/                |              |
|    stage                   | 2            |
|    window_cost             | 0.1          |
|    window_route_completion | 0.825        |
|    window_success          | 0.2          |
| paper/                     |              |
|    accel_variation         | 0.514        |
|    base_reward             | 405          |
|    collision               | 0            |
|    crash_object            | 0            |
|    crash_vehicle           | 0            |
|    episode_cost            | 0            |
|    episode_length          | 1000         |
|    jerk                    | 0.466        |
|    lane_deviation          | 0.198        |
|    max_lane_deviation      | 0.987        |
|    mean_speed_kmh          | 17.3         |
|    min_ttc                 | 2.86         |
|    out_of_road             | 0            |
|    route_completion        | 0.779        |
|    shaped_reward           | 135          |
|    steering_variation      | 0.314        |
|    success                 | 0            |
|    ttc_risk                | 0.00873      |
| rollout/                   |              |
|    ep_len_mean             | 927          |
|    ep_rew_mean             | 132          |
|    success_rate            | 0.24         |
| time/                      |              |
|    fps                     | 1109         |
|    iterations              | 131          |
|    time_elapsed            | 1208         |
|    total_timesteps         | 1341440      |
| train/                     |              |
|    approx_kl               | 0.0132597685 |
|    clip_fraction           | 0.237        |
|    clip_range              | 0.2          |
|    entropy_loss            | -1.22        |
|    explained_variance      | 0.603        |
|    learning_rate           | 0.0003       |
|    loss                    | 9.48         |
|    n_updates               | 1300         |
|    policy_gradient_loss    | 0.00286      |
|    std                     | 0.494        |
|    value_loss              | 36           |
---------------------------------------------
--------------------------------------------
| curriculum/                |             |
|    stage                   | 2           |
|    window_cost             | 0.0667      |
|    window_route_completion | 0.858       |
|    window_success          | 0.267       |
| paper/                     |             |
|    accel_variation         | 0.515       |
|    base_reward             | 414         |
|    collision               | 0           |
|    crash_object            | 0           |
|    crash_vehicle           | 0           |
|    episode_cost            | 0           |
|    episode_length          | 1000        |
|    jerk                    | 0.466       |
|    lane_deviation          | 0.193       |
|    max_lane_deviation      | 0.633       |
|    mean_speed_kmh          | 17.6        |
|    min_ttc                 | 2.92        |
|    out_of_road             | 0           |
|    route_completion        | 0.926       |
|    shaped_reward           | 164         |
|    steering_variation      | 0.314       |
|    success                 | 0           |
|    ttc_risk                | 0.00627     |
| rollout/                   |             |
|    ep_len_mean             | 926         |
|    ep_rew_mean             | 130         |
|    success_rate            | 0.25        |
| time/                      |             |
|    fps                     | 1107        |
|    iterations              | 132         |
|    time_elapsed            | 1220        |
|    total_timesteps         | 1351680     |
| train/                     |             |
|    approx_kl               | 0.025983661 |
|    clip_fraction           | 0.185       |
|    clip_range              | 0.2         |
|    entropy_loss            | -1.2        |
|    explained_variance      | 0.599       |
|    learning_rate           | 0.0003      |
|    loss                    | 17.4        |
|    n_updates               | 1310        |
|    policy_gradient_loss    | 0.000492    |
|    std                     | 0.497       |
|    value_loss              | 34.8        |
--------------------------------------------
--------------------------------------------
| curriculum/                |             |
|    stage                   | 2           |
|    window_cost             | 0.0333      |
|    window_route_completion | 0.857       |
|    window_success          | 0.333       |
| paper/                     |             |
|    accel_variation         | 0.502       |
|    base_reward             | 412         |
|    collision               | 0           |
|    crash_object            | 0           |
|    crash_vehicle           | 0           |
|    episode_cost            | 0           |
|    episode_length          | 1000        |
|    jerk                    | 0.471       |
|    lane_deviation          | 0.19        |
|    max_lane_deviation      | 0.58        |
|    mean_speed_kmh          | 17.4        |
|    min_ttc                 | 1.36        |
|    out_of_road             | 0           |
|    route_completion        | 0.886       |
|    shaped_reward           | 130         |
|    steering_variation      | 0.287       |
|    success                 | 0           |
|    ttc_risk                | 0.0117      |
| rollout/                   |             |
|    ep_len_mean             | 924         |
|    ep_rew_mean             | 124         |
|    success_rate            | 0.26        |
| time/                      |             |
|    fps                     | 1106        |
|    iterations              | 133         |
|    time_elapsed            | 1230        |
|    total_timesteps         | 1361920     |
| train/                     |             |
|    approx_kl               | 0.018886106 |
|    clip_fraction           | 0.286       |
|    clip_range              | 0.2         |
|    entropy_loss            | -1.19       |
|    explained_variance      | 0.709       |
|    learning_rate           | 0.0003      |
|    loss                    | 1.95        |
|    n_updates               | 1320        |
|    policy_gradient_loss    | 0.0123      |
|    std                     | 0.492       |
|    value_loss              | 7.8         |
--------------------------------------------
--------------------------------------------
| curriculum/                |             |
|    stage                   | 2           |
|    window_cost             | 0           |
|    window_route_completion | 0.903       |
|    window_success          | 0.433       |
| paper/                     |             |
|    accel_variation         | 0.507       |
|    base_reward             | 396         |
|    collision               | 0           |
|    crash_object            | 0           |
|    crash_vehicle           | 0           |
|    episode_cost            | 0           |
|    episode_length          | 1000        |
|    jerk                    | 0.484       |
|    lane_deviation          | 0.223       |
|    max_lane_deviation      | 1.02        |
|    mean_speed_kmh          | 16.9        |
|    min_ttc                 | 4.44        |
|    out_of_road             | 0           |
|    route_completion        | 0.903       |
|    shaped_reward           | 149         |
|    steering_variation      | 0.298       |
|    success                 | 0           |
|    ttc_risk                | 0.00362     |
| rollout/                   |             |
|    ep_len_mean             | 921         |
|    ep_rew_mean             | 129         |
|    success_rate            | 0.29        |
| time/                      |             |
|    fps                     | 1104        |
|    iterations              | 134         |
|    time_elapsed            | 1242        |
|    total_timesteps         | 1372160     |
| train/                     |             |
|    approx_kl               | 0.016736183 |
|    clip_fraction           | 0.126       |
|    clip_range              | 0.2         |
|    entropy_loss            | -1.18       |
|    explained_variance      | 0.708       |
|    learning_rate           | 0.0003      |
|    loss                    | 13.2        |
|    n_updates               | 1330        |
|    policy_gradient_loss    | 0.00131     |
|    std                     | 0.494       |
|    value_loss              | 39.6        |
--------------------------------------------
-------------------------------------------
| curriculum/                |            |
|    stage                   | 2          |
|    window_cost             | 0.0333     |
|    window_route_completion | 0.877      |
|    window_success          | 0.433      |
| paper/                     |            |
|    accel_variation         | 0.524      |
|    base_reward             | 406        |
|    collision               | 0          |
|    crash_object            | 0          |
|    crash_vehicle           | 0          |
|    episode_cost            | 0          |
|    episode_length          | 1000       |
|    jerk                    | 0.476      |
|    lane_deviation          | 0.19       |
|    max_lane_deviation      | 0.715      |
|    mean_speed_kmh          | 17.3       |
|    min_ttc                 | 1.6        |
|    out_of_road             | 0          |
|    route_completion        | 0.859      |
|    shaped_reward           | 137        |
|    steering_variation      | 0.294      |
|    success                 | 0          |
|    ttc_risk                | 0.00971    |
| rollout/                   |            |
|    ep_len_mean             | 927        |
|    ep_rew_mean             | 131        |
|    success_rate            | 0.3        |
| time/                      |            |
|    fps                     | 1102       |
|    iterations              | 135        |
|    time_elapsed            | 1254       |
|    total_timesteps         | 1382400    |
| train/                     |            |
|    approx_kl               | 0.07559744 |
|    clip_fraction           | 0.214      |
|    clip_range              | 0.2        |
|    entropy_loss            | -1.17      |
|    explained_variance      | 0.845      |
|    learning_rate           | 0.0003     |
|    loss                    | 3.81       |
|    n_updates               | 1340       |
|    policy_gradient_loss    | 0.00692    |
|    std                     | 0.49       |
|    value_loss              | 8.33       |
-------------------------------------------
--------------------------------------------
| curriculum/                |             |
|    stage                   | 2           |
|    window_cost             | 0.0667      |
|    window_route_completion | 0.845       |
|    window_success          | 0.233       |
| paper/                     |             |
|    accel_variation         | 0.456       |
|    base_reward             | 415         |
|    collision               | 0           |
|    crash_object            | 0           |
|    crash_vehicle           | 0           |
|    episode_cost            | 0           |
|    episode_length          | 1000        |
|    jerk                    | 0.435       |
|    lane_deviation          | 0.158       |
|    max_lane_deviation      | 0.688       |
|    mean_speed_kmh          | 17.2        |
|    min_ttc                 | 3.82        |
|    out_of_road             | 0           |
|    route_completion        | 0.675       |
|    shaped_reward           | 96.7        |
|    steering_variation      | 0.277       |
|    success                 | 0           |
|    ttc_risk                | 0.0165      |
| rollout/                   |             |
|    ep_len_mean             | 936         |
|    ep_rew_mean             | 131         |
|    success_rate            | 0.28        |
| time/                      |             |
|    fps                     | 1101        |
|    iterations              | 136         |
|    time_elapsed            | 1264        |
|    total_timesteps         | 1392640     |
| train/                     |             |
|    approx_kl               | 0.009089673 |
|    clip_fraction           | 0.136       |
|    clip_range              | 0.2         |
|    entropy_loss            | -1.16       |
|    explained_variance      | 0.729       |
|    learning_rate           | 0.0003      |
|    loss                    | 15.6        |
|    n_updates               | 1350        |
|    policy_gradient_loss    | -2.7e-05    |
|    std                     | 0.49        |
|    value_loss              | 26.5        |
--------------------------------------------
-------------------------------------------
| curriculum/                |            |
|    stage                   | 2          |
|    window_cost             | 0.1        |
|    window_route_completion | 0.849      |
|    window_success          | 0.2        |
| paper/                     |            |
|    accel_variation         | 0.484      |
|    base_reward             | 418        |
|    collision               | 0          |
|    crash_object            | 0          |
|    crash_vehicle           | 0          |
|    episode_cost            | 0          |
|    episode_length          | 929        |
|    jerk                    | 0.469      |
|    lane_deviation          | 0.161      |
|    max_lane_deviation      | 0.657      |
|    mean_speed_kmh          | 17.7       |
|    min_ttc                 | 3.82       |
|    out_of_road             | 0          |
|    route_completion        | 0.989      |
|    shaped_reward           | 226        |
|    steering_variation      | 0.281      |
|    success                 | 1          |
|    ttc_risk                | 0.00787    |
| rollout/                   |            |
|    ep_len_mean             | 938        |
|    ep_rew_mean             | 137        |
|    success_rate            | 0.28       |
| time/                      |            |
|    fps                     | 1098       |
|    iterations              | 137        |
|    time_elapsed            | 1276       |
|    total_timesteps         | 1402880    |
| train/                     |            |
|    approx_kl               | 0.00866074 |
|    clip_fraction           | 0.182      |
|    clip_range              | 0.2        |
|    entropy_loss            | -1.17      |
|    explained_variance      | 0.589      |
|    learning_rate           | 0.0003     |
|    loss                    | 9.06       |
|    n_updates               | 1360       |
|    policy_gradient_loss    | 0.000797   |
|    std                     | 0.495      |
|    value_loss              | 32.3       |
-------------------------------------------
--------------------------------------------
| curriculum/                |             |
|    stage                   | 2           |
|    window_cost             | 0.1         |
|    window_route_completion | 0.876       |
|    window_success          | 0.267       |
| paper/                     |             |
|    accel_variation         | 0.521       |
|    base_reward             | 405         |
|    collision               | 0           |
|    crash_object            | 0           |
|    crash_vehicle           | 0           |
|    episode_cost            | 0           |
|    episode_length          | 1000        |
|    jerk                    | 0.484       |
|    lane_deviation          | 0.198       |
|    max_lane_deviation      | 0.722       |
|    mean_speed_kmh          | 18          |
|    min_ttc                 | 16.7        |
|    out_of_road             | 0           |
|    route_completion        | 0.765       |
|    shaped_reward           | 188         |
|    steering_variation      | 0.3         |
|    success                 | 0           |
|    ttc_risk                | 0           |
| rollout/                   |             |
|    ep_len_mean             | 937         |
|    ep_rew_mean             | 139         |
|    success_rate            | 0.29        |
| time/                      |             |
|    fps                     | 1096        |
|    iterations              | 138         |
|    time_elapsed            | 1288        |
|    total_timesteps         | 1413120     |
| train/                     |             |
|    approx_kl               | 0.010973234 |
|    clip_fraction           | 0.163       |
|    clip_range              | 0.2         |
|    entropy_loss            | -1.17       |
|    explained_variance      | 0.772       |
|    learning_rate           | 0.0003      |
|    loss                    | 9.4         |
|    n_updates               | 1370        |
|    policy_gradient_loss    | -0.000481   |
|    std                     | 0.492       |
|    value_loss              | 20.4        |
--------------------------------------------
--------------------------------------------
| curriculum/                |             |
|    stage                   | 2           |
|    window_cost             | 0.0667      |
|    window_route_completion | 0.854       |
|    window_success          | 0.3         |
| paper/                     |             |
|    accel_variation         | 0.483       |
|    base_reward             | 354         |
|    collision               | 0           |
|    crash_object            | 0           |
|    crash_vehicle           | 0           |
|    episode_cost            | 0           |
|    episode_length          | 1000        |
|    jerk                    | 0.473       |
|    lane_deviation          | 0.248       |
|    max_lane_deviation      | 0.847       |
|    mean_speed_kmh          | 17.4        |
|    min_ttc                 | 1.76        |
|    out_of_road             | 0           |
|    route_completion        | 0.851       |
|    shaped_reward           | 86.8        |
|    steering_variation      | 0.281       |
|    success                 | 0           |
|    ttc_risk                | 0.0106      |
| rollout/                   |             |
|    ep_len_mean             | 948         |
|    ep_rew_mean             | 146         |
|    success_rate            | 0.29        |
| time/                      |             |
|    fps                     | 1095        |
|    iterations              | 139         |
|    time_elapsed            | 1299        |
|    total_timesteps         | 1423360     |
| train/                     |             |
|    approx_kl               | 0.011740655 |
|    clip_fraction           | 0.213       |
|    clip_range              | 0.2         |
|    entropy_loss            | -1.15       |
|    explained_variance      | 0.638       |
|    learning_rate           | 0.0003      |
|    loss                    | 16.8        |
|    n_updates               | 1380        |
|    policy_gradient_loss    | 0.00268     |
|    std                     | 0.49        |
|    value_loss              | 17.4        |
--------------------------------------------
--------------------------------------------
| curriculum/                |             |
|    stage                   | 2           |
|    window_cost             | 0.1         |
|    window_route_completion | 0.845       |
|    window_success          | 0.2         |
| paper/                     |             |
|    accel_variation         | 0.463       |
|    base_reward             | 356         |
|    collision               | 0           |
|    crash_object            | 0           |
|    crash_vehicle           | 0           |
|    episode_cost            | 0           |
|    episode_length          | 967         |
|    jerk                    | 0.423       |
|    lane_deviation          | 0.23        |
|    max_lane_deviation      | 0.88        |
|    mean_speed_kmh          | 15.6        |
|    min_ttc                 | 0.0295      |
|    out_of_road             | 0           |
|    route_completion        | 0.989       |
|    shaped_reward           | -250        |
|    steering_variation      | 0.284       |
|    success                 | 1           |
|    ttc_risk                | 0.0785      |
| rollout/                   |             |
|    ep_len_mean             | 953         |
|    ep_rew_mean             | 143         |
|    success_rate            | 0.28        |
| time/                      |             |
|    fps                     | 1094        |
|    iterations              | 140         |
|    time_elapsed            | 1310        |
|    total_timesteps         | 1433600     |
| train/                     |             |
|    approx_kl               | 0.019885099 |
|    clip_fraction           | 0.218       |
|    clip_range              | 0.2         |
|    entropy_loss            | -1.14       |
|    explained_variance      | 0.626       |
|    learning_rate           | 0.0003      |
|    loss                    | 5.63        |
|    n_updates               | 1390        |
|    policy_gradient_loss    | 0.0028      |
|    std                     | 0.489       |
|    value_loss              | 14.2        |
--------------------------------------------
--------------------------------------------
| curriculum/                |             |
|    stage                   | 2           |
|    window_cost             | 0.1         |
|    window_route_completion | 0.847       |
|    window_success          | 0.133       |
| paper/                     |             |
|    accel_variation         | 0.519       |
|    base_reward             | 359         |
|    collision               | 0           |
|    crash_object            | 0           |
|    crash_vehicle           | 0           |
|    episode_cost            | 0           |
|    episode_length          | 1000        |
|    jerk                    | 0.473       |
|    lane_deviation          | 0.296       |
|    max_lane_deviation      | 0.865       |
|    mean_speed_kmh          | 17.6        |
|    min_ttc                 | 3.32        |
|    out_of_road             | 0           |
|    route_completion        | 0.888       |
|    shaped_reward           | 110         |
|    steering_variation      | 0.297       |
|    success                 | 0           |
|    ttc_risk                | 0.00436     |
| rollout/                   |             |
|    ep_len_mean             | 954         |
|    ep_rew_mean             | 135         |
|    success_rate            | 0.25        |
| time/                      |             |
|    fps                     | 1093        |
|    iterations              | 141         |
|    time_elapsed            | 1320        |
|    total_timesteps         | 1443840     |
| train/                     |             |
|    approx_kl               | 0.033485893 |
|    clip_fraction           | 0.146       |
|    clip_range              | 0.2         |
|    entropy_loss            | -1.15       |
|    explained_variance      | 0.725       |
|    learning_rate           | 0.0003      |
|    loss                    | 11.7        |
|    n_updates               | 1400        |
|    policy_gradient_loss    | -0.0017     |
|    std                     | 0.491       |
|    value_loss              | 48.2        |
--------------------------------------------
--------------------------------------------
| curriculum/                |             |
|    stage                   | 2           |
|    window_cost             | 0.167       |
|    window_route_completion | 0.838       |
|    window_success          | 0.167       |
| paper/                     |             |
|    accel_variation         | 0.505       |
|    base_reward             | 346         |
|    collision               | 0           |
|    crash_object            | 0           |
|    crash_vehicle           | 0           |
|    episode_cost            | 0           |
|    episode_length          | 970         |
|    jerk                    | 0.499       |
|    lane_deviation          | 0.346       |
|    max_lane_deviation      | 1.01        |
|    mean_speed_kmh          | 17.7        |
|    min_ttc                 | 9.07        |
|    out_of_road             | 0           |
|    route_completion        | 0.988       |
|    shaped_reward           | 169         |
|    steering_variation      | 0.288       |
|    success                 | 1           |
|    ttc_risk                | 0.00099     |
| rollout/                   |             |
|    ep_len_mean             | 946         |
|    ep_rew_mean             | 124         |
|    success_rate            | 0.24        |
| time/                      |             |
|    fps                     | 1092        |
|    iterations              | 142         |
|    time_elapsed            | 1330        |
|    total_timesteps         | 1454080     |
| train/                     |             |
|    approx_kl               | 0.022481114 |
|    clip_fraction           | 0.309       |
|    clip_range              | 0.2         |
|    entropy_loss            | -1.15       |
|    explained_variance      | 0.723       |
|    learning_rate           | 0.0003      |
|    loss                    | 4.03        |
|    n_updates               | 1410        |
|    policy_gradient_loss    | 0.0109      |
|    std                     | 0.492       |
|    value_loss              | 13.8        |
--------------------------------------------
--------------------------------------------
| curriculum/                |             |
|    stage                   | 2           |
|    window_cost             | 0.133       |
|    window_route_completion | 0.804       |
|    window_success          | 0.133       |
| paper/                     |             |
|    accel_variation         | 0.433       |
|    base_reward             | 23.2        |
|    collision               | 1           |
|    crash_object            | 0           |
|    crash_vehicle           | 1           |
|    episode_cost            | 1           |
|    episode_length          | 106         |
|    jerk                    | 0.396       |
|    lane_deviation          | 0.298       |
|    max_lane_deviation      | 0.622       |
|    mean_speed_kmh          | 16          |
|    min_ttc                 | 1.13        |
|    out_of_road             | 0           |
|    route_completion        | 0.0934      |
|    shaped_reward           | -167        |
|    steering_variation      | 0.26        |
|    success                 | 0           |
|    ttc_risk                | 0.0224      |
| rollout/                   |             |
|    ep_len_mean             | 944         |
|    ep_rew_mean             | 125         |
|    success_rate            | 0.18        |
| time/                      |             |
|    fps                     | 1091        |
|    iterations              | 143         |
|    time_elapsed            | 1341        |
|    total_timesteps         | 1464320     |
| train/                     |             |
|    approx_kl               | 0.024027023 |
|    clip_fraction           | 0.174       |
|    clip_range              | 0.2         |
|    entropy_loss            | -1.16       |
|    explained_variance      | 0.63        |
|    learning_rate           | 0.0003      |
|    loss                    | 9.48        |
|    n_updates               | 1420        |
|    policy_gradient_loss    | -0.00255    |
|    std                     | 0.493       |
|    value_loss              | 40.8        |
--------------------------------------------
--------------------------------------------
| curriculum/                |             |
|    stage                   | 2           |
|    window_cost             | 0.0667      |
|    window_route_completion | 0.809       |
|    window_success          | 0.2         |
| paper/                     |             |
|    accel_variation         | 0.475       |
|    base_reward             | 350         |
|    collision               | 0           |
|    crash_object            | 0           |
|    crash_vehicle           | 0           |
|    episode_cost            | 0           |
|    episode_length          | 1000        |
|    jerk                    | 0.456       |
|    lane_deviation          | 0.31        |
|    max_lane_deviation      | 0.995       |
|    mean_speed_kmh          | 17.8        |
|    min_ttc                 | 3.19        |
|    out_of_road             | 0           |
|    route_completion        | 0.795       |
|    shaped_reward           | 80.6        |
|    steering_variation      | 0.284       |
|    success                 | 0           |
|    ttc_risk                | 0.00611     |
| rollout/                   |             |
|    ep_len_mean             | 943         |
|    ep_rew_mean             | 115         |
|    success_rate            | 0.19        |
| time/                      |             |
|    fps                     | 1089        |
|    iterations              | 144         |
|    time_elapsed            | 1353        |
|    total_timesteps         | 1474560     |
| train/                     |             |
|    approx_kl               | 0.013747451 |
|    clip_fraction           | 0.212       |
|    clip_range              | 0.2         |
|    entropy_loss            | -1.15       |
|    explained_variance      | 0.699       |
|    learning_rate           | 0.0003      |
|    loss                    | 16.9        |
|    n_updates               | 1430        |
|    policy_gradient_loss    | 0.0013      |
|    std                     | 0.492       |
|    value_loss              | 29.9        |
--------------------------------------------
-------------------------------------------
| curriculum/                |            |
|    stage                   | 2          |
|    window_cost             | 0.0333     |
|    window_route_completion | 0.822      |
|    window_success          | 0.233      |
| paper/                     |            |
|    accel_variation         | 0.508      |
|    base_reward             | 391        |
|    collision               | 0          |
|    crash_object            | 0          |
|    crash_vehicle           | 0          |
|    episode_cost            | 0          |
|    episode_length          | 1000       |
|    jerk                    | 0.456      |
|    lane_deviation          | 0.256      |
|    max_lane_deviation      | 1.7        |
|    mean_speed_kmh          | 18         |
|    min_ttc                 | 9.64       |
|    out_of_road             | 0          |
|    route_completion        | 0.763      |
|    shaped_reward           | 165        |
|    steering_variation      | 0.287      |
|    success                 | 0          |
|    ttc_risk                | 0.000199   |
| rollout/                   |            |
|    ep_len_mean             | 947        |
|    ep_rew_mean             | 115        |
|    success_rate            | 0.21       |
| time/                      |            |
|    fps                     | 1087       |
|    iterations              | 145        |
|    time_elapsed            | 1365       |
|    total_timesteps         | 1484800    |
| train/                     |            |
|    approx_kl               | 0.00743012 |
|    clip_fraction           | 0.129      |
|    clip_range              | 0.2        |
|    entropy_loss            | -1.14      |
|    explained_variance      | 0.786      |
|    learning_rate           | 0.0003     |
|    loss                    | 14.9       |
|    n_updates               | 1440       |
|    policy_gradient_loss    | 0.00141    |
|    std                     | 0.488      |
|    value_loss              | 55.4       |
-------------------------------------------
--------------------------------------------
| curriculum/                |             |
|    stage                   | 2           |
|    window_cost             | 0.0333      |
|    window_route_completion | 0.824       |
|    window_success          | 0.3         |
| paper/                     |             |
|    accel_variation         | 0.484       |
|    base_reward             | 389         |
|    collision               | 0           |
|    crash_object            | 0           |
|    crash_vehicle           | 0           |
|    episode_cost            | 0           |
|    episode_length          | 1000        |
|    jerk                    | 0.456       |
|    lane_deviation          | 0.203       |
|    max_lane_deviation      | 0.897       |
|    mean_speed_kmh          | 16.8        |
|    min_ttc                 | 8.39        |
|    out_of_road             | 0           |
|    route_completion        | 0.81        |
|    shaped_reward           | 168         |
|    steering_variation      | 0.276       |
|    success                 | 0           |
|    ttc_risk                | 0.00217     |
| rollout/                   |             |
|    ep_len_mean             | 938         |
|    ep_rew_mean             | 115         |
|    success_rate            | 0.23        |
| time/                      |             |
|    fps                     | 1086        |
|    iterations              | 146         |
|    time_elapsed            | 1376        |
|    total_timesteps         | 1495040     |
| train/                     |             |
|    approx_kl               | 0.019937761 |
|    clip_fraction           | 0.217       |
|    clip_range              | 0.2         |
|    entropy_loss            | -1.11       |
|    explained_variance      | 0.657       |
|    learning_rate           | 0.0003      |
|    loss                    | 5.51        |
|    n_updates               | 1450        |
|    policy_gradient_loss    | 0.000171    |
|    std                     | 0.48        |
|    value_loss              | 17.7        |
--------------------------------------------
--------------------------------------------
| curriculum/                |             |
|    stage                   | 2           |
|    window_cost             | 0.1         |
|    window_route_completion | 0.804       |
|    window_success          | 0.233       |
| paper/                     |             |
|    accel_variation         | 0.483       |
|    base_reward             | 401         |
|    collision               | 0           |
|    crash_object            | 0           |
|    crash_vehicle           | 0           |
|    episode_cost            | 0           |
|    episode_length          | 1000        |
|    jerk                    | 0.459       |
|    lane_deviation          | 0.21        |
|    max_lane_deviation      | 0.667       |
|    mean_speed_kmh          | 17.6        |
|    min_ttc                 | 3.69        |
|    out_of_road             | 0           |
|    route_completion        | 0.906       |
|    shaped_reward           | 166         |
|    steering_variation      | 0.264       |
|    success                 | 0           |
|    ttc_risk                | 0.00407     |
| rollout/                   |             |
|    ep_len_mean             | 941         |
|    ep_rew_mean             | 109         |
|    success_rate            | 0.2         |
| time/                      |             |
|    fps                     | 1084        |
|    iterations              | 147         |
|    time_elapsed            | 1387        |
|    total_timesteps         | 1505280     |
| train/                     |             |
|    approx_kl               | 0.084435165 |
|    clip_fraction           | 0.223       |
|    clip_range              | 0.2         |
|    entropy_loss            | -1.1        |
|    explained_variance      | 0.695       |
|    learning_rate           | 0.0003      |
|    loss                    | 6.28        |
|    n_updates               | 1460        |
|    policy_gradient_loss    | 0.00319     |
|    std                     | 0.483       |
|    value_loss              | 18.6        |
--------------------------------------------
/home/aaa/data/qj/stable-baselines3-master/stable_baselines3/common/on_policy_algorithm.py:150: UserWarning: You are trying to run PPO on the GPU, but it is primarily intended to run on the CPU when not using a CNN policy (you are using ActorCriticPolicy which should be a MlpPolicy). See https://github.com/DLR-RM/stable-baselines3/issues/1245 for more info. You can pass `device='cpu'` or `export CUDA_VISIBLE_DEVICES=` to force using the CPU.Note: The model will train, but the GPU utilization will be poor and the training might take longer than on CPU.
  warnings.warn(
                       seed  success  route_completion  collision  out_of_road  cost      reward  shaped_reward  episode_length      speed  lane_deviation  steering_variation  accel_variation  ttc_risk    min_ttc
variant  algo density                                                                                                                                                                                               
proposed ppo  0.00     28.0     0.96          0.990604       0.00         0.00  0.00  483.218524     282.706732         1144.72  18.312782        0.246814            0.009895         0.224996  0.000000        NaN
              0.08     28.0     0.78          0.910555       0.08         0.08  0.16  457.402355     193.929820         1094.70  17.714974        0.225558            0.012015         0.242257  0.006026  11.197502
              0.15     28.0     0.58          0.825132       0.32         0.04  0.36  390.098640      56.760534          968.78  16.812444        0.198945            0.014139         0.275575  0.016131   3.035491
curve_source=tensorboard
saved_summary=outputs/defensive_ttc12_v18_nenv10_steps_diag_1p5m/evaluations/summary.csv
saved_figures=outputs/defensive_ttc12_v18_nenv10_steps_diag_1p5m/figures
saved_report=outputs/defensive_ttc12_v18_nenv10_steps_diag_1p5m/运行记录.md
