#{"t_start": 1780053720.6975772, "env_id": "None"}
r,l,t,is_success,episode_cost,episode_base_reward,episode_shaped_reward,episode_collision,episode_crash_vehicle,episode_crash_object,episode_out_of_road,episode_route_completion,episode_length,episode_mean_speed,episode_mean_lane_deviation,episode_max_lane_deviation,episode_steering_variation,episode_accel_variation,episode_jerk,episode_ttc_risk,episode_min_ttc,curriculum_stage
-96.71142,600,7.136535,0.0,0.0,6.779019839748401,-96.7114198799657,0.0,0.0,0.0,0.0,0.09860482634445342,600,0.677729144101749,0.10020937136199275,0.20166118092136825,0.8475490378898879,0.8185236145307621,0.6111441645522913,0.0,nan,0.0
-102.086458,600,13.154405,0.0,0.0,4.7988831973240345,-102.08645806806105,0.0,0.0,0.0,0.0,0.09200189651500547,600,0.6309140411023606,0.1042533529939075,0.2571843604959587,0.8361829335366686,0.8348693896085024,0.6670725561181704,0.0,nan,0.0
-93.712696,600,18.072067,0.0,0.0,8.817457566757918,-93.71269614049211,0.0,0.0,0.0,0.0,0.14919214120688395,600,0.8388199521501359,0.13713213548758668,0.2517724676473655,0.8336922283718984,0.783745148256421,0.6132140003641446,0.0,nan,0.0
-89.244828,600,23.872652,0.0,0.0,9.473350520636478,-89.24482784144314,0.0,0.0,0.0,0.0,0.13714100741947816,600,0.8053609946806188,0.0663412068829245,0.23801561229627094,0.8385256090325613,0.8420189277703564,0.6362115319818258,0.0,nan,0.0
-113.327144,600,28.920785,0.0,0.0,7.392187923404319,-113.32714380883603,0.0,0.0,0.0,0.0,0.12344374374611647,600,0.880399820705614,0.2717610360000783,0.4832834430870552,0.7997820665687323,0.8379014425724745,0.5972070222099622,0.0,nan,0.0
-97.337811,600,34.234487,0.0,0.0,11.294415900009383,-97.33781134071518,0.0,0.0,0.0,0.0,0.17064437744141234,600,1.065619421723897,0.217364778906318,0.5142901248128859,0.8295449232061703,0.7694221876809995,0.59608363772432,0.0,nan,0.0
-190.029076,600,39.707573,0.0,0.0,7.593248866916723,-190.02907581310146,0.0,0.0,0.0,0.0,0.19312220897706608,600,1.1371132033170819,0.5351037055253026,0.9326208584124477,0.7752549893409014,0.7497236827015876,0.5877279090384643,0.0,nan,0.0
-90.420402,600,44.226125,0.0,0.0,13.69477068871282,-90.4204021874685,0.0,0.0,0.0,0.0,0.20709526883227086,600,1.2307089559031206,0.19216449938835875,0.5791400151596082,0.7834740832882623,0.7649450661490361,0.5756808486084143,0.0,nan,0.0
-309.447202,600,49.903795,0.0,0.0,7.773216279228416,-309.447201987397,0.0,0.0,0.0,0.0,0.17605019768249566,600,1.3276482405612335,0.709907460930058,2.0,0.8094442787145575,0.7368644245713949,0.5806193570792675,0.0,nan,0.0
-112.054776,600,54.736153,0.0,0.0,12.137097370448783,-112.05477603861087,0.0,0.0,0.0,0.0,0.16662070854495512,600,1.2201299550737816,0.27156110097458497,0.9985095484027969,0.7991287049402793,0.7702820716053247,0.6049787872036299,0.0,nan,0.0
-322.853564,600,60.386219,0.0,0.0,5.392930973327864,-322.85356401816114,0.0,0.0,0.0,0.0,0.16889453844737848,600,0.9578760240770513,0.7172909522966494,1.6762944643966076,0.8231917988881469,0.7632077221324046,0.6213686109582583,0.0,nan,0.0
-510.256877,600,65.881125,0.0,0.0,8.700902677168896,-510.25687700195743,0.0,0.0,0.0,0.0,0.22676293608280015,600,1.3806833515607275,0.8252080791170461,2.0,0.8023993916126589,0.7691238720715046,0.6012165948748589,0.0,nan,0.0
-83.170912,600,70.720838,0.0,0.0,12.374092074858103,-83.17091164174579,0.0,0.0,0.0,0.0,0.1571174217395489,600,1.0827991374566073,0.1048702735448758,0.23830746566161506,0.8293807029724121,0.7688751921057702,0.64974055459102,0.0,nan,0.0
-146.178034,600,76.392441,0.0,0.0,7.212291772224127,-146.1780338607718,0.0,0.0,0.0,0.0,0.1303601747535657,600,0.958938878059263,0.3944985398872946,0.6986209445615515,0.7978887884132564,0.7638498429457347,0.6021289987365405,0.0,nan,0.0
-147.222477,600,81.070518,0.0,0.0,11.020881256990915,-147.22247719528454,0.0,0.0,0.0,0.0,0.20540684107255716,600,1.2723325539735684,0.42846128404575323,0.7554433484702221,0.8041292653605342,0.7067384216437738,0.5488622632126013,0.0,nan,0.0
-72.934889,600,86.490727,0.0,0.0,15.246025383436487,-72.93488893647634,0.0,0.0,0.0,0.0,0.1820297778567165,600,1.2283747004506125,0.08662367276481579,0.2751932808140458,0.7709408266780277,0.71447799757123,0.5895984694858392,0.0,nan,0.0
-182.267212,600,91.216807,0.0,0.0,6.532135833257769,-182.2672118412152,0.0,0.0,0.0,0.0,0.1883837917247937,600,1.0445291346833152,0.5540276698647233,0.818711710184532,0.8054242698103189,0.7764092581594983,0.6161816545079152,0.0,nan,0.0
-86.359481,600,97.10429,0.0,0.0,12.751455780955206,-86.3594812336452,0.0,0.0,0.0,0.0,0.15784572910213904,600,1.0917431412994214,0.1449378024341282,0.4255985760992231,0.8043544673671325,0.7786573852350315,0.5778796796500683,0.0,nan,0.0
-209.447806,600,102.507765,0.0,0.0,6.318163403827779,-209.44780633683945,0.0,0.0,0.0,0.0,0.16123612750470376,600,1.2401975671179992,0.5957404733583607,0.9995311429263058,0.7703973416797817,0.7608633229136467,0.594041837801536,0.0,nan,0.0
-67.401343,600,107.478588,0.0,0.0,17.17873941679717,-67.40134267692194,0.0,0.0,0.0,0.0,0.20707146483890002,600,1.2813636627473324,0.059861361863289275,0.15159797517368614,0.7519511887244881,0.7037130503108104,0.6247689401606719,0.0,nan,0.0
-153.664472,600,113.231494,0.0,0.0,11.753263920899832,-153.66447164710902,0.0,0.0,0.0,0.0,0.2495238967681607,600,1.4341726943770714,0.44461440044714723,0.9979463611668872,0.7916116254931936,0.6984901058673859,0.5664467089871565,0.0,nan,0.0
-205.614225,308,115.669039,0.0,1.0,-2.4158435383424113,-205.61422513907831,0.0,0.0,0.0,1.0,0.1419380915162764,308,1.6500172704432723,0.3941413361969164,1.0248620486901745,0.7938824680621748,0.6714227681906967,0.5275285004988893,0.0,nan,0.0
-388.549733,600,121.226736,0.0,0.0,10.258562089946132,-388.54973347623815,0.0,0.0,0.0,0.0,0.23263333995309815,600,1.637773538441798,0.8133215813233343,2.0,0.7809500817892452,0.6619966794798772,0.5251845841109752,0.0,nan,0.0
-122.651383,600,126.095632,0.0,0.0,12.640276541710765,-122.65138288598054,0.0,0.0,0.0,0.0,0.18939556263492807,600,1.332050636245479,0.3130961080429126,0.9834065928583785,0.8034801245418688,0.7155250422656536,0.5976064616441726,0.0,nan,0.0
-129.757463,600,131.708309,0.0,0.0,14.05152687913135,-129.7574633460828,0.0,0.0,0.0,0.0,0.26494591457105326,600,1.7366170073951086,0.3809026883671567,0.99227467269829,0.8033303697841863,0.6820021136601766,0.5568228192130724,0.0,nan,0.0
-59.843798,600,136.54267,0.0,0.0,22.97321000277234,-59.843798316030224,0.0,0.0,0.0,0.0,0.26982331819651323,600,1.7939360908882342,0.1447856001313453,0.45359914282398056,0.788284572319438,0.6280011867980162,0.5550817112624645,0.0,nan,0.0
-88.732158,600,142.56901,0.0,0.0,18.15003518272531,-88.73215823371484,0.0,0.0,0.0,0.0,0.2955995458833688,600,1.7990377660498624,0.32347306636772266,0.5592122800238059,0.8618004201476772,0.6561316468318303,0.5247306561470032,0.0,nan,0.0
-164.570823,600,148.480409,0.0,0.0,13.417572756328916,-164.5708228128996,0.0,0.0,0.0,0.0,0.29909328246241496,600,1.9615116297332214,0.5488252805881658,0.9996015104091364,0.8151807349113127,0.6551873922844728,0.5754667334755261,0.0,nan,0.0
-96.049855,600,153.475588,0.0,0.0,19.186074460202242,-96.04985471514104,0.0,0.0,0.0,0.0,0.27750409696743283,600,1.8360088200480524,0.3284141759632988,0.9965809544970645,0.7523602467402816,0.690755700469017,0.5458103864391645,0.0,nan,0.0
-703.015366,600,159.321073,0.0,0.0,8.707968387066007,-703.0153664564314,0.0,0.0,0.0,0.0,0.30580188215841364,600,2.0826030649025102,1.216419708391847,2.0,0.7999415546779831,0.6657597543795903,0.5274628297487894,0.0,nan,0.0
-335.318671,600,164.34007,0.0,0.0,17.693126781956945,-335.3186714235047,0.0,0.0,0.0,0.0,0.2947516792408206,600,2.0874883553495107,0.6836406361142257,2.0,0.8134077817325791,0.6661425532897314,0.5031029294927915,0.0,nan,0.0
-297.090576,600,170.089413,0.0,0.0,16.571870376605293,-297.0905759828246,0.0,0.0,0.0,0.0,0.41481438018122424,600,2.371767928498739,0.7409212473164999,2.0,0.8408674307043353,0.6108630030850569,0.475657117664814,0.0,nan,0.0
-183.548588,302,172.713124,0.0,1.0,2.333830338694373,-183.54858849386892,0.0,0.0,0.0,1.0,0.2297567997024866,302,2.8416460718713776,0.38911871980456336,1.0304516865084565,0.8029418512253671,0.5727069596975845,0.47493254033145527,0.0,nan,0.0
-210.114231,96,173.582155,0.0,1.0,-6.6768221391088,-210.1142306256241,0.0,0.0,0.0,1.0,0.15959601066841506,96,5.700816822053759,0.9912139678112704,2.0,0.7706835009157658,0.4401118230695526,0.3895411044359207,0.0,nan,0.0
-191.950822,600,179.360979,0.0,0.0,12.146280867813344,-191.95082229123372,0.0,0.0,0.0,0.0,0.3703882065738122,600,2.1542823965410713,0.6494640029047123,0.9973972194281224,0.8652192396298051,0.6550544930497805,0.48732942014932634,0.0,nan,0.0
-216.814137,255,181.482586,0.0,1.0,-6.54025699246248,-216.81413729935247,0.0,0.0,0.0,1.0,0.16816339712953446,255,1.7424269077916659,0.5920649725754816,1.0330178949452098,0.7834435847752235,0.6194365544646394,0.5314307661617503,0.0,nan,0.0
-230.351202,422,186.14059,0.0,1.0,-0.1814346319576945,-230.35120248023514,0.0,0.0,0.0,1.0,0.2594116345489963,422,2.063925182225196,0.43112191056937127,1.0384680896176808,0.8020598489870604,0.6687163805227144,0.5610252090539978,0.0,nan,0.0
-163.720201,254,188.256068,0.0,1.0,-0.08087453887276652,-163.7202008075319,0.0,0.0,0.0,1.0,0.172353640707621,254,2.1746433037189545,0.23571575146770646,1.0371481721390556,0.7693986526624425,0.6222206993600515,0.5444604529170539,0.0,nan,0.0
-178.361723,282,190.717825,0.0,1.0,0.46852964810098463,-178.3617228285866,0.0,0.0,0.0,1.0,0.19631274519065084,282,2.797696407431608,0.3661022025431538,1.057269734628817,0.8151192590594292,0.5586423679446497,0.4860318180517102,0.0,nan,0.0
-429.726747,600,196.370565,0.0,0.0,23.22919532823935,-429.72674702337196,0.0,0.0,0.0,0.0,0.4795688789293116,600,2.640248129260508,0.7851734182647165,2.0,0.8658690171192089,0.6154346364736557,0.5033537660042445,0.0,nan,0.0
-136.811867,600,201.107558,0.0,0.0,14.374804131569205,-136.81186656817727,0.0,0.0,0.0,0.0,0.3296417842040845,600,1.8462598982312504,0.4981303704905548,0.9974663129932548,0.8075619137659669,0.6688106885055701,0.5384907248616219,0.0,nan,0.0
-262.762676,540,206.250391,0.0,1.0,0.7838478080117639,-262.7626764140332,0.0,0.0,0.0,1.0,0.24671667495454314,540,1.8487640436246517,0.445070244602685,1.0365913403105387,0.78163239583718,0.6775389704439375,0.5669648172678771,0.0,nan,0.0
-157.671759,600,211.025908,0.0,0.0,21.787972591490277,-157.67175850813234,0.0,0.0,0.0,0.0,0.27442214464258996,600,2.080952316508493,0.42416325299207697,1.8224198986365177,0.8159118186496198,0.7094806589186191,0.5372805289427439,0.0,nan,0.0
-283.673688,600,216.712303,0.0,0.0,12.77814312281402,-283.6736876819469,0.0,0.0,0.0,0.0,0.31216859414920856,600,2.3041220198639167,0.7973316346925817,1.364975191946722,0.8179856971961756,0.6601142474015553,0.5058469600478808,0.0,nan,0.0
-72.94611,600,222.498321,0.0,0.0,21.69027016250616,-72.94611023691043,0.0,0.0,0.0,0.0,0.2850124720211487,600,1.791774436948183,0.2096661981180866,0.9966203481314404,0.7922448934614659,0.6757985009501378,0.553568886568149,0.0,nan,0.0
-227.563899,309,225.100676,0.0,1.0,-6.414504446178949,-227.56389908460682,0.0,0.0,0.0,1.0,0.11914395509488884,309,1.2415947102695446,0.506063975548029,1.0284532020417572,0.7973983138558548,0.7560831713444979,0.5800471197825805,0.0,nan,0.0
-170.744791,169,226.838177,0.0,1.0,-6.280467956324108,-170.744790678926,0.0,0.0,0.0,1.0,0.09051915361484067,169,1.5842363685541876,0.34850594497595716,1.030495924280927,0.7860349168086193,0.7147154681957685,0.5745789045412865,0.0,nan,0.0
-246.456534,404,230.173531,0.0,1.0,-2.747244208955757,-246.4565339966394,0.0,0.0,0.0,1.0,0.19824490755804403,404,1.578864934469291,0.5132045387270046,1.0261198184823004,0.838452510498833,0.6784209303631641,0.5471872163586097,0.0,nan,0.0
-186.473144,295,233.50094,0.0,1.0,-3.509934536413776,-186.4731443509561,0.0,0.0,0.0,1.0,0.17345227920810308,295,1.7526290884337055,0.3279632869955219,1.0934965227066866,0.8128373581979235,0.659195562590987,0.549555748499046,0.0,nan,0.0
-254.955354,514,237.683341,0.0,1.0,-0.8429703063673575,-254.9553541532306,0.0,0.0,0.0,1.0,0.18563181565265208,514,1.378913170584084,0.39106951956283525,1.0459319073508562,0.7843772954514054,0.7060453119734845,0.5871246278517905,0.0,nan,0.0
-230.494676,330,240.969453,0.0,1.0,-5.062281061099237,-230.4946762088539,0.0,0.0,0.0,1.0,0.131402000832044,330,1.5719693127202252,0.5297182543371621,1.0201197355592948,0.766810071242578,0.6632159541502144,0.5788118247732972,0.0,nan,0.0
-284.723906,567,245.548487,0.0,1.0,0.08525098699131028,-284.72390605005063,0.0,0.0,0.0,1.0,0.25196947690579347,567,1.4940644211709704,0.48053148271358603,1.0292183980625456,0.8804054268663732,0.7270394198898705,0.5883228327862169,0.0,nan,0.0
-257.179414,406,249.523432,0.0,1.0,-3.5105514655117878,-257.17941439202303,0.0,0.0,0.0,1.0,0.14180689562290832,406,1.4131900333717577,0.538931626954477,1.0395892749031668,0.7846377745931372,0.7047008964155108,0.5665382577721121,0.0,nan,0.0
-130.463574,600,254.519452,0.0,0.0,15.2858049158311,-130.46357403542657,0.0,0.0,0.0,0.0,0.20373740991557274,600,1.561449261681126,0.35058095656235905,0.9994670910683878,0.8093193280448516,0.6633046799401442,0.5686110361417135,0.0,nan,0.0
-225.074216,387,257.630222,0.0,1.0,-5.224414338793742,-225.07421571531972,0.0,0.0,0.0,1.0,0.159180878116375,387,1.3982780536560815,0.4170980050603109,1.037915149898348,0.7581238563940198,0.7245369779586176,0.601773980437015,0.0,nan,0.0
-113.782771,600,263.304536,0.0,0.0,10.01649855613245,-113.78277062326495,0.0,0.0,0.0,0.0,0.15280599479381463,600,1.14555565425786,0.3098191732212186,0.587834843430494,0.8532120222660402,0.7485547695308924,0.5829719862341881,0.0,nan,0.0
-251.471973,600,268.87447,0.0,0.0,8.80820326515843,-251.47197264146416,0.0,0.0,0.0,0.0,0.27382764604404475,600,1.7456500384743379,0.677635779390839,1.5040271085168508,0.7560898123184839,0.6960600497325261,0.5389378566543261,0.0,nan,0.0
-78.174943,600,273.664286,0.0,0.0,13.707439220447101,-78.1749425660922,0.0,0.0,0.0,0.0,0.18868931256166319,600,1.0408682956984554,0.07242161840471387,0.19244535172961616,0.7806028375650446,0.764097149570783,0.5808262265721957,0.0,nan,0.0
-110.367269,600,279.23485,0.0,0.0,15.127595494991304,-110.36726884033303,0.0,0.0,0.0,0.0,0.22821396138202893,600,1.6576880486325969,0.31060306541717675,0.9989169090622874,0.7676278995598356,0.6648045865943034,0.5506408668557803,0.0,nan,0.0
-230.624501,600,283.888394,0.0,0.0,9.032278363868977,-230.6245008298117,0.0,0.0,0.0,0.0,0.25292498912772504,600,1.5383230682774114,0.5960251094262365,1.7441785949618016,0.8380773004703224,0.7455363138268392,0.6224413513143857,0.0,nan,0.0
-151.621547,600,289.294321,0.0,0.0,8.027220607243846,-151.62154710898602,0.0,0.0,0.0,0.0,0.18347465621054712,600,1.128332057378422,0.41100587204036126,0.9995704533188748,0.8241368450162312,0.8148794231315454,0.5880127749343713,0.0,nan,0.0
-75.302687,600,294.863555,0.0,0.0,17.63738198555913,-75.30268671050138,0.0,0.0,0.0,0.0,0.23391453395282294,600,1.489271772521862,0.16456994128479538,0.5278368593765178,0.78854811899364,0.6830179257690907,0.5913911168773969,0.0,nan,0.0
-198.268389,427,298.36968,0.0,1.0,-1.1886739123515735,-198.26838896816864,0.0,0.0,0.0,1.0,0.1864916823606519,427,1.3104507558885015,0.15267612434324315,1.0290769007423848,0.7970318681532103,0.7675114799578798,0.5971979282499755,0.0,nan,0.0
-205.935275,459,302.06705,0.0,1.0,2.148572728129599,-205.93527543603773,0.0,0.0,0.0,1.0,0.18057716019172484,459,1.5302551267775215,0.24003806196421773,1.0390682901320514,0.8200495738803951,0.6977441160897024,0.5639308580645809,0.0,nan,0.0
-275.572301,535,307.184328,0.0,1.0,0.8203720691894478,-275.57230070069164,0.0,0.0,0.0,1.0,0.18312319352636933,535,1.545401391347774,0.4679259360565869,1.0259434798849225,0.8647145139558293,0.7354313427599791,0.5776161145941119,0.0,nan,0.0
-275.573001,544,312.08387,0.0,1.0,-3.5225182428321586,-275.57300086240076,0.0,0.0,0.0,1.0,0.1476216943090558,544,1.0589282008526835,0.42507057624202804,1.0347919700823263,0.8322924030670786,0.7116434224333394,0.5817269638509435,0.0,nan,0.0
-73.126773,600,317.93285,0.0,0.0,15.623682518202317,-73.12677310625774,0.0,0.0,0.0,0.0,0.16834311277987501,600,1.1492604159607498,0.05204810893824242,0.14386944481668051,0.8252659161637227,0.7246831632653872,0.5572536678612232,0.0,nan,0.0
-83.195289,600,323.918366,0.0,0.0,11.493169433914952,-83.19528917302502,0.0,0.0,0.0,0.0,0.17001677769826032,600,0.9968189297355898,0.09404845316207638,0.31222964768247347,0.8362415144716699,0.7440650396297376,0.6091118264198303,0.0,nan,0.0
-141.144201,600,328.674218,0.0,0.0,12.621241632985647,-141.1442012477572,0.0,0.0,0.0,0.0,0.2416071809149946,600,1.2932191776483106,0.36915086298967736,1.3840444655096646,0.8021265852327149,0.714865946918726,0.6045614250500997,0.0,nan,0.0
-139.52277,600,334.190491,0.0,0.0,9.586540127395493,-139.52276951275294,0.0,0.0,0.0,0.0,0.19448530178302673,600,1.1921773112108511,0.37471143964479503,0.9999348254121189,0.8176960949723919,0.7343681228409211,0.5455861634016037,0.0,nan,0.0
-96.122216,600,338.951127,0.0,0.0,13.614877419419004,-96.12221628187646,0.0,0.0,0.0,0.0,0.2235708229937047,600,1.395427977497871,0.29722360284990473,0.522644716902802,0.8100879188192387,0.6969956933955351,0.5619077361623446,0.0,nan,0.0
-283.896623,490,343.76522,0.0,1.0,-4.836545216955317,-283.89662312414794,0.0,0.0,0.0,1.0,0.1462336904880883,490,1.1839924101525312,0.48420873125711245,1.031790265855305,0.8958393136153415,0.7078456386619685,0.5471487345744153,0.0,nan,0.0
-245.614509,435,347.149485,0.0,1.0,-2.6736153001195655,-245.6145089318993,0.0,0.0,0.0,1.0,0.2232352832212776,435,1.6753808623959394,0.48701452608289836,1.0573634305509219,0.8140714124358933,0.6809596957831547,0.5460507427823955,0.0,nan,0.0
-113.568564,600,352.791244,0.0,0.0,14.512166042477775,-113.56856425936913,0.0,0.0,0.0,0.0,0.22279706459711,600,1.406818688877546,0.28737785125004295,0.992581598153681,0.8281933290883898,0.7135809708635013,0.5577287126580874,0.0,nan,0.0
-257.628457,600,357.610433,0.0,0.0,11.438679864494159,-257.62845718866083,0.0,0.0,0.0,0.0,0.19649094235005035,600,1.5505695635928227,0.5071180896963043,2.0,0.8048571924244364,0.7226637745151917,0.5573460944493611,0.0,nan,0.0
-783.223194,600,363.104527,0.0,0.0,6.586818249350449,-783.2231944127011,0.0,0.0,0.0,0.0,0.24627245873504938,600,1.6900231627655484,1.3689668820705505,2.0,0.8222017025947571,0.6965663875142734,0.5749559996525446,0.0,nan,0.0
-375.719089,600,368.477966,0.0,0.0,10.713492602222335,-375.7190893568826,0.0,0.0,0.0,0.0,0.22831287487621066,600,1.7499074674990431,0.7758226534307625,2.0,0.8292668949191769,0.6883598985274633,0.5346083058913549,0.0,nan,0.0
-674.531642,548,372.956702,0.0,1.0,-0.03008249303760735,-674.5316424283366,0.0,0.0,0.0,1.0,0.2504660883657162,548,2.1234209268421234,1.0812205951627492,2.0,0.8507279913097511,0.6378492772252891,0.49673517994637034,0.0,nan,0.0
-654.884598,600,378.429759,0.0,0.0,8.640885281277086,-654.8845980709419,0.0,0.0,0.0,0.0,0.2976812972858106,600,2.033801166449007,1.220734780964761,2.0,0.8601978521297375,0.6417225017150243,0.5307540194193522,0.0,nan,0.0
-565.453889,600,383.301519,0.0,0.0,6.788119221990379,-565.4538885749243,0.0,0.0,0.0,0.0,0.2526314995652148,600,1.4995322433362732,1.0346713798230491,2.0,0.8515903945329288,0.7202114928762118,0.563917441467444,0.0,nan,0.0
-665.38551,600,388.861389,0.0,0.0,8.23486249731713,-665.3855101823248,0.0,0.0,0.0,0.0,0.27231575224472787,600,1.655783031711103,1.1737857276654635,2.0,0.8467178878560663,0.6864765010029078,0.5590000454088052,0.0,nan,0.0
-651.34459,600,394.594411,0.0,0.0,5.942043810850293,-651.3445896677902,0.0,0.0,0.0,0.0,0.20115418685646486,600,1.5462150843583935,1.1788600912283698,2.0,0.7994036150226991,0.7298270836472511,0.5971619130174319,0.0,nan,0.0
-123.159271,600,399.349669,0.0,0.0,12.867286307179636,-123.15927122449285,0.0,0.0,0.0,0.0,0.1971879984035435,600,1.423032544744849,0.34700123210082434,0.998329158944649,0.7989709432361026,0.7570623510330915,0.5859831569592158,0.0,nan,0.0
-58.994237,600,405.08445,0.0,0.0,21.033871801979974,-58.99423702606446,0.0,0.0,0.0,0.0,0.2397356765592855,600,1.500470013534572,0.07171998732965566,0.19778630684099305,0.7880313020696242,0.674092548340559,0.5415999774138133,0.0,nan,0.0
-142.043415,600,409.964615,0.0,0.0,14.005167078459257,-142.04341506200552,0.0,0.0,0.0,0.0,0.2775402254371084,600,1.646195673164902,0.42698431122172015,0.9922352363869962,0.8276328915543855,0.680313644806544,0.558684058189392,0.0,nan,0.0
-118.604853,600,415.455502,0.0,0.0,18.89444576773179,-118.60485287254906,0.0,0.0,0.0,0.0,0.2604935934831132,600,1.8854063578799969,0.41365020223597726,0.9941556118330022,0.7933541474056741,0.7081353577971459,0.5579289255539576,0.0,nan,0.0
-210.799451,285,417.785525,0.0,1.0,-5.729532704068658,-210.79945105124213,0.0,0.0,0.0,1.0,0.16609587611208185,285,1.6447289992912204,0.4805125039389245,1.0231028572564056,0.7839198779641536,0.6176333451480196,0.494521206931064,0.0,nan,0.0
-117.508522,600,423.306334,0.0,0.0,19.825301818533156,-117.50852246283844,0.0,0.0,0.0,0.0,0.3757248565585692,600,2.027571054615591,0.4198243582403246,0.9953964982063412,0.81475497516493,0.6280283992489178,0.5127410490314166,0.0,nan,0.0
-81.323905,600,428.122461,0.0,0.0,22.65286439226773,-81.32390522000242,0.0,0.0,0.0,0.0,0.382559894438243,600,2.1405382816984146,0.3276783592585039,0.7366572441404124,0.8372308630372087,0.6514654268821081,0.5117198383808136,0.0,nan,0.0
-216.915789,514,433.054927,0.0,1.0,4.97457617137348,-216.9157885145646,0.0,0.0,0.0,1.0,0.24495785318757612,514,1.9409926214223812,0.28995223458085023,1.0568752025262302,0.8029790048991196,0.6653401038758022,0.5218372426144344,0.0,nan,0.0
-322.613263,440,436.605593,0.0,1.0,-0.5156491222067743,-322.61326293097835,0.0,0.0,0.0,1.0,0.3040985334868975,440,2.960386714271885,0.7467818217735168,1.4541917179355843,0.7829145721413873,0.5715106099166654,0.4722775262865153,0.0,nan,0.0
-326.751796,397,440.689437,0.0,1.0,0.8371306686722164,-326.7517959687368,0.0,0.0,0.0,1.0,0.38308119951290265,397,3.572474158500209,0.8409406175496452,1.5570072631106082,0.8034429241075023,0.5255639378159713,0.46947576657350476,0.0,nan,0.0
-200.625762,248,442.764227,0.0,1.0,-5.797645662404962,-200.625762163309,0.0,0.0,0.0,1.0,0.13690902922893192,248,1.7741244757975163,0.5326403683931187,1.0226685756417229,0.7660141449361559,0.632191633865718,0.5311592596192514,0.0,nan,0.0
-215.750514,332,445.502523,0.0,1.0,-3.002857639241415,-215.75051387899356,0.0,0.0,0.0,1.0,0.20655057044172787,332,2.0831038969609095,0.5118200948736483,1.042568726598427,0.7980196736977402,0.6185993396015053,0.533702219645661,0.0,nan,0.0
-207.723216,467,450.007139,0.0,1.0,4.084062679430696,-207.72321564309203,0.0,0.0,0.0,1.0,0.20172093575903774,467,1.6784624803521841,0.25088160302742435,1.0490956173484172,0.829373846520576,0.6597824052646277,0.5133869433556175,0.0,nan,0.0
-167.449132,250,452.024198,0.0,1.0,-0.9713001838845958,-167.4491323176922,0.0,0.0,0.0,1.0,0.16981517076182043,250,2.5286913074177515,0.3121197631934557,1.0751923081439287,0.8198233098983765,0.6640314266681672,0.5233826937675476,0.0,nan,0.0
-189.129166,200,453.705276,0.0,1.0,-6.089180526831468,-189.1291656671197,0.0,0.0,0.0,1.0,0.1295459054364556,200,1.7570837188340094,0.5112954834232836,1.0336332785291518,0.7742050571739674,0.6293184284865856,0.47323220878839495,0.0,nan,0.0
-152.487355,88,454.492191,0.0,1.0,-6.753066950893215,-152.4873550372331,0.0,0.0,0.0,1.0,0.1209978232767891,88,3.2415119274529003,0.47534986275582336,1.0441670858476138,0.8714419210498984,0.4734945012764497,0.4110675535418771,0.0,nan,0.0
-53.262625,600,460.194421,0.0,0.0,28.483164872388574,-53.26262522675802,0.0,0.0,0.0,0.0,0.341943862392687,600,2.176080062944359,0.2019146890053777,0.5929115953211304,0.8170978533600768,0.6058336276809374,0.5177608117461204,0.0,nan,0.0
-239.840175,447,463.881635,0.0,1.0,-0.8748965497312824,-239.8401751669224,0.0,0.0,0.0,1.0,0.2160251367548332,447,1.8678517863672555,0.4644840401546283,1.032691857761573,0.8585143820934781,0.6653777143899227,0.5629336269243185,0.0,nan,0.0
-287.250089,588,469.708441,0.0,1.0,1.6629497774089828,-287.2500888709184,0.0,0.0,0.0,1.0,0.27980484372678294,588,1.7371278637911178,0.5164900382708068,1.0379576135557764,0.7705591327247849,0.6541973933526853,0.5071464314245854,0.0,nan,0.0
-266.373186,559,474.298845,0.0,1.0,-0.7389025571104568,-266.3731863841485,0.0,0.0,0.0,1.0,0.22054493837808475,559,1.2993785724134854,0.3510535059335487,1.0481961041561718,0.7914395714328626,0.697810020664297,0.5589906168111961,0.0,nan,0.0
-88.886242,600,479.77635,0.0,0.0,16.15634189407629,-88.88624165604477,0.0,0.0,0.0,0.0,0.27321061809804803,600,1.4361010639551535,0.28629722962740667,0.44624646674933993,0.8521860901887218,0.6839560757329066,0.5645160054663817,0.0,nan,0.0
-134.163526,600,485.253406,0.0,0.0,14.224864768277095,-134.16352588518555,0.0,0.0,0.0,0.0,0.2866811766001715,600,1.6512016301458612,0.4317456809499616,0.9959347797707564,0.773746006336684,0.7031770691027244,0.5759374142686526,0.0,nan,0.0
-340.34479,600,490.025175,0.0,0.0,16.81055739811504,-340.34478985767214,0.0,0.0,0.0,0.0,0.2605105637475951,600,1.9721108574345438,0.61993042084396,2.0,0.8716076366975903,0.6467286485433579,0.5288580058018366,0.0,nan,0.0
-157.296316,600,495.622572,0.0,0.0,13.012801494892688,-157.29631588707045,0.0,0.0,0.0,0.0,0.2898520561063117,600,1.6092134681866812,0.4607700804969166,0.9991455207011868,0.8313585581630468,0.6610848045100769,0.5305371123055617,0.0,nan,0.0
-102.25853,600,500.511821,0.0,0.0,15.389491116292662,-102.25852973089945,0.0,0.0,0.0,0.0,0.23545491700318075,600,1.5559947638630989,0.2749143092944717,0.9970417440074197,0.8277801027894021,0.6886967962235212,0.5644725576043129,0.0,nan,0.0
-69.694854,600,506.554984,0.0,0.0,19.896324413641715,-69.69485378299026,0.0,0.0,0.0,0.0,0.25119255194422496,600,1.5953861586494975,0.1495914467286838,0.6659421400117351,0.8584863145711521,0.6722718131542206,0.5352874165773391,0.0,nan,0.0
-99.453472,600,511.685566,0.0,0.0,14.70518809301624,-99.45347242469725,0.0,0.0,0.0,0.0,0.24016987514540883,600,1.447988544302846,0.28811851014989664,0.6612320361995148,0.8223669638112188,0.7118582062919935,0.6206105035046736,0.0,nan,0.0
-85.290873,600,518.061621,0.0,0.0,18.361674467719634,-85.29087331228658,0.0,0.0,0.0,0.0,0.26536911375609473,600,1.8810292879971242,0.2692627062690254,0.7558928477723944,0.8395611389291783,0.6360784887274107,0.5374348448216915,0.0,nan,0.0
-97.888884,600,524.361241,0.0,0.0,17.95746800723958,-97.88888440432164,0.0,0.0,0.0,0.0,0.2381824551858968,600,1.7807141410439438,0.3288581698173514,0.7067732716746136,0.7866466531126449,0.6761731788764397,0.5378715944786866,0.0,nan,0.0
-97.068559,600,529.768817,0.0,0.0,25.004971229911956,-97.06855864219969,0.0,0.0,0.0,0.0,0.37447806177025483,600,2.5327436521862836,0.3318519960742658,0.9901515456705727,0.7856038514400522,0.6315715423226357,0.49758036583662035,0.0,nan,0.0
-205.984001,394,534.324623,0.0,1.0,7.790984404857561,-205.98400108013027,0.0,0.0,0.0,1.0,0.3396617370837335,394,3.1330216672360653,0.44893516923848387,1.032010245731552,0.771283681887358,0.5622705898157836,0.4829376191657207,0.0,nan,0.0
-173.278407,175,536.023557,0.0,1.0,-4.069501820798714,-173.27840744001549,0.0,0.0,0.0,1.0,0.15276658632224788,175,3.4326103688009004,0.542668250935792,1.0885274638641265,0.6641346168092319,0.5607240540640694,0.4427264625685556,0.0,nan,0.0
-173.869967,371,539.173316,0.0,1.0,13.430293095737277,-173.86996706606607,0.0,0.0,0.0,1.0,0.3095965539570034,371,3.592098735116043,0.31718409960338084,1.0224544381846687,0.794040725327968,0.5094686252569574,0.44448854097458873,0.0,nan,0.0
-182.855197,173,540.696706,0.0,1.0,-6.3123180453619,-182.855197072244,0.0,0.0,0.0,1.0,0.14630866321633365,173,2.287177227090649,0.544370208377321,1.0244919103759709,0.7821388809128821,0.6100329627535935,0.48749607698076725,0.0,nan,0.0
-158.061843,173,542.139017,0.0,1.0,-0.4606898393834271,-158.0618429621294,0.0,0.0,0.0,1.0,0.19416485946164036,173,3.939532133834154,0.4510914990630584,1.1242601731372446,0.7596154879627889,0.4859022136368503,0.39723262380313323,0.0,nan,0.0
-184.135469,253,544.892181,0.0,1.0,-0.48664425946581247,-184.13546858041923,0.0,0.0,0.0,1.0,0.2258150838809577,253,3.025090802840574,0.509741240621161,1.066762876582737,0.7486405022766279,0.5639543666434382,0.5167479915581202,0.0,nan,0.0
-64.045676,600,549.764079,0.0,0.0,34.76726269363147,-64.0456758746721,0.0,0.0,0.0,0.0,0.4164888229149982,600,3.125482300082234,0.34018207158208347,0.99798427818783,0.814091690753897,0.5242188054323197,0.45653838783502576,0.0,nan,0.0
-105.872745,600,555.197803,0.0,0.0,24.39440636811571,-105.87274531450166,0.0,0.0,0.0,0.0,0.5499057602516945,600,3.0162560820283577,0.44967448796579124,0.9721162884301784,0.76245181803902,0.5674862960974375,0.4877766692638397,0.0,nan,0.0
-338.664532,578,559.71113,0.0,1.0,11.349760621585805,-338.6645324041194,0.0,0.0,0.0,1.0,0.4102981722494786,578,2.9117044488358643,0.5990419299501792,1.6174155695933021,0.7208622768199052,0.5890733142831334,0.47608557353795194,0.0,nan,0.0
-288.534301,536,564.844834,0.0,1.0,3.59851759111028,-288.5343009027707,0.0,0.0,0.0,1.0,0.3086342010736597,536,2.159741118985505,0.5547199580216488,1.028371607483647,0.7469807313824657,0.6530499223675301,0.5477686283081326,0.0,nan,0.0
-97.116015,600,570.804611,0.0,0.0,27.68329893328524,-97.11601503630185,0.0,0.0,0.0,0.0,0.43756195680859006,600,2.8018057326450516,0.40690766622026187,0.9994623867030669,0.7447917617360751,0.5904370400309563,0.4853939066330592,0.0,nan,0.0
-74.105875,600,575.563886,0.0,0.0,30.977404729164135,-74.10587452362209,0.0,0.0,0.0,0.0,0.44161926545891,600,3.060906438017869,0.3976378144410555,0.6826015116756132,0.7626612173393369,0.5876998364428679,0.46350414286057157,0.0,nan,0.0
-50.504499,600,581.065181,0.0,0.0,43.66203931939711,-50.50449915563149,0.0,0.0,0.0,0.0,0.5495550933434562,600,3.921121324113937,0.36299461135509714,0.8463107522665597,0.7614174448419362,0.5334454743564129,0.44908211996157965,0.0,nan,0.0
-19.808812,600,585.668448,0.0,0.0,52.32231661236996,-19.808811729054426,0.0,0.0,0.0,0.0,0.7126778680383329,600,4.57005373665586,0.2455300407812121,1.227960323325003,0.7281080677111944,0.5142136116822561,0.41588240921497344,0.0,nan,0.0
-74.062366,600,591.242994,0.0,0.0,35.64372598888875,-74.06236633081483,0.0,0.0,0.0,0.0,0.6664306018325801,600,3.749313488262969,0.4571693004543987,0.9116496049516312,0.7548317181381087,0.5374428904553255,0.4414803551634153,0.0,nan,0.0
-61.846617,600,596.053365,0.0,0.0,40.38028329503048,-61.84661666383613,0.0,0.0,0.0,0.0,0.6479635153735847,600,3.8315989593519233,0.38284163612682354,0.9920416524416134,0.7685084282110135,0.5629432867964109,0.44260793377955754,0.0,nan,0.0
9.411336,600,601.593126,0.0,0.0,63.81886076637588,9.411335600439166,0.0,0.0,0.0,0.0,0.7825684254554014,600,4.998483933882821,0.2201356788015825,0.7738231612208317,0.7169652308399479,0.4825556343793869,0.40371209144592285,0.0,nan,0.0
-2.456991,600,607.873531,0.0,0.0,54.02663388681398,-2.4569914480558257,0.0,0.0,0.0,0.0,0.7854532085426692,600,4.435122654466751,0.2742399834251571,0.5998990840318534,0.7559848058689386,0.4803270097573598,0.40709631085395814,0.0,nan,0.0
-171.41145,525,612.503275,0.0,1.0,36.640224179725216,-171.41145041709908,0.0,0.0,0.0,1.0,0.6200641345161655,525,5.1152481858422405,0.39442911573327694,1.0264099739679708,0.7748848576347033,0.44708380063374836,0.3957429599761963,0.0,nan,0.0
-87.31216,600,618.39467,0.0,0.0,38.2761393025266,-87.31216010300383,0.0,0.0,0.0,0.0,0.6507315227969982,600,4.055897934515134,0.44130601664507946,1.1692903815399895,0.7420662958920002,0.5080267442266146,0.39341587165991465,0.0,nan,0.0
-46.980393,546,622.982827,1.0,0.0,71.11458755171753,-46.98039285309538,0.0,0.0,0.0,0.0,0.953199158476242,546,6.693735146095886,0.5640751866326659,1.831585434017897,0.7390648190191377,0.396146684557527,0.36875099358541186,0.0,nan,0.0
-8.433153,600,628.524725,0.0,0.0,74.67544509782819,-8.433152523756743,0.0,0.0,0.0,0.0,0.9294508042586188,600,6.493941877067594,0.3569445990197779,0.9982764011572566,0.7618612810721,0.43876098056634266,0.35379854728778204,0.0,nan,0.0
-7.999732,600,633.283042,0.0,0.0,70.52712271259799,-7.9997319092283234,0.0,0.0,0.0,0.0,0.7894780833636338,600,5.930659626667254,0.3270013427667805,0.9952795892987368,0.7522831866766015,0.40576739768187203,0.36157359460989635,0.0,nan,0.0
54.954063,531,638.173691,1.0,0.0,91.01720949930228,54.954063192549924,0.0,0.0,0.0,0.0,0.9618793807016264,531,7.932722898911381,0.40392552137434645,0.9924689974115587,0.7414071436852161,0.38519286896100374,0.346857867671945,0.0,nan,1.0
-143.089488,153,640.022866,0.0,1.0,4.959037739667503,-143.08948791075173,0.0,0.0,0.0,1.0,0.08182684330852587,153,6.846871039507184,0.344591761088411,1.08462499884589,0.7018318572659897,0.3683943951051999,0.3291919285954993,0.0,nan,1.0
-119.099613,800,650.193422,0.0,0.0,96.41231008894331,-119.09961272658035,0.0,0.0,0.0,0.0,0.3739574044940387,800,9.008501515792155,0.5225734435682721,1.5586146013232094,0.7115157057205215,0.3519051513075829,0.3186066743731499,0.0,nan,1.0
-57.146757,800,659.17731,0.0,0.0,128.7383417797547,-57.14675737449324,0.0,0.0,0.0,0.0,0.5451301692942876,800,10.650157360413598,0.4463321097426441,1.6291995389185498,0.7013559480477124,0.32894668616354467,0.2937429708242416,0.0,nan,1.0
-100.660629,800,667.33028,0.0,0.0,104.6881369809385,-100.66062941052213,0.0,0.0,0.0,0.0,0.6186869066456417,800,9.111716591525107,0.49419834337303137,1.8495208249232626,0.7367908150330186,0.34354114793241025,0.29768817976117135,0.0,nan,1.0
-10.643237,800,676.767641,0.0,0.0,123.39454653458908,-10.643237375094303,0.0,0.0,0.0,0.0,0.43160659485681746,800,8.622076913896622,0.33892642055569944,0.8319121533709238,0.7035248547419906,0.3684303563088179,0.333053485378623,0.0,nan,1.0
-120.878775,369,681.347043,0.0,1.0,45.322848002579406,-120.87877542894184,0.0,0.0,0.0,1.0,0.26983925237051104,369,7.395660913937997,0.21413097028979836,1.0939040426334814,0.7135732887681261,0.3849430163378315,0.32764904625047514,0.0,nan,1.0
20.771964,800,689.139595,0.0,0.0,150.0671217376594,20.77196431243764,0.0,0.0,0.0,0.0,0.5402639351937263,800,9.415910973405998,0.3014431227743317,0.9876425187368227,0.6798652822384611,0.3428145496547222,0.324954634308815,0.0,nan,1.0
-2.700037,800,698.479314,0.0,0.0,120.22207741495491,-2.700037288026785,0.0,0.0,0.0,0.0,0.5352953223443414,800,8.279740789984192,0.3097085584365623,0.9999242079754608,0.6880329795740545,0.33248360827565193,0.2954782597720623,0.0,13.961670200250113,1.0
-25.801038,800,708.670842,0.0,0.0,122.53087395418228,-25.801037969316738,0.0,0.0,0.0,0.0,0.4974224478289379,800,9.451997602863342,0.3803157901959861,1.1139262630899582,0.698390174806118,0.36168629564344884,0.3197914274781942,0.0,34.80586263765095,1.0
-137.463607,608,717.095156,0.0,1.0,78.38455148653914,-137.4636071183616,0.0,0.0,0.0,1.0,0.5032919843044099,608,8.225601913572449,0.3244990626706507,1.080129689478302,0.6724653822786518,0.35382867124127715,0.3271136234857534,0.0,64.10579748399753,1.0
-138.306112,37,717.903847,0.0,1.0,-7.822016777778362,-138.30611238914827,0.0,0.0,0.0,1.0,0.02926451964134834,37,6.040254096640064,0.37942719249489415,1.0401356290195845,0.7379424483389467,0.22455931998587944,0.2310356159467955,0.0,nan,1.0
-152.991736,317,721.876414,0.0,1.0,33.22585661408569,-152.99173560664966,0.0,0.0,0.0,1.0,0.40847415622108335,317,10.566169901786225,0.4554098510192735,1.1870063090675214,0.73832433297055,0.2569868320170261,0.23320642799985145,0.0,nan,1.0
-138.672304,58,722.894992,0.0,1.0,-3.9802102914070785,-138.672303950374,0.0,0.0,0.0,1.0,0.058617350526755124,58,9.173096524296897,0.38677029446108147,1.0304320870680703,0.6793562158428389,0.288425219470057,0.33066493683847886,0.0,nan,1.0
-150.213425,109,724.450318,0.0,1.0,-1.6392143873710499,-150.21342491674494,0.0,0.0,0.0,1.0,0.06439177376196217,109,9.210299757408675,0.48335990688538616,1.0283270142014753,0.6369037587161458,0.3747993669378648,0.360723012084261,0.0,nan,1.0
-155.923268,86,725.673605,0.0,1.0,-7.866434814637978,-155.92326774323547,0.0,0.0,0.0,1.0,0.042160860413473986,86,4.535906860819454,0.6150507385677957,1.0379820775026445,0.703226305695987,0.31437448914660965,0.31210183404212777,0.0,nan,1.0
-141.451939,105,727.180882,0.0,1.0,6.184706243438548,-141.4519389793414,0.0,0.0,0.0,1.0,0.08332900007530303,105,11.110650260568814,0.44767016828381123,1.0577750177395635,0.7271927390779768,0.2592249506995791,0.23018903391701834,0.0,nan,1.0
-142.867041,77,728.349329,0.0,1.0,-3.899348322122857,-142.86704111375715,0.0,0.0,0.0,1.0,0.06125724585928589,77,8.061291936717062,0.4485982144265517,1.0926443259842271,0.7348157082285199,0.23789957281831023,0.2715042783068372,0.0,nan,1.0
-138.765657,74,729.888234,0.0,1.0,-2.7162363944413865,-138.76565720757316,0.0,0.0,0.0,1.0,0.06844659433746794,74,7.874498756967794,0.3420871867627825,1.0672903723481717,0.6773612660330695,0.19577636912062363,0.23755202100083633,0.0,nan,1.0
-134.749651,77,730.938933,0.0,1.0,-1.133631966858264,-134.74965062356867,0.0,0.0,0.0,1.0,0.06270807150085256,77,6.68661983961442,0.1990133271357139,1.042218331515137,0.7028280045692022,0.2849365906281905,0.2914232077536645,0.0,nan,0.0
-142.890024,93,732.782302,0.0,1.0,-3.272081514108989,-142.89002407219726,0.0,0.0,0.0,1.0,0.21091784521831855,93,7.649871138436391,0.4980767461140177,1.0562766262059933,0.7422756392468688,0.2884329698419058,0.2485395900664791,0.0,nan,0.0
-139.844322,74,733.638632,0.0,1.0,-4.52758287825595,-139.84432190246116,0.0,0.0,0.0,1.0,0.1759500421311621,74,8.222039256252906,0.44952337093751005,1.064359826857387,0.7312117597541293,0.31339770877683487,0.2806565793784889,0.0,nan,0.0
-140.286466,66,734.498822,0.0,1.0,-6.152001609065477,-140.28646642134973,0.0,0.0,0.0,1.0,0.13604744369029262,66,6.277996618518645,0.4697257583588983,1.0547434266470972,0.7584368832635157,0.2743778409379901,0.25878621050805756,0.0,nan,0.0
-138.997493,63,735.130001,0.0,1.0,-5.5070453290057895,-138.9974925829357,0.0,0.0,0.0,1.0,0.13851626681798812,63,8.415176900986127,0.4605624121575967,1.047649772827271,0.7090914046007489,0.27003896614861866,0.2312692195650131,0.0,nan,0.0
-135.716978,49,735.70374,0.0,1.0,-6.2479402426770285,-135.71697779358735,0.0,0.0,0.0,1.0,0.13816877059769145,49,7.772725713178314,0.3668140625856689,1.087156789809003,0.6970185096166572,0.17643210595967818,0.1929067275962051,0.0,nan,0.0
-136.010104,208,737.68957,0.0,1.0,12.710522696047192,-136.01010441223124,0.0,0.0,0.0,1.0,0.5594065612760227,208,10.201765134978814,0.43173795880681964,1.0721924152525195,0.7279721178974097,0.2647964842617512,0.24159623625186774,0.0,nan,0.0
-136.174683,52,738.309516,0.0,1.0,-4.693079099721365,-136.1746827471817,0.0,0.0,0.0,1.0,0.13791719231401625,52,9.72356595123012,0.40269928071440714,1.0768083562807411,0.701121213630988,0.2636129718560439,0.21108416410592887,0.0,nan,0.0
-124.150784,221,740.531345,0.0,1.0,27.80480630369422,-124.15078389129201,0.0,0.0,0.0,1.0,0.6758058750630387,221,13.478284885589126,0.41986209390069185,1.120942473546116,0.7157127116701452,0.24632737350679632,0.2351382598618037,0.0,nan,0.0
-136.443412,44,741.080853,0.0,1.0,-6.886482038883038,-136.44341234725476,0.0,0.0,0.0,1.0,0.09809781390649694,44,7.930115350402899,0.36466727792272996,1.159038533984048,0.6428144661371004,0.27622694860805164,0.31445481560447,0.0,nan,0.0
-135.286007,32,741.426012,0.0,1.0,-8.019229510893336,-135.28600705462867,0.0,0.0,0.0,1.0,0.08837586293757485,32,5.995255642997309,0.3515213930678034,1.0855023274155131,0.7329518399201334,0.12830742821097374,0.16136597283184528,0.0,nan,0.0
-140.588355,47,742.001871,0.0,1.0,-8.171769910618815,-140.58835479969565,0.0,0.0,0.0,1.0,0.1182337567471906,47,6.950754532133535,0.49394973007366705,1.0420167091613857,0.7709491160955835,0.2313482457018913,0.21906885441313398,0.0,nan,0.0
-144.618511,103,743.136891,0.0,1.0,-3.83781168431699,-144.61851141224145,0.0,0.0,0.0,1.0,0.17374202359839014,103,6.271554392716027,0.45845326938749964,1.1295694910019902,0.7929809492768594,0.3290242338643491,0.30695465351771384,0.0,nan,0.0
-97.599324,285,746.559989,0.0,1.0,56.589378858276305,-97.5993241485478,0.0,0.0,0.0,1.0,0.9539482948401258,285,13.828640671994098,0.3218626957633102,1.1463205172082631,0.6865211123437213,0.26780422674982174,0.2557464145777518,0.0,nan,0.0
-146.973263,141,747.869205,0.0,1.0,2.490475803801658,-146.9732633637743,0.0,0.0,0.0,1.0,0.3715964375856014,141,8.885558896415132,0.5729634671252544,1.0649035858852225,0.7343785296465065,0.27885096969333945,0.2558749964896669,0.0,nan,0.0
-133.745126,45,748.281208,0.0,1.0,-5.003116156236034,-133.74512601487828,0.0,0.0,0.0,1.0,0.1772010752686486,45,11.230032311228015,0.4272962030403506,1.0362026222589342,0.7380367014143202,0.17111325528886584,0.1605810589260525,0.0,nan,0.0
-141.102502,77,749.008961,0.0,1.0,-5.235120296755281,-141.10250157741916,0.0,0.0,0.0,1.0,0.17879345145627515,77,6.712408043057793,0.47455224031889276,1.0630184071702176,0.8036443738194256,0.35558151734339727,0.31553747746851535,0.0,nan,0.0
-126.292692,130,750.279828,0.0,1.0,13.810803970866843,-126.2926920134108,0.0,0.0,0.0,1.0,0.48878330678940785,130,12.445668608391001,0.43014243572445277,1.0242742704292012,0.6793046601689778,0.25089145394471973,0.22828409121586726,0.0,nan,0.0
-136.139977,37,750.665583,0.0,1.0,-7.9833862011188135,-136.13997688371865,0.0,0.0,0.0,1.0,0.10412284417692881,37,8.77513461568562,0.41514405635119583,1.0254004360158444,0.6427991700333517,0.18492380348411766,0.1599155922193785,0.0,nan,0.0
-133.630936,54,751.188927,0.0,1.0,-5.347651241090762,-133.63093636485183,0.0,0.0,0.0,1.0,0.13309588494914087,54,5.58035929759249,0.22942949110163172,1.025048290458808,0.7470909677169941,0.34385877626913564,0.2741682065857781,0.0,nan,0.0
-133.868896,28,751.519045,0.0,1.0,-8.296831884771253,-133.86889610531233,0.0,0.0,0.0,1.0,0.10754247820675226,28,8.101909131683197,0.33268203223603304,1.054681271510294,0.6315688075763839,0.1920684618609292,0.23236409255436488,0.0,nan,0.0
-143.642884,76,752.319992,0.0,1.0,-7.586436792181146,-143.64288374247784,0.0,0.0,0.0,1.0,0.2061550115628548,76,9.52269146740189,0.5589540518486545,1.0644795486081255,0.8106532653695658,0.12642896802801834,0.12031539804057072,0.0,nan,0.0
-140.978036,150,753.672288,0.0,1.0,4.7640072524055785,-140.9780364317176,0.0,0.0,0.0,1.0,0.33332417010429455,150,9.12606680259899,0.4663539734693409,1.0835893667828518,0.7469134569168091,0.26816890478134153,0.22105438947677614,0.0,nan,0.0
76.999767,286,756.875633,1.0,0.0,60.68416806439671,76.99976735694001,0.0,0.0,0.0,0.0,0.9472743968110815,286,11.017992732481632,0.391704120075057,0.8632493869512667,0.7245895974338055,0.24582701108672403,0.23331992942970115,0.0,nan,0.0
-130.909664,114,757.841667,0.0,1.0,8.330316945888086,-130.90966424760245,0.0,0.0,0.0,1.0,0.3517831707087826,114,11.340440033447832,0.40192472403994156,1.1306613425703953,0.7487649001965397,0.23401872212426705,0.2195359196579247,0.0,nan,0.0
57.93128,329,760.621552,1.0,0.0,65.96023138908822,57.93127987193792,0.0,0.0,0.0,0.0,0.9474217662753245,329,9.766113223863002,0.5006903513749574,0.9854411849283418,0.6942559145277757,0.2998784465268028,0.26257820296070133,0.0,nan,0.0
71.139174,416,764.9548,1.0,0.0,95.33607435756132,71.13917420897185,0.0,0.0,0.0,0.0,0.9602282135704164,416,10.428860237513236,0.4019022089948195,0.9987683162594052,0.7618458743314617,0.2529047389443104,0.2284915573321856,0.0,nan,0.0
-123.069895,290,767.194051,0.0,1.0,40.25583277139119,-123.06989536411336,0.0,0.0,0.0,1.0,0.8616285517060321,290,12.098379847456599,0.4240368207576394,1.0179769888383103,0.7067063828223739,0.2886829489263995,0.27103175788090145,0.0,nan,0.0
-126.334398,149,768.366055,0.0,1.0,12.7468773543389,-126.33439801986147,0.0,0.0,0.0,1.0,0.3519401731606543,149,8.765814816910906,0.25771158151389667,1.075520340281324,0.6863690408684263,0.295524801183867,0.2666760527047535,0.0,nan,0.0
97.007847,361,771.309219,1.0,0.0,94.99249237334314,97.00784735721818,0.0,0.0,0.0,0.0,0.9561757457448365,361,10.60018735119726,0.30589084235533737,0.9941226090010981,0.7492648230819161,0.25407017928411424,0.2296275306606557,0.0,nan,0.0
-121.948625,118,773.236648,0.0,1.0,15.028265947702007,-121.94862500384365,0.0,0.0,0.0,1.0,0.32816855480714013,118,12.81335174633022,0.29285230418066477,1.0717244733719067,0.739166320506799,0.25614718057341496,0.22482435278973337,0.0,nan,0.0
52.312542,307,775.946993,1.0,0.0,64.87636316362435,52.31254232609506,0.0,0.0,0.0,0.0,0.9528878444454503,307,11.95893159966658,0.5418824047872428,1.0909432120909617,0.702221651079212,0.1973758780606795,0.1892664735402657,0.0,nan,0.0
93.889134,300,778.299222,1.0,0.0,84.07074487501527,93.8891339007655,0.0,0.0,0.0,0.0,0.9528739483061444,300,10.955203583457665,0.3299606627379992,0.9554758937649076,0.7106892118106286,0.24448427200317382,0.2254125225543976,0.0,nan,0.0
83.717664,314,780.830011,1.0,0.0,88.06544146680956,83.71766426872412,0.0,0.0,0.0,0.0,0.9619584682355686,314,13.889803636608622,0.3989535942128564,0.9892546426715436,0.6586674336984659,0.25372703212082004,0.24503870260943272,0.0,nan,0.0
26.690767,330,784.383425,1.0,0.0,60.43707879547571,26.690767134028178,0.0,0.0,0.0,0.0,0.9560941104749849,330,11.573279406116878,0.5818780777929426,1.5352299949293011,0.6942745235833254,0.23506400133624222,0.224957448424715,0.0,nan,0.0
70.205464,310,786.946378,1.0,0.0,79.90895298779722,70.20546409775261,0.0,0.0,0.0,0.0,0.9549958288316626,310,12.048995131789914,0.45331186839333776,1.3111856384020497,0.7413689479712517,0.2399415285356583,0.22499120466170772,0.0,nan,0.0
100.40481,276,789.29363,1.0,0.0,94.44790002685909,100.40480964015576,0.0,0.0,0.0,0.0,0.9603209437894121,276,15.001571809304538,0.35127598953438405,0.9523671122892767,0.7310827852267286,0.2209675303403882,0.20472968574883282,0.0,nan,0.0
64.920714,301,792.524142,1.0,0.0,79.31879855478422,64.92071396937277,0.0,0.0,0.0,0.0,0.9599584563242105,301,14.299927423217596,0.4878721841108613,1.0730726164928606,0.7823418981312121,0.18260057740829316,0.1675040662486688,0.0,nan,0.0
72.128997,318,795.07435,1.0,0.0,77.56966466139696,72.12899699116612,0.0,0.0,0.0,0.0,0.9552174998416463,318,11.516999530439403,0.45842921519432955,0.9972960661505329,0.6668224809164146,0.2533214677054927,0.23401422095748614,0.0,nan,0.0
-152.097373,223,796.876566,0.0,1.0,32.305286468928806,-152.09737265544396,0.0,0.0,0.0,1.0,0.8977454930220842,223,16.008170174492044,0.5844600722691882,2.0,0.7261128087148003,0.2538980114620363,0.227047092444159,0.0,nan,0.0
-140.823825,234,798.829493,0.0,1.0,25.28858740917216,-140.82382544310013,0.0,0.0,0.0,1.0,0.7919118092321296,234,12.622677885859977,0.5287198507070282,1.207261433672499,0.7297264473815249,0.23000649203602067,0.21654936238231823,0.0,nan,0.0
99.758275,242,801.675001,1.0,0.0,82.9376804602372,99.75827478308354,0.0,0.0,0.0,0.0,0.9937128331623354,242,13.999034582911728,0.3270533837520073,1.0811963791132515,0.7149978829932607,0.16749048035992078,0.16374927365090236,0.0,nan,0.0
100.305253,320,804.331852,1.0,0.0,99.15867875853357,100.30525272790145,0.0,0.0,0.0,0.0,0.9613164339112066,320,12.925912220103978,0.32681355511520893,0.9819132769438634,0.6921310397330671,0.27510876338928936,0.23826558962464334,0.0,nan,1.0
-117.650977,800,813.851862,0.0,0.0,165.48884943967505,-117.65097726082932,0.0,0.0,0.0,0.0,0.6643885290905089,800,14.536776992633941,0.5464078960510208,2.0,0.6722806216217577,0.29641824916005133,0.26023063987493517,0.0,nan,1.0
-28.432705,800,823.873613,0.0,0.0,201.58320540388158,-28.432705111316174,0.0,0.0,0.0,0.0,0.5654922544461721,800,15.313198822024479,0.4523360187516495,2.0,0.6907208018237725,0.2273038487136364,0.2079656718671322,0.0,nan,1.0
71.654807,786,833.146698,1.0,0.0,222.56447108254676,71.65480667614538,0.0,0.0,0.0,0.0,0.9853292194327445,786,15.897486397559142,0.4416388279086921,1.4557158914624713,0.6983868176776338,0.19799261928818002,0.1789896733888233,0.0,nan,1.0
-50.463927,800,843.126997,0.0,0.0,190.51958994399936,-50.46392745991124,0.0,0.0,0.0,0.0,0.7457597424192315,800,15.554987872378975,0.48598981808739966,2.0,0.7006518889218569,0.2204620961099863,0.20277661755681037,0.0,nan,1.0
-60.45836,800,851.418194,0.0,0.0,196.37276231604454,-60.45836005019506,0.0,0.0,0.0,0.0,0.8095850022157622,800,15.731190149758318,0.5021709683819444,2.0,0.6791205686237664,0.20368909277021885,0.19490230277180673,0.0,nan,1.0
27.656361,800,860.344973,0.0,0.0,209.52385737758922,27.65636061453099,0.0,0.0,0.0,0.0,0.8515180152467534,800,15.136849899669855,0.3820605766175729,1.6426852682983937,0.6791113943280652,0.18267980426549912,0.17528506100177765,0.0,nan,1.0
-148.941354,750,868.249727,0.0,1.0,175.21760232170158,-148.94135396213957,0.0,0.0,0.0,1.0,0.9745827485200352,750,16.773338159618966,0.48516972147197673,1.2876083754268999,0.6771313944856325,0.2045373919804891,0.18023130337397258,0.0,nan,1.0
-143.333532,337,872.612741,0.0,1.0,73.9757555749391,-143.33353206913696,0.0,0.0,0.0,1.0,0.3965310453173668,337,16.31475952491391,0.4708736584719312,1.4762289973556726,0.5749861676721262,0.1918423872673193,0.195213113411244,0.0,nan,1.0
-126.497639,398,877.164842,0.0,1.0,95.92312397514625,-126.4976393370435,0.0,0.0,0.0,1.0,0.3803155894510472,398,16.06869310957057,0.40435269847061517,1.15986673353268,0.6457684008994294,0.19718074469111074,0.19786610884882097,0.0,11.677889311313335,1.0
-144.303069,444,882.243897,0.0,1.0,83.56583091024531,-144.30306944002945,0.0,0.0,0.0,1.0,0.3271070017584292,444,14.267384249351554,0.4332099960264515,1.0986316493979325,0.6736980588217308,0.2439844310283661,0.22785734566482338,0.0,nan,1.0
-135.671531,546,889.325631,0.0,1.0,104.47946606365339,-135.6715306356732,0.0,0.0,0.0,1.0,0.5454209186265863,546,11.913990668163848,0.37334914268926667,1.5976886301939737,0.6838698585214087,0.17761873543917478,0.18395237368105094,0.004594209134227323,4.06333796846767,1.0
7.578967,737,898.488063,1.0,0.0,183.26805552192266,7.578966538331834,0.0,0.0,0.0,0.0,0.9861864772419084,737,17.104005528063105,0.5570990445634858,1.6385364473606805,0.6645639889609458,0.2617924714832487,0.2539277338755179,0.0,nan,1.0
43.067795,800,908.188802,0.0,0.0,226.02680224136756,43.067794552905696,0.0,0.0,0.0,0.0,0.9301340322840851,800,16.231382049461043,0.38583267543633554,1.234001324408817,0.6526965923979878,0.19597177065908908,0.1838354255259037,0.0,nan,1.0
121.982815,773,918.150375,1.0,0.0,248.068019753721,121.98281494426021,0.0,0.0,0.0,0.0,0.9851228561888252,773,16.583837859778907,0.3570257391372462,0.9953109812762816,0.6572429372183256,0.230730154150362,0.2237547022250769,0.0,nan,1.0
-145.29672,715,927.729362,0.0,1.0,154.7752335895576,-145.29671999108106,1.0,1.0,0.0,0.0,0.5959705654063604,715,14.850885585198046,0.45295138348134206,1.3216454840360021,0.7068939704161424,0.2395431905359655,0.21794584964538788,0.0,19.17363758710294,1.0
117.335566,754,936.54197,1.0,0.0,246.46777691910205,117.33556590337096,0.0,0.0,0.0,0.0,0.9860374984917568,754,17.163351009710805,0.3790526619655766,0.9982216084681972,0.656546139491806,0.2173259708862406,0.20765783347248715,0.0,11.397619758736868,1.0
-132.69674,106,938.163048,0.0,1.0,13.829516881168043,-132.69674017566237,0.0,0.0,0.0,1.0,0.07381954847586998,106,14.101952045663754,0.3722293713962314,1.1518535575767164,0.7427891530799415,0.13078877948365122,0.12807009917385173,0.0,nan,1.0
130.393176,547,944.151812,1.0,0.0,180.0579771492143,130.39317638488268,0.0,0.0,0.0,0.0,0.981282171746534,547,15.431457789709102,0.2932304471148299,0.8517019151759184,0.6743442564589777,0.1841677596189858,0.18022519753227723,0.0,nan,1.0
-130.781605,79,945.559199,0.0,1.0,8.178559140551553,-130.78160504726742,0.0,0.0,0.0,1.0,0.12338702114587495,79,14.731375368354255,0.34816785529318195,1.109749828336396,0.7056920420897158,0.12760682498352438,0.13008097757267045,0.0,nan,1.0
-126.855724,118,947.91312,0.0,1.0,15.648580951096086,-126.85572357825644,0.0,0.0,0.0,1.0,0.1242347113165968,118,13.179129121488332,0.252044123385351,1.1438737390825986,0.7149920832302611,0.12357828980785306,0.1308960025593386,0.0,nan,1.0
-147.55299,621,955.290074,0.0,1.0,124.87811652759095,-147.55299028515873,0.0,0.0,0.0,1.0,0.5769396704218247,621,15.208304866761113,0.4422830392906215,1.5192489224446586,0.6372893428768897,0.1928771235132755,0.17733881938092758,0.0,nan,1.0
-131.085799,141,956.668923,0.0,1.0,20.624027287905754,-131.0857989390218,0.0,0.0,0.0,1.0,0.13572721639921487,141,12.237145366082467,0.3084212298708148,1.100151466424139,0.6719396080531127,0.2055133657252535,0.18538737888877274,0.0,21.313673890888566,1.0
106.911048,612,963.575442,1.0,0.0,183.72473689694493,106.91104779524566,0.0,0.0,0.0,0.0,0.9812178159297245,612,15.426835527735138,0.35895123916687977,1.2458353176885268,0.6788541674918307,0.1754110197420993,0.18065069430793812,0.0,nan,1.0
23.376373,800,972.64155,0.0,0.0,206.0232592122266,23.376373351546004,0.0,0.0,0.0,0.0,0.9026134229632954,800,16.05605888569608,0.3927389708683274,1.4260840560044157,0.6879428887926042,0.21145858608186244,0.18610454306006433,0.0,nan,1.0
-118.288799,535,979.192652,0.0,1.0,139.176897565957,-118.28879869995257,0.0,0.0,0.0,1.0,0.5180137665514076,535,16.68413867616456,0.4130431862191911,1.4456705916585308,0.619374513946404,0.175499375958309,0.17455417040352508,0.0,nan,1.0
-215.01078,294,982.707334,0.0,1.0,33.97371880481371,-215.0107803144425,0.0,0.0,0.0,1.0,0.3377886784328114,294,16.28994492712948,0.6984350524901742,2.0,0.6701887267939493,0.16489332346689134,0.15514194154415,0.0,nan,1.0
112.038121,574,989.703147,1.0,0.0,181.25601803942257,112.03812086343792,0.0,0.0,0.0,0.0,0.9792238519829691,574,15.642894230366796,0.36124944702931894,0.9897969887007795,0.6946943720822135,0.14306907994406565,0.12925432617240667,0.0,nan,1.0
-15.302876,800,998.894465,0.0,0.0,201.3511353573801,-15.30287577724782,0.0,0.0,0.0,0.0,0.8576446265911009,800,17.307949177168954,0.48756690867899594,1.5441489516195284,0.6325976035743952,0.1981365929543972,0.1922681884467602,0.0,nan,1.0
-140.482262,296,1001.861606,0.0,1.0,65.19058997132454,-140.4822618236514,0.0,0.0,0.0,1.0,0.3132615944987598,296,15.351867919136954,0.4251467122017304,1.9528534951404515,0.6497098294565001,0.2157704346888774,0.1859469035187283,0.0,nan,1.0
-134.936979,680,1009.154518,0.0,1.0,167.50944910202256,-134.9369790097581,0.0,0.0,0.0,1.0,0.9991106092072941,680,17.462641681249423,0.4790547079764354,1.489042674926626,0.5973662447074757,0.22012418824083665,0.2322923835586099,0.0,nan,1.0
64.15194,800,1018.413105,0.0,0.0,231.45501954238213,64.15193972936967,0.0,0.0,0.0,0.0,0.8939715675975772,800,15.49452591306911,0.3314059399161396,1.2420510319438198,0.6671648166608065,0.15764240354299544,0.15228095427155494,0.0,nan,1.0
116.969525,722,1025.364337,1.0,0.0,235.7710566613137,116.96952511545842,0.0,0.0,0.0,0.0,0.9852459855251144,722,16.497336459605723,0.37381213986711254,0.9959258979227759,0.6359227135096396,0.18300110910737943,0.1759406448731462,0.0,nan,1.0
-13.904083,730,1032.812502,1.0,0.0,203.23725849337012,-13.90408251127738,0.0,0.0,0.0,0.0,0.9876033993382239,730,17.90455790376349,0.562169026242929,2.0,0.6312898910106861,0.23528540314060367,0.22178247301545861,0.0,nan,1.0
-179.641088,397,1037.202983,0.0,1.0,81.06618950160527,-179.6410876019175,0.0,0.0,0.0,1.0,0.5087182898940887,397,17.446116124964238,0.5679250936498562,1.8067323215613726,0.6732428374533689,0.2527369413928361,0.24714969898050917,0.0,nan,1.0
53.46977,800,1046.805533,0.0,0.0,229.6771018159221,53.46976968498516,0.0,0.0,0.0,0.0,0.9712764582044119,800,15.941050717759083,0.34709486507112175,0.9864779197315194,0.6229166157357394,0.14500643134117128,0.14081880420446397,0.0025873480958490073,1.8710744862200837,1.0
-100.529684,733,1054.806808,0.0,1.0,215.30443730825286,-100.52968364251429,0.0,0.0,0.0,1.0,1.001131657324091,733,17.77797920045935,0.40822012514405276,2.0,0.6403100261055594,0.21697294289223332,0.20451262312729068,0.0,nan,1.0
33.81094,800,1064.397887,0.0,0.0,207.6657078748393,33.810939788369105,0.0,0.0,0.0,0.0,0.7361364888733894,800,14.917614213478766,0.36702295910348776,0.9958170204044602,0.6853201981727034,0.18890089653432368,0.1791696210205555,0.0,nan,1.0
-151.031357,438,1068.410938,0.0,1.0,84.79799374599611,-151.03135711992834,0.0,0.0,0.0,1.0,0.4873872233722209,438,17.46013309068532,0.49816889582378465,1.125869758401955,0.6934930593387721,0.31798792606619397,0.2529535299022448,0.0,nan,2.0
-186.068741,293,1072.941312,0.0,1.0,43.32605750517997,-186.06874123213194,0.0,0.0,0.0,1.0,0.21656860927928204,293,11.796048309774672,0.42481724396657616,1.0936283431278557,0.7153416478389766,0.16706288104984948,0.17244799674167569,0.035748276945429314,1.0578267310561242,2.0
-128.673671,304,1077.840661,0.0,1.0,58.81793904737127,-128.67367071757633,0.0,0.0,0.0,1.0,0.21474642271553473,304,13.257223226912982,0.35094749832639094,1.1102562246757153,0.6550984255675423,0.2530721092694684,0.2492609804398135,0.0,9.14529917051851,2.0
-98.479211,391,1082.864667,0.0,1.0,113.69341378018291,-98.47921135518504,0.0,0.0,0.0,1.0,0.31840791518826894,391,16.173454899793935,0.3044315208512974,1.0249893196951567,0.6785950018164447,0.20351711380512208,0.19147478345105107,0.0,nan,2.0
-118.442752,1000,1096.724639,0.0,0.0,243.73219241423524,-118.44275237604202,0.0,0.0,0.0,0.0,0.8974495275364802,1000,16.068684565496422,0.47441396744148906,2.0,0.6643598717674613,0.22740793585777283,0.2197391137480736,0.01885222349564548,0.3879195108104173,2.0
-121.99219,494,1103.77436,0.0,1.0,117.23896875567272,-121.99219036106564,1.0,1.0,0.0,0.0,0.46216436626299195,494,12.108800870064835,0.23983590136894772,0.9729802841401483,0.7020123038244875,0.23085069475386308,0.24247827655390689,0.016708223287317952,0.7584050342382836,2.0
-10.037099,1000,1119.23245,0.0,0.0,263.81326403990613,-10.037099229249995,0.0,0.0,0.0,0.0,0.7180615856886716,1000,16.83200209949076,0.4440879115135394,1.5149540787568572,0.6590635567083954,0.19458332061767578,0.19028027486801147,0.0,10.908854621080092,2.0
-62.933139,1000,1133.903911,0.0,0.0,289.7324819640929,-62.93313923129974,0.0,0.0,0.0,0.0,0.6275773064922434,1000,15.296936381980395,0.3528712695061096,0.9947567371278686,0.6446062996042893,0.20389776927232742,0.19050181686878204,0.026160756195087537,1.701864963648523,2.0
35.222719,1000,1148.237875,0.0,0.0,276.09193892853165,35.22271879059353,0.0,0.0,0.0,0.0,0.610378811459388,1000,14.877150568857207,0.34875212287127744,0.9928120756477145,0.6442477974891663,0.20870149892568587,0.20520974612236023,0.00403203739981286,3.6649932891873696,2.0
-147.388571,701,1157.897742,0.0,1.0,141.88851809617722,-147.38857124445704,0.0,0.0,0.0,1.0,0.4409184071874804,701,13.41543480379937,0.3768170173211766,1.6702407349384483,0.6616353325535159,0.2282138406465125,0.21467286679952188,0.005214613239234016,4.2015572579070914,2.0
25.310074,1000,1172.92047,0.0,0.0,257.26145897737456,25.310074333682767,0.0,0.0,0.0,0.0,0.5240381893453683,1000,15.007817658127797,0.37158465192763845,1.203791050928441,0.6076541429273784,0.24329554367065429,0.21752320230007172,0.0,7.460966140405428,2.0
0.578261,1000,1185.811609,0.0,0.0,214.33821636361236,0.578261396336301,0.0,0.0,0.0,0.0,0.6870156329521334,1000,14.23619329708806,0.38553255233911354,1.5307735426328373,0.6445290361568332,0.22882903409004213,0.20862092995643616,0.0,14.48999940706175,2.0
49.834181,1000,1199.129863,0.0,0.0,270.4236667963264,49.83418140281475,0.0,0.0,0.0,0.0,0.8289717435365704,1000,15.484606637767236,0.36173921320441893,1.1101771895714407,0.6110936464294792,0.24077753257751464,0.22638781476020814,0.0002452491692042294,4.968740775062608,2.0
-19.761295,1000,1213.535982,0.0,0.0,257.0644887139826,-19.76129469597565,0.0,0.0,0.0,0.0,0.8377687376987214,1000,17.002597770684677,0.46722854790117735,1.7423968990878957,0.6041553039364517,0.22997643411159516,0.2225189596414566,0.0,8.521686821042502,2.0
78.91291,1000,1227.828362,0.0,0.0,304.3624911800794,78.91290973951344,0.0,0.0,0.0,0.0,0.9096058962102757,1000,16.248321081336893,0.3332595426488279,1.200865352074852,0.5819565071836114,0.2720799205303192,0.234736234664917,0.0,6.706069800745916,2.0
-81.971876,619,1237.605424,0.0,1.0,184.2992606753945,-81.97187586460521,1.0,1.0,0.0,0.0,0.45130825657330664,619,16.523199218694664,0.3370836010386981,0.9818373818725697,0.5986501008500864,0.21303724539684363,0.1964659723596157,0.0,10.089853829302102,2.0
-33.045287,1000,1252.383669,0.0,0.0,271.2243329862576,-33.04528684114883,0.0,0.0,0.0,0.0,0.9639821287466664,1000,17.30321456936158,0.48155042198931053,2.0,0.5962929036840796,0.24890371841192246,0.24429641437530517,0.0,9.443035662450589,2.0
56.654439,1000,1267.781813,0.0,0.0,321.1288406236026,56.654439176134,0.0,0.0,0.0,0.0,0.8024426600345602,1000,14.71817160181443,0.23593202892934637,0.840131713158774,0.6458707517683506,0.2121076382994652,0.1944886663556099,0.018017839446002413,0.22226067082689174,2.0
38.376397,1000,1281.755205,0.0,0.0,308.36177453411153,38.376397252931284,0.0,0.0,0.0,0.0,0.9536551992954099,1000,16.93592844952324,0.39136620731176935,2.0,0.5941410420425236,0.2477958344221115,0.24833858013153076,0.0,24.97654862337664,2.0
39.307942,1000,1298.69368,0.0,0.0,304.22396046493634,39.30794186539017,0.0,0.0,0.0,0.0,0.7106319733231234,1000,15.322699282288104,0.31699258209026515,1.3347744242970467,0.6384167410247028,0.2633786882162094,0.24746409451961518,0.008949548590397717,2.916389402771382,2.0
-225.570356,616,1310.013218,0.0,1.0,110.1664712870705,-225.570356322187,0.0,0.0,0.0,1.0,0.44268678057378313,616,16.638386544387497,0.5986358452748513,1.638203996924189,0.5594897511983653,0.25799051914122195,0.2270892241171428,0.002462710301622858,2.890609659720511,2.0
-257.464409,239,1313.408751,0.0,1.0,13.717415456285853,-257.4644091110185,0.0,0.0,0.0,1.0,0.19866951856973264,239,16.34783995065673,0.9333274903744949,2.0,0.605438737128569,0.29581471866144793,0.275596989248587,0.0,nan,2.0
-160.967613,1000,1326.792901,0.0,0.0,229.17395065359784,-160.96761320323338,0.0,0.0,0.0,0.0,0.8718556610221406,1000,14.989432359485987,0.4748178766816454,1.4429264716751113,0.6264587685465812,0.1791422377228737,0.1825410943031311,0.031045865832459843,0.0051237328865319145,2.0
-345.11999,632,1336.718919,0.0,1.0,90.74362053811285,-345.1199899368298,0.0,0.0,0.0,1.0,0.4613335707115325,632,15.252325393260305,0.7222575345662372,2.0,0.5859406041099301,0.24305675952117653,0.22225861505994313,0.005873678041229615,3.9530136989370512,2.0
-155.337072,1000,1351.289739,0.0,0.0,242.88227645347845,-155.33707170993856,0.0,0.0,0.0,0.0,0.7368372533441484,1000,15.467396202707631,0.46362200735466563,1.8624820676379685,0.6140897041857243,0.26092553466558455,0.24732163727283477,0.027851952114333514,0.017756294998953804,2.0
-253.504489,1000,1364.964546,0.0,0.0,218.0150203078284,-253.50448927704292,0.0,0.0,0.0,0.0,0.8768155005214088,1000,15.689307091652205,0.5839787166062271,2.0,0.5928612447977066,0.2627123730182648,0.2509930512905121,0.026856332440973147,0.0056049065387633445,2.0
72.488367,1000,1380.49581,0.0,0.0,305.7860940613279,72.48836700326707,0.0,0.0,0.0,0.0,0.7105361468747454,1000,16.032836566750323,0.34125550329854365,1.0187590221440703,0.6039298331290484,0.25807218259572984,0.2316221352815628,0.0,15.753746258804489,2.0
-59.373805,1000,1394.567109,0.0,0.0,273.33380638764504,-59.373804744397574,0.0,0.0,0.0,0.0,0.8650838737958289,1000,14.844687742898719,0.36807060856967017,1.410271090576884,0.596518881469965,0.22033419704437257,0.21605653166770936,0.026581192737303364,0.09503132328793097,2.0
-271.490743,359,1399.441925,0.0,1.0,61.97362240129179,-271.4907431171991,0.0,0.0,0.0,1.0,0.2646195599202508,359,12.482224184666917,0.4309358437228117,1.3951357439389938,0.6732940742419125,0.19152201467237764,0.17908874162392363,0.08418280301153805,0.07776186340320708,2.0
-178.421638,475,1407.281808,0.0,1.0,93.0069326946015,-178.42163771733675,1.0,1.0,0.0,0.0,0.3664282160726287,475,14.976554530550793,0.4986437849826577,2.0,0.5634743783505339,0.23815181154953807,0.21866615634215505,0.0,52.092171186041696,2.0
14.05741,1000,1421.427351,0.0,0.0,281.0704490835883,14.057410251467564,0.0,0.0,0.0,0.0,0.7879405558655612,1000,16.462412646093867,0.3918843187614826,1.9410745609528652,0.6069138867259025,0.2570888952612877,0.2583134762048721,0.004297731845552535,1.706138284188741,2.0
-257.064383,320,1426.096464,0.0,1.0,48.731147313943424,-257.06438310002216,0.0,0.0,0.0,1.0,0.22012853195935012,320,12.028979695526601,0.4543241167594506,2.0,0.5914098118897527,0.2549311891198158,0.2595615055412054,0.05785264217256727,0.07868894093115528,2.0
103.977428,1000,1442.255681,0.0,0.0,342.54956953895896,103.97742786009285,0.0,0.0,0.0,0.0,0.7575471512386446,1000,16.357258623204476,0.2816263136110741,1.6715928606619073,0.613438486803323,0.24155658692121507,0.22846220195293426,0.0,6.432261068563433,2.0
113.955538,1000,1456.754738,0.0,0.0,334.76455376771065,113.95553841657217,0.0,0.0,0.0,0.0,0.8908234102824998,1000,16.409439117689576,0.29086667484061796,1.1360757249116864,0.6380146884173155,0.28365574342012406,0.24926535308361053,0.0,6.3985931569128445,2.0
116.630311,1000,1474.298409,0.0,0.0,331.8557379052054,116.63031140811079,0.0,0.0,0.0,0.0,0.5719418258308112,1000,15.543838186860704,0.25353325383547337,1.1803898724433992,0.6632996702939272,0.2751833867430687,0.24408685541152955,0.0,7.617535769885064,2.0
-83.791048,992,1489.162397,0.0,1.0,297.9333758014883,-83.79104797061024,0.0,0.0,0.0,1.0,0.7022430486868115,992,16.23711928998321,0.33055299614216765,1.6589836794577524,0.6010758568975895,0.2668380803398548,0.2496991549288073,0.005350648548672077,2.22760635350245,2.0
31.432334,1000,1504.548589,0.0,0.0,266.25953143616425,31.43233396865282,0.0,0.0,0.0,0.0,0.6420464554928695,1000,14.579141259664896,0.3731640108632777,1.0224745075152997,0.626261288087815,0.2552878909707069,0.23409483230113984,7.238303647217314e-05,5.737187324116956,2.0
-150.72757,430,1509.814861,0.0,1.0,79.33661957659709,-150.72757042129288,0.0,0.0,0.0,1.0,0.261010866842849,430,15.991738174929676,0.4517939229165889,1.3324490929372526,0.595138005392496,0.23994727619858675,0.2288004295770512,0.0,nan,2.0
-123.654255,407,1516.445392,0.0,1.0,98.18126720039473,-123.65425467789743,1.0,1.0,0.0,0.0,0.2453213506584287,407,15.859622673743267,0.39515268895205996,1.3528077256696445,0.5506077655190624,0.33294654800499396,0.3095592563509648,0.0,nan,2.0
40.165774,1000,1531.281865,0.0,0.0,267.2404232723003,40.165773672432536,0.0,0.0,0.0,0.0,0.6450026384639893,1000,14.507646941062468,0.3705508590864856,0.9988023428309946,0.6339239624552429,0.2647352393865585,0.24695974552631378,0.0,6.5175679051549436,2.0
-125.632736,1000,1545.425941,0.0,0.0,259.2895660877295,-125.63273572355264,0.0,0.0,0.0,0.0,0.8435881248111682,1000,14.402296590172552,0.3979900860879933,1.4050656502697276,0.6049658836275339,0.27579366928339005,0.27799509942531586,0.035160881092981947,0.07034033781206797,2.0
52.343182,1000,1560.730805,0.0,0.0,298.2389461918489,52.34318229655451,0.0,0.0,0.0,0.0,0.8286582660754817,1000,16.965160416094733,0.39491126538045684,1.2966743195310257,0.5797854412682354,0.26997710967063904,0.26549723637104033,0.00011028486839980366,5.566919975520935,2.0
209.65343,922,1572.978052,1.0,0.0,358.8597032048173,209.65343018166075,0.0,0.0,0.0,0.0,0.9888959531072001,922,16.552855372452385,0.22386966649389198,0.9796546728344513,0.6171340852604125,0.25026313866813893,0.2483343122579529,0.0003135880458015166,5.120178953535311,2.0
-21.75886,1000,1587.845868,0.0,0.0,237.84522422088617,-21.75886009118194,0.0,0.0,0.0,0.0,0.6642477290271793,1000,14.970851354442129,0.4313255109277543,1.371748506783292,0.5854445672854781,0.2199755216240883,0.21864010655879976,0.0022519461001887357,1.264555437760898,2.0
143.403888,1000,1602.899364,0.0,0.0,351.5194838688265,143.40388840387203,0.0,0.0,0.0,0.0,0.7219161270078193,1000,15.733915606612534,0.21891478568905806,0.8826006920066095,0.5675928669087589,0.2433360821008682,0.21395674669742584,0.000773692197357422,3.763195044137956,2.0
76.93734,1000,1618.285524,0.0,0.0,317.78826819770444,76.93733958060523,0.0,0.0,0.0,0.0,0.77778808628596,1000,17.445922246596776,0.3657614108926479,1.0181730900206962,0.5591937211621553,0.28204542922973636,0.2699560041427612,0.0,9.743695060270985,2.0
40.927385,1000,1633.277965,0.0,0.0,328.2459108797163,40.927385352289335,0.0,0.0,0.0,0.0,0.8670967117512506,1000,17.052940998166385,0.33284528378078065,1.0164853680393127,0.5916712919697166,0.2663144081830978,0.261137681722641,0.01222580273861453,1.5000961536486066,2.0
106.943149,1000,1649.36284,0.0,0.0,352.8491766440833,106.94314872183351,0.0,0.0,0.0,0.0,0.6414715391827253,1000,18.090829905208256,0.3099655661645521,0.9953811622761737,0.5778868649229407,0.25812425243854525,0.2386281214952469,0.0003868736373935187,3.6787581756388876,2.0
72.672248,1000,1664.744696,0.0,0.0,317.94971648503235,72.67224762889012,0.0,0.0,0.0,0.0,0.7059167651533529,1000,16.849211548125968,0.32345679381048426,0.9893492923641783,0.5478262457847595,0.21403191816806794,0.22160932677984238,0.004009379199808033,1.0825132765248622,2.0
95.527721,1000,1679.498178,0.0,0.0,331.96032869414097,95.52772075772494,0.0,0.0,0.0,0.0,0.8313175462829867,1000,17.147434622028957,0.3178139542702938,1.1092392091682304,0.5846101421788334,0.25548349237442014,0.25636750960350035,0.0010233484293921838,2.8552044484950727,2.0
136.195579,1000,1694.051732,0.0,0.0,365.8034518216493,136.1955786165866,0.0,0.0,0.0,0.0,0.8687579815372649,1000,17.54464129183659,0.273615550468063,1.0477198471715985,0.6122879305779934,0.3200263385176659,0.3003311290740967,0.0,6.309590714422025,2.0
-104.876597,428,1701.879071,0.0,1.0,120.0759789078997,-104.87659669852462,1.0,1.0,0.0,0.0,0.28376931043219095,428,16.64037056687052,0.34284724497505265,0.9837289628644502,0.5642413867933449,0.25198029775485814,0.24123973016426942,0.0,6.790908666325014,2.0
-13.318394,1000,1717.0417,0.0,0.0,296.954107821194,-13.31839415359305,0.0,0.0,0.0,0.0,0.675038494119724,1000,16.178506850378827,0.3429048911279916,0.9981231556054038,0.5866897215992213,0.24002893489599228,0.22544788432121277,0.01879771086208908,0.29783481811102097,2.0
-122.506555,247,1720.987433,0.0,1.0,48.86337773610872,-122.50655537290255,0.0,0.0,0.0,1.0,0.16669211115217625,247,11.81225235093944,0.25296856229240267,1.0648925274979901,0.6522608682332252,0.1493027118536142,0.15665306205208968,0.006122420119087002,3.47407899666501,2.0
56.825581,1000,1736.75952,0.0,0.0,306.8775717932643,56.82558095643879,0.0,0.0,0.0,0.0,0.7206325946021692,1000,17.209928978014972,0.3785306756873671,0.9927430911076258,0.5863187473192811,0.24141303473711015,0.20662347650527954,0.0011030353902512211,4.165927618009632,2.0
-52.173395,1000,1751.348634,0.0,0.0,297.34405832769625,-52.17339468892387,0.0,0.0,0.0,0.0,0.7917529491878604,1000,17.35024526518856,0.37440702680665333,1.2879290126928453,0.5956225938200951,0.27825064289569856,0.26007952296733855,0.025324295057235005,0.2714659683181473,2.0
-73.456385,640,1760.682576,0.0,1.0,203.994153657728,-73.45638467777425,1.0,1.0,0.0,0.0,0.480158345236051,640,17.569456471858615,0.33656733595322286,0.9934477785547092,0.6312927939929068,0.26474262923002245,0.2581015458330512,3.000725365694933e-05,5.884772145957315,2.0
84.269698,1000,1775.399569,0.0,0.0,336.4425220234152,84.26969800853476,0.0,0.0,0.0,0.0,0.9081696206272948,1000,18.56432397278589,0.3665109731501004,0.9938083343342641,0.5494816618040204,0.28427880465984345,0.26299480605125425,0.0,7.669045268915588,2.0
-46.599741,1000,1789.258147,0.0,0.0,306.9365754340424,-46.59974061183129,0.0,0.0,0.0,0.0,0.8236304618877461,1000,17.05761737943115,0.3703626562785618,1.1417057143152605,0.614543257240206,0.2833568314909935,0.25001457893848417,0.026472516707396684,0.09226215336812715,2.0
115.692467,1000,1803.193884,0.0,0.0,367.08983052543056,115.69246651399091,0.0,0.0,0.0,0.0,0.9163955712370897,1000,18.52153706945136,0.31773358269038315,1.4587466152491246,0.5944614207968116,0.29100895035266877,0.28705773401260376,0.0,11.493858989044316,2.0
37.615421,1000,1817.848156,0.0,0.0,313.76520531307744,37.615421247982994,0.0,0.0,0.0,0.0,0.8124502330994837,1000,17.03950232867574,0.35915947717792024,1.1293955403307807,0.6309524114355445,0.21450584173202514,0.22180926835536957,0.008124169679290538,2.1564208689198567,2.0
133.605244,1000,1833.325464,0.0,0.0,363.39269080272715,133.60524384565912,0.0,0.0,0.0,0.0,0.6183489204325152,1000,16.863121301476045,0.25175298209673214,0.9841661955139117,0.6233350440040231,0.24430754840373992,0.23370574164390565,0.0,6.362813226233041,2.0
141.85517,1000,1848.317086,0.0,0.0,376.3654212821227,141.85516996324137,0.0,0.0,0.0,0.0,0.8641022818114976,1000,17.94990502153055,0.2674942304402527,1.1138289852743544,0.6081450945883989,0.271882765173912,0.24553373527526856,0.0,7.836841423893603,2.0
121.780574,1000,1862.681221,0.0,0.0,348.2521932365301,121.78057420072116,0.0,0.0,0.0,0.0,0.6992585597550185,1000,16.188360634862573,0.2515563713079076,0.9971384194450985,0.5757939967885614,0.28452781164646146,0.2522412903308868,0.0028176302852277618,1.3224738487025183,2.0
24.134453,1000,1877.820542,0.0,0.0,319.74607113667736,24.13445334335106,0.0,0.0,0.0,0.0,0.8752573137642574,1000,15.387223638434918,0.2613816197894348,0.9721441417231619,0.6270550980120897,0.2733003504872322,0.2595942189693451,0.023001454213443562,0.7353398237514617,2.0
109.279617,1000,1893.590994,0.0,0.0,345.2196864107186,109.27961726703501,0.0,0.0,0.0,0.0,0.7417695536618395,1000,17.638709287978568,0.305477376930086,0.9862851116642215,0.614711393609643,0.29099646252393724,0.2879418206214905,0.0,10.201492412534387,2.0
-4.628098,1000,1907.993934,0.0,0.0,273.4426586400498,-4.6280976596184775,0.0,0.0,0.0,0.0,0.7933925547549856,1000,16.54738698592271,0.3542320295781513,1.2871598738162857,0.6390801081210374,0.24387143164873124,0.23563237619400024,0.012724476453662332,2.26238552469399,2.0
99.011667,1000,1922.862217,0.0,0.0,327.3435533388928,99.01166663277766,0.0,0.0,0.0,0.0,0.752842874877615,1000,17.11167614178913,0.3103027683697179,1.2024408402189088,0.6557816257737576,0.275059973359108,0.2614176473617554,0.0,12.341676526995707,2.0
133.441773,1000,1937.238271,0.0,0.0,348.2876211364016,133.44177337454346,0.0,0.0,0.0,0.0,0.9181567679476166,1000,16.496201727467174,0.2500981435672735,0.9552398088336885,0.6362230455987156,0.24307151806354524,0.21824353909492492,0.0006594911404630746,4.615214733843895,2.0
102.936256,1000,1953.15203,0.0,0.0,347.31949029584666,102.93625635474973,0.0,0.0,0.0,0.0,0.7445308815362255,1000,17.694174777428252,0.32422925948394,0.9777833831051854,0.6252878798395395,0.2894393308758736,0.281607517182827,0.0,9.542538007372912,2.0
108.847281,1000,1968.761704,0.0,0.0,350.7606909350831,108.84728075339264,0.0,0.0,0.0,0.0,0.8416961829902269,1000,18.125971967236254,0.3193126034987493,1.0063682571701678,0.6032716100849211,0.28897648429870604,0.27596411514282226,0.00082573115871213,3.5897040221162726,2.0
72.635186,1000,1982.925088,0.0,0.0,354.0164069230121,72.63518643069537,0.0,0.0,0.0,0.0,0.9321184900212331,1000,16.791044746769753,0.2678699494146116,1.086927704330516,0.6157413046509027,0.264062691628933,0.25541075694561005,0.014972669392311483,0.8246156660756584,2.0
82.614595,1000,1998.318895,0.0,0.0,348.91448845917296,82.61459494084013,0.0,0.0,0.0,0.0,0.8217539780863061,1000,17.39712860687287,0.3154334613274062,0.9915721029987153,0.6210273833572865,0.28898229378461837,0.2629974319934845,0.006580437918172084,1.5893232905454886,2.0
136.563063,1000,2013.104149,0.0,0.0,381.13379379361754,136.56306269879684,0.0,0.0,0.0,0.0,0.7150052566823282,1000,17.73443367321418,0.24973194945304503,0.9975306832413716,0.577777988947928,0.29292106539011004,0.2829807950258255,0.003032242673666679,3.636201332740075,2.0
169.773473,1000,2028.983039,0.0,0.0,383.6961967476662,169.77347338076848,0.0,0.0,0.0,0.0,0.8736404189920818,1000,17.039546075849227,0.21371529886809,0.9899412654951376,0.5916730192638934,0.2701687850356102,0.2541883956193924,0.0,10.116408357211979,2.0
-43.948443,900,2042.061892,0.0,1.0,284.2330186113124,-43.94844338493981,0.0,0.0,0.0,1.0,0.5995317861461721,900,17.752939327679158,0.304908348581983,1.102123594189648,0.6206838384229276,0.30854808807373046,0.28285492698351544,0.0,22.442252907594465,2.0
144.681946,953,2055.775225,1.0,0.0,334.520747633132,144.68194619144103,0.0,0.0,0.0,0.0,0.9888528436201925,953,15.945419434102671,0.2707337037801711,0.9586062464215018,0.6083153224973339,0.2988079990194827,0.30001115874003265,0.009156535388764417,2.870789710655073,2.0
163.132669,1000,2069.182422,0.0,0.0,386.72245395334573,163.1326689818198,0.0,0.0,0.0,0.0,0.852136086645133,1000,17.088946136632337,0.21591656049411315,0.9717715486734798,0.594639235906303,0.3288449168801308,0.28329935944080353,0.001503289877962194,4.1056157431086415,2.0
167.248971,1000,2084.069326,0.0,0.0,384.1635519773244,167.24897054566762,0.0,0.0,0.0,0.0,0.8632520404602192,1000,17.265785233628844,0.22090987030903675,0.7171805046230892,0.6070453671887517,0.3355755022764206,0.3135722814798355,0.0,6.3742229868226765,2.0
135.929251,1000,2098.876621,0.0,0.0,358.5292954061287,135.92925116613398,0.0,0.0,0.0,0.0,0.8470654687179222,1000,16.883438303457538,0.26039348705714305,0.9401619748143589,0.6230330773219466,0.3404089254140854,0.2962074509859085,0.0007198451940092916,4.679288197784621,2.0
224.064612,988,2115.591539,1.0,0.0,397.5191181561694,224.0646117007083,0.0,0.0,0.0,0.0,0.9906991218674023,988,17.248733523268736,0.22293852177437243,0.8208371483471423,0.5915387650114684,0.30860020564152646,0.2820827556766479,0.0013874740743668702,4.085759844616685,2.0
105.965379,1000,2130.227769,0.0,0.0,338.4620592725177,105.96537935325156,0.0,0.0,0.0,0.0,0.7515763806532575,1000,15.760636834050068,0.22485320692175154,0.9822750009118524,0.6194687630925327,0.24545219910144805,0.2508180253505707,0.006856721881676461,0.3033553096167217,2.0
182.262707,1000,2146.796507,0.0,0.0,416.2093627845084,182.2627070148284,0.0,0.0,0.0,0.0,0.848274582206243,1000,18.138556874481473,0.1998016391188517,0.6751091434073168,0.6185417113564908,0.3170180295109749,0.2958889709711075,0.0018740023139252402,3.5143127769446303,2.0
178.088523,984,2162.424604,1.0,0.0,372.6838997422721,178.08852317023434,0.0,0.0,0.0,0.0,0.9895724232403558,984,18.03959911524666,0.30709208175025665,0.9892971617103794,0.5663915385976737,0.3168326636882332,0.26575603293694133,0.0017556601602163827,2.4864983432352004,2.0
119.115841,1000,2177.989935,0.0,0.0,375.19587182892803,119.11584146557585,0.0,0.0,0.0,0.0,0.8847438642282224,1000,17.585046005544648,0.2680109001076044,0.9984946864047839,0.5809785278066992,0.34356269365549086,0.3246341290473938,0.006047357972211126,2.220056352408974,2.0
105.935263,1000,2194.137188,0.0,0.0,332.0648258779763,105.93526276868032,0.0,0.0,0.0,0.0,0.8023748727911311,1000,17.840539720523292,0.2991388347760142,0.9991484703419102,0.5838221414759756,0.30261536490917207,0.25874670946598055,0.0,16.85440857732575,2.0
175.002775,1000,2208.710403,0.0,0.0,397.8775883791957,175.00277538004158,0.0,0.0,0.0,0.0,0.9771044392352465,1000,18.06595265544718,0.22850696233991696,0.9826091435351744,0.5803603465557099,0.2859897483587265,0.27382635152339935,0.0,11.820520326775409,2.0
-50.765299,919,2223.101433,0.0,1.0,286.6189593091178,-50.765298782858196,1.0,1.0,0.0,0.0,0.6634731328640362,919,16.566977599470228,0.31296208776142176,0.9706678487340009,0.5669847695933203,0.3200952654564601,0.31345124680536746,0.002330955058309178,3.929738302522921,2.0
169.707279,1000,2238.473316,0.0,0.0,404.4829521261905,169.70727863188193,0.0,0.0,0.0,0.0,0.7359513282925342,1000,18.263993627585297,0.23200202188248267,0.9806251473266329,0.5584453098215163,0.28423875576257707,0.27456809699535367,0.0005341409854106941,4.64459999213052,2.0
154.637298,1000,2253.51914,0.0,0.0,386.36466007009983,154.637298392214,0.0,0.0,0.0,0.0,0.8946901700851921,1000,18.248707455009008,0.26826078710030743,0.9644433593329427,0.5677051307484507,0.3574222613573074,0.3342299385070801,0.00017275609404601705,5.576965574656836,2.0
159.197068,766,2265.300618,1.0,0.0,298.353570160414,159.19706777896414,0.0,0.0,0.0,0.0,0.9884775809738042,766,18.853908656603895,0.33459103020109865,1.0258767197610001,0.5775394128786288,0.35772522420235775,0.3445939796711695,0.0,7.646575481866557,2.0
95.893643,1000,2282.32835,0.0,0.0,342.2694197416083,95.89364318833744,0.0,0.0,0.0,0.0,0.739385234456096,1000,17.401078950954144,0.3264094980208384,0.9960603472028434,0.5773058140948415,0.3098481673002243,0.31578149902820585,0.001328268656699228,3.4310571855239296,2.0
130.499718,1000,2298.559732,0.0,0.0,372.9086794714574,130.4997182322359,0.0,0.0,0.0,0.0,0.7323865184879591,1000,18.557132574176773,0.29035944885352316,0.9939742008900053,0.5471635197326541,0.3088157464265823,0.29501089930534363,0.0,10.840867872461054,2.0
93.49319,1000,2315.095881,0.0,0.0,349.3168595782703,93.49319041199718,0.0,0.0,0.0,0.0,0.7657661192695755,1000,18.595167123589952,0.35630732711139673,0.9989363924691818,0.510552567884326,0.3517111350297928,0.3123189297914505,0.0,8.271364532439836,2.0
-55.129765,636,2326.133697,0.0,1.0,211.82441217830984,-55.129764648390776,0.0,0.0,0.0,1.0,0.6083154443337846,636,18.070593122080314,0.288743196419502,1.0654669634233112,0.5730448044637371,0.34440517069408727,0.3070032585341975,0.0005629809491740029,4.930392815336153,2.0
137.786047,972,2341.32188,1.0,0.0,363.46718800518113,137.78604715670613,0.0,0.0,0.0,0.0,0.9880318667088049,972,18.169333830247755,0.3186301165846284,0.9425802939148646,0.557554806184039,0.328432935991405,0.3043323253653177,0.01025291464362485,2.153000395631445,2.0
113.310544,1000,2357.011613,0.0,0.0,334.39473772767093,113.31054435990431,0.0,0.0,0.0,0.0,0.8830640675910416,1000,18.568154158171364,0.30286834718534716,0.9824768727616248,0.572423103146255,0.3587359235882759,0.3355867233276367,0.0,nan,2.0
90.735942,1000,2372.737721,0.0,0.0,349.18743828924437,90.73594197003386,0.0,0.0,0.0,0.0,0.86303716483012,1000,18.761747584503787,0.35785722780193646,0.9868995367424166,0.5499365758951753,0.3731776970624924,0.35785082638263704,0.0018014970546686331,2.1872412345735808,2.0
208.139649,962,2389.351891,1.0,0.0,403.2850019401868,208.13964890121952,0.0,0.0,0.0,0.0,0.9898379215298267,962,17.790023500168044,0.21564865231002778,0.9580772660276976,0.564500864684241,0.3275837892678076,0.3237371124993243,0.006514517207949332,3.029985714295813,2.0
129.956261,1000,2405.987053,0.0,0.0,378.04793750019047,129.95626145273727,0.0,0.0,0.0,0.0,0.8162423257516905,1000,19.08216809083798,0.3044237218145228,0.9639134202937641,0.5864041828885674,0.4096022441983223,0.38532374167442324,0.00011193994153260951,5.328360350804343,2.0
126.753521,1000,2420.801315,0.0,0.0,362.9395744265142,126.75352129681994,0.0,0.0,0.0,0.0,0.9091162701140374,1000,17.781856409014555,0.2676872175074169,1.3487168626515247,0.5574507568217814,0.30110016667842865,0.30120315289497374,0.0023674642340990645,3.0718994995351885,2.0
95.822258,1000,2438.277326,0.0,0.0,333.18162727503653,95.82225757108262,0.0,0.0,0.0,0.0,0.7815581390526731,1000,18.674974480962543,0.3317334542126832,1.0877053066217284,0.5396061594448983,0.3660276666879654,0.34207847666740415,0.0,6.619130803938578,2.0
165.21582,1000,2452.521186,0.0,0.0,397.1766117528206,165.2158196752314,0.0,0.0,0.0,0.0,0.9373200975171833,1000,18.673910847703166,0.246600860745039,0.9405722057520169,0.5608103924281895,0.3819367932677269,0.3284957541227341,0.0007504846747038043,4.5962169159656625,2.0
-107.419069,678,2462.920499,0.0,1.0,196.4651910852588,-107.41906941972171,0.0,0.0,0.0,1.0,0.6497988664546837,678,18.47624642179468,0.3699804194663951,2.0,0.5491449207419139,0.38381078619520925,0.34566685970553956,4.7558683115084364e-05,5.806531277087837,2.0
194.394554,997,2477.38283,1.0,0.0,387.1799383325866,194.39455359660775,0.0,0.0,0.0,0.0,0.9897803462012132,997,18.693632613839142,0.2979785932768687,0.9921619556582257,0.5515038469729715,0.3596968241895333,0.3305864189429173,0.0,8.364900731246696,2.0
108.652853,958,2493.783167,1.0,0.0,326.30939254290786,108.65285332501588,0.0,0.0,0.0,0.0,0.9902644651392344,958,18.42137250981144,0.37979517337622215,1.0089368780917345,0.5463193745365938,0.3576871464048398,0.3296319763944144,0.006658481930613189,1.5262452580756578,2.0
166.376549,781,2508.638453,1.0,0.0,308.3398468778649,166.3765487768393,0.0,0.0,0.0,0.0,0.9925236132100881,781,18.37987737004592,0.2971260261137751,0.9903681870987542,0.5695301638331822,0.3632397203683548,0.34633795720514354,0.002013968069797064,2.7577636145734195,2.0
178.341101,1000,2526.016053,0.0,0.0,407.49377174918703,178.3411010698879,0.0,0.0,0.0,0.0,0.8310657706734462,1000,18.713611841459446,0.22986424648105588,0.8604652646018425,0.5601466244123876,0.32963475012779236,0.3323999211788177,0.0,9.250379294607985,2.0
136.274837,818,2540.271028,1.0,0.0,280.66123591861793,136.2748369255523,0.0,0.0,0.0,0.0,0.9876797046040368,818,18.442350527435437,0.3636372098493947,0.9762580242609502,0.5416505130800284,0.3479224753846166,0.3424306886411821,0.0,10.856106411741788,2.0
73.230943,1000,2557.023598,0.0,0.0,321.01237103259376,73.23094326737885,0.0,0.0,0.0,0.0,0.8616675732999198,1000,17.85428773033925,0.3234791720589208,1.2520299709106197,0.555940550789237,0.35742070561647415,0.3402937560081482,0.004019157489950863,3.124299085291528,2.0
-117.4664,190,2561.070013,0.0,1.0,50.801362625582364,-117.46640039796563,1.0,1.0,0.0,0.0,0.15658339099310656,190,16.884217935202752,0.31027661917580046,0.9918277205172055,0.5440403725755842,0.3320020067064386,0.2926310332197892,0.0,12.418193538311911,2.0
-89.889695,357,2567.491699,0.0,1.0,125.20288686946142,-89.8896946173874,1.0,1.0,0.0,0.0,0.3121213926504023,357,17.552180237114676,0.2465706445475213,0.9058396465885649,0.586024777207221,0.37615254646589774,0.3464836393083845,0.007385613638793961,0.7087980820977742,2.0
119.769241,1000,2585.755645,0.0,0.0,358.9597952745004,119.76924149423292,0.0,0.0,0.0,0.0,0.7045571698469123,1000,18.413507679974067,0.2828372865423317,0.9962786111922618,0.5670172567144036,0.38151907777786254,0.3263189235925674,0.00013053312836622513,5.551497497438417,2.0
181.203784,854,2602.247343,1.0,0.0,339.5811343478389,181.20378441312718,0.0,0.0,0.0,0.0,0.9892807432460557,854,18.500415077904467,0.2979709062486972,0.9881738833604006,0.5704096955589654,0.3684170929414048,0.3532821811055132,0.0,6.682118271414073,2.0
196.490471,934,2619.824021,1.0,0.0,388.1089007258743,196.49047148051136,0.0,0.0,0.0,0.0,0.9921811848249085,934,18.299444676311854,0.2523941017312235,0.8361591175023446,0.5541028065818344,0.39430296012625193,0.37421257707751027,0.0060426989503727414,1.3907160020431908,2.0
124.257879,1000,2639.438171,0.0,0.0,373.5861612507953,124.25787936422783,0.0,0.0,0.0,0.0,0.6825318129480903,1000,18.850543871664055,0.3002350549027066,1.2346013763703172,0.5639738043956458,0.3696887435913086,0.3729922677278519,0.0,17.04706561896313,2.0
98.017365,1000,2657.357818,0.0,0.0,360.94607927840184,98.01736460143842,0.0,0.0,0.0,0.0,0.9078218305766429,1000,18.01273464951926,0.30212865080562035,1.01336913372538,0.5489283209480346,0.41233238905668257,0.3846093258261681,0.006840396255849952,1.3493357759130915,2.0
138.884189,1000,2675.076386,0.0,0.0,380.6409808554109,138.8841887201967,0.0,0.0,0.0,0.0,0.9326327343823315,1000,19.05298389505808,0.2989310507907472,0.9931776417654661,0.5477913519144059,0.44344626796245573,0.42194296288490296,0.0,6.1184264331689775,2.0
132.683741,1000,2693.304541,0.0,0.0,353.01701211765044,132.68374135497518,0.0,0.0,0.0,0.0,0.8118951727233626,1000,17.91282649892953,0.2644875892399629,1.0750521427892383,0.5641362090930343,0.36785051399469376,0.3446879278421402,0.0,19.889328261062815,2.0
-107.433175,374,2699.323177,0.0,1.0,115.86257829779628,-107.43317531149808,1.0,1.0,0.0,0.0,0.3761196555608933,374,18.607921600055704,0.3736689298677686,0.9310670935266513,0.5264001056193349,0.37213708850789196,0.38265641934093947,0.0034338006788491014,0.6033040270185527,2.0
169.706858,1000,2716.543083,0.0,0.0,402.83101398866023,169.70685838040401,0.0,0.0,0.0,0.0,0.7898478099166285,1000,18.9289533250344,0.2403174690335599,0.9933224719706105,0.50931920286268,0.38869330084323883,0.3683317098617554,0.0,7.446361100959522,2.0
80.477031,1000,2734.63372,0.0,0.0,339.23045951755296,80.47703102588318,0.0,0.0,0.0,0.0,0.8199344630590677,1000,18.78653579500154,0.3818789958106092,0.9985103403798926,0.5474770512655377,0.4138744345903397,0.412104252576828,1.1230253712683306e-05,5.9326184777239,2.0
197.547392,1000,2752.491565,0.0,0.0,434.0338433841283,197.5473923763612,0.0,0.0,0.0,0.0,0.7725145579044408,1000,18.865463461474036,0.1922047032138922,0.6994992881687366,0.5476461451239883,0.43004509788751605,0.4251742014884949,0.0,7.961606502838962,2.0
139.757076,1000,2770.745658,0.0,0.0,383.40795947074,139.7570759276219,0.0,0.0,0.0,0.0,0.9402021625004857,1000,19.09525582525587,0.3121566126411379,0.904113972883066,0.5419039032123983,0.4490380018353462,0.41950573921203616,0.0,nan,2.0
197.358602,856,2784.957183,1.0,0.0,351.67905948464374,197.3586016050437,0.0,0.0,0.0,0.0,0.9895391107481769,856,19.104912890024277,0.2728015724211824,0.9935184258522355,0.5348603914352569,0.4298066042154749,0.3978824218578428,0.0,9.35047944081447,2.0
227.170062,916,2801.750362,1.0,0.0,393.90083710334824,227.17006236450374,0.0,0.0,0.0,0.0,0.9904370477290335,916,18.59270983762556,0.23087486058697707,0.994397640081139,0.5262547585214428,0.3873811008237855,0.3693868913504755,0.0,12.044938527226439,2.0
125.982529,1000,2821.69848,0.0,0.0,387.3354806387902,125.98252918148934,0.0,0.0,0.0,0.0,0.6835524200424814,1000,18.099346364348907,0.25917246526413895,0.9851422777612816,0.5194298316985368,0.3913552041649818,0.37191826725006105,0.005092170581061509,2.327493967671588,2.0
135.338209,1000,2839.082062,0.0,0.0,369.0738278813527,135.3382085321616,0.0,0.0,0.0,0.0,0.879888546061846,1000,18.18426291862687,0.27941495072503736,0.7881962336105287,0.5071879966631532,0.37929034340381623,0.34788266813755037,0.0022143964047809535,3.4581453275014895,2.0
130.570063,1000,2858.532916,0.0,0.0,375.47514713200025,130.57006291049893,0.0,0.0,0.0,0.0,0.811894193493649,1000,18.63520236698176,0.307062440675088,0.9932368113913194,0.5414813696667552,0.40669361704587936,0.3850892469882965,0.00034577541566868723,5.2352213506991685,2.0
-44.005232,1000,2876.84925,0.0,0.0,285.8328630972178,-44.00523185831955,0.0,0.0,0.0,0.0,0.9169146336151872,1000,17.851066074919377,0.36253031908703864,1.4474229152801792,0.45934774826839564,0.4162553914785385,0.405278710603714,0.026027668101214024,0.14201710530373293,2.0
-154.786003,42,2878.597648,0.0,1.0,-8.328047974653341,-154.7860030861566,0.0,0.0,0.0,1.0,0.010682918958531826,42,13.673041718319109,0.7651048193348766,2.0,0.03176720653261457,0.21906118733542307,0.23770437637964884,0.0,45.66653818190329,2.0
-139.208454,46,2880.12336,0.0,1.0,-8.157032546924222,-139.20845368512212,0.0,0.0,0.0,1.0,0.010697334073558957,46,12.434804376790282,0.3716447232994917,1.0169410490547062,0.07106278771939485,0.2609324092450349,0.21393765314765598,0.0,nan,2.0
-150.3922,42,2881.916079,0.0,1.0,-8.21402525320436,-150.39219983729694,0.0,0.0,0.0,1.0,0.012014673857829295,42,14.043344681183116,0.6484757539875872,2.0,0.06154519603365943,0.2536658332461402,0.22021777856917607,0.0,nan,2.0
-139.941475,45,2883.330115,0.0,1.0,-8.400211519872073,-139.94147460084025,0.0,0.0,0.0,1.0,0.01288652606448102,45,12.466703419608544,0.4173868056574186,0.964674729008906,0.053222457567850746,0.2288218551211887,0.236291413837009,0.0,nan,2.0
-153.359785,42,2884.695891,0.0,1.0,-8.665363770991076,-153.35978476972213,0.0,0.0,0.0,1.0,0.016042551445637432,42,13.512755745696573,0.7250207666750214,2.0,0.033252012161981495,0.18335870050248645,0.20716822431201026,0.0,nan,2.0
-155.04444,43,2886.156545,0.0,1.0,-8.31185776594129,-155.04443950650102,0.0,0.0,0.0,1.0,0.015022351640566225,43,13.771078678545898,0.7674338223029811,2.0,0.057382342427275905,0.2516023225562517,0.22030081305392954,0.0,nan,2.0
-154.59995,31,2887.526618,0.0,1.0,-8.709194069367534,-154.59995000987482,0.0,0.0,0.0,1.0,0.01891277252866183,31,11.72285075651199,0.8765397292516612,2.0,0.12295800639737037,0.10746257151326825,0.1397206360293973,0.0,nan,2.0
-141.789273,47,2889.199862,0.0,1.0,-8.031382219800559,-141.78927258954673,0.0,0.0,0.0,1.0,0.01523468711154219,47,12.20047672967854,0.46627795147506157,1.2751550480349267,0.06054515534258904,0.24833251060323513,0.24062954364938938,0.0,38.187291077052876,2.0
-153.415849,46,2890.713123,0.0,1.0,-8.161490973823552,-153.41584875461007,0.0,0.0,0.0,1.0,0.014993959891761062,46,13.295274309538533,0.6818575926349887,2.0,0.11335033696630727,0.14424222448597784,0.14424222448597784,0.0,nan,1.0
-152.808522,50,2891.958537,0.0,1.0,-8.142108668177665,-152.80852152117373,0.0,0.0,0.0,1.0,0.02561310849463937,50,11.7944784160514,0.5960504883827469,2.0,0.10608943700790405,0.22615090370178223,0.2068029499053955,0.0,nan,1.0
-159.72787,43,2892.891367,0.0,1.0,-8.211503947346372,-159.72786975320287,0.0,0.0,0.0,1.0,0.021362063254885395,43,13.434510632123517,0.8444984613344205,2.0,0.0717231090678725,0.1994386911392212,0.18539711209230644,0.0,nan,1.0
-155.407947,32,2893.622357,0.0,1.0,-8.68228396153672,-155.40794675394986,0.0,0.0,0.0,1.0,0.014402495586636158,32,11.552286163843117,0.8757498532845057,2.0,0.14313002303242683,0.07142038270831108,0.08434011042118073,0.0,nan,1.0
-138.624732,41,2894.471667,0.0,1.0,-8.207790364363499,-138.62473166162215,0.0,0.0,0.0,1.0,0.02078813296564936,41,13.724057411440812,0.38985791154141597,0.9776235695659298,0.030573353534791528,0.20614385604858398,0.18383384913932987,0.0,nan,1.0
-138.393539,44,2895.228627,0.0,1.0,-8.1935972484351,-138.39353948146658,0.0,0.0,0.0,1.0,0.026829114736287265,44,12.987353615204192,0.3571327209352619,0.9620105664120808,0.04288699681108648,0.2093958312814886,0.22930653799663892,0.0,nan,1.0
-153.409925,43,2895.896111,0.0,1.0,-8.638195362929586,-153.4099248307287,0.0,0.0,0.0,1.0,0.022015815545542956,43,13.319032655344484,0.7145771376807467,2.0,0.0479963130729143,0.12639130547989247,0.14964711943338083,0.0,nan,1.0
-157.468322,48,2896.907804,0.0,1.0,-8.237170565363872,-157.46832212179362,0.0,0.0,0.0,1.0,0.0165306127750614,48,12.347339239496153,0.7606522496355571,2.0,0.11846136550108592,0.22245514517029127,0.18905017400781313,0.0,nan,1.0
-150.589357,45,2898.032654,0.0,1.0,-8.140932969406082,-150.58935675191472,0.0,0.0,0.0,1.0,0.01866477075628478,45,12.835055706019855,0.6097196961194973,2.0,0.057247047954135474,0.2493267509672377,0.2813284238179525,0.0,nan,1.0
-148.841714,44,2899.020516,0.0,1.0,-8.128908549722594,-148.84171374799038,0.0,0.0,0.0,1.0,0.018816964273879806,44,13.253898895725179,0.5756415385977329,2.0,0.09171361002055081,0.1771195585077459,0.17281401699239557,0.0,nan,1.0
-141.783056,43,2900.11474,0.0,1.0,-10.780835963800103,-141.78305590611052,0.0,0.0,0.0,1.0,0.016577901414789827,43,13.158850916310001,0.45833751480057044,0.9605142812757836,0.024183736291042594,0.12728230620539466,0.14662086131960847,0.0,nan,1.0
-138.933286,43,2900.870677,0.0,1.0,-7.936362372214218,-138.9332859999304,0.0,0.0,0.0,1.0,0.014003868110840536,43,13.773200740423455,0.3973653553560221,0.9527525295268624,0.05110862643219704,0.2535985735959785,0.2307388893393583,0.0,nan,1.0
-142.062147,43,2902.550882,0.0,1.0,-7.976656150058753,-142.06214692960828,0.0,0.0,0.0,1.0,0.018741178895817296,43,13.574137400516568,0.5229314675871547,1.2231161047594654,0.07768852766170058,0.19112011305121487,0.2410359923229661,0.0,nan,1.0
-151.074986,43,2903.459687,0.0,1.0,-8.51423007871057,-151.07498582439914,0.0,0.0,0.0,1.0,0.018053974712024863,43,13.81389235086913,0.6738395291268748,2.0,0.08097387469092081,0.15961459071137185,0.13964468102122463,0.0,nan,1.0
-152.434793,46,2904.462237,0.0,1.0,-8.106889852450788,-152.4347931651999,0.0,0.0,0.0,1.0,0.019528394936040843,46,13.672128220637855,0.6457638516901388,2.0,0.08248059905093649,0.19400670994883,0.1952237616414609,0.0,nan,1.0
-151.2272,44,2905.279461,0.0,1.0,-8.245962240529908,-151.227200199025,0.0,0.0,0.0,1.0,0.016847369401716855,44,12.810884214304195,0.6333104311105984,2.0,0.04972857507792386,0.15353768793019382,0.17626496065746655,0.0,nan,0.0
-137.405384,48,2905.911753,0.0,1.0,-8.11793577176874,-137.40538444191938,0.0,0.0,0.0,1.0,0.06385788516011977,48,11.744948786157266,0.32959646761373,0.9651195198274712,0.042393758893013,0.2730143964290619,0.2719483897089958,0.0,nan,0.0
-149.057332,45,2906.503094,0.0,1.0,-8.159010320776597,-149.05733171039165,0.0,0.0,0.0,1.0,0.05898199229732985,45,13.302723870310892,0.5901060756492911,2.0,0.08038766384124756,0.18635245694054497,0.13471357292599148,0.0,nan,0.0
-151.606056,47,2907.087087,0.0,1.0,-8.356598752205315,-151.606056193406,0.0,0.0,0.0,1.0,0.08005341104213445,47,12.542507961697744,0.6528411814165868,2.0,0.07076006493669876,0.2284322621974539,0.19123264322889613,0.0,nan,0.0
-152.267039,36,2907.588033,0.0,1.0,-8.743569150578004,-152.26703875906233,0.0,0.0,0.0,1.0,0.07147562979647967,36,10.956111210025043,0.8000676221590495,2.0,0.05421524246533712,0.19801700115203857,0.20184639427396986,0.0,nan,0.0
-136.802911,43,2908.170451,0.0,1.0,-8.216860356083853,-136.80291105987465,0.0,0.0,0.0,1.0,0.07195497674882192,43,13.006901528414344,0.3650471800523851,0.991441663410367,0.041725873947143555,0.16346587691196177,0.17772909652355107,0.0,nan,0.0
-152.17684,47,2908.772308,0.0,1.0,-8.376503122253009,-152.17683973674184,0.0,0.0,0.0,1.0,0.07602272456429228,47,12.271267063692548,0.6687198893366427,2.0,0.10070958289694279,0.2527162775080255,0.2500104396901232,0.0,nan,0.0
-136.361655,44,2909.359597,0.0,1.0,-8.18929040484479,-136.36165510940782,0.0,0.0,0.0,1.0,0.07548238181953817,44,13.154264332312465,0.33426215322863256,0.974436682650727,0.05037425322966142,0.2159094295718453,0.1572247255932201,0.0,nan,0.0
-139.217339,43,2909.940832,0.0,1.0,-8.369167352107064,-139.21733915602573,0.0,0.0,0.0,1.0,0.06016186394491276,43,13.011264060225088,0.4710866055314472,1.077658747492928,0.023255813953488372,0.15872515911279722,0.1734228161878364,0.0,nan,0.0
-137.934771,43,2910.521512,0.0,1.0,-8.05708981930833,-137.9347713634149,0.0,0.0,0.0,1.0,0.05781397818809112,43,13.221454642933226,0.4162472058583018,0.9957791870894691,0.027575836625210074,0.24266287892363791,0.2192174653674281,0.0,nan,0.0
-150.342923,45,2911.142941,0.0,1.0,-8.052448546224795,-150.34292349710998,0.0,0.0,0.0,1.0,0.06185905651114024,45,13.651134531789388,0.6220290814742895,2.0,0.0965767092174954,0.21076747311486138,0.22484054035610623,0.0,nan,0.0
-149.268796,44,2911.745952,0.0,1.0,-8.061072870747688,-149.2687959968025,0.0,0.0,0.0,1.0,0.07971091337034991,44,14.027948920579314,0.6612877978591967,2.0,0.13118249719793146,0.19580762765624307,0.21853490038351578,0.0,nan,0.0
-136.205882,43,2912.316327,0.0,1.0,-8.077849820415352,-136.20588202353056,0.0,0.0,0.0,1.0,0.07510651805396618,43,13.190580486392875,0.3598695627912508,0.9647749943274074,0.03764958159868107,0.23033569857131603,0.27086862297945247,0.0,nan,0.0
-161.391077,44,2912.916558,0.0,1.0,-8.15759297382295,-161.39107709907134,0.0,0.0,0.0,1.0,0.06272773064454251,44,12.989261836541461,0.8946481901704889,2.0,0.02790151130069386,0.2205577709458091,0.198541137305173,0.0,nan,0.0
-146.881293,45,2913.522473,0.0,1.0,-8.039152848779146,-146.88129305144247,0.0,0.0,0.0,1.0,0.07213327425168053,45,13.138897835282485,0.6071404354026592,2.0,0.11887513266669379,0.12068372832404242,0.1377692566977607,0.0,nan,0.0
-136.6978,42,2914.125036,0.0,1.0,-8.134252395719834,-136.69779971928222,0.0,0.0,0.0,1.0,0.06255121313661899,42,13.404650549013095,0.35051647450126966,0.9998201447835677,0.02756632509685698,0.28675081616356257,0.26687165669032503,0.0,nan,0.0
-136.620447,43,2914.747527,0.0,1.0,-8.151591909370426,-136.62044679300945,0.0,0.0,0.0,1.0,0.06400161439826667,43,12.988706183161055,0.34462630699219327,1.0017807099381906,0.03354034867397575,0.1964946569398392,0.20024839528771335,0.0,nan,0.0
-139.501272,47,2915.371936,0.0,1.0,-8.355233595133459,-139.50127197739107,0.0,0.0,0.0,1.0,0.07281255605208337,47,12.052291295959241,0.4679216372623134,1.2079083286623702,0.03389884563202553,0.26642121406311686,0.2173757350191157,0.0,nan,0.0
-157.568215,46,2915.985657,0.0,1.0,-8.32260124785455,-157.5682146329333,0.0,0.0,0.0,1.0,0.08040452512069712,46,12.170013923910302,0.7776194754935671,1.9989229600869065,0.05280543928561003,0.2898340717605922,0.22500688355901968,0.0,nan,0.0
-157.340283,43,2916.579109,0.0,1.0,-8.294043156354485,-157.3402830267453,0.0,0.0,0.0,1.0,0.08058916662106334,43,13.365502390797333,0.8482851514799578,1.9243759710283361,0.08799830702848213,0.24731753593267397,0.2099870942359747,0.0,nan,0.0
-165.001873,43,2918.182452,0.0,1.0,-8.096653886676663,-165.00187307205823,0.0,0.0,0.0,1.0,0.06804058445989586,43,13.072545019582344,0.964206182820257,2.0,0.031026837437651878,0.18026842072952626,0.166038945663807,0.0,nan,0.0
-148.631635,42,2918.773469,0.0,1.0,-8.409309902660691,-148.63163545660024,0.0,0.0,0.0,1.0,0.05765781426304306,42,13.635313686672067,0.6375394213906178,2.0,0.05832766918908982,0.2176255782445272,0.18840789227258592,0.0,nan,0.0
-136.840242,44,2919.38747,0.0,1.0,-7.9490953865234,-136.84024222198263,0.0,0.0,0.0,1.0,0.06156606478821754,44,13.338296609273009,0.35373368682599127,0.9853414305442488,0.04490991885011846,0.2591816078532826,0.2730169025334445,0.0,nan,0.0
-150.459032,44,2919.995545,0.0,1.0,-8.177866607174899,-150.45903243699712,0.0,0.0,0.0,1.0,0.06120699645941964,44,13.391397662691599,0.6724661863154774,2.0,0.0885372134772214,0.12291445244442332,0.15708735585212708,0.0,nan,0.0
-168.97242,48,2920.637775,0.0,1.0,-8.12618727400572,-168.97242014476322,0.0,0.0,0.0,1.0,0.06907338770504931,48,12.089598174282662,0.973430000149253,2.0,0.10023127992947896,0.27900439997514087,0.31108975907166797,0.0,nan,0.0
-140.199469,43,2921.229502,0.0,1.0,-7.988204747797557,-140.1994692711566,0.0,0.0,0.0,1.0,0.060698193785477444,43,13.447532771683157,0.5027670902024862,1.242019043349741,0.062117052632708884,0.27628455328386886,0.26519022708715395,0.0,nan,0.0
-156.667247,47,2921.872959,0.0,1.0,-8.053385710361171,-156.6672467163617,0.0,0.0,0.0,1.0,0.07898342559345278,47,14.183901128681468,0.8130145197527325,2.0,0.10978534373831242,0.18498994695379378,0.19630206392166463,0.0,nan,0.0
-137.717004,47,2922.513508,0.0,1.0,-8.188568025814211,-137.71700412638506,0.0,0.0,0.0,1.0,0.05936317888330751,47,11.661935101902852,0.3815653425132114,0.9981889721350343,0.022673409035865295,0.2540015590951798,0.233328049487256,0.0,nan,0.0
-139.899412,43,2923.093529,0.0,1.0,-8.04095060903027,-139.89941242694692,0.0,0.0,0.0,1.0,0.06981770524513971,43,13.158653261833955,0.5116515026947472,1.2290862174484185,0.04308270021926525,0.21579696688541147,0.23298558800719504,0.0,nan,0.0
-156.461315,34,2923.598735,0.0,1.0,-8.775466114225637,-156.46131484582506,0.0,0.0,0.0,1.0,0.07878903434350626,34,10.04394779777149,0.9329844616231511,2.0,0.17457998500150793,0.21877374719170964,0.22699657608481014,0.0,nan,0.0
-150.890163,46,2924.21042,0.0,1.0,-8.121159568976555,-150.89016250404958,0.0,0.0,0.0,1.0,0.06911688014209622,46,12.791896123083923,0.6319474997533882,2.0,0.10326953815377277,0.1813441048497739,0.17370121634524802,0.0,nan,0.0
-146.139819,43,2924.788955,0.0,1.0,-8.077201948858601,-146.13981875628616,0.0,0.0,0.0,1.0,0.07157380197416717,43,13.548951597998515,0.5799977899787505,2.0,0.0777509794678799,0.17880154210467672,0.20205735605816508,0.0,nan,0.0
-147.725867,44,2925.396673,0.0,1.0,-8.072337991008002,-147.7258673677734,0.0,0.0,0.0,1.0,0.07424505831640925,44,13.653419943249789,0.5873388825878675,2.0,0.10103573040528731,0.25627884539690887,0.22889560190114108,0.0,nan,0.0
-163.970436,43,2926.010518,0.0,1.0,-8.160887600661885,-163.9704362726308,0.0,0.0,0.0,1.0,0.06768474912305222,43,13.273545677080973,0.9536280824884402,2.0,0.06461009313893873,0.1984163855397424,0.1991650198781213,0.0,nan,0.0
-152.842999,44,2926.635703,0.0,1.0,-8.62330415545106,-152.8429988096027,0.0,0.0,0.0,1.0,0.05734421355052609,44,12.739058378607526,0.7194701476134405,2.0,0.04058933799917048,0.16785112565213983,0.2254541516304016,0.0,nan,0.0
-148.629587,48,2927.260168,0.0,1.0,-8.06394534691131,-148.629586594482,0.0,0.0,0.0,1.0,0.07112054798841949,48,12.116279379395863,0.621323173798469,2.0,0.115057868262132,0.17638307809829712,0.1704160968462626,0.0,nan,0.0
-168.166361,47,2927.891712,0.0,1.0,-8.108238427725368,-168.16636101354177,0.0,0.0,0.0,1.0,0.06817739741741961,47,11.97653339365085,0.9745654631253369,2.0,0.05173625844590207,0.2540337861852443,0.28121814575601134,0.0,nan,0.0
-137.940838,43,2928.492437,0.0,1.0,-8.209951056617605,-137.94083794398023,0.0,0.0,0.0,1.0,0.05716426821571075,43,13.243163444527374,0.3969621418396018,0.9621370354512131,0.037387967109680176,0.24624388855557108,0.2159687460854996,0.0,nan,0.0
-136.638623,44,2929.086244,0.0,1.0,-8.084671499662482,-136.6386230786403,0.0,0.0,0.0,1.0,0.066426228588272,44,13.039154054743989,0.35717055298468303,0.9414061384259722,0.02604463967410001,0.22217304869131607,0.20809605446728793,0.0,nan,0.0
-137.370796,46,2929.694508,0.0,1.0,-8.004317242494164,-137.370796237555,0.0,0.0,0.0,1.0,0.06875929182192271,46,13.224060739373481,0.39133761138338846,0.974555702946445,0.10519250061201013,0.1817476827165355,0.19954532384872437,0.0,nan,0.0
-153.150787,43,2930.270311,0.0,1.0,-8.662110149419837,-153.15078691175322,0.0,0.0,0.0,1.0,0.07009536926769501,43,13.384446268494099,0.7603836168062967,2.0,0.058537472126095794,0.14764761647512747,0.17090343042861583,0.0,nan,0.0
-149.173995,45,2930.882504,0.0,1.0,-8.08337204027425,-149.17399480867874,0.0,0.0,0.0,1.0,0.06753158354558922,45,12.853052475881535,0.6840439505454269,2.0,0.04052611986796061,0.22699707349141438,0.2391497956381904,0.0,nan,0.0
-167.80362,45,2931.492466,0.0,1.0,-7.948308595448992,-167.80361952773933,0.0,0.0,0.0,1.0,0.08030432853628444,45,13.115870414761647,0.9950475802525672,2.0,0.08010551134745279,0.1434290223651462,0.129341901673211,0.0,nan,0.0
-153.256683,33,2931.986868,0.0,1.0,-8.75466926188396,-153.2566831661572,0.0,0.0,0.0,1.0,0.07950647867985343,33,10.81258865696982,0.8669566569099892,2.0,0.10541763811400442,0.17435164162606903,0.18960725177418103,0.0,nan,0.0
-150.584755,43,2933.560962,0.0,1.0,-8.63093684752049,-150.58475511079607,0.0,0.0,0.0,1.0,0.06668054194784892,43,13.082462016822808,0.678744034670254,2.0,0.02373026969820954,0.20654556917589764,0.2014531645663949,0.0,nan,0.0
-136.424483,46,2934.175373,0.0,1.0,-8.049390411142209,-136.424483089679,0.0,0.0,0.0,1.0,0.07991558362860826,46,12.74519022067832,0.3461738881401879,0.9755941672355257,0.09033183170401532,0.17317398864289987,0.1715263633624367,0.0,nan,0.0
-141.334024,47,2934.849192,0.0,1.0,-10.424950196053766,-141.33402408082586,0.0,0.0,0.0,1.0,0.05843753822191306,47,12.193264641660281,0.4730869174426587,0.9840750878758657,0.07272322127159606,0.2329288048947111,0.23541424756354473,0.0,nan,0.0
-147.644192,42,2935.428877,0.0,1.0,-8.320726737032874,-147.64419206834185,0.0,0.0,0.0,1.0,0.0799256107639762,42,13.70631332694965,0.6054995392663186,2.0,0.06414871556418282,0.23428388152803695,0.22965735764730544,0.0,nan,0.0
-140.094055,42,2936.01974,0.0,1.0,-8.02419175802995,-140.09405533702227,0.0,0.0,0.0,1.0,0.060538388719423644,42,13.438558610896772,0.5054550412464403,1.1292234013537004,0.024254043896993,0.27271459216163274,0.28664300839106244,0.0,nan,0.0
-148.18536,45,2936.627088,0.0,1.0,-8.107869507388834,-148.1853602512018,0.0,0.0,0.0,1.0,0.0760559265371614,45,13.729321582672224,0.61338511348847,2.0,0.08881335523393419,0.1704519616232978,0.17469890912373862,0.0,nan,0.0
-153.674055,36,2937.145167,0.0,1.0,-8.667935708885945,-153.6740547008242,0.0,0.0,0.0,1.0,0.07094754470236025,36,11.50109834420362,0.8312758117616769,2.0,0.1078051229317983,0.19883139928181967,0.2225097550286187,0.0,nan,0.0
-148.072312,44,2937.739979,0.0,1.0,-8.172692362225565,-148.07231174727707,0.0,0.0,0.0,1.0,0.05657473316085314,44,12.6606250159316,0.593995506488919,2.0,0.05424528501250527,0.2779384607618505,0.2801683490926569,0.0,nan,0.0
-140.392438,44,2938.343048,0.0,1.0,-8.05784680376486,-140.39243772344417,0.0,0.0,0.0,1.0,0.07644535145101629,44,12.708051108211862,0.5242059590324643,1.26220814836467,0.03752290660684759,0.28430314497514203,0.29747420007532294,0.0,nan,0.0
-136.931415,46,2938.972461,0.0,1.0,-8.101422387031345,-136.93141531640794,0.0,0.0,0.0,1.0,0.06592695390903767,46,12.518024538157153,0.36085885738237855,0.9745892407717385,0.04043865463008051,0.23218727370967035,0.24754658211832462,0.0,nan,0.0
-138.863808,44,2939.566809,0.0,1.0,-8.092142911273243,-138.8638080557607,0.0,0.0,0.0,1.0,0.056358649161408605,44,12.560578623863622,0.4458133261128111,0.9685986199315264,0.023963361978530884,0.20621968670324844,0.25572273947975854,0.0,nan,0.0
-146.576131,45,2940.180259,0.0,1.0,-9.793539720041544,-146.57613128079396,0.0,0.0,0.0,1.0,0.060251821881420864,45,12.705146693599962,0.6155109634126067,2.0,0.024335686365763345,0.2459806972079807,0.22498851617177326,0.0,nan,0.0
-165.224271,44,2940.73827,0.0,1.0,-8.116405030219678,-165.22427054722294,0.0,0.0,0.0,1.0,0.07679433851373234,44,13.173145447598024,0.9662274246389018,2.0,0.10091065818613226,0.1549368365244432,0.17026986317201095,0.0,nan,0.0
-149.757875,43,2941.306951,0.0,1.0,-8.550538706967147,-149.7578749253753,0.0,0.0,0.0,1.0,0.05959017439588319,43,13.280224414588224,0.6481781378929178,2.0,0.05188342027885969,0.14189551874648693,0.17490887364675833,0.0,nan,0.0
-136.79039,42,2941.895318,0.0,1.0,-8.234069480529316,-136.79039009978084,0.0,0.0,0.0,1.0,0.07051116191084483,42,13.85616748834909,0.37152530493647423,0.962460162645779,0.06349665210360572,0.23070341916311354,0.26307036479314166,0.0,nan,0.0
-148.172026,45,2942.505599,0.0,1.0,-8.052450249451109,-148.17202621608627,0.0,0.0,0.0,1.0,0.07068396483453898,45,13.996507133768146,0.5963891385547511,2.0,0.08687403202056884,0.20897265275319418,0.26919848918914796,0.0,nan,0.0
-148.83025,45,2943.097298,0.0,1.0,-8.304045046390014,-148.83025037756556,0.0,0.0,0.0,1.0,0.08328960965973214,45,13.246298723496754,0.610407426442651,2.0,0.08434956073760987,0.2676604933208889,0.2526347796122233,0.0,nan,0.0
-152.500359,31,2943.571774,0.0,1.0,-8.781284873179304,-152.50035858825092,0.0,0.0,0.0,1.0,0.07777333423146464,31,11.149504776812375,0.8759163786131067,2.0,0.08717480397993518,0.1225196699942312,0.15477773451036023,0.0,nan,0.0
-137.202825,46,2944.186319,0.0,1.0,-8.088876111735642,-137.20282515921244,0.0,0.0,0.0,1.0,0.06055042282717634,46,12.31606880734909,0.36758423467829954,1.001360731882899,0.021739130434782608,0.23977750539779663,0.28349728947100433,0.0,nan,0.0
-153.190965,42,2944.770154,0.0,1.0,-8.31499957176731,-153.19096505391656,0.0,0.0,0.0,1.0,0.06109449344252081,42,13.780352774572753,0.7786662128486551,2.0,0.04939704281943185,0.24416323644774302,0.20882218366577512,0.0,nan,0.0
-167.089176,43,2945.344266,0.0,1.0,-8.07420064092315,-167.08917582519905,0.0,0.0,0.0,1.0,0.07836483639094326,43,13.057178882351304,1.0085193563936967,2.0,0.03511181543039721,0.21220765002938205,0.21096445793329283,0.0,nan,0.0
-138.655074,46,2945.975981,0.0,1.0,-8.026158367990305,-138.65507440029472,0.0,0.0,0.0,1.0,0.07249743641287192,46,12.495697892300393,0.44514239280369094,0.9936463785743495,0.02937635908956113,0.30058276653289795,0.25761035732601,0.0,nan,0.0
-151.550523,44,2946.576374,0.0,1.0,-8.226867370089558,-151.55052257472983,0.0,0.0,0.0,1.0,0.06011199113860426,44,13.475422907231142,0.6912334941877455,2.0,0.06660123033957048,0.18372731317173352,0.1729179241440513,0.0,nan,0.0
-136.3765,43,2948.094445,0.0,1.0,-8.083199560556247,-136.37650036702144,0.0,0.0,0.0,1.0,0.0664548409298331,43,13.161234016618744,0.3440189534486352,0.9616225874427636,0.034146117609600686,0.20556798923847286,0.22719633856485055,0.0,nan,0.0
-155.963933,44,2948.704342,0.0,1.0,-8.331647582128625,-155.96393287472924,0.0,0.0,0.0,1.0,0.07096488312044281,44,12.892021381610279,0.8170221710034856,2.0,0.05578135089440779,0.21670058911496942,0.2365244599905881,0.0,nan,0.0
-158.743678,47,2949.347569,0.0,1.0,-8.34691845115059,-158.74367760344597,0.0,0.0,0.0,1.0,0.06004862904167421,47,12.140405355425823,0.8337848539783783,2.0,0.08246387572998697,0.2734858457078325,0.28039230945262505,0.0,nan,0.0
-156.00224,47,2949.971534,0.0,1.0,-8.337184364373726,-156.00224049867882,0.0,0.0,0.0,1.0,0.06621394181784314,47,12.234940224684506,0.7900208095791533,2.0,0.0820818581479661,0.28517379278832294,0.271233987300954,0.0,nan,0.0
-150.416898,46,2950.587156,0.0,1.0,-8.082761889051447,-150.41689841144617,0.0,0.0,0.0,1.0,0.07849929493792164,46,13.342932953686992,0.6401090535766049,2.0,0.1037745968155239,0.1829548400381337,0.17273562369139298,0.0,nan,0.0
-138.637791,46,2951.216146,0.0,1.0,-8.390545456419384,-138.6377913226158,0.0,0.0,0.0,1.0,0.05822649786752642,46,12.40059801975811,0.421711749601637,0.9569485980043061,0.06123780685922374,0.2626707605693651,0.24376067648763242,0.0,nan,0.0
-153.088188,51,2951.896501,0.0,1.0,-8.123555078008366,-153.08818761403012,0.0,0.0,0.0,1.0,0.07057438562984977,51,11.76297570166618,0.6548813398180279,2.0,0.11029977190728281,0.3286743199124056,0.3019398614472034,0.0,nan,0.0
-152.495659,54,2952.58644,0.0,1.0,-8.212081347594564,-152.49565890708288,0.0,0.0,0.0,1.0,0.0572531335117633,54,10.160986923434299,0.6118933990537139,2.0,0.020030743545956083,0.36225641877562914,0.28382695825011645,0.0,nan,0.0
-157.473193,47,2953.214649,0.0,1.0,-8.287757673895179,-157.47319293546786,0.0,0.0,0.0,1.0,0.06440756875208846,47,12.100725062062164,0.8180492415260601,1.8413530102040607,0.06887929997545608,0.20083384057308765,0.19222192561372797,0.0,nan,0.0
-141.782338,43,2953.802982,0.0,1.0,-8.952993059315551,-141.78233762264531,0.0,0.0,0.0,1.0,0.06031436088129486,43,13.123621370947646,0.5372284972073647,1.4944713415669673,0.04097288431123246,0.18253267365832662,0.18598211643307708,0.0,nan,0.0
-138.470155,43,2954.390055,0.0,1.0,-8.053456776840607,-138.47015494286092,0.0,0.0,0.0,1.0,0.06303901093748818,43,13.115170601260036,0.4428681933493711,1.1081732872144425,0.023255813953488372,0.23681762883829516,0.19783892742423123,0.0,nan,0.0
-136.64436,44,2954.980869,0.0,1.0,-8.137038242361236,-136.64436014895492,0.0,0.0,0.0,1.0,0.06617336666821515,44,12.604559763115077,0.3554122394599653,0.9749910593550515,0.035430444912476974,0.2243455187840895,0.2011989111250097,0.0,nan,0.0
-150.513872,49,2955.629305,0.0,1.0,-8.206102329043796,-150.5138724289407,0.0,0.0,0.0,1.0,0.06569061931567236,49,11.575912925372032,0.6085728651730044,2.0,0.0899206034991206,0.19041111517925652,0.18254711919901323,0.0,nan,0.0
-150.510213,50,2956.278004,0.0,1.0,-8.130979897739058,-150.51021264675967,0.0,0.0,0.0,1.0,0.060442626610574486,50,11.755817700507189,0.5656472021686875,2.0,0.05981345176696777,0.2802220451831818,0.26492171168327333,0.0,nan,0.0
-151.65822,46,2956.906965,0.0,1.0,-8.468522239813616,-151.65821978493102,0.0,0.0,0.0,1.0,0.05863012586610814,46,12.165075649748498,0.6492559552037841,2.0,0.03651139010553774,0.2796423953512441,0.2662730553875799,0.0,nan,0.0
-137.071544,45,2957.519581,0.0,1.0,-8.17079169143705,-137.07154444555516,0.0,0.0,0.0,1.0,0.06165078340069726,45,12.51107535879056,0.3454960577668481,0.9975608686402752,0.022222222222222223,0.23847020467122396,0.23298866748809816,0.0,nan,0.0
-164.571871,45,2958.127033,0.0,1.0,-8.17831926852178,-164.5718710324216,0.0,0.0,0.0,1.0,0.07540397676170878,45,12.936434566755363,0.92125855148182,2.0,0.06406215826670329,0.2358733124203152,0.24067850907643637,0.0,nan,0.0
-136.549228,44,2958.712878,0.0,1.0,-8.10993206703995,-136.5492278532504,0.0,0.0,0.0,1.0,0.0707712846989359,44,13.283407810722245,0.35912577302537874,0.9948554575241352,0.06264166669412093,0.24854732372544028,0.2287622717293826,0.0,nan,0.0
-151.475872,33,2959.207693,0.0,1.0,-8.712134097029642,-151.47587161991976,0.0,0.0,0.0,1.0,0.06214227163032767,33,11.09299478964877,0.8072441699283337,2.0,0.07401099349513199,0.09525512565266002,0.12555815595569034,0.0,nan,0.0
-169.908201,44,2959.798962,0.0,1.0,-8.069152692811993,-169.90820066146148,0.0,0.0,0.0,1.0,0.07841300515424533,44,12.652133303511198,1.0499364609642083,2.0,0.05345574563199824,0.2015605541792783,0.17248655720190567,0.0,nan,0.0
-140.423639,43,2960.385719,0.0,1.0,-8.089652605944648,-140.4236387760632,0.0,0.0,0.0,1.0,0.0654572487261521,43,12.669015939782868,0.517175062614367,1.0796017164897302,0.04584474341813908,0.2677770631257878,0.24187211934910263,0.0,nan,0.0
-153.043491,50,2961.095288,0.0,1.0,-8.173395051208136,-153.04349075111162,0.0,0.0,0.0,1.0,0.06570161182844575,50,12.227015169394186,0.6590773583607878,2.0,0.07143528938293457,0.22976427435874938,0.27044273614883424,0.0,nan,0.0
-136.462033,46,2961.747029,0.0,1.0,-8.173142628696347,-136.46203325029356,0.0,0.0,0.0,1.0,0.07444582425746941,46,13.04976587212914,0.3388938714006936,0.9368114653237019,0.11671288117118504,0.128038561862448,0.1497776922972306,0.0,nan,0.0
-140.458283,46,2963.329294,0.0,1.0,-8.062138429467659,-140.45828252476758,0.0,0.0,0.0,1.0,0.06132955781562714,46,12.50734763693531,0.48666631790948445,1.1196630219070371,0.06534714802451756,0.31991879836372705,0.2929283924724745,0.0,nan,0.0
-136.420883,45,2963.922264,0.0,1.0,-8.30155640021419,-136.4208832340866,0.0,0.0,0.0,1.0,0.08132419367299609,45,12.146239888792856,0.34827030794418484,0.9853672158291107,0.05285632610321045,0.23575856818093194,0.24997187323040432,0.0,nan,0.0
-148.468965,43,2964.519758,0.0,1.0,-8.111558224312985,-148.46896479861294,0.0,0.0,0.0,1.0,0.057102433726536825,43,12.959950025879134,0.6522240187207866,2.0,0.057579730832299524,0.2531183763991955,0.21877093093339786,0.0,nan,0.0
-148.419126,43,2965.117148,0.0,1.0,-8.362319543410997,-148.4191263532897,0.0,0.0,0.0,1.0,0.06771851978534742,43,13.228208746357266,0.6030576375755589,2.0,0.03338476114494856,0.21092208873393925,0.19156393616698508,0.0,nan,0.0
-138.581645,49,2965.765752,0.0,1.0,-8.271454555849052,-138.58164544233057,0.0,0.0,0.0,1.0,0.06707116787815777,49,11.685174602336128,0.3971865066563837,0.9974106397975321,0.04546162060328892,0.351213737409942,0.2662878960979228,0.0,nan,0.0
-136.984759,45,2966.37482,0.0,1.0,-8.227523603324018,-136.98475929287355,0.0,0.0,0.0,1.0,0.0721842684212207,45,12.414554955254923,0.3385803575211614,0.9956118711262832,0.053517654207017686,0.24478583335876464,0.1840607033835517,0.0,nan,0.0
-137.313446,45,2966.986191,0.0,1.0,-8.113996969851135,-137.31344638551724,0.0,0.0,0.0,1.0,0.0593183257929479,45,12.725921529276128,0.355958112621139,0.9400871516779803,0.028795022434658476,0.25530318684048126,0.23608767721388074,0.0,nan,0.0
-149.91566,53,2967.693016,0.0,1.0,-8.111843161187752,-149.91565992915037,0.0,0.0,0.0,1.0,0.07637310315798752,53,11.244229640165637,0.5631474321024321,2.0,0.08661397448125875,0.2997357541660093,0.2790677839854978,0.0,nan,0.0
-164.885465,43,2968.276161,0.0,1.0,-8.140059101159016,-164.88546472815827,0.0,0.0,0.0,1.0,0.06823342989146118,43,13.267693205966058,0.9588811317880741,2.0,0.06848817370658697,0.1884242573449778,0.19774944006010545,0.0,nan,0.0
-153.040356,34,2968.778541,0.0,1.0,-8.727945423281092,-153.04035613779402,0.0,0.0,0.0,1.0,0.06229839622874318,34,11.112069823943022,0.8287872362471016,2.0,0.07879101879456464,0.15194636232712688,0.16050255999845617,0.0,nan,0.0
-147.779367,45,2969.387516,0.0,1.0,-8.094674815008661,-147.77936691170066,0.0,0.0,0.0,1.0,0.06732800630052509,45,12.637975245561906,0.601626135247896,2.0,0.08047601911756727,0.18902098072899712,0.21513900491926405,0.0,nan,0.0
-148.468877,44,2969.995695,0.0,1.0,-8.433560246798121,-148.46887708042584,0.0,0.0,0.0,1.0,0.08059010964006603,44,13.202001448105996,0.6264830721961226,2.0,0.051973551511764526,0.16802015629681674,0.18446786837144333,0.0,nan,0.0
-158.784772,55,2970.719067,0.0,1.0,-8.570074559327287,-158.78477182949192,0.0,0.0,0.0,1.0,0.06219433053132715,55,11.413362336039453,0.7442933677916631,2.0,0.12345103133808483,0.36249284961006856,0.27569027163765647,0.0,nan,0.0
-165.379008,43,2971.349494,0.0,1.0,-8.034386198440219,-165.37900793360427,0.0,0.0,0.0,1.0,0.05825319933935279,43,13.341005328950352,0.9662250861976381,2.0,0.08179069951523182,0.2740389857181283,0.3129568903945213,0.0,nan,0.0
-139.117882,49,2972.024647,0.0,1.0,-8.212987021872282,-139.11788157784,0.0,0.0,0.0,1.0,0.06889474756691875,49,10.909362578090509,0.4404116149821804,0.9976655053940043,0.02508048135407117,0.2829045519536855,0.26645340238298687,0.0,nan,0.0
-151.521005,46,2972.661651,0.0,1.0,-8.237270365740446,-151.5210049763837,0.0,0.0,0.0,1.0,0.06697825184288246,46,12.571183881562229,0.6726755467651253,2.0,0.06631692077802576,0.313410600890284,0.24386105330094046,0.0,nan,0.0
-153.274372,44,2973.284989,0.0,1.0,-8.693589831320978,-153.2743724576174,0.0,0.0,0.0,1.0,0.06446329139987593,44,12.478901592550129,0.736975324491798,2.0,0.03238922086629001,0.2639812068505721,0.23480195890773425,0.0,nan,0.0
-151.733816,32,2973.678465,0.0,1.0,-8.729687350803337,-151.73381607905685,0.0,0.0,0.0,1.0,0.0706537440444576,32,11.240352366746542,0.8305862548572989,2.0,0.0865359678864479,0.07524918764829636,0.10146929323673248,0.0,nan,0.0
-155.645873,45,2974.389548,0.0,1.0,-8.283629600155166,-155.64587282394348,0.0,0.0,0.0,1.0,0.06666135623595905,45,13.646145769290163,0.7821283674981528,2.0,0.0768382363849216,0.25448262161678736,0.2442043940226237,0.0,nan,0.0
-151.210284,46,2974.982883,0.0,1.0,-8.424778239943976,-151.21028438175148,0.0,0.0,0.0,1.0,0.06424979080403533,46,12.115407261351406,0.7074029626415118,1.6556506341417925,0.03322475630304088,0.19642569966938184,0.20748906550200089,0.0,nan,0.0
-149.694985,47,2975.617634,0.0,1.0,-8.211484487256786,-149.69498501016628,0.0,0.0,0.0,1.0,0.059608009661082845,47,11.9641640187182,0.5771127742532068,2.0,0.045439258534857564,0.24912634555329669,0.2525809775007532,0.0,nan,0.0
-149.277722,45,2976.220258,0.0,1.0,-8.315983577991084,-149.27772239422507,0.0,0.0,0.0,1.0,0.0809370313068612,45,13.087980093143015,0.6180913234294928,2.0,0.10767948097652859,0.2560007095336914,0.2995093478096856,0.0,nan,0.0
-153.432816,48,2976.921932,0.0,1.0,-8.146813757840311,-153.43281574263324,0.0,0.0,0.0,1.0,0.06867214806519747,48,12.999189839330063,0.6915966190247859,2.0,0.09125141551097234,0.185834389179945,0.23003094519178072,0.0,nan,0.0
-149.791058,44,2978.521422,0.0,1.0,-8.232627573333728,-149.79105772143987,0.0,0.0,0.0,1.0,0.06760436218667051,44,13.283390603698036,0.6468884768702731,2.0,0.053050761873071846,0.2514443099498749,0.240870170972564,0.0,nan,0.0
-139.01748,45,2979.131808,0.0,1.0,-8.461374267055676,-139.01747991976143,0.0,0.0,0.0,1.0,0.07198039692743805,45,12.152891469212891,0.4667878092691496,1.0054080418343538,0.026595401763916015,0.2210816913180881,0.23133826388253106,0.0,nan,0.0
-138.465036,45,2979.758642,0.0,1.0,-8.339062840140256,-138.46503553799838,0.0,0.0,0.0,1.0,0.06129640395736804,45,12.356268105759007,0.4254310433530345,0.9707562309836612,0.02482338481479221,0.28207237720489503,0.25803844928741454,0.0,nan,0.0
-153.508745,51,2980.477207,0.0,1.0,-8.445549344471875,-153.508744896041,0.0,0.0,0.0,1.0,0.05790610789467812,51,10.663536981824082,0.6476064553553493,2.0,0.02223947001438515,0.3395342160673702,0.3042358487260108,0.0,nan,0.0
-168.61939,46,2981.105521,0.0,1.0,-8.043801388171213,-168.61938952002788,0.0,0.0,0.0,1.0,0.06633735302850331,46,12.36688360104273,0.9559843366031555,2.0,0.032164330067841904,0.2813143315522567,0.22248359089312347,0.0,nan,0.0
-138.385118,43,2981.613216,0.0,1.0,-8.04715394204016,-138.3851180209052,0.0,0.0,0.0,1.0,0.07254176362188451,43,13.225537366849936,0.4446489357447051,1.020598565209781,0.039748929267705874,0.2753507786018904,0.3451182204623555,0.0,nan,0.0
-137.351031,45,2982.227665,0.0,1.0,-8.250570940126677,-137.35103098971197,0.0,0.0,0.0,1.0,0.056540993626746236,45,12.248172513027743,0.355234522510833,0.9579978387883661,0.028059328926934135,0.26016918023427327,0.2832376188702054,0.0,nan,0.0
-153.82361,52,2982.860913,0.0,1.0,-8.649900687178793,-153.82361006459794,0.0,0.0,0.0,1.0,0.056995784967748674,52,10.79884929354472,0.6213957976079146,2.0,0.033599564662346475,0.20802259903687698,0.26979217620996326,0.0,nan,0.0
-140.545667,44,2983.395688,0.0,1.0,-7.9975448951723855,-140.545667474865,0.0,0.0,0.0,1.0,0.0622614394558552,44,13.238929225735614,0.5111637363138726,1.2066437866684974,0.06814414262771606,0.15508050539276816,0.15074660832231696,0.0,nan,0.0
-156.706249,39,2983.810988,0.0,1.0,-8.763659535362965,-156.7062486316922,0.0,0.0,0.0,1.0,0.07691013629235158,39,9.343383220625038,0.8632531036645014,2.0,0.05522513389587402,0.32163008206929916,0.32115951562539125,0.0,nan,0.0
-153.574331,47,2984.386285,0.0,1.0,-8.332873822655243,-153.5743314026978,0.0,0.0,0.0,1.0,0.0707014357730925,47,12.177963012110496,0.725317293726155,2.0,0.12217643666774669,0.17581178533270003,0.2049382303623443,0.0,nan,0.0
-154.842985,44,2984.9335,0.0,1.0,-8.366303762705423,-154.84298480255393,0.0,0.0,0.0,1.0,0.059747740423337005,44,12.749646993467165,0.78835626604929,2.0,0.03216390718113293,0.23860392380844464,0.22645739940079776,0.0,nan,0.0
-151.100572,46,2985.499405,0.0,1.0,-8.33130023414718,-151.10057223719662,0.0,0.0,0.0,1.0,0.07192925760480468,46,13.288692346089269,0.6588240561019346,2.0,0.10487830898036128,0.16315937042236328,0.18598382369331692,0.0,nan,0.0
-151.708896,45,2986.058937,0.0,1.0,-8.366783217975168,-151.70889571375935,0.0,0.0,0.0,1.0,0.07974618044678454,45,12.234987325398858,0.7415515542524814,1.626610266808192,0.048194699817233615,0.17197751469082304,0.18222690688239204,0.0,nan,0.0
-138.882115,50,2986.657645,0.0,1.0,-8.029192896543847,-138.88211531458916,0.0,0.0,0.0,1.0,0.07254038953468174,50,11.51642175778472,0.4157299850039823,1.0289335681795433,0.029330391883850098,0.3019553554058075,0.27468098163604737,0.0,nan,0.0
-168.13813,45,2987.218269,0.0,1.0,-8.082668567471284,-168.13812961204326,0.0,0.0,0.0,1.0,0.06216715471368312,45,12.627155941182716,0.9965473713666196,2.0,0.031904209984673394,0.20030105113983154,0.1821824179755317,0.0,nan,0.0
-150.847509,46,2987.790617,0.0,1.0,-8.248104483084731,-150.84750930313788,0.0,0.0,0.0,1.0,0.0655209073161407,46,12.342796699015915,0.6384154953137162,2.0,0.05139185293861057,0.304101560426795,0.2868116264757903,0.0,nan,0.0
-139.826819,43,2988.334996,0.0,1.0,-8.002177174783762,-139.82681878363482,0.0,0.0,0.0,1.0,0.06065373242674643,43,13.26561380477065,0.4891372835107976,1.0925625556393286,0.05108796441277792,0.25433100656021473,0.2592880282291146,0.0,nan,0.0
-155.527779,53,2989.051014,0.0,1.0,-8.202928943411909,-155.5277785170319,0.0,0.0,0.0,1.0,0.0646861738877382,53,10.964252848760852,0.6639572313554248,2.0,0.09131456995910069,0.30791325839060657,0.24742258944601384,0.0,nan,0.0
-147.267432,45,2989.599413,0.0,1.0,-8.146905795427033,-147.2674323705163,0.0,0.0,0.0,1.0,0.06014713175314186,45,12.651860455652988,0.5547645586874167,2.0,0.05396240552266439,0.2574787590238783,0.1968077368206448,0.0,nan,0.0
-155.828202,52,2990.236175,0.0,1.0,-8.253085806740598,-155.82820191722746,0.0,0.0,0.0,1.0,0.06474163866515649,52,11.011776933723176,0.6798706730436663,2.0,0.08468743929496178,0.3012360907517947,0.32393038731354934,0.0,nan,0.0
-139.141037,43,2990.752581,0.0,1.0,-8.052077441612546,-139.1410371038083,0.0,0.0,0.0,1.0,0.06209781952290204,43,12.967328086893941,0.4646530214784522,1.055840921249768,0.023255813953488372,0.21172933384429576,0.21298611579939378,0.0,nan,0.0
-140.165044,44,2992.320338,0.0,1.0,-8.040916907853337,-140.1650442869715,0.0,0.0,0.0,1.0,0.06972425676965809,44,12.855498086472743,0.5091466886667041,1.1041305477163426,0.03092092275619507,0.25040774047374725,0.2463283742016012,0.0,nan,0.0
-155.279205,45,2992.948456,0.0,1.0,-8.353903926926339,-155.27920495317315,0.0,0.0,0.0,1.0,0.06502355570421871,45,12.482564601792294,0.7771680811955278,2.0,0.03698834313286675,0.29396120839648776,0.30942797528372873,0.0,nan,0.0
-152.26757,47,2993.592283,0.0,1.0,-8.391150136979055,-152.2675702238045,0.0,0.0,0.0,1.0,0.07294561051723665,47,11.687563790942521,0.7217598684835573,1.7306749797464975,0.03723680719416192,0.35222046933275586,0.2963012913440136,0.0,nan,0.0
-152.268121,44,2994.187398,0.0,1.0,-8.251922212045772,-152.26812065231377,0.0,0.0,0.0,1.0,0.07721125702817751,44,12.970641287191318,0.7650041816239366,1.732653662277009,0.054950226436961784,0.2919192043217746,0.316140434958718,0.0,nan,0.0
-140.310125,50,2994.857731,0.0,1.0,-8.027532929363586,-140.3101247929594,0.0,0.0,0.0,1.0,0.07717149354743809,50,11.661354271759484,0.4940446843796812,1.2675035084970467,0.05229758262634277,0.2585121083259583,0.22175859928131103,0.0,nan,0.0
-137.186807,44,2995.502664,0.0,1.0,-8.19669937274324,-137.18680717886275,0.0,0.0,0.0,1.0,0.05859962606654622,44,12.639170716439748,0.35390050758874364,0.9646085101792982,0.022727272727272728,0.30876539105718787,0.28968456522984937,0.0,nan,0.0
-140.856336,51,2996.19185,0.0,1.0,-8.14056382677633,-140.85633622725314,0.0,0.0,0.0,1.0,0.0684506487861077,51,10.661342438724535,0.46534714926136733,1.1046930915794881,0.020397387298883175,0.4109823914135204,0.4030966034122542,0.0,nan,0.0
-136.18445,44,2996.781375,0.0,1.0,-8.111807943163912,-136.18444964507745,0.0,0.0,0.0,1.0,0.08189274603578624,44,12.993068553391488,0.34540722015050535,0.9819955185071472,0.052088225429708306,0.29082606868310407,0.29505331407893787,0.0,nan,0.0
-153.124415,47,2997.395143,0.0,1.0,-8.113671086147676,-153.12441520015872,0.0,0.0,0.0,1.0,0.061585114000769596,47,13.275633910486542,0.6960769887658473,2.0,0.0937886821462753,0.19550841412645706,0.21117234990951864,0.0,nan,0.0
-147.911722,44,2998.010962,0.0,1.0,-8.151335908715634,-147.9117222907241,0.0,0.0,0.0,1.0,0.06336990637452243,44,13.130579617766939,0.5843024112375963,2.0,0.050072298808531326,0.2713379778645255,0.252832366661592,0.0,nan,0.0
-153.816256,51,2998.661002,0.0,1.0,-8.246288924338666,-153.8162557691106,0.0,0.0,0.0,1.0,0.059240098310376535,51,10.84687979375087,0.6348286987430203,2.0,0.05898756840649773,0.26849578642377664,0.30147434215919644,0.0,nan,0.0
-156.211963,47,2999.302504,0.0,1.0,-8.27061717248589,-156.2119631734384,0.0,0.0,0.0,1.0,0.06901089600854496,47,12.70087323066326,0.7903780263867897,2.0,0.09958126950771251,0.22525060937759725,0.20929857517810577,0.0,nan,0.0
-155.266108,35,2999.814683,0.0,1.0,-8.74171327458955,-155.26610829151474,0.0,0.0,0.0,1.0,0.06872775907308407,35,9.757692095263856,0.8489033213616249,2.0,0.14082753998892647,0.3006492785045079,0.24961234501429966,0.0,nan,0.0
-138.083559,48,3000.467562,0.0,1.0,-8.321073654759473,-138.08355947393883,0.0,0.0,0.0,1.0,0.07085726763817389,48,11.532407051230088,0.40139437069622175,0.9531595877307509,0.034403021136919655,0.28714656084775925,0.2717099090417226,0.0,nan,0.0
-137.299922,47,3001.099661,0.0,1.0,-8.059756857971223,-137.29992214587037,0.0,0.0,0.0,1.0,0.060400322142774916,47,12.220473852218896,0.32401431736286934,0.9650415528921249,0.06090761245565211,0.30984265246289844,0.2849996089935303,0.0,nan,0.0
-148.814394,44,3001.689023,0.0,1.0,-8.17402688705663,-148.81439439212463,0.0,0.0,0.0,1.0,0.06818530840860149,44,12.657689743936983,0.6234224983145814,2.0,0.029820645397359676,0.21578934517773715,0.24124061519449408,0.0,nan,0.0
-150.075806,54,3002.370634,0.0,1.0,-8.338607099486897,-150.07580607285072,0.0,0.0,0.0,1.0,0.07741827065567908,54,10.226282981328009,0.5381791193412283,2.0,0.03853508719691524,0.36026497350798714,0.3421072761217753,0.0,nan,0.0
-153.172361,46,3002.981201,0.0,1.0,-8.697356641662877,-153.17236103158754,0.0,0.0,0.0,1.0,0.072228853944192,46,12.158386827648718,0.7181277774157285,2.0,0.02504146099090576,0.2621051902356355,0.249406635761261,0.0,nan,0.0
-149.062357,44,3003.582673,0.0,1.0,-8.439132517068588,-149.06235743546108,0.0,0.0,0.0,1.0,0.07556564033335161,44,12.54176697945528,0.7059549946790019,1.5748896125668441,0.02397466789592396,0.253633667122234,0.23613336140459235,0.0,nan,0.0
-138.346986,55,3004.293352,0.0,1.0,-8.153547157271568,-138.3469855759008,0.0,0.0,0.0,1.0,0.07573166444484344,55,10.153115216056905,0.3611785216191272,0.9680144102464567,0.04189745079387318,0.32177548516880383,0.30281140154058284,0.0,nan,0.0
-140.56323,46,3004.927578,0.0,1.0,-8.051894305022714,-140.5632298693589,0.0,0.0,0.0,1.0,0.07034943717315316,46,12.21783006707095,0.5172690825536683,1.0511944192409561,0.05276180350262186,0.30034283969713294,0.2864509976428488,0.0,nan,0.0
-139.414984,44,3005.520684,0.0,1.0,-8.07608234680764,-139.4149838199344,0.0,0.0,0.0,1.0,0.0668214810830445,44,12.948298919019145,0.47446492185355194,0.9788201974532474,0.037886635823683304,0.23352846232327548,0.22199619900096546,0.0,nan,0.0
-136.193732,44,3007.084088,0.0,1.0,-8.144118541398798,-136.1937321902333,0.0,0.0,0.0,1.0,0.08143081798581774,44,12.716939280442125,0.34408523312556677,0.9945089579931137,0.022727272727272728,0.34496140480041504,0.24454111402684992,0.0,nan,0.0
-150.711261,46,3007.725214,0.0,1.0,-8.123780232317735,-150.7112609735834,0.0,0.0,0.0,1.0,0.06465613400864798,46,12.916256929550368,0.6194517891439786,2.0,0.11591045234514319,0.25048423072566156,0.24903226676194565,0.0,nan,0.0
-141.097996,50,3008.387729,0.0,1.0,-8.07455995606423,-141.09799648886295,0.0,0.0,0.0,1.0,0.06834700976020103,50,11.182646492653598,0.4467989295314417,1.0848108320123793,0.02,0.3059898829460144,0.24389993906021118,0.0,nan,0.0
-139.595469,44,3008.977551,0.0,1.0,-8.028059392719838,-139.59546880880524,0.0,0.0,0.0,1.0,0.07554826547496621,44,12.968973603447758,0.49173709040005453,1.1176933311823056,0.04826319759542292,0.18320029973983765,0.18879030509428543,0.0,nan,0.0
-147.695573,44,3009.591786,0.0,1.0,-8.125713006993086,-147.69557289441116,0.0,0.0,0.0,1.0,0.07080815184265103,44,12.663096492937767,0.6598285997142579,2.0,0.022727272727272728,0.2279619574546814,0.24865532734177329,0.0,nan,0.0
-147.706478,48,3010.274414,0.0,1.0,-8.101633439837473,-147.7064781138267,0.0,0.0,0.0,1.0,0.06048216723899021,48,12.386620459117955,0.5482608263585148,2.0,0.05127386748790741,0.2516078030069669,0.26130461941162747,0.0,nan,0.0
-152.053023,47,3010.909619,0.0,1.0,-8.247425760581311,-152.05302348216145,0.0,0.0,0.0,1.0,0.06588795498836666,47,11.906373395633638,0.6558108907970893,2.0,0.05605037161644469,0.3065025983972752,0.24709088497973503,0.0,nan,0.0
-150.7321,50,3011.604625,0.0,1.0,-8.146115263620382,-150.7320998691369,0.0,0.0,0.0,1.0,0.0675623283084036,50,11.021616013303921,0.6590810158350158,2.0,0.02604102611541748,0.25425819158554075,0.24792276382446288,0.0,nan,0.0
-138.12567,46,3012.229742,0.0,1.0,-8.31391865863974,-138.12566995199526,0.0,0.0,0.0,1.0,0.06667886189444601,46,12.06178428056142,0.403072763092853,0.9674187676318167,0.04031565655832705,0.32579679074494733,0.27203119837719464,0.0,nan,0.0
-150.570734,48,3012.859579,0.0,1.0,-8.156682769210484,-150.57073409559163,0.0,0.0,0.0,1.0,0.0629263144166648,48,11.413033754751167,0.6623316044578688,2.0,0.04405116786559423,0.20549737910429636,0.24014199276765189,0.0,nan,0.0
-149.842469,46,3013.484574,0.0,1.0,-8.3065291116063,-149.84246938476784,0.0,0.0,0.0,1.0,0.05724648360917373,46,12.753372819195514,0.6118310510556636,2.0,0.0851845067480336,0.2088187803392825,0.1837421837060348,0.0,nan,0.0
-138.569134,53,3014.189945,0.0,1.0,-8.187152894391808,-138.5691344504632,0.0,0.0,0.0,1.0,0.0608544643377832,53,10.720749642919431,0.3675443998295427,0.9868056792137042,0.05654247301929402,0.382317268623496,0.3310010905535716,0.0,nan,0.0
-141.197989,53,3014.89699,0.0,1.0,-8.74399596244053,-141.1979891229871,0.0,0.0,0.0,1.0,0.06766558618158869,53,10.039059269737397,0.4860707923999596,1.0332562313291962,0.04249887421446027,0.34606621175442104,0.2951182869245421,0.0,nan,0.0
-141.439082,49,3015.549118,0.0,1.0,-11.00683228259949,-141.4390823480264,0.0,0.0,0.0,1.0,0.05547587860814859,49,11.160209936620692,0.4562349491895101,0.9788249232043954,0.04319120913135762,0.2833954035019388,0.2724973328259526,0.0,nan,0.0
-156.579979,41,3016.120799,0.0,1.0,-8.782889016837151,-156.57997879642514,0.0,0.0,0.0,1.0,0.07697654863702257,41,8.480552885477636,0.8064806105694952,2.0,0.08309776608536883,0.26514406611279745,0.23333719881569467,0.0,nan,0.0
-151.706725,44,3016.639584,0.0,1.0,-8.326402053329385,-151.70672549480273,0.0,0.0,0.0,1.0,0.07543953371680882,44,12.938542521038231,0.7481401247735664,1.719703683933969,0.0383175096728585,0.3009661138057709,0.22656287388368088,0.0,nan,0.0
-148.542559,44,3017.254473,0.0,1.0,-8.217640763470186,-148.5425588658484,0.0,0.0,0.0,1.0,0.07711673757395436,44,13.318197786912936,0.6206457347507133,2.0,0.040192604064941406,0.31192378022454004,0.28002585064281116,0.0,nan,0.0
-150.450912,48,3017.899171,0.0,1.0,-8.168618845330517,-150.4509120324076,0.0,0.0,0.0,1.0,0.05891760648949161,48,11.740736928391529,0.642003177582538,2.0,0.027147104342778523,0.3488919648031394,0.3030860871076584,0.0,nan,0.0
-139.45583,51,3018.584514,0.0,1.0,-8.193795034180376,-139.4558300362423,0.0,0.0,0.0,1.0,0.055445252474775636,51,10.91402876638685,0.42635516121318834,0.992349660989148,0.03958266856623631,0.3585074123214273,0.3469049346213247,0.0,nan,0.0
-151.325335,50,3019.242805,0.0,1.0,-8.109700530821577,-151.32533500792476,0.0,0.0,0.0,1.0,0.05974188768803462,50,11.57371705303555,0.61561401777848,2.0,0.10891451358795166,0.3141875171661377,0.2942121195793152,0.0,nan,0.0
-152.576724,43,3019.818589,0.0,1.0,-8.683515803400685,-152.5767240195448,0.0,0.0,0.0,1.0,0.07930509770313134,43,13.155034622944997,0.7485987353191249,2.0,0.023255813953488372,0.17091758861098177,0.19141467504723128,0.0,nan,0.0
-163.248522,60,3021.607348,0.0,1.0,-8.339220169146756,-163.2485221444682,0.0,0.0,0.0,1.0,0.07782262265675867,60,8.861057117117646,0.7585545646018909,2.0,0.04014838735262553,0.37154141465822854,0.29131002028783165,0.0,nan,0.0
-151.701243,45,3022.123389,0.0,1.0,-8.601654993063931,-151.70124257808337,0.0,0.0,0.0,1.0,0.0803931248181011,45,13.079742719887953,0.6918966465524969,2.0,0.059983197848002115,0.2313615878423055,0.2279756440056695,0.0,nan,0.0
-161.369855,59,3022.955453,0.0,1.0,-8.558449883656042,-161.36985477234322,0.0,0.0,0.0,1.0,0.0680509356728243,59,9.160044370545526,0.7311315172524762,2.0,0.01694915254237288,0.42907651602211644,0.4268870333493766,0.0,nan,0.0
-148.935191,45,3023.485201,0.0,1.0,-8.215764167297568,-148.9351906109299,0.0,0.0,0.0,1.0,0.06399854333107827,45,12.73041340235186,0.5936982296448228,2.0,0.04495161904229058,0.33238884343041314,0.2717823690838284,0.0,nan,0.0
-139.028035,55,3024.183951,0.0,1.0,-8.214032744724188,-139.02803519817172,0.0,0.0,0.0,1.0,0.05751863917708313,55,10.064131454451491,0.3076456477865738,0.9637820913021375,0.027825281836769796,0.3326065258546309,0.31027149070392956,0.0,nan,0.0
-140.744452,52,3024.861072,0.0,1.0,-8.123577665571817,-140.74445167894163,0.0,0.0,0.0,1.0,0.07542841738978323,52,10.40810112751267,0.4805394783240284,1.202756419934921,0.023832843853877142,0.32456092421825117,0.3474712176964833,0.0,nan,0.0
-148.53252,48,3025.48993,0.0,1.0,-8.214708907174723,-148.53251980950103,0.0,0.0,0.0,1.0,0.05715253739970931,48,11.629444234768812,0.5617970070476617,2.0,0.022417227427164715,0.2150699570775032,0.2677448093891144,0.0,nan,0.0
-149.765203,54,3026.177317,0.0,1.0,-8.25182087636216,-149.76520258413157,0.0,0.0,0.0,1.0,0.07560604877832287,54,10.216751602284877,0.5442660223370014,2.0,0.025261737682201243,0.41718094437210645,0.4086581424430565,0.0,nan,0.0
-147.413168,52,3026.867929,0.0,1.0,-9.84659638721073,-147.41316796594683,0.0,0.0,0.0,1.0,0.06723724885481105,52,10.847383897473756,0.5833293931786777,1.9385840399714485,0.04669093627196092,0.30874037054868847,0.2903461387524238,0.0,nan,0.0
-139.586223,46,3027.494951,0.0,1.0,-8.093787535005958,-139.58622268581934,0.0,0.0,0.0,1.0,0.06838839620794893,46,12.301284052908423,0.46953033221565516,1.136133997824392,0.035268656585527504,0.3128320859826129,0.2829024402991585,0.0,nan,0.0
-160.061178,55,3028.193128,0.0,1.0,-8.744373534161827,-160.06117817542906,0.0,0.0,0.0,1.0,0.07587254006875048,55,9.52019613287574,0.7664579171224325,2.0,0.023996777967973188,0.42906462062488904,0.3641652540727095,0.0,nan,0.0
-144.929551,60,3028.958881,0.0,1.0,-8.755368826792283,-144.9295506928699,0.0,0.0,0.0,1.0,0.06075299177098306,60,9.228270343824814,0.49592531462205364,1.4646518485157347,0.03400010267893473,0.42272839148839314,0.3173382023970286,0.0,nan,0.0
-155.723233,45,3029.575631,0.0,1.0,-8.326763081929457,-155.72323263328076,0.0,0.0,0.0,1.0,0.06623292132028465,45,12.876259991214177,0.7926225073777677,2.0,0.06694812774658203,0.2880562292204963,0.26243002017339073,0.0,nan,0.0
-152.545171,50,3030.214086,0.0,1.0,-8.467275975228183,-152.5451709196824,0.0,0.0,0.0,1.0,0.06319999353946944,50,10.884428964728691,0.641907132594337,2.0,0.036008279323577884,0.3893032920360565,0.34135698080062865,0.0,nan,0.0
-170.082902,59,3030.950752,0.0,1.0,-8.347338353495564,-170.08290220735364,0.0,0.0,0.0,1.0,0.06599710135443844,59,8.82391808149539,0.8858298044767715,2.0,0.01694915254237288,0.3231146406319182,0.2784543037414551,0.0,nan,0.0
-167.416427,48,3031.585131,0.0,1.0,-8.138794598521685,-167.41642673268188,0.0,0.0,0.0,1.0,0.07714327614784282,48,11.376618825907,0.9343049192009935,2.0,0.023807766536871593,0.2597969522078832,0.2684549887975057,0.0,nan,0.0
-150.579217,45,3032.187854,0.0,1.0,-8.473831429556814,-150.57921669095947,0.0,0.0,0.0,1.0,0.058590778428923164,45,12.574647177228055,0.6371228593497666,2.0,0.024384186002943252,0.25489100615183513,0.28080885940127903,0.0,nan,0.0
-151.612798,52,3032.858451,0.0,1.0,-8.20186534143973,-151.61279831881166,0.0,0.0,0.0,1.0,0.0575090486370844,52,10.710433335147668,0.6209936303001673,2.0,0.031729585849321805,0.39737435487600475,0.3911682413174556,0.0,nan,0.0
-149.313475,45,3033.458034,0.0,1.0,-8.084474198239038,-149.31347545519566,0.0,0.0,0.0,1.0,0.06712894072046076,45,13.035853994293017,0.6056699301013161,2.0,0.09737286567687989,0.20240718258751764,0.21600110001034206,0.0,nan,0.0
-149.631391,45,3034.058072,0.0,1.0,-8.21238331967642,-149.6313906793744,0.0,0.0,0.0,1.0,0.07396470996471709,45,12.40587525308961,0.6070705048727892,2.0,0.0387372891108195,0.24844778908623588,0.23167545795440675,0.0,nan,0.0
-137.811625,44,3034.659522,0.0,1.0,-8.235315142876349,-137.8116251284924,0.0,0.0,0.0,1.0,0.06116125478031395,44,12.909671282405611,0.3964131936552637,0.9458729236197438,0.022727272727272728,0.2839064354246313,0.22753690047697586,0.0,nan,0.0
-138.618512,46,3036.211626,0.0,1.0,-8.12653360999547,-138.618512488946,0.0,0.0,0.0,1.0,0.06559556352357977,46,12.468780333346508,0.420749786544601,0.9981809240199316,0.06806743922440903,0.28129192020582117,0.24534733658251556,0.0,nan,0.0
-137.846963,46,3036.746938,0.0,1.0,-8.124397713453073,-137.84696263857867,0.0,0.0,0.0,1.0,0.061018259749796806,46,12.205813760270585,0.3885604294090004,0.972905467285917,0.03748392022174338,0.2867148609265037,0.3007536945135697,0.0,nan,0.0
-137.569022,50,3037.385939,0.0,1.0,-8.179625270885998,-137.5690222894762,0.0,0.0,0.0,1.0,0.07061365734942386,50,11.061194089830686,0.33425685276387407,1.0191486402184367,0.02,0.308829048871994,0.257564594745636,0.0,nan,0.0
-138.276834,51,3038.058975,0.0,1.0,-8.201914705845084,-138.27683430975145,0.0,0.0,0.0,1.0,0.0739586214279805,51,10.62224088669204,0.38524739520737394,0.9580739031178713,0.027262603535371667,0.29240747935631695,0.2893676722750944,0.0,nan,0.0
-146.437301,51,3038.721481,0.0,1.0,-9.858254143853788,-146.43730068973792,0.0,0.0,0.0,1.0,0.0781505790617567,51,10.882780890098294,0.5775999492975917,1.9351764368464308,0.02599513764474906,0.267900920381733,0.25433279252519797,0.0,nan,0.0
-152.59032,57,3039.472975,0.0,1.0,-8.140524109914857,-152.5903203923799,0.0,0.0,0.0,1.0,0.06751910603668687,57,9.63011459145013,0.6587372588254082,2.0,0.05304770302354244,0.38534410585436907,0.3602413671058521,0.0,nan,0.0
-155.237462,51,3040.14699,0.0,1.0,-8.359472298161572,-155.23746239683146,0.0,0.0,0.0,1.0,0.06462228686470751,51,10.859964570190089,0.6893917377134352,2.0,0.02988739340913062,0.2938804112228693,0.30242570591907875,0.0,nan,0.0
-150.521442,46,3040.788727,0.0,1.0,-8.253593026685817,-150.52144214676557,0.0,0.0,0.0,1.0,0.06328926997341348,46,12.357448706634305,0.6139584429519634,2.0,0.03666765016058217,0.2651081966317218,0.2032698962999427,0.0,nan,0.0
-175.826595,57,3041.530865,0.0,1.0,-8.302432602109226,-175.82659496143623,0.0,0.0,0.0,1.0,0.054858587333441004,57,9.278054745005257,0.9555665749217135,2.0,0.05413395270966647,0.3680743428698757,0.31542206647103294,0.0,nan,0.0
-171.032533,52,3042.212824,0.0,1.0,-8.152184617700927,-171.03253299842945,0.0,0.0,0.0,1.0,0.06468303653344723,52,10.701611243879142,0.9269998337521301,2.0,0.039391038509515613,0.37152818189217496,0.29788787548358625,0.0,nan,0.0
-152.3611,53,3042.907349,0.0,1.0,-8.123525797949453,-152.36109953255215,0.0,0.0,0.0,1.0,0.07043291630231721,53,10.548802777490868,0.6642921355687017,2.0,0.06148102598370246,0.2950474687342374,0.31089057225101396,0.0,nan,0.0
-140.536778,57,3043.619407,0.0,1.0,-8.368292328205586,-140.53677814413862,0.0,0.0,0.0,1.0,0.056541613335177356,57,9.60707314111993,0.38214971348826055,0.9822129315998971,0.02866945977796588,0.4576402379755388,0.38766459205694365,0.0,nan,0.0
-148.615556,51,3044.272365,0.0,1.0,-8.110668519138173,-148.61555639331698,0.0,0.0,0.0,1.0,0.07571405595967327,51,11.51959763770687,0.5284892690380206,2.0,0.05417152947070552,0.4093169780338512,0.31907182698156317,0.0,nan,0.0
-137.448345,46,3044.7999,0.0,1.0,-8.136859741981283,-137.44834503766765,0.0,0.0,0.0,1.0,0.060192577237159685,46,12.205629347133021,0.36736884450244606,0.9751293891221676,0.03387852337049401,0.2853285307469575,0.2869902097660562,0.0,nan,0.0
-172.300939,54,3045.495377,0.0,1.0,-8.30345319697124,-172.30093855216495,0.0,0.0,0.0,1.0,0.060641172237282326,54,10.05074329491475,0.9653225490564549,2.0,0.019906313331038865,0.40677859275429334,0.37955810295210946,0.0,nan,0.0
-154.481754,47,3046.112735,0.0,1.0,-8.136574605917394,-154.4817539181273,0.0,0.0,0.0,1.0,0.07770658872180494,47,13.423472044806065,0.7545131007981019,2.0,0.11233177590877452,0.21803380580658607,0.22767072916030884,0.0,nan,0.0
-148.913186,46,3046.723389,0.0,1.0,-8.18473196684797,-148.9131856045875,0.0,0.0,0.0,1.0,0.07560963733987193,46,12.256806339316572,0.6121825487715362,2.0,0.035482435122780175,0.2736049683197685,0.3247035378995149,0.0,nan,0.0
-160.487472,54,3047.413572,0.0,1.0,-8.663299519068701,-160.48747238898807,0.0,0.0,0.0,1.0,0.05494686517918338,54,7.780900026172126,0.7528482108639152,2.0,0.06858301162719727,0.3971062346741005,0.27178096771240234,0.0,nan,0.0
-153.029121,64,3048.274872,0.0,1.0,-8.296038230226111,-153.02912137629096,0.0,0.0,0.0,1.0,0.06422044579351721,64,9.089660830215678,0.47746921983147245,2.0,0.04092564061284065,0.3958836137317121,0.2913204301148653,0.0,nan,0.0
-140.84248,48,3048.924514,0.0,1.0,-8.042699230182874,-140.84248020726008,0.0,0.0,0.0,1.0,0.0592446799415292,48,11.824522113549763,0.4836662476606795,1.1972948170294948,0.020833333333333332,0.27555546537041664,0.24212252969543138,0.0,nan,0.0
-150.394377,47,3050.415132,0.0,1.0,-8.12584276814157,-150.39437693733706,0.0,0.0,0.0,1.0,0.0651719855665162,47,11.811551874471,0.6910004280645431,2.0,0.023542330620136668,0.28995007276535034,0.2844290619200848,0.0,nan,0.0
-138.329833,55,3051.121908,0.0,1.0,-8.200174556906383,-138.32983341130134,0.0,0.0,0.0,1.0,0.06974360989171019,55,9.957963228444154,0.2889219135469222,0.9534678232304554,0.020041524280201305,0.37188314362005753,0.30390708663246846,0.0,nan,0.0
-152.310078,52,3051.796895,0.0,1.0,-8.118706684189435,-152.31007800791446,0.0,0.0,0.0,1.0,0.06836986264697203,52,10.734235289039193,0.681707251590737,2.0,0.04879120680002066,0.3778315278200003,0.37912280742938703,0.0,nan,0.0
-161.298043,83,3052.747575,0.0,1.0,-8.476070519997196,-161.29804284970658,0.0,0.0,0.0,1.0,0.07636954448889799,83,6.590878851001,0.5526663654205543,2.0,0.02259068891226527,0.499728537826653,0.336570120719542,0.0,nan,0.0
-142.462225,58,3053.597257,0.0,1.0,-8.68834204000331,-142.4622251997788,0.0,0.0,0.0,1.0,0.05552680145188388,58,9.073783017273886,0.4542511957008502,1.1627396963665024,0.018239792050986456,0.4091394440881137,0.3022596836090088,0.0,nan,0.0
-157.622178,58,3054.25122,0.0,1.0,-8.29621611415214,-157.62217828579313,0.0,0.0,0.0,1.0,0.07344518044937769,58,9.685210268409454,0.6846313230965207,2.0,0.05064949084972513,0.34420986987393476,0.33080518656763536,0.0,nan,0.0
-163.759779,44,3054.865634,0.0,1.0,-8.20644578109355,-163.75977870892282,0.0,0.0,0.0,1.0,0.06732473558224962,44,12.668151967435245,0.9364215408816936,2.0,0.06870840896259654,0.24515439705415207,0.22796395150097934,0.0,nan,0.0
-154.976028,56,3055.582442,0.0,1.0,-8.549966649647713,-154.97602830812235,0.0,0.0,0.0,1.0,0.06834689228093538,56,9.471296819900298,0.6487998494526063,2.0,0.018783028636659895,0.3644155721579279,0.3246243968605995,0.0,nan,0.0
-151.583769,53,3056.262229,0.0,1.0,-8.096625021533198,-151.5837694105144,0.0,0.0,0.0,1.0,0.07947570908198752,53,11.025213513366625,0.6478556589132154,2.0,0.06486980870084942,0.33663667316706675,0.31006827669323617,0.0,nan,0.0
-145.898236,70,3057.105084,0.0,1.0,-8.712086280176607,-145.8982356614773,0.0,0.0,0.0,1.0,0.058983923689872306,70,7.647126813936123,0.4561733912473172,1.2101363741584654,0.02307941743305751,0.45254396285329546,0.36211245485714505,0.0,nan,0.0
-157.958405,63,3057.898978,0.0,1.0,-8.326650395792202,-157.9584050456709,0.0,0.0,0.0,1.0,0.0742841370090485,63,8.534376339328153,0.6758057888331365,2.0,0.025081594785054524,0.3835337994590638,0.35967221714201425,0.0,nan,0.0
-160.295666,62,3058.706484,0.0,1.0,-8.442363406962462,-160.29566557044046,0.0,0.0,0.0,1.0,0.06066457780367909,62,8.497853964204083,0.7018329334481948,1.8398179765759501,0.016129032258064516,0.428514878596029,0.3717501605710676,0.0,nan,0.0
-151.405058,46,3059.235888,0.0,1.0,-8.62097855015883,-151.40505773019996,0.0,0.0,0.0,1.0,0.0819620093957842,46,12.527113466672676,0.679119829258968,2.0,0.030651014784108036,0.3181233250576517,0.29860683368599933,0.0,nan,0.0
-141.44389,67,3060.159051,0.0,1.0,-8.281329398606285,-141.44388978813143,0.0,0.0,0.0,1.0,0.05565548496587209,67,7.949573416069534,0.360200017575853,0.9852036890071303,0.017521591328862888,0.4985949699558429,0.3740342810972413,0.0,nan,0.0
-139.547358,52,3060.850204,0.0,1.0,-8.128463832586931,-139.54735832465764,0.0,0.0,0.0,1.0,0.06116817212743074,52,10.400695349178921,0.40274123811019813,0.9807841057854974,0.02197852501502404,0.36798135248514324,0.3098057989890759,0.0,nan,0.0
-162.246447,67,3061.700279,0.0,1.0,-8.379051034739964,-162.2464470919598,0.0,0.0,0.0,1.0,0.0590681575629773,67,8.20731909490792,0.6561123891233187,1.8939964590965699,0.049903086761930095,0.4156290386150132,0.391389738267927,0.0,nan,0.0
-146.178475,79,3062.650723,0.0,1.0,-11.979598866245636,-146.17847523682636,0.0,0.0,0.0,1.0,0.055246558197894945,79,6.751392914266257,0.34121392371366005,0.9714370059116912,0.012658227848101266,0.4763496072986458,0.4595428825933722,0.0,nan,0.0
-157.520081,80,3064.556029,0.0,1.0,-8.17512580178779,-157.5200807330377,0.0,0.0,0.0,1.0,0.07752456998401011,80,6.918674858826302,0.5217944992044392,2.0,0.024897977709770203,0.4846219964325428,0.4473900221288204,0.0,nan,0.0
-154.052104,64,3065.318256,0.0,1.0,-8.173557532292435,-154.05210439722188,0.0,0.0,0.0,1.0,0.0663385127598086,64,8.343159780102686,0.6041677130859714,2.0,0.03783575817942619,0.44541780883446336,0.35131839849054813,0.0,nan,0.0
-157.35459,73,3066.196543,0.0,1.0,-8.190338632890452,-157.35459047481896,0.0,0.0,0.0,1.0,0.07909204408894233,73,7.696065073166473,0.5668520032631644,2.0,0.062165668565933016,0.45942291494918197,0.4269272995321718,0.0,nan,0.0
-157.443103,110,3067.410574,0.0,1.0,-8.621594102495603,-157.44310261585807,0.0,0.0,0.0,1.0,0.07227245658537315,110,4.780156178877392,0.4983870854224537,1.094511800299502,0.02139016389846802,0.6151952648704703,0.45662211613221604,0.0,nan,0.0
-222.743976,221,3069.972763,0.0,1.0,-5.278859287713131,-222.74397561808235,0.0,0.0,0.0,1.0,0.0627878097076739,221,6.6165408920794455,0.7213103116835571,2.0,0.02452200893902671,0.6235510551821593,0.47993344580965347,0.0,nan,0.0
-158.281549,70,3070.825197,0.0,1.0,-8.690577954523253,-158.281548922238,0.0,0.0,0.0,1.0,0.0776680072029772,70,7.958327235576633,0.5830058521195806,2.0,0.01949840784072876,0.3806405450616564,0.3882677410330091,0.0,nan,0.0
-153.393295,119,3072.155939,0.0,1.0,-12.19570692110569,-153.393295353962,0.0,0.0,0.0,1.0,0.0764572823405558,119,4.50183691710016,0.3930114959864225,0.9664246149164668,0.013518925474471404,0.5616437652531792,0.5402448723296157,0.0,nan,0.0
-157.29761,71,3073.004436,0.0,1.0,-8.607091259945243,-157.29760967737423,0.0,0.0,0.0,1.0,0.07966206098716876,71,7.74738079324482,0.5527244122629378,2.0,0.024128358129044652,0.4739802194313264,0.38165023209343496,0.0,nan,0.0
-181.495536,99,3074.159466,0.0,1.0,-8.385665775379227,-181.49553616395116,0.0,0.0,0.0,1.0,0.06528825658517892,99,5.291870179542329,0.6497977636393827,2.0,0.01990453763441606,0.5791311279089764,0.4815239394553984,0.0,nan,0.0
-142.689787,61,3074.923396,0.0,1.0,-8.51808456381442,-142.68978657069476,0.0,0.0,0.0,1.0,0.0580953491466001,61,8.623879114547025,0.47146431374437386,1.1146028698913586,0.018645313919567672,0.44177537570234204,0.44307137024207194,0.0,nan,0.0
-149.486368,53,3075.516416,0.0,1.0,-8.185702205789038,-149.48636821142009,0.0,0.0,0.0,1.0,0.06724809878709684,53,10.604828001204321,0.5719481547279183,2.0,0.0507031409245617,0.34276300893639616,0.25004541086700727,0.0,nan,0.0
-151.461389,57,3077.205731,0.0,1.0,-8.157666264077733,-151.46138888646226,0.0,0.0,0.0,1.0,0.05718828667305013,57,9.844766176014003,0.5384734144820709,2.0,0.04364856711605139,0.40233490550727175,0.3176745929216084,0.0,nan,0.0
-158.202302,77,3078.174846,0.0,1.0,-8.622377225981026,-158.20230182982743,0.0,0.0,0.0,1.0,0.06938140016473476,77,7.249852647862161,0.4826208799421015,2.0,0.02319674677663035,0.5608945941770231,0.44192311903098963,0.0,nan,0.0
-178.265676,98,3079.131187,0.0,1.0,-8.452043560215026,-178.26567574603195,0.0,0.0,0.0,1.0,0.0648215104675547,98,5.25410120322389,0.6675913250432703,2.0,0.016193048078186657,0.5646098101017426,0.43650220243298277,0.0,nan,0.0
-144.843633,78,3079.861954,0.0,1.0,-12.340069585245196,-144.84363316695624,0.0,0.0,0.0,1.0,0.05847103617699321,78,6.638614475547329,0.37417412080393836,0.9885147157082214,0.01282051282051282,0.5010819798096632,0.4459773202737172,0.0,nan,0.0
-140.122911,57,3080.351823,0.0,1.0,-8.482370713553221,-140.1229108409394,0.0,0.0,0.0,1.0,0.07662510867885275,57,9.24290604359934,0.3970798791481382,0.9828789579500079,0.019553661346435547,0.3877874335698914,0.31072876118777093,0.0,nan,0.0
-139.316331,59,3080.851789,0.0,1.0,-8.354636250618302,-139.31633064708575,0.0,0.0,0.0,1.0,0.06679917459600966,59,8.92978620634046,0.34991925213179065,0.9933761910884972,0.01694915254237288,0.42787222538964226,0.36764758219153193,0.0,nan,0.0
-155.653362,56,3081.336048,0.0,1.0,-8.530637885083445,-155.65336150657527,0.0,0.0,0.0,1.0,0.07433747443727313,56,10.043798477417763,0.6623775861947246,2.0,0.04862259541239057,0.5011897241430623,0.4150460218744619,0.0,nan,0.0
-155.733618,56,3081.835006,0.0,1.0,-8.263316375851986,-155.73361802337251,0.0,0.0,0.0,1.0,0.06086142802783543,56,9.978510960311352,0.667267440308805,2.0,0.09753570812089103,0.3820024313671248,0.3469225934573582,0.0,nan,0.0
-154.575104,62,3082.453939,0.0,1.0,-8.192633452132595,-154.57510365944302,0.0,0.0,0.0,1.0,0.06344911893275254,62,9.574059690966163,0.5881834292899342,2.0,0.0888436378971223,0.47709909754414714,0.31052770345441755,0.0,nan,0.0
-153.325003,71,3083.14313,0.0,1.0,-8.188004245995918,-153.32500319692917,0.0,0.0,0.0,1.0,0.06370854674848285,71,7.7167702551432,0.4696341589916486,2.0,0.03339465739021839,0.4064376102366918,0.3539423262569266,0.0,nan,0.0
-158.915968,68,3083.806155,0.0,1.0,-8.180572408697055,-158.91596842098443,0.0,0.0,0.0,1.0,0.07356602599434248,68,8.155147228752663,0.6470029726924628,2.0,0.05210885756156024,0.553326290758217,0.4071940832278308,0.0,nan,0.0
-147.749061,80,3084.671433,0.0,1.0,-8.851614533187323,-147.74906105235425,0.0,0.0,0.0,1.0,0.05718046433032508,80,6.541348420782579,0.452866653548297,1.2984606900870101,0.022772209346294404,0.46190915498882534,0.3631187852472067,0.0,nan,0.0
-158.736909,98,3085.693011,0.0,1.0,-8.11803166312687,-158.7369085970413,0.0,0.0,0.0,1.0,0.0635680812116003,98,6.011227258749535,0.39671824963653746,2.0,0.03870069980621338,0.5468307919040019,0.4763399757901017,0.0,nan,0.0
-142.226674,66,3086.515265,0.0,1.0,-8.533274204268725,-142.22667437917494,0.0,0.0,0.0,1.0,0.05999950316479033,66,8.058374629282584,0.4163348187216162,0.9789034688653493,0.061442349896286476,0.4921511330387809,0.42353726968620764,0.0,nan,0.0
-164.487698,84,3088.457392,0.0,1.0,-9.208415774412416,-164.48769834135487,0.0,0.0,0.0,1.0,0.05540614802976228,84,6.345342273194966,0.69808268749333,1.9614175589195255,0.0174699638571058,0.5577654086408161,0.4422329103662854,0.0,nan,0.0
-233.918525,349,3092.125806,0.0,1.0,-4.70749851301835,-233.91852533535558,0.0,0.0,0.0,1.0,0.06900187188065685,349,4.270557107337886,0.48368599901580006,2.0,0.01698198701044208,0.6407488771103174,0.49898820679987055,0.0,nan,0.0
-154.082507,110,3093.38037,0.0,1.0,-8.497220247641662,-154.0825073181724,0.0,0.0,0.0,1.0,0.05968488805556778,110,4.71892513533256,0.42783045099825073,1.0012655547313234,0.017296124588359486,0.564512898163362,0.4336819578300823,0.0,nan,0.0
-157.46132,59,3094.048176,0.0,1.0,-8.717554284640219,-157.4613197144451,0.0,0.0,0.0,1.0,0.07827000274266338,59,6.680421441665307,0.578193182201333,2.0,0.021224628060551014,0.4359208592924021,0.39667519068313856,0.0,nan,0.0
-198.943141,116,3095.365261,0.0,1.0,-8.732298184109169,-198.94314081521793,0.0,0.0,0.0,1.0,0.056568504805741875,116,4.716170585769168,0.7980539995195355,2.0,0.043432398089047135,0.5606782542991227,0.45458281476949824,0.0,nan,0.0
-156.168185,107,3096.597304,0.0,1.0,-8.566132793453079,-156.1681845539536,0.0,0.0,0.0,1.0,0.057366293516390096,107,5.061586776802662,0.48277638231526127,1.6236070527510649,0.009345794392523364,0.5643987001102662,0.4063748243813203,0.0,nan,0.0
-185.957186,165,3098.387974,0.0,1.0,-8.041300202820487,-185.95718599135702,0.0,0.0,0.0,1.0,0.07192821593083679,165,3.5803193994024283,0.5333038465517486,2.0,0.03378563143990256,0.693093372113777,0.5116925600803259,0.0,nan,0.0
-152.332197,80,3099.262085,0.0,1.0,-8.985323752111823,-152.33219678619383,0.0,0.0,0.0,1.0,0.062113865934746895,80,6.475707593630711,0.4797000768682579,1.3043449792200892,0.01673053205013275,0.5117558551952243,0.41418012194335463,0.0,nan,0.0
-165.179039,156,3101.846567,0.0,1.0,-8.291629337068471,-165.17903908268374,0.0,0.0,0.0,1.0,0.080333095449107,156,3.7390978753842887,0.4092422815296388,1.4757246608716703,0.03007845389537322,0.6812957897782326,0.5514871264115359,0.0,nan,0.0
-183.213962,600,3108.008862,0.0,0.0,6.545931853502602,-183.21396185971292,0.0,0.0,0.0,0.0,0.06644726227760098,600,2.6555586767631216,0.5317519770220277,2.0,0.01749298135439555,0.6742456138134003,0.5221312398215135,0.0,nan,0.0
-163.128062,99,3109.145331,0.0,1.0,-8.090194205285226,-163.12806161062858,0.0,0.0,0.0,1.0,0.06411633065933856,99,5.816944839484633,0.4912509757227394,2.0,0.03149483179805255,0.5873471499994548,0.4803408757604734,0.0,nan,0.0
-181.11763,600,3116.419472,0.0,0.0,4.37523122122872,-181.11762963467993,0.0,0.0,0.0,0.0,0.07392064423309716,600,1.5563022992440694,0.4925115706621791,2.0,0.0019243796666463216,0.745483052569131,0.5554332545648019,0.0,nan,0.0
-266.545718,600,3122.5045,0.0,0.0,3.756134812295156,-266.54571828617304,0.0,0.0,0.0,0.0,0.07005285977435126,600,1.6458676705966282,0.553217598532004,2.0,0.0018202269077301025,0.7152157383412123,0.6024336058894794,0.0,nan,0.0
-275.372596,600,3129.516412,0.0,0.0,2.237175531753806,-275.37259624881654,0.0,0.0,0.0,0.0,0.06368087381345405,600,1.3629074467954825,0.6712879610641591,2.0,0.007220360636711121,0.7660322776250541,0.5587906792139014,0.0,nan,0.0
-312.519215,600,3136.546555,0.0,0.0,3.104784719536342,-312.51921486563276,0.0,0.0,0.0,0.0,0.06511553622398082,600,1.494205925063747,0.6987824261878466,2.0,0.003426956534385681,0.7370630537718534,0.5579609856506189,0.0,nan,0.0
-158.933199,600,3142.647367,0.0,0.0,3.364282369195927,-158.93319908672123,0.0,0.0,0.0,0.0,0.061732483609204164,600,1.3378195626192364,0.396691529027031,2.0,0.010377806027730306,0.7245063893372814,0.5623208137104908,0.0,nan,0.0
-174.386038,600,3149.6706,0.0,0.0,1.9021526124203374,-174.3860376962061,0.0,0.0,0.0,0.0,0.06312559674374751,600,0.9481612364509996,0.5055581142017501,1.2595547552943072,0.004325555960337321,0.7094060390815139,0.5695339010407527,0.0,nan,0.0
-296.502648,600,3155.752191,0.0,0.0,1.6109998635450653,-296.5026484807257,0.0,0.0,0.0,0.0,0.06073398604811473,600,0.8175276868655043,0.572831121968704,2.0,0.01915075461069743,0.7166470642015338,0.5177952977766593,0.0,nan,0.0
-245.400966,600,3162.768883,0.0,0.0,1.7647107572864118,-245.40096632414608,0.0,0.0,0.0,0.0,0.06697402674239734,600,0.6961808658472564,0.5636546621788512,2.0,0.009966660141944885,0.7580184514261782,0.5835467366874219,0.0,nan,0.0
-180.477021,600,3169.820296,0.0,0.0,1.6676671888243324,-180.4770211671576,0.0,0.0,0.0,0.0,0.05928842329864556,600,0.4736095406635139,0.4675714412812257,0.9857192901917262,0.017010250687599184,0.7663950504238407,0.5801068646460772,0.0,nan,0.0
-129.004952,600,3175.836323,0.0,0.0,1.4320481047926898,-129.00495215584593,0.0,0.0,0.0,0.0,0.06429589351041014,600,0.37485726671811315,0.31099806333929064,0.6295049957226316,0.005422898530960083,0.6924561396613718,0.538100787277023,0.0,nan,0.0
-338.613673,600,3182.930361,0.0,0.0,1.8596980551648847,-338.6136729242498,0.0,0.0,0.0,0.0,0.06586076168964018,600,0.760716601922338,0.7090485922259343,2.0,0.01681128760178884,0.7282445961392174,0.576438590604812,0.0,nan,0.0
-124.913048,600,3188.875884,0.0,0.0,1.5122851055865285,-124.91304829001493,0.0,0.0,0.0,0.0,0.07176353639407605,600,0.4682253434087997,0.27740427949380586,0.7107307813673311,0.002943100134531657,0.7391796242942412,0.5841878912349542,0.0,nan,0.0
-102.881392,600,3195.766073,0.0,0.0,1.1636540637009936,-102.88139243845005,0.0,0.0,0.0,0.0,0.06524854965433724,600,0.40516381976556526,0.18361403229952644,0.34147215674866765,0.001888796091079712,0.7570199772218863,0.5512798652052879,0.0,nan,0.0
-105.920389,600,3203.00615,0.0,0.0,1.031537957523082,-105.92038945814365,0.0,0.0,0.0,0.0,0.048287941355124896,600,0.3935309217988117,0.20251990376808104,0.3920500080429129,0.0016666666666666668,0.7229180147002141,0.5778068312505881,0.0,nan,0.0
-93.904418,600,3209.178784,0.0,0.0,-0.9881521829003281,-93.90441817142425,0.0,0.0,0.0,0.0,0.04314037516204106,600,0.2623762416749143,0.06315660359615606,0.08352985284588982,0.0016666666666666668,0.6179674240450065,0.5052406749129296,0.0,nan,0.0
-93.983859,600,3216.286974,0.0,0.0,-0.6743032021421367,-93.98385903454776,0.0,0.0,0.0,0.0,0.04094516033309787,600,0.2511460159762663,0.059776699551738366,0.10672127949365498,0.0016666666666666668,0.6141823418438435,0.5110626205801964,0.0,nan,0.0
-93.625115,600,3222.342929,0.0,0.0,-0.7672449914258803,-93.6251148699348,0.0,0.0,0.0,0.0,0.04437932543051305,600,0.24060175170530043,0.06458496331168832,0.085558087357135,0.0016666666666666668,0.6068081355591615,0.47373847603797914,0.0,nan,0.0
-93.236341,600,3229.456394,0.0,0.0,-0.641631352163698,-93.23634087709856,0.0,0.0,0.0,0.0,0.05018991889891874,600,0.21363530004590595,0.05756534170212998,0.09736408805538509,0.0016666666666666668,0.5831753741701444,0.4709133831659953,0.0,nan,0.0
-94.622099,600,3235.657173,0.0,0.0,-0.5910269182913532,-94.62209940719748,0.0,0.0,0.0,0.0,0.04381537188638464,600,0.18014763520918137,0.08443831805814837,0.13964769932802926,0.002330913146336873,0.5432728221515815,0.4392712559302648,0.0,nan,0.0
-94.094165,600,3242.68013,0.0,0.0,-0.6061143688523412,-94.0941654922427,0.0,0.0,0.0,0.0,0.04153261374242659,600,0.15394985055685864,0.0809230678664592,0.13206154547989302,0.0016666666666666668,0.5003080019851526,0.4152730707327525,0.0,nan,0.0
-95.784146,600,3249.633268,0.0,0.0,-1.030772888659457,-95.78414595760682,0.0,0.0,0.0,0.0,0.04277650944811346,600,0.17461658280333756,0.10279875854538634,0.15604819482596452,0.0019919002056121827,0.5105871213475863,0.40548459470272064,0.0,nan,0.0
-95.486054,600,3255.744037,0.0,0.0,-0.6371887657825844,-95.48605402666452,0.0,0.0,0.0,0.0,0.04671126179943775,600,0.17435167653975248,0.10533431859389222,0.1550381577379683,0.0028025694688161213,0.5128607878088951,0.39906341085831326,0.0,nan,0.0
-95.260593,600,3262.70995,0.0,0.0,-0.6080967002801757,-95.26059301105633,0.0,0.0,0.0,0.0,0.04054324227724985,600,0.14600690409689784,0.09849325373429445,0.15146742277730518,0.002740084727605184,0.4978546536962191,0.4077795155843099,0.0,nan,0.0
-94.96243,600,3268.739501,0.0,0.0,-0.77187571855322,-94.96242999564143,0.0,0.0,0.0,0.0,0.04377763179895213,600,0.18280829956117495,0.09335569995134974,0.1325821887863707,0.0026659981409708658,0.5275693515439829,0.4234566471974055,0.0,nan,0.0
-93.418952,600,3275.579444,0.0,0.0,-0.6949265392839615,-93.41895213316245,0.0,0.0,0.0,0.0,0.04002254739445149,600,0.24437010113097518,0.06291070827934249,0.08529257346548592,0.002455849250157674,0.5846532493829727,0.46647353996833163,0.0,nan,0.0
-93.308165,600,3282.616633,0.0,0.0,-0.6943377201759939,-93.30816487991673,0.0,0.0,0.0,0.0,0.041695468841806936,600,0.20404937286270583,0.06206759579424653,0.0939925871136738,0.0019734676678975424,0.5315267053246499,0.4518789162238439,0.0,nan,0.0
-91.672807,600,3288.67954,0.0,0.0,-0.3097915414130178,-91.67280676031764,0.0,0.0,0.0,0.0,0.05334832272297154,600,0.24778554114222695,0.029079309557756557,0.05270185220557843,0.0019899133841196695,0.5785982310275237,0.4368879188100497,0.0,nan,0.0
-93.455925,600,3295.66677,0.0,0.0,-0.8771945825975321,-93.45592505173366,0.0,0.0,0.0,0.0,0.04557286401647104,600,0.24128400654758628,0.0586343941462653,0.08502646018046917,0.0016666666666666668,0.5860179222126802,0.48016753991444905,0.0,nan,0.0
-91.697523,600,3301.663801,0.0,0.0,0.3712445400880472,-91.69752299932837,0.0,0.0,0.0,0.0,0.04089917216784436,600,0.2985966182500976,0.025022295262005598,0.06861431315623805,0.00335044264793396,0.5785063766936461,0.47716644684473675,0.0,nan,0.0
-90.700263,600,3308.722515,0.0,0.0,0.14983689089816893,-90.70026318397295,0.0,0.0,0.0,0.0,0.04813842280130053,600,0.19344017088770785,0.014278427399241038,0.035227452006012044,0.0016666666666666668,0.4919362482180198,0.38944455827275914,0.0,nan,0.0
-92.12038,600,3314.824096,0.0,0.0,-0.3071005265889969,-92.12037961769035,0.0,0.0,0.0,0.0,0.04435519013904638,600,0.18270777361234097,0.04216561652736654,0.08491303867323048,0.0038819762070973715,0.485041532466809,0.4350986836850643,0.0,nan,0.0
-92.76332,600,3321.745593,0.0,0.0,-0.45166984750386485,-92.76331966456536,0.0,0.0,0.0,0.0,0.05075937849268036,600,0.13629340833517173,0.07549670477636546,0.11074194741727719,0.0016666666666666668,0.41848852242032686,0.35399123162031176,0.0,nan,0.0
-91.686723,600,3328.614166,0.0,0.0,-0.2890678728674637,-91.68672250081097,0.0,0.0,0.0,0.0,0.04082308511185249,600,0.11529999467372558,0.03071040598985236,0.07420851004252668,0.0036351374785105386,0.44450848788022995,0.3787030472358068,0.0,nan,0.0
