start_time=2026-06-30T19:03:32+08:00
variant=curriculum seed=0 root=outputs/tuned_compare_curriculum_nenv16_seed0_1m timesteps=1000000 horizon=1500 n_envs=16 episodes=50 device=cuda extra_args=--ent-coef 0.01 --reward-ttc 6 --reward-cost 50 --reward-overspeed 3 --reward-target-speed 18 --reward-progress 40 --reward-lane 1.0 --reward-success-bonus 55 --reward-crash-penalty 120 --reward-out-of-road-penalty 150 --reward-ttc-threshold 12 --stage2-success 0.50 --stage2-cost 0.25 --demote-cost 0.35
/home/aaa/data/qj/stable-baselines3-master/stable_baselines3/common/on_policy_algorithm.py:150: UserWarning: You are trying to run PPO on the GPU, but it is primarily intended to run on the CPU when not using a CNN policy (you are using ActorCriticPolicy which should be a MlpPolicy). See https://github.com/DLR-RM/stable-baselines3/issues/1245 for more info. You can pass `device='cpu'` or `export CUDA_VISIBLE_DEVICES=` to force using the CPU.Note: The model will train, but the GPU utilization will be poor and the training might take longer than on CPU.
  warnings.warn(
Using cuda device
Logging to outputs/tuned_compare_curriculum_nenv16_seed0_1m/runs/curriculum_ppo_s0/tensorboard/curriculum_ppo_s0_1
------------------------------------
| paper/                |          |
|    accel_variation    | 0.796    |
|    base_reward        | 6.07     |
|    collision          | 0        |
|    crash_object       | 0        |
|    crash_vehicle      | 0        |
|    episode_cost       | 0        |
|    episode_length     | 600      |
|    jerk               | 0.618    |
|    lane_deviation     | 0.0633   |
|    max_lane_deviation | 0.127    |
|    mean_speed_kmh     | 0.694    |
|    min_ttc            | nan      |
|    out_of_road        | 0        |
|    route_completion   | 0.106    |
|    shaped_reward      | 6.07     |
|    steering_variation | 0.761    |
|    success            | 0        |
|    ttc_risk           | 0        |
| rollout/              |          |
|    ep_len_mean        | 600      |
|    ep_rew_mean        | 6.07     |
|    success_rate       | 0        |
| time/                 |          |
|    fps                | 2603     |
|    iterations         | 1        |
|    time_elapsed       | 6        |
|    total_timesteps    | 16384    |
------------------------------------
--------------------------------------------
| curriculum/                |             |
|    stage                   | 0           |
|    window_cost             | 0           |
|    window_route_completion | 0.123       |
|    window_success          | 0           |
| paper/                     |             |
|    accel_variation         | 0.794       |
|    base_reward             | 5.91        |
|    collision               | 0           |
|    crash_object            | 0           |
|    crash_vehicle           | 0           |
|    episode_cost            | 0           |
|    episode_length          | 600         |
|    jerk                    | 0.578       |
|    lane_deviation          | 0.352       |
|    max_lane_deviation      | 0.764       |
|    mean_speed_kmh          | 0.854       |
|    min_ttc                 | nan         |
|    out_of_road             | 0           |
|    route_completion        | 0.126       |
|    shaped_reward           | 5.91        |
|    steering_variation      | 0.805       |
|    success                 | 0           |
|    ttc_risk                | 0           |
| rollout/                   |             |
|    ep_len_mean             | 600         |
|    ep_rew_mean             | 6.33        |
|    success_rate            | 0           |
| time/                      |             |
|    fps                     | 2281        |
|    iterations              | 2           |
|    time_elapsed            | 14          |
|    total_timesteps         | 32768       |
| train/                     |             |
|    approx_kl               | 0.017972982 |
|    clip_fraction           | 0.244       |
|    clip_range              | 0.2         |
|    entropy_loss            | -2.8        |
|    explained_variance      | -0.0505     |
|    learning_rate           | 0.0003      |
|    loss                    | -0.0489     |
|    n_updates               | 10          |
|    policy_gradient_loss    | -0.0272     |
|    std                     | 0.978       |
|    value_loss              | 0.0147      |
--------------------------------------------
--------------------------------------------
| curriculum/                |             |
|    stage                   | 0           |
|    window_cost             | 0.0333      |
|    window_route_completion | 0.185       |
|    window_success          | 0           |
| paper/                     |             |
|    accel_variation         | 0.718       |
|    base_reward             | 8.96        |
|    collision               | 0           |
|    crash_object            | 0           |
|    crash_vehicle           | 0           |
|    episode_cost            | 0           |
|    episode_length          | 600         |
|    jerk                    | 0.577       |
|    lane_deviation          | 0.454       |
|    max_lane_deviation      | 0.994       |
|    mean_speed_kmh          | 1.15        |
|    min_ttc                 | nan         |
|    out_of_road             | 0           |
|    route_completion        | 0.161       |
|    shaped_reward           | 8.96        |
|    steering_variation      | 0.865       |
|    success                 | 0           |
|    ttc_risk                | 0           |
| rollout/                   |             |
|    ep_len_mean             | 599         |
|    ep_rew_mean             | 7.73        |
|    success_rate            | 0           |
| time/                      |             |
|    fps                     | 2211        |
|    iterations              | 3           |
|    time_elapsed            | 22          |
|    total_timesteps         | 49152       |
| train/                     |             |
|    approx_kl               | 0.018130824 |
|    clip_fraction           | 0.222       |
|    clip_range              | 0.2         |
|    entropy_loss            | -2.76       |
|    explained_variance      | 0.058       |
|    learning_rate           | 0.0003      |
|    loss                    | -0.0244     |
|    n_updates               | 20          |
|    policy_gradient_loss    | -0.0232     |
|    std                     | 0.956       |
|    value_loss              | 0.0206      |
--------------------------------------------
--------------------------------------------
| curriculum/                |             |
|    stage                   | 0           |
|    window_cost             | 0.133       |
|    window_route_completion | 0.219       |
|    window_success          | 0           |
| paper/                     |             |
|    accel_variation         | 0.647       |
|    base_reward             | 0.097       |
|    collision               | 0           |
|    crash_object            | 0           |
|    crash_vehicle           | 0           |
|    episode_cost            | 1           |
|    episode_length          | 423         |
|    jerk                    | 0.567       |
|    lane_deviation          | 0.338       |
|    max_lane_deviation      | 1.03        |
|    mean_speed_kmh          | 1.56        |
|    min_ttc                 | nan         |
|    out_of_road             | 1           |
|    route_completion        | 0.17        |
|    shaped_reward           | 0.097       |
|    steering_variation      | 0.799       |
|    success                 | 0           |
|    ttc_risk                | 0           |
| rollout/                   |             |
|    ep_len_mean             | 594         |
|    ep_rew_mean             | 8.24        |
|    success_rate            | 0           |
| time/                      |             |
|    fps                     | 2185        |
|    iterations              | 4           |
|    time_elapsed            | 29          |
|    total_timesteps         | 65536       |
| train/                     |             |
|    approx_kl               | 0.018195853 |
|    clip_fraction           | 0.206       |
|    clip_range              | 0.2         |
|    entropy_loss            | -2.71       |
|    explained_variance      | 0.0942      |
|    learning_rate           | 0.0003      |
|    loss                    | -0.0372     |
|    n_updates               | 30          |
|    policy_gradient_loss    | -0.0171     |
|    std                     | 0.934       |
|    value_loss              | 0.095       |
--------------------------------------------
-------------------------------------------
| curriculum/                |            |
|    stage                   | 0          |
|    window_cost             | 0.133      |
|    window_route_completion | 0.277      |
|    window_success          | 0          |
| paper/                     |            |
|    accel_variation         | 0.62       |
|    base_reward             | 12.6       |
|    collision               | 0          |
|    crash_object            | 0          |
|    crash_vehicle           | 0          |
|    episode_cost            | 0          |
|    episode_length          | 600        |
|    jerk                    | 0.504      |
|    lane_deviation          | 1.13       |
|    max_lane_deviation      | 2          |
|    mean_speed_kmh          | 2.19       |
|    min_ttc                 | nan        |
|    out_of_road             | 0          |
|    route_completion        | 0.26       |
|    shaped_reward           | 12.6       |
|    steering_variation      | 0.827      |
|    success                 | 0          |
|    ttc_risk                | 0          |
| rollout/                   |            |
|    ep_len_mean             | 586        |
|    ep_rew_mean             | 10.6       |
|    success_rate            | 0          |
| time/                      |            |
|    fps                     | 2160       |
|    iterations              | 5          |
|    time_elapsed            | 37         |
|    total_timesteps         | 81920      |
| train/                     |            |
|    approx_kl               | 0.01411938 |
|    clip_fraction           | 0.152      |
|    clip_range              | 0.2        |
|    entropy_loss            | -2.67      |
|    explained_variance      | 0.285      |
|    learning_rate           | 0.0003     |
|    loss                    | 0.0917     |
|    n_updates               | 40         |
|    policy_gradient_loss    | -0.00997   |
|    std                     | 0.914      |
|    value_loss              | 0.2        |
-------------------------------------------
--------------------------------------------
| curriculum/                |             |
|    stage                   | 0           |
|    window_cost             | 0.167       |
|    window_route_completion | 0.35        |
|    window_success          | 0           |
| paper/                     |             |
|    accel_variation         | 0.603       |
|    base_reward             | 22.7        |
|    collision               | 0           |
|    crash_object            | 0           |
|    crash_vehicle           | 0           |
|    episode_cost            | 0           |
|    episode_length          | 600         |
|    jerk                    | 0.495       |
|    lane_deviation          | 0.476       |
|    max_lane_deviation      | 0.755       |
|    mean_speed_kmh          | 2.46        |
|    min_ttc                 | nan         |
|    out_of_road             | 0           |
|    route_completion        | 0.356       |
|    shaped_reward           | 22.7        |
|    steering_variation      | 0.819       |
|    success                 | 0           |
|    ttc_risk                | 0           |
| rollout/                   |             |
|    ep_len_mean             | 577         |
|    ep_rew_mean             | 12.4        |
|    success_rate            | 0           |
| time/                      |             |
|    fps                     | 2140        |
|    iterations              | 6           |
|    time_elapsed            | 45          |
|    total_timesteps         | 98304       |
| train/                     |             |
|    approx_kl               | 0.011941938 |
|    clip_fraction           | 0.125       |
|    clip_range              | 0.2         |
|    entropy_loss            | -2.62       |
|    explained_variance      | 0.573       |
|    learning_rate           | 0.0003      |
|    loss                    | 0.0274      |
|    n_updates               | 50          |
|    policy_gradient_loss    | -0.00663    |
|    std                     | 0.889       |
|    value_loss              | 0.221       |
--------------------------------------------
--------------------------------------------
| curriculum/                |             |
|    stage                   | 0           |
|    window_cost             | 0.367       |
|    window_route_completion | 0.431       |
|    window_success          | 0           |
| paper/                     |             |
|    accel_variation         | 0.538       |
|    base_reward             | 18.1        |
|    collision               | 0           |
|    crash_object            | 0           |
|    crash_vehicle           | 0           |
|    episode_cost            | 0           |
|    episode_length          | 600         |
|    jerk                    | 0.442       |
|    lane_deviation          | 1.08        |
|    max_lane_deviation      | 2           |
|    mean_speed_kmh          | 3.48        |
|    min_ttc                 | nan         |
|    out_of_road             | 0           |
|    route_completion        | 0.566       |
|    shaped_reward           | 18.1        |
|    steering_variation      | 0.837       |
|    success                 | 0           |
|    ttc_risk                | 0           |
| rollout/                   |             |
|    ep_len_mean             | 554         |
|    ep_rew_mean             | 13.6        |
|    success_rate            | 0           |
| time/                      |             |
|    fps                     | 2123        |
|    iterations              | 7           |
|    time_elapsed            | 54          |
|    total_timesteps         | 114688      |
| train/                     |             |
|    approx_kl               | 0.011867654 |
|    clip_fraction           | 0.137       |
|    clip_range              | 0.2         |
|    entropy_loss            | -2.56       |
|    explained_variance      | 0.702       |
|    learning_rate           | 0.0003      |
|    loss                    | 0.303       |
|    n_updates               | 60          |
|    policy_gradient_loss    | -0.0078     |
|    std                     | 0.865       |
|    value_loss              | 0.266       |
--------------------------------------------
--------------------------------------------
| curriculum/                |             |
|    stage                   | 0           |
|    window_cost             | 0.167       |
|    window_route_completion | 0.517       |
|    window_success          | 0           |
| paper/                     |             |
|    accel_variation         | 0.466       |
|    base_reward             | 14.7        |
|    collision               | 0           |
|    crash_object            | 0           |
|    crash_vehicle           | 0           |
|    episode_cost            | 0           |
|    episode_length          | 600         |
|    jerk                    | 0.394       |
|    lane_deviation          | 1.48        |
|    max_lane_deviation      | 2           |
|    mean_speed_kmh          | 4.26        |
|    min_ttc                 | nan         |
|    out_of_road             | 0           |
|    route_completion        | 0.546       |
|    shaped_reward           | 14.7        |
|    steering_variation      | 0.816       |
|    success                 | 0           |
|    ttc_risk                | 0           |
| rollout/                   |             |
|    ep_len_mean             | 551         |
|    ep_rew_mean             | 14.6        |
|    success_rate            | 0           |
| time/                      |             |
|    fps                     | 2113        |
|    iterations              | 8           |
|    time_elapsed            | 62          |
|    total_timesteps         | 131072      |
| train/                     |             |
|    approx_kl               | 0.009979637 |
|    clip_fraction           | 0.134       |
|    clip_range              | 0.2         |
|    entropy_loss            | -2.52       |
|    explained_variance      | 0.632       |
|    learning_rate           | 0.0003      |
|    loss                    | 0.371       |
|    n_updates               | 70          |
|    policy_gradient_loss    | -0.00498    |
|    std                     | 0.854       |
|    value_loss              | 0.764       |
--------------------------------------------
-------------------------------------------
| curriculum/                |            |
|    stage                   | 1          |
|    window_cost             | 0.167      |
|    window_route_completion | 0.608      |
|    window_success          | 0          |
| paper/                     |            |
|    accel_variation         | 0.444      |
|    base_reward             | 20.9       |
|    collision               | 0          |
|    crash_object            | 0          |
|    crash_vehicle           | 0          |
|    episode_cost            | 0          |
|    episode_length          | 800        |
|    jerk                    | 0.372      |
|    lane_deviation          | 1.54       |
|    max_lane_deviation      | 2          |
|    mean_speed_kmh          | 5.61       |
|    min_ttc                 | nan        |
|    out_of_road             | 0          |
|    route_completion        | 0.99       |
|    shaped_reward           | 20.9       |
|    steering_variation      | 0.796      |
|    success                 | 0          |
|    ttc_risk                | 0          |
| rollout/                   |            |
|    ep_len_mean             | 550        |
|    ep_rew_mean             | 18.3       |
|    success_rate            | 0.04       |
| time/                      |            |
|    fps                     | 2084       |
|    iterations              | 9          |
|    time_elapsed            | 70         |
|    total_timesteps         | 147456     |
| train/                     |            |
|    approx_kl               | 0.01154542 |
|    clip_fraction           | 0.174      |
|    clip_range              | 0.2        |
|    entropy_loss            | -2.48      |
|    explained_variance      | 0.781      |
|    learning_rate           | 0.0003     |
|    loss                    | 0.263      |
|    n_updates               | 80         |
|    policy_gradient_loss    | -0.00684   |
|    std                     | 0.837      |
|    value_loss              | 0.428      |
-------------------------------------------
--------------------------------------------
| curriculum/                |             |
|    stage                   | 1           |
|    window_cost             | 0.467       |
|    window_route_completion | 0.54        |
|    window_success          | 0.2         |
| paper/                     |             |
|    accel_variation         | 0.36        |
|    base_reward             | 86.1        |
|    collision               | 0           |
|    crash_object            | 0           |
|    crash_vehicle           | 0           |
|    episode_cost            | 0           |
|    episode_length          | 800         |
|    jerk                    | 0.333       |
|    lane_deviation          | 0.535       |
|    max_lane_deviation      | 2           |
|    mean_speed_kmh          | 7.61        |
|    min_ttc                 | 27.4        |
|    out_of_road             | 0           |
|    route_completion        | 0.443       |
|    shaped_reward           | 86.1        |
|    steering_variation      | 0.794       |
|    success                 | 0           |
|    ttc_risk                | 0           |
| rollout/                   |             |
|    ep_len_mean             | 558         |
|    ep_rew_mean             | 26.1        |
|    success_rate            | 0.09        |
| time/                      |             |
|    fps                     | 2007        |
|    iterations              | 10          |
|    time_elapsed            | 81          |
|    total_timesteps         | 163840      |
| train/                     |             |
|    approx_kl               | 0.010581542 |
|    clip_fraction           | 0.143       |
|    clip_range              | 0.2         |
|    entropy_loss            | -2.45       |
|    explained_variance      | 0.651       |
|    learning_rate           | 0.0003      |
|    loss                    | 0.742       |
|    n_updates               | 90          |
|    policy_gradient_loss    | -0.0068     |
|    std                     | 0.819       |
|    value_loss              | 1.67        |
--------------------------------------------
--------------------------------------------
| curriculum/                |             |
|    stage                   | 0           |
|    window_cost             | 0.367       |
|    window_route_completion | 0.446       |
|    window_success          | 0.0333      |
| paper/                     |             |
|    accel_variation         | 0.392       |
|    base_reward             | 80.3        |
|    collision               | 0           |
|    crash_object            | 0           |
|    crash_vehicle           | 0           |
|    episode_cost            | 0           |
|    episode_length          | 600         |
|    jerk                    | 0.335       |
|    lane_deviation          | 0.357       |
|    max_lane_deviation      | 1.01        |
|    mean_speed_kmh          | 7.83        |
|    min_ttc                 | nan         |
|    out_of_road             | 0           |
|    route_completion        | 0.395       |
|    shaped_reward           | 80.3        |
|    steering_variation      | 0.75        |
|    success                 | 0           |
|    ttc_risk                | 0           |
| rollout/                   |             |
|    ep_len_mean             | 586         |
|    ep_rew_mean             | 44.5        |
|    success_rate            | 0.15        |
| time/                      |             |
|    fps                     | 1977        |
|    iterations              | 11          |
|    time_elapsed            | 91          |
|    total_timesteps         | 180224      |
| train/                     |             |
|    approx_kl               | 0.011947187 |
|    clip_fraction           | 0.152       |
|    clip_range              | 0.2         |
|    entropy_loss            | -2.39       |
|    explained_variance      | 0.53        |
|    learning_rate           | 0.0003      |
|    loss                    | 1.59        |
|    n_updates               | 100         |
|    policy_gradient_loss    | -0.0101     |
|    std                     | 0.796       |
|    value_loss              | 2.71        |
--------------------------------------------
--------------------------------------------
| curriculum/                |             |
|    stage                   | 1           |
|    window_cost             | 0.1         |
|    window_route_completion | 0.64        |
|    window_success          | 0.467       |
| paper/                     |             |
|    accel_variation         | 0.323       |
|    base_reward             | 76.5        |
|    collision               | 0           |
|    crash_object            | 0           |
|    crash_vehicle           | 0           |
|    episode_cost            | 1           |
|    episode_length          | 578         |
|    jerk                    | 0.29        |
|    lane_deviation          | 0.357       |
|    max_lane_deviation      | 2           |
|    mean_speed_kmh          | 8.04        |
|    min_ttc                 | 0.685       |
|    out_of_road             | 1           |
|    route_completion        | 0.485       |
|    shaped_reward           | 76.5        |
|    steering_variation      | 0.789       |
|    success                 | 0           |
|    ttc_risk                | 0.0242      |
| rollout/                   |             |
|    ep_len_mean             | 551         |
|    ep_rew_mean             | 63.2        |
|    success_rate            | 0.38        |
| time/                      |             |
|    fps                     | 1950        |
|    iterations              | 12          |
|    time_elapsed            | 100         |
|    total_timesteps         | 196608      |
| train/                     |             |
|    approx_kl               | 0.012503314 |
|    clip_fraction           | 0.167       |
|    clip_range              | 0.2         |
|    entropy_loss            | -2.33       |
|    explained_variance      | 0.597       |
|    learning_rate           | 0.0003      |
|    loss                    | 0.586       |
|    n_updates               | 110         |
|    policy_gradient_loss    | -0.00892    |
|    std                     | 0.766       |
|    value_loss              | 2.47        |
--------------------------------------------
--------------------------------------------
| curriculum/                |             |
|    stage                   | 2           |
|    window_cost             | 0.133       |
|    window_route_completion | 0.84        |
|    window_success          | 0.533       |
| paper/                     |             |
|    accel_variation         | 0.233       |
|    base_reward             | 49.3        |
|    collision               | 0           |
|    crash_object            | 0           |
|    crash_vehicle           | 0           |
|    episode_cost            | 1           |
|    episode_length          | 185         |
|    jerk                    | 0.19        |
|    lane_deviation          | 0.262       |
|    max_lane_deviation      | 1.07        |
|    mean_speed_kmh          | 16          |
|    min_ttc                 | nan         |
|    out_of_road             | 1           |
|    route_completion        | 0.233       |
|    shaped_reward           | 49.3        |
|    steering_variation      | 0.794       |
|    success                 | 0           |
|    ttc_risk                | 0           |
| rollout/                   |             |
|    ep_len_mean             | 566         |
|    ep_rew_mean             | 96          |
|    success_rate            | 0.36        |
| time/                      |             |
|    fps                     | 1846        |
|    iterations              | 13          |
|    time_elapsed            | 115         |
|    total_timesteps         | 212992      |
| train/                     |             |
|    approx_kl               | 0.018795062 |
|    clip_fraction           | 0.134       |
|    clip_range              | 0.2         |
|    entropy_loss            | -2.25       |
|    explained_variance      | 0.394       |
|    learning_rate           | 0.0003      |
|    loss                    | 1.68        |
|    n_updates               | 120         |
|    policy_gradient_loss    | -0.00736    |
|    std                     | 0.739       |
|    value_loss              | 3.14        |
--------------------------------------------
-------------------------------------------
| curriculum/                |            |
|    stage                   | 2          |
|    window_cost             | 0.567      |
|    window_route_completion | 0.596      |
|    window_success          | 0.2        |
| paper/                     |            |
|    accel_variation         | 0.291      |
|    base_reward             | 102        |
|    collision               | 1          |
|    crash_object            | 0          |
|    crash_vehicle           | 1          |
|    episode_cost            | 1          |
|    episode_length          | 502        |
|    jerk                    | 0.258      |
|    lane_deviation          | 0.431      |
|    max_lane_deviation      | 0.998      |
|    mean_speed_kmh          | 13.4       |
|    min_ttc                 | 76.6       |
|    out_of_road             | 0          |
|    route_completion        | 0.263      |
|    shaped_reward           | 102        |
|    steering_variation      | 0.715      |
|    success                 | 0          |
|    ttc_risk                | 0          |
| rollout/                   |            |
|    ep_len_mean             | 565        |
|    ep_rew_mean             | 118        |
|    success_rate            | 0.38       |
| time/                      |            |
|    fps                     | 1723       |
|    iterations              | 14         |
|    time_elapsed            | 133        |
|    total_timesteps         | 229376     |
| train/                     |            |
|    approx_kl               | 0.01023809 |
|    clip_fraction           | 0.116      |
|    clip_range              | 0.2        |
|    entropy_loss            | -2.19      |
|    explained_variance      | 0.516      |
|    learning_rate           | 0.0003     |
|    loss                    | 3.38       |
|    n_updates               | 130        |
|    policy_gradient_loss    | -0.0075    |
|    std                     | 0.716      |
|    value_loss              | 5.15       |
-------------------------------------------
--------------------------------------------
| curriculum/                |             |
|    stage                   | 2           |
|    window_cost             | 0.467       |
|    window_route_completion | 0.606       |
|    window_success          | 0.2         |
| paper/                     |             |
|    accel_variation         | 0.246       |
|    base_reward             | 88.1        |
|    collision               | 0           |
|    crash_object            | 0           |
|    crash_vehicle           | 0           |
|    episode_cost            | 1           |
|    episode_length          | 281         |
|    jerk                    | 0.217       |
|    lane_deviation          | 0.377       |
|    max_lane_deviation      | 1.06        |
|    mean_speed_kmh          | 20.6        |
|    min_ttc                 | 4.32        |
|    out_of_road             | 1           |
|    route_completion        | 0.365       |
|    shaped_reward           | 88.1        |
|    steering_variation      | 0.587       |
|    success                 | 0           |
|    ttc_risk                | 0.00678     |
| rollout/                   |             |
|    ep_len_mean             | 600         |
|    ep_rew_mean             | 152         |
|    success_rate            | 0.36        |
| time/                      |             |
|    fps                     | 1595        |
|    iterations              | 15          |
|    time_elapsed            | 154         |
|    total_timesteps         | 245760      |
| train/                     |             |
|    approx_kl               | 0.010573082 |
|    clip_fraction           | 0.108       |
|    clip_range              | 0.2         |
|    entropy_loss            | -2.12       |
|    explained_variance      | 0.575       |
|    learning_rate           | 0.0003      |
|    loss                    | 2.41        |
|    n_updates               | 140         |
|    policy_gradient_loss    | -0.0055     |
|    std                     | 0.689       |
|    value_loss              | 5.22        |
--------------------------------------------
--------------------------------------------
| curriculum/                |             |
|    stage                   | 2           |
|    window_cost             | 0.733       |
|    window_route_completion | 0.591       |
|    window_success          | 0.233       |
| paper/                     |             |
|    accel_variation         | 0.191       |
|    base_reward             | 225         |
|    collision               | 1           |
|    crash_object            | 0           |
|    crash_vehicle           | 1           |
|    episode_cost            | 1           |
|    episode_length          | 601         |
|    jerk                    | 0.168       |
|    lane_deviation          | 0.404       |
|    max_lane_deviation      | 1.93        |
|    mean_speed_kmh          | 24.8        |
|    min_ttc                 | 0.234       |
|    out_of_road             | 0           |
|    route_completion        | 0.866       |
|    shaped_reward           | 225         |
|    steering_variation      | 0.645       |
|    success                 | 0           |
|    ttc_risk                | 0.121       |
| rollout/                   |             |
|    ep_len_mean             | 646         |
|    ep_rew_mean             | 187         |
|    success_rate            | 0.21        |
| time/                      |             |
|    fps                     | 1491        |
|    iterations              | 16          |
|    time_elapsed            | 175         |
|    total_timesteps         | 262144      |
| train/                     |             |
|    approx_kl               | 0.012502266 |
|    clip_fraction           | 0.124       |
|    clip_range              | 0.2         |
|    entropy_loss            | -2.05       |
|    explained_variance      | 0.547       |
|    learning_rate           | 0.0003      |
|    loss                    | 2.83        |
|    n_updates               | 150         |
|    policy_gradient_loss    | -0.00364    |
|    std                     | 0.663       |
|    value_loss              | 6.61        |
--------------------------------------------
---------------------------------------------
| curriculum/                |              |
|    stage                   | 2            |
|    window_cost             | 0.833        |
|    window_route_completion | 0.531        |
|    window_success          | 0.133        |
| paper/                     |              |
|    accel_variation         | 0.251        |
|    base_reward             | 44.5         |
|    collision               | 0            |
|    crash_object            | 0            |
|    crash_vehicle           | 0            |
|    episode_cost            | 1            |
|    episode_length          | 237          |
|    jerk                    | 0.202        |
|    lane_deviation          | 0.444        |
|    max_lane_deviation      | 1.88         |
|    mean_speed_kmh          | 19           |
|    min_ttc                 | nan          |
|    out_of_road             | 1            |
|    route_completion        | 0.219        |
|    shaped_reward           | 44.5         |
|    steering_variation      | 0.578        |
|    success                 | 0            |
|    ttc_risk                | 0            |
| rollout/                   |              |
|    ep_len_mean             | 609          |
|    ep_rew_mean             | 204          |
|    success_rate            | 0.2          |
| time/                      |              |
|    fps                     | 1399         |
|    iterations              | 17           |
|    time_elapsed            | 199          |
|    total_timesteps         | 278528       |
| train/                     |              |
|    approx_kl               | 0.0075071026 |
|    clip_fraction           | 0.113        |
|    clip_range              | 0.2          |
|    entropy_loss            | -2           |
|    explained_variance      | 0.55         |
|    learning_rate           | 0.0003       |
|    loss                    | 5.78         |
|    n_updates               | 160          |
|    policy_gradient_loss    | -0.00403     |
|    std                     | 0.652        |
|    value_loss              | 11.4         |
---------------------------------------------
-------------------------------------------
| curriculum/                |            |
|    stage                   | 1          |
|    window_cost             | 0.967      |
|    window_route_completion | 0.432      |
|    window_success          | 0.0333     |
| paper/                     |            |
|    accel_variation         | 0.158      |
|    base_reward             | 140        |
|    collision               | 0          |
|    crash_object            | 0          |
|    crash_vehicle           | 0          |
|    episode_cost            | 1          |
|    episode_length          | 359        |
|    jerk                    | 0.149      |
|    lane_deviation          | 0.299      |
|    max_lane_deviation      | 1.06       |
|    mean_speed_kmh          | 23.2       |
|    min_ttc                 | 2.35       |
|    out_of_road             | 1          |
|    route_completion        | 0.589      |
|    shaped_reward           | 140        |
|    steering_variation      | 0.658      |
|    success                 | 0          |
|    ttc_risk                | 0.0601     |
| rollout/                   |            |
|    ep_len_mean             | 476        |
|    ep_rew_mean             | 178        |
|    success_rate            | 0.12       |
| time/                      |            |
|    fps                     | 1312       |
|    iterations              | 18         |
|    time_elapsed            | 224        |
|    total_timesteps         | 294912     |
| train/                     |            |
|    approx_kl               | 0.01287831 |
|    clip_fraction           | 0.127      |
|    clip_range              | 0.2        |
|    entropy_loss            | -1.96      |
|    explained_variance      | 0.587      |
|    learning_rate           | 0.0003     |
|    loss                    | 7.71       |
|    n_updates               | 170        |
|    policy_gradient_loss    | -0.00393   |
|    std                     | 0.638      |
|    value_loss              | 14         |
-------------------------------------------
--------------------------------------------
| curriculum/                |             |
|    stage                   | 1           |
|    window_cost             | 0.533       |
|    window_route_completion | 0.714       |
|    window_success          | 0.3         |
| paper/                     |             |
|    accel_variation         | 0.212       |
|    base_reward             | 104         |
|    collision               | 0           |
|    crash_object            | 0           |
|    crash_vehicle           | 0           |
|    episode_cost            | 1           |
|    episode_length          | 261         |
|    jerk                    | 0.184       |
|    lane_deviation          | 0.261       |
|    max_lane_deviation      | 1.52        |
|    mean_speed_kmh          | 23          |
|    min_ttc                 | nan         |
|    out_of_road             | 1           |
|    route_completion        | 0.669       |
|    shaped_reward           | 104         |
|    steering_variation      | 0.609       |
|    success                 | 0           |
|    ttc_risk                | 0           |
| rollout/                   |             |
|    ep_len_mean             | 458         |
|    ep_rew_mean             | 182         |
|    success_rate            | 0.15        |
| time/                      |             |
|    fps                     | 1289        |
|    iterations              | 19          |
|    time_elapsed            | 241         |
|    total_timesteps         | 311296      |
| train/                     |             |
|    approx_kl               | 0.009361182 |
|    clip_fraction           | 0.135       |
|    clip_range              | 0.2         |
|    entropy_loss            | -1.92       |
|    explained_variance      | 0.504       |
|    learning_rate           | 0.0003      |
|    loss                    | 8.12        |
|    n_updates               | 180         |
|    policy_gradient_loss    | -0.00358    |
|    std                     | 0.628       |
|    value_loss              | 24.9        |
--------------------------------------------
--------------------------------------------
| curriculum/                |             |
|    stage                   | 2           |
|    window_cost             | 0.333       |
|    window_route_completion | 0.854       |
|    window_success          | 0.633       |
| paper/                     |             |
|    accel_variation         | 0.153       |
|    base_reward             | 110         |
|    collision               | 0           |
|    crash_object            | 0           |
|    crash_vehicle           | 0           |
|    episode_cost            | 1           |
|    episode_length          | 289         |
|    jerk                    | 0.142       |
|    lane_deviation          | 0.396       |
|    max_lane_deviation      | 1.28        |
|    mean_speed_kmh          | 26.6        |
|    min_ttc                 | 5.91        |
|    out_of_road             | 1           |
|    route_completion        | 0.415       |
|    shaped_reward           | 110         |
|    steering_variation      | 0.574       |
|    success                 | 0           |
|    ttc_risk                | 0.00351     |
| rollout/                   |             |
|    ep_len_mean             | 431         |
|    ep_rew_mean             | 185         |
|    success_rate            | 0.29        |
| time/                      |             |
|    fps                     | 1253        |
|    iterations              | 20          |
|    time_elapsed            | 261         |
|    total_timesteps         | 327680      |
| train/                     |             |
|    approx_kl               | 0.008845774 |
|    clip_fraction           | 0.173       |
|    clip_range              | 0.2         |
|    entropy_loss            | -1.88       |
|    explained_variance      | 0.572       |
|    learning_rate           | 0.0003      |
|    loss                    | 6.09        |
|    n_updates               | 190         |
|    policy_gradient_loss    | 0.000398    |
|    std                     | 0.615       |
|    value_loss              | 14.1        |
--------------------------------------------
--------------------------------------------
| curriculum/                |             |
|    stage                   | 1           |
|    window_cost             | 0.967       |
|    window_route_completion | 0.436       |
|    window_success          | 0.0333      |
| paper/                     |             |
|    accel_variation         | 0.17        |
|    base_reward             | 210         |
|    collision               | 0           |
|    crash_object            | 0           |
|    crash_vehicle           | 0           |
|    episode_cost            | 1           |
|    episode_length          | 681         |
|    jerk                    | 0.154       |
|    lane_deviation          | 0.472       |
|    max_lane_deviation      | 2           |
|    mean_speed_kmh          | 21.4        |
|    min_ttc                 | 3.59        |
|    out_of_road             | 1           |
|    route_completion        | 0.612       |
|    shaped_reward           | 210         |
|    steering_variation      | 0.621       |
|    success                 | 0           |
|    ttc_risk                | 0.0344      |
| rollout/                   |             |
|    ep_len_mean             | 419         |
|    ep_rew_mean             | 183         |
|    success_rate            | 0.3         |
| time/                      |             |
|    fps                     | 1205        |
|    iterations              | 21          |
|    time_elapsed            | 285         |
|    total_timesteps         | 344064      |
| train/                     |             |
|    approx_kl               | 0.014842931 |
|    clip_fraction           | 0.14        |
|    clip_range              | 0.2         |
|    entropy_loss            | -1.84       |
|    explained_variance      | 0.672       |
|    learning_rate           | 0.0003      |
|    loss                    | 6.23        |
|    n_updates               | 200         |
|    policy_gradient_loss    | -0.000811   |
|    std                     | 0.601       |
|    value_loss              | 16.1        |
--------------------------------------------
--------------------------------------------
| curriculum/                |             |
|    stage                   | 2           |
|    window_cost             | 0.333       |
|    window_route_completion | 0.885       |
|    window_success          | 0.633       |
| paper/                     |             |
|    accel_variation         | 0.172       |
|    base_reward             | 233         |
|    collision               | 0           |
|    crash_object            | 0           |
|    crash_vehicle           | 0           |
|    episode_cost            | 0           |
|    episode_length          | 414         |
|    jerk                    | 0.162       |
|    lane_deviation          | 0.246       |
|    max_lane_deviation      | 0.995       |
|    mean_speed_kmh          | 24.3        |
|    min_ttc                 | nan         |
|    out_of_road             | 0           |
|    route_completion        | 0.98        |
|    shaped_reward           | 233         |
|    steering_variation      | 0.586       |
|    success                 | 1           |
|    ttc_risk                | 0           |
| rollout/                   |             |
|    ep_len_mean             | 403         |
|    ep_rew_mean             | 182         |
|    success_rate            | 0.3         |
| time/                      |             |
|    fps                     | 1200        |
|    iterations              | 22          |
|    time_elapsed            | 300         |
|    total_timesteps         | 360448      |
| train/                     |             |
|    approx_kl               | 0.017735347 |
|    clip_fraction           | 0.175       |
|    clip_range              | 0.2         |
|    entropy_loss            | -1.8        |
|    explained_variance      | 0.627       |
|    learning_rate           | 0.0003      |
|    loss                    | 10.4        |
|    n_updates               | 210         |
|    policy_gradient_loss    | 0.000468    |
|    std                     | 0.592       |
|    value_loss              | 28.4        |
--------------------------------------------
--------------------------------------------
| curriculum/                |             |
|    stage                   | 2           |
|    window_cost             | 0.9         |
|    window_route_completion | 0.491       |
|    window_success          | 0.1         |
| paper/                     |             |
|    accel_variation         | 0.178       |
|    base_reward             | 177         |
|    collision               | 1           |
|    crash_object            | 0           |
|    crash_vehicle           | 1           |
|    episode_cost            | 1           |
|    episode_length          | 350         |
|    jerk                    | 0.158       |
|    lane_deviation          | 0.306       |
|    max_lane_deviation      | 1.26        |
|    mean_speed_kmh          | 28.5        |
|    min_ttc                 | 1.06        |
|    out_of_road             | 0           |
|    route_completion        | 0.513       |
|    shaped_reward           | 177         |
|    steering_variation      | 0.524       |
|    success                 | 0           |
|    ttc_risk                | 0.0844      |
| rollout/                   |             |
|    ep_len_mean             | 388         |
|    ep_rew_mean             | 177         |
|    success_rate            | 0.31        |
| time/                      |             |
|    fps                     | 1148        |
|    iterations              | 23          |
|    time_elapsed            | 328         |
|    total_timesteps         | 376832      |
| train/                     |             |
|    approx_kl               | 0.011689427 |
|    clip_fraction           | 0.232       |
|    clip_range              | 0.2         |
|    entropy_loss            | -1.77       |
|    explained_variance      | 0.646       |
|    learning_rate           | 0.0003      |
|    loss                    | 7.21        |
|    n_updates               | 220         |
|    policy_gradient_loss    | 0.00926     |
|    std                     | 0.58        |
|    value_loss              | 19.1        |
--------------------------------------------
--------------------------------------------
| curriculum/                |             |
|    stage                   | 2           |
|    window_cost             | 0.833       |
|    window_route_completion | 0.531       |
|    window_success          | 0.167       |
| paper/                     |             |
|    accel_variation         | 0.173       |
|    base_reward             | 391         |
|    collision               | 0           |
|    crash_object            | 0           |
|    crash_vehicle           | 0           |
|    episode_cost            | 0           |
|    episode_length          | 772         |
|    jerk                    | 0.148       |
|    lane_deviation          | 0.38        |
|    max_lane_deviation      | 2           |
|    mean_speed_kmh          | 28.6        |
|    min_ttc                 | 2.53        |
|    out_of_road             | 0           |
|    route_completion        | 0.992       |
|    shaped_reward           | 391         |
|    steering_variation      | 0.546       |
|    success                 | 1           |
|    ttc_risk                | 0.0272      |
| rollout/                   |             |
|    ep_len_mean             | 392         |
|    ep_rew_mean             | 182         |
|    success_rate            | 0.27        |
| time/                      |             |
|    fps                     | 1106        |
|    iterations              | 24          |
|    time_elapsed            | 355         |
|    total_timesteps         | 393216      |
| train/                     |             |
|    approx_kl               | 0.009400487 |
|    clip_fraction           | 0.124       |
|    clip_range              | 0.2         |
|    entropy_loss            | -1.73       |
|    explained_variance      | 0.663       |
|    learning_rate           | 0.0003      |
|    loss                    | 11.7        |
|    n_updates               | 230         |
|    policy_gradient_loss    | -0.00287    |
|    std                     | 0.571       |
|    value_loss              | 30          |
--------------------------------------------
--------------------------------------------
| curriculum/                |             |
|    stage                   | 1           |
|    window_cost             | 0.967       |
|    window_route_completion | 0.49        |
|    window_success          | 0.0333      |
| paper/                     |             |
|    accel_variation         | 0.177       |
|    base_reward             | 234         |
|    collision               | 1           |
|    crash_object            | 0           |
|    crash_vehicle           | 1           |
|    episode_cost            | 1           |
|    episode_length          | 420         |
|    jerk                    | 0.161       |
|    lane_deviation          | 0.31        |
|    max_lane_deviation      | 0.987       |
|    mean_speed_kmh          | 29.2        |
|    min_ttc                 | 0.417       |
|    out_of_road             | 0           |
|    route_completion        | 0.653       |
|    shaped_reward           | 234         |
|    steering_variation      | 0.558       |
|    success                 | 0           |
|    ttc_risk                | 0.122       |
| rollout/                   |             |
|    ep_len_mean             | 388         |
|    ep_rew_mean             | 180         |
|    success_rate            | 0.11        |
| time/                      |             |
|    fps                     | 1076        |
|    iterations              | 25          |
|    time_elapsed            | 380         |
|    total_timesteps         | 409600      |
| train/                     |             |
|    approx_kl               | 0.015665852 |
|    clip_fraction           | 0.187       |
|    clip_range              | 0.2         |
|    entropy_loss            | -1.72       |
|    explained_variance      | 0.736       |
|    learning_rate           | 0.0003      |
|    loss                    | 11.8        |
|    n_updates               | 240         |
|    policy_gradient_loss    | 0.0056      |
|    std                     | 0.571       |
|    value_loss              | 26.7        |
--------------------------------------------
-------------------------------------------
| curriculum/                |            |
|    stage                   | 1          |
|    window_cost             | 0.6        |
|    window_route_completion | 0.765      |
|    window_success          | 0.4        |
| paper/                     |            |
|    accel_variation         | 0.119      |
|    base_reward             | 261        |
|    collision               | 0          |
|    crash_object            | 0          |
|    crash_vehicle           | 0          |
|    episode_cost            | 0          |
|    episode_length          | 410        |
|    jerk                    | 0.116      |
|    lane_deviation          | 0.37       |
|    max_lane_deviation      | 0.998      |
|    mean_speed_kmh          | 31.2       |
|    min_ttc                 | 6.34       |
|    out_of_road             | 0          |
|    route_completion        | 0.988      |
|    shaped_reward           | 261        |
|    steering_variation      | 0.575      |
|    success                 | 1          |
|    ttc_risk                | 0.0215     |
| rollout/                   |            |
|    ep_len_mean             | 376        |
|    ep_rew_mean             | 186        |
|    success_rate            | 0.28       |
| time/                      |            |
|    fps                     | 1075       |
|    iterations              | 26         |
|    time_elapsed            | 396        |
|    total_timesteps         | 425984     |
| train/                     |            |
|    approx_kl               | 0.02738141 |
|    clip_fraction           | 0.22       |
|    clip_range              | 0.2        |
|    entropy_loss            | -1.7       |
|    explained_variance      | 0.792      |
|    learning_rate           | 0.0003     |
|    loss                    | 12.1       |
|    n_updates               | 250        |
|    policy_gradient_loss    | 0.00979    |
|    std                     | 0.564      |
|    value_loss              | 25.8       |
-------------------------------------------
-------------------------------------------
| curriculum/                |            |
|    stage                   | 1          |
|    window_cost             | 0.567      |
|    window_route_completion | 0.83       |
|    window_success          | 0.467      |
| paper/                     |            |
|    accel_variation         | 0.119      |
|    base_reward             | 171        |
|    collision               | 0          |
|    crash_object            | 0          |
|    crash_vehicle           | 0          |
|    episode_cost            | 0          |
|    episode_length          | 323        |
|    jerk                    | 0.114      |
|    lane_deviation          | 0.32       |
|    max_lane_deviation      | 0.957      |
|    mean_speed_kmh          | 24.4       |
|    min_ttc                 | nan        |
|    out_of_road             | 0          |
|    route_completion        | 0.979      |
|    shaped_reward           | 171        |
|    steering_variation      | 0.6        |
|    success                 | 1          |
|    ttc_risk                | 0          |
| rollout/                   |            |
|    ep_len_mean             | 362        |
|    ep_rew_mean             | 195        |
|    success_rate            | 0.5        |
| time/                      |            |
|    fps                     | 1075       |
|    iterations              | 27         |
|    time_elapsed            | 411        |
|    total_timesteps         | 442368     |
| train/                     |            |
|    approx_kl               | 0.01997184 |
|    clip_fraction           | 0.203      |
|    clip_range              | 0.2        |
|    entropy_loss            | -1.68      |
|    explained_variance      | 0.696      |
|    learning_rate           | 0.0003     |
|    loss                    | 12.6       |
|    n_updates               | 260        |
|    policy_gradient_loss    | 0.00496    |
|    std                     | 0.558      |
|    value_loss              | 28.6       |
-------------------------------------------
--------------------------------------------
| curriculum/                |             |
|    stage                   | 1           |
|    window_cost             | 0.5         |
|    window_route_completion | 0.817       |
|    window_success          | 0.5         |
| paper/                     |             |
|    accel_variation         | 0.164       |
|    base_reward             | 77          |
|    collision               | 0           |
|    crash_object            | 0           |
|    crash_vehicle           | 0           |
|    episode_cost            | 1           |
|    episode_length          | 220         |
|    jerk                    | 0.158       |
|    lane_deviation          | 0.346       |
|    max_lane_deviation      | 2           |
|    mean_speed_kmh          | 25.6        |
|    min_ttc                 | nan         |
|    out_of_road             | 1           |
|    route_completion        | 0.579       |
|    shaped_reward           | 77          |
|    steering_variation      | 0.538       |
|    success                 | 0           |
|    ttc_risk                | 0           |
| rollout/                   |             |
|    ep_len_mean             | 348         |
|    ep_rew_mean             | 198         |
|    success_rate            | 0.51        |
| time/                      |             |
|    fps                     | 1073        |
|    iterations              | 28          |
|    time_elapsed            | 427         |
|    total_timesteps         | 458752      |
| train/                     |             |
|    approx_kl               | 0.015125887 |
|    clip_fraction           | 0.171       |
|    clip_range              | 0.2         |
|    entropy_loss            | -1.66       |
|    explained_variance      | 0.717       |
|    learning_rate           | 0.0003      |
|    loss                    | 13          |
|    n_updates               | 270         |
|    policy_gradient_loss    | 0.00256     |
|    std                     | 0.554       |
|    value_loss              | 28.5        |
--------------------------------------------
--------------------------------------------
| curriculum/                |             |
|    stage                   | 2           |
|    window_cost             | 0.333       |
|    window_route_completion | 0.862       |
|    window_success          | 0.667       |
| paper/                     |             |
|    accel_variation         | 0.13        |
|    base_reward             | 271         |
|    collision               | 1           |
|    crash_object            | 0           |
|    crash_vehicle           | 1           |
|    episode_cost            | 1           |
|    episode_length          | 403         |
|    jerk                    | 0.128       |
|    lane_deviation          | 0.23        |
|    max_lane_deviation      | 0.727       |
|    mean_speed_kmh          | 32          |
|    min_ttc                 | 0.53        |
|    out_of_road             | 0           |
|    route_completion        | 0.571       |
|    shaped_reward           | 271         |
|    steering_variation      | 0.514       |
|    success                 | 0           |
|    ttc_risk                | 0.0739      |
| rollout/                   |             |
|    ep_len_mean             | 364         |
|    ep_rew_mean             | 212         |
|    success_rate            | 0.54        |
| time/                      |             |
|    fps                     | 1058        |
|    iterations              | 29          |
|    time_elapsed            | 448         |
|    total_timesteps         | 475136      |
| train/                     |             |
|    approx_kl               | 0.012733969 |
|    clip_fraction           | 0.254       |
|    clip_range              | 0.2         |
|    entropy_loss            | -1.66       |
|    explained_variance      | 0.722       |
|    learning_rate           | 0.0003      |
|    loss                    | 11.2        |
|    n_updates               | 280         |
|    policy_gradient_loss    | 0.0134      |
|    std                     | 0.555       |
|    value_loss              | 27.7        |
--------------------------------------------
--------------------------------------------
| curriculum/                |             |
|    stage                   | 1           |
|    window_cost             | 0.967       |
|    window_route_completion | 0.501       |
|    window_success          | 0.0333      |
| paper/                     |             |
|    accel_variation         | 0.12        |
|    base_reward             | 250         |
|    collision               | 1           |
|    crash_object            | 0           |
|    crash_vehicle           | 1           |
|    episode_cost            | 1           |
|    episode_length          | 462         |
|    jerk                    | 0.122       |
|    lane_deviation          | 0.293       |
|    max_lane_deviation      | 2           |
|    mean_speed_kmh          | 29.3        |
|    min_ttc                 | 0.39        |
|    out_of_road             | 0           |
|    route_completion        | 0.696       |
|    shaped_reward           | 250         |
|    steering_variation      | 0.516       |
|    success                 | 0           |
|    ttc_risk                | 0.0476      |
| rollout/                   |             |
|    ep_len_mean             | 369         |
|    ep_rew_mean             | 209         |
|    success_rate            | 0.36        |
| time/                      |             |
|    fps                     | 1030        |
|    iterations              | 30          |
|    time_elapsed            | 476         |
|    total_timesteps         | 491520      |
| train/                     |             |
|    approx_kl               | 0.021340042 |
|    clip_fraction           | 0.237       |
|    clip_range              | 0.2         |
|    entropy_loss            | -1.65       |
|    explained_variance      | 0.79        |
|    learning_rate           | 0.0003      |
|    loss                    | 6.25        |
|    n_updates               | 290         |
|    policy_gradient_loss    | 0.0139      |
|    std                     | 0.553       |
|    value_loss              | 20.5        |
--------------------------------------------
--------------------------------------------
| curriculum/                |             |
|    stage                   | 1           |
|    window_cost             | 0.4         |
|    window_route_completion | 0.899       |
|    window_success          | 0.567       |
| paper/                     |             |
|    accel_variation         | 0.173       |
|    base_reward             | 231         |
|    collision               | 1           |
|    crash_object            | 0           |
|    crash_vehicle           | 1           |
|    episode_cost            | 1           |
|    episode_length          | 322         |
|    jerk                    | 0.16        |
|    lane_deviation          | 0.227       |
|    max_lane_deviation      | 0.905       |
|    mean_speed_kmh          | 34.5        |
|    min_ttc                 | 1.28        |
|    out_of_road             | 0           |
|    route_completion        | 0.795       |
|    shaped_reward           | 231         |
|    steering_variation      | 0.564       |
|    success                 | 0           |
|    ttc_risk                | 0.0894      |
| rollout/                   |             |
|    ep_len_mean             | 384         |
|    ep_rew_mean             | 219         |
|    success_rate            | 0.29        |
| time/                      |             |
|    fps                     | 1031        |
|    iterations              | 31          |
|    time_elapsed            | 492         |
|    total_timesteps         | 507904      |
| train/                     |             |
|    approx_kl               | 0.024119955 |
|    clip_fraction           | 0.229       |
|    clip_range              | 0.2         |
|    entropy_loss            | -1.66       |
|    explained_variance      | 0.774       |
|    learning_rate           | 0.0003      |
|    loss                    | 11.3        |
|    n_updates               | 300         |
|    policy_gradient_loss    | 0.0103      |
|    std                     | 0.556       |
|    value_loss              | 24.3        |
--------------------------------------------
--------------------------------------------
| curriculum/                |             |
|    stage                   | 1           |
|    window_cost             | 0.4         |
|    window_route_completion | 0.868       |
|    window_success          | 0.6         |
| paper/                     |             |
|    accel_variation         | 0.127       |
|    base_reward             | 125         |
|    collision               | 0           |
|    crash_object            | 0           |
|    crash_vehicle           | 0           |
|    episode_cost            | 1           |
|    episode_length          | 283         |
|    jerk                    | 0.109       |
|    lane_deviation          | 0.46        |
|    max_lane_deviation      | 1.97        |
|    mean_speed_kmh          | 30.9        |
|    min_ttc                 | 8.04        |
|    out_of_road             | 1           |
|    route_completion        | 0.569       |
|    shaped_reward           | 125         |
|    steering_variation      | 0.531       |
|    success                 | 0           |
|    ttc_risk                | 0.00312     |
| rollout/                   |             |
|    ep_len_mean             | 374         |
|    ep_rew_mean             | 225         |
|    success_rate            | 0.45        |
| time/                      |             |
|    fps                     | 1032        |
|    iterations              | 32          |
|    time_elapsed            | 507         |
|    total_timesteps         | 524288      |
| train/                     |             |
|    approx_kl               | 0.011486418 |
|    clip_fraction           | 0.164       |
|    clip_range              | 0.2         |
|    entropy_loss            | -1.65       |
|    explained_variance      | 0.82        |
|    learning_rate           | 0.0003      |
|    loss                    | 10.4        |
|    n_updates               | 310         |
|    policy_gradient_loss    | 0.00292     |
|    std                     | 0.553       |
|    value_loss              | 22.5        |
--------------------------------------------
--------------------------------------------
| curriculum/                |             |
|    stage                   | 1           |
|    window_cost             | 0.4         |
|    window_route_completion | 0.87        |
|    window_success          | 0.6         |
| paper/                     |             |
|    accel_variation         | 0.134       |
|    base_reward             | 238         |
|    collision               | 0           |
|    crash_object            | 0           |
|    crash_vehicle           | 0           |
|    episode_cost            | 0           |
|    episode_length          | 347         |
|    jerk                    | 0.133       |
|    lane_deviation          | 0.328       |
|    max_lane_deviation      | 0.977       |
|    mean_speed_kmh          | 32.8        |
|    min_ttc                 | 8.93        |
|    out_of_road             | 0           |
|    route_completion        | 0.983       |
|    shaped_reward           | 238         |
|    steering_variation      | 0.481       |
|    success                 | 1           |
|    ttc_risk                | 0.000738    |
| rollout/                   |             |
|    ep_len_mean             | 365         |
|    ep_rew_mean             | 226         |
|    success_rate            | 0.56        |
| time/                      |             |
|    fps                     | 1033        |
|    iterations              | 33          |
|    time_elapsed            | 523         |
|    total_timesteps         | 540672      |
| train/                     |             |
|    approx_kl               | 0.013117327 |
|    clip_fraction           | 0.197       |
|    clip_range              | 0.2         |
|    entropy_loss            | -1.65       |
|    explained_variance      | 0.801       |
|    learning_rate           | 0.0003      |
|    loss                    | 8.7         |
|    n_updates               | 320         |
|    policy_gradient_loss    | 0.00671     |
|    std                     | 0.554       |
|    value_loss              | 22.6        |
--------------------------------------------
--------------------------------------------
| curriculum/                |             |
|    stage                   | 2           |
|    window_cost             | 0.333       |
|    window_route_completion | 0.888       |
|    window_success          | 0.667       |
| paper/                     |             |
|    accel_variation         | 0.139       |
|    base_reward             | 274         |
|    collision               | 0           |
|    crash_object            | 0           |
|    crash_vehicle           | 0           |
|    episode_cost            | 0           |
|    episode_length          | 430         |
|    jerk                    | 0.137       |
|    lane_deviation          | 0.251       |
|    max_lane_deviation      | 0.987       |
|    mean_speed_kmh          | 27.5        |
|    min_ttc                 | nan         |
|    out_of_road             | 0           |
|    route_completion        | 0.987       |
|    shaped_reward           | 274         |
|    steering_variation      | 0.529       |
|    success                 | 1           |
|    ttc_risk                | 0           |
| rollout/                   |             |
|    ep_len_mean             | 371         |
|    ep_rew_mean             | 230         |
|    success_rate            | 0.61        |
| time/                      |             |
|    fps                     | 1033        |
|    iterations              | 34          |
|    time_elapsed            | 539         |
|    total_timesteps         | 557056      |
| train/                     |             |
|    approx_kl               | 0.023832116 |
|    clip_fraction           | 0.199       |
|    clip_range              | 0.2         |
|    entropy_loss            | -1.65       |
|    explained_variance      | 0.826       |
|    learning_rate           | 0.0003      |
|    loss                    | 14.8        |
|    n_updates               | 330         |
|    policy_gradient_loss    | 0.0143      |
|    std                     | 0.555       |
|    value_loss              | 26.1        |
--------------------------------------------
--------------------------------------------
| curriculum/                |             |
|    stage                   | 2           |
|    window_cost             | 0.7         |
|    window_route_completion | 0.651       |
|    window_success          | 0.3         |
| paper/                     |             |
|    accel_variation         | 0.196       |
|    base_reward             | 96.6        |
|    collision               | 0           |
|    crash_object            | 0           |
|    crash_vehicle           | 0           |
|    episode_cost            | 1           |
|    episode_length          | 226         |
|    jerk                    | 0.176       |
|    lane_deviation          | 0.305       |
|    max_lane_deviation      | 1.61        |
|    mean_speed_kmh          | 25.3        |
|    min_ttc                 | nan         |
|    out_of_road             | 1           |
|    route_completion        | 0.259       |
|    shaped_reward           | 96.6        |
|    steering_variation      | 0.439       |
|    success                 | 0           |
|    ttc_risk                | 0           |
| rollout/                   |             |
|    ep_len_mean             | 400         |
|    ep_rew_mean             | 240         |
|    success_rate            | 0.54        |
| time/                      |             |
|    fps                     | 1020        |
|    iterations              | 35          |
|    time_elapsed            | 561         |
|    total_timesteps         | 573440      |
| train/                     |             |
|    approx_kl               | 0.009600656 |
|    clip_fraction           | 0.184       |
|    clip_range              | 0.2         |
|    entropy_loss            | -1.64       |
|    explained_variance      | 0.765       |
|    learning_rate           | 0.0003      |
|    loss                    | 8.04        |
|    n_updates               | 340         |
|    policy_gradient_loss    | 0.00582     |
|    std                     | 0.552       |
|    value_loss              | 22.3        |
--------------------------------------------
--------------------------------------------
| curriculum/                |             |
|    stage                   | 2           |
|    window_cost             | 0.833       |
|    window_route_completion | 0.637       |
|    window_success          | 0.167       |
| paper/                     |             |
|    accel_variation         | 0.161       |
|    base_reward             | 149         |
|    collision               | 1           |
|    crash_object            | 0           |
|    crash_vehicle           | 1           |
|    episode_cost            | 1           |
|    episode_length          | 307         |
|    jerk                    | 0.155       |
|    lane_deviation          | 0.341       |
|    max_lane_deviation      | 1.15        |
|    mean_speed_kmh          | 28          |
|    min_ttc                 | 1.68        |
|    out_of_road             | 0           |
|    route_completion        | 0.402       |
|    shaped_reward           | 149         |
|    steering_variation      | 0.454       |
|    success                 | 0           |
|    ttc_risk                | 0.0825      |
| rollout/                   |             |
|    ep_len_mean             | 415         |
|    ep_rew_mean             | 241         |
|    success_rate            | 0.36        |
| time/                      |             |
|    fps                     | 1004        |
|    iterations              | 36          |
|    time_elapsed            | 587         |
|    total_timesteps         | 589824      |
| train/                     |             |
|    approx_kl               | 0.044411913 |
|    clip_fraction           | 0.224       |
|    clip_range              | 0.2         |
|    entropy_loss            | -1.64       |
|    explained_variance      | 0.791       |
|    learning_rate           | 0.0003      |
|    loss                    | 6.49        |
|    n_updates               | 350         |
|    policy_gradient_loss    | 0.00826     |
|    std                     | 0.554       |
|    value_loss              | 20.6        |
--------------------------------------------
--------------------------------------------
| curriculum/                |             |
|    stage                   | 2           |
|    window_cost             | 0.833       |
|    window_route_completion | 0.6         |
|    window_success          | 0.167       |
| paper/                     |             |
|    accel_variation         | 0.143       |
|    base_reward             | 150         |
|    collision               | 1           |
|    crash_object            | 0           |
|    crash_vehicle           | 1           |
|    episode_cost            | 1           |
|    episode_length          | 237         |
|    jerk                    | 0.129       |
|    lane_deviation          | 0.147       |
|    max_lane_deviation      | 0.58        |
|    mean_speed_kmh          | 28          |
|    min_ttc                 | 1.11        |
|    out_of_road             | 0           |
|    route_completion        | 0.283       |
|    shaped_reward           | 150         |
|    steering_variation      | 0.557       |
|    success                 | 0           |
|    ttc_risk                | 0.18        |
| rollout/                   |             |
|    ep_len_mean             | 417         |
|    ep_rew_mean             | 240         |
|    success_rate            | 0.2         |
| time/                      |             |
|    fps                     | 985         |
|    iterations              | 37          |
|    time_elapsed            | 614         |
|    total_timesteps         | 606208      |
| train/                     |             |
|    approx_kl               | 0.020078257 |
|    clip_fraction           | 0.197       |
|    clip_range              | 0.2         |
|    entropy_loss            | -1.64       |
|    explained_variance      | 0.741       |
|    learning_rate           | 0.0003      |
|    loss                    | 10.9        |
|    n_updates               | 360         |
|    policy_gradient_loss    | 0.00335     |
|    std                     | 0.554       |
|    value_loss              | 26.8        |
--------------------------------------------
--------------------------------------------
| curriculum/                |             |
|    stage                   | 1           |
|    window_cost             | 0.967       |
|    window_route_completion | 0.5         |
|    window_success          | 0.0333      |
| paper/                     |             |
|    accel_variation         | 0.197       |
|    base_reward             | 438         |
|    collision               | 0           |
|    crash_object            | 0           |
|    crash_vehicle           | 0           |
|    episode_cost            | 0           |
|    episode_length          | 789         |
|    jerk                    | 0.176       |
|    lane_deviation          | 0.31        |
|    max_lane_deviation      | 1.45        |
|    mean_speed_kmh          | 27.7        |
|    min_ttc                 | 5.6         |
|    out_of_road             | 0           |
|    route_completion        | 0.994       |
|    shaped_reward           | 438         |
|    steering_variation      | 0.513       |
|    success                 | 1           |
|    ttc_risk                | 0.0119      |
| rollout/                   |             |
|    ep_len_mean             | 382         |
|    ep_rew_mean             | 217         |
|    success_rate            | 0.13        |
| time/                      |             |
|    fps                     | 965         |
|    iterations              | 38          |
|    time_elapsed            | 645         |
|    total_timesteps         | 622592      |
| train/                     |             |
|    approx_kl               | 0.010929776 |
|    clip_fraction           | 0.229       |
|    clip_range              | 0.2         |
|    entropy_loss            | -1.65       |
|    explained_variance      | 0.784       |
|    learning_rate           | 0.0003      |
|    loss                    | 11.9        |
|    n_updates               | 370         |
|    policy_gradient_loss    | 0.00769     |
|    std                     | 0.559       |
|    value_loss              | 26.6        |
--------------------------------------------
-------------------------------------------
| curriculum/                |            |
|    stage                   | 2          |
|    window_cost             | 0.333      |
|    window_route_completion | 0.913      |
|    window_success          | 0.667      |
| paper/                     |            |
|    accel_variation         | 0.15       |
|    base_reward             | 248        |
|    collision               | 1          |
|    crash_object            | 0          |
|    crash_vehicle           | 1          |
|    episode_cost            | 1          |
|    episode_length          | 378        |
|    jerk                    | 0.15       |
|    lane_deviation          | 0.263      |
|    max_lane_deviation      | 1.17       |
|    mean_speed_kmh          | 33.7       |
|    min_ttc                 | 0.982      |
|    out_of_road             | 0          |
|    route_completion        | 0.716      |
|    shaped_reward           | 248        |
|    steering_variation      | 0.553      |
|    success                 | 0          |
|    ttc_risk                | 0.102      |
| rollout/                   |            |
|    ep_len_mean             | 393        |
|    ep_rew_mean             | 230        |
|    success_rate            | 0.31       |
| time/                      |            |
|    fps                     | 966        |
|    iterations              | 39         |
|    time_elapsed            | 661        |
|    total_timesteps         | 638976     |
| train/                     |            |
|    approx_kl               | 0.01233236 |
|    clip_fraction           | 0.166      |
|    clip_range              | 0.2        |
|    entropy_loss            | -1.67      |
|    explained_variance      | 0.815      |
|    learning_rate           | 0.0003     |
|    loss                    | 11         |
|    n_updates               | 380        |
|    policy_gradient_loss    | 0.00242    |
|    std                     | 0.561      |
|    value_loss              | 25.9       |
-------------------------------------------
-------------------------------------------
| curriculum/                |            |
|    stage                   | 2          |
|    window_cost             | 0.933      |
|    window_route_completion | 0.556      |
|    window_success          | 0.0667     |
| paper/                     |            |
|    accel_variation         | 0.236      |
|    base_reward             | 347        |
|    collision               | 1          |
|    crash_object            | 0          |
|    crash_vehicle           | 1          |
|    episode_cost            | 1          |
|    episode_length          | 588        |
|    jerk                    | 0.212      |
|    lane_deviation          | 0.233      |
|    max_lane_deviation      | 1          |
|    mean_speed_kmh          | 27.4       |
|    min_ttc                 | 0.0631     |
|    out_of_road             | 0          |
|    route_completion        | 0.81       |
|    shaped_reward           | 347        |
|    steering_variation      | 0.531      |
|    success                 | 0          |
|    ttc_risk                | 0.0966     |
| rollout/                   |            |
|    ep_len_mean             | 383        |
|    ep_rew_mean             | 229        |
|    success_rate            | 0.34       |
| time/                      |            |
|    fps                     | 956        |
|    iterations              | 40         |
|    time_elapsed            | 685        |
|    total_timesteps         | 655360     |
| train/                     |            |
|    approx_kl               | 0.00667331 |
|    clip_fraction           | 0.191      |
|    clip_range              | 0.2        |
|    entropy_loss            | -1.65      |
|    explained_variance      | 0.788      |
|    learning_rate           | 0.0003     |
|    loss                    | 12.1       |
|    n_updates               | 390        |
|    policy_gradient_loss    | 0.006      |
|    std                     | 0.555      |
|    value_loss              | 26.4       |
-------------------------------------------
--------------------------------------------
| curriculum/                |             |
|    stage                   | 1           |
|    window_cost             | 0.367       |
|    window_route_completion | 0.86        |
|    window_success          | 0.633       |
| paper/                     |             |
|    accel_variation         | 0.205       |
|    base_reward             | 284         |
|    collision               | 0           |
|    crash_object            | 0           |
|    crash_vehicle           | 0           |
|    episode_cost            | 0           |
|    episode_length          | 371         |
|    jerk                    | 0.186       |
|    lane_deviation          | 0.237       |
|    max_lane_deviation      | 0.984       |
|    mean_speed_kmh          | 33.1        |
|    min_ttc                 | 5.45        |
|    out_of_road             | 0           |
|    route_completion        | 0.985       |
|    shaped_reward           | 284         |
|    steering_variation      | 0.504       |
|    success                 | 1           |
|    ttc_risk                | 0.0221      |
| rollout/                   |             |
|    ep_len_mean             | 376         |
|    ep_rew_mean             | 230         |
|    success_rate            | 0.4         |
| time/                      |             |
|    fps                     | 956         |
|    iterations              | 41          |
|    time_elapsed            | 702         |
|    total_timesteps         | 671744      |
| train/                     |             |
|    approx_kl               | 0.034083575 |
|    clip_fraction           | 0.207       |
|    clip_range              | 0.2         |
|    entropy_loss            | -1.65       |
|    explained_variance      | 0.831       |
|    learning_rate           | 0.0003      |
|    loss                    | 10.6        |
|    n_updates               | 400         |
|    policy_gradient_loss    | 0.00628     |
|    std                     | 0.561       |
|    value_loss              | 22.5        |
--------------------------------------------
-------------------------------------------
| curriculum/                |            |
|    stage                   | 2          |
|    window_cost             | 0.667      |
|    window_route_completion | 0.647      |
|    window_success          | 0.333      |
| paper/                     |            |
|    accel_variation         | 0.178      |
|    base_reward             | 122        |
|    collision               | 1          |
|    crash_object            | 0          |
|    crash_vehicle           | 1          |
|    episode_cost            | 1          |
|    episode_length          | 246        |
|    jerk                    | 0.159      |
|    lane_deviation          | 0.296      |
|    max_lane_deviation      | 0.913      |
|    mean_speed_kmh          | 27.3       |
|    min_ttc                 | 0.109      |
|    out_of_road             | 0          |
|    route_completion        | 0.292      |
|    shaped_reward           | 122        |
|    steering_variation      | 0.607      |
|    success                 | 0          |
|    ttc_risk                | 0.106      |
| rollout/                   |            |
|    ep_len_mean             | 393        |
|    ep_rew_mean             | 230        |
|    success_rate            | 0.38       |
| time/                      |            |
|    fps                     | 946        |
|    iterations              | 42         |
|    time_elapsed            | 726        |
|    total_timesteps         | 688128     |
| train/                     |            |
|    approx_kl               | 0.01648302 |
|    clip_fraction           | 0.208      |
|    clip_range              | 0.2        |
|    entropy_loss            | -1.66      |
|    explained_variance      | 0.82       |
|    learning_rate           | 0.0003     |
|    loss                    | 11.3       |
|    n_updates               | 410        |
|    policy_gradient_loss    | 0.00647    |
|    std                     | 0.561      |
|    value_loss              | 23         |
-------------------------------------------
--------------------------------------------
| curriculum/                |             |
|    stage                   | 2           |
|    window_cost             | 0.767       |
|    window_route_completion | 0.728       |
|    window_success          | 0.233       |
| paper/                     |             |
|    accel_variation         | 0.194       |
|    base_reward             | 203         |
|    collision               | 1           |
|    crash_object            | 0           |
|    crash_vehicle           | 1           |
|    episode_cost            | 1           |
|    episode_length          | 385         |
|    jerk                    | 0.161       |
|    lane_deviation          | 0.283       |
|    max_lane_deviation      | 0.968       |
|    mean_speed_kmh          | 27.2        |
|    min_ttc                 | 0.359       |
|    out_of_road             | 0           |
|    route_completion        | 0.502       |
|    shaped_reward           | 203         |
|    steering_variation      | 0.478       |
|    success                 | 0           |
|    ttc_risk                | 0.0333      |
| rollout/                   |             |
|    ep_len_mean             | 434         |
|    ep_rew_mean             | 250         |
|    success_rate            | 0.44        |
| time/                      |             |
|    fps                     | 938         |
|    iterations              | 43          |
|    time_elapsed            | 750         |
|    total_timesteps         | 704512      |
| train/                     |             |
|    approx_kl               | 0.023921069 |
|    clip_fraction           | 0.184       |
|    clip_range              | 0.2         |
|    entropy_loss            | -1.66       |
|    explained_variance      | 0.782       |
|    learning_rate           | 0.0003      |
|    loss                    | 6.7         |
|    n_updates               | 420         |
|    policy_gradient_loss    | 0.00204     |
|    std                     | 0.557       |
|    value_loss              | 23.4        |
--------------------------------------------
--------------------------------------------
| curriculum/                |             |
|    stage                   | 2           |
|    window_cost             | 0.633       |
|    window_route_completion | 0.795       |
|    window_success          | 0.367       |
| paper/                     |             |
|    accel_variation         | 0.301       |
|    base_reward             | 283         |
|    collision               | 1           |
|    crash_object            | 0           |
|    crash_vehicle           | 1           |
|    episode_cost            | 1           |
|    episode_length          | 470         |
|    jerk                    | 0.251       |
|    lane_deviation          | 0.247       |
|    max_lane_deviation      | 0.969       |
|    mean_speed_kmh          | 28.8        |
|    min_ttc                 | 1.35        |
|    out_of_road             | 0           |
|    route_completion        | 0.677       |
|    shaped_reward           | 283         |
|    steering_variation      | 0.536       |
|    success                 | 0           |
|    ttc_risk                | 0.078       |
| rollout/                   |             |
|    ep_len_mean             | 490         |
|    ep_rew_mean             | 277         |
|    success_rate            | 0.41        |
| time/                      |             |
|    fps                     | 932         |
|    iterations              | 44          |
|    time_elapsed            | 773         |
|    total_timesteps         | 720896      |
| train/                     |             |
|    approx_kl               | 0.012440658 |
|    clip_fraction           | 0.193       |
|    clip_range              | 0.2         |
|    entropy_loss            | -1.64       |
|    explained_variance      | 0.79        |
|    learning_rate           | 0.0003      |
|    loss                    | 5.82        |
|    n_updates               | 430         |
|    policy_gradient_loss    | 0.00247     |
|    std                     | 0.557       |
|    value_loss              | 21.4        |
--------------------------------------------
--------------------------------------------
| curriculum/                |             |
|    stage                   | 2           |
|    window_cost             | 0.667       |
|    window_route_completion | 0.671       |
|    window_success          | 0.333       |
| paper/                     |             |
|    accel_variation         | 0.266       |
|    base_reward             | 317         |
|    collision               | 1           |
|    crash_object            | 0           |
|    crash_vehicle           | 1           |
|    episode_cost            | 1           |
|    episode_length          | 528         |
|    jerk                    | 0.248       |
|    lane_deviation          | 0.301       |
|    max_lane_deviation      | 0.94        |
|    mean_speed_kmh          | 30.7        |
|    min_ttc                 | 1.92        |
|    out_of_road             | 0           |
|    route_completion        | 0.664       |
|    shaped_reward           | 317         |
|    steering_variation      | 0.489       |
|    success                 | 0           |
|    ttc_risk                | 0.103       |
| rollout/                   |             |
|    ep_len_mean             | 534         |
|    ep_rew_mean             | 301         |
|    success_rate            | 0.32        |
| time/                      |             |
|    fps                     | 926         |
|    iterations              | 45          |
|    time_elapsed            | 795         |
|    total_timesteps         | 737280      |
| train/                     |             |
|    approx_kl               | 0.019196179 |
|    clip_fraction           | 0.209       |
|    clip_range              | 0.2         |
|    entropy_loss            | -1.63       |
|    explained_variance      | 0.775       |
|    learning_rate           | 0.0003      |
|    loss                    | 8.31        |
|    n_updates               | 440         |
|    policy_gradient_loss    | 0.00374     |
|    std                     | 0.551       |
|    value_loss              | 16.9        |
--------------------------------------------
-------------------------------------------
| curriculum/                |            |
|    stage                   | 2          |
|    window_cost             | 0.733      |
|    window_route_completion | 0.701      |
|    window_success          | 0.267      |
| paper/                     |            |
|    accel_variation         | 0.274      |
|    base_reward             | 400        |
|    collision               | 0          |
|    crash_object            | 0          |
|    crash_vehicle           | 0          |
|    episode_cost            | 0          |
|    episode_length          | 680        |
|    jerk                    | 0.241      |
|    lane_deviation          | 0.261      |
|    max_lane_deviation      | 0.997      |
|    mean_speed_kmh          | 26.5       |
|    min_ttc                 | 3.07       |
|    out_of_road             | 0          |
|    route_completion        | 0.989      |
|    shaped_reward           | 400        |
|    steering_variation      | 0.489      |
|    success                 | 1          |
|    ttc_risk                | 0.0426     |
| rollout/                   |            |
|    ep_len_mean             | 521        |
|    ep_rew_mean             | 295        |
|    success_rate            | 0.31       |
| time/                      |            |
|    fps                     | 919        |
|    iterations              | 46         |
|    time_elapsed            | 819        |
|    total_timesteps         | 753664     |
| train/                     |            |
|    approx_kl               | 0.01968714 |
|    clip_fraction           | 0.261      |
|    clip_range              | 0.2        |
|    entropy_loss            | -1.61      |
|    explained_variance      | 0.767      |
|    learning_rate           | 0.0003     |
|    loss                    | 5.11       |
|    n_updates               | 450        |
|    policy_gradient_loss    | 0.013      |
|    std                     | 0.548      |
|    value_loss              | 20.4       |
-------------------------------------------
--------------------------------------------
| curriculum/                |             |
|    stage                   | 2           |
|    window_cost             | 0.7         |
|    window_route_completion | 0.736       |
|    window_success          | 0.3         |
| paper/                     |             |
|    accel_variation         | 0.28        |
|    base_reward             | 407         |
|    collision               | 0           |
|    crash_object            | 0           |
|    crash_vehicle           | 0           |
|    episode_cost            | 0           |
|    episode_length          | 669         |
|    jerk                    | 0.23        |
|    lane_deviation          | 0.266       |
|    max_lane_deviation      | 1.2         |
|    mean_speed_kmh          | 27.1        |
|    min_ttc                 | 1.02        |
|    out_of_road             | 0           |
|    route_completion        | 0.991       |
|    shaped_reward           | 407         |
|    steering_variation      | 0.503       |
|    success                 | 1           |
|    ttc_risk                | 0.00818     |
| rollout/                   |             |
|    ep_len_mean             | 510         |
|    ep_rew_mean             | 297         |
|    success_rate            | 0.3         |
| time/                      |             |
|    fps                     | 911         |
|    iterations              | 47          |
|    time_elapsed            | 844         |
|    total_timesteps         | 770048      |
| train/                     |             |
|    approx_kl               | 0.016253583 |
|    clip_fraction           | 0.196       |
|    clip_range              | 0.2         |
|    entropy_loss            | -1.59       |
|    explained_variance      | 0.801       |
|    learning_rate           | 0.0003      |
|    loss                    | 10.5        |
|    n_updates               | 460         |
|    policy_gradient_loss    | 0.00429     |
|    std                     | 0.542       |
|    value_loss              | 20.2        |
--------------------------------------------
--------------------------------------------
| curriculum/                |             |
|    stage                   | 2           |
|    window_cost             | 0.867       |
|    window_route_completion | 0.621       |
|    window_success          | 0.133       |
| paper/                     |             |
|    accel_variation         | 0.189       |
|    base_reward             | 314         |
|    collision               | 1           |
|    crash_object            | 0           |
|    crash_vehicle           | 1           |
|    episode_cost            | 1           |
|    episode_length          | 436         |
|    jerk                    | 0.18        |
|    lane_deviation          | 0.241       |
|    max_lane_deviation      | 0.956       |
|    mean_speed_kmh          | 34.2        |
|    min_ttc                 | 1.63        |
|    out_of_road             | 0           |
|    route_completion        | 0.724       |
|    shaped_reward           | 314         |
|    steering_variation      | 0.487       |
|    success                 | 0           |
|    ttc_risk                | 0.0994      |
| rollout/                   |             |
|    ep_len_mean             | 493         |
|    ep_rew_mean             | 292         |
|    success_rate            | 0.26        |
| time/                      |             |
|    fps                     | 903         |
|    iterations              | 48          |
|    time_elapsed            | 870         |
|    total_timesteps         | 786432      |
| train/                     |             |
|    approx_kl               | 0.015379928 |
|    clip_fraction           | 0.2         |
|    clip_range              | 0.2         |
|    entropy_loss            | -1.58       |
|    explained_variance      | 0.819       |
|    learning_rate           | 0.0003      |
|    loss                    | 10.6        |
|    n_updates               | 470         |
|    policy_gradient_loss    | 0.00569     |
|    std                     | 0.541       |
|    value_loss              | 18.8        |
--------------------------------------------
--------------------------------------------
| curriculum/                |             |
|    stage                   | 2           |
|    window_cost             | 0.567       |
|    window_route_completion | 0.713       |
|    window_success          | 0.433       |
| paper/                     |             |
|    accel_variation         | 0.257       |
|    base_reward             | 521         |
|    collision               | 0           |
|    crash_object            | 0           |
|    crash_vehicle           | 0           |
|    episode_cost            | 0           |
|    episode_length          | 762         |
|    jerk                    | 0.234       |
|    lane_deviation          | 0.232       |
|    max_lane_deviation      | 0.968       |
|    mean_speed_kmh          | 29.5        |
|    min_ttc                 | 4.51        |
|    out_of_road             | 0           |
|    route_completion        | 0.992       |
|    shaped_reward           | 521         |
|    steering_variation      | 0.46        |
|    success                 | 1           |
|    ttc_risk                | 0.0292      |
| rollout/                   |             |
|    ep_len_mean             | 501         |
|    ep_rew_mean             | 305         |
|    success_rate            | 0.31        |
| time/                      |             |
|    fps                     | 898         |
|    iterations              | 49          |
|    time_elapsed            | 893         |
|    total_timesteps         | 802816      |
| train/                     |             |
|    approx_kl               | 0.039046742 |
|    clip_fraction           | 0.194       |
|    clip_range              | 0.2         |
|    entropy_loss            | -1.57       |
|    explained_variance      | 0.825       |
|    learning_rate           | 0.0003      |
|    loss                    | 8.58        |
|    n_updates               | 480         |
|    policy_gradient_loss    | 0.00338     |
|    std                     | 0.54        |
|    value_loss              | 23.9        |
--------------------------------------------
--------------------------------------------
| curriculum/                |             |
|    stage                   | 2           |
|    window_cost             | 0.8         |
|    window_route_completion | 0.615       |
|    window_success          | 0.2         |
| paper/                     |             |
|    accel_variation         | 0.187       |
|    base_reward             | 38.9        |
|    collision               | 1           |
|    crash_object            | 0           |
|    crash_vehicle           | 1           |
|    episode_cost            | 1           |
|    episode_length          | 88          |
|    jerk                    | 0.197       |
|    lane_deviation          | 0.145       |
|    max_lane_deviation      | 0.442       |
|    mean_speed_kmh          | 23.9        |
|    min_ttc                 | 0.292       |
|    out_of_road             | 0           |
|    route_completion        | 0.107       |
|    shaped_reward           | 38.9        |
|    steering_variation      | 0.422       |
|    success                 | 0           |
|    ttc_risk                | 0.076       |
| rollout/                   |             |
|    ep_len_mean             | 456         |
|    ep_rew_mean             | 279         |
|    success_rate            | 0.28        |
| time/                      |             |
|    fps                     | 889         |
|    iterations              | 50          |
|    time_elapsed            | 920         |
|    total_timesteps         | 819200      |
| train/                     |             |
|    approx_kl               | 0.038547516 |
|    clip_fraction           | 0.225       |
|    clip_range              | 0.2         |
|    entropy_loss            | -1.58       |
|    explained_variance      | 0.838       |
|    learning_rate           | 0.0003      |
|    loss                    | 8.64        |
|    n_updates               | 490         |
|    policy_gradient_loss    | 0.00683     |
|    std                     | 0.543       |
|    value_loss              | 19.6        |
--------------------------------------------
-------------------------------------------
| curriculum/                |            |
|    stage                   | 2          |
|    window_cost             | 0.733      |
|    window_route_completion | 0.589      |
|    window_success          | 0.267      |
| paper/                     |            |
|    accel_variation         | 0.227      |
|    base_reward             | 31.4       |
|    collision               | 1          |
|    crash_object            | 0          |
|    crash_vehicle           | 1          |
|    episode_cost            | 1          |
|    episode_length          | 90         |
|    jerk                    | 0.168      |
|    lane_deviation          | 0.0853     |
|    max_lane_deviation      | 0.342      |
|    mean_speed_kmh          | 18         |
|    min_ttc                 | 0.563      |
|    out_of_road             | 0          |
|    route_completion        | 0.0682     |
|    shaped_reward           | 31.4       |
|    steering_variation      | 0.486      |
|    success                 | 0          |
|    ttc_risk                | 0.0621     |
| rollout/                   |            |
|    ep_len_mean             | 452        |
|    ep_rew_mean             | 281        |
|    success_rate            | 0.29       |
| time/                      |            |
|    fps                     | 882        |
|    iterations              | 51         |
|    time_elapsed            | 946        |
|    total_timesteps         | 835584     |
| train/                     |            |
|    approx_kl               | 0.04419537 |
|    clip_fraction           | 0.212      |
|    clip_range              | 0.2        |
|    entropy_loss            | -1.59      |
|    explained_variance      | 0.785      |
|    learning_rate           | 0.0003     |
|    loss                    | 14.5       |
|    n_updates               | 500        |
|    policy_gradient_loss    | 0.00619    |
|    std                     | 0.546      |
|    value_loss              | 27.2       |
-------------------------------------------
--------------------------------------------
| curriculum/                |             |
|    stage                   | 2           |
|    window_cost             | 0.7         |
|    window_route_completion | 0.69        |
|    window_success          | 0.3         |
| paper/                     |             |
|    accel_variation         | 0.283       |
|    base_reward             | 182         |
|    collision               | 1           |
|    crash_object            | 0           |
|    crash_vehicle           | 1           |
|    episode_cost            | 1           |
|    episode_length          | 301         |
|    jerk                    | 0.231       |
|    lane_deviation          | 0.179       |
|    max_lane_deviation      | 0.888       |
|    mean_speed_kmh          | 27.7        |
|    min_ttc                 | 1.02        |
|    out_of_road             | 0           |
|    route_completion        | 0.5         |
|    shaped_reward           | 182         |
|    steering_variation      | 0.466       |
|    success                 | 0           |
|    ttc_risk                | 0.192       |
| rollout/                   |             |
|    ep_len_mean             | 442         |
|    ep_rew_mean             | 272         |
|    success_rate            | 0.25        |
| time/                      |             |
|    fps                     | 876         |
|    iterations              | 52          |
|    time_elapsed            | 972         |
|    total_timesteps         | 851968      |
| train/                     |             |
|    approx_kl               | 0.016400898 |
|    clip_fraction           | 0.192       |
|    clip_range              | 0.2         |
|    entropy_loss            | -1.58       |
|    explained_variance      | 0.804       |
|    learning_rate           | 0.0003      |
|    loss                    | 8.29        |
|    n_updates               | 510         |
|    policy_gradient_loss    | 0.00413     |
|    std                     | 0.544       |
|    value_loss              | 26.3        |
--------------------------------------------
--------------------------------------------
| curriculum/                |             |
|    stage                   | 2           |
|    window_cost             | 0.6         |
|    window_route_completion | 0.721       |
|    window_success          | 0.4         |
| paper/                     |             |
|    accel_variation         | 0.308       |
|    base_reward             | 394         |
|    collision               | 0           |
|    crash_object            | 0           |
|    crash_vehicle           | 0           |
|    episode_cost            | 0           |
|    episode_length          | 641         |
|    jerk                    | 0.261       |
|    lane_deviation          | 0.258       |
|    max_lane_deviation      | 1.26        |
|    mean_speed_kmh          | 27.1        |
|    min_ttc                 | 7.51        |
|    out_of_road             | 0           |
|    route_completion        | 0.99        |
|    shaped_reward           | 394         |
|    steering_variation      | 0.481       |
|    success                 | 1           |
|    ttc_risk                | 0.00842     |
| rollout/                   |             |
|    ep_len_mean             | 472         |
|    ep_rew_mean             | 290         |
|    success_rate            | 0.31        |
| time/                      |             |
|    fps                     | 872         |
|    iterations              | 53          |
|    time_elapsed            | 995         |
|    total_timesteps         | 868352      |
| train/                     |             |
|    approx_kl               | 0.018806342 |
|    clip_fraction           | 0.233       |
|    clip_range              | 0.2         |
|    entropy_loss            | -1.58       |
|    explained_variance      | 0.817       |
|    learning_rate           | 0.0003      |
|    loss                    | 8.19        |
|    n_updates               | 520         |
|    policy_gradient_loss    | 0.00796     |
|    std                     | 0.545       |
|    value_loss              | 20.8        |
--------------------------------------------
--------------------------------------------
| curriculum/                |             |
|    stage                   | 2           |
|    window_cost             | 0.6         |
|    window_route_completion | 0.757       |
|    window_success          | 0.4         |
| paper/                     |             |
|    accel_variation         | 0.3         |
|    base_reward             | 307         |
|    collision               | 1           |
|    crash_object            | 0           |
|    crash_vehicle           | 1           |
|    episode_cost            | 1           |
|    episode_length          | 483         |
|    jerk                    | 0.261       |
|    lane_deviation          | 0.221       |
|    max_lane_deviation      | 0.996       |
|    mean_speed_kmh          | 29.3        |
|    min_ttc                 | 0.996       |
|    out_of_road             | 0           |
|    route_completion        | 0.735       |
|    shaped_reward           | 307         |
|    steering_variation      | 0.494       |
|    success                 | 0           |
|    ttc_risk                | 0.107       |
| rollout/                   |             |
|    ep_len_mean             | 495         |
|    ep_rew_mean             | 299         |
|    success_rate            | 0.34        |
| time/                      |             |
|    fps                     | 868         |
|    iterations              | 54          |
|    time_elapsed            | 1018        |
|    total_timesteps         | 884736      |
| train/                     |             |
|    approx_kl               | 0.012938096 |
|    clip_fraction           | 0.206       |
|    clip_range              | 0.2         |
|    entropy_loss            | -1.58       |
|    explained_variance      | 0.789       |
|    learning_rate           | 0.0003      |
|    loss                    | 6.15        |
|    n_updates               | 530         |
|    policy_gradient_loss    | 0.00511     |
|    std                     | 0.546       |
|    value_loss              | 20.1        |
--------------------------------------------
--------------------------------------------
| curriculum/                |             |
|    stage                   | 2           |
|    window_cost             | 0.4         |
|    window_route_completion | 0.831       |
|    window_success          | 0.567       |
| paper/                     |             |
|    accel_variation         | 0.332       |
|    base_reward             | 415         |
|    collision               | 0           |
|    crash_object            | 0           |
|    crash_vehicle           | 0           |
|    episode_cost            | 0           |
|    episode_length          | 722         |
|    jerk                    | 0.273       |
|    lane_deviation          | 0.196       |
|    max_lane_deviation      | 0.813       |
|    mean_speed_kmh          | 23.8        |
|    min_ttc                 | 0.236       |
|    out_of_road             | 0           |
|    route_completion        | 0.99        |
|    shaped_reward           | 415         |
|    steering_variation      | 0.489       |
|    success                 | 1           |
|    ttc_risk                | 0.0202      |
| rollout/                   |             |
|    ep_len_mean             | 531         |
|    ep_rew_mean             | 317         |
|    success_rate            | 0.43        |
| time/                      |             |
|    fps                     | 863         |
|    iterations              | 55          |
|    time_elapsed            | 1043        |
|    total_timesteps         | 901120      |
| train/                     |             |
|    approx_kl               | 0.017250631 |
|    clip_fraction           | 0.237       |
|    clip_range              | 0.2         |
|    entropy_loss            | -1.56       |
|    explained_variance      | 0.755       |
|    learning_rate           | 0.0003      |
|    loss                    | 6.79        |
|    n_updates               | 540         |
|    policy_gradient_loss    | 0.00995     |
|    std                     | 0.54        |
|    value_loss              | 21          |
--------------------------------------------
--------------------------------------------
| curriculum/                |             |
|    stage                   | 2           |
|    window_cost             | 0.4         |
|    window_route_completion | 0.797       |
|    window_success          | 0.6         |
| paper/                     |             |
|    accel_variation         | 0.351       |
|    base_reward             | 389         |
|    collision               | 1           |
|    crash_object            | 0           |
|    crash_vehicle           | 1           |
|    episode_cost            | 1           |
|    episode_length          | 759         |
|    jerk                    | 0.283       |
|    lane_deviation          | 0.272       |
|    max_lane_deviation      | 0.958       |
|    mean_speed_kmh          | 24.4        |
|    min_ttc                 | 0.103       |
|    out_of_road             | 0           |
|    route_completion        | 0.76        |
|    shaped_reward           | 389         |
|    steering_variation      | 0.48        |
|    success                 | 0           |
|    ttc_risk                | 0.0894      |
| rollout/                   |             |
|    ep_len_mean             | 550         |
|    ep_rew_mean             | 320         |
|    success_rate            | 0.49        |
| time/                      |             |
|    fps                     | 858         |
|    iterations              | 56          |
|    time_elapsed            | 1068        |
|    total_timesteps         | 917504      |
| train/                     |             |
|    approx_kl               | 0.028945386 |
|    clip_fraction           | 0.255       |
|    clip_range              | 0.2         |
|    entropy_loss            | -1.54       |
|    explained_variance      | 0.819       |
|    learning_rate           | 0.0003      |
|    loss                    | 3.35        |
|    n_updates               | 550         |
|    policy_gradient_loss    | 0.0113      |
|    std                     | 0.533       |
|    value_loss              | 13.9        |
--------------------------------------------
-------------------------------------------
| curriculum/                |            |
|    stage                   | 2          |
|    window_cost             | 0.433      |
|    window_route_completion | 0.771      |
|    window_success          | 0.533      |
| paper/                     |            |
|    accel_variation         | 0.323      |
|    base_reward             | 451        |
|    collision               | 0          |
|    crash_object            | 0          |
|    crash_vehicle           | 0          |
|    episode_cost            | 0          |
|    episode_length          | 827        |
|    jerk                    | 0.275      |
|    lane_deviation          | 0.304      |
|    max_lane_deviation      | 0.987      |
|    mean_speed_kmh          | 26.9       |
|    min_ttc                 | 7.48       |
|    out_of_road             | 0          |
|    route_completion        | 0.992      |
|    shaped_reward           | 451        |
|    steering_variation      | 0.452      |
|    success                 | 1          |
|    ttc_risk                | 0.00299    |
| rollout/                   |            |
|    ep_len_mean             | 559        |
|    ep_rew_mean             | 324        |
|    success_rate            | 0.53       |
| time/                      |            |
|    fps                     | 853        |
|    iterations              | 57         |
|    time_elapsed            | 1093       |
|    total_timesteps         | 933888     |
| train/                     |            |
|    approx_kl               | 0.03225006 |
|    clip_fraction           | 0.231      |
|    clip_range              | 0.2        |
|    entropy_loss            | -1.52      |
|    explained_variance      | 0.777      |
|    learning_rate           | 0.0003     |
|    loss                    | 8.03       |
|    n_updates               | 560        |
|    policy_gradient_loss    | 0.00904    |
|    std                     | 0.529      |
|    value_loss              | 19         |
-------------------------------------------
--------------------------------------------
| curriculum/                |             |
|    stage                   | 2           |
|    window_cost             | 0.433       |
|    window_route_completion | 0.79        |
|    window_success          | 0.567       |
| paper/                     |             |
|    accel_variation         | 0.276       |
|    base_reward             | 35.3        |
|    collision               | 1           |
|    crash_object            | 0           |
|    crash_vehicle           | 1           |
|    episode_cost            | 1           |
|    episode_length          | 100         |
|    jerk                    | 0.248       |
|    lane_deviation          | 0.161       |
|    max_lane_deviation      | 0.345       |
|    mean_speed_kmh          | 19.1        |
|    min_ttc                 | 0.168       |
|    out_of_road             | 0           |
|    route_completion        | 0.113       |
|    shaped_reward           | 35.3        |
|    steering_variation      | 0.428       |
|    success                 | 0           |
|    ttc_risk                | 0.124       |
| rollout/                   |             |
|    ep_len_mean             | 548         |
|    ep_rew_mean             | 322         |
|    success_rate            | 0.53        |
| time/                      |             |
|    fps                     | 851         |
|    iterations              | 58          |
|    time_elapsed            | 1115        |
|    total_timesteps         | 950272      |
| train/                     |             |
|    approx_kl               | 0.016747942 |
|    clip_fraction           | 0.242       |
|    clip_range              | 0.2         |
|    entropy_loss            | -1.5        |
|    explained_variance      | 0.748       |
|    learning_rate           | 0.0003      |
|    loss                    | 7.51        |
|    n_updates               | 570         |
|    policy_gradient_loss    | 0.00861     |
|    std                     | 0.526       |
|    value_loss              | 19.3        |
--------------------------------------------
-------------------------------------------
| curriculum/                |            |
|    stage                   | 2          |
|    window_cost             | 0.433      |
|    window_route_completion | 0.768      |
|    window_success          | 0.5        |
| paper/                     |            |
|    accel_variation         | 0.321      |
|    base_reward             | 410        |
|    collision               | 0          |
|    crash_object            | 0          |
|    crash_vehicle           | 0          |
|    episode_cost            | 0          |
|    episode_length          | 658        |
|    jerk                    | 0.267      |
|    lane_deviation          | 0.264      |
|    max_lane_deviation      | 0.998      |
|    mean_speed_kmh          | 27.7       |
|    min_ttc                 | 3.03       |
|    out_of_road             | 0          |
|    route_completion        | 0.991      |
|    shaped_reward           | 410        |
|    steering_variation      | 0.455      |
|    success                 | 1          |
|    ttc_risk                | 0.0914     |
| rollout/                   |            |
|    ep_len_mean             | 545        |
|    ep_rew_mean             | 321        |
|    success_rate            | 0.5        |
| time/                      |            |
|    fps                     | 847        |
|    iterations              | 59         |
|    time_elapsed            | 1141       |
|    total_timesteps         | 966656     |
| train/                     |            |
|    approx_kl               | 0.01848217 |
|    clip_fraction           | 0.293      |
|    clip_range              | 0.2        |
|    entropy_loss            | -1.49      |
|    explained_variance      | 0.814      |
|    learning_rate           | 0.0003     |
|    loss                    | 7.93       |
|    n_updates               | 580        |
|    policy_gradient_loss    | 0.0193     |
|    std                     | 0.523      |
|    value_loss              | 16.3       |
-------------------------------------------
--------------------------------------------
| curriculum/                |             |
|    stage                   | 2           |
|    window_cost             | 0.4         |
|    window_route_completion | 0.808       |
|    window_success          | 0.6         |
| paper/                     |             |
|    accel_variation         | 0.34        |
|    base_reward             | 451         |
|    collision               | 0           |
|    crash_object            | 0           |
|    crash_vehicle           | 0           |
|    episode_cost            | 0           |
|    episode_length          | 738         |
|    jerk                    | 0.288       |
|    lane_deviation          | 0.273       |
|    max_lane_deviation      | 0.983       |
|    mean_speed_kmh          | 28          |
|    min_ttc                 | 6.14        |
|    out_of_road             | 0           |
|    route_completion        | 0.992       |
|    shaped_reward           | 451         |
|    steering_variation      | 0.456       |
|    success                 | 1           |
|    ttc_risk                | 0.00796     |
| rollout/                   |             |
|    ep_len_mean             | 574         |
|    ep_rew_mean             | 344         |
|    success_rate            | 0.58        |
| time/                      |             |
|    fps                     | 844         |
|    iterations              | 60          |
|    time_elapsed            | 1164        |
|    total_timesteps         | 983040      |
| train/                     |             |
|    approx_kl               | 0.014127726 |
|    clip_fraction           | 0.191       |
|    clip_range              | 0.2         |
|    entropy_loss            | -1.48       |
|    explained_variance      | 0.792       |
|    learning_rate           | 0.0003      |
|    loss                    | 8.13        |
|    n_updates               | 590         |
|    policy_gradient_loss    | 0.00378     |
|    std                     | 0.518       |
|    value_loss              | 18.5        |
--------------------------------------------
--------------------------------------------
| curriculum/                |             |
|    stage                   | 2           |
|    window_cost             | 0.567       |
|    window_route_completion | 0.736       |
|    window_success          | 0.433       |
| paper/                     |             |
|    accel_variation         | 0.364       |
|    base_reward             | 401         |
|    collision               | 0           |
|    crash_object            | 0           |
|    crash_vehicle           | 0           |
|    episode_cost            | 0           |
|    episode_length          | 820         |
|    jerk                    | 0.301       |
|    lane_deviation          | 0.36        |
|    max_lane_deviation      | 1.04        |
|    mean_speed_kmh          | 26.8        |
|    min_ttc                 | 2.71        |
|    out_of_road             | 0           |
|    route_completion        | 0.992       |
|    shaped_reward           | 401         |
|    steering_variation      | 0.434       |
|    success                 | 1           |
|    ttc_risk                | 0.0579      |
| rollout/                   |             |
|    ep_len_mean             | 555         |
|    ep_rew_mean             | 325         |
|    success_rate            | 0.5         |
| time/                      |             |
|    fps                     | 839         |
|    iterations              | 61          |
|    time_elapsed            | 1190        |
|    total_timesteps         | 999424      |
| train/                     |             |
|    approx_kl               | 0.028572552 |
|    clip_fraction           | 0.254       |
|    clip_range              | 0.2         |
|    entropy_loss            | -1.46       |
|    explained_variance      | 0.807       |
|    learning_rate           | 0.0003      |
|    loss                    | 7.37        |
|    n_updates               | 600         |
|    policy_gradient_loss    | 0.0106      |
|    std                     | 0.517       |
|    value_loss              | 17.9        |
--------------------------------------------
--------------------------------------------
| curriculum/                |             |
|    stage                   | 2           |
|    window_cost             | 0.433       |
|    window_route_completion | 0.773       |
|    window_success          | 0.533       |
| paper/                     |             |
|    accel_variation         | 0.27        |
|    base_reward             | 35.9        |
|    collision               | 1           |
|    crash_object            | 0           |
|    crash_vehicle           | 1           |
|    episode_cost            | 1           |
|    episode_length          | 114         |
|    jerk                    | 0.244       |
|    lane_deviation          | 0.207       |
|    max_lane_deviation      | 0.401       |
|    mean_speed_kmh          | 18.3        |
|    min_ttc                 | nan         |
|    out_of_road             | 0           |
|    route_completion        | 0.133       |
|    shaped_reward           | 35.9        |
|    steering_variation      | 0.428       |
|    success                 | 0           |
|    ttc_risk                | 0           |
| rollout/                   |             |
|    ep_len_mean             | 550         |
|    ep_rew_mean             | 315         |
|    success_rate            | 0.52        |
| time/                      |             |
|    fps                     | 833         |
|    iterations              | 62          |
|    time_elapsed            | 1218        |
|    total_timesteps         | 1015808     |
| train/                     |             |
|    approx_kl               | 0.033562597 |
|    clip_fraction           | 0.209       |
|    clip_range              | 0.2         |
|    entropy_loss            | -1.46       |
|    explained_variance      | 0.74        |
|    learning_rate           | 0.0003      |
|    loss                    | 8.54        |
|    n_updates               | 610         |
|    policy_gradient_loss    | 0.00469     |
|    std                     | 0.516       |
|    value_loss              | 23.5        |
--------------------------------------------
saved_model=outputs/tuned_compare_curriculum_nenv16_seed0_1m/runs/curriculum_ppo_s0/model/final_model.zip
/home/aaa/data/qj/stable-baselines3-master/stable_baselines3/common/on_policy_algorithm.py:150: UserWarning: You are trying to run PPO on the GPU, but it is primarily intended to run on the CPU when not using a CNN policy (you are using ActorCriticPolicy which should be a MlpPolicy). See https://github.com/DLR-RM/stable-baselines3/issues/1245 for more info. You can pass `device='cpu'` or `export CUDA_VISIBLE_DEVICES=` to force using the CPU.Note: The model will train, but the GPU utilization will be poor and the training might take longer than on CPU.
  warnings.warn(
         success  route_completion  collision  out_of_road  cost      reward  shield_intervention_rate  shield_soft_rate  shield_hard_rate  overspeed_guard_rate
density                                                                                                                                                         
0.00        0.02          0.350218       0.00         0.98  0.98  131.883310                       0.0               0.0               0.0                   0.0
0.08        0.00          0.255867       0.32         0.68  1.00   84.031345                       0.0               0.0               0.0                   0.0
0.15        0.00          0.176490       0.56         0.44  1.00   53.651483                       0.0               0.0               0.0                   0.0
saved_evaluation=outputs/tuned_compare_curriculum_nenv16_seed0_1m/evaluations/curriculum_ppo_s0.csv
                         seed  success  route_completion  collision  out_of_road  cost      reward  shaped_reward  episode_length      speed  lane_deviation  steering_variation  accel_variation  ttc_risk   min_ttc
variant    algo density                                                                                                                                                                                              
curriculum ppo  0.00      0.0     0.02          0.350218       0.00         0.98  0.98  131.883310     131.883310          152.34  46.258052        0.359939            0.073243         0.023319  0.000000       NaN
                0.08      0.0     0.00          0.255867       0.32         0.68  1.00   84.031345      84.031345          112.80  43.099886        0.333740            0.076023         0.030603  0.121437  1.224188
                0.15      0.0     0.00          0.176490       0.56         0.44  1.00   53.651483      53.651483           88.40  38.249329        0.316529            0.075962         0.036879  0.246471  1.248326
curve_source=tensorboard
saved_summary=outputs/tuned_compare_curriculum_nenv16_seed0_1m/evaluations/summary.csv
saved_figures=outputs/tuned_compare_curriculum_nenv16_seed0_1m/figures
saved_report=outputs/tuned_compare_curriculum_nenv16_seed0_1m/运行记录.md
end_time=2026-06-30T19:25:02+08:00
