started=2026-06-30T11:33:14+08:00
train_command=python scripts/train.py --variant proposed_wo_ttc --algo ppo --seed 2 --timesteps 1500000 --horizon 1200 --n-envs 10 --ent-coef 0.01 --device cuda --output-dir outputs/iscsic_main_nenv10_1p5m_ent001/runs
/home/aaa/data/qj/stable-baselines3-master/stable_baselines3/common/on_policy_algorithm.py:150: UserWarning: You are trying to run PPO on the GPU, but it is primarily intended to run on the CPU when not using a CNN policy (you are using ActorCriticPolicy which should be a MlpPolicy). See https://github.com/DLR-RM/stable-baselines3/issues/1245 for more info. You can pass `device='cpu'` or `export CUDA_VISIBLE_DEVICES=` to force using the CPU.Note: The model will train, but the GPU utilization will be poor and the training might take longer than on CPU.
  warnings.warn(
Using cuda device
Logging to outputs/iscsic_main_nenv10_1p5m_ent001/runs/proposed_wo_ttc_ppo_s2/tensorboard/proposed_wo_ttc_ppo_s2_1
------------------------------------
| paper/                |          |
|    accel_variation    | 0.796    |
|    base_reward        | 5.76     |
|    collision          | 0        |
|    crash_object       | 0        |
|    crash_vehicle      | 0        |
|    episode_cost       | 0        |
|    episode_length     | 600      |
|    jerk               | 0.627    |
|    lane_deviation     | 0.222    |
|    max_lane_deviation | 0.584    |
|    mean_speed_kmh     | 0.767    |
|    min_ttc            | nan      |
|    out_of_road        | 0        |
|    route_completion   | 0.103    |
|    shaped_reward      | -113     |
|    steering_variation | 0.795    |
|    success            | 0        |
|    ttc_risk           | 0        |
| rollout/              |          |
|    ep_len_mean        | 600      |
|    ep_rew_mean        | -99.7    |
|    success_rate       | 0        |
| time/                 |          |
|    fps                | 3653     |
|    iterations         | 1        |
|    time_elapsed       | 2        |
|    total_timesteps    | 10240    |
------------------------------------
--------------------------------------------
| curriculum/                |             |
|    stage                   | 0           |
|    window_cost             | 0.0333      |
|    window_route_completion | 0.111       |
|    window_success          | 0           |
| paper/                     |             |
|    accel_variation         | 0.81        |
|    base_reward             | 3.59        |
|    collision               | 0           |
|    crash_object            | 0           |
|    crash_vehicle           | 0           |
|    episode_cost            | 0           |
|    episode_length          | 600         |
|    jerk                    | 0.608       |
|    lane_deviation          | 0.758       |
|    max_lane_deviation      | 1.3         |
|    mean_speed_kmh          | 0.887       |
|    min_ttc                 | nan         |
|    out_of_road             | 0           |
|    route_completion        | 0.124       |
|    shaped_reward           | -297        |
|    steering_variation      | 0.833       |
|    success                 | 0           |
|    ttc_risk                | 0           |
| rollout/                   |             |
|    ep_len_mean             | 592         |
|    ep_rew_mean             | -119        |
|    success_rate            | 0           |
| time/                      |             |
|    fps                     | 3199        |
|    iterations              | 2           |
|    time_elapsed            | 6           |
|    total_timesteps         | 20480       |
| train/                     |             |
|    approx_kl               | 0.009679046 |
|    clip_fraction           | 0.129       |
|    clip_range              | 0.2         |
|    entropy_loss            | -2.82       |
|    explained_variance      | 0.00428     |
|    learning_rate           | 0.0003      |
|    loss                    | 0.118       |
|    n_updates               | 10          |
|    policy_gradient_loss    | -0.00887    |
|    std                     | 0.985       |
|    value_loss              | 0.371       |
--------------------------------------------
----------------------------------------------
| curriculum/                |               |
|    stage                   | 0             |
|    window_cost             | 0.0667        |
|    window_route_completion | 0.124         |
|    window_success          | 0             |
| paper/                     |               |
|    accel_variation         | 0.824         |
|    base_reward             | 8.91          |
|    collision               | 0             |
|    crash_object            | 0             |
|    crash_vehicle           | 0             |
|    episode_cost            | 0             |
|    episode_length          | 600           |
|    jerk                    | 0.645         |
|    lane_deviation          | 0.0612        |
|    max_lane_deviation      | 0.23          |
|    mean_speed_kmh          | 0.842         |
|    min_ttc                 | nan           |
|    out_of_road             | 0             |
|    route_completion        | 0.146         |
|    shaped_reward           | -88.1         |
|    steering_variation      | 0.792         |
|    success                 | 0             |
|    ttc_risk                | 0             |
| rollout/                   |               |
|    ep_len_mean             | 594           |
|    ep_rew_mean             | -116          |
|    success_rate            | 0             |
| time/                      |               |
|    fps                     | 3109          |
|    iterations              | 3             |
|    time_elapsed            | 9             |
|    total_timesteps         | 30720         |
| train/                     |               |
|    approx_kl               | 0.00054907956 |
|    clip_fraction           | 0.0295        |
|    clip_range              | 0.2           |
|    entropy_loss            | -2.8          |
|    explained_variance      | -0.00608      |
|    learning_rate           | 0.0003        |
|    loss                    | 6.02          |
|    n_updates               | 20            |
|    policy_gradient_loss    | -0.000584     |
|    std                     | 0.982         |
|    value_loss              | 14.1          |
----------------------------------------------
--------------------------------------------
| curriculum/                |             |
|    stage                   | 0           |
|    window_cost             | 0.1         |
|    window_route_completion | 0.131       |
|    window_success          | 0           |
| paper/                     |             |
|    accel_variation         | 0.855       |
|    base_reward             | 11.1        |
|    collision               | 0           |
|    crash_object            | 0           |
|    crash_vehicle           | 0           |
|    episode_cost            | 0           |
|    episode_length          | 600         |
|    jerk                    | 0.64        |
|    lane_deviation          | 0.125       |
|    max_lane_deviation      | 0.351       |
|    mean_speed_kmh          | 1.04        |
|    min_ttc                 | nan         |
|    out_of_road             | 0           |
|    route_completion        | 0.166       |
|    shaped_reward           | -89.8       |
|    steering_variation      | 0.817       |
|    success                 | 0           |
|    ttc_risk                | 0           |
| rollout/                   |             |
|    ep_len_mean             | 594         |
|    ep_rew_mean             | -122        |
|    success_rate            | 0           |
| time/                      |             |
|    fps                     | 3064        |
|    iterations              | 4           |
|    time_elapsed            | 13          |
|    total_timesteps         | 40960       |
| train/                     |             |
|    approx_kl               | 0.003827779 |
|    clip_fraction           | 0.05        |
|    clip_range              | 0.2         |
|    entropy_loss            | -2.8        |
|    explained_variance      | 0.0842      |
|    learning_rate           | 0.0003      |
|    loss                    | 13.3        |
|    n_updates               | 30          |
|    policy_gradient_loss    | -0.00125    |
|    std                     | 0.979       |
|    value_loss              | 9.75        |
--------------------------------------------
--------------------------------------------
| curriculum/                |             |
|    stage                   | 0           |
|    window_cost             | 0.233       |
|    window_route_completion | 0.148       |
|    window_success          | 0           |
| paper/                     |             |
|    accel_variation         | 0.749       |
|    base_reward             | 12.7        |
|    collision               | 0           |
|    crash_object            | 0           |
|    crash_vehicle           | 0           |
|    episode_cost            | 0           |
|    episode_length          | 600         |
|    jerk                    | 0.613       |
|    lane_deviation          | 0.22        |
|    max_lane_deviation      | 0.56        |
|    mean_speed_kmh          | 1.15        |
|    min_ttc                 | nan         |
|    out_of_road             | 0           |
|    route_completion        | 0.168       |
|    shaped_reward           | -95.3       |
|    steering_variation      | 0.821       |
|    success                 | 0           |
|    ttc_risk                | 0           |
| rollout/                   |             |
|    ep_len_mean             | 581         |
|    ep_rew_mean             | -127        |
|    success_rate            | 0           |
| time/                      |             |
|    fps                     | 2991        |
|    iterations              | 5           |
|    time_elapsed            | 17          |
|    total_timesteps         | 51200       |
| train/                     |             |
|    approx_kl               | 0.004711666 |
|    clip_fraction           | 0.0403      |
|    clip_range              | 0.2         |
|    entropy_loss            | -2.79       |
|    explained_variance      | 0.306       |
|    learning_rate           | 0.0003      |
|    loss                    | 13.3        |
|    n_updates               | 40          |
|    policy_gradient_loss    | -0.00193    |
|    std                     | 0.976       |
|    value_loss              | 15.8        |
--------------------------------------------
--------------------------------------------
| curriculum/                |             |
|    stage                   | 0           |
|    window_cost             | 0.167       |
|    window_route_completion | 0.161       |
|    window_success          | 0           |
| paper/                     |             |
|    accel_variation         | 0.796       |
|    base_reward             | 11.8        |
|    collision               | 0           |
|    crash_object            | 0           |
|    crash_vehicle           | 0           |
|    episode_cost            | 0           |
|    episode_length          | 600         |
|    jerk                    | 0.65        |
|    lane_deviation          | 0.158       |
|    max_lane_deviation      | 0.572       |
|    mean_speed_kmh          | 1.13        |
|    min_ttc                 | nan         |
|    out_of_road             | 0           |
|    route_completion        | 0.146       |
|    shaped_reward           | -93.9       |
|    steering_variation      | 0.801       |
|    success                 | 0           |
|    ttc_risk                | 0           |
| rollout/                   |             |
|    ep_len_mean             | 584         |
|    ep_rew_mean             | -133        |
|    success_rate            | 0           |
| time/                      |             |
|    fps                     | 2948        |
|    iterations              | 6           |
|    time_elapsed            | 20          |
|    total_timesteps         | 61440       |
| train/                     |             |
|    approx_kl               | 0.006179836 |
|    clip_fraction           | 0.0206      |
|    clip_range              | 0.2         |
|    entropy_loss            | -2.79       |
|    explained_variance      | 0.418       |
|    learning_rate           | 0.0003      |
|    loss                    | 6.62        |
|    n_updates               | 50          |
|    policy_gradient_loss    | -0.00137    |
|    std                     | 0.975       |
|    value_loss              | 30.2        |
--------------------------------------------
--------------------------------------------
| curriculum/                |             |
|    stage                   | 0           |
|    window_cost             | 0.0333      |
|    window_route_completion | 0.166       |
|    window_success          | 0           |
| paper/                     |             |
|    accel_variation         | 0.77        |
|    base_reward             | 9.18        |
|    collision               | 0           |
|    crash_object            | 0           |
|    crash_vehicle           | 0           |
|    episode_cost            | 0           |
|    episode_length          | 600         |
|    jerk                    | 0.605       |
|    lane_deviation          | 0.472       |
|    max_lane_deviation      | 0.995       |
|    mean_speed_kmh          | 1.29        |
|    min_ttc                 | nan         |
|    out_of_road             | 0           |
|    route_completion        | 0.165       |
|    shaped_reward           | -165        |
|    steering_variation      | 0.763       |
|    success                 | 0           |
|    ttc_risk                | 0           |
| rollout/                   |             |
|    ep_len_mean             | 584         |
|    ep_rew_mean             | -143        |
|    success_rate            | 0           |
| time/                      |             |
|    fps                     | 2876        |
|    iterations              | 7           |
|    time_elapsed            | 24          |
|    total_timesteps         | 71680       |
| train/                     |             |
|    approx_kl               | 0.006533823 |
|    clip_fraction           | 0.0501      |
|    clip_range              | 0.2         |
|    entropy_loss            | -2.79       |
|    explained_variance      | 0.484       |
|    learning_rate           | 0.0003      |
|    loss                    | 6.43        |
|    n_updates               | 60          |
|    policy_gradient_loss    | -0.00207    |
|    std                     | 0.973       |
|    value_loss              | 20.4        |
--------------------------------------------
---------------------------------------------
| curriculum/                |              |
|    stage                   | 0            |
|    window_cost             | 0.0333       |
|    window_route_completion | 0.187        |
|    window_success          | 0            |
| paper/                     |              |
|    accel_variation         | 0.736        |
|    base_reward             | 13.1         |
|    collision               | 0            |
|    crash_object            | 0            |
|    crash_vehicle           | 0            |
|    episode_cost            | 0            |
|    episode_length          | 600          |
|    jerk                    | 0.577        |
|    lane_deviation          | 0.296        |
|    max_lane_deviation      | 0.999        |
|    mean_speed_kmh          | 1.33         |
|    min_ttc                 | nan          |
|    out_of_road             | 0            |
|    route_completion        | 0.193        |
|    shaped_reward           | -117         |
|    steering_variation      | 0.817        |
|    success                 | 0            |
|    ttc_risk                | 0            |
| rollout/                   |              |
|    ep_len_mean             | 583          |
|    ep_rew_mean             | -149         |
|    success_rate            | 0            |
| time/                      |              |
|    fps                     | 2852         |
|    iterations              | 8            |
|    time_elapsed            | 28           |
|    total_timesteps         | 81920        |
| train/                     |              |
|    approx_kl               | 0.0029153985 |
|    clip_fraction           | 0.0182       |
|    clip_range              | 0.2          |
|    entropy_loss            | -2.77        |
|    explained_variance      | 0.396        |
|    learning_rate           | 0.0003       |
|    loss                    | 7.95         |
|    n_updates               | 70           |
|    policy_gradient_loss    | -0.000323    |
|    std                     | 0.966        |
|    value_loss              | 13.9         |
---------------------------------------------
---------------------------------------------
| curriculum/                |              |
|    stage                   | 0            |
|    window_cost             | 0.0333       |
|    window_route_completion | 0.206        |
|    window_success          | 0            |
| paper/                     |              |
|    accel_variation         | 0.74         |
|    base_reward             | 7.51         |
|    collision               | 0            |
|    crash_object            | 0            |
|    crash_vehicle           | 0            |
|    episode_cost            | 0            |
|    episode_length          | 600          |
|    jerk                    | 0.589        |
|    lane_deviation          | 0.912        |
|    max_lane_deviation      | 2            |
|    mean_speed_kmh          | 1.58         |
|    min_ttc                 | nan          |
|    out_of_road             | 0            |
|    route_completion        | 0.228        |
|    shaped_reward           | -466         |
|    steering_variation      | 0.829        |
|    success                 | 0            |
|    ttc_risk                | 0            |
| rollout/                   |              |
|    ep_len_mean             | 583          |
|    ep_rew_mean             | -165         |
|    success_rate            | 0            |
| time/                      |              |
|    fps                     | 2843         |
|    iterations              | 9            |
|    time_elapsed            | 32           |
|    total_timesteps         | 92160        |
| train/                     |              |
|    approx_kl               | 0.0033134557 |
|    clip_fraction           | 0.0281       |
|    clip_range              | 0.2          |
|    entropy_loss            | -2.77        |
|    explained_variance      | 0.577        |
|    learning_rate           | 0.0003       |
|    loss                    | 9.74         |
|    n_updates               | 80           |
|    policy_gradient_loss    | -0.00164     |
|    std                     | 0.97         |
|    value_loss              | 16.4         |
---------------------------------------------
---------------------------------------------
| curriculum/                |              |
|    stage                   | 0            |
|    window_cost             | 0.1          |
|    window_route_completion | 0.238        |
|    window_success          | 0            |
| paper/                     |              |
|    accel_variation         | 0.718        |
|    base_reward             | 9.21         |
|    collision               | 0            |
|    crash_object            | 0            |
|    crash_vehicle           | 0            |
|    episode_cost            | 0            |
|    episode_length          | 600          |
|    jerk                    | 0.586        |
|    lane_deviation          | 0.615        |
|    max_lane_deviation      | 0.998        |
|    mean_speed_kmh          | 1.45         |
|    min_ttc                 | nan          |
|    out_of_road             | 0            |
|    route_completion        | 0.235        |
|    shaped_reward           | -203         |
|    steering_variation      | 0.812        |
|    success                 | 0            |
|    ttc_risk                | 0            |
| rollout/                   |              |
|    ep_len_mean             | 587          |
|    ep_rew_mean             | -181         |
|    success_rate            | 0            |
| time/                      |              |
|    fps                     | 2816         |
|    iterations              | 10           |
|    time_elapsed            | 36           |
|    total_timesteps         | 102400       |
| train/                     |              |
|    approx_kl               | 0.0048893564 |
|    clip_fraction           | 0.0265       |
|    clip_range              | 0.2          |
|    entropy_loss            | -2.78        |
|    explained_variance      | 0.664        |
|    learning_rate           | 0.0003       |
|    loss                    | 8.2          |
|    n_updates               | 90           |
|    policy_gradient_loss    | -0.00117     |
|    std                     | 0.972        |
|    value_loss              | 19.8         |
---------------------------------------------
---------------------------------------------
| curriculum/                |              |
|    stage                   | 0            |
|    window_cost             | 0.167        |
|    window_route_completion | 0.245        |
|    window_success          | 0            |
| paper/                     |              |
|    accel_variation         | 0.721        |
|    base_reward             | -4.79        |
|    collision               | 0            |
|    crash_object            | 0            |
|    crash_vehicle           | 0            |
|    episode_cost            | 1            |
|    episode_length          | 599          |
|    jerk                    | 0.581        |
|    lane_deviation          | 1.3          |
|    max_lane_deviation      | 2            |
|    mean_speed_kmh          | 1.61         |
|    min_ttc                 | nan          |
|    out_of_road             | 1            |
|    route_completion        | 0.224        |
|    shaped_reward           | -827         |
|    steering_variation      | 0.856        |
|    success                 | 0            |
|    ttc_risk                | 0            |
| rollout/                   |              |
|    ep_len_mean             | 591          |
|    ep_rew_mean             | -213         |
|    success_rate            | 0            |
| time/                      |              |
|    fps                     | 2799         |
|    iterations              | 11           |
|    time_elapsed            | 40           |
|    total_timesteps         | 112640       |
| train/                     |              |
|    approx_kl               | 0.0029861103 |
|    clip_fraction           | 0.0105       |
|    clip_range              | 0.2          |
|    entropy_loss            | -2.78        |
|    explained_variance      | 0.811        |
|    learning_rate           | 0.0003       |
|    loss                    | 8.25         |
|    n_updates               | 100          |
|    policy_gradient_loss    | -0.000873    |
|    std                     | 0.971        |
|    value_loss              | 35.6         |
---------------------------------------------
--------------------------------------------
| curriculum/                |             |
|    stage                   | 0           |
|    window_cost             | 0.1         |
|    window_route_completion | 0.227       |
|    window_success          | 0           |
| paper/                     |             |
|    accel_variation         | 0.739       |
|    base_reward             | 11.7        |
|    collision               | 0           |
|    crash_object            | 0           |
|    crash_vehicle           | 0           |
|    episode_cost            | 0           |
|    episode_length          | 600         |
|    jerk                    | 0.594       |
|    lane_deviation          | 0.461       |
|    max_lane_deviation      | 0.988       |
|    mean_speed_kmh          | 1.36        |
|    min_ttc                 | nan         |
|    out_of_road             | 0           |
|    route_completion        | 0.193       |
|    shaped_reward           | -161        |
|    steering_variation      | 0.79        |
|    success                 | 0           |
|    ttc_risk                | 0           |
| rollout/                   |             |
|    ep_len_mean             | 590         |
|    ep_rew_mean             | -222        |
|    success_rate            | 0           |
| time/                      |             |
|    fps                     | 2775        |
|    iterations              | 12          |
|    time_elapsed            | 44          |
|    total_timesteps         | 122880      |
| train/                     |             |
|    approx_kl               | 0.005011223 |
|    clip_fraction           | 0.0385      |
|    clip_range              | 0.2         |
|    entropy_loss            | -2.78       |
|    explained_variance      | 0.907       |
|    learning_rate           | 0.0003      |
|    loss                    | 9.35        |
|    n_updates               | 110         |
|    policy_gradient_loss    | -0.00398    |
|    std                     | 0.972       |
|    value_loss              | 38.2        |
--------------------------------------------
--------------------------------------------
| curriculum/                |             |
|    stage                   | 0           |
|    window_cost             | 0.233       |
|    window_route_completion | 0.198       |
|    window_success          | 0           |
| paper/                     |             |
|    accel_variation         | 0.806       |
|    base_reward             | 8.61        |
|    collision               | 0           |
|    crash_object            | 0           |
|    crash_vehicle           | 0           |
|    episode_cost            | 0           |
|    episode_length          | 600         |
|    jerk                    | 0.584       |
|    lane_deviation          | 0.382       |
|    max_lane_deviation      | 0.997       |
|    mean_speed_kmh          | 1.35        |
|    min_ttc                 | nan         |
|    out_of_road             | 0           |
|    route_completion        | 0.181       |
|    shaped_reward           | -137        |
|    steering_variation      | 0.802       |
|    success                 | 0           |
|    ttc_risk                | 0           |
| rollout/                   |             |
|    ep_len_mean             | 575         |
|    ep_rew_mean             | -219        |
|    success_rate            | 0           |
| time/                      |             |
|    fps                     | 2754        |
|    iterations              | 13          |
|    time_elapsed            | 48          |
|    total_timesteps         | 133120      |
| train/                     |             |
|    approx_kl               | 0.004485561 |
|    clip_fraction           | 0.0283      |
|    clip_range              | 0.2         |
|    entropy_loss            | -2.78       |
|    explained_variance      | 0.944       |
|    learning_rate           | 0.0003      |
|    loss                    | 9.42        |
|    n_updates               | 120         |
|    policy_gradient_loss    | -0.00133    |
|    std                     | 0.97        |
|    value_loss              | 17.6        |
--------------------------------------------
---------------------------------------------
| curriculum/                |              |
|    stage                   | 0            |
|    window_cost             | 0.233        |
|    window_route_completion | 0.204        |
|    window_success          | 0            |
| paper/                     |              |
|    accel_variation         | 0.679        |
|    base_reward             | 5.66         |
|    collision               | 0            |
|    crash_object            | 0            |
|    crash_vehicle           | 0            |
|    episode_cost            | 0            |
|    episode_length          | 600          |
|    jerk                    | 0.547        |
|    lane_deviation          | 1.17         |
|    max_lane_deviation      | 2            |
|    mean_speed_kmh          | 1.97         |
|    min_ttc                 | nan          |
|    out_of_road             | 0            |
|    route_completion        | 0.32         |
|    shaped_reward           | -586         |
|    steering_variation      | 0.841        |
|    success                 | 0            |
|    ttc_risk                | 0            |
| rollout/                   |              |
|    ep_len_mean             | 574          |
|    ep_rew_mean             | -228         |
|    success_rate            | 0            |
| time/                      |              |
|    fps                     | 2743         |
|    iterations              | 14           |
|    time_elapsed            | 52           |
|    total_timesteps         | 143360       |
| train/                     |              |
|    approx_kl               | 0.0056428714 |
|    clip_fraction           | 0.0747       |
|    clip_range              | 0.2          |
|    entropy_loss            | -2.78        |
|    explained_variance      | 0.562        |
|    learning_rate           | 0.0003       |
|    loss                    | 19.3         |
|    n_updates               | 130          |
|    policy_gradient_loss    | -0.00041     |
|    std                     | 0.976        |
|    value_loss              | 24.3         |
---------------------------------------------
--------------------------------------------
| curriculum/                |             |
|    stage                   | 0           |
|    window_cost             | 0.0667      |
|    window_route_completion | 0.222       |
|    window_success          | 0           |
| paper/                     |             |
|    accel_variation         | 0.743       |
|    base_reward             | 10.2        |
|    collision               | 0           |
|    crash_object            | 0           |
|    crash_vehicle           | 0           |
|    episode_cost            | 0           |
|    episode_length          | 600         |
|    jerk                    | 0.61        |
|    lane_deviation          | 0.467       |
|    max_lane_deviation      | 0.85        |
|    mean_speed_kmh          | 1.32        |
|    min_ttc                 | nan         |
|    out_of_road             | 0           |
|    route_completion        | 0.22        |
|    shaped_reward           | -161        |
|    steering_variation      | 0.755       |
|    success                 | 0           |
|    ttc_risk                | 0           |
| rollout/                   |             |
|    ep_len_mean             | 571         |
|    ep_rew_mean             | -220        |
|    success_rate            | 0           |
| time/                      |             |
|    fps                     | 2730        |
|    iterations              | 15          |
|    time_elapsed            | 56          |
|    total_timesteps         | 153600      |
| train/                     |             |
|    approx_kl               | 0.004153463 |
|    clip_fraction           | 0.0395      |
|    clip_range              | 0.2         |
|    entropy_loss            | -2.79       |
|    explained_variance      | 0.953       |
|    learning_rate           | 0.0003      |
|    loss                    | 9.11        |
|    n_updates               | 140         |
|    policy_gradient_loss    | -0.00341    |
|    std                     | 0.974       |
|    value_loss              | 29.3        |
--------------------------------------------
---------------------------------------------
| curriculum/                |              |
|    stage                   | 0            |
|    window_cost             | 0.0333       |
|    window_route_completion | 0.201        |
|    window_success          | 0            |
| paper/                     |              |
|    accel_variation         | 0.769        |
|    base_reward             | 9.93         |
|    collision               | 0            |
|    crash_object            | 0            |
|    crash_vehicle           | 0            |
|    episode_cost            | 0            |
|    episode_length          | 600          |
|    jerk                    | 0.618        |
|    lane_deviation          | 0.376        |
|    max_lane_deviation      | 0.997        |
|    mean_speed_kmh          | 1.23         |
|    min_ttc                 | nan          |
|    out_of_road             | 0            |
|    route_completion        | 0.157        |
|    shaped_reward           | -150         |
|    steering_variation      | 0.806        |
|    success                 | 0            |
|    ttc_risk                | 0            |
| rollout/                   |              |
|    ep_len_mean             | 576          |
|    ep_rew_mean             | -195         |
|    success_rate            | 0            |
| time/                      |              |
|    fps                     | 2722         |
|    iterations              | 16           |
|    time_elapsed            | 60           |
|    total_timesteps         | 163840       |
| train/                     |              |
|    approx_kl               | 0.0052348794 |
|    clip_fraction           | 0.0457       |
|    clip_range              | 0.2          |
|    entropy_loss            | -2.79        |
|    explained_variance      | 0.967        |
|    learning_rate           | 0.0003       |
|    loss                    | 2.92         |
|    n_updates               | 150          |
|    policy_gradient_loss    | -0.00175     |
|    std                     | 0.975        |
|    value_loss              | 6.9          |
---------------------------------------------
---------------------------------------------
| curriculum/                |              |
|    stage                   | 0            |
|    window_cost             | 0.0667       |
|    window_route_completion | 0.188        |
|    window_success          | 0            |
| paper/                     |              |
|    accel_variation         | 0.824        |
|    base_reward             | 9.38         |
|    collision               | 0            |
|    crash_object            | 0            |
|    crash_vehicle           | 0            |
|    episode_cost            | 0            |
|    episode_length          | 600          |
|    jerk                    | 0.595        |
|    lane_deviation          | 0.424        |
|    max_lane_deviation      | 0.799        |
|    mean_speed_kmh          | 1.15         |
|    min_ttc                 | nan          |
|    out_of_road             | 0            |
|    route_completion        | 0.159        |
|    shaped_reward           | -150         |
|    steering_variation      | 0.811        |
|    success                 | 0            |
|    ttc_risk                | 0            |
| rollout/                   |              |
|    ep_len_mean             | 573          |
|    ep_rew_mean             | -165         |
|    success_rate            | 0            |
| time/                      |              |
|    fps                     | 2713         |
|    iterations              | 17           |
|    time_elapsed            | 64           |
|    total_timesteps         | 174080       |
| train/                     |              |
|    approx_kl               | 0.0028718996 |
|    clip_fraction           | 0.0492       |
|    clip_range              | 0.2          |
|    entropy_loss            | -2.78        |
|    explained_variance      | 0.971        |
|    learning_rate           | 0.0003       |
|    loss                    | 4.96         |
|    n_updates               | 160          |
|    policy_gradient_loss    | -0.00226     |
|    std                     | 0.972        |
|    value_loss              | 11.2         |
---------------------------------------------
--------------------------------------------
| curriculum/                |             |
|    stage                   | 0           |
|    window_cost             | 0.133       |
|    window_route_completion | 0.2         |
|    window_success          | 0           |
| paper/                     |             |
|    accel_variation         | 0.719       |
|    base_reward             | -9.07       |
|    collision               | 0           |
|    crash_object            | 0           |
|    crash_vehicle           | 0           |
|    episode_cost            | 1           |
|    episode_length          | 212         |
|    jerk                    | 0.526       |
|    lane_deviation          | 0.691       |
|    max_lane_deviation      | 1.03        |
|    mean_speed_kmh          | 1.44        |
|    min_ttc                 | nan         |
|    out_of_road             | 1           |
|    route_completion        | 0.11        |
|    shaped_reward           | -188        |
|    steering_variation      | 0.809       |
|    success                 | 0           |
|    ttc_risk                | 0           |
| rollout/                   |             |
|    ep_len_mean             | 571         |
|    ep_rew_mean             | -175        |
|    success_rate            | 0           |
| time/                      |             |
|    fps                     | 2700        |
|    iterations              | 18          |
|    time_elapsed            | 68          |
|    total_timesteps         | 184320      |
| train/                     |             |
|    approx_kl               | 0.005552654 |
|    clip_fraction           | 0.0498      |
|    clip_range              | 0.2         |
|    entropy_loss            | -2.78       |
|    explained_variance      | 0.954       |
|    learning_rate           | 0.0003      |
|    loss                    | 6.55        |
|    n_updates               | 170         |
|    policy_gradient_loss    | -0.00186    |
|    std                     | 0.969       |
|    value_loss              | 13.9        |
--------------------------------------------
---------------------------------------------
| curriculum/                |              |
|    stage                   | 0            |
|    window_cost             | 0.0667       |
|    window_route_completion | 0.22         |
|    window_success          | 0            |
| paper/                     |              |
|    accel_variation         | 0.738        |
|    base_reward             | 16.3         |
|    collision               | 0            |
|    crash_object            | 0            |
|    crash_vehicle           | 0            |
|    episode_cost            | 0            |
|    episode_length          | 600          |
|    jerk                    | 0.594        |
|    lane_deviation          | 0.202        |
|    max_lane_deviation      | 0.359        |
|    mean_speed_kmh          | 1.36         |
|    min_ttc                 | nan          |
|    out_of_road             | 0            |
|    route_completion        | 0.209        |
|    shaped_reward           | -79.2        |
|    steering_variation      | 0.749        |
|    success                 | 0            |
|    ttc_risk                | 0            |
| rollout/                   |              |
|    ep_len_mean             | 589          |
|    ep_rew_mean             | -179         |
|    success_rate            | 0            |
| time/                      |              |
|    fps                     | 2705         |
|    iterations              | 19           |
|    time_elapsed            | 71           |
|    total_timesteps         | 194560       |
| train/                     |              |
|    approx_kl               | 0.0038791404 |
|    clip_fraction           | 0.0492       |
|    clip_range              | 0.2          |
|    entropy_loss            | -2.78        |
|    explained_variance      | 0.974        |
|    learning_rate           | 0.0003       |
|    loss                    | 11.2         |
|    n_updates               | 180          |
|    policy_gradient_loss    | -0.00296     |
|    std                     | 0.971        |
|    value_loss              | 16.7         |
---------------------------------------------
--------------------------------------------
| curriculum/                |             |
|    stage                   | 0           |
|    window_cost             | 0.0667      |
|    window_route_completion | 0.229       |
|    window_success          | 0           |
| paper/                     |             |
|    accel_variation         | 0.686       |
|    base_reward             | 18          |
|    collision               | 0           |
|    crash_object            | 0           |
|    crash_vehicle           | 0           |
|    episode_cost            | 0           |
|    episode_length          | 600         |
|    jerk                    | 0.581       |
|    lane_deviation          | 0.234       |
|    max_lane_deviation      | 0.99        |
|    mean_speed_kmh          | 1.56        |
|    min_ttc                 | nan         |
|    out_of_road             | 0           |
|    route_completion        | 0.224       |
|    shaped_reward           | -88.6       |
|    steering_variation      | 0.756       |
|    success                 | 0           |
|    ttc_risk                | 0           |
| rollout/                   |             |
|    ep_len_mean             | 586         |
|    ep_rew_mean             | -160        |
|    success_rate            | 0           |
| time/                      |             |
|    fps                     | 2692        |
|    iterations              | 20          |
|    time_elapsed            | 76          |
|    total_timesteps         | 204800      |
| train/                     |             |
|    approx_kl               | 0.014076972 |
|    clip_fraction           | 0.151       |
|    clip_range              | 0.2         |
|    entropy_loss            | -2.76       |
|    explained_variance      | 0.968       |
|    learning_rate           | 0.0003      |
|    loss                    | 3.31        |
|    n_updates               | 190         |
|    policy_gradient_loss    | -0.00409    |
|    std                     | 0.955       |
|    value_loss              | 7           |
--------------------------------------------
--------------------------------------------
| curriculum/                |             |
|    stage                   | 0           |
|    window_cost             | 0.133       |
|    window_route_completion | 0.238       |
|    window_success          | 0           |
| paper/                     |             |
|    accel_variation         | 0.697       |
|    base_reward             | 18.3        |
|    collision               | 0           |
|    crash_object            | 0           |
|    crash_vehicle           | 0           |
|    episode_cost            | 0           |
|    episode_length          | 600         |
|    jerk                    | 0.54        |
|    lane_deviation          | 0.35        |
|    max_lane_deviation      | 0.996       |
|    mean_speed_kmh          | 1.79        |
|    min_ttc                 | nan         |
|    out_of_road             | 0           |
|    route_completion        | 0.299       |
|    shaped_reward           | -118        |
|    steering_variation      | 0.769       |
|    success                 | 0           |
|    ttc_risk                | 0           |
| rollout/                   |             |
|    ep_len_mean             | 586         |
|    ep_rew_mean             | -164        |
|    success_rate            | 0           |
| time/                      |             |
|    fps                     | 2685        |
|    iterations              | 21          |
|    time_elapsed            | 80          |
|    total_timesteps         | 215040      |
| train/                     |             |
|    approx_kl               | 0.004506011 |
|    clip_fraction           | 0.0414      |
|    clip_range              | 0.2         |
|    entropy_loss            | -2.74       |
|    explained_variance      | 0.909       |
|    learning_rate           | 0.0003      |
|    loss                    | 4.26        |
|    n_updates               | 200         |
|    policy_gradient_loss    | -0.00148    |
|    std                     | 0.948       |
|    value_loss              | 8.71        |
--------------------------------------------
--------------------------------------------
| curriculum/                |             |
|    stage                   | 0           |
|    window_cost             | 0.0333      |
|    window_route_completion | 0.259       |
|    window_success          | 0           |
| paper/                     |             |
|    accel_variation         | 0.734       |
|    base_reward             | 22          |
|    collision               | 0           |
|    crash_object            | 0           |
|    crash_vehicle           | 0           |
|    episode_cost            | 0           |
|    episode_length          | 600         |
|    jerk                    | 0.572       |
|    lane_deviation          | 0.158       |
|    max_lane_deviation      | 0.305       |
|    mean_speed_kmh          | 1.66        |
|    min_ttc                 | nan         |
|    out_of_road             | 0           |
|    route_completion        | 0.307       |
|    shaped_reward           | -60         |
|    steering_variation      | 0.777       |
|    success                 | 0           |
|    ttc_risk                | 0           |
| rollout/                   |             |
|    ep_len_mean             | 586         |
|    ep_rew_mean             | -152        |
|    success_rate            | 0           |
| time/                      |             |
|    fps                     | 2681        |
|    iterations              | 22          |
|    time_elapsed            | 84          |
|    total_timesteps         | 225280      |
| train/                     |             |
|    approx_kl               | 0.006447303 |
|    clip_fraction           | 0.111       |
|    clip_range              | 0.2         |
|    entropy_loss            | -2.72       |
|    explained_variance      | 0.96        |
|    learning_rate           | 0.0003      |
|    loss                    | 1.87        |
|    n_updates               | 210         |
|    policy_gradient_loss    | -0.00234    |
|    std                     | 0.943       |
|    value_loss              | 7.71        |
--------------------------------------------
--------------------------------------------
| curriculum/                |             |
|    stage                   | 0           |
|    window_cost             | 0.0333      |
|    window_route_completion | 0.293       |
|    window_success          | 0           |
| paper/                     |             |
|    accel_variation         | 0.651       |
|    base_reward             | 21          |
|    collision               | 0           |
|    crash_object            | 0           |
|    crash_vehicle           | 0           |
|    episode_cost            | 0           |
|    episode_length          | 600         |
|    jerk                    | 0.522       |
|    lane_deviation          | 0.412       |
|    max_lane_deviation      | 0.975       |
|    mean_speed_kmh          | 2.14        |
|    min_ttc                 | nan         |
|    out_of_road             | 0           |
|    route_completion        | 0.375       |
|    shaped_reward           | -121        |
|    steering_variation      | 0.783       |
|    success                 | 0           |
|    ttc_risk                | 0           |
| rollout/                   |             |
|    ep_len_mean             | 588         |
|    ep_rew_mean             | -138        |
|    success_rate            | 0           |
| time/                      |             |
|    fps                     | 2675        |
|    iterations              | 23          |
|    time_elapsed            | 88          |
|    total_timesteps         | 235520      |
| train/                     |             |
|    approx_kl               | 0.007029186 |
|    clip_fraction           | 0.208       |
|    clip_range              | 0.2         |
|    entropy_loss            | -2.71       |
|    explained_variance      | 0.915       |
|    learning_rate           | 0.0003      |
|    loss                    | 2.44        |
|    n_updates               | 220         |
|    policy_gradient_loss    | 0.00796     |
|    std                     | 0.938       |
|    value_loss              | 4.21        |
--------------------------------------------
---------------------------------------------
| curriculum/                |              |
|    stage                   | 0            |
|    window_cost             | 0.0333       |
|    window_route_completion | 0.355        |
|    window_success          | 0            |
| paper/                     |              |
|    accel_variation         | 0.623        |
|    base_reward             | 34           |
|    collision               | 0            |
|    crash_object            | 0            |
|    crash_vehicle           | 0            |
|    episode_cost            | 0            |
|    episode_length          | 600          |
|    jerk                    | 0.493        |
|    lane_deviation          | 0.15         |
|    max_lane_deviation      | 0.382        |
|    mean_speed_kmh          | 2.51         |
|    min_ttc                 | nan          |
|    out_of_road             | 0            |
|    route_completion        | 0.405        |
|    shaped_reward           | -37.2        |
|    steering_variation      | 0.743        |
|    success                 | 0            |
|    ttc_risk                | 0            |
| rollout/                   |              |
|    ep_len_mean             | 592          |
|    ep_rew_mean             | -112         |
|    success_rate            | 0            |
| time/                      |              |
|    fps                     | 2678         |
|    iterations              | 24           |
|    time_elapsed            | 91           |
|    total_timesteps         | 245760       |
| train/                     |              |
|    approx_kl               | 0.0125133125 |
|    clip_fraction           | 0.168        |
|    clip_range              | 0.2          |
|    entropy_loss            | -2.68        |
|    explained_variance      | 0.894        |
|    learning_rate           | 0.0003       |
|    loss                    | 3.2          |
|    n_updates               | 230          |
|    policy_gradient_loss    | -0.00396     |
|    std                     | 0.918        |
|    value_loss              | 7.55         |
---------------------------------------------
--------------------------------------------
| curriculum/                |             |
|    stage                   | 0           |
|    window_cost             | 0           |
|    window_route_completion | 0.434       |
|    window_success          | 0           |
| paper/                     |             |
|    accel_variation         | 0.585       |
|    base_reward             | 33.8        |
|    collision               | 0           |
|    crash_object            | 0           |
|    crash_vehicle           | 0           |
|    episode_cost            | 0           |
|    episode_length          | 600         |
|    jerk                    | 0.5         |
|    lane_deviation          | 0.289       |
|    max_lane_deviation      | 0.99        |
|    mean_speed_kmh          | 3.03        |
|    min_ttc                 | nan         |
|    out_of_road             | 0           |
|    route_completion        | 0.505       |
|    shaped_reward           | -59.5       |
|    steering_variation      | 0.751       |
|    success                 | 0           |
|    ttc_risk                | 0           |
| rollout/                   |             |
|    ep_len_mean             | 592         |
|    ep_rew_mean             | -99.2       |
|    success_rate            | 0           |
| time/                      |             |
|    fps                     | 2678        |
|    iterations              | 25          |
|    time_elapsed            | 95          |
|    total_timesteps         | 256000      |
| train/                     |             |
|    approx_kl               | 0.028467137 |
|    clip_fraction           | 0.222       |
|    clip_range              | 0.2         |
|    entropy_loss            | -2.63       |
|    explained_variance      | 0.762       |
|    learning_rate           | 0.0003      |
|    loss                    | 1.94        |
|    n_updates               | 240         |
|    policy_gradient_loss    | 0.000852    |
|    std                     | 0.89        |
|    value_loss              | 5           |
--------------------------------------------
-------------------------------------------
| curriculum/                |            |
|    stage                   | 0          |
|    window_cost             | 0          |
|    window_route_completion | 0.496      |
|    window_success          | 0          |
| paper/                     |            |
|    accel_variation         | 0.518      |
|    base_reward             | 42.2       |
|    collision               | 0          |
|    crash_object            | 0          |
|    crash_vehicle           | 0          |
|    episode_cost            | 0          |
|    episode_length          | 600        |
|    jerk                    | 0.431      |
|    lane_deviation          | 0.447      |
|    max_lane_deviation      | 1.14       |
|    mean_speed_kmh          | 4.85       |
|    min_ttc                 | nan        |
|    out_of_road             | 0          |
|    route_completion        | 0.834      |
|    shaped_reward           | -76.1      |
|    steering_variation      | 0.758      |
|    success                 | 0          |
|    ttc_risk                | 0          |
| rollout/                   |            |
|    ep_len_mean             | 595        |
|    ep_rew_mean             | -82.4      |
|    success_rate            | 0          |
| time/                      |            |
|    fps                     | 2672       |
|    iterations              | 26         |
|    time_elapsed            | 99         |
|    total_timesteps         | 266240     |
| train/                     |            |
|    approx_kl               | 0.13294438 |
|    clip_fraction           | 0.289      |
|    clip_range              | 0.2        |
|    entropy_loss            | -2.56      |
|    explained_variance      | 0.776      |
|    learning_rate           | 0.0003     |
|    loss                    | 1.5        |
|    n_updates               | 250        |
|    policy_gradient_loss    | -0.00879   |
|    std                     | 0.859      |
|    value_loss              | 3.77       |
-------------------------------------------
--------------------------------------------
| curriculum/                |             |
|    stage                   | 1           |
|    window_cost             | 0           |
|    window_route_completion | 0.609       |
|    window_success          | 0           |
| paper/                     |             |
|    accel_variation         | 0.392       |
|    base_reward             | -2.67       |
|    collision               | 0           |
|    crash_object            | 0           |
|    crash_vehicle           | 0           |
|    episode_cost            | 1           |
|    episode_length          | 68          |
|    jerk                    | 0.344       |
|    lane_deviation          | 0.233       |
|    max_lane_deviation      | 1.03        |
|    mean_speed_kmh          | 7.14        |
|    min_ttc                 | nan         |
|    out_of_road             | 1           |
|    route_completion        | 0.135       |
|    shaped_reward           | -104        |
|    steering_variation      | 0.646       |
|    success                 | 0           |
|    ttc_risk                | 0           |
| rollout/                   |             |
|    ep_len_mean             | 592         |
|    ep_rew_mean             | -66.4       |
|    success_rate            | 0           |
| time/                      |             |
|    fps                     | 2664        |
|    iterations              | 27          |
|    time_elapsed            | 103         |
|    total_timesteps         | 276480      |
| train/                     |             |
|    approx_kl               | 0.012028154 |
|    clip_fraction           | 0.16        |
|    clip_range              | 0.2         |
|    entropy_loss            | -2.51       |
|    explained_variance      | 0.802       |
|    learning_rate           | 0.0003      |
|    loss                    | 2.44        |
|    n_updates               | 260         |
|    policy_gradient_loss    | -0.0139     |
|    std                     | 0.84        |
|    value_loss              | 5.77        |
--------------------------------------------
------------------------------------------
| paper/                  |              |
|    accel_variation      | 0.434        |
|    base_reward          | 126          |
|    collision            | 0            |
|    crash_object         | 0            |
|    crash_vehicle        | 0            |
|    episode_cost         | 0            |
|    episode_length       | 800          |
|    jerk                 | 0.381        |
|    lane_deviation       | 0.282        |
|    max_lane_deviation   | 0.998        |
|    mean_speed_kmh       | 8            |
|    min_ttc              | nan          |
|    out_of_road          | 0            |
|    route_completion     | 0.45         |
|    shaped_reward        | 4.86         |
|    steering_variation   | 0.696        |
|    success              | 0            |
|    ttc_risk             | 0            |
| rollout/                |              |
|    ep_len_mean          | 613          |
|    ep_rew_mean          | -49.4        |
|    success_rate         | 0.07         |
| time/                   |              |
|    fps                  | 2612         |
|    iterations           | 28           |
|    time_elapsed         | 109          |
|    total_timesteps      | 286720       |
| train/                  |              |
|    approx_kl            | 0.0094193835 |
|    clip_fraction        | 0.176        |
|    clip_range           | 0.2          |
|    entropy_loss         | -2.46        |
|    explained_variance   | 0.5          |
|    learning_rate        | 0.0003       |
|    loss                 | 11.5         |
|    n_updates            | 270          |
|    policy_gradient_loss | -0.00726     |
|    std                  | 0.821        |
|    value_loss           | 10.8         |
------------------------------------------
----------------------------------------
| paper/                  |            |
|    accel_variation      | 0.463      |
|    base_reward          | 87.4       |
|    collision            | 0          |
|    crash_object         | 0          |
|    crash_vehicle        | 0          |
|    episode_cost         | 0          |
|    episode_length       | 800        |
|    jerk                 | 0.373      |
|    lane_deviation       | 0.396      |
|    max_lane_deviation   | 0.957      |
|    mean_speed_kmh       | 6.57       |
|    min_ttc              | nan        |
|    out_of_road          | 0          |
|    route_completion     | 0.436      |
|    shaped_reward        | -51.8      |
|    steering_variation   | 0.738      |
|    success              | 0          |
|    ttc_risk             | 0          |
| rollout/                |            |
|    ep_len_mean          | 642        |
|    ep_rew_mean          | -41.8      |
|    success_rate         | 0.07       |
| time/                   |            |
|    fps                  | 2558       |
|    iterations           | 29         |
|    time_elapsed         | 116        |
|    total_timesteps      | 296960     |
| train/                  |            |
|    approx_kl            | 0.01020588 |
|    clip_fraction        | 0.164      |
|    clip_range           | 0.2        |
|    entropy_loss         | -2.4       |
|    explained_variance   | 0.0163     |
|    learning_rate        | 0.0003     |
|    loss                 | 14.5       |
|    n_updates            | 280        |
|    policy_gradient_loss | -0.00161   |
|    std                  | 0.797      |
|    value_loss           | 23.9       |
----------------------------------------
--------------------------------------------
| curriculum/                |             |
|    stage                   | 0           |
|    window_cost             | 0.2         |
|    window_route_completion | 0.37        |
|    window_success          | 0           |
| paper/                     |             |
|    accel_variation         | 0.405       |
|    base_reward             | 8.38        |
|    collision               | 0           |
|    crash_object            | 0           |
|    crash_vehicle           | 0           |
|    episode_cost            | 1           |
|    episode_length          | 225         |
|    jerk                    | 0.375       |
|    lane_deviation          | 0.42        |
|    max_lane_deviation      | 1.03        |
|    mean_speed_kmh          | 7.21        |
|    min_ttc                 | nan         |
|    out_of_road             | 1           |
|    route_completion        | 0.539       |
|    shaped_reward           | -113        |
|    steering_variation      | 0.635       |
|    success                 | 0           |
|    ttc_risk                | 0           |
| rollout/                   |             |
|    ep_len_mean             | 616         |
|    ep_rew_mean             | -39.7       |
|    success_rate            | 0.07        |
| time/                      |             |
|    fps                     | 2509        |
|    iterations              | 30          |
|    time_elapsed            | 122         |
|    total_timesteps         | 307200      |
| train/                     |             |
|    approx_kl               | 0.016043529 |
|    clip_fraction           | 0.161       |
|    clip_range              | 0.2         |
|    entropy_loss            | -2.36       |
|    explained_variance      | 0.522       |
|    learning_rate           | 0.0003      |
|    loss                    | 1.45        |
|    n_updates               | 290         |
|    policy_gradient_loss    | 0.0044      |
|    std                     | 0.782       |
|    value_loss              | 3.65        |
--------------------------------------------
--------------------------------------------
| curriculum/                |             |
|    stage                   | 0           |
|    window_cost             | 0.267       |
|    window_route_completion | 0.802       |
|    window_success          | 0.667       |
| paper/                     |             |
|    accel_variation         | 0.397       |
|    base_reward             | 66.8        |
|    collision               | 0           |
|    crash_object            | 0           |
|    crash_vehicle           | 0           |
|    episode_cost            | 0           |
|    episode_length          | 420         |
|    jerk                    | 0.33        |
|    lane_deviation          | 0.417       |
|    max_lane_deviation      | 0.981       |
|    mean_speed_kmh          | 8.42        |
|    min_ttc                 | nan         |
|    out_of_road             | 0           |
|    route_completion        | 0.954       |
|    shaped_reward           | 48.4        |
|    steering_variation      | 0.695       |
|    success                 | 1           |
|    ttc_risk                | 0           |
| rollout/                   |             |
|    ep_len_mean             | 563         |
|    ep_rew_mean             | -20.3       |
|    success_rate            | 0.27        |
| time/                      |             |
|    fps                     | 2506        |
|    iterations              | 31          |
|    time_elapsed            | 126         |
|    total_timesteps         | 317440      |
| train/                     |             |
|    approx_kl               | 0.009901015 |
|    clip_fraction           | 0.18        |
|    clip_range              | 0.2         |
|    entropy_loss            | -2.34       |
|    explained_variance      | 0.148       |
|    learning_rate           | 0.0003      |
|    loss                    | 33          |
|    n_updates               | 300         |
|    policy_gradient_loss    | -0.00361    |
|    std                     | 0.781       |
|    value_loss              | 60          |
--------------------------------------------
--------------------------------------------
| curriculum/                |             |
|    stage                   | 1           |
|    window_cost             | 0.233       |
|    window_route_completion | 0.825       |
|    window_success          | 0.7         |
| paper/                     |             |
|    accel_variation         | 0.429       |
|    base_reward             | 161         |
|    collision               | 0           |
|    crash_object            | 0           |
|    crash_vehicle           | 0           |
|    episode_cost            | 0           |
|    episode_length          | 800         |
|    jerk                    | 0.352       |
|    lane_deviation          | 0.203       |
|    max_lane_deviation      | 0.993       |
|    mean_speed_kmh          | 9.02        |
|    min_ttc                 | nan         |
|    out_of_road             | 0           |
|    route_completion        | 0.631       |
|    shaped_reward           | 54.7        |
|    steering_variation      | 0.721       |
|    success                 | 0           |
|    ttc_risk                | 0           |
| rollout/                   |             |
|    ep_len_mean             | 552         |
|    ep_rew_mean             | -5.05       |
|    success_rate            | 0.38        |
| time/                      |             |
|    fps                     | 2479        |
|    iterations              | 32          |
|    time_elapsed            | 132         |
|    total_timesteps         | 327680      |
| train/                     |             |
|    approx_kl               | 0.010077587 |
|    clip_fraction           | 0.151       |
|    clip_range              | 0.2         |
|    entropy_loss            | -2.34       |
|    explained_variance      | 0.284       |
|    learning_rate           | 0.0003      |
|    loss                    | 52.9        |
|    n_updates               | 310         |
|    policy_gradient_loss    | -0.00645    |
|    std                     | 0.78        |
|    value_loss              | 81.5        |
--------------------------------------------
---------------------------------------
| paper/                  |           |
|    accel_variation      | 0.395     |
|    base_reward          | 152       |
|    collision            | 0         |
|    crash_object         | 0         |
|    crash_vehicle        | 0         |
|    episode_cost         | 0         |
|    episode_length       | 800       |
|    jerk                 | 0.339     |
|    lane_deviation       | 0.34      |
|    max_lane_deviation   | 0.998     |
|    mean_speed_kmh       | 10.5      |
|    min_ttc              | nan       |
|    out_of_road          | 0         |
|    route_completion     | 0.83      |
|    shaped_reward        | 15.5      |
|    steering_variation   | 0.656     |
|    success              | 0         |
|    ttc_risk             | 0         |
| rollout/                |           |
|    ep_len_mean          | 582       |
|    ep_rew_mean          | -2.07     |
|    success_rate         | 0.35      |
| time/                   |           |
|    fps                  | 2438      |
|    iterations           | 33        |
|    time_elapsed         | 138       |
|    total_timesteps      | 337920    |
| train/                  |           |
|    approx_kl            | 0.1039983 |
|    clip_fraction        | 0.213     |
|    clip_range           | 0.2       |
|    entropy_loss         | -2.33     |
|    explained_variance   | 0.693     |
|    learning_rate        | 0.0003    |
|    loss                 | 12.5      |
|    n_updates            | 320       |
|    policy_gradient_loss | 0.00201   |
|    std                  | 0.777     |
|    value_loss           | 15.5      |
---------------------------------------
--------------------------------------------
| curriculum/                |             |
|    stage                   | 1           |
|    window_cost             | 0.0333      |
|    window_route_completion | 0.601       |
|    window_success          | 0.0667      |
| paper/                     |             |
|    accel_variation         | 0.441       |
|    base_reward             | 11.2        |
|    collision               | 0           |
|    crash_object            | 0           |
|    crash_vehicle           | 0           |
|    episode_cost            | 1           |
|    episode_length          | 154         |
|    jerk                    | 0.384       |
|    lane_deviation          | 0.186       |
|    max_lane_deviation      | 1.03        |
|    mean_speed_kmh          | 6.63        |
|    min_ttc                 | nan         |
|    out_of_road             | 1           |
|    route_completion        | 0.0691      |
|    shaped_reward           | -101        |
|    steering_variation      | 0.702       |
|    success                 | 0           |
|    ttc_risk                | 0           |
| rollout/                   |             |
|    ep_len_mean             | 581         |
|    ep_rew_mean             | 2.83        |
|    success_rate            | 0.33        |
| time/                      |             |
|    fps                     | 2403        |
|    iterations              | 34          |
|    time_elapsed            | 144         |
|    total_timesteps         | 348160      |
| train/                     |             |
|    approx_kl               | 0.009793611 |
|    clip_fraction           | 0.148       |
|    clip_range              | 0.2         |
|    entropy_loss            | -2.32       |
|    explained_variance      | 0.637       |
|    learning_rate           | 0.0003      |
|    loss                    | 6.81        |
|    n_updates               | 330         |
|    policy_gradient_loss    | -0.00469    |
|    std                     | 0.769       |
|    value_loss              | 8.42        |
--------------------------------------------
--------------------------------------------
| curriculum/                |             |
|    stage                   | 1           |
|    window_cost             | 0.1         |
|    window_route_completion | 0.606       |
|    window_success          | 0.1         |
| paper/                     |             |
|    accel_variation         | 0.392       |
|    base_reward             | 65.8        |
|    collision               | 0           |
|    crash_object            | 0           |
|    crash_vehicle           | 0           |
|    episode_cost            | 1           |
|    episode_length          | 449         |
|    jerk                    | 0.35        |
|    lane_deviation          | 0.398       |
|    max_lane_deviation      | 1.99        |
|    mean_speed_kmh          | 11.3        |
|    min_ttc                 | nan         |
|    out_of_road             | 1           |
|    route_completion        | 0.326       |
|    shaped_reward           | -127        |
|    steering_variation      | 0.64        |
|    success                 | 0           |
|    ttc_risk                | 0           |
| rollout/                   |             |
|    ep_len_mean             | 579         |
|    ep_rew_mean             | 9.96        |
|    success_rate            | 0.34        |
| time/                      |             |
|    fps                     | 2370        |
|    iterations              | 35          |
|    time_elapsed            | 151         |
|    total_timesteps         | 358400      |
| train/                     |             |
|    approx_kl               | 0.045752615 |
|    clip_fraction           | 0.299       |
|    clip_range              | 0.2         |
|    entropy_loss            | -2.28       |
|    explained_variance      | 0.551       |
|    learning_rate           | 0.0003      |
|    loss                    | 3.87        |
|    n_updates               | 340         |
|    policy_gradient_loss    | 0.0218      |
|    std                     | 0.752       |
|    value_loss              | 8.42        |
--------------------------------------------
---------------------------------------------
| curriculum/                |              |
|    stage                   | 0            |
|    window_cost             | 0.1          |
|    window_route_completion | 0.577        |
|    window_success          | 0.0333       |
| paper/                     |              |
|    accel_variation         | 0.363        |
|    base_reward             | 97.6         |
|    collision               | 0            |
|    crash_object            | 0            |
|    crash_vehicle           | 0            |
|    episode_cost            | 0            |
|    episode_length          | 319          |
|    jerk                    | 0.303        |
|    lane_deviation          | 0.377        |
|    max_lane_deviation      | 1.04         |
|    mean_speed_kmh          | 13.8         |
|    min_ttc                 | nan          |
|    out_of_road             | 0            |
|    route_completion        | 0.964        |
|    shaped_reward           | 77.5         |
|    steering_variation      | 0.658        |
|    success                 | 1            |
|    ttc_risk                | 0            |
| rollout/                   |              |
|    ep_len_mean             | 596          |
|    ep_rew_mean             | 28.9         |
|    success_rate            | 0.4          |
| time/                      |              |
|    fps                     | 2346         |
|    iterations              | 36           |
|    time_elapsed            | 157          |
|    total_timesteps         | 368640       |
| train/                     |              |
|    approx_kl               | 0.0064758332 |
|    clip_fraction           | 0.0994       |
|    clip_range              | 0.2          |
|    entropy_loss            | -2.25        |
|    explained_variance      | 0.622        |
|    learning_rate           | 0.0003       |
|    loss                    | 5.92         |
|    n_updates               | 350          |
|    policy_gradient_loss    | -0.00581     |
|    std                     | 0.744        |
|    value_loss              | 21.5         |
---------------------------------------------
--------------------------------------------
| curriculum/                |             |
|    stage                   | 1           |
|    window_cost             | 0.0333      |
|    window_route_completion | 0.819       |
|    window_success          | 0.667       |
| paper/                     |             |
|    accel_variation         | 0.35        |
|    base_reward             | 84.5        |
|    collision               | 0           |
|    crash_object            | 0           |
|    crash_vehicle           | 0           |
|    episode_cost            | 0           |
|    episode_length          | 318         |
|    jerk                    | 0.311       |
|    lane_deviation          | 0.282       |
|    max_lane_deviation      | 0.974       |
|    mean_speed_kmh          | 10.5        |
|    min_ttc                 | nan         |
|    out_of_road             | 0           |
|    route_completion        | 0.953       |
|    shaped_reward           | 81.6        |
|    steering_variation      | 0.672       |
|    success                 | 1           |
|    ttc_risk                | 0           |
| rollout/                   |             |
|    ep_len_mean             | 578         |
|    ep_rew_mean             | 42          |
|    success_rate            | 0.44        |
| time/                      |             |
|    fps                     | 2328        |
|    iterations              | 37          |
|    time_elapsed            | 162         |
|    total_timesteps         | 378880      |
| train/                     |             |
|    approx_kl               | 0.011458334 |
|    clip_fraction           | 0.0908      |
|    clip_range              | 0.2         |
|    entropy_loss            | -2.23       |
|    explained_variance      | 0.744       |
|    learning_rate           | 0.0003      |
|    loss                    | 4.39        |
|    n_updates               | 360         |
|    policy_gradient_loss    | -0.00266    |
|    std                     | 0.735       |
|    value_loss              | 18.8        |
--------------------------------------------
------------------------------------------
| paper/                  |              |
|    accel_variation      | 0.371        |
|    base_reward          | 227          |
|    collision            | 0            |
|    crash_object         | 0            |
|    crash_vehicle        | 0            |
|    episode_cost         | 0            |
|    episode_length       | 800          |
|    jerk                 | 0.327        |
|    lane_deviation       | 0.287        |
|    max_lane_deviation   | 1.34         |
|    mean_speed_kmh       | 14.1         |
|    min_ttc              | nan          |
|    out_of_road          | 0            |
|    route_completion     | 0.734        |
|    shaped_reward        | 66.2         |
|    steering_variation   | 0.646        |
|    success              | 0            |
|    ttc_risk             | 0            |
| rollout/                |              |
|    ep_len_mean          | 602          |
|    ep_rew_mean          | 41.8         |
|    success_rate         | 0.37         |
| time/                   |              |
|    fps                  | 2300         |
|    iterations           | 38           |
|    time_elapsed         | 169          |
|    total_timesteps      | 389120       |
| train/                  |              |
|    approx_kl            | 0.0054972493 |
|    clip_fraction        | 0.129        |
|    clip_range           | 0.2          |
|    entropy_loss         | -2.2         |
|    explained_variance   | 0.9          |
|    learning_rate        | 0.0003       |
|    loss                 | 5.16         |
|    n_updates            | 370          |
|    policy_gradient_loss | 0.00261      |
|    std                  | 0.723        |
|    value_loss           | 9.4          |
------------------------------------------
-------------------------------------------
| curriculum/                |            |
|    stage                   | 2          |
|    window_cost             | 0.1        |
|    window_route_completion | 0.825      |
|    window_success          | 0.467      |
| paper/                     |            |
|    accel_variation         | 0.316      |
|    base_reward             | 285        |
|    collision               | 0          |
|    crash_object            | 0          |
|    crash_vehicle           | 0          |
|    episode_cost            | 0          |
|    episode_length          | 816        |
|    jerk                    | 0.286      |
|    lane_deviation          | 0.322      |
|    max_lane_deviation      | 1.04       |
|    mean_speed_kmh          | 17.2       |
|    min_ttc                 | nan        |
|    out_of_road             | 0          |
|    route_completion        | 0.989      |
|    shaped_reward           | 133        |
|    steering_variation      | 0.645      |
|    success                 | 1          |
|    ttc_risk                | 0          |
| rollout/                   |            |
|    ep_len_mean             | 587        |
|    ep_rew_mean             | 47.8       |
|    success_rate            | 0.44       |
| time/                      |            |
|    fps                     | 2236       |
|    iterations              | 39         |
|    time_elapsed            | 178        |
|    total_timesteps         | 399360     |
| train/                     |            |
|    approx_kl               | 0.00611994 |
|    clip_fraction           | 0.11       |
|    clip_range              | 0.2        |
|    entropy_loss            | -2.17      |
|    explained_variance      | 0.686      |
|    learning_rate           | 0.0003     |
|    loss                    | 15.7       |
|    n_updates               | 380        |
|    policy_gradient_loss    | -0.000274  |
|    std                     | 0.716      |
|    value_loss              | 26.5       |
-------------------------------------------
-----------------------------------------
| paper/                  |             |
|    accel_variation      | 0.375       |
|    base_reward          | 259         |
|    collision            | 0           |
|    crash_object         | 0           |
|    crash_vehicle        | 0           |
|    episode_cost         | 1           |
|    episode_length       | 906         |
|    jerk                 | 0.324       |
|    lane_deviation       | 0.294       |
|    max_lane_deviation   | 1.59        |
|    mean_speed_kmh       | 15.1        |
|    min_ttc              | 3.2         |
|    out_of_road          | 1           |
|    route_completion     | 0.667       |
|    shaped_reward        | -32         |
|    steering_variation   | 0.601       |
|    success              | 0           |
|    ttc_risk             | 0.00117     |
| rollout/                |             |
|    ep_len_mean          | 593         |
|    ep_rew_mean          | 48.7        |
|    success_rate         | 0.46        |
| time/                   |             |
|    fps                  | 2149        |
|    iterations           | 40          |
|    time_elapsed         | 190         |
|    total_timesteps      | 409600      |
| train/                  |             |
|    approx_kl            | 0.008800769 |
|    clip_fraction        | 0.0677      |
|    clip_range           | 0.2         |
|    entropy_loss         | -2.15       |
|    explained_variance   | 0.763       |
|    learning_rate        | 0.0003      |
|    loss                 | 4.81        |
|    n_updates            | 390         |
|    policy_gradient_loss | -0.00211    |
|    std                  | 0.707       |
|    value_loss           | 20.8        |
-----------------------------------------
-------------------------------------------
| curriculum/                |            |
|    stage                   | 3          |
|    window_cost             | 0.3        |
|    window_route_completion | 0.714      |
|    window_success          | 0.367      |
| paper/                     |            |
|    accel_variation         | 0.355      |
|    base_reward             | 313        |
|    collision               | 0          |
|    crash_object            | 0          |
|    crash_vehicle           | 0          |
|    episode_cost            | 0          |
|    episode_length          | 1100       |
|    jerk                    | 0.314      |
|    lane_deviation          | 0.284      |
|    max_lane_deviation      | 1.1        |
|    mean_speed_kmh          | 14.1       |
|    min_ttc                 | 0.346      |
|    out_of_road             | 0          |
|    route_completion        | 0.846      |
|    shaped_reward           | 85.7       |
|    steering_variation      | 0.618      |
|    success                 | 0          |
|    ttc_risk                | 0.0194     |
| rollout/                   |            |
|    ep_len_mean             | 614        |
|    ep_rew_mean             | 49         |
|    success_rate            | 0.45       |
| time/                      |            |
|    fps                     | 2084       |
|    iterations              | 41         |
|    time_elapsed            | 201        |
|    total_timesteps         | 419840     |
| train/                     |            |
|    approx_kl               | 0.01598064 |
|    clip_fraction           | 0.121      |
|    clip_range              | 0.2        |
|    entropy_loss            | -2.13      |
|    explained_variance      | 0.479      |
|    learning_rate           | 0.0003     |
|    loss                    | 11.5       |
|    n_updates               | 400        |
|    policy_gradient_loss    | -0.00124   |
|    std                     | 0.704      |
|    value_loss              | 30.5       |
-------------------------------------------
-----------------------------------------
| paper/                  |             |
|    accel_variation      | 0.367       |
|    base_reward          | 288         |
|    collision            | 0           |
|    crash_object         | 0           |
|    crash_vehicle        | 0           |
|    episode_cost         | 0           |
|    episode_length       | 1100        |
|    jerk                 | 0.315       |
|    lane_deviation       | 0.345       |
|    max_lane_deviation   | 1.14        |
|    mean_speed_kmh       | 14          |
|    min_ttc              | 0.0313      |
|    out_of_road          | 0           |
|    route_completion     | 0.705       |
|    shaped_reward        | 39.7        |
|    steering_variation   | 0.593       |
|    success              | 0           |
|    ttc_risk             | 0.0236      |
| rollout/                |             |
|    ep_len_mean          | 639         |
|    ep_rew_mean          | 51          |
|    success_rate         | 0.45        |
| time/                   |             |
|    fps                  | 1996        |
|    iterations           | 42          |
|    time_elapsed         | 215         |
|    total_timesteps      | 430080      |
| train/                  |             |
|    approx_kl            | 0.012876187 |
|    clip_fraction        | 0.237       |
|    clip_range           | 0.2         |
|    entropy_loss         | -2.12       |
|    explained_variance   | 0.326       |
|    learning_rate        | 0.0003      |
|    loss                 | 6.89        |
|    n_updates            | 410         |
|    policy_gradient_loss | 0.00116     |
|    std                  | 0.701       |
|    value_loss           | 22.1        |
-----------------------------------------
------------------------------------------
| paper/                  |              |
|    accel_variation      | 0.365        |
|    base_reward          | 312          |
|    collision            | 0            |
|    crash_object         | 0            |
|    crash_vehicle        | 0            |
|    episode_cost         | 0            |
|    episode_length       | 1100         |
|    jerk                 | 0.308        |
|    lane_deviation       | 0.362        |
|    max_lane_deviation   | 1.62         |
|    mean_speed_kmh       | 15.5         |
|    min_ttc              | 1.5          |
|    out_of_road          | 0            |
|    route_completion     | 0.658        |
|    shaped_reward        | 37.8         |
|    steering_variation   | 0.607        |
|    success              | 0            |
|    ttc_risk             | 0.0017       |
| rollout/                |              |
|    ep_len_mean          | 694          |
|    ep_rew_mean          | 50.5         |
|    success_rate         | 0.39         |
| time/                   |              |
|    fps                  | 1903         |
|    iterations           | 43           |
|    time_elapsed         | 231          |
|    total_timesteps      | 440320       |
| train/                  |              |
|    approx_kl            | 0.0076089115 |
|    clip_fraction        | 0.22         |
|    clip_range           | 0.2          |
|    entropy_loss         | -2.12        |
|    explained_variance   | 0.649        |
|    learning_rate        | 0.0003       |
|    loss                 | 10.8         |
|    n_updates            | 420          |
|    policy_gradient_loss | 0.00817      |
|    std                  | 0.706        |
|    value_loss           | 23.5         |
------------------------------------------
--------------------------------------------
| curriculum/                |             |
|    stage                   | 3           |
|    window_cost             | 0.333       |
|    window_route_completion | 0.513       |
|    window_success          | 0           |
| paper/                     |             |
|    accel_variation         | 0.343       |
|    base_reward             | 24          |
|    collision               | 1           |
|    crash_object            | 0           |
|    crash_vehicle           | 1           |
|    episode_cost            | 1           |
|    episode_length          | 192         |
|    jerk                    | 0.306       |
|    lane_deviation          | 0.442       |
|    max_lane_deviation      | 0.926       |
|    mean_speed_kmh          | 10.8        |
|    min_ttc                 | 3.27        |
|    out_of_road             | 0           |
|    route_completion        | 0.0904      |
|    shaped_reward           | -114        |
|    steering_variation      | 0.64        |
|    success                 | 0           |
|    ttc_risk                | 0.00369     |
| rollout/                   |             |
|    ep_len_mean             | 752         |
|    ep_rew_mean             | 41.3        |
|    success_rate            | 0.28        |
| time/                      |             |
|    fps                     | 1830        |
|    iterations              | 44          |
|    time_elapsed            | 246         |
|    total_timesteps         | 450560      |
| train/                     |             |
|    approx_kl               | 0.008970357 |
|    clip_fraction           | 0.16        |
|    clip_range              | 0.2         |
|    entropy_loss            | -2.13       |
|    explained_variance      | 0.681       |
|    learning_rate           | 0.0003      |
|    loss                    | 4.57        |
|    n_updates               | 430         |
|    policy_gradient_loss    | -0.00246    |
|    std                     | 0.708       |
|    value_loss              | 25.1        |
--------------------------------------------
-------------------------------------------
| curriculum/                |            |
|    stage                   | 2          |
|    window_cost             | 0.367      |
|    window_route_completion | 0.511      |
|    window_success          | 0          |
| paper/                     |            |
|    accel_variation         | 0.382      |
|    base_reward             | 295        |
|    collision               | 0          |
|    crash_object            | 0          |
|    crash_vehicle           | 0          |
|    episode_cost            | 0          |
|    episode_length          | 1000       |
|    jerk                    | 0.344      |
|    lane_deviation          | 0.385      |
|    max_lane_deviation      | 1          |
|    mean_speed_kmh          | 16.3       |
|    min_ttc                 | 1.62       |
|    out_of_road             | 0          |
|    route_completion        | 0.732      |
|    shaped_reward           | 43.1       |
|    steering_variation      | 0.585      |
|    success                 | 0          |
|    ttc_risk                | 0.00505    |
| rollout/                   |            |
|    ep_len_mean             | 815        |
|    ep_rew_mean             | 32.8       |
|    success_rate            | 0.18       |
| time/                      |            |
|    fps                     | 1792       |
|    iterations              | 45         |
|    time_elapsed            | 257        |
|    total_timesteps         | 460800     |
| train/                     |            |
|    approx_kl               | 0.01725548 |
|    clip_fraction           | 0.191      |
|    clip_range              | 0.2        |
|    entropy_loss            | -2.13      |
|    explained_variance      | 0.699      |
|    learning_rate           | 0.0003     |
|    loss                    | 3.54       |
|    n_updates               | 440        |
|    policy_gradient_loss    | 0.00121    |
|    std                     | 0.708      |
|    value_loss              | 19.7       |
-------------------------------------------
----------------------------------------
| paper/                  |            |
|    accel_variation      | 0.378      |
|    base_reward          | 218        |
|    collision            | 0          |
|    crash_object         | 0          |
|    crash_vehicle        | 0          |
|    episode_cost         | 1          |
|    episode_length       | 901        |
|    jerk                 | 0.33       |
|    lane_deviation       | 0.392      |
|    max_lane_deviation   | 1.66       |
|    mean_speed_kmh       | 16.6       |
|    min_ttc              | 0.273      |
|    out_of_road          | 1          |
|    route_completion     | 0.829      |
|    shaped_reward        | -98.9      |
|    steering_variation   | 0.636      |
|    success              | 0          |
|    ttc_risk             | 0.0204     |
| rollout/                |            |
|    ep_len_mean          | 831        |
|    ep_rew_mean          | 24.4       |
|    success_rate         | 0.14       |
| time/                   |            |
|    fps                  | 1748       |
|    iterations           | 46         |
|    time_elapsed         | 269        |
|    total_timesteps      | 471040     |
| train/                  |            |
|    approx_kl            | 0.04624761 |
|    clip_fraction        | 0.402      |
|    clip_range           | 0.2        |
|    entropy_loss         | -2.13      |
|    explained_variance   | 0.72       |
|    learning_rate        | 0.0003     |
|    loss                 | 6.72       |
|    n_updates            | 450        |
|    policy_gradient_loss | 0.032      |
|    std                  | 0.712      |
|    value_loss           | 20.8       |
----------------------------------------
--------------------------------------------
| curriculum/                |             |
|    stage                   | 2           |
|    window_cost             | 0.333       |
|    window_route_completion | 0.587       |
|    window_success          | 0.0667      |
| paper/                     |             |
|    accel_variation         | 0.344       |
|    base_reward             | -2.39       |
|    collision               | 0           |
|    crash_object            | 0           |
|    crash_vehicle           | 0           |
|    episode_cost            | 1           |
|    episode_length          | 59          |
|    jerk                    | 0.34        |
|    lane_deviation          | 0.288       |
|    max_lane_deviation      | 1.11        |
|    mean_speed_kmh          | 8.97        |
|    min_ttc                 | nan         |
|    out_of_road             | 1           |
|    route_completion        | 0.0328      |
|    shaped_reward           | -106        |
|    steering_variation      | 0.621       |
|    success                 | 0           |
|    ttc_risk                | 0           |
| rollout/                   |             |
|    ep_len_mean             | 849         |
|    ep_rew_mean             | 20          |
|    success_rate            | 0.09        |
| time/                      |             |
|    fps                     | 1708        |
|    iterations              | 47          |
|    time_elapsed            | 281         |
|    total_timesteps         | 481280      |
| train/                     |             |
|    approx_kl               | 0.011321055 |
|    clip_fraction           | 0.128       |
|    clip_range              | 0.2         |
|    entropy_loss            | -2.14       |
|    explained_variance      | 0.716       |
|    learning_rate           | 0.0003      |
|    loss                    | 17.4        |
|    n_updates               | 460         |
|    policy_gradient_loss    | -0.00118    |
|    std                     | 0.711       |
|    value_loss              | 29.7        |
--------------------------------------------
-------------------------------------------
| curriculum/                |            |
|    stage                   | 1          |
|    window_cost             | 0.4        |
|    window_route_completion | 0.564      |
|    window_success          | 0.0333     |
| paper/                     |            |
|    accel_variation         | 0.419      |
|    base_reward             | 209        |
|    collision               | 0          |
|    crash_object            | 0          |
|    crash_vehicle           | 0          |
|    episode_cost            | 1          |
|    episode_length          | 696        |
|    jerk                    | 0.35       |
|    lane_deviation          | 0.287      |
|    max_lane_deviation      | 1.13       |
|    mean_speed_kmh          | 15.6       |
|    min_ttc                 | 2.19       |
|    out_of_road             | 1          |
|    route_completion        | 0.503      |
|    shaped_reward           | -42.3      |
|    steering_variation      | 0.551      |
|    success                 | 0          |
|    ttc_risk                | 0.0101     |
| rollout/                   |            |
|    ep_len_mean             | 841        |
|    ep_rew_mean             | 12.5       |
|    success_rate            | 0.04       |
| time/                      |            |
|    fps                     | 1687       |
|    iterations              | 48         |
|    time_elapsed            | 291        |
|    total_timesteps         | 491520     |
| train/                     |            |
|    approx_kl               | 0.01587747 |
|    clip_fraction           | 0.213      |
|    clip_range              | 0.2        |
|    entropy_loss            | -2.12      |
|    explained_variance      | 0.576      |
|    learning_rate           | 0.0003     |
|    loss                    | 11.7       |
|    n_updates               | 470        |
|    policy_gradient_loss    | 0.0019     |
|    std                     | 0.704      |
|    value_loss              | 22.1       |
-------------------------------------------
-----------------------------------------
| paper/                  |             |
|    accel_variation      | 0.431       |
|    base_reward          | 268         |
|    collision            | 0           |
|    crash_object         | 0           |
|    crash_vehicle        | 0           |
|    episode_cost         | 0           |
|    episode_length       | 800         |
|    jerk                 | 0.342       |
|    lane_deviation       | 0.304       |
|    max_lane_deviation   | 2           |
|    mean_speed_kmh       | 16.8        |
|    min_ttc              | nan         |
|    out_of_road          | 0           |
|    route_completion     | 0.943       |
|    shaped_reward        | 77.5        |
|    steering_variation   | 0.534       |
|    success              | 0           |
|    ttc_risk             | 0           |
| rollout/                |             |
|    ep_len_mean          | 811         |
|    ep_rew_mean          | 15.9        |
|    success_rate         | 0.08        |
| time/                   |             |
|    fps                  | 1684        |
|    iterations           | 49          |
|    time_elapsed         | 297         |
|    total_timesteps      | 501760      |
| train/                  |             |
|    approx_kl            | 0.010242454 |
|    clip_fraction        | 0.141       |
|    clip_range           | 0.2         |
|    entropy_loss         | -2.11       |
|    explained_variance   | 0.26        |
|    learning_rate        | 0.0003      |
|    loss                 | 43          |
|    n_updates            | 480         |
|    policy_gradient_loss | -7.87e-05   |
|    std                  | 0.707       |
|    value_loss           | 49.8        |
-----------------------------------------
--------------------------------------------
| curriculum/                |             |
|    stage                   | 2           |
|    window_cost             | 0.267       |
|    window_route_completion | 0.772       |
|    window_success          | 0.3         |
| paper/                     |             |
|    accel_variation         | 0.381       |
|    base_reward             | 304         |
|    collision               | 0           |
|    crash_object            | 0           |
|    crash_vehicle           | 0           |
|    episode_cost            | 0           |
|    episode_length          | 853         |
|    jerk                    | 0.343       |
|    lane_deviation          | 0.26        |
|    max_lane_deviation      | 0.998       |
|    mean_speed_kmh          | 15.8        |
|    min_ttc                 | nan         |
|    out_of_road             | 0           |
|    route_completion        | 0.987       |
|    shaped_reward           | 160         |
|    steering_variation      | 0.577       |
|    success                 | 1           |
|    ttc_risk                | 0           |
| rollout/                   |             |
|    ep_len_mean             | 780         |
|    ep_rew_mean             | 26.1        |
|    success_rate            | 0.19        |
| time/                      |             |
|    fps                     | 1671        |
|    iterations              | 50          |
|    time_elapsed            | 306         |
|    total_timesteps         | 512000      |
| train/                     |             |
|    approx_kl               | 0.010988903 |
|    clip_fraction           | 0.193       |
|    clip_range              | 0.2         |
|    entropy_loss            | -2.11       |
|    explained_variance      | 0.59        |
|    learning_rate           | 0.0003      |
|    loss                    | 11.8        |
|    n_updates               | 490         |
|    policy_gradient_loss    | 0.0021      |
|    std                     | 0.704       |
|    value_loss              | 27.7        |
--------------------------------------------
-----------------------------------------
| paper/                  |             |
|    accel_variation      | 0.418       |
|    base_reward          | 326         |
|    collision            | 0           |
|    crash_object         | 0           |
|    crash_vehicle        | 0           |
|    episode_cost         | 0           |
|    episode_length       | 1000        |
|    jerk                 | 0.368       |
|    lane_deviation       | 0.328       |
|    max_lane_deviation   | 0.989       |
|    mean_speed_kmh       | 16.6        |
|    min_ttc              | 5.83        |
|    out_of_road          | 0           |
|    route_completion     | 0.609       |
|    shaped_reward        | 82.9        |
|    steering_variation   | 0.533       |
|    success              | 0           |
|    ttc_risk             | 0           |
| rollout/                |             |
|    ep_len_mean          | 782         |
|    ep_rew_mean          | 31.4        |
|    success_rate         | 0.21        |
| time/                   |             |
|    fps                  | 1644        |
|    iterations           | 51          |
|    time_elapsed         | 317         |
|    total_timesteps      | 522240      |
| train/                  |             |
|    approx_kl            | 0.013820511 |
|    clip_fraction        | 0.207       |
|    clip_range           | 0.2         |
|    entropy_loss         | -2.1        |
|    explained_variance   | 0.768       |
|    learning_rate        | 0.0003      |
|    loss                 | 6.13        |
|    n_updates            | 500         |
|    policy_gradient_loss | 0.00676     |
|    std                  | 0.707       |
|    value_loss           | 15.7        |
-----------------------------------------
------------------------------------------
| curriculum/                |           |
|    stage                   | 3         |
|    window_cost             | 0.167     |
|    window_route_completion | 0.761     |
|    window_success          | 0.333     |
| paper/                     |           |
|    accel_variation         | 0.397     |
|    base_reward             | 136       |
|    collision               | 0         |
|    crash_object            | 0         |
|    crash_vehicle           | 0         |
|    episode_cost            | 1         |
|    episode_length          | 613       |
|    jerk                    | 0.359     |
|    lane_deviation          | 0.297     |
|    max_lane_deviation      | 2         |
|    mean_speed_kmh          | 12.6      |
|    min_ttc                 | 0.692     |
|    out_of_road             | 1         |
|    route_completion        | 0.345     |
|    shaped_reward           | -110      |
|    steering_variation      | 0.565     |
|    success                 | 0         |
|    ttc_risk                | 0.0289    |
| rollout/                   |           |
|    ep_len_mean             | 784       |
|    ep_rew_mean             | 38.1      |
|    success_rate            | 0.21      |
| time/                      |           |
|    fps                     | 1619      |
|    iterations              | 52        |
|    time_elapsed            | 328       |
|    total_timesteps         | 532480    |
| train/                     |           |
|    approx_kl               | 0.0094661 |
|    clip_fraction           | 0.179     |
|    clip_range              | 0.2       |
|    entropy_loss            | -2.1      |
|    explained_variance      | 0.68      |
|    learning_rate           | 0.0003    |
|    loss                    | 6.53      |
|    n_updates               | 510       |
|    policy_gradient_loss    | 0.00101   |
|    std                     | 0.703     |
|    value_loss              | 14.2      |
------------------------------------------
-----------------------------------------
| paper/                  |             |
|    accel_variation      | 0.406       |
|    base_reward          | 374         |
|    collision            | 0           |
|    crash_object         | 0           |
|    crash_vehicle        | 0           |
|    episode_cost         | 0           |
|    episode_length       | 1100        |
|    jerk                 | 0.365       |
|    lane_deviation       | 0.264       |
|    max_lane_deviation   | 0.998       |
|    mean_speed_kmh       | 16          |
|    min_ttc              | 0.129       |
|    out_of_road          | 0           |
|    route_completion     | 0.817       |
|    shaped_reward        | 135         |
|    steering_variation   | 0.571       |
|    success              | 0           |
|    ttc_risk             | 0.00819     |
| rollout/                |             |
|    ep_len_mean          | 795         |
|    ep_rew_mean          | 43          |
|    success_rate         | 0.2         |
| time/                   |             |
|    fps                  | 1587        |
|    iterations           | 53          |
|    time_elapsed         | 341         |
|    total_timesteps      | 542720      |
| train/                  |             |
|    approx_kl            | 0.014487895 |
|    clip_fraction        | 0.267       |
|    clip_range           | 0.2         |
|    entropy_loss         | -2.11       |
|    explained_variance   | 0.583       |
|    learning_rate        | 0.0003      |
|    loss                 | 11.5        |
|    n_updates            | 520         |
|    policy_gradient_loss | 0.00526     |
|    std                  | 0.714       |
|    value_loss           | 18.7        |
-----------------------------------------
-----------------------------------------
| paper/                  |             |
|    accel_variation      | 0.377       |
|    base_reward          | 146         |
|    collision            | 1           |
|    crash_object         | 0           |
|    crash_vehicle        | 1           |
|    episode_cost         | 1           |
|    episode_length       | 439         |
|    jerk                 | 0.354       |
|    lane_deviation       | 0.208       |
|    max_lane_deviation   | 0.798       |
|    mean_speed_kmh       | 15.8        |
|    min_ttc              | 7.24        |
|    out_of_road          | 0           |
|    route_completion     | 0.322       |
|    shaped_reward        | -39.3       |
|    steering_variation   | 0.566       |
|    success              | 0           |
|    ttc_risk             | 0           |
| rollout/                |             |
|    ep_len_mean          | 826         |
|    ep_rew_mean          | 52.6        |
|    success_rate         | 0.19        |
| time/                   |             |
|    fps                  | 1547        |
|    iterations           | 54          |
|    time_elapsed         | 357         |
|    total_timesteps      | 552960      |
| train/                  |             |
|    approx_kl            | 0.041222196 |
|    clip_fraction        | 0.181       |
|    clip_range           | 0.2         |
|    entropy_loss         | -2.1        |
|    explained_variance   | 0.644       |
|    learning_rate        | 0.0003      |
|    loss                 | 7.53        |
|    n_updates            | 530         |
|    policy_gradient_loss | -0.000129   |
|    std                  | 0.7         |
|    value_loss           | 15.9        |
-----------------------------------------
-------------------------------------------
| curriculum/                |            |
|    stage                   | 3          |
|    window_cost             | 0.2        |
|    window_route_completion | 0.666      |
|    window_success          | 0          |
| paper/                     |            |
|    accel_variation         | 0.381      |
|    base_reward             | 387        |
|    collision               | 0          |
|    crash_object            | 0          |
|    crash_vehicle           | 0          |
|    episode_cost            | 0          |
|    episode_length          | 1100       |
|    jerk                    | 0.375      |
|    lane_deviation          | 0.248      |
|    max_lane_deviation      | 0.991      |
|    mean_speed_kmh          | 16.9       |
|    min_ttc                 | 6.02       |
|    out_of_road             | 0          |
|    route_completion        | 0.737      |
|    shaped_reward           | 145        |
|    steering_variation      | 0.567      |
|    success                 | 0          |
|    ttc_risk                | 0          |
| rollout/                   |            |
|    ep_len_mean             | 843        |
|    ep_rew_mean             | 63.1       |
|    success_rate            | 0.19       |
| time/                      |            |
|    fps                     | 1515       |
|    iterations              | 55         |
|    time_elapsed            | 371        |
|    total_timesteps         | 563200     |
| train/                     |            |
|    approx_kl               | 0.02354183 |
|    clip_fraction           | 0.17       |
|    clip_range              | 0.2        |
|    entropy_loss            | -2.08      |
|    explained_variance      | 0.669      |
|    learning_rate           | 0.0003     |
|    loss                    | 6.22       |
|    n_updates               | 540        |
|    policy_gradient_loss    | -0.000603  |
|    std                     | 0.699      |
|    value_loss              | 19.2       |
-------------------------------------------
-------------------------------------------
| curriculum/                |            |
|    stage                   | 2          |
|    window_cost             | 0.3        |
|    window_route_completion | 0.578      |
|    window_success          | 0          |
| paper/                     |            |
|    accel_variation         | 0.391      |
|    base_reward             | 240        |
|    collision               | 0          |
|    crash_object            | 0          |
|    crash_vehicle           | 0          |
|    episode_cost            | 1          |
|    episode_length          | 941        |
|    jerk                    | 0.346      |
|    lane_deviation          | 0.452      |
|    max_lane_deviation      | 2          |
|    mean_speed_kmh          | 16.6       |
|    min_ttc                 | 0.0776     |
|    out_of_road             | 1          |
|    route_completion        | 0.765      |
|    shaped_reward           | -130       |
|    steering_variation      | 0.542      |
|    success                 | 0          |
|    ttc_risk                | 0.0263     |
| rollout/                   |            |
|    ep_len_mean             | 857        |
|    ep_rew_mean             | 53.7       |
|    success_rate            | 0.19       |
| time/                      |            |
|    fps                     | 1481       |
|    iterations              | 56         |
|    time_elapsed            | 387        |
|    total_timesteps         | 573440     |
| train/                     |            |
|    approx_kl               | 0.17804614 |
|    clip_fraction           | 0.249      |
|    clip_range              | 0.2        |
|    entropy_loss            | -2.06      |
|    explained_variance      | 0.693      |
|    learning_rate           | 0.0003     |
|    loss                    | 3.62       |
|    n_updates               | 550        |
|    policy_gradient_loss    | 0.0111     |
|    std                     | 0.691      |
|    value_loss              | 11.6       |
-------------------------------------------
-----------------------------------------
| paper/                  |             |
|    accel_variation      | 0.387       |
|    base_reward          | 55.9        |
|    collision            | 0           |
|    crash_object         | 0           |
|    crash_vehicle        | 0           |
|    episode_cost         | 1           |
|    episode_length       | 298         |
|    jerk                 | 0.371       |
|    lane_deviation       | 0.473       |
|    max_lane_deviation   | 2           |
|    mean_speed_kmh       | 14.8        |
|    min_ttc              | 4.8         |
|    out_of_road          | 1           |
|    route_completion     | 0.236       |
|    shaped_reward        | -119        |
|    steering_variation   | 0.575       |
|    success              | 0           |
|    ttc_risk             | 0.000134    |
| rollout/                |             |
|    ep_len_mean          | 866         |
|    ep_rew_mean          | 48.2        |
|    success_rate         | 0.18        |
| time/                   |             |
|    fps                  | 1465        |
|    iterations           | 57          |
|    time_elapsed         | 398         |
|    total_timesteps      | 583680      |
| train/                  |             |
|    approx_kl            | 0.012815461 |
|    clip_fraction        | 0.163       |
|    clip_range           | 0.2         |
|    entropy_loss         | -2.06       |
|    explained_variance   | 0.642       |
|    learning_rate        | 0.0003      |
|    loss                 | 12.3        |
|    n_updates            | 560         |
|    policy_gradient_loss | -0.00452    |
|    std                  | 0.695       |
|    value_loss           | 30.4        |
-----------------------------------------
--------------------------------------------
| curriculum/                |             |
|    stage                   | 2           |
|    window_cost             | 0.333       |
|    window_route_completion | 0.686       |
|    window_success          | 0.167       |
| paper/                     |             |
|    accel_variation         | 0.372       |
|    base_reward             | 310         |
|    collision               | 0           |
|    crash_object            | 0           |
|    crash_vehicle           | 0           |
|    episode_cost            | 0           |
|    episode_length          | 1000        |
|    jerk                    | 0.352       |
|    lane_deviation          | 0.322       |
|    max_lane_deviation      | 1.06        |
|    mean_speed_kmh          | 16.1        |
|    min_ttc                 | 4.63        |
|    out_of_road             | 0           |
|    route_completion        | 0.744       |
|    shaped_reward           | 81.1        |
|    steering_variation      | 0.568       |
|    success                 | 0           |
|    ttc_risk                | 7.32e-05    |
| rollout/                   |             |
|    ep_len_mean             | 884         |
|    ep_rew_mean             | 40.5        |
|    success_rate            | 0.14        |
| time/                      |             |
|    fps                     | 1450        |
|    iterations              | 58          |
|    time_elapsed            | 409         |
|    total_timesteps         | 593920      |
| train/                     |             |
|    approx_kl               | 0.011902629 |
|    clip_fraction           | 0.142       |
|    clip_range              | 0.2         |
|    entropy_loss            | -2.06       |
|    explained_variance      | 0.648       |
|    learning_rate           | 0.0003      |
|    loss                    | 4.6         |
|    n_updates               | 570         |
|    policy_gradient_loss    | -0.00858    |
|    std                     | 0.694       |
|    value_loss              | 14.5        |
--------------------------------------------
--------------------------------------------
| curriculum/                |             |
|    stage                   | 2           |
|    window_cost             | 0.2         |
|    window_route_completion | 0.766       |
|    window_success          | 0.233       |
| paper/                     |             |
|    accel_variation         | 0.421       |
|    base_reward             | 388         |
|    collision               | 0           |
|    crash_object            | 0           |
|    crash_vehicle           | 0           |
|    episode_cost            | 0           |
|    episode_length          | 1000        |
|    jerk                    | 0.412       |
|    lane_deviation          | 0.263       |
|    max_lane_deviation      | 0.998       |
|    mean_speed_kmh          | 18.3        |
|    min_ttc                 | 12.6        |
|    out_of_road             | 0           |
|    route_completion        | 0.796       |
|    shaped_reward           | 144         |
|    steering_variation      | 0.53        |
|    success                 | 0           |
|    ttc_risk                | 0           |
| rollout/                   |             |
|    ep_len_mean             | 910         |
|    ep_rew_mean             | 37.2        |
|    success_rate            | 0.07        |
| time/                      |             |
|    fps                     | 1436        |
|    iterations              | 59          |
|    time_elapsed            | 420         |
|    total_timesteps         | 604160      |
| train/                     |             |
|    approx_kl               | 0.009872826 |
|    clip_fraction           | 0.142       |
|    clip_range              | 0.2         |
|    entropy_loss            | -2.05       |
|    explained_variance      | 0.654       |
|    learning_rate           | 0.0003      |
|    loss                    | 13          |
|    n_updates               | 580         |
|    policy_gradient_loss    | -0.00331    |
|    std                     | 0.693       |
|    value_loss              | 28.8        |
--------------------------------------------
--------------------------------------------
| curriculum/                |             |
|    stage                   | 3           |
|    window_cost             | 0.2         |
|    window_route_completion | 0.778       |
|    window_success          | 0.267       |
| paper/                     |             |
|    accel_variation         | 0.438       |
|    base_reward             | 434         |
|    collision               | 0           |
|    crash_object            | 0           |
|    crash_vehicle           | 0           |
|    episode_cost            | 0           |
|    episode_length          | 1100        |
|    jerk                    | 0.395       |
|    lane_deviation          | 0.255       |
|    max_lane_deviation      | 0.993       |
|    mean_speed_kmh          | 18.2        |
|    min_ttc                 | 13.1        |
|    out_of_road             | 0           |
|    route_completion        | 0.975       |
|    shaped_reward           | 167         |
|    steering_variation      | 0.541       |
|    success                 | 0           |
|    ttc_risk                | 0           |
| rollout/                   |             |
|    ep_len_mean             | 918         |
|    ep_rew_mean             | 45.3        |
|    success_rate            | 0.1         |
| time/                      |             |
|    fps                     | 1421        |
|    iterations              | 60          |
|    time_elapsed            | 432         |
|    total_timesteps         | 614400      |
| train/                     |             |
|    approx_kl               | 0.010162179 |
|    clip_fraction           | 0.169       |
|    clip_range              | 0.2         |
|    entropy_loss            | -2.06       |
|    explained_variance      | 0.67        |
|    learning_rate           | 0.0003      |
|    loss                    | 2.58        |
|    n_updates               | 590         |
|    policy_gradient_loss    | -0.000274   |
|    std                     | 0.702       |
|    value_loss              | 10.5        |
--------------------------------------------
-----------------------------------------
| paper/                  |             |
|    accel_variation      | 0.392       |
|    base_reward          | 374         |
|    collision            | 0           |
|    crash_object         | 0           |
|    crash_vehicle        | 0           |
|    episode_cost         | 0           |
|    episode_length       | 1100        |
|    jerk                 | 0.371       |
|    lane_deviation       | 0.293       |
|    max_lane_deviation   | 1.09        |
|    mean_speed_kmh       | 16.4        |
|    min_ttc              | 0.0263      |
|    out_of_road          | 0           |
|    route_completion     | 0.985       |
|    shaped_reward        | 120         |
|    steering_variation   | 0.52        |
|    success              | 0           |
|    ttc_risk             | 0.023       |
| rollout/                |             |
|    ep_len_mean          | 916         |
|    ep_rew_mean          | 46.5        |
|    success_rate         | 0.1         |
| time/                   |             |
|    fps                  | 1400        |
|    iterations           | 61          |
|    time_elapsed         | 445         |
|    total_timesteps      | 624640      |
| train/                  |             |
|    approx_kl            | 0.008601362 |
|    clip_fraction        | 0.237       |
|    clip_range           | 0.2         |
|    entropy_loss         | -2.05       |
|    explained_variance   | 0.692       |
|    learning_rate        | 0.0003      |
|    loss                 | 3.16        |
|    n_updates            | 600         |
|    policy_gradient_loss | 0.00696     |
|    std                  | 0.692       |
|    value_loss           | 7.61        |
-----------------------------------------
-----------------------------------------
| paper/                  |             |
|    accel_variation      | 0.45        |
|    base_reward          | 397         |
|    collision            | 0           |
|    crash_object         | 0           |
|    crash_vehicle        | 0           |
|    episode_cost         | 0           |
|    episode_length       | 1100        |
|    jerk                 | 0.41        |
|    lane_deviation       | 0.273       |
|    max_lane_deviation   | 0.874       |
|    mean_speed_kmh       | 17.9        |
|    min_ttc              | 5.22        |
|    out_of_road          | 0           |
|    route_completion     | 0.709       |
|    shaped_reward        | 140         |
|    steering_variation   | 0.534       |
|    success              | 0           |
|    ttc_risk             | 0           |
| rollout/                |             |
|    ep_len_mean          | 923         |
|    ep_rew_mean          | 50.2        |
|    success_rate         | 0.1         |
| time/                   |             |
|    fps                  | 1375        |
|    iterations           | 62          |
|    time_elapsed         | 461         |
|    total_timesteps      | 634880      |
| train/                  |             |
|    approx_kl            | 0.017641556 |
|    clip_fraction        | 0.162       |
|    clip_range           | 0.2         |
|    entropy_loss         | -2.03       |
|    explained_variance   | 0.604       |
|    learning_rate        | 0.0003      |
|    loss                 | 3.82        |
|    n_updates            | 610         |
|    policy_gradient_loss | -0.000545   |
|    std                  | 0.692       |
|    value_loss           | 13.6        |
-----------------------------------------
--------------------------------------------
| curriculum/                |             |
|    stage                   | 3           |
|    window_cost             | 0.167       |
|    window_route_completion | 0.729       |
|    window_success          | 0.0333      |
| paper/                     |             |
|    accel_variation         | 0.384       |
|    base_reward             | 380         |
|    collision               | 0           |
|    crash_object            | 0           |
|    crash_vehicle           | 0           |
|    episode_cost            | 0           |
|    episode_length          | 1100        |
|    jerk                    | 0.363       |
|    lane_deviation          | 0.262       |
|    max_lane_deviation      | 0.989       |
|    mean_speed_kmh          | 16.9        |
|    min_ttc                 | 2.42        |
|    out_of_road             | 0           |
|    route_completion        | 0.974       |
|    shaped_reward           | 138         |
|    steering_variation      | 0.511       |
|    success                 | 0           |
|    ttc_risk                | 0.00736     |
| rollout/                   |             |
|    ep_len_mean             | 931         |
|    ep_rew_mean             | 59.6        |
|    success_rate            | 0.11        |
| time/                      |             |
|    fps                     | 1350        |
|    iterations              | 63          |
|    time_elapsed            | 477         |
|    total_timesteps         | 645120      |
| train/                     |             |
|    approx_kl               | 0.019259695 |
|    clip_fraction           | 0.268       |
|    clip_range              | 0.2         |
|    entropy_loss            | -2.01       |
|    explained_variance      | 0.828       |
|    learning_rate           | 0.0003      |
|    loss                    | 2.17        |
|    n_updates               | 620         |
|    policy_gradient_loss    | 0.0167      |
|    std                     | 0.682       |
|    value_loss              | 4.7         |
--------------------------------------------
--------------------------------------------
| curriculum/                |             |
|    stage                   | 3           |
|    window_cost             | 0.167       |
|    window_route_completion | 0.704       |
|    window_success          | 0.0333      |
| paper/                     |             |
|    accel_variation         | 0.447       |
|    base_reward             | 414         |
|    collision               | 0           |
|    crash_object            | 0           |
|    crash_vehicle           | 0           |
|    episode_cost            | 0           |
|    episode_length          | 1100        |
|    jerk                    | 0.418       |
|    lane_deviation          | 0.23        |
|    max_lane_deviation      | 0.779       |
|    mean_speed_kmh          | 17          |
|    min_ttc                 | 5.27        |
|    out_of_road             | 0           |
|    route_completion        | 0.64        |
|    shaped_reward           | 163         |
|    steering_variation      | 0.513       |
|    success                 | 0           |
|    ttc_risk                | 0           |
| rollout/                   |             |
|    ep_len_mean             | 919         |
|    ep_rew_mean             | 58.1        |
|    success_rate            | 0.11        |
| time/                      |             |
|    fps                     | 1322        |
|    iterations              | 64          |
|    time_elapsed            | 495         |
|    total_timesteps         | 655360      |
| train/                     |             |
|    approx_kl               | 0.012421767 |
|    clip_fraction           | 0.156       |
|    clip_range              | 0.2         |
|    entropy_loss            | -1.99       |
|    explained_variance      | 0.633       |
|    learning_rate           | 0.0003      |
|    loss                    | 3.27        |
|    n_updates               | 630         |
|    policy_gradient_loss    | -0.00136    |
|    std                     | 0.68        |
|    value_loss              | 9.38        |
--------------------------------------------
--------------------------------------------
| curriculum/                |             |
|    stage                   | 3           |
|    window_cost             | 0.267       |
|    window_route_completion | 0.657       |
|    window_success          | 0.0333      |
| paper/                     |             |
|    accel_variation         | 0.401       |
|    base_reward             | 105         |
|    collision               | 0           |
|    crash_object            | 0           |
|    crash_vehicle           | 0           |
|    episode_cost            | 1           |
|    episode_length          | 372         |
|    jerk                    | 0.36        |
|    lane_deviation          | 0.33        |
|    max_lane_deviation      | 2           |
|    mean_speed_kmh          | 17.1        |
|    min_ttc                 | 10.5        |
|    out_of_road             | 1           |
|    route_completion        | 0.305       |
|    shaped_reward           | -78.4       |
|    steering_variation      | 0.508       |
|    success                 | 0           |
|    ttc_risk                | 0           |
| rollout/                   |             |
|    ep_len_mean             | 939         |
|    ep_rew_mean             | 77.1        |
|    success_rate            | 0.12        |
| time/                      |             |
|    fps                     | 1297        |
|    iterations              | 65          |
|    time_elapsed            | 512         |
|    total_timesteps         | 665600      |
| train/                     |             |
|    approx_kl               | 0.011186813 |
|    clip_fraction           | 0.207       |
|    clip_range              | 0.2         |
|    entropy_loss            | -1.98       |
|    explained_variance      | 0.591       |
|    learning_rate           | 0.0003      |
|    loss                    | 11.5        |
|    n_updates               | 640         |
|    policy_gradient_loss    | 0.00132     |
|    std                     | 0.676       |
|    value_loss              | 18.4        |
--------------------------------------------
--------------------------------------------
| curriculum/                |             |
|    stage                   | 2           |
|    window_cost             | 0.3         |
|    window_route_completion | 0.645       |
|    window_success          | 0.0333      |
| paper/                     |             |
|    accel_variation         | 0.436       |
|    base_reward             | 405         |
|    collision               | 0           |
|    crash_object            | 0           |
|    crash_vehicle           | 0           |
|    episode_cost            | 0           |
|    episode_length          | 1000        |
|    jerk                    | 0.426       |
|    lane_deviation          | 0.196       |
|    max_lane_deviation      | 0.794       |
|    mean_speed_kmh          | 17.4        |
|    min_ttc                 | 3.72        |
|    out_of_road             | 0           |
|    route_completion        | 0.734       |
|    shaped_reward           | 175         |
|    steering_variation      | 0.505       |
|    success                 | 0           |
|    ttc_risk                | 0.000724    |
| rollout/                   |             |
|    ep_len_mean             | 956         |
|    ep_rew_mean             | 94.8        |
|    success_rate            | 0.11        |
| time/                      |             |
|    fps                     | 1281        |
|    iterations              | 66          |
|    time_elapsed            | 527         |
|    total_timesteps         | 675840      |
| train/                     |             |
|    approx_kl               | 0.014271928 |
|    clip_fraction           | 0.255       |
|    clip_range              | 0.2         |
|    entropy_loss            | -1.97       |
|    explained_variance      | 0.616       |
|    learning_rate           | 0.0003      |
|    loss                    | 1.71        |
|    n_updates               | 650         |
|    policy_gradient_loss    | 0.0043      |
|    std                     | 0.677       |
|    value_loss              | 9.33        |
--------------------------------------------
------------------------------------------
| paper/                  |              |
|    accel_variation      | 0.428        |
|    base_reward          | 419          |
|    collision            | 0            |
|    crash_object         | 0            |
|    crash_vehicle        | 0            |
|    episode_cost         | 0            |
|    episode_length       | 1000         |
|    jerk                 | 0.42         |
|    lane_deviation       | 0.187        |
|    max_lane_deviation   | 0.939        |
|    mean_speed_kmh       | 18           |
|    min_ttc              | 9.55         |
|    out_of_road          | 0            |
|    route_completion     | 0.57         |
|    shaped_reward        | 184          |
|    steering_variation   | 0.511        |
|    success              | 0            |
|    ttc_risk             | 0            |
| rollout/                |              |
|    ep_len_mean          | 977          |
|    ep_rew_mean          | 112          |
|    success_rate         | 0.09         |
| time/                   |              |
|    fps                  | 1270         |
|    iterations           | 67           |
|    time_elapsed         | 540          |
|    total_timesteps      | 686080       |
| train/                  |              |
|    approx_kl            | 0.0073164306 |
|    clip_fraction        | 0.195        |
|    clip_range           | 0.2          |
|    entropy_loss         | -1.96        |
|    explained_variance   | 0.556        |
|    learning_rate        | 0.0003       |
|    loss                 | 10.6         |
|    n_updates            | 660          |
|    policy_gradient_loss | 0.00126      |
|    std                  | 0.678        |
|    value_loss           | 22.9         |
------------------------------------------
-----------------------------------------
| paper/                  |             |
|    accel_variation      | 0.428       |
|    base_reward          | 418         |
|    collision            | 0           |
|    crash_object         | 0           |
|    crash_vehicle        | 0           |
|    episode_cost         | 0           |
|    episode_length       | 1000        |
|    jerk                 | 0.404       |
|    lane_deviation       | 0.207       |
|    max_lane_deviation   | 0.82        |
|    mean_speed_kmh       | 18.4        |
|    min_ttc              | 3.23        |
|    out_of_road          | 0           |
|    route_completion     | 0.767       |
|    shaped_reward        | 182         |
|    steering_variation   | 0.492       |
|    success              | 0           |
|    ttc_risk             | 0.00158     |
| rollout/                |             |
|    ep_len_mean          | 980         |
|    ep_rew_mean          | 124         |
|    success_rate         | 0.09        |
| time/                   |             |
|    fps                  | 1261        |
|    iterations           | 68          |
|    time_elapsed         | 551         |
|    total_timesteps      | 696320      |
| train/                  |             |
|    approx_kl            | 0.055828642 |
|    clip_fraction        | 0.334       |
|    clip_range           | 0.2         |
|    entropy_loss         | -1.94       |
|    explained_variance   | 0.674       |
|    learning_rate        | 0.0003      |
|    loss                 | 1.19        |
|    n_updates            | 670         |
|    policy_gradient_loss | 0.018       |
|    std                  | 0.666       |
|    value_loss           | 2.18        |
-----------------------------------------
-------------------------------------------
| curriculum/                |            |
|    stage                   | 2          |
|    window_cost             | 0.0333     |
|    window_route_completion | 0.793      |
|    window_success          | 0.133      |
| paper/                     |            |
|    accel_variation         | 0.449      |
|    base_reward             | 350        |
|    collision               | 0          |
|    crash_object            | 0          |
|    crash_vehicle           | 0          |
|    episode_cost            | 0          |
|    episode_length          | 1000       |
|    jerk                    | 0.422      |
|    lane_deviation          | 0.321      |
|    max_lane_deviation      | 0.993      |
|    mean_speed_kmh          | 17.5       |
|    min_ttc                 | 3.92       |
|    out_of_road             | 0          |
|    route_completion        | 0.896      |
|    shaped_reward           | 116        |
|    steering_variation      | 0.464      |
|    success                 | 0          |
|    ttc_risk                | 0.000607   |
| rollout/                   |            |
|    ep_len_mean             | 984        |
|    ep_rew_mean             | 128        |
|    success_rate            | 0.08       |
| time/                      |            |
|    fps                     | 1256       |
|    iterations              | 69         |
|    time_elapsed            | 562        |
|    total_timesteps         | 706560     |
| train/                     |            |
|    approx_kl               | 0.05311791 |
|    clip_fraction           | 0.263      |
|    clip_range              | 0.2        |
|    entropy_loss            | -1.91      |
|    explained_variance      | 0.472      |
|    learning_rate           | 0.0003     |
|    loss                    | 1.05       |
|    n_updates               | 680        |
|    policy_gradient_loss    | 0.00954    |
|    std                     | 0.661      |
|    value_loss              | 4.52       |
-------------------------------------------
--------------------------------------------
| curriculum/                |             |
|    stage                   | 2           |
|    window_cost             | 0.1         |
|    window_route_completion | 0.806       |
|    window_success          | 0.133       |
| paper/                     |             |
|    accel_variation         | 0.46        |
|    base_reward             | 311         |
|    collision               | 0           |
|    crash_object            | 0           |
|    crash_vehicle           | 0           |
|    episode_cost            | 0           |
|    episode_length          | 1000        |
|    jerk                    | 0.407       |
|    lane_deviation          | 0.322       |
|    max_lane_deviation      | 0.934       |
|    mean_speed_kmh          | 15.5        |
|    min_ttc                 | 5.66        |
|    out_of_road             | 0           |
|    route_completion        | 0.594       |
|    shaped_reward           | 82          |
|    steering_variation      | 0.482       |
|    success                 | 0           |
|    ttc_risk                | 0           |
| rollout/                   |             |
|    ep_len_mean             | 984         |
|    ep_rew_mean             | 129         |
|    success_rate            | 0.08        |
| time/                      |             |
|    fps                     | 1250        |
|    iterations              | 70          |
|    time_elapsed            | 573         |
|    total_timesteps         | 716800      |
| train/                     |             |
|    approx_kl               | 0.011735055 |
|    clip_fraction           | 0.294       |
|    clip_range              | 0.2         |
|    entropy_loss            | -1.88       |
|    explained_variance      | 0.747       |
|    learning_rate           | 0.0003      |
|    loss                    | 1.19        |
|    n_updates               | 690         |
|    policy_gradient_loss    | 0.0103      |
|    std                     | 0.65        |
|    value_loss              | 2.62        |
--------------------------------------------
--------------------------------------------
| curriculum/                |             |
|    stage                   | 2           |
|    window_cost             | 0.1         |
|    window_route_completion | 0.806       |
|    window_success          | 0.1         |
| paper/                     |             |
|    accel_variation         | 0.481       |
|    base_reward             | 451         |
|    collision               | 0           |
|    crash_object            | 0           |
|    crash_vehicle           | 0           |
|    episode_cost            | 0           |
|    episode_length          | 1000        |
|    jerk                    | 0.439       |
|    lane_deviation          | 0.174       |
|    max_lane_deviation      | 0.719       |
|    mean_speed_kmh          | 18.9        |
|    min_ttc                 | 5.85        |
|    out_of_road             | 0           |
|    route_completion        | 0.845       |
|    shaped_reward           | 210         |
|    steering_variation      | 0.456       |
|    success                 | 0           |
|    ttc_risk                | 0           |
| rollout/                   |             |
|    ep_len_mean             | 973         |
|    ep_rew_mean             | 135         |
|    success_rate            | 0.09        |
| time/                      |             |
|    fps                     | 1242        |
|    iterations              | 71          |
|    time_elapsed            | 585         |
|    total_timesteps         | 727040      |
| train/                     |             |
|    approx_kl               | 0.016600275 |
|    clip_fraction           | 0.174       |
|    clip_range              | 0.2         |
|    entropy_loss            | -1.86       |
|    explained_variance      | 0.606       |
|    learning_rate           | 0.0003      |
|    loss                    | 1.85        |
|    n_updates               | 700         |
|    policy_gradient_loss    | -0.00528    |
|    std                     | 0.648       |
|    value_loss              | 5.04        |
--------------------------------------------
--------------------------------------------
| curriculum/                |             |
|    stage                   | 2           |
|    window_cost             | 0.1         |
|    window_route_completion | 0.813       |
|    window_success          | 0.1         |
| paper/                     |             |
|    accel_variation         | 0.475       |
|    base_reward             | 421         |
|    collision               | 0           |
|    crash_object            | 0           |
|    crash_vehicle           | 0           |
|    episode_cost            | 0           |
|    episode_length          | 1000        |
|    jerk                    | 0.458       |
|    lane_deviation          | 0.238       |
|    max_lane_deviation      | 0.773       |
|    mean_speed_kmh          | 19          |
|    min_ttc                 | 5.4         |
|    out_of_road             | 0           |
|    route_completion        | 0.844       |
|    shaped_reward           | 179         |
|    steering_variation      | 0.449       |
|    success                 | 0           |
|    ttc_risk                | 0           |
| rollout/                   |             |
|    ep_len_mean             | 964         |
|    ep_rew_mean             | 139         |
|    success_rate            | 0.09        |
| time/                      |             |
|    fps                     | 1236        |
|    iterations              | 72          |
|    time_elapsed            | 596         |
|    total_timesteps         | 737280      |
| train/                     |             |
|    approx_kl               | 0.021626804 |
|    clip_fraction           | 0.192       |
|    clip_range              | 0.2         |
|    entropy_loss            | -1.84       |
|    explained_variance      | 0.628       |
|    learning_rate           | 0.0003      |
|    loss                    | 0.991       |
|    n_updates               | 710         |
|    policy_gradient_loss    | 0.00156     |
|    std                     | 0.644       |
|    value_loss              | 2.96        |
--------------------------------------------
--------------------------------------------
| curriculum/                |             |
|    stage                   | 2           |
|    window_cost             | 0.0667      |
|    window_route_completion | 0.819       |
|    window_success          | 0.133       |
| paper/                     |             |
|    accel_variation         | 0.503       |
|    base_reward             | 436         |
|    collision               | 0           |
|    crash_object            | 0           |
|    crash_vehicle           | 0           |
|    episode_cost            | 0           |
|    episode_length          | 1000        |
|    jerk                    | 0.442       |
|    lane_deviation          | 0.203       |
|    max_lane_deviation      | 0.593       |
|    mean_speed_kmh          | 18.9        |
|    min_ttc                 | 4.58        |
|    out_of_road             | 0           |
|    route_completion        | 0.809       |
|    shaped_reward           | 198         |
|    steering_variation      | 0.449       |
|    success                 | 0           |
|    ttc_risk                | 0.00013     |
| rollout/                   |             |
|    ep_len_mean             | 961         |
|    ep_rew_mean             | 146         |
|    success_rate            | 0.12        |
| time/                      |             |
|    fps                     | 1230        |
|    iterations              | 73          |
|    time_elapsed            | 607         |
|    total_timesteps         | 747520      |
| train/                     |             |
|    approx_kl               | 0.009819235 |
|    clip_fraction           | 0.242       |
|    clip_range              | 0.2         |
|    entropy_loss            | -1.81       |
|    explained_variance      | 0.542       |
|    learning_rate           | 0.0003      |
|    loss                    | 1.12        |
|    n_updates               | 720         |
|    policy_gradient_loss    | 0.0101      |
|    std                     | 0.632       |
|    value_loss              | 3.12        |
--------------------------------------------
--------------------------------------------
| curriculum/                |             |
|    stage                   | 2           |
|    window_cost             | 0.0333      |
|    window_route_completion | 0.853       |
|    window_success          | 0.167       |
| paper/                     |             |
|    accel_variation         | 0.495       |
|    base_reward             | 426         |
|    collision               | 0           |
|    crash_object            | 0           |
|    crash_vehicle           | 0           |
|    episode_cost            | 0           |
|    episode_length          | 1000        |
|    jerk                    | 0.443       |
|    lane_deviation          | 0.192       |
|    max_lane_deviation      | 0.943       |
|    mean_speed_kmh          | 18.2        |
|    min_ttc                 | 4.95        |
|    out_of_road             | 0           |
|    route_completion        | 0.945       |
|    shaped_reward           | 194         |
|    steering_variation      | 0.444       |
|    success                 | 0           |
|    ttc_risk                | 1.02e-05    |
| rollout/                   |             |
|    ep_len_mean             | 958         |
|    ep_rew_mean             | 151         |
|    success_rate            | 0.12        |
| time/                      |             |
|    fps                     | 1225        |
|    iterations              | 74          |
|    time_elapsed            | 618         |
|    total_timesteps         | 757760      |
| train/                     |             |
|    approx_kl               | 0.013417853 |
|    clip_fraction           | 0.196       |
|    clip_range              | 0.2         |
|    entropy_loss            | -1.78       |
|    explained_variance      | 0.572       |
|    learning_rate           | 0.0003      |
|    loss                    | 2.13        |
|    n_updates               | 730         |
|    policy_gradient_loss    | 0.000511    |
|    std                     | 0.631       |
|    value_loss              | 6.93        |
--------------------------------------------
--------------------------------------------
| curriculum/                |             |
|    stage                   | 3           |
|    window_cost             | 0.0333      |
|    window_route_completion | 0.87        |
|    window_success          | 0.267       |
| paper/                     |             |
|    accel_variation         | 0.482       |
|    base_reward             | 468         |
|    collision               | 0           |
|    crash_object            | 0           |
|    crash_vehicle           | 0           |
|    episode_cost            | 0           |
|    episode_length          | 1080        |
|    jerk                    | 0.467       |
|    lane_deviation          | 0.212       |
|    max_lane_deviation      | 0.981       |
|    mean_speed_kmh          | 18.8        |
|    min_ttc                 | 3.37        |
|    out_of_road             | 0           |
|    route_completion        | 0.991       |
|    shaped_reward           | 248         |
|    steering_variation      | 0.424       |
|    success                 | 1           |
|    ttc_risk                | 0.000302    |
| rollout/                   |             |
|    ep_len_mean             | 950         |
|    ep_rew_mean             | 161         |
|    success_rate            | 0.2         |
| time/                      |             |
|    fps                     | 1217        |
|    iterations              | 75          |
|    time_elapsed            | 631         |
|    total_timesteps         | 768000      |
| train/                     |             |
|    approx_kl               | 0.022384424 |
|    clip_fraction           | 0.172       |
|    clip_range              | 0.2         |
|    entropy_loss            | -1.77       |
|    explained_variance      | 0.743       |
|    learning_rate           | 0.0003      |
|    loss                    | 1.25        |
|    n_updates               | 740         |
|    policy_gradient_loss    | -0.000783   |
|    std                     | 0.623       |
|    value_loss              | 3.14        |
--------------------------------------------
-----------------------------------------
| paper/                  |             |
|    accel_variation      | 0.495       |
|    base_reward          | 402         |
|    collision            | 0           |
|    crash_object         | 0           |
|    crash_vehicle        | 0           |
|    episode_cost         | 0           |
|    episode_length       | 1100        |
|    jerk                 | 0.45        |
|    lane_deviation       | 0.152       |
|    max_lane_deviation   | 1.07        |
|    mean_speed_kmh       | 15.1        |
|    min_ttc              | 3.75        |
|    out_of_road          | 0           |
|    route_completion     | 0.664       |
|    shaped_reward        | 177         |
|    steering_variation   | 0.434       |
|    success              | 0           |
|    ttc_risk             | 0.000564    |
| rollout/                |             |
|    ep_len_mean          | 956         |
|    ep_rew_mean          | 164         |
|    success_rate         | 0.19        |
| time/                   |             |
|    fps                  | 1209        |
|    iterations           | 76          |
|    time_elapsed         | 643         |
|    total_timesteps      | 778240      |
| train/                  |             |
|    approx_kl            | 0.017460188 |
|    clip_fraction        | 0.181       |
|    clip_range           | 0.2         |
|    entropy_loss         | -1.75       |
|    explained_variance   | 0.73        |
|    learning_rate        | 0.0003      |
|    loss                 | 1.43        |
|    n_updates            | 750         |
|    policy_gradient_loss | -0.000812   |
|    std                  | 0.62        |
|    value_loss           | 12.3        |
-----------------------------------------
--------------------------------------------
| curriculum/                |             |
|    stage                   | 3           |
|    window_cost             | 0.267       |
|    window_route_completion | 0.722       |
|    window_success          | 0.133       |
| paper/                     |             |
|    accel_variation         | 0.454       |
|    base_reward             | 407         |
|    collision               | 0           |
|    crash_object            | 0           |
|    crash_vehicle           | 0           |
|    episode_cost            | 0           |
|    episode_length          | 1100        |
|    jerk                    | 0.447       |
|    lane_deviation          | 0.196       |
|    max_lane_deviation      | 0.786       |
|    mean_speed_kmh          | 16.7        |
|    min_ttc                 | 4.38        |
|    out_of_road             | 0           |
|    route_completion        | 0.739       |
|    shaped_reward           | 173         |
|    steering_variation      | 0.457       |
|    success                 | 0           |
|    ttc_risk                | 0.000117    |
| rollout/                   |             |
|    ep_len_mean             | 941         |
|    ep_rew_mean             | 158         |
|    success_rate            | 0.17        |
| time/                      |             |
|    fps                     | 1196        |
|    iterations              | 77          |
|    time_elapsed            | 658         |
|    total_timesteps         | 788480      |
| train/                     |             |
|    approx_kl               | 0.030202007 |
|    clip_fraction           | 0.274       |
|    clip_range              | 0.2         |
|    entropy_loss            | -1.75       |
|    explained_variance      | 0.495       |
|    learning_rate           | 0.0003      |
|    loss                    | 1.94        |
|    n_updates               | 760         |
|    policy_gradient_loss    | 0.00519     |
|    std                     | 0.626       |
|    value_loss              | 11.2        |
--------------------------------------------
--------------------------------------------
| curriculum/                |             |
|    stage                   | 3           |
|    window_cost             | 0.267       |
|    window_route_completion | 0.698       |
|    window_success          | 0.0333      |
| paper/                     |             |
|    accel_variation         | 0.497       |
|    base_reward             | 435         |
|    collision               | 0           |
|    crash_object            | 0           |
|    crash_vehicle           | 0           |
|    episode_cost            | 0           |
|    episode_length          | 1100        |
|    jerk                    | 0.447       |
|    lane_deviation          | 0.225       |
|    max_lane_deviation      | 0.917       |
|    mean_speed_kmh          | 17.7        |
|    min_ttc                 | 3.37        |
|    out_of_road             | 0           |
|    route_completion        | 0.817       |
|    shaped_reward           | 183         |
|    steering_variation      | 0.432       |
|    success                 | 0           |
|    ttc_risk                | 0.00221     |
| rollout/                   |             |
|    ep_len_mean             | 938         |
|    ep_rew_mean             | 158         |
|    success_rate            | 0.17        |
| time/                      |             |
|    fps                     | 1186        |
|    iterations              | 78          |
|    time_elapsed            | 673         |
|    total_timesteps         | 798720      |
| train/                     |             |
|    approx_kl               | 0.010422124 |
|    clip_fraction           | 0.152       |
|    clip_range              | 0.2         |
|    entropy_loss            | -1.76       |
|    explained_variance      | 0.562       |
|    learning_rate           | 0.0003      |
|    loss                    | 1.71        |
|    n_updates               | 770         |
|    policy_gradient_loss    | -0.00211    |
|    std                     | 0.625       |
|    value_loss              | 10.9        |
--------------------------------------------
--------------------------------------------
| curriculum/                |             |
|    stage                   | 3           |
|    window_cost             | 0.3         |
|    window_route_completion | 0.697       |
|    window_success          | 0.133       |
| paper/                     |             |
|    accel_variation         | 0.509       |
|    base_reward             | 423         |
|    collision               | 0           |
|    crash_object            | 0           |
|    crash_vehicle           | 0           |
|    episode_cost            | 0           |
|    episode_length          | 1100        |
|    jerk                    | 0.437       |
|    lane_deviation          | 0.231       |
|    max_lane_deviation      | 0.916       |
|    mean_speed_kmh          | 17.3        |
|    min_ttc                 | 4.17        |
|    out_of_road             | 0           |
|    route_completion        | 0.744       |
|    shaped_reward           | 168         |
|    steering_variation      | 0.447       |
|    success                 | 0           |
|    ttc_risk                | 0.000151    |
| rollout/                   |             |
|    ep_len_mean             | 937         |
|    ep_rew_mean             | 159         |
|    success_rate            | 0.18        |
| time/                      |             |
|    fps                     | 1173        |
|    iterations              | 79          |
|    time_elapsed            | 689         |
|    total_timesteps         | 808960      |
| train/                     |             |
|    approx_kl               | 0.096297994 |
|    clip_fraction           | 0.273       |
|    clip_range              | 0.2         |
|    entropy_loss            | -1.76       |
|    explained_variance      | 0.415       |
|    learning_rate           | 0.0003      |
|    loss                    | 1.57        |
|    n_updates               | 780         |
|    policy_gradient_loss    | 0.00458     |
|    std                     | 0.627       |
|    value_loss              | 7.56        |
--------------------------------------------
--------------------------------------------
| curriculum/                |             |
|    stage                   | 3           |
|    window_cost             | 0.267       |
|    window_route_completion | 0.719       |
|    window_success          | 0.133       |
| paper/                     |             |
|    accel_variation         | 0.526       |
|    base_reward             | 421         |
|    collision               | 0           |
|    crash_object            | 0           |
|    crash_vehicle           | 0           |
|    episode_cost            | 0           |
|    episode_length          | 1100        |
|    jerk                    | 0.446       |
|    lane_deviation          | 0.276       |
|    max_lane_deviation      | 0.928       |
|    mean_speed_kmh          | 18.1        |
|    min_ttc                 | 5.52        |
|    out_of_road             | 0           |
|    route_completion        | 0.775       |
|    shaped_reward           | 153         |
|    steering_variation      | 0.459       |
|    success                 | 0           |
|    ttc_risk                | 0           |
| rollout/                   |             |
|    ep_len_mean             | 943         |
|    ep_rew_mean             | 152         |
|    success_rate            | 0.17        |
| time/                      |             |
|    fps                     | 1161        |
|    iterations              | 80          |
|    time_elapsed            | 705         |
|    total_timesteps         | 819200      |
| train/                     |             |
|    approx_kl               | 0.008879003 |
|    clip_fraction           | 0.122       |
|    clip_range              | 0.2         |
|    entropy_loss            | -1.76       |
|    explained_variance      | 0.707       |
|    learning_rate           | 0.0003      |
|    loss                    | 3.1         |
|    n_updates               | 790         |
|    policy_gradient_loss    | -0.00435    |
|    std                     | 0.629       |
|    value_loss              | 14.7        |
--------------------------------------------
--------------------------------------------
| curriculum/                |             |
|    stage                   | 3           |
|    window_cost             | 0.267       |
|    window_route_completion | 0.709       |
|    window_success          | 0.0333      |
| paper/                     |             |
|    accel_variation         | 0.512       |
|    base_reward             | 167         |
|    collision               | 1           |
|    crash_object            | 0           |
|    crash_vehicle           | 1           |
|    episode_cost            | 1           |
|    episode_length          | 399         |
|    jerk                    | 0.438       |
|    lane_deviation          | 0.136       |
|    max_lane_deviation      | 0.508       |
|    mean_speed_kmh          | 17.9        |
|    min_ttc                 | 0.275       |
|    out_of_road             | 0           |
|    route_completion        | 0.381       |
|    shaped_reward           | -17.3       |
|    steering_variation      | 0.434       |
|    success                 | 0           |
|    ttc_risk                | 0.00237     |
| rollout/                   |             |
|    ep_len_mean             | 951         |
|    ep_rew_mean             | 149         |
|    success_rate            | 0.16        |
| time/                      |             |
|    fps                     | 1150        |
|    iterations              | 81          |
|    time_elapsed            | 720         |
|    total_timesteps         | 829440      |
| train/                     |             |
|    approx_kl               | 0.013617439 |
|    clip_fraction           | 0.18        |
|    clip_range              | 0.2         |
|    entropy_loss            | -1.75       |
|    explained_variance      | 0.747       |
|    learning_rate           | 0.0003      |
|    loss                    | 4.43        |
|    n_updates               | 800         |
|    policy_gradient_loss    | -0.00011    |
|    std                     | 0.62        |
|    value_loss              | 13.9        |
--------------------------------------------
------------------------------------------
| curriculum/                |           |
|    stage                   | 3         |
|    window_cost             | 0.233     |
|    window_route_completion | 0.715     |
|    window_success          | 0.0333    |
| paper/                     |           |
|    accel_variation         | 0.48      |
|    base_reward             | 399       |
|    collision               | 0         |
|    crash_object            | 0         |
|    crash_vehicle           | 0         |
|    episode_cost            | 0         |
|    episode_length          | 1100      |
|    jerk                    | 0.435     |
|    lane_deviation          | 0.238     |
|    max_lane_deviation      | 0.945     |
|    mean_speed_kmh          | 16.3      |
|    min_ttc                 | 3.03      |
|    out_of_road             | 0         |
|    route_completion        | 0.764     |
|    shaped_reward           | 149       |
|    steering_variation      | 0.448     |
|    success                 | 0         |
|    ttc_risk                | 0.00399   |
| rollout/                   |           |
|    ep_len_mean             | 958       |
|    ep_rew_mean             | 148       |
|    success_rate            | 0.15      |
| time/                      |           |
|    fps                     | 1141      |
|    iterations              | 82        |
|    time_elapsed            | 735       |
|    total_timesteps         | 839680    |
| train/                     |           |
|    approx_kl               | 0.0166068 |
|    clip_fraction           | 0.195     |
|    clip_range              | 0.2       |
|    entropy_loss            | -1.73     |
|    explained_variance      | 0.669     |
|    learning_rate           | 0.0003    |
|    loss                    | 2.26      |
|    n_updates               | 810       |
|    policy_gradient_loss    | 0.000241  |
|    std                     | 0.62      |
|    value_loss              | 11.6      |
------------------------------------------
--------------------------------------------
| curriculum/                |             |
|    stage                   | 3           |
|    window_cost             | 0.2         |
|    window_route_completion | 0.724       |
|    window_success          | 0.0667      |
| paper/                     |             |
|    accel_variation         | 0.503       |
|    base_reward             | 452         |
|    collision               | 0           |
|    crash_object            | 0           |
|    crash_vehicle           | 0           |
|    episode_cost            | 0           |
|    episode_length          | 963         |
|    jerk                    | 0.467       |
|    lane_deviation          | 0.187       |
|    max_lane_deviation      | 0.718       |
|    mean_speed_kmh          | 19.1        |
|    min_ttc                 | 7.17        |
|    out_of_road             | 0           |
|    route_completion        | 0.991       |
|    shaped_reward           | 256         |
|    steering_variation      | 0.405       |
|    success                 | 1           |
|    ttc_risk                | 0           |
| rollout/                   |             |
|    ep_len_mean             | 961         |
|    ep_rew_mean             | 145         |
|    success_rate            | 0.14        |
| time/                      |             |
|    fps                     | 1130        |
|    iterations              | 83          |
|    time_elapsed            | 751         |
|    total_timesteps         | 849920      |
| train/                     |             |
|    approx_kl               | 0.026238024 |
|    clip_fraction           | 0.219       |
|    clip_range              | 0.2         |
|    entropy_loss            | -1.74       |
|    explained_variance      | 0.615       |
|    learning_rate           | 0.0003      |
|    loss                    | 2.74        |
|    n_updates               | 820         |
|    policy_gradient_loss    | 0.00106     |
|    std                     | 0.627       |
|    value_loss              | 9.59        |
--------------------------------------------
--------------------------------------------
| curriculum/                |             |
|    stage                   | 3           |
|    window_cost             | 0.2         |
|    window_route_completion | 0.713       |
|    window_success          | 0.0667      |
| paper/                     |             |
|    accel_variation         | 0.522       |
|    base_reward             | 437         |
|    collision               | 0           |
|    crash_object            | 0           |
|    crash_vehicle           | 0           |
|    episode_cost            | 0           |
|    episode_length          | 1100        |
|    jerk                    | 0.467       |
|    lane_deviation          | 0.245       |
|    max_lane_deviation      | 0.915       |
|    mean_speed_kmh          | 19          |
|    min_ttc                 | 5.68        |
|    out_of_road             | 0           |
|    route_completion        | 0.828       |
|    shaped_reward           | 175         |
|    steering_variation      | 0.409       |
|    success                 | 0           |
|    ttc_risk                | 0           |
| rollout/                   |             |
|    ep_len_mean             | 969         |
|    ep_rew_mean             | 141         |
|    success_rate            | 0.1         |
| time/                      |             |
|    fps                     | 1119        |
|    iterations              | 84          |
|    time_elapsed            | 768         |
|    total_timesteps         | 860160      |
| train/                     |             |
|    approx_kl               | 0.023213778 |
|    clip_fraction           | 0.166       |
|    clip_range              | 0.2         |
|    entropy_loss            | -1.75       |
|    explained_variance      | 0.769       |
|    learning_rate           | 0.0003      |
|    loss                    | 2.35        |
|    n_updates               | 830         |
|    policy_gradient_loss    | -0.00221    |
|    std                     | 0.629       |
|    value_loss              | 12.6        |
--------------------------------------------
--------------------------------------------
| curriculum/                |             |
|    stage                   | 3           |
|    window_cost             | 0.167       |
|    window_route_completion | 0.735       |
|    window_success          | 0.1         |
| paper/                     |             |
|    accel_variation         | 0.471       |
|    base_reward             | 362         |
|    collision               | 0           |
|    crash_object            | 0           |
|    crash_vehicle           | 0           |
|    episode_cost            | 0           |
|    episode_length          | 1032        |
|    jerk                    | 0.446       |
|    lane_deviation          | 0.332       |
|    max_lane_deviation      | 0.822       |
|    mean_speed_kmh          | 16.5        |
|    min_ttc                 | 1.77        |
|    out_of_road             | 0           |
|    route_completion        | 0.987       |
|    shaped_reward           | 155         |
|    steering_variation      | 0.421       |
|    success                 | 1           |
|    ttc_risk                | 0.00849     |
| rollout/                   |             |
|    ep_len_mean             | 976         |
|    ep_rew_mean             | 137         |
|    success_rate            | 0.08        |
| time/                      |             |
|    fps                     | 1114        |
|    iterations              | 85          |
|    time_elapsed            | 781         |
|    total_timesteps         | 870400      |
| train/                     |             |
|    approx_kl               | 0.033782877 |
|    clip_fraction           | 0.269       |
|    clip_range              | 0.2         |
|    entropy_loss            | -1.74       |
|    explained_variance      | 0.623       |
|    learning_rate           | 0.0003      |
|    loss                    | 5.04        |
|    n_updates               | 840         |
|    policy_gradient_loss    | 0.00808     |
|    std                     | 0.623       |
|    value_loss              | 6.02        |
--------------------------------------------
--------------------------------------------
| curriculum/                |             |
|    stage                   | 3           |
|    window_cost             | 0.2         |
|    window_route_completion | 0.723       |
|    window_success          | 0.0667      |
| paper/                     |             |
|    accel_variation         | 0.468       |
|    base_reward             | 419         |
|    collision               | 0           |
|    crash_object            | 0           |
|    crash_vehicle           | 0           |
|    episode_cost            | 0           |
|    episode_length          | 1100        |
|    jerk                    | 0.437       |
|    lane_deviation          | 0.205       |
|    max_lane_deviation      | 0.607       |
|    mean_speed_kmh          | 16.6        |
|    min_ttc                 | 0.166       |
|    out_of_road             | 0           |
|    route_completion        | 0.877       |
|    shaped_reward           | 175         |
|    steering_variation      | 0.43        |
|    success                 | 0           |
|    ttc_risk                | 0.0289      |
| rollout/                   |             |
|    ep_len_mean             | 975         |
|    ep_rew_mean             | 130         |
|    success_rate            | 0.08        |
| time/                      |             |
|    fps                     | 1106        |
|    iterations              | 86          |
|    time_elapsed            | 796         |
|    total_timesteps         | 880640      |
| train/                     |             |
|    approx_kl               | 0.015829679 |
|    clip_fraction           | 0.17        |
|    clip_range              | 0.2         |
|    entropy_loss            | -1.73       |
|    explained_variance      | 0.505       |
|    learning_rate           | 0.0003      |
|    loss                    | 3.05        |
|    n_updates               | 850         |
|    policy_gradient_loss    | -0.00355    |
|    std                     | 0.631       |
|    value_loss              | 13          |
--------------------------------------------
--------------------------------------------
| curriculum/                |             |
|    stage                   | 3           |
|    window_cost             | 0.267       |
|    window_route_completion | 0.689       |
|    window_success          | 0.0667      |
| paper/                     |             |
|    accel_variation         | 0.503       |
|    base_reward             | 407         |
|    collision               | 0           |
|    crash_object            | 0           |
|    crash_vehicle           | 0           |
|    episode_cost            | 0           |
|    episode_length          | 1100        |
|    jerk                    | 0.424       |
|    lane_deviation          | 0.25        |
|    max_lane_deviation      | 0.996       |
|    mean_speed_kmh          | 16.9        |
|    min_ttc                 | 5.72        |
|    out_of_road             | 0           |
|    route_completion        | 0.685       |
|    shaped_reward           | 150         |
|    steering_variation      | 0.412       |
|    success                 | 0           |
|    ttc_risk                | 0           |
| rollout/                   |             |
|    ep_len_mean             | 972         |
|    ep_rew_mean             | 125         |
|    success_rate            | 0.07        |
| time/                      |             |
|    fps                     | 1096        |
|    iterations              | 87          |
|    time_elapsed            | 812         |
|    total_timesteps         | 890880      |
| train/                     |             |
|    approx_kl               | 0.014018756 |
|    clip_fraction           | 0.148       |
|    clip_range              | 0.2         |
|    entropy_loss            | -1.73       |
|    explained_variance      | 0.652       |
|    learning_rate           | 0.0003      |
|    loss                    | 9.48        |
|    n_updates               | 860         |
|    policy_gradient_loss    | -0.0015     |
|    std                     | 0.623       |
|    value_loss              | 16          |
--------------------------------------------
--------------------------------------------
| curriculum/                |             |
|    stage                   | 3           |
|    window_cost             | 0.267       |
|    window_route_completion | 0.685       |
|    window_success          | 0.0333      |
| paper/                     |             |
|    accel_variation         | 0.507       |
|    base_reward             | 444         |
|    collision               | 0           |
|    crash_object            | 0           |
|    crash_vehicle           | 0           |
|    episode_cost            | 0           |
|    episode_length          | 1100        |
|    jerk                    | 0.467       |
|    lane_deviation          | 0.182       |
|    max_lane_deviation      | 0.925       |
|    mean_speed_kmh          | 16.8        |
|    min_ttc                 | 9.63        |
|    out_of_road             | 0           |
|    route_completion        | 0.836       |
|    shaped_reward           | 199         |
|    steering_variation      | 0.426       |
|    success                 | 0           |
|    ttc_risk                | 0           |
| rollout/                   |             |
|    ep_len_mean             | 981         |
|    ep_rew_mean             | 126         |
|    success_rate            | 0.05        |
| time/                      |             |
|    fps                     | 1086        |
|    iterations              | 88          |
|    time_elapsed            | 829         |
|    total_timesteps         | 901120      |
| train/                     |             |
|    approx_kl               | 0.014034407 |
|    clip_fraction           | 0.124       |
|    clip_range              | 0.2         |
|    entropy_loss            | -1.72       |
|    explained_variance      | 0.566       |
|    learning_rate           | 0.0003      |
|    loss                    | 6.51        |
|    n_updates               | 870         |
|    policy_gradient_loss    | -0.00275    |
|    std                     | 0.63        |
|    value_loss              | 18.4        |
--------------------------------------------
--------------------------------------------
| curriculum/                |             |
|    stage                   | 3           |
|    window_cost             | 0.3         |
|    window_route_completion | 0.698       |
|    window_success          | 0.1         |
| paper/                     |             |
|    accel_variation         | 0.522       |
|    base_reward             | 428         |
|    collision               | 0           |
|    crash_object            | 0           |
|    crash_vehicle           | 0           |
|    episode_cost            | 0           |
|    episode_length          | 912         |
|    jerk                    | 0.477       |
|    lane_deviation          | 0.177       |
|    max_lane_deviation      | 0.744       |
|    mean_speed_kmh          | 18.8        |
|    min_ttc                 | 9.68        |
|    out_of_road             | 0           |
|    route_completion        | 0.99        |
|    shaped_reward           | 248         |
|    steering_variation      | 0.42        |
|    success                 | 1           |
|    ttc_risk                | 0           |
| rollout/                   |             |
|    ep_len_mean             | 989         |
|    ep_rew_mean             | 135         |
|    success_rate            | 0.07        |
| time/                      |             |
|    fps                     | 1077        |
|    iterations              | 89          |
|    time_elapsed            | 845         |
|    total_timesteps         | 911360      |
| train/                     |             |
|    approx_kl               | 0.008653836 |
|    clip_fraction           | 0.154       |
|    clip_range              | 0.2         |
|    entropy_loss            | -1.72       |
|    explained_variance      | 0.801       |
|    learning_rate           | 0.0003      |
|    loss                    | 2.55        |
|    n_updates               | 880         |
|    policy_gradient_loss    | -0.000664   |
|    std                     | 0.623       |
|    value_loss              | 13.6        |
--------------------------------------------
-------------------------------------------
| curriculum/                |            |
|    stage                   | 3          |
|    window_cost             | 0.267      |
|    window_route_completion | 0.709      |
|    window_success          | 0.1        |
| paper/                     |            |
|    accel_variation         | 0.497      |
|    base_reward             | 488        |
|    collision               | 0          |
|    crash_object            | 0          |
|    crash_vehicle           | 0          |
|    episode_cost            | 0          |
|    episode_length          | 1100       |
|    jerk                    | 0.453      |
|    lane_deviation          | 0.17       |
|    max_lane_deviation      | 0.869      |
|    mean_speed_kmh          | 18.6       |
|    min_ttc                 | 2.54       |
|    out_of_road             | 0          |
|    route_completion        | 0.529      |
|    shaped_reward           | 217        |
|    steering_variation      | 0.388      |
|    success                 | 0          |
|    ttc_risk                | 0.00197    |
| rollout/                   |            |
|    ep_len_mean             | 977        |
|    ep_rew_mean             | 138        |
|    success_rate            | 0.08       |
| time/                      |            |
|    fps                     | 1072       |
|    iterations              | 90         |
|    time_elapsed            | 859        |
|    total_timesteps         | 921600     |
| train/                     |            |
|    approx_kl               | 0.05127989 |
|    clip_fraction           | 0.224      |
|    clip_range              | 0.2        |
|    entropy_loss            | -1.71      |
|    explained_variance      | 0.565      |
|    learning_rate           | 0.0003     |
|    loss                    | 6.28       |
|    n_updates               | 890        |
|    policy_gradient_loss    | 0.00477    |
|    std                     | 0.62       |
|    value_loss              | 24.6       |
-------------------------------------------
--------------------------------------------
| curriculum/                |             |
|    stage                   | 3           |
|    window_cost             | 0.2         |
|    window_route_completion | 0.754       |
|    window_success          | 0.1         |
| paper/                     |             |
|    accel_variation         | 0.513       |
|    base_reward             | 479         |
|    collision               | 0           |
|    crash_object            | 0           |
|    crash_vehicle           | 0           |
|    episode_cost            | 0           |
|    episode_length          | 1100        |
|    jerk                    | 0.466       |
|    lane_deviation          | 0.147       |
|    max_lane_deviation      | 0.549       |
|    mean_speed_kmh          | 17.6        |
|    min_ttc                 | 1.96        |
|    out_of_road             | 0           |
|    route_completion        | 0.714       |
|    shaped_reward           | 227         |
|    steering_variation      | 0.403       |
|    success                 | 0           |
|    ttc_risk                | 0.00399     |
| rollout/                   |             |
|    ep_len_mean             | 985         |
|    ep_rew_mean             | 144         |
|    success_rate            | 0.08        |
| time/                      |             |
|    fps                     | 1065        |
|    iterations              | 91          |
|    time_elapsed            | 874         |
|    total_timesteps         | 931840      |
| train/                     |             |
|    approx_kl               | 0.022377497 |
|    clip_fraction           | 0.288       |
|    clip_range              | 0.2         |
|    entropy_loss            | -1.71       |
|    explained_variance      | 0.706       |
|    learning_rate           | 0.0003      |
|    loss                    | 2.42        |
|    n_updates               | 900         |
|    policy_gradient_loss    | 0.0132      |
|    std                     | 0.624       |
|    value_loss              | 8.75        |
--------------------------------------------
-------------------------------------------
| curriculum/                |            |
|    stage                   | 3          |
|    window_cost             | 0.2        |
|    window_route_completion | 0.761      |
|    window_success          | 0.1        |
| paper/                     |            |
|    accel_variation         | 0.495      |
|    base_reward             | 127        |
|    collision               | 1          |
|    crash_object            | 0          |
|    crash_vehicle           | 1          |
|    episode_cost            | 1          |
|    episode_length          | 614        |
|    jerk                    | 0.438      |
|    lane_deviation          | 0.607      |
|    max_lane_deviation      | 1.28       |
|    mean_speed_kmh          | 18.3       |
|    min_ttc                 | 0.703      |
|    out_of_road             | 0          |
|    route_completion        | 0.507      |
|    shaped_reward           | -164       |
|    steering_variation      | 0.412      |
|    success                 | 0          |
|    ttc_risk                | 0.00707    |
| rollout/                   |            |
|    ep_len_mean             | 984        |
|    ep_rew_mean             | 137        |
|    success_rate            | 0.08       |
| time/                      |            |
|    fps                     | 1057       |
|    iterations              | 92         |
|    time_elapsed            | 890        |
|    total_timesteps         | 942080     |
| train/                     |            |
|    approx_kl               | 0.12460077 |
|    clip_fraction           | 0.326      |
|    clip_range              | 0.2        |
|    entropy_loss            | -1.72      |
|    explained_variance      | 0.769      |
|    learning_rate           | 0.0003     |
|    loss                    | 1.26       |
|    n_updates               | 910        |
|    policy_gradient_loss    | 0.0158     |
|    std                     | 0.628      |
|    value_loss              | 4.56       |
-------------------------------------------
--------------------------------------------
| curriculum/                |             |
|    stage                   | 3           |
|    window_cost             | 0.167       |
|    window_route_completion | 0.746       |
|    window_success          | 0.0333      |
| paper/                     |             |
|    accel_variation         | 0.535       |
|    base_reward             | 433         |
|    collision               | 0           |
|    crash_object            | 0           |
|    crash_vehicle           | 0           |
|    episode_cost            | 0           |
|    episode_length          | 1100        |
|    jerk                    | 0.447       |
|    lane_deviation          | 0.277       |
|    max_lane_deviation      | 0.996       |
|    mean_speed_kmh          | 18.7        |
|    min_ttc                 | 4.44        |
|    out_of_road             | 0           |
|    route_completion        | 0.801       |
|    shaped_reward           | 163         |
|    steering_variation      | 0.405       |
|    success                 | 0           |
|    ttc_risk                | 0.000204    |
| rollout/                   |             |
|    ep_len_mean             | 990         |
|    ep_rew_mean             | 125         |
|    success_rate            | 0.07        |
| time/                      |             |
|    fps                     | 1049        |
|    iterations              | 93          |
|    time_elapsed            | 907         |
|    total_timesteps         | 952320      |
| train/                     |             |
|    approx_kl               | 0.029926348 |
|    clip_fraction           | 0.181       |
|    clip_range              | 0.2         |
|    entropy_loss            | -1.73       |
|    explained_variance      | 0.727       |
|    learning_rate           | 0.0003      |
|    loss                    | 7.66        |
|    n_updates               | 920         |
|    policy_gradient_loss    | -0.00398    |
|    std                     | 0.626       |
|    value_loss              | 14          |
--------------------------------------------
--------------------------------------------
| curriculum/                |             |
|    stage                   | 3           |
|    window_cost             | 0.2         |
|    window_route_completion | 0.731       |
|    window_success          | 0.0333      |
| paper/                     |             |
|    accel_variation         | 0.509       |
|    base_reward             | 422         |
|    collision               | 0           |
|    crash_object            | 0           |
|    crash_vehicle           | 0           |
|    episode_cost            | 0           |
|    episode_length          | 1100        |
|    jerk                    | 0.46        |
|    lane_deviation          | 0.288       |
|    max_lane_deviation      | 1.13        |
|    mean_speed_kmh          | 18.4        |
|    min_ttc                 | 4.96        |
|    out_of_road             | 0           |
|    route_completion        | 0.721       |
|    shaped_reward           | 146         |
|    steering_variation      | 0.404       |
|    success                 | 0           |
|    ttc_risk                | 7.37e-06    |
| rollout/                   |             |
|    ep_len_mean             | 986         |
|    ep_rew_mean             | 122         |
|    success_rate            | 0.07        |
| time/                      |             |
|    fps                     | 1044        |
|    iterations              | 94          |
|    time_elapsed            | 921         |
|    total_timesteps         | 962560      |
| train/                     |             |
|    approx_kl               | 0.013659204 |
|    clip_fraction           | 0.215       |
|    clip_range              | 0.2         |
|    entropy_loss            | -1.73       |
|    explained_variance      | 0.74        |
|    learning_rate           | 0.0003      |
|    loss                    | 3.23        |
|    n_updates               | 930         |
|    policy_gradient_loss    | 0.000518    |
|    std                     | 0.629       |
|    value_loss              | 15.6        |
--------------------------------------------
--------------------------------------------
| curriculum/                |             |
|    stage                   | 3           |
|    window_cost             | 0.133       |
|    window_route_completion | 0.733       |
|    window_success          | 0.0333      |
| paper/                     |             |
|    accel_variation         | 0.715       |
|    base_reward             | 247         |
|    collision               | 0           |
|    crash_object            | 0           |
|    crash_vehicle           | 0           |
|    episode_cost            | 0           |
|    episode_length          | 1100        |
|    jerk                    | 0.528       |
|    lane_deviation          | 0.383       |
|    max_lane_deviation      | 0.761       |
|    mean_speed_kmh          | 9.75        |
|    min_ttc                 | 2.04        |
|    out_of_road             | 0           |
|    route_completion        | 0.577       |
|    shaped_reward           | -59         |
|    steering_variation      | 0.395       |
|    success                 | 0           |
|    ttc_risk                | 0.0163      |
| rollout/                   |             |
|    ep_len_mean             | 1e+03       |
|    ep_rew_mean             | 127         |
|    success_rate            | 0.06        |
| time/                      |             |
|    fps                     | 1039        |
|    iterations              | 95          |
|    time_elapsed            | 935         |
|    total_timesteps         | 972800      |
| train/                     |             |
|    approx_kl               | 0.029500965 |
|    clip_fraction           | 0.242       |
|    clip_range              | 0.2         |
|    entropy_loss            | -1.73       |
|    explained_variance      | 0.786       |
|    learning_rate           | 0.0003      |
|    loss                    | 1.57        |
|    n_updates               | 940         |
|    policy_gradient_loss    | -0.000444   |
|    std                     | 0.629       |
|    value_loss              | 5.87        |
--------------------------------------------
-------------------------------------------
| curriculum/                |            |
|    stage                   | 3          |
|    window_cost             | 0.133      |
|    window_route_completion | 0.769      |
|    window_success          | 0.167      |
| paper/                     |            |
|    accel_variation         | 0.486      |
|    base_reward             | 494        |
|    collision               | 0          |
|    crash_object            | 0          |
|    crash_vehicle           | 0          |
|    episode_cost            | 0          |
|    episode_length          | 1095       |
|    jerk                    | 0.442      |
|    lane_deviation          | 0.145      |
|    max_lane_deviation      | 0.611      |
|    mean_speed_kmh          | 17.5       |
|    min_ttc                 | 0.929      |
|    out_of_road             | 0          |
|    route_completion        | 0.992      |
|    shaped_reward           | 280        |
|    steering_variation      | 0.415      |
|    success                 | 1          |
|    ttc_risk                | 0.0101     |
| rollout/                   |            |
|    ep_len_mean             | 1e+03      |
|    ep_rew_mean             | 132        |
|    success_rate            | 0.1        |
| time/                      |            |
|    fps                     | 1034       |
|    iterations              | 96         |
|    time_elapsed            | 949        |
|    total_timesteps         | 983040     |
| train/                     |            |
|    approx_kl               | 0.01711793 |
|    clip_fraction           | 0.216      |
|    clip_range              | 0.2        |
|    entropy_loss            | -1.71      |
|    explained_variance      | 0.967      |
|    learning_rate           | 0.0003     |
|    loss                    | 1.21       |
|    n_updates               | 950        |
|    policy_gradient_loss    | 0.00191    |
|    std                     | 0.625      |
|    value_loss              | 2.89       |
-------------------------------------------
--------------------------------------------
| curriculum/                |             |
|    stage                   | 3           |
|    window_cost             | 0.1         |
|    window_route_completion | 0.767       |
|    window_success          | 0.2         |
| paper/                     |             |
|    accel_variation         | 0.522       |
|    base_reward             | 413         |
|    collision               | 0           |
|    crash_object            | 0           |
|    crash_vehicle           | 0           |
|    episode_cost            | 0           |
|    episode_length          | 1100        |
|    jerk                    | 0.473       |
|    lane_deviation          | 0.249       |
|    max_lane_deviation      | 0.927       |
|    mean_speed_kmh          | 16.9        |
|    min_ttc                 | 3.71        |
|    out_of_road             | 0           |
|    route_completion        | 0.622       |
|    shaped_reward           | 153         |
|    steering_variation      | 0.402       |
|    success                 | 0           |
|    ttc_risk                | 0.000435    |
| rollout/                   |             |
|    ep_len_mean             | 1.02e+03    |
|    ep_rew_mean             | 139         |
|    success_rate            | 0.1         |
| time/                      |             |
|    fps                     | 1029        |
|    iterations              | 97          |
|    time_elapsed            | 965         |
|    total_timesteps         | 993280      |
| train/                     |             |
|    approx_kl               | 0.010560313 |
|    clip_fraction           | 0.16        |
|    clip_range              | 0.2         |
|    entropy_loss            | -1.7        |
|    explained_variance      | 0.676       |
|    learning_rate           | 0.0003      |
|    loss                    | 1.49        |
|    n_updates               | 960         |
|    policy_gradient_loss    | -0.0018     |
|    std                     | 0.624       |
|    value_loss              | 7.65        |
--------------------------------------------
--------------------------------------------
| curriculum/                |             |
|    stage                   | 3           |
|    window_cost             | 0.167       |
|    window_route_completion | 0.778       |
|    window_success          | 0.2         |
| paper/                     |             |
|    accel_variation         | 0.504       |
|    base_reward             | 416         |
|    collision               | 0           |
|    crash_object            | 0           |
|    crash_vehicle           | 0           |
|    episode_cost            | 0           |
|    episode_length          | 1100        |
|    jerk                    | 0.439       |
|    lane_deviation          | 0.243       |
|    max_lane_deviation      | 0.856       |
|    mean_speed_kmh          | 17.1        |
|    min_ttc                 | 2.25        |
|    out_of_road             | 0           |
|    route_completion        | 0.728       |
|    shaped_reward           | 156         |
|    steering_variation      | 0.387       |
|    success                 | 0           |
|    ttc_risk                | 0.00389     |
| rollout/                   |             |
|    ep_len_mean             | 1.02e+03    |
|    ep_rew_mean             | 137         |
|    success_rate            | 0.11        |
| time/                      |             |
|    fps                     | 1022        |
|    iterations              | 98          |
|    time_elapsed            | 981         |
|    total_timesteps         | 1003520     |
| train/                     |             |
|    approx_kl               | 0.025958061 |
|    clip_fraction           | 0.213       |
|    clip_range              | 0.2         |
|    entropy_loss            | -1.68       |
|    explained_variance      | 0.783       |
|    learning_rate           | 0.0003      |
|    loss                    | 1.44        |
|    n_updates               | 970         |
|    policy_gradient_loss    | -0.000238   |
|    std                     | 0.617       |
|    value_loss              | 5.68        |
--------------------------------------------
--------------------------------------------
| curriculum/                |             |
|    stage                   | 3           |
|    window_cost             | 0.167       |
|    window_route_completion | 0.739       |
|    window_success          | 0.133       |
| paper/                     |             |
|    accel_variation         | 0.525       |
|    base_reward             | 463         |
|    collision               | 0           |
|    crash_object            | 0           |
|    crash_vehicle           | 0           |
|    episode_cost            | 0           |
|    episode_length          | 1100        |
|    jerk                    | 0.469       |
|    lane_deviation          | 0.211       |
|    max_lane_deviation      | 0.784       |
|    mean_speed_kmh          | 18.4        |
|    min_ttc                 | 3.37        |
|    out_of_road             | 0           |
|    route_completion        | 0.755       |
|    shaped_reward           | 200         |
|    steering_variation      | 0.396       |
|    success                 | 0           |
|    ttc_risk                | 0.0004      |
| rollout/                   |             |
|    ep_len_mean             | 1.02e+03    |
|    ep_rew_mean             | 134         |
|    success_rate            | 0.11        |
| time/                      |             |
|    fps                     | 1017        |
|    iterations              | 99          |
|    time_elapsed            | 996         |
|    total_timesteps         | 1013760     |
| train/                     |             |
|    approx_kl               | 0.026608154 |
|    clip_fraction           | 0.203       |
|    clip_range              | 0.2         |
|    entropy_loss            | -1.67       |
|    explained_variance      | 0.908       |
|    learning_rate           | 0.0003      |
|    loss                    | 1.82        |
|    n_updates               | 980         |
|    policy_gradient_loss    | -8.48e-05   |
|    std                     | 0.618       |
|    value_loss              | 6.93        |
--------------------------------------------
--------------------------------------------
| curriculum/                |             |
|    stage                   | 3           |
|    window_cost             | 0.3         |
|    window_route_completion | 0.702       |
|    window_success          | 0.0667      |
| paper/                     |             |
|    accel_variation         | 0.492       |
|    base_reward             | 452         |
|    collision               | 0           |
|    crash_object            | 0           |
|    crash_vehicle           | 0           |
|    episode_cost            | 0           |
|    episode_length          | 1100        |
|    jerk                    | 0.464       |
|    lane_deviation          | 0.213       |
|    max_lane_deviation      | 0.689       |
|    mean_speed_kmh          | 18          |
|    min_ttc                 | 1.33        |
|    out_of_road             | 0           |
|    route_completion        | 0.641       |
|    shaped_reward           | 189         |
|    steering_variation      | 0.406       |
|    success                 | 0           |
|    ttc_risk                | 0.0101      |
| rollout/                   |             |
|    ep_len_mean             | 1.01e+03    |
|    ep_rew_mean             | 128         |
|    success_rate            | 0.09        |
| time/                      |             |
|    fps                     | 1012        |
|    iterations              | 100         |
|    time_elapsed            | 1011        |
|    total_timesteps         | 1024000     |
| train/                     |             |
|    approx_kl               | 0.013722015 |
|    clip_fraction           | 0.205       |
|    clip_range              | 0.2         |
|    entropy_loss            | -1.67       |
|    explained_variance      | 0.839       |
|    learning_rate           | 0.0003      |
|    loss                    | 3.23        |
|    n_updates               | 990         |
|    policy_gradient_loss    | 0.00297     |
|    std                     | 0.62        |
|    value_loss              | 9.8         |
--------------------------------------------
--------------------------------------------
| curriculum/                |             |
|    stage                   | 3           |
|    window_cost             | 0.367       |
|    window_route_completion | 0.674       |
|    window_success          | 0.133       |
| paper/                     |             |
|    accel_variation         | 0.516       |
|    base_reward             | 102         |
|    collision               | 0           |
|    crash_object            | 0           |
|    crash_vehicle           | 0           |
|    episode_cost            | 1           |
|    episode_length          | 349         |
|    jerk                    | 0.424       |
|    lane_deviation          | 0.43        |
|    max_lane_deviation      | 1.7         |
|    mean_speed_kmh          | 18.7        |
|    min_ttc                 | 14.6        |
|    out_of_road             | 1           |
|    route_completion        | 0.312       |
|    shaped_reward           | -98.2       |
|    steering_variation      | 0.369       |
|    success                 | 0           |
|    ttc_risk                | 0           |
| rollout/                   |             |
|    ep_len_mean             | 990         |
|    ep_rew_mean             | 115         |
|    success_rate            | 0.11        |
| time/                      |             |
|    fps                     | 1005        |
|    iterations              | 101         |
|    time_elapsed            | 1028        |
|    total_timesteps         | 1034240     |
| train/                     |             |
|    approx_kl               | 0.010609108 |
|    clip_fraction           | 0.145       |
|    clip_range              | 0.2         |
|    entropy_loss            | -1.67       |
|    explained_variance      | 0.797       |
|    learning_rate           | 0.0003      |
|    loss                    | 2.95        |
|    n_updates               | 1000        |
|    policy_gradient_loss    | -0.00344    |
|    std                     | 0.617       |
|    value_loss              | 13.6        |
--------------------------------------------
--------------------------------------------
| curriculum/                |             |
|    stage                   | 3           |
|    window_cost             | 0.267       |
|    window_route_completion | 0.72        |
|    window_success          | 0.1         |
| paper/                     |             |
|    accel_variation         | 0.487       |
|    base_reward             | 256         |
|    collision               | 1           |
|    crash_object            | 0           |
|    crash_vehicle           | 1           |
|    episode_cost            | 1           |
|    episode_length          | 622         |
|    jerk                    | 0.466       |
|    lane_deviation          | 0.226       |
|    max_lane_deviation      | 0.911       |
|    mean_speed_kmh          | 18.9        |
|    min_ttc                 | 4.24        |
|    out_of_road             | 0           |
|    route_completion        | 0.446       |
|    shaped_reward           | 8.31        |
|    steering_variation      | 0.381       |
|    success                 | 0           |
|    ttc_risk                | 0.000408    |
| rollout/                   |             |
|    ep_len_mean             | 995         |
|    ep_rew_mean             | 124         |
|    success_rate            | 0.11        |
| time/                      |             |
|    fps                     | 999         |
|    iterations              | 102         |
|    time_elapsed            | 1044        |
|    total_timesteps         | 1044480     |
| train/                     |             |
|    approx_kl               | 0.020317655 |
|    clip_fraction           | 0.15        |
|    clip_range              | 0.2         |
|    entropy_loss            | -1.68       |
|    explained_variance      | 0.766       |
|    learning_rate           | 0.0003      |
|    loss                    | 3.73        |
|    n_updates               | 1010        |
|    policy_gradient_loss    | -0.0025     |
|    std                     | 0.622       |
|    value_loss              | 16          |
--------------------------------------------
-------------------------------------------
| curriculum/                |            |
|    stage                   | 3          |
|    window_cost             | 0.233      |
|    window_route_completion | 0.731      |
|    window_success          | 0.0667     |
| paper/                     |            |
|    accel_variation         | 0.54       |
|    base_reward             | 494        |
|    collision               | 0          |
|    crash_object            | 0          |
|    crash_vehicle           | 0          |
|    episode_cost            | 0          |
|    episode_length          | 1100       |
|    jerk                    | 0.464      |
|    lane_deviation          | 0.173      |
|    max_lane_deviation      | 0.694      |
|    mean_speed_kmh          | 18.7       |
|    min_ttc                 | 3.22       |
|    out_of_road             | 0          |
|    route_completion        | 0.819      |
|    shaped_reward           | 227        |
|    steering_variation      | 0.407      |
|    success                 | 0          |
|    ttc_risk                | 0.000979   |
| rollout/                   |            |
|    ep_len_mean             | 990        |
|    ep_rew_mean             | 133        |
|    success_rate            | 0.11       |
| time/                      |            |
|    fps                     | 993        |
|    iterations              | 103        |
|    time_elapsed            | 1061       |
|    total_timesteps         | 1054720    |
| train/                     |            |
|    approx_kl               | 0.12719837 |
|    clip_fraction           | 0.317      |
|    clip_range              | 0.2        |
|    entropy_loss            | -1.67      |
|    explained_variance      | 0.715      |
|    learning_rate           | 0.0003     |
|    loss                    | 2.67       |
|    n_updates               | 1020       |
|    policy_gradient_loss    | 0.00974    |
|    std                     | 0.618      |
|    value_loss              | 7.79       |
-------------------------------------------
--------------------------------------------
| curriculum/                |             |
|    stage                   | 3           |
|    window_cost             | 0.233       |
|    window_route_completion | 0.773       |
|    window_success          | 0.1         |
| paper/                     |             |
|    accel_variation         | 0.511       |
|    base_reward             | 400         |
|    collision               | 0           |
|    crash_object            | 0           |
|    crash_vehicle           | 0           |
|    episode_cost            | 0           |
|    episode_length          | 1100        |
|    jerk                    | 0.488       |
|    lane_deviation          | 0.346       |
|    max_lane_deviation      | 1.19        |
|    mean_speed_kmh          | 18.9        |
|    min_ttc                 | 4.25        |
|    out_of_road             | 0           |
|    route_completion        | 0.946       |
|    shaped_reward           | 104         |
|    steering_variation      | 0.386       |
|    success                 | 0           |
|    ttc_risk                | 0.000137    |
| rollout/                   |             |
|    ep_len_mean             | 986         |
|    ep_rew_mean             | 136         |
|    success_rate            | 0.13        |
| time/                      |             |
|    fps                     | 989         |
|    iterations              | 104         |
|    time_elapsed            | 1076        |
|    total_timesteps         | 1064960     |
| train/                     |             |
|    approx_kl               | 0.015318555 |
|    clip_fraction           | 0.201       |
|    clip_range              | 0.2         |
|    entropy_loss            | -1.66       |
|    explained_variance      | 0.654       |
|    learning_rate           | 0.0003      |
|    loss                    | 3.98        |
|    n_updates               | 1030        |
|    policy_gradient_loss    | 0.00528     |
|    std                     | 0.617       |
|    value_loss              | 12.5        |
--------------------------------------------
--------------------------------------------
| curriculum/                |             |
|    stage                   | 3           |
|    window_cost             | 0.333       |
|    window_route_completion | 0.762       |
|    window_success          | 0.133       |
| paper/                     |             |
|    accel_variation         | 0.495       |
|    base_reward             | 490         |
|    collision               | 0           |
|    crash_object            | 0           |
|    crash_vehicle           | 0           |
|    episode_cost            | 0           |
|    episode_length          | 1024        |
|    jerk                    | 0.492       |
|    lane_deviation          | 0.172       |
|    max_lane_deviation      | 0.708       |
|    mean_speed_kmh          | 19.2        |
|    min_ttc                 | 7.83        |
|    out_of_road             | 0           |
|    route_completion        | 0.991       |
|    shaped_reward           | 276         |
|    steering_variation      | 0.379       |
|    success                 | 1           |
|    ttc_risk                | 0           |
| rollout/                   |             |
|    ep_len_mean             | 976         |
|    ep_rew_mean             | 136         |
|    success_rate            | 0.13        |
| time/                      |             |
|    fps                     | 984         |
|    iterations              | 105         |
|    time_elapsed            | 1092        |
|    total_timesteps         | 1075200     |
| train/                     |             |
|    approx_kl               | 0.015435795 |
|    clip_fraction           | 0.149       |
|    clip_range              | 0.2         |
|    entropy_loss            | -1.66       |
|    explained_variance      | 0.683       |
|    learning_rate           | 0.0003      |
|    loss                    | 5.08        |
|    n_updates               | 1040        |
|    policy_gradient_loss    | -0.00418    |
|    std                     | 0.62        |
|    value_loss              | 20.7        |
--------------------------------------------
--------------------------------------------
| curriculum/                |             |
|    stage                   | 3           |
|    window_cost             | 0.3         |
|    window_route_completion | 0.793       |
|    window_success          | 0.2         |
| paper/                     |             |
|    accel_variation         | 0.519       |
|    base_reward             | 404         |
|    collision               | 0           |
|    crash_object            | 0           |
|    crash_vehicle           | 0           |
|    episode_cost            | 1           |
|    episode_length          | 1061        |
|    jerk                    | 0.484       |
|    lane_deviation          | 0.248       |
|    max_lane_deviation      | 2           |
|    mean_speed_kmh          | 18.2        |
|    min_ttc                 | 4.94        |
|    out_of_road             | 1           |
|    route_completion        | 0.679       |
|    shaped_reward           | 33          |
|    steering_variation      | 0.393       |
|    success                 | 0           |
|    ttc_risk                | 1.12e-05    |
| rollout/                   |             |
|    ep_len_mean             | 972         |
|    ep_rew_mean             | 133         |
|    success_rate            | 0.11        |
| time/                      |             |
|    fps                     | 981         |
|    iterations              | 106         |
|    time_elapsed            | 1105        |
|    total_timesteps         | 1085440     |
| train/                     |             |
|    approx_kl               | 0.006647186 |
|    clip_fraction           | 0.116       |
|    clip_range              | 0.2         |
|    entropy_loss            | -1.67       |
|    explained_variance      | 0.664       |
|    learning_rate           | 0.0003      |
|    loss                    | 27.3        |
|    n_updates               | 1050        |
|    policy_gradient_loss    | -0.00446    |
|    std                     | 0.621       |
|    value_loss              | 33.3        |
--------------------------------------------
--------------------------------------------
| curriculum/                |             |
|    stage                   | 3           |
|    window_cost             | 0.333       |
|    window_route_completion | 0.778       |
|    window_success          | 0.167       |
| paper/                     |             |
|    accel_variation         | 0.527       |
|    base_reward             | 549         |
|    collision               | 0           |
|    crash_object            | 0           |
|    crash_vehicle           | 0           |
|    episode_cost            | 0           |
|    episode_length          | 1086        |
|    jerk                    | 0.52        |
|    lane_deviation          | 0.146       |
|    max_lane_deviation      | 0.571       |
|    mean_speed_kmh          | 19.7        |
|    min_ttc                 | 813         |
|    out_of_road             | 0           |
|    route_completion        | 0.992       |
|    shaped_reward           | 310         |
|    steering_variation      | 0.388       |
|    success                 | 1           |
|    ttc_risk                | 0           |
| rollout/                   |             |
|    ep_len_mean             | 968         |
|    ep_rew_mean             | 138         |
|    success_rate            | 0.13        |
| time/                      |             |
|    fps                     | 977         |
|    iterations              | 107         |
|    time_elapsed            | 1121        |
|    total_timesteps         | 1095680     |
| train/                     |             |
|    approx_kl               | 0.011908563 |
|    clip_fraction           | 0.198       |
|    clip_range              | 0.2         |
|    entropy_loss            | -1.66       |
|    explained_variance      | 0.645       |
|    learning_rate           | 0.0003      |
|    loss                    | 5.35        |
|    n_updates               | 1060        |
|    policy_gradient_loss    | 0.000865    |
|    std                     | 0.619       |
|    value_loss              | 14.8        |
--------------------------------------------
--------------------------------------------
| curriculum/                |             |
|    stage                   | 3           |
|    window_cost             | 0.367       |
|    window_route_completion | 0.738       |
|    window_success          | 0.167       |
| paper/                     |             |
|    accel_variation         | 0.528       |
|    base_reward             | 438         |
|    collision               | 1           |
|    crash_object            | 0           |
|    crash_vehicle           | 1           |
|    episode_cost            | 1           |
|    episode_length          | 1080        |
|    jerk                    | 0.466       |
|    lane_deviation          | 0.197       |
|    max_lane_deviation      | 0.994       |
|    mean_speed_kmh          | 18.1        |
|    min_ttc                 | 2.94        |
|    out_of_road             | 0           |
|    route_completion        | 0.682       |
|    shaped_reward           | 88.1        |
|    steering_variation      | 0.371       |
|    success                 | 0           |
|    ttc_risk                | 0.000381    |
| rollout/                   |             |
|    ep_len_mean             | 952         |
|    ep_rew_mean             | 138         |
|    success_rate            | 0.12        |
| time/                      |             |
|    fps                     | 971         |
|    iterations              | 108         |
|    time_elapsed            | 1138        |
|    total_timesteps         | 1105920     |
| train/                     |             |
|    approx_kl               | 0.120522045 |
|    clip_fraction           | 0.24        |
|    clip_range              | 0.2         |
|    entropy_loss            | -1.66       |
|    explained_variance      | 0.591       |
|    learning_rate           | 0.0003      |
|    loss                    | 4.09        |
|    n_updates               | 1070        |
|    policy_gradient_loss    | 0.00572     |
|    std                     | 0.626       |
|    value_loss              | 12.7        |
--------------------------------------------
-------------------------------------------
| curriculum/                |            |
|    stage                   | 3          |
|    window_cost             | 0.4        |
|    window_route_completion | 0.684      |
|    window_success          | 0.133      |
| paper/                     |            |
|    accel_variation         | 0.553      |
|    base_reward             | 213        |
|    collision               | 1          |
|    crash_object            | 0          |
|    crash_vehicle           | 1          |
|    episode_cost            | 1          |
|    episode_length          | 613        |
|    jerk                    | 0.495      |
|    lane_deviation          | 0.199      |
|    max_lane_deviation      | 0.508      |
|    mean_speed_kmh          | 15.8       |
|    min_ttc                 | 4.71       |
|    out_of_road             | 0          |
|    route_completion        | 0.398      |
|    shaped_reward           | -10.7      |
|    steering_variation      | 0.388      |
|    success                 | 0          |
|    ttc_risk                | 0.000193   |
| rollout/                   |            |
|    ep_len_mean             | 954        |
|    ep_rew_mean             | 140        |
|    success_rate            | 0.14       |
| time/                      |            |
|    fps                     | 967        |
|    iterations              | 109        |
|    time_elapsed            | 1154       |
|    total_timesteps         | 1116160    |
| train/                     |            |
|    approx_kl               | 0.01891307 |
|    clip_fraction           | 0.134      |
|    clip_range              | 0.2        |
|    entropy_loss            | -1.67      |
|    explained_variance      | 0.732      |
|    learning_rate           | 0.0003     |
|    loss                    | 12.4       |
|    n_updates               | 1080       |
|    policy_gradient_loss    | -0.00261   |
|    std                     | 0.63       |
|    value_loss              | 22.8       |
-------------------------------------------
--------------------------------------------
| curriculum/                |             |
|    stage                   | 3           |
|    window_cost             | 0.4         |
|    window_route_completion | 0.691       |
|    window_success          | 0.133       |
| paper/                     |             |
|    accel_variation         | 0.508       |
|    base_reward             | 384         |
|    collision               | 0           |
|    crash_object            | 0           |
|    crash_vehicle           | 0           |
|    episode_cost            | 0           |
|    episode_length          | 1100        |
|    jerk                    | 0.473       |
|    lane_deviation          | 0.259       |
|    max_lane_deviation      | 1.1         |
|    mean_speed_kmh          | 16.1        |
|    min_ttc                 | 2.48        |
|    out_of_road             | 0           |
|    route_completion        | 0.705       |
|    shaped_reward           | 132         |
|    steering_variation      | 0.374       |
|    success                 | 0           |
|    ttc_risk                | 0.00282     |
| rollout/                   |             |
|    ep_len_mean             | 949         |
|    ep_rew_mean             | 143         |
|    success_rate            | 0.15        |
| time/                      |             |
|    fps                     | 962         |
|    iterations              | 110         |
|    time_elapsed            | 1169        |
|    total_timesteps         | 1126400     |
| train/                     |             |
|    approx_kl               | 0.011313289 |
|    clip_fraction           | 0.121       |
|    clip_range              | 0.2         |
|    entropy_loss            | -1.68       |
|    explained_variance      | 0.776       |
|    learning_rate           | 0.0003      |
|    loss                    | 5.37        |
|    n_updates               | 1090        |
|    policy_gradient_loss    | -0.00139    |
|    std                     | 0.631       |
|    value_loss              | 17.2        |
--------------------------------------------
--------------------------------------------
| curriculum/                |             |
|    stage                   | 3           |
|    window_cost             | 0.2         |
|    window_route_completion | 0.764       |
|    window_success          | 0.167       |
| paper/                     |             |
|    accel_variation         | 0.498       |
|    base_reward             | 406         |
|    collision               | 0           |
|    crash_object            | 0           |
|    crash_vehicle           | 0           |
|    episode_cost            | 0           |
|    episode_length          | 916         |
|    jerk                    | 0.473       |
|    lane_deviation          | 0.191       |
|    max_lane_deviation      | 0.973       |
|    mean_speed_kmh          | 18.4        |
|    min_ttc                 | 3.36        |
|    out_of_road             | 0           |
|    route_completion        | 0.99        |
|    shaped_reward           | 231         |
|    steering_variation      | 0.377       |
|    success                 | 1           |
|    ttc_risk                | 0.00128     |
| rollout/                   |             |
|    ep_len_mean             | 968         |
|    ep_rew_mean             | 153         |
|    success_rate            | 0.14        |
| time/                      |             |
|    fps                     | 958         |
|    iterations              | 111         |
|    time_elapsed            | 1185        |
|    total_timesteps         | 1136640     |
| train/                     |             |
|    approx_kl               | 0.019498985 |
|    clip_fraction           | 0.143       |
|    clip_range              | 0.2         |
|    entropy_loss            | -1.68       |
|    explained_variance      | 0.792       |
|    learning_rate           | 0.0003      |
|    loss                    | 5.51        |
|    n_updates               | 1100        |
|    policy_gradient_loss    | -0.00234    |
|    std                     | 0.632       |
|    value_loss              | 16.5        |
--------------------------------------------
-------------------------------------------
| curriculum/                |            |
|    stage                   | 3          |
|    window_cost             | 0.167      |
|    window_route_completion | 0.765      |
|    window_success          | 0.167      |
| paper/                     |            |
|    accel_variation         | 0.511      |
|    base_reward             | 427        |
|    collision               | 1          |
|    crash_object            | 0          |
|    crash_vehicle           | 1          |
|    episode_cost            | 1          |
|    episode_length          | 1093       |
|    jerk                    | 0.471      |
|    lane_deviation          | 0.227      |
|    max_lane_deviation      | 1.12       |
|    mean_speed_kmh          | 18         |
|    min_ttc                 | 2.62       |
|    out_of_road             | 0          |
|    route_completion        | 0.715      |
|    shaped_reward           | 67.7       |
|    steering_variation      | 0.366      |
|    success                 | 0          |
|    ttc_risk                | 0.000839   |
| rollout/                   |            |
|    ep_len_mean             | 957        |
|    ep_rew_mean             | 153        |
|    success_rate            | 0.16       |
| time/                      |            |
|    fps                     | 954        |
|    iterations              | 112        |
|    time_elapsed            | 1201       |
|    total_timesteps         | 1146880    |
| train/                     |            |
|    approx_kl               | 0.03061198 |
|    clip_fraction           | 0.291      |
|    clip_range              | 0.2        |
|    entropy_loss            | -1.66      |
|    explained_variance      | 0.832      |
|    learning_rate           | 0.0003     |
|    loss                    | 0.99       |
|    n_updates               | 1110       |
|    policy_gradient_loss    | 0.00963    |
|    std                     | 0.62       |
|    value_loss              | 3.11       |
-------------------------------------------
--------------------------------------------
| curriculum/                |             |
|    stage                   | 3           |
|    window_cost             | 0.1         |
|    window_route_completion | 0.782       |
|    window_success          | 0.167       |
| paper/                     |             |
|    accel_variation         | 0.481       |
|    base_reward             | 430         |
|    collision               | 0           |
|    crash_object            | 0           |
|    crash_vehicle           | 0           |
|    episode_cost            | 0           |
|    episode_length          | 1100        |
|    jerk                    | 0.474       |
|    lane_deviation          | 0.218       |
|    max_lane_deviation      | 1.26        |
|    mean_speed_kmh          | 16.8        |
|    min_ttc                 | 3.18        |
|    out_of_road             | 0           |
|    route_completion        | 0.757       |
|    shaped_reward           | 162         |
|    steering_variation      | 0.378       |
|    success                 | 0           |
|    ttc_risk                | 0.0019      |
| rollout/                   |             |
|    ep_len_mean             | 974         |
|    ep_rew_mean             | 161         |
|    success_rate            | 0.17        |
| time/                      |             |
|    fps                     | 951         |
|    iterations              | 113         |
|    time_elapsed            | 1216        |
|    total_timesteps         | 1157120     |
| train/                     |             |
|    approx_kl               | 0.015436326 |
|    clip_fraction           | 0.209       |
|    clip_range              | 0.2         |
|    entropy_loss            | -1.64       |
|    explained_variance      | 0.583       |
|    learning_rate           | 0.0003      |
|    loss                    | 2           |
|    n_updates               | 1120        |
|    policy_gradient_loss    | 0.00185     |
|    std                     | 0.624       |
|    value_loss              | 9.61        |
--------------------------------------------
--------------------------------------------
| curriculum/                |             |
|    stage                   | 3           |
|    window_cost             | 0.2         |
|    window_route_completion | 0.728       |
|    window_success          | 0.133       |
| paper/                     |             |
|    accel_variation         | 0.56        |
|    base_reward             | 386         |
|    collision               | 0           |
|    crash_object            | 0           |
|    crash_vehicle           | 0           |
|    episode_cost            | 0           |
|    episode_length          | 1100        |
|    jerk                    | 0.498       |
|    lane_deviation          | 0.248       |
|    max_lane_deviation      | 0.818       |
|    mean_speed_kmh          | 15.5        |
|    min_ttc                 | 4.26        |
|    out_of_road             | 0           |
|    route_completion        | 0.703       |
|    shaped_reward           | 140         |
|    steering_variation      | 0.369       |
|    success                 | 0           |
|    ttc_risk                | 0.000134    |
| rollout/                   |             |
|    ep_len_mean             | 971         |
|    ep_rew_mean             | 160         |
|    success_rate            | 0.15        |
| time/                      |             |
|    fps                     | 946         |
|    iterations              | 114         |
|    time_elapsed            | 1233        |
|    total_timesteps         | 1167360     |
| train/                     |             |
|    approx_kl               | 0.024100048 |
|    clip_fraction           | 0.211       |
|    clip_range              | 0.2         |
|    entropy_loss            | -1.65       |
|    explained_variance      | 0.885       |
|    learning_rate           | 0.0003      |
|    loss                    | 1.84        |
|    n_updates               | 1130        |
|    policy_gradient_loss    | 0.00333     |
|    std                     | 0.629       |
|    value_loss              | 5.96        |
--------------------------------------------
---------------------------------------------
| curriculum/                |              |
|    stage                   | 3            |
|    window_cost             | 0.133        |
|    window_route_completion | 0.742        |
|    window_success          | 0.1          |
| paper/                     |              |
|    accel_variation         | 0.566        |
|    base_reward             | 195          |
|    collision               | 1            |
|    crash_object            | 0            |
|    crash_vehicle           | 1            |
|    episode_cost            | 1            |
|    episode_length          | 571          |
|    jerk                    | 0.521        |
|    lane_deviation          | 0.234        |
|    max_lane_deviation      | 0.86         |
|    mean_speed_kmh          | 16.2         |
|    min_ttc                 | 4.78         |
|    out_of_road             | 0            |
|    route_completion        | 0.416        |
|    shaped_reward           | -23          |
|    steering_variation      | 0.353        |
|    success                 | 0            |
|    ttc_risk                | 9.8e-05      |
| rollout/                   |              |
|    ep_len_mean             | 979          |
|    ep_rew_mean             | 164          |
|    success_rate            | 0.14         |
| time/                      |              |
|    fps                     | 943          |
|    iterations              | 115          |
|    time_elapsed            | 1248         |
|    total_timesteps         | 1177600      |
| train/                     |              |
|    approx_kl               | 0.0155960815 |
|    clip_fraction           | 0.181        |
|    clip_range              | 0.2          |
|    entropy_loss            | -1.66        |
|    explained_variance      | 0.704        |
|    learning_rate           | 0.0003       |
|    loss                    | 1.74         |
|    n_updates               | 1140         |
|    policy_gradient_loss    | -0.00226     |
|    std                     | 0.632        |
|    value_loss              | 9.57         |
---------------------------------------------
--------------------------------------------
| curriculum/                |             |
|    stage                   | 3           |
|    window_cost             | 0.1         |
|    window_route_completion | 0.784       |
|    window_success          | 0.233       |
| paper/                     |             |
|    accel_variation         | 0.514       |
|    base_reward             | 521         |
|    collision               | 0           |
|    crash_object            | 0           |
|    crash_vehicle           | 0           |
|    episode_cost            | 0           |
|    episode_length          | 1058        |
|    jerk                    | 0.472       |
|    lane_deviation          | 0.151       |
|    max_lane_deviation      | 0.498       |
|    mean_speed_kmh          | 19.3        |
|    min_ttc                 | 6.21        |
|    out_of_road             | 0           |
|    route_completion        | 0.993       |
|    shaped_reward           | 298         |
|    steering_variation      | 0.37        |
|    success                 | 1           |
|    ttc_risk                | 0           |
| rollout/                   |             |
|    ep_len_mean             | 975         |
|    ep_rew_mean             | 166         |
|    success_rate            | 0.18        |
| time/                      |             |
|    fps                     | 938         |
|    iterations              | 116         |
|    time_elapsed            | 1265        |
|    total_timesteps         | 1187840     |
| train/                     |             |
|    approx_kl               | 0.014907959 |
|    clip_fraction           | 0.226       |
|    clip_range              | 0.2         |
|    entropy_loss            | -1.67       |
|    explained_variance      | 0.682       |
|    learning_rate           | 0.0003      |
|    loss                    | 1.3         |
|    n_updates               | 1150        |
|    policy_gradient_loss    | 0.00318     |
|    std                     | 0.633       |
|    value_loss              | 4.42        |
--------------------------------------------
-------------------------------------------
| curriculum/                |            |
|    stage                   | 3          |
|    window_cost             | 0.2        |
|    window_route_completion | 0.739      |
|    window_success          | 0.233      |
| paper/                     |            |
|    accel_variation         | 0.531      |
|    base_reward             | 455        |
|    collision               | 0          |
|    crash_object            | 0          |
|    crash_vehicle           | 0          |
|    episode_cost            | 0          |
|    episode_length          | 1100       |
|    jerk                    | 0.457      |
|    lane_deviation          | 0.198      |
|    max_lane_deviation      | 0.992      |
|    mean_speed_kmh          | 17.6       |
|    min_ttc                 | 1.94       |
|    out_of_road             | 0          |
|    route_completion        | 0.81       |
|    shaped_reward           | 197        |
|    steering_variation      | 0.356      |
|    success                 | 0          |
|    ttc_risk                | 0.00484    |
| rollout/                   |            |
|    ep_len_mean             | 976        |
|    ep_rew_mean             | 164        |
|    success_rate            | 0.16       |
| time/                      |            |
|    fps                     | 936        |
|    iterations              | 117        |
|    time_elapsed            | 1279       |
|    total_timesteps         | 1198080    |
| train/                     |            |
|    approx_kl               | 0.00874426 |
|    clip_fraction           | 0.163      |
|    clip_range              | 0.2        |
|    entropy_loss            | -1.67      |
|    explained_variance      | 0.76       |
|    learning_rate           | 0.0003     |
|    loss                    | 1.37       |
|    n_updates               | 1160       |
|    policy_gradient_loss    | 0.000368   |
|    std                     | 0.64       |
|    value_loss              | 5.79       |
-------------------------------------------
--------------------------------------------
| curriculum/                |             |
|    stage                   | 3           |
|    window_cost             | 0.233       |
|    window_route_completion | 0.719       |
|    window_success          | 0.2         |
| paper/                     |             |
|    accel_variation         | 0.479       |
|    base_reward             | 199         |
|    collision               | 1           |
|    crash_object            | 0           |
|    crash_vehicle           | 1           |
|    episode_cost            | 1           |
|    episode_length          | 561         |
|    jerk                    | 0.461       |
|    lane_deviation          | 0.273       |
|    max_lane_deviation      | 0.991       |
|    mean_speed_kmh          | 17.7        |
|    min_ttc                 | 1.53        |
|    out_of_road             | 0           |
|    route_completion        | 0.353       |
|    shaped_reward           | -33.6       |
|    steering_variation      | 0.368       |
|    success                 | 0           |
|    ttc_risk                | 0.0136      |
| rollout/                   |             |
|    ep_len_mean             | 979         |
|    ep_rew_mean             | 166         |
|    success_rate            | 0.16        |
| time/                      |             |
|    fps                     | 934         |
|    iterations              | 118         |
|    time_elapsed            | 1293        |
|    total_timesteps         | 1208320     |
| train/                     |             |
|    approx_kl               | 0.026409436 |
|    clip_fraction           | 0.139       |
|    clip_range              | 0.2         |
|    entropy_loss            | -1.68       |
|    explained_variance      | 0.751       |
|    learning_rate           | 0.0003      |
|    loss                    | 4.11        |
|    n_updates               | 1170        |
|    policy_gradient_loss    | -0.000331   |
|    std                     | 0.645       |
|    value_loss              | 10.6        |
--------------------------------------------
--------------------------------------------
| curriculum/                |             |
|    stage                   | 3           |
|    window_cost             | 0.267       |
|    window_route_completion | 0.713       |
|    window_success          | 0.0667      |
| paper/                     |             |
|    accel_variation         | 0.517       |
|    base_reward             | 508         |
|    collision               | 0           |
|    crash_object            | 0           |
|    crash_vehicle           | 0           |
|    episode_cost            | 0           |
|    episode_length          | 1100        |
|    jerk                    | 0.487       |
|    lane_deviation          | 0.161       |
|    max_lane_deviation      | 0.613       |
|    mean_speed_kmh          | 18.9        |
|    min_ttc                 | 7.44        |
|    out_of_road             | 0           |
|    route_completion        | 0.949       |
|    shaped_reward           | 245         |
|    steering_variation      | 0.369       |
|    success                 | 0           |
|    ttc_risk                | 0           |
| rollout/                   |             |
|    ep_len_mean             | 995         |
|    ep_rew_mean             | 168         |
|    success_rate            | 0.16        |
| time/                      |             |
|    fps                     | 931         |
|    iterations              | 119         |
|    time_elapsed            | 1307        |
|    total_timesteps         | 1218560     |
| train/                     |             |
|    approx_kl               | 0.021218423 |
|    clip_fraction           | 0.152       |
|    clip_range              | 0.2         |
|    entropy_loss            | -1.68       |
|    explained_variance      | 0.776       |
|    learning_rate           | 0.0003      |
|    loss                    | 2.46        |
|    n_updates               | 1180        |
|    policy_gradient_loss    | -0.00382    |
|    std                     | 0.645       |
|    value_loss              | 9.55        |
--------------------------------------------
--------------------------------------------
| curriculum/                |             |
|    stage                   | 3           |
|    window_cost             | 0.233       |
|    window_route_completion | 0.736       |
|    window_success          | 0.0667      |
| paper/                     |             |
|    accel_variation         | 0.557       |
|    base_reward             | 431         |
|    collision               | 0           |
|    crash_object            | 0           |
|    crash_vehicle           | 0           |
|    episode_cost            | 0           |
|    episode_length          | 1100        |
|    jerk                    | 0.498       |
|    lane_deviation          | 0.237       |
|    max_lane_deviation      | 1           |
|    mean_speed_kmh          | 17.7        |
|    min_ttc                 | 4.05        |
|    out_of_road             | 0           |
|    route_completion        | 0.717       |
|    shaped_reward           | 167         |
|    steering_variation      | 0.346       |
|    success                 | 0           |
|    ttc_risk                | 0.000273    |
| rollout/                   |             |
|    ep_len_mean             | 995         |
|    ep_rew_mean             | 163         |
|    success_rate            | 0.14        |
| time/                      |             |
|    fps                     | 926         |
|    iterations              | 120         |
|    time_elapsed            | 1325        |
|    total_timesteps         | 1228800     |
| train/                     |             |
|    approx_kl               | 0.018018467 |
|    clip_fraction           | 0.256       |
|    clip_range              | 0.2         |
|    entropy_loss            | -1.69       |
|    explained_variance      | 0.765       |
|    learning_rate           | 0.0003      |
|    loss                    | 1.53        |
|    n_updates               | 1190        |
|    policy_gradient_loss    | 0.0041      |
|    std                     | 0.651       |
|    value_loss              | 7.49        |
--------------------------------------------
-------------------------------------------
| curriculum/                |            |
|    stage                   | 3          |
|    window_cost             | 0.233      |
|    window_route_completion | 0.728      |
|    window_success          | 0.0333     |
| paper/                     |            |
|    accel_variation         | 0.541      |
|    base_reward             | 488        |
|    collision               | 0          |
|    crash_object            | 0          |
|    crash_vehicle           | 0          |
|    episode_cost            | 0          |
|    episode_length          | 1100       |
|    jerk                    | 0.475      |
|    lane_deviation          | 0.176      |
|    max_lane_deviation      | 0.706      |
|    mean_speed_kmh          | 18.5       |
|    min_ttc                 | 4.94       |
|    out_of_road             | 0          |
|    route_completion        | 0.938      |
|    shaped_reward           | 229        |
|    steering_variation      | 0.361      |
|    success                 | 0          |
|    ttc_risk                | 1e-05      |
| rollout/                   |            |
|    ep_len_mean             | 981        |
|    ep_rew_mean             | 161        |
|    success_rate            | 0.14       |
| time/                      |            |
|    fps                     | 923        |
|    iterations              | 121        |
|    time_elapsed            | 1341       |
|    total_timesteps         | 1239040    |
| train/                     |            |
|    approx_kl               | 0.01565859 |
|    clip_fraction           | 0.226      |
|    clip_range              | 0.2        |
|    entropy_loss            | -1.68      |
|    explained_variance      | 0.778      |
|    learning_rate           | 0.0003     |
|    loss                    | 2.19       |
|    n_updates               | 1200       |
|    policy_gradient_loss    | 0.00235    |
|    std                     | 0.642      |
|    value_loss              | 13         |
-------------------------------------------
-------------------------------------------
| curriculum/                |            |
|    stage                   | 3          |
|    window_cost             | 0.233      |
|    window_route_completion | 0.713      |
|    window_success          | 0.0667     |
| paper/                     |            |
|    accel_variation         | 0.498      |
|    base_reward             | 167        |
|    collision               | 1          |
|    crash_object            | 0          |
|    crash_vehicle           | 1          |
|    episode_cost            | 1          |
|    episode_length          | 519        |
|    jerk                    | 0.481      |
|    lane_deviation          | 0.259      |
|    max_lane_deviation      | 0.791      |
|    mean_speed_kmh          | 15.6       |
|    min_ttc                 | 0.0331     |
|    out_of_road             | 0          |
|    route_completion        | 0.411      |
|    shaped_reward           | -44.1      |
|    steering_variation      | 0.331      |
|    success                 | 0          |
|    ttc_risk                | 0.0488     |
| rollout/                   |            |
|    ep_len_mean             | 984        |
|    ep_rew_mean             | 155        |
|    success_rate            | 0.12       |
| time/                      |            |
|    fps                     | 920        |
|    iterations              | 122        |
|    time_elapsed            | 1357       |
|    total_timesteps         | 1249280    |
| train/                     |            |
|    approx_kl               | 0.04420153 |
|    clip_fraction           | 0.266      |
|    clip_range              | 0.2        |
|    entropy_loss            | -1.67      |
|    explained_variance      | 0.546      |
|    learning_rate           | 0.0003     |
|    loss                    | 1.12       |
|    n_updates               | 1210       |
|    policy_gradient_loss    | 0.00136    |
|    std                     | 0.651      |
|    value_loss              | 8.99       |
-------------------------------------------
-------------------------------------------
| curriculum/                |            |
|    stage                   | 3          |
|    window_cost             | 0.2        |
|    window_route_completion | 0.726      |
|    window_success          | 0.133      |
| paper/                     |            |
|    accel_variation         | 0.559      |
|    base_reward             | 455        |
|    collision               | 0          |
|    crash_object            | 0          |
|    crash_vehicle           | 0          |
|    episode_cost            | 0          |
|    episode_length          | 1100       |
|    jerk                    | 0.469      |
|    lane_deviation          | 0.136      |
|    max_lane_deviation      | 0.505      |
|    mean_speed_kmh          | 16.7       |
|    min_ttc                 | 3.61       |
|    out_of_road             | 0          |
|    route_completion        | 0.696      |
|    shaped_reward           | 211        |
|    steering_variation      | 0.355      |
|    success                 | 0          |
|    ttc_risk                | 0.000784   |
| rollout/                   |            |
|    ep_len_mean             | 989        |
|    ep_rew_mean             | 155        |
|    success_rate            | 0.13       |
| time/                      |            |
|    fps                     | 918        |
|    iterations              | 123        |
|    time_elapsed            | 1371       |
|    total_timesteps         | 1259520    |
| train/                     |            |
|    approx_kl               | 0.01802059 |
|    clip_fraction           | 0.156      |
|    clip_range              | 0.2        |
|    entropy_loss            | -1.69      |
|    explained_variance      | 0.767      |
|    learning_rate           | 0.0003     |
|    loss                    | 3.18       |
|    n_updates               | 1220       |
|    policy_gradient_loss    | -0.00222   |
|    std                     | 0.654      |
|    value_loss              | 10.8       |
-------------------------------------------
--------------------------------------------
| curriculum/                |             |
|    stage                   | 3           |
|    window_cost             | 0.133       |
|    window_route_completion | 0.73        |
|    window_success          | 0.1         |
| paper/                     |             |
|    accel_variation         | 0.554       |
|    base_reward             | 501         |
|    collision               | 0           |
|    crash_object            | 0           |
|    crash_vehicle           | 0           |
|    episode_cost            | 0           |
|    episode_length          | 1100        |
|    jerk                    | 0.465       |
|    lane_deviation          | 0.14        |
|    max_lane_deviation      | 0.561       |
|    mean_speed_kmh          | 18.3        |
|    min_ttc                 | 5.74        |
|    out_of_road             | 0           |
|    route_completion        | 0.784       |
|    shaped_reward           | 242         |
|    steering_variation      | 0.351       |
|    success                 | 0           |
|    ttc_risk                | 0           |
| rollout/                   |             |
|    ep_len_mean             | 986         |
|    ep_rew_mean             | 157         |
|    success_rate            | 0.12        |
| time/                      |             |
|    fps                     | 915         |
|    iterations              | 124         |
|    time_elapsed            | 1386        |
|    total_timesteps         | 1269760     |
| train/                     |             |
|    approx_kl               | 0.009545128 |
|    clip_fraction           | 0.276       |
|    clip_range              | 0.2         |
|    entropy_loss            | -1.68       |
|    explained_variance      | 0.811       |
|    learning_rate           | 0.0003      |
|    loss                    | 0.79        |
|    n_updates               | 1230        |
|    policy_gradient_loss    | 0.00827     |
|    std                     | 0.652       |
|    value_loss              | 3.69        |
--------------------------------------------
--------------------------------------------
| curriculum/                |             |
|    stage                   | 3           |
|    window_cost             | 0.133       |
|    window_route_completion | 0.738       |
|    window_success          | 0.1         |
| paper/                     |             |
|    accel_variation         | 0.535       |
|    base_reward             | 468         |
|    collision               | 0           |
|    crash_object            | 0           |
|    crash_vehicle           | 0           |
|    episode_cost            | 0           |
|    episode_length          | 1100        |
|    jerk                    | 0.496       |
|    lane_deviation          | 0.187       |
|    max_lane_deviation      | 0.959       |
|    mean_speed_kmh          | 18.1        |
|    min_ttc                 | 1.1         |
|    out_of_road             | 0           |
|    route_completion        | 0.785       |
|    shaped_reward           | 210         |
|    steering_variation      | 0.348       |
|    success                 | 0           |
|    ttc_risk                | 0.00844     |
| rollout/                   |             |
|    ep_len_mean             | 985         |
|    ep_rew_mean             | 154         |
|    success_rate            | 0.12        |
| time/                      |             |
|    fps                     | 913         |
|    iterations              | 125         |
|    time_elapsed            | 1400        |
|    total_timesteps         | 1280000     |
| train/                     |             |
|    approx_kl               | 0.031800896 |
|    clip_fraction           | 0.227       |
|    clip_range              | 0.2         |
|    entropy_loss            | -1.66       |
|    explained_variance      | 0.666       |
|    learning_rate           | 0.0003      |
|    loss                    | 2.02        |
|    n_updates               | 1240        |
|    policy_gradient_loss    | 0.00423     |
|    std                     | 0.643       |
|    value_loss              | 6.24        |
--------------------------------------------
--------------------------------------------
| curriculum/                |             |
|    stage                   | 3           |
|    window_cost             | 0.133       |
|    window_route_completion | 0.741       |
|    window_success          | 0.133       |
| paper/                     |             |
|    accel_variation         | 0.514       |
|    base_reward             | 499         |
|    collision               | 0           |
|    crash_object            | 0           |
|    crash_vehicle           | 0           |
|    episode_cost            | 0           |
|    episode_length          | 1071        |
|    jerk                    | 0.455       |
|    lane_deviation          | 0.124       |
|    max_lane_deviation      | 0.612       |
|    mean_speed_kmh          | 17.7        |
|    min_ttc                 | 0.934       |
|    out_of_road             | 0           |
|    route_completion        | 0.991       |
|    shaped_reward           | 283         |
|    steering_variation      | 0.338       |
|    success                 | 1           |
|    ttc_risk                | 0.0147      |
| rollout/                   |             |
|    ep_len_mean             | 986         |
|    ep_rew_mean             | 155         |
|    success_rate            | 0.1         |
| time/                      |             |
|    fps                     | 911         |
|    iterations              | 126         |
|    time_elapsed            | 1416        |
|    total_timesteps         | 1290240     |
| train/                     |             |
|    approx_kl               | 0.017832221 |
|    clip_fraction           | 0.153       |
|    clip_range              | 0.2         |
|    entropy_loss            | -1.65       |
|    explained_variance      | 0.854       |
|    learning_rate           | 0.0003      |
|    loss                    | 1.66        |
|    n_updates               | 1250        |
|    policy_gradient_loss    | -0.000355   |
|    std                     | 0.64        |
|    value_loss              | 5.35        |
--------------------------------------------
--------------------------------------------
| curriculum/                |             |
|    stage                   | 3           |
|    window_cost             | 0.133       |
|    window_route_completion | 0.782       |
|    window_success          | 0.2         |
| paper/                     |             |
|    accel_variation         | 0.526       |
|    base_reward             | 329         |
|    collision               | 0           |
|    crash_object            | 0           |
|    crash_vehicle           | 0           |
|    episode_cost            | 0           |
|    episode_length          | 1100        |
|    jerk                    | 0.446       |
|    lane_deviation          | 0.414       |
|    max_lane_deviation      | 1.88        |
|    mean_speed_kmh          | 16.3        |
|    min_ttc                 | 0.0443      |
|    out_of_road             | 0           |
|    route_completion        | 0.86        |
|    shaped_reward           | 2.31        |
|    steering_variation      | 0.359       |
|    success                 | 0           |
|    ttc_risk                | 0.0231      |
| rollout/                   |             |
|    ep_len_mean             | 1.01e+03    |
|    ep_rew_mean             | 163         |
|    success_rate            | 0.12        |
| time/                      |             |
|    fps                     | 909         |
|    iterations              | 127         |
|    time_elapsed            | 1430        |
|    total_timesteps         | 1300480     |
| train/                     |             |
|    approx_kl               | 0.010521148 |
|    clip_fraction           | 0.201       |
|    clip_range              | 0.2         |
|    entropy_loss            | -1.64       |
|    explained_variance      | 0.865       |
|    learning_rate           | 0.0003      |
|    loss                    | 2.39        |
|    n_updates               | 1260        |
|    policy_gradient_loss    | 0.00401     |
|    std                     | 0.636       |
|    value_loss              | 5.01        |
--------------------------------------------
--------------------------------------------
| curriculum/                |             |
|    stage                   | 4           |
|    window_cost             | 0.133       |
|    window_route_completion | 0.785       |
|    window_success          | 0.267       |
| paper/                     |             |
|    accel_variation         | 0.482       |
|    base_reward             | 458         |
|    collision               | 0           |
|    crash_object            | 0           |
|    crash_vehicle           | 0           |
|    episode_cost            | 0           |
|    episode_length          | 985         |
|    jerk                    | 0.461       |
|    lane_deviation          | 0.123       |
|    max_lane_deviation      | 0.529       |
|    mean_speed_kmh          | 17.6        |
|    min_ttc                 | 2.75        |
|    out_of_road             | 0           |
|    route_completion        | 0.991       |
|    shaped_reward           | 269         |
|    steering_variation      | 0.33        |
|    success                 | 1           |
|    ttc_risk                | 0.00535     |
| rollout/                   |             |
|    ep_len_mean             | 1.02e+03    |
|    ep_rew_mean             | 170         |
|    success_rate            | 0.13        |
| time/                      |             |
|    fps                     | 906         |
|    iterations              | 128         |
|    time_elapsed            | 1445        |
|    total_timesteps         | 1310720     |
| train/                     |             |
|    approx_kl               | 0.015956584 |
|    clip_fraction           | 0.193       |
|    clip_range              | 0.2         |
|    entropy_loss            | -1.63       |
|    explained_variance      | 0.846       |
|    learning_rate           | 0.0003      |
|    loss                    | 2.18        |
|    n_updates               | 1270        |
|    policy_gradient_loss    | 0.00116     |
|    std                     | 0.635       |
|    value_loss              | 6.06        |
--------------------------------------------
----------------------------------------
| paper/                  |            |
|    accel_variation      | 0.527      |
|    base_reward          | 504        |
|    collision            | 0          |
|    crash_object         | 0          |
|    crash_vehicle        | 0          |
|    episode_cost         | 0          |
|    episode_length       | 1116       |
|    jerk                 | 0.499      |
|    lane_deviation       | 0.222      |
|    max_lane_deviation   | 0.96       |
|    mean_speed_kmh       | 19.2       |
|    min_ttc              | 9.71       |
|    out_of_road          | 0          |
|    route_completion     | 0.992      |
|    shaped_reward        | 263        |
|    steering_variation   | 0.36       |
|    success              | 1          |
|    ttc_risk             | 0          |
| rollout/                |            |
|    ep_len_mean          | 1.02e+03   |
|    ep_rew_mean          | 175        |
|    success_rate         | 0.15       |
| time/                   |            |
|    fps                  | 904        |
|    iterations           | 129        |
|    time_elapsed         | 1459       |
|    total_timesteps      | 1320960    |
| train/                  |            |
|    approx_kl            | 0.01572169 |
|    clip_fraction        | 0.228      |
|    clip_range           | 0.2        |
|    entropy_loss         | -1.64      |
|    explained_variance   | 0.604      |
|    learning_rate        | 0.0003     |
|    loss                 | 1.48       |
|    n_updates            | 1280       |
|    policy_gradient_loss | 0.0029     |
|    std                  | 0.637      |
|    value_loss           | 7.71       |
----------------------------------------
-----------------------------------------
| paper/                  |             |
|    accel_variation      | 0.509       |
|    base_reward          | 300         |
|    collision            | 0           |
|    crash_object         | 0           |
|    crash_vehicle        | 0           |
|    episode_cost         | 0           |
|    episode_length       | 1200        |
|    jerk                 | 0.452       |
|    lane_deviation       | 0.223       |
|    max_lane_deviation   | 1.05        |
|    mean_speed_kmh       | 11          |
|    min_ttc              | 1.09        |
|    out_of_road          | 0           |
|    route_completion     | 0.569       |
|    shaped_reward        | 83.4        |
|    steering_variation   | 0.359       |
|    success              | 0           |
|    ttc_risk             | 0.0122      |
| rollout/                |             |
|    ep_len_mean          | 1.03e+03    |
|    ep_rew_mean          | 173         |
|    success_rate         | 0.15        |
| time/                   |             |
|    fps                  | 901         |
|    iterations           | 130         |
|    time_elapsed         | 1477        |
|    total_timesteps      | 1331200     |
| train/                  |             |
|    approx_kl            | 0.034817286 |
|    clip_fraction        | 0.297       |
|    clip_range           | 0.2         |
|    entropy_loss         | -1.66       |
|    explained_variance   | 0.628       |
|    learning_rate        | 0.0003      |
|    loss                 | 0.981       |
|    n_updates            | 1290        |
|    policy_gradient_loss | 0.012       |
|    std                  | 0.649       |
|    value_loss           | 4.62        |
-----------------------------------------
-----------------------------------------
| paper/                  |             |
|    accel_variation      | 0.585       |
|    base_reward          | 338         |
|    collision            | 0           |
|    crash_object         | 0           |
|    crash_vehicle        | 0           |
|    episode_cost         | 0           |
|    episode_length       | 1200        |
|    jerk                 | 0.499       |
|    lane_deviation       | 0.187       |
|    max_lane_deviation   | 0.709       |
|    mean_speed_kmh       | 12.8        |
|    min_ttc              | 3.19        |
|    out_of_road          | 0           |
|    route_completion     | 0.429       |
|    shaped_reward        | 121         |
|    steering_variation   | 0.344       |
|    success              | 0           |
|    ttc_risk             | 0.000302    |
| rollout/                |             |
|    ep_len_mean          | 1.04e+03    |
|    ep_rew_mean          | 169         |
|    success_rate         | 0.14        |
| time/                   |             |
|    fps                  | 895         |
|    iterations           | 131         |
|    time_elapsed         | 1497        |
|    total_timesteps      | 1341440     |
| train/                  |             |
|    approx_kl            | 0.017415408 |
|    clip_fraction        | 0.205       |
|    clip_range           | 0.2         |
|    entropy_loss         | -1.68       |
|    explained_variance   | 0.79        |
|    learning_rate        | 0.0003      |
|    loss                 | 1.07        |
|    n_updates            | 1300        |
|    policy_gradient_loss | 0.00171     |
|    std                  | 0.649       |
|    value_loss           | 4.88        |
-----------------------------------------
--------------------------------------------
| curriculum/                |             |
|    stage                   | 4           |
|    window_cost             | 0.167       |
|    window_route_completion | 0.613       |
|    window_success          | 0.0667      |
| paper/                     |             |
|    accel_variation         | 0.56        |
|    base_reward             | 383         |
|    collision               | 0           |
|    crash_object            | 0           |
|    crash_vehicle           | 0           |
|    episode_cost            | 0           |
|    episode_length          | 1200        |
|    jerk                    | 0.487       |
|    lane_deviation          | 0.148       |
|    max_lane_deviation      | 0.468       |
|    mean_speed_kmh          | 13          |
|    min_ttc                 | 5.79        |
|    out_of_road             | 0           |
|    route_completion        | 0.601       |
|    shaped_reward           | 162         |
|    steering_variation      | 0.365       |
|    success                 | 0           |
|    ttc_risk                | 0           |
| rollout/                   |             |
|    ep_len_mean             | 1.05e+03    |
|    ep_rew_mean             | 170         |
|    success_rate            | 0.14        |
| time/                      |             |
|    fps                     | 891         |
|    iterations              | 132         |
|    time_elapsed            | 1516        |
|    total_timesteps         | 1351680     |
| train/                     |             |
|    approx_kl               | 0.010407163 |
|    clip_fraction           | 0.159       |
|    clip_range              | 0.2         |
|    entropy_loss            | -1.69       |
|    explained_variance      | 0.812       |
|    learning_rate           | 0.0003      |
|    loss                    | 1.49        |
|    n_updates               | 1310        |
|    policy_gradient_loss    | -0.00333    |
|    std                     | 0.652       |
|    value_loss              | 13.5        |
--------------------------------------------
--------------------------------------------
| curriculum/                |             |
|    stage                   | 3           |
|    window_cost             | 0.167       |
|    window_route_completion | 0.562       |
|    window_success          | 0           |
| paper/                     |             |
|    accel_variation         | 0.394       |
|    base_reward             | 43          |
|    collision               | 1           |
|    crash_object            | 0           |
|    crash_vehicle           | 1           |
|    episode_cost            | 1           |
|    episode_length          | 138         |
|    jerk                    | 0.387       |
|    lane_deviation          | 0.0784      |
|    max_lane_deviation      | 0.277       |
|    mean_speed_kmh          | 14.7        |
|    min_ttc                 | 2.58        |
|    out_of_road             | 0           |
|    route_completion        | 0.103       |
|    shaped_reward           | -78.2       |
|    steering_variation      | 0.363       |
|    success                 | 0           |
|    ttc_risk                | 0.00673     |
| rollout/                   |             |
|    ep_len_mean             | 1.05e+03    |
|    ep_rew_mean             | 168         |
|    success_rate            | 0.12        |
| time/                      |             |
|    fps                     | 886         |
|    iterations              | 133         |
|    time_elapsed            | 1536        |
|    total_timesteps         | 1361920     |
| train/                     |             |
|    approx_kl               | 0.027963838 |
|    clip_fraction           | 0.206       |
|    clip_range              | 0.2         |
|    entropy_loss            | -1.69       |
|    explained_variance      | 0.918       |
|    learning_rate           | 0.0003      |
|    loss                    | 0.91        |
|    n_updates               | 1320        |
|    policy_gradient_loss    | 0.0021      |
|    std                     | 0.653       |
|    value_loss              | 3.08        |
--------------------------------------------
-----------------------------------------
| paper/                  |             |
|    accel_variation      | 0.51        |
|    base_reward          | 470         |
|    collision            | 0           |
|    crash_object         | 0           |
|    crash_vehicle        | 0           |
|    episode_cost         | 0           |
|    episode_length       | 1100        |
|    jerk                 | 0.459       |
|    lane_deviation       | 0.135       |
|    max_lane_deviation   | 0.7         |
|    mean_speed_kmh       | 17.2        |
|    min_ttc              | 4.62        |
|    out_of_road          | 0           |
|    route_completion     | 0.714       |
|    shaped_reward        | 222         |
|    steering_variation   | 0.373       |
|    success              | 0           |
|    ttc_risk             | 0.000104    |
| rollout/                |             |
|    ep_len_mean          | 1.04e+03    |
|    ep_rew_mean          | 162         |
|    success_rate         | 0.11        |
| time/                   |             |
|    fps                  | 883         |
|    iterations           | 134         |
|    time_elapsed         | 1552        |
|    total_timesteps      | 1372160     |
| train/                  |             |
|    approx_kl            | 0.006150619 |
|    clip_fraction        | 0.127       |
|    clip_range           | 0.2         |
|    entropy_loss         | -1.69       |
|    explained_variance   | 0.555       |
|    learning_rate        | 0.0003      |
|    loss                 | 1.93        |
|    n_updates            | 1330        |
|    policy_gradient_loss | -0.00252    |
|    std                  | 0.654       |
|    value_loss           | 12.5        |
-----------------------------------------
-----------------------------------------
| paper/                  |             |
|    accel_variation      | 0.508       |
|    base_reward          | 281         |
|    collision            | 1           |
|    crash_object         | 0           |
|    crash_vehicle        | 1           |
|    episode_cost         | 1           |
|    episode_length       | 702         |
|    jerk                 | 0.471       |
|    lane_deviation       | 0.169       |
|    max_lane_deviation   | 0.926       |
|    mean_speed_kmh       | 17.3        |
|    min_ttc              | 0.17        |
|    out_of_road          | 0           |
|    route_completion     | 0.491       |
|    shaped_reward        | 26.5        |
|    steering_variation   | 0.329       |
|    success              | 0           |
|    ttc_risk             | 0.00606     |
| rollout/                |             |
|    ep_len_mean          | 1.05e+03    |
|    ep_rew_mean          | 165         |
|    success_rate         | 0.11        |
| time/                   |             |
|    fps                  | 881         |
|    iterations           | 135         |
|    time_elapsed         | 1568        |
|    total_timesteps      | 1382400     |
| train/                  |             |
|    approx_kl            | 0.032730885 |
|    clip_fraction        | 0.19        |
|    clip_range           | 0.2         |
|    entropy_loss         | -1.7        |
|    explained_variance   | 0.612       |
|    learning_rate        | 0.0003      |
|    loss                 | 1.49        |
|    n_updates            | 1340        |
|    policy_gradient_loss | -0.00182    |
|    std                  | 0.657       |
|    value_loss           | 17.7        |
-----------------------------------------
--------------------------------------------
| curriculum/                |             |
|    stage                   | 3           |
|    window_cost             | 0.133       |
|    window_route_completion | 0.723       |
|    window_success          | 0.0667      |
| paper/                     |             |
|    accel_variation         | 0.515       |
|    base_reward             | 523         |
|    collision               | 0           |
|    crash_object            | 0           |
|    crash_vehicle           | 0           |
|    episode_cost            | 0           |
|    episode_length          | 1100        |
|    jerk                    | 0.486       |
|    lane_deviation          | 0.11        |
|    max_lane_deviation      | 0.467       |
|    mean_speed_kmh          | 18.5        |
|    min_ttc                 | 5.06        |
|    out_of_road             | 0           |
|    route_completion        | 0.991       |
|    shaped_reward           | 265         |
|    steering_variation      | 0.357       |
|    success                 | 0           |
|    ttc_risk                | 0           |
| rollout/                   |             |
|    ep_len_mean             | 1.05e+03    |
|    ep_rew_mean             | 165         |
|    success_rate            | 0.1         |
| time/                      |             |
|    fps                     | 880         |
|    iterations              | 136         |
|    time_elapsed            | 1582        |
|    total_timesteps         | 1392640     |
| train/                     |             |
|    approx_kl               | 0.027849877 |
|    clip_fraction           | 0.271       |
|    clip_range              | 0.2         |
|    entropy_loss            | -1.68       |
|    explained_variance      | 0.758       |
|    learning_rate           | 0.0003      |
|    loss                    | 1.5         |
|    n_updates               | 1350        |
|    policy_gradient_loss    | 0.00784     |
|    std                     | 0.647       |
|    value_loss              | 4.27        |
--------------------------------------------
-------------------------------------------
| curriculum/                |            |
|    stage                   | 3          |
|    window_cost             | 0.1        |
|    window_route_completion | 0.802      |
|    window_success          | 0.0667     |
| paper/                     |            |
|    accel_variation         | 0.511      |
|    base_reward             | 468        |
|    collision               | 0          |
|    crash_object            | 0          |
|    crash_vehicle           | 0          |
|    episode_cost            | 0          |
|    episode_length          | 1100       |
|    jerk                    | 0.484      |
|    lane_deviation          | 0.196      |
|    max_lane_deviation      | 0.956      |
|    mean_speed_kmh          | 18.6       |
|    min_ttc                 | 3.49       |
|    out_of_road             | 0          |
|    route_completion        | 0.682      |
|    shaped_reward           | 203        |
|    steering_variation      | 0.365      |
|    success                 | 0          |
|    ttc_risk                | 0.00064    |
| rollout/                   |            |
|    ep_len_mean             | 1.05e+03   |
|    ep_rew_mean             | 160        |
|    success_rate            | 0.07       |
| time/                      |            |
|    fps                     | 878        |
|    iterations              | 137        |
|    time_elapsed            | 1596       |
|    total_timesteps         | 1402880    |
| train/                     |            |
|    approx_kl               | 0.04090955 |
|    clip_fraction           | 0.226      |
|    clip_range              | 0.2        |
|    entropy_loss            | -1.66      |
|    explained_variance      | 0.869      |
|    learning_rate           | 0.0003     |
|    loss                    | 0.987      |
|    n_updates               | 1360       |
|    policy_gradient_loss    | 0.00117    |
|    std                     | 0.645      |
|    value_loss              | 3.39       |
-------------------------------------------
--------------------------------------------
| curriculum/                |             |
|    stage                   | 3           |
|    window_cost             | 0.2         |
|    window_route_completion | 0.784       |
|    window_success          | 0.1         |
| paper/                     |             |
|    accel_variation         | 0.531       |
|    base_reward             | 521         |
|    collision               | 0           |
|    crash_object            | 0           |
|    crash_vehicle           | 0           |
|    episode_cost            | 0           |
|    episode_length          | 1100        |
|    jerk                    | 0.489       |
|    lane_deviation          | 0.129       |
|    max_lane_deviation      | 0.551       |
|    mean_speed_kmh          | 18.8        |
|    min_ttc                 | 5.01        |
|    out_of_road             | 0           |
|    route_completion        | 0.676       |
|    shaped_reward           | 252         |
|    steering_variation      | 0.339       |
|    success                 | 0           |
|    ttc_risk                | 0           |
| rollout/                   |             |
|    ep_len_mean             | 1.04e+03    |
|    ep_rew_mean             | 158         |
|    success_rate            | 0.08        |
| time/                      |             |
|    fps                     | 877         |
|    iterations              | 138         |
|    time_elapsed            | 1610        |
|    total_timesteps         | 1413120     |
| train/                     |             |
|    approx_kl               | 0.025007304 |
|    clip_fraction           | 0.188       |
|    clip_range              | 0.2         |
|    entropy_loss            | -1.66       |
|    explained_variance      | 0.901       |
|    learning_rate           | 0.0003      |
|    loss                    | 1.44        |
|    n_updates               | 1370        |
|    policy_gradient_loss    | 0.00336     |
|    std                     | 0.649       |
|    value_loss              | 4.26        |
--------------------------------------------
--------------------------------------------
| curriculum/                |             |
|    stage                   | 3           |
|    window_cost             | 0.2         |
|    window_route_completion | 0.765       |
|    window_success          | 0.0667      |
| paper/                     |             |
|    accel_variation         | 0.5         |
|    base_reward             | 522         |
|    collision               | 0           |
|    crash_object            | 0           |
|    crash_vehicle           | 0           |
|    episode_cost            | 0           |
|    episode_length          | 1100        |
|    jerk                    | 0.468       |
|    lane_deviation          | 0.121       |
|    max_lane_deviation      | 0.464       |
|    mean_speed_kmh          | 18.6        |
|    min_ttc                 | 2.29        |
|    out_of_road             | 0           |
|    route_completion        | 0.782       |
|    shaped_reward           | 255         |
|    steering_variation      | 0.344       |
|    success                 | 0           |
|    ttc_risk                | 0.00685     |
| rollout/                   |             |
|    ep_len_mean             | 1.04e+03    |
|    ep_rew_mean             | 161         |
|    success_rate            | 0.06        |
| time/                      |             |
|    fps                     | 875         |
|    iterations              | 139         |
|    time_elapsed            | 1625        |
|    total_timesteps         | 1423360     |
| train/                     |             |
|    approx_kl               | 0.015222877 |
|    clip_fraction           | 0.157       |
|    clip_range              | 0.2         |
|    entropy_loss            | -1.66       |
|    explained_variance      | 0.487       |
|    learning_rate           | 0.0003      |
|    loss                    | 2.69        |
|    n_updates               | 1380        |
|    policy_gradient_loss    | 0.000455    |
|    std                     | 0.647       |
|    value_loss              | 9.7         |
--------------------------------------------
--------------------------------------------
| curriculum/                |             |
|    stage                   | 3           |
|    window_cost             | 0.2         |
|    window_route_completion | 0.736       |
|    window_success          | 0.1         |
| paper/                     |             |
|    accel_variation         | 0.486       |
|    base_reward             | 420         |
|    collision               | 0           |
|    crash_object            | 0           |
|    crash_vehicle           | 0           |
|    episode_cost            | 0           |
|    episode_length          | 1100        |
|    jerk                    | 0.48        |
|    lane_deviation          | 0.2         |
|    max_lane_deviation      | 0.996       |
|    mean_speed_kmh          | 16.2        |
|    min_ttc                 | 3.37        |
|    out_of_road             | 0           |
|    route_completion        | 0.688       |
|    shaped_reward           | 175         |
|    steering_variation      | 0.343       |
|    success                 | 0           |
|    ttc_risk                | 0.000296    |
| rollout/                   |             |
|    ep_len_mean             | 1.03e+03    |
|    ep_rew_mean             | 162         |
|    success_rate            | 0.05        |
| time/                      |             |
|    fps                     | 873         |
|    iterations              | 140         |
|    time_elapsed            | 1640        |
|    total_timesteps         | 1433600     |
| train/                     |             |
|    approx_kl               | 0.014662048 |
|    clip_fraction           | 0.281       |
|    clip_range              | 0.2         |
|    entropy_loss            | -1.64       |
|    explained_variance      | 0.61        |
|    learning_rate           | 0.0003      |
|    loss                    | 0.683       |
|    n_updates               | 1390        |
|    policy_gradient_loss    | 0.0111      |
|    std                     | 0.642       |
|    value_loss              | 3.07        |
--------------------------------------------
--------------------------------------------
| curriculum/                |             |
|    stage                   | 3           |
|    window_cost             | 0.167       |
|    window_route_completion | 0.729       |
|    window_success          | 0.0333      |
| paper/                     |             |
|    accel_variation         | 0.472       |
|    base_reward             | 471         |
|    collision               | 0           |
|    crash_object            | 0           |
|    crash_vehicle           | 0           |
|    episode_cost            | 0           |
|    episode_length          | 1100        |
|    jerk                    | 0.463       |
|    lane_deviation          | 0.153       |
|    max_lane_deviation      | 0.853       |
|    mean_speed_kmh          | 17.5        |
|    min_ttc                 | 2.84        |
|    out_of_road             | 0           |
|    route_completion        | 0.944       |
|    shaped_reward           | 217         |
|    steering_variation      | 0.341       |
|    success                 | 0           |
|    ttc_risk                | 0.00887     |
| rollout/                   |             |
|    ep_len_mean             | 1.03e+03    |
|    ep_rew_mean             | 171         |
|    success_rate            | 0.05        |
| time/                      |             |
|    fps                     | 871         |
|    iterations              | 141         |
|    time_elapsed            | 1656        |
|    total_timesteps         | 1443840     |
| train/                     |             |
|    approx_kl               | 0.026967589 |
|    clip_fraction           | 0.186       |
|    clip_range              | 0.2         |
|    entropy_loss            | -1.62       |
|    explained_variance      | 0.764       |
|    learning_rate           | 0.0003      |
|    loss                    | 1.02        |
|    n_updates               | 1400        |
|    policy_gradient_loss    | -0.00153    |
|    std                     | 0.634       |
|    value_loss              | 4.38        |
--------------------------------------------
--------------------------------------------
| curriculum/                |             |
|    stage                   | 3           |
|    window_cost             | 0.167       |
|    window_route_completion | 0.74        |
|    window_success          | 0.0667      |
| paper/                     |             |
|    accel_variation         | 0.507       |
|    base_reward             | 425         |
|    collision               | 0           |
|    crash_object            | 0           |
|    crash_vehicle           | 0           |
|    episode_cost            | 0           |
|    episode_length          | 1100        |
|    jerk                    | 0.488       |
|    lane_deviation          | 0.237       |
|    max_lane_deviation      | 0.771       |
|    mean_speed_kmh          | 17.3        |
|    min_ttc                 | 2.66        |
|    out_of_road             | 0           |
|    route_completion        | 0.75        |
|    shaped_reward           | 176         |
|    steering_variation      | 0.341       |
|    success                 | 0           |
|    ttc_risk                | 0.0028      |
| rollout/                   |             |
|    ep_len_mean             | 1.02e+03    |
|    ep_rew_mean             | 175         |
|    success_rate            | 0.06        |
| time/                      |             |
|    fps                     | 869         |
|    iterations              | 142         |
|    time_elapsed            | 1672        |
|    total_timesteps         | 1454080     |
| train/                     |             |
|    approx_kl               | 0.024951296 |
|    clip_fraction           | 0.183       |
|    clip_range              | 0.2         |
|    entropy_loss            | -1.61       |
|    explained_variance      | 0.595       |
|    learning_rate           | 0.0003      |
|    loss                    | 1.24        |
|    n_updates               | 1410        |
|    policy_gradient_loss    | 0.00146     |
|    std                     | 0.63        |
|    value_loss              | 6.06        |
--------------------------------------------
--------------------------------------------
| curriculum/                |             |
|    stage                   | 3           |
|    window_cost             | 0.167       |
|    window_route_completion | 0.731       |
|    window_success          | 0.133       |
| paper/                     |             |
|    accel_variation         | 0.527       |
|    base_reward             | 446         |
|    collision               | 0           |
|    crash_object            | 0           |
|    crash_vehicle           | 0           |
|    episode_cost            | 0           |
|    episode_length          | 1100        |
|    jerk                    | 0.491       |
|    lane_deviation          | 0.232       |
|    max_lane_deviation      | 0.737       |
|    mean_speed_kmh          | 18.2        |
|    min_ttc                 | 5.72        |
|    out_of_road             | 0           |
|    route_completion        | 0.507       |
|    shaped_reward           | 182         |
|    steering_variation      | 0.337       |
|    success                 | 0           |
|    ttc_risk                | 0           |
| rollout/                   |             |
|    ep_len_mean             | 1.02e+03    |
|    ep_rew_mean             | 175         |
|    success_rate            | 0.09        |
| time/                      |             |
|    fps                     | 867         |
|    iterations              | 143         |
|    time_elapsed            | 1687        |
|    total_timesteps         | 1464320     |
| train/                     |             |
|    approx_kl               | 0.022119218 |
|    clip_fraction           | 0.243       |
|    clip_range              | 0.2         |
|    entropy_loss            | -1.59       |
|    explained_variance      | 0.715       |
|    learning_rate           | 0.0003      |
|    loss                    | 0.82        |
|    n_updates               | 1420        |
|    policy_gradient_loss    | -0.000211   |
|    std                     | 0.626       |
|    value_loss              | 2.12        |
--------------------------------------------
--------------------------------------------
| curriculum/                |             |
|    stage                   | 3           |
|    window_cost             | 0.167       |
|    window_route_completion | 0.714       |
|    window_success          | 0.133       |
| paper/                     |             |
|    accel_variation         | 0.528       |
|    base_reward             | 499         |
|    collision               | 0           |
|    crash_object            | 0           |
|    crash_vehicle           | 0           |
|    episode_cost            | 0           |
|    episode_length          | 1057        |
|    jerk                    | 0.48        |
|    lane_deviation          | 0.194       |
|    max_lane_deviation      | 0.737       |
|    mean_speed_kmh          | 19.4        |
|    min_ttc                 | 5.73        |
|    out_of_road             | 0           |
|    route_completion        | 0.991       |
|    shaped_reward           | 277         |
|    steering_variation      | 0.329       |
|    success                 | 1           |
|    ttc_risk                | 0           |
| rollout/                   |             |
|    ep_len_mean             | 1.03e+03    |
|    ep_rew_mean             | 176         |
|    success_rate            | 0.1         |
| time/                      |             |
|    fps                     | 866         |
|    iterations              | 144         |
|    time_elapsed            | 1702        |
|    total_timesteps         | 1474560     |
| train/                     |             |
|    approx_kl               | 0.018231796 |
|    clip_fraction           | 0.167       |
|    clip_range              | 0.2         |
|    entropy_loss            | -1.58       |
|    explained_variance      | 0.581       |
|    learning_rate           | 0.0003      |
|    loss                    | 1.48        |
|    n_updates               | 1430        |
|    policy_gradient_loss    | -0.00492    |
|    std                     | 0.628       |
|    value_loss              | 10.1        |
--------------------------------------------
-------------------------------------------
| curriculum/                |            |
|    stage                   | 3          |
|    window_cost             | 0.267      |
|    window_route_completion | 0.716      |
|    window_success          | 0.2        |
| paper/                     |            |
|    accel_variation         | 0.474      |
|    base_reward             | 406        |
|    collision               | 0          |
|    crash_object            | 0          |
|    crash_vehicle           | 0          |
|    episode_cost            | 0          |
|    episode_length          | 883        |
|    jerk                    | 0.459      |
|    lane_deviation          | 0.136      |
|    max_lane_deviation      | 0.532      |
|    mean_speed_kmh          | 17.6       |
|    min_ttc                 | 0.414      |
|    out_of_road             | 0          |
|    route_completion        | 0.988      |
|    shaped_reward           | 244        |
|    steering_variation      | 0.336      |
|    success                 | 1          |
|    ttc_risk                | 0.0213     |
| rollout/                   |            |
|    ep_len_mean             | 1.02e+03   |
|    ep_rew_mean             | 168        |
|    success_rate            | 0.11       |
| time/                      |            |
|    fps                     | 864        |
|    iterations              | 145        |
|    time_elapsed            | 1717       |
|    total_timesteps         | 1484800    |
| train/                     |            |
|    approx_kl               | 0.02411962 |
|    clip_fraction           | 0.142      |
|    clip_range              | 0.2        |
|    entropy_loss            | -1.59      |
|    explained_variance      | 0.752      |
|    learning_rate           | 0.0003     |
|    loss                    | 2.08       |
|    n_updates               | 1440       |
|    policy_gradient_loss    | -0.00266   |
|    std                     | 0.632      |
|    value_loss              | 10         |
-------------------------------------------
--------------------------------------------
| curriculum/                |             |
|    stage                   | 3           |
|    window_cost             | 0.167       |
|    window_route_completion | 0.747       |
|    window_success          | 0.133       |
| paper/                     |             |
|    accel_variation         | 0.524       |
|    base_reward             | 475         |
|    collision               | 0           |
|    crash_object            | 0           |
|    crash_vehicle           | 0           |
|    episode_cost            | 0           |
|    episode_length          | 1100        |
|    jerk                    | 0.504       |
|    lane_deviation          | 0.23        |
|    max_lane_deviation      | 0.864       |
|    mean_speed_kmh          | 19.4        |
|    min_ttc                 | 7.93        |
|    out_of_road             | 0           |
|    route_completion        | 0.779       |
|    shaped_reward           | 201         |
|    steering_variation      | 0.333       |
|    success                 | 0           |
|    ttc_risk                | 0           |
| rollout/                   |             |
|    ep_len_mean             | 1.02e+03    |
|    ep_rew_mean             | 170         |
|    success_rate            | 0.11        |
| time/                      |             |
|    fps                     | 862         |
|    iterations              | 146         |
|    time_elapsed            | 1733        |
|    total_timesteps         | 1495040     |
| train/                     |             |
|    approx_kl               | 0.008198586 |
|    clip_fraction           | 0.126       |
|    clip_range              | 0.2         |
|    entropy_loss            | -1.59       |
|    explained_variance      | 0.742       |
|    learning_rate           | 0.0003      |
|    loss                    | 2.93        |
|    n_updates               | 1450        |
|    policy_gradient_loss    | -0.00184    |
|    std                     | 0.631       |
|    value_loss              | 11.2        |
--------------------------------------------
--------------------------------------------
| curriculum/                |             |
|    stage                   | 3           |
|    window_cost             | 0.167       |
|    window_route_completion | 0.768       |
|    window_success          | 0.133       |
| paper/                     |             |
|    accel_variation         | 0.502       |
|    base_reward             | 185         |
|    collision               | 0           |
|    crash_object            | 0           |
|    crash_vehicle           | 0           |
|    episode_cost            | 1           |
|    episode_length          | 625         |
|    jerk                    | 0.444       |
|    lane_deviation          | 0.412       |
|    max_lane_deviation      | 2           |
|    mean_speed_kmh          | 16.4        |
|    min_ttc                 | 0.558       |
|    out_of_road             | 1           |
|    route_completion        | 0.542       |
|    shaped_reward           | -121        |
|    steering_variation      | 0.321       |
|    success                 | 0           |
|    ttc_risk                | 0.0317      |
| rollout/                   |             |
|    ep_len_mean             | 1.01e+03    |
|    ep_rew_mean             | 168         |
|    success_rate            | 0.12        |
| time/                      |             |
|    fps                     | 860         |
|    iterations              | 147         |
|    time_elapsed            | 1749        |
|    total_timesteps         | 1505280     |
| train/                     |             |
|    approx_kl               | 0.025706273 |
|    clip_fraction           | 0.206       |
|    clip_range              | 0.2         |
|    entropy_loss            | -1.58       |
|    explained_variance      | 0.813       |
|    learning_rate           | 0.0003      |
|    loss                    | 1.29        |
|    n_updates               | 1460        |
|    policy_gradient_loss    | 0.000118    |
|    std                     | 0.625       |
|    value_loss              | 4.27        |
--------------------------------------------
saved_model=outputs/iscsic_main_nenv10_1p5m_ent001/runs/proposed_wo_ttc_ppo_s2/model/final_model.zip
eval_command=python scripts/evaluate_from_config.py --config-json outputs/iscsic_main_nenv10_1p5m_ent001/runs/proposed_wo_ttc_ppo_s2/config.json --model outputs/iscsic_main_nenv10_1p5m_ent001/runs/proposed_wo_ttc_ppo_s2/model/final_model.zip --episodes 50 --densities 0.00 0.08 0.15 --n-envs 10 --device cuda --output-dir outputs/iscsic_main_nenv10_1p5m_ent001/evaluations
/home/aaa/data/qj/stable-baselines3-master/stable_baselines3/common/on_policy_algorithm.py:150: UserWarning: You are trying to run PPO on the GPU, but it is primarily intended to run on the CPU when not using a CNN policy (you are using ActorCriticPolicy which should be a MlpPolicy). See https://github.com/DLR-RM/stable-baselines3/issues/1245 for more info. You can pass `device='cpu'` or `export CUDA_VISIBLE_DEVICES=` to force using the CPU.Note: The model will train, but the GPU utilization will be poor and the training might take longer than on CPU.
  warnings.warn(
         success  route_completion  collision  out_of_road  cost      reward  shield_intervention_rate  shield_soft_rate  shield_hard_rate  overspeed_guard_rate
density                                                                                                                                                         
0.00        0.86          0.982249       0.00         0.00  0.00  533.112130                  0.867760          0.000000          0.000000              0.867760
0.08        0.70          0.932688       0.08         0.02  0.10  525.705458                  0.847753          0.003887          0.003498              0.840369
0.15        0.48          0.813621       0.40         0.04  0.44  395.781175                  0.735120          0.028031          0.009142              0.697947
saved_evaluation=outputs/iscsic_main_nenv10_1p5m_ent001/evaluations/proposed_wo_ttc_ppo_s2.csv
finished=2026-06-30T12:04:54+08:00
