/home/aaa/data/qj/stable-baselines3-master/stable_baselines3/common/on_policy_algorithm.py:150: UserWarning: You are trying to run PPO on the GPU, but it is primarily intended to run on the CPU when not using a CNN policy (you are using ActorCriticPolicy which should be a MlpPolicy). See https://github.com/DLR-RM/stable-baselines3/issues/1245 for more info. You can pass `device='cpu'` or `export CUDA_VISIBLE_DEVICES=` to force using the CPU.Note: The model will train, but the GPU utilization will be poor and the training might take longer than on CPU.
  warnings.warn(
Using cuda device
Logging to outputs/iscsic_main_nenv10_1p5m_ent001/runs/proposed_ppo_s0/tensorboard/proposed_ppo_s0_1
------------------------------------
| paper/                |          |
|    accel_variation    | 0.812    |
|    base_reward        | 6.52     |
|    collision          | 0        |
|    crash_object       | 0        |
|    crash_vehicle      | 0        |
|    episode_cost       | 0        |
|    episode_length     | 600      |
|    jerk               | 0.636    |
|    lane_deviation     | 0.101    |
|    max_lane_deviation | 0.217    |
|    mean_speed_kmh     | 0.745    |
|    min_ttc            | nan      |
|    out_of_road        | 0        |
|    route_completion   | 0.101    |
|    shaped_reward      | -95.6    |
|    steering_variation | 0.793    |
|    success            | 0        |
|    ttc_risk           | 0        |
| rollout/              |          |
|    ep_len_mean        | 600      |
|    ep_rew_mean        | -101     |
|    success_rate       | 0        |
| time/                 |          |
|    fps                | 3727     |
|    iterations         | 1        |
|    time_elapsed       | 2        |
|    total_timesteps    | 10240    |
------------------------------------
--------------------------------------------
| curriculum/                |             |
|    stage                   | 0           |
|    window_cost             | 0           |
|    window_route_completion | 0.118       |
|    window_success          | 0           |
| paper/                     |             |
|    accel_variation         | 0.777       |
|    base_reward             | 10.6        |
|    collision               | 0           |
|    crash_object            | 0           |
|    crash_vehicle           | 0           |
|    episode_cost            | 0           |
|    episode_length          | 600         |
|    jerk                    | 0.637       |
|    lane_deviation          | 0.092       |
|    max_lane_deviation      | 0.205       |
|    mean_speed_kmh          | 0.977       |
|    min_ttc                 | nan         |
|    out_of_road             | 0           |
|    route_completion        | 0.124       |
|    shaped_reward           | -86.3       |
|    steering_variation      | 0.826       |
|    success                 | 0           |
|    ttc_risk                | 0           |
| rollout/                   |             |
|    ep_len_mean             | 600         |
|    ep_rew_mean             | -125        |
|    success_rate            | 0           |
| time/                      |             |
|    fps                     | 3264        |
|    iterations              | 2           |
|    time_elapsed            | 6           |
|    total_timesteps         | 20480       |
| train/                     |             |
|    approx_kl               | 0.008654241 |
|    clip_fraction           | 0.111       |
|    clip_range              | 0.2         |
|    entropy_loss            | -2.83       |
|    explained_variance      | -0.00521    |
|    learning_rate           | 0.0003      |
|    loss                    | 0.119       |
|    n_updates               | 10          |
|    policy_gradient_loss    | -0.00692    |
|    std                     | 0.992       |
|    value_loss              | 0.425       |
--------------------------------------------
--------------------------------------------
| curriculum/                |             |
|    stage                   | 0           |
|    window_cost             | 0.0333      |
|    window_route_completion | 0.144       |
|    window_success          | 0           |
| paper/                     |             |
|    accel_variation         | 0.791       |
|    base_reward             | 9           |
|    collision               | 0           |
|    crash_object            | 0           |
|    crash_vehicle           | 0           |
|    episode_cost            | 0           |
|    episode_length          | 600         |
|    jerk                    | 0.623       |
|    lane_deviation          | 0.29        |
|    max_lane_deviation      | 0.726       |
|    mean_speed_kmh          | 1.01        |
|    min_ttc                 | nan         |
|    out_of_road             | 0           |
|    route_completion        | 0.165       |
|    shaped_reward           | -124        |
|    steering_variation      | 0.828       |
|    success                 | 0           |
|    ttc_risk                | 0           |
| rollout/                   |             |
|    ep_len_mean             | 598         |
|    ep_rew_mean             | -130        |
|    success_rate            | 0           |
| time/                      |             |
|    fps                     | 3181        |
|    iterations              | 3           |
|    time_elapsed            | 9           |
|    total_timesteps         | 30720       |
| train/                     |             |
|    approx_kl               | 0.006282835 |
|    clip_fraction           | 0.0401      |
|    clip_range              | 0.2         |
|    entropy_loss            | -2.82       |
|    explained_variance      | -0.102      |
|    learning_rate           | 0.0003      |
|    loss                    | 4.27        |
|    n_updates               | 20          |
|    policy_gradient_loss    | -0.00161    |
|    std                     | 0.993       |
|    value_loss              | 8.67        |
--------------------------------------------
-------------------------------------------
| curriculum/                |            |
|    stage                   | 0          |
|    window_cost             | 0.0333     |
|    window_route_completion | 0.156      |
|    window_success          | 0          |
| paper/                     |            |
|    accel_variation         | 0.742      |
|    base_reward             | 10         |
|    collision               | 0          |
|    crash_object            | 0          |
|    crash_vehicle           | 0          |
|    episode_cost            | 0          |
|    episode_length          | 600        |
|    jerk                    | 0.569      |
|    lane_deviation          | 0.368      |
|    max_lane_deviation      | 0.991      |
|    mean_speed_kmh          | 1.2        |
|    min_ttc                 | nan        |
|    out_of_road             | 0          |
|    route_completion        | 0.219      |
|    shaped_reward           | -155       |
|    steering_variation      | 0.873      |
|    success                 | 0          |
|    ttc_risk                | 0          |
| rollout/                   |            |
|    ep_len_mean             | 599        |
|    ep_rew_mean             | -149       |
|    success_rate            | 0          |
| time/                      |            |
|    fps                     | 3143       |
|    iterations              | 4          |
|    time_elapsed            | 13         |
|    total_timesteps         | 40960      |
| train/                     |            |
|    approx_kl               | 0.00443426 |
|    clip_fraction           | 0.035      |
|    clip_range              | 0.2        |
|    entropy_loss            | -2.83      |
|    explained_variance      | 0.375      |
|    learning_rate           | 0.0003     |
|    loss                    | 1.09       |
|    n_updates               | 30         |
|    policy_gradient_loss    | -0.00146   |
|    std                     | 0.995      |
|    value_loss              | 13.1       |
-------------------------------------------
---------------------------------------------
| curriculum/                |              |
|    stage                   | 0            |
|    window_cost             | 0.0667       |
|    window_route_completion | 0.179        |
|    window_success          | 0            |
| paper/                     |              |
|    accel_variation         | 0.767        |
|    base_reward             | 15.2         |
|    collision               | 0            |
|    crash_object            | 0            |
|    crash_vehicle           | 0            |
|    episode_cost            | 0            |
|    episode_length          | 600          |
|    jerk                    | 0.61         |
|    lane_deviation          | 0.113        |
|    max_lane_deviation      | 0.365        |
|    mean_speed_kmh          | 1.27         |
|    min_ttc                 | nan          |
|    out_of_road             | 0            |
|    route_completion        | 0.192        |
|    shaped_reward           | -78.5        |
|    steering_variation      | 0.788        |
|    success                 | 0            |
|    ttc_risk                | 0            |
| rollout/                   |              |
|    ep_len_mean             | 592          |
|    ep_rew_mean             | -154         |
|    success_rate            | 0            |
| time/                      |              |
|    fps                     | 3102         |
|    iterations              | 5            |
|    time_elapsed            | 16           |
|    total_timesteps         | 51200        |
| train/                     |              |
|    approx_kl               | 0.0038739159 |
|    clip_fraction           | 0.0437       |
|    clip_range              | 0.2          |
|    entropy_loss            | -2.83        |
|    explained_variance      | 0.677        |
|    learning_rate           | 0.0003       |
|    loss                    | 4.56         |
|    n_updates               | 40           |
|    policy_gradient_loss    | -0.00179     |
|    std                     | 0.995        |
|    value_loss              | 15.5         |
---------------------------------------------
--------------------------------------------
| curriculum/                |             |
|    stage                   | 0           |
|    window_cost             | 0.1         |
|    window_route_completion | 0.192       |
|    window_success          | 0           |
| paper/                     |             |
|    accel_variation         | 0.746       |
|    base_reward             | 8.23        |
|    collision               | 0           |
|    crash_object            | 0           |
|    crash_vehicle           | 0           |
|    episode_cost            | 0           |
|    episode_length          | 600         |
|    jerk                    | 0.592       |
|    lane_deviation          | 0.688       |
|    max_lane_deviation      | 2           |
|    mean_speed_kmh          | 1.41        |
|    min_ttc                 | nan         |
|    out_of_road             | 0           |
|    route_completion        | 0.184       |
|    shaped_reward           | -312        |
|    steering_variation      | 0.792       |
|    success                 | 0           |
|    ttc_risk                | 0           |
| rollout/                   |             |
|    ep_len_mean             | 592         |
|    ep_rew_mean             | -166        |
|    success_rate            | 0           |
| time/                      |             |
|    fps                     | 3052        |
|    iterations              | 6           |
|    time_elapsed            | 20          |
|    total_timesteps         | 61440       |
| train/                     |             |
|    approx_kl               | 0.002772517 |
|    clip_fraction           | 0.0239      |
|    clip_range              | 0.2         |
|    entropy_loss            | -2.83       |
|    explained_variance      | 0.711       |
|    learning_rate           | 0.0003      |
|    loss                    | 4.01        |
|    n_updates               | 50          |
|    policy_gradient_loss    | -0.00133    |
|    std                     | 0.995       |
|    value_loss              | 29.4        |
--------------------------------------------
--------------------------------------------
| curriculum/                |             |
|    stage                   | 0           |
|    window_cost             | 0.0333      |
|    window_route_completion | 0.198       |
|    window_success          | 0           |
| paper/                     |             |
|    accel_variation         | 0.747       |
|    base_reward             | 12.7        |
|    collision               | 0           |
|    crash_object            | 0           |
|    crash_vehicle           | 0           |
|    episode_cost            | 0           |
|    episode_length          | 600         |
|    jerk                    | 0.563       |
|    lane_deviation          | 0.28        |
|    max_lane_deviation      | 0.721       |
|    mean_speed_kmh          | 1.22        |
|    min_ttc                 | nan         |
|    out_of_road             | 0           |
|    route_completion        | 0.19        |
|    shaped_reward           | -111        |
|    steering_variation      | 0.83        |
|    success                 | 0           |
|    ttc_risk                | 0           |
| rollout/                   |             |
|    ep_len_mean             | 592         |
|    ep_rew_mean             | -176        |
|    success_rate            | 0           |
| time/                      |             |
|    fps                     | 3019        |
|    iterations              | 7           |
|    time_elapsed            | 23          |
|    total_timesteps         | 71680       |
| train/                     |             |
|    approx_kl               | 0.006119483 |
|    clip_fraction           | 0.0337      |
|    clip_range              | 0.2         |
|    entropy_loss            | -2.83       |
|    explained_variance      | 0.881       |
|    learning_rate           | 0.0003      |
|    loss                    | 11.5        |
|    n_updates               | 60          |
|    policy_gradient_loss    | -0.00154    |
|    std                     | 0.994       |
|    value_loss              | 29.3        |
--------------------------------------------
---------------------------------------------
| curriculum/                |              |
|    stage                   | 0            |
|    window_cost             | 0.0333       |
|    window_route_completion | 0.2          |
|    window_success          | 0            |
| paper/                     |              |
|    accel_variation         | 0.768        |
|    base_reward             | 8.94         |
|    collision               | 0            |
|    crash_object            | 0            |
|    crash_vehicle           | 0            |
|    episode_cost            | 0            |
|    episode_length          | 600          |
|    jerk                    | 0.631        |
|    lane_deviation          | 0.68         |
|    max_lane_deviation      | 1.44         |
|    mean_speed_kmh          | 1.35         |
|    min_ttc                 | nan          |
|    out_of_road             | 0            |
|    route_completion        | 0.187        |
|    shaped_reward           | -259         |
|    steering_variation      | 0.831        |
|    success                 | 0            |
|    ttc_risk                | 0            |
| rollout/                   |              |
|    ep_len_mean             | 592          |
|    ep_rew_mean             | -174         |
|    success_rate            | 0            |
| time/                      |              |
|    fps                     | 3004         |
|    iterations              | 8            |
|    time_elapsed            | 27           |
|    total_timesteps         | 81920        |
| train/                     |              |
|    approx_kl               | 0.0041808314 |
|    clip_fraction           | 0.0309       |
|    clip_range              | 0.2          |
|    entropy_loss            | -2.83        |
|    explained_variance      | 0.928        |
|    learning_rate           | 0.0003       |
|    loss                    | 2.74         |
|    n_updates               | 70           |
|    policy_gradient_loss    | -0.00117     |
|    std                     | 0.995        |
|    value_loss              | 9.9          |
---------------------------------------------
--------------------------------------------
| curriculum/                |             |
|    stage                   | 0           |
|    window_cost             | 0.267       |
|    window_route_completion | 0.208       |
|    window_success          | 0           |
| paper/                     |             |
|    accel_variation         | 0.745       |
|    base_reward             | -6.15       |
|    collision               | 0           |
|    crash_object            | 0           |
|    crash_vehicle           | 0           |
|    episode_cost            | 1           |
|    episode_length          | 308         |
|    jerk                    | 0.549       |
|    lane_deviation          | 0.517       |
|    max_lane_deviation      | 1.04        |
|    mean_speed_kmh          | 1.5         |
|    min_ttc                 | nan         |
|    out_of_road             | 1           |
|    route_completion        | 0.147       |
|    shaped_reward           | -197        |
|    steering_variation      | 0.858       |
|    success                 | 0           |
|    ttc_risk                | 0           |
| rollout/                   |             |
|    ep_len_mean             | 578         |
|    ep_rew_mean             | -179        |
|    success_rate            | 0           |
| time/                      |             |
|    fps                     | 2971        |
|    iterations              | 9           |
|    time_elapsed            | 31          |
|    total_timesteps         | 92160       |
| train/                     |             |
|    approx_kl               | 0.004637574 |
|    clip_fraction           | 0.0542      |
|    clip_range              | 0.2         |
|    entropy_loss            | -2.82       |
|    explained_variance      | 0.881       |
|    learning_rate           | 0.0003      |
|    loss                    | 3.8         |
|    n_updates               | 80          |
|    policy_gradient_loss    | -0.00166    |
|    std                     | 0.992       |
|    value_loss              | 10.8        |
--------------------------------------------
-------------------------------------------
| curriculum/                |            |
|    stage                   | 0          |
|    window_cost             | 0.4        |
|    window_route_completion | 0.233      |
|    window_success          | 0          |
| paper/                     |            |
|    accel_variation         | 0.647      |
|    base_reward             | 15.1       |
|    collision               | 0          |
|    crash_object            | 0          |
|    crash_vehicle           | 0          |
|    episode_cost            | 0          |
|    episode_length          | 600        |
|    jerk                    | 0.573      |
|    lane_deviation          | 0.572      |
|    max_lane_deviation      | 1.02       |
|    mean_speed_kmh          | 2.2        |
|    min_ttc                 | nan        |
|    out_of_road             | 0          |
|    route_completion        | 0.291      |
|    shaped_reward           | -166       |
|    steering_variation      | 0.843      |
|    success                 | 0          |
|    ttc_risk                | 0          |
| rollout/                   |            |
|    ep_len_mean             | 570        |
|    ep_rew_mean             | -165       |
|    success_rate            | 0          |
| time/                      |            |
|    fps                     | 2938       |
|    iterations              | 10         |
|    time_elapsed            | 34         |
|    total_timesteps         | 102400     |
| train/                     |            |
|    approx_kl               | 0.00455701 |
|    clip_fraction           | 0.0392     |
|    clip_range              | 0.2        |
|    entropy_loss            | -2.82      |
|    explained_variance      | 0.481      |
|    learning_rate           | 0.0003     |
|    loss                    | 8.75       |
|    n_updates               | 90         |
|    policy_gradient_loss    | -0.000873  |
|    std                     | 0.992      |
|    value_loss              | 37.5       |
-------------------------------------------
---------------------------------------------
| curriculum/                |              |
|    stage                   | 0            |
|    window_cost             | 0.167        |
|    window_route_completion | 0.273        |
|    window_success          | 0            |
| paper/                     |              |
|    accel_variation         | 0.715        |
|    base_reward             | 19.9         |
|    collision               | 0            |
|    crash_object            | 0            |
|    crash_vehicle           | 0            |
|    episode_cost            | 0            |
|    episode_length          | 600          |
|    jerk                    | 0.607        |
|    lane_deviation          | 0.211        |
|    max_lane_deviation      | 0.996        |
|    mean_speed_kmh          | 1.59         |
|    min_ttc                 | nan          |
|    out_of_road             | 0            |
|    route_completion        | 0.245        |
|    shaped_reward           | -90.4        |
|    steering_variation      | 0.832        |
|    success                 | 0            |
|    ttc_risk                | 0            |
| rollout/                   |              |
|    ep_len_mean             | 569          |
|    ep_rew_mean             | -175         |
|    success_rate            | 0            |
| time/                      |              |
|    fps                     | 2918         |
|    iterations              | 11           |
|    time_elapsed            | 38           |
|    total_timesteps         | 112640       |
| train/                     |              |
|    approx_kl               | 0.0024403452 |
|    clip_fraction           | 0.0248       |
|    clip_range              | 0.2          |
|    entropy_loss            | -2.82        |
|    explained_variance      | 0.653        |
|    learning_rate           | 0.0003       |
|    loss                    | 7.49         |
|    n_updates               | 100          |
|    policy_gradient_loss    | -0.000296    |
|    std                     | 0.995        |
|    value_loss              | 31.1         |
---------------------------------------------
--------------------------------------------
| curriculum/                |             |
|    stage                   | 0           |
|    window_cost             | 0.0667      |
|    window_route_completion | 0.292       |
|    window_success          | 0           |
| paper/                     |             |
|    accel_variation         | 0.695       |
|    base_reward             | 20.6        |
|    collision               | 0           |
|    crash_object            | 0           |
|    crash_vehicle           | 0           |
|    episode_cost            | 0           |
|    episode_length          | 600         |
|    jerk                    | 0.544       |
|    lane_deviation          | 0.409       |
|    max_lane_deviation      | 0.998       |
|    mean_speed_kmh          | 2           |
|    min_ttc                 | nan         |
|    out_of_road             | 0           |
|    route_completion        | 0.335       |
|    shaped_reward           | -135        |
|    steering_variation      | 0.843       |
|    success                 | 0           |
|    ttc_risk                | 0           |
| rollout/                   |             |
|    ep_len_mean             | 570         |
|    ep_rew_mean             | -154        |
|    success_rate            | 0           |
| time/                      |             |
|    fps                     | 2899        |
|    iterations              | 12          |
|    time_elapsed            | 42          |
|    total_timesteps         | 122880      |
| train/                     |             |
|    approx_kl               | 0.004232256 |
|    clip_fraction           | 0.0415      |
|    clip_range              | 0.2         |
|    entropy_loss            | -2.83       |
|    explained_variance      | 0.894       |
|    learning_rate           | 0.0003      |
|    loss                    | 12.7        |
|    n_updates               | 110         |
|    policy_gradient_loss    | -0.001      |
|    std                     | 0.997       |
|    value_loss              | 21.9        |
--------------------------------------------
--------------------------------------------
| curriculum/                |             |
|    stage                   | 0           |
|    window_cost             | 0           |
|    window_route_completion | 0.321       |
|    window_success          | 0           |
| paper/                     |             |
|    accel_variation         | 0.697       |
|    base_reward             | 17.8        |
|    collision               | 0           |
|    crash_object            | 0           |
|    crash_vehicle           | 0           |
|    episode_cost            | 0           |
|    episode_length          | 600         |
|    jerk                    | 0.549       |
|    lane_deviation          | 0.428       |
|    max_lane_deviation      | 0.9         |
|    mean_speed_kmh          | 1.78        |
|    min_ttc                 | nan         |
|    out_of_road             | 0           |
|    route_completion        | 0.282       |
|    shaped_reward           | -139        |
|    steering_variation      | 0.822       |
|    success                 | 0           |
|    ttc_risk                | 0           |
| rollout/                   |             |
|    ep_len_mean             | 570         |
|    ep_rew_mean             | -170        |
|    success_rate            | 0           |
| time/                      |             |
|    fps                     | 2882        |
|    iterations              | 13          |
|    time_elapsed            | 46          |
|    total_timesteps         | 133120      |
| train/                     |             |
|    approx_kl               | 0.004656962 |
|    clip_fraction           | 0.0465      |
|    clip_range              | 0.2         |
|    entropy_loss            | -2.83       |
|    explained_variance      | 0.915       |
|    learning_rate           | 0.0003      |
|    loss                    | 4.51        |
|    n_updates               | 120         |
|    policy_gradient_loss    | -0.00446    |
|    std                     | 0.992       |
|    value_loss              | 16.6        |
--------------------------------------------
--------------------------------------------
| curriculum/                |             |
|    stage                   | 0           |
|    window_cost             | 0           |
|    window_route_completion | 0.337       |
|    window_success          | 0           |
| paper/                     |             |
|    accel_variation         | 0.688       |
|    base_reward             | 19.7        |
|    collision               | 0           |
|    crash_object            | 0           |
|    crash_vehicle           | 0           |
|    episode_cost            | 0           |
|    episode_length          | 600         |
|    jerk                    | 0.549       |
|    lane_deviation          | 0.347       |
|    max_lane_deviation      | 0.706       |
|    mean_speed_kmh          | 1.87        |
|    min_ttc                 | nan         |
|    out_of_road             | 0           |
|    route_completion        | 0.297       |
|    shaped_reward           | -102        |
|    steering_variation      | 0.799       |
|    success                 | 0           |
|    ttc_risk                | 0           |
| rollout/                   |             |
|    ep_len_mean             | 578         |
|    ep_rew_mean             | -171        |
|    success_rate            | 0           |
| time/                      |             |
|    fps                     | 2861        |
|    iterations              | 14          |
|    time_elapsed            | 50          |
|    total_timesteps         | 143360      |
| train/                     |             |
|    approx_kl               | 0.008234772 |
|    clip_fraction           | 0.076       |
|    clip_range              | 0.2         |
|    entropy_loss            | -2.82       |
|    explained_variance      | 0.947       |
|    learning_rate           | 0.0003      |
|    loss                    | 7.44        |
|    n_updates               | 130         |
|    policy_gradient_loss    | -0.00379    |
|    std                     | 0.988       |
|    value_loss              | 22.3        |
--------------------------------------------
--------------------------------------------
| curriculum/                |             |
|    stage                   | 0           |
|    window_cost             | 0.567       |
|    window_route_completion | 0.268       |
|    window_success          | 0           |
| paper/                     |             |
|    accel_variation         | 0.666       |
|    base_reward             | 25.6        |
|    collision               | 0           |
|    crash_object            | 0           |
|    crash_vehicle           | 0           |
|    episode_cost            | 0           |
|    episode_length          | 600         |
|    jerk                    | 0.529       |
|    lane_deviation          | 0.253       |
|    max_lane_deviation      | 0.663       |
|    mean_speed_kmh          | 2.14        |
|    min_ttc                 | nan         |
|    out_of_road             | 0           |
|    route_completion        | 0.317       |
|    shaped_reward           | -68.7       |
|    steering_variation      | 0.801       |
|    success                 | 0           |
|    ttc_risk                | 0           |
| rollout/                   |             |
|    ep_len_mean             | 560         |
|    ep_rew_mean             | -171        |
|    success_rate            | 0           |
| time/                      |             |
|    fps                     | 2844        |
|    iterations              | 15          |
|    time_elapsed            | 54          |
|    total_timesteps         | 153600      |
| train/                     |             |
|    approx_kl               | 0.011507404 |
|    clip_fraction           | 0.192       |
|    clip_range              | 0.2         |
|    entropy_loss            | -2.81       |
|    explained_variance      | 0.945       |
|    learning_rate           | 0.0003      |
|    loss                    | 7.65        |
|    n_updates               | 140         |
|    policy_gradient_loss    | -0.00728    |
|    std                     | 0.981       |
|    value_loss              | 20.9        |
--------------------------------------------
---------------------------------------------
| curriculum/                |              |
|    stage                   | 0            |
|    window_cost             | 0.6          |
|    window_route_completion | 0.269        |
|    window_success          | 0            |
| paper/                     |              |
|    accel_variation         | 0.632        |
|    base_reward             | 26.5         |
|    collision               | 0            |
|    crash_object            | 0            |
|    crash_vehicle           | 0            |
|    episode_cost            | 0            |
|    episode_length          | 600          |
|    jerk                    | 0.536        |
|    lane_deviation          | 0.261        |
|    max_lane_deviation      | 0.963        |
|    mean_speed_kmh          | 2.62         |
|    min_ttc                 | nan          |
|    out_of_road             | 0            |
|    route_completion        | 0.45         |
|    shaped_reward           | -61.3        |
|    steering_variation      | 0.785        |
|    success                 | 0            |
|    ttc_risk                | 0            |
| rollout/                   |              |
|    ep_len_mean             | 539          |
|    ep_rew_mean             | -169         |
|    success_rate            | 0            |
| time/                      |              |
|    fps                     | 2833         |
|    iterations              | 16           |
|    time_elapsed            | 57           |
|    total_timesteps         | 163840       |
| train/                     |              |
|    approx_kl               | 0.0046140878 |
|    clip_fraction           | 0.0557       |
|    clip_range              | 0.2          |
|    entropy_loss            | -2.81        |
|    explained_variance      | 0.64         |
|    learning_rate           | 0.0003       |
|    loss                    | 18.2         |
|    n_updates               | 150          |
|    policy_gradient_loss    | -0.000915    |
|    std                     | 0.99         |
|    value_loss              | 52.4         |
---------------------------------------------
---------------------------------------------
| curriculum/                |              |
|    stage                   | 0            |
|    window_cost             | 0.3          |
|    window_route_completion | 0.294        |
|    window_success          | 0            |
| paper/                     |              |
|    accel_variation         | 0.658        |
|    base_reward             | 21.2         |
|    collision               | 0            |
|    crash_object            | 0            |
|    crash_vehicle           | 0            |
|    episode_cost            | 0            |
|    episode_length          | 600          |
|    jerk                    | 0.553        |
|    lane_deviation          | 0.384        |
|    max_lane_deviation      | 0.999        |
|    mean_speed_kmh          | 2.2          |
|    min_ttc                 | nan          |
|    out_of_road             | 0            |
|    route_completion        | 0.342        |
|    shaped_reward           | -99.7        |
|    steering_variation      | 0.794        |
|    success                 | 0            |
|    ttc_risk                | 0            |
| rollout/                   |              |
|    ep_len_mean             | 530          |
|    ep_rew_mean             | -165         |
|    success_rate            | 0            |
| time/                      |              |
|    fps                     | 2818         |
|    iterations              | 17           |
|    time_elapsed            | 61           |
|    total_timesteps         | 174080       |
| train/                     |              |
|    approx_kl               | 0.0048396788 |
|    clip_fraction           | 0.0398       |
|    clip_range              | 0.2          |
|    entropy_loss            | -2.82        |
|    explained_variance      | 0.855        |
|    learning_rate           | 0.0003       |
|    loss                    | 13.9         |
|    n_updates               | 160          |
|    policy_gradient_loss    | -0.00372     |
|    std                     | 0.996        |
|    value_loss              | 32.7         |
---------------------------------------------
--------------------------------------------
| curriculum/                |             |
|    stage                   | 0           |
|    window_cost             | 0.0667      |
|    window_route_completion | 0.354       |
|    window_success          | 0           |
| paper/                     |             |
|    accel_variation         | 0.649       |
|    base_reward             | 20.3        |
|    collision               | 0           |
|    crash_object            | 0           |
|    crash_vehicle           | 0           |
|    episode_cost            | 0           |
|    episode_length          | 600         |
|    jerk                    | 0.553       |
|    lane_deviation          | 0.351       |
|    max_lane_deviation      | 0.8         |
|    mean_speed_kmh          | 2.07        |
|    min_ttc                 | nan         |
|    out_of_road             | 0           |
|    route_completion        | 0.279       |
|    shaped_reward           | -93         |
|    steering_variation      | 0.836       |
|    success                 | 0           |
|    ttc_risk                | 0           |
| rollout/                   |             |
|    ep_len_mean             | 530         |
|    ep_rew_mean             | -145        |
|    success_rate            | 0           |
| time/                      |             |
|    fps                     | 2808        |
|    iterations              | 18          |
|    time_elapsed            | 65          |
|    total_timesteps         | 184320      |
| train/                     |             |
|    approx_kl               | 0.017602768 |
|    clip_fraction           | 0.112       |
|    clip_range              | 0.2         |
|    entropy_loss            | -2.82       |
|    explained_variance      | 0.854       |
|    learning_rate           | 0.0003      |
|    loss                    | 4.73        |
|    n_updates               | 170         |
|    policy_gradient_loss    | -0.00383    |
|    std                     | 0.986       |
|    value_loss              | 15.4        |
--------------------------------------------
--------------------------------------------
| curriculum/                |             |
|    stage                   | 0           |
|    window_cost             | 0.1         |
|    window_route_completion | 0.381       |
|    window_success          | 0           |
| paper/                     |             |
|    accel_variation         | 0.526       |
|    base_reward             | -6.51       |
|    collision               | 0           |
|    crash_object            | 0           |
|    crash_vehicle           | 0           |
|    episode_cost            | 1           |
|    episode_length          | 218         |
|    jerk                    | 0.462       |
|    lane_deviation          | 0.694       |
|    max_lane_deviation      | 1.04        |
|    mean_speed_kmh          | 2.44        |
|    min_ttc                 | nan         |
|    out_of_road             | 1           |
|    route_completion        | 0.176       |
|    shaped_reward           | -180        |
|    steering_variation      | 0.735       |
|    success                 | 0           |
|    ttc_risk                | 0           |
| rollout/                   |             |
|    ep_len_mean             | 520         |
|    ep_rew_mean             | -135        |
|    success_rate            | 0           |
| time/                      |             |
|    fps                     | 2803        |
|    iterations              | 19          |
|    time_elapsed            | 69          |
|    total_timesteps         | 194560      |
| train/                     |             |
|    approx_kl               | 0.010978068 |
|    clip_fraction           | 0.217       |
|    clip_range              | 0.2         |
|    entropy_loss            | -2.79       |
|    explained_variance      | 0.87        |
|    learning_rate           | 0.0003      |
|    loss                    | 3.59        |
|    n_updates               | 180         |
|    policy_gradient_loss    | 0.00142     |
|    std                     | 0.97        |
|    value_loss              | 8.43        |
--------------------------------------------
---------------------------------------------
| curriculum/                |              |
|    stage                   | 0            |
|    window_cost             | 0.267        |
|    window_route_completion | 0.436        |
|    window_success          | 0            |
| paper/                     |              |
|    accel_variation         | 0.631        |
|    base_reward             | 27.4         |
|    collision               | 0            |
|    crash_object            | 0            |
|    crash_vehicle           | 0            |
|    episode_cost            | 0            |
|    episode_length          | 600          |
|    jerk                    | 0.508        |
|    lane_deviation          | 0.364        |
|    max_lane_deviation      | 0.997        |
|    mean_speed_kmh          | 2.74         |
|    min_ttc                 | nan          |
|    out_of_road             | 0            |
|    route_completion        | 0.373        |
|    shaped_reward           | -84          |
|    steering_variation      | 0.767        |
|    success                 | 0            |
|    ttc_risk                | 0            |
| rollout/                   |              |
|    ep_len_mean             | 533          |
|    ep_rew_mean             | -122         |
|    success_rate            | 0            |
| time/                      |              |
|    fps                     | 2797         |
|    iterations              | 20           |
|    time_elapsed            | 73           |
|    total_timesteps         | 204800       |
| train/                     |              |
|    approx_kl               | 0.0107573625 |
|    clip_fraction           | 0.119        |
|    clip_range              | 0.2          |
|    entropy_loss            | -2.77        |
|    explained_variance      | 0.723        |
|    learning_rate           | 0.0003       |
|    loss                    | 9.42         |
|    n_updates               | 190          |
|    policy_gradient_loss    | -0.00521     |
|    std                     | 0.96         |
|    value_loss              | 16.4         |
---------------------------------------------
--------------------------------------------
| curriculum/                |             |
|    stage                   | 0           |
|    window_cost             | 0.133       |
|    window_route_completion | 0.518       |
|    window_success          | 0           |
| paper/                     |             |
|    accel_variation         | 0.547       |
|    base_reward             | 37.5        |
|    collision               | 0           |
|    crash_object            | 0           |
|    crash_vehicle           | 0           |
|    episode_cost            | 0           |
|    episode_length          | 600         |
|    jerk                    | 0.456       |
|    lane_deviation          | 0.449       |
|    max_lane_deviation      | 0.987       |
|    mean_speed_kmh          | 3.8         |
|    min_ttc                 | nan         |
|    out_of_road             | 0           |
|    route_completion        | 0.665       |
|    shaped_reward           | -86.2       |
|    steering_variation      | 0.787       |
|    success                 | 0           |
|    ttc_risk                | 0           |
| rollout/                   |             |
|    ep_len_mean             | 556         |
|    ep_rew_mean             | -104        |
|    success_rate            | 0           |
| time/                      |             |
|    fps                     | 2789        |
|    iterations              | 21          |
|    time_elapsed            | 77          |
|    total_timesteps         | 215040      |
| train/                     |             |
|    approx_kl               | 0.009816816 |
|    clip_fraction           | 0.192       |
|    clip_range              | 0.2         |
|    entropy_loss            | -2.75       |
|    explained_variance      | 0.722       |
|    learning_rate           | 0.0003      |
|    loss                    | 8.36        |
|    n_updates               | 200         |
|    policy_gradient_loss    | 0.00273     |
|    std                     | 0.953       |
|    value_loss              | 28.2        |
--------------------------------------------
-------------------------------------------
| curriculum/                |            |
|    stage                   | 0          |
|    window_cost             | 0          |
|    window_route_completion | 0.559      |
|    window_success          | 0          |
| paper/                     |            |
|    accel_variation         | 0.597      |
|    base_reward             | 36.7       |
|    collision               | 0          |
|    crash_object            | 0          |
|    crash_vehicle           | 0          |
|    episode_cost            | 0          |
|    episode_length          | 600        |
|    jerk                    | 0.486      |
|    lane_deviation          | 0.304      |
|    max_lane_deviation      | 0.906      |
|    mean_speed_kmh          | 3.24       |
|    min_ttc                 | nan        |
|    out_of_road             | 0          |
|    route_completion        | 0.478      |
|    shaped_reward           | -65.2      |
|    steering_variation      | 0.786      |
|    success                 | 0          |
|    ttc_risk                | 0          |
| rollout/                   |            |
|    ep_len_mean             | 575        |
|    ep_rew_mean             | -82.5      |
|    success_rate            | 0          |
| time/                      |            |
|    fps                     | 2787       |
|    iterations              | 22         |
|    time_elapsed            | 80         |
|    total_timesteps         | 225280     |
| train/                     |            |
|    approx_kl               | 0.05132849 |
|    clip_fraction           | 0.229      |
|    clip_range              | 0.2        |
|    entropy_loss            | -2.7       |
|    explained_variance      | 0.64       |
|    learning_rate           | 0.0003     |
|    loss                    | 2.19       |
|    n_updates               | 210        |
|    policy_gradient_loss    | 0.00204    |
|    std                     | 0.923      |
|    value_loss              | 5.09       |
-------------------------------------------
--------------------------------------------
| curriculum/                |             |
|    stage                   | 1           |
|    window_cost             | 0           |
|    window_route_completion | 0.605       |
|    window_success          | 0           |
| paper/                     |             |
|    accel_variation         | 0.54        |
|    base_reward             | 47.4        |
|    collision               | 0           |
|    crash_object            | 0           |
|    crash_vehicle           | 0           |
|    episode_cost            | 0           |
|    episode_length          | 600         |
|    jerk                    | 0.453       |
|    lane_deviation          | 0.253       |
|    max_lane_deviation      | 0.678       |
|    mean_speed_kmh          | 3.74        |
|    min_ttc                 | nan         |
|    out_of_road             | 0           |
|    route_completion        | 0.66        |
|    shaped_reward           | -15.4       |
|    steering_variation      | 0.727       |
|    success                 | 0           |
|    ttc_risk                | 0           |
| rollout/                   |             |
|    ep_len_mean             | 578         |
|    ep_rew_mean             | -70.5       |
|    success_rate            | 0           |
| time/                      |             |
|    fps                     | 2789        |
|    iterations              | 23          |
|    time_elapsed            | 84          |
|    total_timesteps         | 235520      |
| train/                     |             |
|    approx_kl               | 0.011843579 |
|    clip_fraction           | 0.154       |
|    clip_range              | 0.2         |
|    entropy_loss            | -2.65       |
|    explained_variance      | 0.698       |
|    learning_rate           | 0.0003      |
|    loss                    | 2.12        |
|    n_updates               | 220         |
|    policy_gradient_loss    | -0.0122     |
|    std                     | 0.9         |
|    value_loss              | 7.05        |
--------------------------------------------
----------------------------------------
| paper/                  |            |
|    accel_variation      | 0.434      |
|    base_reward          | 89.6       |
|    collision            | 0          |
|    crash_object         | 0          |
|    crash_vehicle        | 0          |
|    episode_cost         | 0          |
|    episode_length       | 800        |
|    jerk                 | 0.358      |
|    lane_deviation       | 0.303      |
|    max_lane_deviation   | 0.988      |
|    mean_speed_kmh       | 6.16       |
|    min_ttc              | nan        |
|    out_of_road          | 0          |
|    route_completion     | 0.352      |
|    shaped_reward        | -31.4      |
|    steering_variation   | 0.75       |
|    success              | 0          |
|    ttc_risk             | 0          |
| rollout/                |            |
|    ep_len_mean          | 593        |
|    ep_rew_mean          | -57.6      |
|    success_rate         | 0.04       |
| time/                   |            |
|    fps                  | 2715       |
|    iterations           | 24         |
|    time_elapsed         | 90         |
|    total_timesteps      | 245760     |
| train/                  |            |
|    approx_kl            | 0.02613629 |
|    clip_fraction        | 0.279      |
|    clip_range           | 0.2        |
|    entropy_loss         | -2.57      |
|    explained_variance   | 0.62       |
|    learning_rate        | 0.0003     |
|    loss                 | 1.42       |
|    n_updates            | 230        |
|    policy_gradient_loss | -0.00667   |
|    std                  | 0.868      |
|    value_loss           | 3.41       |
----------------------------------------
---------------------------------------------
| curriculum/                |              |
|    stage                   | 1            |
|    window_cost             | 0.133        |
|    window_route_completion | 0.585        |
|    window_success          | 0.133        |
| paper/                     |              |
|    accel_variation         | 0.403        |
|    base_reward             | 150          |
|    collision               | 0            |
|    crash_object            | 0            |
|    crash_vehicle           | 0            |
|    episode_cost            | 0            |
|    episode_length          | 800          |
|    jerk                    | 0.36         |
|    lane_deviation          | 0.185        |
|    max_lane_deviation      | 0.608        |
|    mean_speed_kmh          | 8.08         |
|    min_ttc                 | nan          |
|    out_of_road             | 0            |
|    route_completion        | 0.727        |
|    shaped_reward           | 54.4         |
|    steering_variation      | 0.688        |
|    success                 | 0            |
|    ttc_risk                | 0            |
| rollout/                   |              |
|    ep_len_mean             | 616          |
|    ep_rew_mean             | -43.4        |
|    success_rate            | 0.04         |
| time/                      |              |
|    fps                     | 2641         |
|    iterations              | 25           |
|    time_elapsed            | 96           |
|    total_timesteps         | 256000       |
| train/                     |              |
|    approx_kl               | 0.0074233473 |
|    clip_fraction           | 0.173        |
|    clip_range              | 0.2          |
|    entropy_loss            | -2.53        |
|    explained_variance      | 0.105        |
|    learning_rate           | 0.0003       |
|    loss                    | 19           |
|    n_updates               | 240          |
|    policy_gradient_loss    | 0.000101     |
|    std                     | 0.849        |
|    value_loss              | 20.5         |
---------------------------------------------
--------------------------------------------
| curriculum/                |             |
|    stage                   | 1           |
|    window_cost             | 0.1         |
|    window_route_completion | 0.48        |
|    window_success          | 0           |
| paper/                     |             |
|    accel_variation         | 0.397       |
|    base_reward             | 95.7        |
|    collision               | 0           |
|    crash_object            | 0           |
|    crash_vehicle           | 0           |
|    episode_cost            | 0           |
|    episode_length          | 800         |
|    jerk                    | 0.356       |
|    lane_deviation          | 0.481       |
|    max_lane_deviation      | 1.2         |
|    mean_speed_kmh          | 7.16        |
|    min_ttc                 | nan         |
|    out_of_road             | 0           |
|    route_completion        | 0.365       |
|    shaped_reward           | -132        |
|    steering_variation      | 0.677       |
|    success                 | 0           |
|    ttc_risk                | 0           |
| rollout/                   |             |
|    ep_len_mean             | 650         |
|    ep_rew_mean             | -39.1       |
|    success_rate            | 0.04        |
| time/                      |             |
|    fps                     | 2576        |
|    iterations              | 26          |
|    time_elapsed            | 103         |
|    total_timesteps         | 266240      |
| train/                     |             |
|    approx_kl               | 0.008432328 |
|    clip_fraction           | 0.125       |
|    clip_range              | 0.2         |
|    entropy_loss            | -2.5        |
|    explained_variance      | 0.267       |
|    learning_rate           | 0.0003      |
|    loss                    | 9.81        |
|    n_updates               | 250         |
|    policy_gradient_loss    | -0.0051     |
|    std                     | 0.841       |
|    value_loss              | 20.5        |
--------------------------------------------
--------------------------------------------
| curriculum/                |             |
|    stage                   | 1           |
|    window_cost             | 0.133       |
|    window_route_completion | 0.588       |
|    window_success          | 0.0333      |
| paper/                     |             |
|    accel_variation         | 0.313       |
|    base_reward             | 165         |
|    collision               | 0           |
|    crash_object            | 0           |
|    crash_vehicle           | 0           |
|    episode_cost            | 0           |
|    episode_length          | 800         |
|    jerk                    | 0.275       |
|    lane_deviation          | 0.386       |
|    max_lane_deviation      | 2           |
|    mean_speed_kmh          | 12.7        |
|    min_ttc                 | 20.6        |
|    out_of_road             | 0           |
|    route_completion        | 0.875       |
|    shaped_reward           | -14         |
|    steering_variation      | 0.695       |
|    success                 | 0           |
|    ttc_risk                | 0           |
| rollout/                   |             |
|    ep_len_mean             | 673         |
|    ep_rew_mean             | -28.1       |
|    success_rate            | 0.05        |
| time/                      |             |
|    fps                     | 2526        |
|    iterations              | 27          |
|    time_elapsed            | 109         |
|    total_timesteps         | 276480      |
| train/                     |             |
|    approx_kl               | 0.010906159 |
|    clip_fraction           | 0.172       |
|    clip_range              | 0.2         |
|    entropy_loss            | -2.48       |
|    explained_variance      | 0.561       |
|    learning_rate           | 0.0003      |
|    loss                    | 1.47        |
|    n_updates               | 260         |
|    policy_gradient_loss    | 0.00437     |
|    std                     | 0.832       |
|    value_loss              | 4.14        |
--------------------------------------------
---------------------------------------------
| curriculum/                |              |
|    stage                   | 1            |
|    window_cost             | 0.2          |
|    window_route_completion | 0.708        |
|    window_success          | 0.1          |
| paper/                     |              |
|    accel_variation         | 0.307        |
|    base_reward             | 217          |
|    collision               | 0            |
|    crash_object            | 0            |
|    crash_vehicle           | 0            |
|    episode_cost            | 0            |
|    episode_length          | 800          |
|    jerk                    | 0.278        |
|    lane_deviation          | 0.268        |
|    max_lane_deviation      | 0.819        |
|    mean_speed_kmh          | 13.4         |
|    min_ttc                 | nan          |
|    out_of_road             | 0            |
|    route_completion        | 0.728        |
|    shaped_reward           | 73.3         |
|    steering_variation      | 0.624        |
|    success                 | 0            |
|    ttc_risk                | 0            |
| rollout/                   |              |
|    ep_len_mean             | 696          |
|    ep_rew_mean             | -17.5        |
|    success_rate            | 0.07         |
| time/                      |              |
|    fps                     | 2471         |
|    iterations              | 28           |
|    time_elapsed            | 116          |
|    total_timesteps         | 286720       |
| train/                     |              |
|    approx_kl               | 0.0067907088 |
|    clip_fraction           | 0.107        |
|    clip_range              | 0.2          |
|    entropy_loss            | -2.47        |
|    explained_variance      | 0.45         |
|    learning_rate           | 0.0003       |
|    loss                    | 6.31         |
|    n_updates               | 270          |
|    policy_gradient_loss    | -0.00173     |
|    std                     | 0.829        |
|    value_loss              | 32.8         |
---------------------------------------------
---------------------------------------------
| curriculum/                |              |
|    stage                   | 1            |
|    window_cost             | 0.167        |
|    window_route_completion | 0.711        |
|    window_success          | 0.0667       |
| paper/                     |              |
|    accel_variation         | 0.358        |
|    base_reward             | 173          |
|    collision               | 0            |
|    crash_object            | 0            |
|    crash_vehicle           | 0            |
|    episode_cost            | 0            |
|    episode_length          | 800          |
|    jerk                    | 0.298        |
|    lane_deviation          | 0.206        |
|    max_lane_deviation      | 0.987        |
|    mean_speed_kmh          | 9.68         |
|    min_ttc                 | 19.4         |
|    out_of_road             | 0            |
|    route_completion        | 0.562        |
|    shaped_reward           | 59.7         |
|    steering_variation      | 0.72         |
|    success                 | 0            |
|    ttc_risk                | 0            |
| rollout/                   |              |
|    ep_len_mean             | 713          |
|    ep_rew_mean             | -10.5        |
|    success_rate            | 0.07         |
| time/                      |              |
|    fps                     | 2428         |
|    iterations              | 29           |
|    time_elapsed            | 122          |
|    total_timesteps         | 296960       |
| train/                     |              |
|    approx_kl               | 0.0075623305 |
|    clip_fraction           | 0.113        |
|    clip_range              | 0.2          |
|    entropy_loss            | -2.45        |
|    explained_variance      | 0.336        |
|    learning_rate           | 0.0003       |
|    loss                    | 12.7         |
|    n_updates               | 280          |
|    policy_gradient_loss    | -0.00191     |
|    std                     | 0.818        |
|    value_loss              | 29.9         |
---------------------------------------------
--------------------------------------------
| curriculum/                |             |
|    stage                   | 1           |
|    window_cost             | 0.167       |
|    window_route_completion | 0.677       |
|    window_success          | 0.1         |
| paper/                     |             |
|    accel_variation         | 0.319       |
|    base_reward             | 239         |
|    collision               | 0           |
|    crash_object            | 0           |
|    crash_vehicle           | 0           |
|    episode_cost            | 0           |
|    episode_length          | 743         |
|    jerk                    | 0.278       |
|    lane_deviation          | 0.315       |
|    max_lane_deviation      | 0.851       |
|    mean_speed_kmh          | 15.1        |
|    min_ttc                 | nan         |
|    out_of_road             | 0           |
|    route_completion        | 0.985       |
|    shaped_reward           | 122         |
|    steering_variation      | 0.633       |
|    success                 | 1           |
|    ttc_risk                | 0           |
| rollout/                   |             |
|    ep_len_mean             | 728         |
|    ep_rew_mean             | -3.14       |
|    success_rate            | 0.09        |
| time/                      |             |
|    fps                     | 2390        |
|    iterations              | 30          |
|    time_elapsed            | 128         |
|    total_timesteps         | 307200      |
| train/                     |             |
|    approx_kl               | 0.039194725 |
|    clip_fraction           | 0.22        |
|    clip_range              | 0.2         |
|    entropy_loss            | -2.43       |
|    explained_variance      | 0.563       |
|    learning_rate           | 0.0003      |
|    loss                    | 27          |
|    n_updates               | 290         |
|    policy_gradient_loss    | 0.00579     |
|    std                     | 0.817       |
|    value_loss              | 18.8        |
--------------------------------------------
--------------------------------------------
| curriculum/                |             |
|    stage                   | 1           |
|    window_cost             | 0.167       |
|    window_route_completion | 0.691       |
|    window_success          | 0.2         |
| paper/                     |             |
|    accel_variation         | 0.296       |
|    base_reward             | 145         |
|    collision               | 0           |
|    crash_object            | 0           |
|    crash_vehicle           | 0           |
|    episode_cost            | 0           |
|    episode_length          | 800         |
|    jerk                    | 0.261       |
|    lane_deviation          | 0.366       |
|    max_lane_deviation      | 0.947       |
|    mean_speed_kmh          | 11.5        |
|    min_ttc                 | nan         |
|    out_of_road             | 0           |
|    route_completion        | 0.838       |
|    shaped_reward           | 0.618       |
|    steering_variation      | 0.656       |
|    success                 | 0           |
|    ttc_risk                | 0           |
| rollout/                   |             |
|    ep_len_mean             | 734         |
|    ep_rew_mean             | 0.886       |
|    success_rate            | 0.09        |
| time/                      |             |
|    fps                     | 2348        |
|    iterations              | 31          |
|    time_elapsed            | 135         |
|    total_timesteps         | 317440      |
| train/                     |             |
|    approx_kl               | 0.008504758 |
|    clip_fraction           | 0.136       |
|    clip_range              | 0.2         |
|    entropy_loss            | -2.43       |
|    explained_variance      | 0.56        |
|    learning_rate           | 0.0003      |
|    loss                    | 21.1        |
|    n_updates               | 300         |
|    policy_gradient_loss    | -0.00114    |
|    std                     | 0.815       |
|    value_loss              | 34.5        |
--------------------------------------------
--------------------------------------------
| curriculum/                |             |
|    stage                   | 1           |
|    window_cost             | 0.1         |
|    window_route_completion | 0.722       |
|    window_success          | 0.267       |
| paper/                     |             |
|    accel_variation         | 0.316       |
|    base_reward             | 243         |
|    collision               | 0           |
|    crash_object            | 0           |
|    crash_vehicle           | 0           |
|    episode_cost            | 0           |
|    episode_length          | 800         |
|    jerk                    | 0.29        |
|    lane_deviation          | 0.246       |
|    max_lane_deviation      | 0.965       |
|    mean_speed_kmh          | 14.4        |
|    min_ttc                 | nan         |
|    out_of_road             | 0           |
|    route_completion        | 0.768       |
|    shaped_reward           | 91.5        |
|    steering_variation      | 0.618       |
|    success                 | 0           |
|    ttc_risk                | 0           |
| rollout/                   |             |
|    ep_len_mean             | 732         |
|    ep_rew_mean             | 8.46        |
|    success_rate            | 0.12        |
| time/                      |             |
|    fps                     | 2308        |
|    iterations              | 32          |
|    time_elapsed            | 141         |
|    total_timesteps         | 327680      |
| train/                     |             |
|    approx_kl               | 0.010966951 |
|    clip_fraction           | 0.12        |
|    clip_range              | 0.2         |
|    entropy_loss            | -2.42       |
|    explained_variance      | 0.654       |
|    learning_rate           | 0.0003      |
|    loss                    | 8.66        |
|    n_updates               | 310         |
|    policy_gradient_loss    | -0.00161    |
|    std                     | 0.808       |
|    value_loss              | 30.9        |
--------------------------------------------
--------------------------------------------
| curriculum/                |             |
|    stage                   | 1           |
|    window_cost             | 0.0667      |
|    window_route_completion | 0.715       |
|    window_success          | 0.133       |
| paper/                     |             |
|    accel_variation         | 0.331       |
|    base_reward             | 228         |
|    collision               | 0           |
|    crash_object            | 0           |
|    crash_vehicle           | 0           |
|    episode_cost            | 0           |
|    episode_length          | 800         |
|    jerk                    | 0.28        |
|    lane_deviation          | 0.173       |
|    max_lane_deviation      | 0.711       |
|    mean_speed_kmh          | 12.4        |
|    min_ttc                 | nan         |
|    out_of_road             | 0           |
|    route_completion        | 0.725       |
|    shaped_reward           | 100         |
|    steering_variation      | 0.653       |
|    success                 | 0           |
|    ttc_risk                | 0           |
| rollout/                   |             |
|    ep_len_mean             | 732         |
|    ep_rew_mean             | 15          |
|    success_rate            | 0.12        |
| time/                      |             |
|    fps                     | 2283        |
|    iterations              | 33          |
|    time_elapsed            | 147         |
|    total_timesteps         | 337920      |
| train/                     |             |
|    approx_kl               | 0.029001534 |
|    clip_fraction           | 0.203       |
|    clip_range              | 0.2         |
|    entropy_loss            | -2.41       |
|    explained_variance      | 0.757       |
|    learning_rate           | 0.0003      |
|    loss                    | 7.09        |
|    n_updates               | 320         |
|    policy_gradient_loss    | 0.00305     |
|    std                     | 0.807       |
|    value_loss              | 17.2        |
--------------------------------------------
--------------------------------------------
| curriculum/                |             |
|    stage                   | 1           |
|    window_cost             | 0.0333      |
|    window_route_completion | 0.775       |
|    window_success          | 0.133       |
| paper/                     |             |
|    accel_variation         | 0.296       |
|    base_reward             | 258         |
|    collision               | 0           |
|    crash_object            | 0           |
|    crash_vehicle           | 0           |
|    episode_cost            | 0           |
|    episode_length          | 800         |
|    jerk                    | 0.269       |
|    lane_deviation          | 0.243       |
|    max_lane_deviation      | 0.969       |
|    mean_speed_kmh          | 15.3        |
|    min_ttc                 | nan         |
|    out_of_road             | 0           |
|    route_completion        | 0.981       |
|    shaped_reward           | 111         |
|    steering_variation      | 0.575       |
|    success                 | 0           |
|    ttc_risk                | 0           |
| rollout/                   |             |
|    ep_len_mean             | 739         |
|    ep_rew_mean             | 34.4        |
|    success_rate            | 0.14        |
| time/                      |             |
|    fps                     | 2253        |
|    iterations              | 34          |
|    time_elapsed            | 154         |
|    total_timesteps         | 348160      |
| train/                     |             |
|    approx_kl               | 0.033867817 |
|    clip_fraction           | 0.268       |
|    clip_range              | 0.2         |
|    entropy_loss            | -2.38       |
|    explained_variance      | 0.803       |
|    learning_rate           | 0.0003      |
|    loss                    | 0.778       |
|    n_updates               | 330         |
|    policy_gradient_loss    | 0.00703     |
|    std                     | 0.791       |
|    value_loss              | 4.76        |
--------------------------------------------
--------------------------------------------
| curriculum/                |             |
|    stage                   | 1           |
|    window_cost             | 0.0667      |
|    window_route_completion | 0.792       |
|    window_success          | 0.2         |
| paper/                     |             |
|    accel_variation         | 0.293       |
|    base_reward             | 231         |
|    collision               | 0           |
|    crash_object            | 0           |
|    crash_vehicle           | 0           |
|    episode_cost            | 0           |
|    episode_length          | 792         |
|    jerk                    | 0.26        |
|    lane_deviation          | 0.346       |
|    max_lane_deviation      | 0.997       |
|    mean_speed_kmh          | 15.1        |
|    min_ttc                 | 6.32        |
|    out_of_road             | 0           |
|    route_completion        | 0.984       |
|    shaped_reward           | 101         |
|    steering_variation      | 0.618       |
|    success                 | 1           |
|    ttc_risk                | 0           |
| rollout/                   |             |
|    ep_len_mean             | 741         |
|    ep_rew_mean             | 43.2        |
|    success_rate            | 0.16        |
| time/                      |             |
|    fps                     | 2231        |
|    iterations              | 35          |
|    time_elapsed            | 160         |
|    total_timesteps         | 358400      |
| train/                     |             |
|    approx_kl               | 0.029734844 |
|    clip_fraction           | 0.291       |
|    clip_range              | 0.2         |
|    entropy_loss            | -2.34       |
|    explained_variance      | 0.68        |
|    learning_rate           | 0.0003      |
|    loss                    | 4.62        |
|    n_updates               | 340         |
|    policy_gradient_loss    | 0.015       |
|    std                     | 0.774       |
|    value_loss              | 6.48        |
--------------------------------------------
--------------------------------------------
| curriculum/                |             |
|    stage                   | 2           |
|    window_cost             | 0.0667      |
|    window_route_completion | 0.835       |
|    window_success          | 0.3         |
| paper/                     |             |
|    accel_variation         | 0.329       |
|    base_reward             | 246         |
|    collision               | 0           |
|    crash_object            | 0           |
|    crash_vehicle           | 0           |
|    episode_cost            | 0           |
|    episode_length          | 660         |
|    jerk                    | 0.295       |
|    lane_deviation          | 0.216       |
|    max_lane_deviation      | 0.995       |
|    mean_speed_kmh          | 15.5        |
|    min_ttc                 | nan         |
|    out_of_road             | 0           |
|    route_completion        | 0.984       |
|    shaped_reward           | 154         |
|    steering_variation      | 0.638       |
|    success                 | 1           |
|    ttc_risk                | 0           |
| rollout/                   |             |
|    ep_len_mean             | 735         |
|    ep_rew_mean             | 53          |
|    success_rate            | 0.21        |
| time/                      |             |
|    fps                     | 2194        |
|    iterations              | 36          |
|    time_elapsed            | 168         |
|    total_timesteps         | 368640      |
| train/                     |             |
|    approx_kl               | 0.015181104 |
|    clip_fraction           | 0.182       |
|    clip_range              | 0.2         |
|    entropy_loss            | -2.31       |
|    explained_variance      | 0.361       |
|    learning_rate           | 0.0003      |
|    loss                    | 15          |
|    n_updates               | 350         |
|    policy_gradient_loss    | 0.000405    |
|    std                     | 0.77        |
|    value_loss              | 25.3        |
--------------------------------------------
-----------------------------------------
| paper/                  |             |
|    accel_variation      | 0.366       |
|    base_reward          | 361         |
|    collision            | 0           |
|    crash_object         | 0           |
|    crash_vehicle        | 0           |
|    episode_cost         | 0           |
|    episode_length       | 1000        |
|    jerk                 | 0.323       |
|    lane_deviation       | 0.225       |
|    max_lane_deviation   | 0.969       |
|    mean_speed_kmh       | 16.5        |
|    min_ttc              | 7.58        |
|    out_of_road          | 0           |
|    route_completion     | 0.736       |
|    shaped_reward        | 143         |
|    steering_variation   | 0.563       |
|    success              | 0           |
|    ttc_risk             | 0           |
| rollout/                |             |
|    ep_len_mean          | 756         |
|    ep_rew_mean          | 61.9        |
|    success_rate         | 0.23        |
| time/                   |             |
|    fps                  | 2107        |
|    iterations           | 37          |
|    time_elapsed         | 179         |
|    total_timesteps      | 378880      |
| train/                  |             |
|    approx_kl            | 0.014450994 |
|    clip_fraction        | 0.18        |
|    clip_range           | 0.2         |
|    entropy_loss         | -2.29       |
|    explained_variance   | 0.432       |
|    learning_rate        | 0.0003      |
|    loss                 | 6.37        |
|    n_updates            | 360         |
|    policy_gradient_loss | 0.000346    |
|    std                  | 0.758       |
|    value_loss           | 16.4        |
-----------------------------------------
----------------------------------------
| paper/                  |            |
|    accel_variation      | 0.324      |
|    base_reward          | 313        |
|    collision            | 0          |
|    crash_object         | 0          |
|    crash_vehicle        | 0          |
|    episode_cost         | 0          |
|    episode_length       | 1000       |
|    jerk                 | 0.286      |
|    lane_deviation       | 0.299      |
|    max_lane_deviation   | 0.999      |
|    mean_speed_kmh       | 15.7       |
|    min_ttc              | 5.96       |
|    out_of_road          | 0          |
|    route_completion     | 0.643      |
|    shaped_reward        | 90.5       |
|    steering_variation   | 0.574      |
|    success              | 0          |
|    ttc_risk             | 0          |
| rollout/                |            |
|    ep_len_mean          | 795        |
|    ep_rew_mean          | 69.4       |
|    success_rate         | 0.21       |
| time/                   |            |
|    fps                  | 2032       |
|    iterations           | 38         |
|    time_elapsed         | 191        |
|    total_timesteps      | 389120     |
| train/                  |            |
|    approx_kl            | 0.01132108 |
|    clip_fraction        | 0.126      |
|    clip_range           | 0.2        |
|    entropy_loss         | -2.27      |
|    explained_variance   | 0.367      |
|    learning_rate        | 0.0003     |
|    loss                 | 6.86       |
|    n_updates            | 370        |
|    policy_gradient_loss | -0.00161   |
|    std                  | 0.752      |
|    value_loss           | 19.7       |
----------------------------------------
--------------------------------------------
| curriculum/                |             |
|    stage                   | 2           |
|    window_cost             | 0.133       |
|    window_route_completion | 0.7         |
|    window_success          | 0.0667      |
| paper/                     |             |
|    accel_variation         | 0.333       |
|    base_reward             | 287         |
|    collision               | 0           |
|    crash_object            | 0           |
|    crash_vehicle           | 0           |
|    episode_cost            | 0           |
|    episode_length          | 1000        |
|    jerk                    | 0.308       |
|    lane_deviation          | 0.22        |
|    max_lane_deviation      | 0.808       |
|    mean_speed_kmh          | 13          |
|    min_ttc                 | 1.9         |
|    out_of_road             | 0           |
|    route_completion        | 0.766       |
|    shaped_reward           | 95.5        |
|    steering_variation      | 0.587       |
|    success                 | 0           |
|    ttc_risk                | 0.00738     |
| rollout/                   |             |
|    ep_len_mean             | 813         |
|    ep_rew_mean             | 74          |
|    success_rate            | 0.18        |
| time/                      |             |
|    fps                     | 1971        |
|    iterations              | 39          |
|    time_elapsed            | 202         |
|    total_timesteps         | 399360      |
| train/                     |             |
|    approx_kl               | 0.012512324 |
|    clip_fraction           | 0.233       |
|    clip_range              | 0.2         |
|    entropy_loss            | -2.24       |
|    explained_variance      | 0.536       |
|    learning_rate           | 0.0003      |
|    loss                    | 2.34        |
|    n_updates               | 380         |
|    policy_gradient_loss    | 0.00832     |
|    std                     | 0.739       |
|    value_loss              | 6.41        |
--------------------------------------------
-------------------------------------------
| curriculum/                |            |
|    stage                   | 2          |
|    window_cost             | 0.133      |
|    window_route_completion | 0.694      |
|    window_success          | 0.0333     |
| paper/                     |            |
|    accel_variation         | 0.342      |
|    base_reward             | 342        |
|    collision               | 0          |
|    crash_object            | 0          |
|    crash_vehicle           | 0          |
|    episode_cost            | 0          |
|    episode_length          | 1000       |
|    jerk                    | 0.321      |
|    lane_deviation          | 0.194      |
|    max_lane_deviation      | 0.884      |
|    mean_speed_kmh          | 14.8       |
|    min_ttc                 | 2.53       |
|    out_of_road             | 0          |
|    route_completion        | 0.872      |
|    shaped_reward           | 142        |
|    steering_variation      | 0.587      |
|    success                 | 0          |
|    ttc_risk                | 0.00302    |
| rollout/                   |            |
|    ep_len_mean             | 835        |
|    ep_rew_mean             | 80.8       |
|    success_rate            | 0.17       |
| time/                      |            |
|    fps                     | 1912       |
|    iterations              | 40         |
|    time_elapsed            | 214        |
|    total_timesteps         | 409600     |
| train/                     |            |
|    approx_kl               | 0.02698518 |
|    clip_fraction           | 0.259      |
|    clip_range              | 0.2        |
|    entropy_loss            | -2.22      |
|    explained_variance      | 0.36       |
|    learning_rate           | 0.0003     |
|    loss                    | 9.49       |
|    n_updates               | 390        |
|    policy_gradient_loss    | 0.00481    |
|    std                     | 0.74       |
|    value_loss              | 11.7       |
-------------------------------------------
--------------------------------------------
| curriculum/                |             |
|    stage                   | 2           |
|    window_cost             | 0.267       |
|    window_route_completion | 0.65        |
|    window_success          | 0.0333      |
| paper/                     |             |
|    accel_variation         | 0.306       |
|    base_reward             | 126         |
|    collision               | 0           |
|    crash_object            | 0           |
|    crash_vehicle           | 0           |
|    episode_cost            | 1           |
|    episode_length          | 512         |
|    jerk                    | 0.294       |
|    lane_deviation          | 0.327       |
|    max_lane_deviation      | 1.11        |
|    mean_speed_kmh          | 14.9        |
|    min_ttc                 | 5.54        |
|    out_of_road             | 1           |
|    route_completion        | 0.474       |
|    shaped_reward           | -75.7       |
|    steering_variation      | 0.541       |
|    success                 | 0           |
|    ttc_risk                | 0           |
| rollout/                   |             |
|    ep_len_mean             | 841         |
|    ep_rew_mean             | 76.6        |
|    success_rate            | 0.16        |
| time/                      |             |
|    fps                     | 1851        |
|    iterations              | 41          |
|    time_elapsed            | 226         |
|    total_timesteps         | 419840      |
| train/                     |             |
|    approx_kl               | 0.019431967 |
|    clip_fraction           | 0.164       |
|    clip_range              | 0.2         |
|    entropy_loss            | -2.2        |
|    explained_variance      | 0.332       |
|    learning_rate           | 0.0003      |
|    loss                    | 32.6        |
|    n_updates               | 400         |
|    policy_gradient_loss    | -0.000622   |
|    std                     | 0.724       |
|    value_loss              | 24          |
--------------------------------------------
---------------------------------------------
| curriculum/                |              |
|    stage                   | 2            |
|    window_cost             | 0.267        |
|    window_route_completion | 0.65         |
|    window_success          | 0.0333       |
| paper/                     |              |
|    accel_variation         | 0.333        |
|    base_reward             | 343          |
|    collision               | 0            |
|    crash_object            | 0            |
|    crash_vehicle           | 0            |
|    episode_cost            | 0            |
|    episode_length          | 1000         |
|    jerk                    | 0.318        |
|    lane_deviation          | 0.277        |
|    max_lane_deviation      | 0.963        |
|    mean_speed_kmh          | 16.5         |
|    min_ttc                 | 6.38         |
|    out_of_road             | 0            |
|    route_completion        | 0.757        |
|    shaped_reward           | 121          |
|    steering_variation      | 0.548        |
|    success                 | 0            |
|    ttc_risk                | 0            |
| rollout/                   |              |
|    ep_len_mean             | 857          |
|    ep_rew_mean             | 77.2         |
|    success_rate            | 0.16         |
| time/                      |              |
|    fps                     | 1800         |
|    iterations              | 42           |
|    time_elapsed            | 238          |
|    total_timesteps         | 430080       |
| train/                     |              |
|    approx_kl               | 0.0057790717 |
|    clip_fraction           | 0.131        |
|    clip_range              | 0.2          |
|    entropy_loss            | -2.18        |
|    explained_variance      | 0.279        |
|    learning_rate           | 0.0003       |
|    loss                    | 11.6         |
|    n_updates               | 410          |
|    policy_gradient_loss    | -0.00196     |
|    std                     | 0.725        |
|    value_loss              | 48.7         |
---------------------------------------------
--------------------------------------------
| curriculum/                |             |
|    stage                   | 2           |
|    window_cost             | 0.333       |
|    window_route_completion | 0.651       |
|    window_success          | 0           |
| paper/                     |             |
|    accel_variation         | 0.359       |
|    base_reward             | 266         |
|    collision               | 0           |
|    crash_object            | 0           |
|    crash_vehicle           | 0           |
|    episode_cost            | 1           |
|    episode_length          | 868         |
|    jerk                    | 0.322       |
|    lane_deviation          | 0.326       |
|    max_lane_deviation      | 1.03        |
|    mean_speed_kmh          | 16.9        |
|    min_ttc                 | 8.06        |
|    out_of_road             | 1           |
|    route_completion        | 0.653       |
|    shaped_reward           | -26.9       |
|    steering_variation      | 0.549       |
|    success                 | 0           |
|    ttc_risk                | 0           |
| rollout/                   |             |
|    ep_len_mean             | 860         |
|    ep_rew_mean             | 66.1        |
|    success_rate            | 0.12        |
| time/                      |             |
|    fps                     | 1754        |
|    iterations              | 43          |
|    time_elapsed            | 250         |
|    total_timesteps         | 440320      |
| train/                     |             |
|    approx_kl               | 0.023825202 |
|    clip_fraction           | 0.204       |
|    clip_range              | 0.2         |
|    entropy_loss            | -2.17       |
|    explained_variance      | 0.494       |
|    learning_rate           | 0.0003      |
|    loss                    | 15.8        |
|    n_updates               | 420         |
|    policy_gradient_loss    | 0.00347     |
|    std                     | 0.72        |
|    value_loss              | 15.4        |
--------------------------------------------
--------------------------------------------
| curriculum/                |             |
|    stage                   | 2           |
|    window_cost             | 0.367       |
|    window_route_completion | 0.651       |
|    window_success          | 0           |
| paper/                     |             |
|    accel_variation         | 0.321       |
|    base_reward             | 257         |
|    collision               | 1           |
|    crash_object            | 0           |
|    crash_vehicle           | 1           |
|    episode_cost            | 1           |
|    episode_length          | 847         |
|    jerk                    | 0.288       |
|    lane_deviation          | 0.231       |
|    max_lane_deviation      | 0.816       |
|    mean_speed_kmh          | 15          |
|    min_ttc                 | 0.997       |
|    out_of_road             | 0           |
|    route_completion        | 0.627       |
|    shaped_reward           | -6.05       |
|    steering_variation      | 0.552       |
|    success                 | 0           |
|    ttc_risk                | 0.00253     |
| rollout/                   |             |
|    ep_len_mean             | 880         |
|    ep_rew_mean             | 60.7        |
|    success_rate            | 0.08        |
| time/                      |             |
|    fps                     | 1692        |
|    iterations              | 44          |
|    time_elapsed            | 266         |
|    total_timesteps         | 450560      |
| train/                     |             |
|    approx_kl               | 0.016761594 |
|    clip_fraction           | 0.167       |
|    clip_range              | 0.2         |
|    entropy_loss            | -2.16       |
|    explained_variance      | 0.332       |
|    learning_rate           | 0.0003      |
|    loss                    | 19.2        |
|    n_updates               | 430         |
|    policy_gradient_loss    | -0.00104    |
|    std                     | 0.721       |
|    value_loss              | 54.1        |
--------------------------------------------
---------------------------------------------
| curriculum/                |              |
|    stage                   | 2            |
|    window_cost             | 0.367        |
|    window_route_completion | 0.661        |
|    window_success          | 0            |
| paper/                     |              |
|    accel_variation         | 0.3          |
|    base_reward             | 258          |
|    collision               | 0            |
|    crash_object            | 0            |
|    crash_vehicle           | 0            |
|    episode_cost            | 0            |
|    episode_length          | 1000         |
|    jerk                    | 0.271        |
|    lane_deviation          | 0.36         |
|    max_lane_deviation      | 0.994        |
|    mean_speed_kmh          | 14.2         |
|    min_ttc                 | 0.476        |
|    out_of_road             | 0            |
|    route_completion        | 0.97         |
|    shaped_reward           | -31.3        |
|    steering_variation      | 0.565        |
|    success                 | 0            |
|    ttc_risk                | 0.0353       |
| rollout/                   |              |
|    ep_len_mean             | 882          |
|    ep_rew_mean             | 48.1         |
|    success_rate            | 0.01         |
| time/                      |              |
|    fps                     | 1654         |
|    iterations              | 45           |
|    time_elapsed            | 278          |
|    total_timesteps         | 460800       |
| train/                     |              |
|    approx_kl               | 0.0146323545 |
|    clip_fraction           | 0.24         |
|    clip_range              | 0.2          |
|    entropy_loss            | -2.16        |
|    explained_variance      | 0.448        |
|    learning_rate           | 0.0003       |
|    loss                    | 3.03         |
|    n_updates               | 440          |
|    policy_gradient_loss    | 0.00553      |
|    std                     | 0.719        |
|    value_loss              | 32.5         |
---------------------------------------------
-------------------------------------------
| curriculum/                |            |
|    stage                   | 2          |
|    window_cost             | 0.3        |
|    window_route_completion | 0.667      |
|    window_success          | 0.0333     |
| paper/                     |            |
|    accel_variation         | 0.325      |
|    base_reward             | 263        |
|    collision               | 0          |
|    crash_object            | 0          |
|    crash_vehicle           | 0          |
|    episode_cost            | 0          |
|    episode_length          | 1000       |
|    jerk                    | 0.306      |
|    lane_deviation          | 0.317      |
|    max_lane_deviation      | 0.958      |
|    mean_speed_kmh          | 13.3       |
|    min_ttc                 | 0.0346     |
|    out_of_road             | 0          |
|    route_completion        | 0.7        |
|    shaped_reward           | -42.5      |
|    steering_variation      | 0.563      |
|    success                 | 0          |
|    ttc_risk                | 0.0477     |
| rollout/                   |            |
|    ep_len_mean             | 883        |
|    ep_rew_mean             | 48.1       |
|    success_rate            | 0.02       |
| time/                      |            |
|    fps                     | 1621       |
|    iterations              | 46         |
|    time_elapsed            | 290        |
|    total_timesteps         | 471040     |
| train/                     |            |
|    approx_kl               | 0.02353879 |
|    clip_fraction           | 0.252      |
|    clip_range              | 0.2        |
|    entropy_loss            | -2.15      |
|    explained_variance      | 0.384      |
|    learning_rate           | 0.0003     |
|    loss                    | 9.85       |
|    n_updates               | 450        |
|    policy_gradient_loss    | 0.00186    |
|    std                     | 0.72       |
|    value_loss              | 28.2       |
-------------------------------------------
--------------------------------------------
| curriculum/                |             |
|    stage                   | 2           |
|    window_cost             | 0.267       |
|    window_route_completion | 0.673       |
|    window_success          | 0.0333      |
| paper/                     |             |
|    accel_variation         | 0.293       |
|    base_reward             | 248         |
|    collision               | 0           |
|    crash_object            | 0           |
|    crash_vehicle           | 0           |
|    episode_cost            | 0           |
|    episode_length          | 1000        |
|    jerk                    | 0.279       |
|    lane_deviation          | 0.324       |
|    max_lane_deviation      | 1.01        |
|    mean_speed_kmh          | 13          |
|    min_ttc                 | 0.0197      |
|    out_of_road             | 0           |
|    route_completion        | 0.839       |
|    shaped_reward           | -86         |
|    steering_variation      | 0.558       |
|    success                 | 0           |
|    ttc_risk                | 0.0611      |
| rollout/                   |             |
|    ep_len_mean             | 878         |
|    ep_rew_mean             | 47.7        |
|    success_rate            | 0.02        |
| time/                      |             |
|    fps                     | 1589        |
|    iterations              | 47          |
|    time_elapsed            | 302         |
|    total_timesteps         | 481280      |
| train/                     |             |
|    approx_kl               | 0.030784935 |
|    clip_fraction           | 0.212       |
|    clip_range              | 0.2         |
|    entropy_loss            | -2.15       |
|    explained_variance      | 0.545       |
|    learning_rate           | 0.0003      |
|    loss                    | 10.2        |
|    n_updates               | 460         |
|    policy_gradient_loss    | 0.00465     |
|    std                     | 0.714       |
|    value_loss              | 18.6        |
--------------------------------------------
-------------------------------------------
| curriculum/                |            |
|    stage                   | 2          |
|    window_cost             | 0.2        |
|    window_route_completion | 0.686      |
|    window_success          | 0.0667     |
| paper/                     |            |
|    accel_variation         | 0.371      |
|    base_reward             | 369        |
|    collision               | 0          |
|    crash_object            | 0          |
|    crash_vehicle           | 0          |
|    episode_cost            | 0          |
|    episode_length          | 1000       |
|    jerk                    | 0.351      |
|    lane_deviation          | 0.206      |
|    max_lane_deviation      | 0.731      |
|    mean_speed_kmh          | 16.6       |
|    min_ttc                 | 5.38       |
|    out_of_road             | 0          |
|    route_completion        | 0.738      |
|    shaped_reward           | 160        |
|    steering_variation      | 0.565      |
|    success                 | 0          |
|    ttc_risk                | 0          |
| rollout/                   |            |
|    ep_len_mean             | 870        |
|    ep_rew_mean             | 46.8       |
|    success_rate            | 0.03       |
| time/                      |            |
|    fps                     | 1559       |
|    iterations              | 48         |
|    time_elapsed            | 315        |
|    total_timesteps         | 491520     |
| train/                     |            |
|    approx_kl               | 0.02421422 |
|    clip_fraction           | 0.27       |
|    clip_range              | 0.2        |
|    entropy_loss            | -2.13      |
|    explained_variance      | 0.385      |
|    learning_rate           | 0.0003     |
|    loss                    | 6.12       |
|    n_updates               | 470        |
|    policy_gradient_loss    | 0.0107     |
|    std                     | 0.712      |
|    value_loss              | 21.9       |
-------------------------------------------
--------------------------------------------
| curriculum/                |             |
|    stage                   | 2           |
|    window_cost             | 0.267       |
|    window_route_completion | 0.678       |
|    window_success          | 0.0667      |
| paper/                     |             |
|    accel_variation         | 0.407       |
|    base_reward             | 314         |
|    collision               | 0           |
|    crash_object            | 0           |
|    crash_vehicle           | 0           |
|    episode_cost            | 0           |
|    episode_length          | 1000        |
|    jerk                    | 0.36        |
|    lane_deviation          | 0.163       |
|    max_lane_deviation      | 0.647       |
|    mean_speed_kmh          | 13.2        |
|    min_ttc                 | 26.9        |
|    out_of_road             | 0           |
|    route_completion        | 0.624       |
|    shaped_reward           | 136         |
|    steering_variation      | 0.571       |
|    success                 | 0           |
|    ttc_risk                | 0           |
| rollout/                   |             |
|    ep_len_mean             | 871         |
|    ep_rew_mean             | 47.9        |
|    success_rate            | 0.03        |
| time/                      |             |
|    fps                     | 1536        |
|    iterations              | 49          |
|    time_elapsed            | 326         |
|    total_timesteps         | 501760      |
| train/                     |             |
|    approx_kl               | 0.012922947 |
|    clip_fraction           | 0.225       |
|    clip_range              | 0.2         |
|    entropy_loss            | -2.12       |
|    explained_variance      | 0.308       |
|    learning_rate           | 0.0003      |
|    loss                    | 9.23        |
|    n_updates               | 480         |
|    policy_gradient_loss    | 0.00102     |
|    std                     | 0.707       |
|    value_loss              | 35.9        |
--------------------------------------------
-------------------------------------------
| curriculum/                |            |
|    stage                   | 2          |
|    window_cost             | 0.233      |
|    window_route_completion | 0.666      |
|    window_success          | 0.0333     |
| paper/                     |            |
|    accel_variation         | 0.396      |
|    base_reward             | 362        |
|    collision               | 0          |
|    crash_object            | 0          |
|    crash_vehicle           | 0          |
|    episode_cost            | 0          |
|    episode_length          | 1000       |
|    jerk                    | 0.323      |
|    lane_deviation          | 0.219      |
|    max_lane_deviation      | 0.86       |
|    mean_speed_kmh          | 16.3       |
|    min_ttc                 | 4.66       |
|    out_of_road             | 0          |
|    route_completion        | 0.735      |
|    shaped_reward           | 149        |
|    steering_variation      | 0.555      |
|    success                 | 0          |
|    ttc_risk                | 6.87e-05   |
| rollout/                   |            |
|    ep_len_mean             | 876        |
|    ep_rew_mean             | 52.3       |
|    success_rate            | 0.03       |
| time/                      |            |
|    fps                     | 1514       |
|    iterations              | 50         |
|    time_elapsed            | 338        |
|    total_timesteps         | 512000     |
| train/                     |            |
|    approx_kl               | 0.09281125 |
|    clip_fraction           | 0.291      |
|    clip_range              | 0.2        |
|    entropy_loss            | -2.1       |
|    explained_variance      | 0.362      |
|    learning_rate           | 0.0003     |
|    loss                    | 4.41       |
|    n_updates               | 490        |
|    policy_gradient_loss    | 0.0104     |
|    std                     | 0.705      |
|    value_loss              | 20.6       |
-------------------------------------------
--------------------------------------------
| curriculum/                |             |
|    stage                   | 2           |
|    window_cost             | 0.167       |
|    window_route_completion | 0.691       |
|    window_success          | 0.0333      |
| paper/                     |             |
|    accel_variation         | 0.371       |
|    base_reward             | 256         |
|    collision               | 1           |
|    crash_object            | 0           |
|    crash_vehicle           | 1           |
|    episode_cost            | 1           |
|    episode_length          | 818         |
|    jerk                    | 0.338       |
|    lane_deviation          | 0.181       |
|    max_lane_deviation      | 0.619       |
|    mean_speed_kmh          | 13.8        |
|    min_ttc                 | 1.11        |
|    out_of_road             | 0           |
|    route_completion        | 0.676       |
|    shaped_reward           | 4.73        |
|    steering_variation      | 0.553       |
|    success                 | 0           |
|    ttc_risk                | 0.00434     |
| rollout/                   |             |
|    ep_len_mean             | 883         |
|    ep_rew_mean             | 59.6        |
|    success_rate            | 0.03        |
| time/                      |             |
|    fps                     | 1493        |
|    iterations              | 51          |
|    time_elapsed            | 349         |
|    total_timesteps         | 522240      |
| train/                     |             |
|    approx_kl               | 0.033611555 |
|    clip_fraction           | 0.259       |
|    clip_range              | 0.2         |
|    entropy_loss            | -2.1        |
|    explained_variance      | 0.52        |
|    learning_rate           | 0.0003      |
|    loss                    | 2.4         |
|    n_updates               | 500         |
|    policy_gradient_loss    | 0.00498     |
|    std                     | 0.701       |
|    value_loss              | 11.5        |
--------------------------------------------
--------------------------------------------
| curriculum/                |             |
|    stage                   | 2           |
|    window_cost             | 0.0667      |
|    window_route_completion | 0.736       |
|    window_success          | 0.0333      |
| paper/                     |             |
|    accel_variation         | 0.374       |
|    base_reward             | 295         |
|    collision               | 0           |
|    crash_object            | 0           |
|    crash_vehicle           | 0           |
|    episode_cost            | 0           |
|    episode_length          | 1000        |
|    jerk                    | 0.355       |
|    lane_deviation          | 0.303       |
|    max_lane_deviation      | 0.998       |
|    mean_speed_kmh          | 15.9        |
|    min_ttc                 | 8.8         |
|    out_of_road             | 0           |
|    route_completion        | 0.764       |
|    shaped_reward           | 84.7        |
|    steering_variation      | 0.543       |
|    success                 | 0           |
|    ttc_risk                | 0           |
| rollout/                   |             |
|    ep_len_mean             | 908         |
|    ep_rew_mean             | 73.6        |
|    success_rate            | 0.04        |
| time/                      |             |
|    fps                     | 1470        |
|    iterations              | 52          |
|    time_elapsed            | 362         |
|    total_timesteps         | 532480      |
| train/                     |             |
|    approx_kl               | 0.012078027 |
|    clip_fraction           | 0.215       |
|    clip_range              | 0.2         |
|    entropy_loss            | -2.08       |
|    explained_variance      | 0.354       |
|    learning_rate           | 0.0003      |
|    loss                    | 4.07        |
|    n_updates               | 510         |
|    policy_gradient_loss    | 0.00383     |
|    std                     | 0.689       |
|    value_loss              | 11.1        |
--------------------------------------------
--------------------------------------------
| curriculum/                |             |
|    stage                   | 2           |
|    window_cost             | 0.0667      |
|    window_route_completion | 0.749       |
|    window_success          | 0.0667      |
| paper/                     |             |
|    accel_variation         | 0.398       |
|    base_reward             | 400         |
|    collision               | 0           |
|    crash_object            | 0           |
|    crash_vehicle           | 0           |
|    episode_cost            | 0           |
|    episode_length          | 1000        |
|    jerk                    | 0.354       |
|    lane_deviation          | 0.169       |
|    max_lane_deviation      | 0.779       |
|    mean_speed_kmh          | 16.8        |
|    min_ttc                 | 7.92        |
|    out_of_road             | 0           |
|    route_completion        | 0.964       |
|    shaped_reward           | 188         |
|    steering_variation      | 0.563       |
|    success                 | 0           |
|    ttc_risk                | 0           |
| rollout/                   |             |
|    ep_len_mean             | 919         |
|    ep_rew_mean             | 81.6        |
|    success_rate            | 0.05        |
| time/                      |             |
|    fps                     | 1450        |
|    iterations              | 53          |
|    time_elapsed            | 374         |
|    total_timesteps         | 542720      |
| train/                     |             |
|    approx_kl               | 0.039682634 |
|    clip_fraction           | 0.231       |
|    clip_range              | 0.2         |
|    entropy_loss            | -2.03       |
|    explained_variance      | 0.678       |
|    learning_rate           | 0.0003      |
|    loss                    | 1.88        |
|    n_updates               | 520         |
|    policy_gradient_loss    | 0.00547     |
|    std                     | 0.673       |
|    value_loss              | 4.87        |
--------------------------------------------
--------------------------------------------
| curriculum/                |             |
|    stage                   | 2           |
|    window_cost             | 0.0333      |
|    window_route_completion | 0.775       |
|    window_success          | 0.1         |
| paper/                     |             |
|    accel_variation         | 0.376       |
|    base_reward             | 313         |
|    collision               | 0           |
|    crash_object            | 0           |
|    crash_vehicle           | 0           |
|    episode_cost            | 0           |
|    episode_length          | 926         |
|    jerk                    | 0.349       |
|    lane_deviation          | 0.246       |
|    max_lane_deviation      | 0.865       |
|    mean_speed_kmh          | 15.8        |
|    min_ttc                 | 1.8         |
|    out_of_road             | 0           |
|    route_completion        | 0.989       |
|    shaped_reward           | 141         |
|    steering_variation      | 0.536       |
|    success                 | 1           |
|    ttc_risk                | 0.0118      |
| rollout/                   |             |
|    ep_len_mean             | 935         |
|    ep_rew_mean             | 96.7        |
|    success_rate            | 0.07        |
| time/                      |             |
|    fps                     | 1423        |
|    iterations              | 54          |
|    time_elapsed            | 388         |
|    total_timesteps         | 552960      |
| train/                     |             |
|    approx_kl               | 0.030197334 |
|    clip_fraction           | 0.163       |
|    clip_range              | 0.2         |
|    entropy_loss            | -2          |
|    explained_variance      | 0.56        |
|    learning_rate           | 0.0003      |
|    loss                    | 8.69        |
|    n_updates               | 530         |
|    policy_gradient_loss    | 0.000119    |
|    std                     | 0.668       |
|    value_loss              | 16.7        |
--------------------------------------------
--------------------------------------------
| curriculum/                |             |
|    stage                   | 2           |
|    window_cost             | 0.0333      |
|    window_route_completion | 0.814       |
|    window_success          | 0.133       |
| paper/                     |             |
|    accel_variation         | 0.378       |
|    base_reward             | 396         |
|    collision               | 0           |
|    crash_object            | 0           |
|    crash_vehicle           | 0           |
|    episode_cost            | 0           |
|    episode_length          | 1000        |
|    jerk                    | 0.337       |
|    lane_deviation          | 0.174       |
|    max_lane_deviation      | 0.73        |
|    mean_speed_kmh          | 16.7        |
|    min_ttc                 | 0.265       |
|    out_of_road             | 0           |
|    route_completion        | 0.825       |
|    shaped_reward           | 140         |
|    steering_variation      | 0.57        |
|    success                 | 0           |
|    ttc_risk                | 0.0186      |
| rollout/                   |             |
|    ep_len_mean             | 944         |
|    ep_rew_mean             | 107         |
|    success_rate            | 0.07        |
| time/                      |             |
|    fps                     | 1406        |
|    iterations              | 55          |
|    time_elapsed            | 400         |
|    total_timesteps         | 563200      |
| train/                     |             |
|    approx_kl               | 0.014248854 |
|    clip_fraction           | 0.234       |
|    clip_range              | 0.2         |
|    entropy_loss            | -1.97       |
|    explained_variance      | 0.64        |
|    learning_rate           | 0.0003      |
|    loss                    | 2           |
|    n_updates               | 540         |
|    policy_gradient_loss    | 0.0111      |
|    std                     | 0.659       |
|    value_loss              | 5.58        |
--------------------------------------------
-------------------------------------------
| curriculum/                |            |
|    stage                   | 2          |
|    window_cost             | 0.0333     |
|    window_route_completion | 0.828      |
|    window_success          | 0.133      |
| paper/                     |            |
|    accel_variation         | 0.411      |
|    base_reward             | 397        |
|    collision               | 0          |
|    crash_object            | 0          |
|    crash_vehicle           | 0          |
|    episode_cost            | 0          |
|    episode_length          | 1000       |
|    jerk                    | 0.355      |
|    lane_deviation          | 0.207      |
|    max_lane_deviation      | 0.981      |
|    mean_speed_kmh          | 17.4       |
|    min_ttc                 | 37         |
|    out_of_road             | 0          |
|    route_completion        | 0.637      |
|    shaped_reward           | 164        |
|    steering_variation      | 0.543      |
|    success                 | 0          |
|    ttc_risk                | 0          |
| rollout/                   |            |
|    ep_len_mean             | 948        |
|    ep_rew_mean             | 115        |
|    success_rate            | 0.08       |
| time/                      |            |
|    fps                     | 1386       |
|    iterations              | 56         |
|    time_elapsed            | 413        |
|    total_timesteps         | 573440     |
| train/                     |            |
|    approx_kl               | 0.04912277 |
|    clip_fraction           | 0.274      |
|    clip_range              | 0.2        |
|    entropy_loss            | -1.95      |
|    explained_variance      | 0.696      |
|    learning_rate           | 0.0003     |
|    loss                    | 2.13       |
|    n_updates               | 550        |
|    policy_gradient_loss    | 0.0168     |
|    std                     | 0.654      |
|    value_loss              | 5.1        |
-------------------------------------------
--------------------------------------------
| curriculum/                |             |
|    stage                   | 2           |
|    window_cost             | 0.133       |
|    window_route_completion | 0.799       |
|    window_success          | 0.0667      |
| paper/                     |             |
|    accel_variation         | 0.371       |
|    base_reward             | 210         |
|    collision               | 1           |
|    crash_object            | 0           |
|    crash_vehicle           | 1           |
|    episode_cost            | 1           |
|    episode_length          | 579         |
|    jerk                    | 0.364       |
|    lane_deviation          | 0.228       |
|    max_lane_deviation      | 0.891       |
|    mean_speed_kmh          | 17.9        |
|    min_ttc                 | 4.07        |
|    out_of_road             | 0           |
|    route_completion        | 0.39        |
|    shaped_reward           | -18.6       |
|    steering_variation      | 0.548       |
|    success                 | 0           |
|    ttc_risk                | 0.00109     |
| rollout/                   |             |
|    ep_len_mean             | 950         |
|    ep_rew_mean             | 122         |
|    success_rate            | 0.08        |
| time/                      |             |
|    fps                     | 1370        |
|    iterations              | 57          |
|    time_elapsed            | 425         |
|    total_timesteps         | 583680      |
| train/                     |             |
|    approx_kl               | 0.010382977 |
|    clip_fraction           | 0.204       |
|    clip_range              | 0.2         |
|    entropy_loss            | -1.93       |
|    explained_variance      | 0.512       |
|    learning_rate           | 0.0003      |
|    loss                    | 5.1         |
|    n_updates               | 560         |
|    policy_gradient_loss    | 0.00194     |
|    std                     | 0.645       |
|    value_loss              | 13.9        |
--------------------------------------------
--------------------------------------------
| curriculum/                |             |
|    stage                   | 2           |
|    window_cost             | 0.167       |
|    window_route_completion | 0.809       |
|    window_success          | 0.1         |
| paper/                     |             |
|    accel_variation         | 0.367       |
|    base_reward             | 207         |
|    collision               | 1           |
|    crash_object            | 0           |
|    crash_vehicle           | 1           |
|    episode_cost            | 1           |
|    episode_length          | 511         |
|    jerk                    | 0.334       |
|    lane_deviation          | 0.173       |
|    max_lane_deviation      | 0.628       |
|    mean_speed_kmh          | 17.9        |
|    min_ttc                 | 20.8        |
|    out_of_road             | 0           |
|    route_completion        | 0.432       |
|    shaped_reward           | -4.07       |
|    steering_variation      | 0.537       |
|    success                 | 0           |
|    ttc_risk                | 0           |
| rollout/                   |             |
|    ep_len_mean             | 961         |
|    ep_rew_mean             | 130         |
|    success_rate            | 0.08        |
| time/                      |             |
|    fps                     | 1355        |
|    iterations              | 58          |
|    time_elapsed            | 438         |
|    total_timesteps         | 593920      |
| train/                     |             |
|    approx_kl               | 0.008494506 |
|    clip_fraction           | 0.152       |
|    clip_range              | 0.2         |
|    entropy_loss            | -1.91       |
|    explained_variance      | 0.285       |
|    learning_rate           | 0.0003      |
|    loss                    | 4.45        |
|    n_updates               | 570         |
|    policy_gradient_loss    | -0.000775   |
|    std                     | 0.64        |
|    value_loss              | 25.3        |
--------------------------------------------
--------------------------------------------
| curriculum/                |             |
|    stage                   | 2           |
|    window_cost             | 0.167       |
|    window_route_completion | 0.834       |
|    window_success          | 0.133       |
| paper/                     |             |
|    accel_variation         | 0.457       |
|    base_reward             | 458         |
|    collision               | 0           |
|    crash_object            | 0           |
|    crash_vehicle           | 0           |
|    episode_cost            | 0           |
|    episode_length          | 1000        |
|    jerk                    | 0.43        |
|    lane_deviation          | 0.167       |
|    max_lane_deviation      | 0.715       |
|    mean_speed_kmh          | 19.1        |
|    min_ttc                 | 9.3         |
|    out_of_road             | 0           |
|    route_completion        | 0.907       |
|    shaped_reward           | 218         |
|    steering_variation      | 0.48        |
|    success                 | 0           |
|    ttc_risk                | 0           |
| rollout/                   |             |
|    ep_len_mean             | 964         |
|    ep_rew_mean             | 138         |
|    success_rate            | 0.1         |
| time/                      |             |
|    fps                     | 1340        |
|    iterations              | 59          |
|    time_elapsed            | 450         |
|    total_timesteps         | 604160      |
| train/                     |             |
|    approx_kl               | 0.053878166 |
|    clip_fraction           | 0.25        |
|    clip_range              | 0.2         |
|    entropy_loss            | -1.9        |
|    explained_variance      | 0.472       |
|    learning_rate           | 0.0003      |
|    loss                    | 2.43        |
|    n_updates               | 580         |
|    policy_gradient_loss    | 0.00652     |
|    std                     | 0.639       |
|    value_loss              | 9.89        |
--------------------------------------------
------------------------------------------
| curriculum/                |           |
|    stage                   | 2         |
|    window_cost             | 0.133     |
|    window_route_completion | 0.833     |
|    window_success          | 0.1       |
| paper/                     |           |
|    accel_variation         | 0.444     |
|    base_reward             | 392       |
|    collision               | 0         |
|    crash_object            | 0         |
|    crash_vehicle           | 0         |
|    episode_cost            | 0         |
|    episode_length          | 1000      |
|    jerk                    | 0.421     |
|    lane_deviation          | 0.257     |
|    max_lane_deviation      | 0.999     |
|    mean_speed_kmh          | 18.2      |
|    min_ttc                 | 3.54      |
|    out_of_road             | 0         |
|    route_completion        | 0.756     |
|    shaped_reward           | 147       |
|    steering_variation      | 0.529     |
|    success                 | 0         |
|    ttc_risk                | 0.000508  |
| rollout/                   |           |
|    ep_len_mean             | 960       |
|    ep_rew_mean             | 135       |
|    success_rate            | 0.1       |
| time/                      |           |
|    fps                     | 1325      |
|    iterations              | 60        |
|    time_elapsed            | 463       |
|    total_timesteps         | 614400    |
| train/                     |           |
|    approx_kl               | 0.1153061 |
|    clip_fraction           | 0.213     |
|    clip_range              | 0.2       |
|    entropy_loss            | -1.89     |
|    explained_variance      | 0.524     |
|    learning_rate           | 0.0003    |
|    loss                    | 2.65      |
|    n_updates               | 590       |
|    policy_gradient_loss    | 0.00257   |
|    std                     | 0.639     |
|    value_loss              | 6.46      |
------------------------------------------
---------------------------------------------
| curriculum/                |              |
|    stage                   | 2            |
|    window_cost             | 0.1          |
|    window_route_completion | 0.849        |
|    window_success          | 0.167        |
| paper/                     |              |
|    accel_variation         | 0.429        |
|    base_reward             | 291          |
|    collision               | 0            |
|    crash_object            | 0            |
|    crash_vehicle           | 0            |
|    episode_cost            | 0            |
|    episode_length          | 825          |
|    jerk                    | 0.386        |
|    lane_deviation          | 0.404        |
|    max_lane_deviation      | 1.1          |
|    mean_speed_kmh          | 18.9         |
|    min_ttc                 | 3.37         |
|    out_of_road             | 0            |
|    route_completion        | 0.989        |
|    shaped_reward           | 113          |
|    steering_variation      | 0.519        |
|    success                 | 1            |
|    ttc_risk                | 0.000778     |
| rollout/                   |              |
|    ep_len_mean             | 960          |
|    ep_rew_mean             | 131          |
|    success_rate            | 0.12         |
| time/                      |              |
|    fps                     | 1312         |
|    iterations              | 61           |
|    time_elapsed            | 476          |
|    total_timesteps         | 624640       |
| train/                     |              |
|    approx_kl               | 0.0148943905 |
|    clip_fraction           | 0.165        |
|    clip_range              | 0.2          |
|    entropy_loss            | -1.89        |
|    explained_variance      | 0.423        |
|    learning_rate           | 0.0003       |
|    loss                    | 5.66         |
|    n_updates               | 600          |
|    policy_gradient_loss    | -0.00116     |
|    std                     | 0.636        |
|    value_loss              | 21.7         |
---------------------------------------------
--------------------------------------------
| curriculum/                |             |
|    stage                   | 2           |
|    window_cost             | 0.133       |
|    window_route_completion | 0.832       |
|    window_success          | 0.133       |
| paper/                     |             |
|    accel_variation         | 0.395       |
|    base_reward             | 330         |
|    collision               | 0           |
|    crash_object            | 0           |
|    crash_vehicle           | 0           |
|    episode_cost            | 0           |
|    episode_length          | 1000        |
|    jerk                    | 0.398       |
|    lane_deviation          | 0.306       |
|    max_lane_deviation      | 1.24        |
|    mean_speed_kmh          | 16.6        |
|    min_ttc                 | 0.332       |
|    out_of_road             | 0           |
|    route_completion        | 0.925       |
|    shaped_reward           | 61.8        |
|    steering_variation      | 0.511       |
|    success                 | 0           |
|    ttc_risk                | 0.0185      |
| rollout/                   |             |
|    ep_len_mean             | 958         |
|    ep_rew_mean             | 124         |
|    success_rate            | 0.13        |
| time/                      |             |
|    fps                     | 1298        |
|    iterations              | 62          |
|    time_elapsed            | 489         |
|    total_timesteps         | 634880      |
| train/                     |             |
|    approx_kl               | 0.013754284 |
|    clip_fraction           | 0.21        |
|    clip_range              | 0.2         |
|    entropy_loss            | -1.88       |
|    explained_variance      | 0.655       |
|    learning_rate           | 0.0003      |
|    loss                    | 5.99        |
|    n_updates               | 610         |
|    policy_gradient_loss    | 0.000183    |
|    std                     | 0.638       |
|    value_loss              | 9.66        |
--------------------------------------------
--------------------------------------------
| curriculum/                |             |
|    stage                   | 2           |
|    window_cost             | 0.233       |
|    window_route_completion | 0.825       |
|    window_success          | 0.267       |
| paper/                     |             |
|    accel_variation         | 0.488       |
|    base_reward             | 310         |
|    collision               | 0           |
|    crash_object            | 0           |
|    crash_vehicle           | 0           |
|    episode_cost            | 0           |
|    episode_length          | 839         |
|    jerk                    | 0.414       |
|    lane_deviation          | 0.344       |
|    max_lane_deviation      | 1.01        |
|    mean_speed_kmh          | 18.2        |
|    min_ttc                 | 4.51        |
|    out_of_road             | 0           |
|    route_completion        | 0.988       |
|    shaped_reward           | 137         |
|    steering_variation      | 0.537       |
|    success                 | 1           |
|    ttc_risk                | 0.000158    |
| rollout/                   |             |
|    ep_len_mean             | 937         |
|    ep_rew_mean             | 113         |
|    success_rate            | 0.15        |
| time/                      |             |
|    fps                     | 1284        |
|    iterations              | 63          |
|    time_elapsed            | 502         |
|    total_timesteps         | 645120      |
| train/                     |             |
|    approx_kl               | 0.012310801 |
|    clip_fraction           | 0.121       |
|    clip_range              | 0.2         |
|    entropy_loss            | -1.88       |
|    explained_variance      | 0.591       |
|    learning_rate           | 0.0003      |
|    loss                    | 11.7        |
|    n_updates               | 620         |
|    policy_gradient_loss    | -0.00273    |
|    std                     | 0.64        |
|    value_loss              | 24.6        |
--------------------------------------------
--------------------------------------------
| curriculum/                |             |
|    stage                   | 2           |
|    window_cost             | 0.3         |
|    window_route_completion | 0.77        |
|    window_success          | 0.3         |
| paper/                     |             |
|    accel_variation         | 0.482       |
|    base_reward             | 397         |
|    collision               | 0           |
|    crash_object            | 0           |
|    crash_vehicle           | 0           |
|    episode_cost            | 0           |
|    episode_length          | 1000        |
|    jerk                    | 0.441       |
|    lane_deviation          | 0.277       |
|    max_lane_deviation      | 1.14        |
|    mean_speed_kmh          | 18.8        |
|    min_ttc                 | 4.9         |
|    out_of_road             | 0           |
|    route_completion        | 0.876       |
|    shaped_reward           | 147         |
|    steering_variation      | 0.509       |
|    success                 | 0           |
|    ttc_risk                | 2.03e-05    |
| rollout/                   |             |
|    ep_len_mean             | 917         |
|    ep_rew_mean             | 103         |
|    success_rate            | 0.18        |
| time/                      |             |
|    fps                     | 1272        |
|    iterations              | 64          |
|    time_elapsed            | 515         |
|    total_timesteps         | 655360      |
| train/                     |             |
|    approx_kl               | 0.054891564 |
|    clip_fraction           | 0.13        |
|    clip_range              | 0.2         |
|    entropy_loss            | -1.89       |
|    explained_variance      | 0.622       |
|    learning_rate           | 0.0003      |
|    loss                    | 25.7        |
|    n_updates               | 630         |
|    policy_gradient_loss    | -0.00235    |
|    std                     | 0.643       |
|    value_loss              | 40          |
--------------------------------------------
-------------------------------------------
| curriculum/                |            |
|    stage                   | 2          |
|    window_cost             | 0.267      |
|    window_route_completion | 0.796      |
|    window_success          | 0.3        |
| paper/                     |            |
|    accel_variation         | 0.463      |
|    base_reward             | 402        |
|    collision               | 0          |
|    crash_object            | 0          |
|    crash_vehicle           | 0          |
|    episode_cost            | 0          |
|    episode_length          | 1000       |
|    jerk                    | 0.452      |
|    lane_deviation          | 0.262      |
|    max_lane_deviation      | 1.04       |
|    mean_speed_kmh          | 19.3       |
|    min_ttc                 | nan        |
|    out_of_road             | 0          |
|    route_completion        | 0.722      |
|    shaped_reward           | 151        |
|    steering_variation      | 0.524      |
|    success                 | 0          |
|    ttc_risk                | 0          |
| rollout/                   |            |
|    ep_len_mean             | 919        |
|    ep_rew_mean             | 103        |
|    success_rate            | 0.19       |
| time/                      |            |
|    fps                     | 1265       |
|    iterations              | 65         |
|    time_elapsed            | 525        |
|    total_timesteps         | 665600     |
| train/                     |            |
|    approx_kl               | 0.02777136 |
|    clip_fraction           | 0.131      |
|    clip_range              | 0.2        |
|    entropy_loss            | -1.89      |
|    explained_variance      | 0.706      |
|    learning_rate           | 0.0003     |
|    loss                    | 7.3        |
|    n_updates               | 640        |
|    policy_gradient_loss    | -0.000136  |
|    std                     | 0.639      |
|    value_loss              | 21.7       |
-------------------------------------------
--------------------------------------------
| curriculum/                |             |
|    stage                   | 2           |
|    window_cost             | 0.133       |
|    window_route_completion | 0.828       |
|    window_success          | 0.3         |
| paper/                     |             |
|    accel_variation         | 0.504       |
|    base_reward             | 437         |
|    collision               | 0           |
|    crash_object            | 0           |
|    crash_vehicle           | 0           |
|    episode_cost            | 0           |
|    episode_length          | 1000        |
|    jerk                    | 0.447       |
|    lane_deviation          | 0.225       |
|    max_lane_deviation      | 0.76        |
|    mean_speed_kmh          | 19.5        |
|    min_ttc                 | 9.82        |
|    out_of_road             | 0           |
|    route_completion        | 0.711       |
|    shaped_reward           | 185         |
|    steering_variation      | 0.509       |
|    success                 | 0           |
|    ttc_risk                | 0           |
| rollout/                   |             |
|    ep_len_mean             | 915         |
|    ep_rew_mean             | 107         |
|    success_rate            | 0.21        |
| time/                      |             |
|    fps                     | 1255        |
|    iterations              | 66          |
|    time_elapsed            | 538         |
|    total_timesteps         | 675840      |
| train/                     |             |
|    approx_kl               | 0.020180158 |
|    clip_fraction           | 0.213       |
|    clip_range              | 0.2         |
|    entropy_loss            | -1.86       |
|    explained_variance      | 0.701       |
|    learning_rate           | 0.0003      |
|    loss                    | 2.51        |
|    n_updates               | 650         |
|    policy_gradient_loss    | 0.00428     |
|    std                     | 0.63        |
|    value_loss              | 10.1        |
--------------------------------------------
-------------------------------------------
| curriculum/                |            |
|    stage                   | 2          |
|    window_cost             | 0.133      |
|    window_route_completion | 0.844      |
|    window_success          | 0.233      |
| paper/                     |            |
|    accel_variation         | 0.452      |
|    base_reward             | 399        |
|    collision               | 0          |
|    crash_object            | 0          |
|    crash_vehicle           | 0          |
|    episode_cost            | 0          |
|    episode_length          | 889        |
|    jerk                    | 0.431      |
|    lane_deviation          | 0.209      |
|    max_lane_deviation      | 0.832      |
|    mean_speed_kmh          | 18.7       |
|    min_ttc                 | 0.0897     |
|    out_of_road             | 0          |
|    route_completion        | 0.99       |
|    shaped_reward           | 199        |
|    steering_variation      | 0.498      |
|    success                 | 1          |
|    ttc_risk                | 0.0128     |
| rollout/                   |            |
|    ep_len_mean             | 910        |
|    ep_rew_mean             | 105        |
|    success_rate            | 0.22       |
| time/                      |            |
|    fps                     | 1243       |
|    iterations              | 67         |
|    time_elapsed            | 551        |
|    total_timesteps         | 686080     |
| train/                     |            |
|    approx_kl               | 0.02504057 |
|    clip_fraction           | 0.214      |
|    clip_range              | 0.2        |
|    entropy_loss            | -1.85      |
|    explained_variance      | 0.525      |
|    learning_rate           | 0.0003     |
|    loss                    | 3.15       |
|    n_updates               | 660        |
|    policy_gradient_loss    | 0.0016     |
|    std                     | 0.635      |
|    value_loss              | 14.5       |
-------------------------------------------
--------------------------------------------
| curriculum/                |             |
|    stage                   | 2           |
|    window_cost             | 0.1         |
|    window_route_completion | 0.846       |
|    window_success          | 0.333       |
| paper/                     |             |
|    accel_variation         | 0.441       |
|    base_reward             | 397         |
|    collision               | 0           |
|    crash_object            | 0           |
|    crash_vehicle           | 0           |
|    episode_cost            | 0           |
|    episode_length          | 1000        |
|    jerk                    | 0.449       |
|    lane_deviation          | 0.211       |
|    max_lane_deviation      | 0.79        |
|    mean_speed_kmh          | 17.8        |
|    min_ttc                 | 1.73        |
|    out_of_road             | 0           |
|    route_completion        | 0.774       |
|    shaped_reward           | 145         |
|    steering_variation      | 0.468       |
|    success                 | 0           |
|    ttc_risk                | 0.0104      |
| rollout/                   |             |
|    ep_len_mean             | 915         |
|    ep_rew_mean             | 110         |
|    success_rate            | 0.26        |
| time/                      |             |
|    fps                     | 1233        |
|    iterations              | 68          |
|    time_elapsed            | 564         |
|    total_timesteps         | 696320      |
| train/                     |             |
|    approx_kl               | 0.020111449 |
|    clip_fraction           | 0.23        |
|    clip_range              | 0.2         |
|    entropy_loss            | -1.86       |
|    explained_variance      | 0.482       |
|    learning_rate           | 0.0003      |
|    loss                    | 12.4        |
|    n_updates               | 670         |
|    policy_gradient_loss    | 0.00841     |
|    std                     | 0.642       |
|    value_loss              | 18.3        |
--------------------------------------------
--------------------------------------------
| curriculum/                |             |
|    stage                   | 2           |
|    window_cost             | 0.167       |
|    window_route_completion | 0.837       |
|    window_success          | 0.333       |
| paper/                     |             |
|    accel_variation         | 0.488       |
|    base_reward             | 378         |
|    collision               | 0           |
|    crash_object            | 0           |
|    crash_vehicle           | 0           |
|    episode_cost            | 0           |
|    episode_length          | 881         |
|    jerk                    | 0.436       |
|    lane_deviation          | 0.242       |
|    max_lane_deviation      | 0.864       |
|    mean_speed_kmh          | 18.6        |
|    min_ttc                 | 3.45        |
|    out_of_road             | 0           |
|    route_completion        | 0.992       |
|    shaped_reward           | 203         |
|    steering_variation      | 0.47        |
|    success                 | 1           |
|    ttc_risk                | 0.00113     |
| rollout/                   |             |
|    ep_len_mean             | 903         |
|    ep_rew_mean             | 114         |
|    success_rate            | 0.29        |
| time/                      |             |
|    fps                     | 1223        |
|    iterations              | 69          |
|    time_elapsed            | 577         |
|    total_timesteps         | 706560      |
| train/                     |             |
|    approx_kl               | 0.023458537 |
|    clip_fraction           | 0.301       |
|    clip_range              | 0.2         |
|    entropy_loss            | -1.87       |
|    explained_variance      | 0.69        |
|    learning_rate           | 0.0003      |
|    loss                    | 1.74        |
|    n_updates               | 680         |
|    policy_gradient_loss    | 0.0162      |
|    std                     | 0.642       |
|    value_loss              | 4.42        |
--------------------------------------------
--------------------------------------------
| curriculum/                |             |
|    stage                   | 2           |
|    window_cost             | 0.233       |
|    window_route_completion | 0.807       |
|    window_success          | 0.4         |
| paper/                     |             |
|    accel_variation         | 0.447       |
|    base_reward             | 401         |
|    collision               | 0           |
|    crash_object            | 0           |
|    crash_vehicle           | 0           |
|    episode_cost            | 0           |
|    episode_length          | 999         |
|    jerk                    | 0.415       |
|    lane_deviation          | 0.291       |
|    max_lane_deviation      | 0.998       |
|    mean_speed_kmh          | 18.6        |
|    min_ttc                 | 4.56        |
|    out_of_road             | 0           |
|    route_completion        | 0.991       |
|    shaped_reward           | 188         |
|    steering_variation      | 0.51        |
|    success                 | 1           |
|    ttc_risk                | 8.82e-05    |
| rollout/                   |             |
|    ep_len_mean             | 883         |
|    ep_rew_mean             | 123         |
|    success_rate            | 0.33        |
| time/                      |             |
|    fps                     | 1216        |
|    iterations              | 70          |
|    time_elapsed            | 589         |
|    total_timesteps         | 716800      |
| train/                     |             |
|    approx_kl               | 0.011204288 |
|    clip_fraction           | 0.174       |
|    clip_range              | 0.2         |
|    entropy_loss            | -1.86       |
|    explained_variance      | 0.386       |
|    learning_rate           | 0.0003      |
|    loss                    | 5.12        |
|    n_updates               | 690         |
|    policy_gradient_loss    | -0.00224    |
|    std                     | 0.647       |
|    value_loss              | 28.1        |
--------------------------------------------
--------------------------------------------
| curriculum/                |             |
|    stage                   | 2           |
|    window_cost             | 0.233       |
|    window_route_completion | 0.813       |
|    window_success          | 0.4         |
| paper/                     |             |
|    accel_variation         | 0.477       |
|    base_reward             | 457         |
|    collision               | 0           |
|    crash_object            | 0           |
|    crash_vehicle           | 0           |
|    episode_cost            | 0           |
|    episode_length          | 1000        |
|    jerk                    | 0.465       |
|    lane_deviation          | 0.179       |
|    max_lane_deviation      | 0.668       |
|    mean_speed_kmh          | 19.3        |
|    min_ttc                 | 33.6        |
|    out_of_road             | 0           |
|    route_completion        | 0.697       |
|    shaped_reward           | 209         |
|    steering_variation      | 0.474       |
|    success                 | 0           |
|    ttc_risk                | 0           |
| rollout/                   |             |
|    ep_len_mean             | 888         |
|    ep_rew_mean             | 131         |
|    success_rate            | 0.33        |
| time/                      |             |
|    fps                     | 1209        |
|    iterations              | 71          |
|    time_elapsed            | 601         |
|    total_timesteps         | 727040      |
| train/                     |             |
|    approx_kl               | 0.011592751 |
|    clip_fraction           | 0.198       |
|    clip_range              | 0.2         |
|    entropy_loss            | -1.86       |
|    explained_variance      | 0.596       |
|    learning_rate           | 0.0003      |
|    loss                    | 4.93        |
|    n_updates               | 700         |
|    policy_gradient_loss    | -0.00202    |
|    std                     | 0.642       |
|    value_loss              | 27.3        |
--------------------------------------------
-------------------------------------------
| curriculum/                |            |
|    stage                   | 2          |
|    window_cost             | 0.233      |
|    window_route_completion | 0.791      |
|    window_success          | 0.3        |
| paper/                     |            |
|    accel_variation         | 0.495      |
|    base_reward             | 356        |
|    collision               | 0          |
|    crash_object            | 0          |
|    crash_vehicle           | 0          |
|    episode_cost            | 0          |
|    episode_length          | 1000       |
|    jerk                    | 0.44       |
|    lane_deviation          | 0.347      |
|    max_lane_deviation      | 1.04       |
|    mean_speed_kmh          | 18.8       |
|    min_ttc                 | 4.47       |
|    out_of_road             | 0          |
|    route_completion        | 0.664      |
|    shaped_reward           | 94.2       |
|    steering_variation      | 0.486      |
|    success                 | 0          |
|    ttc_risk                | 0.000106   |
| rollout/                   |            |
|    ep_len_mean             | 891        |
|    ep_rew_mean             | 136        |
|    success_rate            | 0.32       |
| time/                      |            |
|    fps                     | 1197       |
|    iterations              | 72         |
|    time_elapsed            | 615        |
|    total_timesteps         | 737280     |
| train/                     |            |
|    approx_kl               | 0.07484696 |
|    clip_fraction           | 0.293      |
|    clip_range              | 0.2        |
|    entropy_loss            | -1.87      |
|    explained_variance      | 0.478      |
|    learning_rate           | 0.0003     |
|    loss                    | 2.19       |
|    n_updates               | 710        |
|    policy_gradient_loss    | 0.00625    |
|    std                     | 0.653      |
|    value_loss              | 16.6       |
-------------------------------------------
--------------------------------------------
| curriculum/                |             |
|    stage                   | 2           |
|    window_cost             | 0.3         |
|    window_route_completion | 0.739       |
|    window_success          | 0.0667      |
| paper/                     |             |
|    accel_variation         | 0.435       |
|    base_reward             | 247         |
|    collision               | 0           |
|    crash_object            | 0           |
|    crash_vehicle           | 0           |
|    episode_cost            | 1           |
|    episode_length          | 900         |
|    jerk                    | 0.418       |
|    lane_deviation          | 0.43        |
|    max_lane_deviation      | 1.2         |
|    mean_speed_kmh          | 18.8        |
|    min_ttc                 | 4.7         |
|    out_of_road             | 1           |
|    route_completion        | 0.859       |
|    shaped_reward           | -75.3       |
|    steering_variation      | 0.496       |
|    success                 | 0           |
|    ttc_risk                | 6.77e-05    |
| rollout/                   |             |
|    ep_len_mean             | 887         |
|    ep_rew_mean             | 130         |
|    success_rate            | 0.27        |
| time/                      |             |
|    fps                     | 1188        |
|    iterations              | 73          |
|    time_elapsed            | 629         |
|    total_timesteps         | 747520      |
| train/                     |             |
|    approx_kl               | 0.033145387 |
|    clip_fraction           | 0.168       |
|    clip_range              | 0.2         |
|    entropy_loss            | -1.89       |
|    explained_variance      | 0.585       |
|    learning_rate           | 0.0003      |
|    loss                    | 4.84        |
|    n_updates               | 720         |
|    policy_gradient_loss    | -0.00277    |
|    std                     | 0.657       |
|    value_loss              | 26.3        |
--------------------------------------------
-------------------------------------------
| curriculum/                |            |
|    stage                   | 2          |
|    window_cost             | 0.2        |
|    window_route_completion | 0.788      |
|    window_success          | 0.167      |
| paper/                     |            |
|    accel_variation         | 0.485      |
|    base_reward             | 374        |
|    collision               | 0          |
|    crash_object            | 0          |
|    crash_vehicle           | 0          |
|    episode_cost            | 0          |
|    episode_length          | 1000       |
|    jerk                    | 0.462      |
|    lane_deviation          | 0.281      |
|    max_lane_deviation      | 1.02       |
|    mean_speed_kmh          | 18.4       |
|    min_ttc                 | 3.25       |
|    out_of_road             | 0          |
|    route_completion        | 0.961      |
|    shaped_reward           | 134        |
|    steering_variation      | 0.464      |
|    success                 | 0          |
|    ttc_risk                | 0.00257    |
| rollout/                   |            |
|    ep_len_mean             | 877        |
|    ep_rew_mean             | 124        |
|    success_rate            | 0.27       |
| time/                      |            |
|    fps                     | 1182       |
|    iterations              | 74         |
|    time_elapsed            | 640        |
|    total_timesteps         | 757760     |
| train/                     |            |
|    approx_kl               | 0.02924633 |
|    clip_fraction           | 0.2        |
|    clip_range              | 0.2        |
|    entropy_loss            | -1.89      |
|    explained_variance      | 0.437      |
|    learning_rate           | 0.0003     |
|    loss                    | 7.06       |
|    n_updates               | 730        |
|    policy_gradient_loss    | -0.00333   |
|    std                     | 0.658      |
|    value_loss              | 37.2       |
-------------------------------------------
--------------------------------------------
| curriculum/                |             |
|    stage                   | 2           |
|    window_cost             | 0.2         |
|    window_route_completion | 0.833       |
|    window_success          | 0.3         |
| paper/                     |             |
|    accel_variation         | 0.47        |
|    base_reward             | 375         |
|    collision               | 0           |
|    crash_object            | 0           |
|    crash_vehicle           | 0           |
|    episode_cost            | 0           |
|    episode_length          | 1000        |
|    jerk                    | 0.415       |
|    lane_deviation          | 0.287       |
|    max_lane_deviation      | 0.945       |
|    mean_speed_kmh          | 17.8        |
|    min_ttc                 | 2.32        |
|    out_of_road             | 0           |
|    route_completion        | 0.833       |
|    shaped_reward           | 97.2        |
|    steering_variation      | 0.488       |
|    success                 | 0           |
|    ttc_risk                | 0.0156      |
| rollout/                   |             |
|    ep_len_mean             | 878         |
|    ep_rew_mean             | 126         |
|    success_rate            | 0.31        |
| time/                      |             |
|    fps                     | 1176        |
|    iterations              | 75          |
|    time_elapsed            | 653         |
|    total_timesteps         | 768000      |
| train/                     |             |
|    approx_kl               | 0.014456709 |
|    clip_fraction           | 0.198       |
|    clip_range              | 0.2         |
|    entropy_loss            | -1.89       |
|    explained_variance      | 0.586       |
|    learning_rate           | 0.0003      |
|    loss                    | 8           |
|    n_updates               | 740         |
|    policy_gradient_loss    | 0.000234    |
|    std                     | 0.661       |
|    value_loss              | 19.7        |
--------------------------------------------
--------------------------------------------
| curriculum/                |             |
|    stage                   | 2           |
|    window_cost             | 0.1         |
|    window_route_completion | 0.878       |
|    window_success          | 0.433       |
| paper/                     |             |
|    accel_variation         | 0.502       |
|    base_reward             | 374         |
|    collision               | 0           |
|    crash_object            | 0           |
|    crash_vehicle           | 0           |
|    episode_cost            | 0           |
|    episode_length          | 926         |
|    jerk                    | 0.478       |
|    lane_deviation          | 0.252       |
|    max_lane_deviation      | 0.922       |
|    mean_speed_kmh          | 19.4        |
|    min_ttc                 | 8.07        |
|    out_of_road             | 0           |
|    route_completion        | 0.991       |
|    shaped_reward           | 197         |
|    steering_variation      | 0.484       |
|    success                 | 1           |
|    ttc_risk                | 0           |
| rollout/                   |             |
|    ep_len_mean             | 873         |
|    ep_rew_mean             | 124         |
|    success_rate            | 0.32        |
| time/                      |             |
|    fps                     | 1168        |
|    iterations              | 76          |
|    time_elapsed            | 665         |
|    total_timesteps         | 778240      |
| train/                     |             |
|    approx_kl               | 0.009630565 |
|    clip_fraction           | 0.232       |
|    clip_range              | 0.2         |
|    entropy_loss            | -1.88       |
|    explained_variance      | 0.659       |
|    learning_rate           | 0.0003      |
|    loss                    | 5.73        |
|    n_updates               | 750         |
|    policy_gradient_loss    | 0.00369     |
|    std                     | 0.66        |
|    value_loss              | 14.9        |
--------------------------------------------
--------------------------------------------
| curriculum/                |             |
|    stage                   | 2           |
|    window_cost             | 0.0667      |
|    window_route_completion | 0.884       |
|    window_success          | 0.433       |
| paper/                     |             |
|    accel_variation         | 0.488       |
|    base_reward             | 423         |
|    collision               | 0           |
|    crash_object            | 0           |
|    crash_vehicle           | 0           |
|    episode_cost            | 0           |
|    episode_length          | 968         |
|    jerk                    | 0.429       |
|    lane_deviation          | 0.214       |
|    max_lane_deviation      | 0.757       |
|    mean_speed_kmh          | 18.9        |
|    min_ttc                 | 3.78        |
|    out_of_road             | 0           |
|    route_completion        | 0.991       |
|    shaped_reward           | 230         |
|    steering_variation      | 0.499       |
|    success                 | 1           |
|    ttc_risk                | 0.000503    |
| rollout/                   |             |
|    ep_len_mean             | 868         |
|    ep_rew_mean             | 121         |
|    success_rate            | 0.32        |
| time/                      |             |
|    fps                     | 1163        |
|    iterations              | 77          |
|    time_elapsed            | 677         |
|    total_timesteps         | 788480      |
| train/                     |             |
|    approx_kl               | 0.029608905 |
|    clip_fraction           | 0.265       |
|    clip_range              | 0.2         |
|    entropy_loss            | -1.88       |
|    explained_variance      | 0.851       |
|    learning_rate           | 0.0003      |
|    loss                    | 1.71        |
|    n_updates               | 760         |
|    policy_gradient_loss    | 0.0149      |
|    std                     | 0.658       |
|    value_loss              | 5.97        |
--------------------------------------------
--------------------------------------------
| curriculum/                |             |
|    stage                   | 2           |
|    window_cost             | 0.133       |
|    window_route_completion | 0.835       |
|    window_success          | 0.367       |
| paper/                     |             |
|    accel_variation         | 0.5         |
|    base_reward             | 351         |
|    collision               | 0           |
|    crash_object            | 0           |
|    crash_vehicle           | 0           |
|    episode_cost            | 0           |
|    episode_length          | 796         |
|    jerk                    | 0.459       |
|    lane_deviation          | 0.199       |
|    max_lane_deviation      | 0.794       |
|    mean_speed_kmh          | 19          |
|    min_ttc                 | 4.12        |
|    out_of_road             | 0           |
|    route_completion        | 0.987       |
|    shaped_reward           | 206         |
|    steering_variation      | 0.482       |
|    success                 | 1           |
|    ttc_risk                | 0.000533    |
| rollout/                   |             |
|    ep_len_mean             | 881         |
|    ep_rew_mean             | 127         |
|    success_rate            | 0.32        |
| time/                      |             |
|    fps                     | 1159        |
|    iterations              | 78          |
|    time_elapsed            | 688         |
|    total_timesteps         | 798720      |
| train/                     |             |
|    approx_kl               | 0.010252008 |
|    clip_fraction           | 0.148       |
|    clip_range              | 0.2         |
|    entropy_loss            | -1.86       |
|    explained_variance      | 0.853       |
|    learning_rate           | 0.0003      |
|    loss                    | 1.83        |
|    n_updates               | 770         |
|    policy_gradient_loss    | 8.04e-05    |
|    std                     | 0.655       |
|    value_loss              | 12.2        |
--------------------------------------------
--------------------------------------------
| curriculum/                |             |
|    stage                   | 2           |
|    window_cost             | 0.133       |
|    window_route_completion | 0.829       |
|    window_success          | 0.233       |
| paper/                     |             |
|    accel_variation         | 0.504       |
|    base_reward             | 455         |
|    collision               | 0           |
|    crash_object            | 0           |
|    crash_vehicle           | 0           |
|    episode_cost            | 0           |
|    episode_length          | 1000        |
|    jerk                    | 0.475       |
|    lane_deviation          | 0.192       |
|    max_lane_deviation      | 0.814       |
|    mean_speed_kmh          | 19.4        |
|    min_ttc                 | 5.36        |
|    out_of_road             | 0           |
|    route_completion        | 0.703       |
|    shaped_reward           | 203         |
|    steering_variation      | 0.452       |
|    success                 | 0           |
|    ttc_risk                | 0           |
| rollout/                   |             |
|    ep_len_mean             | 892         |
|    ep_rew_mean             | 129         |
|    success_rate            | 0.24        |
| time/                      |             |
|    fps                     | 1151        |
|    iterations              | 79          |
|    time_elapsed            | 702         |
|    total_timesteps         | 808960      |
| train/                     |             |
|    approx_kl               | 0.021239977 |
|    clip_fraction           | 0.186       |
|    clip_range              | 0.2         |
|    entropy_loss            | -1.85       |
|    explained_variance      | 0.644       |
|    learning_rate           | 0.0003      |
|    loss                    | 19          |
|    n_updates               | 780         |
|    policy_gradient_loss    | 0.00282     |
|    std                     | 0.648       |
|    value_loss              | 16.6        |
--------------------------------------------
--------------------------------------------
| curriculum/                |             |
|    stage                   | 2           |
|    window_cost             | 0.1         |
|    window_route_completion | 0.837       |
|    window_success          | 0.233       |
| paper/                     |             |
|    accel_variation         | 0.485       |
|    base_reward             | 441         |
|    collision               | 0           |
|    crash_object            | 0           |
|    crash_vehicle           | 0           |
|    episode_cost            | 0           |
|    episode_length          | 1000        |
|    jerk                    | 0.464       |
|    lane_deviation          | 0.191       |
|    max_lane_deviation      | 0.972       |
|    mean_speed_kmh          | 18.9        |
|    min_ttc                 | 3.83        |
|    out_of_road             | 0           |
|    route_completion        | 0.923       |
|    shaped_reward           | 198         |
|    steering_variation      | 0.484       |
|    success                 | 0           |
|    ttc_risk                | 0.00038     |
| rollout/                   |             |
|    ep_len_mean             | 904         |
|    ep_rew_mean             | 138         |
|    success_rate            | 0.27        |
| time/                      |             |
|    fps                     | 1145        |
|    iterations              | 80          |
|    time_elapsed            | 715         |
|    total_timesteps         | 819200      |
| train/                     |             |
|    approx_kl               | 0.010850024 |
|    clip_fraction           | 0.248       |
|    clip_range              | 0.2         |
|    entropy_loss            | -1.85       |
|    explained_variance      | 0.729       |
|    learning_rate           | 0.0003      |
|    loss                    | 2.37        |
|    n_updates               | 790         |
|    policy_gradient_loss    | 0.0112      |
|    std                     | 0.658       |
|    value_loss              | 9.66        |
--------------------------------------------
--------------------------------------------
| curriculum/                |             |
|    stage                   | 2           |
|    window_cost             | 0.0333      |
|    window_route_completion | 0.823       |
|    window_success          | 0.1         |
| paper/                     |             |
|    accel_variation         | 0.467       |
|    base_reward             | 455         |
|    collision               | 0           |
|    crash_object            | 0           |
|    crash_vehicle           | 0           |
|    episode_cost            | 0           |
|    episode_length          | 1000        |
|    jerk                    | 0.467       |
|    lane_deviation          | 0.17        |
|    max_lane_deviation      | 0.722       |
|    mean_speed_kmh          | 19.1        |
|    min_ttc                 | 2.91        |
|    out_of_road             | 0           |
|    route_completion        | 0.688       |
|    shaped_reward           | 207         |
|    steering_variation      | 0.468       |
|    success                 | 0           |
|    ttc_risk                | 0.000621    |
| rollout/                   |             |
|    ep_len_mean             | 911         |
|    ep_rew_mean             | 145         |
|    success_rate            | 0.26        |
| time/                      |             |
|    fps                     | 1136        |
|    iterations              | 81          |
|    time_elapsed            | 729         |
|    total_timesteps         | 829440      |
| train/                     |             |
|    approx_kl               | 0.028853446 |
|    clip_fraction           | 0.211       |
|    clip_range              | 0.2         |
|    entropy_loss            | -1.85       |
|    explained_variance      | 0.79        |
|    learning_rate           | 0.0003      |
|    loss                    | 2.19        |
|    n_updates               | 800         |
|    policy_gradient_loss    | 0.00644     |
|    std                     | 0.649       |
|    value_loss              | 5.03        |
--------------------------------------------
--------------------------------------------
| curriculum/                |             |
|    stage                   | 2           |
|    window_cost             | 0.167       |
|    window_route_completion | 0.775       |
|    window_success          | 0.233       |
| paper/                     |             |
|    accel_variation         | 0.508       |
|    base_reward             | 358         |
|    collision               | 0           |
|    crash_object            | 0           |
|    crash_vehicle           | 0           |
|    episode_cost            | 0           |
|    episode_length          | 778         |
|    jerk                    | 0.452       |
|    lane_deviation          | 0.19        |
|    max_lane_deviation      | 0.775       |
|    mean_speed_kmh          | 18.7        |
|    min_ttc                 | 4.45        |
|    out_of_road             | 0           |
|    route_completion        | 0.988       |
|    shaped_reward           | 213         |
|    steering_variation      | 0.469       |
|    success                 | 1           |
|    ttc_risk                | 0.000256    |
| rollout/                   |             |
|    ep_len_mean             | 897         |
|    ep_rew_mean             | 151         |
|    success_rate            | 0.3         |
| time/                      |             |
|    fps                     | 1130        |
|    iterations              | 82          |
|    time_elapsed            | 742         |
|    total_timesteps         | 839680      |
| train/                     |             |
|    approx_kl               | 0.026470203 |
|    clip_fraction           | 0.307       |
|    clip_range              | 0.2         |
|    entropy_loss            | -1.82       |
|    explained_variance      | 0.836       |
|    learning_rate           | 0.0003      |
|    loss                    | 1.35        |
|    n_updates               | 810         |
|    policy_gradient_loss    | 0.0183      |
|    std                     | 0.645       |
|    value_loss              | 3.71        |
--------------------------------------------
---------------------------------------------
| curriculum/                |              |
|    stage                   | 2            |
|    window_cost             | 0.233        |
|    window_route_completion | 0.761        |
|    window_success          | 0.2          |
| paper/                     |              |
|    accel_variation         | 0.483        |
|    base_reward             | 401          |
|    collision               | 0            |
|    crash_object            | 0            |
|    crash_vehicle           | 0            |
|    episode_cost            | 0            |
|    episode_length          | 1000         |
|    jerk                    | 0.442        |
|    lane_deviation          | 0.232        |
|    max_lane_deviation      | 0.982        |
|    mean_speed_kmh          | 18.5         |
|    min_ttc                 | 2.62         |
|    out_of_road             | 0            |
|    route_completion        | 0.844        |
|    shaped_reward           | 149          |
|    steering_variation      | 0.457        |
|    success                 | 0            |
|    ttc_risk                | 0.00717      |
| rollout/                   |              |
|    ep_len_mean             | 908          |
|    ep_rew_mean             | 155          |
|    success_rate            | 0.26         |
| time/                      |              |
|    fps                     | 1125         |
|    iterations              | 83           |
|    time_elapsed            | 755          |
|    total_timesteps         | 849920       |
| train/                     |              |
|    approx_kl               | 0.0060939514 |
|    clip_fraction           | 0.0958       |
|    clip_range              | 0.2          |
|    entropy_loss            | -1.81        |
|    explained_variance      | 0.594        |
|    learning_rate           | 0.0003       |
|    loss                    | 28           |
|    n_updates               | 820          |
|    policy_gradient_loss    | -0.00364     |
|    std                     | 0.649        |
|    value_loss              | 27.6         |
---------------------------------------------
--------------------------------------------
| curriculum/                |             |
|    stage                   | 2           |
|    window_cost             | 0.333       |
|    window_route_completion | 0.745       |
|    window_success          | 0.267       |
| paper/                     |             |
|    accel_variation         | 0.478       |
|    base_reward             | 406         |
|    collision               | 0           |
|    crash_object            | 0           |
|    crash_vehicle           | 0           |
|    episode_cost            | 0           |
|    episode_length          | 919         |
|    jerk                    | 0.442       |
|    lane_deviation          | 0.192       |
|    max_lane_deviation      | 0.744       |
|    mean_speed_kmh          | 18.8        |
|    min_ttc                 | 1.43        |
|    out_of_road             | 0           |
|    route_completion        | 0.988       |
|    shaped_reward           | 221         |
|    steering_variation      | 0.426       |
|    success                 | 1           |
|    ttc_risk                | 0.00484     |
| rollout/                   |             |
|    ep_len_mean             | 895         |
|    ep_rew_mean             | 157         |
|    success_rate            | 0.25        |
| time/                      |             |
|    fps                     | 1120        |
|    iterations              | 84          |
|    time_elapsed            | 767         |
|    total_timesteps         | 860160      |
| train/                     |             |
|    approx_kl               | 0.021302722 |
|    clip_fraction           | 0.216       |
|    clip_range              | 0.2         |
|    entropy_loss            | -1.83       |
|    explained_variance      | 0.545       |
|    learning_rate           | 0.0003      |
|    loss                    | 1.34        |
|    n_updates               | 830         |
|    policy_gradient_loss    | 0.00156     |
|    std                     | 0.655       |
|    value_loss              | 6.66        |
--------------------------------------------
--------------------------------------------
| curriculum/                |             |
|    stage                   | 2           |
|    window_cost             | 0.167       |
|    window_route_completion | 0.844       |
|    window_success          | 0.3         |
| paper/                     |             |
|    accel_variation         | 0.483       |
|    base_reward             | 446         |
|    collision               | 0           |
|    crash_object            | 0           |
|    crash_vehicle           | 0           |
|    episode_cost            | 0           |
|    episode_length          | 1000        |
|    jerk                    | 0.448       |
|    lane_deviation          | 0.172       |
|    max_lane_deviation      | 0.675       |
|    mean_speed_kmh          | 18.7        |
|    min_ttc                 | 4.28        |
|    out_of_road             | 0           |
|    route_completion        | 0.981       |
|    shaped_reward           | 212         |
|    steering_variation      | 0.46        |
|    success                 | 0           |
|    ttc_risk                | 0.00033     |
| rollout/                   |             |
|    ep_len_mean             | 895         |
|    ep_rew_mean             | 161         |
|    success_rate            | 0.24        |
| time/                      |             |
|    fps                     | 1117        |
|    iterations              | 85          |
|    time_elapsed            | 779         |
|    total_timesteps         | 870400      |
| train/                     |             |
|    approx_kl               | 0.014178063 |
|    clip_fraction           | 0.148       |
|    clip_range              | 0.2         |
|    entropy_loss            | -1.83       |
|    explained_variance      | 0.769       |
|    learning_rate           | 0.0003      |
|    loss                    | 5.65        |
|    n_updates               | 840         |
|    policy_gradient_loss    | -2.29e-05   |
|    std                     | 0.655       |
|    value_loss              | 20.3        |
--------------------------------------------
--------------------------------------------
| curriculum/                |             |
|    stage                   | 2           |
|    window_cost             | 0.0667      |
|    window_route_completion | 0.865       |
|    window_success          | 0.333       |
| paper/                     |             |
|    accel_variation         | 0.473       |
|    base_reward             | 363         |
|    collision               | 0           |
|    crash_object            | 0           |
|    crash_vehicle           | 0           |
|    episode_cost            | 0           |
|    episode_length          | 1000        |
|    jerk                    | 0.449       |
|    lane_deviation          | 0.272       |
|    max_lane_deviation      | 0.999       |
|    mean_speed_kmh          | 17.4        |
|    min_ttc                 | 0.45        |
|    out_of_road             | 0           |
|    route_completion        | 0.676       |
|    shaped_reward           | 80.6        |
|    steering_variation      | 0.431       |
|    success                 | 0           |
|    ttc_risk                | 0.0214      |
| rollout/                   |             |
|    ep_len_mean             | 898         |
|    ep_rew_mean             | 166         |
|    success_rate            | 0.25        |
| time/                      |             |
|    fps                     | 1110        |
|    iterations              | 86          |
|    time_elapsed            | 792         |
|    total_timesteps         | 880640      |
| train/                     |             |
|    approx_kl               | 0.046374965 |
|    clip_fraction           | 0.222       |
|    clip_range              | 0.2         |
|    entropy_loss            | -1.83       |
|    explained_variance      | 0.734       |
|    learning_rate           | 0.0003      |
|    loss                    | 1.46        |
|    n_updates               | 850         |
|    policy_gradient_loss    | 0.00652     |
|    std                     | 0.656       |
|    value_loss              | 4.39        |
--------------------------------------------
--------------------------------------------
| curriculum/                |             |
|    stage                   | 2           |
|    window_cost             | 0.0333      |
|    window_route_completion | 0.863       |
|    window_success          | 0.233       |
| paper/                     |             |
|    accel_variation         | 0.483       |
|    base_reward             | 432         |
|    collision               | 0           |
|    crash_object            | 0           |
|    crash_vehicle           | 0           |
|    episode_cost            | 0           |
|    episode_length          | 1000        |
|    jerk                    | 0.468       |
|    lane_deviation          | 0.177       |
|    max_lane_deviation      | 0.709       |
|    mean_speed_kmh          | 18.1        |
|    min_ttc                 | 3.9         |
|    out_of_road             | 0           |
|    route_completion        | 0.864       |
|    shaped_reward           | 201         |
|    steering_variation      | 0.434       |
|    success                 | 0           |
|    ttc_risk                | 0.000925    |
| rollout/                   |             |
|    ep_len_mean             | 908         |
|    ep_rew_mean             | 169         |
|    success_rate            | 0.22        |
| time/                      |             |
|    fps                     | 1105        |
|    iterations              | 87          |
|    time_elapsed            | 805         |
|    total_timesteps         | 890880      |
| train/                     |             |
|    approx_kl               | 0.015237639 |
|    clip_fraction           | 0.285       |
|    clip_range              | 0.2         |
|    entropy_loss            | -1.8        |
|    explained_variance      | 0.879       |
|    learning_rate           | 0.0003      |
|    loss                    | 1.22        |
|    n_updates               | 860         |
|    policy_gradient_loss    | 0.00764     |
|    std                     | 0.648       |
|    value_loss              | 2.14        |
--------------------------------------------
--------------------------------------------
| curriculum/                |             |
|    stage                   | 2           |
|    window_cost             | 0.133       |
|    window_route_completion | 0.818       |
|    window_success          | 0.167       |
| paper/                     |             |
|    accel_variation         | 0.51        |
|    base_reward             | 446         |
|    collision               | 0           |
|    crash_object            | 0           |
|    crash_vehicle           | 0           |
|    episode_cost            | 0           |
|    episode_length          | 921         |
|    jerk                    | 0.489       |
|    lane_deviation          | 0.163       |
|    max_lane_deviation      | 0.893       |
|    mean_speed_kmh          | 19.1        |
|    min_ttc                 | 3.01        |
|    out_of_road             | 0           |
|    route_completion        | 0.991       |
|    shaped_reward           | 255         |
|    steering_variation      | 0.438       |
|    success                 | 1           |
|    ttc_risk                | 0.00176     |
| rollout/                   |             |
|    ep_len_mean             | 896         |
|    ep_rew_mean             | 168         |
|    success_rate            | 0.24        |
| time/                      |             |
|    fps                     | 1101        |
|    iterations              | 88          |
|    time_elapsed            | 818         |
|    total_timesteps         | 901120      |
| train/                     |             |
|    approx_kl               | 0.033778016 |
|    clip_fraction           | 0.246       |
|    clip_range              | 0.2         |
|    entropy_loss            | -1.78       |
|    explained_variance      | 0.46        |
|    learning_rate           | 0.0003      |
|    loss                    | 2.03        |
|    n_updates               | 870         |
|    policy_gradient_loss    | 0.00889     |
|    std                     | 0.645       |
|    value_loss              | 8.72        |
--------------------------------------------
--------------------------------------------
| curriculum/                |             |
|    stage                   | 2           |
|    window_cost             | 0.133       |
|    window_route_completion | 0.839       |
|    window_success          | 0.267       |
| paper/                     |             |
|    accel_variation         | 0.526       |
|    base_reward             | 483         |
|    collision               | 0           |
|    crash_object            | 0           |
|    crash_vehicle           | 0           |
|    episode_cost            | 0           |
|    episode_length          | 987         |
|    jerk                    | 0.456       |
|    lane_deviation          | 0.145       |
|    max_lane_deviation      | 0.557       |
|    mean_speed_kmh          | 19          |
|    min_ttc                 | 2.88        |
|    out_of_road             | 0           |
|    route_completion        | 0.991       |
|    shaped_reward           | 276         |
|    steering_variation      | 0.416       |
|    success                 | 1           |
|    ttc_risk                | 0.0016      |
| rollout/                   |             |
|    ep_len_mean             | 891         |
|    ep_rew_mean             | 167         |
|    success_rate            | 0.26        |
| time/                      |             |
|    fps                     | 1097        |
|    iterations              | 89          |
|    time_elapsed            | 830         |
|    total_timesteps         | 911360      |
| train/                     |             |
|    approx_kl               | 0.018104134 |
|    clip_fraction           | 0.152       |
|    clip_range              | 0.2         |
|    entropy_loss            | -1.76       |
|    explained_variance      | 0.646       |
|    learning_rate           | 0.0003      |
|    loss                    | 3.82        |
|    n_updates               | 880         |
|    policy_gradient_loss    | -0.00315    |
|    std                     | 0.644       |
|    value_loss              | 11.3        |
--------------------------------------------
-------------------------------------------
| curriculum/                |            |
|    stage                   | 2          |
|    window_cost             | 0.133      |
|    window_route_completion | 0.853      |
|    window_success          | 0.233      |
| paper/                     |            |
|    accel_variation         | 0.52       |
|    base_reward             | 444        |
|    collision               | 0          |
|    crash_object            | 0          |
|    crash_vehicle           | 0          |
|    episode_cost            | 0          |
|    episode_length          | 1000       |
|    jerk                    | 0.478      |
|    lane_deviation          | 0.184      |
|    max_lane_deviation      | 0.693      |
|    mean_speed_kmh          | 18.5       |
|    min_ttc                 | 3.19       |
|    out_of_road             | 0          |
|    route_completion        | 0.956      |
|    shaped_reward           | 200        |
|    steering_variation      | 0.426      |
|    success                 | 0          |
|    ttc_risk                | 0.00258    |
| rollout/                   |            |
|    ep_len_mean             | 887        |
|    ep_rew_mean             | 166        |
|    success_rate            | 0.25       |
| time/                      |            |
|    fps                     | 1092       |
|    iterations              | 90         |
|    time_elapsed            | 843        |
|    total_timesteps         | 921600     |
| train/                     |            |
|    approx_kl               | 0.03774889 |
|    clip_fraction           | 0.289      |
|    clip_range              | 0.2        |
|    entropy_loss            | -1.75      |
|    explained_variance      | 0.872      |
|    learning_rate           | 0.0003     |
|    loss                    | 0.896      |
|    n_updates               | 890        |
|    policy_gradient_loss    | 0.0167     |
|    std                     | 0.643      |
|    value_loss              | 2.65       |
-------------------------------------------
--------------------------------------------
| curriculum/                |             |
|    stage                   | 2           |
|    window_cost             | 0.1         |
|    window_route_completion | 0.888       |
|    window_success          | 0.233       |
| paper/                     |             |
|    accel_variation         | 0.512       |
|    base_reward             | 427         |
|    collision               | 0           |
|    crash_object            | 0           |
|    crash_vehicle           | 0           |
|    episode_cost            | 0           |
|    episode_length          | 924         |
|    jerk                    | 0.493       |
|    lane_deviation          | 0.176       |
|    max_lane_deviation      | 0.761       |
|    mean_speed_kmh          | 18.5        |
|    min_ttc                 | 0.704       |
|    out_of_road             | 0           |
|    route_completion        | 0.99        |
|    shaped_reward           | 210         |
|    steering_variation      | 0.413       |
|    success                 | 1           |
|    ttc_risk                | 0.0173      |
| rollout/                   |             |
|    ep_len_mean             | 911         |
|    ep_rew_mean             | 175         |
|    success_rate            | 0.24        |
| time/                      |             |
|    fps                     | 1090        |
|    iterations              | 91          |
|    time_elapsed            | 854         |
|    total_timesteps         | 931840      |
| train/                     |             |
|    approx_kl               | 0.011203006 |
|    clip_fraction           | 0.161       |
|    clip_range              | 0.2         |
|    entropy_loss            | -1.73       |
|    explained_variance      | 0.855       |
|    learning_rate           | 0.0003      |
|    loss                    | 1.57        |
|    n_updates               | 900         |
|    policy_gradient_loss    | -0.00114    |
|    std                     | 0.642       |
|    value_loss              | 4.37        |
--------------------------------------------
--------------------------------------------
| curriculum/                |             |
|    stage                   | 2           |
|    window_cost             | 0.167       |
|    window_route_completion | 0.867       |
|    window_success          | 0.267       |
| paper/                     |             |
|    accel_variation         | 0.536       |
|    base_reward             | 483         |
|    collision               | 0           |
|    crash_object            | 0           |
|    crash_vehicle           | 0           |
|    episode_cost            | 0           |
|    episode_length          | 1000        |
|    jerk                    | 0.504       |
|    lane_deviation          | 0.15        |
|    max_lane_deviation      | 0.557       |
|    mean_speed_kmh          | 19.6        |
|    min_ttc                 | 10.9        |
|    out_of_road             | 0           |
|    route_completion        | 0.797       |
|    shaped_reward           | 234         |
|    steering_variation      | 0.394       |
|    success                 | 0           |
|    ttc_risk                | 0           |
| rollout/                   |             |
|    ep_len_mean             | 907         |
|    ep_rew_mean             | 179         |
|    success_rate            | 0.28        |
| time/                      |             |
|    fps                     | 1086        |
|    iterations              | 92          |
|    time_elapsed            | 867         |
|    total_timesteps         | 942080      |
| train/                     |             |
|    approx_kl               | 0.021373421 |
|    clip_fraction           | 0.171       |
|    clip_range              | 0.2         |
|    entropy_loss            | -1.72       |
|    explained_variance      | 0.569       |
|    learning_rate           | 0.0003      |
|    loss                    | 3.57        |
|    n_updates               | 910         |
|    policy_gradient_loss    | 0.00296     |
|    std                     | 0.64        |
|    value_loss              | 10.7        |
--------------------------------------------
-------------------------------------------
| curriculum/                |            |
|    stage                   | 2          |
|    window_cost             | 0.133      |
|    window_route_completion | 0.878      |
|    window_success          | 0.3        |
| paper/                     |            |
|    accel_variation         | 0.519      |
|    base_reward             | 463        |
|    collision               | 0          |
|    crash_object            | 0          |
|    crash_vehicle           | 0          |
|    episode_cost            | 0          |
|    episode_length          | 1000       |
|    jerk                    | 0.506      |
|    lane_deviation          | 0.186      |
|    max_lane_deviation      | 0.624      |
|    mean_speed_kmh          | 19.6       |
|    min_ttc                 | 16.7       |
|    out_of_road             | 0          |
|    route_completion        | 0.764      |
|    shaped_reward           | 213        |
|    steering_variation      | 0.4        |
|    success                 | 0          |
|    ttc_risk                | 0          |
| rollout/                   |            |
|    ep_len_mean             | 930        |
|    ep_rew_mean             | 185        |
|    success_rate            | 0.26       |
| time/                      |            |
|    fps                     | 1081       |
|    iterations              | 93         |
|    time_elapsed            | 880        |
|    total_timesteps         | 952320     |
| train/                     |            |
|    approx_kl               | 0.02241251 |
|    clip_fraction           | 0.159      |
|    clip_range              | 0.2        |
|    entropy_loss            | -1.72      |
|    explained_variance      | 0.667      |
|    learning_rate           | 0.0003     |
|    loss                    | 7.82       |
|    n_updates               | 920        |
|    policy_gradient_loss    | -0.000152  |
|    std                     | 0.642      |
|    value_loss              | 15.2       |
-------------------------------------------
-------------------------------------------
| curriculum/                |            |
|    stage                   | 2          |
|    window_cost             | 0.0667     |
|    window_route_completion | 0.864      |
|    window_success          | 0.2        |
| paper/                     |            |
|    accel_variation         | 0.505      |
|    base_reward             | 398        |
|    collision               | 0          |
|    crash_object            | 0          |
|    crash_vehicle           | 0          |
|    episode_cost            | 0          |
|    episode_length          | 1000       |
|    jerk                    | 0.47       |
|    lane_deviation          | 0.254      |
|    max_lane_deviation      | 0.911      |
|    mean_speed_kmh          | 18.3       |
|    min_ttc                 | 0.371      |
|    out_of_road             | 0          |
|    route_completion        | 0.906      |
|    shaped_reward           | 137        |
|    steering_variation      | 0.399      |
|    success                 | 0          |
|    ttc_risk                | 0.0102     |
| rollout/                   |            |
|    ep_len_mean             | 931        |
|    ep_rew_mean             | 182        |
|    success_rate            | 0.23       |
| time/                      |            |
|    fps                     | 1076       |
|    iterations              | 94         |
|    time_elapsed            | 894        |
|    total_timesteps         | 962560     |
| train/                     |            |
|    approx_kl               | 0.02244566 |
|    clip_fraction           | 0.268      |
|    clip_range              | 0.2        |
|    entropy_loss            | -1.72      |
|    explained_variance      | 0.831      |
|    learning_rate           | 0.0003     |
|    loss                    | 1.67       |
|    n_updates               | 930        |
|    policy_gradient_loss    | 0.0104     |
|    std                     | 0.649      |
|    value_loss              | 4.33       |
-------------------------------------------
-------------------------------------------
| curriculum/                |            |
|    stage                   | 2          |
|    window_cost             | 0.0333     |
|    window_route_completion | 0.879      |
|    window_success          | 0.367      |
| paper/                     |            |
|    accel_variation         | 0.519      |
|    base_reward             | 463        |
|    collision               | 0          |
|    crash_object            | 0          |
|    crash_vehicle           | 0          |
|    episode_cost            | 0          |
|    episode_length          | 1000       |
|    jerk                    | 0.48       |
|    lane_deviation          | 0.177      |
|    max_lane_deviation      | 0.555      |
|    mean_speed_kmh          | 19.4       |
|    min_ttc                 | 1.56       |
|    out_of_road             | 0          |
|    route_completion        | 0.982      |
|    shaped_reward           | 222        |
|    steering_variation      | 0.388      |
|    success                 | 0          |
|    ttc_risk                | 0.0012     |
| rollout/                   |            |
|    ep_len_mean             | 931        |
|    ep_rew_mean             | 184        |
|    success_rate            | 0.27       |
| time/                      |            |
|    fps                     | 1073       |
|    iterations              | 95         |
|    time_elapsed            | 905        |
|    total_timesteps         | 972800     |
| train/                     |            |
|    approx_kl               | 0.02095083 |
|    clip_fraction           | 0.253      |
|    clip_range              | 0.2        |
|    entropy_loss            | -1.73      |
|    explained_variance      | 0.545      |
|    learning_rate           | 0.0003     |
|    loss                    | 2.45       |
|    n_updates               | 940        |
|    policy_gradient_loss    | 0.0105     |
|    std                     | 0.653      |
|    value_loss              | 9.86       |
-------------------------------------------
--------------------------------------------
| curriculum/                |             |
|    stage                   | 2           |
|    window_cost             | 0.0333      |
|    window_route_completion | 0.884       |
|    window_success          | 0.3         |
| paper/                     |             |
|    accel_variation         | 0.53        |
|    base_reward             | 473         |
|    collision               | 0           |
|    crash_object            | 0           |
|    crash_vehicle           | 0           |
|    episode_cost            | 0           |
|    episode_length          | 1000        |
|    jerk                    | 0.521       |
|    lane_deviation          | 0.167       |
|    max_lane_deviation      | 0.98        |
|    mean_speed_kmh          | 19.6        |
|    min_ttc                 | 6.03        |
|    out_of_road             | 0           |
|    route_completion        | 0.925       |
|    shaped_reward           | 225         |
|    steering_variation      | 0.401       |
|    success                 | 0           |
|    ttc_risk                | 0           |
| rollout/                   |             |
|    ep_len_mean             | 937         |
|    ep_rew_mean             | 187         |
|    success_rate            | 0.28        |
| time/                      |             |
|    fps                     | 1069        |
|    iterations              | 96          |
|    time_elapsed            | 919         |
|    total_timesteps         | 983040      |
| train/                     |             |
|    approx_kl               | 0.029796828 |
|    clip_fraction           | 0.226       |
|    clip_range              | 0.2         |
|    entropy_loss            | -1.74       |
|    explained_variance      | 0.879       |
|    learning_rate           | 0.0003      |
|    loss                    | 1.64        |
|    n_updates               | 950         |
|    policy_gradient_loss    | 0.00344     |
|    std                     | 0.655       |
|    value_loss              | 3.17        |
--------------------------------------------
--------------------------------------------
| curriculum/                |             |
|    stage                   | 2           |
|    window_cost             | 0.1         |
|    window_route_completion | 0.886       |
|    window_success          | 0.433       |
| paper/                     |             |
|    accel_variation         | 0.518       |
|    base_reward             | 446         |
|    collision               | 0           |
|    crash_object            | 0           |
|    crash_vehicle           | 0           |
|    episode_cost            | 0           |
|    episode_length          | 911         |
|    jerk                    | 0.485       |
|    lane_deviation          | 0.161       |
|    max_lane_deviation      | 0.517       |
|    mean_speed_kmh          | 19.3        |
|    min_ttc                 | 3.2         |
|    out_of_road             | 0           |
|    route_completion        | 0.99        |
|    shaped_reward           | 261         |
|    steering_variation      | 0.394       |
|    success                 | 1           |
|    ttc_risk                | 0.000702    |
| rollout/                   |             |
|    ep_len_mean             | 941         |
|    ep_rew_mean             | 189         |
|    success_rate            | 0.31        |
| time/                      |             |
|    fps                     | 1066        |
|    iterations              | 97          |
|    time_elapsed            | 931         |
|    total_timesteps         | 993280      |
| train/                     |             |
|    approx_kl               | 0.012824694 |
|    clip_fraction           | 0.168       |
|    clip_range              | 0.2         |
|    entropy_loss            | -1.74       |
|    explained_variance      | 0.82        |
|    learning_rate           | 0.0003      |
|    loss                    | 1.41        |
|    n_updates               | 960         |
|    policy_gradient_loss    | 0.00174     |
|    std                     | 0.656       |
|    value_loss              | 3.73        |
--------------------------------------------
--------------------------------------------
| curriculum/                |             |
|    stage                   | 2           |
|    window_cost             | 0.133       |
|    window_route_completion | 0.843       |
|    window_success          | 0.233       |
| paper/                     |             |
|    accel_variation         | 0.489       |
|    base_reward             | 311         |
|    collision               | 1           |
|    crash_object            | 0           |
|    crash_vehicle           | 1           |
|    episode_cost            | 1           |
|    episode_length          | 798         |
|    jerk                    | 0.457       |
|    lane_deviation          | 0.213       |
|    max_lane_deviation      | 0.99        |
|    mean_speed_kmh          | 17.9        |
|    min_ttc                 | 0.18        |
|    out_of_road             | 0           |
|    route_completion        | 0.972       |
|    shaped_reward           | -2.11       |
|    steering_variation      | 0.376       |
|    success                 | 0           |
|    ttc_risk                | 0.0223      |
| rollout/                   |             |
|    ep_len_mean             | 949         |
|    ep_rew_mean             | 189         |
|    success_rate            | 0.27        |
| time/                      |             |
|    fps                     | 1062        |
|    iterations              | 98          |
|    time_elapsed            | 944         |
|    total_timesteps         | 1003520     |
| train/                     |             |
|    approx_kl               | 0.051989503 |
|    clip_fraction           | 0.169       |
|    clip_range              | 0.2         |
|    entropy_loss            | -1.73       |
|    explained_variance      | 0.673       |
|    learning_rate           | 0.0003      |
|    loss                    | 1.3         |
|    n_updates               | 970         |
|    policy_gradient_loss    | 0.00317     |
|    std                     | 0.657       |
|    value_loss              | 8.03        |
--------------------------------------------
-------------------------------------------
| curriculum/                |            |
|    stage                   | 2          |
|    window_cost             | 0.133      |
|    window_route_completion | 0.85       |
|    window_success          | 0.267      |
| paper/                     |            |
|    accel_variation         | 0.504      |
|    base_reward             | 457        |
|    collision               | 0          |
|    crash_object            | 0          |
|    crash_vehicle           | 0          |
|    episode_cost            | 0          |
|    episode_length          | 979        |
|    jerk                    | 0.456      |
|    lane_deviation          | 0.167      |
|    max_lane_deviation      | 0.536      |
|    mean_speed_kmh          | 18.5       |
|    min_ttc                 | 0.663      |
|    out_of_road             | 0          |
|    route_completion        | 0.989      |
|    shaped_reward           | 242        |
|    steering_variation      | 0.379      |
|    success                 | 1          |
|    ttc_risk                | 0.00967    |
| rollout/                   |            |
|    ep_len_mean             | 941        |
|    ep_rew_mean             | 185        |
|    success_rate            | 0.29       |
| time/                      |            |
|    fps                     | 1058       |
|    iterations              | 99         |
|    time_elapsed            | 957        |
|    total_timesteps         | 1013760    |
| train/                     |            |
|    approx_kl               | 0.03326886 |
|    clip_fraction           | 0.289      |
|    clip_range              | 0.2        |
|    entropy_loss            | -1.73      |
|    explained_variance      | 0.425      |
|    learning_rate           | 0.0003     |
|    loss                    | 1.92       |
|    n_updates               | 980        |
|    policy_gradient_loss    | 0.00814    |
|    std                     | 0.659      |
|    value_loss              | 9.33       |
-------------------------------------------
--------------------------------------------
| curriculum/                |             |
|    stage                   | 2           |
|    window_cost             | 0.133       |
|    window_route_completion | 0.858       |
|    window_success          | 0.267       |
| paper/                     |             |
|    accel_variation         | 0.573       |
|    base_reward             | 438         |
|    collision               | 0           |
|    crash_object            | 0           |
|    crash_vehicle           | 0           |
|    episode_cost            | 0           |
|    episode_length          | 1000        |
|    jerk                    | 0.501       |
|    lane_deviation          | 0.202       |
|    max_lane_deviation      | 0.571       |
|    mean_speed_kmh          | 18.9        |
|    min_ttc                 | 3.62        |
|    out_of_road             | 0           |
|    route_completion        | 0.884       |
|    shaped_reward           | 198         |
|    steering_variation      | 0.356       |
|    success                 | 0           |
|    ttc_risk                | 0.000872    |
| rollout/                   |             |
|    ep_len_mean             | 938         |
|    ep_rew_mean             | 183         |
|    success_rate            | 0.31        |
| time/                      |             |
|    fps                     | 1056        |
|    iterations              | 100         |
|    time_elapsed            | 969         |
|    total_timesteps         | 1024000     |
| train/                     |             |
|    approx_kl               | 0.012172611 |
|    clip_fraction           | 0.163       |
|    clip_range              | 0.2         |
|    entropy_loss            | -1.73       |
|    explained_variance      | 0.632       |
|    learning_rate           | 0.0003      |
|    loss                    | 2.82        |
|    n_updates               | 990         |
|    policy_gradient_loss    | -0.00347    |
|    std                     | 0.661       |
|    value_loss              | 11.7        |
--------------------------------------------
--------------------------------------------
| curriculum/                |             |
|    stage                   | 2           |
|    window_cost             | 0.133       |
|    window_route_completion | 0.891       |
|    window_success          | 0.4         |
| paper/                     |             |
|    accel_variation         | 0.509       |
|    base_reward             | 277         |
|    collision               | 1           |
|    crash_object            | 0           |
|    crash_vehicle           | 1           |
|    episode_cost            | 1           |
|    episode_length          | 661         |
|    jerk                    | 0.445       |
|    lane_deviation          | 0.169       |
|    max_lane_deviation      | 0.666       |
|    mean_speed_kmh          | 18          |
|    min_ttc                 | 0.705       |
|    out_of_road             | 0           |
|    route_completion        | 0.668       |
|    shaped_reward           | 17.4        |
|    steering_variation      | 0.386       |
|    success                 | 0           |
|    ttc_risk                | 0.0109      |
| rollout/                   |             |
|    ep_len_mean             | 942         |
|    ep_rew_mean             | 182         |
|    success_rate            | 0.31        |
| time/                      |             |
|    fps                     | 1054        |
|    iterations              | 101         |
|    time_elapsed            | 981         |
|    total_timesteps         | 1034240     |
| train/                     |             |
|    approx_kl               | 0.014465468 |
|    clip_fraction           | 0.211       |
|    clip_range              | 0.2         |
|    entropy_loss            | -1.73       |
|    explained_variance      | 0.671       |
|    learning_rate           | 0.0003      |
|    loss                    | 2.09        |
|    n_updates               | 1000        |
|    policy_gradient_loss    | -0.00114    |
|    std                     | 0.66        |
|    value_loss              | 6.03        |
--------------------------------------------
-------------------------------------------
| curriculum/                |            |
|    stage                   | 2          |
|    window_cost             | 0.133      |
|    window_route_completion | 0.882      |
|    window_success          | 0.333      |
| paper/                     |            |
|    accel_variation         | 0.562      |
|    base_reward             | 359        |
|    collision               | 0          |
|    crash_object            | 0          |
|    crash_vehicle           | 0          |
|    episode_cost            | 0          |
|    episode_length          | 750        |
|    jerk                    | 0.475      |
|    lane_deviation          | 0.196      |
|    max_lane_deviation      | 0.595      |
|    mean_speed_kmh          | 19.5       |
|    min_ttc                 | 5.03       |
|    out_of_road             | 0          |
|    route_completion        | 0.987      |
|    shaped_reward           | 218        |
|    steering_variation      | 0.398      |
|    success                 | 1          |
|    ttc_risk                | 0          |
| rollout/                   |            |
|    ep_len_mean             | 936        |
|    ep_rew_mean             | 178        |
|    success_rate            | 0.31       |
| time/                      |            |
|    fps                     | 1050       |
|    iterations              | 102        |
|    time_elapsed            | 993        |
|    total_timesteps         | 1044480    |
| train/                     |            |
|    approx_kl               | 0.05362459 |
|    clip_fraction           | 0.209      |
|    clip_range              | 0.2        |
|    entropy_loss            | -1.73      |
|    explained_variance      | 0.774      |
|    learning_rate           | 0.0003     |
|    loss                    | 3.62       |
|    n_updates               | 1010       |
|    policy_gradient_loss    | 0.0025     |
|    std                     | 0.664      |
|    value_loss              | 11.5       |
-------------------------------------------
-------------------------------------------
| curriculum/                |            |
|    stage                   | 2          |
|    window_cost             | 0.233      |
|    window_route_completion | 0.838      |
|    window_success          | 0.3        |
| paper/                     |            |
|    accel_variation         | 0.541      |
|    base_reward             | 393        |
|    collision               | 0          |
|    crash_object            | 0          |
|    crash_vehicle           | 0          |
|    episode_cost            | 0          |
|    episode_length          | 906        |
|    jerk                    | 0.509      |
|    lane_deviation          | 0.283      |
|    max_lane_deviation      | 0.753      |
|    mean_speed_kmh          | 19.7       |
|    min_ttc                 | 273        |
|    out_of_road             | 0          |
|    route_completion        | 0.991      |
|    shaped_reward           | 202        |
|    steering_variation      | 0.39       |
|    success                 | 1          |
|    ttc_risk                | 0          |
| rollout/                   |            |
|    ep_len_mean             | 921        |
|    ep_rew_mean             | 169        |
|    success_rate            | 0.32       |
| time/                      |            |
|    fps                     | 1047       |
|    iterations              | 103        |
|    time_elapsed            | 1007       |
|    total_timesteps         | 1054720    |
| train/                     |            |
|    approx_kl               | 0.04913745 |
|    clip_fraction           | 0.173      |
|    clip_range              | 0.2        |
|    entropy_loss            | -1.74      |
|    explained_variance      | 0.686      |
|    learning_rate           | 0.0003     |
|    loss                    | 1.69       |
|    n_updates               | 1020       |
|    policy_gradient_loss    | -0.000656  |
|    std                     | 0.668      |
|    value_loss              | 8.24       |
-------------------------------------------
--------------------------------------------
| curriculum/                |             |
|    stage                   | 2           |
|    window_cost             | 0.3         |
|    window_route_completion | 0.809       |
|    window_success          | 0.2         |
| paper/                     |             |
|    accel_variation         | 0.487       |
|    base_reward             | 397         |
|    collision               | 0           |
|    crash_object            | 0           |
|    crash_vehicle           | 0           |
|    episode_cost            | 0           |
|    episode_length          | 1000        |
|    jerk                    | 0.482       |
|    lane_deviation          | 0.265       |
|    max_lane_deviation      | 0.976       |
|    mean_speed_kmh          | 18.6        |
|    min_ttc                 | 0.544       |
|    out_of_road             | 0           |
|    route_completion        | 0.933       |
|    shaped_reward           | 137         |
|    steering_variation      | 0.398       |
|    success                 | 0           |
|    ttc_risk                | 0.0102      |
| rollout/                   |             |
|    ep_len_mean             | 914         |
|    ep_rew_mean             | 157         |
|    success_rate            | 0.28        |
| time/                      |             |
|    fps                     | 1044        |
|    iterations              | 104         |
|    time_elapsed            | 1019        |
|    total_timesteps         | 1064960     |
| train/                     |             |
|    approx_kl               | 0.009975376 |
|    clip_fraction           | 0.17        |
|    clip_range              | 0.2         |
|    entropy_loss            | -1.75       |
|    explained_variance      | 0.607       |
|    learning_rate           | 0.0003      |
|    loss                    | 9.79        |
|    n_updates               | 1030        |
|    policy_gradient_loss    | -0.00435    |
|    std                     | 0.673       |
|    value_loss              | 32.5        |
--------------------------------------------
---------------------------------------------
| curriculum/                |              |
|    stage                   | 2            |
|    window_cost             | 0.233        |
|    window_route_completion | 0.871        |
|    window_success          | 0.367        |
| paper/                     |              |
|    accel_variation         | 0.505        |
|    base_reward             | 198          |
|    collision               | 0            |
|    crash_object            | 0            |
|    crash_vehicle           | 0            |
|    episode_cost            | 1            |
|    episode_length          | 553          |
|    jerk                    | 0.452        |
|    lane_deviation          | 0.337        |
|    max_lane_deviation      | 2            |
|    mean_speed_kmh          | 18.6         |
|    min_ttc                 | 3.57         |
|    out_of_road             | 1            |
|    route_completion        | 0.524        |
|    shaped_reward           | -61          |
|    steering_variation      | 0.356        |
|    success                 | 0            |
|    ttc_risk                | 0.00163      |
| rollout/                   |              |
|    ep_len_mean             | 904          |
|    ep_rew_mean             | 149          |
|    success_rate            | 0.31         |
| time/                      |              |
|    fps                     | 1041         |
|    iterations              | 105          |
|    time_elapsed            | 1032         |
|    total_timesteps         | 1075200      |
| train/                     |              |
|    approx_kl               | 0.0103066955 |
|    clip_fraction           | 0.141        |
|    clip_range              | 0.2          |
|    entropy_loss            | -1.77        |
|    explained_variance      | 0.684        |
|    learning_rate           | 0.0003       |
|    loss                    | 3.75         |
|    n_updates               | 1040         |
|    policy_gradient_loss    | -0.00254     |
|    std                     | 0.681        |
|    value_loss              | 26.2         |
---------------------------------------------
--------------------------------------------
| curriculum/                |             |
|    stage                   | 2           |
|    window_cost             | 0.2         |
|    window_route_completion | 0.869       |
|    window_success          | 0.4         |
| paper/                     |             |
|    accel_variation         | 0.515       |
|    base_reward             | 405         |
|    collision               | 0           |
|    crash_object            | 0           |
|    crash_vehicle           | 0           |
|    episode_cost            | 0           |
|    episode_length          | 846         |
|    jerk                    | 0.487       |
|    lane_deviation          | 0.165       |
|    max_lane_deviation      | 0.748       |
|    mean_speed_kmh          | 18.8        |
|    min_ttc                 | 2.85        |
|    out_of_road             | 0           |
|    route_completion        | 0.989       |
|    shaped_reward           | 233         |
|    steering_variation      | 0.39        |
|    success                 | 1           |
|    ttc_risk                | 0.00447     |
| rollout/                   |             |
|    ep_len_mean             | 896         |
|    ep_rew_mean             | 144         |
|    success_rate            | 0.32        |
| time/                      |             |
|    fps                     | 1038        |
|    iterations              | 106         |
|    time_elapsed            | 1045        |
|    total_timesteps         | 1085440     |
| train/                     |             |
|    approx_kl               | 0.010390645 |
|    clip_fraction           | 0.136       |
|    clip_range              | 0.2         |
|    entropy_loss            | -1.78       |
|    explained_variance      | 0.801       |
|    learning_rate           | 0.0003      |
|    loss                    | 4.26        |
|    n_updates               | 1050        |
|    policy_gradient_loss    | 0.00064     |
|    std                     | 0.683       |
|    value_loss              | 16.8        |
--------------------------------------------
--------------------------------------------
| curriculum/                |             |
|    stage                   | 2           |
|    window_cost             | 0.2         |
|    window_route_completion | 0.844       |
|    window_success          | 0.467       |
| paper/                     |             |
|    accel_variation         | 0.521       |
|    base_reward             | 345         |
|    collision               | 0           |
|    crash_object            | 0           |
|    crash_vehicle           | 0           |
|    episode_cost            | 0           |
|    episode_length          | 876         |
|    jerk                    | 0.518       |
|    lane_deviation          | 0.338       |
|    max_lane_deviation      | 1.02        |
|    mean_speed_kmh          | 19.1        |
|    min_ttc                 | 3.08        |
|    out_of_road             | 0           |
|    route_completion        | 0.99        |
|    shaped_reward           | 153         |
|    steering_variation      | 0.38        |
|    success                 | 1           |
|    ttc_risk                | 0.00346     |
| rollout/                   |             |
|    ep_len_mean             | 887         |
|    ep_rew_mean             | 140         |
|    success_rate            | 0.37        |
| time/                      |             |
|    fps                     | 1036        |
|    iterations              | 107         |
|    time_elapsed            | 1057        |
|    total_timesteps         | 1095680     |
| train/                     |             |
|    approx_kl               | 0.017194653 |
|    clip_fraction           | 0.144       |
|    clip_range              | 0.2         |
|    entropy_loss            | -1.78       |
|    explained_variance      | 0.549       |
|    learning_rate           | 0.0003      |
|    loss                    | 2.8         |
|    n_updates               | 1060        |
|    policy_gradient_loss    | -0.00227    |
|    std                     | 0.683       |
|    value_loss              | 14.9        |
--------------------------------------------
-------------------------------------------
| curriculum/                |            |
|    stage                   | 3          |
|    window_cost             | 0.133      |
|    window_route_completion | 0.834      |
|    window_success          | 0.5        |
| paper/                     |            |
|    accel_variation         | 0.504      |
|    base_reward             | 330        |
|    collision               | 0          |
|    crash_object            | 0          |
|    crash_vehicle           | 0          |
|    episode_cost            | 0          |
|    episode_length          | 678        |
|    jerk                    | 0.458      |
|    lane_deviation          | 0.175      |
|    max_lane_deviation      | 0.706      |
|    mean_speed_kmh          | 19.2       |
|    min_ttc                 | 3.18       |
|    out_of_road             | 0          |
|    route_completion        | 0.987      |
|    shaped_reward           | 204        |
|    steering_variation      | 0.391      |
|    success                 | 1          |
|    ttc_risk                | 0.00192    |
| rollout/                   |            |
|    ep_len_mean             | 876        |
|    ep_rew_mean             | 140        |
|    success_rate            | 0.39       |
| time/                      |            |
|    fps                     | 1031       |
|    iterations              | 108        |
|    time_elapsed            | 1071       |
|    total_timesteps         | 1105920    |
| train/                     |            |
|    approx_kl               | 0.05359534 |
|    clip_fraction           | 0.217      |
|    clip_range              | 0.2        |
|    entropy_loss            | -1.77      |
|    explained_variance      | 0.601      |
|    learning_rate           | 0.0003     |
|    loss                    | 3.9        |
|    n_updates               | 1070       |
|    policy_gradient_loss    | 5.21e-05   |
|    std                     | 0.681      |
|    value_loss              | 16         |
-------------------------------------------
-----------------------------------------
| paper/                  |             |
|    accel_variation      | 0.539       |
|    base_reward          | 297         |
|    collision            | 1           |
|    crash_object         | 0           |
|    crash_vehicle        | 1           |
|    episode_cost         | 1           |
|    episode_length       | 750         |
|    jerk                 | 0.486       |
|    lane_deviation       | 0.239       |
|    max_lane_deviation   | 0.866       |
|    mean_speed_kmh       | 18.3        |
|    min_ttc              | 1.16        |
|    out_of_road          | 0           |
|    route_completion     | 0.593       |
|    shaped_reward        | 9.11        |
|    steering_variation   | 0.384       |
|    success              | 0           |
|    ttc_risk             | 0.00985     |
| rollout/                |             |
|    ep_len_mean          | 841         |
|    ep_rew_mean          | 117         |
|    success_rate         | 0.36        |
| time/                   |             |
|    fps                  | 1019        |
|    iterations           | 109         |
|    time_elapsed         | 1095        |
|    total_timesteps      | 1116160     |
| train/                  |             |
|    approx_kl            | 0.018038591 |
|    clip_fraction        | 0.148       |
|    clip_range           | 0.2         |
|    entropy_loss         | -1.76       |
|    explained_variance   | 0.684       |
|    learning_rate        | 0.0003      |
|    loss                 | 23.5        |
|    n_updates            | 1080        |
|    policy_gradient_loss | -0.00224    |
|    std                  | 0.68        |
|    value_loss           | 25.5        |
-----------------------------------------
--------------------------------------------
| curriculum/                |             |
|    stage                   | 3           |
|    window_cost             | 0.533       |
|    window_route_completion | 0.579       |
|    window_success          | 0.167       |
| paper/                     |             |
|    accel_variation         | 0.402       |
|    base_reward             | 76          |
|    collision               | 1           |
|    crash_object            | 0           |
|    crash_vehicle           | 1           |
|    episode_cost            | 1           |
|    episode_length          | 323         |
|    jerk                    | 0.3         |
|    lane_deviation          | 0.25        |
|    max_lane_deviation      | 0.677       |
|    mean_speed_kmh          | 12.9        |
|    min_ttc                 | 0.406       |
|    out_of_road             | 0           |
|    route_completion        | 0.198       |
|    shaped_reward           | -134        |
|    steering_variation      | 0.343       |
|    success                 | 0           |
|    ttc_risk                | 0.0746      |
| rollout/                   |             |
|    ep_len_mean             | 823         |
|    ep_rew_mean             | 98.9        |
|    success_rate            | 0.33        |
| time/                      |             |
|    fps                     | 1004        |
|    iterations              | 110         |
|    time_elapsed            | 1120        |
|    total_timesteps         | 1126400     |
| train/                     |             |
|    approx_kl               | 0.016233796 |
|    clip_fraction           | 0.119       |
|    clip_range              | 0.2         |
|    entropy_loss            | -1.77       |
|    explained_variance      | 0.685       |
|    learning_rate           | 0.0003      |
|    loss                    | 26.5        |
|    n_updates               | 1090        |
|    policy_gradient_loss    | -0.00326    |
|    std                     | 0.686       |
|    value_loss              | 41.6        |
--------------------------------------------
--------------------------------------------
| curriculum/                |             |
|    stage                   | 3           |
|    window_cost             | 0.633       |
|    window_route_completion | 0.496       |
|    window_success          | 0           |
| paper/                     |             |
|    accel_variation         | 0.527       |
|    base_reward             | 190         |
|    collision               | 1           |
|    crash_object            | 0           |
|    crash_vehicle           | 1           |
|    episode_cost            | 1           |
|    episode_length          | 877         |
|    jerk                    | 0.468       |
|    lane_deviation          | 0.35        |
|    max_lane_deviation      | 0.991       |
|    mean_speed_kmh          | 12.9        |
|    min_ttc                 | 1.89        |
|    out_of_road             | 0           |
|    route_completion        | 0.485       |
|    shaped_reward           | -105        |
|    steering_variation      | 0.384       |
|    success                 | 0           |
|    ttc_risk                | 0.0114      |
| rollout/                   |             |
|    ep_len_mean             | 815         |
|    ep_rew_mean             | 81.8        |
|    success_rate            | 0.3         |
| time/                      |             |
|    fps                     | 990         |
|    iterations              | 111         |
|    time_elapsed            | 1147        |
|    total_timesteps         | 1136640     |
| train/                     |             |
|    approx_kl               | 0.033118635 |
|    clip_fraction           | 0.157       |
|    clip_range              | 0.2         |
|    entropy_loss            | -1.79       |
|    explained_variance      | 0.684       |
|    learning_rate           | 0.0003      |
|    loss                    | 8.08        |
|    n_updates               | 1100        |
|    policy_gradient_loss    | -0.00111    |
|    std                     | 0.691       |
|    value_loss              | 32.5        |
--------------------------------------------
--------------------------------------------
| curriculum/                |             |
|    stage                   | 3           |
|    window_cost             | 0.667       |
|    window_route_completion | 0.458       |
|    window_success          | 0           |
| paper/                     |             |
|    accel_variation         | 0.579       |
|    base_reward             | 247         |
|    collision               | 1           |
|    crash_object            | 0           |
|    crash_vehicle           | 1           |
|    episode_cost            | 1           |
|    episode_length          | 640         |
|    jerk                    | 0.495       |
|    lane_deviation          | 0.185       |
|    max_lane_deviation      | 1.02        |
|    mean_speed_kmh          | 17.7        |
|    min_ttc                 | 4.24        |
|    out_of_road             | 0           |
|    route_completion        | 0.431       |
|    shaped_reward           | 5.55        |
|    steering_variation      | 0.365       |
|    success                 | 0           |
|    ttc_risk                | 0.000562    |
| rollout/                   |             |
|    ep_len_mean             | 799         |
|    ep_rew_mean             | 67.4        |
|    success_rate            | 0.25        |
| time/                      |             |
|    fps                     | 977         |
|    iterations              | 112         |
|    time_elapsed            | 1172        |
|    total_timesteps         | 1146880     |
| train/                     |             |
|    approx_kl               | 0.009912535 |
|    clip_fraction           | 0.141       |
|    clip_range              | 0.2         |
|    entropy_loss            | -1.79       |
|    explained_variance      | 0.73        |
|    learning_rate           | 0.0003      |
|    loss                    | 5.15        |
|    n_updates               | 1110        |
|    policy_gradient_loss    | -0.00362    |
|    std                     | 0.695       |
|    value_loss              | 35.6        |
--------------------------------------------
--------------------------------------------
| curriculum/                |             |
|    stage                   | 3           |
|    window_cost             | 0.767       |
|    window_route_completion | 0.429       |
|    window_success          | 0           |
| paper/                     |             |
|    accel_variation         | 0.498       |
|    base_reward             | 269         |
|    collision               | 1           |
|    crash_object            | 0           |
|    crash_vehicle           | 1           |
|    episode_cost            | 1           |
|    episode_length          | 916         |
|    jerk                    | 0.487       |
|    lane_deviation          | 0.278       |
|    max_lane_deviation      | 0.744       |
|    mean_speed_kmh          | 13.5        |
|    min_ttc                 | 2.46        |
|    out_of_road             | 0           |
|    route_completion        | 0.46        |
|    shaped_reward           | -58.7       |
|    steering_variation      | 0.376       |
|    success                 | 0           |
|    ttc_risk                | 0.0133      |
| rollout/                   |             |
|    ep_len_mean             | 772         |
|    ep_rew_mean             | 45.8        |
|    success_rate            | 0.19        |
| time/                      |             |
|    fps                     | 967         |
|    iterations              | 113         |
|    time_elapsed            | 1196        |
|    total_timesteps         | 1157120     |
| train/                     |             |
|    approx_kl               | 0.012577949 |
|    clip_fraction           | 0.147       |
|    clip_range              | 0.2         |
|    entropy_loss            | -1.8        |
|    explained_variance      | 0.802       |
|    learning_rate           | 0.0003      |
|    loss                    | 12.1        |
|    n_updates               | 1120        |
|    policy_gradient_loss    | -0.00166    |
|    std                     | 0.7         |
|    value_loss              | 35.7        |
--------------------------------------------
--------------------------------------------
| curriculum/                |             |
|    stage                   | 3           |
|    window_cost             | 0.767       |
|    window_route_completion | 0.418       |
|    window_success          | 0           |
| paper/                     |             |
|    accel_variation         | 0.495       |
|    base_reward             | 92.4        |
|    collision               | 1           |
|    crash_object            | 1           |
|    crash_vehicle           | 0           |
|    episode_cost            | 1           |
|    episode_length          | 251         |
|    jerk                    | 0.521       |
|    lane_deviation          | 0.22        |
|    max_lane_deviation      | 0.937       |
|    mean_speed_kmh          | 19          |
|    min_ttc                 | 3.43        |
|    out_of_road             | 0           |
|    route_completion        | 0.197       |
|    shaped_reward           | -63         |
|    steering_variation      | 0.371       |
|    success                 | 0           |
|    ttc_risk                | 0.00125     |
| rollout/                   |             |
|    ep_len_mean             | 752         |
|    ep_rew_mean             | 22.1        |
|    success_rate            | 0.12        |
| time/                      |             |
|    fps                     | 955         |
|    iterations              | 114         |
|    time_elapsed            | 1221        |
|    total_timesteps         | 1167360     |
| train/                     |             |
|    approx_kl               | 0.008518021 |
|    clip_fraction           | 0.113       |
|    clip_range              | 0.2         |
|    entropy_loss            | -1.81       |
|    explained_variance      | 0.792       |
|    learning_rate           | 0.0003      |
|    loss                    | 15.1        |
|    n_updates               | 1130        |
|    policy_gradient_loss    | -0.00339    |
|    std                     | 0.703       |
|    value_loss              | 49.5        |
--------------------------------------------
--------------------------------------------
| curriculum/                |             |
|    stage                   | 3           |
|    window_cost             | 0.733       |
|    window_route_completion | 0.417       |
|    window_success          | 0           |
| paper/                     |             |
|    accel_variation         | 0.536       |
|    base_reward             | 232         |
|    collision               | 1           |
|    crash_object            | 0           |
|    crash_vehicle           | 1           |
|    episode_cost            | 1           |
|    episode_length          | 647         |
|    jerk                    | 0.519       |
|    lane_deviation          | 0.256       |
|    max_lane_deviation      | 0.948       |
|    mean_speed_kmh          | 17.7        |
|    min_ttc                 | 3.21        |
|    out_of_road             | 0           |
|    route_completion        | 0.311       |
|    shaped_reward           | -18.2       |
|    steering_variation      | 0.372       |
|    success                 | 0           |
|    ttc_risk                | 0.00137     |
| rollout/                   |             |
|    ep_len_mean             | 726         |
|    ep_rew_mean             | -0.0854     |
|    success_rate            | 0.03        |
| time/                      |             |
|    fps                     | 943         |
|    iterations              | 115         |
|    time_elapsed            | 1247        |
|    total_timesteps         | 1177600     |
| train/                     |             |
|    approx_kl               | 0.008123305 |
|    clip_fraction           | 0.12        |
|    clip_range              | 0.2         |
|    entropy_loss            | -1.82       |
|    explained_variance      | 0.746       |
|    learning_rate           | 0.0003      |
|    loss                    | 17.5        |
|    n_updates               | 1140        |
|    policy_gradient_loss    | -0.00299    |
|    std                     | 0.705       |
|    value_loss              | 52.5        |
--------------------------------------------
--------------------------------------------
| curriculum/                |             |
|    stage                   | 3           |
|    window_cost             | 0.733       |
|    window_route_completion | 0.409       |
|    window_success          | 0           |
| paper/                     |             |
|    accel_variation         | 0.55        |
|    base_reward             | 258         |
|    collision               | 1           |
|    crash_object            | 0           |
|    crash_vehicle           | 1           |
|    episode_cost            | 1           |
|    episode_length          | 787         |
|    jerk                    | 0.505       |
|    lane_deviation          | 0.244       |
|    max_lane_deviation      | 0.88        |
|    mean_speed_kmh          | 15.2        |
|    min_ttc                 | 4.21        |
|    out_of_road             | 0           |
|    route_completion        | 0.356       |
|    shaped_reward           | -10.3       |
|    steering_variation      | 0.389       |
|    success                 | 0           |
|    ttc_risk                | 0.000611    |
| rollout/                   |             |
|    ep_len_mean             | 734         |
|    ep_rew_mean             | -13.1       |
|    success_rate            | 0           |
| time/                      |             |
|    fps                     | 932         |
|    iterations              | 116         |
|    time_elapsed            | 1273        |
|    total_timesteps         | 1187840     |
| train/                     |             |
|    approx_kl               | 0.007415147 |
|    clip_fraction           | 0.148       |
|    clip_range              | 0.2         |
|    entropy_loss            | -1.83       |
|    explained_variance      | 0.755       |
|    learning_rate           | 0.0003      |
|    loss                    | 24          |
|    n_updates               | 1150        |
|    policy_gradient_loss    | -0.00126    |
|    std                     | 0.713       |
|    value_loss              | 43.1        |
--------------------------------------------
--------------------------------------------
| curriculum/                |             |
|    stage                   | 3           |
|    window_cost             | 0.733       |
|    window_route_completion | 0.41        |
|    window_success          | 0           |
| paper/                     |             |
|    accel_variation         | 0.47        |
|    base_reward             | 207         |
|    collision               | 1           |
|    crash_object            | 0           |
|    crash_vehicle           | 1           |
|    episode_cost            | 1           |
|    episode_length          | 600         |
|    jerk                    | 0.396       |
|    lane_deviation          | 0.195       |
|    max_lane_deviation      | 0.678       |
|    mean_speed_kmh          | 15.5        |
|    min_ttc                 | 0.058       |
|    out_of_road             | 0           |
|    route_completion        | 0.492       |
|    shaped_reward           | -109        |
|    steering_variation      | 0.412       |
|    success                 | 0           |
|    ttc_risk                | 0.073       |
| rollout/                   |             |
|    ep_len_mean             | 720         |
|    ep_rew_mean             | -21.2       |
|    success_rate            | 0           |
| time/                      |             |
|    fps                     | 922         |
|    iterations              | 117         |
|    time_elapsed            | 1298        |
|    total_timesteps         | 1198080     |
| train/                     |             |
|    approx_kl               | 0.016489621 |
|    clip_fraction           | 0.148       |
|    clip_range              | 0.2         |
|    entropy_loss            | -1.84       |
|    explained_variance      | 0.829       |
|    learning_rate           | 0.0003      |
|    loss                    | 29          |
|    n_updates               | 1160        |
|    policy_gradient_loss    | -0.00267    |
|    std                     | 0.715       |
|    value_loss              | 42.5        |
--------------------------------------------
--------------------------------------------
| curriculum/                |             |
|    stage                   | 3           |
|    window_cost             | 0.667       |
|    window_route_completion | 0.431       |
|    window_success          | 0           |
| paper/                     |             |
|    accel_variation         | 0.466       |
|    base_reward             | 326         |
|    collision               | 0           |
|    crash_object            | 0           |
|    crash_vehicle           | 0           |
|    episode_cost            | 0           |
|    episode_length          | 1000        |
|    jerk                    | 0.429       |
|    lane_deviation          | 0.317       |
|    max_lane_deviation      | 1.12        |
|    mean_speed_kmh          | 16.7        |
|    min_ttc                 | 0.34        |
|    out_of_road             | 0           |
|    route_completion        | 0.628       |
|    shaped_reward           | 19.5        |
|    steering_variation      | 0.389       |
|    success                 | 0           |
|    ttc_risk                | 0.0279      |
| rollout/                   |             |
|    ep_len_mean             | 725         |
|    ep_rew_mean             | -16.1       |
|    success_rate            | 0           |
| time/                      |             |
|    fps                     | 912         |
|    iterations              | 118         |
|    time_elapsed            | 1323        |
|    total_timesteps         | 1208320     |
| train/                     |             |
|    approx_kl               | 0.010516716 |
|    clip_fraction           | 0.164       |
|    clip_range              | 0.2         |
|    entropy_loss            | -1.83       |
|    explained_variance      | 0.829       |
|    learning_rate           | 0.0003      |
|    loss                    | 15.1        |
|    n_updates               | 1170        |
|    policy_gradient_loss    | -0.000522   |
|    std                     | 0.71        |
|    value_loss              | 46.7        |
--------------------------------------------
--------------------------------------------
| curriculum/                |             |
|    stage                   | 3           |
|    window_cost             | 0.6         |
|    window_route_completion | 0.438       |
|    window_success          | 0           |
| paper/                     |             |
|    accel_variation         | 0.494       |
|    base_reward             | 160         |
|    collision               | 1           |
|    crash_object            | 0           |
|    crash_vehicle           | 1           |
|    episode_cost            | 1           |
|    episode_length          | 495         |
|    jerk                    | 0.457       |
|    lane_deviation          | 0.276       |
|    max_lane_deviation      | 0.754       |
|    mean_speed_kmh          | 15.9        |
|    min_ttc                 | 3.88        |
|    out_of_road             | 0           |
|    route_completion        | 0.411       |
|    shaped_reward           | -45.7       |
|    steering_variation      | 0.424       |
|    success                 | 0           |
|    ttc_risk                | 0.000567    |
| rollout/                   |             |
|    ep_len_mean             | 712         |
|    ep_rew_mean             | -18.9       |
|    success_rate            | 0           |
| time/                      |             |
|    fps                     | 900         |
|    iterations              | 119         |
|    time_elapsed            | 1352        |
|    total_timesteps         | 1218560     |
| train/                     |             |
|    approx_kl               | 0.007949159 |
|    clip_fraction           | 0.146       |
|    clip_range              | 0.2         |
|    entropy_loss            | -1.82       |
|    explained_variance      | 0.789       |
|    learning_rate           | 0.0003      |
|    loss                    | 11.2        |
|    n_updates               | 1180        |
|    policy_gradient_loss    | -0.00353    |
|    std                     | 0.707       |
|    value_loss              | 35.4        |
--------------------------------------------
--------------------------------------------
| curriculum/                |             |
|    stage                   | 3           |
|    window_cost             | 0.667       |
|    window_route_completion | 0.406       |
|    window_success          | 0           |
| paper/                     |             |
|    accel_variation         | 0.527       |
|    base_reward             | 203         |
|    collision               | 1           |
|    crash_object            | 0           |
|    crash_vehicle           | 1           |
|    episode_cost            | 1           |
|    episode_length          | 638         |
|    jerk                    | 0.486       |
|    lane_deviation          | 0.271       |
|    max_lane_deviation      | 1.12        |
|    mean_speed_kmh          | 15.2        |
|    min_ttc                 | 0.875       |
|    out_of_road             | 0           |
|    route_completion        | 0.31        |
|    shaped_reward           | -46.9       |
|    steering_variation      | 0.393       |
|    success                 | 0           |
|    ttc_risk                | 0.00628     |
| rollout/                   |             |
|    ep_len_mean             | 719         |
|    ep_rew_mean             | -20.9       |
|    success_rate            | 0           |
| time/                      |             |
|    fps                     | 890         |
|    iterations              | 120         |
|    time_elapsed            | 1379        |
|    total_timesteps         | 1228800     |
| train/                     |             |
|    approx_kl               | 0.014378834 |
|    clip_fraction           | 0.14        |
|    clip_range              | 0.2         |
|    entropy_loss            | -1.81       |
|    explained_variance      | 0.822       |
|    learning_rate           | 0.0003      |
|    loss                    | 8.21        |
|    n_updates               | 1190        |
|    policy_gradient_loss    | -0.00127    |
|    std                     | 0.711       |
|    value_loss              | 38.6        |
--------------------------------------------
--------------------------------------------
| curriculum/                |             |
|    stage                   | 3           |
|    window_cost             | 0.767       |
|    window_route_completion | 0.389       |
|    window_success          | 0           |
| paper/                     |             |
|    accel_variation         | 0.488       |
|    base_reward             | 256         |
|    collision               | 1           |
|    crash_object            | 0           |
|    crash_vehicle           | 1           |
|    episode_cost            | 1           |
|    episode_length          | 671         |
|    jerk                    | 0.455       |
|    lane_deviation          | 0.248       |
|    max_lane_deviation      | 0.93        |
|    mean_speed_kmh          | 17.7        |
|    min_ttc                 | 1.27        |
|    out_of_road             | 0           |
|    route_completion        | 0.425       |
|    shaped_reward           | -21.5       |
|    steering_variation      | 0.383       |
|    success                 | 0           |
|    ttc_risk                | 0.0109      |
| rollout/                   |             |
|    ep_len_mean             | 709         |
|    ep_rew_mean             | -25.8       |
|    success_rate            | 0           |
| time/                      |             |
|    fps                     | 880         |
|    iterations              | 121         |
|    time_elapsed            | 1406        |
|    total_timesteps         | 1239040     |
| train/                     |             |
|    approx_kl               | 0.009518268 |
|    clip_fraction           | 0.154       |
|    clip_range              | 0.2         |
|    entropy_loss            | -1.82       |
|    explained_variance      | 0.879       |
|    learning_rate           | 0.0003      |
|    loss                    | 14.7        |
|    n_updates               | 1200        |
|    policy_gradient_loss    | -0.00192    |
|    std                     | 0.718       |
|    value_loss              | 36.3        |
--------------------------------------------
--------------------------------------------
| curriculum/                |             |
|    stage                   | 3           |
|    window_cost             | 0.767       |
|    window_route_completion | 0.416       |
|    window_success          | 0           |
| paper/                     |             |
|    accel_variation         | 0.517       |
|    base_reward             | 211         |
|    collision               | 1           |
|    crash_object            | 0           |
|    crash_vehicle           | 1           |
|    episode_cost            | 1           |
|    episode_length          | 615         |
|    jerk                    | 0.467       |
|    lane_deviation          | 0.219       |
|    max_lane_deviation      | 0.855       |
|    mean_speed_kmh          | 16.2        |
|    min_ttc                 | 2.49        |
|    out_of_road             | 0           |
|    route_completion        | 0.307       |
|    shaped_reward           | -22.6       |
|    steering_variation      | 0.372       |
|    success                 | 0           |
|    ttc_risk                | 0.00201     |
| rollout/                   |             |
|    ep_len_mean             | 735         |
|    ep_rew_mean             | -25.4       |
|    success_rate            | 0           |
| time/                      |             |
|    fps                     | 870         |
|    iterations              | 122         |
|    time_elapsed            | 1434        |
|    total_timesteps         | 1249280     |
| train/                     |             |
|    approx_kl               | 0.018729541 |
|    clip_fraction           | 0.17        |
|    clip_range              | 0.2         |
|    entropy_loss            | -1.83       |
|    explained_variance      | 0.802       |
|    learning_rate           | 0.0003      |
|    loss                    | 9.28        |
|    n_updates               | 1210        |
|    policy_gradient_loss    | -0.00158    |
|    std                     | 0.723       |
|    value_loss              | 37.8        |
--------------------------------------------
--------------------------------------------
| curriculum/                |             |
|    stage                   | 3           |
|    window_cost             | 0.733       |
|    window_route_completion | 0.385       |
|    window_success          | 0           |
| paper/                     |             |
|    accel_variation         | 0.543       |
|    base_reward             | 304         |
|    collision               | 0           |
|    crash_object            | 0           |
|    crash_vehicle           | 0           |
|    episode_cost            | 0           |
|    episode_length          | 1000        |
|    jerk                    | 0.496       |
|    lane_deviation          | 0.26        |
|    max_lane_deviation      | 0.968       |
|    mean_speed_kmh          | 14.2        |
|    min_ttc                 | 1.68        |
|    out_of_road             | 0           |
|    route_completion        | 0.49        |
|    shaped_reward           | 80.1        |
|    steering_variation      | 0.393       |
|    success                 | 0           |
|    ttc_risk                | 0.00504     |
| rollout/                   |             |
|    ep_len_mean             | 716         |
|    ep_rew_mean             | -22.6       |
|    success_rate            | 0           |
| time/                      |             |
|    fps                     | 861         |
|    iterations              | 123         |
|    time_elapsed            | 1462        |
|    total_timesteps         | 1259520     |
| train/                     |             |
|    approx_kl               | 0.008894689 |
|    clip_fraction           | 0.134       |
|    clip_range              | 0.2         |
|    entropy_loss            | -1.85       |
|    explained_variance      | 0.865       |
|    learning_rate           | 0.0003      |
|    loss                    | 20          |
|    n_updates               | 1220        |
|    policy_gradient_loss    | -0.00273    |
|    std                     | 0.723       |
|    value_loss              | 38.4        |
--------------------------------------------
--------------------------------------------
| curriculum/                |             |
|    stage                   | 3           |
|    window_cost             | 0.767       |
|    window_route_completion | 0.391       |
|    window_success          | 0           |
| paper/                     |             |
|    accel_variation         | 0.529       |
|    base_reward             | 145         |
|    collision               | 1           |
|    crash_object            | 0           |
|    crash_vehicle           | 1           |
|    episode_cost            | 1           |
|    episode_length          | 489         |
|    jerk                    | 0.518       |
|    lane_deviation          | 0.241       |
|    max_lane_deviation      | 0.723       |
|    mean_speed_kmh          | 14.4        |
|    min_ttc                 | 4.6         |
|    out_of_road             | 0           |
|    route_completion        | 0.253       |
|    shaped_reward           | -48.8       |
|    steering_variation      | 0.39        |
|    success                 | 0           |
|    ttc_risk                | 0.000678    |
| rollout/                   |             |
|    ep_len_mean             | 723         |
|    ep_rew_mean             | -15.8       |
|    success_rate            | 0           |
| time/                      |             |
|    fps                     | 854         |
|    iterations              | 124         |
|    time_elapsed            | 1486        |
|    total_timesteps         | 1269760     |
| train/                     |             |
|    approx_kl               | 0.009908027 |
|    clip_fraction           | 0.176       |
|    clip_range              | 0.2         |
|    entropy_loss            | -1.85       |
|    explained_variance      | 0.823       |
|    learning_rate           | 0.0003      |
|    loss                    | 34.3        |
|    n_updates               | 1230        |
|    policy_gradient_loss    | -0.00261    |
|    std                     | 0.723       |
|    value_loss              | 41.7        |
--------------------------------------------
--------------------------------------------
| curriculum/                |             |
|    stage                   | 3           |
|    window_cost             | 0.6         |
|    window_route_completion | 0.466       |
|    window_success          | 0           |
| paper/                     |             |
|    accel_variation         | 0.477       |
|    base_reward             | 368         |
|    collision               | 0           |
|    crash_object            | 0           |
|    crash_vehicle           | 0           |
|    episode_cost            | 0           |
|    episode_length          | 1000        |
|    jerk                    | 0.45        |
|    lane_deviation          | 0.243       |
|    max_lane_deviation      | 1.38        |
|    mean_speed_kmh          | 17.3        |
|    min_ttc                 | 0.0259      |
|    out_of_road             | 0           |
|    route_completion        | 0.913       |
|    shaped_reward           | 89.8        |
|    steering_variation      | 0.387       |
|    success                 | 0           |
|    ttc_risk                | 0.0226      |
| rollout/                   |             |
|    ep_len_mean             | 717         |
|    ep_rew_mean             | -17.1       |
|    success_rate            | 0           |
| time/                      |             |
|    fps                     | 845         |
|    iterations              | 125         |
|    time_elapsed            | 1513        |
|    total_timesteps         | 1280000     |
| train/                     |             |
|    approx_kl               | 0.011231477 |
|    clip_fraction           | 0.143       |
|    clip_range              | 0.2         |
|    entropy_loss            | -1.86       |
|    explained_variance      | 0.875       |
|    learning_rate           | 0.0003      |
|    loss                    | 8.19        |
|    n_updates               | 1240        |
|    policy_gradient_loss    | -0.000412   |
|    std                     | 0.732       |
|    value_loss              | 23.5        |
--------------------------------------------
