start_time=2026-06-30T23:29:28+08:00
variant=guard_only seed=1 root=outputs/retune_guard_only_ttc12_v19_nenv16_seed1_1m timesteps=1000000 horizon=1500 n_envs=16 episodes=50 device=cuda extra_args=--ent-coef 0.01 --reward-ttc 6 --reward-cost 50 --reward-overspeed 3 --reward-target-speed 19 --reward-progress 40 --reward-lane 1.0 --reward-smooth 0.02 --reward-accel 0.01 --reward-success-bonus 55 --reward-crash-penalty 120 --reward-out-of-road-penalty 150 --reward-ttc-threshold 12 --stage2-success 0.50 --stage2-cost 0.25 --demote-cost 0.35
/home/aaa/data/qj/stable-baselines3-master/stable_baselines3/common/on_policy_algorithm.py:150: UserWarning: You are trying to run PPO on the GPU, but it is primarily intended to run on the CPU when not using a CNN policy (you are using ActorCriticPolicy which should be a MlpPolicy). See https://github.com/DLR-RM/stable-baselines3/issues/1245 for more info. You can pass `device='cpu'` or `export CUDA_VISIBLE_DEVICES=` to force using the CPU.Note: The model will train, but the GPU utilization will be poor and the training might take longer than on CPU.
  warnings.warn(
Using cuda device
Logging to outputs/retune_guard_only_ttc12_v19_nenv16_seed1_1m/runs/guard_only_ppo_s1/tensorboard/guard_only_ppo_s1_1
------------------------------------
| paper/                |          |
|    accel_variation    | 0.824    |
|    base_reward        | 6.13     |
|    collision          | 0        |
|    crash_object       | 0        |
|    crash_vehicle      | 0        |
|    episode_cost       | 0        |
|    episode_length     | 600      |
|    jerk               | 0.652    |
|    lane_deviation     | 0.0565   |
|    max_lane_deviation | 0.148    |
|    mean_speed_kmh     | 0.717    |
|    min_ttc            | nan      |
|    out_of_road        | 0        |
|    route_completion   | 0.11     |
|    shaped_reward      | 6.13     |
|    steering_variation | 0.831    |
|    success            | 0        |
|    ttc_risk           | 0        |
| rollout/              |          |
|    ep_len_mean        | 600      |
|    ep_rew_mean        | 5.64     |
|    success_rate       | 0        |
| time/                 |          |
|    fps                | 2671     |
|    iterations         | 1        |
|    time_elapsed       | 6        |
|    total_timesteps    | 16384    |
------------------------------------
-------------------------------------------
| curriculum/                |            |
|    stage                   | 0          |
|    window_cost             | 0          |
|    window_route_completion | 0.125      |
|    window_success          | 0          |
| paper/                     |            |
|    accel_variation         | 0.798      |
|    base_reward             | 9.09       |
|    collision               | 0          |
|    crash_object            | 0          |
|    crash_vehicle           | 0          |
|    episode_cost            | 0          |
|    episode_length          | 600        |
|    jerk                    | 0.637      |
|    lane_deviation          | 0.135      |
|    max_lane_deviation      | 0.27       |
|    mean_speed_kmh          | 0.891      |
|    min_ttc                 | nan        |
|    out_of_road             | 0          |
|    route_completion        | 0.148      |
|    shaped_reward           | 9.09       |
|    steering_variation      | 0.831      |
|    success                 | 0          |
|    ttc_risk                | 0          |
| rollout/                   |            |
|    ep_len_mean             | 600        |
|    ep_rew_mean             | 6.78       |
|    success_rate            | 0          |
| time/                      |            |
|    fps                     | 2313       |
|    iterations              | 2          |
|    time_elapsed            | 14         |
|    total_timesteps         | 32768      |
| train/                     |            |
|    approx_kl               | 0.01701328 |
|    clip_fraction           | 0.254      |
|    clip_range              | 0.2        |
|    entropy_loss            | -2.82      |
|    explained_variance      | 0.025      |
|    learning_rate           | 0.0003     |
|    loss                    | -0.0548    |
|    n_updates               | 10         |
|    policy_gradient_loss    | -0.028     |
|    std                     | 0.989      |
|    value_loss              | 0.0138     |
-------------------------------------------
-------------------------------------------
| curriculum/                |            |
|    stage                   | 0          |
|    window_cost             | 0.0333     |
|    window_route_completion | 0.185      |
|    window_success          | 0          |
| paper/                     |            |
|    accel_variation         | 0.765      |
|    base_reward             | 8.83       |
|    collision               | 0          |
|    crash_object            | 0          |
|    crash_vehicle           | 0          |
|    episode_cost            | 0          |
|    episode_length          | 600        |
|    jerk                    | 0.6        |
|    lane_deviation          | 0.348      |
|    max_lane_deviation      | 0.825      |
|    mean_speed_kmh          | 1.24       |
|    min_ttc                 | nan        |
|    out_of_road             | 0          |
|    route_completion        | 0.227      |
|    shaped_reward           | 8.83       |
|    steering_variation      | 0.814      |
|    success                 | 0          |
|    ttc_risk                | 0          |
| rollout/                   |            |
|    ep_len_mean             | 597        |
|    ep_rew_mean             | 7.87       |
|    success_rate            | 0          |
| time/                      |            |
|    fps                     | 2222       |
|    iterations              | 3          |
|    time_elapsed            | 22         |
|    total_timesteps         | 49152      |
| train/                     |            |
|    approx_kl               | 0.01886355 |
|    clip_fraction           | 0.253      |
|    clip_range              | 0.2        |
|    entropy_loss            | -2.77      |
|    explained_variance      | 0.111      |
|    learning_rate           | 0.0003     |
|    loss                    | -0.0503    |
|    n_updates               | 20         |
|    policy_gradient_loss    | -0.0282    |
|    std                     | 0.964      |
|    value_loss              | 0.0213     |
-------------------------------------------
---------------------------------------------
| curriculum/                |              |
|    stage                   | 0            |
|    window_cost             | 0.367        |
|    window_route_completion | 0.208        |
|    window_success          | 0            |
| paper/                     |              |
|    accel_variation         | 0.683        |
|    base_reward             | 18.8         |
|    collision               | 0            |
|    crash_object            | 0            |
|    crash_vehicle           | 0            |
|    episode_cost            | 0            |
|    episode_length          | 600          |
|    jerk                    | 0.551        |
|    lane_deviation          | 0.218        |
|    max_lane_deviation      | 0.753        |
|    mean_speed_kmh          | 1.59         |
|    min_ttc                 | nan          |
|    out_of_road             | 0            |
|    route_completion        | 0.29         |
|    shaped_reward           | 18.8         |
|    steering_variation      | 0.835        |
|    success                 | 0            |
|    ttc_risk                | 0            |
| rollout/                   |              |
|    ep_len_mean             | 566          |
|    ep_rew_mean             | 7.4          |
|    success_rate            | 0            |
| time/                      |              |
|    fps                     | 2163         |
|    iterations              | 4            |
|    time_elapsed            | 30           |
|    total_timesteps         | 65536        |
| train/                     |              |
|    approx_kl               | 0.0142032895 |
|    clip_fraction           | 0.166        |
|    clip_range              | 0.2          |
|    entropy_loss            | -2.74        |
|    explained_variance      | 0.077        |
|    learning_rate           | 0.0003       |
|    loss                    | -0.00396     |
|    n_updates               | 30           |
|    policy_gradient_loss    | -0.0103      |
|    std                     | 0.947        |
|    value_loss              | 0.205        |
---------------------------------------------
-------------------------------------------
| curriculum/                |            |
|    stage                   | 0          |
|    window_cost             | 0.0667     |
|    window_route_completion | 0.269      |
|    window_success          | 0          |
| paper/                     |            |
|    accel_variation         | 0.649      |
|    base_reward             | -2.01      |
|    collision               | 0          |
|    crash_object            | 0          |
|    crash_vehicle           | 0          |
|    episode_cost            | 1          |
|    episode_length          | 316        |
|    jerk                    | 0.525      |
|    lane_deviation          | 0.531      |
|    max_lane_deviation      | 1.03       |
|    mean_speed_kmh          | 2.32       |
|    min_ttc                 | nan        |
|    out_of_road             | 1          |
|    route_completion        | 0.182      |
|    shaped_reward           | -2.01      |
|    steering_variation      | 0.792      |
|    success                 | 0          |
|    ttc_risk                | 0          |
| rollout/                   |            |
|    ep_len_mean             | 560        |
|    ep_rew_mean             | 9.56       |
|    success_rate            | 0          |
| time/                      |            |
|    fps                     | 2136       |
|    iterations              | 5          |
|    time_elapsed            | 38         |
|    total_timesteps         | 81920      |
| train/                     |            |
|    approx_kl               | 0.01268116 |
|    clip_fraction           | 0.138      |
|    clip_range              | 0.2        |
|    entropy_loss            | -2.72      |
|    explained_variance      | 0.313      |
|    learning_rate           | 0.0003     |
|    loss                    | 0.126      |
|    n_updates               | 40         |
|    policy_gradient_loss    | -0.00563   |
|    std                     | 0.939      |
|    value_loss              | 0.424      |
-------------------------------------------
--------------------------------------------
| curriculum/                |             |
|    stage                   | 0           |
|    window_cost             | 0.167       |
|    window_route_completion | 0.359       |
|    window_success          | 0           |
| paper/                     |             |
|    accel_variation         | 0.581       |
|    base_reward             | 21          |
|    collision               | 0           |
|    crash_object            | 0           |
|    crash_vehicle           | 0           |
|    episode_cost            | 0           |
|    episode_length          | 600         |
|    jerk                    | 0.49        |
|    lane_deviation          | 0.511       |
|    max_lane_deviation      | 1.06        |
|    mean_speed_kmh          | 2.62        |
|    min_ttc                 | nan         |
|    out_of_road             | 0           |
|    route_completion        | 0.369       |
|    shaped_reward           | 21          |
|    steering_variation      | 0.829       |
|    success                 | 0           |
|    ttc_risk                | 0           |
| rollout/                   |             |
|    ep_len_mean             | 555         |
|    ep_rew_mean             | 12.6        |
|    success_rate            | 0           |
| time/                      |             |
|    fps                     | 2116        |
|    iterations              | 6           |
|    time_elapsed            | 46          |
|    total_timesteps         | 98304       |
| train/                     |             |
|    approx_kl               | 0.013395656 |
|    clip_fraction           | 0.153       |
|    clip_range              | 0.2         |
|    entropy_loss            | -2.67       |
|    explained_variance      | 0.793       |
|    learning_rate           | 0.0003      |
|    loss                    | -0.00473    |
|    n_updates               | 50          |
|    policy_gradient_loss    | -0.0113     |
|    std                     | 0.914       |
|    value_loss              | 0.101       |
--------------------------------------------
--------------------------------------------
| curriculum/                |             |
|    stage                   | 0           |
|    window_cost             | 0.4         |
|    window_route_completion | 0.429       |
|    window_success          | 0           |
| paper/                     |             |
|    accel_variation         | 0.517       |
|    base_reward             | 28.8        |
|    collision               | 0           |
|    crash_object            | 0           |
|    crash_vehicle           | 0           |
|    episode_cost            | 0           |
|    episode_length          | 600         |
|    jerk                    | 0.437       |
|    lane_deviation          | 0.965       |
|    max_lane_deviation      | 2           |
|    mean_speed_kmh          | 3.87        |
|    min_ttc                 | nan         |
|    out_of_road             | 0           |
|    route_completion        | 0.635       |
|    shaped_reward           | 28.8        |
|    steering_variation      | 0.815       |
|    success                 | 0           |
|    ttc_risk                | 0           |
| rollout/                   |             |
|    ep_len_mean             | 538         |
|    ep_rew_mean             | 15          |
|    success_rate            | 0           |
| time/                      |             |
|    fps                     | 2093        |
|    iterations              | 7           |
|    time_elapsed            | 54          |
|    total_timesteps         | 114688      |
| train/                     |             |
|    approx_kl               | 0.012677223 |
|    clip_fraction           | 0.157       |
|    clip_range              | 0.2         |
|    entropy_loss            | -2.62       |
|    explained_variance      | 0.784       |
|    learning_rate           | 0.0003      |
|    loss                    | 0.0742      |
|    n_updates               | 60          |
|    policy_gradient_loss    | -0.0104     |
|    std                     | 0.891       |
|    value_loss              | 0.247       |
--------------------------------------------
-------------------------------------------
| curriculum/                |            |
|    stage                   | 1          |
|    window_cost             | 0.167      |
|    window_route_completion | 0.601      |
|    window_success          | 0          |
| paper/                     |            |
|    accel_variation         | 0.504      |
|    base_reward             | -1.44      |
|    collision               | 0          |
|    crash_object            | 0          |
|    crash_vehicle           | 0          |
|    episode_cost            | 1          |
|    episode_length          | 399        |
|    jerk                    | 0.408      |
|    lane_deviation          | 1.45       |
|    max_lane_deviation      | 2          |
|    mean_speed_kmh          | 3.72       |
|    min_ttc                 | nan        |
|    out_of_road             | 1          |
|    route_completion        | 0.369      |
|    shaped_reward           | -1.44      |
|    steering_variation      | 0.794      |
|    success                 | 0          |
|    ttc_risk                | 0          |
| rollout/                   |            |
|    ep_len_mean             | 533        |
|    ep_rew_mean             | 18.4       |
|    success_rate            | 0          |
| time/                      |            |
|    fps                     | 2079       |
|    iterations              | 8          |
|    time_elapsed            | 63         |
|    total_timesteps         | 131072     |
| train/                     |            |
|    approx_kl               | 0.00960888 |
|    clip_fraction           | 0.138      |
|    clip_range              | 0.2        |
|    entropy_loss            | -2.58      |
|    explained_variance      | 0.798      |
|    learning_rate           | 0.0003     |
|    loss                    | 0.267      |
|    n_updates               | 70         |
|    policy_gradient_loss    | -0.00811   |
|    std                     | 0.881      |
|    value_loss              | 0.602      |
-------------------------------------------
-----------------------------------------
| paper/                  |             |
|    accel_variation      | 0.411       |
|    base_reward          | 91.5        |
|    collision            | 0           |
|    crash_object         | 0           |
|    crash_vehicle        | 0           |
|    episode_cost         | 0           |
|    episode_length       | 800         |
|    jerk                 | 0.348       |
|    lane_deviation       | 0.372       |
|    max_lane_deviation   | 0.995       |
|    mean_speed_kmh       | 6.13        |
|    min_ttc              | nan         |
|    out_of_road          | 0           |
|    route_completion     | 0.277       |
|    shaped_reward        | 91.5        |
|    steering_variation   | 0.781       |
|    success              | 0           |
|    ttc_risk             | 0           |
| rollout/                |             |
|    ep_len_mean          | 559         |
|    ep_rew_mean          | 28.2        |
|    success_rate         | 0.06        |
| time/                   |             |
|    fps                  | 1994        |
|    iterations           | 9           |
|    time_elapsed         | 73          |
|    total_timesteps      | 147456      |
| train/                  |             |
|    approx_kl            | 0.013460683 |
|    clip_fraction        | 0.164       |
|    clip_range           | 0.2         |
|    entropy_loss         | -2.53       |
|    explained_variance   | 0.7         |
|    learning_rate        | 0.0003      |
|    loss                 | 0.295       |
|    n_updates            | 80          |
|    policy_gradient_loss | -0.0106     |
|    std                  | 0.854       |
|    value_loss           | 0.645       |
-----------------------------------------
--------------------------------------------
| curriculum/                |             |
|    stage                   | 0           |
|    window_cost             | 0.5         |
|    window_route_completion | 0.304       |
|    window_success          | 0.0333      |
| paper/                     |             |
|    accel_variation         | 0.384       |
|    base_reward             | 67.9        |
|    collision               | 0           |
|    crash_object            | 0           |
|    crash_vehicle           | 0           |
|    episode_cost            | 0           |
|    episode_length          | 600         |
|    jerk                    | 0.326       |
|    lane_deviation          | 0.439       |
|    max_lane_deviation      | 0.995       |
|    mean_speed_kmh          | 7.8         |
|    min_ttc                 | nan         |
|    out_of_road             | 0           |
|    route_completion        | 0.284       |
|    shaped_reward           | 67.9        |
|    steering_variation      | 0.768       |
|    success                 | 0           |
|    ttc_risk                | 0           |
| rollout/                   |             |
|    ep_len_mean             | 591         |
|    ep_rew_mean             | 39.4        |
|    success_rate            | 0.06        |
| time/                      |             |
|    fps                     | 1965        |
|    iterations              | 10          |
|    time_elapsed            | 83          |
|    total_timesteps         | 163840      |
| train/                     |             |
|    approx_kl               | 0.011784696 |
|    clip_fraction           | 0.129       |
|    clip_range              | 0.2         |
|    entropy_loss            | -2.49       |
|    explained_variance      | 0.553       |
|    learning_rate           | 0.0003      |
|    loss                    | 1.08        |
|    n_updates               | 90          |
|    policy_gradient_loss    | -0.00573    |
|    std                     | 0.833       |
|    value_loss              | 1.95        |
--------------------------------------------
--------------------------------------------
| curriculum/                |             |
|    stage                   | 1           |
|    window_cost             | 0.0667      |
|    window_route_completion | 0.637       |
|    window_success          | 0.4         |
| paper/                     |             |
|    accel_variation         | 0.35        |
|    base_reward             | 81.9        |
|    collision               | 0           |
|    crash_object            | 0           |
|    crash_vehicle           | 0           |
|    episode_cost            | 0           |
|    episode_length          | 510         |
|    jerk                    | 0.293       |
|    lane_deviation          | 0.479       |
|    max_lane_deviation      | 1           |
|    mean_speed_kmh          | 8.33        |
|    min_ttc                 | nan         |
|    out_of_road             | 0           |
|    route_completion        | 0.961       |
|    shaped_reward           | 81.9        |
|    steering_variation      | 0.783       |
|    success                 | 1           |
|    ttc_risk                | 0           |
| rollout/                   |             |
|    ep_len_mean             | 554         |
|    ep_rew_mean             | 58.2        |
|    success_rate            | 0.32        |
| time/                      |             |
|    fps                     | 1933        |
|    iterations              | 11          |
|    time_elapsed            | 93          |
|    total_timesteps         | 180224      |
| train/                     |             |
|    approx_kl               | 0.012688857 |
|    clip_fraction           | 0.162       |
|    clip_range              | 0.2         |
|    entropy_loss            | -2.42       |
|    explained_variance      | 0.672       |
|    learning_rate           | 0.0003      |
|    loss                    | 0.718       |
|    n_updates               | 100         |
|    policy_gradient_loss    | -0.0103     |
|    std                     | 0.805       |
|    value_loss              | 1.65        |
--------------------------------------------
-------------------------------------------
| curriculum/                |            |
|    stage                   | 1          |
|    window_cost             | 0.233      |
|    window_route_completion | 0.682      |
|    window_success          | 0.333      |
| paper/                     |            |
|    accel_variation         | 0.325      |
|    base_reward             | 125        |
|    collision               | 0          |
|    crash_object            | 0          |
|    crash_vehicle           | 0          |
|    episode_cost            | 1          |
|    episode_length          | 726        |
|    jerk                    | 0.285      |
|    lane_deviation          | 0.441      |
|    max_lane_deviation      | 1.86       |
|    mean_speed_kmh          | 11.2       |
|    min_ttc                 | 35.2       |
|    out_of_road             | 1          |
|    route_completion        | 0.592      |
|    shaped_reward           | 125        |
|    steering_variation      | 0.721      |
|    success                 | 0          |
|    ttc_risk                | 0          |
| rollout/                   |            |
|    ep_len_mean             | 581        |
|    ep_rew_mean             | 71.3       |
|    success_rate            | 0.29       |
| time/                      |            |
|    fps                     | 1896       |
|    iterations              | 12         |
|    time_elapsed            | 103        |
|    total_timesteps         | 196608     |
| train/                     |            |
|    approx_kl               | 0.02201123 |
|    clip_fraction           | 0.142      |
|    clip_range              | 0.2        |
|    entropy_loss            | -2.37      |
|    explained_variance      | 0.426      |
|    learning_rate           | 0.0003     |
|    loss                    | 1.73       |
|    n_updates               | 110        |
|    policy_gradient_loss    | -0.00606   |
|    std                     | 0.786      |
|    value_loss              | 3.48       |
-------------------------------------------
--------------------------------------------
| curriculum/                |             |
|    stage                   | 1           |
|    window_cost             | 0.233       |
|    window_route_completion | 0.72        |
|    window_success          | 0.167       |
| paper/                     |             |
|    accel_variation         | 0.299       |
|    base_reward             | 229         |
|    collision               | 0           |
|    crash_object            | 0           |
|    crash_vehicle           | 0           |
|    episode_cost            | 0           |
|    episode_length          | 800         |
|    jerk                    | 0.261       |
|    lane_deviation          | 0.233       |
|    max_lane_deviation      | 0.77        |
|    mean_speed_kmh          | 13.1        |
|    min_ttc                 | 13.8        |
|    out_of_road             | 0           |
|    route_completion        | 0.967       |
|    shaped_reward           | 229         |
|    steering_variation      | 0.677       |
|    success                 | 0           |
|    ttc_risk                | 0           |
| rollout/                   |             |
|    ep_len_mean             | 619         |
|    ep_rew_mean             | 103         |
|    success_rate            | 0.32        |
| time/                      |             |
|    fps                     | 1849        |
|    iterations              | 13          |
|    time_elapsed            | 115         |
|    total_timesteps         | 212992      |
| train/                     |             |
|    approx_kl               | 0.014817042 |
|    clip_fraction           | 0.157       |
|    clip_range              | 0.2         |
|    entropy_loss            | -2.31       |
|    explained_variance      | 0.655       |
|    learning_rate           | 0.0003      |
|    loss                    | 0.921       |
|    n_updates               | 120         |
|    policy_gradient_loss    | -0.00621    |
|    std                     | 0.758       |
|    value_loss              | 2.87        |
--------------------------------------------
--------------------------------------------
| curriculum/                |             |
|    stage                   | 1           |
|    window_cost             | 0.1         |
|    window_route_completion | 0.821       |
|    window_success          | 0.267       |
| paper/                     |             |
|    accel_variation         | 0.296       |
|    base_reward             | 208         |
|    collision               | 0           |
|    crash_object            | 0           |
|    crash_vehicle           | 0           |
|    episode_cost            | 0           |
|    episode_length          | 785         |
|    jerk                    | 0.27        |
|    lane_deviation          | 0.42        |
|    max_lane_deviation      | 1.59        |
|    mean_speed_kmh          | 14.3        |
|    min_ttc                 | nan         |
|    out_of_road             | 0           |
|    route_completion        | 0.983       |
|    shaped_reward           | 208         |
|    steering_variation      | 0.708       |
|    success                 | 1           |
|    ttc_risk                | 0           |
| rollout/                   |             |
|    ep_len_mean             | 646         |
|    ep_rew_mean             | 128         |
|    success_rate            | 0.37        |
| time/                      |             |
|    fps                     | 1829        |
|    iterations              | 14          |
|    time_elapsed            | 125         |
|    total_timesteps         | 229376      |
| train/                     |             |
|    approx_kl               | 0.018309688 |
|    clip_fraction           | 0.203       |
|    clip_range              | 0.2         |
|    entropy_loss            | -2.23       |
|    explained_variance      | 0.494       |
|    learning_rate           | 0.0003      |
|    loss                    | 1.4         |
|    n_updates               | 130         |
|    policy_gradient_loss    | -0.00382    |
|    std                     | 0.731       |
|    value_loss              | 3.09        |
--------------------------------------------
---------------------------------------------
| curriculum/                |              |
|    stage                   | 2            |
|    window_cost             | 0.0667       |
|    window_route_completion | 0.848        |
|    window_success          | 0.3          |
| paper/                     |              |
|    accel_variation         | 0.297        |
|    base_reward             | 258          |
|    collision               | 0            |
|    crash_object            | 0            |
|    crash_vehicle           | 0            |
|    episode_cost            | 0            |
|    episode_length          | 695          |
|    jerk                    | 0.283        |
|    lane_deviation          | 0.235        |
|    max_lane_deviation      | 0.855        |
|    mean_speed_kmh          | 15.6         |
|    min_ttc                 | nan          |
|    out_of_road             | 0            |
|    route_completion        | 0.985        |
|    shaped_reward           | 258          |
|    steering_variation      | 0.63         |
|    success                 | 1            |
|    ttc_risk                | 0            |
| rollout/                   |              |
|    ep_len_mean             | 712          |
|    ep_rew_mean             | 161          |
|    success_rate            | 0.31         |
| time/                      |              |
|    fps                     | 1778         |
|    iterations              | 15           |
|    time_elapsed            | 138          |
|    total_timesteps         | 245760       |
| train/                     |              |
|    approx_kl               | 0.0132648405 |
|    clip_fraction           | 0.137        |
|    clip_range              | 0.2          |
|    entropy_loss            | -2.16        |
|    explained_variance      | 0.547        |
|    learning_rate           | 0.0003       |
|    loss                    | 1.83         |
|    n_updates               | 140          |
|    policy_gradient_loss    | -0.00802     |
|    std                     | 0.702        |
|    value_loss              | 2.91         |
---------------------------------------------
-----------------------------------------
| paper/                  |             |
|    accel_variation      | 0.356       |
|    base_reward          | 330         |
|    collision            | 0           |
|    crash_object         | 0           |
|    crash_vehicle        | 0           |
|    episode_cost         | 0           |
|    episode_length       | 1000        |
|    jerk                 | 0.317       |
|    lane_deviation       | 0.315       |
|    max_lane_deviation   | 1           |
|    mean_speed_kmh       | 16.5        |
|    min_ttc              | 1.95        |
|    out_of_road          | 0           |
|    route_completion     | 0.814       |
|    shaped_reward        | 330         |
|    steering_variation   | 0.635       |
|    success              | 0           |
|    ttc_risk             | 0.00555     |
| rollout/                |             |
|    ep_len_mean          | 772         |
|    ep_rew_mean          | 197         |
|    success_rate         | 0.28        |
| time/                   |             |
|    fps                  | 1677        |
|    iterations           | 16          |
|    time_elapsed         | 156         |
|    total_timesteps      | 262144      |
| train/                  |             |
|    approx_kl            | 0.016985182 |
|    clip_fraction        | 0.144       |
|    clip_range           | 0.2         |
|    entropy_loss         | -2.07       |
|    explained_variance   | 0.6         |
|    learning_rate        | 0.0003      |
|    loss                 | 1.25        |
|    n_updates            | 150         |
|    policy_gradient_loss | -0.00481    |
|    std                  | 0.672       |
|    value_loss           | 2.81        |
-----------------------------------------
--------------------------------------------
| curriculum/                |             |
|    stage                   | 2           |
|    window_cost             | 0.0667      |
|    window_route_completion | 0.811       |
|    window_success          | 0.2         |
| paper/                     |             |
|    accel_variation         | 0.318       |
|    base_reward             | 312         |
|    collision               | 0           |
|    crash_object            | 0           |
|    crash_vehicle           | 0           |
|    episode_cost            | 0           |
|    episode_length          | 1000        |
|    jerk                    | 0.311       |
|    lane_deviation          | 0.281       |
|    max_lane_deviation      | 1.21        |
|    mean_speed_kmh          | 15.6        |
|    min_ttc                 | 0.0652      |
|    out_of_road             | 0           |
|    route_completion        | 0.57        |
|    shaped_reward           | 312         |
|    steering_variation      | 0.591       |
|    success                 | 0           |
|    ttc_risk                | 0.0407      |
| rollout/                   |             |
|    ep_len_mean             | 805         |
|    ep_rew_mean             | 230         |
|    success_rate            | 0.29        |
| time/                      |             |
|    fps                     | 1607        |
|    iterations              | 17          |
|    time_elapsed            | 173         |
|    total_timesteps         | 278528      |
| train/                     |             |
|    approx_kl               | 0.021783357 |
|    clip_fraction           | 0.206       |
|    clip_range              | 0.2         |
|    entropy_loss            | -1.99       |
|    explained_variance      | 0.619       |
|    learning_rate           | 0.0003      |
|    loss                    | 0.903       |
|    n_updates               | 160         |
|    policy_gradient_loss    | 0.003       |
|    std                     | 0.644       |
|    value_loss              | 2.12        |
--------------------------------------------
--------------------------------------------
| curriculum/                |             |
|    stage                   | 2           |
|    window_cost             | 0.1         |
|    window_route_completion | 0.809       |
|    window_success          | 0.2         |
| paper/                     |             |
|    accel_variation         | 0.424       |
|    base_reward             | 369         |
|    collision               | 0           |
|    crash_object            | 0           |
|    crash_vehicle           | 0           |
|    episode_cost            | 0           |
|    episode_length          | 1000        |
|    jerk                    | 0.36        |
|    lane_deviation          | 0.301       |
|    max_lane_deviation      | 1.45        |
|    mean_speed_kmh          | 18          |
|    min_ttc                 | 14.2        |
|    out_of_road             | 0           |
|    route_completion        | 0.771       |
|    shaped_reward           | 369         |
|    steering_variation      | 0.599       |
|    success                 | 0           |
|    ttc_risk                | 0           |
| rollout/                   |             |
|    ep_len_mean             | 842         |
|    ep_rew_mean             | 258         |
|    success_rate            | 0.3         |
| time/                      |             |
|    fps                     | 1543        |
|    iterations              | 18          |
|    time_elapsed            | 191         |
|    total_timesteps         | 294912      |
| train/                     |             |
|    approx_kl               | 0.014578264 |
|    clip_fraction           | 0.157       |
|    clip_range              | 0.2         |
|    entropy_loss            | -1.91       |
|    explained_variance      | 0.667       |
|    learning_rate           | 0.0003      |
|    loss                    | 0.788       |
|    n_updates               | 170         |
|    policy_gradient_loss    | 0.000661    |
|    std                     | 0.622       |
|    value_loss              | 2.83        |
--------------------------------------------
--------------------------------------------
| curriculum/                |             |
|    stage                   | 2           |
|    window_cost             | 0.133       |
|    window_route_completion | 0.817       |
|    window_success          | 0.167       |
| paper/                     |             |
|    accel_variation         | 0.408       |
|    base_reward             | 396         |
|    collision               | 0           |
|    crash_object            | 0           |
|    crash_vehicle           | 0           |
|    episode_cost            | 0           |
|    episode_length          | 1000        |
|    jerk                    | 0.364       |
|    lane_deviation          | 0.19        |
|    max_lane_deviation      | 0.741       |
|    mean_speed_kmh          | 17          |
|    min_ttc                 | 4.03        |
|    out_of_road             | 0           |
|    route_completion        | 0.83        |
|    shaped_reward           | 396         |
|    steering_variation      | 0.595       |
|    success                 | 0           |
|    ttc_risk                | 0.0213      |
| rollout/                   |             |
|    ep_len_mean             | 878         |
|    ep_rew_mean             | 286         |
|    success_rate            | 0.28        |
| time/                      |             |
|    fps                     | 1492        |
|    iterations              | 19          |
|    time_elapsed            | 208         |
|    total_timesteps         | 311296      |
| train/                     |             |
|    approx_kl               | 0.029389035 |
|    clip_fraction           | 0.219       |
|    clip_range              | 0.2         |
|    entropy_loss            | -1.86       |
|    explained_variance      | 0.656       |
|    learning_rate           | 0.0003      |
|    loss                    | 1.52        |
|    n_updates               | 180         |
|    policy_gradient_loss    | -0.00156    |
|    std                     | 0.607       |
|    value_loss              | 2.86        |
--------------------------------------------
--------------------------------------------
| curriculum/                |             |
|    stage                   | 2           |
|    window_cost             | 0.167       |
|    window_route_completion | 0.78        |
|    window_success          | 0.167       |
| paper/                     |             |
|    accel_variation         | 0.471       |
|    base_reward             | 102         |
|    collision               | 1           |
|    crash_object            | 0           |
|    crash_vehicle           | 1           |
|    episode_cost            | 1           |
|    episode_length          | 313         |
|    jerk                    | 0.411       |
|    lane_deviation          | 0.294       |
|    max_lane_deviation      | 0.997       |
|    mean_speed_kmh          | 17.5        |
|    min_ttc                 | 2.96        |
|    out_of_road             | 0           |
|    route_completion        | 0.307       |
|    shaped_reward           | 102         |
|    steering_variation      | 0.552       |
|    success                 | 0           |
|    ttc_risk                | 0.00241     |
| rollout/                   |             |
|    ep_len_mean             | 895         |
|    ep_rew_mean             | 303         |
|    success_rate            | 0.27        |
| time/                      |             |
|    fps                     | 1440        |
|    iterations              | 20          |
|    time_elapsed            | 227         |
|    total_timesteps         | 327680      |
| train/                     |             |
|    approx_kl               | 0.019816771 |
|    clip_fraction           | 0.233       |
|    clip_range              | 0.2         |
|    entropy_loss            | -1.81       |
|    explained_variance      | 0.72        |
|    learning_rate           | 0.0003      |
|    loss                    | 1.5         |
|    n_updates               | 190         |
|    policy_gradient_loss    | 0.0027      |
|    std                     | 0.595       |
|    value_loss              | 3.45        |
--------------------------------------------
--------------------------------------------
| curriculum/                |             |
|    stage                   | 2           |
|    window_cost             | 0.1         |
|    window_route_completion | 0.821       |
|    window_success          | 0.167       |
| paper/                     |             |
|    accel_variation         | 0.412       |
|    base_reward             | 358         |
|    collision               | 0           |
|    crash_object            | 0           |
|    crash_vehicle           | 0           |
|    episode_cost            | 0           |
|    episode_length          | 1000        |
|    jerk                    | 0.376       |
|    lane_deviation          | 0.314       |
|    max_lane_deviation      | 0.995       |
|    mean_speed_kmh          | 18          |
|    min_ttc                 | 12          |
|    out_of_road             | 0           |
|    route_completion        | 0.906       |
|    shaped_reward           | 358         |
|    steering_variation      | 0.581       |
|    success                 | 0           |
|    ttc_risk                | 3.72e-06    |
| rollout/                   |             |
|    ep_len_mean             | 944         |
|    ep_rew_mean             | 329         |
|    success_rate            | 0.18        |
| time/                      |             |
|    fps                     | 1389        |
|    iterations              | 21          |
|    time_elapsed            | 247         |
|    total_timesteps         | 344064      |
| train/                     |             |
|    approx_kl               | 0.019260537 |
|    clip_fraction           | 0.267       |
|    clip_range              | 0.2         |
|    entropy_loss            | -1.78       |
|    explained_variance      | 0.633       |
|    learning_rate           | 0.0003      |
|    loss                    | 3.05        |
|    n_updates               | 200         |
|    policy_gradient_loss    | 0.012       |
|    std                     | 0.586       |
|    value_loss              | 3.63        |
--------------------------------------------
---------------------------------------------
| curriculum/                |              |
|    stage                   | 2            |
|    window_cost             | 0.1          |
|    window_route_completion | 0.812        |
|    window_success          | 0.2          |
| paper/                     |              |
|    accel_variation         | 0.354        |
|    base_reward             | 375          |
|    collision               | 0            |
|    crash_object            | 0            |
|    crash_vehicle           | 0            |
|    episode_cost            | 0            |
|    episode_length          | 1000         |
|    jerk                    | 0.329        |
|    lane_deviation          | 0.211        |
|    max_lane_deviation      | 0.995        |
|    mean_speed_kmh          | 16.6         |
|    min_ttc                 | 3.94         |
|    out_of_road             | 0            |
|    route_completion        | 0.888        |
|    shaped_reward           | 375          |
|    steering_variation      | 0.587        |
|    success                 | 0            |
|    ttc_risk                | 0.0202       |
| rollout/                   |              |
|    ep_len_mean             | 929          |
|    ep_rew_mean             | 334          |
|    success_rate            | 0.18         |
| time/                      |              |
|    fps                     | 1354         |
|    iterations              | 22           |
|    time_elapsed            | 266          |
|    total_timesteps         | 360448       |
| train/                     |              |
|    approx_kl               | 0.0117100235 |
|    clip_fraction           | 0.203        |
|    clip_range              | 0.2          |
|    entropy_loss            | -1.74        |
|    explained_variance      | 0.82         |
|    learning_rate           | 0.0003       |
|    loss                    | 1.38         |
|    n_updates               | 210          |
|    policy_gradient_loss    | 0.00526      |
|    std                     | 0.575        |
|    value_loss              | 2.23         |
---------------------------------------------
-------------------------------------------
| curriculum/                |            |
|    stage                   | 2          |
|    window_cost             | 0.167      |
|    window_route_completion | 0.783      |
|    window_success          | 0.2        |
| paper/                     |            |
|    accel_variation         | 0.44       |
|    base_reward             | 403        |
|    collision               | 0          |
|    crash_object            | 0          |
|    crash_vehicle           | 0          |
|    episode_cost            | 0          |
|    episode_length          | 969        |
|    jerk                    | 0.411      |
|    lane_deviation          | 0.25       |
|    max_lane_deviation      | 1.06       |
|    mean_speed_kmh          | 18.2       |
|    min_ttc                 | 12.9       |
|    out_of_road             | 0          |
|    route_completion        | 0.99       |
|    shaped_reward           | 403        |
|    steering_variation      | 0.578      |
|    success                 | 1          |
|    ttc_risk                | 0          |
| rollout/                   |            |
|    ep_len_mean             | 927        |
|    ep_rew_mean             | 344        |
|    success_rate            | 0.18       |
| time/                      |            |
|    fps                     | 1327       |
|    iterations              | 23         |
|    time_elapsed            | 283        |
|    total_timesteps         | 376832     |
| train/                     |            |
|    approx_kl               | 0.03924986 |
|    clip_fraction           | 0.239      |
|    clip_range              | 0.2        |
|    entropy_loss            | -1.7       |
|    explained_variance      | 0.688      |
|    learning_rate           | 0.0003     |
|    loss                    | 1.07       |
|    n_updates               | 220        |
|    policy_gradient_loss    | 0.0056     |
|    std                     | 0.564      |
|    value_loss              | 3.91       |
-------------------------------------------
--------------------------------------------
| curriculum/                |             |
|    stage                   | 2           |
|    window_cost             | 0.2         |
|    window_route_completion | 0.812       |
|    window_success          | 0.233       |
| paper/                     |             |
|    accel_variation         | 0.366       |
|    base_reward             | 104         |
|    collision               | 1           |
|    crash_object            | 0           |
|    crash_vehicle           | 1           |
|    episode_cost            | 1           |
|    episode_length          | 275         |
|    jerk                    | 0.342       |
|    lane_deviation          | 0.125       |
|    max_lane_deviation      | 0.421       |
|    mean_speed_kmh          | 16.6        |
|    min_ttc                 | 4.88        |
|    out_of_road             | 0           |
|    route_completion        | 0.242       |
|    shaped_reward           | 104         |
|    steering_variation      | 0.569       |
|    success                 | 0           |
|    ttc_risk                | 0.00372     |
| rollout/                   |             |
|    ep_len_mean             | 921         |
|    ep_rew_mean             | 353         |
|    success_rate            | 0.18        |
| time/                      |             |
|    fps                     | 1298        |
|    iterations              | 24          |
|    time_elapsed            | 302         |
|    total_timesteps         | 393216      |
| train/                     |             |
|    approx_kl               | 0.014810165 |
|    clip_fraction           | 0.238       |
|    clip_range              | 0.2         |
|    entropy_loss            | -1.66       |
|    explained_variance      | 0.704       |
|    learning_rate           | 0.0003      |
|    loss                    | 1.48        |
|    n_updates               | 230         |
|    policy_gradient_loss    | 0.00694     |
|    std                     | 0.552       |
|    value_loss              | 3.11        |
--------------------------------------------
--------------------------------------------
| curriculum/                |             |
|    stage                   | 2           |
|    window_cost             | 0.133       |
|    window_route_completion | 0.798       |
|    window_success          | 0.133       |
| paper/                     |             |
|    accel_variation         | 0.444       |
|    base_reward             | 416         |
|    collision               | 0           |
|    crash_object            | 0           |
|    crash_vehicle           | 0           |
|    episode_cost            | 0           |
|    episode_length          | 993         |
|    jerk                    | 0.42        |
|    lane_deviation          | 0.202       |
|    max_lane_deviation      | 0.858       |
|    mean_speed_kmh          | 17.2        |
|    min_ttc                 | 3.35        |
|    out_of_road             | 0           |
|    route_completion        | 0.99        |
|    shaped_reward           | 416         |
|    steering_variation      | 0.506       |
|    success                 | 1           |
|    ttc_risk                | 0.00714     |
| rollout/                   |             |
|    ep_len_mean             | 919         |
|    ep_rew_mean             | 360         |
|    success_rate            | 0.18        |
| time/                      |             |
|    fps                     | 1270        |
|    iterations              | 25          |
|    time_elapsed            | 322         |
|    total_timesteps         | 409600      |
| train/                     |             |
|    approx_kl               | 0.014367652 |
|    clip_fraction           | 0.278       |
|    clip_range              | 0.2         |
|    entropy_loss            | -1.63       |
|    explained_variance      | 0.762       |
|    learning_rate           | 0.0003      |
|    loss                    | 1.41        |
|    n_updates               | 240         |
|    policy_gradient_loss    | 0.0119      |
|    std                     | 0.546       |
|    value_loss              | 2.88        |
--------------------------------------------
--------------------------------------------
| curriculum/                |             |
|    stage                   | 2           |
|    window_cost             | 0.0667      |
|    window_route_completion | 0.845       |
|    window_success          | 0.267       |
| paper/                     |             |
|    accel_variation         | 0.472       |
|    base_reward             | 410         |
|    collision               | 0           |
|    crash_object            | 0           |
|    crash_vehicle           | 0           |
|    episode_cost            | 0           |
|    episode_length          | 1000        |
|    jerk                    | 0.407       |
|    lane_deviation          | 0.157       |
|    max_lane_deviation      | 0.742       |
|    mean_speed_kmh          | 16.8        |
|    min_ttc                 | 1.12        |
|    out_of_road             | 0           |
|    route_completion        | 0.868       |
|    shaped_reward           | 410         |
|    steering_variation      | 0.516       |
|    success                 | 0           |
|    ttc_risk                | 0.0319      |
| rollout/                   |             |
|    ep_len_mean             | 934         |
|    ep_rew_mean             | 370         |
|    success_rate            | 0.21        |
| time/                      |             |
|    fps                     | 1249        |
|    iterations              | 26          |
|    time_elapsed            | 340         |
|    total_timesteps         | 425984      |
| train/                     |             |
|    approx_kl               | 0.115187004 |
|    clip_fraction           | 0.259       |
|    clip_range              | 0.2         |
|    entropy_loss            | -1.6        |
|    explained_variance      | 0.827       |
|    learning_rate           | 0.0003      |
|    loss                    | 0.659       |
|    n_updates               | 250         |
|    policy_gradient_loss    | 0.0103      |
|    std                     | 0.539       |
|    value_loss              | 1.78        |
--------------------------------------------
-------------------------------------------
| curriculum/                |            |
|    stage                   | 2          |
|    window_cost             | 0.1        |
|    window_route_completion | 0.832      |
|    window_success          | 0.3        |
| paper/                     |            |
|    accel_variation         | 0.459      |
|    base_reward             | 404        |
|    collision               | 0          |
|    crash_object            | 0          |
|    crash_vehicle           | 0          |
|    episode_cost            | 0          |
|    episode_length          | 1000       |
|    jerk                    | 0.466      |
|    lane_deviation          | 0.211      |
|    max_lane_deviation      | 0.845      |
|    mean_speed_kmh          | 17.5       |
|    min_ttc                 | 1.06       |
|    out_of_road             | 0          |
|    route_completion        | 0.739      |
|    shaped_reward           | 404        |
|    steering_variation      | 0.497      |
|    success                 | 0          |
|    ttc_risk                | 0.00317    |
| rollout/                   |            |
|    ep_len_mean             | 921        |
|    ep_rew_mean             | 370        |
|    success_rate            | 0.22       |
| time/                      |            |
|    fps                     | 1226       |
|    iterations              | 27         |
|    time_elapsed            | 360        |
|    total_timesteps         | 442368     |
| train/                     |            |
|    approx_kl               | 0.01571542 |
|    clip_fraction           | 0.166      |
|    clip_range              | 0.2        |
|    entropy_loss            | -1.56      |
|    explained_variance      | 0.748      |
|    learning_rate           | 0.0003     |
|    loss                    | 1.17       |
|    n_updates               | 260        |
|    policy_gradient_loss    | 6.97e-05   |
|    std                     | 0.527      |
|    value_loss              | 2.81       |
-------------------------------------------
--------------------------------------------
| curriculum/                |             |
|    stage                   | 2           |
|    window_cost             | 0.133       |
|    window_route_completion | 0.774       |
|    window_success          | 0.167       |
| paper/                     |             |
|    accel_variation         | 0.46        |
|    base_reward             | 338         |
|    collision               | 0           |
|    crash_object            | 0           |
|    crash_vehicle           | 0           |
|    episode_cost            | 0           |
|    episode_length          | 765         |
|    jerk                    | 0.419       |
|    lane_deviation          | 0.193       |
|    max_lane_deviation      | 0.993       |
|    mean_speed_kmh          | 17.8        |
|    min_ttc                 | 2.74        |
|    out_of_road             | 0           |
|    route_completion        | 0.987       |
|    shaped_reward           | 338         |
|    steering_variation      | 0.506       |
|    success                 | 1           |
|    ttc_risk                | 0.0052      |
| rollout/                   |             |
|    ep_len_mean             | 928         |
|    ep_rew_mean             | 379         |
|    success_rate            | 0.22        |
| time/                      |             |
|    fps                     | 1204        |
|    iterations              | 28          |
|    time_elapsed            | 380         |
|    total_timesteps         | 458752      |
| train/                     |             |
|    approx_kl               | 0.037807442 |
|    clip_fraction           | 0.227       |
|    clip_range              | 0.2         |
|    entropy_loss            | -1.53       |
|    explained_variance      | 0.745       |
|    learning_rate           | 0.0003      |
|    loss                    | 1.04        |
|    n_updates               | 270         |
|    policy_gradient_loss    | 0.00727     |
|    std                     | 0.525       |
|    value_loss              | 3.66        |
--------------------------------------------
------------------------------------------
| curriculum/                |           |
|    stage                   | 2         |
|    window_cost             | 0.167     |
|    window_route_completion | 0.802     |
|    window_success          | 0.2       |
| paper/                     |           |
|    accel_variation         | 0.512     |
|    base_reward             | 446       |
|    collision               | 0         |
|    crash_object            | 0         |
|    crash_vehicle           | 0         |
|    episode_cost            | 0         |
|    episode_length          | 1000      |
|    jerk                    | 0.472     |
|    lane_deviation          | 0.167     |
|    max_lane_deviation      | 0.702     |
|    mean_speed_kmh          | 18.4      |
|    min_ttc                 | 10.1      |
|    out_of_road             | 0         |
|    route_completion        | 0.961     |
|    shaped_reward           | 446       |
|    steering_variation      | 0.486     |
|    success                 | 0         |
|    ttc_risk                | 0.000294  |
| rollout/                   |           |
|    ep_len_mean             | 918       |
|    ep_rew_mean             | 376       |
|    success_rate            | 0.2       |
| time/                      |           |
|    fps                     | 1186      |
|    iterations              | 29        |
|    time_elapsed            | 400       |
|    total_timesteps         | 475136    |
| train/                     |           |
|    approx_kl               | 0.0585147 |
|    clip_fraction           | 0.221     |
|    clip_range              | 0.2       |
|    entropy_loss            | -1.52     |
|    explained_variance      | 0.73      |
|    learning_rate           | 0.0003    |
|    loss                    | 1.3       |
|    n_updates               | 280       |
|    policy_gradient_loss    | 0.00491   |
|    std                     | 0.521     |
|    value_loss              | 2.85      |
------------------------------------------
--------------------------------------------
| curriculum/                |             |
|    stage                   | 2           |
|    window_cost             | 0.2         |
|    window_route_completion | 0.803       |
|    window_success          | 0.2         |
| paper/                     |             |
|    accel_variation         | 0.486       |
|    base_reward             | 147         |
|    collision               | 1           |
|    crash_object            | 0           |
|    crash_vehicle           | 1           |
|    episode_cost            | 1           |
|    episode_length          | 367         |
|    jerk                    | 0.409       |
|    lane_deviation          | 0.18        |
|    max_lane_deviation      | 0.642       |
|    mean_speed_kmh          | 18          |
|    min_ttc                 | 0.828       |
|    out_of_road             | 0           |
|    route_completion        | 0.491       |
|    shaped_reward           | 147         |
|    steering_variation      | 0.44        |
|    success                 | 0           |
|    ttc_risk                | 0.0177      |
| rollout/                   |             |
|    ep_len_mean             | 921         |
|    ep_rew_mean             | 381         |
|    success_rate            | 0.22        |
| time/                      |             |
|    fps                     | 1174        |
|    iterations              | 30          |
|    time_elapsed            | 418         |
|    total_timesteps         | 491520      |
| train/                     |             |
|    approx_kl               | 0.017476166 |
|    clip_fraction           | 0.242       |
|    clip_range              | 0.2         |
|    entropy_loss            | -1.49       |
|    explained_variance      | 0.684       |
|    learning_rate           | 0.0003      |
|    loss                    | 1.35        |
|    n_updates               | 290         |
|    policy_gradient_loss    | 0.0095      |
|    std                     | 0.514       |
|    value_loss              | 3.22        |
--------------------------------------------
--------------------------------------------
| curriculum/                |             |
|    stage                   | 2           |
|    window_cost             | 0.133       |
|    window_route_completion | 0.841       |
|    window_success          | 0.267       |
| paper/                     |             |
|    accel_variation         | 0.518       |
|    base_reward             | 417         |
|    collision               | 0           |
|    crash_object            | 0           |
|    crash_vehicle           | 0           |
|    episode_cost            | 0           |
|    episode_length          | 870         |
|    jerk                    | 0.479       |
|    lane_deviation          | 0.141       |
|    max_lane_deviation      | 0.691       |
|    mean_speed_kmh          | 18.4        |
|    min_ttc                 | 11.8        |
|    out_of_road             | 0           |
|    route_completion        | 0.99        |
|    shaped_reward           | 417         |
|    steering_variation      | 0.469       |
|    success                 | 1           |
|    ttc_risk                | 3.16e-05    |
| rollout/                   |             |
|    ep_len_mean             | 915         |
|    ep_rew_mean             | 384         |
|    success_rate            | 0.22        |
| time/                      |             |
|    fps                     | 1164        |
|    iterations              | 31          |
|    time_elapsed            | 436         |
|    total_timesteps         | 507904      |
| train/                     |             |
|    approx_kl               | 0.030958645 |
|    clip_fraction           | 0.221       |
|    clip_range              | 0.2         |
|    entropy_loss            | -1.47       |
|    explained_variance      | 0.713       |
|    learning_rate           | 0.0003      |
|    loss                    | 1.37        |
|    n_updates               | 300         |
|    policy_gradient_loss    | 0.00662     |
|    std                     | 0.514       |
|    value_loss              | 3.55        |
--------------------------------------------
--------------------------------------------
| curriculum/                |             |
|    stage                   | 2           |
|    window_cost             | 0.0333      |
|    window_route_completion | 0.898       |
|    window_success          | 0.433       |
| paper/                     |             |
|    accel_variation         | 0.482       |
|    base_reward             | 438         |
|    collision               | 0           |
|    crash_object            | 0           |
|    crash_vehicle           | 0           |
|    episode_cost            | 0           |
|    episode_length          | 1000        |
|    jerk                    | 0.457       |
|    lane_deviation          | 0.179       |
|    max_lane_deviation      | 0.787       |
|    mean_speed_kmh          | 18.4        |
|    min_ttc                 | 11.4        |
|    out_of_road             | 0           |
|    route_completion        | 0.813       |
|    shaped_reward           | 438         |
|    steering_variation      | 0.479       |
|    success                 | 0           |
|    ttc_risk                | 9.88e-05    |
| rollout/                   |             |
|    ep_len_mean             | 916         |
|    ep_rew_mean             | 391         |
|    success_rate            | 0.24        |
| time/                      |             |
|    fps                     | 1151        |
|    iterations              | 32          |
|    time_elapsed            | 455         |
|    total_timesteps         | 524288      |
| train/                     |             |
|    approx_kl               | 0.022491593 |
|    clip_fraction           | 0.24        |
|    clip_range              | 0.2         |
|    entropy_loss            | -1.46       |
|    explained_variance      | 0.751       |
|    learning_rate           | 0.0003      |
|    loss                    | 1.15        |
|    n_updates               | 310         |
|    policy_gradient_loss    | 0.0143      |
|    std                     | 0.507       |
|    value_loss              | 2.91        |
--------------------------------------------
--------------------------------------------
| curriculum/                |             |
|    stage                   | 2           |
|    window_cost             | 0.0667      |
|    window_route_completion | 0.867       |
|    window_success          | 0.267       |
| paper/                     |             |
|    accel_variation         | 0.494       |
|    base_reward             | 407         |
|    collision               | 0           |
|    crash_object            | 0           |
|    crash_vehicle           | 0           |
|    episode_cost            | 0           |
|    episode_length          | 1000        |
|    jerk                    | 0.446       |
|    lane_deviation          | 0.192       |
|    max_lane_deviation      | 0.93        |
|    mean_speed_kmh          | 17.5        |
|    min_ttc                 | 0.158       |
|    out_of_road             | 0           |
|    route_completion        | 0.879       |
|    shaped_reward           | 407         |
|    steering_variation      | 0.472       |
|    success                 | 0           |
|    ttc_risk                | 0.0319      |
| rollout/                   |             |
|    ep_len_mean             | 927         |
|    ep_rew_mean             | 398         |
|    success_rate            | 0.27        |
| time/                      |             |
|    fps                     | 1137        |
|    iterations              | 33          |
|    time_elapsed            | 475         |
|    total_timesteps         | 540672      |
| train/                     |             |
|    approx_kl               | 0.042969592 |
|    clip_fraction           | 0.22        |
|    clip_range              | 0.2         |
|    entropy_loss            | -1.42       |
|    explained_variance      | 0.796       |
|    learning_rate           | 0.0003      |
|    loss                    | 2.87        |
|    n_updates               | 320         |
|    policy_gradient_loss    | 0.0101      |
|    std                     | 0.498       |
|    value_loss              | 2.89        |
--------------------------------------------
--------------------------------------------
| curriculum/                |             |
|    stage                   | 2           |
|    window_cost             | 0.0333      |
|    window_route_completion | 0.877       |
|    window_success          | 0.4         |
| paper/                     |             |
|    accel_variation         | 0.467       |
|    base_reward             | 415         |
|    collision               | 0           |
|    crash_object            | 0           |
|    crash_vehicle           | 0           |
|    episode_cost            | 0           |
|    episode_length          | 1000        |
|    jerk                    | 0.461       |
|    lane_deviation          | 0.16        |
|    max_lane_deviation      | 0.595       |
|    mean_speed_kmh          | 16.9        |
|    min_ttc                 | 0.371       |
|    out_of_road             | 0           |
|    route_completion        | 0.625       |
|    shaped_reward           | 415         |
|    steering_variation      | 0.461       |
|    success                 | 0           |
|    ttc_risk                | 0.023       |
| rollout/                   |             |
|    ep_len_mean             | 926         |
|    ep_rew_mean             | 398         |
|    success_rate            | 0.32        |
| time/                      |             |
|    fps                     | 1125        |
|    iterations              | 34          |
|    time_elapsed            | 495         |
|    total_timesteps         | 557056      |
| train/                     |             |
|    approx_kl               | 0.016882785 |
|    clip_fraction           | 0.211       |
|    clip_range              | 0.2         |
|    entropy_loss            | -1.39       |
|    explained_variance      | 0.732       |
|    learning_rate           | 0.0003      |
|    loss                    | 1.55        |
|    n_updates               | 330         |
|    policy_gradient_loss    | 0.00472     |
|    std                     | 0.488       |
|    value_loss              | 2.94        |
--------------------------------------------
--------------------------------------------
| curriculum/                |             |
|    stage                   | 2           |
|    window_cost             | 0.1         |
|    window_route_completion | 0.846       |
|    window_success          | 0.333       |
| paper/                     |             |
|    accel_variation         | 0.484       |
|    base_reward             | 378         |
|    collision               | 0           |
|    crash_object            | 0           |
|    crash_vehicle           | 0           |
|    episode_cost            | 0           |
|    episode_length          | 1000        |
|    jerk                    | 0.451       |
|    lane_deviation          | 0.261       |
|    max_lane_deviation      | 0.848       |
|    mean_speed_kmh          | 17.5        |
|    min_ttc                 | 2.63        |
|    out_of_road             | 0           |
|    route_completion        | 0.975       |
|    shaped_reward           | 378         |
|    steering_variation      | 0.437       |
|    success                 | 0           |
|    ttc_risk                | 0.0127      |
| rollout/                   |             |
|    ep_len_mean             | 936         |
|    ep_rew_mean             | 399         |
|    success_rate            | 0.33        |
| time/                      |             |
|    fps                     | 1116        |
|    iterations              | 35          |
|    time_elapsed            | 513         |
|    total_timesteps         | 573440      |
| train/                     |             |
|    approx_kl               | 0.011811223 |
|    clip_fraction           | 0.22        |
|    clip_range              | 0.2         |
|    entropy_loss            | -1.36       |
|    explained_variance      | 0.783       |
|    learning_rate           | 0.0003      |
|    loss                    | 0.983       |
|    n_updates               | 340         |
|    policy_gradient_loss    | 0.00506     |
|    std                     | 0.486       |
|    value_loss              | 2.62        |
--------------------------------------------
-------------------------------------------
| curriculum/                |            |
|    stage                   | 2          |
|    window_cost             | 0.133      |
|    window_route_completion | 0.813      |
|    window_success          | 0.233      |
| paper/                     |            |
|    accel_variation         | 0.521      |
|    base_reward             | 381        |
|    collision               | 0          |
|    crash_object            | 0          |
|    crash_vehicle           | 0          |
|    episode_cost            | 0          |
|    episode_length          | 826        |
|    jerk                    | 0.431      |
|    lane_deviation          | 0.182      |
|    max_lane_deviation      | 0.767      |
|    mean_speed_kmh          | 18.5       |
|    min_ttc                 | 9.91       |
|    out_of_road             | 0          |
|    route_completion        | 0.992      |
|    shaped_reward           | 381        |
|    steering_variation      | 0.43       |
|    success                 | 1          |
|    ttc_risk                | 0.000345   |
| rollout/                   |            |
|    ep_len_mean             | 948        |
|    ep_rew_mean             | 405        |
|    success_rate            | 0.32       |
| time/                      |            |
|    fps                     | 1104       |
|    iterations              | 36         |
|    time_elapsed            | 533        |
|    total_timesteps         | 589824     |
| train/                     |            |
|    approx_kl               | 0.01199841 |
|    clip_fraction           | 0.246      |
|    clip_range              | 0.2        |
|    entropy_loss            | -1.35      |
|    explained_variance      | 0.769      |
|    learning_rate           | 0.0003     |
|    loss                    | 1.42       |
|    n_updates               | 350        |
|    policy_gradient_loss    | 0.00576    |
|    std                     | 0.486      |
|    value_loss              | 3.01       |
-------------------------------------------
-------------------------------------------
| curriculum/                |            |
|    stage                   | 2          |
|    window_cost             | 0.0333     |
|    window_route_completion | 0.862      |
|    window_success          | 0.3        |
| paper/                     |            |
|    accel_variation         | 0.463      |
|    base_reward             | 331        |
|    collision               | 0          |
|    crash_object            | 0          |
|    crash_vehicle           | 0          |
|    episode_cost            | 0          |
|    episode_length          | 881        |
|    jerk                    | 0.436      |
|    lane_deviation          | 0.251      |
|    max_lane_deviation      | 0.598      |
|    mean_speed_kmh          | 16         |
|    min_ttc                 | 0.533      |
|    out_of_road             | 0          |
|    route_completion        | 0.987      |
|    shaped_reward           | 331        |
|    steering_variation      | 0.419      |
|    success                 | 1          |
|    ttc_risk                | 0.054      |
| rollout/                   |            |
|    ep_len_mean             | 944        |
|    ep_rew_mean             | 393        |
|    success_rate            | 0.3        |
| time/                      |            |
|    fps                     | 1087       |
|    iterations              | 37         |
|    time_elapsed            | 557        |
|    total_timesteps         | 606208     |
| train/                     |            |
|    approx_kl               | 0.06356197 |
|    clip_fraction           | 0.288      |
|    clip_range              | 0.2        |
|    entropy_loss            | -1.32      |
|    explained_variance      | 0.774      |
|    learning_rate           | 0.0003     |
|    loss                    | 0.793      |
|    n_updates               | 360        |
|    policy_gradient_loss    | 0.012      |
|    std                     | 0.475      |
|    value_loss              | 2.53       |
-------------------------------------------
--------------------------------------------
| curriculum/                |             |
|    stage                   | 2           |
|    window_cost             | 0.0667      |
|    window_route_completion | 0.815       |
|    window_success          | 0.3         |
| paper/                     |             |
|    accel_variation         | 0.468       |
|    base_reward             | 91.4        |
|    collision               | 0           |
|    crash_object            | 0           |
|    crash_vehicle           | 0           |
|    episode_cost            | 1           |
|    episode_length          | 338         |
|    jerk                    | 0.385       |
|    lane_deviation          | 0.397       |
|    max_lane_deviation      | 2           |
|    mean_speed_kmh          | 17.5        |
|    min_ttc                 | 4.18        |
|    out_of_road             | 1           |
|    route_completion        | 0.273       |
|    shaped_reward           | 91.4        |
|    steering_variation      | 0.404       |
|    success                 | 0           |
|    ttc_risk                | 0.00439     |
| rollout/                   |             |
|    ep_len_mean             | 936         |
|    ep_rew_mean             | 377         |
|    success_rate            | 0.29        |
| time/                      |             |
|    fps                     | 1079        |
|    iterations              | 38          |
|    time_elapsed            | 576         |
|    total_timesteps         | 622592      |
| train/                     |             |
|    approx_kl               | 0.027600106 |
|    clip_fraction           | 0.222       |
|    clip_range              | 0.2         |
|    entropy_loss            | -1.28       |
|    explained_variance      | 0.824       |
|    learning_rate           | 0.0003      |
|    loss                    | 0.81        |
|    n_updates               | 370         |
|    policy_gradient_loss    | 0.00482     |
|    std                     | 0.469       |
|    value_loss              | 2.44        |
--------------------------------------------
-------------------------------------------
| curriculum/                |            |
|    stage                   | 2          |
|    window_cost             | 0.0667     |
|    window_route_completion | 0.81       |
|    window_success          | 0.233      |
| paper/                     |            |
|    accel_variation         | 0.526      |
|    base_reward             | 357        |
|    collision               | 0          |
|    crash_object            | 0          |
|    crash_vehicle           | 0          |
|    episode_cost            | 0          |
|    episode_length          | 972        |
|    jerk                    | 0.486      |
|    lane_deviation          | 0.363      |
|    max_lane_deviation      | 0.974      |
|    mean_speed_kmh          | 18.6       |
|    min_ttc                 | 8.73       |
|    out_of_road             | 0          |
|    route_completion        | 0.99       |
|    shaped_reward           | 357        |
|    steering_variation      | 0.425      |
|    success                 | 1          |
|    ttc_risk                | 0.000498   |
| rollout/                   |            |
|    ep_len_mean             | 943        |
|    ep_rew_mean             | 374        |
|    success_rate            | 0.28       |
| time/                      |            |
|    fps                     | 1068       |
|    iterations              | 39         |
|    time_elapsed            | 598        |
|    total_timesteps         | 638976     |
| train/                     |            |
|    approx_kl               | 0.02870637 |
|    clip_fraction           | 0.231      |
|    clip_range              | 0.2        |
|    entropy_loss            | -1.27      |
|    explained_variance      | 0.75       |
|    learning_rate           | 0.0003     |
|    loss                    | 1.22       |
|    n_updates               | 380        |
|    policy_gradient_loss    | 0.00132    |
|    std                     | 0.466      |
|    value_loss              | 3.35       |
-------------------------------------------
-------------------------------------------
| curriculum/                |            |
|    stage                   | 2          |
|    window_cost             | 0.2        |
|    window_route_completion | 0.76       |
|    window_success          | 0.267      |
| paper/                     |            |
|    accel_variation         | 0.53       |
|    base_reward             | 380        |
|    collision               | 0          |
|    crash_object            | 0          |
|    crash_vehicle           | 0          |
|    episode_cost            | 0          |
|    episode_length          | 903        |
|    jerk                    | 0.473      |
|    lane_deviation          | 0.265      |
|    max_lane_deviation      | 0.709      |
|    mean_speed_kmh          | 18.6       |
|    min_ttc                 | 12.4       |
|    out_of_road             | 0          |
|    route_completion        | 0.989      |
|    shaped_reward           | 380        |
|    steering_variation      | 0.409      |
|    success                 | 1          |
|    ttc_risk                | 0          |
| rollout/                   |            |
|    ep_len_mean             | 916        |
|    ep_rew_mean             | 357        |
|    success_rate            | 0.26       |
| time/                      |            |
|    fps                     | 1059       |
|    iterations              | 40         |
|    time_elapsed            | 618        |
|    total_timesteps         | 655360     |
| train/                     |            |
|    approx_kl               | 0.07849312 |
|    clip_fraction           | 0.293      |
|    clip_range              | 0.2        |
|    entropy_loss            | -1.25      |
|    explained_variance      | 0.846      |
|    learning_rate           | 0.0003     |
|    loss                    | 0.894      |
|    n_updates               | 390        |
|    policy_gradient_loss    | 0.0091     |
|    std                     | 0.464      |
|    value_loss              | 2.11       |
-------------------------------------------
--------------------------------------------
| curriculum/                |             |
|    stage                   | 2           |
|    window_cost             | 0.133       |
|    window_route_completion | 0.786       |
|    window_success          | 0.267       |
| paper/                     |             |
|    accel_variation         | 0.509       |
|    base_reward             | 423         |
|    collision               | 0           |
|    crash_object            | 0           |
|    crash_vehicle           | 0           |
|    episode_cost            | 0           |
|    episode_length          | 1000        |
|    jerk                    | 0.494       |
|    lane_deviation          | 0.203       |
|    max_lane_deviation      | 1.49        |
|    mean_speed_kmh          | 18.3        |
|    min_ttc                 | 8.7         |
|    out_of_road             | 0           |
|    route_completion        | 0.951       |
|    shaped_reward           | 423         |
|    steering_variation      | 0.441       |
|    success                 | 0           |
|    ttc_risk                | 0.000936    |
| rollout/                   |             |
|    ep_len_mean             | 901         |
|    ep_rew_mean             | 352         |
|    success_rate            | 0.27        |
| time/                      |             |
|    fps                     | 1052        |
|    iterations              | 41          |
|    time_elapsed            | 638         |
|    total_timesteps         | 671744      |
| train/                     |             |
|    approx_kl               | 0.024744693 |
|    clip_fraction           | 0.24        |
|    clip_range              | 0.2         |
|    entropy_loss            | -1.26       |
|    explained_variance      | 0.721       |
|    learning_rate           | 0.0003      |
|    loss                    | 1.64        |
|    n_updates               | 400         |
|    policy_gradient_loss    | 0.00451     |
|    std                     | 0.467       |
|    value_loss              | 2.97        |
--------------------------------------------
--------------------------------------------
| curriculum/                |             |
|    stage                   | 2           |
|    window_cost             | 0.2         |
|    window_route_completion | 0.796       |
|    window_success          | 0.233       |
| paper/                     |             |
|    accel_variation         | 0.491       |
|    base_reward             | 366         |
|    collision               | 0           |
|    crash_object            | 0           |
|    crash_vehicle           | 0           |
|    episode_cost            | 0           |
|    episode_length          | 1000        |
|    jerk                    | 0.461       |
|    lane_deviation          | 0.312       |
|    max_lane_deviation      | 0.995       |
|    mean_speed_kmh          | 18.1        |
|    min_ttc                 | 2.95        |
|    out_of_road             | 0           |
|    route_completion        | 0.892       |
|    shaped_reward           | 366         |
|    steering_variation      | 0.427       |
|    success                 | 0           |
|    ttc_risk                | 0.00292     |
| rollout/                   |             |
|    ep_len_mean             | 890         |
|    ep_rew_mean             | 347         |
|    success_rate            | 0.27        |
| time/                      |             |
|    fps                     | 1046        |
|    iterations              | 42          |
|    time_elapsed            | 657         |
|    total_timesteps         | 688128      |
| train/                     |             |
|    approx_kl               | 0.027661635 |
|    clip_fraction           | 0.252       |
|    clip_range              | 0.2         |
|    entropy_loss            | -1.24       |
|    explained_variance      | 0.812       |
|    learning_rate           | 0.0003      |
|    loss                    | 0.787       |
|    n_updates               | 410         |
|    policy_gradient_loss    | 0.00715     |
|    std                     | 0.463       |
|    value_loss              | 2.43        |
--------------------------------------------
--------------------------------------------
| curriculum/                |             |
|    stage                   | 2           |
|    window_cost             | 0.167       |
|    window_route_completion | 0.81        |
|    window_success          | 0.3         |
| paper/                     |             |
|    accel_variation         | 0.562       |
|    base_reward             | 453         |
|    collision               | 0           |
|    crash_object            | 0           |
|    crash_vehicle           | 0           |
|    episode_cost            | 0           |
|    episode_length          | 1000        |
|    jerk                    | 0.477       |
|    lane_deviation          | 0.168       |
|    max_lane_deviation      | 0.709       |
|    mean_speed_kmh          | 18.8        |
|    min_ttc                 | nan         |
|    out_of_road             | 0           |
|    route_completion        | 0.87        |
|    shaped_reward           | 453         |
|    steering_variation      | 0.386       |
|    success                 | 0           |
|    ttc_risk                | 0           |
| rollout/                   |             |
|    ep_len_mean             | 885         |
|    ep_rew_mean             | 356         |
|    success_rate            | 0.26        |
| time/                      |             |
|    fps                     | 1039        |
|    iterations              | 43          |
|    time_elapsed            | 677         |
|    total_timesteps         | 704512      |
| train/                     |             |
|    approx_kl               | 0.015931595 |
|    clip_fraction           | 0.165       |
|    clip_range              | 0.2         |
|    entropy_loss            | -1.22       |
|    explained_variance      | 0.81        |
|    learning_rate           | 0.0003      |
|    loss                    | 1.17        |
|    n_updates               | 420         |
|    policy_gradient_loss    | 0.000532    |
|    std                     | 0.458       |
|    value_loss              | 3.9         |
--------------------------------------------
-------------------------------------------
| curriculum/                |            |
|    stage                   | 2          |
|    window_cost             | 0.133      |
|    window_route_completion | 0.819      |
|    window_success          | 0.333      |
| paper/                     |            |
|    accel_variation         | 0.515      |
|    base_reward             | 263        |
|    collision               | 0          |
|    crash_object            | 0          |
|    crash_vehicle           | 0          |
|    episode_cost            | 1          |
|    episode_length          | 667        |
|    jerk                    | 0.489      |
|    lane_deviation          | 0.225      |
|    max_lane_deviation      | 1.11       |
|    mean_speed_kmh          | 18.3       |
|    min_ttc                 | 5.49       |
|    out_of_road             | 1          |
|    route_completion        | 0.585      |
|    shaped_reward           | 263        |
|    steering_variation      | 0.381      |
|    success                 | 0          |
|    ttc_risk                | 0.00234    |
| rollout/                   |            |
|    ep_len_mean             | 889        |
|    ep_rew_mean             | 364        |
|    success_rate            | 0.27       |
| time/                      |            |
|    fps                     | 1031       |
|    iterations              | 44         |
|    time_elapsed            | 699        |
|    total_timesteps         | 720896     |
| train/                     |            |
|    approx_kl               | 0.04812274 |
|    clip_fraction           | 0.218      |
|    clip_range              | 0.2        |
|    entropy_loss            | -1.2       |
|    explained_variance      | 0.832      |
|    learning_rate           | 0.0003     |
|    loss                    | 1.14       |
|    n_updates               | 430        |
|    policy_gradient_loss    | 0.00452    |
|    std                     | 0.455      |
|    value_loss              | 2.72       |
-------------------------------------------
--------------------------------------------
| curriculum/                |             |
|    stage                   | 2           |
|    window_cost             | 0.1         |
|    window_route_completion | 0.822       |
|    window_success          | 0.167       |
| paper/                     |             |
|    accel_variation         | 0.526       |
|    base_reward             | 465         |
|    collision               | 0           |
|    crash_object            | 0           |
|    crash_vehicle           | 0           |
|    episode_cost            | 0           |
|    episode_length          | 1000        |
|    jerk                    | 0.49        |
|    lane_deviation          | 0.147       |
|    max_lane_deviation      | 0.657       |
|    mean_speed_kmh          | 18.8        |
|    min_ttc                 | 12.6        |
|    out_of_road             | 0           |
|    route_completion        | 0.901       |
|    shaped_reward           | 465         |
|    steering_variation      | 0.39        |
|    success                 | 0           |
|    ttc_risk                | 0           |
| rollout/                   |             |
|    ep_len_mean             | 908         |
|    ep_rew_mean             | 383         |
|    success_rate            | 0.25        |
| time/                      |             |
|    fps                     | 1023        |
|    iterations              | 45          |
|    time_elapsed            | 720         |
|    total_timesteps         | 737280      |
| train/                     |             |
|    approx_kl               | 0.010460489 |
|    clip_fraction           | 0.179       |
|    clip_range              | 0.2         |
|    entropy_loss            | -1.19       |
|    explained_variance      | 0.815       |
|    learning_rate           | 0.0003      |
|    loss                    | 0.935       |
|    n_updates               | 440         |
|    policy_gradient_loss    | 0.00059     |
|    std                     | 0.455       |
|    value_loss              | 2.86        |
--------------------------------------------
--------------------------------------------
| curriculum/                |             |
|    stage                   | 2           |
|    window_cost             | 0.1         |
|    window_route_completion | 0.847       |
|    window_success          | 0.267       |
| paper/                     |             |
|    accel_variation         | 0.502       |
|    base_reward             | 406         |
|    collision               | 0           |
|    crash_object            | 0           |
|    crash_vehicle           | 0           |
|    episode_cost            | 0           |
|    episode_length          | 981         |
|    jerk                    | 0.426       |
|    lane_deviation          | 0.199       |
|    max_lane_deviation      | 0.592       |
|    mean_speed_kmh          | 16.9        |
|    min_ttc                 | 0.197       |
|    out_of_road             | 0           |
|    route_completion        | 0.989       |
|    shaped_reward           | 406         |
|    steering_variation      | 0.365       |
|    success                 | 1           |
|    ttc_risk                | 0.0439      |
| rollout/                   |             |
|    ep_len_mean             | 912         |
|    ep_rew_mean             | 390         |
|    success_rate            | 0.26        |
| time/                      |             |
|    fps                     | 1019        |
|    iterations              | 46          |
|    time_elapsed            | 739         |
|    total_timesteps         | 753664      |
| train/                     |             |
|    approx_kl               | 0.012344526 |
|    clip_fraction           | 0.217       |
|    clip_range              | 0.2         |
|    entropy_loss            | -1.18       |
|    explained_variance      | 0.853       |
|    learning_rate           | 0.0003      |
|    loss                    | 0.475       |
|    n_updates               | 450         |
|    policy_gradient_loss    | 0.0022      |
|    std                     | 0.454       |
|    value_loss              | 1.69        |
--------------------------------------------
--------------------------------------------
| curriculum/                |             |
|    stage                   | 2           |
|    window_cost             | 0.0333      |
|    window_route_completion | 0.905       |
|    window_success          | 0.367       |
| paper/                     |             |
|    accel_variation         | 0.536       |
|    base_reward             | 468         |
|    collision               | 0           |
|    crash_object            | 0           |
|    crash_vehicle           | 0           |
|    episode_cost            | 0           |
|    episode_length          | 1000        |
|    jerk                    | 0.477       |
|    lane_deviation          | 0.135       |
|    max_lane_deviation      | 0.828       |
|    mean_speed_kmh          | 18.7        |
|    min_ttc                 | 9.02        |
|    out_of_road             | 0           |
|    route_completion        | 0.824       |
|    shaped_reward           | 468         |
|    steering_variation      | 0.368       |
|    success                 | 0           |
|    ttc_risk                | 0.000784    |
| rollout/                   |             |
|    ep_len_mean             | 930         |
|    ep_rew_mean             | 401         |
|    success_rate            | 0.28        |
| time/                      |             |
|    fps                     | 1015        |
|    iterations              | 47          |
|    time_elapsed            | 758         |
|    total_timesteps         | 770048      |
| train/                     |             |
|    approx_kl               | 0.015552134 |
|    clip_fraction           | 0.224       |
|    clip_range              | 0.2         |
|    entropy_loss            | -1.18       |
|    explained_variance      | 0.826       |
|    learning_rate           | 0.0003      |
|    loss                    | 1.13        |
|    n_updates               | 460         |
|    policy_gradient_loss    | 0.00363     |
|    std                     | 0.454       |
|    value_loss              | 3.03        |
--------------------------------------------
--------------------------------------------
| curriculum/                |             |
|    stage                   | 2           |
|    window_cost             | 0.0667      |
|    window_route_completion | 0.863       |
|    window_success          | 0.267       |
| paper/                     |             |
|    accel_variation         | 0.507       |
|    base_reward             | 179         |
|    collision               | 1           |
|    crash_object            | 0           |
|    crash_vehicle           | 1           |
|    episode_cost            | 1           |
|    episode_length          | 447         |
|    jerk                    | 0.425       |
|    lane_deviation          | 0.165       |
|    max_lane_deviation      | 0.518       |
|    mean_speed_kmh          | 17.4        |
|    min_ttc                 | 1.33        |
|    out_of_road             | 0           |
|    route_completion        | 0.348       |
|    shaped_reward           | 179         |
|    steering_variation      | 0.384       |
|    success                 | 0           |
|    ttc_risk                | 0.0525      |
| rollout/                   |             |
|    ep_len_mean             | 934         |
|    ep_rew_mean             | 409         |
|    success_rate            | 0.28        |
| time/                      |             |
|    fps                     | 1009        |
|    iterations              | 48          |
|    time_elapsed            | 778         |
|    total_timesteps         | 786432      |
| train/                     |             |
|    approx_kl               | 0.015681889 |
|    clip_fraction           | 0.248       |
|    clip_range              | 0.2         |
|    entropy_loss            | -1.16       |
|    explained_variance      | 0.825       |
|    learning_rate           | 0.0003      |
|    loss                    | 1.16        |
|    n_updates               | 470         |
|    policy_gradient_loss    | 0.00885     |
|    std                     | 0.448       |
|    value_loss              | 2.21        |
--------------------------------------------
--------------------------------------------
| curriculum/                |             |
|    stage                   | 2           |
|    window_cost             | 0.0667      |
|    window_route_completion | 0.872       |
|    window_success          | 0.3         |
| paper/                     |             |
|    accel_variation         | 0.537       |
|    base_reward             | 449         |
|    collision               | 0           |
|    crash_object            | 0           |
|    crash_vehicle           | 0           |
|    episode_cost            | 0           |
|    episode_length          | 1000        |
|    jerk                    | 0.497       |
|    lane_deviation          | 0.157       |
|    max_lane_deviation      | 0.793       |
|    mean_speed_kmh          | 18.8        |
|    min_ttc                 | nan         |
|    out_of_road             | 0           |
|    route_completion        | 0.919       |
|    shaped_reward           | 449         |
|    steering_variation      | 0.36        |
|    success                 | 0           |
|    ttc_risk                | 0           |
| rollout/                   |             |
|    ep_len_mean             | 938         |
|    ep_rew_mean             | 417         |
|    success_rate            | 0.27        |
| time/                      |             |
|    fps                     | 1005        |
|    iterations              | 49          |
|    time_elapsed            | 798         |
|    total_timesteps         | 802816      |
| train/                     |             |
|    approx_kl               | 0.027637865 |
|    clip_fraction           | 0.223       |
|    clip_range              | 0.2         |
|    entropy_loss            | -1.13       |
|    explained_variance      | 0.801       |
|    learning_rate           | 0.0003      |
|    loss                    | 0.693       |
|    n_updates               | 480         |
|    policy_gradient_loss    | 0.00621     |
|    std                     | 0.445       |
|    value_loss              | 1.76        |
--------------------------------------------
--------------------------------------------
| curriculum/                |             |
|    stage                   | 2           |
|    window_cost             | 0.1         |
|    window_route_completion | 0.872       |
|    window_success          | 0.3         |
| paper/                     |             |
|    accel_variation         | 0.533       |
|    base_reward             | 211         |
|    collision               | 1           |
|    crash_object            | 0           |
|    crash_vehicle           | 1           |
|    episode_cost            | 1           |
|    episode_length          | 472         |
|    jerk                    | 0.474       |
|    lane_deviation          | 0.119       |
|    max_lane_deviation      | 0.619       |
|    mean_speed_kmh          | 18.4        |
|    min_ttc                 | 0.511       |
|    out_of_road             | 0           |
|    route_completion        | 0.407       |
|    shaped_reward           | 211         |
|    steering_variation      | 0.365       |
|    success                 | 0           |
|    ttc_risk                | 0.00419     |
| rollout/                   |             |
|    ep_len_mean             | 944         |
|    ep_rew_mean             | 427         |
|    success_rate            | 0.28        |
| time/                      |             |
|    fps                     | 1000        |
|    iterations              | 50          |
|    time_elapsed            | 818         |
|    total_timesteps         | 819200      |
| train/                     |             |
|    approx_kl               | 0.028142974 |
|    clip_fraction           | 0.255       |
|    clip_range              | 0.2         |
|    entropy_loss            | -1.11       |
|    explained_variance      | 0.782       |
|    learning_rate           | 0.0003      |
|    loss                    | 0.591       |
|    n_updates               | 490         |
|    policy_gradient_loss    | 0.00868     |
|    std                     | 0.441       |
|    value_loss              | 1.77        |
--------------------------------------------
--------------------------------------------
| curriculum/                |             |
|    stage                   | 2           |
|    window_cost             | 0.167       |
|    window_route_completion | 0.824       |
|    window_success          | 0.3         |
| paper/                     |             |
|    accel_variation         | 0.535       |
|    base_reward             | 481         |
|    collision               | 0           |
|    crash_object            | 0           |
|    crash_vehicle           | 0           |
|    episode_cost            | 0           |
|    episode_length          | 1000        |
|    jerk                    | 0.496       |
|    lane_deviation          | 0.118       |
|    max_lane_deviation      | 0.451       |
|    mean_speed_kmh          | 18.8        |
|    min_ttc                 | 11.8        |
|    out_of_road             | 0           |
|    route_completion        | 0.751       |
|    shaped_reward           | 481         |
|    steering_variation      | 0.351       |
|    success                 | 0           |
|    ttc_risk                | 2.32e-05    |
| rollout/                   |             |
|    ep_len_mean             | 932         |
|    ep_rew_mean             | 422         |
|    success_rate            | 0.32        |
| time/                      |             |
|    fps                     | 995         |
|    iterations              | 51          |
|    time_elapsed            | 839         |
|    total_timesteps         | 835584      |
| train/                     |             |
|    approx_kl               | 0.051227637 |
|    clip_fraction           | 0.271       |
|    clip_range              | 0.2         |
|    entropy_loss            | -1.1        |
|    explained_variance      | 0.8         |
|    learning_rate           | 0.0003      |
|    loss                    | 1.07        |
|    n_updates               | 500         |
|    policy_gradient_loss    | 0.013       |
|    std                     | 0.442       |
|    value_loss              | 1.99        |
--------------------------------------------
-------------------------------------------
| curriculum/                |            |
|    stage                   | 2          |
|    window_cost             | 0.133      |
|    window_route_completion | 0.832      |
|    window_success          | 0.367      |
| paper/                     |            |
|    accel_variation         | 0.534      |
|    base_reward             | 331        |
|    collision               | 0          |
|    crash_object            | 0          |
|    crash_vehicle           | 0          |
|    episode_cost            | 0          |
|    episode_length          | 659        |
|    jerk                    | 0.465      |
|    lane_deviation          | 0.137      |
|    max_lane_deviation      | 0.514      |
|    mean_speed_kmh          | 18.9       |
|    min_ttc                 | nan        |
|    out_of_road             | 0          |
|    route_completion        | 0.985      |
|    shaped_reward           | 331        |
|    steering_variation      | 0.355      |
|    success                 | 1          |
|    ttc_risk                | 0          |
| rollout/                   |            |
|    ep_len_mean             | 930        |
|    ep_rew_mean             | 425        |
|    success_rate            | 0.31       |
| time/                      |            |
|    fps                     | 991        |
|    iterations              | 52         |
|    time_elapsed            | 859        |
|    total_timesteps         | 851968     |
| train/                     |            |
|    approx_kl               | 0.02594757 |
|    clip_fraction           | 0.218      |
|    clip_range              | 0.2        |
|    entropy_loss            | -1.1       |
|    explained_variance      | 0.783      |
|    learning_rate           | 0.0003     |
|    loss                    | 1.77       |
|    n_updates               | 510        |
|    policy_gradient_loss    | 0.00371    |
|    std                     | 0.438      |
|    value_loss              | 3.27       |
-------------------------------------------
--------------------------------------------
| curriculum/                |             |
|    stage                   | 2           |
|    window_cost             | 0.167       |
|    window_route_completion | 0.874       |
|    window_success          | 0.4         |
| paper/                     |             |
|    accel_variation         | 0.511       |
|    base_reward             | 454         |
|    collision               | 0           |
|    crash_object            | 0           |
|    crash_vehicle           | 0           |
|    episode_cost            | 0           |
|    episode_length          | 1000        |
|    jerk                    | 0.472       |
|    lane_deviation          | 0.146       |
|    max_lane_deviation      | 0.753       |
|    mean_speed_kmh          | 18.4        |
|    min_ttc                 | 0.65        |
|    out_of_road             | 0           |
|    route_completion        | 0.945       |
|    shaped_reward           | 454         |
|    steering_variation      | 0.34        |
|    success                 | 0           |
|    ttc_risk                | 0.00633     |
| rollout/                   |             |
|    ep_len_mean             | 923         |
|    ep_rew_mean             | 424         |
|    success_rate            | 0.34        |
| time/                      |             |
|    fps                     | 986         |
|    iterations              | 53          |
|    time_elapsed            | 880         |
|    total_timesteps         | 868352      |
| train/                     |             |
|    approx_kl               | 0.008508779 |
|    clip_fraction           | 0.183       |
|    clip_range              | 0.2         |
|    entropy_loss            | -1.08       |
|    explained_variance      | 0.789       |
|    learning_rate           | 0.0003      |
|    loss                    | 0.938       |
|    n_updates               | 520         |
|    policy_gradient_loss    | 0.00222     |
|    std                     | 0.437       |
|    value_loss              | 2.67        |
--------------------------------------------
--------------------------------------------
| curriculum/                |             |
|    stage                   | 2           |
|    window_cost             | 0.0667      |
|    window_route_completion | 0.888       |
|    window_success          | 0.333       |
| paper/                     |             |
|    accel_variation         | 0.541       |
|    base_reward             | 449         |
|    collision               | 0           |
|    crash_object            | 0           |
|    crash_vehicle           | 0           |
|    episode_cost            | 0           |
|    episode_length          | 937         |
|    jerk                    | 0.493       |
|    lane_deviation          | 0.155       |
|    max_lane_deviation      | 0.449       |
|    mean_speed_kmh          | 18.7        |
|    min_ttc                 | 8.93        |
|    out_of_road             | 0           |
|    route_completion        | 0.992       |
|    shaped_reward           | 449         |
|    steering_variation      | 0.346       |
|    success                 | 1           |
|    ttc_risk                | 0.000583    |
| rollout/                   |             |
|    ep_len_mean             | 933         |
|    ep_rew_mean             | 424         |
|    success_rate            | 0.33        |
| time/                      |             |
|    fps                     | 983         |
|    iterations              | 54          |
|    time_elapsed            | 899         |
|    total_timesteps         | 884736      |
| train/                     |             |
|    approx_kl               | 0.030841384 |
|    clip_fraction           | 0.188       |
|    clip_range              | 0.2         |
|    entropy_loss            | -1.08       |
|    explained_variance      | 0.802       |
|    learning_rate           | 0.0003      |
|    loss                    | 1           |
|    n_updates               | 530         |
|    policy_gradient_loss    | 0.0031      |
|    std                     | 0.438       |
|    value_loss              | 3.07        |
--------------------------------------------
--------------------------------------------
| curriculum/                |             |
|    stage                   | 2           |
|    window_cost             | 0.0333      |
|    window_route_completion | 0.914       |
|    window_success          | 0.4         |
| paper/                     |             |
|    accel_variation         | 0.545       |
|    base_reward             | 452         |
|    collision               | 0           |
|    crash_object            | 0           |
|    crash_vehicle           | 0           |
|    episode_cost            | 0           |
|    episode_length          | 1000        |
|    jerk                    | 0.498       |
|    lane_deviation          | 0.174       |
|    max_lane_deviation      | 0.63        |
|    mean_speed_kmh          | 18.8        |
|    min_ttc                 | 9.76        |
|    out_of_road             | 0           |
|    route_completion        | 0.701       |
|    shaped_reward           | 452         |
|    steering_variation      | 0.359       |
|    success                 | 0           |
|    ttc_risk                | 0.000349    |
| rollout/                   |             |
|    ep_len_mean             | 929         |
|    ep_rew_mean             | 420         |
|    success_rate            | 0.35        |
| time/                      |             |
|    fps                     | 978         |
|    iterations              | 55          |
|    time_elapsed            | 921         |
|    total_timesteps         | 901120      |
| train/                     |             |
|    approx_kl               | 0.042015836 |
|    clip_fraction           | 0.259       |
|    clip_range              | 0.2         |
|    entropy_loss            | -1.08       |
|    explained_variance      | 0.747       |
|    learning_rate           | 0.0003      |
|    loss                    | 0.558       |
|    n_updates               | 540         |
|    policy_gradient_loss    | 0.00664     |
|    std                     | 0.441       |
|    value_loss              | 2.06        |
--------------------------------------------
--------------------------------------------
| curriculum/                |             |
|    stage                   | 2           |
|    window_cost             | 0.0667      |
|    window_route_completion | 0.864       |
|    window_success          | 0.3         |
| paper/                     |             |
|    accel_variation         | 0.522       |
|    base_reward             | 470         |
|    collision               | 0           |
|    crash_object            | 0           |
|    crash_vehicle           | 0           |
|    episode_cost            | 0           |
|    episode_length          | 1000        |
|    jerk                    | 0.49        |
|    lane_deviation          | 0.146       |
|    max_lane_deviation      | 0.705       |
|    mean_speed_kmh          | 19          |
|    min_ttc                 | 16.7        |
|    out_of_road             | 0           |
|    route_completion        | 0.981       |
|    shaped_reward           | 470         |
|    steering_variation      | 0.354       |
|    success                 | 0           |
|    ttc_risk                | 0           |
| rollout/                   |             |
|    ep_len_mean             | 925         |
|    ep_rew_mean             | 418         |
|    success_rate            | 0.34        |
| time/                      |             |
|    fps                     | 975         |
|    iterations              | 56          |
|    time_elapsed            | 940         |
|    total_timesteps         | 917504      |
| train/                     |             |
|    approx_kl               | 0.014733699 |
|    clip_fraction           | 0.251       |
|    clip_range              | 0.2         |
|    entropy_loss            | -1.07       |
|    explained_variance      | 0.836       |
|    learning_rate           | 0.0003      |
|    loss                    | 0.689       |
|    n_updates               | 550         |
|    policy_gradient_loss    | 0.00748     |
|    std                     | 0.438       |
|    value_loss              | 1.58        |
--------------------------------------------
--------------------------------------------
| curriculum/                |             |
|    stage                   | 2           |
|    window_cost             | 0.0667      |
|    window_route_completion | 0.852       |
|    window_success          | 0.3         |
| paper/                     |             |
|    accel_variation         | 0.536       |
|    base_reward             | 460         |
|    collision               | 0           |
|    crash_object            | 0           |
|    crash_vehicle           | 0           |
|    episode_cost            | 0           |
|    episode_length          | 1000        |
|    jerk                    | 0.481       |
|    lane_deviation          | 0.168       |
|    max_lane_deviation      | 0.439       |
|    mean_speed_kmh          | 19          |
|    min_ttc                 | 13.3        |
|    out_of_road             | 0           |
|    route_completion        | 0.905       |
|    shaped_reward           | 460         |
|    steering_variation      | 0.325       |
|    success                 | 0           |
|    ttc_risk                | 0           |
| rollout/                   |             |
|    ep_len_mean             | 933         |
|    ep_rew_mean             | 422         |
|    success_rate            | 0.34        |
| time/                      |             |
|    fps                     | 972         |
|    iterations              | 57          |
|    time_elapsed            | 960         |
|    total_timesteps         | 933888      |
| train/                     |             |
|    approx_kl               | 0.041149862 |
|    clip_fraction           | 0.289       |
|    clip_range              | 0.2         |
|    entropy_loss            | -1.04       |
|    explained_variance      | 0.759       |
|    learning_rate           | 0.0003      |
|    loss                    | 1.38        |
|    n_updates               | 560         |
|    policy_gradient_loss    | 0.012       |
|    std                     | 0.432       |
|    value_loss              | 2.44        |
--------------------------------------------
--------------------------------------------
| curriculum/                |             |
|    stage                   | 2           |
|    window_cost             | 0.0667      |
|    window_route_completion | 0.841       |
|    window_success          | 0.367       |
| paper/                     |             |
|    accel_variation         | 0.516       |
|    base_reward             | 381         |
|    collision               | 0           |
|    crash_object            | 0           |
|    crash_vehicle           | 0           |
|    episode_cost            | 0           |
|    episode_length          | 1000        |
|    jerk                    | 0.474       |
|    lane_deviation          | 0.282       |
|    max_lane_deviation      | 0.811       |
|    mean_speed_kmh          | 18          |
|    min_ttc                 | 5.8         |
|    out_of_road             | 0           |
|    route_completion        | 0.75        |
|    shaped_reward           | 381         |
|    steering_variation      | 0.327       |
|    success                 | 0           |
|    ttc_risk                | 0.00295     |
| rollout/                   |             |
|    ep_len_mean             | 936         |
|    ep_rew_mean             | 418         |
|    success_rate            | 0.33        |
| time/                      |             |
|    fps                     | 966         |
|    iterations              | 58          |
|    time_elapsed            | 983         |
|    total_timesteps         | 950272      |
| train/                     |             |
|    approx_kl               | 0.023988076 |
|    clip_fraction           | 0.222       |
|    clip_range              | 0.2         |
|    entropy_loss            | -1.03       |
|    explained_variance      | 0.845       |
|    learning_rate           | 0.0003      |
|    loss                    | 0.557       |
|    n_updates               | 570         |
|    policy_gradient_loss    | 0.000436    |
|    std                     | 0.433       |
|    value_loss              | 1.7         |
--------------------------------------------
--------------------------------------------
| curriculum/                |             |
|    stage                   | 2           |
|    window_cost             | 0.0333      |
|    window_route_completion | 0.871       |
|    window_success          | 0.267       |
| paper/                     |             |
|    accel_variation         | 0.556       |
|    base_reward             | 391         |
|    collision               | 0           |
|    crash_object            | 0           |
|    crash_vehicle           | 0           |
|    episode_cost            | 0           |
|    episode_length          | 1000        |
|    jerk                    | 0.488       |
|    lane_deviation          | 0.257       |
|    max_lane_deviation      | 0.758       |
|    mean_speed_kmh          | 18.9        |
|    min_ttc                 | 11.8        |
|    out_of_road             | 0           |
|    route_completion        | 0.732       |
|    shaped_reward           | 391         |
|    steering_variation      | 0.339       |
|    success                 | 0           |
|    ttc_risk                | 1.5e-05     |
| rollout/                   |             |
|    ep_len_mean             | 939         |
|    ep_rew_mean             | 411         |
|    success_rate            | 0.32        |
| time/                      |             |
|    fps                     | 962         |
|    iterations              | 59          |
|    time_elapsed            | 1004        |
|    total_timesteps         | 966656      |
| train/                     |             |
|    approx_kl               | 0.014021328 |
|    clip_fraction           | 0.222       |
|    clip_range              | 0.2         |
|    entropy_loss            | -1.02       |
|    explained_variance      | 0.787       |
|    learning_rate           | 0.0003      |
|    loss                    | 0.948       |
|    n_updates               | 580         |
|    policy_gradient_loss    | 0.00305     |
|    std                     | 0.429       |
|    value_loss              | 2.37        |
--------------------------------------------
--------------------------------------------
| curriculum/                |             |
|    stage                   | 2           |
|    window_cost             | 0.0333      |
|    window_route_completion | 0.879       |
|    window_success          | 0.367       |
| paper/                     |             |
|    accel_variation         | 0.488       |
|    base_reward             | 400         |
|    collision               | 0           |
|    crash_object            | 0           |
|    crash_vehicle           | 0           |
|    episode_cost            | 0           |
|    episode_length          | 1000        |
|    jerk                    | 0.488       |
|    lane_deviation          | 0.204       |
|    max_lane_deviation      | 0.748       |
|    mean_speed_kmh          | 17.4        |
|    min_ttc                 | 0.142       |
|    out_of_road             | 0           |
|    route_completion        | 0.882       |
|    shaped_reward           | 400         |
|    steering_variation      | 0.32        |
|    success                 | 0           |
|    ttc_risk                | 0.0502      |
| rollout/                   |             |
|    ep_len_mean             | 933         |
|    ep_rew_mean             | 407         |
|    success_rate            | 0.33        |
| time/                      |             |
|    fps                     | 957         |
|    iterations              | 60          |
|    time_elapsed            | 1026        |
|    total_timesteps         | 983040      |
| train/                     |             |
|    approx_kl               | 0.034513906 |
|    clip_fraction           | 0.265       |
|    clip_range              | 0.2         |
|    entropy_loss            | -1          |
|    explained_variance      | 0.765       |
|    learning_rate           | 0.0003      |
|    loss                    | 0.789       |
|    n_updates               | 590         |
|    policy_gradient_loss    | 0.00551     |
|    std                     | 0.425       |
|    value_loss              | 1.5         |
--------------------------------------------
--------------------------------------------
| curriculum/                |             |
|    stage                   | 2           |
|    window_cost             | 0.0667      |
|    window_route_completion | 0.891       |
|    window_success          | 0.433       |
| paper/                     |             |
|    accel_variation         | 0.498       |
|    base_reward             | 416         |
|    collision               | 0           |
|    crash_object            | 0           |
|    crash_vehicle           | 0           |
|    episode_cost            | 0           |
|    episode_length          | 906         |
|    jerk                    | 0.494       |
|    lane_deviation          | 0.165       |
|    max_lane_deviation      | 0.482       |
|    mean_speed_kmh          | 18.1        |
|    min_ttc                 | 2.02        |
|    out_of_road             | 0           |
|    route_completion        | 0.989       |
|    shaped_reward           | 416         |
|    steering_variation      | 0.328       |
|    success                 | 1           |
|    ttc_risk                | 0.0139      |
| rollout/                   |             |
|    ep_len_mean             | 929         |
|    ep_rew_mean             | 404         |
|    success_rate            | 0.34        |
| time/                      |             |
|    fps                     | 952         |
|    iterations              | 61          |
|    time_elapsed            | 1048        |
|    total_timesteps         | 999424      |
| train/                     |             |
|    approx_kl               | 0.019767324 |
|    clip_fraction           | 0.226       |
|    clip_range              | 0.2         |
|    entropy_loss            | -0.995      |
|    explained_variance      | 0.785       |
|    learning_rate           | 0.0003      |
|    loss                    | 0.699       |
|    n_updates               | 600         |
|    policy_gradient_loss    | 0.00656     |
|    std                     | 0.428       |
|    value_loss              | 2.14        |
--------------------------------------------
--------------------------------------------
| curriculum/                |             |
|    stage                   | 2           |
|    window_cost             | 0.167       |
|    window_route_completion | 0.862       |
|    window_success          | 0.4         |
| paper/                     |             |
|    accel_variation         | 0.528       |
|    base_reward             | 373         |
|    collision               | 0           |
|    crash_object            | 0           |
|    crash_vehicle           | 0           |
|    episode_cost            | 0           |
|    episode_length          | 739         |
|    jerk                    | 0.491       |
|    lane_deviation          | 0.126       |
|    max_lane_deviation      | 0.493       |
|    mean_speed_kmh          | 18.9        |
|    min_ttc                 | nan         |
|    out_of_road             | 0           |
|    route_completion        | 0.991       |
|    shaped_reward           | 373         |
|    steering_variation      | 0.332       |
|    success                 | 1           |
|    ttc_risk                | 0           |
| rollout/                   |             |
|    ep_len_mean             | 924         |
|    ep_rew_mean             | 404         |
|    success_rate            | 0.37        |
| time/                      |             |
|    fps                     | 949         |
|    iterations              | 62          |
|    time_elapsed            | 1070        |
|    total_timesteps         | 1015808     |
| train/                     |             |
|    approx_kl               | 0.019822035 |
|    clip_fraction           | 0.262       |
|    clip_range              | 0.2         |
|    entropy_loss            | -0.989      |
|    explained_variance      | 0.748       |
|    learning_rate           | 0.0003      |
|    loss                    | 0.487       |
|    n_updates               | 610         |
|    policy_gradient_loss    | 0.00561     |
|    std                     | 0.425       |
|    value_loss              | 2.22        |
--------------------------------------------
saved_model=outputs/retune_guard_only_ttc12_v19_nenv16_seed1_1m/runs/guard_only_ppo_s1/model/final_model.zip
/home/aaa/data/qj/stable-baselines3-master/stable_baselines3/common/on_policy_algorithm.py:150: UserWarning: You are trying to run PPO on the GPU, but it is primarily intended to run on the CPU when not using a CNN policy (you are using ActorCriticPolicy which should be a MlpPolicy). See https://github.com/DLR-RM/stable-baselines3/issues/1245 for more info. You can pass `device='cpu'` or `export CUDA_VISIBLE_DEVICES=` to force using the CPU.Note: The model will train, but the GPU utilization will be poor and the training might take longer than on CPU.
  warnings.warn(
         success  route_completion  collision  out_of_road  cost      reward  shield_intervention_rate  shield_soft_rate  shield_hard_rate  overspeed_guard_rate
density                                                                                                                                                         
0.00        0.98          0.990412       0.00          0.0  0.00  568.612437                  0.869425          0.000000          0.000000              0.869425
0.08        0.92          0.954456       0.06          0.0  0.06  538.014869                  0.839276          0.006381          0.002804              0.830091
0.15        0.58          0.861207       0.28          0.0  0.28  461.256658                  0.704484          0.044953          0.017523              0.642007
saved_evaluation=outputs/retune_guard_only_ttc12_v19_nenv16_seed1_1m/evaluations/guard_only_ppo_s1.csv
                         seed  success  route_completion  collision  out_of_road  cost      reward  shaped_reward  episode_length      speed  lane_deviation  steering_variation  accel_variation  ttc_risk   min_ttc
variant    algo density                                                                                                                                                                                              
guard_only ppo  0.00      1.0     0.98          0.990412       0.00          0.0  0.00  568.612437     568.612437         1049.70  19.290029        0.067009            0.006130         0.225093  0.000000       NaN
                0.08      1.0     0.92          0.954456       0.06          0.0  0.06  538.014869     538.014869         1031.28  18.959053        0.084782            0.009171         0.235813  0.002628  7.269250
                0.15      1.0     0.58          0.861207       0.28          0.0  0.28  461.256658     461.256658         1088.94  16.881529        0.152574            0.015154         0.321016  0.017531  2.624329
curve_source=tensorboard
saved_summary=outputs/retune_guard_only_ttc12_v19_nenv16_seed1_1m/evaluations/summary.csv
saved_figures=outputs/retune_guard_only_ttc12_v19_nenv16_seed1_1m/figures
saved_report=outputs/retune_guard_only_ttc12_v19_nenv16_seed1_1m/运行记录.md
end_time=2026-06-30T23:51:30+08:00
