#{"t_start": 1780052010.2774365, "env_id": "None"}
r,l,t,is_success,episode_cost,episode_base_reward,episode_shaped_reward,episode_collision,episode_crash_vehicle,episode_crash_object,episode_out_of_road,episode_route_completion,episode_length,episode_mean_speed,episode_mean_lane_deviation,episode_max_lane_deviation,episode_steering_variation,episode_accel_variation,episode_jerk,episode_ttc_risk,episode_min_ttc,curriculum_stage
6.554936,600,3.455952,0.0,0.0,6.554935824931602,6.554935824931602,0.0,0.0,0.0,0.0,0.12000986687273489,600,0.7105535751571487,0.0906582513126922,0.15182063755309727,0.8617817651480436,0.8191918382979929,0.6144274056578676,0.0,nan,0.0
6.836647,600,6.018782,0.0,0.0,6.836647396593996,6.836647396593996,0.0,0.0,0.0,0.0,0.10218185554549551,600,0.7580432117507513,0.15631787816533094,0.29215394326289423,0.8652952294051647,0.7895881012827158,0.6233269361406565,0.0,nan,0.0
3.523397,600,7.957147,0.0,0.0,3.5233970750852697,3.5233970750852697,0.0,0.0,0.0,0.0,0.11858186267140314,600,0.8948371867178838,1.043107433128778,1.9326553195020069,0.8151573165133595,0.792264954186976,0.6397570330152909,0.0,nan,0.0
12.928757,600,10.387512,0.0,0.0,12.928757283073727,12.928757283073727,0.0,0.0,0.0,0.0,0.16452656309408964,600,1.0747984019109105,0.04781137773806713,0.1184464341815177,0.8127918375842274,0.7607909185066819,0.5916672861327728,0.0,nan,0.0
12.739164,600,12.175504,0.0,0.0,12.739164168481569,12.739164168481569,0.0,0.0,0.0,0.0,0.15440562668312308,600,1.1096420903622162,0.17884295256978985,0.32823588439598206,0.8055990153426925,0.7546198943257332,0.6246104674041271,0.0,nan,0.0
13.689457,600,14.53563,0.0,0.0,13.689456887218507,13.689456887218507,0.0,0.0,0.0,0.0,0.20099626469151494,600,1.4147083242507523,0.3219137754660636,1.130429938256156,0.8215493290002147,0.7385325322548548,0.5785313318173091,0.0,nan,0.0
11.180075,600,16.697804,0.0,0.0,11.180075048566975,11.180075048566975,0.0,0.0,0.0,0.0,0.19756859716594183,600,1.5452643382688527,0.5870180338817376,2.0,0.8018352386914194,0.7504150802642107,0.5729878098766009,0.0,nan,0.0
12.160381,600,18.406002,0.0,0.0,12.160380570641843,12.160380570641843,0.0,0.0,0.0,0.0,0.3033076926157902,600,1.8715079535196912,0.6851273859438829,1.77350786900177,0.824613949401925,0.6417891369263331,0.5218611096342405,0.0,nan,0.0
8.133102,600,20.636449,0.0,0.0,8.133101766354574,8.133101766354574,0.0,0.0,0.0,0.0,0.3542489170911622,600,1.9603289482355195,1.1682205162670125,2.0,0.8635143976317098,0.6518197379012902,0.5118300707141559,0.0,nan,0.0
9.799737,600,22.287935,0.0,0.0,9.799737312703604,9.799737312703604,0.0,0.0,0.0,0.0,0.3020384261825649,600,1.7882657401462783,1.0447775183098118,2.0,0.7907232751945654,0.6808804432054361,0.5290474834044775,0.0,nan,0.0
15.400831,600,24.619456,0.0,0.0,15.40083056188481,15.40083056188481,0.0,0.0,0.0,0.0,0.4667155305622142,600,3.5530803735637746,1.1185868030965673,2.0,0.7614310128831615,0.5008736785749595,0.4308592169483503,0.0,nan,0.0
29.537051,600,27.726014,0.0,0.0,29.53705063801704,29.53705063801704,0.0,0.0,0.0,0.0,0.39891177183612103,600,2.9314380693657887,0.36927495742674527,0.9970999572793793,0.8251683673014244,0.5817545538147291,0.4442442821462949,0.0,nan,0.0
35.239914,600,29.704881,0.0,0.0,35.23991387951619,35.23991387951619,0.0,0.0,0.0,0.0,0.822332037735537,600,4.521224537950302,0.6339747753083419,1.5312577849643125,0.7793857105448843,0.47984286084771155,0.4133464934428533,0.0,nan,0.0
23.016358,598,32.516608,0.0,1.0,23.01635780624261,23.01635780624261,0.0,0.0,0.0,1.0,0.7038330808858451,598,5.435310576230389,0.8113442643582053,2.0,0.8022272545395787,0.43770384030995957,0.3659491147285321,0.0,nan,0.0
-4.586196,237,33.490466,0.0,1.0,-4.586196096407534,-4.586196096407534,0.0,0.0,0.0,1.0,0.32639532918655184,237,4.922695748173147,1.4432883476082352,2.0,0.7843317159369022,0.4631764174513676,0.3976462216819892,0.0,nan,0.0
-1.109832,179,34.079966,0.0,1.0,-1.1098324497166079,-1.1098324497166079,0.0,0.0,0.0,1.0,0.2032349475862105,179,5.039156774514538,0.7684051767925438,2.0,0.7591781202891019,0.45632240559135734,0.4088018433341767,0.0,nan,0.0
-0.939426,247,34.860982,0.0,1.0,-0.939426016043015,-0.939426016043015,0.0,0.0,0.0,1.0,0.37194717551474354,247,5.367503197514242,1.0541214795359188,2.0,0.8507540003370176,0.4534694026356284,0.3685149999282621,0.0,nan,0.0
-2.788961,152,35.3334,0.0,1.0,-2.788960770052242,-2.788960770052242,0.0,0.0,0.0,1.0,0.25579891069807037,152,6.065828863576454,1.1307905984323203,2.0,0.7854334864471304,0.42283337484849126,0.36612803528183385,0.0,nan,0.0
42.817962,600,37.874506,0.0,0.0,42.8179623132943,42.8179623132943,0.0,0.0,0.0,0.0,0.9142756208530944,600,5.814706483010776,0.5480374202005823,1.2843453737843222,0.806485120387127,0.41639388610919315,0.3579238663117091,0.0,nan,0.0
36.046282,600,40.3455,0.0,0.0,36.046281677647556,36.046281677647556,0.0,0.0,0.0,0.0,0.8489553477655083,600,6.106608251199104,0.8621766991083435,2.0,0.7938801144684354,0.4358064550161362,0.356273353099823,0.0,nan,0.0
61.550557,545,42.163679,1.0,0.0,61.550556603617764,61.550556603617764,0.0,0.0,0.0,0.0,0.9854249854913827,545,6.488430978456241,0.5851997356204206,1.5258643116644808,0.8122800877881706,0.37218409426715393,0.32479407546717093,0.0,nan,0.0
26.463424,496,44.432636,0.0,1.0,26.463423590104334,26.463423590104334,0.0,0.0,0.0,1.0,0.895853574435333,496,6.120244860091961,0.6340756626032005,1.4575125377498754,0.7889862729747209,0.3701636507626503,0.31790482997894287,0.0,nan,0.0
73.290531,478,46.142256,1.0,0.0,73.29053136805234,73.29053136805234,0.0,0.0,0.0,0.0,0.9502087026170833,478,7.102884675341489,0.4226409790348399,0.9869943237089959,0.7637872680803472,0.36042986604459115,0.31284803201962713,0.0,nan,0.0
8.374687,176,46.798923,0.0,1.0,8.374687254536955,8.374687254536955,0.0,0.0,0.0,1.0,0.4002052397510266,176,8.324277126386688,0.6657766469372447,1.5309871838005078,0.7232294007712468,0.3152888857505538,0.3042893572287126,0.0,nan,0.0
50.523754,510,49.115447,1.0,0.0,50.523754469286246,50.523754469286246,0.0,0.0,0.0,0.0,0.9962399458492781,510,7.422529940677395,1.0902749169042114,2.0,0.7774946758998376,0.36712196796548136,0.3065936990812713,0.0,nan,0.0
40.888349,418,50.66072,1.0,0.0,40.888348780171384,40.888348780171384,0.0,0.0,0.0,0.0,0.9607488168666065,418,10.385700807797377,1.2153961187374656,2.0,0.7678599132126883,0.3423184053749559,0.30695300467276687,0.0,nan,0.0
31.586378,385,52.427339,1.0,0.0,31.586377580909215,31.586377580909215,0.0,0.0,0.0,0.0,0.9529782468389548,385,9.900622547073018,1.2325092531461908,2.0,0.7507515444964558,0.35139464263792164,0.30017050922691046,0.0,nan,0.0
67.278434,310,53.519814,1.0,0.0,67.27843428822632,67.27843428822632,0.0,0.0,0.0,0.0,0.9502844090012026,310,11.273557606400399,0.6004147666169072,2.0,0.7587623640173866,0.2747156402757091,0.24915416509874405,0.0,nan,0.0
57.691874,358,54.839162,1.0,0.0,57.69187409181824,57.69187409181824,0.0,0.0,0.0,0.0,0.9812067205332543,358,10.700385093725252,0.8750381633037926,2.0,0.7808601204826179,0.35152885600841244,0.29779156226685594,0.0,nan,0.0
67.208721,394,57.574261,1.0,0.0,67.20872140017192,67.20872140017192,0.0,0.0,0.0,0.0,0.9559669994056417,394,10.031048812370509,0.8115013400188725,2.0,0.7306325105846231,0.282018713539627,0.25808815635400373,0.0,nan,0.0
79.414144,420,59.082369,1.0,0.0,79.41414363077357,79.41414363077357,0.0,0.0,0.0,0.0,0.960396782499704,420,10.377399591662206,0.4877440357217044,0.989045958456272,0.8058478935843423,0.26105154426324934,0.22880722284317018,0.0,nan,0.0
72.862766,259,60.030559,1.0,0.0,72.86276640558026,72.86276640558026,0.0,0.0,0.0,0.0,0.9482754334971711,259,12.543959952408398,0.39958497611930693,1.30531279832969,0.7185056847322402,0.25701083939047853,0.2463797395293777,0.0,nan,0.0
70.772654,319,61.802948,1.0,0.0,70.77265434702002,70.77265434702002,0.0,0.0,0.0,0.0,0.9506728693534838,319,10.833793683387547,0.44392854129671583,0.9889722314600604,0.7507477079672873,0.23093614159706619,0.21251935906544747,0.0,nan,0.0
70.339091,287,62.870509,1.0,0.0,70.33909076873715,70.33909076873715,0.0,0.0,0.0,0.0,0.9615049483555148,287,14.970226394261031,0.7357571874766393,2.0,0.7249904824518161,0.23155525856317127,0.2044040313581141,0.0,nan,0.0
40.667589,299,63.870464,0.0,1.0,40.66758913251061,40.66758913251061,0.0,0.0,0.0,1.0,1.0013596228703818,299,12.563803687945967,0.5255641267421787,2.0,0.6681785321106082,0.28362569382358155,0.2562988023694144,0.0,nan,0.0
82.461497,467,65.975901,1.0,0.0,82.46149740763437,82.46149740763437,0.0,0.0,0.0,0.0,0.9632417576939218,467,9.44434340005428,0.4474908035104643,1.184127200743043,0.6883747125048454,0.31370950868349257,0.3054099915114409,0.0,nan,0.0
67.10042,293,66.977571,1.0,0.0,67.10041992554535,67.10041992554535,0.0,0.0,0.0,0.0,0.9502094753373838,293,11.313878922424129,0.5050498668629129,0.9424821019058173,0.7239625717389299,0.24291328012739838,0.21630918979644775,0.0,nan,0.0
83.634781,288,68.085442,1.0,0.0,83.63478131232019,83.63478131232019,0.0,0.0,0.0,0.0,0.9607635777377324,288,14.570204031929668,0.49673961913891623,2.0,0.7227180747367028,0.2197795119136572,0.208615028195911,0.0,nan,1.0
186.572314,800,72.814386,0.0,0.0,186.57231353191827,186.57231353191827,0.0,0.0,0.0,0.0,0.4986344136185209,800,14.189533643152483,0.42927045916869244,1.175693456438218,0.7386790909897536,0.25656256183981896,0.2314918927848339,0.0,nan,1.0
20.777416,170,74.270247,0.0,1.0,20.77741640093434,20.77741640093434,0.0,0.0,0.0,1.0,0.1400094231358932,170,14.843050889996912,0.5144055078740778,2.0,0.6490017916349804,0.26126774689730475,0.23358435280182782,0.0,nan,1.0
182.633468,800,78.879296,0.0,0.0,182.63346802789653,182.63346802789653,0.0,0.0,0.0,0.0,0.8716437838132274,800,13.252937302661945,0.39566144408065396,1.3341910843335538,0.7482157029770314,0.21417315766215325,0.20279909074306487,0.0,nan,1.0
85.365299,383,80.729596,0.0,1.0,85.36529900647159,85.36529900647159,0.0,0.0,0.0,1.0,0.728982596004823,383,16.738743842889544,0.49342268768383934,2.0,0.7518186627184442,0.19588392210380215,0.1872771626664204,0.0,nan,1.0
231.50419,780,84.404463,1.0,0.0,231.50418990201788,231.50418990201788,0.0,0.0,0.0,0.0,0.9858041422208088,780,15.477565214745542,0.3940689811893075,0.9974764344890837,0.7157346432121137,0.20173208339092058,0.19000513813434503,0.0,nan,1.0
209.328479,793,88.226852,1.0,0.0,209.32847862859307,209.32847862859307,0.0,0.0,0.0,0.0,0.986834310163012,793,14.729212984140114,0.41206475258959085,0.9983575608806993,0.7080752059140842,0.22905317771930864,0.21233410282062853,0.0,nan,1.0
216.097836,730,91.953739,1.0,0.0,216.0978360229151,216.0978360229151,0.0,0.0,0.0,0.0,0.9827086622276892,730,14.447230572827678,0.3396876643393262,0.9956362282371203,0.725386759220329,0.20287638780188888,0.18291604747510937,0.0,nan,1.0
173.545123,530,94.426228,1.0,0.0,173.54512293019675,173.54512293019675,0.0,0.0,0.0,0.0,0.9784838246450962,530,15.79476012106744,0.34991786569027034,1.0824915395162658,0.6568828730369514,0.18565091288314675,0.16954642264348155,0.0,nan,1.0
113.677092,417,96.218869,0.0,1.0,113.67709166922448,113.67709166922448,0.0,0.0,0.0,1.0,0.8757310091258248,417,17.794898786305588,0.3766582616636173,1.232138824722514,0.6924050374121832,0.18483126163482666,0.17417945564507867,0.0,nan,1.0
66.512692,473,99.121642,0.0,1.0,66.51269167097307,66.51269167097307,0.0,0.0,0.0,1.0,0.5233269118211965,473,16.428991246374903,0.825175130679927,2.0,0.6478329693729227,0.17701986123341082,0.156696054950577,0.0,nan,1.0
244.049534,668,102.872789,1.0,0.0,244.049534096898,244.049534096898,0.0,0.0,0.0,0.0,0.988197199604172,668,21.005807799075374,0.4659619116610862,2.0,0.6615895798574843,0.1743963009226108,0.16495372908201048,0.0,nan,1.0
250.02021,549,105.353439,1.0,0.0,250.02020971766018,250.02020971766018,0.0,0.0,0.0,0.0,0.9864864768433227,549,25.240752498582363,0.4114359419746125,1.0236061051450989,0.6762715501130604,0.14127657571994107,0.1314033743245137,0.0,nan,1.0
159.24331,447,108.088759,1.0,0.0,159.2433098172619,159.2433098172619,0.0,0.0,0.0,0.0,0.9824652518786356,447,21.368092713385398,0.5379151514667742,2.0,0.6527085585282153,0.1610169277361842,0.15312853115517022,0.0,nan,1.0
276.727129,760,111.527669,1.0,0.0,276.7271293117124,276.7271293117124,0.0,0.0,0.0,0.0,0.9881285272616425,760,16.728054244963616,0.28547407477474657,1.0295117159800213,0.6918295604912074,0.18698595824994538,0.17865321400918457,0.0,nan,1.0
254.60589,792,118.288181,1.0,0.0,254.60589003925742,254.60589003925742,0.0,0.0,0.0,0.0,0.9876766946157659,792,17.13221798680413,0.4289089741353646,2.0,0.7206226367964362,0.17111210404622434,0.15136495059487795,0.0,nan,2.0
343.148127,880,127.643907,1.0,0.0,343.14812740425737,343.14812740425737,0.0,0.0,0.0,0.0,0.9905818031544124,880,22.31310005921784,0.4462723742169491,1.8518365877452716,0.7093965842811899,0.17538467469540509,0.15527767742222007,0.015052198148992254,1.33881335660874,2.0
276.041245,881,136.181904,0.0,1.0,276.04124483990995,276.04124483990995,0.0,0.0,0.0,1.0,0.7156575506940367,881,21.168475297056748,0.5181208829675203,2.0,0.692013694449126,0.1445306825719004,0.13817466671972892,0.0011303993436080548,3.9235803352792304,2.0
67.378121,242,139.202332,0.0,1.0,67.37812093011692,67.37812093011692,0.0,0.0,0.0,1.0,0.17770263252650376,242,17.67928988521854,0.3850596166040104,1.7504037999810398,0.7129428044330975,0.14150243455713446,0.1332273847800641,0.010715968898866345,3.230570971309664,2.0
182.301185,767,147.734638,0.0,1.0,182.30118520910526,182.30118520910526,0.0,0.0,0.0,1.0,0.9747866397576385,767,24.093655844769753,0.6790346693408973,2.0,0.6809509137385517,0.14995339858640747,0.13161876210955006,0.01900043221774492,1.8208509548994058,2.0
45.159171,242,150.262581,0.0,1.0,45.159171208557005,45.159171208557005,0.0,0.0,0.0,1.0,0.3156084936417612,242,19.054849786646763,0.6482385650498994,2.0,0.6487880153966344,0.12485769292539801,0.12323302276863539,0.0,nan,2.0
62.612324,302,153.168097,0.0,1.0,62.612323753413534,62.612323753413534,0.0,0.0,0.0,1.0,0.24067162830913374,302,15.428118247275133,0.44462339132059653,1.7878231493951593,0.6835621533212283,0.14947314057129107,0.14707519952824574,0.0,20.579309009235182,2.0
138.670431,525,159.292881,0.0,1.0,138.67043119876516,138.67043119876516,1.0,1.0,0.0,0.0,0.3940589619316523,525,19.72718368509238,0.5355145258137075,2.0,0.6373988643856275,0.1449815845489502,0.13875004314240955,0.014272292460888987,0.43422611507334263,2.0
22.087004,181,160.920923,0.0,1.0,22.087004183000914,22.087004183000914,0.0,0.0,0.0,1.0,0.17375778437921033,181,21.12108791355064,0.6847857952775721,2.0,0.5906293831806815,0.1841562327759042,0.1517946575228022,0.020084540362418166,2.7580547893073737,2.0
212.972616,645,167.141392,0.0,1.0,212.97261640764253,212.97261640764253,0.0,0.0,0.0,1.0,0.6428857284452528,645,22.13588578407797,0.43816830615361124,1.7855332297749307,0.6727728739727376,0.13188042917916942,0.11650435739709425,0.0016557019653442022,2.75108600562042,2.0
226.458105,687,172.899849,0.0,1.0,226.45810485414336,226.45810485414336,0.0,0.0,0.0,1.0,0.7032141530543854,687,21.509381429184256,0.44933760527248046,1.7246956148013832,0.6557327613690014,0.10279531761721926,0.09921951463996409,0.0,264.08344947197537,2.0
362.58598,1000,184.289681,0.0,0.0,362.58598018779537,362.58598018779537,0.0,0.0,0.0,0.0,0.9591699283626208,1000,24.98784492384497,0.5356433167318085,2.0,0.6662166521903128,0.12419434821605682,0.11749318289756774,0.004397781845483252,3.122678985394535,2.0
320.628995,1000,193.208913,0.0,0.0,320.6289946360103,320.6289946360103,0.0,0.0,0.0,0.0,0.9079904094190053,1000,19.22506406902637,0.43944642909204623,1.6286362190452452,0.6702199503686279,0.13052474915981294,0.12569779509305953,0.0,6.279018640917849,2.0
87.184713,260,196.089492,0.0,1.0,87.1847125085766,87.1847125085766,0.0,0.0,0.0,1.0,0.17978322539486202,260,19.339496220775334,0.3263621687028497,1.6796679770194933,0.715752588183834,0.15233333867329818,0.15102502130545103,0.0024121773669468945,3.3721796411602023,2.0
131.777895,473,200.423425,0.0,1.0,131.77789547969576,131.77789547969576,0.0,0.0,0.0,1.0,0.46380322530183465,473,24.37315708100769,0.5740648438392945,2.0,0.6680710918366531,0.11597671544072996,0.10397592583872046,0.0,6.5599184744239585,2.0
98.379193,399,204.837889,0.0,1.0,98.379192647508,98.379192647508,1.0,1.0,0.0,0.0,0.38606964946986605,399,22.699896987305397,0.7349552031870304,2.0,0.6446039799535483,0.11731447432572979,0.10724673056064692,0.01605992230018014,0.3510692239259239,2.0
191.60719,619,210.889735,0.0,1.0,191.6071899351758,191.6071899351758,0.0,0.0,0.0,1.0,0.5838918143374126,619,25.645149528625357,0.6540242896137772,2.0,0.6230455691383036,0.12746046384817564,0.11646932950890315,0.007178192868406114,3.4362929242768776,2.0
61.13798,278,213.233623,0.0,1.0,61.13798044750233,61.13798044750233,0.0,0.0,0.0,1.0,0.2686707392393968,278,22.24771966684828,0.6702667228360921,2.0,0.7097365443708656,0.11860672003931279,0.11665673050091421,0.0,53.69431403284055,2.0
107.5265,358,217.586858,0.0,1.0,107.52650042528356,107.52650042528356,0.0,0.0,0.0,1.0,0.32256735543555193,358,23.41750317777268,0.4942071909255302,2.0,0.6794255258172085,0.126434820324349,0.12565541300693703,0.0,236.2245328303552,2.0
111.855972,387,222.067597,0.0,1.0,111.85597187394663,111.85597187394663,0.0,0.0,0.0,1.0,0.40058277999412634,387,25.35755289475805,0.6551193810169751,2.0,0.5955502773979221,0.13768375813190945,0.1347122836174583,0.0,9.986709065765043,2.0
313.07591,1000,232.33243,0.0,0.0,313.0759097763075,313.0759097763075,0.0,0.0,0.0,0.0,0.8357551587702411,1000,18.760587369652914,0.43423125269304275,1.6102543638780396,0.6733157186880707,0.15015836375951766,0.13661260175704956,0.0,7.437609694107414,2.0
72.637456,365,236.447309,0.0,1.0,72.63745583628841,72.63745583628841,0.0,0.0,0.0,1.0,0.27629074379061147,365,23.013499383816054,0.5779187458340486,2.0,0.6670048289511302,0.1295491381867291,0.12463117331674654,0.0,nan,2.0
3.587926,104,237.709115,0.0,1.0,3.5879257415319543,3.5879257415319543,1.0,1.0,0.0,0.0,0.08491669314319344,104,15.412160159516715,0.6270152764756693,1.4268503687099514,0.6156144716705267,0.14811440729177916,0.14288084782086885,0.07429248999403876,0.3393403286139673,2.0
370.691317,954,250.897292,0.0,1.0,370.6913170932897,370.6913170932897,1.0,1.0,0.0,0.0,0.8056080277569921,954,22.994770085922234,0.3960092254613631,1.4570215740525068,0.6909430160439052,0.1603801605336571,0.14208163042988167,0.04851140549273756,0.0032199125589215056,2.0
100.047487,408,256.392572,0.0,1.0,100.04748715444164,100.04748715444164,0.0,0.0,0.0,1.0,0.33010304934284407,408,24.484837174618843,0.7657116822450462,2.0,0.6289846096005217,0.1472057881308537,0.1379498129381853,0.002630564032020865,3.534405426623854,2.0
303.070536,832,264.90162,1.0,0.0,303.07053601984563,303.07053601984563,0.0,0.0,0.0,0.0,0.9899830647746988,832,22.038761625668982,0.47123883566574787,1.472852559776184,0.6474366867825245,0.09700644675355691,0.09609924572018477,0.0,7.590454824792275,2.0
115.052608,460,268.558304,0.0,1.0,115.05260792910202,115.05260792910202,0.0,0.0,0.0,1.0,0.4919348812890971,460,21.97639690159379,0.6475114773846492,2.0,0.6466942036281461,0.12200475982997729,0.1105591128701749,0.0,9.84573461045075,2.0
319.289559,848,278.619449,1.0,0.0,319.2895586631814,319.2895586631814,0.0,0.0,0.0,0.0,0.9908111238974032,848,22.30984670217811,0.47054615535688205,1.8229628114418681,0.6443175667686001,0.12366459849026967,0.11691956896826906,0.0,6.282814150697044,2.0
341.187413,752,284.786228,1.0,0.0,341.18741289711267,341.18741289711267,0.0,0.0,0.0,0.0,0.9904534251779706,752,24.43500122587475,0.38879176430957774,1.0357537364443,0.6338063259906275,0.13920976126447637,0.14097471503501244,0.010538436144405182,1.8457011356929707,2.0
267.145814,645,292.821896,1.0,0.0,267.1458140097669,267.1458140097669,0.0,0.0,0.0,0.0,0.9988689204700792,645,22.32103988478087,0.3963353051942607,1.5991665744378973,0.6273553242979124,0.14327304049055706,0.13631536738817082,0.0011023437359815615,3.037484739481144,2.0
40.132576,139,293.941861,0.0,1.0,40.13257577224835,40.13257577224835,0.0,0.0,0.0,1.0,0.12541031671229771,139,16.91130762014865,0.22453896833606363,1.5364442194014083,0.65071790949475,0.13720821133620448,0.14289118746201768,0.0,nan,2.0
152.039753,452,298.867137,0.0,1.0,152.0397526689537,152.0397526689537,0.0,0.0,0.0,1.0,0.7643052761356421,452,24.453239747553265,0.4963375395522196,2.0,0.6475970547283645,0.14716346548721854,0.13350300556790512,0.05409450456776248,0.6534883255864121,2.0
332.986173,882,310.420813,0.0,1.0,332.98617289612315,332.98617289612315,0.0,0.0,0.0,1.0,0.7242718170271973,882,25.49681084305421,0.4818597188852256,2.0,0.6207681746642335,0.16069969136158085,0.14365811115489796,0.0008993345557755973,4.434685645747311,2.0
306.692566,699,317.314612,1.0,0.0,306.692566180433,306.692566180433,0.0,0.0,0.0,0.0,0.989831345209148,699,23.10937949632546,0.3788930404836835,1.243833643628351,0.6836603704855934,0.11578778971588834,0.11016192337303543,0.019739988542906,1.0506107932874247,2.0
255.536141,658,324.461124,0.0,1.0,255.53614104416874,255.53614104416874,0.0,0.0,0.0,1.0,0.6589894477194116,658,25.64898572316893,0.42965978522482157,1.4593821745444915,0.619795510873742,0.14332460424095664,0.13557321992688628,0.016142658053519856,3.0709144829340658,2.0
84.388484,347,328.589561,0.0,1.0,84.38848446977643,84.38848446977643,0.0,0.0,0.0,1.0,0.45848124456576916,347,25.474322815942603,0.4746027865910657,2.0,0.6046170033407142,0.09959114181892328,0.09802435729276894,0.0,7.727664304084589,2.0
124.51236,415,334.458117,0.0,1.0,124.5123597507162,124.5123597507162,0.0,0.0,0.0,1.0,0.3914963992841214,415,23.67121895987059,0.48509095539642083,2.0,0.629029322963163,0.09710705768631166,0.09334003121019846,5.0712672828193935e-05,5.873725444657797,2.0
332.469447,887,342.903289,0.0,1.0,332.469447462935,332.469447462935,1.0,1.0,0.0,0.0,0.9097324881484702,887,23.47729339294103,0.42594598897976105,1.3188252690553008,0.6841046864916533,0.100882805321101,0.09214050793997196,0.003189153951669021,3.712283261493032,2.0
96.794634,295,346.325732,0.0,1.0,96.79463353257202,96.79463353257202,0.0,0.0,0.0,1.0,0.2637562059451993,295,25.566666505367646,0.5110153282212778,2.0,0.6411320646688089,0.07291165691311076,0.07277737431607004,0.0,16.98137801514092,2.0
230.168466,625,352.457543,0.0,1.0,230.16846582627957,230.16846582627957,0.0,0.0,0.0,1.0,0.7013260497042384,625,23.5548166715672,0.43579490798823,1.9789329165967078,0.6542075171947479,0.06578736124038696,0.06601266736984253,0.0,nan,2.0
131.405543,295,355.938291,0.0,1.0,131.40554292292853,131.40554292292853,1.0,1.0,0.0,0.0,0.47052613597541404,295,22.763381892900693,0.2460797289309615,0.7586392768428467,0.6804124498266285,0.09639245857626705,0.10444164518582619,0.02069968945837247,1.0861944520652804,2.0
215.503344,574,362.110867,0.0,1.0,215.50334432272368,215.50334432272368,1.0,1.0,0.0,0.0,0.9423581147708389,574,31.37910252470299,0.6632278276657144,2.0,0.6057062348681875,0.11907620691671604,0.11054271958015521,0.022269995929787293,0.31871177230403075,2.0
211.815329,588,369.409965,0.0,1.0,211.81532855440457,211.81532855440457,1.0,1.0,0.0,0.0,0.703739289797467,588,27.365843609307607,0.6911197757802259,2.0,0.6268389344874288,0.11643504255077466,0.11397067290179584,0.07520336038060364,0.05947185010248431,2.0
115.461984,321,372.521808,0.0,1.0,115.46198420128539,115.46198420128539,0.0,0.0,0.0,1.0,0.3775884024266046,321,24.93840155232198,0.45185767944434396,2.0,0.547408650295571,0.08262244860331218,0.07837767801552176,0.01507846386081814,3.586219753654694,2.0
328.387336,680,380.842004,0.0,1.0,328.3873355273252,328.3873355273252,0.0,0.0,0.0,1.0,0.7952141094371805,680,30.22026470042204,0.44692590317580216,2.0,0.6405337594559087,0.06882077508112963,0.0696756106965682,0.0,12.19319662546798,2.0
38.000356,111,382.111942,0.0,1.0,38.00035589989167,38.00035589989167,1.0,1.0,0.0,0.0,0.1294366568797944,111,18.50480705263243,0.1459768643424529,0.5864766931114228,0.7199596441812344,0.046124581818108086,0.0457478074340133,0.01670438000498748,0.3502321495125647,2.0
135.560013,291,385.173451,0.0,1.0,135.56001324835128,135.56001324835128,1.0,1.0,0.0,0.0,0.3702506399745413,291,27.278870701937517,0.37339082128332496,0.978376780722956,0.6271845626667193,0.05507031298175301,0.05675159901687779,0.10460066151878204,1.2467880710628776,2.0
71.560105,241,388.585812,0.0,1.0,71.56010451141557,71.56010451141557,0.0,0.0,0.0,1.0,0.19255335695108042,241,21.858390431454232,0.42153448911522456,1.144912969414703,0.6217329799510631,0.05887322504985382,0.061796626609390705,0.0,nan,2.0
98.452129,260,391.85041,0.0,1.0,98.45212889308996,98.45212889308996,0.0,0.0,0.0,1.0,0.2669778145894175,260,23.53459168926105,0.40545452147008554,2.0,0.659215202039251,0.08453261852264404,0.080743264234983,0.005012444593951985,3.8716419074812918,2.0
428.238439,906,402.019686,1.0,0.0,428.23843932166886,428.23843932166886,0.0,0.0,0.0,0.0,0.9919543077650812,906,25.59209204460287,0.3869236664856747,1.6659264934154914,0.6291635183835398,0.0976269053044435,0.0966609986149449,0.004011271419544122,2.4544825618143604,2.0
287.466985,587,408.499856,1.0,0.0,287.466984865023,287.466984865023,0.0,0.0,0.0,0.0,0.9869084021016717,587,24.791166868077433,0.3387679329087296,1.1668069714725968,0.6082921934264888,0.08341963693271097,0.07991663398287771,0.019353876450976255,0.2734249359624719,2.0
122.965269,368,417.232025,0.0,1.0,122.96526903035067,122.96526903035067,0.0,0.0,0.0,1.0,0.39534610261808867,368,26.23203517270695,0.4818910321286715,2.0,0.6752245554943448,0.11681325085785078,0.11481055018046628,0.0011310724045869552,5.2468420005627605,2.0
191.325274,496,429.231833,0.0,1.0,191.3252742643967,191.3252742643967,0.0,0.0,0.0,1.0,0.5499674005741171,496,28.113754673411663,0.4886878989733526,2.0,0.6230381172405736,0.08770902575023713,0.08797549576528611,0.0021079774048830473,3.9307549319773623,2.0
82.224435,261,434.500107,0.0,1.0,82.22443477886821,82.22443477886821,0.0,0.0,0.0,1.0,0.33621380294722647,261,24.15281684039581,0.4905974978771422,2.0,0.5989919046503831,0.04470125057688161,0.04628422022779326,0.0,nan,2.0
300.932815,620,446.939044,1.0,0.0,300.9328147414366,300.9328147414366,0.0,0.0,0.0,0.0,0.9882451807559138,620,26.695499565111167,0.40755204643996934,1.1274879737200112,0.6185348337456104,0.1004094204595012,0.09962539480578515,0.022277934772266358,1.0740237440606688,2.0
190.743825,444,454.777859,0.0,1.0,190.74382528742,190.74382528742,1.0,1.0,0.0,0.0,0.6020928204807157,444,25.722000343144614,0.3865498311981159,0.9917246272336274,0.5748081276998729,0.11413239909184945,0.11303034639573312,0.044565042366875265,1.724708034866402,2.0
246.926931,592,468.396052,0.0,1.0,246.92693050107874,246.92693050107874,0.0,0.0,0.0,1.0,0.7621903811982365,592,25.23116163281199,0.38872626239643004,1.8769656637755159,0.6119235398222667,0.11419979200975315,0.1127152471123515,0.0,37.829647164105545,2.0
164.810196,291,474.687955,0.0,1.0,164.81019591882898,164.81019591882898,1.0,1.0,0.0,0.0,0.4436483891807545,291,30.749430080039552,0.30423297588746495,0.8406517574086526,0.6279259352493531,0.09675211042063343,0.09552506175647486,0.06294670529619459,1.1856430175787072,2.0
324.336323,614,488.670626,1.0,0.0,324.3363229515907,324.3363229515907,0.0,0.0,0.0,0.0,0.9891264222680277,614,25.663879811814134,0.33357364688088137,1.1437301473113721,0.6006008789355863,0.07729466322578903,0.07063973454776727,0.0,6.863782318846371,2.0
350.156204,779,506.312984,0.0,1.0,350.15620428805863,350.15620428805863,1.0,1.0,0.0,0.0,0.9233812445967334,779,26.833372317651538,0.42616954177661337,1.8249053263813155,0.6331684628216997,0.15355956011161265,0.14036471868204062,0.025066265587985883,1.3448134333162893,2.0
302.427573,645,518.434146,0.0,1.0,302.4275729802309,302.4275729802309,1.0,1.0,0.0,0.0,0.7458800505315684,645,26.577540989862904,0.3441537521345055,0.9890051538765805,0.6031663634056269,0.1131932724353879,0.1078542942224547,0.015329174389150909,0.42246938351719915,2.0
379.458571,637,535.263351,1.0,0.0,379.4585708375377,379.4585708375377,0.0,0.0,0.0,0.0,0.9899463992800389,637,30.58573704517024,0.35300585305741267,0.9992585996445243,0.5895477605156098,0.06701304287513721,0.06777140465411512,0.00634316894260355,3.691350681834224,2.0
18.904004,108,538.600131,0.0,1.0,18.904004451061965,18.904004451061965,1.0,1.0,0.0,0.0,0.06874679854493462,108,16.58913578677862,0.4032590801859786,0.9892391423406491,0.5862722247838974,0.0858992029119421,0.09412374982127437,0.05333712519580852,0.7713917201576457,2.0
323.23505,579,551.122101,1.0,0.0,323.2350495205482,323.2350495205482,0.0,0.0,0.0,0.0,0.9890368043423691,579,26.90470165082426,0.33848806532315784,0.9515067913194458,0.6287663977123501,0.07940407820522065,0.0755953913319708,0.005422507743571312,1.1670351091102367,2.0
354.99926,726,567.105177,1.0,0.0,354.9992599382233,354.9992599382233,0.0,0.0,0.0,0.0,0.9892543155849483,726,25.13503442398786,0.358123413936322,0.9869920914644683,0.5531219129576335,0.11562033280853398,0.11289086190793797,0.013659506915649008,3.4466995455614846,2.0
106.181654,306,575.948087,0.0,1.0,106.18165411105376,106.18165411105376,0.0,0.0,0.0,1.0,0.28454224484240204,306,23.369279261201747,0.4922729203625482,2.0,0.5582746015800759,0.16140178761451074,0.1486752056608013,0.007301290232171029,4.596266604420961,2.0
164.866959,438,585.656055,0.0,1.0,164.86695893725124,164.86695893725124,0.0,0.0,0.0,1.0,0.5052663658966156,438,24.702548075797836,0.3754637895469489,1.714938798150107,0.5480681421175667,0.13587679737779104,0.12918572719783,0.01729030811623516,1.0319313064624471,2.0
29.944798,104,588.714312,0.0,1.0,29.944798436861277,29.944798436861277,1.0,1.0,0.0,0.0,0.08599718564061772,104,19.007283481390246,0.24129960663837388,0.6083070134063439,0.5983203573582264,0.16069058959300703,0.15294989599631384,0.01541898048932802,0.7377063441512883,2.0
369.607756,734,605.317097,1.0,0.0,369.60775601839407,369.60775601839407,0.0,0.0,0.0,0.0,0.9922993969466948,734,29.348306134525895,0.44849152096086575,2.0,0.6088325443400999,0.1401061245141302,0.1275550709270976,0.012372643195312142,2.627130764288078,2.0
203.995596,537,615.206747,0.0,1.0,203.99559575989733,203.99559575989733,0.0,0.0,0.0,1.0,0.7299014823326523,537,23.54213107444382,0.39653536411407836,1.0305339888854002,0.6080725299579471,0.09658719041494018,0.08770624840947724,0.0,6.514184973381127,2.0
344.986768,673,630.423415,1.0,0.0,344.9867684661578,344.9867684661578,0.0,0.0,0.0,0.0,0.9865623149539978,673,29.64969723144716,0.4315924075328736,1.1437109399458285,0.5597874116357333,0.12923234107767137,0.12058179463532492,0.01358483863822665,0.7086785530837632,2.0
176.017414,342,638.017343,0.0,1.0,176.01741355300757,176.01741355300757,1.0,1.0,0.0,0.0,0.5703247229167585,342,27.638144785808432,0.2985942939402245,0.9911066863550225,0.6508757378143525,0.10339975531338251,0.10699833763970269,0.020641759461030588,0.5628873967556928,2.0
326.267512,701,654.327696,1.0,0.0,326.26751184451837,326.26751184451837,0.0,0.0,0.0,0.0,0.9896079830874137,701,26.868769423432727,0.45107868026770576,2.0,0.5659501610400843,0.12613088802332204,0.12351423153353486,0.017486408124633618,0.7002771504338552,2.0
198.541129,356,661.87669,0.0,1.0,198.5411289886897,198.5411289886897,1.0,1.0,0.0,0.0,0.4297322627463878,356,31.045295682307135,0.3398071390869893,0.9961265607642495,0.610387393723378,0.08068730857934844,0.0784044861793518,0.0112672111813762,3.7759563275808765,2.0
164.882263,462,673.656648,0.0,1.0,164.88226268945508,164.88226268945508,0.0,0.0,0.0,1.0,0.45599874279512637,462,26.939104796975226,0.5207107331465786,2.0,0.593641837163792,0.09629684531843508,0.09251768274224682,0.021445146534369786,2.863807451942069,2.0
257.644999,645,686.526116,0.0,1.0,257.64499897355716,257.64499897355716,1.0,1.0,0.0,0.0,0.6142284631006778,645,24.353816235346844,0.37596516342062547,0.9875866823225019,0.6189440271997637,0.1555703610412834,0.14684502542480943,0.03109317317776661,0.3035018778218275,2.0
194.584798,468,697.623714,0.0,1.0,194.58479761421017,194.58479761421017,1.0,1.0,0.0,0.0,0.7642347567330869,468,27.605398712536466,0.42615795243887017,1.019767320483371,0.6102167220674773,0.0696292001212764,0.07308444571800721,0.005808954208007342,1.7690526962957496,2.0
28.948311,147,701.43235,0.0,1.0,28.9483111715848,28.9483111715848,0.0,0.0,0.0,1.0,0.1170623182244509,147,20.518096810451492,0.46125189292850555,1.6603433810024297,0.5597749081801395,0.12894840062070054,0.13698135022403432,0.0,7.291945894435675,2.0
318.414609,730,719.148655,0.0,1.0,318.41460946282814,318.41460946282814,1.0,1.0,0.0,0.0,0.7993919248145966,730,25.163466022369978,0.374735370015298,1.6935444869073375,0.5825046573599724,0.11617455874403862,0.10921535393963121,0.03547404643491753,1.8338900004783438,2.0
99.120782,220,724.947397,0.0,1.0,99.12078207416525,99.12078207416525,1.0,1.0,0.0,0.0,0.46285525493414015,220,25.831147137144736,0.33103261190539307,0.9970978100905645,0.5874030914157629,0.06865933781320399,0.06985919719392603,0.004451158706098136,0.12447050795046098,2.0
110.586589,232,730.196657,0.0,1.0,110.58658907907036,110.58658907907036,1.0,1.0,0.0,0.0,0.4515577490354778,232,27.555934717747018,0.291915476276024,0.977592375609749,0.5851955631234008,0.03482367560781281,0.0356009350768451,0.07388946488874928,1.1156519862107919,2.0
118.415516,298,736.434301,0.0,1.0,118.41551588803935,118.41551588803935,0.0,0.0,0.0,1.0,0.34149525769641204,298,27.549435486546145,0.382076299086703,1.095439443508711,0.6056834104777182,0.07287391720202145,0.07291709936705211,0.0007304978316720459,5.029532611620442,2.0
152.031158,388,747.953957,0.0,1.0,152.03115766214395,152.03115766214395,0.0,0.0,0.0,1.0,0.7435202111241765,388,28.3128898262463,0.4299650184149019,1.0281174735379854,0.5905800617309576,0.07404660072523295,0.07492074063143779,0.005925981112478315,4.329154865105076,2.0
42.915174,146,751.21315,0.0,1.0,42.915174204479186,42.915174204479186,0.0,0.0,0.0,1.0,0.21029033039837963,146,21.315210896614246,0.3401798360155077,1.0387458979539534,0.5330176813757583,0.09374796446055582,0.0945005327054899,0.0,nan,2.0
67.392298,192,755.430837,0.0,1.0,67.39229807344412,67.39229807344412,0.0,0.0,0.0,1.0,0.25539567164702964,192,26.579504823526438,0.4306721382536713,1.142925154555297,0.5737710408090303,0.06662885782619317,0.07370162786295016,0.01052840816971584,3.3269725497957445,1.0
166.153513,292,760.401941,1.0,0.0,166.15351322976818,166.15351322976818,0.0,0.0,0.0,0.0,0.981466408192755,292,28.684411316118513,0.3946025625685296,0.9919181368240721,0.5565713458783823,0.08859940628482871,0.08708052480057495,0.0,nan,1.0
56.068407,158,764.139097,0.0,1.0,56.068406623757824,56.068406623757824,0.0,0.0,0.0,1.0,0.25690970277736386,158,25.784377186904234,0.38474305036265216,1.0685882572053815,0.6060819389369292,0.04805861243718787,0.05427360534667969,0.03619796288218394,3.6494114989562663,1.0
103.905636,253,768.001298,0.0,1.0,103.90563634124895,103.90563634124895,0.0,0.0,0.0,1.0,0.5680590109583297,253,25.752032819973238,0.3360777033682298,1.6618225263737516,0.561065681514297,0.05720671127907372,0.061159280449034195,0.0,nan,1.0
109.354124,239,771.778191,0.0,1.0,109.3541236479865,109.3541236479865,0.0,0.0,0.0,1.0,0.5959972269885334,239,28.680839159558012,0.392106327097979,1.0277204982814567,0.6281106975786855,0.04314664018702806,0.04721747581928844,0.0,10.35458273267062,1.0
65.093284,162,774.800476,0.0,1.0,65.09328446869672,65.09328446869672,0.0,0.0,0.0,1.0,0.321902888416255,162,29.933369935791482,0.346012700385716,1.1128311874797847,0.5707882252970228,0.038279967543519575,0.044065877243324565,0.0,nan,1.0
223.554334,580,785.099788,0.0,1.0,223.55433356560167,223.55433356560167,0.0,0.0,0.0,1.0,0.984760549081436,580,30.119234943279626,0.5163603545447087,1.5687519393810838,0.5950482625642727,0.07085303499780853,0.06978607814887475,0.0,21.426258756086625,1.0
107.343731,261,788.723692,0.0,1.0,107.34373088115177,107.34373088115177,0.0,0.0,0.0,1.0,0.6558315907979614,261,29.245901034248543,0.444082933420531,1.061506287157381,0.5183263608322289,0.03819582380097488,0.0405075207523916,0.0,30.141522872595157,1.0
7.051446,70,790.081385,0.0,1.0,7.051446228956504,7.051446228956504,0.0,0.0,0.0,1.0,0.08566444128889106,70,15.436004516190671,0.3025097200234005,1.076753905776643,0.5917606031256063,0.014285714285714285,0.02857142857142857,0.0,nan,1.0
111.097531,429,798.076813,0.0,1.0,111.09753082397363,111.09753082397363,0.0,0.0,0.0,1.0,0.8984218880592372,429,26.267573176828556,0.4946226605226849,1.132016824423951,0.5464191099146863,0.04646503425144649,0.0474115543432169,0.0,nan,1.0
32.781029,124,799.694613,0.0,1.0,32.781028907506496,32.781028907506496,0.0,0.0,0.0,1.0,0.27503847886516114,124,23.487749372835033,0.4594759716909793,1.2458137562595082,0.5902000049189213,0.06344534264456841,0.06937493960703572,0.0,nan,1.0
132.607008,270,803.819929,0.0,1.0,132.60700833042864,132.60700833042864,0.0,0.0,0.0,1.0,0.621275758241826,270,26.141485619094176,0.2601350545351284,1.0361158499794652,0.6215025580867574,0.05314487572069521,0.058546104696061876,0.0,nan,1.0
188.518589,364,810.098569,0.0,1.0,188.51858880969314,188.51858880969314,0.0,0.0,0.0,1.0,0.8105471656289567,364,30.323456224945563,0.3596023282729627,2.0,0.606001128882661,0.06428652870786059,0.06675660151701707,0.002389153944380943,3.8751501008863283,1.0
137.882965,250,815.515301,0.0,1.0,137.88296508109798,137.88296508109798,0.0,0.0,0.0,1.0,0.5932752959207164,250,31.461584343269756,0.34910590525843876,1.6029226054863368,0.595389468729496,0.0331744441986084,0.0371744441986084,0.0,nan,1.0
31.75571,147,817.499079,0.0,1.0,31.755709598653944,31.755709598653944,0.0,0.0,0.0,1.0,0.41703383000181626,147,25.021153136682592,0.5025751797032487,1.0246638822568088,0.5561743615841379,0.0193513315551135,0.024656174134234994,0.0,nan,1.0
264.969751,485,824.893811,1.0,0.0,264.9697512469038,264.9697512469038,0.0,0.0,0.0,0.0,0.9894818917286615,485,32.87423464301462,0.44035285199455,2.0,0.5532058876660682,0.07910181271661189,0.07692937187312805,0.0,13.439927735380682,1.0
116.029609,325,830.403425,0.0,1.0,116.02960856299231,116.02960856299231,0.0,0.0,0.0,1.0,0.6342642261909084,325,27.34586427429762,0.47295634333086267,1.484679042555216,0.610868805291561,0.07270383578080397,0.07574496819422795,0.0,nan,1.0
44.815145,217,835.839045,0.0,1.0,44.81514459938227,44.81514459938227,0.0,0.0,0.0,1.0,0.40072592851012157,217,23.680670352624173,0.586150770674409,1.7892002148758859,0.6360457515352608,0.08312926753874748,0.09243848576523742,0.0,nan,1.0
180.022596,498,843.545177,1.0,0.0,180.02259571311743,180.02259571311743,0.0,0.0,0.0,0.0,0.9915798156212805,498,26.120682309504417,0.5225645208117403,1.3949176128609353,0.5570653459304068,0.08124218192923979,0.07430869340896606,0.0,nan,1.0
323.311172,585,854.60869,1.0,0.0,323.3111722520806,323.3111722520806,0.0,0.0,0.0,0.0,0.9903442028209266,585,31.30012864829099,0.42737862917054753,0.9970097103317561,0.5768142832459038,0.061659057731302376,0.06060933862995897,0.0,nan,1.0
145.390886,357,860.905413,1.0,0.0,145.39088608628515,145.39088608628515,0.0,0.0,0.0,0.0,0.986127961723071,357,24.164020137866004,0.43605173541697045,0.9950855649266025,0.5195687131053593,0.08296010808116581,0.07569489692773472,0.0,nan,1.0
163.866578,314,866.310946,0.0,1.0,163.86657759405875,163.86657759405875,1.0,1.0,0.0,0.0,0.764781420031908,314,31.691769068425543,0.3934638055223956,0.9880986118804537,0.5974573551374636,0.04910196126646297,0.045688284430534215,0.02727314443109397,3.332277940099607,1.0
28.451208,116,868.493724,0.0,1.0,28.451207820213526,28.451207820213526,0.0,0.0,0.0,1.0,0.1825210489109424,116,22.247191010862515,0.2642404006678413,1.077960180361395,0.5915461244254276,0.06336877263825515,0.061469324703874256,0.0,nan,1.0
43.201375,143,872.769581,0.0,1.0,43.20137485096066,43.20137485096066,0.0,0.0,0.0,1.0,0.2664095314852543,143,20.996924405746206,0.27698251169595306,2.0,0.665526925201912,0.061801661144603386,0.07496400229580752,0.0,nan,1.0
-0.968963,50,873.700345,0.0,1.0,-0.9689626187362173,-0.9689626187362173,0.0,0.0,0.0,1.0,0.05140147935848047,50,13.974404682872917,0.32970495921171705,1.0541922345290329,0.6498398122191429,0.08228597164154053,0.10228597164154053,0.0,7.852712787146002,1.0
56.250803,152,876.034644,0.0,1.0,56.25080283838133,56.25080283838133,0.0,0.0,0.0,1.0,0.38506004941652466,152,27.09345494227697,0.39880034482407223,1.0664782507720614,0.5593037345005494,0.07102425474869578,0.0760987440222188,0.0,nan,1.0
30.628403,128,878.581635,0.0,1.0,30.628402795179902,30.628402795179902,0.0,0.0,0.0,1.0,0.21520286861392607,128,26.883080166764056,0.5489825795210568,2.0,0.5437521375715733,0.09482377488166094,0.09322102461010218,0.0,nan,1.0
74.074831,195,881.575093,0.0,1.0,74.07483125761601,74.07483125761601,0.0,0.0,0.0,1.0,0.5760493579480794,195,28.636710801947373,0.42065069892214585,2.0,0.5551451926430067,0.038664817810058594,0.03943957426609137,0.0,nan,0.0
66.819477,128,883.364564,1.0,0.0,66.81947707681266,66.81947707681266,0.0,0.0,0.0,0.0,0.9550096404295122,128,25.33023951989777,0.47172606114866583,0.9952703751382117,0.5764157655939925,0.03247118182480335,0.03739234618842602,0.0,nan,0.0
35.670145,165,885.295613,0.0,1.0,35.67014509407785,35.67014509407785,0.0,0.0,0.0,1.0,0.7771270119869227,165,21.106084276544497,0.4911786829774875,1.0496152199758046,0.6737330693187136,0.05624687310421106,0.06230747916481712,0.0,nan,0.0
16.989201,158,888.733934,0.0,1.0,16.989201221045114,16.989201221045114,0.0,0.0,0.0,1.0,0.718393836566789,158,16.71394988147405,0.4291294054609071,1.0539262234982398,0.6262754796520819,0.06784173054031178,0.07581808446328851,0.0,nan,0.0
88.701951,185,890.672346,1.0,0.0,88.70195101082894,88.70195101082894,0.0,0.0,0.0,0.0,0.9669367256571045,185,23.219477177855236,0.42747990709093775,0.9767451966217359,0.5447878970487697,0.06478398941658639,0.061076397509188265,0.0,nan,0.0
82.69847,164,892.53603,1.0,0.0,82.69846985638837,82.69846985638837,0.0,0.0,0.0,0.0,0.966067258899803,164,25.801060529469037,0.4449271689819484,0.9962465095309855,0.5555115691045436,0.02604687940783617,0.032144440383445924,0.0,nan,0.0
75.527725,149,894.191586,1.0,0.0,75.52772530127604,75.52772530127604,0.0,0.0,0.0,0.0,0.961788631693358,149,28.278324168592583,0.4606140424091152,0.9964436096678171,0.5062676322140149,0.03465567819224108,0.04136708758821423,0.0,nan,0.0
94.790422,179,896.089551,1.0,0.0,94.79042173591957,94.79042173591957,0.0,0.0,0.0,0.0,0.9644908652476355,179,23.921654626761775,0.33523713612325257,0.9936173278509874,0.578804204583834,0.03489404483880411,0.04048063701757506,0.0,nan,0.0
74.606815,150,897.741009,1.0,0.0,74.60681531403672,74.60681531403672,0.0,0.0,0.0,0.0,0.953363943938861,150,23.208683746000222,0.42941146343357683,0.9634586876924317,0.5812031445403893,0.07019546270370483,0.07262293656667074,0.0,nan,1.0
45.471115,156,902.231294,0.0,1.0,45.47111480751164,45.47111480751164,0.0,0.0,0.0,1.0,0.33812970737488307,156,23.111770083476493,0.534679898633569,2.0,0.527214719221378,0.08584170119884686,0.09118410295400864,0.0,nan,1.0
-8.309355,41,903.646024,0.0,1.0,-8.309354856111625,-8.309354856111625,0.0,0.0,0.0,1.0,0.01787842222920569,41,12.225327519060963,0.7904187534133799,2.0,0.2517966522676189,0.11092775042464094,0.14514550348607505,0.0,nan,1.0
-8.374496,43,905.303763,0.0,1.0,-8.374495579499872,-8.374495579499872,0.0,0.0,0.0,1.0,0.024259479049190364,43,13.43175933619401,0.3786309072752811,0.9512122916817676,0.05307112530220386,0.09715284857639046,0.12040866252987883,0.0,nan,1.0
-8.168731,42,906.478054,0.0,1.0,-8.168731262134314,-8.168731262134314,0.0,0.0,0.0,1.0,0.030229283214402353,42,14.381769960299629,0.44760778144855107,0.9447822094839925,0.10139656137852442,0.05772834164755685,0.08153786545708067,0.0,nan,1.0
-8.506558,34,907.353271,0.0,1.0,-8.50655772336475,-8.50655772336475,0.0,0.0,0.0,1.0,0.023437801517310418,34,12.26174226692392,0.7779734550136325,2.0,0.28852394924444313,0.03454817743862376,0.06395994214450612,0.0,nan,1.0
-8.382564,35,908.600504,0.0,1.0,-8.382564228410532,-8.382564228410532,0.0,0.0,0.0,1.0,0.03142152089900111,35,12.94707746554588,1.1674707966104274,2.0,0.3408095078808921,0.02857142857142857,0.05714285714285714,0.0,nan,1.0
-8.310579,43,909.892011,0.0,1.0,-8.310578667771082,-8.310578667771082,0.0,0.0,0.0,1.0,0.02230935670526286,43,13.480879644910553,0.34912996799587204,1.0122961728892217,0.07285048102223596,0.023255813953488372,0.046511627906976744,0.0,nan,1.0
-8.345484,42,911.222037,0.0,1.0,-8.345483997641137,-8.345483997641137,0.0,0.0,0.0,1.0,0.022294706806560836,42,13.438973218861799,0.4450654392735661,0.9887159575480245,0.06584041459219796,0.11626172633398146,0.14007125014350527,0.0,nan,1.0
-8.066302,44,912.389261,0.0,1.0,-8.066302354699806,-8.066302354699806,0.0,0.0,0.0,1.0,0.022508647922572685,44,12.86758053454787,0.5138614026908741,0.9749909571301211,0.13185703618959946,0.07653145085681569,0.09925872358408841,0.0,nan,0.0
-8.420005,37,913.080903,0.0,1.0,-8.420005393108887,-8.420005393108887,0.0,0.0,0.0,1.0,0.07507836010823071,37,11.798082662505388,1.2076559012974244,2.0,0.4958757250695615,0.1393627540485279,0.15565394066475532,0.0,nan,0.0
-8.076225,49,914.01121,0.0,1.0,-8.076224714214218,-8.076224714214218,0.0,0.0,0.0,1.0,0.10999417960574664,49,14.147211550890864,1.3567349173797276,2.0,0.45407935794518917,0.11956379243305751,0.13997195569836363,0.0,nan,0.0
-8.103861,44,914.809963,0.0,1.0,-8.103861056238811,-8.103861056238811,0.0,0.0,0.0,1.0,0.07727227496157014,44,13.200092835012045,0.36229621477455676,0.9683512718132643,0.12284174832430753,0.09990578618916598,0.1226330589164387,0.0,nan,0.0
-8.01031,42,915.520219,0.0,1.0,-8.010309893991243,-8.010309893991243,0.0,0.0,0.0,1.0,0.06670574602989801,42,13.84569214795308,0.5131977889811324,0.9906086586031639,0.06561194431214105,0.07181482087998163,0.0784959736324492,0.0,nan,0.0
-8.085434,43,916.213401,0.0,1.0,-8.085434267713259,-8.085434267713259,0.0,0.0,0.0,1.0,0.05777718851017392,43,13.87566624444097,0.46483056883582224,0.9657361699415066,0.1305902558703755,0.08625342956809111,0.08197870642639869,0.0,nan,0.0
-8.342721,44,916.958405,0.0,1.0,-8.342721306340177,-8.342721306340177,0.0,0.0,0.0,1.0,0.09294883601948846,44,12.220573197916464,1.3296125449981793,2.0,0.43610684167255054,0.12644623897292398,0.14007422598925504,0.0,nan,0.0
-8.438202,37,917.527024,0.0,1.0,-8.438202377458927,-8.438202377458927,0.0,0.0,0.0,1.0,0.0959602049550988,37,12.265949548747509,1.160608616878526,2.0,0.31513714468156967,0.11927021516335977,0.12119251972920186,0.0,nan,0.0
-8.404376,38,918.135374,0.0,1.0,-8.40437628018393,-8.40437628018393,0.0,0.0,0.0,1.0,0.11381967016013005,38,11.906458307492034,1.2058633423453167,2.0,0.3656683893580186,0.115767124452089,0.1420829139257732,0.0,nan,0.0
-8.060561,45,918.968485,0.0,1.0,-8.060560908293091,-8.060560908293091,0.0,0.0,0.0,1.0,0.061024594796748655,45,13.765321520128035,0.3538611987716408,0.9672304666880954,0.08764092524846395,0.10864053832160102,0.10529675483703613,0.0,nan,0.0
-7.903345,47,919.675704,0.0,1.0,-7.903344965165642,-7.903344965165642,0.0,0.0,0.0,1.0,0.0695296301448568,47,13.774050887347599,0.5785869389046577,1.7500237105320409,0.17114217991524555,0.044300587887459615,0.06557718363214046,0.0,nan,0.0
-8.260682,43,920.371094,0.0,1.0,-8.260682334464406,-8.260682334464406,0.0,0.0,0.0,1.0,0.07045975516106759,43,13.508505528874746,0.3893691147015068,0.98947676782992,0.11143088063528371,0.05376218917757966,0.07701800313106803,0.0,nan,0.0
-8.086292,47,921.189632,0.0,1.0,-8.086292118389146,-8.086292118389146,0.0,0.0,0.0,1.0,0.07130153240860873,47,13.353511978155517,0.5168411083750397,1.007321865029683,0.13644379504183504,0.14223525371957332,0.14711721399997144,0.0,nan,0.0
-8.119529,45,921.932114,0.0,1.0,-8.119528743300028,-8.119528743300028,0.0,0.0,0.0,1.0,0.06232720224271402,45,12.93103809840702,0.4302324653458924,1.020090217301941,0.07390262020958795,0.09905998971727159,0.11792714595794677,0.0,nan,0.0
-8.462047,41,922.621587,0.0,1.0,-8.462047495625267,-8.462047495625267,0.0,0.0,0.0,1.0,0.07009274040611609,41,12.09069148788544,1.3160447780713287,2.0,0.48434703106560356,0.23874343895330663,0.20066377884004175,0.0,nan,0.0
-8.214769,44,923.335113,0.0,1.0,-8.214768684111892,-8.214768684111892,0.0,0.0,0.0,1.0,0.07150174383163649,44,13.213976948686259,0.9507111500955833,2.0,0.10738206722519615,0.08225999637083574,0.10498726909810846,0.0,nan,0.0
-8.742202,32,925.396931,0.0,1.0,-8.742202156333775,-8.742202156333775,0.0,0.0,0.0,1.0,0.06377959186864518,32,11.055091976392964,0.9040871722513594,2.0,0.14302400592714548,0.07570061832666397,0.09870161861181259,0.0,nan,0.0
-7.718588,47,926.163805,0.0,1.0,-7.7185875057650755,-7.7185875057650755,0.0,0.0,0.0,1.0,0.06319553208565122,47,13.667245048402107,0.47769496819020263,1.6369452879897008,0.23293509255064296,0.03651386118949728,0.056170332939066786,0.0,nan,0.0
-7.975995,44,926.802912,0.0,1.0,-7.975995354304075,-7.975995354304075,0.0,0.0,0.0,1.0,0.07216844618925887,44,13.584136884759324,0.4303863424623869,0.9747504878258041,0.07948146624998613,0.08286647363142534,0.10559374635869806,0.0,nan,0.0
-8.410691,34,927.433808,0.0,1.0,-8.410690779445568,-8.410690779445568,0.0,0.0,0.0,1.0,0.08250624633061912,34,12.745482896150042,0.862496110570575,2.0,0.19641266061979182,0.07293119150049546,0.08532620177549474,0.0,nan,0.0
-8.077573,42,928.191638,0.0,1.0,-8.077573390838115,-8.077573390838115,0.0,0.0,0.0,1.0,0.05715376867575507,42,13.739639934961016,0.41065228618690697,1.0070019086731123,0.07474029064178467,0.09018694786798387,0.08932057448795863,0.0,nan,0.0
-8.301484,42,928.873493,0.0,1.0,-8.301483687349716,-8.301483687349716,0.0,0.0,0.0,1.0,0.07361138072922138,42,11.329566231761818,0.9393534796225868,2.0,0.40805558931259883,0.0676132355417524,0.09142275935127622,0.0,nan,0.0
-7.95351,43,929.556997,0.0,1.0,-7.953510351407184,-7.953510351407184,0.0,0.0,0.0,1.0,0.0661007939188333,43,13.648864275119871,0.5175204741757594,1.118140164188006,0.09986172443212465,0.04445568905320278,0.06771150300669115,0.0,nan,0.0
-8.074685,42,930.272326,0.0,1.0,-8.074684990470121,-8.074684990470121,0.0,0.0,0.0,1.0,0.06574743033555751,42,13.738425716602814,0.9874021811656765,2.0,0.09682782207216535,0.043728530406951904,0.06286598245302837,0.0,nan,0.0
-7.89586,48,931.081649,0.0,1.0,-7.895860176784622,-7.895860176784622,0.0,0.0,0.0,1.0,0.060590406674032184,48,14.502459061708954,0.3679241608491272,1.002191940293109,0.18847729514042535,0.1460078457991282,0.11006889243920644,0.0,nan,0.0
-8.401905,37,931.744085,0.0,1.0,-8.40190453003766,-8.40190453003766,0.0,0.0,0.0,1.0,0.0922407555055076,37,14.286216483482386,1.2487660758245214,2.0,0.3026565353612642,0.05594929005648639,0.08297631708351341,0.0,nan,0.0
-8.15301,42,932.405115,0.0,1.0,-8.153010466039314,-8.153010466039314,0.0,0.0,0.0,1.0,0.06028140834376802,42,14.071154957449117,0.43133926520557064,0.9384880175433649,0.10162239982968285,0.042669421150570826,0.06095849332355317,0.0,nan,0.0
-8.5086,39,933.070045,0.0,1.0,-8.508600074001693,-8.508600074001693,0.0,0.0,0.0,1.0,0.1065344506392645,39,11.989213938843628,1.286382714539855,2.0,0.5294951888231131,0.04943985816759941,0.07508088380862506,0.0,nan,0.0
-8.403569,45,933.791054,0.0,1.0,-8.40356923406753,-8.40356923406753,0.0,0.0,0.0,1.0,0.08015207379382046,45,13.745456391421207,0.7393847906986127,2.0,0.10846143298678929,0.06554978688557943,0.08777200910780165,0.0,nan,0.0
-7.882429,44,934.478793,0.0,1.0,-7.882428722244198,-7.882428722244198,0.0,0.0,0.0,1.0,0.07015652651803922,44,13.505375747232637,0.5020078506702793,1.1185864209211194,0.1386930211023851,0.10428151488304138,0.12681683897972107,0.0,nan,0.0
-8.070843,43,935.153129,0.0,1.0,-8.070842705193067,-8.070842705193067,0.0,0.0,0.0,1.0,0.0644583558797637,43,13.382964642487245,0.3749449010962,0.9412117203030256,0.056363801623499674,0.09669376528540323,0.12814780445986015,0.0,nan,0.0
-7.822434,45,935.832203,0.0,1.0,-7.822434373384213,-7.822434373384213,0.0,0.0,0.0,1.0,0.07186370021081495,45,14.112343560298557,0.41857786383457507,1.1993073810693253,0.11242716312408448,0.06396152708265516,0.08463896645439996,0.0,nan,0.0
-8.377226,39,936.501705,0.0,1.0,-8.37722589658931,-8.37722589658931,0.0,0.0,0.0,1.0,0.07021489053357882,39,12.529610800168832,0.7524170662211004,2.0,0.1646560468734839,0.10966909543061867,0.15019002633217055,0.0,nan,0.0
-8.00707,42,937.111914,0.0,1.0,-8.007070150357963,-8.007070150357963,0.0,0.0,0.0,1.0,0.08002159093497399,42,14.279714123711265,0.7707872698642785,2.0,0.10827259719371796,0.053336932545616514,0.07714645635514032,0.0,nan,0.0
-8.444122,44,937.843242,0.0,1.0,-8.444121558560324,-8.444121558560324,0.0,0.0,0.0,1.0,0.0794717491619991,44,11.581264756899909,1.1490707642762858,2.0,0.4573285633867437,0.1332530758597634,0.10961545597423207,0.0,nan,0.0
-8.482474,38,938.500389,0.0,1.0,-8.482473515816741,-8.482473515816741,0.0,0.0,0.0,1.0,0.07320064722765254,38,11.033589637919698,0.937202905840803,2.0,0.37578600566638143,0.09220472135041889,0.08360177592227333,0.0,nan,0.0
-8.354966,37,939.160837,0.0,1.0,-8.354965701478205,-8.354965701478205,0.0,0.0,0.0,1.0,0.0754317565842938,37,11.899326842459237,0.9346089748527809,2.0,0.24142566645467603,0.09281356270248825,0.11984058972951528,0.0,nan,0.0
-7.94799,45,939.891495,0.0,1.0,-7.9479898327978225,-7.9479898327978225,0.0,0.0,0.0,1.0,0.07259622354100262,45,13.409731826521172,0.4900583411877959,0.9748401202436466,0.11746977700127495,0.0917605135175917,0.10000793139139812,0.0,nan,0.0
-8.399103,35,940.509099,0.0,1.0,-8.399103078418516,-8.399103078418516,0.0,0.0,0.0,1.0,0.07071436044200205,35,12.90535999206449,0.8250188806767289,2.0,0.30936561141695296,0.08846821784973144,0.09805218832833426,0.0,nan,0.0
-8.500284,38,941.168154,0.0,1.0,-8.500283734167104,-8.500283734167104,0.0,0.0,0.0,1.0,0.08277461843588658,38,11.600629410807159,0.7252074541252249,2.0,0.18435322140392504,0.15884029865264893,0.17525556212977358,0.0,nan,0.0
-7.787584,48,941.948611,0.0,1.0,-7.787583549151767,-7.787583549151767,0.0,0.0,0.0,1.0,0.0804600611860933,48,13.954503348182717,0.4836352516423779,1.989601039183795,0.11724184453487396,0.06416300932566325,0.06680940588315327,0.0,nan,0.0
-8.383873,36,944.171919,0.0,1.0,-8.383873489343245,-8.383873489343245,0.0,0.0,0.0,1.0,0.06378233136530452,36,12.013501268604216,0.984542995155247,2.0,0.2707866223322021,0.10475663344065349,0.13253441121843126,0.0,nan,0.0
-8.07224,47,945.001432,0.0,1.0,-8.0722401913503,-8.0722401913503,0.0,0.0,0.0,1.0,0.062045726933634825,47,13.533711985901403,0.6196251366194624,2.0,0.18130622645641895,0.0850401482683547,0.10631674401303555,0.0,nan,0.0
-8.313972,43,945.632252,0.0,1.0,-8.313972190554093,-8.313972190554093,0.0,0.0,0.0,1.0,0.06177773247168403,43,13.560743315763087,0.36709459011681117,0.9964519984213781,0.08280101765033811,0.08249110953752385,0.10574692349101222,0.0,nan,0.0
-8.275661,38,946.225656,0.0,1.0,-8.27566074772677,-8.27566074772677,0.0,0.0,0.0,1.0,0.07437502934497676,38,12.509079577466833,0.7856923385223556,2.0,0.3429792366529766,0.0827420573485525,0.10905784682223671,0.0,nan,0.0
-8.44835,38,946.863085,0.0,1.0,-8.448350071816648,-8.448350071816648,0.0,0.0,0.0,1.0,0.07058563789342813,38,11.87167294835661,0.8264266904125935,2.0,0.2214689874335339,0.11082127847169575,0.13713706794537997,0.0,nan,0.0
-8.375537,35,947.525891,0.0,1.0,-8.375536979494589,-8.375536979494589,0.0,0.0,0.0,1.0,0.06538127279523295,35,12.228732860390227,0.8874360220087214,2.0,0.2887645610741207,0.09503594466618129,0.1258967365537371,0.0,nan,0.0
-8.574248,37,948.091825,0.0,1.0,-8.574248201334022,-8.574248201334022,0.0,0.0,0.0,1.0,0.0909629954965397,37,10.447744745767798,1.2236468300272856,2.0,0.4509369867878991,0.12556478783891006,0.1525918148659371,0.0,nan,0.0
-8.050393,43,948.793498,0.0,1.0,-8.050392931482136,-8.050392931482136,0.0,0.0,0.0,1.0,0.0794292379897296,43,13.112304924684526,0.45306870824444057,0.9725588647955946,0.04812363968339077,0.06487218723740688,0.08812800119089526,0.0,nan,0.0
-7.974806,44,949.619545,0.0,1.0,-7.974805549366524,-7.974805549366524,0.0,0.0,0.0,1.0,0.06471071651426741,44,14.054628013085289,0.5103830094108529,0.9766550966934004,0.10411191799423912,0.022727272727272728,0.045454545454545456,0.0,nan,0.0
-8.46572,39,950.496785,0.0,1.0,-8.465719962969363,-8.465719962969363,0.0,0.0,0.0,1.0,0.08543863291076652,39,11.32162473416544,0.8897616354645805,2.0,0.33341001929380953,0.1671155538314428,0.20329837310008514,0.0,nan,0.0
-8.493773,33,950.985598,0.0,1.0,-8.493772693550682,-8.493772693550682,0.0,0.0,0.0,1.0,0.08824983649694954,33,12.784208385412711,1.1302354561249246,2.0,0.3096428730271079,0.04426252480709192,0.05337269378430916,0.0,nan,0.0
-8.44868,39,951.736518,0.0,1.0,-8.448679982816728,-8.448679982816728,0.0,0.0,0.0,1.0,0.08339782159009136,39,12.974709374282595,1.0851431728896253,2.0,0.46238796909650165,0.07355661575610821,0.07574883485451722,0.0,nan,0.0
-7.925787,48,952.592511,0.0,1.0,-7.925786738297067,-7.925786738297067,0.0,0.0,0.0,1.0,0.07597642375061917,48,13.975047098291357,0.6164496129546969,2.0,0.2610915408780177,0.048285009960333504,0.05938572188218435,0.0,nan,0.0
-8.382571,36,953.337827,0.0,1.0,-8.382571348612514,-8.382571348612514,0.0,0.0,0.0,1.0,0.07121902625684513,36,12.409587732741072,0.7688754445282483,2.0,0.28299476123518413,0.02963203854031033,0.05740981631808811,0.0,nan,0.0
-8.489171,34,953.966982,0.0,1.0,-8.489171043224117,-8.489171043224117,0.0,0.0,0.0,1.0,0.08562689275158852,34,12.11154803999465,1.0663332973980362,2.0,0.25886720243622274,0.06804330208722283,0.09745506679310519,0.0,nan,0.0
-8.337649,37,954.686799,0.0,1.0,-8.337648778559664,-8.337648778559664,0.0,0.0,0.0,1.0,0.07096458912178986,37,12.284551891513736,1.0127334187822647,2.0,0.289982021257684,0.06259535454414986,0.08962238157117688,0.0,nan,0.0
-8.511874,35,955.760821,0.0,1.0,-8.511874475885058,-8.511874475885058,0.0,0.0,0.0,1.0,0.10103646474627583,35,11.999802659638744,1.1639343681943577,2.0,0.4591625213623047,0.03645859445844378,0.06503002302987235,0.0,nan,0.0
-7.954222,44,956.586274,0.0,1.0,-7.954222167900173,-7.954222167900173,0.0,0.0,0.0,1.0,0.07484937151856955,44,13.731827562896939,0.40999380650437617,0.9984177792143372,0.13747060840780084,0.06706409020857378,0.0791108337315646,0.0,nan,0.0
-8.660638,32,956.954166,0.0,1.0,-8.660637998529358,-8.660637998529358,0.0,0.0,0.0,1.0,0.0706603205446908,32,11.461436718778685,0.9840736661008228,2.0,0.2075171982869506,0.0661260262131691,0.0973760262131691,0.0,nan,0.0
-8.154889,42,957.779556,0.0,1.0,-8.154889231016451,-8.154889231016451,0.0,0.0,0.0,1.0,0.0638545759268671,42,13.599770745691504,0.40491085055195264,0.9676726024855525,0.12236074606577556,0.04113189379374186,0.06494141760326567,0.0,nan,0.0
-8.27958,44,958.522728,0.0,1.0,-8.279579843345896,-8.279579843345896,0.0,0.0,0.0,1.0,0.09022777851945137,44,12.94560183024367,1.3218258299814294,2.0,0.5034389983523976,0.046283369714563545,0.06901064244183627,0.0,nan,0.0
-8.065761,45,959.29556,0.0,1.0,-8.065760958503216,-8.065760958503216,0.0,0.0,0.0,1.0,0.07203334365987867,45,14.01840326782511,0.5010437247787383,0.9613291959458103,0.19775007830725777,0.06196141772800022,0.08418363995022243,0.0,nan,0.0
-7.914729,46,959.943302,0.0,1.0,-7.91472855405911,-7.91472855405911,0.0,0.0,0.0,1.0,0.05980788896837626,46,13.589192170573899,0.5137900070915159,0.9992692749067625,0.12305216426434724,0.04902344164641007,0.06785705815190854,0.0,nan,0.0
-8.165046,45,960.767807,0.0,1.0,-8.165045714799083,-8.165045714799083,0.0,0.0,0.0,1.0,0.06173651702890045,45,14.17407033495094,0.5217427809295327,1.330500467975427,0.16008569399515787,0.05399733119540744,0.07700274785359701,0.0,nan,0.0
-8.310664,46,961.702862,0.0,1.0,-8.310663715569271,-8.310663715569271,0.0,0.0,0.0,1.0,0.0806051295132737,46,11.939291475667737,1.0172983385817034,2.0,0.41017538438672607,0.12133662078691565,0.13359264705492102,0.0,nan,0.0
-8.039406,43,964.224415,0.0,1.0,-8.039406366227547,-8.039406366227547,0.0,0.0,0.0,1.0,0.06318650428748077,43,13.356716978534429,0.5141626620630114,1.0637013372910886,0.055360913969749626,0.042028238607007405,0.06402608682942945,0.0,nan,0.0
-7.92062,42,964.955447,0.0,1.0,-7.920620096398762,-7.920620096398762,0.0,0.0,0.0,1.0,0.08052729877141089,42,13.928449484195617,0.4733961701943316,0.9777805676624032,0.057991183939434233,0.035056290172395255,0.058557385490054174,0.0,nan,0.0
-8.485989,36,965.536572,0.0,1.0,-8.485989349605735,-8.485989349605735,0.0,0.0,0.0,1.0,0.06700739848138941,36,11.52878724935272,1.1114775533750718,2.0,0.2597721235619651,0.042143394549687706,0.06992117232746548,0.0,nan,0.0
-8.051459,43,966.300123,0.0,1.0,-8.051459030860801,-8.051459030860801,0.0,0.0,0.0,1.0,0.060642177351163194,43,13.90426865671708,0.8104184802286591,2.0,0.11486836644106133,0.06863494252049646,0.09189075647398483,0.0,nan,0.0
-8.279475,42,967.055821,0.0,1.0,-8.279474748087356,-8.279474748087356,0.0,0.0,0.0,1.0,0.06314648538397455,42,13.386929040680762,0.43140912133901693,0.9658458364588587,0.03939740430741083,0.08855290639968146,0.11236243020920526,0.0,nan,0.0
-8.304238,52,967.847436,0.0,1.0,-8.304238264656423,-8.304238264656423,0.0,0.0,0.0,1.0,0.07365890837506439,52,12.928262132363662,0.7160075462104069,2.0,0.18530096801427695,0.12337978528096126,0.11684597226289603,0.0,nan,0.0
-8.508602,34,968.428702,0.0,1.0,-8.508602067333308,-8.508602067333308,0.0,0.0,0.0,1.0,0.06789003720791865,34,12.392353215434413,0.810248423904956,2.0,0.13456368709311767,0.030312748516307157,0.05972451322218951,0.0,nan,0.0
-8.360474,42,969.130005,0.0,1.0,-8.360474322389274,-8.360474322389274,0.0,0.0,0.0,1.0,0.07190330949161793,42,14.047913543373893,0.6681720895957283,2.0,0.11637822503135317,0.04776006085532052,0.06770274184999012,0.0,nan,0.0
-8.473227,41,969.787062,0.0,1.0,-8.473226945565461,-8.473226945565461,0.0,0.0,0.0,1.0,0.0669002710780387,41,12.3991971290591,1.0024976413037783,2.0,0.3135165252336642,0.09177646985868128,0.11616671376112031,0.0,nan,0.0
-8.502217,34,970.447753,0.0,1.0,-8.502216996384822,-8.502216996384822,0.0,0.0,0.0,1.0,0.06241079724651986,34,11.997109976476994,0.9876652445162731,2.0,0.32926173508167267,0.04014107059029972,0.06955283529618207,0.0,nan,0.0
-8.579711,36,971.021924,0.0,1.0,-8.579711420199022,-8.579711420199022,0.0,0.0,0.0,1.0,0.07667319523561897,36,10.929844811267635,0.8929546741408093,2.0,0.23123584356572893,0.1924605369567871,0.1708895762761434,0.0,nan,0.0
-8.020989,44,971.749247,0.0,1.0,-8.020989339315518,-8.020989339315518,0.0,0.0,0.0,1.0,0.07212416799393119,44,13.366212159422952,0.45794269638730645,0.9841675952610378,0.09392703934149309,0.07801347970962524,0.10074075243689797,0.0,nan,0.0
-8.237643,43,972.45773,0.0,1.0,-8.23764330824353,-8.23764330824353,0.0,0.0,0.0,1.0,0.06171405858844227,43,13.648662951445171,0.33915145489414067,0.9781160224899796,0.09118822563526242,0.03896143270093341,0.062217246654421784,0.0,nan,0.0
-7.999704,42,973.199595,0.0,1.0,-7.999704345806016,-7.999704345806016,0.0,0.0,0.0,1.0,0.057546553425735926,42,13.515286312338262,0.4355342249314214,1.2388076168860902,0.08719616276877266,0.03783044928596133,0.06163997309548514,0.0,nan,0.0
-8.351885,45,973.933298,0.0,1.0,-8.351885345500722,-8.351885345500722,0.0,0.0,0.0,1.0,0.06741436103178133,45,14.006297921223613,0.7341193071810191,2.0,0.14677690929836698,0.145346196492513,0.1665146271387736,0.0,nan,0.0
-8.061309,43,974.670052,0.0,1.0,-8.061309475548159,-8.061309475548159,0.0,0.0,0.0,1.0,0.05753693539682334,43,13.76586171070473,0.49142166566606243,0.963137804651211,0.0926747627036516,0.05118495364521825,0.07444076759870662,0.0,nan,0.0
-8.228652,44,975.390782,0.0,1.0,-8.228651622575644,-8.228651622575644,0.0,0.0,0.0,1.0,0.07891078930100326,44,13.210909898971716,0.3471220178941661,0.9934493603965097,0.08559341593222185,0.03350904313000766,0.05623631585728039,0.0,nan,0.0
-8.018107,42,976.185982,0.0,1.0,-8.018107352258092,-8.018107352258092,0.0,0.0,0.0,1.0,0.06017531654056647,42,13.508118811000022,0.4455860105051809,1.3856021227628077,0.1047570024217878,0.04197957402183896,0.06578909783136278,0.0,nan,0.0
-8.57026,35,976.7661,0.0,1.0,-8.570259736389248,-8.570259736389248,0.0,0.0,0.0,1.0,0.07197153274517865,35,11.36130643518366,0.8017714016659061,2.0,0.2544663395200457,0.08209801401410784,0.11066944258553642,0.0,nan,0.0
-8.195532,42,977.471506,0.0,1.0,-8.195532304692122,-8.195532304692122,0.0,0.0,0.0,1.0,0.059139942860811506,42,13.239619988465249,0.34664943808275533,0.9696940966956819,0.03738498971575782,0.06709261167617071,0.09090213548569452,0.0,nan,0.0
-8.315444,43,978.215995,0.0,1.0,-8.31544380214322,-8.31544380214322,0.0,0.0,0.0,1.0,0.07636672727307599,43,13.960898866326852,0.657993954764206,2.0,0.08153237090554348,0.14363245076911393,0.15415258463038956,0.0,nan,0.0
-8.057351,42,978.937716,0.0,1.0,-8.057350840295816,-8.057350840295816,0.0,0.0,0.0,1.0,0.06523542316860155,42,14.061829425301884,0.3459835952678164,0.9553535767901592,0.061546337036859425,0.0438499961580549,0.06765951996757871,0.0,nan,0.0
-8.408665,38,979.621982,0.0,1.0,-8.408664863302196,-8.408664863302196,0.0,0.0,0.0,1.0,0.07100098208224287,38,12.1566650809273,0.8211831167797413,2.0,0.18825813343650416,0.08144658176522505,0.06917087969027068,0.0,nan,0.0
-8.182715,43,980.395608,0.0,1.0,-8.182715390936796,-8.182715390936796,0.0,0.0,0.0,1.0,0.05787512732740485,43,13.420489278539158,0.3407359845382572,0.9734382432163138,0.11309474429418874,0.09314711149348769,0.11640292544697606,0.0,nan,0.0
-8.645671,31,980.900237,0.0,1.0,-8.645671035766002,-8.645671035766002,0.0,0.0,0.0,1.0,0.06527627539809261,31,11.655727713160811,0.8470966401756721,2.0,0.19909899753908958,0.07284871224434145,0.10257700950868669,0.0,nan,0.0
-7.968282,44,983.082439,0.0,1.0,-7.968282057451493,-7.968282057451493,0.0,0.0,0.0,1.0,0.06234762035194509,44,13.671438397978632,0.4901374892177799,1.0643744090840923,0.06317034228281541,0.05817989869551225,0.08090717142278497,0.0,nan,0.0
-8.129848,42,983.643138,0.0,1.0,-8.129848094284432,-8.129848094284432,0.0,0.0,0.0,1.0,0.06003837159115068,42,13.86227908933397,0.9443071054306122,2.0,0.10673353501728602,0.06944733574276879,0.07912325859069824,0.0,nan,0.0
-8.234136,56,984.488376,0.0,1.0,-8.234135579676188,-8.234135579676188,0.0,0.0,0.0,1.0,0.08359120793456767,56,13.507460856496879,0.8100392659814648,2.0,0.2480449341237545,0.152823805809021,0.16445944138935634,0.0,nan,0.0
-8.091964,43,985.215269,0.0,1.0,-8.091964257848414,-8.091964257848414,0.0,0.0,0.0,1.0,0.07350026840733462,43,13.779550983404283,0.3523300617575297,0.983744515488723,0.08401393613149953,0.11377477645874023,0.13591707030008005,0.0,nan,0.0
-8.356236,47,985.909891,0.0,1.0,-8.356235541657764,-8.356235541657764,0.0,0.0,0.0,1.0,0.06249328801204674,47,13.853990515779724,0.7172437237900172,2.0,0.18154724481257986,0.02127659574468085,0.0425531914893617,0.0,nan,0.0
-8.256977,44,986.636837,0.0,1.0,-8.256976961770752,-8.256976961770752,0.0,0.0,0.0,1.0,0.06272357044077516,44,13.617489155868356,0.8071607713153867,2.0,0.11407113346186551,0.064657447012988,0.08116114681417291,0.0,nan,0.0
-8.70767,30,987.057702,0.0,1.0,-8.70766992361255,-8.70766992361255,0.0,0.0,0.0,1.0,0.08315884204867349,30,11.564325357586998,1.1026790031922913,2.0,0.19564814666906993,0.03333333333333333,0.06666666666666667,0.0,nan,0.0
-8.506452,36,987.704379,0.0,1.0,-8.506451745417275,-8.506451745417275,0.0,0.0,0.0,1.0,0.08033255637080004,36,12.970677937448365,0.7552648347978791,2.0,0.13532975564400354,0.030589259333080716,0.05836703711085849,0.0,nan,0.0
-8.17048,44,988.381529,0.0,1.0,-8.17048006693925,-8.17048006693925,0.0,0.0,0.0,1.0,0.06703917469725851,44,13.078498476107391,0.4284642822819427,0.9678537795848339,0.08174432949586348,0.035864629528739235,0.044620546427640045,0.0,nan,0.0
-8.304358,55,989.089704,0.0,1.0,-8.30435810979429,-8.30435810979429,0.0,0.0,0.0,1.0,0.06672091467538607,55,14.132288827074305,0.7959634205397422,2.0,0.2566528623754328,0.030053190751509234,0.04823500893332742,0.0,nan,0.0
-8.244599,45,989.791048,0.0,1.0,-8.244599450841337,-8.244599450841337,0.0,0.0,0.0,1.0,0.05907844717334746,45,13.815347802332175,0.6291214112721275,2.0,0.12943863140212164,0.10015114148457845,0.12237336370680067,0.0,nan,0.0
-8.569639,34,990.319448,0.0,1.0,-8.569639141300495,-8.569639141300495,0.0,0.0,0.0,1.0,0.07322805334349447,34,11.418556736881003,0.9593351027864396,2.0,0.23927803074612336,0.08854458963169771,0.10025730203179752,0.0,nan,0.0
-7.908478,46,990.993237,0.0,1.0,-7.908477507309991,-7.908477507309991,0.0,0.0,0.0,1.0,0.07576861274578399,46,13.337045152137451,0.514152882855376,1.4028642701821794,0.13634116623712622,0.09318026770716129,0.1149193981419439,0.0,nan,0.0
-8.28447,41,991.660269,0.0,1.0,-8.284469620550546,-8.284469620550546,0.0,0.0,0.0,1.0,0.07076364348559962,41,14.076210954839983,0.4312617535508168,0.9359353345018496,0.03446721449130919,0.09534685786177473,0.11973710176421375,0.0,nan,0.0
-9.148098,43,992.337379,0.0,1.0,-9.148098471376352,-9.148098471376352,0.0,0.0,0.0,1.0,0.07437314248413612,43,13.755399846881552,0.5590869538602374,1.5577500395815167,0.07636777467505876,0.06115947213283805,0.08441528608632642,0.0,nan,0.0
-7.994922,43,993.031684,0.0,1.0,-7.994921544954629,-7.994921544954629,0.0,0.0,0.0,1.0,0.05953800710271449,43,13.912381810388206,0.6560346318423175,2.0,0.11109361814898114,0.07862002905025038,0.09644660284352857,0.0,nan,0.0
-8.598498,33,993.469426,0.0,1.0,-8.598497622988388,-8.598497622988388,0.0,0.0,0.0,1.0,0.07503126158494869,33,11.894122400879658,0.8266321879096817,2.0,0.1574413947986834,0.10112903334877708,0.11595155614795107,0.0,nan,0.0
-8.010349,41,994.450761,0.0,1.0,-8.010349074197194,-8.010349074197194,0.0,0.0,0.0,1.0,0.07853464407201335,41,14.030193909342866,0.5010093561876163,1.103093741612357,0.0431372625071828,0.024390243902439025,0.04878048780487805,0.0,nan,0.0
-8.567409,37,995.13173,0.0,1.0,-8.567409121456812,-8.567409121456812,0.0,0.0,0.0,1.0,0.07363785669141083,37,11.547760020912518,0.8343946481269232,2.0,0.20852346033663363,0.1293737050649282,0.13448912066382332,0.0,nan,0.0
-8.105589,45,995.945794,0.0,1.0,-8.105588986891352,-8.105588986891352,0.0,0.0,0.0,1.0,0.0719909872347415,45,13.986084242932376,0.7760643028613535,2.0,0.13144697215822007,0.08708460066053603,0.1075784683227539,0.0,nan,0.0
-8.053848,41,996.601037,0.0,1.0,-8.053848032739262,-8.053848032739262,0.0,0.0,0.0,1.0,0.06509221109857546,41,14.114108866143233,0.36937967808766387,0.9692171484232798,0.05490918566540974,0.040180973890351086,0.06457121779279011,0.0,nan,0.0
-8.42049,40,997.197703,0.0,1.0,-8.420489673795228,-8.420489673795228,0.0,0.0,0.0,1.0,0.078420787321315,40,12.43892676074616,0.7663356659494391,2.0,0.19568340480327606,0.10046812891960144,0.12546812891960143,0.0,nan,0.0
-8.561353,32,997.749099,0.0,1.0,-8.561353099668901,-8.561353099668901,0.0,0.0,0.0,1.0,0.062030078626037564,32,12.156782036773944,1.120970470874108,2.0,0.20183998346328735,0.10677314922213554,0.13802314922213554,0.0,nan,0.0
-8.457338,41,998.518265,0.0,1.0,-8.457337847314486,-8.457337847314486,0.0,0.0,0.0,1.0,0.06729419609311219,41,13.133549607789663,0.961192750202446,2.0,0.19743212257943502,0.037245889989341176,0.0616361338917802,0.0,nan,0.0
-8.211848,48,999.41143,0.0,1.0,-8.211848317041644,-8.211848317041644,0.0,0.0,0.0,1.0,0.05980577487772505,48,13.472377319790063,0.6801681125076108,2.0,0.14692368606726328,0.07616786162058513,0.07791441679000854,0.0,nan,0.0
-8.764867,31,1001.397185,0.0,1.0,-8.764867065420276,-8.764867065420276,0.0,0.0,0.0,1.0,0.08218847329248856,31,11.026132597204118,0.9265834120366424,2.0,0.14874545220405824,0.09355404300074424,0.0976130808553388,0.0,nan,0.0
-8.738304,32,1002.045183,0.0,1.0,-8.738304441434346,-8.738304441434346,0.0,0.0,0.0,1.0,0.06998143123827007,32,10.503697870295646,1.0151277700049561,2.0,0.21275140903890133,0.14561777561903,0.15887390077114105,0.0,nan,0.0
-8.036824,40,1002.634301,0.0,1.0,-8.036823672028156,-8.036823672028156,0.0,0.0,0.0,1.0,0.06903312150154582,40,14.030039389830083,0.4283166784723245,0.9744935255968735,0.0345819890499115,0.07961133122444153,0.09421517252922058,0.0,nan,0.0
-8.067305,45,1003.553439,0.0,1.0,-8.06730486102511,-8.06730486102511,0.0,0.0,0.0,1.0,0.08078148720368582,45,13.143851274785693,0.38347984027753207,0.9832081835664276,0.13135199546813964,0.07506132655673557,0.08718623055352105,0.0,nan,0.0
-8.704646,34,1003.973349,0.0,1.0,-8.70464643656278,-8.70464643656278,0.0,0.0,0.0,1.0,0.0833814864664216,34,10.465786089317612,1.184188784610851,2.0,0.37765535887549906,0.09096409994013169,0.12407191010082469,0.0,nan,0.0
-8.39259,37,1004.578988,0.0,1.0,-8.392589969759193,-8.392589969759193,0.0,0.0,0.0,1.0,0.09628673093904079,37,11.851964541028744,1.1361259921721072,2.0,0.4458796849121919,0.08724212324297106,0.1142691502699981,0.0,nan,0.0
-8.038925,45,1005.244896,0.0,1.0,-8.038925224631509,-8.038925224631509,0.0,0.0,0.0,1.0,0.057854750710491516,45,13.663535082727083,0.5148416839566645,1.0133611241037963,0.17998294035593668,0.12355643378363715,0.14061297840542264,0.0,nan,0.0
-7.964704,45,1005.955756,0.0,1.0,-7.96470386539697,-7.96470386539697,0.0,0.0,0.0,1.0,0.07467979470930662,45,14.557277616479418,0.3797001559048751,1.0027603989766514,0.19399531947241888,0.07828479872809516,0.08531601428985595,0.0,nan,0.0
-7.969777,43,1006.742927,0.0,1.0,-7.969776841300687,-7.969776841300687,0.0,0.0,0.0,1.0,0.07059515849141322,43,13.722226253655181,0.5144064578647934,0.9812636808201135,0.07580734130948089,0.17528099237486375,0.19648459345795388,0.0,nan,0.0
-7.996886,41,1007.428341,0.0,1.0,-7.996885585648692,-7.996885585648692,0.0,0.0,0.0,1.0,0.06903399749765958,41,14.44375651420075,0.44627425524389897,0.9744935255968735,0.11506311777161389,0.06234660381224097,0.08673684771468,0.0,nan,0.0
-7.933098,44,1008.213041,0.0,1.0,-7.933097888098077,-7.933097888098077,0.0,0.0,0.0,1.0,0.06102726871243027,44,13.82620078053668,0.47576246845240516,1.3030307634841474,0.09635906124656851,0.041799165985801,0.04044660113074563,0.0,nan,0.0
-8.295453,39,1008.891775,0.0,1.0,-8.295453439898898,-8.295453439898898,0.0,0.0,0.0,1.0,0.07907034086208954,39,12.076256561688398,1.1641792349568028,2.0,0.29011507676197934,0.19420764385125575,0.20224852439684746,0.0,nan,0.0
-8.379889,37,1009.565127,0.0,1.0,-8.379889105205182,-8.379889105205182,0.0,0.0,0.0,1.0,0.07214427359282817,37,11.989787764875373,0.952975417150671,2.0,0.3929186729160515,0.06515617628355284,0.09218320331057987,0.0,nan,0.0
-8.617462,33,1010.119629,0.0,1.0,-8.617461990004482,-8.617461990004482,0.0,0.0,0.0,1.0,0.0752981511540652,33,11.263254067267953,0.801419463688194,2.0,0.17279421921932336,0.030303030303030304,0.06060606060606061,0.0,nan,0.0
-7.998025,42,1010.828336,0.0,1.0,-7.998024894169552,-7.998024894169552,0.0,0.0,0.0,1.0,0.06693082699571876,42,13.945330213583222,0.5098936044205747,1.0808895711963031,0.06636875867843628,0.05295169921148391,0.07553087529681977,0.0,nan,0.0
-8.038841,42,1011.460869,0.0,1.0,-8.03884098383106,-8.03884098383106,0.0,0.0,0.0,1.0,0.06860960835010113,42,13.742612743595155,0.4797224141798615,0.9899042184718161,0.057516997768765406,0.0963468665168399,0.1538921594619751,0.0,nan,0.0
-8.500528,41,1012.1876,0.0,1.0,-8.50052828035868,-8.50052828035868,0.0,0.0,0.0,1.0,0.07452586987538663,41,12.928627066159057,0.9739120719424464,2.0,0.30824404082647183,0.027917501403064263,0.052307745305503285,0.0,nan,0.0
-7.980303,46,1012.962412,0.0,1.0,-7.980302574688466,-7.980302574688466,0.0,0.0,0.0,1.0,0.07291369388319101,46,13.56086632298326,0.3474959426020724,0.9508568793172896,0.11367382692254108,0.1063057339709738,0.126821580140487,0.0,nan,0.0
-7.905359,45,1013.735077,0.0,1.0,-7.905359443828609,-7.905359443828609,0.0,0.0,0.0,1.0,0.07484344342787473,45,14.176935445082377,0.3961591769550787,1.0028245701174958,0.24852030807071263,0.04803410636054145,0.06063882244957818,0.0,nan,0.0
-8.586803,38,1014.412285,0.0,1.0,-8.586802508224356,-8.586802508224356,0.0,0.0,0.0,1.0,0.0836140078050256,38,11.630611333963053,1.1019918355815232,2.0,0.40276768333033514,0.1389009387869584,0.16480893210360878,0.0,nan,0.0
-8.278095,42,1015.078367,0.0,1.0,-8.278095009330716,-8.278095009330716,0.0,0.0,0.0,1.0,0.06586947873341788,42,14.076539252909859,0.35134405735639823,0.9887723623844883,0.05435424191611154,0.05374694438207717,0.07755646819160097,0.0,nan,0.0
-9.016654,43,1015.86486,0.0,1.0,-9.01665419708511,-9.01665419708511,0.0,0.0,0.0,1.0,0.05932038244291209,43,13.567305865512258,0.5323817961503664,1.316997965774073,0.06283267154250034,0.10647103398345238,0.12972684793694075,0.0,nan,0.0
-8.005443,44,1016.571479,0.0,1.0,-8.005442710138736,-8.005442710138736,0.0,0.0,0.0,1.0,0.07090021925359764,44,13.762706432164338,0.4891314017096045,0.9936230860144866,0.1380049234086817,0.04415984045375477,0.0668871131810275,0.0,nan,0.0
-8.503067,33,1017.073661,0.0,1.0,-8.503067298568197,-8.503067298568197,0.0,0.0,0.0,1.0,0.06290246578810312,33,12.39614361945249,0.8808679993129216,2.0,0.2523671370564085,0.030563997499870533,0.06086702780290083,0.0,nan,0.0
-8.102569,40,1017.768153,0.0,1.0,-8.1025689554876,-8.1025689554876,0.0,0.0,0.0,1.0,0.06775747388286595,40,14.331148176436335,0.9443864839770348,2.0,0.11534646302461624,0.043974447250366214,0.06897444725036621,0.0,nan,0.0
-8.346211,42,1019.826057,0.0,1.0,-8.346210979849513,-8.346210979849513,0.0,0.0,0.0,1.0,0.06547432086856333,42,12.84050630290968,0.7516789586108246,2.0,0.19084965756961278,0.10166461694808233,0.12547414075760616,0.0,nan,0.0
-8.319975,38,1020.477214,0.0,1.0,-8.319974651265163,-8.319974651265163,0.0,0.0,0.0,1.0,0.0765514182788065,38,12.276581090042797,1.0969747932744958,2.0,0.23007563540810033,0.06369869332564504,0.09001448279932926,0.0,nan,0.0
-8.085027,42,1020.983101,0.0,1.0,-8.085026888642275,-8.085026888642275,0.0,0.0,0.0,1.0,0.05779428350484238,42,14.171934641690045,0.4346051253671305,0.9657170198288954,0.06788001457850139,0.04160578477950323,0.0595939556757609,0.0,nan,0.0
-8.055823,47,1021.684906,0.0,1.0,-8.055822669258895,-8.055822669258895,0.0,0.0,0.0,1.0,0.07875953421225604,47,13.266072550880265,0.4866682301636564,0.955284612709928,0.15772637915103993,0.0679393119000374,0.08921590764471825,0.0,nan,0.0
-7.965941,44,1022.378122,0.0,1.0,-7.965940930831814,-7.965940930831814,0.0,0.0,0.0,1.0,0.05869362306248204,44,14.05745494574868,0.4276948176295798,1.259682857579554,0.09522177414460616,0.03415293043309992,0.05688020316037265,0.0,nan,0.0
-8.212062,45,1023.159292,0.0,1.0,-8.212062035248701,-8.212062035248701,0.0,0.0,0.0,1.0,0.0789428537549478,45,13.06977083786475,0.38292420204476996,0.9946257103899209,0.148034577899509,0.03443292511834039,0.05665514734056261,0.0,nan,0.0
-8.280121,44,1023.875007,0.0,1.0,-8.280121009564377,-8.280121009564377,0.0,0.0,0.0,1.0,0.07642038228336681,44,13.305137653547268,0.858723099344653,2.0,0.2739696983586658,0.1033461635762995,0.12607343630357223,0.0,nan,0.0
-8.712085,33,1024.474429,0.0,1.0,-8.712085039398675,-8.712085039398675,0.0,0.0,0.0,1.0,0.08233891592879308,33,11.111998914013538,0.8582766174909202,2.0,0.15442063591697,0.05503020864544493,0.07871166865030925,0.0,nan,0.0
-7.962316,45,1025.226864,0.0,1.0,-7.962316055873625,-7.962316055873625,0.0,0.0,0.0,1.0,0.07647629312449092,45,13.125453883610882,0.3935318795983975,0.971147917822473,0.14658854272630478,0.1391412682003445,0.15285873413085938,0.0,nan,0.0
-8.755183,30,1025.748416,0.0,1.0,-8.755182584630221,-8.755182584630221,0.0,0.0,0.0,1.0,0.06191393621608247,30,11.383932270919093,1.0174308926465834,2.0,0.186823241909345,0.03333333333333333,0.06666666666666667,0.0,nan,0.0
-8.27395,42,1026.379845,0.0,1.0,-8.273949948079606,-8.273949948079606,0.0,0.0,0.0,1.0,0.0721245320486531,42,12.400622725103176,0.8564624208300764,2.0,0.26878044931661516,0.03695402258918399,0.0607635463987078,0.0,nan,0.0
-8.425084,34,1027.015374,0.0,1.0,-8.42508385807972,-8.42508385807972,0.0,0.0,0.0,1.0,0.07159895762239421,34,12.774032029599221,1.0297065788472581,2.0,0.24907011319609249,0.029411764705882353,0.035590662675745344,0.0,nan,0.0
-7.989764,45,1027.656867,0.0,1.0,-7.989763586076051,-7.989763586076051,0.0,0.0,0.0,1.0,0.06319829899651871,45,13.266800485808988,0.5037172223643884,1.0332382359074739,0.08827332390679253,0.06266806920369467,0.07261980904473199,0.0,nan,0.0
-8.756778,31,1028.237402,0.0,1.0,-8.756777915880782,-8.756777915880782,0.0,0.0,0.0,1.0,0.07187656336419604,31,11.11916403624034,0.9569642401624823,2.0,0.23261827807272634,0.07798238723508773,0.11024045175121676,0.0,nan,0.0
-8.184616,46,1028.954907,0.0,1.0,-8.184616392998846,-8.184616392998846,0.0,0.0,0.0,1.0,0.06667363704561581,46,13.510213228146224,0.6345753050767865,2.0,0.16202174839766129,0.06719011327494746,0.08892924370973007,0.0,nan,0.0
-8.108338,43,1029.643294,0.0,1.0,-8.108337890148777,-8.108337890148777,0.0,0.0,0.0,1.0,0.06045789964507494,43,14.234181246220244,0.46980905691050473,0.9616279556232415,0.11951732912728953,0.03345734019612157,0.056713154149609944,0.0,nan,0.0
-8.024229,42,1030.47691,0.0,1.0,-8.024229096835569,-8.024229096835569,0.0,0.0,0.0,1.0,0.06054409739923678,42,13.481333112890123,0.5113637264859169,1.073308824985964,0.08410487288520449,0.026816827910287038,0.05062635171981085,0.0,nan,0.0
-8.122989,43,1031.259251,0.0,1.0,-8.122989390420551,-8.122989390420551,0.0,0.0,0.0,1.0,0.06185217956575232,43,14.083468263693492,0.36477273200238114,0.9874202274305358,0.11464757420295893,0.043619044991426686,0.06687485894491506,0.0,nan,0.0
-8.178601,42,1031.985854,0.0,1.0,-8.178600533700706,-8.178600533700706,0.0,0.0,0.0,1.0,0.07173459741515634,42,13.679008679741937,0.8991702393349611,2.0,0.11935327166602724,0.041478543054489864,0.06528806686401367,0.0,nan,0.0
-8.695132,32,1032.453058,0.0,1.0,-8.695131675519454,-8.695131675519454,0.0,0.0,0.0,1.0,0.08502758153609864,32,11.37390240620898,0.8919662019430737,2.0,0.12745123356580734,0.08940844982862473,0.12065844982862473,0.0,nan,0.0
-8.096603,41,1033.116373,0.0,1.0,-8.096603104704938,-8.096603104704938,0.0,0.0,0.0,1.0,0.06882314188002972,41,14.033959652195227,0.33569196985104927,0.9914935202526665,0.07075876433674883,0.06840907655111174,0.09279932045355076,0.0,nan,0.0
-7.820818,46,1033.977569,0.0,1.0,-7.820818222800833,-7.820818222800833,0.0,0.0,0.0,1.0,0.06665906650131545,46,14.143148003526978,0.43962083906961547,0.9713608306841677,0.13527231371921042,0.07708482638649318,0.08074926811715831,0.0,nan,0.0
-8.45388,38,1034.617857,0.0,1.0,-8.453879767606153,-8.453879767606153,0.0,0.0,0.0,1.0,0.06179127438476228,38,11.226014881780614,1.0301971849094098,2.0,0.29461383349017095,0.09769756543008905,0.12401335490377326,0.0,nan,0.0
-8.568134,34,1035.128699,0.0,1.0,-8.568134089543962,-8.568134089543962,0.0,0.0,0.0,1.0,0.07826707048502311,34,11.719470833685454,1.006489993917752,2.0,0.17597031242707195,0.07647360773647532,0.10588537244235768,0.0,nan,0.0
-8.240125,46,1035.834643,0.0,1.0,-8.240125469359489,-8.240125469359489,0.0,0.0,0.0,1.0,0.08661724903599695,46,14.057526668112713,0.8405891259524126,2.0,0.2937333298766095,0.04798045884007993,0.06971958927486253,0.0,nan,0.0
-8.520442,37,1037.613778,0.0,1.0,-8.520441747591152,-8.520441747591152,0.0,0.0,0.0,1.0,0.06846065940346872,37,12.37265003228547,0.8097460158879559,2.0,0.15611286098892624,0.07087764868865142,0.1029943711048848,0.0,nan,0.0
-8.600734,34,1038.222717,0.0,1.0,-8.600733532333447,-8.600733532333447,0.0,0.0,0.0,1.0,0.06373669540457566,34,12.000606479616975,0.8145768463358276,2.0,0.17094720812404857,0.0726469965542064,0.10205876126008875,0.0,nan,0.0
-8.727298,30,1038.815925,0.0,1.0,-8.727298426488414,-8.727298426488414,0.0,0.0,0.0,1.0,0.06483302727123343,30,11.413447751016323,0.9402662210831739,2.0,0.12677671511967978,0.03333333333333333,0.06666666666666667,0.0,nan,0.0
-8.245358,44,1039.454649,0.0,1.0,-8.245358300080891,-8.245358300080891,0.0,0.0,0.0,1.0,0.07946104898541871,44,13.520156080523423,0.3975252096206338,0.9920977694615484,0.09023869308558377,0.03747648000717163,0.06020375273444436,0.0,nan,0.0
-8.25474,49,1040.172098,0.0,1.0,-8.254740123287032,-8.254740123287032,0.0,0.0,0.0,1.0,0.061295849332882416,49,14.228823102932827,0.8013417104203692,2.0,0.26171867762293133,0.03579883672753159,0.053593698812990774,0.0,nan,0.0
-8.541544,36,1040.813396,0.0,1.0,-8.541544384576035,-8.541544384576035,0.0,0.0,0.0,1.0,0.0639362644547595,36,11.249406846150123,0.948625757565195,2.0,0.3142535818947686,0.07225888967514038,0.10003666745291816,0.0,nan,0.0
-8.68195,32,1041.315091,0.0,1.0,-8.681949898108222,-8.681949898108222,0.0,0.0,0.0,1.0,0.08830188706776888,32,11.118014527223476,0.9394789069919998,2.0,0.2653130982071161,0.07232367992401123,0.10357367992401123,0.0,nan,0.0
-8.717055,34,1041.881165,0.0,1.0,-8.717055199305129,-8.717055199305129,0.0,0.0,0.0,1.0,0.07396516270404185,34,10.763248318793515,0.8933630039983685,2.0,0.18269198256380417,0.10891427713281968,0.0927735637216007,0.0,nan,0.0
-8.567244,37,1042.539844,0.0,1.0,-8.56724436040843,-8.56724436040843,0.0,0.0,0.0,1.0,0.07778964957462388,37,12.759635406030485,1.0322785983260838,2.0,0.22962274019782608,0.04200175001814559,0.06902877704517262,0.0,nan,0.0
-8.162177,41,1043.224978,0.0,1.0,-8.162177356309748,-8.162177356309748,0.0,0.0,0.0,1.0,0.0655089260198231,41,14.12424271929304,0.37437471516202964,0.9801721171276575,0.06501438268801062,0.10309061189977134,0.11674915871969084,0.0,nan,0.0
-8.867655,43,1043.810768,0.0,1.0,-8.867655359216883,-8.867655359216883,0.0,0.0,0.0,1.0,0.06827481709729047,43,13.102786451539732,0.4410739854037151,0.9925852649311979,0.06820510986239411,0.08710488607717115,0.06256327518196993,0.0,nan,0.0
-8.437194,37,1044.441462,0.0,1.0,-8.437194029203315,-8.437194029203315,0.0,0.0,0.0,1.0,0.07954441641023507,37,11.83870708784454,0.7714551046878558,2.0,0.2514571716656556,0.0635352070267136,0.07870598741479821,0.0,nan,0.0
-8.51481,36,1045.049544,0.0,1.0,-8.514809791921325,-8.514809791921325,0.0,0.0,0.0,1.0,0.08651394503827621,36,11.448156244013953,1.0465580439075468,2.0,0.2849879637360573,0.09749302599165174,0.11855805582470363,0.0,nan,0.0
-7.970786,47,1045.853316,0.0,1.0,-7.970785650556721,-7.970785650556721,0.0,0.0,0.0,1.0,0.06033073774848517,47,12.747197775420547,0.40954321124557025,1.237498181113667,0.08442532762568047,0.10142774277545036,0.12029465208662317,0.0,nan,0.0
-8.4133,37,1046.40139,0.0,1.0,-8.413299653138948,-8.413299653138948,0.0,0.0,0.0,1.0,0.08279129811308136,37,12.322150337150221,0.8459106277848836,2.0,0.1766489865006627,0.09534273276457915,0.10714219067547773,0.0,nan,0.0
-8.129146,45,1047.174046,0.0,1.0,-8.129145579486119,-8.129145579486119,0.0,0.0,0.0,1.0,0.07394556897026695,45,13.85230769518409,0.4827661835488214,0.9916159599809173,0.1321800841225518,0.03920409944322374,0.06142632166544596,0.0,nan,0.0
-8.686785,33,1047.800817,0.0,1.0,-8.686784711944245,-8.686784711944245,0.0,0.0,0.0,1.0,0.06413929016713135,33,10.61755382302373,1.1694858824681522,2.0,0.4522633155186971,0.04574639869458748,0.07350178198380904,0.0,nan,0.0
-8.077276,45,1048.531127,0.0,1.0,-8.077276196082407,-8.077276196082407,0.0,0.0,0.0,1.0,0.07894804745191224,45,12.776415663442844,0.39348498685730093,0.9896900258681599,0.05665246115790473,0.14209618038601346,0.15989363458421496,0.0,nan,0.0
-6.884356,103,1050.146424,0.0,1.0,-6.8843559700199926,-6.8843559700199926,0.0,0.0,0.0,1.0,0.12099732036064272,103,16.411474540604097,1.0217459275702845,2.0,0.28906220371283375,0.025798674926017093,0.03550741279009476,0.0,nan,0.0
-7.964519,44,1050.901771,0.0,1.0,-7.964518608775369,-7.964518608775369,0.0,0.0,0.0,1.0,0.05731476386593736,44,13.563886311866513,0.3912835018048229,1.4167355837251236,0.13735434412956238,0.05936381491747769,0.06388056820089166,0.0,nan,0.0
-7.982399,43,1051.541428,0.0,1.0,-7.9823991850175045,-7.9823991850175045,0.0,0.0,0.0,1.0,0.05907561608747142,43,13.997290229960791,0.42234465505982327,0.9799830159068272,0.1345056738964347,0.025965751603592272,0.04922156555708065,0.0,nan,0.0
-8.278961,42,1052.157097,0.0,1.0,-8.278960533213846,-8.278960533213846,0.0,0.0,0.0,1.0,0.060265069799970844,42,13.846837171970705,0.34049956252489305,0.9957843317356578,0.09053545906430199,0.034583057676042826,0.05839258148556664,0.0,nan,0.0
-8.187023,42,1052.736775,0.0,1.0,-8.187023341406576,-8.187023341406576,0.0,0.0,0.0,1.0,0.07239683217308629,42,13.701149108900582,0.3414756399355963,0.9619178610452394,0.08129907505852836,0.05261349110376267,0.07642301491328649,0.0,nan,0.0
-8.095565,45,1053.457556,0.0,1.0,-8.095564631872454,-8.095564631872454,0.0,0.0,0.0,1.0,0.06160344123135505,45,12.978287963928366,0.4198180714733357,0.9809750835400528,0.12228194607628716,0.10517321162753634,0.12739543384975857,0.0,nan,0.0
-8.326915,51,1055.729487,0.0,1.0,-8.326915035574936,-8.326915035574936,0.0,0.0,0.0,1.0,0.06715218278233648,51,13.59436843962123,0.7503611771216028,2.0,0.19583963705044166,0.08972420879438811,0.10933205193164301,0.0,nan,0.0
-8.177917,43,1056.470517,0.0,1.0,-8.177916608726768,-8.177916608726768,0.0,0.0,0.0,1.0,0.07227981128514173,43,13.469325243257984,0.9216528394260403,2.0,0.17857809122218643,0.023255813953488372,0.046511627906976744,0.0,nan,0.0
-7.957827,45,1057.237372,0.0,1.0,-7.957826545070107,-7.957826545070107,0.0,0.0,0.0,1.0,0.07617033738170681,45,13.506978707695998,0.8077191979300028,2.0,0.27379815843370225,0.08471719953748914,0.10693942175971137,0.0,nan,0.0
-8.296505,47,1057.990801,0.0,1.0,-8.296505473839279,-8.296505473839279,0.0,0.0,0.0,1.0,0.0691507107952467,47,13.804838599424762,0.7123329675368804,2.0,0.18735651513363452,0.0487996111524866,0.06595527618489366,0.0,nan,0.0
-7.879991,49,1058.96019,0.0,1.0,-7.879990536859092,-7.879990536859092,0.0,0.0,0.0,1.0,0.06251285575853259,49,12.53634873612508,0.5217311485182458,0.9958963090839377,0.22764522080518762,0.054507216628716916,0.07491537989402304,0.0,nan,0.0
-7.937385,44,1059.664196,0.0,1.0,-7.937384926173848,-7.937384926173848,0.0,0.0,0.0,1.0,0.07372188708058015,44,13.72659112003161,0.36485411112032845,0.9584262697563993,0.12969697605479846,0.0399932319467718,0.06272050467404452,0.0,nan,0.0
-7.790034,46,1060.421934,0.0,1.0,-7.790033817985553,-7.790033817985553,0.0,0.0,0.0,1.0,0.07120567597183836,46,14.257444804168596,0.4159146666717353,0.9888217571073573,0.23806003124817557,0.07931288428928542,0.08528599013452945,0.0,nan,0.0
-8.093605,45,1061.162184,0.0,1.0,-8.093605232619643,-8.093605232619643,0.0,0.0,0.0,1.0,0.06030264913168825,45,13.33741407019204,0.41065323264103654,0.9782989266684992,0.15024410486221312,0.036392863591512045,0.05854430728488498,0.0,nan,0.0
-8.030679,45,1061.879581,0.0,1.0,-8.030678598130818,-8.030678598130818,0.0,0.0,0.0,1.0,0.06471417230016861,45,13.570931576460227,0.44215623523809217,0.977298509292741,0.18225771321190729,0.05710503790113661,0.0763798024919298,0.0,nan,0.0
-8.437068,37,1062.538869,0.0,1.0,-8.437067886367089,-8.437067886367089,0.0,0.0,0.0,1.0,0.07837291893019928,37,11.764622712712645,0.8229102296513822,2.0,0.17858272468721545,0.12225961685180664,0.1479647868388408,0.0,nan,0.0
-8.165224,41,1063.26299,0.0,1.0,-8.165223543410889,-8.165223543410889,0.0,0.0,0.0,1.0,0.07140692285039929,41,14.301946090350473,0.3395533241089019,1.0152270855236751,0.08964497287098955,0.0719498832051347,0.09600184603435237,0.0,nan,0.0
-8.235129,47,1064.023204,0.0,1.0,-8.235128914918377,-8.235128914918377,0.0,0.0,0.0,1.0,0.06874130654372987,47,13.764724323779259,0.4467715132171144,0.9699398152640931,0.1924976719186661,0.05037252446438404,0.07164912020906489,0.0,nan,0.0
-7.963118,45,1064.663169,0.0,1.0,-7.963117973444236,-7.963117973444236,0.0,0.0,0.0,1.0,0.06352438945102765,45,13.286227224715706,0.5247703524140502,1.3200548546766266,0.08658326466878255,0.09831795692443848,0.1205401791466607,0.0,nan,0.0
-7.939506,49,1065.401614,0.0,1.0,-7.939505517534986,-7.939505517534986,0.0,0.0,0.0,1.0,0.06808899135183169,49,13.431998051763278,0.7531815284152505,2.0,0.19967282061674158,0.06697210487054318,0.08054470529361647,0.0,nan,0.0
-7.9069,46,1066.103124,0.0,1.0,-7.906900071111138,-7.906900071111138,0.0,0.0,0.0,1.0,0.06624676258757703,46,13.357538180629648,0.42236189966155474,1.0683883406256507,0.13475989777108896,0.12660631407862125,0.1303203416907269,0.0,nan,0.0
-8.379053,49,1066.936452,0.0,1.0,-8.379052572771739,-8.379052572771739,0.0,0.0,0.0,1.0,0.08196129680023972,49,14.550753653808618,0.7724294735592154,2.0,0.1893740320692257,0.08581867509958696,0.11875904822836117,0.0,nan,0.0
-7.949569,46,1067.670444,0.0,1.0,-7.949568514749396,-7.949568514749396,0.0,0.0,0.0,1.0,0.06400923551467275,46,14.0092647918895,0.5138734422460333,0.9956394740589599,0.12021791416665782,0.09477494592251985,0.11651407635730246,0.0,nan,0.0
-8.173903,42,1068.387242,0.0,1.0,-8.17390307947309,-8.17390307947309,0.0,0.0,0.0,1.0,0.08816641091988991,42,13.297521336054366,0.9263071259421871,2.0,0.378934240766934,0.040821921257745655,0.06463144506726946,0.0,nan,0.0
-8.086913,44,1069.162565,0.0,1.0,-8.086912708030987,-8.086912708030987,0.0,0.0,0.0,1.0,0.06541767541917932,44,14.025974658387794,0.49635715965871613,0.9872809772169657,0.12988710403442383,0.07661654732444069,0.09934382005171342,0.0,nan,0.0
-8.389562,37,1069.793925,0.0,1.0,-8.389561900954858,-8.389561900954858,0.0,0.0,0.0,1.0,0.06678278495077697,37,12.237071971366762,0.7994831399279376,2.0,0.3071969634777791,0.121969815847036,0.13052042754920753,0.0,nan,0.0
-7.76601,60,1070.710087,0.0,1.0,-7.766009830738339,-7.766009830738339,0.0,0.0,0.0,1.0,0.08368655719507356,60,15.234937886836097,0.43583214033298734,0.9979959746663798,0.2932206645607948,0.04418247143427531,0.060849138100941974,0.0,nan,0.0
-8.393129,44,1071.337965,0.0,1.0,-8.393128792409742,-8.393128792409742,0.0,0.0,0.0,1.0,0.06740524424872797,44,12.347883684028892,0.9896180757161247,2.0,0.3364946896379644,0.04860676960511641,0.07133404233238914,0.0,nan,0.0
-8.2713,43,1071.946135,0.0,1.0,-8.271299653213845,-8.271299653213845,0.0,0.0,0.0,1.0,0.09072332873145089,43,13.23931273453357,1.3034241643518123,2.0,0.37787575915802357,0.0954895906670149,0.11874540462050327,0.0,nan,0.0
-7.847725,43,1073.975519,0.0,1.0,-7.84772459002611,-7.84772459002611,0.0,0.0,0.0,1.0,0.06199089076498666,43,14.047824421417939,0.4038774558808004,1.4291836406179854,0.1294124015541964,0.060734488243280454,0.08791022522504939,0.0,nan,0.0
-8.433412,40,1074.753619,0.0,1.0,-8.43341229965801,-8.43341229965801,0.0,0.0,0.0,1.0,0.06870040288673641,40,13.033941351136203,1.2190492493570488,2.0,0.3426507174968719,0.027158710360527038,0.052158710360527036,0.0,nan,0.0
-7.86649,51,1075.517502,0.0,1.0,-7.866489586439201,-7.866489586439201,0.0,0.0,0.0,1.0,0.07850502606643468,51,14.522726671828813,0.6268193464522335,2.0,0.19494354374268474,0.056432915668861536,0.045141145294787834,0.0,nan,0.0
-7.984131,46,1076.13203,0.0,1.0,-7.984130893995106,-7.984130893995106,0.0,0.0,0.0,1.0,0.08054432877893423,46,13.744618790728868,0.4711534166667561,0.9679633878788579,0.13825979569683905,0.05648836882218071,0.07822749925696332,0.0,nan,0.0
-8.009111,45,1076.86663,0.0,1.0,-8.009110729588961,-8.009110729588961,0.0,0.0,0.0,1.0,0.06916966038281859,45,14.511491173556104,0.3705398326706399,1.0112657205427886,0.1431914250055949,0.06684608459472656,0.08906830681694879,0.0,nan,0.0
-8.04508,43,1077.566738,0.0,1.0,-8.045079924394193,-8.045079924394193,0.0,0.0,0.0,1.0,0.05972497194718156,43,13.633976348999232,0.757133900076978,2.0,0.16363916632740996,0.040547016055084935,0.06380283000857331,0.0,nan,0.0
-8.568479,34,1078.131762,0.0,1.0,-8.568479366260105,-8.568479366260105,0.0,0.0,0.0,1.0,0.0706060922590796,34,11.686625239712539,0.7542082717095906,2.0,0.14738480834399953,0.04541559079114128,0.04696685426375445,0.0,nan,0.0
-8.634312,34,1078.726779,0.0,1.0,-8.634311699411453,-8.634311699411453,0.0,0.0,0.0,1.0,0.0777468581813729,34,10.718884052543205,0.9248975068006176,2.0,0.18846710552187526,0.05425477729124181,0.0724254846572876,0.0,nan,0.0
-8.405989,52,1079.465856,0.0,1.0,-8.405988600898187,-8.405988600898187,0.0,0.0,0.0,1.0,0.06479217072766721,52,13.893977024499712,0.7849195058948555,2.0,0.23951498533670718,0.08148905405631432,0.09391345886083749,0.0,nan,0.0
-8.018976,43,1080.157007,0.0,1.0,-8.018975553328081,-8.018975553328081,0.0,0.0,0.0,1.0,0.06824734223286082,43,13.693762774260163,0.41838493908087976,0.9696862052495041,0.11604406944541044,0.15030854801798976,0.18990313729574515,0.0,nan,0.0
-7.945516,45,1080.884459,0.0,1.0,-7.94551639430047,-7.94551639430047,0.0,0.0,0.0,1.0,0.05721303498652055,45,13.761439954011138,0.46184345365670887,1.8034810640095913,0.08354735771814982,0.05198223855760362,0.07420446077982584,0.0,nan,0.0
-8.444267,43,1081.581567,0.0,1.0,-8.444267116988739,-8.444267116988739,0.0,0.0,0.0,1.0,0.08191056284853539,43,12.850076107323268,0.9679928297605543,2.0,0.3388359525869059,0.08756004377853038,0.11081585773201875,0.0,nan,0.0
-8.112226,44,1082.280107,0.0,1.0,-8.112226077912506,-8.112226077912506,0.0,0.0,0.0,1.0,0.06708701872126867,44,13.473704797672367,0.4397479510228678,0.9611298452872942,0.10223866592754018,0.034384543245488945,0.05711181597276167,0.0,nan,0.0
-7.963663,41,1082.954474,0.0,1.0,-7.963663382764723,-7.963663382764723,0.0,0.0,0.0,1.0,0.07051782961755042,41,13.996295181816773,0.4879114327076986,1.0502413909579469,0.05560773174937179,0.050541296237852515,0.07493154014029153,0.0,nan,0.0
-7.955028,45,1083.687175,0.0,1.0,-7.955027630216066,-7.955027630216066,0.0,0.0,0.0,1.0,0.06093099088802605,45,13.730262802771367,0.4194926951758501,1.308649072270064,0.14973456329769558,0.10522192319234212,0.12744414541456434,0.0,nan,0.0
-8.453279,54,1084.481053,0.0,1.0,-8.453279076428458,-8.453279076428458,0.0,0.0,0.0,1.0,0.06038057840023256,54,13.282114684203613,0.8126155217115418,2.0,0.23267004666505037,0.07120196907608597,0.08972048759460449,0.0,nan,0.0
-7.907178,45,1085.286873,0.0,1.0,-7.907177784047376,-7.907177784047376,0.0,0.0,0.0,1.0,0.06688513486525256,45,14.110655333345578,0.4363709868138071,0.9503641849485777,0.12936910059716966,0.03704055150349935,0.05926277372572157,0.0,nan,0.0
-8.403339,40,1085.854293,0.0,1.0,-8.403339350367993,-8.403339350367993,0.0,0.0,0.0,1.0,0.07859383517823071,40,12.8782604472972,0.7688747566224049,2.0,0.13678357973694802,0.05835567712783814,0.08335567712783813,0.0,nan,0.0
-8.400838,36,1086.419353,0.0,1.0,-8.400837756755285,-8.400837756755285,0.0,0.0,0.0,1.0,0.09058172472667252,36,12.313701415547747,1.0204887521559067,2.0,0.32359300139877534,0.028070168362723455,0.05584794614050123,0.0,nan,0.0
-7.869571,45,1087.115517,0.0,1.0,-7.869571191207381,-7.869571191207381,0.0,0.0,0.0,1.0,0.08160661064674211,45,14.050106217118486,0.4591158727759155,1.0137105141161005,0.11229650179545085,0.05766220622592502,0.07988442844814725,0.0,nan,0.0
-8.632813,34,1087.740269,0.0,1.0,-8.632813421807368,-8.632813421807368,0.0,0.0,0.0,1.0,0.07696340597007337,34,10.612565555273868,1.0618481718255974,2.0,0.2859708158408894,0.0974095113137189,0.12682127601960125,0.0,nan,0.0
-8.007206,42,1088.447285,0.0,1.0,-8.007205601945955,-8.007205601945955,0.0,0.0,0.0,1.0,0.0624779711206306,42,13.826274867212227,0.9609312471597041,2.0,0.11066730533327375,0.10609668209439233,0.12990620590391613,0.0,nan,0.0
-8.171807,45,1089.123779,0.0,1.0,-8.17180654371702,-8.17180654371702,0.0,0.0,0.0,1.0,0.07944937005854372,45,12.994924676770832,0.371743814212878,0.9630265019852182,0.08334833516014947,0.10963240729437934,0.12361183166503906,0.0,nan,0.0
-8.494988,34,1089.591292,0.0,1.0,-8.494987742801094,-8.494987742801094,0.0,0.0,0.0,1.0,0.07939905852191838,34,11.659248203653723,0.9208888816375715,2.0,0.23185406712924733,0.04216541262233958,0.05504030339858111,0.0,nan,0.0
-8.315304,37,1091.414304,0.0,1.0,-8.315304153302202,-8.315304153302202,0.0,0.0,0.0,1.0,0.07548260117470963,37,12.517877612594049,0.7795733055367048,2.0,0.2721145845748283,0.06323900093903413,0.09026602796606116,0.0,nan,0.0
-8.309483,52,1092.286436,0.0,1.0,-8.30948317234673,-8.30948317234673,0.0,0.0,0.0,1.0,0.0650053632486145,52,13.783457411670874,0.7944333823729873,2.0,0.20016051484988287,0.08134615421295166,0.10057692344372089,0.0,nan,0.0
-8.598223,34,1092.80734,0.0,1.0,-8.598222922073655,-8.598222922073655,0.0,0.0,0.0,1.0,0.07969059576085462,34,11.135430095618867,1.0391028170053098,2.0,0.24537289142608643,0.1364528922473683,0.16586465695325067,0.0,nan,0.0
-8.155226,43,1093.442558,0.0,1.0,-8.155225649547727,-8.155225649547727,0.0,0.0,0.0,1.0,0.059916872028661396,43,13.8067873726851,0.4079953055086185,1.4895143480535602,0.08851775457692701,0.06523961799089299,0.08849543194438136,0.0,nan,0.0
-8.6198,32,1093.938445,0.0,1.0,-8.619800053883658,-8.619800053883658,0.0,0.0,0.0,1.0,0.0721532405029199,32,11.852052116309892,0.8447650785470546,2.0,0.2164665274322033,0.09116489440202713,0.12419994175434113,0.0,nan,0.0
-7.980953,45,1094.647794,0.0,1.0,-7.980953284351503,-7.980953284351503,0.0,0.0,0.0,1.0,0.06062088888775239,45,13.186397258698646,0.36901736471716007,1.0434665253752229,0.10987186166975234,0.16434676382276747,0.18160533905029297,0.0,nan,0.0
-8.323666,48,1095.461142,0.0,1.0,-8.323665672519809,-8.323665672519809,0.0,0.0,0.0,1.0,0.06265305035054206,48,14.151485892164423,0.8004296239054528,2.0,0.17496039097507796,0.06982886046171188,0.09066219379504521,0.0,nan,0.0
-8.111601,44,1096.263963,0.0,1.0,-8.111601238543162,-8.111601238543162,0.0,0.0,0.0,1.0,0.061073229675181154,44,14.102094158268283,0.41329929629686807,1.0151826811819336,0.1172770695252852,0.03668424758044156,0.05941152030771429,0.0,nan,0.0
-8.344542,34,1096.726223,0.0,1.0,-8.34454159082067,-8.34454159082067,0.0,0.0,0.0,1.0,0.06639074767555017,34,13.416722823115965,0.9747048059166774,2.0,0.2457785097991719,0.057498777613920325,0.08691054231980268,0.0,nan,0.0
-8.158461,43,1097.327308,0.0,1.0,-8.15846115432205,-8.15846115432205,0.0,0.0,0.0,1.0,0.07170493476089883,43,13.625313952073368,0.6577269600561877,2.0,0.08820020598034527,0.08409777907438057,0.08536113694656727,0.0,nan,0.0
-8.524309,35,1097.974926,0.0,1.0,-8.524308895262498,-8.524308895262498,0.0,0.0,0.0,1.0,0.06874939009791052,35,12.278028419578078,0.8468829473255209,2.0,0.16714013133730207,0.05768495968409947,0.07657999311174665,0.0,nan,0.0
-8.41447,41,1098.592199,0.0,1.0,-8.41447040723009,-8.41447040723009,0.0,0.0,0.0,1.0,0.07105171508316724,41,13.068332710208507,1.0017492397293009,2.0,0.3190792086647778,0.046477931301768236,0.07086817520420725,0.0,nan,0.0
-8.63598,32,1099.199549,0.0,1.0,-8.635980406175232,-8.635980406175232,0.0,0.0,0.0,1.0,0.06973751639791836,32,11.779529300552314,0.8622419385392863,2.0,0.17124896124005318,0.09253791719675064,0.09666240960359573,0.0,nan,0.0
-8.513542,32,1099.707104,0.0,1.0,-8.513542473444046,-8.513542473444046,0.0,0.0,0.0,1.0,0.06498985831667463,32,12.355074099509087,1.0539233837671382,2.0,0.2523167263716459,0.03125,0.0625,0.0,nan,0.0
-7.986574,42,1100.280681,0.0,1.0,-7.986573580557678,-7.986573580557678,0.0,0.0,0.0,1.0,0.057868256428687634,42,13.726775906346797,0.5060209113256304,1.2773869524775046,0.09629717611131214,0.08823010467347644,0.09523636954171318,0.0,nan,0.0
-8.248164,41,1100.963715,0.0,1.0,-8.248164473348774,-8.248164473348774,0.0,0.0,0.0,1.0,0.07086600187451157,41,14.275028735562708,0.3857203216337767,0.9734902034901787,0.09231487716116556,0.046649188530154345,0.06555480491824267,0.0,nan,0.0
-8.311561,33,1101.480978,0.0,1.0,-8.311561036833634,-8.311561036833634,0.0,0.0,0.0,1.0,0.09610532856920925,33,12.842999571545873,1.1029317788502981,2.0,0.4220108046676173,0.048826138178507485,0.0791291684815378,0.0,nan,0.0
-8.395897,45,1102.156585,0.0,1.0,-8.395897464404342,-8.395897464404342,0.0,0.0,0.0,1.0,0.06846861591546215,45,13.756595498805305,0.7220296594493977,2.0,0.15615217950608995,0.029865985446506076,0.0520882076687283,0.0,nan,0.0
-9.09869,43,1102.887469,0.0,1.0,-9.09869012633197,-9.09869012633197,0.0,0.0,0.0,1.0,0.05844677727461629,43,13.499284352692404,0.4665778855045526,1.006834384094876,0.13879211558852084,0.04267783497655114,0.06387718333754429,0.0,nan,0.0
-8.015466,53,1103.754727,0.0,1.0,-8.015466033841285,-8.015466033841285,0.0,0.0,0.0,1.0,0.07359300677318828,53,13.11932515354432,0.6913608949773995,2.0,0.2986549397684493,0.04621086255559381,0.0650787870838957,0.0,nan,0.0
-8.066752,48,1104.403434,0.0,1.0,-8.066752312847779,-8.066752312847779,0.0,0.0,0.0,1.0,0.08865491248411143,48,13.650092242728455,0.8063319898999933,2.0,0.15078020095825195,0.1411471664905548,0.1538751075665156,0.0,nan,0.0
-9.28725,44,1105.121596,0.0,1.0,-9.287249976673213,-9.287249976673213,0.0,0.0,0.0,1.0,0.08080240835942733,44,13.680117800227451,0.47186785521677466,1.00335133104638,0.22811711511828683,0.09836793487722223,0.10075607624920932,0.0,nan,0.0
-8.046714,43,1105.817262,0.0,1.0,-8.046713803658958,-8.046713803658958,0.0,0.0,0.0,1.0,0.06121508250442831,43,14.883246470160913,0.708630415530104,2.0,0.16936492365460062,0.05846330176952273,0.0817191157230111,0.0,nan,0.0
-7.838775,46,1106.540761,0.0,1.0,-7.838774969511666,-7.838774969511666,0.0,0.0,0.0,1.0,0.06877154036770805,46,13.694068326134003,0.44397041660499875,0.9563330528960858,0.11138110575468643,0.04030292448790177,0.04911295745683753,0.0,nan,0.0
-8.432014,50,1107.284898,0.0,1.0,-8.432013941476589,-8.432013941476589,0.0,0.0,0.0,1.0,0.07317331391106625,50,13.109350914243263,0.7357990831471782,2.0,0.1791778790950775,0.10740449905395508,0.10539334297180175,0.0,nan,0.0
-8.143347,45,1109.495517,0.0,1.0,-8.143346823604467,-8.143346823604467,0.0,0.0,0.0,1.0,0.06678887965188893,45,12.972443780689439,0.4735378085242703,0.9746512532019002,0.13794674078623453,0.13721284866333008,0.1733659479353163,0.0,nan,0.0
-8.386582,38,1110.062763,0.0,1.0,-8.386582127486667,-8.386582127486667,0.0,0.0,0.0,1.0,0.08589743521327493,38,12.545681826827192,0.7628175536373086,2.0,0.21005001821016012,0.06278164763199656,0.08909743710568077,0.0,nan,0.0
-8.10024,45,1110.778677,0.0,1.0,-8.100240463242338,-8.100240463242338,0.0,0.0,0.0,1.0,0.06280127494210455,45,13.423825472449815,0.9506994095282976,2.0,0.17009962466028,0.06667965253194173,0.08890187475416396,0.0,nan,0.0
-8.16053,46,1111.497562,0.0,1.0,-8.160529681393498,-8.160529681393498,0.0,0.0,0.0,1.0,0.06219118290131744,46,13.796340748038952,0.4767208270522436,1.4292729599032805,0.19504796681196793,0.06151533126831055,0.08325446170309315,0.0,nan,0.0
-7.926733,47,1112.317315,0.0,1.0,-7.9267329506919575,-7.9267329506919575,0.0,0.0,0.0,1.0,0.06297078761030389,47,13.358425641598537,0.4406505928834578,0.9498911931630664,0.13535127741225222,0.07138264940140095,0.0926592451460818,0.0,nan,0.0
-8.325662,36,1112.846503,0.0,1.0,-8.325662352013826,-8.325662352013826,0.0,0.0,0.0,1.0,0.0641559998146235,36,12.522321202105992,0.861009204974382,2.0,0.2821274830235375,0.06219598319795397,0.08997376097573175,0.0,nan,0.0
-8.494994,33,1113.353216,0.0,1.0,-8.494993530757167,-8.494993530757167,0.0,0.0,0.0,1.0,0.07773995151487255,33,12.398737578827038,1.003687048787209,2.0,0.32472306038394116,0.034318421826218116,0.0672425465150313,0.0,nan,0.0
-8.536359,33,1113.967513,0.0,1.0,-8.5363590409453,-8.5363590409453,0.0,0.0,0.0,1.0,0.062444726941019574,33,11.837709814398188,0.8736762809941829,2.0,0.2826066965406591,0.18072803815205893,0.19067667469833838,0.0,nan,0.0
-7.797089,44,1114.608003,0.0,1.0,-7.797088510234939,-7.797088510234939,0.0,0.0,0.0,1.0,0.0662652575674753,44,13.946026775876959,0.4846644837848519,1.4304264687241879,0.11083726178516042,0.13117613846605475,0.15390341119332748,0.0,nan,0.0
-8.373896,39,1115.217102,0.0,1.0,-8.373896028701601,-8.373896028701601,0.0,0.0,0.0,1.0,0.08522411820101189,39,12.23758800976785,0.824382552481491,2.0,0.2493883524185572,0.06828998908018455,0.09065261559608655,0.0,nan,0.0
-7.892682,43,1115.898433,0.0,1.0,-7.8926820018192725,-7.8926820018192725,0.0,0.0,0.0,1.0,0.06916153860667917,43,14.311083944060533,0.3415145006368934,0.9381037957904349,0.13498842438986136,0.04331509457078091,0.06657090852426928,0.0,nan,0.0
-8.041242,45,1116.600549,0.0,1.0,-8.041241676646372,-8.041241676646372,0.0,0.0,0.0,1.0,0.08524472831179356,45,14.129795036909481,0.48982150525025825,0.9939158237884357,0.11179239749908447,0.1324353641933865,0.12050040298038059,0.0,nan,0.0
-8.566816,35,1117.086952,0.0,1.0,-8.566816086800818,-8.566816086800818,0.0,0.0,0.0,1.0,0.08501826352438291,35,11.552823585902486,1.0103152973695493,2.0,0.2404350084917886,0.05535369941166469,0.08392512798309326,0.0,nan,0.0
-8.070714,45,1117.812773,0.0,1.0,-8.070714197859177,-8.070714197859177,0.0,0.0,0.0,1.0,0.06671497277965588,45,13.307874504073396,0.449319631795457,0.9307542243394022,0.10357055134243436,0.08031064139472113,0.09966417418585884,0.0,nan,0.0
-7.847307,48,1118.653436,0.0,1.0,-7.847306550873448,-7.847306550873448,0.0,0.0,0.0,1.0,0.07392808652137654,48,13.259414871866271,0.4665476620954218,1.6774738084959029,0.21714968731005987,0.10798266530036926,0.08714933196703593,0.0,nan,0.0
-8.317995,46,1119.372331,0.0,1.0,-8.317994910104803,-8.317994910104803,0.0,0.0,0.0,1.0,0.06427703284871658,46,14.447513931163114,0.760095258019394,2.0,0.16818549581195996,0.08237503404202669,0.08943389809649924,0.0,nan,0.0
-8.345247,36,1119.94225,0.0,1.0,-8.34524664569495,-8.34524664569495,0.0,0.0,0.0,1.0,0.08479007113732841,36,12.276297583741428,1.0059460734071617,2.0,0.278520589073499,0.09541601604885525,0.12319379382663304,0.0,nan,0.0
-7.901737,43,1120.53405,0.0,1.0,-7.901737092122364,-7.901737092122364,0.0,0.0,0.0,1.0,0.07053256722948373,43,13.920187382046064,0.49818161782982767,1.1744600389908044,0.09308398601620696,0.10646544778069784,0.12583064478497172,0.0,nan,0.0
-8.254973,47,1121.265448,0.0,1.0,-8.254973287923,-8.254973287923,0.0,0.0,0.0,1.0,0.06983295507978364,47,13.02610891404633,0.9545610604045114,2.0,0.33922639806219873,0.1353625591765059,0.16529724445748836,0.0,nan,0.0
-8.121938,46,1122.009424,0.0,1.0,-8.121938292613313,-8.121938292613313,0.0,0.0,0.0,1.0,0.07151302150905955,46,12.984175899370744,0.8308293405856494,2.0,0.15002998320952707,0.14032673058302506,0.16206586101780768,0.0,nan,0.0
-8.07663,50,1122.85853,0.0,1.0,-8.076630155469344,-8.076630155469344,0.0,0.0,0.0,1.0,0.08492413382034007,50,13.434217716503657,0.9779597076749955,2.0,0.5195515143871308,0.034165630340576174,0.05416563034057617,0.0,nan,0.0
-8.022629,46,1123.565841,0.0,1.0,-8.02262927500326,-8.02262927500326,0.0,0.0,0.0,1.0,0.08180100774405732,46,13.379363125099374,0.43429817862423364,0.960480764192623,0.19692007355068042,0.05960007335828698,0.0813392037930696,0.0,nan,0.0
-7.947082,45,1124.284469,0.0,1.0,-7.947081538295684,-7.947081538295684,0.0,0.0,0.0,1.0,0.06358295909576954,45,13.512174335052176,0.495668268095963,1.0938232420543335,0.1175361262427436,0.039933496051364474,0.062155718273586694,0.0,nan,0.0
-8.040158,44,1124.99127,0.0,1.0,-8.04015848582319,-8.04015848582319,0.0,0.0,0.0,1.0,0.06081164217682744,44,14.03811023622288,0.4486685491205591,0.9959223377679535,0.12946473197503525,0.06379632516340776,0.07288642904975197,0.0,nan,0.0
-8.159207,51,1126.966632,0.0,1.0,-8.159206958071968,-8.159206958071968,0.0,0.0,0.0,1.0,0.06064929272786062,51,12.908866483500208,0.7589288131409235,2.0,0.29013288956062466,0.08566663779464423,0.10527448093189913,0.0,nan,0.0
-8.391328,37,1127.431026,0.0,1.0,-8.391328154585466,-8.391328154585466,0.0,0.0,0.0,1.0,0.07627437159415563,37,11.851282017299273,0.8295845295459442,2.0,0.23926414589624148,0.11520927016799515,0.08818224314096812,0.0,nan,0.0
-8.073386,46,1128.058815,0.0,1.0,-8.073386485294245,-8.073386485294245,0.0,0.0,0.0,1.0,0.07209347144582537,46,13.033248372619317,0.35985928100805276,0.9667299437174445,0.12775583889173425,0.12395306773807692,0.11398941019307011,0.0,nan,0.0
-8.334518,43,1128.697249,0.0,1.0,-8.33451807962819,-8.33451807962819,0.0,0.0,0.0,1.0,0.07462744090573091,43,12.751933278066497,1.0250875039967653,2.0,0.33250097895777503,0.1141450377397759,0.12390084322108778,0.0,nan,0.0
-7.730255,48,1129.418846,0.0,1.0,-7.730255060361099,-7.730255060361099,0.0,0.0,0.0,1.0,0.0762388853704687,48,13.85444468664753,0.5086828468309773,1.042346272334271,0.17998188734054565,0.10601670295000076,0.10987219959497452,0.0,nan,0.0
-8.440148,39,1130.099964,0.0,1.0,-8.44014840310025,-8.44014840310025,0.0,0.0,0.0,1.0,0.06903801535410325,39,10.845517392634159,1.060152870532767,2.0,0.22842625624094254,0.15031850032317332,0.17594547760792267,0.0,nan,0.0
-9.157875,50,1130.812413,0.0,1.0,-9.157875045922923,-9.157875045922923,0.0,0.0,0.0,1.0,0.08516094688198625,50,12.61050616915182,0.5553055250759205,1.5052987944058849,0.20760334253311158,0.273673791885376,0.2882525825500488,0.0,nan,0.0
-8.328062,37,1131.3702,0.0,1.0,-8.328062477231423,-8.328062477231423,0.0,0.0,0.0,1.0,0.08868632152154718,37,12.716668778214748,1.1298636512118752,2.0,0.33730439801473877,0.11654310935252421,0.14357013637955124,0.0,nan,0.0
-8.219809,45,1132.05216,0.0,1.0,-8.219809124204176,-8.219809124204176,0.0,0.0,0.0,1.0,0.06300327402510554,45,13.787920231801303,0.7303225472161652,2.0,0.2249971522225274,0.035396708382500544,0.057618930604722764,0.0,nan,0.0
-8.012593,46,1132.761046,0.0,1.0,-8.012593267293184,-8.012593267293184,0.0,0.0,0.0,1.0,0.06311674782427397,46,12.399773180492426,0.4859086011620237,0.9994914553593647,0.07025303270505823,0.1710961849793144,0.18492445997569873,0.0,nan,0.0
-8.45422,40,1133.448463,0.0,1.0,-8.45421976803482,-8.45421976803482,0.0,0.0,0.0,1.0,0.07185836251795812,40,12.779492265297927,1.0875244575013159,2.0,0.4034276485443115,0.07151170372962952,0.07544997930526734,0.0,nan,0.0
-8.391573,38,1134.102011,0.0,1.0,-8.391572889711545,-8.391572889711545,0.0,0.0,0.0,1.0,0.0748397828061768,38,12.26782980734312,0.8896245025001912,2.0,0.23656822897885976,0.08418680805909007,0.11408629229194239,0.0,nan,0.0
-8.124388,44,1134.840523,0.0,1.0,-8.124388370062315,-8.124388370062315,0.0,0.0,0.0,1.0,0.08341036336240007,44,13.482421084442812,0.34052526641474057,0.9529175431080961,0.1513246257196773,0.08106891675428911,0.10379618948156183,0.0,nan,0.0
-8.394174,41,1135.532033,0.0,1.0,-8.39417438195131,-8.39417438195131,0.0,0.0,0.0,1.0,0.09656911423866663,41,13.165214552441645,1.2360521061161143,2.0,0.35941856227269986,0.1433873292876453,0.1667811434443404,0.0,nan,0.0
-8.05935,51,1136.310864,0.0,1.0,-8.059350185536228,-8.059350185536228,0.0,0.0,0.0,1.0,0.08055131763449376,51,12.575771171985995,0.5155093277030925,1.0260076919183594,0.25620802009806914,0.11941714847789091,0.11206894294888366,0.0,nan,0.0
-8.542884,35,1136.955117,0.0,1.0,-8.542883619945558,-8.542883619945558,0.0,0.0,0.0,1.0,0.07481161436842036,35,11.623556506032296,0.8595565375185586,2.0,0.21548912269728523,0.08179819243294852,0.1010575635092599,0.0,nan,0.0
-8.314158,51,1137.703035,0.0,1.0,-8.31415842127592,-8.31415842127592,0.0,0.0,0.0,1.0,0.07704694426061276,51,13.100419653444543,0.8143576154383209,2.0,0.21218347783182182,0.11980796561521642,0.13152245797362982,0.0,nan,0.0
-7.900074,47,1138.463204,0.0,1.0,-7.900073650534045,-7.900073650534045,0.0,0.0,0.0,1.0,0.060781721402705303,47,13.169250852759067,0.4190101530096921,1.3661515017349712,0.16155672834274618,0.07758792664142365,0.0988645223861045,0.0,nan,0.0
-8.473296,37,1139.136732,0.0,1.0,-8.473296353754822,-8.473296353754822,0.0,0.0,0.0,1.0,0.08338565925035674,37,11.186269510578395,0.8314926237377913,2.0,0.2938882112503052,0.12730818825799065,0.1449070170119002,0.0,nan,0.0
-7.854263,44,1139.839909,0.0,1.0,-7.854263446347189,-7.854263446347189,0.0,0.0,0.0,1.0,0.06920502455027107,44,14.079854673398154,0.4314672986923588,0.9931618490156556,0.17443822459741073,0.0790135074745525,0.09067574685270136,0.0,nan,0.0
-8.280352,43,1140.651403,0.0,1.0,-8.280351563825281,-8.280351563825281,0.0,0.0,0.0,1.0,0.07619377769380296,43,12.795717905608349,1.0096301187835464,2.0,0.35284770782603775,0.023255813953488372,0.046511627906976744,0.0,nan,0.0
-9.661901,48,1141.395653,0.0,1.0,-9.661901081756277,-9.661901081756277,0.0,0.0,0.0,1.0,0.07001893161490352,48,12.69537068452385,0.5774833610266884,1.7532848193085993,0.1448208267490069,0.22467404355605444,0.20482981453339258,0.0,nan,0.0
-8.058656,44,1142.193811,0.0,1.0,-8.058655801456606,-8.058655801456606,0.0,0.0,0.0,1.0,0.0667849104031533,44,13.299249992248713,0.45362177247429863,0.9427784300034027,0.12372271852059798,0.04963918707587502,0.07236645980314775,0.0,nan,0.0
-7.869234,47,1144.376884,0.0,1.0,-7.869234350704332,-7.869234350704332,0.0,0.0,0.0,1.0,0.06404839444376476,47,13.266779977913869,0.8121885578059426,2.0,0.3112363599716349,0.13976875264593897,0.15026904674286537,0.0,nan,0.0
-7.743152,56,1145.196481,0.0,1.0,-7.743151802391139,-7.743151802391139,0.0,0.0,0.0,1.0,0.07185482744183623,56,14.406956485415245,0.7598965814913405,2.0,0.2909968351679189,0.12473220058849879,0.13702512213162013,0.0,nan,0.0
-8.191414,45,1146.022039,0.0,1.0,-8.191414412211628,-8.191414412211628,0.0,0.0,0.0,1.0,0.08020289252041125,45,13.453316021798324,1.0116867152570272,2.0,0.4247629503409068,0.03350642257266574,0.05572864479488797,0.0,nan,0.0
-8.602514,34,1146.638944,0.0,1.0,-8.602514334788827,-8.602514334788827,0.0,0.0,0.0,1.0,0.0743584050585481,34,11.834624316777134,0.8696139156270574,2.0,0.23496261764975154,0.08603144042632159,0.114616078488967,0.0,nan,0.0
-8.430936,38,1147.124537,0.0,1.0,-8.430936075396012,-8.430936075396012,0.0,0.0,0.0,1.0,0.11310401965708405,38,13.757699549183052,1.268009882611675,2.0,0.3943585227978857,0.1580975839966222,0.15084389322682432,0.0,nan,0.0
-8.016357,43,1147.885686,0.0,1.0,-8.016357304699161,-8.016357304699161,0.0,0.0,0.0,1.0,0.06046021800809846,43,13.848067207659543,0.458023163069024,0.9632015473806089,0.09559665724288585,0.0557291729505672,0.07898498690405557,0.0,nan,0.0
-7.845484,46,1148.673274,0.0,1.0,-7.8454835198464234,-7.8454835198464234,0.0,0.0,0.0,1.0,0.06872907162488179,46,14.508420223713479,0.48734447406446046,0.9656971346170427,0.13717711360558218,0.07662846212801726,0.09829645571501358,0.0,nan,0.0
-7.795881,53,1149.519175,0.0,1.0,-7.795881110493822,-7.795881110493822,0.0,0.0,0.0,1.0,0.06695905915489936,53,14.422357268887152,0.7451461672852977,2.0,0.22701785811838113,0.03286308612463609,0.030865435330372937,0.0,nan,0.0
-7.639844,49,1150.248769,0.0,1.0,-7.639844489883206,-7.639844489883206,0.0,0.0,0.0,1.0,0.08434239255271385,49,14.198001223262068,0.4102486652301183,1.2382364466077262,0.25081380775996615,0.10300110797492826,0.12340927124023438,0.0,nan,0.0
-7.970092,46,1150.975858,0.0,1.0,-7.970092367090004,-7.970092367090004,0.0,0.0,0.0,1.0,0.07461424346982332,46,13.663347210188613,0.8038419842854453,2.0,0.17420720600563547,0.0545618430427883,0.07012677970139877,0.0,nan,0.0
-8.036596,39,1151.661612,0.0,1.0,-8.036595597156463,-8.036595597156463,0.0,0.0,0.0,1.0,0.08115133871217912,39,12.459444258231105,0.7151969378836196,2.0,0.28023820886245143,0.08884038986303867,0.13979777617332262,0.0,nan,0.0
-8.193446,45,1152.398065,0.0,1.0,-8.193445945706198,-8.193445945706198,0.0,0.0,0.0,1.0,0.06097220161427449,45,14.235199112946349,0.515060123980425,1.3735003850407477,0.17956622309154935,0.056248108545939125,0.0806652545928955,0.0,nan,0.0
-8.077745,46,1153.124299,0.0,1.0,-8.077745144273502,-8.077745144273502,0.0,0.0,0.0,1.0,0.06813700483341631,46,12.814376522634195,0.3614217082868123,0.9394210819252122,0.110530119875203,0.16671056332795517,0.16817425126614777,0.0,nan,0.0
-7.887923,48,1153.762948,0.0,1.0,-7.887922810633892,-7.887922810633892,0.0,0.0,0.0,1.0,0.07236792796479621,48,14.011330955973515,0.44020907892583955,1.0071590457683612,0.23673513034979501,0.08819025754928589,0.10902359088261922,0.0,nan,0.0
-7.766835,45,1154.549585,0.0,1.0,-7.766835325067598,-7.766835325067598,0.0,0.0,0.0,1.0,0.06841306576809984,45,14.25901961420694,0.49861290218182946,0.9813573755451134,0.17149640454186332,0.05230128765106201,0.07607912222544352,0.0,nan,0.0
-8.461835,37,1155.183984,0.0,1.0,-8.461834899646378,-8.461834899646378,0.0,0.0,0.0,1.0,0.08617442462559484,37,11.954167893105993,0.915082092105189,2.0,0.274332354197631,0.09195793641580118,0.1189849634428282,0.0,nan,0.0
-8.458083,44,1155.917024,0.0,1.0,-8.458083164539339,-8.458083164539339,0.0,0.0,0.0,1.0,0.06271211660520819,44,12.909765706677216,0.7800020032808505,2.0,0.31452485580335965,0.09793126041238959,0.10262760249051181,0.0,nan,0.0
-7.746236,52,1156.669872,0.0,1.0,-7.7462356460848945,-7.7462356460848945,0.0,0.0,0.0,1.0,0.07059852674804856,52,12.761206114247587,0.5188830649671117,1.1848153973075866,0.2451454045680853,0.07469727672063388,0.09253094746516301,0.0,nan,0.0
-8.296662,49,1157.437682,0.0,1.0,-8.296662149540197,-8.296662149540197,0.0,0.0,0.0,1.0,0.0932771134676017,49,12.928388118030444,1.0316761229678217,2.0,0.34271731486125867,0.0820892757298995,0.10249743899520562,0.0,nan,0.0
-7.543287,53,1158.217455,0.0,1.0,-7.543286527182163,-7.543286527182163,0.0,0.0,0.0,1.0,0.06908670815432465,53,13.140677732270186,0.7189476251729638,2.0,0.32123325793248303,0.10531057951585301,0.10237329186133619,0.0,nan,0.0
-8.543877,36,1158.836538,0.0,1.0,-8.543877048067175,-8.543877048067175,0.0,0.0,0.0,1.0,0.09090050160843603,36,10.116671412044514,1.1806831908681552,2.0,0.4853073259194692,0.07550255457560222,0.10328033235338,0.0,nan,0.0
-8.329121,37,1159.477724,0.0,1.0,-8.329121427494872,-8.329121427494872,0.0,0.0,0.0,1.0,0.10177048587168168,37,12.188926767363892,1.100212677175048,2.0,0.34472579327789515,0.09139640911205395,0.11529510246740805,0.0,nan,0.0
-8.086278,46,1160.164307,0.0,1.0,-8.086277620166731,-8.086277620166731,0.0,0.0,0.0,1.0,0.07441943596319611,46,13.153488419864322,0.7901302024052888,2.0,0.19178815898687943,0.13293645174606986,0.1264061461324277,0.0,nan,0.0
-7.948914,48,1162.265965,0.0,1.0,-7.948913792716337,-7.948913792716337,0.0,0.0,0.0,1.0,0.06081940825895843,48,15.105483813276203,0.494754019861489,1.535559339960041,0.2301778495311737,0.05627489586671194,0.07710822920004527,0.0,nan,0.0
-7.776683,48,1163.013378,0.0,1.0,-7.776683118974034,-7.776683118974034,0.0,0.0,0.0,1.0,0.060629489604973684,48,13.50993588287848,0.41571414315329247,0.9838265656768369,0.29980802287658054,0.11607293287913005,0.13690626621246338,0.0,nan,0.0
-7.670849,50,1163.87292,0.0,1.0,-7.67084917799661,-7.67084917799661,0.0,0.0,0.0,1.0,0.06301728674593969,50,13.575176545763673,0.5386948048674829,2.0,0.22473411560058593,0.1313884973526001,0.1490002965927124,0.0,nan,0.0
-7.692988,54,1164.676264,0.0,1.0,-7.692987921521007,-7.692987921521007,0.0,0.0,0.0,1.0,0.06318376874614953,54,13.126230374166935,0.6458432034364893,2.0,0.2090735269917382,0.11019296337057043,0.16480550280323736,0.0,nan,0.0
-8.587356,34,1165.21384,0.0,1.0,-8.587356111417272,-8.587356111417272,0.0,0.0,0.0,1.0,0.0776669915002276,34,10.334806453666214,1.0605008372159577,2.0,0.36881300982306986,0.0962050381828757,0.11673090738408706,0.0,nan,0.0
-7.619794,49,1165.989306,0.0,1.0,-7.6197941015251605,-7.6197941015251605,0.0,0.0,0.0,1.0,0.07957878891294864,49,15.161125133645516,0.44517388834536104,0.9967227587046751,0.2501815831174656,0.06476171405947938,0.08078173228672572,0.0,nan,0.0
-8.399551,45,1166.813348,0.0,1.0,-8.399551059510056,-8.399551059510056,0.0,0.0,0.0,1.0,0.07160746230763795,45,10.521209155108236,0.8888590800463583,2.0,0.41563755340046354,0.1518578052520752,0.1740800274742974,0.0,nan,0.0
-8.694774,32,1167.220337,0.0,1.0,-8.694773955886408,-8.694773955886408,0.0,0.0,0.0,1.0,0.08217917139952614,32,11.430999886183553,1.1488278907921294,2.0,0.35082459822297096,0.060216404497623444,0.09146640449762344,0.0,nan,0.0
-8.326821,42,1167.89468,0.0,1.0,-8.326821300058437,-8.326821300058437,0.0,0.0,0.0,1.0,0.09781306151847534,42,11.760065064703152,1.2328851329586368,2.0,0.425148368591354,0.05717762311299642,0.08098714692252022,0.0,nan,0.0
-8.195562,49,1168.722901,0.0,1.0,-8.19556195861449,-8.19556195861449,0.0,0.0,0.0,1.0,0.10894025713549595,49,12.77471561731624,1.2028519626408087,2.0,0.39138437533865167,0.057275302556096294,0.07768346582140241,0.0,nan,0.0
-7.824901,48,1169.447568,0.0,1.0,-7.8249007677597096,-7.8249007677597096,0.0,0.0,0.0,1.0,0.0645936759561771,48,12.779097907287799,0.4300008465315884,1.011294234509191,0.14368337268630663,0.127229834596316,0.13321673000852266,0.0,nan,0.0
-7.862333,45,1170.150434,0.0,1.0,-7.862332949472073,-7.862332949472073,0.0,0.0,0.0,1.0,0.06569263936615446,45,13.793484363216558,0.4100359195198241,1.5511501067254003,0.15290181636810302,0.0815022971895006,0.0886210388607449,0.0,nan,0.0
-7.87451,45,1170.829584,0.0,1.0,-7.874510253703891,-7.874510253703891,0.0,0.0,0.0,1.0,0.06486065611396212,45,13.705726858817293,0.6615472960454611,2.0,0.4038100328710344,0.09712218443552653,0.11707442866431342,0.0,nan,0.0
-8.482911,38,1171.363082,0.0,1.0,-8.482910604153819,-8.482910604153819,0.0,0.0,0.0,1.0,0.09683945194996721,38,10.758999373593516,1.2022706021519933,2.0,0.47598372399806976,0.0690113996204577,0.09532718909414191,0.0,nan,0.0
-8.574424,34,1172.395273,0.0,1.0,-8.574424493727356,-8.574424493727356,0.0,0.0,0.0,1.0,0.0724215376636571,34,11.353276625776681,0.915360278359452,2.0,0.2525787932031295,0.16234118447584264,0.17583294475779815,0.0,nan,0.0
-8.406022,50,1173.106561,0.0,1.0,-8.406021512673298,-8.406021512673298,0.0,0.0,0.0,1.0,0.06587335312694519,50,11.309288643342567,0.8532098861157239,2.0,0.40628905773162843,0.13426905155181884,0.15426905155181886,0.0,nan,0.0
-7.633813,47,1173.927299,0.0,1.0,-7.63381331002833,-7.63381331002833,0.0,0.0,0.0,1.0,0.06939898806394033,47,13.674809428816808,0.4715332807463098,1.3627774372634713,0.18578524031537644,0.10833658816966604,0.12904388346570603,0.0,nan,0.0
-8.173288,44,1174.640485,0.0,1.0,-8.173287961593731,-8.173287961593731,0.0,0.0,0.0,1.0,0.07920206477759528,44,13.169061183732426,0.3593090116846512,0.9891464404781126,0.10199116983196953,0.15302918986840683,0.17575646259567954,0.0,nan,0.0
-8.052438,52,1175.438702,0.0,1.0,-8.052437871667342,-8.052437871667342,0.0,0.0,0.0,1.0,0.0730329502013988,52,13.381548255271177,0.508495912565514,1.518016611757461,0.2713943261366624,0.09700583494626559,0.12646065308497503,0.0,nan,0.0
-8.275547,41,1176.010045,0.0,1.0,-8.275547226176947,-8.275547226176947,0.0,0.0,0.0,1.0,0.09306689713912615,41,10.880210803442175,1.1593123127053724,2.0,0.5122742587473335,0.06650143134884717,0.08672682831927044,0.0,nan,0.0
-7.823564,49,1176.778375,0.0,1.0,-7.8235636513620594,-7.8235636513620594,0.0,0.0,0.0,1.0,0.06301462299599199,49,13.453994463163365,0.5433860346984859,1.5930776059750076,0.32753502471106394,0.09510121296863167,0.10862670869243388,0.0,nan,0.0
-9.466548,44,1177.422569,0.0,1.0,-9.466548211673778,-9.466548211673778,0.0,0.0,0.0,1.0,0.05852357899059317,44,13.50630221901625,0.4103096450852812,0.9660465441827304,0.13425065983425488,0.12948357246138834,0.15221084518866104,0.0,nan,0.0
-7.76782,50,1178.460484,0.0,1.0,-7.767820005049854,-7.767820005049854,0.0,0.0,0.0,1.0,0.06251676791082164,50,12.751771319203018,0.39157093223786515,1.4053157409808361,0.26227487206459044,0.1543067455291748,0.15595736026763915,0.0,nan,0.0
-8.122579,39,1180.683011,0.0,1.0,-8.122578927319854,-8.122578927319854,0.0,0.0,0.0,1.0,0.06432927520496273,39,12.497334344494192,0.597641969006425,2.0,0.17668577952262682,0.03080419699350993,0.055408178231655024,0.0,nan,0.0
-7.881067,40,1181.383265,0.0,1.0,-7.881066515608474,-7.881066515608474,0.0,0.0,0.0,1.0,0.06329960508971104,40,15.090900996373104,0.7430331338946259,2.0,0.2645221121609211,0.08238517940044403,0.11180734932422638,0.0,nan,0.0
-7.75427,52,1182.077309,0.0,1.0,-7.7542697677854004,-7.7542697677854004,0.0,0.0,0.0,1.0,0.06505840224416942,52,13.440501881083653,0.6007651238166167,2.0,0.3655248863192705,0.11948268917890695,0.1252216215317066,0.0,nan,0.0
-8.407456,39,1182.720246,0.0,1.0,-8.407456301681089,-8.407456301681089,0.0,0.0,0.0,1.0,0.07750622218558863,39,10.59524623743757,0.9687151528133827,2.0,0.4922861770177499,0.13051849145155686,0.1561595170925825,0.0,nan,0.0
-7.785446,47,1183.409766,0.0,1.0,-7.785446280412247,-7.785446280412247,0.0,0.0,0.0,1.0,0.07203152096297052,47,13.940871824628564,0.44337948431235996,1.6929120090162129,0.2420723539717654,0.11919343217890313,0.13857069421321788,0.0,nan,0.0
-8.742461,45,1183.93971,0.0,1.0,-8.742460836374264,-8.742460836374264,0.0,0.0,0.0,1.0,0.05943610957636203,45,13.690884860355384,0.39105184841945756,0.9546054031726955,0.1983297884464264,0.08667097091674805,0.10889319313897027,0.0,nan,0.0
-8.232652,44,1184.650524,0.0,1.0,-8.232651765145553,-8.232651765145553,0.0,0.0,0.0,1.0,0.07138885653763144,44,12.11530017045563,0.8819424271089268,2.0,0.3734254850582643,0.11354546655308116,0.12249430743130771,0.0,nan,0.0
-7.735468,49,1185.432638,0.0,1.0,-7.7354682962752115,-7.7354682962752115,0.0,0.0,0.0,1.0,0.06758155955078181,49,13.168744557415677,0.5018366477594539,1.9397740771269665,0.27725615975808127,0.07188119693678252,0.09228936020208865,0.0,nan,0.0
-7.757236,54,1186.363121,0.0,1.0,-7.757236175956107,-7.757236175956107,0.0,0.0,0.0,1.0,0.08270104946364278,54,13.649220355536423,0.6340014299053546,2.0,0.32782747348149616,0.11982230345408122,0.13834082197259973,0.0,nan,0.0
-8.015249,46,1187.004497,0.0,1.0,-8.0152494798245,-8.0152494798245,0.0,0.0,0.0,1.0,0.0619923251681739,46,13.511933398694378,0.4208412336822382,1.4311737275544438,0.17015892008076544,0.11397600433100825,0.13433935072111047,0.0,nan,0.0
-8.273865,38,1187.478116,0.0,1.0,-8.273865333610068,-8.273865333610068,0.0,0.0,0.0,1.0,0.07093517343723763,38,11.901769010771703,0.944645270088396,2.0,0.4761457835373126,0.08694770461634586,0.11326349409003007,0.0,nan,0.0
-8.362117,38,1188.041185,0.0,1.0,-8.36211663790687,-8.36211663790687,0.0,0.0,0.0,1.0,0.10071774369716874,38,12.171736455078968,1.1987527326421044,2.0,0.5342049049703699,0.02631578947368421,0.05263157894736842,0.0,nan,0.0
-7.730003,54,1188.922609,0.0,1.0,-7.730003323293613,-7.730003323293613,0.0,0.0,0.0,1.0,0.07458261703469733,54,13.413387851493228,0.679516141639991,2.0,0.32445015399544325,0.10012114931035924,0.10894745367544668,0.0,nan,0.0
-8.156181,45,1189.661774,0.0,1.0,-8.156180734088707,-8.156180734088707,0.0,0.0,0.0,1.0,0.09336101215977069,45,10.375798027448072,0.8331667542742403,2.0,0.4779970400863224,0.18631731934017606,0.21825817161136205,0.0,nan,0.0
-8.253716,44,1190.354339,0.0,1.0,-8.25371567873807,-8.25371567873807,0.0,0.0,0.0,1.0,0.08833597987318857,44,10.930709424828311,0.8775540207972568,2.0,0.2951663461598483,0.2010920914736661,0.190651920708743,0.0,nan,0.0
-8.178909,42,1191.076826,0.0,1.0,-8.178908691368562,-8.178908691368562,0.0,0.0,0.0,1.0,0.07078116908160532,42,14.364477530184951,0.4231782091078773,1.0012381339427265,0.11773185786746797,0.07668354113896687,0.09384287822814215,0.0,nan,0.0
-9.019257,45,1191.810707,0.0,1.0,-9.01925734414363,-9.01925734414363,0.0,0.0,0.0,1.0,0.05884611149528524,45,13.348268890827164,0.3914639880038405,0.9855956293108914,0.22462315824296739,0.06907016436258952,0.09129238658481174,0.0,nan,0.0
-8.349371,41,1192.481053,0.0,1.0,-8.349370991921452,-8.349370991921452,0.0,0.0,0.0,1.0,0.0921418229700831,41,10.46393814291825,1.0356359040918883,2.0,0.48402848621694056,0.08156091992448015,0.09514940366512392,0.0,nan,0.0
-7.583349,53,1193.253449,0.0,1.0,-7.583348901686069,-7.583348901686069,0.0,0.0,0.0,1.0,0.06847453163155207,53,13.352371500867346,0.47664939759050085,1.127461721898872,0.22231414070669211,0.0719781551720961,0.0972973310722495,0.0,nan,0.0
-8.851659,48,1194.026457,0.0,1.0,-8.851659435156215,-8.851659435156215,0.0,0.0,0.0,1.0,0.062286352250145866,48,13.379525792005273,0.39321995855477504,0.9952962551632322,0.2558096560339133,0.07954974472522736,0.09312998751799266,0.0,nan,0.0
-7.582195,49,1194.883655,0.0,1.0,-7.582195297172309,-7.582195297172309,0.0,0.0,0.0,1.0,0.08051291262169674,49,14.150264937772599,0.43834537173231763,0.9929479697753848,0.2172622704992489,0.08427900440838872,0.10468716767369485,0.0,nan,0.0
-8.251459,40,1195.547863,0.0,1.0,-8.251458501315012,-8.251458501315012,0.0,0.0,0.0,1.0,0.08000856980231487,40,11.902713515746504,0.9259350737377365,2.0,0.3803264439105988,0.135800901055336,0.13412394225597382,0.0,nan,0.0
-8.334849,40,1197.647363,0.0,1.0,-8.334848523323373,-8.334848523323373,0.0,0.0,0.0,1.0,0.09265442750700763,40,12.807445755724626,1.2809651931847912,2.0,0.4557700641453266,0.06209241151809693,0.08709241151809692,0.0,nan,0.0
-8.293706,41,1198.144002,0.0,1.0,-8.29370644525977,-8.29370644525977,0.0,0.0,0.0,1.0,0.10743116400075087,41,11.4458911425206,1.2289169039045549,2.0,0.5092147152598311,0.18840777001729825,0.192434351618697,0.0,nan,0.0
-8.134232,37,1198.801386,0.0,1.0,-8.134231699279466,-8.134231699279466,0.0,0.0,0.0,1.0,0.07813540491742278,37,13.323634390034169,0.5825223083271875,2.0,0.2419167273753398,0.09428082930075156,0.12130785632777859,0.0,nan,0.0
-7.757248,47,1199.61984,0.0,1.0,-7.757248391169197,-7.757248391169197,0.0,0.0,0.0,1.0,0.06733930427704513,47,13.829264634922138,0.4424637688490683,0.93186829876836,0.1883195308928794,0.11249401975185314,0.14141131208298055,0.0,nan,0.0
-8.377148,34,1200.153515,0.0,1.0,-8.377147893381332,-8.377147893381332,0.0,0.0,0.0,1.0,0.0662167444939758,34,11.998259031319295,0.9773395353500959,2.0,0.3512742142466938,0.06375962145188276,0.0931713861577651,0.0,nan,0.0
-8.058678,39,1200.80785,0.0,1.0,-8.058677898688423,-8.058677898688423,0.0,0.0,0.0,1.0,0.0635259633067607,39,12.658937882341284,0.48429745977775623,1.5414194464888786,0.26694658933541715,0.13354176435715112,0.14529254191961044,0.0,nan,0.0
-7.982111,49,1201.435853,0.0,1.0,-7.982110914235776,-7.982110914235776,0.0,0.0,0.0,1.0,0.0634876260530583,49,13.657142037106395,0.41419076700373786,0.9894951010263425,0.25356899475564765,0.0995672953372099,0.11899141754422869,0.0,nan,0.0
-7.26814,52,1202.213185,0.0,1.0,-7.268139951823045,-7.268139951823045,0.0,0.0,0.0,1.0,0.06902296384799131,52,14.714977094502954,0.5057007403477627,1.2703027087248662,0.17183973468267,0.13275523139880255,0.14163944812921378,0.0,nan,0.0
-8.115992,47,1202.991061,0.0,1.0,-8.11599219520022,-8.11599219520022,0.0,0.0,0.0,1.0,0.07286456545245974,47,10.889728587489223,0.8104594518222095,2.0,0.4477198599500859,0.12823487849945717,0.16327318739383778,0.0,nan,0.0
-8.393622,47,1203.73327,0.0,1.0,-8.3936219930724,-8.3936219930724,0.0,0.0,0.0,1.0,0.06068021017118527,47,13.26141081091767,0.4021787223387641,0.9820433244805213,0.14981648262510908,0.16018689186015028,0.1625641736578434,0.0,nan,0.0
-8.124309,44,1204.280156,0.0,1.0,-8.124309289188705,-8.124309289188705,0.0,0.0,0.0,1.0,0.06869985593269456,44,14.484412542429789,0.5137627840643092,1.197811219211955,0.1193948442285711,0.08082999966361305,0.10355727239088579,0.0,nan,0.0
-8.466949,34,1204.913093,0.0,1.0,-8.466949084408046,-8.466949084408046,0.0,0.0,0.0,1.0,0.09529441713069567,34,11.587430026781307,1.1332077888332672,2.0,0.4039389736512128,0.14561106878168442,0.1506643155041863,0.0,nan,0.0
-7.679739,51,1205.726403,0.0,1.0,-7.679738904540899,-7.679738904540899,0.0,0.0,0.0,1.0,0.07814337817212984,51,13.39370875792392,0.4616626096886133,0.9573510000082048,0.2366788434047325,0.1044226183610804,0.11393911698285271,0.0,nan,0.0
-7.684566,44,1206.429019,0.0,1.0,-7.684566348713844,-7.684566348713844,0.0,0.0,0.0,1.0,0.07670339923427869,44,13.065166915132165,0.4812129114108814,1.4367072892256931,0.3947296278043227,0.11134638840501959,0.10582950169389899,0.0,nan,0.0
-8.173823,49,1207.172719,0.0,1.0,-8.173822857380244,-8.173822857380244,0.0,0.0,0.0,1.0,0.10550103788875329,49,11.874564139250369,1.3061420317727646,2.0,0.531215524795104,0.0940521663548995,0.11446032962020562,0.0,nan,0.0
-7.822673,47,1207.714122,0.0,1.0,-7.822672719172241,-7.822672719172241,0.0,0.0,0.0,1.0,0.06266659482231517,47,13.671370607522027,0.514749702158369,0.990495836095094,0.16791780451510815,0.12007287968980505,0.12705735703732104,0.0,nan,0.0
-8.285242,42,1208.471136,0.0,1.0,-8.285241888855488,-8.285241888855488,0.0,0.0,0.0,1.0,0.10188136055147884,42,10.661694164305151,1.140319731431395,2.0,0.4915413913272676,0.1704122026761373,0.15250055279050553,0.0,nan,0.0
-7.92437,47,1209.215858,0.0,1.0,-7.924369812412252,-7.924369812412252,0.0,0.0,0.0,1.0,0.07339948917144812,47,14.355257915422438,0.40764101744843684,0.9886351950758824,0.30083440275902446,0.03227289686811731,0.053549492612798164,0.0,nan,0.0
-8.230303,43,1209.863468,0.0,1.0,-8.230302505060056,-8.230302505060056,0.0,0.0,0.0,1.0,0.08774773088465532,43,12.518519669749782,1.2205427726570144,2.0,0.4829943256322728,0.09658444482226704,0.11984025877575542,0.0,nan,0.0
-7.522606,56,1210.792434,0.0,1.0,-7.522606319365076,-7.522606319365076,0.0,0.0,0.0,1.0,0.07469363923962354,56,12.993151230571893,0.4418189335419717,1.1469726954632513,0.27499243297747206,0.13907753569739206,0.1579788795539311,0.0,nan,0.0
-8.000844,40,1211.464042,0.0,1.0,-8.000843576840348,-8.000843576840348,0.0,0.0,0.0,1.0,0.07463809141993405,40,13.72515043672075,0.47250933859446836,1.3042222258156362,0.2945240303874016,0.11946035623550415,0.13440910577774048,0.0,nan,0.0
-8.419845,34,1212.105332,0.0,1.0,-8.419845214196904,-8.419845214196904,0.0,0.0,0.0,1.0,0.0948827804754015,34,12.453052636065408,0.9982742194950848,2.0,0.21902815734638886,0.060440259821274704,0.08985202452715706,0.0,nan,0.0
-8.207659,44,1212.811525,0.0,1.0,-8.207658816667761,-8.207658816667761,0.0,0.0,0.0,1.0,0.08723446274441098,44,10.997892248521154,1.262412730238073,2.0,0.4757459949363362,0.1137630126693032,0.14548971436240457,0.0,nan,0.0
-7.538833,60,1215.039398,0.0,1.0,-7.538833404984338,-7.538833404984338,0.0,0.0,0.0,1.0,0.06560464854498764,60,12.879055799296022,0.5671662748868442,2.0,0.3421363423268,0.07536154588063558,0.09202821254730224,0.0,nan,0.0
-8.181423,53,1215.815384,0.0,1.0,-8.181422861928468,-8.181422861928468,0.0,0.0,0.0,1.0,0.07943633828557015,53,10.472157788846571,1.089984774846283,2.0,0.6298564217000637,0.09870286257761829,0.11066033255379155,0.0,nan,0.0
-7.562174,52,1216.597,0.0,1.0,-7.562174283084651,-7.562174283084651,0.0,0.0,0.0,1.0,0.08940188075601664,52,13.674922702162101,0.42301122587006723,0.9858951199246484,0.39172803782499754,0.1004019952737368,0.11963276450450604,0.0,nan,0.0
-8.461055,38,1217.292064,0.0,1.0,-8.461054534513028,-8.461054534513028,0.0,0.0,0.0,1.0,0.09375455129846975,38,10.535512533041135,1.1845872678547242,2.0,0.5711429275964436,0.08997704167115061,0.11629283114483482,0.0,nan,0.0
-8.26189,43,1217.918521,0.0,1.0,-8.261889641308533,-8.261889641308533,0.0,0.0,0.0,1.0,0.08210989317220563,43,10.627771514663475,1.0368009248097005,2.0,0.4501913203749546,0.17488225393517073,0.19443558814913728,0.0,nan,0.0
-7.785424,49,1218.677758,0.0,1.0,-7.785423526788334,-7.785423526788334,0.0,0.0,0.0,1.0,0.07795043424393998,49,13.184810143695305,0.4192487656446656,1.5261850501920557,0.18661028450849104,0.19483146132255086,0.18612060741502412,0.0,nan,0.0
-7.484878,61,1219.674378,0.0,1.0,-7.484878498466847,-7.484878498466847,0.0,0.0,0.0,1.0,0.09232497010866542,61,13.71925713771214,0.5526262566090993,1.7507461284651775,0.34632130626772273,0.04614191758828085,0.06253536021123167,0.0,nan,0.0
-8.274679,41,1220.303508,0.0,1.0,-8.274678962942975,-8.274678962942975,0.0,0.0,0.0,1.0,0.08694048895383429,41,11.282091810917391,1.136949621358484,2.0,0.42421030489409844,0.13791650969807695,0.16230675360051597,0.0,nan,0.0
-8.35899,40,1221.007293,0.0,1.0,-8.35898955125714,-8.35898955125714,0.0,0.0,0.0,1.0,0.11129461373600048,40,10.824219669111171,1.196143340892171,2.0,0.4818375907838345,0.3105408400297165,0.2557223916053772,0.0,nan,0.0
-7.481528,52,1221.909691,0.0,1.0,-7.481527974954062,-7.481527974954062,0.0,0.0,0.0,1.0,0.08926780935819623,52,13.68486585158128,0.47201933749783337,1.0150458883981668,0.3298543316240494,0.08014532923698425,0.09718045936180995,0.0,nan,0.0
-8.114513,41,1222.440215,0.0,1.0,-8.11451298681459,-8.11451298681459,0.0,0.0,0.0,1.0,0.08378773622163742,41,13.927273202807877,0.985975564752078,2.0,0.38178470258305713,0.15223193750148867,0.15082447121783002,0.0,nan,0.0
-8.133243,52,1223.253749,0.0,1.0,-8.133242658573844,-8.133242658573844,0.0,0.0,0.0,1.0,0.06428838131044667,52,12.63053818067082,0.38762241544919185,1.0221292023613302,0.3153781031186764,0.10160478491049546,0.08874973196249741,0.0,nan,0.0
-8.128356,47,1224.013755,0.0,1.0,-8.128355926768224,-8.128355926768224,0.0,0.0,0.0,1.0,0.13639387747942824,47,13.418539651394893,1.377500492235365,2.0,0.48172935463012534,0.1327107054121951,0.15958357364573378,0.0,nan,0.0
-7.486368,53,1224.836986,0.0,1.0,-7.486367680659101,-7.486367680659101,0.0,0.0,0.0,1.0,0.061687757842962807,53,13.968723294653545,0.509099501154696,1.7180020668157183,0.33313988739589473,0.16887827414386677,0.174050214155665,0.0,nan,0.0
-8.349445,37,1225.309667,0.0,1.0,-8.349445377422278,-8.349445377422278,0.0,0.0,0.0,1.0,0.08550815933156901,37,10.873461839427147,1.0455317879663775,2.0,0.36724338177088145,0.13497403827873436,0.14069346640561078,0.0,nan,0.0
-7.469903,54,1226.285906,0.0,1.0,-7.4699031148403705,-7.4699031148403705,0.0,0.0,0.0,1.0,0.06629856827302896,54,14.764782142263286,0.6198070752572458,2.0,0.3065640871171598,0.08130646634984899,0.08390608761045668,0.0,nan,0.0
-6.806675,61,1227.269922,0.0,1.0,-6.806674638374933,-6.806674638374933,0.0,0.0,0.0,1.0,0.09138788669171347,61,13.196915330567323,0.4645386890478166,1.1262121212464324,0.36917741376845564,0.06996423494620402,0.08233727392603139,0.0,nan,0.0
-8.478185,44,1228.00111,0.0,1.0,-8.47818450714765,-8.47818450714765,0.0,0.0,0.0,1.0,0.09784425491113738,44,11.068204741557194,1.3265716202916122,2.0,0.4740146540782668,0.198092444376512,0.17067525874484668,0.0,nan,0.0
-8.055253,49,1228.767936,0.0,1.0,-8.05525268561397,-8.05525268561397,0.0,0.0,0.0,1.0,0.061177022527908666,49,15.078605821075605,0.4481492390239452,0.9422689446009902,0.27924140253845525,0.05155993724355892,0.07196810050886504,0.0,nan,0.0
-8.128425,44,1229.376975,0.0,1.0,-8.128425390915057,-8.128425390915057,0.0,0.0,0.0,1.0,0.10489156342917183,44,10.97191495644984,0.9677995720273455,2.0,0.48318074914542114,0.07889028029008345,0.0902473113753579,0.0,nan,0.0
-8.050787,46,1230.091516,0.0,1.0,-8.050786898851198,-8.050786898851198,0.0,0.0,0.0,1.0,0.10078820747706001,46,10.90101712467788,1.2900673730896537,2.0,0.39697323998679285,0.34989272770674335,0.3695228695869446,0.0,nan,0.0
-8.124671,38,1230.729978,0.0,1.0,-8.12467141294799,-8.12467141294799,0.0,0.0,0.0,1.0,0.059262390172715444,38,12.704455581577376,0.5351627161111584,1.8190978519725742,0.21086083979983078,0.04356824096880461,0.06988403044248882,0.0,nan,0.0
-7.407861,56,1232.922557,0.0,1.0,-7.407861195640887,-7.407861195640887,0.0,0.0,0.0,1.0,0.07736751777542691,56,13.66539110642802,0.5545636709002749,1.9131240770910487,0.35530730496559826,0.05223926901817322,0.07608264684677124,0.0,nan,0.0
-7.397637,54,1233.780135,0.0,1.0,-7.397637222171207,-7.397637222171207,0.0,0.0,0.0,1.0,0.08460353197415665,54,12.16124709199122,0.651943756222726,2.0,0.36493853120892134,0.11511895833192048,0.1212677381656788,0.0,nan,0.0
-8.518663,40,1234.451409,0.0,1.0,-8.518663150648356,-8.518663150648356,0.0,0.0,0.0,1.0,0.07967144613606077,40,10.290663245225625,1.2743862418021752,2.0,0.4885582342743874,0.2357558935880661,0.20955871045589447,0.0,nan,0.0
-7.475499,61,1235.348706,0.0,1.0,-7.475498535564752,-7.475498535564752,0.0,0.0,0.0,1.0,0.07745157066602487,61,14.980628559643373,0.7026402818173426,2.0,0.3084947745330998,0.0937010929232738,0.10313782535615515,0.0,nan,0.0
-8.139997,41,1236.075208,0.0,1.0,-8.139996882821235,-8.139996882821235,0.0,0.0,0.0,1.0,0.10300954334779272,41,11.326699014829732,1.1505793500129142,2.0,0.5942305184719039,0.10242843627929688,0.12622896927159008,0.0,nan,0.0
-7.804615,52,1236.897727,0.0,1.0,-7.804614734061815,-7.804614734061815,0.0,0.0,0.0,1.0,0.1361349506775647,52,12.920550795561835,1.240560290565565,2.0,0.4995626916105931,0.11500997955982502,0.13916154320423418,0.0,nan,0.0
-8.097416,47,1237.648448,0.0,1.0,-8.097415643066599,-8.097415643066599,0.0,0.0,0.0,1.0,0.09286375332775407,47,9.261047407788432,1.1767572507066018,2.0,0.6622356049557949,0.2160036360963862,0.20361626148223877,0.0,nan,0.0
-8.336393,40,1238.266206,0.0,1.0,-8.336393165670628,-8.336393165670628,0.0,0.0,0.0,1.0,0.09368390950954532,40,11.241496289743159,1.1868004597158213,2.0,0.46582622155547143,0.203629332780838,0.20111960172653198,0.0,nan,0.0
-7.138418,65,1239.416359,0.0,1.0,-7.1384183816086395,-7.1384183816086395,0.0,0.0,0.0,1.0,0.08941253019104933,65,14.068004457064898,0.63541802755559,2.0,0.3404659074086409,0.11084659282977764,0.11645647562467135,0.0,nan,0.0
-8.041244,41,1239.979418,0.0,1.0,-8.041244285134287,-8.041244285134287,0.0,0.0,0.0,1.0,0.14027573615074757,41,13.269204308884643,1.199348288993153,2.0,0.47096716049240855,0.08710079658322217,0.10327593291678079,0.0,nan,0.0
-6.7663,64,1241.064974,0.0,1.0,-6.766299928054204,-6.766299928054204,0.0,0.0,0.0,1.0,0.08318024255644654,64,13.462169133341694,0.6066467185648196,2.0,0.3365426000673324,0.23978617787361145,0.2513983678072691,0.0,nan,0.0
-8.141739,38,1241.667418,0.0,1.0,-8.141738709043997,-8.141738709043997,0.0,0.0,0.0,1.0,0.08170844854575204,38,10.844337922335034,1.0238683530213812,2.0,0.5143021462779296,0.07710778399517662,0.09564602688739174,0.0,nan,0.0
-7.591593,55,1242.510219,0.0,1.0,-7.591593241647512,-7.591593241647512,0.0,0.0,0.0,1.0,0.0716962803953628,55,14.07089826460462,0.561958616015872,2.0,0.256980579549616,0.1382407394322482,0.13991782015020196,0.0,nan,0.0
-8.448686,48,1243.330489,0.0,1.0,-8.448686256897872,-8.448686256897872,0.0,0.0,0.0,1.0,0.06916984999270921,48,12.738415191973191,0.5004638559579169,0.9972062853625145,0.1909958285590013,0.14240495612223944,0.16323828945557275,0.0,nan,0.0
-8.319259,40,1244.016937,0.0,1.0,-8.319258689144478,-8.319258689144478,0.0,0.0,0.0,1.0,0.1057573075430388,40,10.89799189159635,1.205471285876705,2.0,0.4590134330093861,0.0932544082403183,0.10321434140205384,0.0,nan,0.0
-8.428426,41,1244.619272,0.0,1.0,-8.428425906731622,-8.428425906731622,0.0,0.0,0.0,1.0,0.08954660712318396,41,9.598649598378344,1.216815320368079,2.0,0.509955694035786,0.1959777518016536,0.21301830105665254,0.0,nan,0.0
-7.368936,64,1245.602343,0.0,1.0,-7.368935682271539,-7.368935682271539,0.0,0.0,0.0,1.0,0.1238333706734765,64,11.24598454630596,1.040233870261824,2.0,0.58930404484272,0.17100462317466736,0.18662962317466736,0.0,nan,0.0
-7.777534,60,1246.431909,0.0,1.0,-7.777533521315748,-7.777533521315748,0.0,0.0,0.0,1.0,0.06217929364736666,60,10.878581961853616,0.4523495136661445,1.0034667782813191,0.41030991574128467,0.18691778977711995,0.19566186666488647,0.0,nan,0.0
-8.388321,36,1247.009936,0.0,1.0,-8.388320701785345,-8.388320701785345,0.0,0.0,0.0,1.0,0.083636784953689,36,11.676846322526497,1.1748000348548802,2.0,0.39408356116877663,0.16236704919073316,0.19014482696851095,0.0,nan,0.0
-8.337773,43,1247.675012,0.0,1.0,-8.337773364415606,-8.337773364415606,0.0,0.0,0.0,1.0,0.11430190554627984,43,12.532813623846414,1.295453267030438,2.0,0.42139095899670626,0.22915544898010964,0.24058781668197277,0.0,nan,0.0
-7.3743,51,1248.492348,0.0,1.0,-7.374300004901122,-7.374300004901122,0.0,0.0,0.0,1.0,0.07228462898776784,51,13.170816254754262,0.5108076393416987,1.5633559103268035,0.39327361595396904,0.11147596789341346,0.1237496862224504,0.0,nan,0.0
-7.665774,54,1250.942679,0.0,1.0,-7.66577387332552,-7.66577387332552,0.0,0.0,0.0,1.0,0.12105661159487524,54,12.677981262117385,1.3251399346018866,2.0,0.540354307602953,0.2252941573107684,0.24046703069298356,0.0,nan,0.0
-8.335513,42,1251.567539,0.0,1.0,-8.335512808535238,-8.335512808535238,0.0,0.0,0.0,1.0,0.14273575292947427,42,12.15882021913677,1.2326320807262163,2.0,0.5301269569567272,0.2026421200661432,0.22284708988098872,0.0,nan,0.0
-8.164107,45,1252.350263,0.0,1.0,-8.164107292104278,-8.164107292104278,0.0,0.0,0.0,1.0,0.12789596432411546,45,11.723718958177084,1.2495053369513158,2.0,0.48935962054464555,0.1471298853556315,0.16073278321160211,0.0,nan,0.0
-8.453386,42,1252.958212,0.0,1.0,-8.453385821667442,-8.453385821667442,0.0,0.0,0.0,1.0,0.1460241433401408,42,10.576220790574089,1.2018393946587798,2.0,0.5262308390367598,0.16030957017626082,0.1441202447527931,0.0,nan,0.0
-8.208495,38,1253.587618,0.0,1.0,-8.208494593205126,-8.208494593205126,0.0,0.0,0.0,1.0,0.08259243900445531,38,12.29041342177608,1.1544943821942244,2.0,0.4010408708923741,0.07532122260645817,0.10163701208014238,0.0,nan,0.0
-8.212968,39,1254.176826,0.0,1.0,-8.212968350956482,-8.212968350956482,0.0,0.0,0.0,1.0,0.08912580304724882,39,11.999872757826916,1.1366979303825249,2.0,0.4992045905345526,0.10470351500388904,0.09019485039588733,0.0,nan,0.0
-8.630722,36,1254.786623,0.0,1.0,-8.630722157452334,-8.630722157452334,0.0,0.0,0.0,1.0,0.09853259929492196,36,10.359607457753402,1.204996246102213,2.0,0.6667298252383868,0.07736434870296055,0.10514212648073833,0.0,nan,0.0
-0.915335,119,1256.462623,0.0,1.0,-0.9153349805804094,-0.9153349805804094,0.0,0.0,0.0,1.0,0.19311631688119887,119,16.60914266562829,0.8226001560539885,2.0,0.4229138556147824,0.14084350662071163,0.1401871703252071,0.0,nan,0.0
-7.780575,52,1257.291927,0.0,1.0,-7.780575323344102,-7.780575323344102,0.0,0.0,0.0,1.0,0.0806425253729602,52,13.477408678326908,0.4397488790088543,0.9977363820397452,0.2613547920034482,0.14437346962782052,0.17783939838409424,0.0,nan,0.0
-7.803186,58,1258.219042,0.0,1.0,-7.8031863374527255,-7.8031863374527255,0.0,0.0,0.0,1.0,0.06882368631838971,58,10.291047742243878,0.7726905182249866,2.0,0.45903408013541125,0.22565087984348164,0.23346706299946227,0.0,nan,0.0
-6.802173,58,1259.027781,0.0,1.0,-6.802173173065613,-6.802173173065613,0.0,0.0,0.0,1.0,0.09802624263647396,58,13.971943620332816,0.9466385815530258,2.0,0.4041559608845875,0.11840481799224327,0.13011754586778837,0.0,nan,0.0
-7.990429,39,1259.531316,0.0,1.0,-7.990428827809245,-7.990428827809245,0.0,0.0,0.0,1.0,0.07174953675684732,39,12.088815891590336,0.9010973338096155,2.0,0.36837174953558505,0.11183384748605582,0.1279220000291482,0.0,nan,0.0
-7.968247,57,1260.455853,0.0,1.0,-7.968247258705903,-7.968247258705903,0.0,0.0,0.0,1.0,0.07297779303925957,57,13.356001898553066,0.41401392604316495,0.9614329282677381,0.33280723032198456,0.15342593402193302,0.15454945438786558,0.0,nan,0.0
-8.078617,49,1261.220392,0.0,1.0,-8.078616887583308,-8.078616887583308,0.0,0.0,0.0,1.0,0.08496275762034695,49,10.022812555364768,1.229707098558275,2.0,0.6045012498388485,0.12451146573436503,0.1424447468348912,0.0,nan,0.0
-8.306974,52,1262.055837,0.0,1.0,-8.306974467962162,-8.306974467962162,0.0,0.0,0.0,1.0,0.0852268377411266,52,9.985634375790664,1.1599699194421111,2.0,0.5889594595019634,0.23355811146589425,0.24894412435018098,0.0,nan,0.0
-7.123707,69,1263.10657,0.0,1.0,-7.123707074750195,-7.123707074750195,0.0,0.0,0.0,1.0,0.08273130354898646,69,13.483939349336124,0.7015218467532325,2.0,0.39235757744830585,0.22774002517479053,0.16810653866201208,0.0,nan,0.0
-8.634604,35,1263.67005,0.0,1.0,-8.634603667495025,-8.634603667495025,0.0,0.0,0.0,1.0,0.07158157804217763,35,10.350928468889299,1.1582623136692096,2.0,0.4758508222443717,0.14416031496865409,0.1971184287752424,0.0,nan,0.0
-7.167285,61,1264.564226,0.0,1.0,-7.1672853711734055,-7.1672853711734055,0.0,0.0,0.0,1.0,0.09461566883767535,61,10.69547186037601,1.065227729173396,2.0,0.5979907759388939,0.20600076386185942,0.2200746223574779,0.0,nan,0.0
-8.694889,31,1264.982699,0.0,1.0,-8.694888554166855,-8.694888554166855,0.0,0.0,0.0,1.0,0.09567676372581035,31,11.029755892411872,1.100685375451344,2.0,0.39485610685040873,0.049994241806768605,0.08225230632289764,0.0,nan,0.0
-8.365954,38,1265.672191,0.0,1.0,-8.365954487638978,-8.365954487638978,0.0,0.0,0.0,1.0,0.10035689752455823,38,11.282024546532545,1.2090520115361245,2.0,0.5757578901554409,0.11863414864791066,0.1415693759918213,0.0,nan,0.0
-8.298791,47,1267.883932,0.0,1.0,-8.29879113579478,-8.29879113579478,0.0,0.0,0.0,1.0,0.0935834425759183,47,9.569124243999175,1.2429402600772854,2.0,0.5316862207143864,0.12891262389243918,0.15018921963712004,0.0,nan,0.0
-8.41554,41,1268.564049,0.0,1.0,-8.415540191777481,-8.415540191777481,0.0,0.0,0.0,1.0,0.12391418619034208,41,11.04781684213542,1.236346330725161,2.0,0.4916619865632639,0.17545369776283823,0.19984394166527725,0.0,nan,0.0
-7.332697,57,1269.398263,0.0,1.0,-7.332697311333229,-7.332697311333229,0.0,0.0,0.0,1.0,0.0909884156722008,57,13.373133210689138,0.4336864156908323,1.4254682996546597,0.2664336091593692,0.09910882146734941,0.11665268111647221,0.0,nan,0.0
-8.1286,49,1270.176022,0.0,1.0,-8.128600422624608,-8.128600422624608,0.0,0.0,0.0,1.0,0.104072991407708,49,12.098731335636991,1.0079168472364253,2.0,0.4992861443636369,0.15016232947913968,0.16919784399927879,0.0,nan,0.0
-8.718965,32,1270.763899,0.0,1.0,-8.718964612351902,-8.718964612351902,0.0,0.0,0.0,1.0,0.06588289913559604,32,10.631678795534985,1.139969616796012,2.0,0.26648042537271976,0.24692502617835999,0.26257374696433544,0.0,nan,0.0
-7.954931,60,1271.559599,0.0,1.0,-7.954931148742068,-7.954931148742068,0.0,0.0,0.0,1.0,0.1226844946169618,60,10.823454405435582,1.3418481315207915,2.0,0.5144242075582345,0.2832910696665446,0.2977332482735316,0.0,nan,0.0
-7.968647,47,1272.307986,0.0,1.0,-7.968646509066201,-7.968646509066201,0.0,0.0,0.0,1.0,0.10988544733410004,47,11.164087802158505,1.2566080850640018,2.0,0.49739468478141946,0.13473908444668384,0.13634711377164152,0.0,nan,0.0
-7.49938,58,1273.202624,0.0,1.0,-7.499379949283897,-7.499379949283897,0.0,0.0,0.0,1.0,0.08117954898424573,58,13.41184652338457,0.6392581207094348,2.0,0.32280544063140604,0.14153253415535236,0.14268983849163713,0.0,nan,0.0
-7.36789,58,1274.059322,0.0,1.0,-7.367889736326701,-7.367889736326701,0.0,0.0,0.0,1.0,0.08602871818013133,58,14.12082805528477,0.4588052270718918,1.2233895316102785,0.288349534930854,0.13142067605051502,0.1335347212594131,0.0,nan,0.0
-7.44998,45,1274.704719,0.0,1.0,-7.449980032924393,-7.449980032924393,0.0,0.0,0.0,1.0,0.07200196295558221,45,11.850758317816439,0.6724037755934748,2.0,0.4011704511112637,0.14851728545294868,0.1502996842066447,0.0,nan,0.0
-7.753693,54,1275.529383,0.0,1.0,-7.753692923502019,-7.753692923502019,0.0,0.0,0.0,1.0,0.07958298650050628,54,13.711464378590822,0.3979470769569159,0.9594365196228187,0.29473245585406266,0.0922812576647158,0.11610126495361328,0.0,nan,0.0
-7.621993,51,1276.249318,0.0,1.0,-7.621993471011419,-7.621993471011419,0.0,0.0,0.0,1.0,0.07707389967026448,51,12.923945433311955,1.0151810994089994,2.0,0.5196830577710095,0.17727738034491444,0.17928872622695624,0.0,nan,0.0
-8.050392,48,1276.99656,0.0,1.0,-8.050392124644928,-8.050392124644928,0.0,0.0,0.0,1.0,0.08523907419912664,48,15.238864369538772,0.4629576286896225,0.9853663892453299,0.30619553787012893,0.07560154298941295,0.09643487632274628,0.0,nan,0.0
-7.954684,42,1277.661291,0.0,1.0,-7.954683898549975,-7.954683898549975,0.0,0.0,0.0,1.0,0.06957107872731179,42,11.352728743197696,0.873159853095971,2.0,0.38512759194487617,0.15099032436098372,0.11911665541785103,0.0,nan,0.0
-8.197439,40,1278.383952,0.0,1.0,-8.197439275858331,-8.197439275858331,0.0,0.0,0.0,1.0,0.13074523259518345,40,13.08508125410081,1.22467253470079,2.0,0.5489132344722748,0.1548501431941986,0.19411176145076753,0.0,nan,0.0
-6.845407,68,1279.322889,0.0,1.0,-6.8454070988853255,-6.8454070988853255,0.0,0.0,0.0,1.0,0.09137638313500415,68,13.658274728716188,0.397728733773794,1.0188302403274043,0.33121616437154655,0.11899129082174863,0.1336971731746898,0.0,nan,0.0
-7.805225,58,1280.136683,0.0,1.0,-7.805225357298861,-7.805225357298861,0.0,0.0,0.0,1.0,0.12922810220995978,58,12.857842251735692,1.367247934332484,2.0,0.5828545550847876,0.2639823782032934,0.2213133717405385,0.0,nan,0.0
-8.422748,42,1280.868889,0.0,1.0,-8.422748031328311,-8.422748031328311,0.0,0.0,0.0,1.0,0.10948822425460272,42,10.333720276335956,1.2363498785718976,2.0,0.47338257339738665,0.18112062556403025,0.18511592206500826,0.0,nan,0.0
-7.186835,58,1281.801328,0.0,1.0,-7.186835091387543,-7.186835091387543,0.0,0.0,0.0,1.0,0.07602024007159763,58,13.97865700735227,0.6283204682566633,2.0,0.27219756564189646,0.1148662649351975,0.11938429700917211,0.0,nan,0.0
-7.633191,51,1282.619333,0.0,1.0,-7.633191496550154,-7.633191496550154,0.0,0.0,0.0,1.0,0.06086555474313214,51,14.201500744700912,0.4798648375089864,1.0712946942541797,0.37969066874653684,0.0983136494954427,0.11068855079950071,0.0,nan,0.0
-7.693011,54,1284.859809,0.0,1.0,-7.693011455820383,-7.693011455820383,0.0,0.0,0.0,1.0,0.06673840595432556,54,12.346257018532762,0.3874651747492081,0.9870513193586137,0.28394824100865257,0.27399862474865383,0.24489279367305614,0.0,nan,0.0
-2.443657,111,1286.400534,0.0,1.0,-2.4436573959655696,-2.4436573959655696,0.0,0.0,0.0,1.0,0.10769579758393029,111,15.446486630309359,0.6263715292112707,2.0,0.29887912482828705,0.21065960274086343,0.1769158228023632,0.0,nan,0.0
-8.308452,37,1287.063275,0.0,1.0,-8.308451661726108,-8.308451661726108,0.0,0.0,0.0,1.0,0.11792890796023517,37,11.874843809810093,1.1402207912627274,2.0,0.3624342245024604,0.14740360105359876,0.17524181829916463,0.0,nan,0.0
-8.119055,50,1287.818089,0.0,1.0,-8.11905460661122,-8.11905460661122,0.0,0.0,0.0,1.0,0.07080657560659517,50,9.404690983801476,1.0460451131498578,2.0,0.553769896030426,0.21339832305908202,0.2298686170578003,0.0,nan,0.0
-7.854291,43,1288.522477,0.0,1.0,-7.854291053254996,-7.854291053254996,0.0,0.0,0.0,1.0,0.08220733583267992,43,12.03687356603933,0.9452508966483064,2.0,0.4207384295241777,0.12852169469345448,0.13654541414837504,0.0,nan,0.0
-7.33434,57,1289.445662,0.0,1.0,-7.334340204562043,-7.334340204562043,0.0,0.0,0.0,1.0,0.06947362201132984,57,13.11527701867564,0.49236848156135193,0.9421511958616436,0.2765441285936456,0.193181970663238,0.1952770467390094,0.0,nan,0.0
-7.066818,67,1290.276387,0.0,1.0,-7.0668178585866395,-7.0668178585866395,0.0,0.0,0.0,1.0,0.10928281184351099,67,11.705504611595323,1.0328254308411038,2.0,0.4873067176164086,0.2476533597974635,0.2753554938444451,0.0,nan,0.0
-7.835549,50,1290.890895,0.0,1.0,-7.835548540719008,-7.835548540719008,0.0,0.0,0.0,1.0,0.09863853361116189,50,10.123645928888527,1.2679754728929342,2.0,0.5350099909305572,0.30854992151260374,0.2574948835372925,0.0,nan,0.0
-7.784581,60,1291.818338,0.0,1.0,-7.7845809302700415,-7.7845809302700415,0.0,0.0,0.0,1.0,0.10342743836565853,60,11.209322845609803,1.1921526397057474,2.0,0.5146357367436091,0.2639467537403107,0.2691097895304362,0.0,nan,0.0
-8.543899,34,1292.337472,0.0,1.0,-8.5438986323203,-8.5438986323203,0.0,0.0,0.0,1.0,0.08798189578925257,34,11.079048396518385,1.1336975619380742,2.0,0.41860633606419845,0.12645499846514532,0.14535716701956355,0.0,nan,0.0
-7.390994,64,1293.31391,0.0,1.0,-7.390993749598598,-7.390993749598598,0.0,0.0,0.0,1.0,0.07803807990923112,64,11.476167341287665,0.7131462235340226,2.0,0.41365180211141706,0.23040198162198067,0.21098131127655506,0.0,nan,0.0
-7.338635,44,1293.83294,0.0,1.0,-7.338634616004653,-7.338634616004653,0.0,0.0,0.0,1.0,0.0872416608691322,44,14.23926916289874,0.9451372435546904,2.0,0.48090282014825125,0.09818670153617859,0.11033140258355574,0.0,nan,0.0
-2.854818,98,1295.12147,0.0,1.0,-2.8548179186211664,-2.8548179186211664,0.0,0.0,0.0,1.0,0.09152451640671085,98,16.96905546398794,0.6345913751693371,2.0,0.2235795784057403,0.1880784107714283,0.15475216203806352,0.0,nan,0.0
-6.862369,55,1296.0269,0.0,1.0,-6.862369065253684,-6.862369065253684,0.0,0.0,0.0,1.0,0.07970450995511794,55,14.038583434826716,0.5660569792041591,2.0,0.469050946560773,0.1047281178561124,0.12290993603793057,0.0,nan,0.0
-8.434635,45,1296.653468,0.0,1.0,-8.434634882735548,-8.434634882735548,0.0,0.0,0.0,1.0,0.09644787834932128,45,8.899675270716257,1.242882213561606,2.0,0.5256719834274716,0.27746897803412546,0.2431539429558648,0.0,nan,0.0
-7.73002,56,1297.542871,0.0,1.0,-7.7300197589585595,-7.7300197589585595,0.0,0.0,0.0,1.0,0.07426817745464309,56,12.099176001450045,0.5013618888918109,0.9744272996803885,0.26588860899209976,0.1972493210009166,0.20096280319350107,0.0,nan,0.0
-8.223699,45,1298.203376,0.0,1.0,-8.22369870917358,-8.22369870917358,0.0,0.0,0.0,1.0,0.10169922455149888,45,12.633583006062384,1.2823448931418793,2.0,0.4665294657150904,0.1450167629453871,0.15355885691112942,0.0,nan,0.0
-7.934296,59,1298.926638,0.0,1.0,-7.934296242328031,-7.934296242328031,0.0,0.0,0.0,1.0,0.0629804411260812,59,12.807399379813809,0.4308291048078525,0.9905917276003986,0.36130790740756663,0.10884976488048748,0.0919006133483628,0.0,nan,0.0
-8.355836,53,1301.050168,0.0,1.0,-8.355835963927875,-8.355835963927875,0.0,0.0,0.0,1.0,0.10370533848158099,53,9.545185506153905,1.2456534305863904,2.0,0.5541623186952663,0.187421238647317,0.19714056320910184,0.0,nan,0.0
-8.351258,59,1301.841003,0.0,1.0,-8.351258412218828,-8.351258412218828,0.0,0.0,0.0,1.0,0.09523087808121325,59,6.9855964542844236,1.3274394905053146,2.0,0.6716719779927852,0.3575959448087013,0.3150324073888488,0.0,nan,0.0
-7.72711,68,1302.929322,0.0,1.0,-7.727110010879225,-7.727110010879225,0.0,0.0,0.0,1.0,0.18399443522342088,68,11.208495506402741,1.398419276580355,2.0,0.646209077361752,0.21954142872024984,0.24563079721787395,0.0,nan,0.0
-7.062723,53,1303.632617,0.0,1.0,-7.062723158587619,-7.062723158587619,0.0,0.0,0.0,1.0,0.13994125684451678,53,10.669245674325733,0.9552738302043418,2.0,0.5094069672643013,0.2299702617357362,0.20320739048831868,0.0,nan,0.0
-7.589137,40,1304.258115,0.0,1.0,-7.589136517391113,-7.589136517391113,0.0,0.0,0.0,1.0,0.08521015966378988,40,12.83375676977314,0.7781730970648717,2.0,0.4002709411084652,0.08400120735168456,0.10900120735168457,0.0,nan,0.0
-7.717028,48,1304.991474,0.0,1.0,-7.717028434155109,-7.717028434155109,0.0,0.0,0.0,1.0,0.0723025854477265,48,12.330320424249555,0.9508986799669298,2.0,0.39855603718509275,0.2219334195057551,0.24239983906348547,0.0,nan,0.0
-7.880963,47,1305.749541,0.0,1.0,-7.880962947450534,-7.880962947450534,0.0,0.0,0.0,1.0,0.15131920227005594,47,13.803952735874452,1.2576724224288196,2.0,0.5545421962408309,0.10817989897220692,0.12922859699168104,0.0,nan,0.0
-7.702371,59,1306.432112,0.0,1.0,-7.7023712187718285,-7.7023712187718285,0.0,0.0,0.0,1.0,0.18312849110848398,59,12.962788324860675,1.379956328294113,2.0,0.5213200053421118,0.2936938596984087,0.27712864997023245,0.0,nan,0.0
-8.194528,45,1307.140055,0.0,1.0,-8.194527929857529,-8.194527929857529,0.0,0.0,0.0,1.0,0.13541909905943658,45,9.373086488127532,1.1297360055180938,2.0,0.48865190512604184,0.25073808166715833,0.2513513260417514,0.0,nan,0.0
-6.773984,71,1308.068985,0.0,1.0,-6.773984270815247,-6.773984270815247,0.0,0.0,0.0,1.0,0.1007996310278188,71,13.859942936776106,0.6618182221552953,2.0,0.3414478990393625,0.14687747350880798,0.15013511751739073,0.0,nan,0.0
-8.312366,46,1308.715074,0.0,1.0,-8.31236624144011,-8.31236624144011,0.0,0.0,0.0,1.0,0.11703473721362788,46,9.454557368498248,1.2460719862348812,2.0,0.6642773922370828,0.14639422945354297,0.1729222976643106,0.0,nan,0.0
-6.77923,49,1309.528706,0.0,1.0,-6.779230240309,-6.779230240309,0.0,0.0,0.0,1.0,0.10193813061282879,49,12.510768286195182,0.9266373613239308,2.0,0.4591806378899788,0.15577393648575763,0.17372311864580428,0.0,nan,0.0
-6.964316,70,1310.587176,0.0,1.0,-6.964316237040085,-6.964316237040085,0.0,0.0,0.0,1.0,0.08455706147606173,70,13.28416894816266,0.43887384953782527,0.9980869893288483,0.3472765019961766,0.1461076855659485,0.16801587343215943,0.0,nan,0.0
-7.756739,71,1311.660299,0.0,1.0,-7.756739474273578,-7.756739474273578,0.0,0.0,0.0,1.0,0.16573381361924788,71,10.253415962472161,1.4490535013515935,2.0,0.6265051658724395,0.2558795297649545,0.2459406164330496,0.0,nan,0.0
-8.239959,48,1312.354256,0.0,1.0,-8.239959454936937,-8.239959454936937,0.0,0.0,0.0,1.0,0.14649866209229837,48,12.033176190502262,1.2940543455154456,2.0,0.5244136415421963,0.18458911528189978,0.23696951319773993,0.0,nan,0.0
-7.75304,44,1313.109098,0.0,1.0,-7.753039651084135,-7.753039651084135,0.0,0.0,0.0,1.0,0.07542862648754009,44,12.0045408978823,0.6800084795197828,2.0,0.551734829490835,0.2799434038725766,0.2102384025400335,0.0,nan,0.0
-8.10043,50,1313.900356,0.0,1.0,-8.100430279565057,-8.100430279565057,0.0,0.0,0.0,1.0,0.104479964670898,50,9.653380306613512,1.301869836011133,2.0,0.6544930213689804,0.20049332618713378,0.21926771879196166,0.0,nan,0.0
-7.860175,54,1314.727629,0.0,1.0,-7.860175056448174,-7.860175056448174,0.0,0.0,0.0,1.0,0.09477245525473486,54,11.442921621934131,1.269256584116388,2.0,0.5510319344423436,0.27882612965725084,0.25385791063308716,0.0,nan,0.0
-8.383111,43,1315.485165,0.0,1.0,-8.383110654196908,-8.383110654196908,0.0,0.0,0.0,1.0,0.10956032285848484,43,9.266005493245187,1.2131801630905779,2.0,0.6202332200699074,0.16130385842434194,0.15280414182086324,0.0,nan,0.0
-7.238622,55,1317.571278,0.0,1.0,-7.238622434426992,-7.238622434426992,0.0,0.0,0.0,1.0,0.09580769437507275,55,11.903055872552859,0.7064676401063262,2.0,0.47370234023440966,0.14835400581359864,0.16670924750241367,0.0,nan,0.0
-7.516383,49,1318.27898,0.0,1.0,-7.5163828523535035,-7.5163828523535035,0.0,0.0,0.0,1.0,0.1068188812752847,49,10.456160384245024,1.0613635397825267,2.0,0.5931118354201317,0.27740744182041716,0.29410272471758786,0.0,nan,0.0
-7.593864,58,1319.081684,0.0,1.0,-7.593864178655595,-7.593864178655595,0.0,0.0,0.0,1.0,0.09974444047982613,58,10.566638342473347,1.0058426080711276,2.0,0.4154413154926793,0.2901069974077159,0.32686696381404484,0.0,nan,0.0
-8.415772,42,1319.739183,0.0,1.0,-8.415771949694896,-8.415771949694896,0.0,0.0,0.0,1.0,0.11881074943360659,42,10.888402922928483,1.2108751252411347,2.0,0.533624906979856,0.11858679567064558,0.13568575893129622,0.0,nan,0.0
-8.317608,54,1320.539187,0.0,1.0,-8.317608385284522,-8.317608385284522,0.0,0.0,0.0,1.0,0.12605513520102177,54,10.140637293764579,1.3488475721891655,2.0,0.6198190373403055,0.2592662815694456,0.1962952702133744,0.0,nan,0.0
-6.441316,63,1321.332727,0.0,1.0,-6.441316117060902,-6.441316117060902,0.0,0.0,0.0,1.0,0.10745407171316282,63,14.67742622268253,0.7733771142823798,2.0,0.5205032898793145,0.2064071155729748,0.20166606751699295,0.0,nan,0.0
-8.029081,63,1322.330667,0.0,1.0,-8.029080600080675,-8.029080600080675,0.0,0.0,0.0,1.0,0.18940988896032387,63,11.218800874868188,1.418182687834099,2.0,0.5732891189437064,0.15301394367974902,0.22051157459380136,0.0,nan,0.0
-7.731019,41,1322.975656,0.0,1.0,-7.731018641108905,-7.731018641108905,0.0,0.0,0.0,1.0,0.07255127398344242,41,11.379701756035137,0.7070306517110776,2.0,0.3211544072482644,0.27212806445796317,0.2651404345907816,0.0,nan,0.0
-7.7529,61,1323.690806,0.0,1.0,-7.752899956432245,-7.752899956432245,0.0,0.0,0.0,1.0,0.16297710782362854,61,11.371566515712477,1.3088641314670102,2.0,0.5550140183968623,0.2657418338978877,0.2715167198024812,0.0,nan,0.0
-6.719836,58,1324.537897,0.0,1.0,-6.719836294838765,-6.719836294838765,0.0,0.0,0.0,1.0,0.12116704565699621,58,12.327021952639477,1.1040452531652092,2.0,0.5775452094345257,0.2202469542108733,0.21221013521326,0.0,nan,0.0
-7.570867,44,1325.268672,0.0,1.0,-7.570867470096422,-7.570867470096422,0.0,0.0,0.0,1.0,0.07386145376319245,44,11.1473154656686,0.6762782113816596,2.0,0.4311634214086966,0.1980199163610285,0.2112107818776911,0.0,nan,0.0
-7.63153,51,1326.049155,0.0,1.0,-7.631530204429927,-7.631530204429927,0.0,0.0,0.0,1.0,0.12424362786062772,51,10.924007702496837,1.0848728704292936,2.0,0.5170543161677379,0.23299320538838705,0.26544596751530963,0.0,nan,0.0
-8.376215,59,1326.904932,0.0,1.0,-8.376215307506252,-8.376215307506252,0.0,0.0,0.0,1.0,0.10466707485792617,59,8.12830169737675,1.4332790688444779,2.0,0.6255284456883446,0.26267700781256464,0.3180341336686732,0.0,nan,0.0
-7.628298,47,1327.620554,0.0,1.0,-7.628297577223587,-7.628297577223587,0.0,0.0,0.0,1.0,0.09750204231585097,47,10.467517046573086,1.1402058588086266,2.0,0.5210531138359232,0.20396432470768056,0.21698641269765,0.0,nan,0.0
-6.524691,50,1328.206213,0.0,1.0,-6.524691203750596,-6.524691203750596,0.0,0.0,0.0,1.0,0.12225861559874346,50,15.094446585527864,1.0003185676664024,2.0,0.5188949656486511,0.18357064962387085,0.1845190691947937,0.0,nan,0.0
-7.802373,58,1328.986161,0.0,1.0,-7.802373129276161,-7.802373129276161,0.0,0.0,0.0,1.0,0.1359140513186017,58,10.073098860745073,1.2635620423854192,2.0,0.6024547093387308,0.2541200919397946,0.25570889999126567,0.0,nan,0.0
-7.952029,56,1329.787185,0.0,1.0,-7.95202855872944,-7.95202855872944,0.0,0.0,0.0,1.0,0.11748198036786171,56,10.799429113709282,1.342122034927966,2.0,0.6105982254126242,0.1806601243359702,0.1962991910321372,0.0,nan,0.0
-5.068544,147,1331.688437,0.0,1.0,-5.068543990330538,-5.068543990330538,0.0,0.0,0.0,1.0,0.22654009064052877,147,15.844061249890482,0.9908540837578464,2.0,0.4672884998881087,0.21066374194865323,0.18173092644230848,0.0,nan,0.0
-6.853151,52,1333.802212,0.0,1.0,-6.853151473307101,-6.853151473307101,0.0,0.0,0.0,1.0,0.09598802700670013,52,11.490643654366966,0.8507403756361346,2.0,0.5570506238593504,0.21203905114760765,0.22019350184844091,0.0,nan,0.0
-7.733486,57,1334.606031,0.0,1.0,-7.733486052432529,-7.733486052432529,0.0,0.0,0.0,1.0,0.07160754128130603,57,13.159513855918155,0.4865523505613548,0.9708381726843153,0.24899202637505113,0.11032558324044212,0.12190409292254531,0.0,nan,0.0
-1.882928,120,1335.992615,0.0,1.0,-1.8829279887003683,-1.8829279887003683,0.0,0.0,0.0,1.0,0.07967926845197741,120,16.570295308091925,0.5584923168586944,2.0,0.24415259982148807,0.21216422865788143,0.2132283831636111,0.0,nan,0.0
-7.287244,51,1336.571159,0.0,1.0,-7.287244325758239,-7.287244325758239,0.0,0.0,0.0,1.0,0.07853084298561194,51,12.980883599528028,0.7014519001239955,2.0,0.31488218114656563,0.1511880696988573,0.16718718584846048,0.0,nan,0.0
-7.486381,70,1337.475406,0.0,1.0,-7.486380991194278,-7.486380991194278,0.0,0.0,0.0,1.0,0.07512435334864066,70,12.27087815134334,0.49105383452004575,1.0726485589136157,0.374720830151013,0.16378639425550187,0.2152353082384382,0.0,nan,0.0
-0.378015,131,1339.250447,0.0,1.0,-0.3780145503570793,-0.3780145503570793,0.0,0.0,0.0,1.0,0.25248272390948084,131,16.86182500945165,0.9738507009316822,2.0,0.4004283958036481,0.19857045075365606,0.20679421734263878,0.0,nan,0.0
-7.684865,46,1339.954555,0.0,1.0,-7.684865440125662,-7.684865440125662,0.0,0.0,0.0,1.0,0.15865676683325816,46,12.067487985944814,1.1966221972131645,2.0,0.5598657915125722,0.17412719778392627,0.20548492929209833,0.0,nan,0.0
-7.772428,53,1340.645163,0.0,1.0,-7.772428180250135,-7.772428180250135,0.0,0.0,0.0,1.0,0.20084479873329641,53,12.752227689078092,1.3021478344241237,2.0,0.6609420655470974,0.1096866175813495,0.13243928045596717,0.0,nan,0.0
-6.881512,65,1341.527385,0.0,1.0,-6.881512167132584,-6.881512167132584,0.0,0.0,0.0,1.0,0.09222853939782191,65,12.433261745398777,0.9045360015167163,2.0,0.505164337845949,0.20263234285207896,0.19548184321476864,0.0,nan,0.0
-8.234666,44,1342.107461,0.0,1.0,-8.234665749472395,-8.234665749472395,0.0,0.0,0.0,1.0,0.13246121741979694,44,11.219711941746356,1.2423336919380512,2.0,0.5484783629124815,0.17712817137891596,0.20910810882394965,0.0,nan,0.0
-1.011456,114,1343.565588,0.0,1.0,-1.011456359671362,-1.011456359671362,0.0,0.0,0.0,1.0,0.1270814578267007,114,15.138083454367774,0.727160452534119,2.0,0.2889280147981225,0.26306170695706416,0.2371742328008016,0.0,nan,0.0
-8.072467,53,1344.269647,0.0,1.0,-8.072467444206529,-8.072467444206529,0.0,0.0,0.0,1.0,0.18564305894942706,53,11.471302781359686,1.3312862108840815,2.0,0.6571320927930329,0.15177788149635746,0.14793073568703993,0.0,nan,0.0
-8.435149,38,1344.821824,0.0,1.0,-8.435148636885916,-8.435148636885916,0.0,0.0,0.0,1.0,0.11176186275050883,38,11.467874892209434,1.169769323836058,2.0,0.4516805277058953,0.06789151775209527,0.09881518545903657,0.0,nan,0.0
-7.925254,41,1345.229774,0.0,1.0,-7.925253681131387,-7.925253681131387,0.0,0.0,0.0,1.0,0.08191687793195103,41,12.53028570395883,0.740763904895527,2.0,0.4288473518156424,0.11542109745304759,0.13981134135548662,0.0,nan,0.0
-7.849687,77,1346.20083,0.0,1.0,-7.849687022020668,-7.849687022020668,0.0,0.0,0.0,1.0,0.186318033118996,77,8.160327671662925,1.4730172461787663,2.0,0.593862143816886,0.4677453900312448,0.3775226783442807,0.0,nan,0.0
0.30409,105,1349.114557,0.0,1.0,0.3040903875722982,0.3040903875722982,0.0,0.0,0.0,1.0,0.15236076837766108,105,17.285103186707452,0.8269642584139248,2.0,0.3431019800049918,0.21058084680920555,0.16566737322580247,0.0,nan,0.0
-8.064913,51,1349.82492,0.0,1.0,-8.064912940627934,-8.064912940627934,0.0,0.0,0.0,1.0,0.1411750899718188,51,9.663854822060307,1.256746935143811,2.0,0.5878510042732837,0.32157046187157723,0.32257025148354324,0.0,nan,0.0
-5.124653,112,1351.141102,0.0,1.0,-5.124652766144952,-5.124652766144952,0.0,0.0,0.0,1.0,0.1805036484371886,112,16.431030470308144,0.931184600118495,2.0,0.42021505335079773,0.2153431320829051,0.18524273378508432,0.0,nan,0.0
-4.067179,137,1352.999168,0.0,1.0,-4.06717940989621,-4.06717940989621,0.0,0.0,0.0,1.0,0.2631115575046086,137,16.67940003620681,0.973597599776193,2.0,0.3887159419755866,0.22340560176946822,0.19453055101589564,0.0,nan,0.0
-7.569967,66,1353.809675,0.0,1.0,-7.569967245065744,-7.569967245065744,0.0,0.0,0.0,1.0,0.20772522717421746,66,12.769692021798193,1.3442753808023138,2.0,0.5019214990915675,0.21632399703517105,0.20025685700503262,0.0,nan,0.0
-8.088264,50,1354.54813,0.0,1.0,-8.088263884287205,-8.088263884287205,0.0,0.0,0.0,1.0,0.12330039489849132,50,10.032861299502144,1.213841345234451,2.0,0.5260913038253784,0.23569580078125,0.26220695495605467,0.0,nan,0.0
-7.808178,68,1355.424057,0.0,1.0,-7.80817820086139,-7.80817820086139,0.0,0.0,0.0,1.0,0.07117704500170995,68,10.952041481882189,0.42294190579811297,1.555681286660769,0.2919075241421952,0.28147276885369243,0.26570770670385924,0.0,nan,0.0
-0.195828,119,1356.628452,0.0,1.0,-0.1958280410058908,-0.1958280410058908,0.0,0.0,0.0,1.0,0.13561070684418516,119,16.397298234731114,0.7207992340676432,2.0,0.3240413040924473,0.26895105137544517,0.2555392990593149,0.0,nan,0.0
-7.442368,48,1357.338345,0.0,1.0,-7.442368443130705,-7.442368443130705,0.0,0.0,0.0,1.0,0.11190666534633378,48,11.599438830731081,0.961497819969846,2.0,0.4166651653746764,0.1625452513496081,0.1474759802222252,0.0,nan,0.0
-7.509005,44,1358.014496,0.0,1.0,-7.509005165676573,-7.509005165676573,0.0,0.0,0.0,1.0,0.09748976881983572,44,12.14897900827435,0.9262101699500938,2.0,0.42983055182478647,0.2345337217504328,0.2439251108603044,0.0,nan,0.0
-7.08112,57,1358.751284,0.0,1.0,-7.081120026082037,-7.081120026082037,0.0,0.0,0.0,1.0,0.12747603007555083,57,11.132711510587427,1.0077568279636613,2.0,0.5853197990279448,0.15683442877050033,0.16558129431908591,0.0,nan,0.0
-7.399887,64,1359.600702,0.0,1.0,-7.399887103725991,-7.399887103725991,0.0,0.0,0.0,1.0,0.06860143636568473,64,12.85104739405385,0.40149920218555896,0.9986244466379167,0.25926104048267007,0.21158022619783878,0.1670640166848898,0.0,nan,0.0
-6.948228,67,1360.453635,0.0,1.0,-6.948228184882099,-6.948228184882099,0.0,0.0,0.0,1.0,0.16074571531976006,67,10.24558614381745,1.2376680892776557,2.0,0.5157300514071735,0.39194513701680883,0.3254739588765956,0.0,nan,0.0
-7.250688,57,1362.641968,0.0,1.0,-7.2506882467716745,-7.2506882467716745,0.0,0.0,0.0,1.0,0.10388908429905241,57,10.530271252244779,0.986609988953335,2.0,0.6125113626844004,0.1638492743174235,0.1742012145226462,0.0,nan,0.0
-6.899608,52,1363.377911,0.0,1.0,-6.89960764905052,-6.89960764905052,0.0,0.0,0.0,1.0,0.0858642282999264,52,12.481309872500399,0.6575317632742069,2.0,0.4224798111961438,0.12063710276897137,0.13570153942474952,0.0,nan,0.0
-6.726249,52,1364.113871,0.0,1.0,-6.726249202525665,-6.726249202525665,0.0,0.0,0.0,1.0,0.09622873561993313,52,13.492849549336537,0.6371016591608267,2.0,0.4126240656926082,0.08036507092989408,0.0876399828837468,0.0,nan,0.0
-2.622363,107,1365.359337,0.0,1.0,-2.622363403569895,-2.622363403569895,0.0,0.0,0.0,1.0,0.1443480240878296,107,16.14777916119316,0.7910366337183085,2.0,0.3478926963338228,0.13771818062969457,0.12675175432846925,0.0,nan,0.0
-1.508009,105,1366.544205,0.0,1.0,-1.5080090250698017,-1.5080090250698017,0.0,0.0,0.0,1.0,0.11542738756841961,105,16.285210969151635,0.6853484642487393,2.0,0.38086886405944825,0.1628348747889201,0.17896191392626082,0.0,nan,0.0
-6.867125,53,1367.366739,0.0,1.0,-6.867124556720691,-6.867124556720691,0.0,0.0,0.0,1.0,0.11347664852863118,53,11.727278672645141,0.9395957198695204,2.0,0.45395155897680317,0.15292175535885794,0.1927873503487065,0.0,nan,0.0
-8.169526,42,1367.862347,0.0,1.0,-8.169526483341187,-8.169526483341187,0.0,0.0,0.0,1.0,0.10403089805403871,42,13.45161439617498,1.2605396848329165,2.0,0.4454193583556584,0.12687696729387557,0.15068649110339938,0.0,nan,0.0
-6.34354,117,1369.221319,0.0,1.0,-6.3435402999947055,-6.3435402999947055,0.0,0.0,0.0,1.0,0.18285358876522798,117,15.195599020904815,0.9469616734710641,2.0,0.3859495427618679,0.16041180924472645,0.18070256913829053,0.0,nan,0.0
-7.950507,55,1369.883254,0.0,1.0,-7.950506978542492,-7.950506978542492,0.0,0.0,0.0,1.0,0.17022668113639738,55,10.348363806065661,1.3266541940678498,2.0,0.6090349080887708,0.18352320194244384,0.18022102442654697,0.0,nan,0.0
-6.892951,118,1371.484532,0.0,1.0,-6.892950621580864,-6.892950621580864,0.0,0.0,0.0,1.0,0.16139436035912974,118,15.730405566853214,0.9653378116756359,2.0,0.39202713865344807,0.16491381091586613,0.16740577402761428,0.0,nan,0.0
-8.49434,42,1371.966946,0.0,1.0,-8.494339975342246,-8.494339975342246,0.0,0.0,0.0,1.0,0.1408369407492367,42,11.213725877236774,1.2576007840728287,2.0,0.46347365776697796,0.25762233280000235,0.2169158799307687,0.0,nan,0.0
0.764185,112,1373.474709,0.0,1.0,0.7641845058641916,0.7641845058641916,0.0,0.0,0.0,1.0,0.18262005260521041,112,17.634574054560577,0.8721972531491755,2.0,0.3442391919504319,0.13406588243586676,0.13899661600589752,0.0,nan,0.0
-8.238624,46,1373.888341,0.0,1.0,-8.238624444115322,-8.238624444115322,0.0,0.0,0.0,1.0,0.10765665839803709,46,9.413489002978556,1.1862387156104033,2.0,0.5674217161924943,0.185223286566527,0.2044780643089958,0.0,nan,0.0
-8.080698,46,1374.393132,0.0,1.0,-8.08069786479598,-8.08069786479598,0.0,0.0,0.0,1.0,0.13613737891455632,46,11.534367023760606,1.2790391763214117,2.0,0.5719580935395282,0.1309951725213424,0.1399976222411446,0.0,nan,0.0
-7.735607,50,1375.122913,0.0,1.0,-7.735606822704963,-7.735606822704963,0.0,0.0,0.0,1.0,0.10369069963749807,50,10.816788031667372,1.1908248265264558,2.0,0.6280654257535935,0.22988229274749755,0.20888673305511474,0.0,nan,0.0
-8.07536,63,1377.196544,0.0,1.0,-8.075359603876127,-8.075359603876127,0.0,0.0,0.0,1.0,0.08340908981500783,63,9.482695299700373,0.9569641772193146,2.0,0.5310607306540959,0.2534501514737568,0.24192814789121114,0.0,nan,0.0
-1.750637,109,1378.66323,0.0,1.0,-1.7506370403818199,-1.7506370403818199,0.0,0.0,0.0,1.0,0.1345647302321031,109,15.89258707547204,0.756104713156297,2.0,0.35378849807135554,0.17636947675582465,0.18062964819986885,0.0,nan,0.0
1.792858,101,1379.957624,0.0,1.0,1.792858134286945,1.792858134286945,0.0,0.0,0.0,1.0,0.11137022215398976,101,18.433926054531582,0.6532010917745334,2.0,0.26070945481262586,0.17136570486691918,0.1690660278395851,0.0,nan,0.0
-7.589729,55,1380.567039,0.0,1.0,-7.589728556001708,-7.589728556001708,0.0,0.0,0.0,1.0,0.08902749532984688,55,13.364353230770714,0.9730104145139725,2.0,0.376348229971799,0.17425375418229536,0.1580237236889926,0.0,nan,0.0
-7.984172,44,1381.085285,0.0,1.0,-7.984172156521263,-7.984172156521263,0.0,0.0,0.0,1.0,0.1288902987597916,44,11.595005595179583,1.1882130745806474,2.0,0.6024228270080957,0.24664907563816418,0.21714794364842502,0.0,nan,0.0
-7.402348,59,1381.79655,0.0,1.0,-7.402347577905733,-7.402347577905733,0.0,0.0,0.0,1.0,0.15948259242370807,59,12.715602536501828,1.2827711207330101,2.0,0.529506676782996,0.177244614746611,0.16714702218265856,0.0,nan,0.0
-5.97865,108,1383.215618,0.0,1.0,-5.978649523927693,-5.978649523927693,0.0,0.0,0.0,1.0,0.1414881440994052,108,15.762602486033929,0.6828682932808863,2.0,0.28225575056340957,0.1698020288237819,0.1895703618173246,0.0,nan,0.0
-7.33106,56,1383.824962,0.0,1.0,-7.331059940288527,-7.331059940288527,0.0,0.0,0.0,1.0,0.08723657323042161,56,11.389681208639066,0.9270096888245024,2.0,0.3538070342370442,0.26007122865744997,0.28782890524183,0.0,nan,0.0
-7.780678,60,1384.534925,0.0,1.0,-7.780677741009738,-7.780677741009738,0.0,0.0,0.0,1.0,0.14897067403027375,60,11.971901392670073,1.4042725273161991,2.0,0.5571104660630226,0.22182515462239583,0.20927106738090515,0.0,nan,0.0
-4.557321,121,1385.994884,0.0,1.0,-4.557321456615291,-4.557321456615291,0.0,0.0,0.0,1.0,0.1256301981999108,121,14.1406738830249,0.9148991733810802,2.0,0.3702373760790864,0.18793560059602596,0.19849945296925947,0.0,nan,0.0
-7.917295,40,1386.459656,0.0,1.0,-7.917295326631032,-7.917295326631032,0.0,0.0,0.0,1.0,0.10055564655047287,40,12.147149547943107,1.0580834649259199,2.0,0.365979578346014,0.19830578267574311,0.18481271862983703,0.0,nan,0.0
-7.098751,59,1387.219039,0.0,1.0,-7.098750617022898,-7.098750617022898,0.0,0.0,0.0,1.0,0.15962874341010275,59,13.242234622771656,1.2278981543696035,2.0,0.6000368768128298,0.21524317991935601,0.19816634210489564,0.0,nan,0.0
-7.867614,69,1388.282225,0.0,1.0,-7.867614478869253,-7.867614478869253,0.0,0.0,0.0,1.0,0.10015054654268474,69,7.7955947839186415,1.2720660090670564,2.0,0.5412602264812028,0.3073507746060689,0.2953594888465992,0.0,nan,0.0
-7.515082,55,1389.049069,0.0,1.0,-7.515082362806126,-7.515082362806126,0.0,0.0,0.0,1.0,0.07373513248333757,55,12.169435931879967,0.3984363046842697,0.9608464119302066,0.304348606413061,0.22158667824485084,0.2367362369190563,0.0,nan,0.0
-6.301875,120,1391.640412,0.0,1.0,-6.301874832402541,-6.301874832402541,0.0,0.0,0.0,1.0,0.17842766203299532,120,14.395354929337312,1.0207829433166753,2.0,0.34281013334790866,0.247928420205911,0.2634836912155151,0.0,nan,0.0
-8.594135,38,1392.187772,0.0,1.0,-8.594134658639101,-8.594134658639101,0.0,0.0,0.0,1.0,0.08518511772081244,38,10.077273443393272,1.1797781646812908,2.0,0.46845502367145136,0.1999021141152633,0.2120130783633182,0.0,nan,0.0
-8.044862,53,1393.02063,0.0,1.0,-8.044862381216078,-8.044862381216078,0.0,0.0,0.0,1.0,0.10065705093889209,53,11.016192517222276,1.245504844028606,2.0,0.5205898785366202,0.25262378071838953,0.23605034936149166,0.0,nan,0.0
-7.629442,63,1394.178613,0.0,1.0,-7.629441645536772,-7.629441645536772,0.0,0.0,0.0,1.0,0.08596124175954484,63,10.73025117656258,0.5306060270764221,1.2190189178202717,0.3078416585922241,0.27389786546192474,0.2630701121829805,0.0,nan,0.0
-7.114708,58,1394.928905,0.0,1.0,-7.114707827852526,-7.114707827852526,0.0,0.0,0.0,1.0,0.09135207257537699,58,13.379430407268673,0.48969865867982637,1.2488070145210042,0.26654660290685195,0.15293876878146467,0.17757471470997252,0.0,nan,0.0
-0.327496,114,1396.493143,0.0,1.0,-0.3274962503244261,-0.3274962503244261,0.0,0.0,0.0,1.0,0.15687059962731167,114,15.512878419172225,0.8406153814192228,2.0,0.34250679507590176,0.2211711929555525,0.1657784518442656,0.0,nan,0.0
-8.152911,55,1397.269065,0.0,1.0,-8.152911326949962,-8.152911326949962,0.0,0.0,0.0,1.0,0.10172545703218502,55,9.912986491027073,1.2203336787328687,2.0,0.5319201604886489,0.28648368445309724,0.24994255195964465,0.0,nan,0.0
-7.399647,61,1398.103612,0.0,1.0,-7.399646596113165,-7.399646596113165,0.0,0.0,0.0,1.0,0.07212920987016229,61,12.514530258258723,0.47946265320287185,0.9890873099333654,0.3526379075206694,0.12232239617676031,0.13858162672793278,0.0,nan,0.0
-8.576682,38,1398.628866,0.0,1.0,-8.576681873830989,-8.576681873830989,0.0,0.0,0.0,1.0,0.07761277435171234,38,9.41105032037582,1.112255459608297,2.0,0.48007602832819285,0.12565036980729355,0.16548132582714684,0.0,nan,0.0
-8.273843,42,1399.445381,0.0,1.0,-8.273843166905404,-8.273843166905404,0.0,0.0,0.0,1.0,0.10306726000253663,42,11.002245829080383,1.0860109025566937,2.0,0.38870271543661755,0.2000975835890997,0.19466139589037215,0.0,nan,0.0
-7.454159,56,1400.067129,0.0,1.0,-7.454159308415356,-7.454159308415356,0.0,0.0,0.0,1.0,0.08813865863900908,56,12.404335133628866,0.528913319236677,1.7394416933132413,0.22205033046858652,0.19109662835087096,0.18962854146957397,0.0,nan,0.0
-8.677341,36,1400.6257,0.0,1.0,-8.677341245855448,-8.677341245855448,0.0,0.0,0.0,1.0,0.09945193045808362,36,11.341679308284643,1.2148938555079676,2.0,0.43078169599175453,0.15039879083633423,0.14108406835132176,0.0,nan,0.0
-6.162286,112,1402.094401,0.0,1.0,-6.162286264755416,-6.162286264755416,0.0,0.0,0.0,1.0,0.14890152093930167,112,16.193342642741808,1.0393245002487344,2.0,0.35660477860697676,0.16875053250363894,0.16205942630767822,0.0,nan,0.0
-7.924933,46,1402.583015,0.0,1.0,-7.924933310002633,-7.924933310002633,0.0,0.0,0.0,1.0,0.12218529084288475,46,9.727516060985565,1.1783632200576972,2.0,0.5486683832562488,0.1603585326153299,0.1718111426933952,0.0,nan,0.0
-8.184243,47,1403.23552,0.0,1.0,-8.1842425224808,-8.1842425224808,0.0,0.0,0.0,1.0,0.1465814896030912,47,10.360907734729267,1.0863627760231,2.0,0.41973914554778563,0.2902308271286335,0.2432880883521222,0.0,nan,0.0
-8.309319,48,1403.918128,0.0,1.0,-8.309319330779136,-8.309319330779136,0.0,0.0,0.0,1.0,0.09763250109901515,48,12.043729219895573,1.2745431069949897,2.0,0.470018963329494,0.11251141875982285,0.12501500050226846,0.0,nan,0.0
-7.735247,56,1404.686451,0.0,1.0,-7.73524707314117,-7.73524707314117,0.0,0.0,0.0,1.0,0.10839196032240123,56,12.46018777764466,1.0225264597672101,2.0,0.47665311875087873,0.148578086069652,0.15647284260817937,0.0,nan,0.0
3.643838,161,1407.955516,0.0,1.0,3.6438380176786485,3.6438380176786485,0.0,0.0,0.0,1.0,0.12290116662998019,161,16.45995034361509,0.7214223860260269,2.0,0.2695200570992061,0.3032801003189561,0.24724720723880744,0.0,nan,0.0
-2.503053,114,1409.428966,0.0,1.0,-2.503052568700989,-2.503052568700989,0.0,0.0,0.0,1.0,0.11189570819712835,114,16.926880354223556,0.6202049973110715,2.0,0.16829488308806168,0.23233399527114734,0.2252137143360941,0.0,nan,0.0
0.749314,111,1410.78533,0.0,1.0,0.7493140617078158,0.7493140617078158,0.0,0.0,0.0,1.0,0.14756535407997515,111,15.585419272691613,0.7618775907545599,2.0,0.3169603269916397,0.2582068878251153,0.24984298525629817,0.0,nan,0.0
-8.274866,42,1411.393756,0.0,1.0,-8.274865952158313,-8.274865952158313,0.0,0.0,0.0,1.0,0.1000936207326607,42,9.676861325013574,1.0965637435960818,2.0,0.5028303755181176,0.1596323876153855,0.14245766685122535,0.0,nan,0.0
-7.048229,55,1412.037257,0.0,1.0,-7.04822926901586,-7.04822926901586,0.0,0.0,0.0,1.0,0.06973757316229627,55,14.12008998497327,0.4932055133684335,1.4030065929983389,0.1805073152888905,0.2089563239704479,0.23190213766964998,0.0,nan,0.0
-7.810796,50,1412.732646,0.0,1.0,-7.810795989222079,-7.810795989222079,0.0,0.0,0.0,1.0,0.09133395690018926,50,10.257945754149468,0.9886522668252594,2.0,0.45867001712322236,0.19674326419830324,0.21206945657730103,0.0,nan,0.0
-7.808124,47,1413.407061,0.0,1.0,-7.808123992213551,-7.808123992213551,0.0,0.0,0.0,1.0,0.08366329148892185,47,10.00459639521642,0.9753852601121012,2.0,0.370269276360248,0.2673942155026375,0.281418447798871,0.0,nan,0.0
-8.14792,55,1414.241719,0.0,1.0,-8.147920122734138,-8.147920122734138,0.0,0.0,0.0,1.0,0.07685208792348501,55,10.68471762070549,1.0731993381721985,2.0,0.5325048397887837,0.1641591635617343,0.15005836920304733,0.0,nan,0.0
-6.705286,65,1415.316537,0.0,1.0,-6.705286383103841,-6.705286383103841,0.0,0.0,0.0,1.0,0.08147357296915354,65,13.621951186031989,0.47621826116889426,1.9542344126004463,0.21287214435063875,0.239132048533513,0.19604268074035644,0.0,nan,0.0
-7.873765,48,1415.939717,0.0,1.0,-7.873764972593371,-7.873764972593371,0.0,0.0,0.0,1.0,0.10883867954217093,48,11.124322315236704,1.0917050888413051,2.0,0.4405595734715462,0.1786560962597529,0.19750052442153296,0.0,nan,0.0
-6.710797,104,1417.577947,0.0,1.0,-6.710796661730676,-6.710796661730676,0.0,0.0,0.0,1.0,0.1634969314699777,104,15.617491783009758,0.8295348551859774,2.0,0.26180277134363467,0.2039201156451152,0.18094428685995248,0.0,nan,0.0
-7.329029,60,1418.502824,0.0,1.0,-7.3290287915916,-7.3290287915916,0.0,0.0,0.0,1.0,0.06924863675021573,60,12.432773467654247,0.5114076254972578,1.019484506881561,0.36126480301221214,0.155980384349823,0.1499930520852407,0.0,nan,0.0
-8.151394,42,1419.196191,0.0,1.0,-8.151393672653757,-8.151393672653757,0.0,0.0,0.0,1.0,0.10330331274821716,42,10.710346000119758,1.016257024414418,2.0,0.5097468587614241,0.13056015684491112,0.15204372576304845,0.0,nan,0.0
1.001604,114,1422.171197,0.0,1.0,1.0016041947873955,1.0016041947873955,0.0,0.0,0.0,1.0,0.11939489825870987,114,16.72160624485417,0.7655717519029158,2.0,0.30418541556910467,0.18294894904421086,0.16081318311523973,0.0,nan,0.0
-11.606846,51,1422.892793,0.0,1.0,-11.606846356022446,-11.606846356022446,0.0,0.0,0.0,1.0,0.07897896300616994,51,13.281465371582277,0.4336343187938823,0.9896102951992142,0.22626803377095392,0.1436567844129076,0.15978031532437192,0.0,nan,0.0
-7.138806,58,1423.754619,0.0,1.0,-7.138806318755428,-7.138806318755428,0.0,0.0,0.0,1.0,0.08055512215665987,58,14.542140117629788,0.43170793711324645,1.3205039611128262,0.2588892748643612,0.1555445564204249,0.16898994815760646,0.0,nan,0.0
-2.873561,99,1425.129939,0.0,1.0,-2.8735609897015113,-2.8735609897015113,0.0,0.0,0.0,1.0,0.09976794938833082,99,15.865276914065763,0.7005152310557192,2.0,0.2842551018252517,0.2300977044635349,0.20109983164854725,0.0,nan,0.0
-0.760843,109,1426.465535,0.0,1.0,-0.7608431490616834,-0.7608431490616834,0.0,0.0,0.0,1.0,0.12069053793239462,109,14.815893187776565,0.7310913691972192,2.0,0.3402506225152847,0.3391787021531971,0.30192169793155216,0.0,nan,0.0
1.016536,115,1428.001863,0.0,1.0,1.016536088151506,1.016536088151506,0.0,0.0,0.0,1.0,0.1591676050372619,115,16.136598837356743,0.8951686153197861,2.0,0.36408743262290955,0.1533176328824914,0.13789114952087403,0.0,nan,0.0
-8.104658,47,1428.528741,0.0,1.0,-8.104658137950091,-8.104658137950091,0.0,0.0,0.0,1.0,0.11057565638660245,47,10.654386905065211,1.209609359224501,2.0,0.33067333317817527,0.23027368048404126,0.22375021082289676,0.0,nan,0.0
-8.020183,44,1429.090186,0.0,1.0,-8.020183100509723,-8.020183100509723,0.0,0.0,0.0,1.0,0.10962707387790871,44,12.383791498508849,1.1140915720897764,2.0,0.42180861261757935,0.24456080523404208,0.2646960101344369,0.0,nan,0.0
-7.620057,57,1429.874595,0.0,1.0,-7.6200570939545225,-7.6200570939545225,0.0,0.0,0.0,1.0,0.0745843928078202,57,9.53291618423275,0.6705398908005653,2.0,0.3684812826022767,0.2662953211550127,0.29524590676290946,0.0,nan,0.0
-6.169292,127,1431.358426,0.0,1.0,-6.169292142840821,-6.169292142840821,0.0,0.0,0.0,1.0,0.10521487855144432,127,14.240672784509364,0.9820285742809104,2.0,0.3349771663898558,0.29300345914570364,0.26359230796183186,0.0,nan,0.0
-7.808519,59,1432.106192,0.0,1.0,-7.808518552772107,-7.808518552772107,0.0,0.0,0.0,1.0,0.12048164658320819,59,8.369613196365988,1.1825112340963055,2.0,0.5545491151890513,0.3748520067182638,0.2817521357940415,0.0,nan,0.0
-8.284471,41,1432.686146,0.0,1.0,-8.284470577285285,-8.284470577285285,0.0,0.0,0.0,1.0,0.1085622132119342,41,10.626691651813951,1.180027637528635,2.0,0.46877557548081,0.19465062967160854,0.18253902109657846,0.0,nan,0.0
-3.644765,125,1434.222982,0.0,1.0,-3.6447654010748955,-3.6447654010748955,0.0,0.0,0.0,1.0,0.1759663114173733,125,14.423326228454197,0.9259565776300618,2.0,0.44184810972213745,0.3324488334655762,0.2865639762878418,0.0,nan,0.0
-8.123725,53,1434.862135,0.0,1.0,-8.123724534468774,-8.123724534468774,0.0,0.0,0.0,1.0,0.10006786333191649,53,8.052913360577147,1.1025504341474301,2.0,0.5164414914149158,0.3430698401523086,0.33075193526609886,0.0,nan,0.0
-8.00342,49,1437.033158,0.0,1.0,-8.0034199336168,-8.0034199336168,0.0,0.0,0.0,1.0,0.11853748094984057,49,9.665987991086261,1.2148789202674553,2.0,0.5832985128675189,0.26160517274116984,0.22158003826530612,0.0,nan,0.0
-7.739146,41,1437.581419,0.0,1.0,-7.73914574502159,-7.73914574502159,0.0,0.0,0.0,1.0,0.09276564288530303,41,11.38794817288068,1.0663793342142986,2.0,0.37479153784309943,0.18307777148921314,0.1590008415826937,0.0,nan,0.0
-3.834176,111,1438.862334,0.0,1.0,-3.834175967817374,-3.834175967817374,0.0,0.0,0.0,1.0,0.16675404686311274,111,16.273458509124666,0.9467905101018348,2.0,0.28827000174436485,0.2782194034473316,0.23599461982916067,0.0,nan,0.0
-2.140097,106,1440.112526,0.0,1.0,-2.1400965597735917,-2.1400965597735917,0.0,0.0,0.0,1.0,0.1596199082092439,106,15.539391779025612,0.7191368626997843,2.0,0.3196439824576648,0.25016387116234257,0.22463925717011937,0.0,nan,0.0
-1.998073,105,1441.505229,0.0,1.0,-1.9980732204670382,-1.9980732204670382,0.0,0.0,0.0,1.0,0.14763888598612554,105,15.929913045243744,0.7680080398811261,2.0,0.3042813037122999,0.3112465637070792,0.2304625397636777,0.0,nan,0.0
-7.310969,71,1442.448008,0.0,1.0,-7.310968887552489,-7.310968887552489,0.0,0.0,0.0,1.0,0.07030482840681362,71,10.435911098524725,0.45559184006406817,1.6218587090199925,0.281186558411155,0.3316155940714017,0.27753613868229826,0.0,nan,0.0
-7.204109,49,1443.028014,0.0,1.0,-7.2041088369055135,-7.2041088369055135,0.0,0.0,0.0,1.0,0.11686118829432758,49,11.341941268814033,0.919739318842016,2.0,0.47871473674871484,0.296305065252343,0.23637890329166333,0.0,nan,0.0
-7.485434,52,1443.672246,0.0,1.0,-7.48543383616227,-7.48543383616227,0.0,0.0,0.0,1.0,0.09478226875809467,52,9.403525166136573,1.1392747240827155,2.0,0.5830197632312775,0.30412449401158553,0.2199099614070012,0.0,nan,0.0
-7.005697,75,1444.798248,0.0,1.0,-7.0056966483038625,-7.0056966483038625,0.0,0.0,0.0,1.0,0.13110174561367063,75,6.767959528875324,1.0630448529959384,2.0,0.6572341096401214,0.34007169961929323,0.34201008478800454,0.0,nan,0.0
-6.348878,119,1446.205597,0.0,1.0,-6.348878484695957,-6.348878484695957,0.0,0.0,0.0,1.0,0.21033650918958569,119,15.975468810195203,1.0215234768185832,2.0,0.3306640151168118,0.23662517601702393,0.20124253906121775,0.0,nan,0.0
-7.452536,57,1446.941061,0.0,1.0,-7.4525364139054115,-7.4525364139054115,0.0,0.0,0.0,1.0,0.11033415965767318,57,9.972338659011795,1.0407776999805052,2.0,0.5119487345218658,0.24149473089920848,0.24466118477938467,0.0,nan,0.0
-7.105602,62,1447.719023,0.0,1.0,-7.105602100536315,-7.105602100536315,0.0,0.0,0.0,1.0,0.07335317024073623,62,12.314120112212267,0.4738285878001608,1.0316695916564314,0.31223568368342614,0.2054813196582179,0.2030549491605451,0.0,nan,0.0
-2.958984,119,1449.112951,0.0,1.0,-2.9589839418315096,-2.9589839418315096,0.0,0.0,0.0,1.0,0.10409604064696101,119,13.112549627942416,0.6627455166929633,2.0,0.30731277606066537,0.33307981791616487,0.2934547292084253,0.0,nan,0.0
-8.168989,40,1450.979959,0.0,1.0,-8.168989048966413,-8.168989048966413,0.0,0.0,0.0,1.0,0.09904135031155377,40,11.235713516054542,1.13900263042962,2.0,0.4513598091900349,0.285277795791626,0.22658674716949462,0.0,nan,0.0
-1.818247,122,1452.410307,0.0,1.0,-1.8182474301901443,-1.8182474301901443,0.0,0.0,0.0,1.0,0.14149586456012966,122,14.823381940482289,0.8031993250008977,2.0,0.303459635157077,0.2482812331348169,0.22998839079356584,0.0,nan,0.0
-6.866338,46,1453.161732,0.0,1.0,-6.866338204329313,-6.866338204329313,0.0,0.0,0.0,1.0,0.09665989735701006,46,11.297479305345517,0.9011682059057206,2.0,0.537469227352868,0.26081697578015534,0.22396507211353467,0.0,nan,0.0
1.607353,120,1454.383411,0.0,1.0,1.6073531432953612,1.6073531432953612,0.0,0.0,0.0,1.0,0.1845269769116647,120,14.880055893550866,0.724018281270267,2.0,0.34155048032601676,0.32855864614248276,0.30797880043586096,0.0,nan,0.0
-7.671915,52,1455.020234,0.0,1.0,-7.671914798756537,-7.671914798756537,0.0,0.0,0.0,1.0,0.10728454686172798,52,10.072005454719969,0.9891573002241578,2.0,0.4149700552225113,0.2920399927175962,0.2526140190087832,0.0,nan,0.0
-0.113437,126,1456.485151,0.0,1.0,-0.11343692939221306,-0.11343692939221306,0.0,0.0,0.0,1.0,0.18159775642067816,126,14.357043658365923,0.7429142588159355,2.0,0.3889936116479692,0.38089327868961154,0.33734469092081465,0.0,nan,0.0
-7.600948,51,1457.163168,0.0,1.0,-7.600947554954307,-7.600947554954307,0.0,0.0,0.0,1.0,0.10363535413509405,51,10.69823181286128,1.0034818471683675,2.0,0.41790512730093565,0.21350738581489115,0.21512555141074985,0.0,nan,0.0
-6.224644,117,1458.321892,0.0,1.0,-6.224643865641855,-6.224643865641855,0.0,0.0,0.0,1.0,0.2254695286414637,117,18.196391512448454,1.134114536516791,2.0,0.29448978029764616,0.2765409375867273,0.26875981306418395,0.0,nan,0.0
-0.934514,117,1459.69525,0.0,1.0,-0.9345139618624714,-0.9345139618624714,0.0,0.0,0.0,1.0,0.16368911960459695,117,15.83111577359514,0.7076312803782037,2.0,0.3798340976747692,0.22051083073656783,0.1815119614967933,0.0,nan,0.0
-7.693746,77,1460.51823,0.0,1.0,-7.693745698319869,-7.693745698319869,0.0,0.0,0.0,1.0,0.11565808576681987,77,7.191415312504493,1.1501734533825185,2.0,0.5119955454553876,0.37329227041888546,0.3310982190169297,0.0,nan,0.0
-6.820389,131,1462.188293,0.0,1.0,-6.820389416239862,-6.820389416239862,0.0,0.0,0.0,1.0,0.1754854061250867,131,14.311432053239418,1.1658720177533342,2.0,0.38179846369583187,0.3024268063880105,0.26571803602553506,0.0,nan,0.0
-2.191335,122,1465.373527,0.0,1.0,-2.1913351247745902,-2.1913351247745902,0.0,0.0,0.0,1.0,0.17126349946216826,122,14.448048720023591,0.7968659465976774,2.0,0.3826866241507843,0.3439938147537044,0.27311245877234663,0.0,nan,0.0
-1.232318,103,1466.417609,0.0,1.0,-1.2323178045084102,-1.2323178045084102,0.0,0.0,0.0,1.0,0.09512840839182074,103,16.876481287454176,0.7034202497267177,2.0,0.28468717142794897,0.22224553001737132,0.24310840912235593,0.0,nan,0.0
-0.090202,113,1467.916373,0.0,1.0,-0.09020190123825067,-0.09020190123825067,0.0,0.0,0.0,1.0,0.14480757113327908,113,16.191946002232548,0.8037342467061798,2.0,0.27312285472861436,0.24631850592857968,0.22481608496303052,0.0,nan,0.0
-6.422619,96,1469.21915,0.0,1.0,-6.422618978640452,-6.422618978640452,0.0,0.0,0.0,1.0,0.09474930588177959,96,6.529181893939605,0.9604328115039555,2.0,0.586049510166049,0.40496673931678134,0.3541254711647828,0.0,nan,0.0
1.160639,137,1470.771928,0.0,1.0,1.1606391044365676,1.1606391044365676,0.0,0.0,0.0,1.0,0.19004385245754046,137,13.435066936745548,0.8982813207934188,2.0,0.42323000718207254,0.33994636396422,0.31152645340801155,0.0,nan,0.0
-6.952516,66,1471.578321,0.0,1.0,-6.952515570108688,-6.952515570108688,0.0,0.0,0.0,1.0,0.08252938478969146,66,8.656959886358424,0.6351742020216563,2.0,0.470132770411896,0.33604951699574787,0.3190429752523249,0.0,nan,0.0
-5.802158,116,1473.034528,0.0,1.0,-5.802158413593121,-5.802158413593121,0.0,0.0,0.0,1.0,0.16445183841617242,116,16.443306924287636,0.9918511762586155,2.0,0.3715115937179533,0.23180855039892526,0.205985714649332,0.0,nan,0.0
-6.356251,63,1473.69209,0.0,1.0,-6.356250717812218,-6.356250717812218,0.0,0.0,0.0,1.0,0.10459330599108713,63,8.563274282021435,0.8959159023973892,2.0,0.6384071844910818,0.32702836725446915,0.28295794365898014,0.0,nan,0.0
-7.005128,74,1474.574969,0.0,1.0,-7.005127857679673,-7.005127857679673,0.0,0.0,0.0,1.0,0.1389614800746502,74,8.320420181653953,1.042694243479298,2.0,0.5238976796736589,0.3608579289268803,0.3581186033583976,0.0,nan,0.0
-7.789384,54,1475.128117,0.0,1.0,-7.789383686155205,-7.789383686155205,0.0,0.0,0.0,1.0,0.09348971358027568,54,8.765451095374045,0.928677991018025,2.0,0.4235815676274123,0.2964268106001395,0.31996917724609375,0.0,nan,0.0
-5.878869,223,1478.972074,0.0,1.0,-5.878869036093524,-5.878869036093524,0.0,0.0,0.0,1.0,0.18194986904016325,223,12.346331908162783,1.0558665172991482,2.0,0.35173390531753745,0.3796773178695029,0.34135529786481983,0.0,nan,0.0
5.24966,178,1480.875925,0.0,1.0,5.249660435612263,5.249660435612263,0.0,0.0,0.0,1.0,0.16886784818321599,178,14.498066038715507,0.6590333589344063,2.0,0.2895335735899679,0.40176850758241806,0.33034344938363924,0.0,nan,0.0
1.462727,206,1483.299401,0.0,1.0,1.4627270827503356,1.4627270827503356,0.0,0.0,0.0,1.0,0.16600893604402542,206,13.634564949821236,0.7056409644936882,2.0,0.32433623321426724,0.36371988810381845,0.32116451309722605,0.0,nan,0.0
-7.843451,75,1484.087745,0.0,1.0,-7.843450642786596,-7.843450642786596,0.0,0.0,0.0,1.0,0.09523800193537103,75,5.937226423761137,0.886955810464256,2.0,0.4298516345024109,0.4294115169843038,0.2899269739786784,0.0,nan,0.0
-2.201701,107,1485.123656,0.0,1.0,-2.2017014161200974,-2.2017014161200974,0.0,0.0,0.0,1.0,0.1215704822897725,107,14.500569201427714,0.6788705236088939,2.0,0.27813011129325793,0.29903428688227573,0.27755298792758837,0.0,nan,0.0
2.036276,114,1486.47363,0.0,1.0,2.0362759008674676,2.0362759008674676,0.0,0.0,0.0,1.0,0.19199336024679375,114,17.710188542541548,0.7105555732030684,2.0,0.28448200408826796,0.2609969163150118,0.2580916343028085,0.0,nan,0.0
2.993884,157,1488.096242,0.0,1.0,2.9938838787058586,2.9938838787058586,0.0,0.0,0.0,1.0,0.10944289014384675,157,17.479112159098218,0.6920596554747956,2.0,0.23845465889402256,0.2588356869995214,0.222868627044046,0.0,nan,0.0
-4.043832,103,1490.604774,0.0,1.0,-4.043832070365645,-4.043832070365645,0.0,0.0,0.0,1.0,0.14657785445516555,103,16.88898455172092,1.0125224619739783,2.0,0.2682525093115649,0.20903417323399515,0.19923445206244014,0.0,nan,0.0
-6.822342,118,1491.873543,0.0,1.0,-6.822342322353677,-6.822342322353677,0.0,0.0,0.0,1.0,0.12131863102322346,118,13.133829307928778,0.9984171442033585,2.0,0.3514744376732131,0.3304350957021875,0.3161614400855565,0.0,nan,0.0
-6.530588,131,1493.246632,0.0,1.0,-6.530587567337511,-6.530587567337511,0.0,0.0,0.0,1.0,0.1905164052169478,131,13.396717834929868,0.9993234128751589,2.0,0.355926048209649,0.2873177396432134,0.27565077697957746,0.0,nan,0.0
-7.658722,62,1493.901357,0.0,1.0,-7.658721732472735,-7.658721732472735,0.0,0.0,0.0,1.0,0.06742070182743035,62,10.642540464026741,0.40470738949897866,0.9896916678642155,0.15024445999053218,0.3477571279771866,0.28846565946455927,0.0,nan,0.0
-9.265839,60,1494.559582,0.0,1.0,-9.265839057314434,-9.265839057314434,0.0,0.0,0.0,1.0,0.07050109004522737,60,11.724498253670072,0.6134303778807324,2.0,0.23636786540349325,0.2125898778438568,0.21612752874692281,0.0,nan,0.0
6.216501,163,1496.263943,0.0,1.0,6.216500737260247,6.216500737260247,0.0,0.0,0.0,1.0,0.14194472031426478,163,17.223561253068592,0.7121643048783686,2.0,0.2499164728664913,0.2320365141505844,0.20180299457596854,0.0,nan,0.0
12.374384,319,1499.39655,0.0,1.0,12.374383998007652,12.374383998007652,0.0,0.0,0.0,1.0,0.27562982037431705,319,17.622278943932518,0.8202836345852578,2.0,0.24896249133030823,0.2973439913932059,0.22926733150003845,0.0,nan,0.0
-0.151403,117,1500.700501,0.0,1.0,-0.15140342208889024,-0.15140342208889024,0.0,0.0,0.0,1.0,0.07389743970936687,117,15.29088195985126,0.5898172227264974,2.0,0.17940361937905988,0.28641124872060925,0.2471101742524367,0.0,nan,0.0
12.099934,271,1504.615862,0.0,1.0,12.099934090870782,12.099934090870782,0.0,0.0,0.0,1.0,0.34099410843115063,271,16.297054124498544,0.8282422619171724,2.0,0.30123861683910624,0.3255248373284991,0.29297851768366967,0.0,nan,0.0
-7.919185,40,1505.258138,0.0,1.0,-7.919185130440726,-7.919185130440726,0.0,0.0,0.0,1.0,0.0813491449198946,40,9.718795275807349,0.9805673566516265,2.0,0.3948519863188267,0.280915829539299,0.27427712380886077,0.0,nan,0.0
5.312548,183,1507.069576,0.0,1.0,5.312547781906957,5.312547781906957,0.0,0.0,0.0,1.0,0.17394147283977793,183,15.68466265400911,0.7428938547478594,2.0,0.33915987855098284,0.3073262696057721,0.2538804330461012,0.0,nan,0.0
-6.568326,123,1508.31394,0.0,1.0,-6.568325724392812,-6.568325724392812,0.0,0.0,0.0,1.0,0.11951972358825959,123,14.21943759985958,0.9595315437721041,2.0,0.27152424663062985,0.2932241447572786,0.26891360583344126,0.0,nan,0.0
-1.962663,103,1509.283067,0.0,1.0,-1.9626626390190456,-1.9626626390190456,0.0,0.0,0.0,1.0,0.11525568253086413,103,14.583127695776259,0.7007080082886769,2.0,0.27769676342751215,0.31810427059247653,0.30877001308700414,0.0,nan,0.0
-7.623591,51,1509.861284,0.0,1.0,-7.623591320466675,-7.623591320466675,0.0,0.0,0.0,1.0,0.08027099329650127,51,12.881952672126813,0.37795313164464167,0.9927962379743427,0.11480497378928989,0.24826078087675804,0.2729894226672603,0.0,nan,0.0
-7.63562,52,1510.426615,0.0,1.0,-7.635619838663914,-7.635619838663914,0.0,0.0,0.0,1.0,0.09111651269367475,52,8.69227569668111,0.702281826946974,2.0,0.3940178132974185,0.3247351932984132,0.3168825621788318,0.0,nan,0.0
-7.287061,55,1511.017828,0.0,1.0,-7.287061153608541,-7.287061153608541,0.0,0.0,0.0,1.0,0.08010474693867871,55,12.68464053655483,0.4860218244013682,1.3447227418847527,0.19914411848241634,0.174507474899292,0.17445175647735595,0.0,nan,0.0
21.20594,600,1517.790698,0.0,0.0,21.20594024297102,21.20594024297102,0.0,0.0,0.0,0.0,0.5632810211004932,600,16.131684471854065,0.9983323215918455,2.0,0.2713852235178153,0.3496361965934435,0.30691715329885483,0.0,nan,0.0
-1.327147,114,1518.897626,0.0,1.0,-1.327147072163946,-1.327147072163946,0.0,0.0,0.0,1.0,0.0910064328492686,114,12.429474382276924,0.7330041782265306,2.0,0.2076091831713392,0.3141134240125355,0.29354022155728254,0.0,nan,0.0
-8.064583,66,1519.58065,0.0,1.0,-8.064583256679715,-8.064583256679715,0.0,0.0,0.0,1.0,0.07168681729031989,66,9.909647848765495,0.7038505963555055,2.0,0.22736786260749353,0.38620654651612946,0.31172638950925885,0.0,nan,0.0
6.458842,193,1521.493647,0.0,1.0,6.458841650154859,6.458841650154859,0.0,0.0,0.0,1.0,0.09188509390429958,193,14.795279253104992,0.5846033170316676,2.0,0.17932372683070485,0.3460532550367049,0.31136651267659476,0.0,nan,0.0
-7.677277,64,1522.079895,0.0,1.0,-7.677277228059786,-7.677277228059786,0.0,0.0,0.0,1.0,0.07944700132516622,64,9.912368081480734,0.43087756955000656,1.3343421507439848,0.23551490530371666,0.30277946777641773,0.2498342413455248,0.0,nan,0.0
9.340575,306,1526.683651,0.0,1.0,9.340574672590332,9.340574672590332,0.0,0.0,0.0,1.0,0.19702877470113506,306,16.886862244807254,0.7263702249701237,2.0,0.2211643655607903,0.3096603562239728,0.2705388994388331,0.0,nan,0.0
15.890347,335,1529.953181,0.0,1.0,15.890346534583003,15.890346534583003,0.0,0.0,0.0,1.0,0.2538378258441005,335,15.303074499811213,0.7142001730096383,2.0,0.2170627401391072,0.39772538551643716,0.3292831552562429,0.0,nan,0.0
0.035475,140,1531.253866,0.0,1.0,0.03547545341714731,0.03547545341714731,0.0,0.0,0.0,1.0,0.10952500871432486,140,10.926591881873076,0.7576202012718495,2.0,0.28186979166099,0.4281700564282281,0.3691149630716869,0.0,nan,0.0
-8.040652,41,1531.732425,0.0,1.0,-8.040651950718154,-8.040651950718154,0.0,0.0,0.0,1.0,0.0856591469105547,41,9.146051211294354,0.8723915271758158,2.0,0.3710145943048524,0.27154381682233114,0.27679577397137156,0.0,nan,0.0
-7.545224,59,1532.281682,0.0,1.0,-7.545224293563039,-7.545224293563039,0.0,0.0,0.0,1.0,0.0910439589031511,59,7.370807592293867,0.9648970535902193,2.0,0.40809772580356923,0.40323565369945463,0.3138845290167857,0.0,nan,0.0
-5.291544,136,1533.586181,0.0,1.0,-5.291544070931345,-5.291544070931345,0.0,0.0,0.0,1.0,0.09571763957525564,136,11.19351971853481,0.9644239931224194,2.0,0.2938306018271867,0.42671045485664816,0.3883301847997834,0.0,nan,0.0
-8.164808,44,1534.062292,0.0,1.0,-8.164808497141477,-8.164808497141477,0.0,0.0,0.0,1.0,0.08106887307591264,44,9.73292960500496,0.801333700203886,2.0,0.2531760754910382,0.27308114008470014,0.298926136710427,0.0,nan,0.0
2.957185,171,1537.167316,0.0,1.0,2.9571850803835655,2.9571850803835655,0.0,0.0,0.0,1.0,0.18201916489750977,171,16.285380035348886,0.7669050137244623,2.0,0.26799715959537795,0.29117411723610953,0.27113270689869484,0.0,nan,0.0
5.179923,400,1540.513597,0.0,1.0,5.179922625114905,5.179922625114905,0.0,0.0,0.0,1.0,0.26397512575879745,400,18.298074498564443,0.9514720043981203,2.0,0.16931222170591353,0.3060050322115421,0.27054320693016054,0.0,nan,0.0
-2.970725,150,1541.855299,0.0,1.0,-2.9707245096514514,-2.9707245096514514,0.0,0.0,0.0,1.0,0.12848268412440966,150,10.354971402233621,0.9776105251956113,2.0,0.3349686435858409,0.38081548889478045,0.3458995771408081,0.0,nan,0.0
-2.240969,115,1543.017856,0.0,1.0,-2.2409690452940305,-2.2409690452940305,0.0,0.0,0.0,1.0,0.1326547605965484,115,13.596938638175265,0.7275907222630956,2.0,0.18473255841628364,0.33835029446560405,0.25640585733496624,0.0,nan,0.0
-8.161199,57,1543.521842,0.0,1.0,-8.161198838795263,-8.161198838795263,0.0,0.0,0.0,1.0,0.08578043029536764,57,6.672000478158999,1.0523707979410313,2.0,0.4141525432728885,0.4466877496033384,0.35019601646222565,0.0,nan,0.0
-3.703075,162,1544.92865,0.0,1.0,-3.7030750654345814,-3.7030750654345814,0.0,0.0,0.0,1.0,0.13515920689992464,162,9.1670598428245,0.9262871398044571,2.0,0.35182381872041724,0.4839254257119732,0.41582999332451526,0.0,nan,0.0
-0.344605,133,1547.830147,0.0,1.0,-0.3446052544930165,-0.3446052544930165,0.0,0.0,0.0,1.0,0.1185552022189374,133,11.508071789548422,0.7605194029543887,2.0,0.3085999894411044,0.4161584426585893,0.3472514215268587,0.0,nan,0.0
26.281898,600,1553.247936,0.0,0.0,26.2818980719492,26.2818980719492,0.0,0.0,0.0,0.0,0.32286623549919363,600,5.817974343875016,0.7510215370320518,2.0,0.5891200200344126,0.5731181810796261,0.43598532289266584,0.0,nan,0.0
-6.381188,120,1554.444912,0.0,1.0,-6.3811879274218075,-6.3811879274218075,0.0,0.0,0.0,1.0,0.14810722764302975,120,4.429826546110339,0.7544233613359571,2.0,0.5873003688951334,0.5398064571122329,0.49259646038214366,0.0,nan,0.0
-1.933421,218,1556.672947,0.0,1.0,-1.9334205732977452,-1.9334205732977452,0.0,0.0,0.0,1.0,0.17165315870495892,218,8.233725442230435,1.055923909064745,2.0,0.4492244028717006,0.4889042097220727,0.3895246840398246,0.0,nan,0.0
9.601417,281,1560.733789,0.0,1.0,9.601416667168895,9.601416667168895,0.0,0.0,0.0,1.0,0.22847252563040077,281,14.786055520423078,0.861856507774699,2.0,0.2712489323577847,0.37644964711097634,0.32077105656213184,0.0,nan,0.0
2.989671,200,1562.52216,0.0,1.0,2.989671173078225,2.989671173078225,0.0,0.0,0.0,1.0,0.1470048558299146,200,13.449971278345764,0.6890081227789162,2.0,0.2203105441480875,0.4455785664916039,0.3649250429868698,0.0,nan,0.0
1.697611,167,1563.988759,0.0,1.0,1.6976113309840724,1.6976113309840724,0.0,0.0,0.0,1.0,0.16300017954616455,167,9.99473416043792,0.7631333874628524,2.0,0.3891537943464553,0.4202043845981895,0.3091991176148375,0.0,nan,0.0
42.532983,600,1571.341799,0.0,0.0,42.5329827124763,42.5329827124763,0.0,0.0,0.0,0.0,0.5969291668503705,600,6.793874239012091,0.5976722099320235,2.0,0.5452945065622529,0.5032580869396528,0.42803785592317584,0.0,nan,0.0
0.902947,128,1572.689621,0.0,1.0,0.9029470886690056,0.9029470886690056,0.0,0.0,0.0,1.0,0.1573012624945409,128,12.509060161262996,0.7413832969608153,2.0,0.24623472499661148,0.4288489897735417,0.3473972138017416,0.0,nan,0.0
41.41606,503,1577.566176,0.0,1.0,41.41606014789546,41.41606014789546,0.0,0.0,0.0,1.0,0.6052788705068515,503,14.154122961612998,0.7724973634016808,2.0,0.3175079803580555,0.3870811940542983,0.3154600606286976,0.0,nan,0.0
-6.461761,64,1578.220285,0.0,1.0,-6.461761187410538,-6.461761187410538,0.0,0.0,0.0,1.0,0.13595390277996744,64,8.529523936981995,0.8755221309667139,2.0,0.5060727293603122,0.382005849853158,0.31116816215217113,0.0,nan,0.0
74.628264,600,1585.609135,0.0,0.0,74.6282642752616,74.6282642752616,0.0,0.0,0.0,0.0,0.45426507928643867,600,16.707713695172266,0.6594802313388284,2.0,0.19798368001977604,0.35084472556908924,0.28133603036403654,0.0,nan,0.0
98.297725,600,1592.774392,0.0,0.0,98.29772491135618,98.29772491135618,0.0,0.0,0.0,0.0,0.8919945599624782,600,14.718702790914286,0.45989134404622944,2.0,0.3974731171379487,0.36792820821205774,0.3199333737293879,0.0,nan,0.0
21.135789,219,1594.921838,0.0,1.0,21.13578934718564,21.13578934718564,0.0,0.0,0.0,1.0,0.4975256335895474,219,7.9034821444582715,0.374984457406246,2.0,0.6406774460827107,0.4753658469409159,0.34456963272399554,0.0,nan,0.0
93.542224,355,1598.31473,1.0,0.0,93.54222355516463,93.54222355516463,0.0,0.0,0.0,0.0,0.9533400777961137,355,9.831752762926543,0.2913744039324138,0.9986023770152624,0.6657501094148193,0.4327632873830661,0.34925282639516914,0.0,nan,0.0
82.150013,600,1606.132231,0.0,0.0,82.15001286942211,82.15001286942211,0.0,0.0,0.0,0.0,0.8167802814160651,600,8.397063681267158,0.2781280000183047,2.0,0.6125325218960643,0.4394429779052734,0.3792176315188408,0.0,nan,0.0
84.837224,600,1611.828667,0.0,0.0,84.83722384154612,84.83722384154612,0.0,0.0,0.0,0.0,0.8260341025577431,600,13.59359767144339,0.49581824879353387,2.0,0.39378423415124414,0.39561418106158575,0.3091728208462397,0.0,nan,0.0
64.671121,475,1618.002794,0.0,1.0,64.67112098637037,64.67112098637037,0.0,0.0,0.0,1.0,0.729494147489165,475,12.84199829798124,0.6614794066201769,2.0,0.3581469454106532,0.406999576405475,0.3267614784993623,0.0,nan,0.0
95.481836,211,1619.970253,1.0,0.0,95.48183576416066,95.48183576416066,0.0,0.0,0.0,0.0,0.9571765391451461,211,17.36300912996532,0.2825214194121634,0.7618796545542437,0.5807603304384726,0.3015577067131115,0.2682257704260225,0.0,nan,1.0
154.047555,727,1631.548747,0.0,1.0,154.04755533524423,154.04755533524423,0.0,0.0,0.0,1.0,0.5241177914733127,727,17.52038899566365,0.5280392613916219,2.0,0.43479384178554503,0.31314170631122723,0.29252248535130015,0.0,8.134310278093281,1.0
58.546141,235,1634.461645,0.0,1.0,58.546141347812295,58.546141347812295,0.0,0.0,0.0,1.0,0.23214150891621216,235,15.002752484335613,0.37631288922295625,2.0,0.6073424006713197,0.31252855493667275,0.27993243146449964,0.0,nan,1.0
23.623395,159,1636.485979,0.0,1.0,23.623395251421194,23.623395251421194,0.0,0.0,0.0,1.0,0.1801669622553465,159,13.326350748171278,0.48648141422318597,2.0,0.6667033496705241,0.3187199152490628,0.26129408302547047,0.0,nan,1.0
113.497527,489,1643.287249,0.0,1.0,113.49752686088567,113.49752686088567,0.0,0.0,0.0,1.0,0.6566817522793866,489,16.56800964772299,0.49169442332509383,2.0,0.49345759281808615,0.3289534697015836,0.2750991846154804,0.0,nan,1.0
250.27796,760,1654.616764,1.0,0.0,250.27796023475008,250.27796023475008,0.0,0.0,0.0,0.0,0.9834443647749541,760,18.622917165238913,0.4063595503135025,2.0,0.5030648569821528,0.2519706203749305,0.2297356414951776,0.0,nan,1.0
184.053088,635,1666.085765,0.0,1.0,184.05308813549232,184.05308813549232,0.0,0.0,0.0,1.0,0.9691974236382472,635,20.23341259508829,0.5258835223367826,2.0,0.5490171023006515,0.2862878317438711,0.2546995697059031,0.0,nan,1.0
238.687196,800,1678.00856,0.0,0.0,238.68719616584693,238.68719616584693,0.0,0.0,0.0,0.0,0.8837299846563085,800,19.53591171104647,0.4077542041510002,2.0,0.506500630248338,0.23499813567847014,0.22452633358538152,0.0,15.609590656270937,1.0
37.155074,136,1679.783374,0.0,1.0,37.155074402253476,37.155074402253476,0.0,0.0,0.0,1.0,0.16416895608610546,136,16.68642450106257,0.21730503712905497,2.0,0.6285938406910967,0.21727487357223735,0.2253064074937035,0.0,nan,1.0
58.300852,241,1683.659609,0.0,1.0,58.30085152524474,58.30085152524474,0.0,0.0,0.0,1.0,0.17796227453468955,241,16.87671283105176,0.347013310093639,2.0,0.5497974077417396,0.31369020360139394,0.24480465586254704,0.0,nan,1.0
271.233924,667,1694.571901,1.0,0.0,271.23392397513766,271.23392397513766,0.0,0.0,0.0,0.0,0.9871159877866877,667,20.625684115260313,0.34040701243743776,1.0221181089567457,0.609277104632161,0.22182051030949673,0.19974103154449807,0.0,18.760436812129647,1.0
237.688688,442,1700.443328,1.0,0.0,237.68868775184734,237.68868775184734,0.0,0.0,0.0,0.0,0.9845688093515552,442,25.761719499057577,0.3256505284463465,0.9082544969186966,0.599021290997844,0.19728313568490663,0.1757093689560351,0.0,nan,1.0
302.140641,767,1712.952527,1.0,0.0,302.14064134431834,302.14064134431834,0.0,0.0,0.0,0.0,0.9885732774809773,767,20.24187312101173,0.39172564099673235,2.0,0.5998820292009368,0.2560650796047867,0.2087605160404837,0.0,nan,1.0
294.283377,679,1722.843291,1.0,0.0,294.2833771364058,294.2833771364058,0.0,0.0,0.0,0.0,0.9871125147450072,679,20.34427900813425,0.288540480008386,1.036934977424121,0.5960329180481859,0.21344039471756904,0.2025054044505809,0.0,nan,1.0
76.247993,303,1728.755296,0.0,1.0,76.24799349292977,76.24799349292977,0.0,0.0,0.0,1.0,0.4667043101015122,303,19.928924351916056,0.5465749466135493,2.0,0.5777578115610793,0.2044303873584609,0.185633653461343,0.0,nan,1.0
172.539814,470,1734.839873,1.0,0.0,172.53981356835803,172.53981356835803,0.0,0.0,0.0,0.0,0.983523542173442,470,22.278493415992287,0.5379407238691938,2.0,0.5372738950747125,0.201650211468656,0.18436679358177996,0.0,nan,1.0
202.570687,499,1743.654023,0.0,1.0,202.57068740999887,202.57068740999887,0.0,0.0,0.0,1.0,0.7677055862449469,499,22.954605857624465,0.3390050111383408,2.0,0.5328187688826798,0.22686138552033114,0.21556299064823525,0.0,nan,1.0
219.98459,800,1756.806008,0.0,0.0,219.984590426692,219.984590426692,0.0,0.0,0.0,0.0,0.8777630002004466,800,20.43388289517312,0.4604336093103807,2.0,0.5725135553255677,0.2460160882398486,0.2117758246511221,0.0,nan,1.0
191.707046,436,1762.939115,0.0,1.0,191.70704564234208,191.70704564234208,0.0,0.0,0.0,1.0,1.0025491764953853,436,23.618727246984466,0.3309657295678448,2.0,0.5430389647243903,0.21686853454747332,0.18812014914433892,0.0,nan,1.0
352.102282,698,1774.266192,1.0,0.0,352.1022816326642,352.1022816326642,0.0,0.0,0.0,0.0,0.9908685606653272,698,25.899153028101093,0.354802944481224,1.5838991846882897,0.6118183602127953,0.2305040883813,0.1995768159371734,0.0,nan,1.0
197.22507,436,1780.634016,0.0,1.0,197.22506992129627,197.22506992129627,0.0,0.0,0.0,1.0,0.7236816617137155,436,23.964176573419348,0.304172007312844,1.6826128753025695,0.6236186436198037,0.15243922105622948,0.1488019804888909,0.0,nan,1.0
92.03496,249,1784.227011,0.0,1.0,92.03495998383006,92.03495998383006,0.0,0.0,0.0,1.0,0.39692799959461633,249,23.26111274067924,0.4661274213185838,2.0,0.53463025839932,0.19496545207548333,0.17824654167435733,0.0,nan,1.0
278.214918,593,1795.302028,1.0,0.0,278.21491816539253,278.21491816539253,0.0,0.0,0.0,0.0,0.9841515095119271,593,22.87957349570085,0.3023246510649557,2.0,0.5412854470978499,0.19043173602017344,0.17004845053912415,0.0,nan,1.0
302.458724,486,1802.438389,1.0,0.0,302.45872427027183,302.45872427027183,0.0,0.0,0.0,0.0,0.9880638458657636,486,26.27368678570103,0.22447879283935415,0.9790036040697077,0.584941601495684,0.13288302823839854,0.12359516610824522,0.0,nan,1.0
279.134502,420,1810.216581,1.0,0.0,279.1345023915705,279.1345023915705,0.0,0.0,0.0,0.0,0.9901743146860776,420,32.55580168822101,0.3179088273213724,0.9990447108914612,0.5838224634262068,0.14138897302604858,0.13042024005027045,0.019371281691795767,2.937668524275179,1.0
250.401509,510,1818.229203,1.0,0.0,250.4015086831783,250.4015086831783,0.0,0.0,0.0,0.0,0.9874947553992524,510,24.68255854416136,0.3322500453598828,1.0671803967086266,0.7082543808820785,0.1374295974479002,0.1322264916756574,0.0,nan,1.0
140.97014,303,1824.590795,0.0,1.0,140.9701399089138,140.9701399089138,1.0,1.0,0.0,0.0,0.5826578534565368,303,25.688847039576512,0.35068573873612147,1.1728639614905854,0.6646892410693782,0.1348883102435877,0.12875206517701102,0.05651292002676962,1.2054134218196488,1.0
238.697527,469,1831.568707,1.0,0.0,238.6975270291617,238.6975270291617,0.0,0.0,0.0,0.0,0.9852734169644002,469,29.878135440019427,0.3740656170863888,1.547171750094206,0.5549334559295731,0.13414445760916036,0.12773244136940443,0.0,nan,1.0
44.714242,152,1833.484824,0.0,1.0,44.71424206283219,44.71424206283219,0.0,0.0,0.0,1.0,0.21433710682098328,152,19.209909630532234,0.26356826890949603,1.029410841011267,0.6016776350964057,0.1393105513171146,0.13483732703484988,0.0,nan,1.0
62.692515,164,1835.98346,0.0,1.0,62.69251530547167,62.69251530547167,0.0,0.0,0.0,1.0,0.2358665537251191,164,21.141598769723792,0.21416736464288524,1.0382722690455464,0.5432323046573778,0.07023785245127795,0.07503997916128577,0.0,nan,1.0
198.736417,484,1844.284915,1.0,0.0,198.73641742223367,198.73641742223367,0.0,0.0,0.0,0.0,0.9831082021719548,484,24.14237993307687,0.34895994572307726,2.0,0.530675688727705,0.18416459199564517,0.1774628182088048,0.0,nan,1.0
274.742533,604,1851.960999,1.0,0.0,274.7425334538144,274.7425334538144,0.0,0.0,0.0,0.0,0.9906901992720893,604,25.609837851972582,0.40551341324486945,1.079830389619163,0.5566878540330376,0.12676443939177406,0.11797978881968568,0.0,nan,1.0
253.288372,410,1859.201593,0.0,1.0,253.2883720066975,253.2883720066975,0.0,0.0,0.0,1.0,1.001533750868652,410,34.04000458322718,0.34168059062864053,2.0,0.5846858975909105,0.07082637330380882,0.06379141269660578,0.033051184587471784,1.009982550423067,1.0
217.395856,358,1864.877315,1.0,0.0,217.39585639354686,217.39585639354686,0.0,0.0,0.0,0.0,0.9805753807680745,358,26.491606334369045,0.2661114857549377,0.9887302919160836,0.5664488232210695,0.10506942984778121,0.1001596197735664,0.0,nan,1.0
315.031966,416,1872.282663,1.0,0.0,315.03196639450726,315.03196639450726,0.0,0.0,0.0,0.0,0.9887846115654777,416,33.598642762261775,0.25764775538158424,0.9738654719122699,0.6397941370960325,0.08816567607797109,0.08138123297920594,0.0,nan,1.0
262.799236,541,1879.239017,1.0,0.0,262.79923615294734,262.79923615294734,0.0,0.0,0.0,0.0,0.9875586772870578,541,26.911814120748392,0.38053857952607234,1.0414645947138856,0.6594326927390315,0.09901813801908228,0.0999500975150498,0.0,nan,1.0
136.316367,270,1883.363598,0.0,1.0,136.31636738620966,136.31636738620966,1.0,1.0,0.0,0.0,0.44712754388264614,270,24.93087741474291,0.21847912930713312,0.6554128661917765,0.6296845597525438,0.07775677310095894,0.08695019351111519,0.03761001740718482,2.814679080885126,1.0
50.150269,181,1885.934275,0.0,1.0,50.1502685569505,50.1502685569505,0.0,0.0,0.0,1.0,0.41152245383944014,181,19.576818167194098,0.35476136776946204,2.0,0.6869725392750614,0.16555072556543088,0.1471790174094353,0.0,nan,1.0
252.970478,498,1894.858852,1.0,0.0,252.97047772668813,252.97047772668813,0.0,0.0,0.0,0.0,0.9862007631096358,498,32.15898183729888,0.45638309412920985,2.0,0.5162250838620237,0.1255284085809945,0.12294449743975597,0.0,nan,1.0
237.102877,376,1900.766271,1.0,0.0,237.10287671905635,237.10287671905635,0.0,0.0,0.0,0.0,0.9818537371025039,376,28.500449376699812,0.2940497764223495,0.9931866347793262,0.5885971007234556,0.1060536174063987,0.10318767422057212,0.0,nan,1.0
97.388539,189,1904.994028,0.0,1.0,97.38853874737895,97.38853874737895,0.0,0.0,0.0,1.0,0.3977794612226344,189,31.840518108079856,0.3474525012984975,2.0,0.48746295036777615,0.04271143643313615,0.046883871315648314,0.0,nan,1.0
206.784407,320,1909.69781,1.0,0.0,206.78440658806286,206.78440658806286,0.0,0.0,0.0,0.0,0.98370032771825,320,27.607955656910615,0.25313176231758694,0.8874586748778622,0.5961300186696462,0.06047579906880855,0.061092079058289527,0.0,nan,1.0
212.98488,361,1914.956414,1.0,0.0,212.98487999626278,212.98487999626278,0.0,0.0,0.0,0.0,0.9833379425495298,361,30.419188859935826,0.3742631997980179,1.162486998978665,0.6055870748168874,0.06990291339208544,0.0731032878738361,0.0,31.660457098090898,1.0
271.787725,419,1922.2847,1.0,0.0,271.78772494292184,271.78772494292184,0.0,0.0,0.0,0.0,0.98966179829836,419,33.29117442008626,0.29835968781065225,1.025203868754755,0.5986933342063342,0.07277310008365385,0.07537680394894183,0.0,nan,1.0
114.024585,247,1925.693945,0.0,1.0,114.02458546528361,114.02458546528361,0.0,0.0,0.0,1.0,0.6452368040154466,247,29.216845908071786,0.3052325114918887,1.731846232997604,0.5388407274809203,0.086610993393037,0.08614377454224868,0.0,nan,1.0
129.947657,401,1931.995032,0.0,1.0,129.94765666366692,129.94765666366692,0.0,0.0,0.0,1.0,0.7789477411672169,401,24.870957324048526,0.41812412086525025,2.0,0.5182972586065754,0.13630614925798334,0.12763526240489131,0.0,nan,1.0
107.598347,259,1935.932284,0.0,1.0,107.59834681958384,107.59834681958384,0.0,0.0,0.0,1.0,0.631895964129826,259,27.62234193975744,0.4554104113431887,2.0,0.6057450960616808,0.09627471927510266,0.09489113023382356,0.0,nan,1.0
152.220157,297,1942.482024,1.0,0.0,152.22015739187623,152.22015739187623,0.0,0.0,0.0,0.0,0.9773379388840828,297,25.757517887612455,0.37566816796009983,0.9995956102903116,0.5805732242462008,0.10996902470636849,0.10607338553727275,0.0,nan,1.0
140.881359,234,1945.909038,0.0,1.0,140.88135922408566,140.88135922408566,0.0,0.0,0.0,1.0,0.502570617456717,234,30.805652341156836,0.23407821946214624,1.1157297057945421,0.6641487560083723,0.07846663497452043,0.08293845358057919,0.0,nan,1.0
351.815312,563,1956.425236,1.0,0.0,351.815312035094,351.815312035094,0.0,0.0,0.0,0.0,0.9895025422152366,563,29.725517582551483,0.29362003791770713,0.9852532261873461,0.5718889623006961,0.08630008913483966,0.08120200837272522,0.0,9.134994695767688,1.0
126.922147,286,1961.559417,0.0,1.0,126.92214712338588,126.92214712338588,0.0,0.0,0.0,1.0,0.6825306599304406,286,27.541343506493728,0.3377888803761272,1.1569346524467115,0.5366005282718819,0.04955501656432252,0.05234397624756073,0.0,nan,1.0
206.157938,336,1966.824402,1.0,0.0,206.15793762956125,206.15793762956125,0.0,0.0,0.0,0.0,0.9814384456998793,336,27.839184410372344,0.2635046939785621,0.986130687276763,0.5879615561072049,0.05549409275963193,0.051706635526248386,0.0,nan,1.0
235.03466,368,1973.993948,1.0,0.0,235.0346597084429,235.0346597084429,0.0,0.0,0.0,0.0,0.9845928363786938,368,29.84682751799762,0.31770887767996797,0.9532469898156917,0.5722805447471531,0.05103656811558682,0.050991373541562454,0.0,nan,1.0
256.655406,420,1980.124212,1.0,0.0,256.6554055122159,256.6554055122159,0.0,0.0,0.0,0.0,0.9851958844855363,420,27.96148435232556,0.306074536781026,1.3066484304946935,0.558478654477568,0.08985509872436523,0.08381533140227908,0.0,nan,1.0
224.010413,506,1987.203862,1.0,0.0,224.01041347881755,224.01041347881755,0.0,0.0,0.0,0.0,0.9870910270654878,506,28.724968647184692,0.477147659411597,2.0,0.5352297252183964,0.09787083155081677,0.08834157725096692,0.00038317484763910036,5.44617164975187,1.0
109.63745,241,1992.122483,0.0,1.0,109.63745026452386,109.63745026452386,0.0,0.0,0.0,1.0,0.5292489492356525,241,30.209772670645528,0.41658715740666097,1.2661086488928783,0.5497657340406382,0.0646024615932797,0.06683071718176371,0.0,nan,1.0
181.897579,328,1997.490831,0.0,1.0,181.89757855840827,181.89757855840827,0.0,0.0,0.0,1.0,0.5705674987442475,328,27.325258882282753,0.22721986677909936,1.4939635348518472,0.5239418028149663,0.13020616824307094,0.13285514566956497,0.0,nan,1.0
279.59069,394,2002.911448,1.0,0.0,279.5906901602015,279.5906901602015,0.0,0.0,0.0,0.0,0.9841555118821851,394,28.38257972458749,0.19005602862217713,0.9781716901548421,0.5787184120056593,0.07986300729858088,0.0837494283158162,0.0,nan,1.0
238.906201,419,2009.954805,1.0,0.0,238.90620134224963,238.90620134224963,0.0,0.0,0.0,0.0,0.9845860966459667,419,28.546258865474528,0.36052295145616314,1.2701044050587056,0.5503164886147993,0.09679165489633783,0.09228272284414432,0.0,15.289261467775464,1.0
212.85327,400,2016.290343,0.0,1.0,212.85327009291726,212.85327009291726,0.0,0.0,0.0,1.0,0.9134941950674936,400,33.02699781227204,0.46977871644292735,2.0,0.5843923610448837,0.11754608571529389,0.10421918213367462,0.0011911911896802505,5.003721510289562,1.0
342.25031,531,2025.877259,1.0,0.0,342.2503099896753,342.2503099896753,0.0,0.0,0.0,0.0,0.9885029501450648,531,28.830201874402903,0.2625121217924904,0.9877865567631849,0.5071138969136721,0.09960179230138631,0.09638514401998,0.0033497195115288346,4.6786155839727845,1.0
156.002269,360,2032.162456,0.0,1.0,156.0022690532992,156.0022690532992,0.0,0.0,0.0,1.0,0.6040268295274498,360,26.407079866200903,0.3587237951022489,2.0,0.5076726329202453,0.08212515049510533,0.08153341743681165,0.0,nan,1.0
214.767984,330,2037.287933,1.0,0.0,214.7679839004674,214.7679839004674,0.0,0.0,0.0,0.0,0.9810803581568588,330,28.9703760872567,0.29171695022691757,1.14120400028808,0.5524032739301522,0.06480962182536269,0.06454744194493149,0.0,nan,1.0
