#{"t_start": 1780052010.2823186, "env_id": "None"}
r,l,t,is_success,episode_cost,episode_base_reward,episode_shaped_reward,episode_collision,episode_crash_vehicle,episode_crash_object,episode_out_of_road,episode_route_completion,episode_length,episode_mean_speed,episode_mean_lane_deviation,episode_max_lane_deviation,episode_steering_variation,episode_accel_variation,episode_jerk,episode_ttc_risk,episode_min_ttc,curriculum_stage
7.952636,600,3.45107,0.0,0.0,7.9526355470475965,7.9526355470475965,0.0,0.0,0.0,0.0,0.11280764012051468,600,0.8040776022487341,0.06256421935082959,0.21777744507317964,0.7984551641779641,0.7652176235243678,0.6484729230652253,0.0,nan,0.0
3.48354,600,6.013899,0.0,0.0,3.4835396268743413,3.4835396268743413,0.0,0.0,0.0,0.0,0.10007509792234065,600,0.7235117116360699,0.351477504712275,0.8673340576328209,0.8805682746941844,0.8290207079301278,0.6740880718330542,0.0,nan,0.0
6.737465,600,7.952352,0.0,0.0,6.73746541987338,6.73746541987338,0.0,0.0,0.0,0.0,0.12476144180082557,600,0.8718146061511717,0.3393377987967778,0.5565906566301361,0.811462997480606,0.7654291042933862,0.6253459478914738,0.0,nan,0.0
8.669836,600,10.382614,0.0,0.0,8.6698362942569,8.6698362942569,0.0,0.0,0.0,0.0,0.13904357575357498,600,0.9970696044135879,0.24680947908725293,0.8430138969611133,0.855259174251308,0.8062067647029956,0.6012425961593787,0.0,nan,0.0
10.593531,600,12.17056,0.0,0.0,10.59353115161611,10.59353115161611,0.0,0.0,0.0,0.0,0.17952218609883303,600,1.2794773443013814,0.4659103346303627,1.3329455765271887,0.7610647778958082,0.7576278532296419,0.586869090249141,0.0,nan,0.0
8.792069,600,14.530719,0.0,0.0,8.792068884779892,8.792068884779892,0.0,0.0,0.0,0.0,0.18579202758384003,600,1.347630486971345,0.5182280670055012,0.9963804861026594,0.8203316428341593,0.7468505305051804,0.5640477811296781,0.0,nan,0.0
16.098534,600,16.692734,0.0,0.0,16.09853371459276,16.09853371459276,0.0,0.0,0.0,0.0,0.28061176320880593,600,1.5225224480902786,0.2850888468825222,0.9948812784852159,0.7825477869560321,0.6673408236106236,0.5706734296679496,0.0,nan,0.0
16.329827,600,18.40108,0.0,0.0,16.329826678610605,16.329826678610605,0.0,0.0,0.0,0.0,0.3435751760682145,600,1.9347488482021542,0.4409004438126137,0.9742768995357745,0.7978904611865679,0.6576827590167522,0.5261782711744308,0.0,nan,0.0
2.368243,426,20.149095,0.0,1.0,2.368242747493248,2.368242747493248,0.0,0.0,0.0,1.0,0.3074438613359481,426,2.6285406928384507,0.505255829907705,1.0542428666533104,0.7586368295788205,0.6035013061034288,0.4888761771117018,0.0,nan,0.0
-4.10122,387,21.215564,0.0,1.0,-4.101220240871289,-4.101220240871289,0.0,0.0,0.0,1.0,0.28345122070358697,387,2.7585527653912054,1.2313640255059999,2.0,0.7869662278517118,0.6197287687497546,0.5488705002060232,0.0,nan,0.0
-0.912413,299,22.026364,0.0,1.0,-0.9124130762386002,-0.9124130762386002,0.0,0.0,0.0,1.0,0.23670431792956223,299,2.4746698777684246,0.44005444024182355,1.0547740178379517,0.8541086242350447,0.587692949484822,0.49185075369168285,0.0,nan,0.0
11.467543,567,24.264575,0.0,1.0,11.467542834204085,11.467542834204085,0.0,0.0,0.0,1.0,0.43239326264455963,567,2.6176258941596955,0.4746824350103296,1.0225837576979473,0.8574829035302266,0.6056696798856086,0.47849619041674984,0.0,nan,0.0
-4.495429,163,24.761274,0.0,1.0,-4.495429255434601,-4.495429255434601,0.0,0.0,0.0,1.0,0.1429286025046567,163,2.7066282261400123,0.3898199803516258,1.0306256061152819,0.8302761910974614,0.6135814047298549,0.4325558247010401,0.0,nan,0.0
-1.393685,334,26.05681,0.0,1.0,-1.393684754164008,-1.393684754164008,0.0,0.0,0.0,1.0,0.28185911667001284,334,3.534100352588302,0.96299150989502,2.0,0.7501122430859212,0.55787240370305,0.4256721506575624,0.0,nan,0.0
20.27598,491,28.53569,0.0,1.0,20.275979697949438,20.275979697949438,0.0,0.0,0.0,1.0,0.4449031555899497,491,4.557809108594019,0.6268366014942747,2.0,0.8033688253819821,0.4967089825880746,0.41362000106551255,0.0,nan,0.0
26.789485,600,30.649827,0.0,0.0,26.789485021704415,26.789485021704415,0.0,0.0,0.0,0.0,0.7147143374373565,600,3.882614758147111,0.8531980900511175,2.0,0.8148562730103731,0.5128066579004129,0.43814554731051125,0.0,nan,0.0
5.800952,264,32.112768,0.0,1.0,5.800951593133895,5.800951593133895,0.0,0.0,0.0,1.0,0.32803885813561184,264,4.606885190604729,0.8938301321833962,2.0,0.8386585764819756,0.5095723646156716,0.41022054489814874,0.0,nan,0.0
1.793968,250,33.312829,0.0,1.0,1.7939679375315052,1.7939679375315052,0.0,0.0,0.0,1.0,0.3979198859712611,250,6.5015896312573735,1.0438170373821372,2.0,0.7693818022608757,0.4209072232246399,0.34608220791816713,0.0,nan,0.0
10.718077,591,35.192734,0.0,1.0,10.718076751989742,10.718076751989742,0.0,0.0,0.0,1.0,0.9123487189337218,591,5.61509731169913,1.186111452792655,2.0,0.8124020795909886,0.43616918400056065,0.35425414792979026,0.0,nan,0.0
29.701554,600,37.719542,0.0,0.0,29.701554389069987,29.701554389069987,0.0,0.0,0.0,0.0,0.7251684196280322,600,5.7869220632560685,1.1620317528325674,2.0,0.8099118758179248,0.4390257238348325,0.3740570875008901,0.0,nan,0.0
44.76061,576,40.12168,1.0,0.0,44.76060954492262,44.76060954492262,0.0,0.0,0.0,0.0,0.9527133744860805,576,6.140965150508162,1.1593905382400906,2.0,0.7932750610634685,0.43943136071579325,0.3670544849915637,0.0,nan,0.0
40.582881,600,42.070664,0.0,0.0,40.582880551528795,40.582880551528795,0.0,0.0,0.0,0.0,0.8873875460903953,600,6.315484267391298,0.8109556275866164,2.0,0.7854251945919046,0.40897248427073163,0.3489460258682569,0.0,nan,0.0
5.87459,204,42.761416,0.0,1.0,5.874590042188542,5.874590042188542,0.0,0.0,0.0,1.0,0.22427693434412244,204,5.8493810264357124,1.0077780715885367,2.0,0.7957307275603799,0.42998845670737473,0.40050123164466783,0.0,nan,0.0
-4.842441,211,44.035752,0.0,1.0,-4.842440865658829,-4.842440865658829,0.0,0.0,0.0,1.0,0.35197012547971135,211,7.244403893528749,1.2761810692320648,2.0,0.7757710268217806,0.39673666535960556,0.38069992551306414,0.0,nan,0.0
75.080348,458,45.650345,1.0,0.0,75.08034840071048,75.08034840071048,0.0,0.0,0.0,0.0,0.9551814947665509,458,8.394101237208647,0.4907408305289511,1.0159702287397554,0.8143351989672174,0.3332416654674247,0.2906058909591108,0.0,nan,0.0
47.087218,565,48.301952,0.0,1.0,47.087218167119204,47.087218167119204,0.0,0.0,0.0,1.0,1.0018969089051286,565,8.414774471579733,0.6934569572005713,2.0,0.7945830445769614,0.35411814071435843,0.32536628267406364,0.0,nan,0.0
-6.993897,72,48.619975,0.0,1.0,-6.993897345261184,-6.993897345261184,0.0,0.0,0.0,1.0,0.24393280008629972,72,9.869368408629365,1.3156436706586874,2.0,0.8667633024354776,0.2791620459821489,0.22710265881485409,0.0,nan,0.0
-3.515174,180,49.221509,0.0,1.0,-3.5151738616334756,-3.5151738616334756,0.0,0.0,0.0,1.0,0.41030066917345864,180,8.768947048476466,1.279196261825425,2.0,0.7188814303941197,0.3168166309595108,0.2970400631427765,0.0,nan,0.0
47.105928,482,50.982977,1.0,0.0,47.10592820390597,47.10592820390597,0.0,0.0,0.0,0.0,0.9500815948857966,482,7.171806702335488,1.2396704887534806,2.0,0.7668765817471312,0.3637305463498064,0.3197809616065124,0.0,nan,0.0
14.07819,473,53.044584,0.0,1.0,14.07818993634245,14.07818993634245,0.0,0.0,0.0,1.0,0.8050812576445799,473,8.245422279463533,1.0326489871724558,2.0,0.7365907568161634,0.3082384241559793,0.2918739160069956,0.0,nan,0.0
36.495795,298,54.12238,0.0,1.0,36.495794930869295,36.495794930869295,0.0,0.0,0.0,1.0,1.0032980642105886,298,11.534079295133123,0.5861384420113909,2.0,0.7722465923468539,0.26780851995384936,0.25073259188824853,0.0,nan,0.0
11.211127,158,54.651223,0.0,1.0,11.21112657354486,11.21112657354486,0.0,0.0,0.0,1.0,0.3601682767812939,158,7.344540719221678,0.27282509015369516,1.0454548672349933,0.7456320503467246,0.4003504514694214,0.33040422616125664,0.0,nan,0.0
100.834305,419,57.488249,1.0,0.0,100.83430485820114,100.83430485820114,0.0,0.0,0.0,0.0,0.9612411968076839,419,10.609797940039163,0.35938364332925793,0.9990831875140483,0.7686989169594496,0.2963580622877881,0.2539208134489583,0.0,nan,0.0
91.109575,444,59.139528,1.0,0.0,91.10957508492288,91.10957508492288,0.0,0.0,0.0,0.0,0.9595249454017075,444,9.131737288457687,0.3475729916191149,1.2440510627662098,0.7489302215997029,0.29103056495791085,0.24984094191778888,0.0,nan,0.0
80.913336,288,60.179331,1.0,0.0,80.91333551026946,80.91333551026946,0.0,0.0,0.0,0.0,0.9619425453285417,288,14.561605389642587,0.4907293390602625,1.4961204891012556,0.7866485473285947,0.24376356394754517,0.22990752653115326,0.0,nan,0.0
88.054641,456,62.462814,1.0,0.0,88.0546407953661,88.0546407953661,0.0,0.0,0.0,0.0,0.9615584933815045,456,10.126570362929582,0.45351734326806636,0.9947565544673412,0.7438935904943368,0.28381286849055376,0.2622465140986861,0.0,nan,0.0
97.765093,455,64.021903,1.0,0.0,97.76509314377283,97.76509314377283,0.0,0.0,0.0,0.0,0.9620919534921679,455,9.762379891652895,0.37720987141004075,0.9700511099166759,0.768797869341714,0.26462665796279905,0.2389076671757541,0.0,nan,0.0
66.814468,289,65.513715,1.0,0.0,66.81446790826595,66.81446790826595,0.0,0.0,0.0,0.0,0.9545489967239157,289,13.206451186929309,0.5079595899927789,0.9990588831398824,0.7333817385575351,0.2270392466168915,0.20737620579742644,0.0,nan,0.0
79.877824,255,66.423613,1.0,0.0,79.87782383154969,79.87782383154969,0.0,0.0,0.0,0.0,0.9564753549689395,255,14.870286226333373,0.45343070418514564,1.4182191596746065,0.7473620599099234,0.23300203435561237,0.20741741470262115,0.0,nan,0.0
68.325807,200,67.089754,1.0,0.0,68.32580715189373,68.32580715189373,0.0,0.0,0.0,0.0,0.9468833926235152,200,15.340078072377795,0.4183049617421916,0.9927446433562455,0.7313495955243706,0.23170779317617415,0.20419503450393678,0.0,nan,0.0
60.522718,262,68.345436,1.0,0.0,60.52271828739946,60.52271828739946,0.0,0.0,0.0,0.0,0.9519602975708902,262,12.430584938009291,0.5775199167762103,1.6273514678774936,0.7082681998837995,0.253014980836679,0.2202899765422326,0.0,nan,1.0
150.855349,800,73.110155,0.0,0.0,150.8553492453179,150.8553492453179,0.0,0.0,0.0,0.0,0.7372957261952591,800,13.114040820146663,0.5090667943061326,2.0,0.7221241883281618,0.22354026161134244,0.20139605313539505,0.0,nan,1.0
68.556523,541,76.678425,0.0,1.0,68.55652303402215,68.55652303402215,0.0,0.0,0.0,1.0,0.9230908456068232,541,16.298447990178985,0.7244320409351283,2.0,0.701917812634473,0.20484396589441353,0.1953793010517762,0.0,nan,1.0
46.868589,393,78.534788,0.0,1.0,46.868588636930966,46.868588636930966,0.0,0.0,0.0,1.0,0.29208021870262424,393,10.475468505003793,0.4958943776532094,1.4591837521571085,0.7720365796721619,0.2475145650273971,0.23346951414307263,0.0,nan,1.0
64.98786,247,79.982577,0.0,1.0,64.98786039334895,64.98786039334895,1.0,1.0,0.0,0.0,0.3803768607986031,247,18.91108225192624,0.4499769951230341,1.2988389175246036,0.7111695930060105,0.19184266748698617,0.17142253896968085,0.0065360056856787726,0.43700834356931356,1.0
209.423998,732,83.613873,1.0,0.0,209.42399787467062,209.42399787467062,0.0,0.0,0.0,0.0,0.9847896490593542,732,15.623546989283644,0.39648928287384616,0.9946261445936385,0.7216685943895839,0.2202940198893104,0.19158131796154168,0.0,nan,1.0
156.848541,626,86.09487,0.0,1.0,156.84854141232137,156.84854141232137,0.0,0.0,0.0,1.0,0.9652055900461038,626,16.243570715497917,0.4103091812348614,1.5914388757667333,0.7140748714819883,0.20762461090621095,0.20151150036162843,0.0,nan,1.0
175.324013,656,89.595297,1.0,0.0,175.32401297637918,175.32401297637918,0.0,0.0,0.0,0.0,0.98454691082319,656,17.01952023326747,0.47380992487784174,1.601403712151389,0.6841616954586309,0.20065301874788796,0.1881877700003182,0.0,nan,1.0
55.511122,276,90.563009,0.0,1.0,55.51112166259402,55.51112166259402,0.0,0.0,0.0,1.0,0.40123049646236053,276,17.885468873677187,0.48932658273006896,1.1017759093788921,0.6746871235469977,0.20765616323636926,0.17530088061871735,0.0,nan,1.0
164.802757,568,93.663158,1.0,0.0,164.80275706924408,164.80275706924408,0.0,0.0,0.0,0.0,0.9814647631855631,568,15.5143280160063,0.4253455475536997,1.028100561247491,0.6974527266099524,0.1906997682133191,0.18346140628129665,0.0,nan,1.0
228.351213,800,97.803396,0.0,0.0,228.35121346783913,228.35121346783913,0.0,0.0,0.0,0.0,0.9839180806119021,800,17.724631427880084,0.4541126718772857,2.0,0.669559153681621,0.1912759406864643,0.17645362198352812,0.0,nan,1.0
89.609233,532,100.606699,0.0,1.0,89.60923348593845,89.60923348593845,0.0,0.0,0.0,1.0,0.49486772877068774,532,14.447195268653514,0.5280283130164913,2.0,0.6705482743008244,0.1722431744175746,0.15887625885189027,0.0,nan,1.0
219.960826,657,104.35404,1.0,0.0,219.960826374993,219.960826374993,0.0,0.0,0.0,0.0,0.9852998917521011,657,17.276867960369078,0.38402910248558875,1.018483027067187,0.693929123393114,0.18380131714238787,0.16169881076754683,0.0,19.905119381963996,1.0
152.686183,794,108.618312,0.0,1.0,152.68618302053437,152.68618302053437,0.0,0.0,0.0,1.0,1.0006593061301678,794,18.976012127451067,0.7053015896716137,2.0,0.705520107295899,0.1675931785058615,0.15072798473708876,0.006431923801697326,3.2105315992238754,1.0
226.72611,748,112.012139,1.0,0.0,226.7261104640832,226.7261104640832,0.0,0.0,0.0,0.0,0.9870620412533568,748,17.58824313198294,0.416752413817681,1.7281570013484868,0.69162891165697,0.18606320023536682,0.17195021165883478,0.0,7.241354206931424,1.0
144.76572,465,115.808823,1.0,0.0,144.76571999715355,144.76571999715355,0.0,0.0,0.0,0.0,0.9812934918231716,465,20.702290559878954,0.5739907273979246,1.9535422053659555,0.6694496674322954,0.16539389574399557,0.16222076903107346,0.0,nan,2.0
304.304065,796,125.25563,1.0,0.0,304.3040652293673,304.3040652293673,0.0,0.0,0.0,0.0,0.9888155649983529,796,20.560467395070802,0.4027404876322521,0.9994461431169992,0.6882758117444701,0.14288589792634973,0.138444433409964,0.0,15.272892214080963,2.0
215.997087,516,129.792039,0.0,1.0,215.99708713804762,215.99708713804762,1.0,1.0,0.0,0.0,0.5646968875959109,516,26.884119801874874,0.4690662643252637,2.0,0.6350526429655016,0.14158635927263155,0.13286079038945278,0.0303346008429269,1.137663618490984,2.0
334.480875,937,138.700058,1.0,0.0,334.48087530333333,334.48087530333333,0.0,0.0,0.0,0.0,0.9875222960194675,937,17.995550660720454,0.3369481410093759,0.9969037001541077,0.7096652657493329,0.15675897214048828,0.1404073658213417,0.0,nan,2.0
321.007566,929,149.533245,0.0,1.0,321.00756631784344,321.00756631784344,1.0,1.0,0.0,0.0,0.6956311335151423,929,19.03604859602664,0.37365887522683616,2.0,0.68508018764584,0.1430687379529068,0.13361348909505344,0.0037374390329241412,1.368443527890541,2.0
158.696188,619,156.171789,0.0,1.0,158.69618773066068,158.69618773066068,0.0,0.0,0.0,1.0,0.6980621869340492,619,22.45993640980544,0.6403872437132001,2.0,0.6446686402950226,0.1656024676532468,0.15095308350823422,0.0,24.526178054770337,2.0
357.157062,969,165.036058,1.0,0.0,357.1570616987587,357.1570616987587,0.0,0.0,0.0,0.0,0.9921608588691618,969,20.03664614463945,0.38579455021203696,1.1729974767198585,0.6999008161841408,0.13155844435480235,0.1248916415853274,0.011741036316838614,0.9689678223742709,2.0
344.841209,723,171.426134,1.0,0.0,344.84120920002556,344.84120920002556,0.0,0.0,0.0,0.0,0.990388544892379,723,26.260561279267375,0.4064047148681204,1.2123344444780726,0.6737144910376184,0.11428019037550086,0.11027931886754755,0.04076116120274135,0.08146463299339297,2.0
269.253045,807,180.29428,0.0,1.0,269.2530449290098,269.2530449290098,0.0,0.0,0.0,1.0,0.7993167784456784,807,21.516623443082466,0.4465528255471993,1.7907943304483298,0.6726802389242466,0.11697095647325008,0.11156726215851795,0.007789282881109657,3.1924883285726464,2.0
145.746616,525,187.270512,0.0,1.0,145.74661572517323,145.74661572517323,0.0,0.0,0.0,1.0,0.44723854791495443,525,19.207895089491796,0.44729841805711046,1.690200881140719,0.6641401786179769,0.13472081797463553,0.1290689604622977,0.009122798546491133,2.6913769264271132,2.0
156.339727,452,191.096335,0.0,1.0,156.33972711709612,156.33972711709612,0.0,0.0,0.0,1.0,0.40994457431789205,452,20.064769949719324,0.4121333225435228,2.0,0.7239425576959564,0.1293490591038645,0.1199639022877786,0.019116417292719082,2.1105666854625147,2.0
300.283526,764,197.877824,1.0,0.0,300.2835261377963,300.2835261377963,0.0,0.0,0.0,0.0,0.9893258702235237,764,21.92249831314818,0.39544027547909527,1.290450284074993,0.6348854399417864,0.1413579810976358,0.1304452943552227,0.0,7.076484997207019,2.0
358.560023,1000,207.723415,0.0,0.0,358.56002261058825,358.56002261058825,0.0,0.0,0.0,0.0,0.8884501129579732,1000,24.371779308136187,0.5797976510190406,2.0,0.6496936229541898,0.1374206403493881,0.1348423854112625,0.006980523604276185,0.9435596832565627,2.0
301.798847,1000,218.27845,0.0,0.0,301.79884683689176,301.79884683689176,0.0,0.0,0.0,0.0,0.8163655294587973,1000,19.51678288085092,0.49508606930399096,1.8651416197079291,0.6739650440588594,0.13424989414215088,0.1342640300989151,0.0,6.316756163079112,2.0
228.945243,657,224.914283,0.0,1.0,228.94524321366694,228.94524321366694,0.0,0.0,0.0,1.0,0.7489102249001489,657,26.822793397805366,0.6798833669875943,2.0,0.6846712787311008,0.14000840419322208,0.12923926659370666,0.017665169923974714,2.529721717513413,2.0
281.910267,783,233.619272,1.0,0.0,281.9102667686392,281.9102667686392,0.0,0.0,0.0,0.0,0.9881351990250263,783,20.388371608789722,0.44899623702753666,1.3640590655324678,0.6745601360558855,0.13622431211544636,0.12470274942892569,0.017020637581325705,0.14675119392993297,2.0
21.715751,140,234.94674,0.0,1.0,21.715750640015273,21.715750640015273,0.0,0.0,0.0,1.0,0.12244753771915097,140,15.38072649295339,0.48087381380675337,2.0,0.702124305867723,0.15886386377470835,0.17654008993080683,0.0,nan,2.0
254.535722,783,244.268784,0.0,1.0,254.5357221988287,254.5357221988287,1.0,1.0,0.0,0.0,0.7410226463375935,783,22.839698318266144,0.5242368408068684,2.0,0.6625220765708202,0.14930021328944357,0.1365891784848229,0.014497366030446789,1.981246357976917,2.0
143.135403,451,252.080736,0.0,1.0,143.1354027068989,143.1354027068989,1.0,1.0,0.0,0.0,0.40959143775083784,451,21.2689765877875,0.5049611353806216,2.0,0.6856462864944517,0.12175408170915761,0.11431237823947306,0.039046020264800856,0.3607373475008397,2.0
127.063531,404,257.142673,0.0,1.0,127.06353107258465,127.06353107258465,0.0,0.0,0.0,1.0,0.2518668448569338,404,19.679636114383985,0.4556287252186448,1.9446233324907376,0.6481783193084273,0.1409753291028561,0.13717901972260807,0.002701543358968452,3.65434301263626,2.0
121.962773,547,262.267788,0.0,1.0,121.96277259090266,121.96277259090266,1.0,1.0,0.0,0.0,0.7053351797097842,547,25.47099123236678,0.842432189948551,2.0,0.6692005707056583,0.1423501107548883,0.1372021264524303,0.03148445550322168,0.20097084136741158,2.0
21.229791,130,263.477313,0.0,1.0,21.22979126129466,21.22979126129466,0.0,0.0,0.0,1.0,0.13321666882205987,130,21.853424717212338,0.6187530995365625,2.0,0.5266065300657199,0.12988955286832957,0.12957310539025527,0.0,nan,2.0
45.22011,204,265.868991,0.0,1.0,45.220110324234064,45.220110324234064,0.0,0.0,0.0,1.0,0.1829386074026823,204,16.82424090114215,0.41627704499171914,1.2717142943248345,0.688970106562563,0.10808238503979702,0.11379594253558739,0.0,7.419178044088045,2.0
135.668011,456,269.659578,0.0,1.0,135.66801124579763,135.66801124579763,0.0,0.0,0.0,1.0,0.45871729074691786,456,21.08306196403851,0.49520581968195576,1.4267564065181906,0.664144413153592,0.13548634135932253,0.12178392656016768,0.002832425741117516,4.3124116612290795,2.0
281.47094,749,278.142283,0.0,1.0,281.47093976249204,281.47093976249204,0.0,0.0,0.0,1.0,0.9734740618310026,749,27.21073637765486,0.47957047765420474,2.0,0.6572756434931297,0.11700276371952052,0.11318246592507662,0.011755249790296643,0.028037629469920024,2.0
87.321544,442,282.057872,0.0,1.0,87.32154368535635,87.32154368535635,1.0,1.0,0.0,0.0,0.3445709967780755,442,15.866466439646242,0.48102711934270753,0.9969367783317454,0.6748984663060348,0.18151786478396453,0.18380311873164112,0.0,6.63799648869859,2.0
335.068074,802,290.849644,1.0,0.0,335.06807443284356,335.06807443284356,0.0,0.0,0.0,0.0,0.9917162228007086,802,23.749804121121905,0.41375523841897194,1.2962514634679672,0.6404968785108102,0.10130698886000902,0.10436043730400447,0.0,9.091550017201486,2.0
297.753656,769,299.557161,1.0,0.0,297.753656233702,297.753656233702,0.0,0.0,0.0,0.0,0.9895377496821581,769,21.813356331686126,0.4245043960157101,0.9963403342275808,0.6479378384967929,0.13135280992026757,0.12173307732580853,0.0,7.812441645966341,2.0
249.438888,581,305.969846,0.0,1.0,249.43888761303282,249.43888761303282,0.0,0.0,0.0,1.0,0.8549361719561642,581,26.303675595139097,0.4698367965830046,2.0,0.6136322097657264,0.12836795265621245,0.12267172049327069,0.006602079188780479,1.6437836571178919,2.0
93.988354,325,310.925394,0.0,1.0,93.9883540827147,93.9883540827147,0.0,0.0,0.0,1.0,0.37869767592237596,325,24.8210749252326,0.6240245340569139,2.0,0.6236100030633119,0.09815989897801326,0.09638437711275541,0.0,8.121253420274792,2.0
187.875076,549,315.10633,0.0,1.0,187.87507604849455,187.87507604849455,0.0,0.0,0.0,1.0,0.6701953644925557,549,23.808293080673575,0.4715606359712864,2.0,0.652063501852892,0.12966075230165908,0.12644427493621743,0.0,7.002176459867307,2.0
84.764712,295,318.837788,0.0,1.0,84.76471173456929,84.76471173456929,1.0,1.0,0.0,0.0,0.24996834379900756,295,19.903432428589753,0.469531135774642,1.820784719875032,0.6272884411011207,0.12608946460788534,0.11660950507147838,0.04743734187076884,0.06697525025407183,2.0
293.684624,641,326.588752,0.0,1.0,293.68462436790156,293.68462436790156,0.0,0.0,0.0,1.0,0.9395119979563934,641,30.494434869730163,0.4543128292693541,2.0,0.6403747265766173,0.1045185153644282,0.09694317722469335,0.004714077185487101,2.5018252628243323,2.0
149.045113,464,332.080423,0.0,1.0,149.04511283198946,149.04511283198946,0.0,0.0,0.0,1.0,0.7270394434415434,464,22.3161118302285,0.478809995106499,2.0,0.5957212296057621,0.08148826633034081,0.07746325510329213,0.011311370581652326,0.8672007760676085,2.0
183.060995,417,337.25226,0.0,1.0,183.06099539868612,183.06099539868612,1.0,1.0,0.0,0.0,0.49577382731872466,417,25.782575195772637,0.36859605522162137,1.1970934781853733,0.6083050602846009,0.11151576642509844,0.1102687191906021,0.027138424198024133,2.8480858092525425,2.0
331.544443,675,343.824549,1.0,0.0,331.5444425651777,331.5444425651777,0.0,0.0,0.0,0.0,0.9901514250381348,675,23.937893868722668,0.31768619559518285,0.9901428760055153,0.6806509960415187,0.08617643956784848,0.08376673521818938,0.0,7.16188978955458,2.0
157.43615,481,349.362579,0.0,1.0,157.43614982856684,157.43614982856684,0.0,0.0,0.0,1.0,0.6471818821096142,481,26.17725767498023,0.4883915776822421,1.2433493149737918,0.6231042456168395,0.06348586231160312,0.0640486124399546,0.0,nan,2.0
345.294188,900,358.946323,1.0,0.0,345.2941883891626,345.2941883891626,0.0,0.0,0.0,0.0,0.9919282930443631,900,25.23762159696136,0.5618664802834848,1.9883310121269049,0.6580521138757467,0.09235515515009562,0.08721433414353265,0.02826311833893305,0.06967761396864874,2.0
267.419384,533,364.853995,0.0,1.0,267.41938442369275,267.41938442369275,1.0,1.0,0.0,0.0,0.7140891296240987,533,29.23444180037263,0.3748031939964919,1.0663207378383417,0.622317654016038,0.070697886970656,0.07462362724218315,0.03434880622210749,1.295064379639793,2.0
23.893866,130,366.612638,0.0,1.0,23.893865662085894,23.893865662085894,0.0,0.0,0.0,1.0,0.12197155131725908,130,18.666754416911456,0.4842665840753332,1.4039396059927263,0.6979108728468418,0.14499426438258245,0.12891493393824652,0.0,nan,2.0
220.723622,425,371.270762,0.0,1.0,220.72362215255873,220.72362215255873,1.0,1.0,0.0,0.0,0.7668665181754022,425,32.703349280148394,0.5127030169109197,2.0,0.5993805129387799,0.09922518744188197,0.09375767034642836,0.06594179524500422,1.3934154715332654,2.0
55.014164,258,373.781881,0.0,1.0,55.014164352785414,55.014164352785414,0.0,0.0,0.0,1.0,0.3651592331159251,258,21.721888848229877,0.5363366805135832,2.0,0.6036847113061321,0.060465866743132125,0.06779319047927856,0.021773475814772923,1.001867129738147,2.0
159.845422,350,377.372281,0.0,1.0,159.84542199633023,159.84542199633023,1.0,1.0,0.0,0.0,0.5701983472899492,350,23.79098699520377,0.2865437557027802,0.9993718933931398,0.6168430962307112,0.07382718188422067,0.06975605998720441,0.02956027718585263,0.37871723195316387,2.0
160.374726,414,383.324392,0.0,1.0,160.3747256519775,160.3747256519775,0.0,0.0,0.0,1.0,0.47912171584267615,414,24.314968075075832,0.3976316262880633,2.0,0.6216973294526482,0.0530662735303243,0.05422174757805424,0.018376395219990856,3.4054204618998773,2.0
126.893455,347,386.6022,0.0,1.0,126.893454620803,126.893454620803,0.0,0.0,0.0,1.0,0.396635672583192,347,26.347839193012263,0.45334738285221865,2.0,0.6468426229952907,0.07038915088609592,0.06866979152393615,0.01873986097897445,2.0020301180662146,2.0
272.908727,810,396.246116,0.0,1.0,272.9087265861733,272.9087265861733,0.0,0.0,0.0,1.0,0.8350311149145859,810,23.45865076525909,0.5262304401032838,2.0,0.6222158572142139,0.09393411256648876,0.09172489863854867,0.0360247368012755,0.5261021778111122,2.0
354.120045,861,405.412136,1.0,0.0,354.1200446471981,354.1200446471981,0.0,0.0,0.0,0.0,0.9917913396726222,861,25.164732941015053,0.46463225171343364,2.0,0.631366276959959,0.10691929625024918,0.1023133525172731,0.011192732429482788,0.670922541684759,2.0
204.836349,534,416.19691,0.0,1.0,204.836349349192,204.836349349192,1.0,1.0,0.0,0.0,0.860927489870436,534,26.198641562162265,0.4837035377684572,1.8036829936999674,0.6126781863610397,0.10226627012317101,0.09958046697052231,0.035380140982875036,0.25758742968977455,2.0
245.718772,570,430.421324,1.0,0.0,245.71877190874798,245.71877190874798,0.0,0.0,0.0,0.0,0.9865164254860087,570,25.217743053031196,0.4589897063274292,1.8964168167351145,0.6116991882457545,0.10332541183421487,0.10181969655187506,0.003128167911548952,2.355761146745773,2.0
165.567533,593,442.947807,0.0,1.0,165.56753310106177,165.56753310106177,0.0,0.0,0.0,1.0,0.5878800324030733,593,20.367028556830018,0.5339411233474329,2.0,0.6092023637277681,0.13647201973913492,0.12693857985845505,0.0017187176139356474,4.926802736350391,2.0
334.079786,710,456.001899,1.0,0.0,334.0797859906848,334.0797859906848,0.0,0.0,0.0,0.0,0.9916931276516064,710,27.097046915471076,0.4119253866529383,1.0411165128827093,0.6304205084875436,0.09531326948756903,0.09097266230784672,0.0132362864110734,0.40370474415061625,2.0
236.921095,608,469.454644,0.0,1.0,236.92109469382652,236.92109469382652,1.0,1.0,0.0,0.0,0.8441593497364053,608,28.097788033254435,0.49782390871511484,2.0,0.6218528804663372,0.10696191340684891,0.09453189020094119,0.03380723034575001,1.1875866877606027,2.0
49.133451,271,475.493633,0.0,1.0,49.133451291886956,49.133451291886956,0.0,0.0,0.0,1.0,0.24194313686176627,271,19.868281782335753,0.6639395695391092,2.0,0.609710854000491,0.1287890116227069,0.12438296347966493,0.0,nan,2.0
260.199922,613,489.621012,0.0,1.0,260.1999222441138,260.1999222441138,1.0,1.0,0.0,0.0,0.8878689849690109,613,25.17903131596635,0.39294593354964563,0.993970266341106,0.5977418174386803,0.10031728157211478,0.1025035394929945,0.020110553996923797,0.41142869078079697,2.0
102.787769,339,495.746156,0.0,1.0,102.78776893308584,102.78776893308584,0.0,0.0,0.0,1.0,0.5758985187241352,339,23.009358889152846,0.47862815054837515,1.8058796999772886,0.5149742342465746,0.07459587333476649,0.06705430791792968,0.04428735821063742,0.4136663451893108,2.0
220.979922,448,507.385382,0.0,1.0,220.97992246281345,220.97992246281345,1.0,1.0,0.0,0.0,0.4789352157927745,448,29.686444962246952,0.37885905762900224,0.9929174629986597,0.5829301559964993,0.08329680375754833,0.08457348921469279,0.03630519036984698,1.587805805351236,2.0
330.77312,813,523.866243,0.0,1.0,330.7731197131772,330.7731197131772,1.0,1.0,0.0,0.0,0.8324867394504402,813,26.01185901197338,0.463239829058302,2.0,0.6255359344738839,0.12542275873644032,0.12273672710632193,0.05232525480829277,0.06424618621595342,2.0
118.415391,274,531.362862,0.0,1.0,118.41539110561129,118.41539110561129,1.0,1.0,0.0,0.0,0.36637192960270304,274,26.04557152065544,0.35262160174792256,0.9884566908947504,0.6238324980312673,0.06035518341690955,0.0649198576481673,0.07314591699885788,0.6631586213670743,2.0
385.438146,883,553.720243,0.0,1.0,385.4381463294978,385.4381463294978,1.0,1.0,0.0,0.0,0.9486555988011958,883,27.720071188766795,0.4720804886533531,1.8939806371531906,0.6030269722166309,0.12741557320544025,0.1176273757982092,0.045603148462618925,0.07983733813110556,2.0
138.252661,394,560.906439,0.0,1.0,138.25266099680331,138.25266099680331,0.0,0.0,0.0,1.0,0.45607423923518947,394,21.39819121813426,0.39528411613801057,1.8980886470667713,0.5561492336053534,0.16584521728723786,0.14531889391429534,0.008981932189620408,2.8609590217670924,2.0
269.652362,499,570.911294,0.0,1.0,269.6523623740054,269.6523623740054,1.0,1.0,0.0,0.0,0.581821995433972,499,30.046403806423772,0.36015943094713315,1.1638392863356388,0.5758756119496597,0.08711925346053435,0.08187618953192641,0.03586769092015647,0.5296448693655097,2.0
295.599918,653,589.204761,0.0,1.0,295.5999184849874,295.5999184849874,1.0,1.0,0.0,0.0,0.6141336847638608,653,24.062218327751896,0.32655286963182695,1.6037499040041723,0.5897383684517779,0.15111009651084772,0.1414208506186925,0.0387685520469021,1.1552498008442185,2.0
319.67063,662,603.262444,1.0,0.0,319.6706297686913,319.6706297686913,0.0,0.0,0.0,0.0,0.9910925623027488,662,25.12896549870638,0.3889631931451884,1.5406474620561874,0.6384083535029832,0.13132573011418483,0.13164700806320975,0.016020480570825203,1.1228429047474837,2.0
229.628087,671,616.988136,0.0,1.0,229.62808677193797,229.62808677193797,0.0,0.0,0.0,1.0,0.9617802714221789,671,25.869454429842527,0.49625716851711066,2.0,0.6036498385596737,0.1505711934960901,0.14847305759054716,0.008554735147148149,1.9098909105058197,2.0
136.884349,296,623.970203,0.0,1.0,136.88434915913155,136.88434915913155,1.0,1.0,0.0,0.0,0.5743859998211484,296,28.468419387533153,0.3853592055222461,1.3688168152323152,0.6010772776034837,0.08490253461373819,0.08302116232949334,0.026634991316709714,0.396212110639656,2.0
238.708981,495,634.561766,0.0,1.0,238.70898090180134,238.70898090180134,0.0,0.0,0.0,1.0,0.757374365654603,495,32.79523393927381,0.45337162866792885,2.0,0.583652058454475,0.09396119454894403,0.09144668506853508,0.0,7.09292915274727,2.0
39.670346,206,639.217996,0.0,1.0,39.670346061741604,39.670346061741604,0.0,0.0,0.0,1.0,0.21450298750559216,206,22.997531111628447,0.643950937110475,2.0,0.5653042428882666,0.14479403848786956,0.14304618754433196,0.0,6.189130431753819,2.0
156.135129,342,648.06085,0.0,1.0,156.1351286079656,156.1351286079656,1.0,1.0,0.0,0.0,0.5251175807217046,342,28.05887756928387,0.3861381045932772,0.9964198378980363,0.6452813068328546,0.09577790652102197,0.09199134752764339,0.0404290632620256,1.3697530458510743,2.0
122.045171,314,654.694875,0.0,1.0,122.04517095372404,122.04517095372404,1.0,1.0,0.0,0.0,0.4644769346434481,314,29.110817257685333,0.5055621139621455,1.086017988928572,0.6092898447754657,0.10439380718644257,0.10270830020783053,0.16857582678179078,0.06680234761672438,2.0
299.418163,534,665.231753,0.0,1.0,299.4181634938538,299.4181634938538,1.0,1.0,0.0,0.0,0.9610525978388439,534,34.07143884292458,0.37167580018693747,1.3094875492533193,0.5976889190100105,0.11162012592237094,0.1018086535653818,0.028342377951936545,1.5182262471903034,2.0
98.770679,273,672.978783,0.0,1.0,98.77067867631752,98.77067867631752,0.0,0.0,0.0,1.0,0.3477212013553286,273,23.527278316749616,0.356289764014129,1.1151798077128754,0.560908301327473,0.14048956951378902,0.11708052167088995,0.0,40.499555640093064,2.0
153.188599,318,679.7265,0.0,1.0,153.18859918469636,153.18859918469636,1.0,1.0,0.0,0.0,0.3976332603489281,318,29.351953186173485,0.3590556142264371,1.0179299745458512,0.6132947835579233,0.12878019123707177,0.13162900985411877,0.07061631545709983,2.5698120504452744,2.0
396.258617,787,696.951102,0.0,1.0,396.2586173475363,396.2586173475363,0.0,0.0,0.0,1.0,0.9374787112263199,787,27.700002953118986,0.3407165995232462,1.137733389845921,0.5490676092298694,0.13289999318092569,0.11971146390883411,0.005615677282988024,3.7734116137572484,2.0
125.814227,305,704.244917,0.0,1.0,125.81422729882246,125.81422729882246,1.0,1.0,0.0,0.0,0.3970052807017729,305,30.78670145511334,0.5312159872987577,2.0,0.6034113496053414,0.05841875740739166,0.061331434718898084,0.1404296272187886,0.06660200107806122,2.0
88.369037,195,708.144733,0.0,1.0,88.36903689531336,88.36903689531336,1.0,1.0,0.0,0.0,0.2672195142467738,195,25.972741584630516,0.32465495392873767,0.9658923404276555,0.6499542175959319,0.04130329046493922,0.048651341291574335,0.1097328972171239,2.4150262430083087,2.0
292.745493,594,722.716053,1.0,0.0,292.745493426502,292.745493426502,0.0,0.0,0.0,0.0,0.9820415667783937,594,28.75361298679039,0.4190280911876581,1.3534438209336224,0.589978037734425,0.09118869710048842,0.08749793073545,0.012996247846243522,2.5860700244311174,2.0
117.842595,353,732.766358,0.0,1.0,117.84259533781317,117.84259533781317,1.0,1.0,0.0,0.0,0.5912670073880981,353,30.717347679239754,0.542903375081056,2.0,0.6069131007486632,0.09094132934683781,0.08823669564622658,0.05229143596886083,0.03949709084327867,2.0
119.997916,270,738.874655,0.0,1.0,119.99791602281141,119.99791602281141,0.0,0.0,0.0,1.0,0.3976331603385438,270,28.609599545905603,0.35663553293001266,1.0743576384732128,0.646700272847105,0.05928322032645897,0.06408816487700851,0.0009138828516570924,5.645427847677105,2.0
102.321696,206,745.134495,0.0,1.0,102.3216960423838,102.3216960423838,0.0,0.0,0.0,1.0,0.3182724637087914,206,31.39449707961187,0.3566897740166359,2.0,0.5883426753786004,0.06170539890678184,0.06329625960692618,0.0,7.202214827404315,2.0
83.167013,299,753.027565,0.0,1.0,83.16701250785061,83.16701250785061,0.0,0.0,0.0,1.0,0.5464397536016432,299,29.136557720625273,0.5953647097988727,2.0,0.5430502079701344,0.08045041242172088,0.08623467081765267,0.0,6.377211521938862,1.0
189.187497,434,760.038442,0.0,1.0,189.18749717404845,189.18749717404845,0.0,0.0,0.0,1.0,0.7993493072414886,434,25.0748996417641,0.3493464656616885,1.4029490233272124,0.6701711583110045,0.06206811078682473,0.06427258253097534,0.0,nan,1.0
119.892031,302,766.191221,0.0,1.0,119.89203112417613,119.89203112417613,0.0,0.0,0.0,1.0,0.8632086039339018,302,25.58797296073062,0.37770274834984635,1.8240735610241385,0.5853032143601519,0.04524084787495089,0.04754889524535628,0.0,nan,1.0
120.135583,250,770.257454,0.0,1.0,120.13558281378693,120.13558281378693,0.0,0.0,0.0,1.0,0.4900813614917737,250,29.706212342091767,0.4078627885913015,1.4902208051737256,0.5493205277323723,0.05971911668777466,0.057255001544952396,0.0,nan,1.0
49.039653,255,774.362988,0.0,1.0,49.03965301491696,49.03965301491696,0.0,0.0,0.0,1.0,0.3643938532692481,255,25.291177918451712,0.5712681607660383,1.7068425429144514,0.5733928332433981,0.08737599615957223,0.08792730125726438,0.0,nan,1.0
42.560129,120,776.317966,0.0,1.0,42.560129062360716,42.560129062360716,0.0,0.0,0.0,1.0,0.24343519919287235,120,24.100317180816717,0.3088797452259192,1.1220878611389407,0.5983997113226602,0.026905196905136108,0.03523853023846944,0.0,nan,1.0
175.32927,354,782.982351,0.0,1.0,175.32927048049572,175.32927048049572,1.0,1.0,0.0,0.0,0.9500739675826705,354,31.719760541105952,0.4012051957361548,0.9998131888052172,0.6148835462702196,0.07373906360507684,0.07173432872793768,0.04200920197376691,0.5952691245132858,1.0
120.330449,246,786.93661,0.0,1.0,120.33044860648369,120.33044860648369,1.0,1.0,0.0,0.0,0.5586192132023245,246,27.33112097078834,0.28974570174203035,0.8532503366771232,0.5984232557740637,0.08895522307574265,0.08765519586035876,0.06190074173663608,1.2568441655084008,1.0
117.337222,281,791.536336,0.0,1.0,117.3372215258336,117.3372215258336,0.0,0.0,0.0,1.0,0.8370000657076063,281,24.87744992638307,0.2774950893618999,1.0342046226994586,0.6168145752939466,0.028234995132663497,0.033135499818469284,0.0,nan,1.0
88.085607,221,794.361041,0.0,1.0,88.08560683337825,88.08560683337825,0.0,0.0,0.0,1.0,0.6278709191997706,221,28.4969633360668,0.4775416372276946,1.090745029070935,0.6047791742900918,0.04478112011473643,0.04930600699256448,0.0,nan,1.0
241.620751,416,802.298388,1.0,0.0,241.6207512442412,241.6207512442412,0.0,0.0,0.0,0.0,0.9801727416811996,416,26.54378463063557,0.2899190457867575,0.8838910171033503,0.5792542734774403,0.061364322900772095,0.0621394500709497,0.0,nan,1.0
245.643466,399,808.853466,1.0,0.0,245.6434657761896,245.6434657761896,0.0,0.0,0.0,0.0,0.9885930098881915,399,34.478829900942785,0.428656867199492,1.7761541079340588,0.5918143264071685,0.04730709274311114,0.04686263689122403,0.0,nan,1.0
159.051126,389,816.438704,0.0,1.0,159.05112563999384,159.05112563999384,0.0,0.0,0.0,1.0,0.8973037298170582,389,32.224742537660525,0.49383026844119,1.1092109258041951,0.5732092215155268,0.06769017204833827,0.07032691543696779,0.0003625784411925146,5.584046664674014,1.0
139.806173,274,820.476096,0.0,1.0,139.80617285251265,139.80617285251265,0.0,0.0,0.0,1.0,0.8272008130736559,274,28.911785265631323,0.30630849821207007,1.0378120430118682,0.5617873198522704,0.07494915271327443,0.07024099574471912,0.0,nan,1.0
119.14445,260,824.303249,0.0,1.0,119.14444987475207,119.14444987475207,0.0,0.0,0.0,1.0,0.5901640557748052,260,31.25472967304426,0.47336424042490755,1.1221529997403656,0.5688328332625903,0.051160476757929875,0.05428797465104323,0.0023788753543204444,5.003688582096355,1.0
277.568323,421,833.233613,1.0,0.0,277.5683226335058,277.5683226335058,0.0,0.0,0.0,0.0,0.9905760220774164,421,33.97177797194644,0.3676008843051753,1.0350830247434726,0.553472141277337,0.07353137422910495,0.07556700564903204,0.0,28.87130556783253,1.0
18.468748,130,835.279094,0.0,1.0,18.468748098736025,18.468748098736025,0.0,0.0,0.0,1.0,0.2791001767076564,130,20.641912001194545,0.5105492328099146,1.0549810660448888,0.6064183656985943,0.08621824521284838,0.09742611921750582,0.0,nan,1.0
55.618878,180,838.022501,0.0,1.0,55.61887789448794,55.61887789448794,0.0,0.0,0.0,1.0,0.3791390972961484,180,28.49678366617241,0.4532220692759618,1.9351329909047013,0.5336163138763772,0.10309800174501207,0.10514649550120035,0.0,nan,1.0
5.053349,96,840.034164,0.0,1.0,5.053349000376171,5.053349000376171,0.0,0.0,0.0,1.0,0.11622805737541131,96,16.571239023688847,0.5675072453077906,1.0775707168929087,0.6375141177171221,0.06426121791203816,0.06921060010790825,0.0,nan,1.0
87.914214,525,848.334322,0.0,1.0,87.9142141298988,87.9142141298988,0.0,0.0,0.0,1.0,0.823786532290919,525,27.33374423990669,0.8179281682450615,2.0,0.6021209478945959,0.08302807762509301,0.0780159346262614,0.0,10.28457652343573,1.0
224.323896,384,856.231391,0.0,1.0,224.32389629710752,224.32389629710752,0.0,0.0,0.0,1.0,0.8003215725616462,384,32.76529511602797,0.33402205546008035,1.3375289994742632,0.594116067145175,0.07661275782932837,0.07879399880766869,0.0045193021957908265,4.174174160400622,1.0
1.36035,84,857.729626,0.0,1.0,1.3603499635317693,1.3603499635317693,0.0,0.0,0.0,1.0,0.07036084687971597,84,13.695432118847014,0.42372701343754615,1.0477600051139018,0.6527489038805167,0.09353549707503546,0.08164704129809425,0.0,70.17190991322633,1.0
9.439612,92,859.136353,0.0,1.0,9.439612442336685,9.439612442336685,0.0,0.0,0.0,1.0,0.13558001998150854,92,19.552641288300432,0.5216238530785506,1.045672159593911,0.5819085400713526,0.060843737229056984,0.07294309657552968,0.0,nan,1.0
44.108832,135,861.799319,0.0,1.0,44.10883237677965,44.10883237677965,0.0,0.0,0.0,1.0,0.2826084784295804,135,22.123166672814783,0.2785466904580447,1.413718151735899,0.6062207253442871,0.06913566854265,0.07200014061397976,0.0,nan,1.0
73.562063,221,865.214838,0.0,1.0,73.56206286887358,73.56206286887358,0.0,0.0,0.0,1.0,0.3243593808202912,221,20.68806632244237,0.307608115760328,1.061031686019773,0.6464199851945515,0.036472296822664424,0.038777917758372034,0.0,nan,1.0
45.286017,252,871.680957,0.0,1.0,45.28601694333749,45.28601694333749,0.0,0.0,0.0,1.0,0.5181939832542596,252,22.032689959285612,0.601365124420105,1.723715269194832,0.5881542882453354,0.07807751212801252,0.07577052996272132,0.0,nan,1.0
116.667705,244,875.509152,0.0,1.0,116.66770465694941,116.66770465694941,0.0,0.0,0.0,1.0,0.5177402696835648,244,29.81094879094286,0.3322017923986874,1.2062348366805125,0.5965624251021225,0.05699466291021128,0.061093023565948985,0.0,nan,1.0
3.12814,94,877.446086,0.0,1.0,3.1281397929671666,3.1281397929671666,0.0,0.0,0.0,1.0,0.1813924197329741,94,18.084509964774053,0.6271391259968031,1.0911930678866901,0.6503551827466234,0.04490117823823969,0.05553947611058012,0.0,nan,1.0
42.273516,128,879.534683,0.0,1.0,42.27351571925426,42.27351571925426,0.0,0.0,0.0,1.0,0.23255004752280578,128,25.007663754704218,0.3749764959339691,1.0472554049873026,0.5443429050501436,0.035927643068134785,0.043104562908411026,0.0,nan,1.0
57.751543,178,882.405498,0.0,1.0,57.75154332542087,57.75154332542087,0.0,0.0,0.0,1.0,0.2825321562298028,178,25.900759499532867,0.47818546544582574,1.0530449498211396,0.5035741466275426,0.0462972903519534,0.05191526788004329,0.0,nan,0.0
56.913343,122,884.005795,1.0,0.0,56.91334313939117,56.91334313939117,0.0,0.0,0.0,0.0,0.9517731184163961,122,24.7310108806115,0.5014007431797519,0.9884204248651194,0.5393278623824237,0.05635288308878414,0.05507902825464968,0.0,nan,0.0
35.955236,143,885.603911,0.0,1.0,35.955235609574885,35.955235609574885,0.0,0.0,0.0,1.0,0.9590300435378505,143,22.83318122193482,0.41242293802306607,1.0552258432743225,0.5945135785357936,0.029180180776369323,0.03626245802099055,0.0,nan,0.0
67.274387,132,888.620164,1.0,0.0,67.27438744372938,67.27438744372938,0.0,0.0,0.0,0.0,0.9464795190095396,132,22.789984730579754,0.3909178929280752,0.9720331927721158,0.5841095046789357,0.028811855749650436,0.03467602802045418,0.0,nan,0.0
106.368888,153,890.264889,1.0,0.0,106.3688884077642,106.3688884077642,0.0,0.0,0.0,0.0,0.9681541108824308,153,28.31743224346461,0.2266503161477746,0.9068333684084002,0.5753508796489316,0.023043513298034668,0.02957946101045297,0.0,nan,0.0
106.522275,171,892.121818,1.0,0.0,106.52227496841873,106.52227496841873,0.0,0.0,0.0,0.0,0.9682272517185471,171,25.995543546151257,0.34317297443521183,0.9874485609091331,0.6004404212996276,0.025461403249997145,0.03130935646637141,0.0,nan,0.0
97.842296,147,893.742892,1.0,0.0,97.84229557648362,97.84229557648362,0.0,0.0,0.0,0.0,0.9522679721149984,147,23.319623019351152,0.16996016552146523,0.766027851077129,0.6470299734144794,0.06339255482161125,0.06761613670660525,0.0,nan,0.0
11.972719,78,894.699292,0.0,1.0,11.972718832722482,11.972718832722482,0.0,0.0,0.0,1.0,0.3374303679089121,78,14.101788979471204,0.18464672271510457,1.0658706217228295,0.6846528309277999,0.06006778814853766,0.06496774538969383,0.0,nan,0.0
90.122871,153,896.358881,1.0,0.0,90.12287080424066,90.12287080424066,0.0,0.0,0.0,0.0,0.9599002140057926,153,25.005608519359438,0.26035888383381456,0.9086773036116904,0.5764552160026202,0.061860375934176974,0.06839632364659527,0.0,nan,0.0
70.684494,139,898.09476,1.0,0.0,70.68449398342615,70.68449398342615,0.0,0.0,0.0,0.0,0.9586402143351124,139,23.773995589346583,0.4987610695131451,0.9876523276879505,0.6747043424909064,0.03864009088749508,0.04585036442434187,0.0,nan,1.0
26.507049,95,899.488191,0.0,1.0,26.507048573757423,26.507048573757423,0.0,0.0,0.0,1.0,0.20743127847390336,95,17.951903878528878,0.17198847633423928,1.028356167259714,0.5401837356780704,0.04954134790520919,0.06086776382044742,0.0,nan,1.0
-4.036971,66,903.189041,0.0,1.0,-4.036971389157999,-4.036971389157999,0.0,0.0,0.0,1.0,0.02613169484060248,66,14.783368382819592,0.5145784064780418,2.0,0.40424738214774564,0.04767488530187896,0.0628264004533941,0.0,nan,1.0
-8.179674,46,904.509981,0.0,1.0,-8.179673718392772,-8.179673718392772,0.0,0.0,0.0,1.0,0.021341359549216333,46,13.444330477816475,0.43321466175738665,0.9915762298683831,0.0961053552834884,0.1048261082690695,0.1265652387038521,0.0,nan,1.0
-8.299081,37,905.698857,0.0,1.0,-8.299081145692798,-8.299081145692798,0.0,0.0,0.0,1.0,0.03240855499708193,37,12.634452543791317,1.1274469070275241,2.0,0.32541858374669747,0.049138020824741675,0.05635298587180473,0.0,nan,1.0
-8.597765,33,906.719797,0.0,1.0,-8.597764519073742,-8.597764519073742,0.0,0.0,0.0,1.0,0.025461434950629573,33,11.082820313891153,1.1213071426316672,2.0,0.3099073907642653,0.06248091206406102,0.09565316547047008,0.0,nan,1.0
-8.237057,43,907.919697,0.0,1.0,-8.237056506676392,-8.237056506676392,0.0,0.0,0.0,1.0,0.03090976569898674,43,13.00122769978581,0.39852734272838375,0.9899639482463983,0.06369307983753293,0.08132703359736952,0.1045828475508579,0.0,nan,1.0
-8.286761,41,909.22828,0.0,1.0,-8.286760550978968,-8.286760550978968,0.0,0.0,0.0,1.0,0.03248061704945585,41,14.123959109012171,1.2959294685033962,2.0,0.42690031012383906,0.05224758822743485,0.07663783212987388,0.0,nan,1.0
-8.178812,36,910.508282,0.0,1.0,-8.178811828436952,-8.178811828436952,0.0,0.0,0.0,1.0,0.023203784214164518,36,13.168622110350102,0.8611818768089421,2.0,0.24867365426487392,0.031929989655812584,0.05798927280637953,0.0,nan,1.0
-8.035019,47,911.992434,0.0,1.0,-8.035019368640757,-8.035019368640757,0.0,0.0,0.0,1.0,0.02267691778896731,47,12.583732820081858,0.4901306886839282,0.9941634025281642,0.07285521005062347,0.1117868093734092,0.12765031926175383,0.0,45.90882866066395,0.0
-8.212762,42,912.748062,0.0,1.0,-8.212761874565468,-8.212761874565468,0.0,0.0,0.0,1.0,0.06771351217061701,42,13.613738086385354,0.35755100527236283,0.9474750049839114,0.09631543783914476,0.04453075783593314,0.06200614713487171,0.0,nan,0.0
-8.381083,36,913.404474,0.0,1.0,-8.381083231379243,-8.381083231379243,0.0,0.0,0.0,1.0,0.08770248475795404,36,11.822040100666674,1.1631116950296092,2.0,0.3750364962551329,0.14826803074942696,0.1406140791045295,0.0,nan,0.0
-10.666138,42,914.186058,0.0,1.0,-10.666137700093808,-10.666137700093808,0.0,0.0,0.0,1.0,0.0803013366335298,42,13.400115224015543,0.4608513452288403,0.9550436821522432,0.02786126590910412,0.06180957385471889,0.0856190976642427,0.0,nan,0.0
-7.952299,47,914.995562,0.0,1.0,-7.952299156181226,-7.952299156181226,0.0,0.0,0.0,1.0,0.06786193145023835,47,13.758577128708808,0.5010200437713658,0.9943424880360985,0.16390155731363498,0.10525525884425387,0.10939509817894469,0.0,nan,0.0
-8.12651,43,915.724403,0.0,1.0,-8.12651019237929,-8.12651019237929,0.0,0.0,0.0,1.0,0.07730187405915359,43,13.12681310972746,0.8426358485809665,2.0,0.14622934474501498,0.041944076848584554,0.06519989080207292,0.0,nan,0.0
-8.31469,37,916.370968,0.0,1.0,-8.314690295447278,-8.314690295447278,0.0,0.0,0.0,1.0,0.06863819822609012,37,11.601199640804927,1.1238006072772833,2.0,0.3020436159662298,0.20993620962709994,0.14957967320004026,0.0,nan,0.0
-7.948716,44,917.107436,0.0,1.0,-7.948716318087222,-7.948716318087222,0.0,0.0,0.0,1.0,0.08010520948130687,44,13.111391505694154,0.9875935907251463,2.0,0.0663897070017728,0.16921586340123956,0.12557048147374933,0.0,nan,0.0
-8.488084,33,917.644222,0.0,1.0,-8.488083891161388,-8.488083891161388,0.0,0.0,0.0,1.0,0.07395493666428916,33,12.66186137317761,0.9512216014629642,2.0,0.23670568159132294,0.08417524352218166,0.08306077032378226,0.0,nan,0.0
-8.114584,41,918.273687,0.0,1.0,-8.114584182098003,-8.114584182098003,0.0,0.0,0.0,1.0,0.06773414969064684,41,14.267421976089915,0.4484436178179601,0.9666096780241148,0.08685267843851228,0.041740682066940676,0.06613092596937971,0.0,nan,0.0
-8.677139,33,918.822738,0.0,1.0,-8.677138963056501,-8.677138963056501,0.0,0.0,0.0,1.0,0.07369388626837096,33,10.884560120674614,1.1285964782792919,2.0,0.29326792828964465,0.17899271936127634,0.20272378488020462,0.0,nan,0.0
-8.479846,40,919.421779,0.0,1.0,-8.479845934375149,-8.479845934375149,0.0,0.0,0.0,1.0,0.08748099823335304,40,12.365815343777633,1.3076100265118804,2.0,0.4137586051598191,0.10690730512142181,0.1277083247900009,0.0,nan,0.0
-8.430414,36,920.047519,0.0,1.0,-8.43041418179215,-8.43041418179215,0.0,0.0,0.0,1.0,0.08151703434728416,36,11.78176057699519,1.1480458889323613,2.0,0.2244133920305305,0.16768566105100843,0.21347335974375406,0.0,nan,0.0
-8.015334,42,920.748413,0.0,1.0,-8.015333771270427,-8.015333771270427,0.0,0.0,0.0,1.0,0.06088926968742284,42,13.785217344579094,0.5108929141219738,0.9973546961992008,0.08500025102070399,0.05729948906671433,0.08110901287623815,0.0,nan,0.0
-8.488179,33,921.351381,0.0,1.0,-8.488178765905955,-8.488178765905955,0.0,0.0,0.0,1.0,0.08523559760482569,33,12.681749890378567,1.1309522862945465,2.0,0.2613219731684887,0.12307660507433342,0.15337963537736374,0.0,nan,0.0
-11.0057,44,922.099589,0.0,1.0,-11.005700011306152,-11.005700011306152,0.0,0.0,0.0,1.0,0.06509650625642918,44,12.975602842217763,0.44713150298392706,0.9554391951567112,0.030414383519779552,0.10626597837968306,0.12899325110695578,0.0,nan,0.0
-8.374775,40,922.76603,0.0,1.0,-8.374775410219538,-8.374775410219538,0.0,0.0,0.0,1.0,0.10829667149630424,40,13.200155436552723,1.3017846962314525,2.0,0.36130486726760863,0.13991637229919435,0.15262798368930816,0.0,nan,0.0
-8.113386,43,923.55355,0.0,1.0,-8.113386186978152,-8.113386186978152,0.0,0.0,0.0,1.0,0.05870147175858562,43,13.89417628567219,0.9815449993299762,2.0,0.13065614811209744,0.0723293991976006,0.09558521315108898,0.0,nan,0.0
-8.462306,33,925.641021,0.0,1.0,-8.462306028186628,-8.462306028186628,0.0,0.0,0.0,1.0,0.07409291667046791,33,12.972126994221451,1.1263829925758617,2.0,0.25049597476467944,0.08963413310773445,0.11863475315498584,0.0,nan,0.0
-9.138288,43,926.27585,0.0,1.0,-9.13828816760568,-9.13828816760568,0.0,0.0,0.0,1.0,0.06531813248458693,43,13.44865858740802,0.4714787093502618,0.9472630176652852,0.11075293740560842,0.05598972564519838,0.07924553959868676,0.0,nan,0.0
-8.025401,44,926.903233,0.0,1.0,-8.025400625616744,-8.025400625616744,0.0,0.0,0.0,1.0,0.06310376041581384,44,13.942059022356885,0.8419978811051142,2.0,0.13566938042640686,0.07719960266893561,0.10068189014088023,0.0,nan,0.0
-8.005333,44,927.737688,0.0,1.0,-8.005332821264105,-8.005332821264105,0.0,0.0,0.0,1.0,0.06129044359759271,44,13.194194619726686,0.5156879877033254,0.9872429928970267,0.12636914578351108,0.08527393232692372,0.10800120505419644,0.0,nan,0.0
-8.015395,46,928.500161,0.0,1.0,-8.015394674654509,-8.015394674654509,0.0,0.0,0.0,1.0,0.060420031320194294,46,12.983062264578564,0.4203132013032281,0.9562128464563491,0.11996751764546269,0.09194970649221669,0.11476628935855368,0.0,nan,0.0
-8.060928,43,929.203637,0.0,1.0,-8.060928150753188,-8.060928150753188,0.0,0.0,0.0,1.0,0.07921919199365439,43,13.709085518932712,0.7312660603152009,2.0,0.1756639231083005,0.04702035770859829,0.07027617166208666,0.0,nan,0.0
-7.955862,45,929.900705,0.0,1.0,-7.955861672446282,-7.955861672446282,0.0,0.0,0.0,1.0,0.06636235806828217,45,13.353553687418023,0.7098804741981419,2.0,0.11226165029737685,0.05112266275617811,0.07334488497840033,0.0,nan,0.0
-8.586116,45,930.631229,0.0,1.0,-8.58611552091451,-8.58611552091451,0.0,0.0,0.0,1.0,0.058320858711775114,45,13.494015339670412,0.3814173170009937,0.9611436849369103,0.13113607300652397,0.022222222222222223,0.044444444444444446,0.0,nan,0.0
-8.011661,42,931.393146,0.0,1.0,-8.011661384754436,-8.011661384754436,0.0,0.0,0.0,1.0,0.06587480984750714,42,14.07784354240743,0.5067915368797884,0.9857978232290631,0.07777654557001024,0.03690266325360253,0.05877386246408735,0.0,nan,0.0
-8.438937,35,931.95316,0.0,1.0,-8.438936718542047,-8.438936718542047,0.0,0.0,0.0,1.0,0.08244401306312528,35,11.463732453674888,0.9906055104331802,2.0,0.39261296476636615,0.047952948297773086,0.07652437686920166,0.0,nan,0.0
-8.146435,44,932.623564,0.0,1.0,-8.146435071803625,-8.146435071803625,0.0,0.0,0.0,1.0,0.06774083511881532,44,13.191128669416827,0.3447055696329259,0.9956325795416004,0.11462322690270164,0.04714912176132202,0.06364553624933417,0.0,nan,0.0
-8.422121,40,933.292887,0.0,1.0,-8.422121115692448,-8.422121115692448,0.0,0.0,0.0,1.0,0.06551412385235106,40,12.462978311161574,0.8144930178562333,2.0,0.23088621348142624,0.05273705720901489,0.07773705720901489,0.0,nan,0.0
-8.346446,38,933.952883,0.0,1.0,-8.346446306694288,-8.346446306694288,0.0,0.0,0.0,1.0,0.09324969877014753,38,13.111799999877764,1.260809449522257,2.0,0.386016845703125,0.08045892966421027,0.10677471913789448,0.0,nan,0.0
-8.02543,42,934.64657,0.0,1.0,-8.025429667085472,-8.025429667085472,0.0,0.0,0.0,1.0,0.06608795929775624,42,13.827826688075046,0.4617614464833705,0.9481534619285829,0.08284599724270049,0.07360713822501046,0.09741666203453428,0.0,nan,0.0
-7.928684,44,935.269693,0.0,1.0,-7.928684385818647,-7.928684385818647,0.0,0.0,0.0,1.0,0.07788966355267525,44,13.635795220897274,0.46724634725606157,0.9916230268684544,0.10310895063660362,0.04060602729970759,0.06333330002698032,0.0,nan,0.0
-8.080597,44,936.070518,0.0,1.0,-8.080596996135162,-8.080596996135162,0.0,0.0,0.0,1.0,0.07563788953281886,44,13.319699138852963,0.8067553786966343,2.0,0.18665975332260132,0.10371081666512923,0.11620588465170427,0.0,nan,0.0
-8.048994,46,936.713491,0.0,1.0,-8.048994195885562,-8.048994195885562,0.0,0.0,0.0,1.0,0.06686562500516159,46,13.458252586593973,0.418337514466812,0.9593480726712917,0.13879808913106503,0.07186426287112029,0.07797109562417735,0.0,nan,0.0
-8.613506,34,937.262449,0.0,1.0,-8.61350612689153,-8.61350612689153,0.0,0.0,0.0,1.0,0.07440789905194148,34,11.208180134260985,0.8357885726636314,2.0,0.11720224689034854,0.1448353178360883,0.17454899759853587,0.0,nan,0.0
-9.049656,43,937.976822,0.0,1.0,-9.049655802476526,-9.049655802476526,0.0,0.0,0.0,1.0,0.080429493894007,43,13.470368091329002,0.45509401785318665,0.9937312157444395,0.09702787842861442,0.05285865761512934,0.07611447156861771,0.0,nan,0.0
-8.336842,40,938.64342,0.0,1.0,-8.336841686082899,-8.336841686082899,0.0,0.0,0.0,1.0,0.09217805556093181,40,14.318141551128878,1.3114807249171017,2.0,0.39631965942680836,0.025,0.05,0.0,nan,0.0
-7.951994,46,939.5579,0.0,1.0,-7.951994226456053,-7.951994226456053,0.0,0.0,0.0,1.0,0.06592104684161698,46,13.120897349815449,0.46745851882843964,0.9966632012785066,0.1678155427393706,0.05085513902747113,0.07259426946225374,0.0,nan,0.0
-8.067719,48,940.29627,0.0,1.0,-8.067718509171648,-8.067718509171648,0.0,0.0,0.0,1.0,0.06675038918954251,48,13.458572403448384,0.5142957362542503,0.9980603442443693,0.17034729570150375,0.08098592112461726,0.09824121495087941,0.0,nan,0.0
-7.953535,44,941.015731,0.0,1.0,-7.953535475324907,-7.953535475324907,0.0,0.0,0.0,1.0,0.08063116929860993,44,13.845618743051313,0.5100333329367479,0.9867753495328121,0.11525991288098422,0.10429230332374573,0.11814441735094244,0.0,nan,0.0
-8.617429,34,941.654511,0.0,1.0,-8.617429294178063,-8.617429294178063,0.0,0.0,0.0,1.0,0.07879665270847923,34,11.347588233642927,0.8768867542092863,2.0,0.26737888069713817,0.097922262023477,0.0947952340630924,0.0,nan,0.0
-8.134753,44,943.963135,0.0,1.0,-8.134752760303488,-8.134752760303488,0.0,0.0,0.0,1.0,0.07069583410123022,44,12.781618826872672,0.9754681397034642,2.0,0.1454731063409285,0.0895112156867981,0.11223848841407082,0.0,nan,0.0
-8.052439,44,944.685756,0.0,1.0,-8.052438570618277,-8.052438570618277,0.0,0.0,0.0,1.0,0.06525547579361297,44,13.423417550821425,0.5044078176482809,1.0539470467675043,0.1158574724739248,0.09991758249022743,0.10113100030205467,0.0,nan,0.0
-8.06039,41,945.291657,0.0,1.0,-8.060389724839062,-8.060389724839062,0.0,0.0,0.0,1.0,0.07984995379940454,41,13.997687613256284,0.3438689172557927,0.9959268532545704,0.04681423524530923,0.04965428026711068,0.07404452416954971,0.0,nan,0.0
-8.372932,35,945.846722,0.0,1.0,-8.372932019471044,-8.372932019471044,0.0,0.0,0.0,1.0,0.06398707394821491,35,11.83462656153329,0.8837337755789961,2.0,0.2446769322667803,0.06752375194004603,0.09609518051147461,0.0,nan,0.0
-9.61049,44,946.476683,0.0,1.0,-9.610489891577314,-9.610489891577314,0.0,0.0,0.0,1.0,0.06045275300051109,44,13.262810395867284,0.5951450023141244,1.8320022277178223,0.05809098753062161,0.10225474563511935,0.12498201836239207,0.0,nan,0.0
-8.048582,45,947.363984,0.0,1.0,-8.048581856752238,-8.048581856752238,0.0,0.0,0.0,1.0,0.06207978309558253,45,13.37006750823576,0.5145986244624634,1.0825225288709197,0.10982999271816678,0.0503825134701199,0.07260473569234212,0.0,nan,0.0
-7.929905,45,948.169522,0.0,1.0,-7.929904734366614,-7.929904734366614,0.0,0.0,0.0,1.0,0.05867842267082827,45,13.19028601632047,0.5099828918691028,1.2416820224511769,0.10610940986209445,0.09230184025234646,0.11452406247456869,0.0,nan,0.0
-8.135423,42,949.00851,0.0,1.0,-8.135423117449545,-8.135423117449545,0.0,0.0,0.0,1.0,0.07602623362834247,42,13.751988990319706,0.3552796971619166,0.9580419324560807,0.03550568648747036,0.056738694508870445,0.08054821831839425,0.0,nan,0.0
-7.781714,45,949.709151,0.0,1.0,-7.781713575171359,-7.781713575171359,0.0,0.0,0.0,1.0,0.06092595030464778,45,14.06430709162566,0.40865062749289494,1.2823838349745973,0.16971170438660516,0.038403887218899195,0.06062610944112142,0.0,nan,0.0
-8.609275,33,950.284999,0.0,1.0,-8.609274516306881,-8.609274516306881,0.0,0.0,0.0,1.0,0.08186727492184581,33,11.430243656690786,1.139216069450165,2.0,0.3733523388703664,0.030550963950879646,0.06085399425390995,0.0,nan,0.0
-8.128941,41,951.116509,0.0,1.0,-8.128940626646491,-8.128940626646491,0.0,0.0,0.0,1.0,0.08008911036695657,41,14.003232605768043,0.40167833152562643,0.9712674877435273,0.07175111479875518,0.03953599348300841,0.06392623738544743,0.0,nan,0.0
-7.958494,44,952.006487,0.0,1.0,-7.958494168511739,-7.958494168511739,0.0,0.0,0.0,1.0,0.08115494970179132,44,13.192549696033304,0.8067769537026002,2.0,0.22721446644176135,0.09106005863709883,0.11378733136437157,0.0,nan,0.0
-8.461157,46,952.853505,0.0,1.0,-8.4611567750911,-8.4611567750911,0.0,0.0,0.0,1.0,0.06067223488729501,46,13.483756681026327,0.7435781432933818,2.0,0.10008771264034769,0.11646305478137473,0.15978762896164603,0.0,nan,0.0
-8.007758,47,953.692767,0.0,1.0,-8.007757763956086,-8.007757763956086,0.0,0.0,0.0,1.0,0.05912017819984214,47,13.171056015303325,0.9815105577193016,2.0,0.20018671928568088,0.0723868430928981,0.0919608714732718,0.0,nan,0.0
-8.086662,43,954.497623,0.0,1.0,-8.086661789249709,-8.086661789249709,0.0,0.0,0.0,1.0,0.05895695151916433,43,14.655730846726236,0.7161879390996231,2.0,0.27102021769035695,0.02759731647580169,0.050853130429290065,0.0,nan,0.0
-8.601067,38,955.327784,0.0,1.0,-8.601067156565755,-8.601067156565755,0.0,0.0,0.0,1.0,0.08654939287245794,38,12.447303213785892,1.0198931341463149,2.0,0.2435952487744783,0.06228784510963842,0.08860363458332263,0.0,nan,0.0
-8.022477,47,956.368294,0.0,1.0,-8.022476632348694,-8.022476632348694,0.0,0.0,0.0,1.0,0.07129162259771642,47,13.02228383505655,0.8697215552743801,2.0,0.2587919146456617,0.09653310065573835,0.11780969640041919,0.0,nan,0.0
-7.981754,45,957.280728,0.0,1.0,-7.981754165645972,-7.981754165645972,0.0,0.0,0.0,1.0,0.06148379972695998,45,13.221976216210427,0.39452378437289903,1.4832011811365318,0.16222211519877117,0.04145636558532715,0.0759882132212321,0.0,nan,0.0
-7.9122,46,958.05426,0.0,1.0,-7.912200363190003,-7.912200363190003,0.0,0.0,0.0,1.0,0.06624065396139005,46,13.121903784430698,0.5191945965293322,0.9899595358360092,0.20569118986959042,0.0403884390126104,0.062127569447393005,0.0,nan,0.0
-8.633861,43,958.805011,0.0,1.0,-8.633861433507127,-8.633861433507127,0.0,0.0,0.0,1.0,0.06629607870229848,43,13.34724466719116,0.40234205303148834,0.9262759608436092,0.05874821751616722,0.07035308106001033,0.05750501987545989,0.0,nan,0.0
-8.444518,49,959.588264,0.0,1.0,-8.444518383267228,-8.444518383267228,0.0,0.0,0.0,1.0,0.06212727869484682,49,13.266888224553993,0.3803999070584874,0.9983505305534639,0.19771613636795354,0.08414623688678352,0.0871526270496602,0.0,nan,0.0
-8.398774,36,960.161841,0.0,1.0,-8.398774118440246,-8.398774118440246,0.0,0.0,0.0,1.0,0.06809262053296292,36,11.36540484998371,1.0212202954009786,2.0,0.39691881090402603,0.18779095013936362,0.220463236172994,0.0,nan,0.0
-8.011543,44,960.895681,0.0,1.0,-8.011542583404166,-8.011542583404166,0.0,0.0,0.0,1.0,0.0760422159575097,44,13.307685031685054,1.0100211171827673,2.0,0.17782212793827057,0.048340526494112884,0.0710677992213856,0.0,nan,0.0
-8.613405,38,961.505409,0.0,1.0,-8.613404740173145,-8.613404740173145,0.0,0.0,0.0,1.0,0.08230463695147158,38,12.053258775355301,0.9356769579477886,2.0,0.2609437727614453,0.09263099808441966,0.11734978462520398,0.0,nan,0.0
-8.202004,52,964.35422,0.0,1.0,-8.202004087307209,-8.202004087307209,0.0,0.0,0.0,1.0,0.06856147033777693,52,14.666626576315492,0.8195723312349622,2.0,0.23021246607487017,0.10452899107566246,0.11021422193600582,0.0,nan,0.0
-7.904969,43,965.107618,0.0,1.0,-7.904968743798132,-7.904968743798132,0.0,0.0,0.0,1.0,0.0628403317912094,43,13.574247146018616,0.5113747049778601,1.1454320888459768,0.06616690546967262,0.02898378150407658,0.05223959545756495,0.0,nan,0.0
-8.19993,43,965.840018,0.0,1.0,-8.19992990877043,-8.19992990877043,0.0,0.0,0.0,1.0,0.07335611536965086,43,13.460558112563193,0.34045075985677464,0.9543998555167102,0.06225377737089645,0.08686233121295307,0.11011814516644146,0.0,nan,0.0
-8.534771,34,966.423978,0.0,1.0,-8.53477069494541,-8.53477069494541,0.0,0.0,0.0,1.0,0.06953406264940336,34,11.941557559876708,1.0831300773412385,2.0,0.3165445169981788,0.03793485024396111,0.06734661494984347,0.0,nan,0.0
-8.077738,44,967.194943,0.0,1.0,-8.077737976620746,-8.077737976620746,0.0,0.0,0.0,1.0,0.06456357819509445,44,13.619111858816565,0.458475912110006,0.9416645979948284,0.11694003506140276,0.10987884889949452,0.12982310490174728,0.0,nan,0.0
-8.094746,43,967.751814,0.0,1.0,-8.094745816765403,-8.094745816765403,0.0,0.0,0.0,1.0,0.07663240074273155,43,13.394424816487275,0.3616939539717671,1.0070101911038407,0.11512919082198032,0.05884764360827069,0.08210345756175906,0.0,nan,0.0
-8.661543,32,968.289771,0.0,1.0,-8.661542510625434,-8.661542510625434,0.0,0.0,0.0,1.0,0.08044223571738378,32,11.195635531948279,1.030827911977694,2.0,0.21630644984543324,0.03125,0.0625,0.0,nan,0.0
-7.934184,43,969.007327,0.0,1.0,-7.934184152601999,-7.934184152601999,0.0,0.0,0.0,1.0,0.07142868255681295,43,13.787310421226723,0.5049764350941788,1.2431912152143898,0.09334783775861873,0.06399057632268862,0.08724639027617699,0.0,nan,0.0
-8.500862,45,969.878984,0.0,1.0,-8.500861759833457,-8.500861759833457,0.0,0.0,0.0,1.0,0.05876525783708834,45,13.968333592316561,0.7797217736952515,2.0,0.11874608596165975,0.0744673834906684,0.09668960571289062,0.0,nan,0.0
-9.656166,42,970.598738,0.0,1.0,-9.656166103645258,-9.656166103645258,0.0,0.0,0.0,1.0,0.05997183158852485,42,13.414639616255348,0.543864344776784,1.3984355166383413,0.06697539488474528,0.08286161082131523,0.10667113463083903,0.0,nan,0.0
-8.541807,35,971.26286,0.0,1.0,-8.541807213329058,-8.541807213329058,0.0,0.0,0.0,1.0,0.07960522895561327,35,11.461890193299658,0.8420422127372087,2.0,0.26422093766076227,0.03299275125776018,0.061564179829188756,0.0,nan,0.0
-7.978088,46,971.915252,0.0,1.0,-7.978087576242601,-7.978087576242601,0.0,0.0,0.0,1.0,0.0629444514260398,46,13.199720075797876,0.4293113682682092,1.001944605366913,0.11716474916623987,0.04234529578167459,0.0640844262164572,0.0,nan,0.0
-8.21592,42,972.627074,0.0,1.0,-8.215919683085515,-8.215919683085515,0.0,0.0,0.0,1.0,0.05866736011249988,42,13.538828754022667,0.3463804962516229,0.9904260056525174,0.09029807930900938,0.0883225089027768,0.07150021053495861,0.0,nan,0.0
-8.061246,42,973.359383,0.0,1.0,-8.061246011194484,-8.061246011194484,0.0,0.0,0.0,1.0,0.06301327690243935,42,13.459656153573476,1.0010103569905444,2.0,0.0831664488429115,0.04314081441788446,0.06985472497485933,0.0,nan,0.0
-7.956315,48,974.124071,0.0,1.0,-7.956315189437056,-7.956315189437056,0.0,0.0,0.0,1.0,0.06130871782785366,48,13.276345021769735,0.38073936068096287,1.1473747872278375,0.10416666666666667,0.049243261416753135,0.06230525175730387,0.0,nan,0.0
-8.553758,37,974.79401,0.0,1.0,-8.553757616528344,-8.553757616528344,0.0,0.0,0.0,1.0,0.06765162849152806,37,12.869010533676192,1.1782037890250405,2.0,0.31951180503175064,0.05474968536480053,0.08158332914919467,0.0,nan,0.0
-8.098861,41,975.498229,0.0,1.0,-8.098861247251897,-8.098861247251897,0.0,0.0,0.0,1.0,0.05885072530787229,41,14.614209226568153,0.9326127422387094,2.0,0.08462983224450088,0.06989026069641113,0.09428050459885015,0.0,nan,0.0
-8.439947,38,976.099477,0.0,1.0,-8.439946808581634,-8.439946808581634,0.0,0.0,0.0,1.0,0.0810240054053273,38,12.176696177127019,0.8797321425534715,2.0,0.2538275616733651,0.10107315841474031,0.12738894788842453,0.0,nan,0.0
-7.971168,44,976.92221,0.0,1.0,-7.971168136882548,-7.971168136882548,0.0,0.0,0.0,1.0,0.07709009075703518,44,14.093390643359328,0.40558441191402,0.9997232954471342,0.11388909274881537,0.10471705956892534,0.12744433229619806,0.0,nan,0.0
-8.03259,42,977.610539,0.0,1.0,-8.032589667574705,-8.032589667574705,0.0,0.0,0.0,1.0,0.06592159706927997,42,14.016828874107535,0.7540583348197478,2.0,0.1176654611315046,0.030948037192935034,0.047619047619047616,0.0,nan,0.0
-9.017948,41,978.340797,0.0,1.0,-9.017948011256266,-9.017948011256266,0.0,0.0,0.0,1.0,0.07159874041935368,41,13.970552551053357,0.5348859325562856,1.368992437907277,0.05353993613545487,0.0953278948621052,0.1292288245224371,0.0,nan,0.0
-7.993187,43,979.072195,0.0,1.0,-7.9931867469630635,-7.9931867469630635,0.0,0.0,0.0,1.0,0.07040848676837558,43,13.940879621912673,0.9446651254945888,2.0,0.10201987832091576,0.11364104026971861,0.136896854223207,0.0,nan,0.0
-8.480318,37,979.765247,0.0,1.0,-8.480317637832172,-8.480317637832172,0.0,0.0,0.0,1.0,0.06463689410906548,37,12.145690494868779,0.8268645824475158,2.0,0.2178854958431141,0.08580540321968697,0.112832430246714,0.0,nan,0.0
-8.029843,42,980.516678,0.0,1.0,-8.029842772970207,-8.029842772970207,0.0,0.0,0.0,1.0,0.05988712734688547,42,14.084238831504521,0.9334920262043327,2.0,0.12177086160296485,0.10184576114018758,0.12254436526979719,0.0,nan,0.0
-8.494286,45,981.215091,0.0,1.0,-8.494286486164963,-8.494286486164963,0.0,0.0,0.0,1.0,0.0780433833363832,45,13.403150251181476,0.6871887860758996,2.0,0.09925235642327203,0.05106387138366699,0.07328609360588921,0.0,nan,0.0
-8.089574,42,983.281283,0.0,1.0,-8.089573638388831,-8.089573638388831,0.0,0.0,0.0,1.0,0.08035688528254473,42,13.46453967303592,0.8122427335112589,2.0,0.06466476122538249,0.05403362569354829,0.0778431495030721,0.0,nan,0.0
-8.017119,42,983.961183,0.0,1.0,-8.017118785963529,-8.017118785963529,0.0,0.0,0.0,1.0,0.0795596181437566,42,13.76138744284768,0.49565669443470306,1.0097400026054888,0.07017115184238978,0.10246154807862781,0.12275997797648112,0.0,nan,0.0
-8.520843,47,984.684351,0.0,1.0,-8.520843273508467,-8.520843273508467,0.0,0.0,0.0,1.0,0.06660678763647537,47,13.557708189789789,0.7611707856631472,2.0,0.20781445122779685,0.02966073218812334,0.050937327932804186,0.0,nan,0.0
-8.110769,42,985.345861,0.0,1.0,-8.110769166464909,-8.110769166464909,0.0,0.0,0.0,1.0,0.07519278865752486,42,14.054405511115467,0.40994120694079494,0.9966314843176123,0.09135987645103819,0.05213524614061628,0.07594476995014009,0.0,nan,0.0
-8.045432,42,986.019989,0.0,1.0,-8.045431752684674,-8.045431752684674,0.0,0.0,0.0,1.0,0.07913725837896533,42,13.815988157615685,0.3876726415764913,0.9534924330448289,0.058986831279028026,0.04746973514556885,0.07127925895509266,0.0,nan,0.0
-8.065234,42,986.632736,0.0,1.0,-8.06523442170187,-8.06523442170187,0.0,0.0,0.0,1.0,0.07380134492878906,42,13.720625922235373,0.36447383287650936,0.9916706660297571,0.0606552419208345,0.08480224722907656,0.10861177103860038,0.0,nan,0.0
-9.669734,43,987.23103,0.0,1.0,-9.669733509363882,-9.669733509363882,0.0,0.0,0.0,1.0,0.05845043529479232,43,13.514532368714185,0.5898038640054506,1.7349965959161908,0.06941090073696403,0.0868681364281233,0.11012395038161167,0.0,nan,0.0
-8.111721,45,988.034961,0.0,1.0,-8.111721218668071,-8.111721218668071,0.0,0.0,0.0,1.0,0.06499871884086025,45,13.143204008342442,0.4102536158277011,1.5368129031966782,0.1112809419631958,0.06733315255906847,0.08955537478129069,0.0,nan,0.0
-8.20527,43,988.636882,0.0,1.0,-8.205269603919234,-8.205269603919234,0.0,0.0,0.0,1.0,0.05727772416834349,43,13.360592463297762,0.3612316340962937,0.9534012929853536,0.08392650582069575,0.036541234615237214,0.059797048568725586,0.0,nan,0.0
-8.16829,42,989.230094,0.0,1.0,-8.168289708564574,-8.168289708564574,0.0,0.0,0.0,1.0,0.07189102228997603,42,13.75738327176127,0.9088171441723473,2.0,0.08026533467429024,0.046033967108953563,0.06984349091847737,0.0,nan,0.0
-8.020142,44,990.016362,0.0,1.0,-8.02014181872458,-8.02014181872458,0.0,0.0,0.0,1.0,0.058276163383104075,44,13.499568864480274,0.6634646284504746,2.0,0.11200145157900723,0.058675879781896416,0.06767653877084906,0.0,nan,0.0
-8.141898,44,990.687702,0.0,1.0,-8.14189770347813,-8.14189770347813,0.0,0.0,0.0,1.0,0.07698558148051256,44,13.589658625102599,0.5969162172647078,2.0,0.08093648065220226,0.07112430442463268,0.09385157715190541,0.0,nan,0.0
-8.060345,42,991.261734,0.0,1.0,-8.06034517346544,-8.06034517346544,0.0,0.0,0.0,1.0,0.08059674457299704,42,14.147696145936695,0.4057289228169389,1.0084747219127363,0.0952712098757426,0.07253296034676689,0.0928970007669358,0.0,nan,0.0
-7.981171,42,991.935983,0.0,1.0,-7.981170890480845,-7.981170890480845,0.0,0.0,0.0,1.0,0.06162715521792023,42,13.82808930527408,0.5164723351457904,0.994790862278142,0.06028185571943011,0.034121189798627584,0.05793071360815139,0.0,nan,0.0
-8.382363,36,992.56824,0.0,1.0,-8.382363371548708,-8.382363371548708,0.0,0.0,0.0,1.0,0.07071009039347463,36,12.559540558688887,0.8125541595684399,2.0,0.28105920884344315,0.042680329746670194,0.07045810752444798,0.0,nan,0.0
-8.243698,49,993.212571,0.0,1.0,-8.243697763554058,-8.243697763554058,0.0,0.0,0.0,1.0,0.07925387832803385,49,14.11457029450772,0.7217447189931079,2.0,0.20472540843243503,0.07546737242718132,0.09587553569248744,0.0,nan,0.0
-8.1684,46,994.055879,0.0,1.0,-8.168399620063436,-8.168399620063436,0.0,0.0,0.0,1.0,0.08105199989400319,46,13.427194420230359,0.6338595431800933,2.0,0.1324128042096677,0.086915399717248,0.08605496779732082,0.0,nan,0.0
-8.028801,45,994.948749,0.0,1.0,-8.028800788461778,-8.028800788461778,0.0,0.0,0.0,1.0,0.06290933092919615,45,13.54839662485547,0.8207069595904213,2.0,0.2159014754825168,0.05118437343173557,0.0734065956539578,0.0,nan,0.0
-7.99029,43,995.705166,0.0,1.0,-7.990289612369329,-7.990289612369329,0.0,0.0,0.0,1.0,0.06167356828940769,43,13.377848222077636,0.42292658835184327,1.2495942649101355,0.10046653969343318,0.048405475394670355,0.07166128934815873,0.0,nan,0.0
-8.260371,43,996.369408,0.0,1.0,-8.260370508006472,-8.260370508006472,0.0,0.0,0.0,1.0,0.07104092388964588,43,13.27596851148561,0.8846882748261495,2.0,0.0798748537551525,0.04611565345941588,0.06407990289288898,0.0,nan,0.0
-8.327722,40,997.033009,0.0,1.0,-8.327721956628968,-8.327721956628968,0.0,0.0,0.0,1.0,0.08378662336572322,40,12.008151020650574,0.8459569674138349,2.0,0.24312086924910545,0.07871330976486206,0.10013478398323059,0.0,nan,0.0
-8.175605,41,997.865346,0.0,1.0,-8.175604587907102,-8.175604587907102,0.0,0.0,0.0,1.0,0.05869758277090967,41,14.059757874107074,0.922973799820004,2.0,0.13109041132578036,0.033993395363412254,0.05838363926585128,0.0,nan,0.0
-8.024566,42,998.623648,0.0,1.0,-8.024565636954794,-8.024565636954794,0.0,0.0,0.0,1.0,0.06321871409893876,42,13.449657747076484,0.5399552044592808,1.3177013868364928,0.08016547418776013,0.052808551561264766,0.07602552005222865,0.0,nan,0.0
-7.960447,44,999.321524,0.0,1.0,-7.960447096515012,-7.960447096515012,0.0,0.0,0.0,1.0,0.0808124609950524,44,13.615704938549259,0.6044780286953645,2.0,0.1379666490988298,0.031826642426577484,0.05455391515385021,0.0,nan,0.0
-8.028313,44,1001.636245,0.0,1.0,-8.028312542372777,-8.028312542372777,0.0,0.0,0.0,1.0,0.07519750952478324,44,14.16378276589918,0.46332747166386523,0.9471562018006914,0.1696543829007582,0.07641291618347168,0.08124135299162431,0.0,nan,0.0
-8.024284,44,1002.442035,0.0,1.0,-8.024284370043322,-8.024284370043322,0.0,0.0,0.0,1.0,0.0583658869226269,44,13.181295689699756,0.626576957953894,2.0,0.15968195687640796,0.04237306659871882,0.06510033932599155,0.0,nan,0.0
-8.018047,43,1003.055791,0.0,1.0,-8.018046915979161,-8.018046915979161,0.0,0.0,0.0,1.0,0.0659343809423977,43,13.935370069281973,0.4660981372427914,0.9651132817436344,0.12413411362226619,0.0238288446914318,0.047084658644920174,0.0,nan,0.0
-7.989316,44,1003.826668,0.0,1.0,-7.9893161894976945,-7.9893161894976945,0.0,0.0,0.0,1.0,0.06305844224419092,44,13.490529499209737,0.7115429833878625,2.0,0.1035371558232741,0.09222962639548561,0.08693666349757802,0.0,nan,0.0
-8.701987,30,1004.368394,0.0,1.0,-8.701986974853465,-8.701986974853465,0.0,0.0,0.0,1.0,0.06892698561240453,30,11.682546127463757,1.0061342212842697,2.0,0.17178884744644166,0.033503806591033934,0.06683713992436727,0.0,nan,0.0
-8.075646,43,1005.020816,0.0,1.0,-8.075646301174999,-8.075646301174999,0.0,0.0,0.0,1.0,0.0582851491477247,43,13.083508776008864,0.7277407322610452,2.0,0.09012306637542192,0.08081565346828727,0.10407146742177564,0.0,nan,0.0
-7.801992,46,1005.734596,0.0,1.0,-7.801991829338781,-7.801991829338781,0.0,0.0,0.0,1.0,0.062146898552947166,46,14.655280142951083,0.45285812663686525,0.9927365399790494,0.16568590765414032,0.10147243479023808,0.11885355866473654,0.0,nan,0.0
-8.02465,44,1006.437648,0.0,1.0,-8.0246495692374,-8.0246495692374,0.0,0.0,0.0,1.0,0.05709694480642863,44,13.386926784302096,0.5114409480753493,1.048660178846769,0.14899181777780707,0.0464606989513744,0.06918797167864713,0.0,nan,0.0
-7.982622,44,1007.122856,0.0,1.0,-7.982621661322389,-7.982621661322389,0.0,0.0,0.0,1.0,0.06722109666605125,44,14.743314114515497,0.5801443964402621,2.0,0.1739956492727453,0.04117906093597412,0.05079676346345381,0.0,nan,0.0
-8.138389,43,1007.905351,0.0,1.0,-8.1383887245122,-8.1383887245122,0.0,0.0,0.0,1.0,0.058349996949879114,43,13.600378579787643,0.44697619080738993,0.9572073068072002,0.110537915728813,0.03091034778328829,0.054166161736776665,0.0,nan,0.0
-8.734565,30,1008.443331,0.0,1.0,-8.73456515853111,-8.73456515853111,0.0,0.0,0.0,1.0,0.06885935199226066,30,11.65973740670871,1.0227530797427289,2.0,0.1866853634516398,0.09112616777420043,0.12445950110753377,0.0,nan,0.0
-8.08866,43,1009.143898,0.0,1.0,-8.088660260027593,-8.088660260027593,0.0,0.0,0.0,1.0,0.07656137075635155,43,13.618350113364402,0.38571610640821297,1.0121816429831685,0.08502294296442076,0.05703265999638757,0.08028847394987594,0.0,nan,0.0
-8.278582,35,1009.802265,0.0,1.0,-8.278581566663796,-8.278581566663796,0.0,0.0,0.0,1.0,0.07301578566097518,35,12.879967840100495,0.8011942460806448,2.0,0.27646927748407635,0.03349048069545201,0.06206190926688058,0.0,nan,0.0
-7.999854,44,1010.547474,0.0,1.0,-7.999854397599385,-7.999854397599385,0.0,0.0,0.0,1.0,0.05833778704885737,44,13.587552329330803,0.6590820846647714,2.0,0.11209928379817442,0.07693222165107727,0.09965949437834999,0.0,nan,0.0
-8.480985,43,1011.269263,0.0,1.0,-8.48098487325902,-8.48098487325902,0.0,0.0,0.0,1.0,0.10285121284810965,43,11.174210381211394,1.1076121625440074,2.0,0.36365605994712474,0.09308089489160581,0.1067382762598437,0.0,nan,0.0
-8.63234,36,1011.865345,0.0,1.0,-8.632339907304221,-8.632339907304221,0.0,0.0,0.0,1.0,0.07663066460014281,36,12.534577943819581,1.2448288357031583,2.0,0.3290913982523812,0.07385589016808404,0.10163366794586182,0.0,nan,0.0
-8.127214,41,1012.577587,0.0,1.0,-8.127213573010344,-8.127213573010344,0.0,0.0,0.0,1.0,0.06896380590798339,41,14.152784076167713,0.9442807905869617,2.0,0.0865983090749601,0.04494908379345405,0.06933932769589307,0.0,nan,0.0
-8.225561,42,1013.328483,0.0,1.0,-8.225561265877975,-8.225561265877975,0.0,0.0,0.0,1.0,0.09070949895071956,42,13.988951060013502,1.3025322321345825,2.0,0.5021388612332798,0.09334174224308558,0.11715126605260939,0.0,nan,0.0
-9.418139,41,1014.05182,0.0,1.0,-9.418138884694033,-9.418138884694033,0.0,0.0,0.0,1.0,0.06273491815137155,41,13.757292481362162,0.5423704658760821,1.3658402718651181,0.048562831994963855,0.03163578452133551,0.056026028423774535,0.0,nan,0.0
-8.41925,41,1014.743202,0.0,1.0,-8.419249948056676,-8.419249948056676,0.0,0.0,0.0,1.0,0.07673620862726017,41,12.769012557230386,0.9501177867491909,2.0,0.36762611531629796,0.05813573046428401,0.08252597436672304,0.0,nan,0.0
-8.735038,30,1015.253816,0.0,1.0,-8.735037557025823,-8.735037557025823,0.0,0.0,0.0,1.0,0.07072662175416601,30,11.624725574558068,1.0388314868377606,2.0,0.2066035896539688,0.03333333333333333,0.06666666666666667,0.0,nan,0.0
-8.718393,30,1015.737505,0.0,1.0,-8.718393155590439,-8.718393155590439,0.0,0.0,0.0,1.0,0.06557929533290152,30,11.392181778486298,0.8322700363525732,2.0,0.13696773052215577,0.035413201649983725,0.06874653498331705,0.0,nan,0.0
-8.240379,45,1016.445861,0.0,1.0,-8.240378884752555,-8.240378884752555,0.0,0.0,0.0,1.0,0.06692753917741727,45,13.000219062326957,0.34843997284975364,0.9439185418828302,0.10529322624206543,0.09842682944403755,0.12064905166625976,0.0,nan,0.0
-8.224426,43,1017.209004,0.0,1.0,-8.224425744221136,-8.224425744221136,0.0,0.0,0.0,1.0,0.07064645971893074,43,13.455205542999037,0.34049378513898315,0.993321572987841,0.07592787299045296,0.036143419354460964,0.05694155914838924,0.0,nan,0.0
-8.547897,41,1017.913194,0.0,1.0,-8.547897408502118,-8.547897408502118,0.0,0.0,0.0,1.0,0.0642226205324815,41,11.198925956096346,1.1016440959178442,2.0,0.48473026694321053,0.09780281346018721,0.12219305736262624,0.0,nan,0.0
-8.099397,44,1019.992714,0.0,1.0,-8.099396832593776,-8.099396832593776,0.0,0.0,0.0,1.0,0.058373026650607666,44,13.32376222520698,0.3587001758404502,0.986896980316765,0.13779190182685852,0.04778433387929743,0.07051160660657016,0.0,nan,0.0
-8.5885,36,1020.620695,0.0,1.0,-8.588499862048511,-8.588499862048511,0.0,0.0,0.0,1.0,0.08407320349508102,36,11.623267433569966,0.8075089181951108,2.0,0.20330643322732714,0.033424933751424156,0.06120271152920193,0.0,nan,0.0
-8.221093,48,1021.260465,0.0,1.0,-8.22109262386968,-8.22109262386968,0.0,0.0,0.0,1.0,0.07333048811123313,48,14.197024372464453,0.7569321848742251,2.0,0.1557182384033998,0.024067774415016174,0.04490110774834951,0.0,nan,0.0
-8.522007,39,1021.813375,0.0,1.0,-8.522006613706377,-8.522006613706377,0.0,0.0,0.0,1.0,0.06704661684852396,39,12.206485782651656,1.120182797390497,2.0,0.38786750879043186,0.06811994161361302,0.09376096725463867,0.0,nan,0.0
-8.054752,41,1022.452549,0.0,1.0,-8.054752434240495,-8.054752434240495,0.0,0.0,0.0,1.0,0.060425749531067836,41,13.815788200001387,0.4360008001626057,0.9352140641038021,0.059788948152123426,0.032834745034938904,0.05722498893737793,0.0,nan,0.0
-7.955964,41,1023.038237,0.0,1.0,-7.955963851110539,-7.955963851110539,0.0,0.0,0.0,1.0,0.06871285884920912,41,14.374599612028039,0.8091010263064352,2.0,0.1655218194170696,0.034785753343163466,0.05917599724560249,0.0,nan,0.0
-8.035365,43,1023.760549,0.0,1.0,-8.035365271112074,-8.035365271112074,0.0,0.0,0.0,1.0,0.06265713598610347,43,13.807081050244786,0.9551306342885865,2.0,0.13126152615214504,0.033590333406315294,0.03432946981385697,0.0,nan,0.0
-8.643677,34,1024.27368,0.0,1.0,-8.643676793168755,-8.643676793168755,0.0,0.0,0.0,1.0,0.07100853208366124,34,11.207654894514803,1.127697289985202,2.0,0.3792324872577892,0.0830773395650527,0.11248910427093506,0.0,nan,0.0
-8.608062,33,1024.90763,0.0,1.0,-8.608061910039796,-8.608061910039796,0.0,0.0,0.0,1.0,0.06145164243278225,33,11.281269357149705,1.0023687745840906,2.0,0.3104703254771955,0.053001721700032554,0.08330475200306285,0.0,nan,0.0
-8.232194,42,1025.636125,0.0,1.0,-8.232194250443179,-8.232194250443179,0.0,0.0,0.0,1.0,0.05730230806268552,42,13.583595098362114,0.34047502826248266,0.9450194483501108,0.07326591866356987,0.06566421190897624,0.08947373571850005,0.0,nan,0.0
-8.227644,52,1026.523794,0.0,1.0,-8.227644027168605,-8.227644027168605,0.0,0.0,0.0,1.0,0.07907891569014326,52,13.369038103135933,0.7223564520611817,2.0,0.262241400205172,0.09794703813699576,0.11717780736776498,0.0,nan,0.0
-8.021836,44,1027.252243,0.0,1.0,-8.02183589660741,-8.02183589660741,0.0,0.0,0.0,1.0,0.0671622440798052,44,14.481597694861044,0.503155374087546,1.0558173331442302,0.17105266722765836,0.03170097957957874,0.05442825230685147,0.0,nan,0.0
-8.01086,43,1028.027382,0.0,1.0,-8.010860249624642,-8.010860249624642,0.0,0.0,0.0,1.0,0.060427076346216135,43,13.859561129647316,0.46489125174420054,0.943196598253371,0.07167746854382892,0.1012824302495912,0.13006654173828835,0.0,nan,0.0
-8.167973,43,1028.639477,0.0,1.0,-8.1679734876432,-8.1679734876432,0.0,0.0,0.0,1.0,0.07478196287120074,43,13.39671269618778,0.342628508835048,0.9660840749711436,0.05935360110083292,0.036873828533083894,0.060129642486572266,0.0,nan,0.0
-8.750771,31,1029.242937,0.0,1.0,-8.75077056648976,-8.75077056648976,0.0,0.0,0.0,1.0,0.07126296044209113,31,10.936867226588172,0.971370307940648,2.0,0.21954603733554964,0.12428538260921355,0.15654344712534257,0.0,nan,0.0
-8.353922,36,1029.873779,0.0,1.0,-8.353922075089677,-8.353922075089677,0.0,0.0,0.0,1.0,0.08444822694627944,36,12.57564238790586,1.1191707524538026,2.0,0.3248808913760715,0.05505734019809299,0.09269907739427355,0.0,nan,0.0
-8.542931,41,1030.615469,0.0,1.0,-8.542931016571151,-8.542931016571151,0.0,0.0,0.0,1.0,0.07328209649486642,41,11.780617504810198,1.203069426464041,2.0,0.37846987494608253,0.028635717019802186,0.04352381171249762,0.0,nan,0.0
-7.973428,42,1031.361863,0.0,1.0,-7.973428036263259,-7.973428036263259,0.0,0.0,0.0,1.0,0.07316148277287456,42,13.937226892443597,0.5144916756000176,1.2870710227604856,0.05217289924621582,0.052103854361034575,0.07591337817055839,0.0,nan,0.0
-8.154851,44,1032.116118,0.0,1.0,-8.154850718797913,-8.154850718797913,0.0,0.0,0.0,1.0,0.058636495922865135,44,13.830270522605115,0.8598704703510133,2.0,0.20091096515005286,0.06192469596862793,0.08465196869590065,0.0,nan,0.0
-8.743301,45,1032.862515,0.0,1.0,-8.74330092947341,-8.74330092947341,0.0,0.0,0.0,1.0,0.05824400203148011,45,13.259128325729415,0.4584486154834476,1.006499570972598,0.08520040512084961,0.08242449230617947,0.09548873371548122,0.0,nan,0.0
-7.93768,44,1033.543578,0.0,1.0,-7.937679516428723,-7.937679516428723,0.0,0.0,0.0,1.0,0.06861902829248014,44,13.767491600901325,0.491679588735407,0.9912518251649244,0.1699715879830447,0.027025981382890182,0.03284061496908015,0.0,nan,0.0
-8.753729,32,1034.119814,0.0,1.0,-8.753728602743903,-8.753728602743903,0.0,0.0,0.0,1.0,0.06786107156426047,32,11.257747252695847,0.8714768198210747,2.0,0.13253548927605152,0.05864915996789932,0.08989915996789932,0.0,nan,0.0
-9.403322,41,1034.784601,0.0,1.0,-9.40332198282016,-9.40332198282016,0.0,0.0,0.0,1.0,0.07339077658878974,41,14.00156760068008,0.5471689863440754,1.3181241503244323,0.07869865254658025,0.10431132083985864,0.12870156474229766,0.0,nan,0.0
-8.196354,42,1035.42982,0.0,1.0,-8.196353891310396,-8.196353891310396,0.0,0.0,0.0,1.0,0.06511535221633806,42,14.258452854546398,0.40955729042038863,0.9628622497086875,0.08730302254358928,0.03236411866687593,0.05617364247639974,0.0,nan,0.0
-8.291002,43,1036.130833,0.0,1.0,-8.291001610927953,-8.291001610927953,0.0,0.0,0.0,1.0,0.091278232147312,43,13.060380179986636,1.0238516870575844,2.0,0.39573191903358285,0.06548246394756228,0.08873827790105066,0.0,nan,0.0
-8.653735,33,1037.877298,0.0,1.0,-8.653734863321478,-8.653734863321478,0.0,0.0,0.0,1.0,0.07642669220679954,33,11.191578955647842,0.8922410048906837,2.0,0.22052307201154303,0.054743781234278824,0.08504681153730913,0.0,nan,0.0
-8.026755,41,1038.44261,0.0,1.0,-8.026755195518463,-8.026755195518463,0.0,0.0,0.0,1.0,0.07912946227038507,41,14.463944324786986,0.4414054808578358,0.9557527046540927,0.14926582429467178,0.036252812641422924,0.05727747010021675,0.0,nan,0.0
-8.100842,46,1039.208658,0.0,1.0,-8.100841586591834,-8.100841586591834,0.0,0.0,0.0,1.0,0.07066899578533353,46,12.83715626114276,0.995827819541757,2.0,0.111943112767261,0.08689539847166641,0.07358524073725162,0.0,nan,0.0
-8.470716,37,1039.766996,0.0,1.0,-8.470715898708127,-8.470715898708127,0.0,0.0,0.0,1.0,0.0801826014928642,37,11.35649271736498,0.8499895400545153,2.0,0.2691854270728859,0.08908368445731499,0.07779359173130344,0.0,nan,0.0
-8.563123,36,1040.385842,0.0,1.0,-8.563122589614297,-8.563122589614297,0.0,0.0,0.0,1.0,0.08349855614813909,36,11.4067805025264,0.9063381793981355,2.0,0.1988275150458018,0.051604648431142174,0.06870508856243557,0.0,nan,0.0
-7.986737,42,1041.054232,0.0,1.0,-7.986736642464701,-7.986736642464701,0.0,0.0,0.0,1.0,0.08015433860290082,42,13.984421029938078,0.3961211096137481,0.9805552759962594,0.08023770650227864,0.07413848241170247,0.09794800622122628,0.0,nan,0.0
-8.546069,36,1041.714518,0.0,1.0,-8.546068639285911,-8.546068639285911,0.0,0.0,0.0,1.0,0.06762523854855103,36,12.610540060849464,0.9377970419311422,2.0,0.32891230699088836,0.044653144147661,0.07243092192543878,0.0,nan,0.0
-8.017475,43,1042.417288,0.0,1.0,-8.017475289187466,-8.017475289187466,0.0,0.0,0.0,1.0,0.0604992287674368,43,14.091747339631416,0.4243889794208092,1.0093338631459308,0.1071468286736067,0.05977256353511367,0.0753798290740612,0.0,nan,0.0
-8.556048,48,1043.346606,0.0,1.0,-8.556047539498895,-8.556047539498895,0.0,0.0,0.0,1.0,0.05978821976351215,48,13.415570673339566,0.3931048109711426,0.9987230768681948,0.1870230734348297,0.03481186429659525,0.05564519762992859,0.0,nan,0.0
-8.020149,48,1044.047258,0.0,1.0,-8.020148754833121,-8.020148754833121,0.0,0.0,0.0,1.0,0.08002011144886773,48,13.075342226385528,0.46893878195909305,0.9779890428904365,0.16857124119997025,0.05562543869018555,0.07645877202351888,0.0,nan,0.0
-8.484994,38,1044.669878,0.0,1.0,-8.484994223831492,-8.484994223831492,0.0,0.0,0.0,1.0,0.08511020771166221,38,11.0525138462011,1.0531024283643693,2.0,0.2858755604216927,0.0599076371443899,0.07715792404977899,0.0,nan,0.0
-7.979406,41,1045.366691,0.0,1.0,-7.979406235078471,-7.979406235078471,0.0,0.0,0.0,1.0,0.06357599305823874,41,14.18090580511832,0.3857624264671251,1.3476926354906997,0.08779269020731856,0.031251732896013955,0.05564197679845298,0.0,nan,0.0
-8.010387,45,1046.105642,0.0,1.0,-8.010386936129015,-8.010386936129015,0.0,0.0,0.0,1.0,0.06715858350790291,45,13.464525083828502,0.5117477110482467,0.992652449055082,0.09544674025641547,0.09110508494906955,0.10895012219746908,0.0,nan,0.0
-10.029407,41,1046.620912,0.0,1.0,-10.029406827740344,-10.029406827740344,0.0,0.0,0.0,1.0,0.06772377411506914,41,13.68788584361367,0.5718909743347551,1.624760077041276,0.03985285758972168,0.07390309543144412,0.07706425829631526,0.0,nan,0.0
-8.651425,33,1047.293227,0.0,1.0,-8.6514246713917,-8.6514246713917,0.0,0.0,0.0,1.0,0.06361403325434203,33,10.96983312525474,1.1510120864975382,2.0,0.34216826431679004,0.06845432339292584,0.08768697940942013,0.0,nan,0.0
-8.058927,43,1047.99427,0.0,1.0,-8.058927410144742,-8.058927410144742,0.0,0.0,0.0,1.0,0.06851854989444944,43,14.023170219362967,0.5047860644520195,0.9840834926082559,0.10303118894266527,0.08729494449704192,0.11055075845053029,0.0,nan,0.0
-7.98354,45,1048.809525,0.0,1.0,-7.983539956690554,-7.983539956690554,0.0,0.0,0.0,1.0,0.05795634785162323,45,14.041644011007227,0.4809174733728978,0.9872560075788699,0.1843797551261054,0.04742565155029297,0.06761849721272786,0.0,nan,0.0
-8.612287,35,1049.382866,0.0,1.0,-8.61228670043115,-8.61228670043115,0.0,0.0,0.0,1.0,0.06561332139948792,35,13.165899857283181,1.0253910573210245,2.0,0.1744041187422616,0.02857142857142857,0.05714285714285714,0.0,nan,0.0
-8.416088,51,1050.042358,0.0,1.0,-8.416087830664152,-8.416087830664152,0.0,0.0,0.0,1.0,0.05917220215331,51,12.93299267159276,0.7609122349645427,2.0,0.2307934270185583,0.05667906648972455,0.07628690962697945,0.0,nan,0.0
-7.989351,43,1050.774329,0.0,1.0,-7.9893514459009225,-7.9893514459009225,0.0,0.0,0.0,1.0,0.06127871457243692,43,13.91401716013905,0.5099595452303839,0.9915022128397895,0.06860611605089764,0.0731587243634601,0.09641453831694848,0.0,nan,0.0
-7.900147,46,1051.53628,0.0,1.0,-7.900146556751897,-7.900146556751897,0.0,0.0,0.0,1.0,0.05858846861354291,46,13.445774819741468,0.46881502175320755,1.5010860884889814,0.12363122079683386,0.08304855097895084,0.09607208293417226,0.0,nan,0.0
-7.917054,42,1052.15242,0.0,1.0,-7.917054016729423,-7.917054016729423,0.0,0.0,0.0,1.0,0.0646312342654564,42,14.068057861795225,0.514088303488525,1.1832580502743562,0.06524711279642015,0.07492639337267194,0.09873591718219575,0.0,nan,0.0
-9.11649,44,1052.837086,0.0,1.0,-9.116490078484,-9.116490078484,0.0,0.0,0.0,1.0,0.06536916658946891,44,13.105903081961516,0.5356442907653223,1.4194972839756226,0.0981857559897683,0.05353546142578125,0.07626273415305397,0.0,nan,0.0
-8.386366,59,1053.76175,0.0,1.0,-8.386366109063726,-8.386366109063726,0.0,0.0,0.0,1.0,0.08053540929947837,59,12.538645578259784,0.8517676419659164,2.0,0.403552672620547,0.059535511469436905,0.07648466401180978,0.0,nan,0.0
-8.208447,43,1055.890173,0.0,1.0,-8.208447032999542,-8.208447032999542,0.0,0.0,0.0,1.0,0.06088058083620751,43,13.290367301083636,0.34416737816223497,0.9707332413410946,0.11088013926217723,0.023255813953488372,0.046511627906976744,0.0,nan,0.0
-7.925696,44,1056.638349,0.0,1.0,-7.925695984949397,-7.925695984949397,0.0,0.0,0.0,1.0,0.06617320220408171,44,13.65000884215566,0.5008065688697118,1.0138101882877135,0.19538863545114343,0.028130937706340443,0.05068846182389693,0.0,nan,0.0
-9.009015,44,1057.477489,0.0,1.0,-9.009014634483751,-9.009014634483751,0.0,0.0,0.0,1.0,0.06529649290963242,44,13.344515097789133,0.4943004019056661,1.0924967705859447,0.09087224711071361,0.043237236413088714,0.07034841992638328,0.0,nan,0.0
-8.029097,42,1058.089091,0.0,1.0,-8.02909735422278,-8.02909735422278,0.0,0.0,0.0,1.0,0.06651006411261448,42,14.553043360419512,0.4814685872858127,0.9682667602089965,0.12659848374979837,0.023809523809523808,0.047619047619047616,0.0,nan,0.0
-7.967349,43,1058.844713,0.0,1.0,-7.967349420845353,-7.967349420845353,0.0,0.0,0.0,1.0,0.06230952439695529,43,13.410559932943233,0.48449549535707565,1.230774568964898,0.15461465647054273,0.04802477082540823,0.06554430030113043,0.0,nan,0.0
-7.966823,43,1059.44137,0.0,1.0,-7.966822513883748,-7.966822513883748,0.0,0.0,0.0,1.0,0.08106805847997985,43,14.318373466496153,0.5750924422663756,2.0,0.10439924861109534,0.02702457960261855,0.050280393556106924,0.0,nan,0.0
-8.101644,44,1060.191804,0.0,1.0,-8.1016444313719,-8.1016444313719,0.0,0.0,0.0,1.0,0.07206331679780953,44,13.32751806065511,0.3576702242308894,0.9390750968767814,0.11432718417861244,0.06270061297850175,0.08542788570577448,0.0,nan,0.0
-8.023516,42,1060.983995,0.0,1.0,-8.023515749747858,-8.023515749747858,0.0,0.0,0.0,1.0,0.076071240892869,42,14.14488206248919,0.36972765444753464,0.9967452113407871,0.10218958059946696,0.05476428781236921,0.07857381162189302,0.0,nan,0.0
-7.958724,46,1061.722911,0.0,1.0,-7.958723826946272,-7.958723826946272,0.0,0.0,0.0,1.0,0.06236418802053987,46,13.113052306767756,0.48545513053140726,0.9919108092836741,0.14747376286465189,0.08007408484168675,0.08105205712111099,0.0,nan,0.0
-8.441979,43,1062.440762,0.0,1.0,-8.441979198821667,-8.441979198821667,0.0,0.0,0.0,1.0,0.10821314903150199,43,11.941992851148619,1.2095191572651278,2.0,0.3860083464966264,0.11922103305195653,0.1424768470054449,0.0,nan,0.0
-8.35236,38,1063.121698,0.0,1.0,-8.352359986642417,-8.352359986642417,0.0,0.0,0.0,1.0,0.09292370399398472,38,12.09625599812787,1.0061323217387268,2.0,0.2832517318035427,0.06130062278948332,0.08761641226316753,0.0,nan,0.0
-7.787687,44,1063.86289,0.0,1.0,-7.787686501639261,-7.787686501639261,0.0,0.0,0.0,1.0,0.07054436643412973,44,14.322198454540455,0.39021970869886097,1.0373709102247906,0.23416703939437866,0.022727272727272728,0.045454545454545456,0.0,nan,0.0
-8.173353,44,1064.507216,0.0,1.0,-8.173352850424639,-8.173352850424639,0.0,0.0,0.0,1.0,0.06816811768087844,44,13.468019933304829,0.9454538101717523,2.0,0.16109778664328836,0.08230427720329979,0.10503154993057251,0.0,nan,0.0
-8.160372,45,1065.210403,0.0,1.0,-8.16037154141932,-8.16037154141932,0.0,0.0,0.0,1.0,0.07847029131755566,45,12.967397631979182,0.43727196640628474,0.9547933907755838,0.11153645515441894,0.09054589801364475,0.10475713941786025,0.0,nan,0.0
-8.044227,44,1065.895679,0.0,1.0,-8.044227369400755,-8.044227369400755,0.0,0.0,0.0,1.0,0.06641808260320159,44,13.927456497738426,0.4651051768707344,0.9320415557102613,0.14630793035030365,0.0466748367656361,0.06940210949290883,0.0,nan,0.0
-8.084241,42,1066.562071,0.0,1.0,-8.084241085160386,-8.084241085160386,0.0,0.0,0.0,1.0,0.06876571552403489,42,14.798430850017233,0.713660539342874,2.0,0.19334758747191655,0.08865462030683245,0.10925295239403135,0.0,nan,0.0
-9.586355,42,1067.273369,0.0,1.0,-9.586354761350039,-9.586354761350039,0.0,0.0,0.0,1.0,0.05851934050507737,42,13.510868652163136,0.5526261468994219,1.3909011181145543,0.07150799887520927,0.0353350525810605,0.05914457639058431,0.0,nan,0.0
-7.731104,47,1068.034795,0.0,1.0,-7.731103983868333,-7.731103983868333,0.0,0.0,0.0,1.0,0.06099134073794896,47,13.69961059318347,0.4433940546392922,1.3957285396536567,0.15014434368052382,0.05923538005098383,0.08051197579566469,0.0,nan,0.0
-8.622897,38,1068.683446,0.0,1.0,-8.62289746006315,-8.62289746006315,0.0,0.0,0.0,1.0,0.0586119751736888,38,12.446604009481588,0.9129150749586549,2.0,0.23735489657050685,0.08047888780895032,0.10679467728263453,0.0,nan,0.0
-7.957421,48,1069.486679,0.0,1.0,-7.957421053368505,-7.957421053368505,0.0,0.0,0.0,1.0,0.06771580163373478,48,13.725122030633976,0.6025362913134131,2.0,0.3020041435956955,0.0691024512052536,0.08310243487358093,0.0,nan,0.0
-8.315135,37,1070.127662,0.0,1.0,-8.315134963307944,-8.315134963307944,0.0,0.0,0.0,1.0,0.06683021363272162,37,12.9367334292748,0.9753330660010562,2.0,0.3308402960364883,0.07859135318446804,0.10561838021149507,0.0,nan,0.0
-8.521344,39,1070.705158,0.0,1.0,-8.52134362031995,-8.52134362031995,0.0,0.0,0.0,1.0,0.08566309685987633,39,12.474908973473184,0.9838801960931914,2.0,0.26130322309640736,0.04989914405040252,0.07554016969142816,0.0,nan,0.0
-9.216103,44,1071.331867,0.0,1.0,-9.216102509787103,-9.216102509787103,0.0,0.0,0.0,1.0,0.059719440211692225,44,13.071903881490895,0.5234988404948061,1.2907027316939688,0.11177523840557445,0.1099285591732372,0.13265583190050992,0.0,nan,0.0
-8.644606,33,1071.702853,0.0,1.0,-8.644605656938118,-8.644605656938118,0.0,0.0,0.0,1.0,0.06946103011269636,33,11.40427582994092,1.1532238681801423,2.0,0.3465415130962025,0.030303030303030304,0.06060606060606061,0.0,nan,0.0
-7.975667,44,1073.723735,0.0,1.0,-7.975666790641233,-7.975666790641233,0.0,0.0,0.0,1.0,0.07421524896291326,44,13.632622741950335,0.45410713000750247,1.080635400804246,0.12046688998287375,0.0823212591084567,0.10504853183572943,0.0,nan,0.0
-8.7317,32,1074.350857,0.0,1.0,-8.731700368459546,-8.731700368459546,0.0,0.0,0.0,1.0,0.0848054046719835,32,10.586777165700628,0.9518890445669694,2.0,0.17294031754136086,0.1378708854317665,0.15110863745212555,0.0,nan,0.0
-8.125638,62,1075.295969,0.0,1.0,-8.125638205631594,-8.125638205631594,0.0,0.0,0.0,1.0,0.08974707744309045,62,13.048432991058464,0.8239463678886112,2.0,0.3250722361187781,0.12886485361283825,0.1417292933310232,0.0,nan,0.0
-8.084659,54,1076.225126,0.0,1.0,-8.084659307754524,-8.084659307754524,0.0,0.0,0.0,1.0,0.08654504984621135,54,14.135047856339497,0.7162451388202515,2.0,0.23389376975871898,0.03142534361945258,0.0499438621379711,0.0,nan,0.0
-7.96528,45,1076.975176,0.0,1.0,-7.965280399415137,-7.965280399415137,0.0,0.0,0.0,1.0,0.07884238084330258,45,13.85589581108587,0.485542745486196,0.9895362093840377,0.12727011309729683,0.050891139772203234,0.07311336199442546,0.0,nan,0.0
-8.017868,44,1077.780963,0.0,1.0,-8.017867934476193,-8.017867934476193,0.0,0.0,0.0,1.0,0.06441860084234435,44,12.963817401098556,0.4997140267767371,1.5607428552948226,0.08689029650254683,0.14453066479076038,0.1672579375180331,0.0,nan,0.0
-7.85587,48,1078.412978,0.0,1.0,-7.855870495225387,-7.855870495225387,0.0,0.0,0.0,1.0,0.06366776461753103,48,13.682965890428113,0.39744059890778094,1.4779943887286962,0.13879698452850184,0.059963569045066833,0.08079690237840016,0.0,nan,0.0
-8.487079,47,1079.210617,0.0,1.0,-8.48707901865514,-8.48707901865514,0.0,0.0,0.0,1.0,0.06414917345391219,47,13.702042548394173,0.4422781948580097,1.037473845308201,0.13877288331376744,0.09112884643230032,0.10429298624079278,0.0,nan,0.0
-7.978897,47,1079.906834,0.0,1.0,-7.978896659725814,-7.978896659725814,0.0,0.0,0.0,1.0,0.06693318383390875,47,13.54412698496682,0.4950094301052281,0.9842997101276336,0.1459350509846464,0.11581193639876995,0.13505831170589366,0.0,nan,0.0
-7.993116,44,1080.633029,0.0,1.0,-7.993116244506271,-7.993116244506271,0.0,0.0,0.0,1.0,0.05959093898524732,44,13.18791741782478,0.5119326086077369,1.0680161139450879,0.12425357103347778,0.09251504052769054,0.11524231325496327,0.0,nan,0.0
-7.95534,43,1081.33863,0.0,1.0,-7.955339939205213,-7.955339939205213,0.0,0.0,0.0,1.0,0.060249216138391855,43,14.225550415622626,0.43762271245814827,0.9775671962028925,0.15081196330314459,0.028280335803364597,0.05153614975685297,0.0,nan,0.0
-8.629344,32,1081.854914,0.0,1.0,-8.629343927519225,-8.629343927519225,0.0,0.0,0.0,1.0,0.060677483741508026,32,11.480939729624033,1.0182245342860234,2.0,0.21288823708891869,0.07991103082895279,0.11116103082895279,0.0,nan,0.0
-7.898834,45,1082.565168,0.0,1.0,-7.898834019192858,-7.898834019192858,0.0,0.0,0.0,1.0,0.05876842759477201,45,13.581015708312558,0.382998972196606,1.052199678415478,0.20389162169562447,0.05813257959153917,0.0803548018137614,0.0,nan,0.0
-8.0401,43,1083.181757,0.0,1.0,-8.040099546297004,-8.040099546297004,0.0,0.0,0.0,1.0,0.07170424287987011,43,14.075170250649053,0.5129931893418905,1.1101131083794165,0.09975463567778121,0.07354659257933151,0.09680240653281988,0.0,nan,0.0
-7.820105,45,1083.915133,0.0,1.0,-7.820105221010674,-7.820105221010674,0.0,0.0,0.0,1.0,0.08083962458858564,45,13.92518277004016,0.4796638245720387,1.5255575661749736,0.1355848338868883,0.050338527891370985,0.07256075011359321,0.0,nan,0.0
-8.082432,45,1084.606923,0.0,1.0,-8.082432418500655,-8.082432418500655,0.0,0.0,0.0,1.0,0.08087656321009849,45,13.394659963743587,0.38449852230513487,0.9946199927531105,0.12074401444858975,0.056634863217671715,0.07885708543989393,0.0,nan,0.0
-8.651708,32,1085.149998,0.0,1.0,-8.651707507514843,-8.651707507514843,0.0,0.0,0.0,1.0,0.06235245876416497,32,11.278895368007143,0.8965542735569269,2.0,0.19093093555420637,0.09878893941640854,0.13003893941640854,0.0,nan,0.0
-8.545871,42,1085.732999,0.0,1.0,-8.545871061567357,-8.545871061567357,0.0,0.0,0.0,1.0,0.08301596280092219,42,13.842795761330395,0.365299776189168,0.9583311650866589,0.09362791833423433,0.032091322399321054,0.05590084620884487,0.0,nan,0.0
-7.958437,46,1086.539403,0.0,1.0,-7.958437093997395,-7.958437093997395,0.0,0.0,0.0,1.0,0.06833796363309692,46,13.142557697925875,0.4893904135244895,1.1328933686122207,0.15568979926731275,0.07157626359359077,0.08018096115278162,0.0,nan,0.0
-8.118592,42,1087.217247,0.0,1.0,-8.1185915870474,-8.1185915870474,0.0,0.0,0.0,1.0,0.07656137075635155,42,13.70791805587777,0.4174644957988369,1.0136877535139588,0.0768899264789763,0.023809523809523808,0.047619047619047616,0.0,nan,0.0
-7.930058,46,1087.940184,0.0,1.0,-7.930058415693972,-7.930058415693972,0.0,0.0,0.0,1.0,0.07321016150763038,46,14.260637600115516,0.3888886481148422,0.9581601462701937,0.1726548671722412,0.10512071588765019,0.11675870936849843,0.0,nan,0.0
-8.113989,51,1088.710908,0.0,1.0,-8.113989234823478,-8.113989234823478,0.0,0.0,0.0,1.0,0.07779684962730679,51,13.715962620832943,0.7674268888370291,2.0,0.1739779401059244,0.11427541340098661,0.1338832565382415,0.0,nan,0.0
-8.101841,43,1089.391069,0.0,1.0,-8.101840870286665,-8.101840870286665,0.0,0.0,0.0,1.0,0.07449873746465475,43,13.358096934611991,0.3552815289202745,0.9566144783337326,0.0711702773737353,0.09852344490760981,0.11966425319050633,0.0,nan,0.0
-8.297465,40,1091.248783,0.0,1.0,-8.297464557014033,-8.297464557014033,0.0,0.0,0.0,1.0,0.06587654946797268,40,11.781472461339387,0.847366473312553,2.0,0.34814978688955306,0.08161174654960632,0.10661174654960633,0.0,nan,0.0
-8.109729,47,1091.971392,0.0,1.0,-8.109729256685368,-8.109729256685368,0.0,0.0,0.0,1.0,0.06618174000592646,47,12.936830661139686,0.38222405193995823,0.9956325795416004,0.16208275328291225,0.1345417042996021,0.1399949053500561,0.0,nan,0.0
-9.676954,43,1092.678274,0.0,1.0,-9.67695352004824,-9.67695352004824,0.0,0.0,0.0,1.0,0.07324877960538882,43,13.399196823791776,0.5633043847376064,1.5248147190721755,0.11668756812117821,0.07435216460117074,0.09760797855465911,0.0,nan,0.0
-7.907863,48,1093.438187,0.0,1.0,-7.907862530789141,-7.907862530789141,0.0,0.0,0.0,1.0,0.06424350321738852,48,13.474353757689085,0.407431705297802,1.251730968258086,0.2041576330860456,0.13462423781553903,0.1448373645544052,0.0,nan,0.0
-7.848103,53,1094.181029,0.0,1.0,-7.848102680276288,-7.848102680276288,0.0,0.0,0.0,1.0,0.08880981110081182,53,15.02363181424723,0.7706809092770748,2.0,0.19955910714167469,0.043288761714719376,0.062156686243021265,0.0,nan,0.0
-8.599119,39,1095.014799,0.0,1.0,-8.599119060044739,-8.599119060044739,0.0,0.0,0.0,1.0,0.08018876663127461,39,11.877360374334634,1.2586027790207783,2.0,0.361135265766046,0.0977175174615322,0.12335854310255784,0.0,nan,0.0
-8.074757,44,1095.73238,0.0,1.0,-8.074756864545485,-8.074756864545485,0.0,0.0,0.0,1.0,0.06255445668661014,44,13.575712200050141,0.7220071282648606,2.0,0.15070225975730203,0.18436199968511408,0.18946964090520685,0.0,nan,0.0
-8.882933,41,1096.417234,0.0,1.0,-8.88293287607451,-8.88293287607451,0.0,0.0,0.0,1.0,0.07230268112857022,41,14.020929819383705,0.41508687096369984,0.9548202068010976,0.09135735616451357,0.06337571725612734,0.08776596115856636,0.0,nan,0.0
-8.318283,37,1096.990474,0.0,1.0,-8.318283277370293,-8.318283277370293,0.0,0.0,0.0,1.0,0.07505122084050361,37,12.645265254807711,1.0677412828597037,2.0,0.2931880612631102,0.04748975264059531,0.07451677966762234,0.0,nan,0.0
-8.491084,45,1097.680073,0.0,1.0,-8.491084005043122,-8.491084005043122,0.0,0.0,0.0,1.0,0.06350573060866162,45,13.656322726985627,0.7429687493627437,2.0,0.11670478714836968,0.06659727626376682,0.08881949848598904,0.0,nan,0.0
-9.154592,43,1098.311965,0.0,1.0,-9.154591523422441,-9.154591523422441,0.0,0.0,0.0,1.0,0.07905631855488586,43,13.626824300486003,0.46525748174013865,0.972985872071924,0.10559209003004917,0.06695739613022915,0.08601156500882881,0.0,nan,0.0
-8.150788,42,1098.931629,0.0,1.0,-8.150787909011491,-8.150787909011491,0.0,0.0,0.0,1.0,0.05876691065866636,42,14.01346618631988,0.9503588029329193,2.0,0.18196921405338107,0.10744038649967738,0.12221703642890566,0.0,nan,0.0
-7.950957,45,1099.822545,0.0,1.0,-7.9509573468147945,-7.9509573468147945,0.0,0.0,0.0,1.0,0.06734778652502628,45,14.796005096792452,0.649925983963502,2.0,0.1405521485540602,0.07158748043908013,0.08984502951304117,0.0,nan,0.0
-8.316853,56,1100.593672,0.0,1.0,-8.316853342386025,-8.316853342386025,0.0,0.0,0.0,1.0,0.08898065041292204,56,14.629705223220947,0.8580696926910376,2.0,0.16598522875990188,0.09745576126234871,0.11531290411949158,0.0,nan,0.0
-7.911055,49,1101.319845,0.0,1.0,-7.911054680216848,-7.911054680216848,0.0,0.0,0.0,1.0,0.0712128349178753,49,13.302916610826498,0.6302353964924098,2.0,0.21686598962667036,0.13989903488937688,0.14455495075303681,0.0,nan,0.0
-8.399384,43,1101.99123,0.0,1.0,-8.399383796881896,-8.399383796881896,0.0,0.0,0.0,1.0,0.07507181639025746,43,12.235217462497378,1.0243117959345573,2.0,0.4296229329220084,0.08368553117264149,0.10694134512612986,0.0,nan,0.0
-8.134101,47,1102.753708,0.0,1.0,-8.134101007292992,-8.134101007292992,0.0,0.0,0.0,1.0,0.06329790343325795,47,11.949725261762568,0.5111600066998624,1.2510467143053359,0.10498464868423786,0.14929087618564038,0.1599147928521988,0.0,nan,0.0
-8.091503,44,1103.438989,0.0,1.0,-8.091502502864556,-8.091502502864556,0.0,0.0,0.0,1.0,0.06523248917920346,44,13.299687657924203,0.4353165672592187,0.9714546676249253,0.10268883542581038,0.1400267861106179,0.16275405883789062,0.0,nan,0.0
-8.036526,44,1104.169708,0.0,1.0,-8.036525533632858,-8.036525533632858,0.0,0.0,0.0,1.0,0.07659225326623582,44,14.206016333258079,0.49778002500177065,0.9855746133570372,0.12845682285048746,0.02372533082962036,0.04645260355689309,0.0,nan,0.0
-8.122489,44,1104.765705,0.0,1.0,-8.12248868498234,-8.12248868498234,0.0,0.0,0.0,1.0,0.06505167793972222,44,13.10314771109426,0.4422371767896325,0.9598896180607184,0.07951136068864302,0.1716178059577942,0.16664959625764328,0.0,nan,0.0
-7.937539,45,1105.506886,0.0,1.0,-7.937539164274823,-7.937539164274823,0.0,0.0,0.0,1.0,0.06645162250400943,45,12.9884544043173,0.5132893145007166,1.0860541517395592,0.1164051267835829,0.11750498877631294,0.1313544061448839,0.0,nan,0.0
-8.165201,45,1106.213628,0.0,1.0,-8.165201179578466,-8.165201179578466,0.0,0.0,0.0,1.0,0.08026563015467637,45,13.021875704238608,0.41143997877570226,0.9857531897397733,0.1361325873268975,0.08446505334642199,0.1066872755686442,0.0,nan,0.0
-9.161768,44,1106.92019,0.0,1.0,-9.161768446815541,-9.161768446815541,0.0,0.0,0.0,1.0,0.060244720660358915,44,12.737988514467496,0.5248508209279142,1.1523799209206342,0.11158756505359303,0.11184884201396596,0.13457611474123868,0.0,nan,0.0
-8.236029,49,1109.144715,0.0,1.0,-8.236028786323027,-8.236028786323027,0.0,0.0,0.0,1.0,0.07355132098267132,49,13.608544053008144,0.6880561053294272,2.0,0.17010178857920122,0.0535530727736804,0.0737133366721017,0.0,nan,0.0
-8.389881,39,1109.835851,0.0,1.0,-8.389880850955734,-8.389880850955734,0.0,0.0,0.0,1.0,0.07998145298849983,39,11.571521255775112,0.8060756962863876,2.0,0.31329286098480225,0.11338389531160012,0.11822226108648838,0.0,nan,0.0
-8.316235,40,1110.403102,0.0,1.0,-8.316235251002226,-8.316235251002226,0.0,0.0,0.0,1.0,0.08915614363344718,40,11.758280260666226,0.8645455105917611,2.0,0.34647139310836794,0.0912382572889328,0.10655751228332519,0.0,nan,0.0
-7.904645,45,1111.119545,0.0,1.0,-7.904645444631445,-7.904645444631445,0.0,0.0,0.0,1.0,0.08258095688623664,45,14.002396655737696,0.6483170398700608,2.0,0.23230811622407702,0.05968102349175347,0.0819032457139757,0.0,nan,0.0
-8.116564,43,1111.806742,0.0,1.0,-8.116563954657172,-8.116563954657172,0.0,0.0,0.0,1.0,0.08871621959699338,43,14.427605537632537,0.9498044544336486,2.0,0.3878207698810932,0.042884654776994574,0.06614046873048295,0.0,nan,0.0
-7.931268,45,1112.522358,0.0,1.0,-7.93126793046364,-7.93126793046364,0.0,0.0,0.0,1.0,0.06423420242445245,45,13.400214506662055,0.38486896478533167,1.2301252991604699,0.15961926248338487,0.06430640750461154,0.08652862972683377,0.0,nan,0.0
-8.473725,36,1113.127633,0.0,1.0,-8.473724861911464,-8.473724861911464,0.0,0.0,0.0,1.0,0.0911101481657631,36,11.153384973500653,0.8878185347370872,2.0,0.3222806519932217,0.06130969524383545,0.08908747302161323,0.0,nan,0.0
-8.418784,38,1113.789926,0.0,1.0,-8.41878355007249,-8.41878355007249,0.0,0.0,0.0,1.0,0.06402253356374261,38,12.335553815687446,0.751715479173141,2.0,0.24855206985222666,0.05910201449143259,0.0854178039651168,0.0,nan,0.0
-8.371498,38,1114.351912,0.0,1.0,-8.371498274234819,-8.371498274234819,0.0,0.0,0.0,1.0,0.07385984565299666,38,12.521500738254517,0.8167489097094587,2.0,0.24619543944534503,0.08232592908959639,0.1086417185632806,0.0,nan,0.0
-8.418455,43,1115.020554,0.0,1.0,-8.418454868691446,-8.418454868691446,0.0,0.0,0.0,1.0,0.0778629776247284,43,13.136259761618147,0.9672292619611603,2.0,0.26554056031759393,0.14587026418641555,0.16912607813990393,0.0,nan,0.0
-7.923267,45,1115.724052,0.0,1.0,-7.9232673223283605,-7.9232673223283605,0.0,0.0,0.0,1.0,0.07004399876459182,45,13.998651780329439,0.5093715880643358,0.9980236539314149,0.16447949409484863,0.047931273778279625,0.06599662039015028,0.0,nan,0.0
-7.849743,49,1116.433113,0.0,1.0,-7.849742920030263,-7.849742920030263,0.0,0.0,0.0,1.0,0.08603620018930012,49,13.70217675686506,0.4506410755213833,1.6009152192832203,0.19635547545491433,0.06881127552110322,0.08921943878640934,0.0,nan,0.0
-7.95443,48,1117.293198,0.0,1.0,-7.954429599000456,-7.954429599000456,0.0,0.0,0.0,1.0,0.06385662278943041,48,12.30075424226641,0.5011642170170596,1.181899928997185,0.16523434966802597,0.16296085715293884,0.2028737167517344,0.0,nan,0.0
-8.123273,46,1117.946614,0.0,1.0,-8.123272992784576,-8.123272992784576,0.0,0.0,0.0,1.0,0.0718100360825063,46,13.885235206909776,0.41001642320872184,1.2257628600919348,0.13714323613954627,0.12171244362126225,0.1193510890007019,0.0,nan,0.0
-8.560078,35,1118.492182,0.0,1.0,-8.560077920771992,-8.560077920771992,0.0,0.0,0.0,1.0,0.07095665352345544,35,11.603601432845688,0.7964220738138182,2.0,0.1971008607319423,0.03757858957563128,0.06615001814705986,0.0,nan,0.0
-7.994165,46,1119.222938,0.0,1.0,-7.994164625840604,-7.994164625840604,0.0,0.0,0.0,1.0,0.06465614016782081,46,13.665247212181326,0.4012964248775156,0.9540316023644823,0.1689635359722635,0.07020551484564076,0.0894382207289986,0.0,nan,0.0
-8.74555,32,1119.652118,0.0,1.0,-8.745550060258058,-8.745550060258058,0.0,0.0,0.0,1.0,0.0704829349613091,32,10.95403549319433,0.9811149701267309,2.0,0.23499667085707188,0.11610432714223862,0.14843159168958664,0.0,nan,0.0
-8.120945,48,1120.400325,0.0,1.0,-8.120944632390747,-8.120944632390747,0.0,0.0,0.0,1.0,0.05977055722546912,48,13.707602646343537,0.6837383087892434,2.0,0.22372343639532724,0.049437299370765686,0.07027063270409901,0.0,nan,0.0
-8.34752,38,1120.971152,0.0,1.0,-8.34751975830162,-8.34751975830162,0.0,0.0,0.0,1.0,0.07182646283877933,38,12.539567293705513,0.7942964470612456,2.0,0.21087349872840078,0.09924620703647011,0.12556199651015432,0.0,nan,0.0
-8.241559,45,1121.688741,0.0,1.0,-8.241559437584021,-8.241559437584021,0.0,0.0,0.0,1.0,0.09078684792445768,45,13.352846443695451,0.9476587319188587,2.0,0.42252351972791885,0.10058942370944553,0.12281164593166775,0.0,nan,0.0
-7.670466,46,1122.418812,0.0,1.0,-7.670466270006681,-7.670466270006681,0.0,0.0,0.0,1.0,0.0663998483393854,46,13.572506458188082,0.4362629783498882,1.4743802861763073,0.18436656633149023,0.06181513744851817,0.09548599305360214,0.0,nan,0.0
-8.021426,44,1123.211723,0.0,1.0,-8.0214257389949,-8.0214257389949,0.0,0.0,0.0,1.0,0.06811860630775843,44,13.630255006541022,0.4719270442300283,0.9839374339084866,0.1449863395907662,0.1547643461010673,0.1644445170055736,0.0,nan,0.0
-8.456691,46,1123.932525,0.0,1.0,-8.456690935221905,-8.456690935221905,0.0,0.0,0.0,1.0,0.06676395205879672,46,13.350509184598327,0.40088603653261856,0.9945854907315181,0.1292982334675996,0.13578358422154965,0.11404445378676704,0.0,nan,0.0
-8.429888,40,1124.598917,0.0,1.0,-8.429888138705044,-8.429888138705044,0.0,0.0,0.0,1.0,0.06543407809278692,40,12.447405836244853,0.7905130438427399,2.0,0.2156955234706402,0.0959511160850525,0.12605614066123963,0.0,nan,0.0
-8.84931,42,1126.522649,0.0,1.0,-8.849310345267607,-8.849310345267607,0.0,0.0,0.0,1.0,0.08133007535807,42,13.459692615905594,0.42269839819784527,1.0162556873466069,0.07639638015202113,0.13968280667350405,0.1398045647711981,0.0,nan,0.0
-8.08765,43,1127.114704,0.0,1.0,-8.087649842871185,-8.087649842871185,0.0,0.0,0.0,1.0,0.08039761238975247,43,13.529135776873739,0.8646348347531447,2.0,0.1731535279473593,0.04214828790620316,0.0602222902830257,0.0,nan,0.0
-8.722116,33,1127.550114,0.0,1.0,-8.722116397171424,-8.722116397171424,0.0,0.0,0.0,1.0,0.07010029130090296,33,10.511654702505904,1.1291156655092047,2.0,0.30285416678948834,0.11269914020191539,0.19637616475423178,0.0,nan,0.0
-8.292738,60,1128.398644,0.0,1.0,-8.292737532443299,-8.292737532443299,0.0,0.0,0.0,1.0,0.07169557519880199,60,12.823624951542088,0.8096260213272024,2.0,0.26502417971690495,0.08733616868654887,0.09154863158861797,0.0,nan,0.0
-8.187221,43,1129.102867,0.0,1.0,-8.187220658165277,-8.187220658165277,0.0,0.0,0.0,1.0,0.06097089379194705,43,13.330444897452015,0.3712237641333912,0.9787866737855638,0.11064816352932952,0.04859021375345629,0.07184602770694466,0.0,nan,0.0
-8.181626,49,1129.847212,0.0,1.0,-8.18162576823152,-8.18162576823152,0.0,0.0,0.0,1.0,0.08753373316787079,49,12.605852213146811,0.7958612600556074,2.0,0.36144696753852223,0.10063577184871751,0.11892603611459537,0.0,nan,0.0
-8.044466,44,1130.456375,0.0,1.0,-8.044466320989063,-8.044466320989063,0.0,0.0,0.0,1.0,0.06228921239573648,44,13.366083755058003,0.5123692344807901,0.9946134826005056,0.06791059537367387,0.0992385907606645,0.10797433419661089,0.0,nan,0.0
-8.041771,43,1131.135583,0.0,1.0,-8.041770671733502,-8.041770671733502,0.0,0.0,0.0,1.0,0.07469693593733227,43,13.734233787881402,0.9705515644727895,2.0,0.15336585322091745,0.08964228907296824,0.11289810302645661,0.0,nan,0.0
-7.911957,42,1131.783107,0.0,1.0,-7.911957496436526,-7.911957496436526,0.0,0.0,0.0,1.0,0.06951969568719622,42,14.368414048747544,0.46897288835964335,0.9517910849389115,0.11286382164273943,0.12410218091238112,0.15496713916460672,0.0,nan,0.0
-7.921952,44,1132.489688,0.0,1.0,-7.9219518478733555,-7.9219518478733555,0.0,0.0,0.0,1.0,0.06240597995031383,44,13.46862148314611,0.46002157728649135,1.0903099967217929,0.0714063210920854,0.16189414804632013,0.1458610106598247,0.0,nan,0.0
-8.381439,37,1133.139076,0.0,1.0,-8.381438760160282,-8.381438760160282,0.0,0.0,0.0,1.0,0.0746089523448214,37,11.928943294028635,0.9677813376500453,2.0,0.36093842419418126,0.12114995234721415,0.14817697937424118,0.0,nan,0.0
-7.763689,47,1133.77616,0.0,1.0,-7.763689301998937,-7.763689301998937,0.0,0.0,0.0,1.0,0.07587037013717861,47,13.693640175654027,0.4405580032294569,0.9681787153854923,0.271912397222316,0.06099221554208309,0.08226881128676394,0.0,nan,0.0
-8.40791,35,1134.316473,0.0,1.0,-8.407909966368681,-8.407909966368681,0.0,0.0,0.0,1.0,0.07697234012067053,35,12.435502068880863,0.9890628836580558,2.0,0.28727949942861286,0.13596957070486887,0.15063249724251884,0.0,nan,0.0
-8.44977,36,1134.998742,0.0,1.0,-8.449770352597607,-8.449770352597607,0.0,0.0,0.0,1.0,0.0706592267889923,36,12.308260499728561,0.8974034786598872,2.0,0.2557021313243442,0.04150646924972534,0.06928424702750312,0.0,nan,0.0
-8.830919,46,1135.723909,0.0,1.0,-8.830919486123259,-8.830919486123259,0.0,0.0,0.0,1.0,0.08042322214505469,46,13.395826026605803,0.4232997303275095,0.9950162710605763,0.1883946657180786,0.08908647298812866,0.08598062266474185,0.0,nan,0.0
-8.281171,48,1136.481525,0.0,1.0,-8.281171076018728,-8.281171076018728,0.0,0.0,0.0,1.0,0.0867788667318754,48,14.523648528230781,0.7632259595659159,2.0,0.2779699520518382,0.09065619359413783,0.09874309102694194,0.0,nan,0.0
-7.97598,49,1137.317677,0.0,1.0,-7.975980454650449,-7.975980454650449,0.0,0.0,0.0,1.0,0.06769695941920743,49,13.625966056039267,0.49383476475723903,0.9986368363398023,0.1620560118130275,0.07270632471357073,0.0903879671680684,0.0,nan,0.0
-9.013084,45,1138.02699,0.0,1.0,-9.01308447354817,-9.01308447354817,0.0,0.0,0.0,1.0,0.06495057632528846,45,12.973282121632115,0.388819493945253,0.9895618247256134,0.2232058260175917,0.12639595137702095,0.13994299040900338,0.0,nan,0.0
-7.917834,46,1138.88025,0.0,1.0,-7.917834450007431,-7.917834450007431,0.0,0.0,0.0,1.0,0.06814851453338788,46,14.433042330233558,0.674172183322613,2.0,0.20308443903923035,0.11910689136256343,0.1372408063515373,0.0,nan,0.0
-7.821493,45,1139.607838,0.0,1.0,-7.821493008001957,-7.821493008001957,0.0,0.0,0.0,1.0,0.06053191945177987,45,13.496202249432864,0.49191393237679576,0.9938397925871496,0.11699217955271403,0.06498478253682455,0.08026028209262424,0.0,nan,0.0
-8.733753,31,1140.03038,0.0,1.0,-8.733753007601598,-8.733753007601598,0.0,0.0,0.0,1.0,0.08963250437667998,31,11.053785623411066,1.1198885910546688,2.0,0.2517020894635108,0.0566797218015117,0.08656404479857414,0.0,nan,0.0
-7.95715,47,1140.968549,0.0,1.0,-7.9571498181114055,-7.9571498181114055,0.0,0.0,0.0,1.0,0.0721798682970469,47,13.214382266610428,0.7940617671026293,2.0,0.2686638717955731,0.1681664192930181,0.2029273915798106,0.0,nan,0.0
-8.101357,46,1141.663229,0.0,1.0,-8.10135740886839,-8.10135740886839,0.0,0.0,0.0,1.0,0.058265225252018486,46,13.281657291674119,0.7533519625893613,2.0,0.33418054749136383,0.17039433769557788,0.18732229523036792,0.0,nan,0.0
-8.711926,43,1142.410869,0.0,1.0,-8.711925546961801,-8.711925546961801,0.0,0.0,0.0,1.0,0.06487287173783952,43,13.642409998543615,0.4676964905542019,1.1402986124023278,0.0659208380898764,0.14432237314623456,0.172052777090738,0.0,nan,0.0
-8.222387,47,1144.592376,0.0,1.0,-8.222387150069919,-8.222387150069919,0.0,0.0,0.0,1.0,0.07767286150709517,47,10.935532578575685,0.9378911068925329,2.0,0.45636320367772526,0.15437121086932243,0.15456641988551362,0.0,nan,0.0
-7.843243,44,1145.305301,0.0,1.0,-7.843243489810223,-7.843243489810223,0.0,0.0,0.0,1.0,0.08436780980932988,44,14.05026798405791,0.6664369728175071,2.0,0.26811971312219446,0.07868898727677086,0.07983873378146779,0.0,nan,0.0
-8.321232,54,1146.184468,0.0,1.0,-8.32123211367628,-8.32123211367628,0.0,0.0,0.0,1.0,0.09319447562206874,54,14.132319713667007,0.8744359439634231,2.0,0.26968361216562764,0.11527115768856472,0.13378967620708324,0.0,nan,0.0
-7.917124,47,1146.915379,0.0,1.0,-7.917123975566907,-7.917123975566907,0.0,0.0,0.0,1.0,0.06987047438722988,47,13.83057029190791,0.5034051681437066,1.0487201634973353,0.1991548715753758,0.08759728898393347,0.10887388472861433,0.0,nan,0.0
-8.659947,45,1147.613114,0.0,1.0,-8.65994744597483,-8.65994744597483,0.0,0.0,0.0,1.0,0.06692154077725238,45,12.809570889307336,0.3875882493953968,0.9973607854540563,0.15308769676420425,0.12717776033613418,0.14536955886416966,0.0,nan,0.0
-7.984662,48,1148.319524,0.0,1.0,-7.984662317331882,-7.984662317331882,0.0,0.0,0.0,1.0,0.06765510576332721,48,14.316020275315303,0.41518500057334845,0.9768499392169357,0.20906191567579904,0.06448831657568614,0.08532164990901947,0.0,nan,0.0
-8.53111,45,1149.177594,0.0,1.0,-8.531110221045248,-8.531110221045248,0.0,0.0,0.0,1.0,0.08325339316047829,45,10.36738696153259,1.2343418182921975,2.0,0.4133639097213745,0.23232374986012777,0.23754239082336426,0.0,nan,0.0
-7.972915,45,1149.896869,0.0,1.0,-7.972914672665507,-7.972914672665507,0.0,0.0,0.0,1.0,0.06656847377931964,45,14.499644894894509,0.3969521756600636,1.329417028363001,0.16464299360911053,0.03340024948120117,0.055622471703423396,0.0,nan,0.0
-7.859306,46,1150.595276,0.0,1.0,-7.859306279174703,-7.859306279174703,0.0,0.0,0.0,1.0,0.08340198429179095,46,13.198352422057438,0.4403964660612856,0.9875007816603847,0.18720683131528937,0.0835450732189676,0.10528420365375021,0.0,nan,0.0
-8.597188,41,1151.209816,0.0,1.0,-8.5971875861913,-8.5971875861913,0.0,0.0,0.0,1.0,0.07534064782564573,41,11.696272714736917,1.0199108960868084,2.0,0.3325078051264693,0.09734220039553759,0.12173244429797661,0.0,nan,0.0
-7.960765,48,1151.9628,0.0,1.0,-7.960764625686881,-7.960764625686881,0.0,0.0,0.0,1.0,0.05836848479946553,48,13.702144541100935,0.3913304641990602,1.0120173903189524,0.31324506054321927,0.060945297280947365,0.0817786306142807,0.0,nan,0.0
-8.109451,45,1152.699446,0.0,1.0,-8.109450761020751,-8.109450761020751,0.0,0.0,0.0,1.0,0.06297560149094479,45,13.74077286108964,0.5644927878778686,1.7973887683714789,0.18742562664879692,0.050119360287984215,0.07130902608235677,0.0,nan,0.0
-7.972964,44,1153.410797,0.0,1.0,-7.972964295584491,-7.972964295584491,0.0,0.0,0.0,1.0,0.06641054582037098,44,13.434187433935447,0.48965118363452403,0.9947992049350056,0.13732616467909378,0.08649389987642114,0.10922117260369388,0.0,nan,0.0
-7.694864,51,1154.229922,0.0,1.0,-7.694864439776115,-7.694864439776115,0.0,0.0,0.0,1.0,0.07775281101833123,51,12.994227965657657,0.3886895132920339,0.9995584037244802,0.2065724035104116,0.11812953387989718,0.13725505856906667,0.0,nan,0.0
-7.959725,47,1154.956045,0.0,1.0,-7.959724549336626,-7.959724549336626,0.0,0.0,0.0,1.0,0.07567000042444169,47,14.056906337199706,0.7017838320292064,2.0,0.252409982554456,0.14621702153631982,0.16749361728100068,0.0,nan,0.0
-8.425111,36,1155.534185,0.0,1.0,-8.425111363447188,-8.425111363447188,0.0,0.0,0.0,1.0,0.06822954511487206,36,12.115377294627036,0.9079861130095797,2.0,0.30060356855392456,0.1452113456196255,0.16343760159280565,0.0,nan,0.0
-8.65221,34,1156.166634,0.0,1.0,-8.652209552257384,-8.652209552257384,0.0,0.0,0.0,1.0,0.09944951506515869,34,10.255949463359176,1.1503732266758382,2.0,0.4277539156815585,0.17558607984991634,0.2045542036785799,0.0,nan,0.0
-8.199091,50,1156.89313,0.0,1.0,-8.199090937607139,-8.199090937607139,0.0,0.0,0.0,1.0,0.08939523788686464,50,12.508532232257146,1.0545599991576282,2.0,0.47922990083694456,0.023011220693588255,0.04301122069358826,0.0,nan,0.0
-7.730002,45,1157.642115,0.0,1.0,-7.730002477625818,-7.730002477625818,0.0,0.0,0.0,1.0,0.06335384421808378,45,14.153861461529688,0.4070414920579547,1.4402567333244252,0.2163770768377516,0.08375419245825874,0.10597641468048095,0.0,nan,0.0
-7.756699,47,1158.523458,0.0,1.0,-7.756699425782933,-7.756699425782933,0.0,0.0,0.0,1.0,0.0697273884409643,47,14.663656210672531,0.6872509897588811,2.0,0.32704561061047493,0.07732714997961167,0.09641282862805306,0.0,nan,0.0
-8.157738,43,1159.111678,0.0,1.0,-8.15773831214848,-8.15773831214848,0.0,0.0,0.0,1.0,0.0785453671532546,43,13.590711641288863,0.3591583207016861,0.9607494503153123,0.09124586748522381,0.036543103151543195,0.05979891710503157,0.0,nan,0.0
-7.920956,46,1159.820627,0.0,1.0,-7.920955770356612,-7.920955770356612,0.0,0.0,0.0,1.0,0.07153413292050001,46,13.22347402920072,0.39279734107716097,0.9760801599312502,0.1736566126346588,0.17553675174713135,0.1577878335247869,0.0,nan,0.0
-8.033364,45,1161.977856,0.0,1.0,-8.033363708912717,-8.033363708912717,0.0,0.0,0.0,1.0,0.0729333556260453,45,12.890973503587894,0.4265071570944729,1.341308777729946,0.12278909683227539,0.14569271935356987,0.15527146657307941,0.0,nan,0.0
-8.088378,46,1162.707224,0.0,1.0,-8.088378051165193,-8.088378051165193,0.0,0.0,0.0,1.0,0.06618489693239084,46,14.211594565192414,0.42264421468307456,1.0095591330863614,0.1768538368784863,0.13961310749468597,0.15653094260588937,0.0,nan,0.0
-8.287109,41,1163.210851,0.0,1.0,-8.28710937213212,-8.28710937213212,0.0,0.0,0.0,1.0,0.08126128150260177,41,13.555725604228952,0.8994432144187257,2.0,0.3519608974456787,0.10089756221306033,0.12528780611549936,0.0,nan,0.0
-8.738734,32,1163.743248,0.0,1.0,-8.738733528777619,-8.738733528777619,0.0,0.0,0.0,1.0,0.08272937578648713,32,11.018784679158289,1.1644740336441073,2.0,0.3179593179374933,0.14034245535731316,0.1583201214671135,0.0,nan,0.0
-10.77107,43,1164.461618,0.0,1.0,-10.771069909777339,-10.771069909777339,0.0,0.0,0.0,1.0,0.06196402531917646,43,13.736618670402912,0.4654260832568886,0.9908640376027597,0.1574021855065989,0.1677430175071539,0.1912705648777097,0.0,nan,0.0
-8.305971,36,1165.015914,0.0,1.0,-8.305971078635725,-8.305971078635725,0.0,0.0,0.0,1.0,0.08180226822406939,36,11.551258131315441,1.1231212396129533,2.0,0.42813092552953297,0.11085836092631023,0.0989096247487598,0.0,nan,0.0
-9.05408,45,1165.776924,0.0,1.0,-9.054080256255848,-9.054080256255848,0.0,0.0,0.0,1.0,0.08175780183471489,45,13.464520199104582,0.5410875038913756,1.4054620511532134,0.19427327050103083,0.12664002842373318,0.1488622506459554,0.0,nan,0.0
-7.345492,54,1166.553604,0.0,1.0,-7.3454920741775345,-7.3454920741775345,0.0,0.0,0.0,1.0,0.0845312701723901,54,14.30156041728455,0.5943351260210764,2.0,0.3155151379329187,0.054855803648630776,0.07056663875226621,0.0,nan,0.0
-8.312278,44,1167.350577,0.0,1.0,-8.312277729419364,-8.312277729419364,0.0,0.0,0.0,1.0,0.09933282250326828,44,11.883558204007379,1.2333569211096624,2.0,0.4060268375006589,0.08648625016212463,0.12424544583667409,0.0,nan,0.0
-8.581237,36,1167.797369,0.0,1.0,-8.581237132181776,-8.581237132181776,0.0,0.0,0.0,1.0,0.08448470058661463,36,10.647408640434525,0.9144444407071407,2.0,0.27494338154792786,0.11231640312406752,0.10747305552164714,0.0,nan,0.0
-8.424184,36,1168.411514,0.0,1.0,-8.424184041917492,-8.424184041917492,0.0,0.0,0.0,1.0,0.09370569305057741,36,12.257997782839617,1.138073403021567,2.0,0.35284971611367333,0.13424604468875462,0.1505111191007826,0.0,nan,0.0
-7.781448,48,1169.227736,0.0,1.0,-7.781447556765436,-7.781447556765436,0.0,0.0,0.0,1.0,0.062379533312803236,48,13.278448374136957,0.4106703011816226,0.9870412246869922,0.28046049115558463,0.10365936408440272,0.11514906336863835,0.0,nan,0.0
-8.492722,49,1169.977563,0.0,1.0,-8.492721972798783,-8.492721972798783,0.0,0.0,0.0,1.0,0.0678157303066307,49,13.552912532143598,0.3914930010126494,0.9921814122567235,0.2667171200927423,0.09812692720062878,0.11557479780547474,0.0,nan,0.0
-8.996606,43,1170.649648,0.0,1.0,-8.996606462869813,-8.996606462869813,0.0,0.0,0.0,1.0,0.08218032673750915,43,13.734428895239738,0.44925703156157903,0.9662712212144454,0.14668120339859364,0.1338175285694211,0.14503970811533373,0.0,nan,0.0
-8.333406,41,1171.112041,0.0,1.0,-8.333406280661217,-8.333406280661217,0.0,0.0,0.0,1.0,0.09331158007790571,41,10.918104730943915,0.956644199037156,2.0,0.4206113560897548,0.0657611213079313,0.09015136521037032,0.0,nan,0.0
-7.883755,43,1172.291986,0.0,1.0,-7.883754757924917,-7.883754757924917,0.0,0.0,0.0,1.0,0.0765253154078912,43,14.48298088304845,0.8529762606209051,2.0,0.1966449410416359,0.09062825247298839,0.11306701704513195,0.0,nan,0.0
-7.619469,56,1173.233519,0.0,1.0,-7.619468591611952,-7.619468591611952,0.0,0.0,0.0,1.0,0.07731801615901278,56,12.847297139280395,0.5151043963984522,2.0,0.291399468268667,0.14169915871960775,0.14223883620330266,0.0,nan,0.0
-8.181371,38,1173.806205,0.0,1.0,-8.181370898706435,-8.181370898706435,0.0,0.0,0.0,1.0,0.09457536223354755,38,12.52954152615776,0.9912191237074922,2.0,0.31040106478490326,0.11247328394337704,0.14222800104241623,0.0,nan,0.0
-9.11353,44,1174.511334,0.0,1.0,-9.11352974984704,-9.11352974984704,0.0,0.0,0.0,1.0,0.07824698127475388,44,14.24849211434644,0.5164586265183263,1.075460333347053,0.15358126976273276,0.09530761567029086,0.11803488839756358,0.0,nan,0.0
-7.387425,61,1175.566266,0.0,1.0,-7.3874245393915,-7.3874245393915,0.0,0.0,0.0,1.0,0.07404078656800511,61,12.4672552619902,0.5788006076958673,2.0,0.3411362605993865,0.10891747670095475,0.12555708650682793,0.0,nan,0.0
-7.95337,51,1176.320471,0.0,1.0,-7.953370201658519,-7.953370201658519,0.0,0.0,0.0,1.0,0.09190608136525813,51,13.872129039386127,0.9908303149628023,2.0,0.3518630984951468,0.10659993162342146,0.12586065834643795,0.0,nan,0.0
-8.041175,47,1176.985711,0.0,1.0,-8.041174673677606,-8.041174673677606,0.0,0.0,0.0,1.0,0.12826800454797438,47,13.888441073759054,1.3234764678162418,2.0,0.5034672903253677,0.057557430673152846,0.0788340264178337,0.0,nan,0.0
-7.991263,50,1177.766974,0.0,1.0,-7.991263380377164,-7.991263380377164,0.0,0.0,0.0,1.0,0.07635805934688014,50,14.382911859977154,0.42069043929263406,0.9976289642810382,0.3624149715900421,0.07224275350570679,0.08857762098312377,0.0,nan,0.0
-7.866196,47,1180.302015,0.0,1.0,-7.86619557163862,-7.86619557163862,0.0,0.0,0.0,1.0,0.06905094392195651,47,12.928328186212406,0.43445058298370937,0.9963366407502521,0.14306081609523041,0.06654819529107277,0.08697373309033982,0.0,nan,0.0
-7.875703,46,1181.053585,0.0,1.0,-7.875703257560005,-7.875703257560005,0.0,0.0,0.0,1.0,0.08215545208744858,46,13.99376416756447,0.4826409877210916,0.995598359409496,0.19750022823395935,0.1382468394611193,0.14377227295999942,0.0,nan,0.0
-8.796172,44,1181.697488,0.0,1.0,-8.796171977668674,-8.796171977668674,0.0,0.0,0.0,1.0,0.06219330385518468,44,13.802617485650257,0.4290805594717963,0.9579985541312956,0.18037504228678616,0.0846459296616641,0.10737320238893683,0.0,nan,0.0
-8.349859,47,1182.321436,0.0,1.0,-8.349859462406037,-8.349859462406037,0.0,0.0,0.0,1.0,0.09948236612663622,47,11.487395973949505,1.2017239920260037,2.0,0.3526394189672267,0.1480202446592615,0.17047582027759958,0.0,nan,0.0
-8.076234,50,1183.140813,0.0,1.0,-8.076234066570088,-8.076234066570088,0.0,0.0,0.0,1.0,0.06875761434909006,50,12.945904422026649,0.531463228441327,1.8287153486089247,0.23498364090919494,0.08567906856536865,0.101952965259552,0.0,nan,0.0
-7.768425,53,1183.821657,0.0,1.0,-7.768424925072759,-7.768424925072759,0.0,0.0,0.0,1.0,0.0668403382345109,53,13.433065388362543,0.5113212004771513,1.3802870183849814,0.2559087074027871,0.1208780419151738,0.13876858522307198,0.0,nan,0.0
-7.894661,47,1184.433992,0.0,1.0,-7.8946612410616215,-7.8946612410616215,0.0,0.0,0.0,1.0,0.08280198504112636,47,13.372227267903654,0.49276065012836956,0.9906194473605855,0.30025952039880954,0.12808198624468864,0.14048117779670877,0.0,nan,0.0
-8.374156,44,1185.169074,0.0,1.0,-8.374156008047473,-8.374156008047473,0.0,0.0,0.0,1.0,0.1099198798556742,44,12.108253535793358,1.3691849636446276,2.0,0.5758081335913051,0.10415788672187111,0.12296545234593478,0.0,nan,0.0
-8.786561,45,1185.948945,0.0,1.0,-8.786560585898075,-8.786560585898075,0.0,0.0,0.0,1.0,0.0629690937592838,45,13.775488503324064,0.43664952362152504,0.9460132009591893,0.1604514678319295,0.09497558540768093,0.10743228329552544,0.0,nan,0.0
-7.817,50,1186.731057,0.0,1.0,-7.816999995738144,-7.816999995738144,0.0,0.0,0.0,1.0,0.06439465076514843,50,13.277442722150035,0.4605350866604914,0.994232376595916,0.1695062780380249,0.12782543182373046,0.14782543182373048,0.0,nan,0.0
-8.290906,40,1187.299653,0.0,1.0,-8.29090550181144,-8.29090550181144,0.0,0.0,0.0,1.0,0.08905620646593634,40,12.074092867654567,0.8142599179049416,2.0,0.3576549977064133,0.05921981334686279,0.08421981334686279,0.0,nan,0.0
-7.619017,51,1188.14499,0.0,1.0,-7.619017323901607,-7.619017323901607,0.0,0.0,0.0,1.0,0.0806757080013309,51,12.976922640785446,0.5221801527333234,1.0468972409147022,0.2876689632733663,0.14402497983446308,0.15207335060718014,0.0,nan,0.0
-8.737387,33,1188.689072,0.0,1.0,-8.737386730632728,-8.737386730632728,0.0,0.0,0.0,1.0,0.09285051144670631,33,10.304802347425145,1.132835017938835,2.0,0.35116846272439667,0.09301192471475313,0.1107567801620021,0.0,nan,0.0
-8.465113,33,1189.197582,0.0,1.0,-8.465112629675676,-8.465112629675676,0.0,0.0,0.0,1.0,0.08704773601979865,33,11.421898401419334,1.0127272497937252,2.0,0.37062851587931317,0.11759946924267393,0.14875613920616382,0.0,nan,0.0
-7.83352,47,1189.930817,0.0,1.0,-7.833519937914147,-7.833519937914147,0.0,0.0,0.0,1.0,0.06526218644461192,47,13.638568776961755,0.46169580750192096,0.9646608129402505,0.2539564459881884,0.09733164817728895,0.1186082439219698,0.0,nan,0.0
-8.614015,39,1190.616425,0.0,1.0,-8.61401463368927,-8.61401463368927,0.0,0.0,0.0,1.0,0.06971370083285705,39,11.650718502366225,1.1348618612362418,2.0,0.407750462110226,0.06469937776907897,0.08624980388543545,0.0,nan,0.0
-7.807357,47,1191.392636,0.0,1.0,-7.807357028129163,-7.807357028129163,0.0,0.0,0.0,1.0,0.06365963272325276,47,15.540165342222053,0.6514206396383693,2.0,0.19270152360834975,0.053690852002894626,0.07496744774757548,0.0,nan,0.0
-7.665195,50,1192.118573,0.0,1.0,-7.665195222619838,-7.665195222619838,0.0,0.0,0.0,1.0,0.0749890751866529,50,13.176570583469772,0.46267746851773967,1.804775001990873,0.2320502543449402,0.07648726224899292,0.09250795602798462,0.0,nan,0.0
-8.126586,48,1192.868037,0.0,1.0,-8.126586395449682,-8.126586395449682,0.0,0.0,0.0,1.0,0.07259435443140892,48,13.773884892562934,0.474330269853488,0.9792941949325878,0.20539870051046213,0.13338911285003027,0.15065268178780875,0.0,nan,0.0
-7.553853,59,1193.810781,0.0,1.0,-7.553853370677665,-7.553853370677665,0.0,0.0,0.0,1.0,0.07033733355065405,59,13.97454303968202,0.6191577202796139,2.0,0.3415754225294469,0.1539279505357904,0.1418376554877071,0.0,nan,0.0
-8.380831,48,1194.574396,0.0,1.0,-8.380830955636377,-8.380830955636377,0.0,0.0,0.0,1.0,0.06496670436707944,48,13.314738556446557,0.3755834206938666,0.9750278530903004,0.22407699873050055,0.0803118348121643,0.0900619849562645,0.0,nan,0.0
-8.402126,38,1195.155515,0.0,1.0,-8.40212558503875,-8.40212558503875,0.0,0.0,0.0,1.0,0.09304336073457968,38,13.06705532385907,1.2671505887765162,2.0,0.3941086758124201,0.11670933271709241,0.13353390442697624,0.0,nan,0.0
-7.391557,55,1197.525016,0.0,1.0,-7.391556649535023,-7.391556649535023,0.0,0.0,0.0,1.0,0.07717288461549049,55,13.513856497632386,0.4194262363065906,0.9829582020302039,0.32228841131383723,0.02930348352952437,0.047485301711342555,0.0,nan,0.0
-8.340393,53,1198.502704,0.0,1.0,-8.340392835775463,-8.340392835775463,0.0,0.0,0.0,1.0,0.0666226591659603,53,13.03477999021431,0.44848290980607863,0.9972792680713495,0.23061292801263197,0.08199033422290154,0.09825988310687947,0.0,nan,0.0
-8.474687,41,1199.152136,0.0,1.0,-8.474687104501342,-8.474687104501342,0.0,0.0,0.0,1.0,0.10966428422798769,41,10.38083778902387,1.2510876484559323,2.0,0.6614899875187292,0.092039390308101,0.11642963421054003,0.0,nan,0.0
-8.477148,52,1199.943083,0.0,1.0,-8.477148236326075,-8.477148236326075,0.0,0.0,0.0,1.0,0.06281925908810443,52,12.565144986908404,0.37612413620734253,0.9733927879747759,0.212502818268079,0.12920627227196327,0.1410751067675077,0.0,nan,0.0
-8.083353,45,1200.639068,0.0,1.0,-8.083353423836503,-8.083353423836503,0.0,0.0,0.0,1.0,0.06564956226023091,45,13.1336929838466,0.44439876505293985,1.0350997419038712,0.3788836651378208,0.11249095069037543,0.13471317291259766,0.0,nan,0.0
-8.542785,39,1201.202837,0.0,1.0,-8.542784525368255,-8.542784525368255,0.0,0.0,0.0,1.0,0.09441933052928361,39,12.51738006859033,0.9680944557979703,2.0,0.2820234191723359,0.18574641301081732,0.18516840078891852,0.0,nan,0.0
-7.804331,50,1201.87451,0.0,1.0,-7.804331005773722,-7.804331005773722,0.0,0.0,0.0,1.0,0.06966322970056478,50,14.266562820361406,0.4774184640464057,1.266055091690107,0.28518121123313905,0.06020980834960937,0.07743069171905517,0.0,nan,0.0
-8.772755,35,1202.475859,0.0,1.0,-8.772754664182818,-8.772754664182818,0.0,0.0,0.0,1.0,0.08098589919493189,35,9.491038656453767,1.015877721704179,2.0,0.5079331321375711,0.20693939413343157,0.19458425045013428,0.0,nan,0.0
-8.673646,30,1202.867956,0.0,1.0,-8.67364625743334,-8.67364625743334,0.0,0.0,0.0,1.0,0.07740592070792238,30,11.103176799225361,1.1095355665878477,2.0,0.30516717086235684,0.11324047644933065,0.12339788675308228,0.0,nan,0.0
-8.188092,47,1203.609757,0.0,1.0,-8.188091946425756,-8.188091946425756,0.0,0.0,0.0,1.0,0.06642447058161034,47,13.604162039796286,0.40526938509999005,0.9768195369224013,0.1865591622413473,0.09680175020339642,0.11509086223358804,0.0,nan,0.0
-7.594274,51,1204.49192,0.0,1.0,-7.594274316865489,-7.594274316865489,0.0,0.0,0.0,1.0,0.083496530993455,51,13.834322844286355,0.47011952178003685,1.0410516830794478,0.2383763825192171,0.09594174226125081,0.1409069580190322,0.0,nan,0.0
-8.393305,56,1205.256573,0.0,1.0,-8.393305062639735,-8.393305062639735,0.0,0.0,0.0,1.0,0.0830870985433056,56,13.006542096452508,0.813230705571628,2.0,0.3320841533797128,0.1091896380696978,0.11586234186376844,0.0,nan,0.0
-8.140861,45,1206.055859,0.0,1.0,-8.14086145994208,-8.14086145994208,0.0,0.0,0.0,1.0,0.09221103207666195,45,12.06345824715619,1.0874911868984771,2.0,0.5512540287441677,0.09998538229200575,0.12656244171990289,0.0,nan,0.0
-7.859967,56,1206.832645,0.0,1.0,-7.85996749079676,-7.85996749079676,0.0,0.0,0.0,1.0,0.06594460248255565,56,13.191097530819535,0.5473043813329463,2.0,0.21433056305561746,0.0821604196514402,0.09035042566912514,0.0,nan,0.0
-8.497309,41,1207.450295,0.0,1.0,-8.49730938271009,-8.49730938271009,0.0,0.0,0.0,1.0,0.09786733402566458,41,11.719763411283225,1.2538544309257262,2.0,0.41578020191774134,0.11524671461524033,0.13963695851767935,0.0,nan,0.0
-7.982931,44,1208.130346,0.0,1.0,-7.9829306898337276,-7.9829306898337276,0.0,0.0,0.0,1.0,0.08389266276664199,44,11.94864784115603,0.6940896342102193,2.0,0.29779287021268497,0.15096223896200006,0.16210958903486078,0.0,nan,0.0
-7.904082,47,1208.854083,0.0,1.0,-7.904081930138085,-7.904081930138085,0.0,0.0,0.0,1.0,0.07151623773321794,47,13.745410411615365,0.5010871375257253,0.9747673048096085,0.19682589553772134,0.10953099169629685,0.12508931565792003,0.0,nan,0.0
-8.221716,45,1209.610621,0.0,1.0,-8.221715525950053,-8.221715525950053,0.0,0.0,0.0,1.0,0.09434218549981614,45,12.710295570868887,1.0590253922862831,2.0,0.39359856049219766,0.14854430357615153,0.17076652579837376,0.0,nan,0.0
-7.935227,48,1210.386686,0.0,1.0,-7.9352274530568785,-7.9352274530568785,0.0,0.0,0.0,1.0,0.06647715693467797,48,14.274401615599688,0.3845445552957935,0.99268286185137,0.3114078678190708,0.055328369140625,0.07616170247395833,0.0,nan,0.0
-8.163733,40,1211.080861,0.0,1.0,-8.163733493935313,-8.163733493935313,0.0,0.0,0.0,1.0,0.07627742848345465,40,12.093732138199801,0.7404217368579946,2.0,0.41843492686748507,0.11386303901672364,0.10192431807518006,0.0,nan,0.0
-7.836818,54,1211.851979,0.0,1.0,-7.836817558733355,-7.836817558733355,0.0,0.0,0.0,1.0,0.06902940342362825,54,12.255606079363712,0.3903099478336544,0.9926684818881445,0.31874657505088383,0.14355465880146734,0.15280337907649852,0.0,nan,0.0
-8.611883,34,1212.491551,0.0,1.0,-8.611883420216905,-8.611883420216905,0.0,0.0,0.0,1.0,0.10295300574927405,34,11.155655859024028,1.176849784027121,2.0,0.5699539000497145,0.1700272560119629,0.1997981211718391,0.0,nan,0.0
-8.38432,47,1213.278464,0.0,1.0,-8.3843198877619,-8.3843198877619,0.0,0.0,0.0,1.0,0.09159163494506756,47,12.136834681942718,0.8509497766247687,2.0,0.23610149672690858,0.18204454158214814,0.15746355056762695,0.0,nan,0.0
-7.89914,48,1215.271206,0.0,1.0,-7.899140295150238,-7.899140295150238,0.0,0.0,0.0,1.0,0.08221335439504511,48,13.68224275018069,0.45454286090832835,0.9980231642861374,0.2692296989262104,0.054380531112353005,0.07521386444568634,0.0,nan,0.0
-8.246976,41,1215.95134,0.0,1.0,-8.246975891805096,-8.246975891805096,0.0,0.0,0.0,1.0,0.10318070850301861,41,9.722620383160027,1.1428119328931283,2.0,0.509885096331922,0.1463002664286916,0.14160011745080714,0.0,nan,0.0
-7.727861,48,1216.693628,0.0,1.0,-7.727861134066972,-7.727861134066972,0.0,0.0,0.0,1.0,0.06280715658313968,48,13.692868495169918,0.527390824364778,0.9882316830611504,0.36136670286456746,0.05594457685947418,0.07677791019280751,0.0,nan,0.0
-7.663822,56,1217.536818,0.0,1.0,-7.663822121402382,-7.663822121402382,0.0,0.0,0.0,1.0,0.1159278901607929,56,12.298293706950416,1.1813096506968574,2.0,0.5543228382510799,0.11816839022295815,0.136025533080101,0.0,nan,0.0
-7.755564,45,1218.272499,0.0,1.0,-7.75556357175749,-7.75556357175749,0.0,0.0,0.0,1.0,0.08628660615776383,45,13.35785586014031,0.6149170745677617,2.0,0.3283509347173903,0.05984418392181397,0.07925177812576294,0.0,nan,0.0
-7.704383,50,1219.109959,0.0,1.0,-7.70438296032024,-7.70438296032024,0.0,0.0,0.0,1.0,0.07466452123962919,50,13.18841065116286,0.5206075525183422,0.9957890094310928,0.26164249241352083,0.0773018765449524,0.10242700099945068,0.0,nan,0.0
-7.560693,54,1219.985821,0.0,1.0,-7.560693278990823,-7.560693278990823,0.0,0.0,0.0,1.0,0.07833396220850297,54,13.364412051700313,0.6445520882723925,2.0,0.26806888812118107,0.09541073551884403,0.13574758503172132,0.0,nan,0.0
-7.094737,57,1220.842741,0.0,1.0,-7.094736589805297,-7.094736589805297,0.0,0.0,0.0,1.0,0.07373195454975123,57,13.879804608150984,0.5707973505250976,2.0,0.3391690588833993,0.08472182248768054,0.09847935668209143,0.0,nan,0.0
-8.367576,38,1221.518276,0.0,1.0,-8.367576477697753,-8.367576477697753,0.0,0.0,0.0,1.0,0.08436303591047274,38,10.461822567349122,1.1278915687867797,2.0,0.5277767675487619,0.1097463839932492,0.12208789273312218,0.0,nan,0.0
-7.668601,47,1222.213803,0.0,1.0,-7.668601414008641,-7.668601414008641,0.0,0.0,0.0,1.0,0.06678477342108041,47,13.823563293013068,0.5066156772993029,1.4369868481613537,0.29736121918292757,0.059921529698879164,0.05090203310580964,0.0,nan,0.0
-7.222185,56,1223.011203,0.0,1.0,-7.2221845087639505,-7.2221845087639505,0.0,0.0,0.0,1.0,0.07030789720674646,56,13.756367804973278,0.589428593089384,2.0,0.3365454136260918,0.09173591434955597,0.10786221921443939,0.0,nan,0.0
-7.842271,52,1223.857688,0.0,1.0,-7.8422712179173235,-7.8422712179173235,0.0,0.0,0.0,1.0,0.069982416638689,52,12.907408099436823,0.4343317927661859,0.9659601587432395,0.3112107234505507,0.12687689524430495,0.1387091622902797,0.0,nan,0.0
-7.896361,47,1224.538101,0.0,1.0,-7.896361154255178,-7.896361154255178,0.0,0.0,0.0,1.0,0.0636357674719753,47,14.339645599451496,0.5220630071833697,1.7166111346604425,0.22791942890654218,0.08046872057813279,0.10174531632281364,0.0,nan,0.0
-7.345558,53,1225.525282,0.0,1.0,-7.345557745484154,-7.345557745484154,0.0,0.0,0.0,1.0,0.06702714852814107,53,13.848747649916659,0.49718699263234584,1.2668556776779023,0.2942897632436932,0.13591381963693872,0.15627423547348887,0.0,nan,0.0
-8.486063,40,1226.107588,0.0,1.0,-8.48606329793273,-8.48606329793273,0.0,0.0,0.0,1.0,0.09068354448460672,40,10.507656179894486,1.2441579362596518,2.0,0.5595729362219573,0.08643394112586975,0.11060635149478912,0.0,nan,0.0
-8.022609,41,1226.724354,0.0,1.0,-8.022609171235437,-8.022609171235437,0.0,0.0,0.0,1.0,0.06655381388064056,41,12.762202516005107,0.6723062711441394,2.0,0.35823821367287056,0.10319049474669666,0.13930243108330703,0.0,nan,0.0
-8.255454,40,1227.43031,0.0,1.0,-8.255454477289366,-8.255454477289366,0.0,0.0,0.0,1.0,0.11019332889468715,40,11.522082570761988,1.2036002636406693,2.0,0.5161966294050216,0.17882615625858306,0.20341716408729554,0.0,nan,0.0
-7.746362,45,1228.186025,0.0,1.0,-7.746361769989276,-7.746361769989276,0.0,0.0,0.0,1.0,0.13548084536757704,45,14.628547990942353,1.256332514793302,2.0,0.4873912870883942,0.11775088045332167,0.13980536460876464,0.0,nan,0.0
-8.095755,39,1228.76321,0.0,1.0,-8.095754525691206,-8.095754525691206,0.0,0.0,0.0,1.0,0.0758491492667971,39,12.846694265406999,0.5737224927247899,1.973581007916353,0.33868320018817216,0.0583192874223758,0.08551552968147473,0.0,nan,0.0
-7.680532,54,1229.555688,0.0,1.0,-7.680532013512478,-7.680532013512478,0.0,0.0,0.0,1.0,0.06173804453658145,54,13.0975176505546,0.6476183730351729,2.0,0.34609828889369965,0.19710396837305139,0.21364908085929024,0.0,nan,0.0
-8.321411,37,1230.182724,0.0,1.0,-8.321410729054515,-8.321410729054515,0.0,0.0,0.0,1.0,0.09442179867029511,37,11.923829323992182,1.1757942889066724,2.0,0.36094000855007685,0.1775582706606066,0.19782809953431826,0.0,nan,0.0
-7.552174,57,1232.442326,0.0,1.0,-7.552174415030958,-7.552174415030958,0.0,0.0,0.0,1.0,0.06548976025354106,57,13.218573373855353,0.4788116448115225,1.0105752316840417,0.20398354948612682,0.08740778973228053,0.10350708794175532,0.0,nan,0.0
-7.685903,55,1233.249874,0.0,1.0,-7.685903381378845,-7.685903381378845,0.0,0.0,0.0,1.0,0.07244597627145435,55,13.061901795920171,0.44694867203165795,1.7765495322461207,0.33501407504081726,0.14877302646636964,0.14696893908760764,0.0,nan,0.0
-7.399454,44,1233.927896,0.0,1.0,-7.39945439302768,-7.39945439302768,0.0,0.0,0.0,1.0,0.0778551718305768,44,12.596770234756098,0.7181517266886632,2.0,0.35434654693711887,0.10979662158272484,0.13252389430999756,0.0,nan,0.0
-7.621394,60,1234.788412,0.0,1.0,-7.621394356053283,-7.621394356053283,0.0,0.0,0.0,1.0,0.12563906099440353,60,11.44022088885431,1.218773859540427,2.0,0.6187528694669405,0.1687859813372294,0.15606662829717,0.0,nan,0.0
-7.625639,56,1235.736188,0.0,1.0,-7.625639044482643,-7.625639044482643,0.0,0.0,0.0,1.0,0.07264903413979046,56,13.16688294405066,0.4059450446259164,0.9688366394338905,0.2837230030979429,0.12444983422756195,0.13569021012101853,0.0,nan,0.0
-7.867144,52,1236.628108,0.0,1.0,-7.867143691889256,-7.867143691889256,0.0,0.0,0.0,1.0,0.07227675326645407,52,14.159207719716857,0.4583006030454913,1.0676498545422668,0.37930914759635925,0.09741027080095731,0.11318026597683246,0.0,nan,0.0
-7.48438,57,1237.487903,0.0,1.0,-7.484379886806859,-7.484379886806859,0.0,0.0,0.0,1.0,0.07251718228237249,57,12.443269438984219,0.42992452883451443,1.1616942451483228,0.346052370573345,0.20091483885781808,0.20097532606961435,0.0,nan,0.0
-8.194801,54,1238.408765,0.0,1.0,-8.194801070079233,-8.194801070079233,0.0,0.0,0.0,1.0,0.10249435027103364,54,10.647036514314173,1.3596490019141632,2.0,0.6733276275572954,0.12840389101593583,0.13885587674600106,0.0,nan,0.0
-8.194356,42,1239.064686,0.0,1.0,-8.194355573657306,-8.194355573657306,0.0,0.0,0.0,1.0,0.10640872147600759,42,9.863821803016279,1.1860916423763617,2.0,0.6354148395004726,0.13612112261000134,0.1676506201426188,0.0,nan,0.0
-8.16723,44,1239.789178,0.0,1.0,-8.167229737014544,-8.167229737014544,0.0,0.0,0.0,1.0,0.119805940793536,44,13.136280770160683,1.2754769879998127,2.0,0.41961747136983,0.19890517809174277,0.17335844310847195,0.0,nan,0.0
-8.452906,37,1240.435604,0.0,1.0,-8.45290571469035,-8.45290571469035,0.0,0.0,0.0,1.0,0.10868223180931412,37,11.294653609349218,1.1802105363812176,2.0,0.44074202389330475,0.0876241600191271,0.10624503122793662,0.0,nan,0.0
-8.367257,40,1241.060031,0.0,1.0,-8.367257344221994,-8.367257344221994,0.0,0.0,0.0,1.0,0.11518487832726922,40,11.15775545838938,1.2072231034921883,2.0,0.4963506326079369,0.14255887567996978,0.16667654365301132,0.0,nan,0.0
-7.987407,53,1241.889304,0.0,1.0,-7.987406896371025,-7.987406896371025,0.0,0.0,0.0,1.0,0.08293875543869038,53,14.13120547999238,0.3882757338525226,0.984382729900581,0.31943315717409243,0.08449562315670948,0.11016388434284138,0.0,nan,0.0
-7.636615,45,1242.645263,0.0,1.0,-7.636614623155991,-7.636614623155991,0.0,0.0,0.0,1.0,0.07636745132927063,45,14.820114280636295,0.6421510475802312,2.0,0.36667283607853784,0.07252087063259549,0.0947430928548177,0.0,nan,0.0
-8.102257,41,1243.235622,0.0,1.0,-8.102256643147353,-8.102256643147353,0.0,0.0,0.0,1.0,0.14283874479301206,41,12.852271929582738,1.1349594704182868,2.0,0.4356341972583678,0.1516568166453664,0.13890051550981475,0.0,nan,0.0
-8.38172,36,1243.881967,0.0,1.0,-8.381720364894555,-8.381720364894555,0.0,0.0,0.0,1.0,0.11173014385224066,36,11.528483451004798,1.1504354025167236,2.0,0.358894189612733,0.13705707920922172,0.17944871385892233,0.0,nan,0.0
-8.498324,40,1244.473752,0.0,1.0,-8.498323855320736,-8.498323855320736,0.0,0.0,0.0,1.0,0.1381662248684832,40,11.35733355447627,1.2463573288512833,2.0,0.4774283267557621,0.22619500160217285,0.18658629357814788,0.0,nan,0.0
-8.363479,46,1245.215364,0.0,1.0,-8.363479289923344,-8.363479289923344,0.0,0.0,0.0,1.0,0.10489987693203352,46,10.132143168441996,1.3539669549430875,2.0,0.7364644654419111,0.14774537863938705,0.16750697726788727,0.0,nan,0.0
-7.86875,38,1245.80523,0.0,1.0,-7.868750209247583,-7.868750209247583,0.0,0.0,0.0,1.0,0.08854420471000288,38,12.428609191408318,0.9151190645152358,2.0,0.40930651128292084,0.07460487516302812,0.09747092661104705,0.0,nan,0.0
-8.219275,51,1246.553439,0.0,1.0,-8.219274668395276,-8.219274668395276,0.0,0.0,0.0,1.0,0.1428044405255104,51,10.709329271252292,1.35054457261945,2.0,0.6587120323788886,0.15025095028035781,0.16806514239778705,0.0,nan,0.0
-8.183434,40,1247.164454,0.0,1.0,-8.183433511603173,-8.183433511603173,0.0,0.0,0.0,1.0,0.09505004678228983,40,11.040021592895494,1.1872016002169654,2.0,0.5162614084780216,0.13757509887218475,0.1508673459291458,0.0,nan,0.0
-8.050457,43,1247.82118,0.0,1.0,-8.050457137620493,-8.050457137620493,0.0,0.0,0.0,1.0,0.09019350633396221,43,11.20964507583849,1.1800093224893187,2.0,0.48898819574089936,0.10480100609535395,0.11547233614810677,0.0,nan,0.0
-7.813759,44,1248.59278,0.0,1.0,-7.813758769442809,-7.813758769442809,0.0,0.0,0.0,1.0,0.06357162045409384,44,15.174153192355009,0.48249922792166405,1.3377101528988942,0.3077046187086539,0.09457531300458041,0.11189689961346713,0.0,nan,0.0
-6.934819,61,1251.101036,0.0,1.0,-6.9348188783136395,-6.9348188783136395,0.0,0.0,0.0,1.0,0.07430466357032782,61,13.7466224345831,0.548254494515035,1.7166714084544257,0.36979089701761964,0.12536421369333736,0.13798958356263208,0.0,nan,0.0
-7.650621,62,1252.009147,0.0,1.0,-7.650621159085,-7.650621159085,0.0,0.0,0.0,1.0,0.07215357016174986,62,12.850349927105764,0.44423761829100183,0.9934494961117344,0.2876250657343095,0.1290380531741727,0.1394333108778923,0.0,nan,0.0
-7.797935,52,1252.816517,0.0,1.0,-7.797935357858622,-7.797935357858622,0.0,0.0,0.0,1.0,0.07396470221510622,52,14.45284200237087,0.535360644414532,1.4704055305802937,0.2790052151450744,0.12803862874324506,0.12247646542695853,0.0,nan,0.0
-8.161983,38,1253.424248,0.0,1.0,-8.161983435216817,-8.161983435216817,0.0,0.0,0.0,1.0,0.0903492811359715,38,12.042642289080982,1.053514332459067,2.0,0.37420718215013804,0.08093056866997167,0.10092660941575703,0.0,nan,0.0
-8.42318,40,1254.039489,0.0,1.0,-8.423179879866352,-8.423179879866352,0.0,0.0,0.0,1.0,0.10051462521983373,40,12.555279009138522,1.3148823402939762,2.0,0.5202937789261342,0.13625403940677644,0.11968686878681183,0.0,nan,0.0
-7.032262,48,1254.923881,0.0,1.0,-7.03226183674043,-7.03226183674043,0.0,0.0,0.0,1.0,0.09063057460218481,48,12.237229979167452,0.7719440749608898,2.0,0.5265704585860173,0.14046117415030798,0.1612945074836413,0.0,nan,0.0
-7.237722,61,1255.821701,0.0,1.0,-7.237722375132922,-7.237722375132922,0.0,0.0,0.0,1.0,0.09366007588985241,61,12.827062332356366,0.40022393140002177,0.9840598949349553,0.3311498380098187,0.17618894967876497,0.17304082776679366,0.0,nan,0.0
-7.449539,74,1256.849193,0.0,1.0,-7.4495392087473205,-7.4495392087473205,0.0,0.0,0.0,1.0,0.13336399750563707,74,9.72148042661953,1.3291981985751555,2.0,0.6282945996200716,0.2821282567204656,0.28727719429376963,0.0,nan,0.0
-7.108126,61,1257.817504,0.0,1.0,-7.108125977147935,-7.108125977147935,0.0,0.0,0.0,1.0,0.07142930409356303,61,13.947645396504479,0.6726950645229294,2.0,0.32930452901808943,0.0826630416463633,0.09905648426931413,0.0,nan,0.0
-7.032037,58,1258.616187,0.0,1.0,-7.032036728307192,-7.032036728307192,0.0,0.0,0.0,1.0,0.08025571842707344,58,12.502390851195583,0.5328100798374803,1.3179396943712283,0.40020286831362495,0.17623146237998172,0.15397337387348042,0.0,nan,0.0
-7.962113,57,1259.363213,0.0,1.0,-7.962113258106399,-7.962113258106399,0.0,0.0,0.0,1.0,0.10079254956783751,57,10.774571533946144,1.3949394501627292,2.0,0.6522556224413085,0.07386821612977144,0.08733774800049632,0.0,nan,0.0
-8.140588,50,1260.16251,0.0,1.0,-8.140587773281474,-8.140587773281474,0.0,0.0,0.0,1.0,0.10094732417659152,50,10.929244151174034,1.0846074113796886,2.0,0.4479327368736267,0.2563512718677521,0.2734580147266388,0.0,nan,0.0
-8.568741,38,1260.8207,0.0,1.0,-8.568740853171102,-8.568740853171102,0.0,0.0,0.0,1.0,0.10099843356847277,38,10.414777315011014,1.258228378942948,2.0,0.42456220757020147,0.220125581088819,0.19687082265552722,0.0,nan,0.0
-7.366519,59,1261.789248,0.0,1.0,-7.366519417018121,-7.366519417018121,0.0,0.0,0.0,1.0,0.07940501271127313,59,13.296144535701107,0.47600513715793324,1.0327175006908165,0.32625423144485993,0.13747175467216363,0.15349149501929849,0.0,nan,0.0
-8.305822,38,1262.385681,0.0,1.0,-8.30582235042863,-8.30582235042863,0.0,0.0,0.0,1.0,0.12549607498751744,38,11.36346151151759,1.1515589337022187,2.0,0.5364630904636885,0.1236522166352523,0.1499680061089365,0.0,nan,0.0
-8.325545,50,1262.992591,0.0,1.0,-8.325544729223493,-8.325544729223493,0.0,0.0,0.0,1.0,0.07042123199167283,50,14.128071684498886,0.431747055294279,0.9943683879611127,0.3093335461616516,0.17373271226882936,0.1522248601913452,0.0,nan,0.0
-7.4006,59,1264.037029,0.0,1.0,-7.400600456952862,-7.400600456952862,0.0,0.0,0.0,1.0,0.06537040090873782,59,12.714579992780708,0.4266322846434087,0.9742125034302019,0.3971161625142825,0.12505061747664112,0.15010018065824346,0.0,nan,0.0
-7.441286,43,1264.686645,0.0,1.0,-7.441286292112894,-7.441286292112894,0.0,0.0,0.0,1.0,0.0857554861089707,43,12.674758715251246,0.7608060895276026,2.0,0.32483494039191757,0.1426920308623203,0.15399777612020804,0.0,nan,0.0
-8.649893,35,1265.230494,0.0,1.0,-8.649892961121278,-8.649892961121278,0.0,0.0,0.0,1.0,0.09364489559038527,35,10.785057432107664,1.1843795922655944,2.0,0.3616453719990594,0.1656522274017334,0.19413391862596785,0.0,nan,0.0
-8.518026,54,1267.527724,0.0,1.0,-8.518025732685116,-8.518025732685116,0.0,0.0,0.0,1.0,0.08129180449102363,54,12.31871767653433,0.40848413347360224,0.9993585530614092,0.3197910322083367,0.19665284951527914,0.175185051229265,0.0,nan,0.0
-7.148707,61,1268.463709,0.0,1.0,-7.148707281654291,-7.148707281654291,0.0,0.0,0.0,1.0,0.07947254474891552,61,13.45551636720737,0.4146360458154798,1.255014353037169,0.23974410041433866,0.135038465750022,0.14268200123896363,0.0,nan,0.0
-8.57201,33,1268.912119,0.0,1.0,-8.57200968772696,-8.57200968772696,0.0,0.0,0.0,1.0,0.08945185919658556,33,11.412060416369151,1.157435991313113,2.0,0.42190733461668994,0.12260576089223225,0.15290879119526257,0.0,nan,0.0
-7.436354,60,1269.950568,0.0,1.0,-7.436353575235763,-7.436353575235763,0.0,0.0,0.0,1.0,0.08788631771578896,60,13.425758993546976,0.5387036727373007,2.0,0.23494984606901806,0.09703823924064636,0.11630425651868184,0.0,nan,0.0
-5.745912,111,1271.670325,0.0,1.0,-5.745911621306304,-5.745911621306304,0.0,0.0,0.0,1.0,0.153617281334476,111,17.1008459847551,0.8946955346874849,2.0,0.2719376818822311,0.11642945994127978,0.11589162951117163,0.0,nan,0.0
-8.138889,50,1272.441995,0.0,1.0,-8.138888617368048,-8.138888617368048,0.0,0.0,0.0,1.0,0.10363358474293084,50,11.785461680017747,1.120291785554817,2.0,0.5267400151491165,0.13885937094688416,0.16795253038406371,0.0,nan,0.0
-8.466464,43,1273.043595,0.0,1.0,-8.46646422129687,-8.46646422129687,0.0,0.0,0.0,1.0,0.11354518296918219,43,9.760008117367125,1.234899100284455,2.0,0.4872618522061858,0.19044327458669974,0.21405166803404344,0.0,nan,0.0
-7.989776,43,1273.772797,0.0,1.0,-7.989776153344298,-7.989776153344298,0.0,0.0,0.0,1.0,0.1147567636903726,43,12.842227337448945,1.1938062839064156,2.0,0.44435567010280697,0.10521113040835359,0.12374981336815413,0.0,nan,0.0
-7.424172,60,1274.558252,0.0,1.0,-7.424172476723532,-7.424172476723532,0.0,0.0,0.0,1.0,0.07726420490059262,60,14.331349599444707,0.5977769179606511,2.0,0.2753326897819837,0.09800760149955749,0.11398182312647502,0.0,nan,0.0
-8.208037,52,1275.317599,0.0,1.0,-8.20803744337589,-8.20803744337589,0.0,0.0,0.0,1.0,0.08559002197089734,52,13.156485922896277,0.41786059090350247,0.9956997863104553,0.3587898422892277,0.06905785890725943,0.08446737894645104,0.0,nan,0.0
-8.16342,43,1275.999835,0.0,1.0,-8.163420204908583,-8.163420204908583,0.0,0.0,0.0,1.0,0.1082560175209452,43,12.779681314300364,1.0302293198765733,2.0,0.4433197084554406,0.20354206894719323,0.19231535528981408,0.0,nan,0.0
-7.647361,49,1276.66606,0.0,1.0,-7.647361459471884,-7.647361459471884,0.0,0.0,0.0,1.0,0.06829813764549048,49,13.807227182521274,0.4971394267814548,0.9944927499498019,0.19975101582858026,0.13099319594247,0.15140135920777612,0.0,nan,0.0
-8.425691,44,1277.390454,0.0,1.0,-8.425691319558878,-8.425691319558878,0.0,0.0,0.0,1.0,0.08854557726308994,44,11.149873356811305,1.3399367867805976,2.0,0.5236242738637057,0.13806528665802695,0.16090441021052274,0.0,nan,0.0
-7.540769,49,1278.143492,0.0,1.0,-7.54076891210816,-7.54076891210816,0.0,0.0,0.0,1.0,0.07813151786243462,49,14.752056627935552,0.4406347889433264,0.9913272935195337,0.2612779468906169,0.13621828993972468,0.1353653839656285,0.0,nan,0.0
-7.92861,42,1278.857915,0.0,1.0,-7.928610340289794,-7.928610340289794,0.0,0.0,0.0,1.0,0.06957179372431598,42,11.21736023766896,0.8130816382571401,2.0,0.39923815713042304,0.25575895536513554,0.19148952052706764,0.0,nan,0.0
-8.144705,44,1279.584217,0.0,1.0,-8.144704709743252,-8.144704709743252,0.0,0.0,0.0,1.0,0.10575050668055935,44,11.21504855676956,1.0832391080038302,2.0,0.4177738136865876,0.26690541343255475,0.22495202313769946,0.0,nan,0.0
-7.601337,53,1280.272633,0.0,1.0,-7.601337435129359,-7.601337435129359,0.0,0.0,0.0,1.0,0.06476148762037302,53,12.457049011739723,0.5150725374899956,0.9934266878966597,0.283310740623834,0.11528348247959928,0.13206883983792,0.0,nan,0.0
-7.993647,53,1281.195019,0.0,1.0,-7.9936472763002175,-7.9936472763002175,0.0,0.0,0.0,1.0,0.15907716921583306,53,11.720658292226517,1.379355368150198,2.0,0.6906834700197544,0.15868105753412787,0.1864870921620783,0.0,nan,0.0
-7.791709,44,1281.936282,0.0,1.0,-7.791708669755044,-7.791708669755044,0.0,0.0,0.0,1.0,0.1191734681991673,44,12.31930087188532,1.1777721637024228,2.0,0.6106992397796024,0.11219757253473456,0.1211319321935827,0.0,nan,0.0
-7.840733,67,1282.872762,0.0,1.0,-7.840732695667461,-7.840732695667461,0.0,0.0,0.0,1.0,0.08706989269673533,67,12.56008316987318,0.6833910908437648,2.0,0.3494114780159139,0.21546043033030496,0.22029230665804736,0.0,nan,0.0
-6.641143,63,1285.157124,0.0,1.0,-6.641142927767692,-6.641142927767692,0.0,0.0,0.0,1.0,0.18849335200398487,63,13.594541306916812,1.1911241717880736,2.0,0.5200430225758326,0.1865469425443619,0.1885068795037648,0.0,nan,0.0
-8.524387,52,1285.948656,0.0,1.0,-8.524387397427844,-8.524387397427844,0.0,0.0,0.0,1.0,0.06683420438854623,52,13.211857260140075,0.3779631107136741,1.0028202890630538,0.32723537717874235,0.1633179119000068,0.14601749869493338,0.0,nan,0.0
-8.44085,39,1286.566164,0.0,1.0,-8.44084980579454,-8.44084980579454,0.0,0.0,0.0,1.0,0.11429299113356339,39,11.035349162950368,1.1826475997002697,2.0,0.541285522091083,0.12423511957510924,0.11242193136459742,0.0,nan,0.0
-7.276371,62,1287.586374,0.0,1.0,-7.2763708809608705,-7.2763708809608705,0.0,0.0,0.0,1.0,0.07462317210820808,62,13.147921099649844,0.4381021098734777,0.9808490897629754,0.3151818552324849,0.12944570664436586,0.1363699128550868,0.0,nan,0.0
-7.315512,58,1288.428285,0.0,1.0,-7.315512219264374,-7.315512219264374,0.0,0.0,0.0,1.0,0.08733202002562761,58,13.379122629779628,0.4468253987480656,1.582876358671518,0.3264809523163171,0.11273699587789075,0.1248863853257278,0.0,nan,0.0
-7.927108,49,1289.068718,0.0,1.0,-7.9271080373655884,-7.9271080373655884,0.0,0.0,0.0,1.0,0.07298504140378144,49,12.938732786911343,0.7459444534842276,2.0,0.348977230033096,0.1584414778923502,0.16999439560637183,0.0,nan,0.0
-7.865164,54,1289.911409,0.0,1.0,-7.865163770854563,-7.865163770854563,0.0,0.0,0.0,1.0,0.0698908444519182,54,14.633496711951084,0.448278792179446,0.9988655556012773,0.37931773949552466,0.08625543117523193,0.0825420551829868,0.0,nan,0.0
-7.589813,48,1290.588252,0.0,1.0,-7.5898127111321845,-7.5898127111321845,0.0,0.0,0.0,1.0,0.07648931819143953,48,11.337737297946697,0.7257101578915046,2.0,0.36462911932418746,0.1913642461101214,0.21219757944345474,0.0,nan,0.0
-7.064946,61,1291.452663,0.0,1.0,-7.064946380281045,-7.064946380281045,0.0,0.0,0.0,1.0,0.07702598263457423,61,14.924578667017563,0.47298768329098734,0.9855766264520796,0.35008898670556116,0.09904060989129738,0.09526813225667985,0.0,nan,0.0
-8.536552,33,1291.978436,0.0,1.0,-8.536552436363106,-8.536552436363106,0.0,0.0,0.0,1.0,0.07848317052675965,33,11.342198318839273,1.1324622230573986,2.0,0.39471555975350464,0.14162749955148407,0.13567438992587003,0.0,nan,0.0
-8.258037,36,1292.599358,0.0,1.0,-8.258037021257989,-8.258037021257989,0.0,0.0,0.0,1.0,0.0980997572573137,36,11.18521635004152,1.1087749147227521,2.0,0.43731766152713036,0.08476078510284424,0.1122624824444453,0.0,nan,0.0
-8.353418,41,1293.130558,0.0,1.0,-8.35341811924961,-8.35341811924961,0.0,0.0,0.0,1.0,0.1184614405136506,41,11.753280857848521,1.2444147064399904,2.0,0.430111800752035,0.11835727459046899,0.142747518492908,0.0,nan,0.0
-1.759268,108,1294.529904,0.0,1.0,-1.7592677998113082,-1.7592677998113082,0.0,0.0,0.0,1.0,0.15865883240413228,108,16.374446259240358,0.7380009153104681,2.0,0.30863260974486667,0.18877864877382913,0.19525335673932676,0.0,nan,0.0
-9.852888,55,1295.297751,0.0,1.0,-9.852888166397985,-9.852888166397985,0.0,0.0,0.0,1.0,0.08130975951335898,55,13.188778848513168,0.5989874204088058,1.9078313586950468,0.21764622059735386,0.10301935022527521,0.11267879876223477,0.0,nan,0.0
-8.430491,42,1295.910186,0.0,1.0,-8.430490684961788,-8.430490684961788,0.0,0.0,0.0,1.0,0.08818168113111008,42,9.30609356673281,1.2266702499092983,2.0,0.5714816600084305,0.3057202526501247,0.22568356423150926,0.0,nan,0.0
-7.512795,48,1296.648877,0.0,1.0,-7.5127953486581776,-7.5127953486581776,0.0,0.0,0.0,1.0,0.06992367155748606,48,12.866401428757598,0.6004913578181884,2.0,0.42551381544520456,0.056637443602085114,0.06439109891653061,0.0,nan,0.0
-8.266714,48,1297.299171,0.0,1.0,-8.266713587017861,-8.266713587017861,0.0,0.0,0.0,1.0,0.12069941403438918,48,9.740855181515203,1.30395290938149,2.0,0.43497766368091106,0.2396230697631836,0.19950793186823526,0.0,nan,0.0
-8.144291,44,1297.955428,0.0,1.0,-8.14429124718008,-8.14429124718008,0.0,0.0,0.0,1.0,0.143044454834159,44,13.773365862332087,1.2198000374312898,2.0,0.4105238968675787,0.12366582317785783,0.12214937264269049,0.0,nan,0.0
-8.561207,37,1298.52618,0.0,1.0,-8.561206709138036,-8.561206709138036,0.0,0.0,0.0,1.0,0.11381044257929185,37,12.024439742954508,1.1913561597519862,2.0,0.3412630348592191,0.1739926885914158,0.20452480058412295,0.0,nan,0.0
-7.516705,47,1299.233095,0.0,1.0,-7.516704567607131,-7.516704567607131,0.0,0.0,0.0,1.0,0.09625654806689425,47,10.910216211696223,0.7212984140407134,2.0,0.4263900829122422,0.18824312534738094,0.20222430787187942,0.0,nan,0.0
-8.037747,50,1301.240553,0.0,1.0,-8.037747411461057,-8.037747411461057,0.0,0.0,0.0,1.0,0.15664265679471628,50,12.957894191127377,1.3649372541308247,2.0,0.5777571302652359,0.1325798201560974,0.1525648546218872,0.0,nan,0.0
-6.267034,110,1302.619899,0.0,1.0,-6.267033998866744,-6.267033998866744,0.0,0.0,0.0,1.0,0.19260140853968105,110,17.59775652538298,1.0489588238599905,2.0,0.3821563419970599,0.15264728286049584,0.15661596926775845,0.0,nan,0.0
-8.206632,56,1303.54106,0.0,1.0,-8.206631567309064,-8.206631567309064,0.0,0.0,0.0,1.0,0.1260385601691497,56,10.292895713122494,1.2412000005723451,2.0,0.566331152937242,0.2711027520043509,0.2857679767268045,0.0,nan,0.0
-7.556703,48,1304.390805,0.0,1.0,-7.556702824913524,-7.556702824913524,0.0,0.0,0.0,1.0,0.09330644242309355,48,11.83062498764538,0.9436857241597222,2.0,0.4888232083370288,0.26255033165216446,0.26973458131154376,0.0,nan,0.0
-7.430346,51,1305.162241,0.0,1.0,-7.430346355959043,-7.430346355959043,0.0,0.0,0.0,1.0,0.10018187387245663,51,10.675319718847607,0.7201499156392905,2.0,0.38899779086019476,0.26124779850828883,0.2869151970919441,0.0,nan,0.0
0.979507,124,1306.824281,0.0,1.0,0.9795072420321436,0.9795072420321436,0.0,0.0,0.0,1.0,0.21519414582418145,124,17.003879703064293,0.7614797024379035,2.0,0.396801149051997,0.1757043234763607,0.1647043353126895,0.0,nan,0.0
-7.080064,48,1307.548547,0.0,1.0,-7.080064001998569,-7.080064001998569,0.0,0.0,0.0,1.0,0.09341560297535309,48,12.818897432014891,0.9840841969685101,2.0,0.5316658650214473,0.096029798189799,0.12121763328711192,0.0,nan,0.0
-8.008,47,1308.196348,0.0,1.0,-8.0079999648936,-8.0079999648936,0.0,0.0,0.0,1.0,0.12298749297978898,47,12.127064586513256,1.2784250370880539,2.0,0.5642196371200237,0.1684111661099373,0.16844391569178155,0.0,nan,0.0
-7.453679,55,1308.92746,0.0,1.0,-7.4536789818736855,-7.4536789818736855,0.0,0.0,0.0,1.0,0.0814910004824774,55,11.8619587638415,1.0025421577395708,2.0,0.4728416372429241,0.27395360361446036,0.23375271342017434,0.0,nan,0.0
-8.262053,44,1309.710139,0.0,1.0,-8.262052991020294,-8.262052991020294,0.0,0.0,0.0,1.0,0.09561528754942886,44,11.729814762488779,1.2845364002233435,2.0,0.5135181627490304,0.1649636301127347,0.13385059887712653,0.0,nan,0.0
-8.049599,51,1310.426503,0.0,1.0,-8.049599397748597,-8.049599397748597,0.0,0.0,0.0,1.0,0.07771988937727088,51,12.914178114070946,0.41792135263322416,0.9764470570604036,0.26504695590804606,0.11779541595309388,0.133461220591676,0.0,nan,0.0
-8.176452,47,1311.189517,0.0,1.0,-8.17645242715479,-8.17645242715479,0.0,0.0,0.0,1.0,0.16579261752055688,47,11.81788820710327,1.2527308105992239,2.0,0.5158549981548431,0.1277200034324159,0.11555870289498187,0.0,nan,0.0
-8.367222,47,1311.971796,0.0,1.0,-8.367222198523182,-8.367222198523182,0.0,0.0,0.0,1.0,0.12085094771215875,47,10.862697442641597,1.2798611118794978,2.0,0.5316407775625269,0.1985487532108388,0.21083427236435262,0.0,nan,0.0
-8.373547,41,1312.589258,0.0,1.0,-8.373546975381343,-8.373546975381343,0.0,0.0,0.0,1.0,0.11204770642253345,41,10.14407147527058,1.1877129139295057,2.0,0.5521648260878353,0.24209715971132603,0.2453760373883131,0.0,nan,0.0
-7.25145,76,1313.712862,0.0,1.0,-7.251449623244824,-7.251449623244824,0.0,0.0,0.0,1.0,0.07126256000005948,76,10.953257073013084,0.47138684574713813,0.9803589053741485,0.38074537699944094,0.1776917859127647,0.19948837631627134,0.0,nan,0.0
-7.555919,44,1314.370347,0.0,1.0,-7.555919467174491,-7.555919467174491,0.0,0.0,0.0,1.0,0.10150557252855949,44,12.75682055252039,0.9900749891791204,2.0,0.44015877084298566,0.22000740333036942,0.21256470680236816,0.0,nan,0.0
-7.230194,61,1315.356843,0.0,1.0,-7.230193936324471,-7.230193936324471,0.0,0.0,0.0,1.0,0.08223322081342259,61,13.539099300898659,0.766228386249782,2.0,0.5758205017105478,0.2675938723517246,0.24164328027944096,0.0,nan,0.0
-8.180715,59,1317.66268,0.0,1.0,-8.180714537940645,-8.180714537940645,0.0,0.0,0.0,1.0,0.08831338856503809,59,12.838452290402778,0.5050988098762641,1.4432574670758596,0.33071727318278815,0.18106141534902281,0.18692968053332829,0.0,nan,0.0
-7.472326,66,1318.549116,0.0,1.0,-7.472326125968931,-7.472326125968931,0.0,0.0,0.0,1.0,0.1517135199054064,66,10.009047711839054,1.284768274038104,2.0,0.6096938286315311,0.26209487878915033,0.18071279200640591,0.0,nan,0.0
-7.914242,51,1319.376142,0.0,1.0,-7.914242426518378,-7.914242426518378,0.0,0.0,0.0,1.0,0.15223505439240628,51,13.163739000364014,1.3397608023638206,2.0,0.6082744887646507,0.24021863236146815,0.23620521554759905,0.0,nan,0.0
-7.381942,58,1320.224992,0.0,1.0,-7.3819418645888,-7.3819418645888,0.0,0.0,0.0,1.0,0.07805616435754108,58,13.864061225201656,0.4821571850720768,1.0039395953433508,0.3668806753281889,0.09391583861975834,0.12696582078933716,0.0,nan,0.0
-7.509381,55,1320.951228,0.0,1.0,-7.509380541792023,-7.509380541792023,0.0,0.0,0.0,1.0,0.15670633061710706,55,12.828368326045807,1.2878374245945075,2.0,0.534909050302072,0.13845282034440473,0.13705745827067983,0.0,nan,0.0
-8.324996,37,1321.44095,0.0,1.0,-8.32499627853815,-8.32499627853815,0.0,0.0,0.0,1.0,0.09346031574926086,37,10.885103645341355,1.1616079922535205,2.0,0.3532042648341205,0.228143302170006,0.24905374565640012,0.0,nan,0.0
-8.162417,48,1322.13144,0.0,1.0,-8.162416562033165,-8.162416562033165,0.0,0.0,0.0,1.0,0.15366407745397404,48,11.011906768986373,1.2035802975508891,2.0,0.6631570414950451,0.1668052226305008,0.17533383766810098,0.0,nan,0.0
-7.95493,55,1323.069798,0.0,1.0,-7.954929862271475,-7.954929862271475,0.0,0.0,0.0,1.0,0.08890814017258937,55,12.791755181108858,0.4192972985924935,0.9630184246850411,0.4098874308846214,0.1766529213298451,0.1502496676011519,0.0,nan,0.0
-6.886064,66,1323.842724,0.0,1.0,-6.886064071091901,-6.886064071091901,0.0,0.0,0.0,1.0,0.12684429398708547,66,10.780866019634779,1.1725061059835828,2.0,0.7181098115715113,0.21757841110229492,0.22392349351536145,0.0,nan,0.0
-7.090013,62,1324.799685,0.0,1.0,-7.090012793729024,-7.090012793729024,0.0,0.0,0.0,1.0,0.06994783220055557,62,12.805096261853633,0.41293044927263217,0.9944396864744773,0.3519395741243516,0.14668813732362562,0.16402259853578383,0.0,nan,0.0
-6.511164,65,1325.795029,0.0,1.0,-6.51116436734235,-6.51116436734235,0.0,0.0,0.0,1.0,0.1086580294898507,65,13.9103137669183,0.9209144342033208,2.0,0.6043601217178198,0.14112103902376616,0.1448366403579712,0.0,nan,0.0
-7.753515,52,1326.58342,0.0,1.0,-7.753514653838203,-7.753514653838203,0.0,0.0,0.0,1.0,0.08782928750612815,52,9.150342358566242,1.102898173524471,2.0,0.5920690619028531,0.38394880524048436,0.3579443165889153,0.0,nan,0.0
-7.509468,70,1327.506115,0.0,1.0,-7.5094682095546395,-7.5094682095546395,0.0,0.0,0.0,1.0,0.0732818472920339,70,12.021288629927094,0.43996886917342054,1.0012541365397696,0.39672545875821796,0.17023192303521292,0.18393978902271815,0.0,nan,0.0
-7.873304,55,1328.303391,0.0,1.0,-7.8733038072338815,-7.8733038072338815,0.0,0.0,0.0,1.0,0.19008661631123325,55,11.5735336436689,1.2039424936939742,2.0,0.577323868599805,0.1803919640454379,0.19857378222725608,0.0,nan,0.0
-7.496271,53,1328.905721,0.0,1.0,-7.496270921209074,-7.496270921209074,0.0,0.0,0.0,1.0,0.08054027875817384,53,10.954978652542502,0.8476818225456911,2.0,0.4824757486019494,0.20863597572974438,0.2269958437613721,0.0,nan,0.0
-7.057438,59,1329.782731,0.0,1.0,-7.05743816687252,-7.05743816687252,0.0,0.0,0.0,1.0,0.07989383558286954,59,13.335976804435232,0.4685147411623107,1.8649718990491515,0.29788988778146647,0.18449706344281214,0.15629129288560253,0.0,nan,0.0
-7.865032,42,1330.338672,0.0,1.0,-7.865031874527299,-7.865031874527299,0.0,0.0,0.0,1.0,0.1365849336298707,42,14.152072683106104,1.1950271082617476,2.0,0.4473870520790418,0.20359253883361816,0.2178867601213001,0.0,nan,0.0
-7.835338,56,1331.007493,0.0,1.0,-7.835337878318795,-7.835337878318795,0.0,0.0,0.0,1.0,0.07397046913716512,56,12.247783604980182,0.4779336513364751,0.9569709623524968,0.35245213018996374,0.12773067823478154,0.131797941667693,0.0,nan,0.0
-7.56609,64,1333.262372,0.0,1.0,-7.56608962820907,-7.56608962820907,0.0,0.0,0.0,1.0,0.06887249329907937,64,11.66868439308538,0.47272622715629736,0.9811428081635067,0.2972752209752798,0.2153839636594057,0.22051671333611012,0.0,nan,0.0
-7.967569,47,1334.072981,0.0,1.0,-7.967568637514294,-7.967568637514294,0.0,0.0,0.0,1.0,0.16165878427993455,47,12.108257507071196,1.2242492549024242,2.0,0.6290076473291885,0.1594140073086353,0.15917147727722816,0.0,nan,0.0
-7.376975,54,1334.748943,0.0,1.0,-7.376974845169748,-7.376974845169748,0.0,0.0,0.0,1.0,0.11287450698593651,54,9.062447287353793,0.9331882732713345,2.0,0.5697748895596575,0.31052543719609577,0.24898181800489072,0.0,nan,0.0
-7.737121,50,1335.232689,0.0,1.0,-7.737121314809899,-7.737121314809899,0.0,0.0,0.0,1.0,0.0814684389288618,50,14.357635794923521,0.47474742218682153,0.9798366296453331,0.3126916664838791,0.05149819850921631,0.0714981985092163,0.0,nan,0.0
-2.715746,113,1336.471764,0.0,1.0,-2.715746181557302,-2.715746181557302,0.0,0.0,0.0,1.0,0.2164195205150997,113,16.633090693927823,0.9284432996427298,2.0,0.31901544385251746,0.1696150112996059,0.17354041601704284,0.0,nan,0.0
-0.545123,113,1338.110369,0.0,1.0,-0.5451225490139784,-0.5451225490139784,0.0,0.0,0.0,1.0,0.17895275205425604,113,15.987239698395838,0.7958838254716873,2.0,0.39350781939198487,0.21095802087699417,0.19852736143939262,0.0,nan,0.0
-8.14908,47,1338.650362,0.0,1.0,-8.149080261427784,-8.149080261427784,0.0,0.0,0.0,1.0,0.1199599937383343,47,9.976854487293481,1.2570756015066253,2.0,0.5696202193168883,0.2535516809909902,0.2777369149187778,0.0,nan,0.0
-6.997512,60,1339.553632,0.0,1.0,-6.997511827657284,-6.997511827657284,0.0,0.0,0.0,1.0,0.24659225766023093,60,13.029848327835316,1.1249374897745374,2.0,0.5546684086322784,0.20055090089639027,0.1909908781449,0.0,nan,0.0
-7.687402,43,1340.227786,0.0,1.0,-7.687402407194904,-7.687402407194904,0.0,0.0,0.0,1.0,0.07614898409001161,43,11.198374015421349,0.6864623174232938,2.0,0.5005282198273858,0.08763070993645247,0.09872407968654189,0.0,nan,0.0
-8.217352,45,1340.784456,0.0,1.0,-8.217352325040896,-8.217352325040896,0.0,0.0,0.0,1.0,0.13187879224380733,45,10.886775537628731,1.2267671486009233,2.0,0.5210502929157681,0.1704435666402181,0.14727538691626654,0.0,nan,0.0
-7.597032,47,1341.254981,0.0,1.0,-7.597031832006687,-7.597031832006687,0.0,0.0,0.0,1.0,0.09410383007913437,47,12.191995601711055,1.052162546797244,2.0,0.5051284543377288,0.1562281365090228,0.18418396026530165,0.0,nan,0.0
-8.015913,48,1341.971457,0.0,1.0,-8.01591329963101,-8.01591329963101,0.0,0.0,0.0,1.0,0.1410481369304983,48,11.583215164047674,1.224736003263529,2.0,0.6117816048984727,0.2506806006034215,0.2193638359506925,0.0,nan,0.0
-7.799023,43,1342.617226,0.0,1.0,-7.7990229487040095,-7.7990229487040095,0.0,0.0,0.0,1.0,0.08467149297394831,43,11.372750183941195,0.6419401792910443,2.0,0.4551851278127626,0.19757512142491895,0.20443968162980192,0.0,nan,0.0
-7.971576,60,1343.34292,0.0,1.0,-7.971575851078909,-7.971575851078909,0.0,0.0,0.0,1.0,0.13191804882861607,60,9.855961382802773,1.4142005315598811,2.0,0.5130159996449948,0.2591461648543676,0.3151416669289271,0.0,nan,0.0
-7.489672,58,1344.054524,0.0,1.0,-7.489672099237614,-7.489672099237614,0.0,0.0,0.0,1.0,0.09046795352467749,58,13.530477029397032,0.6301261096186606,2.0,0.44254764040996286,0.1588809716290441,0.1567248928135839,0.0,nan,0.0
0.562151,160,1346.032758,0.0,1.0,0.5621509052735352,0.5621509052735352,0.0,0.0,0.0,1.0,0.454907470253649,160,20.846884834672274,1.1186728051952328,2.0,0.4820562961976975,0.1599132500588894,0.16015130579471587,0.0,nan,0.0
-8.000795,44,1348.170339,0.0,1.0,-8.00079463071882,-8.00079463071882,0.0,0.0,0.0,1.0,0.10707430236229143,44,12.51542123601226,1.2327835582253666,2.0,0.5052320865744894,0.183130835944956,0.16050495884635232,0.0,nan,0.0
-6.566477,60,1348.944492,0.0,1.0,-6.56647743522057,-6.56647743522057,0.0,0.0,0.0,1.0,0.1207285384037659,60,10.841446154627212,1.04666449460117,2.0,0.5942760283748308,0.2766260047753652,0.21382922132809956,0.0,nan,0.0
-7.833132,55,1349.672387,0.0,1.0,-7.833131804677789,-7.833131804677789,0.0,0.0,0.0,1.0,0.1466652508844167,55,11.157301428735193,1.2032605670934577,2.0,0.5093791192228144,0.25172204862941394,0.24522074244239114,0.0,nan,0.0
-1.130248,132,1351.450105,0.0,1.0,-1.130247757915111,-1.130247757915111,0.0,0.0,0.0,1.0,0.19531276824711324,132,15.788158246603896,0.8019031968148861,2.0,0.4460415929612337,0.2069424589474996,0.19707315798961755,0.0,nan,0.0
-6.121188,70,1352.209319,0.0,1.0,-6.121188190099492,-6.121188190099492,0.0,0.0,0.0,1.0,0.11043297360748351,70,14.881105544716865,0.5078150175638806,1.6520236314924626,0.27194904599870956,0.1485605069569179,0.13657750402178084,0.0,nan,0.0
-8.43702,47,1352.854364,0.0,1.0,-8.437019538881652,-8.437019538881652,0.0,0.0,0.0,1.0,0.14785081442386439,47,9.664593198829877,1.3255371664759044,2.0,0.6354468585328853,0.18839511085063854,0.23319580326689052,0.0,nan,0.0
-6.484655,65,1353.667131,0.0,1.0,-6.4846550044801265,-6.4846550044801265,0.0,0.0,0.0,1.0,0.15386396608747757,65,12.45685805552807,0.9372358759912167,2.0,0.3960515552988419,0.24620678241436297,0.21779430095966046,0.0,nan,0.0
-8.147569,48,1354.303095,0.0,1.0,-8.147568950221707,-8.147568950221707,0.0,0.0,0.0,1.0,0.2002197595733751,48,13.856418599915065,1.2442289301794192,2.0,0.5321886977180839,0.1532818153500557,0.1465814784169197,0.0,nan,0.0
-8.4016,52,1355.143176,0.0,1.0,-8.40160015853624,-8.40160015853624,0.0,0.0,0.0,1.0,0.06968426812842986,52,12.76469715410092,0.44859230096362307,1.160857388513737,0.27687474626761216,0.15141217525188738,0.16548206485234773,0.0,nan,0.0
-8.511661,43,1355.655916,0.0,1.0,-8.511661146649525,-8.511661146649525,0.0,0.0,0.0,1.0,0.12708656499480936,43,9.228895639348242,1.2527347745557376,2.0,0.6630374820426453,0.1512118661126425,0.14582562723825143,0.0,nan,0.0
-6.791746,121,1356.943027,0.0,1.0,-6.7917455565615015,-6.7917455565615015,0.0,0.0,0.0,1.0,0.17291636930936985,121,14.916407367036719,0.939819166178455,2.0,0.3753920610039687,0.24069841784879195,0.208238458830463,0.0,nan,0.0
-8.339472,57,1357.63498,0.0,1.0,-8.339472225431113,-8.339472225431113,0.0,0.0,0.0,1.0,0.19709267482745674,57,11.184577276087126,1.434957968941556,2.0,0.6237970003694818,0.20991079744539762,0.17520512718903392,0.0,nan,0.0
-7.297065,62,1358.473217,0.0,1.0,-7.297064850875025,-7.297064850875025,0.0,0.0,0.0,1.0,0.07553177446909956,62,12.402265899108473,0.45198352249524665,1.7206856682453564,0.40264951413677585,0.16760376768727456,0.16384127255408995,0.0,nan,0.0
-6.854922,61,1359.327228,0.0,1.0,-6.8549218178469955,-6.8549218178469955,0.0,0.0,0.0,1.0,0.11658375850043139,61,10.39900547174107,1.1371083647890214,2.0,0.6644115076690423,0.18081787766003218,0.1668572738522389,0.0,nan,0.0
-8.031837,41,1359.918615,0.0,1.0,-8.031837126746176,-8.031837126746176,0.0,0.0,0.0,1.0,0.12898636581414877,41,12.154068510001432,1.1195677410026543,2.0,0.4931448029308784,0.15065055649455,0.15176206681786514,0.0,nan,0.0
-7.681247,59,1360.690181,0.0,1.0,-7.681246947018675,-7.681246947018675,0.0,0.0,0.0,1.0,0.16778514364265612,59,11.18897913501955,1.326066844790273,2.0,0.6122036677295879,0.2631905119297868,0.23745005009538037,0.0,nan,0.0
-7.87862,51,1362.829762,0.0,1.0,-7.878620108799857,-7.878620108799857,0.0,0.0,0.0,1.0,0.10592690988128309,51,10.251062974832253,1.286837199620951,2.0,0.4900411846590977,0.27477385717279773,0.255503070120718,0.0,nan,0.0
-6.461902,56,1363.751962,0.0,1.0,-6.461902186769201,-6.461902186769201,0.0,0.0,0.0,1.0,0.11885570478933732,56,13.70145414575728,1.0509371166847612,2.0,0.5346852165779897,0.09697770008019038,0.08314216349806104,0.0,nan,0.0
-8.170666,55,1364.370447,0.0,1.0,-8.170666499615999,-8.170666499615999,0.0,0.0,0.0,1.0,0.14394247446992076,55,11.966914816755216,1.3740578842383604,2.0,0.520250039209019,0.2765780578960072,0.25185095180164685,0.0,nan,0.0
-7.926527,52,1364.916807,0.0,1.0,-7.926526525127672,-7.926526525127672,0.0,0.0,0.0,1.0,0.17318492659731774,52,10.556715119573365,1.2587631494600915,2.0,0.6416998084347981,0.12350251124455379,0.1254357764354119,0.0,nan,0.0
-1.513073,115,1366.275063,0.0,1.0,-1.5130727452790254,-1.5130727452790254,0.0,0.0,0.0,1.0,0.12641683949766738,115,18.37751327179161,0.8308394849828288,2.0,0.3455125427764395,0.12227430136307427,0.13529429228409476,0.0,nan,0.0
-6.639344,63,1367.05609,0.0,1.0,-6.6393437305184335,-6.6393437305184335,0.0,0.0,0.0,1.0,0.13097892012468734,63,11.018387714355239,0.9797759909811267,2.0,0.6782061235299186,0.18130263733485388,0.18995176988934714,0.0,nan,0.0
-7.184237,67,1368.036811,0.0,1.0,-7.184237228438289,-7.184237228438289,0.0,0.0,0.0,1.0,0.08263573661358656,67,12.516994674035196,0.575466137079887,1.9723233252894403,0.3699554033688645,0.20585240534882046,0.18854591028014225,0.0,nan,0.0
2.370505,113,1369.343613,0.0,1.0,2.3705046699770627,2.3705046699770627,0.0,0.0,0.0,1.0,0.14598619402126745,113,17.841177031261722,0.793649178271564,2.0,0.3815289213594082,0.1922235837024925,0.16947630443404207,0.0,nan,0.0
-2.246146,103,1370.615726,0.0,1.0,-2.2461461254611894,-2.2461461254611894,0.0,0.0,0.0,1.0,0.1121829358975352,103,16.49410287581258,0.7528525834160166,2.0,0.30824062792421547,0.19592815579719913,0.1953397219620862,0.0,nan,0.0
-7.999519,56,1371.24264,0.0,1.0,-7.999519145635029,-7.999519145635029,0.0,0.0,0.0,1.0,0.08672952988351224,56,13.231689993487462,0.385205732282435,0.9957639420184211,0.30967450620872633,0.21502146124839783,0.22177914742912566,0.0,nan,0.0
-8.141796,49,1371.962214,0.0,1.0,-8.141795820408271,-8.141795820408271,0.0,0.0,0.0,1.0,0.1623325608212344,49,12.26504281373691,1.3072042144261387,2.0,0.5457604016576495,0.14341149038198042,0.15261771727581414,0.0,nan,0.0
-6.747417,54,1372.552743,0.0,1.0,-6.74741714341946,-6.74741714341946,0.0,0.0,0.0,1.0,0.10327786621824078,54,12.09783622246133,1.0177072374522549,2.0,0.6057859581929667,0.11970533265007867,0.1153666995189808,0.0,nan,0.0
-8.175723,49,1373.304463,0.0,1.0,-8.17572278244661,-8.17572278244661,0.0,0.0,0.0,1.0,0.09148373146355135,49,9.411825911785725,1.185858538605363,2.0,0.5445225792271751,0.23469950714889837,0.23888787444756956,0.0,nan,0.0
-6.231858,131,1374.796455,0.0,1.0,-6.231858195684331,-6.231858195684331,0.0,0.0,0.0,1.0,0.20575010733865784,131,14.452109719440003,1.148508641747022,2.0,0.3967627757833204,0.1796935919586939,0.1639683829009078,0.0,nan,0.0
-0.702634,102,1377.429485,0.0,1.0,-0.702634424544069,-0.702634424544069,0.0,0.0,0.0,1.0,0.1422929948450376,102,17.168102972256786,0.7665833038868668,2.0,0.28751812144821765,0.1473236165794672,0.15973713701846554,0.0,nan,0.0
-7.771719,60,1378.163493,0.0,1.0,-7.7717191781544885,-7.7717191781544885,0.0,0.0,0.0,1.0,0.06616262266781665,60,12.650455699954751,0.4688933118393673,1.7692100941149482,0.20309114555517832,0.1921985149383545,0.182769904534022,0.0,nan,0.0
-7.317285,58,1378.971344,0.0,1.0,-7.31728548159437,-7.31728548159437,0.0,0.0,0.0,1.0,0.06469808813981862,58,13.20761503785294,0.4859368767030542,0.9896256873558166,0.2944817728009717,0.2364216261896594,0.22812098264694214,0.0,nan,0.0
-8.340435,51,1379.534821,0.0,1.0,-8.340434547340458,-8.340434547340458,0.0,0.0,0.0,1.0,0.10830427637612156,51,10.610813059183078,1.3057667008294505,2.0,0.5303455211368262,0.22437470566992665,0.2008674331739837,0.0,nan,0.0
-7.456163,55,1380.308152,0.0,1.0,-7.4561626948664035,-7.4561626948664035,0.0,0.0,0.0,1.0,0.10552326898225944,55,12.008388596645794,0.9794884519627647,2.0,0.5028702930970625,0.08349721214988015,0.10020704052665017,0.0,nan,0.0
-8.435045,40,1380.786005,0.0,1.0,-8.435045493595426,-8.435045493595426,0.0,0.0,0.0,1.0,0.09429280559426646,40,9.669411593726277,1.1709073626035988,2.0,0.6110606525093317,0.19451685547828673,0.20473126769065858,0.0,nan,0.0
-1.894105,113,1382.161119,0.0,1.0,-1.894105005989136,-1.894105005989136,0.0,0.0,0.0,1.0,0.2065995431230755,113,17.112120427878313,0.8545969371225371,2.0,0.4197667839780318,0.17912533536421515,0.1885433355263904,0.0,nan,0.0
-7.341242,61,1382.799669,0.0,1.0,-7.3412416359994905,-7.3412416359994905,0.0,0.0,0.0,1.0,0.07942858616720049,61,12.493506100955294,0.4766232029584594,1.5517574322662118,0.3183847089282802,0.1639850589095569,0.13532837687945756,0.0,nan,0.0
-1.203284,101,1384.10568,0.0,1.0,-1.203283959817874,-1.203283959817874,0.0,0.0,0.0,1.0,0.13897267892697077,101,17.116598021268942,0.7468819100793119,2.0,0.2841533164281656,0.18155362464413785,0.1905191971523927,0.0,nan,0.0
-7.795701,56,1384.78776,0.0,1.0,-7.795700745182839,-7.795700745182839,0.0,0.0,0.0,1.0,0.08747263104934784,56,14.369763756126579,0.43603455764288673,0.993714416276777,0.3064847620470183,0.06858218567711967,0.08404750270502907,0.0,nan,0.0
-7.411777,43,1385.385196,0.0,1.0,-7.411776987796906,-7.411776987796906,0.0,0.0,0.0,1.0,0.1050592251347087,43,11.576575152079064,0.8568139639637252,2.0,0.43341426932534505,0.24372421031774477,0.19578245628711788,0.0,nan,0.0
0.092643,122,1386.834812,0.0,1.0,0.09264310358153871,0.09264310358153871,0.0,0.0,0.0,1.0,0.20595525358890635,122,17.377821865662998,0.8561584874909144,2.0,0.3758783355110981,0.15991380859593876,0.1641290422345771,0.0,nan,0.0
-7.38055,56,1387.580398,0.0,1.0,-7.3805504292851865,-7.3805504292851865,0.0,0.0,0.0,1.0,0.07757528211936515,56,13.083952557840757,0.49698932538744256,0.9965350373485311,0.2650749616857086,0.16838832199573517,0.14945873618125916,0.0,nan,0.0
-8.174216,39,1388.042086,0.0,1.0,-8.174215751618641,-8.174215751618641,0.0,0.0,0.0,1.0,0.10129201876410421,39,13.047986445533184,1.158264279126656,2.0,0.43823259151898897,0.1278397547893035,0.13657663113031632,0.0,nan,0.0
-8.114733,60,1388.939918,0.0,1.0,-8.114732583288667,-8.114732583288667,0.0,0.0,0.0,1.0,0.08646657603956473,60,12.888209438357006,0.513341045486481,1.5557415055861863,0.3315187573432922,0.13684435884157817,0.12411059339841207,0.0,nan,0.0
1.057424,168,1392.341619,0.0,1.0,1.0574237680133258,1.0574237680133258,0.0,0.0,0.0,1.0,0.17379694549534477,168,17.69881227692943,0.8400876118238448,2.0,0.23905429660919167,0.210905036401181,0.20900483713263557,0.0,nan,0.0
-8.412266,42,1392.819476,0.0,1.0,-8.412265580565576,-8.412265580565576,0.0,0.0,0.0,1.0,0.11353350632436805,42,10.190222672654928,1.2284096122356891,2.0,0.491742546359698,0.20052113703319005,0.22116375820977346,0.0,nan,0.0
-1.083638,104,1394.666073,0.0,1.0,-1.083638226996623,-1.083638226996623,0.0,0.0,0.0,1.0,0.10884483699922694,104,16.441008670954822,0.7548808383466064,2.0,0.27562835354071397,0.16858258270300353,0.17492285026953772,0.0,nan,0.0
-8.190476,42,1395.195991,0.0,1.0,-8.190475577819747,-8.190475577819747,0.0,0.0,0.0,1.0,0.08106750587021659,42,10.646691426194234,1.0256914272914257,2.0,0.49479207538423087,0.21853109768458776,0.23910087914693923,0.0,nan,0.0
-7.58907,53,1395.9874,0.0,1.0,-7.589070332266864,-7.589070332266864,0.0,0.0,0.0,1.0,0.07905643416420394,53,12.859968133620484,0.49625956235860236,1.6406306031887756,0.1785388172797437,0.21339882207366656,0.23090843547065304,0.0,nan,0.0
-7.794594,49,1396.659149,0.0,1.0,-7.794593964071957,-7.794593964071957,0.0,0.0,0.0,1.0,0.07354511923424432,49,13.23011517563287,0.44570289817348396,0.9770590573781712,0.16668238810130528,0.20519198203573422,0.16482451010723503,0.0,nan,0.0
-7.84038,59,1397.471943,0.0,1.0,-7.840379946213689,-7.840379946213689,0.0,0.0,0.0,1.0,0.09438427986674143,59,10.870167224972391,1.0197848305402364,2.0,0.4507471696805146,0.20167514227204403,0.2025705313278457,0.0,nan,0.0
-8.413414,46,1398.013791,0.0,1.0,-8.413414352683755,-8.413414352683755,0.0,0.0,0.0,1.0,0.1270750159148403,46,8.99221657158223,1.0556400625117954,2.0,0.45369986736256146,0.2218586284181346,0.21124620022981064,0.0,nan,0.0
-8.192028,42,1398.937037,0.0,1.0,-8.192027571345228,-8.192027571345228,0.0,0.0,0.0,1.0,0.10541916825643975,42,10.4818002022839,1.1427546228677836,2.0,0.5417282113007137,0.1805751607531593,0.19398635342007592,0.0,nan,0.0
-2.883889,111,1400.278713,0.0,1.0,-2.8838892011132806,-2.8838892011132806,0.0,0.0,0.0,1.0,0.14428602262611917,111,17.149518581544417,0.692365527878764,2.0,0.27081520009685206,0.19593734569377727,0.17887823216549986,0.0,nan,0.0
-7.775593,61,1401.153927,0.0,1.0,-7.775593020467716,-7.775593020467716,0.0,0.0,0.0,1.0,0.07978509536091348,61,12.528750091540116,0.43852917511066203,1.5916680126142742,0.2801990733772028,0.14826737466405648,0.16542643992627254,0.0,nan,0.0
-7.97711,43,1401.683668,0.0,1.0,-7.977110437927198,-7.977110437927198,0.0,0.0,0.0,1.0,0.1501567520460449,43,14.44157689511075,1.2535192124832055,2.0,0.3968094074448874,0.1926970786826555,0.2122510366661604,0.0,nan,0.0
-2.57384,98,1402.940125,0.0,1.0,-2.573840209244837,-2.573840209244837,0.0,0.0,0.0,1.0,0.1298620488262275,98,16.35810973666088,0.7207348031185808,2.0,0.20448849821577267,0.20338452166440535,0.2018254314150129,0.0,nan,0.0
-8.001716,63,1403.753504,0.0,1.0,-8.001715748925166,-8.001715748925166,0.0,0.0,0.0,1.0,0.07737406907190218,63,11.229565522705634,0.42543735769415697,1.3464618071050223,0.2905267950088259,0.25699613397083587,0.251755710632082,0.0,nan,0.0
-7.368457,56,1404.529054,0.0,1.0,-7.368457025000261,-7.368457025000261,0.0,0.0,0.0,1.0,0.07257417973246502,56,13.069761341040435,0.47347914757511794,1.4168500617228668,0.1948497976575579,0.20393989554473332,0.17936788925102778,0.0,nan,0.0
-0.777416,96,1407.049712,0.0,1.0,-0.7774161127527499,-0.7774161127527499,0.0,0.0,0.0,1.0,0.16162752757931423,96,16.741946696788414,0.7197920954641183,2.0,0.25787970672051114,0.22099357098340988,0.20218256736795107,0.0,nan,0.0
-9.650722,67,1407.802654,0.0,1.0,-9.650722273275239,-9.650722273275239,0.0,0.0,0.0,1.0,0.06763487346681588,67,10.84040790198909,0.618230333720641,2.0,0.3266775238869795,0.30649050936770084,0.2606645004073186,0.0,nan,0.0
-7.533489,51,1408.582941,0.0,1.0,-7.533489135151308,-7.533489135151308,0.0,0.0,0.0,1.0,0.07914705252546779,51,11.172886616596493,0.8966765087880427,2.0,0.5063933519756093,0.2875031302956974,0.20842802290822945,0.0,nan,0.0
-7.662902,53,1409.195204,0.0,1.0,-7.662901753783598,-7.662901753783598,0.0,0.0,0.0,1.0,0.08675880923549327,53,12.380911978992483,0.42728085637561886,0.9899930693014317,0.24114832338297143,0.2114225243622402,0.1973472316310091,0.0,nan,0.0
-0.701288,104,1410.436604,0.0,1.0,-0.7012877525898613,-0.7012877525898613,0.0,0.0,0.0,1.0,0.10963595220386291,104,15.75498503215454,0.6693666397844011,2.0,0.30373646748753697,0.22252069069789007,0.20654254807875708,0.0,nan,0.0
-8.13583,42,1411.044284,0.0,1.0,-8.135829806383901,-8.135829806383901,0.0,0.0,0.0,1.0,0.10380815873852456,42,11.290539380014323,0.991110456981293,2.0,0.4359037017538434,0.1501403081984747,0.1715485623904637,0.0,nan,0.0
-1.979736,100,1412.396655,0.0,1.0,-1.9797361066206527,-1.9797361066206527,0.0,0.0,0.0,1.0,0.11072406052353358,100,16.801562800386368,0.7592009968706661,2.0,0.25893153369426725,0.18269895792007446,0.2123096191883087,0.0,nan,0.0
-7.199085,46,1412.965978,0.0,1.0,-7.199085003059992,-7.199085003059992,0.0,0.0,0.0,1.0,0.10320598593928577,46,12.321034180771196,0.7366560540175773,2.0,0.31151039963183197,0.14294447328733362,0.1699538386386374,0.0,nan,0.0
-5.577894,105,1414.696921,0.0,1.0,-5.577893654940113,-5.577893654940113,0.0,0.0,0.0,1.0,0.12209588341044839,105,15.831649409190073,0.9792643865798112,2.0,0.27001393664450873,0.2548423483258202,0.2672475020090739,0.0,nan,0.0
-6.894659,106,1416.328524,0.0,1.0,-6.8946587832483495,-6.8946587832483495,0.0,0.0,0.0,1.0,0.16192096933427602,106,15.867618249780362,1.0140405415380356,2.0,0.33086528165160484,0.23119564776150686,0.23021403967209583,0.0,nan,0.0
-12.743109,55,1417.16104,0.0,1.0,-12.74310891441576,-12.74310891441576,0.0,0.0,0.0,1.0,0.07757569474655462,55,12.553110350711956,0.4251984703956658,1.090057391714423,0.2062143407084725,0.28201401233673096,0.274791034785184,0.0,nan,0.0
-7.375698,55,1417.934922,0.0,1.0,-7.375698481826941,-7.375698481826941,0.0,0.0,0.0,1.0,0.08246338624788634,55,14.13520144968582,0.5523025454239153,1.7619473326225086,0.27148416475816206,0.0952491586858576,0.11260665113275702,0.0,nan,0.0
-8.366165,64,1418.909455,0.0,1.0,-8.366164703747339,-8.366164703747339,0.0,0.0,0.0,1.0,0.07975825704501681,64,10.755784418738733,0.463517987808606,1.2347636933801753,0.29967729886993766,0.2473629154264927,0.2231202833354473,0.0,nan,0.0
-8.765125,53,1419.559299,0.0,1.0,-8.765124560806111,-8.765124560806111,0.0,0.0,0.0,1.0,0.06991498884274427,53,12.339450135480206,0.5478126230313449,1.5999956469096475,0.1429143874150402,0.17681514654519423,0.1717880829325262,0.0,nan,0.0
-6.791344,110,1422.537503,0.0,1.0,-6.791343822041036,-6.791343822041036,0.0,0.0,0.0,1.0,0.20559613376012814,110,17.45249037969781,1.1155015790784135,2.0,0.3458324280652133,0.1614705362103202,0.1478979397903789,0.0,nan,0.0
-8.948893,54,1423.382947,0.0,1.0,-8.948893034500117,-8.948893034500117,0.0,0.0,0.0,1.0,0.07530592381887873,54,13.129637295146049,0.5954205369944843,2.0,0.2260266520358898,0.1327515685999835,0.13460768593682182,0.0,nan,0.0
-2.131169,116,1424.985899,0.0,1.0,-2.131168812687476,-2.131168812687476,0.0,0.0,0.0,1.0,0.12657260826814123,116,14.477355646729647,0.6430945740482279,2.0,0.29490135635795267,0.3015661306422332,0.2798507326635821,0.0,nan,0.0
-0.176983,112,1426.24533,0.0,1.0,-0.1769827509626598,-0.1769827509626598,0.0,0.0,0.0,1.0,0.1251146677188893,112,16.57133837652677,0.727297133270703,2.0,0.3367194529356701,0.2206578595297677,0.19464057950036867,0.0,nan,0.0
-6.422211,66,1427.300694,0.0,1.0,-6.422211409510377,-6.422211409510377,0.0,0.0,0.0,1.0,0.08160900935313041,66,14.538312522240313,0.5131322419121762,1.3361594428856445,0.2755632391481688,0.15068000555038452,0.16838375095165137,0.0,nan,0.0
-5.523137,115,1428.731601,0.0,1.0,-5.523137038066761,-5.523137038066761,0.0,0.0,0.0,1.0,0.15248874305564014,115,15.525079585536828,0.9671987340927681,2.0,0.3089462720829508,0.25462787047676416,0.22233264342598294,0.0,nan,0.0
-3.441374,126,1430.377253,0.0,1.0,-3.4413736070448007,-3.4413736070448007,0.0,0.0,0.0,1.0,0.2612601454125608,126,17.105691133056883,1.187352371664136,2.0,0.49026237593756783,0.21318763683712671,0.19936596590375144,0.0,nan,0.0
-8.077016,51,1430.955966,0.0,1.0,-8.07701582011258,-8.07701582011258,0.0,0.0,0.0,1.0,0.07522929414413884,51,12.068527173547961,0.7173685868546191,2.0,0.16987461436028575,0.2381096540712843,0.19891755487404617,0.0,nan,0.0
-3.823124,111,1432.312775,0.0,1.0,-3.82312401706644,-3.82312401706644,0.0,0.0,0.0,1.0,0.1476494716900549,111,16.309777328378566,0.7164328565830972,2.0,0.25896731529149924,0.20509588718414307,0.20702321464950973,0.0,nan,0.0
-2.750841,104,1433.543044,0.0,1.0,-2.750840582184611,-2.750840582184611,0.0,0.0,0.0,1.0,0.14787190346576753,104,15.676633725584725,0.7064461547100621,2.0,0.30793416299499,0.23883905892188734,0.2170522860609568,0.0,nan,0.0
-8.284044,46,1434.218668,0.0,1.0,-8.284044133421972,-8.284044133421972,0.0,0.0,0.0,1.0,0.07346590976191732,46,11.869720517728314,1.0729235266830535,2.0,0.34133970931820246,0.20125990069430807,0.19648649381554645,0.0,nan,0.0
4.410505,153,1437.75442,0.0,1.0,4.410505141921599,4.410505141921599,0.0,0.0,0.0,1.0,0.1317167607082465,153,17.088695389808514,0.6468605324947901,2.0,0.14694073991058698,0.28906501508226584,0.24384577679478264,0.0,nan,0.0
-1.939124,111,1439.023446,0.0,1.0,-1.9391239362695796,-1.9391239362695796,0.0,0.0,0.0,1.0,0.14784393602453286,111,16.155921206464832,0.7609143063967267,2.0,0.3108657636083998,0.22409327717514727,0.2038926176122717,0.0,nan,0.0
-6.560764,115,1440.362441,0.0,1.0,-6.560764278496645,-6.560764278496645,0.0,0.0,0.0,1.0,0.17149998840689828,115,16.0597241909304,1.0126801196261235,2.0,0.2814208440158678,0.22879912283109582,0.22948403047478716,0.0,nan,0.0
-7.469534,53,1441.033106,0.0,1.0,-7.4695344659842675,-7.4695344659842675,0.0,0.0,0.0,1.0,0.08343247588909915,53,12.84256893195312,0.9731227434252075,2.0,0.2862011750914016,0.14407457495635412,0.14267467327837674,0.0,nan,0.0
-6.613759,113,1442.607692,0.0,1.0,-6.613758731900404,-6.613758731900404,0.0,0.0,0.0,1.0,0.1700248481340299,113,16.716151126882327,0.8640614134588126,2.0,0.28363661982316885,0.24585630619420415,0.21939153164888905,0.0,nan,0.0
-2.280347,103,1443.847151,0.0,1.0,-2.280346723230865,-2.280346723230865,0.0,0.0,0.0,1.0,0.10060440155343928,103,15.294436079827419,0.555926831584838,2.0,0.16966237851138255,0.34858624217579665,0.3213519957459089,0.0,nan,0.0
0.426149,124,1445.495098,0.0,1.0,0.42614921506202563,0.42614921506202563,0.0,0.0,0.0,1.0,0.16010631510440357,124,14.283905660384278,0.6970774012897765,2.0,0.3206127156173029,0.30062633176003734,0.28333146822068,0.0,nan,0.0
-2.442898,104,1446.631796,0.0,1.0,-2.442898477209586,-2.442898477209586,0.0,0.0,0.0,1.0,0.10217957077174407,104,14.792963799091506,0.7444745698754787,2.0,0.26215968796840083,0.2765805841638492,0.25209188805176663,0.0,nan,0.0
0.070728,127,1448.23274,0.0,1.0,0.0707284012420768,0.0707284012420768,0.0,0.0,0.0,1.0,0.18617487989698683,127,14.71566014953437,0.9474304908372714,2.0,0.44817522895617745,0.3053160464669776,0.24273619501609503,0.0,nan,0.0
-7.584701,59,1448.956087,0.0,1.0,-7.584700769052594,-7.584700769052594,0.0,0.0,0.0,1.0,0.08561623041244672,59,11.257044192766807,0.5057147743852739,1.6666895568384656,0.24331158601631553,0.339783181578426,0.31224510629298324,0.0,nan,0.0
-7.807413,46,1450.879755,0.0,1.0,-7.807412884304856,-7.807412884304856,0.0,0.0,0.0,1.0,0.0851832448065519,46,10.044985448963633,1.038509716357344,2.0,0.5001363721878632,0.3069545600725257,0.32195774627768475,0.0,nan,0.0
0.486678,165,1453.027441,0.0,1.0,0.48667824024419026,0.48667824024419026,0.0,0.0,0.0,1.0,0.19625307984479778,165,12.491759037404945,0.648026759125764,2.0,0.42068585789564883,0.3029468464128899,0.2647036248987371,0.0,nan,0.0
1.074474,142,1454.616409,0.0,1.0,1.0744740637744936,1.0744740637744936,0.0,0.0,0.0,1.0,0.12472554245490466,142,12.463456546507834,0.6250435501252661,2.0,0.32063173964409764,0.3510588680354642,0.28593426858875115,0.0,nan,0.0
9.514982,378,1458.928767,0.0,1.0,9.514982156112257,9.514982156112257,0.0,0.0,0.0,1.0,0.27026745064471736,378,17.68275010046638,0.7541011273559207,2.0,0.22512027999711415,0.3163220453514624,0.2505291400763093,0.0,nan,0.0
-8.399279,46,1459.432751,0.0,1.0,-8.399278797658448,-8.399278797658448,0.0,0.0,0.0,1.0,0.1204944958125325,46,8.64144951506758,1.111194068909853,2.0,0.5182844776174297,0.36478955071905383,0.38844547064408014,0.0,nan,0.0
-7.92182,67,1460.162054,0.0,1.0,-7.921819745178857,-7.921819745178857,0.0,0.0,0.0,1.0,0.09147260453245405,67,7.510177163287362,1.299115451350501,2.0,0.5993981654964277,0.2951084019532844,0.26179163847396625,0.0,nan,0.0
-7.723612,51,1460.88826,0.0,1.0,-7.723612082222516,-7.723612082222516,0.0,0.0,0.0,1.0,0.09711227783138866,51,10.027634261090467,1.1250051147230569,2.0,0.47953630194944497,0.25741668542226154,0.282541833671869,0.0,nan,0.0
-7.947664,61,1461.661439,0.0,1.0,-7.947664384785075,-7.947664384785075,0.0,0.0,0.0,1.0,0.14079903314617873,61,7.419395973904752,1.128126832229155,2.0,0.571657975677584,0.36560616825447706,0.35196016069318425,0.0,nan,0.0
-7.408461,55,1462.319031,0.0,1.0,-7.408460933868972,-7.408460933868972,0.0,0.0,0.0,1.0,0.06677531311134473,55,12.545229882560138,0.47003285042460474,1.5064671454573986,0.22997495965524153,0.25822661356492477,0.2032629749991677,0.0,nan,0.0
-7.596838,52,1464.40824,0.0,1.0,-7.596838075969234,-7.596838075969234,0.0,0.0,0.0,1.0,0.1019322691617279,52,9.490640123029122,1.1602523167440837,2.0,0.634717674782643,0.25079858761567336,0.24323368874879983,0.0,nan,0.0
-7.592036,55,1465.182561,0.0,1.0,-7.5920356175605725,-7.5920356175605725,0.0,0.0,0.0,1.0,0.17170773308292067,55,9.311808163041611,1.1778063958675933,2.0,0.5551146905530583,0.2993242783979936,0.3001794511621649,0.0,nan,0.0
-2.639186,124,1466.686821,0.0,1.0,-2.639185677578766,-2.639185677578766,0.0,0.0,0.0,1.0,0.21065877014604525,124,16.001627791225996,0.7767618684563867,2.0,0.41979896012813817,0.31307174121179887,0.25002039440216556,0.0,nan,0.0
-7.004406,54,1467.297978,0.0,1.0,-7.004406040513603,-7.004406040513603,0.0,0.0,0.0,1.0,0.09390384114378308,54,10.710383691490813,0.506209745095398,2.0,0.4596997598807017,0.2065379211196193,0.23016746397371646,0.0,nan,0.0
-0.217448,113,1468.764418,0.0,1.0,-0.21744760769061955,-0.21744760769061955,0.0,0.0,0.0,1.0,0.14090310424677374,113,15.475501524170067,0.7549159341275821,2.0,0.3212956580440555,0.2999185049428349,0.26771929517256476,0.0,nan,0.0
-6.759712,42,1469.403127,0.0,1.0,-6.759711543943034,-6.759711543943034,0.0,0.0,0.0,1.0,0.11026039922091134,42,12.196534880327087,0.8474604517680822,2.0,0.5338228288150969,0.18218075661432176,0.17150758277802242,0.0,nan,0.0
2.073424,252,1472.281188,0.0,1.0,2.0734244361887963,2.0734244361887963,0.0,0.0,0.0,1.0,0.22854019374125542,252,14.19321319794112,0.9916395060416429,2.0,0.412083958881715,0.32483981360518743,0.2865548611633361,0.0,nan,0.0
-2.897427,248,1475.221469,0.0,1.0,-2.8974270851584416,-2.8974270851584416,0.0,0.0,0.0,1.0,0.3083581577063325,248,17.761448710546695,0.8964136176054275,2.0,0.2681672353177301,0.272456418362356,0.23248500929724786,0.0,nan,0.0
8.776004,306,1479.81257,0.0,1.0,8.77600388325989,8.77600388325989,0.0,0.0,0.0,1.0,0.3905368776844013,306,16.205980953729696,0.8187724296425225,2.0,0.33790306369560996,0.3196450830285066,0.2866143837473751,0.0,nan,0.0
3.702867,198,1482.019451,0.0,1.0,3.7028670908246344,3.7028670908246344,0.0,0.0,0.0,1.0,0.14890832525593686,198,14.879572248608154,0.6635218990545498,2.0,0.34515805181228754,0.3182173226818894,0.28139281272888184,0.0,nan,0.0
-0.395625,112,1483.466255,0.0,1.0,-0.3956247902473269,-0.3956247902473269,0.0,0.0,0.0,1.0,0.14528008485538857,112,14.281806927422007,0.6831889833811821,2.0,0.2955150604248047,0.32725044020584654,0.31553596683910917,0.0,nan,0.0
-0.080886,240,1485.816587,0.0,1.0,-0.08088610956731479,-0.08088610956731479,0.0,0.0,0.0,1.0,0.25705164949096954,240,14.997266505190009,0.7272623845711998,2.0,0.36168966682938236,0.34906455179055534,0.29501419961452485,0.0,nan,0.0
-8.105509,51,1486.591031,0.0,1.0,-8.105508827974063,-8.105508827974063,0.0,0.0,0.0,1.0,0.11916972025964095,51,9.15508786057178,1.2196642012359773,2.0,0.5177371688917571,0.3370071567741095,0.2585877881330602,0.0,nan,0.0
-8.031096,49,1487.049729,0.0,1.0,-8.031095787862448,-8.031095787862448,0.0,0.0,0.0,1.0,0.11473462320184699,49,9.199817170163287,1.1148552342606193,2.0,0.6162830317506984,0.21616964194239402,0.2586610682156621,0.0,nan,0.0
1.229984,203,1490.480474,0.0,1.0,1.2299838363405762,1.2299838363405762,0.0,0.0,0.0,1.0,0.18998717204582857,203,15.840769172921874,0.8427912120721748,2.0,0.30280296922904515,0.3084078824578835,0.27171140292595175,0.0,nan,0.0
1.949722,112,1491.716486,0.0,1.0,1.9497215129648442,1.9497215129648442,0.0,0.0,0.0,1.0,0.16167987161819544,112,16.04780605510997,0.6914234236080451,2.0,0.3310169083997607,0.2728195759866919,0.2656542179839952,0.0,nan,0.0
-3.40679,120,1492.999595,0.0,1.0,-3.406789646166681,-3.406789646166681,0.0,0.0,0.0,1.0,0.23073643328652566,120,15.846219000401744,0.9760229664933211,2.0,0.38765310794115065,0.30338693062464395,0.24732854863007864,0.0,nan,0.0
-8.265393,43,1493.504233,0.0,1.0,-8.265392652092375,-8.265392652092375,0.0,0.0,0.0,1.0,0.09118483939538424,43,9.698983913448803,1.115143573514543,2.0,0.4261684992978739,0.27072952237240105,0.2605393709138382,0.0,nan,0.0
5.601999,214,1495.807431,0.0,1.0,5.60199925965577,5.60199925965577,0.0,0.0,0.0,1.0,0.28143938249736206,214,15.659395811568748,0.8236256712994847,2.0,0.3507322710808192,0.29722909058365865,0.27587868120068704,0.0,nan,0.0
5.423629,183,1497.626462,0.0,1.0,5.423628917293264,5.423628917293264,0.0,0.0,0.0,1.0,0.12427722349722745,183,13.925256078183667,0.611184413857441,2.0,0.27906677192026147,0.33680684481813605,0.3006059827048922,0.0,nan,0.0
-8.19877,40,1498.111128,0.0,1.0,-8.198769895611973,-8.198769895611973,0.0,0.0,0.0,1.0,0.08952868082449644,40,10.280016235635086,0.9103334798173108,2.0,0.37664015740156176,0.21838558614253997,0.20986733734607696,0.0,nan,0.0
4.401878,165,1499.734723,0.0,1.0,4.4018783448399645,4.4018783448399645,0.0,0.0,0.0,1.0,0.18560033891007865,165,17.308602858373366,0.7095836739147009,2.0,0.24862787524859112,0.2414975249406063,0.21269805864854294,0.0,nan,0.0
0.782634,142,1501.247406,0.0,1.0,0.7826339243817628,0.7826339243817628,0.0,0.0,0.0,1.0,0.14493486442149955,142,12.934905251329337,0.5851250991176794,2.0,0.33542198247053256,0.3314554834030044,0.3284511851592803,0.0,nan,0.0
7.697196,231,1504.743562,0.0,1.0,7.697195637948916,7.697195637948916,0.0,0.0,0.0,1.0,0.18964737876415957,231,17.359893259127666,0.6688985469448483,2.0,0.19621089642698114,0.2981149448460831,0.2655642450629891,0.0,nan,0.0
-6.736425,99,1505.866012,0.0,1.0,-6.736425056841229,-6.736425056841229,0.0,0.0,0.0,1.0,0.12441224736871571,99,15.879811410427287,0.982850167739212,2.0,0.21744367269554524,0.2321803533669674,0.20420929639026372,0.0,nan,0.0
3.514789,340,1509.148773,0.0,1.0,3.514788521568084,3.514788521568084,0.0,0.0,0.0,1.0,0.3322903692532746,340,16.337881978020306,0.7211833388899135,2.0,0.28822096034007916,0.3059958228293587,0.3088754250722773,0.0,nan,0.0
-6.19173,116,1510.575771,0.0,1.0,-6.1917304421276285,-6.1917304421276285,0.0,0.0,0.0,1.0,0.09303156844476072,116,13.1168693494601,0.9290956108983246,2.0,0.27467635453775013,0.31143357681817024,0.2873264993059224,0.0,nan,0.0
9.259372,234,1512.520727,0.0,1.0,9.259371521703741,9.259371521703741,0.0,0.0,0.0,1.0,0.13905064957682473,234,15.917380343271118,0.6466736504334321,2.0,0.23041818641189837,0.31565614261178887,0.28022163138430345,0.0,nan,0.0
-2.30799,127,1515.068447,0.0,1.0,-2.30798961464998,-2.30798961464998,0.0,0.0,0.0,1.0,0.09366341133401046,127,11.484330304588806,0.8158551625780474,2.0,0.23166235976331817,0.32664403624421967,0.29571430326446774,0.0,nan,0.0
6.763352,296,1517.948999,0.0,1.0,6.763352243081361,6.763352243081361,0.0,0.0,0.0,1.0,0.2654133460456747,296,14.478684130105894,0.9192149014505091,2.0,0.3122271983506712,0.3606079629546887,0.29669167222203435,0.0,nan,0.0
-8.098775,49,1518.392124,0.0,1.0,-8.098774633594402,-8.098774633594402,0.0,0.0,0.0,1.0,0.09779262832625267,49,7.969013713799202,0.7536953143745287,2.0,0.44516712670423547,0.3271511866121876,0.33158983016500665,0.0,nan,0.0
2.30061,292,1521.159884,0.0,1.0,2.3006096358935384,2.3006096358935384,0.0,0.0,0.0,1.0,0.20727012221888727,292,17.47625415241436,0.8036066368929807,2.0,0.2124362297560254,0.30042847705213993,0.2796110951737182,0.0,nan,0.0
2.317484,180,1522.995333,0.0,1.0,2.317484144712143,2.317484144712143,0.0,0.0,0.0,1.0,0.19787717119458645,180,16.279164569988104,0.7831258399467,2.0,0.23895381391048431,0.25882970525158777,0.245423972275522,0.0,nan,0.0
-5.855809,127,1525.701032,0.0,1.0,-5.855808800480121,-5.855808800480121,0.0,0.0,0.0,1.0,0.21631576747820272,127,13.946558126115074,1.0377169471482763,2.0,0.35908287059603716,0.38588965736974884,0.31549966616893377,0.0,nan,0.0
18.114681,446,1530.267002,0.0,1.0,18.114680928527317,18.114680928527317,0.0,0.0,0.0,1.0,0.34294814865871537,446,13.884822063341868,0.9308354354127873,2.0,0.3061206834933683,0.363006414185725,0.33215823863119287,0.0,nan,0.0
25.103322,506,1535.197042,0.0,1.0,25.103321644862135,25.103321644862135,0.0,0.0,0.0,1.0,0.5024491938423644,506,17.96416074386344,0.776998088777874,2.0,0.20022317431425388,0.3273203020746058,0.2701919799736837,0.0,nan,0.0
29.58375,600,1541.702704,0.0,0.0,29.583749991670803,29.583749991670803,0.0,0.0,0.0,0.0,0.5608660107724632,600,16.47239259029621,0.897383989500236,2.0,0.24618124494949978,0.35386937667926155,0.29184441129366556,0.0,nan,0.0
-7.980525,50,1542.254648,0.0,1.0,-7.980525115774164,-7.980525115774164,0.0,0.0,0.0,1.0,0.0722270112050619,50,12.588783056495217,0.761392023502391,2.0,0.19425397157669066,0.2729985022544861,0.2436472749710083,0.0,nan,0.0
15.713479,304,1545.096993,0.0,1.0,15.713478730902544,15.713478730902544,0.0,0.0,0.0,1.0,0.27081952926734515,304,14.582174099023666,0.6908102610437448,2.0,0.3189167484248939,0.32230209872910853,0.2871858187411961,0.0,nan,0.0
55.735014,600,1551.989993,0.0,0.0,55.73501376599131,55.73501376599131,0.0,0.0,0.0,0.0,0.5846043168565482,600,14.800308855382736,0.719834795657536,2.0,0.3394478325794141,0.3774245667954286,0.3080081994334857,0.0,nan,0.0
7.362825,318,1555.281393,0.0,1.0,7.362824819386944,7.362824819386944,0.0,0.0,0.0,1.0,0.28055706148338827,318,6.770330199368498,0.7203421865950956,2.0,0.5671265809884611,0.5239046290985443,0.4008991152235547,0.0,nan,0.0
-6.039469,141,1556.667946,0.0,1.0,-6.039468780911945,-6.039468780911945,0.0,0.0,0.0,1.0,0.11922274255507878,141,4.025846672100239,1.0766171155446833,2.0,0.721158375871097,0.501971386425884,0.43067745832686727,0.0,nan,0.0
-0.675621,129,1559.191865,0.0,1.0,-0.6756214115720329,-0.6756214115720329,0.0,0.0,0.0,1.0,0.13923083242158465,129,12.459839834585656,0.7934733025675025,2.0,0.285392292479212,0.3156549011090005,0.25687511715778083,0.0,nan,0.0
38.292888,600,1564.720105,0.0,0.0,38.29288787458767,38.29288787458767,0.0,0.0,0.0,0.0,0.6089968602829798,600,5.735110944996678,0.6086073956259926,1.9458131978596231,0.603243251927197,0.5121218291918437,0.4076468805472056,0.0,nan,0.0
20.412313,354,1568.111951,0.0,1.0,20.412313494561353,20.412313494561353,0.0,0.0,0.0,1.0,0.24204921703128648,354,14.0922817918751,0.5908826888029728,2.0,0.2761295617973737,0.36088136983456587,0.3002238243313159,0.0,nan,0.0
25.04068,271,1572.402087,0.0,1.0,25.040679523481515,25.040679523481515,0.0,0.0,0.0,1.0,0.3739965910499956,271,14.027088407847963,0.6490168049709939,2.0,0.45664580595229387,0.3486520792065511,0.2774804333479202,0.0,nan,0.0
50.071036,600,1578.39709,0.0,0.0,50.07103563224039,50.07103563224039,0.0,0.0,0.0,0.0,0.8346487380829141,600,5.857264160809794,0.42674207263771935,0.9990599303077282,0.6049079186593492,0.48943985839684806,0.38642727394898735,0.0,nan,0.0
24.835027,380,1583.5659,0.0,1.0,24.835027033201158,24.835027033201158,0.0,0.0,0.0,1.0,0.3580334268809977,380,11.69239160446481,0.6623387222836498,2.0,0.3614009969720715,0.3843735044724063,0.3373675027960225,0.0,nan,0.0
29.420325,286,1586.354951,0.0,1.0,29.42032545389543,29.42032545389543,0.0,0.0,0.0,1.0,0.431485321928816,286,17.92367533932354,0.6908497672359284,2.0,0.2881114059290686,0.32443831913121096,0.27900197956111883,0.0,nan,0.0
77.170778,600,1593.51319,0.0,0.0,77.17077815843474,77.17077815843474,0.0,0.0,0.0,0.0,0.9078156972338639,600,9.995622682220862,0.4358105932554942,2.0,0.564132523847123,0.4203299614290396,0.35787548512220385,0.0,nan,0.0
61.139902,444,1597.777939,0.0,1.0,61.13990161950329,61.13990161950329,0.0,0.0,0.0,1.0,0.8057083722887578,444,7.824379615125245,0.28811124628443197,2.0,0.6203409646562225,0.42704420214569244,0.3601173812204653,0.0,nan,0.0
68.785789,496,1602.707436,0.0,1.0,68.78578921550852,68.78578921550852,0.0,0.0,0.0,1.0,0.9113566162101759,496,8.309463875945777,0.32004104481354656,2.0,0.6485397548174425,0.46348426022356554,0.3595324809993467,0.0,nan,0.0
101.565732,464,1608.978909,1.0,0.0,101.5657315072272,101.5657315072272,0.0,0.0,0.0,0.0,0.9559260362199327,464,13.744135845835496,0.39253452706188363,2.0,0.44890694151600374,0.33742029020755454,0.3044511206961911,0.0,nan,0.0
67.215117,600,1616.261714,0.0,0.0,67.21511655487109,67.21511655487109,0.0,0.0,0.0,0.0,0.7450223959785672,600,16.719005080027504,0.7581886207800738,2.0,0.2140575160831213,0.36309979210297266,0.3002426876624425,0.0,nan,0.0
104.301973,303,1619.272141,1.0,0.0,104.30197335040461,104.30197335040461,0.0,0.0,0.0,0.0,0.9638150206913932,303,14.280839134309119,0.2928539598076574,0.8908695996400801,0.6666516393865689,0.27694971982401984,0.25658882844566117,0.0,nan,0.0
86.254479,183,1621.647362,1.0,0.0,86.25447936784624,86.25447936784624,0.0,0.0,0.0,0.0,0.9577072134605942,183,18.854926401934915,0.31103187244354363,0.8219396072196403,0.668292138562665,0.273639974046926,0.2144171475061302,0.0,nan,1.0
24.204858,248,1624.729159,0.0,1.0,24.20485837741341,24.20485837741341,0.0,0.0,0.0,1.0,0.27662816098684934,248,14.746449167800051,0.931993303385756,2.0,0.5973898973991915,0.3200886733829975,0.2796475082155197,0.0,nan,1.0
200.608658,667,1635.295271,0.0,1.0,200.6086581825001,200.6086581825001,0.0,0.0,0.0,1.0,0.7559720113253978,667,18.47734494927542,0.4027307178294952,2.0,0.5072798063361394,0.30644672702456166,0.2673572525270339,0.0,nan,1.0
15.997201,135,1637.146827,0.0,1.0,15.997201049026284,15.997201049026284,0.0,0.0,0.0,1.0,0.15110711359839973,135,11.7531488666983,0.5186678217454777,2.0,0.554977860412112,0.38336183693673875,0.3310554160012139,0.0,nan,1.0
40.112342,272,1640.640514,0.0,1.0,40.11234158784476,40.11234158784476,0.0,0.0,0.0,1.0,0.4078430233469782,272,16.591762509898285,0.8117865371317459,2.0,0.550351186271976,0.3429832549437004,0.29738933505380855,0.0,nan,1.0
96.979121,428,1648.356629,0.0,1.0,96.97912109082569,96.97912109082569,0.0,0.0,0.0,1.0,0.49979039293611316,428,17.189510445289667,0.5601769625096017,2.0,0.6188306798723257,0.28220054381918686,0.2541800170579803,0.0,nan,1.0
97.576257,640,1656.696794,0.0,1.0,97.57625719092256,97.57625719092256,0.0,0.0,0.0,1.0,0.4626776000296984,640,16.545216681973553,0.6551301149068921,2.0,0.48357395476778037,0.30418908153660595,0.26371904378756883,0.0,8.298260428068707,1.0
1.595542,72,1658.240247,0.0,1.0,1.5955416317538962,1.5955416317538962,0.0,0.0,0.0,1.0,0.052130105945176704,72,9.582966306099062,0.21314808944137806,1.0576528927361613,0.6837162472721603,0.23934241963757408,0.24767302638954586,0.0,nan,1.0
5.547387,96,1661.259236,0.0,1.0,5.547387434592039,5.547387434592039,0.0,0.0,0.0,1.0,0.11259195293484268,96,14.357490097245647,0.4116788222143744,1.0820984875492305,0.5444419916408757,0.2562843735019366,0.2420526643594106,0.0,nan,1.0
141.996205,471,1668.04933,0.0,1.0,141.99620536546993,141.99620536546993,0.0,0.0,0.0,1.0,0.8414136659963019,471,21.975336222673878,0.40693433185433897,2.0,0.646510286448472,0.2468056663586076,0.20951589353524955,0.0,nan,1.0
174.919836,607,1677.142522,1.0,0.0,174.91983591499866,174.91983591499866,0.0,0.0,0.0,0.0,0.9866209759626773,607,19.168660577776713,0.4862138861985923,1.4081990248778145,0.5979400468925766,0.24342717448804876,0.22662647876158185,0.0,nan,1.0
162.975592,431,1683.313971,1.0,0.0,162.97559227800744,162.97559227800744,0.0,0.0,0.0,0.0,0.9809062265571196,431,20.166303278552387,0.49484755261021,2.0,0.6121233969304511,0.2528884705424032,0.2199763059616089,0.0,nan,1.0
261.473112,598,1692.996149,1.0,0.0,261.4731118879831,261.4731118879831,0.0,0.0,0.0,0.0,0.9868028873842931,598,21.263868782788304,0.34914335599832647,0.9987241494578748,0.5786110657986789,0.22831087257949803,0.20848661033206162,0.0,nan,1.0
83.744633,257,1697.011835,0.0,1.0,83.74463256981689,83.74463256981689,0.0,0.0,0.0,1.0,0.37314024465917217,257,19.469923007497602,0.37117097741525706,2.0,0.5902100506633636,0.2124219412701603,0.20503779816720272,0.0,nan,1.0
214.852296,604,1705.339501,1.0,0.0,214.85229553997635,214.85229553997635,0.0,0.0,0.0,0.0,0.9895986553698934,604,25.714174626670673,0.5766318905855812,2.0,0.5618923231342573,0.2167350917265115,0.19436890202642276,0.0,15.024050319317103,1.0
71.320551,260,1710.728582,0.0,1.0,71.3205513323018,71.3205513323018,0.0,0.0,0.0,1.0,0.32560546253689115,260,18.52245736172639,0.4300011827523011,2.0,0.5665218868221228,0.2217226822788899,0.20986254008916708,0.0,nan,1.0
211.190108,392,1715.571766,1.0,0.0,211.19010825830466,211.19010825830466,0.0,0.0,0.0,0.0,0.9834056472327036,392,23.807455838406803,0.29261172166052174,0.9754894259817806,0.6142643998205966,0.16973332528557097,0.1662839721052014,0.0,nan,1.0
86.822046,312,1720.373471,0.0,1.0,86.82204580211061,86.82204580211061,0.0,0.0,0.0,1.0,0.771854107565489,312,20.022507621105476,0.5008725120996655,2.0,0.6062804589477869,0.20771775337365958,0.18715424873890021,0.0,nan,1.0
354.17425,788,1733.258224,1.0,0.0,354.1742495409747,354.1742495409747,0.0,0.0,0.0,0.0,0.9898572363294011,788,20.787674223860893,0.28681425636257,0.9553828963780434,0.6155223879055475,0.20661045792441682,0.18576316058938272,0.0,24.221306382943023,1.0
250.966805,800,1746.472353,0.0,0.0,250.96680480625636,250.96680480625636,0.0,0.0,0.0,0.0,0.887068411059191,800,20.875862599153642,0.4699819871195675,2.0,0.5492891412600875,0.2587901400029659,0.2304315959662199,1.6593763165695385e-05,5.920349936804662,1.0
244.942436,466,1752.880779,1.0,0.0,244.94243641639133,244.94243641639133,0.0,0.0,0.0,0.0,0.9855257694720081,466,25.569658532776124,0.34529375573649945,1.0899634385909902,0.6179070915755028,0.16977853465489565,0.16724760990286078,0.0,nan,1.0
200.172757,529,1761.750666,1.0,0.0,200.17275696212334,200.17275696212334,0.0,0.0,0.0,0.0,0.9845611826590123,529,18.558276054058602,0.3750290567149182,0.9994331604029346,0.6217678475047554,0.17038263084757757,0.1615060660248668,0.0,nan,1.0
264.816429,560,1769.87153,1.0,0.0,264.8164288703465,264.8164288703465,0.0,0.0,0.0,0.0,0.9882597995878394,560,21.73212685391164,0.27708743455135065,1.019251506743316,0.5890818497166037,0.20711867649640356,0.18414719253778458,0.0,nan,1.0
210.190936,543,1779.18234,1.0,0.0,210.19093561349712,210.19093561349712,0.0,0.0,0.0,0.0,0.9829990761785079,543,19.769432154142354,0.39679938812592475,1.5530681635717223,0.5742395101303773,0.2008980356746835,0.18674459532040477,0.0,7.198763190844886,1.0
198.465693,462,1785.950059,1.0,0.0,198.46569297174375,198.46569297174375,0.0,0.0,0.0,0.0,0.9826455056332136,462,20.721344210681636,0.349797046555888,0.9911972748881237,0.5031146679347728,0.1909243714757812,0.17084221303204952,0.0,nan,1.0
77.561945,206,1791.380359,0.0,1.0,77.56194481833258,77.56194481833258,0.0,0.0,0.0,1.0,0.33307152949584945,206,20.88756557133713,0.26478582269071144,1.702719366901051,0.5992173748542962,0.17272061283148607,0.15855300657957502,0.0,nan,1.0
163.796418,374,1796.657738,1.0,0.0,163.79641841558916,163.79641841558916,0.0,0.0,0.0,0.0,0.9830422550239215,374,22.701054671543506,0.41654248043259384,1.5354333544109058,0.5358797664589742,0.1420001964518093,0.12713970698137333,0.0,nan,1.0
49.652811,338,1801.648676,0.0,1.0,49.65281055056757,49.65281055056757,0.0,0.0,0.0,1.0,0.26164617080509867,338,19.442283310799848,0.5142715980768723,2.0,0.3758745353514626,0.2241232502742632,0.21363587668661535,0.0,nan,1.0
68.483604,252,1807.429413,0.0,1.0,68.48360419526348,68.48360419526348,0.0,0.0,0.0,1.0,0.43842617020821306,252,25.637294488491865,0.6448068116398082,2.0,0.5598397772345278,0.15694477420950692,0.14144112027826763,0.0,nan,1.0
274.019874,551,1815.687981,1.0,0.0,274.01987442321735,274.01987442321735,0.0,0.0,0.0,0.0,0.9888143316128014,551,25.787531744763772,0.3571183923792334,1.0749199354142236,0.5727287987128793,0.14816884747866926,0.14137875471270886,0.0,nan,1.0
301.525625,595,1826.216354,1.0,0.0,301.5256249675461,301.5256249675461,0.0,0.0,0.0,0.0,0.9881200162800289,595,26.781892005262815,0.33775699354970684,0.9998877625596384,0.5517674599750703,0.1581541987026439,0.1419418336964455,0.0,nan,1.0
100.042625,255,1830.217844,0.0,1.0,100.0426252278472,100.0426252278472,0.0,0.0,0.0,1.0,0.45619067448341144,255,23.871426079758066,0.4171754991866769,2.0,0.5799730961521466,0.15187056111354455,0.1362604716244866,0.0,nan,1.0
177.170104,453,1836.853758,1.0,0.0,177.17010411150582,177.17010411150582,0.0,0.0,0.0,0.0,0.9309314762812276,453,25.338189135664486,0.46566382654178257,2.0,0.5208127050605041,0.15520394604990287,0.15068513983922288,0.0,nan,1.0
90.675283,251,1841.593339,0.0,1.0,90.67528293702892,90.67528293702892,0.0,0.0,0.0,1.0,0.4329899174522172,251,22.98846596778881,0.3144978025284126,1.3951135244213149,0.6120333125688641,0.12765609695616947,0.1173695910024453,0.0,nan,1.0
251.028425,509,1848.141432,1.0,0.0,251.02842457167188,251.02842457167188,0.0,0.0,0.0,0.0,0.9899097390673733,509,24.887684963095015,0.365832416655889,1.6521121469734739,0.5523964325313718,0.13009875602947002,0.11638491045983695,0.0,nan,1.0
213.940984,538,1856.937129,0.0,1.0,213.94098351113146,213.94098351113146,0.0,0.0,0.0,1.0,0.893772195849668,538,25.266350606998746,0.4230067082648284,2.0,0.6070915822452108,0.14252149333076405,0.13565495554842472,0.0,nan,1.0
109.33803,239,1860.767311,0.0,1.0,109.3380296314948,109.3380296314948,0.0,0.0,0.0,1.0,0.5010278084248752,239,27.194787875159125,0.2968502348398636,1.322744936797526,0.5880778017590236,0.13936989576746728,0.14125394721410264,0.0,nan,1.0
194.58256,365,1866.155314,0.0,1.0,194.5825603708609,194.5825603708609,1.0,1.0,0.0,0.0,0.8682865636538007,365,30.941912441134434,0.34346497039678264,1.0688107571641832,0.6181913351155307,0.1362127565357783,0.1253610418267446,0.050952381285608424,1.2375940445595104,1.0
71.53523,197,1868.818089,0.0,1.0,71.53522999959367,71.53522999959367,0.0,0.0,0.0,1.0,0.44565496869765014,197,25.72215998817914,0.42962099510079005,2.0,0.562707763070685,0.14382147410799404,0.1135631034216905,0.0,nan,1.0
109.323471,281,1874.610988,0.0,1.0,109.32347065301006,109.32347065301006,0.0,0.0,0.0,1.0,0.5782973384608342,281,25.55531686446217,0.41754869351622514,2.0,0.5919213792925627,0.05463324492512225,0.05020866826759963,0.0,nan,1.0
288.805527,519,1881.174067,1.0,0.0,288.8055271093264,288.8055271093264,0.0,0.0,0.0,0.0,0.9870713795287683,519,26.0713220007115,0.3055492334335553,1.050024504956263,0.5834374637962076,0.1276466648932367,0.12636850564695737,0.0,nan,1.0
188.025084,275,1885.18461,0.0,1.0,188.02508403469966,188.02508403469966,1.0,1.0,0.0,0.0,0.8681794230109589,275,33.20413272163517,0.225068580672487,0.7958587619097464,0.5379501836408268,0.08692919557744806,0.08168034033341841,0.05851993714502749,0.09450604355992673,1.0
153.213585,299,1891.444264,1.0,0.0,153.21358464501884,153.21358464501884,0.0,0.0,0.0,0.0,0.9821558620400702,299,23.545103641905243,0.3281999381171429,0.9069517164130907,0.6002035903741285,0.12920115225291173,0.11419890556845777,0.0,nan,1.0
246.51819,396,1896.782197,1.0,0.0,246.51818964210992,246.51818964210992,0.0,0.0,0.0,0.0,0.9855732570001982,396,28.787607260072424,0.2775590672243541,1.329207885138009,0.5784502665540485,0.11040981610616048,0.0946130638170724,0.0,nan,1.0
258.161378,503,1906.183709,1.0,0.0,258.16137775228003,258.16137775228003,0.0,0.0,0.0,0.0,0.988028611371552,503,25.117645020873695,0.3549987497812146,1.710839323953386,0.5437561174036257,0.07948383564503482,0.08091110358418338,0.0,12.468804870122765,1.0
171.535549,407,1912.538004,1.0,0.0,171.53554896379316,171.53554896379316,0.0,0.0,0.0,0.0,0.9781692729294971,407,26.184783585867123,0.4208896212151728,1.5247162554692208,0.554208125800114,0.0985794118639878,0.09679359212261453,0.0,nan,1.0
227.409892,483,1918.994726,0.0,1.0,227.40989188412283,227.40989188412283,0.0,0.0,0.0,1.0,0.9986108990537799,483,30.552054304224857,0.4350453191754399,1.2317921032130845,0.5773210251553459,0.07965943951537643,0.07989816685394224,0.0,7.387007374347154,1.0
207.34196,516,1927.805902,1.0,0.0,207.34196024869146,207.34196024869146,0.0,0.0,0.0,0.0,0.9875023701926207,516,29.182471994643933,0.4500881207425441,1.563912971447882,0.543409580725801,0.1048807536446771,0.09386943708094515,0.0,nan,1.0
197.432909,501,1935.504207,0.0,1.0,197.43290868469646,197.43290868469646,0.0,0.0,0.0,1.0,0.7961969942385112,501,26.771022401921414,0.4477485819634436,2.0,0.6031938739671203,0.0901171534123297,0.0890618249803722,0.0,nan,1.0
13.8536,73,1938.575015,0.0,1.0,13.853600494373914,13.853600494373914,0.0,0.0,0.0,1.0,0.11889068198897519,73,19.959760122363683,0.22150220728805903,1.1475554185248666,0.5844468303943333,0.03265027150715867,0.04634890164414497,0.0,nan,1.0
267.673139,488,1946.411788,1.0,0.0,267.67313924844314,267.67313924844314,0.0,0.0,0.0,0.0,0.9896790835455389,488,31.347312128035565,0.4377310985751942,1.263776700840195,0.5742907560903763,0.0753569697014621,0.07177420717770935,0.0,nan,1.0
287.502057,586,1957.255111,1.0,0.0,287.50205739516133,287.50205739516133,0.0,0.0,0.0,0.0,0.9922563994547797,586,29.638785373652503,0.4047451590547581,1.7474205979255941,0.5866979120915864,0.07203492634125537,0.07090449801077207,0.002847168107637745,3.349009831130109,1.0
261.509322,631,1967.941653,1.0,0.0,261.5093217470302,261.5093217470302,0.0,0.0,0.0,0.0,0.9914423328751829,631,29.47855082409759,0.5360894878257453,2.0,0.5432966690593164,0.09428158369381719,0.08592444799970334,0.0,10.707244927978342,1.0
79.249297,391,1975.456976,0.0,1.0,79.24929690343495,79.24929690343495,0.0,0.0,0.0,1.0,0.4749876462595671,391,23.53681632418337,0.7681783981479309,2.0,0.6472241558763377,0.05828128751281582,0.05077004280236676,0.0,nan,1.0
115.604975,307,1979.300377,0.0,1.0,115.6049754833482,115.6049754833482,0.0,0.0,0.0,1.0,0.4191330133768288,307,26.763130746667915,0.39354454539459127,1.8812549483542873,0.5903448726168867,0.1196523598040354,0.11191606638097608,0.0,nan,1.0
300.048293,575,1987.758397,1.0,0.0,300.04829289667845,300.04829289667845,0.0,0.0,0.0,0.0,0.9898552638858339,575,29.252755504740225,0.3879220815816386,2.0,0.5323974557804024,0.07138209840525751,0.07329559761544932,0.0,nan,1.0
120.284744,365,1994.765034,0.0,1.0,120.2847439907205,120.2847439907205,0.0,0.0,0.0,1.0,0.5088840442671501,365,27.39267256264267,0.5205842939181556,2.0,0.525407395562897,0.08616692138044801,0.08691764759690794,0.0,nan,1.0
213.910986,331,1999.719681,0.0,1.0,213.91098645068612,213.91098645068612,1.0,1.0,0.0,0.0,0.8624801301951909,331,34.611154773790375,0.29847634326047445,1.086140309862803,0.5607892760945051,0.06202784081600224,0.06336245363932722,0.06003729421386636,1.002043010023404,1.0
237.363228,477,2007.655236,1.0,0.0,237.3632280791345,237.3632280791345,0.0,0.0,0.0,0.0,0.9864488860463106,477,26.292325829048472,0.45710634686735746,2.0,0.5983939422314022,0.07485164586353102,0.07249295411619751,0.0,nan,1.0
72.789387,190,2010.362633,0.0,1.0,72.78938665743432,72.78938665743432,0.0,0.0,0.0,1.0,0.4761112456300557,190,25.585057836336592,0.34961140957245357,1.0394022547888957,0.5885734127932474,0.07695801446312352,0.08164457647423995,0.0,nan,1.0
224.832441,376,2015.829508,0.0,1.0,224.8324411029738,224.8324411029738,0.0,0.0,0.0,1.0,0.8978549900774558,376,30.94950442981017,0.2912066611040389,2.0,0.562203479851497,0.06000351652185967,0.05991617732859673,0.0,nan,1.0
118.514466,330,2021.016216,0.0,1.0,118.51446569991862,118.51446569991862,0.0,0.0,0.0,1.0,0.7780498363090714,330,32.623890634985365,0.6647065762790335,2.0,0.5754606631443356,0.08579532449895685,0.07965362776409496,0.0,nan,1.0
114.907292,373,2028.782447,0.0,1.0,114.90729173354615,114.90729173354615,0.0,0.0,0.0,1.0,0.7626480682244121,373,28.927497229575405,0.5726786089331123,2.0,0.5246895629583032,0.10266904848510394,0.10369714143768392,0.0,nan,1.0
289.044666,440,2035.891509,0.0,1.0,289.0446660612602,289.0446660612602,1.0,1.0,0.0,0.0,0.8598610383393412,440,35.59996582290092,0.3040370759949755,0.9917480289103936,0.5672887917608023,0.09901903434233232,0.1010485749353062,0.06549370937261324,0.043003842266134414,1.0
