#{"t_start": 1780052010.2721217, "env_id": "None"}
r,l,t,is_success,episode_cost,episode_base_reward,episode_shaped_reward,episode_collision,episode_crash_vehicle,episode_crash_object,episode_out_of_road,episode_route_completion,episode_length,episode_mean_speed,episode_mean_lane_deviation,episode_max_lane_deviation,episode_steering_variation,episode_accel_variation,episode_jerk,episode_ttc_risk,episode_min_ttc,curriculum_stage
6.421432,600,3.461977,0.0,0.0,6.421432459834021,6.421432459834021,0.0,0.0,0.0,0.0,0.0936895050424406,600,0.7246934782639763,0.07976726023875716,0.17194627370181356,0.7841417652058105,0.8016674565772216,0.6221683219075202,0.0,nan,0.0
4.945416,600,6.024032,0.0,0.0,4.9454160129429585,4.9454160129429585,0.0,0.0,0.0,0.0,0.10645702330735986,600,0.7328343897641472,0.2467947628522982,0.4634060715145086,0.8693265482503921,0.8260495382547378,0.6143182496602336,0.0,nan,0.0
4.692601,600,7.962462,0.0,0.0,4.692600604668808,4.692600604668808,0.0,0.0,0.0,0.0,0.12313845883271864,600,0.8260033520555811,0.454792594391562,0.9923312093940252,0.8656710937557122,0.7932278320193291,0.6262122314671675,0.0,nan,0.0
8.419782,600,10.392762,0.0,0.0,8.419781522656253,8.419781522656253,0.0,0.0,0.0,0.0,0.12928068473821316,600,1.001308006219239,0.2396951784067112,0.7729387849249718,0.803922343980521,0.7994084848091007,0.6107039022197326,0.0,nan,0.0
-5.458285,553,11.991389,0.0,1.0,-5.4582848521162415,-5.4582848521162415,0.0,0.0,0.0,1.0,0.14396183803471738,553,1.065881703761827,0.4668359463951055,1.0363247620504423,0.7979598974819155,0.7265178905042128,0.5792214601531382,0.0,nan,0.0
6.716551,600,14.357916,0.0,0.0,6.71655055613894,6.71655055613894,0.0,0.0,0.0,0.0,0.22600609834074414,600,1.6389542997503779,1.3174668782204204,2.0,0.8691884381293009,0.6919695351521175,0.5498509013652801,0.0,nan,0.0
14.833553,600,16.540266,0.0,0.0,14.833553212928173,14.833553212928173,0.0,0.0,0.0,0.0,0.26706416778380343,600,1.7861950634665769,0.44716073173541965,0.9934315486118479,0.8314854243273536,0.6899082417289416,0.5397042042016983,0.0,nan,0.0
23.760008,600,18.25363,0.0,0.0,23.760008464966333,23.760008464966333,0.0,0.0,0.0,0.0,0.2862750761346209,600,1.94213182456861,0.19686014894444817,0.7524939006700345,0.8411374386834601,0.6610547864933809,0.4975427983204524,0.0,nan,0.0
1.748356,441,20.024546,0.0,1.0,1.7483559506018338,1.7483559506018338,0.0,0.0,0.0,1.0,0.2718814804964081,441,2.066244611601448,0.40076538363473463,1.032783027719389,0.7984550366739905,0.6714218149379808,0.527034419464146,0.0,nan,0.0
27.961898,600,21.713207,0.0,0.0,27.96189772453235,27.96189772453235,0.0,0.0,0.0,0.0,0.47121752946691375,600,2.7078772753016858,0.36837967462247123,0.9921000078542416,0.8253315059716503,0.5948460860550404,0.47435212483008704,0.0,nan,0.0
12.983933,600,24.00949,0.0,0.0,12.983933335181957,12.983933335181957,0.0,0.0,0.0,0.0,0.31869065544112696,600,2.0593369244455593,0.9866798229063753,2.0,0.8343814461740354,0.6478099485735098,0.5137037086486816,0.0,nan,0.0
11.88544,365,25.150698,0.0,1.0,11.88543971004757,11.88543971004757,0.0,0.0,0.0,1.0,0.3879651168882973,365,3.9865653656087714,0.42575304679796344,1.0455301985156245,0.7779903184979746,0.523080323901895,0.39746660957597707,0.0,nan,0.0
10.227937,392,26.784469,0.0,1.0,10.227937472155674,10.227937472155674,0.0,0.0,0.0,1.0,0.4035285477938737,392,3.4096403698368136,0.3949232638126785,1.0285304458170714,0.7377724798054112,0.5651017828103231,0.4634511163648294,0.0,nan,0.0
6.187271,435,28.974287,0.0,1.0,6.1872711552098245,6.1872711552098245,0.0,0.0,0.0,1.0,0.4383207014972089,435,4.715214807733971,0.9924155619477063,2.0,0.7813709662049666,0.48297285273157314,0.4043204173274424,0.0,nan,0.0
48.816105,600,31.089194,0.0,0.0,48.81610461656847,48.81610461656847,0.0,0.0,0.0,0.0,0.7559888483036333,600,5.199687494208425,0.4282693516385063,1.0613374240141877,0.8144091901974753,0.4288181342184544,0.3673746154705683,0.0,nan,0.0
0.729393,236,32.793359,0.0,1.0,0.7293926101646822,0.7293926101646822,0.0,0.0,0.0,1.0,0.33341003447887363,236,5.308963836275321,0.9636974605501568,2.0,0.8377130309561804,0.4278351017984293,0.3739289181717372,0.0,nan,0.0
5.321561,286,33.772436,0.0,1.0,5.321560565751197,5.321560565751197,0.0,0.0,0.0,1.0,0.3223905888232515,286,4.816858543764146,0.8560577785883026,2.0,0.8166857700456273,0.4360809019812337,0.37912973032131064,0.0,nan,0.0
28.810443,600,36.274575,0.0,0.0,28.810443059892453,28.810443059892453,0.0,0.0,0.0,0.0,0.6759075460676205,600,4.881819036417917,0.8951044331627916,2.0,0.8390412407120069,0.42469070663054787,0.36482133785883586,0.0,nan,0.0
42.475417,524,37.962056,0.0,1.0,42.47541689243839,42.47541689243839,0.0,0.0,0.0,1.0,1.0013202860061903,524,7.327388399112074,0.6059931110417401,2.0,0.7849061820755592,0.39955048103823915,0.34732015260303295,0.0,nan,0.0
73.502233,600,40.439069,0.0,0.0,73.50223295922386,73.50223295922386,0.0,0.0,0.0,0.0,0.9202419963668106,600,7.407402764696339,0.399296645983412,0.9925699184182983,0.7915365206822753,0.3858078096310298,0.34429266780614853,0.0,nan,0.0
41.56544,600,42.420159,0.0,0.0,41.56544035783828,41.56544035783828,0.0,0.0,0.0,0.0,0.8502688006897796,600,5.651824432731523,0.6110150792032228,1.189223564855575,0.8228037355002016,0.4063855174183846,0.3404616694649061,0.0,nan,0.0
67.509755,375,44.267207,1.0,0.0,67.50975521265113,67.50975521265113,0.0,0.0,0.0,0.0,0.9460917642512594,375,8.412753657929727,0.40165721739820326,0.9942402335467301,0.7197984561920167,0.34883734019597373,0.30164090140660604,0.0,nan,0.0
59.338399,423,45.741432,1.0,0.0,59.338399004438585,59.338399004438585,0.0,0.0,0.0,0.0,0.9597221125750103,423,10.1326984556397,0.9815237951772813,2.0,0.7793256942332496,0.32805461875090364,0.29269913099618106,0.0,nan,0.0
46.97343,600,48.51524,0.0,0.0,46.973430245769066,46.973430245769066,0.0,0.0,0.0,0.0,0.8644553523214783,600,6.675285911870147,0.7455953092668101,2.0,0.8148541861772537,0.38114357699950535,0.32453647096951804,0.0,nan,0.0
8.672795,288,49.510769,0.0,1.0,8.672795196063479,8.672795196063479,0.0,0.0,0.0,1.0,0.8003148392351288,288,10.907020187263191,1.2934711407509443,2.0,0.697100359843009,0.32022071360713905,0.28480962705281043,0.0,nan,0.0
2.174348,321,50.709677,0.0,1.0,2.1743483556144056,2.1743483556144056,0.0,0.0,0.0,1.0,0.5133245651041327,321,6.890800134710058,1.4822421343205676,2.0,0.7796764804334655,0.30835022343282015,0.2646262716281451,0.0,nan,0.0
2.001307,362,52.340818,0.0,1.0,2.0013074851650963,2.0013074851650963,0.0,0.0,0.0,1.0,0.888915664992466,362,10.770821673976993,1.582737523780544,2.0,0.763767809828342,0.2745315332109757,0.24360018013590606,0.0,nan,0.0
36.069021,449,53.972828,0.0,1.0,36.0690205560761,36.0690205560761,0.0,0.0,0.0,1.0,0.9171008665715353,449,9.992748702360984,0.7203777978556547,2.0,0.7731372897569214,0.3309054284424984,0.28866442009176074,0.0,nan,0.0
69.386905,363,55.829317,1.0,0.0,69.38690524606216,69.38690524606216,0.0,0.0,0.0,0.0,0.9516471108631809,363,9.625310466037227,0.4914964660333364,1.2454603534704085,0.7753059546419576,0.31938791275024414,0.30304156732296483,0.0,nan,0.0
28.470778,369,57.97892,0.0,1.0,28.47077830206753,28.47077830206753,0.0,0.0,0.0,1.0,0.8488084800527982,369,8.186895925330669,0.473395039340278,1.0955488100715232,0.7582435747633781,0.35360642758811395,0.3142567498251029,0.0,nan,0.0
1.978926,176,58.499176,0.0,1.0,1.9789256226054537,1.9789256226054537,0.0,0.0,0.0,1.0,0.4411847379648469,176,8.647139503789539,0.8658035404135096,1.8805109398542408,0.7976451939056542,0.2586150792512027,0.2444917315786535,0.0,nan,0.0
64.02408,318,59.739594,1.0,0.0,64.02407960969586,64.02407960969586,0.0,0.0,0.0,0.0,0.9578898483690127,318,12.3770001601935,0.48208263490841263,0.9901213797454904,0.7152179861265533,0.1998806046614857,0.19268113543402474,0.0,nan,0.0
64.431224,382,61.711757,0.0,1.0,64.43122352371003,64.43122352371003,0.0,0.0,0.0,1.0,1.0019461628055417,382,11.969499761941757,0.4959287542576165,2.0,0.7566981286356587,0.28751712179308786,0.27121393842846936,0.0,nan,0.0
64.685202,212,62.556545,1.0,0.0,64.6852017445186,64.6852017445186,0.0,0.0,0.0,0.0,0.9490264595233047,212,14.91809359223892,0.5908109192399669,1.7165135344108586,0.6987653962635206,0.22184497680304185,0.20540875646303286,0.0,nan,0.0
90.479665,298,63.523525,1.0,0.0,90.47966534607168,90.47966534607168,0.0,0.0,0.0,0.0,0.9538596585035468,298,12.105724322597212,0.3214077739801162,0.894782735759141,0.7455623610157694,0.27476904496250537,0.2313208059976565,0.0,nan,0.0
-2.29916,72,63.751284,0.0,1.0,-2.2991597990825063,-2.2991597990825063,0.0,0.0,0.0,1.0,0.24406435493067827,72,9.501668769075252,0.3713214354778045,1.0637114940598627,0.8120032811744345,0.12627265022860634,0.12917287978861067,0.0,nan,0.0
84.154498,420,65.754661,1.0,0.0,84.1544976470646,84.1544976470646,0.0,0.0,0.0,0.0,0.9748984737388027,420,10.911037698843378,0.5075256555119496,1.3555682283326105,0.7323816832598476,0.29713695446650185,0.269510159889857,0.0,nan,0.0
84.523725,287,66.723152,1.0,0.0,84.52372533215727,84.52372533215727,0.0,0.0,0.0,0.0,0.9548262571342606,287,12.252054244252674,0.2835327694550666,1.01245784148398,0.7368408119896563,0.2335347080479931,0.19502678399301987,0.0,nan,0.0
78.108914,312,67.811113,1.0,0.0,78.10891439302924,78.10891439302924,0.0,0.0,0.0,0.0,0.9540230373933626,312,11.137377979007441,0.39542435763546946,0.99432883948278,0.7757118297740817,0.27105663583064693,0.23566905581034148,0.0,nan,0.0
7.720553,148,68.86757,0.0,1.0,7.720552815976255,7.720552815976255,0.0,0.0,0.0,1.0,0.39733207481977484,148,12.252294792355654,0.7160528227448604,2.0,0.6693442349095602,0.2282548977716549,0.23144966243086634,0.0,nan,1.0
130.071015,800,73.678687,0.0,0.0,130.07101534846655,130.07101534846655,0.0,0.0,0.0,0.0,0.8976502319413838,800,13.355955934438338,0.6657631764510896,2.0,0.7160551028046757,0.23315682455897332,0.21971894323825836,0.0,nan,1.0
172.31686,800,78.292268,0.0,0.0,172.31686032272964,172.31686032272964,0.0,0.0,0.0,0.0,0.5948173565735336,800,12.886641996389892,0.38858421947109567,0.9960776073114769,0.7099051783233881,0.2501295714080334,0.21515935510396958,0.0,6.3604095193075345,1.0
163.690351,685,82.365763,1.0,0.0,163.69035098572266,163.69035098572266,0.0,0.0,0.0,0.0,0.9766707900181686,685,12.229619792106277,0.3701669013558141,0.9978208105025058,0.7442053766907567,0.2468064558767054,0.2245647021453746,0.0,nan,1.0
169.340158,800,85.402179,0.0,0.0,169.34015799747124,169.34015799747124,0.0,0.0,0.0,0.0,0.9760874772569319,800,14.61407506862725,0.46951112249220023,1.6238391773884278,0.7126897112280131,0.22645670793950556,0.20539629220962524,0.0,nan,1.0
131.857866,667,88.829376,0.0,1.0,131.8578658463002,131.8578658463002,0.0,0.0,0.0,1.0,0.7403288456574614,667,16.818278139286843,0.569813325309039,2.0,0.7072727491316767,0.23114622568619483,0.20756534300465276,0.0,nan,1.0
264.935951,779,92.769961,1.0,0.0,264.9359507030565,264.9359507030565,0.0,0.0,0.0,0.0,0.9882210235889121,779,18.829144711334628,0.4138206553949957,1.1727406589147042,0.6388704813012569,0.15993555259337322,0.1583500185429055,0.0,nan,1.0
195.914277,800,97.009385,0.0,0.0,195.9142769288702,195.9142769288702,0.0,0.0,0.0,0.0,0.8172211363106182,800,14.562809671608962,0.3991459412426033,1.2684552530384479,0.6782303071580827,0.21112779140472412,0.2076196314394474,0.0,24.12207245433069,1.0
157.71405,543,99.57303,1.0,0.0,157.71404956355653,157.71404956355653,0.0,0.0,0.0,0.0,0.9830975072387081,543,18.780532842017845,0.6842751087984412,2.0,0.6496120751809679,0.15797418893810575,0.15506589269989324,0.0,nan,1.0
292.13597,794,103.991495,1.0,0.0,292.1359703557743,292.1359703557743,0.0,0.0,0.0,0.0,0.9888264150258603,794,19.834304863293628,0.3934837658993831,1.0035250376382874,0.6730237037543986,0.14210344276740508,0.1297162613580449,0.0,nan,1.0
201.629705,762,107.856493,1.0,0.0,201.6297048477045,201.6297048477045,0.0,0.0,0.0,0.0,0.985088007652854,762,15.959291692186289,0.4324636304628402,2.0,0.7056042505648192,0.16873483559278052,0.15347584988188556,0.0,nan,1.0
217.434732,704,111.144127,1.0,0.0,217.43473178923855,217.43473178923855,0.0,0.0,0.0,0.0,0.9863218787129014,704,17.854974004188787,0.46061647145953893,1.3375562855533203,0.6577258698631671,0.17731191200966184,0.15826789713041348,0.0,nan,1.0
117.098737,484,114.623129,1.0,0.0,117.09873668592618,117.09873668592618,0.0,0.0,0.0,0.0,0.9828419123613537,484,20.746069157851487,0.756522156550462,2.0,0.6338821863524677,0.18524203615740312,0.17524422939158668,0.0,nan,2.0
41.122675,209,116.56542,0.0,1.0,41.12267546147554,41.12267546147554,0.0,0.0,0.0,1.0,0.21958865034589695,209,16.814994259984804,0.45069713781088,2.0,0.6968115831248498,0.17792974704760683,0.1613473538576701,0.004739401270361932,4.409649610082713,2.0
102.889907,390,120.498599,0.0,1.0,102.88990684090636,102.88990684090636,1.0,1.0,0.0,0.0,0.25668982373794735,390,15.85610504072253,0.36066780553073813,0.9963418357599237,0.7046787936526996,0.16566374500592548,0.15977764909084027,0.03764508932757846,0.9692601505196146,2.0
22.930149,151,122.935851,0.0,1.0,22.930149012996054,22.930149012996054,0.0,0.0,0.0,1.0,0.10180540155410826,151,17.075887296683018,0.5176246194776534,1.4662051720221603,0.6297832055399749,0.18313266938885317,0.15871256313576604,0.026826982961441592,3.1880127337647473,2.0
170.494437,602,128.629261,0.0,1.0,170.494437016458,170.494437016458,1.0,1.0,0.0,0.0,0.6706304467367916,602,16.913544714693323,0.36949026935744395,0.9991503645472076,0.7053663029746954,0.16792918806060209,0.15432684306686503,0.019151177873366756,0.4478989133090371,2.0
185.288253,512,133.424264,0.0,1.0,185.28825264718066,185.28825264718066,0.0,0.0,0.0,1.0,0.5896859885425375,512,22.15602743536836,0.3919391264657325,2.0,0.6916141851179418,0.1548839119495824,0.14869485585950315,0.009641358883940195,0.716043825258435,2.0
299.620505,1000,144.587298,0.0,0.0,299.6205048757891,299.6205048757891,0.0,0.0,0.0,0.0,0.8107061324080712,1000,19.46652850086547,0.4548729763395719,1.5466351430717042,0.6676336273495108,0.14576256775856017,0.13807961118221282,2.1798873975813185e-05,5.909060219719996,2.0
187.079752,911,154.143249,0.0,1.0,187.07975232637506,187.07975232637506,0.0,0.0,0.0,1.0,0.7408612672115374,911,21.852246013053612,0.8413651198985006,2.0,0.6845892827741139,0.14281172064080852,0.13610220426523856,0.0031107065640630397,3.650969639176991,2.0
241.266754,923,163.609968,0.0,1.0,241.26675414446206,241.26675414446206,0.0,0.0,0.0,1.0,0.7630683228592163,923,25.5205060577097,0.7685239998104534,2.0,0.6581761311428906,0.13402238730361377,0.13108280769277886,0.0,9.314837443112268,2.0
179.549959,555,168.621177,0.0,1.0,179.5499589679929,179.5499589679929,1.0,1.0,0.0,0.0,0.5927957549923323,555,23.568195255060683,0.5856111801534624,2.0,0.6676020848589974,0.10364912436889098,0.1022230592933861,0.027629513103376763,0.8302030980458263,2.0
213.659221,538,173.664405,0.0,1.0,213.65922064235198,213.65922064235198,0.0,0.0,0.0,1.0,0.5061615966113664,538,20.709124235182255,0.2895431439368406,1.0773906511549347,0.6671631919794809,0.12252499545373881,0.11361112559151916,0.0,13.926014679132667,2.0
20.453603,114,175.168272,0.0,1.0,20.453603037183555,20.453603037183555,1.0,1.0,0.0,0.0,0.07814036983815885,114,16.15808906496877,0.41897316894071635,0.9882506707812347,0.6304697688472899,0.1325622608787135,0.13554072275496365,0.0,51.177130829159054,2.0
359.819495,1000,185.946423,0.0,0.0,359.81949455419294,359.81949455419294,0.0,0.0,0.0,0.0,0.9043669788788244,1000,23.854350037185153,0.5070139370870352,2.0,0.6770050275288523,0.12906210935115814,0.12136673313379288,0.005251344552274379,3.7132507708380214,2.0
366.547129,1000,194.624546,0.0,0.0,366.5471287715262,366.5471287715262,0.0,0.0,0.0,0.0,0.894264082587817,1000,20.05830418271529,0.3623242231566017,1.38641717460066,0.6820461277104914,0.12992054796218871,0.12304469501972198,0.00953054520755774,2.519155084415782,2.0
328.049301,812,203.127396,0.0,1.0,328.04930135461035,328.04930135461035,1.0,1.0,0.0,0.0,0.9228975955314179,812,27.096871233318296,0.6071465522310993,2.0,0.6493896863657266,0.12166528176204325,0.11237257498825712,0.022686151824014126,0.618547521793604,2.0
196.773242,550,208.847034,0.0,1.0,196.77324162558864,196.77324162558864,0.0,0.0,0.0,1.0,0.6859775522582096,550,23.684439092386512,0.4618698273192085,1.7846929735929618,0.6481332638724284,0.12910195003856312,0.12074777527288957,0.005424179937748513,3.958879207194912,2.0
113.958339,425,212.392136,0.0,1.0,113.95833898363357,113.95833898363357,0.0,0.0,0.0,1.0,0.4375971258328284,425,22.042706929674967,0.7550257316682955,2.0,0.638303620902931,0.13304543915916892,0.139866439594942,0.0032173719751950754,4.337874082083628,2.0
226.103582,708,220.881125,0.0,1.0,226.10358153541387,226.10358153541387,1.0,1.0,0.0,0.0,0.5834616418675881,708,19.829757650944778,0.38876453723786214,1.5280218715753522,0.6744023955632317,0.1492913968987384,0.1435817209004009,0.00045418773739547844,5.07752931154753,2.0
321.185354,858,229.764715,1.0,0.0,321.1853543708925,321.1853543708925,0.0,0.0,0.0,0.0,0.9915923517987294,858,23.047773429750603,0.5170050716678027,2.0,0.6481050409654499,0.1500310423351946,0.139277140507887,0.008715465245379812,1.5242531594440136,2.0
80.900362,286,233.036471,0.0,1.0,80.90036199042454,80.90036199042454,1.0,1.0,0.0,0.0,0.29817018023321246,286,17.02299720221689,0.3503393964233129,0.9900822720214243,0.7238398500412078,0.16432123521824818,0.16814374840342916,0.06360424323371619,0.4088725888553189,2.0
292.945933,698,241.160749,1.0,0.0,292.9459327914905,292.9459327914905,0.0,0.0,0.0,0.0,0.9892083535627616,698,23.283501038224454,0.41927958501391943,1.1443467384197705,0.6375112752656967,0.16939729264267536,0.16250406449025545,0.00033518485171710346,5.444269505543375,2.0
275.70666,699,251.466854,1.0,0.0,275.7066596198681,275.7066596198681,0.0,0.0,0.0,0.0,0.9919258593721145,699,23.894357242545105,0.4563972264095534,1.5331262132407744,0.6398882061690732,0.1366823725775417,0.12750863312651672,0.0,nan,2.0
108.730598,386,255.904966,0.0,1.0,108.73059819136513,108.73059819136513,0.0,0.0,0.0,1.0,0.35832555765560586,386,18.67566293349179,0.38969132792588684,1.924616124713892,0.6608987610806455,0.15439254292552335,0.14436924272250634,0.0,nan,2.0
329.238637,934,265.495821,1.0,0.0,329.2386366197752,329.2386366197752,0.0,0.0,0.0,0.0,0.9916904847656036,934,21.3726315163267,0.4760437390032878,1.8268447224463495,0.6862651727080537,0.13328884411164474,0.1277425522722575,0.010497655382836882,2.1467870977347467,2.0
312.389808,821,274.02217,1.0,0.0,312.38980804710184,312.38980804710184,0.0,0.0,0.0,0.0,0.9899349272012088,821,22.277201679886613,0.41943441180788515,1.6334531513783241,0.6868257182270252,0.13341527770701048,0.12472503556984496,0.011353519337108424,0.7133331459503834,2.0
317.957873,736,281.173498,1.0,0.0,317.95787281315717,317.95787281315717,0.0,0.0,0.0,0.0,0.9897774321765944,736,23.73861394096998,0.38812494983097595,0.9994774387064973,0.6205247540441949,0.16320516379631084,0.15008725679439047,0.0,6.016698002685988,2.0
369.568865,1000,292.103467,0.0,0.0,369.56886529000013,369.56886529000013,0.0,0.0,0.0,0.0,0.8611969013176543,1000,23.412235234845,0.47402371525522036,1.5965976832986624,0.657298228405416,0.13436586737632752,0.13229635345935822,0.00958901594802107,3.298975015393246,2.0
282.259367,762,300.598027,1.0,0.0,282.25936665887014,282.25936665887014,0.0,0.0,0.0,0.0,0.9869641822112062,762,21.95390549745769,0.4403947916201475,0.9987166483263128,0.624670388445923,0.12640687971916098,0.1229150293693142,0.0003196678194054521,4.538478729678273,2.0
189.313436,453,305.309599,0.0,1.0,189.31343560840375,189.31343560840375,0.0,0.0,0.0,1.0,0.6027988742183225,453,25.289176267396332,0.37321286907908585,1.6084644626470774,0.6678887972521861,0.10515048119669192,0.09977234857234997,0.00542324541965109,1.9902898047953423,2.0
141.401052,395,311.799405,0.0,1.0,141.40105155465514,141.40105155465514,0.0,0.0,0.0,1.0,0.5749958041472462,395,24.314599486533897,0.42512212145179995,1.3439215926160661,0.695632276448268,0.10517043659958658,0.10997703558282007,0.00989735013091675,2.9914567230731124,2.0
58.055992,232,313.184802,0.0,1.0,58.055992272770425,58.055992272770425,0.0,0.0,0.0,1.0,0.21814708966155763,232,20.39207125263692,0.3693486873455382,1.1759885372288124,0.6059121496590048,0.11921313995945043,0.12269567030257192,0.0,nan,2.0
312.273541,753,321.854622,1.0,0.0,312.2735410382084,312.2735410382084,0.0,0.0,0.0,0.0,0.9963614059328739,753,24.5591067142704,0.43994862863627204,1.7983767279816896,0.6356795959936512,0.09561060687618585,0.09363642916736375,0.0,9.013355428022017,2.0
252.018977,686,329.381316,0.0,1.0,252.01897697367536,252.01897697367536,1.0,1.0,0.0,0.0,0.8215144329255347,686,27.241996778642598,0.5401937842041274,1.6481303569016275,0.6223491511793682,0.10344683463649916,0.09906012984128457,0.025213447769375397,2.031906844564679,2.0
111.850857,330,333.456752,0.0,1.0,111.85085711782108,111.85085711782108,1.0,1.0,0.0,0.0,0.30553247413900075,330,22.135834314802317,0.4129589669836223,0.9895212173056376,0.7083692968117469,0.11787269169634039,0.11479776935143904,0.049787950081894315,0.7856757667995495,2.0
48.98095,181,335.846133,0.0,1.0,48.98094981513112,48.98094981513112,0.0,0.0,0.0,1.0,0.13482281010144154,181,19.431471800923536,0.37795097243863235,1.3605369846925688,0.5938537264067824,0.10139207484313796,0.10089172711029895,0.0,nan,2.0
223.486633,520,340.594248,0.0,1.0,223.48663306711643,223.48663306711643,1.0,1.0,0.0,0.0,0.7730872984257108,520,26.06354726862523,0.4259899272208109,2.0,0.7016490650649827,0.09267128316255716,0.09294752845397362,0.01814912432458316,0.09811456340653893,2.0
148.537889,411,345.131083,0.0,1.0,148.53788925062034,148.53788925062034,1.0,1.0,0.0,0.0,0.7331007215772786,411,26.82077851496372,0.5363184626956373,1.7660335090975734,0.6744382768108027,0.09567066294723474,0.09295349631576352,0.007555161524492844,1.0335222394418688,2.0
99.564592,255,348.029747,0.0,1.0,99.56459207099293,99.56459207099293,0.0,0.0,0.0,1.0,0.25260794493876954,255,25.839927280358328,0.4443706466496552,2.0,0.6368274613922718,0.04418171246846517,0.04725399905560063,0.0,nan,2.0
222.180459,531,353.589935,0.0,1.0,222.18045879760876,222.18045879760876,0.0,0.0,0.0,1.0,0.6178151642578718,531,25.131546114490064,0.3974033355106042,1.8995337097912737,0.6715109250920416,0.09637836300945102,0.09503830062916499,0.0,7.259147889595069,2.0
191.473687,485,359.235694,0.0,1.0,191.47368692424263,191.47368692424263,0.0,0.0,0.0,1.0,0.6315769878476021,485,26.193115941473938,0.4748321586335239,2.0,0.6204473791355939,0.09140613963923504,0.09416211364195519,0.014033997808076121,0.18725168715013946,2.0
153.634021,481,363.545417,0.0,1.0,153.63402127419425,153.63402127419425,1.0,1.0,0.0,0.0,0.7038627982905209,481,23.571605396581855,0.5165440575671167,1.4393492530246665,0.6450558684595905,0.12771019816646456,0.11859847428645016,0.02778564381128588,0.34338517320784256,2.0
253.491066,555,370.799269,1.0,0.0,253.49106564804015,253.49106564804015,0.0,0.0,0.0,0.0,0.989399182933443,555,28.73396994664952,0.5068931837912523,2.0,0.6439340961409045,0.0746761281211097,0.07082108420294685,0.0032524725487848346,4.127643661731087,2.0
356.245042,797,379.639759,1.0,0.0,356.2450420740969,356.2450420740969,0.0,0.0,0.0,0.0,0.9919775769283913,797,23.56477232067832,0.36722785851357265,1.018802150309439,0.6139424867469963,0.07539841282173262,0.07084135817763497,0.0003264546877305358,5.217352128130076,2.0
30.457486,120,381.33921,0.0,1.0,30.457485905419006,30.457485905419006,1.0,1.0,0.0,0.0,0.08848869053683651,120,17.551544845571197,0.2964472946562461,0.9954625312990143,0.6450965006214877,0.06142920255661011,0.06976253588994344,0.0,nan,2.0
348.276937,725,389.986452,1.0,0.0,348.2769373408357,348.2769373408357,0.0,0.0,0.0,0.0,0.9899863124969376,725,26.402466264602293,0.39520869782951806,1.737644367570995,0.5814079667653503,0.07668208615533237,0.07224737890835466,0.0047665764633708085,1.722684162287025,2.0
286.642881,633,397.116164,1.0,0.0,286.6428814766865,286.6428814766865,0.0,0.0,0.0,0.0,0.9849484428748577,633,26.986007433422262,0.450060672829528,1.0899071763253927,0.5831914972896448,0.08910322980293166,0.08656121806887465,0.0028127726882583347,2.809462104444506,2.0
180.341977,369,401.411524,0.0,1.0,180.34197732761675,180.34197732761675,0.0,0.0,0.0,1.0,0.5476095982717493,369,28.277160460068256,0.35933908271586545,1.4054379172724085,0.6091516477669158,0.08208605041348838,0.07987947128006437,0.0,nan,2.0
240.774043,490,406.329661,0.0,1.0,240.7740431363535,240.7740431363535,1.0,1.0,0.0,0.0,0.6521074259432356,490,26.616113036049324,0.3271687134084544,0.9955794987289316,0.6292270036528305,0.07853527908422508,0.07842389527632265,0.04236970219081781,1.7910434753407862,2.0
265.095122,620,420.811147,0.0,1.0,265.0951218481294,265.0951218481294,1.0,1.0,0.0,0.0,0.812228887015925,620,24.53298380663452,0.35517720971038363,1.5441012150831073,0.5627882214713722,0.11680573330771539,0.10284028630102834,0.03201413098363398,0.6399913034454408,2.0
109.249635,243,425.6388,0.0,1.0,109.24963535315071,109.24963535315071,1.0,1.0,0.0,0.0,0.2787171745243682,243,24.382285380397796,0.272752579926146,0.9955648603243152,0.6330819288153707,0.08524447262532427,0.07515856562327947,0.015145891400092116,0.39242770356452006,2.0
337.92136,744,441.583644,1.0,0.0,337.9213601729295,337.9213601729295,0.0,0.0,0.0,0.0,0.9894434357185155,744,23.769931554364888,0.37750735415822406,0.9986139591567497,0.6002424462718429,0.10878389368775071,0.10383229790836253,0.0,8.884958802786944,2.0
223.455064,426,449.762125,0.0,1.0,223.45506369467196,223.45506369467196,0.0,0.0,0.0,1.0,0.5563123320748277,426,29.38805320958706,0.34751928256942416,1.541788975873819,0.5839223721427537,0.077932616914382,0.07519089951761451,0.0014641764496780435,4.5975383211160565,2.0
296.649685,736,465.218366,1.0,0.0,296.6496849648839,296.6496849648839,0.0,0.0,0.0,0.0,0.9899413681695216,736,22.665340128602455,0.4278722067972023,1.1157939022700893,0.680511477575435,0.0982865423935911,0.09267718798440436,0.002762108800555566,2.2672088509648782,2.0
243.029538,565,477.819542,0.0,1.0,243.02953764550705,243.02953764550705,0.0,0.0,0.0,1.0,0.7651988538281068,565,28.616182400690242,0.4359112278847697,2.0,0.5936202055716937,0.07629937176155834,0.07438770047331278,0.006584477734711814,1.9884501698896715,2.0
99.240057,354,485.825765,0.0,1.0,99.24005720273792,99.24005720273792,0.0,0.0,0.0,1.0,0.4302171319150482,354,25.92683911509318,0.5837832338210986,1.9915307277590524,0.586814153297557,0.07869718505837824,0.07876794924170284,0.0,nan,2.0
312.729196,564,497.236066,1.0,0.0,312.729195997513,312.729195997513,0.0,0.0,0.0,0.0,0.9871273940977618,564,28.072652350734,0.34630814256583836,1.13664542561782,0.5549849772706945,0.0854185050260936,0.08065309190581031,0.012511690522306435,1.131027285091684,2.0
409.43055,799,514.747942,1.0,0.0,409.4305502689122,409.4305502689122,0.0,0.0,0.0,0.0,0.992723594086902,799,30.376634053389054,0.502207920526125,2.0,0.5955302004792141,0.1536650368209476,0.14061615180611162,0.04234277132259974,1.4337180934254796,2.0
369.977746,757,533.303422,1.0,0.0,369.9777461837562,369.9777461837562,0.0,0.0,0.0,0.0,0.9904613402390717,757,24.72196411100656,0.3469508316608588,0.9858420505648978,0.6239414208001474,0.1288729976946328,0.12553611425301514,0.015961688666082,3.354252979621841,2.0
262.32385,749,549.664104,0.0,1.0,262.3238500205886,262.3238500205886,0.0,0.0,0.0,1.0,1.0008911132106333,749,26.383472781174692,0.5657674218264317,2.0,0.6180576867758432,0.1163112864156909,0.10733426126523393,0.04627575088153028,1.2059246951159488,2.0
94.802424,334,558.661261,0.0,1.0,94.80242401836267,94.80242401836267,0.0,0.0,0.0,1.0,0.2840076756294705,334,23.334756669192643,0.41143371417359775,1.9613384617187792,0.5984354029537854,0.11620591179339472,0.10968169052443819,0.0,10.394308195062512,2.0
103.112168,160,562.097631,1.0,0.0,103.11216835358539,103.11216835358539,0.0,0.0,0.0,0.0,0.29385750559733076,160,25.06257269551923,0.2465225982804275,0.9769407175728038,0.6308523679384962,0.07164322137832642,0.07722435891628265,0.0,nan,2.0
418.543397,864,582.60815,1.0,0.0,418.54339655633777,418.54339655633777,0.0,0.0,0.0,0.0,0.993173125060346,864,26.560935689626234,0.3919523516940842,1.4569486573247425,0.5579502902131666,0.08841543886120673,0.08692972651786274,0.0,18.04164052084751,2.0
355.536225,619,595.75036,1.0,0.0,355.5362245418376,355.5362245418376,0.0,0.0,0.0,0.0,0.9885951065161204,619,26.383039001753936,0.2778145736596924,0.9637962306725901,0.575091246328947,0.15329469020609324,0.14149103314888112,0.003067626442834446,2.7488017394262103,2.0
136.971685,322,604.46295,0.0,1.0,136.97168543923627,136.97168543923627,1.0,1.0,0.0,0.0,0.4532576747478378,322,28.557750467761878,0.4368209422562125,1.0019725710061242,0.6163105083085736,0.12075249304682571,0.1042619902895104,0.03740594862896536,0.7755180773215538,2.0
68.105896,210,608.308161,0.0,1.0,68.10589647228339,68.10589647228339,0.0,0.0,0.0,1.0,0.20494941760382654,210,22.661902685232853,0.40053833801892325,1.039410741568126,0.6150939226860092,0.0861812446798597,0.08680701653162638,0.0,nan,2.0
182.739137,526,619.003986,0.0,1.0,182.73913666206533,182.73913666206533,0.0,0.0,0.0,1.0,0.49612706164550896,526,25.105071401116195,0.4652393267085229,1.047836278074079,0.6426548354129374,0.10009662325391298,0.09436594148099196,0.002059523054565607,3.8641247854287557,2.0
85.254658,201,624.567859,0.0,1.0,85.25465849997288,85.25465849997288,0.0,0.0,0.0,1.0,0.26967081661279796,201,28.328504875490182,0.369057435133013,1.0351598255001384,0.5860187856860422,0.040127844359744244,0.0451029687378537,0.0,nan,2.0
251.659563,713,639.958494,0.0,1.0,251.65956255686007,251.65956255686007,1.0,1.0,0.0,0.0,0.8198265083402535,713,25.82399176717004,0.45620212905508467,2.0,0.6033985811542997,0.11689797273692042,0.10596768668791355,0.02423924216543332,0.4230378479288818,2.0
230.23709,513,651.796951,0.0,1.0,230.23709013910002,230.23709013910002,1.0,1.0,0.0,0.0,0.4751070879096774,513,27.484387848592554,0.38400439063992425,1.3977935914582211,0.6130836151511232,0.11440378044083802,0.11520549358680235,0.019976411228145363,1.6627490855153486,2.0
197.264367,402,660.273415,0.0,1.0,197.26436721471504,197.26436721471504,1.0,1.0,0.0,0.0,0.5027381992138884,402,25.72221668949865,0.28305470723932863,1.0872710795685718,0.6409583314326569,0.09154242959188584,0.09608714794045065,0.021922869399977996,0.40042704229021847,2.0
168.154138,335,669.483091,0.0,1.0,168.15413819800747,168.15413819800747,1.0,1.0,0.0,0.0,0.5300906693916987,335,33.970472350346355,0.4658047706198082,0.9983657417775404,0.6375926543305169,0.07153775834325535,0.07070957582388351,0.09043166677486356,0.1347159064746407,2.0
176.434784,465,678.664292,0.0,1.0,176.43478368350756,176.43478368350756,1.0,1.0,0.0,0.0,0.6569515431862856,465,23.91363864928836,0.3872703558535556,1.008482755088463,0.6434541505190634,0.10074391595778927,0.09861824204844813,0.032360652368531834,0.6674479495162033,2.0
252.002219,685,693.847695,0.0,1.0,252.0022186964585,252.0022186964585,0.0,0.0,0.0,1.0,0.8474199464447629,685,28.01628350444924,0.4471990792399886,2.0,0.5908071970961389,0.10475253040773155,0.09286544201147817,0.005291455871339916,1.5665699912012567,2.0
118.886877,274,700.403866,0.0,1.0,118.88687736157368,118.88687736157368,1.0,1.0,0.0,0.0,0.2992710125587069,274,25.20001956808607,0.3622215372856089,0.9161986301032353,0.6119109812280993,0.08803975538615763,0.09244051423386065,0.08045972500454424,1.0265588613500614,2.0
127.552917,282,706.24797,0.0,1.0,127.55291651636833,127.55291651636833,1.0,1.0,0.0,0.0,0.5529654711855788,282,31.678845522364107,0.5616913140076776,2.0,0.5443630282311364,0.11817824861682052,0.11375243422832895,0.04846656195487681,1.007827371077988,2.0
40.210896,133,709.434131,0.0,1.0,40.210896228554866,40.210896228554866,0.0,0.0,0.0,1.0,0.17975112692017886,133,23.46060866113861,0.4715011193466729,2.0,0.5251757964155728,0.09881009732870231,0.10391239205697425,0.0,nan,2.0
127.959789,216,715.446304,0.0,1.0,127.95978898847406,127.95978898847406,0.0,0.0,0.0,1.0,0.3721380167178567,216,28.913167123110586,0.19962658056867025,1.0353359414398213,0.5951842515625887,0.04764073148921684,0.05599525846816875,0.0,nan,2.0
98.724325,393,725.99503,0.0,1.0,98.72432482457376,98.72432482457376,1.0,1.0,0.0,0.0,0.4537175018977078,393,25.35556903168163,0.5126308390195218,1.6712617757554233,0.6125924400700867,0.06645364069756661,0.06726625190133054,0.027699384540520854,0.5750969690026758,2.0
32.35724,96,728.126793,0.0,1.0,32.35724001386416,32.35724001386416,1.0,1.0,0.0,0.0,0.10124727169488756,96,20.697662964427057,0.20236633585150032,0.7154328303278754,0.6439321979414672,0.07061248521010081,0.07517601797978084,0.0,nan,2.0
68.897627,461,737.795718,0.0,1.0,68.8976271300807,68.8976271300807,0.0,0.0,0.0,1.0,0.37891122702451163,461,19.936688026016597,0.6025085862381849,1.805969177729937,0.6921033056982169,0.07515538747295124,0.07293672158247479,0.0,36.78230545604319,2.0
-2.020462,55,741.429109,0.0,1.0,-2.0204620707215373,-2.0204620707215373,0.0,0.0,0.0,1.0,0.03510085184870829,55,13.827194329363715,0.44493734677139346,1.061969226914096,0.6222905951467428,0.09999924139543014,0.1305649367245761,0.0,nan,2.0
154.706165,451,752.308535,0.0,1.0,154.70616526973492,154.70616526973492,1.0,1.0,0.0,0.0,0.5994826726795854,451,29.395112575821404,0.4183133591143251,1.5310926313441968,0.6126586765447372,0.09708814108186709,0.09476263348649187,0.01917487815934412,1.5497800495215523,1.0
61.254503,170,756.009844,0.0,1.0,61.25450272166508,61.25450272166508,0.0,0.0,0.0,1.0,0.271221155444749,170,27.455161203800902,0.45431620299608655,1.0388871043083572,0.6008469468968756,0.03532697593464571,0.04120932887582218,0.0,nan,1.0
128.702339,286,760.827187,0.0,1.0,128.70233881708623,128.70233881708623,0.0,0.0,0.0,1.0,0.5532395679392146,286,27.869953019996636,0.3616987159739144,1.7744093694775611,0.6259317089367163,0.04681720308490567,0.04503441898972838,0.0038551921227599328,2.615719106474444,1.0
80.101039,191,764.756332,0.0,1.0,80.10103939446955,80.10103939446955,0.0,0.0,0.0,1.0,0.2501507326545277,191,23.504571967747605,0.26091145932680315,1.0999069279785574,0.6553379316760607,0.059198978683711344,0.0613668089761784,0.0,12.896177923217113,1.0
160.067105,303,769.208919,1.0,0.0,160.06710520883476,160.06710520883476,0.0,0.0,0.0,0.0,0.9843176070832088,303,31.723683661916258,0.4861671463458751,0.9995062630713458,0.6701847628103231,0.05262395257603611,0.05592428260903941,0.0,nan,1.0
253.627327,488,777.655562,0.0,1.0,253.62732691168486,253.62732691168486,1.0,1.0,0.0,0.0,0.8232810360643733,488,31.11201095299112,0.3657670314078879,0.9507247203050825,0.5861904557305769,0.07499116219458032,0.06894734843832548,0.042937374360651134,1.0422548290317424,1.0
136.520457,294,783.315456,0.0,1.0,136.5204569371171,136.5204569371171,0.0,0.0,0.0,1.0,0.6499603784741294,294,32.04522898014691,0.4489039700601905,1.0592423959894741,0.6021474850345023,0.02391761135892803,0.02599179055415043,0.0,6.472088128458592,1.0
267.825785,511,791.158748,1.0,0.0,267.82578545290426,267.82578545290426,0.0,0.0,0.0,0.0,0.9861791676588355,511,31.618458599343136,0.4589506200425008,0.9991985781202118,0.5489086752243472,0.05732479160779143,0.055553269712892296,0.01818875798286813,2.1313871862416365,1.0
175.510537,430,798.991067,1.0,0.0,175.5105365660535,175.5105365660535,0.0,0.0,0.0,0.0,0.9868840051577997,430,30.09659603704377,0.5388214471127544,1.2918721656322192,0.610450057104923,0.06577664586000664,0.06496922498525576,0.0,nan,1.0
53.099191,186,801.583173,0.0,1.0,53.09919053106916,53.09919053106916,0.0,0.0,0.0,1.0,0.40012251112320946,186,25.93398747825021,0.39522319536988193,1.1530719313700535,0.5722432384487762,0.06259680691585746,0.07188375790913899,0.0,nan,1.0
113.227795,320,807.157308,0.0,1.0,113.22779468124857,113.22779468124857,0.0,0.0,0.0,1.0,0.5601595230466244,320,25.75135930604814,0.405685592948174,1.3466471795842696,0.5714566803071648,0.07396896407008172,0.0769993893802166,0.0,6.221001357207238,1.0
8.514331,88,808.348282,0.0,1.0,8.514330894125877,8.514330894125877,0.0,0.0,0.0,1.0,0.11047303472983216,88,17.05566441608403,0.47925366847559636,1.0557728175974146,0.5643867100165649,0.05825208533893932,0.06961572170257568,0.0,nan,1.0
142.829414,336,813.622862,1.0,0.0,142.82941383398696,142.82941383398696,0.0,0.0,0.0,0.0,0.9842101706607439,336,27.23382229157439,0.522237649842283,0.9947955171231652,0.5857397882888714,0.09607633948326111,0.09302038557472683,0.0,nan,1.0
96.256997,243,819.011874,0.0,1.0,96.25699653060931,96.25699653060931,0.0,0.0,0.0,1.0,0.4652776297185547,243,29.02506097026148,0.4705944230775476,1.1568487048645835,0.6096006570529545,0.05706562770246969,0.061021856810330365,0.029842610098884465,2.802983661889655,1.0
173.90234,397,824.899474,0.0,1.0,173.90233958534554,173.90233958534554,0.0,0.0,0.0,1.0,0.7053419743135965,397,27.55168204641629,0.3460051938004769,2.0,0.5395545649626093,0.07224644641732089,0.07230559524420827,0.0,nan,1.0
6.018622,94,826.274023,0.0,1.0,6.018622380776204,6.018622380776204,0.0,0.0,0.0,1.0,0.12025343944614078,94,16.402028376139594,0.46458044819121613,1.025660679067506,0.6418684216889929,0.0632785254336418,0.07737035700615416,0.0,nan,1.0
52.262927,186,829.605409,0.0,1.0,52.26292729589382,52.26292729589382,0.0,0.0,0.0,1.0,0.31201973884609047,186,25.67675020766919,0.3835634110733472,1.0306913244567384,0.5449475334376417,0.0900123401354718,0.09821453786665393,0.0,nan,1.0
-6.986193,76,831.116488,0.0,1.0,-6.986192785674918,-6.986192785674918,0.0,0.0,0.0,1.0,0.06297474014692514,76,13.263844070743957,0.5137697962611905,1.0426632268436433,0.594155715876504,0.06829094259362471,0.08144883733046682,0.0,12.926242215280073,1.0
60.597383,154,834.967901,0.0,1.0,60.59738283258551,60.59738283258551,0.0,0.0,0.0,1.0,0.2799270743225338,154,21.298298153434033,0.21687655283974588,1.1520406570665034,0.6519081118431959,0.08594692682291007,0.08750335968934096,0.0,nan,1.0
120.695327,266,839.546949,0.0,1.0,120.69532651389068,120.69532651389068,0.0,0.0,0.0,1.0,0.7078472494100453,266,29.092830097532524,0.41269926584457933,1.050357854164886,0.6185226884523505,0.044784955064156896,0.04646207336196326,0.0,nan,1.0
253.246211,443,846.731779,1.0,0.0,253.24621111597693,253.24621111597693,0.0,0.0,0.0,0.0,0.9881602954648276,443,31.35565769872277,0.3979633349771828,1.0121300803333624,0.6152207428930038,0.053521023108781596,0.05376760066228311,0.0,nan,1.0
37.173496,142,849.168772,0.0,1.0,37.1734956494784,37.1734956494784,0.0,0.0,0.0,1.0,0.2895703804184934,142,20.936953702706884,0.4090942810179949,1.1526371380461946,0.5716456720526789,0.0671554619157818,0.06798429052594682,0.0,nan,1.0
130.528685,276,855.141881,0.0,1.0,130.52868492152766,130.52868492152766,0.0,0.0,0.0,1.0,0.9315104018073528,276,29.89897759486242,0.36847174058898025,1.607455706968388,0.5386947306763866,0.0660647425962531,0.06551614749258843,0.0,nan,1.0
80.346682,191,858.362636,0.0,1.0,80.34668150124001,80.34668150124001,0.0,0.0,0.0,1.0,0.4360839340874106,191,24.461209724214672,0.3165917706402534,1.0314344528746482,0.6296233974046108,0.04271854717694028,0.047954149271181114,0.0,nan,1.0
178.685305,374,864.280888,0.0,1.0,178.68530542136722,178.68530542136722,0.0,0.0,0.0,1.0,0.8834991021956609,374,29.878458401589025,0.37226930168369865,1.1345753728421313,0.6125778353668471,0.06389425973841213,0.06353919200081239,0.0,nan,1.0
52.307472,168,867.565853,0.0,1.0,52.307472124951154,52.307472124951154,0.0,0.0,0.0,1.0,0.3027519752363566,168,22.531174963572443,0.3339034750241988,1.0372359169863399,0.585128901792424,0.06858269231660026,0.06309519921030317,0.0,nan,1.0
212.110422,449,877.220114,1.0,0.0,212.11042158129737,212.11042158129737,0.0,0.0,0.0,0.0,0.989435581816774,449,29.880934893297542,0.5034575836940771,2.0,0.4775421350762945,0.07247322519000761,0.07552456430974676,0.0,13.302860574456895,1.0
34.784205,139,879.922312,0.0,1.0,34.78420542621798,34.78420542621798,0.0,0.0,0.0,1.0,0.26294662639247385,139,22.263556134641785,0.3252513469404559,1.180062661434215,0.5359578007202355,0.04120364635110759,0.048397890955424135,0.0,nan,1.0
271.653343,544,888.298984,1.0,0.0,271.65334253516335,271.65334253516335,0.0,0.0,0.0,0.0,0.985491769396088,544,30.044779987243572,0.42147377039539013,0.9893133166426837,0.5117739739190952,0.07651536166667938,0.07698660124750699,0.0,nan,0.0
62.094357,148,889.840115,1.0,0.0,62.0943570132929,62.0943570132929,0.0,0.0,0.0,0.0,0.9536983229457552,148,22.98210655445787,0.454361119091527,0.9854267271940528,0.5871082763313442,0.051433392473169276,0.053703343546068344,0.0,nan,0.0
72.113394,127,891.293808,1.0,0.0,72.1133936804283,72.1133936804283,0.0,0.0,0.0,0.0,0.9528268235251454,127,24.25390445297087,0.27532572511576314,0.7975671468876183,0.5159230534955273,0.025563309511800452,0.033437325259831945,0.0,nan,0.0
22.035078,91,892.356776,0.0,1.0,22.035077626912326,22.035077626912326,0.0,0.0,0.0,1.0,0.4921278021194636,91,19.57137398921196,0.23332642998115358,1.041916110342083,0.5507517727194252,0.07480445536938342,0.0862189518226372,0.0,nan,0.0
74.442451,133,893.848017,1.0,0.0,74.44245050086286,74.44245050086286,0.0,0.0,0.0,0.0,0.955877932312784,133,23.725563899988572,0.3794549814616418,0.9710925123368689,0.6133958550548195,0.07594289277729235,0.08724685539876607,0.0,nan,0.0
85.700724,155,895.566578,1.0,0.0,85.70072435164236,85.70072435164236,0.0,0.0,0.0,0.0,0.9595264377335674,155,26.24195521458144,0.43029444283776797,0.9937661916783022,0.5290185137141136,0.06327743991728751,0.06679996213605327,0.0,nan,0.0
79.173741,177,897.457672,1.0,0.0,79.17374107309791,79.17374107309791,0.0,0.0,0.0,0.0,0.9617058804633466,177,24.21339029485964,0.46423582343230546,0.999635054106997,0.5919590434112117,0.05947812937073788,0.06512784688486217,0.0,nan,0.0
35.145938,133,899.829462,0.0,1.0,35.14593814190747,35.14593814190747,0.0,0.0,0.0,1.0,0.9226693963602437,133,22.264249857034425,0.30501145201659285,1.1350812322150776,0.5243943039523927,0.05909303256443569,0.06661182955691689,0.0,nan,1.0
-5.204854,50,902.660347,0.0,1.0,-5.204853909224176,-5.204853909224176,0.0,0.0,0.0,1.0,0.02978339179975426,50,13.150134213583538,0.8584371096768743,2.0,0.37858141630887987,0.09826946258544922,0.13048431396484375,0.0,nan,1.0
-8.748272,44,903.979935,0.0,1.0,-8.748272479365113,-8.748272479365113,0.0,0.0,0.0,1.0,0.018686725231579087,44,13.15111598093999,0.36398888725418016,0.996349899719914,0.13406287133693695,0.12569204785607077,0.1304310993714766,0.0,nan,1.0
-8.284888,37,905.070204,0.0,1.0,-8.284888143096516,-8.284888143096516,0.0,0.0,0.0,1.0,0.022934877947011895,37,12.750979656643807,0.9416085471597352,2.0,0.3799795166060731,0.08654223261652766,0.11356925964355469,0.0,nan,1.0
-8.117496,41,906.164831,0.0,1.0,-8.117496014257332,-8.117496014257332,0.0,0.0,0.0,1.0,0.021047947131858626,41,14.241811499185097,0.4861909705992735,0.9635612197358164,0.11583646623099722,0.07126083606626929,0.0924843520652957,0.0,nan,1.0
-8.479418,48,907.677503,0.0,1.0,-8.479418274034506,-8.479418274034506,0.0,0.0,0.0,1.0,0.015898247471690195,48,13.516715084414216,0.775884375452775,2.0,0.13637917240460715,0.06770673642555873,0.08519864579041798,0.0,nan,1.0
-8.075847,44,909.030935,0.0,1.0,-8.07584660095793,-8.07584660095793,0.0,0.0,0.0,1.0,0.01798490242176527,44,13.374017533201288,0.36318017124169144,0.9599762572414331,0.08503649993376299,0.17873294245113025,0.22096707604148172,0.0,nan,1.0
-8.670341,31,910.233196,0.0,1.0,-8.670340816970647,-8.670340816970647,0.0,0.0,0.0,1.0,0.01982731881216606,31,11.37849854644681,1.0308919391535234,2.0,0.20440688248603575,0.03225806451612903,0.06451612903225806,0.0,nan,1.0
-8.37393,36,911.553396,0.0,1.0,-8.37392958240475,-8.37392958240475,0.0,0.0,0.0,1.0,0.027986749574675257,36,12.6376346054059,0.8571266574411585,2.0,0.23300483408901426,0.10379794571134779,0.13157572348912558,0.0,nan,1.0
-8.177165,44,912.514459,0.0,1.0,-8.177164644065437,-8.177164644065437,0.0,0.0,0.0,1.0,0.025822307257512254,44,14.10327734530977,1.293144273089562,2.0,0.401643050157211,0.14281584728847851,0.13840722224929117,0.0,nan,0.0
-8.54373,39,913.223093,0.0,1.0,-8.543730470570408,-8.543730470570408,0.0,0.0,0.0,1.0,0.08301800344555389,39,12.310158072440894,1.295402845144044,2.0,0.29130416000500703,0.1814963664764013,0.18098925932859763,0.0,nan,0.0
-8.308629,37,913.873937,0.0,1.0,-8.308628528745185,-8.308628528745185,0.0,0.0,0.0,1.0,0.07550013999737581,37,12.392704162706988,1.1461364409266117,2.0,0.3477541538509163,0.14214092331963615,0.15685218089335673,0.0,nan,0.0
-8.029837,44,914.591033,0.0,1.0,-8.029836936886975,-8.029836936886975,0.0,0.0,0.0,1.0,0.05975921148199405,44,13.485823172074925,0.5067703565658993,0.9905421440243746,0.08817255767908963,0.07835824381221425,0.06863869049332359,0.0,nan,0.0
-8.200521,45,915.409694,0.0,1.0,-8.200521133574314,-8.200521133574314,0.0,0.0,0.0,1.0,0.0640189958826922,45,13.482394796891324,0.8060684822278477,2.0,0.21641114287906224,0.09017701148986816,0.10684947967529297,0.0,nan,0.0
-7.889836,46,916.132944,0.0,1.0,-7.889836393250464,-7.889836393250464,0.0,0.0,0.0,1.0,0.07909406661030283,46,15.096276598780783,0.599307493356284,2.0,0.23575303735940353,0.05404136491858441,0.07578049535336702,0.0,nan,0.0
-8.05637,41,916.843359,0.0,1.0,-8.056370028392578,-8.056370028392578,0.0,0.0,0.0,1.0,0.07213434945632938,41,13.755039747007253,0.4822775894020715,0.9461801677837157,0.06124981438241354,0.024390243902439025,0.04878048780487805,0.0,nan,0.0
-8.025548,41,917.531759,0.0,1.0,-8.025547620745805,-8.025547620745805,0.0,0.0,0.0,1.0,0.08026426399317883,41,14.477801997398506,0.6606952888860139,2.0,0.11199822367691412,0.04067758234535775,0.06506782624779678,0.0,nan,0.0
-8.108791,45,918.283774,0.0,1.0,-8.108791207948345,-8.108791207948345,0.0,0.0,0.0,1.0,0.0740752708112067,45,13.966243479053873,0.5142436552685725,1.0982854008059009,0.11379531489478217,0.12730701234605576,0.12145419650607639,0.0,nan,0.0
-8.668395,30,918.715972,0.0,1.0,-8.668395161763785,-8.668395161763785,0.0,0.0,0.0,1.0,0.06709463770817997,30,11.835067519479168,1.1143960758228615,2.0,0.21594277719656627,0.06523301204045613,0.09856634537378947,0.0,nan,0.0
-8.20262,49,919.553172,0.0,1.0,-8.202619708353957,-8.202619708353957,0.0,0.0,0.0,1.0,0.12318978744557647,49,12.673319870815247,1.3616106727401514,2.0,0.4242189934059065,0.05544388537504235,0.06529286442970743,0.0,nan,0.0
-8.089292,44,920.249443,0.0,1.0,-8.0892921155814,-8.0892921155814,0.0,0.0,0.0,1.0,0.0685570689276964,44,14.015726587556799,0.5051739673244279,1.0056891175819058,0.08488240296190436,0.13892017711292615,0.14659419384869662,0.0,nan,0.0
-8.298092,34,920.889063,0.0,1.0,-8.298091751538365,-8.298091751538365,0.0,0.0,0.0,1.0,0.09013675939283057,34,13.919796370277927,1.0982047130086252,2.0,0.2170377461349263,0.06882009786718032,0.10586056989781997,0.0,nan,0.0
-8.588626,32,921.494263,0.0,1.0,-8.588625944632243,-8.588625944632243,0.0,0.0,0.0,1.0,0.07832403825484514,32,11.984440227689696,0.9480652692018883,2.0,0.2678922642953694,0.03398716822266579,0.06523716822266579,0.0,nan,0.0
-8.106447,44,922.240091,0.0,1.0,-8.106446801657867,-8.106446801657867,0.0,0.0,0.0,1.0,0.07159268238788524,44,13.32935506067651,0.9052931338903508,2.0,0.08906363357197154,0.09109398993578824,0.11382126266306097,0.0,nan,0.0
-7.999531,44,922.96007,0.0,1.0,-7.999531459396115,-7.999531459396115,0.0,0.0,0.0,1.0,0.06646773762092359,44,13.30881164641053,0.46998131551183175,1.3274111466427077,0.07740246707742865,0.0750924673947421,0.09781974012201483,0.0,nan,0.0
-8.755926,31,923.450609,0.0,1.0,-8.75592617008247,-8.75592617008247,0.0,0.0,0.0,1.0,0.08904174702732164,31,10.806174413064362,1.1449493646616171,2.0,0.24347584189907198,0.07109470521250079,0.09824940466111706,0.0,nan,0.0
-8.622758,32,925.527881,0.0,1.0,-8.622757666897241,-8.622757666897241,0.0,0.0,0.0,1.0,0.0863927421286453,32,11.991020442099222,1.0833924565365056,2.0,0.3031185884028673,0.07837202399969101,0.10217002034187317,0.0,nan,0.0
-8.238898,47,926.286172,0.0,1.0,-8.238897711095523,-8.238897711095523,0.0,0.0,0.0,1.0,0.1084651683085971,47,12.628066244512837,1.3141239707939176,2.0,0.4442844527198913,0.12424151948157777,0.12963436004963327,0.0,nan,0.0
-7.975663,45,927.022343,0.0,1.0,-7.97566264394346,-7.97566264394346,0.0,0.0,0.0,1.0,0.07752942345885455,45,13.628409613283699,0.4521748415215597,0.981936384841457,0.10316956573062473,0.10352429813808865,0.0962147659725613,0.0,nan,0.0
-8.492408,34,927.569393,0.0,1.0,-8.492407640280009,-8.492407640280009,0.0,0.0,0.0,1.0,0.0782443661472438,34,12.43340820493936,0.8509294133424766,2.0,0.20770122373805328,0.04183047659256879,0.07124224129845114,0.0,nan,0.0
-8.595835,37,928.09119,0.0,1.0,-8.59583522549741,-8.59583522549741,0.0,0.0,0.0,1.0,0.07824148909672209,37,12.386644165330573,1.2713014509295446,2.0,0.35944665324043584,0.10643768954921413,0.13346471657624115,0.0,nan,0.0
-8.403016,39,928.754864,0.0,1.0,-8.403015725812207,-8.403015725812207,0.0,0.0,0.0,1.0,0.07038963817793385,39,13.670546345655854,1.299011585079766,2.0,0.4080371856689453,0.061751255622276895,0.08739228126330253,0.0,nan,0.0
-7.974412,43,929.46023,0.0,1.0,-7.974411840005532,-7.974411840005532,0.0,0.0,0.0,1.0,0.06123649447861291,43,14.043220569052073,0.376796560521539,0.9311844105175635,0.10562275454055431,0.07281363842099212,0.09606945237448049,0.0,nan,0.0
-8.754779,30,930.060858,0.0,1.0,-8.754779064397773,-8.754779064397773,0.0,0.0,0.0,1.0,0.0791887030186319,30,11.171937041509382,1.1139854675167122,2.0,0.20252457062403362,0.05392916202545166,0.08408757845560709,0.0,nan,0.0
-8.142296,44,930.756787,0.0,1.0,-8.14229552282894,-8.14229552282894,0.0,0.0,0.0,1.0,0.06552664150839078,44,13.205679521813277,0.9051118865591458,2.0,0.1255011802369898,0.06669931520115245,0.08942658792842519,0.0,nan,0.0
-8.609154,34,931.287456,0.0,1.0,-8.609153865011566,-8.609153865011566,0.0,0.0,0.0,1.0,0.08358612657328661,34,11.01941230475084,0.9146211539714857,2.0,0.34384296308545503,0.10862893917981316,0.1380407038856955,0.0,nan,0.0
-7.940816,45,932.091039,0.0,1.0,-7.940815959217643,-7.940815959217643,0.0,0.0,0.0,1.0,0.06195218556550197,45,13.592868992983336,0.6210328179732119,2.0,0.2811620963944329,0.05457961824205187,0.07154887252383763,0.0,nan,0.0
-7.977051,44,932.775313,0.0,1.0,-7.977050907123083,-7.977050907123083,0.0,0.0,0.0,1.0,0.06431495702567604,44,14.074750224497011,0.5165072447700859,1.1061617348219894,0.1410304226658561,0.05235968936573376,0.07508696209300648,0.0,nan,0.0
-8.480234,36,933.41766,0.0,1.0,-8.480233991388651,-8.480233991388651,0.0,0.0,0.0,1.0,0.06881268764993309,36,11.73744774949648,0.8089212976980455,2.0,0.26365958982043797,0.060840186145570546,0.08861796392334832,0.0,nan,0.0
-8.373333,36,934.052712,0.0,1.0,-8.373332854365406,-8.373332854365406,0.0,0.0,0.0,1.0,0.09045769679164914,36,12.963358440399452,1.1640534862243586,2.0,0.2911878244744407,0.11618571811252171,0.14396349589029947,0.0,nan,0.0
-7.980319,44,934.75684,0.0,1.0,-7.980318882652967,-7.980318882652967,0.0,0.0,0.0,1.0,0.07817378047737464,44,14.410145012989641,0.6430572285661538,2.0,0.14027011665430936,0.04230879653583874,0.06503606926311147,0.0,nan,0.0
-7.866532,48,935.422301,0.0,1.0,-7.866532205991132,-7.866532205991132,0.0,0.0,0.0,1.0,0.0685296115211562,48,13.760691302071686,0.5405381608472015,1.5404785917948896,0.23248148585359255,0.044830769300460815,0.062315630416075386,0.0,nan,0.0
-8.329943,36,935.981831,0.0,1.0,-8.32994254618069,-8.32994254618069,0.0,0.0,0.0,1.0,0.0656059840745787,36,12.644778298645152,0.858734232317996,2.0,0.23509432872136435,0.042443931102752686,0.07022170888053046,0.0,nan,0.0
-8.014499,47,936.723431,0.0,1.0,-8.014499462806505,-8.014499462806505,0.0,0.0,0.0,1.0,0.0651352824062352,47,13.052360677696859,0.4694679644926758,0.9768258176233601,0.12470928658830359,0.07935291655520176,0.09604838807532128,0.0,nan,0.0
-8.140184,42,937.423601,0.0,1.0,-8.140183724561057,-8.140183724561057,0.0,0.0,0.0,1.0,0.08099519411427328,42,13.841375936670158,0.3455837850458521,0.9602937807224269,0.10010860079810732,0.06505695978800456,0.07623540787469774,0.0,nan,0.0
-8.563559,37,938.098934,0.0,1.0,-8.563558846956209,-8.563558846956209,0.0,0.0,0.0,1.0,0.07888092339153627,37,12.546137682256065,1.227181645709954,2.0,0.37974592227790804,0.08893668007206272,0.11007024146415093,0.0,nan,0.0
-8.258994,42,938.88121,0.0,1.0,-8.258994321821111,-8.258994321821111,0.0,0.0,0.0,1.0,0.07516789548058093,42,13.8845543479456,0.8857690644643524,2.0,0.16747382141294934,0.08549173105330694,0.09644649426142375,0.0,nan,0.0
-8.728034,31,939.314668,0.0,1.0,-8.728033708501073,-8.728033708501073,0.0,0.0,0.0,1.0,0.08318673743319295,31,11.223012246723735,0.9852205218536191,2.0,0.29479300110570844,0.03624454236799671,0.06850260688412574,0.0,nan,0.0
-8.042609,44,940.01682,0.0,1.0,-8.042608818753248,-8.042608818753248,0.0,0.0,0.0,1.0,0.0614251205513682,44,13.719654692714634,0.34194491544714983,0.9853479183418692,0.12563794309442694,0.08479090712287209,0.10751817985014482,0.0,nan,0.0
-8.663259,43,940.71046,0.0,1.0,-8.66325898214817,-8.66325898214817,0.0,0.0,0.0,1.0,0.07846312227681132,43,13.556347743791001,0.4345960484151598,0.9697709642224802,0.09010293871857399,0.1087012623631677,0.11006887568983921,0.0,nan,0.0
-8.246608,45,941.525053,0.0,1.0,-8.246607728373874,-8.246607728373874,0.0,0.0,0.0,1.0,0.10027965813124155,45,12.955114755778085,1.1139532438476725,2.0,0.3749688492880927,0.06128690242767334,0.07022528383466932,0.0,nan,0.0
-8.363271,44,943.836278,0.0,1.0,-8.363270776206376,-8.363270776206376,0.0,0.0,0.0,1.0,0.091697858256086,44,12.04808995414493,1.3632683241749055,2.0,0.444333477453752,0.04212488640438427,0.064852159131657,0.0,nan,0.0
-7.98234,45,944.572142,0.0,1.0,-7.9823398484980554,-7.9823398484980554,0.0,0.0,0.0,1.0,0.06798805400691181,45,13.711402076922903,0.6307680350499398,2.0,0.15856226550208197,0.03542000452677409,0.057642226748996314,0.0,nan,0.0
-7.978404,45,945.301795,0.0,1.0,-7.978404491851044,-7.978404491851044,0.0,0.0,0.0,1.0,0.06671116903501044,45,13.831645223620944,0.6963954620659043,2.0,0.19843109448750815,0.076609558529324,0.09406740400526259,0.0,nan,0.0
-8.29107,41,945.996993,0.0,1.0,-8.291070405043648,-8.291070405043648,0.0,0.0,0.0,1.0,0.05863015032234224,41,13.73201988653491,0.8389883856701021,1.9815437551801875,0.14020696791206919,0.10200489439615389,0.12639513829859292,0.0,nan,0.0
-7.998989,43,946.610957,0.0,1.0,-7.998989096792103,-7.998989096792103,0.0,0.0,0.0,1.0,0.06470336426108346,43,14.140772653894395,0.6316609652853821,2.0,0.13893841657527659,0.0375640447749648,0.06081985872845317,0.0,nan,0.0
-8.522931,36,947.242671,0.0,1.0,-8.52293061721486,-8.52293061721486,0.0,0.0,0.0,1.0,0.08593212175829823,36,11.32547025275199,1.010811746207303,2.0,0.3184017928110229,0.10204230414496528,0.12982008192274305,0.0,nan,0.0
-8.568393,39,947.947709,0.0,1.0,-8.568392739123935,-8.568392739123935,0.0,0.0,0.0,1.0,0.09988422411430743,39,12.419272251542102,1.2982393995335488,2.0,0.37595662742089003,0.07805750003227821,0.0964279694434924,0.0,nan,0.0
-8.221546,43,948.642078,0.0,1.0,-8.221545726225731,-8.221545726225731,0.0,0.0,0.0,1.0,0.06628764442865813,43,13.567378483577492,0.3562074442588607,0.9656260376538419,0.06809457235558089,0.04841865495193836,0.07167446890542674,0.0,nan,0.0
-8.33151,42,949.469013,0.0,1.0,-8.331510481076547,-8.331510481076547,0.0,0.0,0.0,1.0,0.07755235060636743,42,13.390670087434222,0.9649345314521885,2.0,0.3042660607468514,0.04369900340125674,0.06750852721078056,0.0,nan,0.0
-8.078503,40,950.172195,0.0,1.0,-8.078503412882363,-8.078503412882363,0.0,0.0,0.0,1.0,0.0826651532526137,40,14.344445385366274,0.3866925734087357,0.9379098749927968,0.07050487101078033,0.0681668221950531,0.0931668221950531,0.0,nan,0.0
-8.727211,31,950.801322,0.0,1.0,-8.727211223197331,-8.727211223197331,0.0,0.0,0.0,1.0,0.0882976131526527,31,11.226173738768685,1.133918090972622,2.0,0.2640753551836937,0.14691287471402076,0.1791709392301498,0.0,nan,0.0
-7.807992,48,951.635528,0.0,1.0,-7.80799234973663,-7.80799234973663,0.0,0.0,0.0,1.0,0.07049299215916718,48,13.803792240219389,0.4605269528239236,1.7532862038382249,0.18044798200329146,0.02348332107067108,0.03737267851829529,0.0,nan,0.0
-8.570433,38,952.381027,0.0,1.0,-8.570433206554167,-8.570433206554167,0.0,0.0,0.0,1.0,0.08311841961560945,38,12.205297624827063,0.9583593394978337,2.0,0.24716392786879288,0.11982582744799163,0.14614161692167582,0.0,nan,0.0
-8.23441,44,953.226925,0.0,1.0,-8.234409923681778,-8.234409923681778,0.0,0.0,0.0,1.0,0.0969517729466479,44,13.53448311615524,1.3149615515835913,2.0,0.4885355571115559,0.07491584799506447,0.0976431207223372,0.0,nan,0.0
-7.844927,43,954.106244,0.0,1.0,-7.844927225905529,-7.844927225905529,0.0,0.0,0.0,1.0,0.07984659796182791,43,13.393252601563084,0.516768190666314,1.1245670719949334,0.10950039431106212,0.0435929021169973,0.05394141064133755,0.0,nan,0.0
-8.061119,41,954.930459,0.0,1.0,-8.061119267610454,-8.061119267610454,0.0,0.0,0.0,1.0,0.0782264807752332,41,13.887639088431163,0.986903188013783,2.0,0.08864306240546994,0.049699946147639576,0.07409019005007861,0.0,nan,0.0
-8.424337,34,955.916565,0.0,1.0,-8.424336500900285,-8.424336500900285,0.0,0.0,0.0,1.0,0.06609984332826836,34,12.451280241583207,1.0252340152681063,2.0,0.3363542591824251,0.10091915551353903,0.1303309202194214,0.0,nan,0.0
-8.733743,33,956.47927,0.0,1.0,-8.733742735824922,-8.733742735824922,0.0,0.0,0.0,1.0,0.0645660478468059,33,10.188094252258113,1.0743126888970151,2.0,0.3503875389243617,0.19112558075875946,0.21832276835586084,0.0,nan,0.0
-8.065513,43,957.202816,0.0,1.0,-8.065513263052923,-8.065513263052923,0.0,0.0,0.0,1.0,0.08001017659765784,43,13.54816372393145,0.5093922039612667,0.9976877441050086,0.10672214696573656,0.10024142265319824,0.12349723660668661,0.0,nan,0.0
-7.921117,43,957.951327,0.0,1.0,-7.921116568382564,-7.921116568382564,0.0,0.0,0.0,1.0,0.0785562125117805,43,13.666860217875799,0.4538534961439483,1.3108426369837936,0.10913275563439657,0.09754223601762639,0.11191653096398642,0.0,nan,0.0
-8.372665,39,958.64953,0.0,1.0,-8.372665203590241,-8.372665203590241,0.0,0.0,0.0,1.0,0.07942715080645994,39,11.385139038304006,1.204728534605412,2.0,0.3841534795669409,0.05083691156827486,0.0764779372093005,0.0,nan,0.0
-8.086226,45,959.421163,0.0,1.0,-8.086226278278053,-8.086226278278053,0.0,0.0,0.0,1.0,0.07150219981707717,45,13.606992275622845,0.501804927889271,0.9974492557443848,0.15616832044389511,0.04667491383022732,0.06889713605244954,0.0,nan,0.0
-8.01772,43,960.03943,0.0,1.0,-8.01772036932992,-8.01772036932992,0.0,0.0,0.0,1.0,0.057012089433850874,43,13.471271408468569,0.47280189075642093,0.9627475670493115,0.10181969265605129,0.042062997817993164,0.06531881177148154,0.0,nan,0.0
-8.538402,33,960.601303,0.0,1.0,-8.538401854437318,-8.538401854437318,0.0,0.0,0.0,1.0,0.09945816665250214,33,12.569095329657022,1.1499322701499666,2.0,0.3378576509880297,0.03669140555641868,0.06699443585944898,0.0,nan,0.0
-8.145809,43,961.328788,0.0,1.0,-8.145809459411142,-8.145809459411142,0.0,0.0,0.0,1.0,0.06874587547341969,43,13.907621444498474,0.4655955057044149,0.9625949123704994,0.12577230708543644,0.05806002505989962,0.0674290047135464,0.0,nan,0.0
-8.201972,41,962.327964,0.0,1.0,-8.201972480659599,-8.201972480659599,0.0,0.0,0.0,1.0,0.0744039519568933,41,14.251422900969986,0.4191386898728754,0.9656748855190718,0.09075502578805132,0.032270815314316165,0.05666105921675519,0.0,nan,0.0
-9.169646,41,964.636852,0.0,1.0,-9.16964560324841,-9.16964560324841,0.0,0.0,0.0,1.0,0.08184906552773574,41,13.944876867248427,0.5604508745908147,1.57506230530781,0.02799720880461902,0.07351524073903154,0.1093139590286627,0.0,nan,0.0
-8.568296,36,965.303384,0.0,1.0,-8.568295621835228,-8.568295621835228,0.0,0.0,0.0,1.0,0.0815060847266148,36,13.182209325687397,1.2765190746645532,2.0,0.3170352445708381,0.06434126032723321,0.09211903810501099,0.0,nan,0.0
-8.152859,44,966.053313,0.0,1.0,-8.152859490287502,-8.152859490287502,0.0,0.0,0.0,1.0,0.07558225233740098,44,13.30835648913784,0.3592840220179617,0.977810143308176,0.09044305844740434,0.06583953445607965,0.08856680718335239,0.0,nan,0.0
-8.23942,42,966.820344,0.0,1.0,-8.239419941406751,-8.239419941406751,0.0,0.0,0.0,1.0,0.057484899669909426,42,13.977181419557342,0.9115538072462032,2.0,0.13801440738496326,0.054640151205517,0.08610318388257708,0.0,nan,0.0
-8.016923,43,967.480451,0.0,1.0,-8.016923361197993,-8.016923361197993,0.0,0.0,0.0,1.0,0.05709261028089392,43,13.840765403385957,0.5105526420386232,1.0154492967567963,0.08137088875437892,0.03391926233158555,0.05717507628507392,0.0,nan,0.0
-8.69265,31,967.989951,0.0,1.0,-8.692650288986492,-8.692650288986492,0.0,0.0,0.0,1.0,0.06887520934523561,31,11.15053013899253,1.059815355728318,2.0,0.2367797080547579,0.14920287747536937,0.1814609419914984,0.0,nan,0.0
-8.097703,44,968.740363,0.0,1.0,-8.097702927244125,-8.097702927244125,0.0,0.0,0.0,1.0,0.061361083271773496,44,14.192262670570303,0.7766227552932439,2.0,0.147522511807355,0.13706331090493637,0.1373831114985726,0.0,nan,0.0
-8.196545,42,969.462006,0.0,1.0,-8.196545373949133,-8.196545373949133,0.0,0.0,0.0,1.0,0.06881061863241625,42,13.470470313413259,0.36709993442608174,0.9673630390074306,0.04053046873637608,0.09568752561296735,0.09859714053926014,0.0,nan,0.0
-8.120476,56,970.341947,0.0,1.0,-8.120476273025895,-8.120476273025895,0.0,0.0,0.0,1.0,0.06483853506519031,56,14.556573651263465,0.8310535461298111,2.0,0.26179142881717,0.05455005381788526,0.07240719667502812,0.0,nan,0.0
-8.139539,45,971.166767,0.0,1.0,-8.13953872222519,-8.13953872222519,0.0,0.0,0.0,1.0,0.06964485519521826,45,13.85194895512281,0.7875419824159035,2.0,0.1617845826678806,0.07311535941229927,0.09921098285251194,0.0,nan,0.0
-8.322723,38,971.754644,0.0,1.0,-8.322723274962671,-8.322723274962671,0.0,0.0,0.0,1.0,0.0608620411249584,38,12.838721667350585,0.7822848281284136,2.0,0.16873036717113696,0.10970850994712428,0.1360242994208085,0.0,nan,0.0
-8.09274,42,972.369573,0.0,1.0,-8.092740460814548,-8.092740460814548,0.0,0.0,0.0,1.0,0.06971481691310939,42,14.056877014349961,0.9731038365620437,2.0,0.12395545698347546,0.07304796150752477,0.09685748531704858,0.0,nan,0.0
-8.56867,35,973.034721,0.0,1.0,-8.568669535894266,-8.568669535894266,0.0,0.0,0.0,1.0,0.07630034786248582,35,11.59947938332812,0.800140135737816,2.0,0.17515804767608642,0.06420413425990514,0.0927755628313337,0.0,nan,0.0
-8.325362,42,973.76399,0.0,1.0,-8.32536150440006,-8.32536150440006,0.0,0.0,0.0,1.0,0.057104057553023335,42,13.38265238799313,0.7422188822896834,1.6749031600367608,0.023809523809523808,0.12491818269093831,0.14872770650046213,0.0,nan,0.0
-7.931042,44,974.500449,0.0,1.0,-7.931042049884518,-7.931042049884518,0.0,0.0,0.0,1.0,0.0791369884512327,44,13.726848843110464,0.39453821062824085,1.3024650841134766,0.1385466456413269,0.03370466015555642,0.05643193288282915,0.0,nan,0.0
-8.043525,42,975.215644,0.0,1.0,-8.043525012134305,-8.043525012134305,0.0,0.0,0.0,1.0,0.06173253055432199,42,13.341929794425585,0.47919588700791893,1.1690270916562755,0.02768078304472424,0.05182007664725894,0.07562960045678276,0.0,nan,0.0
-8.635637,33,975.839232,0.0,1.0,-8.635636619553422,-8.635636619553422,0.0,0.0,0.0,1.0,0.08266388413890313,33,11.433707542077483,0.9058526790527006,2.0,0.21812545891964075,0.04318057768272631,0.07348360798575661,0.0,nan,0.0
-8.209816,45,976.568404,0.0,1.0,-8.20981619394143,-8.20981619394143,0.0,0.0,0.0,1.0,0.07988378819917323,45,13.99331664615481,0.7452251059523852,2.0,0.12179834643999736,0.047025770611233184,0.06924799283345541,0.0,nan,0.0
-8.233419,42,977.297979,0.0,1.0,-8.233419387791944,-8.233419387791944,0.0,0.0,0.0,1.0,0.06124740022443306,42,13.799015573005775,0.3474140881528414,0.9435709123991662,0.04954325017474946,0.030818632670811245,0.054628156480335054,0.0,nan,0.0
-8.743045,30,977.902544,0.0,1.0,-8.743044988082012,-8.743044988082012,0.0,0.0,0.0,1.0,0.06885085745743151,30,11.306313977734419,0.9514649873207665,2.0,0.14096004863580067,0.03333333333333333,0.06666666666666667,0.0,nan,0.0
-7.995363,43,978.652565,0.0,1.0,-7.995362763462843,-7.995362763462843,0.0,0.0,0.0,1.0,0.06075583149172268,43,13.711169080833447,0.9619882303716627,2.0,0.127734383871389,0.07026044158048408,0.09351625553397246,0.0,nan,0.0
-8.188197,42,979.2835,0.0,1.0,-8.188197295578723,-8.188197295578723,0.0,0.0,0.0,1.0,0.05868028729932792,42,13.699363797254374,0.34814624432056424,0.9762546473469047,0.04435856853212629,0.14618857417787826,0.16224333501997448,0.0,nan,0.0
-8.392327,43,980.039718,0.0,1.0,-8.39232745807419,-8.39232745807419,0.0,0.0,0.0,1.0,0.08442481074278256,43,12.338541511200127,1.0131613768620935,2.0,0.43629074165987414,0.0324330634849016,0.055688877438389975,0.0,nan,0.0
-8.095477,45,980.776478,0.0,1.0,-8.095476613911082,-8.095476613911082,0.0,0.0,0.0,1.0,0.05970082895591321,45,13.26406031998741,0.36114676238313914,0.97334233302286,0.1981030609872606,0.057049067815144856,0.07927129003736708,0.0,nan,0.0
-8.140481,45,982.975266,0.0,1.0,-8.1404810163861,-8.1404810163861,0.0,0.0,0.0,1.0,0.06501735379461816,45,12.887116341966337,0.3639422835142388,0.9614484681619819,0.06976578765445285,0.1243224991692437,0.11742683516608345,0.0,nan,0.0
-8.174453,47,983.741086,0.0,1.0,-8.174452854113838,-8.174452854113838,0.0,0.0,0.0,1.0,0.07055262697336875,47,13.471528157688361,0.6540618937177626,2.0,0.2167095326362772,0.06404460744654879,0.06634622178179153,0.0,nan,0.0
-8.080227,42,984.340907,0.0,1.0,-8.080226875075322,-8.080226875075322,0.0,0.0,0.0,1.0,0.06663418338743236,42,13.307003641107737,0.3772697357942553,0.9629495316261716,0.026116132736206055,0.04856440566834949,0.0723739294778733,0.0,nan,0.0
-8.753337,31,984.85927,0.0,1.0,-8.753336809653248,-8.753336809653248,0.0,0.0,0.0,1.0,0.08411283519119597,31,10.842688560583758,0.8991956681819019,2.0,0.15824808997492637,0.10990370473554058,0.14846181869506836,0.0,nan,0.0
-8.008555,45,985.533151,0.0,1.0,-8.008555241174918,-8.008555241174918,0.0,0.0,0.0,1.0,0.06651965521784817,45,13.540604512324641,0.5098246817420257,1.0901461489741755,0.07984681659274631,0.06285011503431533,0.08507233725653754,0.0,nan,0.0
-8.012104,42,986.235077,0.0,1.0,-8.012103782596757,-8.012103782596757,0.0,0.0,0.0,1.0,0.061605774718068204,42,14.014313188787705,0.7415856752995882,2.0,0.09566388243720644,0.03407822904132661,0.057887752850850425,0.0,nan,0.0
-8.182599,42,986.841867,0.0,1.0,-8.182598856954302,-8.182598856954302,0.0,0.0,0.0,1.0,0.07298721556875333,42,14.023638655781829,0.3408005582758906,0.9453277112390251,0.08408257790974208,0.07409767309824626,0.07710521277927217,0.0,nan,0.0
-8.070655,41,987.523959,0.0,1.0,-8.0706554027271,-8.0706554027271,0.0,0.0,0.0,1.0,0.06674552937602996,41,13.58401111145291,0.9753295806204899,2.0,0.03031189848737019,0.0719877219781643,0.09637796588060332,0.0,nan,0.0
-8.027354,44,988.214307,0.0,1.0,-8.027354242053942,-8.027354242053942,0.0,0.0,0.0,1.0,0.06666933909101523,44,13.183256450322336,0.4484471436806095,0.9658992435025513,0.07672211527824402,0.08000349998474121,0.10273077271201393,0.0,nan,0.0
-8.584902,34,988.740853,0.0,1.0,-8.584901937766022,-8.584901937766022,0.0,0.0,0.0,1.0,0.07524207675356961,34,11.54889384546321,0.8538204310374606,2.0,0.15854464909609625,0.031450411852668315,0.06086217655855067,0.0,nan,0.0
-8.043308,42,989.347886,0.0,1.0,-8.04330773500226,-8.04330773500226,0.0,0.0,0.0,1.0,0.07206002971193398,42,13.672960624265205,0.4838882502503557,0.9719094506344363,0.0636460752714248,0.038539097422645205,0.06234862123216901,0.0,nan,0.0
-8.063628,42,989.929271,0.0,1.0,-8.063628377105143,-8.063628377105143,0.0,0.0,0.0,1.0,0.08034533055089206,42,13.583979688912946,0.41386375056537766,0.9563173913980503,0.057130864688328335,0.0640435843240647,0.08715345178331647,0.0,nan,0.0
-8.050349,44,990.606285,0.0,1.0,-8.050348538924064,-8.050348538924064,0.0,0.0,0.0,1.0,0.06936086628683008,44,13.279161341463448,0.447882322675732,0.9972372181555711,0.08698514916680077,0.0793081521987915,0.10203542492606422,0.0,nan,0.0
-8.123319,46,991.379284,0.0,1.0,-8.12331937809866,-8.12331937809866,0.0,0.0,0.0,1.0,0.06139366480935409,46,13.413918391229886,0.3817797728877039,1.2909254665823107,0.1283779688503431,0.06259291586668594,0.08433204630146855,0.0,nan,0.0
-7.884979,51,992.116655,0.0,1.0,-7.884979399663737,-7.884979399663737,0.0,0.0,0.0,1.0,0.08868977599774303,51,14.8745580788535,0.7327599594560041,2.0,0.29150410493214923,0.033989971759272555,0.04930470971500173,0.0,nan,0.0
-8.033297,45,992.834403,0.0,1.0,-8.033296636127899,-8.033296636127899,0.0,0.0,0.0,1.0,0.07601471129100014,45,13.685037511261452,0.45268987425550733,0.9891505653299604,0.16621364487542045,0.052523363961113824,0.09621849060058593,0.0,nan,0.0
-8.450845,52,993.643639,0.0,1.0,-8.450844996903989,-8.450844996903989,0.0,0.0,0.0,1.0,0.08651979521163274,52,14.0705762849245,0.8129036358043218,2.0,0.18571864412381098,0.05710010345165546,0.07647283260638897,0.0,nan,0.0
-8.684406,31,994.276885,0.0,1.0,-8.68440620773958,-8.68440620773958,0.0,0.0,0.0,1.0,0.06836577371194405,31,10.793484073080826,0.8803554474847075,2.0,0.16394731690806727,0.05996174197043142,0.09221980648656045,0.0,nan,0.0
-8.543245,48,995.279781,0.0,1.0,-8.543244821534667,-8.543244821534667,0.0,0.0,0.0,1.0,0.07405491675832604,48,14.020809954072723,0.8430984804573871,2.0,0.24513490249713263,0.10524222254753113,0.11128084858258565,0.0,nan,0.0
-8.689856,41,995.990786,0.0,1.0,-8.689856457183085,-8.689856457183085,0.0,0.0,0.0,1.0,0.08200116746982802,41,14.34228543768758,0.4409563743500311,0.973315968643242,0.06889500850584448,0.05203740771223859,0.07642765161467761,0.0,nan,0.0
-8.140129,42,996.709553,0.0,1.0,-8.140129172664363,-8.140129172664363,0.0,0.0,0.0,1.0,0.07878421745841135,42,14.02986646899899,0.4668170291158219,0.9923125602976279,0.0940002713884626,0.044204490525381904,0.06801401433490571,0.0,nan,0.0
-7.966504,45,997.431869,0.0,1.0,-7.966504095022021,-7.966504095022021,0.0,0.0,0.0,1.0,0.08234891439264105,45,13.26710577113629,0.4551521712531216,0.9830420056953302,0.10946751965416802,0.052350828382703996,0.07457305060492622,0.0,nan,0.0
-8.169595,43,998.218199,0.0,1.0,-8.169594721108577,-8.169594721108577,0.0,0.0,0.0,1.0,0.07532571792847989,43,13.989423999396351,0.7056992559298287,2.0,0.11591150594312091,0.049748736758564796,0.07300455071205317,0.0,nan,0.0
-8.008182,42,998.936026,0.0,1.0,-8.008181896234623,-8.008181896234623,0.0,0.0,0.0,1.0,0.0821954752093573,42,14.797336769937596,0.4932185007474992,0.9656952189586553,0.1227950028010777,0.03166595527103969,0.0554754790805635,0.0,nan,0.0
-8.155526,43,1001.053787,0.0,1.0,-8.155526037025638,-8.155526037025638,0.0,0.0,0.0,1.0,0.0595495610747697,43,13.5574846698113,0.3435116997792295,0.962519358648534,0.07027866951254912,0.06240339611851892,0.11022719117098076,0.0,nan,0.0
-8.050545,45,1001.957345,0.0,1.0,-8.050544968414497,-8.050544968414497,0.0,0.0,0.0,1.0,0.06830602812705025,45,12.844790053381914,0.48748602708519423,1.2745812658106899,0.12064528200361464,0.13799486690097384,0.15946654213799372,0.0,nan,0.0
-8.027057,45,1002.756136,0.0,1.0,-8.027057110411008,-8.027057110411008,0.0,0.0,0.0,1.0,0.06878691902770209,45,13.556918328598973,0.468047722961971,0.9787613153173441,0.08637514644198947,0.056337298287285696,0.07855952050950792,0.0,nan,0.0
-8.129824,40,1003.399124,0.0,1.0,-8.12982352196513,-8.12982352196513,0.0,0.0,0.0,1.0,0.06987308448719769,40,14.497538656931544,0.9093121116333227,2.0,0.09998463690280915,0.053432732820510864,0.07659912705421448,0.0,nan,0.0
-8.118986,49,1004.201372,0.0,1.0,-8.118985978492557,-8.118985978492557,0.0,0.0,0.0,1.0,0.07366091888235231,49,13.687755487029493,0.9784112511489296,2.0,0.39079532452992033,0.05955309040692388,0.07996125367223,0.0,nan,0.0
-8.131677,45,1004.887544,0.0,1.0,-8.131677443037534,-8.131677443037534,0.0,0.0,0.0,1.0,0.05889806837217719,45,12.630076069565462,0.872571039240516,2.0,0.20171983109580147,0.10895193417867025,0.13117415640089247,0.0,nan,0.0
-8.726472,31,1005.368855,0.0,1.0,-8.726472130767696,-8.726472130767696,0.0,0.0,0.0,1.0,0.07681859333323476,31,10.982412090848436,1.1033385036696997,2.0,0.23649558713359217,0.1452854218021516,0.17754348631828062,0.0,nan,0.0
-8.056328,42,1006.0563,0.0,1.0,-8.056328190766155,-8.056328190766155,0.0,0.0,0.0,1.0,0.08030349812045103,42,13.71974569909543,0.4018854743090932,0.9697034694725617,0.09964283591225034,0.08367236455281575,0.10748188836233956,0.0,nan,0.0
-8.517371,33,1006.59332,0.0,1.0,-8.5173713206482,-8.5173713206482,0.0,0.0,0.0,1.0,0.10263579463256801,33,12.368775642417111,1.147920062443655,2.0,0.27274428353165137,0.07173345305702904,0.10203648336005933,0.0,nan,0.0
-8.02298,42,1007.269225,0.0,1.0,-8.022980100119584,-8.022980100119584,0.0,0.0,0.0,1.0,0.07400490861140538,42,13.708906123345297,0.7518577235105796,2.0,0.13391250939596266,0.07918625218527657,0.11054151966458275,0.0,nan,0.0
-8.037913,45,1008.077544,0.0,1.0,-8.037912713156635,-8.037912713156635,0.0,0.0,0.0,1.0,0.057543447858107076,45,13.713644936456573,0.5071923944845348,1.0125189112708604,0.0932104852464464,0.04119729465908474,0.06341951688130697,0.0,nan,0.0
-8.748164,31,1008.693869,0.0,1.0,-8.748164291316147,-8.748164291316147,0.0,0.0,0.0,1.0,0.07021359252008735,31,11.040356523969454,1.052524925551154,2.0,0.2716773325397122,0.09802081508021201,0.1184397820503481,0.0,nan,0.0
-8.096707,44,1009.415324,0.0,1.0,-8.096707283166387,-8.096707283166387,0.0,0.0,0.0,1.0,0.060852732843115,44,14.204869544219315,0.45332479743250126,1.007851540767356,0.13474146073514764,0.04339668154716492,0.05574592406099493,0.0,nan,0.0
-7.770249,51,1010.305454,0.0,1.0,-7.770248584387293,-7.770248584387293,0.0,0.0,0.0,1.0,0.07519650263854037,51,15.231520852318742,0.750544877949815,2.0,0.2735884096108231,0.04240189814100079,0.05434902976540958,0.0,nan,0.0
-8.260056,45,1011.047654,0.0,1.0,-8.260055595007147,-8.260055595007147,0.0,0.0,0.0,1.0,0.08129937450340556,45,12.978286850284652,0.3398845957450563,0.9416662694033597,0.11101752387152777,0.07410335540771484,0.08025412559509278,0.0,nan,0.0
-8.807484,42,1011.685516,0.0,1.0,-8.807484366396707,-8.807484366396707,0.0,0.0,0.0,1.0,0.06953333413875874,42,13.944153282466191,0.41560146253754177,0.9578491934917661,0.08286216713133313,0.08955380462464832,0.10287106320971534,0.0,nan,0.0
-8.460967,35,1012.347342,0.0,1.0,-8.460966848502498,-8.460966848502498,0.0,0.0,0.0,1.0,0.07106752077169327,35,12.371613160370439,0.8399684688447987,2.0,0.3102290877274105,0.12121579987662179,0.14410971232822964,0.0,nan,0.0
-7.797981,48,1013.146707,0.0,1.0,-7.7979812314471975,-7.7979812314471975,0.0,0.0,0.0,1.0,0.06999807143017651,48,13.531484257337075,0.4507385474393582,1.3150733083428952,0.2303363854686419,0.029699325561523438,0.05053265889485677,0.0,nan,0.0
-8.045774,43,1013.894316,0.0,1.0,-8.045774036076738,-8.045774036076738,0.0,0.0,0.0,1.0,0.07082914901169908,43,14.073501992313158,0.8188081791966484,2.0,0.18648717846981314,0.11947611875312272,0.11501794637635697,0.0,nan,0.0
-7.939057,43,1014.604761,0.0,1.0,-7.939057213415541,-7.939057213415541,0.0,0.0,0.0,1.0,0.06805190470784282,43,13.775628402506825,0.4345007778273054,0.9541498341674324,0.07884400389915289,0.06769682917484017,0.09095264312832854,0.0,nan,0.0
-8.02076,47,1015.426974,0.0,1.0,-8.02075968243402,-8.02075968243402,0.0,0.0,0.0,1.0,0.06466437714821491,47,13.189516457280032,0.49894406136191677,1.0487519758204416,0.10761985372989735,0.11273037880025011,0.12514611761620703,0.0,nan,0.0
-8.100639,45,1016.118662,0.0,1.0,-8.100639463770746,-8.100639463770746,0.0,0.0,0.0,1.0,0.07149670852054263,45,13.92388545568739,0.49956156927881756,0.9776412077469732,0.19973583751254612,0.05822618272569444,0.08044840494791666,0.0,nan,0.0
-8.144741,51,1016.953144,0.0,1.0,-8.144740726148486,-8.144740726148486,0.0,0.0,0.0,1.0,0.07200601337974014,51,13.850021325556442,0.655924730352657,2.0,0.23692601919174194,0.06996212052363976,0.08956996366089466,0.0,nan,0.0
-8.201051,45,1017.666095,0.0,1.0,-8.201050954361053,-8.201050954361053,0.0,0.0,0.0,1.0,0.0702810080815887,45,13.536184220507797,0.4346291538548777,0.9932804466642966,0.14432126813464694,0.044248602125379774,0.066470824347602,0.0,nan,0.0
-8.234579,42,1019.731663,0.0,1.0,-8.234578861705621,-8.234578861705621,0.0,0.0,0.0,1.0,0.058557947184403956,42,13.381823465762793,0.8488834507762911,1.9741005287440088,0.05353953157152448,0.024976826849437896,0.042253579412187846,0.0,nan,0.0
-8.536453,34,1020.280281,0.0,1.0,-8.53645312521334,-8.53645312521334,0.0,0.0,0.0,1.0,0.06328330157290565,34,12.148860747826246,0.9013503835112331,2.0,0.22917943491655238,0.029411764705882353,0.058823529411764705,0.0,nan,0.0
-7.79592,48,1021.077456,0.0,1.0,-7.795920346615656,-7.795920346615656,0.0,0.0,0.0,1.0,0.07145419530667282,48,13.368373345904567,0.3664209476217151,0.9866821775904584,0.1776969333489736,0.020833333333333332,0.041666666666666664,0.0,nan,0.0
-8.349502,46,1021.690162,0.0,1.0,-8.349501646155684,-8.349501646155684,0.0,0.0,0.0,1.0,0.07828958856448687,46,12.672367251583031,0.8508655483110883,2.0,0.13990164839703104,0.13075993890347687,0.12528194551882538,0.0,nan,0.0
-8.409294,38,1022.239703,0.0,1.0,-8.409293906916233,-8.409293906916233,0.0,0.0,0.0,1.0,0.0693072068969292,38,13.6325876047226,1.1311773593457335,2.0,0.30174862083635834,0.08154354597392835,0.10785933544761256,0.0,nan,0.0
-8.548937,38,1022.872688,0.0,1.0,-8.548937162755617,-8.548937162755617,0.0,0.0,0.0,1.0,0.07054172685511945,38,12.246302759027328,1.0016252010063476,2.0,0.3374248970496027,0.07348105781956722,0.07887546012276098,0.0,nan,0.0
-8.221632,43,1023.586623,0.0,1.0,-8.221632272778816,-8.221632272778816,0.0,0.0,0.0,1.0,0.07884901689730898,43,13.447804462874771,0.861849051277082,2.0,0.1316742176233336,0.038343690162481264,0.055282720299654226,0.0,nan,0.0
-7.862868,46,1024.381467,0.0,1.0,-7.862867939858406,-7.862867939858406,0.0,0.0,0.0,1.0,0.05921916523687127,46,13.65021761815494,0.5096319217651881,1.031163184706923,0.13427464340044104,0.028627193492391834,0.050366323927174446,0.0,nan,0.0
-8.714213,34,1025.035131,0.0,1.0,-8.714213064060317,-8.714213064060317,0.0,0.0,0.0,1.0,0.06361331248792579,34,11.144473801725441,0.8105189999074749,2.0,0.0953958279946271,0.07421278252321131,0.10362454722909366,0.0,nan,0.0
-8.390918,51,1025.923676,0.0,1.0,-8.390917511760238,-8.390917511760238,0.0,0.0,0.0,1.0,0.06695387083257709,51,13.656436613729792,0.7672847506688361,2.0,0.17005892711527207,0.06643517812093098,0.06756788141587201,0.0,nan,0.0
-8.183353,43,1026.633991,0.0,1.0,-8.183353234555435,-8.183353234555435,0.0,0.0,0.0,1.0,0.0574631999492769,43,14.267222902103635,0.9286602888799134,2.0,0.12742608369782912,0.0707406997680664,0.09399651372155478,0.0,nan,0.0
-8.157287,45,1027.371029,0.0,1.0,-8.157287240222784,-8.157287240222784,0.0,0.0,0.0,1.0,0.08229661156962918,45,13.178768258781718,0.4655182248192087,0.9950828240349605,0.17016427516937255,0.039788134892781574,0.06193679173787435,0.0,nan,0.0
-8.380777,36,1027.91318,0.0,1.0,-8.380777090134584,-8.380777090134584,0.0,0.0,0.0,1.0,0.07496895544543239,36,12.244358626218576,0.9060671128909041,2.0,0.2582145432631175,0.09142002794477674,0.11076707310146755,0.0,nan,0.0
-7.952487,51,1028.762919,0.0,1.0,-7.952486787514806,-7.952486787514806,0.0,0.0,0.0,1.0,0.06738999884243366,51,13.867549162437777,0.7837823888520146,2.0,0.2095397336810243,0.048719177059098784,0.0496903377420762,0.0,nan,0.0
-8.023499,41,1029.430249,0.0,1.0,-8.023498637873999,-8.023498637873999,0.0,0.0,0.0,1.0,0.06679974790220532,41,14.190668314517493,0.4725028417446543,0.9864463152564682,0.04469242910059487,0.03424886377846322,0.05863910768090225,0.0,nan,0.0
-8.386177,36,1030.116475,0.0,1.0,-8.386176622095208,-8.386176622095208,0.0,0.0,0.0,1.0,0.08173009191025753,36,12.846219312712792,0.8711345762668631,2.0,0.24699288937780592,0.06263398461871678,0.09041176239649455,0.0,nan,0.0
-8.012553,46,1030.913055,0.0,1.0,-8.01255271277739,-8.01255271277739,0.0,0.0,0.0,1.0,0.07865732628833219,46,13.231342757387475,0.5122969567813275,0.9868127920752175,0.13593804058821304,0.060165322345236076,0.08190445278001868,0.0,nan,0.0
-8.477143,46,1031.689814,0.0,1.0,-8.477142670582296,-8.477142670582296,0.0,0.0,0.0,1.0,0.05909761159488895,46,13.763090613844827,0.7098273543846819,2.0,0.10446100001749785,0.12987139950627866,0.1470958201781563,0.0,nan,0.0
-8.051222,51,1032.671102,0.0,1.0,-8.051221935999697,-8.051221935999697,0.0,0.0,0.0,1.0,0.06370648345331269,51,13.53843387761612,0.750517129257151,2.0,0.25957974616219015,0.10163279140696806,0.12124063454422296,0.0,nan,0.0
-7.982217,41,1033.314161,0.0,1.0,-7.982217322725162,-7.982217322725162,0.0,0.0,0.0,1.0,0.06907499740517853,41,14.036121695339913,0.514328813767044,1.2433749008540032,0.05886232562181426,0.024390243902439025,0.04878048780487805,0.0,nan,0.0
-8.713853,33,1033.827311,0.0,1.0,-8.713852827817302,-8.713852827817302,0.0,0.0,0.0,1.0,0.06371935975968088,33,11.428210915177047,0.8165818972412935,2.0,0.0706244743231571,0.04671208786241936,0.07701511816544966,0.0,nan,0.0
-8.018354,43,1034.514223,0.0,1.0,-8.018354060822936,-8.018354060822936,0.0,0.0,0.0,1.0,0.06347551220907506,43,13.52634995950345,0.5178130333679016,1.1702201068803217,0.04966101535530978,0.023255813953488372,0.046511627906976744,0.0,nan,0.0
-8.227317,41,1035.221036,0.0,1.0,-8.22731712847962,-8.22731712847962,0.0,0.0,0.0,1.0,0.07978125867937033,41,13.957895007374665,0.36421040617049844,0.9828374968290442,0.05436710322775492,0.06816750619469619,0.09023600089840772,0.0,nan,0.0
-8.353968,47,1035.959102,0.0,1.0,-8.353968277883054,-8.353968277883054,0.0,0.0,0.0,1.0,0.0710807139952803,47,13.396140626387377,0.7691266369168016,2.0,0.13572929767852135,0.04788439324561586,0.06916098899029671,0.0,nan,0.0
-8.325842,44,1037.796933,0.0,1.0,-8.325841508128104,-8.325841508128104,0.0,0.0,0.0,1.0,0.07007496612330731,44,13.192294486117838,0.35956566660561373,0.9974780442987815,0.0827912525697188,0.08067333156412299,0.09260801293633202,0.0,nan,0.0
-7.976989,45,1038.561349,0.0,1.0,-7.976988776989914,-7.976988776989914,0.0,0.0,0.0,1.0,0.07922184335163415,45,13.244319576248309,0.4287388098763936,0.9758507732924342,0.08372891743977864,0.0761065853966607,0.09832880761888292,0.0,nan,0.0
-7.933224,46,1039.321638,0.0,1.0,-7.933223641896255,-7.933223641896255,0.0,0.0,0.0,1.0,0.06654785074568788,46,13.784682965582894,0.5099926880774773,0.9896855983705116,0.10107647595198258,0.12013896651889967,0.14187809695368228,0.0,nan,0.0
-8.096998,50,1040.062577,0.0,1.0,-8.09699824462586,-8.09699824462586,0.0,0.0,0.0,1.0,0.08991669250073736,50,15.749000170332188,0.7796799342659756,2.0,0.2168191361427307,0.031607441902160645,0.050409555435180664,0.0,nan,0.0
-8.740278,32,1040.577902,0.0,1.0,-8.74027827473621,-8.74027827473621,0.0,0.0,0.0,1.0,0.08617671256740073,32,10.927813103881606,1.0302818282807642,2.0,0.31085817888379097,0.09744356572628021,0.1286935657262802,0.0,nan,0.0
-8.382066,37,1041.210788,0.0,1.0,-8.382066352553556,-8.382066352553556,0.0,0.0,0.0,1.0,0.09171674800428639,37,11.993915263929107,1.2004824314991687,2.0,0.35007168876158223,0.07820723830042658,0.10523426532745361,0.0,nan,0.0
-7.806508,46,1042.047155,0.0,1.0,-7.806507786365547,-7.806507786365547,0.0,0.0,0.0,1.0,0.07961014311455003,46,13.424441808894718,0.5029234485249474,1.449161187703366,0.12105896809826726,0.0634616820708565,0.08520081250563911,0.0,nan,0.0
-8.512223,35,1042.681112,0.0,1.0,-8.512222718537055,-8.512222718537055,0.0,0.0,0.0,1.0,0.06078669475941932,35,12.152234093438878,0.7835993147477065,2.0,0.17621509092194693,0.07443556104387555,0.10300698961530413,0.0,nan,0.0
-8.685299,31,1043.116241,0.0,1.0,-8.685299396475791,-8.685299396475791,0.0,0.0,0.0,1.0,0.07184407034642819,31,11.44104113790489,1.1453282874748276,2.0,0.2778633659885776,0.03472104380207677,0.0669791083182058,0.0,nan,0.0
-8.454573,48,1043.903461,0.0,1.0,-8.454573166167648,-8.454573166167648,0.0,0.0,0.0,1.0,0.08252933746665501,48,14.164239327526785,0.7621765666196508,2.0,0.18286601391931376,0.030143434802691143,0.050976768136024475,0.0,nan,0.0
-8.564153,38,1044.519171,0.0,1.0,-8.564153465099432,-8.564153465099432,0.0,0.0,0.0,1.0,0.09309812573901292,38,12.153238118341406,1.1834147963117603,2.0,0.34950744870461914,0.03096982052451686,0.05728560999820107,0.0,nan,0.0
-8.121155,45,1045.251845,0.0,1.0,-8.121154800848737,-8.121154800848737,0.0,0.0,0.0,1.0,0.07468428403676784,45,13.47670517817261,0.7326796138704946,2.0,0.17376209364997017,0.04434599876403809,0.0665682209862603,0.0,nan,0.0
-8.031563,46,1046.002413,0.0,1.0,-8.03156271026131,-8.03156271026131,0.0,0.0,0.0,1.0,0.07330567996795276,46,13.347951464525943,0.7906170162191885,2.0,0.23729714880818906,0.08227197501970374,0.10401110545448634,0.0,nan,0.0
-8.125815,45,1046.736855,0.0,1.0,-8.125814789158687,-8.125814789158687,0.0,0.0,0.0,1.0,0.06350994961494649,45,13.537447809885471,0.39270627937822594,1.3064682743303793,0.14360599517822265,0.04254839685228136,0.06477061907450359,0.0,nan,0.0
-8.153664,46,1047.605647,0.0,1.0,-8.153663885516096,-8.153663885516096,0.0,0.0,0.0,1.0,0.06546937437767525,46,14.743897315905933,0.8121061022261098,2.0,0.35565103784851404,0.08915792859118918,0.10576630675274393,0.0,nan,0.0
-8.014994,42,1048.290321,0.0,1.0,-8.014993667420574,-8.014993667420574,0.0,0.0,0.0,1.0,0.0665882538033281,42,13.576601186545764,0.44610103852521865,1.1460608003658777,0.08023940949212938,0.023809523809523808,0.047619047619047616,0.0,nan,0.0
-8.137448,43,1049.040352,0.0,1.0,-8.137447641323522,-8.137447641323522,0.0,0.0,0.0,1.0,0.069650105424701,43,13.528484753891949,0.9859327755247066,2.0,0.2321893808453582,0.08684495437976926,0.11010076833325763,0.0,nan,0.0
-8.446577,38,1049.592377,0.0,1.0,-8.44657723466179,-8.44657723466179,0.0,0.0,0.0,1.0,0.06192057621580665,38,11.78934734349368,0.8096362907473255,2.0,0.20227984142930885,0.05763783580378482,0.08395362527746904,0.0,nan,0.0
-8.016349,43,1050.290774,0.0,1.0,-8.016348683761901,-8.016348683761901,0.0,0.0,0.0,1.0,0.06740461863078985,43,13.517792409142393,0.43652799025748174,0.9754054106296571,0.06323220286258431,0.05347047295681266,0.07672628691030103,0.0,nan,0.0
-7.959059,44,1051.03379,0.0,1.0,-7.959059038879181,-7.959059038879181,0.0,0.0,0.0,1.0,0.07023173769293836,44,13.53364354560607,0.4605706737252442,0.9686850543337452,0.08624991232698614,0.04635388200933283,0.06908115473660556,0.0,nan,0.0
-7.62029,51,1051.728031,0.0,1.0,-7.620290079499508,-7.620290079499508,0.0,0.0,0.0,1.0,0.08164397087360102,51,14.908920716858889,0.525099018288065,1.3404726747887594,0.16282623012860617,0.04862529389998492,0.06823313703723982,0.0,nan,0.0
-7.967297,45,1052.357323,0.0,1.0,-7.9672968268043345,-7.9672968268043345,0.0,0.0,0.0,1.0,0.06079994015003407,45,14.733783086207387,0.7019501906692898,2.0,0.23964940574434068,0.03248258696662055,0.054704809188842775,0.0,nan,0.0
-8.473064,35,1052.994298,0.0,1.0,-8.473063565108726,-8.473063565108726,0.0,0.0,0.0,1.0,0.06856426383337591,35,12.278245055714946,0.8175217514718661,2.0,0.19730618681226458,0.09880204200744629,0.1263667004449027,0.0,nan,0.0
-7.925828,45,1053.613542,0.0,1.0,-7.9258275593213945,-7.9258275593213945,0.0,0.0,0.0,1.0,0.08419429910704483,45,14.143655642397366,0.4934495653870927,0.9866456297626784,0.11440177758534749,0.09194477929009331,0.11416700151231554,0.0,nan,0.0
-8.726016,32,1054.170196,0.0,1.0,-8.726015637196385,-8.726015637196385,0.0,0.0,0.0,1.0,0.06990451559775983,32,10.545017619392485,1.1004845837516664,2.0,0.3755020499229431,0.03125,0.0625,0.0,nan,0.0
-8.204093,46,1056.312129,0.0,1.0,-8.204092872420606,-8.204092872420606,0.0,0.0,0.0,1.0,0.06647122467539843,46,13.24242762151458,0.35647949471146095,0.965185358390346,0.13566438529802405,0.06430975768877112,0.08604888812355373,0.0,nan,0.0
-8.234739,49,1057.112498,0.0,1.0,-8.234739423593151,-8.234739423593151,0.0,0.0,0.0,1.0,0.06619113724628657,49,13.852445711537532,0.7071210427066495,2.0,0.2858133316040039,0.04724757525385642,0.057701081645732025,0.0,nan,0.0
-8.259101,36,1057.770334,0.0,1.0,-8.259101010208406,-8.259101010208406,0.0,0.0,0.0,1.0,0.0659175138835318,36,13.32969289094668,0.8561307533714124,2.0,0.210122212767601,0.05593586630291409,0.08371364408069187,0.0,nan,0.0
-8.315103,48,1058.549543,0.0,1.0,-8.315102788969917,-8.315102788969917,0.0,0.0,0.0,1.0,0.06763818478543483,48,11.656223409349996,1.045669065022157,2.0,0.4553357294450204,0.0967368483543396,0.11757018168767293,0.0,nan,0.0
-8.213907,48,1059.313926,0.0,1.0,-8.213907139797623,-8.213907139797623,0.0,0.0,0.0,1.0,0.08727279291325331,48,12.123247133318067,1.1822621554919637,2.0,0.4900674093514681,0.12663817405700684,0.1284862756729126,0.0,nan,0.0
-8.336758,37,1059.989727,0.0,1.0,-8.336757926159866,-8.336757926159866,0.0,0.0,0.0,1.0,0.08372433992707015,37,12.229646404415163,0.8968073400011374,2.0,0.3087198508752359,0.07906247474051811,0.10608950176754513,0.0,nan,0.0
-8.195607,47,1060.74415,0.0,1.0,-8.195606865694032,-8.195606865694032,0.0,0.0,0.0,1.0,0.12227314302628646,47,12.836180331515795,1.3430454008231913,2.0,0.4499998802834369,0.07404429861839781,0.09532089436307867,0.0,nan,0.0
-8.096153,44,1061.464208,0.0,1.0,-8.096152883673714,-8.096152883673714,0.0,0.0,0.0,1.0,0.07457107417962905,44,13.996289745575154,0.40432513528241715,1.5111400014163487,0.10111438957127658,0.07954848354512994,0.08562868291681464,0.0,nan,0.0
-8.097809,44,1062.261091,0.0,1.0,-8.097808613846428,-8.097808613846428,0.0,0.0,0.0,1.0,0.07370255661819018,44,13.602645464893248,0.5858416713220764,2.0,0.13465187359939923,0.11227348717776212,0.13500075990503485,0.0,nan,0.0
-8.524008,38,1062.849879,0.0,1.0,-8.524008351105302,-8.524008351105302,0.0,0.0,0.0,1.0,0.06717743920551614,38,12.939162960641553,1.0940395499567006,2.0,0.27707903792983607,0.07645901253348902,0.100917144825584,0.0,nan,0.0
-8.030464,48,1063.700836,0.0,1.0,-8.030464437801774,-8.030464437801774,0.0,0.0,0.0,1.0,0.057339813655267594,48,13.31771397254102,0.5027377034196564,0.9936620833095097,0.2057145188252131,0.07782369355360667,0.10792348285516103,0.0,nan,0.0
-9.365159,42,1064.340567,0.0,1.0,-9.365158555244507,-9.365158555244507,0.0,0.0,0.0,1.0,0.06514787414017538,42,13.48980218442645,0.46625143089743243,0.9972532340445464,0.11389354013261341,0.07868776434943789,0.09080782958439418,0.0,nan,0.0
-8.353285,48,1065.09007,0.0,1.0,-8.353285210302609,-8.353285210302609,0.0,0.0,0.0,1.0,0.07020200025963444,48,13.759696131747589,0.49495530584303893,0.9929175092984939,0.191934568186601,0.04847418765227,0.06930752098560333,0.0,nan,0.0
-8.500801,37,1065.727742,0.0,1.0,-8.500800641969679,-8.500800641969679,0.0,0.0,0.0,1.0,0.06565059960824272,37,11.178918265281665,0.9628555397071807,2.0,0.2610928867314313,0.05533482577349689,0.07487039952664762,0.0,nan,0.0
-8.479325,43,1066.405637,0.0,1.0,-8.47932471103794,-8.47932471103794,0.0,0.0,0.0,1.0,0.07124958724926755,43,14.622662976378933,0.49258382078778457,0.9940002696366139,0.13389574926952982,0.06481940247291743,0.0774177590081858,0.0,nan,0.0
-8.023221,43,1067.096124,0.0,1.0,-8.023221089499167,-8.023221089499167,0.0,0.0,0.0,1.0,0.07883213513588683,43,13.59509613622979,0.39258348748416394,0.9965549400832251,0.09855815005856891,0.04426604647969091,0.06752186043317927,0.0,nan,0.0
-8.60025,38,1067.77911,0.0,1.0,-8.60025022366357,-8.60025022366357,0.0,0.0,0.0,1.0,0.06027819798585116,38,12.258837264517195,0.9405236764002041,2.0,0.2527092428583848,0.039158535631079426,0.06547432510476363,0.0,nan,0.0
-8.534085,35,1068.267704,0.0,1.0,-8.534084895747348,-8.534084895747348,0.0,0.0,0.0,1.0,0.06979031445509114,35,11.91204161067277,1.1424273092195076,2.0,0.34578317063195363,0.07731132507324219,0.10588275364467076,0.0,nan,0.0
-8.35655,38,1068.900602,0.0,1.0,-8.3565500747026,-8.3565500747026,0.0,0.0,0.0,1.0,0.08178537226097726,38,11.790786964096377,1.1466659707259925,2.0,0.3794058592695939,0.07641071394870155,0.10272650342238576,0.0,nan,0.0
-8.742271,31,1069.403713,0.0,1.0,-8.74227072730183,-8.74227072730183,0.0,0.0,0.0,1.0,0.08552273691772617,31,11.169039580279348,0.9526448531838345,2.0,0.17508563976134023,0.08200699283230689,0.11426505734843592,0.0,nan,0.0
-8.59032,32,1070.001092,0.0,1.0,-8.590319502455754,-8.590319502455754,0.0,0.0,0.0,1.0,0.08416299673275948,32,11.784207385059972,1.069923166252003,2.0,0.3017079681158066,0.062120210379362106,0.0933702103793621,0.0,nan,0.0
-8.604936,40,1070.583076,0.0,1.0,-8.604935946143222,-8.604935946143222,0.0,0.0,0.0,1.0,0.06853221661790093,40,10.108466772217714,0.8540333655865313,2.0,0.22802745103836058,0.13338061571121215,0.15838061571121215,0.0,nan,0.0
-8.684283,34,1071.119502,0.0,1.0,-8.68428265575061,-8.68428265575061,0.0,0.0,0.0,1.0,0.06760863344193009,34,11.04441345642274,0.8851222180622412,2.0,0.1699009046835058,0.08386178928263047,0.11327355398851283,0.0,nan,0.0
-8.144876,52,1071.810492,0.0,1.0,-8.14487609093765,-8.14487609093765,0.0,0.0,0.0,1.0,0.06359399716321494,52,13.685043952009993,0.6657044725121448,2.0,0.2248701166648131,0.05481709425265972,0.07404786348342896,0.0,nan,0.0
-8.086026,43,1073.8208,0.0,1.0,-8.08602582902922,-8.08602582902922,0.0,0.0,0.0,1.0,0.07624053012997131,43,13.87339854869,0.3491352914758922,0.9743371160847762,0.079514040503391,0.08382489237674447,0.10807146859723468,0.0,nan,0.0
-8.556441,42,1074.53454,0.0,1.0,-8.556440770732308,-8.556440770732308,0.0,0.0,0.0,1.0,0.06635436203975541,42,12.005000547156094,0.9490274219453712,2.0,0.3219775032429468,0.09971587147031512,0.12157076029550462,0.0,nan,0.0
-8.083706,55,1075.433944,0.0,1.0,-8.083706180954863,-8.083706180954863,0.0,0.0,0.0,1.0,0.08787861102191488,55,14.316360236589537,0.8707132923807297,2.0,0.23932479186491531,0.04921370419588956,0.06739552237770774,0.0,nan,0.0
-8.105009,41,1076.018414,0.0,1.0,-8.105009440599101,-8.105009440599101,0.0,0.0,0.0,1.0,0.08225907336027904,41,14.829908147408327,0.41595697530841025,0.9319401935032946,0.07615249331404524,0.0858738800374473,0.11026412393988633,0.0,nan,0.0
-8.078745,44,1076.726794,0.0,1.0,-8.078745176700155,-8.078745176700155,0.0,0.0,0.0,1.0,0.07743846752161974,44,13.30082537519304,0.48132165845197966,0.9608679251407338,0.1034893041307276,0.08680146932601929,0.10180972381071611,0.0,nan,0.0
-7.678623,48,1077.481209,0.0,1.0,-7.678622534334886,-7.678622534334886,0.0,0.0,0.0,1.0,0.06897937425331303,48,13.683811473925944,0.5248050722786085,1.2163915949608088,0.1819003832836946,0.021709953745206196,0.04260069131851196,0.0,nan,0.0
-8.165366,46,1078.290722,0.0,1.0,-8.165366336653873,-8.165366336653873,0.0,0.0,0.0,1.0,0.07244439303931939,46,13.015922531512377,0.40976423003943874,1.5765232901049833,0.10696328982062962,0.06469557596289593,0.0812562030294667,0.0,nan,0.0
-8.160352,44,1078.9752,0.0,1.0,-8.160352395307122,-8.160352395307122,0.0,0.0,0.0,1.0,0.07339444624112468,44,13.734987913750972,0.4602509981386629,0.9841539348653602,0.10602338341149417,0.11076692017641934,0.12748897075653076,0.0,nan,0.0
-8.144365,42,1079.636198,0.0,1.0,-8.144364870692224,-8.144364870692224,0.0,0.0,0.0,1.0,0.05885361358458184,42,14.048544773817374,0.426322946545661,1.0197338718091014,0.14442388926233565,0.08709182058061872,0.1100686164129348,0.0,nan,0.0
-7.763101,46,1080.464251,0.0,1.0,-7.763101080654119,-7.763101080654119,0.0,0.0,0.0,1.0,0.08407207554140407,46,14.03835005215378,0.3911452616759249,1.3289249980055269,0.20638137278349503,0.07044206494870393,0.08093588766844376,0.0,nan,0.0
-8.223864,44,1081.157238,0.0,1.0,-8.223864010509804,-8.223864010509804,0.0,0.0,0.0,1.0,0.07264928293795808,44,13.06071494665809,0.4238502905720585,1.3531540288698463,0.1439812941984697,0.07288633693348277,0.08905496380545876,0.0,nan,0.0
-8.482851,34,1081.696815,0.0,1.0,-8.482850788881606,-8.482850788881606,0.0,0.0,0.0,1.0,0.08894467996723186,34,12.328849974928493,0.8201744745515662,2.0,0.23601244039395275,0.05179945160360897,0.08121121630949132,0.0,nan,0.0
-8.387933,34,1082.153893,0.0,1.0,-8.387933392781697,-8.387933392781697,0.0,0.0,0.0,1.0,0.0744793246144026,34,12.530923937137832,1.072712906699976,2.0,0.3808480431051815,0.05179972508374382,0.08121148978962618,0.0,nan,0.0
-7.952461,44,1082.845287,0.0,1.0,-7.952460676190684,-7.952460676190684,0.0,0.0,0.0,1.0,0.08219942133102462,44,14.25135060306397,0.44479804009522056,0.9522989149002276,0.19155204567042264,0.09370762380686673,0.11643489653413946,0.0,nan,0.0
-8.358838,39,1083.423146,0.0,1.0,-8.358837635965552,-8.358837635965552,0.0,0.0,0.0,1.0,0.07347268332651305,39,11.736917772925588,1.0428466919397132,2.0,0.4148869888904767,0.08644528878040802,0.11208631442143367,0.0,nan,0.0
-7.857492,53,1084.292058,0.0,1.0,-7.857492385747202,-7.857492385747202,0.0,0.0,0.0,1.0,0.059694283712331944,53,12.702397103060463,0.45861839199733573,0.965935608376708,0.2417830397497933,0.09371968935120781,0.11258761387950969,0.0,nan,0.0
-7.829773,47,1085.048339,0.0,1.0,-7.829773390704018,-7.829773390704018,0.0,0.0,0.0,1.0,0.0734036670942356,47,13.204925070348274,0.3863658102861104,1.4227819231946568,0.2037376495117837,0.05889894353582504,0.04560167231458299,0.0,nan,0.0
-8.314865,52,1085.970104,0.0,1.0,-8.31486493486159,-8.31486493486159,0.0,0.0,0.0,1.0,0.07262757081259649,52,13.031209074331624,0.7321708318485438,2.0,0.34419509768486023,0.06287108476345356,0.07730670158679669,0.0,nan,0.0
-8.038758,45,1086.681381,0.0,1.0,-8.038757820410536,-8.038757820410536,0.0,0.0,0.0,1.0,0.06826152393468768,45,13.169250102919452,0.45823198051978525,0.9577646397173502,0.12427841027577718,0.1356059922112359,0.14760696093241374,0.0,nan,0.0
-8.230019,45,1087.389961,0.0,1.0,-8.230018741660265,-8.230018741660265,0.0,0.0,0.0,1.0,0.06365282402660759,45,13.066491924258525,0.9309658805929935,2.0,0.13683622943030463,0.09920917087131076,0.12143139309353299,0.0,nan,0.0
-8.047048,49,1088.139122,0.0,1.0,-8.047048273740584,-8.047048273740584,0.0,0.0,0.0,1.0,0.062274247677588664,49,13.872740389358002,0.7281056050717064,2.0,0.15704858181427936,0.12124991903499681,0.14165808230030294,0.0,nan,0.0
-7.874689,50,1088.884026,0.0,1.0,-7.874689276017092,-7.874689276017092,0.0,0.0,0.0,1.0,0.06412262855922973,50,14.196841223934738,0.7672803397062284,2.0,0.27267120957374574,0.05240959167480469,0.0724095916748047,0.0,nan,0.0
-9.557086,45,1089.678663,0.0,1.0,-9.557086485687861,-9.557086485687861,0.0,0.0,0.0,1.0,0.06295565969629849,45,13.463708358089576,0.5745167177766742,1.6274805313119014,0.16433440314398873,0.069710816277398,0.09193303849962023,0.0,nan,0.0
-7.903171,45,1091.587357,0.0,1.0,-7.9031710461511135,-7.9031710461511135,0.0,0.0,0.0,1.0,0.07246793316654329,45,13.474195437756364,0.4297116053396062,1.4707235758684458,0.17063845528496635,0.056528324551052514,0.062424119313557944,0.0,nan,0.0
-8.593852,39,1092.172862,0.0,1.0,-8.593852408473388,-8.593852408473388,0.0,0.0,0.0,1.0,0.07635709582893448,39,12.940792090809317,0.9495451751943431,2.0,0.20113005546423104,0.09250061634259346,0.11809236575395633,0.0,nan,0.0
-8.129095,45,1092.95334,0.0,1.0,-8.129095493353114,-8.129095493353114,0.0,0.0,0.0,1.0,0.07467916534635366,45,13.010813924625248,0.34752872238486854,0.9371166205514578,0.08739462428622775,0.1173734294043647,0.11990639368693033,0.0,nan,0.0
-8.045274,42,1093.577297,0.0,1.0,-8.045274287633033,-8.045274287633033,0.0,0.0,0.0,1.0,0.0782684095850044,42,13.605589748994905,0.8029517913275497,2.0,0.13163057395390101,0.09044109639667329,0.08290471349443708,0.0,nan,0.0
-7.897683,49,1094.309746,0.0,1.0,-7.897683161836055,-7.897683161836055,0.0,0.0,0.0,1.0,0.07213663276081561,49,13.936240524995338,0.707324107172649,2.0,0.1459261787180998,0.10090046999405841,0.13639606261739926,0.0,nan,0.0
-8.688806,34,1094.826068,0.0,1.0,-8.688806202789664,-8.688806202789664,0.0,0.0,0.0,1.0,0.06280337234462786,34,10.45272812830616,1.0849606096163646,2.0,0.30070708429112153,0.05298730205087101,0.08239906675675336,0.0,nan,0.0
-8.000886,44,1095.631588,0.0,1.0,-8.000886193683781,-8.000886193683781,0.0,0.0,0.0,1.0,0.06035449566137466,44,13.553501443692959,0.5084187175048386,1.2064421548368918,0.08260105143893849,0.09682654250751842,0.10320211540568959,0.0,nan,0.0
-8.68364,32,1096.151037,0.0,1.0,-8.683639699936661,-8.683639699936661,0.0,0.0,0.0,1.0,0.06917799397833409,32,10.941200385309537,0.9713604103808111,2.0,0.19247501716017723,0.03980134427547455,0.07105134427547455,0.0,nan,0.0
-8.004189,46,1096.886194,0.0,1.0,-8.004188631843212,-8.004188631843212,0.0,0.0,0.0,1.0,0.06984409630099263,46,12.81167694762544,0.3759317957370741,0.9962897027277393,0.08351901821468187,0.16039094717606253,0.18213007761084515,0.0,nan,0.0
-8.222781,47,1097.593161,0.0,1.0,-8.22278119365508,-8.22278119365508,0.0,0.0,0.0,1.0,0.08226690767549956,47,12.97295435289967,0.8174920164596262,2.0,0.19368876041250027,0.10030553188729793,0.11043180810644272,0.0,nan,0.0
-8.041082,44,1098.321553,0.0,1.0,-8.04108218810018,-8.04108218810018,0.0,0.0,0.0,1.0,0.07501050467133823,44,13.82979033156883,0.5071397305819254,0.9862710280100846,0.10621715404770592,0.0541630820794539,0.07689035480672662,0.0,nan,0.0
-7.970705,44,1099.058132,0.0,1.0,-7.970704865108313,-7.970704865108313,0.0,0.0,0.0,1.0,0.07865279422517346,44,13.76373941118793,0.5131310383820659,0.999665341207494,0.09583106366070834,0.06138386780565435,0.0620788958939639,0.0,nan,0.0
-8.360849,39,1099.608648,0.0,1.0,-8.360849248952588,-8.360849248952588,0.0,0.0,0.0,1.0,0.07741979477301786,39,12.167395222749393,0.8886073001029317,2.0,0.2481848574601687,0.1872260631659092,0.19100058384430715,0.0,nan,0.0
-8.922188,44,1100.372377,0.0,1.0,-8.92218806547774,-8.92218806547774,0.0,0.0,0.0,1.0,0.06374369144262057,44,13.641835727376337,0.4410145870384569,0.9841580299653871,0.16910558126189493,0.05319879000837153,0.07592606273564426,0.0,nan,0.0
-8.161,44,1101.073351,0.0,1.0,-8.161000006510502,-8.161000006510502,0.0,0.0,0.0,1.0,0.06750647256895885,44,14.066096624762526,0.3754566336196806,0.9643557767460299,0.12163831970908424,0.0744413896040483,0.09716866233132103,0.0,nan,0.0
-8.01912,46,1101.78336,0.0,1.0,-8.019120170729828,-8.019120170729828,0.0,0.0,0.0,1.0,0.06680043796342755,46,14.186040659949922,0.3747634812055689,1.2358212966207274,0.14475817654443823,0.08447936306829038,0.10621849350307298,0.0,nan,0.0
-7.999501,43,1102.504024,0.0,1.0,-7.999501211792715,-7.999501211792715,0.0,0.0,0.0,1.0,0.08113503003440796,43,14.402552898650374,0.47670147289857534,0.9350643994185904,0.102565303791401,0.05635443953580634,0.0854190005812534,0.0,nan,0.0
-8.35679,46,1103.205111,0.0,1.0,-8.356790288601005,-8.356790288601005,0.0,0.0,0.0,1.0,0.06040366164881803,46,13.596427206107972,0.6685435002043875,2.0,0.17255943041780722,0.021739130434782608,0.043478260869565216,0.0,nan,0.0
-8.597059,39,1103.888775,0.0,1.0,-8.597058508738888,-8.597058508738888,0.0,0.0,0.0,1.0,0.07929943155101257,39,13.15192534673209,0.926264755034617,2.0,0.2077153294514387,0.12435413629580767,0.12734784529759333,0.0,nan,0.0
-7.911426,48,1104.518359,0.0,1.0,-7.911425860721078,-7.911425860721078,0.0,0.0,0.0,1.0,0.06898164087305199,48,14.45967457921472,0.702734023591625,2.0,0.11583658742407958,0.028778940439224243,0.04791463911533356,0.0,nan,0.0
-7.989106,48,1105.2943,0.0,1.0,-7.989105838725299,-7.989105838725299,0.0,0.0,0.0,1.0,0.0715879172193202,48,14.49811884088774,0.666190203267489,2.0,0.17872007936239243,0.046937162677447,0.07538095613320668,0.0,nan,0.0
-7.992453,43,1105.975349,0.0,1.0,-7.992453183258512,-7.992453183258512,0.0,0.0,0.0,1.0,0.06552251797585615,43,13.785464786201429,0.429278485635563,0.9632550654920817,0.09650731363961863,0.09253409851429074,0.11578991246777912,0.0,nan,0.0
-8.14068,44,1106.680048,0.0,1.0,-8.14067957861855,-8.14067957861855,0.0,0.0,0.0,1.0,0.06671557580095323,44,13.498865648670945,0.3601310702749713,0.9885926396255195,0.07949272881854665,0.09834881262345747,0.12107608535073021,0.0,nan,0.0
-8.048373,47,1107.39784,0.0,1.0,-8.04837316997215,-8.04837316997215,0.0,0.0,0.0,1.0,0.08328800633188527,47,13.972565463885731,0.6935289244816636,2.0,0.23030320887869976,0.05481324297316531,0.07608983871784616,0.0,nan,0.0
-7.81506,47,1109.631778,0.0,1.0,-7.815059889400824,-7.815059889400824,0.0,0.0,0.0,1.0,0.06147358132461445,47,14.712532588521626,0.6638440660767506,2.0,0.2468599112744027,0.06812615597501714,0.089402751719698,0.0,nan,0.0
-8.17008,45,1110.261129,0.0,1.0,-8.170080417773148,-8.170080417773148,0.0,0.0,0.0,1.0,0.05774502215180975,45,14.415818925841254,0.49532765298742715,1.4959122142622627,0.13236196372244094,0.04535808033413357,0.06758030255635579,0.0,nan,0.0
-8.72333,30,1110.660549,0.0,1.0,-8.723329947898035,-8.723329947898035,0.0,0.0,0.0,1.0,0.0852466616508721,30,11.118139314225319,1.0023573447764809,2.0,0.2388557106256485,0.16247820854187012,0.19581154187520344,0.0,nan,0.0
-8.052771,47,1111.396528,0.0,1.0,-8.052770658807015,-8.052770658807015,0.0,0.0,0.0,1.0,0.07255865600090167,47,14.76653901350353,0.7247345989968709,2.0,0.16471052867300967,0.06536592321192965,0.07044243305287462,0.0,nan,0.0
-8.476072,36,1112.050817,0.0,1.0,-8.476072264584417,-8.476072264584417,0.0,0.0,0.0,1.0,0.06576359994202628,36,11.633264083551875,1.076375682276017,2.0,0.4158680968814426,0.056468711958991155,0.08424648973676893,0.0,nan,0.0
-8.164352,47,1112.747118,0.0,1.0,-8.16435202366927,-8.16435202366927,0.0,0.0,0.0,1.0,0.07754123495514821,47,13.858993521137664,0.5822678371299943,1.8910761776531588,0.18195694050890335,0.0648767593059134,0.07427028392223602,0.0,nan,0.0
-8.371939,41,1113.489813,0.0,1.0,-8.371938569420431,-8.371938569420431,0.0,0.0,0.0,1.0,0.07879198046653091,41,13.326048543867618,0.9699978232750868,2.0,0.2695075040910302,0.09370017051696777,0.11809041441940679,0.0,nan,0.0
-7.99164,46,1114.21244,0.0,1.0,-7.991639624362173,-7.991639624362173,0.0,0.0,0.0,1.0,0.07578584957520486,46,12.93923734779486,0.39379078140317364,1.0193472372517112,0.09548000408255536,0.1172758962797082,0.1061099560364433,0.0,nan,0.0
-8.31721,37,1114.782526,0.0,1.0,-8.317209900290452,-8.317209900290452,0.0,0.0,0.0,1.0,0.07975128609230411,37,13.08770819998927,0.7554821299913691,2.0,0.27530608950434504,0.05332511824530524,0.07634276957125277,0.0,nan,0.0
-8.129842,44,1115.524721,0.0,1.0,-8.129842428922169,-8.129842428922169,0.0,0.0,0.0,1.0,0.07467936448551549,44,13.40103728996469,0.434270030903987,0.9960669675591514,0.10843359475786035,0.1273044781251387,0.13907769051465121,0.0,nan,0.0
-8.125933,60,1116.326759,0.0,1.0,-8.125932532224331,-8.125932532224331,0.0,0.0,0.0,1.0,0.09277607990719179,60,14.735413730765094,0.8871520005730079,2.0,0.2655704880754153,0.05459859768549601,0.07126526435216268,0.0,nan,0.0
-8.203868,47,1117.178545,0.0,1.0,-8.203868447313184,-8.203868447313184,0.0,0.0,0.0,1.0,0.07788674298336186,47,13.179108528292131,1.0043174873765426,2.0,0.4048849940299988,0.12068736299555352,0.13126843026343812,0.0,nan,0.0
-9.579042,44,1117.817924,0.0,1.0,-9.579042109881575,-9.579042109881575,0.0,0.0,0.0,1.0,0.08205969095026608,44,13.373028757767674,0.5536009076854963,1.435862446130867,0.1464576477354223,0.11546354944055731,0.11940028450705788,0.0,nan,0.0
-8.711964,32,1118.33894,0.0,1.0,-8.711964348740473,-8.711964348740473,0.0,0.0,0.0,1.0,0.06637411061492747,32,10.873853096910445,1.0302683634176997,2.0,0.16683857515454292,0.2317500039935112,0.2166517712175846,0.0,nan,0.0
-8.114897,44,1119.053488,0.0,1.0,-8.114896626932932,-8.114896626932932,0.0,0.0,0.0,1.0,0.06828386092959547,44,13.982239832332716,0.7427702554107384,2.0,0.11121036518703807,0.05250255086205222,0.07522982358932495,0.0,nan,0.0
-8.098602,45,1119.773568,0.0,1.0,-8.098602299279664,-8.098602299279664,0.0,0.0,0.0,1.0,0.0798555729063688,45,13.70495780587703,0.4315687397788432,1.4244820675689698,0.13742609024047853,0.05200817320081923,0.07423039542304145,0.0,nan,0.0
-7.940224,46,1120.410357,0.0,1.0,-7.940223529567401,-7.940223529567401,0.0,0.0,0.0,1.0,0.060037416035291426,46,13.141207970638888,0.775149964463023,2.0,0.22973904985448587,0.05977568419083305,0.08151481462561566,0.0,nan,0.0
-7.898211,45,1121.124146,0.0,1.0,-7.898210711869368,-7.898210711869368,0.0,0.0,0.0,1.0,0.0813418385336299,45,13.681375798346965,0.3940952220435369,0.9839609922746585,0.18337820370992025,0.054075839784410266,0.07629806200663249,0.0,nan,0.0
-7.932663,48,1121.868126,0.0,1.0,-7.932663389995036,-7.932663389995036,0.0,0.0,0.0,1.0,0.06929206519483812,48,14.055012867069612,0.431503578198088,0.9886731355088497,0.24839756761988005,0.0368708074092865,0.057704140742619835,0.0,nan,0.0
-7.777328,46,1122.605145,0.0,1.0,-7.777328139123349,-7.777328139123349,0.0,0.0,0.0,1.0,0.0593079285366444,46,13.783278941328282,0.46664340175283475,1.1638717195801231,0.15587904012721518,0.06512812946153723,0.08563023805618286,0.0,nan,0.0
-7.961156,46,1123.412902,0.0,1.0,-7.961156241111429,-7.961156241111429,0.0,0.0,0.0,1.0,0.06855631798758495,46,13.375430691155254,0.4339758270073294,0.9959728956662237,0.1956176783727563,0.12049895524978638,0.142238085684569,0.0,nan,0.0
-7.962205,47,1124.13762,0.0,1.0,-7.962204929299274,-7.962204929299274,0.0,0.0,0.0,1.0,0.06716655286275075,47,13.312704851912791,0.4400461209345996,1.013391104020045,0.10781462902718401,0.10243618995585341,0.11801425193218475,0.0,nan,0.0
-7.877063,45,1124.839362,0.0,1.0,-7.8770625233846445,-7.8770625233846445,0.0,0.0,0.0,1.0,0.07095936895244792,45,13.640124049876619,0.3905563288950974,1.1462758457942164,0.19596392843458388,0.08762195905049643,0.09749398231506348,0.0,nan,0.0
-7.777554,53,1126.848215,0.0,1.0,-7.777553932183195,-7.777553932183195,0.0,0.0,0.0,1.0,0.07077805171831074,53,14.000631091374109,0.6899273121763684,2.0,0.3015392771307028,0.052727355147307774,0.07159527967560966,0.0,nan,0.0
-7.738784,51,1127.691567,0.0,1.0,-7.738783982617744,-7.738783982617744,0.0,0.0,0.0,1.0,0.0761902321488744,51,13.03625421913043,0.49890143605386406,1.2397650298961922,0.198700418659285,0.12335070909238328,0.1598198413848877,0.0,nan,0.0
-7.652067,50,1128.266655,0.0,1.0,-7.652067386903056,-7.652067386903056,0.0,0.0,0.0,1.0,0.08719624795929758,50,13.431759946962142,0.5005653938462499,0.9913034268366961,0.2194433617591858,0.08752593040466308,0.10906689167022705,0.0,nan,0.0
-8.028261,44,1128.992811,0.0,1.0,-8.028260636100626,-8.028260636100626,0.0,0.0,0.0,1.0,0.060945666492382054,44,14.018748807251136,0.4168383441268777,0.9812354911432922,0.14003641361540015,0.11627404256300493,0.13900131529027765,0.0,nan,0.0
-8.586032,36,1129.525242,0.0,1.0,-8.586031919274674,-8.586031919274674,0.0,0.0,0.0,1.0,0.07963525406935125,36,10.975405322117076,1.023949040901008,2.0,0.2654244800408681,0.08334351910485162,0.1111212968826294,0.0,nan,0.0
-7.74673,46,1130.260414,0.0,1.0,-7.74673042178917,-7.74673042178917,0.0,0.0,0.0,1.0,0.07282675716129422,46,13.809017822313088,0.3614397704206603,0.9752089174427705,0.17401680739029593,0.040756147840748665,0.06249527827553127,0.0,nan,0.0
-8.032264,45,1130.935082,0.0,1.0,-8.032264484122946,-8.032264484122946,0.0,0.0,0.0,1.0,0.07033557789270044,45,13.61880532110046,0.369979867583454,0.9996060349993042,0.12567606038517423,0.05354807906680637,0.06495980951521131,0.0,nan,0.0
-8.435608,36,1131.490482,0.0,1.0,-8.435607511285616,-8.435607511285616,0.0,0.0,0.0,1.0,0.06466203444713425,36,12.147085743997593,0.8904130702091206,2.0,0.28277083734671277,0.05635538366105822,0.07832002970907423,0.0,nan,0.0
-8.14595,45,1132.161299,0.0,1.0,-8.145950168127616,-8.145950168127616,0.0,0.0,0.0,1.0,0.06307072003446187,45,14.341220183005998,0.5093441901712882,1.9059772977562082,0.1554183112250434,0.04552099969651964,0.06774322191874187,0.0,nan,0.0
-7.816215,52,1133.016311,0.0,1.0,-7.816214915696319,-7.816214915696319,0.0,0.0,0.0,1.0,0.07176658984903764,52,13.459772903086586,0.42017930515216634,0.9859185540231,0.3277126309963373,0.08257730649067806,0.0841011657164647,0.0,nan,0.0
-8.15243,52,1133.877137,0.0,1.0,-8.152430175288357,-8.152430175288357,0.0,0.0,0.0,1.0,0.08244748828727302,52,12.98211017072484,1.0340870069890613,2.0,0.3387439950154378,0.11533007484215957,0.13577991724014282,0.0,nan,0.0
-8.193555,49,1134.641107,0.0,1.0,-8.193555128703327,-8.193555128703327,0.0,0.0,0.0,1.0,0.09898216302809411,49,14.226662982889033,0.8541109063736948,2.0,0.27512431023072226,0.05878076747972138,0.06690159622503787,0.0,nan,0.0
-8.282057,47,1135.395302,0.0,1.0,-8.282057485104795,-8.282057485104795,0.0,0.0,0.0,1.0,0.0636724200344687,47,14.102885256279453,0.6708372571458087,2.0,0.1690247711983133,0.033442738208364936,0.05471933395304578,0.0,nan,0.0
-7.716039,50,1136.177795,0.0,1.0,-7.716038649344817,-7.716038649344817,0.0,0.0,0.0,1.0,0.0630359081468017,50,14.765380918409587,0.41867642425258383,0.9527206342453021,0.32700212478637697,0.0940826416015625,0.10808020114898681,0.0,nan,0.0
-8.617392,35,1136.813308,0.0,1.0,-8.617391981671704,-8.617391981671704,0.0,0.0,0.0,1.0,0.07887820235232933,35,10.38031803221411,0.9788366349432118,2.0,0.3147728596414838,0.15025855473109653,0.17882998330252511,0.0,nan,0.0
-7.896689,44,1137.52069,0.0,1.0,-7.896689022157935,-7.896689022157935,0.0,0.0,0.0,1.0,0.07285333782259346,44,13.429789512332299,0.45882777780614253,1.3539474278387913,0.103489642793482,0.18025452440435236,0.1960181106220592,0.0,nan,0.0
-8.585424,36,1138.164401,0.0,1.0,-8.585423828357657,-8.585423828357657,0.0,0.0,0.0,1.0,0.08096117652638748,36,11.019579623030705,1.0624993703044163,2.0,0.2912740591499541,0.16097776095072427,0.1599413057168325,0.0,nan,0.0
-8.297133,38,1138.650666,0.0,1.0,-8.297133091422326,-8.297133091422326,0.0,0.0,0.0,1.0,0.08170318221246597,38,12.340757155334654,0.8923514268725307,2.0,0.3510172947456962,0.10438154873095061,0.1306973382046348,0.0,nan,0.0
-7.943733,47,1139.504002,0.0,1.0,-7.9437334006754305,-7.9437334006754305,0.0,0.0,0.0,1.0,0.06822462675876258,47,14.18903169952949,0.4508435905903534,0.9857963833042415,0.16380341255918462,0.07533701937249367,0.1031370518055368,0.0,nan,0.0
-7.962553,46,1140.406284,0.0,1.0,-7.96255328459876,-7.96255328459876,0.0,0.0,0.0,1.0,0.06903922277361615,46,12.871482058657653,0.5030002463677214,0.9751804844469354,0.14205572656963183,0.14805466714112656,0.18102396571117899,0.0,nan,0.0
-7.947044,57,1141.251308,0.0,1.0,-7.947044132003585,-7.947044132003585,0.0,0.0,0.0,1.0,0.07872567138522425,57,15.378221532224728,0.8733885939523236,2.0,0.24259412288665771,0.0758572963246128,0.0934011559737356,0.0,nan,0.0
-8.465634,36,1141.875379,0.0,1.0,-8.465634206029844,-8.465634206029844,0.0,0.0,0.0,1.0,0.09546552153936966,36,11.250362405004605,1.1489546049706199,2.0,0.31805606103605694,0.06488286786609226,0.0914959344598982,0.0,nan,0.0
-7.888904,45,1144.042365,0.0,1.0,-7.888904465735621,-7.888904465735621,0.0,0.0,0.0,1.0,0.06149038080450328,45,13.560596355300731,0.4278884693410855,1.0120650183670357,0.12110716766781277,0.15404039488898383,0.17626261711120605,0.0,nan,0.0
-8.475708,38,1144.713129,0.0,1.0,-8.475708028714578,-8.475708028714578,0.0,0.0,0.0,1.0,0.08439538231634088,38,11.011421208994205,0.9212882830033242,2.0,0.330907813812557,0.09862972246973138,0.12069071594037507,0.0,nan,0.0
-8.705838,41,1145.422599,0.0,1.0,-8.705838301864294,-8.705838301864294,0.0,0.0,0.0,1.0,0.07042868778973421,41,14.37230640219777,0.4280727689270746,0.9951569729543109,0.09312855906602813,0.0785212574935541,0.10923100680839724,0.0,nan,0.0
-8.636572,31,1145.763326,0.0,1.0,-8.636572015477663,-8.636572015477663,0.0,0.0,0.0,1.0,0.08821635290144779,31,10.980886657355603,1.0857682793237682,2.0,0.231683450360452,0.07398452681879844,0.09185432234118061,0.0,nan,0.0
-8.475991,42,1146.536334,0.0,1.0,-8.475990835700191,-8.475990835700191,0.0,0.0,0.0,1.0,0.07805410587164065,42,12.588115326994815,0.8798665445694085,2.0,0.3186092610870089,0.1563484583582197,0.15893612305323282,0.0,nan,0.0
-7.893533,46,1147.347214,0.0,1.0,-7.89353306398043,-7.89353306398043,0.0,0.0,0.0,1.0,0.061424499731466346,46,13.484515194831552,0.4187972144007644,1.046444722130187,0.17488169994043268,0.08822715282440186,0.10609326673590619,0.0,nan,0.0
-8.727351,33,1147.779747,0.0,1.0,-8.727351080724336,-8.727351080724336,0.0,0.0,0.0,1.0,0.08769358996815525,33,10.747777335581443,1.1465991198741747,2.0,0.29466371283386694,0.1373561476216172,0.14667971567674118,0.0,nan,0.0
-8.089692,48,1148.572743,0.0,1.0,-8.0896918132693,-8.0896918132693,0.0,0.0,0.0,1.0,0.07800729912925107,48,12.462874314387507,0.42018884924273375,1.636645907288032,0.1279951532681783,0.11083667973677318,0.11819579203923543,0.0,nan,0.0
-8.368232,36,1149.09036,0.0,1.0,-8.36823232275414,-8.36823232275414,0.0,0.0,0.0,1.0,0.07274216405162053,36,12.677304585370324,0.9305360006524604,2.0,0.2545594862765736,0.0650986631711324,0.09287644094891018,0.0,nan,0.0
-7.994915,45,1149.812429,0.0,1.0,-7.994915256566142,-7.994915256566142,0.0,0.0,0.0,1.0,0.06657865837986869,45,13.792859176132232,0.5867790768730661,2.0,0.1403082635667589,0.050808948940700954,0.07303117116292318,0.0,nan,0.0
-7.884348,45,1150.514022,0.0,1.0,-7.884347676386322,-7.884347676386322,0.0,0.0,0.0,1.0,0.0642127172195743,45,13.869069583630315,0.3535726192797514,0.9966373783993534,0.10863772498236762,0.10569527679019504,0.12791749901241725,0.0,nan,0.0
-8.027707,49,1151.360961,0.0,1.0,-8.027707004955598,-8.027707004955598,0.0,0.0,0.0,1.0,0.07849148830494199,49,13.4582173840957,0.46958359710706127,1.6407545579989982,0.22795579445605374,0.08714415102588888,0.08236862931932722,0.0,nan,0.0
-8.288213,45,1152.079986,0.0,1.0,-8.288213182007818,-8.288213182007818,0.0,0.0,0.0,1.0,0.06702233123787003,45,11.423436523295141,0.8431163786671135,2.0,0.34859845638275144,0.12639731831020778,0.1480055464638604,0.0,nan,0.0
-7.59029,53,1152.968918,0.0,1.0,-7.590289745317186,-7.590289745317186,0.0,0.0,0.0,1.0,0.06168134406131225,53,13.238958517508898,0.4721918022345564,1.494629829578035,0.368711104932821,0.052032547177008864,0.05652965689605137,0.0,nan,0.0
-7.64624,47,1153.618689,0.0,1.0,-7.646240085641309,-7.646240085641309,0.0,0.0,0.0,1.0,0.06348796646227711,47,14.545961005275894,0.40598825274652667,1.1187972882719597,0.22011778836554668,0.07490744235667776,0.09618403810135862,0.0,nan,0.0
-8.399684,36,1154.15574,0.0,1.0,-8.399684219686366,-8.399684219686366,0.0,0.0,0.0,1.0,0.0816611656467412,36,12.686961019918881,1.0149135064610024,2.0,0.23483137786388397,0.1284818947315216,0.1562596725092994,0.0,nan,0.0
-8.167843,40,1154.825166,0.0,1.0,-8.167842827945748,-8.167842827945748,0.0,0.0,0.0,1.0,0.08315078354650778,40,12.124121892271905,0.9207563017853706,2.0,0.42069280967116357,0.07407913208007813,0.09907913208007812,0.0,nan,0.0
-8.044949,49,1155.658267,0.0,1.0,-8.044948654914874,-8.044948654914874,0.0,0.0,0.0,1.0,0.07534787700058629,49,13.8351499838419,0.41897114132069524,0.9977941647139439,0.32358850508320086,0.08443547754871603,0.10484364081402214,0.0,nan,0.0
-8.527888,44,1156.381587,0.0,1.0,-8.527888088152121,-8.527888088152121,0.0,0.0,0.0,1.0,0.08345512531538345,44,13.85248391875155,0.37901260811702087,0.9360799852778844,0.1982459710402922,0.025667637586593628,0.048394910313866356,0.0,nan,0.0
-7.817449,44,1157.156755,0.0,1.0,-7.817448958430108,-7.817448958430108,0.0,0.0,0.0,1.0,0.0716902870671088,44,13.62915861912574,0.5155588177024681,1.3726976229575671,0.11492647366090254,0.08921189199794423,0.12117586352608421,0.0,nan,0.0
-7.604507,49,1157.946465,0.0,1.0,-7.604507090166804,-7.604507090166804,0.0,0.0,0.0,1.0,0.06893849034418098,49,13.86846109199831,0.5095481494869534,0.9935046072280588,0.23972318732008643,0.05277494508392957,0.07166434794056173,0.0,nan,0.0
-8.685791,32,1158.436187,0.0,1.0,-8.685790507223192,-8.685790507223192,0.0,0.0,0.0,1.0,0.07300507977976316,32,10.825388977531489,0.9865915045744645,2.0,0.3233144897967577,0.05545077472925186,0.08670077472925186,0.0,nan,0.0
-8.630963,34,1158.949572,0.0,1.0,-8.630962751342793,-8.630962751342793,0.0,0.0,0.0,1.0,0.0957892952295326,34,10.633656940892116,1.110405275514275,2.0,0.32714680187842426,0.07840957711724673,0.09663387957741232,0.0,nan,0.0
-8.186299,45,1159.649463,0.0,1.0,-8.186299027892405,-8.186299027892405,0.0,0.0,0.0,1.0,0.07123058822530959,45,13.470445984378648,0.34440808964610703,0.97422623296521,0.1364951451619466,0.08966024981604682,0.11626401212480333,0.0,nan,0.0
-8.106009,40,1160.315864,0.0,1.0,-8.106009274261282,-8.106009274261282,0.0,0.0,0.0,1.0,0.06306819247744676,40,12.9142551233951,0.5153186390359329,1.7300539425368688,0.2675427719950676,0.09756901562213897,0.1174910843372345,0.0,nan,0.0
-7.745394,53,1162.458276,0.0,1.0,-7.745393772301779,-7.745393772301779,0.0,0.0,0.0,1.0,0.07235783524200727,53,14.999079862487529,0.5927771506851146,2.0,0.3208439085843428,0.09078308771241386,0.10965101224071575,0.0,nan,0.0
-7.576449,57,1163.448005,0.0,1.0,-7.5764490444217,-7.5764490444217,0.0,0.0,0.0,1.0,0.0694699051366518,57,13.097044786117246,0.6871176679220011,2.0,0.35679451938261064,0.1511150640353822,0.14309317396398177,0.0,nan,0.0
-8.132717,49,1164.221104,0.0,1.0,-8.132717028772648,-8.132717028772648,0.0,0.0,0.0,1.0,0.07022551246402785,49,13.208122062065224,1.0178471799176143,2.0,0.42255508534762326,0.11817993923109404,0.10727391924176898,0.0,nan,0.0
-7.875232,47,1164.868369,0.0,1.0,-7.875232463224841,-7.875232463224841,0.0,0.0,0.0,1.0,0.06912857495414267,47,13.778859960723372,0.5614965448671042,1.778858978745798,0.14982224461880136,0.11431185742642017,0.11024356902913844,0.0,nan,0.0
-8.421706,48,1165.65632,0.0,1.0,-8.421705687346531,-8.421705687346531,0.0,0.0,0.0,1.0,0.08450472385848891,48,13.686089828350632,0.39636431949629913,0.9755056812314539,0.25748073930541676,0.06497241059939067,0.085805743932724,0.0,nan,0.0
-9.222189,44,1166.334665,0.0,1.0,-9.222188997933776,-9.222188997933776,0.0,0.0,0.0,1.0,0.06887301098656766,44,13.0059292773219,0.5087128603967294,1.1459602846023305,0.0825901058587161,0.08988221125169234,0.11260948397896507,0.0,nan,0.0
-7.60514,52,1167.120773,0.0,1.0,-7.605140472996386,-7.605140472996386,0.0,0.0,0.0,1.0,0.06318010648508256,52,13.406294706228373,0.5198808003696742,0.9883937711441366,0.21819712680119735,0.09275453709639035,0.10929471368973072,0.0,nan,0.0
-7.634086,49,1168.022407,0.0,1.0,-7.634085865203333,-7.634085865203333,0.0,0.0,0.0,1.0,0.0815442757115456,49,13.626568156452747,0.40400389781556995,1.050893739650207,0.26565574079143756,0.11335889903866515,0.13376706230397128,0.0,nan,0.0
-8.659741,34,1168.536679,0.0,1.0,-8.659740958847538,-8.659740958847538,0.0,0.0,0.0,1.0,0.09325409000226098,34,10.627262996078526,1.1276196690905753,2.0,0.3439434985904133,0.17773736925686107,0.1669104169396793,0.0,nan,0.0
-8.057585,44,1169.147084,0.0,1.0,-8.057585451871434,-8.057585451871434,0.0,0.0,0.0,1.0,0.07463726420487792,44,14.277629642234997,0.996342081141303,2.0,0.39964154159480875,0.061001092195510864,0.08372836492278359,0.0,nan,0.0
-8.374326,42,1169.845635,0.0,1.0,-8.374326140403284,-8.374326140403284,0.0,0.0,0.0,1.0,0.07421178009276787,42,10.712865209766138,1.0980833899612705,2.0,0.38729002362205867,0.15278765701112293,0.17382289682115828,0.0,nan,0.0
-7.839672,48,1170.556143,0.0,1.0,-7.839672189639407,-7.839672189639407,0.0,0.0,0.0,1.0,0.061521750978908704,48,13.197223696242721,0.3943339944394639,1.3420389085660323,0.2257316658894221,0.06915742655595143,0.08999075988928477,0.0,nan,0.0
-8.245439,45,1171.212207,0.0,1.0,-8.24543932356464,-8.24543932356464,0.0,0.0,0.0,1.0,0.08621943471375852,45,10.45231422352507,1.1314829802141,2.0,0.5722629268964131,0.09305032094319661,0.10047059059143067,0.0,nan,0.0
-8.48645,35,1172.155964,0.0,1.0,-8.486449866911112,-8.486449866911112,0.0,0.0,0.0,1.0,0.07902438817169746,35,11.539424008275644,1.1435964869345672,2.0,0.36518722772598267,0.06827633040291922,0.09684775897434779,0.0,nan,0.0
-8.673395,37,1172.757005,0.0,1.0,-8.673395481103903,-8.673395481103903,0.0,0.0,0.0,1.0,0.06911633678425771,37,9.806172510985794,1.1492778803907857,2.0,0.38491888223467646,0.17324213401691332,0.20026916104394035,0.0,nan,0.0
-8.328062,45,1173.571226,0.0,1.0,-8.328061556664327,-8.328061556664327,0.0,0.0,0.0,1.0,0.10635909262501411,45,12.452066725987411,1.2686004032305678,2.0,0.5930113282468584,0.13862815433078343,0.15589303970336915,0.0,nan,0.0
-8.245452,41,1174.165766,0.0,1.0,-8.245451695621645,-8.245451695621645,0.0,0.0,0.0,1.0,0.09211318882887658,41,11.738941721780566,1.1842335638870027,2.0,0.4480954168773279,0.06584857440576321,0.09023881830820223,0.0,nan,0.0
-8.626673,32,1174.781729,0.0,1.0,-8.626673098272164,-8.626673098272164,0.0,0.0,0.0,1.0,0.09630134751180168,32,11.267932770641341,1.1168085026276187,2.0,0.26780085917562246,0.09800226613879204,0.12925226613879204,0.0,nan,0.0
-8.279155,41,1175.311,0.0,1.0,-8.279155092767093,-8.279155092767093,0.0,0.0,0.0,1.0,0.12014459859051821,41,13.062846557114776,1.2610886651177624,2.0,0.4596321299308684,0.0415964795321953,0.07204018860328489,0.0,nan,0.0
-7.630755,48,1176.123581,0.0,1.0,-7.630754536042587,-7.630754536042587,0.0,0.0,0.0,1.0,0.06553344876238126,48,13.896489358829827,0.4781446569379177,1.7340796326492187,0.21131583799918494,0.08768544594446818,0.10315415511528651,0.0,nan,0.0
-8.763675,45,1176.683543,0.0,1.0,-8.763674603346592,-8.763674603346592,0.0,0.0,0.0,1.0,0.08349857079562592,45,13.727101781413312,0.4396092214302221,0.9900409726866053,0.17475733227199977,0.08798450893825954,0.10220446586608886,0.0,nan,0.0
-8.393471,41,1177.307986,0.0,1.0,-8.39347105924036,-8.39347105924036,0.0,0.0,0.0,1.0,0.07454751536190626,41,12.967237189958643,0.9706425211994798,2.0,0.301644512066027,0.07412151301779397,0.0843625999078518,0.0,nan,0.0
-7.946363,43,1178.028241,0.0,1.0,-7.9463626831830965,-7.9463626831830965,0.0,0.0,0.0,1.0,0.06578092390383425,43,13.72730128963794,0.42898427795005356,1.0176809304535734,0.1465503032817397,0.08469561643378679,0.09498952710351279,0.0,nan,0.0
-8.511125,40,1180.501399,0.0,1.0,-8.511124841455182,-8.511124841455182,0.0,0.0,0.0,1.0,0.09246454767646363,40,11.591748781451326,1.2520526550466937,2.0,0.48689736127853395,0.025,0.05,0.0,nan,0.0
-8.589292,45,1181.252813,0.0,1.0,-8.58929165569555,-8.58929165569555,0.0,0.0,0.0,1.0,0.06386323145983089,45,13.48833881637746,0.38430840532043076,1.0109521939620316,0.19023996459113227,0.07721678680843777,0.09869450330734253,0.0,nan,0.0
-8.313176,42,1181.870352,0.0,1.0,-8.313176327914084,-8.313176327914084,0.0,0.0,0.0,1.0,0.07289984122551713,42,10.101726679398084,1.1817957557036696,2.0,0.4440086902607055,0.17320091951461064,0.20021873996371314,0.0,nan,0.0
-8.094986,51,1182.599776,0.0,1.0,-8.09498640094383,-8.09498640094383,0.0,0.0,0.0,1.0,0.12348721019269912,51,12.057190622892337,1.347442980125728,2.0,0.48708439340778426,0.09896476596009497,0.13708926649654612,0.0,nan,0.0
-7.876278,44,1183.263664,0.0,1.0,-7.876277848941347,-7.876277848941347,0.0,0.0,0.0,1.0,0.0656248475609469,44,13.196755204656261,0.5642743408185307,2.0,0.30665860934690997,0.076715580441735,0.09944285316900774,0.0,nan,0.0
-7.263737,52,1183.944989,0.0,1.0,-7.263737340918169,-7.263737340918169,0.0,0.0,0.0,1.0,0.06842964331119931,52,15.434075157958718,0.3826148173336007,0.9918385569987688,0.21092484834102485,0.029531646233338576,0.048762415464107804,0.0,nan,0.0
-7.82421,45,1184.768476,0.0,1.0,-7.824209518351259,-7.824209518351259,0.0,0.0,0.0,1.0,0.080889448461006,45,14.297912687306942,0.47868180160089024,1.4441194519319682,0.10823603471120198,0.07165103223588731,0.10020742151472303,0.0,nan,0.0
-8.248057,50,1185.542749,0.0,1.0,-8.248057185730469,-8.248057185730469,0.0,0.0,0.0,1.0,0.09033554099722363,50,11.038305108828986,1.0714911422729987,2.0,0.4960942679643631,0.21379540920257567,0.2253079080581665,0.0,nan,0.0
-7.69917,48,1186.247511,0.0,1.0,-7.699170205155541,-7.699170205155541,0.0,0.0,0.0,1.0,0.06795402995462609,48,13.858812644435936,0.7338266810411543,2.0,0.2821460372457902,0.08532597372929256,0.10615930706262589,0.0,nan,0.0
-7.735853,50,1187.009781,0.0,1.0,-7.7358525702444965,-7.7358525702444965,0.0,0.0,0.0,1.0,0.07224550294787105,50,12.644142228623345,0.3965394714991335,1.4128739633816376,0.27426536083221437,0.15336307525634765,0.1602677583694458,0.0,nan,0.0
-8.187491,44,1187.61166,0.0,1.0,-8.187491452519923,-8.187491452519923,0.0,0.0,0.0,1.0,0.10978785053808993,44,10.263959608637629,1.1018743775274378,2.0,0.4866975911638953,0.1504884578964927,0.1732157306237654,0.0,nan,0.0
-8.046947,45,1188.330332,0.0,1.0,-8.04694679249086,-8.04694679249086,0.0,0.0,0.0,1.0,0.11139746699691835,45,12.115819206314859,1.1314791085636176,2.0,0.35173849397235446,0.10928468969133165,0.10090197192298042,0.0,nan,0.0
-7.955795,47,1189.051898,0.0,1.0,-7.955795479119441,-7.955795479119441,0.0,0.0,0.0,1.0,0.08186918298120346,47,13.579583781568966,1.228263617838229,2.0,0.35697964404491667,0.09442887914941665,0.11570547489409751,0.0,nan,0.0
-8.187062,59,1190.079522,0.0,1.0,-8.187062040916404,-8.187062040916404,0.0,0.0,0.0,1.0,0.08109072085455632,59,13.667145945420817,0.8610298552210807,2.0,0.28430821430885184,0.16897393485247078,0.16654769444869735,0.0,nan,0.0
-7.893738,48,1190.838032,0.0,1.0,-7.893738446073071,-7.893738446073071,0.0,0.0,0.0,1.0,0.06682392651361035,48,12.965007396306982,0.40298688857413684,1.4702110384888438,0.2016080046693484,0.14014508575201035,0.14178258180618286,0.0,nan,0.0
-7.677741,53,1191.647345,0.0,1.0,-7.677740915033397,-7.677740915033397,0.0,0.0,0.0,1.0,0.05946717340061864,53,13.823900812748658,0.4860808095233077,1.0041436143320126,0.25615438650239186,0.09837196458060786,0.1370701295024944,0.0,nan,0.0
-8.135168,45,1192.339106,0.0,1.0,-8.13516785168944,-8.13516785168944,0.0,0.0,0.0,1.0,0.08898040850195696,45,13.24186766385325,1.2575667609285095,2.0,0.4006481415695614,0.12004840109083388,0.1273684024810791,0.0,nan,0.0
-7.602619,55,1193.136408,0.0,1.0,-7.602618801838897,-7.602618801838897,0.0,0.0,0.0,1.0,0.0692646418208208,55,12.716378459661296,0.43099333286759356,1.155724277260892,0.3420238722454418,0.09946049343455922,0.11764231161637739,0.0,nan,0.0
-8.276059,36,1193.713425,0.0,1.0,-8.276058993044762,-8.276058993044762,0.0,0.0,0.0,1.0,0.0772502289141549,36,13.019315753111263,1.0196054789563815,2.0,0.2837643325328827,0.17256425817807516,0.20034203595585293,0.0,nan,0.0
-8.096609,44,1194.446434,0.0,1.0,-8.096609447956975,-8.096609447956975,0.0,0.0,0.0,1.0,0.07834777805077145,44,14.348898296723673,0.9738548275027695,2.0,0.4060794182799079,0.10719324512915178,0.1051138314333829,0.0,nan,0.0
-8.311667,47,1195.270362,0.0,1.0,-8.311666803104423,-8.311666803104423,0.0,0.0,0.0,1.0,0.09331520185022957,47,11.828854000162208,1.105863448694302,2.0,0.44430973301542565,0.14797797608882823,0.1692545718335091,0.0,nan,0.0
-7.760356,48,1197.397813,0.0,1.0,-7.760356341259751,-7.760356341259751,0.0,0.0,0.0,1.0,0.08031307890363791,48,13.468596161910241,0.41684799667970873,1.601799059525223,0.2407129742205143,0.04346407949924469,0.055494241416454315,0.0,nan,0.0
-7.930186,49,1198.252107,0.0,1.0,-7.930185924948769,-7.930185924948769,0.0,0.0,0.0,1.0,0.06539553901337118,49,13.289501783397803,0.7210739801404809,2.0,0.294637819942163,0.08816705431256976,0.09763813018798828,0.0,nan,0.0
-8.402264,39,1198.9173,0.0,1.0,-8.402263592875087,-8.402263592875087,0.0,0.0,0.0,1.0,0.07640758290889701,39,10.591256732497213,1.1873000811654235,2.0,0.4289981669340378,0.17538851346725073,0.2148912869966947,0.0,nan,0.0
-8.707957,34,1199.465249,0.0,1.0,-8.707957176814677,-8.707957176814677,0.0,0.0,0.0,1.0,0.09122589430407094,34,10.014487939994108,1.203095558932709,2.0,0.5842901731238646,0.06708246820113238,0.08507250337039723,0.0,nan,0.0
-7.859345,58,1200.357821,0.0,1.0,-7.859345486672684,-7.859345486672684,0.0,0.0,0.0,1.0,0.07462043004469905,58,13.490375041580016,0.516073538611207,2.0,0.32617998739768717,0.09154901011236782,0.10452814554346018,0.0,nan,0.0
-8.649527,45,1201.063213,0.0,1.0,-8.649527330578952,-8.649527330578952,0.0,0.0,0.0,1.0,0.0660699599724702,45,13.00649401696,0.3696254208164159,0.9346386581616613,0.12942969269222684,0.1276175260543823,0.14983974827660454,0.0,nan,0.0
-8.520459,36,1201.596152,0.0,1.0,-8.520458881075495,-8.520458881075495,0.0,0.0,0.0,1.0,0.08315761008028605,36,10.708140614570057,1.0579614574214127,2.0,0.36951449596219593,0.15984746482637194,0.15023820267783272,0.0,nan,0.0
-8.282886,49,1202.320235,0.0,1.0,-8.282885719547654,-8.282885719547654,0.0,0.0,0.0,1.0,0.08611015733947315,49,11.337937400905748,1.3498667264091455,2.0,0.4644463664414931,0.18282410806539107,0.19314555002718556,0.0,nan,0.0
-7.77182,51,1203.167621,0.0,1.0,-7.771820344348136,-7.771820344348136,0.0,0.0,0.0,1.0,0.07106372863650363,51,12.888205072603403,0.46684571254642815,1.4996908338151798,0.31420718396411224,0.10220307696099375,0.12181092009824865,0.0,nan,0.0
-7.96632,48,1203.941261,0.0,1.0,-7.96631967806414,-7.96631967806414,0.0,0.0,0.0,1.0,0.08407600862737984,48,13.637188481094471,0.5100004123890003,1.495019315720315,0.22340013024707636,0.11288010329008102,0.11713053534428279,0.0,nan,0.0
-8.008275,45,1204.659044,0.0,1.0,-8.008275363677555,-8.008275363677555,0.0,0.0,0.0,1.0,0.0981165181385709,45,15.277009798160716,0.8628161838157183,2.0,0.32155257595909964,0.08267754448784723,0.10489976671006944,0.0,nan,0.0
-8.741811,34,1205.076827,0.0,1.0,-8.74181062269597,-8.74181062269597,0.0,0.0,0.0,1.0,0.10674970624378108,34,10.576744464625264,1.1927252246942577,2.0,0.3699318635113099,0.13837569426087773,0.1677874572136823,0.0,nan,0.0
-8.152854,39,1205.635038,0.0,1.0,-8.15285430824999,-8.15285430824999,0.0,0.0,0.0,1.0,0.10152506070255186,39,12.647143757755664,1.1454973435440854,2.0,0.34909482109240997,0.08084429838718513,0.10631658175052741,0.0,nan,0.0
-8.424233,36,1206.269706,0.0,1.0,-8.424232514266079,-8.424232514266079,0.0,0.0,0.0,1.0,0.10192760574659081,36,13.52746653890517,1.2353186816239035,2.0,0.3065100908279419,0.061018526554107666,0.08879630433188544,0.0,nan,0.0
-7.553341,58,1207.177754,0.0,1.0,-7.553340972382624,-7.553340972382624,0.0,0.0,0.0,1.0,0.06706726863639281,58,12.044353783398764,0.5234285706521293,1.8335078642824358,0.35146607766891347,0.15157050613699288,0.16881188441967143,0.0,nan,0.0
-7.446849,50,1207.817054,0.0,1.0,-7.446849481838387,-7.446849481838387,0.0,0.0,0.0,1.0,0.06676371274357062,50,14.51301021679426,0.42410067079708824,1.4087797981931884,0.2742366284132004,0.10246179103851319,0.09280578136444091,0.0,nan,0.0
-8.547814,35,1208.365202,0.0,1.0,-8.547814063922887,-8.547814063922887,0.0,0.0,0.0,1.0,0.0863671833563479,35,11.130871745327008,1.07298535614178,2.0,0.41233752795628137,0.0777712379183088,0.10111994062151228,0.0,nan,0.0
-7.815004,45,1209.078855,0.0,1.0,-7.8150040568798165,-7.8150040568798165,0.0,0.0,0.0,1.0,0.07239470434081972,45,13.857881389959966,0.49080334365161493,0.9956779274743127,0.19248669412400987,0.07989020612504748,0.1016455094019572,0.0,nan,0.0
-7.595762,50,1209.96418,0.0,1.0,-7.595761538832438,-7.595761538832438,0.0,0.0,0.0,1.0,0.06311803791223394,50,14.59516003778853,0.41679176918245503,1.035253378969868,0.3459617429971695,0.09771629810333252,0.12217168092727661,0.0,nan,0.0
-8.472685,45,1210.616348,0.0,1.0,-8.472685333775217,-8.472685333775217,0.0,0.0,0.0,1.0,0.09256180301623514,45,11.373780204119075,1.3701333648632146,2.0,0.4297779169347551,0.08072540230221219,0.10294762452443441,0.0,nan,0.0
-7.862437,44,1211.343326,0.0,1.0,-7.86243654803177,-7.86243654803177,0.0,0.0,0.0,1.0,0.0591200571980991,44,13.763784052300009,0.5176651071696766,1.1665599822370603,0.16676432436162775,0.06708576462485573,0.08981303735212846,0.0,nan,0.0
-8.467511,34,1211.950921,0.0,1.0,-8.467510691413446,-8.467510691413446,0.0,0.0,0.0,1.0,0.08108716307489028,34,11.619134470145719,1.1683590649198365,2.0,0.4933123299304177,0.08372190769980936,0.11205843616934384,0.0,nan,0.0
-7.753009,49,1212.724032,0.0,1.0,-7.753009188388948,-7.753009188388948,0.0,0.0,0.0,1.0,0.0802576685162603,49,13.080210564551251,0.9834845212599561,2.0,0.5689440722368202,0.06302187880691217,0.08058583493135413,0.0,nan,0.0
-8.366916,40,1213.461765,0.0,1.0,-8.366915714499779,-8.366915714499779,0.0,0.0,0.0,1.0,0.06182728297508246,40,12.02077916250805,0.8113876401973977,2.0,0.26778275296092036,0.12932210564613342,0.1543221056461334,0.0,nan,0.0
-8.375016,45,1215.400917,0.0,1.0,-8.375016341541993,-8.375016341541993,0.0,0.0,0.0,1.0,0.07983736010434951,45,11.15442325827947,1.1295873355165356,2.0,0.5165730012787713,0.03418868912590874,0.05641091134813097,0.0,nan,0.0
-8.634489,36,1216.060427,0.0,1.0,-8.63448880757902,-8.63448880757902,0.0,0.0,0.0,1.0,0.10643197715018023,36,10.318262660556883,1.2070645103513093,2.0,0.4870712078279919,0.0649874144130283,0.08827066752645704,0.0,nan,0.0
-7.745127,53,1216.857619,0.0,1.0,-7.7451270203772165,-7.7451270203772165,0.0,0.0,0.0,1.0,0.08745585745487604,53,13.111188781077155,0.49798713362864583,1.0494030727723493,0.2731224444677245,0.11079400890278367,0.13421151323138542,0.0,nan,0.0
-7.703915,51,1217.631831,0.0,1.0,-7.703915043535464,-7.703915043535464,0.0,0.0,0.0,1.0,0.06742075047340335,51,12.681595406468276,0.4753696559396673,1.4116025388410067,0.2644049934312409,0.1619110995647954,0.15935925642649332,0.0,nan,0.0
-7.725176,51,1218.422185,0.0,1.0,-7.725176214003211,-7.725176214003211,0.0,0.0,0.0,1.0,0.05982576099393682,51,13.784673603128594,0.6033572776992695,2.0,0.2778919210620955,0.17029733985078102,0.1810476920183967,0.0,nan,0.0
-8.317904,37,1218.986074,0.0,1.0,-8.317903901263591,-8.317903901263591,0.0,0.0,0.0,1.0,0.09349536118727989,37,11.536353644499297,1.1493981570113427,2.0,0.43583719392080567,0.0321202632543203,0.059147290281347326,0.0,nan,0.0
-7.654273,49,1219.799784,0.0,1.0,-7.654273493877227,-7.654273493877227,0.0,0.0,0.0,1.0,0.08826240801893741,49,13.837740459177649,0.4874975211759855,0.9987267992550747,0.21148898041978173,0.15371835718349536,0.1531319812852509,0.0,nan,0.0
-8.233156,39,1220.405227,0.0,1.0,-8.233156040022802,-8.233156040022802,0.0,0.0,0.0,1.0,0.08045396530233045,39,11.572794444805153,1.1575009797030034,2.0,0.4942499353335454,0.031359162086095564,0.05621881057054569,0.0,nan,0.0
-8.466046,45,1221.249199,0.0,1.0,-8.466045554719628,-8.466045554719628,0.0,0.0,0.0,1.0,0.09519218781271499,45,11.272476829925454,1.3321929845990328,2.0,0.47736965318520863,0.20410299566056994,0.20808453030056423,0.0,nan,0.0
-8.137399,44,1221.91488,0.0,1.0,-8.137398755832795,-8.137398755832795,0.0,0.0,0.0,1.0,0.09884907666128871,44,12.95907909345233,1.0577354105731052,2.0,0.3804023949937387,0.16619908538731662,0.16479920799081976,0.0,nan,0.0
-7.904624,55,1222.711941,0.0,1.0,-7.9046239643166905,-7.9046239643166905,0.0,0.0,0.0,1.0,0.08802597146390595,55,12.291212495609573,1.0931510642876077,2.0,0.45505818453702057,0.16757208000529897,0.1786806800148704,0.0,nan,0.0
-7.752862,53,1223.480435,0.0,1.0,-7.7528623123064815,-7.7528623123064815,0.0,0.0,0.0,1.0,0.11315174624117105,53,13.107094045292724,1.3338603065481927,2.0,0.5697331105200749,0.15039494802367012,0.169262872551972,0.0,nan,0.0
-6.699305,65,1224.406947,0.0,1.0,-6.699304733923464,-6.699304733923464,0.0,0.0,0.0,1.0,0.07553860081498666,65,14.076843020660942,0.6005388506330551,1.8745387722301066,0.37726079133840706,0.1370422069842999,0.13397404047159048,0.0,nan,0.0
-8.177912,42,1225.11018,0.0,1.0,-8.177912157206434,-8.177912157206434,0.0,0.0,0.0,1.0,0.08640804569607939,42,11.066021113926386,0.7645324215157627,2.0,0.4114391129641306,0.09670313199361165,0.11853901829038348,0.0,nan,0.0
-8.630885,34,1225.769717,0.0,1.0,-8.630885118844713,-8.630885118844713,0.0,0.0,0.0,1.0,0.07186965385154741,34,11.258977710905125,1.1433349935499781,2.0,0.40986862953971415,0.10744420570485733,0.1362462324254653,0.0,nan,0.0
-7.946692,44,1226.447215,0.0,1.0,-7.946691807612732,-7.946691807612732,0.0,0.0,0.0,1.0,0.08522069263774623,44,13.991377972254304,0.45161108202830164,0.9665849925558624,0.1821239942854101,0.08357954567128961,0.10630681839856235,0.0,nan,0.0
-8.452732,37,1227.054088,0.0,1.0,-8.452732097466587,-8.452732097466587,0.0,0.0,0.0,1.0,0.11034652487136205,37,10.370945938538288,1.200008141760165,2.0,0.5762796869149079,0.14391893953890414,0.17094596656593117,0.0,nan,0.0
-7.584339,48,1227.807434,0.0,1.0,-7.584339105696757,-7.584339105696757,0.0,0.0,0.0,1.0,0.07552762006161093,48,14.5651904870298,0.5268485865971907,2.0,0.3056156386931737,0.09315982460975647,0.09360955655574799,0.0,nan,0.0
-7.732952,48,1228.588748,0.0,1.0,-7.732951509690537,-7.732951509690537,0.0,0.0,0.0,1.0,0.0736517062007149,48,13.587540148995204,0.47914514846051603,1.4284226817679286,0.199838658173879,0.05379888415336609,0.07574283828337987,0.0,nan,0.0
-8.168226,53,1229.280998,0.0,1.0,-8.16822586983249,-8.16822586983249,0.0,0.0,0.0,1.0,0.07668635800990026,53,11.844374474247351,0.9648313958830934,2.0,0.5022623803255692,0.1077899842892053,0.1266579088175072,0.0,nan,0.0
-7.962986,41,1229.93904,0.0,1.0,-7.962986231844202,-7.962986231844202,0.0,0.0,0.0,1.0,0.07696392051750775,41,11.812687429902955,0.5410947067941717,1.8128609825082491,0.44886440910944125,0.090457706916623,0.11484795081906202,0.0,nan,0.0
-7.174455,65,1232.343152,0.0,1.0,-7.174455406690436,-7.174455406690436,0.0,0.0,0.0,1.0,0.07774794736567404,65,13.45079228784393,0.5466657281044688,2.0,0.3675115787065946,0.09256252692295955,0.10672265933110164,0.0,nan,0.0
-7.198705,57,1233.384979,0.0,1.0,-7.198704896578615,-7.198704896578615,0.0,0.0,0.0,1.0,0.09060589660038873,57,14.23487823801556,0.4270356647248752,0.998498533557366,0.34839204319736417,0.05866547425587972,0.07166330437911184,0.0,nan,0.0
-7.370316,53,1234.176799,0.0,1.0,-7.370315860035394,-7.370315860035394,0.0,0.0,0.0,1.0,0.08849764974705632,53,14.588298421173237,0.44569808074302325,1.2181840065801977,0.286434032444684,0.1525271546165898,0.14615512119149263,0.0,nan,0.0
-8.157536,52,1234.901168,0.0,1.0,-8.157536318896781,-8.157536318896781,0.0,0.0,0.0,1.0,0.12326005852769653,52,11.265623961634065,1.3303610117549913,2.0,0.6338396826042578,0.11962809470983651,0.11771688094505897,0.0,nan,0.0
-7.211408,50,1235.627645,0.0,1.0,-7.211408284098889,-7.211408284098889,0.0,0.0,0.0,1.0,0.08392422515243651,50,13.63790291351439,0.6385147972509236,2.0,0.38442844212055205,0.11611846923828124,0.12980741500854492,0.0,nan,0.0
-7.677153,45,1236.363065,0.0,1.0,-7.677153148618103,-7.677153148618103,0.0,0.0,0.0,1.0,0.07442443215280416,45,13.341770372314691,0.9991383323508635,2.0,0.5209667162762748,0.09881561597188314,0.12309269905090332,0.0,nan,0.0
-8.206886,50,1237.25339,0.0,1.0,-8.206886253261127,-8.206886253261127,0.0,0.0,0.0,1.0,0.07797635679802335,50,12.872045988528866,0.8919890714077234,2.0,0.40756124317646025,0.18776374101638793,0.19619890689849853,0.0,nan,0.0
-8.451261,39,1237.954281,0.0,1.0,-8.45126127750231,-8.45126127750231,0.0,0.0,0.0,1.0,0.09438512772872072,39,10.117750490274567,1.1131462579310554,2.0,0.4789278637140225,0.2206894006484594,0.22590857591384497,0.0,nan,0.0
-8.115782,42,1238.669598,0.0,1.0,-8.115781781824094,-8.115781781824094,0.0,0.0,0.0,1.0,0.11041578919749781,42,13.953527430631352,1.2596027031002108,2.0,0.4231527866352172,0.09750213935261681,0.12131166316214062,0.0,nan,0.0
-8.223119,39,1239.214597,0.0,1.0,-8.223119041996881,-8.223119041996881,0.0,0.0,0.0,1.0,0.10430879058560194,39,11.27393778634318,1.1689578654485036,2.0,0.48425956949209553,0.16771027063712096,0.19224202327239207,0.0,nan,0.0
-7.184627,63,1240.196102,0.0,1.0,-7.184626882890611,-7.184626882890611,0.0,0.0,0.0,1.0,0.0700575405914035,63,13.881728104880535,0.49790227907630125,0.9886285192224967,0.3225036670291235,0.05467782701764788,0.06703689174046593,0.0,nan,0.0
-7.999872,43,1240.908237,0.0,1.0,-7.999871727965579,-7.999871727965579,0.0,0.0,0.0,1.0,0.08590571487007433,43,11.391202852144934,1.016082468691652,2.0,0.44046495750892994,0.1637838136318118,0.16411202175672665,0.0,nan,0.0
-8.29747,37,1241.413657,0.0,1.0,-8.297470473431963,-8.297470473431963,0.0,0.0,0.0,1.0,0.09543026730456727,37,12.360300586398333,1.1729071665188264,2.0,0.39748420747550756,0.08127535678244927,0.11331054487743893,0.0,nan,0.0
-7.796823,43,1242.162826,0.0,1.0,-7.796823061799494,-7.796823061799494,0.0,0.0,0.0,1.0,0.09160336304729229,43,11.984605601495304,0.6878388458485115,2.0,0.4656639563482861,0.11454376231792361,0.13532967900120935,0.0,nan,0.0
-7.63689,45,1242.897922,0.0,1.0,-7.636889781540981,-7.636889781540981,0.0,0.0,0.0,1.0,0.09792260593428131,45,12.247663107444833,0.7721070637111733,2.0,0.4648834307988485,0.1783764150407579,0.20059863726298013,0.0,nan,0.0
-8.840736,48,1243.692928,0.0,1.0,-8.840736309689916,-8.840736309689916,0.0,0.0,0.0,1.0,0.08651621733050888,48,13.512417416587985,0.42946666750781004,0.9646465598987284,0.298475943505764,0.05136755108833313,0.06705474853515625,0.0,nan,0.0
-7.489155,61,1244.740173,0.0,1.0,-7.489154784647395,-7.489154784647395,0.0,0.0,0.0,1.0,0.06225839985079839,61,12.110303282070367,0.4054750603542568,1.4171209348848088,0.33392834712247377,0.16485874770117587,0.17167920753604077,0.0,nan,0.0
-8.501036,36,1245.224879,0.0,1.0,-8.501035982356328,-8.501035982356328,0.0,0.0,0.0,1.0,0.07934226821806611,36,11.358077655073364,1.151124429367764,2.0,0.4700326952669356,0.12645534343189663,0.13883780439694723,0.0,nan,0.0
-7.952158,51,1245.993657,0.0,1.0,-7.952158267585961,-7.952158267585961,0.0,0.0,0.0,1.0,0.07234089515437737,51,13.134855682617081,0.4519463169048549,0.9832176350647057,0.29257484919884624,0.14066195487976074,0.1495919519779729,0.0,nan,0.0
-8.332377,42,1246.672483,0.0,1.0,-8.332376658389391,-8.332376658389391,0.0,0.0,0.0,1.0,0.10282762870334639,42,11.929563289607628,1.0663372193412097,2.0,0.3001438904376257,0.136366225424267,0.16801021780286515,0.0,nan,0.0
-8.198393,56,1247.479025,0.0,1.0,-8.198392787382838,-8.198392787382838,0.0,0.0,0.0,1.0,0.1362066777183229,56,9.434740629943219,1.3342042925847823,2.0,0.6661764931465898,0.15415482010160172,0.13963894971779414,0.0,nan,0.0
-8.44146,38,1248.147738,0.0,1.0,-8.441459605092206,-8.441459605092206,0.0,0.0,0.0,1.0,0.11546557622577025,38,11.251990039034148,1.2062662236511041,2.0,0.5742548955114264,0.16427834096707797,0.16791549481843648,0.0,nan,0.0
-8.281516,38,1250.308964,0.0,1.0,-8.28151573457538,-8.28151573457538,0.0,0.0,0.0,1.0,0.07449723092845383,38,10.85092457284543,1.137260353082923,2.0,0.4872969820311195,0.13580975720756933,0.15877708322123477,0.0,nan,0.0
-7.980064,43,1250.852371,0.0,1.0,-7.980064100818497,-7.980064100818497,0.0,0.0,0.0,1.0,0.09356684232670924,43,11.139200867132132,1.0601772031423975,2.0,0.4891617246145426,0.2574500788089841,0.22174836591232655,0.0,nan,0.0
-7.757977,47,1251.691012,0.0,1.0,-7.757976652323647,-7.757976652323647,0.0,0.0,0.0,1.0,0.0629933237244312,47,13.589103964704316,0.3933483534212715,1.1689287262303618,0.20541244618436125,0.07488096013982246,0.09305056105268762,0.0,nan,0.0
-7.831991,42,1252.440339,0.0,1.0,-7.831990844625851,-7.831990844625851,0.0,0.0,0.0,1.0,0.07208589169078598,42,12.008988581939084,0.9533854172304166,2.0,0.5388728295053754,0.05672351519266764,0.08054309231894356,0.0,nan,0.0
-7.057333,68,1253.304353,0.0,1.0,-7.057333349330609,-7.057333349330609,0.0,0.0,0.0,1.0,0.06849089185104035,68,14.203059298765456,0.5019622601941931,0.992741408813353,0.3778502695700702,0.10879934359999265,0.120237995596493,0.0,nan,0.0
-6.738829,62,1254.374456,0.0,1.0,-6.738829277231469,-6.738829277231469,0.0,0.0,0.0,1.0,0.07560376107686571,62,13.399451270561501,0.40016458406555366,1.3062869343423842,0.4640259415872635,0.1721158835195726,0.17721589149967318,0.0,nan,0.0
-7.965771,49,1255.19308,0.0,1.0,-7.965770569259709,-7.965770569259709,0.0,0.0,0.0,1.0,0.09279547036475652,49,12.990475781024132,1.1337322048659637,2.0,0.38440871512403296,0.21780628087569257,0.21865087869215985,0.0,nan,0.0
-7.929114,41,1255.732287,0.0,1.0,-7.929113853968458,-7.929113853968458,0.0,0.0,0.0,1.0,0.08766692281391535,41,11.557721798475928,0.6437722013116359,2.0,0.33301733179790216,0.1936244092336515,0.19559445613768042,0.0,nan,0.0
-7.896038,56,1256.596033,0.0,1.0,-7.896038022282472,-7.896038022282472,0.0,0.0,0.0,1.0,0.10570751322122127,56,10.824056822300706,1.1645226079610234,2.0,0.5674860770148891,0.2556976910148348,0.25777829757758547,0.0,nan,0.0
-7.711901,55,1257.436822,0.0,1.0,-7.71190138655306,-7.71190138655306,0.0,0.0,0.0,1.0,0.06594725299119851,55,14.104949571595306,0.5066486086136933,0.9860293427591487,0.28877273147756405,0.15561652400276876,0.17146222374655984,0.0,nan,0.0
-7.291241,51,1258.141249,0.0,1.0,-7.291240533763609,-7.291240533763609,0.0,0.0,0.0,1.0,0.07446328622656405,51,14.15427699039234,0.5095987173100339,1.4981600317775234,0.2096954724367927,0.10368606857225007,0.11781470448363061,0.0,nan,0.0
-7.652491,57,1258.931674,0.0,1.0,-7.6524911645037665,-7.6524911645037665,0.0,0.0,0.0,1.0,0.06811430017810406,57,11.606733445769656,0.4876394453503112,1.0966284855429003,0.38302977722987797,0.21201246767713314,0.22814606574543736,0.0,nan,0.0
-7.878945,52,1259.816214,0.0,1.0,-7.878944702961682,-7.878944702961682,0.0,0.0,0.0,1.0,0.11152890844012013,52,11.508008878725153,1.282512427879311,2.0,0.6213181465864182,0.12136604464971103,0.13617356006915754,0.0,nan,0.0
-7.36835,53,1260.611349,0.0,1.0,-7.368349690268934,-7.368349690268934,0.0,0.0,0.0,1.0,0.09236269689814999,53,15.247099322492552,0.41748397944986587,0.9762253628455679,0.3573834569949024,0.08741940417379704,0.10628732870209892,0.0,nan,0.0
-7.522448,45,1261.350373,0.0,1.0,-7.522447775869608,-7.522447775869608,0.0,0.0,0.0,1.0,0.07521501707026189,45,13.265656026616707,0.559816547319155,1.9965698087683077,0.3495845205254025,0.09258162975311279,0.0745875808927748,0.0,nan,0.0
-7.029044,52,1262.185791,0.0,1.0,-7.029043728379241,-7.029043728379241,0.0,0.0,0.0,1.0,0.08207644034393384,52,12.678134713222594,0.9361731274227636,2.0,0.49436912399071914,0.09037730097770691,0.09458536597398612,0.0,nan,0.0
-8.43707,36,1262.681212,0.0,1.0,-8.437070236768303,-8.437070236768303,0.0,0.0,0.0,1.0,0.09797473311748967,36,10.921942505475974,1.1282975339453156,2.0,0.42290402948856354,0.0987310806910197,0.12370895014868842,0.0,nan,0.0
-8.120973,48,1263.454355,0.0,1.0,-8.12097317635012,-8.12097317635012,0.0,0.0,0.0,1.0,0.1263114286137968,48,11.845491060276373,1.2073647164710912,2.0,0.48301472421735525,0.15004701167345047,0.14613967388868332,0.0,nan,0.0
-7.711557,41,1264.1365,0.0,1.0,-7.711556710025693,-7.711556710025693,0.0,0.0,0.0,1.0,0.08288682800868095,41,12.075273799147975,0.9337157397053634,2.0,0.3979022575587761,0.08092200465318633,0.10118604287868593,0.0,nan,0.0
-7.069345,71,1265.098167,0.0,1.0,-7.069344884427149,-7.069344884427149,0.0,0.0,0.0,1.0,0.0693405052782868,71,12.788578711514676,0.5125654160412062,1.5520574980989665,0.308999477137982,0.21968907201793833,0.21137405449235944,0.0,nan,0.0
-7.493556,59,1267.440088,0.0,1.0,-7.493556089038589,-7.493556089038589,0.0,0.0,0.0,1.0,0.1276592029773385,59,12.240360810730683,1.1685487632527845,2.0,0.5565888242701352,0.09836287417654264,0.11531202671891552,0.0,nan,0.0
-8.314924,43,1268.146133,0.0,1.0,-8.314923679973475,-8.314923679973475,0.0,0.0,0.0,1.0,0.10046049215846839,43,12.811904112958576,1.2001548444180432,2.0,0.4199606918318327,0.08306631099346072,0.10632212494694909,0.0,nan,0.0
-7.931947,54,1269.016751,0.0,1.0,-7.93194710827583,-7.93194710827583,0.0,0.0,0.0,1.0,0.09973437871968245,54,9.05104700321018,1.092714619159193,2.0,0.5047261450025771,0.29330917640968607,0.295222885078854,0.0,nan,0.0
-7.854888,44,1269.661521,0.0,1.0,-7.854887529959125,-7.854887529959125,0.0,0.0,0.0,1.0,0.06469888053548925,44,13.84778904099124,0.5196374544589719,1.803030688748719,0.4139919179407033,0.05337141860615124,0.07609869133342397,0.0,nan,0.0
-7.77464,57,1270.64803,0.0,1.0,-7.7746395636734835,-7.7746395636734835,0.0,0.0,0.0,1.0,0.13727977882974915,57,13.081068298292838,1.3855765118176016,2.0,0.5979062590682716,0.18352533432475307,0.18701721492566561,0.0,nan,0.0
-8.328737,47,1271.330771,0.0,1.0,-8.328736639713828,-8.328736639713828,0.0,0.0,0.0,1.0,0.07005528492969187,47,14.562066979381429,0.4793673401150023,0.9758186435174147,0.2838679805715033,0.07049097406103257,0.08689936678460304,0.0,nan,0.0
-8.311568,48,1272.091889,0.0,1.0,-8.311567724540467,-8.311567724540467,0.0,0.0,0.0,1.0,0.133457062243189,48,11.686195832874825,1.3613722346042474,2.0,0.5133482223997513,0.19738064954678217,0.17454871286948523,0.0,nan,0.0
-8.441301,39,1272.654487,0.0,1.0,-8.441300594459008,-8.441300594459008,0.0,0.0,0.0,1.0,0.14274187372899366,39,14.06429104605114,1.2652835266479094,2.0,0.29753234562201375,0.11188663580478767,0.12889984937814566,0.0,nan,0.0
-8.350388,52,1273.437258,0.0,1.0,-8.350388145762938,-8.350388145762938,0.0,0.0,0.0,1.0,0.13309149882012708,52,10.745467457976208,1.3059402809528153,2.0,0.5340120273713882,0.208944531587454,0.17016671483333295,0.0,nan,0.0
-8.625862,51,1274.231364,0.0,1.0,-8.625861998477744,-8.625861998477744,0.0,0.0,0.0,1.0,0.062132712786452785,51,12.61411461504383,0.4683983578300583,1.0110414819167366,0.27185559272766113,0.0997071149302464,0.1193149580675013,0.0,nan,0.0
-7.171566,49,1274.913951,0.0,1.0,-7.171565620162735,-7.171565620162735,0.0,0.0,0.0,1.0,0.08434218119878564,49,12.566528819152403,0.8492553897674042,2.0,0.4739049210840342,0.16052950158411142,0.1654567523878448,0.0,nan,0.0
-7.679388,59,1275.80779,0.0,1.0,-7.679388182616561,-7.679388182616561,0.0,0.0,0.0,1.0,0.07129996625146535,59,13.900218688112,0.6584837661631359,2.0,0.3213553514521001,0.11214376304109218,0.11009764671325684,0.0,nan,0.0
-8.01437,40,1276.399832,0.0,1.0,-8.014369794687001,-8.014369794687001,0.0,0.0,0.0,1.0,0.08315196221868144,40,12.171663853950774,0.9355154220584267,2.0,0.3675839640200138,0.11370381116867065,0.12858280539512634,0.0,nan,0.0
-7.745897,56,1277.218833,0.0,1.0,-7.74589677998025,-7.74589677998025,0.0,0.0,0.0,1.0,0.07745753787268951,56,13.737860291546221,0.4799478567623092,0.9813479982624297,0.27520848544580595,0.1455603220633098,0.14998597971030644,0.0,nan,0.0
-8.395185,39,1277.87338,0.0,1.0,-8.395185032862042,-8.395185032862042,0.0,0.0,0.0,1.0,0.07727112614782074,39,12.44517377476669,1.2019177842178117,2.0,0.43488052640205777,0.05091843543908535,0.076559461080111,0.0,nan,0.0
-8.217179,41,1278.588213,0.0,1.0,-8.2171790891411,-8.2171790891411,0.0,0.0,0.0,1.0,0.09800183859840458,41,11.718446509328132,1.2136637154597802,2.0,0.4201089456313994,0.08303684723086474,0.10742709113330376,0.0,nan,0.0
-7.503714,65,1279.518749,0.0,1.0,-7.503714158570265,-7.503714158570265,0.0,0.0,0.0,1.0,0.08857902080183394,65,12.279303146738073,0.5485969721803726,1.4042366883798192,0.43385993379812976,0.14762726930471567,0.16301188468933106,0.0,nan,0.0
-7.392872,56,1280.400384,0.0,1.0,-7.3928717230217345,-7.3928717230217345,0.0,0.0,0.0,1.0,0.08614227816677411,56,12.696425156920768,0.5056096009560009,1.078542438645443,0.36094156546252115,0.18416388758591243,0.17919813522270747,0.0,nan,0.0
-7.773038,41,1281.040553,0.0,1.0,-7.773038120105456,-7.773038120105456,0.0,0.0,0.0,1.0,0.10221933903072364,41,11.478626701192594,0.9775027832746884,2.0,0.5434175649794136,0.1534537425855311,0.17784398648797012,0.0,nan,0.0
-8.628309,38,1281.529619,0.0,1.0,-8.628308759098068,-8.628308759098068,0.0,0.0,0.0,1.0,0.0921335857713986,38,9.636216842622233,1.2131971735184028,2.0,0.5858088543540553,0.1613080344702068,0.18700234513533742,0.0,nan,0.0
-7.792753,56,1282.485307,0.0,1.0,-7.79275347264264,-7.79275347264264,0.0,0.0,0.0,1.0,0.07854173195643069,56,12.5020443939504,0.9809565983278273,2.0,0.4177949604179178,0.12801960962159292,0.13936359754630498,0.0,nan,0.0
-7.662235,49,1284.580113,0.0,1.0,-7.66223524209925,-7.66223524209925,0.0,0.0,0.0,1.0,0.08330117633909205,49,12.527823368485302,0.7008121437297832,2.0,0.5000849171560637,0.09201067077870272,0.09188123868436229,0.0,nan,0.0
-7.790579,44,1285.28518,0.0,1.0,-7.7905793995304045,-7.7905793995304045,0.0,0.0,0.0,1.0,0.08210419115011319,44,13.392582980666607,0.7920372795047725,2.0,0.4371071322397752,0.09483860297636552,0.11756587570363825,0.0,nan,0.0
-8.607097,36,1285.765495,0.0,1.0,-8.607096962917518,-8.607096962917518,0.0,0.0,0.0,1.0,0.09773455863815586,36,10.833700128445312,1.179874141450139,2.0,0.4781831627090772,0.16710964176389906,0.19872617059283787,0.0,nan,0.0
-7.962459,53,1286.675972,0.0,1.0,-7.962459128058148,-7.962459128058148,0.0,0.0,0.0,1.0,0.11301663875582645,53,11.65056759949673,1.2955285649835988,2.0,0.44402083867001085,0.21453857871721377,0.2361096053753259,0.0,nan,0.0
-7.864554,54,1287.36408,0.0,1.0,-7.864553843326474,-7.864553843326474,0.0,0.0,0.0,1.0,0.12537596896552983,54,12.331924153987911,1.2649617216438829,2.0,0.47846784470257936,0.14337368143929374,0.1708695579458166,0.0,nan,0.0
-7.760058,42,1288.043977,0.0,1.0,-7.760058153756324,-7.760058153756324,0.0,0.0,0.0,1.0,0.10139885679035428,42,11.176191977486928,0.9695838121493763,2.0,0.4420712650531814,0.18750564824967159,0.16169987406049455,0.0,nan,0.0
-5.915544,75,1289.286191,0.0,1.0,-5.915544326774205,-5.915544326774205,0.0,0.0,0.0,1.0,0.08750766186809132,75,14.889567214903158,0.5193733214682332,1.8731030800511983,0.38289374033610024,0.20099324226379395,0.18256618499755858,0.0,nan,0.0
-7.004353,56,1290.038451,0.0,1.0,-7.004352886094134,-7.004352886094134,0.0,0.0,0.0,1.0,0.08934355543429011,56,11.710654612247856,1.0102725486166038,2.0,0.6272601849798646,0.10179708685193743,0.11965422970908028,0.0,nan,0.0
-7.357518,68,1290.99634,0.0,1.0,-7.357518230142269,-7.357518230142269,0.0,0.0,0.0,1.0,0.07313698801771655,68,11.554630977087076,0.45609116263399185,1.6047305890119774,0.36531595184522514,0.21024535859332366,0.21796731913790984,0.0,nan,0.0
-8.194306,49,1291.660262,0.0,1.0,-8.194305552578477,-8.194305552578477,0.0,0.0,0.0,1.0,0.15507444838588877,49,10.573818765895432,1.3294489883407263,2.0,0.5740293896928126,0.206204354763031,0.21142916533411765,0.0,nan,0.0
-8.089996,49,1292.475273,0.0,1.0,-8.08999566423603,-8.08999566423603,0.0,0.0,0.0,1.0,0.17016400145367064,49,12.992691367034391,1.353298143520713,2.0,0.5643584883334686,0.24682479488606357,0.17397089637055688,0.0,nan,0.0
-7.159778,65,1293.446668,0.0,1.0,-7.159778313031899,-7.159778313031899,0.0,0.0,0.0,1.0,0.08630457704773128,65,13.477627628136052,0.4318407587289831,1.494037181748634,0.233937492278906,0.20242728820213904,0.17200101889096775,0.0,nan,0.0
-7.497567,48,1294.009261,0.0,1.0,-7.497566804034729,-7.497566804034729,0.0,0.0,0.0,1.0,0.06811330508791873,48,13.227481840662266,0.4846318438206556,1.4785541041666546,0.4455368717511495,0.1164534439643224,0.13553165396054587,0.0,nan,0.0
-7.187004,62,1294.852459,0.0,1.0,-7.187003735271975,-7.187003735271975,0.0,0.0,0.0,1.0,0.09496079797455613,62,12.226322151939394,0.5584953444964333,1.7244386478586877,0.4021187203545724,0.16073743470253482,0.19415476245264854,0.0,nan,0.0
-7.467547,45,1295.556339,0.0,1.0,-7.46754719801393,-7.46754719801393,0.0,0.0,0.0,1.0,0.10478658840063647,45,12.346680697879359,0.988279144313763,2.0,0.5021382722589705,0.19572122097015382,0.227296953731113,0.0,nan,0.0
-8.461775,43,1296.176666,0.0,1.0,-8.461775392123599,-8.461775392123599,0.0,0.0,0.0,1.0,0.07395805213369419,43,10.731811964945376,1.2270612738562043,2.0,0.6354769842569218,0.2224958996440089,0.1935659508372462,0.0,nan,0.0
-7.741487,41,1296.760362,0.0,1.0,-7.7414871721255984,-7.7414871721255984,0.0,0.0,0.0,1.0,0.06939588055421213,41,13.003075704558269,0.6641172834163255,2.0,0.3797891612459974,0.11364356482901224,0.11902933876688887,0.0,nan,0.0
-7.902469,51,1297.440635,0.0,1.0,-7.902469249043994,-7.902469249043994,0.0,0.0,0.0,1.0,0.0688927003597135,51,11.115446001657155,0.708549354436567,2.0,0.4011034509714912,0.2332894708596024,0.2358434667774275,0.0,nan,0.0
-7.655844,46,1298.113003,0.0,1.0,-7.655843954803043,-7.655843954803043,0.0,0.0,0.0,1.0,0.07261621213586164,46,13.308812293477326,0.834393448475433,2.0,0.4142235637358997,0.16468608897665274,0.1852623120598171,0.0,nan,0.0
-7.333974,62,1299.037385,0.0,1.0,-7.333973764112806,-7.333973764112806,0.0,0.0,0.0,1.0,0.07885348112802608,62,14.665568382490832,0.619728737878692,2.0,0.2813289809611536,0.10714715334676927,0.10981713379583051,0.0,nan,0.0
-7.921175,51,1301.055569,0.0,1.0,-7.921174963656528,-7.921174963656528,0.0,0.0,0.0,1.0,0.11690796019976635,51,10.731735503616534,1.2573622539535843,2.0,0.6014851302492852,0.20681648745256312,0.18096848328908285,0.0,nan,0.0
-7.995876,62,1301.958299,0.0,1.0,-7.995875645682507,-7.995875645682507,0.0,0.0,0.0,1.0,0.12118344436862487,62,10.173090176863045,1.4346494100297194,2.0,0.7082558233411081,0.16402821771560178,0.17345854736143543,0.0,nan,0.0
-8.29088,63,1302.808968,0.0,1.0,-8.290880000414077,-8.290880000414077,0.0,0.0,0.0,1.0,0.06380977424504879,63,11.93867134566614,0.40387772410043815,0.9899409825580253,0.4119490484396617,0.15979787943855164,0.1681010779880342,0.0,nan,0.0
-7.392353,65,1303.900467,0.0,1.0,-7.392353114873748,-7.392353114873748,0.0,0.0,0.0,1.0,0.07294904849017667,65,12.871539490787605,0.43164087166933196,0.9680427300454756,0.3173297487772428,0.13307212132673998,0.14793477792006274,0.0,nan,0.0
-8.370515,52,1304.617708,0.0,1.0,-8.370515325388617,-8.370515325388617,0.0,0.0,0.0,1.0,0.1776269143960971,52,11.635074114297785,1.4094408175292683,2.0,0.5425815106584475,0.11425384191366342,0.14777394441457894,0.0,nan,0.0
-7.834449,63,1305.591653,0.0,1.0,-7.834449022312902,-7.834449022312902,0.0,0.0,0.0,1.0,0.15058923134392044,63,11.371196685306238,1.3957214873480264,2.0,0.5531319084148558,0.20288161058274526,0.1885336675341167,0.0,nan,0.0
-7.051645,58,1306.266148,0.0,1.0,-7.051645207719147,-7.051645207719147,0.0,0.0,0.0,1.0,0.08884473947365501,58,11.206526468365901,0.9601865664774207,2.0,0.5847531333565712,0.2116056022972896,0.18740361312340045,0.0,nan,0.0
-8.024452,49,1307.001337,0.0,1.0,-8.0244518636904,-8.0244518636904,0.0,0.0,0.0,1.0,0.14576192768839946,49,10.440725064358118,1.1614022773297064,2.0,0.4352190593371586,0.28303384051030994,0.2771974376269749,0.0,nan,0.0
-7.203643,53,1307.767222,0.0,1.0,-7.203642614291999,-7.203642614291999,0.0,0.0,0.0,1.0,0.06898123408645412,53,13.904913231932337,0.5192621863150856,1.3512164902360724,0.3805431971010172,0.06244517497296603,0.09215990777285595,0.0,nan,0.0
-8.32007,46,1308.427982,0.0,1.0,-8.320069757410844,-8.320069757410844,0.0,0.0,0.0,1.0,0.09483948057932684,46,11.320762313618753,1.3206058332761481,2.0,0.4613474053533181,0.21594441714494125,0.22419224614682404,0.0,nan,0.0
-8.180982,43,1309.062185,0.0,1.0,-8.180982087454238,-8.180982087454238,0.0,0.0,0.0,1.0,0.12407434375069963,43,11.55033454464347,1.1606459672896405,2.0,0.4974956644135852,0.20263391871785008,0.24550121052320614,0.0,nan,0.0
-7.614307,61,1309.954053,0.0,1.0,-7.614306726318407,-7.614306726318407,0.0,0.0,0.0,1.0,0.1961032038749853,61,15.223593003970352,1.4386442115076337,2.0,0.5186630194304419,0.14022874245878125,0.15167991450575533,0.0,nan,0.0
-8.277272,54,1310.822726,0.0,1.0,-8.277271728136402,-8.277271728136402,0.0,0.0,0.0,1.0,0.11950078231210551,54,10.699667172647594,1.3862788813862148,2.0,0.5475015022136547,0.28952933682335746,0.2634022081339801,0.0,nan,0.0
-7.185062,52,1311.532967,0.0,1.0,-7.185062406031056,-7.185062406031056,0.0,0.0,0.0,1.0,0.10607072527296418,52,10.660204354199145,0.9011681406773502,2.0,0.510506423906638,0.2659691251241244,0.23963335844186637,0.0,nan,0.0
-6.318337,54,1312.447146,0.0,1.0,-6.318336965964592,-6.318336965964592,0.0,0.0,0.0,1.0,0.09902718528768605,54,13.116782613127485,1.0433488428812479,2.0,0.6177067720779666,0.1768466344586125,0.20350261308528758,0.0,nan,0.0
-7.52962,50,1313.267148,0.0,1.0,-7.529619504750427,-7.529619504750427,0.0,0.0,0.0,1.0,0.09306565667154644,50,12.393931094760246,1.0074645390560222,2.0,0.5094251307845116,0.22378862380981446,0.20317602634429932,0.0,nan,0.0
-8.271347,58,1314.129342,0.0,1.0,-8.271347055888384,-8.271347055888384,0.0,0.0,0.0,1.0,0.11428705158854008,58,7.365073873190603,1.330860663400858,2.0,0.7201211326595011,0.23139836048257761,0.24273601071587925,0.0,nan,0.0
-7.34377,71,1315.11223,0.0,1.0,-7.343769642932917,-7.343769642932917,0.0,0.0,0.0,1.0,0.08209693684105851,71,12.412177023166286,0.6370848896419121,2.0,0.36308387215708343,0.16528365141908888,0.17810789464225232,0.0,nan,0.0
-7.146395,59,1317.422262,0.0,1.0,-7.1463945785882,-7.1463945785882,0.0,0.0,0.0,1.0,0.09866169821138208,59,13.646308585254362,0.41312325141349354,0.9841037918598757,0.3853506971213777,0.108254075050354,0.11739561517359846,0.0,nan,0.0
-7.805992,53,1318.164534,0.0,1.0,-7.805992019274646,-7.805992019274646,0.0,0.0,0.0,1.0,0.11705966688306325,53,12.272375168566892,1.2954535074954678,2.0,0.5081787654813731,0.2462801550919155,0.19937104549048082,0.0,nan,0.0
-7.216768,66,1319.222664,0.0,1.0,-7.216767904206472,-7.216767904206472,0.0,0.0,0.0,1.0,0.06615474497321888,66,12.18854873792115,0.5415820556948936,2.0,0.3141495440945481,0.19361771236766467,0.20017694794770444,0.0,nan,0.0
-8.304268,59,1320.101376,0.0,1.0,-8.304268283311368,-8.304268283311368,0.0,0.0,0.0,1.0,0.11250154287699245,59,9.516959197796771,1.3344501460726073,2.0,0.5525610074400902,0.3055190262147936,0.30913147582846173,0.0,nan,0.0
-7.687671,55,1320.827688,0.0,1.0,-7.687670714117768,-7.687670714117768,0.0,0.0,0.0,1.0,0.15073590842504575,55,10.732221325841792,1.1336099140419353,2.0,0.5051613166928292,0.25518829605796123,0.2561901222575795,0.0,nan,0.0
-7.845174,53,1321.725906,0.0,1.0,-7.84517381012428,-7.84517381012428,0.0,0.0,0.0,1.0,0.14993062598840598,53,12.945121743038968,1.3020988011950474,2.0,0.5430675058994653,0.13916289806365967,0.15963898064955226,0.0,nan,0.0
-7.861613,63,1322.640301,0.0,1.0,-7.861612900484951,-7.861612900484951,0.0,0.0,0.0,1.0,0.23397081513692047,63,12.357882910074647,1.4514387256566579,2.0,0.5556951706844663,0.19512873982626294,0.22354287571377224,0.0,nan,0.0
-2.229217,112,1324.09203,0.0,1.0,-2.229217127536719,-2.229217127536719,0.0,0.0,0.0,1.0,0.17957870589508654,112,16.52735991546478,0.769528044991623,2.0,0.3300733527700816,0.18396293371915817,0.1872600753392492,0.0,nan,0.0
-8.297515,42,1324.682436,0.0,1.0,-8.297514625274689,-8.297514625274689,0.0,0.0,0.0,1.0,0.09980945105445646,42,11.749464277044424,1.2399497692413612,2.0,0.4507805435430436,0.20280952680678593,0.16301647538230532,0.0,nan,0.0
-7.732926,54,1325.496612,0.0,1.0,-7.73292558800064,-7.73292558800064,0.0,0.0,0.0,1.0,0.14029581021159573,54,12.013812043947905,1.3094534449384627,2.0,0.592277418408129,0.10755065193882694,0.12897757247642236,0.0,nan,0.0
-8.003743,66,1326.48688,0.0,1.0,-8.003743040357168,-8.003743040357168,0.0,0.0,0.0,1.0,0.19272601208876186,66,10.03157828767226,1.4304355810822815,2.0,0.5780569451550642,0.23674989649743744,0.24463388414093942,0.0,nan,0.0
-6.437715,69,1327.402241,0.0,1.0,-6.437715163992917,-6.437715163992917,0.0,0.0,0.0,1.0,0.1350220214347502,69,12.037402884331774,1.0614706353824848,2.0,0.5089134165774221,0.2192496579626332,0.22791985325191333,0.0,nan,0.0
-6.871673,67,1328.482482,0.0,1.0,-6.871673144980647,-6.871673144980647,0.0,0.0,0.0,1.0,0.07240083522788479,67,13.510930106480407,0.6106036920489658,2.0,0.341079174582638,0.10774275793958066,0.1165722145963071,0.0,nan,0.0
-7.458232,47,1329.101687,0.0,1.0,-7.458232386037535,-7.458232386037535,0.0,0.0,0.0,1.0,0.17436831616178697,47,11.83317649744826,1.1755253819116105,2.0,0.5491914933032178,0.22840502921571124,0.24305165321268934,0.0,nan,0.0
-7.508674,50,1329.673763,0.0,1.0,-7.508673765037008,-7.508673765037008,0.0,0.0,0.0,1.0,0.08620874766397549,50,12.330041380152865,0.8665905981104747,2.0,0.5055593892931938,0.15378702878952027,0.17074132204055786,0.0,nan,0.0
-7.70026,57,1330.516631,0.0,1.0,-7.700260183932851,-7.700260183932851,0.0,0.0,0.0,1.0,0.0840859642264722,57,13.25160172679543,0.4685610693679237,0.9867385745262255,0.31014135950490046,0.19943102828243323,0.20576682634520949,0.0,nan,0.0
-8.003367,48,1331.129068,0.0,1.0,-8.00336736277215,-8.00336736277215,0.0,0.0,0.0,1.0,0.11723653164354052,48,12.573932927324831,1.253325647407981,2.0,0.45286231612165767,0.15165614585081735,0.1724894791841507,0.0,nan,0.0
-7.68617,68,1333.40267,0.0,1.0,-7.686169725703682,-7.686169725703682,0.0,0.0,0.0,1.0,0.10390671221920156,68,10.259164896303112,1.1496580286190154,2.0,0.5335438948343781,0.19353729661773234,0.19240947681314804,0.0,nan,0.0
-8.562137,35,1333.935851,0.0,1.0,-8.562136915667223,-8.562136915667223,0.0,0.0,0.0,1.0,0.1005884201903075,35,11.270448058993585,1.1644181539663252,2.0,0.39006038435867857,0.15654644284929548,0.1646475519452776,0.0,nan,0.0
0.186966,120,1335.412485,0.0,1.0,0.1869662437286692,0.1869662437286692,0.0,0.0,0.0,1.0,0.12969544939368957,120,16.084703899681354,0.7390749068059008,2.0,0.3655465681726734,0.20869204501310984,0.22877752085526784,0.0,nan,0.0
-5.865135,123,1336.919729,0.0,1.0,-5.8651353769849255,-5.8651353769849255,0.0,0.0,0.0,1.0,0.18044948818576553,123,15.416390706568388,0.9952599888320663,2.0,0.34592153083502764,0.23576918607804834,0.22066394681853008,0.0,nan,0.0
-7.955889,52,1337.584291,0.0,1.0,-7.955888810854572,-7.955888810854572,0.0,0.0,0.0,1.0,0.11635783444633555,52,11.347381566771478,1.1609029974075744,2.0,0.5187490118237642,0.2191494221870716,0.231838936989124,0.0,nan,0.0
-7.452505,43,1338.222549,0.0,1.0,-7.452504992745097,-7.452504992745097,0.0,0.0,0.0,1.0,0.11161697660314357,43,11.644950791590162,0.91263374808739,2.0,0.40064364221206933,0.11249009398526924,0.12131742543952409,0.0,nan,0.0
-7.73413,47,1338.841855,0.0,1.0,-7.734129888073856,-7.734129888073856,0.0,0.0,0.0,1.0,0.1061390658796818,47,10.814283477653856,1.0085089804339513,2.0,0.4556612343864238,0.1098946916296127,0.13834473680942616,0.0,nan,0.0
-7.905851,45,1339.374734,0.0,1.0,-7.905850801882451,-7.905850801882451,0.0,0.0,0.0,1.0,0.10966077358832008,45,10.543441935711801,0.9425933465015716,2.0,0.47699315415488347,0.2243758969836765,0.21400574578179254,0.0,nan,0.0
-8.323934,56,1340.237306,0.0,1.0,-8.323933540175329,-8.323933540175329,0.0,0.0,0.0,1.0,0.13173006702758042,56,9.330130258676123,1.369519816036233,2.0,0.5870081460369485,0.23343087945665633,0.20347946669374192,0.0,nan,0.0
-2.392092,126,1341.797105,0.0,1.0,-2.3920920501469665,-2.3920920501469665,0.0,0.0,0.0,1.0,0.1751359644548368,126,17.439690811677156,0.7566914570161828,2.0,0.34296035305375144,0.2046813860772148,0.19600708522493876,0.0,nan,0.0
-8.180538,46,1342.442153,0.0,1.0,-8.18053782991469,-8.18053782991469,0.0,0.0,0.0,1.0,0.12888061507295415,46,9.762046121505337,1.2093308866584191,2.0,0.7086392624870591,0.15871676673059879,0.16789161640664804,0.0,nan,0.0
-8.294984,54,1343.141128,0.0,1.0,-8.294983642350681,-8.294983642350681,0.0,0.0,0.0,1.0,0.11980860810514951,54,9.891444566248854,1.4200532001788728,2.0,0.6286219035585722,0.21119258690763404,0.20086167807932254,0.0,nan,0.0
-7.174135,63,1343.871664,0.0,1.0,-7.174134592326439,-7.174134592326439,0.0,0.0,0.0,1.0,0.09407723337258095,63,12.558560362126164,0.4642069072466356,0.9955051569364918,0.30330026528191945,0.14423769807058667,0.15058873380933488,0.0,nan,0.0
-8.014834,50,1344.630097,0.0,1.0,-8.014833646652418,-8.014833646652418,0.0,0.0,0.0,1.0,0.11687274674440051,50,10.863364243028741,1.2814638061417674,2.0,0.589882628917694,0.11588450670242309,0.13935039043426514,0.0,nan,0.0
-9.168495,58,1345.340874,0.0,1.0,-9.16849534813143,-9.16849534813143,0.0,0.0,0.0,1.0,0.06953747415016347,58,12.78826829996998,0.6078795864001786,1.931662419192433,0.22659729986355223,0.15528515906169496,0.17168663904584688,0.0,nan,0.0
-7.15087,64,1346.042744,0.0,1.0,-7.1508696245704595,-7.1508696245704595,0.0,0.0,0.0,1.0,0.13226488124630878,64,11.867891396863534,1.0509663281683317,2.0,0.5309730428270996,0.1975522432476282,0.1934184581041336,0.0,nan,0.0
-7.889023,50,1348.309477,0.0,1.0,-7.88902278360636,-7.88902278360636,0.0,0.0,0.0,1.0,0.13661378659465429,50,14.107049837239208,1.2978452118401922,2.0,0.5004405426979065,0.1882776975631714,0.1597787022590637,0.0,nan,0.0
-5.380153,115,1349.830143,0.0,1.0,-5.380153016255866,-5.380153016255866,0.0,0.0,0.0,1.0,0.16971782828266613,115,17.408174727107035,0.7516143970113285,2.0,0.3067945534768312,0.1542895555496216,0.145541004512621,0.0,nan,0.0
-7.358564,47,1350.423002,0.0,1.0,-7.358563739057345,-7.358563739057345,0.0,0.0,0.0,1.0,0.07631693218429324,47,11.539633121565542,0.714400810981321,2.0,0.3825788104787786,0.1898108644688383,0.21177988356732308,0.0,nan,0.0
-7.941466,52,1350.956474,0.0,1.0,-7.941465788170586,-7.941465788170586,0.0,0.0,0.0,1.0,0.15980157311774706,52,13.197042967498872,1.373926815190121,2.0,0.5211714993302639,0.12248063545960647,0.13512025658900922,0.0,nan,0.0
-7.222294,58,1351.833877,0.0,1.0,-7.222294044564618,-7.222294044564618,0.0,0.0,0.0,1.0,0.10725328702156538,58,13.128050423336996,0.5314682905686721,0.9969986731591488,0.25180124568528145,0.21211426525280394,0.22399244842858151,0.0,nan,0.0
-7.043615,60,1352.477584,0.0,1.0,-7.04361470467244,-7.04361470467244,0.0,0.0,0.0,1.0,0.1494669450374928,60,9.087005454663606,1.1245265577825687,2.0,0.5823850313822428,0.2863151947657267,0.25668240189552305,0.0,nan,0.0
-8.349362,49,1353.224855,0.0,1.0,-8.349361917710805,-8.349361917710805,0.0,0.0,0.0,1.0,0.12300359061024697,49,12.315054147924037,1.3884826986188084,2.0,0.49775574325906985,0.14352296809760892,0.1311340940241911,0.0,nan,0.0
-7.336001,68,1354.06424,0.0,1.0,-7.336000940308606,-7.336000940308606,0.0,0.0,0.0,1.0,0.17560734447829154,68,11.833872278800797,1.3865258971301477,2.0,0.5009034736191526,0.23456272833487568,0.22391851158703074,0.0,nan,0.0
-6.584889,61,1354.893673,0.0,1.0,-6.584889152520671,-6.584889152520671,0.0,0.0,0.0,1.0,0.1453599249133009,61,12.031331555148551,0.9811126938380939,2.0,0.5395990704170993,0.19864492533636874,0.19468893965736764,0.0,nan,0.0
-4.802634,103,1356.134706,0.0,1.0,-4.802633676835245,-4.802633676835245,0.0,0.0,0.0,1.0,0.17712265119625217,103,15.797117534751154,0.8658830875777814,2.0,0.3121430023202618,0.15536684434390763,0.16496293521621852,0.0,nan,0.0
-7.534411,72,1356.85254,0.0,1.0,-7.5344112227700455,-7.5344112227700455,0.0,0.0,0.0,1.0,0.15914259332200553,72,9.973375287522904,1.238514425784652,2.0,0.5445805970165465,0.28744201527701485,0.2782800495624542,0.0,nan,0.0
-7.108788,73,1357.912294,0.0,1.0,-7.108788033307764,-7.108788033307764,0.0,0.0,0.0,1.0,0.11648764277017777,73,9.751159854934109,1.0193142234659007,2.0,0.5948068128056723,0.20786005176909983,0.21263620788103912,0.0,nan,0.0
-7.215188,53,1358.613674,0.0,1.0,-7.215187719003145,-7.215187719003145,0.0,0.0,0.0,1.0,0.08966520942480503,53,11.964118295371389,1.009230817816066,2.0,0.5456579861775884,0.11251214090383278,0.09994075433263239,0.0,nan,0.0
-6.456276,61,1359.45559,0.0,1.0,-6.456275992272227,-6.456275992272227,0.0,0.0,0.0,1.0,0.1372118610598969,61,13.703978105860166,1.1475447884627443,2.0,0.47874256382223035,0.2141527973237585,0.22690093321878402,0.0,nan,0.0
-7.190472,52,1360.207451,0.0,1.0,-7.190472377012368,-7.190472377012368,0.0,0.0,0.0,1.0,0.1002354728911549,52,10.43233903643423,0.9124485147740159,2.0,0.5442026257514954,0.27178404652155363,0.23997771854584032,0.0,nan,0.0
-7.290867,53,1360.961183,0.0,1.0,-7.290867363617153,-7.290867363617153,0.0,0.0,0.0,1.0,0.1226435124451279,53,12.17563297831874,1.1350536107135873,2.0,0.5539509957691409,0.19924550461319257,0.18540312434142492,0.0,nan,0.0
-7.166666,55,1363.108927,0.0,1.0,-7.166665838702424,-7.166665838702424,0.0,0.0,0.0,1.0,0.08366121134890914,55,13.485445391332025,0.583405593878517,2.0,0.26904478614980526,0.07814854708584872,0.08515985445542769,0.0,nan,0.0
-8.497175,41,1363.671795,0.0,1.0,-8.497174713606888,-8.497174713606888,0.0,0.0,0.0,1.0,0.11886039923674693,41,10.28217635601291,1.2299874953551126,2.0,0.49499220201155036,0.18035066418531465,0.20474090808775366,0.0,nan,0.0
-2.603404,109,1365.033646,0.0,1.0,-2.603404475435614,-2.603404475435614,0.0,0.0,0.0,1.0,0.09915435571103988,109,14.969685267406108,0.6233607978009335,2.0,0.2975595306365862,0.24272591258407733,0.223402009097808,0.0,nan,0.0
-7.427766,67,1365.727112,0.0,1.0,-7.4277658246309635,-7.4277658246309635,0.0,0.0,0.0,1.0,0.16621686127963842,67,9.76376445555186,1.1647979495132326,2.0,0.585599057265182,0.17745701501618572,0.17131004226741506,0.0,nan,0.0
-2.115634,107,1366.964518,0.0,1.0,-2.115634095793963,-2.115634095793963,0.0,0.0,0.0,1.0,0.11462521552152136,107,17.89216717954878,0.820861334078168,2.0,0.3081576049884903,0.10946765347061871,0.11205069818229318,0.0,nan,0.0
-8.149195,53,1367.743387,0.0,1.0,-8.149194608974206,-8.149194608974206,0.0,0.0,0.0,1.0,0.15301747213688704,53,10.980399111888318,1.3197747102705941,2.0,0.5773190265556551,0.11180039396825826,0.12617189254400865,0.0,nan,0.0
-7.158268,48,1368.398618,0.0,1.0,-7.158268057835671,-7.158268057835671,0.0,0.0,0.0,1.0,0.11562311080902246,48,12.350650610115457,0.9747893561808162,2.0,0.4739732947200537,0.2218909983833631,0.20159370203812918,0.0,nan,0.0
-7.593966,44,1368.894481,0.0,1.0,-7.593966074464625,-7.593966074464625,0.0,0.0,0.0,1.0,0.08099060173546901,44,12.401181640437255,0.5861157039223586,2.0,0.3952984789555723,0.045965024016120216,0.06869229674339294,0.0,nan,0.0
-7.768689,48,1369.512966,0.0,1.0,-7.768689034178708,-7.768689034178708,0.0,0.0,0.0,1.0,0.07989438784548426,48,10.85221830725631,0.7307086040347568,2.0,0.37312639380494755,0.26608118166526157,0.2227893682817618,0.0,nan,0.0
-7.604285,60,1370.232861,0.0,1.0,-7.604284682322929,-7.604284682322929,0.0,0.0,0.0,1.0,0.0888273961191364,60,12.211799922747254,0.4912465706716423,1.2632825519776862,0.3322163144747416,0.1990925669670105,0.19146692156791686,0.0,nan,0.0
-1.819595,108,1371.654656,0.0,1.0,-1.819594616348505,-1.819594616348505,0.0,0.0,0.0,1.0,0.09745425455818088,108,17.24455837098504,0.596605086005974,2.0,0.22285019744325568,0.15800170765982735,0.14366862398606758,0.0,nan,0.0
-7.847752,42,1372.162309,0.0,1.0,-7.847751845330582,-7.847751845330582,0.0,0.0,0.0,1.0,0.08836863190885319,42,11.112639651201745,0.7099370812353675,2.0,0.285477547063714,0.12836980535870507,0.13418145406813847,0.0,nan,0.0
-8.190579,47,1372.689709,0.0,1.0,-8.19057921738371,-8.19057921738371,0.0,0.0,0.0,1.0,0.1653283178626757,47,11.442619353440676,1.2553940807201316,2.0,0.5917006245952972,0.2334315117369307,0.2368150974841828,0.0,nan,0.0
-8.338306,42,1373.213257,0.0,1.0,-8.338306483898613,-8.338306483898613,0.0,0.0,0.0,1.0,0.1070451542806078,42,10.237029779117732,1.2166712606527699,2.0,0.654032877158551,0.17806766146705263,0.17466449453717187,0.0,nan,0.0
-5.703195,125,1374.659664,0.0,1.0,-5.703195313462819,-5.703195313462819,0.0,0.0,0.0,1.0,0.1544053253475821,125,14.896477798876214,0.8221407129776797,2.0,0.42686689698696134,0.13347266960144044,0.13683978366851807,0.0,nan,0.0
-7.3049,59,1376.798577,0.0,1.0,-7.30489967347418,-7.30489967347418,0.0,0.0,0.0,1.0,0.1000067494056901,59,10.75666231223941,0.9061371925627312,2.0,0.4528112739829694,0.21635461661775232,0.22930902949834275,0.0,nan,0.0
-6.191158,115,1378.317205,0.0,1.0,-6.19115773591812,-6.19115773591812,0.0,0.0,0.0,1.0,0.1758797490253202,115,16.334034244109972,0.93571553801506,2.0,0.29399198656496794,0.1997644357059313,0.17563263540682586,0.0,nan,0.0
-6.021376,118,1379.729392,0.0,1.0,-6.021376197725292,-6.021376197725292,0.0,0.0,0.0,1.0,0.21778993527863794,118,16.098508214765516,1.077069622102429,2.0,0.3617342435202356,0.15171797144210944,0.1436184179984917,0.0,nan,0.0
-2.449807,114,1381.225587,0.0,1.0,-2.4498065779315326,-2.4498065779315326,0.0,0.0,0.0,1.0,0.1974848465259292,114,16.035889884289983,0.9451005325999684,2.0,0.3741852784888786,0.2491689502147206,0.22634028551871316,0.0,nan,0.0
-7.323689,59,1381.921571,0.0,1.0,-7.323688743765227,-7.323688743765227,0.0,0.0,0.0,1.0,0.08830439651861895,59,13.169187613446155,0.4442906010400657,1.2588492313290995,0.3373640654450756,0.179361632314779,0.1755798186286021,0.0,nan,0.0
-8.418078,46,1382.451184,0.0,1.0,-8.418077907111003,-8.418077907111003,0.0,0.0,0.0,1.0,0.11752070357958452,46,9.580800237461126,1.2156593052099218,2.0,0.508002227091271,0.25221474533495697,0.255436730125676,0.0,nan,0.0
-8.362852,51,1382.996745,0.0,1.0,-8.362851533228945,-8.362851533228945,0.0,0.0,0.0,1.0,0.1465203800565684,51,8.534578842584606,1.2865057729981326,2.0,0.6768904617604088,0.28645871667300954,0.26805627579782526,0.0,nan,0.0
-8.355537,41,1383.598332,0.0,1.0,-8.355536848488173,-8.355536848488173,0.0,0.0,0.0,1.0,0.08111173169093089,41,9.367624567688763,1.171050667406506,2.0,0.6994061615408921,0.16024781581832143,0.18201386783181167,0.0,nan,0.0
-7.97433,57,1384.284181,0.0,1.0,-7.974330012945081,-7.974330012945081,0.0,0.0,0.0,1.0,0.1729303406355594,57,10.25653230894964,1.3017768299174945,2.0,0.5371150473753611,0.3038005368751392,0.24888388524975694,0.0,nan,0.0
-8.174081,52,1384.92584,0.0,1.0,-8.174081033050959,-8.174081033050959,0.0,0.0,0.0,1.0,0.0981954480297137,52,9.239120156311596,1.3183216218365883,2.0,0.46431034774734425,0.28277084689873916,0.26792006079967207,0.0,nan,0.0
-6.5418,66,1385.71625,0.0,1.0,-6.541799901431609,-6.541799901431609,0.0,0.0,0.0,1.0,0.07674425183804787,66,14.482593714976188,0.5079207736055945,0.9888068757024531,0.3400354945298397,0.11068072282906735,0.11180732828198058,0.0,nan,0.0
-7.490299,64,1386.367687,0.0,1.0,-7.4902987599171045,-7.4902987599171045,0.0,0.0,0.0,1.0,0.16542123603401598,64,9.622150541406427,1.3667662084374466,2.0,0.6778916378971189,0.27077070251107216,0.25481197237968445,0.0,nan,0.0
-6.47404,124,1388.1486,0.0,1.0,-6.4740399233103485,-6.4740399233103485,0.0,0.0,0.0,1.0,0.22270325094772825,124,16.07766078002154,1.035655895201573,2.0,0.36972467072548404,0.14937559731544986,0.14648345978029312,0.0,nan,0.0
-7.880846,47,1388.777472,0.0,1.0,-7.880846462074191,-7.880846462074191,0.0,0.0,0.0,1.0,0.07762388681504928,47,10.235350175369696,0.984130279647619,2.0,0.5322464083103423,0.1844879515627597,0.18593780791505854,0.0,nan,0.0
-7.376546,57,1389.480592,0.0,1.0,-7.3765456124733895,-7.3765456124733895,0.0,0.0,0.0,1.0,0.06986859777165416,57,13.411096427139189,0.4322930859061326,1.5685202925714055,0.21544230402561657,0.16730102112418727,0.1420262048118993,0.0,nan,0.0
-7.501736,61,1391.429185,0.0,1.0,-7.501736125281752,-7.501736125281752,0.0,0.0,0.0,1.0,0.08482554920753714,61,12.103713938149447,0.4764244408832746,0.9502773569623834,0.28260653527056584,0.2599885395315827,0.2513308290575371,0.0,nan,0.0
-8.012555,43,1391.938363,0.0,1.0,-8.012554995877476,-8.012554995877476,0.0,0.0,0.0,1.0,0.10076825193508379,43,12.771360011542447,1.258394783460959,2.0,0.5027068479116573,0.06538364776345186,0.0829901889313099,0.0,nan,0.0
-7.752485,57,1392.718403,0.0,1.0,-7.7524848767546,-7.7524848767546,0.0,0.0,0.0,1.0,0.08972659148684684,57,11.883503448562017,0.3991265146007735,0.9916064746842855,0.1843056485318301,0.2277962147143849,0.20354591649875306,0.0,nan,0.0
-7.306528,53,1393.946926,0.0,1.0,-7.306528219195977,-7.306528219195977,0.0,0.0,0.0,1.0,0.0677185057452264,53,14.088471647296332,0.48260865812118187,1.1146310552652392,0.25388346078260887,0.13657377126081935,0.14029843177435533,0.0,nan,0.0
0.545184,116,1395.5442,0.0,1.0,0.5451839326054113,0.5451839326054113,0.0,0.0,0.0,1.0,0.12453666900327681,116,16.35361845397025,0.6582224891356083,2.0,0.3442981443528471,0.1989745908770068,0.1914791084569076,0.0,nan,0.0
-6.860036,54,1396.25367,0.0,1.0,-6.860036047253123,-6.860036047253123,0.0,0.0,0.0,1.0,0.09618740517702377,54,14.624698409695021,0.500359085416322,1.3042137281992676,0.25004112665300016,0.1822081517290186,0.15347949001524183,0.0,nan,0.0
-8.318636,43,1396.959862,0.0,1.0,-8.31863632401732,-8.31863632401732,0.0,0.0,0.0,1.0,0.09053230028703077,43,9.939447110420272,1.2087068475041833,2.0,0.5423811230548593,0.10561026251593301,0.127545950024627,0.0,nan,0.0
-6.878793,108,1398.327919,0.0,1.0,-6.8787925940116725,-6.8787925940116725,0.0,0.0,0.0,1.0,0.1699967667830658,108,16.680885934520308,0.9472025533144516,2.0,0.29074492388301426,0.1856451674743935,0.14106813073158264,0.0,nan,0.0
-7.65471,46,1399.217341,0.0,1.0,-7.654709754272064,-7.654709754272064,0.0,0.0,0.0,1.0,0.14727204396475363,46,12.583011607453669,1.1628149158798533,2.0,0.5236711252642714,0.16435162658276764,0.17312274290167767,0.0,nan,0.0
-1.074758,103,1400.489773,0.0,1.0,-1.0747582542786471,-1.0747582542786471,0.0,0.0,0.0,1.0,0.09890774275604117,103,16.620189202602152,0.7467365504734805,2.0,0.26497524803124584,0.19772607551037685,0.17683109322797905,0.0,nan,0.0
-6.108576,119,1402.100326,0.0,1.0,-6.10857609178731,-6.10857609178731,0.0,0.0,0.0,1.0,0.188799240276913,119,15.098449479687043,1.0323730416599988,2.0,0.37126907380689095,0.1296327730186847,0.12250341086828408,0.0,nan,0.0
-7.069544,58,1402.758049,0.0,1.0,-7.069544392966842,-7.069544392966842,0.0,0.0,0.0,1.0,0.0945265958695494,58,13.813946866654199,0.4750016995386483,0.9889800402811891,0.17229607547151632,0.18726223090599323,0.15452658719029919,0.0,nan,0.0
0.993378,111,1404.270161,0.0,1.0,0.9933783917128931,0.9933783917128931,0.0,0.0,0.0,1.0,0.1383383915299589,111,16.68633441617881,0.7497541093613679,2.0,0.3246444350964314,0.23625260430413322,0.2177402844300141,0.0,nan,0.0
-1.839475,107,1406.892515,0.0,1.0,-1.8394745770488612,-1.8394745770488612,0.0,0.0,0.0,1.0,0.08062671205248532,107,14.449932441588526,0.631701124723957,2.0,0.29914370290586884,0.23593078706866114,0.23590590797852132,0.0,nan,0.0
-0.561091,106,1408.244314,0.0,1.0,-0.5610910073303721,-0.5610910073303721,0.0,0.0,0.0,1.0,0.1503398705235067,106,17.60017904823513,0.8760759759961714,2.0,0.27016586149638555,0.17270264872964822,0.16740281964248083,0.0,nan,0.0
-1.842119,95,1409.552001,0.0,1.0,-1.8421186317953921,-1.8421186317953921,0.0,0.0,0.0,1.0,0.13980704641776587,95,15.888638195288513,0.7386013633291156,2.0,0.281615875582946,0.15058006424652903,0.14407335457048917,0.0,nan,0.0
-2.074512,105,1410.710172,0.0,1.0,-2.0745123928339293,-2.0745123928339293,0.0,0.0,0.0,1.0,0.11837150655913745,105,15.383323258784797,0.9176756420612097,2.0,0.30461794563702177,0.23601016884758358,0.20880567119235083,0.0,nan,0.0
-1.784637,104,1412.171272,0.0,1.0,-1.784637297396003,-1.784637297396003,0.0,0.0,0.0,1.0,0.17814738264576502,104,16.196099047494325,0.7422206839089127,2.0,0.30438632747301686,0.2198755695269658,0.20257026530229127,0.0,nan,0.0
-6.57445,118,1413.882207,0.0,1.0,-6.574449921973881,-6.574449921973881,0.0,0.0,0.0,1.0,0.19040476815185264,118,15.92919978064997,1.000523261785778,2.0,0.37061341132147835,0.21013995651471412,0.20424422167115291,0.0,nan,0.0
-8.037307,44,1414.566923,0.0,1.0,-8.03730747595747,-8.03730747595747,0.0,0.0,0.0,1.0,0.09715885507036268,44,11.141875054958891,1.0714602066663979,2.0,0.4190383018417792,0.14290369640697131,0.1474836008115248,0.0,nan,0.0
-8.396559,58,1415.497177,0.0,1.0,-8.396559223693005,-8.396559223693005,0.0,0.0,0.0,1.0,0.07065700486156982,58,11.703508382289323,0.4873276577307284,1.6915964836568542,0.28816186765144614,0.2624420564750145,0.2507919730811283,0.0,nan,0.0
-8.072289,44,1416.058953,0.0,1.0,-8.0722886966829,-8.0722886966829,0.0,0.0,0.0,1.0,0.10993419601139383,44,10.626874059792936,1.0924468039915036,2.0,0.47017482634295116,0.21985001455653796,0.20529874075542798,0.0,nan,0.0
-7.496317,55,1416.973049,0.0,1.0,-7.496316968568896,-7.496316968568896,0.0,0.0,0.0,1.0,0.06659291768030169,55,13.140607528743994,0.5181249941733705,1.2658043977045683,0.22244563211094248,0.21047572005878795,0.22282214814966375,0.0,nan,0.0
-7.602518,58,1417.808037,0.0,1.0,-7.602517675493333,-7.602517675493333,0.0,0.0,0.0,1.0,0.07476447943112405,58,14.761384812234258,0.41700748448082026,1.1550236145965664,0.23056386770873233,0.12964493447336659,0.14771916331916018,0.0,nan,0.0
-8.515434,37,1418.312331,0.0,1.0,-8.515434475502493,-8.515434475502493,0.0,0.0,0.0,1.0,0.08612079315054227,37,10.488316178287995,1.0777530421682742,2.0,0.3725406237550684,0.2363862926895554,0.26823661778424235,0.0,nan,0.0
-7.173326,103,1419.807307,0.0,1.0,-7.173326054493344,-7.173326054493344,0.0,0.0,0.0,1.0,0.12602095709958147,103,16.21288295179378,0.9835602399009451,2.0,0.2867323530530467,0.225268804332585,0.20464936506400988,0.0,nan,0.0
-8.542554,48,1421.974057,0.0,1.0,-8.54255370184876,-8.54255370184876,0.0,0.0,0.0,1.0,0.11010505043694695,48,7.885315297894742,1.1264679434496108,2.0,0.4700274815162023,0.26852662364641827,0.20594613502422968,0.0,nan,0.0
-7.205935,47,1422.659628,0.0,1.0,-7.205935236686711,-7.205935236686711,0.0,0.0,0.0,1.0,0.11541165121049814,47,10.739970548830478,0.8495534275745869,2.0,0.41985673917100785,0.2063980685903671,0.1937026267356061,0.0,nan,0.0
0.086764,107,1424.19413,0.0,1.0,0.08676434451142612,0.08676434451142612,0.0,0.0,0.0,1.0,0.20883783325811583,107,17.785851546618925,0.7393521394575278,2.0,0.32245752521764454,0.20742559210162295,0.20829799130698232,0.0,nan,0.0
-8.431497,44,1424.761084,0.0,1.0,-8.43149673753759,-8.43149673753759,0.0,0.0,0.0,1.0,0.09086712635552896,44,8.83605111717432,1.0989345068863925,2.0,0.45845297046683053,0.23203457756475968,0.23091999780048023,0.0,nan,0.0
-7.221704,131,1426.35936,0.0,1.0,-7.221703946686263,-7.221703946686263,0.0,0.0,0.0,1.0,0.19016476334186685,131,12.4091833534986,1.154655915635433,2.0,0.35613655020262447,0.2880893017499501,0.2699549689547706,0.0,nan,0.0
-7.139267,63,1427.214413,0.0,1.0,-7.139266512521374,-7.139266512521374,0.0,0.0,0.0,1.0,0.07392445095549711,63,12.592833836518535,0.5128169470125382,0.9880164489765715,0.33020247684584725,0.1372304047857012,0.11555582757980104,0.0,nan,0.0
2.334167,173,1429.458124,0.0,1.0,2.3341668355050444,2.3341668355050444,0.0,0.0,0.0,1.0,0.21902016279629158,173,17.74801360504497,0.7770937255446475,2.0,0.3087208634511584,0.2620389282358864,0.2531928116875577,0.0,nan,0.0
-8.199863,46,1430.107026,0.0,1.0,-8.199863057539357,-8.199863057539357,0.0,0.0,0.0,1.0,0.06759666638649979,46,10.817951427370494,0.9388400218544547,2.0,0.44681811851003894,0.21459284036055856,0.23018291981323905,0.0,nan,0.0
-3.751912,119,1431.519512,0.0,1.0,-3.751911710177459,-3.751911710177459,0.0,0.0,0.0,1.0,0.1385081259474539,119,14.068317782599578,0.8988624028064316,2.0,0.34953999970139576,0.2666137508985375,0.24508588253950872,0.0,nan,0.0
1.661834,126,1433.08641,0.0,1.0,1.661833574934363,1.661833574934363,0.0,0.0,0.0,1.0,0.2211751457116386,126,15.515170468647911,0.7844030260301734,2.0,0.3776877973051298,0.31051924115135554,0.26568238035080927,0.0,nan,0.0
-7.33043,55,1433.754442,0.0,1.0,-7.330429876536152,-7.330429876536152,0.0,0.0,0.0,1.0,0.09535047690932776,55,8.799028047739299,0.7855393931766168,2.0,0.4548274116082625,0.29456015716899525,0.301271484114907,0.0,nan,0.0
-8.371974,59,1434.527979,0.0,1.0,-8.371974023156916,-8.371974023156916,0.0,0.0,0.0,1.0,0.08667741638504996,59,12.653058701956533,0.5473192293199431,1.6498158497253004,0.25413480451551534,0.2224552510148388,0.21748060998270066,0.0,nan,0.0
-7.171316,50,1435.125415,0.0,1.0,-7.171316304940511,-7.171316304940511,0.0,0.0,0.0,1.0,0.13157107922283282,50,11.130397886722335,1.0682299528956531,2.0,0.6127182668447495,0.20379981517791748,0.18309935331344604,0.0,nan,0.0
-8.172645,51,1437.327989,0.0,1.0,-8.172645064773578,-8.172645064773578,0.0,0.0,0.0,1.0,0.099701197235011,51,8.749199933988816,1.2286143327178078,2.0,0.5909308908032436,0.31212060591753793,0.323080859932245,0.0,nan,0.0
-2.197788,116,1438.66881,0.0,1.0,-2.1977875611878,-2.1977875611878,0.0,0.0,0.0,1.0,0.11831392024652726,116,15.249814127719288,0.7498299189277319,2.0,0.3052829146899026,0.3130732738766177,0.30382072103434593,0.0,nan,0.0
-2.389959,119,1440.117823,0.0,1.0,-2.389959105353979,-2.389959105353979,0.0,0.0,0.0,1.0,0.10437608163958617,119,13.945586390660527,0.6454104729078562,2.0,0.24373284032364853,0.3058258685745111,0.28195011014697935,0.0,nan,0.0
-7.05466,82,1441.216965,0.0,1.0,-7.0546601376494955,-7.0546601376494955,0.0,0.0,0.0,1.0,0.11074226933809417,82,7.0172580573029695,1.1001089104708452,2.0,0.608043166558917,0.3310907344992568,0.2998977361655817,0.0,nan,0.0
-8.040249,68,1442.051214,0.0,1.0,-8.04024912006854,-8.04024912006854,0.0,0.0,0.0,1.0,0.121574134691679,68,8.6114122414329,1.1324382196041487,2.0,0.3506298104629797,0.3993021705571343,0.3873983919620514,0.0,nan,0.0
-6.417353,104,1443.381661,0.0,1.0,-6.417353139329451,-6.417353139329451,0.0,0.0,0.0,1.0,0.1729981648449037,104,17.601578473803833,1.035844705671288,2.0,0.24457455856295732,0.17372362659527704,0.1569490461395337,0.0,nan,0.0
-8.026089,49,1444.184483,0.0,1.0,-8.02608908226677,-8.02608908226677,0.0,0.0,0.0,1.0,0.07394629702176572,49,10.408739227113875,0.9143975094951292,2.0,0.30836818108753283,0.3381973845618112,0.2793724488238899,0.0,nan,0.0
-0.105301,114,1445.635893,0.0,1.0,-0.10530064298836805,-0.10530064298836805,0.0,0.0,0.0,1.0,0.1465332609450309,114,14.995646675460417,0.8323649432347668,2.0,0.34190071387249127,0.2719179569629201,0.2466788929805421,0.0,nan,0.0
-2.332891,118,1447.104832,0.0,1.0,-2.3328910184304084,-2.3328910184304084,0.0,0.0,0.0,1.0,0.10742910659408074,118,14.672692725974265,0.6768693858672424,2.0,0.29200730106588135,0.316694303084228,0.2587110137535354,0.0,nan,0.0
-8.602191,37,1447.500498,0.0,1.0,-8.602190765877493,-8.602190765877493,0.0,0.0,0.0,1.0,0.084712101450732,37,10.53501696352336,1.1402203090753351,2.0,0.32445656528344025,0.3300989157444722,0.32092274201882853,0.0,nan,0.0
-3.81892,112,1448.743068,0.0,1.0,-3.818919903001457,-3.818919903001457,0.0,0.0,0.0,1.0,0.17860420289799225,112,15.802176311053518,0.7893733510890185,2.0,0.3171561140833156,0.2929267744932856,0.2412573748401233,0.0,nan,0.0
-6.801811,112,1451.58697,0.0,1.0,-6.801811149967838,-6.801811149967838,0.0,0.0,0.0,1.0,0.14991419418609783,112,14.613590023136855,0.7316846724957324,2.0,0.2837816334462592,0.26015873306563925,0.25519780229244915,0.0,nan,0.0
-7.087257,52,1452.114817,0.0,1.0,-7.087256769935981,-7.087256769935981,0.0,0.0,0.0,1.0,0.09522333471688399,52,10.14891375547404,0.699199786500344,2.0,0.43665925699930924,0.23750463128089905,0.22396079852030829,0.0,nan,0.0
-7.726602,61,1452.914853,0.0,1.0,-7.726602292115679,-7.726602292115679,0.0,0.0,0.0,1.0,0.08791641326547946,61,8.11407470415592,1.1304795298223569,2.0,0.6325400002667161,0.2838572283260158,0.27659679436292806,0.0,nan,0.0
-8.364289,54,1453.672429,0.0,1.0,-8.364288671286015,-8.364288671286015,0.0,0.0,0.0,1.0,0.09107956957310831,54,7.335191875298966,1.321821107655378,2.0,0.47107268980255834,0.32701297380306105,0.3289736255451485,0.0,nan,0.0
-1.104839,129,1455.129201,0.0,1.0,-1.1048394187026318,-1.1048394187026318,0.0,0.0,0.0,1.0,0.17683532859466214,129,14.546015269034534,0.7275572014259438,2.0,0.37225947835186657,0.2614329369493233,0.2488009966621103,0.0,nan,0.0
-8.02199,47,1455.743682,0.0,1.0,-8.021990228588516,-8.021990228588516,0.0,0.0,0.0,1.0,0.07918936594981892,47,9.501485593351479,0.9914661784356641,2.0,0.3963054060301882,0.2656004251317775,0.22040656272401202,0.0,nan,0.0
-0.28807,122,1457.040253,0.0,1.0,-0.28807041625068486,-0.28807041625068486,0.0,0.0,0.0,1.0,0.1558437341288528,122,13.69876466669342,0.8169226363737822,2.0,0.37377896904945374,0.3643583816583039,0.29708547279482983,0.0,nan,0.0
-1.147526,103,1458.079505,0.0,1.0,-1.147526380637414,-1.147526380637414,0.0,0.0,0.0,1.0,0.11094641699039524,103,15.459537048467613,0.6998432797631307,2.0,0.2421984681226675,0.2483197358048078,0.24436598495372291,0.0,nan,0.0
-7.33903,65,1458.8192,0.0,1.0,-7.339030051876627,-7.339030051876627,0.0,0.0,0.0,1.0,0.12570921787021241,65,8.63079674989693,1.2250658265402323,2.0,0.6747408202061287,0.4055859033878033,0.3739938415013827,0.0,nan,0.0
-3.068434,154,1460.673205,0.0,1.0,-3.068433528464796,-3.068433528464796,0.0,0.0,0.0,1.0,0.30794927588412896,154,13.733958945935901,0.8935116688837967,2.0,0.4597790577001386,0.28470119330790133,0.2672031266348703,0.0,nan,0.0
1.465453,148,1462.560784,0.0,1.0,1.4654527403536068,1.4654527403536068,0.0,0.0,0.0,1.0,0.18383863665329028,148,12.586486205876989,0.9015531208989779,2.0,0.424171155066909,0.31579172168229075,0.2669002196273288,0.0,nan,0.0
-8.091234,61,1464.725639,0.0,1.0,-8.091233519825304,-8.091233519825304,0.0,0.0,0.0,1.0,0.0922016495194334,61,7.674014407367549,1.1416266130142845,2.0,0.527384030037239,0.36654928766313144,0.3353493008457246,0.0,nan,0.0
-0.132063,118,1466.161107,0.0,1.0,-0.13206309576741582,-0.13206309576741582,0.0,0.0,0.0,1.0,0.12397055936582128,118,16.048799134223913,0.6628277073544337,2.0,0.41167459700067166,0.2145798398276507,0.18382172261254262,0.0,nan,0.0
-3.946054,141,1468.051054,0.0,1.0,-3.946054266184091,-3.946054266184091,0.0,0.0,0.0,1.0,0.2997446379482156,141,15.178481654546573,0.9450808317019721,2.0,0.460633600223149,0.25403438392260397,0.23322579623959588,0.0,nan,0.0
-6.245705,65,1468.895514,0.0,1.0,-6.245704667752766,-6.245704667752766,0.0,0.0,0.0,1.0,0.13747482728159233,65,9.38343142862003,0.9403960834514533,2.0,0.6539490984036372,0.3214605496479915,0.24032759299645057,0.0,nan,0.0
-6.237673,122,1470.332613,0.0,1.0,-6.237672812954704,-6.237672812954704,0.0,0.0,0.0,1.0,0.140168831114035,122,14.341288460947087,1.0143389236956202,2.0,0.3336344967122938,0.2338738548951071,0.22944247527200667,0.0,nan,0.0
-0.086525,180,1472.513073,0.0,1.0,-0.08652460311525623,-0.08652460311525623,0.0,0.0,0.0,1.0,0.11953195337326633,180,15.99005287427977,0.6757755190753719,2.0,0.26972705158922405,0.2754613439242045,0.23754613002141317,0.0,nan,0.0
-3.953172,114,1473.844271,0.0,1.0,-3.9531716356755098,-3.9531716356755098,0.0,0.0,0.0,1.0,0.1954762256630089,114,17.922215714663864,1.1029485305267406,2.0,0.36631312482712564,0.2689565634518339,0.23904467151876083,0.0,nan,0.0
3.246397,153,1475.620557,0.0,1.0,3.2463965847264706,3.2463965847264706,0.0,0.0,0.0,1.0,0.39969621441336783,153,16.21388416598057,1.0649867340932406,2.0,0.4276897767984789,0.3307350831094131,0.27123812172147965,0.0,nan,0.0
-7.467527,49,1476.108158,0.0,1.0,-7.467526791267375,-7.467526791267375,0.0,0.0,0.0,1.0,0.09777703036179729,49,11.178217301922835,1.07003770773753,2.0,0.4771686968754749,0.263607246535165,0.2427486594842405,0.0,nan,0.0
7.21776,240,1480.03898,0.0,1.0,7.217760180095592,7.217760180095592,0.0,0.0,0.0,1.0,0.32969767887626444,240,13.351453783016655,0.864873281599502,2.0,0.3961447997950017,0.3318065879245599,0.3247854734460513,0.0,nan,0.0
0.8879,118,1481.399582,0.0,1.0,0.8879000753192692,0.8879000753192692,0.0,0.0,0.0,1.0,0.13836239402038863,118,14.03754029855248,0.6222221161389437,2.0,0.35721699817705965,0.3003996842998569,0.2514073474932525,0.0,nan,0.0
-1.39209,115,1482.684427,0.0,1.0,-1.3920902845332037,-1.3920902845332037,0.0,0.0,0.0,1.0,0.12924337893743065,115,14.994129933553964,0.69234852088549,2.0,0.2835301432920539,0.2992440431014351,0.30211112084596053,0.0,nan,0.0
8.924319,304,1485.918479,0.0,1.0,8.924318629530969,8.924318629530969,0.0,0.0,0.0,1.0,0.2611181301652183,304,17.841053346438887,0.7751122272575133,2.0,0.2670409315706868,0.31423695934446233,0.26652043822564575,0.0,nan,0.0
5.456931,258,1488.646834,0.0,1.0,5.456930943957234,5.456930943957234,0.0,0.0,0.0,1.0,0.1596979104215424,258,15.967031724315516,0.7764781604689845,2.0,0.25482724456824074,0.29888275311898815,0.2674410384754802,0.0,nan,0.0
-0.944267,113,1491.227846,0.0,1.0,-0.9442673090576079,-0.9442673090576079,0.0,0.0,0.0,1.0,0.13553215481266115,113,13.903526433638254,0.7874090067867949,2.0,0.3619955683176496,0.3077882159072741,0.2644790716930828,0.0,nan,0.0
-8.019798,54,1491.988582,0.0,1.0,-8.019798106840623,-8.019798106840623,0.0,0.0,0.0,1.0,0.1276302529468996,54,8.424180968982007,1.1897672782461457,2.0,0.42819863778573497,0.39722563602306227,0.35215606292088825,0.0,nan,0.0
7.311485,252,1494.673499,0.0,1.0,7.311484770265803,7.311484770265803,0.0,0.0,0.0,1.0,0.28041798885772246,252,15.859588620553035,0.7977571336987187,2.0,0.24352831641832987,0.3262205925725755,0.29177275252720664,0.0,nan,0.0
7.064979,169,1496.424801,0.0,1.0,7.064978897852086,7.064978897852086,0.0,0.0,0.0,1.0,0.1301421058869573,169,17.01909838222296,0.6967673162687754,2.0,0.21786770206936718,0.26831996052928225,0.2513235377136772,0.0,nan,0.0
-0.536381,163,1498.004776,0.0,1.0,-0.5363813621760212,-0.5363813621760212,0.0,0.0,0.0,1.0,0.15019776850415364,163,16.979508041891176,0.7782915600628377,2.0,0.23600103171325168,0.23525962068990697,0.2288476857670977,0.0,nan,0.0
1.571999,123,1499.10634,0.0,1.0,1.5719989571991384,1.5719989571991384,0.0,0.0,0.0,1.0,0.15503637021344832,123,14.108295671255597,0.7098469427949115,2.0,0.30628791063781674,0.32703563255992363,0.3008404189978189,0.0,nan,0.0
-8.097265,44,1499.647577,0.0,1.0,-8.097264668927986,-8.097264668927986,0.0,0.0,0.0,1.0,0.08953290551053047,44,8.412283380474976,1.1206987703151865,2.0,0.46156373484568164,0.3827823346311396,0.41528078100898047,0.0,nan,0.0
-2.035241,111,1500.892652,0.0,1.0,-2.035240896029813,-2.035240896029813,0.0,0.0,0.0,1.0,0.20977836711620432,111,16.92735016932568,0.7451637958231652,2.0,0.3399040513747447,0.2001108516443957,0.15870242075877147,0.0,nan,0.0
10.120123,237,1504.37308,0.0,1.0,10.120122590918282,10.120122590918282,0.0,0.0,0.0,1.0,0.20755472161339264,237,16.94256442047021,0.7202225904595082,2.0,0.2183516702068506,0.3104944226611013,0.2845301693501855,0.0,nan,0.0
-8.137722,57,1505.150791,0.0,1.0,-8.137722404721927,-8.137722404721927,0.0,0.0,0.0,1.0,0.07628008688915919,57,8.229475323878253,0.8937638724071225,2.0,0.3556396762530009,0.37270390778257134,0.33634641818832933,0.0,nan,0.0
-2.33625,110,1506.276028,0.0,1.0,-2.336250390123988,-2.336250390123988,0.0,0.0,0.0,1.0,0.12240071081963534,110,15.675014721490033,0.6191528825708043,2.0,0.24885892082344402,0.24664291793649848,0.2659937696023421,0.0,nan,0.0
-7.112253,80,1507.194336,0.0,1.0,-7.112253371940654,-7.112253371940654,0.0,0.0,0.0,1.0,0.07301142411616111,80,9.166623237721947,0.4972769088428901,1.1385761862610833,0.3818511601537466,0.39559108689427375,0.301114646345377,0.0,nan,0.0
36.461867,600,1514.198015,0.0,0.0,36.4618672039132,36.4618672039132,0.0,0.0,0.0,0.0,0.3558438460520193,600,16.502753316163304,0.7954368968745391,2.0,0.2496662479887406,0.3448816951115926,0.30622721711794537,0.0,nan,0.0
-2.209609,99,1515.188031,0.0,1.0,-2.2096088493580543,-2.2096088493580543,0.0,0.0,0.0,1.0,0.12992735732881086,99,15.925078401291183,0.6856652282384027,2.0,0.29836726820830145,0.2396007330730708,0.19218073710046632,0.0,nan,0.0
0.282985,186,1516.883547,0.0,1.0,0.2829853207419557,0.2829853207419557,0.0,0.0,0.0,1.0,0.1864216940105051,186,15.449267912038735,0.8839478509760327,2.0,0.25051891835786966,0.3291316955320297,0.27342271260035933,0.0,nan,0.0
3.877702,245,1519.270572,0.0,1.0,3.8777017765586788,3.8777017765586788,0.0,0.0,0.0,1.0,0.18219278843297754,245,16.630147636366306,0.7655363042515396,2.0,0.18450379067537737,0.3266127722603934,0.26254573281930416,0.0,nan,0.0
4.861113,209,1521.301314,0.0,1.0,4.861112738521925,4.861112738521925,0.0,0.0,0.0,1.0,0.17652947562275978,209,14.153470935896653,0.7317456935456644,2.0,0.33234814679223385,0.3661215108547484,0.28592065247622406,0.0,nan,0.0
3.345617,172,1522.895622,0.0,1.0,3.345616611351401,3.345616611351401,0.0,0.0,0.0,1.0,0.11002964630007142,172,14.402391354718741,0.6683523644266846,2.0,0.20411857919291007,0.36944939438686814,0.3038108941427497,0.0,nan,0.0
2.17242,200,1526.48301,0.0,1.0,2.1724202252642844,2.1724202252642844,0.0,0.0,0.0,1.0,0.18170356683165031,200,15.301652446877084,1.0086630838922535,2.0,0.2515289780497551,0.35997590243816374,0.2894733887910843,0.0,nan,0.0
13.004968,514,1531.531379,0.0,1.0,13.004967868855974,13.004967868855974,0.0,0.0,0.0,1.0,0.3448302797765953,514,17.90764896056321,0.8777056655128757,2.0,0.1347127356765799,0.3650363970127551,0.32740246994486116,0.0,nan,0.0
8.937801,302,1534.54041,0.0,1.0,8.937801290453919,8.937801290453919,0.0,0.0,0.0,1.0,0.2661578169155575,302,12.851825384766096,0.7766611408176131,2.0,0.26082634057430243,0.436396024874504,0.3455838118957368,0.0,nan,0.0
24.62393,512,1540.345179,0.0,1.0,24.62392994955043,24.62392994955043,0.0,0.0,0.0,1.0,0.40478987547408507,512,14.653583549140969,0.7831432665333956,2.0,0.25688064511632547,0.37475431617349386,0.3411793760024011,0.0,nan,0.0
8.685688,241,1542.650988,0.0,1.0,8.685687634961681,8.685687634961681,0.0,0.0,0.0,1.0,0.20895228999642967,241,15.616111950956169,0.6535449654453395,2.0,0.21255811776857653,0.3594191541810253,0.3211863315451689,0.0,nan,0.0
53.896244,600,1549.744014,0.0,0.0,53.896243537449784,53.896243537449784,0.0,0.0,0.0,0.0,0.5084941507035613,600,14.346977367464211,0.7673733235074354,2.0,0.278022555783391,0.39210757344961167,0.3384345084428787,0.0,nan,0.0
5.631154,282,1552.205455,0.0,1.0,5.6311544695304985,5.6311544695304985,0.0,0.0,0.0,1.0,0.3636385051051966,282,7.467389560765536,0.7798450319979945,2.0,0.5370842753414143,0.5089085316615747,0.43928642961995823,0.0,nan,0.0
2.710236,181,1553.984536,0.0,1.0,2.7102360094551035,2.7102360094551035,0.0,0.0,0.0,1.0,0.1829683344176511,181,10.99315510600261,0.7487111380020407,2.0,0.374644683375543,0.43592648348096985,0.3938451952697164,0.0,nan,0.0
3.702416,198,1556.027276,0.0,1.0,3.702415653836324,3.702415653836324,0.0,0.0,0.0,1.0,0.1647462441860659,198,9.109256226902394,0.6608351785309043,2.0,0.4451304009616977,0.4465643599478885,0.39403131724608065,0.0,nan,0.0
42.731706,600,1563.046701,0.0,0.0,42.73170642412295,42.73170642412295,0.0,0.0,0.0,0.0,0.5228082232726597,600,9.165426646810442,0.6958308796488094,2.0,0.49681253562370936,0.4617885438601176,0.37568528870741524,0.0,nan,0.0
51.13982,556,1569.872488,0.0,1.0,51.13982034680056,51.13982034680056,0.0,0.0,0.0,1.0,0.4784253749422417,556,16.138080498063538,0.659991988239478,2.0,0.24167639770203356,0.35364762950929807,0.29784286783324726,0.0,nan,0.0
77.368434,600,1575.736531,0.0,0.0,77.36843377334164,77.36843377334164,0.0,0.0,0.0,0.0,0.30314694011567567,600,17.876546856200797,0.6355299635815869,2.0,0.16785090724627177,0.2919122976064682,0.24289758851130802,0.0,nan,0.0
-5.040078,68,1576.458425,0.0,1.0,-5.0400780868403245,-5.0400780868403245,0.0,0.0,0.0,1.0,0.12648338954136043,68,8.28875513519827,0.7139217168418697,2.0,0.5073301209246411,0.3620050374199362,0.26309167286928964,0.0,nan,0.0
90.860759,600,1583.904842,0.0,0.0,90.86075878525546,90.86075878525546,0.0,0.0,0.0,0.0,0.8031686777227238,600,12.681958970245592,0.3787490989124108,2.0,0.4737776654337843,0.3831127470731735,0.33901290913422905,0.0,nan,0.0
74.765949,600,1589.549777,0.0,0.0,74.76594874281439,74.76594874281439,0.0,0.0,0.0,0.0,0.8155597505466687,600,15.812679331484814,0.5405236660198419,2.0,0.29895499666531883,0.3559754145145416,0.3094078108668327,0.0,nan,0.0
87.863473,600,1596.796465,0.0,0.0,87.86347317161285,87.86347317161285,0.0,0.0,0.0,0.0,0.8766175875562076,600,15.4298527584082,0.46552459670783897,2.0,0.35076681526998676,0.3740665384133657,0.29335830320914585,0.0,nan,0.0
83.671203,600,1602.717642,0.0,0.0,83.67120282114318,83.67120282114318,0.0,0.0,0.0,0.0,0.8832929969702888,600,14.007498674205308,0.5420571451974835,2.0,0.3852106136456132,0.40743266547719637,0.3270834415157636,0.0,nan,0.0
77.770401,445,1608.73656,1.0,0.0,77.77040079739285,77.77040079739285,0.0,0.0,0.0,0.0,0.9485444894811059,445,9.336507742725967,0.4147018182074106,2.0,0.6209795130102822,0.41227693852413905,0.3547124683187249,0.0,nan,0.0
91.681821,284,1611.505483,1.0,0.0,91.68182096843888,91.68182096843888,0.0,0.0,0.0,0.0,0.9532573112186145,284,12.127927754663027,0.27073576528517895,0.8522890632667511,0.6040495727211237,0.336015372628897,0.3152873528675294,0.0,nan,0.0
93.904195,483,1617.749438,1.0,0.0,93.90419499024787,93.90419499024787,0.0,0.0,0.0,0.0,0.9569599815919977,483,13.295613681880184,0.5768876450133087,2.0,0.4262248288847768,0.37573054105845544,0.32175566567644076,0.0,nan,0.0
51.894418,246,1620.491014,0.0,1.0,51.894418075224536,51.894418075224536,0.0,0.0,0.0,1.0,0.7925384850292161,246,14.045136073036566,0.41803404228831526,2.0,0.5956658956299468,0.3612140317757924,0.3194074640429117,0.0,nan,1.0
250.694242,639,1630.437632,1.0,0.0,250.6942420894651,250.6942420894651,0.0,0.0,0.0,0.0,0.9870825555928748,639,20.783510189073915,0.3280081329861661,2.0,0.5352845465493314,0.2979799747840153,0.2640596969586583,0.0,8.954293055591164,1.0
122.004037,800,1641.134846,0.0,0.0,122.00403658480997,122.00403658480997,0.0,0.0,0.0,0.0,0.5115504532716478,800,18.600969804907837,0.5812767204466879,2.0,0.24752521977759898,0.2924549762159586,0.26255422830581665,0.0,nan,1.0
52.180629,269,1646.60183,0.0,1.0,52.180628929622394,52.180628929622394,0.0,0.0,0.0,1.0,0.3379001930146681,269,14.757389756142027,0.4463988230975536,2.0,0.5869342836942593,0.33122606725054604,0.3077697705158957,0.0,nan,1.0
20.315572,171,1649.086548,0.0,1.0,20.315571721113418,20.315571721113418,0.0,0.0,0.0,1.0,0.16148798042771648,171,11.59908952809164,0.5717644445685397,2.0,0.5819250908598566,0.3415119829233627,0.288769022763124,0.0,nan,1.0
180.25338,648,1657.522302,0.0,1.0,180.2533801318472,180.2533801318472,0.0,0.0,0.0,1.0,0.9672458488981618,648,15.740823130822147,0.33777001649474425,2.0,0.5781290094011727,0.28583025780540927,0.2482928431328432,0.0,nan,1.0
52.772968,379,1664.617797,0.0,1.0,52.77296780170134,52.77296780170134,0.0,0.0,0.0,1.0,0.11894324489731956,379,16.705230328078475,0.7422406781399072,2.0,0.2863544278770764,0.3239405583737708,0.29575237561027107,0.005703752765405211,1.55705656540264,1.0
221.522681,744,1674.541184,0.0,1.0,221.52268077784305,221.52268077784305,0.0,0.0,0.0,1.0,0.8166119307426116,744,21.62034275619293,0.473866104634469,2.0,0.5319865874305207,0.24773202816485076,0.2142505423035673,0.0,nan,1.0
217.012269,618,1684.837425,1.0,0.0,217.01226880974173,217.01226880974173,0.0,0.0,0.0,0.0,0.9856126270214207,618,19.972563967794034,0.4875481434141312,2.0,0.5914763719759712,0.2320184067229237,0.2139502702021676,0.0,nan,1.0
254.929932,800,1697.857493,0.0,0.0,254.9299321956712,254.9299321956712,0.0,0.0,0.0,0.0,0.9132536341322226,800,20.527400948388504,0.4392641837483462,2.0,0.5812912728218361,0.21360721565783025,0.18756077118217945,0.0,nan,1.0
318.880358,687,1709.029144,1.0,0.0,318.88035796286226,318.88035796286226,0.0,0.0,0.0,0.0,0.9903435124500551,687,24.728328007378824,0.359367841103206,1.9055172530823332,0.5821370715939669,0.2257523781347483,0.19501936843475054,0.0,7.209857927059476,1.0
288.139085,532,1715.97695,1.0,0.0,288.1390851456969,288.1390851456969,0.0,0.0,0.0,0.0,0.9870178267162751,532,24.64045663656678,0.2784740685395569,0.9717347199269841,0.610824324064573,0.1695787914489445,0.15956134545175651,0.0,8.945040375147402,1.0
258.858796,800,1729.687291,0.0,0.0,258.85879600201685,258.85879600201685,0.0,0.0,0.0,0.0,0.889648361905924,800,20.779755652372433,0.42554673022120043,1.9638965360004899,0.60692884625867,0.20182470351457596,0.19135110408067704,0.0,nan,1.0
0.246081,55,1730.631003,0.0,1.0,0.2460805273805864,0.2460805273805864,0.0,0.0,0.0,1.0,0.05952390045962979,55,10.824436094098699,0.181750899003362,1.0677270653415598,0.6792732441967184,0.1599576950073242,0.1413474668156017,0.0,nan,1.0
227.102166,703,1741.431294,1.0,0.0,227.10216649807327,227.10216649807327,0.0,0.0,0.0,0.0,0.9894084193509843,703,20.584094155834762,0.45639539794949646,2.0,0.5757279889300402,0.20942409529455355,0.1962570526013164,0.0,nan,1.0
250.495137,682,1751.283376,1.0,0.0,250.49513677864252,250.49513677864252,0.0,0.0,0.0,0.0,0.9904251833445192,682,21.386097882033678,0.4612983383016457,2.0,0.5547937007724715,0.21226510104021368,0.19365652058481123,0.0,nan,1.0
339.461714,674,1762.465149,1.0,0.0,339.46171410160935,339.46171410160935,0.0,0.0,0.0,0.0,0.9885166090131633,674,22.376558900159225,0.2608326125552198,0.9724653269491201,0.5963640824811484,0.2337550101718846,0.20465305863219127,0.0006597656907914174,5.354168999556317,1.0
221.664811,469,1768.928385,1.0,0.0,221.66481090993165,221.66481090993165,0.0,0.0,0.0,0.0,0.9863374565290517,469,25.217166692561367,0.3629388857763027,1.5497894625761612,0.5476083494087399,0.21403257056339972,0.19510427479550782,0.0,nan,1.0
258.77346,404,1776.319605,1.0,0.0,258.77345965397274,258.77345965397274,0.0,0.0,0.0,0.0,0.9869136961934883,404,30.900684854058156,0.3203312235620205,0.9824619900470162,0.5442185487303108,0.11332020429101321,0.11550546194067096,0.0,nan,1.0
293.150854,778,1789.884003,1.0,0.0,293.150853949566,293.150853949566,0.0,0.0,0.0,0.0,0.9907886022468226,778,23.16249847333031,0.4277861581138496,2.0,0.5774116752990031,0.19054792357900763,0.16729987586984904,1.1954935406983343e-05,5.944194361520202,1.0
127.660975,283,1794.122527,0.0,1.0,127.66097471911209,127.66097471911209,0.0,0.0,0.0,1.0,0.668272132620265,283,25.19631955227947,0.32820811909659653,2.0,0.6510236782972888,0.1469129218650791,0.14051643340410697,0.0,nan,1.0
208.506871,308,1798.521529,1.0,0.0,208.50687076037883,208.50687076037883,0.0,0.0,0.0,0.0,0.9816211760392056,308,30.88888376349743,0.30359982446270195,0.9721281101662506,0.615409742169953,0.15465494177558206,0.13087034535098385,0.0,nan,1.0
296.290392,482,1808.009404,1.0,0.0,296.2903922329137,296.2903922329137,0.0,0.0,0.0,0.0,0.9883553124901713,482,28.548717821975842,0.3107535494149167,0.9934023516470728,0.5790453727330038,0.1420064572229425,0.13007688423409997,0.0,12.654267584050965,1.0
69.151147,192,1810.51581,0.0,1.0,69.15114694003077,69.15114694003077,0.0,0.0,0.0,1.0,0.5327176215999222,192,25.909539234320974,0.43887703630024166,2.0,0.5251035201363266,0.15014562693734965,0.13446930423378944,0.0,nan,1.0
121.16798,310,1815.214144,0.0,1.0,121.16797984585588,121.16797984585588,0.0,0.0,0.0,1.0,0.5170490036937003,310,25.72397175525433,0.4682986128576574,2.0,0.590444140520788,0.1535860933603779,0.13788380526727245,0.0,nan,1.0
64.445302,196,1818.549303,0.0,1.0,64.44530199598069,64.44530199598069,0.0,0.0,0.0,1.0,0.3942052292594134,196,23.30647511127064,0.2711293651246388,1.1147785775089607,0.619523356307526,0.11870669832034987,0.1169556166444506,0.0,nan,1.0
291.148254,437,1826.593822,1.0,0.0,291.14825358278995,291.14825358278995,0.0,0.0,0.0,0.0,0.990338221813514,437,33.429430288466264,0.33805408480034876,0.9977180012099063,0.6118788786522311,0.13309572722328064,0.13229734728483641,0.0,nan,1.0
80.912686,324,1831.227054,0.0,1.0,80.9126860187738,80.9126860187738,0.0,0.0,0.0,1.0,0.4445345609981189,324,23.99266233711068,0.42960233680422716,1.1086723959910831,0.5982026036046906,0.147938096228941,0.1357483286180614,0.0,nan,1.0
293.49562,453,1838.013704,1.0,0.0,293.4956204034846,293.4956204034846,0.0,0.0,0.0,0.0,0.9887292985541544,453,30.559793899254416,0.2912184895937596,0.9798671131073267,0.6652594935190073,0.11683077449040698,0.10969847638085978,0.0,nan,1.0
122.100807,295,1843.4498,0.0,1.0,122.10080742455776,122.10080742455776,0.0,0.0,0.0,1.0,0.6772941519859783,295,24.151810383794523,0.4071287018401456,2.0,0.5826408690820306,0.11779705104181322,0.11805919711872682,0.0,nan,1.0
189.416569,403,1848.688244,1.0,0.0,189.41656921088142,189.41656921088142,0.0,0.0,0.0,0.0,0.9805765818322918,403,25.105002281048804,0.3082282384839807,1.6009825747590412,0.5754586530863204,0.1360831596419474,0.13072086001744046,0.0,nan,1.0
281.507396,526,1857.268471,1.0,0.0,281.50739597219746,281.50739597219746,0.0,0.0,0.0,0.0,0.9881167161725289,526,26.23570102360699,0.33881137990250154,0.9901728841975701,0.5661115786875156,0.11279268681776387,0.10614164043288721,0.0,nan,1.0
193.992239,321,1862.124665,1.0,0.0,193.99223908995086,193.99223908995086,0.0,0.0,0.0,0.0,0.9797376221957809,321,24.561912273856255,0.22609379615503672,0.7224721233540516,0.5775751221425994,0.1412898172099271,0.14499720346147768,0.0,nan,1.0
226.905042,338,1867.10421,1.0,0.0,226.9050415317638,226.9050415317638,0.0,0.0,0.0,0.0,0.9878574959224375,338,30.326925058359212,0.28105197493556117,0.9517996991901357,0.5808341635402138,0.1299923915834822,0.11953272092977218,0.0,nan,1.0
148.357171,336,1873.429011,0.0,1.0,148.3571710552445,148.3571710552445,0.0,0.0,0.0,1.0,0.9226511600065778,336,25.78795747542134,0.3313517753533975,1.46181894285758,0.5958851845602372,0.11879924968594596,0.10685495571011588,0.0,nan,1.0
161.10758,507,1880.014287,0.0,1.0,161.10758041046924,161.10758041046924,0.0,0.0,0.0,1.0,0.782853067327092,507,24.19940020685029,0.4624026744678441,2.0,0.5567794962688781,0.12410502673606195,0.12006323389282829,0.0,nan,1.0
338.969564,488,1888.507141,1.0,0.0,338.9695643093665,338.9695643093665,0.0,0.0,0.0,0.0,0.9899175304144208,488,31.161374401060474,0.2863053495079567,0.9954944096318642,0.6165728425210129,0.09054337783915098,0.08485196994953469,0.0,nan,1.0
35.629888,106,1890.292234,0.0,1.0,35.62988763726685,35.62988763726685,0.0,0.0,0.0,1.0,0.16484511632696475,106,19.69823349674213,0.19714793596844682,1.5292884028742812,0.6271947847222382,0.1010038728983897,0.09433034343539544,0.0,nan,1.0
27.928556,136,1892.557952,0.0,1.0,27.92855577068783,27.92855577068783,0.0,0.0,0.0,1.0,0.27837488932312127,136,19.72410909201607,0.43986439657231674,1.4761471088252507,0.6024847413029741,0.1426389103426653,0.13735523381653955,0.0,nan,1.0
273.705224,541,1899.923908,1.0,0.0,273.70522416179915,273.70522416179915,0.0,0.0,0.0,0.0,0.9902996553845694,541,28.714747655429417,0.3611279006305268,1.4787823473513932,0.6022790859620364,0.08664398404895268,0.08475613616090165,0.0,nan,1.0
5.248613,66,1901.621545,0.0,1.0,5.248613288222545,5.248613288222545,0.0,0.0,0.0,1.0,0.06546335049305652,66,15.964363047932597,0.23610367901646903,1.0884433001596618,0.6024932763115927,0.04024370330752748,0.06390359004338582,0.0,nan,1.0
103.333368,327,1907.819235,0.0,1.0,103.33336771721967,103.33336771721967,0.0,0.0,0.0,1.0,0.6391303753246526,327,27.116920619293968,0.5295582584921267,1.6705880470488512,0.49874124621305993,0.09461157985418944,0.08553053734863934,0.0,nan,1.0
91.928009,246,1911.645615,0.0,1.0,91.92800921262706,91.92800921262706,0.0,0.0,0.0,1.0,0.6712091979709158,246,28.585205584168396,0.43737310584397837,1.7497887760859627,0.514772919135365,0.08314273221705987,0.08133408645304238,0.0,nan,1.0
229.03089,348,1916.415589,1.0,0.0,229.0308903126479,229.0308903126479,0.0,0.0,0.0,0.0,0.982455976391683,348,31.79864800662325,0.334175087189655,1.1373733160160424,0.5429081134284022,0.06933084883909116,0.06767793290916531,0.007625337156261054,3.4090850945161284,1.0
291.829398,491,1924.675807,1.0,0.0,291.82939767475256,291.82939767475256,0.0,0.0,0.0,0.0,0.9873936801678967,491,27.886392488869948,0.3182356360973817,1.0776510638456058,0.5732423195619204,0.09478040455315118,0.08767443567575117,0.0,nan,1.0
310.515957,462,1931.639356,1.0,0.0,310.51595696693744,310.51595696693744,0.0,0.0,0.0,0.0,0.9893160657845148,462,31.806732414219148,0.2972325498503208,0.9989702373740176,0.5557993495135338,0.06774510269041185,0.06897688144213193,0.00366942631308039,4.634060435496107,1.0
249.648251,351,1939.092686,1.0,0.0,249.64825149919153,249.64825149919153,0.0,0.0,0.0,0.0,0.9844242333692953,351,34.05365733253121,0.3061267543459028,0.9502693020933337,0.5781891705133976,0.06764714704279887,0.07356949952932504,0.0,nan,1.0
164.094544,357,1944.523948,0.0,1.0,164.09454441621827,164.09454441621827,1.0,1.0,0.0,0.0,0.64822609104357,357,29.95142014533977,0.38068086375017596,1.4235178565041617,0.5670933965332702,0.11282286523770885,0.11023315061040286,0.039261504294703764,1.163011224005194,1.0
188.932746,346,1949.959895,1.0,0.0,188.93274605897216,188.93274605897216,0.0,0.0,0.0,0.0,0.9823848223523708,346,27.14868365438722,0.29329578935660683,0.9945766166838702,0.5858471303790636,0.041020617319669335,0.041921738599766195,0.0,nan,1.0
287.147401,481,1959.450428,1.0,0.0,287.1474014981201,287.1474014981201,0.0,0.0,0.0,0.0,0.9875561246739522,481,27.777887159461088,0.3148902410344923,0.9977047436404706,0.5568087504258894,0.09649804624846968,0.09033514680089177,0.0,nan,1.0
130.532679,277,1964.207879,0.0,1.0,130.53267901425588,130.53267901425588,0.0,0.0,0.0,1.0,0.5129788021027232,277,26.586276391444564,0.30886175452001696,1.1396195783621572,0.6181909658203056,0.0627968466238855,0.06821791531807249,0.0,nan,1.0
88.418097,201,1967.371495,0.0,1.0,88.41809698673859,88.41809698673859,0.0,0.0,0.0,1.0,0.6254179381359918,201,26.85125862348713,0.3180701442008919,1.0871914795490119,0.5586388320546245,0.06919001584029316,0.07293458542420496,0.0,nan,1.0
139.789255,353,1974.37739,0.0,1.0,139.7892552838177,139.7892552838177,1.0,1.0,0.0,0.0,0.5884960217008562,353,30.079710901235895,0.48771432545353244,1.3943052738589723,0.5985922671263515,0.08833015876856472,0.08797472259478259,0.05034044191474007,1.7612279578733026,1.0
269.622503,412,1980.471318,1.0,0.0,269.62250282237903,269.62250282237903,0.0,0.0,0.0,0.0,0.9813910985017267,412,28.79500944508416,0.25785596597006444,0.9832343979686216,0.5780286817332205,0.08815275089254657,0.08779346798230143,0.0,nan,1.0
281.95775,360,1985.188009,1.0,0.0,281.95775028624575,281.95775028624575,0.0,0.0,0.0,0.0,0.987724185743237,360,34.517607849623445,0.2602898887978981,0.8010768274599745,0.5580070728746553,0.08022776047388712,0.07697356873088412,0.0,8.86875950494635,1.0
381.606507,672,1996.767684,1.0,0.0,381.6065065286264,381.6065065286264,0.0,0.0,0.0,0.0,0.990916047588882,672,28.30976543146623,0.33326147843104753,1.0229475241788992,0.5723316842590326,0.09562328883579799,0.0891426248209817,0.0,62.87353920176455,1.0
302.416403,606,2006.756934,1.0,0.0,302.4164031051465,302.4164031051465,0.0,0.0,0.0,0.0,0.9907291634785347,606,29.776374277468975,0.4582190901350816,2.0,0.559388393948082,0.09963760065166864,0.09709245576323455,0.0,nan,1.0
147.130167,400,2012.555511,0.0,1.0,147.13016721763805,147.13016721763805,0.0,0.0,0.0,1.0,0.7379751037011485,400,31.906753836040192,0.5448814353394744,2.0,0.5856149419210851,0.09060069024562836,0.09110880583524704,0.0,11.344035058319406,1.0
100.124694,318,2017.625866,0.0,1.0,100.12469426350341,100.12469426350341,0.0,0.0,0.0,1.0,0.5490281454169753,318,25.8772991514221,0.5223723086122913,1.8790003250008636,0.5471219894646099,0.09789442266308286,0.10184350815958947,0.0,nan,1.0
203.22711,355,2024.179985,1.0,0.0,203.22711000963162,203.22711000963162,0.0,0.0,0.0,0.0,0.9898428029363664,355,36.73164929487215,0.4649054154940633,1.5139732209931518,0.5947855880982439,0.049260304679333324,0.047611711730419747,0.0,12.601767471797471,1.0
158.051313,256,2028.308145,0.0,1.0,158.05131292046474,158.05131292046474,0.0,0.0,0.0,1.0,0.6634137025644293,256,31.973555501085453,0.27279906764725026,2.0,0.6126602092699613,0.11091790185309947,0.10038374667055905,0.034763481201548686,1.013752744816766,1.0
386.252753,561,2037.753101,1.0,0.0,386.2527527979995,386.2527527979995,0.0,0.0,0.0,0.0,0.9925954775528404,561,34.320109394587035,0.317022822416527,0.9955148444663281,0.5077863548502141,0.08999103233351002,0.0881585022982429,0.0,7.159970566148667,1.0
