start_time=2026-06-30T17:58:25+08:00
variant=proposed seed=1 root=outputs/candidate_lane1_out150_cost50_nenv16_seed1_1m timesteps=1000000 horizon=1500 n_envs=16 episodes=50 device=cuda extra_args=--ent-coef 0.01 --reward-ttc 6 --reward-cost 50 --reward-overspeed 3 --reward-target-speed 18 --reward-progress 40 --reward-lane 1.0 --reward-success-bonus 55 --reward-crash-penalty 120 --reward-out-of-road-penalty 150 --reward-ttc-threshold 12 --stage2-success 0.50 --stage2-cost 0.25 --demote-cost 0.35
/home/aaa/data/qj/stable-baselines3-master/stable_baselines3/common/on_policy_algorithm.py:150: UserWarning: You are trying to run PPO on the GPU, but it is primarily intended to run on the CPU when not using a CNN policy (you are using ActorCriticPolicy which should be a MlpPolicy). See https://github.com/DLR-RM/stable-baselines3/issues/1245 for more info. You can pass `device='cpu'` or `export CUDA_VISIBLE_DEVICES=` to force using the CPU.Note: The model will train, but the GPU utilization will be poor and the training might take longer than on CPU.
  warnings.warn(
Using cuda device
Logging to outputs/candidate_lane1_out150_cost50_nenv16_seed1_1m/runs/proposed_ppo_s1/tensorboard/proposed_ppo_s1_1
------------------------------------
| paper/                |          |
|    accel_variation    | 0.824    |
|    base_reward        | 6.49     |
|    collision          | 0        |
|    crash_object       | 0        |
|    crash_vehicle      | 0        |
|    episode_cost       | 0        |
|    episode_length     | 600      |
|    jerk               | 0.652    |
|    lane_deviation     | 0.0292   |
|    max_lane_deviation | 0.0759   |
|    mean_speed_kmh     | 0.666    |
|    min_ttc            | nan      |
|    out_of_road        | 0        |
|    route_completion   | 0.116    |
|    shaped_reward      | -92.5    |
|    steering_variation | 0.831    |
|    success            | 0        |
|    ttc_risk           | 0        |
| rollout/              |          |
|    ep_len_mean        | 600      |
|    ep_rew_mean        | -108     |
|    success_rate       | 0        |
| time/                 |          |
|    fps                | 2649     |
|    iterations         | 1        |
|    time_elapsed       | 6        |
|    total_timesteps    | 16384    |
------------------------------------
---------------------------------------------
| curriculum/                |              |
|    stage                   | 0            |
|    window_cost             | 0            |
|    window_route_completion | 0.115        |
|    window_success          | 0            |
| paper/                     |              |
|    accel_variation         | 0.816        |
|    base_reward             | 7.42         |
|    collision               | 0            |
|    crash_object            | 0            |
|    crash_vehicle           | 0            |
|    episode_cost            | 0            |
|    episode_length          | 600          |
|    jerk                    | 0.646        |
|    lane_deviation          | 0.142        |
|    max_lane_deviation      | 0.26         |
|    mean_speed_kmh          | 0.793        |
|    min_ttc                 | nan          |
|    out_of_road             | 0            |
|    route_completion        | 0.102        |
|    shaped_reward           | -103         |
|    steering_variation      | 0.827        |
|    success                 | 0            |
|    ttc_risk                | 0            |
| rollout/                   |              |
|    ep_len_mean             | 600          |
|    ep_rew_mean             | -118         |
|    success_rate            | 0            |
| time/                      |              |
|    fps                     | 2312         |
|    iterations              | 2            |
|    time_elapsed            | 14           |
|    total_timesteps         | 32768        |
| train/                     |              |
|    approx_kl               | 0.0061733574 |
|    clip_fraction           | 0.0865       |
|    clip_range              | 0.2          |
|    entropy_loss            | -2.83        |
|    explained_variance      | 0.00493      |
|    learning_rate           | 0.0003       |
|    loss                    | 0.293        |
|    n_updates               | 10           |
|    policy_gradient_loss    | -0.00495     |
|    std                     | 0.995        |
|    value_loss              | 0.717        |
---------------------------------------------
--------------------------------------------
| curriculum/                |             |
|    stage                   | 0           |
|    window_cost             | 0           |
|    window_route_completion | 0.136       |
|    window_success          | 0           |
| paper/                     |             |
|    accel_variation         | 0.829       |
|    base_reward             | 8.21        |
|    collision               | 0           |
|    crash_object            | 0           |
|    crash_vehicle           | 0           |
|    episode_cost            | 0           |
|    episode_length          | 600         |
|    jerk                    | 0.649       |
|    lane_deviation          | 0.317       |
|    max_lane_deviation      | 0.701       |
|    mean_speed_kmh          | 0.961       |
|    min_ttc                 | nan         |
|    out_of_road             | 0           |
|    route_completion        | 0.126       |
|    shaped_reward           | -173        |
|    steering_variation      | 0.811       |
|    success                 | 0           |
|    ttc_risk                | 0           |
| rollout/                   |             |
|    ep_len_mean             | 600         |
|    ep_rew_mean             | -147        |
|    success_rate            | 0           |
| time/                      |             |
|    fps                     | 2223        |
|    iterations              | 3           |
|    time_elapsed            | 22          |
|    total_timesteps         | 49152       |
| train/                     |             |
|    approx_kl               | 0.004468055 |
|    clip_fraction           | 0.0273      |
|    clip_range              | 0.2         |
|    entropy_loss            | -2.83       |
|    explained_variance      | -0.0031     |
|    learning_rate           | 0.0003      |
|    loss                    | 1.29        |
|    n_updates               | 20          |
|    policy_gradient_loss    | -0.000823   |
|    std                     | 0.993       |
|    value_loss              | 3.48        |
--------------------------------------------
---------------------------------------------
| curriculum/                |              |
|    stage                   | 0            |
|    window_cost             | 0.1          |
|    window_route_completion | 0.155        |
|    window_success          | 0            |
| paper/                     |              |
|    accel_variation         | 0.813        |
|    base_reward             | 9.75         |
|    collision               | 0            |
|    crash_object            | 0            |
|    crash_vehicle           | 0            |
|    episode_cost            | 0            |
|    episode_length          | 600          |
|    jerk                    | 0.626        |
|    lane_deviation          | 0.202        |
|    max_lane_deviation      | 0.626        |
|    mean_speed_kmh          | 0.921        |
|    min_ttc                 | nan          |
|    out_of_road             | 0            |
|    route_completion        | 0.167        |
|    shaped_reward           | -122         |
|    steering_variation      | 0.835        |
|    success                 | 0            |
|    ttc_risk                | 0            |
| rollout/                   |              |
|    ep_len_mean             | 599          |
|    ep_rew_mean             | -161         |
|    success_rate            | 0            |
| time/                      |              |
|    fps                     | 2182         |
|    iterations              | 4            |
|    time_elapsed            | 30           |
|    total_timesteps         | 65536        |
| train/                     |              |
|    approx_kl               | 0.0032301806 |
|    clip_fraction           | 0.0137       |
|    clip_range              | 0.2          |
|    entropy_loss            | -2.83        |
|    explained_variance      | 0.121        |
|    learning_rate           | 0.0003       |
|    loss                    | 9.53         |
|    n_updates               | 30           |
|    policy_gradient_loss    | -0.000497    |
|    std                     | 0.994        |
|    value_loss              | 28.1         |
---------------------------------------------
---------------------------------------------
| curriculum/                |              |
|    stage                   | 0            |
|    window_cost             | 0.1          |
|    window_route_completion | 0.173        |
|    window_success          | 0            |
| paper/                     |              |
|    accel_variation         | 0.754        |
|    base_reward             | 6.27         |
|    collision               | 0            |
|    crash_object            | 0            |
|    crash_vehicle           | 0            |
|    episode_cost            | 0            |
|    episode_length          | 600          |
|    jerk                    | 0.606        |
|    lane_deviation          | 0.569        |
|    max_lane_deviation      | 1.5          |
|    mean_speed_kmh          | 1.17         |
|    min_ttc                 | nan          |
|    out_of_road             | 0            |
|    route_completion        | 0.194        |
|    shaped_reward           | -341         |
|    steering_variation      | 0.795        |
|    success                 | 0            |
|    ttc_risk                | 0            |
| rollout/                   |              |
|    ep_len_mean             | 598          |
|    ep_rew_mean             | -189         |
|    success_rate            | 0            |
| time/                      |              |
|    fps                     | 2151         |
|    iterations              | 5            |
|    time_elapsed            | 38           |
|    total_timesteps         | 81920        |
| train/                     |              |
|    approx_kl               | 0.0013452976 |
|    clip_fraction           | 0.00254      |
|    clip_range              | 0.2          |
|    entropy_loss            | -2.83        |
|    explained_variance      | 0.208        |
|    learning_rate           | 0.0003       |
|    loss                    | 34.5         |
|    n_updates               | 40           |
|    policy_gradient_loss    | -0.00032     |
|    std                     | 0.994        |
|    value_loss              | 68.2         |
---------------------------------------------
--------------------------------------------
| curriculum/                |             |
|    stage                   | 0           |
|    window_cost             | 0.0667      |
|    window_route_completion | 0.162       |
|    window_success          | 0           |
| paper/                     |             |
|    accel_variation         | 0.822       |
|    base_reward             | 8.24        |
|    collision               | 0           |
|    crash_object            | 0           |
|    crash_vehicle           | 0           |
|    episode_cost            | 0           |
|    episode_length          | 600         |
|    jerk                    | 0.612       |
|    lane_deviation          | 0.461       |
|    max_lane_deviation      | 1.16        |
|    mean_speed_kmh          | 1.19        |
|    min_ttc                 | nan         |
|    out_of_road             | 0           |
|    route_completion        | 0.181       |
|    shaped_reward           | -266        |
|    steering_variation      | 0.8         |
|    success                 | 0           |
|    ttc_risk                | 0           |
| rollout/                   |             |
|    ep_len_mean             | 596         |
|    ep_rew_mean             | -209        |
|    success_rate            | 0           |
| time/                      |             |
|    fps                     | 2134        |
|    iterations              | 6           |
|    time_elapsed            | 46          |
|    total_timesteps         | 98304       |
| train/                     |             |
|    approx_kl               | 0.002794168 |
|    clip_fraction           | 0.0126      |
|    clip_range              | 0.2         |
|    entropy_loss            | -2.83       |
|    explained_variance      | 0.491       |
|    learning_rate           | 0.0003      |
|    loss                    | 9.9         |
|    n_updates               | 50          |
|    policy_gradient_loss    | -0.000745   |
|    std                     | 0.995       |
|    value_loss              | 74.4        |
--------------------------------------------
--------------------------------------------
| curriculum/                |             |
|    stage                   | 0           |
|    window_cost             | 0.0333      |
|    window_route_completion | 0.155       |
|    window_success          | 0           |
| paper/                     |             |
|    accel_variation         | 0.838       |
|    base_reward             | 8.22        |
|    collision               | 0           |
|    crash_object            | 0           |
|    crash_vehicle           | 0           |
|    episode_cost            | 0           |
|    episode_length          | 600         |
|    jerk                    | 0.666       |
|    lane_deviation          | 0.221       |
|    max_lane_deviation      | 0.671       |
|    mean_speed_kmh          | 0.909       |
|    min_ttc                 | nan         |
|    out_of_road             | 0           |
|    route_completion        | 0.158       |
|    shaped_reward           | -136        |
|    steering_variation      | 0.819       |
|    success                 | 0           |
|    ttc_risk                | 0           |
| rollout/                   |             |
|    ep_len_mean             | 594         |
|    ep_rew_mean             | -209        |
|    success_rate            | 0           |
| time/                      |             |
|    fps                     | 2122        |
|    iterations              | 7           |
|    time_elapsed            | 54          |
|    total_timesteps         | 114688      |
| train/                     |             |
|    approx_kl               | 0.002694272 |
|    clip_fraction           | 0.00683     |
|    clip_range              | 0.2         |
|    entropy_loss            | -2.83       |
|    explained_variance      | 0.7         |
|    learning_rate           | 0.0003      |
|    loss                    | 3.24        |
|    n_updates               | 60          |
|    policy_gradient_loss    | -0.000427   |
|    std                     | 0.998       |
|    value_loss              | 50.5        |
--------------------------------------------
---------------------------------------------
| curriculum/                |              |
|    stage                   | 0            |
|    window_cost             | 0            |
|    window_route_completion | 0.143        |
|    window_success          | 0            |
| paper/                     |              |
|    accel_variation         | 0.805        |
|    base_reward             | 6.79         |
|    collision               | 0            |
|    crash_object            | 0            |
|    crash_vehicle           | 0            |
|    episode_cost            | 0            |
|    episode_length          | 600          |
|    jerk                    | 0.627        |
|    lane_deviation          | 0.317        |
|    max_lane_deviation      | 0.902        |
|    mean_speed_kmh          | 0.859        |
|    min_ttc                 | nan          |
|    out_of_road             | 0            |
|    route_completion        | 0.145        |
|    shaped_reward           | -177         |
|    steering_variation      | 0.825        |
|    success                 | 0            |
|    ttc_risk                | 0            |
| rollout/                   |              |
|    ep_len_mean             | 595          |
|    ep_rew_mean             | -235         |
|    success_rate            | 0            |
| time/                      |              |
|    fps                     | 2111         |
|    iterations              | 8            |
|    time_elapsed            | 62           |
|    total_timesteps         | 131072       |
| train/                     |              |
|    approx_kl               | 0.0038889735 |
|    clip_fraction           | 0.011        |
|    clip_range              | 0.2          |
|    entropy_loss            | -2.84        |
|    explained_variance      | 0.71         |
|    learning_rate           | 0.0003       |
|    loss                    | 12.1         |
|    n_updates               | 70           |
|    policy_gradient_loss    | -0.000383    |
|    std                     | 1            |
|    value_loss              | 54.9         |
---------------------------------------------
--------------------------------------------
| curriculum/                |             |
|    stage                   | 0           |
|    window_cost             | 0           |
|    window_route_completion | 0.138       |
|    window_success          | 0           |
| paper/                     |             |
|    accel_variation         | 0.793       |
|    base_reward             | 8.34        |
|    collision               | 0           |
|    crash_object            | 0           |
|    crash_vehicle           | 0           |
|    episode_cost            | 0           |
|    episode_length          | 600         |
|    jerk                    | 0.657       |
|    lane_deviation          | 0.363       |
|    max_lane_deviation      | 1           |
|    mean_speed_kmh          | 0.996       |
|    min_ttc                 | nan         |
|    out_of_road             | 0           |
|    route_completion        | 0.171       |
|    shaped_reward           | -223        |
|    steering_variation      | 0.806       |
|    success                 | 0           |
|    ttc_risk                | 0           |
| rollout/                   |             |
|    ep_len_mean             | 597         |
|    ep_rew_mean             | -245        |
|    success_rate            | 0           |
| time/                      |             |
|    fps                     | 2101        |
|    iterations              | 9           |
|    time_elapsed            | 70          |
|    total_timesteps         | 147456      |
| train/                     |             |
|    approx_kl               | 0.003916694 |
|    clip_fraction           | 0.0271      |
|    clip_range              | 0.2         |
|    entropy_loss            | -2.84       |
|    explained_variance      | 0.921       |
|    learning_rate           | 0.0003      |
|    loss                    | 7.41        |
|    n_updates               | 80          |
|    policy_gradient_loss    | -0.00107    |
|    std                     | 1           |
|    value_loss              | 18.1        |
--------------------------------------------
---------------------------------------------
| curriculum/                |              |
|    stage                   | 0            |
|    window_cost             | 0            |
|    window_route_completion | 0.133        |
|    window_success          | 0            |
| paper/                     |              |
|    accel_variation         | 0.819        |
|    base_reward             | 10           |
|    collision               | 0            |
|    crash_object            | 0            |
|    crash_vehicle           | 0            |
|    episode_cost            | 0            |
|    episode_length          | 600          |
|    jerk                    | 0.652        |
|    lane_deviation          | 0.0488       |
|    max_lane_deviation      | 0.115        |
|    mean_speed_kmh          | 0.865        |
|    min_ttc                 | nan          |
|    out_of_road             | 0            |
|    route_completion        | 0.151        |
|    shaped_reward           | -87.4        |
|    steering_variation      | 0.823        |
|    success                 | 0            |
|    ttc_risk                | 0            |
| rollout/                   |              |
|    ep_len_mean             | 600          |
|    ep_rew_mean             | -223         |
|    success_rate            | 0            |
| time/                      |              |
|    fps                     | 2096         |
|    iterations              | 10           |
|    time_elapsed            | 78           |
|    total_timesteps         | 163840       |
| train/                     |              |
|    approx_kl               | 0.0023534289 |
|    clip_fraction           | 0.014        |
|    clip_range              | 0.2          |
|    entropy_loss            | -2.85        |
|    explained_variance      | 0.89         |
|    learning_rate           | 0.0003       |
|    loss                    | 6.76         |
|    n_updates               | 90           |
|    policy_gradient_loss    | -0.00113     |
|    std                     | 1.01         |
|    value_loss              | 30.4         |
---------------------------------------------
---------------------------------------------
| curriculum/                |              |
|    stage                   | 0            |
|    window_cost             | 0            |
|    window_route_completion | 0.126        |
|    window_success          | 0            |
| paper/                     |              |
|    accel_variation         | 0.835        |
|    base_reward             | 8.86         |
|    collision               | 0            |
|    crash_object            | 0            |
|    crash_vehicle           | 0            |
|    episode_cost            | 0            |
|    episode_length          | 600          |
|    jerk                    | 0.611        |
|    lane_deviation          | 0.163        |
|    max_lane_deviation      | 0.285        |
|    mean_speed_kmh          | 0.864        |
|    min_ttc                 | nan          |
|    out_of_road             | 0            |
|    route_completion        | 0.12         |
|    shaped_reward           | -106         |
|    steering_variation      | 0.855        |
|    success                 | 0            |
|    ttc_risk                | 0            |
| rollout/                   |              |
|    ep_len_mean             | 600          |
|    ep_rew_mean             | -194         |
|    success_rate            | 0            |
| time/                      |              |
|    fps                     | 2094         |
|    iterations              | 11           |
|    time_elapsed            | 86           |
|    total_timesteps         | 180224       |
| train/                     |              |
|    approx_kl               | 0.0026845648 |
|    clip_fraction           | 0.0352       |
|    clip_range              | 0.2          |
|    entropy_loss            | -2.85        |
|    explained_variance      | 0.968        |
|    learning_rate           | 0.0003       |
|    loss                    | 1.28         |
|    n_updates               | 100          |
|    policy_gradient_loss    | -0.00134     |
|    std                     | 1.01         |
|    value_loss              | 3.85         |
---------------------------------------------
-------------------------------------------
| curriculum/                |            |
|    stage                   | 0          |
|    window_cost             | 0          |
|    window_route_completion | 0.138      |
|    window_success          | 0          |
| paper/                     |            |
|    accel_variation         | 0.841      |
|    base_reward             | 9.73       |
|    collision               | 0          |
|    crash_object            | 0          |
|    crash_vehicle           | 0          |
|    episode_cost            | 0          |
|    episode_length          | 600        |
|    jerk                    | 0.615      |
|    lane_deviation          | 0.0548     |
|    max_lane_deviation      | 0.166      |
|    mean_speed_kmh          | 0.912      |
|    min_ttc                 | nan        |
|    out_of_road             | 0          |
|    route_completion        | 0.148      |
|    shaped_reward           | -85.3      |
|    steering_variation      | 0.808      |
|    success                 | 0          |
|    ttc_risk                | 0          |
| rollout/                   |            |
|    ep_len_mean             | 600        |
|    ep_rew_mean             | -158       |
|    success_rate            | 0          |
| time/                      |            |
|    fps                     | 2089       |
|    iterations              | 12         |
|    time_elapsed            | 94         |
|    total_timesteps         | 196608     |
| train/                     |            |
|    approx_kl               | 0.00966988 |
|    clip_fraction           | 0.0858     |
|    clip_range              | 0.2        |
|    entropy_loss            | -2.85      |
|    explained_variance      | 0.976      |
|    learning_rate           | 0.0003     |
|    loss                    | 0.489      |
|    n_updates               | 110        |
|    policy_gradient_loss    | -0.00456   |
|    std                     | 1          |
|    value_loss              | 1.95       |
-------------------------------------------
---------------------------------------------
| curriculum/                |              |
|    stage                   | 0            |
|    window_cost             | 0            |
|    window_route_completion | 0.127        |
|    window_success          | 0            |
| paper/                     |              |
|    accel_variation         | 0.826        |
|    base_reward             | 9.52         |
|    collision               | 0            |
|    crash_object            | 0            |
|    crash_vehicle           | 0            |
|    episode_cost            | 0            |
|    episode_length          | 600          |
|    jerk                    | 0.625        |
|    lane_deviation          | 0.144        |
|    max_lane_deviation      | 0.303        |
|    mean_speed_kmh          | 0.941        |
|    min_ttc                 | nan          |
|    out_of_road             | 0            |
|    route_completion        | 0.129        |
|    shaped_reward           | -96.4        |
|    steering_variation      | 0.821        |
|    success                 | 0            |
|    ttc_risk                | 0            |
| rollout/                   |              |
|    ep_len_mean             | 600          |
|    ep_rew_mean             | -139         |
|    success_rate            | 0            |
| time/                      |              |
|    fps                     | 2083         |
|    iterations              | 13           |
|    time_elapsed            | 102          |
|    total_timesteps         | 212992       |
| train/                     |              |
|    approx_kl               | 0.0038033193 |
|    clip_fraction           | 0.0439       |
|    clip_range              | 0.2          |
|    entropy_loss            | -2.85        |
|    explained_variance      | 0.968        |
|    learning_rate           | 0.0003       |
|    loss                    | 2.2          |
|    n_updates               | 120          |
|    policy_gradient_loss    | -0.00133     |
|    std                     | 1            |
|    value_loss              | 3.53         |
---------------------------------------------
--------------------------------------------
| curriculum/                |             |
|    stage                   | 0           |
|    window_cost             | 0.0667      |
|    window_route_completion | 0.125       |
|    window_success          | 0           |
| paper/                     |             |
|    accel_variation         | 0.781       |
|    base_reward             | -6.31       |
|    collision               | 0           |
|    crash_object            | 0           |
|    crash_vehicle           | 0           |
|    episode_cost            | 1           |
|    episode_length          | 535         |
|    jerk                    | 0.597       |
|    lane_deviation          | 0.368       |
|    max_lane_deviation      | 1.03        |
|    mean_speed_kmh          | 0.85        |
|    min_ttc                 | nan         |
|    out_of_road             | 1           |
|    route_completion        | 0.123       |
|    shaped_reward           | -411        |
|    steering_variation      | 0.779       |
|    success                 | 0           |
|    ttc_risk                | 0           |
| rollout/                   |             |
|    ep_len_mean             | 596         |
|    ep_rew_mean             | -140        |
|    success_rate            | 0           |
| time/                      |             |
|    fps                     | 2077        |
|    iterations              | 14          |
|    time_elapsed            | 110         |
|    total_timesteps         | 229376      |
| train/                     |             |
|    approx_kl               | 0.005414355 |
|    clip_fraction           | 0.0513      |
|    clip_range              | 0.2         |
|    entropy_loss            | -2.85       |
|    explained_variance      | 0.98        |
|    learning_rate           | 0.0003      |
|    loss                    | 0.754       |
|    n_updates               | 130         |
|    policy_gradient_loss    | -0.00144    |
|    std                     | 1           |
|    value_loss              | 2.03        |
--------------------------------------------
---------------------------------------------
| curriculum/                |              |
|    stage                   | 0            |
|    window_cost             | 0.0333       |
|    window_route_completion | 0.123        |
|    window_success          | 0            |
| paper/                     |              |
|    accel_variation         | 0.856        |
|    base_reward             | 8.55         |
|    collision               | 0            |
|    crash_object            | 0            |
|    crash_vehicle           | 0            |
|    episode_cost            | 0            |
|    episode_length          | 600          |
|    jerk                    | 0.671        |
|    lane_deviation          | 0.0475       |
|    max_lane_deviation      | 0.153        |
|    mean_speed_kmh          | 0.831        |
|    min_ttc                 | nan          |
|    out_of_road             | 0            |
|    route_completion        | 0.109        |
|    shaped_reward           | -90.3        |
|    steering_variation      | 0.808        |
|    success                 | 0            |
|    ttc_risk                | 0            |
| rollout/                   |              |
|    ep_len_mean             | 596          |
|    ep_rew_mean             | -141         |
|    success_rate            | 0            |
| time/                      |              |
|    fps                     | 2076         |
|    iterations              | 15           |
|    time_elapsed            | 118          |
|    total_timesteps         | 245760       |
| train/                     |              |
|    approx_kl               | 0.0039579505 |
|    clip_fraction           | 0.0678       |
|    clip_range              | 0.2          |
|    entropy_loss            | -2.85        |
|    explained_variance      | 0.865        |
|    learning_rate           | 0.0003       |
|    loss                    | 12.9         |
|    n_updates               | 140          |
|    policy_gradient_loss    | -0.00156     |
|    std                     | 1.01         |
|    value_loss              | 26.4         |
---------------------------------------------
--------------------------------------------
| curriculum/                |             |
|    stage                   | 0           |
|    window_cost             | 0           |
|    window_route_completion | 0.116       |
|    window_success          | 0           |
| paper/                     |             |
|    accel_variation         | 0.817       |
|    base_reward             | 7.49        |
|    collision               | 0           |
|    crash_object            | 0           |
|    crash_vehicle           | 0           |
|    episode_cost            | 0           |
|    episode_length          | 600         |
|    jerk                    | 0.64        |
|    lane_deviation          | 0.0611      |
|    max_lane_deviation      | 0.131       |
|    mean_speed_kmh          | 0.763       |
|    min_ttc                 | nan         |
|    out_of_road             | 0           |
|    route_completion        | 0.113       |
|    shaped_reward           | -93.5       |
|    steering_variation      | 0.814       |
|    success                 | 0           |
|    ttc_risk                | 0           |
| rollout/                   |             |
|    ep_len_mean             | 596         |
|    ep_rew_mean             | -141        |
|    success_rate            | 0           |
| time/                      |             |
|    fps                     | 2075        |
|    iterations              | 16          |
|    time_elapsed            | 126         |
|    total_timesteps         | 262144      |
| train/                     |             |
|    approx_kl               | 0.004920263 |
|    clip_fraction           | 0.0557      |
|    clip_range              | 0.2         |
|    entropy_loss            | -2.86       |
|    explained_variance      | 0.983       |
|    learning_rate           | 0.0003      |
|    loss                    | 1.4         |
|    n_updates               | 150         |
|    policy_gradient_loss    | -0.00279    |
|    std                     | 1.01        |
|    value_loss              | 3.12        |
--------------------------------------------
---------------------------------------------
| curriculum/                |              |
|    stage                   | 0            |
|    window_cost             | 0            |
|    window_route_completion | 0.112        |
|    window_success          | 0            |
| paper/                     |              |
|    accel_variation         | 0.822        |
|    base_reward             | 6.95         |
|    collision               | 0            |
|    crash_object            | 0            |
|    crash_vehicle           | 0            |
|    episode_cost            | 0            |
|    episode_length          | 600          |
|    jerk                    | 0.611        |
|    lane_deviation          | 0.114        |
|    max_lane_deviation      | 0.351        |
|    mean_speed_kmh          | 0.789        |
|    min_ttc                 | nan          |
|    out_of_road             | 0            |
|    route_completion        | 0.116        |
|    shaped_reward           | -101         |
|    steering_variation      | 0.843        |
|    success                 | 0            |
|    ttc_risk                | 0            |
| rollout/                   |              |
|    ep_len_mean             | 599          |
|    ep_rew_mean             | -135         |
|    success_rate            | 0            |
| time/                      |              |
|    fps                     | 2075         |
|    iterations              | 17           |
|    time_elapsed            | 134          |
|    total_timesteps         | 278528       |
| train/                     |              |
|    approx_kl               | 0.0039090663 |
|    clip_fraction           | 0.0454       |
|    clip_range              | 0.2          |
|    entropy_loss            | -2.87        |
|    explained_variance      | 0.978        |
|    learning_rate           | 0.0003       |
|    loss                    | 0.871        |
|    n_updates               | 160          |
|    policy_gradient_loss    | -0.00165     |
|    std                     | 1.02         |
|    value_loss              | 3.86         |
---------------------------------------------
---------------------------------------------
| curriculum/                |              |
|    stage                   | 0            |
|    window_cost             | 0            |
|    window_route_completion | 0.114        |
|    window_success          | 0            |
| paper/                     |              |
|    accel_variation         | 0.829        |
|    base_reward             | 7.15         |
|    collision               | 0            |
|    crash_object            | 0            |
|    crash_vehicle           | 0            |
|    episode_cost            | 0            |
|    episode_length          | 600          |
|    jerk                    | 0.69         |
|    lane_deviation          | 0.185        |
|    max_lane_deviation      | 0.298        |
|    mean_speed_kmh          | 0.814        |
|    min_ttc                 | nan          |
|    out_of_road             | 0            |
|    route_completion        | 0.105        |
|    shaped_reward           | -112         |
|    steering_variation      | 0.787        |
|    success                 | 0            |
|    ttc_risk                | 0            |
| rollout/                   |              |
|    ep_len_mean             | 600          |
|    ep_rew_mean             | -132         |
|    success_rate            | 0            |
| time/                      |              |
|    fps                     | 2077         |
|    iterations              | 18           |
|    time_elapsed            | 141          |
|    total_timesteps         | 294912       |
| train/                     |              |
|    approx_kl               | 0.0035200147 |
|    clip_fraction           | 0.0631       |
|    clip_range              | 0.2          |
|    entropy_loss            | -2.87        |
|    explained_variance      | 0.98         |
|    learning_rate           | 0.0003       |
|    loss                    | 0.91         |
|    n_updates               | 170          |
|    policy_gradient_loss    | -0.000576    |
|    std                     | 1.02         |
|    value_loss              | 1.54         |
---------------------------------------------
---------------------------------------------
| curriculum/                |              |
|    stage                   | 0            |
|    window_cost             | 0.0333       |
|    window_route_completion | 0.134        |
|    window_success          | 0            |
| paper/                     |              |
|    accel_variation         | 0.808        |
|    base_reward             | 6.34         |
|    collision               | 0            |
|    crash_object            | 0            |
|    crash_vehicle           | 0            |
|    episode_cost            | 0            |
|    episode_length          | 600          |
|    jerk                    | 0.667        |
|    lane_deviation          | 0.197        |
|    max_lane_deviation      | 0.544        |
|    mean_speed_kmh          | 0.836        |
|    min_ttc                 | nan          |
|    out_of_road             | 0            |
|    route_completion        | 0.133        |
|    shaped_reward           | -126         |
|    steering_variation      | 0.761        |
|    success                 | 0            |
|    ttc_risk                | 0            |
| rollout/                   |              |
|    ep_len_mean             | 600          |
|    ep_rew_mean             | -127         |
|    success_rate            | 0            |
| time/                      |              |
|    fps                     | 2077         |
|    iterations              | 19           |
|    time_elapsed            | 149          |
|    total_timesteps         | 311296       |
| train/                     |              |
|    approx_kl               | 0.0044949423 |
|    clip_fraction           | 0.15         |
|    clip_range              | 0.2          |
|    entropy_loss            | -2.87        |
|    explained_variance      | 0.99         |
|    learning_rate           | 0.0003       |
|    loss                    | 0.632        |
|    n_updates               | 180          |
|    policy_gradient_loss    | 0.00802      |
|    std                     | 1.01         |
|    value_loss              | 2.05         |
---------------------------------------------
--------------------------------------------
| curriculum/                |             |
|    stage                   | 0           |
|    window_cost             | 0           |
|    window_route_completion | 0.146       |
|    window_success          | 0           |
| paper/                     |             |
|    accel_variation         | 0.762       |
|    base_reward             | 5.74        |
|    collision               | 0           |
|    crash_object            | 0           |
|    crash_vehicle           | 0           |
|    episode_cost            | 0           |
|    episode_length          | 600         |
|    jerk                    | 0.604       |
|    lane_deviation          | 0.429       |
|    max_lane_deviation      | 0.623       |
|    mean_speed_kmh          | 0.842       |
|    min_ttc                 | nan         |
|    out_of_road             | 0           |
|    route_completion        | 0.149       |
|    shaped_reward           | -204        |
|    steering_variation      | 0.772       |
|    success                 | 0           |
|    ttc_risk                | 0           |
| rollout/                   |             |
|    ep_len_mean             | 600         |
|    ep_rew_mean             | -131        |
|    success_rate            | 0           |
| time/                      |             |
|    fps                     | 2075        |
|    iterations              | 20          |
|    time_elapsed            | 157         |
|    total_timesteps         | 327680      |
| train/                     |             |
|    approx_kl               | 0.005860885 |
|    clip_fraction           | 0.092       |
|    clip_range              | 0.2         |
|    entropy_loss            | -2.86       |
|    explained_variance      | 0.934       |
|    learning_rate           | 0.0003      |
|    loss                    | 18.1        |
|    n_updates               | 190         |
|    policy_gradient_loss    | -0.003      |
|    std                     | 1.01        |
|    value_loss              | 14.7        |
--------------------------------------------
--------------------------------------------
| curriculum/                |             |
|    stage                   | 0           |
|    window_cost             | 0           |
|    window_route_completion | 0.139       |
|    window_success          | 0           |
| paper/                     |             |
|    accel_variation         | 0.724       |
|    base_reward             | 7.64        |
|    collision               | 0           |
|    crash_object            | 0           |
|    crash_vehicle           | 0           |
|    episode_cost            | 0           |
|    episode_length          | 600         |
|    jerk                    | 0.608       |
|    lane_deviation          | 0.407       |
|    max_lane_deviation      | 0.747       |
|    mean_speed_kmh          | 0.937       |
|    min_ttc                 | nan         |
|    out_of_road             | 0           |
|    route_completion        | 0.148       |
|    shaped_reward           | -220        |
|    steering_variation      | 0.768       |
|    success                 | 0           |
|    ttc_risk                | 0           |
| rollout/                   |             |
|    ep_len_mean             | 600         |
|    ep_rew_mean             | -142        |
|    success_rate            | 0           |
| time/                      |             |
|    fps                     | 2075        |
|    iterations              | 21          |
|    time_elapsed            | 165         |
|    total_timesteps         | 344064      |
| train/                     |             |
|    approx_kl               | 0.010499951 |
|    clip_fraction           | 0.154       |
|    clip_range              | 0.2         |
|    entropy_loss            | -2.85       |
|    explained_variance      | 0.974       |
|    learning_rate           | 0.0003      |
|    loss                    | 2.63        |
|    n_updates               | 200         |
|    policy_gradient_loss    | -0.0016     |
|    std                     | 1           |
|    value_loss              | 4.19        |
--------------------------------------------
--------------------------------------------
| curriculum/                |             |
|    stage                   | 0           |
|    window_cost             | 0           |
|    window_route_completion | 0.135       |
|    window_success          | 0           |
| paper/                     |             |
|    accel_variation         | 0.827       |
|    base_reward             | 5.47        |
|    collision               | 0           |
|    crash_object            | 0           |
|    crash_vehicle           | 0           |
|    episode_cost            | 0           |
|    episode_length          | 600         |
|    jerk                    | 0.612       |
|    lane_deviation          | 0.358       |
|    max_lane_deviation      | 0.887       |
|    mean_speed_kmh          | 0.779       |
|    min_ttc                 | nan         |
|    out_of_road             | 0           |
|    route_completion        | 0.127       |
|    shaped_reward           | -212        |
|    steering_variation      | 0.779       |
|    success                 | 0           |
|    ttc_risk                | 0           |
| rollout/                   |             |
|    ep_len_mean             | 600         |
|    ep_rew_mean             | -154        |
|    success_rate            | 0           |
| time/                      |             |
|    fps                     | 2074        |
|    iterations              | 22          |
|    time_elapsed            | 173         |
|    total_timesteps         | 360448      |
| train/                     |             |
|    approx_kl               | 0.006556041 |
|    clip_fraction           | 0.0976      |
|    clip_range              | 0.2         |
|    entropy_loss            | -2.85       |
|    explained_variance      | 0.982       |
|    learning_rate           | 0.0003      |
|    loss                    | 4.49        |
|    n_updates               | 210         |
|    policy_gradient_loss    | -0.00849    |
|    std                     | 1.01        |
|    value_loss              | 7.62        |
--------------------------------------------
--------------------------------------------
| curriculum/                |             |
|    stage                   | 0           |
|    window_cost             | 0           |
|    window_route_completion | 0.142       |
|    window_success          | 0           |
| paper/                     |             |
|    accel_variation         | 0.842       |
|    base_reward             | 7.05        |
|    collision               | 0           |
|    crash_object            | 0           |
|    crash_vehicle           | 0           |
|    episode_cost            | 0           |
|    episode_length          | 600         |
|    jerk                    | 0.668       |
|    lane_deviation          | 0.208       |
|    max_lane_deviation      | 0.444       |
|    mean_speed_kmh          | 0.825       |
|    min_ttc                 | nan         |
|    out_of_road             | 0           |
|    route_completion        | 0.137       |
|    shaped_reward           | -126        |
|    steering_variation      | 0.773       |
|    success                 | 0           |
|    ttc_risk                | 0           |
| rollout/                   |             |
|    ep_len_mean             | 600         |
|    ep_rew_mean             | -142        |
|    success_rate            | 0           |
| time/                      |             |
|    fps                     | 2072        |
|    iterations              | 23          |
|    time_elapsed            | 181         |
|    total_timesteps         | 376832      |
| train/                     |             |
|    approx_kl               | 0.012570441 |
|    clip_fraction           | 0.0791      |
|    clip_range              | 0.2         |
|    entropy_loss            | -2.86       |
|    explained_variance      | 0.988       |
|    learning_rate           | 0.0003      |
|    loss                    | 1.39        |
|    n_updates               | 220         |
|    policy_gradient_loss    | -0.0019     |
|    std                     | 1.01        |
|    value_loss              | 3.95        |
--------------------------------------------
-------------------------------------------
| curriculum/                |            |
|    stage                   | 0          |
|    window_cost             | 0          |
|    window_route_completion | 0.157      |
|    window_success          | 0          |
| paper/                     |            |
|    accel_variation         | 0.762      |
|    base_reward             | 13.6       |
|    collision               | 0          |
|    crash_object            | 0          |
|    crash_vehicle           | 0          |
|    episode_cost            | 0          |
|    episode_length          | 600        |
|    jerk                    | 0.65       |
|    lane_deviation          | 0.12       |
|    max_lane_deviation      | 0.248      |
|    mean_speed_kmh          | 1.13       |
|    min_ttc                 | nan        |
|    out_of_road             | 0          |
|    route_completion        | 0.181      |
|    shaped_reward           | -85.2      |
|    steering_variation      | 0.807      |
|    success                 | 0          |
|    ttc_risk                | 0          |
| rollout/                   |            |
|    ep_len_mean             | 600        |
|    ep_rew_mean             | -135       |
|    success_rate            | 0          |
| time/                      |            |
|    fps                     | 2069       |
|    iterations              | 24         |
|    time_elapsed            | 189        |
|    total_timesteps         | 393216     |
| train/                     |            |
|    approx_kl               | 0.00631398 |
|    clip_fraction           | 0.118      |
|    clip_range              | 0.2        |
|    entropy_loss            | -2.84      |
|    explained_variance      | 0.985      |
|    learning_rate           | 0.0003     |
|    loss                    | 0.913      |
|    n_updates               | 230        |
|    policy_gradient_loss    | -0.00371   |
|    std                     | 0.999      |
|    value_loss              | 2.17       |
-------------------------------------------
--------------------------------------------
| curriculum/                |             |
|    stage                   | 0           |
|    window_cost             | 0           |
|    window_route_completion | 0.175       |
|    window_success          | 0           |
| paper/                     |             |
|    accel_variation         | 0.773       |
|    base_reward             | 14          |
|    collision               | 0           |
|    crash_object            | 0           |
|    crash_vehicle           | 0           |
|    episode_cost            | 0           |
|    episode_length          | 600         |
|    jerk                    | 0.595       |
|    lane_deviation          | 0.127       |
|    max_lane_deviation      | 0.261       |
|    mean_speed_kmh          | 1.18        |
|    min_ttc                 | nan         |
|    out_of_road             | 0           |
|    route_completion        | 0.203       |
|    shaped_reward           | -82.3       |
|    steering_variation      | 0.803       |
|    success                 | 0           |
|    ttc_risk                | 0           |
| rollout/                   |             |
|    ep_len_mean             | 600         |
|    ep_rew_mean             | -121        |
|    success_rate            | 0           |
| time/                      |             |
|    fps                     | 2069        |
|    iterations              | 25          |
|    time_elapsed            | 197         |
|    total_timesteps         | 409600      |
| train/                     |             |
|    approx_kl               | 0.009096504 |
|    clip_fraction           | 0.199       |
|    clip_range              | 0.2         |
|    entropy_loss            | -2.82       |
|    explained_variance      | 0.942       |
|    learning_rate           | 0.0003      |
|    loss                    | 1.04        |
|    n_updates               | 240         |
|    policy_gradient_loss    | 0.00623     |
|    std                     | 0.985       |
|    value_loss              | 2.99        |
--------------------------------------------
---------------------------------------------
| curriculum/                |              |
|    stage                   | 0            |
|    window_cost             | 0            |
|    window_route_completion | 0.178        |
|    window_success          | 0            |
| paper/                     |              |
|    accel_variation         | 0.784        |
|    base_reward             | 14.8         |
|    collision               | 0            |
|    crash_object            | 0            |
|    crash_vehicle           | 0            |
|    episode_cost            | 0            |
|    episode_length          | 600          |
|    jerk                    | 0.607        |
|    lane_deviation          | 0.0854       |
|    max_lane_deviation      | 0.291        |
|    mean_speed_kmh          | 1.22         |
|    min_ttc                 | nan          |
|    out_of_road             | 0            |
|    route_completion        | 0.211        |
|    shaped_reward           | -75.4        |
|    steering_variation      | 0.707        |
|    success                 | 0            |
|    ttc_risk                | 0            |
| rollout/                   |              |
|    ep_len_mean             | 600          |
|    ep_rew_mean             | -103         |
|    success_rate            | 0            |
| time/                      |              |
|    fps                     | 2067         |
|    iterations              | 26           |
|    time_elapsed            | 205          |
|    total_timesteps         | 425984       |
| train/                     |              |
|    approx_kl               | 0.0121687995 |
|    clip_fraction           | 0.158        |
|    clip_range              | 0.2          |
|    entropy_loss            | -2.79        |
|    explained_variance      | 0.96         |
|    learning_rate           | 0.0003       |
|    loss                    | 2.71         |
|    n_updates               | 250          |
|    policy_gradient_loss    | -0.00031     |
|    std                     | 0.97         |
|    value_loss              | 2.62         |
---------------------------------------------
-------------------------------------------
| curriculum/                |            |
|    stage                   | 0          |
|    window_cost             | 0          |
|    window_route_completion | 0.213      |
|    window_success          | 0          |
| paper/                     |            |
|    accel_variation         | 0.739      |
|    base_reward             | 12.7       |
|    collision               | 0          |
|    crash_object            | 0          |
|    crash_vehicle           | 0          |
|    episode_cost            | 0          |
|    episode_length          | 600        |
|    jerk                    | 0.627      |
|    lane_deviation          | 0.384      |
|    max_lane_deviation      | 0.573      |
|    mean_speed_kmh          | 1.38       |
|    min_ttc                 | nan        |
|    out_of_road             | 0          |
|    route_completion        | 0.236      |
|    shaped_reward           | -170       |
|    steering_variation      | 0.693      |
|    success                 | 0          |
|    ttc_risk                | 0          |
| rollout/                   |            |
|    ep_len_mean             | 600        |
|    ep_rew_mean             | -102       |
|    success_rate            | 0          |
| time/                      |            |
|    fps                     | 2067       |
|    iterations              | 27         |
|    time_elapsed            | 213        |
|    total_timesteps         | 442368     |
| train/                     |            |
|    approx_kl               | 0.01244163 |
|    clip_fraction           | 0.224      |
|    clip_range              | 0.2        |
|    entropy_loss            | -2.75      |
|    explained_variance      | 0.931      |
|    learning_rate           | 0.0003     |
|    loss                    | 1.15       |
|    n_updates               | 260        |
|    policy_gradient_loss    | -0.00688   |
|    std                     | 0.951      |
|    value_loss              | 2.97       |
-------------------------------------------
--------------------------------------------
| curriculum/                |             |
|    stage                   | 0           |
|    window_cost             | 0           |
|    window_route_completion | 0.243       |
|    window_success          | 0           |
| paper/                     |             |
|    accel_variation         | 0.732       |
|    base_reward             | 17.7        |
|    collision               | 0           |
|    crash_object            | 0           |
|    crash_vehicle           | 0           |
|    episode_cost            | 0           |
|    episode_length          | 600         |
|    jerk                    | 0.626       |
|    lane_deviation          | 0.167       |
|    max_lane_deviation      | 0.299       |
|    mean_speed_kmh          | 1.42        |
|    min_ttc                 | nan         |
|    out_of_road             | 0           |
|    route_completion        | 0.194       |
|    shaped_reward           | -82         |
|    steering_variation      | 0.715       |
|    success                 | 0           |
|    ttc_risk                | 0           |
| rollout/                   |             |
|    ep_len_mean             | 600         |
|    ep_rew_mean             | -97.5       |
|    success_rate            | 0           |
| time/                      |             |
|    fps                     | 2067        |
|    iterations              | 28          |
|    time_elapsed            | 221         |
|    total_timesteps         | 458752      |
| train/                     |             |
|    approx_kl               | 0.021446738 |
|    clip_fraction           | 0.258       |
|    clip_range              | 0.2         |
|    entropy_loss            | -2.71       |
|    explained_variance      | 0.897       |
|    learning_rate           | 0.0003      |
|    loss                    | 1.8         |
|    n_updates               | 270         |
|    policy_gradient_loss    | -0.00444    |
|    std                     | 0.937       |
|    value_loss              | 4.19        |
--------------------------------------------
--------------------------------------------
| curriculum/                |             |
|    stage                   | 0           |
|    window_cost             | 0           |
|    window_route_completion | 0.262       |
|    window_success          | 0           |
| paper/                     |             |
|    accel_variation         | 0.717       |
|    base_reward             | 24.4        |
|    collision               | 0           |
|    crash_object            | 0           |
|    crash_vehicle           | 0           |
|    episode_cost            | 0           |
|    episode_length          | 600         |
|    jerk                    | 0.542       |
|    lane_deviation          | 0.108       |
|    max_lane_deviation      | 0.385       |
|    mean_speed_kmh          | 1.76        |
|    min_ttc                 | nan         |
|    out_of_road             | 0           |
|    route_completion        | 0.268       |
|    shaped_reward           | -61         |
|    steering_variation      | 0.745       |
|    success                 | 0           |
|    ttc_risk                | 0           |
| rollout/                   |             |
|    ep_len_mean             | 600         |
|    ep_rew_mean             | -86.6       |
|    success_rate            | 0           |
| time/                      |             |
|    fps                     | 2066        |
|    iterations              | 29          |
|    time_elapsed            | 229         |
|    total_timesteps         | 475136      |
| train/                     |             |
|    approx_kl               | 0.017881252 |
|    clip_fraction           | 0.242       |
|    clip_range              | 0.2         |
|    entropy_loss            | -2.66       |
|    explained_variance      | 0.797       |
|    learning_rate           | 0.0003      |
|    loss                    | 0.862       |
|    n_updates               | 280         |
|    policy_gradient_loss    | -0.00455    |
|    std                     | 0.904       |
|    value_loss              | 2.32        |
--------------------------------------------
--------------------------------------------
| curriculum/                |             |
|    stage                   | 0           |
|    window_cost             | 0           |
|    window_route_completion | 0.362       |
|    window_success          | 0           |
| paper/                     |             |
|    accel_variation         | 0.616       |
|    base_reward             | 39.2        |
|    collision               | 0           |
|    crash_object            | 0           |
|    crash_vehicle           | 0           |
|    episode_cost            | 0           |
|    episode_length          | 600         |
|    jerk                    | 0.527       |
|    lane_deviation          | 0.122       |
|    max_lane_deviation      | 0.347       |
|    mean_speed_kmh          | 2.75        |
|    min_ttc                 | nan         |
|    out_of_road             | 0           |
|    route_completion        | 0.388       |
|    shaped_reward           | -30.4       |
|    steering_variation      | 0.707       |
|    success                 | 0           |
|    ttc_risk                | 0           |
| rollout/                   |             |
|    ep_len_mean             | 600         |
|    ep_rew_mean             | -70.5       |
|    success_rate            | 0           |
| time/                      |             |
|    fps                     | 2065        |
|    iterations              | 30          |
|    time_elapsed            | 237         |
|    total_timesteps         | 491520      |
| train/                     |             |
|    approx_kl               | 0.020661982 |
|    clip_fraction           | 0.304       |
|    clip_range              | 0.2         |
|    entropy_loss            | -2.58       |
|    explained_variance      | 0.786       |
|    learning_rate           | 0.0003      |
|    loss                    | 1.1         |
|    n_updates               | 290         |
|    policy_gradient_loss    | -0.013      |
|    std                     | 0.868       |
|    value_loss              | 1.84        |
--------------------------------------------
-------------------------------------------
| curriculum/                |            |
|    stage                   | 0          |
|    window_cost             | 0          |
|    window_route_completion | 0.477      |
|    window_success          | 0          |
| paper/                     |            |
|    accel_variation         | 0.516      |
|    base_reward             | 64         |
|    collision               | 0          |
|    crash_object            | 0          |
|    crash_vehicle           | 0          |
|    episode_cost            | 0          |
|    episode_length          | 600        |
|    jerk                    | 0.435      |
|    lane_deviation          | 0.181      |
|    max_lane_deviation      | 1.06       |
|    mean_speed_kmh          | 4.88       |
|    min_ttc                 | nan        |
|    out_of_road             | 0          |
|    route_completion        | 0.672      |
|    shaped_reward           | -6.45      |
|    steering_variation      | 0.658      |
|    success                 | 0          |
|    ttc_risk                | 0          |
| rollout/                   |            |
|    ep_len_mean             | 600        |
|    ep_rew_mean             | -52        |
|    success_rate            | 0          |
| time/                      |            |
|    fps                     | 2072       |
|    iterations              | 31         |
|    time_elapsed            | 245        |
|    total_timesteps         | 507904     |
| train/                     |            |
|    approx_kl               | 0.02743072 |
|    clip_fraction           | 0.3        |
|    clip_range              | 0.2        |
|    entropy_loss            | -2.5       |
|    explained_variance      | 0.656      |
|    learning_rate           | 0.0003     |
|    loss                    | 1.1        |
|    n_updates               | 300        |
|    policy_gradient_loss    | -0.0153    |
|    std                     | 0.832      |
|    value_loss              | 3.11       |
-------------------------------------------
------------------------------------------
| curriculum/                |           |
|    stage                   | 1         |
|    window_cost             | 0         |
|    window_route_completion | 0.621     |
|    window_success          | 0.0333    |
| paper/                     |           |
|    accel_variation         | 0.485     |
|    base_reward             | 93.7      |
|    collision               | 0         |
|    crash_object            | 0         |
|    crash_vehicle           | 0         |
|    episode_cost            | 0         |
|    episode_length          | 601       |
|    jerk                    | 0.393     |
|    lane_deviation          | 0.208     |
|    max_lane_deviation      | 0.496     |
|    mean_speed_kmh          | 5.33      |
|    min_ttc                 | nan       |
|    out_of_road             | 0         |
|    route_completion        | 0.948     |
|    shaped_reward           | 82        |
|    steering_variation      | 0.632     |
|    success                 | 1         |
|    ttc_risk                | 0         |
| rollout/                   |           |
|    ep_len_mean             | 599       |
|    ep_rew_mean             | -31.1     |
|    success_rate            | 0.02      |
| time/                      |           |
|    fps                     | 2076      |
|    iterations              | 32        |
|    time_elapsed            | 252       |
|    total_timesteps         | 524288    |
| train/                     |           |
|    approx_kl               | 0.0200709 |
|    clip_fraction           | 0.249     |
|    clip_range              | 0.2       |
|    entropy_loss            | -2.4      |
|    explained_variance      | 0.41      |
|    learning_rate           | 0.0003    |
|    loss                    | 1.04      |
|    n_updates               | 310       |
|    policy_gradient_loss    | -0.0181   |
|    std                     | 0.795     |
|    value_loss              | 2.18      |
------------------------------------------
-----------------------------------------
| paper/                  |             |
|    accel_variation      | 0.483       |
|    base_reward          | 61.9        |
|    collision            | 0           |
|    crash_object         | 0           |
|    crash_vehicle        | 0           |
|    episode_cost         | 0           |
|    episode_length       | 800         |
|    jerk                 | 0.411       |
|    lane_deviation       | 0.406       |
|    max_lane_deviation   | 0.912       |
|    mean_speed_kmh       | 5.8         |
|    min_ttc              | nan         |
|    out_of_road          | 0           |
|    route_completion     | 0.358       |
|    shaped_reward        | -156        |
|    steering_variation   | 0.629       |
|    success              | 0           |
|    ttc_risk             | 0           |
| rollout/                |             |
|    ep_len_mean          | 624         |
|    ep_rew_mean          | -6.18       |
|    success_rate         | 0.15        |
| time/                   |             |
|    fps                  | 2058        |
|    iterations           | 33          |
|    time_elapsed         | 262         |
|    total_timesteps      | 540672      |
| train/                  |             |
|    approx_kl            | 0.021638917 |
|    clip_fraction        | 0.215       |
|    clip_range           | 0.2         |
|    entropy_loss         | -2.31       |
|    explained_variance   | 0.0626      |
|    learning_rate        | 0.0003      |
|    loss                 | 6.99        |
|    n_updates            | 320         |
|    policy_gradient_loss | -0.00931    |
|    std                  | 0.76        |
|    value_loss           | 7.55        |
-----------------------------------------
---------------------------------------------
| curriculum/                |              |
|    stage                   | 0            |
|    window_cost             | 0            |
|    window_route_completion | 0.52         |
|    window_success          | 0.0333       |
| paper/                     |              |
|    accel_variation         | 0.439        |
|    base_reward             | 100          |
|    collision               | 0            |
|    crash_object            | 0            |
|    crash_vehicle           | 0            |
|    episode_cost            | 0            |
|    episode_length          | 733          |
|    jerk                    | 0.379        |
|    lane_deviation          | 0.3          |
|    max_lane_deviation      | 0.845        |
|    mean_speed_kmh          | 6.87         |
|    min_ttc                 | nan          |
|    out_of_road             | 0            |
|    route_completion        | 0.301        |
|    shaped_reward           | -64.6        |
|    steering_variation      | 0.597        |
|    success                 | 0            |
|    ttc_risk                | 0            |
| rollout/                   |              |
|    ep_len_mean             | 675          |
|    ep_rew_mean             | 4.79         |
|    success_rate            | 0.15         |
| time/                      |              |
|    fps                     | 2039         |
|    iterations              | 34           |
|    time_elapsed            | 273          |
|    total_timesteps         | 557056       |
| train/                     |              |
|    approx_kl               | 0.0068490366 |
|    clip_fraction           | 0.105        |
|    clip_range              | 0.2          |
|    entropy_loss            | -2.28        |
|    explained_variance      | 0.126        |
|    learning_rate           | 0.0003       |
|    loss                    | 4.45         |
|    n_updates               | 330          |
|    policy_gradient_loss    | -0.00403     |
|    std                     | 0.754        |
|    value_loss              | 24.8         |
---------------------------------------------
--------------------------------------------
| curriculum/                |             |
|    stage                   | 1           |
|    window_cost             | 0           |
|    window_route_completion | 0.688       |
|    window_success          | 0.467       |
| paper/                     |             |
|    accel_variation         | 0.392       |
|    base_reward             | 116         |
|    collision               | 0           |
|    crash_object            | 0           |
|    crash_vehicle           | 0           |
|    episode_cost            | 0           |
|    episode_length          | 393         |
|    jerk                    | 0.349       |
|    lane_deviation          | 0.148       |
|    max_lane_deviation      | 0.57        |
|    mean_speed_kmh          | 10.2        |
|    min_ttc                 | nan         |
|    out_of_road             | 0           |
|    route_completion        | 0.958       |
|    shaped_reward           | 130         |
|    steering_variation      | 0.599       |
|    success                 | 1           |
|    ttc_risk                | 0           |
| rollout/                   |             |
|    ep_len_mean             | 602         |
|    ep_rew_mean             | 48.5        |
|    success_rate            | 0.44        |
| time/                      |             |
|    fps                     | 2026        |
|    iterations              | 35          |
|    time_elapsed            | 283         |
|    total_timesteps         | 573440      |
| train/                     |             |
|    approx_kl               | 0.017219132 |
|    clip_fraction           | 0.188       |
|    clip_range              | 0.2         |
|    entropy_loss            | -2.24       |
|    explained_variance      | 0.504       |
|    learning_rate           | 0.0003      |
|    loss                    | 1.12        |
|    n_updates               | 340         |
|    policy_gradient_loss    | 6.48e-05    |
|    std                     | 0.736       |
|    value_loss              | 3.44        |
--------------------------------------------
--------------------------------------------
| curriculum/                |             |
|    stage                   | 2           |
|    window_cost             | 0           |
|    window_route_completion | 0.87        |
|    window_success          | 0.667       |
| paper/                     |             |
|    accel_variation         | 0.363       |
|    base_reward             | 255         |
|    collision               | 0           |
|    crash_object            | 0           |
|    crash_vehicle           | 0           |
|    episode_cost            | 0           |
|    episode_length          | 1000        |
|    jerk                    | 0.314       |
|    lane_deviation          | 0.184       |
|    max_lane_deviation      | 0.682       |
|    mean_speed_kmh          | 11.2        |
|    min_ttc                 | 11          |
|    out_of_road             | 0           |
|    route_completion        | 0.946       |
|    shaped_reward           | 93.8        |
|    steering_variation      | 0.6         |
|    success                 | 0           |
|    ttc_risk                | 8.1e-05     |
| rollout/                   |             |
|    ep_len_mean             | 627         |
|    ep_rew_mean             | 50.3        |
|    success_rate            | 0.43        |
| time/                      |             |
|    fps                     | 2014        |
|    iterations              | 36          |
|    time_elapsed            | 292         |
|    total_timesteps         | 589824      |
| train/                     |             |
|    approx_kl               | 0.005801011 |
|    clip_fraction           | 0.0649      |
|    clip_range              | 0.2         |
|    entropy_loss            | -2.22       |
|    explained_variance      | 0.317       |
|    learning_rate           | 0.0003      |
|    loss                    | 8.03        |
|    n_updates               | 350         |
|    policy_gradient_loss    | -0.00103    |
|    std                     | 0.733       |
|    value_loss              | 22.3        |
--------------------------------------------
-----------------------------------------
| paper/                  |             |
|    accel_variation      | 0.372       |
|    base_reward          | 209         |
|    collision            | 0           |
|    crash_object         | 0           |
|    crash_vehicle        | 0           |
|    episode_cost         | 0           |
|    episode_length       | 1000        |
|    jerk                 | 0.318       |
|    lane_deviation       | 0.264       |
|    max_lane_deviation   | 0.994       |
|    mean_speed_kmh       | 10.6        |
|    min_ttc              | 3.52        |
|    out_of_road          | 0           |
|    route_completion     | 0.494       |
|    shaped_reward        | -141        |
|    steering_variation   | 0.594       |
|    success              | 0           |
|    ttc_risk             | 0.0222      |
| rollout/                |             |
|    ep_len_mean          | 658         |
|    ep_rew_mean          | 46.6        |
|    success_rate         | 0.4         |
| time/                   |             |
|    fps                  | 1959        |
|    iterations           | 37          |
|    time_elapsed         | 309         |
|    total_timesteps      | 606208      |
| train/                  |             |
|    approx_kl            | 0.008216961 |
|    clip_fraction        | 0.122       |
|    clip_range           | 0.2         |
|    entropy_loss         | -2.2        |
|    explained_variance   | 0.827       |
|    learning_rate        | 0.0003      |
|    loss                 | 4.15        |
|    n_updates            | 360         |
|    policy_gradient_loss | -0.00387    |
|    std                  | 0.725       |
|    value_loss           | 10.6        |
-----------------------------------------
---------------------------------------------
| curriculum/                |              |
|    stage                   | 2            |
|    window_cost             | 0.0333       |
|    window_route_completion | 0.653        |
|    window_success          | 0.1          |
| paper/                     |              |
|    accel_variation         | 0.315        |
|    base_reward             | 307          |
|    collision               | 0            |
|    crash_object            | 0            |
|    crash_vehicle           | 0            |
|    episode_cost            | 0            |
|    episode_length          | 1000         |
|    jerk                    | 0.292        |
|    lane_deviation          | 0.202        |
|    max_lane_deviation      | 0.913        |
|    mean_speed_kmh          | 13.6         |
|    min_ttc                 | 8.93         |
|    out_of_road             | 0            |
|    route_completion        | 0.632        |
|    shaped_reward           | 94.7         |
|    steering_variation      | 0.547        |
|    success                 | 0            |
|    ttc_risk                | 0.000504     |
| rollout/                   |              |
|    ep_len_mean             | 690          |
|    ep_rew_mean             | 50.4         |
|    success_rate            | 0.4          |
| time/                      |              |
|    fps                     | 1896         |
|    iterations              | 38           |
|    time_elapsed            | 328          |
|    total_timesteps         | 622592       |
| train/                     |              |
|    approx_kl               | 0.0055096834 |
|    clip_fraction           | 0.0768       |
|    clip_range              | 0.2          |
|    entropy_loss            | -2.19        |
|    explained_variance      | 0.255        |
|    learning_rate           | 0.0003       |
|    loss                    | 20.3         |
|    n_updates               | 370          |
|    policy_gradient_loss    | -0.00203     |
|    std                     | 0.723        |
|    value_loss              | 64.6         |
---------------------------------------------
--------------------------------------------
| curriculum/                |             |
|    stage                   | 1           |
|    window_cost             | 0.0667      |
|    window_route_completion | 0.61        |
|    window_success          | 0           |
| paper/                     |             |
|    accel_variation         | 0.325       |
|    base_reward             | 182         |
|    collision               | 0           |
|    crash_object            | 0           |
|    crash_vehicle           | 0           |
|    episode_cost            | 0           |
|    episode_length          | 570         |
|    jerk                    | 0.292       |
|    lane_deviation          | 0.311       |
|    max_lane_deviation      | 1.07        |
|    mean_speed_kmh          | 14.8        |
|    min_ttc                 | nan         |
|    out_of_road             | 0           |
|    route_completion        | 0.98        |
|    shaped_reward           | 85.7        |
|    steering_variation      | 0.565       |
|    success                 | 1           |
|    ttc_risk                | 0           |
| rollout/                   |             |
|    ep_len_mean             | 725         |
|    ep_rew_mean             | 40.9        |
|    success_rate            | 0.37        |
| time/                      |             |
|    fps                     | 1868        |
|    iterations              | 39          |
|    time_elapsed            | 341         |
|    total_timesteps         | 638976      |
| train/                     |             |
|    approx_kl               | 0.016449636 |
|    clip_fraction           | 0.188       |
|    clip_range              | 0.2         |
|    entropy_loss            | -2.19       |
|    explained_variance      | 0.247       |
|    learning_rate           | 0.0003      |
|    loss                    | 15.4        |
|    n_updates               | 380         |
|    policy_gradient_loss    | 0.00412     |
|    std                     | 0.722       |
|    value_loss              | 44.4        |
--------------------------------------------
--------------------------------------------
| curriculum/                |             |
|    stage                   | 1           |
|    window_cost             | 0.0333      |
|    window_route_completion | 0.743       |
|    window_success          | 0.267       |
| paper/                     |             |
|    accel_variation         | 0.322       |
|    base_reward             | 221         |
|    collision               | 0           |
|    crash_object            | 0           |
|    crash_vehicle           | 0           |
|    episode_cost            | 0           |
|    episode_length          | 800         |
|    jerk                    | 0.3         |
|    lane_deviation          | 0.279       |
|    max_lane_deviation      | 1.05        |
|    mean_speed_kmh          | 13.5        |
|    min_ttc                 | 1.55        |
|    out_of_road             | 0           |
|    route_completion        | 0.89        |
|    shaped_reward           | 5.68        |
|    steering_variation      | 0.547       |
|    success                 | 0           |
|    ttc_risk                | 0.00563     |
| rollout/                   |             |
|    ep_len_mean             | 820         |
|    ep_rew_mean             | 27.7        |
|    success_rate            | 0.23        |
| time/                      |             |
|    fps                     | 1852        |
|    iterations              | 40          |
|    time_elapsed            | 353         |
|    total_timesteps         | 655360      |
| train/                     |             |
|    approx_kl               | 0.017289773 |
|    clip_fraction           | 0.172       |
|    clip_range              | 0.2         |
|    entropy_loss            | -2.16       |
|    explained_variance      | 0.359       |
|    learning_rate           | 0.0003      |
|    loss                    | 37.9        |
|    n_updates               | 390         |
|    policy_gradient_loss    | 0.00458     |
|    std                     | 0.708       |
|    value_loss              | 37.8        |
--------------------------------------------
-------------------------------------------
| curriculum/                |            |
|    stage                   | 1          |
|    window_cost             | 0.1        |
|    window_route_completion | 0.762      |
|    window_success          | 0.267      |
| paper/                     |            |
|    accel_variation         | 0.288      |
|    base_reward             | 44.5       |
|    collision               | 0          |
|    crash_object            | 0          |
|    crash_vehicle           | 0          |
|    episode_cost            | 1          |
|    episode_length          | 216        |
|    jerk                    | 0.277      |
|    lane_deviation          | 0.233      |
|    max_lane_deviation      | 1.05       |
|    mean_speed_kmh          | 13.2       |
|    min_ttc                 | nan        |
|    out_of_road             | 1          |
|    route_completion        | 0.226      |
|    shaped_reward           | -194       |
|    steering_variation      | 0.5        |
|    success                 | 0          |
|    ttc_risk                | 0          |
| rollout/                   |            |
|    ep_len_mean             | 835        |
|    ep_rew_mean             | 30.3       |
|    success_rate            | 0.19       |
| time/                      |            |
|    fps                     | 1847       |
|    iterations              | 41         |
|    time_elapsed            | 363        |
|    total_timesteps         | 671744     |
| train/                     |            |
|    approx_kl               | 0.01004761 |
|    clip_fraction           | 0.172      |
|    clip_range              | 0.2        |
|    entropy_loss            | -2.13      |
|    explained_variance      | 0.341      |
|    learning_rate           | 0.0003     |
|    loss                    | 3.74       |
|    n_updates               | 400        |
|    policy_gradient_loss    | 0.00425    |
|    std                     | 0.7        |
|    value_loss              | 31.5       |
-------------------------------------------
--------------------------------------------
| curriculum/                |             |
|    stage                   | 2           |
|    window_cost             | 0.0667      |
|    window_route_completion | 0.823       |
|    window_success          | 0.3         |
| paper/                     |             |
|    accel_variation         | 0.36        |
|    base_reward             | 294         |
|    collision               | 0           |
|    crash_object            | 0           |
|    crash_vehicle           | 0           |
|    episode_cost            | 0           |
|    episode_length          | 987         |
|    jerk                    | 0.327       |
|    lane_deviation          | 0.282       |
|    max_lane_deviation      | 1.29        |
|    mean_speed_kmh          | 13.8        |
|    min_ttc                 | nan         |
|    out_of_road             | 0           |
|    route_completion        | 0.988       |
|    shaped_reward           | 91.5        |
|    steering_variation      | 0.549       |
|    success                 | 1           |
|    ttc_risk                | 0           |
| rollout/                   |             |
|    ep_len_mean             | 816         |
|    ep_rew_mean             | 42.8        |
|    success_rate            | 0.21        |
| time/                      |             |
|    fps                     | 1833        |
|    iterations              | 42          |
|    time_elapsed            | 375         |
|    total_timesteps         | 688128      |
| train/                     |             |
|    approx_kl               | 0.011958838 |
|    clip_fraction           | 0.221       |
|    clip_range              | 0.2         |
|    entropy_loss            | -2.1        |
|    explained_variance      | 0.425       |
|    learning_rate           | 0.0003      |
|    loss                    | 21.9        |
|    n_updates               | 410         |
|    policy_gradient_loss    | 0.00833     |
|    std                     | 0.69        |
|    value_loss              | 34.5        |
--------------------------------------------
-----------------------------------------
| paper/                  |             |
|    accel_variation      | 0.345       |
|    base_reward          | 279         |
|    collision            | 0           |
|    crash_object         | 0           |
|    crash_vehicle        | 0           |
|    episode_cost         | 0           |
|    episode_length       | 1000        |
|    jerk                 | 0.307       |
|    lane_deviation       | 0.222       |
|    max_lane_deviation   | 0.998       |
|    mean_speed_kmh       | 12.6        |
|    min_ttc              | 0.49        |
|    out_of_road          | 0           |
|    route_completion     | 0.824       |
|    shaped_reward        | -87.6       |
|    steering_variation   | 0.58        |
|    success              | 0           |
|    ttc_risk             | 0.0272      |
| rollout/                |             |
|    ep_len_mean          | 806         |
|    ep_rew_mean          | 51.9        |
|    success_rate         | 0.26        |
| time/                   |             |
|    fps                  | 1790        |
|    iterations           | 43          |
|    time_elapsed         | 393         |
|    total_timesteps      | 704512      |
| train/                  |             |
|    approx_kl            | 0.012122531 |
|    clip_fraction        | 0.209       |
|    clip_range           | 0.2         |
|    entropy_loss         | -2.08       |
|    explained_variance   | 0.772       |
|    learning_rate        | 0.0003      |
|    loss                 | 4.08        |
|    n_updates            | 420         |
|    policy_gradient_loss | 0.00463     |
|    std                  | 0.682       |
|    value_loss           | 13.3        |
-----------------------------------------
---------------------------------------------
| curriculum/                |              |
|    stage                   | 2            |
|    window_cost             | 0.0333       |
|    window_route_completion | 0.673        |
|    window_success          | 0.1          |
| paper/                     |              |
|    accel_variation         | 0.383        |
|    base_reward             | 279          |
|    collision               | 0            |
|    crash_object            | 0            |
|    crash_vehicle           | 0            |
|    episode_cost            | 0            |
|    episode_length          | 1000         |
|    jerk                    | 0.324        |
|    lane_deviation          | 0.187        |
|    max_lane_deviation      | 0.568        |
|    mean_speed_kmh          | 12           |
|    min_ttc                 | nan          |
|    out_of_road             | 0            |
|    route_completion        | 0.448        |
|    shaped_reward           | 91.1         |
|    steering_variation      | 0.57         |
|    success                 | 0            |
|    ttc_risk                | 0            |
| rollout/                   |              |
|    ep_len_mean             | 827          |
|    ep_rew_mean             | 61.1         |
|    success_rate            | 0.26         |
| time/                      |              |
|    fps                     | 1753         |
|    iterations              | 44           |
|    time_elapsed            | 411          |
|    total_timesteps         | 720896       |
| train/                     |              |
|    approx_kl               | 0.0145541895 |
|    clip_fraction           | 0.192        |
|    clip_range              | 0.2          |
|    entropy_loss            | -2.06        |
|    explained_variance      | 0.624        |
|    learning_rate           | 0.0003       |
|    loss                    | 9.67         |
|    n_updates               | 430          |
|    policy_gradient_loss    | 0.00123      |
|    std                     | 0.677        |
|    value_loss              | 35.1         |
---------------------------------------------
-------------------------------------------
| curriculum/                |            |
|    stage                   | 1          |
|    window_cost             | 0.0333     |
|    window_route_completion | 0.639      |
|    window_success          | 0.0333     |
| paper/                     |            |
|    accel_variation         | 0.406      |
|    base_reward             | 195        |
|    collision               | 0          |
|    crash_object            | 0          |
|    crash_vehicle           | 0          |
|    episode_cost            | 0          |
|    episode_length          | 800        |
|    jerk                    | 0.341      |
|    lane_deviation          | 0.227      |
|    max_lane_deviation      | 0.864      |
|    mean_speed_kmh          | 11.1       |
|    min_ttc                 | nan        |
|    out_of_road             | 0          |
|    route_completion        | 0.649      |
|    shaped_reward           | 45.5       |
|    steering_variation      | 0.596      |
|    success                 | 0          |
|    ttc_risk                | 0          |
| rollout/                   |            |
|    ep_len_mean             | 859        |
|    ep_rew_mean             | 56.8       |
|    success_rate            | 0.18       |
| time/                      |            |
|    fps                     | 1737       |
|    iterations              | 45         |
|    time_elapsed            | 424        |
|    total_timesteps         | 737280     |
| train/                     |            |
|    approx_kl               | 0.06966251 |
|    clip_fraction           | 0.18       |
|    clip_range              | 0.2        |
|    entropy_loss            | -2.05      |
|    explained_variance      | 0.602      |
|    learning_rate           | 0.0003     |
|    loss                    | 10.4       |
|    n_updates               | 440        |
|    policy_gradient_loss    | 0.00243    |
|    std                     | 0.68       |
|    value_loss              | 39.7       |
-------------------------------------------
--------------------------------------------
| curriculum/                |             |
|    stage                   | 1           |
|    window_cost             | 0.0333      |
|    window_route_completion | 0.762       |
|    window_success          | 0.233       |
| paper/                     |             |
|    accel_variation         | 0.376       |
|    base_reward             | 275         |
|    collision               | 0           |
|    crash_object            | 0           |
|    crash_vehicle           | 0           |
|    episode_cost            | 0           |
|    episode_length          | 757         |
|    jerk                    | 0.323       |
|    lane_deviation          | 0.161       |
|    max_lane_deviation      | 0.554       |
|    mean_speed_kmh          | 14.2        |
|    min_ttc                 | 14.1        |
|    out_of_road             | 0           |
|    route_completion        | 0.984       |
|    shaped_reward           | 189         |
|    steering_variation      | 0.549       |
|    success                 | 1           |
|    ttc_risk                | 0           |
| rollout/                   |             |
|    ep_len_mean             | 848         |
|    ep_rew_mean             | 61.5        |
|    success_rate            | 0.23        |
| time/                      |             |
|    fps                     | 1735        |
|    iterations              | 46          |
|    time_elapsed            | 434         |
|    total_timesteps         | 753664      |
| train/                     |             |
|    approx_kl               | 0.017729819 |
|    clip_fraction           | 0.23        |
|    clip_range              | 0.2         |
|    entropy_loss            | -2.05       |
|    explained_variance      | 0.736       |
|    learning_rate           | 0.0003      |
|    loss                    | 6.96        |
|    n_updates               | 450         |
|    policy_gradient_loss    | 0.00636     |
|    std                     | 0.673       |
|    value_loss              | 17.6        |
--------------------------------------------
--------------------------------------------
| curriculum/                |             |
|    stage                   | 2           |
|    window_cost             | 0.0333      |
|    window_route_completion | 0.814       |
|    window_success          | 0.3         |
| paper/                     |             |
|    accel_variation         | 0.356       |
|    base_reward             | 87.1        |
|    collision               | 1           |
|    crash_object            | 0           |
|    crash_vehicle           | 1           |
|    episode_cost            | 1           |
|    episode_length          | 352         |
|    jerk                    | 0.306       |
|    lane_deviation          | 0.207       |
|    max_lane_deviation      | 0.607       |
|    mean_speed_kmh          | 11.9        |
|    min_ttc                 | 0.0241      |
|    out_of_road             | 0           |
|    route_completion        | 0.326       |
|    shaped_reward           | -253        |
|    steering_variation      | 0.606       |
|    success                 | 0           |
|    ttc_risk                | 0.049       |
| rollout/                   |             |
|    ep_len_mean             | 858         |
|    ep_rew_mean             | 70.3        |
|    success_rate            | 0.26        |
| time/                      |             |
|    fps                     | 1720        |
|    iterations              | 47          |
|    time_elapsed            | 447         |
|    total_timesteps         | 770048      |
| train/                     |             |
|    approx_kl               | 0.015519363 |
|    clip_fraction           | 0.222       |
|    clip_range              | 0.2         |
|    entropy_loss            | -2.01       |
|    explained_variance      | 0.396       |
|    learning_rate           | 0.0003      |
|    loss                    | 2.48        |
|    n_updates               | 460         |
|    policy_gradient_loss    | 0.00562     |
|    std                     | 0.661       |
|    value_loss              | 20.4        |
--------------------------------------------
-----------------------------------------
| paper/                  |             |
|    accel_variation      | 0.373       |
|    base_reward          | 304         |
|    collision            | 0           |
|    crash_object         | 0           |
|    crash_vehicle        | 0           |
|    episode_cost         | 0           |
|    episode_length       | 1000        |
|    jerk                 | 0.323       |
|    lane_deviation       | 0.232       |
|    max_lane_deviation   | 0.972       |
|    mean_speed_kmh       | 15.2        |
|    min_ttc              | 5.19        |
|    out_of_road          | 0           |
|    route_completion     | 0.723       |
|    shaped_reward        | 67.2        |
|    steering_variation   | 0.542       |
|    success              | 0           |
|    ttc_risk             | 0.00202     |
| rollout/                |             |
|    ep_len_mean          | 868         |
|    ep_rew_mean          | 71.5        |
|    success_rate         | 0.2         |
| time/                   |             |
|    fps                  | 1691        |
|    iterations           | 48          |
|    time_elapsed         | 465         |
|    total_timesteps      | 786432      |
| train/                  |             |
|    approx_kl            | 0.019485036 |
|    clip_fraction        | 0.183       |
|    clip_range           | 0.2         |
|    entropy_loss         | -1.98       |
|    explained_variance   | 0.697       |
|    learning_rate        | 0.0003      |
|    loss                 | 6.13        |
|    n_updates            | 470         |
|    policy_gradient_loss | 0.00649     |
|    std                  | 0.651       |
|    value_loss           | 19.1        |
-----------------------------------------
--------------------------------------------
| curriculum/                |             |
|    stage                   | 2           |
|    window_cost             | 0.1         |
|    window_route_completion | 0.735       |
|    window_success          | 0.1         |
| paper/                     |             |
|    accel_variation         | 0.41        |
|    base_reward             | 345         |
|    collision               | 0           |
|    crash_object            | 0           |
|    crash_vehicle           | 0           |
|    episode_cost            | 0           |
|    episode_length          | 1000        |
|    jerk                    | 0.374       |
|    lane_deviation          | 0.228       |
|    max_lane_deviation      | 0.886       |
|    mean_speed_kmh          | 16.4        |
|    min_ttc                 | 13          |
|    out_of_road             | 0           |
|    route_completion        | 0.989       |
|    shaped_reward           | 116         |
|    steering_variation      | 0.503       |
|    success                 | 0           |
|    ttc_risk                | 0           |
| rollout/                   |             |
|    ep_len_mean             | 855         |
|    ep_rew_mean             | 81.3        |
|    success_rate            | 0.22        |
| time/                      |             |
|    fps                     | 1656        |
|    iterations              | 49          |
|    time_elapsed            | 484         |
|    total_timesteps         | 802816      |
| train/                     |             |
|    approx_kl               | 0.017764386 |
|    clip_fraction           | 0.182       |
|    clip_range              | 0.2         |
|    entropy_loss            | -1.96       |
|    explained_variance      | 0.731       |
|    learning_rate           | 0.0003      |
|    loss                    | 36.5        |
|    n_updates               | 480         |
|    policy_gradient_loss    | 0.00245     |
|    std                     | 0.647       |
|    value_loss              | 44.5        |
--------------------------------------------
--------------------------------------------
| curriculum/                |             |
|    stage                   | 2           |
|    window_cost             | 0.2         |
|    window_route_completion | 0.677       |
|    window_success          | 0.0667      |
| paper/                     |             |
|    accel_variation         | 0.354       |
|    base_reward             | 90.5        |
|    collision               | 1           |
|    crash_object            | 0           |
|    crash_vehicle           | 1           |
|    episode_cost            | 1           |
|    episode_length          | 316         |
|    jerk                    | 0.327       |
|    lane_deviation          | 0.212       |
|    max_lane_deviation      | 0.654       |
|    mean_speed_kmh          | 14.4        |
|    min_ttc                 | nan         |
|    out_of_road             | 0           |
|    route_completion        | 0.199       |
|    shaped_reward           | -144        |
|    steering_variation      | 0.508       |
|    success                 | 0           |
|    ttc_risk                | 0           |
| rollout/                   |             |
|    ep_len_mean             | 848         |
|    ep_rew_mean             | 80          |
|    success_rate            | 0.22        |
| time/                      |             |
|    fps                     | 1631        |
|    iterations              | 50          |
|    time_elapsed            | 502         |
|    total_timesteps         | 819200      |
| train/                     |             |
|    approx_kl               | 0.008496389 |
|    clip_fraction           | 0.177       |
|    clip_range              | 0.2         |
|    entropy_loss            | -1.95       |
|    explained_variance      | 0.46        |
|    learning_rate           | 0.0003      |
|    loss                    | 16.5        |
|    n_updates               | 490         |
|    policy_gradient_loss    | 0.00166     |
|    std                     | 0.647       |
|    value_loss              | 86.8        |
--------------------------------------------
-------------------------------------------
| curriculum/                |            |
|    stage                   | 2          |
|    window_cost             | 0.0667     |
|    window_route_completion | 0.694      |
|    window_success          | 0.0667     |
| paper/                     |            |
|    accel_variation         | 0.423      |
|    base_reward             | 359        |
|    collision               | 0          |
|    crash_object            | 0          |
|    crash_vehicle           | 0          |
|    episode_cost            | 0          |
|    episode_length          | 1000       |
|    jerk                    | 0.348      |
|    lane_deviation          | 0.18       |
|    max_lane_deviation      | 0.756      |
|    mean_speed_kmh          | 15.3       |
|    min_ttc                 | 9.59       |
|    out_of_road             | 0          |
|    route_completion        | 0.6        |
|    shaped_reward           | 132        |
|    steering_variation      | 0.527      |
|    success                 | 0          |
|    ttc_risk                | 0.000389   |
| rollout/                   |            |
|    ep_len_mean             | 886        |
|    ep_rew_mean             | 86.6       |
|    success_rate            | 0.23       |
| time/                      |            |
|    fps                     | 1604       |
|    iterations              | 51         |
|    time_elapsed            | 520        |
|    total_timesteps         | 835584     |
| train/                     |            |
|    approx_kl               | 0.02239088 |
|    clip_fraction           | 0.208      |
|    clip_range              | 0.2        |
|    entropy_loss            | -1.96      |
|    explained_variance      | 0.51       |
|    learning_rate           | 0.0003     |
|    loss                    | 32.4       |
|    n_updates               | 500        |
|    policy_gradient_loss    | 0.00107    |
|    std                     | 0.654      |
|    value_loss              | 105        |
-------------------------------------------
-------------------------------------------
| curriculum/                |            |
|    stage                   | 2          |
|    window_cost             | 0.0667     |
|    window_route_completion | 0.705      |
|    window_success          | 0.0333     |
| paper/                     |            |
|    accel_variation         | 0.375      |
|    base_reward             | 330        |
|    collision               | 0          |
|    crash_object            | 0          |
|    crash_vehicle           | 0          |
|    episode_cost            | 0          |
|    episode_length          | 1000       |
|    jerk                    | 0.346      |
|    lane_deviation          | 0.25       |
|    max_lane_deviation      | 0.997      |
|    mean_speed_kmh          | 15.5       |
|    min_ttc                 | 4.27       |
|    out_of_road             | 0          |
|    route_completion        | 0.84       |
|    shaped_reward           | 43.4       |
|    steering_variation      | 0.564      |
|    success                 | 0          |
|    ttc_risk                | 0.00638    |
| rollout/                   |            |
|    ep_len_mean             | 920        |
|    ep_rew_mean             | 74.1       |
|    success_rate            | 0.16       |
| time/                      |            |
|    fps                     | 1581       |
|    iterations              | 52         |
|    time_elapsed            | 538        |
|    total_timesteps         | 851968     |
| train/                     |            |
|    approx_kl               | 0.14899465 |
|    clip_fraction           | 0.263      |
|    clip_range              | 0.2        |
|    entropy_loss            | -1.95      |
|    explained_variance      | 0.692      |
|    learning_rate           | 0.0003     |
|    loss                    | 22.7       |
|    n_updates               | 510        |
|    policy_gradient_loss    | 0.0106     |
|    std                     | 0.646      |
|    value_loss              | 30.2       |
-------------------------------------------
--------------------------------------------
| curriculum/                |             |
|    stage                   | 2           |
|    window_cost             | 0.0333      |
|    window_route_completion | 0.754       |
|    window_success          | 0.0667      |
| paper/                     |             |
|    accel_variation         | 0.448       |
|    base_reward             | 380         |
|    collision               | 0           |
|    crash_object            | 0           |
|    crash_vehicle           | 0           |
|    episode_cost            | 0           |
|    episode_length          | 1000        |
|    jerk                    | 0.403       |
|    lane_deviation          | 0.193       |
|    max_lane_deviation      | 0.894       |
|    mean_speed_kmh          | 16.3        |
|    min_ttc                 | 12.9        |
|    out_of_road             | 0           |
|    route_completion        | 0.836       |
|    shaped_reward           | 142         |
|    steering_variation      | 0.537       |
|    success                 | 0           |
|    ttc_risk                | 0           |
| rollout/                   |             |
|    ep_len_mean             | 946         |
|    ep_rew_mean             | 58.6        |
|    success_rate            | 0.07        |
| time/                      |             |
|    fps                     | 1558        |
|    iterations              | 53          |
|    time_elapsed            | 557         |
|    total_timesteps         | 868352      |
| train/                     |             |
|    approx_kl               | 0.016516738 |
|    clip_fraction           | 0.173       |
|    clip_range              | 0.2         |
|    entropy_loss            | -1.93       |
|    explained_variance      | 0.392       |
|    learning_rate           | 0.0003      |
|    loss                    | 9.35        |
|    n_updates               | 520         |
|    policy_gradient_loss    | 0.0039      |
|    std                     | 0.64        |
|    value_loss              | 55.7        |
--------------------------------------------
--------------------------------------------
| curriculum/                |             |
|    stage                   | 2           |
|    window_cost             | 0           |
|    window_route_completion | 0.765       |
|    window_success          | 0.0333      |
| paper/                     |             |
|    accel_variation         | 0.414       |
|    base_reward             | 356         |
|    collision               | 0           |
|    crash_object            | 0           |
|    crash_vehicle           | 0           |
|    episode_cost            | 0           |
|    episode_length          | 1000        |
|    jerk                    | 0.382       |
|    lane_deviation          | 0.216       |
|    max_lane_deviation      | 0.827       |
|    mean_speed_kmh          | 15.7        |
|    min_ttc                 | 7.34        |
|    out_of_road             | 0           |
|    route_completion        | 0.804       |
|    shaped_reward           | 110         |
|    steering_variation      | 0.533       |
|    success                 | 0           |
|    ttc_risk                | 0.00143     |
| rollout/                   |             |
|    ep_len_mean             | 951         |
|    ep_rew_mean             | 59.5        |
|    success_rate            | 0.06        |
| time/                      |             |
|    fps                     | 1535        |
|    iterations              | 54          |
|    time_elapsed            | 576         |
|    total_timesteps         | 884736      |
| train/                     |             |
|    approx_kl               | 0.007037986 |
|    clip_fraction           | 0.184       |
|    clip_range              | 0.2         |
|    entropy_loss            | -1.92       |
|    explained_variance      | 0.634       |
|    learning_rate           | 0.0003      |
|    loss                    | 8.94        |
|    n_updates               | 530         |
|    policy_gradient_loss    | 0.00451     |
|    std                     | 0.636       |
|    value_loss              | 25          |
--------------------------------------------
-------------------------------------------
| curriculum/                |            |
|    stage                   | 2          |
|    window_cost             | 0.1        |
|    window_route_completion | 0.752      |
|    window_success          | 0.0667     |
| paper/                     |            |
|    accel_variation         | 0.404      |
|    base_reward             | 353        |
|    collision               | 0          |
|    crash_object            | 0          |
|    crash_vehicle           | 0          |
|    episode_cost            | 0          |
|    episode_length          | 1000       |
|    jerk                    | 0.38       |
|    lane_deviation          | 0.183      |
|    max_lane_deviation      | 1.04       |
|    mean_speed_kmh          | 15.6       |
|    min_ttc                 | 2.02       |
|    out_of_road             | 0          |
|    route_completion        | 0.794      |
|    shaped_reward           | 5.9        |
|    steering_variation      | 0.514      |
|    success                 | 0          |
|    ttc_risk                | 0.02       |
| rollout/                   |            |
|    ep_len_mean             | 962        |
|    ep_rew_mean             | 64.4       |
|    success_rate            | 0.06       |
| time/                      |            |
|    fps                     | 1514       |
|    iterations              | 55         |
|    time_elapsed            | 594        |
|    total_timesteps         | 901120     |
| train/                     |            |
|    approx_kl               | 0.04108454 |
|    clip_fraction           | 0.274      |
|    clip_range              | 0.2        |
|    entropy_loss            | -1.91      |
|    explained_variance      | 0.609      |
|    learning_rate           | 0.0003     |
|    loss                    | 5.33       |
|    n_updates               | 540        |
|    policy_gradient_loss    | 0.0146     |
|    std                     | 0.636      |
|    value_loss              | 14.5       |
-------------------------------------------
--------------------------------------------
| curriculum/                |             |
|    stage                   | 2           |
|    window_cost             | 0.0333      |
|    window_route_completion | 0.772       |
|    window_success          | 0.0333      |
| paper/                     |             |
|    accel_variation         | 0.426       |
|    base_reward             | 374         |
|    collision               | 0           |
|    crash_object            | 0           |
|    crash_vehicle           | 0           |
|    episode_cost            | 0           |
|    episode_length          | 1000        |
|    jerk                    | 0.388       |
|    lane_deviation          | 0.227       |
|    max_lane_deviation      | 0.991       |
|    mean_speed_kmh          | 16.8        |
|    min_ttc                 | 18.6        |
|    out_of_road             | 0           |
|    route_completion        | 0.764       |
|    shaped_reward           | 121         |
|    steering_variation      | 0.537       |
|    success                 | 0           |
|    ttc_risk                | 0           |
| rollout/                   |             |
|    ep_len_mean             | 978         |
|    ep_rew_mean             | 64.9        |
|    success_rate            | 0.05        |
| time/                      |             |
|    fps                     | 1497        |
|    iterations              | 56          |
|    time_elapsed            | 612         |
|    total_timesteps         | 917504      |
| train/                     |             |
|    approx_kl               | 0.006656036 |
|    clip_fraction           | 0.115       |
|    clip_range              | 0.2         |
|    entropy_loss            | -1.91       |
|    explained_variance      | 0.56        |
|    learning_rate           | 0.0003      |
|    loss                    | 28.4        |
|    n_updates               | 550         |
|    policy_gradient_loss    | -0.000438   |
|    std                     | 0.639       |
|    value_loss              | 57          |
--------------------------------------------
--------------------------------------------
| curriculum/                |             |
|    stage                   | 2           |
|    window_cost             | 0.0333      |
|    window_route_completion | 0.754       |
|    window_success          | 0.0333      |
| paper/                     |             |
|    accel_variation         | 0.398       |
|    base_reward             | 376         |
|    collision               | 0           |
|    crash_object            | 0           |
|    crash_vehicle           | 0           |
|    episode_cost            | 0           |
|    episode_length          | 1000        |
|    jerk                    | 0.369       |
|    lane_deviation          | 0.169       |
|    max_lane_deviation      | 1.09        |
|    mean_speed_kmh          | 15.9        |
|    min_ttc                 | 0.684       |
|    out_of_road             | 0           |
|    route_completion        | 0.833       |
|    shaped_reward           | -0.944      |
|    steering_variation      | 0.495       |
|    success                 | 0           |
|    ttc_risk                | 0.0248      |
| rollout/                   |             |
|    ep_len_mean             | 986         |
|    ep_rew_mean             | 70.4        |
|    success_rate            | 0.05        |
| time/                      |             |
|    fps                     | 1479        |
|    iterations              | 57          |
|    time_elapsed            | 631         |
|    total_timesteps         | 933888      |
| train/                     |             |
|    approx_kl               | 0.013163182 |
|    clip_fraction           | 0.226       |
|    clip_range              | 0.2         |
|    entropy_loss            | -1.91       |
|    explained_variance      | 0.68        |
|    learning_rate           | 0.0003      |
|    loss                    | 5.63        |
|    n_updates               | 560         |
|    policy_gradient_loss    | 0.00526     |
|    std                     | 0.64        |
|    value_loss              | 25.5        |
--------------------------------------------
--------------------------------------------
| curriculum/                |             |
|    stage                   | 2           |
|    window_cost             | 0.0333      |
|    window_route_completion | 0.791       |
|    window_success          | 0.1         |
| paper/                     |             |
|    accel_variation         | 0.415       |
|    base_reward             | 322         |
|    collision               | 0           |
|    crash_object            | 0           |
|    crash_vehicle           | 0           |
|    episode_cost            | 0           |
|    episode_length          | 1000        |
|    jerk                    | 0.373       |
|    lane_deviation          | 0.274       |
|    max_lane_deviation      | 0.979       |
|    mean_speed_kmh          | 16.4        |
|    min_ttc                 | 6.73        |
|    out_of_road             | 0           |
|    route_completion        | 0.904       |
|    shaped_reward           | 60.4        |
|    steering_variation      | 0.515       |
|    success                 | 0           |
|    ttc_risk                | 0.000988    |
| rollout/                   |             |
|    ep_len_mean             | 985         |
|    ep_rew_mean             | 72.1        |
|    success_rate            | 0.06        |
| time/                      |             |
|    fps                     | 1460        |
|    iterations              | 58          |
|    time_elapsed            | 650         |
|    total_timesteps         | 950272      |
| train/                     |             |
|    approx_kl               | 0.021984372 |
|    clip_fraction           | 0.263       |
|    clip_range              | 0.2         |
|    entropy_loss            | -1.91       |
|    explained_variance      | 0.532       |
|    learning_rate           | 0.0003      |
|    loss                    | 14          |
|    n_updates               | 570         |
|    policy_gradient_loss    | 0.00797     |
|    std                     | 0.642       |
|    value_loss              | 56.3        |
--------------------------------------------
--------------------------------------------
| curriculum/                |             |
|    stage                   | 2           |
|    window_cost             | 0.0333      |
|    window_route_completion | 0.808       |
|    window_success          | 0.1         |
| paper/                     |             |
|    accel_variation         | 0.449       |
|    base_reward             | 388         |
|    collision               | 0           |
|    crash_object            | 0           |
|    crash_vehicle           | 0           |
|    episode_cost            | 0           |
|    episode_length          | 1000        |
|    jerk                    | 0.402       |
|    lane_deviation          | 0.178       |
|    max_lane_deviation      | 0.595       |
|    mean_speed_kmh          | 16.4        |
|    min_ttc                 | 3.09        |
|    out_of_road             | 0           |
|    route_completion        | 0.82        |
|    shaped_reward           | 147         |
|    steering_variation      | 0.522       |
|    success                 | 0           |
|    ttc_risk                | 0.00294     |
| rollout/                   |             |
|    ep_len_mean             | 979         |
|    ep_rew_mean             | 83.2        |
|    success_rate            | 0.06        |
| time/                      |             |
|    fps                     | 1447        |
|    iterations              | 59          |
|    time_elapsed            | 667         |
|    total_timesteps         | 966656      |
| train/                     |             |
|    approx_kl               | 0.015600337 |
|    clip_fraction           | 0.171       |
|    clip_range              | 0.2         |
|    entropy_loss            | -1.9        |
|    explained_variance      | 0.734       |
|    learning_rate           | 0.0003      |
|    loss                    | 18.3        |
|    n_updates               | 580         |
|    policy_gradient_loss    | 0.00336     |
|    std                     | 0.636       |
|    value_loss              | 24.1        |
--------------------------------------------
--------------------------------------------
| curriculum/                |             |
|    stage                   | 2           |
|    window_cost             | 0.0667      |
|    window_route_completion | 0.793       |
|    window_success          | 0.0333      |
| paper/                     |             |
|    accel_variation         | 0.48        |
|    base_reward             | 396         |
|    collision               | 0           |
|    crash_object            | 0           |
|    crash_vehicle           | 0           |
|    episode_cost            | 0           |
|    episode_length          | 1000        |
|    jerk                    | 0.432       |
|    lane_deviation          | 0.179       |
|    max_lane_deviation      | 0.877       |
|    mean_speed_kmh          | 16.9        |
|    min_ttc                 | nan         |
|    out_of_road             | 0           |
|    route_completion        | 0.697       |
|    shaped_reward           | 157         |
|    steering_variation      | 0.506       |
|    success                 | 0           |
|    ttc_risk                | 0           |
| rollout/                   |             |
|    ep_len_mean             | 977         |
|    ep_rew_mean             | 80.5        |
|    success_rate            | 0.06        |
| time/                      |             |
|    fps                     | 1431        |
|    iterations              | 60          |
|    time_elapsed            | 686         |
|    total_timesteps         | 983040      |
| train/                     |             |
|    approx_kl               | 0.011574709 |
|    clip_fraction           | 0.216       |
|    clip_range              | 0.2         |
|    entropy_loss            | -1.88       |
|    explained_variance      | 0.645       |
|    learning_rate           | 0.0003      |
|    loss                    | 10.7        |
|    n_updates               | 590         |
|    policy_gradient_loss    | 0.00524     |
|    std                     | 0.631       |
|    value_loss              | 33.9        |
--------------------------------------------
--------------------------------------------
| curriculum/                |             |
|    stage                   | 2           |
|    window_cost             | 0.1         |
|    window_route_completion | 0.753       |
|    window_success          | 0.1         |
| paper/                     |             |
|    accel_variation         | 0.435       |
|    base_reward             | 384         |
|    collision               | 0           |
|    crash_object            | 0           |
|    crash_vehicle           | 0           |
|    episode_cost            | 0           |
|    episode_length          | 1000        |
|    jerk                    | 0.413       |
|    lane_deviation          | 0.175       |
|    max_lane_deviation      | 0.6         |
|    mean_speed_kmh          | 16.2        |
|    min_ttc                 | 8.34        |
|    out_of_road             | 0           |
|    route_completion        | 0.726       |
|    shaped_reward           | 152         |
|    steering_variation      | 0.536       |
|    success                 | 0           |
|    ttc_risk                | 0.000977    |
| rollout/                   |             |
|    ep_len_mean             | 976         |
|    ep_rew_mean             | 82.5        |
|    success_rate            | 0.07        |
| time/                      |             |
|    fps                     | 1416        |
|    iterations              | 61          |
|    time_elapsed            | 705         |
|    total_timesteps         | 999424      |
| train/                     |             |
|    approx_kl               | 0.036930233 |
|    clip_fraction           | 0.227       |
|    clip_range              | 0.2         |
|    entropy_loss            | -1.87       |
|    explained_variance      | 0.598       |
|    learning_rate           | 0.0003      |
|    loss                    | 14.8        |
|    n_updates               | 600         |
|    policy_gradient_loss    | 0.00705     |
|    std                     | 0.627       |
|    value_loss              | 41.2        |
--------------------------------------------
--------------------------------------------
| curriculum/                |             |
|    stage                   | 2           |
|    window_cost             | 0.0667      |
|    window_route_completion | 0.724       |
|    window_success          | 0.0667      |
| paper/                     |             |
|    accel_variation         | 0.397       |
|    base_reward             | 318         |
|    collision               | 0           |
|    crash_object            | 0           |
|    crash_vehicle           | 0           |
|    episode_cost            | 0           |
|    episode_length          | 1000        |
|    jerk                    | 0.354       |
|    lane_deviation          | 0.184       |
|    max_lane_deviation      | 0.732       |
|    mean_speed_kmh          | 13.7        |
|    min_ttc                 | 0.0727      |
|    out_of_road             | 0           |
|    route_completion        | 0.894       |
|    shaped_reward           | -332        |
|    steering_variation      | 0.5         |
|    success                 | 0           |
|    ttc_risk                | 0.0741      |
| rollout/                   |             |
|    ep_len_mean             | 970         |
|    ep_rew_mean             | 84          |
|    success_rate            | 0.07        |
| time/                      |             |
|    fps                     | 1399        |
|    iterations              | 62          |
|    time_elapsed            | 725         |
|    total_timesteps         | 1015808     |
| train/                     |             |
|    approx_kl               | 0.014499519 |
|    clip_fraction           | 0.149       |
|    clip_range              | 0.2         |
|    entropy_loss            | -1.85       |
|    explained_variance      | 0.694       |
|    learning_rate           | 0.0003      |
|    loss                    | 12.1        |
|    n_updates               | 610         |
|    policy_gradient_loss    | 0.00254     |
|    std                     | 0.624       |
|    value_loss              | 44.6        |
--------------------------------------------
saved_model=outputs/candidate_lane1_out150_cost50_nenv16_seed1_1m/runs/proposed_ppo_s1/model/final_model.zip
/home/aaa/data/qj/stable-baselines3-master/stable_baselines3/common/on_policy_algorithm.py:150: UserWarning: You are trying to run PPO on the GPU, but it is primarily intended to run on the CPU when not using a CNN policy (you are using ActorCriticPolicy which should be a MlpPolicy). See https://github.com/DLR-RM/stable-baselines3/issues/1245 for more info. You can pass `device='cpu'` or `export CUDA_VISIBLE_DEVICES=` to force using the CPU.Note: The model will train, but the GPU utilization will be poor and the training might take longer than on CPU.
  warnings.warn(
         success  route_completion  collision  out_of_road  cost      reward  shield_intervention_rate  shield_soft_rate  shield_hard_rate  overspeed_guard_rate
density                                                                                                                                                         
0.00        0.98          0.990096       0.00          0.0  0.00  510.689428                  0.869578          0.000000          0.000000              0.869578
0.08        0.82          0.921692       0.12          0.0  0.12  473.497281                  0.833778          0.005639          0.004073              0.824066
0.15        0.68          0.897875       0.18          0.0  0.18  433.926377                  0.697677          0.043763          0.012699              0.641215
saved_evaluation=outputs/candidate_lane1_out150_cost50_nenv16_seed1_1m/evaluations/proposed_ppo_s1.csv
                       seed  success  route_completion  collision  out_of_road  cost      reward  shaped_reward  episode_length      speed  lane_deviation  steering_variation  accel_variation  ttc_risk    min_ttc
variant  algo density                                                                                                                                                                                               
proposed ppo  0.00      1.0     0.98          0.990096       0.00          0.0  0.00  510.689428     317.480137         1070.70  18.304214        0.140095            0.006331         0.226651  0.000000        NaN
              0.08      1.0     0.82          0.921692       0.12          0.0  0.12  473.497281     233.181055         1043.58  17.952138        0.160238            0.018772         0.239812  0.003545  17.796452
              0.15      1.0     0.68          0.897875       0.18          0.0  0.18  433.926377      74.765047         1157.36  16.086258        0.212025            0.030933         0.322814  0.013979   3.080167
curve_source=tensorboard
saved_summary=outputs/candidate_lane1_out150_cost50_nenv16_seed1_1m/evaluations/summary.csv
saved_figures=outputs/candidate_lane1_out150_cost50_nenv16_seed1_1m/figures
saved_report=outputs/candidate_lane1_out150_cost50_nenv16_seed1_1m/运行记录.md
end_time=2026-06-30T18:14:11+08:00
