/root/autodl-tmp/projects/sb3/stable-baselines3-master/stable_baselines3/common/on_policy_algorithm.py:150: UserWarning: You are trying to run PPO on the GPU, but it is primarily intended to run on the CPU when not using a CNN policy (you are using ActorCriticPolicy which should be a MlpPolicy). See https://github.com/DLR-RM/stable-baselines3/issues/1245 for more info. You can pass `device='cpu'` or `export CUDA_VISIBLE_DEVICES=` to force using the CPU.Note: The model will train, but the GPU utilization will be poor and the training might take longer than on CPU.
  warnings.warn(
Using cuda device
Logging to outputs/stage1000_stable_proposed_s0/runs/proposed_ppo_s0/tensorboard/proposed_ppo_s0_1
------------------------------------
| paper/                |          |
|    accel_variation    | 0.802    |
|    base_reward        | 6.5      |
|    collision          | 0        |
|    crash_object       | 0        |
|    crash_vehicle      | 0        |
|    episode_cost       | 0        |
|    episode_length     | 600      |
|    jerk               | 0.622    |
|    lane_deviation     | 0.0604   |
|    max_lane_deviation | 0.125    |
|    mean_speed_kmh     | 0.696    |
|    min_ttc            | nan      |
|    out_of_road        | 0        |
|    route_completion   | 0.0878   |
|    shaped_reward      | -94.1    |
|    steering_variation | 0.784    |
|    success            | 0        |
|    ttc_risk           | 0        |
| rollout/              |          |
|    ep_len_mean        | 600      |
|    ep_rew_mean        | -95.4    |
|    success_rate       | 0        |
| time/                 |          |
|    fps                | 224      |
|    iterations         | 1        |
|    time_elapsed       | 9        |
|    total_timesteps    | 2048     |
------------------------------------
-----------------------------------------
| paper/                  |             |
|    accel_variation      | 0.791       |
|    base_reward          | 2.28        |
|    collision            | 0           |
|    crash_object         | 0           |
|    crash_vehicle        | 0           |
|    episode_cost         | 0           |
|    episode_length       | 600         |
|    jerk                 | 0.637       |
|    lane_deviation       | 0.398       |
|    max_lane_deviation   | 0.901       |
|    mean_speed_kmh       | 0.806       |
|    min_ttc              | nan         |
|    out_of_road          | 0           |
|    route_completion     | 0.142       |
|    shaped_reward        | -157        |
|    steering_variation   | 0.856       |
|    success              | 0           |
|    ttc_risk             | 0           |
| rollout/                |             |
|    ep_len_mean          | 600         |
|    ep_rew_mean          | -107        |
|    success_rate         | 0           |
| time/                   |             |
|    fps                  | 220         |
|    iterations           | 2           |
|    time_elapsed         | 18          |
|    total_timesteps      | 4096        |
| train/                  |             |
|    approx_kl            | 0.008747132 |
|    clip_fraction        | 0.127       |
|    clip_range           | 0.2         |
|    entropy_loss         | -2.84       |
|    explained_variance   | -0.00767    |
|    learning_rate        | 0.0003      |
|    loss                 | 0.0958      |
|    n_updates            | 10          |
|    policy_gradient_loss | -0.0127     |
|    std                  | 0.997       |
|    value_loss           | 0.404       |
-----------------------------------------
------------------------------------------
| paper/                  |              |
|    accel_variation      | 0.784        |
|    base_reward          | 9.08         |
|    collision            | 0            |
|    crash_object         | 0            |
|    crash_vehicle        | 0            |
|    episode_cost         | 0            |
|    episode_length       | 600          |
|    jerk                 | 0.614        |
|    lane_deviation       | 0.128        |
|    max_lane_deviation   | 0.431        |
|    mean_speed_kmh       | 0.919        |
|    min_ttc              | nan          |
|    out_of_road          | 0            |
|    route_completion     | 0.155        |
|    shaped_reward        | -91.2        |
|    steering_variation   | 0.795        |
|    success              | 0            |
|    ttc_risk             | 0            |
| rollout/                |              |
|    ep_len_mean          | 600          |
|    ep_rew_mean          | -107         |
|    success_rate         | 0            |
| time/                   |              |
|    fps                  | 219          |
|    iterations           | 3            |
|    time_elapsed         | 27           |
|    total_timesteps      | 6144         |
| train/                  |              |
|    approx_kl            | 0.0071699503 |
|    clip_fraction        | 0.0829       |
|    clip_range           | 0.2          |
|    entropy_loss         | -2.83        |
|    explained_variance   | -0.0122      |
|    learning_rate        | 0.0003       |
|    loss                 | 0.698        |
|    n_updates            | 20           |
|    policy_gradient_loss | 0.000628     |
|    std                  | 1            |
|    value_loss           | 2.15         |
------------------------------------------
-----------------------------------------
| paper/                  |             |
|    accel_variation      | 0.731       |
|    base_reward          | 10.9        |
|    collision            | 0           |
|    crash_object         | 0           |
|    crash_vehicle        | 0           |
|    episode_cost         | 0           |
|    episode_length       | 600         |
|    jerk                 | 0.604       |
|    lane_deviation       | 0.438       |
|    max_lane_deviation   | 0.994       |
|    mean_speed_kmh       | 1.31        |
|    min_ttc              | nan         |
|    out_of_road          | 0           |
|    route_completion     | 0.248       |
|    shaped_reward        | -151        |
|    steering_variation   | 0.849       |
|    success              | 0           |
|    ttc_risk             | 0           |
| rollout/                |             |
|    ep_len_mean          | 600         |
|    ep_rew_mean          | -110        |
|    success_rate         | 0           |
| time/                   |             |
|    fps                  | 224         |
|    iterations           | 4           |
|    time_elapsed         | 36          |
|    total_timesteps      | 8192        |
| train/                  |             |
|    approx_kl            | 0.006226657 |
|    clip_fraction        | 0.0844      |
|    clip_range           | 0.2         |
|    entropy_loss         | -2.84       |
|    explained_variance   | 0.203       |
|    learning_rate        | 0.0003      |
|    loss                 | 0.391       |
|    n_updates            | 30          |
|    policy_gradient_loss | -0.00587    |
|    std                  | 1           |
|    value_loss           | 1.11        |
-----------------------------------------
------------------------------------------
| paper/                  |              |
|    accel_variation      | 0.767        |
|    base_reward          | -5.98        |
|    collision            | 0            |
|    crash_object         | 0            |
|    crash_vehicle        | 0            |
|    episode_cost         | 1            |
|    episode_length       | 320          |
|    jerk                 | 0.613        |
|    lane_deviation       | 0.424        |
|    max_lane_deviation   | 1.03         |
|    mean_speed_kmh       | 1.27         |
|    min_ttc              | nan          |
|    out_of_road          | 1            |
|    route_completion     | 0.15         |
|    shaped_reward        | -212         |
|    steering_variation   | 0.79         |
|    success              | 0            |
|    ttc_risk             | 0            |
| rollout/                |              |
|    ep_len_mean          | 584          |
|    ep_rew_mean          | -121         |
|    success_rate         | 0            |
| time/                   |              |
|    fps                  | 225          |
|    iterations           | 5            |
|    time_elapsed         | 45           |
|    total_timesteps      | 10240        |
| train/                  |              |
|    approx_kl            | 0.0046718367 |
|    clip_fraction        | 0.0265       |
|    clip_range           | 0.2          |
|    entropy_loss         | -2.84        |
|    explained_variance   | 0.0864       |
|    learning_rate        | 0.0003       |
|    loss                 | 2.49         |
|    n_updates            | 40           |
|    policy_gradient_loss | -0.00117     |
|    std                  | 0.998        |
|    value_loss           | 5.76         |
------------------------------------------
-----------------------------------------
| paper/                  |             |
|    accel_variation      | 0.77        |
|    base_reward          | 12.1        |
|    collision            | 0           |
|    crash_object         | 0           |
|    crash_vehicle        | 0           |
|    episode_cost         | 0           |
|    episode_length       | 600         |
|    jerk                 | 0.605       |
|    lane_deviation       | 0.272       |
|    max_lane_deviation   | 0.999       |
|    mean_speed_kmh       | 1.22        |
|    min_ttc              | nan         |
|    out_of_road          | 0           |
|    route_completion     | 0.167       |
|    shaped_reward        | -112        |
|    steering_variation   | 0.799       |
|    success              | 0           |
|    ttc_risk             | 0           |
| rollout/                |             |
|    ep_len_mean          | 586         |
|    ep_rew_mean          | -147        |
|    success_rate         | 0           |
| time/                   |             |
|    fps                  | 226         |
|    iterations           | 6           |
|    time_elapsed         | 54          |
|    total_timesteps      | 12288       |
| train/                  |             |
|    approx_kl            | 0.006079909 |
|    clip_fraction        | 0.0433      |
|    clip_range           | 0.2         |
|    entropy_loss         | -2.83       |
|    explained_variance   | 0.0305      |
|    learning_rate        | 0.0003      |
|    loss                 | 3.41        |
|    n_updates            | 50          |
|    policy_gradient_loss | -0.0025     |
|    std                  | 0.998       |
|    value_loss           | 72.2        |
-----------------------------------------
------------------------------------------
| paper/                  |              |
|    accel_variation      | 0.77         |
|    base_reward          | 8.07         |
|    collision            | 0            |
|    crash_object         | 0            |
|    crash_vehicle        | 0            |
|    episode_cost         | 0            |
|    episode_length       | 600          |
|    jerk                 | 0.572        |
|    lane_deviation       | 0.431        |
|    max_lane_deviation   | 0.995        |
|    mean_speed_kmh       | 1.02         |
|    min_ttc              | nan          |
|    out_of_road          | 0            |
|    route_completion     | 0.143        |
|    shaped_reward        | -164         |
|    steering_variation   | 0.766        |
|    success              | 0            |
|    ttc_risk             | 0            |
| rollout/                |              |
|    ep_len_mean          | 588          |
|    ep_rew_mean          | -169         |
|    success_rate         | 0            |
| time/                   |              |
|    fps                  | 226          |
|    iterations           | 7            |
|    time_elapsed         | 63           |
|    total_timesteps      | 14336        |
| train/                  |              |
|    approx_kl            | 0.0044110026 |
|    clip_fraction        | 0.0172       |
|    clip_range           | 0.2          |
|    entropy_loss         | -2.83        |
|    explained_variance   | -0.11        |
|    learning_rate        | 0.0003       |
|    loss                 | 32.7         |
|    n_updates            | 60           |
|    policy_gradient_loss | -0.000454    |
|    std                  | 0.997        |
|    value_loss           | 68.6         |
------------------------------------------
-------------------------------------------
| paper/                  |               |
|    accel_variation      | 0.745         |
|    base_reward          | 12.4          |
|    collision            | 0             |
|    crash_object         | 0             |
|    crash_vehicle        | 0             |
|    episode_cost         | 0             |
|    episode_length       | 600           |
|    jerk                 | 0.588         |
|    lane_deviation       | 0.273         |
|    max_lane_deviation   | 0.669         |
|    mean_speed_kmh       | 1.22          |
|    min_ttc              | nan           |
|    out_of_road          | 0             |
|    route_completion     | 0.161         |
|    shaped_reward        | -112          |
|    steering_variation   | 0.812         |
|    success              | 0             |
|    ttc_risk             | 0             |
| rollout/                |               |
|    ep_len_mean          | 590           |
|    ep_rew_mean          | -173          |
|    success_rate         | 0             |
| time/                   |               |
|    fps                  | 226           |
|    iterations           | 8             |
|    time_elapsed         | 72            |
|    total_timesteps      | 16384         |
| train/                  |               |
|    approx_kl            | 8.4163185e-05 |
|    clip_fraction        | 0.00469       |
|    clip_range           | 0.2           |
|    entropy_loss         | -2.83         |
|    explained_variance   | 0.0574        |
|    learning_rate        | 0.0003        |
|    loss                 | 46.6          |
|    n_updates            | 70            |
|    policy_gradient_loss | -2.86e-05     |
|    std                  | 0.996         |
|    value_loss           | 120           |
-------------------------------------------
---------------------------------------------
| curriculum/                |              |
|    stage                   | 0            |
|    window_cost             | 0.0667       |
|    window_route_completion | 0.159        |
|    window_success          | 0            |
| paper/                     |              |
|    accel_variation         | 0.707        |
|    base_reward             | 11           |
|    collision               | 0            |
|    crash_object            | 0            |
|    crash_vehicle           | 0            |
|    episode_cost            | 0            |
|    episode_length          | 600          |
|    jerk                    | 0.549        |
|    lane_deviation          | 0.428        |
|    max_lane_deviation      | 0.755        |
|    mean_speed_kmh          | 1.27         |
|    min_ttc                 | nan          |
|    out_of_road             | 0            |
|    route_completion        | 0.205        |
|    shaped_reward           | -147         |
|    steering_variation      | 0.804        |
|    success                 | 0            |
|    ttc_risk                | 0            |
| rollout/                   |              |
|    ep_len_mean             | 578          |
|    ep_rew_mean             | -179         |
|    success_rate            | 0            |
| time/                      |              |
|    fps                     | 227          |
|    iterations              | 9            |
|    time_elapsed            | 81           |
|    total_timesteps         | 18432        |
| train/                     |              |
|    approx_kl               | 0.0065595326 |
|    clip_fraction           | 0.0846       |
|    clip_range              | 0.2          |
|    entropy_loss            | -2.83        |
|    explained_variance      | 0.163        |
|    learning_rate           | 0.0003       |
|    loss                    | 3.36         |
|    n_updates               | 80           |
|    policy_gradient_loss    | -0.00239     |
|    std                     | 0.996        |
|    value_loss              | 6.74         |
---------------------------------------------
---------------------------------------------
| curriculum/                |              |
|    stage                   | 0            |
|    window_cost             | 0.0667       |
|    window_route_completion | 0.168        |
|    window_success          | 0            |
| paper/                     |              |
|    accel_variation         | 0.776        |
|    base_reward             | 6.53         |
|    collision               | 0            |
|    crash_object            | 0            |
|    crash_vehicle           | 0            |
|    episode_cost            | 0            |
|    episode_length          | 600          |
|    jerk                    | 0.616        |
|    lane_deviation          | 0.554        |
|    max_lane_deviation      | 0.819        |
|    mean_speed_kmh          | 1.04         |
|    min_ttc                 | nan          |
|    out_of_road             | 0            |
|    route_completion        | 0.188        |
|    shaped_reward           | -182         |
|    steering_variation      | 0.805        |
|    success                 | 0            |
|    ttc_risk                | 0            |
| rollout/                   |              |
|    ep_len_mean             | 581          |
|    ep_rew_mean             | -173         |
|    success_rate            | 0            |
| time/                      |              |
|    fps                     | 227          |
|    iterations              | 10           |
|    time_elapsed            | 89           |
|    total_timesteps         | 20480        |
| train/                     |              |
|    approx_kl               | 0.0029731183 |
|    clip_fraction           | 0.00928      |
|    clip_range              | 0.2          |
|    entropy_loss            | -2.83        |
|    explained_variance      | 0.055        |
|    learning_rate           | 0.0003       |
|    loss                    | 29.3         |
|    n_updates               | 90           |
|    policy_gradient_loss    | -0.000408    |
|    std                     | 0.995        |
|    value_loss              | 83.1         |
---------------------------------------------
--------------------------------------------
| curriculum/                |             |
|    stage                   | 0           |
|    window_cost             | 0.0667      |
|    window_route_completion | 0.17        |
|    window_success          | 0           |
| paper/                     |             |
|    accel_variation         | 0.779       |
|    base_reward             | 12.8        |
|    collision               | 0           |
|    crash_object            | 0           |
|    crash_vehicle           | 0           |
|    episode_cost            | 0           |
|    episode_length          | 600         |
|    jerk                    | 0.578       |
|    lane_deviation          | 0.145       |
|    max_lane_deviation      | 0.426       |
|    mean_speed_kmh          | 1.09        |
|    min_ttc                 | nan         |
|    out_of_road             | 0           |
|    route_completion        | 0.158       |
|    shaped_reward           | -86.4       |
|    steering_variation      | 0.804       |
|    success                 | 0           |
|    ttc_risk                | 0           |
| rollout/                   |             |
|    ep_len_mean             | 582         |
|    ep_rew_mean             | -168        |
|    success_rate            | 0           |
| time/                      |             |
|    fps                     | 227         |
|    iterations              | 11          |
|    time_elapsed            | 99          |
|    total_timesteps         | 22528       |
| train/                     |             |
|    approx_kl               | 0.004237542 |
|    clip_fraction           | 0.0524      |
|    clip_range              | 0.2         |
|    entropy_loss            | -2.82       |
|    explained_variance      | 0.336       |
|    learning_rate           | 0.0003      |
|    loss                    | 1.76        |
|    n_updates               | 100         |
|    policy_gradient_loss    | -0.00201    |
|    std                     | 0.991       |
|    value_loss              | 3.7         |
--------------------------------------------
---------------------------------------------
| curriculum/                |              |
|    stage                   | 0            |
|    window_cost             | 0.0667       |
|    window_route_completion | 0.178        |
|    window_success          | 0            |
| paper/                     |              |
|    accel_variation         | 0.704        |
|    base_reward             | 17.2         |
|    collision               | 0            |
|    crash_object            | 0            |
|    crash_vehicle           | 0            |
|    episode_cost            | 0            |
|    episode_length          | 600          |
|    jerk                    | 0.625        |
|    lane_deviation          | 0.0599       |
|    max_lane_deviation      | 0.152        |
|    mean_speed_kmh          | 1.28         |
|    min_ttc                 | nan          |
|    out_of_road             | 0            |
|    route_completion        | 0.207        |
|    shaped_reward           | -67.4        |
|    steering_variation      | 0.752        |
|    success                 | 0            |
|    ttc_risk                | 0            |
| rollout/                   |              |
|    ep_len_mean             | 584          |
|    ep_rew_mean             | -163         |
|    success_rate            | 0            |
| time/                      |              |
|    fps                     | 227          |
|    iterations              | 12           |
|    time_elapsed            | 108          |
|    total_timesteps         | 24576        |
| train/                     |              |
|    approx_kl               | 0.0023576175 |
|    clip_fraction           | 0.0815       |
|    clip_range              | 0.2          |
|    entropy_loss            | -2.82        |
|    explained_variance      | 0.552        |
|    learning_rate           | 0.0003       |
|    loss                    | 1.12         |
|    n_updates               | 110          |
|    policy_gradient_loss    | -0.00497     |
|    std                     | 0.989        |
|    value_loss              | 2.63         |
---------------------------------------------
---------------------------------------------
| curriculum/                |              |
|    stage                   | 0            |
|    window_cost             | 0.1          |
|    window_route_completion | 0.179        |
|    window_success          | 0            |
| paper/                     |              |
|    accel_variation         | 0.66         |
|    base_reward             | 13.3         |
|    collision               | 0            |
|    crash_object            | 0            |
|    crash_vehicle           | 0            |
|    episode_cost            | 0            |
|    episode_length          | 600          |
|    jerk                    | 0.553        |
|    lane_deviation          | 0.426        |
|    max_lane_deviation      | 0.999        |
|    mean_speed_kmh          | 1.63         |
|    min_ttc                 | nan          |
|    out_of_road             | 0            |
|    route_completion        | 0.277        |
|    shaped_reward           | -141         |
|    steering_variation      | 0.784        |
|    success                 | 0            |
|    ttc_risk                | 0            |
| rollout/                   |              |
|    ep_len_mean             | 579          |
|    ep_rew_mean             | -165         |
|    success_rate            | 0            |
| time/                      |              |
|    fps                     | 226          |
|    iterations              | 13           |
|    time_elapsed            | 117          |
|    total_timesteps         | 26624        |
| train/                     |              |
|    approx_kl               | 0.0120019205 |
|    clip_fraction           | 0.0993       |
|    clip_range              | 0.2          |
|    entropy_loss            | -2.81        |
|    explained_variance      | 0.75         |
|    learning_rate           | 0.0003       |
|    loss                    | 0.688        |
|    n_updates               | 120          |
|    policy_gradient_loss    | -0.00613     |
|    std                     | 0.988        |
|    value_loss              | 2.07         |
---------------------------------------------
--------------------------------------------
| curriculum/                |             |
|    stage                   | 0           |
|    window_cost             | 0.0667      |
|    window_route_completion | 0.186       |
|    window_success          | 0           |
| paper/                     |             |
|    accel_variation         | 0.767       |
|    base_reward             | 10.7        |
|    collision               | 0           |
|    crash_object            | 0           |
|    crash_vehicle           | 0           |
|    episode_cost            | 0           |
|    episode_length          | 600         |
|    jerk                    | 0.612       |
|    lane_deviation          | 0.528       |
|    max_lane_deviation      | 0.999       |
|    mean_speed_kmh          | 1.31        |
|    min_ttc                 | nan         |
|    out_of_road             | 0           |
|    route_completion        | 0.207       |
|    shaped_reward           | -176        |
|    steering_variation      | 0.788       |
|    success                 | 0           |
|    ttc_risk                | 0           |
| rollout/                   |             |
|    ep_len_mean             | 580         |
|    ep_rew_mean             | -167        |
|    success_rate            | 0           |
| time/                      |             |
|    fps                     | 226         |
|    iterations              | 14          |
|    time_elapsed            | 126         |
|    total_timesteps         | 28672       |
| train/                     |             |
|    approx_kl               | 0.004977773 |
|    clip_fraction           | 0.0357      |
|    clip_range              | 0.2         |
|    entropy_loss            | -2.81       |
|    explained_variance      | 0.191       |
|    learning_rate           | 0.0003      |
|    loss                    | 17.1        |
|    n_updates               | 130         |
|    policy_gradient_loss    | -0.000425   |
|    std                     | 0.987       |
|    value_loss              | 69          |
--------------------------------------------
---------------------------------------------
| curriculum/                |              |
|    stage                   | 0            |
|    window_cost             | 0.0667       |
|    window_route_completion | 0.196        |
|    window_success          | 0            |
| paper/                     |              |
|    accel_variation         | 0.628        |
|    base_reward             | 23           |
|    collision               | 0            |
|    crash_object            | 0            |
|    crash_vehicle           | 0            |
|    episode_cost            | 0            |
|    episode_length          | 600          |
|    jerk                    | 0.555        |
|    lane_deviation          | 0.145        |
|    max_lane_deviation      | 0.454        |
|    mean_speed_kmh          | 1.79         |
|    min_ttc                 | nan          |
|    out_of_road             | 0            |
|    route_completion        | 0.27         |
|    shaped_reward           | -59.8        |
|    steering_variation      | 0.788        |
|    success                 | 0            |
|    ttc_risk                | 0            |
| rollout/                   |              |
|    ep_len_mean             | 581          |
|    ep_rew_mean             | -163         |
|    success_rate            | 0            |
| time/                      |              |
|    fps                     | 226          |
|    iterations              | 15           |
|    time_elapsed            | 135          |
|    total_timesteps         | 30720        |
| train/                     |              |
|    approx_kl               | 0.0039747516 |
|    clip_fraction           | 0.0519       |
|    clip_range              | 0.2          |
|    entropy_loss            | -2.81        |
|    explained_variance      | 0.479        |
|    learning_rate           | 0.0003       |
|    loss                    | 18.2         |
|    n_updates               | 140          |
|    policy_gradient_loss    | -0.00368     |
|    std                     | 0.987        |
|    value_loss              | 40           |
---------------------------------------------
--------------------------------------------
| curriculum/                |             |
|    stage                   | 0           |
|    window_cost             | 0.0667      |
|    window_route_completion | 0.209       |
|    window_success          | 0           |
| paper/                     |             |
|    accel_variation         | 0.659       |
|    base_reward             | 9.45        |
|    collision               | 0           |
|    crash_object            | 0           |
|    crash_vehicle           | 0           |
|    episode_cost            | 0           |
|    episode_length          | 600         |
|    jerk                    | 0.564       |
|    lane_deviation          | 1.29        |
|    max_lane_deviation      | 2           |
|    mean_speed_kmh          | 2.37        |
|    min_ttc                 | nan         |
|    out_of_road             | 0           |
|    route_completion        | 0.32        |
|    shaped_reward           | -684        |
|    steering_variation      | 0.779       |
|    success                 | 0           |
|    ttc_risk                | 0           |
| rollout/                   |             |
|    ep_len_mean             | 582         |
|    ep_rew_mean             | -170        |
|    success_rate            | 0           |
| time/                      |             |
|    fps                     | 225         |
|    iterations              | 16          |
|    time_elapsed            | 145         |
|    total_timesteps         | 32768       |
| train/                     |             |
|    approx_kl               | 0.008038641 |
|    clip_fraction           | 0.163       |
|    clip_range              | 0.2         |
|    entropy_loss            | -2.81       |
|    explained_variance      | 0.524       |
|    learning_rate           | 0.0003      |
|    loss                    | 1.44        |
|    n_updates               | 150         |
|    policy_gradient_loss    | -0.00062    |
|    std                     | 0.985       |
|    value_loss              | 3.6         |
--------------------------------------------
---------------------------------------------
| curriculum/                |              |
|    stage                   | 0            |
|    window_cost             | 0.0667       |
|    window_route_completion | 0.226        |
|    window_success          | 0            |
| paper/                     |              |
|    accel_variation         | 0.687        |
|    base_reward             | 13.9         |
|    collision               | 0            |
|    crash_object            | 0            |
|    crash_vehicle           | 0            |
|    episode_cost            | 0            |
|    episode_length          | 600          |
|    jerk                    | 0.565        |
|    lane_deviation          | 0.681        |
|    max_lane_deviation      | 2            |
|    mean_speed_kmh          | 1.85         |
|    min_ttc                 | nan          |
|    out_of_road             | 0            |
|    route_completion        | 0.255        |
|    shaped_reward           | -320         |
|    steering_variation      | 0.784        |
|    success                 | 0            |
|    ttc_risk                | 0            |
| rollout/                   |              |
|    ep_len_mean             | 584          |
|    ep_rew_mean             | -172         |
|    success_rate            | 0            |
| time/                      |              |
|    fps                     | 225          |
|    iterations              | 17           |
|    time_elapsed            | 154          |
|    total_timesteps         | 34816        |
| train/                     |              |
|    approx_kl               | 0.0065653943 |
|    clip_fraction           | 0.152        |
|    clip_range              | 0.2          |
|    entropy_loss            | -2.8         |
|    explained_variance      | 0.534        |
|    learning_rate           | 0.0003       |
|    loss                    | 40.5         |
|    n_updates               | 160          |
|    policy_gradient_loss    | 0.00745      |
|    std                     | 0.984        |
|    value_loss              | 80.3         |
---------------------------------------------
---------------------------------------------
| curriculum/                |              |
|    stage                   | 0            |
|    window_cost             | 0.0333       |
|    window_route_completion | 0.242        |
|    window_success          | 0            |
| paper/                     |              |
|    accel_variation         | 0.666        |
|    base_reward             | 17.7         |
|    collision               | 0            |
|    crash_object            | 0            |
|    crash_vehicle           | 0            |
|    episode_cost            | 0            |
|    episode_length          | 600          |
|    jerk                    | 0.503        |
|    lane_deviation          | 0.684        |
|    max_lane_deviation      | 2            |
|    mean_speed_kmh          | 2.09         |
|    min_ttc                 | nan          |
|    out_of_road             | 0            |
|    route_completion        | 0.295        |
|    shaped_reward           | -335         |
|    steering_variation      | 0.813        |
|    success                 | 0            |
|    ttc_risk                | 0            |
| rollout/                   |              |
|    ep_len_mean             | 584          |
|    ep_rew_mean             | -193         |
|    success_rate            | 0            |
| time/                      |              |
|    fps                     | 225          |
|    iterations              | 18           |
|    time_elapsed            | 163          |
|    total_timesteps         | 36864        |
| train/                     |              |
|    approx_kl               | 0.0061389357 |
|    clip_fraction           | 0.0587       |
|    clip_range              | 0.2          |
|    entropy_loss            | -2.8         |
|    explained_variance      | 0.683        |
|    learning_rate           | 0.0003       |
|    loss                    | 10           |
|    n_updates               | 170          |
|    policy_gradient_loss    | -0.00378     |
|    std                     | 0.983        |
|    value_loss              | 33           |
---------------------------------------------
---------------------------------------------
| curriculum/                |              |
|    stage                   | 0            |
|    window_cost             | 0.133        |
|    window_route_completion | 0.262        |
|    window_success          | 0            |
| paper/                     |              |
|    accel_variation         | 0.44         |
|    base_reward             | -6.68        |
|    collision               | 0            |
|    crash_object            | 0            |
|    crash_vehicle           | 0            |
|    episode_cost            | 1            |
|    episode_length          | 96           |
|    jerk                    | 0.39         |
|    lane_deviation          | 0.991        |
|    max_lane_deviation      | 2            |
|    mean_speed_kmh          | 5.7          |
|    min_ttc                 | nan          |
|    out_of_road             | 1            |
|    route_completion        | 0.16         |
|    shaped_reward           | -210         |
|    steering_variation      | 0.771        |
|    success                 | 0            |
|    ttc_risk                | 0            |
| rollout/                   |              |
|    ep_len_mean             | 572          |
|    ep_rew_mean             | -194         |
|    success_rate            | 0            |
| time/                      |              |
|    fps                     | 224          |
|    iterations              | 19           |
|    time_elapsed            | 173          |
|    total_timesteps         | 38912        |
| train/                     |              |
|    approx_kl               | 0.0022344424 |
|    clip_fraction           | 0.000732     |
|    clip_range              | 0.2          |
|    entropy_loss            | -2.8         |
|    explained_variance      | 0.648        |
|    learning_rate           | 0.0003       |
|    loss                    | 72.4         |
|    n_updates               | 180          |
|    policy_gradient_loss    | -0.00047     |
|    std                     | 0.982        |
|    value_loss              | 190          |
---------------------------------------------
---------------------------------------------
| curriculum/                |              |
|    stage                   | 0            |
|    window_cost             | 0.2          |
|    window_route_completion | 0.272        |
|    window_success          | 0            |
| paper/                     |              |
|    accel_variation         | 0.615        |
|    base_reward             | -6.35        |
|    collision               | 0            |
|    crash_object            | 0            |
|    crash_vehicle           | 0            |
|    episode_cost            | 1            |
|    episode_length          | 84           |
|    jerk                    | 0.505        |
|    lane_deviation          | 0.412        |
|    max_lane_deviation      | 1.04         |
|    mean_speed_kmh          | 3.03         |
|    min_ttc                 | nan          |
|    out_of_road             | 1            |
|    route_completion        | 0.101        |
|    shaped_reward           | -151         |
|    steering_variation      | 0.767        |
|    success                 | 0            |
|    ttc_risk                | 0            |
| rollout/                   |              |
|    ep_len_mean             | 562          |
|    ep_rew_mean             | -193         |
|    success_rate            | 0            |
| time/                      |              |
|    fps                     | 224          |
|    iterations              | 20           |
|    time_elapsed            | 182          |
|    total_timesteps         | 40960        |
| train/                     |              |
|    approx_kl               | 0.0077497903 |
|    clip_fraction           | 0.0537       |
|    clip_range              | 0.2          |
|    entropy_loss            | -2.8         |
|    explained_variance      | 0.43         |
|    learning_rate           | 0.0003       |
|    loss                    | 66.1         |
|    n_updates               | 190          |
|    policy_gradient_loss    | -0.00416     |
|    std                     | 0.982        |
|    value_loss              | 167          |
---------------------------------------------
--------------------------------------------
| curriculum/                |             |
|    stage                   | 0           |
|    window_cost             | 0.333       |
|    window_route_completion | 0.273       |
|    window_success          | 0           |
| paper/                     |             |
|    accel_variation         | 0.506       |
|    base_reward             | 4.91        |
|    collision               | 0           |
|    crash_object            | 0           |
|    crash_vehicle           | 0           |
|    episode_cost            | 1           |
|    episode_length          | 334         |
|    jerk                    | 0.444       |
|    lane_deviation          | 0.374       |
|    max_lane_deviation      | 1.06        |
|    mean_speed_kmh          | 3.19        |
|    min_ttc                 | nan         |
|    out_of_road             | 1           |
|    route_completion        | 0.286       |
|    shaped_reward           | -186        |
|    steering_variation      | 0.769       |
|    success                 | 0           |
|    ttc_risk                | 0           |
| rollout/                   |             |
|    ep_len_mean             | 545         |
|    ep_rew_mean             | -192        |
|    success_rate            | 0           |
| time/                      |             |
|    fps                     | 223         |
|    iterations              | 21          |
|    time_elapsed            | 192         |
|    total_timesteps         | 43008       |
| train/                     |             |
|    approx_kl               | 0.008222777 |
|    clip_fraction           | 0.0321      |
|    clip_range              | 0.2         |
|    entropy_loss            | -2.8        |
|    explained_variance      | 0.298       |
|    learning_rate           | 0.0003      |
|    loss                    | 45          |
|    n_updates               | 200         |
|    policy_gradient_loss    | -0.000505   |
|    std                     | 0.983       |
|    value_loss              | 99          |
--------------------------------------------
---------------------------------------------
| curriculum/                |              |
|    stage                   | 0            |
|    window_cost             | 0.367        |
|    window_route_completion | 0.285        |
|    window_success          | 0            |
| paper/                     |              |
|    accel_variation         | 0.661        |
|    base_reward             | 14.4         |
|    collision               | 0            |
|    crash_object            | 0            |
|    crash_vehicle           | 0            |
|    episode_cost            | 0            |
|    episode_length          | 600          |
|    jerk                    | 0.581        |
|    lane_deviation          | 0.458        |
|    max_lane_deviation      | 0.999        |
|    mean_speed_kmh          | 1.72         |
|    min_ttc                 | nan          |
|    out_of_road             | 0            |
|    route_completion        | 0.263        |
|    shaped_reward           | -144         |
|    steering_variation      | 0.849        |
|    success                 | 0            |
|    ttc_risk                | 0            |
| rollout/                   |              |
|    ep_len_mean             | 546          |
|    ep_rew_mean             | -194         |
|    success_rate            | 0            |
| time/                      |              |
|    fps                     | 223          |
|    iterations              | 22           |
|    time_elapsed            | 201          |
|    total_timesteps         | 45056        |
| train/                     |              |
|    approx_kl               | 0.0071550347 |
|    clip_fraction           | 0.0536       |
|    clip_range              | 0.2          |
|    entropy_loss            | -2.8         |
|    explained_variance      | 0.0248       |
|    learning_rate           | 0.0003       |
|    loss                    | 113          |
|    n_updates               | 210          |
|    policy_gradient_loss    | -0.00182     |
|    std                     | 0.985        |
|    value_loss              | 193          |
---------------------------------------------
---------------------------------------------
| curriculum/                |              |
|    stage                   | 0            |
|    window_cost             | 0.4          |
|    window_route_completion | 0.282        |
|    window_success          | 0            |
| paper/                     |              |
|    accel_variation         | 0.709        |
|    base_reward             | 21.8         |
|    collision               | 0            |
|    crash_object            | 0            |
|    crash_vehicle           | 0            |
|    episode_cost            | 0            |
|    episode_length          | 600          |
|    jerk                    | 0.537        |
|    lane_deviation          | 0.424        |
|    max_lane_deviation      | 1.82         |
|    mean_speed_kmh          | 2.08         |
|    min_ttc                 | nan          |
|    out_of_road             | 0            |
|    route_completion        | 0.274        |
|    shaped_reward           | -158         |
|    steering_variation      | 0.816        |
|    success                 | 0            |
|    ttc_risk                | 0            |
| rollout/                   |              |
|    ep_len_mean             | 548          |
|    ep_rew_mean             | -193         |
|    success_rate            | 0            |
| time/                      |              |
|    fps                     | 224          |
|    iterations              | 23           |
|    time_elapsed            | 210          |
|    total_timesteps         | 47104        |
| train/                     |              |
|    approx_kl               | 0.0041879537 |
|    clip_fraction           | 0.0102       |
|    clip_range              | 0.2          |
|    entropy_loss            | -2.81        |
|    explained_variance      | 0.552        |
|    learning_rate           | 0.0003       |
|    loss                    | 47.4         |
|    n_updates               | 220          |
|    policy_gradient_loss    | -0.00169     |
|    std                     | 0.984        |
|    value_loss              | 83.5         |
---------------------------------------------
---------------------------------------------
| curriculum/                |              |
|    stage                   | 0            |
|    window_cost             | 0.433        |
|    window_route_completion | 0.278        |
|    window_success          | 0            |
| paper/                     |              |
|    accel_variation         | 0.66         |
|    base_reward             | 12.8         |
|    collision               | 0            |
|    crash_object            | 0            |
|    crash_vehicle           | 0            |
|    episode_cost            | 0            |
|    episode_length          | 600          |
|    jerk                    | 0.506        |
|    lane_deviation          | 0.797        |
|    max_lane_deviation      | 1.36         |
|    mean_speed_kmh          | 2.3          |
|    min_ttc                 | nan          |
|    out_of_road             | 0            |
|    route_completion        | 0.312        |
|    shaped_reward           | -284         |
|    steering_variation      | 0.818        |
|    success                 | 0            |
|    ttc_risk                | 0            |
| rollout/                   |              |
|    ep_len_mean             | 546          |
|    ep_rew_mean             | -193         |
|    success_rate            | 0            |
| time/                      |              |
|    fps                     | 224          |
|    iterations              | 24           |
|    time_elapsed            | 219          |
|    total_timesteps         | 49152        |
| train/                     |              |
|    approx_kl               | 0.0037828917 |
|    clip_fraction           | 0.025        |
|    clip_range              | 0.2          |
|    entropy_loss            | -2.8         |
|    explained_variance      | 0.57         |
|    learning_rate           | 0.0003       |
|    loss                    | 22.2         |
|    n_updates               | 230          |
|    policy_gradient_loss    | -0.00239     |
|    std                     | 0.984        |
|    value_loss              | 52           |
---------------------------------------------
--------------------------------------------
| curriculum/                |             |
|    stage                   | 0           |
|    window_cost             | 0.567       |
|    window_route_completion | 0.241       |
|    window_success          | 0           |
| paper/                     |             |
|    accel_variation         | 0.678       |
|    base_reward             | -2.75       |
|    collision               | 0           |
|    crash_object            | 0           |
|    crash_vehicle           | 0           |
|    episode_cost            | 1           |
|    episode_length          | 404         |
|    jerk                    | 0.547       |
|    lane_deviation          | 0.513       |
|    max_lane_deviation      | 1.03        |
|    mean_speed_kmh          | 1.58        |
|    min_ttc                 | nan         |
|    out_of_road             | 1           |
|    route_completion        | 0.198       |
|    shaped_reward           | -246        |
|    steering_variation      | 0.838       |
|    success                 | 0           |
|    ttc_risk                | 0           |
| rollout/                   |             |
|    ep_len_mean             | 533         |
|    ep_rew_mean             | -192        |
|    success_rate            | 0           |
| time/                      |             |
|    fps                     | 223         |
|    iterations              | 25          |
|    time_elapsed            | 229         |
|    total_timesteps         | 51200       |
| train/                     |             |
|    approx_kl               | 0.008803581 |
|    clip_fraction           | 0.0681      |
|    clip_range              | 0.2         |
|    entropy_loss            | -2.8        |
|    explained_variance      | 0.697       |
|    learning_rate           | 0.0003      |
|    loss                    | 17.9        |
|    n_updates               | 240         |
|    policy_gradient_loss    | -0.00296    |
|    std                     | 0.984       |
|    value_loss              | 54.3        |
--------------------------------------------
-------------------------------------------
| curriculum/                |            |
|    stage                   | 0          |
|    window_cost             | 0.633      |
|    window_route_completion | 0.231      |
|    window_success          | 0          |
| paper/                     |            |
|    accel_variation         | 0.68       |
|    base_reward             | -4.16      |
|    collision               | 0          |
|    crash_object            | 0          |
|    crash_vehicle           | 0          |
|    episode_cost            | 1          |
|    episode_length          | 429        |
|    jerk                    | 0.57       |
|    lane_deviation          | 0.507      |
|    max_lane_deviation      | 1.03       |
|    mean_speed_kmh          | 1.58       |
|    min_ttc                 | nan        |
|    out_of_road             | 1          |
|    route_completion        | 0.169      |
|    shaped_reward           | -251       |
|    steering_variation      | 0.791      |
|    success                 | 0          |
|    ttc_risk                | 0          |
| rollout/                   |            |
|    ep_len_mean             | 527        |
|    ep_rew_mean             | -194       |
|    success_rate            | 0          |
| time/                      |            |
|    fps                     | 223        |
|    iterations              | 26         |
|    time_elapsed            | 238        |
|    total_timesteps         | 53248      |
| train/                     |            |
|    approx_kl               | 0.00491359 |
|    clip_fraction           | 0.104      |
|    clip_range              | 0.2        |
|    entropy_loss            | -2.81      |
|    explained_variance      | -0.00295   |
|    learning_rate           | 0.0003     |
|    loss                    | 67         |
|    n_updates               | 250        |
|    policy_gradient_loss    | -0.000245  |
|    std                     | 0.985      |
|    value_loss              | 231        |
-------------------------------------------
--------------------------------------------
| curriculum/                |             |
|    stage                   | 0           |
|    window_cost             | 0.667       |
|    window_route_completion | 0.228       |
|    window_success          | 0           |
| paper/                     |             |
|    accel_variation         | 0.68        |
|    base_reward             | -4.75       |
|    collision               | 0           |
|    crash_object            | 0           |
|    crash_vehicle           | 0           |
|    episode_cost            | 1           |
|    episode_length          | 272         |
|    jerk                    | 0.61        |
|    lane_deviation          | 0.4         |
|    max_lane_deviation      | 1.06        |
|    mean_speed_kmh          | 1.76        |
|    min_ttc                 | nan         |
|    out_of_road             | 1           |
|    route_completion        | 0.16        |
|    shaped_reward           | -192        |
|    steering_variation      | 0.798       |
|    success                 | 0           |
|    ttc_risk                | 0           |
| rollout/                   |             |
|    ep_len_mean             | 517         |
|    ep_rew_mean             | -201        |
|    success_rate            | 0           |
| time/                      |             |
|    fps                     | 223         |
|    iterations              | 27          |
|    time_elapsed            | 247         |
|    total_timesteps         | 55296       |
| train/                     |             |
|    approx_kl               | 0.003175148 |
|    clip_fraction           | 0.0112      |
|    clip_range              | 0.2         |
|    entropy_loss            | -2.81       |
|    explained_variance      | 0.168       |
|    learning_rate           | 0.0003      |
|    loss                    | 86.6        |
|    n_updates               | 260         |
|    policy_gradient_loss    | -0.00113    |
|    std                     | 0.985       |
|    value_loss              | 193         |
--------------------------------------------
--------------------------------------------
| curriculum/                |             |
|    stage                   | 0           |
|    window_cost             | 0.7         |
|    window_route_completion | 0.2         |
|    window_success          | 0           |
| paper/                     |             |
|    accel_variation         | 0.725       |
|    base_reward             | -5.22       |
|    collision               | 0           |
|    crash_object            | 0           |
|    crash_vehicle           | 0           |
|    episode_cost            | 1           |
|    episode_length          | 387         |
|    jerk                    | 0.602       |
|    lane_deviation          | 0.417       |
|    max_lane_deviation      | 1.04        |
|    mean_speed_kmh          | 1.4         |
|    min_ttc                 | nan         |
|    out_of_road             | 1           |
|    route_completion        | 0.159       |
|    shaped_reward           | -225        |
|    steering_variation      | 0.758       |
|    success                 | 0           |
|    ttc_risk                | 0           |
| rollout/                   |             |
|    ep_len_mean             | 509         |
|    ep_rew_mean             | -206        |
|    success_rate            | 0           |
| time/                      |             |
|    fps                     | 223         |
|    iterations              | 28          |
|    time_elapsed            | 256         |
|    total_timesteps         | 57344       |
| train/                     |             |
|    approx_kl               | 0.002836098 |
|    clip_fraction           | 0.055       |
|    clip_range              | 0.2         |
|    entropy_loss            | -2.81       |
|    explained_variance      | 0.334       |
|    learning_rate           | 0.0003      |
|    loss                    | 50.7        |
|    n_updates               | 270         |
|    policy_gradient_loss    | -0.00308    |
|    std                     | 0.984       |
|    value_loss              | 162         |
--------------------------------------------
--------------------------------------------
| curriculum/                |             |
|    stage                   | 0           |
|    window_cost             | 0.667       |
|    window_route_completion | 0.192       |
|    window_success          | 0           |
| paper/                     |             |
|    accel_variation         | 0.758       |
|    base_reward             | 6.66        |
|    collision               | 0           |
|    crash_object            | 0           |
|    crash_vehicle           | 0           |
|    episode_cost            | 0           |
|    episode_length          | 600         |
|    jerk                    | 0.612       |
|    lane_deviation          | 0.59        |
|    max_lane_deviation      | 1           |
|    mean_speed_kmh          | 1.1         |
|    min_ttc                 | nan         |
|    out_of_road             | 0           |
|    route_completion        | 0.2         |
|    shaped_reward           | -205        |
|    steering_variation      | 0.806       |
|    success                 | 0           |
|    ttc_risk                | 0           |
| rollout/                   |             |
|    ep_len_mean             | 509         |
|    ep_rew_mean             | -206        |
|    success_rate            | 0           |
| time/                      |             |
|    fps                     | 223         |
|    iterations              | 29          |
|    time_elapsed            | 265         |
|    total_timesteps         | 59392       |
| train/                     |             |
|    approx_kl               | 0.008431494 |
|    clip_fraction           | 0.104       |
|    clip_range              | 0.2         |
|    entropy_loss            | -2.81       |
|    explained_variance      | 0.521       |
|    learning_rate           | 0.0003      |
|    loss                    | 24.4        |
|    n_updates               | 280         |
|    policy_gradient_loss    | -0.00545    |
|    std                     | 0.985       |
|    value_loss              | 106         |
--------------------------------------------
--------------------------------------------
| curriculum/                |             |
|    stage                   | 0           |
|    window_cost             | 0.633       |
|    window_route_completion | 0.191       |
|    window_success          | 0           |
| paper/                     |             |
|    accel_variation         | 0.756       |
|    base_reward             | 9.76        |
|    collision               | 0           |
|    crash_object            | 0           |
|    crash_vehicle           | 0           |
|    episode_cost            | 0           |
|    episode_length          | 600         |
|    jerk                    | 0.605       |
|    lane_deviation          | 0.305       |
|    max_lane_deviation      | 0.518       |
|    mean_speed_kmh          | 1.07        |
|    min_ttc                 | nan         |
|    out_of_road             | 0           |
|    route_completion        | 0.17        |
|    shaped_reward           | -108        |
|    steering_variation      | 0.796       |
|    success                 | 0           |
|    ttc_risk                | 0           |
| rollout/                   |             |
|    ep_len_mean             | 511         |
|    ep_rew_mean             | -208        |
|    success_rate            | 0           |
| time/                      |             |
|    fps                     | 223         |
|    iterations              | 30          |
|    time_elapsed            | 274         |
|    total_timesteps         | 61440       |
| train/                     |             |
|    approx_kl               | 0.003937386 |
|    clip_fraction           | 0.0247      |
|    clip_range              | 0.2         |
|    entropy_loss            | -2.81       |
|    explained_variance      | 0.849       |
|    learning_rate           | 0.0003      |
|    loss                    | 2.85        |
|    n_updates               | 290         |
|    policy_gradient_loss    | -0.00129    |
|    std                     | 0.984       |
|    value_loss              | 8.23        |
--------------------------------------------
---------------------------------------------
| curriculum/                |              |
|    stage                   | 0            |
|    window_cost             | 0.633        |
|    window_route_completion | 0.189        |
|    window_success          | 0            |
| paper/                     |              |
|    accel_variation         | 0.746        |
|    base_reward             | 9.03         |
|    collision               | 0            |
|    crash_object            | 0            |
|    crash_vehicle           | 0            |
|    episode_cost            | 0            |
|    episode_length          | 600          |
|    jerk                    | 0.622        |
|    lane_deviation          | 0.596        |
|    max_lane_deviation      | 1.74         |
|    mean_speed_kmh          | 1.54         |
|    min_ttc                 | nan          |
|    out_of_road             | 0            |
|    route_completion        | 0.253        |
|    shaped_reward           | -231         |
|    steering_variation      | 0.838        |
|    success                 | 0            |
|    ttc_risk                | 0            |
| rollout/                   |              |
|    ep_len_mean             | 511          |
|    ep_rew_mean             | -210         |
|    success_rate            | 0            |
| time/                      |              |
|    fps                     | 224          |
|    iterations              | 31           |
|    time_elapsed            | 283          |
|    total_timesteps         | 63488        |
| train/                     |              |
|    approx_kl               | 0.0040541138 |
|    clip_fraction           | 0.033        |
|    clip_range              | 0.2          |
|    entropy_loss            | -2.81        |
|    explained_variance      | 0.786        |
|    learning_rate           | 0.0003       |
|    loss                    | 8.93         |
|    n_updates               | 300          |
|    policy_gradient_loss    | -0.00138     |
|    std                     | 0.986        |
|    value_loss              | 23.8         |
---------------------------------------------
---------------------------------------------
| curriculum/                |              |
|    stage                   | 0            |
|    window_cost             | 0.533        |
|    window_route_completion | 0.196        |
|    window_success          | 0            |
| paper/                     |              |
|    accel_variation         | 0.712        |
|    base_reward             | 17.8         |
|    collision               | 0            |
|    crash_object            | 0            |
|    crash_vehicle           | 0            |
|    episode_cost            | 0            |
|    episode_length          | 600          |
|    jerk                    | 0.598        |
|    lane_deviation          | 0.0979       |
|    max_lane_deviation      | 0.289        |
|    mean_speed_kmh          | 1.36         |
|    min_ttc                 | nan          |
|    out_of_road             | 0            |
|    route_completion        | 0.255        |
|    shaped_reward           | -66.8        |
|    steering_variation      | 0.837        |
|    success                 | 0            |
|    ttc_risk                | 0            |
| rollout/                   |              |
|    ep_len_mean             | 511          |
|    ep_rew_mean             | -204         |
|    success_rate            | 0            |
| time/                      |              |
|    fps                     | 224          |
|    iterations              | 32           |
|    time_elapsed            | 291          |
|    total_timesteps         | 65536        |
| train/                     |              |
|    approx_kl               | 0.0039623864 |
|    clip_fraction           | 0.0149       |
|    clip_range              | 0.2          |
|    entropy_loss            | -2.81        |
|    explained_variance      | 0.761        |
|    learning_rate           | 0.0003       |
|    loss                    | 28.4         |
|    n_updates               | 310          |
|    policy_gradient_loss    | -0.00154     |
|    std                     | 0.986        |
|    value_loss              | 80.6         |
---------------------------------------------
--------------------------------------------
| curriculum/                |             |
|    stage                   | 0           |
|    window_cost             | 0.5         |
|    window_route_completion | 0.2         |
|    window_success          | 0           |
| paper/                     |             |
|    accel_variation         | 0.698       |
|    base_reward             | 2.15        |
|    collision               | 0           |
|    crash_object            | 0           |
|    crash_vehicle           | 0           |
|    episode_cost            | 1           |
|    episode_length          | 459         |
|    jerk                    | 0.564       |
|    lane_deviation          | 0.24        |
|    max_lane_deviation      | 1.04        |
|    mean_speed_kmh          | 1.53        |
|    min_ttc                 | nan         |
|    out_of_road             | 1           |
|    route_completion        | 0.181       |
|    shaped_reward           | -206        |
|    steering_variation      | 0.82        |
|    success                 | 0           |
|    ttc_risk                | 0           |
| rollout/                   |             |
|    ep_len_mean             | 508         |
|    ep_rew_mean             | -204        |
|    success_rate            | 0           |
| time/                      |             |
|    fps                     | 224         |
|    iterations              | 33          |
|    time_elapsed            | 301         |
|    total_timesteps         | 67584       |
| train/                     |             |
|    approx_kl               | 0.018066628 |
|    clip_fraction           | 0.166       |
|    clip_range              | 0.2         |
|    entropy_loss            | -2.8        |
|    explained_variance      | 0.332       |
|    learning_rate           | 0.0003      |
|    loss                    | 0.903       |
|    n_updates               | 320         |
|    policy_gradient_loss    | -0.00339    |
|    std                     | 0.978       |
|    value_loss              | 2.84        |
--------------------------------------------
---------------------------------------------
| curriculum/                |              |
|    stage                   | 0            |
|    window_cost             | 0.467        |
|    window_route_completion | 0.196        |
|    window_success          | 0            |
| paper/                     |              |
|    accel_variation         | 0.712        |
|    base_reward             | -3.52        |
|    collision               | 0            |
|    crash_object            | 0            |
|    crash_vehicle           | 0            |
|    episode_cost            | 1            |
|    episode_length          | 544          |
|    jerk                    | 0.582        |
|    lane_deviation          | 0.425        |
|    max_lane_deviation      | 1.03         |
|    mean_speed_kmh          | 1.06         |
|    min_ttc                 | nan          |
|    out_of_road             | 1            |
|    route_completion        | 0.148        |
|    shaped_reward           | -276         |
|    steering_variation      | 0.832        |
|    success                 | 0            |
|    ttc_risk                | 0            |
| rollout/                   |              |
|    ep_len_mean             | 503          |
|    ep_rew_mean             | -206         |
|    success_rate            | 0            |
| time/                      |              |
|    fps                     | 224          |
|    iterations              | 34           |
|    time_elapsed            | 310          |
|    total_timesteps         | 69632        |
| train/                     |              |
|    approx_kl               | 0.0065610264 |
|    clip_fraction           | 0.195        |
|    clip_range              | 0.2          |
|    entropy_loss            | -2.79        |
|    explained_variance      | 0.424        |
|    learning_rate           | 0.0003       |
|    loss                    | 61.7         |
|    n_updates               | 330          |
|    policy_gradient_loss    | -0.00156     |
|    std                     | 0.978        |
|    value_loss              | 105          |
---------------------------------------------
--------------------------------------------
| curriculum/                |             |
|    stage                   | 0           |
|    window_cost             | 0.367       |
|    window_route_completion | 0.196       |
|    window_success          | 0           |
| paper/                     |             |
|    accel_variation         | 0.78        |
|    base_reward             | 6.59        |
|    collision               | 0           |
|    crash_object            | 0           |
|    crash_vehicle           | 0           |
|    episode_cost            | 0           |
|    episode_length          | 600         |
|    jerk                    | 0.608       |
|    lane_deviation          | 0.574       |
|    max_lane_deviation      | 0.999       |
|    mean_speed_kmh          | 1.09        |
|    min_ttc                 | nan         |
|    out_of_road             | 0           |
|    route_completion        | 0.155       |
|    shaped_reward           | -209        |
|    steering_variation      | 0.848       |
|    success                 | 0           |
|    ttc_risk                | 0           |
| rollout/                   |             |
|    ep_len_mean             | 503         |
|    ep_rew_mean             | -206        |
|    success_rate            | 0           |
| time/                      |             |
|    fps                     | 223         |
|    iterations              | 35          |
|    time_elapsed            | 320         |
|    total_timesteps         | 71680       |
| train/                     |             |
|    approx_kl               | 0.004664122 |
|    clip_fraction           | 0.0117      |
|    clip_range              | 0.2         |
|    entropy_loss            | -2.79       |
|    explained_variance      | 0.674       |
|    learning_rate           | 0.0003      |
|    loss                    | 75.1        |
|    n_updates               | 340         |
|    policy_gradient_loss    | -0.000896   |
|    std                     | 0.978       |
|    value_loss              | 103         |
--------------------------------------------
--------------------------------------------
| curriculum/                |             |
|    stage                   | 0           |
|    window_cost             | 0.3         |
|    window_route_completion | 0.201       |
|    window_success          | 0           |
| paper/                     |             |
|    accel_variation         | 0.715       |
|    base_reward             | 12.6        |
|    collision               | 0           |
|    crash_object            | 0           |
|    crash_vehicle           | 0           |
|    episode_cost            | 0           |
|    episode_length          | 600         |
|    jerk                    | 0.605       |
|    lane_deviation          | 0.369       |
|    max_lane_deviation      | 1.38        |
|    mean_speed_kmh          | 1.29        |
|    min_ttc                 | nan         |
|    out_of_road             | 0           |
|    route_completion        | 0.242       |
|    shaped_reward           | -141        |
|    steering_variation      | 0.802       |
|    success                 | 0           |
|    ttc_risk                | 0           |
| rollout/                   |             |
|    ep_len_mean             | 503         |
|    ep_rew_mean             | -206        |
|    success_rate            | 0           |
| time/                      |             |
|    fps                     | 223         |
|    iterations              | 36          |
|    time_elapsed            | 329         |
|    total_timesteps         | 73728       |
| train/                     |             |
|    approx_kl               | 0.004446307 |
|    clip_fraction           | 0.0299      |
|    clip_range              | 0.2         |
|    entropy_loss            | -2.79       |
|    explained_variance      | 0.368       |
|    learning_rate           | 0.0003      |
|    loss                    | 1.18        |
|    n_updates               | 350         |
|    policy_gradient_loss    | -0.00252    |
|    std                     | 0.974       |
|    value_loss              | 3.55        |
--------------------------------------------
--------------------------------------------
| curriculum/                |             |
|    stage                   | 0           |
|    window_cost             | 0.267       |
|    window_route_completion | 0.203       |
|    window_success          | 0           |
| paper/                     |             |
|    accel_variation         | 0.697       |
|    base_reward             | 13.6        |
|    collision               | 0           |
|    crash_object            | 0           |
|    crash_vehicle           | 0           |
|    episode_cost            | 0           |
|    episode_length          | 600         |
|    jerk                    | 0.562       |
|    lane_deviation          | 0.297       |
|    max_lane_deviation      | 0.523       |
|    mean_speed_kmh          | 1.4         |
|    min_ttc                 | nan         |
|    out_of_road             | 0           |
|    route_completion        | 0.224       |
|    shaped_reward           | -96.1       |
|    steering_variation      | 0.81        |
|    success                 | 0           |
|    ttc_risk                | 0           |
| rollout/                   |             |
|    ep_len_mean             | 503         |
|    ep_rew_mean             | -205        |
|    success_rate            | 0           |
| time/                      |             |
|    fps                     | 224         |
|    iterations              | 37          |
|    time_elapsed            | 338         |
|    total_timesteps         | 75776       |
| train/                     |             |
|    approx_kl               | 0.007841552 |
|    clip_fraction           | 0.0884      |
|    clip_range              | 0.2         |
|    entropy_loss            | -2.78       |
|    explained_variance      | 0.972       |
|    learning_rate           | 0.0003      |
|    loss                    | 0.59        |
|    n_updates               | 360         |
|    policy_gradient_loss    | -0.00763    |
|    std                     | 0.969       |
|    value_loss              | 1.61        |
--------------------------------------------
---------------------------------------------
| curriculum/                |              |
|    stage                   | 0            |
|    window_cost             | 0.333        |
|    window_route_completion | 0.197        |
|    window_success          | 0            |
| paper/                     |              |
|    accel_variation         | 0.718        |
|    base_reward             | 19.1         |
|    collision               | 0            |
|    crash_object            | 0            |
|    crash_vehicle           | 0            |
|    episode_cost            | 0            |
|    episode_length          | 600          |
|    jerk                    | 0.568        |
|    lane_deviation          | 0.238        |
|    max_lane_deviation      | 0.477        |
|    mean_speed_kmh          | 1.65         |
|    min_ttc                 | nan          |
|    out_of_road             | 0            |
|    route_completion        | 0.258        |
|    shaped_reward           | -76.9        |
|    steering_variation      | 0.869        |
|    success                 | 0            |
|    ttc_risk                | 0            |
| rollout/                   |              |
|    ep_len_mean             | 503          |
|    ep_rew_mean             | -204         |
|    success_rate            | 0            |
| time/                      |              |
|    fps                     | 224          |
|    iterations              | 38           |
|    time_elapsed            | 347          |
|    total_timesteps         | 77824        |
| train/                     |              |
|    approx_kl               | 0.0064889956 |
|    clip_fraction           | 0.0602       |
|    clip_range              | 0.2          |
|    entropy_loss            | -2.77        |
|    explained_variance      | 0.823        |
|    learning_rate           | 0.0003       |
|    loss                    | 1.01         |
|    n_updates               | 370          |
|    policy_gradient_loss    | -0.0047      |
|    std                     | 0.967        |
|    value_loss              | 3.01         |
---------------------------------------------
--------------------------------------------
| curriculum/                |             |
|    stage                   | 0           |
|    window_cost             | 0.333       |
|    window_route_completion | 0.193       |
|    window_success          | 0           |
| paper/                     |             |
|    accel_variation         | 0.723       |
|    base_reward             | 11.4        |
|    collision               | 0           |
|    crash_object            | 0           |
|    crash_vehicle           | 0           |
|    episode_cost            | 0           |
|    episode_length          | 600         |
|    jerk                    | 0.557       |
|    lane_deviation          | 0.507       |
|    max_lane_deviation      | 2           |
|    mean_speed_kmh          | 1.55        |
|    min_ttc                 | nan         |
|    out_of_road             | 0           |
|    route_completion        | 0.196       |
|    shaped_reward           | -258        |
|    steering_variation      | 0.805       |
|    success                 | 0           |
|    ttc_risk                | 0           |
| rollout/                   |             |
|    ep_len_mean             | 503         |
|    ep_rew_mean             | -205        |
|    success_rate            | 0           |
| time/                      |             |
|    fps                     | 224         |
|    iterations              | 39          |
|    time_elapsed            | 356         |
|    total_timesteps         | 79872       |
| train/                     |             |
|    approx_kl               | 0.008606338 |
|    clip_fraction           | 0.0752      |
|    clip_range              | 0.2         |
|    entropy_loss            | -2.77       |
|    explained_variance      | 0.787       |
|    learning_rate           | 0.0003      |
|    loss                    | 28.1        |
|    n_updates               | 380         |
|    policy_gradient_loss    | -0.00235    |
|    std                     | 0.967       |
|    value_loss              | 55.1        |
--------------------------------------------
---------------------------------------------
| curriculum/                |              |
|    stage                   | 0            |
|    window_cost             | 0.333        |
|    window_route_completion | 0.195        |
|    window_success          | 0            |
| paper/                     |              |
|    accel_variation         | 0.67         |
|    base_reward             | 9.51         |
|    collision               | 0            |
|    crash_object            | 0            |
|    crash_vehicle           | 0            |
|    episode_cost            | 0            |
|    episode_length          | 600          |
|    jerk                    | 0.555        |
|    lane_deviation          | 0.809        |
|    max_lane_deviation      | 2            |
|    mean_speed_kmh          | 1.71         |
|    min_ttc                 | nan          |
|    out_of_road             | 0            |
|    route_completion        | 0.241        |
|    shaped_reward           | -409         |
|    steering_variation      | 0.878        |
|    success                 | 0            |
|    ttc_risk                | 0            |
| rollout/                   |              |
|    ep_len_mean             | 503          |
|    ep_rew_mean             | -219         |
|    success_rate            | 0            |
| time/                      |              |
|    fps                     | 224          |
|    iterations              | 40           |
|    time_elapsed            | 364          |
|    total_timesteps         | 81920        |
| train/                     |              |
|    approx_kl               | 0.0030827997 |
|    clip_fraction           | 0.00791      |
|    clip_range              | 0.2          |
|    entropy_loss            | -2.77        |
|    explained_variance      | 0.833        |
|    learning_rate           | 0.0003       |
|    loss                    | 20.4         |
|    n_updates               | 390          |
|    policy_gradient_loss    | -0.000699    |
|    std                     | 0.967        |
|    value_loss              | 40.4         |
---------------------------------------------
---------------------------------------------
| curriculum/                |              |
|    stage                   | 0            |
|    window_cost             | 0.267        |
|    window_route_completion | 0.203        |
|    window_success          | 0            |
| paper/                     |              |
|    accel_variation         | 0.726        |
|    base_reward             | 14.2         |
|    collision               | 0            |
|    crash_object            | 0            |
|    crash_vehicle           | 0            |
|    episode_cost            | 0            |
|    episode_length          | 600          |
|    jerk                    | 0.572        |
|    lane_deviation          | 0.578        |
|    max_lane_deviation      | 2            |
|    mean_speed_kmh          | 1.69         |
|    min_ttc                 | nan          |
|    out_of_road             | 0            |
|    route_completion        | 0.309        |
|    shaped_reward           | -264         |
|    steering_variation      | 0.791        |
|    success                 | 0            |
|    ttc_risk                | 0            |
| rollout/                   |              |
|    ep_len_mean             | 502          |
|    ep_rew_mean             | -226         |
|    success_rate            | 0            |
| time/                      |              |
|    fps                     | 224          |
|    iterations              | 41           |
|    time_elapsed            | 373          |
|    total_timesteps         | 83968        |
| train/                     |              |
|    approx_kl               | 0.0038308762 |
|    clip_fraction           | 0.00586      |
|    clip_range              | 0.2          |
|    entropy_loss            | -2.77        |
|    explained_variance      | 0.779        |
|    learning_rate           | 0.0003       |
|    loss                    | 38.1         |
|    n_updates               | 400          |
|    policy_gradient_loss    | -0.000494    |
|    std                     | 0.967        |
|    value_loss              | 108          |
---------------------------------------------
---------------------------------------------
| curriculum/                |              |
|    stage                   | 0            |
|    window_cost             | 0.2          |
|    window_route_completion | 0.217        |
|    window_success          | 0            |
| paper/                     |              |
|    accel_variation         | 0.68         |
|    base_reward             | 4.77         |
|    collision               | 0            |
|    crash_object            | 0            |
|    crash_vehicle           | 0            |
|    episode_cost            | 0            |
|    episode_length          | 600          |
|    jerk                    | 0.559        |
|    lane_deviation          | 1.61         |
|    max_lane_deviation      | 2            |
|    mean_speed_kmh          | 1.75         |
|    min_ttc                 | nan          |
|    out_of_road             | 0            |
|    route_completion        | 0.288        |
|    shaped_reward           | -986         |
|    steering_variation      | 0.821        |
|    success                 | 0            |
|    ttc_risk                | 0            |
| rollout/                   |              |
|    ep_len_mean             | 502          |
|    ep_rew_mean             | -235         |
|    success_rate            | 0            |
| time/                      |              |
|    fps                     | 224          |
|    iterations              | 42           |
|    time_elapsed            | 382          |
|    total_timesteps         | 86016        |
| train/                     |              |
|    approx_kl               | 0.0012347542 |
|    clip_fraction           | 0            |
|    clip_range              | 0.2          |
|    entropy_loss            | -2.77        |
|    explained_variance      | 0.804        |
|    learning_rate           | 0.0003       |
|    loss                    | 51.9         |
|    n_updates               | 410          |
|    policy_gradient_loss    | -4.32e-05    |
|    std                     | 0.968        |
|    value_loss              | 132          |
---------------------------------------------
----------------------------------------------
| curriculum/                |               |
|    stage                   | 0             |
|    window_cost             | 0.133         |
|    window_route_completion | 0.226         |
|    window_success          | 0             |
| paper/                     |               |
|    accel_variation         | 0.702         |
|    base_reward             | 11.4          |
|    collision               | 0             |
|    crash_object            | 0             |
|    crash_vehicle           | 0             |
|    episode_cost            | 0             |
|    episode_length          | 600           |
|    jerk                    | 0.577         |
|    lane_deviation          | 0.546         |
|    max_lane_deviation      | 1.53          |
|    mean_speed_kmh          | 1.59          |
|    min_ttc                 | nan           |
|    out_of_road             | 0             |
|    route_completion        | 0.275         |
|    shaped_reward           | -224          |
|    steering_variation      | 0.801         |
|    success                 | 0             |
|    ttc_risk                | 0             |
| rollout/                   |               |
|    ep_len_mean             | 502           |
|    ep_rew_mean             | -240          |
|    success_rate            | 0             |
| time/                      |               |
|    fps                     | 224           |
|    iterations              | 43            |
|    time_elapsed            | 391           |
|    total_timesteps         | 88064         |
| train/                     |               |
|    approx_kl               | 0.00087348314 |
|    clip_fraction           | 0             |
|    clip_range              | 0.2           |
|    entropy_loss            | -2.77         |
|    explained_variance      | 0.826         |
|    learning_rate           | 0.0003        |
|    loss                    | 58.7          |
|    n_updates               | 420           |
|    policy_gradient_loss    | -0.000284     |
|    std                     | 0.967         |
|    value_loss              | 209           |
----------------------------------------------
---------------------------------------------
| curriculum/                |              |
|    stage                   | 0            |
|    window_cost             | 0.133        |
|    window_route_completion | 0.232        |
|    window_success          | 0            |
| paper/                     |              |
|    accel_variation         | 0.708        |
|    base_reward             | 14.4         |
|    collision               | 0            |
|    crash_object            | 0            |
|    crash_vehicle           | 0            |
|    episode_cost            | 0            |
|    episode_length          | 600          |
|    jerk                    | 0.572        |
|    lane_deviation          | 0.373        |
|    max_lane_deviation      | 0.998        |
|    mean_speed_kmh          | 1.62         |
|    min_ttc                 | nan          |
|    out_of_road             | 0            |
|    route_completion        | 0.261        |
|    shaped_reward           | -127         |
|    steering_variation      | 0.794        |
|    success                 | 0            |
|    ttc_risk                | 0            |
| rollout/                   |              |
|    ep_len_mean             | 511          |
|    ep_rew_mean             | -243         |
|    success_rate            | 0            |
| time/                      |              |
|    fps                     | 224          |
|    iterations              | 44           |
|    time_elapsed            | 400          |
|    total_timesteps         | 90112        |
| train/                     |              |
|    approx_kl               | 0.0051282737 |
|    clip_fraction           | 0.00879      |
|    clip_range              | 0.2          |
|    entropy_loss            | -2.77        |
|    explained_variance      | 0.871        |
|    learning_rate           | 0.0003       |
|    loss                    | 39.4         |
|    n_updates               | 430          |
|    policy_gradient_loss    | -0.0011      |
|    std                     | 0.966        |
|    value_loss              | 89.2         |
---------------------------------------------
--------------------------------------------
| curriculum/                |             |
|    stage                   | 0           |
|    window_cost             | 0.133       |
|    window_route_completion | 0.24        |
|    window_success          | 0           |
| paper/                     |             |
|    accel_variation         | 0.668       |
|    base_reward             | 20.3        |
|    collision               | 0           |
|    crash_object            | 0           |
|    crash_vehicle           | 0           |
|    episode_cost            | 0           |
|    episode_length          | 600         |
|    jerk                    | 0.514       |
|    lane_deviation          | 0.293       |
|    max_lane_deviation      | 0.585       |
|    mean_speed_kmh          | 1.81        |
|    min_ttc                 | nan         |
|    out_of_road             | 0           |
|    route_completion        | 0.306       |
|    shaped_reward           | -82.1       |
|    steering_variation      | 0.788       |
|    success                 | 0           |
|    ttc_risk                | 0           |
| rollout/                   |             |
|    ep_len_mean             | 515         |
|    ep_rew_mean             | -241        |
|    success_rate            | 0           |
| time/                      |             |
|    fps                     | 224         |
|    iterations              | 45          |
|    time_elapsed            | 410         |
|    total_timesteps         | 92160       |
| train/                     |             |
|    approx_kl               | 0.005603455 |
|    clip_fraction           | 0.0228      |
|    clip_range              | 0.2         |
|    entropy_loss            | -2.77       |
|    explained_variance      | 0.886       |
|    learning_rate           | 0.0003      |
|    loss                    | 9.38        |
|    n_updates               | 440         |
|    policy_gradient_loss    | -0.00142    |
|    std                     | 0.966       |
|    value_loss              | 28          |
--------------------------------------------
---------------------------------------------
| curriculum/                |              |
|    stage                   | 0            |
|    window_cost             | 0.167        |
|    window_route_completion | 0.244        |
|    window_success          | 0            |
| paper/                     |              |
|    accel_variation         | 0.678        |
|    base_reward             | -3.36        |
|    collision               | 0            |
|    crash_object            | 0            |
|    crash_vehicle           | 0            |
|    episode_cost            | 1            |
|    episode_length          | 316          |
|    jerk                    | 0.582        |
|    lane_deviation          | 0.361        |
|    max_lane_deviation      | 1.02         |
|    mean_speed_kmh          | 1.49         |
|    min_ttc                 | nan          |
|    out_of_road             | 1            |
|    route_completion        | 0.124        |
|    shaped_reward           | -208         |
|    steering_variation      | 0.909        |
|    success                 | 0            |
|    ttc_risk                | 0            |
| rollout/                   |              |
|    ep_len_mean             | 523          |
|    ep_rew_mean             | -240         |
|    success_rate            | 0            |
| time/                      |              |
|    fps                     | 224          |
|    iterations              | 46           |
|    time_elapsed            | 418          |
|    total_timesteps         | 94208        |
| train/                     |              |
|    approx_kl               | 0.0077993455 |
|    clip_fraction           | 0.0553       |
|    clip_range              | 0.2          |
|    entropy_loss            | -2.77        |
|    explained_variance      | 0.899        |
|    learning_rate           | 0.0003       |
|    loss                    | 4.22         |
|    n_updates               | 450          |
|    policy_gradient_loss    | -0.00414     |
|    std                     | 0.967        |
|    value_loss              | 13.5         |
---------------------------------------------
---------------------------------------------
| curriculum/                |              |
|    stage                   | 0            |
|    window_cost             | 0.167        |
|    window_route_completion | 0.257        |
|    window_success          | 0            |
| paper/                     |              |
|    accel_variation         | 0.659        |
|    base_reward             | 7.85         |
|    collision               | 0            |
|    crash_object            | 0            |
|    crash_vehicle           | 0            |
|    episode_cost            | 1            |
|    episode_length          | 518          |
|    jerk                    | 0.538        |
|    lane_deviation          | 0.41         |
|    max_lane_deviation      | 1.04         |
|    mean_speed_kmh          | 2.38         |
|    min_ttc                 | nan          |
|    out_of_road             | 1            |
|    route_completion        | 0.26         |
|    shaped_reward           | -233         |
|    steering_variation      | 0.828        |
|    success                 | 0            |
|    ttc_risk                | 0            |
| rollout/                   |              |
|    ep_len_mean             | 528          |
|    ep_rew_mean             | -237         |
|    success_rate            | 0            |
| time/                      |              |
|    fps                     | 224          |
|    iterations              | 47           |
|    time_elapsed            | 427          |
|    total_timesteps         | 96256        |
| train/                     |              |
|    approx_kl               | 0.0077566784 |
|    clip_fraction           | 0.0322       |
|    clip_range              | 0.2          |
|    entropy_loss            | -2.77        |
|    explained_variance      | 0.483        |
|    learning_rate           | 0.0003       |
|    loss                    | 32.5         |
|    n_updates               | 460          |
|    policy_gradient_loss    | -0.00145     |
|    std                     | 0.966        |
|    value_loss              | 51.5         |
---------------------------------------------
--------------------------------------------
| curriculum/                |             |
|    stage                   | 0           |
|    window_cost             | 0.267       |
|    window_route_completion | 0.268       |
|    window_success          | 0           |
| paper/                     |             |
|    accel_variation         | 0.583       |
|    base_reward             | 22.6        |
|    collision               | 0           |
|    crash_object            | 0           |
|    crash_vehicle           | 0           |
|    episode_cost            | 0           |
|    episode_length          | 600         |
|    jerk                    | 0.48        |
|    lane_deviation          | 0.511       |
|    max_lane_deviation      | 1.06        |
|    mean_speed_kmh          | 2.8         |
|    min_ttc                 | nan         |
|    out_of_road             | 0           |
|    route_completion        | 0.375       |
|    shaped_reward           | -137        |
|    steering_variation      | 0.815       |
|    success                 | 0           |
|    ttc_risk                | 0           |
| rollout/                   |             |
|    ep_len_mean             | 525         |
|    ep_rew_mean             | -238        |
|    success_rate            | 0           |
| time/                      |             |
|    fps                     | 224         |
|    iterations              | 48          |
|    time_elapsed            | 437         |
|    total_timesteps         | 98304       |
| train/                     |             |
|    approx_kl               | 0.008293977 |
|    clip_fraction           | 0.113       |
|    clip_range              | 0.2         |
|    entropy_loss            | -2.77       |
|    explained_variance      | 0.695       |
|    learning_rate           | 0.0003      |
|    loss                    | 10.5        |
|    n_updates               | 470         |
|    policy_gradient_loss    | -0.00361    |
|    std                     | 0.968       |
|    value_loss              | 28.6        |
--------------------------------------------
--------------------------------------------
| curriculum/                |             |
|    stage                   | 0           |
|    window_cost             | 0.4         |
|    window_route_completion | 0.257       |
|    window_success          | 0           |
| paper/                     |             |
|    accel_variation         | 0.619       |
|    base_reward             | -3          |
|    collision               | 0           |
|    crash_object            | 0           |
|    crash_vehicle           | 0           |
|    episode_cost            | 1           |
|    episode_length          | 332         |
|    jerk                    | 0.534       |
|    lane_deviation          | 0.512       |
|    max_lane_deviation      | 1.04        |
|    mean_speed_kmh          | 2.08        |
|    min_ttc                 | nan         |
|    out_of_road             | 1           |
|    route_completion        | 0.207       |
|    shaped_reward           | -216        |
|    steering_variation      | 0.798       |
|    success                 | 0           |
|    ttc_risk                | 0           |
| rollout/                   |             |
|    ep_len_mean             | 509         |
|    ep_rew_mean             | -241        |
|    success_rate            | 0           |
| time/                      |             |
|    fps                     | 224         |
|    iterations              | 49          |
|    time_elapsed            | 446         |
|    total_timesteps         | 100352      |
| train/                     |             |
|    approx_kl               | 0.002338819 |
|    clip_fraction           | 0.0179      |
|    clip_range              | 0.2         |
|    entropy_loss            | -2.77       |
|    explained_variance      | 0.689       |
|    learning_rate           | 0.0003      |
|    loss                    | 47.3        |
|    n_updates               | 480         |
|    policy_gradient_loss    | -0.00128    |
|    std                     | 0.969       |
|    value_loss              | 97.9        |
--------------------------------------------
---------------------------------------------
| curriculum/                |              |
|    stage                   | 0            |
|    window_cost             | 0.533        |
|    window_route_completion | 0.248        |
|    window_success          | 0            |
| paper/                     |              |
|    accel_variation         | 0.642        |
|    base_reward             | 20.6         |
|    collision               | 0            |
|    crash_object            | 0            |
|    crash_vehicle           | 0            |
|    episode_cost            | 0            |
|    episode_length          | 600          |
|    jerk                    | 0.517        |
|    lane_deviation          | 0.46         |
|    max_lane_deviation      | 0.998        |
|    mean_speed_kmh          | 2.26         |
|    min_ttc                 | nan          |
|    out_of_road             | 0            |
|    route_completion        | 0.359        |
|    shaped_reward           | -134         |
|    steering_variation      | 0.807        |
|    success                 | 0            |
|    ttc_risk                | 0            |
| rollout/                   |              |
|    ep_len_mean             | 511          |
|    ep_rew_mean             | -240         |
|    success_rate            | 0            |
| time/                      |              |
|    fps                     | 224          |
|    iterations              | 50           |
|    time_elapsed            | 455          |
|    total_timesteps         | 102400       |
| train/                     |              |
|    approx_kl               | 0.0066806814 |
|    clip_fraction           | 0.115        |
|    clip_range              | 0.2          |
|    entropy_loss            | -2.77        |
|    explained_variance      | 0.676        |
|    learning_rate           | 0.0003       |
|    loss                    | 92           |
|    n_updates               | 490          |
|    policy_gradient_loss    | -0.0075      |
|    std                     | 0.969        |
|    value_loss              | 136          |
---------------------------------------------
--------------------------------------------
| curriculum/                |             |
|    stage                   | 0           |
|    window_cost             | 0.6         |
|    window_route_completion | 0.25        |
|    window_success          | 0           |
| paper/                     |             |
|    accel_variation         | 0.665       |
|    base_reward             | -0.875      |
|    collision               | 0           |
|    crash_object            | 0           |
|    crash_vehicle           | 0           |
|    episode_cost            | 1           |
|    episode_length          | 447         |
|    jerk                    | 0.563       |
|    lane_deviation          | 0.464       |
|    max_lane_deviation      | 1.03        |
|    mean_speed_kmh          | 1.87        |
|    min_ttc                 | nan         |
|    out_of_road             | 1           |
|    route_completion        | 0.216       |
|    shaped_reward           | -240        |
|    steering_variation      | 0.859       |
|    success                 | 0           |
|    ttc_risk                | 0           |
| rollout/                   |             |
|    ep_len_mean             | 515         |
|    ep_rew_mean             | -238        |
|    success_rate            | 0           |
| time/                      |             |
|    fps                     | 224         |
|    iterations              | 51          |
|    time_elapsed            | 464         |
|    total_timesteps         | 104448      |
| train/                     |             |
|    approx_kl               | 0.003931118 |
|    clip_fraction           | 0.0551      |
|    clip_range              | 0.2         |
|    entropy_loss            | -2.77       |
|    explained_variance      | 0.695       |
|    learning_rate           | 0.0003      |
|    loss                    | 51.1        |
|    n_updates               | 500         |
|    policy_gradient_loss    | -0.0018     |
|    std                     | 0.971       |
|    value_loss              | 98.1        |
--------------------------------------------
---------------------------------------------
| curriculum/                |              |
|    stage                   | 0            |
|    window_cost             | 0.733        |
|    window_route_completion | 0.243        |
|    window_success          | 0            |
| paper/                     |              |
|    accel_variation         | 0.678        |
|    base_reward             | -7.43        |
|    collision               | 0            |
|    crash_object            | 0            |
|    crash_vehicle           | 0            |
|    episode_cost            | 1            |
|    episode_length          | 162          |
|    jerk                    | 0.452        |
|    lane_deviation          | 0.458        |
|    max_lane_deviation      | 1.03         |
|    mean_speed_kmh          | 1.81         |
|    min_ttc                 | nan          |
|    out_of_road             | 1            |
|    route_completion        | 0.117        |
|    shaped_reward           | -179         |
|    steering_variation      | 0.778        |
|    success                 | 0            |
|    ttc_risk                | 0            |
| rollout/                   |              |
|    ep_len_mean             | 518          |
|    ep_rew_mean             | -238         |
|    success_rate            | 0            |
| time/                      |              |
|    fps                     | 224          |
|    iterations              | 52           |
|    time_elapsed            | 474          |
|    total_timesteps         | 106496       |
| train/                     |              |
|    approx_kl               | 0.0015157978 |
|    clip_fraction           | 0.0212       |
|    clip_range              | 0.2          |
|    entropy_loss            | -2.77        |
|    explained_variance      | 0.809        |
|    learning_rate           | 0.0003       |
|    loss                    | 26.1         |
|    n_updates               | 510          |
|    policy_gradient_loss    | -0.00125     |
|    std                     | 0.969        |
|    value_loss              | 50.9         |
---------------------------------------------
--------------------------------------------
| curriculum/                |             |
|    stage                   | 0           |
|    window_cost             | 0.7         |
|    window_route_completion | 0.243       |
|    window_success          | 0           |
| paper/                     |             |
|    accel_variation         | 0.699       |
|    base_reward             | 15.2        |
|    collision               | 0           |
|    crash_object            | 0           |
|    crash_vehicle           | 0           |
|    episode_cost            | 0           |
|    episode_length          | 600         |
|    jerk                    | 0.547       |
|    lane_deviation          | 0.369       |
|    max_lane_deviation      | 0.99        |
|    mean_speed_kmh          | 1.66        |
|    min_ttc                 | nan         |
|    out_of_road             | 0           |
|    route_completion        | 0.229       |
|    shaped_reward           | -119        |
|    steering_variation      | 0.792       |
|    success                 | 0           |
|    ttc_risk                | 0           |
| rollout/                   |             |
|    ep_len_mean             | 523         |
|    ep_rew_mean             | -236        |
|    success_rate            | 0           |
| time/                      |             |
|    fps                     | 224         |
|    iterations              | 53          |
|    time_elapsed            | 482         |
|    total_timesteps         | 108544      |
| train/                     |             |
|    approx_kl               | 0.006731268 |
|    clip_fraction           | 0.0735      |
|    clip_range              | 0.2         |
|    entropy_loss            | -2.77       |
|    explained_variance      | 0.804       |
|    learning_rate           | 0.0003      |
|    loss                    | 44          |
|    n_updates               | 520         |
|    policy_gradient_loss    | -0.00396    |
|    std                     | 0.967       |
|    value_loss              | 92.8        |
--------------------------------------------
---------------------------------------------
| curriculum/                |              |
|    stage                   | 0            |
|    window_cost             | 0.633        |
|    window_route_completion | 0.239        |
|    window_success          | 0            |
| paper/                     |              |
|    accel_variation         | 0.623        |
|    base_reward             | 16.6         |
|    collision               | 0            |
|    crash_object            | 0            |
|    crash_vehicle           | 0            |
|    episode_cost            | 0            |
|    episode_length          | 600          |
|    jerk                    | 0.498        |
|    lane_deviation          | 0.614        |
|    max_lane_deviation      | 1.5          |
|    mean_speed_kmh          | 2.08         |
|    min_ttc                 | nan          |
|    out_of_road             | 0            |
|    route_completion        | 0.303        |
|    shaped_reward           | -212         |
|    steering_variation      | 0.816        |
|    success                 | 0            |
|    ttc_risk                | 0            |
| rollout/                   |              |
|    ep_len_mean             | 530          |
|    ep_rew_mean             | -236         |
|    success_rate            | 0            |
| time/                      |              |
|    fps                     | 224          |
|    iterations              | 54           |
|    time_elapsed            | 491          |
|    total_timesteps         | 110592       |
| train/                     |              |
|    approx_kl               | 0.0062199757 |
|    clip_fraction           | 0.103        |
|    clip_range              | 0.2          |
|    entropy_loss            | -2.77        |
|    explained_variance      | 0.856        |
|    learning_rate           | 0.0003       |
|    loss                    | 3.82         |
|    n_updates               | 530          |
|    policy_gradient_loss    | -0.00747     |
|    std                     | 0.967        |
|    value_loss              | 8.54         |
---------------------------------------------
---------------------------------------------
| curriculum/                |              |
|    stage                   | 0            |
|    window_cost             | 0.533        |
|    window_route_completion | 0.237        |
|    window_success          | 0            |
| paper/                     |              |
|    accel_variation         | 0.662        |
|    base_reward             | 13.7         |
|    collision               | 0            |
|    crash_object            | 0            |
|    crash_vehicle           | 0            |
|    episode_cost            | 0            |
|    episode_length          | 600          |
|    jerk                    | 0.526        |
|    lane_deviation          | 0.413        |
|    max_lane_deviation      | 0.925        |
|    mean_speed_kmh          | 1.45         |
|    min_ttc                 | nan          |
|    out_of_road             | 0            |
|    route_completion        | 0.256        |
|    shaped_reward           | -135         |
|    steering_variation      | 0.845        |
|    success                 | 0            |
|    ttc_risk                | 0            |
| rollout/                   |              |
|    ep_len_mean             | 530          |
|    ep_rew_mean             | -233         |
|    success_rate            | 0            |
| time/                      |              |
|    fps                     | 224          |
|    iterations              | 55           |
|    time_elapsed            | 501          |
|    total_timesteps         | 112640       |
| train/                     |              |
|    approx_kl               | 0.0061199395 |
|    clip_fraction           | 0.0512       |
|    clip_range              | 0.2          |
|    entropy_loss            | -2.77        |
|    explained_variance      | 0.89         |
|    learning_rate           | 0.0003       |
|    loss                    | 13.2         |
|    n_updates               | 540          |
|    policy_gradient_loss    | -0.00266     |
|    std                     | 0.965        |
|    value_loss              | 26.7         |
---------------------------------------------
--------------------------------------------
| curriculum/                |             |
|    stage                   | 0           |
|    window_cost             | 0.433       |
|    window_route_completion | 0.239       |
|    window_success          | 0           |
| paper/                     |             |
|    accel_variation         | 0.712       |
|    base_reward             | 14.7        |
|    collision               | 0           |
|    crash_object            | 0           |
|    crash_vehicle           | 0           |
|    episode_cost            | 0           |
|    episode_length          | 600         |
|    jerk                    | 0.621       |
|    lane_deviation          | 0.288       |
|    max_lane_deviation      | 0.661       |
|    mean_speed_kmh          | 1.45        |
|    min_ttc                 | nan         |
|    out_of_road             | 0           |
|    route_completion        | 0.24        |
|    shaped_reward           | -99.5       |
|    steering_variation      | 0.822       |
|    success                 | 0           |
|    ttc_risk                | 0           |
| rollout/                   |             |
|    ep_len_mean             | 530         |
|    ep_rew_mean             | -230        |
|    success_rate            | 0           |
| time/                      |             |
|    fps                     | 224         |
|    iterations              | 56          |
|    time_elapsed            | 510         |
|    total_timesteps         | 114688      |
| train/                     |             |
|    approx_kl               | 0.005353065 |
|    clip_fraction           | 0.0272      |
|    clip_range              | 0.2         |
|    entropy_loss            | -2.76       |
|    explained_variance      | 0.802       |
|    learning_rate           | 0.0003      |
|    loss                    | 4.41        |
|    n_updates               | 550         |
|    policy_gradient_loss    | -0.00175    |
|    std                     | 0.958       |
|    value_loss              | 6.68        |
--------------------------------------------
---------------------------------------------
| curriculum/                |              |
|    stage                   | 0            |
|    window_cost             | 0.367        |
|    window_route_completion | 0.245        |
|    window_success          | 0            |
| paper/                     |              |
|    accel_variation         | 0.682        |
|    base_reward             | 18.3         |
|    collision               | 0            |
|    crash_object            | 0            |
|    crash_vehicle           | 0            |
|    episode_cost            | 0            |
|    episode_length          | 600          |
|    jerk                    | 0.573        |
|    lane_deviation          | 0.326        |
|    max_lane_deviation      | 0.71         |
|    mean_speed_kmh          | 1.71         |
|    min_ttc                 | nan          |
|    out_of_road             | 0            |
|    route_completion        | 0.286        |
|    shaped_reward           | -103         |
|    steering_variation      | 0.793        |
|    success                 | 0            |
|    ttc_risk                | 0            |
| rollout/                   |              |
|    ep_len_mean             | 530          |
|    ep_rew_mean             | -222         |
|    success_rate            | 0            |
| time/                      |              |
|    fps                     | 224          |
|    iterations              | 57           |
|    time_elapsed            | 520          |
|    total_timesteps         | 116736       |
| train/                     |              |
|    approx_kl               | 0.0047239168 |
|    clip_fraction           | 0.109        |
|    clip_range              | 0.2          |
|    entropy_loss            | -2.73        |
|    explained_variance      | 0.708        |
|    learning_rate           | 0.0003       |
|    loss                    | 0.583        |
|    n_updates               | 560          |
|    policy_gradient_loss    | -0.00782     |
|    std                     | 0.937        |
|    value_loss              | 1.47         |
---------------------------------------------
--------------------------------------------
| curriculum/                |             |
|    stage                   | 0           |
|    window_cost             | 0.233       |
|    window_route_completion | 0.268       |
|    window_success          | 0           |
| paper/                     |             |
|    accel_variation         | 0.622       |
|    base_reward             | 28.3        |
|    collision               | 0           |
|    crash_object            | 0           |
|    crash_vehicle           | 0           |
|    episode_cost            | 0           |
|    episode_length          | 600         |
|    jerk                    | 0.513       |
|    lane_deviation          | 0.268       |
|    max_lane_deviation      | 0.99        |
|    mean_speed_kmh          | 2.52        |
|    min_ttc                 | nan         |
|    out_of_road             | 0           |
|    route_completion        | 0.34        |
|    shaped_reward           | -67.2       |
|    steering_variation      | 0.796       |
|    success                 | 0           |
|    ttc_risk                | 0           |
| rollout/                   |             |
|    ep_len_mean             | 530         |
|    ep_rew_mean             | -222        |
|    success_rate            | 0           |
| time/                      |             |
|    fps                     | 223         |
|    iterations              | 58          |
|    time_elapsed            | 531         |
|    total_timesteps         | 118784      |
| train/                     |             |
|    approx_kl               | 0.014233502 |
|    clip_fraction           | 0.226       |
|    clip_range              | 0.2         |
|    entropy_loss            | -2.7        |
|    explained_variance      | 0.826       |
|    learning_rate           | 0.0003      |
|    loss                    | 0.65        |
|    n_updates               | 570         |
|    policy_gradient_loss    | -0.00525    |
|    std                     | 0.933       |
|    value_loss              | 1.86        |
--------------------------------------------
--------------------------------------------
| curriculum/                |             |
|    stage                   | 0           |
|    window_cost             | 0.333       |
|    window_route_completion | 0.266       |
|    window_success          | 0           |
| paper/                     |             |
|    accel_variation         | 0.486       |
|    base_reward             | -0.461      |
|    collision               | 0           |
|    crash_object            | 0           |
|    crash_vehicle           | 0           |
|    episode_cost            | 1           |
|    episode_length          | 173         |
|    jerk                    | 0.397       |
|    lane_deviation          | 0.451       |
|    max_lane_deviation      | 1.12        |
|    mean_speed_kmh          | 3.94        |
|    min_ttc                 | nan         |
|    out_of_road             | 1           |
|    route_completion        | 0.194       |
|    shaped_reward           | -158        |
|    steering_variation      | 0.76        |
|    success                 | 0           |
|    ttc_risk                | 0           |
| rollout/                   |             |
|    ep_len_mean             | 519         |
|    ep_rew_mean             | -220        |
|    success_rate            | 0           |
| time/                      |             |
|    fps                     | 223         |
|    iterations              | 59          |
|    time_elapsed            | 540         |
|    total_timesteps         | 120832      |
| train/                     |             |
|    approx_kl               | 0.010775486 |
|    clip_fraction           | 0.107       |
|    clip_range              | 0.2         |
|    entropy_loss            | -2.69       |
|    explained_variance      | 0.575       |
|    learning_rate           | 0.0003      |
|    loss                    | 1.84        |
|    n_updates               | 580         |
|    policy_gradient_loss    | -0.00614    |
|    std                     | 0.921       |
|    value_loss              | 5.13        |
--------------------------------------------
---------------------------------------------
| curriculum/                |              |
|    stage                   | 0            |
|    window_cost             | 0.367        |
|    window_route_completion | 0.294        |
|    window_success          | 0            |
| paper/                     |              |
|    accel_variation         | 0.597        |
|    base_reward             | 9.77         |
|    collision               | 0            |
|    crash_object            | 0            |
|    crash_vehicle           | 0            |
|    episode_cost            | 1            |
|    episode_length          | 495          |
|    jerk                    | 0.47         |
|    lane_deviation          | 0.362        |
|    max_lane_deviation      | 1.03         |
|    mean_speed_kmh          | 2.7          |
|    min_ttc                 | nan          |
|    out_of_road             | 1            |
|    route_completion        | 0.307        |
|    shaped_reward           | -212         |
|    steering_variation      | 0.727        |
|    success                 | 0            |
|    ttc_risk                | 0            |
| rollout/                   |              |
|    ep_len_mean             | 514          |
|    ep_rew_mean             | -219         |
|    success_rate            | 0            |
| time/                      |              |
|    fps                     | 223          |
|    iterations              | 60           |
|    time_elapsed            | 549          |
|    total_timesteps         | 122880       |
| train/                     |              |
|    approx_kl               | 0.0040984135 |
|    clip_fraction           | 0.21         |
|    clip_range              | 0.2          |
|    entropy_loss            | -2.67        |
|    explained_variance      | 0.328        |
|    learning_rate           | 0.0003       |
|    loss                    | 119          |
|    n_updates               | 590          |
|    policy_gradient_loss    | 0.0093       |
|    std                     | 0.92         |
|    value_loss              | 234          |
---------------------------------------------
---------------------------------------------
| curriculum/                |              |
|    stage                   | 0            |
|    window_cost             | 0.4          |
|    window_route_completion | 0.316        |
|    window_success          | 0            |
| paper/                     |              |
|    accel_variation         | 0.589        |
|    base_reward             | 11.3         |
|    collision               | 0            |
|    crash_object            | 0            |
|    crash_vehicle           | 0            |
|    episode_cost            | 1            |
|    episode_length          | 578          |
|    jerk                    | 0.476        |
|    lane_deviation          | 0.599        |
|    max_lane_deviation      | 1.62         |
|    mean_speed_kmh          | 2.91         |
|    min_ttc                 | nan          |
|    out_of_road             | 1            |
|    route_completion        | 0.41         |
|    shaped_reward           | -339         |
|    steering_variation      | 0.721        |
|    success                 | 0            |
|    ttc_risk                | 0            |
| rollout/                   |              |
|    ep_len_mean             | 514          |
|    ep_rew_mean             | -221         |
|    success_rate            | 0            |
| time/                      |              |
|    fps                     | 223          |
|    iterations              | 61           |
|    time_elapsed            | 558          |
|    total_timesteps         | 124928       |
| train/                     |              |
|    approx_kl               | 0.0040933695 |
|    clip_fraction           | 0.0773       |
|    clip_range              | 0.2          |
|    entropy_loss            | -2.67        |
|    explained_variance      | 0.673        |
|    learning_rate           | 0.0003       |
|    loss                    | 44.6         |
|    n_updates               | 600          |
|    policy_gradient_loss    | -0.00558     |
|    std                     | 0.919        |
|    value_loss              | 68           |
---------------------------------------------
---------------------------------------------
| curriculum/                |              |
|    stage                   | 0            |
|    window_cost             | 0.467        |
|    window_route_completion | 0.326        |
|    window_success          | 0            |
| paper/                     |              |
|    accel_variation         | 0.603        |
|    base_reward             | 1.21         |
|    collision               | 0            |
|    crash_object            | 0            |
|    crash_vehicle           | 0            |
|    episode_cost            | 1            |
|    episode_length          | 488          |
|    jerk                    | 0.463        |
|    lane_deviation          | 0.498        |
|    max_lane_deviation      | 1.03         |
|    mean_speed_kmh          | 2.26         |
|    min_ttc                 | nan          |
|    out_of_road             | 1            |
|    route_completion        | 0.314        |
|    shaped_reward           | -239         |
|    steering_variation      | 0.777        |
|    success                 | 0            |
|    ttc_risk                | 0            |
| rollout/                   |              |
|    ep_len_mean             | 512          |
|    ep_rew_mean             | -224         |
|    success_rate            | 0            |
| time/                      |              |
|    fps                     | 223          |
|    iterations              | 62           |
|    time_elapsed            | 567          |
|    total_timesteps         | 126976       |
| train/                     |              |
|    approx_kl               | 0.0072252895 |
|    clip_fraction           | 0.0167       |
|    clip_range              | 0.2          |
|    entropy_loss            | -2.66        |
|    explained_variance      | 0.818        |
|    learning_rate           | 0.0003       |
|    loss                    | 15.1         |
|    n_updates               | 610          |
|    policy_gradient_loss    | -0.00172     |
|    std                     | 0.918        |
|    value_loss              | 33.8         |
---------------------------------------------
--------------------------------------------
| curriculum/                |             |
|    stage                   | 0           |
|    window_cost             | 0.467       |
|    window_route_completion | 0.346       |
|    window_success          | 0           |
| paper/                     |             |
|    accel_variation         | 0.522       |
|    base_reward             | 33.3        |
|    collision               | 0           |
|    crash_object            | 0           |
|    crash_vehicle           | 0           |
|    episode_cost            | 0           |
|    episode_length          | 600         |
|    jerk                    | 0.457       |
|    lane_deviation          | 0.348       |
|    max_lane_deviation      | 0.995       |
|    mean_speed_kmh          | 3.22        |
|    min_ttc                 | nan         |
|    out_of_road             | 0           |
|    route_completion        | 0.437       |
|    shaped_reward           | -60.5       |
|    steering_variation      | 0.803       |
|    success                 | 0           |
|    ttc_risk                | 0           |
| rollout/                   |             |
|    ep_len_mean             | 515         |
|    ep_rew_mean             | -220        |
|    success_rate            | 0           |
| time/                      |             |
|    fps                     | 223         |
|    iterations              | 63          |
|    time_elapsed            | 576         |
|    total_timesteps         | 129024      |
| train/                     |             |
|    approx_kl               | 0.009280579 |
|    clip_fraction           | 0.134       |
|    clip_range              | 0.2         |
|    entropy_loss            | -2.66       |
|    explained_variance      | 0.782       |
|    learning_rate           | 0.0003      |
|    loss                    | 37.5        |
|    n_updates               | 620         |
|    policy_gradient_loss    | -0.00607    |
|    std                     | 0.917       |
|    value_loss              | 71.7        |
--------------------------------------------
-------------------------------------------
| curriculum/                |            |
|    stage                   | 0          |
|    window_cost             | 0.467      |
|    window_route_completion | 0.396      |
|    window_success          | 0          |
| paper/                     |            |
|    accel_variation         | 0.506      |
|    base_reward             | 50.1       |
|    collision               | 0          |
|    crash_object            | 0          |
|    crash_vehicle           | 0          |
|    episode_cost            | 0          |
|    episode_length          | 600        |
|    jerk                    | 0.408      |
|    lane_deviation          | 0.381      |
|    max_lane_deviation      | 0.87       |
|    mean_speed_kmh          | 4.61       |
|    min_ttc                 | nan        |
|    out_of_road             | 0          |
|    route_completion        | 0.614      |
|    shaped_reward           | -45.6      |
|    steering_variation      | 0.706      |
|    success                 | 0          |
|    ttc_risk                | 0          |
| rollout/                   |            |
|    ep_len_mean             | 515        |
|    ep_rew_mean             | -215       |
|    success_rate            | 0          |
| time/                      |            |
|    fps                     | 223        |
|    iterations              | 64         |
|    time_elapsed            | 585        |
|    total_timesteps         | 131072     |
| train/                     |            |
|    approx_kl               | 0.01458188 |
|    clip_fraction           | 0.148      |
|    clip_range              | 0.2        |
|    entropy_loss            | -2.66      |
|    explained_variance      | 0.876      |
|    learning_rate           | 0.0003     |
|    loss                    | 1.91       |
|    n_updates               | 630        |
|    policy_gradient_loss    | -0.00603   |
|    std                     | 0.914      |
|    value_loss              | 4.26       |
-------------------------------------------
---------------------------------------------
| curriculum/                |              |
|    stage                   | 0            |
|    window_cost             | 0.467        |
|    window_route_completion | 0.426        |
|    window_success          | 0            |
| paper/                     |              |
|    accel_variation         | 0.563        |
|    base_reward             | 40.4         |
|    collision               | 0            |
|    crash_object            | 0            |
|    crash_vehicle           | 0            |
|    episode_cost            | 0            |
|    episode_length          | 600          |
|    jerk                    | 0.443        |
|    lane_deviation          | 0.383        |
|    max_lane_deviation      | 0.992        |
|    mean_speed_kmh          | 3.83         |
|    min_ttc                 | nan          |
|    out_of_road             | 0            |
|    route_completion        | 0.648        |
|    shaped_reward           | -61.8        |
|    steering_variation      | 0.769        |
|    success                 | 0            |
|    ttc_risk                | 0            |
| rollout/                   |              |
|    ep_len_mean             | 515          |
|    ep_rew_mean             | -201         |
|    success_rate            | 0            |
| time/                      |              |
|    fps                     | 223          |
|    iterations              | 65           |
|    time_elapsed            | 594          |
|    total_timesteps         | 133120       |
| train/                     |              |
|    approx_kl               | 0.0062866365 |
|    clip_fraction           | 0.141        |
|    clip_range              | 0.2          |
|    entropy_loss            | -2.65        |
|    explained_variance      | 0.707        |
|    learning_rate           | 0.0003       |
|    loss                    | 2.29         |
|    n_updates               | 640          |
|    policy_gradient_loss    | -0.00742     |
|    std                     | 0.904        |
|    value_loss              | 6.46         |
---------------------------------------------
--------------------------------------------
| curriculum/                |             |
|    stage                   | 0           |
|    window_cost             | 0.4         |
|    window_route_completion | 0.473       |
|    window_success          | 0           |
| paper/                     |             |
|    accel_variation         | 0.455       |
|    base_reward             | 50.3        |
|    collision               | 0           |
|    crash_object            | 0           |
|    crash_vehicle           | 0           |
|    episode_cost            | 0           |
|    episode_length          | 600         |
|    jerk                    | 0.404       |
|    lane_deviation          | 0.377       |
|    max_lane_deviation      | 1.44        |
|    mean_speed_kmh          | 5.21        |
|    min_ttc                 | nan         |
|    out_of_road             | 0           |
|    route_completion        | 0.82        |
|    shaped_reward           | -42.7       |
|    steering_variation      | 0.749       |
|    success                 | 0           |
|    ttc_risk                | 0           |
| rollout/                   |             |
|    ep_len_mean             | 515         |
|    ep_rew_mean             | -185        |
|    success_rate            | 0           |
| time/                      |             |
|    fps                     | 223         |
|    iterations              | 66          |
|    time_elapsed            | 603         |
|    total_timesteps         | 135168      |
| train/                     |             |
|    approx_kl               | 0.012999067 |
|    clip_fraction           | 0.198       |
|    clip_range              | 0.2         |
|    entropy_loss            | -2.62       |
|    explained_variance      | 0.641       |
|    learning_rate           | 0.0003      |
|    loss                    | 2.29        |
|    n_updates               | 650         |
|    policy_gradient_loss    | -0.00773    |
|    std                     | 0.887       |
|    value_loss              | 5.05        |
--------------------------------------------
-------------------------------------------
| curriculum/                |            |
|    stage                   | 0          |
|    window_cost             | 0.3        |
|    window_route_completion | 0.529      |
|    window_success          | 0          |
| paper/                     |            |
|    accel_variation         | 0.48       |
|    base_reward             | 52.5       |
|    collision               | 0          |
|    crash_object            | 0          |
|    crash_vehicle           | 0          |
|    episode_cost            | 0          |
|    episode_length          | 600        |
|    jerk                    | 0.39       |
|    lane_deviation          | 0.395      |
|    max_lane_deviation      | 0.991      |
|    mean_speed_kmh          | 4.97       |
|    min_ttc                 | nan        |
|    out_of_road             | 0          |
|    route_completion        | 0.719      |
|    shaped_reward           | -44.4      |
|    steering_variation      | 0.773      |
|    success                 | 0          |
|    ttc_risk                | 0          |
| rollout/                   |            |
|    ep_len_mean             | 515        |
|    ep_rew_mean             | -168       |
|    success_rate            | 0          |
| time/                      |            |
|    fps                     | 223        |
|    iterations              | 67         |
|    time_elapsed            | 613        |
|    total_timesteps         | 137216     |
| train/                     |            |
|    approx_kl               | 0.04772836 |
|    clip_fraction           | 0.411      |
|    clip_range              | 0.2        |
|    entropy_loss            | -2.59      |
|    explained_variance      | 0.375      |
|    learning_rate           | 0.0003     |
|    loss                    | 1.24       |
|    n_updates               | 660        |
|    policy_gradient_loss    | 0.0365     |
|    std                     | 0.882      |
|    value_loss              | 3.91       |
-------------------------------------------
--------------------------------------------
| curriculum/                |             |
|    stage                   | 0           |
|    window_cost             | 0.2         |
|    window_route_completion | 0.594       |
|    window_success          | 0.0333      |
| paper/                     |             |
|    accel_variation         | 0.396       |
|    base_reward             | 71.1        |
|    collision               | 0           |
|    crash_object            | 0           |
|    crash_vehicle           | 0           |
|    episode_cost            | 0           |
|    episode_length          | 546         |
|    jerk                    | 0.369       |
|    lane_deviation          | 0.564       |
|    max_lane_deviation      | 1.83        |
|    mean_speed_kmh          | 6.69        |
|    min_ttc                 | nan         |
|    out_of_road             | 0           |
|    route_completion        | 0.953       |
|    shaped_reward           | -47         |
|    steering_variation      | 0.739       |
|    success                 | 1           |
|    ttc_risk                | 0           |
| rollout/                   |             |
|    ep_len_mean             | 515         |
|    ep_rew_mean             | -151        |
|    success_rate            | 0.01        |
| time/                      |             |
|    fps                     | 223         |
|    iterations              | 68          |
|    time_elapsed            | 623         |
|    total_timesteps         | 139264      |
| train/                     |             |
|    approx_kl               | 0.007559873 |
|    clip_fraction           | 0.0411      |
|    clip_range              | 0.2         |
|    entropy_loss            | -2.58       |
|    explained_variance      | 0.548       |
|    learning_rate           | 0.0003      |
|    loss                    | 11.5        |
|    n_updates               | 670         |
|    policy_gradient_loss    | -0.00595    |
|    std                     | 0.881       |
|    value_loss              | 32.7        |
--------------------------------------------
--------------------------------------------
| curriculum/                |             |
|    stage                   | 0           |
|    window_cost             | 0.133       |
|    window_route_completion | 0.642       |
|    window_success          | 0.0667      |
| paper/                     |             |
|    accel_variation         | 0.406       |
|    base_reward             | 70.5        |
|    collision               | 0           |
|    crash_object            | 0           |
|    crash_vehicle           | 0           |
|    episode_cost            | 0           |
|    episode_length          | 600         |
|    jerk                    | 0.362       |
|    lane_deviation          | 0.327       |
|    max_lane_deviation      | 0.995       |
|    mean_speed_kmh          | 5.93        |
|    min_ttc                 | nan         |
|    out_of_road             | 0           |
|    route_completion        | 0.789       |
|    shaped_reward           | -8          |
|    steering_variation      | 0.752       |
|    success                 | 0           |
|    ttc_risk                | 0           |
| rollout/                   |             |
|    ep_len_mean             | 513         |
|    ep_rew_mean             | -140        |
|    success_rate            | 0.02        |
| time/                      |             |
|    fps                     | 223         |
|    iterations              | 69          |
|    time_elapsed            | 632         |
|    total_timesteps         | 141312      |
| train/                     |             |
|    approx_kl               | 0.013913125 |
|    clip_fraction           | 0.171       |
|    clip_range              | 0.2         |
|    entropy_loss            | -2.58       |
|    explained_variance      | 0.508       |
|    learning_rate           | 0.0003      |
|    loss                    | 15.5        |
|    n_updates               | 680         |
|    policy_gradient_loss    | -0.00615    |
|    std                     | 0.876       |
|    value_loss              | 36.5        |
--------------------------------------------
--------------------------------------------
| curriculum/                |             |
|    stage                   | 1           |
|    window_cost             | 0.133       |
|    window_route_completion | 0.651       |
|    window_success          | 0.0667      |
| paper/                     |             |
|    accel_variation         | 0.368       |
|    base_reward             | 4.96        |
|    collision               | 0           |
|    crash_object            | 0           |
|    crash_vehicle           | 0           |
|    episode_cost            | 1           |
|    episode_length          | 153         |
|    jerk                    | 0.329       |
|    lane_deviation          | 0.345       |
|    max_lane_deviation      | 1.08        |
|    mean_speed_kmh          | 6.85        |
|    min_ttc                 | nan         |
|    out_of_road             | 1           |
|    route_completion        | 0.0818      |
|    shaped_reward           | -143        |
|    steering_variation      | 0.702       |
|    success                 | 0           |
|    ttc_risk                | 0           |
| rollout/                   |             |
|    ep_len_mean             | 506         |
|    ep_rew_mean             | -134        |
|    success_rate            | 0.04        |
| time/                      |             |
|    fps                     | 223         |
|    iterations              | 70          |
|    time_elapsed            | 642         |
|    total_timesteps         | 143360      |
| train/                     |             |
|    approx_kl               | 0.009791892 |
|    clip_fraction           | 0.173       |
|    clip_range              | 0.2         |
|    entropy_loss            | -2.57       |
|    explained_variance      | 0.136       |
|    learning_rate           | 0.0003      |
|    loss                    | 19.2        |
|    n_updates               | 690         |
|    policy_gradient_loss    | -0.00124    |
|    std                     | 0.877       |
|    value_loss              | 25.6        |
--------------------------------------------
------------------------------------------
| paper/                  |              |
|    accel_variation      | 0.267        |
|    base_reward          | -0.733       |
|    collision            | 0            |
|    crash_object         | 0            |
|    crash_vehicle        | 0            |
|    episode_cost         | 1            |
|    episode_length       | 90           |
|    jerk                 | 0.259        |
|    lane_deviation       | 0.225        |
|    max_lane_deviation   | 1.07         |
|    mean_speed_kmh       | 5.86         |
|    min_ttc              | nan          |
|    out_of_road          | 1            |
|    route_completion     | 0.0536       |
|    shaped_reward        | -135         |
|    steering_variation   | 0.729        |
|    success              | 0            |
|    ttc_risk             | 0            |
| rollout/                |              |
|    ep_len_mean          | 509          |
|    ep_rew_mean          | -134         |
|    success_rate         | 0.04         |
| time/                   |              |
|    fps                  | 221          |
|    iterations           | 71           |
|    time_elapsed         | 655          |
|    total_timesteps      | 145408       |
| train/                  |              |
|    approx_kl            | 0.0075469585 |
|    clip_fraction        | 0.154        |
|    clip_range           | 0.2          |
|    entropy_loss         | -2.57        |
|    explained_variance   | 0.0398       |
|    learning_rate        | 0.0003       |
|    loss                 | 56.6         |
|    n_updates            | 700          |
|    policy_gradient_loss | -0.00782     |
|    std                  | 0.876        |
|    value_loss           | 108          |
------------------------------------------
------------------------------------------
| paper/                  |              |
|    accel_variation      | 0.344        |
|    base_reward          | 105          |
|    collision            | 0            |
|    crash_object         | 0            |
|    crash_vehicle        | 0            |
|    episode_cost         | 0            |
|    episode_length       | 800          |
|    jerk                 | 0.298        |
|    lane_deviation       | 0.494        |
|    max_lane_deviation   | 1.85         |
|    mean_speed_kmh       | 9.11         |
|    min_ttc              | nan          |
|    out_of_road          | 0            |
|    route_completion     | 0.619        |
|    shaped_reward        | -101         |
|    steering_variation   | 0.737        |
|    success              | 0            |
|    ttc_risk             | 0            |
| rollout/                |              |
|    ep_len_mean          | 515          |
|    ep_rew_mean          | -133         |
|    success_rate         | 0.04         |
| time/                   |              |
|    fps                  | 221          |
|    iterations           | 72           |
|    time_elapsed         | 666          |
|    total_timesteps      | 147456       |
| train/                  |              |
|    approx_kl            | 0.0012590877 |
|    clip_fraction        | 0.004        |
|    clip_range           | 0.2          |
|    entropy_loss         | -2.57        |
|    explained_variance   | 0.248        |
|    learning_rate        | 0.0003       |
|    loss                 | 69.6         |
|    n_updates            | 710          |
|    policy_gradient_loss | -0.00308     |
|    std                  | 0.876        |
|    value_loss           | 171          |
------------------------------------------
-----------------------------------------
| paper/                  |             |
|    accel_variation      | 0.368       |
|    base_reward          | 123         |
|    collision            | 0           |
|    crash_object         | 0           |
|    crash_vehicle        | 0           |
|    episode_cost         | 0           |
|    episode_length       | 800         |
|    jerk                 | 0.333       |
|    lane_deviation       | 0.339       |
|    max_lane_deviation   | 0.832       |
|    mean_speed_kmh       | 8.62        |
|    min_ttc              | nan         |
|    out_of_road          | 0           |
|    route_completion     | 0.432       |
|    shaped_reward        | -10.6       |
|    steering_variation   | 0.704       |
|    success              | 0           |
|    ttc_risk             | 0           |
| rollout/                |             |
|    ep_len_mean          | 522         |
|    ep_rew_mean          | -129        |
|    success_rate         | 0.04        |
| time/                   |             |
|    fps                  | 220         |
|    iterations           | 73          |
|    time_elapsed         | 677         |
|    total_timesteps      | 149504      |
| train/                  |             |
|    approx_kl            | 0.008014746 |
|    clip_fraction        | 0.0792      |
|    clip_range           | 0.2         |
|    entropy_loss         | -2.57       |
|    explained_variance   | 0.432       |
|    learning_rate        | 0.0003      |
|    loss                 | 5.54        |
|    n_updates            | 720         |
|    policy_gradient_loss | -0.00359    |
|    std                  | 0.875       |
|    value_loss           | 14.7        |
-----------------------------------------
----------------------------------------
| paper/                  |            |
|    accel_variation      | 0.343      |
|    base_reward          | 150        |
|    collision            | 0          |
|    crash_object         | 0          |
|    crash_vehicle        | 0          |
|    episode_cost         | 0          |
|    episode_length       | 800        |
|    jerk                 | 0.325      |
|    lane_deviation       | 0.301      |
|    max_lane_deviation   | 0.988      |
|    mean_speed_kmh       | 9.42       |
|    min_ttc              | nan        |
|    out_of_road          | 0          |
|    route_completion     | 0.54       |
|    shaped_reward        | 20.8       |
|    steering_variation   | 0.68       |
|    success              | 0          |
|    ttc_risk             | 0          |
| rollout/                |            |
|    ep_len_mean          | 532        |
|    ep_rew_mean          | -121       |
|    success_rate         | 0.04       |
| time/                   |            |
|    fps                  | 219        |
|    iterations           | 74         |
|    time_elapsed         | 688        |
|    total_timesteps      | 151552     |
| train/                  |            |
|    approx_kl            | 0.03050888 |
|    clip_fraction        | 0.156      |
|    clip_range           | 0.2        |
|    entropy_loss         | -2.57      |
|    explained_variance   | 0.766      |
|    learning_rate        | 0.0003     |
|    loss                 | 1.84       |
|    n_updates            | 730        |
|    policy_gradient_loss | -0.000181  |
|    std                  | 0.873      |
|    value_loss           | 4          |
----------------------------------------
------------------------------------------
| paper/                  |              |
|    accel_variation      | 0.353        |
|    base_reward          | 71.2         |
|    collision            | 0            |
|    crash_object         | 0            |
|    crash_vehicle        | 0            |
|    episode_cost         | 1            |
|    episode_length       | 583          |
|    jerk                 | 0.322        |
|    lane_deviation       | 0.367        |
|    max_lane_deviation   | 1.09         |
|    mean_speed_kmh       | 8.66         |
|    min_ttc              | nan          |
|    out_of_road          | 1            |
|    route_completion     | 0.358        |
|    shaped_reward        | -149         |
|    steering_variation   | 0.686        |
|    success              | 0            |
|    ttc_risk             | 0            |
| rollout/                |              |
|    ep_len_mean          | 542          |
|    ep_rew_mean          | -117         |
|    success_rate         | 0.04         |
| time/                   |              |
|    fps                  | 219          |
|    iterations           | 75           |
|    time_elapsed         | 700          |
|    total_timesteps      | 153600       |
| train/                  |              |
|    approx_kl            | 0.0052961577 |
|    clip_fraction        | 0.241        |
|    clip_range           | 0.2          |
|    entropy_loss         | -2.56        |
|    explained_variance   | 0.124        |
|    learning_rate        | 0.0003       |
|    loss                 | 30           |
|    n_updates            | 740          |
|    policy_gradient_loss | -0.00491     |
|    std                  | 0.872        |
|    value_loss           | 66.7         |
------------------------------------------
------------------------------------------
| paper/                  |              |
|    accel_variation      | 0.357        |
|    base_reward          | 120          |
|    collision            | 0            |
|    crash_object         | 0            |
|    crash_vehicle        | 0            |
|    episode_cost         | 0            |
|    episode_length       | 800          |
|    jerk                 | 0.299        |
|    lane_deviation       | 0.4          |
|    max_lane_deviation   | 1            |
|    mean_speed_kmh       | 9.75         |
|    min_ttc              | nan          |
|    out_of_road          | 0            |
|    route_completion     | 0.421        |
|    shaped_reward        | -40.3        |
|    steering_variation   | 0.676        |
|    success              | 0            |
|    ttc_risk             | 0            |
| rollout/                |              |
|    ep_len_mean          | 553          |
|    ep_rew_mean          | -114         |
|    success_rate         | 0.04         |
| time/                   |              |
|    fps                  | 218          |
|    iterations           | 76           |
|    time_elapsed         | 713          |
|    total_timesteps      | 155648       |
| train/                  |              |
|    approx_kl            | 0.0100772595 |
|    clip_fraction        | 0.156        |
|    clip_range           | 0.2          |
|    entropy_loss         | -2.56        |
|    explained_variance   | 0.198        |
|    learning_rate        | 0.0003       |
|    loss                 | 43.8         |
|    n_updates            | 750          |
|    policy_gradient_loss | -0.00594     |
|    std                  | 0.871        |
|    value_loss           | 109          |
------------------------------------------
-------------------------------------------
| curriculum/                |            |
|    stage                   | 0          |
|    window_cost             | 0.667      |
|    window_route_completion | 0.283      |
|    window_success          | 0          |
| paper/                     |            |
|    accel_variation         | 0.285      |
|    base_reward             | -1.13      |
|    collision               | 0          |
|    crash_object            | 0          |
|    crash_vehicle           | 0          |
|    episode_cost            | 1          |
|    episode_length          | 77         |
|    jerk                    | 0.291      |
|    lane_deviation          | 0.199      |
|    max_lane_deviation      | 1.04       |
|    mean_speed_kmh          | 6.69       |
|    min_ttc                 | nan        |
|    out_of_road             | 1          |
|    route_completion        | 0.0627     |
|    shaped_reward           | -135       |
|    steering_variation      | 0.703      |
|    success                 | 0          |
|    ttc_risk                | 0          |
| rollout/                   |            |
|    ep_len_mean             | 495        |
|    ep_rew_mean             | -107       |
|    success_rate            | 0.04       |
| time/                      |            |
|    fps                     | 216        |
|    iterations              | 77         |
|    time_elapsed            | 729        |
|    total_timesteps         | 157696     |
| train/                     |            |
|    approx_kl               | 0.07178046 |
|    clip_fraction           | 0.336      |
|    clip_range              | 0.2        |
|    entropy_loss            | -2.55      |
|    explained_variance      | 0.707      |
|    learning_rate           | 0.0003     |
|    loss                    | 2.51       |
|    n_updates               | 760        |
|    policy_gradient_loss    | 0.0419     |
|    std                     | 0.869      |
|    value_loss              | 5.04       |
-------------------------------------------
-----------------------------------------
| paper/                  |             |
|    accel_variation      | 0.329       |
|    base_reward          | -3.84       |
|    collision            | 0           |
|    crash_object         | 0           |
|    crash_vehicle        | 0           |
|    episode_cost         | 1           |
|    episode_length       | 103         |
|    jerk                 | 0.307       |
|    lane_deviation       | 0.458       |
|    max_lane_deviation   | 1.13        |
|    mean_speed_kmh       | 6.27        |
|    min_ttc              | nan         |
|    out_of_road          | 1           |
|    route_completion     | 0.174       |
|    shaped_reward        | -145        |
|    steering_variation   | 0.793       |
|    success              | 0           |
|    ttc_risk             | 0           |
| rollout/                |             |
|    ep_len_mean          | 390         |
|    ep_rew_mean          | -107        |
|    success_rate         | 0.04        |
| time/                   |             |
|    fps                  | 215         |
|    iterations           | 78          |
|    time_elapsed         | 741         |
|    total_timesteps      | 159744      |
| train/                  |             |
|    approx_kl            | 0.012003148 |
|    clip_fraction        | 0.599       |
|    clip_range           | 0.2         |
|    entropy_loss         | -2.56       |
|    explained_variance   | 0.3         |
|    learning_rate        | 0.0003      |
|    loss                 | 259         |
|    n_updates            | 770         |
|    policy_gradient_loss | 0.111       |
|    std                  | 0.869       |
|    value_loss           | 601         |
-----------------------------------------
-------------------------------------------
| curriculum/                |            |
|    stage                   | 0          |
|    window_cost             | 0.967      |
|    window_route_completion | 0.266      |
|    window_success          | 0.0333     |
| paper/                     |            |
|    accel_variation         | 0.268      |
|    base_reward             | 4.76       |
|    collision               | 0          |
|    crash_object            | 0          |
|    crash_vehicle           | 0          |
|    episode_cost            | 1          |
|    episode_length          | 150        |
|    jerk                    | 0.221      |
|    lane_deviation          | 0.466      |
|    max_lane_deviation      | 1.08       |
|    mean_speed_kmh          | 9.13       |
|    min_ttc                 | nan        |
|    out_of_road             | 1          |
|    route_completion        | 0.333      |
|    shaped_reward           | -141       |
|    steering_variation      | 0.747      |
|    success                 | 0          |
|    ttc_risk                | 0          |
| rollout/                   |            |
|    ep_len_mean             | 309        |
|    ep_rew_mean             | -106       |
|    success_rate            | 0.05       |
| time/                      |            |
|    fps                     | 215        |
|    iterations              | 79         |
|    time_elapsed            | 752        |
|    total_timesteps         | 161792     |
| train/                     |            |
|    approx_kl               | 0.00895708 |
|    clip_fraction           | 0.102      |
|    clip_range              | 0.2        |
|    entropy_loss            | -2.56      |
|    explained_variance      | 0.45       |
|    learning_rate           | 0.0003     |
|    loss                    | 292        |
|    n_updates               | 780        |
|    policy_gradient_loss    | -0.0122    |
|    std                     | 0.869      |
|    value_loss              | 689        |
-------------------------------------------
--------------------------------------------
| curriculum/                |             |
|    stage                   | 0           |
|    window_cost             | 0.9         |
|    window_route_completion | 0.381       |
|    window_success          | 0.1         |
| paper/                     |             |
|    accel_variation         | 0.173       |
|    base_reward             | 7.96        |
|    collision               | 0           |
|    crash_object            | 0           |
|    crash_vehicle           | 0           |
|    episode_cost            | 1           |
|    episode_length          | 87          |
|    jerk                    | 0.147       |
|    lane_deviation          | 0.313       |
|    max_lane_deviation      | 1.04        |
|    mean_speed_kmh          | 12.1        |
|    min_ttc                 | nan         |
|    out_of_road             | 1           |
|    route_completion        | 0.272       |
|    shaped_reward           | -126        |
|    steering_variation      | 0.689       |
|    success                 | 0           |
|    ttc_risk                | 0           |
| rollout/                   |             |
|    ep_len_mean             | 274         |
|    ep_rew_mean             | -108        |
|    success_rate            | 0.07        |
| time/                      |             |
|    fps                     | 215         |
|    iterations              | 80          |
|    time_elapsed            | 761         |
|    total_timesteps         | 163840      |
| train/                     |             |
|    approx_kl               | 0.010379886 |
|    clip_fraction           | 0.142       |
|    clip_range              | 0.2         |
|    entropy_loss            | -2.56       |
|    explained_variance      | 0.481       |
|    learning_rate           | 0.0003      |
|    loss                    | 220         |
|    n_updates               | 790         |
|    policy_gradient_loss    | -0.0156     |
|    std                     | 0.87        |
|    value_loss              | 455         |
--------------------------------------------
--------------------------------------------
| curriculum/                |             |
|    stage                   | 0           |
|    window_cost             | 0.767       |
|    window_route_completion | 0.543       |
|    window_success          | 0.233       |
| paper/                     |             |
|    accel_variation         | 0.262       |
|    base_reward             | 57.6        |
|    collision               | 0           |
|    crash_object            | 0           |
|    crash_vehicle           | 0           |
|    episode_cost            | 1           |
|    episode_length          | 276         |
|    jerk                    | 0.23        |
|    lane_deviation          | 0.305       |
|    max_lane_deviation      | 1.13        |
|    mean_speed_kmh          | 13.1        |
|    min_ttc                 | nan         |
|    out_of_road             | 1           |
|    route_completion        | 0.916       |
|    shaped_reward           | -98.5       |
|    steering_variation      | 0.697       |
|    success                 | 0           |
|    ttc_risk                | 0           |
| rollout/                   |             |
|    ep_len_mean             | 256         |
|    ep_rew_mean             | -106        |
|    success_rate            | 0.09        |
| time/                      |             |
|    fps                     | 215         |
|    iterations              | 81          |
|    time_elapsed            | 770         |
|    total_timesteps         | 165888      |
| train/                     |             |
|    approx_kl               | 0.011539845 |
|    clip_fraction           | 0.117       |
|    clip_range              | 0.2         |
|    entropy_loss            | -2.56       |
|    explained_variance      | 0.49        |
|    learning_rate           | 0.0003      |
|    loss                    | 138         |
|    n_updates               | 800         |
|    policy_gradient_loss    | -0.00929    |
|    std                     | 0.87        |
|    value_loss              | 309         |
--------------------------------------------
---------------------------------------------
| curriculum/                |              |
|    stage                   | 0            |
|    window_cost             | 0.6          |
|    window_route_completion | 0.63         |
|    window_success          | 0.4          |
| paper/                     |              |
|    accel_variation         | 0.244        |
|    base_reward             | 83.5         |
|    collision               | 0            |
|    crash_object            | 0            |
|    crash_vehicle           | 0            |
|    episode_cost            | 0            |
|    episode_length          | 334          |
|    jerk                    | 0.227        |
|    lane_deviation          | 0.368        |
|    max_lane_deviation      | 1.63         |
|    mean_speed_kmh          | 11           |
|    min_ttc                 | nan          |
|    out_of_road             | 0            |
|    route_completion        | 0.956        |
|    shaped_reward           | 72.5         |
|    steering_variation      | 0.714        |
|    success                 | 1            |
|    ttc_risk                | 0            |
| rollout/                   |              |
|    ep_len_mean             | 238          |
|    ep_rew_mean             | -99.4        |
|    success_rate            | 0.13         |
| time/                      |              |
|    fps                     | 215          |
|    iterations              | 82           |
|    time_elapsed            | 780          |
|    total_timesteps         | 167936       |
| train/                     |              |
|    approx_kl               | 0.0058975453 |
|    clip_fraction           | 0.0532       |
|    clip_range              | 0.2          |
|    entropy_loss            | -2.56        |
|    explained_variance      | 0.216        |
|    learning_rate           | 0.0003       |
|    loss                    | 145          |
|    n_updates               | 810          |
|    policy_gradient_loss    | -0.0033      |
|    std                     | 0.87         |
|    value_loss              | 292          |
---------------------------------------------
---------------------------------------------
| curriculum/                |              |
|    stage                   | 0            |
|    window_cost             | 0.4          |
|    window_route_completion | 0.775        |
|    window_success          | 0.6          |
| paper/                     |              |
|    accel_variation         | 0.221        |
|    base_reward             | 94.4         |
|    collision               | 0            |
|    crash_object            | 0            |
|    crash_vehicle           | 0            |
|    episode_cost            | 0            |
|    episode_length          | 276          |
|    jerk                    | 0.205        |
|    lane_deviation          | 0.351        |
|    max_lane_deviation      | 0.952        |
|    mean_speed_kmh          | 15           |
|    min_ttc                 | nan          |
|    out_of_road             | 0            |
|    route_completion        | 0.96         |
|    shaped_reward           | 100          |
|    steering_variation      | 0.731        |
|    success                 | 1            |
|    ttc_risk                | 0            |
| rollout/                   |              |
|    ep_len_mean             | 218          |
|    ep_rew_mean             | -89.7        |
|    success_rate            | 0.19         |
| time/                      |              |
|    fps                     | 215          |
|    iterations              | 83           |
|    time_elapsed            | 789          |
|    total_timesteps         | 169984       |
| train/                     |              |
|    approx_kl               | 0.0035717855 |
|    clip_fraction           | 0.0418       |
|    clip_range              | 0.2          |
|    entropy_loss            | -2.56        |
|    explained_variance      | 0.215        |
|    learning_rate           | 0.0003       |
|    loss                    | 105          |
|    n_updates               | 820          |
|    policy_gradient_loss    | -0.00295     |
|    std                     | 0.868        |
|    value_loss              | 179          |
---------------------------------------------
---------------------------------------------
| curriculum/                |              |
|    stage                   | 0            |
|    window_cost             | 0.3          |
|    window_route_completion | 0.857        |
|    window_success          | 0.7          |
| paper/                     |              |
|    accel_variation         | 0.23         |
|    base_reward             | 25.3         |
|    collision               | 0            |
|    crash_object            | 0            |
|    crash_vehicle           | 0            |
|    episode_cost            | 1            |
|    episode_length          | 234          |
|    jerk                    | 0.217        |
|    lane_deviation          | 0.529        |
|    max_lane_deviation      | 1.21         |
|    mean_speed_kmh          | 12.6         |
|    min_ttc                 | nan          |
|    out_of_road             | 1            |
|    route_completion        | 0.792        |
|    shaped_reward           | -141         |
|    steering_variation      | 0.73         |
|    success                 | 0            |
|    ttc_risk                | 0            |
| rollout/                   |              |
|    ep_len_mean             | 189          |
|    ep_rew_mean             | -86.8        |
|    success_rate            | 0.24         |
| time/                      |              |
|    fps                     | 215          |
|    iterations              | 84           |
|    time_elapsed            | 798          |
|    total_timesteps         | 172032       |
| train/                     |              |
|    approx_kl               | 0.0023473855 |
|    clip_fraction           | 0.0119       |
|    clip_range              | 0.2          |
|    entropy_loss            | -2.55        |
|    explained_variance      | 0.33         |
|    learning_rate           | 0.0003       |
|    loss                    | 38.9         |
|    n_updates               | 830          |
|    policy_gradient_loss    | -0.00207     |
|    std                     | 0.867        |
|    value_loss              | 125          |
---------------------------------------------
---------------------------------------------
| curriculum/                |              |
|    stage                   | 1            |
|    window_cost             | 0.2          |
|    window_route_completion | 0.905        |
|    window_success          | 0.8          |
| paper/                     |              |
|    accel_variation         | 0.273        |
|    base_reward             | 80.8         |
|    collision               | 0            |
|    crash_object            | 0            |
|    crash_vehicle           | 0            |
|    episode_cost            | 0            |
|    episode_length          | 331          |
|    jerk                    | 0.245        |
|    lane_deviation          | 0.502        |
|    max_lane_deviation      | 1.66         |
|    mean_speed_kmh          | 13.5         |
|    min_ttc                 | nan          |
|    out_of_road             | 0            |
|    route_completion        | 0.96         |
|    shaped_reward           | 54.9         |
|    steering_variation      | 0.729        |
|    success                 | 1            |
|    ttc_risk                | 0            |
| rollout/                   |              |
|    ep_len_mean             | 174          |
|    ep_rew_mean             | -79.3        |
|    success_rate            | 0.29         |
| time/                      |              |
|    fps                     | 215          |
|    iterations              | 85           |
|    time_elapsed            | 809          |
|    total_timesteps         | 174080       |
| train/                     |              |
|    approx_kl               | 0.0062561897 |
|    clip_fraction           | 0.0305       |
|    clip_range              | 0.2          |
|    entropy_loss            | -2.55        |
|    explained_variance      | 0.246        |
|    learning_rate           | 0.0003       |
|    loss                    | 76.6         |
|    n_updates               | 840          |
|    policy_gradient_loss    | -0.00287     |
|    std                     | 0.867        |
|    value_loss              | 158          |
---------------------------------------------
-----------------------------------------
| paper/                  |             |
|    accel_variation      | 0.227       |
|    base_reward          | 202         |
|    collision            | 0           |
|    crash_object         | 0           |
|    crash_vehicle        | 0           |
|    episode_cost         | 0           |
|    episode_length       | 800         |
|    jerk                 | 0.208       |
|    lane_deviation       | 0.452       |
|    max_lane_deviation   | 2           |
|    mean_speed_kmh       | 15.3        |
|    min_ttc              | nan         |
|    out_of_road          | 0           |
|    route_completion     | 0.565       |
|    shaped_reward        | -28.4       |
|    steering_variation   | 0.691       |
|    success              | 0           |
|    ttc_risk             | 0           |
| rollout/                |             |
|    ep_len_mean          | 196         |
|    ep_rew_mean          | -77.5       |
|    success_rate         | 0.29        |
| time/                   |             |
|    fps                  | 214         |
|    iterations           | 86          |
|    time_elapsed         | 822         |
|    total_timesteps      | 176128      |
| train/                  |             |
|    approx_kl            | 0.009288548 |
|    clip_fraction        | 0.117       |
|    clip_range           | 0.2         |
|    entropy_loss         | -2.55       |
|    explained_variance   | 0.728       |
|    learning_rate        | 0.0003      |
|    loss                 | 33.6        |
|    n_updates            | 850         |
|    policy_gradient_loss | -0.00447    |
|    std                  | 0.866       |
|    value_loss           | 93.2        |
-----------------------------------------
-----------------------------------------
| paper/                  |             |
|    accel_variation      | 0.0912      |
|    base_reward          | -0.772      |
|    collision            | 0           |
|    crash_object         | 0           |
|    crash_vehicle        | 0           |
|    episode_cost         | 1           |
|    episode_length       | 102         |
|    jerk                 | 0.109       |
|    lane_deviation       | 0.673       |
|    max_lane_deviation   | 2           |
|    mean_speed_kmh       | 10.5        |
|    min_ttc              | nan         |
|    out_of_road          | 1           |
|    route_completion     | 0.0813      |
|    shaped_reward        | -174        |
|    steering_variation   | 0.721       |
|    success              | 0           |
|    ttc_risk             | 0           |
| rollout/                |             |
|    ep_len_mean          | 210         |
|    ep_rew_mean          | -71.3       |
|    success_rate         | 0.32        |
| time/                   |             |
|    fps                  | 213         |
|    iterations           | 87          |
|    time_elapsed         | 835         |
|    total_timesteps      | 178176      |
| train/                  |             |
|    approx_kl            | 0.007125783 |
|    clip_fraction        | 0.0276      |
|    clip_range           | 0.2         |
|    entropy_loss         | -2.55       |
|    explained_variance   | 0.437       |
|    learning_rate        | 0.0003      |
|    loss                 | 35.5        |
|    n_updates            | 860         |
|    policy_gradient_loss | -0.00222    |
|    std                  | 0.866       |
|    value_loss           | 74.6        |
-----------------------------------------
------------------------------------------
| paper/                  |              |
|    accel_variation      | 0.263        |
|    base_reward          | 166          |
|    collision            | 0            |
|    crash_object         | 0            |
|    crash_vehicle        | 0            |
|    episode_cost         | 0            |
|    episode_length       | 800          |
|    jerk                 | 0.248        |
|    lane_deviation       | 0.506        |
|    max_lane_deviation   | 2            |
|    mean_speed_kmh       | 15           |
|    min_ttc              | nan          |
|    out_of_road          | 0            |
|    route_completion     | 0.868        |
|    shaped_reward        | -63.1        |
|    steering_variation   | 0.685        |
|    success              | 0            |
|    ttc_risk             | 0            |
| rollout/                |              |
|    ep_len_mean          | 225          |
|    ep_rew_mean          | -69.3        |
|    success_rate         | 0.32         |
| time/                   |              |
|    fps                  | 212          |
|    iterations           | 88           |
|    time_elapsed         | 846          |
|    total_timesteps      | 180224       |
| train/                  |              |
|    approx_kl            | 0.0066076005 |
|    clip_fraction        | 0.0794       |
|    clip_range           | 0.2          |
|    entropy_loss         | -2.55        |
|    explained_variance   | 0.702        |
|    learning_rate        | 0.0003       |
|    loss                 | 30           |
|    n_updates            | 870          |
|    policy_gradient_loss | -0.00505     |
|    std                  | 0.866        |
|    value_loss           | 81.7         |
------------------------------------------
-----------------------------------------
| paper/                  |             |
|    accel_variation      | 0.185       |
|    base_reward          | 6.92        |
|    collision            | 0           |
|    crash_object         | 0           |
|    crash_vehicle        | 0           |
|    episode_cost         | 1           |
|    episode_length       | 91          |
|    jerk                 | 0.212       |
|    lane_deviation       | 0.356       |
|    max_lane_deviation   | 1.09        |
|    mean_speed_kmh       | 11.9        |
|    min_ttc              | nan         |
|    out_of_road          | 1           |
|    route_completion     | 0.0659      |
|    shaped_reward        | -135        |
|    steering_variation   | 0.669       |
|    success              | 0           |
|    ttc_risk             | 0           |
| rollout/                |             |
|    ep_len_mean          | 241         |
|    ep_rew_mean          | -64         |
|    success_rate         | 0.34        |
| time/                   |             |
|    fps                  | 212         |
|    iterations           | 89          |
|    time_elapsed         | 857         |
|    total_timesteps      | 182272      |
| train/                  |             |
|    approx_kl            | 0.007656768 |
|    clip_fraction        | 0.0571      |
|    clip_range           | 0.2         |
|    entropy_loss         | -2.55       |
|    explained_variance   | 0.652       |
|    learning_rate        | 0.0003      |
|    loss                 | 19.7        |
|    n_updates            | 880         |
|    policy_gradient_loss | -0.00719    |
|    std                  | 0.865       |
|    value_loss           | 42.3        |
-----------------------------------------
-----------------------------------------
| paper/                  |             |
|    accel_variation      | 0.205       |
|    base_reward          | 175         |
|    collision            | 0           |
|    crash_object         | 0           |
|    crash_vehicle        | 0           |
|    episode_cost         | 1           |
|    episode_length       | 750         |
|    jerk                 | 0.18        |
|    lane_deviation       | 0.485       |
|    max_lane_deviation   | 1.29        |
|    mean_speed_kmh       | 16.8        |
|    min_ttc              | nan         |
|    out_of_road          | 1           |
|    route_completion     | 0.975       |
|    shaped_reward        | -149        |
|    steering_variation   | 0.677       |
|    success              | 0           |
|    ttc_risk             | 0           |
| rollout/                |             |
|    ep_len_mean          | 257         |
|    ep_rew_mean          | -63         |
|    success_rate         | 0.34        |
| time/                   |             |
|    fps                  | 212         |
|    iterations           | 90          |
|    time_elapsed         | 868         |
|    total_timesteps      | 184320      |
| train/                  |             |
|    approx_kl            | 0.004206781 |
|    clip_fraction        | 0.0219      |
|    clip_range           | 0.2         |
|    entropy_loss         | -2.55       |
|    explained_variance   | 0.527       |
|    learning_rate        | 0.0003      |
|    loss                 | 31.9        |
|    n_updates            | 890         |
|    policy_gradient_loss | -0.00435    |
|    std                  | 0.864       |
|    value_loss           | 64.5        |
-----------------------------------------
-----------------------------------------
| paper/                  |             |
|    accel_variation      | 0.244       |
|    base_reward          | 83.6        |
|    collision            | 0           |
|    crash_object         | 0           |
|    crash_vehicle        | 0           |
|    episode_cost         | 1           |
|    episode_length       | 444         |
|    jerk                 | 0.228       |
|    lane_deviation       | 0.433       |
|    max_lane_deviation   | 1.1         |
|    mean_speed_kmh       | 14.3        |
|    min_ttc              | nan         |
|    out_of_road          | 1           |
|    route_completion     | 0.327       |
|    shaped_reward        | -144        |
|    steering_variation   | 0.674       |
|    success              | 0           |
|    ttc_risk             | 0           |
| rollout/                |             |
|    ep_len_mean          | 280         |
|    ep_rew_mean          | -58.8       |
|    success_rate         | 0.34        |
| time/                   |             |
|    fps                  | 211         |
|    iterations           | 91          |
|    time_elapsed         | 881         |
|    total_timesteps      | 186368      |
| train/                  |             |
|    approx_kl            | 0.011785671 |
|    clip_fraction        | 0.0945      |
|    clip_range           | 0.2         |
|    entropy_loss         | -2.54       |
|    explained_variance   | 0.212       |
|    learning_rate        | 0.0003      |
|    loss                 | 24.7        |
|    n_updates            | 900         |
|    policy_gradient_loss | -0.00502    |
|    std                  | 0.864       |
|    value_loss           | 124         |
-----------------------------------------
-----------------------------------------
| paper/                  |             |
|    accel_variation      | 0.228       |
|    base_reward          | 186         |
|    collision            | 0           |
|    crash_object         | 0           |
|    crash_vehicle        | 0           |
|    episode_cost         | 0           |
|    episode_length       | 687         |
|    jerk                 | 0.226       |
|    lane_deviation       | 0.483       |
|    max_lane_deviation   | 2           |
|    mean_speed_kmh       | 15.6        |
|    min_ttc              | nan         |
|    out_of_road          | 0           |
|    route_completion     | 0.985       |
|    shaped_reward        | 30.4        |
|    steering_variation   | 0.627       |
|    success              | 1           |
|    ttc_risk             | 0           |
| rollout/                |             |
|    ep_len_mean          | 291         |
|    ep_rew_mean          | -57.2       |
|    success_rate         | 0.35        |
| time/                   |             |
|    fps                  | 210         |
|    iterations           | 92          |
|    time_elapsed         | 894         |
|    total_timesteps      | 188416      |
| train/                  |             |
|    approx_kl            | 0.009330427 |
|    clip_fraction        | 0.079       |
|    clip_range           | 0.2         |
|    entropy_loss         | -2.54       |
|    explained_variance   | 0.542       |
|    learning_rate        | 0.0003      |
|    loss                 | 53          |
|    n_updates            | 910         |
|    policy_gradient_loss | -0.00207    |
|    std                  | 0.864       |
|    value_loss           | 104         |
-----------------------------------------
---------------------------------------------
| curriculum/                |              |
|    stage                   | 1            |
|    window_cost             | 0.333        |
|    window_route_completion | 0.695        |
|    window_success          | 0.333        |
| paper/                     |              |
|    accel_variation         | 0.196        |
|    base_reward             | 226          |
|    collision               | 0            |
|    crash_object            | 0            |
|    crash_vehicle           | 0            |
|    episode_cost            | 0            |
|    episode_length          | 800          |
|    jerk                    | 0.184        |
|    lane_deviation          | 0.386        |
|    max_lane_deviation      | 1.23         |
|    mean_speed_kmh          | 16.2         |
|    min_ttc                 | nan          |
|    out_of_road             | 0            |
|    route_completion        | 0.93         |
|    shaped_reward           | 43.1         |
|    steering_variation      | 0.653        |
|    success                 | 0            |
|    ttc_risk                | 0            |
| rollout/                   |              |
|    ep_len_mean             | 311          |
|    ep_rew_mean             | -51.6        |
|    success_rate            | 0.37         |
| time/                      |              |
|    fps                     | 210          |
|    iterations              | 93           |
|    time_elapsed            | 906          |
|    total_timesteps         | 190464       |
| train/                     |              |
|    approx_kl               | 0.0062436797 |
|    clip_fraction           | 0.0717       |
|    clip_range              | 0.2          |
|    entropy_loss            | -2.54        |
|    explained_variance      | 0.624        |
|    learning_rate           | 0.0003       |
|    loss                    | 32.3         |
|    n_updates               | 920          |
|    policy_gradient_loss    | -0.00329     |
|    std                     | 0.863        |
|    value_loss              | 85.4         |
---------------------------------------------
---------------------------------------------
| curriculum/                |              |
|    stage                   | 1            |
|    window_cost             | 0.333        |
|    window_route_completion | 0.699        |
|    window_success          | 0.3          |
| paper/                     |              |
|    accel_variation         | 0.209        |
|    base_reward             | 200          |
|    collision               | 0            |
|    crash_object            | 0            |
|    crash_vehicle           | 0            |
|    episode_cost            | 0            |
|    episode_length          | 800          |
|    jerk                    | 0.198        |
|    lane_deviation          | 0.366        |
|    max_lane_deviation      | 0.996        |
|    mean_speed_kmh          | 14.7         |
|    min_ttc                 | 18.1         |
|    out_of_road             | 0            |
|    route_completion        | 0.82         |
|    shaped_reward           | 32           |
|    steering_variation      | 0.684        |
|    success                 | 0            |
|    ttc_risk                | 0            |
| rollout/                   |              |
|    ep_len_mean             | 333          |
|    ep_rew_mean             | -45.8        |
|    success_rate            | 0.38         |
| time/                      |              |
|    fps                     | 209          |
|    iterations              | 94           |
|    time_elapsed            | 920          |
|    total_timesteps         | 192512       |
| train/                     |              |
|    approx_kl               | 0.0052643945 |
|    clip_fraction           | 0.0603       |
|    clip_range              | 0.2          |
|    entropy_loss            | -2.54        |
|    explained_variance      | 0.347        |
|    learning_rate           | 0.0003       |
|    loss                    | 36.7         |
|    n_updates               | 930          |
|    policy_gradient_loss    | -0.00384     |
|    std                     | 0.862        |
|    value_loss              | 88           |
---------------------------------------------
--------------------------------------------
| curriculum/                |             |
|    stage                   | 1           |
|    window_cost             | 0.333       |
|    window_route_completion | 0.729       |
|    window_success          | 0.3         |
| paper/                     |             |
|    accel_variation         | 0.195       |
|    base_reward             | 236         |
|    collision               | 0           |
|    crash_object            | 0           |
|    crash_vehicle           | 0           |
|    episode_cost            | 0           |
|    episode_length          | 800         |
|    jerk                    | 0.186       |
|    lane_deviation          | 0.34        |
|    max_lane_deviation      | 0.994       |
|    mean_speed_kmh          | 15.6        |
|    min_ttc                 | nan         |
|    out_of_road             | 0           |
|    route_completion        | 0.968       |
|    shaped_reward           | 68.3        |
|    steering_variation      | 0.708       |
|    success                 | 0           |
|    ttc_risk                | 0           |
| rollout/                   |             |
|    ep_len_mean             | 345         |
|    ep_rew_mean             | -43.9       |
|    success_rate            | 0.38        |
| time/                      |             |
|    fps                     | 208         |
|    iterations              | 95          |
|    time_elapsed            | 932         |
|    total_timesteps         | 194560      |
| train/                     |             |
|    approx_kl               | 0.004250302 |
|    clip_fraction           | 0.0579      |
|    clip_range              | 0.2         |
|    entropy_loss            | -2.54       |
|    explained_variance      | 0.63        |
|    learning_rate           | 0.0003      |
|    loss                    | 12.7        |
|    n_updates               | 940         |
|    policy_gradient_loss    | -0.00208    |
|    std                     | 0.859       |
|    value_loss              | 29.9        |
--------------------------------------------
--------------------------------------------
| curriculum/                |             |
|    stage                   | 1           |
|    window_cost             | 0.433       |
|    window_route_completion | 0.678       |
|    window_success          | 0.3         |
| paper/                     |             |
|    accel_variation         | 0.128       |
|    base_reward             | 8.18        |
|    collision               | 0           |
|    crash_object            | 0           |
|    crash_vehicle           | 0           |
|    episode_cost            | 1           |
|    episode_length          | 79          |
|    jerk                    | 0.13        |
|    lane_deviation          | 0.348       |
|    max_lane_deviation      | 1.11        |
|    mean_speed_kmh          | 14.7        |
|    min_ttc                 | nan         |
|    out_of_road             | 1           |
|    route_completion        | 0.123       |
|    shaped_reward           | -131        |
|    steering_variation      | 0.706       |
|    success                 | 0           |
|    ttc_risk                | 0           |
| rollout/                   |             |
|    ep_len_mean             | 368         |
|    ep_rew_mean             | -36.3       |
|    success_rate            | 0.41        |
| time/                      |             |
|    fps                     | 208         |
|    iterations              | 96          |
|    time_elapsed            | 945         |
|    total_timesteps         | 196608      |
| train/                     |             |
|    approx_kl               | 0.012981845 |
|    clip_fraction           | 0.186       |
|    clip_range              | 0.2         |
|    entropy_loss            | -2.53       |
|    explained_variance      | 0.742       |
|    learning_rate           | 0.0003      |
|    loss                    | 8.68        |
|    n_updates               | 950         |
|    policy_gradient_loss    | 0.00217     |
|    std                     | 0.859       |
|    value_loss              | 39.2        |
--------------------------------------------
---------------------------------------------
| curriculum/                |              |
|    stage                   | 1            |
|    window_cost             | 0.533        |
|    window_route_completion | 0.612        |
|    window_success          | 0.233        |
| paper/                     |              |
|    accel_variation         | 0.178        |
|    base_reward             | 211          |
|    collision               | 0            |
|    crash_object            | 0            |
|    crash_vehicle           | 0            |
|    episode_cost            | 0            |
|    episode_length          | 800          |
|    jerk                    | 0.176        |
|    lane_deviation          | 0.345        |
|    max_lane_deviation      | 1.79         |
|    mean_speed_kmh          | 14.5         |
|    min_ttc                 | nan          |
|    out_of_road             | 0            |
|    route_completion        | 0.794        |
|    shaped_reward           | 30.1         |
|    steering_variation      | 0.667        |
|    success                 | 0            |
|    ttc_risk                | 0            |
| rollout/                   |              |
|    ep_len_mean             | 382          |
|    ep_rew_mean             | -34.5        |
|    success_rate            | 0.41         |
| time/                      |              |
|    fps                     | 207          |
|    iterations              | 97           |
|    time_elapsed            | 957          |
|    total_timesteps         | 198656       |
| train/                     |              |
|    approx_kl               | 0.0024610031 |
|    clip_fraction           | 0.13         |
|    clip_range              | 0.2          |
|    entropy_loss            | -2.53        |
|    explained_variance      | 0.297        |
|    learning_rate           | 0.0003       |
|    loss                    | 126          |
|    n_updates               | 960          |
|    policy_gradient_loss    | -0.000384    |
|    std                     | 0.859        |
|    value_loss              | 221          |
---------------------------------------------
---------------------------------------------
| curriculum/                |              |
|    stage                   | 1            |
|    window_cost             | 0.467        |
|    window_route_completion | 0.633        |
|    window_success          | 0.267        |
| paper/                     |              |
|    accel_variation         | 0.21         |
|    base_reward             | 199          |
|    collision               | 0            |
|    crash_object            | 0            |
|    crash_vehicle           | 0            |
|    episode_cost            | 0            |
|    episode_length          | 800          |
|    jerk                    | 0.196        |
|    lane_deviation          | 0.415        |
|    max_lane_deviation      | 1.37         |
|    mean_speed_kmh          | 17.4         |
|    min_ttc                 | nan          |
|    out_of_road             | 0            |
|    route_completion        | 0.917        |
|    shaped_reward           | 13.6         |
|    steering_variation      | 0.651        |
|    success                 | 0            |
|    ttc_risk                | 0            |
| rollout/                   |              |
|    ep_len_mean             | 392          |
|    ep_rew_mean             | -31          |
|    success_rate            | 0.42         |
| time/                      |              |
|    fps                     | 207          |
|    iterations              | 98           |
|    time_elapsed            | 968          |
|    total_timesteps         | 200704       |
| train/                     |              |
|    approx_kl               | 0.0037003343 |
|    clip_fraction           | 0.213        |
|    clip_range              | 0.2          |
|    entropy_loss            | -2.53        |
|    explained_variance      | 0.511        |
|    learning_rate           | 0.0003       |
|    loss                    | 78.5         |
|    n_updates               | 970          |
|    policy_gradient_loss    | 0.00882      |
|    std                     | 0.858        |
|    value_loss              | 154          |
---------------------------------------------
--------------------------------------------
| curriculum/                |             |
|    stage                   | 1           |
|    window_cost             | 0.467       |
|    window_route_completion | 0.637       |
|    window_success          | 0.267       |
| paper/                     |             |
|    accel_variation         | 0.165       |
|    base_reward             | 34          |
|    collision               | 0           |
|    crash_object            | 0           |
|    crash_vehicle           | 0           |
|    episode_cost            | 1           |
|    episode_length          | 294         |
|    jerk                    | 0.155       |
|    lane_deviation          | 0.698       |
|    max_lane_deviation      | 2           |
|    mean_speed_kmh          | 16.3        |
|    min_ttc                 | nan         |
|    out_of_road             | 1           |
|    route_completion        | 0.338       |
|    shaped_reward           | -215        |
|    steering_variation      | 0.67        |
|    success                 | 0           |
|    ttc_risk                | 0           |
| rollout/                   |             |
|    ep_len_mean             | 411         |
|    ep_rew_mean             | -30.9       |
|    success_rate            | 0.41        |
| time/                      |             |
|    fps                     | 206         |
|    iterations              | 99          |
|    time_elapsed            | 981         |
|    total_timesteps         | 202752      |
| train/                     |             |
|    approx_kl               | 0.010811798 |
|    clip_fraction           | 0.199       |
|    clip_range              | 0.2         |
|    entropy_loss            | -2.53       |
|    explained_variance      | 0.315       |
|    learning_rate           | 0.0003      |
|    loss                    | 6.6         |
|    n_updates               | 980         |
|    policy_gradient_loss    | 0.00797     |
|    std                     | 0.859       |
|    value_loss              | 27.2        |
--------------------------------------------
--------------------------------------------
| curriculum/                |             |
|    stage                   | 1           |
|    window_cost             | 0.4         |
|    window_route_completion | 0.671       |
|    window_success          | 0.3         |
| paper/                     |             |
|    accel_variation         | 0.178       |
|    base_reward             | 229         |
|    collision               | 0           |
|    crash_object            | 0           |
|    crash_vehicle           | 0           |
|    episode_cost            | 0           |
|    episode_length          | 687         |
|    jerk                    | 0.191       |
|    lane_deviation          | 0.334       |
|    max_lane_deviation      | 1.17        |
|    mean_speed_kmh          | 16.4        |
|    min_ttc                 | nan         |
|    out_of_road             | 0           |
|    route_completion        | 0.984       |
|    shaped_reward           | 127         |
|    steering_variation      | 0.656       |
|    success                 | 1           |
|    ttc_risk                | 0           |
| rollout/                   |             |
|    ep_len_mean             | 429         |
|    ep_rew_mean             | -24.5       |
|    success_rate            | 0.43        |
| time/                      |             |
|    fps                     | 206         |
|    iterations              | 100         |
|    time_elapsed            | 993         |
|    total_timesteps         | 204800      |
| train/                     |             |
|    approx_kl               | 0.006424281 |
|    clip_fraction           | 0.0421      |
|    clip_range              | 0.2         |
|    entropy_loss            | -2.53       |
|    explained_variance      | 0.214       |
|    learning_rate           | 0.0003      |
|    loss                    | 54.5        |
|    n_updates               | 990         |
|    policy_gradient_loss    | -0.00248    |
|    std                     | 0.858       |
|    value_loss              | 116         |
--------------------------------------------
---------------------------------------------
| curriculum/                |              |
|    stage                   | 1            |
|    window_cost             | 0.4          |
|    window_route_completion | 0.674        |
|    window_success          | 0.3          |
| paper/                     |              |
|    accel_variation         | 0.173        |
|    base_reward             | 237          |
|    collision               | 0            |
|    crash_object            | 0            |
|    crash_vehicle           | 0            |
|    episode_cost            | 0            |
|    episode_length          | 682          |
|    jerk                    | 0.163        |
|    lane_deviation          | 0.329        |
|    max_lane_deviation      | 0.999        |
|    mean_speed_kmh          | 16.9         |
|    min_ttc                 | nan          |
|    out_of_road             | 0            |
|    route_completion        | 0.984        |
|    shaped_reward           | 137          |
|    steering_variation      | 0.623        |
|    success                 | 1            |
|    ttc_risk                | 0            |
| rollout/                   |              |
|    ep_len_mean             | 448          |
|    ep_rew_mean             | -18.4        |
|    success_rate            | 0.45         |
| time/                      |              |
|    fps                     | 205          |
|    iterations              | 101          |
|    time_elapsed            | 1004         |
|    total_timesteps         | 206848       |
| train/                     |              |
|    approx_kl               | 0.0054449346 |
|    clip_fraction           | 0.16         |
|    clip_range              | 0.2          |
|    entropy_loss            | -2.53        |
|    explained_variance      | 0.354        |
|    learning_rate           | 0.0003       |
|    loss                    | 11.3         |
|    n_updates               | 1000         |
|    policy_gradient_loss    | 0.00345      |
|    std                     | 0.854        |
|    value_loss              | 26.6         |
---------------------------------------------
---------------------------------------------
| curriculum/                |              |
|    stage                   | 1            |
|    window_cost             | 0.433        |
|    window_route_completion | 0.677        |
|    window_success          | 0.3          |
| paper/                     |              |
|    accel_variation         | 0.185        |
|    base_reward             | 218          |
|    collision               | 0            |
|    crash_object            | 0            |
|    crash_vehicle           | 0            |
|    episode_cost            | 0            |
|    episode_length          | 703          |
|    jerk                    | 0.167        |
|    lane_deviation          | 0.43         |
|    max_lane_deviation      | 1.19         |
|    mean_speed_kmh          | 17.6         |
|    min_ttc                 | nan          |
|    out_of_road             | 0            |
|    route_completion        | 0.985        |
|    shaped_reward           | 94.9         |
|    steering_variation      | 0.6          |
|    success                 | 1            |
|    ttc_risk                | 0            |
| rollout/                   |              |
|    ep_len_mean             | 459          |
|    ep_rew_mean             | -16          |
|    success_rate            | 0.46         |
| time/                      |              |
|    fps                     | 205          |
|    iterations              | 102          |
|    time_elapsed            | 1015         |
|    total_timesteps         | 208896       |
| train/                     |              |
|    approx_kl               | 0.0032582693 |
|    clip_fraction           | 0.127        |
|    clip_range              | 0.2          |
|    entropy_loss            | -2.52        |
|    explained_variance      | 0.321        |
|    learning_rate           | 0.0003       |
|    loss                    | 25           |
|    n_updates               | 1010         |
|    policy_gradient_loss    | -0.00134     |
|    std                     | 0.855        |
|    value_loss              | 99.3         |
---------------------------------------------
--------------------------------------------
| curriculum/                |             |
|    stage                   | 1           |
|    window_cost             | 0.4         |
|    window_route_completion | 0.693       |
|    window_success          | 0.333       |
| paper/                     |             |
|    accel_variation         | 0.183       |
|    base_reward             | 236         |
|    collision               | 0           |
|    crash_object            | 0           |
|    crash_vehicle           | 0           |
|    episode_cost            | 0           |
|    episode_length          | 722         |
|    jerk                    | 0.176       |
|    lane_deviation          | 0.374       |
|    max_lane_deviation      | 0.996       |
|    mean_speed_kmh          | 16.5        |
|    min_ttc                 | nan         |
|    out_of_road             | 0           |
|    route_completion        | 0.985       |
|    shaped_reward           | 117         |
|    steering_variation      | 0.636       |
|    success                 | 1           |
|    ttc_risk                | 0           |
| rollout/                   |             |
|    ep_len_mean             | 475         |
|    ep_rew_mean             | -11.8       |
|    success_rate            | 0.46        |
| time/                      |             |
|    fps                     | 205         |
|    iterations              | 103         |
|    time_elapsed            | 1026        |
|    total_timesteps         | 210944      |
| train/                     |             |
|    approx_kl               | 0.010323585 |
|    clip_fraction           | 0.169       |
|    clip_range              | 0.2         |
|    entropy_loss            | -2.52       |
|    explained_variance      | 0.172       |
|    learning_rate           | 0.0003      |
|    loss                    | 119         |
|    n_updates               | 1020        |
|    policy_gradient_loss    | -0.00307    |
|    std                     | 0.854       |
|    value_loss              | 114         |
--------------------------------------------
-------------------------------------------
| curriculum/                |            |
|    stage                   | 1          |
|    window_cost             | 0.367      |
|    window_route_completion | 0.738      |
|    window_success          | 0.367      |
| paper/                     |            |
|    accel_variation         | 0.253      |
|    base_reward             | 81.1       |
|    collision               | 0          |
|    crash_object            | 0          |
|    crash_vehicle           | 0          |
|    episode_cost            | 1          |
|    episode_length          | 397        |
|    jerk                    | 0.247      |
|    lane_deviation          | 0.568      |
|    max_lane_deviation      | 1.81       |
|    mean_speed_kmh          | 17.4       |
|    min_ttc                 | nan        |
|    out_of_road             | 1          |
|    route_completion        | 0.509      |
|    shaped_reward           | -180       |
|    steering_variation      | 0.673      |
|    success                 | 0          |
|    ttc_risk                | 0          |
| rollout/                   |            |
|    ep_len_mean             | 490        |
|    ep_rew_mean             | -8.75      |
|    success_rate            | 0.48       |
| time/                      |            |
|    fps                     | 205        |
|    iterations              | 104        |
|    time_elapsed            | 1037       |
|    total_timesteps         | 212992     |
| train/                     |            |
|    approx_kl               | 0.01977697 |
|    clip_fraction           | 0.275      |
|    clip_range              | 0.2        |
|    entropy_loss            | -2.52      |
|    explained_variance      | 0.658      |
|    learning_rate           | 0.0003     |
|    loss                    | 8.69       |
|    n_updates               | 1030       |
|    policy_gradient_loss    | 0.0218     |
|    std                     | 0.852      |
|    value_loss              | 16.9       |
-------------------------------------------
--------------------------------------------
| curriculum/                |             |
|    stage                   | 1           |
|    window_cost             | 0.333       |
|    window_route_completion | 0.75        |
|    window_success          | 0.333       |
| paper/                     |             |
|    accel_variation         | 0.145       |
|    base_reward             | 230         |
|    collision               | 0           |
|    crash_object            | 0           |
|    crash_vehicle           | 0           |
|    episode_cost            | 0           |
|    episode_length          | 800         |
|    jerk                    | 0.141       |
|    lane_deviation          | 0.347       |
|    max_lane_deviation      | 0.986       |
|    mean_speed_kmh          | 15.9        |
|    min_ttc                 | 1.87        |
|    out_of_road             | 0           |
|    route_completion        | 0.971       |
|    shaped_reward           | 53.5        |
|    steering_variation      | 0.623       |
|    success                 | 0           |
|    ttc_risk                | 0.00259     |
| rollout/                   |             |
|    ep_len_mean             | 501         |
|    ep_rew_mean             | -7.52       |
|    success_rate            | 0.47        |
| time/                      |             |
|    fps                     | 204         |
|    iterations              | 105         |
|    time_elapsed            | 1049        |
|    total_timesteps         | 215040      |
| train/                     |             |
|    approx_kl               | 0.005918164 |
|    clip_fraction           | 0.115       |
|    clip_range              | 0.2         |
|    entropy_loss            | -2.52       |
|    explained_variance      | 0.341       |
|    learning_rate           | 0.0003      |
|    loss                    | 41.9        |
|    n_updates               | 1040        |
|    policy_gradient_loss    | -0.00336    |
|    std                     | 0.853       |
|    value_loss              | 94.1        |
--------------------------------------------
------------------------------------------
| curriculum/                |           |
|    stage                   | 1         |
|    window_cost             | 0.267     |
|    window_route_completion | 0.814     |
|    window_success          | 0.367     |
| paper/                     |           |
|    accel_variation         | 0.176     |
|    base_reward             | 136       |
|    collision               | 0         |
|    crash_object            | 0         |
|    crash_vehicle           | 0         |
|    episode_cost            | 0         |
|    episode_length          | 800       |
|    jerk                    | 0.165     |
|    lane_deviation          | 0.526     |
|    max_lane_deviation      | 1.99      |
|    mean_speed_kmh          | 13.4      |
|    min_ttc                 | 88.7      |
|    out_of_road             | 0         |
|    route_completion        | 0.696     |
|    shaped_reward           | -101      |
|    steering_variation      | 0.713     |
|    success                 | 0         |
|    ttc_risk                | 0         |
| rollout/                   |           |
|    ep_len_mean             | 512       |
|    ep_rew_mean             | -9.64     |
|    success_rate            | 0.46      |
| time/                      |           |
|    fps                     | 204       |
|    iterations              | 106       |
|    time_elapsed            | 1060      |
|    total_timesteps         | 217088    |
| train/                     |           |
|    approx_kl               | 0.1942065 |
|    clip_fraction           | 0.419     |
|    clip_range              | 0.2       |
|    entropy_loss            | -2.52     |
|    explained_variance      | 0.857     |
|    learning_rate           | 0.0003    |
|    loss                    | 6.13      |
|    n_updates               | 1050      |
|    policy_gradient_loss    | 0.0645    |
|    std                     | 0.854     |
|    value_loss              | 13.7      |
------------------------------------------
---------------------------------------------
| curriculum/                |              |
|    stage                   | 2            |
|    window_cost             | 0.233        |
|    window_route_completion | 0.834        |
|    window_success          | 0.367        |
| paper/                     |              |
|    accel_variation         | 0.167        |
|    base_reward             | 43.3         |
|    collision               | 0            |
|    crash_object            | 0            |
|    crash_vehicle           | 0            |
|    episode_cost            | 1            |
|    episode_length          | 293          |
|    jerk                    | 0.172        |
|    lane_deviation          | 0.425        |
|    max_lane_deviation      | 1.09         |
|    mean_speed_kmh          | 11.8         |
|    min_ttc                 | 1.06         |
|    out_of_road             | 1            |
|    route_completion        | 0.217        |
|    shaped_reward           | -186         |
|    steering_variation      | 0.715        |
|    success                 | 0            |
|    ttc_risk                | 0.0357       |
| rollout/                   |              |
|    ep_len_mean             | 524          |
|    ep_rew_mean             | -11.2        |
|    success_rate            | 0.45         |
| time/                      |              |
|    fps                     | 204          |
|    iterations              | 107          |
|    time_elapsed            | 1073         |
|    total_timesteps         | 219136       |
| train/                     |              |
|    approx_kl               | 0.0017359313 |
|    clip_fraction           | 0.172        |
|    clip_range              | 0.2          |
|    entropy_loss            | -2.52        |
|    explained_variance      | -0.0945      |
|    learning_rate           | 0.0003       |
|    loss                    | 54.3         |
|    n_updates               | 1060         |
|    policy_gradient_loss    | 0.00712      |
|    std                     | 0.855        |
|    value_loss              | 136          |
---------------------------------------------
-----------------------------------------
| paper/                  |             |
|    accel_variation      | 0.212       |
|    base_reward          | 44.1        |
|    collision            | 0           |
|    crash_object         | 0           |
|    crash_vehicle        | 0           |
|    episode_cost         | 1           |
|    episode_length       | 293         |
|    jerk                 | 0.192       |
|    lane_deviation       | 0.473       |
|    max_lane_deviation   | 1.63        |
|    mean_speed_kmh       | 14.2        |
|    min_ttc              | 19.6        |
|    out_of_road          | 1           |
|    route_completion     | 0.22        |
|    shaped_reward        | -160        |
|    steering_variation   | 0.727       |
|    success              | 0           |
|    ttc_risk             | 0           |
| rollout/                |             |
|    ep_len_mean          | 531         |
|    ep_rew_mean          | -17.6       |
|    success_rate         | 0.41        |
| time/                   |             |
|    fps                  | 203         |
|    iterations           | 108         |
|    time_elapsed         | 1088        |
|    total_timesteps      | 221184      |
| train/                  |             |
|    approx_kl            | 0.004762402 |
|    clip_fraction        | 0.0714      |
|    clip_range           | 0.2         |
|    entropy_loss         | -2.52       |
|    explained_variance   | 0.623       |
|    learning_rate        | 0.0003      |
|    loss                 | 31.6        |
|    n_updates            | 1070        |
|    policy_gradient_loss | -0.00251    |
|    std                  | 0.854       |
|    value_loss           | 93.8        |
-----------------------------------------
-----------------------------------------
| paper/                  |             |
|    accel_variation      | 0.231       |
|    base_reward          | 117         |
|    collision            | 1           |
|    crash_object         | 0           |
|    crash_vehicle        | 1           |
|    episode_cost         | 1           |
|    episode_length       | 494         |
|    jerk                 | 0.242       |
|    lane_deviation       | 0.24        |
|    max_lane_deviation   | 0.973       |
|    mean_speed_kmh       | 12.1        |
|    min_ttc              | 0.758       |
|    out_of_road          | 0           |
|    route_completion     | 0.462       |
|    shaped_reward        | -122        |
|    steering_variation   | 0.702       |
|    success              | 0           |
|    ttc_risk             | 0.0167      |
| rollout/                |             |
|    ep_len_mean          | 546         |
|    ep_rew_mean          | -21.2       |
|    success_rate         | 0.38        |
| time/                   |             |
|    fps                  | 202         |
|    iterations           | 109         |
|    time_elapsed         | 1103        |
|    total_timesteps      | 223232      |
| train/                  |             |
|    approx_kl            | 0.008524005 |
|    clip_fraction        | 0.0559      |
|    clip_range           | 0.2         |
|    entropy_loss         | -2.52       |
|    explained_variance   | 0.65        |
|    learning_rate        | 0.0003      |
|    loss                 | 46.4        |
|    n_updates            | 1080        |
|    policy_gradient_loss | -0.00602    |
|    std                  | 0.853       |
|    value_loss           | 123         |
-----------------------------------------
------------------------------------------
| paper/                  |              |
|    accel_variation      | 0.195        |
|    base_reward          | 264          |
|    collision            | 0            |
|    crash_object         | 0            |
|    crash_vehicle        | 0            |
|    episode_cost         | 0            |
|    episode_length       | 1000         |
|    jerk                 | 0.19         |
|    lane_deviation       | 0.444        |
|    max_lane_deviation   | 1.51         |
|    mean_speed_kmh       | 16.8         |
|    min_ttc              | 10.9         |
|    out_of_road          | 0            |
|    route_completion     | 0.718        |
|    shaped_reward        | -10          |
|    steering_variation   | 0.659        |
|    success              | 0            |
|    ttc_risk             | 0            |
| rollout/                |              |
|    ep_len_mean          | 560          |
|    ep_rew_mean          | -22.5        |
|    success_rate         | 0.36         |
| time/                   |              |
|    fps                  | 201          |
|    iterations           | 110          |
|    time_elapsed         | 1119         |
|    total_timesteps      | 225280       |
| train/                  |              |
|    approx_kl            | 0.0022911257 |
|    clip_fraction        | 0.0241       |
|    clip_range           | 0.2          |
|    entropy_loss         | -2.52        |
|    explained_variance   | 0.466        |
|    learning_rate        | 0.0003       |
|    loss                 | 44.1         |
|    n_updates            | 1090         |
|    policy_gradient_loss | -0.00486     |
|    std                  | 0.852        |
|    value_loss           | 99.8         |
------------------------------------------
-----------------------------------------
| paper/                  |             |
|    accel_variation      | 0.204       |
|    base_reward          | 290         |
|    collision            | 0           |
|    crash_object         | 0           |
|    crash_vehicle        | 0           |
|    episode_cost         | 0           |
|    episode_length       | 1000        |
|    jerk                 | 0.191       |
|    lane_deviation       | 0.353       |
|    max_lane_deviation   | 0.995       |
|    mean_speed_kmh       | 15.3        |
|    min_ttc              | 1.7         |
|    out_of_road          | 0           |
|    route_completion     | 0.628       |
|    shaped_reward        | -62.9       |
|    steering_variation   | 0.645       |
|    success              | 0           |
|    ttc_risk             | 0.0262      |
| rollout/                |             |
|    ep_len_mean          | 575         |
|    ep_rew_mean          | -25.1       |
|    success_rate         | 0.34        |
| time/                   |             |
|    fps                  | 200         |
|    iterations           | 111         |
|    time_elapsed         | 1133        |
|    total_timesteps      | 227328      |
| train/                  |             |
|    approx_kl            | 0.025658123 |
|    clip_fraction        | 0.302       |
|    clip_range           | 0.2         |
|    entropy_loss         | -2.52       |
|    explained_variance   | 0.577       |
|    learning_rate        | 0.0003      |
|    loss                 | 5.93        |
|    n_updates            | 1100        |
|    policy_gradient_loss | 0.0221      |
|    std                  | 0.853       |
|    value_loss           | 20.7        |
-----------------------------------------
-----------------------------------------
| paper/                  |             |
|    accel_variation      | 0.209       |
|    base_reward          | 276         |
|    collision            | 0           |
|    crash_object         | 0           |
|    crash_vehicle        | 0           |
|    episode_cost         | 0           |
|    episode_length       | 1000        |
|    jerk                 | 0.205       |
|    lane_deviation       | 0.349       |
|    max_lane_deviation   | 0.993       |
|    mean_speed_kmh       | 14.9        |
|    min_ttc              | 3.66        |
|    out_of_road          | 0           |
|    route_completion     | 0.61        |
|    shaped_reward        | 35.2        |
|    steering_variation   | 0.644       |
|    success              | 0           |
|    ttc_risk             | 0.00403     |
| rollout/                |             |
|    ep_len_mean          | 588         |
|    ep_rew_mean          | -27.2       |
|    success_rate         | 0.32        |
| time/                   |             |
|    fps                  | 199         |
|    iterations           | 112         |
|    time_elapsed         | 1148        |
|    total_timesteps      | 229376      |
| train/                  |             |
|    approx_kl            | 0.004960007 |
|    clip_fraction        | 0.193       |
|    clip_range           | 0.2         |
|    entropy_loss         | -2.52       |
|    explained_variance   | 0.642       |
|    learning_rate        | 0.0003      |
|    loss                 | 10.5        |
|    n_updates            | 1110        |
|    policy_gradient_loss | 0.00935     |
|    std                  | 0.849       |
|    value_loss           | 30          |
-----------------------------------------
-----------------------------------------
| paper/                  |             |
|    accel_variation      | 0.197       |
|    base_reward          | 259         |
|    collision            | 0           |
|    crash_object         | 0           |
|    crash_vehicle        | 0           |
|    episode_cost         | 0           |
|    episode_length       | 1000        |
|    jerk                 | 0.171       |
|    lane_deviation       | 0.364       |
|    max_lane_deviation   | 1.5         |
|    mean_speed_kmh       | 14.6        |
|    min_ttc              | nan         |
|    out_of_road          | 0           |
|    route_completion     | 0.757       |
|    shaped_reward        | 26.1        |
|    steering_variation   | 0.664       |
|    success              | 0           |
|    ttc_risk             | 0           |
| rollout/                |             |
|    ep_len_mean          | 598         |
|    ep_rew_mean          | -29.8       |
|    success_rate         | 0.3         |
| time/                   |             |
|    fps                  | 199         |
|    iterations           | 113         |
|    time_elapsed         | 1162        |
|    total_timesteps      | 231424      |
| train/                  |             |
|    approx_kl            | 0.005360559 |
|    clip_fraction        | 0.0913      |
|    clip_range           | 0.2         |
|    entropy_loss         | -2.51       |
|    explained_variance   | 0.553       |
|    learning_rate        | 0.0003      |
|    loss                 | 9.32        |
|    n_updates            | 1120        |
|    policy_gradient_loss | -0.00138    |
|    std                  | 0.847       |
|    value_loss           | 50          |
-----------------------------------------
-----------------------------------------
| paper/                  |             |
|    accel_variation      | 0.246       |
|    base_reward          | 327         |
|    collision            | 0           |
|    crash_object         | 0           |
|    crash_vehicle        | 0           |
|    episode_cost         | 0           |
|    episode_length       | 1000        |
|    jerk                 | 0.236       |
|    lane_deviation       | 0.267       |
|    max_lane_deviation   | 0.993       |
|    mean_speed_kmh       | 15.5        |
|    min_ttc              | 6.18        |
|    out_of_road          | 0           |
|    route_completion     | 0.597       |
|    shaped_reward        | 112         |
|    steering_variation   | 0.653       |
|    success              | 0           |
|    ttc_risk             | 0           |
| rollout/                |             |
|    ep_len_mean          | 613         |
|    ep_rew_mean          | -27.7       |
|    success_rate         | 0.29        |
| time/                   |             |
|    fps                  | 198         |
|    iterations           | 114         |
|    time_elapsed         | 1177        |
|    total_timesteps      | 233472      |
| train/                  |             |
|    approx_kl            | 0.014931887 |
|    clip_fraction        | 0.132       |
|    clip_range           | 0.2         |
|    entropy_loss         | -2.51       |
|    explained_variance   | 0.642       |
|    learning_rate        | 0.0003      |
|    loss                 | 24.5        |
|    n_updates            | 1130        |
|    policy_gradient_loss | -0.00439    |
|    std                  | 0.849       |
|    value_loss           | 43.7        |
-----------------------------------------
------------------------------------------
| paper/                  |              |
|    accel_variation      | 0.259        |
|    base_reward          | 222          |
|    collision            | 0            |
|    crash_object         | 0            |
|    crash_vehicle        | 0            |
|    episode_cost         | 0            |
|    episode_length       | 1000         |
|    jerk                 | 0.241        |
|    lane_deviation       | 0.378        |
|    max_lane_deviation   | 1            |
|    mean_speed_kmh       | 12.7         |
|    min_ttc              | 8.45         |
|    out_of_road          | 0            |
|    route_completion     | 0.746        |
|    shaped_reward        | 18.5         |
|    steering_variation   | 0.651        |
|    success              | 0            |
|    ttc_risk             | 0            |
| rollout/                |              |
|    ep_len_mean          | 627          |
|    ep_rew_mean          | -26.9        |
|    success_rate         | 0.28         |
| time/                   |              |
|    fps                  | 197          |
|    iterations           | 115          |
|    time_elapsed         | 1190         |
|    total_timesteps      | 235520       |
| train/                  |              |
|    approx_kl            | 0.0046148556 |
|    clip_fraction        | 0.134        |
|    clip_range           | 0.2          |
|    entropy_loss         | -2.51        |
|    explained_variance   | 0.153        |
|    learning_rate        | 0.0003       |
|    loss                 | 5.32         |
|    n_updates            | 1140         |
|    policy_gradient_loss | -0.000167    |
|    std                  | 0.845        |
|    value_loss           | 13.7         |
------------------------------------------
-----------------------------------------
| paper/                  |             |
|    accel_variation      | 0.179       |
|    base_reward          | 231         |
|    collision            | 0           |
|    crash_object         | 0           |
|    crash_vehicle        | 0           |
|    episode_cost         | 0           |
|    episode_length       | 1000        |
|    jerk                 | 0.179       |
|    lane_deviation       | 0.397       |
|    max_lane_deviation   | 1.55        |
|    mean_speed_kmh       | 15.1        |
|    min_ttc              | nan         |
|    out_of_road          | 0           |
|    route_completion     | 0.591       |
|    shaped_reward        | 1.74        |
|    steering_variation   | 0.631       |
|    success              | 0           |
|    ttc_risk             | 0           |
| rollout/                |             |
|    ep_len_mean          | 641         |
|    ep_rew_mean          | -26.8       |
|    success_rate         | 0.26        |
| time/                   |             |
|    fps                  | 197         |
|    iterations           | 116         |
|    time_elapsed         | 1204        |
|    total_timesteps      | 237568      |
| train/                  |             |
|    approx_kl            | 0.034499183 |
|    clip_fraction        | 0.343       |
|    clip_range           | 0.2         |
|    entropy_loss         | -2.47       |
|    explained_variance   | 0.567       |
|    learning_rate        | 0.0003      |
|    loss                 | 1.77        |
|    n_updates            | 1150        |
|    policy_gradient_loss | 0.0142      |
|    std                  | 0.824       |
|    value_loss           | 4.14        |
-----------------------------------------
-----------------------------------------
| paper/                  |             |
|    accel_variation      | 0.231       |
|    base_reward          | 286         |
|    collision            | 0           |
|    crash_object         | 0           |
|    crash_vehicle        | 0           |
|    episode_cost         | 0           |
|    episode_length       | 1000        |
|    jerk                 | 0.223       |
|    lane_deviation       | 0.439       |
|    max_lane_deviation   | 1.52        |
|    mean_speed_kmh       | 17.4        |
|    min_ttc              | 4.94        |
|    out_of_road          | 0           |
|    route_completion     | 0.789       |
|    shaped_reward        | 11.1        |
|    steering_variation   | 0.574       |
|    success              | 0           |
|    ttc_risk             | 0.000452    |
| rollout/                |             |
|    ep_len_mean          | 651         |
|    ep_rew_mean          | -28.7       |
|    success_rate         | 0.24        |
| time/                   |             |
|    fps                  | 196         |
|    iterations           | 117         |
|    time_elapsed         | 1219        |
|    total_timesteps      | 239616      |
| train/                  |             |
|    approx_kl            | 0.011650402 |
|    clip_fraction        | 0.182       |
|    clip_range           | 0.2         |
|    entropy_loss         | -2.44       |
|    explained_variance   | 0.508       |
|    learning_rate        | 0.0003      |
|    loss                 | 2.43        |
|    n_updates            | 1160        |
|    policy_gradient_loss | -6.93e-05   |
|    std                  | 0.812       |
|    value_loss           | 6.25        |
-----------------------------------------
-----------------------------------------
| paper/                  |             |
|    accel_variation      | 0.215       |
|    base_reward          | 271         |
|    collision            | 0           |
|    crash_object         | 0           |
|    crash_vehicle        | 0           |
|    episode_cost         | 0           |
|    episode_length       | 967         |
|    jerk                 | 0.203       |
|    lane_deviation       | 0.346       |
|    max_lane_deviation   | 1.09        |
|    mean_speed_kmh       | 15.2        |
|    min_ttc              | 1.46        |
|    out_of_road          | 0           |
|    route_completion     | 0.988       |
|    shaped_reward        | 21          |
|    steering_variation   | 0.624       |
|    success              | 1           |
|    ttc_risk             | 0.0227      |
| rollout/                |             |
|    ep_len_mean          | 662         |
|    ep_rew_mean          | -25.1       |
|    success_rate         | 0.25        |
| time/                   |             |
|    fps                  | 195         |
|    iterations           | 118         |
|    time_elapsed         | 1234        |
|    total_timesteps      | 241664      |
| train/                  |             |
|    approx_kl            | 0.051167168 |
|    clip_fraction        | 0.358       |
|    clip_range           | 0.2         |
|    entropy_loss         | -2.42       |
|    explained_variance   | 0.346       |
|    learning_rate        | 0.0003      |
|    loss                 | 7.35        |
|    n_updates            | 1170        |
|    policy_gradient_loss | 0.0123      |
|    std                  | 0.81        |
|    value_loss           | 43.2        |
-----------------------------------------
--------------------------------------------
| curriculum/                |             |
|    stage                   | 2           |
|    window_cost             | 0.3         |
|    window_route_completion | 0.635       |
|    window_success          | 0.0667      |
| paper/                     |             |
|    accel_variation         | 0.221       |
|    base_reward             | 258         |
|    collision               | 0           |
|    crash_object            | 0           |
|    crash_vehicle           | 0           |
|    episode_cost            | 0           |
|    episode_length          | 1000        |
|    jerk                    | 0.204       |
|    lane_deviation          | 0.491       |
|    max_lane_deviation      | 1.9         |
|    mean_speed_kmh          | 16.6        |
|    min_ttc                 | 13.4        |
|    out_of_road             | 0           |
|    route_completion        | 0.685       |
|    shaped_reward           | -65.8       |
|    steering_variation      | 0.628       |
|    success                 | 0           |
|    ttc_risk                | 0           |
| rollout/                   |             |
|    ep_len_mean             | 664         |
|    ep_rew_mean             | -26.9       |
|    success_rate            | 0.24        |
| time/                      |             |
|    fps                     | 195         |
|    iterations              | 119         |
|    time_elapsed            | 1249        |
|    total_timesteps         | 243712      |
| train/                     |             |
|    approx_kl               | 0.005229473 |
|    clip_fraction           | 0.121       |
|    clip_range              | 0.2         |
|    entropy_loss            | -2.41       |
|    explained_variance      | 0.317       |
|    learning_rate           | 0.0003      |
|    loss                    | 15.7        |
|    n_updates               | 1180        |
|    policy_gradient_loss    | -0.00347    |
|    std                     | 0.806       |
|    value_loss              | 31.5        |
--------------------------------------------
--------------------------------------------
| curriculum/                |             |
|    stage                   | 2           |
|    window_cost             | 0.3         |
|    window_route_completion | 0.637       |
|    window_success          | 0.0333      |
| paper/                     |             |
|    accel_variation         | 0.275       |
|    base_reward             | 86          |
|    collision               | 0           |
|    crash_object            | 0           |
|    crash_vehicle           | 0           |
|    episode_cost            | 1           |
|    episode_length          | 404         |
|    jerk                    | 0.252       |
|    lane_deviation          | 0.43        |
|    max_lane_deviation      | 1.39        |
|    mean_speed_kmh          | 16.5        |
|    min_ttc                 | nan         |
|    out_of_road             | 1           |
|    route_completion        | 0.3         |
|    shaped_reward           | -141        |
|    steering_variation      | 0.623       |
|    success                 | 0           |
|    ttc_risk                | 0           |
| rollout/                   |             |
|    ep_len_mean             | 665         |
|    ep_rew_mean             | -30.3       |
|    success_rate            | 0.22        |
| time/                      |             |
|    fps                     | 194         |
|    iterations              | 120         |
|    time_elapsed            | 1265        |
|    total_timesteps         | 245760      |
| train/                     |             |
|    approx_kl               | 0.013156859 |
|    clip_fraction           | 0.136       |
|    clip_range              | 0.2         |
|    entropy_loss            | -2.41       |
|    explained_variance      | 0.172       |
|    learning_rate           | 0.0003      |
|    loss                    | 17.1        |
|    n_updates               | 1190        |
|    policy_gradient_loss    | -0.0031     |
|    std                     | 0.806       |
|    value_loss              | 58.5        |
--------------------------------------------
--------------------------------------------
| curriculum/                |             |
|    stage                   | 2           |
|    window_cost             | 0.233       |
|    window_route_completion | 0.686       |
|    window_success          | 0.0333      |
| paper/                     |             |
|    accel_variation         | 0.248       |
|    base_reward             | 308         |
|    collision               | 0           |
|    crash_object            | 0           |
|    crash_vehicle           | 0           |
|    episode_cost            | 0           |
|    episode_length          | 1000        |
|    jerk                    | 0.248       |
|    lane_deviation          | 0.391       |
|    max_lane_deviation      | 2           |
|    mean_speed_kmh          | 16.9        |
|    min_ttc                 | 25          |
|    out_of_road             | 0           |
|    route_completion        | 0.954       |
|    shaped_reward           | 38.4        |
|    steering_variation      | 0.594       |
|    success                 | 0           |
|    ttc_risk                | 0           |
| rollout/                   |             |
|    ep_len_mean             | 678         |
|    ep_rew_mean             | -26         |
|    success_rate            | 0.22        |
| time/                      |             |
|    fps                     | 193         |
|    iterations              | 121         |
|    time_elapsed            | 1281        |
|    total_timesteps         | 247808      |
| train/                     |             |
|    approx_kl               | 0.008988136 |
|    clip_fraction           | 0.103       |
|    clip_range              | 0.2         |
|    entropy_loss            | -2.41       |
|    explained_variance      | 0.106       |
|    learning_rate           | 0.0003      |
|    loss                    | 86.2        |
|    n_updates               | 1200        |
|    policy_gradient_loss    | -0.00937    |
|    std                     | 0.808       |
|    value_loss              | 97.2        |
--------------------------------------------
--------------------------------------------
| curriculum/                |             |
|    stage                   | 2           |
|    window_cost             | 0.2         |
|    window_route_completion | 0.698       |
|    window_success          | 0.0333      |
| paper/                     |             |
|    accel_variation         | 0.263       |
|    base_reward             | 304         |
|    collision               | 0           |
|    crash_object            | 0           |
|    crash_vehicle           | 0           |
|    episode_cost            | 0           |
|    episode_length          | 1000        |
|    jerk                    | 0.247       |
|    lane_deviation          | 0.317       |
|    max_lane_deviation      | 1.33        |
|    mean_speed_kmh          | 15.3        |
|    min_ttc                 | 2.92        |
|    out_of_road             | 0           |
|    route_completion        | 0.711       |
|    shaped_reward           | 39.3        |
|    steering_variation      | 0.638       |
|    success                 | 0           |
|    ttc_risk                | 0.00895     |
| rollout/                   |             |
|    ep_len_mean             | 682         |
|    ep_rew_mean             | -26         |
|    success_rate            | 0.21        |
| time/                      |             |
|    fps                     | 192         |
|    iterations              | 122         |
|    time_elapsed            | 1298        |
|    total_timesteps         | 249856      |
| train/                     |             |
|    approx_kl               | 0.023104057 |
|    clip_fraction           | 0.138       |
|    clip_range              | 0.2         |
|    entropy_loss            | -2.4        |
|    explained_variance      | 0.559       |
|    learning_rate           | 0.0003      |
|    loss                    | 5.1         |
|    n_updates               | 1210        |
|    policy_gradient_loss    | 0.00026     |
|    std                     | 0.802       |
|    value_loss              | 11.3        |
--------------------------------------------
--------------------------------------------
| curriculum/                |             |
|    stage                   | 2           |
|    window_cost             | 0.233       |
|    window_route_completion | 0.685       |
|    window_success          | 0.0667      |
| paper/                     |             |
|    accel_variation         | 0.296       |
|    base_reward             | 13.7        |
|    collision               | 0           |
|    crash_object            | 0           |
|    crash_vehicle           | 0           |
|    episode_cost            | 1           |
|    episode_length          | 239         |
|    jerk                    | 0.276       |
|    lane_deviation          | 0.933       |
|    max_lane_deviation      | 2           |
|    mean_speed_kmh          | 16.3        |
|    min_ttc                 | nan         |
|    out_of_road             | 1           |
|    route_completion        | 0.199       |
|    shaped_reward           | -257        |
|    steering_variation      | 0.605       |
|    success                 | 0           |
|    ttc_risk                | 0           |
| rollout/                   |             |
|    ep_len_mean             | 685         |
|    ep_rew_mean             | -29.2       |
|    success_rate            | 0.21        |
| time/                      |             |
|    fps                     | 191         |
|    iterations              | 123         |
|    time_elapsed            | 1314        |
|    total_timesteps         | 251904      |
| train/                     |             |
|    approx_kl               | 0.058985718 |
|    clip_fraction           | 0.136       |
|    clip_range              | 0.2         |
|    entropy_loss            | -2.39       |
|    explained_variance      | 0.507       |
|    learning_rate           | 0.0003      |
|    loss                    | 7.47        |
|    n_updates               | 1220        |
|    policy_gradient_loss    | -5.41e-05   |
|    std                     | 0.797       |
|    value_loss              | 16.6        |
--------------------------------------------
-------------------------------------------
| curriculum/                |            |
|    stage                   | 2          |
|    window_cost             | 0.233      |
|    window_route_completion | 0.685      |
|    window_success          | 0.0667     |
| paper/                     |            |
|    accel_variation         | 0.179      |
|    base_reward             | 229        |
|    collision               | 0          |
|    crash_object            | 0          |
|    crash_vehicle           | 0          |
|    episode_cost            | 0          |
|    episode_length          | 1000       |
|    jerk                    | 0.183      |
|    lane_deviation          | 0.475      |
|    max_lane_deviation      | 1.44       |
|    mean_speed_kmh          | 15         |
|    min_ttc                 | 0.00512    |
|    out_of_road             | 0          |
|    route_completion        | 0.872      |
|    shaped_reward           | -161       |
|    steering_variation      | 0.626      |
|    success                 | 0          |
|    ttc_risk                | 0.031      |
| rollout/                   |            |
|    ep_len_mean             | 694        |
|    ep_rew_mean             | -26.7      |
|    success_rate            | 0.21       |
| time/                      |            |
|    fps                     | 191        |
|    iterations              | 124        |
|    time_elapsed            | 1328       |
|    total_timesteps         | 253952     |
| train/                     |            |
|    approx_kl               | 0.00352707 |
|    clip_fraction           | 0.0749     |
|    clip_range              | 0.2        |
|    entropy_loss            | -2.38      |
|    explained_variance      | 0.179      |
|    learning_rate           | 0.0003     |
|    loss                    | 84.8       |
|    n_updates               | 1230       |
|    policy_gradient_loss    | -0.000442  |
|    std                     | 0.795      |
|    value_loss              | 192        |
-------------------------------------------
-------------------------------------------
| curriculum/                |            |
|    stage                   | 2          |
|    window_cost             | 0.233      |
|    window_route_completion | 0.689      |
|    window_success          | 0.0667     |
| paper/                     |            |
|    accel_variation         | 0.243      |
|    base_reward             | 90.7       |
|    collision               | 0          |
|    crash_object            | 0          |
|    crash_vehicle           | 0          |
|    episode_cost            | 1          |
|    episode_length          | 632        |
|    jerk                    | 0.222      |
|    lane_deviation          | 0.722      |
|    max_lane_deviation      | 2          |
|    mean_speed_kmh          | 15.3       |
|    min_ttc                 | 3.95       |
|    out_of_road             | 1          |
|    route_completion        | 0.461      |
|    shaped_reward           | -345       |
|    steering_variation      | 0.586      |
|    success                 | 0          |
|    ttc_risk                | 0.00587    |
| rollout/                   |            |
|    ep_len_mean             | 699        |
|    ep_rew_mean             | -28.9      |
|    success_rate            | 0.21       |
| time/                      |            |
|    fps                     | 190        |
|    iterations              | 125        |
|    time_elapsed            | 1343       |
|    total_timesteps         | 256000     |
| train/                     |            |
|    approx_kl               | 0.02688424 |
|    clip_fraction           | 0.253      |
|    clip_range              | 0.2        |
|    entropy_loss            | -2.38      |
|    explained_variance      | 0.519      |
|    learning_rate           | 0.0003     |
|    loss                    | 2.74       |
|    n_updates               | 1240       |
|    policy_gradient_loss    | 0.00367    |
|    std                     | 0.796      |
|    value_loss              | 7.57       |
-------------------------------------------
--------------------------------------------
| curriculum/                |             |
|    stage                   | 2           |
|    window_cost             | 0.2         |
|    window_route_completion | 0.701       |
|    window_success          | 0.0667      |
| paper/                     |             |
|    accel_variation         | 0.261       |
|    base_reward             | 243         |
|    collision               | 0           |
|    crash_object            | 0           |
|    crash_vehicle           | 0           |
|    episode_cost            | 0           |
|    episode_length          | 1000        |
|    jerk                    | 0.247       |
|    lane_deviation          | 0.464       |
|    max_lane_deviation      | 1.86        |
|    mean_speed_kmh          | 15.5        |
|    min_ttc                 | 0.0178      |
|    out_of_road             | 0           |
|    route_completion        | 0.737       |
|    shaped_reward           | -155        |
|    steering_variation      | 0.614       |
|    success                 | 0           |
|    ttc_risk                | 0.0279      |
| rollout/                   |             |
|    ep_len_mean             | 707         |
|    ep_rew_mean             | -31         |
|    success_rate            | 0.21        |
| time/                      |             |
|    fps                     | 190         |
|    iterations              | 126         |
|    time_elapsed            | 1358        |
|    total_timesteps         | 258048      |
| train/                     |             |
|    approx_kl               | 0.007111981 |
|    clip_fraction           | 0.303       |
|    clip_range              | 0.2         |
|    entropy_loss            | -2.38       |
|    explained_variance      | 0.367       |
|    learning_rate           | 0.0003      |
|    loss                    | 19.6        |
|    n_updates               | 1250        |
|    policy_gradient_loss    | 0.0253      |
|    std                     | 0.796       |
|    value_loss              | 68.4        |
--------------------------------------------
---------------------------------------------
| curriculum/                |              |
|    stage                   | 2            |
|    window_cost             | 0.233        |
|    window_route_completion | 0.707        |
|    window_success          | 0.0667       |
| paper/                     |              |
|    accel_variation         | 0.256        |
|    base_reward             | 100          |
|    collision               | 1            |
|    crash_object            | 0            |
|    crash_vehicle           | 1            |
|    episode_cost            | 1            |
|    episode_length          | 453          |
|    jerk                    | 0.258        |
|    lane_deviation          | 0.428        |
|    max_lane_deviation      | 1.35         |
|    mean_speed_kmh          | 14.9         |
|    min_ttc                 | 0.309        |
|    out_of_road             | 0            |
|    route_completion        | 0.36         |
|    shaped_reward           | -185         |
|    steering_variation      | 0.601        |
|    success                 | 0            |
|    ttc_risk                | 0.0254       |
| rollout/                   |              |
|    ep_len_mean             | 715          |
|    ep_rew_mean             | -32.5        |
|    success_rate            | 0.2          |
| time/                      |              |
|    fps                     | 189          |
|    iterations              | 127          |
|    time_elapsed            | 1373         |
|    total_timesteps         | 260096       |
| train/                     |              |
|    approx_kl               | 0.0075371927 |
|    clip_fraction           | 0.178        |
|    clip_range              | 0.2          |
|    entropy_loss            | -2.38        |
|    explained_variance      | 0.583        |
|    learning_rate           | 0.0003       |
|    loss                    | 9.99         |
|    n_updates               | 1260         |
|    policy_gradient_loss    | -0.00512     |
|    std                     | 0.793        |
|    value_loss              | 32           |
---------------------------------------------
-------------------------------------------
| curriculum/                |            |
|    stage                   | 2          |
|    window_cost             | 0.267      |
|    window_route_completion | 0.7        |
|    window_success          | 0.0667     |
| paper/                     |            |
|    accel_variation         | 0.258      |
|    base_reward             | 306        |
|    collision               | 0          |
|    crash_object            | 0          |
|    crash_vehicle           | 0          |
|    episode_cost            | 0          |
|    episode_length          | 1000       |
|    jerk                    | 0.232      |
|    lane_deviation          | 0.341      |
|    max_lane_deviation      | 1.02       |
|    mean_speed_kmh          | 16         |
|    min_ttc                 | 15.8       |
|    out_of_road             | 0          |
|    route_completion        | 0.711      |
|    shaped_reward           | 72.5       |
|    steering_variation      | 0.604      |
|    success                 | 0          |
|    ttc_risk                | 0          |
| rollout/                   |            |
|    ep_len_mean             | 718        |
|    ep_rew_mean             | -35.1      |
|    success_rate            | 0.18       |
| time/                      |            |
|    fps                     | 188        |
|    iterations              | 128        |
|    time_elapsed            | 1387       |
|    total_timesteps         | 262144     |
| train/                     |            |
|    approx_kl               | 0.01491951 |
|    clip_fraction           | 0.128      |
|    clip_range              | 0.2        |
|    entropy_loss            | -2.37      |
|    explained_variance      | 0.698      |
|    learning_rate           | 0.0003     |
|    loss                    | 33.6       |
|    n_updates               | 1270       |
|    policy_gradient_loss    | -0.00454   |
|    std                     | 0.792      |
|    value_loss              | 72.6       |
-------------------------------------------
--------------------------------------------
| curriculum/                |             |
|    stage                   | 2           |
|    window_cost             | 0.267       |
|    window_route_completion | 0.707       |
|    window_success          | 0.0667      |
| paper/                     |             |
|    accel_variation         | 0.192       |
|    base_reward             | 62          |
|    collision               | 0           |
|    crash_object            | 0           |
|    crash_vehicle           | 0           |
|    episode_cost            | 1           |
|    episode_length          | 359         |
|    jerk                    | 0.179       |
|    lane_deviation          | 0.431       |
|    max_lane_deviation      | 1.4         |
|    mean_speed_kmh          | 12.5        |
|    min_ttc                 | 0.0778      |
|    out_of_road             | 1           |
|    route_completion        | 0.265       |
|    shaped_reward           | -271        |
|    steering_variation      | 0.673       |
|    success                 | 0           |
|    ttc_risk                | 0.0842      |
| rollout/                   |             |
|    ep_len_mean             | 724         |
|    ep_rew_mean             | -37.6       |
|    success_rate            | 0.18        |
| time/                      |             |
|    fps                     | 188         |
|    iterations              | 129         |
|    time_elapsed            | 1403        |
|    total_timesteps         | 264192      |
| train/                     |             |
|    approx_kl               | 0.006545392 |
|    clip_fraction           | 0.0661      |
|    clip_range              | 0.2         |
|    entropy_loss            | -2.37       |
|    explained_variance      | 0.419       |
|    learning_rate           | 0.0003      |
|    loss                    | 38.3        |
|    n_updates               | 1280        |
|    policy_gradient_loss    | -0.00362    |
|    std                     | 0.791       |
|    value_loss              | 115         |
--------------------------------------------
---------------------------------------------
| curriculum/                |              |
|    stage                   | 2            |
|    window_cost             | 0.3          |
|    window_route_completion | 0.689        |
|    window_success          | 0.0667       |
| paper/                     |              |
|    accel_variation         | 0.248        |
|    base_reward             | 263          |
|    collision               | 0            |
|    crash_object            | 0            |
|    crash_vehicle           | 0            |
|    episode_cost            | 0            |
|    episode_length          | 1000         |
|    jerk                    | 0.232        |
|    lane_deviation          | 0.485        |
|    max_lane_deviation      | 1.68         |
|    mean_speed_kmh          | 16.9         |
|    min_ttc                 | 29.4         |
|    out_of_road             | 0            |
|    route_completion        | 0.73         |
|    shaped_reward           | -31.9        |
|    steering_variation      | 0.608        |
|    success                 | 0            |
|    ttc_risk                | 0            |
| rollout/                   |              |
|    ep_len_mean             | 723          |
|    ep_rew_mean             | -41.2        |
|    success_rate            | 0.17         |
| time/                      |              |
|    fps                     | 187          |
|    iterations              | 130          |
|    time_elapsed            | 1418         |
|    total_timesteps         | 266240       |
| train/                     |              |
|    approx_kl               | 0.0094013605 |
|    clip_fraction           | 0.0819       |
|    clip_range              | 0.2          |
|    entropy_loss            | -2.37        |
|    explained_variance      | 0.646        |
|    learning_rate           | 0.0003       |
|    loss                    | 32           |
|    n_updates               | 1290         |
|    policy_gradient_loss    | -0.00416     |
|    std                     | 0.792        |
|    value_loss              | 66.4         |
---------------------------------------------
---------------------------------------------
| curriculum/                |              |
|    stage                   | 2            |
|    window_cost             | 0.3          |
|    window_route_completion | 0.677        |
|    window_success          | 0.0667       |
| paper/                     |              |
|    accel_variation         | 0.255        |
|    base_reward             | 48.7         |
|    collision               | 0            |
|    crash_object            | 0            |
|    crash_vehicle           | 0            |
|    episode_cost            | 1            |
|    episode_length          | 320          |
|    jerk                    | 0.26         |
|    lane_deviation          | 0.454        |
|    max_lane_deviation      | 2            |
|    mean_speed_kmh          | 12           |
|    min_ttc                 | 0.0787       |
|    out_of_road             | 1            |
|    route_completion        | 0.22         |
|    shaped_reward           | -257         |
|    steering_variation      | 0.591        |
|    success                 | 0            |
|    ttc_risk                | 0.0579       |
| rollout/                   |              |
|    ep_len_mean             | 723          |
|    ep_rew_mean             | -43.1        |
|    success_rate            | 0.17         |
| time/                      |              |
|    fps                     | 187          |
|    iterations              | 131          |
|    time_elapsed            | 1433         |
|    total_timesteps         | 268288       |
| train/                     |              |
|    approx_kl               | 0.0044252006 |
|    clip_fraction           | 0.0942       |
|    clip_range              | 0.2          |
|    entropy_loss            | -2.37        |
|    explained_variance      | 0.299        |
|    learning_rate           | 0.0003       |
|    loss                    | 32.7         |
|    n_updates               | 1300         |
|    policy_gradient_loss    | -0.0072      |
|    std                     | 0.792        |
|    value_loss              | 82.9         |
---------------------------------------------
---------------------------------------------
| curriculum/                |              |
|    stage                   | 2            |
|    window_cost             | 0.3          |
|    window_route_completion | 0.664        |
|    window_success          | 0.0667       |
| paper/                     |              |
|    accel_variation         | 0.242        |
|    base_reward             | 343          |
|    collision               | 0            |
|    crash_object            | 0            |
|    crash_vehicle           | 0            |
|    episode_cost            | 0            |
|    episode_length          | 1000         |
|    jerk                    | 0.228        |
|    lane_deviation          | 0.282        |
|    max_lane_deviation      | 1.67         |
|    mean_speed_kmh          | 16.4         |
|    min_ttc                 | 6.43         |
|    out_of_road             | 0            |
|    route_completion        | 0.758        |
|    shaped_reward           | 104          |
|    steering_variation      | 0.613        |
|    success                 | 0            |
|    ttc_risk                | 0            |
| rollout/                   |              |
|    ep_len_mean             | 736          |
|    ep_rew_mean             | -43.9        |
|    success_rate            | 0.16         |
| time/                      |              |
|    fps                     | 186          |
|    iterations              | 132          |
|    time_elapsed            | 1449         |
|    total_timesteps         | 270336       |
| train/                     |              |
|    approx_kl               | 0.0057234354 |
|    clip_fraction           | 0.0563       |
|    clip_range              | 0.2          |
|    entropy_loss            | -2.37        |
|    explained_variance      | 0.412        |
|    learning_rate           | 0.0003       |
|    loss                    | 33.9         |
|    n_updates               | 1310         |
|    policy_gradient_loss    | -0.00383     |
|    std                     | 0.792        |
|    value_loss              | 104          |
---------------------------------------------
--------------------------------------------
| curriculum/                |             |
|    stage                   | 2           |
|    window_cost             | 0.267       |
|    window_route_completion | 0.687       |
|    window_success          | 0.0667      |
| paper/                     |             |
|    accel_variation         | 0.284       |
|    base_reward             | 335         |
|    collision               | 0           |
|    crash_object            | 0           |
|    crash_vehicle           | 0           |
|    episode_cost            | 0           |
|    episode_length          | 1000        |
|    jerk                    | 0.249       |
|    lane_deviation          | 0.291       |
|    max_lane_deviation      | 1.14        |
|    mean_speed_kmh          | 16.4        |
|    min_ttc                 | 6.4         |
|    out_of_road             | 0           |
|    route_completion        | 0.891       |
|    shaped_reward           | 114         |
|    steering_variation      | 0.638       |
|    success                 | 0           |
|    ttc_risk                | 0           |
| rollout/                   |             |
|    ep_len_mean             | 749         |
|    ep_rew_mean             | -41.8       |
|    success_rate            | 0.15        |
| time/                      |             |
|    fps                     | 185         |
|    iterations              | 133         |
|    time_elapsed            | 1465        |
|    total_timesteps         | 272384      |
| train/                     |             |
|    approx_kl               | 0.007822028 |
|    clip_fraction           | 0.0948      |
|    clip_range              | 0.2         |
|    entropy_loss            | -2.37       |
|    explained_variance      | 0.744       |
|    learning_rate           | 0.0003      |
|    loss                    | 8.68        |
|    n_updates               | 1320        |
|    policy_gradient_loss    | -0.000861   |
|    std                     | 0.793       |
|    value_loss              | 21.4        |
--------------------------------------------
-------------------------------------------
| curriculum/                |            |
|    stage                   | 2          |
|    window_cost             | 0.3        |
|    window_route_completion | 0.648      |
|    window_success          | 0.0667     |
| paper/                     |            |
|    accel_variation         | 0.275      |
|    base_reward             | 332        |
|    collision               | 0          |
|    crash_object            | 0          |
|    crash_vehicle           | 0          |
|    episode_cost            | 0          |
|    episode_length          | 1000       |
|    jerk                    | 0.244      |
|    lane_deviation          | 0.254      |
|    max_lane_deviation      | 1.18       |
|    mean_speed_kmh          | 15.5       |
|    min_ttc                 | 7.62       |
|    out_of_road             | 0          |
|    route_completion        | 0.572      |
|    shaped_reward           | 117        |
|    steering_variation      | 0.663      |
|    success                 | 0          |
|    ttc_risk                | 0          |
| rollout/                   |            |
|    ep_len_mean             | 764        |
|    ep_rew_mean             | -36.6      |
|    success_rate            | 0.15       |
| time/                      |            |
|    fps                     | 185        |
|    iterations              | 134        |
|    time_elapsed            | 1482       |
|    total_timesteps         | 274432     |
| train/                     |            |
|    approx_kl               | 0.02188592 |
|    clip_fraction           | 0.0726     |
|    clip_range              | 0.2        |
|    entropy_loss            | -2.37      |
|    explained_variance      | 0.817      |
|    learning_rate           | 0.0003     |
|    loss                    | 3.5        |
|    n_updates               | 1330       |
|    policy_gradient_loss    | -0.00216   |
|    std                     | 0.789      |
|    value_loss              | 9.87       |
-------------------------------------------
-------------------------------------------
| curriculum/                |            |
|    stage                   | 2          |
|    window_cost             | 0.333      |
|    window_route_completion | 0.643      |
|    window_success          | 0.0333     |
| paper/                     |            |
|    accel_variation         | 0.267      |
|    base_reward             | 298        |
|    collision               | 0          |
|    crash_object            | 0          |
|    crash_vehicle           | 0          |
|    episode_cost            | 1          |
|    episode_length          | 992        |
|    jerk                    | 0.25       |
|    lane_deviation          | 0.331      |
|    max_lane_deviation      | 1.66       |
|    mean_speed_kmh          | 16.2       |
|    min_ttc                 | 2.23       |
|    out_of_road             | 1          |
|    route_completion        | 0.702      |
|    shaped_reward           | -83.8      |
|    steering_variation      | 0.601      |
|    success                 | 0          |
|    ttc_risk                | 0.00535    |
| rollout/                   |            |
|    ep_len_mean             | 777        |
|    ep_rew_mean             | -34.3      |
|    success_rate            | 0.15       |
| time/                      |            |
|    fps                     | 184        |
|    iterations              | 135        |
|    time_elapsed            | 1497       |
|    total_timesteps         | 276480     |
| train/                     |            |
|    approx_kl               | 0.01418658 |
|    clip_fraction           | 0.135      |
|    clip_range              | 0.2        |
|    entropy_loss            | -2.36      |
|    explained_variance      | 0.297      |
|    learning_rate           | 0.0003     |
|    loss                    | 51.1       |
|    n_updates               | 1340       |
|    policy_gradient_loss    | -0.00159   |
|    std                     | 0.787      |
|    value_loss              | 71.1       |
-------------------------------------------
--------------------------------------------
| curriculum/                |             |
|    stage                   | 2           |
|    window_cost             | 0.333       |
|    window_route_completion | 0.649       |
|    window_success          | 0.0333      |
| paper/                     |             |
|    accel_variation         | 0.24        |
|    base_reward             | 79.3        |
|    collision               | 0           |
|    crash_object            | 0           |
|    crash_vehicle           | 0           |
|    episode_cost            | 1           |
|    episode_length          | 430         |
|    jerk                    | 0.229       |
|    lane_deviation          | 0.452       |
|    max_lane_deviation      | 1.33        |
|    mean_speed_kmh          | 16          |
|    min_ttc                 | nan         |
|    out_of_road             | 1           |
|    route_completion        | 0.261       |
|    shaped_reward           | -151        |
|    steering_variation      | 0.595       |
|    success                 | 0           |
|    ttc_risk                | 0           |
| rollout/                   |             |
|    ep_len_mean             | 785         |
|    ep_rew_mean             | -36.4       |
|    success_rate            | 0.14        |
| time/                      |             |
|    fps                     | 184         |
|    iterations              | 136         |
|    time_elapsed            | 1512        |
|    total_timesteps         | 278528      |
| train/                     |             |
|    approx_kl               | 0.014350979 |
|    clip_fraction           | 0.162       |
|    clip_range              | 0.2         |
|    entropy_loss            | -2.36       |
|    explained_variance      | 0.422       |
|    learning_rate           | 0.0003      |
|    loss                    | 35.7        |
|    n_updates               | 1350        |
|    policy_gradient_loss    | 0.00383     |
|    std                     | 0.787       |
|    value_loss              | 82.1        |
--------------------------------------------
---------------------------------------------
| curriculum/                |              |
|    stage                   | 2            |
|    window_cost             | 0.367        |
|    window_route_completion | 0.631        |
|    window_success          | 0.0333       |
| paper/                     |              |
|    accel_variation         | 0.223        |
|    base_reward             | 299          |
|    collision               | 0            |
|    crash_object            | 0            |
|    crash_vehicle           | 0            |
|    episode_cost            | 0            |
|    episode_length          | 1000         |
|    jerk                    | 0.215        |
|    lane_deviation          | 0.295        |
|    max_lane_deviation      | 0.994        |
|    mean_speed_kmh          | 14.9         |
|    min_ttc                 | 4.66         |
|    out_of_road             | 0            |
|    route_completion        | 0.887        |
|    shaped_reward           | 95.8         |
|    steering_variation      | 0.611        |
|    success                 | 0            |
|    ttc_risk                | 0.000418     |
| rollout/                   |              |
|    ep_len_mean             | 784          |
|    ep_rew_mean             | -37          |
|    success_rate            | 0.14         |
| time/                      |              |
|    fps                     | 183          |
|    iterations              | 137          |
|    time_elapsed            | 1527         |
|    total_timesteps         | 280576       |
| train/                     |              |
|    approx_kl               | 0.0049869022 |
|    clip_fraction           | 0.0677       |
|    clip_range              | 0.2          |
|    entropy_loss            | -2.36        |
|    explained_variance      | 0.138        |
|    learning_rate           | 0.0003       |
|    loss                    | 64.5         |
|    n_updates               | 1360         |
|    policy_gradient_loss    | -0.0026      |
|    std                     | 0.79         |
|    value_loss              | 127          |
---------------------------------------------
--------------------------------------------
| curriculum/                |             |
|    stage                   | 2           |
|    window_cost             | 0.333       |
|    window_route_completion | 0.641       |
|    window_success          | 0.0333      |
| paper/                     |             |
|    accel_variation         | 0.231       |
|    base_reward             | 274         |
|    collision               | 0           |
|    crash_object            | 0           |
|    crash_vehicle           | 0           |
|    episode_cost            | 0           |
|    episode_length          | 1000        |
|    jerk                    | 0.215       |
|    lane_deviation          | 0.378       |
|    max_lane_deviation      | 1.19        |
|    mean_speed_kmh          | 15.4        |
|    min_ttc                 | 14.7        |
|    out_of_road             | 0           |
|    route_completion        | 0.775       |
|    shaped_reward           | 37.3        |
|    steering_variation      | 0.613       |
|    success                 | 0           |
|    ttc_risk                | 0           |
| rollout/                   |             |
|    ep_len_mean             | 790         |
|    ep_rew_mean             | -34.9       |
|    success_rate            | 0.14        |
| time/                      |             |
|    fps                     | 183         |
|    iterations              | 138         |
|    time_elapsed            | 1542        |
|    total_timesteps         | 282624      |
| train/                     |             |
|    approx_kl               | 0.019446123 |
|    clip_fraction           | 0.182       |
|    clip_range              | 0.2         |
|    entropy_loss            | -2.37       |
|    explained_variance      | 0.173       |
|    learning_rate           | 0.0003      |
|    loss                    | 30.3        |
|    n_updates               | 1370        |
|    policy_gradient_loss    | -0.00207    |
|    std                     | 0.791       |
|    value_loss              | 55.5        |
--------------------------------------------
--------------------------------------------
| curriculum/                |             |
|    stage                   | 2           |
|    window_cost             | 0.333       |
|    window_route_completion | 0.636       |
|    window_success          | 0.0333      |
| paper/                     |             |
|    accel_variation         | 0.239       |
|    base_reward             | 277         |
|    collision               | 0           |
|    crash_object            | 0           |
|    crash_vehicle           | 0           |
|    episode_cost            | 0           |
|    episode_length          | 1000        |
|    jerk                    | 0.213       |
|    lane_deviation          | 0.397       |
|    max_lane_deviation      | 1.05        |
|    mean_speed_kmh          | 16.4        |
|    min_ttc                 | 13.8        |
|    out_of_road             | 0           |
|    route_completion        | 0.596       |
|    shaped_reward           | 31.1        |
|    steering_variation      | 0.632       |
|    success                 | 0           |
|    ttc_risk                | 0           |
| rollout/                   |             |
|    ep_len_mean             | 799         |
|    ep_rew_mean             | -33.7       |
|    success_rate            | 0.14        |
| time/                      |             |
|    fps                     | 182         |
|    iterations              | 139         |
|    time_elapsed            | 1557        |
|    total_timesteps         | 284672      |
| train/                     |             |
|    approx_kl               | 0.012088139 |
|    clip_fraction           | 0.305       |
|    clip_range              | 0.2         |
|    entropy_loss            | -2.37       |
|    explained_variance      | 0.458       |
|    learning_rate           | 0.0003      |
|    loss                    | 6.4         |
|    n_updates               | 1380        |
|    policy_gradient_loss    | 0.00288     |
|    std                     | 0.796       |
|    value_loss              | 27.5        |
--------------------------------------------
--------------------------------------------
| curriculum/                |             |
|    stage                   | 2           |
|    window_cost             | 0.267       |
|    window_route_completion | 0.659       |
|    window_success          | 0.0667      |
| paper/                     |             |
|    accel_variation         | 0.25        |
|    base_reward             | 359         |
|    collision               | 0           |
|    crash_object            | 0           |
|    crash_vehicle           | 0           |
|    episode_cost            | 0           |
|    episode_length          | 922         |
|    jerk                    | 0.248       |
|    lane_deviation          | 0.224       |
|    max_lane_deviation      | 0.98        |
|    mean_speed_kmh          | 16.6        |
|    min_ttc                 | 5.12        |
|    out_of_road             | 0           |
|    route_completion        | 0.989       |
|    shaped_reward           | 210         |
|    steering_variation      | 0.617       |
|    success                 | 1           |
|    ttc_risk                | 0.000314    |
| rollout/                   |             |
|    ep_len_mean             | 808         |
|    ep_rew_mean             | -32.9       |
|    success_rate            | 0.13        |
| time/                      |             |
|    fps                     | 182         |
|    iterations              | 140         |
|    time_elapsed            | 1572        |
|    total_timesteps         | 286720      |
| train/                     |             |
|    approx_kl               | 0.091348104 |
|    clip_fraction           | 0.556       |
|    clip_range              | 0.2         |
|    entropy_loss            | -2.39       |
|    explained_variance      | 0.563       |
|    learning_rate           | 0.0003      |
|    loss                    | 2.08        |
|    n_updates               | 1390        |
|    policy_gradient_loss    | 0.111       |
|    std                     | 0.804       |
|    value_loss              | 4.33        |
--------------------------------------------
---------------------------------------------
| curriculum/                |              |
|    stage                   | 2            |
|    window_cost             | 0.267        |
|    window_route_completion | 0.658        |
|    window_success          | 0.0667       |
| paper/                     |              |
|    accel_variation         | 0.22         |
|    base_reward             | 238          |
|    collision               | 0            |
|    crash_object            | 0            |
|    crash_vehicle           | 0            |
|    episode_cost            | 0            |
|    episode_length          | 1000         |
|    jerk                    | 0.219        |
|    lane_deviation          | 0.431        |
|    max_lane_deviation      | 1.37         |
|    mean_speed_kmh          | 15           |
|    min_ttc                 | 1.26         |
|    out_of_road             | 0            |
|    route_completion        | 0.664        |
|    shaped_reward           | -21.8        |
|    steering_variation      | 0.585        |
|    success                 | 0            |
|    ttc_risk                | 0.00225      |
| rollout/                   |              |
|    ep_len_mean             | 820          |
|    ep_rew_mean             | -31.1        |
|    success_rate            | 0.12         |
| time/                      |              |
|    fps                     | 181          |
|    iterations              | 141          |
|    time_elapsed            | 1588         |
|    total_timesteps         | 288768       |
| train/                     |              |
|    approx_kl               | 0.0066885646 |
|    clip_fraction           | 0.175        |
|    clip_range              | 0.2          |
|    entropy_loss            | -2.4         |
|    explained_variance      | 0.292        |
|    learning_rate           | 0.0003       |
|    loss                    | 5.3          |
|    n_updates               | 1400         |
|    policy_gradient_loss    | 0.00374      |
|    std                     | 0.8          |
|    value_loss              | 11.4         |
---------------------------------------------
---------------------------------------------
| curriculum/                |              |
|    stage                   | 2            |
|    window_cost             | 0.2          |
|    window_route_completion | 0.684        |
|    window_success          | 0.0667       |
| paper/                     |              |
|    accel_variation         | 0.178        |
|    base_reward             | 271          |
|    collision               | 0            |
|    crash_object            | 0            |
|    crash_vehicle           | 0            |
|    episode_cost            | 0            |
|    episode_length          | 1000         |
|    jerk                    | 0.168        |
|    lane_deviation          | 0.342        |
|    max_lane_deviation      | 1.46         |
|    mean_speed_kmh          | 14.6         |
|    min_ttc                 | 0.0912       |
|    out_of_road             | 0            |
|    route_completion        | 0.777        |
|    shaped_reward           | -23.4        |
|    steering_variation      | 0.587        |
|    success                 | 0            |
|    ttc_risk                | 0.0176       |
| rollout/                   |              |
|    ep_len_mean             | 829          |
|    ep_rew_mean             | -30          |
|    success_rate            | 0.1          |
| time/                      |              |
|    fps                     | 181          |
|    iterations              | 142          |
|    time_elapsed            | 1603         |
|    total_timesteps         | 290816       |
| train/                     |              |
|    approx_kl               | 0.0074862633 |
|    clip_fraction           | 0.102        |
|    clip_range              | 0.2          |
|    entropy_loss            | -2.39        |
|    explained_variance      | 0.836        |
|    learning_rate           | 0.0003       |
|    loss                    | 3.09         |
|    n_updates               | 1410         |
|    policy_gradient_loss    | -0.00562     |
|    std                     | 0.796        |
|    value_loss              | 11.6         |
---------------------------------------------
---------------------------------------------
| curriculum/                |              |
|    stage                   | 2            |
|    window_cost             | 0.2          |
|    window_route_completion | 0.682        |
|    window_success          | 0.0667       |
| paper/                     |              |
|    accel_variation         | 0.19         |
|    base_reward             | 283          |
|    collision               | 0            |
|    crash_object            | 0            |
|    crash_vehicle           | 0            |
|    episode_cost            | 0            |
|    episode_length          | 1000         |
|    jerk                    | 0.181        |
|    lane_deviation          | 0.411        |
|    max_lane_deviation      | 1.22         |
|    mean_speed_kmh          | 16.5         |
|    min_ttc                 | nan          |
|    out_of_road             | 0            |
|    route_completion        | 0.703        |
|    shaped_reward           | 28           |
|    steering_variation      | 0.587        |
|    success                 | 0            |
|    ttc_risk                | 0            |
| rollout/                   |              |
|    ep_len_mean             | 833          |
|    ep_rew_mean             | -30.3        |
|    success_rate            | 0.1          |
| time/                      |              |
|    fps                     | 180          |
|    iterations              | 143          |
|    time_elapsed            | 1619         |
|    total_timesteps         | 292864       |
| train/                     |              |
|    approx_kl               | 0.0034369756 |
|    clip_fraction           | 0.0935       |
|    clip_range              | 0.2          |
|    entropy_loss            | -2.38        |
|    explained_variance      | 0.34         |
|    learning_rate           | 0.0003       |
|    loss                    | 4.59         |
|    n_updates               | 1420         |
|    policy_gradient_loss    | -0.0027      |
|    std                     | 0.793        |
|    value_loss              | 15.5         |
---------------------------------------------
-------------------------------------------
| curriculum/                |            |
|    stage                   | 2          |
|    window_cost             | 0.167      |
|    window_route_completion | 0.696      |
|    window_success          | 0.0333     |
| paper/                     |            |
|    accel_variation         | 0.234      |
|    base_reward             | 299        |
|    collision               | 0          |
|    crash_object            | 0          |
|    crash_vehicle           | 0          |
|    episode_cost            | 0          |
|    episode_length          | 1000       |
|    jerk                    | 0.222      |
|    lane_deviation          | 0.374      |
|    max_lane_deviation      | 1.18       |
|    mean_speed_kmh          | 17.4       |
|    min_ttc                 | nan        |
|    out_of_road             | 0          |
|    route_completion        | 0.755      |
|    shaped_reward           | 57.5       |
|    steering_variation      | 0.568      |
|    success                 | 0          |
|    ttc_risk                | 0          |
| rollout/                   |            |
|    ep_len_mean             | 840        |
|    ep_rew_mean             | -31.4      |
|    success_rate            | 0.08       |
| time/                      |            |
|    fps                     | 180        |
|    iterations              | 144        |
|    time_elapsed            | 1635       |
|    total_timesteps         | 294912     |
| train/                     |            |
|    approx_kl               | 0.05958205 |
|    clip_fraction           | 0.349      |
|    clip_range              | 0.2        |
|    entropy_loss            | -2.35      |
|    explained_variance      | 0.419      |
|    learning_rate           | 0.0003     |
|    loss                    | 1.22       |
|    n_updates               | 1430       |
|    policy_gradient_loss    | 0.0202     |
|    std                     | 0.778      |
|    value_loss              | 3.16       |
-------------------------------------------
--------------------------------------------
| curriculum/                |             |
|    stage                   | 2           |
|    window_cost             | 0.2         |
|    window_route_completion | 0.702       |
|    window_success          | 0.0333      |
| paper/                     |             |
|    accel_variation         | 0.194       |
|    base_reward             | 233         |
|    collision               | 0           |
|    crash_object            | 0           |
|    crash_vehicle           | 0           |
|    episode_cost            | 1           |
|    episode_length          | 915         |
|    jerk                    | 0.189       |
|    lane_deviation          | 0.395       |
|    max_lane_deviation      | 1.05        |
|    mean_speed_kmh          | 16.6        |
|    min_ttc                 | 13.2        |
|    out_of_road             | 1           |
|    route_completion        | 0.807       |
|    shaped_reward           | -103        |
|    steering_variation      | 0.62        |
|    success                 | 0           |
|    ttc_risk                | 0           |
| rollout/                   |             |
|    ep_len_mean             | 846         |
|    ep_rew_mean             | -31.9       |
|    success_rate            | 0.06        |
| time/                      |             |
|    fps                     | 179         |
|    iterations              | 145         |
|    time_elapsed            | 1651        |
|    total_timesteps         | 296960      |
| train/                     |             |
|    approx_kl               | 0.007127376 |
|    clip_fraction           | 0.148       |
|    clip_range              | 0.2         |
|    entropy_loss            | -2.34       |
|    explained_variance      | 0.353       |
|    learning_rate           | 0.0003      |
|    loss                    | 2.95        |
|    n_updates               | 1440        |
|    policy_gradient_loss    | -9.62e-05   |
|    std                     | 0.779       |
|    value_loss              | 10.6        |
--------------------------------------------
-------------------------------------------
| curriculum/                |            |
|    stage                   | 2          |
|    window_cost             | 0.2        |
|    window_route_completion | 0.696      |
|    window_success          | 0.0333     |
| paper/                     |            |
|    accel_variation         | 0.259      |
|    base_reward             | 338        |
|    collision               | 0          |
|    crash_object            | 0          |
|    crash_vehicle           | 0          |
|    episode_cost            | 0          |
|    episode_length          | 1000       |
|    jerk                    | 0.241      |
|    lane_deviation          | 0.292      |
|    max_lane_deviation      | 0.998      |
|    mean_speed_kmh          | 17.1       |
|    min_ttc                 | 2.42       |
|    out_of_road             | 0          |
|    route_completion        | 0.906      |
|    shaped_reward           | 97.8       |
|    steering_variation      | 0.576      |
|    success                 | 0          |
|    ttc_risk                | 0.00585    |
| rollout/                   |            |
|    ep_len_mean             | 854        |
|    ep_rew_mean             | -28.6      |
|    success_rate            | 0.06       |
| time/                      |            |
|    fps                     | 179        |
|    iterations              | 146        |
|    time_elapsed            | 1666       |
|    total_timesteps         | 299008     |
| train/                     |            |
|    approx_kl               | 0.01310483 |
|    clip_fraction           | 0.167      |
|    clip_range              | 0.2        |
|    entropy_loss            | -2.33      |
|    explained_variance      | -8.5e-05   |
|    learning_rate           | 0.0003     |
|    loss                    | 96.2       |
|    n_updates               | 1450       |
|    policy_gradient_loss    | 0.0011     |
|    std                     | 0.773      |
|    value_loss              | 84.3       |
-------------------------------------------
--------------------------------------------
| curriculum/                |             |
|    stage                   | 2           |
|    window_cost             | 0.167       |
|    window_route_completion | 0.725       |
|    window_success          | 0.0333      |
| paper/                     |             |
|    accel_variation         | 0.256       |
|    base_reward             | 291         |
|    collision               | 0           |
|    crash_object            | 0           |
|    crash_vehicle           | 0           |
|    episode_cost            | 0           |
|    episode_length          | 1000        |
|    jerk                    | 0.248       |
|    lane_deviation          | 0.376       |
|    max_lane_deviation      | 1.07        |
|    mean_speed_kmh          | 16.7        |
|    min_ttc                 | 0.0719      |
|    out_of_road             | 0           |
|    route_completion        | 0.827       |
|    shaped_reward           | -78.4       |
|    steering_variation      | 0.627       |
|    success                 | 0           |
|    ttc_risk                | 0.0306      |
| rollout/                   |             |
|    ep_len_mean             | 859         |
|    ep_rew_mean             | -29.5       |
|    success_rate            | 0.05        |
| time/                      |             |
|    fps                     | 179         |
|    iterations              | 147         |
|    time_elapsed            | 1681        |
|    total_timesteps         | 301056      |
| train/                     |             |
|    approx_kl               | 0.042445622 |
|    clip_fraction           | 0.273       |
|    clip_range              | 0.2         |
|    entropy_loss            | -2.32       |
|    explained_variance      | 0.335       |
|    learning_rate           | 0.0003      |
|    loss                    | 3.34        |
|    n_updates               | 1460        |
|    policy_gradient_loss    | 0.0129      |
|    std                     | 0.774       |
|    value_loss              | 6.09        |
--------------------------------------------
--------------------------------------------
| curriculum/                |             |
|    stage                   | 2           |
|    window_cost             | 0.167       |
|    window_route_completion | 0.727       |
|    window_success          | 0.0333      |
| paper/                     |             |
|    accel_variation         | 0.238       |
|    base_reward             | 293         |
|    collision               | 0           |
|    crash_object            | 0           |
|    crash_vehicle           | 0           |
|    episode_cost            | 0           |
|    episode_length          | 1000        |
|    jerk                    | 0.223       |
|    lane_deviation          | 0.371       |
|    max_lane_deviation      | 1.22        |
|    mean_speed_kmh          | 16.6        |
|    min_ttc                 | 5.8         |
|    out_of_road             | 0           |
|    route_completion        | 0.629       |
|    shaped_reward           | 49.2        |
|    steering_variation      | 0.622       |
|    success                 | 0           |
|    ttc_risk                | 3.29e-05    |
| rollout/                   |             |
|    ep_len_mean             | 871         |
|    ep_rew_mean             | -24.9       |
|    success_rate            | 0.05        |
| time/                      |             |
|    fps                     | 178         |
|    iterations              | 148         |
|    time_elapsed            | 1697        |
|    total_timesteps         | 303104      |
| train/                     |             |
|    approx_kl               | 0.002683205 |
|    clip_fraction           | 0.0978      |
|    clip_range              | 0.2         |
|    entropy_loss            | -2.33       |
|    explained_variance      | 0.335       |
|    learning_rate           | 0.0003      |
|    loss                    | 6.16        |
|    n_updates               | 1470        |
|    policy_gradient_loss    | -0.00134    |
|    std                     | 0.774       |
|    value_loss              | 22.4        |
--------------------------------------------
--------------------------------------------
| curriculum/                |             |
|    stage                   | 2           |
|    window_cost             | 0.167       |
|    window_route_completion | 0.707       |
|    window_success          | 0.0333      |
| paper/                     |             |
|    accel_variation         | 0.222       |
|    base_reward             | 160         |
|    collision               | 0           |
|    crash_object            | 0           |
|    crash_vehicle           | 0           |
|    episode_cost            | 1           |
|    episode_length          | 629         |
|    jerk                    | 0.226       |
|    lane_deviation          | 0.345       |
|    max_lane_deviation      | 1.76        |
|    mean_speed_kmh          | 14.2        |
|    min_ttc                 | 0.634       |
|    out_of_road             | 1           |
|    route_completion        | 0.508       |
|    shaped_reward           | -266        |
|    steering_variation      | 0.586       |
|    success                 | 0           |
|    ttc_risk                | 0.0588      |
| rollout/                   |             |
|    ep_len_mean             | 865         |
|    ep_rew_mean             | -28         |
|    success_rate            | 0.05        |
| time/                      |             |
|    fps                     | 178         |
|    iterations              | 149         |
|    time_elapsed            | 1712        |
|    total_timesteps         | 305152      |
| train/                     |             |
|    approx_kl               | 0.005226904 |
|    clip_fraction           | 0.0745      |
|    clip_range              | 0.2         |
|    entropy_loss            | -2.32       |
|    explained_variance      | 0.531       |
|    learning_rate           | 0.0003      |
|    loss                    | 7.02        |
|    n_updates               | 1480        |
|    policy_gradient_loss    | -0.00448    |
|    std                     | 0.772       |
|    value_loss              | 17          |
--------------------------------------------
-------------------------------------------
| curriculum/                |            |
|    stage                   | 2          |
|    window_cost             | 0.133      |
|    window_route_completion | 0.729      |
|    window_success          | 0.0667     |
| paper/                     |            |
|    accel_variation         | 0.149      |
|    base_reward             | 48.9       |
|    collision               | 0          |
|    crash_object            | 0          |
|    crash_vehicle           | 0          |
|    episode_cost            | 1          |
|    episode_length          | 247        |
|    jerk                    | 0.157      |
|    lane_deviation          | 0.253      |
|    max_lane_deviation      | 1.06       |
|    mean_speed_kmh          | 11.8       |
|    min_ttc                 | 3.47       |
|    out_of_road             | 1          |
|    route_completion        | 0.167      |
|    shaped_reward           | -123       |
|    steering_variation      | 0.652      |
|    success                 | 0          |
|    ttc_risk                | 0.00612    |
| rollout/                   |            |
|    ep_len_mean             | 872        |
|    ep_rew_mean             | -25.9      |
|    success_rate            | 0.05       |
| time/                      |            |
|    fps                     | 177        |
|    iterations              | 150        |
|    time_elapsed            | 1728       |
|    total_timesteps         | 307200     |
| train/                     |            |
|    approx_kl               | 0.00895574 |
|    clip_fraction           | 0.0808     |
|    clip_range              | 0.2        |
|    entropy_loss            | -2.32      |
|    explained_variance      | 0.237      |
|    learning_rate           | 0.0003     |
|    loss                    | 37.4       |
|    n_updates               | 1490       |
|    policy_gradient_loss    | -0.00845   |
|    std                     | 0.775      |
|    value_loss              | 183        |
-------------------------------------------
---------------------------------------------
| curriculum/                |              |
|    stage                   | 2            |
|    window_cost             | 0.167        |
|    window_route_completion | 0.724        |
|    window_success          | 0.0667       |
| paper/                     |              |
|    accel_variation         | 0.241        |
|    base_reward             | 307          |
|    collision               | 0            |
|    crash_object            | 0            |
|    crash_vehicle           | 0            |
|    episode_cost            | 0            |
|    episode_length          | 1000         |
|    jerk                    | 0.207        |
|    lane_deviation          | 0.379        |
|    max_lane_deviation      | 0.993        |
|    mean_speed_kmh          | 17.2         |
|    min_ttc                 | 4.17         |
|    out_of_road             | 0            |
|    route_completion        | 0.721        |
|    shaped_reward           | 56.8         |
|    steering_variation      | 0.586        |
|    success                 | 0            |
|    ttc_risk                | 0.0011       |
| rollout/                   |              |
|    ep_len_mean             | 883          |
|    ep_rew_mean             | -24.4        |
|    success_rate            | 0.05         |
| time/                      |              |
|    fps                     | 177          |
|    iterations              | 151          |
|    time_elapsed            | 1743         |
|    total_timesteps         | 309248       |
| train/                     |              |
|    approx_kl               | 0.0058090696 |
|    clip_fraction           | 0.038        |
|    clip_range              | 0.2          |
|    entropy_loss            | -2.33        |
|    explained_variance      | 0.187        |
|    learning_rate           | 0.0003       |
|    loss                    | 38.6         |
|    n_updates               | 1500         |
|    policy_gradient_loss    | -0.0062      |
|    std                     | 0.775        |
|    value_loss              | 106          |
---------------------------------------------
--------------------------------------------
| curriculum/                |             |
|    stage                   | 2           |
|    window_cost             | 0.2         |
|    window_route_completion | 0.72        |
|    window_success          | 0.0667      |
| paper/                     |             |
|    accel_variation         | 0.256       |
|    base_reward             | 274         |
|    collision               | 0           |
|    crash_object            | 0           |
|    crash_vehicle           | 0           |
|    episode_cost            | 0           |
|    episode_length          | 1000        |
|    jerk                    | 0.254       |
|    lane_deviation          | 0.435       |
|    max_lane_deviation      | 1.12        |
|    mean_speed_kmh          | 16.7        |
|    min_ttc                 | 3.16        |
|    out_of_road             | 0           |
|    route_completion        | 0.697       |
|    shaped_reward           | 3.72        |
|    steering_variation      | 0.597       |
|    success                 | 0           |
|    ttc_risk                | 0.00238     |
| rollout/                   |             |
|    ep_len_mean             | 887         |
|    ep_rew_mean             | -22.3       |
|    success_rate            | 0.05        |
| time/                      |             |
|    fps                     | 176         |
|    iterations              | 152         |
|    time_elapsed            | 1760        |
|    total_timesteps         | 311296      |
| train/                     |             |
|    approx_kl               | 0.003348663 |
|    clip_fraction           | 0.0524      |
|    clip_range              | 0.2         |
|    entropy_loss            | -2.33       |
|    explained_variance      | 0.443       |
|    learning_rate           | 0.0003      |
|    loss                    | 34.2        |
|    n_updates               | 1510        |
|    policy_gradient_loss    | -0.00385    |
|    std                     | 0.774       |
|    value_loss              | 79.3        |
--------------------------------------------
--------------------------------------------
| curriculum/                |             |
|    stage                   | 2           |
|    window_cost             | 0.2         |
|    window_route_completion | 0.724       |
|    window_success          | 0.0333      |
| paper/                     |             |
|    accel_variation         | 0.255       |
|    base_reward             | 350         |
|    collision               | 0           |
|    crash_object            | 0           |
|    crash_vehicle           | 0           |
|    episode_cost            | 0           |
|    episode_length          | 1000        |
|    jerk                    | 0.237       |
|    lane_deviation          | 0.29        |
|    max_lane_deviation      | 0.99        |
|    mean_speed_kmh          | 17.3        |
|    min_ttc                 | 1.81        |
|    out_of_road             | 0           |
|    route_completion        | 0.779       |
|    shaped_reward           | 80.7        |
|    steering_variation      | 0.603       |
|    success                 | 0           |
|    ttc_risk                | 0.00842     |
| rollout/                   |             |
|    ep_len_mean             | 892         |
|    ep_rew_mean             | -19.9       |
|    success_rate            | 0.05        |
| time/                      |             |
|    fps                     | 176         |
|    iterations              | 153         |
|    time_elapsed            | 1775        |
|    total_timesteps         | 313344      |
| train/                     |             |
|    approx_kl               | 0.008544151 |
|    clip_fraction           | 0.0869      |
|    clip_range              | 0.2         |
|    entropy_loss            | -2.33       |
|    explained_variance      | 0.244       |
|    learning_rate           | 0.0003      |
|    loss                    | 49.7        |
|    n_updates               | 1520        |
|    policy_gradient_loss    | -0.00457    |
|    std                     | 0.776       |
|    value_loss              | 76.1        |
--------------------------------------------
--------------------------------------------
| curriculum/                |             |
|    stage                   | 2           |
|    window_cost             | 0.2         |
|    window_route_completion | 0.732       |
|    window_success          | 0.0333      |
| paper/                     |             |
|    accel_variation         | 0.221       |
|    base_reward             | 305         |
|    collision               | 0           |
|    crash_object            | 0           |
|    crash_vehicle           | 0           |
|    episode_cost            | 0           |
|    episode_length          | 1000        |
|    jerk                    | 0.215       |
|    lane_deviation          | 0.401       |
|    max_lane_deviation      | 1.27        |
|    mean_speed_kmh          | 17.6        |
|    min_ttc                 | 6.83        |
|    out_of_road             | 0           |
|    route_completion        | 0.915       |
|    shaped_reward           | 52.5        |
|    steering_variation      | 0.571       |
|    success                 | 0           |
|    ttc_risk                | 0           |
| rollout/                   |             |
|    ep_len_mean             | 892         |
|    ep_rew_mean             | -19.7       |
|    success_rate            | 0.05        |
| time/                      |             |
|    fps                     | 176         |
|    iterations              | 154         |
|    time_elapsed            | 1789        |
|    total_timesteps         | 315392      |
| train/                     |             |
|    approx_kl               | 0.010334691 |
|    clip_fraction           | 0.306       |
|    clip_range              | 0.2         |
|    entropy_loss            | -2.34       |
|    explained_variance      | 0.72        |
|    learning_rate           | 0.0003      |
|    loss                    | 3.49        |
|    n_updates               | 1530        |
|    policy_gradient_loss    | 0.02        |
|    std                     | 0.784       |
|    value_loss              | 7.46        |
--------------------------------------------
-------------------------------------------
| curriculum/                |            |
|    stage                   | 2          |
|    window_cost             | 0.2        |
|    window_route_completion | 0.739      |
|    window_success          | 0.0333     |
| paper/                     |            |
|    accel_variation         | 0.175      |
|    base_reward             | 336        |
|    collision               | 0          |
|    crash_object            | 0          |
|    crash_vehicle           | 0          |
|    episode_cost            | 0          |
|    episode_length          | 1000       |
|    jerk                    | 0.173      |
|    lane_deviation          | 0.289      |
|    max_lane_deviation      | 1.04       |
|    mean_speed_kmh          | 16.6       |
|    min_ttc                 | 1.39       |
|    out_of_road             | 0          |
|    route_completion        | 0.794      |
|    shaped_reward           | 76.4       |
|    steering_variation      | 0.565      |
|    success                 | 0          |
|    ttc_risk                | 0.00975    |
| rollout/                   |            |
|    ep_len_mean             | 893        |
|    ep_rew_mean             | -15        |
|    success_rate            | 0.05       |
| time/                      |            |
|    fps                     | 175        |
|    iterations              | 155        |
|    time_elapsed            | 1804       |
|    total_timesteps         | 317440     |
| train/                     |            |
|    approx_kl               | 0.00417542 |
|    clip_fraction           | 0.0305     |
|    clip_range              | 0.2        |
|    entropy_loss            | -2.35      |
|    explained_variance      | 0.449      |
|    learning_rate           | 0.0003     |
|    loss                    | 4.19       |
|    n_updates               | 1540       |
|    policy_gradient_loss    | -0.00612   |
|    std                     | 0.785      |
|    value_loss              | 15.8       |
-------------------------------------------
--------------------------------------------
| curriculum/                |             |
|    stage                   | 2           |
|    window_cost             | 0.2         |
|    window_route_completion | 0.74        |
|    window_success          | 0.0333      |
| paper/                     |             |
|    accel_variation         | 0.225       |
|    base_reward             | 282         |
|    collision               | 0           |
|    crash_object            | 0           |
|    crash_vehicle           | 0           |
|    episode_cost            | 0           |
|    episode_length          | 1000        |
|    jerk                    | 0.232       |
|    lane_deviation          | 0.459       |
|    max_lane_deviation      | 2           |
|    mean_speed_kmh          | 17.8        |
|    min_ttc                 | nan         |
|    out_of_road             | 0           |
|    route_completion        | 0.772       |
|    shaped_reward           | -12.6       |
|    steering_variation      | 0.574       |
|    success                 | 0           |
|    ttc_risk                | 0           |
| rollout/                   |             |
|    ep_len_mean             | 896         |
|    ep_rew_mean             | -13.7       |
|    success_rate            | 0.05        |
| time/                      |             |
|    fps                     | 175         |
|    iterations              | 156         |
|    time_elapsed            | 1819        |
|    total_timesteps         | 319488      |
| train/                     |             |
|    approx_kl               | 0.013280434 |
|    clip_fraction           | 0.202       |
|    clip_range              | 0.2         |
|    entropy_loss            | -2.35       |
|    explained_variance      | 0.539       |
|    learning_rate           | 0.0003      |
|    loss                    | 3.71        |
|    n_updates               | 1550        |
|    policy_gradient_loss    | 0.00203     |
|    std                     | 0.788       |
|    value_loss              | 13.1        |
--------------------------------------------
--------------------------------------------
| curriculum/                |             |
|    stage                   | 2           |
|    window_cost             | 0.2         |
|    window_route_completion | 0.741       |
|    window_success          | 0.0333      |
| paper/                     |             |
|    accel_variation         | 0.211       |
|    base_reward             | 364         |
|    collision               | 0           |
|    crash_object            | 0           |
|    crash_vehicle           | 0           |
|    episode_cost            | 0           |
|    episode_length          | 1000        |
|    jerk                    | 0.204       |
|    lane_deviation          | 0.276       |
|    max_lane_deviation      | 0.995       |
|    mean_speed_kmh          | 17.5        |
|    min_ttc                 | 3.59        |
|    out_of_road             | 0           |
|    route_completion        | 0.981       |
|    shaped_reward           | 136         |
|    steering_variation      | 0.616       |
|    success                 | 0           |
|    ttc_risk                | 0.000801    |
| rollout/                   |             |
|    ep_len_mean             | 896         |
|    ep_rew_mean             | -11.5       |
|    success_rate            | 0.05        |
| time/                      |             |
|    fps                     | 175         |
|    iterations              | 157         |
|    time_elapsed            | 1834        |
|    total_timesteps         | 321536      |
| train/                     |             |
|    approx_kl               | 0.015860748 |
|    clip_fraction           | 0.144       |
|    clip_range              | 0.2         |
|    entropy_loss            | -2.36       |
|    explained_variance      | 0.579       |
|    learning_rate           | 0.0003      |
|    loss                    | 4.21        |
|    n_updates               | 1560        |
|    policy_gradient_loss    | 0.000649    |
|    std                     | 0.785       |
|    value_loss              | 11.5        |
--------------------------------------------
---------------------------------------------
| curriculum/                |              |
|    stage                   | 2            |
|    window_cost             | 0.2          |
|    window_route_completion | 0.751        |
|    window_success          | 0.0333       |
| paper/                     |              |
|    accel_variation         | 0.214        |
|    base_reward             | 344          |
|    collision               | 0            |
|    crash_object            | 0            |
|    crash_vehicle           | 0            |
|    episode_cost            | 0            |
|    episode_length          | 1000         |
|    jerk                    | 0.216        |
|    lane_deviation          | 0.332        |
|    max_lane_deviation      | 1.19         |
|    mean_speed_kmh          | 17.8         |
|    min_ttc                 | 5.95         |
|    out_of_road             | 0            |
|    route_completion        | 0.857        |
|    shaped_reward           | 98.7         |
|    steering_variation      | 0.598        |
|    success                 | 0            |
|    ttc_risk                | 8.14e-06     |
| rollout/                   |              |
|    ep_len_mean             | 896          |
|    ep_rew_mean             | -10.2        |
|    success_rate            | 0.05         |
| time/                      |              |
|    fps                     | 174          |
|    iterations              | 158          |
|    time_elapsed            | 1849         |
|    total_timesteps         | 323584       |
| train/                     |              |
|    approx_kl               | 0.0122585455 |
|    clip_fraction           | 0.192        |
|    clip_range              | 0.2          |
|    entropy_loss            | -2.34        |
|    explained_variance      | 0.541        |
|    learning_rate           | 0.0003       |
|    loss                    | 1.81         |
|    n_updates               | 1570         |
|    policy_gradient_loss    | 0.003        |
|    std                     | 0.776        |
|    value_loss              | 4.75         |
---------------------------------------------
--------------------------------------------
| curriculum/                |             |
|    stage                   | 2           |
|    window_cost             | 0.167       |
|    window_route_completion | 0.752       |
|    window_success          | 0.0333      |
| paper/                     |             |
|    accel_variation         | 0.293       |
|    base_reward             | 386         |
|    collision               | 0           |
|    crash_object            | 0           |
|    crash_vehicle           | 0           |
|    episode_cost            | 0           |
|    episode_length          | 1000        |
|    jerk                    | 0.29        |
|    lane_deviation          | 0.242       |
|    max_lane_deviation      | 1.02        |
|    mean_speed_kmh          | 17.8        |
|    min_ttc                 | 2.92        |
|    out_of_road             | 0           |
|    route_completion        | 0.827       |
|    shaped_reward           | 150         |
|    steering_variation      | 0.583       |
|    success                 | 0           |
|    ttc_risk                | 0.00152     |
| rollout/                   |             |
|    ep_len_mean             | 896         |
|    ep_rew_mean             | -8.18       |
|    success_rate            | 0.05        |
| time/                      |             |
|    fps                     | 174         |
|    iterations              | 159         |
|    time_elapsed            | 1864        |
|    total_timesteps         | 325632      |
| train/                     |             |
|    approx_kl               | 0.027837787 |
|    clip_fraction           | 0.2         |
|    clip_range              | 0.2         |
|    entropy_loss            | -2.32       |
|    explained_variance      | 0.519       |
|    learning_rate           | 0.0003      |
|    loss                    | 1.95        |
|    n_updates               | 1580        |
|    policy_gradient_loss    | 0.00497     |
|    std                     | 0.773       |
|    value_loss              | 4.03        |
--------------------------------------------
-------------------------------------------
| curriculum/                |            |
|    stage                   | 2          |
|    window_cost             | 0.167      |
|    window_route_completion | 0.746      |
|    window_success          | 0.0333     |
| paper/                     |            |
|    accel_variation         | 0.269      |
|    base_reward             | 315        |
|    collision               | 0          |
|    crash_object            | 0          |
|    crash_vehicle           | 0          |
|    episode_cost            | 0          |
|    episode_length          | 1000       |
|    jerk                    | 0.235      |
|    lane_deviation          | 0.244      |
|    max_lane_deviation      | 0.987      |
|    mean_speed_kmh          | 14.9       |
|    min_ttc                 | 5.04       |
|    out_of_road             | 0          |
|    route_completion        | 0.678      |
|    shaped_reward           | 111        |
|    steering_variation      | 0.642      |
|    success                 | 0          |
|    ttc_risk                | 0.000393   |
| rollout/                   |            |
|    ep_len_mean             | 902        |
|    ep_rew_mean             | -5.4       |
|    success_rate            | 0.05       |
| time/                      |            |
|    fps                     | 174        |
|    iterations              | 160        |
|    time_elapsed            | 1880       |
|    total_timesteps         | 327680     |
| train/                     |            |
|    approx_kl               | 0.02934401 |
|    clip_fraction           | 0.322      |
|    clip_range              | 0.2        |
|    entropy_loss            | -2.31      |
|    explained_variance      | 0.519      |
|    learning_rate           | 0.0003     |
|    loss                    | 1.4        |
|    n_updates               | 1590       |
|    policy_gradient_loss    | 0.00804    |
|    std                     | 0.769      |
|    value_loss              | 3.25       |
-------------------------------------------
--------------------------------------------
| curriculum/                |             |
|    stage                   | 2           |
|    window_cost             | 0.167       |
|    window_route_completion | 0.747       |
|    window_success          | 0.0667      |
| paper/                     |             |
|    accel_variation         | 0.291       |
|    base_reward             | 345         |
|    collision               | 0           |
|    crash_object            | 0           |
|    crash_vehicle           | 0           |
|    episode_cost            | 0           |
|    episode_length          | 1000        |
|    jerk                    | 0.288       |
|    lane_deviation          | 0.305       |
|    max_lane_deviation      | 0.986       |
|    mean_speed_kmh          | 17.6        |
|    min_ttc                 | 10.2        |
|    out_of_road             | 0           |
|    route_completion        | 0.742       |
|    shaped_reward           | 109         |
|    steering_variation      | 0.615       |
|    success                 | 0           |
|    ttc_risk                | 0           |
| rollout/                   |             |
|    ep_len_mean             | 901         |
|    ep_rew_mean             | -2.73       |
|    success_rate            | 0.06        |
| time/                      |             |
|    fps                     | 173         |
|    iterations              | 161         |
|    time_elapsed            | 1895        |
|    total_timesteps         | 329728      |
| train/                     |             |
|    approx_kl               | 0.043527856 |
|    clip_fraction           | 0.137       |
|    clip_range              | 0.2         |
|    entropy_loss            | -2.31       |
|    explained_variance      | 0.315       |
|    learning_rate           | 0.0003      |
|    loss                    | 3.72        |
|    n_updates               | 1600        |
|    policy_gradient_loss    | 0.00179     |
|    std                     | 0.77        |
|    value_loss              | 14.3        |
--------------------------------------------
--------------------------------------------
| curriculum/                |             |
|    stage                   | 2           |
|    window_cost             | 0.133       |
|    window_route_completion | 0.766       |
|    window_success          | 0.0667      |
| paper/                     |             |
|    accel_variation         | 0.244       |
|    base_reward             | 273         |
|    collision               | 0           |
|    crash_object            | 0           |
|    crash_vehicle           | 0           |
|    episode_cost            | 0           |
|    episode_length          | 1000        |
|    jerk                    | 0.236       |
|    lane_deviation          | 0.354       |
|    max_lane_deviation      | 1.29        |
|    mean_speed_kmh          | 16.5        |
|    min_ttc                 | 2.26        |
|    out_of_road             | 0           |
|    route_completion        | 0.793       |
|    shaped_reward           | -4.63       |
|    steering_variation      | 0.639       |
|    success                 | 0           |
|    ttc_risk                | 0.0127      |
| rollout/                   |             |
|    ep_len_mean             | 902         |
|    ep_rew_mean             | -2.66       |
|    success_rate            | 0.05        |
| time/                      |             |
|    fps                     | 173         |
|    iterations              | 162         |
|    time_elapsed            | 1910        |
|    total_timesteps         | 331776      |
| train/                     |             |
|    approx_kl               | 0.005328065 |
|    clip_fraction           | 0.0976      |
|    clip_range              | 0.2         |
|    entropy_loss            | -2.31       |
|    explained_variance      | 0.504       |
|    learning_rate           | 0.0003      |
|    loss                    | 5.44        |
|    n_updates               | 1610        |
|    policy_gradient_loss    | -0.00107    |
|    std                     | 0.769       |
|    value_loss              | 16.3        |
--------------------------------------------
--------------------------------------------
| curriculum/                |             |
|    stage                   | 2           |
|    window_cost             | 0.1         |
|    window_route_completion | 0.775       |
|    window_success          | 0.0667      |
| paper/                     |             |
|    accel_variation         | 0.275       |
|    base_reward             | 327         |
|    collision               | 0           |
|    crash_object            | 0           |
|    crash_vehicle           | 0           |
|    episode_cost            | 0           |
|    episode_length          | 1000        |
|    jerk                    | 0.261       |
|    lane_deviation          | 0.31        |
|    max_lane_deviation      | 1.2         |
|    mean_speed_kmh          | 17.1        |
|    min_ttc                 | 12.3        |
|    out_of_road             | 0           |
|    route_completion        | 0.753       |
|    shaped_reward           | 99          |
|    steering_variation      | 0.656       |
|    success                 | 0           |
|    ttc_risk                | 0           |
| rollout/                   |             |
|    ep_len_mean             | 905         |
|    ep_rew_mean             | 0.688       |
|    success_rate            | 0.05        |
| time/                      |             |
|    fps                     | 173         |
|    iterations              | 163         |
|    time_elapsed            | 1925        |
|    total_timesteps         | 333824      |
| train/                     |             |
|    approx_kl               | 0.026686883 |
|    clip_fraction           | 0.201       |
|    clip_range              | 0.2         |
|    entropy_loss            | -2.3        |
|    explained_variance      | 0.354       |
|    learning_rate           | 0.0003      |
|    loss                    | 1.49        |
|    n_updates               | 1620        |
|    policy_gradient_loss    | 0.00345     |
|    std                     | 0.763       |
|    value_loss              | 3.67        |
--------------------------------------------
--------------------------------------------
| curriculum/                |             |
|    stage                   | 2           |
|    window_cost             | 0.0667      |
|    window_route_completion | 0.79        |
|    window_success          | 0.0333      |
| paper/                     |             |
|    accel_variation         | 0.243       |
|    base_reward             | 348         |
|    collision               | 0           |
|    crash_object            | 0           |
|    crash_vehicle           | 0           |
|    episode_cost            | 0           |
|    episode_length          | 1000        |
|    jerk                    | 0.218       |
|    lane_deviation          | 0.25        |
|    max_lane_deviation      | 0.955       |
|    mean_speed_kmh          | 16.5        |
|    min_ttc                 | 4.62        |
|    out_of_road             | 0           |
|    route_completion        | 0.918       |
|    shaped_reward           | 133         |
|    steering_variation      | 0.636       |
|    success                 | 0           |
|    ttc_risk                | 0.000659    |
| rollout/                   |             |
|    ep_len_mean             | 911         |
|    ep_rew_mean             | 4.32        |
|    success_rate            | 0.05        |
| time/                      |             |
|    fps                     | 173         |
|    iterations              | 164         |
|    time_elapsed            | 1940        |
|    total_timesteps         | 335872      |
| train/                     |             |
|    approx_kl               | 0.008817647 |
|    clip_fraction           | 0.282       |
|    clip_range              | 0.2         |
|    entropy_loss            | -2.29       |
|    explained_variance      | 0.17        |
|    learning_rate           | 0.0003      |
|    loss                    | 2.08        |
|    n_updates               | 1630        |
|    policy_gradient_loss    | 0.0136      |
|    std                     | 0.761       |
|    value_loss              | 3.89        |
--------------------------------------------
--------------------------------------------
| curriculum/                |             |
|    stage                   | 2           |
|    window_cost             | 0.0333      |
|    window_route_completion | 0.795       |
|    window_success          | 0.0333      |
| paper/                     |             |
|    accel_variation         | 0.289       |
|    base_reward             | 347         |
|    collision               | 0           |
|    crash_object            | 0           |
|    crash_vehicle           | 0           |
|    episode_cost            | 0           |
|    episode_length          | 1000        |
|    jerk                    | 0.282       |
|    lane_deviation          | 0.324       |
|    max_lane_deviation      | 0.978       |
|    mean_speed_kmh          | 17.7        |
|    min_ttc                 | 9.54        |
|    out_of_road             | 0           |
|    route_completion        | 0.745       |
|    shaped_reward           | 103         |
|    steering_variation      | 0.625       |
|    success                 | 0           |
|    ttc_risk                | 0           |
| rollout/                   |             |
|    ep_len_mean             | 911         |
|    ep_rew_mean             | 5.73        |
|    success_rate            | 0.05        |
| time/                      |             |
|    fps                     | 172         |
|    iterations              | 165         |
|    time_elapsed            | 1956        |
|    total_timesteps         | 337920      |
| train/                     |             |
|    approx_kl               | 0.059729733 |
|    clip_fraction           | 0.291       |
|    clip_range              | 0.2         |
|    entropy_loss            | -2.28       |
|    explained_variance      | 0.511       |
|    learning_rate           | 0.0003      |
|    loss                    | 0.865       |
|    n_updates               | 1640        |
|    policy_gradient_loss    | 0.00477     |
|    std                     | 0.755       |
|    value_loss              | 2.04        |
--------------------------------------------
--------------------------------------------
| curriculum/                |             |
|    stage                   | 2           |
|    window_cost             | 0.0333      |
|    window_route_completion | 0.786       |
|    window_success          | 0.0333      |
| paper/                     |             |
|    accel_variation         | 0.289       |
|    base_reward             | 351         |
|    collision               | 0           |
|    crash_object            | 0           |
|    crash_vehicle           | 0           |
|    episode_cost            | 0           |
|    episode_length          | 1000        |
|    jerk                    | 0.276       |
|    lane_deviation          | 0.319       |
|    max_lane_deviation      | 1.01        |
|    mean_speed_kmh          | 18.1        |
|    min_ttc                 | 3.59        |
|    out_of_road             | 0           |
|    route_completion        | 0.842       |
|    shaped_reward           | 109         |
|    steering_variation      | 0.603       |
|    success                 | 0           |
|    ttc_risk                | 0.000826    |
| rollout/                   |             |
|    ep_len_mean             | 911         |
|    ep_rew_mean             | 7.07        |
|    success_rate            | 0.05        |
| time/                      |             |
|    fps                     | 172         |
|    iterations              | 166         |
|    time_elapsed            | 1972        |
|    total_timesteps         | 339968      |
| train/                     |             |
|    approx_kl               | 0.021134298 |
|    clip_fraction           | 0.32        |
|    clip_range              | 0.2         |
|    entropy_loss            | -2.27       |
|    explained_variance      | 0.598       |
|    learning_rate           | 0.0003      |
|    loss                    | 1.67        |
|    n_updates               | 1650        |
|    policy_gradient_loss    | 0.0113      |
|    std                     | 0.753       |
|    value_loss              | 3.8         |
--------------------------------------------
--------------------------------------------
| curriculum/                |             |
|    stage                   | 2           |
|    window_cost             | 0           |
|    window_route_completion | 0.808       |
|    window_success          | 0.0333      |
| paper/                     |             |
|    accel_variation         | 0.264       |
|    base_reward             | 354         |
|    collision               | 0           |
|    crash_object            | 0           |
|    crash_vehicle           | 0           |
|    episode_cost            | 0           |
|    episode_length          | 1000        |
|    jerk                    | 0.255       |
|    lane_deviation          | 0.268       |
|    max_lane_deviation      | 1.09        |
|    mean_speed_kmh          | 16.8        |
|    min_ttc                 | 0.825       |
|    out_of_road             | 0           |
|    route_completion        | 0.932       |
|    shaped_reward           | 72.6        |
|    steering_variation      | 0.616       |
|    success                 | 0           |
|    ttc_risk                | 0.015       |
| rollout/                   |             |
|    ep_len_mean             | 912         |
|    ep_rew_mean             | 6.78        |
|    success_rate            | 0.04        |
| time/                      |             |
|    fps                     | 172         |
|    iterations              | 167         |
|    time_elapsed            | 1987        |
|    total_timesteps         | 342016      |
| train/                     |             |
|    approx_kl               | 0.027367428 |
|    clip_fraction           | 0.243       |
|    clip_range              | 0.2         |
|    entropy_loss            | -2.26       |
|    explained_variance      | 0.693       |
|    learning_rate           | 0.0003      |
|    loss                    | 0.957       |
|    n_updates               | 1660        |
|    policy_gradient_loss    | 0.00258     |
|    std                     | 0.747       |
|    value_loss              | 2.18        |
--------------------------------------------
--------------------------------------------
| curriculum/                |             |
|    stage                   | 2           |
|    window_cost             | 0           |
|    window_route_completion | 0.803       |
|    window_success          | 0.0333      |
| paper/                     |             |
|    accel_variation         | 0.289       |
|    base_reward             | 349         |
|    collision               | 0           |
|    crash_object            | 0           |
|    crash_vehicle           | 0           |
|    episode_cost            | 0           |
|    episode_length          | 1000        |
|    jerk                    | 0.263       |
|    lane_deviation          | 0.315       |
|    max_lane_deviation      | 0.992       |
|    mean_speed_kmh          | 17.4        |
|    min_ttc                 | 1.59        |
|    out_of_road             | 0           |
|    route_completion        | 0.822       |
|    shaped_reward           | 82.6        |
|    steering_variation      | 0.621       |
|    success                 | 0           |
|    ttc_risk                | 0.00658     |
| rollout/                   |             |
|    ep_len_mean             | 924         |
|    ep_rew_mean             | 13.7        |
|    success_rate            | 0.04        |
| time/                      |             |
|    fps                     | 171         |
|    iterations              | 168         |
|    time_elapsed            | 2002        |
|    total_timesteps         | 344064      |
| train/                     |             |
|    approx_kl               | 0.008598852 |
|    clip_fraction           | 0.117       |
|    clip_range              | 0.2         |
|    entropy_loss            | -2.24       |
|    explained_variance      | 0.42        |
|    learning_rate           | 0.0003      |
|    loss                    | 4.65        |
|    n_updates               | 1670        |
|    policy_gradient_loss    | -0.00645    |
|    std                     | 0.745       |
|    value_loss              | 14.8        |
--------------------------------------------
-------------------------------------------
| curriculum/                |            |
|    stage                   | 2          |
|    window_cost             | 0          |
|    window_route_completion | 0.793      |
|    window_success          | 0.0333     |
| paper/                     |            |
|    accel_variation         | 0.293      |
|    base_reward             | 381        |
|    collision               | 0          |
|    crash_object            | 0          |
|    crash_vehicle           | 0          |
|    episode_cost            | 0          |
|    episode_length          | 1000       |
|    jerk                    | 0.283      |
|    lane_deviation          | 0.25       |
|    max_lane_deviation      | 0.998      |
|    mean_speed_kmh          | 17.7       |
|    min_ttc                 | 3.64       |
|    out_of_road             | 0          |
|    route_completion        | 0.715      |
|    shaped_reward           | 137        |
|    steering_variation      | 0.578      |
|    success                 | 0          |
|    ttc_risk                | 0.00303    |
| rollout/                   |            |
|    ep_len_mean             | 924        |
|    ep_rew_mean             | 17.6       |
|    success_rate            | 0.04       |
| time/                      |            |
|    fps                     | 171        |
|    iterations              | 169        |
|    time_elapsed            | 2018       |
|    total_timesteps         | 346112     |
| train/                     |            |
|    approx_kl               | 0.08783803 |
|    clip_fraction           | 0.129      |
|    clip_range              | 0.2        |
|    entropy_loss            | -2.24      |
|    explained_variance      | 0.44       |
|    learning_rate           | 0.0003     |
|    loss                    | 2.03       |
|    n_updates               | 1680       |
|    policy_gradient_loss    | 0.00276    |
|    std                     | 0.746      |
|    value_loss              | 7.78       |
-------------------------------------------
--------------------------------------------
| curriculum/                |             |
|    stage                   | 2           |
|    window_cost             | 0           |
|    window_route_completion | 0.787       |
|    window_success          | 0.0333      |
| paper/                     |             |
|    accel_variation         | 0.27        |
|    base_reward             | 384         |
|    collision               | 0           |
|    crash_object            | 0           |
|    crash_vehicle           | 0           |
|    episode_cost            | 0           |
|    episode_length          | 1000        |
|    jerk                    | 0.254       |
|    lane_deviation          | 0.214       |
|    max_lane_deviation      | 0.99        |
|    mean_speed_kmh          | 17          |
|    min_ttc                 | 10.1        |
|    out_of_road             | 0           |
|    route_completion        | 0.874       |
|    shaped_reward           | 170         |
|    steering_variation      | 0.592       |
|    success                 | 0           |
|    ttc_risk                | 0           |
| rollout/                   |             |
|    ep_len_mean             | 927         |
|    ep_rew_mean             | 23.4        |
|    success_rate            | 0.04        |
| time/                      |             |
|    fps                     | 171         |
|    iterations              | 170         |
|    time_elapsed            | 2034        |
|    total_timesteps         | 348160      |
| train/                     |             |
|    approx_kl               | 0.008732403 |
|    clip_fraction           | 0.19        |
|    clip_range              | 0.2         |
|    entropy_loss            | -2.24       |
|    explained_variance      | 0.506       |
|    learning_rate           | 0.0003      |
|    loss                    | 1.33        |
|    n_updates               | 1690        |
|    policy_gradient_loss    | 0.00338     |
|    std                     | 0.744       |
|    value_loss              | 3.63        |
--------------------------------------------
------------------------------------------
| curriculum/                |           |
|    stage                   | 2         |
|    window_cost             | 0.0333    |
|    window_route_completion | 0.776     |
|    window_success          | 0.0333    |
| paper/                     |           |
|    accel_variation         | 0.278     |
|    base_reward             | 395       |
|    collision               | 0         |
|    crash_object            | 0         |
|    crash_vehicle           | 0         |
|    episode_cost            | 0         |
|    episode_length          | 1000      |
|    jerk                    | 0.265     |
|    lane_deviation          | 0.221     |
|    max_lane_deviation      | 1.02      |
|    mean_speed_kmh          | 17.6      |
|    min_ttc                 | 5.95      |
|    out_of_road             | 0         |
|    route_completion        | 0.677     |
|    shaped_reward           | 164       |
|    steering_variation      | 0.606     |
|    success                 | 0         |
|    ttc_risk                | 7.53e-06  |
| rollout/                   |           |
|    ep_len_mean             | 926       |
|    ep_rew_mean             | 27.5      |
|    success_rate            | 0.04      |
| time/                      |           |
|    fps                     | 170       |
|    iterations              | 171       |
|    time_elapsed            | 2049      |
|    total_timesteps         | 350208    |
| train/                     |           |
|    approx_kl               | 0.0344408 |
|    clip_fraction           | 0.199     |
|    clip_range              | 0.2       |
|    entropy_loss            | -2.23     |
|    explained_variance      | 0.69      |
|    learning_rate           | 0.0003    |
|    loss                    | 0.976     |
|    n_updates               | 1700      |
|    policy_gradient_loss    | 0.000404  |
|    std                     | 0.74      |
|    value_loss              | 2.76      |
------------------------------------------
---------------------------------------------
| curriculum/                |              |
|    stage                   | 2            |
|    window_cost             | 0.0333       |
|    window_route_completion | 0.786        |
|    window_success          | 0.0667       |
| paper/                     |              |
|    accel_variation         | 0.294        |
|    base_reward             | 372          |
|    collision               | 0            |
|    crash_object            | 0            |
|    crash_vehicle           | 0            |
|    episode_cost            | 0            |
|    episode_length          | 1000         |
|    jerk                    | 0.304        |
|    lane_deviation          | 0.239        |
|    max_lane_deviation      | 0.962        |
|    mean_speed_kmh          | 17.2         |
|    min_ttc                 | 5.35         |
|    out_of_road             | 0            |
|    route_completion        | 0.906        |
|    shaped_reward           | 151          |
|    steering_variation      | 0.594        |
|    success                 | 0            |
|    ttc_risk                | 0.000308     |
| rollout/                   |              |
|    ep_len_mean             | 926          |
|    ep_rew_mean             | 32.6         |
|    success_rate            | 0.05         |
| time/                      |              |
|    fps                     | 170          |
|    iterations              | 172          |
|    time_elapsed            | 2063         |
|    total_timesteps         | 352256       |
| train/                     |              |
|    approx_kl               | 0.0050535044 |
|    clip_fraction           | 0.205        |
|    clip_range              | 0.2          |
|    entropy_loss            | -2.22        |
|    explained_variance      | 0.166        |
|    learning_rate           | 0.0003       |
|    loss                    | 8.17         |
|    n_updates               | 1710         |
|    policy_gradient_loss    | 0.00508      |
|    std                     | 0.739        |
|    value_loss              | 66           |
---------------------------------------------
---------------------------------------------
| curriculum/                |              |
|    stage                   | 2            |
|    window_cost             | 0.0333       |
|    window_route_completion | 0.79         |
|    window_success          | 0.1          |
| paper/                     |              |
|    accel_variation         | 0.263        |
|    base_reward             | 378          |
|    collision               | 0            |
|    crash_object            | 0            |
|    crash_vehicle           | 0            |
|    episode_cost            | 0            |
|    episode_length          | 912          |
|    jerk                    | 0.244        |
|    lane_deviation          | 0.204        |
|    max_lane_deviation      | 0.741        |
|    mean_speed_kmh          | 17.2         |
|    min_ttc                 | 20.8         |
|    out_of_road             | 0            |
|    route_completion        | 0.988        |
|    shaped_reward           | 230          |
|    steering_variation      | 0.592        |
|    success                 | 1            |
|    ttc_risk                | 0            |
| rollout/                   |              |
|    ep_len_mean             | 933          |
|    ep_rew_mean             | 40.7         |
|    success_rate            | 0.06         |
| time/                      |              |
|    fps                     | 170          |
|    iterations              | 173          |
|    time_elapsed            | 2077         |
|    total_timesteps         | 354304       |
| train/                     |              |
|    approx_kl               | 0.0059879357 |
|    clip_fraction           | 0.0413       |
|    clip_range              | 0.2          |
|    entropy_loss            | -2.22        |
|    explained_variance      | 0.364        |
|    learning_rate           | 0.0003       |
|    loss                    | 3.62         |
|    n_updates               | 1720         |
|    policy_gradient_loss    | -0.00633     |
|    std                     | 0.736        |
|    value_loss              | 12.1         |
---------------------------------------------
---------------------------------------------
| curriculum/                |              |
|    stage                   | 2            |
|    window_cost             | 0.0333       |
|    window_route_completion | 0.797        |
|    window_success          | 0.1          |
| paper/                     |              |
|    accel_variation         | 0.303        |
|    base_reward             | 387          |
|    collision               | 0            |
|    crash_object            | 0            |
|    crash_vehicle           | 0            |
|    episode_cost            | 0            |
|    episode_length          | 1000         |
|    jerk                    | 0.274        |
|    lane_deviation          | 0.208        |
|    max_lane_deviation      | 0.946        |
|    mean_speed_kmh          | 17.1         |
|    min_ttc                 | 3.79         |
|    out_of_road             | 0            |
|    route_completion        | 0.869        |
|    shaped_reward           | 168          |
|    steering_variation      | 0.618        |
|    success                 | 0            |
|    ttc_risk                | 0.00113      |
| rollout/                   |              |
|    ep_len_mean             | 933          |
|    ep_rew_mean             | 43.3         |
|    success_rate            | 0.06         |
| time/                      |              |
|    fps                     | 170          |
|    iterations              | 174          |
|    time_elapsed            | 2092         |
|    total_timesteps         | 356352       |
| train/                     |              |
|    approx_kl               | 0.0065663196 |
|    clip_fraction           | 0.106        |
|    clip_range              | 0.2          |
|    entropy_loss            | -2.21        |
|    explained_variance      | 0.67         |
|    learning_rate           | 0.0003       |
|    loss                    | 2.65         |
|    n_updates               | 1730         |
|    policy_gradient_loss    | 0.000374     |
|    std                     | 0.734        |
|    value_loss              | 7.09         |
---------------------------------------------
-------------------------------------------
| curriculum/                |            |
|    stage                   | 2          |
|    window_cost             | 0.0333     |
|    window_route_completion | 0.799      |
|    window_success          | 0.1        |
| paper/                     |            |
|    accel_variation         | 0.321      |
|    base_reward             | 372        |
|    collision               | 0          |
|    crash_object            | 0          |
|    crash_vehicle           | 0          |
|    episode_cost            | 0          |
|    episode_length          | 1000       |
|    jerk                    | 0.316      |
|    lane_deviation          | 0.24       |
|    max_lane_deviation      | 0.829      |
|    mean_speed_kmh          | 17.1       |
|    min_ttc                 | 4.23       |
|    out_of_road             | 0          |
|    route_completion        | 0.756      |
|    shaped_reward           | 151        |
|    steering_variation      | 0.636      |
|    success                 | 0          |
|    ttc_risk                | 0.000521   |
| rollout/                   |            |
|    ep_len_mean             | 939        |
|    ep_rew_mean             | 49.5       |
|    success_rate            | 0.06       |
| time/                      |            |
|    fps                     | 169        |
|    iterations              | 175        |
|    time_elapsed            | 2109       |
|    total_timesteps         | 358400     |
| train/                     |            |
|    approx_kl               | 0.03861546 |
|    clip_fraction           | 0.131      |
|    clip_range              | 0.2        |
|    entropy_loss            | -2.2       |
|    explained_variance      | 0.714      |
|    learning_rate           | 0.0003     |
|    loss                    | 0.969      |
|    n_updates               | 1740       |
|    policy_gradient_loss    | 2.56e-05   |
|    std                     | 0.726      |
|    value_loss              | 2.21       |
-------------------------------------------
--------------------------------------------
| curriculum/                |             |
|    stage                   | 2           |
|    window_cost             | 0.0667      |
|    window_route_completion | 0.802       |
|    window_success          | 0.1         |
| paper/                     |             |
|    accel_variation         | 0.309       |
|    base_reward             | 398         |
|    collision               | 0           |
|    crash_object            | 0           |
|    crash_vehicle           | 0           |
|    episode_cost            | 0           |
|    episode_length          | 988         |
|    jerk                    | 0.282       |
|    lane_deviation          | 0.223       |
|    max_lane_deviation      | 0.821       |
|    mean_speed_kmh          | 17.2        |
|    min_ttc                 | 4.09        |
|    out_of_road             | 0           |
|    route_completion        | 0.991       |
|    shaped_reward           | 224         |
|    steering_variation      | 0.592       |
|    success                 | 1           |
|    ttc_risk                | 0.00139     |
| rollout/                   |             |
|    ep_len_mean             | 943         |
|    ep_rew_mean             | 52.6        |
|    success_rate            | 0.07        |
| time/                      |             |
|    fps                     | 169         |
|    iterations              | 176         |
|    time_elapsed            | 2124        |
|    total_timesteps         | 360448      |
| train/                     |             |
|    approx_kl               | 0.045745693 |
|    clip_fraction           | 0.255       |
|    clip_range              | 0.2         |
|    entropy_loss            | -2.18       |
|    explained_variance      | 0.724       |
|    learning_rate           | 0.0003      |
|    loss                    | 0.655       |
|    n_updates               | 1750        |
|    policy_gradient_loss    | 0.0051      |
|    std                     | 0.719       |
|    value_loss              | 1.89        |
--------------------------------------------
---------------------------------------------
| curriculum/                |              |
|    stage                   | 2            |
|    window_cost             | 0.0667       |
|    window_route_completion | 0.813        |
|    window_success          | 0.133        |
| paper/                     |              |
|    accel_variation         | 0.292        |
|    base_reward             | 322          |
|    collision               | 0            |
|    crash_object            | 0            |
|    crash_vehicle           | 0            |
|    episode_cost            | 0            |
|    episode_length          | 1000         |
|    jerk                    | 0.28         |
|    lane_deviation          | 0.32         |
|    max_lane_deviation      | 1.43         |
|    mean_speed_kmh          | 17.3         |
|    min_ttc                 | 9.34         |
|    out_of_road             | 0            |
|    route_completion        | 0.757        |
|    shaped_reward           | 91.9         |
|    steering_variation      | 0.619        |
|    success                 | 0            |
|    ttc_risk                | 0            |
| rollout/                   |              |
|    ep_len_mean             | 949          |
|    ep_rew_mean             | 58           |
|    success_rate            | 0.07         |
| time/                      |              |
|    fps                     | 169          |
|    iterations              | 177          |
|    time_elapsed            | 2141         |
|    total_timesteps         | 362496       |
| train/                     |              |
|    approx_kl               | 0.0012792228 |
|    clip_fraction           | 0.266        |
|    clip_range              | 0.2          |
|    entropy_loss            | -2.16        |
|    explained_variance      | 0.0368       |
|    learning_rate           | 0.0003       |
|    loss                    | 8.09         |
|    n_updates               | 1760         |
|    policy_gradient_loss    | 0.00843      |
|    std                     | 0.719        |
|    value_loss              | 124          |
---------------------------------------------
--------------------------------------------
| curriculum/                |             |
|    stage                   | 2           |
|    window_cost             | 0.0667      |
|    window_route_completion | 0.821       |
|    window_success          | 0.133       |
| paper/                     |             |
|    accel_variation         | 0.332       |
|    base_reward             | 333         |
|    collision               | 0           |
|    crash_object            | 0           |
|    crash_vehicle           | 0           |
|    episode_cost            | 0           |
|    episode_length          | 1000        |
|    jerk                    | 0.338       |
|    lane_deviation          | 0.327       |
|    max_lane_deviation      | 0.972       |
|    mean_speed_kmh          | 17.3        |
|    min_ttc                 | 3.55        |
|    out_of_road             | 0           |
|    route_completion        | 0.846       |
|    shaped_reward           | 67.4        |
|    steering_variation      | 0.622       |
|    success                 | 0           |
|    ttc_risk                | 0.00627     |
| rollout/                   |             |
|    ep_len_mean             | 949         |
|    ep_rew_mean             | 61.7        |
|    success_rate            | 0.07        |
| time/                      |             |
|    fps                     | 168         |
|    iterations              | 178         |
|    time_elapsed            | 2157        |
|    total_timesteps         | 364544      |
| train/                     |             |
|    approx_kl               | 0.008195378 |
|    clip_fraction           | 0.0954      |
|    clip_range              | 0.2         |
|    entropy_loss            | -2.16       |
|    explained_variance      | 0.734       |
|    learning_rate           | 0.0003      |
|    loss                    | 1.39        |
|    n_updates               | 1770        |
|    policy_gradient_loss    | -0.0018     |
|    std                     | 0.715       |
|    value_loss              | 5.34        |
--------------------------------------------
---------------------------------------------
| curriculum/                |              |
|    stage                   | 2            |
|    window_cost             | 0.1          |
|    window_route_completion | 0.817        |
|    window_success          | 0.167        |
| paper/                     |              |
|    accel_variation         | 0.335        |
|    base_reward             | 187          |
|    collision               | 0            |
|    crash_object            | 0            |
|    crash_vehicle           | 0            |
|    episode_cost            | 1            |
|    episode_length          | 635          |
|    jerk                    | 0.295        |
|    lane_deviation          | 0.41         |
|    max_lane_deviation      | 1.1          |
|    mean_speed_kmh          | 18.2         |
|    min_ttc                 | nan          |
|    out_of_road             | 1            |
|    route_completion        | 0.588        |
|    shaped_reward           | -102         |
|    steering_variation      | 0.57         |
|    success                 | 0            |
|    ttc_risk                | 0            |
| rollout/                   |              |
|    ep_len_mean             | 945          |
|    ep_rew_mean             | 60.4         |
|    success_rate            | 0.08         |
| time/                      |              |
|    fps                     | 168          |
|    iterations              | 179          |
|    time_elapsed            | 2173         |
|    total_timesteps         | 366592       |
| train/                     |              |
|    approx_kl               | 0.0055274926 |
|    clip_fraction           | 0.127        |
|    clip_range              | 0.2          |
|    entropy_loss            | -2.15        |
|    explained_variance      | 0.534        |
|    learning_rate           | 0.0003       |
|    loss                    | 2.04         |
|    n_updates               | 1780         |
|    policy_gradient_loss    | -0.00225     |
|    std                     | 0.71         |
|    value_loss              | 6.36         |
---------------------------------------------
---------------------------------------------
| curriculum/                |              |
|    stage                   | 2            |
|    window_cost             | 0.1          |
|    window_route_completion | 0.825        |
|    window_success          | 0.167        |
| paper/                     |              |
|    accel_variation         | 0.337        |
|    base_reward             | 312          |
|    collision               | 0            |
|    crash_object            | 0            |
|    crash_vehicle           | 0            |
|    episode_cost            | 0            |
|    episode_length          | 1000         |
|    jerk                    | 0.309        |
|    lane_deviation          | 0.347        |
|    max_lane_deviation      | 0.992        |
|    mean_speed_kmh          | 16.4         |
|    min_ttc                 | 5.04         |
|    out_of_road             | 0            |
|    route_completion        | 0.759        |
|    shaped_reward           | 75           |
|    steering_variation      | 0.579        |
|    success                 | 0            |
|    ttc_risk                | 0.00135      |
| rollout/                   |              |
|    ep_len_mean             | 954          |
|    ep_rew_mean             | 62.4         |
|    success_rate            | 0.08         |
| time/                      |              |
|    fps                     | 168          |
|    iterations              | 180          |
|    time_elapsed            | 2190         |
|    total_timesteps         | 368640       |
| train/                     |              |
|    approx_kl               | 0.0056481143 |
|    clip_fraction           | 0.117        |
|    clip_range              | 0.2          |
|    entropy_loss            | -2.14        |
|    explained_variance      | 0.162        |
|    learning_rate           | 0.0003       |
|    loss                    | 34.1         |
|    n_updates               | 1790         |
|    policy_gradient_loss    | -0.00184     |
|    std                     | 0.71         |
|    value_loss              | 80           |
---------------------------------------------
--------------------------------------------
| curriculum/                |             |
|    stage                   | 2           |
|    window_cost             | 0.1         |
|    window_route_completion | 0.827       |
|    window_success          | 0.2         |
| paper/                     |             |
|    accel_variation         | 0.375       |
|    base_reward             | 436         |
|    collision               | 0           |
|    crash_object            | 0           |
|    crash_vehicle           | 0           |
|    episode_cost            | 0           |
|    episode_length          | 992         |
|    jerk                    | 0.351       |
|    lane_deviation          | 0.216       |
|    max_lane_deviation      | 0.89        |
|    mean_speed_kmh          | 18.8        |
|    min_ttc                 | 9.64        |
|    out_of_road             | 0           |
|    route_completion        | 0.991       |
|    shaped_reward           | 250         |
|    steering_variation      | 0.595       |
|    success                 | 1           |
|    ttc_risk                | 0           |
| rollout/                   |             |
|    ep_len_mean             | 954         |
|    ep_rew_mean             | 64.3        |
|    success_rate            | 0.09        |
| time/                      |             |
|    fps                     | 168         |
|    iterations              | 181         |
|    time_elapsed            | 2205        |
|    total_timesteps         | 370688      |
| train/                     |             |
|    approx_kl               | 0.008937899 |
|    clip_fraction           | 0.237       |
|    clip_range              | 0.2         |
|    entropy_loss            | -2.14       |
|    explained_variance      | 0.739       |
|    learning_rate           | 0.0003      |
|    loss                    | 2.42        |
|    n_updates               | 1800        |
|    policy_gradient_loss    | 0.00312     |
|    std                     | 0.708       |
|    value_loss              | 6.49        |
--------------------------------------------
--------------------------------------------
| curriculum/                |             |
|    stage                   | 2           |
|    window_cost             | 0.133       |
|    window_route_completion | 0.832       |
|    window_success          | 0.233       |
| paper/                     |             |
|    accel_variation         | 0.32        |
|    base_reward             | 287         |
|    collision               | 1           |
|    crash_object            | 0           |
|    crash_vehicle           | 1           |
|    episode_cost            | 1           |
|    episode_length          | 919         |
|    jerk                    | 0.313       |
|    lane_deviation          | 0.313       |
|    max_lane_deviation      | 0.971       |
|    mean_speed_kmh          | 16.6        |
|    min_ttc                 | 3.93        |
|    out_of_road             | 0           |
|    route_completion        | 0.663       |
|    shaped_reward           | -50.8       |
|    steering_variation      | 0.567       |
|    success                 | 0           |
|    ttc_risk                | 0.00233     |
| rollout/                   |             |
|    ep_len_mean             | 951         |
|    ep_rew_mean             | 68.7        |
|    success_rate            | 0.1         |
| time/                      |             |
|    fps                     | 167         |
|    iterations              | 182         |
|    time_elapsed            | 2222        |
|    total_timesteps         | 372736      |
| train/                     |             |
|    approx_kl               | 0.023262497 |
|    clip_fraction           | 0.187       |
|    clip_range              | 0.2         |
|    entropy_loss            | -2.13       |
|    explained_variance      | 0.7         |
|    learning_rate           | 0.0003      |
|    loss                    | 2.59        |
|    n_updates               | 1810        |
|    policy_gradient_loss    | 0.00228     |
|    std                     | 0.707       |
|    value_loss              | 6.42        |
--------------------------------------------
---------------------------------------------
| curriculum/                |              |
|    stage                   | 2            |
|    window_cost             | 0.133        |
|    window_route_completion | 0.833        |
|    window_success          | 0.233        |
| paper/                     |              |
|    accel_variation         | 0.284        |
|    base_reward             | 404          |
|    collision               | 0            |
|    crash_object            | 0            |
|    crash_vehicle           | 0            |
|    episode_cost            | 0            |
|    episode_length          | 1000         |
|    jerk                    | 0.275        |
|    lane_deviation          | 0.232        |
|    max_lane_deviation      | 0.981        |
|    mean_speed_kmh          | 18.3         |
|    min_ttc                 | 4.64         |
|    out_of_road             | 0            |
|    route_completion        | 0.736        |
|    shaped_reward           | 170          |
|    steering_variation      | 0.558        |
|    success                 | 0            |
|    ttc_risk                | 0.000534     |
| rollout/                   |              |
|    ep_len_mean             | 963          |
|    ep_rew_mean             | 74.5         |
|    success_rate            | 0.1          |
| time/                      |              |
|    fps                     | 167          |
|    iterations              | 183          |
|    time_elapsed            | 2237         |
|    total_timesteps         | 374784       |
| train/                     |              |
|    approx_kl               | 0.0015330252 |
|    clip_fraction           | 0.0263       |
|    clip_range              | 0.2          |
|    entropy_loss            | -2.13        |
|    explained_variance      | 0.548        |
|    learning_rate           | 0.0003       |
|    loss                    | 6.35         |
|    n_updates               | 1820         |
|    policy_gradient_loss    | -0.0014      |
|    std                     | 0.707        |
|    value_loss              | 37.6         |
---------------------------------------------
-------------------------------------------
| curriculum/                |            |
|    stage                   | 2          |
|    window_cost             | 0.133      |
|    window_route_completion | 0.845      |
|    window_success          | 0.233      |
| paper/                     |            |
|    accel_variation         | 0.357      |
|    base_reward             | 386        |
|    collision               | 0          |
|    crash_object            | 0          |
|    crash_vehicle           | 0          |
|    episode_cost            | 0          |
|    episode_length          | 1000       |
|    jerk                    | 0.334      |
|    lane_deviation          | 0.268      |
|    max_lane_deviation      | 0.964      |
|    mean_speed_kmh          | 18.2       |
|    min_ttc                 | 5.58       |
|    out_of_road             | 0          |
|    route_completion        | 0.895      |
|    shaped_reward           | 155        |
|    steering_variation      | 0.568      |
|    success                 | 0          |
|    ttc_risk                | 0.000173   |
| rollout/                   |            |
|    ep_len_mean             | 963        |
|    ep_rew_mean             | 76.1       |
|    success_rate            | 0.1        |
| time/                      |            |
|    fps                     | 167        |
|    iterations              | 184        |
|    time_elapsed            | 2253       |
|    total_timesteps         | 376832     |
| train/                     |            |
|    approx_kl               | 0.07993285 |
|    clip_fraction           | 0.188      |
|    clip_range              | 0.2        |
|    entropy_loss            | -2.13      |
|    explained_variance      | 0.712      |
|    learning_rate           | 0.0003     |
|    loss                    | 1.21       |
|    n_updates               | 1830       |
|    policy_gradient_loss    | 0.00429    |
|    std                     | 0.704      |
|    value_loss              | 2.9        |
-------------------------------------------
--------------------------------------------
| curriculum/                |             |
|    stage                   | 2           |
|    window_cost             | 0.1         |
|    window_route_completion | 0.868       |
|    window_success          | 0.3         |
| paper/                     |             |
|    accel_variation         | 0.358       |
|    base_reward             | 298         |
|    collision               | 0           |
|    crash_object            | 0           |
|    crash_vehicle           | 0           |
|    episode_cost            | 0           |
|    episode_length          | 766         |
|    jerk                    | 0.345       |
|    lane_deviation          | 0.335       |
|    max_lane_deviation      | 1.03        |
|    mean_speed_kmh          | 18.9        |
|    min_ttc                 | 7.65        |
|    out_of_road             | 0           |
|    route_completion        | 0.988       |
|    shaped_reward           | 159         |
|    steering_variation      | 0.578       |
|    success                 | 1           |
|    ttc_risk                | 0           |
| rollout/                   |             |
|    ep_len_mean             | 959         |
|    ep_rew_mean             | 80.8        |
|    success_rate            | 0.12        |
| time/                      |             |
|    fps                     | 166         |
|    iterations              | 185         |
|    time_elapsed            | 2269        |
|    total_timesteps         | 378880      |
| train/                     |             |
|    approx_kl               | 0.010611674 |
|    clip_fraction           | 0.318       |
|    clip_range              | 0.2         |
|    entropy_loss            | -2.12       |
|    explained_variance      | 0.814       |
|    learning_rate           | 0.0003      |
|    loss                    | 0.813       |
|    n_updates               | 1840        |
|    policy_gradient_loss    | 0.0225      |
|    std                     | 0.705       |
|    value_loss              | 2.04        |
--------------------------------------------
--------------------------------------------
| curriculum/                |             |
|    stage                   | 2           |
|    window_cost             | 0.1         |
|    window_route_completion | 0.855       |
|    window_success          | 0.267       |
| paper/                     |             |
|    accel_variation         | 0.31        |
|    base_reward             | 342         |
|    collision               | 0           |
|    crash_object            | 0           |
|    crash_vehicle           | 0           |
|    episode_cost            | 0           |
|    episode_length          | 1000        |
|    jerk                    | 0.316       |
|    lane_deviation          | 0.326       |
|    max_lane_deviation      | 0.996       |
|    mean_speed_kmh          | 17.4        |
|    min_ttc                 | 3.43        |
|    out_of_road             | 0           |
|    route_completion        | 0.739       |
|    shaped_reward           | 95.9        |
|    steering_variation      | 0.577       |
|    success                 | 0           |
|    ttc_risk                | 0.00133     |
| rollout/                   |             |
|    ep_len_mean             | 959         |
|    ep_rew_mean             | 82.1        |
|    success_rate            | 0.12        |
| time/                      |             |
|    fps                     | 166         |
|    iterations              | 186         |
|    time_elapsed            | 2286        |
|    total_timesteps         | 380928      |
| train/                     |             |
|    approx_kl               | 0.005170645 |
|    clip_fraction           | 0.161       |
|    clip_range              | 0.2         |
|    entropy_loss            | -2.12       |
|    explained_variance      | 0.811       |
|    learning_rate           | 0.0003      |
|    loss                    | 4.54        |
|    n_updates               | 1850        |
|    policy_gradient_loss    | -0.000665   |
|    std                     | 0.703       |
|    value_loss              | 7.49        |
--------------------------------------------
--------------------------------------------
| curriculum/                |             |
|    stage                   | 2           |
|    window_cost             | 0.1         |
|    window_route_completion | 0.844       |
|    window_success          | 0.233       |
| paper/                     |             |
|    accel_variation         | 0.309       |
|    base_reward             | 373         |
|    collision               | 0           |
|    crash_object            | 0           |
|    crash_vehicle           | 0           |
|    episode_cost            | 0           |
|    episode_length          | 1000        |
|    jerk                    | 0.295       |
|    lane_deviation          | 0.29        |
|    max_lane_deviation      | 0.994       |
|    mean_speed_kmh          | 18.6        |
|    min_ttc                 | 10.8        |
|    out_of_road             | 0           |
|    route_completion        | 0.732       |
|    shaped_reward           | 130         |
|    steering_variation      | 0.547       |
|    success                 | 0           |
|    ttc_risk                | 0           |
| rollout/                   |             |
|    ep_len_mean             | 960         |
|    ep_rew_mean             | 82          |
|    success_rate            | 0.11        |
| time/                      |             |
|    fps                     | 166         |
|    iterations              | 187         |
|    time_elapsed            | 2302        |
|    total_timesteps         | 382976      |
| train/                     |             |
|    approx_kl               | 0.021818148 |
|    clip_fraction           | 0.0849      |
|    clip_range              | 0.2         |
|    entropy_loss            | -2.11       |
|    explained_variance      | 0.777       |
|    learning_rate           | 0.0003      |
|    loss                    | 2.36        |
|    n_updates               | 1860        |
|    policy_gradient_loss    | -0.00327    |
|    std                     | 0.701       |
|    value_loss              | 6.17        |
--------------------------------------------
--------------------------------------------
| curriculum/                |             |
|    stage                   | 2           |
|    window_cost             | 0.1         |
|    window_route_completion | 0.845       |
|    window_success          | 0.267       |
| paper/                     |             |
|    accel_variation         | 0.352       |
|    base_reward             | 349         |
|    collision               | 0           |
|    crash_object            | 0           |
|    crash_vehicle           | 0           |
|    episode_cost            | 0           |
|    episode_length          | 1000        |
|    jerk                    | 0.312       |
|    lane_deviation          | 0.356       |
|    max_lane_deviation      | 0.999       |
|    mean_speed_kmh          | 18.6        |
|    min_ttc                 | 8.27        |
|    out_of_road             | 0           |
|    route_completion        | 0.766       |
|    shaped_reward           | 93.5        |
|    steering_variation      | 0.511       |
|    success                 | 0           |
|    ttc_risk                | 0           |
| rollout/                   |             |
|    ep_len_mean             | 960         |
|    ep_rew_mean             | 84.5        |
|    success_rate            | 0.12        |
| time/                      |             |
|    fps                     | 165         |
|    iterations              | 188         |
|    time_elapsed            | 2319        |
|    total_timesteps         | 385024      |
| train/                     |             |
|    approx_kl               | 0.013161265 |
|    clip_fraction           | 0.244       |
|    clip_range              | 0.2         |
|    entropy_loss            | -2.1        |
|    explained_variance      | 0.542       |
|    learning_rate           | 0.0003      |
|    loss                    | 0.827       |
|    n_updates               | 1870        |
|    policy_gradient_loss    | 0.00957     |
|    std                     | 0.693       |
|    value_loss              | 2.27        |
--------------------------------------------
---------------------------------------------
| curriculum/                |              |
|    stage                   | 2            |
|    window_cost             | 0.133        |
|    window_route_completion | 0.836        |
|    window_success          | 0.267        |
| paper/                     |              |
|    accel_variation         | 0.344        |
|    base_reward             | 212          |
|    collision               | 0            |
|    crash_object            | 0            |
|    crash_vehicle           | 0            |
|    episode_cost            | 1            |
|    episode_length          | 636          |
|    jerk                    | 0.307        |
|    lane_deviation          | 0.289        |
|    max_lane_deviation      | 1.07         |
|    mean_speed_kmh          | 18.1         |
|    min_ttc                 | 4.93         |
|    out_of_road             | 1            |
|    route_completion        | 0.608        |
|    shaped_reward           | -55.1        |
|    steering_variation      | 0.573        |
|    success                 | 0            |
|    ttc_risk                | 0.000563     |
| rollout/                   |              |
|    ep_len_mean             | 956          |
|    ep_rew_mean             | 82.9         |
|    success_rate            | 0.12         |
| time/                      |              |
|    fps                     | 165          |
|    iterations              | 189          |
|    time_elapsed            | 2336         |
|    total_timesteps         | 387072       |
| train/                     |              |
|    approx_kl               | 0.0133433845 |
|    clip_fraction           | 0.193        |
|    clip_range              | 0.2          |
|    entropy_loss            | -2.09        |
|    explained_variance      | 0.565        |
|    learning_rate           | 0.0003       |
|    loss                    | 1.48         |
|    n_updates               | 1880         |
|    policy_gradient_loss    | 0.000982     |
|    std                     | 0.693        |
|    value_loss              | 4.02         |
---------------------------------------------
--------------------------------------------
| curriculum/                |             |
|    stage                   | 2           |
|    window_cost             | 0.1         |
|    window_route_completion | 0.834       |
|    window_success          | 0.267       |
| paper/                     |             |
|    accel_variation         | 0.32        |
|    base_reward             | 312         |
|    collision               | 0           |
|    crash_object            | 0           |
|    crash_vehicle           | 0           |
|    episode_cost            | 0           |
|    episode_length          | 956         |
|    jerk                    | 0.298       |
|    lane_deviation          | 0.298       |
|    max_lane_deviation      | 0.988       |
|    mean_speed_kmh          | 18          |
|    min_ttc                 | 2.24        |
|    out_of_road             | 0           |
|    route_completion        | 0.988       |
|    shaped_reward           | 127         |
|    steering_variation      | 0.573       |
|    success                 | 1           |
|    ttc_risk                | 0.00877     |
| rollout/                   |             |
|    ep_len_mean             | 956         |
|    ep_rew_mean             | 86          |
|    success_rate            | 0.14        |
| time/                      |             |
|    fps                     | 165         |
|    iterations              | 190         |
|    time_elapsed            | 2352        |
|    total_timesteps         | 389120      |
| train/                     |             |
|    approx_kl               | 0.009601585 |
|    clip_fraction           | 0.129       |
|    clip_range              | 0.2         |
|    entropy_loss            | -2.09       |
|    explained_variance      | 0.0791      |
|    learning_rate           | 0.0003      |
|    loss                    | 16.5        |
|    n_updates               | 1890        |
|    policy_gradient_loss    | -0.00262    |
|    std                     | 0.693       |
|    value_loss              | 59.5        |
--------------------------------------------
---------------------------------------------
| curriculum/                |              |
|    stage                   | 2            |
|    window_cost             | 0.1          |
|    window_route_completion | 0.837        |
|    window_success          | 0.267        |
| paper/                     |              |
|    accel_variation         | 0.376        |
|    base_reward             | 372          |
|    collision               | 0            |
|    crash_object            | 0            |
|    crash_vehicle           | 0            |
|    episode_cost            | 0            |
|    episode_length          | 1000         |
|    jerk                    | 0.361        |
|    lane_deviation          | 0.273        |
|    max_lane_deviation      | 1.28         |
|    mean_speed_kmh          | 18.7         |
|    min_ttc                 | 9.31         |
|    out_of_road             | 0            |
|    route_completion        | 0.716        |
|    shaped_reward           | 133          |
|    steering_variation      | 0.568        |
|    success                 | 0            |
|    ttc_risk                | 0            |
| rollout/                   |              |
|    ep_len_mean             | 956          |
|    ep_rew_mean             | 87.5         |
|    success_rate            | 0.14         |
| time/                      |              |
|    fps                     | 165          |
|    iterations              | 191          |
|    time_elapsed            | 2368         |
|    total_timesteps         | 391168       |
| train/                     |              |
|    approx_kl               | 0.0040656887 |
|    clip_fraction           | 0.0816       |
|    clip_range              | 0.2          |
|    entropy_loss            | -2.09        |
|    explained_variance      | 0.13         |
|    learning_rate           | 0.0003       |
|    loss                    | 6.34         |
|    n_updates               | 1900         |
|    policy_gradient_loss    | -0.00498     |
|    std                     | 0.693        |
|    value_loss              | 24.6         |
---------------------------------------------
--------------------------------------------
| curriculum/                |             |
|    stage                   | 2           |
|    window_cost             | 0.1         |
|    window_route_completion | 0.84        |
|    window_success          | 0.267       |
| paper/                     |             |
|    accel_variation         | 0.337       |
|    base_reward             | 409         |
|    collision               | 0           |
|    crash_object            | 0           |
|    crash_vehicle           | 0           |
|    episode_cost            | 0           |
|    episode_length          | 1000        |
|    jerk                    | 0.312       |
|    lane_deviation          | 0.223       |
|    max_lane_deviation      | 0.975       |
|    mean_speed_kmh          | 18.7        |
|    min_ttc                 | 8.34        |
|    out_of_road             | 0           |
|    route_completion        | 0.919       |
|    shaped_reward           | 181         |
|    steering_variation      | 0.545       |
|    success                 | 0           |
|    ttc_risk                | 0           |
| rollout/                   |             |
|    ep_len_mean             | 956         |
|    ep_rew_mean             | 90.2        |
|    success_rate            | 0.14        |
| time/                      |             |
|    fps                     | 164         |
|    iterations              | 192         |
|    time_elapsed            | 2385        |
|    total_timesteps         | 393216      |
| train/                     |             |
|    approx_kl               | 0.041170083 |
|    clip_fraction           | 0.278       |
|    clip_range              | 0.2         |
|    entropy_loss            | -2.08       |
|    explained_variance      | 0.514       |
|    learning_rate           | 0.0003      |
|    loss                    | 1.1         |
|    n_updates               | 1910        |
|    policy_gradient_loss    | 0.0144      |
|    std                     | 0.689       |
|    value_loss              | 4.1         |
--------------------------------------------
-------------------------------------------
| curriculum/                |            |
|    stage                   | 2          |
|    window_cost             | 0.0667     |
|    window_route_completion | 0.849      |
|    window_success          | 0.267      |
| paper/                     |            |
|    accel_variation         | 0.398      |
|    base_reward             | 379        |
|    collision               | 0          |
|    crash_object            | 0          |
|    crash_vehicle           | 0          |
|    episode_cost            | 0          |
|    episode_length          | 1000       |
|    jerk                    | 0.358      |
|    lane_deviation          | 0.317      |
|    max_lane_deviation      | 0.95       |
|    mean_speed_kmh          | 19.1       |
|    min_ttc                 | 9.51       |
|    out_of_road             | 0          |
|    route_completion        | 0.868      |
|    shaped_reward           | 134        |
|    steering_variation      | 0.571      |
|    success                 | 0          |
|    ttc_risk                | 0          |
| rollout/                   |            |
|    ep_len_mean             | 956        |
|    ep_rew_mean             | 91.9       |
|    success_rate            | 0.15       |
| time/                      |            |
|    fps                     | 164        |
|    iterations              | 193        |
|    time_elapsed            | 2402       |
|    total_timesteps         | 395264     |
| train/                     |            |
|    approx_kl               | 0.03646239 |
|    clip_fraction           | 0.25       |
|    clip_range              | 0.2        |
|    entropy_loss            | -2.07      |
|    explained_variance      | 0.756      |
|    learning_rate           | 0.0003     |
|    loss                    | 1.06       |
|    n_updates               | 1920       |
|    policy_gradient_loss    | 0.0115     |
|    std                     | 0.684      |
|    value_loss              | 3.57       |
-------------------------------------------
-------------------------------------------
| curriculum/                |            |
|    stage                   | 2          |
|    window_cost             | 0.0667     |
|    window_route_completion | 0.855      |
|    window_success          | 0.3        |
| paper/                     |            |
|    accel_variation         | 0.372      |
|    base_reward             | 361        |
|    collision               | 0          |
|    crash_object            | 0          |
|    crash_vehicle           | 0          |
|    episode_cost            | 0          |
|    episode_length          | 975        |
|    jerk                    | 0.358      |
|    lane_deviation          | 0.31       |
|    max_lane_deviation      | 0.991      |
|    mean_speed_kmh          | 19         |
|    min_ttc                 | 6.16       |
|    out_of_road             | 0          |
|    route_completion        | 0.99       |
|    shaped_reward           | 175        |
|    steering_variation      | 0.571      |
|    success                 | 1          |
|    ttc_risk                | 0          |
| rollout/                   |            |
|    ep_len_mean             | 956        |
|    ep_rew_mean             | 94.7       |
|    success_rate            | 0.16       |
| time/                      |            |
|    fps                     | 164        |
|    iterations              | 194        |
|    time_elapsed            | 2418       |
|    total_timesteps         | 397312     |
| train/                     |            |
|    approx_kl               | 0.21485075 |
|    clip_fraction           | 0.298      |
|    clip_range              | 0.2        |
|    entropy_loss            | -2.06      |
|    explained_variance      | 0.276      |
|    learning_rate           | 0.0003     |
|    loss                    | 1.42       |
|    n_updates               | 1930       |
|    policy_gradient_loss    | 0.0149     |
|    std                     | 0.684      |
|    value_loss              | 5.23       |
-------------------------------------------
---------------------------------------------
| curriculum/                |              |
|    stage                   | 2            |
|    window_cost             | 0.1          |
|    window_route_completion | 0.829        |
|    window_success          | 0.3          |
| paper/                     |              |
|    accel_variation         | 0.364        |
|    base_reward             | 33           |
|    collision               | 1            |
|    crash_object            | 0            |
|    crash_vehicle           | 1            |
|    episode_cost            | 1            |
|    episode_length          | 109          |
|    jerk                    | 0.327        |
|    lane_deviation          | 0.186        |
|    max_lane_deviation      | 0.532        |
|    mean_speed_kmh          | 17           |
|    min_ttc                 | 1.79         |
|    out_of_road             | 0            |
|    route_completion        | 0.106        |
|    shaped_reward           | -117         |
|    steering_variation      | 0.581        |
|    success                 | 0            |
|    ttc_risk                | 0.00654      |
| rollout/                   |              |
|    ep_len_mean             | 952          |
|    ep_rew_mean             | 95.5         |
|    success_rate            | 0.17         |
| time/                      |              |
|    fps                     | 163          |
|    iterations              | 195          |
|    time_elapsed            | 2435         |
|    total_timesteps         | 399360       |
| train/                     |              |
|    approx_kl               | 0.0076665897 |
|    clip_fraction           | 0.271        |
|    clip_range              | 0.2          |
|    entropy_loss            | -2.06        |
|    explained_variance      | 0.712        |
|    learning_rate           | 0.0003       |
|    loss                    | 1.73         |
|    n_updates               | 1940         |
|    policy_gradient_loss    | 0.0176       |
|    std                     | 0.682        |
|    value_loss              | 4.54         |
---------------------------------------------
---------------------------------------------
| curriculum/                |              |
|    stage                   | 2            |
|    window_cost             | 0.0667       |
|    window_route_completion | 0.84         |
|    window_success          | 0.3          |
| paper/                     |              |
|    accel_variation         | 0.382        |
|    base_reward             | 397          |
|    collision               | 0            |
|    crash_object            | 0            |
|    crash_vehicle           | 0            |
|    episode_cost            | 0            |
|    episode_length          | 1000         |
|    jerk                    | 0.328        |
|    lane_deviation          | 0.247        |
|    max_lane_deviation      | 0.941        |
|    mean_speed_kmh          | 18.7         |
|    min_ttc                 | 4.6          |
|    out_of_road             | 0            |
|    route_completion        | 0.937        |
|    shaped_reward           | 165          |
|    steering_variation      | 0.561        |
|    success                 | 0            |
|    ttc_risk                | 0.00075      |
| rollout/                   |              |
|    ep_len_mean             | 957          |
|    ep_rew_mean             | 101          |
|    success_rate            | 0.17         |
| time/                      |              |
|    fps                     | 163          |
|    iterations              | 196          |
|    time_elapsed            | 2451         |
|    total_timesteps         | 401408       |
| train/                     |              |
|    approx_kl               | 0.0039947284 |
|    clip_fraction           | 0.0734       |
|    clip_range              | 0.2          |
|    entropy_loss            | -2.05        |
|    explained_variance      | 0.222        |
|    learning_rate           | 0.0003       |
|    loss                    | 2.81         |
|    n_updates               | 1950         |
|    policy_gradient_loss    | -0.00375     |
|    std                     | 0.682        |
|    value_loss              | 53.5         |
---------------------------------------------
--------------------------------------------
| curriculum/                |             |
|    stage                   | 2           |
|    window_cost             | 0.1         |
|    window_route_completion | 0.835       |
|    window_success          | 0.3         |
| paper/                     |             |
|    accel_variation         | 0.337       |
|    base_reward             | 432         |
|    collision               | 0           |
|    crash_object            | 0           |
|    crash_vehicle           | 0           |
|    episode_cost            | 0           |
|    episode_length          | 1000        |
|    jerk                    | 0.342       |
|    lane_deviation          | 0.186       |
|    max_lane_deviation      | 0.79        |
|    mean_speed_kmh          | 18.8        |
|    min_ttc                 | 10.4        |
|    out_of_road             | 0           |
|    route_completion        | 0.921       |
|    shaped_reward           | 204         |
|    steering_variation      | 0.556       |
|    success                 | 0           |
|    ttc_risk                | 0           |
| rollout/                   |             |
|    ep_len_mean             | 963         |
|    ep_rew_mean             | 105         |
|    success_rate            | 0.17        |
| time/                      |             |
|    fps                     | 163         |
|    iterations              | 197         |
|    time_elapsed            | 2466        |
|    total_timesteps         | 403456      |
| train/                     |             |
|    approx_kl               | 0.005571792 |
|    clip_fraction           | 0.0821      |
|    clip_range              | 0.2         |
|    entropy_loss            | -2.05       |
|    explained_variance      | 0.786       |
|    learning_rate           | 0.0003      |
|    loss                    | 2.69        |
|    n_updates               | 1960        |
|    policy_gradient_loss    | -5.13e-05   |
|    std                     | 0.68        |
|    value_loss              | 5.83        |
--------------------------------------------
--------------------------------------------
| curriculum/                |             |
|    stage                   | 2           |
|    window_cost             | 0.1         |
|    window_route_completion | 0.833       |
|    window_success          | 0.3         |
| paper/                     |             |
|    accel_variation         | 0.358       |
|    base_reward             | 375         |
|    collision               | 0           |
|    crash_object            | 0           |
|    crash_vehicle           | 0           |
|    episode_cost            | 0           |
|    episode_length          | 1000        |
|    jerk                    | 0.359       |
|    lane_deviation          | 0.28        |
|    max_lane_deviation      | 0.976       |
|    mean_speed_kmh          | 18.2        |
|    min_ttc                 | 1.9         |
|    out_of_road             | 0           |
|    route_completion        | 0.82        |
|    shaped_reward           | 123         |
|    steering_variation      | 0.543       |
|    success                 | 0           |
|    ttc_risk                | 0.00371     |
| rollout/                   |             |
|    ep_len_mean             | 963         |
|    ep_rew_mean             | 107         |
|    success_rate            | 0.18        |
| time/                      |             |
|    fps                     | 163         |
|    iterations              | 198         |
|    time_elapsed            | 2482        |
|    total_timesteps         | 405504      |
| train/                     |             |
|    approx_kl               | 0.009678615 |
|    clip_fraction           | 0.0621      |
|    clip_range              | 0.2         |
|    entropy_loss            | -2.04       |
|    explained_variance      | -0.00678    |
|    learning_rate           | 0.0003      |
|    loss                    | 10.6        |
|    n_updates               | 1970        |
|    policy_gradient_loss    | -0.00187    |
|    std                     | 0.679       |
|    value_loss              | 47.7        |
--------------------------------------------
--------------------------------------------
| curriculum/                |             |
|    stage                   | 2           |
|    window_cost             | 0.133       |
|    window_route_completion | 0.818       |
|    window_success          | 0.3         |
| paper/                     |             |
|    accel_variation         | 0.235       |
|    base_reward             | 9.76        |
|    collision               | 0           |
|    crash_object            | 0           |
|    crash_vehicle           | 0           |
|    episode_cost            | 1           |
|    episode_length          | 98          |
|    jerk                    | 0.197       |
|    lane_deviation          | 0.453       |
|    max_lane_deviation      | 1.08        |
|    mean_speed_kmh          | 15.4        |
|    min_ttc                 | nan         |
|    out_of_road             | 1           |
|    route_completion        | 0.0796      |
|    shaped_reward           | -137        |
|    steering_variation      | 0.605       |
|    success                 | 0           |
|    ttc_risk                | 0           |
| rollout/                   |             |
|    ep_len_mean             | 957         |
|    ep_rew_mean             | 109         |
|    success_rate            | 0.19        |
| time/                      |             |
|    fps                     | 162         |
|    iterations              | 199         |
|    time_elapsed            | 2500        |
|    total_timesteps         | 407552      |
| train/                     |             |
|    approx_kl               | 0.025395166 |
|    clip_fraction           | 0.152       |
|    clip_range              | 0.2         |
|    entropy_loss            | -2.04       |
|    explained_variance      | 0.454       |
|    learning_rate           | 0.0003      |
|    loss                    | 2.11        |
|    n_updates               | 1980        |
|    policy_gradient_loss    | 9.04e-05    |
|    std                     | 0.675       |
|    value_loss              | 5.75        |
--------------------------------------------
--------------------------------------------
| curriculum/                |             |
|    stage                   | 2           |
|    window_cost             | 0.167       |
|    window_route_completion | 0.805       |
|    window_success          | 0.333       |
| paper/                     |             |
|    accel_variation         | 0.363       |
|    base_reward             | 308         |
|    collision               | 0           |
|    crash_object            | 0           |
|    crash_vehicle           | 0           |
|    episode_cost            | 0           |
|    episode_length          | 781         |
|    jerk                    | 0.346       |
|    lane_deviation          | 0.297       |
|    max_lane_deviation      | 0.99        |
|    mean_speed_kmh          | 18.4        |
|    min_ttc                 | 2.76        |
|    out_of_road             | 0           |
|    route_completion        | 0.993       |
|    shaped_reward           | 166         |
|    steering_variation      | 0.57        |
|    success                 | 1           |
|    ttc_risk                | 0.00201     |
| rollout/                   |             |
|    ep_len_mean             | 947         |
|    ep_rew_mean             | 108         |
|    success_rate            | 0.2         |
| time/                      |             |
|    fps                     | 162         |
|    iterations              | 200         |
|    time_elapsed            | 2518        |
|    total_timesteps         | 409600      |
| train/                     |             |
|    approx_kl               | 0.003717543 |
|    clip_fraction           | 0.18        |
|    clip_range              | 0.2         |
|    entropy_loss            | -2.03       |
|    explained_variance      | 0.366       |
|    learning_rate           | 0.0003      |
|    loss                    | 11.6        |
|    n_updates               | 1990        |
|    policy_gradient_loss    | 0.00765     |
|    std                     | 0.674       |
|    value_loss              | 87.5        |
--------------------------------------------
--------------------------------------------
| curriculum/                |             |
|    stage                   | 2           |
|    window_cost             | 0.167       |
|    window_route_completion | 0.807       |
|    window_success          | 0.333       |
| paper/                     |             |
|    accel_variation         | 0.33        |
|    base_reward             | 407         |
|    collision               | 0           |
|    crash_object            | 0           |
|    crash_vehicle           | 0           |
|    episode_cost            | 0           |
|    episode_length          | 1000        |
|    jerk                    | 0.332       |
|    lane_deviation          | 0.23        |
|    max_lane_deviation      | 0.86        |
|    mean_speed_kmh          | 18.7        |
|    min_ttc                 | 9.25        |
|    out_of_road             | 0           |
|    route_completion        | 0.831       |
|    shaped_reward           | 178         |
|    steering_variation      | 0.56        |
|    success                 | 0           |
|    ttc_risk                | 0           |
| rollout/                   |             |
|    ep_len_mean             | 947         |
|    ep_rew_mean             | 111         |
|    success_rate            | 0.21        |
| time/                      |             |
|    fps                     | 162         |
|    iterations              | 201         |
|    time_elapsed            | 2535        |
|    total_timesteps         | 411648      |
| train/                     |             |
|    approx_kl               | 0.004488196 |
|    clip_fraction           | 0.0962      |
|    clip_range              | 0.2         |
|    entropy_loss            | -2.02       |
|    explained_variance      | 0.352       |
|    learning_rate           | 0.0003      |
|    loss                    | 105         |
|    n_updates               | 2000        |
|    policy_gradient_loss    | -0.00242    |
|    std                     | 0.675       |
|    value_loss              | 88.6        |
--------------------------------------------
--------------------------------------------
| curriculum/                |             |
|    stage                   | 2           |
|    window_cost             | 0.133       |
|    window_route_completion | 0.832       |
|    window_success          | 0.4         |
| paper/                     |             |
|    accel_variation         | 0.38        |
|    base_reward             | 335         |
|    collision               | 0           |
|    crash_object            | 0           |
|    crash_vehicle           | 0           |
|    episode_cost            | 0           |
|    episode_length          | 888         |
|    jerk                    | 0.359       |
|    lane_deviation          | 0.313       |
|    max_lane_deviation      | 0.991       |
|    mean_speed_kmh          | 18.6        |
|    min_ttc                 | 8.39        |
|    out_of_road             | 0           |
|    route_completion        | 0.991       |
|    shaped_reward           | 175         |
|    steering_variation      | 0.567       |
|    success                 | 1           |
|    ttc_risk                | 0           |
| rollout/                   |             |
|    ep_len_mean             | 944         |
|    ep_rew_mean             | 113         |
|    success_rate            | 0.23        |
| time/                      |             |
|    fps                     | 162         |
|    iterations              | 202         |
|    time_elapsed            | 2553        |
|    total_timesteps         | 413696      |
| train/                     |             |
|    approx_kl               | 0.044833623 |
|    clip_fraction           | 0.353       |
|    clip_range              | 0.2         |
|    entropy_loss            | -2.02       |
|    explained_variance      | 0.82        |
|    learning_rate           | 0.0003      |
|    loss                    | 1.8         |
|    n_updates               | 2010        |
|    policy_gradient_loss    | 0.0345      |
|    std                     | 0.674       |
|    value_loss              | 4.78        |
--------------------------------------------
---------------------------------------------
| curriculum/                |              |
|    stage                   | 2            |
|    window_cost             | 0.2          |
|    window_route_completion | 0.784        |
|    window_success          | 0.333        |
| paper/                     |              |
|    accel_variation         | 0.372        |
|    base_reward             | 382          |
|    collision               | 0            |
|    crash_object            | 0            |
|    crash_vehicle           | 0            |
|    episode_cost            | 0            |
|    episode_length          | 1000         |
|    jerk                    | 0.36         |
|    lane_deviation          | 0.291        |
|    max_lane_deviation      | 1.21         |
|    mean_speed_kmh          | 18.7         |
|    min_ttc                 | 4.38         |
|    out_of_road             | 0            |
|    route_completion        | 0.817        |
|    shaped_reward           | 137          |
|    steering_variation      | 0.555        |
|    success                 | 0            |
|    ttc_risk                | 0.000525     |
| rollout/                   |              |
|    ep_len_mean             | 929          |
|    ep_rew_mean             | 109          |
|    success_rate            | 0.23         |
| time/                      |              |
|    fps                     | 161          |
|    iterations              | 203          |
|    time_elapsed            | 2573         |
|    total_timesteps         | 415744       |
| train/                     |              |
|    approx_kl               | 0.0033305604 |
|    clip_fraction           | 0.0789       |
|    clip_range              | 0.2          |
|    entropy_loss            | -2.02        |
|    explained_variance      | 0.886        |
|    learning_rate           | 0.0003       |
|    loss                    | 2            |
|    n_updates               | 2020         |
|    policy_gradient_loss    | -0.00298     |
|    std                     | 0.672        |
|    value_loss              | 5.75         |
---------------------------------------------
--------------------------------------------
| curriculum/                |             |
|    stage                   | 2           |
|    window_cost             | 0.2         |
|    window_route_completion | 0.775       |
|    window_success          | 0.333       |
| paper/                     |             |
|    accel_variation         | 0.338       |
|    base_reward             | 295         |
|    collision               | 0           |
|    crash_object            | 0           |
|    crash_vehicle           | 0           |
|    episode_cost            | 0           |
|    episode_length          | 1000        |
|    jerk                    | 0.324       |
|    lane_deviation          | 0.295       |
|    max_lane_deviation      | 1.02        |
|    mean_speed_kmh          | 17.1        |
|    min_ttc                 | 5.01        |
|    out_of_road             | 0           |
|    route_completion        | 0.795       |
|    shaped_reward           | 82.2        |
|    steering_variation      | 0.578       |
|    success                 | 0           |
|    ttc_risk                | 0.000994    |
| rollout/                   |             |
|    ep_len_mean             | 929         |
|    ep_rew_mean             | 109         |
|    success_rate            | 0.23        |
| time/                      |             |
|    fps                     | 161         |
|    iterations              | 204         |
|    time_elapsed            | 2592        |
|    total_timesteps         | 417792      |
| train/                     |             |
|    approx_kl               | 0.007918188 |
|    clip_fraction           | 0.0318      |
|    clip_range              | 0.2         |
|    entropy_loss            | -2.01       |
|    explained_variance      | 0.186       |
|    learning_rate           | 0.0003      |
|    loss                    | 40          |
|    n_updates               | 2030        |
|    policy_gradient_loss    | -0.00379    |
|    std                     | 0.669       |
|    value_loss              | 114         |
--------------------------------------------
--------------------------------------------
| curriculum/                |             |
|    stage                   | 2           |
|    window_cost             | 0.233       |
|    window_route_completion | 0.764       |
|    window_success          | 0.333       |
| paper/                     |             |
|    accel_variation         | 0.386       |
|    base_reward             | 326         |
|    collision               | 1           |
|    crash_object            | 0           |
|    crash_vehicle           | 1           |
|    episode_cost            | 1           |
|    episode_length          | 890         |
|    jerk                    | 0.381       |
|    lane_deviation          | 0.298       |
|    max_lane_deviation      | 0.993       |
|    mean_speed_kmh          | 18.5        |
|    min_ttc                 | 3.67        |
|    out_of_road             | 0           |
|    route_completion        | 0.549       |
|    shaped_reward           | -26.9       |
|    steering_variation      | 0.558       |
|    success                 | 0           |
|    ttc_risk                | 0.00129     |
| rollout/                   |             |
|    ep_len_mean             | 927         |
|    ep_rew_mean             | 109         |
|    success_rate            | 0.24        |
| time/                      |             |
|    fps                     | 160         |
|    iterations              | 205         |
|    time_elapsed            | 2612        |
|    total_timesteps         | 419840      |
| train/                     |             |
|    approx_kl               | 0.010180904 |
|    clip_fraction           | 0.193       |
|    clip_range              | 0.2         |
|    entropy_loss            | -2          |
|    explained_variance      | 0.758       |
|    learning_rate           | 0.0003      |
|    loss                    | 1.67        |
|    n_updates               | 2040        |
|    policy_gradient_loss    | -0.00122    |
|    std                     | 0.663       |
|    value_loss              | 3.43        |
--------------------------------------------
--------------------------------------------
| curriculum/                |             |
|    stage                   | 2           |
|    window_cost             | 0.233       |
|    window_route_completion | 0.765       |
|    window_success          | 0.333       |
| paper/                     |             |
|    accel_variation         | 0.425       |
|    base_reward             | 401         |
|    collision               | 0           |
|    crash_object            | 0           |
|    crash_vehicle           | 0           |
|    episode_cost            | 0           |
|    episode_length          | 1000        |
|    jerk                    | 0.398       |
|    lane_deviation          | 0.216       |
|    max_lane_deviation      | 0.802       |
|    mean_speed_kmh          | 18.2        |
|    min_ttc                 | 3.91        |
|    out_of_road             | 0           |
|    route_completion        | 0.819       |
|    shaped_reward           | 167         |
|    steering_variation      | 0.559       |
|    success                 | 0           |
|    ttc_risk                | 0.00147     |
| rollout/                   |             |
|    ep_len_mean             | 927         |
|    ep_rew_mean             | 110         |
|    success_rate            | 0.24        |
| time/                      |             |
|    fps                     | 160         |
|    iterations              | 206         |
|    time_elapsed            | 2630        |
|    total_timesteps         | 421888      |
| train/                     |             |
|    approx_kl               | 0.003411619 |
|    clip_fraction           | 0.0708      |
|    clip_range              | 0.2         |
|    entropy_loss            | -1.98       |
|    explained_variance      | 0.132       |
|    learning_rate           | 0.0003      |
|    loss                    | 34.5        |
|    n_updates               | 2050        |
|    policy_gradient_loss    | -0.00486    |
|    std                     | 0.663       |
|    value_loss              | 81.9        |
--------------------------------------------
-------------------------------------------
| curriculum/                |            |
|    stage                   | 2          |
|    window_cost             | 0.267      |
|    window_route_completion | 0.743      |
|    window_success          | 0.3        |
| paper/                     |            |
|    accel_variation         | 0.375      |
|    base_reward             | 97.6       |
|    collision               | 0          |
|    crash_object            | 0          |
|    crash_vehicle           | 0          |
|    episode_cost            | 1          |
|    episode_length          | 364        |
|    jerk                    | 0.392      |
|    lane_deviation          | 0.38       |
|    max_lane_deviation      | 1.02       |
|    mean_speed_kmh          | 18         |
|    min_ttc                 | 7.87       |
|    out_of_road             | 1          |
|    route_completion        | 0.284      |
|    shaped_reward           | -112       |
|    steering_variation      | 0.509      |
|    success                 | 0          |
|    ttc_risk                | 0          |
| rollout/                   |            |
|    ep_len_mean             | 915        |
|    ep_rew_mean             | 106        |
|    success_rate            | 0.24       |
| time/                      |            |
|    fps                     | 159        |
|    iterations              | 207        |
|    time_elapsed            | 2650       |
|    total_timesteps         | 423936     |
| train/                     |            |
|    approx_kl               | 0.00555751 |
|    clip_fraction           | 0.0286     |
|    clip_range              | 0.2        |
|    entropy_loss            | -1.98      |
|    explained_variance      | 0.833      |
|    learning_rate           | 0.0003     |
|    loss                    | 1.4        |
|    n_updates               | 2060       |
|    policy_gradient_loss    | -0.00282   |
|    std                     | 0.662      |
|    value_loss              | 4.23       |
-------------------------------------------
---------------------------------------------
| curriculum/                |              |
|    stage                   | 2            |
|    window_cost             | 0.3          |
|    window_route_completion | 0.733        |
|    window_success          | 0.267        |
| paper/                     |              |
|    accel_variation         | 0.401        |
|    base_reward             | 292          |
|    collision               | 0            |
|    crash_object            | 0            |
|    crash_vehicle           | 0            |
|    episode_cost            | 1            |
|    episode_length          | 923          |
|    jerk                    | 0.37         |
|    lane_deviation          | 0.307        |
|    max_lane_deviation      | 1.13         |
|    mean_speed_kmh          | 18.4         |
|    min_ttc                 | 12           |
|    out_of_road             | 1            |
|    route_completion        | 0.572        |
|    shaped_reward           | -45.8        |
|    steering_variation      | 0.546        |
|    success                 | 0            |
|    ttc_risk                | 0            |
| rollout/                   |              |
|    ep_len_mean             | 914          |
|    ep_rew_mean             | 105          |
|    success_rate            | 0.24         |
| time/                      |              |
|    fps                     | 159          |
|    iterations              | 208          |
|    time_elapsed            | 2668         |
|    total_timesteps         | 425984       |
| train/                     |              |
|    approx_kl               | 0.0027778638 |
|    clip_fraction           | 0.178        |
|    clip_range              | 0.2          |
|    entropy_loss            | -1.98        |
|    explained_variance      | 0.182        |
|    learning_rate           | 0.0003       |
|    loss                    | 19.8         |
|    n_updates               | 2070         |
|    policy_gradient_loss    | 0.00354      |
|    std                     | 0.661        |
|    value_loss              | 93.8         |
---------------------------------------------
--------------------------------------------
| curriculum/                |             |
|    stage                   | 2           |
|    window_cost             | 0.3         |
|    window_route_completion | 0.737       |
|    window_success          | 0.3         |
| paper/                     |             |
|    accel_variation         | 0.411       |
|    base_reward             | 176         |
|    collision               | 1           |
|    crash_object            | 0           |
|    crash_vehicle           | 1           |
|    episode_cost            | 1           |
|    episode_length          | 596         |
|    jerk                    | 0.403       |
|    lane_deviation          | 0.411       |
|    max_lane_deviation      | 0.956       |
|    mean_speed_kmh          | 18.2        |
|    min_ttc                 | 1.39        |
|    out_of_road             | 0           |
|    route_completion        | 0.705       |
|    shaped_reward           | -97.5       |
|    steering_variation      | 0.528       |
|    success                 | 0           |
|    ttc_risk                | 0.00319     |
| rollout/                   |             |
|    ep_len_mean             | 910         |
|    ep_rew_mean             | 104         |
|    success_rate            | 0.25        |
| time/                      |             |
|    fps                     | 159         |
|    iterations              | 209         |
|    time_elapsed            | 2687        |
|    total_timesteps         | 428032      |
| train/                     |             |
|    approx_kl               | 0.004545599 |
|    clip_fraction           | 0.0372      |
|    clip_range              | 0.2         |
|    entropy_loss            | -1.98       |
|    explained_variance      | 0.265       |
|    learning_rate           | 0.0003      |
|    loss                    | 9.66        |
|    n_updates               | 2080        |
|    policy_gradient_loss    | -0.00799    |
|    std                     | 0.662       |
|    value_loss              | 39          |
--------------------------------------------
--------------------------------------------
| curriculum/                |             |
|    stage                   | 2           |
|    window_cost             | 0.333       |
|    window_route_completion | 0.716       |
|    window_success          | 0.233       |
| paper/                     |             |
|    accel_variation         | 0.362       |
|    base_reward             | 360         |
|    collision               | 0           |
|    crash_object            | 0           |
|    crash_vehicle           | 0           |
|    episode_cost            | 0           |
|    episode_length          | 1000        |
|    jerk                    | 0.318       |
|    lane_deviation          | 0.267       |
|    max_lane_deviation      | 0.973       |
|    mean_speed_kmh          | 17          |
|    min_ttc                 | 1.89        |
|    out_of_road             | 0           |
|    route_completion        | 0.953       |
|    shaped_reward           | 41.1        |
|    steering_variation      | 0.53        |
|    success                 | 0           |
|    ttc_risk                | 0.0236      |
| rollout/                   |             |
|    ep_len_mean             | 904         |
|    ep_rew_mean             | 102         |
|    success_rate            | 0.25        |
| time/                      |             |
|    fps                     | 158         |
|    iterations              | 210         |
|    time_elapsed            | 2705        |
|    total_timesteps         | 430080      |
| train/                     |             |
|    approx_kl               | 0.004721524 |
|    clip_fraction           | 0.0565      |
|    clip_range              | 0.2         |
|    entropy_loss            | -1.98       |
|    explained_variance      | 0.378       |
|    learning_rate           | 0.0003      |
|    loss                    | 23.7        |
|    n_updates               | 2090        |
|    policy_gradient_loss    | -0.00388    |
|    std                     | 0.662       |
|    value_loss              | 67.7        |
--------------------------------------------
--------------------------------------------
| curriculum/                |             |
|    stage                   | 2           |
|    window_cost             | 0.333       |
|    window_route_completion | 0.727       |
|    window_success          | 0.233       |
| paper/                     |             |
|    accel_variation         | 0.389       |
|    base_reward             | 403         |
|    collision               | 0           |
|    crash_object            | 0           |
|    crash_vehicle           | 0           |
|    episode_cost            | 0           |
|    episode_length          | 1000        |
|    jerk                    | 0.368       |
|    lane_deviation          | 0.24        |
|    max_lane_deviation      | 0.993       |
|    mean_speed_kmh          | 18.9        |
|    min_ttc                 | 7.45        |
|    out_of_road             | 0           |
|    route_completion        | 0.79        |
|    shaped_reward           | 170         |
|    steering_variation      | 0.509       |
|    success                 | 0           |
|    ttc_risk                | 0           |
| rollout/                   |             |
|    ep_len_mean             | 899         |
|    ep_rew_mean             | 102         |
|    success_rate            | 0.25        |
| time/                      |             |
|    fps                     | 158         |
|    iterations              | 211         |
|    time_elapsed            | 2722        |
|    total_timesteps         | 432128      |
| train/                     |             |
|    approx_kl               | 0.008650528 |
|    clip_fraction           | 0.0735      |
|    clip_range              | 0.2         |
|    entropy_loss            | -1.98       |
|    explained_variance      | 0.554       |
|    learning_rate           | 0.0003      |
|    loss                    | 22.7        |
|    n_updates               | 2100        |
|    policy_gradient_loss    | -0.00394    |
|    std                     | 0.661       |
|    value_loss              | 64.9        |
--------------------------------------------
-------------------------------------------
| curriculum/                |            |
|    stage                   | 2          |
|    window_cost             | 0.333      |
|    window_route_completion | 0.742      |
|    window_success          | 0.2        |
| paper/                     |            |
|    accel_variation         | 0.414      |
|    base_reward             | 339        |
|    collision               | 0          |
|    crash_object            | 0          |
|    crash_vehicle           | 0          |
|    episode_cost            | 0          |
|    episode_length          | 1000       |
|    jerk                    | 0.412      |
|    lane_deviation          | 0.382      |
|    max_lane_deviation      | 0.999      |
|    mean_speed_kmh          | 18.8       |
|    min_ttc                 | 5.93       |
|    out_of_road             | 0          |
|    route_completion        | 0.82       |
|    shaped_reward           | 80.5       |
|    steering_variation      | 0.547      |
|    success                 | 0          |
|    ttc_risk                | 1.12e-05   |
| rollout/                   |            |
|    ep_len_mean             | 897        |
|    ep_rew_mean             | 100        |
|    success_rate            | 0.25       |
| time/                      |            |
|    fps                     | 158        |
|    iterations              | 212        |
|    time_elapsed            | 2740       |
|    total_timesteps         | 434176     |
| train/                     |            |
|    approx_kl               | 0.13743418 |
|    clip_fraction           | 0.31       |
|    clip_range              | 0.2        |
|    entropy_loss            | -1.97      |
|    explained_variance      | 0.159      |
|    learning_rate           | 0.0003     |
|    loss                    | 22.4       |
|    n_updates               | 2110       |
|    policy_gradient_loss    | 0.00498    |
|    std                     | 0.658      |
|    value_loss              | 94.9       |
-------------------------------------------
--------------------------------------------
| curriculum/                |             |
|    stage                   | 2           |
|    window_cost             | 0.333       |
|    window_route_completion | 0.74        |
|    window_success          | 0.2         |
| paper/                     |             |
|    accel_variation         | 0.43        |
|    base_reward             | 434         |
|    collision               | 0           |
|    crash_object            | 0           |
|    crash_vehicle           | 0           |
|    episode_cost            | 0           |
|    episode_length          | 1000        |
|    jerk                    | 0.425       |
|    lane_deviation          | 0.192       |
|    max_lane_deviation      | 0.699       |
|    mean_speed_kmh          | 18.9        |
|    min_ttc                 | 7.96        |
|    out_of_road             | 0           |
|    route_completion        | 0.773       |
|    shaped_reward           | 198         |
|    steering_variation      | 0.548       |
|    success                 | 0           |
|    ttc_risk                | 0           |
| rollout/                   |             |
|    ep_len_mean             | 897         |
|    ep_rew_mean             | 102         |
|    success_rate            | 0.26        |
| time/                      |             |
|    fps                     | 158         |
|    iterations              | 213         |
|    time_elapsed            | 2758        |
|    total_timesteps         | 436224      |
| train/                     |             |
|    approx_kl               | 0.011209895 |
|    clip_fraction           | 0.438       |
|    clip_range              | 0.2         |
|    entropy_loss            | -1.97       |
|    explained_variance      | 0.462       |
|    learning_rate           | 0.0003      |
|    loss                    | 3.56        |
|    n_updates               | 2120        |
|    policy_gradient_loss    | 0.0256      |
|    std                     | 0.657       |
|    value_loss              | 20          |
--------------------------------------------
--------------------------------------------
| curriculum/                |             |
|    stage                   | 2           |
|    window_cost             | 0.367       |
|    window_route_completion | 0.732       |
|    window_success          | 0.167       |
| paper/                     |             |
|    accel_variation         | 0.432       |
|    base_reward             | 258         |
|    collision               | 1           |
|    crash_object            | 0           |
|    crash_vehicle           | 1           |
|    episode_cost            | 1           |
|    episode_length          | 719         |
|    jerk                    | 0.389       |
|    lane_deviation          | 0.287       |
|    max_lane_deviation      | 0.989       |
|    mean_speed_kmh          | 18.9        |
|    min_ttc                 | 8.02        |
|    out_of_road             | 0           |
|    route_completion        | 0.691       |
|    shaped_reward           | -36.6       |
|    steering_variation      | 0.546       |
|    success                 | 0           |
|    ttc_risk                | 0           |
| rollout/                   |             |
|    ep_len_mean             | 895         |
|    ep_rew_mean             | 103         |
|    success_rate            | 0.27        |
| time/                      |             |
|    fps                     | 157         |
|    iterations              | 214         |
|    time_elapsed            | 2777        |
|    total_timesteps         | 438272      |
| train/                     |             |
|    approx_kl               | 0.022085214 |
|    clip_fraction           | 0.223       |
|    clip_range              | 0.2         |
|    entropy_loss            | -1.97       |
|    explained_variance      | 0.573       |
|    learning_rate           | 0.0003      |
|    loss                    | 2.44        |
|    n_updates               | 2130        |
|    policy_gradient_loss    | 0.00092     |
|    std                     | 0.658       |
|    value_loss              | 6.01        |
--------------------------------------------
---------------------------------------------
| curriculum/                |              |
|    stage                   | 2            |
|    window_cost             | 0.333        |
|    window_route_completion | 0.758        |
|    window_success          | 0.2          |
| paper/                     |              |
|    accel_variation         | 0.379        |
|    base_reward             | 345          |
|    collision               | 0            |
|    crash_object            | 0            |
|    crash_vehicle           | 0            |
|    episode_cost            | 0            |
|    episode_length          | 1000         |
|    jerk                    | 0.367        |
|    lane_deviation          | 0.323        |
|    max_lane_deviation      | 1.39         |
|    mean_speed_kmh          | 18.5         |
|    min_ttc                 | 5.78         |
|    out_of_road             | 0            |
|    route_completion        | 0.812        |
|    shaped_reward           | 97.3         |
|    steering_variation      | 0.538        |
|    success                 | 0            |
|    ttc_risk                | 9.66e-05     |
| rollout/                   |              |
|    ep_len_mean             | 894          |
|    ep_rew_mean             | 103          |
|    success_rate            | 0.27         |
| time/                      |              |
|    fps                     | 157          |
|    iterations              | 215          |
|    time_elapsed            | 2795         |
|    total_timesteps         | 440320       |
| train/                     |              |
|    approx_kl               | 0.0049211923 |
|    clip_fraction           | 0.0312       |
|    clip_range              | 0.2          |
|    entropy_loss            | -1.97        |
|    explained_variance      | 0.486        |
|    learning_rate           | 0.0003       |
|    loss                    | 7.71         |
|    n_updates               | 2140         |
|    policy_gradient_loss    | -0.00576     |
|    std                     | 0.658        |
|    value_loss              | 39.4         |
---------------------------------------------
--------------------------------------------
| curriculum/                |             |
|    stage                   | 2           |
|    window_cost             | 0.3         |
|    window_route_completion | 0.783       |
|    window_success          | 0.233       |
| paper/                     |             |
|    accel_variation         | 0.401       |
|    base_reward             | 373         |
|    collision               | 0           |
|    crash_object            | 0           |
|    crash_vehicle           | 0           |
|    episode_cost            | 0           |
|    episode_length          | 1000        |
|    jerk                    | 0.382       |
|    lane_deviation          | 0.284       |
|    max_lane_deviation      | 0.962       |
|    mean_speed_kmh          | 18          |
|    min_ttc                 | 5.01        |
|    out_of_road             | 0           |
|    route_completion        | 0.874       |
|    shaped_reward           | 136         |
|    steering_variation      | 0.548       |
|    success                 | 0           |
|    ttc_risk                | 0.000432    |
| rollout/                   |             |
|    ep_len_mean             | 893         |
|    ep_rew_mean             | 104         |
|    success_rate            | 0.28        |
| time/                      |             |
|    fps                     | 157         |
|    iterations              | 216         |
|    time_elapsed            | 2815        |
|    total_timesteps         | 442368      |
| train/                     |             |
|    approx_kl               | 0.019392295 |
|    clip_fraction           | 0.118       |
|    clip_range              | 0.2         |
|    entropy_loss            | -1.96       |
|    explained_variance      | 0.789       |
|    learning_rate           | 0.0003      |
|    loss                    | 3.17        |
|    n_updates               | 2150        |
|    policy_gradient_loss    | 0.00264     |
|    std                     | 0.651       |
|    value_loss              | 6.51        |
--------------------------------------------
-------------------------------------------
| curriculum/                |            |
|    stage                   | 2          |
|    window_cost             | 0.333      |
|    window_route_completion | 0.778      |
|    window_success          | 0.233      |
| paper/                     |            |
|    accel_variation         | 0.345      |
|    base_reward             | 204        |
|    collision               | 1          |
|    crash_object            | 0          |
|    crash_vehicle           | 1          |
|    episode_cost            | 1          |
|    episode_length          | 666        |
|    jerk                    | 0.345      |
|    lane_deviation          | 0.357      |
|    max_lane_deviation      | 0.999      |
|    mean_speed_kmh          | 17.6       |
|    min_ttc                 | 2.84       |
|    out_of_road             | 0          |
|    route_completion        | 0.671      |
|    shaped_reward           | -87.7      |
|    steering_variation      | 0.518      |
|    success                 | 0          |
|    ttc_risk                | 0.00313    |
| rollout/                   |            |
|    ep_len_mean             | 891        |
|    ep_rew_mean             | 100        |
|    success_rate            | 0.27       |
| time/                      |            |
|    fps                     | 156        |
|    iterations              | 217        |
|    time_elapsed            | 2833       |
|    total_timesteps         | 444416     |
| train/                     |            |
|    approx_kl               | 0.03290957 |
|    clip_fraction           | 0.219      |
|    clip_range              | 0.2        |
|    entropy_loss            | -1.94      |
|    explained_variance      | 0.439      |
|    learning_rate           | 0.0003     |
|    loss                    | 1.74       |
|    n_updates               | 2160       |
|    policy_gradient_loss    | -0.00457   |
|    std                     | 0.649      |
|    value_loss              | 7.27       |
-------------------------------------------
--------------------------------------------
| curriculum/                |             |
|    stage                   | 2           |
|    window_cost             | 0.3         |
|    window_route_completion | 0.78        |
|    window_success          | 0.2         |
| paper/                     |             |
|    accel_variation         | 0.399       |
|    base_reward             | 412         |
|    collision               | 0           |
|    crash_object            | 0           |
|    crash_vehicle           | 0           |
|    episode_cost            | 0           |
|    episode_length          | 1000        |
|    jerk                    | 0.368       |
|    lane_deviation          | 0.245       |
|    max_lane_deviation      | 1.15        |
|    mean_speed_kmh          | 18.9        |
|    min_ttc                 | 6.93        |
|    out_of_road             | 0           |
|    route_completion        | 0.718       |
|    shaped_reward           | 165         |
|    steering_variation      | 0.528       |
|    success                 | 0           |
|    ttc_risk                | 0           |
| rollout/                   |             |
|    ep_len_mean             | 891         |
|    ep_rew_mean             | 100         |
|    success_rate            | 0.27        |
| time/                      |             |
|    fps                     | 156         |
|    iterations              | 218         |
|    time_elapsed            | 2852        |
|    total_timesteps         | 446464      |
| train/                     |             |
|    approx_kl               | 0.012832146 |
|    clip_fraction           | 0.145       |
|    clip_range              | 0.2         |
|    entropy_loss            | -1.94       |
|    explained_variance      | 0.367       |
|    learning_rate           | 0.0003      |
|    loss                    | 6.46        |
|    n_updates               | 2170        |
|    policy_gradient_loss    | -0.00221    |
|    std                     | 0.648       |
|    value_loss              | 40.5        |
--------------------------------------------
-------------------------------------------
| curriculum/                |            |
|    stage                   | 2          |
|    window_cost             | 0.333      |
|    window_route_completion | 0.763      |
|    window_success          | 0.167      |
| paper/                     |            |
|    accel_variation         | 0.407      |
|    base_reward             | 375        |
|    collision               | 0          |
|    crash_object            | 0          |
|    crash_vehicle           | 0          |
|    episode_cost            | 0          |
|    episode_length          | 1000       |
|    jerk                    | 0.385      |
|    lane_deviation          | 0.307      |
|    max_lane_deviation      | 0.993      |
|    mean_speed_kmh          | 18.6       |
|    min_ttc                 | 5.24       |
|    out_of_road             | 0          |
|    route_completion        | 0.812      |
|    shaped_reward           | 131        |
|    steering_variation      | 0.541      |
|    success                 | 0          |
|    ttc_risk                | 0.000346   |
| rollout/                   |            |
|    ep_len_mean             | 889        |
|    ep_rew_mean             | 99.8       |
|    success_rate            | 0.27       |
| time/                      |            |
|    fps                     | 156        |
|    iterations              | 219        |
|    time_elapsed            | 2871       |
|    total_timesteps         | 448512     |
| train/                     |            |
|    approx_kl               | 0.17732343 |
|    clip_fraction           | 0.256      |
|    clip_range              | 0.2        |
|    entropy_loss            | -1.92      |
|    explained_variance      | 0.0837     |
|    learning_rate           | 0.0003     |
|    loss                    | 2.56       |
|    n_updates               | 2180       |
|    policy_gradient_loss    | 0.00521    |
|    std                     | 0.638      |
|    value_loss              | 7.75       |
-------------------------------------------
-----------------------------------------
| curriculum/                |          |
|    stage                   | 1        |
|    window_cost             | 0.667    |
|    window_route_completion | 0.379    |
|    window_success          | 0.0667   |
| paper/                     |          |
|    accel_variation         | 0.258    |
|    base_reward             | -8.09    |
|    collision               | 0        |
|    crash_object            | 0        |
|    crash_vehicle           | 0        |
|    episode_cost            | 1        |
|    episode_length          | 45       |
|    jerk                    | 0.268    |
|    lane_deviation          | 0.468    |
|    max_lane_deviation      | 1.08     |
|    mean_speed_kmh          | 12.2     |
|    min_ttc                 | nan      |
|    out_of_road             | 1        |
|    route_completion        | 0.0186   |
|    shaped_reward           | -141     |
|    steering_variation      | 0.0366   |
|    success                 | 0        |
|    ttc_risk                | 0        |
| rollout/                   |          |
|    ep_len_mean             | 524      |
|    ep_rew_mean             | -15.7    |
|    success_rate            | 0.14     |
| time/                      |          |
|    fps                     | 155      |
|    iterations              | 220      |
|    time_elapsed            | 2899     |
|    total_timesteps         | 450560   |
| train/                     |          |
|    approx_kl               | 7.271043 |
|    clip_fraction           | 0.955    |
|    clip_range              | 0.2      |
|    entropy_loss            | -1.91    |
|    explained_variance      | 0.137    |
|    learning_rate           | 0.0003   |
|    loss                    | 21.2     |
|    n_updates               | 2190     |
|    policy_gradient_loss    | 0.261    |
|    std                     | 0.64     |
|    value_loss              | 86.6     |
-----------------------------------------
--------------------------------------------
| curriculum/                |             |
|    stage                   | 0           |
|    window_cost             | 1           |
|    window_route_completion | 0.0694      |
|    window_success          | 0           |
| paper/                     |             |
|    accel_variation         | 0.244       |
|    base_reward             | -8.16       |
|    collision               | 0           |
|    crash_object            | 0           |
|    crash_vehicle           | 0           |
|    episode_cost            | 1           |
|    episode_length          | 43          |
|    jerk                    | 0.222       |
|    lane_deviation          | 0.609       |
|    max_lane_deviation      | 2           |
|    mean_speed_kmh          | 13.3        |
|    min_ttc                 | nan         |
|    out_of_road             | 1           |
|    route_completion        | 0.0592      |
|    shaped_reward           | -148        |
|    steering_variation      | 0.0441      |
|    success                 | 0           |
|    ttc_risk                | 0           |
| rollout/                   |             |
|    ep_len_mean             | 157         |
|    ep_rew_mean             | -120        |
|    success_rate            | 0.02        |
| time/                      |             |
|    fps                     | 155         |
|    iterations              | 221         |
|    time_elapsed            | 2915        |
|    total_timesteps         | 452608      |
| train/                     |             |
|    approx_kl               | 0.004936125 |
|    clip_fraction           | 0.142       |
|    clip_range              | 0.2         |
|    entropy_loss            | -1.91       |
|    explained_variance      | -1.7        |
|    learning_rate           | 0.0003      |
|    loss                    | 308         |
|    n_updates               | 2200        |
|    policy_gradient_loss    | 0.000615    |
|    std                     | 0.64        |
|    value_loss              | 1.42e+03    |
--------------------------------------------
--------------------------------------------
| curriculum/                |             |
|    stage                   | 0           |
|    window_cost             | 1           |
|    window_route_completion | 0.0711      |
|    window_success          | 0           |
| paper/                     |             |
|    accel_variation         | 0.174       |
|    base_reward             | -8.75       |
|    collision               | 0           |
|    crash_object            | 0           |
|    crash_vehicle           | 0           |
|    episode_cost            | 1           |
|    episode_length          | 33          |
|    jerk                    | 0.19        |
|    lane_deviation          | 0.867       |
|    max_lane_deviation      | 2           |
|    mean_speed_kmh          | 10.8        |
|    min_ttc                 | nan         |
|    out_of_road             | 1           |
|    route_completion        | 0.0795      |
|    shaped_reward           | -153        |
|    steering_variation      | 0.105       |
|    success                 | 0           |
|    ttc_risk                | 0           |
| rollout/                   |             |
|    ep_len_mean             | 43.7        |
|    ep_rew_mean             | -147        |
|    success_rate            | 0           |
| time/                      |             |
|    fps                     | 155         |
|    iterations              | 222         |
|    time_elapsed            | 2930        |
|    total_timesteps         | 454656      |
| train/                     |             |
|    approx_kl               | 0.004236672 |
|    clip_fraction           | 0.0186      |
|    clip_range              | 0.2         |
|    entropy_loss            | -1.91       |
|    explained_variance      | 0.746       |
|    learning_rate           | 0.0003      |
|    loss                    | 24.5        |
|    n_updates               | 2210        |
|    policy_gradient_loss    | -0.000751   |
|    std                     | 0.639       |
|    value_loss              | 386         |
--------------------------------------------
--------------------------------------------
| curriculum/                |             |
|    stage                   | 0           |
|    window_cost             | 1           |
|    window_route_completion | 0.0694      |
|    window_success          | 0           |
| paper/                     |             |
|    accel_variation         | 0.151       |
|    base_reward             | -8.03       |
|    collision               | 0           |
|    crash_object            | 0           |
|    crash_vehicle           | 0           |
|    episode_cost            | 1           |
|    episode_length          | 45          |
|    jerk                    | 0.168       |
|    lane_deviation          | 0.504       |
|    max_lane_deviation      | 1.3         |
|    mean_speed_kmh          | 12.6        |
|    min_ttc                 | nan         |
|    out_of_road             | 1           |
|    route_completion        | 0.0725      |
|    shaped_reward           | -140        |
|    steering_variation      | 0.0605      |
|    success                 | 0           |
|    ttc_risk                | 0           |
| rollout/                   |             |
|    ep_len_mean             | 43.6        |
|    ep_rew_mean             | -148        |
|    success_rate            | 0           |
| time/                      |             |
|    fps                     | 155         |
|    iterations              | 223         |
|    time_elapsed            | 2945        |
|    total_timesteps         | 456704      |
| train/                     |             |
|    approx_kl               | 0.008860805 |
|    clip_fraction           | 0.0551      |
|    clip_range              | 0.2         |
|    entropy_loss            | -1.91       |
|    explained_variance      | 0.866       |
|    learning_rate           | 0.0003      |
|    loss                    | 11.9        |
|    n_updates               | 2220        |
|    policy_gradient_loss    | -0.00037    |
|    std                     | 0.639       |
|    value_loss              | 81.6        |
--------------------------------------------
---------------------------------------------
| curriculum/                |              |
|    stage                   | 0            |
|    window_cost             | 1            |
|    window_route_completion | 0.0691       |
|    window_success          | 0            |
| paper/                     |              |
|    accel_variation         | 0.128        |
|    base_reward             | -8.17        |
|    collision               | 0            |
|    crash_object            | 0            |
|    crash_vehicle           | 0            |
|    episode_cost            | 1            |
|    episode_length          | 46           |
|    jerk                    | 0.15         |
|    lane_deviation          | 0.339        |
|    max_lane_deviation      | 0.937        |
|    mean_speed_kmh          | 13           |
|    min_ttc                 | nan          |
|    out_of_road             | 1            |
|    route_completion        | 0.0744       |
|    shaped_reward           | -136         |
|    steering_variation      | 0.117        |
|    success                 | 0            |
|    ttc_risk                | 0            |
| rollout/                   |              |
|    ep_len_mean             | 44.2         |
|    ep_rew_mean             | -147         |
|    success_rate            | 0            |
| time/                      |              |
|    fps                     | 154          |
|    iterations              | 224          |
|    time_elapsed            | 2960         |
|    total_timesteps         | 458752       |
| train/                     |              |
|    approx_kl               | 0.0036085995 |
|    clip_fraction           | 0.0113       |
|    clip_range              | 0.2          |
|    entropy_loss            | -1.91        |
|    explained_variance      | 0.796        |
|    learning_rate           | 0.0003       |
|    loss                    | 6.31         |
|    n_updates               | 2230         |
|    policy_gradient_loss    | -0.000238    |
|    std                     | 0.641        |
|    value_loss              | 33.2         |
---------------------------------------------
---------------------------------------------
| curriculum/                |              |
|    stage                   | 0            |
|    window_cost             | 1            |
|    window_route_completion | 0.0689       |
|    window_success          | 0            |
| paper/                     |              |
|    accel_variation         | 0.186        |
|    base_reward             | -8.15        |
|    collision               | 0            |
|    crash_object            | 0            |
|    crash_vehicle           | 0            |
|    episode_cost            | 1            |
|    episode_length          | 48           |
|    jerk                    | 0.23         |
|    lane_deviation          | 0.692        |
|    max_lane_deviation      | 2            |
|    mean_speed_kmh          | 13           |
|    min_ttc                 | nan          |
|    out_of_road             | 1            |
|    route_completion        | 0.0687       |
|    shaped_reward           | -153         |
|    steering_variation      | 0.0913       |
|    success                 | 0            |
|    ttc_risk                | 0            |
| rollout/                   |              |
|    ep_len_mean             | 45.3         |
|    ep_rew_mean             | -146         |
|    success_rate            | 0            |
| time/                      |              |
|    fps                     | 154          |
|    iterations              | 225          |
|    time_elapsed            | 2975         |
|    total_timesteps         | 460800       |
| train/                     |              |
|    approx_kl               | 0.0029452285 |
|    clip_fraction           | 0.037        |
|    clip_range              | 0.2          |
|    entropy_loss            | -1.91        |
|    explained_variance      | 0.831        |
|    learning_rate           | 0.0003       |
|    loss                    | 7.03         |
|    n_updates               | 2240         |
|    policy_gradient_loss    | -0.00108     |
|    std                     | 0.641        |
|    value_loss              | 20.1         |
---------------------------------------------
---------------------------------------------
| curriculum/                |              |
|    stage                   | 0            |
|    window_cost             | 1            |
|    window_route_completion | 0.0659       |
|    window_success          | 0            |
| paper/                     |              |
|    accel_variation         | 0.345        |
|    base_reward             | -8.18        |
|    collision               | 0            |
|    crash_object            | 0            |
|    crash_vehicle           | 0            |
|    episode_cost            | 1            |
|    episode_length          | 52           |
|    jerk                    | 0.32         |
|    lane_deviation          | 0.977        |
|    max_lane_deviation      | 2            |
|    mean_speed_kmh          | 10.6         |
|    min_ttc                 | nan          |
|    out_of_road             | 1            |
|    route_completion        | 0.077        |
|    shaped_reward           | -171         |
|    steering_variation      | 0.074        |
|    success                 | 0            |
|    ttc_risk                | 0            |
| rollout/                   |              |
|    ep_len_mean             | 45.6         |
|    ep_rew_mean             | -148         |
|    success_rate            | 0            |
| time/                      |              |
|    fps                     | 154          |
|    iterations              | 226          |
|    time_elapsed            | 2989         |
|    total_timesteps         | 462848       |
| train/                     |              |
|    approx_kl               | 0.0040561985 |
|    clip_fraction           | 0.114        |
|    clip_range              | 0.2          |
|    entropy_loss            | -1.92        |
|    explained_variance      | 0.891        |
|    learning_rate           | 0.0003       |
|    loss                    | 5.93         |
|    n_updates               | 2250         |
|    policy_gradient_loss    | 0.000724     |
|    std                     | 0.645        |
|    value_loss              | 13.7         |
---------------------------------------------
--------------------------------------------
| curriculum/                |             |
|    stage                   | 0           |
|    window_cost             | 1           |
|    window_route_completion | 0.0697      |
|    window_success          | 0           |
| paper/                     |             |
|    accel_variation         | 0.234       |
|    base_reward             | -8.08       |
|    collision               | 0           |
|    crash_object            | 0           |
|    crash_vehicle           | 0           |
|    episode_cost            | 1           |
|    episode_length          | 44          |
|    jerk                    | 0.222       |
|    lane_deviation          | 0.474       |
|    max_lane_deviation      | 0.979       |
|    mean_speed_kmh          | 12.9        |
|    min_ttc                 | nan         |
|    out_of_road             | 1           |
|    route_completion        | 0.0668      |
|    shaped_reward           | -139        |
|    steering_variation      | 0.0379      |
|    success                 | 0           |
|    ttc_risk                | 0           |
| rollout/                   |             |
|    ep_len_mean             | 46.3        |
|    ep_rew_mean             | -149        |
|    success_rate            | 0           |
| time/                      |             |
|    fps                     | 154         |
|    iterations              | 227         |
|    time_elapsed            | 3004        |
|    total_timesteps         | 464896      |
| train/                     |             |
|    approx_kl               | 0.003507256 |
|    clip_fraction           | 0.0607      |
|    clip_range              | 0.2         |
|    entropy_loss            | -1.93       |
|    explained_variance      | 0.889       |
|    learning_rate           | 0.0003      |
|    loss                    | 6.57        |
|    n_updates               | 2260        |
|    policy_gradient_loss    | 0.000534    |
|    std                     | 0.648       |
|    value_loss              | 15          |
--------------------------------------------
--------------------------------------------
| curriculum/                |             |
|    stage                   | 0           |
|    window_cost             | 1           |
|    window_route_completion | 0.0681      |
|    window_success          | 0           |
| paper/                     |             |
|    accel_variation         | 0.378       |
|    base_reward             | -8.32       |
|    collision               | 0           |
|    crash_object            | 0           |
|    crash_vehicle           | 0           |
|    episode_cost            | 1           |
|    episode_length          | 51          |
|    jerk                    | 0.354       |
|    lane_deviation          | 0.625       |
|    max_lane_deviation      | 2           |
|    mean_speed_kmh          | 11.1        |
|    min_ttc                 | nan         |
|    out_of_road             | 1           |
|    route_completion        | 0.0712      |
|    shaped_reward           | -153        |
|    steering_variation      | 0.0532      |
|    success                 | 0           |
|    ttc_risk                | 0           |
| rollout/                   |             |
|    ep_len_mean             | 47.3        |
|    ep_rew_mean             | -148        |
|    success_rate            | 0           |
| time/                      |             |
|    fps                     | 154         |
|    iterations              | 228         |
|    time_elapsed            | 3018        |
|    total_timesteps         | 466944      |
| train/                     |             |
|    approx_kl               | 0.027086273 |
|    clip_fraction           | 0.114       |
|    clip_range              | 0.2         |
|    entropy_loss            | -1.93       |
|    explained_variance      | 0.922       |
|    learning_rate           | 0.0003      |
|    loss                    | 5.73        |
|    n_updates               | 2270        |
|    policy_gradient_loss    | 0.00348     |
|    std                     | 0.652       |
|    value_loss              | 11          |
--------------------------------------------
---------------------------------------------
| curriculum/                |              |
|    stage                   | 0            |
|    window_cost             | 1            |
|    window_route_completion | 0.0685       |
|    window_success          | 0            |
| paper/                     |              |
|    accel_variation         | 0.284        |
|    base_reward             | -8.24        |
|    collision               | 0            |
|    crash_object            | 0            |
|    crash_vehicle           | 0            |
|    episode_cost            | 1            |
|    episode_length          | 44           |
|    jerk                    | 0.228        |
|    lane_deviation          | 0.396        |
|    max_lane_deviation      | 0.946        |
|    mean_speed_kmh          | 12.9         |
|    min_ttc                 | nan          |
|    out_of_road             | 1            |
|    route_completion        | 0.0612       |
|    shaped_reward           | -138         |
|    steering_variation      | 0.0227       |
|    success                 | 0            |
|    ttc_risk                | 0            |
| rollout/                   |              |
|    ep_len_mean             | 48.8         |
|    ep_rew_mean             | -148         |
|    success_rate            | 0            |
| time/                      |              |
|    fps                     | 154          |
|    iterations              | 229          |
|    time_elapsed            | 3033         |
|    total_timesteps         | 468992       |
| train/                     |              |
|    approx_kl               | 0.0038323984 |
|    clip_fraction           | 0.104        |
|    clip_range              | 0.2          |
|    entropy_loss            | -1.94        |
|    explained_variance      | 0.93         |
|    learning_rate           | 0.0003       |
|    loss                    | 4.37         |
|    n_updates               | 2280         |
|    policy_gradient_loss    | -0.00401     |
|    std                     | 0.656        |
|    value_loss              | 8.97         |
---------------------------------------------
---------------------------------------------
| curriculum/                |              |
|    stage                   | 0            |
|    window_cost             | 1            |
|    window_route_completion | 0.0667       |
|    window_success          | 0            |
| paper/                     |              |
|    accel_variation         | 0.276        |
|    base_reward             | -8.04        |
|    collision               | 0            |
|    crash_object            | 0            |
|    crash_vehicle           | 0            |
|    episode_cost            | 1            |
|    episode_length          | 48           |
|    jerk                    | 0.242        |
|    lane_deviation          | 0.484        |
|    max_lane_deviation      | 1.2          |
|    mean_speed_kmh          | 11.8         |
|    min_ttc                 | nan          |
|    out_of_road             | 1            |
|    route_completion        | 0.0592       |
|    shaped_reward           | -141         |
|    steering_variation      | 0.0208       |
|    success                 | 0            |
|    ttc_risk                | 0            |
| rollout/                   |              |
|    ep_len_mean             | 50.4         |
|    ep_rew_mean             | -150         |
|    success_rate            | 0            |
| time/                      |              |
|    fps                     | 154          |
|    iterations              | 230          |
|    time_elapsed            | 3047         |
|    total_timesteps         | 471040       |
| train/                     |              |
|    approx_kl               | 0.0059788427 |
|    clip_fraction           | 0.101        |
|    clip_range              | 0.2          |
|    entropy_loss            | -1.95        |
|    explained_variance      | 0.9          |
|    learning_rate           | 0.0003       |
|    loss                    | 7.26         |
|    n_updates               | 2290         |
|    policy_gradient_loss    | -0.0043      |
|    std                     | 0.66         |
|    value_loss              | 14.6         |
---------------------------------------------
--------------------------------------------
| curriculum/                |             |
|    stage                   | 0           |
|    window_cost             | 1           |
|    window_route_completion | 0.0655      |
|    window_success          | 0           |
| paper/                     |             |
|    accel_variation         | 0.452       |
|    base_reward             | -8.14       |
|    collision               | 0           |
|    crash_object            | 0           |
|    crash_vehicle           | 0           |
|    episode_cost            | 1           |
|    episode_length          | 53          |
|    jerk                    | 0.381       |
|    lane_deviation          | 0.481       |
|    max_lane_deviation      | 1.2         |
|    mean_speed_kmh          | 10.2        |
|    min_ttc                 | nan         |
|    out_of_road             | 1           |
|    route_completion        | 0.0764      |
|    shaped_reward           | -141        |
|    steering_variation      | 0.0189      |
|    success                 | 0           |
|    ttc_risk                | 0           |
| rollout/                   |             |
|    ep_len_mean             | 53.8        |
|    ep_rew_mean             | -151        |
|    success_rate            | 0           |
| time/                      |             |
|    fps                     | 154         |
|    iterations              | 231         |
|    time_elapsed            | 3061        |
|    total_timesteps         | 473088      |
| train/                     |             |
|    approx_kl               | 0.011783228 |
|    clip_fraction           | 0.149       |
|    clip_range              | 0.2         |
|    entropy_loss            | -1.96       |
|    explained_variance      | 0.919       |
|    learning_rate           | 0.0003      |
|    loss                    | 6.57        |
|    n_updates               | 2300        |
|    policy_gradient_loss    | -0.00494    |
|    std                     | 0.66        |
|    value_loss              | 13          |
--------------------------------------------
--------------------------------------------
| curriculum/                |             |
|    stage                   | 0           |
|    window_cost             | 1           |
|    window_route_completion | 0.0663      |
|    window_success          | 0           |
| paper/                     |             |
|    accel_variation         | 0.563       |
|    base_reward             | -11.5       |
|    collision               | 0           |
|    crash_object            | 0           |
|    crash_vehicle           | 0           |
|    episode_cost            | 1           |
|    episode_length          | 89          |
|    jerk                    | 0.507       |
|    lane_deviation          | 0.355       |
|    max_lane_deviation      | 0.998       |
|    mean_speed_kmh          | 6.22        |
|    min_ttc                 | nan         |
|    out_of_road             | 1           |
|    route_completion        | 0.0671      |
|    shaped_reward           | -148        |
|    steering_variation      | 0.0112      |
|    success                 | 0           |
|    ttc_risk                | 0           |
| rollout/                   |             |
|    ep_len_mean             | 61.4        |
|    ep_rew_mean             | -153        |
|    success_rate            | 0           |
| time/                      |             |
|    fps                     | 154         |
|    iterations              | 232         |
|    time_elapsed            | 3074        |
|    total_timesteps         | 475136      |
| train/                     |             |
|    approx_kl               | 0.010445754 |
|    clip_fraction           | 0.166       |
|    clip_range              | 0.2         |
|    entropy_loss            | -1.96       |
|    explained_variance      | 0.927       |
|    learning_rate           | 0.0003      |
|    loss                    | 6.7         |
|    n_updates               | 2310        |
|    policy_gradient_loss    | -0.0131     |
|    std                     | 0.661       |
|    value_loss              | 14.2        |
--------------------------------------------
--------------------------------------------
| curriculum/                |             |
|    stage                   | 0           |
|    window_cost             | 1           |
|    window_route_completion | 0.0659      |
|    window_success          | 0           |
| paper/                     |             |
|    accel_variation         | 0.492       |
|    base_reward             | -8.53       |
|    collision               | 0           |
|    crash_object            | 0           |
|    crash_vehicle           | 0           |
|    episode_cost            | 1           |
|    episode_length          | 66          |
|    jerk                    | 0.424       |
|    lane_deviation          | 0.416       |
|    max_lane_deviation      | 0.979       |
|    mean_speed_kmh          | 8.06        |
|    min_ttc                 | nan         |
|    out_of_road             | 1           |
|    route_completion        | 0.06        |
|    shaped_reward           | -142        |
|    steering_variation      | 0.0614      |
|    success                 | 0           |
|    ttc_risk                | 0           |
| rollout/                   |             |
|    ep_len_mean             | 69.9        |
|    ep_rew_mean             | -156        |
|    success_rate            | 0           |
| time/                      |             |
|    fps                     | 154         |
|    iterations              | 233         |
|    time_elapsed            | 3085        |
|    total_timesteps         | 477184      |
| train/                     |             |
|    approx_kl               | 0.013879789 |
|    clip_fraction           | 0.128       |
|    clip_range              | 0.2         |
|    entropy_loss            | -1.97       |
|    explained_variance      | 0.87        |
|    learning_rate           | 0.0003      |
|    loss                    | 8.8         |
|    n_updates               | 2320        |
|    policy_gradient_loss    | -0.00639    |
|    std                     | 0.667       |
|    value_loss              | 20.7        |
--------------------------------------------
---------------------------------------------
| curriculum/                |              |
|    stage                   | 0            |
|    window_cost             | 1            |
|    window_route_completion | 0.0642       |
|    window_success          | 0            |
| paper/                     |              |
|    accel_variation         | 0.512        |
|    base_reward             | -8.99        |
|    collision               | 0            |
|    crash_object            | 0            |
|    crash_vehicle           | 0            |
|    episode_cost            | 1            |
|    episode_length          | 80           |
|    jerk                    | 0.414        |
|    lane_deviation          | 0.48         |
|    max_lane_deviation      | 1.3          |
|    mean_speed_kmh          | 6.48         |
|    min_ttc                 | nan          |
|    out_of_road             | 1            |
|    route_completion        | 0.0621       |
|    shaped_reward           | -152         |
|    steering_variation      | 0.0167       |
|    success                 | 0            |
|    ttc_risk                | 0            |
| rollout/                   |              |
|    ep_len_mean             | 81.1         |
|    ep_rew_mean             | -158         |
|    success_rate            | 0            |
| time/                      |              |
|    fps                     | 154          |
|    iterations              | 234          |
|    time_elapsed            | 3097         |
|    total_timesteps         | 479232       |
| train/                     |              |
|    approx_kl               | 0.0056978147 |
|    clip_fraction           | 0.138        |
|    clip_range              | 0.2          |
|    entropy_loss            | -1.98        |
|    explained_variance      | 0.848        |
|    learning_rate           | 0.0003       |
|    loss                    | 15.1         |
|    n_updates               | 2330         |
|    policy_gradient_loss    | -0.00554     |
|    std                     | 0.667        |
|    value_loss              | 34           |
---------------------------------------------
--------------------------------------------
| curriculum/                |             |
|    stage                   | 0           |
|    window_cost             | 0.933       |
|    window_route_completion | 0.0637      |
|    window_success          | 0           |
| paper/                     |             |
|    accel_variation         | 0.642       |
|    base_reward             | -8.31       |
|    collision               | 0           |
|    crash_object            | 0           |
|    crash_vehicle           | 0           |
|    episode_cost            | 1           |
|    episode_length          | 120         |
|    jerk                    | 0.569       |
|    lane_deviation          | 0.315       |
|    max_lane_deviation      | 0.957       |
|    mean_speed_kmh          | 4.39        |
|    min_ttc                 | nan         |
|    out_of_road             | 1           |
|    route_completion        | 0.0688      |
|    shaped_reward           | -150        |
|    steering_variation      | 0.0119      |
|    success                 | 0           |
|    ttc_risk                | 0           |
| rollout/                   |             |
|    ep_len_mean             | 97.3        |
|    ep_rew_mean             | -160        |
|    success_rate            | 0           |
| time/                      |             |
|    fps                     | 154         |
|    iterations              | 235         |
|    time_elapsed            | 3109        |
|    total_timesteps         | 481280      |
| train/                     |             |
|    approx_kl               | 0.011415765 |
|    clip_fraction           | 0.163       |
|    clip_range              | 0.2         |
|    entropy_loss            | -1.98       |
|    explained_variance      | 0.828       |
|    learning_rate           | 0.0003      |
|    loss                    | 20.6        |
|    n_updates               | 2340        |
|    policy_gradient_loss    | -0.0141     |
|    std                     | 0.668       |
|    value_loss              | 43.3        |
--------------------------------------------
--------------------------------------------
| curriculum/                |             |
|    stage                   | 0           |
|    window_cost             | 0.833       |
|    window_route_completion | 0.0647      |
|    window_success          | 0           |
| paper/                     |             |
|    accel_variation         | 0.715       |
|    base_reward             | 3.76        |
|    collision               | 0           |
|    crash_object            | 0           |
|    crash_vehicle           | 0           |
|    episode_cost            | 0           |
|    episode_length          | 600         |
|    jerk                    | 0.602       |
|    lane_deviation          | 0.553       |
|    max_lane_deviation      | 2           |
|    mean_speed_kmh          | 1.65        |
|    min_ttc                 | nan         |
|    out_of_road             | 0           |
|    route_completion        | 0.0701      |
|    shaped_reward           | -267        |
|    steering_variation      | 0.00182     |
|    success                 | 0           |
|    ttc_risk                | 0           |
| rollout/                   |             |
|    ep_len_mean             | 115         |
|    ep_rew_mean             | -166        |
|    success_rate            | 0           |
| time/                      |             |
|    fps                     | 154         |
|    iterations              | 236         |
|    time_elapsed            | 3121        |
|    total_timesteps         | 483328      |
| train/                     |             |
|    approx_kl               | 0.014390299 |
|    clip_fraction           | 0.145       |
|    clip_range              | 0.2         |
|    entropy_loss            | -1.98       |
|    explained_variance      | 0.813       |
|    learning_rate           | 0.0003      |
|    loss                    | 14.5        |
|    n_updates               | 2350        |
|    policy_gradient_loss    | -0.00716    |
|    std                     | 0.668       |
|    value_loss              | 44.6        |
--------------------------------------------
---------------------------------------------
| curriculum/                |              |
|    stage                   | 0            |
|    window_cost             | 0.767        |
|    window_route_completion | 0.0658       |
|    window_success          | 0            |
| paper/                     |              |
|    accel_variation         | 0.675        |
|    base_reward             | -8.22        |
|    collision               | 0            |
|    crash_object            | 0            |
|    crash_vehicle           | 0            |
|    episode_cost            | 1            |
|    episode_length          | 316          |
|    jerk                    | 0.53         |
|    lane_deviation          | 0.881        |
|    max_lane_deviation      | 2            |
|    mean_speed_kmh          | 1.84         |
|    min_ttc                 | nan          |
|    out_of_road             | 1            |
|    route_completion        | 0.0785       |
|    shaped_reward           | -345         |
|    steering_variation      | 0.0246       |
|    success                 | 0            |
|    ttc_risk                | 0            |
| rollout/                   |              |
|    ep_len_mean             | 129          |
|    ep_rew_mean             | -170         |
|    success_rate            | 0            |
| time/                      |              |
|    fps                     | 154          |
|    iterations              | 237          |
|    time_elapsed            | 3132         |
|    total_timesteps         | 485376       |
| train/                     |              |
|    approx_kl               | 0.0051099556 |
|    clip_fraction           | 0.0297       |
|    clip_range              | 0.2          |
|    entropy_loss            | -1.98        |
|    explained_variance      | 0.579        |
|    learning_rate           | 0.0003       |
|    loss                    | 21.2         |
|    n_updates               | 2360         |
|    policy_gradient_loss    | -0.000468    |
|    std                     | 0.668        |
|    value_loss              | 65.1         |
---------------------------------------------
---------------------------------------------
| curriculum/                |              |
|    stage                   | 0            |
|    window_cost             | 0.667        |
|    window_route_completion | 0.0667       |
|    window_success          | 0            |
| paper/                     |              |
|    accel_variation         | 0.725        |
|    base_reward             | 3.36         |
|    collision               | 0            |
|    crash_object            | 0            |
|    crash_vehicle           | 0            |
|    episode_cost            | 0            |
|    episode_length          | 600          |
|    jerk                    | 0.562        |
|    lane_deviation          | 0.397        |
|    max_lane_deviation      | 2            |
|    mean_speed_kmh          | 1.34         |
|    min_ttc                 | nan          |
|    out_of_road             | 0            |
|    route_completion        | 0.0617       |
|    shaped_reward           | -159         |
|    steering_variation      | 0.0104       |
|    success                 | 0            |
|    ttc_risk                | 0            |
| rollout/                   |              |
|    ep_len_mean             | 145          |
|    ep_rew_mean             | -171         |
|    success_rate            | 0            |
| time/                      |              |
|    fps                     | 155          |
|    iterations              | 238          |
|    time_elapsed            | 3143         |
|    total_timesteps         | 487424       |
| train/                     |              |
|    approx_kl               | 0.0062747546 |
|    clip_fraction           | 0.0708       |
|    clip_range              | 0.2          |
|    entropy_loss            | -1.97        |
|    explained_variance      | 0.77         |
|    learning_rate           | 0.0003       |
|    loss                    | 14.4         |
|    n_updates               | 2370         |
|    policy_gradient_loss    | -0.00178     |
|    std                     | 0.665        |
|    value_loss              | 39.5         |
---------------------------------------------
--------------------------------------------
| curriculum/                |             |
|    stage                   | 0           |
|    window_cost             | 0.533       |
|    window_route_completion | 0.0667      |
|    window_success          | 0           |
| paper/                     |             |
|    accel_variation         | 0.717       |
|    base_reward             | 1.61        |
|    collision               | 0           |
|    crash_object            | 0           |
|    crash_vehicle           | 0           |
|    episode_cost            | 0           |
|    episode_length          | 600         |
|    jerk                    | 0.518       |
|    lane_deviation          | 0.573       |
|    max_lane_deviation      | 2           |
|    mean_speed_kmh          | 0.818       |
|    min_ttc                 | nan         |
|    out_of_road             | 0           |
|    route_completion        | 0.0607      |
|    shaped_reward           | -297        |
|    steering_variation      | 0.0192      |
|    success                 | 0           |
|    ttc_risk                | 0           |
| rollout/                   |             |
|    ep_len_mean             | 166         |
|    ep_rew_mean             | -174        |
|    success_rate            | 0           |
| time/                      |             |
|    fps                     | 155         |
|    iterations              | 239         |
|    time_elapsed            | 3155        |
|    total_timesteps         | 489472      |
| train/                     |             |
|    approx_kl               | 0.014872421 |
|    clip_fraction           | 0.0684      |
|    clip_range              | 0.2         |
|    entropy_loss            | -1.97       |
|    explained_variance      | 0.87        |
|    learning_rate           | 0.0003      |
|    loss                    | 3.76        |
|    n_updates               | 2380        |
|    policy_gradient_loss    | -0.00143    |
|    std                     | 0.665       |
|    value_loss              | 13.1        |
--------------------------------------------
---------------------------------------------
| curriculum/                |              |
|    stage                   | 0            |
|    window_cost             | 0.433        |
|    window_route_completion | 0.0678       |
|    window_success          | 0            |
| paper/                     |              |
|    accel_variation         | 0.72         |
|    base_reward             | 1.56         |
|    collision               | 0            |
|    crash_object            | 0            |
|    crash_vehicle           | 0            |
|    episode_cost            | 0            |
|    episode_length          | 600          |
|    jerk                    | 0.557        |
|    lane_deviation          | 0.738        |
|    max_lane_deviation      | 2            |
|    mean_speed_kmh          | 0.639        |
|    min_ttc                 | nan          |
|    out_of_road             | 0            |
|    route_completion        | 0.0693       |
|    shaped_reward           | -371         |
|    steering_variation      | 0.0184       |
|    success                 | 0            |
|    ttc_risk                | 0            |
| rollout/                   |              |
|    ep_len_mean             | 183          |
|    ep_rew_mean             | -178         |
|    success_rate            | 0            |
| time/                      |              |
|    fps                     | 155          |
|    iterations              | 240          |
|    time_elapsed            | 3166         |
|    total_timesteps         | 491520       |
| train/                     |              |
|    approx_kl               | 0.0034594568 |
|    clip_fraction           | 0.132        |
|    clip_range              | 0.2          |
|    entropy_loss            | -1.97        |
|    explained_variance      | 0.743        |
|    learning_rate           | 0.0003       |
|    loss                    | 5.51         |
|    n_updates               | 2390         |
|    policy_gradient_loss    | 0.00308      |
|    std                     | 0.666        |
|    value_loss              | 23.2         |
---------------------------------------------
---------------------------------------------
| curriculum/                |              |
|    stage                   | 0            |
|    window_cost             | 0.333        |
|    window_route_completion | 0.0669       |
|    window_success          | 0            |
| paper/                     |              |
|    accel_variation         | 0.752        |
|    base_reward             | 1.31         |
|    collision               | 0            |
|    crash_object            | 0            |
|    crash_vehicle           | 0            |
|    episode_cost            | 0            |
|    episode_length          | 600          |
|    jerk                    | 0.591        |
|    lane_deviation          | 0.275        |
|    max_lane_deviation      | 0.608        |
|    mean_speed_kmh          | 0.412        |
|    min_ttc                 | nan          |
|    out_of_road             | 0            |
|    route_completion        | 0.0549       |
|    shaped_reward           | -125         |
|    steering_variation      | 0.00268      |
|    success                 | 0            |
|    ttc_risk                | 0            |
| rollout/                   |              |
|    ep_len_mean             | 204          |
|    ep_rew_mean             | -178         |
|    success_rate            | 0            |
| time/                      |              |
|    fps                     | 155          |
|    iterations              | 241          |
|    time_elapsed            | 3177         |
|    total_timesteps         | 493568       |
| train/                     |              |
|    approx_kl               | 0.0087410305 |
|    clip_fraction           | 0.0782       |
|    clip_range              | 0.2          |
|    entropy_loss            | -1.97        |
|    explained_variance      | 0.883        |
|    learning_rate           | 0.0003       |
|    loss                    | 7.29         |
|    n_updates               | 2400         |
|    policy_gradient_loss    | -0.00366     |
|    std                     | 0.666        |
|    value_loss              | 18.4         |
---------------------------------------------
--------------------------------------------
| curriculum/                |             |
|    stage                   | 0           |
|    window_cost             | 0.267       |
|    window_route_completion | 0.0665      |
|    window_success          | 0           |
| paper/                     |             |
|    accel_variation         | 0.739       |
|    base_reward             | 1.51        |
|    collision               | 0           |
|    crash_object            | 0           |
|    crash_vehicle           | 0           |
|    episode_cost            | 0           |
|    episode_length          | 600         |
|    jerk                    | 0.584       |
|    lane_deviation          | 0.277       |
|    max_lane_deviation      | 0.711       |
|    mean_speed_kmh          | 0.468       |
|    min_ttc                 | nan         |
|    out_of_road             | 0           |
|    route_completion        | 0.0718      |
|    shaped_reward           | -125        |
|    steering_variation      | 0.00294     |
|    success                 | 0           |
|    ttc_risk                | 0           |
| rollout/                   |             |
|    ep_len_mean             | 220         |
|    ep_rew_mean             | -179        |
|    success_rate            | 0           |
| time/                      |             |
|    fps                     | 155         |
|    iterations              | 242         |
|    time_elapsed            | 3188        |
|    total_timesteps         | 495616      |
| train/                     |             |
|    approx_kl               | 0.015581751 |
|    clip_fraction           | 0.112       |
|    clip_range              | 0.2         |
|    entropy_loss            | -1.97       |
|    explained_variance      | 0.929       |
|    learning_rate           | 0.0003      |
|    loss                    | 3.79        |
|    n_updates               | 2410        |
|    policy_gradient_loss    | 8.05e-05    |
|    std                     | 0.666       |
|    value_loss              | 9.6         |
--------------------------------------------
---------------------------------------------
| curriculum/                |              |
|    stage                   | 0            |
|    window_cost             | 0.167        |
|    window_route_completion | 0.0662       |
|    window_success          | 0            |
| paper/                     |              |
|    accel_variation         | 0.723        |
|    base_reward             | 1.04         |
|    collision               | 0            |
|    crash_object            | 0            |
|    crash_vehicle           | 0            |
|    episode_cost            | 0            |
|    episode_length          | 600          |
|    jerk                    | 0.528        |
|    lane_deviation          | 0.0847       |
|    max_lane_deviation      | 0.311        |
|    mean_speed_kmh          | 0.397        |
|    min_ttc                 | nan          |
|    out_of_road             | 0            |
|    route_completion        | 0.0642       |
|    shaped_reward           | -96.1        |
|    steering_variation      | 0.00227      |
|    success                 | 0            |
|    ttc_risk                | 0            |
| rollout/                   |              |
|    ep_len_mean             | 236          |
|    ep_rew_mean             | -178         |
|    success_rate            | 0            |
| time/                      |              |
|    fps                     | 155          |
|    iterations              | 243          |
|    time_elapsed            | 3200         |
|    total_timesteps         | 497664       |
| train/                     |              |
|    approx_kl               | 0.0015029276 |
|    clip_fraction           | 0.197        |
|    clip_range              | 0.2          |
|    entropy_loss            | -1.97        |
|    explained_variance      | 0.954        |
|    learning_rate           | 0.0003       |
|    loss                    | 5.23         |
|    n_updates               | 2420         |
|    policy_gradient_loss    | 0.00187      |
|    std                     | 0.668        |
|    value_loss              | 12.2         |
---------------------------------------------
-------------------------------------------
| curriculum/                |            |
|    stage                   | 0          |
|    window_cost             | 0.0333     |
|    window_route_completion | 0.0637     |
|    window_success          | 0          |
| paper/                     |            |
|    accel_variation         | 0.651      |
|    base_reward             | -0.795     |
|    collision               | 0          |
|    crash_object            | 0          |
|    crash_vehicle           | 0          |
|    episode_cost            | 0          |
|    episode_length          | 600        |
|    jerk                    | 0.49       |
|    lane_deviation          | 0.0673     |
|    max_lane_deviation      | 0.102      |
|    mean_speed_kmh          | 0.225      |
|    min_ttc                 | nan        |
|    out_of_road             | 0          |
|    route_completion        | 0.046      |
|    shaped_reward           | -94.2      |
|    steering_variation      | 0.0031     |
|    success                 | 0          |
|    ttc_risk                | 0          |
| rollout/                   |            |
|    ep_len_mean             | 258        |
|    ep_rew_mean             | -175       |
|    success_rate            | 0          |
| time/                      |            |
|    fps                     | 155        |
|    iterations              | 244        |
|    time_elapsed            | 3211       |
|    total_timesteps         | 499712     |
| train/                     |            |
|    approx_kl               | 0.09171675 |
|    clip_fraction           | 0.38       |
|    clip_range              | 0.2        |
|    entropy_loss            | -1.97      |
|    explained_variance      | 0.912      |
|    learning_rate           | 0.0003     |
|    loss                    | 0.303      |
|    n_updates               | 2430       |
|    policy_gradient_loss    | 0.021      |
|    std                     | 0.662      |
|    value_loss              | 1.48       |
-------------------------------------------
--------------------------------------------
| curriculum/                |             |
|    stage                   | 0           |
|    window_cost             | 0.0333      |
|    window_route_completion | 0.0604      |
|    window_success          | 0           |
| paper/                     |             |
|    accel_variation         | 0.607       |
|    base_reward             | -0.767      |
|    collision               | 0           |
|    crash_object            | 0           |
|    crash_vehicle           | 0           |
|    episode_cost            | 0           |
|    episode_length          | 600         |
|    jerk                    | 0.474       |
|    lane_deviation          | 0.0646      |
|    max_lane_deviation      | 0.0856      |
|    mean_speed_kmh          | 0.241       |
|    min_ttc                 | nan         |
|    out_of_road             | 0           |
|    route_completion        | 0.0444      |
|    shaped_reward           | -93.6       |
|    steering_variation      | 0.00167     |
|    success                 | 0           |
|    ttc_risk                | 0           |
| rollout/                   |             |
|    ep_len_mean             | 273         |
|    ep_rew_mean             | -173        |
|    success_rate            | 0           |
| time/                      |             |
|    fps                     | 155         |
|    iterations              | 245         |
|    time_elapsed            | 3223        |
|    total_timesteps         | 501760      |
| train/                     |             |
|    approx_kl               | 0.006235768 |
|    clip_fraction           | 0.246       |
|    clip_range              | 0.2         |
|    entropy_loss            | -1.95       |
|    explained_variance      | 0.694       |
|    learning_rate           | 0.0003      |
|    loss                    | 0.0911      |
|    n_updates               | 2440        |
|    policy_gradient_loss    | 0.0111      |
|    std                     | 0.656       |
|    value_loss              | 0.724       |
--------------------------------------------
--------------------------------------------
| curriculum/                |             |
|    stage                   | 0           |
|    window_cost             | 0           |
|    window_route_completion | 0.0578      |
|    window_success          | 0           |
| paper/                     |             |
|    accel_variation         | 0.543       |
|    base_reward             | -0.591      |
|    collision               | 0           |
|    crash_object            | 0           |
|    crash_vehicle           | 0           |
|    episode_cost            | 0           |
|    episode_length          | 600         |
|    jerk                    | 0.439       |
|    lane_deviation          | 0.0844      |
|    max_lane_deviation      | 0.14        |
|    mean_speed_kmh          | 0.18        |
|    min_ttc                 | nan         |
|    out_of_road             | 0           |
|    route_completion        | 0.0438      |
|    shaped_reward           | -94.6       |
|    steering_variation      | 0.00233     |
|    success                 | 0           |
|    ttc_risk                | 0           |
| rollout/                   |             |
|    ep_len_mean             | 295         |
|    ep_rew_mean             | -171        |
|    success_rate            | 0           |
| time/                      |             |
|    fps                     | 155         |
|    iterations              | 246         |
|    time_elapsed            | 3234        |
|    total_timesteps         | 503808      |
| train/                     |             |
|    approx_kl               | 0.018419966 |
|    clip_fraction           | 0.206       |
|    clip_range              | 0.2         |
|    entropy_loss            | -1.94       |
|    explained_variance      | 0.489       |
|    learning_rate           | 0.0003      |
|    loss                    | 0.0861      |
|    n_updates               | 2450        |
|    policy_gradient_loss    | 0.00401     |
|    std                     | 0.654       |
|    value_loss              | 0.606       |
--------------------------------------------
---------------------------------------------
| curriculum/                |              |
|    stage                   | 0            |
|    window_cost             | 0            |
|    window_route_completion | 0.0554       |
|    window_success          | 0            |
| paper/                     |              |
|    accel_variation         | 0.554        |
|    base_reward             | -0.544       |
|    collision               | 0            |
|    crash_object            | 0            |
|    crash_vehicle           | 0            |
|    episode_cost            | 0            |
|    episode_length          | 600          |
|    jerk                    | 0.453        |
|    lane_deviation          | 0.0502       |
|    max_lane_deviation      | 0.105        |
|    mean_speed_kmh          | 0.183        |
|    min_ttc                 | nan          |
|    out_of_road             | 0            |
|    route_completion        | 0.0473       |
|    shaped_reward           | -92.9        |
|    steering_variation      | 0.00167      |
|    success                 | 0            |
|    ttc_risk                | 0            |
| rollout/                   |              |
|    ep_len_mean             | 310          |
|    ep_rew_mean             | -169         |
|    success_rate            | 0            |
| time/                      |              |
|    fps                     | 155          |
|    iterations              | 247          |
|    time_elapsed            | 3245         |
|    total_timesteps         | 505856       |
| train/                     |              |
|    approx_kl               | 0.0156238135 |
|    clip_fraction           | 0.177        |
|    clip_range              | 0.2          |
|    entropy_loss            | -1.93        |
|    explained_variance      | 0.577        |
|    learning_rate           | 0.0003       |
|    loss                    | 0.0582       |
|    n_updates               | 2460         |
|    policy_gradient_loss    | 0.00343      |
|    std                     | 0.65         |
|    value_loss              | 0.476        |
---------------------------------------------
-------------------------------------------
| curriculum/                |            |
|    stage                   | 0          |
|    window_cost             | 0          |
|    window_route_completion | 0.0526     |
|    window_success          | 0          |
| paper/                     |            |
|    accel_variation         | 0.531      |
|    base_reward             | -0.98      |
|    collision               | 0          |
|    crash_object            | 0          |
|    crash_vehicle           | 0          |
|    episode_cost            | 0          |
|    episode_length          | 600        |
|    jerk                    | 0.435      |
|    lane_deviation          | 0.103      |
|    max_lane_deviation      | 0.131      |
|    mean_speed_kmh          | 0.202      |
|    min_ttc                 | nan        |
|    out_of_road             | 0          |
|    route_completion        | 0.047      |
|    shaped_reward           | -95.4      |
|    steering_variation      | 0.00167    |
|    success                 | 0          |
|    ttc_risk                | 0          |
| rollout/                   |            |
|    ep_len_mean             | 330        |
|    ep_rew_mean             | -166       |
|    success_rate            | 0          |
| time/                      |            |
|    fps                     | 155        |
|    iterations              | 248        |
|    time_elapsed            | 3257       |
|    total_timesteps         | 507904     |
| train/                     |            |
|    approx_kl               | 0.00904377 |
|    clip_fraction           | 0.11       |
|    clip_range              | 0.2        |
|    entropy_loss            | -1.92      |
|    explained_variance      | 0.571      |
|    learning_rate           | 0.0003     |
|    loss                    | 0.0415     |
|    n_updates               | 2470       |
|    policy_gradient_loss    | 0.00161    |
|    std                     | 0.636      |
|    value_loss              | 0.392      |
-------------------------------------------
---------------------------------------------
| curriculum/                |              |
|    stage                   | 0            |
|    window_cost             | 0            |
|    window_route_completion | 0.0504       |
|    window_success          | 0            |
| paper/                     |              |
|    accel_variation         | 0.528        |
|    base_reward             | -0.772       |
|    collision               | 0            |
|    crash_object            | 0            |
|    crash_vehicle           | 0            |
|    episode_cost            | 0            |
|    episode_length          | 600          |
|    jerk                    | 0.423        |
|    lane_deviation          | 0.0934       |
|    max_lane_deviation      | 0.133        |
|    mean_speed_kmh          | 0.183        |
|    min_ttc                 | nan          |
|    out_of_road             | 0            |
|    route_completion        | 0.0438       |
|    shaped_reward           | -95          |
|    steering_variation      | 0.00267      |
|    success                 | 0            |
|    ttc_risk                | 0            |
| rollout/                   |              |
|    ep_len_mean             | 346          |
|    ep_rew_mean             | -164         |
|    success_rate            | 0            |
| time/                      |              |
|    fps                     | 156          |
|    iterations              | 249          |
|    time_elapsed            | 3268         |
|    total_timesteps         | 509952       |
| train/                     |              |
|    approx_kl               | 0.0070027495 |
|    clip_fraction           | 0.0866       |
|    clip_range              | 0.2          |
|    entropy_loss            | -1.88        |
|    explained_variance      | 0.439        |
|    learning_rate           | 0.0003       |
|    loss                    | 0.0248       |
|    n_updates               | 2480         |
|    policy_gradient_loss    | 0.00232      |
|    std                     | 0.631        |
|    value_loss              | 0.216        |
---------------------------------------------
--------------------------------------------
| curriculum/                |             |
|    stage                   | 0           |
|    window_cost             | 0           |
|    window_route_completion | 0.0478      |
|    window_success          | 0           |
| paper/                     |             |
|    accel_variation         | 0.538       |
|    base_reward             | -0.414      |
|    collision               | 0           |
|    crash_object            | 0           |
|    crash_vehicle           | 0           |
|    episode_cost            | 0           |
|    episode_length          | 600         |
|    jerk                    | 0.442       |
|    lane_deviation          | 0.0487      |
|    max_lane_deviation      | 0.104       |
|    mean_speed_kmh          | 0.197       |
|    min_ttc                 | nan         |
|    out_of_road             | 0           |
|    route_completion        | 0.0419      |
|    shaped_reward           | -92.8       |
|    steering_variation      | 0.00167     |
|    success                 | 0           |
|    ttc_risk                | 0           |
| rollout/                   |             |
|    ep_len_mean             | 362         |
|    ep_rew_mean             | -162        |
|    success_rate            | 0           |
| time/                      |             |
|    fps                     | 156         |
|    iterations              | 250         |
|    time_elapsed            | 3279        |
|    total_timesteps         | 512000      |
| train/                     |             |
|    approx_kl               | 0.015955497 |
|    clip_fraction           | 0.154       |
|    clip_range              | 0.2         |
|    entropy_loss            | -1.87       |
|    explained_variance      | 0.473       |
|    learning_rate           | 0.0003      |
|    loss                    | 0.0256      |
|    n_updates               | 2490        |
|    policy_gradient_loss    | 0.00133     |
|    std                     | 0.63        |
|    value_loss              | 0.172       |
--------------------------------------------
--------------------------------------------
| curriculum/                |             |
|    stage                   | 0           |
|    window_cost             | 0           |
|    window_route_completion | 0.0462      |
|    window_success          | 0           |
| paper/                     |             |
|    accel_variation         | 0.578       |
|    base_reward             | -0.747      |
|    collision               | 0           |
|    crash_object            | 0           |
|    crash_vehicle           | 0           |
|    episode_cost            | 0           |
|    episode_length          | 600         |
|    jerk                    | 0.46        |
|    lane_deviation          | 0.0914      |
|    max_lane_deviation      | 0.16        |
|    mean_speed_kmh          | 0.204       |
|    min_ttc                 | nan         |
|    out_of_road             | 0           |
|    route_completion        | 0.0445      |
|    shaped_reward           | -95.6       |
|    steering_variation      | 0.00167     |
|    success                 | 0           |
|    ttc_risk                | 0           |
| rollout/                   |             |
|    ep_len_mean             | 383         |
|    ep_rew_mean             | -160        |
|    success_rate            | 0           |
| time/                      |             |
|    fps                     | 156         |
|    iterations              | 251         |
|    time_elapsed            | 3290        |
|    total_timesteps         | 514048      |
| train/                     |             |
|    approx_kl               | 0.015524508 |
|    clip_fraction           | 0.172       |
|    clip_range              | 0.2         |
|    entropy_loss            | -1.87       |
|    explained_variance      | 0.66        |
|    learning_rate           | 0.0003      |
|    loss                    | 0.0259      |
|    n_updates               | 2500        |
|    policy_gradient_loss    | 0.00394     |
|    std                     | 0.628       |
|    value_loss              | 0.114       |
--------------------------------------------
--------------------------------------------
| curriculum/                |             |
|    stage                   | 0           |
|    window_cost             | 0           |
|    window_route_completion | 0.0445      |
|    window_success          | 0           |
| paper/                     |             |
|    accel_variation         | 0.579       |
|    base_reward             | 0.371       |
|    collision               | 0           |
|    crash_object            | 0           |
|    crash_vehicle           | 0           |
|    episode_cost            | 0           |
|    episode_length          | 600         |
|    jerk                    | 0.477       |
|    lane_deviation          | 0.025       |
|    max_lane_deviation      | 0.0686      |
|    mean_speed_kmh          | 0.299       |
|    min_ttc                 | nan         |
|    out_of_road             | 0           |
|    route_completion        | 0.0409      |
|    shaped_reward           | -91.7       |
|    steering_variation      | 0.00335     |
|    success                 | 0           |
|    ttc_risk                | 0           |
| rollout/                   |             |
|    ep_len_mean             | 399         |
|    ep_rew_mean             | -158        |
|    success_rate            | 0           |
| time/                      |             |
|    fps                     | 156         |
|    iterations              | 252         |
|    time_elapsed            | 3302        |
|    total_timesteps         | 516096      |
| train/                     |             |
|    approx_kl               | 0.012655055 |
|    clip_fraction           | 0.117       |
|    clip_range              | 0.2         |
|    entropy_loss            | -1.86       |
|    explained_variance      | 0.918       |
|    learning_rate           | 0.0003      |
|    loss                    | -0.000633   |
|    n_updates               | 2510        |
|    policy_gradient_loss    | -0.00175    |
|    std                     | 0.63        |
|    value_loss              | 0.0905      |
--------------------------------------------
-------------------------------------------
| curriculum/                |            |
|    stage                   | 0          |
|    window_cost             | 0          |
|    window_route_completion | 0.0448     |
|    window_success          | 0          |
| paper/                     |            |
|    accel_variation         | 0.485      |
|    base_reward             | -0.307     |
|    collision               | 0          |
|    crash_object            | 0          |
|    crash_vehicle           | 0          |
|    episode_cost            | 0          |
|    episode_length          | 600        |
|    jerk                    | 0.435      |
|    lane_deviation          | 0.0422     |
|    max_lane_deviation      | 0.0849     |
|    mean_speed_kmh          | 0.183      |
|    min_ttc                 | nan        |
|    out_of_road             | 0          |
|    route_completion        | 0.0444     |
|    shaped_reward           | -92.1      |
|    steering_variation      | 0.00388    |
|    success                 | 0          |
|    ttc_risk                | 0          |
| rollout/                   |            |
|    ep_len_mean             | 420        |
|    ep_rew_mean             | -156       |
|    success_rate            | 0          |
| time/                      |            |
|    fps                     | 156        |
|    iterations              | 253        |
|    time_elapsed            | 3313       |
|    total_timesteps         | 518144     |
| train/                     |            |
|    approx_kl               | 0.01083312 |
|    clip_fraction           | 0.199      |
|    clip_range              | 0.2        |
|    entropy_loss            | -1.87      |
|    explained_variance      | 0.849      |
|    learning_rate           | 0.0003     |
|    loss                    | -0.00613   |
|    n_updates               | 2520       |
|    policy_gradient_loss    | 0.000387   |
|    std                     | 0.628      |
|    value_loss              | 0.0651     |
-------------------------------------------
--------------------------------------------
| curriculum/                |             |
|    stage                   | 0           |
|    window_cost             | 0           |
|    window_route_completion | 0.0447      |
|    window_success          | 0           |
| paper/                     |             |
|    accel_variation         | 0.46        |
|    base_reward             | -0.335      |
|    collision               | 0           |
|    crash_object            | 0           |
|    crash_vehicle           | 0           |
|    episode_cost            | 0           |
|    episode_length          | 600         |
|    jerk                    | 0.396       |
|    lane_deviation          | 0.0492      |
|    max_lane_deviation      | 0.0959      |
|    mean_speed_kmh          | 0.138       |
|    min_ttc                 | nan         |
|    out_of_road             | 0           |
|    route_completion        | 0.0445      |
|    shaped_reward           | -92.3       |
|    steering_variation      | 0.00376     |
|    success                 | 0           |
|    ttc_risk                | 0           |
| rollout/                   |             |
|    ep_len_mean             | 436         |
|    ep_rew_mean             | -154        |
|    success_rate            | 0           |
| time/                      |             |
|    fps                     | 156         |
|    iterations              | 254         |
|    time_elapsed            | 3324        |
|    total_timesteps         | 520192      |
| train/                     |             |
|    approx_kl               | 0.019959725 |
|    clip_fraction           | 0.283       |
|    clip_range              | 0.2         |
|    entropy_loss            | -1.85       |
|    explained_variance      | 0.899       |
|    learning_rate           | 0.0003      |
|    loss                    | 0.039       |
|    n_updates               | 2530        |
|    policy_gradient_loss    | 0.0179      |
|    std                     | 0.621       |
|    value_loss              | 0.0521      |
--------------------------------------------
